PdfType: replica
Format: lhagrid1
---
1.00000E-06 1.28121E-06 1.64152E-06 2.10317E-06 2.69463E-06 3.45242E-06 4.42329E-06 5.66715E-06 7.26076E-06 9.30241E-06 1.19180E-05 1.52689E-05 1.95617E-05 2.50609E-05 3.21053E-05 4.11287E-05 5.26863E-05 6.74889E-05 8.64459E-05 1.10720E-04 1.41800E-04 1.81585E-04 2.32503E-04 2.97652E-04 3.80981E-04 4.87518E-04 6.26039E-04 8.00452E-04 1.02297E-03 1.30657E-03 1.66759E-03 2.12729E-03 2.71054E-03 3.44865E-03 4.37927E-03 5.54908E-03 7.01192E-03 8.83064E-03 1.10763E-02 1.38266E-02 1.71641E-02 2.11717E-02 2.59364E-02 3.15062E-02 3.79623E-02 4.53425E-02 5.36750E-02 6.29705E-02 7.32221E-02 8.44039E-02 9.64793E-02 1.09332E-01 1.23067E-01 1.37507E-01 1.52639E-01 1.68416E-01 1.84794E-01 2.01731E-01 2.19016E-01 2.36948E-01 2.55242E-01 2.73927E-01 2.92954E-01 3.12340E-01 3.32036E-01 3.52019E-01 3.72282E-01 3.92772E-01 4.13533E-01 4.34326E-01 4.55495E-01 4.76836E-01 4.98342E-01 5.20006E-01 5.41818E-01 5.63773E-01 5.85861E-01 6.08077E-01 6.30459E-01 6.52800E-01 6.75387E-01 6.98063E-01 7.20830E-01 7.43683E-01 7.66623E-01 7.89636E-01 8.12791E-01 8.35940E-01 8.59175E-01 8.82485E-01 9.05866E-01 9.29311E-01 9.52817E-01 9.76387E-01 1.00000E+00 
1.14018E+00 1.22539E+00 1.32482E+00 1.44156E+00 1.57954E+00 1.74381E+00 1.94091E+00 2.12132E+00 2.17945E+00 2.49622E+00 2.89383E+00 3.39925E+00 4.05063E+00 4.90286E+00 6.03623E+00 7.57063E+00 9.68869E+00 1.26749E+01 1.69835E+01 2.33578E+01 3.30501E+01 4.82334E+01 7.28041E+01 1.13998E+02 1.85779E+02 3.16228E+02 
-5 -4 -3 -2 -1 1 2 3 4 5 21 
5.55120E-02 1.61132E-01 -3.88888E-02 1.62215E+00 1.62115E+00 1.62111E+00 1.62256E+00 -3.88899E-02 1.61132E-01 5.55120E-02 -1.15815E+00 
5.55120E-02 1.61132E-01 -1.52532E-02 1.63296E+00 1.63195E+00 1.63191E+00 1.63340E+00 -1.52541E-02 1.61132E-01 5.55120E-02 -4.18536E-01 
5.55120E-02 1.71102E-02 2.09885E-02 1.65642E+00 1.65539E+00 1.65536E+00 1.65689E+00 2.09876E-02 1.71102E-02 5.55120E-02 5.24970E-01 
5.55120E-02 6.80617E-02 7.19368E-02 1.69460E+00 1.69356E+00 1.69353E+00 1.69511E+00 7.19359E-02 6.80617E-02 5.55120E-02 1.70578E+00 
5.55120E-02 1.37179E-01 1.41051E-01 1.75082E+00 1.74976E+00 1.74975E+00 1.75137E+00 1.41050E-01 1.37179E-01 5.55120E-02 3.23581E+00 
5.55120E-02 2.27735E-01 2.31605E-01 1.82836E+00 1.82729E+00 1.82729E+00 1.82895E+00 2.31604E-01 2.27735E-01 5.55120E-02 5.21219E+00 
5.55120E-02 3.43450E-01 3.47318E-01 1.93096E+00 1.92987E+00 1.92988E+00 1.93159E+00 3.47317E-01 3.43450E-01 5.55120E-02 7.75344E+00 
5.55120E-02 4.52901E-01 4.56768E-01 2.03019E+00 2.02910E+00 2.02912E+00 2.03086E+00 4.56767E-01 4.52901E-01 5.55120E-02 1.01969E+01 
5.55120E-02 4.88533E-01 4.92400E-01 2.06283E+00 2.06173E+00 2.06175E+00 2.06351E+00 4.92399E-01 4.88533E-01 5.55120E-02 1.10022E+01 
5.55120E-02 6.83378E-01 6.87244E-01 2.24335E+00 2.24223E+00 2.24226E+00 2.24407E+00 6.87243E-01 6.83378E-01 5.55120E-02 1.54936E+01 
5.55120E-02 9.24753E-01 9.28618E-01 2.47031E+00 2.46918E+00 2.46923E+00 2.47109E+00 9.28617E-01 9.24753E-01 5.55120E-02 2.12579E+01 
5.55120E-02 1.22048E+00 1.22434E+00 2.75156E+00 2.75041E+00 2.75047E+00 2.75240E+00 1.22434E+00 1.22048E+00 5.55120E-02 2.85928E+01 
5.55120E-02 1.57948E+00 1.58335E+00 3.09604E+00 3.09487E+00 3.09495E+00 3.09693E+00 1.58335E+00 1.57948E+00 5.55120E-02 3.78454E+01 
3.31743E-01 1.96809E+00 1.97196E+00 3.47022E+00 3.46903E+00 3.46913E+00 3.47117E+00 1.97196E+00 1.96809E+00 3.31743E-01 4.93378E+01 
8.12286E-01 2.43471E+00 2.43858E+00 3.92231E+00 3.92110E+00 3.92122E+00 3.92333E+00 2.43858E+00 2.43471E+00 8.12286E-01 6.34817E+01 
1.39477E+00 3.00314E+00 3.00701E+00 4.47609E+00 4.47486E+00 4.47499E+00 4.47717E+00 3.00701E+00 3.00314E+00 1.39477E+00 8.07974E+01 
2.09585E+00 3.69004E+00 3.69392E+00 5.14824E+00 5.14699E+00 5.14714E+00 5.14939E+00 3.69392E+00 3.69004E+00 2.09585E+00 1.01869E+02 
2.93444E+00 4.51434E+00 4.51823E+00 5.95771E+00 5.95644E+00 5.95662E+00 5.95894E+00 4.51823E+00 4.51434E+00 2.93444E+00 1.27355E+02 
3.93194E+00 5.49747E+00 5.50136E+00 6.92593E+00 6.92464E+00 6.92484E+00 6.92723E+00 5.50136E+00 5.49747E+00 3.93194E+00 1.57988E+02 
5.11245E+00 6.66352E+00 6.66742E+00 8.07703E+00 8.07571E+00 8.07594E+00 8.07841E+00 6.66742E+00 6.66352E+00 5.11245E+00 1.94582E+02 
6.50301E+00 8.03956E+00 8.04347E+00 9.43807E+00 9.43673E+00 9.43699E+00 9.43954E+00 8.04347E+00 8.03956E+00 6.50301E+00 2.38024E+02 
8.13381E+00 9.65579E+00 9.65972E+00 1.10393E+01 1.10379E+01 1.10382E+01 1.10408E+01 9.65972E+00 9.65579E+00 8.13381E+00 2.89278E+02 
1.00384E+01 1.15458E+01 1.15497E+01 1.29143E+01 1.29129E+01 1.29132E+01 1.29159E+01 1.15497E+01 1.15458E+01 1.00384E+01 3.49383E+02 
1.22539E+01 1.37466E+01 1.37506E+01 1.51001E+01 1.50986E+01 1.50990E+01 1.51018E+01 1.37506E+01 1.37466E+01 1.22539E+01 4.19440E+02 
1.48210E+01 1.62991E+01 1.63031E+01 1.76375E+01 1.76361E+01 1.76364E+01 1.76393E+01 1.63031E+01 1.62991E+01 1.48210E+01 5.00617E+02 
1.77843E+01 1.92477E+01 1.92516E+01 2.05711E+01 2.05696E+01 2.05700E+01 2.05730E+01 1.92516E+01 1.92477E+01 1.77843E+01 5.94130E+02 
5.24446E-02 1.55631E-01 -3.81142E-02 1.52287E+00 1.52179E+00 1.52177E+00 1.52340E+00 -3.81145E-02 1.55631E-01 5.24446E-02 -1.11569E+00 
5.24446E-02 1.55631E-01 -1.48644E-02 1.53407E+00 1.53298E+00 1.53297E+00 1.53464E+00 -1.48646E-02 1.55631E-01 5.24446E-02 -4.02723E-01 
5.24446E-02 1.66467E-02 2.04621E-02 1.55739E+00 1.55628E+00 1.55628E+00 1.55800E+00 2.04619E-02 1.66467E-02 5.24446E-02 5.07546E-01 
5.24446E-02 6.59982E-02 6.98125E-02 1.59474E+00 1.59362E+00 1.59363E+00 1.59540E+00 6.98123E-02 6.59982E-02 5.24446E-02 1.64667E+00 
5.24446E-02 1.32610E-01 1.36423E-01 1.64924E+00 1.64810E+00 1.64813E+00 1.64994E+00 1.36423E-01 1.32610E-01 5.24446E-02 3.12178E+00 
5.24446E-02 2.19513E-01 2.23327E-01 1.72392E+00 1.72277E+00 1.72280E+00 1.72467E+00 2.23326E-01 2.19513E-01 5.24446E-02 5.02475E+00 
5.24446E-02 3.30143E-01 3.33957E-01 1.82223E+00 1.82106E+00 1.82111E+00 1.82303E+00 3.33957E-01 3.30143E-01 5.24446E-02 7.46706E+00 
5.24446E-02 4.34470E-01 4.38285E-01 1.91697E+00 1.91578E+00 1.91584E+00 1.91780E+00 4.38284E-01 4.34470E-01 5.24446E-02 9.81069E+00 
5.24446E-02 4.68380E-01 4.72195E-01 1.94806E+00 1.94688E+00 1.94694E+00 1.94891E+00 4.72195E-01 4.68380E-01 5.24446E-02 1.05821E+01 
5.24446E-02 6.53423E-01 6.57240E-01 2.11965E+00 2.11844E+00 2.11852E+00 2.12055E+00 6.57240E-01 6.53423E-01 5.24446E-02 1.48768E+01 
5.24446E-02 8.81930E-01 8.85749E-01 2.33462E+00 2.33340E+00 2.33349E+00 2.33559E+00 8.85749E-01 8.81930E-01 5.24446E-02 2.03713E+01 
5.24446E-02 1.16105E+00 1.16488E+00 2.60016E+00 2.59891E+00 2.59902E+00 2.60118E+00 1.16488E+00 1.16105E+00 5.24446E-02 2.73396E+01 
5.24446E-02 1.49894E+00 1.50277E+00 2.92440E+00 2.92314E+00 2.92327E+00 2.92549E+00 1.50277E+00 1.49894E+00 5.24446E-02 3.60990E+01 
3.13015E-01 1.86526E+00 1.86909E+00 3.27716E+00 3.27588E+00 3.27603E+00 3.27832E+00 1.86909E+00 1.86526E+00 3.13015E-01 4.69153E+01 
7.64975E-01 2.30396E+00 2.30780E+00 3.70222E+00 3.70092E+00 3.70109E+00 3.70345E+00 2.30780E+00 2.30396E+00 7.64975E-01 6.01765E+01 
1.31098E+00 2.83659E+00 2.84043E+00 4.22109E+00 4.21977E+00 4.21996E+00 4.22240E+00 2.84043E+00 2.83659E+00 1.31098E+00 7.63568E+01 
1.96606E+00 3.47816E+00 3.48202E+00 4.84882E+00 4.84747E+00 4.84768E+00 4.85020E+00 3.48202E+00 3.47816E+00 1.96606E+00 9.59793E+01 
2.74719E+00 4.24570E+00 4.24956E+00 5.60242E+00 5.60105E+00 5.60129E+00 5.60389E+00 4.24956E+00 4.24570E+00 2.74719E+00 1.19631E+02 
3.67354E+00 5.15836E+00 5.16224E+00 6.50109E+00 6.49969E+00 6.49996E+00 6.50264E+00 5.16224E+00 5.15836E+00 3.67354E+00 1.47962E+02 
4.76660E+00 6.23766E+00 6.24155E+00 7.56634E+00 7.56492E+00 7.56521E+00 7.56798E+00 6.24155E+00 6.23766E+00 4.76660E+00 1.81687E+02 
6.05041E+00 7.50764E+00 7.51155E+00 8.82224E+00 8.82080E+00 8.82112E+00 8.82398E+00 7.51155E+00 7.50764E+00 6.05041E+00 2.21586E+02 
7.55170E+00 8.99506E+00 8.99898E+00 1.02955E+01 1.02941E+01 1.02944E+01 1.02974E+01 8.99898E+00 8.99506E+00 7.55170E+00 2.68497E+02 
9.30007E+00 1.07295E+01 1.07335E+01 1.20159E+01 1.20144E+01 1.20148E+01 1.20178E+01 1.07335E+01 1.07295E+01 9.30007E+00 3.23319E+02 
1.13281E+01 1.27436E+01 1.27475E+01 1.40158E+01 1.40143E+01 1.40147E+01 1.40179E+01 1.27475E+01 1.27436E+01 1.13281E+01 3.86999E+02 
1.36714E+01 1.50729E+01 1.50769E+01 1.63311E+01 1.63295E+01 1.63300E+01 1.63332E+01 1.50769E+01 1.50729E+01 1.36714E+01 4.60535E+02 
1.63687E+01 1.77563E+01 1.77603E+01 1.90003E+01 1.89988E+01 1.89993E+01 1.90026E+01 1.77603E+01 1.77563E+01 1.63687E+01 5.44957E+02 
4.95225E-02 1.50363E-01 -3.73910E-02 1.42961E+00 1.42844E+00 1.42845E+00 1.43029E+00 -3.73907E-02 1.50363E-01 4.95225E-02 -1.07585E+00 
4.95225E-02 1.50363E-01 -1.44921E-02 1.44119E+00 1.44000E+00 1.44003E+00 1.44192E+00 -1.44918E-02 1.50363E-01 4.95225E-02 -3.87714E-01 
4.95225E-02 1.62058E-02 1.99674E-02 1.46436E+00 1.46316E+00 1.46320E+00 1.46514E+00 1.99677E-02 1.62058E-02 4.95225E-02 4.91368E-01 
4.95225E-02 6.40266E-02 6.77895E-02 1.50092E+00 1.49970E+00 1.49975E+00 1.50175E+00 6.77899E-02 6.40266E-02 4.95225E-02 1.59110E+00 
4.95225E-02 1.28235E-01 1.32000E-01 1.55375E+00 1.55252E+00 1.55258E+00 1.55463E+00 1.32000E-01 1.28235E-01 4.95225E-02 3.01403E+00 
4.95225E-02 2.11635E-01 2.15402E-01 1.62567E+00 1.62442E+00 1.62450E+00 1.62660E+00 2.15402E-01 2.11635E-01 4.95225E-02 4.84691E+00 
4.95225E-02 3.17394E-01 3.21164E-01 1.71986E+00 1.71860E+00 1.71869E+00 1.72085E+00 3.21165E-01 3.17394E-01 4.95225E-02 7.19444E+00 
4.95225E-02 4.16818E-01 4.20591E-01 1.81028E+00 1.80900E+00 1.80910E+00 1.81131E+00 4.20592E-01 4.16818E-01 4.95225E-02 9.44226E+00 
4.95225E-02 4.49082E-01 4.52856E-01 1.83990E+00 1.83862E+00 1.83872E+00 1.84094E+00 4.52857E-01 4.49082E-01 4.95225E-02 1.01812E+01 
4.95225E-02 6.24769E-01 6.28548E-01 2.00295E+00 2.00164E+00 2.00177E+00 2.00405E+00 6.28548E-01 6.24769E-01 4.95225E-02 1.42870E+01 
4.95225E-02 8.41021E-01 8.44806E-01 2.20649E+00 2.20517E+00 2.20531E+00 2.20766E+00 8.44807E-01 8.41021E-01 4.95225E-02 1.95225E+01 
4.95225E-02 1.10437E+00 1.10816E+00 2.45708E+00 2.45573E+00 2.45589E+00 2.45832E+00 1.10816E+00 1.10437E+00 4.95225E-02 2.61394E+01 
4.95225E-02 1.42224E+00 1.42604E+00 2.76214E+00 2.76077E+00 2.76095E+00 2.76345E+00 1.42604E+00 1.42224E+00 4.95225E-02 3.44272E+01 
2.95195E-01 1.76736E+00 1.77117E+00 3.09453E+00 3.09314E+00 3.09334E+00 3.09592E+00 1.77117E+00 1.76736E+00 2.95195E-01 4.46006E+01 
7.20036E-01 2.17958E+00 2.18340E+00 3.49394E+00 3.49253E+00 3.49275E+00 3.49541E+00 2.18340E+00 2.17958E+00 7.20036E-01 5.70254E+01 
1.23155E+00 2.67835E+00 2.68218E+00 3.97979E+00 3.97836E+00 3.97861E+00 3.98134E+00 2.68218E+00 2.67835E+00 1.23155E+00 7.21328E+01 
1.84324E+00 3.27719E+00 3.28104E+00 4.56562E+00 4.56417E+00 4.56444E+00 4.56727E+00 3.28104E+00 3.27719E+00 1.84324E+00 9.03903E+01 
2.57035E+00 3.99136E+00 3.99521E+00 5.26670E+00 5.26522E+00 5.26553E+00 5.26844E+00 3.99521E+00 3.99136E+00 2.57035E+00 1.12319E+02 
3.42999E+00 4.83796E+00 4.84184E+00 6.10016E+00 6.09866E+00 6.09900E+00 6.10200E+00 4.84184E+00 4.83796E+00 3.42999E+00 1.38495E+02 
4.44129E+00 5.83616E+00 5.84005E+00 7.08517E+00 7.08365E+00 7.08402E+00 7.08711E+00 5.84006E+00 5.83616E+00 4.44129E+00 1.69545E+02 
5.62557E+00 7.00728E+00 7.01119E+00 8.24307E+00 8.24152E+00 8.24192E+00 8.24512E+00 7.01119E+00 7.00728E+00 5.62557E+00 2.06149E+02 
7.00644E+00 8.37494E+00 8.37887E+00 9.59748E+00 9.59590E+00 9.59634E+00 9.59964E+00 8.37887E+00 8.37494E+00 7.00644E+00 2.49035E+02 
8.60993E+00 9.96519E+00 9.96914E+00 1.11745E+01 1.11729E+01 1.11733E+01 1.11767E+01 9.96914E+00 9.96519E+00 8.60993E+00 2.98977E+02 
1.04646E+01 1.18065E+01 1.18105E+01 1.30026E+01 1.30009E+01 1.30015E+01 1.30050E+01 1.18105E+01 1.18065E+01 1.04646E+01 3.56787E+02 
1.26014E+01 1.39301E+01 1.39341E+01 1.51129E+01 1.51112E+01 1.51118E+01 1.51154E+01 1.39341E+01 1.39301E+01 1.26014E+01 4.23310E+02 
1.50541E+01 1.63695E+01 1.63736E+01 1.75391E+01 1.75374E+01 1.75380E+01 1.75418E+01 1.63736E+01 1.63695E+01 1.50541E+01 4.99419E+02 
4.67394E-02 1.45313E-01 -3.67134E-02 1.34200E+00 1.34074E+00 1.34079E+00 1.34286E+00 -3.67127E-02 1.45313E-01 4.67394E-02 -1.03846E+00 
4.67394E-02 1.45313E-01 -1.41337E-02 1.35395E+00 1.35267E+00 1.35273E+00 1.35486E+00 -1.41330E-02 1.45313E-01 4.67394E-02 -3.73428E-01 
4.67394E-02 1.57857E-02 1.95032E-02 1.37698E+00 1.37569E+00 1.37576E+00 1.37795E+00 1.95039E-02 1.57857E-02 4.67394E-02 4.76401E-01 
4.67394E-02 6.21409E-02 6.58623E-02 1.41276E+00 1.41145E+00 1.41154E+00 1.41378E+00 6.58630E-02 6.21409E-02 4.67394E-02 1.53893E+00 
4.67394E-02 1.24043E-01 1.27769E-01 1.46398E+00 1.46265E+00 1.46275E+00 1.46506E+00 1.27770E-01 1.24043E-01 4.67394E-02 2.91224E+00 
4.67394E-02 2.04081E-01 2.07812E-01 1.53324E+00 1.53189E+00 1.53201E+00 1.53437E+00 2.07813E-01 2.04081E-01 4.67394E-02 4.67816E+00 
4.67394E-02 3.05172E-01 3.08910E-01 1.62346E+00 1.62210E+00 1.62223E+00 1.62466E+00 3.08911E-01 3.05172E-01 4.67394E-02 6.93482E+00 
4.67394E-02 3.99906E-01 4.03649E-01 1.70974E+00 1.70836E+00 1.70850E+00 1.71098E+00 4.03649E-01 3.99906E-01 4.67394E-02 9.09066E+00 
4.67394E-02 4.30596E-01 4.34341E-01 1.73795E+00 1.73656E+00 1.73671E+00 1.73921E+00 4.34341E-01 4.30596E-01 4.67394E-02 9.79834E+00 
4.67394E-02 5.97352E-01 6.01105E-01 1.89283E+00 1.89143E+00 1.89160E+00 1.89416E+00 6.01106E-01 5.97352E-01 4.67394E-02 1.37227E+01 
4.67394E-02 8.01935E-01 8.05697E-01 2.08548E+00 2.08405E+00 2.08424E+00 2.08689E+00 8.05698E-01 8.01935E-01 4.67394E-02 1.87097E+01 
4.67394E-02 1.05030E+00 1.05407E+00 2.32186E+00 2.32041E+00 2.32062E+00 2.32335E+00 1.05407E+00 1.05030E+00 4.67394E-02 2.49898E+01 
4.67394E-02 1.34920E+00 1.35299E+00 2.60873E+00 2.60726E+00 2.60749E+00 2.61030E+00 1.35299E+00 1.34920E+00 4.67394E-02 3.28268E+01 
2.78242E-01 1.67417E+00 1.67797E+00 2.92175E+00 2.92025E+00 2.92051E+00 2.92340E+00 1.67797E+00 1.67417E+00 2.78242E-01 4.23890E+01 
6.77362E-01 2.06128E+00 2.06509E+00 3.29682E+00 3.29530E+00 3.29559E+00 3.29856E+00 2.06509E+00 2.06128E+00 6.77362E-01 5.40215E+01 
1.15626E+00 2.52804E+00 2.53187E+00 3.75146E+00 3.74991E+00 3.75023E+00 3.75329E+00 2.53187E+00 2.52804E+00 1.15626E+00 6.81155E+01 
1.72706E+00 3.08660E+00 3.09045E+00 4.29781E+00 4.29624E+00 4.29659E+00 4.29974E+00 3.09045E+00 3.08660E+00 1.72706E+00 8.50880E+01 
2.40340E+00 3.75061E+00 3.75448E+00 4.94953E+00 4.94794E+00 4.94832E+00 4.95157E+00 3.75448E+00 3.75061E+00 2.40340E+00 1.05401E+02 
3.20052E+00 4.53533E+00 4.53922E+00 5.72191E+00 5.72029E+00 5.72071E+00 5.72406E+00 4.53922E+00 4.53533E+00 3.20052E+00 1.29560E+02 
4.13543E+00 5.45776E+00 5.46167E+00 6.63196E+00 6.63031E+00 6.63076E+00 6.63422E+00 5.46167E+00 5.45776E+00 4.13543E+00 1.58115E+02 
5.22697E+00 6.53677E+00 6.54071E+00 7.69855E+00 7.69688E+00 7.69737E+00 7.70094E+00 6.54071E+00 6.53677E+00 5.22697E+00 1.91658E+02 
6.49594E+00 7.79317E+00 7.79713E+00 8.94250E+00 8.94080E+00 8.94134E+00 8.94502E+00 7.79713E+00 7.79317E+00 6.49594E+00 2.30817E+02 
7.96519E+00 9.24980E+00 9.25379E+00 1.03867E+01 1.03850E+01 1.03855E+01 1.03893E+01 9.25379E+00 9.24980E+00 7.96519E+00 2.76255E+02 
9.65960E+00 1.09316E+01 1.09356E+01 1.20560E+01 1.20543E+01 1.20549E+01 1.20588E+01 1.09356E+01 1.09316E+01 9.65960E+00 3.28666E+02 
1.16062E+01 1.28655E+01 1.28696E+01 1.39775E+01 1.39758E+01 1.39764E+01 1.39805E+01 1.28696E+01 1.28655E+01 1.16062E+01 3.88763E+02 
1.38342E+01 1.50808E+01 1.50849E+01 1.61804E+01 1.61786E+01 1.61793E+01 1.61835E+01 1.50849E+01 1.50808E+01 1.38342E+01 4.57277E+02 
4.40891E-02 1.40468E-01 -3.60756E-02 1.25971E+00 1.25835E+00 1.25843E+00 1.26077E+00 -3.60748E-02 1.40468E-01 4.40891E-02 -1.00333E+00 
4.40891E-02 1.40468E-01 -1.37863E-02 1.27202E+00 1.27063E+00 1.27073E+00 1.27313E+00 -1.37855E-02 1.40468E-01 4.40891E-02 -3.59781E-01 
4.40891E-02 1.53850E-02 1.90691E-02 1.29491E+00 1.29351E+00 1.29362E+00 1.29609E+00 1.90699E-02 1.53850E-02 4.40891E-02 4.62623E-01 
4.40891E-02 6.03349E-02 6.40260E-02 1.32993E+00 1.32851E+00 1.32864E+00 1.33116E+00 6.40268E-02 6.03349E-02 4.40891E-02 1.48999E+00 
4.40891E-02 1.20022E-01 1.23721E-01 1.37959E+00 1.37815E+00 1.37829E+00 1.38088E+00 1.23722E-01 1.20022E-01 4.40891E-02 2.81611E+00 
4.40891E-02 1.96833E-01 2.00540E-01 1.44627E+00 1.44482E+00 1.44497E+00 1.44763E+00 2.00541E-01 1.96833E-01 4.40891E-02 4.51801E+00 
4.40891E-02 2.93450E-01 2.97167E-01 1.53269E+00 1.53121E+00 1.53139E+00 1.53412E+00 2.97168E-01 2.93450E-01 4.40891E-02 6.68753E+00 
4.40891E-02 3.83695E-01 3.87420E-01 1.61499E+00 1.61350E+00 1.61369E+00 1.61647E+00 3.87421E-01 3.83695E-01 4.40891E-02 8.75501E+00 
4.40891E-02 4.12881E-01 4.16608E-01 1.64185E+00 1.64035E+00 1.64054E+00 1.64335E+00 4.16609E-01 4.12881E-01 4.40891E-02 9.43269E+00 
4.40891E-02 5.71113E-01 5.74853E-01 1.78893E+00 1.78741E+00 1.78763E+00 1.79051E+00 5.74853E-01 5.71113E-01 4.40891E-02 1.31826E+01 
4.40891E-02 7.64583E-01 7.68337E-01 1.97120E+00 1.96965E+00 1.96990E+00 1.97286E+00 7.68337E-01 7.64583E-01 4.40891E-02 1.79310E+01 
4.40891E-02 9.98715E-01 1.00248E+00 2.19407E+00 2.19251E+00 2.19277E+00 2.19582E+00 1.00248E+00 9.98715E-01 4.40891E-02 2.38885E+01 
4.40891E-02 1.27964E+00 1.28342E+00 2.46370E+00 2.46211E+00 2.46240E+00 2.46554E+00 1.28342E+00 1.27964E+00 4.40891E-02 3.12945E+01 
2.62118E-01 1.58546E+00 1.58927E+00 2.75830E+00 2.75669E+00 2.75701E+00 2.76024E+00 1.58927E+00 1.58546E+00 2.62118E-01 4.02760E+01 
6.36851E-01 1.94876E+00 1.95258E+00 3.11030E+00 3.10866E+00 3.10901E+00 3.11234E+00 1.95258E+00 1.94876E+00 6.36851E-01 5.11582E+01 
1.08492E+00 2.38527E+00 2.38912E+00 3.53543E+00 3.53376E+00 3.53415E+00 3.53757E+00 2.38912E+00 2.38527E+00 1.08492E+00 6.42956E+01 
1.61719E+00 2.90590E+00 2.90976E+00 4.04458E+00 4.04289E+00 4.04331E+00 4.04684E+00 2.90976E+00 2.90590E+00 1.61719E+00 8.00588E+01 
2.24584E+00 3.52280E+00 3.52669E+00 4.64995E+00 4.64823E+00 4.64870E+00 4.65233E+00 3.52669E+00 3.52280E+00 2.24584E+00 9.88554E+01 
2.98442E+00 4.24957E+00 4.25349E+00 5.36513E+00 5.36339E+00 5.36389E+00 5.36763E+00 4.25349E+00 4.24957E+00 2.98442E+00 1.21130E+02 
3.84798E+00 5.10125E+00 5.10520E+00 6.20519E+00 6.20342E+00 6.20396E+00 6.20782E+00 5.10520E+00 5.10125E+00 3.84798E+00 1.47361E+02 
4.85317E+00 6.09450E+00 6.09848E+00 7.18678E+00 7.18498E+00 7.18557E+00 7.18955E+00 6.09848E+00 6.09450E+00 4.85317E+00 1.78062E+02 
6.01823E+00 7.24760E+00 7.25161E+00 8.32819E+00 8.32637E+00 8.32701E+00 8.33111E+00 7.25161E+00 7.24760E+00 6.01823E+00 2.13772E+02 
7.36317E+00 8.58052E+00 8.58457E+00 9.64943E+00 9.64757E+00 9.64827E+00 9.65250E+00 8.58457E+00 8.58052E+00 7.36317E+00 2.55059E+02 
8.90964E+00 1.01150E+01 1.01190E+01 1.11722E+01 1.11703E+01 1.11711E+01 1.11754E+01 1.01190E+01 1.01150E+01 8.90964E+00 3.02508E+02 
1.06811E+01 1.18744E+01 1.18785E+01 1.29199E+01 1.29180E+01 1.29188E+01 1.29233E+01 1.18785E+01 1.18744E+01 1.06811E+01 3.56721E+02 
1.27026E+01 1.38838E+01 1.38880E+01 1.49177E+01 1.49158E+01 1.49166E+01 1.49213E+01 1.38880E+01 1.38838E+01 1.27026E+01 4.18305E+02 
4.15658E-02 1.35815E-01 -3.54717E-02 1.18243E+00 1.18095E+00 1.18107E+00 1.18370E+00 -3.54709E-02 1.35815E-01 4.15658E-02 -9.70292E-01 
4.15658E-02 1.35815E-01 -1.34471E-02 1.19508E+00 1.19358E+00 1.19371E+00 1.19640E+00 -1.34462E-02 1.35815E-01 4.15658E-02 -3.46679E-01 
4.15658E-02 1.50019E-02 1.86643E-02 1.21783E+00 1.21632E+00 1.21646E+00 1.21923E+00 1.86652E-02 1.50019E-02 4.15658E-02 4.50021E-01 
4.15658E-02 5.86030E-02 6.22757E-02 1.25211E+00 1.25057E+00 1.25073E+00 1.25357E+00 6.22765E-02 5.86030E-02 4.15658E-02 1.44416E+00 
4.15658E-02 1.16161E-01 1.19845E-01 1.30024E+00 1.29869E+00 1.29887E+00 1.30177E+00 1.19846E-01 1.16161E-01 4.15658E-02 2.72536E+00 
4.15658E-02 1.89872E-01 1.93568E-01 1.36445E+00 1.36287E+00 1.36308E+00 1.36605E+00 1.93569E-01 1.89872E-01 4.15658E-02 4.36601E+00 
4.15658E-02 2.82199E-01 2.85909E-01 1.44720E+00 1.44560E+00 1.44582E+00 1.44888E+00 2.85909E-01 2.82199E-01 4.15658E-02 6.45190E+00 
4.15658E-02 3.68148E-01 3.71869E-01 1.52569E+00 1.52407E+00 1.52431E+00 1.52743E+00 3.71870E-01 3.68148E-01 4.15658E-02 8.43446E+00 
4.15658E-02 3.95896E-01 3.99620E-01 1.55125E+00 1.54963E+00 1.54987E+00 1.55301E+00 3.99621E-01 3.95896E-01 4.15658E-02 9.08329E+00 
4.15658E-02 5.45991E-01 5.49732E-01 1.69088E+00 1.68924E+00 1.68951E+00 1.69273E+00 5.49732E-01 5.45991E-01 4.15658E-02 1.26656E+01 
4.15658E-02 7.28880E-01 7.32640E-01 1.86325E+00 1.86158E+00 1.86188E+00 1.86519E+00 7.32640E-01 7.28880E-01 4.15658E-02 1.71849E+01 
4.15658E-02 9.49494E-01 9.53273E-01 2.07329E+00 2.07160E+00 2.07193E+00 2.07533E+00 9.53274E-01 9.49494E-01 4.15658E-02 2.28331E+01 
4.15658E-02 1.21339E+00 1.21719E+00 2.32658E+00 2.32486E+00 2.32522E+00 2.32872E+00 1.21719E+00 1.21339E+00 4.15658E-02 2.98273E+01 
2.46786E-01 1.50102E+00 1.50485E+00 2.60368E+00 2.60194E+00 2.60233E+00 2.60593E+00 1.50485E+00 1.50102E+00 2.46786E-01 3.82572E+01 
5.98401E-01 1.84175E+00 1.84560E+00 2.93379E+00 2.93203E+00 2.93245E+00 2.93616E+00 1.84560E+00 1.84175E+00 5.98401E-01 4.84290E+01 
1.01734E+00 2.24969E+00 2.25357E+00 3.33104E+00 3.32925E+00 3.32972E+00 3.33354E+00 2.25357E+00 2.24969E+00 1.01734E+00 6.06639E+01 
1.51333E+00 2.73458E+00 2.73849E+00 3.80517E+00 3.80335E+00 3.80386E+00 3.80779E+00 2.73849E+00 2.73458E+00 1.51333E+00 7.52897E+01 
2.09719E+00 3.30727E+00 3.31121E+00 4.36703E+00 4.36518E+00 4.36573E+00 4.36978E+00 3.31121E+00 3.30727E+00 2.09719E+00 9.26653E+01 
2.78097E+00 3.97979E+00 3.98376E+00 5.02867E+00 5.02679E+00 5.02739E+00 5.03156E+00 3.98376E+00 3.97979E+00 2.78097E+00 1.13179E+02 
3.57795E+00 4.76546E+00 4.76946E+00 5.80342E+00 5.80151E+00 5.80216E+00 5.80646E+00 4.76947E+00 4.76546E+00 3.57795E+00 1.37247E+02 
4.50276E+00 5.67891E+00 5.68295E+00 6.70593E+00 6.70399E+00 6.70469E+00 6.70912E+00 5.68295E+00 5.67891E+00 4.50276E+00 1.65311E+02 
5.57141E+00 6.73615E+00 6.74024E+00 7.75221E+00 7.75024E+00 7.75100E+00 7.75557E+00 6.74024E+00 6.73615E+00 5.57141E+00 1.97834E+02 
6.80131E+00 7.95462E+00 7.95875E+00 8.95970E+00 8.95771E+00 8.95853E+00 8.96323E+00 7.95875E+00 7.95462E+00 6.80131E+00 2.35296E+02 
8.21128E+00 9.35313E+00 9.35730E+00 1.03472E+01 1.03452E+01 1.03461E+01 1.03510E+01 9.35730E+00 9.35313E+00 8.21128E+00 2.78192E+02 
9.82154E+00 1.09519E+01 1.09561E+01 1.19351E+01 1.19330E+01 1.19340E+01 1.19390E+01 1.09561E+01 1.09519E+01 9.82154E+00 3.27022E+02 
1.16537E+01 1.27725E+01 1.27768E+01 1.37448E+01 1.37427E+01 1.37437E+01 1.37488E+01 1.27768E+01 1.27725E+01 1.16537E+01 3.82290E+02 
3.91640E-02 1.31342E-01 -3.48956E-02 1.10986E+00 1.10826E+00 1.10840E+00 1.11134E+00 -3.48949E-02 1.31342E-01 3.91640E-02 -9.39170E-01 
3.91640E-02 1.31342E-01 -1.31127E-02 1.12283E+00 1.12121E+00 1.12137E+00 1.12438E+00 -1.31120E-02 1.31342E-01 3.91640E-02 -3.34026E-01 
3.91640E-02 1.46351E-02 1.82889E-02 1.14544E+00 1.14380E+00 1.14398E+00 1.14707E+00 1.82897E-02 1.46351E-02 3.91640E-02 4.38598E-01 
3.91640E-02 5.69395E-02 6.06075E-02 1.17899E+00 1.17733E+00 1.17753E+00 1.18069E+00 6.06083E-02 5.69395E-02 3.91640E-02 1.40132E+00 
3.91640E-02 1.12449E-01 1.16133E-01 1.22565E+00 1.22397E+00 1.22419E+00 1.22744E+00 1.16133E-01 1.12449E-01 3.91640E-02 2.63974E+00 
3.91640E-02 1.83182E-01 1.86881E-01 1.28746E+00 1.28576E+00 1.28600E+00 1.28933E+00 1.86882E-01 1.83182E-01 3.91640E-02 4.22176E+00 
3.91640E-02 2.71394E-01 2.75111E-01 1.36668E+00 1.36495E+00 1.36522E+00 1.36863E+00 2.75112E-01 2.71394E-01 3.91640E-02 6.22732E+00 
3.91640E-02 3.53231E-01 3.56963E-01 1.44151E+00 1.43977E+00 1.44006E+00 1.44354E+00 3.56964E-01 3.53231E-01 3.91640E-02 8.12823E+00 
3.91640E-02 3.79604E-01 3.83340E-01 1.46583E+00 1.46408E+00 1.46438E+00 1.46788E+00 3.83341E-01 3.79604E-01 3.91640E-02 8.74932E+00 
3.91640E-02 5.21931E-01 5.25689E-01 1.59833E+00 1.59656E+00 1.59688E+00 1.60048E+00 5.25690E-01 5.21931E-01 3.91640E-02 1.21705E+01 
3.91640E-02 6.94747E-01 6.98529E-01 1.76127E+00 1.75947E+00 1.75983E+00 1.76352E+00 6.98529E-01 6.94747E-01 3.91640E-02 1.64698E+01 
3.91640E-02 9.02523E-01 9.06330E-01 1.95913E+00 1.95730E+00 1.95769E+00 1.96149E+00 9.06331E-01 9.02523E-01 3.91640E-02 2.18218E+01 
3.91640E-02 1.15028E+00 1.15412E+00 2.19693E+00 2.19508E+00 2.19550E+00 2.19941E+00 1.15412E+00 1.15028E+00 3.91640E-02 2.84224E+01 
2.32210E-01 1.42065E+00 1.42451E+00 2.45740E+00 2.45552E+00 2.45599E+00 2.46001E+00 1.42451E+00 1.42065E+00 2.32210E-01 3.63283E+01 
5.61918E-01 1.73999E+00 1.74388E+00 2.76678E+00 2.76487E+00 2.76538E+00 2.76951E+00 1.74388E+00 1.73999E+00 5.61918E-01 4.58281E+01 
9.53354E-01 2.12095E+00 2.12488E+00 3.13770E+00 3.13577E+00 3.13632E+00 3.14057E+00 2.12488E+00 2.12095E+00 9.53354E-01 5.72116E+01 
1.41518E+00 2.57221E+00 2.57617E+00 3.57886E+00 3.57689E+00 3.57750E+00 3.58187E+00 2.57617E+00 2.57221E+00 1.41518E+00 7.07683E+01 
1.95702E+00 3.10340E+00 3.10741E+00 4.09988E+00 4.09789E+00 4.09855E+00 4.10305E+00 3.10741E+00 3.10340E+00 1.95702E+00 8.68128E+01 
2.58952E+00 3.72519E+00 3.72923E+00 4.71145E+00 4.70943E+00 4.71015E+00 4.71478E+00 3.72923E+00 3.72519E+00 2.58952E+00 1.05683E+02 
3.32438E+00 4.44928E+00 4.45337E+00 5.42530E+00 5.42325E+00 5.42402E+00 5.42880E+00 4.45337E+00 4.44928E+00 3.32438E+00 1.27739E+02 
4.17444E+00 5.28852E+00 5.29266E+00 6.25427E+00 6.25219E+00 6.25302E+00 6.25794E+00 5.29266E+00 5.28852E+00 4.17444E+00 1.53359E+02 
5.15368E+00 6.25690E+00 6.26108E+00 7.21235E+00 7.21024E+00 7.21114E+00 7.21621E+00 6.26108E+00 6.25690E+00 5.15368E+00 1.82938E+02 
6.27722E+00 7.36954E+00 7.37378E+00 8.31470E+00 8.31256E+00 8.31353E+00 8.31875E+00 7.37378E+00 7.36954E+00 6.27722E+00 2.16881E+02 
7.56132E+00 8.64273E+00 8.64703E+00 9.57759E+00 9.57542E+00 9.57647E+00 9.58185E+00 8.64703E+00 8.64273E+00 7.56132E+00 2.55600E+02 
9.02339E+00 1.00939E+01 1.00982E+01 1.10184E+01 1.10162E+01 1.10174E+01 1.10229E+01 1.00982E+01 1.00939E+01 9.02339E+00 2.99513E+02 
1.06819E+01 1.17414E+01 1.17458E+01 1.26557E+01 1.26535E+01 1.26547E+01 1.26604E+01 1.17458E+01 1.17414E+01 1.06819E+01 3.49030E+02 
3.68782E-02 1.27037E-01 -3.43411E-02 1.04171E+00 1.03998E+00 1.04014E+00 1.04343E+00 -3.43404E-02 1.27037E-01 3.68782E-02 -9.09787E-01 
3.68782E-02 1.27037E-01 -1.27799E-02 1.05499E+00 1.05324E+00 1.05343E+00 1.05679E+00 -1.27793E-02 1.27037E-01 3.68782E-02 -3.21719E-01 
3.68782E-02 1.42830E-02 1.79430E-02 1.07746E+00 1.07569E+00 1.07590E+00 1.07934E+00 1.79436E-02 1.42830E-02 3.68782E-02 4.28365E-01 
3.68782E-02 5.53393E-02 5.90178E-02 1.11029E+00 1.10850E+00 1.10873E+00 1.11226E+00 5.90184E-02 5.53393E-02 3.68782E-02 1.36138E+00 
3.68782E-02 1.08877E-01 1.12575E-01 1.15553E+00 1.15371E+00 1.15397E+00 1.15758E+00 1.12576E-01 1.08877E-01 3.68782E-02 2.55903E+00 
3.68782E-02 1.76745E-01 1.80465E-01 1.21502E+00 1.21317E+00 1.21346E+00 1.21717E+00 1.80465E-01 1.76745E-01 3.68782E-02 4.08487E+00 
3.68782E-02 2.61010E-01 2.64752E-01 1.29084E+00 1.28897E+00 1.28929E+00 1.29309E+00 2.64752E-01 2.61010E-01 3.68782E-02 6.01325E+00 
3.68782E-02 3.38910E-01 3.42670E-01 1.36216E+00 1.36028E+00 1.36062E+00 1.36449E+00 3.42671E-01 3.38910E-01 3.68782E-02 7.83560E+00 
3.68782E-02 3.63968E-01 3.67734E-01 1.38529E+00 1.38340E+00 1.38375E+00 1.38765E+00 3.67735E-01 3.63968E-01 3.68782E-02 8.43000E+00 
3.68782E-02 4.98880E-01 5.02673E-01 1.51098E+00 1.50906E+00 1.50945E+00 1.51345E+00 5.02674E-01 4.98880E-01 3.68782E-02 1.16961E+01 
3.68782E-02 6.62106E-01 6.65929E-01 1.66493E+00 1.66299E+00 1.66341E+00 1.66752E+00 6.65929E-01 6.62106E-01 3.68782E-02 1.57842E+01 
3.68782E-02 8.57694E-01 8.61548E-01 1.85120E+00 1.84924E+00 1.84970E+00 1.85393E+00 8.61549E-01 8.57694E-01 3.68782E-02 2.08523E+01 
3.68782E-02 1.09018E+00 1.09407E+00 2.07434E+00 2.07235E+00 2.07285E+00 2.07720E+00 1.09407E+00 1.09018E+00 3.68782E-02 2.70769E+01 
2.18357E-01 1.34414E+00 1.34807E+00 2.31902E+00 2.31699E+00 2.31755E+00 2.32201E+00 1.34807E+00 1.34414E+00 2.18357E-01 3.44854E+01 
5.27312E-01 1.64322E+00 1.64718E+00 2.60875E+00 2.60670E+00 2.60730E+00 2.61189E+00 1.64718E+00 1.64322E+00 5.27312E-01 4.33495E+01 
8.92779E-01 1.99871E+00 2.00272E+00 2.95482E+00 2.95274E+00 2.95339E+00 2.95812E+00 2.00272E+00 1.99871E+00 8.92779E-01 5.39306E+01 
1.32246E+00 2.41834E+00 2.42238E+00 3.36495E+00 3.36284E+00 3.36355E+00 3.36841E+00 2.42238E+00 2.41834E+00 1.32246E+00 6.64829E+01 
1.82488E+00 2.91062E+00 2.91471E+00 3.84769E+00 3.84555E+00 3.84632E+00 3.85133E+00 2.91471E+00 2.91062E+00 1.82488E+00 8.12812E+01 
2.40943E+00 3.48496E+00 3.48911E+00 4.41245E+00 4.41028E+00 4.41112E+00 4.41627E+00 3.48911E+00 3.48496E+00 2.40943E+00 9.86186E+01 
3.08639E+00 4.15167E+00 4.15586E+00 5.06953E+00 5.06733E+00 5.06824E+00 5.07354E+00 4.15586E+00 4.15167E+00 3.08639E+00 1.18804E+02 
3.86698E+00 4.92195E+00 4.92620E+00 5.83017E+00 5.82794E+00 5.82892E+00 5.83438E+00 4.92620E+00 4.92195E+00 3.86698E+00 1.42162E+02 
4.76335E+00 5.80798E+00 5.81229E+00 6.70654E+00 6.70427E+00 6.70534E+00 6.71097E+00 5.81229E+00 5.80798E+00 4.76335E+00 1.69023E+02 
5.78861E+00 6.82287E+00 6.82724E+00 7.71176E+00 7.70946E+00 7.71061E+00 7.71641E+00 6.82724E+00 6.82287E+00 5.78861E+00 1.99731E+02 
6.95676E+00 7.98062E+00 7.98506E+00 8.85985E+00 8.85752E+00 8.85876E+00 8.86473E+00 7.98506E+00 7.98062E+00 6.95676E+00 2.34626E+02 
8.28270E+00 9.29616E+00 9.30066E+00 1.01657E+01 1.01634E+01 1.01647E+01 1.01709E+01 9.30067E+00 9.29616E+00 8.28270E+00 2.74050E+02 
9.78215E+00 1.07852E+01 1.07898E+01 1.16451E+01 1.16427E+01 1.16442E+01 1.16505E+01 1.07898E+01 1.07852E+01 9.78215E+00 3.18338E+02 
3.47033E-02 1.22889E-01 -3.38015E-02 9.77725E-01 9.75851E-01 9.76044E-01 9.79701E-01 -3.38011E-02 1.22889E-01 3.47033E-02 -8.81964E-01 
3.47033E-02 1.22889E-01 -1.24449E-02 9.91302E-01 9.89406E-01 9.89624E-01 9.93370E-01 -1.24445E-02 1.22889E-01 3.47033E-02 -3.09646E-01 
3.47033E-02 1.39442E-02 1.76270E-02 1.01362E+00 1.01170E+00 1.01195E+00 1.01578E+00 1.76274E-02 1.39442E-02 3.47033E-02 4.19350E-01 
3.47033E-02 5.37971E-02 5.75033E-02 1.04575E+00 1.04381E+00 1.04409E+00 1.04802E+00 5.75037E-02 5.37971E-02 3.47033E-02 1.32426E+00 
3.47033E-02 1.05434E-01 1.09165E-01 1.08959E+00 1.08763E+00 1.08793E+00 1.09196E+00 1.09165E-01 1.05434E-01 3.47033E-02 2.48303E+00 
3.47033E-02 1.70547E-01 1.74305E-01 1.14684E+00 1.14485E+00 1.14519E+00 1.14931E+00 1.74305E-01 1.70547E-01 3.47033E-02 3.95501E+00 
3.47033E-02 2.51023E-01 2.54809E-01 1.21939E+00 1.21738E+00 1.21775E+00 1.22198E+00 2.54809E-01 2.51023E-01 3.47033E-02 5.80917E+00 
3.47033E-02 3.25153E-01 3.28962E-01 1.28735E+00 1.28532E+00 1.28572E+00 1.29003E+00 3.28962E-01 3.25153E-01 3.47033E-02 7.55591E+00 
3.47033E-02 3.48954E-01 3.52769E-01 1.30934E+00 1.30730E+00 1.30771E+00 1.31204E+00 3.52770E-01 3.48954E-01 3.47033E-02 8.12461E+00 
3.47033E-02 4.76787E-01 4.80637E-01 1.42851E+00 1.42645E+00 1.42690E+00 1.43135E+00 4.80637E-01 4.76787E-01 3.47033E-02 1.12416E+01 
3.47033E-02 6.30884E-01 6.34770E-01 1.57390E+00 1.57181E+00 1.57231E+00 1.57688E+00 6.34771E-01 6.30884E-01 3.47033E-02 1.51268E+01 
3.47033E-02 8.14902E-01 8.18827E-01 1.74918E+00 1.74706E+00 1.74760E+00 1.75230E+00 8.18827E-01 8.14902E-01 3.47033E-02 1.99229E+01 
3.47033E-02 1.03293E+00 1.03689E+00 1.95843E+00 1.95628E+00 1.95687E+00 1.96170E+00 1.03689E+00 1.03293E+00 3.47033E-02 2.57884E+01 
2.05193E-01 1.27132E+00 1.27533E+00 2.18810E+00 2.18592E+00 2.18658E+00 2.19154E+00 1.27533E+00 1.27132E+00 2.05193E-01 3.27248E+01 
4.94496E-01 1.55122E+00 1.55527E+00 2.45923E+00 2.45702E+00 2.45773E+00 2.46283E+00 1.55527E+00 1.55122E+00 4.94496E-01 4.09879E+01 
8.35455E-01 1.88268E+00 1.88678E+00 2.78184E+00 2.77960E+00 2.78038E+00 2.78563E+00 1.88678E+00 1.88268E+00 8.35455E-01 5.08128E+01 
1.23490E+00 2.27254E+00 2.27670E+00 3.16280E+00 3.16053E+00 3.16137E+00 3.16677E+00 2.27670E+00 2.27254E+00 1.23490E+00 6.24222E+01 
1.70036E+00 2.72835E+00 2.73257E+00 3.60965E+00 3.60735E+00 3.60827E+00 3.61382E+00 2.73257E+00 2.72835E+00 1.70036E+00 7.60547E+01 
2.24010E+00 3.25837E+00 3.26265E+00 4.13068E+00 4.12834E+00 4.12934E+00 4.13506E+00 3.26265E+00 3.25837E+00 2.24010E+00 9.19632E+01 
2.86311E+00 3.87162E+00 3.87595E+00 4.73489E+00 4.73253E+00 4.73360E+00 4.73949E+00 3.87595E+00 3.87162E+00 2.86311E+00 1.10412E+02 
3.57917E+00 4.57786E+00 4.58226E+00 5.43208E+00 5.42969E+00 5.43085E+00 5.43691E+00 4.58226E+00 4.57786E+00 3.57917E+00 1.31675E+02 
4.39881E+00 5.38765E+00 5.39212E+00 6.23281E+00 6.23038E+00 6.23163E+00 6.23787E+00 5.39212E+00 5.38765E+00 4.39881E+00 1.56033E+02 
5.33333E+00 6.31229E+00 6.31683E+00 7.14838E+00 7.14591E+00 7.14727E+00 7.15369E+00 6.31683E+00 6.31229E+00 5.33333E+00 1.83769E+02 
6.39474E+00 7.36380E+00 7.36842E+00 8.19081E+00 8.18832E+00 8.18978E+00 8.19640E+00 7.36842E+00 7.36380E+00 6.39474E+00 2.15165E+02 
7.59574E+00 8.55489E+00 8.55959E+00 9.37284E+00 9.37031E+00 9.37188E+00 9.37870E+00 8.55959E+00 8.55489E+00 7.59574E+00 2.50498E+02 
8.94965E+00 9.89887E+00 9.90366E+00 1.07078E+01 1.07052E+01 1.07069E+01 1.07139E+01 9.90366E+00 9.89887E+00 8.94965E+00 2.90037E+02 
3.26346E-02 1.18887E-01 -3.32703E-02 9.17657E-01 9.15630E-01 9.15853E-01 9.19922E-01 -3.32701E-02 1.18887E-01 3.26346E-02 -8.55518E-01 
3.26346E-02 1.18887E-01 -1.21040E-02 9.31514E-01 9.29464E-01 9.29718E-01 9.33884E-01 -1.21038E-02 1.18887E-01 3.26346E-02 -2.97687E-01 
3.26346E-02 1.36174E-02 1.73418E-02 9.53674E-01 9.51600E-01 9.51886E-01 9.56153E-01 1.73421E-02 1.36174E-02 3.26346E-02 4.11592E-01 
3.26346E-02 5.23081E-02 5.60616E-02 9.85119E-01 9.83021E-01 9.83342E-01 9.87711E-01 5.60618E-02 5.23081E-02 3.26346E-02 1.28990E+00 
3.26346E-02 1.02111E-01 1.05895E-01 1.02760E+00 1.02548E+00 1.02584E+00 1.03031E+00 1.05895E-01 1.02111E-01 3.26346E-02 2.41157E+00 
3.26346E-02 1.64572E-01 1.68389E-01 1.08268E+00 1.08053E+00 1.08093E+00 1.08552E+00 1.68389E-01 1.64572E-01 3.26346E-02 3.83186E+00 
3.26346E-02 2.41411E-01 2.45262E-01 1.15208E+00 1.14991E+00 1.15034E+00 1.15504E+00 2.45263E-01 2.41411E-01 3.26346E-02 5.61460E+00 
3.26346E-02 3.11931E-01 3.15810E-01 1.21681E+00 1.21461E+00 1.21509E+00 1.21987E+00 3.15811E-01 3.11931E-01 3.26346E-02 7.28852E+00 
3.26346E-02 3.34529E-01 3.38417E-01 1.23771E+00 1.23551E+00 1.23599E+00 1.24080E+00 3.38417E-01 3.34529E-01 3.26346E-02 7.83248E+00 
3.26346E-02 4.55605E-01 4.59535E-01 1.35065E+00 1.34843E+00 1.34896E+00 1.35390E+00 4.59535E-01 4.55605E-01 3.26346E-02 1.08060E+01 
3.26346E-02 6.01013E-01 6.04987E-01 1.48789E+00 1.48563E+00 1.48622E+00 1.49130E+00 6.04987E-01 6.01013E-01 3.26346E-02 1.44962E+01 
3.26346E-02 7.74050E-01 7.78070E-01 1.65272E+00 1.65043E+00 1.65108E+00 1.65630E+00 7.78070E-01 7.74050E-01 3.26346E-02 1.90319E+01 
3.26346E-02 9.78386E-01 9.82455E-01 1.84882E+00 1.84650E+00 1.84721E+00 1.85257E+00 9.82456E-01 9.78386E-01 3.26346E-02 2.45544E+01 
1.92689E-01 1.20200E+00 1.20613E+00 2.06426E+00 2.06191E+00 2.06268E+00 2.06820E+00 1.20613E+00 1.20200E+00 1.92689E-01 3.10429E+01 
4.63387E-01 1.46375E+00 1.46792E+00 2.31776E+00 2.31539E+00 2.31623E+00 2.32189E+00 1.46792E+00 1.46375E+00 4.63387E-01 3.87381E+01 
7.81228E-01 1.77254E+00 1.77678E+00 2.61826E+00 2.61585E+00 2.61676E+00 2.62259E+00 1.77678E+00 1.77254E+00 7.81228E-01 4.78510E+01 
1.15225E+00 2.13444E+00 2.13874E+00 2.97180E+00 2.96936E+00 2.97035E+00 2.97635E+00 2.13874E+00 2.13444E+00 1.15225E+00 5.85756E+01 
1.58309E+00 2.55608E+00 2.56045E+00 3.38503E+00 3.38256E+00 3.38364E+00 3.38981E+00 2.56045E+00 2.55608E+00 1.58309E+00 7.11183E+01 
2.08097E+00 3.04471E+00 3.04915E+00 3.86522E+00 3.86271E+00 3.86389E+00 3.87023E+00 3.04915E+00 3.04471E+00 2.08097E+00 8.56959E+01 
2.65376E+00 3.60819E+00 3.61270E+00 4.42022E+00 4.41769E+00 4.41896E+00 4.42549E+00 3.61270E+00 3.60819E+00 2.65376E+00 1.02533E+02 
3.30992E+00 4.25501E+00 4.25959E+00 5.05854E+00 5.05597E+00 5.05735E+00 5.06407E+00 4.25959E+00 4.25501E+00 3.30992E+00 1.21861E+02 
4.05855E+00 4.99426E+00 4.99892E+00 5.78929E+00 5.78669E+00 5.78817E+00 5.79509E+00 4.99893E+00 4.99426E+00 4.05855E+00 1.43913E+02 
4.90937E+00 5.83566E+00 5.84041E+00 6.62218E+00 6.61954E+00 6.62114E+00 6.62826E+00 5.84041E+00 5.83566E+00 4.90937E+00 1.68923E+02 
5.87260E+00 6.78946E+00 6.79431E+00 7.56747E+00 7.56480E+00 7.56652E+00 7.57385E+00 6.79431E+00 6.78946E+00 5.87260E+00 1.97121E+02 
6.95903E+00 7.86645E+00 7.87139E+00 8.63595E+00 8.63325E+00 8.63510E+00 8.64266E+00 7.87139E+00 7.86645E+00 6.95903E+00 2.28730E+02 
8.17989E+00 9.07786E+00 9.08290E+00 9.83887E+00 9.83613E+00 9.83812E+00 9.84590E+00 9.08290E+00 9.07786E+00 8.17989E+00 2.63962E+02 
3.06674E-02 1.15021E-01 -3.27405E-02 8.61277E-01 8.59086E-01 8.59345E-01 8.63868E-01 -3.27404E-02 1.15021E-01 3.06674E-02 -8.30258E-01 
3.06674E-02 1.15021E-01 -1.17529E-02 8.75396E-01 8.73180E-01 8.73477E-01 8.78108E-01 -1.17528E-02 1.15021E-01 3.06674E-02 -2.85712E-01 
3.06674E-02 1.33012E-02 1.70888E-02 8.97391E-01 8.95151E-01 8.95486E-01 9.00228E-01 1.70888E-02 1.33012E-02 3.06674E-02 4.05147E-01 
3.06674E-02 5.08676E-02 5.46906E-02 9.28156E-01 9.25891E-01 9.26268E-01 9.31124E-01 5.46906E-02 5.08676E-02 3.06674E-02 1.25828E+00 
3.06674E-02 9.88995E-02 1.02760E-01 9.69319E-01 9.67028E-01 9.67449E-01 9.72423E-01 1.02760E-01 9.88995E-02 3.06674E-02 2.34450E+00 
3.06674E-02 1.58807E-01 1.62707E-01 1.02230E+00 1.01998E+00 1.02045E+00 1.02554E+00 1.62707E-01 1.58807E-01 3.06674E-02 3.71516E+00 
3.06674E-02 2.32153E-01 2.36095E-01 1.08866E+00 1.08631E+00 1.08683E+00 1.09205E+00 2.36095E-01 2.32153E-01 3.06674E-02 5.42912E+00 
3.06674E-02 2.99215E-01 3.03191E-01 1.15028E+00 1.14792E+00 1.14848E+00 1.15380E+00 3.03191E-01 2.99215E-01 3.06674E-02 7.03287E+00 
3.06674E-02 3.20663E-01 3.24649E-01 1.17014E+00 1.16777E+00 1.16834E+00 1.17369E+00 3.24649E-01 3.20663E-01 3.06674E-02 7.55299E+00 
3.06674E-02 4.35289E-01 4.39325E-01 1.27713E+00 1.27473E+00 1.27537E+00 1.28086E+00 4.39325E-01 4.35289E-01 3.06674E-02 1.03883E+01 
3.06674E-02 5.72427E-01 5.76516E-01 1.40660E+00 1.40417E+00 1.40487E+00 1.41051E+00 5.76516E-01 5.72427E-01 3.06674E-02 1.38914E+01 
3.06674E-02 7.35044E-01 7.39188E-01 1.56152E+00 1.55906E+00 1.55982E+00 1.56562E+00 7.39189E-01 7.35044E-01 3.06674E-02 1.81775E+01 
3.06674E-02 9.26430E-01 9.30633E-01 1.74518E+00 1.74268E+00 1.74352E+00 1.74948E+00 9.30633E-01 9.26430E-01 3.06674E-02 2.33726E+01 
1.80815E-01 1.13603E+00 1.14030E+00 1.94710E+00 1.94458E+00 1.94549E+00 1.95161E+00 1.14030E+00 1.13603E+00 1.80815E-01 2.94363E+01 
4.33908E-01 1.38059E+00 1.38492E+00 2.18393E+00 2.18138E+00 2.18238E+00 2.18867E+00 1.38492E+00 1.38059E+00 4.33908E-01 3.65951E+01 
7.29951E-01 1.66802E+00 1.67242E+00 2.46357E+00 2.46098E+00 2.46207E+00 2.46854E+00 1.67242E+00 1.66802E+00 7.29951E-01 4.50378E+01 
1.07427E+00 2.00365E+00 2.00812E+00 2.79135E+00 2.78873E+00 2.78992E+00 2.79656E+00 2.00812E+00 2.00365E+00 1.07427E+00 5.49328E+01 
1.47268E+00 2.39330E+00 2.39785E+00 3.17312E+00 3.17046E+00 3.17175E+00 3.17859E+00 2.39785E+00 2.39330E+00 1.47268E+00 6.64575E+01 
1.93150E+00 2.84330E+00 2.84794E+00 3.61520E+00 3.61251E+00 3.61390E+00 3.62094E+00 2.84794E+00 2.84330E+00 1.93150E+00 7.97966E+01 
2.45755E+00 3.36049E+00 3.36521E+00 4.12443E+00 4.12171E+00 4.12322E+00 4.13046E+00 3.36521E+00 3.36049E+00 2.45755E+00 9.51401E+01 
3.05816E+00 3.95220E+00 3.95701E+00 4.70817E+00 4.70542E+00 4.70704E+00 4.71449E+00 3.95701E+00 3.95220E+00 3.05816E+00 1.12681E+02 
3.74114E+00 4.62624E+00 4.63115E+00 5.37423E+00 5.37145E+00 5.37320E+00 5.38087E+00 4.63115E+00 4.62624E+00 3.74114E+00 1.32612E+02 
4.51479E+00 5.39093E+00 5.39594E+00 6.13093E+00 6.12811E+00 6.13000E+00 6.13789E+00 5.39594E+00 5.39093E+00 4.51479E+00 1.55124E+02 
5.38781E+00 6.25496E+00 6.26007E+00 6.98698E+00 6.98412E+00 6.98616E+00 6.99428E+00 6.26008E+00 6.25496E+00 5.38781E+00 1.80403E+02 
6.36929E+00 7.22745E+00 7.23267E+00 7.95148E+00 7.94859E+00 7.95078E+00 7.95915E+00 7.23267E+00 7.22745E+00 6.36929E+00 2.08626E+02 
7.46862E+00 8.31778E+00 8.32312E+00 9.03385E+00 9.03093E+00 9.03328E+00 9.04189E+00 8.32312E+00 8.31778E+00 7.46862E+00 2.39957E+02 
2.87972E-02 1.11280E-01 -3.22045E-02 8.08366E-01 8.05998E-01 8.06303E-01 8.11332E-01 -3.22046E-02 1.11280E-01 2.87972E-02 -8.05984E-01 
2.87972E-02 1.11280E-01 -1.13869E-02 8.22728E-01 8.20335E-01 8.20685E-01 8.25834E-01 -1.13870E-02 1.11280E-01 2.87972E-02 -2.73573E-01 
2.87972E-02 1.29945E-02 1.68696E-02 8.44550E-01 8.42131E-01 8.42528E-01 8.47800E-01 1.68695E-02 1.29945E-02 2.87972E-02 4.00089E-01 
2.87972E-02 4.94710E-02 5.33889E-02 8.74643E-01 8.72198E-01 8.72646E-01 8.78043E-01 5.33889E-02 4.94710E-02 2.87972E-02 1.22938E+00 
2.87972E-02 9.57911E-02 9.97542E-02 9.14517E-01 9.12045E-01 9.12546E-01 9.18073E-01 9.97541E-02 9.57911E-02 2.87972E-02 2.28171E+00 
2.87972E-02 1.53237E-01 1.57248E-01 9.65459E-01 9.62961E-01 9.63518E-01 9.69180E-01 1.57248E-01 1.53237E-01 2.87972E-02 3.60465E+00 
2.87972E-02 2.23228E-01 2.27289E-01 1.02890E+00 1.02637E+00 1.02699E+00 1.03279E+00 2.27289E-01 2.23228E-01 2.87972E-02 5.25233E+00 
2.87972E-02 2.86978E-01 2.91079E-01 1.08754E+00 1.08500E+00 1.08566E+00 1.09157E+00 2.91079E-01 2.86978E-01 2.87972E-02 6.78843E+00 
2.87972E-02 3.07325E-01 3.11438E-01 1.10639E+00 1.10384E+00 1.10452E+00 1.11046E+00 3.11438E-01 3.07325E-01 2.87972E-02 7.28558E+00 
2.87972E-02 4.15794E-01 4.19967E-01 1.20770E+00 1.20512E+00 1.20587E+00 1.21198E+00 4.19967E-01 4.15794E-01 2.87972E-02 9.98790E+00 
2.87972E-02 5.45064E-01 5.49299E-01 1.32978E+00 1.32716E+00 1.32799E+00 1.33426E+00 5.49299E-01 5.45064E-01 2.87972E-02 1.33111E+01 
2.87972E-02 6.97795E-01 7.02096E-01 1.47528E+00 1.47264E+00 1.47355E+00 1.47998E+00 7.02096E-01 6.97795E-01 2.87972E-02 1.73582E+01 
2.87972E-02 8.76930E-01 8.81301E-01 1.64716E+00 1.64449E+00 1.64548E+00 1.65210E+00 8.81301E-01 8.76930E-01 2.87972E-02 2.22408E+01 
1.69543E-01 1.07324E+00 1.07768E+00 1.83627E+00 1.83356E+00 1.83465E+00 1.84144E+00 1.07768E+00 1.07324E+00 1.69543E-01 2.79018E+01 
4.05982E-01 1.30155E+00 1.30607E+00 2.05733E+00 2.05459E+00 2.05577E+00 2.06275E+00 1.30607E+00 1.30155E+00 4.05982E-01 3.45541E+01 
6.81481E-01 1.56884E+00 1.57345E+00 2.31731E+00 2.31454E+00 2.31583E+00 2.32300E+00 1.57345E+00 1.56884E+00 6.81481E-01 4.23665E+01 
1.00072E+00 1.87980E+00 1.88449E+00 2.62091E+00 2.61810E+00 2.61951E+00 2.62688E+00 1.88449E+00 1.87980E+00 1.00072E+00 5.14841E+01 
1.36878E+00 2.23952E+00 2.24430E+00 2.97323E+00 2.97039E+00 2.97191E+00 2.97950E+00 2.24430E+00 2.23952E+00 1.36878E+00 6.20585E+01 
1.79116E+00 2.65350E+00 2.65838E+00 3.37977E+00 3.37690E+00 3.37855E+00 3.38635E+00 2.65838E+00 2.65350E+00 1.79116E+00 7.42461E+01 
2.27375E+00 3.12766E+00 3.13263E+00 3.84647E+00 3.84356E+00 3.84535E+00 3.85337E+00 3.13263E+00 3.12766E+00 2.27375E+00 8.82060E+01 
2.82287E+00 3.66830E+00 3.67338E+00 4.37963E+00 4.37669E+00 4.37862E+00 4.38687E+00 3.67338E+00 3.66830E+00 2.82287E+00 1.04098E+02 
3.44521E+00 4.28211E+00 4.28730E+00 4.98595E+00 4.98298E+00 4.98506E+00 4.99355E+00 4.28731E+00 4.28211E+00 3.44521E+00 1.22080E+02 
4.14779E+00 4.97616E+00 4.98147E+00 5.67251E+00 5.66950E+00 5.67174E+00 5.68048E+00 4.98147E+00 4.97616E+00 4.14779E+00 1.42307E+02 
4.93798E+00 5.75779E+00 5.76322E+00 6.44664E+00 6.44361E+00 6.44601E+00 6.45501E+00 5.76322E+00 5.75779E+00 4.93798E+00 1.64925E+02 
5.82339E+00 6.63463E+00 6.64019E+00 7.31600E+00 7.31293E+00 7.31552E+00 7.32478E+00 6.64019E+00 6.63463E+00 5.82339E+00 1.90073E+02 
6.81185E+00 7.61452E+00 7.62021E+00 8.28841E+00 8.28531E+00 8.28808E+00 8.29761E+00 7.62021E+00 7.61452E+00 6.81185E+00 2.17876E+02 
2.70198E-02 1.07656E-01 -3.16546E-02 7.58720E-01 7.56164E-01 7.56530E-01 7.62122E-01 -3.16547E-02 1.07656E-01 2.70198E-02 -7.82480E-01 
2.70198E-02 1.07656E-01 -1.10010E-02 7.73306E-01 7.70723E-01 7.71143E-01 7.76868E-01 -1.10012E-02 1.07656E-01 2.70198E-02 -2.61109E-01 
2.70198E-02 1.26958E-02 1.66868E-02 7.94944E-01 7.92335E-01 7.92812E-01 7.98673E-01 1.66866E-02 1.26958E-02 2.70198E-02 3.96512E-01 
2.70198E-02 4.81140E-02 5.21561E-02 8.24373E-01 8.21737E-01 8.22273E-01 8.28274E-01 5.21560E-02 4.81140E-02 2.70198E-02 1.20320E+00 
2.70198E-02 9.27776E-02 9.68735E-02 8.62987E-01 8.60324E-01 8.60924E-01 8.67068E-01 9.68734E-02 9.27776E-02 2.70198E-02 2.22311E+00 
2.70198E-02 1.47851E-01 1.52003E-01 9.11957E-01 9.09266E-01 9.09934E-01 9.16227E-01 1.52003E-01 1.47851E-01 2.70198E-02 3.50012E+00 
2.70198E-02 2.14618E-01 2.18829E-01 9.72574E-01 9.69855E-01 9.70594E-01 9.77040E-01 2.18829E-01 2.14618E-01 2.70198E-02 5.08388E+00 
2.70198E-02 2.75193E-01 2.79453E-01 1.02836E+00 1.02562E+00 1.02642E+00 1.03299E+00 2.79453E-01 2.75193E-01 2.70198E-02 6.55472E+00 
2.70198E-02 2.94489E-01 2.98763E-01 1.04625E+00 1.04351E+00 1.04432E+00 1.05092E+00 2.98763E-01 2.94489E-01 2.70198E-02 7.02972E+00 
2.70198E-02 3.97080E-01 4.01425E-01 1.14213E+00 1.13935E+00 1.14025E+00 1.14703E+00 4.01425E-01 3.97080E-01 2.70198E-02 9.60390E+00 
2.70198E-02 5.18863E-01 5.23281E-01 1.25716E+00 1.25435E+00 1.25534E+00 1.26230E+00 5.23281E-01 5.18863E-01 2.70198E-02 1.27543E+01 
2.70198E-02 6.62218E-01 6.66714E-01 1.39373E+00 1.39089E+00 1.39198E+00 1.39913E+00 6.66714E-01 6.62218E-01 2.70198E-02 1.65725E+01 
2.70198E-02 8.29768E-01 8.34346E-01 1.55448E+00 1.55160E+00 1.55280E+00 1.56014E+00 8.34346E-01 8.29768E-01 2.70198E-02 2.11570E+01 
1.58845E-01 1.01347E+00 1.01814E+00 1.73142E+00 1.72851E+00 1.72982E+00 1.73736E+00 1.01814E+00 1.01347E+00 1.58845E-01 2.64363E+01 
3.79537E-01 1.22642E+00 1.23118E+00 1.93757E+00 1.93463E+00 1.93605E+00 1.94380E+00 1.23118E+00 1.22642E+00 3.79537E-01 3.26108E+01 
6.35686E-01 1.47475E+00 1.47960E+00 2.17904E+00 2.17607E+00 2.17761E+00 2.18557E+00 1.47960E+00 1.47475E+00 6.35686E-01 3.98306E+01 
9.31383E-01 1.76257E+00 1.76752E+00 2.45995E+00 2.45694E+00 2.45862E+00 2.46680E+00 1.76752E+00 1.76257E+00 9.31383E-01 4.82203E+01 
1.27105E+00 2.09429E+00 2.09935E+00 2.78473E+00 2.78169E+00 2.78351E+00 2.79192E+00 2.09935E+00 2.09429E+00 1.27105E+00 5.79084E+01 
1.65946E+00 2.47470E+00 2.47987E+00 3.15816E+00 3.15509E+00 3.15706E+00 3.16571E+00 2.47987E+00 2.47470E+00 1.65946E+00 6.90263E+01 
2.10169E+00 2.90888E+00 2.91416E+00 3.58535E+00 3.58224E+00 3.58436E+00 3.59326E+00 2.91416E+00 2.90888E+00 2.10169E+00 8.17062E+01 
2.60313E+00 3.40224E+00 3.40764E+00 4.07169E+00 4.06855E+00 4.07084E+00 4.07999E+00 3.40765E+00 3.40224E+00 2.60313E+00 9.60791E+01 
3.16947E+00 3.96047E+00 3.96600E+00 4.62289E+00 4.61972E+00 4.62219E+00 4.63160E+00 3.96600E+00 3.96047E+00 3.16947E+00 1.12273E+02 
3.80666E+00 4.58953E+00 4.59520E+00 5.24492E+00 5.24172E+00 5.24437E+00 5.25405E+00 4.59520E+00 4.58953E+00 3.80666E+00 1.30410E+02 
4.52088E+00 5.29559E+00 5.30140E+00 5.94396E+00 5.94072E+00 5.94357E+00 5.95353E+00 5.30140E+00 5.29559E+00 4.52088E+00 1.50606E+02 
5.31846E+00 6.08501E+00 6.09096E+00 6.72635E+00 6.72308E+00 6.72614E+00 6.73639E+00 6.09096E+00 6.08501E+00 5.31846E+00 1.72966E+02 
6.20586E+00 6.96424E+00 6.97035E+00 7.59857E+00 7.59527E+00 7.59855E+00 7.60910E+00 6.97035E+00 6.96424E+00 6.20586E+00 1.97583E+02 
2.53311E-02 1.04141E-01 -3.10822E-02 7.12152E-01 7.09394E-01 7.09838E-01 7.16060E-01 -3.10824E-02 1.04141E-01 2.53311E-02 -7.59512E-01 
2.53311E-02 1.04141E-01 -1.05894E-02 7.26939E-01 7.24154E-01 7.24663E-01 7.31032E-01 -1.05896E-02 1.04141E-01 2.53311E-02 -2.48135E-01 
2.53311E-02 1.24041E-02 1.65434E-02 7.48383E-01 7.45571E-01 7.46148E-01 7.52668E-01 1.65432E-02 1.24041E-02 2.53311E-02 3.94532E-01 
2.53311E-02 4.67924E-02 5.09924E-02 7.77151E-01 7.74311E-01 7.74961E-01 7.81635E-01 5.09923E-02 4.67924E-02 2.53311E-02 1.17980E+00 
2.53311E-02 8.98514E-02 9.41151E-02 8.14534E-01 8.11667E-01 8.12393E-01 8.19225E-01 9.41150E-02 8.98514E-02 2.53311E-02 2.16862E+00 
2.53311E-02 1.42635E-01 1.46965E-01 8.61592E-01 8.58696E-01 8.59503E-01 8.66499E-01 1.46965E-01 1.42635E-01 2.53311E-02 3.40140E+00 
2.53311E-02 2.06303E-01 2.10704E-01 9.19490E-01 9.16565E-01 9.17458E-01 9.24623E-01 2.10704E-01 2.06303E-01 2.53311E-02 4.92346E+00 
2.53311E-02 2.63838E-01 2.68295E-01 9.72533E-01 9.69586E-01 9.70548E-01 9.77847E-01 2.68295E-01 2.63838E-01 2.53311E-02 6.33131E+00 
2.53311E-02 2.82127E-01 2.86601E-01 9.89504E-01 9.86550E-01 9.87533E-01 9.94872E-01 2.86601E-01 2.82127E-01 2.53311E-02 6.78494E+00 
2.53311E-02 3.79108E-01 3.83665E-01 1.08018E+00 1.07720E+00 1.07828E+00 1.08582E+00 3.83665E-01 3.79108E-01 2.53311E-02 9.23566E+00 
2.53311E-02 4.93769E-01 4.98413E-01 1.18851E+00 1.18549E+00 1.18669E+00 1.19442E+00 4.98413E-01 4.93769E-01 2.53311E-02 1.22200E+01 
2.53311E-02 6.28233E-01 6.32968E-01 1.31661E+00 1.31356E+00 1.31487E+00 1.32281E+00 6.32968E-01 6.28233E-01 2.53311E-02 1.58190E+01 
2.53311E-02 7.84832E-01 7.89663E-01 1.46683E+00 1.46375E+00 1.46518E+00 1.47333E+00 7.89663E-01 7.84832E-01 2.53311E-02 2.01191E+01 
1.48697E-01 9.56590E-01 9.61521E-01 1.63224E+00 1.62913E+00 1.63069E+00 1.63906E+00 9.61521E-01 9.56590E-01 1.48697E-01 2.50370E+01 
3.54507E-01 1.15503E+00 1.16006E+00 1.82430E+00 1.82115E+00 1.82285E+00 1.83145E+00 1.16006E+00 1.15503E+00 3.54507E-01 3.07607E+01 
5.92436E-01 1.38551E+00 1.39066E+00 2.04834E+00 2.04517E+00 2.04701E+00 2.05584E+00 1.39066E+00 1.38551E+00 5.92436E-01 3.74240E+01 
8.66050E-01 1.65161E+00 1.65687E+00 2.30797E+00 2.30476E+00 2.30676E+00 2.31583E+00 1.65687E+00 1.65161E+00 8.66050E-01 4.51326E+01 
1.17919E+00 1.95718E+00 1.96256E+00 2.60702E+00 2.60378E+00 2.60595E+00 2.61527E+00 1.96256E+00 1.95718E+00 1.17919E+00 5.39947E+01 
1.53595E+00 2.30632E+00 2.31183E+00 2.94962E+00 2.94635E+00 2.94869E+00 2.95827E+00 2.31183E+00 2.30632E+00 1.53595E+00 6.41199E+01 
1.94069E+00 2.70340E+00 2.70905E+00 3.34014E+00 3.33683E+00 3.33936E+00 3.34921E+00 2.70905E+00 2.70340E+00 1.94069E+00 7.56167E+01 
2.39801E+00 3.15302E+00 3.15881E+00 3.78318E+00 3.77984E+00 3.78256E+00 3.79269E+00 3.15881E+00 3.15302E+00 2.39801E+00 8.85914E+01 
2.91271E+00 3.65999E+00 3.66593E+00 4.28356E+00 4.28019E+00 4.28311E+00 4.29353E+00 3.66593E+00 3.65999E+00 2.91271E+00 1.03146E+02 
3.48980E+00 4.22932E+00 4.23541E+00 4.84630E+00 4.84290E+00 4.84604E+00 4.85676E+00 4.23541E+00 4.22932E+00 3.48980E+00 1.19376E+02 
4.13440E+00 4.86616E+00 4.87240E+00 5.47654E+00 5.47310E+00 5.47648E+00 5.48750E+00 4.87241E+00 4.86616E+00 4.13440E+00 1.37370E+02 
4.85176E+00 5.57573E+00 5.58215E+00 6.17953E+00 6.17607E+00 6.17968E+00 6.19102E+00 5.58215E+00 5.57573E+00 4.85176E+00 1.57206E+02 
5.64716E+00 6.36335E+00 6.36994E+00 6.96057E+00 6.95708E+00 6.96095E+00 6.97261E+00 6.36994E+00 6.36335E+00 5.64716E+00 1.78950E+02 
2.37275E-02 1.00724E-01 -3.04783E-02 6.68480E-01 6.65508E-01 6.66053E-01 6.72980E-01 -3.04785E-02 1.00724E-01 2.37275E-02 -7.36824E-01 
2.37275E-02 1.00724E-01 -1.01455E-02 6.83446E-01 6.80446E-01 6.81070E-01 6.88159E-01 -1.01457E-02 1.00724E-01 2.37275E-02 -2.34443E-01 
2.37275E-02 1.21182E-02 1.64434E-02 7.04684E-01 7.01656E-01 7.02362E-01 7.09617E-01 1.64432E-02 1.21182E-02 2.37275E-02 3.94294E-01 
2.37275E-02 4.55024E-02 4.98993E-02 7.32796E-01 7.29740E-01 7.30532E-01 7.37957E-01 4.98991E-02 4.55024E-02 2.37275E-02 1.15922E+00 
2.37275E-02 8.70051E-02 9.14771E-02 7.68974E-01 7.65889E-01 7.66773E-01 7.74373E-01 9.14770E-02 8.70051E-02 2.37275E-02 2.11823E+00 
2.37275E-02 1.37578E-01 1.42129E-01 8.14175E-01 8.11062E-01 8.12043E-01 8.19823E-01 1.42129E-01 1.37578E-01 2.37275E-02 3.30836E+00 
2.37275E-02 1.98268E-01 2.02900E-01 8.69452E-01 8.66310E-01 8.67392E-01 8.75358E-01 2.02900E-01 1.98268E-01 2.37275E-02 4.77081E+00 
2.37275E-02 2.52888E-01 2.57587E-01 9.19859E-01 9.16694E-01 9.17859E-01 9.25973E-01 2.57587E-01 2.52888E-01 2.37275E-02 6.11781E+00 
2.37275E-02 2.70214E-01 2.74933E-01 9.35948E-01 9.32777E-01 9.33967E-01 9.42125E-01 2.74933E-01 2.70214E-01 2.37275E-02 6.55081E+00 
2.37275E-02 3.61841E-01 3.66657E-01 1.02166E+00 1.01846E+00 1.01977E+00 1.02814E+00 3.66657E-01 3.61841E-01 2.37275E-02 8.88255E+00 
2.37275E-02 4.69727E-01 4.74645E-01 1.12361E+00 1.12037E+00 1.12181E+00 1.13041E+00 4.74645E-01 4.69727E-01 2.37275E-02 1.17073E+01 
2.37275E-02 5.95763E-01 6.00788E-01 1.24368E+00 1.24041E+00 1.24199E+00 1.25081E+00 6.00788E-01 5.95763E-01 2.37275E-02 1.50965E+01 
2.37275E-02 7.42013E-01 7.47149E-01 1.38394E+00 1.38064E+00 1.38236E+00 1.39141E+00 7.47149E-01 7.42013E-01 2.37275E-02 1.91254E+01 
1.39074E-01 9.02456E-01 9.07707E-01 1.53843E+00 1.53510E+00 1.53698E+00 1.54627E+00 9.07707E-01 9.02456E-01 1.39074E-01 2.37010E+01 
3.30825E-01 1.08718E+00 1.09256E+00 1.71717E+00 1.71381E+00 1.71585E+00 1.72539E+00 1.09256E+00 1.08718E+00 3.30825E-01 2.90000E+01 
5.51609E-01 1.30087E+00 1.30637E+00 1.92483E+00 1.92143E+00 1.92364E+00 1.93344E+00 1.30637E+00 1.30087E+00 5.51609E-01 3.51407E+01 
8.04522E-01 1.54663E+00 1.55226E+00 2.16451E+00 2.16108E+00 2.16347E+00 2.17354E+00 1.55226E+00 1.54663E+00 8.04522E-01 4.22125E+01 
1.09287E+00 1.82776E+00 1.83354E+00 2.43953E+00 2.43608E+00 2.43866E+00 2.44900E+00 1.83354E+00 1.82776E+00 1.09287E+00 5.03057E+01 
1.42018E+00 2.14781E+00 2.15373E+00 2.75344E+00 2.74996E+00 2.75275E+00 2.76337E+00 2.15373E+00 2.14781E+00 1.42018E+00 5.95105E+01 
1.79015E+00 2.51048E+00 2.51656E+00 3.10996E+00 3.10644E+00 3.10945E+00 3.12036E+00 2.51656E+00 2.51048E+00 1.79015E+00 6.99151E+01 
2.20668E+00 2.91967E+00 2.92591E+00 3.51297E+00 3.50943E+00 3.51266E+00 3.52388E+00 2.92591E+00 2.91967E+00 2.20668E+00 8.16043E+01 
2.67380E+00 3.37942E+00 3.38583E+00 3.96655E+00 3.96297E+00 3.96645E+00 3.97798E+00 3.38583E+00 3.37942E+00 2.67380E+00 9.46581E+01 
3.19567E+00 3.89391E+00 3.90050E+00 4.47485E+00 4.47125E+00 4.47498E+00 4.48683E+00 3.90050E+00 3.89391E+00 3.19567E+00 1.09150E+02 
3.77655E+00 4.46739E+00 4.47415E+00 5.04215E+00 5.03851E+00 5.04251E+00 5.05470E+00 4.47416E+00 4.46739E+00 3.77655E+00 1.25145E+02 
4.42072E+00 5.10414E+00 5.11110E+00 5.67272E+00 5.66906E+00 5.67334E+00 5.68587E+00 5.11110E+00 5.10414E+00 4.42072E+00 1.42700E+02 
5.13246E+00 5.80846E+00 5.81562E+00 6.37088E+00 6.36719E+00 6.37176E+00 6.38465E+00 5.81562E+00 5.80846E+00 5.13246E+00 1.61858E+02 
2.22050E-02 9.73993E-02 -2.98329E-02 6.27539E-01 6.24337E-01 6.25014E-01 6.32729E-01 -2.98331E-02 9.73993E-02 2.22050E-02 -7.14126E-01 
2.22050E-02 9.73993E-02 -9.66195E-03 6.42660E-01 6.39430E-01 6.40201E-01 6.48094E-01 -9.66218E-03 9.73993E-02 2.22050E-02 -2.19794E-01 
2.22050E-02 1.18370E-02 1.63919E-02 6.63678E-01 6.60420E-01 6.61289E-01 6.69365E-01 1.63916E-02 1.18370E-02 2.22050E-02 3.95971E-01 
2.22050E-02 4.42401E-02 4.88791E-02 6.91135E-01 6.87849E-01 6.88822E-01 6.97084E-01 4.88789E-02 4.42401E-02 2.22050E-02 1.14156E+00 
2.22050E-02 8.42320E-02 8.89591E-02 7.26132E-01 7.22818E-01 7.23900E-01 7.32355E-01 8.89590E-02 8.42320E-02 2.22050E-02 2.07193E+00 
2.22050E-02 1.32670E-01 1.37489E-01 7.69532E-01 7.66189E-01 7.67386E-01 7.76040E-01 1.37489E-01 1.32670E-01 2.22050E-02 3.22087E+00 
2.22050E-02 1.90494E-01 1.95410E-01 8.22279E-01 8.18908E-01 8.20225E-01 8.29084E-01 1.95410E-01 1.90494E-01 2.22050E-02 4.62567E+00 
2.22050E-02 2.42322E-01 2.47315E-01 8.70154E-01 8.66761E-01 8.68177E-01 8.77197E-01 2.47315E-01 2.42322E-01 2.22050E-02 5.91388E+00 
2.22050E-02 2.58726E-01 2.63742E-01 8.85400E-01 8.81999E-01 8.83445E-01 8.92514E-01 2.63742E-01 2.58726E-01 2.22050E-02 6.32695E+00 
2.22050E-02 3.45244E-01 3.50373E-01 9.66372E-01 9.62941E-01 9.64531E-01 9.73834E-01 3.50373E-01 3.45244E-01 2.22050E-02 8.54396E+00 
2.22050E-02 4.46689E-01 4.51936E-01 1.06224E+00 1.05878E+00 1.06052E+00 1.07007E+00 4.51936E-01 4.46689E-01 2.22050E-02 1.12154E+01 
2.22050E-02 5.64737E-01 5.70107E-01 1.17469E+00 1.17120E+00 1.17311E+00 1.18290E+00 5.70108E-01 5.64737E-01 2.22050E-02 1.44037E+01 
2.22050E-02 7.01210E-01 7.06710E-01 1.30555E+00 1.30203E+00 1.30410E+00 1.31415E+00 7.06710E-01 7.01210E-01 2.22050E-02 1.81741E+01 
1.29953E-01 8.50937E-01 8.56571E-01 1.44970E+00 1.44615E+00 1.44840E+00 1.45871E+00 8.56571E-01 8.50937E-01 1.29953E-01 2.24258E+01 
3.08428E-01 1.02272E+00 1.02849E+00 1.61587E+00 1.61228E+00 1.61473E+00 1.62531E+00 1.02849E+00 1.02272E+00 3.08428E-01 2.73246E+01 
5.13089E-01 1.22062E+00 1.22654E+00 1.80811E+00 1.80449E+00 1.80714E+00 1.81801E+00 1.22654E+00 1.22062E+00 5.13089E-01 3.29751E+01 
7.46605E-01 1.44732E+00 1.45339E+00 2.02911E+00 2.02546E+00 2.02832E+00 2.03948E+00 1.45339E+00 1.44732E+00 7.46605E-01 3.94520E+01 
1.01182E+00 1.70566E+00 1.71189E+00 2.28172E+00 2.27804E+00 2.28113E+00 2.29259E+00 1.71190E+00 1.70566E+00 1.01182E+00 4.68300E+01 
1.31173E+00 1.99864E+00 2.00505E+00 2.56895E+00 2.56525E+00 2.56858E+00 2.58034E+00 2.00505E+00 1.99864E+00 1.31173E+00 5.51824E+01 
1.64947E+00 2.32943E+00 2.33601E+00 2.89396E+00 2.89023E+00 2.89381E+00 2.90590E+00 2.33601E+00 2.32943E+00 1.64947E+00 6.45797E+01 
2.02831E+00 2.70128E+00 2.70805E+00 3.26003E+00 3.25627E+00 3.26011E+00 3.27253E+00 2.70805E+00 2.70128E+00 2.02831E+00 7.50887E+01 
2.45163E+00 3.11758E+00 3.12454E+00 3.67053E+00 3.66674E+00 3.67087E+00 3.68363E+00 3.12454E+00 3.11758E+00 2.45163E+00 8.67706E+01 
2.92285E+00 3.58176E+00 3.58892E+00 4.12892E+00 4.12510E+00 4.12952E+00 4.14263E+00 3.58893E+00 3.58176E+00 2.92285E+00 9.96802E+01 
3.44546E+00 4.09732E+00 4.10469E+00 4.63867E+00 4.63483E+00 4.63956E+00 4.65304E+00 4.10469E+00 4.09732E+00 3.44546E+00 1.13864E+02 
4.02293E+00 4.66772E+00 4.67530E+00 5.20328E+00 5.19942E+00 5.20448E+00 5.21832E+00 4.67530E+00 4.66772E+00 4.02293E+00 1.29360E+02 
4.65869E+00 5.29640E+00 5.30421E+00 5.82618E+00 5.82229E+00 5.82769E+00 5.84192E+00 5.30421E+00 5.29640E+00 4.65869E+00 1.46195E+02 
2.07603E-02 9.41587E-02 -2.91352E-02 5.89171E-01 5.85726E-01 5.86571E-01 5.95164E-01 -2.91355E-02 9.41587E-02 2.07603E-02 -6.91096E-01 
2.07603E-02 9.41587E-02 -9.13046E-03 6.04421E-01 6.00948E-01 6.01905E-01 6.10695E-01 -9.13067E-03 9.41587E-02 2.07603E-02 -2.03913E-01 
2.07603E-02 1.15595E-02 1.63949E-02 6.25204E-01 6.21703E-01 6.22778E-01 6.31769E-01 1.63947E-02 1.15595E-02 2.07603E-02 3.99771E-01 
2.07603E-02 4.30020E-02 4.79359E-02 6.52008E-01 6.48480E-01 6.49677E-01 6.58873E-01 4.79357E-02 4.30020E-02 2.07603E-02 1.12696E+00 
2.07603E-02 8.15256E-02 8.65623E-02 6.85847E-01 6.82291E-01 6.83618E-01 6.93026E-01 8.65622E-02 8.15256E-02 2.07603E-02 2.02976E+00 
2.07603E-02 1.27900E-01 1.33045E-01 7.27497E-01 7.23913E-01 7.25377E-01 7.35002E-01 1.33044E-01 1.27900E-01 2.07603E-02 3.13887E+00 
2.07603E-02 1.82968E-01 1.88225E-01 7.77803E-01 7.74191E-01 7.75799E-01 7.85648E-01 1.88224E-01 1.82968E-01 2.07603E-02 4.48787E+00 
2.07603E-02 2.32120E-01 2.37465E-01 8.23248E-01 8.19614E-01 8.21338E-01 8.31366E-01 2.37466E-01 2.32120E-01 2.07603E-02 5.71920E+00 
2.07603E-02 2.47643E-01 2.53015E-01 8.37684E-01 8.34044E-01 8.35803E-01 8.45883E-01 2.53015E-01 2.47643E-01 2.07603E-02 6.11302E+00 
2.07603E-02 3.29284E-01 3.34788E-01 9.14125E-01 9.10455E-01 9.12386E-01 9.22722E-01 3.34788E-01 3.29284E-01 2.07603E-02 8.21938E+00 
2.07603E-02 4.24604E-01 4.30245E-01 1.00422E+00 1.00052E+00 1.00263E+00 1.01323E+00 4.30245E-01 4.24604E-01 2.07603E-02 1.07435E+01 
2.07603E-02 5.35084E-01 5.40868E-01 1.10945E+00 1.10572E+00 1.10802E+00 1.11890E+00 5.40868E-01 5.35084E-01 2.07603E-02 1.37395E+01 
2.07603E-02 6.62325E-01 6.68258E-01 1.23143E+00 1.22767E+00 1.23017E+00 1.24132E+00 6.68258E-01 6.62325E-01 2.07603E-02 1.72635E+01 
1.21310E-01 8.01909E-01 8.07997E-01 1.36578E+00 1.36199E+00 1.36471E+00 1.37615E+00 8.07998E-01 8.01909E-01 1.21310E-01 2.12088E+01 
2.87258E-01 9.61479E-01 9.67729E-01 1.52008E+00 1.51627E+00 1.51921E+00 1.53094E+00 9.67729E-01 9.61479E-01 2.87258E-01 2.57309E+01 
4.76764E-01 1.14454E+00 1.15096E+00 1.69784E+00 1.69399E+00 1.69717E+00 1.70921E+00 1.15096E+00 1.14454E+00 4.76764E-01 3.09219E+01 
6.92120E-01 1.35340E+00 1.36000E+00 1.90135E+00 1.89748E+00 1.90091E+00 1.91327E+00 1.36000E+00 1.35340E+00 6.92120E-01 3.68436E+01 
9.35749E-01 1.59048E+00 1.59726E+00 2.13306E+00 2.12916E+00 2.13285E+00 2.14554E+00 1.59726E+00 1.59048E+00 9.35749E-01 4.35570E+01 
1.21019E+00 1.85833E+00 1.86530E+00 2.39551E+00 2.39159E+00 2.39556E+00 2.40859E+00 1.86530E+00 1.85833E+00 1.21019E+00 5.11207E+01 
1.51809E+00 2.15959E+00 2.16677E+00 2.69136E+00 2.68741E+00 2.69168E+00 2.70505E+00 2.16677E+00 2.15959E+00 1.51809E+00 5.95904E+01 
1.86216E+00 2.49699E+00 2.50438E+00 3.02334E+00 3.01937E+00 3.02394E+00 3.03768E+00 2.50438E+00 2.49699E+00 1.86216E+00 6.90171E+01 
2.24519E+00 2.87333E+00 2.88094E+00 3.39425E+00 3.39025E+00 3.39515E+00 3.40925E+00 2.88094E+00 2.87333E+00 2.24519E+00 7.94466E+01 
2.66999E+00 3.29143E+00 3.29926E+00 3.80690E+00 3.80288E+00 3.80812E+00 3.82261E+00 3.29926E+00 3.29143E+00 2.66999E+00 9.09181E+01 
3.13938E+00 3.75409E+00 3.76216E+00 4.26413E+00 4.26009E+00 4.26569E+00 4.28057E+00 3.76216E+00 3.75409E+00 3.13938E+00 1.03463E+02 
3.65614E+00 4.26411E+00 4.27242E+00 4.76872E+00 4.76466E+00 4.77064E+00 4.78592E+00 4.27242E+00 4.26411E+00 3.65614E+00 1.17104E+02 
4.22297E+00 4.82419E+00 4.83276E+00 5.32338E+00 5.31930E+00 5.32568E+00 5.34138E+00 4.83276E+00 4.82419E+00 4.22297E+00 1.31856E+02 
1.93899E-02 9.09953E-02 -2.83734E-02 5.53229E-01 5.49527E-01 5.50584E-01 5.60157E-01 -2.83736E-02 9.09953E-02 1.93899E-02 -6.67366E-01 
1.93899E-02 9.09953E-02 -8.54138E-03 5.68581E-01 5.64851E-01 5.66042E-01 5.75831E-01 -8.54155E-03 9.09953E-02 1.93899E-02 -1.86485E-01 
1.93899E-02 1.12848E-02 1.64601E-02 5.89114E-01 5.85357E-01 5.86688E-01 5.96697E-01 1.64599E-02 1.12848E-02 1.93899E-02 4.05942E-01 
1.93899E-02 4.17850E-02 4.70750E-02 6.15264E-01 6.11480E-01 6.12958E-01 6.23192E-01 4.70749E-02 4.17850E-02 1.93899E-02 1.11558E+00 
1.93899E-02 7.88799E-02 8.42895E-02 6.47966E-01 6.44156E-01 6.45788E-01 6.56253E-01 8.42895E-02 7.88799E-02 1.93899E-02 1.99180E+00 
1.93899E-02 1.23259E-01 1.28794E-01 6.87915E-01 6.84078E-01 6.85872E-01 6.96575E-01 1.28794E-01 1.23259E-01 1.93899E-02 3.06232E+00 
1.93899E-02 1.75676E-01 1.81340E-01 7.35866E-01 7.32002E-01 7.33967E-01 7.44916E-01 1.81340E-01 1.75676E-01 1.93899E-02 4.35724E+00 
1.93899E-02 2.22261E-01 2.28029E-01 7.78976E-01 7.75092E-01 7.77194E-01 7.88337E-01 2.28029E-01 2.22261E-01 1.93899E-02 5.53351E+00 
1.93899E-02 2.36941E-01 2.42740E-01 7.92637E-01 7.88746E-01 7.90890E-01 8.02091E-01 2.42740E-01 2.36941E-01 1.93899E-02 5.90872E+00 
1.93899E-02 3.13929E-01 3.19880E-01 8.64750E-01 8.60830E-01 8.63177E-01 8.74658E-01 3.19880E-01 3.13929E-01 1.93899E-02 7.90831E+00 
1.93899E-02 4.03428E-01 4.09538E-01 9.49349E-01 9.45401E-01 9.47961E-01 9.59731E-01 4.09538E-01 4.03428E-01 1.93899E-02 1.02907E+01 
1.93899E-02 5.06739E-01 5.13014E-01 1.04774E+00 1.04376E+00 1.04655E+00 1.05861E+00 5.13014E-01 5.06739E-01 1.93899E-02 1.31027E+01 
1.93899E-02 6.25265E-01 6.31712E-01 1.16133E+00 1.15732E+00 1.16035E+00 1.17272E+00 6.31712E-01 6.25265E-01 1.93899E-02 1.63920E+01 
1.13126E-01 7.55254E-01 7.61878E-01 1.28641E+00 1.28238E+00 1.28565E+00 1.29834E+00 7.61878E-01 7.55254E-01 1.13126E-01 2.00478E+01 
2.67257E-01 9.03306E-01 9.10116E-01 1.42953E+00 1.42547E+00 1.42901E+00 1.44201E+00 9.10116E-01 9.03306E-01 2.67257E-01 2.42154E+01 
4.42527E-01 1.07244E+00 1.07944E+00 1.59368E+00 1.58960E+00 1.59341E+00 1.60675E+00 1.07944E+00 1.07244E+00 4.42527E-01 2.89759E+01 
6.40892E-01 1.26461E+00 1.27181E+00 1.78084E+00 1.77674E+00 1.78084E+00 1.79453E+00 1.27181E+00 1.26461E+00 6.40892E-01 3.43799E+01 
8.64403E-01 1.48187E+00 1.48929E+00 1.99307E+00 1.98895E+00 1.99336E+00 2.00740E+00 1.48929E+00 1.48187E+00 8.64403E-01 4.04762E+01 
1.11520E+00 1.72638E+00 1.73402E+00 2.23252E+00 2.22837E+00 2.23311E+00 2.24752E+00 1.73402E+00 1.72638E+00 1.11520E+00 4.73112E+01 
1.39547E+00 2.00033E+00 2.00820E+00 2.50140E+00 2.49723E+00 2.50231E+00 2.51710E+00 2.00820E+00 2.00033E+00 1.39547E+00 5.49275E+01 
1.70748E+00 2.30599E+00 2.31410E+00 2.80197E+00 2.79778E+00 2.80322E+00 2.81840E+00 2.31410E+00 2.30599E+00 1.70748E+00 6.33633E+01 
2.05350E+00 2.64563E+00 2.65398E+00 3.13651E+00 3.13230E+00 3.13812E+00 3.15370E+00 2.65398E+00 2.64563E+00 2.05350E+00 7.26513E+01 
2.43580E+00 3.02154E+00 3.03015E+00 3.50732E+00 3.50309E+00 3.50931E+00 3.52531E+00 3.03015E+00 3.02154E+00 2.43580E+00 8.28179E+01 
2.85664E+00 3.43596E+00 3.44484E+00 3.91665E+00 3.91241E+00 3.91904E+00 3.93546E+00 3.44484E+00 3.43596E+00 2.85664E+00 9.38823E+01 
3.31821E+00 3.89110E+00 3.90025E+00 4.36670E+00 4.36244E+00 4.36951E+00 4.38637E+00 3.90025E+00 3.89110E+00 3.31821E+00 1.05856E+02 
3.82259E+00 4.38905E+00 4.39849E+00 4.85957E+00 4.85530E+00 4.86282E+00 4.88013E+00 4.39849E+00 4.38905E+00 3.82259E+00 1.18742E+02 
1.80907E-02 8.79029E-02 -2.75343E-02 5.19576E-01 5.15602E-01 5.16927E-01 5.27589E-01 -2.75345E-02 8.79029E-02 1.80907E-02 -6.42517E-01 
1.80907E-02 8.79029E-02 -7.88371E-03 5.35001E-01 5.31001E-01 5.32485E-01 5.43384E-01 -7.88385E-03 8.79029E-02 1.80907E-02 -1.67149E-01 
1.80907E-02 1.10119E-02 1.65965E-02 5.55266E-01 5.51241E-01 5.52892E-01 5.64031E-01 1.65964E-02 1.10119E-02 1.80907E-02 4.14773E-01 
1.80907E-02 4.05859E-02 4.63036E-02 5.80762E-01 5.76711E-01 5.78536E-01 5.89921E-01 4.63036E-02 4.05859E-02 1.80907E-02 1.10762E+00 
1.80907E-02 7.62895E-02 8.21459E-02 6.12347E-01 6.08271E-01 6.10279E-01 6.21916E-01 8.21459E-02 7.62895E-02 1.80907E-02 1.95815E+00 
1.80907E-02 1.18739E-01 1.24739E-01 6.50642E-01 6.46541E-01 6.48741E-01 6.60638E-01 1.24739E-01 1.18739E-01 1.80907E-02 2.99124E+00 
1.80907E-02 1.68602E-01 1.74753E-01 6.96320E-01 6.92194E-01 6.94596E-01 7.06761E-01 1.74754E-01 1.68602E-01 1.80907E-02 4.23367E+00 
1.80907E-02 2.12728E-01 2.19000E-01 7.37188E-01 7.33043E-01 7.35608E-01 7.47985E-01 2.19000E-01 2.12728E-01 1.80907E-02 5.35660E+00 
1.80907E-02 2.26602E-01 2.32909E-01 7.50106E-01 7.45955E-01 7.48569E-01 7.61009E-01 2.32909E-01 2.26602E-01 1.80907E-02 5.71379E+00 
1.80907E-02 2.99151E-01 3.05633E-01 8.18084E-01 8.13907E-01 8.16760E-01 8.29506E-01 3.05633E-01 2.99151E-01 1.80907E-02 7.61031E+00 
1.80907E-02 3.83117E-01 3.89782E-01 8.97457E-01 8.93254E-01 8.96359E-01 9.09419E-01 3.89782E-01 3.83117E-01 1.80907E-02 9.85657E+00 
1.80907E-02 4.79642E-01 4.86495E-01 9.89368E-01 9.85140E-01 9.88510E-01 1.00189E+00 4.86496E-01 4.79642E-01 1.80907E-02 1.24925E+01 
1.80907E-02 5.89944E-01 5.96995E-01 1.09504E+00 1.09079E+00 1.09444E+00 1.10815E+00 5.96995E-01 5.89944E-01 1.80907E-02 1.55583E+01 
1.05379E-01 7.10858E-01 7.18112E-01 1.21136E+00 1.20708E+00 1.21102E+00 1.22508E+00 7.18113E-01 7.10858E-01 1.05379E-01 1.89403E+01 
2.48370E-01 8.48055E-01 8.55522E-01 1.34393E+00 1.33963E+00 1.34388E+00 1.35828E+00 8.55522E-01 8.48055E-01 2.48370E-01 2.27746E+01 
4.10277E-01 1.00411E+00 1.01180E+00 1.49532E+00 1.49100E+00 1.49557E+00 1.51034E+00 1.01180E+00 1.00411E+00 4.10277E-01 2.71323E+01 
5.92755E-01 1.18068E+00 1.18860E+00 1.66719E+00 1.66286E+00 1.66777E+00 1.68291E+00 1.18860E+00 1.18068E+00 5.92755E-01 3.20540E+01 
7.97529E-01 1.37950E+00 1.38766E+00 1.86129E+00 1.85694E+00 1.86221E+00 1.87774E+00 1.38766E+00 1.37950E+00 7.97529E-01 3.75781E+01 
1.02638E+00 1.60236E+00 1.61077E+00 2.07941E+00 2.07504E+00 2.08069E+00 2.09661E+00 1.61077E+00 1.60236E+00 1.02638E+00 4.37405E+01 
1.28112E+00 1.85108E+00 1.85974E+00 2.32337E+00 2.31898E+00 2.32502E+00 2.34136E+00 1.85975E+00 1.85108E+00 1.28112E+00 5.05729E+01 
1.56360E+00 2.12750E+00 2.13643E+00 2.59502E+00 2.59061E+00 2.59708E+00 2.61384E+00 2.13643E+00 2.12750E+00 1.56360E+00 5.81026E+01 
1.87565E+00 2.43346E+00 2.44268E+00 2.89621E+00 2.89179E+00 2.89869E+00 2.91589E+00 2.44268E+00 2.43346E+00 1.87565E+00 6.63517E+01 
2.21909E+00 2.77080E+00 2.78031E+00 3.22877E+00 3.22434E+00 3.23170E+00 3.24935E+00 2.78031E+00 2.77080E+00 2.21909E+00 7.53364E+01 
2.59569E+00 3.14128E+00 3.15109E+00 3.59447E+00 3.59004E+00 3.59788E+00 3.61598E+00 3.15109E+00 3.14128E+00 2.59569E+00 8.50660E+01 
3.00714E+00 3.54661E+00 3.55673E+00 3.99502E+00 3.99058E+00 3.99892E+00 4.01750E+00 3.55673E+00 3.54661E+00 3.00714E+00 9.55434E+01 
3.45504E+00 3.98837E+00 3.99881E+00 4.43202E+00 4.42757E+00 4.43644E+00 4.45550E+00 3.99881E+00 3.98837E+00 3.45504E+00 1.06764E+02 
1.68596E-02 8.48757E-02 -2.66033E-02 4.88081E-01 4.83823E-01 4.85484E-01 4.97355E-01 -2.66035E-02 8.48757E-02 1.68596E-02 -6.16073E-01 
1.68596E-02 8.48757E-02 -7.14486E-03 5.03551E-01 4.99268E-01 5.01120E-01 5.13248E-01 -7.14496E-03 8.48757E-02 1.68596E-02 -1.45489E-01 
1.68596E-02 1.07401E-02 1.68151E-02 5.23531E-01 5.19225E-01 5.21274E-01 5.33664E-01 1.68150E-02 1.07401E-02 1.68596E-02 4.26604E-01 
1.68596E-02 3.94021E-02 4.56312E-02 5.48370E-01 5.44041E-01 5.46297E-01 5.58953E-01 4.56312E-02 3.94021E-02 1.68596E-02 1.10335E+00 
1.68596E-02 7.37494E-02 8.01387E-02 5.78857E-01 5.74505E-01 5.76977E-01 5.89909E-01 8.01388E-02 7.37494E-02 1.68596E-02 1.92897E+00 
1.68596E-02 1.14330E-01 1.20886E-01 6.15543E-01 6.11169E-01 6.13868E-01 6.27083E-01 1.20886E-01 1.14330E-01 1.68596E-02 2.92566E+00 
1.68596E-02 1.61737E-01 1.68466E-01 6.59026E-01 6.54630E-01 6.57568E-01 6.71074E-01 1.68466E-01 1.61737E-01 1.68596E-02 4.11708E+00 
1.68596E-02 2.03505E-01 2.10373E-01 6.97741E-01 6.93327E-01 6.96457E-01 7.10194E-01 2.10373E-01 2.03505E-01 1.68596E-02 5.18828E+00 
1.68596E-02 2.16607E-01 2.23516E-01 7.09947E-01 7.05529E-01 7.08716E-01 7.22521E-01 2.23516E-01 2.16607E-01 1.68596E-02 5.52804E+00 
1.68596E-02 2.84922E-01 2.92031E-01 7.73977E-01 7.69536E-01 7.73005E-01 7.87143E-01 2.92032E-01 2.84922E-01 1.68596E-02 7.32500E+00 
1.68596E-02 3.63632E-01 3.70951E-01 8.48381E-01 8.43919E-01 8.47684E-01 8.62162E-01 3.70951E-01 3.63632E-01 1.68596E-02 9.44033E+00 
1.68596E-02 4.53732E-01 4.61268E-01 9.34157E-01 9.29673E-01 9.33749E-01 9.48578E-01 4.61268E-01 4.53732E-01 1.68596E-02 1.19077E+01 
1.68596E-02 5.56278E-01 5.64039E-01 1.03236E+00 1.02786E+00 1.03226E+00 1.04745E+00 5.64039E-01 5.56278E-01 1.68596E-02 1.47608E+01 
9.80502E-02 6.68616E-01 6.76609E-01 1.14039E+00 1.13587E+00 1.14061E+00 1.15617E+00 6.76609E-01 6.68616E-01 9.80502E-02 1.78843E+01 
2.30547E-01 7.95589E-01 8.03823E-01 1.26303E+00 1.25849E+00 1.26359E+00 1.27953E+00 8.03824E-01 7.95589E-01 2.30547E-01 2.14055E+01 
3.79917E-01 9.39378E-01 9.47864E-01 1.40244E+00 1.39789E+00 1.40337E+00 1.41970E+00 9.47865E-01 9.39378E-01 3.79917E-01 2.53865E+01 
5.47553E-01 1.10138E+00 1.11013E+00 1.56005E+00 1.55548E+00 1.56136E+00 1.57809E+00 1.11013E+00 1.10138E+00 5.47553E-01 2.98592E+01 
7.34891E-01 1.28304E+00 1.29206E+00 1.73728E+00 1.73270E+00 1.73900E+00 1.75615E+00 1.29207E+00 1.28304E+00 7.34891E-01 3.48535E+01 
9.43400E-01 1.48584E+00 1.49514E+00 1.93563E+00 1.93104E+00 1.93777E+00 1.95536E+00 1.49514E+00 1.48584E+00 9.43400E-01 4.03958E+01 
1.17456E+00 1.71125E+00 1.72085E+00 2.15659E+00 2.15199E+00 2.15918E+00 2.17721E+00 1.72085E+00 1.71125E+00 1.17456E+00 4.65091E+01 
1.42987E+00 1.96078E+00 1.97068E+00 2.40164E+00 2.39704E+00 2.40471E+00 2.42320E+00 1.97068E+00 1.96078E+00 1.42987E+00 5.32117E+01 
1.71078E+00 2.23589E+00 2.24610E+00 2.67228E+00 2.66766E+00 2.67584E+00 2.69480E+00 2.24611E+00 2.23589E+00 1.71078E+00 6.05169E+01 
2.01873E+00 2.53802E+00 2.54855E+00 2.96992E+00 2.96531E+00 2.97401E+00 2.99345E+00 2.54856E+00 2.53802E+00 2.01873E+00 6.84329E+01 
2.35507E+00 2.86852E+00 2.87940E+00 3.29595E+00 3.29133E+00 3.30059E+00 3.32053E+00 2.87940E+00 2.86852E+00 2.35507E+00 7.69616E+01 
2.72109E+00 3.22870E+00 3.23992E+00 3.65165E+00 3.64703E+00 3.65687E+00 3.67732E+00 3.23992E+00 3.22870E+00 2.72109E+00 8.60989E+01 
3.11795E+00 3.61971E+00 3.63128E+00 4.03819E+00 4.03358E+00 4.04402E+00 4.06499E+00 3.63129E+00 3.61971E+00 3.11795E+00 9.58343E+01 
1.56935E-02 8.19085E-02 -2.55643E-02 4.58624E-01 4.54070E-01 4.56152E-01 4.69358E-01 -2.55644E-02 8.19085E-02 1.56935E-02 -5.87484E-01 
1.56935E-02 8.19085E-02 -6.31028E-03 4.74107E-01 4.69531E-01 4.71839E-01 4.85325E-01 -6.31035E-03 8.19085E-02 1.56935E-02 -1.21028E-01 
1.56935E-02 1.04686E-02 1.71290E-02 4.93784E-01 4.89187E-01 4.91730E-01 5.05500E-01 1.71289E-02 1.04686E-02 1.56935E-02 4.41826E-01 
1.56935E-02 3.82312E-02 4.50692E-02 5.17963E-01 5.13346E-01 5.16133E-01 5.30194E-01 4.50693E-02 3.82312E-02 1.56935E-02 1.10305E+00 
1.56935E-02 7.12551E-02 7.82777E-02 5.47368E-01 5.42732E-01 5.45776E-01 5.60135E-01 7.82778E-02 7.12551E-02 1.56935E-02 1.90445E+00 
1.56935E-02 1.10026E-01 1.17240E-01 5.82489E-01 5.77834E-01 5.81146E-01 5.95812E-01 1.17240E-01 1.10026E-01 1.56935E-02 2.86567E+00 
1.56935E-02 1.55068E-01 1.62480E-01 6.23853E-01 6.19180E-01 6.22772E-01 6.37754E-01 1.62481E-01 1.55068E-01 1.56935E-02 4.00744E+00 
1.56935E-02 1.94576E-01 2.02147E-01 6.60499E-01 6.55812E-01 6.59631E-01 6.74863E-01 2.02148E-01 1.94576E-01 1.56935E-02 5.02841E+00 
1.56935E-02 2.06940E-01 2.14559E-01 6.72024E-01 6.67333E-01 6.71219E-01 6.86525E-01 2.14559E-01 2.06940E-01 1.56935E-02 5.35127E+00 
1.56935E-02 2.71215E-01 2.79064E-01 7.32283E-01 7.27575E-01 7.31792E-01 7.47458E-01 2.79065E-01 2.71215E-01 1.56935E-02 7.05202E+00 
1.56935E-02 3.44933E-01 3.53021E-01 8.01965E-01 7.97240E-01 8.01805E-01 8.17840E-01 3.53021E-01 3.44933E-01 1.56935E-02 9.04143E+00 
1.56935E-02 4.28954E-01 4.37289E-01 8.81933E-01 8.77192E-01 8.82121E-01 8.98536E-01 4.37290E-01 4.28954E-01 1.56935E-02 1.13476E+01 
1.56935E-02 5.24187E-01 5.32779E-01 9.73100E-01 9.68345E-01 9.73654E-01 9.90459E-01 5.32780E-01 5.24187E-01 1.56935E-02 1.39982E+01 
9.11204E-02 6.28423E-01 6.37278E-01 1.07330E+00 1.06853E+00 1.07424E+00 1.09144E+00 6.37279E-01 6.28423E-01 9.11204E-02 1.68777E+01 
2.13736E-01 7.45770E-01 7.54900E-01 1.18658E+00 1.18180E+00 1.18793E+00 1.20554E+00 7.54901E-01 7.45770E-01 2.13736E-01 2.01050E+01 
3.51354E-01 8.78066E-01 8.87480E-01 1.31478E+00 1.30999E+00 1.31655E+00 1.33459E+00 8.87482E-01 8.78066E-01 3.51354E-01 2.37339E+01 
5.05133E-01 1.02647E+00 1.03618E+00 1.45906E+00 1.45426E+00 1.46129E+00 1.47977E+00 1.03619E+00 1.02647E+00 5.05133E-01 2.77893E+01 
6.76257E-01 1.19218E+00 1.20220E+00 1.62062E+00 1.61582E+00 1.62333E+00 1.64226E+00 1.20220E+00 1.19218E+00 6.76257E-01 3.22932E+01 
8.65927E-01 1.37640E+00 1.38674E+00 1.80067E+00 1.79587E+00 1.80389E+00 1.82328E+00 1.38674E+00 1.37640E+00 8.65927E-01 3.72648E+01 
1.07534E+00 1.58033E+00 1.59099E+00 2.00041E+00 1.99561E+00 2.00416E+00 2.02403E+00 1.59099E+00 1.58033E+00 1.07534E+00 4.27194E+01 
1.30567E+00 1.80514E+00 1.81615E+00 2.22104E+00 2.21624E+00 2.22535E+00 2.24571E+00 1.81615E+00 1.80514E+00 1.30567E+00 4.86680E+01 
1.55806E+00 2.05201E+00 2.06337E+00 2.46371E+00 2.45891E+00 2.46860E+00 2.48947E+00 2.06337E+00 2.05201E+00 1.55806E+00 5.51174E+01 
1.83363E+00 2.32202E+00 2.33374E+00 2.72952E+00 2.72473E+00 2.73502E+00 2.75641E+00 2.33374E+00 2.32202E+00 1.83363E+00 6.20690E+01 
2.13339E+00 2.61621E+00 2.62830E+00 3.01950E+00 3.01473E+00 3.02566E+00 3.04758E+00 2.62831E+00 2.61621E+00 2.13339E+00 6.95191E+01 
2.45827E+00 2.93551E+00 2.94799E+00 3.33461E+00 3.32985E+00 3.34144E+00 3.36391E+00 2.94800E+00 2.93551E+00 2.45827E+00 7.74589E+01 
2.80910E+00 3.28076E+00 3.29364E+00 3.67567E+00 3.67092E+00 3.68320E+00 3.70623E+00 3.29364E+00 3.28076E+00 2.80910E+00 8.58739E+01 
1.45898E-02 7.89969E-02 -2.43992E-02 4.31092E-01 4.26231E-01 4.28839E-01 4.43517E-01 -2.43993E-02 7.89969E-02 1.45898E-02 -5.56129E-01 
1.45898E-02 7.89969E-02 -5.36335E-03 4.46557E-01 4.41678E-01 4.44555E-01 4.59535E-01 -5.36340E-03 7.89969E-02 1.45898E-02 -9.32255E-02 
1.45898E-02 1.01969E-02 1.75536E-02 4.65911E-01 4.61015E-01 4.64169E-01 4.79458E-01 1.75536E-02 1.01969E-02 1.45898E-02 4.60889E-01 
1.45898E-02 3.70712E-02 4.46321E-02 4.89427E-01 4.84516E-01 4.87958E-01 5.03561E-01 4.46322E-02 3.70712E-02 1.45898E-02 1.10708E+00 
1.45898E-02 6.88029E-02 7.65756E-02 5.17767E-01 5.12841E-01 5.16586E-01 5.32512E-01 7.65758E-02 6.88029E-02 1.45898E-02 1.88483E+00 
1.45898E-02 1.05820E-01 1.13813E-01 5.51364E-01 5.46424E-01 5.50485E-01 5.66743E-01 1.13813E-01 1.05820E-01 1.45898E-02 2.81139E+00 
1.45898E-02 1.48584E-01 1.56804E-01 5.90682E-01 5.85729E-01 5.90119E-01 6.06719E-01 1.56804E-01 1.48584E-01 1.45898E-02 3.90476E+00 
1.45898E-02 1.85927E-01 1.94328E-01 6.25341E-01 6.20379E-01 6.25035E-01 6.41905E-01 1.94328E-01 1.85927E-01 1.45898E-02 4.87690E+00 
1.45898E-02 1.97585E-01 2.06040E-01 6.36213E-01 6.31248E-01 6.35983E-01 6.52933E-01 2.06040E-01 1.97585E-01 1.45898E-02 5.18336E+00 
1.45898E-02 2.58008E-01 2.66726E-01 6.92873E-01 6.87896E-01 6.93020E-01 7.10359E-01 2.66726E-01 2.58008E-01 1.45898E-02 6.79107E+00 
1.45898E-02 3.26985E-01 3.35975E-01 7.58067E-01 7.53080E-01 7.58611E-01 7.76349E-01 3.35975E-01 3.26985E-01 1.45898E-02 8.65935E+00 
1.45898E-02 4.05256E-01 4.14527E-01 8.32539E-01 8.27544E-01 8.33500E-01 8.51647E-01 4.14528E-01 4.05256E-01 1.45898E-02 1.08113E+01 
1.45898E-02 4.93597E-01 5.03159E-01 9.17070E-01 9.12068E-01 9.18469E-01 9.37036E-01 5.03160E-01 4.93597E-01 1.45898E-02 1.32693E+01 
8.45723E-02 5.90184E-01 6.00045E-01 1.00987E+00 1.00486E+00 1.01173E+00 1.03073E+00 6.00046E-01 5.90184E-01 8.45723E-02 1.59186E+01 
1.97891E-01 6.98477E-01 7.08648E-01 1.11435E+00 1.10934E+00 1.11669E+00 1.13613E+00 7.08649E-01 6.98477E-01 1.97891E-01 1.88701E+01 
3.24500E-01 8.20009E-01 8.30501E-01 1.23204E+00 1.22703E+00 1.23489E+00 1.25479E+00 8.30502E-01 8.20009E-01 3.24500E-01 2.21704E+01 
4.65353E-01 9.55738E-01 9.66563E-01 1.36391E+00 1.35890E+00 1.36729E+00 1.38766E+00 9.66565E-01 9.55738E-01 4.65353E-01 2.58381E+01 
6.21417E-01 1.10664E+00 1.11781E+00 1.51091E+00 1.50591E+00 1.51487E+00 1.53572E+00 1.11781E+00 1.10664E+00 6.21417E-01 2.98891E+01 
7.93654E-01 1.27367E+00 1.28520E+00 1.67404E+00 1.66905E+00 1.67859E+00 1.69994E+00 1.28520E+00 1.27367E+00 7.93654E-01 3.43361E+01 
9.83013E-01 1.45780E+00 1.46969E+00 1.85425E+00 1.84926E+00 1.85942E+00 1.88129E+00 1.46969E+00 1.45780E+00 9.83013E-01 3.91883E+01 
1.19042E+00 1.65994E+00 1.67221E+00 2.05246E+00 2.04749E+00 2.05828E+00 2.08068E+00 1.67222E+00 1.65994E+00 1.19042E+00 4.44511E+01 
1.41674E+00 1.88098E+00 1.89365E+00 2.26956E+00 2.26461E+00 2.27607E+00 2.29901E+00 1.89365E+00 1.88098E+00 1.41674E+00 5.01256E+01 
1.66281E+00 2.12174E+00 2.13482E+00 2.50639E+00 2.50146E+00 2.51361E+00 2.53711E+00 2.13482E+00 2.12174E+00 1.66281E+00 5.62087E+01 
1.92936E+00 2.38298E+00 2.39647E+00 2.76369E+00 2.75878E+00 2.77166E+00 2.79573E+00 2.39648E+00 2.38298E+00 1.92936E+00 6.26926E+01 
2.21706E+00 2.66535E+00 2.67927E+00 3.04212E+00 3.03724E+00 3.05087E+00 3.07554E+00 2.67927E+00 2.66535E+00 2.21706E+00 6.95650E+01 
2.52644E+00 2.96940E+00 2.98376E+00 3.34224E+00 3.33738E+00 3.35181E+00 3.37707E+00 2.98376E+00 2.96940E+00 2.52644E+00 7.68088E+01 
1.35457E-02 7.61370E-02 -2.30875E-02 4.05378E-01 4.00202E-01 4.03467E-01 4.19760E-01 -2.30877E-02 7.61370E-02 1.35457E-02 -5.21298E-01 
1.35457E-02 7.61370E-02 -4.28491E-03 4.20793E-01 4.15605E-01 4.19187E-01 4.35807E-01 -4.28495E-03 7.61370E-02 1.35457E-02 -6.14663E-02 
1.35457E-02 9.92450E-03 1.81071E-02 4.39804E-01 4.34605E-01 4.38514E-01 4.55467E-01 1.81072E-02 9.92450E-03 1.35457E-02 4.84302E-01 
1.35457E-02 3.59204E-02 4.43369E-02 4.62653E-01 4.57444E-01 4.61693E-01 4.78985E-01 4.43370E-02 3.59204E-02 1.35457E-02 1.11583E+00 
1.35457E-02 6.63894E-02 7.50481E-02 4.89944E-01 4.84726E-01 4.89331E-01 5.06971E-01 7.50484E-02 6.63894E-02 1.35457E-02 1.87041E+00 
1.35457E-02 1.01708E-01 1.10617E-01 5.22057E-01 5.16831E-01 5.21808E-01 5.39806E-01 1.10617E-01 1.01708E-01 1.35457E-02 2.76299E+00 
1.35457E-02 1.42278E-01 1.51447E-01 5.59397E-01 5.54166E-01 5.59529E-01 5.77895E-01 1.51447E-01 1.42278E-01 1.35457E-02 3.80906E+00 
1.35457E-02 1.77544E-01 1.86919E-01 5.92149E-01 5.86913E-01 5.92588E-01 6.11246E-01 1.86920E-01 1.77544E-01 1.35457E-02 4.73368E+00 
1.35457E-02 1.88527E-01 1.97964E-01 6.02395E-01 5.97158E-01 6.02926E-01 6.21670E-01 1.97965E-01 1.88527E-01 1.35457E-02 5.02421E+00 
1.35457E-02 2.45278E-01 2.55013E-01 6.55619E-01 6.50378E-01 6.56601E-01 6.75763E-01 2.55014E-01 2.45278E-01 1.35457E-02 6.54188E+00 
1.35457E-02 3.09754E-01 3.19797E-01 7.16550E-01 7.11307E-01 7.18005E-01 7.37597E-01 3.19798E-01 3.09754E-01 1.35457E-02 8.29360E+00 
1.35457E-02 3.82587E-01 3.92950E-01 7.85823E-01 7.80581E-01 7.87775E-01 8.07808E-01 3.92951E-01 3.82587E-01 1.35457E-02 1.02981E+01 
1.35457E-02 4.64437E-01 4.75129E-01 8.64101E-01 8.58862E-01 8.66573E-01 8.87058E-01 4.75130E-01 4.64437E-01 1.35457E-02 1.25729E+01 
7.83884E-02 5.53806E-01 5.64835E-01 9.49922E-01 9.44688E-01 9.52937E-01 9.73884E-01 5.64836E-01 5.53806E-01 7.83884E-02 1.50052E+01 
1.82966E-01 6.53588E-01 6.64965E-01 1.04613E+00 1.04090E+00 1.04972E+00 1.07114E+00 6.64967E-01 6.53588E-01 1.82966E-01 1.76980E+01 
2.99270E-01 7.65046E-01 7.76785E-01 1.15399E+00 1.14877E+00 1.15818E+00 1.18009E+00 7.76787E-01 7.65046E-01 2.99270E-01 2.06920E+01 
4.28077E-01 8.88963E-01 9.01075E-01 1.27428E+00 1.26908E+00 1.27910E+00 1.30152E+00 9.01077E-01 8.88963E-01 4.28077E-01 2.40001E+01 
5.70162E-01 1.02612E+00 1.03861E+00 1.40779E+00 1.40260E+00 1.41327E+00 1.43621E+00 1.03862E+00 1.02612E+00 5.70162E-01 2.76331E+01 
7.26286E-01 1.17727E+00 1.19017E+00 1.55528E+00 1.55012E+00 1.56146E+00 1.58494E+00 1.19017E+00 1.17727E+00 7.26286E-01 3.15986E+01 
8.97187E-01 1.34318E+00 1.35649E+00 1.71751E+00 1.71237E+00 1.72441E+00 1.74844E+00 1.35649E+00 1.34318E+00 8.97187E-01 3.59008E+01 
1.08357E+00 1.52453E+00 1.53827E+00 1.89518E+00 1.89006E+00 1.90284E+00 1.92744E+00 1.53827E+00 1.52453E+00 1.08357E+00 4.05408E+01 
1.28607E+00 1.72200E+00 1.73617E+00 2.08895E+00 2.08386E+00 2.09741E+00 2.12259E+00 1.73617E+00 1.72200E+00 1.28607E+00 4.55154E+01 
1.50531E+00 1.93617E+00 1.95078E+00 2.29942E+00 2.29437E+00 2.30871E+00 2.33449E+00 1.95079E+00 1.93617E+00 1.50531E+00 5.08182E+01 
1.74178E+00 2.16756E+00 2.18263E+00 2.52712E+00 2.52210E+00 2.53727E+00 2.56367E+00 2.18264E+00 2.16756E+00 1.74178E+00 5.64384E+01 
1.99591E+00 2.41660E+00 2.43215E+00 2.77247E+00 2.76750E+00 2.78353E+00 2.81055E+00 2.43215E+00 2.41660E+00 1.99591E+00 6.23615E+01 
2.26802E+00 2.68362E+00 2.69965E+00 3.03580E+00 3.03088E+00 3.04780E+00 3.07547E+00 2.69966E+00 2.68362E+00 2.26802E+00 6.85694E+01 
1.25585E-02 7.33254E-02 -2.16066E-02 3.81381E-01 3.75887E-01 3.79968E-01 3.98027E-01 -2.16068E-02 7.33254E-02 1.25585E-02 -4.82190E-01 
1.25585E-02 7.33254E-02 -3.05297E-03 3.96714E-01 3.91215E-01 3.95670E-01 4.14081E-01 -3.05301E-03 7.33254E-02 1.25585E-02 -2.50593E-02 
1.25585E-02 9.65101E-03 1.88109E-02 4.15363E-01 4.09860E-01 4.14701E-01 4.33469E-01 1.88110E-02 9.65101E-03 1.25585E-02 5.12637E-01 
1.25585E-02 3.47773E-02 4.42041E-02 4.37540E-01 4.32034E-01 4.37275E-01 4.56408E-01 4.42043E-02 3.47773E-02 1.25585E-02 1.12977E+00 
1.25585E-02 6.40118E-02 7.37146E-02 4.63796E-01 4.58289E-01 4.63948E-01 4.83456E-01 7.37149E-02 6.40118E-02 1.25585E-02 1.86149E+00 
1.25585E-02 9.76827E-02 1.07671E-01 4.94463E-01 4.88957E-01 4.95051E-01 5.14943E-01 1.07671E-01 9.76827E-02 1.25585E-02 2.72068E+00 
1.25585E-02 1.36141E-01 1.46423E-01 5.29894E-01 5.24390E-01 5.30938E-01 5.51225E-01 1.46424E-01 1.36141E-01 1.25585E-02 3.72041E+00 
1.25585E-02 1.69416E-01 1.79933E-01 5.60813E-01 5.55312E-01 5.62223E-01 5.82824E-01 1.79933E-01 1.69416E-01 1.25585E-02 4.59870E+00 
1.25585E-02 1.79754E-01 1.90340E-01 5.70460E-01 5.64960E-01 5.71980E-01 5.92673E-01 1.90341E-01 1.79754E-01 1.25585E-02 4.87375E+00 
1.25585E-02 2.33003E-01 2.43927E-01 6.20404E-01 6.14909E-01 6.22461E-01 6.43602E-01 2.43928E-01 2.33003E-01 1.25585E-02 6.30420E+00 
1.25585E-02 2.93206E-01 3.04479E-01 6.77285E-01 6.71799E-01 6.79904E-01 7.01507E-01 3.04481E-01 2.93206E-01 1.25585E-02 7.94374E+00 
1.25585E-02 3.60901E-01 3.72533E-01 7.41642E-01 7.36168E-01 7.44850E-01 7.66926E-01 3.72535E-01 3.60901E-01 1.25585E-02 9.80712E+00 
1.25585E-02 4.36638E-01 4.48640E-01 8.14031E-01 8.08571E-01 8.17854E-01 8.40415E-01 4.48642E-01 4.36638E-01 1.25585E-02 1.19079E+01 
7.25524E-02 5.19201E-01 5.31582E-01 8.93268E-01 8.87824E-01 8.97731E-01 9.20786E-01 5.31584E-01 5.19201E-01 7.25524E-02 1.41356E+01 
1.68916E-01 6.10986E-01 6.23758E-01 9.81703E-01 9.76280E-01 9.86838E-01 1.01040E+00 6.23760E-01 6.10986E-01 1.68916E-01 1.65862E+01 
2.75583E-01 7.13026E-01 7.26202E-01 1.08037E+00 1.07497E+00 1.08621E+00 1.11030E+00 7.26204E-01 7.13026E-01 2.75583E-01 1.92947E+01 
3.93173E-01 8.25945E-01 8.39538E-01 1.18989E+00 1.18451E+00 1.19646E+00 1.22110E+00 8.39541E-01 8.25945E-01 3.93173E-01 2.22697E+01 
5.22296E-01 9.50359E-01 9.64383E-01 1.31088E+00 1.30554E+00 1.31823E+00 1.34343E+00 9.64386E-01 9.50359E-01 5.22296E-01 2.55176E+01 
6.63543E-01 1.08686E+00 1.10133E+00 1.44395E+00 1.43864E+00 1.45211E+00 1.47788E+00 1.10133E+00 1.08686E+00 6.63543E-01 2.90418E+01 
8.17470E-01 1.23602E+00 1.25094E+00 1.58965E+00 1.58438E+00 1.59866E+00 1.62502E+00 1.25094E+00 1.23602E+00 8.17470E-01 3.28429E+01 
9.84595E-01 1.39834E+00 1.41373E+00 1.74852E+00 1.74329E+00 1.75841E+00 1.78537E+00 1.41374E+00 1.39834E+00 9.84595E-01 3.69184E+01 
1.16538E+00 1.57431E+00 1.59018E+00 1.92102E+00 1.91584E+00 1.93183E+00 1.95942E+00 1.59019E+00 1.57431E+00 1.16538E+00 4.12622E+01 
1.36024E+00 1.76433E+00 1.78069E+00 2.10757E+00 2.10244E+00 2.11934E+00 2.14757E+00 1.78070E+00 1.76433E+00 1.36024E+00 4.58654E+01 
1.56949E+00 1.96872E+00 1.98559E+00 2.30849E+00 2.30342E+00 2.32126E+00 2.35015E+00 1.98560E+00 1.96872E+00 1.56949E+00 5.07154E+01 
1.79337E+00 2.18774E+00 2.20513E+00 2.52405E+00 2.51904E+00 2.53785E+00 2.56741E+00 2.20514E+00 2.18774E+00 1.79337E+00 5.57968E+01 
2.03205E+00 2.42155E+00 2.43946E+00 2.75439E+00 2.74944E+00 2.76927E+00 2.79952E+00 2.43947E+00 2.42155E+00 2.03205E+00 6.10910E+01 
1.16259E-02 7.05594E-02 -1.99307E-02 3.59008E-01 3.53197E-01 3.58293E-01 3.78273E-01 -1.99309E-02 7.05594E-02 1.16259E-02 -4.37906E-01 
1.16259E-02 7.05594E-02 -1.64239E-03 3.74227E-01 3.68419E-01 3.73955E-01 3.94312E-01 -1.64244E-03 7.05594E-02 1.16259E-02 1.67645E-02 
1.16259E-02 9.37618E-03 1.96896E-02 3.92493E-01 3.86690E-01 3.92679E-01 4.13420E-01 1.96896E-02 9.37618E-03 1.16259E-02 5.46530E-01 
1.16259E-02 3.36410E-02 4.42577E-02 4.13994E-01 4.08198E-01 4.14656E-01 4.35788E-01 4.42580E-02 3.36410E-02 1.16259E-02 1.14938E+00 
1.16259E-02 6.16678E-02 7.25977E-02 4.39229E-01 4.33442E-01 4.40390E-01 4.61922E-01 7.25981E-02 6.16678E-02 1.16259E-02 1.85846E+00 
1.16259E-02 9.37413E-02 1.04994E-01 4.68488E-01 4.62711E-01 4.70168E-01 4.92112E-01 1.04995E-01 9.37413E-02 1.16259E-02 2.68466E+00 
1.16259E-02 1.30164E-01 1.41750E-01 5.02073E-01 4.96309E-01 5.04296E-01 5.26663E-01 1.41751E-01 1.30164E-01 1.16259E-02 3.63892E+00 
1.16259E-02 1.61531E-01 1.73382E-01 5.31232E-01 5.25479E-01 5.33890E-01 5.56592E-01 1.73383E-01 1.61531E-01 1.16259E-02 4.47196E+00 
1.16259E-02 1.71253E-01 1.83182E-01 5.40305E-01 5.34556E-01 5.43094E-01 5.65895E-01 1.83183E-01 1.71253E-01 1.16259E-02 4.73193E+00 
1.16259E-02 2.21163E-01 2.33473E-01 5.87117E-01 5.81387E-01 5.90542E-01 6.13824E-01 2.33474E-01 2.21163E-01 1.16259E-02 6.07782E+00 
1.16259E-02 2.77313E-01 2.90015E-01 6.40152E-01 6.34443E-01 6.44242E-01 6.68017E-01 2.90017E-01 2.77313E-01 1.16259E-02 7.60932E+00 
1.16259E-02 3.40151E-01 3.53257E-01 6.99862E-01 6.94177E-01 7.04646E-01 7.28927E-01 3.53258E-01 3.40151E-01 1.16259E-02 9.33774E+00 
1.16259E-02 4.10134E-01 4.23655E-01 7.66705E-01 7.61049E-01 7.72213E-01 7.97013E-01 4.23656E-01 4.10134E-01 1.16259E-02 1.12731E+01 
6.70484E-02 4.86282E-01 5.00226E-01 8.39734E-01 8.34109E-01 8.45993E-01 8.71322E-01 5.00228E-01 4.86282E-01 6.70484E-02 1.33081E+01 
1.55701E-01 5.70561E-01 5.84940E-01 9.20871E-01 9.15281E-01 9.27916E-01 9.53791E-01 5.84943E-01 5.70561E-01 1.55701E-01 1.55321E+01 
2.53361E-01 6.63800E-01 6.78629E-01 1.01094E+00 1.00539E+00 1.01881E+00 1.04525E+00 6.78632E-01 6.63800E-01 2.53361E-01 1.79749E+01 
3.60516E-01 7.66492E-01 7.81784E-01 1.11044E+00 1.10494E+00 1.11917E+00 1.14619E+00 7.81787E-01 7.66492E-01 3.60516E-01 2.06417E+01 
4.77633E-01 8.79109E-01 8.94878E-01 1.21985E+00 1.21439E+00 1.22948E+00 1.25709E+00 8.94882E-01 8.79109E-01 4.77633E-01 2.35352E+01 
6.05158E-01 1.00210E+00 1.01836E+00 1.33962E+00 1.33421E+00 1.35019E+00 1.37841E+00 1.01836E+00 1.00210E+00 6.05158E-01 2.66559E+01 
7.43495E-01 1.13587E+00 1.15264E+00 1.47016E+00 1.46480E+00 1.48170E+00 1.51056E+00 1.15264E+00 1.13587E+00 7.43495E-01 3.00012E+01 
8.93011E-01 1.28080E+00 1.29808E+00 1.61184E+00 1.60655E+00 1.62440E+00 1.65391E+00 1.29808E+00 1.28080E+00 8.93011E-01 3.35661E+01 
1.05401E+00 1.43720E+00 1.45500E+00 1.76498E+00 1.75975E+00 1.77860E+00 1.80877E+00 1.45501E+00 1.43720E+00 1.05401E+00 3.73427E+01 
1.22676E+00 1.60531E+00 1.62366E+00 1.92983E+00 1.92468E+00 1.94456E+00 1.97542E+00 1.62367E+00 1.60531E+00 1.22676E+00 4.13203E+01 
1.41142E+00 1.78534E+00 1.80423E+00 2.10659E+00 2.10152E+00 2.12247E+00 2.15402E+00 1.80424E+00 1.78534E+00 1.41142E+00 4.54856E+01 
1.60811E+00 1.97737E+00 1.99683E+00 2.29536E+00 2.29037E+00 2.31242E+00 2.34470E+00 1.99683E+00 1.97737E+00 1.60811E+00 4.98227E+01 
1.81683E+00 2.18143E+00 2.20146E+00 2.49617E+00 2.49126E+00 2.51445E+00 2.54746E+00 2.20147E+00 2.18143E+00 1.81683E+00 5.43135E+01 
1.07453E-02 6.78365E-02 -1.80307E-02 3.38170E-01 3.32050E-01 3.38404E-01 3.60463E-01 -1.80310E-02 6.78365E-02 1.07453E-02 -3.87448E-01 
1.07453E-02 6.78365E-02 -2.45039E-05 3.53242E-01 3.47136E-01 3.54006E-01 3.76468E-01 -2.45683E-05 6.78365E-02 1.07453E-02 6.48501E-02 
1.07453E-02 9.09981E-03 2.07714E-02 3.71106E-01 3.65016E-01 3.72418E-01 3.95289E-01 2.07715E-02 9.09981E-03 1.07453E-02 5.86672E-01 
1.07453E-02 3.25107E-02 4.45255E-02 3.91926E-01 3.85855E-01 3.93805E-01 4.17093E-01 4.45258E-02 3.25107E-02 1.07453E-02 1.17521E+00 
1.07453E-02 5.93555E-02 7.17242E-02 4.16154E-01 4.10104E-01 4.18625E-01 4.42341E-01 7.17246E-02 5.93555E-02 1.07453E-02 1.86170E+00 
1.07453E-02 8.98795E-02 1.02613E-01 4.44039E-01 4.38011E-01 4.47126E-01 4.71283E-01 1.02613E-01 8.98795E-02 1.07453E-02 2.65521E+00 
1.07453E-02 1.24342E-01 1.37450E-01 4.75841E-01 4.69839E-01 4.79571E-01 5.04179E-01 1.37451E-01 1.24342E-01 1.07453E-02 3.56469E+00 
1.07453E-02 1.53880E-01 1.67285E-01 5.03308E-01 4.97328E-01 5.07553E-01 5.32518E-01 1.67286E-01 1.53880E-01 1.07453E-02 4.35345E+00 
1.07453E-02 1.63011E-01 1.76504E-01 5.11832E-01 5.05859E-01 5.16231E-01 5.41301E-01 1.76505E-01 1.63011E-01 1.07453E-02 4.59872E+00 
1.07453E-02 2.09740E-01 2.23660E-01 5.55655E-01 5.49715E-01 5.60804E-01 5.86388E-01 2.23661E-01 2.09740E-01 1.07453E-02 5.86255E+00 
1.07453E-02 2.62043E-01 2.76403E-01 6.05037E-01 5.99135E-01 6.10969E-01 6.37079E-01 2.76404E-01 2.62043E-01 1.07453E-02 7.28996E+00 
1.07453E-02 3.20293E-01 3.35103E-01 6.60352E-01 6.54491E-01 6.67099E-01 6.93749E-01 3.35105E-01 3.20293E-01 1.07453E-02 8.88927E+00 
1.07453E-02 3.84862E-01 4.00135E-01 7.21976E-01 7.16160E-01 7.29571E-01 7.56774E-01 4.00137E-01 3.84862E-01 1.07453E-02 1.06674E+01 
6.18610E-02 4.54969E-01 4.70712E-01 7.89156E-01 7.83388E-01 7.97628E-01 8.25395E-01 4.70714E-01 4.54969E-01 6.18610E-02 1.25212E+01 
1.43279E-01 5.32205E-01 5.48431E-01 8.63444E-01 8.57729E-01 8.72832E-01 9.01181E-01 5.48434E-01 5.32205E-01 1.43279E-01 1.45331E+01 
2.32530E-01 6.17229E-01 6.33953E-01 9.45494E-01 9.39837E-01 9.55839E-01 9.84788E-01 6.33956E-01 6.17229E-01 2.32530E-01 1.67290E+01 
3.29985E-01 7.10417E-01 7.27651E-01 1.03569E+00 1.03009E+00 1.04703E+00 1.07660E+00 7.27655E-01 7.10417E-01 3.29985E-01 1.91110E+01 
4.35994E-01 8.12121E-01 8.29881E-01 1.13438E+00 1.12885E+00 1.14676E+00 1.17696E+00 8.29885E-01 8.12121E-01 4.35994E-01 2.16791E+01 
5.50877E-01 9.22667E-01 9.40965E-01 1.24189E+00 1.23644E+00 1.25536E+00 1.28622E+00 9.40970E-01 9.22667E-01 5.50877E-01 2.44313E+01 
6.74915E-01 1.04234E+00 1.06119E+00 1.35852E+00 1.35315E+00 1.37312E+00 1.40465E+00 1.06119E+00 1.04234E+00 6.74915E-01 2.73630E+01 
8.08347E-01 1.17138E+00 1.19079E+00 1.48451E+00 1.47922E+00 1.50028E+00 1.53250E+00 1.19080E+00 1.17138E+00 8.08347E-01 3.04673E+01 
9.51359E-01 1.30998E+00 1.32997E+00 1.62006E+00 1.61485E+00 1.63704E+00 1.66997E+00 1.32998E+00 1.30998E+00 9.51359E-01 3.37350E+01 
1.10408E+00 1.45828E+00 1.47885E+00 1.76528E+00 1.76018E+00 1.78352E+00 1.81718E+00 1.47886E+00 1.45828E+00 1.10408E+00 3.71548E+01 
1.26658E+00 1.61633E+00 1.63750E+00 1.92027E+00 1.91526E+00 1.93981E+00 1.97422E+00 1.63751E+00 1.61633E+00 1.26658E+00 4.07130E+01 
1.43884E+00 1.78414E+00 1.80592E+00 2.08500E+00 2.08010E+00 2.10590E+00 2.14107E+00 1.80593E+00 1.78414E+00 1.43884E+00 4.43941E+01 
1.62078E+00 1.96162E+00 1.98402E+00 2.25942E+00 2.25463E+00 2.28170E+00 2.31766E+00 1.98403E+00 1.96162E+00 1.62078E+00 4.81808E+01 
9.90199E-03 6.51134E-02 -1.58384E-02 3.18495E-01 3.12078E-01 3.20014E-01 3.44345E-01 -1.58387E-02 6.51134E-02 9.90199E-03 -3.28768E-01 
9.90199E-03 6.51134E-02 1.86407E-03 3.33384E-01 3.26995E-01 3.35537E-01 3.60296E-01 1.86399E-03 6.51134E-02 9.90199E-03 1.21028E-01 
9.90199E-03 8.81750E-03 2.21111E-02 3.50820E-01 3.44461E-01 3.53625E-01 3.78821E-01 2.21112E-02 8.81750E-03 9.90199E-03 6.34590E-01 
9.90199E-03 3.13684E-02 4.50491E-02 3.70944E-01 3.64618E-01 3.74423E-01 4.00062E-01 4.50494E-02 3.13684E-02 9.90199E-03 1.20839E+00 
9.90199E-03 5.70382E-02 7.11172E-02 3.94162E-01 3.87872E-01 3.98343E-01 4.24439E-01 7.11178E-02 5.70382E-02 9.90199E-03 1.87183E+00 
9.90199E-03 8.60357E-02 1.00524E-01 4.20686E-01 4.14435E-01 4.25598E-01 4.52162E-01 1.00525E-01 8.60357E-02 9.90199E-03 2.63228E+00 
9.90199E-03 1.18580E-01 1.33489E-01 4.50738E-01 4.44528E-01 4.56408E-01 4.83453E-01 1.33490E-01 1.18580E-01 9.90199E-03 3.49685E+00 
9.90199E-03 1.46338E-01 1.61580E-01 4.76555E-01 4.70379E-01 4.82833E-01 5.10258E-01 1.61581E-01 1.46338E-01 9.90199E-03 4.24153E+00 
9.90199E-03 1.54896E-01 1.70236E-01 4.84543E-01 4.78379E-01 4.91002E-01 5.18541E-01 1.70238E-01 1.54896E-01 9.90199E-03 4.47223E+00 
9.90199E-03 1.98546E-01 2.14363E-01 5.25469E-01 5.19357E-01 5.32812E-01 5.60896E-01 2.14365E-01 1.98546E-01 9.90199E-03 5.65508E+00 
9.90199E-03 2.47145E-01 2.63452E-01 5.71330E-01 5.65274E-01 5.79591E-01 6.08235E-01 2.63454E-01 2.47145E-01 9.90199E-03 6.98062E+00 
9.90199E-03 3.00996E-01 3.17804E-01 6.22428E-01 6.16433E-01 6.31643E-01 6.60863E-01 3.17806E-01 3.00996E-01 9.90199E-03 8.45456E+00 
9.90199E-03 3.60396E-01 3.77718E-01 6.79066E-01 6.73136E-01 6.89272E-01 7.19082E-01 3.77720E-01 3.60396E-01 9.90199E-03 1.00813E+01 
5.69021E-02 4.24730E-01 4.42571E-01 7.40653E-01 7.34793E-01 7.51881E-01 7.82292E-01 4.42574E-01 4.24730E-01 5.69021E-02 1.17619E+01 
1.31437E-01 4.95266E-01 5.13640E-01 8.08422E-01 8.02636E-01 8.20713E-01 8.51744E-01 5.13644E-01 4.95266E-01 1.31437E-01 1.35728E+01 
2.12725E-01 5.72512E-01 5.91434E-01 8.82876E-01 8.77170E-01 8.96277E-01 9.27947E-01 5.91438E-01 5.72512E-01 2.12725E-01 1.55360E+01 
3.01040E-01 6.56744E-01 6.76227E-01 9.64296E-01 9.58675E-01 9.78851E-01 1.01118E+00 6.76232E-01 6.56744E-01 3.01040E-01 1.76513E+01 
3.96628E-01 7.48213E-01 7.68272E-01 1.05294E+00 1.04741E+00 1.06869E+00 1.10170E+00 7.68277E-01 7.48213E-01 3.96628E-01 1.99167E+01 
4.99706E-01 8.47141E-01 8.67788E-01 1.14902E+00 1.14358E+00 1.16602E+00 1.19972E+00 8.67794E-01 8.47141E-01 4.99706E-01 2.23281E+01 
6.10451E-01 9.53708E-01 9.74956E-01 1.25272E+00 1.24739E+00 1.27102E+00 1.30544E+00 9.74962E-01 9.53708E-01 6.10451E-01 2.48797E+01 
7.28998E-01 1.06805E+00 1.08991E+00 1.36420E+00 1.35898E+00 1.38384E+00 1.41899E+00 1.08992E+00 1.06805E+00 7.28998E-01 2.75633E+01 
8.55434E-01 1.19027E+00 1.21275E+00 1.48353E+00 1.47843E+00 1.50456E+00 1.54047E+00 1.21276E+00 1.19027E+00 8.55434E-01 3.03692E+01 
9.89791E-01 1.32038E+00 1.34350E+00 1.61076E+00 1.60578E+00 1.63323E+00 1.66992E+00 1.34351E+00 1.32038E+00 9.89791E-01 3.32858E+01 
1.13204E+00 1.45838E+00 1.48214E+00 1.74587E+00 1.74102E+00 1.76982E+00 1.80731E+00 1.48215E+00 1.45838E+00 1.13204E+00 3.62997E+01 
1.28210E+00 1.60417E+00 1.62859E+00 1.88877E+00 1.88405E+00 1.91425E+00 1.95255E+00 1.62860E+00 1.60417E+00 1.28210E+00 3.93963E+01 
1.43981E+00 1.75761E+00 1.78268E+00 2.03931E+00 2.03473E+00 2.06636E+00 2.10551E+00 1.78270E+00 1.75761E+00 1.43981E+00 4.25594E+01 
9.11968E-03 6.24724E-02 -1.33849E-02 3.00512E-01 2.93832E-01 3.03692E-01 3.30410E-01 -1.33852E-02 6.24724E-02 9.11968E-03 -2.62507E-01 
9.11968E-03 6.24724E-02 4.00159E-03 3.15189E-01 3.08554E-01 3.19120E-01 3.46293E-01 4.00149E-03 6.24724E-02 9.11968E-03 1.84526E-01 
9.11968E-03 8.53792E-03 2.37036E-02 3.32184E-01 3.25596E-01 3.36886E-01 3.64521E-01 2.37037E-02 8.53792E-03 9.11968E-03 6.89568E-01 
9.11968E-03 3.02489E-02 4.58478E-02 3.51617E-01 3.45079E-01 3.57114E-01 3.85220E-01 4.58482E-02 3.02489E-02 9.11968E-03 1.24848E+00 
9.11968E-03 5.47859E-02 7.08298E-02 3.73854E-01 3.67369E-01 3.80176E-01 4.08767E-01 7.08305E-02 5.47859E-02 9.11968E-03 1.88895E+00 
9.11968E-03 8.23251E-02 9.88256E-02 3.99071E-01 3.92643E-01 4.06251E-01 4.35339E-01 9.88265E-02 8.23251E-02 9.11968E-03 2.61682E+00 
9.11968E-03 1.13050E-01 1.30018E-01 4.27455E-01 4.21089E-01 4.35525E-01 4.65124E-01 1.30020E-01 1.13050E-01 9.11968E-03 3.43760E+00 
9.11968E-03 1.39128E-01 1.56466E-01 4.51711E-01 4.45393E-01 4.60491E-01 4.90494E-01 1.56467E-01 1.39128E-01 9.11968E-03 4.13964E+00 
9.11968E-03 1.47147E-01 1.64595E-01 4.59195E-01 4.52893E-01 4.68187E-01 4.98309E-01 1.64596E-01 1.47147E-01 9.11968E-03 4.35629E+00 
9.11968E-03 1.87908E-01 2.05884E-01 4.97398E-01 4.91170E-01 5.07421E-01 5.38123E-01 2.05886E-01 1.87908E-01 9.11968E-03 5.46162E+00 
9.11968E-03 2.33050E-01 2.51567E-01 5.39967E-01 5.33817E-01 5.51060E-01 5.82357E-01 2.51570E-01 2.33050E-01 9.11968E-03 6.69047E+00 
9.11968E-03 2.82813E-01 3.01883E-01 5.87143E-01 5.81077E-01 5.99345E-01 6.31254E-01 3.01886E-01 2.82813E-01 9.11968E-03 8.04639E+00 
9.11968E-03 3.37432E-01 3.57066E-01 6.39165E-01 6.33187E-01 6.52515E-01 6.85051E-01 3.57069E-01 3.37432E-01 9.11968E-03 9.53164E+00 
5.23106E-02 3.96422E-01 4.16626E-01 6.95572E-01 6.89688E-01 7.10103E-01 7.43278E-01 4.16630E-01 3.96422E-01 5.23106E-02 1.10521E+01 
1.20502E-01 4.60782E-01 4.81570E-01 7.57329E-01 7.51544E-01 7.73087E-01 8.06920E-01 4.81574E-01 4.60782E-01 1.20502E-01 1.26785E+01 
1.94490E-01 5.30896E-01 5.52281E-01 8.24816E-01 8.19137E-01 8.41850E-01 8.76362E-01 5.52286E-01 5.30896E-01 1.94490E-01 1.44295E+01 
2.74465E-01 6.06958E-01 6.28954E-01 8.98230E-01 8.92662E-01 9.16588E-01 9.51801E-01 6.28960E-01 6.06958E-01 2.74465E-01 1.63032E+01 
3.60589E-01 6.89135E-01 7.11755E-01 9.77741E-01 9.72291E-01 9.97474E-01 1.03341E+00 7.11761E-01 6.89135E-01 3.60589E-01 1.82960E+01 
4.52996E-01 7.77563E-01 8.00820E-01 1.06349E+00 1.05816E+00 1.08464E+00 1.12132E+00 8.00827E-01 7.77563E-01 4.52996E-01 2.04028E+01 
5.51780E-01 8.72341E-01 8.96246E-01 1.15557E+00 1.15038E+00 1.17820E+00 1.21564E+00 8.96254E-01 8.72341E-01 5.51780E-01 2.26166E+01 
6.56997E-01 9.73528E-01 9.98092E-01 1.25405E+00 1.24899E+00 1.27820E+00 1.31643E+00 9.98100E-01 9.73528E-01 6.56997E-01 2.49289E+01 
7.68654E-01 1.08114E+00 1.10637E+00 1.35894E+00 1.35403E+00 1.38467E+00 1.42370E+00 1.10638E+00 1.08114E+00 7.68654E-01 2.73298E+01 
8.86714E-01 1.19513E+00 1.22104E+00 1.47021E+00 1.46545E+00 1.49756E+00 1.53742E+00 1.22105E+00 1.19513E+00 8.86714E-01 2.98078E+01 
1.01108E+00 1.31542E+00 1.34201E+00 1.58777E+00 1.58317E+00 1.61679E+00 1.65750E+00 1.34202E+00 1.31542E+00 1.01108E+00 3.23504E+01 
1.14162E+00 1.44186E+00 1.46915E+00 1.71148E+00 1.70704E+00 1.74222E+00 1.78380E+00 1.46916E+00 1.44186E+00 1.14162E+00 3.49440E+01 
1.27812E+00 1.57426E+00 1.60225E+00 1.84114E+00 1.83687E+00 1.87365E+00 1.91612E+00 1.60226E+00 1.57426E+00 1.27812E+00 3.75741E+01 
8.38249E-03 5.98678E-02 -1.05968E-02 2.83826E-01 2.76926E-01 2.89151E-01 3.18397E-01 -1.05972E-02 5.98678E-02 8.38249E-03 -1.86583E-01 
8.38249E-03 5.98678E-02 6.45630E-03 2.98261E-01 2.91425E-01 3.04470E-01 3.34197E-01 6.45617E-03 5.98678E-02 8.38249E-03 2.57149E-01 
8.38249E-03 8.25656E-03 2.56079E-02 3.14795E-01 3.08027E-01 3.21911E-01 3.52128E-01 2.56080E-02 8.25656E-03 8.38249E-03 7.53061E-01 
8.38249E-03 2.91335E-02 4.69666E-02 3.33532E-01 3.26835E-01 3.41581E-01 3.72296E-01 4.69670E-02 2.91335E-02 8.38249E-03 1.29649E+00 
8.38249E-03 5.25601E-02 7.08868E-02 3.54797E-01 3.48174E-01 3.63812E-01 3.95040E-01 7.08876E-02 5.25601E-02 8.38249E-03 1.91352E+00 
8.38249E-03 7.86827E-02 9.75149E-02 3.78737E-01 3.72193E-01 3.88754E-01 4.20509E-01 9.75160E-02 7.86827E-02 8.38249E-03 2.60861E+00 
8.38249E-03 1.07653E-01 1.27002E-01 4.05507E-01 3.99046E-01 4.16561E-01 4.48856E-01 1.27003E-01 1.07653E-01 8.38249E-03 3.38584E+00 
8.38249E-03 1.32119E-01 1.51876E-01 4.28259E-01 4.21866E-01 4.40140E-01 4.72864E-01 1.51877E-01 1.32119E-01 8.38249E-03 4.04587E+00 
8.38249E-03 1.39622E-01 1.59499E-01 4.35260E-01 4.28887E-01 4.47387E-01 4.80237E-01 1.59501E-01 1.39622E-01 8.38249E-03 4.24876E+00 
8.38249E-03 1.77629E-01 1.98087E-01 4.70860E-01 4.64586E-01 4.84184E-01 5.17649E-01 1.98090E-01 1.77629E-01 8.38249E-03 5.27853E+00 
8.38249E-03 2.19490E-01 2.40542E-01 5.10299E-01 5.04131E-01 5.24862E-01 5.58959E-01 2.40544E-01 2.19490E-01 8.38249E-03 6.41404E+00 
8.38249E-03 2.65392E-01 2.87049E-01 5.53767E-01 5.47709E-01 5.69611E-01 6.04357E-01 2.87052E-01 2.65392E-01 8.38249E-03 7.65704E+00 
8.38249E-03 3.15514E-01 3.37787E-01 6.01444E-01 5.95502E-01 6.18612E-01 6.54024E-01 3.37790E-01 3.15514E-01 8.38249E-03 9.00807E+00 
4.79922E-02 3.69478E-01 3.92371E-01 6.52975E-01 6.47154E-01 6.71499E-01 7.07591E-01 3.92376E-01 3.69478E-01 4.79922E-02 1.03781E+01 
1.10247E-01 4.28057E-01 4.51583E-01 7.09100E-01 7.03407E-01 7.29031E-01 7.65822E-01 4.51588E-01 4.28057E-01 1.10247E-01 1.18324E+01 
1.77436E-01 4.91529E-01 5.15701E-01 7.70095E-01 7.64536E-01 7.91485E-01 8.28998E-01 5.15707E-01 4.91529E-01 1.77436E-01 1.33869E+01 
2.49682E-01 5.60020E-01 5.84850E-01 8.36088E-01 8.30670E-01 8.58989E-01 8.97247E-01 5.84857E-01 5.60020E-01 2.49682E-01 1.50384E+01 
3.27079E-01 6.33628E-01 6.59129E-01 9.07179E-01 9.01910E-01 9.31645E-01 9.70670E-01 6.59137E-01 6.33628E-01 3.27079E-01 1.67824E+01 
4.09693E-01 7.12421E-01 7.38606E-01 9.83440E-01 9.78326E-01 1.00952E+00 1.04934E+00 7.38614E-01 7.12421E-01 4.09693E-01 1.86128E+01 
4.97552E-01 7.96434E-01 8.23311E-01 1.06491E+00 1.05995E+00 1.09266E+00 1.13328E+00 8.23320E-01 7.96434E-01 4.97552E-01 2.05223E+01 
5.90648E-01 8.85661E-01 9.13239E-01 1.15157E+00 1.14679E+00 1.18104E+00 1.22251E+00 9.13249E-01 8.85661E-01 5.90648E-01 2.25023E+01 
6.88933E-01 9.80057E-01 1.00834E+00 1.24340E+00 1.23879E+00 1.27464E+00 1.31697E+00 1.00836E+00 9.80057E-01 6.88933E-01 2.45431E+01 
7.92317E-01 1.07953E+00 1.10854E+00 1.34030E+00 1.33588E+00 1.37336E+00 1.41657E+00 1.10855E+00 1.07953E+00 7.92317E-01 2.66339E+01 
9.00659E-01 1.18396E+00 1.21368E+00 1.44213E+00 1.43790E+00 1.47707E+00 1.52118E+00 1.21370E+00 1.18396E+00 9.00659E-01 2.87630E+01 
1.01378E+00 1.29314E+00 1.32360E+00 1.54873E+00 1.54470E+00 1.58559E+00 1.63063E+00 1.32362E+00 1.29314E+00 1.01378E+00 3.09182E+01 
1.13145E+00 1.40687E+00 1.43806E+00 1.65986E+00 1.65604E+00 1.69869E+00 1.74468E+00 1.43808E+00 1.40687E+00 1.13145E+00 3.30868E+01 
7.68823E-03 5.72966E-02 -7.42961E-03 2.68367E-01 2.61310E-01 2.76432E-01 3.08330E-01 -7.43009E-03 5.72966E-02 7.68823E-03 -9.97741E-02 
7.68823E-03 5.72966E-02 9.27229E-03 2.82528E-01 2.75559E-01 2.91629E-01 3.24034E-01 9.27213E-03 5.72966E-02 7.68823E-03 3.39852E-01 
7.68823E-03 7.97328E-03 2.78669E-02 2.98582E-01 2.91704E-01 3.08743E-01 3.41665E-01 2.78671E-02 7.97328E-03 7.68823E-03 8.25775E-01 
7.68823E-03 2.80215E-02 4.84465E-02 3.16617E-01 3.09834E-01 3.27865E-01 3.61314E-01 4.84471E-02 2.80215E-02 7.68823E-03 1.35291E+00 
7.68823E-03 5.03583E-02 7.13268E-02 3.36919E-01 3.30236E-01 3.49292E-01 3.83284E-01 7.13277E-02 5.03583E-02 7.68823E-03 1.94582E+00 
7.68823E-03 7.51035E-02 9.66270E-02 3.59610E-01 3.53031E-01 3.73146E-01 4.07695E-01 9.66284E-02 7.51035E-02 7.68823E-03 2.60775E+00 
7.68823E-03 1.02380E-01 1.24469E-01 3.84814E-01 3.78345E-01 3.99552E-01 4.34674E-01 1.24471E-01 1.02380E-01 7.68823E-03 3.34152E+00 
7.68823E-03 1.25298E-01 1.47834E-01 4.06118E-01 3.99737E-01 4.21812E-01 4.57388E-01 1.47836E-01 1.25298E-01 7.68823E-03 3.96005E+00 
7.68823E-03 1.32307E-01 1.54974E-01 4.12654E-01 4.06298E-01 4.28631E-01 4.64342E-01 1.54977E-01 1.32307E-01 7.68823E-03 4.14941E+00 
7.68823E-03 1.67686E-01 1.90986E-01 4.45764E-01 4.39538E-01 4.63123E-01 4.99486E-01 1.90989E-01 1.67686E-01 7.68823E-03 5.10545E+00 
7.68823E-03 2.06432E-01 2.30378E-01 4.82227E-01 4.76136E-01 5.01012E-01 5.38045E-01 2.30381E-01 2.06432E-01 7.68823E-03 6.15080E+00 
7.68823E-03 2.48687E-01 2.73288E-01 5.22185E-01 5.16235E-01 5.42442E-01 5.80164E-01 2.73292E-01 2.48687E-01 7.68823E-03 7.28574E+00 
7.68823E-03 2.94580E-01 3.19848E-01 5.65771E-01 5.59968E-01 5.87544E-01 6.25974E-01 3.19853E-01 2.94580E-01 7.68823E-03 8.50948E+00 
4.39331E-02 3.43820E-01 3.69756E-01 6.12713E-01 6.07063E-01 6.36036E-01 6.75188E-01 3.69761E-01 3.43820E-01 4.39331E-02 9.73835E+00 
1.00635E-01 3.96990E-01 4.23605E-01 6.63564E-01 6.58074E-01 6.88489E-01 7.28385E-01 4.23611E-01 3.96990E-01 1.00635E-01 1.10323E+01 
1.61499E-01 4.54281E-01 4.81588E-01 7.18513E-01 7.13190E-01 7.45096E-01 7.85761E-01 4.81595E-01 4.54281E-01 1.61499E-01 1.24052E+01 
2.26591E-01 5.15763E-01 5.43773E-01 7.77632E-01 7.72484E-01 8.05928E-01 8.47386E-01 5.43781E-01 5.15763E-01 2.26591E-01 1.38528E+01 
2.95950E-01 5.81479E-01 6.10203E-01 8.40966E-01 8.36000E-01 8.71030E-01 9.13305E-01 6.10211E-01 5.81479E-01 2.95950E-01 1.53700E+01 
3.69587E-01 6.51444E-01 6.80891E-01 9.08531E-01 9.03755E-01 9.40419E-01 9.83536E-01 6.80901E-01 6.51444E-01 3.69587E-01 1.69504E+01 
4.47482E-01 7.25640E-01 7.55818E-01 9.80313E-01 9.75734E-01 1.01408E+00 1.05806E+00 7.55829E-01 7.25640E-01 4.47482E-01 1.85866E+01 
5.29580E-01 8.04017E-01 8.34933E-01 1.05626E+00 1.05189E+00 1.09196E+00 1.13683E+00 8.34945E-01 8.04017E-01 5.29580E-01 2.02702E+01 
6.15789E-01 8.86485E-01 9.18145E-01 1.13629E+00 1.13213E+00 1.17397E+00 1.21976E+00 9.18158E-01 8.86485E-01 6.15789E-01 2.19919E+01 
7.05983E-01 9.72920E-01 1.00533E+00 1.22027E+00 1.21633E+00 1.25999E+00 1.30672E+00 1.00534E+00 9.72920E-01 7.05983E-01 2.37420E+01 
7.99994E-01 1.06316E+00 1.09632E+00 1.30805E+00 1.30434E+00 1.34985E+00 1.39755E+00 1.09634E+00 1.06316E+00 7.99994E-01 2.55100E+01 
8.97618E-01 1.15700E+00 1.19092E+00 1.39943E+00 1.39595E+00 1.44336E+00 1.49204E+00 1.19093E+00 1.15700E+00 8.97618E-01 2.72849E+01 
9.98614E-01 1.25421E+00 1.28888E+00 1.49416E+00 1.49092E+00 1.54027E+00 1.58997E+00 1.28890E+00 1.25421E+00 9.98614E-01 2.90558E+01 
7.03472E-03 5.47544E-02 -3.83480E-03 2.54068E-01 2.46939E-01 2.65596E-01 3.00245E-01 -3.83540E-03 5.47544E-02 7.03472E-03 -9.14371E-04 
7.03472E-03 5.47544E-02 1.24966E-02 2.67925E-01 2.60911E-01 2.80657E-01 3.15844E-01 1.24964E-02 5.47544E-02 7.03472E-03 4.33499E-01 
7.03472E-03 7.68775E-03 3.05258E-02 2.83479E-01 2.76584E-01 2.97442E-01 3.33175E-01 3.05260E-02 7.68775E-03 7.03472E-03 9.08302E-01 
7.03472E-03 2.69112E-02 5.03301E-02 3.00804E-01 2.94032E-01 3.16027E-01 3.52317E-01 5.03308E-02 2.69112E-02 7.03472E-03 1.41810E+00 
7.03472E-03 4.81770E-02 7.21884E-02 3.20150E-01 3.13507E-01 3.36674E-01 3.73538E-01 7.21896E-02 4.81770E-02 7.03472E-03 1.98600E+00 
7.03472E-03 7.15809E-02 9.61960E-02 3.41615E-01 3.35107E-01 3.59481E-01 3.96936E-01 9.61977E-02 7.15809E-02 7.03472E-03 2.61420E+00 
7.03472E-03 9.72195E-02 1.22449E-01 3.65297E-01 3.58928E-01 3.84547E-01 4.22609E-01 1.22451E-01 9.72195E-02 7.03472E-03 3.30443E+00 
7.03472E-03 1.18650E-01 1.44362E-01 3.85203E-01 3.78946E-01 4.05552E-01 4.44096E-01 1.44365E-01 1.18650E-01 7.03472E-03 3.88185E+00 
7.03472E-03 1.25186E-01 1.51040E-01 3.91292E-01 3.85068E-01 4.11966E-01 4.50653E-01 1.51043E-01 1.25186E-01 7.03472E-03 4.05789E+00 
7.03472E-03 1.58054E-01 1.84592E-01 4.22016E-01 4.15955E-01 4.44273E-01 4.83653E-01 1.84595E-01 1.58054E-01 7.03472E-03 4.94187E+00 
7.03472E-03 1.93842E-01 2.21073E-01 4.55644E-01 4.49753E-01 4.79533E-01 5.19625E-01 2.21078E-01 1.93842E-01 7.03472E-03 5.90006E+00 
7.03472E-03 2.32650E-01 2.60585E-01 4.92279E-01 4.86564E-01 5.17847E-01 5.58672E-01 2.60590E-01 2.32650E-01 7.03472E-03 6.93160E+00 
7.03472E-03 2.74567E-01 3.03213E-01 5.32011E-01 5.26479E-01 5.59305E-01 6.00883E-01 3.03219E-01 2.74567E-01 7.03472E-03 8.03466E+00 
4.01198E-02 3.19367E-01 3.48725E-01 5.74634E-01 5.69290E-01 6.03686E-01 6.46033E-01 3.48732E-01 3.19367E-01 4.01198E-02 9.13108E+00 
9.16322E-02 3.67479E-01 3.97558E-01 6.20548E-01 6.15399E-01 6.51411E-01 6.94552E-01 3.97565E-01 3.67479E-01 9.16322E-02 1.02760E+01 
1.46616E-01 4.19022E-01 4.49833E-01 6.69869E-01 6.64924E-01 7.02604E-01 7.46564E-01 4.49841E-01 4.19022E-01 1.46616E-01 1.14812E+01 
2.05092E-01 4.74022E-01 5.05573E-01 7.22625E-01 7.17892E-01 7.57288E-01 8.02095E-01 5.05583E-01 4.74022E-01 2.05092E-01 1.27421E+01 
2.67056E-01 5.32478E-01 5.64779E-01 7.78817E-01 7.74304E-01 8.15466E-01 8.61145E-01 5.64790E-01 5.32478E-01 2.67056E-01 1.40532E+01 
3.32480E-01 5.94364E-01 6.27421E-01 8.38421E-01 8.34135E-01 8.77111E-01 9.23690E-01 6.27433E-01 5.94364E-01 3.32480E-01 1.54080E+01 
4.01303E-01 6.59624E-01 6.93443E-01 9.01382E-01 8.97332E-01 9.42169E-01 9.89674E-01 6.93456E-01 6.59624E-01 4.01303E-01 1.67994E+01 
4.73437E-01 7.28174E-01 7.62758E-01 9.67617E-01 9.63812E-01 1.01055E+00 1.05901E+00 7.62772E-01 7.28174E-01 4.73437E-01 1.82195E+01 
5.48763E-01 7.99895E-01 8.35248E-01 1.03701E+00 1.03346E+00 1.08215E+00 1.13159E+00 8.35263E-01 7.99895E-01 5.48763E-01 1.96598E+01 
6.27130E-01 8.74643E-01 9.10764E-01 1.10942E+00 1.10612E+00 1.15681E+00 1.20725E+00 9.10782E-01 8.74643E-01 6.27130E-01 2.11115E+01 
7.08356E-01 9.52235E-01 9.89126E-01 1.18466E+00 1.18163E+00 1.23435E+00 1.28583E+00 9.89145E-01 9.52235E-01 7.08356E-01 2.25653E+01 
7.92228E-01 1.03246E+00 1.07012E+00 1.26253E+00 1.25977E+00 1.31457E+00 1.36711E+00 1.07014E+00 1.03246E+00 7.92228E-01 2.40120E+01 
8.78504E-01 1.11509E+00 1.15351E+00 1.34278E+00 1.34031E+00 1.39721E+00 1.45084E+00 1.15353E+00 1.11509E+00 8.78504E-01 2.54421E+01 
6.41888E-03 5.22316E-02 2.44899E-04 2.40846E-01 2.33759E-01 2.56713E-01 2.94192E-01 2.44162E-04 5.22316E-02 6.41888E-03 1.11186E-01 
6.41888E-03 5.22316E-02 1.61836E-02 2.54365E-01 2.47425E-01 2.71626E-01 3.09672E-01 1.61834E-02 5.22316E-02 6.41888E-03 5.38936E-01 
6.41888E-03 7.39895E-03 3.36348E-02 2.69397E-01 2.62608E-01 2.88078E-01 3.26702E-01 3.36350E-02 7.39895E-03 6.41888E-03 1.00118E+00 
6.41888E-03 2.57985E-02 5.26623E-02 2.86001E-01 2.79368E-01 3.06131E-01 3.45347E-01 5.26631E-02 2.57985E-02 6.41888E-03 1.49229E+00 
6.41888E-03 4.60079E-02 7.35106E-02 3.04394E-01 2.97923E-01 3.26018E-01 3.65843E-01 7.35120E-02 4.60079E-02 6.41888E-03 2.03406E+00 
6.41888E-03 6.81011E-02 9.62529E-02 3.24652E-01 3.18349E-01 3.47814E-01 3.88267E-01 9.62550E-02 6.81011E-02 6.41888E-03 2.62771E+00 
6.41888E-03 9.21518E-02 1.20962E-01 3.46849E-01 3.40720E-01 3.71593E-01 4.12692E-01 1.20965E-01 9.21518E-02 6.41888E-03 3.27409E+00 
6.41888E-03 1.12149E-01 1.41475E-01 3.65400E-01 3.59410E-01 3.91399E-01 4.33011E-01 1.41478E-01 1.12149E-01 6.41888E-03 3.81064E+00 
6.41888E-03 1.18229E-01 1.47707E-01 3.71057E-01 3.65108E-01 3.97427E-01 4.39191E-01 1.47711E-01 1.18229E-01 6.41888E-03 3.97352E+00 
6.41888E-03 1.48693E-01 1.78900E-01 3.99487E-01 3.93739E-01 4.27659E-01 4.70162E-01 1.78904E-01 1.48693E-01 6.41888E-03 4.78685E+00 
6.41888E-03 1.81663E-01 2.12607E-01 4.30408E-01 4.24868E-01 4.60432E-01 5.03695E-01 2.12612E-01 1.81663E-01 6.41888E-03 5.66060E+00 
6.41888E-03 2.17207E-01 2.48895E-01 4.63888E-01 4.58563E-01 4.95813E-01 5.39859E-01 2.48901E-01 2.17207E-01 6.41888E-03 6.59303E+00 
6.41888E-03 2.55377E-01 2.87816E-01 4.99981E-01 4.94878E-01 5.33856E-01 5.78707E-01 2.87823E-01 2.55377E-01 6.41888E-03 7.58159E+00 
3.65338E-02 2.96000E-01 3.29186E-01 5.38532E-01 5.33657E-01 5.74387E-01 6.20060E-01 3.29194E-01 2.96000E-01 3.65338E-02 8.55371E+00 
8.31916E-02 3.39378E-01 3.73317E-01 5.79816E-01 5.75176E-01 6.17707E-01 6.64229E-01 3.73327E-01 3.39378E-01 8.31916E-02 9.55996E+00 
1.32706E-01 3.85573E-01 4.20275E-01 6.23894E-01 6.19498E-01 6.63880E-01 7.11280E-01 4.20285E-01 3.85573E-01 1.32706E-01 1.06105E+01 
1.85062E-01 4.34576E-01 4.70046E-01 6.70756E-01 6.66611E-01 7.12896E-01 7.61203E-01 4.70058E-01 4.34576E-01 1.85062E-01 1.17005E+01 
2.40223E-01 4.86352E-01 5.22597E-01 7.20370E-01 7.16486E-01 7.64723E-01 8.13965E-01 5.22610E-01 4.86352E-01 2.40223E-01 1.28245E+01 
2.98129E-01 5.40845E-01 5.77868E-01 7.72682E-01 7.69067E-01 8.19302E-01 8.69510E-01 5.77882E-01 5.40845E-01 2.98129E-01 1.39762E+01 
3.58694E-01 5.97973E-01 6.35775E-01 8.27610E-01 8.24272E-01 8.76552E-01 9.27754E-01 6.35791E-01 5.97973E-01 3.58694E-01 1.51489E+01 
4.21807E-01 6.57628E-01 6.96210E-01 8.85048E-01 8.81995E-01 9.36364E-01 9.88590E-01 6.96227E-01 6.57628E-01 4.21807E-01 1.63354E+01 
4.87332E-01 7.19676E-01 7.59036E-01 9.44864E-01 9.42103E-01 9.98604E-01 1.05188E+00 7.59055E-01 7.19676E-01 4.87332E-01 1.75281E+01 
5.55106E-01 7.83958E-01 8.24094E-01 1.00690E+00 1.00444E+00 1.06311E+00 1.11747E+00 8.24115E-01 7.83958E-01 5.55106E-01 1.87192E+01 
6.24941E-01 8.50288E-01 8.91196E-01 1.07097E+00 1.06882E+00 1.12970E+00 1.18517E+00 8.91218E-01 8.50288E-01 6.24941E-01 1.99009E+01 
6.96626E-01 9.18460E-01 9.60133E-01 1.13687E+00 1.13503E+00 1.19816E+00 1.25477E+00 9.60157E-01 9.18460E-01 6.96626E-01 2.10654E+01 
7.69929E-01 9.88242E-01 1.03067E+00 1.20437E+00 1.20285E+00 1.26826E+00 1.32604E+00 1.03070E+00 9.88242E-01 7.69929E-01 2.22049E+01 
5.83986E-03 4.97250E-02 4.85305E-03 2.28666E-01 2.21769E-01 2.49911E-01 2.90256E-01 4.85214E-03 4.97250E-02 5.83986E-03 2.37048E-01 
5.83986E-03 4.97250E-02 2.03736E-02 2.41814E-01 2.35101E-01 2.64658E-01 3.05608E-01 2.03733E-02 4.97250E-02 5.83986E-03 6.56342E-01 
5.83986E-03 7.10654E-03 3.72307E-02 2.56299E-01 2.49775E-01 2.80769E-01 3.22334E-01 3.72310E-02 7.10654E-03 5.83986E-03 1.10430E+00 
5.83986E-03 2.46822E-02 5.54761E-02 2.72170E-01 2.65838E-01 2.98295E-01 3.40490E-01 5.54771E-02 2.46822E-02 5.83986E-03 1.57517E+00 
5.83986E-03 4.38484E-02 7.53217E-02 2.89610E-01 2.83478E-01 3.17437E-01 3.60283E-01 7.53235E-02 4.38484E-02 5.83986E-03 2.08948E+00 
5.83986E-03 6.46600E-02 9.68215E-02 3.08676E-01 3.02749E-01 3.38252E-01 3.81768E-01 9.68241E-02 6.46600E-02 5.83986E-03 2.64767E+00 
5.83986E-03 8.71703E-02 1.20028E-01 3.29423E-01 3.23708E-01 3.60794E-01 4.05001E-01 1.20031E-01 8.71703E-02 5.83986E-03 3.24985E+00 
5.83986E-03 1.05784E-01 1.39185E-01 3.46660E-01 3.41114E-01 3.79451E-01 4.24208E-01 1.39189E-01 1.05784E-01 5.83986E-03 3.74573E+00 
5.83986E-03 1.11427E-01 1.44988E-01 3.51899E-01 3.46404E-01 3.85111E-01 4.30030E-01 1.44992E-01 1.11427E-01 5.83986E-03 3.89561E+00 
5.83986E-03 1.39590E-01 1.73915E-01 3.78124E-01 3.72871E-01 4.13370E-01 4.59080E-01 1.73920E-01 1.39590E-01 5.83986E-03 4.63972E+00 
5.83986E-03 1.69880E-01 2.04976E-01 4.06459E-01 4.01457E-01 4.43791E-01 4.90317E-01 2.04982E-01 1.69880E-01 5.83986E-03 5.43179E+00 
5.83986E-03 2.02335E-01 2.38206E-01 4.36944E-01 4.32199E-01 4.76411E-01 5.23778E-01 2.38214E-01 2.02335E-01 5.83986E-03 6.26945E+00 
5.83986E-03 2.36981E-01 2.73630E-01 4.69604E-01 4.65125E-01 5.11256E-01 5.59489E-01 2.73639E-01 2.36981E-01 5.83986E-03 7.14968E+00 
3.31694E-02 2.73683E-01 3.11103E-01 5.04324E-01 5.00114E-01 5.48187E-01 5.97304E-01 3.11113E-01 2.73683E-01 3.31694E-02 8.00551E+00 
7.52978E-02 3.12641E-01 3.50836E-01 5.41277E-01 5.37345E-01 5.87406E-01 6.37437E-01 3.50847E-01 3.12641E-01 7.52978E-02 8.88325E+00 
1.19739E-01 3.53874E-01 3.92849E-01 5.80481E-01 5.76835E-01 6.28936E-01 6.79913E-01 3.92861E-01 3.53874E-01 1.19739E-01 9.79173E+00 
1.66451E-01 3.97345E-01 4.37102E-01 6.21897E-01 6.18546E-01 6.72738E-01 7.24693E-01 4.37116E-01 3.97345E-01 1.66451E-01 1.07261E+01 
2.15374E-01 4.42997E-01 4.83538E-01 6.65472E-01 6.62424E-01 7.18755E-01 7.71719E-01 4.83553E-01 4.42997E-01 2.15374E-01 1.16812E+01 
2.66426E-01 4.90751E-01 5.32075E-01 7.11128E-01 7.08392E-01 7.66906E-01 8.20912E-01 5.32093E-01 4.90751E-01 2.66426E-01 1.26510E+01 
3.19504E-01 5.40508E-01 5.82613E-01 7.58767E-01 7.56350E-01 8.17093E-01 8.72171E-01 5.82632E-01 5.40508E-01 3.19504E-01 1.36294E+01 
3.74484E-01 5.92146E-01 6.35028E-01 8.08269E-01 8.06178E-01 8.69191E-01 9.25375E-01 6.35049E-01 5.92146E-01 3.74484E-01 1.46101E+01 
4.31221E-01 6.45525E-01 6.89178E-01 8.59494E-01 8.57737E-01 9.23059E-01 9.80380E-01 6.89201E-01 6.45525E-01 4.31221E-01 1.55865E+01 
4.89551E-01 7.00482E-01 7.44898E-01 9.12281E-01 9.10865E-01 9.78532E-01 1.03702E+00 7.44923E-01 7.00482E-01 4.89551E-01 1.65518E+01 
5.49288E-01 7.56836E-01 8.02005E-01 9.66449E-01 9.65380E-01 1.03543E+00 1.09511E+00 8.02032E-01 7.56836E-01 5.49288E-01 1.74997E+01 
6.10231E-01 8.14387E-01 8.60297E-01 1.02180E+00 1.02108E+00 1.09354E+00 1.15446E+00 8.60327E-01 8.14387E-01 6.10231E-01 1.84236E+01 
6.72161E-01 8.72919E-01 9.19559E-01 1.07812E+00 1.07776E+00 1.15266E+00 1.21484E+00 9.19590E-01 8.72919E-01 6.72161E-01 1.93174E+01 
5.29570E-03 4.72254E-02 1.00340E-02 2.17469E-01 2.10953E-01 2.45309E-01 2.88525E-01 1.00329E-02 4.72254E-02 5.29570E-03 3.76867E-01 
5.29570E-03 4.72254E-02 2.51054E-02 2.30209E-01 2.23918E-01 2.59870E-01 3.03733E-01 2.51050E-02 4.72254E-02 5.29570E-03 7.85550E-01 
5.29570E-03 6.80929E-03 4.13461E-02 2.44121E-01 2.38059E-01 2.75627E-01 3.20151E-01 4.13465E-02 6.80929E-03 5.29570E-03 1.21719E+00 
5.29570E-03 2.35577E-02 5.87971E-02 2.59242E-01 2.53413E-01 2.92621E-01 3.37823E-01 5.87983E-02 2.35577E-02 5.29570E-03 1.66603E+00 
5.29570E-03 4.16903E-02 7.76399E-02 2.75725E-01 2.70136E-01 3.11027E-01 3.56928E-01 7.76421E-02 4.16903E-02 5.29570E-03 2.15136E+00 
5.29570E-03 6.12448E-02 9.79112E-02 2.93610E-01 2.88269E-01 3.30884E-01 3.77507E-01 9.79144E-02 6.12448E-02 5.29570E-03 2.67303E+00 
5.29570E-03 8.22570E-02 1.19646E-01 3.12934E-01 3.07847E-01 3.52226E-01 3.99594E-01 1.19650E-01 8.22570E-02 5.29570E-03 3.23053E+00 
5.29570E-03 9.95348E-02 1.37486E-01 3.28893E-01 3.24007E-01 3.69778E-01 4.17740E-01 1.37491E-01 9.95348E-02 5.29570E-03 3.68590E+00 
5.29570E-03 1.04757E-01 1.42873E-01 3.33728E-01 3.28901E-01 3.75084E-01 4.23221E-01 1.42878E-01 1.04757E-01 5.29570E-03 3.82291E+00 
5.29570E-03 1.30713E-01 1.69616E-01 3.57825E-01 3.53287E-01 4.01458E-01 4.50450E-01 1.69622E-01 1.30713E-01 5.29570E-03 4.49919E+00 
5.29570E-03 1.58450E-01 1.98143E-01 3.83686E-01 3.79444E-01 4.29646E-01 4.79521E-01 1.98151E-01 1.58450E-01 5.29570E-03 5.21225E+00 
5.29570E-03 1.87982E-01 2.28466E-01 4.11325E-01 4.07386E-01 4.59661E-01 5.10447E-01 2.28475E-01 1.87982E-01 5.29570E-03 5.95936E+00 
5.29570E-03 2.19312E-01 2.60586E-01 4.40744E-01 4.37116E-01 4.91506E-01 5.43230E-01 2.60597E-01 2.19312E-01 5.29570E-03 6.73724E+00 
3.00146E-02 2.52335E-01 2.94387E-01 4.71858E-01 4.68544E-01 5.25064E-01 5.77747E-01 2.94399E-01 2.52335E-01 3.00146E-02 7.48449E+00 
6.79207E-02 2.87170E-01 3.30001E-01 5.04761E-01 5.01769E-01 5.60466E-01 6.14140E-01 3.30015E-01 2.87170E-01 6.79207E-02 8.24342E+00 
1.07662E-01 3.23806E-01 3.67415E-01 5.39436E-01 5.36775E-01 5.97700E-01 6.52400E-01 3.67431E-01 3.23806E-01 1.07662E-01 9.02178E+00 
1.49177E-01 3.62184E-01 4.06570E-01 5.75829E-01 5.73506E-01 6.36707E-01 6.92468E-01 4.06587E-01 3.62184E-01 1.49177E-01 9.81495E+00 
1.92390E-01 4.02230E-01 4.47391E-01 6.13866E-01 6.11890E-01 6.77412E-01 7.34270E-01 4.47410E-01 4.02230E-01 1.92390E-01 1.06180E+01 
2.37206E-01 4.43855E-01 4.89783E-01 6.53457E-01 6.51836E-01 7.19722E-01 7.77711E-01 4.89804E-01 4.43855E-01 2.37206E-01 1.14256E+01 
2.83512E-01 4.86948E-01 5.33637E-01 6.94495E-01 6.93236E-01 7.63526E-01 8.22681E-01 5.33660E-01 4.86948E-01 2.83512E-01 1.22324E+01 
3.31179E-01 5.31383E-01 5.78823E-01 7.36856E-01 7.35965E-01 8.08696E-01 8.69052E-01 5.78848E-01 5.31383E-01 3.31179E-01 1.30328E+01 
3.80062E-01 5.77019E-01 6.25198E-01 7.80396E-01 7.79881E-01 8.55086E-01 9.16677E-01 6.25226E-01 5.77019E-01 3.80062E-01 1.38213E+01 
4.29999E-01 6.23697E-01 6.72602E-01 8.24961E-01 8.24826E-01 9.02537E-01 9.65397E-01 6.72632E-01 6.23697E-01 4.29999E-01 1.45922E+01 
4.80817E-01 6.71245E-01 7.20861E-01 8.70378E-01 8.70629E-01 9.50873E-01 1.01503E+00 7.20894E-01 6.71245E-01 4.80817E-01 1.53404E+01 
5.32326E-01 7.19479E-01 7.69789E-01 9.16465E-01 9.17106E-01 9.99906E-01 1.06540E+00 7.69824E-01 7.19479E-01 5.32326E-01 1.60608E+01 
5.84330E-01 7.68203E-01 8.19187E-01 9.63025E-01 9.64060E-01 1.04944E+00 1.11630E+00 8.19224E-01 7.68203E-01 5.84330E-01 1.67486E+01 
4.78481E-03 4.47222E-02 1.58176E-02 2.07199E-01 2.01301E-01 2.43040E-01 2.89098E-01 1.58162E-02 4.47222E-02 4.78481E-03 5.30049E-01 
4.78481E-03 4.47222E-02 3.04014E-02 2.19492E-01 2.13864E-01 2.57385E-01 3.04144E-01 3.04009E-02 4.47222E-02 4.78481E-03 9.25624E-01 
4.78481E-03 6.50572E-03 4.59955E-02 2.32800E-01 2.27444E-01 2.72767E-01 3.20243E-01 4.59960E-02 6.50572E-03 4.78481E-03 1.33865E+00 
4.78481E-03 2.24200E-02 6.26315E-02 2.47149E-01 2.42070E-01 2.89216E-01 3.37429E-01 6.26331E-02 2.24200E-02 4.78481E-03 1.76344E+00 
4.78481E-03 3.95244E-02 8.04625E-02 2.62666E-01 2.57872E-01 3.06884E-01 3.55858E-01 8.04652E-02 3.95244E-02 4.78481E-03 2.21816E+00 
4.78481E-03 5.78421E-02 9.95106E-02 2.79376E-01 2.74873E-01 3.25793E-01 3.75553E-01 9.95145E-02 5.78421E-02 4.78481E-03 2.70215E+00 
4.78481E-03 7.73937E-02 1.19795E-01 2.97299E-01 2.93094E-01 3.45963E-01 3.96536E-01 1.19800E-01 7.73937E-02 4.78481E-03 3.21446E+00 
4.78481E-03 9.33781E-02 1.36347E-01 3.12011E-01 3.08042E-01 3.62445E-01 4.13665E-01 1.36354E-01 9.33781E-02 4.78481E-03 3.62947E+00 
4.78481E-03 9.81939E-02 1.41329E-01 3.16453E-01 3.12553E-01 3.67409E-01 4.18821E-01 1.41336E-01 9.81939E-02 4.78481E-03 3.75377E+00 
4.78481E-03 1.22032E-01 1.65958E-01 3.38495E-01 3.34931E-01 3.91971E-01 4.44318E-01 1.65966E-01 1.22032E-01 4.78481E-03 4.36359E+00 
4.78481E-03 1.47336E-01 1.92052E-01 3.61983E-01 3.58763E-01 4.18030E-01 4.71341E-01 1.92061E-01 1.47336E-01 4.78481E-03 5.00034E+00 
4.78481E-03 1.74101E-01 2.19604E-01 3.86914E-01 3.84044E-01 4.45579E-01 4.99886E-01 2.19615E-01 1.74101E-01 4.78481E-03 5.66110E+00 
4.78481E-03 2.02313E-01 2.48596E-01 4.13273E-01 4.10761E-01 4.74599E-01 5.29934E-01 2.48609E-01 2.02313E-01 4.78481E-03 6.34252E+00 
2.70598E-02 2.31887E-01 2.78935E-01 4.40995E-01 4.38841E-01 5.04995E-01 5.61379E-01 2.78950E-01 2.31887E-01 2.70598E-02 6.98869E+00 
6.10355E-02 2.62886E-01 3.10692E-01 4.70114E-01 4.68327E-01 5.36840E-01 5.94308E-01 3.10709E-01 2.62886E-01 6.10355E-02 7.63816E+00 
9.64302E-02 2.95269E-01 3.43830E-01 5.00590E-01 4.99178E-01 5.70097E-01 6.28689E-01 3.43849E-01 2.95269E-01 9.64302E-02 8.29782E+00 
1.33171E-01 3.28969E-01 3.78277E-01 5.32354E-01 5.31326E-01 6.04695E-01 6.64449E-01 3.78298E-01 3.28969E-01 1.33171E-01 8.96340E+00 
1.71171E-01 3.63902E-01 4.13947E-01 5.65325E-01 5.64687E-01 6.40547E-01 7.01502E-01 4.13971E-01 3.63902E-01 1.71171E-01 9.63044E+00 
2.10329E-01 3.99969E-01 4.50742E-01 5.99406E-01 5.99164E-01 6.77554E-01 7.39747E-01 4.50767E-01 3.99969E-01 2.10329E-01 1.02943E+01 
2.50529E-01 4.37059E-01 4.88545E-01 6.34486E-01 6.34647E-01 7.15601E-01 7.79070E-01 4.88573E-01 4.37059E-01 2.50529E-01 1.09503E+01 
2.91644E-01 4.75047E-01 5.27231E-01 6.70441E-01 6.71010E-01 7.54558E-01 8.19341E-01 5.27261E-01 4.75047E-01 2.91644E-01 1.15938E+01 
3.33533E-01 5.13796E-01 5.66660E-01 7.07135E-01 7.08117E-01 7.94286E-01 8.60419E-01 5.66693E-01 5.13796E-01 3.33533E-01 1.22202E+01 
3.76045E-01 5.53158E-01 6.06681E-01 7.44421E-01 7.45820E-01 8.34633E-01 9.02151E-01 6.06717E-01 5.53158E-01 3.76045E-01 1.28251E+01 
4.19018E-01 5.92973E-01 6.47135E-01 7.82141E-01 7.83960E-01 8.75436E-01 9.44375E-01 6.47174E-01 5.92973E-01 4.19018E-01 1.34044E+01 
4.62284E-01 6.33076E-01 6.87854E-01 8.20130E-01 8.22373E-01 9.16525E-01 9.86919E-01 6.87896E-01 6.33076E-01 4.62284E-01 1.39541E+01 
5.05667E-01 6.73295E-01 7.28662E-01 8.58216E-01 8.60884E-01 9.57724E-01 1.02961E+00 7.28707E-01 6.73295E-01 5.05667E-01 1.44708E+01 
4.30503E-03 4.22006E-02 2.22208E-02 1.97786E-01 1.92795E-01 2.43227E-01 2.92082E-01 2.22191E-02 4.22006E-02 4.30503E-03 6.95256E-01 
4.30503E-03 4.22006E-02 3.62685E-02 2.09587E-01 2.04913E-01 2.57316E-01 3.06942E-01 3.62679E-02 4.22006E-02 4.30503E-03 1.07490E+00 
4.30503E-03 6.19361E-03 5.11754E-02 2.22253E-01 2.17898E-01 2.72288E-01 3.22704E-01 5.11760E-02 6.19361E-03 4.30503E-03 1.46676E+00 
4.30503E-03 2.12615E-02 6.69648E-02 2.35803E-01 2.31770E-01 2.88167E-01 3.39395E-01 6.69668E-02 2.12615E-02 4.30503E-03 1.86532E+00 
4.30503E-03 3.73375E-02 8.37639E-02 2.50338E-01 2.46636E-01 3.05082E-01 3.57149E-01 8.37673E-02 3.73375E-02 4.30503E-03 2.28766E+00 
4.30503E-03 5.44325E-02 1.01582E-01 2.65870E-01 2.62505E-01 3.23040E-01 3.75976E-01 1.01587E-01 5.44325E-02 4.30503E-03 2.73275E+00 
4.30503E-03 7.25544E-02 1.20426E-01 2.82408E-01 2.79386E-01 3.42051E-01 3.95885E-01 1.20432E-01 7.25544E-02 4.30503E-03 3.19933E+00 
4.30503E-03 8.72826E-02 1.35710E-01 2.95897E-01 2.93146E-01 3.57483E-01 4.12032E-01 1.35718E-01 8.72826E-02 4.30503E-03 3.57411E+00 
4.30503E-03 9.17054E-02 1.40296E-01 2.99955E-01 2.97284E-01 3.62114E-01 4.16876E-01 1.40303E-01 9.17054E-02 4.30503E-03 3.68583E+00 
4.30503E-03 1.13505E-01 1.62865E-01 3.20004E-01 3.17716E-01 3.84922E-01 4.40717E-01 1.62875E-01 1.13505E-01 4.30503E-03 4.23058E+00 
4.30503E-03 1.36486E-01 1.86609E-01 3.41212E-01 3.39315E-01 4.08935E-01 4.65798E-01 1.86621E-01 1.36486E-01 4.30503E-03 4.79370E+00 
4.30503E-03 1.60630E-01 2.11508E-01 3.63563E-01 3.62063E-01 4.34133E-01 4.92098E-01 2.11522E-01 1.60630E-01 4.30503E-03 5.37224E+00 
4.30503E-03 1.85907E-01 2.37529E-01 3.87027E-01 3.85930E-01 4.60484E-01 5.19585E-01 2.37545E-01 1.85907E-01 4.30503E-03 5.96296E+00 
2.42920E-02 2.12252E-01 2.64597E-01 4.11556E-01 4.10862E-01 4.87903E-01 5.48164E-01 2.64615E-01 2.12252E-01 2.42920E-02 6.51525E+00 
5.46103E-02 2.39681E-01 2.92737E-01 4.37141E-01 4.36857E-01 5.16423E-01 5.77884E-01 2.92757E-01 2.39681E-01 5.46103E-02 7.06420E+00 
8.59889E-02 2.68139E-01 3.21895E-01 4.63724E-01 4.63858E-01 5.45992E-01 6.08694E-01 3.21918E-01 2.68139E-01 8.59889E-02 7.61598E+00 
1.18348E-01 2.97550E-01 3.51993E-01 4.91231E-01 4.91788E-01 5.76529E-01 6.40515E-01 3.52019E-01 2.97550E-01 1.18348E-01 8.16678E+00 
1.51596E-01 3.27826E-01 3.82941E-01 5.19575E-01 5.20562E-01 6.07944E-01 6.73255E-01 3.82969E-01 3.27826E-01 1.51596E-01 8.71270E+00 
1.85631E-01 3.58868E-01 4.14637E-01 5.48658E-01 5.50080E-01 6.40133E-01 7.06811E-01 4.14668E-01 3.58868E-01 1.85631E-01 9.24979E+00 
2.20340E-01 3.90567E-01 4.46969E-01 5.78372E-01 5.80233E-01 6.72984E-01 7.41069E-01 4.47003E-01 3.90567E-01 2.20340E-01 9.77417E+00 
2.55600E-01 4.22804E-01 4.79817E-01 6.08598E-01 6.10902E-01 7.06374E-01 7.75905E-01 4.79854E-01 4.22804E-01 2.55600E-01 1.02820E+01 
2.91281E-01 4.55451E-01 5.13051E-01 6.39211E-01 6.41960E-01 7.40169E-01 8.11185E-01 5.13091E-01 4.55451E-01 2.91281E-01 1.07697E+01 
3.27245E-01 4.88372E-01 5.46533E-01 6.70075E-01 6.73272E-01 7.74231E-01 8.46769E-01 5.46577E-01 4.88372E-01 3.27245E-01 1.12339E+01 
3.63347E-01 5.21427E-01 5.80121E-01 7.01051E-01 7.04696E-01 8.08414E-01 8.82510E-01 5.80168E-01 5.21427E-01 3.63347E-01 1.16714E+01 
3.99438E-01 5.54470E-01 6.13666E-01 7.31993E-01 7.36088E-01 8.42567E-01 9.18256E-01 6.13716E-01 5.54470E-01 3.99438E-01 1.20794E+01 
4.35368E-01 5.87352E-01 6.47019E-01 7.62755E-01 7.67298E-01 8.76537E-01 9.53851E-01 6.47073E-01 5.87352E-01 4.35368E-01 1.24555E+01 
3.85518E-03 3.96485E-02 2.92200E-02 1.89168E-01 1.85429E-01 2.45979E-01 2.97589E-01 2.92178E-02 3.96485E-02 3.85518E-03 8.69731E-01 
3.85518E-03 3.96485E-02 4.26719E-02 2.00425E-01 1.97050E-01 2.59755E-01 3.12229E-01 4.26712E-02 3.96485E-02 3.85518E-03 1.23040E+00 
3.85518E-03 5.87095E-03 5.68400E-02 2.12406E-01 2.09397E-01 2.74269E-01 3.27629E-01 5.68408E-02 5.87095E-03 3.85518E-03 1.59841E+00 
3.85518E-03 2.00756E-02 7.17407E-02 2.25124E-01 2.22483E-01 2.89538E-01 3.43806E-01 7.17431E-02 2.00756E-02 3.85518E-03 1.96849E+00 
3.85518E-03 3.51189E-02 8.74771E-02 2.38656E-01 2.36391E-01 3.05669E-01 3.60877E-01 8.74813E-02 3.51189E-02 3.85518E-03 2.35668E+00 
3.85518E-03 5.10013E-02 1.04048E-01 2.53004E-01 2.51121E-01 3.22661E-01 3.78843E-01 1.04054E-01 5.10013E-02 3.85518E-03 2.76172E+00 
3.85518E-03 6.77207E-02 1.21450E-01 2.68167E-01 2.66671E-01 3.40510E-01 3.97698E-01 1.21458E-01 6.77207E-02 3.85518E-03 3.18215E+00 
3.85518E-03 8.12270E-02 1.35480E-01 2.80454E-01 2.79262E-01 3.54902E-01 4.12892E-01 1.35489E-01 8.12270E-02 3.85518E-03 3.51696E+00 
3.85518E-03 8.52693E-02 1.39674E-01 2.84137E-01 2.83035E-01 3.59206E-01 4.17433E-01 1.39684E-01 8.52693E-02 3.85518E-03 3.61628E+00 
3.85518E-03 1.05106E-01 1.60229E-01 3.02249E-01 3.01577E-01 3.80298E-01 4.39683E-01 1.60241E-01 1.05106E-01 3.85518E-03 4.09753E+00 
3.85518E-03 1.25870E-01 1.81697E-01 3.21264E-01 3.21027E-01 4.02333E-01 4.62913E-01 1.81712E-01 1.25870E-01 3.85518E-03 4.58986E+00 
3.85518E-03 1.47531E-01 2.04049E-01 3.41154E-01 3.41358E-01 4.25278E-01 4.87093E-01 2.04066E-01 1.47531E-01 3.85518E-03 5.09045E+00 
3.85518E-03 1.70053E-01 2.27244E-01 3.61882E-01 3.62531E-01 4.49094E-01 5.12180E-01 2.27264E-01 1.70053E-01 3.85518E-03 5.59627E+00 
2.17038E-02 1.93381E-01 2.51219E-01 3.83412E-01 3.84505E-01 4.73702E-01 5.38085E-01 2.51241E-01 1.93381E-01 2.17038E-02 6.06185E+00 
4.86262E-02 2.17501E-01 2.75967E-01 4.05703E-01 4.07244E-01 4.99109E-01 5.64831E-01 2.75992E-01 2.17501E-01 4.86262E-02 6.51901E+00 
7.63035E-02 2.42347E-01 3.01425E-01 4.28688E-01 4.30684E-01 5.25252E-01 5.92359E-01 3.01452E-01 2.42347E-01 7.63035E-02 6.97337E+00 
1.04654E-01 2.67841E-01 3.27510E-01 4.52290E-01 4.54745E-01 5.52046E-01 6.20583E-01 3.27541E-01 2.67841E-01 1.04654E-01 7.42164E+00 
1.33586E-01 2.93897E-01 3.54134E-01 4.76424E-01 4.79341E-01 5.79402E-01 6.49413E-01 3.54168E-01 2.93897E-01 1.33586E-01 7.86050E+00 
1.63001E-01 3.20418E-01 3.81199E-01 5.00993E-01 5.04376E-01 6.07218E-01 6.78747E-01 3.81237E-01 3.20418E-01 1.63001E-01 8.28673E+00 
1.92792E-01 3.47301E-01 4.08599E-01 5.25896E-01 5.29747E-01 6.35386E-01 7.08476E-01 4.08640E-01 3.47301E-01 1.92792E-01 8.69717E+00 
2.22847E-01 3.74437E-01 4.36223E-01 5.51025E-01 5.55345E-01 6.63792E-01 7.38483E-01 4.36267E-01 3.74437E-01 2.22847E-01 9.08886E+00 
2.53047E-01 4.01710E-01 4.63952E-01 5.76265E-01 5.81054E-01 6.92314E-01 7.68646E-01 4.64001E-01 4.01710E-01 2.53047E-01 9.45904E+00 
2.83268E-01 4.29000E-01 4.91667E-01 6.01498E-01 6.06755E-01 7.20829E-01 7.98840E-01 4.91719E-01 4.29000E-01 2.83268E-01 9.80520E+00 
3.13386E-01 4.56186E-01 5.19241E-01 6.26602E-01 6.32326E-01 7.49209E-01 8.28934E-01 5.19297E-01 4.56186E-01 3.13386E-01 1.01251E+01 
3.43273E-01 4.83142E-01 5.46550E-01 6.51454E-01 6.57642E-01 7.77323E-01 8.58796E-01 5.46611E-01 4.83142E-01 3.43273E-01 1.04169E+01 
3.72802E-01 5.09745E-01 5.73468E-01 6.75931E-01 6.82579E-01 8.05042E-01 8.88295E-01 5.73532E-01 5.09745E-01 3.72802E-01 1.06790E+01 
3.43408E-03 3.70549E-02 3.67463E-02 1.81270E-01 1.79179E-01 2.51356E-01 3.05726E-01 3.67436E-02 3.70549E-02 3.43408E-03 1.04936E+00 
3.43408E-03 3.70549E-02 4.95309E-02 1.91926E-01 1.90244E-01 2.64747E-01 3.20102E-01 4.95301E-02 3.70549E-02 3.43408E-03 1.38789E+00 
3.43408E-03 5.53570E-03 6.28973E-02 2.03173E-01 2.01902E-01 2.78738E-01 3.35101E-01 6.28984E-02 5.53570E-03 3.43408E-03 1.72933E+00 
3.43408E-03 1.88561E-02 7.68561E-02 2.15021E-01 2.14161E-01 2.93340E-01 3.50735E-01 7.68592E-02 1.88561E-02 3.43408E-03 2.06874E+00 
3.43408E-03 3.28584E-02 9.14891E-02 2.27524E-01 2.27082E-01 3.08641E-01 3.67107E-01 9.14943E-02 3.28584E-02 3.43408E-03 2.42114E+00 
3.43408E-03 4.75351E-02 1.06787E-01 2.40677E-01 2.40659E-01 3.24633E-01 3.84205E-01 1.06794E-01 4.75351E-02 3.43408E-03 2.78515E+00 
3.43408E-03 6.28761E-02 1.22738E-01 2.54471E-01 2.54880E-01 3.41302E-01 4.02017E-01 1.22747E-01 6.28761E-02 3.43408E-03 3.15924E+00 
3.43408E-03 7.51929E-02 1.35517E-01 2.65574E-01 2.66318E-01 3.54653E-01 4.16278E-01 1.35529E-01 7.51929E-02 3.43408E-03 3.45451E+00 
3.43408E-03 7.88665E-02 1.39325E-01 2.68890E-01 2.69732E-01 3.58631E-01 4.20525E-01 1.39337E-01 7.88665E-02 3.43408E-03 3.54168E+00 
3.43408E-03 9.68133E-02 1.57899E-01 2.85117E-01 2.86431E-01 3.78029E-01 4.41236E-01 1.57914E-01 9.68133E-02 3.43408E-03 3.96126E+00 
3.43408E-03 1.15462E-01 1.77156E-01 3.02022E-01 3.03810E-01 3.98135E-01 4.62696E-01 1.77174E-01 1.15462E-01 3.43408E-03 4.38591E+00 
3.43408E-03 1.34778E-01 1.97058E-01 3.19568E-01 3.21834E-01 4.18909E-01 4.84866E-01 1.97079E-01 1.34778E-01 3.43408E-03 4.81301E+00 
3.43408E-03 1.54716E-01 2.17560E-01 3.37713E-01 3.40459E-01 4.40303E-01 5.07697E-01 2.17584E-01 1.54716E-01 3.43408E-03 5.23984E+00 
1.92881E-02 1.75235E-01 2.38611E-01 3.56431E-01 3.59653E-01 4.62249E-01 5.31104E-01 2.38638E-01 1.75235E-01 1.92881E-02 5.62584E+00 
4.30649E-02 1.96298E-01 2.60180E-01 3.75662E-01 3.79363E-01 4.84732E-01 5.55095E-01 2.60211E-01 1.96298E-01 4.30649E-02 5.99979E+00 
6.73411E-02 2.17836E-01 2.82200E-01 3.95333E-01 3.99516E-01 5.07685E-01 5.79603E-01 2.82234E-01 2.17836E-01 6.73411E-02 6.36685E+00 
9.20363E-02 2.39771E-01 3.04590E-01 4.15368E-01 4.20036E-01 5.31025E-01 6.04547E-01 3.04628E-01 2.39771E-01 9.20363E-02 6.72427E+00 
1.17064E-01 2.62021E-01 3.27265E-01 4.35686E-01 4.40839E-01 5.54664E-01 6.29836E-01 3.27307E-01 2.62021E-01 1.17064E-01 7.06935E+00 
1.42331E-01 2.84497E-01 3.50134E-01 4.56199E-01 4.61838E-01 5.78507E-01 6.55375E-01 3.50180E-01 2.84497E-01 1.42331E-01 7.39953E+00 
1.67739E-01 3.07105E-01 3.73101E-01 4.76813E-01 4.82937E-01 6.02455E-01 6.81060E-01 3.73151E-01 3.07105E-01 1.67739E-01 7.71239E+00 
1.93189E-01 3.29746E-01 3.96066E-01 4.97431E-01 5.04039E-01 6.26403E-01 7.06787E-01 3.96120E-01 3.29746E-01 1.93189E-01 8.00569E+00 
2.18575E-01 3.52319E-01 4.18926E-01 5.17955E-01 5.25042E-01 6.50244E-01 7.32447E-01 4.18985E-01 3.52319E-01 2.18575E-01 8.27745E+00 
2.43791E-01 3.74723E-01 4.41577E-01 5.38282E-01 5.45845E-01 6.73870E-01 7.57928E-01 4.41640E-01 3.74723E-01 2.43791E-01 8.52594E+00 
2.68731E-01 3.96852E-01 4.63913E-01 5.58309E-01 5.66344E-01 6.97172E-01 7.83118E-01 4.63980E-01 3.96852E-01 2.68731E-01 8.74970E+00 
2.93288E-01 4.18605E-01 4.85830E-01 5.77936E-01 5.86435E-01 7.20040E-01 8.07906E-01 4.85902E-01 4.18605E-01 2.93288E-01 8.94760E+00 
3.17360E-01 4.39879E-01 5.07226E-01 5.97062E-01 6.06019E-01 7.42367E-01 8.32181E-01 5.07303E-01 4.39879E-01 3.17360E-01 9.11877E+00 
3.04097E-03 3.44130E-02 4.46683E-02 1.74007E-01 1.74004E-01 2.59347E-01 3.16581E-01 4.46650E-02 3.44130E-02 3.04097E-03 1.22852E+00 
3.04097E-03 3.44130E-02 5.67032E-02 1.83998E-01 1.84446E-01 2.72263E-01 3.30637E-01 5.67022E-02 3.44130E-02 3.04097E-03 1.54179E+00 
3.04097E-03 5.18638E-03 6.91949E-02 1.94459E-01 1.95356E-01 2.85649E-01 3.45186E-01 6.91963E-02 5.18638E-03 3.04097E-03 1.85410E+00 
3.04097E-03 1.75985E-02 8.21499E-02 2.05393E-01 2.06739E-01 2.99510E-01 3.60238E-01 8.21538E-02 1.75985E-02 3.04097E-03 2.16086E+00 
3.04097E-03 3.05497E-02 9.56305E-02 2.16839E-01 2.18639E-01 3.13920E-01 3.75881E-01 9.56370E-02 3.05497E-02 3.04097E-03 2.47613E+00 
3.04097E-03 4.40264E-02 1.09621E-01 2.28785E-01 2.31041E-01 3.28863E-01 3.92096E-01 1.09631E-01 4.40264E-02 3.04097E-03 2.79847E+00 
3.04097E-03 5.80128E-02 1.24105E-01 2.41214E-01 2.43932E-01 3.44319E-01 4.08865E-01 1.24117E-01 5.80128E-02 3.04097E-03 3.12637E+00 
3.04097E-03 6.91720E-02 1.35636E-01 2.51151E-01 2.54227E-01 3.56616E-01 4.22205E-01 1.35651E-01 6.91720E-02 3.04097E-03 3.38285E+00 
3.04097E-03 7.24888E-02 1.39059E-01 2.54107E-01 2.57289E-01 3.60265E-01 4.26164E-01 1.39075E-01 7.24888E-02 3.04097E-03 3.45817E+00 
3.04097E-03 8.86189E-02 1.55683E-01 2.68504E-01 2.72188E-01 3.77977E-01 4.45378E-01 1.55701E-01 8.86189E-02 3.04097E-03 3.81833E+00 
3.04097E-03 1.05256E-01 1.72787E-01 2.83380E-01 2.87568E-01 3.96188E-01 4.65137E-01 1.72809E-01 1.05256E-01 3.04097E-03 4.17874E+00 
3.04097E-03 1.22361E-01 1.90331E-01 2.98698E-01 3.03390E-01 4.14854E-01 4.85394E-01 1.90357E-01 1.22361E-01 3.04097E-03 4.53711E+00 
3.04097E-03 1.39887E-01 2.08268E-01 3.14411E-01 3.19607E-01 4.33924E-01 5.06099E-01 2.08298E-01 1.39887E-01 3.04097E-03 4.89106E+00 
1.70399E-02 1.57803E-01 2.26557E-01 3.30505E-01 3.36197E-01 4.53337E-01 5.27169E-01 2.26590E-01 1.57803E-01 1.70399E-02 5.20467E+00 
3.79126E-02 1.76057E-01 2.45152E-01 3.46904E-01 3.53093E-01 4.73066E-01 5.48603E-01 2.45190E-01 1.76057E-01 3.79126E-02 5.50389E+00 
5.90757E-02 1.94581E-01 2.63986E-01 3.63536E-01 3.70222E-01 4.93043E-01 5.70336E-01 2.64028E-01 1.94581E-01 5.90757E-02 5.79350E+00 
8.04531E-02 2.13302E-01 2.82983E-01 3.80331E-01 3.87513E-01 5.13190E-01 5.92288E-01 2.83029E-01 2.13302E-01 8.04531E-02 6.07127E+00 
1.01965E-01 2.32144E-01 3.02064E-01 3.97212E-01 4.04889E-01 5.33423E-01 6.14373E-01 3.02115E-01 2.32144E-01 1.01965E-01 6.33513E+00 
1.23526E-01 2.51027E-01 3.21147E-01 4.14101E-01 4.22269E-01 5.53656E-01 6.36502E-01 3.21203E-01 2.51027E-01 1.23526E-01 6.58309E+00 
1.45052E-01 2.69867E-01 3.40148E-01 4.30916E-01 4.39570E-01 5.73799E-01 6.58583E-01 3.40208E-01 2.69867E-01 1.45052E-01 6.81341E+00 
1.66452E-01 2.88579E-01 3.58979E-01 4.47573E-01 4.56709E-01 5.93761E-01 6.80523E-01 3.59045E-01 2.88579E-01 1.66452E-01 7.02450E+00 
1.87639E-01 3.07078E-01 3.77554E-01 4.63987E-01 4.73598E-01 6.13448E-01 7.02224E-01 3.77624E-01 3.07078E-01 1.87639E-01 7.21503E+00 
2.08522E-01 3.25277E-01 3.95785E-01 4.80075E-01 4.90152E-01 6.32770E-01 7.23593E-01 3.95860E-01 3.25277E-01 2.08522E-01 7.38393E+00 
2.29015E-01 3.43091E-01 4.13585E-01 4.95752E-01 5.06286E-01 6.51635E-01 7.44534E-01 4.13667E-01 3.43091E-01 2.29015E-01 7.53036E+00 
2.49030E-01 3.60439E-01 4.30873E-01 5.10937E-01 5.21919E-01 6.69954E-01 7.64954E-01 4.30960E-01 3.60439E-01 2.49030E-01 7.65377E+00 
2.68487E-01 3.77239E-01 4.47566E-01 5.25552E-01 5.36969E-01 6.87640E-01 7.84764E-01 4.47659E-01 3.77239E-01 2.68487E-01 7.75385E+00 
2.67548E-03 3.17241E-02 5.27780E-02 1.67276E-01 1.69832E-01 2.69842E-01 3.30214E-01 5.27741E-02 3.17241E-02 2.67548E-03 1.40014E+00 
2.67548E-03 3.17241E-02 6.39730E-02 1.76537E-01 1.79574E-01 2.82175E-01 3.43879E-01 6.39719E-02 3.17241E-02 2.67548E-03 1.68534E+00 
2.67548E-03 4.82262E-03 7.55110E-02 1.86156E-01 1.89672E-01 2.94856E-01 3.57919E-01 7.55130E-02 4.82262E-03 2.67548E-03 1.96631E+00 
2.67548E-03 1.63026E-02 8.73956E-02 1.96136E-01 2.00127E-01 3.07888E-01 3.72338E-01 8.74006E-02 1.63026E-02 2.67548E-03 2.23886E+00 
2.67548E-03 2.81935E-02 9.96717E-02 2.06497E-01 2.10966E-01 3.21332E-01 3.87213E-01 9.96800E-02 2.81935E-02 2.67548E-03 2.51610E+00 
2.67548E-03 4.04777E-02 1.12320E-01 2.17223E-01 2.22173E-01 3.35165E-01 4.02520E-01 1.12332E-01 4.04777E-02 2.67548E-03 2.79664E+00 
2.67548E-03 5.31359E-02 1.25319E-01 2.28296E-01 2.33728E-01 3.49363E-01 4.18238E-01 1.25335E-01 5.31359E-02 2.67548E-03 3.07904E+00 
2.67548E-03 6.31723E-02 1.35603E-01 2.37088E-01 2.42892E-01 3.60584E-01 4.30662E-01 1.35621E-01 6.31723E-02 2.67548E-03 3.29788E+00 
2.67548E-03 6.61449E-02 1.38645E-01 2.39693E-01 2.45607E-01 3.63901E-01 4.34336E-01 1.38664E-01 6.61449E-02 2.67548E-03 3.36180E+00 
2.67548E-03 8.05350E-02 1.53348E-01 2.52316E-01 2.58749E-01 3.79922E-01 4.52085E-01 1.53371E-01 8.05350E-02 2.67548E-03 3.66529E+00 
2.67548E-03 9.52662E-02 1.68359E-01 2.65251E-01 2.72202E-01 3.96260E-01 4.70199E-01 1.68387E-01 9.52662E-02 2.67548E-03 3.96541E+00 
2.67548E-03 1.10298E-01 1.83638E-01 2.78458E-01 2.85925E-01 4.12869E-01 4.88629E-01 1.83670E-01 1.10298E-01 2.67548E-03 4.26018E+00 
2.67548E-03 1.25586E-01 1.99137E-01 2.91894E-01 2.99872E-01 4.29700E-01 5.07325E-01 1.99173E-01 1.25586E-01 2.67548E-03 4.54764E+00 
1.49565E-02 1.41105E-01 2.14826E-01 3.05551E-01 3.14030E-01 4.46695E-01 5.26205E-01 2.14867E-01 1.41105E-01 1.49565E-02 4.79618E+00 
3.31608E-02 1.56797E-01 2.30650E-01 3.19347E-01 3.28323E-01 4.63824E-01 5.45265E-01 2.30697E-01 1.56797E-01 3.31608E-02 5.02911E+00 
5.14891E-02 1.72597E-01 2.46544E-01 3.33212E-01 3.42683E-01 4.81020E-01 5.64444E-01 2.46596E-01 1.72597E-01 5.14891E-02 5.25088E+00 
6.98718E-02 1.88438E-01 2.62440E-01 3.47083E-01 3.57044E-01 4.98210E-01 5.83664E-01 2.62496E-01 1.88438E-01 6.98718E-02 5.45979E+00 
8.82370E-02 2.04254E-01 2.78267E-01 3.60892E-01 3.71338E-01 5.15318E-01 6.02848E-01 2.78329E-01 2.04254E-01 8.82370E-02 5.65426E+00 
1.06511E-01 2.19973E-01 2.93953E-01 3.74571E-01 3.85494E-01 5.32268E-01 6.21916E-01 2.94021E-01 2.19973E-01 1.06511E-01 5.83291E+00 
1.24619E-01 2.35524E-01 3.09427E-01 3.88050E-01 3.99441E-01 5.48982E-01 6.40785E-01 3.09501E-01 2.35524E-01 1.24619E-01 5.99451E+00 
1.42486E-01 2.50836E-01 3.24615E-01 4.01259E-01 4.13109E-01 5.65379E-01 6.59373E-01 3.24694E-01 2.50836E-01 1.42486E-01 6.13806E+00 
1.60037E-01 2.65837E-01 3.39446E-01 4.14127E-01 4.26426E-01 5.81384E-01 6.77599E-01 3.39531E-01 2.65837E-01 1.60037E-01 6.26277E+00 
1.77201E-01 2.80457E-01 3.53848E-01 4.26588E-01 4.39323E-01 5.96919E-01 6.95381E-01 3.53939E-01 2.80457E-01 1.77201E-01 6.36806E+00 
1.93906E-01 2.94630E-01 3.67754E-01 4.38575E-01 4.51733E-01 6.11910E-01 7.12641E-01 3.67852E-01 2.94630E-01 1.93906E-01 6.45360E+00 
2.10085E-01 3.08291E-01 3.81100E-01 4.50026E-01 4.63592E-01 6.26288E-01 7.29304E-01 3.81204E-01 3.08291E-01 2.10085E-01 6.51927E+00 
2.25674E-01 3.21379E-01 3.93824E-01 4.60880E-01 4.74840E-01 6.39985E-01 7.45298E-01 3.93934E-01 3.21379E-01 2.25674E-01 6.56515E+00 
2.33755E-03 2.89991E-02 6.07868E-02 1.60960E-01 1.66544E-01 2.82606E-01 3.46638E-01 6.07822E-02 2.89991E-02 2.33755E-03 1.55616E+00 
2.33755E-03 2.89991E-02 7.10500E-02 1.69426E-01 1.75508E-01 2.94235E-01 3.59834E-01 7.10490E-02 2.89991E-02 2.33755E-03 1.81099E+00 
2.33755E-03 4.44561E-03 8.15554E-02 1.78152E-01 1.84728E-01 3.06102E-01 3.73293E-01 8.15582E-02 4.44561E-03 2.33755E-03 2.05898E+00 
2.33755E-03 1.49731E-02 9.23045E-02 1.87138E-01 1.94201E-01 3.18207E-01 3.87019E-01 9.23111E-02 1.49731E-02 2.33755E-03 2.29640E+00 
2.33755E-03 2.57994E-02 1.03327E-01 1.96392E-01 2.03942E-01 3.30599E-01 4.01078E-01 1.03338E-01 2.57994E-02 2.33755E-03 2.53539E+00 
2.33755E-03 3.69044E-02 1.14602E-01 2.05895E-01 2.13932E-01 3.43252E-01 4.15445E-01 1.14617E-01 3.69044E-02 2.33755E-03 2.77466E+00 
2.33755E-03 4.82669E-02 1.26106E-01 2.15627E-01 2.24150E-01 3.56142E-01 4.30093E-01 1.26125E-01 4.82669E-02 2.33755E-03 3.01293E+00 
2.33755E-03 5.72202E-02 1.35148E-01 2.23299E-01 2.32196E-01 3.66259E-01 4.41601E-01 1.35171E-01 5.72202E-02 2.33755E-03 3.19576E+00 
2.33755E-03 5.98627E-02 1.37813E-01 2.25564E-01 2.34570E-01 3.69238E-01 4.44992E-01 1.37837E-01 5.98627E-02 2.33755E-03 3.24887E+00 
2.33755E-03 7.25967E-02 1.50632E-01 2.36478E-01 2.46002E-01 3.83555E-01 4.61300E-01 1.50661E-01 7.25967E-02 2.33755E-03 3.49911E+00 
2.33755E-03 8.55348E-02 1.63618E-01 2.47566E-01 2.57603E-01 3.98035E-01 4.77816E-01 1.63653E-01 8.55348E-02 2.33755E-03 3.74343E+00 
2.33755E-03 9.86378E-02 1.76730E-01 2.58790E-01 2.69332E-01 4.12631E-01 4.94494E-01 1.76770E-01 9.86378E-02 2.33755E-03 3.98019E+00 
2.33755E-03 1.11863E-01 1.89924E-01 2.70107E-01 2.81149E-01 4.27297E-01 5.11283E-01 1.89970E-01 1.11863E-01 2.33755E-03 4.20784E+00 
1.30368E-02 1.25194E-01 2.03181E-01 2.81520E-01 2.93046E-01 4.41982E-01 5.28104E-01 2.03232E-01 1.25194E-01 1.30368E-02 4.39878E+00 
2.88041E-02 1.38569E-01 2.16439E-01 2.92942E-01 3.04945E-01 4.56652E-01 5.44955E-01 2.16496E-01 1.38569E-01 2.88041E-02 4.57384E+00 
4.45678E-02 1.51929E-01 2.29639E-01 3.04310E-01 3.16783E-01 4.71244E-01 5.61777E-01 2.29702E-01 1.51929E-01 4.45678E-02 4.73716E+00 
6.02660E-02 1.65217E-01 2.42720E-01 3.15567E-01 3.28502E-01 4.85694E-01 5.78500E-01 2.42790E-01 1.65217E-01 6.02660E-02 4.88750E+00 
7.58360E-02 1.78371E-01 2.55622E-01 3.26656E-01 3.40043E-01 4.99934E-01 5.95054E-01 2.55698E-01 1.78371E-01 7.58360E-02 5.02377E+00 
9.12148E-02 1.91334E-01 2.68285E-01 3.37520E-01 3.51346E-01 5.13897E-01 6.11366E-01 2.68368E-01 1.91334E-01 9.12148E-02 5.14505E+00 
1.06339E-01 2.04045E-01 2.80649E-01 3.48099E-01 3.62353E-01 5.27517E-01 6.27367E-01 2.80738E-01 2.04045E-01 1.06339E-01 5.25057E+00 
1.21148E-01 2.16447E-01 2.92653E-01 3.58338E-01 3.73005E-01 5.40728E-01 6.42984E-01 2.92749E-01 2.16447E-01 1.21148E-01 5.33978E+00 
1.35580E-01 2.28480E-01 3.04242E-01 3.68181E-01 3.83247E-01 5.53465E-01 6.58150E-01 3.04345E-01 2.28480E-01 1.35580E-01 5.41231E+00 
1.49579E-01 2.40093E-01 3.15360E-01 3.77575E-01 3.93023E-01 5.65669E-01 6.72796E-01 3.15470E-01 2.40093E-01 1.49579E-01 5.46799E+00 
1.63089E-01 2.51231E-01 3.25955E-01 3.86471E-01 4.02283E-01 5.77280E-01 6.86860E-01 3.26072E-01 2.51231E-01 1.63089E-01 5.50683E+00 
1.76058E-01 2.61847E-01 3.35980E-01 3.94821E-01 4.10980E-01 5.88245E-01 7.00280E-01 3.36105E-01 2.61847E-01 1.76058E-01 5.52902E+00 
1.88441E-01 2.71896E-01 3.45390E-01 4.02584E-01 4.19071E-01 5.98514E-01 7.13002E-01 3.45522E-01 2.71896E-01 1.88441E-01 5.53492E+00 
2.02751E-03 2.62618E-02 6.83286E-02 1.54924E-01 1.63970E-01 2.97267E-01 3.65804E-01 6.83235E-02 2.62618E-02 2.02751E-03 1.68812E+00 
2.02751E-03 2.62618E-02 7.75754E-02 1.62538E-01 1.72081E-01 3.08065E-01 3.78442E-01 7.75748E-02 2.62618E-02 2.02751E-03 1.91107E+00 
2.02751E-03 4.05863E-03 8.69781E-02 1.70328E-01 1.80359E-01 3.19002E-01 3.91242E-01 8.69822E-02 4.05863E-03 2.02751E-03 2.12528E+00 
2.02751E-03 1.36217E-02 9.65369E-02 1.78292E-01 1.88802E-01 3.30078E-01 4.04208E-01 9.65459E-02 1.36217E-02 2.02751E-03 2.32748E+00 
2.02751E-03 2.33882E-02 1.06269E-01 1.86428E-01 1.97414E-01 3.41331E-01 4.17399E-01 1.06283E-01 2.33882E-02 2.02751E-03 2.52883E+00 
2.02751E-03 3.33371E-02 1.16151E-01 1.94715E-01 2.06174E-01 3.52734E-01 4.30787E-01 1.16171E-01 3.33371E-02 2.02751E-03 2.72821E+00 
2.02751E-03 4.34469E-02 1.26162E-01 2.03132E-01 2.15060E-01 3.64262E-01 4.44343E-01 1.26187E-01 4.34469E-02 2.02751E-03 2.92451E+00 
2.02751E-03 5.13646E-02 1.33980E-01 2.09721E-01 2.22007E-01 3.73248E-01 4.54928E-01 1.34009E-01 5.13646E-02 2.02751E-03 3.07356E+00 
2.02751E-03 5.36936E-02 1.36276E-01 2.11658E-01 2.24049E-01 3.75884E-01 4.58037E-01 1.36306E-01 5.36936E-02 2.02751E-03 3.11659E+00 
2.02751E-03 6.48657E-02 1.47265E-01 2.20942E-01 2.33825E-01 3.88485E-01 4.72917E-01 1.47302E-01 6.48657E-02 2.02751E-03 3.31772E+00 
2.02751E-03 7.61327E-02 1.58308E-01 2.30291E-01 2.43656E-01 4.01121E-01 4.87875E-01 1.58351E-01 7.61327E-02 2.02751E-03 3.51133E+00 
2.02751E-03 8.74582E-02 1.69366E-01 2.39667E-01 2.53506E-01 4.13746E-01 5.02864E-01 1.69416E-01 8.74582E-02 2.02751E-03 3.69615E+00 
2.02751E-03 9.88037E-02 1.80401E-01 2.49034E-01 2.63335E-01 4.26318E-01 5.17836E-01 1.80458E-01 9.88037E-02 2.02751E-03 3.87098E+00 
1.12816E-02 1.10157E-01 1.91402E-01 2.58401E-01 2.73145E-01 4.38795E-01 5.32715E-01 1.91466E-01 1.10157E-01 1.12816E-02 4.01191E+00 
2.48411E-02 1.21461E-01 2.02308E-01 2.67682E-01 2.82858E-01 4.51139E-01 5.47501E-01 2.02379E-01 1.21461E-01 2.48411E-02 4.13744E+00 
3.83036E-02 1.32661E-01 2.13063E-01 2.76821E-01 2.92417E-01 4.63295E-01 5.62141E-01 2.13140E-01 1.32661E-01 3.83036E-02 4.25143E+00 
5.16157E-02 1.43708E-01 2.23616E-01 2.85768E-01 3.01772E-01 4.75205E-01 5.76571E-01 2.23701E-01 1.43708E-01 5.16157E-02 4.35304E+00 
6.47243E-02 1.54551E-01 2.33917E-01 2.94477E-01 3.10874E-01 4.86811E-01 5.90729E-01 2.34010E-01 1.54551E-01 6.47243E-02 4.44156E+00 
7.75766E-02 1.65142E-01 2.43917E-01 3.02900E-01 3.19675E-01 4.98057E-01 6.04552E-01 2.44018E-01 1.65142E-01 7.75766E-02 4.51645E+00 
9.01211E-02 1.75432E-01 2.53567E-01 3.10991E-01 3.28126E-01 5.08886E-01 6.17979E-01 2.53676E-01 1.75432E-01 9.01211E-02 4.57731E+00 
1.02308E-01 1.85375E-01 2.62822E-01 3.18706E-01 3.36183E-01 5.19247E-01 6.30950E-01 2.62939E-01 1.85375E-01 1.02308E-01 4.62395E+00 
1.14090E-01 1.94926E-01 2.71637E-01 3.26001E-01 3.43802E-01 5.29087E-01 6.43407E-01 2.71762E-01 1.94926E-01 1.14090E-01 4.65629E+00 
1.25423E-01 2.04043E-01 2.79971E-01 3.32839E-01 3.50943E-01 5.38359E-01 6.55296E-01 2.80104E-01 2.04043E-01 1.25423E-01 4.67444E+00 
1.36266E-01 2.12688E-01 2.87788E-01 3.39182E-01 3.57568E-01 5.47020E-01 6.66565E-01 2.87929E-01 2.12688E-01 1.36266E-01 4.67866E+00 
1.46580E-01 2.20827E-01 2.95052E-01 3.44998E-01 3.63645E-01 5.55028E-01 6.77169E-01 2.95202E-01 2.20827E-01 1.46580E-01 4.66934E+00 
1.56333E-01 2.28427E-01 3.01735E-01 3.50258E-01 3.69143E-01 5.62348E-01 6.87063E-01 3.01893E-01 2.28427E-01 1.56333E-01 4.64700E+00 
1.74535E-03 2.35441E-02 7.49941E-02 1.49013E-01 1.61881E-01 3.13347E-01 3.87623E-01 7.49888E-02 2.35441E-02 1.74535E-03 1.78833E+00 
1.74535E-03 2.35441E-02 8.31556E-02 1.55731E-01 1.69069E-01 3.23186E-01 3.99607E-01 8.31560E-02 2.35441E-02 1.74535E-03 1.97886E+00 
1.74535E-03 3.66652E-03 9.14026E-02 1.62555E-01 1.76352E-01 3.33081E-01 4.11666E-01 9.14090E-02 3.66652E-03 1.74535E-03 2.15944E+00 
1.74535E-03 1.22649E-02 9.97347E-02 1.69483E-01 1.83727E-01 3.43030E-01 4.23800E-01 9.97472E-02 1.22649E-02 1.74535E-03 2.32725E+00 
1.74535E-03 2.09882E-02 1.08157E-01 1.76503E-01 1.91189E-01 3.53061E-01 4.36064E-01 1.08176E-01 2.09882E-02 1.74535E-03 2.49248E+00 
1.74535E-03 2.98160E-02 1.16649E-01 1.83596E-01 1.98716E-01 3.63149E-01 4.48428E-01 1.16675E-01 2.98160E-02 1.74535E-03 2.65420E+00 
1.74535E-03 3.87274E-02 1.25189E-01 1.90742E-01 2.06288E-01 3.73266E-01 4.60864E-01 1.25221E-01 3.87274E-02 1.74535E-03 2.81147E+00 
1.74535E-03 4.56655E-02 1.31814E-01 1.96293E-01 2.12164E-01 3.81097E-01 4.70516E-01 1.31852E-01 4.56655E-02 1.74535E-03 2.92952E+00 
1.74535E-03 4.76995E-02 1.33753E-01 1.97918E-01 2.13882E-01 3.83385E-01 4.73340E-01 1.33791E-01 4.76995E-02 1.74535E-03 2.96338E+00 
1.74535E-03 5.74142E-02 1.42985E-01 2.05666E-01 2.22069E-01 3.94263E-01 4.86800E-01 1.43032E-01 5.74142E-02 1.74535E-03 3.12016E+00 
1.74535E-03 6.71404E-02 1.52186E-01 2.13393E-01 2.30222E-01 4.05071E-01 5.00227E-01 1.52240E-01 6.71404E-02 1.74535E-03 3.26867E+00 
1.74535E-03 7.68455E-02 1.61321E-01 2.21069E-01 2.38310E-01 4.15769E-01 5.13577E-01 1.61383E-01 7.68455E-02 1.74535E-03 3.40794E+00 
1.74535E-03 8.64954E-02 1.70357E-01 2.28661E-01 2.46299E-01 4.26317E-01 5.26805E-01 1.70428E-01 8.64954E-02 1.74535E-03 3.53712E+00 
9.68986E-03 9.60837E-02 1.79293E-01 2.36185E-01 2.54198E-01 4.36683E-01 5.39839E-01 1.79372E-01 9.60837E-02 9.68986E-03 3.63560E+00 
2.12654E-02 1.05556E-01 1.88066E-01 2.43558E-01 2.61930E-01 4.46829E-01 5.52682E-01 1.88153E-01 1.05556E-01 2.12654E-02 3.71974E+00 
3.26804E-02 1.14865E-01 1.96628E-01 2.50729E-01 2.69445E-01 4.56703E-01 5.65285E-01 1.96724E-01 1.14865E-01 3.26804E-02 3.79309E+00 
4.38898E-02 1.23970E-01 2.04937E-01 2.57660E-01 2.76703E-01 4.66258E-01 5.77592E-01 2.05042E-01 1.23970E-01 4.38898E-02 3.85514E+00 
5.48492E-02 1.32829E-01 2.12953E-01 2.64312E-01 2.83663E-01 4.75444E-01 5.89549E-01 2.13068E-01 1.32829E-01 5.48492E-02 3.90549E+00 
6.55160E-02 1.41404E-01 2.20638E-01 2.70647E-01 2.90287E-01 4.84214E-01 6.01100E-01 2.20761E-01 1.41404E-01 6.55160E-02 3.94390E+00 
7.58488E-02 1.49655E-01 2.27952E-01 2.76631E-01 2.96538E-01 4.92524E-01 6.12194E-01 2.28085E-01 1.49655E-01 7.58488E-02 3.97024E+00 
8.58089E-02 1.57547E-01 2.34863E-01 2.82228E-01 3.02382E-01 5.00332E-01 6.22781E-01 2.35005E-01 1.57547E-01 8.58089E-02 3.98455E+00 
9.53599E-02 1.65047E-01 2.41337E-01 2.87409E-01 3.07787E-01 5.07597E-01 6.32813E-01 2.41489E-01 1.65047E-01 9.53599E-02 3.98699E+00 
1.04469E-01 1.72123E-01 2.47346E-01 2.92146E-01 3.12723E-01 5.14285E-01 6.42247E-01 2.47507E-01 1.72123E-01 1.04469E-01 3.97783E+00 
1.13106E-01 1.78749E-01 2.52864E-01 2.96413E-01 3.17167E-01 5.20362E-01 6.51043E-01 2.53034E-01 1.78749E-01 1.13106E-01 3.95749E+00 
1.21245E-01 1.84901E-01 2.57869E-01 3.00190E-01 3.21096E-01 5.25802E-01 6.59163E-01 2.58048E-01 1.84901E-01 1.21245E-01 3.92646E+00 
1.28864E-01 1.90558E-01 2.62343E-01 3.03459E-01 3.24492E-01 5.30579E-01 6.66577E-01 2.62531E-01 1.90558E-01 1.28864E-01 3.88534E+00 
1.49258E-03 2.09028E-02 8.03259E-02 1.43103E-01 1.60004E-01 3.30167E-01 4.11785E-01 8.03214E-02 2.09028E-02 1.49258E-03 1.85034E+00 
1.49258E-03 2.09028E-02 8.73663E-02 1.48905E-01 1.66224E-01 3.38938E-01 4.23024E-01 8.73692E-02 2.09028E-02 1.49258E-03 2.00921E+00 
1.49258E-03 3.27829E-03 9.44386E-02 1.54759E-01 1.72481E-01 3.47696E-01 4.34260E-01 9.44489E-02 3.27829E-03 1.49258E-03 2.15757E+00 
1.49258E-03 1.09326E-02 1.01542E-01 1.60662E-01 1.78773E-01 3.56439E-01 4.45494E-01 1.01560E-01 1.09326E-02 1.49258E-03 2.29300E+00 
1.49258E-03 1.86505E-02 1.08672E-01 1.66595E-01 1.85086E-01 3.65186E-01 4.56775E-01 1.08698E-01 1.86505E-02 1.49258E-03 2.42478E+00 
1.49258E-03 2.64127E-02 1.15810E-01 1.72541E-01 1.91401E-01 3.73912E-01 4.68074E-01 1.15844E-01 2.64127E-02 1.49258E-03 2.55212E+00 
1.49258E-03 3.41997E-02 1.22935E-01 1.78481E-01 1.97699E-01 3.82591E-01 4.79362E-01 1.22977E-01 3.41997E-02 1.49258E-03 2.67428E+00 
1.49258E-03 4.02287E-02 1.28427E-01 1.83061E-01 2.02547E-01 3.89258E-01 4.88070E-01 1.28475E-01 4.02287E-02 1.49258E-03 2.76479E+00 
1.49258E-03 4.19906E-02 1.30027E-01 1.84396E-01 2.03959E-01 3.91198E-01 4.90609E-01 1.30078E-01 4.19906E-02 1.49258E-03 2.79055E+00 
1.49258E-03 5.03706E-02 1.37612E-01 1.90722E-01 2.10643E-01 4.00365E-01 5.02654E-01 1.37672E-01 5.03706E-02 1.49258E-03 2.90855E+00 
1.49258E-03 5.87022E-02 1.45105E-01 1.96969E-01 2.17230E-01 4.09381E-01 5.14574E-01 1.45175E-01 5.87022E-02 1.49258E-03 3.01818E+00 
1.49258E-03 6.69570E-02 1.52479E-01 2.03110E-01 2.23694E-01 4.18212E-01 5.26330E-01 1.52558E-01 6.69570E-02 1.49258E-03 3.11874E+00 
1.49258E-03 7.51056E-02 1.59704E-01 2.09119E-01 2.30007E-01 4.26822E-01 5.37878E-01 1.59793E-01 7.51056E-02 1.49258E-03 3.20967E+00 
8.26878E-03 8.31456E-02 1.66789E-01 2.15015E-01 2.36183E-01 4.35187E-01 5.49153E-01 1.66888E-01 8.31456E-02 8.26878E-03 3.27330E+00 
1.80892E-02 9.10276E-02 1.73670E-01 2.20719E-01 2.42148E-01 4.43269E-01 5.60157E-01 1.73780E-01 9.10276E-02 1.80892E-02 3.32401E+00 
2.77101E-02 9.87117E-02 1.80308E-01 2.26190E-01 2.47860E-01 4.51023E-01 5.70850E-01 1.80428E-01 9.87117E-02 2.77101E-02 3.36505E+00 
3.70942E-02 1.06164E-01 1.86669E-01 2.31395E-01 2.53285E-01 4.58407E-01 5.81180E-01 1.86800E-01 1.06164E-01 3.70942E-02 3.39613E+00 
4.62056E-02 1.13352E-01 1.92722E-01 2.36304E-01 2.58393E-01 4.65381E-01 5.91100E-01 1.92863E-01 1.13352E-01 4.62056E-02 3.41711E+00 
5.50102E-02 1.20243E-01 1.98436E-01 2.40889E-01 2.63153E-01 4.71909E-01 6.00563E-01 1.98587E-01 1.20243E-01 5.50102E-02 3.42795E+00 
6.34756E-02 1.26810E-01 2.03784E-01 2.45123E-01 2.67540E-01 4.77953E-01 6.09524E-01 2.03946E-01 1.26810E-01 6.34756E-02 3.42871E+00 
7.15724E-02 1.33024E-01 2.08741E-01 2.48983E-01 2.71527E-01 4.83483E-01 6.17943E-01 2.08914E-01 1.33024E-01 7.15724E-02 3.41959E+00 
7.92736E-02 1.38861E-01 2.13285E-01 2.52446E-01 2.75092E-01 4.88468E-01 6.25782E-01 2.13469E-01 1.38861E-01 7.92736E-02 3.40088E+00 
8.65554E-02 1.44301E-01 2.17396E-01 2.55495E-01 2.78218E-01 4.92884E-01 6.33004E-01 2.17591E-01 1.44301E-01 8.65554E-02 3.37296E+00 
9.33970E-02 1.49323E-01 2.21059E-01 2.58113E-01 2.80887E-01 4.96707E-01 6.39580E-01 2.21264E-01 1.49323E-01 9.33970E-02 3.33631E+00 
9.97815E-02 1.53914E-01 2.24260E-01 2.60288E-01 2.83088E-01 4.99919E-01 6.45483E-01 2.24476E-01 1.53914E-01 9.97815E-02 3.29147E+00 
1.05695E-01 1.58061E-01 2.26991E-01 2.62011E-01 2.84811E-01 5.02508E-01 6.50689E-01 2.27217E-01 1.58061E-01 1.05695E-01 3.23905E+00 
1.26795E-03 1.83754E-02 8.39628E-02 1.37026E-01 1.58019E-01 3.47139E-01 4.38100E-01 8.39612E-02 1.83754E-02 1.26795E-03 1.87122E+00 
1.26795E-03 1.83754E-02 8.98783E-02 1.41913E-01 1.63243E-01 3.54751E-01 4.48499E-01 8.98859E-02 1.83754E-02 1.26795E-03 2.00019E+00 
1.26795E-03 2.90054E-03 9.57878E-02 1.46812E-01 1.68462E-01 3.62295E-01 4.58830E-01 9.58047E-02 2.90054E-03 1.26795E-03 2.11865E+00 
1.26795E-03 9.64581E-03 1.01691E-01 1.51721E-01 1.73674E-01 3.69770E-01 4.69092E-01 1.01717E-01 9.64581E-03 1.26795E-03 2.22456E+00 
1.26795E-03 1.64090E-02 1.07574E-01 1.56614E-01 1.78858E-01 3.77186E-01 4.79330E-01 1.07610E-01 1.64090E-02 1.26795E-03 2.32626E+00 
1.26795E-03 2.31723E-02 1.13422E-01 1.61477E-01 1.83998E-01 3.84519E-01 4.89516E-01 1.13468E-01 2.31723E-02 1.26795E-03 2.42311E+00 
1.26795E-03 2.99179E-02 1.19215E-01 1.66292E-01 1.89076E-01 3.91746E-01 4.99622E-01 1.19272E-01 2.99179E-02 1.26795E-03 2.51457E+00 
1.26795E-03 3.51135E-02 1.23650E-01 1.69974E-01 1.92951E-01 3.97250E-01 5.07368E-01 1.23714E-01 3.51135E-02 1.26795E-03 2.58128E+00 
1.26795E-03 3.66273E-02 1.24937E-01 1.71043E-01 1.94074E-01 3.98843E-01 5.09618E-01 1.25004E-01 3.66273E-02 1.26795E-03 2.60008E+00 
1.26795E-03 4.37991E-02 1.31005E-01 1.76074E-01 1.99353E-01 4.06321E-01 5.20239E-01 1.31083E-01 4.37991E-02 1.26795E-03 2.68507E+00 
1.26795E-03 5.08824E-02 1.36944E-01 1.80987E-01 2.04495E-01 4.13589E-01 5.30660E-01 1.37034E-01 5.08824E-02 1.26795E-03 2.76207E+00 
1.26795E-03 5.78528E-02 1.42733E-01 1.85762E-01 2.09477E-01 4.20615E-01 5.40843E-01 1.42834E-01 5.78528E-02 1.26795E-03 2.83061E+00 
1.26795E-03 6.46856E-02 1.48346E-01 1.90375E-01 2.14275E-01 4.27371E-01 5.50751E-01 1.48460E-01 6.46856E-02 1.26795E-03 2.89032E+00 
7.01008E-03 7.13814E-02 1.53800E-01 1.94851E-01 2.18911E-01 4.33842E-01 5.60322E-01 1.53925E-01 7.13814E-02 7.01008E-03 2.92619E+00 
1.52893E-02 7.78963E-02 1.59033E-01 1.99116E-01 2.23314E-01 4.39986E-01 5.69561E-01 1.59170E-01 7.78963E-02 1.52893E-02 2.95073E+00 
2.33495E-02 8.41970E-02 1.64010E-01 2.03134E-01 2.27447E-01 4.45766E-01 5.78430E-01 1.64160E-01 8.41970E-02 2.33495E-02 2.96688E+00 
3.11603E-02 9.02563E-02 1.68707E-01 2.06881E-01 2.31286E-01 4.51145E-01 5.86884E-01 1.68869E-01 9.02563E-02 3.11603E-02 2.97454E+00 
3.86931E-02 9.60482E-02 1.73100E-01 2.10333E-01 2.34805E-01 4.56094E-01 5.94883E-01 1.73274E-01 9.60482E-02 3.86931E-02 2.97373E+00 
4.59211E-02 1.01549E-01 1.77166E-01 2.13470E-01 2.37984E-01 4.60581E-01 6.02385E-01 1.77353E-01 1.01549E-01 4.59211E-02 2.96454E+00 
5.28197E-02 1.06736E-01 1.80887E-01 2.16272E-01 2.40804E-01 4.64580E-01 6.09355E-01 1.81086E-01 1.06736E-01 5.28197E-02 2.94717E+00 
5.93668E-02 1.11590E-01 1.84245E-01 2.18725E-01 2.43247E-01 4.68068E-01 6.15758E-01 1.84457E-01 1.11590E-01 5.93668E-02 2.92189E+00 
6.55432E-02 1.16093E-01 1.87226E-01 2.20813E-01 2.45300E-01 4.71022E-01 6.21563E-01 1.87450E-01 1.16093E-01 6.55432E-02 2.88907E+00 
7.13325E-02 1.20232E-01 1.89819E-01 2.22525E-01 2.46952E-01 4.73427E-01 6.26744E-01 1.90054E-01 1.20232E-01 7.13325E-02 2.84914E+00 
7.67210E-02 1.23995E-01 1.92014E-01 2.23854E-01 2.48193E-01 4.75269E-01 6.31277E-01 1.92261E-01 1.23995E-01 7.67210E-02 2.80259E+00 
8.16985E-02 1.27373E-01 1.93807E-01 2.24794E-01 2.49020E-01 4.76537E-01 6.35144E-01 1.94064E-01 1.27373E-01 8.16985E-02 2.74995E+00 
8.62577E-02 1.30360E-01 1.95194E-01 2.25341E-01 2.49429E-01 4.77225E-01 6.38327E-01 1.95462E-01 1.30360E-01 8.62577E-02 2.69182E+00 
1.07120E-03 1.60122E-02 8.56077E-02 1.30667E-01 1.55604E-01 3.63594E-01 4.66171E-01 8.56124E-02 1.60122E-02 1.07120E-03 1.85090E+00 
1.07120E-03 1.60122E-02 9.04367E-02 1.34669E-01 1.59835E-01 3.69984E-01 4.75640E-01 9.04530E-02 1.60122E-02 1.07120E-03 1.95283E+00 
1.07120E-03 2.54210E-03 9.52365E-02 1.38656E-01 1.64033E-01 3.76267E-01 4.84987E-01 9.52644E-02 2.54210E-03 1.07120E-03 2.04468E+00 
1.07120E-03 8.43277E-03 1.00006E-01 1.42626E-01 1.68196E-01 3.82440E-01 4.94208E-01 1.00046E-01 8.43277E-03 1.07120E-03 2.12474E+00 
1.07120E-03 1.43093E-02 1.04727E-01 1.46550E-01 1.72298E-01 3.88504E-01 5.03345E-01 1.04778E-01 1.43093E-02 1.07120E-03 2.20043E+00 
1.07120E-03 2.01555E-02 1.09383E-01 1.50414E-01 1.76323E-01 3.94439E-01 5.12370E-01 1.09447E-01 2.01555E-02 1.07120E-03 2.27128E+00 
1.07120E-03 2.59557E-02 1.13961E-01 1.54205E-01 1.80258E-01 4.00222E-01 5.21255E-01 1.14038E-01 2.59557E-02 1.07120E-03 2.33688E+00 
1.07120E-03 3.04016E-02 1.17439E-01 1.57078E-01 1.83230E-01 4.04580E-01 5.28016E-01 1.17526E-01 3.04016E-02 1.07120E-03 2.38377E+00 
1.07120E-03 3.16934E-02 1.18445E-01 1.57907E-01 1.84086E-01 4.05833E-01 5.29972E-01 1.18534E-01 3.16934E-02 1.07120E-03 2.39682E+00 
1.07120E-03 3.77910E-02 1.23156E-01 1.61783E-01 1.88078E-01 4.11664E-01 5.39152E-01 1.23260E-01 3.77910E-02 1.07120E-03 2.45473E+00 
1.07120E-03 4.37760E-02 1.27722E-01 1.65522E-01 1.91909E-01 4.17243E-01 5.48069E-01 1.27839E-01 4.37760E-02 1.07120E-03 2.50532E+00 
1.07120E-03 4.96277E-02 1.32123E-01 1.69104E-01 1.95561E-01 4.22544E-01 5.56689E-01 1.32255E-01 4.96277E-02 1.07120E-03 2.54831E+00 
1.07120E-03 5.53257E-02 1.36341E-01 1.72513E-01 1.99015E-01 4.27540E-01 5.64978E-01 1.36487E-01 5.53257E-02 1.07120E-03 2.58350E+00 
5.91096E-03 6.08724E-02 1.40395E-01 1.75776E-01 2.02299E-01 4.32229E-01 5.72882E-01 1.40555E-01 6.08724E-02 5.91096E-03 2.59812E+00 
1.28553E-02 6.62296E-02 1.44228E-01 1.78823E-01 2.05343E-01 4.36566E-01 5.80402E-01 1.44402E-01 6.62296E-02 1.28553E-02 2.60304E+00 
1.95755E-02 7.13699E-02 1.47811E-01 1.81625E-01 2.08117E-01 4.40516E-01 5.87505E-01 1.47999E-01 7.13699E-02 1.95755E-02 2.60089E+00 
2.60472E-02 7.62717E-02 1.51124E-01 1.84164E-01 2.10603E-01 4.44052E-01 5.94153E-01 1.51327E-01 7.62717E-02 2.60472E-02 2.59167E+00 
3.22478E-02 8.09148E-02 1.54152E-01 1.86422E-01 2.12783E-01 4.47149E-01 6.00309E-01 1.54369E-01 8.09148E-02 3.22478E-02 2.57552E+00 
3.81567E-02 8.52811E-02 1.56877E-01 1.88385E-01 2.14642E-01 4.49785E-01 6.05940E-01 1.57109E-01 8.52811E-02 3.81567E-02 2.55260E+00 
4.37554E-02 8.93545E-02 1.59289E-01 1.90040E-01 2.16167E-01 4.51940E-01 6.11014E-01 1.59534E-01 8.93545E-02 4.37554E-02 2.52318E+00 
4.90281E-02 9.31211E-02 1.61375E-01 1.91378E-01 2.17349E-01 4.53597E-01 6.15506E-01 1.61634E-01 9.31211E-02 4.90281E-02 2.48759E+00 
5.39614E-02 9.65693E-02 1.63128E-01 1.92390E-01 2.18180E-01 4.54743E-01 6.19389E-01 1.63400E-01 9.65693E-02 5.39614E-02 2.44621E+00 
5.85444E-02 9.96902E-02 1.64542E-01 1.93070E-01 2.18655E-01 4.55368E-01 6.22646E-01 1.64826E-01 9.96902E-02 5.85444E-02 2.39948E+00 
6.27692E-02 1.02477E-01 1.65613E-01 1.93416E-01 2.18770E-01 4.55466E-01 6.25257E-01 1.65910E-01 1.02477E-01 6.27692E-02 2.34788E+00 
6.66304E-02 1.04927E-01 1.66342E-01 1.93428E-01 2.18527E-01 4.55031E-01 6.27212E-01 1.66651E-01 1.04927E-01 6.66304E-02 2.29190E+00 
7.01254E-02 1.07038E-01 1.66730E-01 1.93107E-01 2.17927E-01 4.54066E-01 6.28501E-01 1.67050E-01 1.07038E-01 7.01254E-02 2.23209E+00 
9.01075E-04 1.38515E-02 8.51155E-02 1.23938E-01 1.52461E-01 3.78945E-01 4.95560E-01 8.51325E-02 1.38515E-02 9.01075E-04 1.79295E+00 
9.01075E-04 1.38515E-02 8.89369E-02 1.27110E-01 1.55733E-01 3.84083E-01 5.04014E-01 8.89683E-02 1.38515E-02 9.01075E-04 1.87144E+00 
9.01075E-04 2.21025E-03 9.27176E-02 1.30251E-01 1.58956E-01 3.89086E-01 5.12300E-01 9.27635E-02 2.21025E-03 9.01075E-04 1.94059E+00 
9.01075E-04 7.31591E-03 9.64568E-02 1.33360E-01 1.62127E-01 3.93949E-01 5.20412E-01 9.65172E-02 7.31591E-03 9.01075E-04 1.99895E+00 
9.01075E-04 1.23864E-02 1.00130E-01 1.36405E-01 1.65216E-01 3.98668E-01 5.28387E-01 1.00205E-01 1.23864E-02 9.01075E-04 2.05308E+00 
9.01075E-04 1.74075E-02 1.03725E-01 1.39373E-01 1.68210E-01 4.03221E-01 5.36198E-01 1.03816E-01 1.74075E-02 9.01075E-04 2.10264E+00 
9.01075E-04 2.23651E-02 1.07230E-01 1.42252E-01 1.71097E-01 4.07591E-01 5.43819E-01 1.07335E-01 2.23651E-02 9.01075E-04 2.14731E+00 
9.01075E-04 2.61484E-02 1.09871E-01 1.44412E-01 1.73249E-01 4.10833E-01 5.49568E-01 1.09989E-01 2.61484E-02 9.01075E-04 2.17834E+00 
9.01075E-04 2.72449E-02 1.10631E-01 1.45032E-01 1.73864E-01 4.11757E-01 5.51223E-01 1.10752E-01 2.72449E-02 9.01075E-04 2.18681E+00 
9.01075E-04 3.24030E-02 1.14169E-01 1.47902E-01 1.76699E-01 4.16002E-01 5.58932E-01 1.14306E-01 3.24030E-02 9.01075E-04 2.22335E+00 
9.01075E-04 3.74363E-02 1.17557E-01 1.50627E-01 1.79364E-01 4.19966E-01 5.66327E-01 1.17711E-01 3.74363E-02 9.01075E-04 2.25340E+00 
9.01075E-04 4.23276E-02 1.20780E-01 1.53192E-01 1.81846E-01 4.23627E-01 5.73374E-01 1.20952E-01 4.23276E-02 9.01075E-04 2.27679E+00 
9.01075E-04 4.70600E-02 1.23825E-01 1.55582E-01 1.84130E-01 4.26966E-01 5.80045E-01 1.24014E-01 4.70600E-02 9.01075E-04 2.29344E+00 
4.96323E-03 5.16368E-02 1.26715E-01 1.57829E-01 1.86246E-01 4.29989E-01 5.86294E-01 1.26920E-01 5.16368E-02 4.96323E-03 2.29255E+00 
1.07650E-02 5.60255E-02 1.29394E-01 1.59867E-01 1.88129E-01 4.32645E-01 5.92117E-01 1.29616E-01 5.60255E-02 1.07650E-02 2.28348E+00 
1.63475E-02 6.02037E-02 1.31840E-01 1.61671E-01 1.89754E-01 4.34906E-01 5.97485E-01 1.32077E-01 6.02037E-02 1.63475E-02 2.26855E+00 
2.16912E-02 6.41542E-02 1.34037E-01 1.63229E-01 1.91107E-01 4.36751E-01 6.02363E-01 1.34291E-01 6.41542E-02 2.16912E-02 2.24786E+00 
2.67785E-02 6.78618E-02 1.35975E-01 1.64528E-01 1.92176E-01 4.38159E-01 6.06721E-01 1.36245E-01 6.78618E-02 2.67785E-02 2.22158E+00 
3.15939E-02 7.13129E-02 1.37644E-01 1.65560E-01 1.92953E-01 4.39115E-01 6.10531E-01 1.37930E-01 7.13129E-02 3.15939E-02 2.18994E+00 
3.61237E-02 7.44961E-02 1.39035E-01 1.66315E-01 1.93429E-01 4.39606E-01 6.13767E-01 1.39336E-01 7.44961E-02 3.61237E-02 2.15323E+00 
4.03569E-02 7.74019E-02 1.40143E-01 1.66790E-01 1.93600E-01 4.39622E-01 6.16409E-01 1.40459E-01 7.74019E-02 4.03569E-02 2.11180E+00 
4.42845E-02 8.00231E-02 1.40964E-01 1.66979E-01 1.93464E-01 4.39155E-01 6.18439E-01 1.41294E-01 8.00231E-02 4.42845E-02 2.06601E+00 
4.79002E-02 8.23549E-02 1.41496E-01 1.66883E-01 1.93018E-01 4.38200E-01 6.19842E-01 1.41840E-01 8.23549E-02 4.79002E-02 2.01631E+00 
5.11998E-02 8.43944E-02 1.41740E-01 1.66502E-01 1.92266E-01 4.36758E-01 6.20608E-01 1.42097E-01 8.43944E-02 5.11998E-02 1.96312E+00 
5.41818E-02 8.61413E-02 1.41700E-01 1.65838E-01 1.91211E-01 4.34829E-01 6.20730E-01 1.42069E-01 8.61413E-02 5.41818E-02 1.90691E+00 
5.68468E-02 8.75971E-02 1.41380E-01 1.64898E-01 1.89860E-01 4.32420E-01 6.20204E-01 1.41760E-01 8.75971E-02 5.68468E-02 1.84816E+00 
7.55729E-04 1.19186E-02 8.25116E-02 1.16795E-01 1.48348E-01 3.92711E-01 5.25767E-01 8.25501E-02 1.19186E-02 7.55729E-04 1.70391E+00 
7.55729E-04 1.19186E-02 8.54385E-02 1.19214E-01 1.50722E-01 3.96596E-01 5.33123E-01 8.54948E-02 1.19186E-02 7.55729E-04 1.76301E+00 
7.55729E-04 1.91035E-03 8.83224E-02 1.21596E-01 1.53041E-01 4.00328E-01 5.40271E-01 8.83964E-02 1.91035E-03 7.55729E-04 1.81364E+00 
7.55729E-04 6.31113E-03 9.11620E-02 1.23939E-01 1.55301E-01 4.03900E-01 5.47205E-01 9.12538E-02 6.31113E-03 7.55729E-04 1.85461E+00 
7.55729E-04 1.06642E-02 9.39295E-02 1.26207E-01 1.57469E-01 4.07300E-01 5.53955E-01 9.40393E-02 1.06642E-02 7.55729E-04 1.89165E+00 
7.55729E-04 1.49569E-02 9.66144E-02 1.28392E-01 1.59533E-01 4.10510E-01 5.60496E-01 9.67424E-02 1.49569E-02 7.55729E-04 1.92451E+00 
7.55729E-04 1.91768E-02 9.92066E-02 1.30483E-01 1.61484E-01 4.13514E-01 5.66802E-01 9.93528E-02 1.91768E-02 7.55729E-04 1.95296E+00 
7.55729E-04 2.23841E-02 1.01142E-01 1.32029E-01 1.62909E-01 4.15685E-01 5.71504E-01 1.01303E-01 2.23841E-02 7.55729E-04 1.97182E+00 
7.55729E-04 2.33115E-02 1.01696E-01 1.32469E-01 1.63311E-01 4.16294E-01 5.72847E-01 1.01860E-01 2.33115E-02 7.55729E-04 1.97680E+00 
7.55729E-04 2.76600E-02 1.04253E-01 1.34484E-01 1.65131E-01 4.19023E-01 5.79046E-01 1.04437E-01 2.76600E-02 7.55729E-04 1.99717E+00 
7.55729E-04 3.18800E-02 1.06667E-01 1.36355E-01 1.66784E-01 4.21455E-01 5.84885E-01 1.06871E-01 3.18800E-02 7.55729E-04 2.01188E+00 
7.55729E-04 3.59570E-02 1.08926E-01 1.38070E-01 1.68259E-01 4.23573E-01 5.90336E-01 1.09150E-01 3.59570E-02 7.55729E-04 2.02086E+00 
7.55729E-04 3.98771E-02 1.11019E-01 1.39619E-01 1.69544E-01 4.25358E-01 5.95370E-01 1.11263E-01 3.98771E-02 7.55729E-04 2.02409E+00 
4.15549E-03 4.36441E-02 1.12972E-01 1.41033E-01 1.70674E-01 4.26830E-01 5.99955E-01 1.13235E-01 4.36441E-02 4.15549E-03 2.01246E+00 
8.98986E-03 4.72305E-02 1.14733E-01 1.42252E-01 1.71585E-01 4.27932E-01 6.04080E-01 1.15015E-01 4.72305E-02 8.98986E-03 1.99399E+00 
1.36158E-02 5.06180E-02 1.16283E-01 1.43256E-01 1.72258E-01 4.28637E-01 6.07716E-01 1.16583E-01 5.06180E-02 1.36158E-02 1.97072E+00 
1.80179E-02 5.37933E-02 1.17612E-01 1.44035E-01 1.72682E-01 4.28931E-01 6.10835E-01 1.17931E-01 5.37933E-02 1.80179E-02 1.94279E+00 
2.21827E-02 5.67449E-02 1.18713E-01 1.44582E-01 1.72851E-01 4.28801E-01 6.13411E-01 1.19049E-01 5.67449E-02 2.21827E-02 1.91041E+00 
2.60984E-02 5.94629E-02 1.19578E-01 1.44891E-01 1.72760E-01 4.28234E-01 6.15422E-01 1.19932E-01 5.94629E-02 2.60984E-02 1.87383E+00 
2.97554E-02 6.19394E-02 1.20206E-01 1.44959E-01 1.72405E-01 4.27224E-01 6.16848E-01 1.20575E-01 6.19394E-02 2.97554E-02 1.83335E+00 
3.31462E-02 6.41685E-02 1.20591E-01 1.44782E-01 1.71786E-01 4.25766E-01 6.17673E-01 1.20977E-01 6.41685E-02 3.31462E-02 1.78931E+00 
3.62653E-02 6.61460E-02 1.20736E-01 1.44362E-01 1.70904E-01 4.23857E-01 6.17885E-01 1.21136E-01 6.61460E-02 3.62653E-02 1.74207E+00 
3.91096E-02 6.78702E-02 1.20640E-01 1.43700E-01 1.69761E-01 4.21500E-01 6.17476E-01 1.21054E-01 6.78702E-02 3.91096E-02 1.69202E+00 
4.16779E-02 6.93409E-02 1.20308E-01 1.42799E-01 1.68362E-01 4.18696E-01 6.16440E-01 1.20734E-01 6.93409E-02 4.16779E-02 1.63957E+00 
4.39711E-02 7.05600E-02 1.19743E-01 1.41665E-01 1.66714E-01 4.15453E-01 6.14776E-01 1.20182E-01 7.05600E-02 4.39711E-02 1.58515E+00 
4.59921E-02 7.15314E-02 1.18954E-01 1.40304E-01 1.64825E-01 4.11780E-01 6.12487E-01 1.19403E-01 7.15314E-02 4.59921E-02 1.52916E+00 
6.32825E-04 1.02241E-02 7.79916E-02 1.09241E-01 1.43103E-01 4.04541E-01 5.56238E-01 7.80653E-02 1.02241E-02 6.32825E-04 1.59244E+00 
6.32825E-04 1.02241E-02 8.01613E-02 1.11002E-01 1.44667E-01 4.07196E-01 5.62414E-01 8.02566E-02 1.02241E-02 6.32825E-04 1.63624E+00 
6.32825E-04 1.64534E-03 8.22914E-02 1.12724E-01 1.46175E-01 4.09686E-01 5.68348E-01 8.24082E-02 1.64534E-03 6.32825E-04 1.67248E+00 
6.32825E-04 5.42633E-03 8.43802E-02 1.14405E-01 1.47626E-01 4.12006E-01 5.74033E-01 8.45184E-02 5.42633E-03 6.32825E-04 1.70014E+00 
6.32825E-04 9.15290E-03 8.63975E-02 1.16009E-01 1.48980E-01 4.14133E-01 5.79492E-01 8.65572E-02 9.15290E-03 6.32825E-04 1.72425E+00 
6.32825E-04 1.28137E-02 8.83345E-02 1.17528E-01 1.50230E-01 4.16053E-01 5.84700E-01 8.85159E-02 1.28137E-02 6.32825E-04 1.74460E+00 
6.32825E-04 1.63977E-02 9.01831E-02 1.18954E-01 1.51368E-01 4.17750E-01 5.89633E-01 9.03862E-02 1.63977E-02 6.32825E-04 1.76101E+00 
6.32825E-04 1.91113E-02 9.15474E-02 1.19988E-01 1.52166E-01 4.18902E-01 5.93246E-01 9.17672E-02 1.91113E-02 6.32825E-04 1.77093E+00 
6.32825E-04 1.98942E-02 9.19349E-02 1.20279E-01 1.52385E-01 4.19211E-01 5.94267E-01 9.21596E-02 1.98942E-02 6.32825E-04 1.77336E+00 
6.32825E-04 2.35539E-02 9.37062E-02 1.21584E-01 1.53339E-01 4.20506E-01 5.98905E-01 9.39541E-02 2.35539E-02 6.32825E-04 1.78202E+00 
6.32825E-04 2.70865E-02 9.53464E-02 1.22753E-01 1.54134E-01 4.21496E-01 6.03143E-01 9.56172E-02 2.70865E-02 6.32825E-04 1.78577E+00 
6.32825E-04 3.04800E-02 9.68464E-02 1.23776E-01 1.54762E-01 4.22166E-01 6.06957E-01 9.71398E-02 3.04800E-02 6.32825E-04 1.78460E+00 
6.32825E-04 3.37228E-02 9.81979E-02 1.24646E-01 1.55217E-01 4.22503E-01 6.10322E-01 9.85136E-02 3.37228E-02 6.32825E-04 1.77854E+00 
3.47388E-03 3.68189E-02 9.94276E-02 1.25394E-01 1.55534E-01 4.22536E-01 6.13219E-01 9.97647E-02 3.68189E-02 3.47388E-03 1.75991E+00 
7.49645E-03 3.97452E-02 1.00487E-01 1.25965E-01 1.55653E-01 4.22202E-01 6.15627E-01 1.00845E-01 3.97452E-02 7.49645E-03 1.73557E+00 
1.13247E-02 4.24868E-02 1.01361E-01 1.26341E-01 1.55557E-01 4.21479E-01 6.17518E-01 1.01739E-01 4.24868E-02 1.13247E-02 1.70731E+00 
1.49465E-02 4.50337E-02 1.02042E-01 1.26518E-01 1.55240E-01 4.20355E-01 6.18870E-01 1.02440E-01 4.50337E-02 1.49465E-02 1.67529E+00 
1.83516E-02 4.73771E-02 1.02527E-01 1.26490E-01 1.54699E-01 4.18823E-01 6.19662E-01 1.02944E-01 4.73771E-02 1.83516E-02 1.63973E+00 
2.15314E-02 4.95102E-02 1.02811E-01 1.26255E-01 1.53932E-01 4.16876E-01 6.19876E-01 1.03246E-01 4.95102E-02 2.15314E-02 1.60091E+00 
2.44793E-02 5.14278E-02 1.02894E-01 1.25812E-01 1.52940E-01 4.14512E-01 6.19499E-01 1.03346E-01 5.14278E-02 2.44793E-02 1.55910E+00 
2.71906E-02 5.31265E-02 1.02776E-01 1.25162E-01 1.51725E-01 4.11731E-01 6.18520E-01 1.03244E-01 5.31265E-02 2.71906E-02 1.51465E+00 
2.96624E-02 5.46047E-02 1.02459E-01 1.24306E-01 1.50289E-01 4.08535E-01 6.16933E-01 1.02941E-01 5.46047E-02 2.96624E-02 1.46789E+00 
3.18940E-02 5.58627E-02 1.01945E-01 1.23249E-01 1.48639E-01 4.04930E-01 6.14735E-01 1.02440E-01 5.58627E-02 3.18940E-02 1.41919E+00 
3.38861E-02 5.69024E-02 1.01240E-01 1.21995E-01 1.46781E-01 4.00923E-01 6.11926E-01 1.01747E-01 5.69024E-02 3.38861E-02 1.36893E+00 
3.56417E-02 5.77272E-02 1.00349E-01 1.20553E-01 1.44723E-01 3.96524E-01 6.08511E-01 1.00867E-01 5.77272E-02 3.56417E-02 1.31746E+00 
3.71650E-02 5.83423E-02 9.92816E-02 1.18930E-01 1.42476E-01 3.91748E-01 6.04497E-01 9.98077E-02 5.83423E-02 3.71650E-02 1.26517E+00 
5.29734E-04 8.76393E-03 7.18968E-02 1.01332E-01 1.36671E-01 4.14208E-01 5.86377E-01 7.20247E-02 8.76393E-03 5.29734E-04 1.46815E+00 
5.29734E-04 8.76393E-03 7.34582E-02 1.02536E-01 1.37528E-01 4.15673E-01 5.91289E-01 7.36120E-02 8.76393E-03 5.29734E-04 1.50042E+00 
5.29734E-04 1.41569E-03 7.49861E-02 1.03704E-01 1.38335E-01 4.16969E-01 5.95931E-01 7.51655E-02 1.41569E-03 5.29734E-04 1.52596E+00 
5.29734E-04 4.66148E-03 7.64786E-02 1.04832E-01 1.39089E-01 4.18087E-01 6.00294E-01 7.66833E-02 4.66148E-03 5.29734E-04 1.54394E+00 
5.29734E-04 7.84961E-03 7.79041E-02 1.05885E-01 1.39749E-01 4.18998E-01 6.04392E-01 7.81342E-02 7.84961E-03 5.29734E-04 1.55869E+00 
5.29734E-04 1.09699E-02 7.92556E-02 1.06856E-01 1.40309E-01 4.19689E-01 6.08200E-01 7.95110E-02 1.09699E-02 5.29734E-04 1.57006E+00 
5.29734E-04 1.40128E-02 8.05262E-02 1.07737E-01 1.40762E-01 4.20147E-01 6.11698E-01 8.08067E-02 1.40128E-02 5.29734E-04 1.57793E+00 
5.29734E-04 1.63081E-02 8.14495E-02 1.08354E-01 1.41036E-01 4.20335E-01 6.14177E-01 8.17493E-02 1.63081E-02 5.29734E-04 1.58155E+00 
5.29734E-04 1.69687E-02 8.17092E-02 1.08523E-01 1.41103E-01 4.20361E-01 6.14863E-01 8.20145E-02 1.69687E-02 5.29734E-04 1.58219E+00 
5.29734E-04 2.00479E-02 8.28794E-02 1.09257E-01 1.41338E-01 4.20307E-01 6.17881E-01 8.32111E-02 2.00479E-02 5.29734E-04 1.58269E+00 
5.29734E-04 2.30044E-02 8.39329E-02 1.09864E-01 1.41428E-01 4.19945E-01 6.20466E-01 8.42906E-02 2.30044E-02 5.29734E-04 1.57892E+00 
5.29734E-04 2.58280E-02 8.48630E-02 1.10339E-01 1.41368E-01 4.19264E-01 6.22595E-01 8.52459E-02 2.58280E-02 5.29734E-04 1.57089E+00 
5.29734E-04 2.85092E-02 8.56633E-02 1.10675E-01 1.41153E-01 4.18255E-01 6.24250E-01 8.60708E-02 2.85092E-02 5.29734E-04 1.55867E+00 
2.90314E-03 3.10521E-02 8.63601E-02 1.10905E-01 1.40821E-01 4.16958E-01 6.25426E-01 8.67910E-02 3.10521E-02 2.90314E-03 1.53580E+00 
6.24912E-03 3.34372E-02 8.69091E-02 1.10976E-01 1.40314E-01 4.15302E-01 6.26088E-01 8.73626E-02 3.34372E-02 6.24912E-03 1.50814E+00 
9.41605E-03 3.56529E-02 8.72975E-02 1.10876E-01 1.39617E-01 4.13268E-01 6.26213E-01 8.77726E-02 3.56529E-02 9.41605E-03 1.47724E+00 
1.23945E-02 3.76912E-02 8.75214E-02 1.10600E-01 1.38729E-01 4.10850E-01 6.25782E-01 8.80171E-02 3.76912E-02 1.23945E-02 1.44331E+00 
1.51769E-02 3.95462E-02 8.75784E-02 1.10148E-01 1.37649E-01 4.08043E-01 6.24779E-01 8.80935E-02 3.95462E-02 1.51769E-02 1.40656E+00 
1.77570E-02 4.12131E-02 8.74676E-02 1.09518E-01 1.36378E-01 4.04847E-01 6.23192E-01 8.80007E-02 4.12131E-02 1.77570E-02 1.36726E+00 
2.01307E-02 4.26890E-02 8.71894E-02 1.08711E-01 1.34919E-01 4.01264E-01 6.21014E-01 8.77390E-02 4.26890E-02 2.01307E-02 1.32572E+00 
2.22954E-02 4.39724E-02 8.67456E-02 1.07731E-01 1.33275E-01 3.97297E-01 6.18239E-01 8.73101E-02 4.39724E-02 2.22954E-02 1.28223E+00 
2.42502E-02 4.50636E-02 8.61394E-02 1.06581E-01 1.31452E-01 3.92954E-01 6.14867E-01 8.67171E-02 4.50636E-02 2.42502E-02 1.23713E+00 
2.59962E-02 4.59645E-02 8.53753E-02 1.05267E-01 1.29458E-01 3.88242E-01 6.10901E-01 8.59643E-02 4.59645E-02 2.59962E-02 1.19075E+00 
2.75356E-02 4.66782E-02 8.44589E-02 1.03794E-01 1.27299E-01 3.83175E-01 6.06346E-01 8.50575E-02 4.66782E-02 2.75356E-02 1.14344E+00 
2.88725E-02 4.72094E-02 8.33972E-02 1.02172E-01 1.24986E-01 3.77766E-01 6.01212E-01 8.40032E-02 4.72094E-02 2.88725E-02 1.09552E+00 
3.00122E-02 4.75640E-02 8.21980E-02 1.00408E-01 1.22530E-01 3.72029E-01 5.95512E-01 8.28095E-02 4.75640E-02 3.00122E-02 1.04733E+00 
4.43672E-04 7.52122E-03 6.46637E-02 9.31599E-02 1.29093E-01 4.21603E-01 6.15575E-01 6.48712E-02 7.52122E-03 4.43672E-04 1.34025E+00 
4.43672E-04 7.52122E-03 6.57642E-02 9.39103E-02 1.29359E-01 4.21928E-01 6.19140E-01 6.60021E-02 7.52122E-03 4.43672E-04 1.36418E+00 
4.43672E-04 1.21959E-03 6.68377E-02 9.46278E-02 1.29581E-01 4.22081E-01 6.22411E-01 6.71055E-02 1.21959E-03 4.43672E-04 1.38211E+00 
4.43672E-04 4.00929E-03 6.78821E-02 9.53094E-02 1.29758E-01 4.22055E-01 6.25377E-01 6.81793E-02 4.00929E-03 4.43672E-04 1.39331E+00 
4.43672E-04 6.73996E-03 6.88659E-02 9.59195E-02 1.29846E-01 4.21811E-01 6.28041E-01 6.91921E-02 6.73996E-03 4.43672E-04 1.40155E+00 
4.43672E-04 9.40255E-03 6.97830E-02 9.64521E-02 1.29842E-01 4.21338E-01 6.30382E-01 7.01381E-02 9.40255E-03 4.43672E-04 1.40670E+00 
4.43672E-04 1.19885E-02 7.06280E-02 9.69017E-02 1.29739E-01 4.20627E-01 6.32380E-01 7.10114E-02 1.19885E-02 4.43672E-04 1.40867E+00 
4.43672E-04 1.39316E-02 7.12288E-02 9.71894E-02 1.29590E-01 4.19907E-01 6.33678E-01 7.16337E-02 1.39316E-02 4.43672E-04 1.40799E+00 
4.43672E-04 1.44896E-02 7.13953E-02 9.72632E-02 1.29535E-01 4.19668E-01 6.34015E-01 7.18065E-02 1.44896E-02 4.43672E-04 1.40741E+00 
4.43672E-04 1.70821E-02 7.21298E-02 9.75487E-02 1.29195E-01 4.18349E-01 6.35352E-01 7.25703E-02 1.70821E-02 4.43672E-04 1.40240E+00 
4.43672E-04 1.95575E-02 7.27623E-02 9.77204E-02 1.28728E-01 4.16723E-01 6.36228E-01 7.32312E-02 1.95575E-02 4.43672E-04 1.39360E+00 
4.43672E-04 2.19073E-02 7.32875E-02 9.77736E-02 1.28128E-01 4.14785E-01 6.36624E-01 7.37837E-02 2.19073E-02 4.43672E-04 1.38107E+00 
4.43672E-04 2.41237E-02 7.37008E-02 9.77040E-02 1.27394E-01 4.12528E-01 6.36525E-01 7.42231E-02 2.41237E-02 4.43672E-04 1.36490E+00 
2.42735E-03 2.62109E-02 7.40273E-02 9.75424E-02 1.26563E-01 4.10002E-01 6.35945E-01 7.45742E-02 2.62109E-02 2.42735E-03 1.33965E+00 
5.21154E-03 2.81526E-02 7.42268E-02 9.72419E-02 1.25582E-01 4.07132E-01 6.34834E-01 7.47970E-02 2.81526E-02 5.21154E-03 1.31035E+00 
7.83186E-03 2.99397E-02 7.42891E-02 9.67915E-02 1.24437E-01 4.03898E-01 6.33171E-01 7.48812E-02 2.99397E-02 7.83186E-03 1.27836E+00 
1.02812E-02 3.15664E-02 7.42122E-02 9.61897E-02 1.23130E-01 4.00300E-01 6.30940E-01 7.48245E-02 3.15664E-02 1.02812E-02 1.24389E+00 
1.25539E-02 3.30285E-02 7.39952E-02 9.54369E-02 1.21662E-01 3.96338E-01 6.28134E-01 7.46261E-02 3.30285E-02 1.25539E-02 1.20718E+00 
1.46460E-02 3.43233E-02 7.36387E-02 9.45342E-02 1.20036E-01 3.92014E-01 6.24745E-01 7.42863E-02 3.43233E-02 1.46460E-02 1.16849E+00 
1.65552E-02 3.54495E-02 7.31444E-02 9.34843E-02 1.18257E-01 3.87336E-01 6.20771E-01 7.38067E-02 3.54495E-02 1.65552E-02 1.12812E+00 
1.82806E-02 3.64073E-02 7.25153E-02 9.22913E-02 1.16330E-01 3.82311E-01 6.16214E-01 7.31901E-02 3.64073E-02 1.82806E-02 1.08637E+00 
1.98230E-02 3.71984E-02 7.17552E-02 9.09601E-02 1.14261E-01 3.76949E-01 6.11079E-01 7.24405E-02 3.71984E-02 1.98230E-02 1.04355E+00 
2.11844E-02 3.78256E-02 7.08695E-02 8.94970E-02 1.12060E-01 3.71263E-01 6.05374E-01 7.15627E-02 3.78256E-02 2.11844E-02 9.99971E-01 
2.23684E-02 3.82932E-02 6.98641E-02 8.79094E-02 1.09734E-01 3.65269E-01 5.99110E-01 7.05629E-02 3.82932E-02 2.23684E-02 9.55947E-01 
2.33797E-02 3.86066E-02 6.87460E-02 8.62052E-02 1.07294E-01 3.58981E-01 5.92303E-01 6.94480E-02 3.86066E-02 2.33797E-02 9.11774E-01 
2.42244E-02 3.87720E-02 6.75229E-02 8.43936E-02 1.04749E-01 3.52418E-01 5.84971E-01 6.82256E-02 3.87720E-02 2.42244E-02 8.67736E-01 
3.72278E-04 6.47592E-03 5.68101E-02 8.48895E-02 1.20553E-01 4.26673E-01 6.43084E-01 5.71290E-02 6.47592E-03 3.72278E-04 1.21721E+00 
3.72278E-04 6.47592E-03 5.75859E-02 8.52854E-02 1.20346E-01 4.25916E-01 6.45228E-01 5.79395E-02 6.47592E-03 3.72278E-04 1.23530E+00 
3.72278E-04 1.05438E-03 5.83401E-02 8.56522E-02 1.20105E-01 4.24988E-01 6.47056E-01 5.87276E-02 1.05438E-03 3.72278E-04 1.24793E+00 
3.72278E-04 3.46020E-03 5.90704E-02 8.59871E-02 1.19825E-01 4.23881E-01 6.48560E-01 5.94909E-02 3.46020E-03 3.72278E-04 1.25450E+00 
3.72278E-04 5.80638E-03 5.97463E-02 8.62547E-02 1.19464E-01 4.22549E-01 6.49729E-01 6.01992E-02 5.80638E-03 3.72278E-04 1.25829E+00 
3.72278E-04 8.08488E-03 6.03627E-02 8.64506E-02 1.19020E-01 4.20983E-01 6.50543E-01 6.08474E-02 8.08488E-03 3.72278E-04 1.25920E+00 
3.72278E-04 1.02882E-02 6.09150E-02 8.65702E-02 1.18487E-01 4.19176E-01 6.50986E-01 6.14307E-02 1.02882E-02 3.72278E-04 1.25716E+00 
3.72278E-04 1.19369E-02 6.12956E-02 8.66079E-02 1.18013E-01 4.17608E-01 6.51064E-01 6.18346E-02 1.19369E-02 3.72278E-04 1.25355E+00 
3.72278E-04 1.24092E-02 6.13988E-02 8.66096E-02 1.17864E-01 4.17122E-01 6.51042E-01 6.19446E-02 1.24092E-02 3.72278E-04 1.25215E+00 
3.72278E-04 1.45962E-02 6.18391E-02 8.65580E-02 1.17088E-01 4.14623E-01 6.50650E-01 6.24161E-02 1.45962E-02 3.72278E-04 1.24342E+00 
3.72278E-04 1.66719E-02 6.21904E-02 8.64047E-02 1.16200E-01 4.11825E-01 6.49776E-01 6.27972E-02 1.66719E-02 3.72278E-04 1.23128E+00 
3.72278E-04 1.86294E-02 6.24487E-02 8.61465E-02 1.15199E-01 4.08724E-01 6.48404E-01 6.30837E-02 1.86294E-02 3.72278E-04 1.21580E+00 
3.72278E-04 2.04625E-02 6.26106E-02 8.57807E-02 1.14084E-01 4.05318E-01 6.46524E-01 6.32722E-02 2.04625E-02 3.72278E-04 1.19712E+00 
2.03313E-03 2.21754E-02 6.26996E-02 8.53371E-02 1.12893E-01 4.01668E-01 6.44168E-01 6.33857E-02 2.21754E-02 2.03313E-03 1.17065E+00 
4.35346E-03 2.37547E-02 6.26800E-02 8.47727E-02 1.11574E-01 3.97689E-01 6.41274E-01 6.33887E-02 2.37547E-02 4.35346E-03 1.14072E+00 
6.52428E-03 2.51934E-02 6.25435E-02 8.40789E-02 1.10117E-01 3.93366E-01 6.37817E-01 6.32728E-02 2.51934E-02 6.52428E-03 1.10853E+00 
8.54038E-03 2.64874E-02 6.22895E-02 8.32560E-02 1.08526E-01 3.88702E-01 6.33792E-01 6.30372E-02 2.64874E-02 8.54038E-03 1.07431E+00 
1.03980E-02 2.76343E-02 6.19184E-02 8.23055E-02 1.06803E-01 3.83701E-01 6.29195E-01 6.26823E-02 2.76343E-02 1.03980E-02 1.03832E+00 
1.20948E-02 2.86328E-02 6.14317E-02 8.12301E-02 1.04953E-01 3.78370E-01 6.24025E-01 6.22093E-02 2.86328E-02 1.20948E-02 1.00081E+00 
1.36299E-02 2.94831E-02 6.08321E-02 8.00337E-02 1.02980E-01 3.72720E-01 6.18286E-01 6.16207E-02 2.94831E-02 1.36299E-02 9.62077E-01 
1.50038E-02 3.01865E-02 6.01230E-02 7.87211E-02 1.00893E-01 3.66762E-01 6.11985E-01 6.09200E-02 3.01865E-02 1.50038E-02 9.22418E-01 
1.62184E-02 3.07457E-02 5.93090E-02 7.72982E-02 9.86986E-02 3.60509E-01 6.05133E-01 6.01116E-02 3.07457E-02 1.62184E-02 8.82127E-01 
1.72769E-02 3.11646E-02 5.83954E-02 7.57717E-02 9.64047E-02 3.53978E-01 5.97745E-01 5.92008E-02 3.11646E-02 1.72769E-02 8.41495E-01 
1.81834E-02 3.14479E-02 5.73884E-02 7.41491E-02 9.40209E-02 3.47185E-01 5.89837E-01 5.81937E-02 3.14479E-02 1.81834E-02 8.00804E-01 
1.89432E-02 3.16015E-02 5.62948E-02 7.24387E-02 9.15568E-02 3.40150E-01 5.81429E-01 5.70971E-02 3.16015E-02 1.89432E-02 7.60321E-01 
1.95625E-02 3.16319E-02 5.51219E-02 7.06492E-02 8.90226E-02 3.32892E-01 5.72544E-01 5.59182E-02 3.16319E-02 1.95625E-02 7.20292E-01 
3.12247E-04 5.58673E-03 4.86986E-02 7.65566E-02 1.11153E-01 4.29494E-01 6.68646E-01 4.91688E-02 5.58673E-03 3.12247E-04 1.10338E+00 
3.12247E-04 5.58673E-03 4.92621E-02 7.66834E-02 1.10584E-01 4.27697E-01 6.69279E-01 4.97709E-02 5.58673E-03 3.12247E-04 1.11725E+00 
3.12247E-04 9.13819E-04 4.98073E-02 7.67843E-02 1.09988E-01 4.25733E-01 6.69582E-01 5.03533E-02 9.13819E-04 3.12247E-04 1.12608E+00 
3.12247E-04 2.99301E-03 5.03321E-02 7.68568E-02 1.09361E-01 4.23595E-01 6.69545E-01 5.09140E-02 2.99301E-03 3.12247E-04 1.12938E+00 
3.12247E-04 5.01217E-03 5.08076E-02 7.68667E-02 1.08662E-01 4.21226E-01 6.69143E-01 5.14244E-02 5.01217E-03 3.12247E-04 1.12999E+00 
3.12247E-04 6.96425E-03 5.12297E-02 7.68104E-02 1.07888E-01 4.18621E-01 6.68360E-01 5.18803E-02 6.96425E-03 3.12247E-04 1.12784E+00 
3.12247E-04 8.84280E-03 5.15945E-02 7.66847E-02 1.07036E-01 4.15776E-01 6.67183E-01 5.22777E-02 8.84280E-03 3.12247E-04 1.12292E+00 
3.12247E-04 1.02420E-02 5.18353E-02 7.65377E-02 1.06323E-01 4.13407E-01 6.65992E-01 5.25426E-02 1.02420E-02 3.12247E-04 1.11719E+00 
3.12247E-04 1.06417E-02 5.18985E-02 7.64864E-02 1.06106E-01 4.12687E-01 6.65597E-01 5.26128E-02 1.06417E-02 3.12247E-04 1.11520E+00 
3.12247E-04 1.24857E-02 5.21545E-02 7.61884E-02 1.05013E-01 4.09079E-01 6.63418E-01 5.29005E-02 1.24857E-02 3.12247E-04 1.10380E+00 
3.12247E-04 1.42243E-02 5.23324E-02 7.58004E-02 1.03825E-01 4.05182E-01 6.60741E-01 5.31081E-02 1.42243E-02 3.12247E-04 1.08928E+00 
3.12247E-04 1.58519E-02 5.24293E-02 7.53204E-02 1.02542E-01 4.00996E-01 6.57558E-01 5.32326E-02 1.58519E-02 3.12247E-04 1.07175E+00 
3.12247E-04 1.73640E-02 5.24429E-02 7.47469E-02 1.01164E-01 3.96523E-01 6.53861E-01 5.32714E-02 1.73640E-02 3.12247E-04 1.05137E+00 
1.70204E-03 1.87647E-02 5.23945E-02 7.41087E-02 9.97302E-02 3.91833E-01 6.49705E-01 5.32454E-02 1.87647E-02 1.70204E-03 1.02430E+00 
3.63407E-03 2.00433E-02 5.22530E-02 7.33668E-02 9.81900E-02 3.86836E-01 6.45009E-01 5.31238E-02 2.00433E-02 3.63407E-03 9.94257E-01 
5.43016E-03 2.11944E-02 5.20119E-02 7.25144E-02 9.65368E-02 3.81518E-01 6.39751E-01 5.29001E-02 2.11944E-02 5.43016E-03 9.62333E-01 
7.08672E-03 2.22158E-02 5.16718E-02 7.15531E-02 9.47741E-02 3.75885E-01 6.33932E-01 5.25744E-02 2.22158E-02 7.08672E-03 9.28766E-01 
8.60152E-03 2.31061E-02 5.12337E-02 7.04857E-02 9.29063E-02 3.69947E-01 6.27553E-01 5.21478E-02 2.31061E-02 8.60152E-03 8.93816E-01 
9.97366E-03 2.38655E-02 5.07000E-02 6.93159E-02 9.09391E-02 3.63714E-01 6.20622E-01 5.16225E-02 2.38655E-02 9.97366E-03 8.57757E-01 
1.12035E-02 2.44952E-02 5.00737E-02 6.80482E-02 8.88788E-02 3.57199E-01 6.13146E-01 5.10014E-02 2.44952E-02 1.12035E-02 8.20874E-01 
1.22926E-02 2.49976E-02 4.93589E-02 6.66881E-02 8.67326E-02 3.50419E-01 6.05141E-01 5.02885E-02 2.49976E-02 1.22926E-02 7.83450E-01 
1.32437E-02 2.53762E-02 4.85602E-02 6.52420E-02 8.45083E-02 3.43389E-01 5.96622E-01 4.94883E-02 2.53762E-02 1.32437E-02 7.45764E-01 
1.40607E-02 2.56353E-02 4.76829E-02 6.37168E-02 8.22146E-02 3.36127E-01 5.87610E-01 4.86063E-02 2.56353E-02 1.40607E-02 7.08086E-01 
1.47482E-02 2.57803E-02 4.67332E-02 6.21200E-02 7.98603E-02 3.28654E-01 5.78125E-01 4.76485E-02 2.57803E-02 1.47482E-02 6.70670E-01 
1.53119E-02 2.58170E-02 4.57174E-02 6.04596E-02 7.74547E-02 3.20989E-01 5.68195E-01 4.66212E-02 2.58170E-02 1.53119E-02 6.33751E-01 
1.57579E-02 2.57521E-02 4.46423E-02 5.87438E-02 7.50075E-02 3.13155E-01 5.57845E-01 4.55314E-02 2.57521E-02 1.57579E-02 5.97542E-01 
2.62061E-04 4.83367E-03 4.08026E-02 6.83767E-02 1.01228E-01 4.30059E-01 6.91459E-01 4.14696E-02 4.83367E-03 2.62061E-04 1.00339E+00 
2.62061E-04 4.83367E-03 4.12446E-02 6.83102E-02 1.00401E-01 4.27273E-01 6.90514E-01 4.19527E-02 4.83367E-03 2.62061E-04 1.01401E+00 
2.62061E-04 7.94790E-04 4.16694E-02 6.82202E-02 9.95542E-02 4.24326E-01 6.89230E-01 4.24169E-02 7.94790E-04 2.62061E-04 1.01991E+00 
2.62061E-04 2.59734E-03 4.20753E-02 6.81047E-02 9.86838E-02 4.21211E-01 6.87596E-01 4.28601E-02 2.59734E-03 2.62061E-04 1.02066E+00 
2.62061E-04 4.33952E-03 4.24356E-02 6.79309E-02 9.77488E-02 4.17864E-01 6.85573E-01 4.32564E-02 4.33952E-03 2.62061E-04 1.01877E+00 
2.62061E-04 6.01531E-03 4.27471E-02 6.76964E-02 9.67480E-02 4.14283E-01 6.83149E-01 4.36020E-02 6.01531E-03 2.62061E-04 1.01421E+00 
2.62061E-04 7.61927E-03 4.30064E-02 6.73986E-02 9.56803E-02 4.10465E-01 6.80312E-01 4.38937E-02 7.61927E-03 2.62061E-04 1.00698E+00 
2.62061E-04 8.80780E-03 4.31696E-02 6.71234E-02 9.48076E-02 4.07348E-01 6.77828E-01 4.40804E-02 8.80780E-03 2.62061E-04 9.99580E-01 
2.62061E-04 9.14630E-03 4.32109E-02 6.70355E-02 9.45448E-02 4.06409E-01 6.77054E-01 4.41284E-02 9.14630E-03 2.62061E-04 9.97120E-01 
2.62061E-04 1.07014E-02 4.33670E-02 6.65690E-02 9.32443E-02 4.01771E-01 6.73062E-01 4.43147E-02 1.07014E-02 2.62061E-04 9.83603E-01 
2.62061E-04 1.21569E-02 4.34537E-02 6.60232E-02 9.18649E-02 3.96858E-01 6.68565E-01 4.44288E-02 1.21569E-02 2.62061E-04 9.67211E-01 
2.62061E-04 1.35086E-02 4.34690E-02 6.53972E-02 9.04072E-02 3.91674E-01 6.63561E-01 4.44686E-02 1.35086E-02 2.62061E-04 9.48102E-01 
2.62061E-04 1.47532E-02 4.34113E-02 6.46908E-02 8.88726E-02 3.86223E-01 6.58048E-01 4.44323E-02 1.47532E-02 2.62061E-04 9.26464E-01 
1.42558E-03 1.58951E-02 4.32997E-02 6.39312E-02 8.72982E-02 3.80589E-01 6.52103E-01 4.43387E-02 1.58951E-02 1.42558E-03 8.99062E-01 
3.03455E-03 1.69257E-02 4.31077E-02 6.30833E-02 8.56383E-02 3.74672E-01 6.45626E-01 4.41615E-02 1.69257E-02 3.03455E-03 8.69146E-01 
4.52021E-03 1.78414E-02 4.28305E-02 6.21421E-02 8.38872E-02 3.68460E-01 6.38598E-01 4.38957E-02 1.78414E-02 4.52021E-03 8.37684E-01 
5.88041E-03 1.86409E-02 4.24692E-02 6.11102E-02 8.20496E-02 3.61966E-01 6.31026E-01 4.35423E-02 1.86409E-02 5.88041E-03 8.04934E-01 
7.11421E-03 1.93243E-02 4.20256E-02 5.99911E-02 8.01309E-02 3.55200E-01 6.22917E-01 4.31029E-02 1.93243E-02 7.11421E-03 7.71161E-01 
8.22183E-03 1.98928E-02 4.15025E-02 5.87893E-02 7.81371E-02 3.48178E-01 6.14284E-01 4.25803E-02 1.98928E-02 8.22183E-03 7.36643E-01 
9.20464E-03 2.03485E-02 4.09032E-02 5.75099E-02 7.60750E-02 3.40915E-01 6.05144E-01 4.19777E-02 2.03485E-02 9.20464E-03 7.01654E-01 
1.00651E-02 2.06945E-02 4.02320E-02 5.61587E-02 7.39521E-02 3.33431E-01 5.95516E-01 4.12992E-02 2.06945E-02 1.00651E-02 6.66467E-01 
1.08065E-02 2.09347E-02 3.94935E-02 5.47421E-02 7.17762E-02 3.25743E-01 5.85421E-01 4.05497E-02 2.09347E-02 1.08065E-02 6.31342E-01 
1.14332E-02 2.10741E-02 3.86930E-02 5.32670E-02 6.95556E-02 3.17873E-01 5.74884E-01 3.97344E-02 2.10741E-02 1.14332E-02 5.96523E-01 
1.19501E-02 2.11180E-02 3.78361E-02 5.17408E-02 6.72989E-02 3.09842E-01 5.63933E-01 3.88589E-02 2.11180E-02 1.19501E-02 5.62236E-01 
1.23629E-02 2.10723E-02 3.69288E-02 5.01709E-02 6.50146E-02 3.01672E-01 5.52597E-01 3.79295E-02 2.10723E-02 1.23629E-02 5.28682E-01 
1.26778E-02 2.09436E-02 3.59773E-02 4.85650E-02 6.27115E-02 2.93385E-01 5.40908E-01 3.69523E-02 2.09436E-02 1.26778E-02 4.96039E-01 
2.19744E-04 4.18736E-03 3.34115E-02 6.04538E-02 9.10236E-02 4.28409E-01 7.11100E-01 3.43263E-02 4.18736E-03 2.19744E-04 9.18220E-01 
2.19744E-04 4.18736E-03 3.37972E-02 6.02555E-02 9.00296E-02 4.24678E-01 7.08517E-01 3.47539E-02 4.18736E-03 2.19744E-04 9.25987E-01 
2.19744E-04 6.92581E-04 3.41650E-02 6.00356E-02 8.90212E-02 4.20796E-01 7.05593E-01 3.51612E-02 6.92581E-04 2.19744E-04 9.29248E-01 
2.19744E-04 2.25760E-03 3.45136E-02 5.97922E-02 8.79958E-02 4.16755E-01 7.02317E-01 3.55466E-02 2.25760E-03 2.19744E-04 9.27686E-01 
2.19744E-04 3.76215E-03 3.48192E-02 5.94947E-02 8.69137E-02 4.12484E-01 6.98633E-01 3.58868E-02 3.76215E-03 2.19744E-04 9.23519E-01 
2.19744E-04 5.20119E-03 3.50790E-02 5.91413E-02 8.57743E-02 4.07985E-01 6.94535E-01 3.61788E-02 5.20119E-03 2.19744E-04 9.16753E-01 
2.19744E-04 6.57026E-03 3.52905E-02 5.87306E-02 8.45775E-02 4.03256E-01 6.90014E-01 3.64200E-02 6.57026E-03 2.19744E-04 9.07424E-01 
2.19744E-04 7.57899E-03 3.54196E-02 5.83726E-02 8.36122E-02 3.99441E-01 6.86223E-01 3.65701E-02 7.57899E-03 2.19744E-04 8.98490E-01 
2.19744E-04 7.86532E-03 3.54515E-02 5.82613E-02 8.33235E-02 3.98300E-01 6.85066E-01 3.66079E-02 7.86532E-03 2.19744E-04 8.95601E-01 
2.19744E-04 9.17476E-03 3.55664E-02 5.76887E-02 8.19081E-02 3.92706E-01 6.79250E-01 3.67486E-02 9.17476E-03 2.19744E-04 8.80173E-01 
2.19744E-04 1.03904E-02 3.56186E-02 5.70467E-02 8.04280E-02 3.86857E-01 6.72933E-01 3.68230E-02 1.03904E-02 2.19744E-04 8.62118E-01 
2.19744E-04 1.15093E-02 3.56067E-02 5.63352E-02 7.88848E-02 3.80759E-01 6.66119E-01 3.68296E-02 1.15093E-02 2.19744E-04 8.41628E-01 
2.19744E-04 1.25294E-02 3.55301E-02 5.55551E-02 7.72809E-02 3.74421E-01 6.58811E-01 3.67676E-02 1.25294E-02 2.19744E-04 8.18925E-01 
1.19281E-03 1.34553E-02 3.54055E-02 5.47319E-02 7.56516E-02 3.67934E-01 6.51107E-01 3.66535E-02 1.34553E-02 1.19281E-03 7.91303E-01 
2.53087E-03 1.42804E-02 3.52108E-02 5.38344E-02 7.39550E-02 3.61194E-01 6.42890E-01 3.64653E-02 1.42804E-02 2.53087E-03 7.61591E-01 
3.75754E-03 1.50024E-02 3.49426E-02 5.28590E-02 7.21868E-02 3.54191E-01 6.34144E-01 3.61995E-02 1.50024E-02 3.75754E-03 7.30667E-01 
4.87186E-03 1.56211E-02 3.46024E-02 5.18090E-02 7.03523E-02 3.46939E-01 6.24879E-01 3.58575E-02 1.56211E-02 4.87186E-03 6.98798E-01 
5.87397E-03 1.61377E-02 3.41926E-02 5.06887E-02 6.84573E-02 3.39454E-01 6.15113E-01 3.54417E-02 1.61377E-02 5.87397E-03 6.66252E-01 
6.76504E-03 1.65539E-02 3.37163E-02 4.95027E-02 6.65084E-02 3.31754E-01 6.04863E-01 3.49548E-02 1.65539E-02 6.76504E-03 6.33301E-01 
7.54719E-03 1.68728E-02 3.31769E-02 4.82566E-02 6.45123E-02 3.23858E-01 5.94151E-01 3.44006E-02 1.68728E-02 7.54719E-03 6.00209E-01 
8.22345E-03 1.70978E-02 3.25786E-02 4.69562E-02 6.24764E-02 3.15786E-01 5.83002E-01 3.37831E-02 1.70978E-02 8.22345E-03 5.67230E-01 
8.79765E-03 1.72334E-02 3.19260E-02 4.56079E-02 6.04082E-02 3.07560E-01 5.71443E-01 3.31072E-02 1.72334E-02 8.79765E-03 5.34600E-01 
9.27431E-03 1.72845E-02 3.12241E-02 4.42183E-02 5.83156E-02 2.99201E-01 5.59504E-01 3.23778E-02 1.72845E-02 9.27431E-03 5.02536E-01 
9.65850E-03 1.72565E-02 3.04782E-02 4.27943E-02 5.62064E-02 2.90732E-01 5.47217E-01 3.16005E-02 1.72565E-02 9.65850E-03 4.71231E-01 
9.95580E-03 1.71554E-02 2.96937E-02 4.13428E-02 5.40884E-02 2.82177E-01 5.34614E-01 3.07807E-02 1.71554E-02 9.95580E-03 4.40853E-01 
1.01721E-02 1.69870E-02 2.88761E-02 3.98709E-02 5.19693E-02 2.73559E-01 5.21731E-01 2.99244E-02 1.69870E-02 1.01721E-02 4.11542E-01 
1.83852E-04 3.62541E-03 2.67415E-02 5.28990E-02 8.08038E-02 4.24560E-01 7.27129E-01 2.79591E-02 3.62541E-03 1.83852E-04 8.47391E-01 
1.83852E-04 3.62541E-03 2.71135E-02 5.26175E-02 7.97193E-02 4.19928E-01 7.22865E-01 2.83710E-02 3.62541E-03 1.83852E-04 8.52265E-01 
1.83852E-04 6.03525E-04 2.74657E-02 5.23156E-02 7.86252E-02 4.15158E-01 7.18265E-01 2.87598E-02 6.03525E-04 1.83852E-04 8.52841E-01 
1.83852E-04 1.96182E-03 2.77973E-02 5.19920E-02 7.75194E-02 4.10243E-01 7.13320E-01 2.91247E-02 1.96182E-03 1.83852E-04 8.48885E-01 
1.83852E-04 3.25999E-03 2.80874E-02 5.16183E-02 7.63640E-02 4.05105E-01 7.07957E-01 2.94452E-02 3.25999E-03 1.83852E-04 8.42377E-01 
1.83852E-04 4.49395E-03 2.83338E-02 5.11934E-02 7.51595E-02 3.99747E-01 7.02172E-01 2.97188E-02 4.49395E-03 1.83852E-04 8.33362E-01 
1.83852E-04 5.66022E-03 2.85347E-02 5.07165E-02 7.39063E-02 3.94172E-01 6.95964E-01 2.99435E-02 5.66022E-03 1.83852E-04 8.21915E-01 
1.83852E-04 6.51420E-03 2.86577E-02 5.03116E-02 7.29040E-02 3.89712E-01 6.90869E-01 3.00826E-02 6.51420E-03 1.83852E-04 8.11455E-01 
1.83852E-04 6.75571E-03 2.86883E-02 5.01873E-02 7.26056E-02 3.88385E-01 6.89331E-01 3.01174E-02 6.75571E-03 1.83852E-04 8.08142E-01 
1.83852E-04 7.85471E-03 2.87995E-02 4.95581E-02 7.11513E-02 3.81914E-01 6.81707E-01 3.02465E-02 7.85471E-03 1.83852E-04 7.90838E-01 
1.83852E-04 8.86596E-03 2.88533E-02 4.88684E-02 6.96451E-02 3.75212E-01 6.73597E-01 3.03137E-02 8.86596E-03 1.83852E-04 7.71182E-01 
1.83852E-04 9.78771E-03 2.88489E-02 4.81191E-02 6.80894E-02 3.68289E-01 6.65008E-01 3.03181E-02 9.78771E-03 1.83852E-04 7.49399E-01 
1.83852E-04 1.06189E-02 2.87863E-02 4.73117E-02 6.64871E-02 3.61156E-01 6.55952E-01 3.02596E-02 1.06189E-02 1.83852E-04 7.25736E-01 
9.95720E-04 1.13645E-02 2.86798E-02 4.64701E-02 6.48713E-02 3.53913E-01 6.46547E-01 3.01525E-02 1.13645E-02 9.95720E-04 6.97940E-01 
2.10555E-03 1.20193E-02 2.85116E-02 4.55667E-02 6.32040E-02 3.46451E-01 6.36659E-01 2.99791E-02 1.20193E-02 2.10555E-03 6.68475E-01 
3.11532E-03 1.25823E-02 2.82796E-02 4.45992E-02 6.14824E-02 3.38760E-01 6.26272E-01 2.97370E-02 1.25823E-02 3.11532E-03 6.38139E-01 
4.02507E-03 1.30542E-02 2.79856E-02 4.35713E-02 5.97118E-02 3.30859E-01 6.15406E-01 2.94280E-02 1.30542E-02 4.02507E-03 6.07198E-01 
4.83581E-03 1.34369E-02 2.76322E-02 4.24877E-02 5.78985E-02 3.22767E-01 6.04082E-01 2.90548E-02 1.34369E-02 4.83581E-03 5.75918E-01 
5.54941E-03 1.37329E-02 2.72225E-02 4.13532E-02 5.60487E-02 3.14504E-01 5.92324E-01 2.86204E-02 1.37329E-02 5.54941E-03 5.44559E-01 
6.16859E-03 1.39456E-02 2.67602E-02 4.01735E-02 5.41693E-02 3.06091E-01 5.80160E-01 2.81287E-02 1.39456E-02 6.16859E-03 5.13366E-01 
6.69677E-03 1.40787E-02 2.62493E-02 3.89541E-02 5.22672E-02 2.97550E-01 5.67619E-01 2.75837E-02 1.40787E-02 6.69677E-03 4.82570E-01 
7.13801E-03 1.41369E-02 2.56942E-02 3.77014E-02 5.03494E-02 2.88904E-01 5.54734E-01 2.69901E-02 1.41369E-02 7.13801E-03 4.52379E-01 
7.49692E-03 1.41252E-02 2.50995E-02 3.64214E-02 4.84231E-02 2.80177E-01 5.41539E-01 2.63527E-02 1.41252E-02 7.49692E-03 4.22976E-01 
7.77851E-03 1.40487E-02 2.44700E-02 3.51204E-02 4.64954E-02 2.71393E-01 5.28067E-01 2.56764E-02 1.40487E-02 7.77851E-03 3.94521E-01 
7.98812E-03 1.39130E-02 2.38106E-02 3.38049E-02 4.45731E-02 2.62573E-01 5.14357E-01 2.49666E-02 1.39130E-02 7.98812E-03 3.67145E-01 
8.13129E-03 1.37239E-02 2.31262E-02 3.24809E-02 4.26630E-02 2.53742E-01 5.00445E-01 2.42284E-02 1.37239E-02 8.13129E-03 3.40953E-01 
1.53262E-04 3.13041E-03 2.09174E-02 4.58028E-02 7.08122E-02 4.18513E-01 7.39170E-01 2.24937E-02 3.13041E-03 1.53262E-04 7.89087E-01 
1.53262E-04 3.13041E-03 2.12995E-02 4.54750E-02 6.96992E-02 4.13028E-01 7.33203E-01 2.29101E-02 3.13041E-03 1.53262E-04 7.90810E-01 
1.53262E-04 5.24732E-04 2.16594E-02 4.51279E-02 6.85804E-02 4.07423E-01 7.26914E-01 2.33002E-02 5.24732E-04 1.53262E-04 7.88461E-01 
1.53262E-04 1.70061E-03 2.19968E-02 4.47606E-02 6.74543E-02 4.01690E-01 7.20296E-01 2.36636E-02 1.70061E-03 1.53262E-04 7.81884E-01 
1.53262E-04 2.81738E-03 2.22937E-02 4.43471E-02 6.62852E-02 3.95745E-01 7.13257E-01 2.39828E-02 2.81738E-03 1.53262E-04 7.72852E-01 
1.53262E-04 3.87190E-03 2.25485E-02 4.38870E-02 6.50744E-02 3.89594E-01 7.05800E-01 2.42559E-02 3.87190E-03 1.53262E-04 7.61453E-01 
1.53262E-04 4.86157E-03 2.27598E-02 4.33803E-02 6.38230E-02 3.83242E-01 6.97926E-01 2.44813E-02 4.86157E-03 1.53262E-04 7.47800E-01 
1.53262E-04 5.58145E-03 2.28927E-02 4.29563E-02 6.28280E-02 3.78195E-01 6.91550E-01 2.46222E-02 5.58145E-03 1.53262E-04 7.35777E-01 
1.53262E-04 5.78423E-03 2.29265E-02 4.28271E-02 6.25327E-02 3.76698E-01 6.89639E-01 2.46578E-02 5.78423E-03 1.53262E-04 7.32033E-01 
1.53262E-04 6.70208E-03 2.30554E-02 4.21793E-02 6.10998E-02 3.69435E-01 6.80250E-01 2.47923E-02 6.70208E-03 1.53262E-04 7.12854E-01 
1.53262E-04 7.53861E-03 2.31311E-02 4.14793E-02 5.96263E-02 3.61971E-01 6.70401E-01 2.48683E-02 7.53861E-03 1.53262E-04 6.91640E-01 
1.53262E-04 8.29305E-03 2.31534E-02 4.07288E-02 5.81150E-02 3.54317E-01 6.60104E-01 2.48855E-02 8.29305E-03 1.53262E-04 6.68643E-01 
1.53262E-04 8.96527E-03 2.31227E-02 3.99297E-02 5.65693E-02 3.46488E-01 6.49375E-01 2.48444E-02 8.96527E-03 1.53262E-04 6.44131E-01 
8.28092E-04 9.56039E-03 2.30514E-02 3.91041E-02 5.50197E-02 3.38591E-01 6.38356E-01 2.47574E-02 9.56039E-03 8.28092E-04 6.16231E-01 
1.74494E-03 1.00746E-02 2.29254E-02 3.82278E-02 5.34322E-02 3.30512E-01 6.26892E-01 2.46104E-02 1.00746E-02 1.74494E-03 5.87086E-01 
2.57258E-03 1.05078E-02 2.27435E-02 3.72995E-02 5.18049E-02 3.22244E-01 6.14972E-01 2.44021E-02 1.05078E-02 2.57258E-03 5.57416E-01 
3.31186E-03 1.08615E-02 2.25079E-02 3.63234E-02 5.01434E-02 3.13807E-01 6.02621E-01 2.41346E-02 1.08615E-02 3.31186E-03 5.27482E-01 
3.96444E-03 1.11380E-02 2.22212E-02 3.53041E-02 4.84537E-02 3.05224E-01 5.89866E-01 2.38108E-02 1.11380E-02 3.96444E-03 4.97537E-01 
4.53271E-03 1.13403E-02 2.18866E-02 3.42465E-02 4.67419E-02 2.96515E-01 5.76736E-01 2.34339E-02 1.13403E-02 4.53271E-03 4.67821E-01 
5.01976E-03 1.14719E-02 2.15076E-02 3.31561E-02 4.50144E-02 2.87704E-01 5.63264E-01 2.30077E-02 1.14719E-02 5.01976E-03 4.38555E-01 
5.42922E-03 1.15370E-02 2.10880E-02 3.20383E-02 4.32777E-02 2.78815E-01 5.49484E-01 2.25362E-02 1.15370E-02 5.42922E-03 4.09938E-01 
5.76525E-03 1.15401E-02 2.06320E-02 3.08988E-02 4.15382E-02 2.69872E-01 5.35432E-01 2.20239E-02 1.15401E-02 5.76525E-03 3.82147E-01 
6.03235E-03 1.14858E-02 2.01436E-02 2.97432E-02 3.98023E-02 2.60898E-01 5.21145E-01 2.14752E-02 1.14858E-02 6.03235E-03 3.55330E-01 
6.23535E-03 1.13793E-02 1.96274E-02 2.85774E-02 3.80760E-02 2.51917E-01 5.06662E-01 2.08948E-02 1.13793E-02 6.23535E-03 3.29609E-01 
6.37924E-03 1.12256E-02 1.90875E-02 2.74067E-02 3.63654E-02 2.42951E-01 4.92020E-01 2.02875E-02 1.12256E-02 6.37924E-03 3.05080E-01 
6.46916E-03 1.10300E-02 1.85282E-02 2.62365E-02 3.46760E-02 2.34024E-01 4.77259E-01 1.96579E-02 1.10300E-02 6.46916E-03 2.81812E-01 
1.27110E-04 2.68970E-03 1.59850E-02 3.92336E-02 6.12587E-02 4.10265E-01 7.46918E-01 1.79740E-02 2.68970E-03 1.27110E-04 7.40699E-01 
1.27110E-04 2.68970E-03 1.63869E-02 3.88865E-02 6.01650E-02 4.03982E-01 7.39251E-01 1.84001E-02 2.68970E-03 1.27110E-04 7.38948E-01 
1.27110E-04 4.54108E-04 1.67642E-02 3.85212E-02 5.90686E-02 3.97600E-01 7.31287E-01 1.87966E-02 4.54108E-04 1.27110E-04 7.33398E-01 
1.27110E-04 1.46716E-03 1.71172E-02 3.81375E-02 5.79683E-02 3.91113E-01 7.23016E-01 1.91639E-02 1.46716E-03 1.27110E-04 7.23963E-01 
1.27110E-04 2.42298E-03 1.74307E-02 3.77115E-02 5.68314E-02 3.84430E-01 7.14333E-01 1.94870E-02 2.42298E-03 1.27110E-04 7.12238E-01 
1.27110E-04 3.31928E-03 1.77035E-02 3.72435E-02 5.56596E-02 3.77559E-01 7.05243E-01 1.97645E-02 3.31928E-03 1.27110E-04 6.98346E-01 
1.27110E-04 4.15430E-03 1.79348E-02 3.67340E-02 5.44544E-02 3.70509E-01 6.95752E-01 1.99955E-02 4.15430E-03 1.27110E-04 6.82436E-01 
1.27110E-04 4.75745E-03 1.80848E-02 3.63117E-02 5.35003E-02 3.64938E-01 6.88140E-01 2.01418E-02 4.75745E-03 1.27110E-04 6.68848E-01 
1.27110E-04 4.92665E-03 1.81238E-02 3.61837E-02 5.32179E-02 3.63290E-01 6.85870E-01 2.01792E-02 4.92665E-03 1.27110E-04 6.64679E-01 
1.27110E-04 5.68817E-03 1.82799E-02 3.55459E-02 5.18520E-02 3.55330E-01 6.74790E-01 2.03238E-02 5.68817E-03 1.27110E-04 6.43682E-01 
1.27110E-04 6.37521E-03 1.83865E-02 3.48637E-02 5.04553E-02 3.47201E-01 6.63286E-01 2.04128E-02 6.37521E-03 1.27110E-04 6.21014E-01 
1.27110E-04 6.98783E-03 1.84440E-02 3.41391E-02 4.90307E-02 3.38919E-01 6.51374E-01 2.04465E-02 6.98783E-03 1.27110E-04 5.96945E-01 
1.27110E-04 7.52663E-03 1.84530E-02 3.33747E-02 4.75820E-02 3.30501E-01 6.39078E-01 2.04259E-02 7.52663E-03 1.27110E-04 5.71752E-01 
6.85131E-04 7.99678E-03 1.84240E-02 3.25901E-02 4.61368E-02 3.22060E-01 6.26558E-01 2.03618E-02 7.99678E-03 6.85131E-04 5.43882E-01 
1.43852E-03 8.39565E-03 1.83463E-02 3.17649E-02 4.46650E-02 3.13476E-01 6.13643E-01 2.02431E-02 8.39565E-03 1.43852E-03 5.15192E-01 
2.11311E-03 8.72378E-03 1.82193E-02 3.08983E-02 4.31655E-02 3.04746E-01 6.00323E-01 2.00695E-02 8.72378E-03 2.11311E-03 4.86323E-01 
2.71036E-03 8.98324E-03 1.80455E-02 2.99946E-02 4.16439E-02 2.95892E-01 5.86629E-01 1.98432E-02 8.98324E-03 2.71036E-03 4.57522E-01 
3.23238E-03 9.17670E-03 1.78275E-02 2.90584E-02 4.01058E-02 2.86936E-01 5.72592E-01 1.95673E-02 9.17670E-03 3.23238E-03 4.29020E-01 
3.68190E-03 9.30740E-03 1.75683E-02 2.80945E-02 3.85569E-02 2.77903E-01 5.58249E-01 1.92451E-02 9.30740E-03 3.68190E-03 4.01031E-01 
4.06219E-03 9.37899E-03 1.72713E-02 2.71080E-02 3.70032E-02 2.68817E-01 5.43635E-01 1.88802E-02 9.37899E-03 4.06219E-03 3.73743E-01 
4.37696E-03 9.39550E-03 1.69400E-02 2.61039E-02 3.54504E-02 2.59703E-01 5.28788E-01 1.84765E-02 9.39550E-03 4.37696E-03 3.47324E-01 
4.63025E-03 9.36126E-03 1.65780E-02 2.50875E-02 3.39042E-02 2.50583E-01 5.13748E-01 1.80382E-02 9.36126E-03 4.63025E-03 3.21911E-01 
4.82640E-03 9.28078E-03 1.61893E-02 2.40637E-02 3.23701E-02 2.41482E-01 4.98553E-01 1.75695E-02 9.28078E-03 4.82640E-03 2.97617E-01 
4.96991E-03 9.15869E-03 1.57776E-02 2.30375E-02 3.08534E-02 2.32423E-01 4.83244E-01 1.70747E-02 9.15869E-03 4.96991E-03 2.74528E-01 
5.06537E-03 8.99964E-03 1.53467E-02 2.20138E-02 2.93591E-02 2.23428E-01 4.67860E-01 1.65580E-02 8.99964E-03 5.06537E-03 2.52702E-01 
5.11740E-03 8.80824E-03 1.49001E-02 2.09970E-02 2.78916E-02 2.14518E-01 4.52441E-01 1.60236E-02 8.80824E-03 5.11740E-03 2.32176E-01 
1.04936E-04 2.29834E-03 1.19628E-02 3.32922E-02 5.23946E-02 3.99930E-01 7.50136E-01 1.44082E-02 2.29834E-03 1.04936E-04 6.99671E-01 
1.04936E-04 2.29834E-03 1.23846E-02 3.29448E-02 5.13545E-02 3.92921E-01 7.40818E-01 1.48386E-02 2.29834E-03 1.04936E-04 6.94223E-01 
1.04936E-04 3.90839E-04 1.27800E-02 3.25806E-02 5.03142E-02 3.85839E-01 7.31234E-01 1.52370E-02 3.90839E-04 1.04936E-04 6.85311E-01 
1.04936E-04 1.25881E-03 1.31497E-02 3.21998E-02 4.92729E-02 3.78680E-01 7.21377E-01 1.56039E-02 1.25881E-03 1.04936E-04 6.72910E-01 
1.04936E-04 2.07234E-03 1.34811E-02 3.17809E-02 4.82007E-02 3.71344E-01 7.11123E-01 1.59272E-02 2.07234E-03 1.04936E-04 6.58449E-01 
1.04936E-04 2.82988E-03 1.37736E-02 3.13245E-02 4.70997E-02 3.63843E-01 7.00482E-01 1.62057E-02 2.82988E-03 1.04936E-04 6.42086E-01 
1.04936E-04 3.53035E-03 1.40264E-02 3.08317E-02 4.59718E-02 3.56188E-01 6.89467E-01 1.64390E-02 3.53035E-03 1.04936E-04 6.23997E-01 
1.04936E-04 4.03272E-03 1.41947E-02 3.04260E-02 4.50820E-02 3.50167E-01 6.80695E-01 1.65882E-02 4.03272E-03 1.04936E-04 6.08939E-01 
1.04936E-04 4.17305E-03 1.42394E-02 3.03035E-02 4.48192E-02 3.48392E-01 6.78090E-01 1.66266E-02 4.17305E-03 1.04936E-04 6.04376E-01 
1.04936E-04 4.80097E-03 1.44244E-02 2.96961E-02 4.35515E-02 3.39843E-01 6.65438E-01 1.67778E-02 4.80097E-03 1.04936E-04 5.81741E-01 
1.04936E-04 5.36154E-03 1.45634E-02 2.90513E-02 4.22611E-02 3.31163E-01 6.52405E-01 1.68763E-02 5.36154E-03 1.04936E-04 5.57836E-01 
1.04936E-04 5.85545E-03 1.46571E-02 2.83716E-02 4.09513E-02 3.22369E-01 6.39017E-01 1.69230E-02 5.85545E-03 1.04936E-04 5.32934E-01 
1.04936E-04 6.28387E-03 1.47064E-02 2.76596E-02 3.96256E-02 3.13479E-01 6.25300E-01 1.69191E-02 6.28387E-03 1.04936E-04 5.07310E-01 
5.64244E-04 6.65189E-03 1.47199E-02 2.69331E-02 3.83086E-02 3.04614E-01 6.11430E-01 1.68739E-02 6.65189E-03 5.64244E-04 4.79680E-01 
1.18045E-03 6.95777E-03 1.46899E-02 2.61744E-02 3.69744E-02 2.95648E-01 5.97223E-01 1.67791E-02 6.95777E-03 1.18045E-03 4.51638E-01 
1.72772E-03 7.20262E-03 1.46164E-02 2.53836E-02 3.56223E-02 2.86580E-01 5.82671E-01 1.66350E-02 7.20262E-03 1.72772E-03 4.23749E-01 
2.20792E-03 7.38879E-03 1.45017E-02 2.45647E-02 3.42574E-02 2.77432E-01 5.67809E-01 1.64440E-02 7.38879E-03 2.20792E-03 3.96236E-01 
2.62344E-03 7.51916E-03 1.43485E-02 2.37222E-02 3.28850E-02 2.68230E-01 5.52675E-01 1.62092E-02 7.51916E-03 2.62344E-03 3.69302E-01 
2.97717E-03 7.59701E-03 1.41594E-02 2.28606E-02 3.15105E-02 2.58998E-01 5.37305E-01 1.59337E-02 7.59701E-03 2.97717E-03 3.43128E-01 
3.27240E-03 7.62593E-03 1.39377E-02 2.19845E-02 3.01389E-02 2.49760E-01 5.21741E-01 1.56212E-02 7.62593E-03 3.27240E-03 3.17868E-01 
3.51275E-03 7.60980E-03 1.36864E-02 2.10985E-02 2.87755E-02 2.40542E-01 5.06023E-01 1.52753E-02 7.60980E-03 3.51275E-03 2.93650E-01 
3.70210E-03 7.55267E-03 1.34090E-02 2.02071E-02 2.74251E-02 2.31366E-01 4.90192E-01 1.48999E-02 7.55267E-03 3.70210E-03 2.70577E-01 
3.84446E-03 7.45867E-03 1.31088E-02 1.93149E-02 2.60924E-02 2.22256E-01 4.74290E-01 1.44989E-02 7.45867E-03 3.84446E-03 2.48724E-01 
3.94395E-03 7.33198E-03 1.27889E-02 1.84260E-02 2.47817E-02 2.13233E-01 4.58356E-01 1.40762E-02 7.33198E-03 3.94395E-03 2.28140E-01 
4.00472E-03 7.17673E-03 1.24527E-02 1.75445E-02 2.34971E-02 2.04320E-01 4.42432E-01 1.36356E-02 7.17673E-03 4.00472E-03 2.08853E-01 
4.03083E-03 6.99695E-03 1.21032E-02 1.66741E-02 2.22421E-02 1.95534E-01 4.26556E-01 1.31808E-02 6.99695E-03 4.03083E-03 1.90867E-01 
8.58001E-05 1.94330E-03 8.71297E-03 2.78870E-02 4.41696E-02 3.87333E-01 7.48746E-01 1.16566E-02 1.94330E-03 8.58001E-05 6.62369E-01 
8.58001E-05 1.94330E-03 9.14972E-03 2.75520E-02 4.32074E-02 3.79670E-01 7.37821E-01 1.20800E-02 1.94330E-03 8.58001E-05 6.53080E-01 
8.58001E-05 3.32855E-04 9.55915E-03 2.72021E-02 4.22470E-02 3.71964E-01 7.26672E-01 1.24698E-02 3.32855E-04 8.58001E-05 6.40735E-01 
8.58001E-05 1.06871E-03 9.94215E-03 2.68377E-02 4.12879E-02 3.64211E-01 7.15291E-01 1.28270E-02 1.06871E-03 8.58001E-05 6.25358E-01 
8.58001E-05 1.75384E-03 1.02887E-02 2.64395E-02 4.03035E-02 3.56306E-01 7.03538E-01 1.31415E-02 1.75384E-03 8.58001E-05 6.08222E-01 
8.58001E-05 2.38729E-03 1.05982E-02 2.60086E-02 3.92957E-02 3.48264E-01 6.91428E-01 1.34126E-02 2.38729E-03 8.58001E-05 5.89508E-01 
8.58001E-05 2.96859E-03 1.08705E-02 2.55463E-02 3.82669E-02 3.40097E-01 6.78978E-01 1.36401E-02 2.96859E-03 8.58001E-05 5.69414E-01 
8.58001E-05 3.38245E-03 1.10556E-02 2.51679E-02 3.74577E-02 3.33702E-01 6.69122E-01 1.37863E-02 3.38245E-03 8.58001E-05 5.53049E-01 
8.58001E-05 3.49754E-03 1.11055E-02 2.50539E-02 3.72192E-02 3.31821E-01 6.66205E-01 1.38241E-02 3.49754E-03 8.58001E-05 5.48146E-01 
8.58001E-05 4.00947E-03 1.13173E-02 2.44913E-02 3.60713E-02 3.22791E-01 6.52095E-01 1.39741E-02 4.00947E-03 8.58001E-05 5.24146E-01 
8.58001E-05 4.46149E-03 1.14866E-02 2.38980E-02 3.49075E-02 3.13671E-01 6.37661E-01 1.40746E-02 4.46149E-03 8.58001E-05 4.99301E-01 
8.58001E-05 4.85474E-03 1.16143E-02 2.32764E-02 3.37312E-02 3.04479E-01 6.22930E-01 1.41269E-02 4.85474E-03 8.58001E-05 4.73881E-01 
8.58001E-05 5.19081E-03 1.17014E-02 2.26294E-02 3.25457E-02 2.95236E-01 6.07933E-01 1.41323E-02 5.19081E-03 8.58001E-05 4.48145E-01 
4.60226E-04 5.47452E-03 1.17548E-02 2.19725E-02 3.13726E-02 2.86063E-01 5.92864E-01 1.40990E-02 5.47452E-03 4.60226E-04 4.21035E-01 
9.59349E-04 5.70491E-03 1.17693E-02 2.12910E-02 3.01896E-02 2.76835E-01 5.77523E-01 1.40209E-02 5.70491E-03 9.59349E-04 3.93899E-01 
1.39899E-03 5.88342E-03 1.17453E-02 2.05852E-02 2.89964E-02 2.67548E-01 5.61903E-01 1.38987E-02 5.88342E-03 1.39899E-03 3.67226E-01 
1.78122E-03 6.01256E-03 1.16849E-02 1.98590E-02 2.77979E-02 2.58229E-01 5.46045E-01 1.37349E-02 6.01256E-03 1.78122E-03 3.41208E-01 
2.10858E-03 6.09522E-03 1.15906E-02 1.91166E-02 2.65987E-02 2.48902E-01 5.29988E-01 1.35325E-02 6.09522E-03 2.10858E-03 3.16013E-01 
2.38395E-03 6.13460E-03 1.14649E-02 1.83620E-02 2.54034E-02 2.39592E-01 5.13775E-01 1.32946E-02 6.13460E-03 2.38395E-03 2.91784E-01 
2.61053E-03 6.13413E-03 1.13106E-02 1.75993E-02 2.42167E-02 2.30323E-01 4.97447E-01 1.30246E-02 6.13413E-03 2.61053E-03 2.68639E-01 
2.79176E-03 6.09740E-03 1.11305E-02 1.68326E-02 2.30429E-02 2.21119E-01 4.81048E-01 1.27260E-02 6.09740E-03 2.79176E-03 2.46667E-01 
2.93119E-03 6.02809E-03 1.09274E-02 1.60659E-02 2.18861E-02 2.12004E-01 4.64619E-01 1.24024E-02 6.02809E-03 2.93119E-03 2.25933E-01 
3.03250E-03 5.92991E-03 1.07043E-02 1.53028E-02 2.07501E-02 2.02998E-01 4.48202E-01 1.20572E-02 5.92991E-03 3.03250E-03 2.06477E-01 
3.09936E-03 5.80654E-03 1.04639E-02 1.45469E-02 1.96384E-02 1.94122E-01 4.31838E-01 1.16939E-02 5.80654E-03 3.09936E-03 1.88316E-01 
3.13541E-03 5.66155E-03 1.02089E-02 1.38016E-02 1.85543E-02 1.85395E-01 4.15567E-01 1.13161E-02 5.66155E-03 3.13541E-03 1.71446E-01 
3.14420E-03 5.49841E-03 9.94189E-03 1.30697E-02 1.75005E-02 1.76835E-01 3.99427E-01 1.09269E-02 5.49841E-03 3.14420E-03 1.55847E-01 
6.95947E-05 1.62669E-03 6.20249E-03 2.31034E-02 3.67838E-02 3.72696E-01 7.42676E-01 9.66378E-03 1.62669E-03 6.95947E-05 6.26885E-01 
6.95947E-05 1.62669E-03 6.64709E-03 2.27891E-02 3.59133E-02 3.64474E-01 7.30242E-01 1.00661E-02 1.62669E-03 6.95947E-05 6.13864E-01 
6.95947E-05 2.80573E-04 7.06433E-03 2.24620E-02 3.50465E-02 3.56243E-01 7.17633E-01 1.04346E-02 2.80573E-04 6.95947E-05 5.98256E-01 
6.95947E-05 8.98139E-04 7.45525E-03 2.21227E-02 3.41830E-02 3.47997E-01 7.04841E-01 1.07703E-02 8.98139E-04 6.95947E-05 5.80118E-01 
6.95947E-05 1.46941E-03 7.81191E-03 2.17541E-02 3.32990E-02 3.39629E-01 6.91711E-01 1.10649E-02 1.46941E-03 6.95947E-05 5.60573E-01 
6.95947E-05 1.99395E-03 8.13398E-03 2.13576E-02 3.23967E-02 3.31153E-01 6.78261E-01 1.13182E-02 1.99395E-03 6.95947E-05 5.39819E-01 
6.95947E-05 2.47169E-03 8.42136E-03 2.09346E-02 3.14783E-02 3.22586E-01 6.64513E-01 1.15301E-02 2.47169E-03 6.95947E-05 5.18061E-01 
6.95947E-05 2.80935E-03 8.61999E-03 2.05900E-02 3.07581E-02 3.15904E-01 6.53684E-01 1.16659E-02 2.80935E-03 6.95947E-05 5.00671E-01 
6.95947E-05 2.90285E-03 8.67417E-03 2.04865E-02 3.05461E-02 3.13943E-01 6.50488E-01 1.17010E-02 2.90285E-03 6.95947E-05 4.95510E-01 
6.95947E-05 3.31618E-03 8.90841E-03 1.99774E-02 2.95282E-02 3.04557E-01 6.35084E-01 1.18401E-02 3.31618E-03 6.95947E-05 4.70550E-01 
6.95947E-05 3.67707E-03 9.10352E-03 1.94435E-02 2.85001E-02 2.95123E-01 6.19418E-01 1.19333E-02 3.67707E-03 6.95947E-05 4.45173E-01 
6.95947E-05 3.98696E-03 9.26049E-03 1.88875E-02 2.74648E-02 2.85661E-01 6.03522E-01 1.19819E-02 3.98696E-03 6.95947E-05 4.19632E-01 
6.95947E-05 4.24765E-03 9.38051E-03 1.83119E-02 2.64256E-02 2.76192E-01 5.87430E-01 1.19878E-02 4.24765E-03 6.95947E-05 3.94161E-01 
3.72407E-04 4.46362E-03 9.46873E-03 1.77303E-02 2.54009E-02 2.66839E-01 5.71348E-01 1.19578E-02 4.46362E-03 3.72407E-04 3.67885E-01 
7.73529E-04 4.63447E-03 9.52195E-03 1.71304E-02 2.43719E-02 2.57475E-01 5.55064E-01 1.18876E-02 4.63447E-03 7.73529E-04 3.41932E-01 
1.12396E-03 4.76184E-03 9.54092E-03 1.65127E-02 2.33387E-02 2.48097E-01 5.38573E-01 1.17782E-02 4.76184E-03 1.12396E-03 3.16711E-01 
1.42587E-03 4.84822E-03 9.52756E-03 1.58810E-02 2.23054E-02 2.38732E-01 5.21919E-01 1.16323E-02 4.84822E-03 1.42587E-03 2.92377E-01 
1.68176E-03 4.89643E-03 9.48396E-03 1.52388E-02 2.12762E-02 2.29403E-01 5.05145E-01 1.14525E-02 4.89643E-03 1.68176E-03 2.69063E-01 
1.89443E-03 4.90945E-03 9.41242E-03 1.45898E-02 2.02551E-02 2.20137E-01 4.88293E-01 1.12419E-02 4.90945E-03 1.89443E-03 2.46872E-01 
2.06687E-03 4.89045E-03 9.31530E-03 1.39376E-02 1.92460E-02 2.10955E-01 4.71409E-01 1.10037E-02 4.89045E-03 2.06687E-03 2.25885E-01 
2.20223E-03 4.84268E-03 9.19502E-03 1.32856E-02 1.82524E-02 2.01881E-01 4.54535E-01 1.07410E-02 4.84268E-03 2.20223E-03 2.06153E-01 
2.30373E-03 4.76939E-03 9.05404E-03 1.26372E-02 1.72778E-02 1.92936E-01 4.37715E-01 1.04571E-02 4.76939E-03 2.30373E-03 1.87707E-01 
2.37463E-03 4.67384E-03 8.89478E-03 1.19954E-02 1.63252E-02 1.84140E-01 4.20988E-01 1.01553E-02 4.67384E-03 2.37463E-03 1.70554E-01 
2.41813E-03 4.55919E-03 8.71958E-03 1.13631E-02 1.53975E-02 1.75511E-01 4.04396E-01 9.83854E-03 4.55919E-03 2.41813E-03 1.54683E-01 
2.43739E-03 4.42849E-03 8.53073E-03 1.07430E-02 1.44970E-02 1.67067E-01 3.87976E-01 9.50995E-03 4.42849E-03 2.43739E-03 1.40066E-01 
2.43542E-03 4.28463E-03 8.33035E-03 1.01374E-02 1.36258E-02 1.58823E-01 3.71764E-01 9.17237E-03 4.28463E-03 2.43542E-03 1.26660E-01 
5.59033E-05 1.34517E-03 4.32140E-03 1.89078E-02 3.02415E-02 3.56090E-01 7.31973E-01 8.29938E-03 1.34517E-03 5.59033E-05 5.91159E-01 
5.59033E-05 1.34517E-03 4.76712E-03 1.86190E-02 2.94695E-02 3.47416E-01 7.18151E-01 8.66679E-03 1.34517E-03 5.59033E-05 5.74710E-01 
5.59033E-05 2.33557E-04 5.18623E-03 1.83199E-02 2.87027E-02 3.38767E-01 7.04210E-01 9.00109E-03 2.33557E-04 5.59033E-05 5.56188E-01 
5.59033E-05 7.45502E-04 5.57979E-03 1.80110E-02 2.79407E-02 3.30140E-01 6.90141E-01 9.30356E-03 7.45502E-04 5.59033E-05 5.35668E-01 
5.59033E-05 1.21615E-03 5.94167E-03 1.76775E-02 2.71627E-02 3.21421E-01 6.75773E-01 9.56729E-03 1.21615E-03 5.59033E-05 5.14128E-01 
5.59033E-05 1.64540E-03 6.27163E-03 1.73206E-02 2.63710E-02 3.12627E-01 6.61131E-01 9.79226E-03 1.64540E-03 5.59033E-05 4.91770E-01 
5.59033E-05 2.03350E-03 6.56965E-03 1.69420E-02 2.55674E-02 3.03776E-01 6.46240E-01 9.97877E-03 2.03350E-03 5.59033E-05 4.68798E-01 
5.59033E-05 2.30586E-03 6.77842E-03 1.66349E-02 2.49389E-02 2.96899E-01 6.34562E-01 1.00970E-02 2.30586E-03 5.59033E-05 4.50733E-01 
5.59033E-05 2.38094E-03 6.83589E-03 1.65430E-02 2.47542E-02 2.94885E-01 6.31124E-01 1.01273E-02 2.38094E-03 5.59033E-05 4.45418E-01 
5.59033E-05 2.71087E-03 7.08777E-03 1.60920E-02 2.38692E-02 2.85273E-01 6.14606E-01 1.02459E-02 2.71087E-03 5.59033E-05 4.19978E-01 
5.59033E-05 2.99570E-03 7.30380E-03 1.56217E-02 2.29784E-02 2.75655E-01 5.97894E-01 1.03224E-02 2.99570E-03 5.59033E-05 3.94533E-01 
5.59033E-05 3.23700E-03 7.48491E-03 1.51345E-02 2.20846E-02 2.66053E-01 5.81023E-01 1.03585E-02 3.23700E-03 5.59033E-05 3.69305E-01 
5.59033E-05 3.43665E-03 7.63223E-03 1.46328E-02 2.11907E-02 2.56488E-01 5.64031E-01 1.03560E-02 3.43665E-03 5.59033E-05 3.44498E-01 
2.98444E-04 3.59871E-03 7.74950E-03 1.41281E-02 2.03124E-02 2.47082E-01 5.47132E-01 1.03210E-02 3.59871E-03 2.98444E-04 3.19386E-01 
6.17750E-04 3.72318E-03 7.83512E-03 1.36104E-02 1.94338E-02 2.37708E-01 5.30106E-01 1.02503E-02 3.72318E-03 6.17750E-04 2.94892E-01 
8.94463E-04 3.81174E-03 7.88995E-03 1.30804E-02 1.85553E-02 2.28363E-01 5.12948E-01 1.01452E-02 3.81174E-03 8.94463E-04 2.71349E-01 
1.13071E-03 3.86681E-03 7.91563E-03 1.25413E-02 1.76804E-02 2.19073E-01 4.95704E-01 1.00081E-02 3.86681E-03 1.13071E-03 2.48877E-01 
1.32889E-03 3.89097E-03 7.91398E-03 1.19962E-02 1.68126E-02 2.09862E-01 4.78419E-01 9.84178E-03 3.89097E-03 1.32889E-03 2.27567E-01 
1.49159E-03 3.88695E-03 7.88693E-03 1.14483E-02 1.59554E-02 2.00754E-01 4.61137E-01 9.64898E-03 3.88695E-03 1.49159E-03 2.07487E-01 
1.62154E-03 3.85758E-03 7.83647E-03 1.09006E-02 1.51120E-02 1.91771E-01 4.43903E-01 9.43261E-03 3.85758E-03 1.62154E-03 1.88679E-01 
1.72155E-03 3.80572E-03 7.76465E-03 1.03560E-02 1.42852E-02 1.82934E-01 4.26760E-01 9.19561E-03 3.80572E-03 1.72155E-03 1.71163E-01 
1.79446E-03 3.73420E-03 7.67353E-03 9.81731E-03 1.34778E-02 1.74262E-01 4.09750E-01 8.94090E-03 3.73420E-03 1.79446E-03 1.54936E-01 
1.84309E-03 3.64579E-03 7.56512E-03 9.28694E-03 1.26921E-02 1.65773E-01 3.92913E-01 8.67135E-03 3.64579E-03 1.84309E-03 1.39980E-01 
1.87020E-03 3.54317E-03 7.44139E-03 8.76720E-03 1.19304E-02 1.57484E-01 3.76287E-01 8.38974E-03 3.54317E-03 1.87020E-03 1.26260E-01 
1.87845E-03 3.42887E-03 7.30423E-03 8.26010E-03 1.11943E-02 1.49408E-01 3.59908E-01 8.09870E-03 3.42887E-03 1.87845E-03 1.13727E-01 
1.87038E-03 3.30527E-03 7.15543E-03 7.76742E-03 1.04854E-02 1.41558E-01 3.43809E-01 7.80075E-03 3.30527E-03 1.87038E-03 1.02324E-01 
4.44392E-05 1.09753E-03 2.97644E-03 1.52764E-02 2.45472E-02 3.37694E-01 7.16783E-01 7.44117E-03 1.09753E-03 4.44392E-05 5.53937E-01 
4.44392E-05 1.09753E-03 3.41822E-03 1.50157E-02 2.38746E-02 3.28686E-01 7.01721E-01 7.76146E-03 1.09753E-03 4.44392E-05 5.34558E-01 
4.44392E-05 1.91738E-04 3.83465E-03 1.47473E-02 2.32082E-02 3.19740E-01 6.86600E-01 8.05053E-03 1.91738E-04 4.44392E-05 5.13638E-01 
4.44392E-05 6.10398E-04 4.22674E-03 1.44717E-02 2.25480E-02 3.10850E-01 6.71410E-01 8.30964E-03 6.10398E-04 4.44392E-05 4.91261E-01 
4.44392E-05 9.93057E-04 4.58989E-03 1.41759E-02 2.18759E-02 3.01901E-01 6.55970E-01 8.53298E-03 9.93057E-04 4.44392E-05 4.68262E-01 
4.44392E-05 1.33985E-03 4.92385E-03 1.38612E-02 2.11937E-02 2.92913E-01 6.40306E-01 8.72074E-03 1.33985E-03 4.44392E-05 4.44837E-01 
4.44392E-05 1.65121E-03 5.22861E-03 1.35291E-02 2.05034E-02 2.83902E-01 6.24446E-01 8.87334E-03 1.65121E-03 4.44392E-05 4.21181E-01 
4.44392E-05 1.86820E-03 5.44443E-03 1.32610E-02 1.99650E-02 2.76925E-01 6.12058E-01 8.96771E-03 1.86820E-03 4.44392E-05 4.02838E-01 
4.44392E-05 1.92777E-03 5.50426E-03 1.31810E-02 1.98070E-02 2.74886E-01 6.08418E-01 8.99145E-03 1.92777E-03 4.44392E-05 3.97482E-01 
4.44392E-05 2.18796E-03 5.76923E-03 1.27896E-02 1.90515E-02 2.65180E-01 5.90984E-01 9.08115E-03 2.18796E-03 4.44392E-05 3.72087E-01 
4.44392E-05 2.41006E-03 6.00131E-03 1.23836E-02 1.82936E-02 2.55510E-01 5.73429E-01 9.13312E-03 2.41006E-03 4.44392E-05 3.47058E-01 
4.44392E-05 2.59565E-03 6.20128E-03 1.19651E-02 1.75358E-02 2.45899E-01 5.55789E-01 9.14897E-03 2.59565E-03 4.44392E-05 3.22583E-01 
4.44392E-05 2.74658E-03 6.37013E-03 1.15365E-02 1.67806E-02 2.36366E-01 5.38103E-01 9.13055E-03 2.74658E-03 4.44392E-05 2.98828E-01 
2.36707E-04 2.86641E-03 6.51036E-03 1.11072E-02 1.60411E-02 2.27032E-01 5.20596E-01 9.08320E-03 2.86641E-03 2.36707E-04 2.75187E-01 
4.88319E-04 2.95541E-03 6.62161E-03 1.06691E-02 1.53041E-02 2.17770E-01 5.03037E-01 9.00469E-03 2.95541E-03 4.88319E-04 2.52402E-01 
7.04663E-04 3.01524E-03 6.70476E-03 1.02230E-02 1.45701E-02 2.08577E-01 4.85421E-01 8.89634E-03 3.01524E-03 7.04663E-04 2.30732E-01 
8.87742E-04 3.04809E-03 6.76115E-03 9.77161E-03 1.38420E-02 1.99479E-01 4.67797E-01 8.76050E-03 3.04809E-03 8.87742E-04 2.10258E-01 
1.03975E-03 3.05631E-03 6.79228E-03 9.31761E-03 1.31228E-02 1.90498E-01 4.50210E-01 8.59965E-03 3.05631E-03 1.03975E-03 1.91036E-01 
1.16303E-03 3.04229E-03 6.79974E-03 8.86365E-03 1.24152E-02 1.81657E-01 4.32705E-01 8.41639E-03 3.04229E-03 1.16303E-03 1.73097E-01 
1.25998E-03 3.00852E-03 6.78519E-03 8.41223E-03 1.17219E-02 1.72975E-01 4.15326E-01 8.21336E-03 3.00852E-03 1.25998E-03 1.56452E-01 
1.33306E-03 2.95742E-03 6.75033E-03 7.96571E-03 1.10452E-02 1.64471E-01 3.98115E-01 7.99323E-03 2.95742E-03 1.33306E-03 1.41091E-01 
1.38472E-03 2.89142E-03 6.69686E-03 7.52624E-03 1.03872E-02 1.56164E-01 3.81113E-01 7.75859E-03 2.89142E-03 1.38472E-03 1.26986E-01 
1.41736E-03 2.81282E-03 6.62646E-03 7.09580E-03 9.74957E-03 1.48067E-01 3.64356E-01 7.51201E-03 2.81282E-03 1.41736E-03 1.14095E-01 
1.43329E-03 2.72384E-03 6.54080E-03 6.67613E-03 9.13403E-03 1.40196E-01 3.47882E-01 7.25591E-03 2.72384E-03 1.43329E-03 1.02367E-01 
1.43473E-03 2.62655E-03 6.44147E-03 6.26875E-03 8.54181E-03 1.32560E-01 3.31722E-01 6.99261E-03 2.62655E-03 1.43473E-03 9.17386E-02 
1.42376E-03 2.52286E-03 6.32998E-03 5.87495E-03 7.97390E-03 1.25171E-01 3.15907E-01 6.72428E-03 2.52286E-03 1.42376E-03 8.21419E-02 
3.49102E-05 8.81934E-04 2.08219E-03 1.21643E-02 1.96591E-02 3.17677E-01 6.97273E-01 6.96941E-03 8.81934E-04 3.49102E-05 5.14473E-01 
3.49102E-05 8.81934E-04 2.51697E-03 1.19329E-02 1.90825E-02 3.08462E-01 6.81139E-01 7.23313E-03 8.81934E-04 3.49102E-05 4.92800E-01 
3.49102E-05 1.54937E-04 2.92790E-03 1.16964E-02 1.85133E-02 2.99343E-01 6.65010E-01 7.46836E-03 1.54937E-04 3.49102E-05 4.70117E-01 
3.49102E-05 4.92063E-04 3.31579E-03 1.14550E-02 1.79511E-02 2.90316E-01 6.48875E-01 7.67628E-03 4.92063E-04 3.49102E-05 4.46504E-01 
3.49102E-05 7.98564E-04 3.67741E-03 1.11978E-02 1.73804E-02 2.81264E-01 6.32541E-01 7.85191E-03 7.98564E-04 3.49102E-05 4.22654E-01 
3.49102E-05 1.07471E-03 4.01241E-03 1.09258E-02 1.68031E-02 2.72206E-01 6.16039E-01 7.99554E-03 1.07471E-03 3.49102E-05 3.98753E-01 
3.49102E-05 1.32100E-03 4.32068E-03 1.06404E-02 1.62206E-02 2.63160E-01 5.99398E-01 8.10772E-03 1.32100E-03 3.49102E-05 3.74976E-01 
3.49102E-05 1.49152E-03 4.54085E-03 1.04112E-02 1.57675E-02 2.56180E-01 5.86448E-01 8.17339E-03 1.49152E-03 3.49102E-05 3.56769E-01 
3.49102E-05 1.53813E-03 4.60222E-03 1.03429E-02 1.56348E-02 2.54144E-01 5.82651E-01 8.18917E-03 1.53813E-03 3.49102E-05 3.51489E-01 
3.49102E-05 1.74058E-03 4.87604E-03 1.00102E-02 1.50012E-02 2.44477E-01 5.64510E-01 8.24362E-03 1.74058E-03 3.49102E-05 3.26662E-01 
3.49102E-05 1.91146E-03 5.11942E-03 9.66687E-03 1.43679E-02 2.34887E-01 5.46322E-01 8.26483E-03 1.91146E-03 3.49102E-05 3.02521E-01 
3.49102E-05 2.05231E-03 5.33296E-03 9.31488E-03 1.37369E-02 2.25393E-01 5.28125E-01 8.25439E-03 2.05231E-03 3.49102E-05 2.79213E-01 
3.49102E-05 2.16481E-03 5.51744E-03 8.95615E-03 1.31102E-02 2.16018E-01 5.09961E-01 8.21413E-03 2.16481E-03 3.49102E-05 2.56863E-01 
1.85550E-04 2.25201E-03 5.67430E-03 8.59850E-03 1.24984E-02 2.06875E-01 4.92056E-01 8.14881E-03 2.25201E-03 1.85550E-04 2.34963E-01 
3.81557E-04 2.31437E-03 5.80413E-03 8.23538E-03 1.18911E-02 1.97841E-01 4.74173E-01 8.05673E-03 2.31437E-03 3.81557E-04 2.14091E-01 
5.48815E-04 2.35341E-03 5.90776E-03 7.86752E-03 1.12885E-02 1.88914E-01 4.56311E-01 7.93923E-03 2.35341E-03 5.48815E-04 1.94442E-01 
6.89139E-04 2.37109E-03 5.98624E-03 7.49721E-03 1.06930E-02 1.80115E-01 4.38516E-01 7.79848E-03 2.37109E-03 6.89139E-04 1.76059E-01 
8.04482E-04 2.36943E-03 6.04077E-03 7.12668E-03 1.01072E-02 1.71467E-01 4.20833E-01 7.63678E-03 2.36943E-03 8.04482E-04 1.58964E-01 
8.96882E-04 2.35053E-03 6.07263E-03 6.75807E-03 9.53313E-03 1.62989E-01 4.03307E-01 7.45649E-03 2.35053E-03 8.96882E-04 1.43159E-01 
9.68424E-04 2.31645E-03 6.08320E-03 6.39339E-03 8.97289E-03 1.54700E-01 3.85981E-01 7.26002E-03 2.31645E-03 9.68424E-04 1.28626E-01 
1.02120E-03 2.26926E-03 6.07387E-03 6.03448E-03 8.42827E-03 1.46617E-01 3.68895E-01 7.04971E-03 2.26926E-03 1.02120E-03 1.15330E-01 
1.05726E-03 2.21095E-03 6.04609E-03 5.68302E-03 7.90083E-03 1.38754E-01 3.52087E-01 6.82791E-03 2.21095E-03 1.05726E-03 1.03226E-01 
1.07861E-03 2.14342E-03 6.00128E-03 5.34052E-03 7.39192E-03 1.31123E-01 3.35592E-01 6.59684E-03 2.14342E-03 1.07861E-03 9.22541E-02 
1.08716E-03 2.06846E-03 5.94087E-03 5.00826E-03 6.90264E-03 1.23736E-01 3.19443E-01 6.35864E-03 2.06846E-03 1.08716E-03 8.23499E-02 
1.08472E-03 1.98772E-03 5.86624E-03 4.68734E-03 6.43385E-03 1.16601E-01 3.03668E-01 6.11532E-03 1.98772E-03 1.08472E-03 7.34424E-02 
1.07296E-03 1.90272E-03 5.77874E-03 4.37866E-03 5.98620E-03 1.09727E-01 2.88293E-01 5.86875E-03 1.90272E-03 1.07296E-03 6.54581E-02 
2.70877E-05 6.97213E-04 1.57507E-03 9.53343E-03 1.55343E-02 2.96321E-01 6.73740E-01 6.77795E-03 6.97213E-04 2.70877E-05 4.72715E-01 
2.70877E-05 6.97213E-04 2.00150E-03 9.33138E-03 1.50476E-02 2.87030E-01 6.56722E-01 6.97887E-03 6.97213E-04 2.70877E-05 4.49487E-01 
2.70877E-05 1.23088E-04 2.40542E-03 9.12661E-03 1.45689E-02 2.77869E-01 6.39774E-01 7.15470E-03 1.23088E-04 2.70877E-05 4.25749E-01 
2.70877E-05 3.90099E-04 2.78744E-03 8.91935E-03 1.40979E-02 2.68833E-01 6.22887E-01 7.30643E-03 3.90099E-04 2.70877E-05 4.01569E-01 
2.70877E-05 6.31714E-04 3.14545E-03 8.70006E-03 1.36214E-02 2.59804E-01 6.05855E-01 7.42966E-03 6.31714E-04 2.70877E-05 3.77510E-01 
2.70877E-05 8.48244E-04 3.47900E-03 8.46977E-03 1.31409E-02 2.50803E-01 5.88712E-01 7.52477E-03 8.48244E-04 2.70877E-05 3.53736E-01 
2.70877E-05 1.04020E-03 3.78781E-03 8.22957E-03 1.26578E-02 2.41847E-01 5.71491E-01 7.59234E-03 1.04020E-03 2.70877E-05 3.30395E-01 
2.70877E-05 1.17227E-03 4.00969E-03 8.03765E-03 1.22830E-02 2.34960E-01 5.58134E-01 7.62620E-03 1.17227E-03 2.70877E-05 3.12721E-01 
2.70877E-05 1.20824E-03 4.07175E-03 7.98062E-03 1.21734E-02 2.32954E-01 5.54225E-01 7.63313E-03 1.20824E-03 2.70877E-05 3.07627E-01 
2.70877E-05 1.36358E-03 4.35007E-03 7.70377E-03 1.16513E-02 2.23455E-01 5.35596E-01 7.64818E-03 1.36358E-03 2.70877E-05 2.83858E-01 
2.70877E-05 1.49329E-03 4.59971E-03 7.41969E-03 1.11312E-02 2.14069E-01 5.16994E-01 7.63456E-03 1.49329E-03 2.70877E-05 2.61029E-01 
2.70877E-05 1.59874E-03 4.82109E-03 7.12997E-03 1.06147E-02 2.04816E-01 4.98460E-01 7.59384E-03 1.59874E-03 2.70877E-05 2.39245E-01 
2.70877E-05 1.68143E-03 5.01478E-03 6.83623E-03 1.01036E-02 1.95714E-01 4.80033E-01 7.52774E-03 1.68143E-03 2.70877E-05 2.18592E-01 
1.43679E-04 1.74391E-03 5.18135E-03 6.54470E-03 9.60632E-03 1.86875E-01 4.61942E-01 7.44059E-03 1.74391E-03 1.43679E-04 1.98639E-01 
2.94561E-04 1.78670E-03 5.32211E-03 6.25021E-03 9.11440E-03 1.78176E-01 4.43947E-01 7.33096E-03 1.78670E-03 2.94561E-04 1.79824E-01 
4.22383E-04 1.81118E-03 5.43778E-03 5.95342E-03 8.62810E-03 1.69615E-01 4.26045E-01 7.20011E-03 1.81118E-03 4.22383E-04 1.62281E-01 
5.28735E-04 1.81900E-03 5.52919E-03 5.65617E-03 8.14944E-03 1.61212E-01 4.08282E-01 7.05006E-03 1.81900E-03 5.28735E-04 1.46023E-01 
6.15301E-04 1.81191E-03 5.59726E-03 5.36025E-03 7.68028E-03 1.52988E-01 3.90704E-01 6.88291E-03 1.81191E-03 6.15301E-04 1.31042E-01 
6.83816E-04 1.79163E-03 5.64306E-03 5.06734E-03 7.22234E-03 1.44959E-01 3.73352E-01 6.70077E-03 1.79163E-03 6.83816E-04 1.17314E-01 
7.36036E-04 1.75991E-03 5.66773E-03 4.77900E-03 6.77717E-03 1.37141E-01 3.56267E-01 6.50579E-03 1.75991E-03 7.36036E-04 1.04800E-01 
7.73699E-04 1.71841E-03 5.67245E-03 4.49665E-03 6.34611E-03 1.29550E-01 3.39488E-01 6.30007E-03 1.71841E-03 7.73699E-04 9.34478E-02 
7.98504E-04 1.66875E-03 5.65849E-03 4.22155E-03 5.93032E-03 1.22196E-01 3.23049E-01 6.08565E-03 1.66875E-03 7.98504E-04 8.31957E-02 
8.12079E-04 1.61246E-03 5.62711E-03 3.95478E-03 5.53073E-03 1.15089E-01 3.06981E-01 5.86449E-03 1.61246E-03 8.12079E-04 7.39756E-02 
8.15971E-04 1.55095E-03 5.57958E-03 3.69728E-03 5.14811E-03 1.08239E-01 2.91314E-01 5.63845E-03 1.55095E-03 8.15971E-04 6.57150E-02 
8.11624E-04 1.48553E-03 5.51720E-03 3.44979E-03 4.78299E-03 1.01651E-01 2.76072E-01 5.40925E-03 1.48553E-03 8.11624E-04 5.83391E-02 
8.00376E-04 1.41736E-03 5.44122E-03 3.21292E-03 4.43574E-03 9.53291E-02 2.61277E-01 5.17850E-03 1.41736E-03 8.00376E-04 5.17730E-02 
2.07437E-05 5.41524E-04 1.40847E-03 7.33663E-03 1.21075E-02 2.73928E-01 6.46527E-01 6.77288E-03 5.41524E-04 2.07437E-05 4.29030E-01 
2.07437E-05 5.41524E-04 1.82590E-03 7.16335E-03 1.17026E-02 2.64694E-01 6.28828E-01 6.90801E-03 5.41524E-04 2.07437E-05 4.05021E-01 
2.07437E-05 9.59923E-05 2.22174E-03 6.98953E-03 1.13061E-02 2.55621E-01 6.11265E-01 7.02183E-03 9.59923E-05 2.07437E-05 3.80954E-01 
2.07437E-05 3.03707E-04 2.59633E-03 6.81518E-03 1.09176E-02 2.46702E-01 5.93827E-01 7.11511E-03 3.03707E-04 2.07437E-05 3.56877E-01 
2.07437E-05 4.90920E-04 2.94860E-03 6.63224E-03 1.05262E-02 2.37822E-01 5.76302E-01 7.18386E-03 4.90920E-04 2.07437E-05 3.33230E-01 
2.07437E-05 6.57924E-04 3.27791E-03 6.44154E-03 1.01328E-02 2.29000E-01 5.58725E-01 7.22847E-03 6.57924E-04 2.07437E-05 3.10151E-01 
2.07437E-05 8.05177E-04 3.58384E-03 6.24396E-03 9.73868E-03 2.20253E-01 5.41130E-01 7.24956E-03 8.05177E-04 2.07437E-05 2.87760E-01 
2.07437E-05 9.05928E-04 3.80432E-03 6.08695E-03 9.43389E-03 2.13547E-01 5.27526E-01 7.25019E-03 9.05928E-04 2.07437E-05 2.70976E-01 
2.07437E-05 9.33265E-04 3.86609E-03 6.04043E-03 9.34488E-03 2.11598E-01 5.23553E-01 7.24786E-03 9.33265E-04 2.07437E-05 2.66165E-01 
2.07437E-05 1.05073E-03 4.14373E-03 5.81543E-03 8.92194E-03 2.02389E-01 5.04658E-01 7.22156E-03 1.05073E-03 2.07437E-05 2.43877E-01 
2.07437E-05 1.14781E-03 4.39372E-03 5.58589E-03 8.50209E-03 1.93325E-01 4.85863E-01 7.17115E-03 1.14781E-03 2.07437E-05 2.22711E-01 
2.07437E-05 1.22568E-03 4.61626E-03 5.35307E-03 8.08667E-03 1.84424E-01 4.67208E-01 7.09813E-03 1.22568E-03 2.07437E-05 2.02734E-01 
2.07437E-05 1.28563E-03 4.81176E-03 5.11827E-03 7.67702E-03 1.75703E-01 4.48733E-01 7.00410E-03 1.28563E-03 2.07437E-05 1.83994E-01 
1.09821E-04 1.32970E-03 4.98017E-03 4.88632E-03 7.27971E-03 1.67266E-01 4.30664E-01 6.89306E-03 1.32970E-03 1.09821E-04 1.66123E-01 
2.24511E-04 1.35846E-03 5.12328E-03 4.65322E-03 6.88811E-03 1.58997E-01 4.12761E-01 6.76364E-03 1.35846E-03 2.24511E-04 1.49440E-01 
3.21012E-04 1.37308E-03 5.24174E-03 4.41951E-03 6.50242E-03 1.50890E-01 3.95019E-01 6.61700E-03 1.37308E-03 3.21012E-04 1.34027E-01 
4.00672E-04 1.37494E-03 5.33619E-03 4.18662E-03 6.12419E-03 1.42966E-01 3.77484E-01 6.45498E-03 1.37494E-03 4.00672E-04 1.19870E-01 
4.64903E-04 1.36547E-03 5.40739E-03 3.95596E-03 5.75487E-03 1.35242E-01 3.60198E-01 6.27945E-03 1.36547E-03 4.64903E-04 1.06939E-01 
5.15147E-04 1.34610E-03 5.45623E-03 3.72878E-03 5.39574E-03 1.27732E-01 3.43202E-01 6.09233E-03 1.34610E-03 5.15147E-04 9.51909E-02 
5.52845E-04 1.31821E-03 5.48373E-03 3.50627E-03 5.04796E-03 1.20449E-01 3.26534E-01 5.89552E-03 1.31821E-03 5.52845E-04 8.45693E-02 
5.79412E-04 1.28316E-03 5.49096E-03 3.28947E-03 4.71250E-03 1.13406E-01 3.10228E-01 5.69085E-03 1.28316E-03 5.79412E-04 7.50105E-02 
5.96219E-04 1.24222E-03 5.47908E-03 3.07928E-03 4.39017E-03 1.06612E-01 2.94316E-01 5.48013E-03 1.24222E-03 5.96219E-04 6.64446E-02 
6.04569E-04 1.19660E-03 5.44930E-03 2.87648E-03 4.08160E-03 1.00074E-01 2.78824E-01 5.26503E-03 1.19660E-03 6.04569E-04 5.87980E-02 
6.05688E-04 1.14738E-03 5.40286E-03 2.68169E-03 3.78729E-03 9.37968E-02 2.63779E-01 5.04717E-03 1.14738E-03 6.05688E-04 5.19957E-02 
6.00714E-04 1.09559E-03 5.34100E-03 2.49539E-03 3.50754E-03 8.77853E-02 2.49200E-01 4.82802E-03 1.09559E-03 6.00714E-04 4.59630E-02 
5.90689E-04 1.04210E-03 5.26501E-03 2.31796E-03 3.24254E-03 8.20413E-02 2.35105E-01 4.60893E-03 1.04210E-03 5.90689E-04 4.06272E-02 
1.56633E-05 4.12549E-04 1.55369E-03 5.52431E-03 9.30251E-03 2.50817E-01 6.16013E-01 6.87531E-03 4.12549E-04 1.56633E-05 3.84089E-01 
1.56633E-05 4.12549E-04 1.96094E-03 5.37880E-03 8.97039E-03 2.41769E-01 5.97846E-01 6.94453E-03 4.12549E-04 1.56633E-05 3.60058E-01 
1.56633E-05 7.33548E-05 2.34682E-03 5.23455E-03 8.64691E-03 2.32908E-01 5.79879E-01 6.99641E-03 7.33548E-05 1.56633E-05 3.36354E-01 
1.56633E-05 2.31794E-04 2.71149E-03 5.09138E-03 8.33150E-03 2.24228E-01 5.62099E-01 7.03149E-03 2.31794E-04 1.56633E-05 3.13003E-01 
1.56633E-05 3.74158E-04 3.05473E-03 4.94254E-03 8.01500E-03 2.15614E-01 5.44290E-01 7.04599E-03 3.74158E-04 1.56633E-05 2.90332E-01 
1.56633E-05 5.00678E-04 3.37577E-03 4.78865E-03 7.69825E-03 2.07086E-01 5.26488E-01 7.04034E-03 5.00678E-04 1.56633E-05 2.68450E-01 
1.56633E-05 6.11727E-04 3.67402E-03 4.63036E-03 7.38209E-03 1.98659E-01 5.08729E-01 7.01513E-03 6.11727E-04 1.56633E-05 2.47449E-01 
1.56633E-05 6.87336E-04 3.88887E-03 4.50532E-03 7.13841E-03 1.92219E-01 4.95038E-01 6.98265E-03 6.87336E-04 1.56633E-05 2.31853E-01 
1.56633E-05 7.07786E-04 3.94905E-03 4.46839E-03 7.06738E-03 1.90350E-01 4.91046E-01 6.97108E-03 7.07786E-04 1.56633E-05 2.27405E-01 
1.56633E-05 7.95251E-04 4.21929E-03 4.29046E-03 6.73062E-03 1.81541E-01 4.72105E-01 6.90348E-03 7.95251E-04 1.56633E-05 2.06933E-01 
1.56633E-05 8.66846E-04 4.46211E-03 4.11005E-03 6.39756E-03 1.72903E-01 4.53333E-01 6.81623E-03 8.66846E-04 1.56633E-05 1.87695E-01 
1.56633E-05 9.23549E-04 4.67761E-03 3.92811E-03 6.06923E-03 1.64453E-01 4.34771E-01 6.71071E-03 9.23549E-04 1.56633E-05 1.69724E-01 
1.56633E-05 9.66420E-04 4.86608E-03 3.74563E-03 5.74662E-03 1.56206E-01 4.16456E-01 6.58840E-03 9.66420E-04 1.56633E-05 1.53030E-01 
8.27809E-05 9.97050E-04 5.02711E-03 3.56624E-03 5.43476E-03 1.48259E-01 3.98609E-01 6.45306E-03 9.97050E-04 8.27809E-05 1.37304E-01 
1.68793E-04 1.01598E-03 5.16277E-03 3.38690E-03 5.12849E-03 1.40499E-01 3.80993E-01 6.30323E-03 1.01598E-03 1.68793E-04 1.22760E-01 
2.40706E-04 1.02419E-03 5.27369E-03 3.20803E-03 4.82795E-03 1.32922E-01 3.63600E-01 6.13993E-03 1.02419E-03 2.40706E-04 1.09440E-01 
2.99631E-04 1.02280E-03 5.36040E-03 3.03071E-03 4.53431E-03 1.25544E-01 3.46474E-01 5.96482E-03 1.02280E-03 2.99631E-04 9.73106E-02 
3.46721E-04 1.01295E-03 5.42359E-03 2.85598E-03 4.24865E-03 1.18381E-01 3.29656E-01 5.77959E-03 1.01295E-03 3.46721E-04 8.63240E-02 
3.83142E-04 9.95782E-04 5.46411E-03 2.68476E-03 3.97191E-03 1.11444E-01 3.13183E-01 5.58593E-03 9.95782E-04 3.83142E-04 7.64224E-02 
4.10049E-04 9.72389E-04 5.48291E-03 2.51791E-03 3.70492E-03 1.04745E-01 2.97090E-01 5.38551E-03 9.72389E-04 4.10049E-04 6.75407E-02 
4.28571E-04 9.43826E-04 5.48106E-03 2.35615E-03 3.44835E-03 9.82926E-02 2.81407E-01 5.17994E-03 9.43826E-04 4.28571E-04 5.96081E-02 
4.39788E-04 9.11086E-04 5.45974E-03 2.20011E-03 3.20275E-03 9.20930E-02 2.66162E-01 4.97077E-03 9.11086E-04 4.39788E-04 5.25512E-02 
4.44724E-04 8.75089E-04 5.42016E-03 2.05031E-03 2.96854E-03 8.61514E-02 2.51377E-01 4.75946E-03 8.75089E-04 4.44724E-04 4.62956E-02 
4.44333E-04 8.36676E-04 5.36361E-03 1.90714E-03 2.74600E-03 8.04708E-02 2.37074E-01 4.54736E-03 8.36676E-04 4.44333E-04 4.07678E-02 
4.39493E-04 7.96602E-04 5.29141E-03 1.77089E-03 2.53528E-03 7.50527E-02 2.23268E-01 4.33573E-03 7.96602E-04 4.39493E-04 3.58964E-02 
4.31004E-04 7.55541E-04 5.20490E-03 1.64176E-03 2.33643E-03 6.98969E-02 2.09973E-01 4.12571E-03 7.55541E-04 4.31004E-04 3.16136E-02 
1.16583E-05 3.07909E-04 1.99541E-03 4.05132E-03 7.04562E-03 2.27381E-01 5.82699E-01 7.02096E-03 3.07909E-04 1.16583E-05 3.38876E-01 
1.16583E-05 3.07909E-04 2.38930E-03 3.93221E-03 6.77693E-03 2.18640E-01 5.64282E-01 7.02677E-03 3.07909E-04 1.16583E-05 3.15517E-01 
1.16583E-05 5.48492E-05 2.76130E-03 3.81573E-03 6.51680E-03 2.10108E-01 5.46125E-01 7.01920E-03 5.48492E-05 1.16583E-05 2.92794E-01 
1.16583E-05 1.73199E-04 3.11143E-03 3.70155E-03 6.26455E-03 2.01776E-01 5.28215E-01 6.99857E-03 1.73199E-04 1.16583E-05 2.70708E-01 
1.16583E-05 2.79334E-04 3.44020E-03 3.58406E-03 6.01264E-03 1.93536E-01 5.10332E-01 6.96119E-03 2.79334E-04 1.16583E-05 2.49487E-01 
1.16583E-05 3.73406E-04 3.74672E-03 3.46368E-03 5.76167E-03 1.85404E-01 4.92514E-01 6.90751E-03 3.73406E-04 1.16583E-05 2.29211E-01 
1.16583E-05 4.55685E-04 4.03032E-03 3.34086E-03 5.51222E-03 1.77396E-01 4.74794E-01 6.83808E-03 4.55685E-04 1.16583E-05 2.09942E-01 
1.16583E-05 5.11483E-04 4.23369E-03 3.24447E-03 5.32064E-03 1.71294E-01 4.61174E-01 6.77400E-03 5.11483E-04 1.16583E-05 1.95754E-01 
1.16583E-05 5.26534E-04 4.29048E-03 3.21609E-03 5.26490E-03 1.69527E-01 4.57209E-01 6.75361E-03 5.26534E-04 1.16583E-05 1.91728E-01 
1.16583E-05 5.90652E-04 4.54436E-03 3.07996E-03 5.00131E-03 1.61213E-01 4.38436E-01 6.64661E-03 5.90652E-04 1.16583E-05 1.73304E-01 
1.16583E-05 6.42696E-04 4.77044E-03 2.94283E-03 4.74164E-03 1.53091E-01 4.19897E-01 6.52420E-03 6.42696E-04 1.16583E-05 1.56162E-01 
1.16583E-05 6.83437E-04 4.96876E-03 2.80538E-03 4.48662E-03 1.45175E-01 4.01630E-01 6.38765E-03 6.83437E-04 1.16583E-05 1.40300E-01 
1.16583E-05 7.13715E-04 5.13958E-03 2.66831E-03 4.23697E-03 1.37479E-01 3.83671E-01 6.23832E-03 7.13715E-04 1.16583E-05 1.25704E-01 
6.15190E-05 7.34729E-04 5.28242E-03 2.53426E-03 3.99644E-03 1.30090E-01 3.66234E-01 6.07977E-03 7.34729E-04 6.15190E-05 1.12106E-01 
1.25147E-04 7.46974E-04 5.39948E-03 2.40096E-03 3.76109E-03 1.22902E-01 3.49084E-01 5.91036E-03 7.46974E-04 1.25147E-04 9.96427E-02 
1.78041E-04 7.51237E-04 5.49141E-03 2.26872E-03 3.53100E-03 1.15911E-01 3.32213E-01 5.73097E-03 7.51237E-04 1.78041E-04 8.83233E-02 
2.21088E-04 7.48401E-04 5.55874E-03 2.13832E-03 3.30701E-03 1.09130E-01 3.15663E-01 5.54309E-03 7.48401E-04 2.21088E-04 7.80990E-02 
2.55204E-04 7.39359E-04 5.60219E-03 2.01048E-03 3.08992E-03 1.02572E-01 2.99470E-01 5.34821E-03 7.39359E-04 2.55204E-04 6.89110E-02 
2.81308E-04 7.24988E-04 5.62264E-03 1.88587E-03 2.88037E-03 9.62466E-02 2.83668E-01 5.14783E-03 7.24988E-04 2.81308E-04 6.06938E-02 
3.00309E-04 7.06136E-04 5.62113E-03 1.76505E-03 2.67895E-03 9.01618E-02 2.68288E-01 4.94340E-03 7.06136E-04 3.00309E-04 5.33775E-02 
3.13083E-04 6.83611E-04 5.59880E-03 1.64852E-03 2.48611E-03 8.43241E-02 2.53357E-01 4.73632E-03 6.83611E-04 3.13083E-04 4.68897E-02 
3.20467E-04 6.58166E-04 5.55691E-03 1.53668E-03 2.30219E-03 7.87380E-02 2.38898E-01 4.52791E-03 6.58166E-04 3.20467E-04 4.11575E-02 
3.23248E-04 6.30494E-04 5.49679E-03 1.42985E-03 2.12746E-03 7.34058E-02 2.24929E-01 4.31942E-03 6.30494E-04 3.23248E-04 3.61092E-02 
3.22155E-04 6.01224E-04 5.41983E-03 1.32826E-03 1.96204E-03 6.83286E-02 2.11467E-01 4.11198E-03 6.01224E-04 3.22155E-04 3.16758E-02 
3.17855E-04 5.70916E-04 5.32748E-03 1.23205E-03 1.80599E-03 6.35058E-02 1.98522E-01 3.90664E-03 5.70916E-04 3.17855E-04 2.77917E-02 
3.10952E-04 5.40064E-04 5.22120E-03 1.14132E-03 1.65929E-03 5.89351E-02 1.86104E-01 3.70434E-03 5.40064E-04 3.10952E-04 2.43956E-02 
8.53895E-06 2.24504E-04 2.72819E-03 2.86764E-03 5.25286E-03 2.03912E-01 5.46968E-01 7.16017E-03 2.24504E-04 8.53895E-06 2.94253E-01 
8.53895E-06 2.24504E-04 3.10221E-03 2.77339E-03 5.03861E-03 1.95588E-01 5.28518E-01 7.10692E-03 2.24504E-04 8.53895E-06 2.72165E-01 
8.53895E-06 4.00021E-05 3.45312E-03 2.68272E-03 4.83258E-03 1.87489E-01 5.10384E-01 7.04409E-03 4.00021E-05 8.53895E-06 2.50939E-01 
8.53895E-06 1.26320E-04 3.78091E-03 2.59515E-03 4.63402E-03 1.79606E-01 4.92552E-01 6.97182E-03 1.26320E-04 8.53895E-06 2.30552E-01 
8.53895E-06 2.03689E-04 4.08665E-03 2.50610E-03 4.43681E-03 1.71833E-01 4.74801E-01 6.88644E-03 2.03689E-04 8.53895E-06 2.11151E-01 
8.53895E-06 2.72174E-04 4.36943E-03 2.41579E-03 4.24133E-03 1.64188E-01 4.57169E-01 6.78838E-03 2.72174E-04 8.53895E-06 1.92787E-01 
8.53895E-06 3.31941E-04 4.62855E-03 2.32449E-03 4.04794E-03 1.56684E-01 4.39689E-01 6.67820E-03 3.31941E-04 8.53895E-06 1.75494E-01 
8.53895E-06 3.72358E-04 4.81247E-03 2.25336E-03 3.89999E-03 1.50983E-01 4.26290E-01 6.58504E-03 3.72358E-04 8.53895E-06 1.62862E-01 
8.53895E-06 3.83239E-04 4.86348E-03 2.23250E-03 3.85704E-03 1.49334E-01 4.22395E-01 6.55655E-03 3.83239E-04 8.53895E-06 1.59293E-01 
8.53895E-06 4.29442E-04 5.08936E-03 2.13288E-03 3.65444E-03 1.41595E-01 4.03995E-01 6.41339E-03 4.29442E-04 8.53895E-06 1.43055E-01 
8.53895E-06 4.66686E-04 5.28663E-03 2.03325E-03 3.45568E-03 1.34063E-01 3.85886E-01 6.25882E-03 4.66686E-04 8.53895E-06 1.28086E-01 
8.53895E-06 4.95551E-04 5.45542E-03 1.93405E-03 3.26127E-03 1.26749E-01 3.68105E-01 6.09398E-03 4.95551E-04 8.53895E-06 1.14361E-01 
8.53895E-06 5.16675E-04 5.59606E-03 1.83573E-03 3.07168E-03 1.19664E-01 3.50685E-01 5.92009E-03 5.16675E-04 8.53895E-06 1.01841E-01 
4.49985E-05 5.30925E-04 5.70829E-03 1.74010E-03 2.88964E-03 1.12886E-01 3.33831E-01 5.74059E-03 5.30925E-04 4.49985E-05 9.02995E-02 
9.13546E-05 5.38737E-04 5.79428E-03 1.64555E-03 2.71219E-03 1.06319E-01 3.17313E-01 5.55359E-03 5.38737E-04 9.13546E-05 7.98104E-02 
1.29694E-04 5.40722E-04 5.85473E-03 1.55226E-03 2.53934E-03 9.99551E-02 3.01122E-01 5.35982E-03 5.40722E-04 1.29694E-04 7.03593E-02 
1.60706E-04 5.37556E-04 5.89030E-03 1.46077E-03 2.37171E-03 9.38062E-02 2.85295E-01 5.16060E-03 5.37556E-04 1.60706E-04 6.18882E-02 
1.85098E-04 5.29915E-04 5.90184E-03 1.37157E-03 2.20982E-03 8.78821E-02 2.69866E-01 4.95726E-03 5.29915E-04 1.85098E-04 5.43327E-02 
2.03578E-04 5.18461E-04 5.89038E-03 1.28507E-03 2.05414E-03 8.21903E-02 2.54866E-01 4.75111E-03 5.18461E-04 2.03578E-04 4.76245E-02 
2.16839E-04 5.03834E-04 5.85709E-03 1.20165E-03 1.90504E-03 7.67367E-02 2.40320E-01 4.54339E-03 5.03834E-04 2.16839E-04 4.16935E-02 
2.25550E-04 4.86636E-04 5.80328E-03 1.12161E-03 1.76281E-03 7.15253E-02 2.26251E-01 4.33530E-03 4.86636E-04 2.25550E-04 3.64692E-02 
2.30345E-04 4.67427E-04 5.73038E-03 1.04519E-03 1.62765E-03 6.65583E-02 2.12678E-01 4.12796E-03 4.67427E-04 2.30345E-04 3.18827E-02 
2.31815E-04 4.46716E-04 5.63987E-03 9.72554E-04 1.49971E-03 6.18361E-02 1.99614E-01 3.92241E-03 4.46716E-04 2.31815E-04 2.78677E-02 
2.30506E-04 4.24967E-04 5.53332E-03 9.03828E-04 1.37902E-03 5.73579E-02 1.87072E-01 3.71960E-03 4.24967E-04 2.30506E-04 2.43618E-02 
2.26917E-04 4.02586E-04 5.41232E-03 8.39065E-04 1.26560E-03 5.31213E-02 1.75059E-01 3.52038E-03 4.02586E-04 2.26917E-04 2.13066E-02 
2.21495E-04 3.79930E-04 5.27847E-03 7.78272E-04 1.15934E-03 4.91225E-02 1.63578E-01 3.32549E-03 3.79930E-04 2.21495E-04 1.86486E-02 
6.17082E-06 1.60113E-04 3.73425E-03 1.94053E-03 3.86514E-03 1.81012E-01 5.09729E-01 7.25468E-03 1.60113E-04 6.17082E-06 2.51653E-01 
6.17082E-06 1.60113E-04 4.07799E-03 1.86918E-03 3.69635E-03 1.73195E-01 4.91458E-01 7.14880E-03 1.60113E-04 6.17082E-06 2.31291E-01 
6.17082E-06 2.84781E-05 4.39699E-03 1.80192E-03 3.53525E-03 1.65613E-01 4.73551E-01 7.03688E-03 2.84781E-05 6.17082E-06 2.11934E-01 
6.17082E-06 9.00172E-05 4.69126E-03 1.73818E-03 3.38106E-03 1.58255E-01 4.55995E-01 6.91887E-03 9.00172E-05 6.17082E-06 1.93542E-01 
6.17082E-06 1.45249E-04 4.96229E-03 1.67425E-03 3.22885E-03 1.51023E-01 4.38570E-01 6.79109E-03 1.45249E-04 6.17082E-06 1.76192E-01 
6.17082E-06 1.94158E-04 5.20920E-03 1.61022E-03 3.07880E-03 1.43931E-01 4.21312E-01 6.65398E-03 1.94158E-04 6.17082E-06 1.59910E-01 
6.17082E-06 2.36818E-04 5.43138E-03 1.54617E-03 2.93112E-03 1.36993E-01 4.04254E-01 6.50806E-03 2.36818E-04 6.17082E-06 1.44708E-01 
6.17082E-06 2.65628E-04 5.58605E-03 1.49669E-03 2.81861E-03 1.31737E-01 3.91215E-01 6.38949E-03 2.65628E-04 6.17082E-06 1.33686E-01 
6.17082E-06 2.73375E-04 5.62841E-03 1.48224E-03 2.78603E-03 1.30219E-01 3.87430E-01 6.35393E-03 2.73375E-04 6.17082E-06 1.30584E-01 
6.17082E-06 3.06205E-04 5.81246E-03 1.41362E-03 2.63274E-03 1.23111E-01 3.69586E-01 6.17937E-03 3.06205E-04 6.17082E-06 1.16549E-01 
6.17082E-06 3.32540E-04 5.96707E-03 1.34554E-03 2.48303E-03 1.16217E-01 3.52084E-01 5.99704E-03 3.32540E-04 6.17082E-06 1.03722E-01 
6.17082E-06 3.52794E-04 6.09254E-03 1.27824E-03 2.33720E-03 1.09546E-01 3.34956E-01 5.80798E-03 3.52794E-04 6.17082E-06 9.20601E-02 
6.17082E-06 3.67434E-04 6.18941E-03 1.21200E-03 2.19555E-03 1.03107E-01 3.18232E-01 5.61326E-03 3.67434E-04 6.17082E-06 8.15110E-02 
3.24838E-05 3.77061E-04 6.25790E-03 1.14796E-03 2.06003E-03 9.69713E-02 3.02108E-01 5.41623E-03 3.77061E-04 3.24838E-05 7.18797E-02 
6.58381E-05 3.82045E-04 6.29998E-03 1.08501E-03 1.92841E-03 9.10469E-02 2.86359E-01 5.21474E-03 3.82045E-04 6.58381E-05 6.31965E-02 
9.33061E-05 3.82847E-04 6.31647E-03 1.02327E-03 1.80069E-03 8.53272E-02 2.70976E-01 5.00937E-03 3.82847E-04 9.33061E-05 5.54307E-02 
1.15409E-04 3.79968E-04 6.30824E-03 9.63054E-04 1.67728E-03 7.98215E-02 2.55992E-01 4.80129E-03 3.79968E-04 1.15409E-04 4.85204E-02 
1.32678E-04 3.73908E-04 6.27636E-03 9.04668E-04 1.55854E-03 7.45371E-02 2.41437E-01 4.59166E-03 3.73908E-04 1.32678E-04 4.24001E-02 
1.45647E-04 3.65156E-04 6.22206E-03 8.48364E-04 1.44475E-03 6.94794E-02 2.27337E-01 4.38162E-03 3.65156E-04 1.45647E-04 3.70028E-02 
1.54833E-04 3.54182E-04 6.14675E-03 7.94352E-04 1.33617E-03 6.46521E-02 2.13714E-01 4.17222E-03 3.54182E-04 1.54833E-04 3.22616E-02 
1.60736E-04 3.41426E-04 6.05195E-03 7.42800E-04 1.23295E-03 6.00572E-02 2.00585E-01 3.96449E-03 3.41426E-04 1.60736E-04 2.81109E-02 
1.63826E-04 3.27296E-04 5.93927E-03 6.93829E-04 1.13522E-03 5.56948E-02 1.87966E-01 3.75936E-03 3.27296E-04 1.63826E-04 2.44880E-02 
1.64541E-04 3.12163E-04 5.81041E-03 6.47516E-04 1.04302E-03 5.15640E-02 1.75866E-01 3.55767E-03 3.12163E-04 1.64541E-04 2.13339E-02 
1.63285E-04 2.96359E-04 5.66709E-03 6.03900E-04 9.56364E-04 4.76622E-02 1.64292E-01 3.36019E-03 2.96359E-04 1.63285E-04 1.85937E-02 
1.60423E-04 2.80176E-04 5.51107E-03 5.62983E-04 8.75201E-04 4.39856E-02 1.53248E-01 3.16761E-03 2.80176E-04 1.60423E-04 1.62170E-02 
1.56283E-04 2.63871E-04 5.34408E-03 5.24733E-04 7.99443E-04 4.05294E-02 1.42733E-01 2.98049E-03 2.63871E-04 1.56283E-04 1.41583E-02 
4.37161E-06 1.10719E-04 5.01514E-03 1.21495E-03 2.78990E-03 1.58622E-01 4.70868E-01 7.28014E-03 1.10719E-04 4.37161E-06 2.11213E-01 
4.37161E-06 1.10719E-04 5.31318E-03 1.16480E-03 2.65914E-03 1.51393E-01 4.52979E-01 7.12827E-03 1.10719E-04 4.37161E-06 1.92925E-01 
4.37161E-06 1.96023E-05 5.58475E-03 1.11885E-03 2.53536E-03 1.44401E-01 4.35498E-01 6.97359E-03 1.96023E-05 4.37161E-06 1.75713E-01 
4.37161E-06 6.21035E-05 5.83002E-03 1.07648E-03 2.41780E-03 1.37637E-01 4.18409E-01 6.81593E-03 6.21035E-05 4.37161E-06 1.59521E-01 
4.37161E-06 1.00393E-04 6.05064E-03 1.03480E-03 2.30254E-03 1.31009E-01 4.01495E-01 6.65156E-03 1.00393E-04 4.37161E-06 1.44371E-01 
4.37161E-06 1.34392E-04 6.24592E-03 9.93725E-04 2.18963E-03 1.24531E-01 3.84794E-01 6.48091E-03 1.34392E-04 4.37161E-06 1.30271E-01 
4.37161E-06 1.64094E-04 6.41541E-03 9.53227E-04 2.07912E-03 1.18212E-01 3.68335E-01 6.30450E-03 1.64094E-04 4.37161E-06 1.17211E-01 
4.37161E-06 1.84165E-04 6.52873E-03 9.22285E-04 1.99533E-03 1.13438E-01 3.55786E-01 6.16440E-03 1.84165E-04 4.37161E-06 1.07809E-01 
4.37161E-06 1.89561E-04 6.55891E-03 9.13304E-04 1.97112E-03 1.12062E-01 3.52150E-01 6.12289E-03 1.89561E-04 4.37161E-06 1.05174E-01 
4.37161E-06 2.12415E-04 6.68454E-03 8.70930E-04 1.85759E-03 1.05631E-01 3.35037E-01 5.92199E-03 2.12415E-04 4.37161E-06 9.33096E-02 
4.37161E-06 2.30704E-04 6.78028E-03 8.29320E-04 1.74724E-03 9.94152E-02 3.18308E-01 5.71666E-03 2.30704E-04 4.37161E-06 8.25560E-02 
4.37161E-06 2.44708E-04 6.84671E-03 7.88562E-04 1.64023E-03 9.34226E-02 3.01992E-01 5.50783E-03 2.44708E-04 4.37161E-06 7.28586E-02 
4.37161E-06 2.54747E-04 6.88468E-03 7.48766E-04 1.53672E-03 8.76591E-02 2.86114E-01 5.29643E-03 2.54747E-04 4.37161E-06 6.41560E-02 
2.29941E-05 2.61214E-04 6.89517E-03 7.10570E-04 1.43805E-03 8.21864E-02 2.70859E-01 5.08573E-03 2.61214E-04 2.29941E-05 5.62833E-02 
4.65450E-05 2.64413E-04 6.87973E-03 6.73277E-04 1.34260E-03 7.69218E-02 2.56009E-01 4.87332E-03 2.64413E-04 4.65450E-05 4.92394E-02 
6.58735E-05 2.64680E-04 6.83936E-03 6.36926E-04 1.25034E-03 7.18579E-02 2.41554E-01 4.65962E-03 2.64680E-04 6.58735E-05 4.29842E-02 
8.13594E-05 2.62374E-04 6.77521E-03 6.01692E-04 1.16152E-03 6.70018E-02 2.27524E-01 4.44568E-03 2.62374E-04 8.13594E-05 3.74563E-02 
9.33914E-05 2.57851E-04 6.68861E-03 5.67727E-04 1.07638E-03 6.23586E-02 2.13945E-01 4.23251E-03 2.57851E-04 9.33914E-05 3.25927E-02 
1.02357E-04 2.51462E-04 6.58110E-03 5.35158E-04 9.95087E-04 5.79316E-02 2.00836E-01 4.02105E-03 2.51462E-04 1.02357E-04 2.83306E-02 
1.08634E-04 2.43543E-04 6.45431E-03 5.04085E-04 9.17783E-04 5.37226E-02 1.88218E-01 3.81221E-03 2.43543E-04 1.08634E-04 2.46091E-02 
1.12586E-04 2.34406E-04 6.31000E-03 4.74578E-04 8.44559E-04 4.97319E-02 1.76102E-01 3.60683E-03 2.34406E-04 1.12586E-04 2.13695E-02 
1.14554E-04 2.24342E-04 6.15000E-03 4.46681E-04 7.75467E-04 4.59582E-02 1.64499E-01 3.40566E-03 2.24342E-04 1.14554E-04 1.85568E-02 
1.14854E-04 2.13614E-04 5.97619E-03 4.20411E-04 7.10515E-04 4.23990E-02 1.53416E-01 3.20938E-03 2.13614E-04 1.14854E-04 1.61199E-02 
1.13777E-04 2.02456E-04 5.79044E-03 3.95763E-04 6.49678E-04 3.90506E-02 1.42854E-01 3.01860E-03 2.02456E-04 1.13777E-04 1.40124E-02 
1.11588E-04 1.91074E-04 5.59463E-03 3.72710E-04 5.92894E-04 3.59082E-02 1.32813E-01 2.83380E-03 1.91074E-04 1.11588E-04 1.21921E-02 
1.08521E-04 1.79648E-04 5.39061E-03 3.51209E-04 5.40076E-04 3.29662E-02 1.23291E-01 2.65544E-03 1.79648E-04 1.08521E-04 1.06215E-02 
3.04212E-06 7.41710E-05 6.52971E-03 6.65143E-04 1.97912E-03 1.37261E-01 4.31257E-01 7.21918E-03 7.41710E-05 3.04212E-06 1.74046E-01 
3.04212E-06 7.41710E-05 6.76280E-03 6.34118E-04 1.87934E-03 1.30675E-01 4.13940E-01 7.02914E-03 7.41710E-05 3.04212E-06 1.58027E-01 
3.04212E-06 1.30194E-05 6.96815E-03 6.07101E-04 1.78574E-03 1.24325E-01 3.97066E-01 6.83919E-03 1.30194E-05 3.04212E-06 1.43090E-01 
3.04212E-06 4.14203E-05 7.14614E-03 5.83441E-04 1.69760E-03 1.18200E-01 3.80617E-01 6.64903E-03 4.14203E-05 3.04212E-06 1.29168E-01 
3.04212E-06 6.71933E-05 7.29833E-03 5.60919E-04 1.61183E-03 1.12217E-01 3.64384E-01 6.45490E-03 6.71933E-05 3.04212E-06 1.16243E-01 
3.04212E-06 9.02104E-05 7.42432E-03 5.39368E-04 1.52839E-03 1.06386E-01 3.48400E-01 6.25723E-03 9.02104E-05 3.04212E-06 1.04306E-01 
3.04212E-06 1.10409E-04 7.52394E-03 5.18651E-04 1.44724E-03 1.00716E-01 3.32694E-01 6.05650E-03 1.10409E-04 3.04212E-06 9.33344E-02 
3.04212E-06 1.24098E-04 7.58298E-03 5.03129E-04 1.38603E-03 9.64450E-02 3.20750E-01 5.89944E-03 1.24098E-04 3.04212E-06 8.54888E-02 
3.04212E-06 1.27784E-04 7.59728E-03 4.98668E-04 1.36838E-03 9.52158E-02 3.17294E-01 5.85327E-03 1.27784E-04 3.04212E-06 8.32982E-02 
3.04212E-06 1.43410E-04 7.64731E-03 4.77864E-04 1.28594E-03 8.94825E-02 3.01063E-01 5.63200E-03 1.43410E-04 3.04212E-06 7.34817E-02 
3.04212E-06 1.55929E-04 7.66785E-03 4.57776E-04 1.20621E-03 8.39610E-02 2.85248E-01 5.40927E-03 1.55929E-04 3.04212E-06 6.46544E-02 
3.04212E-06 1.65510E-04 7.65987E-03 4.38379E-04 1.12927E-03 7.86564E-02 2.69874E-01 5.18590E-03 1.65510E-04 3.04212E-06 5.67552E-02 
3.04212E-06 1.72362E-04 7.62455E-03 4.19670E-04 1.05518E-03 7.35728E-02 2.54964E-01 4.96271E-03 1.72362E-04 3.04212E-06 4.97196E-02 
1.59936E-05 1.76724E-04 7.56391E-03 4.01905E-04 9.84816E-04 6.87632E-02 2.40686E-01 4.74285E-03 1.76724E-04 1.59936E-05 4.34097E-02 
3.23485E-05 1.78837E-04 7.47884E-03 3.84705E-04 9.17025E-04 6.41532E-02 2.26836E-01 4.52369E-03 1.78837E-04 3.23485E-05 3.78043E-02 
4.57394E-05 1.78937E-04 7.37051E-03 3.68063E-04 8.51758E-04 5.97354E-02 2.13400E-01 4.30554E-03 1.78937E-04 4.57394E-05 3.28596E-02 
5.64338E-05 1.77271E-04 7.24041E-03 3.52041E-04 7.89171E-04 5.55146E-02 2.00405E-01 4.08929E-03 1.77271E-04 5.64338E-05 2.85177E-02 
6.47065E-05 1.74086E-04 7.09017E-03 3.36691E-04 7.29392E-04 5.14940E-02 1.87871E-01 3.87580E-03 1.74086E-04 6.47065E-05 2.47210E-02 
7.08324E-05 1.69627E-04 6.92160E-03 3.22052E-04 6.72522E-04 4.76754E-02 1.75816E-01 3.66587E-03 1.69627E-04 7.08324E-05 2.14130E-02 
7.50796E-05 1.64125E-04 6.73660E-03 3.08147E-04 6.18632E-04 4.40589E-02 1.64253E-01 3.46024E-03 1.64125E-04 7.50796E-05 1.85402E-02 
7.77054E-05 1.57799E-04 6.53713E-03 2.94989E-04 5.67762E-04 4.06433E-02 1.53192E-01 3.25959E-03 1.57799E-04 7.77054E-05 1.60520E-02 
7.89518E-05 1.50850E-04 6.32519E-03 2.82575E-04 5.19925E-04 3.74263E-02 1.42638E-01 3.06451E-03 1.50850E-04 7.89518E-05 1.39017E-02 
7.90437E-05 1.43461E-04 6.10280E-03 2.70890E-04 4.75106E-04 3.44041E-02 1.32594E-01 2.87551E-03 1.43461E-04 7.90437E-05 1.20466E-02 
7.81871E-05 1.35795E-04 5.87195E-03 2.59910E-04 4.33266E-04 3.15723E-02 1.23059E-01 2.69304E-03 1.35795E-04 7.81871E-05 1.04484E-02 
7.65689E-05 1.27994E-04 5.63457E-03 2.49602E-04 3.94346E-04 2.89255E-02 1.14029E-01 2.51745E-03 1.27994E-04 7.65689E-05 9.07291E-03 
7.43569E-05 1.20185E-04 5.39254E-03 2.39928E-04 3.58267E-04 2.64576E-02 1.05497E-01 2.34902E-03 1.20185E-04 7.43569E-05 7.88986E-03 
2.07728E-06 4.78782E-05 8.22182E-03 2.60192E-04 1.37822E-03 1.17188E-01 3.91415E-01 7.06384E-03 4.78782E-05 2.07728E-06 1.40656E-01 
2.07728E-06 4.78782E-05 8.36801E-03 2.46166E-04 1.30329E-03 1.11282E-01 3.74843E-01 6.84385E-03 4.78782E-05 2.07728E-06 1.26974E-01 
2.07728E-06 8.28264E-06 8.48622E-03 2.35678E-04 1.23370E-03 1.05604E-01 3.58740E-01 6.62646E-03 8.28264E-06 2.07728E-06 1.14327E-01 
2.07728E-06 2.65366E-05 8.57708E-03 2.28097E-04 1.16877E-03 1.00144E-01 3.43087E-01 6.41129E-03 2.65366E-05 2.07728E-06 1.02640E-01 
2.07728E-06 4.33065E-05 8.64173E-03 2.21788E-04 1.10612E-03 9.48252E-02 3.27682E-01 6.19455E-03 4.33065E-05 2.07728E-06 9.18718E-02 
2.07728E-06 5.84351E-05 8.68014E-03 2.16513E-04 1.04563E-03 8.96581E-02 3.12556E-01 5.97668E-03 5.84351E-05 2.07728E-06 8.19988E-02 
2.07728E-06 7.18217E-05 8.69253E-03 2.12070E-04 9.87204E-04 8.46493E-02 2.97737E-01 5.75814E-03 7.18217E-05 2.07728E-06 7.29902E-02 
2.07728E-06 8.09506E-05 8.68455E-03 2.09094E-04 9.43377E-04 8.08866E-02 2.86497E-01 5.58891E-03 8.09506E-05 2.07728E-06 6.65895E-02 
2.07728E-06 8.34159E-05 8.67937E-03 2.08289E-04 9.30785E-04 7.98054E-02 2.83250E-01 5.53945E-03 8.34159E-05 2.07728E-06 6.48088E-02 
2.07728E-06 9.39050E-05 8.63734E-03 2.04797E-04 8.72149E-04 7.47730E-02 2.68027E-01 5.30409E-03 9.39050E-05 2.07728E-06 5.68651E-02 
2.07728E-06 1.02352E-04 8.56754E-03 2.01779E-04 8.15765E-04 6.99433E-02 2.53242E-01 5.06987E-03 1.02352E-04 2.07728E-06 4.97751E-02 
2.07728E-06 1.08847E-04 8.47132E-03 1.99131E-04 7.61626E-04 6.53196E-02 2.38917E-01 4.83749E-03 1.08847E-04 2.07728E-06 4.34771E-02 
2.07728E-06 1.13515E-04 8.35028E-03 1.96773E-04 7.09740E-04 6.09043E-02 2.25071E-01 4.60766E-03 1.13515E-04 2.07728E-06 3.79073E-02 
1.09203E-05 1.16487E-04 8.20757E-03 1.94692E-04 6.60657E-04 5.67421E-02 2.11857E-01 4.38341E-03 1.16487E-04 1.09203E-05 3.29522E-02 
2.20816E-05 1.17947E-04 8.04324E-03 1.92750E-04 6.13570E-04 5.27671E-02 1.99082E-01 4.16194E-03 1.17947E-04 2.20816E-05 2.85798E-02 
3.12095E-05 1.18055E-04 7.85859E-03 1.90915E-04 5.68422E-04 4.89718E-02 1.86732E-01 3.94343E-03 1.18055E-04 3.12095E-05 2.47466E-02 
3.84853E-05 1.16974E-04 7.65541E-03 1.89171E-04 5.25297E-04 4.53592E-02 1.74829E-01 3.72863E-03 1.16974E-04 3.84853E-05 2.14004E-02 
4.40967E-05 1.14870E-04 7.43567E-03 1.87504E-04 4.84260E-04 4.19311E-02 1.63389E-01 3.51827E-03 1.14870E-04 4.40967E-05 1.84906E-02 
4.82328E-05 1.11906E-04 7.20139E-03 1.85898E-04 4.45359E-04 3.86876E-02 1.52425E-01 3.31300E-03 1.11906E-04 4.82328E-05 1.59686E-02 
5.10784E-05 1.08239E-04 6.95467E-03 1.84335E-04 4.08624E-04 3.56276E-02 1.41948E-01 3.11342E-03 1.08239E-04 5.10784E-05 1.37887E-02 
5.28115E-05 1.04016E-04 6.69762E-03 1.82792E-04 3.74064E-04 3.27490E-02 1.31961E-01 2.92004E-03 1.04016E-04 5.28115E-05 1.19088E-02 
5.35999E-05 9.93758E-05 6.43237E-03 1.81246E-04 3.41671E-04 3.00484E-02 1.22468E-01 2.73330E-03 9.93758E-05 5.35999E-05 1.02906E-02 
5.35998E-05 9.44413E-05 6.16098E-03 1.79673E-04 3.11420E-04 2.75216E-02 1.13468E-01 2.55358E-03 9.44413E-05 5.35998E-05 8.89948E-03 
5.29547E-05 8.93243E-05 5.88545E-03 1.78048E-04 2.83272E-04 2.51635E-02 1.04955E-01 2.38116E-03 8.93243E-05 5.29547E-05 7.70472E-03 
5.17953E-05 8.41236E-05 5.60770E-03 1.76348E-04 2.57173E-04 2.29683E-02 9.69246E-02 2.21628E-03 8.41236E-05 5.17953E-05 6.67932E-03 
5.02395E-05 7.89258E-05 5.32954E-03 1.74549E-04 2.33061E-04 2.09300E-02 8.93664E-02 2.05908E-03 7.89258E-05 5.02395E-05 5.79971E-03 
1.39038E-06 2.95511E-05 1.00082E-02 -2.62059E-05 9.40916E-04 9.86166E-02 3.51849E-01 6.81312E-03 2.95511E-05 1.39038E-06 1.11344E-01 
1.39038E-06 2.95511E-05 1.00452E-02 -2.54249E-05 8.85611E-04 9.34057E-02 3.36175E-01 6.57149E-03 2.95511E-05 1.39038E-06 9.99545E-02 
1.39038E-06 4.98988E-06 1.00554E-02 -2.17666E-05 8.34799E-04 8.84107E-02 3.20985E-01 6.33459E-03 4.98988E-06 1.39038E-06 8.95131E-02 
1.39038E-06 1.61758E-05 1.00399E-02 -1.58153E-05 7.87855E-04 8.36213E-02 3.06261E-01 6.10198E-03 1.61758E-05 1.39038E-06 7.99438E-02 
1.39038E-06 2.66607E-05 9.99889E-03 -8.71257E-06 7.42974E-04 7.89706E-02 2.91811E-01 5.86988E-03 2.66607E-05 1.39038E-06 7.11884E-02 
1.39038E-06 3.62753E-05 9.93293E-03 -7.36634E-07 7.00005E-04 7.44656E-02 2.77663E-01 5.63872E-03 3.62753E-05 1.39038E-06 6.32173E-02 
1.39038E-06 4.48991E-05 9.84262E-03 7.86977E-06 6.58821E-04 7.01121E-02 2.63841E-01 5.40896E-03 4.48991E-05 1.39038E-06 5.59944E-02 
1.39038E-06 5.08413E-05 9.75659E-03 1.48277E-05 6.28116E-04 6.68507E-02 2.53385E-01 5.23243E-03 5.08413E-05 1.39038E-06 5.08939E-02 
1.39038E-06 5.24547E-05 9.72885E-03 1.68973E-05 6.19323E-04 6.59151E-02 2.50369E-01 5.18106E-03 5.24547E-05 1.39038E-06 4.94797E-02 
1.39038E-06 5.93626E-05 9.58113E-03 2.68993E-05 5.78538E-04 6.15691E-02 2.36256E-01 4.93798E-03 5.93626E-05 1.39038E-06 4.31984E-02 
1.39038E-06 6.49829E-05 9.40897E-03 3.69992E-05 5.39559E-04 5.74125E-02 2.22594E-01 4.69824E-03 6.49829E-05 1.39038E-06 3.76321E-02 
1.39038E-06 6.93514E-05 9.21413E-03 4.70453E-05 5.02336E-04 5.34473E-02 2.09400E-01 4.46244E-03 6.93514E-05 1.39038E-06 3.27215E-02 
1.39038E-06 7.25332E-05 8.99855E-03 5.69144E-05 4.66842E-04 4.96742E-02 1.96690E-01 4.23118E-03 7.25332E-05 1.39038E-06 2.84077E-02 
7.31214E-06 7.45875E-05 8.76662E-03 6.64110E-05 4.33406E-04 4.61304E-02 1.84602E-01 4.00734E-03 7.45875E-05 7.31214E-06 2.45989E-02 
1.47915E-05 7.56521E-05 8.51730E-03 7.55814E-05 4.01474E-04 4.27582E-02 1.72954E-01 3.78801E-03 7.56521E-05 1.47915E-05 2.12588E-02 
2.09097E-05 7.58293E-05 8.25196E-03 8.43803E-05 3.70988E-04 3.95503E-02 1.61733E-01 3.57324E-03 7.58293E-05 2.09097E-05 1.83470E-02 
2.57840E-05 7.52211E-05 7.97269E-03 9.27476E-05 3.41982E-04 3.65082E-02 1.50956E-01 3.36367E-03 7.52211E-05 2.57840E-05 1.58187E-02 
2.95380E-05 7.39335E-05 7.68165E-03 1.00631E-04 3.14485E-04 3.36324E-02 1.40635E-01 3.15989E-03 7.39335E-05 2.95380E-05 1.36309E-02 
3.22971E-05 7.20720E-05 7.38105E-03 1.07987E-04 2.88510E-04 3.09219E-02 1.30779E-01 2.96241E-03 7.20720E-05 3.22971E-05 1.17431E-02 
3.41852E-05 6.97397E-05 7.07309E-03 1.14776E-04 2.64065E-04 2.83749E-02 1.21395E-01 2.77168E-03 6.97397E-05 3.41852E-05 1.01180E-02 
3.53219E-05 6.70341E-05 6.75995E-03 1.20966E-04 2.41141E-04 2.59881E-02 1.12484E-01 2.58808E-03 6.70341E-05 3.53219E-05 8.72154E-03 
3.58210E-05 6.40460E-05 6.44374E-03 1.26532E-04 2.19723E-04 2.37579E-02 1.04044E-01 2.41191E-03 6.40460E-05 3.58210E-05 7.52314E-03 
3.57888E-05 6.08589E-05 6.12647E-03 1.31456E-04 1.99784E-04 2.16796E-02 9.60730E-02 2.24341E-03 6.08589E-05 3.57888E-05 6.49566E-03 
3.53236E-05 5.75480E-05 5.81007E-03 1.35724E-04 1.81287E-04 1.97479E-02 8.85628E-02 2.08274E-03 5.75480E-05 3.53236E-05 5.61528E-03 
3.45159E-05 5.41812E-05 5.49629E-03 1.39333E-04 1.64192E-04 1.79571E-02 8.15046E-02 1.93000E-03 5.41812E-05 3.45159E-05 4.86128E-03 
3.34477E-05 5.08183E-05 5.18678E-03 1.42284E-04 1.48450E-04 1.63011E-02 7.48874E-02 1.78522E-03 5.08183E-05 3.34477E-05 4.21580E-03 
9.11319E-07 1.72326E-05 1.17789E-02 -2.16063E-04 6.28820E-04 8.17089E-02 3.13048E-01 6.47182E-03 1.72326E-05 9.11319E-07 8.62149E-02 
9.11319E-07 1.72326E-05 1.16867E-02 -2.02700E-04 5.88756E-04 7.71897E-02 2.98399E-01 6.21672E-03 1.72326E-05 9.11319E-07 7.69828E-02 
9.11319E-07 2.79198E-06 1.15710E-02 -1.87245E-04 5.52361E-04 7.28704E-02 2.84242E-01 5.96811E-03 2.79198E-06 9.11319E-07 6.85854E-02 
9.11319E-07 9.23681E-06 1.14331E-02 -1.70216E-04 5.19098E-04 6.87412E-02 2.70558E-01 5.72551E-03 9.23681E-06 9.11319E-07 6.09497E-02 
9.11319E-07 1.54806E-05 1.12721E-02 -1.52339E-04 4.87614E-04 6.47434E-02 2.57166E-01 5.48517E-03 1.54806E-05 9.11319E-07 5.40106E-02 
9.11319E-07 2.13566E-05 1.10889E-02 -1.33912E-04 4.57748E-04 6.08826E-02 2.44090E-01 5.24753E-03 2.13566E-05 9.11319E-07 4.77356E-02 
9.11319E-07 2.67391E-05 1.08847E-02 -1.15194E-04 4.29362E-04 5.71631E-02 2.31353E-01 5.01300E-03 2.67391E-05 9.11319E-07 4.20873E-02 
9.11319E-07 3.05077E-05 1.07130E-02 -1.00655E-04 4.08343E-04 5.43843E-02 2.21742E-01 4.83394E-03 3.05077E-05 9.11319E-07 3.81219E-02 
9.11319E-07 3.15394E-05 1.06607E-02 -9.64109E-05 4.02345E-04 5.35883E-02 2.18974E-01 4.78202E-03 3.15394E-05 9.11319E-07 3.70260E-02 
9.11319E-07 3.60004E-05 1.03987E-02 -7.63109E-05 3.74645E-04 4.98990E-02 2.06047E-01 4.53744E-03 3.60004E-05 9.11319E-07 3.21784E-02 
9.11319E-07 3.96893E-05 1.01173E-02 -5.65708E-05 3.48346E-04 4.63827E-02 1.93573E-01 4.29801E-03 3.96893E-05 9.11319E-07 2.79114E-02 
9.11319E-07 4.26070E-05 9.81876E-03 -3.73625E-05 3.23383E-04 4.30401E-02 1.81568E-01 4.06424E-03 4.26070E-05 9.11319E-07 2.41715E-02 
9.11319E-07 4.47795E-05 9.50519E-03 -1.88280E-05 2.99707E-04 3.98709E-02 1.70040E-01 3.83661E-03 4.47795E-05 9.11319E-07 2.09066E-02 
4.79734E-06 4.62241E-05 9.18216E-03 -1.27119E-06 2.77507E-04 3.69051E-02 1.59114E-01 3.61781E-03 4.62241E-05 4.79734E-06 1.80438E-02 
9.71560E-06 4.70387E-05 8.84735E-03 1.54893E-05 2.56405E-04 3.40932E-02 1.48623E-01 3.40489E-03 4.70387E-05 9.71560E-06 1.55475E-02 
1.37463E-05 4.72840E-05 8.50215E-03 3.14081E-05 2.36349E-04 3.14282E-02 1.38551E-01 3.19780E-03 4.72840E-05 1.37463E-05 1.33822E-02 
1.69611E-05 4.70200E-05 8.14880E-03 4.64039E-05 2.17344E-04 2.89105E-02 1.28911E-01 2.99704E-03 4.70200E-05 1.69611E-05 1.15108E-02 
1.94375E-05 4.63110E-05 7.78960E-03 6.04102E-05 1.99395E-04 2.65395E-02 1.19713E-01 2.80308E-03 4.63110E-05 1.94375E-05 9.89806E-03 
2.12558E-05 4.52225E-05 7.42679E-03 7.33747E-05 1.82499E-04 2.43135E-02 1.10961E-01 2.61631E-03 4.52225E-05 2.12558E-05 8.51159E-03 
2.24961E-05 4.38197E-05 7.06257E-03 8.52582E-05 1.66649E-04 2.22298E-02 1.02659E-01 2.43705E-03 4.38197E-05 2.24961E-05 7.32179E-03 
2.32367E-05 4.21651E-05 6.69903E-03 9.60343E-05 1.51832E-04 2.02851E-02 9.48040E-02 2.26553E-03 4.21651E-05 2.32367E-05 6.30206E-03 
2.35527E-05 4.03179E-05 6.33818E-03 1.05689E-04 1.38029E-04 1.84752E-02 8.73934E-02 2.10195E-03 4.03179E-05 2.35527E-05 5.42884E-03 
2.35154E-05 3.83330E-05 5.98184E-03 1.14221E-04 1.25216E-04 1.67955E-02 8.04203E-02 1.94641E-03 3.83330E-05 2.35154E-05 4.68145E-03 
2.31911E-05 3.62612E-05 5.63172E-03 1.21638E-04 1.13365E-04 1.52406E-02 7.38759E-02 1.79896E-03 3.62612E-05 2.31911E-05 4.04201E-03 
2.26419E-05 3.41490E-05 5.28934E-03 1.27963E-04 1.02445E-04 1.38052E-02 6.77493E-02 1.65958E-03 3.41490E-05 2.26419E-05 3.49512E-03 
2.19248E-05 3.20385E-05 4.95605E-03 1.33227E-04 9.24224E-05 1.24833E-02 6.20279E-02 1.52823E-03 3.20385E-05 2.19248E-05 3.02764E-03 
5.84398E-07 9.29831E-06 1.34029E-02 -3.27586E-04 4.10634E-04 6.65696E-02 2.75460E-01 6.04934E-03 9.29831E-06 5.84398E-07 6.51877E-02 
5.84398E-07 9.29831E-06 1.31674E-02 -3.03874E-04 3.82195E-04 6.27210E-02 2.61939E-01 5.78862E-03 9.29831E-06 5.84398E-07 5.79107E-02 
5.84398E-07 1.39520E-06 1.29140E-02 -2.78921E-04 3.56670E-04 5.90536E-02 2.48910E-01 5.53578E-03 1.39520E-06 5.84398E-07 5.13415E-02 
5.84398E-07 4.79859E-06 1.26438E-02 -2.53162E-04 3.33607E-04 5.55579E-02 2.36351E-01 5.29029E-03 4.79859E-06 5.84398E-07 4.54130E-02 
5.84398E-07 8.28997E-06 1.23547E-02 -2.26985E-04 3.12014E-04 5.21835E-02 2.24094E-01 5.04851E-03 8.28997E-06 5.84398E-07 4.00604E-02 
5.84398E-07 1.17156E-05 1.20480E-02 -2.00685E-04 2.91737E-04 4.89346E-02 2.12161E-01 4.81086E-03 1.17156E-05 5.84398E-07 3.52512E-02 
5.84398E-07 1.49561E-05 1.17252E-02 -1.74521E-04 2.72641E-04 4.58142E-02 2.00570E-01 4.57770E-03 1.49561E-05 5.84398E-07 3.09497E-02 
5.84398E-07 1.72789E-05 1.14654E-02 -1.54513E-04 2.58607E-04 4.34896E-02 1.91848E-01 4.40064E-03 1.72789E-05 5.84398E-07 2.79466E-02 
5.84398E-07 1.79225E-05 1.13879E-02 -1.48718E-04 2.54618E-04 4.28248E-02 1.89339E-01 4.34945E-03 1.79225E-05 5.84398E-07 2.71192E-02 
5.84398E-07 2.07448E-05 1.10101E-02 -1.21526E-04 2.36283E-04 3.97497E-02 1.77647E-01 4.10925E-03 2.07448E-05 5.84398E-07 2.34734E-02 
5.84398E-07 2.31328E-05 1.06197E-02 -9.51886E-05 2.19003E-04 3.68292E-02 1.66402E-01 3.87563E-03 2.31328E-05 5.84398E-07 2.02844E-02 
5.84398E-07 2.50680E-05 1.02192E-02 -6.98781E-05 2.02706E-04 3.40628E-02 1.55615E-01 3.64897E-03 2.50680E-05 5.84398E-07 1.75063E-02 
5.84398E-07 2.65530E-05 9.81085E-03 -4.57346E-05 1.87341E-04 3.14494E-02 1.45294E-01 3.42966E-03 2.65530E-05 5.84398E-07 1.50948E-02 
3.08145E-06 2.75850E-05 9.40122E-03 -2.31114E-05 1.73007E-04 2.90127E-02 1.35544E-01 3.22019E-03 2.75850E-05 3.08145E-06 1.29936E-02 
6.25352E-06 2.82284E-05 8.98663E-03 -1.73277E-06 1.59453E-04 2.67109E-02 1.26215E-01 3.01759E-03 2.82284E-05 6.25352E-06 1.11704E-02 
8.86277E-06 2.85151E-05 8.56829E-03 1.83657E-05 1.46630E-04 2.45376E-02 1.17290E-01 2.82174E-03 2.85151E-05 8.86277E-06 9.59582E-03 
1.09498E-05 2.84771E-05 8.14852E-03 3.71008E-05 1.34531E-04 2.24922E-02 1.08778E-01 2.63303E-03 2.84771E-05 1.09498E-05 8.24007E-03 
1.25606E-05 2.81508E-05 7.72958E-03 5.44093E-05 1.23146E-04 2.05734E-02 1.00686E-01 2.45180E-03 2.81508E-05 1.25606E-05 7.07552E-03 
1.37440E-05 2.75750E-05 7.31362E-03 7.02471E-05 1.12465E-04 1.87789E-02 9.30145E-02 2.27831E-03 2.75750E-05 1.37440E-05 6.07701E-03 
1.45500E-05 2.67891E-05 6.90268E-03 8.45878E-05 1.02476E-04 1.71060E-02 8.57641E-02 2.11277E-03 2.67891E-05 1.45500E-05 5.22189E-03 
1.50283E-05 2.58322E-05 6.49867E-03 9.74225E-05 9.31640E-05 1.55508E-02 7.89308E-02 1.95531E-03 2.58322E-05 1.50283E-05 4.49012E-03 
1.52274E-05 2.47419E-05 6.10330E-03 1.08758E-04 8.45120E-05 1.41094E-02 7.25084E-02 1.80599E-03 2.47419E-05 1.52274E-05 3.86413E-03 
1.51941E-05 2.35543E-05 5.71813E-03 1.18618E-04 7.65013E-05 1.27772E-02 6.64885E-02 1.66481E-03 2.35543E-05 1.51941E-05 3.32872E-03 
1.49729E-05 2.23036E-05 5.34451E-03 1.27038E-04 6.91119E-05 1.15491E-02 6.08608E-02 1.53174E-03 2.23036E-05 1.49729E-05 2.87090E-03 
1.46063E-05 2.10221E-05 4.98361E-03 1.34068E-04 6.23229E-05 1.04202E-02 5.56131E-02 1.40666E-03 2.10221E-05 1.46063E-05 2.47959E-03 
1.41342E-05 1.97402E-05 4.63641E-03 1.39770E-04 5.61134E-05 9.38490E-03 5.07319E-02 1.28944E-03 1.97402E-05 1.41342E-05 2.14550E-03 
3.66500E-07 4.44861E-06 1.47387E-02 -3.75536E-04 2.61492E-04 5.32515E-02 2.39501E-01 5.55889E-03 4.44861E-06 3.66500E-07 4.80360E-02 
3.66500E-07 4.44861E-06 1.43549E-02 -3.43705E-04 2.41751E-04 5.00372E-02 2.27186E-01 5.29986E-03 4.44861E-06 3.66500E-07 4.24684E-02 
3.66500E-07 5.61966E-07 1.39607E-02 -3.11496E-04 2.24253E-04 4.69832E-02 2.15352E-01 5.04974E-03 5.61966E-07 3.66500E-07 3.74789E-02 
3.66500E-07 2.11998E-06 1.35572E-02 -2.79256E-04 2.08635E-04 4.40811E-02 2.03977E-01 4.80798E-03 2.11998E-06 3.66500E-07 3.30087E-02 
3.66500E-07 3.90643E-06 1.31406E-02 -2.47101E-04 1.94184E-04 4.12879E-02 1.92908E-01 4.57105E-03 3.90643E-06 3.66500E-07 2.89980E-02 
3.66500E-07 5.78755E-06 1.27126E-02 -2.15308E-04 1.80761E-04 3.86069E-02 1.82161E-01 4.33934E-03 5.78755E-06 3.66500E-07 2.54165E-02 
3.66500E-07 7.65733E-06 1.22750E-02 -1.84121E-04 1.68247E-04 3.60400E-02 1.71755E-01 4.11321E-03 7.65733E-06 3.66500E-07 2.22324E-02 
3.66500E-07 9.04413E-06 1.19311E-02 -1.60542E-04 1.59125E-04 3.41331E-02 1.63943E-01 3.94228E-03 9.04413E-06 3.66500E-07 2.00210E-02 
3.66500E-07 9.43485E-06 1.18298E-02 -1.53753E-04 1.56544E-04 3.35886E-02 1.61700E-01 3.89299E-03 9.43485E-06 3.66500E-07 1.94136E-02 
3.66500E-07 1.11813E-05 1.13432E-02 -1.22133E-04 1.44742E-04 3.10755E-02 1.51266E-01 3.66252E-03 1.11813E-05 3.66500E-07 1.67463E-02 
3.66500E-07 1.27045E-05 1.08524E-02 -9.18658E-05 1.33707E-04 2.86971E-02 1.41265E-01 3.43964E-03 1.27045E-05 3.66500E-07 1.44269E-02 
3.66500E-07 1.39776E-05 1.03596E-02 -6.31060E-05 1.23375E-04 2.64523E-02 1.31704E-01 3.22466E-03 1.39776E-05 3.66500E-07 1.24173E-02 
3.66500E-07 1.49908E-05 9.86723E-03 -3.59765E-05 1.13696E-04 2.43395E-02 1.22586E-01 3.01783E-03 1.49908E-05 3.66500E-07 1.06818E-02 
1.93733E-06 1.57367E-05 9.38253E-03 -1.08339E-05 1.04723E-04 2.23768E-02 1.14004E-01 2.82144E-03 1.57367E-05 1.93733E-06 9.17795E-03 
3.94412E-06 1.62515E-05 8.90039E-03 1.26586E-05 9.62865E-05 2.05298E-02 1.05820E-01 2.63257E-03 1.62515E-05 3.94412E-06 7.87850E-03 
5.60443E-06 1.65478E-05 8.42176E-03 3.44823E-05 8.83442E-05 1.87924E-02 9.80192E-02 2.45102E-03 1.65478E-05 5.60443E-06 6.76002E-03 
6.93869E-06 1.66401E-05 7.94887E-03 5.45670E-05 8.08816E-05 1.71636E-02 9.06065E-02 2.27709E-03 1.66401E-05 6.93869E-06 5.79962E-03 
7.97201E-06 1.65470E-05 7.48379E-03 7.28661E-05 7.38852E-05 1.56416E-02 8.35848E-02 2.11099E-03 1.65470E-05 7.97201E-06 4.97641E-03 
8.73248E-06 1.62898E-05 7.02843E-03 8.93555E-05 6.73418E-05 1.42240E-02 7.69536E-02 1.95288E-03 1.62898E-05 8.73248E-06 4.27155E-03 
9.24985E-06 1.58914E-05 6.58454E-03 1.04032E-04 6.12387E-05 1.29076E-02 7.07097E-02 1.80286E-03 1.58914E-05 9.24985E-06 3.66839E-03 
9.55467E-06 1.53754E-05 6.15369E-03 1.16911E-04 5.55624E-05 1.16890E-02 6.48476E-02 1.66096E-03 1.53754E-05 9.55467E-06 3.15231E-03 
9.67754E-06 1.47654E-05 5.73720E-03 1.28029E-04 5.02996E-05 1.05641E-02 5.93595E-02 1.52714E-03 1.47654E-05 9.67754E-06 2.71073E-03 
9.64883E-06 1.40852E-05 5.33623E-03 1.37435E-04 4.54369E-05 9.52883E-03 5.42355E-02 1.40133E-03 1.40852E-05 9.64883E-06 2.33286E-03 
9.49841E-06 1.33579E-05 4.95172E-03 1.45197E-04 4.09617E-05 8.57856E-03 4.94643E-02 1.28340E-03 1.33579E-05 9.49841E-06 2.00961E-03 
9.25558E-06 1.26067E-05 4.58437E-03 1.51396E-04 3.68616E-05 7.70869E-03 4.50330E-02 1.17316E-03 1.26067E-05 9.25558E-06 1.73335E-03 
8.94895E-06 1.18543E-05 4.23473E-03 1.56121E-04 3.31256E-05 6.91447E-03 4.09280E-02 1.07042E-03 1.18543E-05 8.94895E-06 1.49771E-03 
2.24893E-07 1.67747E-06 1.56500E-02 -3.71774E-04 1.61980E-04 4.17508E-02 2.05536E-01 5.01628E-03 1.67747E-06 2.24893E-07 3.44140E-02 
2.24893E-07 1.67747E-06 1.51244E-02 -3.34040E-04 1.48612E-04 3.91221E-02 1.94476E-01 4.76559E-03 1.67747E-06 2.24893E-07 3.02896E-02 
2.24893E-07 1.06727E-07 1.45976E-02 -2.96762E-04 1.36914E-04 3.66319E-02 1.83878E-01 4.52445E-03 1.06727E-07 2.24893E-07 2.66195E-02 
2.24893E-07 6.24238E-07 1.40703E-02 -2.60198E-04 1.26606E-04 3.42728E-02 1.73721E-01 4.29233E-03 6.24238E-07 2.24893E-07 2.33545E-02 
2.24893E-07 1.41351E-06 1.35372E-02 -2.24251E-04 1.17188E-04 3.20091E-02 1.63865E-01 4.06586E-03 1.41351E-06 2.24893E-07 2.04425E-02 
2.24893E-07 2.36403E-06 1.30002E-02 -1.89173E-04 1.08543E-04 2.98431E-02 1.54325E-01 3.84541E-03 2.36403E-06 2.24893E-07 1.78573E-02 
2.24893E-07 3.38725E-06 1.24612E-02 -1.55180E-04 1.00573E-04 2.77759E-02 1.45113E-01 3.63126E-03 3.38725E-06 2.24893E-07 1.55720E-02 
2.24893E-07 4.18464E-06 1.20441E-02 -1.29743E-04 9.48151E-05 2.62445E-02 1.38218E-01 3.47008E-03 4.18464E-06 2.24893E-07 1.39925E-02 
2.24893E-07 4.41449E-06 1.19223E-02 -1.22461E-04 9.31937E-05 2.58080E-02 1.36240E-01 3.42372E-03 4.41449E-06 2.24893E-07 1.35598E-02 
2.24893E-07 5.46822E-06 1.13435E-02 -8.87881E-05 8.58228E-05 2.37974E-02 1.27063E-01 3.20762E-03 5.46822E-06 2.24893E-07 1.16661E-02 
2.24893E-07 6.42291E-06 1.07693E-02 -5.69398E-05 7.89927E-05 2.19015E-02 1.18295E-01 2.99974E-03 6.42291E-06 2.24893E-07 1.00279E-02 
2.24893E-07 7.25077E-06 1.02021E-02 -2.70409E-05 7.26488E-05 2.01187E-02 1.09942E-01 2.80030E-03 7.25077E-06 2.24893E-07 8.61537E-03 
2.24893E-07 7.93714E-06 9.64386E-03 8.14564E-07 6.67478E-05 1.84468E-02 1.02005E-01 2.60946E-03 7.93714E-06 2.24893E-07 7.40072E-03 
1.19300E-06 8.47966E-06 9.10232E-03 2.63036E-05 6.13219E-05 1.68998E-02 9.45598E-02 2.42924E-03 8.47966E-06 1.19300E-06 6.35307E-03 
2.43971E-06 8.89088E-06 8.57100E-03 4.97956E-05 5.62538E-05 1.54494E-02 8.74863E-02 2.25686E-03 8.89088E-06 2.43971E-06 5.45059E-03 
3.47956E-06 9.17100E-06 8.05050E-03 7.12938E-05 5.15073E-05 1.40904E-02 8.07678E-02 2.09206E-03 9.17100E-06 3.47956E-06 4.67548E-03 
4.32062E-06 9.32412E-06 7.54275E-03 9.07524E-05 4.70663E-05 1.28213E-02 7.44074E-02 1.93502E-03 9.32412E-06 4.32062E-06 4.01089E-03 
4.97491E-06 9.35809E-06 7.04951E-03 1.08151E-04 4.29166E-05 1.16402E-02 6.84049E-02 1.78587E-03 9.35809E-06 4.97491E-06 3.44158E-03 
5.45724E-06 9.28346E-06 6.57233E-03 1.23494E-04 3.90457E-05 1.05445E-02 6.27579E-02 1.64467E-03 9.28346E-06 5.45724E-06 2.95406E-03 
5.78435E-06 9.11267E-06 6.11253E-03 1.36808E-04 3.54421E-05 9.53133E-03 5.74613E-02 1.51142E-03 9.11267E-06 5.78435E-06 2.53651E-03 
5.97429E-06 8.85950E-06 5.67122E-03 1.48140E-04 3.20953E-05 8.59728E-03 5.25079E-02 1.38607E-03 8.85950E-06 5.97429E-06 2.17874E-03 
6.04603E-06 8.53878E-06 5.24928E-03 1.57554E-04 2.89959E-05 7.73877E-03 4.78889E-02 1.26851E-03 8.53878E-06 6.04603E-06 1.87206E-03 
6.01923E-06 8.16616E-06 4.84736E-03 1.65134E-04 2.61355E-05 6.95197E-03 4.35937E-02 1.15859E-03 8.16616E-06 6.01923E-06 1.60915E-03 
5.91415E-06 7.75809E-06 4.46592E-03 1.70976E-04 2.35072E-05 6.23294E-03 3.96103E-02 1.05611E-03 7.75809E-06 5.91415E-06 1.38395E-03 
5.75155E-06 7.33173E-06 4.10520E-03 1.75190E-04 2.11058E-05 5.57761E-03 3.59259E-02 9.60844E-04 7.33173E-06 5.75155E-06 1.19141E-03 
5.55259E-06 6.90486E-06 3.76525E-03 1.77895E-04 1.89275E-05 4.98194E-03 3.25268E-02 8.72546E-04 6.90486E-06 5.55259E-06 1.02739E-03 
1.35254E-07 2.35448E-07 1.60241E-02 -3.25598E-04 9.72231E-05 3.19984E-02 1.73818E-01 4.43803E-03 2.35448E-07 1.35254E-07 2.38820E-02 
1.35254E-07 2.35448E-07 1.53758E-02 -2.84155E-04 8.84222E-05 2.98981E-02 1.64037E-01 4.20147E-03 2.35448E-07 1.35254E-07 2.09356E-02 
1.35254E-07 -1.09537E-07 1.47362E-02 -2.43943E-04 8.08227E-05 2.79147E-02 1.54692E-01 3.97479E-03 -1.09537E-07 1.35254E-07 1.83317E-02 
1.35254E-07 -1.19648E-07 1.41060E-02 -2.05135E-04 7.42144E-05 2.60415E-02 1.45763E-01 3.75742E-03 -1.19648E-07 1.35254E-07 1.60309E-02 
1.35254E-07 1.27997E-07 1.34779E-02 -1.67473E-04 6.82568E-05 2.42496E-02 1.37122E-01 3.54624E-03 1.27997E-07 1.35254E-07 1.39905E-02 
1.35254E-07 5.46626E-07 1.28541E-02 -1.31175E-04 6.28578E-05 2.25405E-02 1.28784E-01 3.34155E-03 5.46626E-07 1.35254E-07 1.21889E-02 
1.35254E-07 1.06635E-06 1.22364E-02 -9.64244E-05 5.79393E-05 2.09146E-02 1.20758E-01 3.14360E-03 1.06635E-06 1.35254E-07 1.06047E-02 
1.35254E-07 1.50267E-06 1.17640E-02 -7.06968E-05 5.44217E-05 1.97137E-02 1.14767E-01 2.99521E-03 1.50267E-06 1.35254E-07 9.51454E-03 
1.35254E-07 1.63249E-06 1.16269E-02 -6.33757E-05 5.34364E-05 1.93720E-02 1.13052E-01 2.95262E-03 1.63249E-06 1.35254E-07 9.21661E-03 
1.35254E-07 2.24764E-06 1.09809E-02 -2.97921E-05 4.89859E-05 1.78013E-02 1.05106E-01 2.75471E-03 2.24764E-06 1.35254E-07 7.91653E-03 
1.35254E-07 2.83172E-06 1.03485E-02 1.54482E-06 4.49033E-05 1.63258E-02 9.75423E-02 2.56529E-03 2.83172E-06 1.35254E-07 6.79692E-03 
1.35254E-07 3.36009E-06 9.73170E-03 3.05483E-05 4.11454E-05 1.49434E-02 9.03612E-02 2.38450E-03 3.36009E-06 1.35254E-07 5.83531E-03 
1.35254E-07 3.81788E-06 9.13221E-03 5.71620E-05 3.76784E-05 1.36520E-02 8.35617E-02 2.21239E-03 3.81788E-06 1.35254E-07 5.01113E-03 
7.20959E-07 4.21333E-06 8.55762E-03 8.11257E-05 3.45291E-05 1.24617E-02 7.72076E-02 2.05073E-03 4.21333E-06 7.20959E-07 4.30267E-03 
1.48333E-06 4.53888E-06 8.00038E-03 1.02817E-04 3.16108E-05 1.13502E-02 7.11925E-02 1.89690E-03 4.53888E-06 1.48333E-06 3.69341E-03 
2.12598E-06 4.78689E-06 7.46062E-03 1.22264E-04 2.88923E-05 1.03128E-02 6.55005E-02 1.75061E-03 4.78689E-06 2.12598E-06 3.17048E-03 
2.64989E-06 4.95587E-06 6.93987E-03 1.39453E-04 2.63589E-05 9.34790E-03 6.01322E-02 1.61194E-03 4.95587E-06 2.64989E-06 2.72195E-03 
3.05929E-06 5.04753E-06 6.43945E-03 1.54399E-04 2.39979E-05 8.45360E-03 5.50855E-02 1.48093E-03 5.04753E-06 3.05929E-06 2.33726E-03 
3.36091E-06 5.06608E-06 5.96043E-03 1.67139E-04 2.17986E-05 7.62744E-03 5.03561E-02 1.35758E-03 5.06608E-06 3.36091E-06 2.00711E-03 
3.56337E-06 5.01767E-06 5.50364E-03 1.77733E-04 1.97519E-05 6.86671E-03 4.59378E-02 1.24180E-03 5.01767E-06 3.56337E-06 1.72351E-03 
3.67692E-06 4.91012E-06 5.06967E-03 1.86260E-04 1.78503E-05 6.16842E-03 4.18223E-02 1.13347E-03 4.91012E-06 3.67692E-06 1.47967E-03 
3.71313E-06 4.75273E-06 4.65887E-03 1.92820E-04 1.60878E-05 5.52940E-03 3.80002E-02 1.03242E-03 4.75273E-06 3.71313E-06 1.26990E-03 
3.68491E-06 4.55625E-06 4.27140E-03 1.97525E-04 1.44603E-05 4.94633E-03 3.44606E-02 9.38451E-04 4.55625E-06 3.68491E-06 1.08949E-03 
3.60642E-06 4.33282E-06 3.90721E-03 2.00501E-04 1.29655E-05 4.41586E-03 3.11916E-02 8.51328E-04 4.33282E-06 3.60642E-06 9.34592E-04 
3.49300E-06 4.09594E-06 3.56605E-03 2.01885E-04 1.16033E-05 3.93457E-03 2.81806E-02 7.70789E-04 4.09594E-06 3.49300E-06 8.02096E-04 
3.36110E-06 3.86034E-06 3.24754E-03 2.01821E-04 1.03750E-05 3.49908E-03 2.54144E-02 6.96552E-04 3.86034E-06 3.36110E-06 6.89476E-04 
8.06909E-08 -4.02605E-07 1.57911E-02 -2.45171E-04 5.66284E-05 2.39742E-02 1.44867E-01 3.84798E-03 -4.02605E-07 8.06909E-08 1.60525E-02 
8.06909E-08 -4.02605E-07 1.50523E-02 -2.02223E-04 5.09908E-05 2.23351E-02 1.36351E-01 3.63022E-03 -4.02605E-07 8.06909E-08 1.40248E-02 
8.06909E-08 -1.85017E-07 1.43322E-02 -1.61190E-04 4.61862E-05 2.07920E-02 1.28238E-01 3.42230E-03 -1.85017E-07 8.06909E-08 1.22445E-02 
8.06909E-08 -4.15045E-07 1.36308E-02 -1.22166E-04 4.20639E-05 1.93392E-02 1.20510E-01 3.22369E-03 -4.15045E-07 8.06909E-08 1.06817E-02 
8.06909E-08 -4.29308E-07 1.29396E-02 -8.47826E-05 3.83987E-05 1.79539E-02 1.13054E-01 3.03150E-03 -4.29308E-07 8.06909E-08 9.30291E-03 
8.06909E-08 -2.92674E-07 1.22606E-02 -4.92179E-05 3.51213E-05 1.66369E-02 1.05881E-01 2.84597E-03 -2.92674E-07 8.06909E-08 8.09155E-03 
8.06909E-08 -5.74262E-08 1.15956E-02 -1.56163E-05 3.21735E-05 1.53881E-02 9.89974E-02 2.66732E-03 -5.74262E-08 8.06909E-08 7.03120E-03 
8.06909E-08 1.65871E-07 1.10916E-02 8.96065E-06 3.00880E-05 1.44684E-02 9.38736E-02 2.53391E-03 1.65871E-07 8.06909E-08 6.30437E-03 
8.06909E-08 2.35401E-07 1.09462E-02 1.59051E-05 2.95073E-05 1.42072E-02 9.24090E-02 2.49570E-03 2.35401E-07 8.06909E-08 6.10613E-03 
8.06909E-08 5.79905E-07 1.02653E-02 4.74612E-05 2.69027E-05 1.30092E-02 8.56391E-02 2.31868E-03 5.79905E-07 8.06909E-08 5.24307E-03 
8.06909E-08 9.26584E-07 9.60608E-03 7.64205E-05 2.45402E-05 1.18879E-02 7.92170E-02 2.15008E-03 9.26584E-07 8.06909E-08 4.50240E-03 
8.06909E-08 1.25582E-06 8.97000E-03 1.02741E-04 2.23883E-05 1.08415E-02 7.31418E-02 1.98995E-03 1.25582E-06 8.06909E-08 3.86800E-03 
8.06909E-08 1.55489E-06 8.35829E-03 1.26410E-04 2.04217E-05 9.86778E-03 6.74105E-02 1.83828E-03 1.55489E-06 8.06909E-08 3.32529E-03 
4.32822E-07 1.84488E-06 7.77808E-03 1.47252E-04 1.86717E-05 8.97383E-03 6.20746E-02 1.69655E-03 1.84488E-06 4.32822E-07 2.85955E-03 
8.97440E-07 2.10123E-06 7.22107E-03 1.65630E-04 1.70664E-05 8.14237E-03 5.70421E-02 1.56238E-03 2.10123E-06 8.97440E-07 2.45897E-03 
1.29411E-06 2.31138E-06 6.68685E-03 1.81601E-04 1.55792E-05 7.36949E-03 5.22980E-02 1.43542E-03 2.31138E-06 1.29411E-06 2.11463E-03 
1.62019E-06 2.47125E-06 6.17650E-03 1.95188E-04 1.41973E-05 6.65363E-03 4.78408E-02 1.31571E-03 2.47125E-06 1.62019E-06 1.81851E-03 
1.87563E-06 2.57936E-06 5.69081E-03 2.06444E-04 1.29104E-05 5.99291E-03 4.36670E-02 1.20321E-03 2.57936E-06 1.87563E-06 1.56356E-03 
2.06247E-06 2.63639E-06 5.23034E-03 2.15442E-04 1.17101E-05 5.38513E-03 3.97711E-02 1.09784E-03 2.63639E-06 2.06247E-06 1.34371E-03 
2.18458E-06 2.64489E-06 4.79537E-03 2.22277E-04 1.05895E-05 4.82791E-03 3.61462E-02 9.99458E-04 2.64489E-06 2.18458E-06 1.15381E-03 
2.24747E-06 2.60920E-06 4.38600E-03 2.27063E-04 9.54379E-06 4.31867E-03 3.27835E-02 9.07905E-04 2.60920E-06 2.24747E-06 9.89565E-04 
2.25830E-06 2.53537E-06 4.00206E-03 2.29930E-04 8.56996E-06 3.85472E-03 2.96733E-02 8.22969E-04 2.53537E-06 2.25830E-06 8.47452E-04 
2.22586E-06 2.43121E-06 3.64322E-03 2.31019E-04 7.66700E-06 3.43331E-03 2.68051E-02 7.44415E-04 2.43121E-06 2.22586E-06 7.24636E-04 
2.16062E-06 2.30632E-06 3.30899E-03 2.30482E-04 6.83604E-06 3.05166E-03 2.41673E-02 6.71983E-04 2.30632E-06 2.16062E-06 6.18871E-04 
2.07468E-06 2.17204E-06 2.99869E-03 2.28479E-04 6.08033E-06 2.70699E-03 2.17480E-02 6.05396E-04 2.17204E-06 2.07468E-06 5.28388E-04 
1.98164E-06 2.04134E-06 2.71155E-03 2.25174E-04 5.40516E-06 2.39659E-03 1.95350E-02 5.44365E-04 2.04134E-06 1.98164E-06 4.51801E-04 
4.82341E-08 -6.05354E-07 1.49352E-02 -1.35512E-04 3.16664E-05 1.74408E-02 1.18494E-01 3.25696E-03 -6.05354E-07 4.82341E-08 1.03502E-02 
4.82341E-08 -6.05354E-07 1.41469E-02 -9.32393E-05 2.81840E-05 1.61987E-02 1.11218E-01 3.06177E-03 -6.05354E-07 4.82341E-08 9.02017E-03 
4.82341E-08 -1.87702E-07 1.33862E-02 -5.34658E-05 2.52535E-05 1.50331E-02 1.04309E-01 2.87609E-03 -1.87702E-07 4.82341E-08 7.85985E-03 
4.82341E-08 -4.73361E-07 1.26523E-02 -1.62123E-05 2.27721E-05 1.39394E-02 9.77475E-02 2.69939E-03 -4.73361E-07 4.82341E-08 6.84763E-03 
4.82341E-08 -5.94297E-07 1.19359E-02 1.89578E-05 2.05966E-05 1.28999E-02 9.14371E-02 2.52908E-03 -5.94297E-07 4.82341E-08 5.95874E-03 
4.82341E-08 -5.96358E-07 1.12386E-02 5.19100E-05 1.86781E-05 1.19149E-02 8.53851E-02 2.36536E-03 -5.96358E-07 4.82341E-08 5.18112E-03 
4.82341E-08 -5.16358E-07 1.05619E-02 8.25433E-05 1.69755E-05 1.09842E-02 7.95962E-02 2.20835E-03 -5.16358E-07 4.82341E-08 4.50307E-03 
4.82341E-08 -4.16687E-07 1.00534E-02 1.04606E-04 1.57848E-05 1.03009E-02 7.52996E-02 2.09156E-03 -4.16687E-07 4.82341E-08 4.03969E-03 
4.82341E-08 -3.83118E-07 9.90726E-03 1.10783E-04 1.54553E-05 1.01072E-02 7.40736E-02 2.05818E-03 -3.83118E-07 4.82341E-08 3.91350E-03 
4.82341E-08 -2.04941E-07 9.22725E-03 1.38498E-04 1.39897E-05 9.22069E-03 6.84184E-02 1.90399E-03 -2.04941E-07 4.82341E-08 3.36501E-03 
4.82341E-08 -1.05791E-08 8.57524E-03 1.63352E-04 1.26774E-05 8.39424E-03 6.30734E-02 1.75784E-03 -1.05791E-08 4.82341E-08 2.89529E-03 
4.82341E-08 1.85728E-07 7.95212E-03 1.85353E-04 1.14970E-05 7.62604E-03 5.80359E-02 1.61972E-03 1.85728E-07 4.82341E-08 2.49342E-03 
4.82341E-08 3.74229E-07 7.35855E-03 2.04536E-04 1.04312E-05 6.91410E-03 5.33015E-02 1.48955E-03 3.74229E-07 4.82341E-08 2.14962E-03 
2.60754E-07 5.89249E-07 6.80085E-03 2.20828E-04 9.51949E-06 6.26322E-03 4.89107E-02 1.36855E-03 5.89249E-07 2.60754E-07 1.85437E-03 
5.45769E-07 7.91498E-07 6.27035E-03 2.34559E-04 8.69577E-06 5.66034E-03 4.47855E-02 1.25459E-03 7.91498E-07 5.45769E-07 1.59971E-03 
7.92538E-07 9.65229E-07 5.76620E-03 2.45813E-04 7.93598E-06 5.10229E-03 4.09118E-02 1.14731E-03 9.65229E-07 7.92538E-07 1.37983E-03 
9.96804E-07 1.10540E-06 5.28894E-03 2.54657E-04 7.23008E-06 4.58764E-03 3.72869E-02 1.04668E-03 1.10540E-06 9.96804E-07 1.18961E-03 
1.15628E-06 1.20902E-06 4.83884E-03 2.61179E-04 6.56991E-06 4.11469E-03 3.39062E-02 9.52610E-04 1.20902E-06 1.15628E-06 1.02465E-03 
1.27045E-06 1.27491E-06 4.41594E-03 2.65493E-04 5.94903E-06 3.68158E-03 3.07636E-02 8.64968E-04 1.27491E-06 1.27045E-06 8.81200E-04 
1.34041E-06 1.30365E-06 4.02003E-03 2.67728E-04 5.36280E-06 3.28627E-03 2.78516E-02 7.83587E-04 1.30365E-06 1.34041E-06 7.56159E-04 
1.36898E-06 1.29757E-06 3.65070E-03 2.68030E-04 4.80841E-06 2.92666E-03 2.51617E-02 7.08265E-04 1.29757E-06 1.36898E-06 6.47015E-04 
1.36069E-06 1.26089E-06 3.30739E-03 2.66557E-04 4.28504E-06 2.60055E-03 2.26844E-02 6.38773E-04 1.26089E-06 1.36069E-06 5.51784E-04 
1.32195E-06 1.19975E-06 2.98933E-03 2.63477E-04 3.79402E-06 2.30573E-03 2.04096E-02 5.74860E-04 1.19975E-06 1.32195E-06 4.68937E-04 
1.26108E-06 1.12233E-06 2.69566E-03 2.58964E-04 3.33889E-06 2.04000E-03 1.83267E-02 5.16261E-04 1.12233E-06 1.26108E-06 3.97334E-04 
1.18832E-06 1.03877E-06 2.42538E-03 2.53194E-04 2.92543E-06 1.80118E-03 1.64247E-02 4.62698E-04 1.03877E-06 1.18832E-06 3.36139E-04 
1.11568E-06 9.61098E-07 2.17742E-03 2.46346E-04 2.56149E-06 1.58715E-03 1.46926E-02 4.13890E-04 9.61098E-07 1.11568E-06 2.84742E-04 
2.99597E-08 -5.96259E-07 1.35099E-02 -2.16234E-06 1.70006E-05 1.22971E-02 9.50273E-02 2.68662E-03 -5.96259E-07 2.99597E-08 6.38122E-03 
2.99597E-08 -5.96259E-07 1.27196E-02 3.72305E-05 1.49260E-05 1.13849E-02 8.89364E-02 2.51646E-03 -5.96259E-07 2.99597E-08 5.55465E-03 
2.99597E-08 -1.59085E-07 1.19633E-02 7.36612E-05 1.31996E-05 1.05318E-02 8.31706E-02 2.35520E-03 -1.59085E-07 2.99597E-08 4.83783E-03 
2.99597E-08 -4.23217E-07 1.12399E-02 1.07175E-04 1.17550E-05 9.73400E-03 7.77122E-02 2.20234E-03 -4.23217E-07 2.99597E-08 4.21611E-03 
2.99597E-08 -5.70728E-07 1.05394E-02 1.38237E-04 1.05051E-05 8.97834E-03 7.24796E-02 2.05558E-03 -5.70728E-07 2.99597E-08 3.67221E-03 
2.99597E-08 -6.32110E-07 9.86325E-03 1.66761E-04 9.41733E-06 8.26479E-03 6.74776E-02 1.91507E-03 -6.32110E-07 2.99597E-08 3.19797E-03 
2.99597E-08 -6.31613E-07 9.21246E-03 1.92691E-04 8.46467E-06 7.59292E-03 6.27090E-02 1.78090E-03 -6.31613E-07 2.99597E-08 2.78558E-03 
2.99597E-08 -6.00874E-07 8.72689E-03 2.10957E-04 7.80635E-06 7.10128E-03 5.91803E-02 1.68147E-03 -6.00874E-07 2.99597E-08 2.50427E-03 
2.99597E-08 -5.88052E-07 8.58793E-03 2.16001E-04 7.62544E-06 6.96212E-03 5.81751E-02 1.65312E-03 -5.88052E-07 2.99597E-08 2.42772E-03 
2.99597E-08 -5.09155E-07 7.94474E-03 2.38196E-04 6.82768E-06 6.32697E-03 5.35489E-02 1.52252E-03 -5.09155E-07 2.99597E-08 2.09520E-03 
2.99597E-08 -4.09907E-07 7.33342E-03 2.57373E-04 6.12427E-06 5.73724E-03 4.91930E-02 1.39934E-03 -4.09907E-07 2.99597E-08 1.81048E-03 
2.99597E-08 -2.99776E-07 6.75430E-03 2.73591E-04 5.50146E-06 5.19134E-03 4.51034E-02 1.28349E-03 -2.99776E-07 2.99597E-08 1.56659E-03 
2.99597E-08 -1.85618E-07 6.20743E-03 2.86936E-04 4.94810E-06 4.68755E-03 4.12748E-02 1.17487E-03 -1.85618E-07 2.99597E-08 1.35736E-03 
1.63357E-07 -2.09460E-08 5.69811E-03 2.97452E-04 4.51353E-06 4.22898E-03 3.77381E-02 1.07443E-03 -2.09460E-08 1.63357E-07 1.17690E-03 
3.45326E-07 1.42255E-07 5.21777E-03 3.05416E-04 4.13121E-06 3.80605E-03 3.44285E-02 9.80331E-04 1.42255E-07 3.45326E-07 1.02020E-03 
5.04876E-07 2.86048E-07 4.76518E-03 3.10938E-04 3.77862E-06 3.41629E-03 3.13333E-02 8.92205E-04 2.86048E-07 5.04876E-07 8.83710E-04 
6.37197E-07 4.05236E-07 4.34038E-03 3.14127E-04 3.44791E-06 3.05844E-03 2.84486E-02 8.09976E-04 4.05236E-07 6.37197E-07 7.64383E-04 
7.38971E-07 4.96204E-07 3.94319E-03 3.15113E-04 3.13276E-06 2.73108E-03 2.57694E-02 7.33518E-04 4.96204E-07 7.38971E-07 6.59629E-04 
8.08330E-07 5.56880E-07 3.57317E-03 3.14042E-04 2.82842E-06 2.43267E-03 2.32894E-02 6.62673E-04 5.56880E-07 8.08330E-07 5.67314E-04 
8.44916E-07 5.86808E-07 3.22972E-03 3.11079E-04 2.53182E-06 2.16159E-03 2.10012E-02 5.97251E-04 5.86808E-07 8.44916E-07 4.85732E-04 
8.50028E-07 5.87290E-07 2.91207E-03 3.06397E-04 2.24170E-06 1.91615E-03 1.88967E-02 5.37036E-04 5.87290E-07 8.50028E-07 4.13574E-04 
8.26793E-07 5.61556E-07 2.61930E-03 3.00178E-04 1.95886E-06 1.69466E-03 1.69670E-02 4.81795E-04 5.61556E-07 8.26793E-07 3.49879E-04 
7.80332E-07 5.14922E-07 2.35036E-03 2.92610E-04 1.68627E-06 1.49539E-03 1.52028E-02 4.31280E-04 5.14922E-07 7.80332E-07 2.93994E-04 
7.17861E-07 4.54883E-07 2.10415E-03 2.83883E-04 1.42922E-06 1.31668E-03 1.35947E-02 3.85234E-04 4.54883E-07 7.17861E-07 2.45510E-04 
6.48689E-07 3.91090E-07 1.87946E-03 2.74184E-04 1.19523E-06 1.15686E-03 1.21328E-02 3.43396E-04 3.91090E-07 6.48689E-07 2.04207E-04 
5.84063E-07 3.35179E-07 1.67508E-03 2.63700E-04 9.93956E-07 1.01437E-03 1.08076E-02 3.05502E-04 3.35179E-07 5.84063E-07 1.69985E-04 
2.03434E-08 -5.09193E-07 1.16345E-02 1.50428E-04 8.74390E-06 8.36393E-03 7.45191E-02 2.15269E-03 -5.09193E-07 2.03434E-08 3.73247E-03 
2.03434E-08 -5.09193E-07 1.08894E-02 1.84717E-04 7.55383E-06 7.71756E-03 6.95349E-02 2.00879E-03 -5.09193E-07 2.03434E-08 3.25176E-03 
2.03434E-08 -1.23272E-07 1.01819E-02 2.15719E-04 6.57107E-06 7.11519E-03 6.48323E-02 1.87293E-03 -1.23272E-07 2.03434E-08 2.83711E-03 
2.03434E-08 -3.40406E-07 9.51019E-03 2.43537E-04 5.75562E-06 6.55385E-03 6.03952E-02 1.74467E-03 -3.40406E-07 2.03434E-08 2.47933E-03 
2.03434E-08 -4.80241E-07 8.86468E-03 2.68629E-04 5.05741E-06 6.02406E-03 5.61557E-02 1.62202E-03 -4.80241E-07 2.03434E-08 2.16712E-03 
2.03434E-08 -5.61617E-07 8.24624E-03 2.90960E-04 4.45617E-06 5.52561E-03 5.21167E-02 1.50508E-03 -5.61617E-07 2.03434E-08 1.89538E-03 
2.03434E-08 -5.99239E-07 7.65548E-03 3.10525E-04 3.93556E-06 5.05802E-03 4.82794E-02 1.39390E-03 -5.99239E-07 2.03434E-08 1.65931E-03 
2.03434E-08 -6.05531E-07 7.21767E-03 3.23777E-04 3.57977E-06 4.71701E-03 4.54486E-02 1.31182E-03 -6.05531E-07 2.03434E-08 1.49831E-03 
2.03434E-08 -6.04297E-07 7.09285E-03 3.27344E-04 3.48268E-06 4.62067E-03 4.46437E-02 1.28847E-03 -6.04297E-07 2.03434E-08 1.45449E-03 
2.03434E-08 -5.82837E-07 6.51796E-03 3.42455E-04 3.05860E-06 4.18209E-03 4.09476E-02 1.18122E-03 -5.82837E-07 2.03434E-08 1.26395E-03 
2.03434E-08 -5.40949E-07 5.97605E-03 3.54515E-04 2.69146E-06 3.77659E-03 3.74811E-02 1.08057E-03 -5.40949E-07 2.03434E-08 1.10034E-03 
2.03434E-08 -4.84375E-07 5.46688E-03 3.63637E-04 2.37324E-06 3.40286E-03 3.42394E-02 9.86382E-04 -4.84375E-07 2.03434E-08 9.59545E-04 
2.03434E-08 -4.17655E-07 4.99002E-03 3.69958E-04 2.09719E-06 3.05948E-03 3.12167E-02 8.98524E-04 -4.17655E-07 2.03434E-08 8.37910E-04 
1.11732E-07 -2.83870E-07 4.54958E-03 3.73645E-04 1.92209E-06 2.74835E-03 2.84359E-02 8.17737E-04 -2.83870E-07 1.11732E-07 7.31946E-04 
2.38061E-07 -1.45952E-07 4.13760E-03 3.74907E-04 1.77746E-06 2.46272E-03 2.58443E-02 7.42443E-04 -1.45952E-07 2.38061E-07 6.38758E-04 
3.49575E-07 -2.35288E-08 3.75258E-03 3.73876E-04 1.64139E-06 2.20068E-03 2.34306E-02 6.72306E-04 -2.35288E-08 3.49575E-07 5.56354E-04 
4.41375E-07 7.83329E-08 3.39417E-03 3.70703E-04 1.50767E-06 1.96122E-03 2.11905E-02 6.07215E-04 7.83329E-08 4.41375E-07 4.83043E-04 
5.09693E-07 1.55807E-07 3.06181E-03 3.65553E-04 1.37136E-06 1.74320E-03 1.91189E-02 5.47026E-04 1.55807E-07 5.09693E-07 4.17436E-04 
5.51993E-07 2.06411E-07 2.75475E-03 3.58607E-04 1.22891E-06 1.54542E-03 1.72096E-02 4.91566E-04 2.06411E-07 5.51993E-07 3.58442E-04 
5.67157E-07 2.29193E-07 2.47210E-03 3.50056E-04 1.07836E-06 1.36664E-03 1.54556E-02 4.40641E-04 2.29193E-07 5.67157E-07 3.05258E-04 
5.55720E-07 2.24967E-07 2.21285E-03 3.40095E-04 9.19611E-07 1.20557E-03 1.38496E-02 3.94039E-04 2.24967E-07 5.55720E-07 2.57341E-04 
5.20121E-07 1.96554E-07 1.97589E-03 3.28926E-04 7.54598E-07 1.06094E-03 1.23836E-02 3.51537E-04 1.96554E-07 5.20121E-07 2.14392E-04 
4.64902E-07 1.48971E-07 1.76005E-03 3.16748E-04 5.87526E-07 9.31492E-04 1.10495E-02 3.12902E-04 1.48971E-07 4.64902E-07 1.76310E-04 
3.96841E-07 8.95456E-08 1.56409E-03 3.03759E-04 4.24947E-07 8.15995E-04 9.83885E-03 2.77899E-04 8.95456E-08 3.96841E-07 1.43157E-04 
3.24932E-07 2.78829E-08 1.38676E-03 2.90150E-04 2.75715E-07 7.13260E-04 8.74341E-03 2.46292E-04 2.78829E-08 3.24932E-07 1.15104E-04 
2.60215E-07 -2.43283E-08 1.22681E-03 2.76107E-04 1.50780E-07 6.22153E-04 7.75493E-03 2.17850E-04 -2.43283E-08 2.60215E-07 9.23756E-05 
1.58793E-08 -4.13115E-07 9.48170E-03 3.17964E-04 4.32884E-06 5.45568E-03 5.69619E-02 1.66854E-03 -4.13115E-07 1.58793E-08 2.04870E-03 
1.58793E-08 -4.13115E-07 8.82285E-03 3.44903E-04 3.66941E-06 5.01622E-03 5.29882E-02 1.55089E-03 -4.13115E-07 1.58793E-08 1.79228E-03 
1.58793E-08 -9.19986E-08 8.20167E-03 3.68387E-04 3.12504E-06 4.60819E-03 4.92517E-02 1.44027E-03 -9.19986E-08 1.58793E-08 1.57208E-03 
1.58793E-08 -2.62832E-07 7.61616E-03 3.88570E-04 2.67383E-06 4.22936E-03 4.57383E-02 1.33625E-03 -2.62832E-07 1.58793E-08 1.38289E-03 
1.58793E-08 -3.85104E-07 7.05739E-03 4.05868E-04 2.28896E-06 3.87317E-03 4.23929E-02 1.23720E-03 -3.85104E-07 1.58793E-08 1.21784E-03 
1.58793E-08 -4.69363E-07 6.52584E-03 4.20300E-04 1.95900E-06 3.53933E-03 3.92169E-02 1.14317E-03 -4.69363E-07 1.58793E-08 1.07410E-03 
1.58793E-08 -5.23528E-07 6.02171E-03 4.31912E-04 1.67505E-06 3.22738E-03 3.62101E-02 1.05415E-03 -5.23528E-07 1.58793E-08 9.49043E-04 
1.58793E-08 -5.48521E-07 5.65048E-03 4.39007E-04 1.48259E-06 3.00069E-03 3.39992E-02 9.88706E-04 -5.48521E-07 1.58793E-08 8.63536E-04 
1.58793E-08 -5.53388E-07 5.54503E-03 4.40776E-04 1.43039E-06 2.93678E-03 3.33716E-02 9.70131E-04 -5.53388E-07 1.58793E-08 8.40217E-04 
1.58793E-08 -5.63164E-07 5.06161E-03 4.47364E-04 1.20471E-06 2.64658E-03 3.04970E-02 8.85063E-04 -5.63164E-07 1.58793E-08 7.38503E-04 
1.58793E-08 -5.53474E-07 4.60950E-03 4.51011E-04 1.01371E-06 2.37949E-03 2.78118E-02 8.05631E-04 -5.53474E-07 1.58793E-08 6.50540E-04 
1.58793E-08 -5.27486E-07 4.18806E-03 4.51883E-04 8.53179E-07 2.13444E-03 2.53109E-02 7.31695E-04 -5.27486E-07 1.58793E-08 5.74067E-04 
1.58793E-08 -4.88175E-07 3.79649E-03 4.50166E-04 7.19204E-07 1.91035E-03 2.29886E-02 6.63092E-04 -4.88175E-07 1.58793E-08 5.07094E-04 
8.74963E-08 -3.70146E-07 3.43775E-03 4.46157E-04 6.78772E-07 1.70830E-03 2.08612E-02 6.00377E-04 -3.70146E-07 8.74963E-08 4.47587E-04 
1.86942E-07 -2.45749E-07 3.10484E-03 4.39977E-04 6.55788E-07 1.52370E-03 1.88869E-02 5.42247E-04 -2.45749E-07 1.86942E-07 3.94077E-04 
2.74474E-07 -1.36087E-07 2.79620E-03 4.31776E-04 6.28244E-07 1.35516E-03 1.70558E-02 4.88397E-04 -1.36087E-07 2.74474E-07 3.45554E-04 
3.45213E-07 -4.60824E-08 2.51120E-03 4.21741E-04 5.91008E-07 1.20190E-03 1.53638E-02 4.38700E-04 -4.60824E-08 3.45213E-07 3.01167E-04 
3.95176E-07 2.03606E-08 2.24904E-03 4.10072E-04 5.40037E-07 1.06306E-03 1.38059E-02 3.93009E-04 2.03606E-08 3.95176E-07 2.60260E-04 
4.21483E-07 6.05724E-08 2.00881E-03 3.96973E-04 4.72592E-07 9.37749E-04 1.23764E-02 3.51152E-04 6.05724E-08 4.21483E-07 2.22376E-04 
4.22642E-07 7.33963E-08 1.78949E-03 3.82656E-04 3.87511E-07 8.25052E-04 1.10691E-02 3.12945E-04 7.33963E-08 4.22642E-07 1.87257E-04 
3.98856E-07 5.94948E-08 1.58998E-03 3.67332E-04 2.85498E-07 7.24053E-04 9.87750E-03 2.78193E-04 5.94948E-08 3.98856E-07 1.54829E-04 
3.52317E-07 2.16335E-08 1.40914E-03 3.51210E-04 1.69391E-07 6.33842E-04 8.79473E-03 2.46692E-04 2.16335E-08 3.52317E-07 1.25193E-04 
2.87443E-07 -3.51007E-08 1.24579E-03 3.34495E-04 4.43589E-08 5.53533E-04 7.81386E-03 2.18237E-04 -3.51007E-08 2.87443E-07 9.85887E-05 
2.11001E-07 -1.03191E-07 1.09872E-03 3.17382E-04 -8.20065E-08 4.82269E-04 6.92794E-03 1.92624E-04 -1.03191E-07 2.11001E-07 7.53664E-05 
1.32083E-07 -1.72739E-07 9.66755E-04 3.00058E-04 -1.99767E-07 4.19233E-04 6.13007E-03 1.69651E-04 -1.72739E-07 1.32083E-07 5.59405E-05 
6.19035E-08 -2.31690E-07 8.48727E-04 2.82698E-04 -2.96882E-07 3.63651E-04 5.41347E-03 1.49123E-04 -2.31690E-07 6.19035E-08 4.07402E-05 
1.44195E-08 -3.36449E-07 7.25416E-03 4.95992E-04 2.11667E-06 3.38685E-03 4.22795E-02 1.24429E-03 -3.36449E-07 1.44195E-08 1.03728E-03 
1.44195E-08 -3.36449E-07 6.71072E-03 5.13322E-04 1.75876E-06 3.10225E-03 3.92053E-02 1.15174E-03 -3.36449E-07 1.44195E-08 9.16506E-04 
1.44195E-08 -6.93110E-08 6.20185E-03 5.27207E-04 1.45914E-06 2.83903E-03 3.63248E-02 1.06508E-03 -6.93110E-08 1.44195E-08 8.13084E-04 
1.44195E-08 -2.04787E-07 5.72547E-03 5.37847E-04 1.20764E-06 2.59562E-03 3.36260E-02 9.83947E-04 -2.04787E-07 1.44195E-08 7.24470E-04 
1.44195E-08 -3.10529E-07 5.27392E-03 5.45580E-04 9.91312E-07 2.36767E-03 3.10652E-02 9.07022E-04 -3.10529E-07 1.44195E-08 6.46891E-04 
1.44195E-08 -3.91562E-07 4.84730E-03 5.50483E-04 8.04552E-07 2.15489E-03 2.86429E-02 8.34316E-04 -3.91562E-07 1.44195E-08 5.79024E-04 
1.44195E-08 -4.51321E-07 4.44548E-03 5.52655E-04 6.43387E-07 1.95689E-03 2.63581E-02 7.65804E-04 -4.51321E-07 1.44195E-08 5.19628E-04 
1.44195E-08 -4.84422E-07 4.15143E-03 5.52540E-04 5.34477E-07 1.81355E-03 2.46836E-02 7.15640E-04 -4.84422E-07 1.44195E-08 4.78749E-04 
1.44195E-08 -4.92062E-07 4.06820E-03 5.52221E-04 5.05076E-07 1.77322E-03 2.42092E-02 7.01437E-04 -4.92062E-07 1.44195E-08 4.67550E-04 
1.44195E-08 -5.16431E-07 3.68838E-03 5.48995E-04 3.79322E-07 1.59064E-03 2.20415E-02 6.36594E-04 -5.16431E-07 1.44195E-08 4.18368E-04 
1.44195E-08 -5.21994E-07 3.33590E-03 5.43102E-04 2.75929E-07 1.42340E-03 2.00250E-02 5.76369E-04 -5.21994E-07 1.44195E-08 3.75212E-04 
1.44195E-08 -5.10387E-07 3.00987E-03 5.34758E-04 1.92953E-07 1.27071E-03 1.81547E-02 5.20618E-04 -5.10387E-07 1.44195E-08 3.36954E-04 
1.44195E-08 -4.83764E-07 2.70932E-03 5.24191E-04 1.28070E-07 1.13178E-03 1.64253E-02 4.69176E-04 -4.83764E-07 1.44195E-08 3.02583E-04 
7.93449E-08 -3.70120E-07 2.43616E-03 5.11830E-04 1.54908E-07 1.00718E-03 1.48480E-02 4.22444E-04 -3.70120E-07 7.93449E-08 2.70858E-04 
1.69068E-07 -2.49918E-07 2.18467E-03 4.97688E-04 1.91240E-07 8.93923E-04 1.33903E-02 3.79380E-04 -2.49918E-07 1.69068E-07 2.41200E-04 
2.47150E-07 -1.45644E-07 1.95336E-03 4.81926E-04 2.14455E-07 7.91054E-04 1.20443E-02 3.39716E-04 -1.45644E-07 2.47150E-07 2.13167E-04 
3.08668E-07 -6.21932E-08 1.74147E-03 4.64762E-04 2.20032E-07 6.97997E-04 1.08060E-02 3.03329E-04 -6.21932E-08 3.08668E-07 1.86379E-04 
3.49469E-07 -3.54764E-09 1.54813E-03 4.46419E-04 2.04455E-07 6.14141E-04 9.67085E-03 2.70075E-04 -3.54764E-09 3.49469E-07 1.60590E-04 
3.66467E-07 2.75277E-08 1.37241E-03 4.27119E-04 1.65500E-07 5.38861E-04 8.63394E-03 2.39798E-04 2.75277E-08 3.66467E-07 1.35698E-04 
3.57995E-07 2.98336E-08 1.21331E-03 4.07084E-04 1.02568E-07 4.71526E-04 7.68998E-03 2.12335E-04 2.98336E-08 3.57995E-07 1.11753E-04 
3.24174E-07 4.09238E-09 1.06978E-03 3.86530E-04 1.70127E-08 4.11511E-04 6.83346E-03 1.87515E-04 4.09238E-09 3.24174E-07 8.89516E-05 
2.67231E-07 -4.67379E-08 9.40766E-04 3.65665E-04 -8.75660E-08 3.58205E-04 6.05875E-03 1.65165E-04 -4.67379E-08 2.67231E-07 6.76253E-05 
1.91751E-07 -1.17239E-07 8.25208E-04 3.44684E-04 -2.05130E-07 3.11016E-04 5.36020E-03 1.45114E-04 -1.17239E-07 1.91751E-07 4.82181E-05 
1.04788E-07 -1.99434E-07 7.22059E-04 3.23774E-04 -3.27129E-07 2.69384E-04 4.73221E-03 1.27193E-04 -1.99434E-07 1.04788E-07 3.12543E-05 
1.58153E-08 -2.82872E-07 6.30299E-04 3.03104E-04 -4.42613E-07 2.32776E-04 4.16927E-03 1.11239E-04 -2.82872E-07 1.58153E-08 1.72976E-05 
-6.35150E-08 -3.54891E-07 5.48945E-04 2.82829E-04 -5.38520E-07 2.00695E-04 3.66605E-03 9.70965E-05 -3.54891E-07 -6.35150E-08 6.90279E-06 
1.47032E-08 -2.84985E-07 5.15552E-03 6.79357E-04 1.10675E-06 1.98164E-03 3.03421E-02 8.86658E-04 -2.84985E-07 1.47032E-08 4.69792E-04 
1.47032E-08 -2.84985E-07 4.74098E-03 6.84839E-04 9.09300E-07 1.80770E-03 2.80454E-02 8.17034E-04 -2.84985E-07 1.47032E-08 4.23971E-04 
1.47032E-08 -5.50595E-08 4.35541E-03 6.87095E-04 7.37793E-07 1.64750E-03 2.59012E-02 7.52126E-04 -5.50595E-08 1.47032E-08 3.84706E-04 
1.47032E-08 -1.67554E-07 3.99688E-03 6.86357E-04 5.89180E-07 1.50000E-03 2.38996E-02 6.91628E-04 -1.67554E-07 1.47032E-08 3.51092E-04 
1.47032E-08 -2.61095E-07 3.65930E-03 6.82857E-04 4.58240E-07 1.36244E-03 2.20073E-02 6.34527E-04 -2.61095E-07 1.47032E-08 3.21311E-04 
1.47032E-08 -3.37302E-07 3.34250E-03 6.76730E-04 3.42971E-07 1.23460E-03 2.02239E-02 5.80809E-04 -3.37302E-07 1.47032E-08 2.94937E-04 
1.47032E-08 -3.96889E-07 3.04617E-03 6.68128E-04 2.42351E-07 1.11618E-03 1.85480E-02 5.30430E-04 -3.96889E-07 1.47032E-08 2.71544E-04 
1.47032E-08 -4.31703E-07 2.83064E-03 6.59883E-04 1.74291E-07 1.03079E-03 1.73238E-02 4.93704E-04 -4.31703E-07 1.47032E-08 2.55223E-04 
1.47032E-08 -4.40022E-07 2.76985E-03 6.57224E-04 1.55994E-07 1.00683E-03 1.69777E-02 4.83332E-04 -4.40022E-07 1.47032E-08 2.50711E-04 
1.47032E-08 -4.68109E-07 2.49372E-03 6.43104E-04 7.87072E-08 8.98653E-04 1.54000E-02 4.36134E-04 -4.68109E-07 1.47032E-08 2.30623E-04 
1.47032E-08 -4.77362E-07 2.23942E-03 6.26773E-04 1.75497E-08 8.00076E-04 1.39384E-02 3.92544E-04 -4.77362E-07 1.47032E-08 2.12475E-04 
1.47032E-08 -4.68748E-07 2.00604E-03 6.08491E-04 -2.83190E-08 7.10555E-04 1.25886E-02 3.52424E-04 -4.68748E-07 1.47032E-08 1.95738E-04 
1.47032E-08 -4.44214E-07 1.79258E-03 5.88520E-04 -6.05718E-08 6.29535E-04 1.13459E-02 3.15626E-04 -4.44214E-07 1.47032E-08 1.79905E-04 
8.05963E-08 -3.26785E-07 1.60015E-03 5.67413E-04 -4.23807E-10 5.57317E-04 1.02172E-02 2.82430E-04 -3.26785E-07 8.05963E-08 1.64097E-04 
1.70785E-07 -2.03928E-07 1.42440E-03 5.45058E-04 6.38556E-08 4.92036E-04 9.17876E-03 2.52030E-04 -2.03928E-07 1.70785E-07 1.48237E-04 
2.48122E-07 -9.94827E-08 1.26403E-03 5.21617E-04 1.08748E-07 4.33069E-04 8.22395E-03 2.24203E-04 -9.94827E-08 2.48122E-07 1.32173E-04 
3.07509E-07 -1.84633E-08 1.11832E-03 4.97328E-04 1.29991E-07 3.80022E-04 7.34937E-03 1.98836E-04 -1.84633E-08 3.07509E-07 1.15754E-04 
3.44586E-07 3.50245E-08 9.86460E-04 4.72426E-04 1.24334E-07 3.32489E-04 6.55120E-03 1.75802E-04 3.50245E-08 3.44586E-07 9.89376E-05 
3.56107E-07 5.81563E-08 8.67610E-04 4.47139E-04 8.98852E-08 2.90058E-04 5.82533E-03 1.54970E-04 5.81563E-08 3.56107E-07 8.18020E-05 
3.40343E-07 4.97919E-08 7.60903E-04 4.21687E-04 2.64952E-08 2.52322E-04 5.16748E-03 1.36202E-04 4.97919E-08 3.40343E-07 6.45582E-05 
2.97483E-07 1.08658E-08 6.65458E-04 3.96278E-04 -6.38904E-08 2.18880E-04 4.57325E-03 1.19358E-04 1.08658E-08 2.97483E-07 4.75489E-05 
2.29981E-07 -5.52848E-08 5.80403E-04 3.71105E-04 -1.76932E-07 1.89349E-04 4.03821E-03 1.04301E-04 -5.52848E-08 2.29981E-07 3.12380E-05 
1.42794E-07 -1.42702E-07 5.04882E-04 3.46346E-04 -3.05712E-07 1.63361E-04 3.55795E-03 9.08947E-05 -1.42702E-07 1.42794E-07 1.61887E-05 
4.34765E-08 -2.42738E-07 4.38068E-04 3.22161E-04 -4.40699E-07 1.40571E-04 3.12815E-03 7.90097E-05 -2.42738E-07 4.34765E-08 3.03192E-06 
-5.79063E-08 -3.44174E-07 3.79165E-04 2.98694E-04 -5.69896E-07 1.20658E-04 2.74462E-03 6.85218E-05 -3.44174E-07 -5.79063E-08 -7.57596E-06 
-1.49070E-07 -4.33541E-07 3.27423E-04 2.76069E-04 -6.79193E-07 1.03325E-04 2.40335E-03 5.93144E-05 -4.33541E-07 -1.49070E-07 -1.50010E-05 
1.60280E-08 -2.53805E-07 3.34945E-03 8.62551E-04 7.15838E-07 1.07603E-03 2.09271E-02 5.97382E-04 -2.53805E-07 1.60280E-08 1.76015E-04 
1.60280E-08 -2.53805E-07 3.06113E-03 8.53973E-04 5.97563E-07 9.77176E-04 1.92818E-02 5.47760E-04 -2.53805E-07 1.60280E-08 1.66758E-04 
1.60280E-08 -4.72343E-08 2.79476E-03 8.42630E-04 4.88542E-07 8.86544E-04 1.77514E-02 5.01710E-04 -4.72343E-08 1.60280E-08 1.58710E-04 
1.60280E-08 -1.46469E-07 2.54874E-03 8.28778E-04 3.89777E-07 8.03477E-04 1.63279E-02 4.58989E-04 -1.46469E-07 1.60280E-08 1.51843E-04 
1.60280E-08 -2.31691E-07 2.31864E-03 8.12506E-04 3.00009E-07 7.26372E-04 1.49871E-02 4.18858E-04 -2.31691E-07 1.60280E-08 1.45454E-04 
1.60280E-08 -3.02609E-07 2.10419E-03 7.94004E-04 2.19242E-07 6.55055E-04 1.37281E-02 3.81286E-04 -3.02609E-07 1.60280E-08 1.39570E-04 
1.60280E-08 -3.58461E-07 1.90498E-03 7.73478E-04 1.48054E-07 5.89313E-04 1.25493E-02 3.46228E-04 -3.58461E-07 1.60280E-08 1.34167E-04 
1.60280E-08 -3.90767E-07 1.76101E-03 7.56343E-04 1.00065E-07 5.42123E-04 1.16912E-02 3.20788E-04 -3.90767E-07 1.60280E-08 1.30269E-04 
1.60280E-08 -3.98355E-07 1.72054E-03 7.51144E-04 8.72626E-08 5.28913E-04 1.14490E-02 3.13622E-04 -3.98355E-07 1.60280E-08 1.29167E-04 
1.60280E-08 -4.22730E-07 1.53760E-03 7.25298E-04 3.41814E-08 4.69481E-04 1.03479E-02 2.81130E-04 -4.22730E-07 1.60280E-08 1.24070E-04 
1.60280E-08 -4.27646E-07 1.37043E-03 6.97901E-04 -5.62811E-09 4.15632E-04 9.33201E-03 2.51302E-04 -4.27646E-07 1.60280E-08 1.19051E-04 
1.60280E-08 -4.14040E-07 1.21824E-03 6.69243E-04 -3.27138E-08 3.67015E-04 8.39769E-03 2.24019E-04 -4.14040E-07 1.60280E-08 1.13830E-04 
1.60280E-08 -3.84135E-07 1.08016E-03 6.39609E-04 -4.87444E-08 3.23278E-04 7.54104E-03 1.99157E-04 -3.84135E-07 1.60280E-08 1.08107E-04 
8.74907E-08 -2.57303E-07 9.56747E-04 6.09662E-04 2.89716E-08 2.84575E-04 6.76638E-03 1.76912E-04 -2.57303E-07 8.74907E-08 1.01100E-04 
1.84305E-07 -1.27136E-07 8.44952E-04 5.79145E-04 1.06478E-07 2.49806E-04 6.05656E-03 1.56680E-04 -1.27136E-07 1.84305E-07 9.29868E-05 
2.66137E-07 -1.88206E-08 7.43789E-04 5.48209E-04 1.59187E-07 2.18587E-04 5.40664E-03 1.38286E-04 -1.88206E-08 2.66137E-07 8.37324E-05 
3.27576E-07 6.23778E-08 6.52642E-04 5.17098E-04 1.82855E-07 1.90669E-04 4.81383E-03 1.21633E-04 6.23778E-08 3.27576E-07 7.32741E-05 
3.64003E-07 1.12182E-07 5.70863E-04 4.86044E-04 1.74340E-07 1.65802E-04 4.27508E-03 1.06621E-04 1.12182E-07 3.64003E-07 6.16500E-05 
3.72021E-07 1.27732E-07 4.97790E-04 4.55266E-04 1.32004E-07 1.43736E-04 3.78720E-03 9.31425E-05 1.27732E-07 3.72021E-07 4.90185E-05 
3.49908E-07 1.08029E-07 4.32759E-04 4.24967E-04 5.61210E-08 1.24226E-04 3.34690E-03 8.10920E-05 1.08029E-07 3.49908E-07 3.56688E-05 
2.98039E-07 5.43484E-08 3.75110E-04 3.95331E-04 -5.07460E-08 1.07037E-04 2.95086E-03 7.03633E-05 5.43484E-08 2.98039E-07 2.20215E-05 
2.19237E-07 -2.94332E-08 3.24204E-04 3.66523E-04 -1.83455E-07 9.19470E-05 2.59577E-03 6.08531E-05 -2.94332E-08 2.19237E-07 8.61713E-06 
1.18996E-07 -1.36639E-07 2.79422E-04 3.38686E-04 -3.34128E-07 7.87464E-05 2.27838E-03 5.24624E-05 -1.36639E-07 1.18996E-07 -3.90737E-06 
5.54341E-09 -2.57760E-07 2.40180E-04 3.11947E-04 -4.92149E-07 6.72423E-05 1.99553E-03 4.50977E-05 -2.57760E-07 5.54341E-09 -1.48521E-05 
-1.10298E-07 -3.80627E-07 2.05924E-04 2.86409E-04 -6.44383E-07 5.72580E-05 1.74419E-03 3.86717E-05 -3.80627E-07 -1.10298E-07 -2.34984E-05 
-2.15454E-07 -4.90792E-07 1.76140E-04 2.62155E-04 -7.75579E-07 4.86333E-05 1.52149E-03 3.31036E-05 -4.90792E-07 -2.15454E-07 -2.91592E-05 
1.80093E-08 -2.35036E-07 1.95422E-03 1.03687E-03 6.27650E-07 5.34212E-04 1.38425E-02 3.76805E-04 -2.35036E-07 1.80093E-08 3.98021E-05 
1.80093E-08 -2.35036E-07 1.77437E-03 1.01228E-03 5.44843E-07 4.82705E-04 1.27174E-02 3.43585E-04 -2.35036E-07 1.80093E-08 4.48450E-05 
1.80093E-08 -4.35115E-08 1.60934E-03 9.85668E-04 4.64018E-07 4.35717E-04 1.16745E-02 3.12900E-04 -4.35115E-08 1.80093E-08 4.90899E-05 
1.80093E-08 -1.35556E-07 1.45796E-03 9.57293E-04 3.88313E-07 3.92868E-04 1.07079E-02 2.84569E-04 -1.35556E-07 1.80093E-08 5.28868E-05 
1.80093E-08 -2.14647E-07 1.31736E-03 9.27069E-04 3.18238E-07 3.53298E-04 9.80041E-03 2.58083E-04 -2.14647E-07 1.80093E-08 5.60709E-05 
1.80093E-08 -2.79562E-07 1.18722E-03 8.95238E-04 2.54764E-07 3.16890E-04 8.95120E-03 2.33411E-04 -2.79562E-07 1.80093E-08 5.88391E-05 
1.80093E-08 -3.28902E-07 1.06720E-03 8.62048E-04 1.99167E-07 2.83509E-04 8.15890E-03 2.10509E-04 -3.28902E-07 1.80093E-08 6.13038E-05 
1.80093E-08 -3.55579E-07 9.81016E-04 8.35595E-04 1.62369E-07 2.59668E-04 7.58388E-03 1.93970E-04 -3.55579E-07 1.80093E-08 6.30223E-05 
1.80093E-08 -3.61411E-07 9.56884E-04 8.27752E-04 1.52716E-07 2.53013E-04 7.42188E-03 1.89325E-04 -3.61411E-07 1.80093E-08 6.34913E-05 
1.80093E-08 -3.76730E-07 8.48297E-04 7.89826E-04 1.13928E-07 2.23186E-04 6.68694E-03 1.68341E-04 -3.76730E-07 1.80093E-08 6.54738E-05 
1.80093E-08 -3.71625E-07 7.49883E-04 7.51221E-04 8.71860E-08 1.96334E-04 6.01145E-03 1.49200E-04 -3.71625E-07 1.80093E-08 6.69079E-05 
1.80093E-08 -3.47458E-07 6.61023E-04 7.12239E-04 7.16946E-08 1.72253E-04 5.39252E-03 1.31813E-04 -3.47458E-07 1.80093E-08 6.75620E-05 
1.80093E-08 -3.07078E-07 5.81085E-04 6.73168E-04 6.53634E-08 1.50736E-04 4.82717E-03 1.16081E-04 -3.07078E-07 1.80093E-08 6.71648E-05 
9.79403E-08 -1.67234E-07 5.10298E-04 6.34760E-04 1.53799E-07 1.31878E-04 4.31787E-03 1.02148E-04 -1.67234E-07 9.79403E-08 6.48986E-05 
2.05220E-07 -2.69379E-08 4.46730E-04 5.96596E-04 2.37814E-07 1.15058E-04 3.85291E-03 8.95764E-05 -2.69379E-08 2.05220E-07 6.10453E-05 
2.94729E-07 8.72915E-08 3.89707E-04 5.58797E-04 2.91691E-07 1.00051E-04 3.42875E-03 7.82323E-05 8.72915E-08 2.94729E-07 5.55917E-05 
3.60629E-07 1.69841E-07 3.38784E-04 5.21595E-04 3.11066E-07 8.67151E-05 3.04325E-03 6.80425E-05 1.69841E-07 3.60629E-07 4.84870E-05 
3.97999E-07 2.16235E-07 2.93508E-04 4.85202E-04 2.92838E-07 7.49082E-05 2.69418E-03 5.89309E-05 2.16235E-07 3.97999E-07 3.97887E-05 
4.03308E-07 2.23612E-07 2.53424E-04 4.49809E-04 2.35611E-07 6.44914E-05 2.37921E-03 5.08202E-05 2.23612E-07 4.03308E-07 2.96828E-05 
3.74901E-07 1.91198E-07 2.18086E-04 4.15584E-04 1.40125E-07 5.53318E-05 2.09596E-03 4.36338E-05 1.91198E-07 3.74901E-07 1.84952E-05 
3.13438E-07 1.20729E-07 1.87061E-04 3.82671E-04 9.64230E-09 4.73039E-05 1.84209E-03 3.72973E-05 1.20729E-07 3.13438E-07 6.69029E-06 
2.22235E-07 1.67672E-08 1.59936E-04 3.51190E-04 -1.49786E-07 4.02919E-05 1.61527E-03 3.17397E-05 1.67672E-08 2.22235E-07 -5.14234E-06 
1.07463E-07 -1.13128E-07 1.36319E-04 3.21239E-04 -3.29192E-07 3.41894E-05 1.41323E-03 2.68945E-05 -1.13128E-07 1.07463E-07 -1.63143E-05 
-2.18338E-08 -2.58420E-07 1.15847E-04 2.92893E-04 -5.16753E-07 2.89014E-05 1.23380E-03 2.27004E-05 -2.58420E-07 -2.18338E-08 -2.60750E-05 
-1.53933E-07 -4.05827E-07 9.81807E-05 2.66206E-04 -6.98064E-07 2.43431E-05 1.07492E-03 1.91016E-05 -4.05827E-07 -1.53933E-07 -3.36596E-05 
-2.74841E-07 -5.39779E-07 8.30108E-05 2.41213E-04 -8.56627E-07 2.04404E-05 9.34621E-04 1.60475E-05 -5.39779E-07 -2.74841E-07 -3.83411E-05 
2.04658E-08 -2.21106E-07 9.92240E-04 1.19344E-03 6.79855E-07 2.35406E-04 8.75504E-03 2.18545E-04 -2.21106E-07 2.04658E-08 -1.58741E-05 
2.04658E-08 -2.21106E-07 8.94505E-04 1.15116E-03 6.11723E-07 2.11478E-04 8.02573E-03 1.97960E-04 -2.21106E-07 2.04658E-08 -7.69810E-06 
2.04658E-08 -4.18517E-08 8.05450E-04 1.10792E-03 5.43437E-07 1.89767E-04 7.35161E-03 1.79030E-04 -4.18517E-08 2.04658E-08 -5.71128E-07 
2.04658E-08 -1.29404E-07 7.24339E-04 1.06397E-03 4.79202E-07 1.70080E-04 6.72851E-03 1.61631E-04 -1.29404E-07 2.04658E-08 5.94989E-06 
2.04658E-08 -2.02697E-07 6.49531E-04 1.01900E-03 4.20123E-07 1.52003E-04 6.14515E-03 1.45442E-04 -2.02697E-07 2.04658E-08 1.19030E-05 
2.04658E-08 -2.60188E-07 5.80796E-04 9.73310E-04 3.67507E-07 1.35470E-04 5.60072E-03 1.30436E-04 -2.60188E-07 2.04658E-08 1.74979E-05 
2.04658E-08 -3.00359E-07 5.17868E-04 9.27167E-04 3.22786E-07 1.20406E-04 5.09414E-03 1.16580E-04 -3.00359E-07 2.04658E-08 2.28433E-05 
2.04658E-08 -3.18790E-07 4.72985E-04 8.91328E-04 2.94403E-07 1.09709E-04 4.72736E-03 1.06623E-04 -3.18790E-07 2.04658E-08 2.68168E-05 
2.04658E-08 -3.22036E-07 4.60466E-04 8.80847E-04 2.87200E-07 1.06734E-04 4.62416E-03 1.03835E-04 -3.22036E-07 2.04658E-08 2.79474E-05 
2.04658E-08 -3.24134E-07 4.04420E-04 8.31006E-04 2.59893E-07 9.34563E-05 4.15680E-03 9.12884E-05 -3.24134E-07 2.04658E-08 3.30814E-05 
2.04658E-08 -3.04757E-07 3.54062E-04 7.81577E-04 2.43958E-07 8.15960E-05 3.72845E-03 7.99247E-05 -3.04757E-07 2.04658E-08 3.76278E-05 
2.04658E-08 -2.66016E-07 3.08995E-04 7.32849E-04 2.38010E-07 7.10454E-05 3.33706E-03 6.96799E-05 -2.66016E-07 2.04658E-08 4.13031E-05 
2.04658E-08 -2.11633E-07 2.68821E-04 6.85087E-04 2.39262E-07 6.16974E-05 2.98054E-03 6.04867E-05 -2.11633E-07 2.04658E-08 4.37830E-05 
1.10931E-07 -5.64859E-08 2.33630E-04 6.39098E-04 3.35522E-07 5.36306E-05 2.66026E-03 5.24592E-05 -5.64859E-08 1.10931E-07 4.41516E-05 
2.31312E-07 9.54774E-08 2.02330E-04 5.94285E-04 4.22757E-07 4.64987E-05 2.36865E-03 4.52862E-05 9.54774E-08 2.31312E-07 4.27169E-05 
3.30535E-07 2.16421E-07 1.74519E-04 5.50719E-04 4.74109E-07 4.01782E-05 2.10329E-03 3.88709E-05 2.16421E-07 3.30535E-07 3.94439E-05 
4.02259E-07 3.00324E-07 1.49923E-04 5.08599E-04 4.85032E-07 3.45950E-05 1.86272E-03 3.31626E-05 3.00324E-07 4.02259E-07 3.42601E-05 
4.41236E-07 3.42515E-07 1.28273E-04 4.68092E-04 4.52463E-07 2.96768E-05 1.64542E-03 2.81093E-05 3.42515E-07 4.41236E-07 2.72149E-05 
4.43829E-07 3.40179E-07 1.09302E-04 4.29340E-04 3.75296E-07 2.53548E-05 1.44981E-03 2.36597E-05 3.40179E-07 4.43829E-07 1.85005E-05 
4.08517E-07 2.92862E-07 9.27550E-05 3.92457E-04 2.54831E-07 2.15652E-05 1.27432E-03 1.97638E-05 2.92862E-07 4.08517E-07 8.46230E-06 
3.36347E-07 2.02888E-07 7.83891E-05 3.57528E-04 9.51516E-08 1.82499E-05 1.11739E-03 1.63743E-05 2.02888E-07 3.36347E-07 -2.40485E-06 
2.31252E-07 7.56558E-08 6.59765E-05 3.24614E-04 -9.66339E-08 1.53575E-05 9.77500E-04 1.34474E-05 7.56558E-08 2.31252E-07 -1.34728E-05 
1.00216E-07 -8.02317E-08 5.53064E-05 2.93751E-04 -3.10314E-07 1.28433E-05 8.53171E-04 1.09434E-05 -8.02317E-08 1.00216E-07 -2.40101E-05 
-4.67610E-08 -2.53045E-07 4.61861E-05 2.64953E-04 -5.32697E-07 1.06700E-05 7.43004E-04 8.82687E-06 -2.53045E-07 -4.67610E-08 -3.32228E-05 
-1.96923E-07 -4.28238E-07 3.84405E-05 2.38214E-04 -7.47963E-07 8.80661E-06 6.45669E-04 7.06692E-06 -4.28238E-07 -1.96923E-07 -4.03054E-05 
-3.35243E-07 -5.88973E-07 3.19127E-05 2.13512E-04 -9.38236E-07 7.22880E-06 5.59920E-04 5.63678E-06 -5.88973E-07 -3.35243E-07 -4.44971E-05 
2.33104E-08 -2.06587E-07 4.19710E-04 1.31959E-03 7.99579E-07 8.84605E-05 5.33713E-03 1.14293E-04 -2.06587E-07 2.33104E-08 -3.53667E-05 
2.33104E-08 -2.06587E-07 3.75250E-04 1.25851E-03 7.37591E-07 7.89018E-05 4.88823E-03 1.02637E-04 -2.06587E-07 2.33104E-08 -2.86880E-05 
2.33104E-08 -4.08520E-08 3.35016E-04 1.19791E-03 6.75932E-07 7.02791E-05 4.47383E-03 9.19504E-05 -4.08520E-08 2.33104E-08 -2.25599E-05 
2.33104E-08 -1.24228E-07 2.98626E-04 1.13799E-03 6.19314E-07 6.25099E-05 4.09125E-03 8.21628E-05 -1.24228E-07 2.33104E-08 -1.65735E-05 
2.33104E-08 -1.90669E-07 2.65300E-04 1.07820E-03 5.68839E-07 5.54232E-05 3.73347E-03 7.30885E-05 -1.90669E-07 2.33104E-08 -1.06592E-05 
2.33104E-08 -2.38676E-07 2.34900E-04 1.01884E-03 5.25776E-07 4.89875E-05 3.39993E-03 6.47115E-05 -2.38676E-07 2.33104E-08 -4.65955E-06 
2.33104E-08 -2.66936E-07 2.07276E-04 9.60199E-04 4.91378E-07 4.31688E-05 3.08989E-03 5.70114E-05 -2.66936E-07 2.33104E-08 1.47295E-06 
2.33104E-08 -2.74719E-07 1.87710E-04 9.15487E-04 4.71313E-07 3.90675E-05 2.86561E-03 5.15038E-05 -2.74719E-07 2.33104E-08 6.27452E-06 
2.33104E-08 -2.74652E-07 1.82274E-04 9.02541E-04 4.66565E-07 3.79316E-05 2.80254E-03 4.99658E-05 -2.74652E-07 2.33104E-08 7.67798E-06 
2.33104E-08 -2.60012E-07 1.58068E-04 8.41759E-04 4.50855E-07 3.28936E-05 2.51707E-03 4.30728E-05 -2.60012E-07 2.33104E-08 1.42668E-05 
2.33104E-08 -2.22972E-07 1.36518E-04 7.82687E-04 4.45800E-07 2.84412E-05 2.25567E-03 3.68759E-05 -2.22972E-07 2.33104E-08 2.04548E-05 
2.33104E-08 -1.66622E-07 1.17417E-04 7.25568E-04 4.49196E-07 2.45257E-05 2.01706E-03 3.13370E-05 -1.66622E-07 2.33104E-08 2.58665E-05 
2.33104E-08 -9.57440E-08 1.00564E-04 6.70610E-04 4.57381E-07 2.10981E-05 1.79988E-03 2.64157E-05 -9.57440E-08 2.33104E-08 3.00924E-05 
1.25956E-07 7.61067E-08 8.60179E-05 6.18622E-04 5.59859E-07 1.82399E-05 1.60499E-03 2.22146E-05 7.61067E-08 1.25956E-07 3.20976E-05 
2.61416E-07 2.40376E-07 7.32282E-05 5.68825E-04 6.48043E-07 1.57458E-05 1.42768E-03 1.85101E-05 2.40376E-07 2.61416E-07 3.21815E-05 
3.71723E-07 3.67926E-07 6.19867E-05 5.21212E-04 6.93959E-07 1.35472E-05 1.26644E-03 1.52347E-05 3.67926E-07 3.71723E-07 3.02710E-05 
4.49987E-07 4.52308E-07 5.21577E-05 4.75919E-04 6.92874E-07 1.16093E-05 1.12036E-03 1.23568E-05 4.52308E-07 4.49987E-07 2.62600E-05 
4.90636E-07 4.88677E-07 4.36086E-05 4.33048E-04 6.41807E-07 9.89968E-06 9.88489E-04 9.84505E-06 4.88677E-07 4.90636E-07 2.01814E-05 
4.89970E-07 4.74342E-07 3.62122E-05 3.92667E-04 5.40032E-07 8.38871E-06 8.69851E-04 7.66876E-06 4.74342E-07 4.89970E-07 1.22276E-05 
4.46689E-07 4.09274E-07 2.98488E-05 3.54813E-04 3.89536E-07 7.05071E-06 7.63477E-04 5.79916E-06 4.09274E-07 4.46689E-07 2.75904E-06 
3.62332E-07 2.96524E-07 2.44071E-05 3.19497E-04 1.95376E-07 5.86436E-06 6.68408E-04 4.20990E-06 2.96524E-07 3.62332E-07 -7.70153E-06 
2.41579E-07 1.42487E-07 1.97857E-05 2.86704E-04 -3.41101E-08 4.81308E-06 5.83711E-04 2.87764E-06 1.42487E-07 2.41579E-07 -1.84890E-05 
9.23666E-08 -4.30283E-08 1.58933E-05 2.56396E-04 -2.87292E-07 3.88520E-06 5.08487E-04 1.78244E-06 -4.30283E-08 9.23666E-08 -2.88298E-05 
-7.42124E-08 -2.46936E-07 1.26486E-05 2.28517E-04 -5.49438E-07 3.07382E-06 4.41884E-04 9.07813E-07 -2.46936E-07 -7.42124E-08 -3.78873E-05 
-2.44242E-07 -4.53271E-07 9.98061E-06 2.02996E-04 -8.03161E-07 2.37640E-06 3.83093E-04 2.40579E-07 -4.53271E-07 -2.44242E-07 -4.48165E-05 
-4.01548E-07 -6.43799E-07 7.82738E-06 1.79749E-04 -1.02907E-06 1.79419E-06 3.31360E-04 -2.29492E-07 -6.43799E-07 -4.01548E-07 -4.88239E-05 
2.65045E-08 -1.88055E-07 1.39217E-04 1.39791E-03 9.58666E-07 2.67889E-05 3.23048E-03 5.32077E-05 -1.88055E-07 2.65045E-08 -4.17810E-05 
2.65045E-08 -1.88055E-07 1.23104E-04 1.31794E-03 9.00283E-07 2.36514E-05 2.96122E-03 4.71565E-05 -1.88055E-07 2.65045E-08 -3.78900E-05 
2.65045E-08 -3.96602E-08 1.08589E-04 1.24032E-03 8.43993E-07 2.08362E-05 2.71225E-03 4.16004E-05 -3.96602E-08 2.65045E-08 -3.38430E-05 
2.65045E-08 -1.17697E-07 9.55258E-05 1.16514E-03 7.94734E-07 1.83179E-05 2.48202E-03 3.65088E-05 -1.17697E-07 2.65045E-08 -2.93008E-05 
2.65045E-08 -1.75318E-07 8.36220E-05 1.09155E-03 7.53292E-07 1.60392E-05 2.26638E-03 3.17877E-05 -1.75318E-07 2.65045E-08 -2.42287E-05 
2.65045E-08 -2.11301E-07 7.28221E-05 1.01986E-03 7.20664E-07 1.39894E-05 2.06502E-03 2.74323E-05 -2.11301E-07 2.65045E-08 -1.85364E-05 
2.65045E-08 -2.24764E-07 6.30662E-05 9.50310E-04 6.97709E-07 1.21570E-05 1.87756E-03 2.34355E-05 -2.24764E-07 2.65045E-08 -1.22509E-05 
2.65045E-08 -2.19559E-07 5.61956E-05 8.98109E-04 6.86862E-07 1.08807E-05 1.74176E-03 2.05841E-05 -2.19559E-07 2.65045E-08 -7.06590E-06 
2.65045E-08 -2.15493E-07 5.42938E-05 8.83127E-04 6.84824E-07 1.05299E-05 1.70354E-03 1.97893E-05 -2.15493E-07 2.65045E-08 -5.51289E-06 
2.65045E-08 -1.80915E-07 4.58652E-05 8.13562E-04 6.81788E-07 8.99038E-06 1.53040E-03 1.62389E-05 -1.80915E-07 2.65045E-08 1.98021E-06 
2.65045E-08 -1.23288E-07 3.84291E-05 7.47171E-04 6.88327E-07 7.65681E-06 1.37162E-03 1.30694E-05 -1.23288E-07 2.65045E-08 9.31137E-06 
2.65045E-08 -4.68618E-08 3.19064E-05 6.84104E-04 7.01249E-07 6.51036E-06 1.22646E-03 1.02631E-05 -4.68618E-08 2.65045E-08 1.60030E-05 
2.65045E-08 4.23690E-08 2.62195E-05 6.24468E-04 7.15892E-07 5.53117E-06 1.09417E-03 7.80039E-06 4.23690E-08 2.65045E-08 2.15506E-05 
1.42775E-07 2.31765E-07 2.14465E-05 5.69010E-04 8.23103E-07 4.80775E-06 9.75339E-04 5.78323E-06 2.31765E-07 1.42775E-07 2.47963E-05 
2.94933E-07 4.08375E-07 1.73175E-05 5.16762E-04 9.09940E-07 4.19481E-06 8.67105E-04 4.04100E-06 4.08375E-07 2.94933E-07 2.60188E-05 
4.17290E-07 5.41784E-07 1.37391E-05 4.67617E-04 9.47358E-07 3.64939E-06 7.68577E-04 2.52641E-06 5.41784E-07 4.17290E-07 2.51027E-05 
5.02390E-07 6.25119E-07 1.06589E-05 4.21618E-04 9.30471E-07 3.15608E-06 6.79227E-04 1.22234E-06 6.25119E-07 5.02390E-07 2.19070E-05 
5.44363E-07 6.53418E-07 8.02686E-06 3.78770E-04 8.56463E-07 2.70147E-06 5.98500E-04 1.11926E-07 6.53418E-07 5.44363E-07 1.64473E-05 
5.39511E-07 6.24201E-07 5.79617E-06 3.39045E-04 7.25108E-07 2.27484E-06 5.25824E-04 -8.20764E-07 6.24201E-07 5.39511E-07 8.91701E-06 
4.86849E-07 5.37995E-07 3.92412E-06 3.02387E-04 5.39234E-07 1.86861E-06 4.60629E-04 -1.59008E-06 5.37995E-07 4.86849E-07 -3.06441E-07 
3.88533E-07 3.98729E-07 2.37263E-06 2.68715E-04 3.05047E-07 1.47882E-06 4.02345E-04 -2.20829E-06 3.98729E-07 3.88533E-07 -1.06699E-05 
2.50128E-07 2.13958E-07 1.10867E-06 2.37927E-04 3.23022E-08 1.10533E-06 3.50417E-04 -2.68522E-06 2.13958E-07 2.50128E-07 -2.14682E-05 
8.06627E-08 -5.12746E-09 1.04390E-07 2.09905E-04 -2.65760E-07 7.51845E-07 3.04309E-04 -3.02802E-06 -5.12746E-09 8.06627E-08 -3.18831E-05 
-1.07534E-07 -2.43920E-07 -6.62987E-07 1.84520E-04 -5.72688E-07 4.25695E-07 2.63509E-04 -3.24122E-06 -2.43920E-07 -1.07534E-07 -4.10323E-05 
-2.99259E-07 -4.84883E-07 -1.21162E-06 1.61634E-04 -8.69363E-07 1.37358E-07 2.27532E-04 -3.32695E-06 -4.84883E-07 -2.99259E-07 -4.80293E-05 
-4.77081E-07 -7.08255E-07 -1.55566E-06 1.41104E-04 -1.13475E-06 -1.00221E-07 1.95925E-04 -3.28543E-06 -7.08255E-07 -4.77081E-07 -5.20469E-05 
3.00296E-08 -1.63513E-07 3.52821E-05 1.40174E-03 1.14956E-06 6.37301E-06 2.05901E-03 2.31661E-05 -1.63513E-07 3.00296E-08 -4.52512E-05 
3.00296E-08 -1.63513E-07 3.05413E-05 1.30486E-03 1.09479E-06 5.51829E-06 1.88867E-03 2.00449E-05 -1.63513E-07 3.00296E-08 -4.41357E-05 
3.00296E-08 -3.78084E-08 2.62310E-05 1.21260E-03 1.04455E-06 4.75123E-06 1.73057E-03 1.71424E-05 -3.78084E-08 3.00296E-08 -4.21579E-05 
3.00296E-08 -1.08497E-07 2.23208E-05 1.12489E-03 1.00385E-06 4.07054E-06 1.58387E-03 1.44545E-05 -1.08497E-07 3.00296E-08 -3.90444E-05 
3.00296E-08 -1.54765E-07 1.87313E-05 1.04057E-03 9.72958E-07 3.46144E-06 1.44603E-03 1.19390E-05 -1.54765E-07 3.00296E-08 -3.48124E-05 
3.00296E-08 -1.75846E-07 1.54540E-05 9.59852E-04 9.52426E-07 2.92278E-06 1.31697E-03 9.60058E-06 -1.75846E-07 3.00296E-08 -2.94350E-05 
3.00296E-08 -1.71466E-07 1.24792E-05 8.82909E-04 9.42549E-07 2.45298E-06 1.19651E-03 7.44297E-06 -1.71466E-07 3.00296E-08 -2.30122E-05 
3.00296E-08 -1.50914E-07 1.03787E-05 8.26045E-04 9.42069E-07 2.13536E-06 1.10909E-03 5.89925E-06 -1.50914E-07 3.00296E-08 -1.74610E-05 
3.00296E-08 -1.42170E-07 9.79689E-06 8.09866E-04 9.43047E-07 2.04984E-06 1.08446E-03 5.46871E-06 -1.42170E-07 3.00296E-08 -1.57643E-05 
3.00296E-08 -8.45744E-08 7.21971E-06 7.35573E-04 9.53882E-07 1.68616E-06 9.72771E-04 3.54650E-06 -8.45744E-08 3.00296E-08 -7.40126E-06 
3.00296E-08 -3.66608E-09 4.95426E-06 6.65962E-04 9.72667E-07 1.39081E-06 8.70195E-04 1.83742E-06 -3.66608E-09 3.00296E-08 1.02736E-06 
3.00296E-08 9.49800E-08 2.98342E-06 6.01033E-04 9.95092E-07 1.15666E-06 7.76329E-04 3.37490E-07 9.49800E-08 3.00296E-08 8.93936E-06 
3.00296E-08 2.04030E-07 1.28849E-06 5.40740E-04 1.01540E-06 9.74963E-07 6.90736E-04 -9.59978E-07 2.04030E-07 3.00296E-08 1.57331E-05 
1.61257E-07 4.11437E-07 -3.18025E-08 4.85680E-04 1.12551E-06 9.39416E-07 6.13887E-04 -1.94915E-06 4.11437E-07 1.61257E-07 2.01259E-05 
3.31509E-07 5.99989E-07 -1.13797E-06 4.34720E-04 1.20826E-06 9.23151E-07 5.43916E-04 -2.77491E-06 5.99989E-07 3.31509E-07 2.23739E-05 
4.66610E-07 7.38028E-07 -2.07422E-06 3.87624E-04 1.23361E-06 8.92225E-07 4.80263E-04 -3.47321E-06 7.38028E-07 4.66610E-07 2.23194E-05 
5.58541E-07 8.18289E-07 -2.85540E-06 3.44311E-04 1.19658E-06 8.38651E-07 4.22604E-04 -4.05250E-06 8.18289E-07 5.58541E-07 1.97877E-05 
6.01178E-07 8.35762E-07 -3.49543E-06 3.04667E-04 1.09463E-06 7.56446E-07 3.70588E-04 -4.52102E-06 8.35762E-07 6.01178E-07 1.47799E-05 
5.90909E-07 7.88296E-07 -4.00678E-06 2.68550E-04 9.28178E-07 6.42183E-07 3.23854E-04 -4.88627E-06 7.88296E-07 5.90909E-07 7.49378E-06 
5.27176E-07 6.77115E-07 -4.39991E-06 2.35798E-04 7.01066E-07 4.95478E-07 2.82030E-04 -5.15449E-06 6.77115E-07 5.27176E-07 -1.67168E-06 
4.12887E-07 5.07192E-07 -4.68294E-06 2.06232E-04 4.20852E-07 3.19330E-07 2.44746E-04 -5.33018E-06 5.07192E-07 4.12887E-07 -1.21278E-05 
2.54639E-07 2.87421E-07 -4.86134E-06 1.79662E-04 9.89079E-08 1.20284E-07 2.11639E-04 -5.41585E-06 2.87421E-07 2.54639E-07 -2.31246E-05 
6.27064E-08 3.05569E-08 -4.93792E-06 1.55895E-04 -2.49713E-07 -9.16259E-08 1.82356E-04 -5.41188E-06 3.05569E-08 6.27064E-08 -3.37933E-05 
-1.49204E-07 -2.47101E-07 -4.91297E-06 1.34735E-04 -6.06652E-07 -3.03175E-07 1.56560E-04 -5.31658E-06 -2.47101E-07 -1.49204E-07 -4.32020E-05 
-3.64473E-07 -5.26288E-07 -4.78466E-06 1.15988E-04 -9.50895E-07 -4.98488E-07 1.33931E-04 -5.12657E-06 -5.26288E-07 -3.64473E-07 -5.04190E-05 
-5.64305E-07 -7.85589E-07 -4.54955E-06 9.94675E-05 -1.25963E-06 -6.59802E-07 1.14171E-04 -4.83718E-06 -7.85589E-07 -5.64305E-07 -5.45806E-05 
3.38735E-08 -1.31717E-07 1.06100E-05 1.28674E-03 1.37296E-06 1.88224E-06 1.43895E-03 1.22152E-05 -1.31717E-07 3.38735E-08 -4.92226E-05 
3.38735E-08 -1.31717E-07 8.73227E-06 1.17949E-03 1.32276E-06 1.57961E-06 1.31296E-03 1.01740E-05 -1.31717E-07 3.38735E-08 -5.06081E-05 
3.38735E-08 -3.50351E-08 6.95393E-06 1.07936E-03 1.27998E-06 1.30434E-06 1.19626E-03 8.23318E-06 -3.50351E-08 3.38735E-08 -5.04436E-05 
3.38735E-08 -9.58604E-08 5.28297E-06 9.86006E-04 1.24956E-06 1.06233E-06 1.08826E-03 6.40288E-06 -9.58604E-08 3.38735E-08 -4.85158E-05 
3.38735E-08 -1.27859E-07 3.69922E-06 8.97961E-04 1.23108E-06 8.49494E-07 9.87108E-04 4.66260E-06 -1.27859E-07 3.38735E-08 -4.48969E-05 
3.38735E-08 -1.30886E-07 2.21171E-06 8.15285E-04 1.22450E-06 6.67513E-07 8.92754E-04 3.02336E-06 -1.30886E-07 3.38735E-08 -3.96228E-05 
3.38735E-08 -1.05447E-07 8.28709E-07 7.37976E-04 1.22941E-06 5.17574E-07 8.05084E-04 1.49520E-06 -1.05447E-07 3.38735E-08 -3.28667E-05 
3.38735E-08 -6.71183E-08 -1.65042E-07 6.81816E-04 1.24041E-06 4.23823E-07 7.41740E-04 3.94622E-07 -6.71183E-08 3.38735E-08 -2.68098E-05 
3.38735E-08 -5.30089E-08 -4.42556E-07 6.65992E-04 1.24469E-06 4.00053E-07 7.23944E-04 8.68816E-08 -5.30089E-08 3.38735E-08 -2.49309E-05 
3.38735E-08 3.06716E-08 -1.68164E-06 5.94236E-04 1.27041E-06 3.08766E-07 6.43544E-04 -1.28941E-06 3.06716E-08 3.38735E-08 -1.55285E-05 
3.38735E-08 1.37450E-07 -2.77967E-06 5.28400E-04 1.30179E-06 2.51594E-07 5.70212E-04 -2.51245E-06 1.37450E-07 3.38735E-08 -5.86011E-06 
3.38735E-08 2.60274E-07 -3.73499E-06 4.68273E-04 1.33330E-06 2.23932E-07 5.03612E-04 -3.57965E-06 2.60274E-07 3.38735E-08 3.38424E-06 
3.38735E-08 3.90349E-07 -4.54887E-06 4.13608E-04 1.35798E-06 2.19338E-07 4.43381E-04 -4.49176E-06 3.90349E-07 3.38735E-08 1.15031E-05 
1.81315E-07 6.15936E-07 -5.11271E-06 3.64756E-04 1.46863E-06 3.34046E-07 3.89814E-04 -5.13898E-06 6.15936E-07 1.81315E-07 1.70857E-05 
3.70891E-07 8.15678E-07 -5.56271E-06 3.20482E-04 1.54399E-06 4.42421E-07 3.41497E-04 -5.65912E-06 8.15678E-07 3.70891E-07 2.03673E-05 
5.19215E-07 9.56716E-07 -5.93024E-06 2.80417E-04 1.55308E-06 5.12142E-07 2.97968E-04 -6.08390E-06 9.56716E-07 5.19215E-07 2.11486E-05 
6.17726E-07 1.03144E-06 -6.21969E-06 2.44339E-04 1.49091E-06 5.37135E-07 2.58941E-04 -6.41809E-06 1.03144E-06 6.17726E-07 1.92233E-05 
6.60110E-07 1.03489E-06 -6.43518E-06 2.12009E-04 1.35536E-06 5.13531E-07 2.24111E-04 -6.66639E-06 1.03489E-06 6.60110E-07 1.45818E-05 
6.42935E-07 9.65378E-07 -6.57998E-06 1.83173E-04 1.14767E-06 4.40224E-07 1.93165E-04 -6.83295E-06 9.65378E-07 6.42935E-07 7.43084E-06 
5.66200E-07 8.24978E-07 -6.65610E-06 1.57570E-04 8.72883E-07 3.19327E-07 1.65791E-04 -6.92078E-06 8.24978E-07 5.66200E-07 -1.80294E-06 
4.33713E-07 6.19893E-07 -6.66389E-06 1.34941E-04 5.40124E-07 1.56480E-07 1.41680E-04 -6.93138E-06 6.19893E-07 4.33713E-07 -1.24891E-05 
2.53261E-07 3.60550E-07 -6.60182E-06 1.15031E-04 1.62604E-07 -3.90510E-08 1.20534E-04 -6.86449E-06 3.60550E-07 2.53261E-07 -2.38258E-05 
3.65229E-08 6.14527E-08 -6.46647E-06 9.75936E-05 -2.42602E-07 -2.54508E-07 1.02071E-04 -6.71796E-06 6.14527E-08 3.65229E-08 -3.48883E-05 
-2.01268E-07 -2.59224E-07 -6.25266E-06 8.23971E-05 -6.55031E-07 -4.74021E-07 8.60248E-05 -6.48792E-06 -2.59224E-07 -2.01268E-07 -4.46889E-05 
-4.41942E-07 -5.80334E-07 -5.95388E-06 6.92231E-05 -1.05161E-06 -6.79252E-07 7.21490E-05 -6.16911E-06 -5.80334E-07 -4.41942E-07 -5.22464E-05 
-6.65238E-07 -8.78676E-07 -5.56286E-06 5.78696E-05 -1.40761E-06 -8.50233E-07 6.02171E-05 -5.75545E-06 -8.78676E-07 -6.65238E-07 -5.66575E-05 
3.80260E-08 -9.16869E-08 8.26874E-06 9.85130E-04 1.63244E-06 1.60939E-06 9.98382E-04 1.02453E-05 -9.16869E-08 3.80260E-08 -5.45270E-05 
3.80260E-08 -9.16869E-08 6.57269E-06 8.83722E-04 1.58814E-06 1.35879E-06 8.95185E-04 8.28267E-06 -9.16869E-08 3.80260E-08 -5.81906E-05 
3.80260E-08 -3.11549E-08 4.94313E-06 7.91299E-04 1.55449E-06 1.13132E-06 8.01206E-04 6.40196E-06 -3.11549E-08 3.80260E-08 -5.95919E-05 
3.80260E-08 -7.92129E-08 3.39469E-06 7.07190E-04 1.53625E-06 9.34048E-07 7.15743E-04 4.61827E-06 -7.92129E-08 3.80260E-08 -5.85846E-05 
3.80260E-08 -9.36983E-08 1.91323E-06 6.29751E-04 1.53215E-06 7.63425E-07 6.37113E-04 2.91472E-06 -9.36983E-08 3.80260E-08 -5.53064E-05 
3.80260E-08 -7.52610E-08 5.11399E-07 5.58795E-04 1.54141E-06 6.21201E-07 5.65113E-04 1.30519E-06 -7.52610E-08 3.80260E-08 -4.98643E-05 
3.80260E-08 -2.53562E-08 -7.99217E-07 4.94079E-04 1.56273E-06 5.08484E-07 4.99488E-04 -1.97718E-07 -2.53562E-08 3.80260E-08 -4.25131E-05 
3.80260E-08 3.32757E-08 -1.74420E-06 4.48115E-04 1.58622E-06 4.41653E-07 4.52903E-04 -1.28039E-06 3.32757E-08 3.80260E-08 -3.57588E-05 
3.80260E-08 5.34591E-08 -2.00844E-06 4.35331E-04 1.59403E-06 4.25421E-07 4.39949E-04 -1.58302E-06 5.34591E-08 3.80260E-08 -3.36439E-05 
3.80260E-08 1.66336E-07 -3.18931E-06 3.78318E-04 1.63537E-06 3.67774E-07 3.82205E-04 -2.93491E-06 1.66336E-07 3.80260E-08 -2.29630E-05 
3.80260E-08 3.01530E-07 -4.23553E-06 3.27470E-04 1.67933E-06 3.40021E-07 3.30735E-04 -4.13219E-06 3.01530E-07 3.80260E-08 -1.18484E-05 
3.80260E-08 4.50361E-07 -5.14329E-06 2.82352E-04 1.71903E-06 3.36889E-07 2.85090E-04 -5.17093E-06 4.50361E-07 3.80260E-08 -1.10301E-06 
3.80260E-08 6.02459E-07 -5.91221E-06 2.42516E-04 1.74627E-06 3.51246E-07 2.44811E-04 -6.05095E-06 6.02459E-07 3.80260E-08 8.46892E-06 
2.02876E-07 8.46129E-07 -6.43080E-06 2.07996E-04 1.85451E-06 4.80408E-07 2.09921E-04 -6.66021E-06 8.46129E-07 2.02876E-07 1.53261E-05 
4.12867E-07 1.05598E-06 -6.83719E-06 1.77631E-04 1.91851E-06 5.95171E-07 1.79244E-04 -7.13936E-06 1.05598E-06 4.12867E-07 1.96843E-05 
5.74709E-07 1.19801E-06 -7.16224E-06 1.50960E-04 1.90644E-06 6.62615E-07 1.52311E-04 -7.52019E-06 1.19801E-06 5.74709E-07 2.13045E-05 
6.79336E-07 1.26433E-06 -7.40942E-06 1.27657E-04 1.81345E-06 6.76909E-07 1.28787E-04 -7.80710E-06 1.26433E-06 6.79336E-07 1.99517E-05 
7.20317E-07 1.25014E-06 -7.58195E-06 1.07399E-04 1.63797E-06 6.34765E-07 1.08344E-04 -8.00447E-06 1.25014E-06 7.20317E-07 1.56100E-05 
6.94516E-07 1.15436E-06 -7.68227E-06 8.98704E-05 1.38223E-06 5.36008E-07 9.06600E-05 -8.11611E-06 1.15436E-06 6.94516E-07 8.50152E-06 
6.02629E-07 9.80106E-07 -7.71152E-06 7.47736E-05 1.05273E-06 3.84011E-07 7.54323E-05 -8.14471E-06 9.80106E-07 6.02629E-07 -9.13122E-07 
4.49524E-07 7.34999E-07 -7.66924E-06 6.18283E-05 6.60369E-07 1.85955E-07 6.23763E-05 -8.09147E-06 7.34999E-07 4.49524E-07 -1.19544E-05 
2.44349E-07 4.31203E-07 -7.55314E-06 5.07775E-05 2.20436E-07 -4.71439E-08 5.12311E-05 -7.95581E-06 4.31203E-07 2.44349E-07 -2.37614E-05 
3.54745E-10 8.51777E-08 -7.35913E-06 4.13883E-05 -2.47746E-07 -3.00659E-07 4.17606E-05 -7.73537E-06 8.51777E-08 3.54745E-10 -3.53465E-05 
-2.65543E-07 -2.82844E-07 -7.08154E-06 3.34528E-05 -7.21410E-07 -5.56838E-07 3.37544E-05 -7.42618E-06 -2.82844E-07 -2.65543E-07 -4.56606E-05 
-5.33494E-07 -6.49674E-07 -6.71355E-06 2.67880E-05 -1.17525E-06 -7.95552E-07 2.70272E-05 -7.02302E-06 -6.49674E-07 -5.33494E-07 -5.36681E-05 
-7.81665E-07 -9.90199E-07 -6.24785E-06 2.12341E-05 -1.58249E-06 -9.95243E-07 2.14178E-05 -6.52006E-06 -9.90199E-07 -7.81665E-07 -5.84225E-05 
4.24748E-08 -4.25037E-08 9.17995E-06 4.36109E-04 1.93216E-06 1.92886E-06 4.39830E-04 1.05375E-05 -4.25037E-08 4.24748E-08 -6.15107E-05 
4.24748E-08 -4.25037E-08 7.19249E-06 3.72018E-04 1.89531E-06 1.65627E-06 3.75127E-04 8.33174E-06 -4.25037E-08 4.24748E-08 -6.71613E-05 
4.24748E-08 -2.59985E-08 5.29745E-06 3.16071E-04 1.87263E-06 1.41196E-06 3.18650E-04 6.22824E-06 -2.59985E-08 4.24748E-08 -6.98073E-05 
4.24748E-08 -5.80252E-08 3.50979E-06 2.67382E-04 1.86857E-06 1.20298E-06 2.69505E-04 4.24295E-06 -5.80252E-08 4.24748E-08 -6.93862E-05 
4.24748E-08 -5.14462E-08 1.81122E-06 2.24577E-04 1.88085E-06 1.02460E-06 2.26305E-04 2.35583E-06 -5.14462E-08 4.24748E-08 -6.61189E-05 
4.24748E-08 -7.88363E-09 2.14925E-07 1.87218E-04 1.90776E-06 8.78002E-07 1.88609E-04 5.81658E-07 -7.88363E-09 4.24748E-08 -6.01950E-05 
4.24748E-08 7.00781E-08 -1.26739E-06 1.54855E-04 1.94697E-06 7.63591E-07 1.55961E-04 -1.06645E-06 7.00781E-08 4.24748E-08 -5.19592E-05 
4.24748E-08 1.51632E-07 -2.32974E-06 1.32953E-04 1.98377E-06 6.96762E-07 1.33871E-04 -2.24799E-06 1.51632E-07 4.24748E-08 -4.43041E-05 
4.24748E-08 1.78616E-07 -2.62579E-06 1.27033E-04 1.99530E-06 6.80678E-07 1.27901E-04 -2.57730E-06 1.78616E-07 4.24748E-08 -4.18975E-05 
4.24748E-08 3.23836E-07 -3.94297E-06 1.01605E-04 2.05266E-06 6.24181E-07 1.02265E-04 -4.04268E-06 3.23836E-07 4.24748E-08 -2.96974E-05 
4.24748E-08 4.89941E-07 -5.10117E-06 8.03861E-05 2.10877E-06 5.97371E-07 8.08819E-05 -5.33132E-06 4.89941E-07 4.24748E-08 -1.69390E-05 
4.24748E-08 6.66473E-07 -6.09807E-06 6.28509E-05 2.15527E-06 5.93693E-07 6.32191E-05 -6.44023E-06 6.66473E-07 4.24748E-08 -4.53933E-06 
4.24748E-08 8.41379E-07 -6.93500E-06 4.85045E-05 2.18267E-06 6.04785E-07 4.87765E-05 -7.37044E-06 8.41379E-07 4.24748E-08 6.59392E-06 
2.25856E-07 1.10275E-06 -7.49988E-06 3.71238E-05 2.28492E-06 7.28607E-07 3.73246E-05 -8.00905E-06 1.10275E-06 2.25856E-07 1.47914E-05 
4.57214E-07 1.32129E-06 -7.93726E-06 2.79482E-05 2.33293E-06 8.31800E-07 2.80977E-05 -8.50252E-06 1.32129E-06 4.57214E-07 2.02500E-05 
6.32696E-07 1.46193E-06 -8.27992E-06 2.05901E-05 2.29414E-06 8.80589E-07 2.07042E-05 -8.88428E-06 1.46193E-06 6.32696E-07 2.26938E-05 
7.42776E-07 1.51659E-06 -8.53239E-06 1.47540E-05 2.16396E-06 8.69210E-07 1.48446E-05 -9.15959E-06 1.51659E-06 7.42776E-07 2.18633E-05 
7.80996E-07 1.48075E-06 -8.69880E-06 1.01729E-05 1.94154E-06 7.94850E-07 1.02488E-05 -9.33368E-06 1.48075E-06 7.80996E-07 1.77417E-05 
7.44644E-07 1.35411E-06 -8.78234E-06 6.61115E-06 1.63034E-06 6.58207E-07 6.67814E-06 -9.41108E-06 1.35411E-06 7.44644E-07 1.05726E-05 
6.35267E-07 1.14100E-06 -8.78475E-06 3.86546E-06 1.23851E-06 4.63897E-07 3.92687E-06 -9.39512E-06 1.14100E-06 6.35267E-07 8.57689E-07 
4.58969E-07 8.50702E-07 -8.70602E-06 1.76468E-06 7.79002E-07 2.20656E-07 1.82182E-06 -9.28757E-06 8.50702E-07 4.58969E-07 -1.06672E-05 
2.26435E-07 4.97323E-07 -8.54419E-06 1.68719E-07 2.69424E-07 -5.87180E-08 2.21312E-07 -9.08834E-06 4.97323E-07 2.26435E-07 -2.30755E-05 
-4.73354E-08 9.94863E-08 -8.29547E-06 -1.03352E-06 -2.68423E-07 -3.57693E-07 -9.86908E-07 -8.79556E-06 9.94863E-08 -4.73354E-08 -3.53098E-05 
-3.43587E-07 -3.20326E-07 -7.95451E-06 -1.92693E-06 -8.09260E-07 -6.56603E-07 -1.88849E-06 -8.40578E-06 -3.20326E-07 -3.43587E-07 -4.62544E-05 
-6.40655E-07 -7.36719E-07 -7.51492E-06 -2.57354E-06 -1.32538E-06 -9.33518E-07 -2.54586E-06 -7.91442E-06 -7.36719E-07 -6.40655E-07 -5.48146E-05 
-9.15031E-07 -1.12254E-06 -6.96997E-06 -3.01612E-06 -1.78784E-06 -1.16530E-06 -3.00186E-06 -7.31645E-06 -1.12254E-06 -9.15031E-07 -5.99982E-05 
---
