PdfType: replica
Format: lhagrid1
---
1.00000E-06 1.28121E-06 1.64152E-06 2.10317E-06 2.69463E-06 3.45242E-06 4.42329E-06 5.66715E-06 7.26076E-06 9.30241E-06 1.19180E-05 1.52689E-05 1.95617E-05 2.50609E-05 3.21053E-05 4.11287E-05 5.26863E-05 6.74889E-05 8.64459E-05 1.10720E-04 1.41800E-04 1.81585E-04 2.32503E-04 2.97652E-04 3.80981E-04 4.87518E-04 6.26039E-04 8.00452E-04 1.02297E-03 1.30657E-03 1.66759E-03 2.12729E-03 2.71054E-03 3.44865E-03 4.37927E-03 5.54908E-03 7.01192E-03 8.83064E-03 1.10763E-02 1.38266E-02 1.71641E-02 2.11717E-02 2.59364E-02 3.15062E-02 3.79623E-02 4.53425E-02 5.36750E-02 6.29705E-02 7.32221E-02 8.44039E-02 9.64793E-02 1.09332E-01 1.23067E-01 1.37507E-01 1.52639E-01 1.68416E-01 1.84794E-01 2.01731E-01 2.19016E-01 2.36948E-01 2.55242E-01 2.73927E-01 2.92954E-01 3.12340E-01 3.32036E-01 3.52019E-01 3.72282E-01 3.92772E-01 4.13533E-01 4.34326E-01 4.55495E-01 4.76836E-01 4.98342E-01 5.20006E-01 5.41818E-01 5.63773E-01 5.85861E-01 6.08077E-01 6.30459E-01 6.52800E-01 6.75387E-01 6.98063E-01 7.20830E-01 7.43683E-01 7.66623E-01 7.89636E-01 8.12791E-01 8.35940E-01 8.59175E-01 8.82485E-01 9.05866E-01 9.29311E-01 9.52817E-01 9.76387E-01 1.00000E+00 
1.14018E+00 1.22539E+00 1.32482E+00 1.44156E+00 1.57954E+00 1.74381E+00 1.94091E+00 2.12132E+00 2.17945E+00 2.49622E+00 2.89383E+00 3.39925E+00 4.05063E+00 4.90286E+00 6.03623E+00 7.57063E+00 9.68869E+00 1.26749E+01 1.69835E+01 2.33578E+01 3.30501E+01 4.82334E+01 7.28041E+01 1.13998E+02 1.85779E+02 3.16228E+02 
-5 -4 -3 -2 -1 1 2 3 4 5 21 
3.57443E-02 -1.09852E-01 7.65582E+00 3.52989E-01 3.53832E-01 3.53829E-01 3.53347E-01 7.65582E+00 -1.09852E-01 3.57443E-02 -2.58426E+01 
3.57443E-02 -1.09852E-01 7.50009E+00 2.79916E-01 2.80747E-01 2.80755E-01 2.80306E-01 7.50009E+00 -1.09852E-01 3.57443E-02 -2.59261E+01 
3.57443E-02 -2.51451E-02 7.35634E+00 2.18329E-01 2.19147E-01 2.19167E-01 2.18754E-01 7.35634E+00 -2.51451E-02 3.57443E-02 -2.57818E+01 
3.57443E-02 -7.31723E-02 7.22647E+00 1.70275E-01 1.71081E-01 1.71112E-01 1.70735E-01 7.22647E+00 -7.31723E-02 3.57443E-02 -2.53467E+01 
3.57443E-02 -1.04401E-01 7.11279E+00 1.39018E-01 1.39811E-01 1.39856E-01 1.39514E-01 7.11279E+00 -1.04401E-01 3.57443E-02 -2.46156E+01 
3.57443E-02 -1.15438E-01 7.01878E+00 1.27952E-01 1.28733E-01 1.28791E-01 1.28487E-01 7.01878E+00 -1.15438E-01 3.57443E-02 -2.34882E+01 
3.57443E-02 -1.02446E-01 6.94836E+00 1.40914E-01 1.41684E-01 1.41755E-01 1.41489E-01 6.94836E+00 -1.02446E-01 3.57443E-02 -2.18416E+01 
3.57443E-02 -7.31672E-02 6.91286E+00 1.70168E-01 1.70928E-01 1.71011E-01 1.70776E-01 6.91286E+00 -7.31672E-02 3.57443E-02 -2.01184E+01 
3.57443E-02 -6.10804E-02 6.90597E+00 1.82248E-01 1.83005E-01 1.83092E-01 1.82865E-01 6.90597E+00 -6.10804E-02 3.57443E-02 -1.95279E+01 
3.57443E-02 2.09797E-02 6.89743E+00 2.64273E-01 2.65017E-01 2.65120E-01 2.64937E-01 6.89743E+00 2.09797E-02 3.57443E-02 -1.60825E+01 
3.57443E-02 1.48776E-01 6.93442E+00 3.92032E-01 3.92764E-01 3.92885E-01 3.92746E-01 6.93442E+00 1.48776E-01 3.57443E-02 -1.13939E+01 
3.57443E-02 3.30346E-01 7.02506E+00 5.73564E-01 5.74284E-01 5.74423E-01 5.74330E-01 7.02506E+00 3.30346E-01 3.57443E-02 -5.15309E+00 
3.57443E-02 5.74878E-01 7.17864E+00 8.18055E-01 8.18763E-01 8.18921E-01 8.18874E-01 7.17864E+00 5.74878E-01 3.57443E-02 2.99962E+00 
2.21645E-01 8.49392E-01 7.36313E+00 1.09253E+00 1.09322E+00 1.09340E+00 1.09340E+00 7.36313E+00 8.49392E-01 2.21645E-01 1.36037E+01 
5.69486E-01 1.20211E+00 7.62552E+00 1.44520E+00 1.44589E+00 1.44609E+00 1.44614E+00 7.62552E+00 1.20211E+00 5.69486E-01 2.69192E+01 
1.01976E+00 1.65717E+00 7.98984E+00 1.90021E+00 1.90089E+00 1.90111E+00 1.90121E+00 7.98984E+00 1.65717E+00 1.01976E+00 4.34402E+01 
1.58965E+00 2.23173E+00 8.47336E+00 2.47472E+00 2.47538E+00 2.47563E+00 2.47578E+00 8.47336E+00 2.23173E+00 1.58965E+00 6.37682E+01 
2.29862E+00 2.94524E+00 9.09565E+00 3.18817E+00 3.18883E+00 3.18910E+00 3.18931E+00 9.09565E+00 2.94524E+00 2.29862E+00 8.85794E+01 
3.16867E+00 3.81970E+00 9.87882E+00 4.06258E+00 4.06322E+00 4.06352E+00 4.06378E+00 9.87882E+00 3.81970E+00 3.16867E+00 1.18628E+02 
4.22455E+00 4.87984E+00 1.08477E+01 5.12265E+00 5.12329E+00 5.12362E+00 5.12394E+00 1.08477E+01 4.87984E+00 4.22455E+00 1.54745E+02 
5.49398E+00 6.15339E+00 1.20301E+01 6.39614E+00 6.39677E+00 6.39713E+00 6.39751E+00 1.20301E+01 6.15339E+00 5.49398E+00 1.97839E+02 
7.00790E+00 7.67127E+00 1.34571E+01 7.91395E+00 7.91457E+00 7.91496E+00 7.91540E+00 1.34571E+01 7.67127E+00 7.00790E+00 2.48895E+02 
8.80065E+00 9.46781E+00 1.51630E+01 9.71042E+00 9.71103E+00 9.71146E+00 9.71196E+00 1.51630E+01 9.46781E+00 8.80065E+00 3.08970E+02 
1.09101E+01 1.15809E+01 1.71859E+01 1.18234E+01 1.18240E+01 1.18245E+01 1.18250E+01 1.71859E+01 1.15809E+01 1.09101E+01 3.79187E+02 
1.33778E+01 1.40521E+01 1.95673E+01 1.42945E+01 1.42951E+01 1.42956E+01 1.42962E+01 1.95673E+01 1.40521E+01 1.33778E+01 4.60730E+02 
1.62492E+01 1.69267E+01 2.23527E+01 1.71691E+01 1.71697E+01 1.71702E+01 1.71709E+01 2.23527E+01 1.69267E+01 1.62492E+01 5.54832E+02 
3.54036E-02 -8.33759E-02 6.95027E+00 3.37089E-01 3.37814E-01 3.37849E-01 3.37565E-01 6.95027E+00 -8.33759E-02 3.54036E-02 -2.33803E+01 
3.54036E-02 -8.33759E-02 6.81265E+00 2.74541E-01 2.75254E-01 2.75303E-01 2.75056E-01 6.81265E+00 -8.33759E-02 3.54036E-02 -2.33797E+01 
3.54036E-02 -2.07295E-02 6.68673E+00 2.23266E-01 2.23968E-01 2.24029E-01 2.23819E-01 6.68673E+00 -2.07295E-02 3.54036E-02 -2.31553E+01 
3.54036E-02 -5.87756E-02 6.57432E+00 1.85171E-01 1.85863E-01 1.85938E-01 1.85766E-01 6.57432E+00 -5.87756E-02 3.54036E-02 -2.26490E+01 
3.54036E-02 -8.05443E-02 6.47763E+00 1.63353E-01 1.64034E-01 1.64124E-01 1.63990E-01 6.47763E+00 -8.05443E-02 3.54036E-02 -2.18475E+01 
3.54036E-02 -8.28794E-02 6.39990E+00 1.60968E-01 1.61638E-01 1.61743E-01 1.61648E-01 6.39990E+00 -8.28794E-02 3.54036E-02 -2.06554E+01 
3.54036E-02 -6.22229E-02 6.34476E+00 1.81572E-01 1.82232E-01 1.82353E-01 1.82299E-01 6.34476E+00 -6.22229E-02 3.54036E-02 -1.89566E+01 
3.54036E-02 -2.79322E-02 6.32019E+00 2.15822E-01 2.16474E-01 2.16607E-01 2.16585E-01 6.32019E+00 -2.79322E-02 3.54036E-02 -1.72074E+01 
3.54036E-02 -1.45585E-02 6.31632E+00 2.29184E-01 2.29833E-01 2.29970E-01 2.29958E-01 6.31632E+00 -1.45585E-02 3.54036E-02 -1.66124E+01 
3.54036E-02 7.23236E-02 6.32087E+00 3.16007E-01 3.16645E-01 3.16801E-01 3.16834E-01 6.32087E+00 7.23236E-02 3.54036E-02 -1.31720E+01 
3.54036E-02 2.02345E-01 6.36838E+00 4.45967E-01 4.46595E-01 4.46771E-01 4.46851E-01 6.36838E+00 2.02345E-01 3.54036E-02 -8.54672E+00 
3.54036E-02 3.82878E-01 6.46629E+00 6.26437E-01 6.27054E-01 6.27251E-01 6.27380E-01 6.46629E+00 3.82878E-01 3.54036E-02 -2.45200E+00 
3.54036E-02 6.22321E-01 6.62308E+00 8.65816E-01 8.66423E-01 8.66642E-01 8.66820E-01 6.62308E+00 6.22321E-01 3.54036E-02 5.44139E+00 
2.18241E-01 8.90875E-01 6.80983E+00 1.13430E+00 1.13490E+00 1.13514E+00 1.13537E+00 6.80983E+00 8.90875E-01 2.18241E-01 1.55875E+01 
5.56433E-01 1.23248E+00 7.06935E+00 1.47583E+00 1.47642E+00 1.47669E+00 1.47697E+00 7.06935E+00 1.23248E+00 5.56433E-01 2.82433E+01 
9.89646E-01 1.66899E+00 7.42341E+00 1.91228E+00 1.91286E+00 1.91315E+00 1.91349E+00 7.42341E+00 1.66899E+00 9.89646E-01 4.38602E+01 
1.53337E+00 2.21592E+00 7.88761E+00 2.45912E+00 2.45970E+00 2.46002E+00 2.46041E+00 7.88761E+00 2.21592E+00 1.53337E+00 6.29770E+01 
2.20512E+00 2.89074E+00 8.47955E+00 3.13386E+00 3.13443E+00 3.13478E+00 3.13523E+00 8.47955E+00 2.89074E+00 2.20512E+00 8.61961E+01 
3.02459E+00 3.71315E+00 9.21901E+00 3.95620E+00 3.95675E+00 3.95714E+00 3.95764E+00 9.21901E+00 3.71315E+00 3.02459E+00 1.14185E+02 
4.01386E+00 4.70524E+00 1.01282E+01 4.94819E+00 4.94874E+00 4.94916E+00 4.94972E+00 1.01282E+01 4.70524E+00 4.01386E+00 1.47675E+02 
5.19758E+00 5.89163E+00 1.12318E+01 6.13450E+00 6.13504E+00 6.13549E+00 6.13612E+00 1.12318E+01 5.89163E+00 5.19758E+00 1.87462E+02 
6.60314E+00 7.29971E+00 1.25572E+01 7.54248E+00 7.54302E+00 7.54351E+00 7.54420E+00 1.25572E+01 7.29971E+00 6.60314E+00 2.34402E+02 
8.26081E+00 8.95975E+00 1.41349E+01 9.20242E+00 9.20296E+00 9.20349E+00 9.20424E+00 1.41349E+01 8.95975E+00 8.26081E+00 2.89408E+02 
1.02038E+01 1.09050E+01 1.59982E+01 1.11476E+01 1.11481E+01 1.11487E+01 1.11495E+01 1.59982E+01 1.09050E+01 1.02038E+01 3.53443E+02 
1.24686E+01 1.31718E+01 1.81834E+01 1.34142E+01 1.34148E+01 1.34154E+01 1.34163E+01 1.81834E+01 1.31718E+01 1.24686E+01 4.27519E+02 
1.50945E+01 1.57996E+01 2.07302E+01 1.60420E+01 1.60425E+01 1.60432E+01 1.60441E+01 2.07302E+01 1.57996E+01 1.50945E+01 5.12679E+02 
3.48834E-02 -5.99683E-02 6.30931E+00 3.22696E-01 3.23306E-01 3.23387E-01 3.23321E-01 6.30931E+00 -5.99683E-02 3.48834E-02 -2.11476E+01 
3.48834E-02 -5.99683E-02 6.18804E+00 2.69625E-01 2.70225E-01 2.70321E-01 2.70292E-01 6.18804E+00 -5.99683E-02 3.48834E-02 -2.10722E+01 
3.48834E-02 -1.67848E-02 6.07819E+00 2.27576E-01 2.28168E-01 2.28277E-01 2.28288E-01 6.07819E+00 -1.67848E-02 3.48834E-02 -2.07771E+01 
3.48834E-02 -4.59663E-02 5.98144E+00 1.98327E-01 1.98909E-01 1.99034E-01 1.99084E-01 5.98144E+00 -4.59663E-02 3.48834E-02 -2.02093E+01 
3.48834E-02 -5.94190E-02 5.89990E+00 1.84805E-01 1.85377E-01 1.85519E-01 1.85609E-01 5.89990E+00 -5.94190E-02 3.48834E-02 -1.93484E+01 
3.48834E-02 -5.42142E-02 5.83659E+00 1.89939E-01 1.90502E-01 1.90661E-01 1.90792E-01 5.83659E+00 -5.42142E-02 3.48834E-02 -1.81040E+01 
3.48834E-02 -2.70587E-02 5.79488E+00 2.17021E-01 2.17576E-01 2.17752E-01 2.17927E-01 5.79488E+00 -2.70587E-02 3.48834E-02 -1.63667E+01 
3.48834E-02 1.13517E-02 5.77980E+00 2.55375E-01 2.55923E-01 2.56113E-01 2.56321E-01 5.77980E+00 1.13517E-02 3.48834E-02 -1.46027E+01 
3.48834E-02 2.57541E-02 5.77854E+00 2.69760E-01 2.70306E-01 2.70501E-01 2.70719E-01 5.77854E+00 2.57541E-02 3.48834E-02 -1.40067E+01 
3.48834E-02 1.16258E-01 5.79423E+00 3.60182E-01 3.60719E-01 3.60936E-01 3.61201E-01 5.79423E+00 1.16258E-01 3.48834E-02 -1.05879E+01 
3.48834E-02 2.47381E-01 5.85037E+00 4.91221E-01 4.91749E-01 4.91988E-01 4.92303E-01 5.85037E+00 2.47381E-01 3.48834E-02 -6.04240E+00 
3.48834E-02 4.25870E-01 5.95378E+00 6.69624E-01 6.70144E-01 6.70407E-01 6.70772E-01 5.95378E+00 4.25870E-01 3.48834E-02 -1.08836E-01 
3.48834E-02 6.59390E-01 6.11220E+00 9.03055E-01 9.03568E-01 9.03855E-01 9.04273E-01 6.11220E+00 6.59390E-01 3.48834E-02 7.51327E+00 
2.13903E-01 9.21082E-01 6.29955E+00 1.16466E+00 1.16516E+00 1.16548E+00 1.16595E+00 6.29955E+00 9.21082E-01 2.13903E-01 1.72010E+01 
5.41582E-01 1.25088E+00 6.55477E+00 1.49436E+00 1.49486E+00 1.49520E+00 1.49573E+00 6.55477E+00 1.25088E+00 5.41582E-01 2.92071E+01 
9.57254E-01 1.66857E+00 6.89753E+00 1.91196E+00 1.91245E+00 1.91282E+00 1.91340E+00 6.89753E+00 1.66857E+00 9.57254E-01 4.39435E+01 
1.47487E+00 2.18810E+00 7.34188E+00 2.43138E+00 2.43186E+00 2.43227E+00 2.43291E+00 7.34188E+00 2.18810E+00 1.47487E+00 6.18911E+01 
2.11012E+00 2.82514E+00 7.90361E+00 3.06832E+00 3.06880E+00 3.06924E+00 3.06994E+00 7.90361E+00 2.82514E+00 2.11012E+00 8.35848E+01 
2.88062E+00 3.59731E+00 8.60040E+00 3.84038E+00 3.84086E+00 3.84134E+00 3.84210E+00 8.60040E+00 3.59731E+00 2.88062E+00 1.09613E+02 
3.80602E+00 4.52426E+00 9.45199E+00 4.76721E+00 4.76769E+00 4.76820E+00 4.76902E+00 9.45199E+00 4.52426E+00 3.80602E+00 1.40619E+02 
4.90818E+00 5.62782E+00 1.04803E+01 5.87066E+00 5.87113E+00 5.87169E+00 5.87257E+00 1.04803E+01 5.62782E+00 4.90818E+00 1.77295E+02 
6.21126E+00 6.93218E+00 1.17096E+01 7.17489E+00 7.17536E+00 7.17596E+00 7.17692E+00 1.17096E+01 6.93218E+00 6.21126E+00 2.20382E+02 
7.74189E+00 8.46394E+00 1.31665E+01 8.70653E+00 8.70700E+00 8.70764E+00 8.70867E+00 1.31665E+01 8.46394E+00 7.74189E+00 2.70667E+02 
9.52917E+00 1.02522E+01 1.48803E+01 1.04947E+01 1.04951E+01 1.04958E+01 1.04969E+01 1.48803E+01 1.02522E+01 9.52917E+00 3.28973E+02 
1.16048E+01 1.23287E+01 1.68827E+01 1.25710E+01 1.25715E+01 1.25722E+01 1.25734E+01 1.68827E+01 1.23287E+01 1.16048E+01 3.96157E+02 
1.40030E+01 1.47276E+01 1.92079E+01 1.49698E+01 1.49702E+01 1.49710E+01 1.49723E+01 1.92079E+01 1.47276E+01 1.40030E+01 4.73097E+02 
3.42115E-02 -3.93295E-02 5.72703E+00 3.09664E-01 3.10165E-01 3.10294E-01 3.10457E-01 5.72703E+00 -3.93295E-02 3.42115E-02 -1.91229E+01 
3.42115E-02 -3.93295E-02 5.62054E+00 2.65118E-01 2.65611E-01 2.65756E-01 2.65959E-01 5.62054E+00 -3.93295E-02 3.42115E-02 -1.89807E+01 
3.42115E-02 -1.32665E-02 5.52516E+00 2.31315E-01 2.31800E-01 2.31961E-01 2.32204E-01 5.52516E+00 -1.32665E-02 3.42115E-02 -1.86236E+01 
3.42115E-02 -3.45924E-02 5.44243E+00 2.09901E-01 2.10379E-01 2.10558E-01 2.10842E-01 5.44243E+00 -3.45924E-02 3.42115E-02 -1.80030E+01 
3.42115E-02 -4.07603E-02 5.37440E+00 2.03645E-01 2.04115E-01 2.04311E-01 2.04638E-01 5.37440E+00 -4.07603E-02 3.42115E-02 -1.70927E+01 
3.42115E-02 -2.90579E-02 5.32384E+00 2.15256E-01 2.15719E-01 2.15935E-01 2.16305E-01 5.32384E+00 -2.90579E-02 3.42115E-02 -1.58071E+01 
3.42115E-02 3.55669E-03 5.29388E+00 2.47778E-01 2.48234E-01 2.48470E-01 2.48884E-01 5.29388E+00 3.55669E-03 3.42115E-02 -1.40436E+01 
3.42115E-02 4.52944E-02 5.28701E+00 2.89443E-01 2.89894E-01 2.90146E-01 2.90595E-01 5.28701E+00 4.52944E-02 3.42115E-02 -1.22748E+01 
3.42115E-02 6.04975E-02 5.28797E+00 3.04624E-01 3.05074E-01 3.05331E-01 3.05790E-01 5.28797E+00 6.04975E-02 3.42115E-02 -1.16807E+01 
3.42115E-02 1.53569E-01 5.31307E+00 3.97592E-01 3.98035E-01 3.98316E-01 3.98826E-01 5.31307E+00 1.53569E-01 3.42115E-02 -8.29796E+00 
3.42115E-02 2.84820E-01 5.37618E+00 5.28736E-01 5.29173E-01 5.29479E-01 5.30040E-01 5.37618E+00 2.84820E-01 3.42115E-02 -3.84629E+00 
3.42115E-02 4.60413E-01 5.48355E+00 7.04220E-01 7.04651E-01 7.04984E-01 7.05598E-01 5.48355E+00 4.60413E-01 3.42115E-02 1.91369E+00 
3.42115E-02 6.87328E-01 5.64222E+00 9.31024E-01 9.31449E-01 9.31811E-01 9.32479E-01 5.64222E+00 6.87328E-01 3.42115E-02 9.25545E+00 
2.08787E-01 9.41422E-01 5.82876E+00 1.18500E+00 1.18543E+00 1.18582E+00 1.18654E+00 5.82876E+00 9.41422E-01 2.08787E-01 1.84870E+01 
5.25275E-01 1.25891E+00 6.07847E+00 1.50238E+00 1.50279E+00 1.50322E+00 1.50400E+00 6.07847E+00 1.25891E+00 5.25275E-01 2.98558E+01 
9.23107E-01 1.65764E+00 6.40912E+00 1.90099E+00 1.90140E+00 1.90186E+00 1.90270E+00 6.40912E+00 1.65764E+00 9.23107E-01 4.37369E+01 
1.41481E+00 2.15014E+00 6.83331E+00 2.39336E+00 2.39377E+00 2.39426E+00 2.39516E+00 6.83331E+00 2.15014E+00 1.41481E+00 6.05586E+01 
2.01443E+00 2.75044E+00 7.36517E+00 2.99353E+00 2.99394E+00 2.99447E+00 2.99544E+00 7.36516E+00 2.75044E+00 2.01443E+00 8.07940E+01 
2.73767E+00 3.47424E+00 8.02047E+00 3.71720E+00 3.71761E+00 3.71818E+00 3.71921E+00 8.02047E+00 3.47424E+00 2.73767E+00 1.04961E+02 
3.60197E+00 4.33898E+00 8.81673E+00 4.58180E+00 4.58221E+00 4.58282E+00 4.58392E+00 8.81673E+00 4.33898E+00 3.60197E+00 1.33621E+02 
4.62665E+00 5.36398E+00 9.77334E+00 5.60665E+00 5.60706E+00 5.60773E+00 5.60889E+00 9.77334E+00 5.36398E+00 4.62665E+00 1.67375E+02 
5.83300E+00 6.57051E+00 1.09117E+01 6.81304E+00 6.81345E+00 6.81417E+00 6.81540E+00 1.09117E+01 6.57051E+00 5.83300E+00 2.06863E+02 
7.24435E+00 7.98192E+00 1.22551E+01 8.22429E+00 8.22471E+00 8.22548E+00 8.22678E+00 1.22551E+01 7.98192E+00 7.24435E+00 2.52758E+02 
8.88610E+00 9.62359E+00 1.38290E+01 9.86581E+00 9.86623E+00 9.86705E+00 9.86843E+00 1.38290E+01 9.62359E+00 8.88610E+00 3.05760E+02 
1.07858E+01 1.15231E+01 1.56612E+01 1.17651E+01 1.17655E+01 1.17664E+01 1.17679E+01 1.56612E+01 1.15231E+01 1.07858E+01 3.66592E+02 
1.29730E+01 1.37099E+01 1.77811E+01 1.39518E+01 1.39523E+01 1.39532E+01 1.39547E+01 1.77811E+01 1.37099E+01 1.29730E+01 4.35988E+02 
3.34129E-02 -2.11891E-02 5.19812E+00 2.97861E-01 2.98258E-01 2.98436E-01 2.98836E-01 5.19812E+00 -2.11891E-02 3.34129E-02 -1.72862E+01 
3.34129E-02 -2.11891E-02 5.10497E+00 2.60977E-01 2.61368E-01 2.61563E-01 2.62005E-01 5.10497E+00 -2.11891E-02 3.34129E-02 -1.70847E+01 
3.34129E-02 -1.01344E-02 5.02259E+00 2.34527E-01 2.34912E-01 2.35126E-01 2.35610E-01 5.02259E+00 -1.01344E-02 3.34129E-02 -1.66735E+01 
3.34129E-02 -2.45166E-02 4.95241E+00 2.20039E-01 2.20419E-01 2.20652E-01 2.21178E-01 4.95241E+00 -2.45166E-02 3.34129E-02 -1.60079E+01 
3.34129E-02 -2.43284E-02 4.89638E+00 2.20120E-01 2.20494E-01 2.20748E-01 2.21318E-01 4.89638E+00 -2.43284E-02 3.34129E-02 -1.50571E+01 
3.34129E-02 -7.06312E-03 4.85707E+00 2.37275E-01 2.37644E-01 2.37920E-01 2.38535E-01 4.85707E+00 -7.06312E-03 3.34129E-02 -1.37403E+01 
3.34129E-02 3.00832E-02 4.83735E+00 2.74309E-01 2.74673E-01 2.74972E-01 2.75633E-01 4.83735E+00 3.00832E-02 3.34129E-02 -1.19614E+01 
3.34129E-02 7.44463E-02 4.83755E+00 3.18584E-01 3.18945E-01 3.19262E-01 3.19960E-01 4.83755E+00 7.44463E-02 3.34129E-02 -1.01966E+01 
3.34129E-02 9.02488E-02 4.84041E+00 3.34361E-01 3.34721E-01 3.35043E-01 3.35752E-01 4.84041E+00 9.02488E-02 3.34129E-02 -9.60719E+00 
3.34129E-02 1.84966E-01 4.87336E+00 4.28952E-01 4.29308E-01 4.29658E-01 4.30419E-01 4.87336E+00 1.84966E-01 3.34129E-02 -6.27305E+00 
3.34129E-02 3.15505E-01 4.94198E+00 5.59363E-01 5.59715E-01 5.60094E-01 5.60909E-01 4.94198E+00 3.15505E-01 3.34129E-02 -1.92713E+00 
3.34129E-02 4.87485E-01 5.05196E+00 7.31212E-01 7.31561E-01 7.31971E-01 7.32841E-01 5.05196E+00 4.87485E-01 3.34129E-02 3.64921E+00 
3.34129E-02 7.07249E-01 5.20971E+00 9.50843E-01 9.51190E-01 9.51632E-01 9.52558E-01 5.20971E+00 7.07249E-01 3.34129E-02 1.07041E+01 
2.03032E-01 9.53157E-01 5.39423E+00 1.19661E+00 1.19696E+00 1.19744E+00 1.19842E+00 5.39423E+00 9.53157E-01 2.03032E-01 1.94837E+01 
5.07811E-01 1.25797E+00 5.63745E+00 1.50128E+00 1.50163E+00 1.50214E+00 1.50319E+00 5.63745E+00 1.25797E+00 5.07811E-01 3.02296E+01 
8.87658E-01 1.63774E+00 5.95535E+00 1.88091E+00 1.88126E+00 1.88181E+00 1.88292E+00 5.95535E+00 1.63774E+00 8.87658E-01 4.32826E+01 
1.35380E+00 2.10370E+00 6.35924E+00 2.34673E+00 2.34707E+00 2.34767E+00 2.34884E+00 6.35924E+00 2.10370E+00 1.35380E+00 5.90226E+01 
1.91877E+00 2.66839E+00 6.86173E+00 2.91126E+00 2.91160E+00 2.91225E+00 2.91348E+00 6.86173E+00 2.66839E+00 1.91877E+00 7.78668E+01 
2.59652E+00 3.34574E+00 7.47683E+00 3.58845E+00 3.58880E+00 3.58949E+00 3.59080E+00 7.47683E+00 3.34574E+00 2.59652E+00 1.00269E+02 
3.40249E+00 4.15120E+00 8.22007E+00 4.39375E+00 4.39411E+00 4.39485E+00 4.39622E+00 8.22007E+00 4.15120E+00 3.40249E+00 1.26718E+02 
4.35374E+00 5.10181E+00 9.10854E+00 5.34420E+00 5.34456E+00 5.34535E+00 5.34680E+00 9.10853E+00 5.10181E+00 4.35374E+00 1.57732E+02 
5.46892E+00 6.21625E+00 1.01610E+01 6.45846E+00 6.45883E+00 6.45968E+00 6.46120E+00 1.01610E+01 6.21625E+00 5.46892E+00 1.93863E+02 
6.76845E+00 7.51491E+00 1.13978E+01 7.75694E+00 7.75731E+00 7.75822E+00 7.75982E+00 1.13978E+01 7.51491E+00 6.76845E+00 2.35682E+02 
8.27440E+00 9.01987E+00 1.28413E+01 9.26172E+00 9.26210E+00 9.26307E+00 9.26475E+00 1.28413E+01 9.01987E+00 8.27440E+00 2.83781E+02 
1.00106E+01 1.07550E+01 1.45152E+01 1.09966E+01 1.09970E+01 1.09981E+01 1.09998E+01 1.45152E+01 1.07550E+01 1.00106E+01 3.38767E+02 
1.20026E+01 1.27457E+01 1.64451E+01 1.29872E+01 1.29876E+01 1.29887E+01 1.29905E+01 1.64451E+01 1.27457E+01 1.20026E+01 4.01250E+02 
3.25096E-02 -5.30128E-03 4.71767E+00 2.87166E-01 2.87466E-01 2.87692E-01 2.88334E-01 4.71767E+00 -5.30128E-03 3.25096E-02 -1.56196E+01 
3.25096E-02 -5.30128E-03 4.63656E+00 2.57160E-01 2.57455E-01 2.57701E-01 2.58387E-01 4.63656E+00 -5.30128E-03 3.25096E-02 -1.53655E+01 
3.25096E-02 -7.35172E-03 4.56586E+00 2.37258E-01 2.37550E-01 2.37817E-01 2.38546E-01 4.56586E+00 -7.35172E-03 3.25096E-02 -1.49071E+01 
3.25096E-02 -1.56140E-02 4.50689E+00 2.28872E-01 2.29160E-01 2.29450E-01 2.30223E-01 4.50689E+00 -1.56140E-02 3.25096E-02 -1.42037E+01 
3.25096E-02 -9.90533E-03 4.46152E+00 2.34454E-01 2.34740E-01 2.35053E-01 2.35872E-01 4.46152E+00 -9.90533E-03 3.25096E-02 -1.32205E+01 
3.25096E-02 1.20858E-02 4.43210E+00 2.56317E-01 2.56599E-01 2.56937E-01 2.57804E-01 4.43210E+00 1.20858E-02 3.25096E-02 -1.18815E+01 
3.25096E-02 5.29386E-02 4.42127E+00 2.97038E-01 2.97319E-01 2.97683E-01 2.98598E-01 4.42127E+00 5.29386E-02 3.25096E-02 -1.00967E+01 
3.25096E-02 9.93069E-02 4.42751E+00 3.43304E-01 3.43583E-01 3.43968E-01 3.44921E-01 4.42751E+00 9.93069E-02 3.25096E-02 -8.34391E+00 
3.25096E-02 1.15532E-01 4.43198E+00 3.59498E-01 3.59777E-01 3.60169E-01 3.61133E-01 4.43197E+00 1.15532E-01 3.25096E-02 -7.76135E+00 
3.25096E-02 2.11089E-01 4.47140E+00 4.54909E-01 4.55186E-01 4.55610E-01 4.56629E-01 4.47140E+00 2.11089E-01 3.25096E-02 -4.48668E+00 
3.25096E-02 3.40197E-01 4.54424E+00 5.83867E-01 5.84145E-01 5.84601E-01 5.85677E-01 4.54424E+00 3.40197E-01 3.25096E-02 -2.56503E-01 
3.25096E-02 5.07969E-01 4.65567E+00 7.51486E-01 7.51764E-01 7.52256E-01 7.53389E-01 4.65567E+00 5.07969E-01 3.25096E-02 5.12826E+00 
3.25096E-02 7.20156E-01 4.81150E+00 9.63518E-01 9.63797E-01 9.64326E-01 9.65519E-01 4.81150E+00 7.20156E-01 3.25096E-02 1.18921E+01 
1.96758E-01 9.57417E-01 4.99298E+00 1.20062E+00 1.20090E+00 1.20147E+00 1.20273E+00 4.99298E+00 9.57417E-01 1.96758E-01 2.02259E+01 
4.89456E-01 1.24931E+00 5.22890E+00 1.49235E+00 1.49263E+00 1.49324E+00 1.49456E+00 5.22890E+00 1.24931E+00 4.89456E-01 3.03649E+01 
8.51306E-01 1.61024E+00 5.53361E+00 1.85312E+00 1.85341E+00 1.85406E+00 1.85545E+00 5.53361E+00 1.61024E+00 8.51306E-01 4.26179E+01 
1.29234E+00 2.05026E+00 5.91722E+00 2.29297E+00 2.29326E+00 2.29397E+00 2.29542E+00 5.91722E+00 2.05026E+00 1.29234E+00 5.73209E+01 
1.82371E+00 2.58052E+00 6.39095E+00 2.82305E+00 2.82334E+00 2.82410E+00 2.82562E+00 6.39095E+00 2.58052E+00 1.82371E+00 7.48405E+01 
2.45780E+00 3.21338E+00 6.96724E+00 3.45573E+00 3.45603E+00 3.45684E+00 3.45844E+00 6.96724E+00 3.21338E+00 2.45780E+00 9.55725E+01 
3.20822E+00 3.96248E+00 7.65979E+00 4.20463E+00 4.20495E+00 4.20582E+00 4.20749E+00 7.65979E+00 3.96248E+00 3.20822E+00 1.19940E+02 
4.08997E+00 4.84278E+00 8.48362E+00 5.08475E+00 5.08507E+00 5.08600E+00 5.08775E+00 8.48362E+00 4.84278E+00 4.08997E+00 1.48390E+02 
5.11939E+00 5.87064E+00 9.45514E+00 6.11241E+00 6.11275E+00 6.11374E+00 6.11557E+00 9.45514E+00 5.87064E+00 5.11939E+00 1.81393E+02 
6.31424E+00 7.06382E+00 1.05922E+01 7.30539E+00 7.30573E+00 7.30680E+00 7.30871E+00 1.05922E+01 7.06382E+00 6.31424E+00 2.19433E+02 
7.69365E+00 8.44146E+00 1.19139E+01 8.68282E+00 8.68318E+00 8.68432E+00 8.68631E+00 1.19139E+01 8.44146E+00 7.69365E+00 2.63007E+02 
9.27820E+00 1.00241E+01 1.34409E+01 1.02653E+01 1.02656E+01 1.02668E+01 1.02689E+01 1.34409E+01 1.00241E+01 9.27820E+00 3.12621E+02 
1.10897E+01 1.18336E+01 1.51951E+01 1.20746E+01 1.20750E+01 1.20763E+01 1.20784E+01 1.51951E+01 1.18336E+01 1.10897E+01 3.68778E+02 
3.15213E-02 8.55559E-03 4.28125E+00 2.77471E-01 2.77681E-01 2.77955E-01 2.78843E-01 4.28125E+00 8.55559E-03 3.15213E-02 -1.41067E+01 
3.15213E-02 8.55559E-03 4.21100E+00 2.53629E-01 2.53838E-01 2.54135E-01 2.55068E-01 4.21100E+00 8.55559E-03 3.15213E-02 -1.38062E+01 
3.15213E-02 -4.88554E-03 4.15079E+00 2.39545E-01 2.39751E-01 2.40073E-01 2.41052E-01 4.15079E+00 -4.88554E-03 3.15213E-02 -1.33070E+01 
3.15213E-02 -7.77187E-03 4.10182E+00 2.36517E-01 2.36723E-01 2.37070E-01 2.38096E-01 4.10182E+00 -7.77187E-03 3.15213E-02 -1.25722E+01 
3.15213E-02 2.70530E-03 4.06588E+00 2.46849E-01 2.47055E-01 2.47430E-01 2.48504E-01 4.06588E+00 2.70530E-03 3.15213E-02 -1.15639E+01 
3.15213E-02 2.86730E-02 4.04513E+00 2.72670E-01 2.72876E-01 2.73280E-01 2.74403E-01 4.04513E+00 2.86730E-02 3.15213E-02 -1.02106E+01 
3.15213E-02 7.24988E-02 4.04199E+00 3.16346E-01 3.16553E-01 3.16987E-01 3.18161E-01 4.04199E+00 7.24988E-02 3.15213E-02 -8.42865E+00 
3.15213E-02 1.20325E-01 4.05335E+00 3.64055E-01 3.64263E-01 3.64722E-01 3.65935E-01 4.05335E+00 1.20325E-01 3.15213E-02 -6.69455E+00 
3.15213E-02 1.36818E-01 4.05915E+00 3.80513E-01 3.80721E-01 3.81187E-01 3.82413E-01 4.05915E+00 1.36818E-01 3.15213E-02 -6.12087E+00 
3.15213E-02 2.32515E-01 4.10384E+00 4.76043E-01 4.76253E-01 4.76755E-01 4.78039E-01 4.10384E+00 2.32515E-01 3.15213E-02 -2.91501E+00 
3.15213E-02 3.59581E-01 4.17977E+00 6.02938E-01 6.03151E-01 6.03693E-01 6.05036E-01 4.17977E+00 3.59581E-01 3.15213E-02 1.19115E+00 
3.15213E-02 5.22655E-01 4.29165E+00 7.65839E-01 7.66056E-01 7.66638E-01 7.68043E-01 4.29165E+00 5.22655E-01 3.15213E-02 6.37829E+00 
3.15213E-02 7.26944E-01 4.44472E+00 9.69951E-01 9.70172E-01 9.70798E-01 9.72266E-01 4.44472E+00 7.26944E-01 3.15213E-02 1.28488E+01 
1.90075E-01 9.55211E-01 4.62230E+00 1.19804E+00 1.19827E+00 1.19894E+00 1.20047E+00 4.62230E+00 9.55211E-01 1.90075E-01 2.07446E+01 
4.70443E-01 1.23405E+00 4.85027E+00 1.47669E+00 1.47693E+00 1.47765E+00 1.47925E+00 4.85027E+00 1.23405E+00 4.70443E-01 3.02939E+01 
8.14396E-01 1.57637E+00 5.14150E+00 1.81883E+00 1.81907E+00 1.81984E+00 1.82151E+00 5.14150E+00 1.57637E+00 8.14396E-01 4.17761E+01 
1.23087E+00 1.99112E+00 5.50498E+00 2.23338E+00 2.23363E+00 2.23446E+00 2.23620E+00 5.50498E+00 1.99112E+00 1.23087E+00 5.54872E+01 
1.72978E+00 2.48820E+00 5.95069E+00 2.73026E+00 2.73052E+00 2.73141E+00 2.73323E+00 5.95069E+00 2.48820E+00 1.72978E+00 7.17478E+01 
2.32205E+00 3.07853E+00 6.48961E+00 3.32039E+00 3.32066E+00 3.32162E+00 3.32351E+00 6.48961E+00 3.07853E+00 2.32205E+00 9.09018E+01 
3.01968E+00 3.77413E+00 7.13381E+00 4.01577E+00 4.01606E+00 4.01708E+00 4.01905E+00 7.13381E+00 3.77413E+00 3.01968E+00 1.13314E+02 
3.83579E+00 4.58810E+00 7.89646E+00 4.82953E+00 4.82983E+00 4.83092E+00 4.83298E+00 7.89646E+00 4.58810E+00 3.83579E+00 1.39368E+02 
4.78464E+00 5.53470E+00 8.79186E+00 5.77591E+00 5.77623E+00 5.77740E+00 5.77954E+00 8.79186E+00 5.53470E+00 4.78464E+00 1.69461E+02 
5.88164E+00 6.62935E+00 9.83548E+00 6.87034E+00 6.87067E+00 6.87192E+00 6.87415E+00 9.83548E+00 6.62935E+00 5.88164E+00 2.04002E+02 
7.14331E+00 7.88858E+00 1.10439E+01 8.12933E+00 8.12968E+00 8.13102E+00 8.13334E+00 1.10439E+01 7.88858E+00 7.14331E+00 2.43406E+02 
8.58732E+00 9.33004E+00 1.24348E+01 9.57055E+00 9.57092E+00 9.57235E+00 9.57476E+00 1.24348E+01 9.33004E+00 8.58732E+00 2.88091E+02 
1.02324E+01 1.09724E+01 1.40269E+01 1.12127E+01 1.12131E+01 1.12146E+01 1.12171E+01 1.40269E+01 1.09724E+01 1.02324E+01 3.38468E+02 
3.04652E-02 2.05820E-02 3.88485E+00 2.68676E-01 2.68806E-01 2.69129E-01 2.70267E-01 3.88485E+00 2.05820E-02 3.04652E-02 -1.27328E+01 
3.04652E-02 2.05820E-02 3.82439E+00 2.50352E-01 2.50483E-01 2.50834E-01 2.52019E-01 3.82439E+00 2.05820E-02 3.04652E-02 -1.23915E+01 
3.04652E-02 -2.70592E-03 3.77356E+00 2.41422E-01 2.41554E-01 2.41933E-01 2.43166E-01 3.77356E+00 -2.70592E-03 3.04652E-02 -1.18572E+01 
3.04652E-02 -8.88373E-04 3.73351E+00 2.43080E-01 2.43214E-01 2.43624E-01 2.44906E-01 3.73351E+00 -8.88373E-04 3.04652E-02 -1.10969E+01 
3.04652E-02 1.36813E-02 3.70589E+00 2.57488E-01 2.57624E-01 2.58066E-01 2.59399E-01 3.70589E+00 1.36813E-02 3.04652E-02 -1.00699E+01 
3.04652E-02 4.29559E-02 3.69271E+00 2.86597E-01 2.86737E-01 2.87213E-01 2.88598E-01 3.69271E+00 4.29559E-02 3.04652E-02 -8.70958E+00 
3.04652E-02 8.91038E-02 3.69618E+00 3.32577E-01 3.32721E-01 3.33232E-01 3.34671E-01 3.69618E+00 8.91038E-02 3.04652E-02 -6.93800E+00 
3.04652E-02 1.37908E-01 3.71184E+00 3.81249E-01 3.81396E-01 3.81936E-01 3.83418E-01 3.71184E+00 1.37908E-01 3.04652E-02 -5.22860E+00 
3.04652E-02 1.54532E-01 3.71875E+00 3.97834E-01 3.97983E-01 3.98531E-01 4.00025E-01 3.71875E+00 1.54532E-01 3.04652E-02 -4.66555E+00 
3.04652E-02 2.49763E-01 3.76762E+00 4.92878E-01 4.93032E-01 4.93624E-01 4.95179E-01 3.76762E+00 2.49763E-01 3.04652E-02 -1.53643E+00 
3.04652E-02 3.74270E-01 3.84566E+00 6.17194E-01 6.17355E-01 6.17992E-01 6.19610E-01 3.84566E+00 3.74270E-01 3.04652E-02 2.43897E+00 
3.04652E-02 5.32255E-01 3.95712E+00 7.74984E-01 7.75153E-01 7.75837E-01 7.77521E-01 3.95712E+00 5.32255E-01 3.04652E-02 7.42409E+00 
3.04652E-02 7.28416E-01 4.10674E+00 9.70946E-01 9.71124E-01 9.71859E-01 9.73610E-01 4.10674E+00 7.28416E-01 3.04652E-02 1.36008E+01 
1.83077E-01 9.47443E-01 4.27969E+00 1.18977E+00 1.18996E+00 1.19075E+00 1.19257E+00 4.27969E+00 9.47443E-01 1.83077E-01 2.10677E+01 
4.50976E-01 1.21320E+00 4.49922E+00 1.45532E+00 1.45552E+00 1.45637E+00 1.45826E+00 4.49922E+00 1.21320E+00 4.50976E-01 3.00456E+01 
7.77230E-01 1.53721E+00 4.77679E+00 1.77912E+00 1.77933E+00 1.78024E+00 1.78221E+00 4.77679E+00 1.53721E+00 7.77230E-01 4.07868E+01 
1.16978E+00 1.92742E+00 5.12042E+00 2.16912E+00 2.16934E+00 2.17032E+00 2.17236E+00 5.12042E+00 1.92742E+00 1.16978E+00 5.35509E+01 
1.63740E+00 2.39260E+00 5.53891E+00 2.63408E+00 2.63432E+00 2.63536E+00 2.63749E+00 5.53891E+00 2.39260E+00 1.63740E+00 6.86170E+01 
2.18972E+00 2.94239E+00 6.04197E+00 3.18363E+00 3.18389E+00 3.18501E+00 3.18721E+00 6.04197E+00 2.94239E+00 2.18972E+00 8.62827E+01 
2.83726E+00 3.58729E+00 6.64017E+00 3.82830E+00 3.82858E+00 3.82978E+00 3.83207E+00 6.64017E+00 3.58729E+00 2.83726E+00 1.06861E+02 
3.59148E+00 4.33878E+00 7.34501E+00 4.57955E+00 4.57985E+00 4.58113E+00 4.58351E+00 7.34501E+00 4.33878E+00 3.59148E+00 1.30677E+02 
4.46476E+00 5.20924E+00 8.16893E+00 5.44976E+00 5.45008E+00 5.45145E+00 5.45393E+00 8.16893E+00 5.20924E+00 4.46476E+00 1.58069E+02 
5.47043E+00 6.21199E+00 9.12530E+00 6.45226E+00 6.45260E+00 6.45406E+00 6.45663E+00 9.12530E+00 6.21199E+00 5.47043E+00 1.89376E+02 
6.62270E+00 7.36124E+00 1.02284E+01 7.60125E+00 7.60162E+00 7.60318E+00 7.60585E+00 1.02284E+01 7.36124E+00 6.62270E+00 2.24943E+02 
7.93667E+00 8.67209E+00 1.14933E+01 8.91185E+00 8.91224E+00 8.91391E+00 8.91668E+00 1.14933E+01 8.67209E+00 7.93667E+00 2.65112E+02 
9.42822E+00 1.01604E+01 1.29359E+01 1.03999E+01 1.04003E+01 1.04021E+01 1.04050E+01 1.29359E+01 1.01604E+01 9.42822E+00 3.10215E+02 
2.93567E-02 3.09593E-02 3.52480E+00 2.60692E-01 2.60751E-01 2.61129E-01 2.62521E-01 3.52480E+00 3.09593E-02 2.93567E-02 -1.14846E+01 
2.93567E-02 3.09593E-02 3.47314E+00 2.47297E-01 2.47360E-01 2.47770E-01 2.49213E-01 3.47314E+00 3.09593E-02 2.93567E-02 -1.11074E+01 
2.93567E-02 -7.85827E-04 3.43072E+00 2.42920E-01 2.42988E-01 2.43432E-01 2.44925E-01 3.43072E+00 -7.85827E-04 2.93567E-02 -1.05434E+01 
2.93567E-02 5.12874E-03 3.39859E+00 2.48658E-01 2.48732E-01 2.49211E-01 2.50756E-01 3.39858E+00 5.12874E-03 2.93567E-02 -9.76272E+00 
2.93567E-02 2.31834E-02 3.37830E+00 2.66533E-01 2.66613E-01 2.67129E-01 2.68729E-01 3.37830E+00 2.31834E-02 2.93567E-02 -8.72302E+00 
2.93567E-02 5.51670E-02 3.37170E+00 2.98333E-01 2.98420E-01 2.98976E-01 3.00631E-01 3.37170E+00 5.51670E-02 2.93567E-02 -7.36199E+00 
2.93567E-02 1.03061E-01 3.38081E+00 3.46041E-01 3.46135E-01 3.46733E-01 3.48445E-01 3.38081E+00 1.03061E-01 2.93567E-02 -5.60750E+00 
2.93567E-02 1.52420E-01 3.40004E+00 3.95253E-01 3.95354E-01 3.95986E-01 3.97744E-01 3.40004E+00 1.52420E-01 2.93567E-02 -3.92803E+00 
2.93567E-02 1.69057E-01 3.40786E+00 4.11848E-01 4.11951E-01 4.12593E-01 4.14364E-01 3.40786E+00 1.69057E-01 2.93567E-02 -3.37711E+00 
2.93567E-02 2.63303E-01 3.45997E+00 5.05885E-01 5.05998E-01 5.06691E-01 5.08527E-01 3.45997E+00 2.63303E-01 2.93567E-02 -3.31441E-01 
2.93567E-02 3.84820E-01 3.53926E+00 6.27190E-01 6.27314E-01 6.28060E-01 6.29964E-01 3.53926E+00 3.84820E-01 2.93567E-02 3.50784E+00 
2.93567E-02 5.37404E-01 3.64955E+00 7.79559E-01 7.79696E-01 7.80498E-01 7.82472E-01 3.64955E+00 5.37404E-01 2.93567E-02 8.28804E+00 
2.93567E-02 7.25287E-01 3.79514E+00 9.67222E-01 9.67372E-01 9.68234E-01 9.70280E-01 3.79514E+00 7.25287E-01 2.93567E-02 1.41719E+01 
1.75849E-01 9.34916E-01 3.96290E+00 1.17663E+00 1.17679E+00 1.17772E+00 1.17984E+00 3.96289E+00 9.34916E-01 1.75849E-01 2.12202E+01 
4.31234E-01 1.18764E+00 4.17360E+00 1.42912E+00 1.42930E+00 1.43030E+00 1.43249E+00 4.17360E+00 1.18764E+00 4.31234E-01 2.96458E+01 
7.40070E-01 1.49371E+00 4.43747E+00 1.73496E+00 1.73516E+00 1.73623E+00 1.73850E+00 4.43747E+00 1.49371E+00 7.40070E-01 3.96762E+01 
1.10939E+00 1.86018E+00 4.76159E+00 2.10119E+00 2.10141E+00 2.10255E+00 2.10491E+00 4.76159E+00 1.86018E+00 1.10939E+00 5.15379E+01 
1.54694E+00 2.29478E+00 5.15376E+00 2.53554E+00 2.53578E+00 2.53700E+00 2.53945E+00 5.15376E+00 2.29478E+00 1.54694E+00 6.54729E+01 
2.06117E+00 2.80596E+00 5.62248E+00 3.04648E+00 3.04674E+00 3.04805E+00 3.05058E+00 5.62248E+00 2.80596E+00 2.06117E+00 8.17371E+01 
2.66128E+00 3.40294E+00 6.17700E+00 3.64319E+00 3.64348E+00 3.64488E+00 3.64751E+00 6.17700E+00 3.40294E+00 2.66128E+00 1.00597E+02 
3.35723E+00 4.09566E+00 6.82733E+00 4.33566E+00 4.33597E+00 4.33747E+00 4.34019E+00 6.82733E+00 4.09566E+00 3.35723E+00 1.22330E+02 
4.15975E+00 4.89486E+00 7.58423E+00 5.13459E+00 5.13492E+00 5.13653E+00 5.13935E+00 7.58423E+00 4.89486E+00 4.15975E+00 1.47215E+02 
5.08030E+00 5.81201E+00 8.45922E+00 6.05145E+00 6.05182E+00 6.05353E+00 6.05646E+00 8.45922E+00 5.81201E+00 5.08030E+00 1.75538E+02 
6.13105E+00 6.85926E+00 9.46449E+00 7.09843E+00 7.09883E+00 7.10065E+00 7.10369E+00 9.46449E+00 6.85926E+00 6.13105E+00 2.07580E+02 
7.32485E+00 8.04948E+00 1.06129E+01 8.28836E+00 8.28879E+00 8.29074E+00 8.29389E+00 1.06129E+01 8.04948E+00 7.32485E+00 2.43617E+02 
8.67514E+00 9.39610E+00 1.19180E+01 9.63467E+00 9.63514E+00 9.63722E+00 9.64048E+00 1.19180E+01 9.39610E+00 8.67514E+00 2.83916E+02 
2.82093E-02 3.98510E-02 3.19779E+00 2.53437E-01 2.53438E-01 2.53878E-01 2.55532E-01 3.19779E+00 3.98510E-02 2.82093E-02 -1.03499E+01 
2.82093E-02 3.98510E-02 3.15404E+00 2.44434E-01 2.44443E-01 2.44921E-01 2.46628E-01 3.15404E+00 3.98510E-02 2.82093E-02 -9.94147E+00 
2.82093E-02 8.99156E-04 3.11913E+00 2.44066E-01 2.44084E-01 2.44602E-01 2.46363E-01 3.11913E+00 8.99156E-04 2.82093E-02 -9.35249E+00 
2.82093E-02 1.03627E-02 3.09401E+00 2.53336E-01 2.53363E-01 2.53922E-01 2.55740E-01 3.09401E+00 1.03627E-02 2.82093E-02 -8.55626E+00 
2.82093E-02 3.13567E-02 3.08016E+00 2.74133E-01 2.74169E-01 2.74773E-01 2.76648E-01 3.08016E+00 3.13567E-02 2.82093E-02 -7.50910E+00 
2.82093E-02 6.55158E-02 3.07925E+00 3.08091E-01 3.08138E-01 3.08789E-01 3.10723E-01 3.07925E+00 6.55158E-02 2.82093E-02 -6.15308E+00 
2.82093E-02 1.14646E-01 3.09314E+00 3.57016E-01 3.57076E-01 3.57776E-01 3.59772E-01 3.09314E+00 1.14646E-01 2.82093E-02 -4.42158E+00 
2.82093E-02 1.64192E-01 3.11530E+00 4.06401E-01 4.06471E-01 4.07210E-01 4.09255E-01 3.11530E+00 1.64192E-01 2.82093E-02 -2.77655E+00 
2.82093E-02 1.80741E-01 3.12383E+00 4.22903E-01 4.22975E-01 4.23727E-01 4.25786E-01 3.12383E+00 1.80741E-01 2.82093E-02 -2.23904E+00 
2.82093E-02 2.73554E-01 3.17835E+00 5.15488E-01 5.15575E-01 5.16386E-01 5.18516E-01 3.17835E+00 2.73554E-01 2.82093E-02 7.17567E-01 
2.82093E-02 3.91725E-01 3.25814E+00 6.33426E-01 6.33529E-01 6.34403E-01 6.36606E-01 3.25814E+00 3.91725E-01 2.82093E-02 4.41658E+00 
2.82093E-02 5.38674E-01 3.36666E+00 7.80138E-01 7.80258E-01 7.81199E-01 7.83477E-01 3.36666E+00 5.38674E-01 2.82093E-02 8.99026E+00 
2.82093E-02 7.18198E-01 3.50774E+00 9.59422E-01 9.59561E-01 9.60571E-01 9.62927E-01 3.50774E+00 7.18198E-01 2.82093E-02 1.45837E+01 
1.68464E-01 9.18347E-01 3.66983E+00 1.15933E+00 1.15949E+00 1.16057E+00 1.16301E+00 3.66983E+00 9.18347E-01 1.68464E-01 2.12245E+01 
4.11372E-01 1.15815E+00 3.87145E+00 1.39888E+00 1.39906E+00 1.40023E+00 1.40275E+00 3.87145E+00 1.15815E+00 4.11372E-01 2.91176E+01 
7.03139E-01 1.44672E+00 4.12166E+00 1.68720E+00 1.68740E+00 1.68865E+00 1.69126E+00 4.12166E+00 1.44672E+00 7.03139E-01 3.84675E+01 
1.04998E+00 1.79028E+00 4.42672E+00 2.03049E+00 2.03072E+00 2.03206E+00 2.03476E+00 4.42672E+00 1.79028E+00 1.04998E+00 4.94709E+01 
1.45870E+00 2.19562E+00 4.79349E+00 2.43556E+00 2.43581E+00 2.43725E+00 2.44004E+00 4.79349E+00 2.19562E+00 1.45870E+00 6.23366E+01 
1.93669E+00 2.67014E+00 5.22942E+00 2.90981E+00 2.91009E+00 2.91163E+00 2.91451E+00 5.22942E+00 2.67014E+00 1.93669E+00 7.72834E+01 
2.49196E+00 3.22186E+00 5.74255E+00 3.46125E+00 3.46156E+00 3.46321E+00 3.46619E+00 5.74255E+00 3.22186E+00 2.49196E+00 9.45376E+01 
3.13316E+00 3.85942E+00 6.34157E+00 4.09851E+00 4.09886E+00 4.10062E+00 4.10371E+00 6.34157E+00 3.85942E+00 3.13316E+00 1.14331E+02 
3.86951E+00 4.59204E+00 7.03574E+00 4.83084E+00 4.83123E+00 4.83310E+00 4.83630E+00 7.03574E+00 4.59204E+00 3.86951E+00 1.36897E+02 
4.71084E+00 5.42956E+00 7.83494E+00 5.66807E+00 5.66849E+00 5.67049E+00 5.67380E+00 7.83494E+00 5.42956E+00 4.71084E+00 1.62469E+02 
5.66752E+00 6.38236E+00 8.74957E+00 6.62055E+00 6.62101E+00 6.62315E+00 6.62658E+00 8.74957E+00 6.38236E+00 5.66752E+00 1.91276E+02 
6.75043E+00 7.46129E+00 9.79054E+00 7.69917E+00 7.69967E+00 7.70195E+00 7.70550E+00 9.79054E+00 7.46129E+00 6.75043E+00 2.23540E+02 
7.97086E+00 8.67768E+00 1.09692E+01 8.91523E+00 8.91578E+00 8.91820E+00 8.92188E+00 1.09692E+01 8.67768E+00 7.97086E+00 2.59472E+02 
2.70349E-02 4.74051E-02 2.90078E+00 2.46836E-01 2.46794E-01 2.47307E-01 2.49232E-01 2.90078E+00 4.74051E-02 2.70349E-02 -9.31793E+00 
2.70349E-02 4.74051E-02 2.86414E+00 2.41738E-01 2.41708E-01 2.42266E-01 2.44248E-01 2.86414E+00 4.74051E-02 2.70349E-02 -8.88236E+00 
2.70349E-02 2.37112E-03 2.83593E+00 2.44885E-01 2.44867E-01 2.45472E-01 2.47513E-01 2.83593E+00 2.37112E-03 2.70349E-02 -8.27272E+00 
2.70349E-02 1.48889E-02 2.81702E+00 2.57191E-01 2.57187E-01 2.57842E-01 2.59943E-01 2.81702E+00 1.48889E-02 2.70349E-02 -7.46526E+00 
2.70349E-02 3.83325E-02 2.80879E+00 2.80420E-01 2.80430E-01 2.81137E-01 2.83300E-01 2.80879E+00 3.83325E-02 2.70349E-02 -6.41539E+00 
2.70349E-02 7.41920E-02 2.81278E+00 3.16060E-01 3.16086E-01 3.16848E-01 3.19076E-01 2.81278E+00 7.41920E-02 2.70349E-02 -5.06945E+00 
2.70349E-02 1.24110E-01 2.83066E+00 3.65755E-01 3.65797E-01 3.66618E-01 3.68911E-01 2.83066E+00 1.24110E-01 2.70349E-02 -3.36615E+00 
2.70349E-02 1.73521E-01 2.85519E+00 4.14991E-01 4.15047E-01 4.15915E-01 4.18261E-01 2.85519E+00 1.73521E-01 2.70349E-02 -1.75945E+00 
2.70349E-02 1.89893E-01 2.86427E+00 4.31312E-01 4.31371E-01 4.32253E-01 4.34615E-01 2.86427E+00 1.89893E-01 2.70349E-02 -1.23643E+00 
2.70349E-02 2.80896E-01 2.92047E+00 5.22066E-01 5.22145E-01 5.23098E-01 5.25536E-01 2.92047E+00 2.80896E-01 2.70349E-02 1.62651E+00 
2.70349E-02 3.95432E-01 3.00012E+00 6.36348E-01 6.36449E-01 6.37475E-01 6.39992E-01 3.00012E+00 3.95432E-01 2.70349E-02 5.18221E+00 
2.70349E-02 5.36573E-01 3.10633E+00 7.77231E-01 7.77355E-01 7.78460E-01 7.81058E-01 3.10633E+00 5.36573E-01 2.70349E-02 9.54894E+00 
2.70349E-02 7.07722E-01 3.24253E+00 9.48117E-01 9.48266E-01 9.49453E-01 9.52136E-01 3.24253E+00 7.07722E-01 2.70349E-02 1.48554E+01 
1.60988E-01 8.98373E-01 3.39859E+00 1.13850E+00 1.13868E+00 1.13995E+00 1.14272E+00 3.39859E+00 8.98373E-01 1.60988E-01 2.11007E+01 
3.91526E-01 1.12545E+00 3.59095E+00 1.36530E+00 1.36551E+00 1.36688E+00 1.36974E+00 3.59095E+00 1.12545E+00 3.91526E-01 2.84815E+01 
6.66632E-01 1.39700E+00 3.82763E+00 1.63658E+00 1.63681E+00 1.63828E+00 1.64123E+00 3.82763E+00 1.39700E+00 6.66632E-01 3.71812E+01 
9.91777E-01 1.71850E+00 4.11415E+00 1.95779E+00 1.95806E+00 1.95963E+00 1.96268E+00 4.11415E+00 1.71850E+00 9.91777E-01 4.73699E+01 
1.37291E+00 2.09590E+00 4.45650E+00 2.33490E+00 2.33520E+00 2.33689E+00 2.34004E+00 4.45650E+00 2.09590E+00 1.37291E+00 5.92265E+01 
1.81650E+00 2.53567E+00 4.86117E+00 2.77437E+00 2.77471E+00 2.77651E+00 2.77977E+00 4.86117E+00 2.53567E+00 1.81650E+00 7.29368E+01 
2.32947E+00 3.04474E+00 5.33517E+00 3.28314E+00 3.28351E+00 3.28544E+00 3.28881E+00 5.33517E+00 3.04474E+00 2.32947E+00 8.86915E+01 
2.91928E+00 3.63058E+00 5.88597E+00 3.86866E+00 3.86907E+00 3.87113E+00 3.87462E+00 5.88597E+00 3.63058E+00 2.91928E+00 1.06683E+02 
3.59386E+00 4.30109E+00 6.52153E+00 4.53885E+00 4.53931E+00 4.54151E+00 4.54511E+00 6.52153E+00 4.30109E+00 3.59386E+00 1.27105E+02 
4.36157E+00 5.06467E+00 7.25027E+00 5.30210E+00 5.30261E+00 5.30495E+00 5.30868E+00 7.25027E+00 5.06467E+00 4.36157E+00 1.50147E+02 
5.23121E+00 5.93009E+00 8.08100E+00 6.16719E+00 6.16774E+00 6.17024E+00 6.17410E+00 8.08100E+00 5.93009E+00 5.23121E+00 1.75992E+02 
6.21192E+00 6.90652E+00 9.02291E+00 7.14328E+00 7.14388E+00 7.14655E+00 7.15053E+00 9.02291E+00 6.90652E+00 6.21192E+00 2.04816E+02 
7.31316E+00 8.00340E+00 1.00855E+01 8.23982E+00 8.24047E+00 8.24330E+00 8.24743E+00 1.00855E+01 8.00340E+00 7.31316E+00 2.36782E+02 
2.58440E-02 5.37556E-02 2.63104E+00 2.40822E-01 2.40752E-01 2.41354E-01 2.43563E-01 2.63104E+00 5.37556E-02 2.58440E-02 -8.37865E+00 
2.58440E-02 5.37556E-02 2.60077E+00 2.39184E-01 2.39131E-01 2.39787E-01 2.42057E-01 2.60077E+00 5.37556E-02 2.58440E-02 -7.91977E+00 
2.58440E-02 3.65011E-03 2.57852E+00 2.45397E-01 2.45361E-01 2.46073E-01 2.48407E-01 2.57852E+00 3.65011E-03 2.58440E-02 -7.29340E+00 
2.58440E-02 1.87755E-02 2.56507E+00 2.60293E-01 2.60276E-01 2.61046E-01 2.63445E-01 2.56507E+00 1.87755E-02 2.58440E-02 -6.47861E+00 
2.58440E-02 4.42296E-02 2.56174E+00 2.85515E-01 2.85516E-01 2.86348E-01 2.88815E-01 2.56174E+00 4.42296E-02 2.58440E-02 -5.43032E+00 
2.58440E-02 8.13672E-02 2.56991E+00 3.22415E-01 3.22436E-01 3.23334E-01 3.25871E-01 2.56991E+00 8.13672E-02 2.58440E-02 -4.09899E+00 
2.58440E-02 1.31678E-01 2.59110E+00 3.72484E-01 3.72527E-01 3.73494E-01 3.76102E-01 2.59110E+00 1.31678E-01 2.58440E-02 -2.42841E+00 
2.58440E-02 1.80677E-01 2.61748E+00 4.21293E-01 4.21354E-01 4.22377E-01 4.25042E-01 2.61748E+00 1.80677E-01 2.58440E-02 -8.63384E-01 
2.58440E-02 1.96796E-01 2.62698E+00 4.37356E-01 4.37422E-01 4.38462E-01 4.41144E-01 2.62698E+00 1.96796E-01 2.58440E-02 -3.55773E-01 
2.58440E-02 2.85671E-01 2.68421E+00 5.25962E-01 5.26054E-01 5.27175E-01 5.29941E-01 2.68421E+00 2.85671E-01 2.58440E-02 2.40979E+00 
2.58440E-02 3.96341E-01 2.76317E+00 6.36357E-01 6.36477E-01 6.37686E-01 6.40537E-01 2.76317E+00 3.96341E-01 2.58440E-02 5.82010E+00 
2.58440E-02 5.31560E-01 2.86664E+00 7.71297E-01 7.71446E-01 7.72747E-01 7.75687E-01 2.86664E+00 5.31560E-01 2.58440E-02 9.98045E+00 
2.58440E-02 6.94365E-01 2.99768E+00 9.33818E-01 9.33998E-01 9.35396E-01 9.38428E-01 2.99768E+00 6.94365E-01 2.58440E-02 1.50045E+01 
1.53475E-01 8.75562E-01 3.14743E+00 1.11473E+00 1.11494E+00 1.11644E+00 1.11957E+00 3.14743E+00 8.75562E-01 1.53475E-01 2.08668E+01 
3.71811E-01 1.09014E+00 3.33045E+00 1.32901E+00 1.32926E+00 1.33087E+00 1.33409E+00 3.33045E+00 1.09014E+00 3.71811E-01 2.77558E+01 
6.30712E-01 1.34519E+00 3.55380E+00 1.58376E+00 1.58404E+00 1.58577E+00 1.58910E+00 3.55380E+00 1.34519E+00 6.30712E-01 3.58355E+01 
9.34973E-01 1.64551E+00 3.82232E+00 1.88377E+00 1.88410E+00 1.88595E+00 1.88938E+00 3.82232E+00 1.64551E+00 9.34973E-01 4.52520E+01 
1.28979E+00 1.99631E+00 4.14125E+00 2.23426E+00 2.23462E+00 2.23660E+00 2.24015E+00 4.14125E+00 1.99631E+00 1.28979E+00 5.61578E+01 
1.70076E+00 2.40318E+00 4.51622E+00 2.64081E+00 2.64122E+00 2.64333E+00 2.64700E+00 4.51622E+00 2.40318E+00 1.70076E+00 6.87097E+01 
2.17389E+00 2.87213E+00 4.95328E+00 3.10942E+00 3.10988E+00 3.11214E+00 3.11593E+00 4.95328E+00 2.87213E+00 2.17389E+00 8.30667E+01 
2.71557E+00 3.40955E+00 5.45885E+00 3.64651E+00 3.64701E+00 3.64942E+00 3.65333E+00 5.45885E+00 3.40955E+00 2.71557E+00 9.93882E+01 
3.33255E+00 4.02220E+00 6.03972E+00 4.25881E+00 4.25937E+00 4.26194E+00 4.26598E+00 6.03972E+00 4.02220E+00 3.33255E+00 1.17831E+02 
4.03194E+00 4.71720E+00 6.70304E+00 4.95345E+00 4.95406E+00 4.95681E+00 4.96098E+00 6.70304E+00 4.71720E+00 4.03194E+00 1.38549E+02 
4.82115E+00 5.50193E+00 7.45623E+00 5.73783E+00 5.73849E+00 5.74142E+00 5.74574E+00 7.45623E+00 5.50193E+00 4.82115E+00 1.61686E+02 
5.70782E+00 6.38407E+00 8.30698E+00 6.61960E+00 6.62032E+00 6.62344E+00 6.62790E+00 8.30698E+00 6.38407E+00 5.70782E+00 1.87378E+02 
6.69980E+00 7.37145E+00 9.26315E+00 7.60660E+00 7.60739E+00 7.61070E+00 7.61531E+00 9.26315E+00 7.37145E+00 6.69980E+00 2.15750E+02 
2.46456E-02 5.90233E-02 2.38607E+00 2.35332E-01 2.35254E-01 2.35965E-01 2.38475E-01 2.38607E+00 5.90233E-02 2.46456E-02 -7.52315E+00 
2.46456E-02 5.90233E-02 2.36150E+00 2.36749E-01 2.36692E-01 2.37467E-01 2.40044E-01 2.36150E+00 5.90233E-02 2.46456E-02 -7.04442E+00 
2.46456E-02 4.75420E-03 2.34454E+00 2.45621E-01 2.45586E-01 2.46428E-01 2.49073E-01 2.34454E+00 4.75420E-03 2.46456E-02 -6.40491E+00 
2.46456E-02 2.20841E-02 2.33590E+00 2.62704E-01 2.62693E-01 2.63604E-01 2.66321E-01 2.33590E+00 2.20841E-02 2.46456E-02 -5.58633E+00 
2.46456E-02 4.91553E-02 2.33680E+00 2.89524E-01 2.89538E-01 2.90522E-01 2.93312E-01 2.33680E+00 4.91553E-02 2.46456E-02 -4.54346E+00 
2.46456E-02 8.71960E-02 2.34851E+00 3.27309E-01 3.27349E-01 3.28410E-01 3.31276E-01 2.34851E+00 8.71960E-02 2.46456E-02 -3.23074E+00 
2.46456E-02 1.37554E-01 2.37240E+00 3.77406E-01 3.77473E-01 3.78616E-01 3.81560E-01 2.37240E+00 1.37554E-01 2.46456E-02 -1.59686E+00 
2.46456E-02 1.85901E-01 2.40018E+00 4.25549E-01 4.25638E-01 4.26846E-01 4.29853E-01 2.40018E+00 1.85901E-01 2.46456E-02 -7.63241E-02 
2.46456E-02 2.01702E-01 2.40996E+00 4.41290E-01 4.41386E-01 4.42614E-01 4.45640E-01 2.40996E+00 2.01702E-01 2.46456E-02 4.15124E-01 
2.46456E-02 2.88184E-01 2.46768E+00 5.27482E-01 5.27610E-01 5.28935E-01 5.32051E-01 2.46768E+00 2.88184E-01 2.46456E-02 3.08038E+00 
2.46456E-02 3.94811E-01 2.54548E+00 6.33813E-01 6.33975E-01 6.35403E-01 6.38613E-01 2.54548E+00 3.94811E-01 2.46456E-02 6.34409E+00 
2.46456E-02 5.24043E-01 2.64585E+00 7.62744E-01 7.62943E-01 7.64478E-01 7.67785E-01 2.64585E+00 5.24043E-01 2.46456E-02 1.02995E+01 
2.46456E-02 6.78583E-01 2.77151E+00 9.16977E-01 9.17214E-01 9.18864E-01 9.22271E-01 2.77151E+00 6.78583E-01 2.46456E-02 1.50466E+01 
1.45976E-01 8.50416E-01 2.91475E+00 1.08850E+00 1.08878E+00 1.09055E+00 1.09406E+00 2.91475E+00 8.50416E-01 1.45976E-01 2.05388E+01 
3.52327E-01 1.05277E+00 3.08842E+00 1.29054E+00 1.29086E+00 1.29275E+00 1.29637E+00 3.08842E+00 1.05277E+00 3.52327E-01 2.69566E+01 
5.95516E-01 1.29187E+00 3.29870E+00 1.52931E+00 1.52968E+00 1.53171E+00 1.53545E+00 3.29870E+00 1.29187E+00 5.95516E-01 3.44462E+01 
8.79728E-01 1.57192E+00 3.54983E+00 1.80903E+00 1.80944E+00 1.81161E+00 1.81546E+00 3.54983E+00 1.57192E+00 8.79728E-01 4.31322E+01 
1.20948E+00 1.89742E+00 3.84635E+00 2.13419E+00 2.13465E+00 2.13698E+00 2.14095E+00 3.84635E+00 1.89742E+00 1.20948E+00 5.31438E+01 
1.58960E+00 2.27322E+00 4.19315E+00 2.50964E+00 2.51016E+00 2.51264E+00 2.51674E+00 4.19315E+00 2.27322E+00 1.58960E+00 6.46120E+01 
2.02526E+00 2.70447E+00 4.59541E+00 2.94054E+00 2.94111E+00 2.94377E+00 2.94800E+00 4.59541E+00 2.70447E+00 2.02526E+00 7.76684E+01 
2.52191E+00 3.19665E+00 5.05862E+00 3.43235E+00 3.43298E+00 3.43581E+00 3.44018E+00 5.05862E+00 3.19665E+00 2.52191E+00 9.24433E+01 
3.08528E+00 3.75547E+00 5.58855E+00 3.99081E+00 3.99150E+00 3.99452E+00 3.99903E+00 5.58855E+00 3.75547E+00 3.08528E+00 1.09063E+02 
3.72136E+00 4.38695E+00 6.19123E+00 4.62191E+00 4.62266E+00 4.62588E+00 4.63054E+00 6.19123E+00 4.38695E+00 3.72136E+00 1.27649E+02 
4.43636E+00 5.09727E+00 6.87287E+00 5.33184E+00 5.33266E+00 5.33609E+00 5.34090E+00 6.87287E+00 5.09727E+00 4.43636E+00 1.48314E+02 
5.23661E+00 5.89280E+00 7.63985E+00 6.12697E+00 6.12786E+00 6.13150E+00 6.13648E+00 7.63985E+00 5.89280E+00 5.23661E+00 1.71161E+02 
6.12858E+00 6.77998E+00 8.49865E+00 7.01375E+00 7.01471E+00 7.01858E+00 7.02373E+00 8.49865E+00 6.77998E+00 6.12858E+00 1.96281E+02 
2.34477E-02 6.33176E-02 2.16362E+00 2.30310E-01 2.30245E-01 2.31091E-01 2.33921E-01 2.16362E+00 6.33176E-02 2.34477E-02 -6.74332E+00 
2.34477E-02 6.33176E-02 2.14413E+00 2.34412E-01 2.34373E-01 2.35294E-01 2.38198E-01 2.14413E+00 6.33176E-02 2.34477E-02 -6.24792E+00 
2.34477E-02 5.69973E-03 2.13185E+00 2.45573E-01 2.45562E-01 2.46562E-01 2.49541E-01 2.13185E+00 5.69973E-03 2.34477E-02 -5.59853E+00 
2.34477E-02 2.48706E-02 2.12741E+00 2.64479E-01 2.64498E-01 2.65580E-01 2.68636E-01 2.12741E+00 2.48706E-02 2.34477E-02 -4.77937E+00 
2.34477E-02 5.32066E-02 2.13196E+00 2.92546E-01 2.92595E-01 2.93764E-01 2.96900E-01 2.13196E+00 5.32066E-02 2.34477E-02 -3.74539E+00 
2.34477E-02 9.18182E-02 2.14663E+00 3.30883E-01 3.30964E-01 3.32224E-01 3.35444E-01 2.14663E+00 9.18182E-02 2.34477E-02 -2.45485E+00 
2.34477E-02 1.41921E-01 2.17267E+00 3.80706E-01 3.80821E-01 3.82177E-01 3.85482E-01 2.17267E+00 1.41921E-01 2.34477E-02 -8.61089E-01 
2.34477E-02 1.89410E-01 2.20146E+00 4.27976E-01 4.28118E-01 4.29551E-01 4.32925E-01 2.20146E+00 1.89410E-01 2.34477E-02 6.12591E-01 
2.34477E-02 2.04840E-01 2.21142E+00 4.43341E-01 4.43491E-01 4.44947E-01 4.48342E-01 2.21142E+00 2.04840E-01 2.34477E-02 1.08726E+00 
2.34477E-02 2.88712E-01 2.26914E+00 5.26901E-01 5.27091E-01 5.28662E-01 5.32155E-01 2.26914E+00 2.88712E-01 2.34477E-02 3.65000E+00 
2.34477E-02 3.91164E-01 2.34538E+00 6.29036E-01 6.29268E-01 6.30958E-01 6.34554E-01 2.34538E+00 3.91164E-01 2.34477E-02 6.76666E+00 
2.34477E-02 5.14387E-01 2.44236E+00 7.51936E-01 7.52212E-01 7.54029E-01 7.57732E-01 2.44236E+00 5.14387E-01 2.34477E-02 1.05194E+01 
2.34477E-02 6.60778E-01 2.56249E+00 8.97998E-01 8.98320E-01 9.00270E-01 9.04083E-01 2.56249E+00 6.60778E-01 2.34477E-02 1.49956E+01 
1.38531E-01 8.23382E-01 2.69911E+00 1.06027E+00 1.06064E+00 1.06273E+00 1.06666E+00 2.69911E+00 8.23382E-01 1.38531E-01 2.01312E+01 
3.33161E-01 1.01382E+00 2.86347E+00 1.25037E+00 1.25079E+00 1.25303E+00 1.25708E+00 2.86347E+00 1.01382E+00 3.33161E-01 2.60984E+01 
5.61161E-01 1.23756E+00 3.06099E+00 1.47375E+00 1.47423E+00 1.47663E+00 1.48080E+00 3.06099E+00 1.23756E+00 5.61161E-01 3.30273E+01 
8.26172E-01 1.49822E+00 3.29536E+00 1.73406E+00 1.73459E+00 1.73716E+00 1.74146E+00 3.29536E+00 1.49822E+00 8.26172E-01 4.10236E+01 
1.13210E+00 1.79972E+00 3.57051E+00 2.03519E+00 2.03578E+00 2.03852E+00 2.04296E+00 3.57051E+00 1.79972E+00 1.13210E+00 5.01954E+01 
1.48310E+00 2.14621E+00 3.89063E+00 2.38132E+00 2.38197E+00 2.38490E+00 2.38947E+00 3.89063E+00 2.14621E+00 1.48310E+00 6.06516E+01 
1.88357E+00 2.54212E+00 4.26017E+00 2.77685E+00 2.77756E+00 2.78069E+00 2.78541E+00 4.26017E+00 2.54212E+00 1.88357E+00 7.24998E+01 
2.33816E+00 2.99207E+00 4.68378E+00 3.22641E+00 3.22720E+00 3.23052E+00 3.23539E+00 4.68378E+00 2.99207E+00 2.33816E+00 8.58452E+01 
2.85171E+00 3.50091E+00 5.16634E+00 3.73485E+00 3.73571E+00 3.73925E+00 3.74428E+00 5.16634E+00 3.50091E+00 2.85171E+00 1.00788E+02 
3.42922E+00 4.07366E+00 5.71289E+00 4.30719E+00 4.30812E+00 4.31189E+00 4.31709E+00 5.71289E+00 4.07366E+00 3.42922E+00 1.17423E+02 
4.07583E+00 4.71545E+00 6.32860E+00 4.94857E+00 4.94958E+00 4.95359E+00 4.95895E+00 6.32860E+00 4.71545E+00 4.07583E+00 1.35836E+02 
4.79679E+00 5.43153E+00 7.01872E+00 5.66423E+00 5.66532E+00 5.66958E+00 5.67512E+00 7.01872E+00 5.43153E+00 4.79679E+00 1.56102E+02 
5.59736E+00 6.22717E+00 7.78854E+00 6.45943E+00 6.46061E+00 6.46514E+00 6.47087E+00 7.78854E+00 6.22717E+00 5.59736E+00 1.78286E+02 
2.22571E-02 6.67374E-02 1.96161E+00 2.25705E-01 2.25676E-01 2.26688E-01 2.29862E-01 1.96161E+00 6.67374E-02 2.22571E-02 -6.03183E+00 
2.22571E-02 6.67374E-02 1.94666E+00 2.32153E-01 2.32156E-01 2.33258E-01 2.36512E-01 1.94666E+00 6.67374E-02 2.22571E-02 -5.52265E+00 
2.22571E-02 6.50155E-03 1.93850E+00 2.45268E-01 2.45306E-01 2.46500E-01 2.49837E-01 1.93850E+00 6.50155E-03 2.22571E-02 -4.86638E+00 
2.22571E-02 2.71854E-02 1.93772E+00 2.65669E-01 2.65742E-01 2.67034E-01 2.70456E-01 1.93772E+00 2.71854E-02 2.22571E-02 -4.04955E+00 
2.22571E-02 5.64713E-02 1.94537E+00 2.94666E-01 2.94777E-01 2.96171E-01 2.99680E-01 1.94537E+00 5.64713E-02 2.22571E-02 -3.02756E+00 
2.22571E-02 9.53602E-02 1.96250E+00 3.33261E-01 3.33412E-01 3.34912E-01 3.38513E-01 1.96250E+00 9.53602E-02 2.22571E-02 -1.76234E+00 
2.22571E-02 1.44945E-01 1.99020E+00 3.82547E-01 3.82739E-01 3.84352E-01 3.88047E-01 1.99020E+00 1.44945E-01 2.22571E-02 -2.11668E-01 
2.22571E-02 1.91402E-01 2.01966E+00 4.28770E-01 4.28994E-01 4.30698E-01 4.34468E-01 2.01966E+00 1.91402E-01 2.22571E-02 1.21319E+00 
2.22571E-02 2.06415E-01 2.02969E+00 4.43713E-01 4.43947E-01 4.45678E-01 4.49470E-01 2.02969E+00 2.06415E-01 2.22571E-02 1.67060E+00 
2.22571E-02 2.87502E-01 2.08700E+00 5.24466E-01 5.24748E-01 5.26613E-01 5.30515E-01 2.08700E+00 2.87502E-01 2.22571E-02 4.12926E+00 
2.22571E-02 3.85688E-01 2.16136E+00 6.22313E-01 6.22645E-01 6.24651E-01 6.28665E-01 2.16136E+00 3.85688E-01 2.22571E-02 7.09910E+00 
2.22571E-02 5.02918E-01 2.25472E+00 7.39197E-01 7.39582E-01 7.41736E-01 7.45867E-01 2.25472E+00 5.02918E-01 2.22571E-02 1.06521E+01 
2.22571E-02 6.41308E-01 2.36924E+00 8.77235E-01 8.77676E-01 8.79985E-01 8.84238E-01 2.36924E+00 6.41308E-01 2.22571E-02 1.48641E+01 
1.31179E-01 7.94853E-01 2.49914E+00 1.03042E+00 1.03092E+00 1.03340E+00 1.03777E+00 2.49914E+00 7.94853E-01 1.31179E-01 1.96567E+01 
3.14383E-01 9.73729E-01 2.65430E+00 1.20894E+00 1.20950E+00 1.21214E+00 1.21665E+00 2.65430E+00 9.73729E-01 3.14383E-01 2.51939E+01 
5.27741E-01 1.18268E+00 2.83942E+00 1.41752E+00 1.41814E+00 1.42097E+00 1.42561E+00 2.83942E+00 1.18268E+00 5.27741E-01 3.15910E+01 
7.74404E-01 1.42486E+00 3.05768E+00 1.65931E+00 1.66000E+00 1.66303E+00 1.66781E+00 3.05768E+00 1.42486E+00 7.74404E-01 3.89370E+01 
1.05773E+00 1.70362E+00 3.31248E+00 1.93769E+00 1.93845E+00 1.94167E+00 1.94661E+00 3.31248E+00 1.70362E+00 1.05773E+00 4.73217E+01 
1.38127E+00 2.02254E+00 3.60741E+00 2.25621E+00 2.25704E+00 2.26048E+00 2.26557E+00 3.60741E+00 2.02254E+00 1.38127E+00 5.68344E+01 
1.74878E+00 2.38535E+00 3.94623E+00 2.61861E+00 2.61951E+00 2.62318E+00 2.62844E+00 3.94623E+00 2.38535E+00 1.74878E+00 6.75621E+01 
2.16415E+00 2.79596E+00 4.33289E+00 3.02881E+00 3.02979E+00 3.03370E+00 3.03912E+00 4.33289E+00 2.79596E+00 2.16415E+00 7.95885E+01 
2.63145E+00 3.25844E+00 4.77147E+00 3.49086E+00 3.49193E+00 3.49609E+00 3.50168E+00 4.77147E+00 3.25844E+00 2.63145E+00 9.29919E+01 
3.15484E+00 3.77695E+00 5.26615E+00 4.00894E+00 4.01009E+00 4.01452E+00 4.02029E+00 5.26615E+00 3.77695E+00 3.15484E+00 1.07844E+02 
3.73855E+00 4.35573E+00 5.82120E+00 4.58728E+00 4.58852E+00 4.59322E+00 4.59919E+00 5.82120E+00 4.35573E+00 3.73855E+00 1.24208E+02 
4.38686E+00 4.99906E+00 6.44091E+00 5.23016E+00 5.23149E+00 5.23648E+00 5.24264E+00 6.44091E+00 4.99906E+00 4.38686E+00 1.42138E+02 
5.10402E+00 5.71119E+00 7.12955E+00 5.94183E+00 5.94326E+00 5.94855E+00 5.95492E+00 7.12955E+00 5.71119E+00 5.10402E+00 1.61677E+02 
2.10799E-02 6.93722E-02 1.77818E+00 2.21468E-01 2.21502E-01 2.22719E-01 2.26264E-01 1.77818E+00 6.93722E-02 2.10799E-02 -5.38201E+00 
2.10799E-02 6.93722E-02 1.76725E+00 2.29953E-01 2.30027E-01 2.31349E-01 2.34982E-01 1.76725E+00 6.93722E-02 2.10799E-02 -4.86173E+00 
2.10799E-02 7.17310E-03 1.76272E+00 2.44717E-01 2.44832E-01 2.46263E-01 2.49987E-01 1.76272E+00 7.17310E-03 2.10799E-02 -4.20130E+00 
2.10799E-02 2.90743E-02 1.76510E+00 2.66316E-01 2.66475E-01 2.68020E-01 2.71837E-01 1.76510E+00 2.90743E-02 2.10799E-02 -3.38947E+00 
2.10799E-02 5.90289E-02 1.77538E+00 2.95963E-01 2.96167E-01 2.97832E-01 3.01746E-01 1.77538E+00 5.90289E-02 2.10799E-02 -2.38227E+00 
2.10799E-02 9.79365E-02 1.79450E+00 3.34557E-01 3.34808E-01 3.36599E-01 3.40613E-01 1.79450E+00 9.79365E-02 2.10799E-02 -1.14515E+00 
2.10799E-02 1.46777E-01 1.82344E+00 3.83079E-01 3.83378E-01 3.85302E-01 3.89419E-01 1.82344E+00 1.46777E-01 2.10799E-02 3.59915E-01 
2.10799E-02 1.92054E-01 1.85326E+00 4.28106E-01 4.28444E-01 4.30474E-01 4.34674E-01 1.85326E+00 1.92054E-01 2.10799E-02 1.73437E+00 
2.10799E-02 2.06612E-01 1.86329E+00 4.42590E-01 4.42940E-01 4.45002E-01 4.49226E-01 1.86329E+00 2.06612E-01 2.10799E-02 2.17413E+00 
2.10799E-02 2.84777E-01 1.91983E+00 5.20398E-01 5.20806E-01 5.23024E-01 5.27368E-01 1.91983E+00 2.84777E-01 2.10799E-02 4.52771E+00 
2.10799E-02 3.78642E-01 1.99202E+00 6.13901E-01 6.14368E-01 6.16751E-01 6.21220E-01 1.99202E+00 3.78642E-01 2.10799E-02 7.35155E+00 
2.10799E-02 4.89925E-01 2.08160E+00 7.24816E-01 7.25345E-01 7.27902E-01 7.32499E-01 2.08160E+00 4.89925E-01 2.10799E-02 1.07083E+01 
2.10799E-02 6.20491E-01 2.19045E+00 8.55006E-01 8.55600E-01 8.58339E-01 8.63069E-01 2.19045E+00 6.20491E-01 2.10799E-02 1.46634E+01 
1.23949E-01 7.65178E-01 2.31363E+00 9.99314E-01 9.99975E-01 1.00291E+00 1.00777E+00 2.31363E+00 7.65178E-01 1.23949E-01 1.91268E+01 
2.96054E-01 9.32854E-01 2.45973E+00 1.16660E+00 1.16733E+00 1.17047E+00 1.17548E+00 2.45973E+00 9.32854E-01 2.96054E-01 2.42543E+01 
4.95335E-01 1.12763E+00 2.63283E+00 1.36098E+00 1.36179E+00 1.36513E+00 1.37029E+00 2.63283E+00 1.12763E+00 4.95335E-01 3.01481E+01 
7.24503E-01 1.35222E+00 2.83567E+00 1.58516E+00 1.58604E+00 1.58961E+00 1.59493E+00 2.83567E+00 1.35222E+00 7.24503E-01 3.68821E+01 
9.86429E-01 1.60949E+00 3.07114E+00 1.84202E+00 1.84298E+00 1.84679E+00 1.85228E+00 3.07114E+00 1.60949E+00 9.86429E-01 4.45302E+01 
1.28414E+00 1.90248E+00 3.34231E+00 2.13459E+00 2.13564E+00 2.13969E+00 2.14535E+00 3.34231E+00 1.90248E+00 1.28414E+00 5.31648E+01 
1.62079E+00 2.23435E+00 3.65235E+00 2.46602E+00 2.46716E+00 2.47148E+00 2.47731E+00 3.65235E+00 2.23435E+00 1.62079E+00 6.28551E+01 
1.99965E+00 2.60837E+00 4.00458E+00 2.83960E+00 2.84083E+00 2.84542E+00 2.85144E+00 4.00458E+00 2.60837E+00 1.99965E+00 7.36666E+01 
2.42410E+00 3.02792E+00 4.40238E+00 3.25870E+00 3.26002E+00 3.26490E+00 3.27111E+00 4.40238E+00 3.02792E+00 2.42410E+00 8.56589E+01 
2.89756E+00 3.49643E+00 4.84921E+00 3.72675E+00 3.72817E+00 3.73336E+00 3.73977E+00 4.84921E+00 3.49643E+00 2.89756E+00 9.88850E+01 
3.42349E+00 4.01736E+00 5.34854E+00 4.24721E+00 4.24873E+00 4.25424E+00 4.26086E+00 5.34854E+00 4.01736E+00 3.42349E+00 1.13390E+02 
4.00534E+00 4.59416E+00 5.90385E+00 4.82353E+00 4.82516E+00 4.83100E+00 4.83783E+00 5.90385E+00 4.59416E+00 4.00534E+00 1.29209E+02 
4.64649E+00 5.23023E+00 6.51855E+00 5.45910E+00 5.46084E+00 5.46703E+00 5.47409E+00 6.51855E+00 5.23023E+00 4.64649E+00 1.46368E+02 
1.99211E-02 7.13030E-02 1.61164E+00 2.17557E-01 2.17685E-01 2.19151E-01 2.23097E-01 1.61164E+00 7.13030E-02 1.99211E-02 -4.78785E+00 
1.99211E-02 7.13030E-02 1.60426E+00 2.27796E-01 2.27972E-01 2.29562E-01 2.33605E-01 1.60426E+00 7.13030E-02 1.99211E-02 -4.25893E+00 
1.99211E-02 7.72654E-03 1.60289E+00 2.43931E-01 2.44156E-01 2.45875E-01 2.50018E-01 1.60289E+00 7.72654E-03 1.99211E-02 -3.59686E+00 
1.99211E-02 3.05787E-02 1.60799E+00 2.66462E-01 2.66739E-01 2.68592E-01 2.72837E-01 1.60799E+00 3.05787E-02 1.99211E-02 -2.79243E+00 
1.99211E-02 6.09513E-02 1.62048E+00 2.96507E-01 2.96837E-01 2.98831E-01 3.03183E-01 1.62048E+00 6.09513E-02 1.99211E-02 -1.80252E+00 
1.99211E-02 9.96502E-02 1.64117E+00 3.34873E-01 3.35258E-01 3.37400E-01 3.41861E-01 1.64117E+00 9.96502E-02 1.99211E-02 -5.95952E-01 
1.99211E-02 1.47551E-01 1.67097E+00 3.82434E-01 3.82877E-01 3.85173E-01 3.89749E-01 1.67097E+00 1.47551E-01 1.99211E-02 8.61348E-01 
1.99211E-02 1.91526E-01 1.70089E+00 4.26142E-01 4.26631E-01 4.29053E-01 4.33719E-01 1.70089E+00 1.91526E-01 1.99211E-02 2.18414E+00 
1.99211E-02 2.05599E-01 1.71084E+00 4.40137E-01 4.40639E-01 4.43098E-01 4.47792E-01 1.71084E+00 2.05599E-01 1.99211E-02 2.60598E+00 
1.99211E-02 2.80737E-01 1.76631E+00 5.14896E-01 5.15466E-01 5.18108E-01 5.22934E-01 1.76631E+00 2.80737E-01 1.99211E-02 4.85399E+00 
1.99211E-02 3.70255E-01 1.83611E+00 6.04029E-01 6.04669E-01 6.07503E-01 6.12466E-01 1.83611E+00 3.70255E-01 1.99211E-02 7.53318E+00 
1.99211E-02 4.75668E-01 1.92178E+00 7.09049E-01 7.09762E-01 7.12798E-01 7.17904E-01 1.92178E+00 4.75668E-01 1.99211E-02 1.06977E+01 
1.99211E-02 5.98607E-01 2.02496E+00 8.31590E-01 8.32378E-01 8.35626E-01 8.40879E-01 2.02496E+00 5.98607E-01 1.99211E-02 1.44036E+01 
1.16869E-01 7.34662E-01 2.14146E+00 9.67241E-01 9.68107E-01 9.71578E-01 9.76984E-01 2.14146E+00 7.34662E-01 1.16869E-01 1.85516E+01 
2.78224E-01 8.91523E-01 2.27869E+00 1.12369E+00 1.12464E+00 1.12834E+00 1.13391E+00 2.27869E+00 8.91523E-01 2.78224E-01 2.32896E+01 
4.64003E-01 1.07273E+00 2.44017E+00 1.30448E+00 1.30551E+00 1.30946E+00 1.31519E+00 2.44017E+00 1.07273E+00 4.64003E-01 2.87076E+01 
6.76524E-01 1.28061E+00 2.62826E+00 1.51192E+00 1.51305E+00 1.51726E+00 1.52317E+00 2.62826E+00 1.28061E+00 6.76524E-01 3.48667E+01 
9.18229E-01 1.51761E+00 2.84542E+00 1.74848E+00 1.74969E+00 1.75418E+00 1.76027E+00 2.84542E+00 1.51761E+00 9.18229E-01 4.18267E+01 
1.19167E+00 1.78628E+00 3.09423E+00 2.01670E+00 2.01801E+00 2.02278E+00 2.02906E+00 3.09423E+00 1.78628E+00 1.19167E+00 4.96455E+01 
1.49949E+00 2.08927E+00 3.37736E+00 2.31923E+00 2.32064E+00 2.32572E+00 2.33219E+00 3.37736E+00 2.08927E+00 1.49949E+00 5.83772E+01 
1.84442E+00 2.42930E+00 3.69756E+00 2.65879E+00 2.66031E+00 2.66570E+00 2.67238E+00 3.69756E+00 2.42930E+00 1.84442E+00 6.80716E+01 
2.22922E+00 2.80916E+00 4.05762E+00 3.03817E+00 3.03979E+00 3.04552E+00 3.05241E+00 4.05762E+00 2.80916E+00 2.22922E+00 7.87730E+01 
2.65669E+00 3.23165E+00 4.46037E+00 3.46016E+00 3.46190E+00 3.46798E+00 3.47509E+00 4.46037E+00 3.23165E+00 2.65669E+00 9.05190E+01 
3.12963E+00 3.69954E+00 4.90861E+00 3.92756E+00 3.92942E+00 3.93586E+00 3.94320E+00 4.90861E+00 3.69954E+00 3.12963E+00 1.03339E+02 
3.65077E+00 4.21561E+00 5.40511E+00 4.44312E+00 4.44509E+00 4.45192E+00 4.45950E+00 5.40511E+00 4.21561E+00 3.65077E+00 1.17255E+02 
4.22278E+00 4.78250E+00 5.95256E+00 5.00949E+00 5.01159E+00 5.01882E+00 5.02665E+00 5.95256E+00 4.78250E+00 4.22278E+00 1.32279E+02 
1.87850E-02 7.26032E-02 1.46042E+00 2.13930E-01 2.14187E-01 2.15958E-01 2.20339E-01 1.46042E+00 7.26032E-02 1.87850E-02 -4.24391E+00 
1.87850E-02 7.26032E-02 1.45618E+00 2.25664E-01 2.25978E-01 2.27894E-01 2.32383E-01 1.45618E+00 7.26032E-02 1.87850E-02 -3.70862E+00 
1.87850E-02 8.17294E-03 1.45756E+00 2.42919E-01 2.43291E-01 2.45358E-01 2.49956E-01 1.45756E+00 8.17294E-03 1.87850E-02 -3.04721E+00 
1.87850E-02 3.17363E-02 1.46497E+00 2.66141E-01 2.66574E-01 2.68798E-01 2.73509E-01 1.46497E+00 3.17363E-02 1.87850E-02 -2.25238E+00 
1.87850E-02 6.23038E-02 1.47927E+00 2.96361E-01 2.96856E-01 2.99246E-01 3.04074E-01 1.47927E+00 6.23038E-02 1.87850E-02 -1.28203E+00 
1.87850E-02 1.00595E-01 1.50118E+00 3.34299E-01 3.34858E-01 3.37421E-01 3.42371E-01 1.50118E+00 1.00595E-01 1.87850E-02 -1.08153E-01 
1.87850E-02 1.47389E-01 1.53151E+00 3.80732E-01 3.81359E-01 3.84103E-01 3.89178E-01 1.53151E+00 1.47389E-01 1.87850E-02 1.29959E+00 
1.87850E-02 1.89961E-01 1.56129E+00 4.23021E-01 4.23701E-01 4.26591E-01 4.31767E-01 1.56129E+00 1.89961E-01 1.87850E-02 2.56974E+00 
1.87850E-02 2.03524E-01 1.57110E+00 4.36501E-01 4.37198E-01 4.40131E-01 4.45337E-01 1.57110E+00 2.03524E-01 1.87850E-02 2.97349E+00 
1.87850E-02 2.75561E-01 1.62524E+00 5.08135E-01 5.08910E-01 5.12057E-01 5.17409E-01 1.62524E+00 2.75561E-01 1.87850E-02 5.11588E+00 
1.87850E-02 3.60736E-01 1.69248E+00 5.92901E-01 5.93757E-01 5.97129E-01 6.02632E-01 1.69248E+00 3.60736E-01 1.87850E-02 7.65224E+00 
1.87850E-02 4.60377E-01 1.77415E+00 6.92125E-01 6.93065E-01 6.96673E-01 7.02333E-01 1.77415E+00 4.60377E-01 1.87850E-02 1.06290E+01 
1.87850E-02 5.75906E-01 1.87170E+00 8.07231E-01 8.08258E-01 8.12112E-01 8.17935E-01 1.87170E+00 5.75906E-01 1.87850E-02 1.40936E+01 
1.09959E-01 7.03575E-01 1.98157E+00 9.34472E-01 9.35589E-01 9.39702E-01 9.45694E-01 1.98157E+00 7.03575E-01 1.09959E-01 1.79401E+01 
2.60934E-01 8.50020E-01 2.11015E+00 1.08048E+00 1.08169E+00 1.08608E+00 1.09224E+00 2.11015E+00 8.50020E-01 2.60934E-01 2.23083E+01 
4.33793E-01 1.01828E+00 2.26046E+00 1.24829E+00 1.24960E+00 1.25427E+00 1.26062E+00 2.26046E+00 1.01828E+00 4.33793E-01 2.72776E+01 
6.30506E-01 1.21032E+00 2.43448E+00 1.43987E+00 1.44128E+00 1.44626E+00 1.45280E+00 2.43448E+00 1.21032E+00 6.30506E-01 3.28975E+01 
8.53135E-01 1.42821E+00 2.63432E+00 1.65730E+00 1.65881E+00 1.66410E+00 1.67085E+00 2.63432E+00 1.42821E+00 8.53135E-01 3.92159E+01 
1.10382E+00 1.67410E+00 2.86213E+00 1.90271E+00 1.90433E+00 1.90995E+00 1.91691E+00 2.86213E+00 1.67410E+00 1.10382E+00 4.62781E+01 
1.38475E+00 1.95018E+00 3.12013E+00 2.17830E+00 2.18004E+00 2.18601E+00 2.19318E+00 3.12013E+00 1.95018E+00 1.38475E+00 5.41254E+01 
1.69818E+00 2.25870E+00 3.41060E+00 2.48632E+00 2.48818E+00 2.49451E+00 2.50191E+00 3.41059E+00 2.25870E+00 1.69818E+00 6.27948E+01 
2.04635E+00 2.60192E+00 3.73579E+00 2.82903E+00 2.83101E+00 2.83773E+00 2.84537E+00 3.73579E+00 2.60192E+00 2.04635E+00 7.23176E+01 
2.43153E+00 2.98210E+00 4.09801E+00 3.20869E+00 3.21080E+00 3.21792E+00 3.22580E+00 4.09801E+00 2.98210E+00 2.43153E+00 8.27189E+01 
2.85594E+00 3.40146E+00 4.49947E+00 3.62752E+00 3.62976E+00 3.63730E+00 3.64544E+00 4.49947E+00 3.40146E+00 2.85594E+00 9.40164E+01 
3.32172E+00 3.86217E+00 4.94236E+00 4.08769E+00 4.09006E+00 4.09804E+00 4.10645E+00 4.94236E+00 3.86217E+00 3.32172E+00 1.06220E+02 
3.83094E+00 4.36627E+00 5.42874E+00 4.59124E+00 4.59376E+00 4.60219E+00 4.61088E+00 5.42874E+00 4.36627E+00 3.83094E+00 1.19332E+02 
1.76753E-02 7.33392E-02 1.32313E+00 2.10550E-01 2.10977E-01 2.13116E-01 2.17971E-01 1.32313E+00 7.33392E-02 1.76753E-02 -3.74524E+00 
1.76753E-02 7.33392E-02 1.32164E+00 2.23543E-01 2.24036E-01 2.26346E-01 2.31318E-01 1.32164E+00 7.33392E-02 1.76753E-02 -3.20568E+00 
1.76753E-02 8.52234E-03 1.32539E+00 2.41688E-01 2.42249E-01 2.44737E-01 2.49830E-01 1.32539E+00 8.52234E-03 1.76753E-02 -2.54708E+00 
1.76753E-02 3.25810E-02 1.33475E+00 2.65386E-01 2.66016E-01 2.68689E-01 2.73907E-01 1.33475E+00 3.25810E-02 1.76753E-02 -1.76386E+00 
1.76753E-02 6.31454E-02 1.35051E+00 2.95582E-01 2.96285E-01 2.99151E-01 3.04498E-01 1.35051E+00 6.31454E-02 1.76753E-02 -8.15096E-01 
1.76753E-02 1.00855E-01 1.37331E+00 3.32917E-01 3.33695E-01 3.36763E-01 3.42244E-01 1.37331E+00 1.00855E-01 1.76753E-02 3.24216E-01 
1.76753E-02 1.46401E-01 1.40387E+00 3.78081E-01 3.78937E-01 3.82217E-01 3.87837E-01 1.40387E+00 1.46401E-01 1.76753E-02 1.68091E+00 
1.76753E-02 1.87488E-01 1.43332E+00 4.18869E-01 4.19787E-01 4.23236E-01 4.28968E-01 1.43332E+00 1.87488E-01 1.76753E-02 2.89774E+00 
1.76753E-02 2.00524E-01 1.44294E+00 4.31816E-01 4.32753E-01 4.36253E-01 4.42018E-01 1.44294E+00 2.00524E-01 1.76753E-02 3.28328E+00 
1.76753E-02 2.69410E-01 1.49554E+00 5.00275E-01 5.01302E-01 5.05052E-01 5.10978E-01 1.49554E+00 2.69410E-01 1.76753E-02 5.32042E+00 
1.76753E-02 3.50268E-01 1.56007E+00 5.80699E-01 5.81820E-01 5.85831E-01 5.91925E-01 1.56007E+00 3.50268E-01 1.76753E-02 7.71615E+00 
1.76753E-02 4.44255E-01 1.63770E+00 6.74245E-01 6.75462E-01 6.79747E-01 6.86015E-01 1.63770E+00 4.44255E-01 1.76753E-02 1.05099E+01 
1.76753E-02 5.52605E-01 1.72969E+00 7.82147E-01 7.83464E-01 7.88035E-01 7.94484E-01 1.72969E+00 5.52605E-01 1.76753E-02 1.37416E+01 
1.03239E-01 6.72153E-01 1.83303E+00 9.01241E-01 9.02661E-01 9.07532E-01 9.14168E-01 1.83303E+00 6.72153E-01 1.03239E-01 1.73003E+01 
2.44216E-01 8.08592E-01 1.95320E+00 1.03722E+00 1.03874E+00 1.04393E+00 1.05076E+00 1.95320E+00 8.08592E-01 2.44216E-01 2.13182E+01 
4.04739E-01 9.64506E-01 2.09277E+00 1.19266E+00 1.19430E+00 1.19981E+00 1.20685E+00 2.09277E+00 9.64506E-01 4.04739E-01 2.58650E+01 
5.86471E-01 1.14156E+00 2.25343E+00 1.36923E+00 1.37098E+00 1.37685E+00 1.38410E+00 2.25343E+00 1.14156E+00 5.86471E-01 3.09801E+01 
7.91137E-01 1.34150E+00 2.43692E+00 1.56866E+00 1.57054E+00 1.57677E+00 1.58424E+00 2.43692E+00 1.34150E+00 7.91137E-01 3.67013E+01 
1.02051E+00 1.56608E+00 2.64504E+00 1.79274E+00 1.79474E+00 1.80135E+00 1.80906E+00 2.64504E+00 1.56608E+00 1.02051E+00 4.30631E+01 
1.27641E+00 1.81713E+00 2.87962E+00 2.04327E+00 2.04540E+00 2.05241E+00 2.06036E+00 2.87962E+00 1.81713E+00 1.27641E+00 5.00962E+01 
1.56064E+00 2.09647E+00 3.14252E+00 2.32208E+00 2.32435E+00 2.33178E+00 2.33998E+00 3.14252E+00 2.09647E+00 1.56064E+00 5.78268E+01 
1.87504E+00 2.40592E+00 3.43555E+00 2.63100E+00 2.63340E+00 2.64127E+00 2.64973E+00 3.43555E+00 2.40592E+00 1.87504E+00 6.62757E+01 
2.22139E+00 2.74728E+00 3.76055E+00 2.97181E+00 2.97436E+00 2.98269E+00 2.99142E+00 3.76055E+00 2.74728E+00 2.22139E+00 7.54579E+01 
2.60143E+00 3.12230E+00 4.11926E+00 3.34627E+00 3.34896E+00 3.35777E+00 3.36679E+00 4.11926E+00 3.12230E+00 2.60143E+00 8.53817E+01 
3.01682E+00 3.53263E+00 4.51336E+00 3.75602E+00 3.75887E+00 3.76818E+00 3.77750E+00 4.51336E+00 3.53263E+00 3.01682E+00 9.60486E+01 
3.46910E+00 3.97982E+00 4.94441E+00 4.20264E+00 4.20564E+00 4.21548E+00 4.22510E+00 4.94441E+00 3.97982E+00 3.46910E+00 1.07453E+02 
1.65950E-02 7.35713E-02 1.19850E+00 2.07385E-01 2.08025E-01 2.10612E-01 2.15980E-01 1.19850E+00 7.35713E-02 1.65950E-02 -3.28739E+00 
1.65950E-02 7.35713E-02 1.19940E+00 2.21418E-01 2.22135E-01 2.24922E-01 2.30421E-01 1.19940E+00 7.35713E-02 1.65950E-02 -2.74553E+00 
1.65950E-02 8.78385E-03 1.20518E+00 2.40246E-01 2.41041E-01 2.44036E-01 2.49669E-01 1.20518E+00 8.78385E-03 1.65950E-02 -2.09170E+00 
1.65950E-02 3.31441E-02 1.21616E+00 2.64224E-01 2.65101E-01 2.68311E-01 2.74081E-01 1.21616E+00 3.31441E-02 1.65950E-02 -1.32194E+00 
1.65950E-02 6.35298E-02 1.23306E+00 2.94221E-01 2.95181E-01 2.98617E-01 3.04530E-01 1.23306E+00 6.35298E-02 1.65950E-02 -3.96582E-01 
1.65950E-02 1.00508E-01 1.25647E+00 3.30802E-01 3.31848E-01 3.35521E-01 3.41583E-01 1.25647E+00 1.00508E-01 1.65950E-02 7.06533E-01 
1.65950E-02 1.44688E-01 1.28701E+00 3.74578E-01 3.75714E-01 3.79634E-01 3.85849E-01 1.28701E+00 1.44688E-01 1.65950E-02 2.01097E+00 
1.65950E-02 1.84226E-01 1.31595E+00 4.13800E-01 4.15007E-01 4.19125E-01 4.25464E-01 1.31595E+00 1.84226E-01 1.65950E-02 3.17401E+00 
1.65950E-02 1.96721E-01 1.32534E+00 4.26201E-01 4.27430E-01 4.31607E-01 4.37982E-01 1.32534E+00 1.96721E-01 1.65950E-02 3.54133E+00 
1.65950E-02 2.62429E-01 1.37621E+00 4.91458E-01 4.92790E-01 4.97258E-01 5.03812E-01 1.37621E+00 2.62429E-01 1.65950E-02 5.47392E+00 
1.65950E-02 3.39015E-01 1.43793E+00 5.67586E-01 5.69025E-01 5.73796E-01 5.80536E-01 1.43793E+00 3.39015E-01 1.65950E-02 7.73160E+00 
1.65950E-02 4.27484E-01 1.51150E+00 6.55588E-01 6.57137E-01 6.62226E-01 6.69159E-01 1.51150E+00 4.27484E-01 1.65950E-02 1.03475E+01 
1.65950E-02 5.28899E-01 1.59802E+00 7.56528E-01 7.58191E-01 7.63612E-01 7.70745E-01 1.59802E+00 5.28899E-01 1.65950E-02 1.33547E+01 
9.67229E-02 6.40602E-01 1.69496E+00 8.67752E-01 8.69533E-01 8.75300E-01 8.82641E-01 1.69496E+00 6.40602E-01 9.67229E-02 1.66393E+01 
2.28096E-01 7.67451E-01 1.80700E+00 9.94110E-01 9.96013E-01 1.00214E+00 1.00970E+00 1.80700E+00 7.67451E-01 2.28096E-01 2.03260E+01 
3.76866E-01 9.11630E-01 1.93629E+00 1.13779E+00 1.13982E+00 1.14633E+00 1.15412E+00 1.93629E+00 9.11630E-01 3.76866E-01 2.44755E+01 
5.44427E-01 1.07454E+00 2.08425E+00 1.30018E+00 1.30234E+00 1.30926E+00 1.31728E+00 2.08425E+00 1.07454E+00 5.44427E-01 2.91191E+01 
7.32210E-01 1.25761E+00 2.25234E+00 1.48273E+00 1.48502E+00 1.49236E+00 1.50063E+00 2.25234E+00 1.25761E+00 7.32210E-01 3.42854E+01 
9.41674E-01 1.46231E+00 2.44204E+00 1.68689E+00 1.68933E+00 1.69710E+00 1.70563E+00 2.44204E+00 1.46231E+00 9.41674E-01 4.00001E+01 
1.17429E+00 1.69010E+00 2.65484E+00 1.91414E+00 1.91672E+00 1.92496E+00 1.93375E+00 2.65484E+00 1.69010E+00 1.17429E+00 4.62850E+01 
1.43152E+00 1.94247E+00 2.89222E+00 2.16595E+00 2.16868E+00 2.17740E+00 2.18648E+00 2.89222E+00 1.94247E+00 1.43152E+00 5.31575E+01 
1.71482E+00 2.22086E+00 3.15565E+00 2.44377E+00 2.44665E+00 2.45587E+00 2.46524E+00 3.15565E+00 2.22086E+00 1.71482E+00 6.06300E+01 
2.02557E+00 2.52667E+00 3.44654E+00 2.74899E+00 2.75204E+00 2.76179E+00 2.77146E+00 3.44654E+00 2.52667E+00 2.02557E+00 6.87095E+01 
2.36512E+00 2.86123E+00 3.76624E+00 3.08297E+00 3.08618E+00 3.09647E+00 3.10646E+00 3.76624E+00 2.86123E+00 2.36512E+00 7.73971E+01 
2.73471E+00 3.22580E+00 4.11602E+00 3.44694E+00 3.45032E+00 3.46118E+00 3.47150E+00 4.11602E+00 3.22580E+00 2.73471E+00 8.66876E+01 
3.13547E+00 3.62152E+00 4.49701E+00 3.84204E+00 3.84559E+00 3.85705E+00 3.86771E+00 4.49701E+00 3.62152E+00 3.13547E+00 9.65700E+01 
1.55466E-02 7.33543E-02 1.08534E+00 2.04401E-01 2.05306E-01 2.08433E-01 2.14361E-01 1.08534E+00 7.33543E-02 1.55466E-02 -2.86628E+00 
1.55466E-02 7.33543E-02 1.08831E+00 2.19275E-01 2.20268E-01 2.23631E-01 2.29702E-01 1.08831E+00 7.33543E-02 1.55466E-02 -2.32397E+00 
1.55466E-02 8.96582E-03 1.09580E+00 2.38597E-01 2.39680E-01 2.43286E-01 2.49505E-01 1.09580E+00 8.96582E-03 1.55466E-02 -1.67674E+00 
1.55466E-02 3.34536E-02 1.10811E+00 2.62682E-01 2.63858E-01 2.67715E-01 2.74087E-01 1.10811E+00 3.34536E-02 1.55466E-02 -9.22138E-01 
1.55466E-02 6.35057E-02 1.12588E+00 2.92323E-01 2.93594E-01 2.97715E-01 3.04246E-01 1.12588E+00 6.35057E-02 1.55466E-02 -2.18269E-02 
1.55466E-02 9.96216E-02 1.14964E+00 3.28020E-01 3.29391E-01 3.33787E-01 3.40483E-01 1.14964E+00 9.96216E-02 1.55466E-02 1.04368E+00 
1.55466E-02 1.42338E-01 1.17993E+00 3.70310E-01 3.71783E-01 3.76466E-01 3.83333E-01 1.17993E+00 1.42338E-01 1.55466E-02 2.29490E+00 
1.55466E-02 1.80279E-01 1.20822E+00 4.07917E-01 4.09471E-01 4.14385E-01 4.21388E-01 1.20822E+00 1.80279E-01 1.55466E-02 3.40392E+00 
1.55466E-02 1.92224E-01 1.21733E+00 4.19763E-01 4.21341E-01 4.26324E-01 4.33368E-01 1.21733E+00 1.92224E-01 1.55466E-02 3.75305E+00 
1.55466E-02 2.54748E-01 1.26635E+00 4.81811E-01 4.83507E-01 4.88827E-01 4.96069E-01 1.26635E+00 2.54748E-01 1.55466E-02 5.58212E+00 
1.55466E-02 3.27126E-01 1.32518E+00 5.53705E-01 5.55522E-01 5.61195E-01 5.68643E-01 1.32518E+00 3.27126E-01 1.55466E-02 7.70460E+00 
1.55466E-02 4.10224E-01 1.39471E+00 6.36310E-01 6.38253E-01 6.44294E-01 6.51957E-01 1.39471E+00 4.10224E-01 1.55466E-02 1.01480E+01 
1.55466E-02 5.04954E-01 1.47586E+00 7.30539E-01 7.32611E-01 7.39036E-01 7.46922E-01 1.47586E+00 5.04954E-01 1.55466E-02 1.29394E+01 
9.04232E-02 6.09101E-01 1.56656E+00 8.34180E-01 8.36385E-01 8.43210E-01 8.51327E-01 1.56656E+00 6.09101E-01 9.04232E-02 1.59634E+01 
2.12591E-01 7.26779E-01 1.67074E+00 9.51341E-01 9.53683E-01 9.60928E-01 9.69286E-01 1.67074E+00 7.26779E-01 2.12591E-01 1.93373E+01 
3.50188E-01 8.59823E-01 1.79021E+00 1.08385E+00 1.08634E+00 1.09402E+00 1.10263E+00 1.79021E+00 8.59823E-01 3.50188E-01 2.31142E+01 
5.04368E-01 1.00939E+00 1.92616E+00 1.23288E+00 1.23551E+00 1.24366E+00 1.25253E+00 1.92616E+00 1.00939E+00 5.04368E-01 2.73178E+01 
6.76308E-01 1.17666E+00 2.07978E+00 1.39960E+00 1.40238E+00 1.41101E+00 1.42016E+00 2.07977E+00 1.17666E+00 6.76308E-01 3.19696E+01 
8.67194E-01 1.36282E+00 2.25227E+00 1.58520E+00 1.58814E+00 1.59727E+00 1.60671E+00 2.25227E+00 1.36282E+00 8.67194E-01 3.70876E+01 
1.07820E+00 1.56906E+00 2.44483E+00 1.79086E+00 1.79396E+00 1.80362E+00 1.81336E+00 2.44483E+00 1.56906E+00 1.07820E+00 4.26865E+01 
1.31050E+00 1.79654E+00 2.65864E+00 2.01775E+00 2.02102E+00 2.03123E+00 2.04128E+00 2.65864E+00 1.79654E+00 1.31050E+00 4.87764E+01 
1.56520E+00 2.04639E+00 2.89485E+00 2.26700E+00 2.27044E+00 2.28123E+00 2.29160E+00 2.89485E+00 2.04639E+00 1.56520E+00 5.53630E+01 
1.84338E+00 2.31968E+00 3.15454E+00 2.53968E+00 2.54330E+00 2.55469E+00 2.56540E+00 3.15454E+00 2.31968E+00 1.84338E+00 6.24474E+01 
2.14603E+00 2.61742E+00 3.43871E+00 2.83679E+00 2.84059E+00 2.85260E+00 2.86366E+00 3.43871E+00 2.61742E+00 2.14603E+00 7.00249E+01 
2.47407E+00 2.94050E+00 3.74830E+00 3.15923E+00 3.16323E+00 3.17589E+00 3.18732E+00 3.74830E+00 2.94050E+00 2.47407E+00 7.80860E+01 
2.82828E+00 3.28973E+00 4.08411E+00 3.50782E+00 3.51200E+00 3.52534E+00 3.53715E+00 4.08411E+00 3.28973E+00 2.82828E+00 8.66158E+01 
1.45322E-02 7.27379E-02 9.82614E-01 2.01570E-01 2.02796E-01 2.06577E-01 2.13113E-01 9.82614E-01 7.27379E-02 1.45322E-02 -2.47829E+00 
1.45322E-02 7.27379E-02 9.87360E-01 2.17103E-01 2.18430E-01 2.22485E-01 2.29181E-01 9.87360E-01 7.27379E-02 1.45322E-02 -1.93726E+00 
1.45322E-02 9.07582E-03 9.96283E-01 2.36747E-01 2.38177E-01 2.42516E-01 2.49376E-01 9.96283E-01 9.07582E-03 1.45322E-02 -1.29835E+00 
1.45322E-02 3.35352E-02 1.00964E+00 2.60781E-01 2.62317E-01 2.66950E-01 2.73980E-01 1.00964E+00 3.35352E-02 1.45322E-02 -5.60459E-01 
1.45322E-02 6.31173E-02 1.02804E+00 2.89930E-01 2.91575E-01 2.96515E-01 3.03721E-01 1.02804E+00 6.31173E-02 1.45322E-02 3.13335E-01 
1.45322E-02 9.82604E-02 1.05192E+00 3.24632E-01 3.26390E-01 3.31650E-01 3.39038E-01 1.05192E+00 9.82604E-02 1.45322E-02 1.34002E+00 
1.45322E-02 1.39433E-01 1.08176E+00 3.65356E-01 3.67230E-01 3.72823E-01 3.80402E-01 1.08176E+00 1.39433E-01 1.45322E-02 2.53731E+00 
1.45322E-02 1.75743E-01 1.10927E+00 4.01313E-01 4.03278E-01 4.09140E-01 4.16870E-01 1.10927E+00 1.75743E-01 1.45322E-02 3.59225E+00 
1.45322E-02 1.87133E-01 1.11809E+00 4.12598E-01 4.14591E-01 4.20533E-01 4.28308E-01 1.11809E+00 1.87133E-01 1.45322E-02 3.92328E+00 
1.45322E-02 2.46482E-01 1.16512E+00 4.71446E-01 4.73572E-01 4.79905E-01 4.87901E-01 1.16512E+00 2.46482E-01 1.45322E-02 5.65015E+00 
1.45322E-02 3.14731E-01 1.22102E+00 5.39184E-01 5.41448E-01 5.48188E-01 5.56414E-01 1.22102E+00 3.14731E-01 1.45322E-02 7.64057E+00 
1.45322E-02 3.92619E-01 1.28654E+00 6.16553E-01 6.18958E-01 6.26125E-01 6.34589E-01 1.28654E+00 3.92619E-01 1.45322E-02 9.91708E+00 
1.45322E-02 4.80922E-01 1.36246E+00 7.04328E-01 7.06879E-01 7.14489E-01 7.23202E-01 1.36246E+00 4.80922E-01 1.45322E-02 1.25013E+01 
8.43495E-02 5.77807E-01 1.44709E+00 8.00680E-01 8.03380E-01 8.11452E-01 8.20422E-01 1.44709E+00 5.77807E-01 8.43495E-02 1.52780E+01 
1.97715E-01 6.86736E-01 1.54371E+00 9.09063E-01 9.11917E-01 9.20472E-01 9.29711E-01 1.54371E+00 6.86736E-01 1.97715E-01 1.83573E+01 
3.24711E-01 8.09232E-01 1.65383E+00 1.03100E+00 1.03402E+00 1.04308E+00 1.05260E+00 1.65383E+00 8.09232E-01 3.24711E-01 2.17851E+01 
4.66283E-01 9.46248E-01 1.77842E+00 1.16745E+00 1.17063E+00 1.18022E+00 1.19003E+00 1.77842E+00 9.46248E-01 4.66283E-01 2.55793E+01 
6.23385E-01 1.09874E+00 1.91846E+00 1.31936E+00 1.32270E+00 1.33285E+00 1.34297E+00 1.91846E+00 1.09874E+00 6.23385E-01 2.97549E+01 
7.96965E-01 1.26766E+00 2.07491E+00 1.48768E+00 1.49121E+00 1.50193E+00 1.51237E+00 2.07491E+00 1.26766E+00 7.96965E-01 3.43240E+01 
9.87954E-01 1.45395E+00 2.24872E+00 1.67336E+00 1.67706E+00 1.68839E+00 1.69916E+00 2.24872E+00 1.45395E+00 9.87954E-01 3.92950E+01 
1.19725E+00 1.65850E+00 2.44080E+00 1.87729E+00 1.88118E+00 1.89314E+00 1.90426E+00 2.44080E+00 1.65850E+00 1.19725E+00 4.46727E+01 
1.42572E+00 1.88218E+00 2.65204E+00 2.10034E+00 2.10442E+00 2.11703E+00 2.12852E+00 2.65203E+00 1.88218E+00 1.42572E+00 5.04577E+01 
1.67415E+00 2.12579E+00 2.88323E+00 2.34331E+00 2.34759E+00 2.36088E+00 2.37274E+00 2.88323E+00 2.12579E+00 1.67415E+00 5.66461E+01 
1.94325E+00 2.39005E+00 3.13512E+00 2.60691E+00 2.61139E+00 2.62539E+00 2.63765E+00 3.13512E+00 2.39005E+00 1.94325E+00 6.32297E+01 
2.23367E+00 2.67559E+00 3.40834E+00 2.89178E+00 2.89647E+00 2.91121E+00 2.92387E+00 3.40834E+00 2.67559E+00 2.23367E+00 7.01956E+01 
2.54590E+00 2.98294E+00 3.70342E+00 3.19844E+00 3.20334E+00 3.21884E+00 3.23193E+00 3.70342E+00 2.98294E+00 2.54590E+00 7.75266E+01 
1.35534E-02 7.17674E-02 8.89350E-01 1.98865E-01 2.00476E-01 2.05046E-01 2.12244E-01 8.89350E-01 7.17674E-02 1.35534E-02 -2.12010E+00 
1.35534E-02 7.17674E-02 8.95600E-01 2.14888E-01 2.16615E-01 2.21504E-01 2.28881E-01 8.95600E-01 7.17674E-02 1.35534E-02 -1.58198E+00 
1.35534E-02 9.12082E-03 9.05695E-01 2.34699E-01 2.36543E-01 2.41763E-01 2.49322E-01 9.05695E-01 9.12082E-03 1.35534E-02 -9.52998E-01 
1.35534E-02 3.34126E-02 9.19867E-01 2.58544E-01 2.60508E-01 2.66070E-01 2.73817E-01 9.19867E-01 3.34126E-02 1.35534E-02 -2.33267E-01 
1.35534E-02 6.24052E-02 9.38659E-01 2.87081E-01 2.89168E-01 2.95087E-01 3.03030E-01 9.38659E-01 6.24052E-02 1.35534E-02 6.12684E-01 
1.35534E-02 9.64810E-02 9.62465E-01 3.20692E-01 3.22907E-01 3.29197E-01 3.37345E-01 9.62465E-01 9.64810E-02 1.35534E-02 1.59952E+00 
1.35534E-02 1.36048E-01 9.91703E-01 3.59787E-01 3.62132E-01 3.68810E-01 3.77169E-01 9.91703E-01 1.36048E-01 1.35534E-02 2.74235E+00 
1.35534E-02 1.70703E-01 1.01833E+00 3.94070E-01 3.96520E-01 4.03508E-01 4.12036E-01 1.01833E+00 1.70703E-01 1.35534E-02 3.74333E+00 
1.35534E-02 1.81536E-01 1.02681E+00 4.04793E-01 4.07274E-01 4.14354E-01 4.22933E-01 1.02681E+00 1.81536E-01 1.35534E-02 4.05641E+00 
1.35534E-02 2.37737E-01 1.07178E+00 4.60467E-01 4.63097E-01 4.70630E-01 4.79455E-01 1.07178E+00 2.37737E-01 1.35534E-02 5.68263E+00 
1.35534E-02 3.01946E-01 1.12473E+00 5.24139E-01 5.26924E-01 5.34928E-01 5.44009E-01 1.12473E+00 3.01946E-01 1.35534E-02 7.54435E+00 
1.35534E-02 3.74793E-01 1.18629E+00 5.96440E-01 5.99383E-01 6.07879E-01 6.17226E-01 1.18629E+00 3.74793E-01 1.35534E-02 9.65968E+00 
1.35534E-02 4.56930E-01 1.25713E+00 6.78021E-01 6.81128E-01 6.90136E-01 6.99759E-01 1.25713E+00 4.56930E-01 1.35534E-02 1.20456E+01 
7.85085E-02 5.46854E-01 1.33587E+00 7.67384E-01 7.70657E-01 7.80196E-01 7.90107E-01 1.33587E+00 5.46854E-01 7.85085E-02 1.45881E+01 
1.83477E-01 6.47452E-01 1.42523E+00 8.67408E-01 8.70853E-01 8.80947E-01 8.91158E-01 1.42523E+00 6.47452E-01 1.83477E-01 1.73902E+01 
3.00435E-01 7.59980E-01 1.52647E+00 9.79350E-01 9.82972E-01 9.93646E-01 1.00417E+00 1.52647E+00 7.59980E-01 3.00435E-01 2.04918E+01 
4.30147E-01 8.85208E-01 1.64036E+00 1.10398E+00 1.10778E+00 1.11906E+00 1.12992E+00 1.64036E+00 8.85208E-01 4.30147E-01 2.39056E+01 
5.73376E-01 1.02390E+00 1.76768E+00 1.24206E+00 1.24605E+00 1.25796E+00 1.26916E+00 1.76768E+00 1.02390E+00 5.73376E-01 2.76414E+01 
7.30866E-01 1.17681E+00 1.90920E+00 1.39434E+00 1.39853E+00 1.41110E+00 1.42265E+00 1.90920E+00 1.17681E+00 7.30866E-01 3.17064E+01 
9.03338E-01 1.34466E+00 2.06566E+00 1.56155E+00 1.56593E+00 1.57920E+00 1.59112E+00 2.06566E+00 1.34466E+00 9.03338E-01 3.61044E+01 
1.09147E+00 1.52813E+00 2.23774E+00 1.74437E+00 1.74896E+00 1.76294E+00 1.77525E+00 2.23774E+00 1.52813E+00 1.09147E+00 4.08356E+01 
1.29591E+00 1.72786E+00 2.42611E+00 1.94344E+00 1.94824E+00 1.96296E+00 1.97568E+00 2.42611E+00 1.72786E+00 1.29591E+00 4.58967E+01 
1.51720E+00 1.94443E+00 2.63133E+00 2.15933E+00 2.16435E+00 2.17985E+00 2.19298E+00 2.63133E+00 1.94443E+00 1.51720E+00 5.12807E+01 
1.75586E+00 2.17833E+00 2.85393E+00 2.39253E+00 2.39777E+00 2.41408E+00 2.42765E+00 2.85393E+00 2.17833E+00 1.75586E+00 5.69765E+01 
2.01227E+00 2.42996E+00 3.09430E+00 2.64346E+00 2.64893E+00 2.66606E+00 2.68009E+00 3.09430E+00 2.42996E+00 2.01227E+00 6.29696E+01 
2.28674E+00 2.69963E+00 3.35277E+00 2.91241E+00 2.91811E+00 2.93611E+00 2.95062E+00 3.35277E+00 2.69963E+00 2.28674E+00 6.92413E+01 
1.26114E-02 7.04841E-02 8.04671E-01 1.96261E-01 1.98330E-01 2.03850E-01 2.11771E-01 8.04671E-01 7.04841E-02 1.26114E-02 -1.78869E+00 
1.26114E-02 7.04841E-02 8.12176E-01 2.12621E-01 2.14821E-01 2.20713E-01 2.28832E-01 8.12176E-01 7.04841E-02 1.26114E-02 -1.25507E+00 
1.26114E-02 9.10719E-03 8.23211E-01 2.32459E-01 2.34791E-01 2.41067E-01 2.49390E-01 8.23211E-01 9.10719E-03 1.26114E-02 -6.37533E-01 
1.26114E-02 3.31071E-02 8.37977E-01 2.55989E-01 2.58456E-01 2.65130E-01 2.73663E-01 8.37977E-01 3.31071E-02 1.26114E-02 6.27009E-02 
1.26114E-02 6.14060E-02 8.56967E-01 2.83809E-01 2.86415E-01 2.93503E-01 3.02255E-01 8.56967E-01 6.14060E-02 1.26114E-02 8.79618E-01 
1.26114E-02 9.43357E-02 8.80525E-01 3.16251E-01 3.19000E-01 3.26519E-01 3.35498E-01 8.80525E-01 9.43357E-02 1.26114E-02 1.82573E+00 
1.26114E-02 1.32249E-01 9.09011E-01 3.53667E-01 3.56564E-01 3.64531E-01 3.73746E-01 9.09011E-01 1.32249E-01 1.26114E-02 2.91377E+00 
1.26114E-02 1.65237E-01 9.34674E-01 3.86266E-01 3.89279E-01 3.97604E-01 4.07008E-01 9.34674E-01 1.65237E-01 1.26114E-02 3.86108E+00 
1.26114E-02 1.75513E-01 9.42804E-01 3.96427E-01 3.99475E-01 4.07908E-01 4.17368E-01 9.42804E-01 1.75513E-01 1.26114E-02 4.15639E+00 
1.26114E-02 2.28605E-01 9.85643E-01 4.48964E-01 4.52180E-01 4.61135E-01 4.70870E-01 9.85643E-01 2.28605E-01 1.26114E-02 5.68374E+00 
1.26114E-02 2.88876E-01 1.03563E+00 5.08671E-01 5.12059E-01 5.21559E-01 5.31580E-01 1.03563E+00 2.88876E-01 1.26114E-02 7.42031E+00 
1.26114E-02 3.56857E-01 1.09331E+00 5.76078E-01 5.79643E-01 5.89709E-01 6.00027E-01 1.09331E+00 3.56857E-01 1.26114E-02 9.38033E+00 
1.26114E-02 4.33092E-01 1.15923E+00 6.51730E-01 6.55477E-01 6.66131E-01 6.76759E-01 1.15923E+00 4.33092E-01 1.26114E-02 1.15768E+01 
7.29053E-02 5.16358E-01 1.23228E+00 7.34406E-01 7.38338E-01 7.49601E-01 7.60550E-01 1.23228E+00 5.16358E-01 7.29053E-02 1.38978E+01 
1.69880E-01 6.09041E-01 1.31470E+00 8.26486E-01 8.30609E-01 8.42508E-01 8.53793E-01 1.31470E+00 6.09041E-01 1.69880E-01 1.64397E+01 
2.77352E-01 7.12165E-01 1.40751E+00 9.28993E-01 9.33313E-01 9.45876E-01 9.57512E-01 1.40750E+00 7.12165E-01 2.77352E-01 1.92371E+01 
3.95930E-01 8.26342E-01 1.51132E+00 1.04254E+00 1.04706E+00 1.06032E+00 1.07232E+00 1.51132E+00 8.26342E-01 3.95930E-01 2.22982E+01 
5.26210E-01 9.52174E-01 1.62677E+00 1.16773E+00 1.17246E+00 1.18644E+00 1.19882E+00 1.62677E+00 9.52174E-01 5.26210E-01 2.56288E+01 
6.68767E-01 1.09024E+00 1.75442E+00 1.30513E+00 1.31008E+00 1.32481E+00 1.33759E+00 1.75442E+00 1.09024E+00 6.68767E-01 2.92321E+01 
8.24142E-01 1.24108E+00 1.89485E+00 1.45530E+00 1.46047E+00 1.47598E+00 1.48918E+00 1.89485E+00 1.24108E+00 8.24142E-01 3.31080E+01 
9.92835E-01 1.40521E+00 2.04857E+00 1.61874E+00 1.62413E+00 1.64046E+00 1.65409E+00 2.04857E+00 1.40521E+00 9.92835E-01 3.72537E+01 
1.17529E+00 1.58306E+00 2.21603E+00 1.79590E+00 1.80152E+00 1.81869E+00 1.83278E+00 2.21603E+00 1.58306E+00 1.17529E+00 4.16631E+01 
1.37190E+00 1.77504E+00 2.39764E+00 1.98717E+00 1.99302E+00 2.01107E+00 2.02563E+00 2.39764E+00 1.77504E+00 1.37190E+00 4.63268E+01 
1.58296E+00 1.98145E+00 2.59371E+00 2.19285E+00 2.19894E+00 2.21790E+00 2.23295E+00 2.59371E+00 1.98145E+00 1.58296E+00 5.12321E+01 
1.80871E+00 2.20252E+00 2.80449E+00 2.41318E+00 2.41952E+00 2.43942E+00 2.45498E+00 2.80449E+00 2.20252E+00 1.80871E+00 5.63635E+01 
2.04927E+00 2.43838E+00 3.03010E+00 2.64829E+00 2.65488E+00 2.67576E+00 2.69184E+00 3.03010E+00 2.43838E+00 2.04927E+00 6.17024E+01 
1.17071E-02 6.89257E-02 7.27777E-01 1.93735E-01 1.96345E-01 2.03007E-01 2.11716E-01 7.27777E-01 6.89257E-02 1.17071E-02 -1.48139E+00 
1.17071E-02 6.89257E-02 7.36311E-01 2.10293E-01 2.13048E-01 2.20144E-01 2.29074E-01 7.36311E-01 6.89257E-02 1.17071E-02 -9.53759E-01 
1.17071E-02 9.04080E-03 7.48073E-01 2.30030E-01 2.32934E-01 2.40476E-01 2.49633E-01 7.48073E-01 9.04080E-03 1.17071E-02 -3.49115E-01 
1.17071E-02 3.26384E-02 7.63237E-01 2.53135E-01 2.56190E-01 2.64193E-01 2.73585E-01 7.63237E-01 3.26384E-02 1.17071E-02 3.30375E-01 
1.17071E-02 6.01535E-02 7.82250E-01 2.80147E-01 2.83359E-01 2.91841E-01 3.01478E-01 7.82250E-01 6.01535E-02 1.17071E-02 1.11719E+00 
1.17071E-02 9.18717E-02 8.05407E-01 3.11354E-01 3.14725E-01 3.23706E-01 3.33597E-01 8.05407E-01 9.18717E-02 1.17071E-02 2.02185E+00 
1.17071E-02 1.28096E-01 8.33019E-01 3.47057E-01 3.50593E-01 3.60091E-01 3.70247E-01 8.33018E-01 1.28096E-01 1.17071E-02 3.05494E+00 
1.17071E-02 1.59415E-01 8.57645E-01 3.77967E-01 3.81633E-01 3.91545E-01 4.01912E-01 8.57645E-01 1.59415E-01 1.17071E-02 3.94898E+00 
1.17071E-02 1.69139E-01 8.65408E-01 3.87571E-01 3.91275E-01 4.01311E-01 4.11741E-01 8.65408E-01 1.69139E-01 1.17071E-02 4.22677E+00 
1.17071E-02 2.19171E-01 9.06071E-01 4.37021E-01 4.40912E-01 4.51550E-01 4.62288E-01 9.06071E-01 2.19171E-01 1.17071E-02 5.65722E+00 
1.17071E-02 2.75614E-01 9.53116E-01 4.92872E-01 4.96955E-01 5.08219E-01 5.19277E-01 9.53116E-01 2.75614E-01 1.17071E-02 7.27236E+00 
1.17071E-02 3.38909E-01 1.00699E+00 5.55565E-01 5.59845E-01 5.71759E-01 5.83151E-01 1.00699E+00 3.38909E-01 1.17071E-02 9.08302E+00 
1.17071E-02 4.09506E-01 1.06816E+00 6.25550E-01 6.30031E-01 6.42621E-01 6.54359E-01 1.06816E+00 4.09506E-01 1.17071E-02 1.10987E+01 
6.75430E-02 4.86417E-01 1.13573E+00 7.01842E-01 7.06528E-01 7.19815E-01 7.31913E-01 1.13573E+00 4.86417E-01 6.75430E-02 1.32108E+01 
1.56925E-01 5.71597E-01 1.21153E+00 7.86390E-01 7.91286E-01 8.05300E-01 8.17774E-01 1.21153E+00 5.71597E-01 1.56925E-01 1.55090E+01 
2.55450E-01 6.65866E-01 1.29636E+00 8.80012E-01 8.85124E-01 8.99897E-01 9.12763E-01 1.29636E+00 6.65866E-01 2.55450E-01 1.80232E+01 
3.63593E-01 7.69704E-01 1.39073E+00 9.83188E-01 9.88523E-01 1.00409E+00 1.01736E+00 1.39073E+00 7.69704E-01 3.63593E-01 2.07581E+01 
4.81811E-01 8.83570E-01 1.49509E+00 1.09638E+00 1.10194E+00 1.11833E+00 1.13203E+00 1.49509E+00 8.83570E-01 4.81811E-01 2.37162E+01 
6.10534E-01 1.00790E+00 1.60990E+00 1.22002E+00 1.22581E+00 1.24305E+00 1.25721E+00 1.60990E+00 1.00790E+00 6.10534E-01 2.68974E+01 
7.50152E-01 1.14309E+00 1.73556E+00 1.35450E+00 1.36054E+00 1.37866E+00 1.39328E+00 1.73556E+00 1.14309E+00 7.50152E-01 3.02992E+01 
9.01016E-01 1.28949E+00 1.87243E+00 1.50018E+00 1.50646E+00 1.52551E+00 1.54062E+00 1.87243E+00 1.28949E+00 9.01016E-01 3.39161E+01 
1.06342E+00 1.44740E+00 2.02083E+00 1.65736E+00 1.66389E+00 1.68390E+00 1.69951E+00 2.02083E+00 1.44740E+00 1.06342E+00 3.77403E+01 
1.23761E+00 1.61706E+00 2.18100E+00 1.82627E+00 1.83306E+00 1.85406E+00 1.87019E+00 2.18100E+00 1.61706E+00 1.23761E+00 4.17609E+01 
1.42373E+00 1.79864E+00 2.35311E+00 2.00709E+00 2.01414E+00 2.03616E+00 2.05284E+00 2.35311E+00 1.79864E+00 1.42373E+00 4.59645E+01 
1.62188E+00 1.99223E+00 2.53727E+00 2.19990E+00 2.20722E+00 2.23029E+00 2.24755E+00 2.53727E+00 1.99223E+00 1.62188E+00 5.03353E+01 
1.83206E+00 2.19782E+00 2.73349E+00 2.40471E+00 2.41229E+00 2.43647E+00 2.45431E+00 2.73349E+00 2.19782E+00 1.83206E+00 5.48551E+01 
1.08412E-02 6.71268E-02 6.57938E-01 1.91269E-01 1.94508E-01 2.02546E-01 2.12114E-01 6.57938E-01 6.71268E-02 1.08412E-02 -1.19575E+00 
1.08412E-02 6.71268E-02 6.67294E-01 2.07894E-01 2.11297E-01 2.19838E-01 2.29654E-01 6.67294E-01 6.71268E-02 1.08412E-02 -6.75577E-01 
1.08412E-02 8.92705E-03 6.79590E-01 2.27416E-01 2.30985E-01 2.40042E-01 2.50114E-01 6.79590E-01 8.92705E-03 1.08412E-02 -8.51980E-02 
1.08412E-02 3.20248E-02 6.94977E-01 2.49998E-01 2.53736E-01 2.63326E-01 2.73661E-01 6.94977E-01 3.20248E-02 1.08412E-02 5.72382E-01 
1.08412E-02 5.86785E-02 7.13856E-01 2.76126E-01 2.80037E-01 2.90181E-01 3.00790E-01 7.13856E-01 5.86785E-02 1.08412E-02 1.32812E+00 
1.08412E-02 8.91325E-02 7.36480E-01 3.06044E-01 3.10134E-01 3.20853E-01 3.31746E-01 7.36480E-01 8.91325E-02 1.08412E-02 2.19074E+00 
1.08412E-02 1.23644E-01 7.63115E-01 3.40010E-01 3.44282E-01 3.55598E-01 3.66788E-01 7.63115E-01 1.23644E-01 1.08412E-02 3.16887E+00 
1.08412E-02 1.53300E-01 7.86649E-01 3.69237E-01 3.73654E-01 3.85446E-01 3.96874E-01 7.86649E-01 1.53300E-01 1.08412E-02 4.01020E+00 
1.08412E-02 1.62478E-01 7.94033E-01 3.78289E-01 3.82749E-01 3.94683E-01 4.06181E-01 7.94033E-01 1.62478E-01 1.08412E-02 4.27074E+00 
1.08412E-02 2.09510E-01 8.32494E-01 4.24712E-01 4.29378E-01 4.42005E-01 4.53848E-01 8.32494E-01 2.09510E-01 1.08412E-02 5.60642E+00 
1.08412E-02 2.62241E-01 8.76626E-01 4.76823E-01 4.81701E-01 4.95046E-01 5.07250E-01 8.76626E-01 2.62241E-01 1.08412E-02 7.10398E+00 
1.08412E-02 3.21035E-01 9.26802E-01 5.34986E-01 5.40081E-01 5.54172E-01 5.66749E-01 9.26802E-01 3.21035E-01 1.08412E-02 8.77133E+00 
1.08412E-02 3.86257E-01 9.83394E-01 5.99566E-01 6.04883E-01 6.19747E-01 6.32714E-01 9.83394E-01 3.86257E-01 1.08412E-02 1.06151E+01 
6.24233E-02 4.57117E-01 1.04570E+00 6.69778E-01 6.75320E-01 6.90980E-01 7.04350E-01 1.04570E+00 4.57117E-01 6.24233E-02 1.25304E+01 
1.44607E-01 5.35197E-01 1.11519E+00 7.47196E-01 7.52968E-01 7.69457E-01 7.83249E-01 1.11519E+00 5.35197E-01 1.44607E-01 1.46008E+01 
2.34711E-01 6.21145E-01 1.19250E+00 8.32466E-01 8.38476E-01 8.55827E-01 8.70061E-01 1.19250E+00 6.21145E-01 2.34711E-01 1.68519E+01 
3.33095E-01 7.15327E-01 1.27801E+00 9.25955E-01 9.32207E-01 9.50456E-01 9.65150E-01 1.27801E+00 7.15327E-01 3.33095E-01 1.92857E+01 
4.40098E-01 8.18083E-01 1.37206E+00 1.02800E+00 1.03450E+00 1.05369E+00 1.06886E+00 1.37206E+00 8.18083E-01 4.40098E-01 2.19021E+01 
5.56027E-01 9.29727E-01 1.47498E+00 1.13892E+00 1.14568E+00 1.16583E+00 1.18151E+00 1.47498E+00 9.29727E-01 5.56027E-01 2.46987E+01 
6.81152E-01 1.05053E+00 1.58706E+00 1.25899E+00 1.26601E+00 1.28716E+00 1.30336E+00 1.58706E+00 1.05053E+00 6.81152E-01 2.76709E+01 
8.15700E-01 1.18073E+00 1.70853E+00 1.38843E+00 1.39571E+00 1.41791E+00 1.43465E+00 1.70853E+00 1.18073E+00 8.15700E-01 3.08117E+01 
9.59844E-01 1.32049E+00 1.83957E+00 1.52742E+00 1.53498E+00 1.55825E+00 1.57556E+00 1.83957E+00 1.32049E+00 9.59844E-01 3.41119E+01 
1.11370E+00 1.46995E+00 1.98033E+00 1.67609E+00 1.68393E+00 1.70831E+00 1.72621E+00 1.98033E+00 1.46995E+00 1.11370E+00 3.75602E+01 
1.27733E+00 1.62914E+00 2.13085E+00 1.83449E+00 1.84261E+00 1.86814E+00 1.88665E+00 2.13085E+00 1.62914E+00 1.27733E+00 4.11429E+01 
1.45070E+00 1.79807E+00 2.29113E+00 2.00261E+00 2.01100E+00 2.03773E+00 2.05688E+00 2.29113E+00 1.79807E+00 1.45070E+00 4.48446E+01 
1.63372E+00 1.97664E+00 2.46110E+00 2.18034E+00 2.18903E+00 2.21698E+00 2.23679E+00 2.46109E+00 1.97664E+00 1.63372E+00 4.86482E+01 
1.00014E-02 6.50864E-02 5.93550E-01 1.88806E-01 1.92789E-01 2.02506E-01 2.13029E-01 5.93550E-01 6.50864E-02 1.00014E-02 -9.25612E-01 
1.00014E-02 6.50864E-02 6.03548E-01 2.05381E-01 2.09547E-01 2.19847E-01 2.30648E-01 6.03548E-01 6.50864E-02 1.00014E-02 -4.14468E-01 
1.00014E-02 8.76824E-03 6.16208E-01 2.24579E-01 2.28930E-01 2.39828E-01 2.50917E-01 6.16208E-01 8.76824E-03 1.00014E-02 1.60074E-01 
1.00014E-02 3.12706E-02 6.31661E-01 2.46542E-01 2.51080E-01 2.62595E-01 2.73980E-01 6.31660E-01 3.12706E-02 1.00014E-02 7.94283E-01 
1.00014E-02 5.69823E-02 6.50263E-01 2.71703E-01 2.76434E-01 2.88588E-01 3.00283E-01 6.50263E-01 5.69823E-02 1.00014E-02 1.51759E+00 
1.00014E-02 8.61099E-02 6.72231E-01 3.00270E-01 3.05198E-01 3.18016E-01 3.30032E-01 6.72231E-01 8.61099E-02 1.00014E-02 2.33704E+00 
1.00014E-02 1.18869E-01 6.97786E-01 3.32459E-01 3.37589E-01 3.51094E-01 3.63444E-01 6.97786E-01 1.18869E-01 1.00014E-02 3.25948E+00 
1.00014E-02 1.46850E-01 7.20166E-01 3.59991E-01 3.65280E-01 3.79334E-01 3.91951E-01 7.20166E-01 1.46850E-01 1.00014E-02 4.04796E+00 
1.00014E-02 1.55482E-01 7.27157E-01 3.68490E-01 3.73827E-01 3.88044E-01 4.00741E-01 7.27157E-01 1.55482E-01 1.00014E-02 4.29129E+00 
1.00014E-02 1.99536E-01 7.63371E-01 4.11908E-01 4.17473E-01 4.32484E-01 4.45571E-01 7.63370E-01 1.99536E-01 1.00014E-02 5.53309E+00 
1.00014E-02 2.48623E-01 8.04589E-01 4.60346E-01 4.66144E-01 4.81979E-01 4.95472E-01 8.04589E-01 2.48623E-01 1.00014E-02 6.91530E+00 
1.00014E-02 3.03036E-01 8.51115E-01 5.14098E-01 5.20135E-01 5.36824E-01 5.50738E-01 8.51115E-01 3.03036E-01 1.00014E-02 8.44335E+00 
1.00014E-02 3.63066E-01 9.03247E-01 5.73457E-01 5.79736E-01 5.97309E-01 6.11663E-01 9.03247E-01 3.63066E-01 1.00014E-02 1.01214E+01 
5.74725E-02 4.28090E-01 9.60442E-01 6.37801E-01 6.44327E-01 6.62808E-01 6.77616E-01 9.60442E-01 4.28090E-01 5.74725E-02 1.18490E+01 
1.32746E-01 4.99366E-01 1.02385E+00 7.08384E-01 7.15161E-01 7.34586E-01 7.49869E-01 1.02385E+00 4.99366E-01 1.32746E-01 1.37036E+01 
2.14819E-01 5.77394E-01 1.09397E+00 7.85702E-01 7.92737E-01 8.13143E-01 8.28923E-01 1.09397E+00 5.77394E-01 2.14819E-01 1.57074E+01 
3.03957E-01 6.62440E-01 1.17107E+00 8.70022E-01 8.77322E-01 8.98746E-01 9.15045E-01 1.17107E+00 6.62440E-01 3.03957E-01 1.78600E+01 
4.00396E-01 7.54747E-01 1.25541E+00 9.61587E-01 9.69156E-01 9.91638E-01 1.00848E+00 1.25541E+00 7.54747E-01 4.00396E-01 2.01592E+01 
5.04343E-01 8.54525E-01 1.34720E+00 1.06061E+00 1.06845E+00 1.09203E+00 1.10943E+00 1.34720E+00 8.54525E-01 5.04343E-01 2.26010E+01 
6.15966E-01 9.61946E-01 1.44662E+00 1.16725E+00 1.17538E+00 1.20009E+00 1.21808E+00 1.44662E+00 9.61946E-01 6.15966E-01 2.51794E+01 
7.35390E-01 1.07714E+00 1.55382E+00 1.28166E+00 1.29007E+00 1.31595E+00 1.33456E+00 1.55381E+00 1.07714E+00 7.35390E-01 2.78864E+01 
8.62694E-01 1.20019E+00 1.66887E+00 1.40390E+00 1.41260E+00 1.43970E+00 1.45894E+00 1.66887E+00 1.20019E+00 8.62694E-01 3.07123E+01 
9.97901E-01 1.33112E+00 1.79183E+00 1.53400E+00 1.54300E+00 1.57135E+00 1.59125E+00 1.79182E+00 1.33112E+00 9.97901E-01 3.36455E+01 
1.14098E+00 1.46989E+00 1.92265E+00 1.67194E+00 1.68124E+00 1.71088E+00 1.73147E+00 1.92265E+00 1.46989E+00 1.14098E+00 3.66729E+01 
1.29182E+00 1.61643E+00 2.06126E+00 1.81762E+00 1.82723E+00 1.85819E+00 1.87950E+00 2.06126E+00 1.61643E+00 1.29182E+00 3.97799E+01 
1.45028E+00 1.77056E+00 2.20750E+00 1.97088E+00 1.98080E+00 2.01312E+00 2.03517E+00 2.20750E+00 1.77056E+00 1.45028E+00 4.29505E+01 
9.21394E-03 6.28974E-02 5.35989E-01 1.86408E-01 1.91237E-01 2.02939E-01 2.14490E-01 5.35989E-01 6.28974E-02 9.21394E-03 -6.77361E-01 
9.21394E-03 6.28974E-02 5.46445E-01 2.02826E-01 2.07858E-01 2.20232E-01 2.32098E-01 5.46445E-01 6.28974E-02 9.21394E-03 -1.76516E-01 
9.21394E-03 8.57403E-03 5.59305E-01 2.21613E-01 2.26849E-01 2.39913E-01 2.52103E-01 5.59305E-01 8.57403E-03 9.21394E-03 3.81154E-01 
9.21394E-03 3.04147E-02 5.74682E-01 2.42891E-01 2.48333E-01 2.62106E-01 2.74631E-01 5.74682E-01 3.04147E-02 9.21394E-03 9.91321E-01 
9.21394E-03 5.51438E-02 5.92891E-01 2.67046E-01 2.72700E-01 2.87208E-01 3.00081E-01 5.92891E-01 5.51438E-02 9.21394E-03 1.68192E+00 
9.21394E-03 8.29343E-02 6.14114E-01 2.94251E-01 3.00122E-01 3.15391E-01 3.28627E-01 6.14114E-01 8.29343E-02 9.21394E-03 2.45852E+00 
9.21394E-03 1.13966E-01 6.38537E-01 3.24687E-01 3.30780E-01 3.46836E-01 3.60449E-01 6.38537E-01 1.13966E-01 9.21394E-03 3.32642E+00 
9.21394E-03 1.40317E-01 6.59750E-01 3.50569E-01 3.56837E-01 3.73521E-01 3.87435E-01 6.59750E-01 1.40317E-01 9.21394E-03 4.06365E+00 
9.21394E-03 1.48421E-01 6.66349E-01 3.58535E-01 3.64855E-01 3.81726E-01 3.95730E-01 6.66349E-01 1.48421E-01 9.21394E-03 4.29038E+00 
9.21394E-03 1.89621E-01 7.00353E-01 3.99069E-01 4.05638E-01 4.23417E-01 4.37861E-01 7.00353E-01 1.89621E-01 9.21394E-03 5.44222E+00 
9.21394E-03 2.35248E-01 7.38760E-01 4.44019E-01 4.50842E-01 4.69562E-01 4.84463E-01 7.38760E-01 2.35248E-01 9.21394E-03 6.71501E+00 
9.21394E-03 2.85538E-01 7.81810E-01 4.93618E-01 5.00702E-01 5.20394E-01 5.35771E-01 7.81810E-01 2.85538E-01 9.21394E-03 8.11210E+00 
9.21394E-03 3.40717E-01 8.29739E-01 5.48096E-01 5.55443E-01 5.76140E-01 5.92013E-01 8.29738E-01 3.40717E-01 9.21394E-03 9.63560E+00 
5.28432E-02 4.00296E-01 8.82130E-01 6.06965E-01 6.14579E-01 6.36307E-01 6.52692E-01 8.82129E-01 4.00296E-01 5.28432E-02 1.11901E+01 
1.21698E-01 4.65265E-01 9.39878E-01 6.71209E-01 6.79096E-01 7.01892E-01 7.18813E-01 9.39877E-01 4.65265E-01 1.21698E-01 1.28473E+01 
1.96366E-01 5.36000E-01 1.00335E+00 7.41202E-01 7.49367E-01 7.73273E-01 7.90753E-01 1.00335E+00 5.36000E-01 1.96366E-01 1.46262E+01 
2.77030E-01 6.12688E-01 1.07274E+00 8.17130E-01 8.25581E-01 8.50635E-01 8.68700E-01 1.07274E+00 6.12688E-01 2.77030E-01 1.65247E+01 
3.63844E-01 6.95489E-01 1.14821E+00 8.99154E-01 9.07895E-01 9.34141E-01 9.52815E-01 1.14821E+00 6.95489E-01 3.63844E-01 1.85393E+01 
4.56936E-01 7.84532E-01 1.22992E+00 9.87403E-01 9.96441E-01 1.02392E+00 1.04323E+00 1.22992E+00 7.84532E-01 4.56936E-01 2.06649E+01 
5.56392E-01 8.79909E-01 1.31794E+00 1.08197E+00 1.09131E+00 1.12006E+00 1.14003E+00 1.31794E+00 8.79909E-01 5.56392E-01 2.28945E+01 
6.62262E-01 9.81672E-01 1.41236E+00 1.18290E+00 1.19255E+00 1.22261E+00 1.24327E+00 1.41235E+00 9.81672E-01 6.62262E-01 2.52198E+01 
7.74547E-01 1.08983E+00 1.51317E+00 1.29021E+00 1.30017E+00 1.33159E+00 1.35296E+00 1.51317E+00 1.08983E+00 7.74547E-01 2.76310E+01 
8.93204E-01 1.20433E+00 1.62034E+00 1.40386E+00 1.41413E+00 1.44694E+00 1.46906E+00 1.62034E+00 1.20433E+00 8.93204E-01 3.01167E+01 
1.01814E+00 1.32510E+00 1.73380E+00 1.52375E+00 1.53434E+00 1.56858E+00 1.59147E+00 1.73379E+00 1.32510E+00 1.01814E+00 3.26646E+01 
1.14919E+00 1.45198E+00 1.85339E+00 1.64973E+00 1.66064E+00 1.69636E+00 1.72005E+00 1.85338E+00 1.45198E+00 1.14919E+00 3.52611E+01 
1.28617E+00 1.58477E+00 1.97892E+00 1.78160E+00 1.79284E+00 1.83007E+00 1.85459E+00 1.97891E+00 1.58477E+00 1.28617E+00 3.78921E+01 
8.46515E-03 6.05561E-02 4.83635E-01 1.84024E-01 1.89824E-01 2.03901E-01 2.16580E-01 4.83635E-01 6.05561E-02 8.46515E-03 -4.44878E-01 
8.46515E-03 6.05561E-02 4.94394E-01 2.00190E-01 2.06212E-01 2.21063E-01 2.34098E-01 4.94394E-01 6.05561E-02 8.46515E-03 4.42871E-02 
8.46515E-03 8.34657E-03 5.07314E-01 2.18485E-01 2.24731E-01 2.40374E-01 2.53776E-01 5.07314E-01 8.34657E-03 8.46515E-03 5.83849E-01 
8.46515E-03 2.94608E-02 5.22490E-01 2.39012E-01 2.45485E-01 2.61942E-01 2.75722E-01 5.22490E-01 2.94608E-02 8.46515E-03 1.16900E+00 
8.46515E-03 5.31620E-02 5.40201E-01 2.62114E-01 2.68819E-01 2.86118E-01 3.00292E-01 5.40201E-01 5.31620E-02 8.46515E-03 1.82619E+00 
8.46515E-03 7.95933E-02 5.60598E-01 2.87936E-01 2.94878E-01 3.13046E-01 3.27631E-01 5.60598E-01 7.95933E-02 8.46515E-03 2.55970E+00 
8.46515E-03 1.08902E-01 5.83834E-01 3.16623E-01 3.23807E-01 3.42875E-01 3.57887E-01 5.83833E-01 1.08902E-01 8.46515E-03 3.37344E+00 
8.46515E-03 1.33649E-01 6.03858E-01 3.40881E-01 3.48255E-01 3.68039E-01 3.83393E-01 6.03858E-01 1.33649E-01 8.46515E-03 4.06029E+00 
8.46515E-03 1.41237E-01 6.10062E-01 3.48325E-01 3.55755E-01 3.75752E-01 3.91207E-01 6.10062E-01 1.41237E-01 8.46515E-03 4.27079E+00 
8.46515E-03 1.79661E-01 6.41872E-01 3.86055E-01 3.93756E-01 4.14787E-01 4.30740E-01 6.41872E-01 1.79661E-01 8.46515E-03 5.33522E+00 
8.46515E-03 2.21959E-01 6.77532E-01 4.27645E-01 4.35623E-01 4.57723E-01 4.74193E-01 6.77531E-01 2.21959E-01 8.46515E-03 6.50273E+00 
8.46515E-03 2.68312E-01 7.17228E-01 4.73278E-01 4.81537E-01 5.04741E-01 5.21750E-01 7.17228E-01 2.68312E-01 8.46515E-03 7.77496E+00 
8.46515E-03 3.18893E-01 7.61141E-01 5.23126E-01 5.31670E-01 5.56013E-01 5.73582E-01 7.61141E-01 3.18893E-01 8.46515E-03 9.15242E+00 
4.84532E-02 3.73321E-01 8.08958E-01 5.76813E-01 5.85644E-01 6.11152E-01 6.29300E-01 8.08957E-01 3.73321E-01 4.84532E-02 1.05450E+01 
1.11263E-01 4.32361E-01 8.61355E-01 6.35094E-01 6.44219E-01 6.70932E-01 6.89685E-01 8.61354E-01 4.32361E-01 1.11263E-01 1.20189E+01 
1.79003E-01 4.96285E-01 9.18596E-01 6.98242E-01 7.07666E-01 7.35628E-01 7.55013E-01 9.18595E-01 4.96285E-01 1.79003E-01 1.35904E+01 
2.51787E-01 5.65214E-01 9.80809E-01 7.66377E-01 7.76105E-01 8.05360E-01 8.25404E-01 9.80808E-01 5.65214E-01 2.51787E-01 1.52563E+01 
3.29706E-01 6.39241E-01 1.04810E+00 8.39592E-01 8.49630E-01 8.80221E-01 9.00952E-01 1.04810E+00 6.39241E-01 3.29706E-01 1.70121E+01 
4.12821E-01 7.18432E-01 1.12053E+00 9.17952E-01 9.28305E-01 9.60275E-01 9.81722E-01 1.12053E+00 7.18432E-01 4.12821E-01 1.88520E+01 
5.01155E-01 8.02813E-01 1.19815E+00 1.00148E+00 1.01216E+00 1.04555E+00 1.06774E+00 1.19815E+00 8.02813E-01 5.01155E-01 2.07686E+01 
5.94698E-01 8.92378E-01 1.28095E+00 1.09018E+00 1.10118E+00 1.13604E+00 1.15900E+00 1.28094E+00 8.92378E-01 5.94698E-01 2.27536E+01 
6.93397E-01 9.87078E-01 1.36888E+00 1.18400E+00 1.19532E+00 1.23169E+00 1.25546E+00 1.36888E+00 9.87078E-01 6.93397E-01 2.47973E+01 
7.97159E-01 1.08682E+00 1.46188E+00 1.28284E+00 1.29450E+00 1.33241E+00 1.35701E+00 1.46188E+00 1.08682E+00 7.97159E-01 2.68891E+01 
9.05843E-01 1.19147E+00 1.55980E+00 1.38657E+00 1.39856E+00 1.43807E+00 1.46353E+00 1.55979E+00 1.19147E+00 9.05843E-01 2.90176E+01 
1.01927E+00 1.30085E+00 1.66246E+00 1.49501E+00 1.50734E+00 1.54847E+00 1.57484E+00 1.66246E+00 1.30085E+00 1.01927E+00 3.11707E+01 
1.13720E+00 1.41473E+00 1.76966E+00 1.60792E+00 1.62060E+00 1.66340E+00 1.69070E+00 1.76966E+00 1.41473E+00 1.13720E+00 3.33358E+01 
7.75481E-03 5.80871E-02 4.35979E-01 1.81646E-01 1.88554E-01 2.05468E-01 2.19388E-01 4.35979E-01 5.80871E-02 7.75481E-03 -2.26662E-01 
7.75481E-03 5.80871E-02 4.46900E-01 1.97473E-01 2.04624E-01 2.22425E-01 2.36749E-01 4.46900E-01 5.80871E-02 7.75481E-03 2.49449E-01 
7.75481E-03 8.08992E-03 4.59753E-01 2.15203E-01 2.22598E-01 2.41307E-01 2.56048E-01 4.59753E-01 8.08992E-03 7.75481E-03 7.69699E-01 
7.75481E-03 2.84220E-02 4.74619E-01 2.34924E-01 2.42566E-01 2.62204E-01 2.77375E-01 4.74619E-01 2.84220E-02 7.75481E-03 1.32891E+00 
7.75481E-03 5.10590E-02 4.91743E-01 2.56938E-01 2.64832E-01 2.85431E-01 3.01049E-01 4.91742E-01 5.10590E-02 7.75481E-03 1.95210E+00 
7.75481E-03 7.61173E-02 5.11245E-01 2.81361E-01 2.89512E-01 3.11102E-01 3.27187E-01 5.11245E-01 7.61173E-02 7.75481E-03 2.64236E+00 
7.75481E-03 1.03716E-01 5.33251E-01 3.08312E-01 3.16725E-01 3.39339E-01 3.55908E-01 5.33251E-01 1.03716E-01 7.75481E-03 3.40244E+00 
7.75481E-03 1.26888E-01 5.52075E-01 3.30975E-01 3.39594E-01 3.63022E-01 3.79979E-01 5.52075E-01 1.26888E-01 7.75481E-03 4.03987E+00 
7.75481E-03 1.33972E-01 5.57884E-01 3.37909E-01 3.46588E-01 3.70258E-01 3.87330E-01 5.57884E-01 1.33972E-01 7.75481E-03 4.23452E+00 
7.75481E-03 1.69707E-01 5.87527E-01 3.72919E-01 3.81891E-01 4.06734E-01 4.24371E-01 5.87527E-01 1.69707E-01 7.75481E-03 5.21421E+00 
7.75481E-03 2.08807E-01 6.20512E-01 4.11282E-01 4.20550E-01 4.46604E-01 4.64829E-01 6.20512E-01 2.08807E-01 7.75481E-03 6.28066E+00 
7.75481E-03 2.51410E-01 6.56983E-01 4.53133E-01 4.62703E-01 4.90005E-01 5.08840E-01 6.56982E-01 2.51410E-01 7.75481E-03 7.43415E+00 
7.75481E-03 2.97641E-01 6.97069E-01 4.98599E-01 5.08475E-01 5.37062E-01 5.56531E-01 6.97069E-01 2.97641E-01 7.75481E-03 8.67390E+00 
4.42997E-02 3.47206E-01 7.40543E-01 5.47390E-01 5.57573E-01 5.87471E-01 6.07597E-01 7.40542E-01 3.47206E-01 4.42997E-02 9.91539E+00 
1.01429E-01 4.00683E-01 7.87897E-01 6.00075E-01 6.10571E-01 6.41823E-01 6.62633E-01 7.87897E-01 4.00683E-01 1.01429E-01 1.12196E+01 
1.62699E-01 4.58259E-01 8.39314E-01 6.56840E-01 6.67654E-01 7.00307E-01 7.21830E-01 8.39313E-01 4.58259E-01 1.62699E-01 1.26004E+01 
2.28173E-01 5.20001E-01 8.94866E-01 7.17752E-01 7.28889E-01 7.62988E-01 7.85256E-01 8.94865E-01 5.20001E-01 2.28173E-01 1.40540E+01 
2.97889E-01 5.85950E-01 9.54602E-01 7.82851E-01 7.94316E-01 8.29907E-01 8.52951E-01 9.54600E-01 5.85950E-01 2.97889E-01 1.55752E+01 
3.71854E-01 6.56119E-01 1.01854E+00 8.52150E-01 8.63948E-01 9.01077E-01 9.24927E-01 1.01854E+00 6.56119E-01 3.71854E-01 1.71578E+01 
4.50045E-01 7.30487E-01 1.08667E+00 9.25629E-01 9.37764E-01 9.76475E-01 1.00116E+00 1.08667E+00 7.30487E-01 4.50045E-01 1.87946E+01 
5.32406E-01 8.09003E-01 1.15895E+00 1.00324E+00 1.01571E+00 1.05605E+00 1.08161E+00 1.15895E+00 8.09003E-01 5.32406E-01 2.04772E+01 
6.18846E-01 8.91577E-01 1.23529E+00 1.08488E+00 1.09770E+00 1.13971E+00 1.16617E+00 1.23528E+00 8.91577E-01 6.18846E-01 2.21968E+01 
7.09236E-01 9.78086E-01 1.31557E+00 1.17044E+00 1.18361E+00 1.22733E+00 1.25473E+00 1.31557E+00 9.78086E-01 7.09236E-01 2.39434E+01 
8.03410E-01 1.06836E+00 1.39964E+00 1.25975E+00 1.27327E+00 1.31874E+00 1.34711E+00 1.39964E+00 1.06836E+00 8.03410E-01 2.57069E+01 
9.01163E-01 1.16221E+00 1.48730E+00 1.35262E+00 1.36648E+00 1.41375E+00 1.44312E+00 1.48730E+00 1.16221E+00 9.01163E-01 2.74766E+01 
1.00226E+00 1.25940E+00 1.57832E+00 1.44879E+00 1.46300E+00 1.51210E+00 1.54252E+00 1.57831E+00 1.25940E+00 1.00226E+00 2.92415E+01 
7.08248E-03 5.55131E-02 3.92552E-01 1.79270E-01 1.87435E-01 2.07729E-01 2.23019E-01 3.92552E-01 5.55131E-02 7.08248E-03 -2.14105E-02 
7.08248E-03 5.55131E-02 4.03507E-01 1.94680E-01 2.03108E-01 2.24416E-01 2.40168E-01 4.03508E-01 5.55131E-02 7.08248E-03 4.40273E-01 
7.08248E-03 7.80784E-03 4.16182E-01 2.11783E-01 2.20475E-01 2.42818E-01 2.59044E-01 4.16182E-01 7.80784E-03 7.08248E-03 9.40036E-01 
7.08248E-03 2.73108E-02 4.30643E-01 2.30650E-01 2.39609E-01 2.63010E-01 2.79727E-01 4.30643E-01 2.73108E-02 7.08248E-03 1.47244E+00 
7.08248E-03 4.88553E-02 4.47101E-01 2.51546E-01 2.60777E-01 2.85270E-01 3.02497E-01 4.47101E-01 4.88553E-02 7.08248E-03 2.06107E+00 
7.08248E-03 7.25342E-02 4.65653E-01 2.74564E-01 2.84071E-01 3.09690E-01 3.27448E-01 4.65653E-01 7.25342E-02 7.08248E-03 2.70805E+00 
7.08248E-03 9.84413E-02 4.86400E-01 2.99797E-01 3.09585E-01 3.36365E-01 3.54674E-01 4.86400E-01 9.84413E-02 7.08248E-03 3.41508E+00 
7.08248E-03 1.20074E-01 5.04019E-01 3.20899E-01 3.30908E-01 3.58608E-01 3.77360E-01 5.04019E-01 1.20074E-01 7.08248E-03 4.00413E+00 
7.08248E-03 1.26667E-01 5.09436E-01 3.27336E-01 3.37410E-01 3.65383E-01 3.84266E-01 5.09436E-01 1.26667E-01 7.08248E-03 4.18335E+00 
7.08248E-03 1.59801E-01 5.36947E-01 3.59714E-01 3.70101E-01 3.99400E-01 4.18926E-01 5.36947E-01 1.59801E-01 7.08248E-03 5.08106E+00 
7.08248E-03 1.95837E-01 5.67339E-01 3.94981E-01 4.05685E-01 4.36349E-01 4.56543E-01 5.67339E-01 1.95837E-01 7.08248E-03 6.05072E+00 
7.08248E-03 2.34874E-01 6.00714E-01 4.33234E-01 4.44259E-01 4.76327E-01 4.97215E-01 6.00714E-01 2.34874E-01 7.08248E-03 7.09154E+00 
7.08248E-03 2.76997E-01 6.37165E-01 4.74558E-01 4.85908E-01 5.19420E-01 5.41029E-01 6.37164E-01 2.76997E-01 7.08248E-03 8.20178E+00 
4.03787E-02 3.21982E-01 6.76525E-01 5.18734E-01 5.30410E-01 5.65391E-01 5.87743E-01 6.76524E-01 3.21982E-01 4.03787E-02 9.30266E+00 
9.21794E-02 3.70251E-01 7.19142E-01 5.66176E-01 5.78182E-01 6.14677E-01 6.37805E-01 7.19141E-01 3.70251E-01 9.21794E-02 1.04502E+01 
1.47424E-01 4.21925E-01 7.65127E-01 6.17002E-01 6.29342E-01 6.67400E-01 6.91336E-01 7.65126E-01 4.21925E-01 1.47424E-01 1.16563E+01 
2.06131E-01 4.77025E-01 8.14511E-01 6.71233E-01 6.83913E-01 7.23582E-01 7.48361E-01 8.14510E-01 4.77025E-01 2.06131E-01 1.29167E+01 
2.68297E-01 5.35553E-01 8.67300E-01 7.28870E-01 7.41894E-01 7.83221E-01 8.08876E-01 8.67299E-01 5.35553E-01 2.68297E-01 1.42259E+01 
3.33890E-01 5.97480E-01 9.23475E-01 7.89887E-01 8.03258E-01 8.46290E-01 8.72856E-01 9.23473E-01 5.97480E-01 3.33890E-01 1.55778E+01 
4.02853E-01 6.62752E-01 9.82986E-01 8.54227E-01 8.67949E-01 9.12731E-01 9.40243E-01 9.82984E-01 6.62752E-01 4.02853E-01 1.69652E+01 
4.75097E-01 7.31285E-01 1.04575E+00 9.21806E-01 9.35881E-01 9.82459E-01 1.01095E+00 1.04575E+00 7.31285E-01 4.75097E-01 1.83805E+01 
5.50503E-01 8.02962E-01 1.11167E+00 9.92509E-01 1.00694E+00 1.05536E+00 1.08487E+00 1.11167E+00 8.02962E-01 5.50503E-01 1.98153E+01 
6.28923E-01 8.77638E-01 1.18060E+00 1.06619E+00 1.08098E+00 1.13127E+00 1.16184E+00 1.18060E+00 8.77638E-01 6.28923E-01 2.12610E+01 
7.10175E-01 9.55136E-01 1.25236E+00 1.14267E+00 1.15782E+00 1.21003E+00 1.24169E+00 1.25236E+00 9.55136E-01 7.10175E-01 2.27083E+01 
7.94048E-01 1.03525E+00 1.32676E+00 1.22174E+00 1.23725E+00 1.29143E+00 1.32420E+00 1.32675E+00 1.03525E+00 7.94048E-01 2.41483E+01 
8.80301E-01 1.11773E+00 1.40355E+00 1.30317E+00 1.31903E+00 1.37521E+00 1.40915E+00 1.40355E+00 1.11773E+00 8.80301E-01 2.55715E+01 
6.44666E-03 5.28511E-02 3.52864E-01 1.76892E-01 1.86478E-01 2.10793E-01 2.27609E-01 3.52864E-01 5.28511E-02 6.44666E-03 1.72251E-01 
6.44666E-03 5.28511E-02 3.63741E-01 1.91816E-01 2.01684E-01 2.27154E-01 2.44498E-01 3.63741E-01 5.28511E-02 6.44666E-03 6.18109E-01 
6.44666E-03 7.50339E-03 3.76138E-01 2.08233E-01 2.18386E-01 2.45031E-01 2.62919E-01 3.76138E-01 7.50339E-03 6.44666E-03 1.09620E+00 
6.44666E-03 2.61367E-02 3.90110E-01 2.26206E-01 2.36644E-01 2.64489E-01 2.82938E-01 3.90110E-01 2.61367E-02 6.44666E-03 1.60092E+00 
6.44666E-03 4.65662E-02 4.05836E-01 2.45961E-01 2.56689E-01 2.85771E-01 3.04804E-01 4.05836E-01 4.65662E-02 6.44666E-03 2.15450E+00 
6.44666E-03 6.88640E-02 4.23394E-01 2.67570E-01 2.78594E-01 3.08948E-01 3.28588E-01 4.23394E-01 6.88640E-02 6.44666E-03 2.75816E+00 
6.44666E-03 9.31016E-02 4.42860E-01 2.91105E-01 3.02428E-01 3.34092E-01 3.54362E-01 4.42860E-01 9.31016E-02 6.44666E-03 3.41278E+00 
6.44666E-03 1.13230E-01 4.59276E-01 3.10681E-01 3.22238E-01 3.54939E-01 3.75714E-01 4.59276E-01 1.13230E-01 6.44666E-03 3.95450E+00 
6.44666E-03 1.19346E-01 4.64305E-01 3.16634E-01 3.28261E-01 3.61269E-01 3.82194E-01 4.64305E-01 1.19346E-01 6.44666E-03 4.11871E+00 
6.44666E-03 1.49967E-01 4.89726E-01 3.46468E-01 3.58425E-01 3.92924E-01 4.14582E-01 4.89725E-01 1.49967E-01 6.44666E-03 4.93718E+00 
6.44666E-03 1.83068E-01 5.17606E-01 3.78766E-01 3.91059E-01 4.27090E-01 4.49510E-01 5.17606E-01 1.83068E-01 6.44666E-03 5.81424E+00 
6.44666E-03 2.18716E-01 5.48017E-01 4.13595E-01 4.26226E-01 4.63830E-01 4.87041E-01 5.48016E-01 2.18716E-01 6.44666E-03 6.74827E+00 
6.44666E-03 2.56962E-01 5.81016E-01 4.51006E-01 4.63979E-01 5.03196E-01 5.27228E-01 5.81015E-01 2.56962E-01 6.44666E-03 7.73687E+00 
3.66803E-02 2.97635E-01 6.16486E-01 4.90834E-01 5.04148E-01 5.45003E-01 5.69880E-01 6.16486E-01 2.97635E-01 3.66803E-02 8.70707E+00 
8.34879E-02 3.41035E-01 6.54657E-01 5.33367E-01 5.47026E-01 5.89566E-01 6.15323E-01 6.54656E-01 3.41035E-01 8.34879E-02 9.71013E+00 
1.33123E-01 3.87224E-01 6.95584E-01 5.78668E-01 5.92676E-01 6.36950E-01 6.63624E-01 6.95583E-01 3.87224E-01 1.33123E-01 1.07565E+01 
1.85570E-01 4.36192E-01 7.39265E-01 6.26726E-01 6.41086E-01 6.87145E-01 7.14772E-01 7.39263E-01 4.36192E-01 1.85570E-01 1.18414E+01 
2.40794E-01 4.87908E-01 7.85673E-01 6.77508E-01 6.92225E-01 7.40116E-01 7.68734E-01 7.85671E-01 4.87908E-01 2.40794E-01 1.29596E+01 
2.98736E-01 5.42316E-01 8.34760E-01 7.30960E-01 7.46035E-01 7.95805E-01 8.25453E-01 8.34758E-01 5.42316E-01 2.98736E-01 1.41050E+01 
3.59312E-01 5.99335E-01 8.86450E-01 7.87000E-01 8.02436E-01 8.54131E-01 8.84846E-01 8.86448E-01 5.99335E-01 3.59312E-01 1.52711E+01 
4.22412E-01 6.58860E-01 9.40645E-01 8.45523E-01 8.61321E-01 9.14986E-01 9.46806E-01 9.40643E-01 6.58860E-01 4.22412E-01 1.64506E+01 
4.87902E-01 7.20759E-01 9.97219E-01 9.06398E-01 9.22559E-01 9.78236E-01 1.01120E+00 9.97216E-01 7.20759E-01 4.87902E-01 1.76362E+01 
5.55623E-01 7.84876E-01 1.05602E+00 9.69467E-01 9.85991E-01 1.04372E+00 1.07787E+00 1.05602E+00 7.84876E-01 5.55623E-01 1.88203E+01 
6.25387E-01 8.51029E-01 1.11687E+00 1.03455E+00 1.05144E+00 1.11126E+00 1.14662E+00 1.11687E+00 8.51029E-01 6.25387E-01 1.99950E+01 
6.96987E-01 9.19010E-01 1.17957E+00 1.10144E+00 1.11868E+00 1.18064E+00 1.21726E+00 1.17956E+00 9.19010E-01 6.96987E-01 2.11526E+01 
7.70190E-01 9.88593E-01 1.24389E+00 1.16990E+00 1.18751E+00 1.25163E+00 1.28954E+00 1.24389E+00 9.88593E-01 7.70190E-01 2.22855E+01 
5.84800E-03 5.01253E-02 3.16605E-01 1.74521E-01 1.85699E-01 2.14776E-01 2.33300E-01 3.16605E-01 5.01253E-02 5.84800E-03 3.54794E-01 
5.84800E-03 5.01253E-02 3.27302E-01 1.88896E-01 2.00375E-01 2.30760E-01 2.49891E-01 3.27302E-01 5.01253E-02 5.84800E-03 7.83454E-01 
5.84800E-03 7.18042E-03 3.39335E-01 2.04581E-01 2.16363E-01 2.48076E-01 2.67832E-01 3.39335E-01 7.18042E-03 5.84800E-03 1.23876E+00 
5.84800E-03 2.49126E-02 3.52747E-01 2.21626E-01 2.33710E-01 2.66777E-01 2.87178E-01 3.52748E-01 2.49126E-02 5.84800E-03 1.71505E+00 
5.84800E-03 4.42137E-02 3.67689E-01 2.40224E-01 2.52616E-01 2.87075E-01 3.08146E-01 3.67690E-01 4.42137E-02 5.84800E-03 2.23318E+00 
5.84800E-03 6.51372E-02 3.84220E-01 2.60431E-01 2.73134E-01 3.09024E-01 3.30791E-01 3.84220E-01 6.51372E-02 5.84800E-03 2.79370E+00 
5.84800E-03 8.77356E-02 4.02395E-01 2.82297E-01 2.95316E-01 3.32675E-01 3.55165E-01 4.02395E-01 8.77356E-02 5.84800E-03 3.39675E+00 
5.84800E-03 1.06401E-01 4.17621E-01 3.00385E-01 3.13651E-01 3.52173E-01 3.75240E-01 4.17621E-01 1.06401E-01 5.84800E-03 3.89238E+00 
5.84800E-03 1.12056E-01 4.22268E-01 3.05871E-01 3.19208E-01 3.58075E-01 3.81314E-01 4.22268E-01 1.12056E-01 5.84800E-03 4.04204E+00 
5.84800E-03 1.40259E-01 4.45651E-01 3.33251E-01 3.46936E-01 3.87469E-01 4.11547E-01 4.45651E-01 1.40259E-01 5.84800E-03 4.78426E+00 
5.84800E-03 1.70561E-01 4.71114E-01 3.62714E-01 3.76749E-01 4.18992E-01 4.43940E-01 4.71113E-01 1.70561E-01 5.84800E-03 5.57312E+00 
5.84800E-03 2.03000E-01 4.98699E-01 3.94296E-01 4.08684E-01 4.52678E-01 4.78529E-01 4.98698E-01 2.03000E-01 5.84800E-03 6.40644E+00 
5.84800E-03 2.37601E-01 5.28437E-01 4.28023E-01 4.42767E-01 4.88554E-01 5.15340E-01 5.28437E-01 2.37601E-01 5.84800E-03 7.28135E+00 
3.32068E-02 2.74235E-01 5.60249E-01 4.63771E-01 4.78867E-01 5.26469E-01 5.54218E-01 5.60248E-01 2.74235E-01 3.32068E-02 8.13073E+00 
7.53555E-02 3.13099E-01 5.94268E-01 5.01727E-01 5.17179E-01 5.66644E-01 5.95392E-01 5.94267E-01 3.13099E-01 7.53555E-02 9.00136E+00 
1.19791E-01 3.54215E-01 6.30509E-01 5.41911E-01 5.57722E-01 6.09100E-01 6.38888E-01 6.30508E-01 3.54215E-01 1.19791E-01 9.90231E+00 
1.66474E-01 3.97548E-01 6.68942E-01 5.84286E-01 6.00459E-01 6.53801E-01 6.84669E-01 6.68941E-01 3.97548E-01 1.66474E-01 1.08289E+01 
2.15345E-01 4.43041E-01 7.09519E-01 6.28799E-01 6.45334E-01 7.00688E-01 7.32677E-01 7.09517E-01 4.43041E-01 2.15345E-01 1.17760E+01 
2.66325E-01 4.90621E-01 7.52170E-01 6.75372E-01 6.92273E-01 7.49684E-01 7.82836E-01 7.52168E-01 4.90621E-01 2.66325E-01 1.27379E+01 
3.19314E-01 5.40189E-01 7.96804E-01 7.23909E-01 7.41176E-01 8.00690E-01 8.35045E-01 7.96802E-01 5.40189E-01 3.19314E-01 1.37086E+01 
3.74192E-01 5.91628E-01 8.43309E-01 7.74293E-01 7.91925E-01 8.53585E-01 8.89184E-01 8.43306E-01 5.91628E-01 3.74192E-01 1.46818E+01 
4.30814E-01 6.44800E-01 8.91550E-01 8.26384E-01 8.44381E-01 9.08226E-01 9.45110E-01 8.91547E-01 6.44800E-01 4.30814E-01 1.56509E+01 
4.89020E-01 6.99544E-01 9.41375E-01 8.80023E-01 8.98383E-01 9.64453E-01 1.00266E+00 9.41371E-01 6.99544E-01 4.89020E-01 1.66095E+01 
5.48627E-01 7.55683E-01 9.92608E-01 9.35030E-01 9.53752E-01 1.02208E+00 1.06166E+00 9.92604E-01 7.55683E-01 5.48627E-01 1.75510E+01 
6.09436E-01 8.13019E-01 1.04506E+00 9.91209E-01 1.01029E+00 1.08091E+00 1.12189E+00 1.04505E+00 8.13019E-01 6.09436E-01 1.84689E+01 
6.71230E-01 8.71339E-01 1.09851E+00 1.04835E+00 1.06778E+00 1.14073E+00 1.18315E+00 1.09851E+00 8.71339E-01 6.71230E-01 1.93573E+01 
5.28584E-03 4.73545E-02 2.83416E-01 1.72165E-01 1.85116E-01 2.19805E-01 2.40259E-01 2.83416E-01 4.73545E-02 5.28584E-03 5.26818E-01 
5.28584E-03 4.73545E-02 2.93846E-01 1.85936E-01 1.99205E-01 2.35367E-01 2.56523E-01 2.93847E-01 4.73545E-02 5.28584E-03 9.36919E-01 
5.28584E-03 6.84216E-03 3.05441E-01 2.00848E-01 2.14434E-01 2.52090E-01 2.73966E-01 3.05441E-01 6.84216E-03 5.28584E-03 1.36837E+00 
5.28584E-03 2.36489E-02 3.18235E-01 2.16938E-01 2.30842E-01 2.70016E-01 2.92635E-01 3.18235E-01 2.36489E-02 5.28584E-03 1.81552E+00 
5.28584E-03 4.18145E-02 3.32351E-01 2.34371E-01 2.48596E-01 2.89330E-01 3.12720E-01 3.32352E-01 4.18145E-02 5.28584E-03 2.29795E+00 
5.28584E-03 6.13767E-02 3.47833E-01 2.53184E-01 2.67734E-01 3.10068E-01 3.34257E-01 3.47833E-01 6.13767E-02 5.28584E-03 2.81560E+00 
5.28584E-03 8.23712E-02 3.64719E-01 2.73413E-01 2.88292E-01 3.32264E-01 3.57284E-01 3.64719E-01 8.23712E-02 5.28584E-03 3.36806E+00 
5.28584E-03 9.96183E-02 3.78772E-01 2.90057E-01 3.05191E-01 3.50459E-01 3.76141E-01 3.78772E-01 9.96183E-02 5.28584E-03 3.81892E+00 
5.28584E-03 1.04829E-01 3.83045E-01 2.95089E-01 3.10299E-01 3.55949E-01 3.81828E-01 3.83045E-01 1.04829E-01 5.28584E-03 3.95453E+00 
5.28584E-03 1.30712E-01 4.04452E-01 3.20112E-01 3.35680E-01 3.83183E-01 4.10023E-01 4.04452E-01 1.30712E-01 5.28584E-03 4.62358E+00 
5.28584E-03 1.58350E-01 4.27597E-01 3.46870E-01 3.62800E-01 4.12198E-01 4.40034E-01 4.27596E-01 1.58350E-01 5.28584E-03 5.32871E+00 
5.28584E-03 1.87758E-01 4.52499E-01 3.75379E-01 3.91672E-01 4.43009E-01 4.71876E-01 4.52498E-01 1.87758E-01 5.28584E-03 6.06735E+00 
5.28584E-03 2.18941E-01 4.79167E-01 4.05644E-01 4.22301E-01 4.75617E-01 5.05552E-01 4.79167E-01 2.18941E-01 5.28584E-03 6.83640E+00 
2.99535E-02 2.51799E-01 5.07550E-01 4.37571E-01 4.54588E-01 5.09902E-01 5.40931E-01 5.07549E-01 2.51799E-01 2.99535E-02 7.57448E+00 
6.77667E-02 2.86452E-01 5.37707E-01 4.71269E-01 4.88648E-01 5.46006E-01 5.78172E-01 5.37706E-01 2.86452E-01 6.77667E-02 8.32418E+00 
1.07396E-01 3.22890E-01 5.69621E-01 5.06725E-01 5.24466E-01 5.83921E-01 6.17267E-01 5.69620E-01 3.22890E-01 1.07396E-01 9.09343E+00 
1.48785E-01 3.61057E-01 6.03245E-01 5.43884E-01 5.61990E-01 6.23590E-01 6.58159E-01 6.03243E-01 3.61057E-01 1.48785E-01 9.87776E+00 
1.91858E-01 4.00884E-01 6.38512E-01 5.82675E-01 6.01147E-01 6.64939E-01 7.00776E-01 6.38511E-01 4.00884E-01 1.91858E-01 1.06723E+01 
2.36524E-01 4.42283E-01 6.75342E-01 6.23012E-01 6.41849E-01 7.07877E-01 7.45025E-01 6.75340E-01 4.42283E-01 2.36524E-01 1.14720E+01 
2.82673E-01 4.85148E-01 7.13634E-01 6.64787E-01 6.83988E-01 7.52295E-01 7.90798E-01 7.13631E-01 4.85148E-01 2.82673E-01 1.22713E+01 
3.30180E-01 5.29355E-01 7.53270E-01 7.07878E-01 7.27442E-01 7.98066E-01 8.37968E-01 7.53267E-01 5.29355E-01 3.30180E-01 1.30649E+01 
3.78901E-01 5.74765E-01 7.94115E-01 7.52145E-01 7.72068E-01 8.45048E-01 8.86390E-01 7.94111E-01 5.74765E-01 3.78901E-01 1.38471E+01 
4.28679E-01 6.21225E-01 8.36019E-01 7.97433E-01 8.17713E-01 8.93081E-01 9.35906E-01 8.36016E-01 6.21225E-01 4.28679E-01 1.46126E+01 
4.79340E-01 6.68562E-01 8.78818E-01 8.43572E-01 8.64204E-01 9.41993E-01 9.86341E-01 8.78813E-01 6.68562E-01 4.79340E-01 1.53559E+01 
5.30699E-01 7.16595E-01 9.22332E-01 8.90379E-01 9.11359E-01 9.91595E-01 1.03751E+00 9.22327E-01 7.16595E-01 5.30699E-01 1.60720E+01 
5.82559E-01 7.65130E-01 9.66372E-01 9.37660E-01 9.58982E-01 1.04169E+00 1.08921E+00 9.66366E-01 7.65130E-01 5.82559E-01 1.67562E+01 
4.75973E-03 4.45576E-02 2.52989E-01 1.69837E-01 1.84744E-01 2.26012E-01 2.48671E-01 2.52990E-01 4.45576E-02 4.75973E-03 6.88596E-01 
4.75973E-03 4.45576E-02 2.63077E-01 1.82957E-01 1.98195E-01 2.41112E-01 2.64583E-01 2.63078E-01 4.45576E-02 4.75973E-03 1.07881E+00 
4.75973E-03 6.49182E-03 2.74172E-01 1.97060E-01 2.12627E-01 2.57212E-01 2.81517E-01 2.74173E-01 6.49182E-03 4.75973E-03 1.48540E+00 
4.75973E-03 2.23561E-02 2.86301E-01 2.12175E-01 2.28071E-01 2.74348E-01 2.99509E-01 2.86302E-01 2.23561E-02 4.75973E-03 1.90282E+00 
4.75973E-03 3.93859E-02 2.99562E-01 2.28437E-01 2.44665E-01 2.92677E-01 3.18728E-01 2.99563E-01 3.93859E-02 4.75973E-03 2.34940E+00 
4.75973E-03 5.76055E-02 3.13984E-01 2.45872E-01 2.62434E-01 3.12222E-01 3.39194E-01 3.13984E-01 5.76055E-02 4.75973E-03 2.82460E+00 
4.75973E-03 7.70366E-02 3.29592E-01 2.64501E-01 2.81399E-01 3.33003E-01 3.60930E-01 3.29593E-01 7.70366E-02 4.75973E-03 3.32761E+00 
4.75973E-03 9.29134E-02 3.42497E-01 2.79744E-01 2.96904E-01 3.49941E-01 3.78628E-01 3.42497E-01 9.29134E-02 4.75973E-03 3.73515E+00 
4.75973E-03 9.76955E-02 3.46407E-01 2.84339E-01 3.01575E-01 3.55036E-01 3.83949E-01 3.46408E-01 9.76955E-02 4.75973E-03 3.85723E+00 
4.75973E-03 1.21359E-01 3.65908E-01 3.07098E-01 3.24700E-01 3.80204E-01 4.10219E-01 3.65908E-01 1.21359E-01 4.75973E-03 4.45635E+00 
4.75973E-03 1.46470E-01 3.86839E-01 3.31282E-01 3.49251E-01 4.06842E-01 4.37997E-01 3.86840E-01 1.46470E-01 4.75973E-03 5.08230E+00 
4.75973E-03 1.73025E-01 4.09205E-01 3.56890E-01 3.75226E-01 4.34946E-01 4.67280E-01 4.09205E-01 1.73025E-01 4.75973E-03 5.73232E+00 
4.75973E-03 2.01012E-01 4.32996E-01 3.83909E-01 4.02612E-01 4.64499E-01 4.98051E-01 4.32996E-01 2.01012E-01 4.75973E-03 6.40322E+00 
2.69165E-02 2.30353E-01 4.58179E-01 4.12267E-01 4.31331E-01 4.95401E-01 5.30198E-01 4.58179E-01 2.30353E-01 2.69165E-02 7.03923E+00 
6.07089E-02 2.61110E-01 4.84761E-01 4.42015E-01 4.61440E-01 5.27737E-01 5.63825E-01 4.84760E-01 2.61110E-01 6.07089E-02 7.67903E+00 
9.59117E-02 2.93248E-01 5.12699E-01 4.73114E-01 4.92900E-01 5.61475E-01 5.98900E-01 5.12698E-01 2.93248E-01 9.59117E-02 8.32962E+00 
1.32455E-01 3.26701E-01 5.41934E-01 5.05499E-01 5.25646E-01 5.96544E-01 6.35354E-01 5.41933E-01 3.26701E-01 1.32455E-01 8.98681E+00 
1.70256E-01 3.61388E-01 5.72392E-01 5.39089E-01 5.59596E-01 6.32862E-01 6.73102E-01 5.72390E-01 3.61388E-01 1.70256E-01 9.64621E+00 
2.09216E-01 3.97215E-01 6.03983E-01 5.73790E-01 5.94654E-01 6.70329E-01 7.12046E-01 6.03981E-01 3.97215E-01 2.09216E-01 1.03033E+01 
2.49223E-01 4.34074E-01 6.36603E-01 6.09492E-01 6.30712E-01 7.08833E-01 7.52073E-01 6.36601E-01 4.34074E-01 2.49223E-01 1.09533E+01 
2.90150E-01 4.71842E-01 6.70136E-01 6.46074E-01 6.67644E-01 7.48247E-01 7.93055E-01 6.70133E-01 4.71842E-01 2.90150E-01 1.15917E+01 
3.31861E-01 5.10383E-01 7.04451E-01 6.83400E-01 7.05317E-01 7.88433E-01 8.34851E-01 7.04448E-01 5.10383E-01 3.31861E-01 1.22137E+01 
3.74207E-01 5.49553E-01 7.39408E-01 7.21325E-01 7.43583E-01 8.29239E-01 8.77312E-01 7.39403E-01 5.49553E-01 3.74207E-01 1.28151E+01 
4.17026E-01 5.89195E-01 7.74852E-01 7.59691E-01 7.82283E-01 8.70504E-01 9.20272E-01 7.74847E-01 5.89195E-01 4.17026E-01 1.33916E+01 
4.60151E-01 6.29142E-01 8.10624E-01 7.98333E-01 8.21254E-01 9.12058E-01 9.63563E-01 8.10618E-01 6.29142E-01 4.60151E-01 1.39392E+01 
5.03408E-01 6.69224E-01 8.46555E-01 8.37080E-01 8.60320E-01 9.53726E-01 1.00700E+00 8.46548E-01 6.69224E-01 5.03408E-01 1.44543E+01 
4.26845E-03 4.17487E-02 2.25007E-01 1.67546E-01 1.84594E-01 2.33536E-01 2.58746E-01 2.25008E-01 4.17487E-02 4.26845E-03 8.40354E-01 
4.26845E-03 4.17487E-02 2.34690E-01 1.79973E-01 1.97359E-01 2.48133E-01 2.74286E-01 2.34691E-01 4.17487E-02 4.26845E-03 1.20938E+00 
4.26845E-03 6.13196E-03 2.45235E-01 1.93236E-01 2.10959E-01 2.63583E-01 2.90701E-01 2.45237E-01 6.13196E-03 4.26845E-03 1.59015E+00 
4.26845E-03 2.10420E-02 2.56662E-01 2.07358E-01 2.25415E-01 2.79912E-01 3.08021E-01 2.56664E-01 2.10420E-02 4.26845E-03 1.97732E+00 
4.26845E-03 3.69407E-02 2.69048E-01 2.22450E-01 2.40843E-01 2.97256E-01 3.26390E-01 2.69050E-01 3.69407E-02 4.26845E-03 2.38799E+00 
4.26845E-03 5.38405E-02 2.82409E-01 2.38523E-01 2.57254E-01 3.15623E-01 3.45820E-01 2.82411E-01 5.38405E-02 4.26845E-03 2.82128E+00 
4.26845E-03 7.17514E-02 2.96759E-01 2.55587E-01 2.74657E-01 3.35024E-01 3.66318E-01 2.96760E-01 7.17514E-02 4.26845E-03 3.27606E+00 
4.26845E-03 8.63070E-02 3.08546E-01 2.69473E-01 2.88806E-01 3.50745E-01 3.82914E-01 3.08548E-01 8.63070E-02 4.26845E-03 3.64180E+00 
4.26845E-03 9.06779E-02 3.12106E-01 2.73647E-01 2.93056E-01 3.55459E-01 3.87888E-01 3.12107E-01 9.06779E-02 4.26845E-03 3.75090E+00 
4.26845E-03 1.12223E-01 3.29775E-01 2.94235E-01 3.14010E-01 3.78650E-01 4.12342E-01 3.29776E-01 1.12223E-01 4.26845E-03 4.28338E+00 
4.26845E-03 1.34940E-01 3.48603E-01 3.15971E-01 3.36113E-01 4.03031E-01 4.38027E-01 3.48604E-01 1.34940E-01 4.26845E-03 4.83470E+00 
4.26845E-03 1.58813E-01 3.68580E-01 3.38841E-01 3.59346E-01 4.28582E-01 4.64925E-01 3.68580E-01 1.58813E-01 4.26845E-03 5.40203E+00 
4.26845E-03 1.83817E-01 3.89682E-01 3.62818E-01 3.83685E-01 4.55275E-01 4.93006E-01 3.89683E-01 1.83817E-01 4.26845E-03 5.98226E+00 
2.40877E-02 2.09892E-01 4.11893E-01 3.87849E-01 4.09070E-01 4.83023E-01 5.22170E-01 4.11893E-01 2.09892E-01 2.40877E-02 6.52504E+00 
5.41595E-02 2.37053E-01 4.35176E-01 4.13938E-01 4.35512E-01 5.11869E-01 5.52479E-01 4.35176E-01 2.37053E-01 5.41595E-02 7.06538E+00 
8.52942E-02 2.65251E-01 4.59476E-01 4.41030E-01 4.62955E-01 5.41763E-01 5.83886E-01 4.59475E-01 2.65251E-01 8.52942E-02 7.60950E+00 
1.17415E-01 2.94411E-01 4.84724E-01 4.69054E-01 4.91327E-01 5.72629E-01 6.16314E-01 4.84723E-01 2.94411E-01 1.17415E-01 8.15363E+00 
1.50435E-01 3.24450E-01 5.10841E-01 4.97924E-01 5.20542E-01 6.04377E-01 6.49673E-01 5.10840E-01 3.24450E-01 1.50435E-01 8.69389E+00 
1.84253E-01 3.55271E-01 5.37737E-01 5.27544E-01 5.50503E-01 6.36906E-01 6.83861E-01 5.37735E-01 3.55271E-01 1.84253E-01 9.22633E+00 
2.18759E-01 3.86767E-01 5.65309E-01 5.57807E-01 5.81102E-01 6.70104E-01 7.18765E-01 5.65307E-01 3.86767E-01 2.18759E-01 9.74702E+00 
2.53833E-01 4.18821E-01 5.93446E-01 5.88595E-01 6.12220E-01 7.03850E-01 7.54263E-01 5.93442E-01 4.18821E-01 2.53833E-01 1.02521E+01 
2.89346E-01 4.51307E-01 6.22024E-01 6.19783E-01 6.43731E-01 7.38012E-01 7.90220E-01 6.22020E-01 4.51307E-01 2.89346E-01 1.07379E+01 
3.25160E-01 4.84090E-01 6.50916E-01 6.51236E-01 6.75499E-01 7.72451E-01 8.26496E-01 6.50911E-01 4.84090E-01 3.25160E-01 1.12010E+01 
3.61132E-01 5.17031E-01 6.79983E-01 6.82814E-01 7.07384E-01 8.07021E-01 8.62944E-01 6.79978E-01 5.17031E-01 3.61132E-01 1.16380E+01 
3.97112E-01 5.49983E-01 7.09085E-01 7.14371E-01 7.39238E-01 8.41571E-01 8.99411E-01 7.09079E-01 5.49983E-01 3.97112E-01 1.20461E+01 
4.32950E-01 5.82797E-01 7.38077E-01 7.45758E-01 7.70912E-01 8.75946E-01 9.35739E-01 7.38069E-01 5.82797E-01 4.32950E-01 1.24228E+01 
3.81149E-03 3.89450E-02 1.99231E-01 1.65304E-01 1.84667E-01 2.42492E-01 2.70692E-01 1.99234E-01 3.89450E-02 3.81149E-03 9.81811E-01 
3.81149E-03 3.89450E-02 2.08458E-01 1.76998E-01 1.96702E-01 2.56547E-01 2.85841E-01 2.08460E-01 3.89450E-02 3.81149E-03 1.32842E+00 
3.81149E-03 5.76551E-03 2.18415E-01 1.89396E-01 2.09436E-01 2.71318E-01 3.01730E-01 2.18418E-01 5.76551E-03 3.81149E-03 1.68255E+00 
3.81149E-03 1.97163E-02 2.29116E-01 2.02513E-01 2.22887E-01 2.86822E-01 3.18380E-01 2.29119E-01 1.97163E-02 3.81149E-03 2.03908E+00 
3.81149E-03 3.44943E-02 2.40618E-01 2.16436E-01 2.37143E-01 3.03176E-01 3.35918E-01 2.40621E-01 3.44943E-02 3.81149E-03 2.41396E+00 
3.81149E-03 5.01025E-02 2.52928E-01 2.31166E-01 2.52208E-01 3.20379E-01 3.54344E-01 2.52930E-01 5.01025E-02 3.81149E-03 2.80605E+00 
3.81149E-03 6.65411E-02 2.66048E-01 2.46705E-01 2.68081E-01 3.38428E-01 3.73656E-01 2.66051E-01 6.65411E-02 3.81149E-03 3.21402E+00 
3.81149E-03 7.98276E-02 2.76756E-01 2.59280E-01 2.80914E-01 3.52971E-01 3.89202E-01 2.76759E-01 7.98276E-02 3.81149E-03 3.53961E+00 
3.81149E-03 8.38053E-02 2.79979E-01 2.63047E-01 2.84757E-01 3.57318E-01 3.93846E-01 2.79981E-01 8.38053E-02 3.81149E-03 3.63631E+00 
3.81149E-03 1.03334E-01 2.95900E-01 2.81557E-01 3.03625E-01 3.78611E-01 4.16586E-01 2.95902E-01 1.03334E-01 3.81149E-03 4.10559E+00 
3.81149E-03 1.23793E-01 3.12741E-01 3.00971E-01 3.23393E-01 4.00844E-01 4.40310E-01 3.12743E-01 1.23793E-01 3.81149E-03 4.58690E+00 
3.81149E-03 1.45155E-01 3.30480E-01 3.21262E-01 3.44036E-01 4.23987E-01 4.64987E-01 3.30482E-01 1.45155E-01 3.81149E-03 5.07750E+00 
3.81149E-03 1.67386E-01 3.49086E-01 3.42396E-01 3.65518E-01 4.48000E-01 4.90578E-01 3.49088E-01 1.67386E-01 3.81149E-03 5.57443E+00 
2.14632E-02 1.90438E-01 3.68551E-01 3.64332E-01 3.87793E-01 4.72806E-01 5.16989E-01 3.68552E-01 1.90438E-01 2.14632E-02 6.03254E+00 
4.81059E-02 2.14296E-01 3.88811E-01 3.87042E-01 4.10837E-01 4.98419E-01 5.44256E-01 3.88812E-01 2.14296E-01 4.81059E-02 6.48344E+00 
7.55174E-02 2.38898E-01 4.09800E-01 4.10462E-01 4.34588E-01 5.24779E-01 5.72322E-01 4.09800E-01 2.38898E-01 7.55174E-02 6.93268E+00 
1.03619E-01 2.64169E-01 4.31447E-01 4.34516E-01 4.58967E-01 5.51805E-01 6.01105E-01 4.31447E-01 2.64169E-01 1.03619E-01 7.37696E+00 
1.32321E-01 2.90024E-01 4.53673E-01 4.59118E-01 4.83890E-01 5.79406E-01 6.30513E-01 4.53673E-01 2.90024E-01 1.32321E-01 7.81295E+00 
1.61527E-01 3.16370E-01 4.76390E-01 4.84175E-01 5.09261E-01 6.07483E-01 6.60445E-01 4.76388E-01 3.16370E-01 1.61527E-01 8.23734E+00 
1.91132E-01 3.43103E-01 4.99499E-01 5.09586E-01 5.34978E-01 6.35929E-01 6.90794E-01 4.99497E-01 3.43103E-01 1.91132E-01 8.64692E+00 
2.21024E-01 3.70116E-01 5.22897E-01 5.35241E-01 5.60930E-01 6.64629E-01 7.21441E-01 5.22894E-01 3.70116E-01 2.21024E-01 9.03862E+00 
2.51085E-01 3.97294E-01 5.46473E-01 5.61025E-01 5.87003E-01 6.93463E-01 7.52264E-01 5.46469E-01 3.97294E-01 2.51085E-01 9.40956E+00 
2.81191E-01 4.24516E-01 5.70111E-01 5.86820E-01 6.13076E-01 7.22305E-01 7.83136E-01 5.70107E-01 4.24516E-01 2.81191E-01 9.75712E+00 
3.11218E-01 4.51660E-01 5.93693E-01 6.12501E-01 6.39024E-01 7.51026E-01 8.13924E-01 5.93687E-01 4.51660E-01 3.11218E-01 1.00790E+01 
3.41036E-01 4.78599E-01 6.17096E-01 6.37943E-01 6.64722E-01 7.79495E-01 8.44496E-01 6.17089E-01 4.78599E-01 3.41036E-01 1.03731E+01 
3.70516E-01 5.05209E-01 6.40198E-01 6.63022E-01 6.90044E-01 8.07580E-01 8.74715E-01 6.40190E-01 5.05209E-01 3.70516E-01 1.06378E+01 
3.38804E-03 3.61617E-02 1.75444E-01 1.63109E-01 1.84943E-01 2.52972E-01 2.84717E-01 1.75449E-01 3.61617E-02 3.38804E-03 1.11248E+00 
3.38804E-03 3.61617E-02 1.84176E-01 1.74039E-01 1.96207E-01 2.66442E-01 2.99455E-01 1.84181E-01 3.61617E-02 3.38804E-03 1.43556E+00 
3.38804E-03 5.39513E-03 1.93519E-01 1.85549E-01 2.08046E-01 2.80500E-01 3.14807E-01 1.93524E-01 5.39513E-03 3.38804E-03 1.76234E+00 
3.38804E-03 1.83874E-02 2.03481E-01 1.97650E-01 2.20472E-01 2.95158E-01 3.30787E-01 2.03486E-01 1.83874E-02 3.38804E-03 2.08801E+00 
3.38804E-03 3.20606E-02 2.14101E-01 2.10408E-01 2.33554E-01 3.10513E-01 3.47506E-01 2.14106E-01 3.20606E-02 3.38804E-03 2.42738E+00 
3.38804E-03 4.64100E-02 2.25378E-01 2.23818E-01 2.47286E-01 3.26558E-01 3.64957E-01 2.25383E-01 4.64100E-02 3.38804E-03 2.77916E+00 
3.38804E-03 6.14282E-02 2.37308E-01 2.37871E-01 2.61660E-01 3.43280E-01 3.83127E-01 2.37313E-01 6.14282E-02 3.38804E-03 3.14194E+00 
3.38804E-03 7.34999E-02 2.46981E-01 2.49180E-01 2.73215E-01 3.56675E-01 3.97670E-01 2.46986E-01 7.34999E-02 3.38804E-03 3.42914E+00 
3.38804E-03 7.71029E-02 2.49881E-01 2.52557E-01 2.76664E-01 3.60666E-01 4.02001E-01 2.49886E-01 7.71029E-02 3.38804E-03 3.51406E+00 
3.38804E-03 9.47206E-02 2.64146E-01 2.69081E-01 2.93526E-01 3.80132E-01 4.23118E-01 2.64150E-01 9.47206E-02 3.38804E-03 3.92371E+00 
3.38804E-03 1.13056E-01 2.79121E-01 2.86293E-01 3.11073E-01 4.00314E-01 4.44998E-01 2.79126E-01 1.13056E-01 3.38804E-03 4.33972E+00 
3.38804E-03 1.32075E-01 2.94778E-01 3.04160E-01 3.29269E-01 4.21175E-01 4.67602E-01 2.94782E-01 1.32075E-01 3.38804E-03 4.75951E+00 
3.38804E-03 1.51737E-01 3.11080E-01 3.22641E-01 3.48074E-01 4.42671E-01 4.90885E-01 3.11084E-01 1.51737E-01 3.38804E-03 5.18036E+00 
1.90375E-02 1.72004E-01 3.28026E-01 3.41707E-01 3.67452E-01 4.64730E-01 5.14755E-01 3.28029E-01 1.72004E-01 1.90375E-02 5.56205E+00 
4.25320E-02 1.92840E-01 3.45532E-01 3.61306E-01 3.87356E-01 4.87345E-01 5.39232E-01 3.45535E-01 1.92840E-01 4.25320E-02 5.93300E+00 
6.65498E-02 2.14177E-01 3.63530E-01 3.81369E-01 4.07718E-01 5.10450E-01 5.64252E-01 3.63532E-01 2.14177E-01 6.65498E-02 6.29827E+00 
9.10121E-02 2.35942E-01 3.81948E-01 4.01821E-01 4.28461E-01 5.33965E-01 5.89733E-01 3.81950E-01 2.35942E-01 9.10121E-02 6.65502E+00 
1.15833E-01 2.58050E-01 4.00710E-01 4.22578E-01 4.49503E-01 5.57802E-01 6.15584E-01 4.00711E-01 2.58050E-01 1.15833E-01 7.00049E+00 
1.40922E-01 2.80415E-01 4.19732E-01 4.43554E-01 4.70753E-01 5.81865E-01 6.41710E-01 4.19732E-01 2.80415E-01 1.40922E-01 7.33199E+00 
1.66181E-01 3.02942E-01 4.38925E-01 4.64654E-01 4.92118E-01 6.06054E-01 6.68007E-01 4.38924E-01 3.02942E-01 1.66181E-01 7.64697E+00 
1.91508E-01 3.25533E-01 4.58194E-01 4.85780E-01 5.13497E-01 6.30264E-01 6.94367E-01 4.58192E-01 3.25533E-01 1.91508E-01 7.94308E+00 
2.16798E-01 3.48085E-01 4.77441E-01 5.06831E-01 5.34789E-01 6.54388E-01 7.20680E-01 4.77438E-01 3.48085E-01 2.16798E-01 8.21819E+00 
2.41945E-01 3.70495E-01 4.96567E-01 5.27702E-01 5.55889E-01 6.78315E-01 7.46832E-01 4.96563E-01 3.70495E-01 2.41945E-01 8.47044E+00 
2.66840E-01 3.92657E-01 5.15470E-01 5.48288E-01 5.76691E-01 7.01932E-01 7.72707E-01 5.15465E-01 3.92657E-01 2.66840E-01 8.69823E+00 
2.91375E-01 4.14466E-01 5.34048E-01 5.68485E-01 5.97089E-01 7.25129E-01 7.98191E-01 5.34041E-01 4.14466E-01 2.91375E-01 8.90029E+00 
3.15443E-01 4.35819E-01 5.52200E-01 5.88190E-01 6.16980E-01 7.47795E-01 8.23171E-01 5.52192E-01 4.35819E-01 3.15443E-01 9.07563E+00 
2.99731E-03 3.34137E-02 1.53469E-01 1.60948E-01 1.85379E-01 2.65019E-01 3.01004E-01 1.53478E-01 3.34137E-02 2.99731E-03 1.23161E+00 
2.99731E-03 3.34137E-02 1.61680E-01 1.71081E-01 1.95830E-01 2.77856E-01 3.15309E-01 1.61689E-01 3.34137E-02 2.99731E-03 1.53019E+00 
2.99731E-03 5.02339E-03 1.70394E-01 1.81684E-01 2.06746E-01 2.91162E-01 3.30108E-01 1.70403E-01 5.02339E-03 2.99731E-03 1.82910E+00 
2.99731E-03 1.70636E-02 1.79614E-01 1.92762E-01 2.18130E-01 3.04946E-01 3.45412E-01 1.79623E-01 1.70636E-02 2.99731E-03 2.12386E+00 
2.99731E-03 2.96531E-02 1.89365E-01 2.04363E-01 2.30034E-01 3.19288E-01 3.61319E-01 1.89374E-01 2.96531E-02 2.99731E-03 2.42821E+00 
2.99731E-03 4.27811E-02 1.99638E-01 2.16475E-01 2.42446E-01 3.34172E-01 3.77813E-01 1.99647E-01 4.27811E-02 2.99731E-03 2.74080E+00 
2.99731E-03 5.64345E-02 2.10425E-01 2.29085E-01 2.55352E-01 3.49582E-01 3.94877E-01 2.10434E-01 5.64345E-02 2.99731E-03 3.06016E+00 
2.99731E-03 6.73482E-02 2.19114E-01 2.39172E-01 2.65666E-01 3.61853E-01 4.08456E-01 2.19123E-01 6.73482E-02 2.99731E-03 3.31090E+00 
2.99731E-03 7.05954E-02 2.21710E-01 2.42175E-01 2.68734E-01 3.65496E-01 4.12487E-01 2.21719E-01 7.05954E-02 2.99731E-03 3.38469E+00 
2.99731E-03 8.64084E-02 2.34416E-01 2.56802E-01 2.83671E-01 3.83192E-01 4.32059E-01 2.34425E-01 8.64084E-02 2.99731E-03 3.73841E+00 
2.99731E-03 1.02755E-01 2.47653E-01 2.71931E-01 2.99102E-01 4.01407E-01 4.52197E-01 2.47661E-01 1.02755E-01 2.99731E-03 4.09387E+00 
2.99731E-03 1.19596E-01 2.61387E-01 2.87524E-01 3.14989E-01 4.20100E-01 4.72858E-01 2.61395E-01 1.19596E-01 2.99731E-03 4.44872E+00 
2.99731E-03 1.36890E-01 2.75578E-01 3.03536E-01 3.31288E-01 4.39221E-01 4.93993E-01 2.75585E-01 1.36890E-01 2.99731E-03 4.80055E+00 
1.68051E-02 1.54605E-01 2.90229E-01 3.19948E-01 3.47972E-01 4.58706E-01 5.15510E-01 2.90235E-01 1.54605E-01 1.68051E-02 5.11374E+00 
3.74218E-02 1.72689E-01 3.05247E-01 3.36691E-01 3.64979E-01 4.78534E-01 5.37419E-01 3.05254E-01 1.72689E-01 3.74218E-02 5.41379E+00 
5.83599E-02 1.91077E-01 3.20563E-01 3.53697E-01 3.82240E-01 4.98637E-01 5.59656E-01 3.20568E-01 1.91077E-01 5.83599E-02 5.70532E+00 
7.95439E-02 2.09696E-01 3.36108E-01 3.70891E-01 3.99680E-01 5.18937E-01 5.82141E-01 3.36113E-01 2.09696E-01 7.95439E-02 5.98598E+00 
1.00893E-01 2.28468E-01 3.51811E-01 3.88199E-01 4.17222E-01 5.39351E-01 6.04785E-01 3.51815E-01 2.28468E-01 1.00893E-01 6.25356E+00 
1.22325E-01 2.47314E-01 3.67595E-01 4.05539E-01 4.34785E-01 5.59789E-01 6.27499E-01 3.67598E-01 2.47314E-01 1.22325E-01 6.50594E+00 
1.43749E-01 2.66149E-01 3.83380E-01 4.22828E-01 4.52283E-01 5.80162E-01 6.50188E-01 3.83382E-01 2.66149E-01 1.43749E-01 6.74120E+00 
1.65078E-01 2.84885E-01 3.99084E-01 4.39978E-01 4.69630E-01 6.00374E-01 6.72754E-01 3.99084E-01 2.84885E-01 1.65078E-01 6.95763E+00 
1.86220E-01 3.03436E-01 4.14622E-01 4.56903E-01 4.86737E-01 6.20332E-01 6.95099E-01 4.14620E-01 3.03436E-01 1.86220E-01 7.15375E+00 
2.07083E-01 3.21712E-01 4.29909E-01 4.73515E-01 5.03515E-01 6.39941E-01 7.17124E-01 4.29906E-01 3.21712E-01 2.07083E-01 7.32831E+00 
2.27577E-01 3.39625E-01 4.44861E-01 4.89726E-01 5.19878E-01 6.59105E-01 7.38730E-01 4.44857E-01 3.39625E-01 2.27577E-01 7.48038E+00 
2.47613E-01 3.57090E-01 4.59397E-01 5.05452E-01 5.35738E-01 6.77732E-01 7.59821E-01 4.59390E-01 3.57090E-01 2.47613E-01 7.60925E+00 
2.67106E-01 3.74024E-01 4.73434E-01 5.20610E-01 5.51013E-01 6.95734E-01 7.80302E-01 4.73425E-01 3.74024E-01 2.67106E-01 7.71454E+00 
2.63847E-03 3.07159E-02 1.33174E-01 1.58779E-01 1.85889E-01 2.78607E-01 3.19697E-01 1.33190E-01 3.07159E-02 2.63847E-03 1.33820E+00 
2.63847E-03 3.07159E-02 1.40849E-01 1.68088E-01 1.95491E-01 2.90756E-01 3.33535E-01 1.40865E-01 3.07159E-02 2.63847E-03 1.61151E+00 
2.63847E-03 4.65287E-03 1.48929E-01 1.77768E-01 2.05454E-01 3.03265E-01 3.47757E-01 1.48945E-01 4.65287E-03 2.63847E-03 1.88224E+00 
2.63847E-03 1.57531E-02 1.57416E-01 1.87819E-01 2.15781E-01 3.16139E-01 3.62371E-01 1.57432E-01 1.57531E-02 2.63847E-03 2.14629E+00 
2.63847E-03 2.72854E-02 1.66320E-01 1.98272E-01 2.26506E-01 3.29443E-01 3.77461E-01 1.66336E-01 2.72854E-02 2.63847E-03 2.41635E+00 
2.63847E-03 3.92342E-02 1.75629E-01 2.09112E-01 2.37612E-01 3.43158E-01 3.93008E-01 1.75645E-01 3.92342E-02 2.63847E-03 2.69107E+00 
2.63847E-03 5.15822E-02 1.85329E-01 2.20320E-01 2.49081E-01 3.57261E-01 4.08988E-01 1.85345E-01 5.15822E-02 2.63847E-03 2.96903E+00 
2.63847E-03 6.13970E-02 1.93091E-01 2.29232E-01 2.58190E-01 3.68423E-01 4.21632E-01 1.93107E-01 6.13970E-02 2.63847E-03 3.18535E+00 
2.63847E-03 6.43081E-02 1.95402E-01 2.31876E-01 2.60891E-01 3.71726E-01 4.25373E-01 1.95417E-01 6.43081E-02 2.63847E-03 3.24869E+00 
2.63847E-03 7.84248E-02 2.06655E-01 2.44698E-01 2.73979E-01 3.87697E-01 4.43460E-01 2.06670E-01 7.84248E-02 2.63847E-03 3.55032E+00 
2.63847E-03 9.29172E-02 2.18286E-01 2.57860E-01 2.87398E-01 4.04015E-01 4.61941E-01 2.18301E-01 9.29172E-02 2.63847E-03 3.85004E+00 
2.63847E-03 1.07746E-01 2.30259E-01 2.71324E-01 3.01109E-01 4.20635E-01 4.80769E-01 2.30272E-01 1.07746E-01 2.63847E-03 4.14578E+00 
2.63847E-03 1.22866E-01 2.42532E-01 2.85045E-01 3.15066E-01 4.37507E-01 4.99890E-01 2.42545E-01 1.22866E-01 2.63847E-03 4.43548E+00 
1.47602E-02 1.38253E-01 2.55111E-01 2.99010E-01 3.29251E-01 4.54571E-01 5.19216E-01 2.55124E-01 1.38253E-01 1.47602E-02 4.68775E+00 
3.27595E-02 1.53849E-01 2.67902E-01 3.13142E-01 3.43593E-01 4.71798E-01 5.38752E-01 2.67913E-01 1.53849E-01 3.27595E-02 4.92546E+00 
5.09172E-02 1.69587E-01 2.80835E-01 3.27373E-01 3.58022E-01 4.89123E-01 5.58435E-01 2.80845E-01 1.69587E-01 5.09172E-02 5.15282E+00 
6.91631E-02 1.85403E-01 2.93848E-01 3.41637E-01 3.72471E-01 5.06471E-01 5.78187E-01 2.93857E-01 1.85403E-01 6.91631E-02 5.36799E+00 
8.74241E-02 2.01224E-01 3.06875E-01 3.55863E-01 3.86869E-01 5.23764E-01 5.97927E-01 3.06883E-01 2.01224E-01 8.74241E-02 5.56922E+00 
1.05625E-01 2.16980E-01 3.19849E-01 3.69981E-01 4.01144E-01 5.40923E-01 6.17572E-01 3.19855E-01 2.16980E-01 1.05625E-01 5.75496E+00 
1.23688E-01 2.32596E-01 3.32700E-01 3.83918E-01 4.15223E-01 5.57867E-01 6.37035E-01 3.32704E-01 2.32596E-01 1.23688E-01 5.92384E+00 
1.41537E-01 2.47999E-01 3.45357E-01 3.97598E-01 4.29030E-01 5.74514E-01 6.56231E-01 3.45359E-01 2.47999E-01 1.41537E-01 6.07468E+00 
1.59093E-01 2.63113E-01 3.57749E-01 4.10950E-01 4.42491E-01 5.90782E-01 6.75073E-01 3.57749E-01 2.63113E-01 1.59093E-01 6.20656E+00 
1.76282E-01 2.77866E-01 3.69808E-01 4.23902E-01 4.55535E-01 6.06592E-01 6.93477E-01 3.69806E-01 2.77866E-01 1.76282E-01 6.31877E+00 
1.93029E-01 2.92187E-01 3.81464E-01 4.36382E-01 4.68089E-01 6.21866E-01 7.11359E-01 3.81460E-01 2.92187E-01 1.93029E-01 6.41087E+00 
2.09263E-01 3.06007E-01 3.92654E-01 4.48325E-01 4.80087E-01 6.36530E-01 7.28640E-01 3.92647E-01 3.06007E-01 2.09263E-01 6.48263E+00 
2.24919E-01 3.19262E-01 4.03315E-01 4.59667E-01 4.91465E-01 6.50512E-01 7.45244E-01 4.03305E-01 3.19262E-01 2.24919E-01 6.53408E+00 
2.31060E-03 2.80830E-02 1.14467E-01 1.56531E-01 1.86346E-01 2.93623E-01 3.40869E-01 1.14493E-01 2.80830E-02 2.31060E-03 1.43111E+00 
2.31060E-03 2.80830E-02 1.21601E-01 1.64994E-01 1.95062E-01 3.05021E-01 3.54197E-01 1.21628E-01 2.80830E-02 2.31060E-03 1.67862E+00 
2.31060E-03 4.28606E-03 1.29055E-01 1.73737E-01 2.04049E-01 3.16681E-01 3.67808E-01 1.29082E-01 4.28606E-03 2.31060E-03 1.92112E+00 
2.31060E-03 1.44641E-02 1.36827E-01 1.82760E-01 2.13305E-01 3.28602E-01 3.81704E-01 1.36854E-01 1.44641E-02 2.31060E-03 2.15489E+00 
2.31060E-03 2.49704E-02 1.44917E-01 1.92078E-01 2.22850E-01 3.40837E-01 3.95962E-01 1.44943E-01 2.49704E-02 2.31060E-03 2.39165E+00 
2.31060E-03 3.57867E-02 1.53309E-01 2.01673E-01 2.32665E-01 3.53363E-01 4.10557E-01 1.53335E-01 3.57867E-02 2.31060E-03 2.63008E+00 
2.31060E-03 4.68927E-02 1.61986E-01 2.11524E-01 2.42729E-01 3.66155E-01 4.25461E-01 1.62012E-01 4.68927E-02 2.31060E-03 2.86885E+00 
2.31060E-03 5.56702E-02 1.68884E-01 2.19309E-01 2.50672E-01 3.76217E-01 4.37186E-01 1.68909E-01 5.56702E-02 2.31060E-03 3.05295E+00 
2.31060E-03 5.82651E-02 1.70929E-01 2.21610E-01 2.53019E-01 3.79184E-01 4.40644E-01 1.70954E-01 5.82651E-02 2.31060E-03 3.10656E+00 
2.31060E-03 7.07957E-02 1.80842E-01 2.32716E-01 2.64334E-01 3.93463E-01 4.57289E-01 1.80866E-01 7.07957E-02 2.31060E-03 3.36006E+00 
2.31060E-03 8.35693E-02 1.91003E-01 2.44028E-01 2.75844E-01 4.07938E-01 4.74176E-01 1.91027E-01 8.35693E-02 2.31060E-03 3.60887E+00 
2.31060E-03 9.65467E-02 2.01378E-01 2.55506E-01 2.87507E-01 4.22566E-01 4.91254E-01 2.01400E-01 9.65467E-02 2.31060E-03 3.85126E+00 
2.31060E-03 1.09684E-01 2.11925E-01 2.67107E-01 2.99281E-01 4.37295E-01 5.08472E-01 2.11947E-01 1.09684E-01 2.31060E-03 4.08548E+00 
1.28969E-02 1.22962E-01 2.22654E-01 2.78826E-01 3.11155E-01 4.52072E-01 5.25741E-01 2.22674E-01 1.22962E-01 1.28969E-02 4.28410E+00 
2.85278E-02 1.36319E-01 2.33469E-01 2.90581E-01 3.23051E-01 4.66864E-01 5.43066E-01 2.33488E-01 1.36319E-01 2.85278E-02 4.46751E+00 
4.41891E-02 1.49695E-01 2.44307E-01 3.02308E-01 3.34905E-01 4.81607E-01 5.60387E-01 2.44323E-01 1.49695E-01 4.41891E-02 4.63961E+00 
5.98169E-02 1.63028E-01 2.55110E-01 3.13946E-01 3.46656E-01 4.96233E-01 5.77630E-01 2.55125E-01 1.63028E-01 5.98169E-02 4.79899E+00 
7.53464E-02 1.76258E-01 2.65822E-01 3.25436E-01 3.58241E-01 5.10672E-01 5.94721E-01 2.65835E-01 1.76258E-01 7.53464E-02 4.94438E+00 
9.07115E-02 1.89321E-01 2.76384E-01 3.36714E-01 3.69599E-01 5.24854E-01 6.11584E-01 2.76395E-01 1.89321E-01 9.07115E-02 5.07468E+00 
1.05846E-01 2.02155E-01 2.86737E-01 3.47721E-01 3.80667E-01 5.38708E-01 6.28144E-01 2.86745E-01 2.02155E-01 1.05846E-01 5.18901E+00 
1.20686E-01 2.14696E-01 2.96821E-01 3.58393E-01 3.91383E-01 5.52165E-01 6.44325E-01 2.96826E-01 2.14696E-01 1.20686E-01 5.28666E+00 
1.35166E-01 2.26885E-01 3.06579E-01 3.68673E-01 4.01687E-01 5.65157E-01 6.60053E-01 3.06582E-01 2.26885E-01 1.35166E-01 5.36714E+00 
1.49226E-01 2.38664E-01 3.15957E-01 3.78502E-01 4.11522E-01 5.77618E-01 6.75257E-01 3.15956E-01 2.38664E-01 1.49226E-01 5.43018E+00 
1.62807E-01 2.49975E-01 3.24900E-01 3.87827E-01 4.20833E-01 5.89485E-01 6.89869E-01 3.24896E-01 2.49975E-01 1.62807E-01 5.47571E+00 
1.75855E-01 2.60767E-01 3.33360E-01 3.96597E-01 4.29568E-01 6.00702E-01 7.03825E-01 3.33353E-01 2.60767E-01 1.75855E-01 5.50388E+00 
1.88319E-01 2.70993E-01 3.41291E-01 4.04766E-01 4.37682E-01 6.11214E-01 7.17063E-01 3.41280E-01 2.70993E-01 1.88319E-01 5.51500E+00 
2.01277E-03 2.55298E-02 9.72994E-02 1.54098E-01 1.86572E-01 3.09851E-01 3.64500E-01 9.73434E-02 2.55298E-02 2.01277E-03 1.50912E+00 
2.01277E-03 2.55298E-02 1.03900E-01 1.61695E-01 1.94370E-01 3.20430E-01 3.77263E-01 1.03943E-01 2.55298E-02 2.01277E-03 1.73059E+00 
2.01277E-03 3.92552E-03 1.10744E-01 1.69495E-01 2.02360E-01 3.31180E-01 3.90213E-01 1.10787E-01 3.92552E-03 2.01277E-03 1.94511E+00 
2.01277E-03 1.32046E-02 1.17828E-01 1.77493E-01 2.10537E-01 3.42098E-01 4.03352E-01 1.17871E-01 1.32046E-02 2.01277E-03 2.14935E+00 
2.01277E-03 2.27219E-02 1.25144E-01 1.85693E-01 2.18907E-01 3.53226E-01 4.16746E-01 1.25187E-01 2.27219E-02 2.01277E-03 2.35405E+00 
2.01277E-03 3.24570E-02 1.32675E-01 1.94076E-01 2.27451E-01 3.64538E-01 4.30369E-01 1.32717E-01 3.24570E-02 2.01277E-03 2.55803E+00 
2.01277E-03 4.23884E-02 1.40402E-01 2.02619E-01 2.36146E-01 3.76007E-01 4.44189E-01 1.40443E-01 4.23884E-02 2.01277E-03 2.76005E+00 
2.01277E-03 5.01922E-02 1.46501E-01 2.09325E-01 2.42962E-01 3.84970E-01 4.54998E-01 1.46541E-01 5.01922E-02 2.01277E-03 2.91424E+00 
2.01277E-03 5.24917E-02 1.48303E-01 2.11300E-01 2.44967E-01 3.87603E-01 4.58176E-01 1.48343E-01 5.24917E-02 2.01277E-03 2.95889E+00 
2.01277E-03 6.35480E-02 1.56991E-01 2.20784E-01 2.54590E-01 4.00212E-01 4.73402E-01 1.57030E-01 6.35480E-02 2.01277E-03 3.16830E+00 
2.01277E-03 7.47380E-02 1.65823E-01 2.30361E-01 2.64293E-01 4.12889E-01 4.88735E-01 1.65860E-01 7.47380E-02 2.01277E-03 3.37106E+00 
2.01277E-03 8.60237E-02 1.74763E-01 2.39996E-01 2.74037E-01 4.25590E-01 5.04126E-01 1.74798E-01 8.60237E-02 2.01277E-03 3.56574E+00 
2.01277E-03 9.73644E-02 1.83774E-01 2.49647E-01 2.83784E-01 4.38268E-01 5.19523E-01 1.83807E-01 9.73644E-02 2.01277E-03 3.75093E+00 
1.12089E-02 1.08744E-01 1.92867E-01 2.59316E-01 2.93529E-01 4.50875E-01 5.34841E-01 1.92898E-01 1.08744E-01 1.12089E-02 3.90279E+00 
2.47098E-02 1.20104E-01 2.01951E-01 2.68919E-01 3.03193E-01 4.63375E-01 5.50085E-01 2.01979E-01 1.20104E-01 2.47098E-02 4.03944E+00 
3.81433E-02 1.31387E-01 2.10967E-01 2.78399E-01 3.12717E-01 4.75710E-01 5.65199E-01 2.10992E-01 1.31387E-01 3.81433E-02 4.16450E+00 
5.14531E-02 1.42541E-01 2.19866E-01 2.87702E-01 3.22046E-01 4.87817E-01 5.80115E-01 2.19889E-01 1.42541E-01 5.14531E-02 4.27697E+00 
6.45826E-02 1.53513E-01 2.28599E-01 2.96777E-01 3.31130E-01 4.99636E-01 5.94766E-01 2.28619E-01 1.53513E-01 6.45826E-02 4.37599E+00 
7.74758E-02 1.64249E-01 2.37117E-01 3.05573E-01 3.39915E-01 5.11105E-01 6.09085E-01 2.37133E-01 1.64249E-01 7.74758E-02 4.46085E+00 
9.00776E-02 1.74697E-01 2.45370E-01 3.14038E-01 3.48350E-01 5.22165E-01 6.23005E-01 2.45382E-01 1.74697E-01 9.00776E-02 4.53107E+00 
1.02334E-01 1.84807E-01 2.53311E-01 3.22124E-01 3.56385E-01 5.32758E-01 6.36463E-01 2.53319E-01 1.84807E-01 1.02334E-01 4.58632E+00 
1.14196E-01 1.94530E-01 2.60894E-01 3.29784E-01 3.63975E-01 5.42829E-01 6.49396E-01 2.60898E-01 1.94530E-01 1.14196E-01 4.62646E+00 
1.25613E-01 2.03822E-01 2.68078E-01 3.36975E-01 3.71076E-01 5.52327E-01 6.61745E-01 2.68078E-01 2.03822E-01 1.25613E-01 4.65155E+00 
1.36541E-01 2.12639E-01 2.74822E-01 3.43658E-01 3.77646E-01 5.61202E-01 6.73455E-01 2.74818E-01 2.12639E-01 1.36541E-01 4.66181E+00 
1.46941E-01 2.20944E-01 2.81091E-01 3.49795E-01 3.83650E-01 5.69412E-01 6.84476E-01 2.81081E-01 2.20944E-01 1.46941E-01 4.65762E+00 
1.56776E-01 2.28703E-01 2.86852E-01 3.55356E-01 3.89056E-01 5.76918E-01 6.94761E-01 2.86838E-01 2.28703E-01 1.56776E-01 4.63952E+00 
1.74352E-03 2.30676E-02 8.16388E-02 1.51334E-01 1.86344E-01 3.27000E-01 3.90495E-01 8.17084E-02 2.30676E-02 1.74352E-03 1.57115E+00 
1.74352E-03 2.30676E-02 8.77189E-02 1.58053E-01 1.93200E-01 3.36685E-01 4.02622E-01 8.77876E-02 2.30676E-02 1.74352E-03 1.76666E+00 
1.74352E-03 3.57329E-03 9.39765E-02 1.64906E-01 2.00177E-01 3.46459E-01 4.14849E-01 9.40442E-02 3.57329E-03 1.74352E-03 1.95373E+00 
1.74352E-03 1.19813E-02 1.00408E-01 1.71889E-01 2.07271E-01 3.56318E-01 4.27174E-01 1.00474E-01 1.19813E-02 1.74352E-03 2.12942E+00 
1.74352E-03 2.05500E-02 1.06998E-01 1.78995E-01 2.14477E-01 3.66294E-01 4.39659E-01 1.07063E-01 2.05500E-02 1.74352E-03 2.30357E+00 
1.74352E-03 2.92584E-02 1.13728E-01 1.86202E-01 2.21774E-01 3.76359E-01 4.52272E-01 1.13791E-01 2.92584E-02 1.74352E-03 2.47512E+00 
1.74352E-03 3.80845E-02 1.20579E-01 1.93491E-01 2.29140E-01 3.86485E-01 4.64983E-01 1.20640E-01 3.80845E-02 1.74352E-03 2.64298E+00 
1.74352E-03 4.49793E-02 1.25950E-01 1.99171E-01 2.34872E-01 3.94344E-01 4.74865E-01 1.26010E-01 4.49793E-02 1.74352E-03 2.76967E+00 
1.74352E-03 4.70043E-02 1.27530E-01 2.00837E-01 2.36551E-01 3.96643E-01 4.77759E-01 1.27590E-01 4.70043E-02 1.74352E-03 2.80611E+00 
1.74352E-03 5.66975E-02 1.35111E-01 2.08793E-01 2.44563E-01 4.07595E-01 4.91566E-01 1.35168E-01 5.66975E-02 1.74352E-03 2.97552E+00 
1.74352E-03 6.64362E-02 1.42751E-01 2.16754E-01 2.52563E-01 4.18506E-01 5.05363E-01 1.42804E-01 6.64362E-02 1.74352E-03 3.13700E+00 
1.74352E-03 7.61850E-02 1.50417E-01 2.24686E-01 2.60517E-01 4.29335E-01 5.19101E-01 1.50467E-01 7.61850E-02 1.74352E-03 3.28941E+00 
1.74352E-03 8.59067E-02 1.58075E-01 2.32552E-01 2.68389E-01 4.40038E-01 5.32731E-01 1.58122E-01 8.59067E-02 1.74352E-03 3.43169E+00 
9.68713E-03 9.55896E-02 1.65737E-01 2.40361E-01 2.76184E-01 4.50574E-01 5.46173E-01 1.65780E-01 9.55896E-02 9.68713E-03 3.54321E+00 
2.12820E-02 1.05178E-01 1.73319E-01 2.48030E-01 2.83821E-01 4.60907E-01 5.59432E-01 1.73358E-01 1.05178E-01 2.12820E-02 3.64006E+00 
3.27379E-02 1.14622E-01 1.80769E-01 2.55506E-01 2.91247E-01 4.70982E-01 5.72456E-01 1.80804E-01 1.14622E-01 3.27379E-02 3.72558E+00 
4.40063E-02 1.23875E-01 1.88045E-01 2.62746E-01 2.98418E-01 4.80746E-01 5.85185E-01 1.88076E-01 1.23875E-01 4.40063E-02 3.79913E+00 
5.50392E-02 1.32895E-01 1.95106E-01 2.69707E-01 3.05289E-01 4.90146E-01 5.97559E-01 1.95132E-01 1.32895E-01 5.50392E-02 3.86018E+00 
6.57901E-02 1.41635E-01 2.01912E-01 2.76348E-01 3.11819E-01 4.99130E-01 6.09518E-01 2.01932E-01 1.41635E-01 6.57901E-02 3.90838E+00 
7.62143E-02 1.50056E-01 2.08423E-01 2.82627E-01 3.17967E-01 5.07650E-01 6.21007E-01 2.08438E-01 1.50056E-01 7.62143E-02 3.94355E+00 
8.62691E-02 1.58117E-01 2.14602E-01 2.88509E-01 3.23697E-01 5.15659E-01 6.31970E-01 2.14612E-01 1.58117E-01 8.62691E-02 3.96566E+00 
9.59152E-02 1.65780E-01 2.20416E-01 2.93958E-01 3.28972E-01 5.23114E-01 6.42357E-01 2.20419E-01 1.65780E-01 9.59152E-02 3.97484E+00 
1.05116E-01 1.73013E-01 2.25831E-01 2.98944E-01 3.33762E-01 5.29975E-01 6.52121E-01 2.25828E-01 1.73013E-01 1.05116E-01 3.97138E+00 
1.13839E-01 1.79785E-01 2.30820E-01 3.03438E-01 3.38039E-01 5.36208E-01 6.61218E-01 2.30811E-01 1.79785E-01 1.13839E-01 3.95570E+00 
1.22057E-01 1.86070E-01 2.35359E-01 3.07416E-01 3.41780E-01 5.41781E-01 6.69609E-01 2.35344E-01 1.86070E-01 1.22057E-01 3.92834E+00 
1.29743E-01 1.91845E-01 2.39427E-01 3.10860E-01 3.44964E-01 5.46669E-01 6.77260E-01 2.39405E-01 1.91845E-01 1.29743E-01 3.88996E+00 
1.50279E-03 2.07213E-02 6.75662E-02 1.48089E-01 1.85416E-01 3.44581E-01 4.18479E-01 6.76706E-02 2.07213E-02 1.50279E-03 1.61603E+00 
1.50279E-03 2.07213E-02 7.31493E-02 1.53930E-01 1.91317E-01 3.53299E-01 4.29889E-01 7.32515E-02 2.07213E-02 1.50279E-03 1.78613E+00 
1.50279E-03 3.23343E-03 7.88535E-02 1.59849E-01 1.97282E-01 3.62035E-01 4.41318E-01 7.89532E-02 3.23343E-03 1.50279E-03 1.94673E+00 
1.50279E-03 1.08074E-02 8.46745E-02 1.65840E-01 2.03305E-01 3.70784E-01 4.52764E-01 8.47715E-02 1.08074E-02 1.50279E-03 2.09529E+00 
1.50279E-03 1.84772E-02 9.05929E-02 1.71888E-01 2.09373E-01 3.79566E-01 4.64282E-01 9.06868E-02 1.84772E-02 1.50279E-03 2.24079E+00 
1.50279E-03 2.62219E-02 9.65905E-02 1.77972E-01 2.15464E-01 3.88355E-01 4.75839E-01 9.66811E-02 2.62219E-02 1.50279E-03 2.38230E+00 
1.50279E-03 3.40200E-02 1.02649E-01 1.84072E-01 2.21556E-01 3.97124E-01 4.87405E-01 1.02735E-01 3.40200E-02 1.50279E-03 2.51891E+00 
1.50279E-03 4.00761E-02 1.07364E-01 1.88788E-01 2.26258E-01 4.03876E-01 4.96338E-01 1.07448E-01 4.00761E-02 1.50279E-03 2.62071E+00 
1.50279E-03 4.18487E-02 1.08746E-01 1.90165E-01 2.27629E-01 4.05843E-01 4.98945E-01 1.08829E-01 4.18487E-02 1.50279E-03 2.64976E+00 
1.50279E-03 5.02967E-02 1.15341E-01 1.96703E-01 2.34127E-01 4.15155E-01 5.11321E-01 1.15420E-01 5.02967E-02 1.50279E-03 2.78344E+00 
1.50279E-03 5.87213E-02 1.21930E-01 2.03177E-01 2.40544E-01 4.24336E-01 5.23584E-01 1.22003E-01 5.87213E-02 1.50279E-03 2.90850E+00 
1.50279E-03 6.70905E-02 1.28481E-01 2.09558E-01 2.46849E-01 4.33347E-01 5.35690E-01 1.28549E-01 6.70905E-02 1.50279E-03 3.02408E+00 
1.50279E-03 7.53715E-02 1.34967E-01 2.15813E-01 2.53011E-01 4.42151E-01 5.47591E-01 1.35029E-01 7.53715E-02 1.50279E-03 3.12943E+00 
8.33034E-03 8.35566E-02 1.41398E-01 2.21957E-01 2.59042E-01 4.50716E-01 5.59214E-01 1.41454E-01 8.35566E-02 8.33034E-03 3.20679E+00 
1.82385E-02 9.15944E-02 1.47699E-01 2.27911E-01 2.64863E-01 4.59002E-01 5.70563E-01 1.47749E-01 9.15944E-02 1.82385E-02 3.27038E+00 
2.79586E-02 9.94418E-02 1.53826E-01 2.33628E-01 2.70427E-01 4.66961E-01 5.81592E-01 1.53869E-01 9.94418E-02 2.79586E-02 3.32332E+00 
3.74497E-02 1.07061E-01 1.59743E-01 2.39073E-01 2.75698E-01 4.74547E-01 5.92247E-01 1.59779E-01 1.07061E-01 3.74497E-02 3.36524E+00 
4.66722E-02 1.14415E-01 1.65417E-01 2.44212E-01 2.80642E-01 4.81716E-01 6.02475E-01 1.65446E-01 1.14415E-01 4.66722E-02 3.39591E+00 
5.55886E-02 1.21470E-01 1.70816E-01 2.49012E-01 2.85225E-01 4.88427E-01 6.12226E-01 1.70837E-01 1.21470E-01 5.55886E-02 3.41525E+00 
6.41634E-02 1.28192E-01 1.75909E-01 2.53443E-01 2.89419E-01 4.94640E-01 6.21452E-01 1.75923E-01 1.28192E-01 6.41634E-02 3.42330E+00 
7.23638E-02 1.34551E-01 1.80669E-01 2.57479E-01 2.93195E-01 5.00319E-01 6.30109E-01 1.80674E-01 1.34551E-01 7.23638E-02 3.42027E+00 
8.01605E-02 1.40521E-01 1.85070E-01 2.61095E-01 2.96530E-01 5.05432E-01 6.38154E-01 1.85067E-01 1.40521E-01 8.01605E-02 3.40648E+00 
8.75271E-02 1.46078E-01 1.89091E-01 2.64270E-01 2.99402E-01 5.09950E-01 6.45551E-01 1.89080E-01 1.46078E-01 8.75271E-02 3.38237E+00 
9.44411E-02 1.51201E-01 1.92712E-01 2.66988E-01 3.01795E-01 5.13850E-01 6.52268E-01 1.92692E-01 1.51201E-01 9.44411E-02 3.34847E+00 
1.00884E-01 1.55873E-01 1.95918E-01 2.69233E-01 3.03696E-01 5.17111E-01 6.58275E-01 1.95890E-01 1.55873E-01 1.00884E-01 3.30543E+00 
1.06841E-01 1.60082E-01 1.98698E-01 2.70998E-01 3.05095E-01 5.19719E-01 6.63549E-01 1.98661E-01 1.60082E-01 1.06841E-01 3.25394E+00 
1.28804E-03 1.84935E-02 5.50446E-02 1.44180E-01 1.83530E-01 3.62198E-01 4.48197E-01 5.51921E-02 1.84935E-02 1.28804E-03 1.64344E+00 
1.28804E-03 1.84935E-02 6.01566E-02 1.49154E-01 1.88476E-01 3.69875E-01 4.58794E-01 6.02995E-02 1.84935E-02 1.28804E-03 1.78889E+00 
1.28804E-03 2.90679E-03 6.53418E-02 1.54159E-01 1.93439E-01 3.77509E-01 4.69338E-01 6.54797E-02 2.90679E-03 1.28804E-03 1.92421E+00 
1.28804E-03 9.68521E-03 7.05963E-02 1.59189E-01 1.98413E-01 3.85093E-01 4.79825E-01 7.07289E-02 9.68521E-03 1.28804E-03 2.04722E+00 
1.28804E-03 1.65060E-02 7.58980E-02 1.64222E-01 2.03376E-01 3.92639E-01 4.90302E-01 7.60250E-02 1.65060E-02 1.28804E-03 2.16607E+00 
1.28804E-03 2.33492E-02 8.12296E-02 1.69240E-01 2.08308E-01 4.00121E-01 5.00740E-01 8.13504E-02 2.33492E-02 1.28804E-03 2.28000E+00 
1.28804E-03 3.01946E-02 8.65730E-02 1.74223E-01 2.13191E-01 4.07513E-01 5.11106E-01 8.66873E-02 3.01946E-02 1.28804E-03 2.38825E+00 
1.28804E-03 3.54792E-02 9.07035E-02 1.78042E-01 2.16921E-01 4.13154E-01 5.19056E-01 9.08126E-02 3.54792E-02 1.28804E-03 2.46769E+00 
1.28804E-03 3.70209E-02 9.19091E-02 1.79151E-01 2.18003E-01 4.14788E-01 5.21367E-01 9.20167E-02 3.70209E-02 1.28804E-03 2.49015E+00 
1.28804E-03 4.43349E-02 9.76321E-02 1.84380E-01 2.23089E-01 4.22469E-01 5.32277E-01 9.77319E-02 4.43349E-02 1.28804E-03 2.59218E+00 
1.28804E-03 5.15737E-02 1.03298E-01 1.89497E-01 2.28044E-01 4.29946E-01 5.42985E-01 1.03390E-01 5.15737E-02 1.28804E-03 2.68538E+00 
1.28804E-03 5.87093E-02 1.08882E-01 1.94474E-01 2.32840E-01 4.37186E-01 5.53451E-01 1.08965E-01 5.87093E-02 1.28804E-03 2.76915E+00 
1.28804E-03 6.57132E-02 1.14358E-01 1.99287E-01 2.37452E-01 4.44154E-01 5.63632E-01 1.14432E-01 6.57132E-02 1.28804E-03 2.84300E+00 
7.12348E-03 7.25815E-02 1.19737E-01 2.03954E-01 2.41900E-01 4.50831E-01 5.73461E-01 1.19802E-01 7.25815E-02 7.12348E-03 2.89173E+00 
1.55426E-02 7.92683E-02 1.24954E-01 2.08400E-01 2.46107E-01 4.57173E-01 5.82942E-01 1.25010E-01 7.92683E-02 1.55426E-02 2.92788E+00 
2.37430E-02 8.57369E-02 1.29971E-01 2.12585E-01 2.50031E-01 4.63138E-01 5.92033E-01 1.30017E-01 8.57369E-02 2.37430E-02 2.95433E+00 
3.16911E-02 9.19567E-02 1.34760E-01 2.16483E-01 2.53646E-01 4.68688E-01 6.00687E-01 1.34795E-01 9.19567E-02 3.16911E-02 2.97095E+00 
3.93550E-02 9.78988E-02 1.39293E-01 2.20065E-01 2.56925E-01 4.73787E-01 6.08859E-01 1.39318E-01 9.78988E-02 3.93550E-02 2.97773E+00 
4.67051E-02 1.03536E-01 1.43547E-01 2.23310E-01 2.59844E-01 4.78403E-01 6.16505E-01 1.43561E-01 1.03536E-01 4.67051E-02 2.97478E+00 
5.37145E-02 1.08844E-01 1.47498E-01 2.26196E-01 2.62382E-01 4.82506E-01 6.23586E-01 1.47501E-01 1.08844E-01 5.37145E-02 2.96235E+00 
6.03590E-02 1.13802E-01 1.51127E-01 2.28704E-01 2.64522E-01 4.86069E-01 6.30067E-01 1.51119E-01 1.13802E-01 6.03590E-02 2.94078E+00 
6.66174E-02 1.18389E-01 1.54416E-01 2.30820E-01 2.66248E-01 4.89069E-01 6.35916E-01 1.54397E-01 1.18389E-01 6.66174E-02 2.91052E+00 
7.24722E-02 1.22592E-01 1.57351E-01 2.32531E-01 2.67549E-01 4.91489E-01 6.41103E-01 1.57321E-01 1.22592E-01 7.24722E-02 2.87209E+00 
7.79090E-02 1.26397E-01 1.59921E-01 2.33828E-01 2.68416E-01 4.93314E-01 6.45606E-01 1.59880E-01 1.26397E-01 7.79090E-02 2.82610E+00 
8.29169E-02 1.29795E-01 1.62117E-01 2.34706E-01 2.68845E-01 4.94532E-01 6.49406E-01 1.62065E-01 1.29795E-01 8.29169E-02 2.77321E+00 
8.74888E-02 1.32782E-01 1.63935E-01 2.35164E-01 2.68834E-01 4.95138E-01 6.52488E-01 1.63873E-01 1.32782E-01 8.74888E-02 2.71412E+00 
1.09805E-03 1.63984E-02 4.41208E-02 1.39463E-01 1.80463E-01 3.79329E-01 4.79150E-01 4.43152E-02 1.63984E-02 1.09805E-03 1.65316E+00 
1.09805E-03 1.63984E-02 4.87907E-02 1.43594E-01 1.84470E-01 3.85900E-01 4.88831E-01 4.89766E-02 1.63984E-02 1.09805E-03 1.77511E+00 
1.09805E-03 2.59597E-03 5.34943E-02 1.47720E-01 1.88458E-01 3.92376E-01 4.98393E-01 5.36713E-02 2.59597E-03 1.09805E-03 1.88667E+00 
1.09805E-03 8.62288E-03 5.82280E-02 1.51836E-01 1.92423E-01 3.98749E-01 5.07832E-01 5.83958E-02 8.62288E-03 1.09805E-03 1.98598E+00 
1.09805E-03 1.46495E-02 6.29689E-02 1.55914E-01 1.96333E-01 4.05024E-01 5.17189E-01 6.31271E-02 1.46495E-02 1.09805E-03 2.08043E+00 
1.09805E-03 2.06573E-02 6.77006E-02 1.59936E-01 2.00171E-01 4.11176E-01 5.26435E-01 6.78488E-02 2.06573E-02 1.09805E-03 2.16939E+00 
1.09805E-03 2.66277E-02 7.24066E-02 1.63887E-01 2.03922E-01 4.17180E-01 5.35538E-01 7.25443E-02 2.66277E-02 1.09805E-03 2.25228E+00 
1.09805E-03 3.12097E-02 7.60192E-02 1.66883E-01 2.06752E-01 4.21708E-01 5.42464E-01 7.61485E-02 3.12097E-02 1.09805E-03 2.31194E+00 
1.09805E-03 3.25417E-02 7.70695E-02 1.67747E-01 2.07566E-01 4.23011E-01 5.44467E-01 7.71963E-02 3.25417E-02 1.09805E-03 2.32861E+00 
1.09805E-03 3.88331E-02 8.20289E-02 1.71790E-01 2.11357E-01 4.29077E-01 5.53865E-01 8.21435E-02 3.88331E-02 1.09805E-03 2.40301E+00 
1.09805E-03 4.50122E-02 8.68957E-02 1.75687E-01 2.14983E-01 4.34883E-01 5.62985E-01 8.69978E-02 4.50122E-02 1.09805E-03 2.46877E+00 
1.09805E-03 5.10552E-02 9.16478E-02 1.79417E-01 2.18422E-01 4.40400E-01 5.71792E-01 9.17369E-02 5.10552E-02 1.09805E-03 2.52550E+00 
1.09805E-03 5.69383E-02 9.62630E-02 1.82959E-01 2.21653E-01 4.45598E-01 5.80246E-01 9.63389E-02 5.69383E-02 1.09805E-03 2.57295E+00 
6.05874E-03 6.26608E-02 1.00755E-01 1.86337E-01 2.24704E-01 4.50470E-01 5.88292E-01 1.00817E-01 6.26608E-02 6.05874E-03 2.59814E+00 
1.31742E-02 6.81824E-02 1.05065E-01 1.89481E-01 2.27499E-01 4.54969E-01 5.95928E-01 1.05114E-01 6.81824E-02 1.31742E-02 2.61211E+00 
2.00553E-02 7.34730E-02 1.09163E-01 1.92357E-01 2.30005E-01 4.59057E-01 6.03118E-01 1.09198E-01 7.34730E-02 2.00553E-02 2.61750E+00 
2.66750E-02 7.85083E-02 1.13026E-01 1.94944E-01 2.32201E-01 4.62705E-01 6.09821E-01 1.13047E-01 7.85083E-02 2.66750E-02 2.61437E+00 
3.30085E-02 8.32662E-02 1.16634E-01 1.97225E-01 2.34068E-01 4.65885E-01 6.15998E-01 1.16641E-01 8.32662E-02 3.30085E-02 2.60288E+00 
3.90333E-02 8.77268E-02 1.19969E-01 1.99182E-01 2.35591E-01 4.68572E-01 6.21615E-01 1.19961E-01 8.77268E-02 3.90333E-02 2.58329E+00 
4.47297E-02 9.18726E-02 1.23014E-01 2.00802E-01 2.36757E-01 4.70744E-01 6.26640E-01 1.22992E-01 9.18726E-02 4.47297E-02 2.55596E+00 
5.00806E-02 9.56889E-02 1.25756E-01 2.02074E-01 2.37555E-01 4.72385E-01 6.31045E-01 1.25720E-01 9.56889E-02 5.00806E-02 2.52133E+00 
5.50722E-02 9.91638E-02 1.28184E-01 2.02991E-01 2.37978E-01 4.73481E-01 6.34805E-01 1.28134E-01 9.91638E-02 5.50722E-02 2.47991E+00 
5.96934E-02 1.02288E-01 1.30291E-01 2.03547E-01 2.38021E-01 4.74020E-01 6.37902E-01 1.30226E-01 1.02288E-01 5.96934E-02 2.43227E+00 
6.39365E-02 1.05057E-01 1.32069E-01 2.03740E-01 2.37683E-01 4.73997E-01 6.40320E-01 1.31991E-01 1.05057E-01 6.39365E-02 2.37902E+00 
6.77969E-02 1.07466E-01 1.33517E-01 2.03572E-01 2.36966E-01 4.73408E-01 6.42048E-01 1.33426E-01 1.07466E-01 6.77969E-02 2.32083E+00 
7.12728E-02 1.09515E-01 1.34636E-01 2.03045E-01 2.35875E-01 4.72256E-01 6.43078E-01 1.34532E-01 1.09515E-01 7.12728E-02 2.25833E+00 
9.31082E-04 1.44449E-02 3.48096E-02 1.33833E-01 1.76046E-01 3.95487E-01 5.10806E-01 3.50448E-02 1.44449E-02 9.31082E-04 1.64555E+00 
9.31082E-04 1.44449E-02 3.90670E-02 1.37163E-01 1.79151E-01 4.00897E-01 5.19461E-01 3.92882E-02 1.44449E-02 9.31082E-04 1.74546E+00 
9.31082E-04 2.30284E-03 4.33259E-02 1.40461E-01 1.82211E-01 4.06168E-01 5.27940E-01 4.35329E-02 2.30284E-03 9.31082E-04 1.83501E+00 
9.31082E-04 7.62599E-03 4.75835E-02 1.43724E-01 1.85222E-01 4.11297E-01 5.36237E-01 4.77760E-02 7.62599E-03 9.31082E-04 1.91266E+00 
9.31082E-04 1.29160E-02 5.18172E-02 1.46918E-01 1.88148E-01 4.16275E-01 5.44389E-01 5.19947E-02 1.29160E-02 9.31082E-04 1.98508E+00 
9.31082E-04 1.81561E-02 5.60118E-02 1.50029E-01 1.90974E-01 4.21082E-01 5.52364E-01 5.61739E-02 1.81561E-02 9.31082E-04 2.05177E+00 
9.31082E-04 2.33297E-02 6.01525E-02 1.53043E-01 1.93686E-01 4.25695E-01 5.60135E-01 6.02988E-02 2.33297E-02 9.31082E-04 2.11232E+00 
9.31082E-04 2.72767E-02 6.33096E-02 1.55298E-01 1.95696E-01 4.29117E-01 5.65988E-01 6.34435E-02 2.72767E-02 9.31082E-04 2.15473E+00 
9.31082E-04 2.84202E-02 6.42239E-02 1.55944E-01 1.96269E-01 4.30092E-01 5.67671E-01 6.43541E-02 2.84202E-02 9.31082E-04 2.16638E+00 
9.31082E-04 3.37967E-02 6.85188E-02 1.58931E-01 1.98893E-01 4.34567E-01 5.75502E-01 6.86313E-02 3.37967E-02 9.31082E-04 2.21704E+00 
9.31082E-04 3.90367E-02 7.26966E-02 1.61753E-01 2.01333E-01 4.38740E-01 5.82993E-01 7.27911E-02 3.90367E-02 9.31082E-04 2.25952E+00 
9.31082E-04 4.41203E-02 7.67386E-02 1.64394E-01 2.03573E-01 4.42587E-01 5.90110E-01 7.68149E-02 4.41203E-02 9.31082E-04 2.29365E+00 
9.31082E-04 4.90281E-02 8.06268E-02 1.66838E-01 2.05597E-01 4.46084E-01 5.96819E-01 8.06847E-02 4.90281E-02 9.31082E-04 2.31933E+00 
5.12572E-03 5.37624E-02 8.43742E-02 1.69114E-01 2.07439E-01 4.49235E-01 6.03077E-01 8.44139E-02 5.37624E-02 5.12572E-03 2.32557E+00 
1.11076E-02 5.82883E-02 8.79322E-02 1.71155E-01 2.09025E-01 4.51990E-01 6.08876E-01 8.79535E-02 5.82883E-02 1.11076E-02 2.32202E+00 
1.68511E-02 6.25816E-02 9.12753E-02 1.72935E-01 2.10327E-01 4.54315E-01 6.14184E-01 9.12782E-02 6.25816E-02 1.68511E-02 2.31110E+00 
2.23351E-02 6.66239E-02 9.43866E-02 1.74437E-01 2.11333E-01 4.56188E-01 6.18967E-01 9.43712E-02 6.66239E-02 2.23351E-02 2.29301E+00 
2.75410E-02 7.03989E-02 9.72511E-02 1.75651E-01 2.12030E-01 4.57588E-01 6.23192E-01 9.72175E-02 7.03989E-02 2.75410E-02 2.26803E+00 
3.24524E-02 7.38927E-02 9.98559E-02 1.76567E-01 2.12409E-01 4.58499E-01 6.26832E-01 9.98042E-02 7.38927E-02 3.24524E-02 2.23651E+00 
3.70556E-02 7.70935E-02 1.02190E-01 1.77177E-01 2.12463E-01 4.58907E-01 6.29863E-01 1.02121E-01 7.70935E-02 3.70556E-02 2.19887E+00 
4.13395E-02 7.99925E-02 1.04246E-01 1.77476E-01 2.12189E-01 4.58803E-01 6.32265E-01 1.04159E-01 7.99925E-02 4.13395E-02 2.15562E+00 
4.52958E-02 8.25831E-02 1.06017E-01 1.77463E-01 2.11585E-01 4.58179E-01 6.34020E-01 1.05913E-01 8.25831E-02 4.52958E-02 2.10729E+00 
4.89189E-02 8.48617E-02 1.07499E-01 1.77138E-01 2.10653E-01 4.57032E-01 6.35116E-01 1.07380E-01 8.48617E-02 4.89189E-02 2.05444E+00 
5.22061E-02 8.68270E-02 1.08693E-01 1.76503E-01 2.09396E-01 4.55364E-01 6.35545E-01 1.08558E-01 8.68270E-02 5.22061E-02 1.99767E+00 
5.51571E-02 8.84802E-02 1.09599E-01 1.75563E-01 2.07820E-01 4.53177E-01 6.35303E-01 1.09449E-01 8.84802E-02 5.51571E-02 1.93758E+00 
5.77745E-02 8.98252E-02 1.10220E-01 1.74328E-01 2.05935E-01 4.50480E-01 6.34390E-01 1.10057E-01 8.98252E-02 5.77745E-02 1.87477E+00 
7.85336E-04 1.26394E-02 2.71035E-02 1.27253E-01 1.70197E-01 4.10229E-01 5.42591E-01 2.73577E-02 1.26394E-02 7.85336E-04 1.62148E+00 
7.85336E-04 1.26394E-02 3.09765E-02 1.29839E-01 1.72456E-01 4.14434E-01 5.50109E-01 3.12099E-02 1.26394E-02 7.85336E-04 1.70102E+00 
7.85336E-04 2.02892E-03 3.48256E-02 1.32375E-01 1.74653E-01 4.18470E-01 5.57402E-01 3.50380E-02 2.02892E-03 7.85336E-04 1.77052E+00 
7.85336E-04 6.69893E-03 3.86487E-02 1.34860E-01 1.76785E-01 4.22330E-01 5.64463E-01 3.88401E-02 6.69893E-03 7.85336E-04 1.82869E+00 
7.85336E-04 1.13117E-02 4.24243E-02 1.37255E-01 1.78812E-01 4.25999E-01 5.71320E-01 4.25943E-02 1.13117E-02 7.85336E-04 1.88152E+00 
7.85336E-04 1.58523E-02 4.61389E-02 1.39550E-01 1.80720E-01 4.29459E-01 5.77946E-01 4.62872E-02 1.58523E-02 7.85336E-04 1.92866E+00 
7.85336E-04 2.03064E-02 4.97793E-02 1.41732E-01 1.82500E-01 4.32689E-01 5.84312E-01 4.99056E-02 2.03064E-02 7.85336E-04 1.96983E+00 
7.85336E-04 2.36844E-02 5.25368E-02 1.43336E-01 1.83781E-01 4.35019E-01 5.89043E-01 5.26460E-02 2.36844E-02 7.85336E-04 1.99745E+00 
7.85336E-04 2.46597E-02 5.33323E-02 1.43790E-01 1.84139E-01 4.35671E-01 5.90392E-01 5.34365E-02 2.46597E-02 7.85336E-04 2.00481E+00 
7.85336E-04 2.92247E-02 5.70504E-02 1.45857E-01 1.85736E-01 4.38588E-01 5.96598E-01 5.71307E-02 2.92247E-02 7.85336E-04 2.03540E+00 
7.85336E-04 3.36394E-02 6.06359E-02 1.47754E-01 1.87143E-01 4.41174E-01 6.02411E-01 6.06922E-02 3.36394E-02 7.85336E-04 2.05850E+00 
7.85336E-04 3.78877E-02 6.40737E-02 1.49466E-01 1.88349E-01 4.43411E-01 6.07801E-01 6.41061E-02 3.78877E-02 7.85336E-04 2.07407E+00 
7.85336E-04 4.19543E-02 6.73492E-02 1.50984E-01 1.89341E-01 4.45278E-01 6.12739E-01 6.73579E-02 4.19543E-02 7.85336E-04 2.08217E+00 
4.31360E-03 4.58436E-02 7.04752E-02 1.52340E-01 1.90161E-01 4.46796E-01 6.17197E-01 7.04607E-02 4.58436E-02 4.31360E-03 2.07352E+00 
9.31629E-03 4.95264E-02 7.34112E-02 1.53470E-01 1.90735E-01 4.47905E-01 6.21158E-01 7.33738E-02 4.95264E-02 9.31629E-03 2.05652E+00 
1.40854E-02 5.29834E-02 7.61371E-02 1.54355E-01 1.91044E-01 4.48579E-01 6.24593E-01 7.60771E-02 5.29834E-02 1.40854E-02 2.03338E+00 
1.86051E-02 5.62013E-02 7.86404E-02 1.54983E-01 1.91078E-01 4.48800E-01 6.27473E-01 7.85583E-02 5.62013E-02 1.86051E-02 2.00440E+00 
2.28619E-02 5.91687E-02 8.09106E-02 1.55349E-01 1.90831E-01 4.48556E-01 6.29775E-01 8.08069E-02 5.91687E-02 2.28619E-02 1.96991E+00 
2.68445E-02 6.18766E-02 8.29392E-02 1.55448E-01 1.90300E-01 4.47836E-01 6.31477E-01 8.28145E-02 6.18766E-02 2.68445E-02 1.93033E+00 
3.05441E-02 6.43181E-02 8.47197E-02 1.55278E-01 1.89484E-01 4.46635E-01 6.32562E-01 8.45749E-02 6.43181E-02 3.05441E-02 1.88613E+00 
3.39543E-02 6.64886E-02 8.62479E-02 1.54839E-01 1.88383E-01 4.44948E-01 6.33015E-01 8.60839E-02 6.64886E-02 3.39543E-02 1.83780E+00 
3.70711E-02 6.83859E-02 8.75217E-02 1.54132E-01 1.87000E-01 4.42776E-01 6.32827E-01 8.73394E-02 6.83859E-02 3.70711E-02 1.78586E+00 
3.98932E-02 7.00100E-02 8.85412E-02 1.53163E-01 1.85342E-01 4.40122E-01 6.31994E-01 8.83418E-02 7.00100E-02 3.98932E-02 1.73087E+00 
4.24213E-02 7.13633E-02 8.93085E-02 1.51937E-01 1.83415E-01 4.36991E-01 6.30512E-01 8.90931E-02 7.13633E-02 4.24213E-02 1.67337E+00 
4.46585E-02 7.24499E-02 8.98277E-02 1.50462E-01 1.81230E-01 4.33394E-01 6.28384E-01 8.95976E-02 7.24499E-02 4.46585E-02 1.61389E+00 
4.66099E-02 7.32761E-02 9.01047E-02 1.48749E-01 1.78797E-01 4.29343E-01 6.25615E-01 8.98612E-02 7.32761E-02 4.66099E-02 1.55295E+00 
6.58967E-04 1.09859E-02 2.09652E-02 1.19766E-01 1.62935E-01 4.23175E-01 5.73916E-01 2.11964E-02 1.09859E-02 6.58967E-04 1.58227E+00 
6.58967E-04 1.09859E-02 2.44790E-02 1.21679E-01 1.64421E-01 4.26149E-01 5.80188E-01 2.46817E-02 1.09859E-02 6.58967E-04 1.64331E+00 
6.58967E-04 1.77537E-03 2.79493E-02 1.23532E-01 1.65836E-01 4.28930E-01 5.86194E-01 2.81237E-02 1.77537E-03 6.58967E-04 1.69481E+00 
6.58967E-04 5.84476E-03 3.13749E-02 1.25324E-01 1.67179E-01 4.31513E-01 5.91927E-01 3.15212E-02 5.84476E-03 6.58967E-04 1.73576E+00 
6.58967E-04 9.84031E-03 3.47359E-02 1.27016E-01 1.68404E-01 4.33874E-01 5.97404E-01 3.48539E-02 9.84031E-03 6.58967E-04 1.77147E+00 
6.58967E-04 1.37491E-02 3.80204E-02 1.28599E-01 1.69504E-01 4.35996E-01 6.02601E-01 3.81101E-02 1.37491E-02 6.58967E-04 1.80173E+00 
6.58967E-04 1.75591E-02 4.12170E-02 1.30062E-01 1.70469E-01 4.37863E-01 6.07492E-01 4.12785E-02 1.75591E-02 6.58967E-04 1.82638E+00 
6.58967E-04 2.04317E-02 4.36229E-02 1.31108E-01 1.71118E-01 4.39123E-01 6.11051E-01 4.36628E-02 2.04317E-02 6.58967E-04 1.84153E+00 
6.58967E-04 2.12583E-02 4.43145E-02 1.31398E-01 1.71291E-01 4.39460E-01 6.12053E-01 4.43480E-02 2.12583E-02 6.58967E-04 1.84531E+00 
6.58967E-04 2.51095E-02 4.75308E-02 1.32686E-01 1.72007E-01 4.40863E-01 6.16576E-01 4.75344E-02 2.51095E-02 6.58967E-04 1.85925E+00 
6.58967E-04 2.88050E-02 5.06062E-02 1.33805E-01 1.72537E-01 4.41918E-01 6.20663E-01 5.05804E-02 2.88050E-02 6.58967E-04 1.86652E+00 
6.58967E-04 3.23322E-02 5.35288E-02 1.34748E-01 1.72875E-01 4.42611E-01 6.24288E-01 5.34741E-02 3.23322E-02 6.58967E-04 1.86719E+00 
6.58967E-04 3.56794E-02 5.62871E-02 1.35505E-01 1.73012E-01 4.42929E-01 6.27428E-01 5.62042E-02 3.56794E-02 6.58967E-04 1.86144E+00 
3.61143E-03 3.88528E-02 5.88933E-02 1.36115E-01 1.72991E-01 4.42903E-01 6.30070E-01 5.87833E-02 3.88528E-02 3.61143E-03 1.84145E+00 
7.77394E-03 4.18279E-02 6.13145E-02 1.36516E-01 1.72746E-01 4.42468E-01 6.32187E-01 6.11782E-02 4.18279E-02 7.77394E-03 1.81451E+00 
1.17141E-02 4.45901E-02 6.35351E-02 1.36693E-01 1.72259E-01 4.41602E-01 6.33752E-01 6.33734E-02 4.45901E-02 1.17141E-02 1.78262E+00 
1.54204E-02 4.71302E-02 6.55464E-02 1.36641E-01 1.71526E-01 4.40293E-01 6.34745E-01 6.53602E-02 4.71302E-02 1.54204E-02 1.74613E+00 
1.88836E-02 4.94410E-02 6.73414E-02 1.36358E-01 1.70546E-01 4.38535E-01 6.35145E-01 6.71320E-02 4.94410E-02 1.88836E-02 1.70541E+00 
2.20967E-02 5.15171E-02 6.89152E-02 1.35842E-01 1.69320E-01 4.36325E-01 6.34940E-01 6.86837E-02 5.15171E-02 2.20967E-02 1.66092E+00 
2.50545E-02 5.33554E-02 7.02645E-02 1.35096E-01 1.67850E-01 4.33661E-01 6.34117E-01 7.00124E-02 5.33554E-02 2.50545E-02 1.61311E+00 
2.77543E-02 5.49548E-02 7.13884E-02 1.34123E-01 1.66140E-01 4.30547E-01 6.32669E-01 7.11171E-02 5.49548E-02 2.77543E-02 1.56245E+00 
3.01956E-02 5.63161E-02 7.22874E-02 1.32927E-01 1.64199E-01 4.26987E-01 6.30594E-01 7.19986E-02 5.63161E-02 3.01956E-02 1.50946E+00 
3.23798E-02 5.74420E-02 7.29641E-02 1.31517E-01 1.62032E-01 4.22990E-01 6.27893E-01 7.26594E-02 5.74420E-02 3.23798E-02 1.45461E+00 
3.43102E-02 5.83372E-02 7.34229E-02 1.29900E-01 1.59652E-01 4.18567E-01 6.24568E-01 7.31040E-02 5.83372E-02 3.43102E-02 1.39840E+00 
3.59921E-02 5.90077E-02 7.36695E-02 1.28086E-01 1.57069E-01 4.13732E-01 6.20628E-01 7.33383E-02 5.90077E-02 3.59921E-02 1.34128E+00 
3.74322E-02 5.94614E-02 7.37113E-02 1.26087E-01 1.54295E-01 4.08500E-01 6.16084E-01 7.33696E-02 5.94614E-02 3.74322E-02 1.28370E+00 
5.50146E-04 9.48556E-03 1.63231E-02 1.11495E-01 1.54380E-01 4.34021E-01 6.04194E-01 1.64671E-02 9.48556E-03 5.50146E-04 1.52963E+00 
5.50146E-04 9.48556E-03 1.94991E-02 1.12816E-01 1.55180E-01 4.35752E-01 6.09118E-01 1.96072E-02 9.48556E-03 5.50146E-04 1.57415E+00 
5.50146E-04 1.54295E-03 2.26170E-02 1.14075E-01 1.55908E-01 4.37276E-01 6.13742E-01 2.26899E-02 1.54295E-03 5.50146E-04 1.60980E+00 
5.50146E-04 5.06529E-03 2.56765E-02 1.15269E-01 1.56562E-01 4.38588E-01 6.18059E-01 2.57148E-02 5.06529E-03 5.50146E-04 1.63577E+00 
5.50146E-04 8.50359E-03 2.86595E-02 1.16359E-01 1.57096E-01 4.39654E-01 6.22076E-01 2.86637E-02 8.50359E-03 5.50146E-04 1.65680E+00 
5.50146E-04 1.18470E-02 3.15559E-02 1.17338E-01 1.57504E-01 4.40462E-01 6.25771E-01 3.15263E-02 1.18470E-02 5.50146E-04 1.67276E+00 
5.50146E-04 1.50854E-02 3.43560E-02 1.18199E-01 1.57778E-01 4.40998E-01 6.29121E-01 3.42932E-02 1.50854E-02 5.50146E-04 1.68360E+00 
5.50146E-04 1.75128E-02 3.64504E-02 1.18779E-01 1.57895E-01 4.41219E-01 6.31464E-01 3.63625E-02 1.75128E-02 5.50146E-04 1.68846E+00 
5.50146E-04 1.82090E-02 3.70503E-02 1.18934E-01 1.57913E-01 4.41251E-01 6.32106E-01 3.69550E-02 1.82090E-02 5.50146E-04 1.68930E+00 
5.50146E-04 2.14379E-02 3.98268E-02 1.19581E-01 1.57897E-01 4.41194E-01 6.34893E-01 3.96974E-02 2.14379E-02 5.50146E-04 1.68975E+00 
5.50146E-04 2.45121E-02 4.24596E-02 1.20070E-01 1.57708E-01 4.40783E-01 6.37210E-01 4.22973E-02 2.45121E-02 5.50146E-04 1.68439E+00 
5.50146E-04 2.74222E-02 4.49395E-02 1.20394E-01 1.57341E-01 4.40008E-01 6.39036E-01 4.47454E-02 2.74222E-02 5.50146E-04 1.67342E+00 
5.50146E-04 3.01595E-02 4.72580E-02 1.20551E-01 1.56792E-01 4.38861E-01 6.40354E-01 4.70334E-02 3.01595E-02 5.50146E-04 1.65708E+00 
3.00844E-03 3.27316E-02 4.94263E-02 1.20576E-01 1.56107E-01 4.37387E-01 6.41167E-01 4.91731E-02 3.27316E-02 3.00844E-03 1.62880E+00 
6.45487E-03 3.51181E-02 5.14181E-02 1.20415E-01 1.55222E-01 4.35513E-01 6.41437E-01 5.11378E-02 3.51181E-02 6.45487E-03 1.59490E+00 
9.69440E-03 3.73086E-02 5.32219E-02 1.20056E-01 1.54124E-01 4.33219E-01 6.41138E-01 5.29160E-02 3.73086E-02 9.69440E-03 1.55715E+00 
1.27192E-02 3.92970E-02 5.48318E-02 1.19498E-01 1.52812E-01 4.30502E-01 6.40256E-01 5.45020E-02 3.92970E-02 1.27192E-02 1.51593E+00 
1.55233E-02 4.10792E-02 5.62438E-02 1.18741E-01 1.51290E-01 4.27360E-01 6.38779E-01 5.58920E-02 4.10792E-02 1.55233E-02 1.47165E+00 
1.81030E-02 4.26532E-02 5.74557E-02 1.17787E-01 1.49560E-01 4.23795E-01 6.36697E-01 5.70837E-02 4.26532E-02 1.81030E-02 1.42472E+00 
2.04561E-02 4.40183E-02 5.84667E-02 1.16641E-01 1.47628E-01 4.19812E-01 6.34006E-01 5.80767E-02 4.40183E-02 2.04561E-02 1.37560E+00 
2.25826E-02 4.51759E-02 5.92781E-02 1.15309E-01 1.45503E-01 4.15418E-01 6.30706E-01 5.88721E-02 4.51759E-02 2.25826E-02 1.32472E+00 
2.44842E-02 4.61291E-02 5.98925E-02 1.13798E-01 1.43191E-01 4.10624E-01 6.26798E-01 5.94727E-02 4.61291E-02 2.44842E-02 1.27254E+00 
2.61644E-02 4.68823E-02 6.03142E-02 1.12116E-01 1.40704E-01 4.05441E-01 6.22290E-01 5.98829E-02 4.68823E-02 2.61644E-02 1.21948E+00 
2.76282E-02 4.74415E-02 6.05487E-02 1.10272E-01 1.38052E-01 3.99885E-01 6.17192E-01 6.01082E-02 4.74415E-02 2.76282E-02 1.16595E+00 
2.88819E-02 4.78140E-02 6.06031E-02 1.08279E-01 1.35247E-01 3.93973E-01 6.11515E-01 6.01556E-02 4.78140E-02 2.88819E-02 1.11236E+00 
2.99334E-02 4.80082E-02 6.04853E-02 1.06146E-01 1.32304E-01 3.87724E-01 6.05277E-01 6.00332E-02 4.80082E-02 2.99334E-02 1.05904E+00 
4.57029E-04 8.13653E-03 1.30666E-02 1.02624E-01 1.44737E-01 4.42543E-01 6.32875E-01 1.30398E-02 8.13653E-03 4.57029E-04 1.46554E+00 
4.57029E-04 8.13653E-03 1.59213E-02 1.03443E-01 1.44949E-01 4.43034E-01 6.36356E-01 1.58533E-02 8.13653E-03 4.57029E-04 1.49557E+00 
4.57029E-04 1.33190E-03 1.87078E-02 1.04200E-01 1.45092E-01 4.43312E-01 6.39512E-01 1.86000E-02 1.33190E-03 4.57029E-04 1.51751E+00 
4.57029E-04 4.36054E-03 2.14263E-02 1.04894E-01 1.45164E-01 4.43372E-01 6.42334E-01 2.12799E-02 4.36054E-03 4.57029E-04 1.53072E+00 
4.57029E-04 7.30017E-03 2.40609E-02 1.05486E-01 1.45120E-01 4.43172E-01 6.44820E-01 2.38770E-02 7.30017E-03 4.57029E-04 1.53940E+00 
4.57029E-04 1.01418E-02 2.66030E-02 1.05970E-01 1.44954E-01 4.42701E-01 6.46948E-01 2.63826E-02 1.01418E-02 4.57029E-04 1.54350E+00 
4.57029E-04 1.28772E-02 2.90444E-02 1.06341E-01 1.44663E-01 4.41949E-01 6.48700E-01 2.87887E-02 1.28772E-02 4.57029E-04 1.54304E+00 
4.57029E-04 1.49159E-02 3.08595E-02 1.06549E-01 1.44349E-01 4.41170E-01 6.49787E-01 3.05775E-02 1.49159E-02 4.57029E-04 1.53961E+00 
4.57029E-04 1.54986E-02 3.13775E-02 1.06596E-01 1.44242E-01 4.40909E-01 6.50059E-01 3.10879E-02 1.54986E-02 4.57029E-04 1.53810E+00 
4.57029E-04 1.81893E-02 3.37636E-02 1.06735E-01 1.43640E-01 4.39457E-01 6.51064E-01 3.34391E-02 1.81893E-02 4.57029E-04 1.52787E+00 
4.57029E-04 2.07312E-02 3.60074E-02 1.06731E-01 1.42882E-01 4.37653E-01 6.51576E-01 3.56499E-02 2.07312E-02 4.57029E-04 1.51275E+00 
4.57029E-04 2.31175E-02 3.81019E-02 1.06579E-01 1.41966E-01 4.35493E-01 6.51577E-01 3.77134E-02 2.31175E-02 4.57029E-04 1.49298E+00 
4.57029E-04 2.53421E-02 4.00409E-02 1.06279E-01 1.40891E-01 4.32973E-01 6.51056E-01 3.96236E-02 2.53421E-02 4.57029E-04 1.46885E+00 
2.49387E-03 2.74132E-02 4.18351E-02 1.05867E-01 1.39704E-01 4.30150E-01 6.50035E-01 4.13915E-02 2.74132E-02 2.49387E-03 1.43488E+00 
5.33377E-03 2.93145E-02 4.34637E-02 1.05294E-01 1.38344E-01 4.26945E-01 6.48460E-01 4.29960E-02 2.93145E-02 5.33377E-03 1.39648E+00 
7.98478E-03 3.10385E-02 4.49184E-02 1.04550E-01 1.36802E-01 4.23339E-01 6.46309E-01 4.44290E-02 3.10385E-02 7.98478E-03 1.35524E+00 
1.04419E-02 3.25820E-02 4.61957E-02 1.03637E-01 1.35080E-01 4.19336E-01 6.43573E-01 4.56870E-02 3.25820E-02 1.04419E-02 1.31154E+00 
1.27020E-02 3.39433E-02 4.72940E-02 1.02558E-01 1.33183E-01 4.14939E-01 6.40246E-01 4.67684E-02 3.39433E-02 1.27020E-02 1.26577E+00 
1.47635E-02 3.51223E-02 4.82128E-02 1.01317E-01 1.31117E-01 4.10154E-01 6.36326E-01 4.76730E-02 3.51223E-02 1.47635E-02 1.21833E+00 
1.66267E-02 3.61207E-02 4.89536E-02 9.99200E-02 1.28890E-01 4.04990E-01 6.31813E-01 4.84022E-02 3.61207E-02 1.66267E-02 1.16964E+00 
1.82933E-02 3.69414E-02 4.95190E-02 9.83746E-02 1.26511E-01 3.99461E-01 6.26713E-01 4.89588E-02 3.69414E-02 1.82933E-02 1.12007E+00 
1.97667E-02 3.75887E-02 4.99130E-02 9.66888E-02 1.23989E-01 3.93579E-01 6.21035E-01 4.93467E-02 3.75887E-02 1.97667E-02 1.07003E+00 
2.10516E-02 3.80682E-02 5.01410E-02 9.48716E-02 1.21335E-01 3.87360E-01 6.14789E-01 4.95713E-02 3.80682E-02 2.10516E-02 1.01988E+00 
2.21538E-02 3.83868E-02 5.02095E-02 9.29331E-02 1.18560E-01 3.80824E-01 6.07992E-01 4.96390E-02 3.83868E-02 2.21538E-02 9.69963E-01 
2.30804E-02 3.85519E-02 5.01257E-02 9.08839E-02 1.15678E-01 3.73989E-01 6.00661E-01 4.95572E-02 3.85519E-02 2.30804E-02 9.20585E-01 
2.38394E-02 3.85721E-02 4.98980E-02 8.87353E-02 1.12700E-01 3.66877E-01 5.92816E-01 4.93340E-02 3.85721E-02 2.38394E-02 8.72029E-01 
3.78218E-04 6.94009E-03 1.10566E-02 9.34342E-02 1.34329E-01 4.48561E-01 6.59315E-01 1.07665E-02 6.94009E-03 3.78218E-04 1.39256E+00 
3.78218E-04 6.94009E-03 1.36038E-02 9.38415E-02 1.34055E-01 4.47836E-01 6.61278E-01 1.32712E-02 6.94009E-03 3.78218E-04 1.41017E+00 
3.78218E-04 1.14297E-03 1.60762E-02 9.41918E-02 1.33720E-01 4.46899E-01 6.62898E-01 1.57033E-02 1.14297E-03 3.78218E-04 1.42053E+00 
3.78218E-04 3.73220E-03 1.84745E-02 9.44842E-02 1.33322E-01 4.45745E-01 6.64167E-01 1.80634E-02 3.73220E-03 3.78218E-04 1.42315E+00 
3.78218E-04 6.23159E-03 2.07852E-02 9.46798E-02 1.32815E-01 4.44323E-01 6.65069E-01 2.03375E-02 6.23159E-03 3.78218E-04 1.42171E+00 
3.78218E-04 8.63383E-03 2.30008E-02 9.47750E-02 1.32195E-01 4.42626E-01 6.65585E-01 2.25183E-02 8.63383E-03 3.78218E-04 1.41624E+00 
3.78218E-04 1.09324E-02 2.51146E-02 9.47668E-02 1.31461E-01 4.40647E-01 6.65702E-01 2.45993E-02 1.09324E-02 3.78218E-04 1.40684E+00 
3.78218E-04 1.26360E-02 2.66765E-02 9.46879E-02 1.30813E-01 4.38920E-01 6.65508E-01 2.61372E-02 1.26360E-02 3.78218E-04 1.39693E+00 
3.78218E-04 1.31213E-02 2.71206E-02 9.46527E-02 1.30610E-01 4.38382E-01 6.65404E-01 2.65745E-02 1.31213E-02 3.78218E-04 1.39361E+00 
3.78218E-04 1.53524E-02 2.91562E-02 9.44088E-02 1.29563E-01 4.35615E-01 6.64605E-01 2.85796E-02 1.53524E-02 3.78218E-04 1.37525E+00 
3.78218E-04 1.74439E-02 3.10539E-02 9.40378E-02 1.28379E-01 4.32507E-01 6.63296E-01 3.04493E-02 1.74439E-02 3.78218E-04 1.35288E+00 
3.78218E-04 1.93910E-02 3.28086E-02 9.35389E-02 1.27059E-01 4.29058E-01 6.61467E-01 3.21789E-02 1.93910E-02 3.78218E-04 1.32678E+00 
3.78218E-04 2.11899E-02 3.44160E-02 9.29121E-02 1.25604E-01 4.25268E-01 6.59111E-01 3.37642E-02 2.11899E-02 3.78218E-04 1.29727E+00 
2.05952E-03 2.28490E-02 3.58862E-02 9.21941E-02 1.24062E-01 4.21208E-01 6.56270E-01 3.52154E-02 2.28490E-02 2.05952E-03 1.25976E+00 
4.39114E-03 2.43555E-02 3.72031E-02 9.13393E-02 1.22375E-01 4.16788E-01 6.52874E-01 3.65162E-02 2.43555E-02 4.39114E-03 1.21889E+00 
6.55300E-03 2.57041E-02 3.83609E-02 9.03409E-02 1.20536E-01 4.11995E-01 6.48904E-01 3.76609E-02 2.57041E-02 6.55300E-03 1.17607E+00 
8.54233E-03 2.68937E-02 3.93580E-02 8.92023E-02 1.18550E-01 4.06835E-01 6.44355E-01 3.86481E-02 2.68937E-02 8.54233E-03 1.13164E+00 
1.03579E-02 2.79245E-02 4.01944E-02 8.79281E-02 1.16424E-01 4.01316E-01 6.39228E-01 3.94776E-02 2.79245E-02 1.03579E-02 1.08599E+00 
1.20001E-02 2.87979E-02 4.08714E-02 8.65242E-02 1.14165E-01 3.95449E-01 6.33526E-01 4.01509E-02 2.87979E-02 1.20001E-02 1.03947E+00 
1.34705E-02 2.95168E-02 4.13916E-02 8.49974E-02 1.11781E-01 3.89249E-01 6.27257E-01 4.06704E-02 2.95168E-02 1.34705E-02 9.92451E-01 
1.47722E-02 3.00853E-02 4.17588E-02 8.33554E-02 1.09283E-01 3.82729E-01 6.20432E-01 4.10400E-02 3.00853E-02 1.47722E-02 9.45271E-01 
1.59094E-02 3.05084E-02 4.19779E-02 8.16068E-02 1.06680E-01 3.75908E-01 6.13063E-01 4.12646E-02 3.05084E-02 1.59094E-02 8.98256E-01 
1.68876E-02 3.07922E-02 4.20548E-02 7.97608E-02 1.03983E-01 3.68804E-01 6.05169E-01 4.13499E-02 3.07922E-02 1.68876E-02 8.51706E-01 
1.77131E-02 3.09437E-02 4.19964E-02 7.78271E-02 1.01204E-01 3.61438E-01 5.96769E-01 4.13028E-02 3.09437E-02 1.77131E-02 8.05894E-01 
1.83929E-02 3.09705E-02 4.18101E-02 7.58158E-02 9.83538E-02 3.53832E-01 5.87885E-01 4.11305E-02 3.09705E-02 1.83929E-02 7.61060E-01 
1.89349E-02 3.08807E-02 4.15042E-02 7.37374E-02 9.54449E-02 3.46008E-01 5.78542E-01 4.08411E-02 3.08807E-02 1.89349E-02 7.17414E-01 
3.11101E-04 5.87523E-03 1.00941E-02 8.40579E-02 1.23323E-01 4.52041E-01 6.83365E-01 9.44775E-03 5.87523E-03 3.11101E-04 1.31194E+00 
3.11101E-04 5.87523E-03 1.23396E-02 8.41376E-02 1.22661E-01 4.50123E-01 6.83729E-01 1.16555E-02 5.87523E-03 3.11101E-04 1.31900E+00 
3.11101E-04 9.73315E-04 1.45071E-02 8.41671E-02 1.21946E-01 4.48000E-01 6.83741E-01 1.37880E-02 9.73315E-04 3.11101E-04 1.31968E+00 
3.11101E-04 3.17014E-03 1.65975E-02 8.41456E-02 1.21179E-01 4.45667E-01 6.83392E-01 1.58462E-02 3.17014E-03 3.11101E-04 1.31361E+00 
3.11101E-04 5.27945E-03 1.85990E-02 8.40356E-02 1.20313E-01 4.43066E-01 6.82651E-01 1.78181E-02 5.27945E-03 3.11101E-04 1.30400E+00 
3.11101E-04 7.29543E-03 2.05056E-02 8.38353E-02 1.19346E-01 4.40191E-01 6.81505E-01 1.96976E-02 7.29543E-03 3.11101E-04 1.29095E+00 
3.11101E-04 9.21302E-03 2.23119E-02 8.35428E-02 1.18279E-01 4.37040E-01 6.79942E-01 2.14795E-02 9.21302E-03 3.11101E-04 1.27459E+00 
3.11101E-04 1.06263E-02 2.36377E-02 8.32526E-02 1.17384E-01 4.34411E-01 6.78440E-01 2.27883E-02 1.06263E-02 3.11101E-04 1.25975E+00 
3.11101E-04 1.10277E-02 2.40132E-02 8.31572E-02 1.17111E-01 4.33611E-01 6.77951E-01 2.31592E-02 1.10277E-02 3.11101E-04 1.25507E+00 
3.11101E-04 1.28645E-02 2.57251E-02 8.26363E-02 1.15740E-01 4.29603E-01 6.75316E-01 2.48510E-02 1.28645E-02 3.11101E-04 1.23070E+00 
3.11101E-04 1.45732E-02 2.73056E-02 8.20064E-02 1.14253E-01 4.25272E-01 6.72166E-01 2.64149E-02 1.45732E-02 3.11101E-04 1.20317E+00 
3.11101E-04 1.61505E-02 2.87514E-02 8.12681E-02 1.12654E-01 4.20622E-01 6.68495E-01 2.78476E-02 1.61505E-02 3.11101E-04 1.17276E+00 
3.11101E-04 1.75945E-02 3.00599E-02 8.04229E-02 1.10945E-01 4.15657E-01 6.64301E-01 2.91465E-02 1.75945E-02 3.11101E-04 1.13980E+00 
1.69058E-03 1.89133E-02 3.12405E-02 7.95057E-02 1.09171E-01 4.10459E-01 6.59647E-01 3.03212E-02 1.89133E-02 1.69058E-03 1.10048E+00 
3.59354E-03 2.00970E-02 3.22809E-02 7.84756E-02 1.07280E-01 4.04931E-01 6.54446E-01 3.13591E-02 2.00970E-02 3.59354E-03 1.05874E+00 
5.34617E-03 2.11424E-02 3.31774E-02 7.73278E-02 1.05267E-01 3.99062E-01 6.48680E-01 3.22565E-02 2.11424E-02 5.34617E-03 1.01580E+00 
6.94739E-03 2.20497E-02 3.39299E-02 7.60668E-02 1.03138E-01 3.92863E-01 6.42352E-01 3.30135E-02 2.20497E-02 6.94739E-03 9.71992E-01 
8.39743E-03 2.28205E-02 3.45397E-02 7.46982E-02 1.00900E-01 3.86345E-01 6.35467E-01 3.36312E-02 2.28205E-02 8.39743E-03 9.27654E-01 
9.69782E-03 2.34572E-02 3.50092E-02 7.32284E-02 9.85619E-02 3.79523E-01 6.28036E-01 3.41120E-02 2.34572E-02 9.69782E-03 8.83105E-01 
1.08512E-02 2.39634E-02 3.53419E-02 7.16647E-02 9.61323E-02 3.72415E-01 6.20071E-01 3.44592E-02 2.39634E-02 1.08512E-02 8.38654E-01 
1.18615E-02 2.43438E-02 3.55423E-02 7.00149E-02 9.36210E-02 3.65038E-01 6.11587E-01 3.46774E-02 2.43438E-02 1.18615E-02 7.94588E-01 
1.27334E-02 2.46038E-02 3.56159E-02 6.82873E-02 9.10379E-02 3.57412E-01 6.02606E-01 3.47717E-02 2.46038E-02 1.27334E-02 7.51171E-01 
1.34724E-02 2.47495E-02 3.55688E-02 6.64908E-02 8.83936E-02 3.49559E-01 5.93147E-01 3.47482E-02 2.47495E-02 1.34724E-02 7.08640E-01 
1.40850E-02 2.47878E-02 3.54081E-02 6.46345E-02 8.56987E-02 3.41501E-01 5.83235E-01 3.46136E-02 2.47878E-02 1.40850E-02 6.67203E-01 
1.45780E-02 2.47258E-02 3.51410E-02 6.27275E-02 8.29638E-02 3.33262E-01 5.72897E-01 3.43751E-02 2.47258E-02 1.45780E-02 6.27037E-01 
1.49588E-02 2.45712E-02 3.47755E-02 6.07793E-02 8.01997E-02 3.24864E-01 5.62162E-01 3.40404E-02 2.45712E-02 1.49588E-02 5.88288E-01 
2.54803E-04 4.94408E-03 9.99289E-03 7.48196E-02 1.12117E-01 4.52878E-01 7.04368E-01 8.91916E-03 4.94408E-03 2.54803E-04 1.22652E+00 
2.54803E-04 4.94408E-03 1.19430E-02 7.46522E-02 1.11161E-01 4.49811E-01 7.03083E-01 1.08433E-02 4.94408E-03 2.54803E-04 1.22489E+00 
2.54803E-04 8.23693E-04 1.38143E-02 7.44424E-02 1.10164E-01 4.46554E-01 7.01445E-01 1.26921E-02 8.23693E-04 2.54803E-04 1.21774E+00 
2.54803E-04 2.67629E-03 1.56082E-02 7.41896E-02 1.09124E-01 4.43101E-01 6.99443E-01 1.44670E-02 2.67629E-03 2.54803E-04 1.20480E+00 
2.54803E-04 4.44597E-03 1.73143E-02 7.38582E-02 1.07998E-01 4.39383E-01 6.97032E-01 1.61572E-02 4.44597E-03 2.54803E-04 1.18887E+00 
2.54803E-04 6.12818E-03 1.89279E-02 7.34475E-02 1.06786E-01 4.35401E-01 6.94204E-01 1.77580E-02 6.12818E-03 2.54803E-04 1.17008E+00 
2.54803E-04 7.71912E-03 2.04447E-02 7.29570E-02 1.05487E-01 4.31154E-01 6.90948E-01 1.92653E-02 7.71912E-03 2.54803E-04 1.14858E+00 
2.54803E-04 8.88534E-03 2.15497E-02 7.25225E-02 1.04424E-01 4.27686E-01 6.88133E-01 2.03652E-02 8.88534E-03 2.54803E-04 1.13020E+00 
2.54803E-04 9.21544E-03 2.18612E-02 7.23865E-02 1.04104E-01 4.26643E-01 6.87260E-01 2.06756E-02 9.21544E-03 2.54803E-04 1.12456E+00 
2.54803E-04 1.07197E-02 2.32726E-02 7.16823E-02 1.02520E-01 4.21488E-01 6.82793E-01 2.20842E-02 1.07197E-02 2.54803E-04 1.09607E+00 
2.54803E-04 1.21083E-02 2.45609E-02 7.08869E-02 1.00842E-01 4.16035E-01 6.77814E-01 2.33736E-02 1.21083E-02 2.54803E-04 1.06518E+00 
2.54803E-04 1.33795E-02 2.57242E-02 7.00018E-02 9.90730E-02 4.10290E-01 6.72323E-01 2.45419E-02 1.33795E-02 2.54803E-04 1.03219E+00 
2.54803E-04 1.45323E-02 2.67613E-02 6.90297E-02 9.72179E-02 4.04262E-01 6.66323E-01 2.55879E-02 1.45323E-02 2.54803E-04 9.97403E-01 
1.38189E-03 1.55748E-02 2.76812E-02 6.80029E-02 9.53193E-02 3.98043E-01 6.59897E-01 2.65202E-02 1.55748E-02 1.38189E-03 9.57659E-01 
2.92869E-03 1.64992E-02 2.84744E-02 6.68850E-02 9.33292E-02 3.91529E-01 6.52941E-01 2.73296E-02 1.64992E-02 2.92869E-03 9.16301E-01 
4.34401E-03 1.73040E-02 2.91388E-02 6.56728E-02 9.12437E-02 3.84710E-01 6.45439E-01 2.80137E-02 1.73040E-02 4.34401E-03 8.74375E-01 
5.62794E-03 1.79904E-02 2.96756E-02 6.43715E-02 8.90700E-02 3.77601E-01 6.37399E-01 2.85738E-02 1.79904E-02 5.62794E-03 8.32182E-01 
6.78173E-03 1.85605E-02 3.00868E-02 6.29870E-02 8.68158E-02 3.70217E-01 6.28834E-01 2.90118E-02 1.85605E-02 6.78173E-03 7.90011E-01 
7.80769E-03 1.90177E-02 3.03758E-02 6.15259E-02 8.44897E-02 3.62577E-01 6.19758E-01 2.93307E-02 1.90177E-02 7.80769E-03 7.48139E-01 
8.70909E-03 1.93659E-02 3.05467E-02 5.99953E-02 8.21005E-02 3.54699E-01 6.10190E-01 2.95345E-02 1.93659E-02 8.70909E-03 7.06821E-01 
9.49007E-03 1.96098E-02 3.06043E-02 5.84027E-02 7.96574E-02 3.46606E-01 6.00151E-01 2.96279E-02 1.96098E-02 9.49007E-03 6.66289E-01 
1.01555E-02 1.97550E-02 3.05545E-02 5.67561E-02 7.71700E-02 3.38318E-01 5.89664E-01 2.96163E-02 1.97550E-02 1.01555E-02 6.26751E-01 
1.07110E-02 1.98073E-02 3.04034E-02 5.50636E-02 7.46479E-02 3.29858E-01 5.78757E-01 2.95058E-02 1.98073E-02 1.07110E-02 5.88383E-01 
1.11626E-02 1.97731E-02 3.01579E-02 5.33333E-02 7.21008E-02 3.21250E-01 5.67457E-01 2.93029E-02 1.97731E-02 1.11626E-02 5.51338E-01 
1.15167E-02 1.96592E-02 2.98250E-02 5.15734E-02 6.95383E-02 3.12518E-01 5.55795E-01 2.90143E-02 1.96592E-02 1.15167E-02 5.15737E-01 
1.17801E-02 1.94723E-02 2.94121E-02 4.97920E-02 6.69695E-02 3.03687E-01 5.43802E-01 2.86472E-02 1.94723E-02 1.17801E-02 4.81673E-01 
2.07673E-04 4.13355E-03 1.05332E-02 6.59016E-02 1.00951E-01 4.51057E-01 7.22029E-01 8.99500E-03 4.13355E-03 2.07673E-04 1.13800E+00 
2.07673E-04 4.13355E-03 1.21920E-02 6.55573E-02 9.97866E-02 4.46896E-01 7.19059E-01 1.06474E-02 4.13355E-03 2.07673E-04 1.12937E+00 
2.07673E-04 6.92392E-04 1.37737E-02 6.51784E-02 9.85922E-02 4.42564E-01 7.15740E-01 1.22264E-02 6.92392E-04 2.07673E-04 1.11607E+00 
2.07673E-04 2.24444E-03 1.52799E-02 6.47649E-02 9.73667E-02 4.38055E-01 7.12064E-01 1.37336E-02 2.24444E-03 2.07673E-04 1.09789E+00 
2.07673E-04 3.71970E-03 1.67014E-02 6.42834E-02 9.60674E-02 4.33292E-01 7.07969E-01 1.51596E-02 3.71970E-03 2.07673E-04 1.07725E+00 
2.07673E-04 5.11469E-03 1.80344E-02 6.37340E-02 9.46955E-02 4.28278E-01 7.03451E-01 1.65008E-02 5.11469E-03 2.07673E-04 1.05430E+00 
2.07673E-04 6.42663E-03 1.92759E-02 6.31168E-02 9.32526E-02 4.23016E-01 6.98504E-01 1.77540E-02 6.42663E-03 2.07673E-04 1.02922E+00 
2.07673E-04 7.38323E-03 2.01719E-02 6.25934E-02 9.20889E-02 4.18777E-01 6.94382E-01 1.86616E-02 7.38323E-03 2.07673E-04 1.00848E+00 
2.07673E-04 7.65314E-03 2.04232E-02 6.24328E-02 9.17410E-02 4.17510E-01 6.93127E-01 1.89166E-02 7.65314E-03 2.07673E-04 1.00221E+00 
2.07673E-04 8.87792E-03 2.15525E-02 6.16215E-02 9.00367E-02 4.11307E-01 6.86846E-01 2.00664E-02 8.87792E-03 2.07673E-04 9.71162E-01 
2.07673E-04 9.99987E-03 2.25684E-02 6.07356E-02 8.82587E-02 4.04836E-01 6.80066E-01 2.11067E-02 9.99987E-03 2.07673E-04 9.38397E-01 
2.07673E-04 1.10183E-02 2.34701E-02 5.97775E-02 8.64110E-02 3.98107E-01 6.72792E-01 2.20368E-02 1.10183E-02 2.07673E-04 9.04204E-01 
2.07673E-04 1.19332E-02 2.42576E-02 5.87501E-02 8.44981E-02 3.91131E-01 6.65032E-01 2.28563E-02 1.19332E-02 2.07673E-04 8.68880E-01 
1.12411E-03 1.27520E-02 2.49397E-02 5.76832E-02 8.25604E-02 3.84009E-01 6.56889E-01 2.35735E-02 1.27520E-02 1.12411E-03 8.29795E-01 
2.37550E-03 1.34690E-02 2.55088E-02 5.65446E-02 8.05540E-02 3.76631E-01 6.48242E-01 2.41812E-02 1.34690E-02 2.37550E-03 7.89764E-01 
3.51320E-03 1.40837E-02 2.59641E-02 5.53321E-02 7.84763E-02 3.68988E-01 6.39077E-01 2.46784E-02 1.40837E-02 3.51320E-03 7.49678E-01 
4.53811E-03 1.45980E-02 2.63075E-02 5.40513E-02 7.63346E-02 3.61099E-01 6.29408E-01 2.50670E-02 1.45980E-02 4.53811E-03 7.09800E-01 
5.45214E-03 1.50145E-02 2.65421E-02 5.27080E-02 7.41367E-02 3.52982E-01 6.19253E-01 2.53495E-02 1.50145E-02 5.45214E-03 6.70375E-01 
6.25803E-03 1.53367E-02 2.66715E-02 5.13087E-02 7.18908E-02 3.44657E-01 6.08631E-01 2.55295E-02 1.53367E-02 6.25803E-03 6.31631E-01 
6.95930E-03 1.55688E-02 2.67003E-02 4.98600E-02 6.96055E-02 3.36147E-01 5.97567E-01 2.56112E-02 1.55688E-02 6.95930E-03 5.93774E-01 
7.56019E-03 1.57154E-02 2.66335E-02 4.83690E-02 6.72892E-02 3.27474E-01 5.86087E-01 2.55993E-02 1.57154E-02 7.56019E-03 5.56983E-01 
8.06547E-03 1.57817E-02 2.64770E-02 4.68428E-02 6.49508E-02 3.18661E-01 5.74218E-01 2.54993E-02 1.57817E-02 8.06547E-03 5.21413E-01 
8.48041E-03 1.57732E-02 2.62368E-02 4.52886E-02 6.25988E-02 3.09732E-01 5.61991E-01 2.53170E-02 1.57732E-02 8.48041E-03 4.87191E-01 
8.81063E-03 1.56959E-02 2.59195E-02 4.37137E-02 6.02417E-02 3.00712E-01 5.49438E-01 2.50585E-02 1.56959E-02 8.81063E-03 4.54419E-01 
9.06202E-03 1.55556E-02 2.55317E-02 4.21251E-02 5.78878E-02 2.91624E-01 5.36592E-01 2.47302E-02 1.55556E-02 9.06202E-03 4.23170E-01 
9.24061E-03 1.53586E-02 2.50803E-02 4.05296E-02 5.55450E-02 2.82493E-01 5.23488E-01 2.43387E-02 1.53586E-02 9.24061E-03 3.93496E-01 
1.68407E-04 3.43306E-03 1.14957E-02 5.74728E-02 9.00603E-02 4.46575E-01 7.36030E-01 9.50324E-03 3.43306E-03 1.68407E-04 1.04814E+00 
1.68407E-04 3.43306E-03 1.28680E-02 5.70108E-02 8.87620E-02 4.41386E-01 7.31355E-01 1.08956E-02 3.43306E-03 1.68407E-04 1.03406E+00 
1.68407E-04 5.78040E-04 1.41670E-02 5.65221E-02 8.74442E-02 4.36050E-01 7.26346E-01 1.22182E-02 5.78040E-04 1.68407E-04 1.01609E+00 
1.68407E-04 1.86959E-03 1.53945E-02 5.60066E-02 8.61061E-02 4.30561E-01 7.20993E-01 1.34728E-02 1.86959E-03 1.68407E-04 9.94095E-01 
1.68407E-04 3.09141E-03 1.65419E-02 5.54337E-02 8.47070E-02 4.24833E-01 7.15221E-01 1.46509E-02 3.09141E-03 1.68407E-04 9.70145E-01 
1.68407E-04 4.24091E-03 1.76064E-02 5.48038E-02 8.32491E-02 4.18874E-01 7.09026E-01 1.57498E-02 4.24091E-03 1.68407E-04 9.44409E-01 
1.68407E-04 5.31609E-03 1.85860E-02 5.41179E-02 8.17346E-02 4.12687E-01 7.02408E-01 1.67672E-02 5.31609E-03 1.68407E-04 9.17072E-01 
1.68407E-04 6.09601E-03 1.92845E-02 5.35494E-02 8.05256E-02 4.07750E-01 6.96999E-01 1.74974E-02 6.09601E-03 1.68407E-04 8.94947E-01 
1.68407E-04 6.31538E-03 1.94789E-02 5.33771E-02 8.01662E-02 4.06282E-01 6.95370E-01 1.77013E-02 6.31538E-03 1.68407E-04 8.88333E-01 
1.68407E-04 7.30665E-03 2.03432E-02 5.25188E-02 7.84178E-02 3.99139E-01 6.87315E-01 1.86138E-02 7.30665E-03 1.68407E-04 8.56014E-01 
1.68407E-04 8.20782E-03 2.11050E-02 5.16009E-02 7.66141E-02 3.91762E-01 6.78783E-01 1.94272E-02 8.20782E-03 1.68407E-04 8.22577E-01 
1.68407E-04 9.01892E-03 2.17642E-02 5.06263E-02 7.47593E-02 3.84164E-01 6.69784E-01 2.01414E-02 9.01892E-03 1.68407E-04 7.88292E-01 
1.68407E-04 9.74062E-03 2.23218E-02 4.95980E-02 7.28583E-02 3.76361E-01 6.60330E-01 2.07570E-02 9.74062E-03 1.68407E-04 7.53430E-01 
9.09853E-04 1.03796E-02 2.27865E-02 4.85427E-02 7.09481E-02 3.68459E-01 6.50546E-01 2.12818E-02 1.03796E-02 9.09853E-04 7.15815E-01 
1.91735E-03 1.09318E-02 2.31521E-02 4.74324E-02 6.89890E-02 3.60343E-01 6.40293E-01 2.17103E-02 1.09318E-02 1.91735E-03 6.77798E-01 
2.82755E-03 1.13974E-02 2.34187E-02 4.62658E-02 6.69794E-02 3.52006E-01 6.29558E-01 2.20423E-02 1.13974E-02 2.82755E-03 6.40130E-01 
3.64193E-03 1.17788E-02 2.35890E-02 4.50482E-02 6.49265E-02 3.43469E-01 6.18362E-01 2.22802E-02 1.17788E-02 3.64193E-03 6.03034E-01 
4.36272E-03 1.20788E-02 2.36662E-02 4.37853E-02 6.28377E-02 3.34752E-01 6.06726E-01 2.24270E-02 1.20788E-02 4.36272E-03 5.66710E-01 
4.99286E-03 1.23008E-02 2.36545E-02 4.24830E-02 6.07206E-02 3.25879E-01 5.94677E-01 2.24864E-02 1.23008E-02 4.99286E-03 5.31342E-01 
5.53592E-03 1.24490E-02 2.35586E-02 4.11476E-02 5.85831E-02 3.16873E-01 5.82243E-01 2.24627E-02 1.24490E-02 5.53592E-03 4.97087E-01 
5.99597E-03 1.25278E-02 2.33835E-02 3.97852E-02 5.64330E-02 3.07757E-01 5.69454E-01 2.23607E-02 1.25278E-02 5.99597E-03 4.64078E-01 
6.37753E-03 1.25419E-02 2.31350E-02 3.84022E-02 5.42780E-02 2.98556E-01 5.56342E-01 2.21856E-02 1.25419E-02 6.37753E-03 4.32424E-01 
6.68547E-03 1.24964E-02 2.28190E-02 3.70049E-02 5.21255E-02 2.89293E-01 5.42942E-01 2.19429E-02 1.24964E-02 6.68547E-03 4.02208E-01 
6.92485E-03 1.23965E-02 2.24414E-02 3.55994E-02 4.99830E-02 2.79994E-01 5.29287E-01 2.16383E-02 1.23965E-02 6.92485E-03 3.73488E-01 
7.10093E-03 1.22475E-02 2.20085E-02 3.41917E-02 4.78573E-02 2.70682E-01 5.15413E-01 2.12777E-02 1.22475E-02 7.10093E-03 3.46302E-01 
7.21902E-03 1.20546E-02 2.15266E-02 3.27875E-02 4.57551E-02 2.61380E-01 5.01358E-01 2.08671E-02 1.20546E-02 7.21902E-03 3.20666E-01 
1.35850E-04 2.83192E-03 1.26683E-02 4.96576E-02 7.96325E-02 4.39453E-01 7.46099E-01 1.02860E-02 2.83192E-03 1.35850E-04 9.58467E-01 
1.35850E-04 2.83192E-03 1.37616E-02 4.91264E-02 7.82633E-02 4.33315E-01 7.39723E-01 1.14307E-02 2.83192E-03 1.35850E-04 9.40303E-01 
1.35850E-04 4.79182E-04 1.47871E-02 4.85756E-02 7.68843E-02 4.27057E-01 7.33034E-01 1.25106E-02 4.79182E-04 1.35850E-04 9.18982E-01 
1.35850E-04 1.54656E-03 1.57468E-02 4.80051E-02 7.54946E-02 4.20674E-01 7.26024E-01 1.35274E-02 1.54656E-03 1.35850E-04 8.94416E-01 
1.35850E-04 2.55173E-03 1.66325E-02 4.73871E-02 7.40564E-02 4.14073E-01 7.18599E-01 1.44735E-02 2.55173E-03 1.35850E-04 8.68362E-01 
1.35850E-04 3.49278E-03 1.74422E-02 4.67224E-02 7.25722E-02 4.07263E-01 7.10761E-01 1.53468E-02 3.49278E-03 1.35850E-04 8.40996E-01 
1.35850E-04 4.36835E-03 1.81746E-02 4.60124E-02 7.10446E-02 4.00253E-01 7.02515E-01 1.61457E-02 4.36835E-03 1.35850E-04 8.12502E-01 
1.35850E-04 5.00025E-03 1.86877E-02 4.54328E-02 6.98346E-02 3.94696E-01 6.95858E-01 1.67122E-02 5.00025E-03 1.35850E-04 7.89805E-01 
1.35850E-04 5.17746E-03 1.88288E-02 4.52584E-02 6.94765E-02 3.93051E-01 6.93866E-01 1.68692E-02 5.17746E-03 1.35850E-04 7.83075E-01 
1.35850E-04 5.97484E-03 1.94462E-02 4.43984E-02 6.77440E-02 3.85083E-01 6.84099E-01 1.75641E-02 5.97484E-03 1.35850E-04 7.50527E-01 
1.35850E-04 6.69429E-03 1.99726E-02 4.34919E-02 6.59722E-02 3.76921E-01 6.73886E-01 1.81706E-02 6.69429E-03 1.35850E-04 7.17372E-01 
1.35850E-04 7.33635E-03 2.04088E-02 4.25419E-02 6.41657E-02 3.68578E-01 6.63242E-01 1.86891E-02 7.33635E-03 1.35850E-04 6.83854E-01 
1.35850E-04 7.90207E-03 2.07565E-02 4.15516E-02 6.23291E-02 3.60073E-01 6.52185E-01 1.91209E-02 7.90207E-03 1.35850E-04 6.50212E-01 
7.32613E-04 8.39738E-03 2.10243E-02 4.05445E-02 6.04961E-02 3.51520E-01 6.40857E-01 1.94736E-02 8.39738E-03 7.32613E-04 6.14653E-01 
1.53964E-03 8.81950E-03 2.12069E-02 3.94963E-02 5.86310E-02 3.42796E-01 6.29103E-01 1.97424E-02 8.81950E-03 1.53964E-03 5.79123E-01 
2.26427E-03 9.16921E-03 2.13050E-02 3.84063E-02 5.67328E-02 3.33898E-01 6.16913E-01 1.99281E-02 9.16921E-03 2.26427E-03 5.44248E-01 
2.90823E-03 9.44888E-03 2.13217E-02 3.72796E-02 5.48083E-02 3.24848E-01 6.04310E-01 2.00333E-02 9.44888E-03 2.90823E-03 5.10211E-01 
3.47393E-03 9.66142E-03 2.12606E-02 3.61214E-02 5.28643E-02 3.15668E-01 5.91324E-01 2.00612E-02 9.66142E-03 3.47393E-03 4.77171E-01 
3.96431E-03 9.81021E-03 2.11260E-02 3.49370E-02 5.09080E-02 3.06382E-01 5.77985E-01 2.00157E-02 9.81021E-03 3.96431E-03 4.45267E-01 
4.38280E-03 9.89902E-03 2.09225E-02 3.37320E-02 4.89461E-02 2.97015E-01 5.64324E-01 1.99009E-02 9.89902E-03 4.38280E-03 4.14616E-01 
4.73322E-03 9.93193E-03 2.06552E-02 3.25118E-02 4.69857E-02 2.87592E-01 5.50376E-01 1.97215E-02 9.93193E-03 4.73322E-03 3.85310E-01 
5.01971E-03 9.91327E-03 2.03294E-02 3.12820E-02 4.50333E-02 2.78136E-01 5.36177E-01 1.94825E-02 9.91327E-03 5.01971E-03 3.57416E-01 
5.24663E-03 9.84751E-03 1.99507E-02 3.00477E-02 4.30954E-02 2.68672E-01 5.21763E-01 1.91889E-02 9.84751E-03 5.24663E-03 3.30983E-01 
5.41849E-03 9.73918E-03 1.95247E-02 2.88143E-02 4.11781E-02 2.59225E-01 5.07170E-01 1.88461E-02 9.73918E-03 5.41849E-03 3.06034E-01 
5.53989E-03 9.59286E-03 1.90569E-02 2.75865E-02 3.92871E-02 2.49816E-01 4.92437E-01 1.84594E-02 9.59286E-03 5.53989E-03 2.82576E-01 
5.61541E-03 9.41303E-03 1.85531E-02 2.63691E-02 3.74277E-02 2.40468E-01 4.77602E-01 1.80340E-02 9.41303E-03 5.61541E-03 2.60599E-01 
1.08987E-04 2.31966E-03 1.38577E-02 4.25367E-02 6.98092E-02 4.29742E-01 7.52013E-01 1.12031E-02 2.31966E-03 1.08987E-04 8.70308E-01 
1.08987E-04 2.31966E-03 1.46835E-02 4.19740E-02 6.84204E-02 4.22745E-01 7.43962E-01 1.21136E-02 2.31966E-03 1.08987E-04 8.49264E-01 
1.08987E-04 3.94349E-04 1.54487E-02 4.13981E-02 6.70305E-02 4.15659E-01 7.35628E-01 1.29654E-02 3.94349E-04 1.08987E-04 8.25729E-01 
1.08987E-04 1.27021E-03 1.61551E-02 4.08088E-02 6.56383E-02 4.08480E-01 7.27002E-01 1.37599E-02 1.27021E-03 1.08987E-04 7.99648E-01 
1.08987E-04 2.09143E-03 1.67945E-02 4.01809E-02 6.42091E-02 4.01107E-01 7.17973E-01 1.44901E-02 2.09143E-03 1.08987E-04 7.72503E-01 
1.08987E-04 2.85666E-03 1.73660E-02 3.95156E-02 6.27454E-02 3.93552E-01 7.08550E-01 1.51544E-02 2.85666E-03 1.08987E-04 7.44468E-01 
1.08987E-04 3.56501E-03 1.78688E-02 3.88144E-02 6.12502E-02 3.85825E-01 6.98739E-01 1.57521E-02 3.56501E-03 1.08987E-04 7.15719E-01 
1.08987E-04 4.07371E-03 1.82105E-02 3.82481E-02 6.00735E-02 3.79737E-01 6.90889E-01 1.61683E-02 4.07371E-03 1.08987E-04 6.93102E-01 
1.08987E-04 4.21594E-03 1.83027E-02 3.80788E-02 5.97264E-02 3.77939E-01 6.88552E-01 1.62824E-02 4.21594E-03 1.08987E-04 6.86441E-01 
1.08987E-04 4.85331E-03 1.86936E-02 3.72493E-02 5.80551E-02 3.69272E-01 6.77160E-01 1.67789E-02 4.85331E-03 1.08987E-04 6.54485E-01 
1.08987E-04 5.42411E-03 1.90057E-02 3.63846E-02 5.63583E-02 3.60450E-01 6.65361E-01 1.71975E-02 5.42411E-03 1.08987E-04 6.22348E-01 
1.08987E-04 5.92916E-03 1.92404E-02 3.54875E-02 5.46405E-02 3.51493E-01 6.53176E-01 1.75395E-02 5.92916E-03 1.08987E-04 5.90243E-01 
1.08987E-04 6.36977E-03 1.93998E-02 3.45612E-02 5.29062E-02 3.42418E-01 6.40626E-01 1.78064E-02 6.36977E-03 1.08987E-04 5.58376E-01 
5.86702E-04 6.75106E-03 1.94927E-02 3.36259E-02 5.11852E-02 3.33345E-01 6.27873E-01 1.80055E-02 6.75106E-03 5.86702E-04 5.25270E-01 
1.22973E-03 7.07126E-03 1.95140E-02 3.26610E-02 4.94461E-02 3.24149E-01 6.14745E-01 1.81330E-02 7.07126E-03 1.22973E-03 4.92525E-01 
1.80364E-03 7.33147E-03 1.94649E-02 3.16661E-02 4.76881E-02 3.14824E-01 6.01232E-01 1.81898E-02 7.33147E-03 1.80364E-03 4.60655E-01 
2.31028E-03 7.53405E-03 1.93488E-02 3.06459E-02 4.59174E-02 3.05396E-01 5.87365E-01 1.81787E-02 7.53405E-03 2.31028E-03 4.29803E-01 
2.75205E-03 7.68179E-03 1.91693E-02 2.96049E-02 4.41403E-02 2.95888E-01 5.73177E-01 1.81031E-02 7.68179E-03 2.75205E-03 4.00093E-01 
3.13176E-03 7.77784E-03 1.89308E-02 2.85480E-02 4.23630E-02 2.86325E-01 5.58701E-01 1.79668E-02 7.77784E-03 3.13176E-03 3.71625E-01 
3.45261E-03 7.82563E-03 1.86377E-02 2.74799E-02 4.05916E-02 2.76733E-01 5.43974E-01 1.77739E-02 7.82563E-03 3.45261E-03 3.44478E-01 
3.71808E-03 7.82883E-03 1.82950E-02 2.64053E-02 3.88318E-02 2.67135E-01 5.29033E-01 1.75288E-02 7.82883E-03 3.71808E-03 3.18708E-01 
3.93187E-03 7.79125E-03 1.79075E-02 2.53289E-02 3.70895E-02 2.57556E-01 5.13916E-01 1.72361E-02 7.79125E-03 3.93187E-03 2.94352E-01 
4.09783E-03 7.71677E-03 1.74803E-02 2.42550E-02 3.53699E-02 2.48019E-01 4.98660E-01 1.69005E-02 7.71677E-03 4.09783E-03 2.71427E-01 
4.21990E-03 7.60930E-03 1.70185E-02 2.31880E-02 3.36780E-02 2.38547E-01 4.83306E-01 1.65268E-02 7.60930E-03 4.21990E-03 2.49931E-01 
4.30202E-03 7.47273E-03 1.65272E-02 2.21318E-02 3.20183E-02 2.29163E-01 4.67892E-01 1.61197E-02 7.47273E-03 4.30202E-03 2.29847E-01 
4.34810E-03 7.31083E-03 1.60112E-02 2.10901E-02 3.03951E-02 2.19886E-01 4.52455E-01 1.56840E-02 7.31083E-03 4.34810E-03 2.11145E-01 
8.71270E-05 1.89007E-03 1.48904E-02 3.62083E-02 6.07710E-02 4.17657E-01 7.53616E-01 1.21257E-02 1.89007E-03 8.71270E-05 7.85577E-01 
8.71270E-05 1.89007E-03 1.54677E-02 3.56425E-02 5.94031E-02 4.09910E-01 7.43956E-01 1.28193E-02 1.89007E-03 8.71270E-05 7.62706E-01 
8.71270E-05 3.22733E-04 1.59925E-02 3.50687E-02 5.80411E-02 4.02108E-01 7.34049E-01 1.34607E-02 3.22733E-04 8.71270E-05 7.37934E-01 
8.71270E-05 1.03757E-03 1.64666E-02 3.44867E-02 5.66841E-02 3.94246E-01 7.23886E-01 1.40513E-02 1.03757E-03 8.71270E-05 7.11227E-01 
8.71270E-05 1.70509E-03 1.68818E-02 3.38741E-02 5.53000E-02 3.86218E-01 7.13342E-01 1.45843E-02 1.70509E-03 8.71270E-05 6.83826E-01 
8.71270E-05 2.32431E-03 1.72375E-02 3.32321E-02 5.38917E-02 3.78037E-01 7.02426E-01 1.50588E-02 2.32431E-03 8.71270E-05 6.55898E-01 
8.71270E-05 2.89471E-03 1.75338E-02 3.25622E-02 5.24620E-02 3.69717E-01 6.91153E-01 1.54743E-02 2.89471E-03 8.71270E-05 6.27608E-01 
8.71270E-05 3.30239E-03 1.77223E-02 3.20257E-02 5.13429E-02 3.63192E-01 6.82193E-01 1.57553E-02 3.30239E-03 8.71270E-05 6.05576E-01 
8.71270E-05 3.41605E-03 1.77708E-02 3.18660E-02 5.10138E-02 3.61271E-01 6.79535E-01 1.58308E-02 3.41605E-03 8.71270E-05 5.99122E-01 
8.71270E-05 3.92335E-03 1.79609E-02 3.10881E-02 4.94352E-02 3.52039E-01 6.66642E-01 1.61495E-02 3.92335E-03 8.71270E-05 5.68376E-01 
8.71270E-05 4.37433E-03 1.80845E-02 3.02841E-02 4.78426E-02 3.42697E-01 6.53389E-01 1.64010E-02 4.37433E-03 8.71270E-05 5.37788E-01 
8.71270E-05 4.77000E-03 1.81434E-02 2.94568E-02 4.62402E-02 3.33263E-01 6.39802E-01 1.65866E-02 4.77000E-03 8.71270E-05 5.07541E-01 
8.71270E-05 5.11173E-03 1.81401E-02 2.86090E-02 4.46320E-02 3.23758E-01 6.25905E-01 1.67083E-02 5.11173E-03 8.71270E-05 4.77807E-01 
4.68225E-04 5.40390E-03 1.80834E-02 2.77583E-02 4.30445E-02 3.14304E-01 6.11878E-01 1.67733E-02 5.40390E-03 4.68225E-04 4.47371E-01 
9.78907E-04 5.64551E-03 1.79683E-02 2.68869E-02 4.14498E-02 3.04773E-01 5.97533E-01 1.67780E-02 5.64551E-03 9.78907E-04 4.17538E-01 
1.43203E-03 5.83780E-03 1.77962E-02 2.59949E-02 3.98474E-02 2.95161E-01 5.82862E-01 1.67236E-02 5.83780E-03 1.43203E-03 3.88725E-01 
1.82947E-03 5.98303E-03 1.75704E-02 2.50863E-02 3.82429E-02 2.85493E-01 5.67899E-01 1.66130E-02 5.98303E-03 1.82947E-03 3.61040E-01 
2.17349E-03 6.08378E-03 1.72947E-02 2.41652E-02 3.66418E-02 2.75793E-01 5.52683E-01 1.64495E-02 6.08378E-03 2.17349E-03 3.34574E-01 
2.46672E-03 6.14290E-03 1.69734E-02 2.32356E-02 3.50495E-02 2.66088E-01 5.37249E-01 1.62369E-02 6.14290E-03 2.46672E-03 3.09393E-01 
2.71203E-03 6.16346E-03 1.66105E-02 2.23018E-02 3.34712E-02 2.56401E-01 5.21637E-01 1.59790E-02 6.16346E-03 2.71203E-03 2.85545E-01 
2.91255E-03 6.14868E-03 1.62107E-02 2.13675E-02 3.19118E-02 2.46757E-01 5.05887E-01 1.56799E-02 6.14868E-03 2.91255E-03 2.63059E-01 
3.07153E-03 6.10185E-03 1.57784E-02 2.04368E-02 3.03759E-02 2.37180E-01 4.90038E-01 1.53439E-02 6.10185E-03 3.07153E-03 2.41945E-01 
3.19230E-03 6.02631E-03 1.53182E-02 1.95132E-02 2.88680E-02 2.27691E-01 4.74130E-01 1.49753E-02 6.02631E-03 3.19230E-03 2.22195E-01 
3.27825E-03 5.92538E-03 1.48345E-02 1.86002E-02 2.73920E-02 2.18313E-01 4.58202E-01 1.45783E-02 5.92538E-03 3.27825E-03 2.03789E-01 
3.33273E-03 5.80231E-03 1.43318E-02 1.77009E-02 2.59514E-02 2.09065E-01 4.42294E-01 1.41571E-02 5.80231E-03 3.33273E-03 1.86694E-01 
3.35903E-03 5.66025E-03 1.38143E-02 1.68182E-02 2.45495E-02 1.99966E-01 4.26443E-01 1.37158E-02 5.66025E-03 3.35903E-03 1.70866E-01 
6.90843E-05 1.52536E-03 1.56595E-02 3.05547E-02 5.23979E-02 4.03085E-01 7.50838E-01 1.29742E-02 1.52536E-03 6.90843E-05 7.03516E-01 
6.90843E-05 1.52536E-03 1.60077E-02 3.00058E-02 5.10819E-02 3.94694E-01 7.39629E-01 1.34655E-02 1.52536E-03 6.90843E-05 6.79679E-01 
6.90843E-05 2.61548E-04 1.63126E-02 2.94534E-02 4.97777E-02 3.86283E-01 7.28217E-01 1.39116E-02 2.61548E-04 6.90843E-05 6.54463E-01 
6.90843E-05 8.39370E-04 1.65756E-02 2.88970E-02 4.84843E-02 3.77848E-01 7.16591E-01 1.43141E-02 8.39370E-04 6.90843E-05 6.27849E-01 
6.90843E-05 1.37683E-03 1.67883E-02 2.83168E-02 4.71728E-02 3.69278E-01 7.04611E-01 1.46659E-02 1.37683E-03 6.90843E-05 6.00863E-01 
6.90843E-05 1.87327E-03 1.69506E-02 2.77143E-02 4.58458E-02 3.60587E-01 6.92292E-01 1.49667E-02 1.87327E-03 6.90843E-05 5.73660E-01 
6.90843E-05 2.32839E-03 1.70631E-02 2.70908E-02 4.45060E-02 3.51791E-01 6.79651E-01 1.52166E-02 2.32839E-03 6.90843E-05 5.46390E-01 
6.90843E-05 2.65217E-03 1.71163E-02 2.65949E-02 4.34624E-02 3.44922E-01 6.69660E-01 1.53751E-02 2.65217E-03 6.90843E-05 5.25338E-01 
6.90843E-05 2.74218E-03 1.71264E-02 2.64478E-02 4.31564E-02 3.42904E-01 6.66705E-01 1.54157E-02 2.74218E-03 6.90843E-05 5.19201E-01 
6.90843E-05 3.14235E-03 1.71407E-02 2.57346E-02 4.16933E-02 3.33240E-01 6.52429E-01 1.55745E-02 3.14235E-03 6.90843E-05 4.90138E-01 
6.90843E-05 3.49548E-03 1.71010E-02 2.50030E-02 4.02256E-02 3.23509E-01 6.37848E-01 1.56763E-02 3.49548E-03 6.90843E-05 4.61501E-01 
6.90843E-05 3.80265E-03 1.70092E-02 2.42555E-02 3.87571E-02 3.13732E-01 6.22991E-01 1.57229E-02 3.80265E-03 6.90843E-05 4.33443E-01 
6.90843E-05 4.06522E-03 1.68680E-02 2.34944E-02 3.72913E-02 3.03929E-01 6.07888E-01 1.57164E-02 4.06522E-03 6.90843E-05 4.06101E-01 
3.70643E-04 4.28687E-03 1.66862E-02 2.27348E-02 3.58514E-02 2.94227E-01 5.92731E-01 1.56640E-02 4.28687E-03 3.70643E-04 3.78480E-01 
7.72959E-04 4.46713E-03 1.64585E-02 2.19617E-02 3.44128E-02 2.84494E-01 5.77320E-01 1.55620E-02 4.46713E-03 7.72959E-04 3.51631E-01 
1.12788E-03 4.60733E-03 1.61866E-02 2.11752E-02 3.29753E-02 2.74726E-01 5.61647E-01 1.54118E-02 4.60733E-03 1.12788E-03 3.25887E-01 
1.43719E-03 4.70954E-03 1.58736E-02 2.03788E-02 3.15437E-02 2.64948E-01 5.45752E-01 1.52162E-02 4.70954E-03 1.43719E-03 3.01325E-01 
1.70297E-03 4.77606E-03 1.55233E-02 1.95761E-02 3.01227E-02 2.55187E-01 5.29675E-01 1.49786E-02 4.77606E-03 1.70297E-03 2.78004E-01 
1.92759E-03 4.80944E-03 1.51394E-02 1.87705E-02 2.87170E-02 2.45466E-01 5.13455E-01 1.47023E-02 4.80944E-03 1.92759E-03 2.55965E-01 
2.11362E-03 4.81234E-03 1.47260E-02 1.79655E-02 2.73308E-02 2.35811E-01 4.97134E-01 1.43912E-02 4.81234E-03 2.11362E-03 2.35230E-01 
2.26376E-03 4.78753E-03 1.42871E-02 1.71643E-02 2.59682E-02 2.26243E-01 4.80752E-01 1.40489E-02 4.78753E-03 2.26376E-03 2.15802E-01 
2.38083E-03 4.73783E-03 1.38267E-02 1.63701E-02 2.46329E-02 2.16786E-01 4.64352E-01 1.36792E-02 4.73783E-03 2.38083E-03 1.97672E-01 
2.46768E-03 4.66604E-03 1.33487E-02 1.55858E-02 2.33285E-02 2.07460E-01 4.47972E-01 1.32861E-02 4.66604E-03 2.46768E-03 1.80816E-01 
2.52716E-03 4.57494E-03 1.28571E-02 1.48141E-02 2.20579E-02 1.98285E-01 4.31652E-01 1.28732E-02 4.57494E-03 2.52716E-03 1.65199E-01 
2.56208E-03 4.46722E-03 1.23555E-02 1.40576E-02 2.08239E-02 1.89279E-01 4.15432E-01 1.24443E-02 4.46722E-03 2.56208E-03 1.50775E-01 
2.57518E-03 4.34545E-03 1.18475E-02 1.33183E-02 1.96287E-02 1.80458E-01 3.99346E-01 1.20028E-02 4.34545E-03 2.57518E-03 1.37493E-01 
5.44904E-05 1.22248E-03 1.60663E-02 2.56399E-02 4.48365E-02 3.86381E-01 7.43657E-01 1.36604E-02 1.22248E-03 5.44904E-05 6.26009E-01 
5.44904E-05 1.22248E-03 1.62135E-02 2.51212E-02 4.35945E-02 3.77470E-01 7.31006E-01 1.39687E-02 1.22248E-03 5.44904E-05 6.01941E-01 
5.44904E-05 2.10428E-04 1.63267E-02 2.46025E-02 4.23691E-02 3.68577E-01 7.18200E-01 1.42393E-02 2.10428E-04 5.44904E-05 5.76941E-01 
5.44904E-05 6.74201E-04 1.64071E-02 2.40832E-02 4.11590E-02 3.59696E-01 7.05229E-01 1.44733E-02 6.74201E-04 5.44904E-05 5.50998E-01 
5.44904E-05 1.10400E-03 1.64460E-02 2.35460E-02 3.99382E-02 3.50711E-01 6.91939E-01 1.46639E-02 1.10400E-03 5.44904E-05 5.24952E-01 
5.44904E-05 1.49940E-03 1.64438E-02 2.29922E-02 3.87092E-02 3.41640E-01 6.78347E-01 1.48109E-02 1.49940E-03 5.44904E-05 4.98943E-01 
5.44904E-05 1.86025E-03 1.64012E-02 2.24231E-02 3.74746E-02 3.32498E-01 6.64474E-01 1.49148E-02 1.86025E-03 5.44904E-05 4.73105E-01 
5.44904E-05 2.11582E-03 1.63413E-02 2.19731E-02 3.65171E-02 3.25386E-01 6.53562E-01 1.49660E-02 2.11582E-03 5.44904E-05 4.53311E-01 
5.44904E-05 2.18667E-03 1.63194E-02 2.18400E-02 3.62370E-02 3.23302E-01 6.50343E-01 1.49762E-02 2.18667E-03 5.44904E-05 4.47565E-01 
5.44904E-05 2.50044E-03 1.61886E-02 2.11975E-02 3.49022E-02 3.13345E-01 6.34844E-01 1.49957E-02 2.50044E-03 5.44904E-05 4.20500E-01 
5.44904E-05 2.77535E-03 1.60156E-02 2.05426E-02 3.35701E-02 3.03366E-01 6.19100E-01 1.49682E-02 2.77535E-03 5.44904E-05 3.94059E-01 
5.44904E-05 3.01243E-03 1.58025E-02 1.98775E-02 3.22439E-02 2.93386E-01 6.03145E-01 1.48957E-02 3.01243E-03 5.44904E-05 3.68366E-01 
5.44904E-05 3.21299E-03 1.55520E-02 1.92042E-02 3.09270E-02 2.83426E-01 5.87012E-01 1.47802E-02 3.21299E-03 5.44904E-05 3.43529E-01 
2.91875E-04 3.38004E-03 1.52729E-02 1.85354E-02 2.96391E-02 2.73612E-01 5.70903E-01 1.46289E-02 3.38004E-03 2.91875E-04 3.18730E-01 
6.07227E-04 3.51353E-03 1.49596E-02 1.78585E-02 2.83589E-02 2.63810E-01 5.54607E-01 1.44380E-02 3.51353E-03 6.07227E-04 2.94810E-01 
8.83874E-04 3.61474E-03 1.46134E-02 1.71737E-02 2.70862E-02 2.54018E-01 5.38119E-01 1.42088E-02 3.61474E-03 8.83874E-04 2.72028E-01 
1.12345E-03 3.68553E-03 1.42377E-02 1.64840E-02 2.58252E-02 2.44261E-01 5.21481E-01 1.39442E-02 3.68553E-03 1.12345E-03 2.50435E-01 
1.32784E-03 3.72795E-03 1.38358E-02 1.57925E-02 2.45797E-02 2.34564E-01 5.04734E-01 1.36472E-02 3.72795E-03 1.32784E-03 2.30066E-01 
1.49912E-03 3.74417E-03 1.34112E-02 1.51019E-02 2.33537E-02 2.24951E-01 4.87921E-01 1.33211E-02 3.74417E-03 1.49912E-03 2.10938E-01 
1.63952E-03 3.73649E-03 1.29675E-02 1.44151E-02 2.21506E-02 2.15445E-01 4.71084E-01 1.29694E-02 3.73649E-03 1.63952E-03 1.93052E-01 
1.75137E-03 3.70727E-03 1.25081E-02 1.37348E-02 2.09738E-02 2.06067E-01 4.54266E-01 1.25953E-02 3.70727E-03 1.75137E-03 1.76394E-01 
1.83707E-03 3.65885E-03 1.20366E-02 1.30635E-02 1.98261E-02 1.96839E-01 4.37506E-01 1.22023E-02 3.65885E-03 1.83707E-03 1.60940E-01 
1.89902E-03 3.59358E-03 1.15564E-02 1.24035E-02 1.87102E-02 1.87779E-01 4.20846E-01 1.17938E-02 3.59358E-03 1.89902E-03 1.46653E-01 
1.93959E-03 3.51375E-03 1.10706E-02 1.17570E-02 1.76283E-02 1.78905E-01 4.04323E-01 1.13731E-02 3.51375E-03 1.93959E-03 1.33489E-01 
1.96112E-03 3.42154E-03 1.05824E-02 1.11258E-02 1.65825E-02 1.70232E-01 3.87974E-01 1.09432E-02 3.42154E-03 1.96112E-03 1.21395E-01 
1.96585E-03 3.31905E-03 1.00945E-02 1.05116E-02 1.55743E-02 1.61776E-01 3.71835E-01 1.05072E-02 3.31905E-03 1.96585E-03 1.10316E-01 
4.27049E-05 9.71814E-04 1.60723E-02 2.13988E-02 3.80493E-02 3.67712E-01 7.32126E-01 1.41343E-02 9.71814E-04 4.27049E-05 5.53262E-01 
4.27049E-05 9.71814E-04 1.60495E-02 2.09185E-02 3.68968E-02 3.58411E-01 7.18156E-01 1.42799E-02 9.71814E-04 4.27049E-05 5.29554E-01 
4.27049E-05 1.67878E-04 1.60019E-02 2.04407E-02 3.57643E-02 3.49165E-01 7.04086E-01 1.43952E-02 1.67878E-04 4.27049E-05 5.05291E-01 
4.27049E-05 5.37062E-04 1.59305E-02 1.99650E-02 3.46503E-02 3.39966E-01 6.89905E-01 1.44810E-02 5.37062E-04 4.27049E-05 4.80466E-01 
4.27049E-05 8.78048E-04 1.58263E-02 1.94763E-02 3.35319E-02 3.30697E-01 6.75443E-01 1.45305E-02 8.78048E-04 4.27049E-05 4.55757E-01 
4.27049E-05 1.19054E-03 1.56901E-02 1.89757E-02 3.24112E-02 3.21376E-01 6.60724E-01 1.45438E-02 1.19054E-03 4.27049E-05 4.31288E-01 
4.27049E-05 1.47452E-03 1.55227E-02 1.84643E-02 3.12906E-02 3.12019E-01 6.45771E-01 1.45216E-02 1.47452E-03 4.27049E-05 4.07174E-01 
4.27049E-05 1.67478E-03 1.53727E-02 1.80621E-02 3.04250E-02 3.04766E-01 6.34057E-01 1.44805E-02 1.67478E-03 4.27049E-05 3.88829E-01 
4.27049E-05 1.73014E-03 1.53255E-02 1.79435E-02 3.01723E-02 3.02644E-01 6.30610E-01 1.44647E-02 1.73014E-03 4.27049E-05 3.83524E-01 
4.27049E-05 1.97444E-03 1.50809E-02 1.73729E-02 2.89719E-02 2.92536E-01 6.14060E-01 1.43656E-02 1.97444E-03 4.27049E-05 3.58656E-01 
4.27049E-05 2.18696E-03 1.48053E-02 1.67945E-02 2.77798E-02 2.82448E-01 5.97332E-01 1.42290E-02 2.18696E-03 4.27049E-05 3.34552E-01 
4.27049E-05 2.36867E-03 1.45007E-02 1.62103E-02 2.65987E-02 2.72402E-01 5.80460E-01 1.40567E-02 2.36867E-03 4.27049E-05 3.11307E-01 
4.27049E-05 2.52079E-03 1.41696E-02 1.56221E-02 2.54313E-02 2.62419E-01 5.63480E-01 1.38511E-02 2.52079E-03 4.27049E-05 2.89002E-01 
2.28391E-04 2.64570E-03 1.38206E-02 1.50403E-02 2.42946E-02 2.52623E-01 5.46606E-01 1.36190E-02 2.64570E-03 2.28391E-04 2.66968E-01 
4.74046E-04 2.74366E-03 1.34478E-02 1.44544E-02 2.31702E-02 2.42880E-01 5.29615E-01 1.33564E-02 2.74366E-03 4.74046E-04 2.45867E-01 
6.88376E-04 2.81588E-03 1.30525E-02 1.38647E-02 2.20577E-02 2.33190E-01 5.12504E-01 1.30646E-02 2.81588E-03 6.88376E-04 2.25897E-01 
8.72840E-04 2.86395E-03 1.26377E-02 1.32737E-02 2.09607E-02 2.23575E-01 4.95315E-01 1.27464E-02 2.86395E-03 8.72840E-04 2.07088E-01 
1.02909E-03 2.88966E-03 1.22064E-02 1.26838E-02 1.98825E-02 2.14060E-01 4.78093E-01 1.24045E-02 2.88966E-03 1.02909E-03 1.89454E-01 
1.15893E-03 2.89485E-03 1.17617E-02 1.20976E-02 1.88260E-02 2.04668E-01 4.60882E-01 1.20420E-02 2.89485E-03 1.15893E-03 1.72993E-01 
1.26426E-03 2.88147E-03 1.13068E-02 1.15171E-02 1.77943E-02 1.95421E-01 4.43723E-01 1.16619E-02 2.88147E-03 1.26426E-03 1.57691E-01 
1.34706E-03 2.85147E-03 1.08445E-02 1.09446E-02 1.67897E-02 1.86337E-01 4.26659E-01 1.12673E-02 2.85147E-03 1.34706E-03 1.43521E-01 
1.40933E-03 2.80681E-03 1.03778E-02 1.03821E-02 1.58146E-02 1.77436E-01 4.09730E-01 1.08611E-02 2.80681E-03 1.40933E-03 1.30449E-01 
1.45306E-03 2.74940E-03 9.90952E-03 9.83143E-03 1.48709E-02 1.68735E-01 3.92975E-01 1.04462E-02 2.74940E-03 1.45306E-03 1.18428E-01 
1.48023E-03 2.68112E-03 9.44225E-03 9.29413E-03 1.39602E-02 1.60248E-01 3.76432E-01 1.00255E-02 2.68112E-03 1.48023E-03 1.07411E-01 
1.49273E-03 2.60372E-03 8.97841E-03 8.77167E-03 1.30838E-02 1.51989E-01 3.60134E-01 9.60149E-03 2.60372E-03 1.49273E-03 9.73402E-02 
1.49240E-03 2.51889E-03 8.52022E-03 8.26529E-03 1.22428E-02 1.43970E-01 3.44114E-01 9.17675E-03 2.51889E-03 1.49240E-03 8.81598E-02 
3.32500E-05 7.66107E-04 1.56760E-02 1.77783E-02 3.20158E-02 3.47352E-01 7.16389E-01 1.43635E-02 7.66107E-04 3.32500E-05 4.85675E-01 
3.32500E-05 7.66107E-04 1.55168E-02 1.73403E-02 3.09624E-02 3.37796E-01 7.01248E-01 1.43680E-02 7.66107E-04 3.32500E-05 4.62793E-01 
3.32500E-05 1.32770E-04 1.53417E-02 1.69069E-02 2.99311E-02 3.28329E-01 6.86063E-01 1.43494E-02 1.32770E-04 3.32500E-05 4.39667E-01 
3.32500E-05 4.24172E-04 1.51511E-02 1.64774E-02 2.89206E-02 3.18945E-01 6.70825E-01 1.43083E-02 4.24172E-04 3.32500E-05 4.16289E-01 
3.32500E-05 6.92488E-04 1.49360E-02 1.60389E-02 2.79105E-02 3.09523E-01 6.55351E-01 1.42376E-02 6.92488E-04 3.32500E-05 3.93200E-01 
3.32500E-05 9.37522E-04 1.46973E-02 1.55923E-02 2.69029E-02 3.00083E-01 6.39667E-01 1.41380E-02 9.37522E-04 3.32500E-05 3.70506E-01 
3.32500E-05 1.15930E-03 1.44360E-02 1.51386E-02 2.58998E-02 2.90642E-01 6.23802E-01 1.40100E-02 1.15930E-03 3.32500E-05 3.48304E-01 
3.32500E-05 1.31505E-03 1.42193E-02 1.47834E-02 2.51279E-02 2.83347E-01 6.11419E-01 1.38922E-02 1.31505E-03 3.32500E-05 3.31519E-01 
3.32500E-05 1.35800E-03 1.41536E-02 1.46790E-02 2.49031E-02 2.81218E-01 6.07783E-01 1.38547E-02 1.35800E-03 3.32500E-05 3.26683E-01 
3.32500E-05 1.54684E-03 1.38269E-02 1.41780E-02 2.38379E-02 2.71095E-01 5.90370E-01 1.36580E-02 1.54684E-03 3.32500E-05 3.04112E-01 
3.32500E-05 1.70997E-03 1.34790E-02 1.36729E-02 2.27850E-02 2.61033E-01 5.72849E-01 1.34325E-02 1.70997E-03 3.32500E-05 2.82393E-01 
3.32500E-05 1.84828E-03 1.31121E-02 1.31652E-02 2.17466E-02 2.51053E-01 5.55254E-01 1.31802E-02 1.84828E-03 3.32500E-05 2.61597E-01 
3.32500E-05 1.96283E-03 1.27285E-02 1.26566E-02 2.07250E-02 2.41176E-01 5.37625E-01 1.29031E-02 1.96283E-03 3.32500E-05 2.41778E-01 
1.77559E-04 2.05551E-03 1.23361E-02 1.21554E-02 1.97343E-02 2.31522E-01 5.20180E-01 1.26081E-02 2.05551E-03 1.77559E-04 2.22392E-01 
3.67712E-04 2.12675E-03 1.19289E-02 1.16531E-02 1.87589E-02 2.21960E-01 5.02690E-01 1.22909E-02 2.12675E-03 3.67712E-04 2.03951E-01 
5.32738E-04 2.17763E-03 1.15081E-02 1.11499E-02 1.77983E-02 2.12487E-01 4.85152E-01 1.19527E-02 2.17763E-03 5.32738E-04 1.86605E-01 
6.73910E-04 2.20954E-03 1.10763E-02 1.06479E-02 1.68555E-02 2.03127E-01 4.67611E-01 1.15958E-02 2.20954E-03 6.73910E-04 1.70365E-01 
7.92650E-04 2.22397E-03 1.06361E-02 1.01491E-02 1.59331E-02 1.93902E-01 4.50110E-01 1.12231E-02 2.22397E-03 7.92650E-04 1.55227E-01 
8.90488E-04 2.22247E-03 1.01902E-02 9.65542E-03 1.50336E-02 1.84833E-01 4.32694E-01 1.08372E-02 2.22247E-03 8.90488E-04 1.41177E-01 
9.69027E-04 2.20666E-03 9.74123E-03 9.16870E-03 1.41591E-02 1.75941E-01 4.15406E-01 1.04407E-02 2.20666E-03 9.69027E-04 1.28189E-01 
1.02992E-03 2.17815E-03 9.29160E-03 8.69063E-03 1.33115E-02 1.67242E-01 3.98286E-01 1.00364E-02 2.17815E-03 1.02992E-03 1.16228E-01 
1.07481E-03 2.13853E-03 8.84369E-03 8.22276E-03 1.24925E-02 1.58753E-01 3.81373E-01 9.62668E-03 2.13853E-03 1.07481E-03 1.05252E-01 
1.10535E-03 2.08936E-03 8.39971E-03 7.76648E-03 1.17035E-02 1.50489E-01 3.64704E-01 9.21411E-03 2.08936E-03 1.10535E-03 9.52106E-02 
1.12314E-03 2.03214E-03 7.96169E-03 7.32302E-03 1.09456E-02 1.42462E-01 3.48314E-01 8.80099E-03 2.03214E-03 1.12314E-03 8.60530E-02 
1.12972E-03 1.96829E-03 7.53146E-03 6.89344E-03 1.02196E-02 1.34683E-01 3.32235E-01 8.38949E-03 1.96829E-03 1.12972E-03 7.77233E-02 
1.12657E-03 1.89912E-03 7.11068E-03 6.47861E-03 9.52601E-03 1.27161E-01 3.16496E-01 7.98162E-03 1.89912E-03 1.12657E-03 7.01649E-02 
2.56933E-05 5.98231E-04 1.49088E-02 1.47071E-02 2.66834E-02 3.25543E-01 6.96603E-01 1.43351E-02 5.98231E-04 2.56933E-05 4.23287E-01 
2.56933E-05 5.98231E-04 1.46473E-02 1.43127E-02 2.57340E-02 3.15866E-01 6.80453E-01 1.42206E-02 5.98231E-04 2.56933E-05 4.01587E-01 
2.56933E-05 1.03971E-04 1.43777E-02 1.39242E-02 2.48080E-02 3.06312E-01 6.64319E-01 1.40898E-02 1.03971E-04 2.56933E-05 3.79894E-01 
2.56933E-05 3.31774E-04 1.41003E-02 1.35410E-02 2.39042E-02 2.96872E-01 6.48191E-01 1.39432E-02 3.31774E-04 2.56933E-05 3.58196E-01 
2.56933E-05 5.40953E-04 1.38059E-02 1.31520E-02 2.30046E-02 2.87428E-01 6.31876E-01 1.37736E-02 5.40953E-04 2.56933E-05 3.36916E-01 
2.56933E-05 7.31370E-04 1.34955E-02 1.27579E-02 2.21110E-02 2.77998E-01 6.15404E-01 1.35815E-02 7.31370E-04 2.56933E-05 3.16145E-01 
2.56933E-05 9.03066E-04 1.31704E-02 1.23596E-02 2.12251E-02 2.68599E-01 5.98804E-01 1.33680E-02 9.03066E-04 2.56933E-05 2.95961E-01 
2.56933E-05 1.02318E-03 1.29094E-02 1.20492E-02 2.05460E-02 2.61360E-01 5.85892E-01 1.31887E-02 1.02318E-03 2.56933E-05 2.80792E-01 
2.56933E-05 1.05623E-03 1.28317E-02 1.19581E-02 2.03486E-02 2.59250E-01 5.82108E-01 1.31341E-02 1.05623E-03 2.56933E-05 2.76435E-01 
2.56933E-05 1.20100E-03 1.24528E-02 1.15226E-02 1.94159E-02 2.49244E-01 5.64031E-01 1.28603E-02 1.20100E-03 2.56933E-05 2.56187E-01 
2.56933E-05 1.32522E-03 1.20615E-02 1.10857E-02 1.84981E-02 2.39337E-01 5.45915E-01 1.25657E-02 1.32522E-03 2.56933E-05 2.36837E-01 
2.56933E-05 1.42966E-03 1.16596E-02 1.06485E-02 1.75969E-02 2.29549E-01 5.27799E-01 1.22523E-02 1.42966E-03 2.56933E-05 2.18432E-01 
2.56933E-05 1.51523E-03 1.12492E-02 1.02125E-02 1.67143E-02 2.19897E-01 5.09720E-01 1.19219E-02 1.51523E-03 2.56933E-05 2.01007E-01 
1.37008E-04 1.58339E-03 1.08375E-02 9.78457E-03 1.58620E-02 2.10501E-01 4.91903E-01 1.15813E-02 1.58339E-03 1.37008E-04 1.84116E-01 
2.83118E-04 1.63466E-03 1.04186E-02 9.35756E-03 1.50266E-02 2.01230E-01 4.74113E-01 1.12258E-02 1.63466E-03 2.83118E-04 1.68153E-01 
4.09267E-04 1.67000E-03 9.99339E-03 8.93168E-03 1.42076E-02 1.92081E-01 4.56346E-01 1.08563E-02 1.67000E-03 4.09267E-04 1.53225E-01 
5.16542E-04 1.69057E-03 9.56408E-03 8.50862E-03 1.34075E-02 1.83077E-01 4.38647E-01 1.04753E-02 1.69057E-03 5.16542E-04 1.39327E-01 
6.06142E-04 1.69761E-03 9.13293E-03 8.09002E-03 1.26283E-02 1.74238E-01 4.21062E-01 1.00850E-02 1.69761E-03 6.06142E-04 1.26445E-01 
6.79348E-04 1.69242E-03 8.70214E-03 7.67739E-03 1.18719E-02 1.65583E-01 4.03633E-01 9.68791E-03 1.69242E-03 6.79348E-04 1.14555E-01 
7.37489E-04 1.67629E-03 8.27379E-03 7.27220E-03 1.11398E-02 1.57131E-01 3.86401E-01 9.28625E-03 1.67629E-03 7.37489E-04 1.03623E-01 
7.81919E-04 1.65055E-03 7.84987E-03 6.87574E-03 1.04336E-02 1.48895E-01 3.69407E-01 8.88231E-03 1.65055E-03 7.81919E-04 9.36074E-02 
8.13992E-04 1.61647E-03 7.43219E-03 6.48922E-03 9.75424E-03 1.40891E-01 3.52687E-01 8.47822E-03 1.61647E-03 8.13992E-04 8.44630E-02 
8.35040E-04 1.57531E-03 7.02243E-03 6.11367E-03 9.10276E-03 1.33130E-01 3.36274E-01 8.07601E-03 1.57531E-03 8.35040E-04 7.61394E-02 
8.46354E-04 1.52825E-03 6.62209E-03 5.75001E-03 8.47980E-03 1.25622E-01 3.20202E-01 7.67759E-03 1.52825E-03 8.46354E-04 6.85842E-02 
8.49172E-04 1.47642E-03 6.23249E-03 5.39899E-03 7.88578E-03 1.18376E-01 3.04499E-01 7.28466E-03 1.47642E-03 8.49172E-04 6.17438E-02 
8.44664E-04 1.42085E-03 5.85477E-03 5.06122E-03 7.32093E-03 1.11397E-01 2.89189E-01 6.89880E-03 1.42085E-03 8.44664E-04 5.55645E-02 
1.97009E-05 4.62551E-04 1.38297E-02 1.21248E-02 2.20126E-02 3.02627E-01 6.73046E-01 1.40522E-02 4.62551E-04 1.97009E-05 3.66261E-01 
1.97009E-05 4.62551E-04 1.34992E-02 1.17732E-02 2.11687E-02 2.92962E-01 6.56066E-01 1.38413E-02 4.62551E-04 1.97009E-05 3.46001E-01 
1.97009E-05 8.05834E-05 1.31672E-02 1.14284E-02 2.03486E-02 2.83450E-01 6.39163E-01 1.36204E-02 8.05834E-05 1.97009E-05 3.25942E-01 
1.97009E-05 2.56892E-04 1.28338E-02 1.10897E-02 1.95512E-02 2.74083E-01 6.22327E-01 1.33898E-02 2.56892E-04 1.97009E-05 3.06068E-01 
1.97009E-05 4.18404E-04 1.24901E-02 1.07478E-02 1.87607E-02 2.64741E-01 6.05356E-01 1.31422E-02 4.18404E-04 1.97009E-05 2.86705E-01 
1.97009E-05 5.65011E-04 1.21371E-02 1.04031E-02 1.79788E-02 2.55444E-01 5.88283E-01 1.28784E-02 5.65011E-04 1.97009E-05 2.67926E-01 
1.97009E-05 6.96755E-04 1.17759E-02 1.00564E-02 1.72068E-02 2.46209E-01 5.71138E-01 1.25993E-02 6.96755E-04 1.97009E-05 2.49793E-01 
1.97009E-05 7.88592E-04 1.14915E-02 9.78734E-03 1.66171E-02 2.39116E-01 5.57844E-01 1.23735E-02 7.88592E-04 1.97009E-05 2.36240E-01 
1.97009E-05 8.13799E-04 1.14076E-02 9.70858E-03 1.64461E-02 2.37053E-01 5.53954E-01 1.23060E-02 8.13799E-04 1.97009E-05 2.32359E-01 
1.97009E-05 9.23867E-04 1.10040E-02 9.33302E-03 1.56401E-02 2.27288E-01 5.35419E-01 1.19752E-02 9.23867E-04 1.97009E-05 2.14396E-01 
1.97009E-05 1.01770E-03 1.05951E-02 8.95797E-03 1.48505E-02 2.17655E-01 5.16915E-01 1.16309E-02 1.01770E-03 1.97009E-05 1.97340E-01 
1.97009E-05 1.09593E-03 1.01825E-02 8.58443E-03 1.40787E-02 2.08172E-01 4.98482E-01 1.12747E-02 1.09593E-03 1.97009E-05 1.81219E-01 
1.97009E-05 1.15935E-03 9.76791E-03 8.21345E-03 1.33261E-02 1.98857E-01 4.80158E-01 1.09084E-02 1.15935E-03 1.97009E-05 1.66052E-01 
1.04909E-04 1.20902E-03 9.35797E-03 7.85061E-03 1.26023E-02 1.89821E-01 4.62168E-01 1.05384E-02 1.20902E-03 1.04909E-04 1.51475E-01 
2.16336E-04 1.24554E-03 8.94682E-03 7.49011E-03 1.18960E-02 1.80940E-01 4.44276E-01 1.01599E-02 1.24554E-03 2.16336E-04 1.37783E-01 
3.12059E-04 1.26971E-03 8.53503E-03 7.13208E-03 1.12068E-02 1.72209E-01 4.26475E-01 9.77372E-03 1.26971E-03 3.12059E-04 1.25050E-01 
3.92987E-04 1.28251E-03 8.12450E-03 6.77789E-03 1.05365E-02 1.63649E-01 4.08812E-01 9.38184E-03 1.28251E-03 3.92987E-04 1.13261E-01 
4.60117E-04 1.28494E-03 7.71704E-03 6.42881E-03 9.88673E-03 1.55278E-01 3.91330E-01 8.98636E-03 1.28494E-03 4.60117E-04 1.02393E-01 
5.14501E-04 1.27805E-03 7.31439E-03 6.08606E-03 9.25881E-03 1.47113E-01 3.74071E-01 8.58933E-03 1.27805E-03 5.14501E-04 9.24148E-02 
5.57227E-04 1.26289E-03 6.91820E-03 5.75075E-03 8.65393E-03 1.39170E-01 3.57075E-01 8.19270E-03 1.26289E-03 5.57227E-04 8.32873E-02 
5.89392E-04 1.24051E-03 6.52995E-03 5.42390E-03 8.07305E-03 1.31461E-01 3.40379E-01 7.79835E-03 1.24051E-03 5.89392E-04 7.49673E-02 
6.12090E-04 1.21194E-03 6.15100E-03 5.10638E-03 7.51690E-03 1.23999E-01 3.24016E-01 7.40802E-03 1.21194E-03 6.12090E-04 6.74080E-02 
6.26388E-04 1.17817E-03 5.78254E-03 4.79898E-03 6.98601E-03 1.16791E-01 3.08019E-01 7.02334E-03 1.17817E-03 6.26388E-04 6.05597E-02 
6.33317E-04 1.14013E-03 5.42562E-03 4.50235E-03 6.48072E-03 1.09847E-01 2.92414E-01 6.64580E-03 1.14013E-03 6.33317E-04 5.43722E-02 
6.33856E-04 1.09869E-03 5.08110E-03 4.21701E-03 6.00117E-03 1.03171E-01 2.77228E-01 6.27671E-03 1.09869E-03 6.33856E-04 4.87947E-02 
6.28930E-04 1.05466E-03 4.74971E-03 3.94338E-03 5.54730E-03 9.67668E-02 2.62481E-01 5.91724E-03 1.05466E-03 6.28930E-04 4.37779E-02 
1.49814E-05 3.53853E-04 1.25153E-02 9.96759E-03 1.79522E-02 2.78940E-01 6.46037E-01 1.35324E-02 3.53853E-04 1.49814E-05 3.14567E-01 
1.49814E-05 3.53853E-04 1.21461E-02 9.65667E-03 1.72122E-02 2.69416E-01 6.28418E-01 1.32472E-02 3.53853E-04 1.49814E-05 2.95919E-01 
1.49814E-05 6.17627E-05 1.17809E-02 9.35309E-03 1.64959E-02 2.60071E-01 6.10938E-01 1.29578E-02 6.17627E-05 1.49814E-05 2.77616E-01 
1.49814E-05 1.96747E-04 1.14195E-02 9.05617E-03 1.58020E-02 2.50896E-01 5.93586E-01 1.26642E-02 1.96747E-04 1.49814E-05 2.59640E-01 
1.49814E-05 3.20168E-04 1.10533E-02 8.75780E-03 1.51169E-02 2.41775E-01 5.76151E-01 1.23590E-02 3.20168E-04 1.49814E-05 2.42232E-01 
1.49814E-05 4.31927E-04 1.06833E-02 8.45853E-03 1.44420E-02 2.32726E-01 5.58670E-01 1.20432E-02 4.31927E-04 1.49814E-05 2.25452E-01 
1.49814E-05 5.32054E-04 1.03104E-02 8.15895E-03 1.37784E-02 2.23765E-01 5.41174E-01 1.17177E-02 5.32054E-04 1.49814E-05 2.09345E-01 
1.49814E-05 6.01624E-04 1.00206E-02 7.92730E-03 1.32735E-02 2.16904E-01 5.27648E-01 1.14598E-02 6.01624E-04 1.49814E-05 1.97369E-01 
1.49814E-05 6.20678E-04 9.93570E-03 7.85964E-03 1.31273E-02 2.14911E-01 5.23697E-01 1.13835E-02 6.20678E-04 1.49814E-05 1.93951E-01 
1.49814E-05 7.03624E-04 9.53076E-03 7.53794E-03 1.24403E-02 2.05499E-01 5.04912E-01 1.10147E-02 7.03624E-04 1.49814E-05 1.78184E-01 
1.49814E-05 7.73893E-04 9.12618E-03 7.21809E-03 1.17702E-02 1.96248E-01 4.86228E-01 1.06387E-02 7.73893E-04 1.49814E-05 1.63307E-01 
1.49814E-05 8.32018E-04 8.72326E-03 6.90089E-03 1.11181E-02 1.87173E-01 4.67683E-01 1.02568E-02 8.32018E-04 1.49814E-05 1.49330E-01 
1.49814E-05 8.78627E-04 8.32333E-03 6.58718E-03 1.04851E-02 1.78291E-01 4.49316E-01 9.87073E-03 8.78627E-04 1.49814E-05 1.36259E-01 
7.96724E-05 9.14500E-04 7.93218E-03 6.28141E-03 9.87887E-03 1.69706E-01 4.31350E-01 9.48651E-03 9.14500E-04 7.96724E-05 1.23797E-01 
1.63968E-04 9.40226E-04 7.54428E-03 5.97885E-03 9.28997E-03 1.61299E-01 4.13547E-01 9.09912E-03 9.40226E-04 1.63968E-04 1.12162E-01 
2.36032E-04 9.56498E-04 7.15992E-03 5.67958E-03 8.71799E-03 1.53064E-01 3.95902E-01 8.70915E-03 9.56498E-04 2.36032E-04 1.01399E-01 
2.96613E-04 9.64089E-04 6.78063E-03 5.38469E-03 8.16427E-03 1.45021E-01 3.78459E-01 8.31843E-03 9.64089E-04 2.96613E-04 9.14872E-02 
3.46523E-04 9.63813E-04 6.40784E-03 5.09516E-03 7.62996E-03 1.37185E-01 3.61260E-01 7.92872E-03 9.63813E-04 3.46523E-04 8.23971E-02 
3.86616E-04 9.56506E-04 6.04287E-03 4.81195E-03 7.11603E-03 1.29571E-01 3.44344E-01 7.54173E-03 9.56506E-04 3.86616E-04 7.40933E-02 
4.17766E-04 9.43007E-04 5.68693E-03 4.53590E-03 6.62328E-03 1.22192E-01 3.27750E-01 7.15907E-03 9.43007E-04 4.17766E-04 6.65355E-02 
4.40856E-04 9.24146E-04 5.34109E-03 4.26777E-03 6.15230E-03 1.15059E-01 3.11510E-01 6.78225E-03 9.24146E-04 4.40856E-04 5.96797E-02 
4.56754E-04 9.00730E-04 5.00628E-03 4.00821E-03 5.70352E-03 1.08180E-01 2.95656E-01 6.41265E-03 9.00730E-04 4.56754E-04 5.34799E-02 
4.66308E-04 8.73527E-04 4.68331E-03 3.75778E-03 5.27717E-03 1.01562E-01 2.80216E-01 6.05151E-03 8.73527E-04 4.66308E-04 4.78888E-02 
4.70330E-04 8.43265E-04 4.37283E-03 3.51693E-03 4.87333E-03 9.52099E-02 2.65213E-01 5.69996E-03 8.43265E-04 4.70330E-04 4.28593E-02 
4.69588E-04 8.10619E-04 4.07534E-03 3.28603E-03 4.49192E-03 8.91277E-02 2.50668E-01 5.35895E-03 8.10619E-04 4.69588E-04 3.83449E-02 
4.64805E-04 7.76209E-04 3.79123E-03 3.06532E-03 4.13271E-03 8.33165E-02 2.36600E-01 5.02930E-03 7.76209E-04 4.64805E-04 3.43009E-02 
1.12894E-05 2.67531E-04 1.10489E-02 8.17431E-03 1.44470E-02 2.54814E-01 6.15924E-01 1.28037E-02 2.67531E-04 1.12894E-05 2.68059E-01 
1.12894E-05 2.67531E-04 1.06675E-02 7.90126E-03 1.38074E-02 2.45550E-01 5.97866E-01 1.24656E-02 2.67531E-04 1.12894E-05 2.51123E-01 
1.12894E-05 4.67549E-05 1.02943E-02 7.63576E-03 1.31908E-02 2.36487E-01 5.80007E-01 1.21283E-02 4.67549E-05 1.12894E-05 2.34634E-01 
1.12894E-05 1.48871E-04 9.92861E-03 7.37710E-03 1.25956E-02 2.27616E-01 5.62334E-01 1.17915E-02 1.48871E-04 1.12894E-05 2.18568E-01 
1.12894E-05 2.42112E-04 9.56255E-03 7.11844E-03 1.20105E-02 2.18823E-01 5.44633E-01 1.14480E-02 2.42112E-04 1.12894E-05 2.03102E-01 
1.12894E-05 3.26382E-04 9.19694E-03 6.86020E-03 1.14365E-02 2.10126E-01 5.26941E-01 1.10987E-02 3.26382E-04 1.12894E-05 1.88278E-01 
1.12894E-05 4.01687E-04 8.83258E-03 6.60282E-03 1.08744E-02 2.01542E-01 5.09290E-01 1.07446E-02 4.01687E-04 1.12894E-05 1.74130E-01 
1.12894E-05 4.53861E-04 8.55204E-03 6.40457E-03 1.04483E-02 1.94986E-01 4.95682E-01 1.04678E-02 4.53861E-04 1.12894E-05 1.63664E-01 
1.12894E-05 4.68124E-04 8.47030E-03 6.34679E-03 1.03252E-02 1.93085E-01 4.91714E-01 1.03865E-02 4.68124E-04 1.12894E-05 1.60685E-01 
1.12894E-05 5.30033E-04 8.08299E-03 6.07278E-03 9.74820E-03 1.84126E-01 4.72887E-01 9.99718E-03 5.30033E-04 1.12894E-05 1.46994E-01 
1.12894E-05 5.82176E-04 7.70012E-03 5.80152E-03 9.18797E-03 1.75349E-01 4.54226E-01 9.60584E-03 5.82176E-04 1.12894E-05 1.34152E-01 
1.12894E-05 6.24975E-04 7.32270E-03 5.53363E-03 8.64526E-03 1.66770E-01 4.35770E-01 9.21381E-03 6.24975E-04 1.12894E-05 1.22158E-01 
1.12894E-05 6.58933E-04 6.95173E-03 5.26973E-03 8.12079E-03 1.58403E-01 4.17556E-01 8.82244E-03 6.58933E-04 1.12894E-05 1.11005E-01 
5.99633E-05 6.84589E-04 6.59217E-03 5.01340E-03 7.62070E-03 1.50344E-01 3.99804E-01 8.43732E-03 6.84589E-04 5.99633E-05 1.00455E-01 
1.23172E-04 7.02510E-04 6.23886E-03 4.76075E-03 7.13716E-03 1.42481E-01 3.82275E-01 8.05340E-03 7.02510E-04 1.23172E-04 9.06598E-02 
1.76956E-04 7.13267E-04 5.89190E-03 4.51184E-03 6.66972E-03 1.34807E-01 3.64964E-01 7.67109E-03 7.13267E-04 1.76956E-04 8.16465E-02 
2.21919E-04 7.17474E-04 5.55247E-03 4.26749E-03 6.21935E-03 1.27338E-01 3.47914E-01 7.29194E-03 7.17474E-04 2.21919E-04 7.33884E-02 
2.58714E-04 7.15774E-04 5.22161E-03 4.02850E-03 5.78685E-03 1.20089E-01 3.31164E-01 6.91740E-03 7.15774E-04 2.58714E-04 6.58531E-02 
2.88020E-04 7.08826E-04 4.90030E-03 3.79555E-03 5.37286E-03 1.13072E-01 3.14752E-01 6.54888E-03 7.08826E-04 2.88020E-04 5.90035E-02 
3.10535E-04 6.97287E-04 4.58936E-03 3.56930E-03 4.97786E-03 1.06296E-01 2.98711E-01 6.18764E-03 6.97287E-04 3.10535E-04 5.27991E-02 
3.26954E-04 6.81805E-04 4.28951E-03 3.35030E-03 4.60218E-03 9.97714E-02 2.83071E-01 5.83487E-03 6.81805E-04 3.26954E-04 4.71973E-02 
3.37962E-04 6.63003E-04 4.00136E-03 3.13902E-03 4.24598E-03 9.35032E-02 2.67861E-01 5.49160E-03 6.63003E-04 3.37962E-04 4.21544E-02 
3.44221E-04 6.41478E-04 3.72535E-03 2.93585E-03 3.90928E-03 8.74962E-02 2.53103E-01 5.15875E-03 6.41478E-04 3.44221E-04 3.76265E-02 
3.46366E-04 6.17786E-04 3.46186E-03 2.74110E-03 3.59198E-03 8.17531E-02 2.38818E-01 4.83710E-03 6.17786E-04 3.46366E-04 3.35706E-02 
3.44994E-04 5.92444E-04 3.21109E-03 2.55498E-03 3.29385E-03 7.62752E-02 2.25022E-01 4.52730E-03 5.92444E-04 3.44994E-04 2.99450E-02 
3.40661E-04 5.65923E-04 2.97317E-03 2.37765E-03 3.01453E-03 7.10619E-02 2.11729E-01 4.22985E-03 5.65923E-04 3.40661E-04 2.67100E-02 
8.42855E-06 1.99778E-04 9.51739E-03 6.69285E-03 1.14502E-02 2.30635E-01 5.83175E-01 1.19042E-02 1.99778E-04 8.42855E-06 2.26626E-01 
8.42855E-06 1.99778E-04 9.14548E-03 6.45442E-03 1.09058E-02 2.21740E-01 5.64882E-01 1.15331E-02 1.99778E-04 8.42855E-06 2.11439E-01 
8.42855E-06 3.49320E-05 8.78440E-03 6.22348E-03 1.03830E-02 2.13062E-01 5.46844E-01 1.11670E-02 3.49320E-05 8.42855E-06 1.96762E-01 
8.42855E-06 1.11214E-04 8.43345E-03 5.99935E-03 9.88039E-03 2.04594E-01 5.29048E-01 1.08054E-02 1.11214E-04 8.42855E-06 1.82570E-01 
8.42855E-06 1.80818E-04 8.08532E-03 5.77624E-03 9.38841E-03 1.96224E-01 5.11278E-01 1.04412E-02 1.80818E-04 8.42855E-06 1.68982E-01 
8.42855E-06 2.43642E-04 7.74071E-03 5.55449E-03 8.90778E-03 1.87970E-01 4.93570E-01 1.00753E-02 2.43642E-04 8.42855E-06 1.56031E-01 
8.42855E-06 2.99673E-04 7.40026E-03 5.33444E-03 8.43917E-03 1.79847E-01 4.75957E-01 9.70860E-03 2.99673E-04 8.42855E-06 1.43739E-01 
8.42855E-06 3.38400E-04 7.14011E-03 5.16556E-03 8.08522E-03 1.73661E-01 4.62416E-01 9.42482E-03 3.38400E-04 8.42855E-06 1.34690E-01 
8.42855E-06 3.48969E-04 7.06463E-03 5.11643E-03 7.98320E-03 1.71870E-01 4.58474E-01 9.34191E-03 3.48969E-04 8.42855E-06 1.32120E-01 
8.42855E-06 3.94730E-04 6.70887E-03 4.88409E-03 7.50636E-03 1.63446E-01 4.39806E-01 8.94762E-03 3.94730E-04 8.42855E-06 1.20356E-01 
8.42855E-06 4.33066E-04 6.36023E-03 4.65504E-03 7.04551E-03 1.55221E-01 4.21366E-01 8.55558E-03 4.33066E-04 8.42855E-06 1.09384E-01 
8.42855E-06 4.64305E-04 6.01945E-03 4.42974E-03 6.60116E-03 1.47209E-01 4.03191E-01 8.16692E-03 4.64305E-04 8.42855E-06 9.91945E-02 
8.42855E-06 4.88839E-04 5.68722E-03 4.20867E-03 6.17378E-03 1.39422E-01 3.85316E-01 7.78275E-03 4.88839E-04 8.42855E-06 8.97726E-02 
4.47155E-05 5.07017E-04 5.36766E-03 3.99465E-03 5.76811E-03 1.31948E-01 3.67955E-01 7.40818E-03 5.07017E-04 4.47155E-05 8.09246E-02 
9.16862E-05 5.19365E-04 5.05610E-03 3.78452E-03 5.37775E-03 1.24681E-01 3.50872E-01 7.03821E-03 5.19365E-04 9.16862E-05 7.27557E-02 
1.31473E-04 5.26347E-04 4.75249E-03 3.57828E-03 5.00225E-03 1.17614E-01 3.34061E-01 6.67308E-03 5.26347E-04 1.31473E-04 6.52767E-02 
1.64556E-04 5.28440E-04 4.45769E-03 3.37658E-03 4.64227E-03 1.10761E-01 3.17562E-01 6.31405E-03 5.28440E-04 1.64556E-04 5.84584E-02 
1.91449E-04 5.26146E-04 4.17243E-03 3.18001E-03 4.29831E-03 1.04133E-01 3.01412E-01 5.96230E-03 5.26146E-04 1.91449E-04 5.22673E-02 
2.12688E-04 5.19973E-04 3.89735E-03 2.98909E-03 3.97075E-03 9.77413E-02 2.85644E-01 5.61892E-03 5.19973E-04 2.12688E-04 4.66663E-02 
2.28817E-04 5.10430E-04 3.63301E-03 2.80429E-03 3.65983E-03 9.15930E-02 2.70290E-01 5.28490E-03 5.10430E-04 2.28817E-04 4.16164E-02 
2.40380E-04 4.98015E-04 3.37982E-03 2.62602E-03 3.36567E-03 8.56940E-02 2.55375E-01 4.96109E-03 4.98015E-04 2.40380E-04 3.70775E-02 
2.47910E-04 4.83206E-04 3.13811E-03 2.45459E-03 3.08824E-03 8.00486E-02 2.40924E-01 4.64825E-03 4.83206E-04 2.47910E-04 3.30091E-02 
2.51919E-04 4.66457E-04 2.90810E-03 2.29028E-03 2.82742E-03 7.46590E-02 2.26954E-01 4.34698E-03 4.66457E-04 2.51919E-04 2.93716E-02 
2.52896E-04 4.48192E-04 2.68990E-03 2.13328E-03 2.58297E-03 6.95262E-02 2.13483E-01 4.05779E-03 4.48192E-04 2.52896E-04 2.61265E-02 
2.51300E-04 4.28801E-04 2.48353E-03 1.98371E-03 2.35456E-03 6.46492E-02 2.00522E-01 3.78105E-03 4.28801E-04 2.51300E-04 2.32372E-02 
2.47558E-04 4.08639E-04 2.28895E-03 1.84165E-03 2.14179E-03 6.00258E-02 1.88080E-01 3.51704E-03 4.08639E-04 2.47558E-04 2.06688E-02 
6.22403E-06 1.47027E-04 7.99335E-03 5.47014E-03 8.90303E-03 2.06672E-01 5.48137E-01 1.08728E-02 1.47027E-04 6.22403E-06 1.89912E-01 
6.22403E-06 1.47027E-04 7.64725E-03 5.26303E-03 8.44760E-03 1.98240E-01 5.29811E-01 1.04868E-02 1.47027E-04 6.22403E-06 1.76465E-01 
6.22403E-06 2.56972E-05 7.31345E-03 5.06317E-03 8.01207E-03 1.90039E-01 5.11794E-01 1.01089E-02 2.56972E-05 6.22403E-06 1.63561E-01 
6.22403E-06 8.18396E-05 6.99115E-03 4.86990E-03 7.59520E-03 1.82058E-01 4.94071E-01 9.73873E-03 8.18396E-05 6.22403E-06 1.51171E-01 
6.22403E-06 1.33074E-04 6.67382E-03 4.67837E-03 7.18890E-03 1.74192E-01 4.76425E-01 9.36937E-03 1.33074E-04 6.22403E-06 1.39373E-01 
6.22403E-06 1.79293E-04 6.36200E-03 4.48883E-03 6.79375E-03 1.66459E-01 4.58891E-01 9.00166E-03 1.79293E-04 6.22403E-06 1.28188E-01 
6.22403E-06 2.20461E-04 6.05616E-03 4.30152E-03 6.41019E-03 1.58870E-01 4.41504E-01 8.63636E-03 2.20461E-04 6.22403E-06 1.17628E-01 
6.22403E-06 2.48863E-04 5.82393E-03 4.15828E-03 6.12165E-03 1.53106E-01 4.28172E-01 8.35585E-03 2.48863E-04 6.22403E-06 1.09891E-01 
6.22403E-06 2.56604E-04 5.75679E-03 4.11670E-03 6.03867E-03 1.51439E-01 4.24297E-01 8.27424E-03 2.56604E-04 6.22403E-06 1.07700E-01 
6.22403E-06 2.90048E-04 5.44177E-03 3.92052E-03 5.65198E-03 1.43618E-01 4.05982E-01 7.88826E-03 2.90048E-04 6.22403E-06 9.77018E-02 
6.22403E-06 3.17934E-04 5.13533E-03 3.72789E-03 5.28009E-03 1.36007E-01 3.87950E-01 7.50784E-03 3.17934E-04 6.22403E-06 8.84289E-02 
6.22403E-06 3.40506E-04 4.83795E-03 3.53917E-03 4.92330E-03 1.28619E-01 3.70237E-01 7.13390E-03 3.40506E-04 6.22403E-06 7.98654E-02 
6.22403E-06 3.58061E-04 4.55010E-03 3.35471E-03 4.58186E-03 1.21461E-01 3.52876E-01 6.76733E-03 3.58061E-04 6.22403E-06 7.19898E-02 
3.29839E-05 3.70807E-04 4.27507E-03 3.17671E-03 4.25934E-03 1.14616E-01 3.36071E-01 6.41268E-03 3.70807E-04 3.29839E-05 6.46461E-02 
6.75170E-05 3.79215E-04 4.00876E-03 3.00259E-03 3.95059E-03 1.07983E-01 3.19593E-01 6.06513E-03 3.79215E-04 6.75170E-05 5.79025E-02 
9.66427E-05 3.83654E-04 3.75102E-03 2.83235E-03 3.65517E-03 1.01555E-01 3.03432E-01 5.72474E-03 3.83654E-04 9.66427E-05 5.17588E-02 
1.20733E-04 3.84491E-04 3.50241E-03 2.66645E-03 3.37348E-03 9.53442E-02 2.87627E-01 5.39252E-03 3.84491E-04 1.20733E-04 4.61851E-02 
1.40188E-04 3.82106E-04 3.26343E-03 2.50534E-03 3.10579E-03 8.93597E-02 2.72212E-01 5.06938E-03 3.82106E-04 1.40188E-04 4.11480E-02 
1.55421E-04 3.76889E-04 3.03447E-03 2.34941E-03 2.85227E-03 8.36090E-02 2.57215E-01 4.75615E-03 3.76889E-04 1.55421E-04 3.66121E-02 
1.66852E-04 3.69225E-04 2.81582E-03 2.19898E-03 2.61300E-03 7.80979E-02 2.42664E-01 4.45353E-03 3.69225E-04 1.66852E-04 3.25409E-02 
1.74901E-04 3.59491E-04 2.60770E-03 2.05434E-03 2.38791E-03 7.28300E-02 2.28581E-01 4.16211E-03 3.59491E-04 1.74901E-04 2.88975E-02 
1.79975E-04 3.48051E-04 2.41023E-03 1.91571E-03 2.17688E-03 6.78076E-02 2.14986E-01 3.88238E-03 3.48051E-04 1.79975E-04 2.56455E-02 
1.82467E-04 3.35245E-04 2.22344E-03 1.78325E-03 1.97966E-03 6.30312E-02 2.01893E-01 3.61471E-03 3.35245E-04 1.82467E-04 2.27497E-02 
1.82750E-04 3.21392E-04 2.04729E-03 1.65707E-03 1.79596E-03 5.84996E-02 1.89314E-01 3.35936E-03 3.21392E-04 1.82750E-04 2.01765E-02 
1.81171E-04 3.06783E-04 1.88168E-03 1.53724E-03 1.62538E-03 5.42106E-02 1.77257E-01 3.11649E-03 3.06783E-04 1.81171E-04 1.78940E-02 
1.78056E-04 2.91684E-04 1.72642E-03 1.42377E-03 1.46750E-03 5.01605E-02 1.65726E-01 2.88615E-03 2.91684E-04 1.78056E-04 1.58727E-02 
4.55721E-06 1.06840E-04 6.55672E-03 4.47413E-03 6.78073E-03 1.83491E-01 5.11672E-01 9.76523E-03 1.06840E-04 4.55721E-06 1.57983E-01 
4.55721E-06 1.06840E-04 6.24711E-03 4.29478E-03 6.40640E-03 1.75598E-01 4.93512E-01 9.37983E-03 1.06840E-04 4.55721E-06 1.46208E-01 
4.55721E-06 1.86431E-05 5.95023E-03 4.12233E-03 6.05005E-03 1.67941E-01 4.75707E-01 9.00499E-03 1.86431E-05 4.55721E-06 1.34984E-01 
4.55721E-06 5.94264E-05 5.66521E-03 3.95612E-03 5.71051E-03 1.60511E-01 4.58243E-01 8.64005E-03 5.94264E-05 4.55721E-06 1.24280E-01 
4.55721E-06 9.66884E-05 5.38635E-03 3.79210E-03 5.38114E-03 1.53210E-01 4.40902E-01 8.27863E-03 9.66884E-05 4.55721E-06 1.14139E-01 
4.55721E-06 1.30315E-04 5.11404E-03 3.63045E-03 5.06232E-03 1.46051E-01 4.23722E-01 7.92142E-03 1.30315E-04 4.55721E-06 1.04575E-01 
4.55721E-06 1.60255E-04 4.84861E-03 3.47134E-03 4.75433E-03 1.39046E-01 4.06734E-01 7.56908E-03 1.60255E-04 4.55721E-06 9.55922E-02 
4.55721E-06 1.80888E-04 4.64816E-03 3.35008E-03 4.52362E-03 1.33740E-01 3.93742E-01 7.30021E-03 1.80888E-04 4.55721E-06 8.90401E-02 
4.55721E-06 1.86507E-04 4.59039E-03 3.31494E-03 4.45743E-03 1.32208E-01 3.89971E-01 7.22227E-03 1.86507E-04 4.55721E-06 8.71897E-02 
4.55721E-06 2.10739E-04 4.32037E-03 3.14958E-03 4.14997E-03 1.25033E-01 3.72183E-01 6.85524E-03 2.10739E-04 4.55721E-06 7.87725E-02 
4.55721E-06 2.30867E-04 4.05939E-03 2.98785E-03 3.85584E-03 1.18073E-01 3.54728E-01 6.49615E-03 2.30867E-04 4.55721E-06 7.10082E-02 
4.55721E-06 2.47064E-04 3.80775E-03 2.83000E-03 3.57517E-03 1.11339E-01 3.37637E-01 6.14571E-03 2.47064E-04 4.55721E-06 6.38762E-02 
4.55721E-06 2.59550E-04 3.56568E-03 2.67628E-03 3.30804E-03 1.04838E-01 3.20940E-01 5.80457E-03 2.59550E-04 4.55721E-06 5.73516E-02 
2.41267E-05 2.68428E-04 3.33577E-03 2.52842E-03 3.05705E-03 9.86413E-02 3.04833E-01 5.47675E-03 2.68428E-04 2.41267E-05 5.13087E-02 
4.93094E-05 2.74113E-04 3.11451E-03 2.38431E-03 2.81814E-03 9.26571E-02 2.89091E-01 5.15767E-03 2.74113E-04 4.93094E-05 4.57885E-02 
7.04623E-05 2.76893E-04 2.90167E-03 2.24392E-03 2.59085E-03 8.68784E-02 2.73705E-01 4.84724E-03 2.76893E-04 7.04623E-05 4.07834E-02 
8.78697E-05 2.77043E-04 2.69762E-03 2.10760E-03 2.37540E-03 8.13143E-02 2.58710E-01 4.54625E-03 2.77043E-04 8.78697E-05 3.62639E-02 
1.01836E-04 2.74849E-04 2.50262E-03 1.97566E-03 2.17189E-03 7.59721E-02 2.44135E-01 4.25537E-03 2.74849E-04 1.01836E-04 3.21981E-02 
1.12679E-04 2.70603E-04 2.31688E-03 1.84838E-03 1.98035E-03 7.08572E-02 2.30006E-01 3.97517E-03 2.70603E-04 1.12679E-04 2.85531E-02 
1.20717E-04 2.64596E-04 2.14055E-03 1.72600E-03 1.80071E-03 6.59733E-02 2.16345E-01 3.70614E-03 2.64596E-04 1.20717E-04 2.52955E-02 
1.26270E-04 2.57109E-04 1.97365E-03 1.60871E-03 1.63281E-03 6.13223E-02 2.03172E-01 3.44864E-03 2.57109E-04 1.26270E-04 2.23924E-02 
1.29647E-04 2.48414E-04 1.81620E-03 1.49664E-03 1.47644E-03 5.69045E-02 1.90500E-01 3.20293E-03 2.48414E-04 1.29647E-04 1.98116E-02 
1.31145E-04 2.38765E-04 1.66809E-03 1.38988E-03 1.33130E-03 5.27188E-02 1.78342E-01 2.96920E-03 2.38765E-04 1.31145E-04 1.75223E-02 
1.31046E-04 2.28400E-04 1.52919E-03 1.28851E-03 1.19706E-03 4.87629E-02 1.66703E-01 2.74750E-03 2.28400E-04 1.31046E-04 1.54957E-02 
1.29614E-04 2.17535E-04 1.39931E-03 1.19252E-03 1.07332E-03 4.50331E-02 1.55589E-01 2.53783E-03 2.17535E-04 1.29614E-04 1.37046E-02 
1.27092E-04 2.06366E-04 1.27821E-03 1.10189E-03 9.59647E-04 4.15246E-02 1.45001E-01 2.34011E-03 2.06366E-04 1.27092E-04 1.21242E-02 
3.28750E-06 7.60932E-05 5.23170E-03 3.65061E-03 5.00169E-03 1.60982E-01 4.73638E-01 8.60562E-03 7.60932E-05 3.28750E-06 1.29975E-01 
3.28750E-06 7.60932E-05 4.96502E-03 3.49611E-03 4.70145E-03 1.53694E-01 4.55835E-01 8.23382E-03 7.60932E-05 3.28750E-06 1.19804E-01 
3.28750E-06 1.32355E-05 4.71066E-03 3.34804E-03 4.41709E-03 1.46645E-01 4.38429E-01 7.87417E-03 1.32355E-05 3.28750E-06 1.10170E-01 
3.28750E-06 4.22579E-05 4.46774E-03 3.20579E-03 4.14754E-03 1.39822E-01 4.21404E-01 7.52593E-03 4.22579E-05 3.28750E-06 1.01042E-01 
3.28750E-06 6.88421E-05 4.23141E-03 3.06598E-03 3.88741E-03 1.33137E-01 4.04546E-01 7.18317E-03 6.88421E-05 3.28750E-06 9.24396E-02 
3.28750E-06 9.28714E-05 4.00194E-03 2.92873E-03 3.63694E-03 1.26600E-01 3.87891E-01 6.84647E-03 9.28714E-05 3.28750E-06 8.43672E-02 
3.28750E-06 1.14280E-04 3.77951E-03 2.79415E-03 3.39627E-03 1.20224E-01 3.71469E-01 6.51640E-03 1.14280E-04 3.28750E-06 7.68237E-02 
3.28750E-06 1.29031E-04 3.61237E-03 2.69193E-03 3.21685E-03 1.15406E-01 3.58943E-01 6.26588E-03 1.29031E-04 3.28750E-06 7.13463E-02 
3.28750E-06 1.33045E-04 3.56432E-03 2.66237E-03 3.16552E-03 1.14017E-01 3.55313E-01 6.19348E-03 1.33045E-04 3.28750E-06 6.98032E-02 
3.28750E-06 1.50343E-04 3.34058E-03 2.52356E-03 2.92791E-03 1.07524E-01 3.38220E-01 5.85387E-03 1.50343E-04 3.28750E-06 6.28071E-02 
3.28750E-06 1.64669E-04 3.12561E-03 2.38832E-03 2.70198E-03 1.01248E-01 3.21501E-01 5.52373E-03 1.64669E-04 3.28750E-06 5.63882E-02 
3.28750E-06 1.76142E-04 2.91953E-03 2.25681E-03 2.48770E-03 9.51941E-02 3.05184E-01 5.20358E-03 1.76142E-04 3.28750E-06 5.05231E-02 
3.28750E-06 1.84917E-04 2.72243E-03 2.12921E-03 2.28502E-03 8.93699E-02 2.89296E-01 4.89390E-03 1.84917E-04 3.28750E-06 4.51854E-02 
1.73889E-05 1.91024E-04 2.53624E-03 2.00686E-03 2.09576E-03 8.38374E-02 2.74020E-01 4.59810E-03 1.91024E-04 1.73889E-05 4.02745E-02 
3.54873E-05 1.94819E-04 2.35808E-03 1.88805E-03 1.91677E-03 7.85130E-02 2.59141E-01 4.31195E-03 1.94819E-04 3.54873E-05 3.58112E-02 
5.06303E-05 1.96523E-04 2.18767E-03 1.77271E-03 1.74763E-03 7.33893E-02 2.44648E-01 4.03526E-03 1.96523E-04 5.06303E-05 3.17835E-02 
6.30299E-05 1.96336E-04 2.02520E-03 1.66110E-03 1.58841E-03 6.84734E-02 2.30571E-01 3.76858E-03 1.96336E-04 6.30299E-05 2.81631E-02 
7.29142E-05 1.94469E-04 1.87080E-03 1.55345E-03 1.43907E-03 6.37705E-02 2.16937E-01 3.51239E-03 1.94469E-04 7.29142E-05 2.49208E-02 
8.05199E-05 1.91138E-04 1.72455E-03 1.44995E-03 1.29954E-03 5.92840E-02 2.03766E-01 3.26706E-03 1.91138E-04 8.05199E-05 2.20266E-02 
8.60871E-05 1.86555E-04 1.58645E-03 1.35075E-03 1.16966E-03 5.50159E-02 1.91078E-01 3.03286E-03 1.86555E-04 8.60871E-05 1.94510E-02 
8.98535E-05 1.80930E-04 1.45645E-03 1.25597E-03 1.04922E-03 5.09666E-02 1.78886E-01 2.80997E-03 1.80930E-04 8.98535E-05 1.71648E-02 
9.20509E-05 1.74460E-04 1.33446E-03 1.16569E-03 9.37956E-04 4.71348E-02 1.67202E-01 2.59850E-03 1.74460E-04 9.20509E-05 1.51403E-02 
9.29013E-05 1.67334E-04 1.22032E-03 1.07996E-03 8.35551E-04 4.35182E-02 1.56031E-01 2.39844E-03 1.67334E-04 9.29013E-05 1.33513E-02 
9.26148E-05 1.59726E-04 1.11385E-03 9.98798E-04 7.41660E-04 4.01132E-02 1.45379E-01 2.20974E-03 1.59726E-04 9.26148E-05 1.17734E-02 
9.13876E-05 1.51794E-04 1.01481E-03 9.22176E-04 6.55902E-04 3.69152E-02 1.35244E-01 2.03225E-03 1.51794E-04 9.13876E-05 1.03839E-02 
8.94007E-05 1.43683E-04 9.22955E-04 8.50051E-04 5.77873E-04 3.39188E-02 1.25625E-01 1.86577E-03 1.43683E-04 8.94007E-05 9.16217E-03 
2.34047E-06 5.31456E-05 4.06437E-03 2.97758E-03 3.54436E-03 1.39619E-01 4.34860E-01 7.44464E-03 5.31456E-05 2.34047E-06 1.05865E-01 
2.34047E-06 5.31456E-05 3.84255E-03 2.84496E-03 3.31016E-03 1.32980E-01 4.17594E-01 7.09670E-03 5.31456E-05 2.34047E-06 9.71879E-02 
2.34047E-06 9.19486E-06 3.63203E-03 2.71824E-03 3.08964E-03 1.26576E-01 4.00759E-01 6.76172E-03 9.19486E-06 2.34047E-06 8.90211E-02 
2.34047E-06 2.94348E-05 3.43197E-03 2.59686E-03 2.88185E-03 1.20397E-01 3.84338E-01 6.43893E-03 2.94348E-05 2.34047E-06 8.13320E-02 
2.34047E-06 4.80553E-05 3.23836E-03 2.47803E-03 2.68253E-03 1.14357E-01 3.68123E-01 6.12291E-03 4.80553E-05 2.34047E-06 7.41215E-02 
2.34047E-06 6.49396E-05 3.05132E-03 2.36180E-03 2.49177E-03 1.08470E-01 3.52147E-01 5.81415E-03 6.49396E-05 2.34047E-06 6.73892E-02 
2.34047E-06 8.00132E-05 2.87097E-03 2.24826E-03 2.30960E-03 1.02742E-01 3.36440E-01 5.51309E-03 8.00132E-05 2.34047E-06 6.11295E-02 
2.34047E-06 9.04091E-05 2.73605E-03 2.16229E-03 2.17456E-03 9.84264E-02 3.24489E-01 5.28567E-03 9.04091E-05 2.34047E-06 5.66043E-02 
2.34047E-06 9.32390E-05 2.69737E-03 2.13746E-03 2.13605E-03 9.71839E-02 3.21030E-01 5.22012E-03 9.32390E-05 2.34047E-06 5.53327E-02 
2.34047E-06 1.05428E-04 2.51783E-03 2.02119E-03 1.95852E-03 9.13874E-02 3.04778E-01 4.91373E-03 1.05428E-04 2.34047E-06 4.95855E-02 
2.34047E-06 1.15506E-04 2.34626E-03 1.90832E-03 1.79091E-03 8.58021E-02 2.88931E-01 4.61759E-03 1.15506E-04 2.34047E-06 4.43401E-02 
2.34047E-06 1.23550E-04 2.18266E-03 1.79896E-03 1.63310E-03 8.04334E-02 2.73515E-01 4.33205E-03 1.23550E-04 2.34047E-06 3.95722E-02 
2.34047E-06 1.29663E-04 2.02703E-03 1.69323E-03 1.48493E-03 7.52854E-02 2.58554E-01 4.05741E-03 1.29663E-04 2.34047E-06 3.52552E-02 
1.23698E-05 1.33828E-04 1.88076E-03 1.59217E-03 1.34760E-03 7.04119E-02 2.44217E-01 3.79654E-03 1.33828E-04 1.23698E-05 3.13088E-02 
2.52111E-05 1.36343E-04 1.74153E-03 1.49438E-03 1.21874E-03 6.57378E-02 2.30299E-01 3.54560E-03 1.36343E-04 2.52111E-05 2.77400E-02 
3.59158E-05 1.37374E-04 1.60906E-03 1.39977E-03 1.09797E-03 6.12556E-02 2.16788E-01 3.30431E-03 1.37374E-04 3.59158E-05 2.45342E-02 
4.46385E-05 1.37064E-04 1.48342E-03 1.30853E-03 9.85239E-04 5.69704E-02 2.03710E-01 3.07304E-03 1.37064E-04 4.46385E-05 2.16656E-02 
5.15464E-05 1.35566E-04 1.36464E-03 1.22082E-03 8.80443E-04 5.28856E-02 1.91087E-01 2.85210E-03 1.35566E-04 5.15464E-05 1.91076E-02 
5.68138E-05 1.33034E-04 1.25271E-03 1.13676E-03 7.83426E-04 4.90030E-02 1.78937E-01 2.64166E-03 1.33034E-04 5.68138E-05 1.68338E-02 
6.06172E-05 1.29623E-04 1.14756E-03 1.05645E-03 6.93988E-04 4.53231E-02 1.67273E-01 2.44188E-03 1.29623E-04 6.06172E-05 1.48184E-02 
6.31322E-05 1.25484E-04 1.04909E-03 9.79958E-04 6.11883E-04 4.18448E-02 1.56106E-01 2.25276E-03 1.25484E-04 6.31322E-05 1.30365E-02 
6.45297E-05 1.20762E-04 9.57141E-04 9.07324E-04 5.36834E-04 3.85658E-02 1.45444E-01 2.07430E-03 1.20762E-04 6.45297E-05 1.14645E-02 
6.49734E-05 1.15593E-04 8.71552E-04 8.38559E-04 4.68530E-04 3.54829E-02 1.35287E-01 1.90636E-03 1.15593E-04 6.49734E-05 1.00803E-02 
6.46184E-05 1.10104E-04 7.92114E-04 7.73650E-04 4.06642E-04 3.25915E-02 1.25638E-01 1.74879E-03 1.10104E-04 6.46184E-05 8.86382E-03 
6.36096E-05 1.04411E-04 7.18598E-04 7.12558E-04 3.50822E-04 2.98865E-02 1.16492E-01 1.60137E-03 1.04411E-04 6.36096E-05 7.79636E-03 
6.20808E-05 9.86184E-05 6.50759E-04 6.55224E-04 3.00712E-04 2.73619E-02 1.07844E-01 1.46381E-03 9.86184E-05 6.20808E-05 6.86116E-03 
1.64209E-06 3.62883E-05 3.07082E-03 2.42788E-03 2.36879E-03 1.19610E-01 3.95820E-01 6.31804E-03 3.62883E-05 1.64209E-06 8.52983E-02 
1.64209E-06 3.62883E-05 2.89247E-03 2.31442E-03 2.19249E-03 1.13648E-01 3.79255E-01 6.00141E-03 3.62883E-05 1.64209E-06 7.79923E-02 
1.64209E-06 6.22647E-06 2.72402E-03 2.20631E-03 2.02769E-03 1.07912E-01 3.63147E-01 5.69789E-03 6.22647E-06 1.64209E-06 7.11576E-02 
1.64209E-06 2.00134E-05 2.56472E-03 2.10304E-03 1.87354E-03 1.02392E-01 3.47479E-01 5.40669E-03 2.00134E-05 1.64209E-06 6.47622E-02 
1.64209E-06 3.27843E-05 2.41130E-03 2.00229E-03 1.72675E-03 9.70125E-02 3.32049E-01 5.12296E-03 3.27843E-05 1.64209E-06 5.87946E-02 
1.64209E-06 4.44255E-05 2.26382E-03 1.90410E-03 1.58731E-03 9.17830E-02 3.16888E-01 4.84708E-03 4.44255E-05 1.64209E-06 5.32503E-02 
1.64209E-06 5.48586E-05 2.12229E-03 1.80851E-03 1.45517E-03 8.67109E-02 3.02025E-01 4.57938E-03 5.48586E-05 1.64209E-06 4.81205E-02 
1.64209E-06 6.20711E-05 2.01688E-03 1.73635E-03 1.35788E-03 8.28984E-02 2.90745E-01 4.37804E-03 6.20711E-05 1.64209E-06 4.44282E-02 
1.64209E-06 6.40363E-05 1.98673E-03 1.71555E-03 1.33025E-03 8.18026E-02 2.87485E-01 4.32015E-03 6.40363E-05 1.64209E-06 4.33933E-02 
1.64209E-06 7.25063E-05 1.84721E-03 1.61833E-03 1.20354E-03 7.67000E-02 2.72196E-01 4.05041E-03 7.25063E-05 1.64209E-06 3.87302E-02 
1.64209E-06 7.95095E-05 1.71457E-03 1.52429E-03 1.08498E-03 7.17994E-02 2.57336E-01 3.79107E-03 7.95095E-05 1.64209E-06 3.44962E-02 
1.64209E-06 8.50889E-05 1.58873E-03 1.43350E-03 9.74387E-04 6.71045E-02 2.42927E-01 3.54233E-03 8.50889E-05 1.64209E-06 3.06673E-02 
1.64209E-06 8.93120E-05 1.46962E-03 1.34601E-03 8.71552E-04 6.26178E-02 2.28989E-01 3.30433E-03 8.93120E-05 1.64209E-06 2.72179E-02 
8.67284E-06 9.21291E-05 1.35821E-03 1.26266E-03 7.77155E-04 5.83849E-02 2.15676E-01 3.07944E-03 9.21291E-05 8.67284E-06 2.40843E-02 
1.76555E-05 9.37876E-05 1.25268E-03 1.18227E-03 6.89499E-04 5.43393E-02 2.02796E-01 2.86424E-03 9.37876E-05 1.76555E-05 2.12644E-02 
2.51173E-05 9.44095E-05 1.15278E-03 1.10476E-03 6.08243E-04 5.04732E-02 1.90335E-01 2.65840E-03 9.44095E-05 2.51173E-05 1.87425E-02 
3.11683E-05 9.40944E-05 1.05849E-03 1.03026E-03 5.33268E-04 4.67903E-02 1.78314E-01 2.46214E-03 9.40944E-05 3.11683E-05 1.64957E-02 
3.59283E-05 9.29488E-05 9.69799E-04 9.58876E-04 4.64419E-04 4.32923E-02 1.66752E-01 2.27561E-03 9.29488E-05 3.59283E-05 1.45006E-02 
3.95232E-05 9.10824E-05 8.86623E-04 8.90680E-04 4.01502E-04 3.99796E-02 1.55663E-01 2.09888E-03 9.10824E-05 3.95232E-05 1.27343E-02 
4.20809E-05 8.86055E-05 8.08866E-04 8.25731E-04 3.44295E-04 3.68516E-02 1.45056E-01 1.93195E-03 8.86055E-05 4.20809E-05 1.11748E-02 
4.37288E-05 8.56259E-05 7.36398E-04 7.64060E-04 2.92548E-04 3.39060E-02 1.34937E-01 1.77476E-03 8.56259E-05 4.37288E-05 9.80114E-03 
4.45913E-05 8.22474E-05 6.69064E-04 7.05679E-04 2.45992E-04 3.11399E-02 1.25311E-01 1.62718E-03 8.22474E-05 4.45913E-05 8.59360E-03 
4.47878E-05 7.85680E-05 6.06686E-04 6.50574E-04 2.04341E-04 2.85491E-02 1.16176E-01 1.48903E-03 7.85680E-05 4.47878E-05 7.53412E-03 
4.44317E-05 7.46792E-05 5.49072E-04 5.98716E-04 1.67297E-04 2.61288E-02 1.07530E-01 1.36006E-03 7.46792E-05 4.44317E-05 6.60616E-03 
4.36292E-05 7.06652E-05 4.96013E-04 5.50055E-04 1.34560E-04 2.38734E-02 9.93656E-02 1.24001E-03 7.06652E-05 4.36292E-05 5.79476E-03 
4.24784E-05 6.66024E-05 4.47293E-04 5.04526E-04 1.05825E-04 2.17768E-02 9.16752E-02 1.12857E-03 6.66024E-05 4.24784E-05 5.08648E-03 
1.13354E-06 2.41275E-05 2.25328E-03 1.97892E-03 1.43832E-03 1.01124E-01 3.56986E-01 5.25566E-03 2.41275E-05 1.13354E-06 6.79255E-02 
1.13354E-06 2.41275E-05 2.11465E-03 1.88217E-03 1.31191E-03 9.58465E-02 3.41269E-01 4.97512E-03 2.41275E-05 1.13354E-06 6.18574E-02 
1.13354E-06 4.08804E-06 1.98435E-03 1.79021E-03 1.19487E-03 9.07839E-02 3.26026E-01 4.70728E-03 4.08804E-06 1.13354E-06 5.62145E-02 
1.13354E-06 1.32210E-05 1.86170E-03 1.70258E-03 1.08647E-03 8.59257E-02 3.11240E-01 4.45135E-03 1.32210E-05 1.13354E-06 5.09663E-02 
1.13354E-06 2.17690E-05 1.74415E-03 1.61738E-03 9.84242E-04 8.12044E-02 2.96718E-01 4.20308E-03 2.17690E-05 1.13354E-06 4.60929E-02 
1.13354E-06 2.96244E-05 1.63169E-03 1.53461E-03 8.88099E-04 7.66277E-02 2.82490E-01 3.96276E-03 2.96244E-05 1.13354E-06 4.15874E-02 
1.13354E-06 3.67087E-05 1.52427E-03 1.45429E-03 7.97929E-04 7.22015E-02 2.68579E-01 3.73060E-03 3.67087E-05 1.13354E-06 3.74390E-02 
1.13354E-06 4.16271E-05 1.44458E-03 1.39383E-03 7.32180E-04 6.88832E-02 2.58049E-01 3.55669E-03 4.16271E-05 1.13354E-06 3.44661E-02 
1.13354E-06 4.29698E-05 1.42184E-03 1.37644E-03 7.13608E-04 6.79309E-02 2.55011E-01 3.50680E-03 4.29698E-05 1.13354E-06 3.36348E-02 
1.13354E-06 4.87675E-05 1.31694E-03 1.29528E-03 6.29076E-04 6.35051E-02 2.40786E-01 3.27502E-03 4.87675E-05 1.13354E-06 2.99008E-02 
1.13354E-06 5.35707E-05 1.21769E-03 1.21705E-03 5.50978E-04 5.92686E-02 2.27005E-01 3.05328E-03 5.35707E-05 1.13354E-06 2.65278E-02 
1.13354E-06 5.73988E-05 1.12399E-03 1.14178E-03 4.79095E-04 5.52235E-02 2.13685E-01 2.84164E-03 5.73988E-05 1.13354E-06 2.34928E-02 
1.13354E-06 6.02915E-05 1.03572E-03 1.06948E-03 4.13195E-04 5.13709E-02 2.00843E-01 2.64016E-03 6.02915E-05 1.13354E-06 2.07720E-02 
5.98357E-06 6.21837E-05 9.53527E-04 1.00082E-03 3.53576E-04 4.77488E-02 1.88618E-01 2.45070E-03 6.21837E-05 5.98357E-06 1.83155E-02 
1.21682E-05 6.32760E-05 8.76047E-04 9.34813E-04 2.99085E-04 4.42989E-02 1.76830E-01 2.27030E-03 6.32760E-05 1.21682E-05 1.61154E-02 
1.72885E-05 6.36560E-05 8.03038E-04 8.71387E-04 2.49430E-04 4.10139E-02 1.65464E-01 2.09860E-03 6.36560E-05 1.72885E-05 1.41565E-02 
2.14204E-05 6.33905E-05 7.34463E-04 8.10621E-04 2.04453E-04 3.78956E-02 1.54538E-01 1.93570E-03 6.33905E-05 2.14204E-05 1.24184E-02 
2.46479E-05 6.25524E-05 6.70254E-04 7.52579E-04 1.63972E-04 3.49447E-02 1.44066E-01 1.78165E-03 6.25524E-05 2.46479E-05 1.08814E-02 
2.70599E-05 6.12178E-05 6.10321E-04 6.97305E-04 1.27783E-04 3.21606E-02 1.34057E-01 1.63643E-03 6.12178E-05 2.70599E-05 9.52586E-03 
2.87475E-05 5.94636E-05 5.54552E-04 6.44827E-04 9.56642E-05 2.95414E-02 1.24519E-01 1.49994E-03 5.94636E-05 2.87475E-05 8.33348E-03 
2.98017E-05 5.73657E-05 5.02817E-04 5.95151E-04 6.73799E-05 2.70845E-02 1.15453E-01 1.37206E-03 5.73657E-05 2.98017E-05 7.28689E-03 
3.03120E-05 5.49978E-05 4.54970E-04 5.48268E-04 4.26855E-05 2.47861E-02 1.06860E-01 1.25259E-03 5.49978E-05 3.03120E-05 6.37007E-03 
3.03645E-05 5.24296E-05 4.10849E-04 5.04151E-04 2.13307E-05 2.26418E-02 9.87368E-02 1.14130E-03 5.24296E-05 3.03645E-05 5.56839E-03 
3.00414E-05 4.97269E-05 3.70289E-04 4.62760E-04 3.06403E-06 2.06465E-02 9.10766E-02 1.03794E-03 4.97269E-05 3.00414E-05 4.86861E-03 
2.94199E-05 4.69506E-05 3.33112E-04 4.24040E-04 -1.23647E-05 1.87946E-02 8.38713E-02 9.42206E-04 4.69506E-05 2.94199E-05 4.25890E-03 
2.85721E-05 4.41563E-05 2.99139E-04 3.87925E-04 -2.52005E-05 1.70800E-02 7.71103E-02 8.53784E-04 4.41563E-05 2.85721E-05 3.72871E-03 
7.68430E-07 1.55377E-05 1.60304E-03 1.61205E-03 7.19414E-04 8.42848E-02 3.18814E-01 4.28079E-03 1.55377E-05 7.68430E-07 5.34061E-02 
7.68430E-07 1.55377E-05 1.49892E-03 1.52982E-03 6.35112E-04 7.96862E-02 3.04069E-01 4.03867E-03 1.55377E-05 7.68430E-07 4.84385E-02 
7.68430E-07 2.58259E-06 1.40153E-03 1.45182E-03 5.58174E-04 7.52868E-02 2.89809E-01 3.80839E-03 2.58259E-06 7.68430E-07 4.38461E-02 
7.68430E-07 8.43111E-06 1.31030E-03 1.37768E-03 4.87977E-04 7.10769E-02 2.76014E-01 3.58920E-03 8.43111E-06 7.68430E-07 3.96002E-02 
7.68430E-07 1.39908E-05 1.22328E-03 1.30579E-03 4.22749E-04 6.69972E-02 2.62502E-01 3.37745E-03 1.39908E-05 7.68430E-07 3.56769E-02 
7.68430E-07 1.91625E-05 1.14042E-03 1.23618E-03 3.62356E-04 6.30537E-02 2.49301E-01 3.17333E-03 1.91625E-05 7.68430E-07 3.20673E-02 
7.68430E-07 2.38710E-05 1.06163E-03 1.16882E-03 3.06645E-04 5.92511E-02 2.36431E-01 2.97697E-03 2.38710E-05 7.68430E-07 2.87599E-02 
7.68430E-07 2.71621E-05 1.00343E-03 1.11827E-03 2.66650E-04 5.64079E-02 2.26713E-01 2.83044E-03 2.71621E-05 7.68430E-07 2.63997E-02 
7.68430E-07 2.80634E-05 9.86856E-04 1.10374E-03 2.55456E-04 5.55932E-02 2.23913E-01 2.78849E-03 2.80634E-05 7.68430E-07 2.57414E-02 
7.68430E-07 3.19682E-05 9.10622E-04 1.03611E-03 2.05131E-04 5.18142E-02 2.10830E-01 2.59417E-03 3.19682E-05 7.68430E-07 2.27932E-02 
7.68430E-07 3.52175E-05 8.38839E-04 9.71125E-04 1.59639E-04 4.82089E-02 1.98195E-01 2.40913E-03 3.52175E-05 7.68430E-07 2.01436E-02 
7.68430E-07 3.78148E-05 7.71387E-04 9.08799E-04 1.18749E-04 4.47781E-02 1.86023E-01 2.23335E-03 3.78148E-05 7.68430E-07 1.77713E-02 
7.68430E-07 3.97803E-05 7.08141E-04 8.49135E-04 8.22197E-05 4.15218E-02 1.74327E-01 2.06679E-03 3.97803E-05 7.68430E-07 1.56549E-02 
4.05457E-06 4.10438E-05 6.49501E-04 7.92641E-04 5.00724E-05 3.84711E-02 1.63231E-01 1.91091E-03 4.10438E-05 4.05457E-06 1.37555E-02 
8.23785E-06 4.17650E-05 5.94472E-04 7.38511E-04 2.15977E-05 3.55757E-02 1.52567E-01 1.76319E-03 4.17650E-05 8.23785E-06 1.20622E-02 
1.16897E-05 4.20050E-05 5.42856E-04 6.86665E-04 -3.44536E-06 3.28284E-02 1.42320E-01 1.62326E-03 4.20050E-05 1.16897E-05 1.05609E-02 
1.44607E-05 4.18069E-05 4.94592E-04 6.37152E-04 -2.52302E-05 3.02301E-02 1.32505E-01 1.49114E-03 4.18069E-05 1.44607E-05 9.23427E-03 
1.66084E-05 4.12192E-05 4.49604E-04 5.90008E-04 -4.39439E-05 2.77803E-02 1.23130E-01 1.36680E-03 4.12192E-05 1.66084E-05 8.06560E-03 
1.81940E-05 4.02933E-05 4.07798E-04 5.45254E-04 -5.97837E-05 2.54776E-02 1.14203E-01 1.25015E-03 4.02933E-05 1.81940E-05 7.03880E-03 
1.92814E-05 3.90820E-05 3.69068E-04 5.02895E-04 -7.29538E-05 2.33197E-02 1.05727E-01 1.14104E-03 3.90820E-05 1.92814E-05 6.13874E-03 
1.99346E-05 3.76381E-05 3.33298E-04 4.62921E-04 -8.36627E-05 2.13032E-02 9.77004E-02 1.03931E-03 3.76381E-05 1.99346E-05 5.35141E-03 
2.02170E-05 3.60130E-05 3.00361E-04 4.25311E-04 -9.21192E-05 1.94242E-02 9.01210E-02 9.44737E-04 3.60130E-05 2.02170E-05 4.66397E-03 
2.01904E-05 3.42563E-05 2.70125E-04 3.90030E-04 -9.85304E-05 1.76782E-02 8.29828E-02 8.57074E-04 3.42563E-05 2.01904E-05 4.06483E-03 
1.99138E-05 3.24151E-05 2.42454E-04 3.57032E-04 -1.03098E-04 1.60599E-02 7.62776E-02 7.76051E-04 3.24151E-05 1.99138E-05 3.54363E-03 
1.94433E-05 3.05336E-05 2.17207E-04 3.26261E-04 -1.06018E-04 1.45641E-02 6.99949E-02 7.01379E-04 3.05336E-05 1.94433E-05 3.09118E-03 
1.88317E-05 2.86527E-05 1.94247E-04 2.97654E-04 -1.07475E-04 1.31847E-02 6.41227E-02 6.32754E-04 2.86527E-05 1.88317E-05 2.69934E-03 
5.10356E-07 9.61679E-06 1.10335E-03 1.31185E-03 1.81087E-04 6.91695E-02 2.81723E-01 3.40949E-03 9.61679E-06 5.10356E-07 4.14076E-02 
5.10356E-07 9.61679E-06 1.02786E-03 1.24219E-03 1.31499E-04 6.52278E-02 2.68054E-01 3.20598E-03 9.61679E-06 5.10356E-07 3.74034E-02 
5.10356E-07 1.55123E-06 9.57613E-04 1.17624E-03 8.74227E-05 6.14675E-02 2.54871E-01 3.01314E-03 1.55123E-06 5.10356E-07 3.37231E-02 
5.10356E-07 5.13976E-06 8.92146E-04 1.11368E-03 4.83462E-05 5.78795E-02 2.42154E-01 2.83027E-03 5.13976E-06 5.10356E-07 3.03407E-02 
5.10356E-07 8.63277E-06 8.30001E-04 1.05320E-03 1.30760E-05 5.44123E-02 2.29732E-01 2.65430E-03 8.63277E-06 5.10356E-07 2.72303E-02 
5.10356E-07 1.19412E-05 7.71102E-04 9.94781E-04 -1.85529E-05 5.10707E-02 2.17629E-01 2.48535E-03 1.19412E-05 5.10356E-07 2.43825E-02 
5.10356E-07 1.49958E-05 7.15364E-04 9.38426E-04 -4.67151E-05 4.78580E-02 2.05863E-01 2.32349E-03 1.49958E-05 5.10356E-07 2.17857E-02 
5.10356E-07 1.71522E-05 6.74351E-04 8.96229E-04 -6.62393E-05 4.54624E-02 1.97003E-01 2.20314E-03 1.71522E-05 5.10356E-07 1.99405E-02 
5.10356E-07 1.77456E-05 6.62701E-04 8.84123E-04 -7.15880E-05 4.47769E-02 1.94453E-01 2.16875E-03 1.77456E-05 5.10356E-07 1.94270E-02 
5.10356E-07 2.03299E-05 6.09261E-04 8.27865E-04 -9.49295E-05 4.16041E-02 1.82565E-01 2.00991E-03 2.03299E-05 5.10356E-07 1.71347E-02 
5.10356E-07 2.24965E-05 5.59177E-04 7.73980E-04 -1.14886E-04 3.85872E-02 1.71122E-01 1.85932E-03 2.24965E-05 5.10356E-07 1.50847E-02 
5.10356E-07 2.42386E-05 5.12332E-04 7.22460E-04 -1.31686E-04 3.57262E-02 1.60134E-01 1.71692E-03 2.42386E-05 5.10356E-07 1.32582E-02 
5.10356E-07 2.55633E-05 4.68605E-04 6.73295E-04 -1.45559E-04 3.30203E-02 1.49611E-01 1.58261E-03 2.55633E-05 5.10356E-07 1.16366E-02 
2.69203E-06 2.64030E-05 4.28229E-04 6.26886E-04 -1.56677E-04 3.04942E-02 1.39662E-01 1.45748E-03 2.64030E-05 2.69203E-06 1.01896E-02 
5.46494E-06 2.68818E-05 3.90505E-04 5.82561E-04 -1.65397E-04 2.81052E-02 1.30133E-01 1.33945E-03 2.68818E-05 5.46494E-06 8.90560E-03 
7.74492E-06 2.70411E-05 3.55276E-04 5.40240E-04 -1.71907E-04 2.58468E-02 1.21009E-01 1.22817E-03 2.70411E-05 7.74492E-06 7.77174E-03 
9.56450E-06 2.69076E-05 3.22477E-04 4.99953E-04 -1.76380E-04 2.37186E-02 1.12300E-01 1.12358E-03 2.69076E-05 9.56450E-06 6.77374E-03 
1.09616E-05 2.65122E-05 2.92034E-04 4.61714E-04 -1.78990E-04 2.17197E-02 1.04012E-01 1.02562E-03 2.65122E-05 1.09616E-05 5.89780E-03 
1.19777E-05 2.58889E-05 2.63863E-04 4.25527E-04 -1.79915E-04 1.98479E-02 9.61492E-02 9.34141E-04 2.58889E-05 1.19777E-05 5.13087E-03 
1.26566E-05 2.50733E-05 2.37874E-04 3.91384E-04 -1.79331E-04 1.81006E-02 8.87104E-02 8.48992E-04 2.50733E-05 1.26566E-05 4.46084E-03 
1.30427E-05 2.41014E-05 2.13971E-04 3.59265E-04 -1.77411E-04 1.64743E-02 8.16933E-02 7.69975E-04 2.41014E-05 1.30427E-05 3.87659E-03 
1.31806E-05 2.30092E-05 1.92053E-04 3.29140E-04 -1.74322E-04 1.49649E-02 7.50924E-02 6.96870E-04 2.30092E-05 1.31806E-05 3.36808E-03 
1.31141E-05 2.18318E-05 1.72017E-04 3.00970E-04 -1.70226E-04 1.35680E-02 6.88996E-02 6.29434E-04 2.18318E-05 1.31141E-05 2.92630E-03 
1.28856E-05 2.06030E-05 1.53759E-04 2.74708E-04 -1.65273E-04 1.22786E-02 6.31052E-02 5.67410E-04 2.06030E-05 1.28856E-05 2.54332E-03 
1.25361E-05 1.93552E-05 1.37175E-04 2.50300E-04 -1.59605E-04 1.10916E-02 5.76973E-02 5.10529E-04 1.93552E-05 1.25361E-05 2.21214E-03 
1.21042E-05 1.81190E-05 1.22166E-04 2.27687E-04 -1.53352E-04 1.00017E-02 5.26629E-02 4.58515E-04 1.81190E-05 1.21042E-05 1.92667E-03 
3.31138E-07 5.65414E-06 7.32860E-04 1.06574E-03 -2.04904E-04 5.58121E-02 2.46108E-01 2.65116E-03 5.65414E-06 3.31138E-07 3.16157E-02 
3.31138E-07 5.65414E-06 6.80109E-04 1.00695E-03 -2.26700E-04 5.24930E-02 2.33595E-01 2.48469E-03 5.65414E-06 3.31138E-07 2.84415E-02 
3.31138E-07 8.68009E-07 6.31302E-04 9.51390E-04 -2.44645E-04 4.93356E-02 2.21560E-01 2.32752E-03 8.68009E-07 3.31138E-07 2.55411E-02 
3.31138E-07 2.94858E-06 5.86061E-04 8.98769E-04 -2.59144E-04 4.63317E-02 2.09982E-01 2.17902E-03 2.94858E-06 3.31138E-07 2.28910E-02 
3.31138E-07 5.05071E-06 5.43334E-04 8.48025E-04 -2.70920E-04 4.34374E-02 1.98706E-01 2.03667E-03 5.05071E-06 3.31138E-07 2.04659E-02 
3.31138E-07 7.09654E-06 5.03039E-04 7.99146E-04 -2.80152E-04 4.06562E-02 1.87750E-01 1.90053E-03 7.09654E-06 3.31138E-07 1.82562E-02 
3.31138E-07 9.02442E-06 4.65088E-04 7.52115E-04 -2.87020E-04 3.79904E-02 1.77131E-01 1.77061E-03 9.02442E-06 3.31138E-07 1.62510E-02 
3.31138E-07 1.04050E-05 4.37280E-04 7.16984E-04 -2.90827E-04 3.60079E-02 1.69155E-01 1.67435E-03 1.04050E-05 3.31138E-07 1.48322E-02 
3.31138E-07 1.07875E-05 4.29398E-04 7.06919E-04 -2.91705E-04 3.54416E-02 1.66863E-01 1.64691E-03 1.07875E-05 3.31138E-07 1.44383E-02 
3.31138E-07 1.24662E-05 3.93351E-04 6.60229E-04 -2.94514E-04 3.28255E-02 1.56198E-01 1.52045E-03 1.24662E-05 3.31138E-07 1.26851E-02 
3.31138E-07 1.38889E-05 3.59727E-04 6.15644E-04 -2.95206E-04 3.03465E-02 1.45966E-01 1.40109E-03 1.38889E-05 3.31138E-07 1.11250E-02 
3.31138E-07 1.50435E-05 3.28421E-04 5.73146E-04 -2.93994E-04 2.80039E-02 1.36175E-01 1.28873E-03 1.50435E-05 3.31138E-07 9.74182E-03 
3.31138E-07 1.59291E-05 2.99329E-04 5.32715E-04 -2.91083E-04 2.57962E-02 1.26830E-01 1.18321E-03 1.59291E-05 3.31138E-07 8.51941E-03 
1.74629E-06 1.64847E-05 2.72570E-04 4.94669E-04 -2.86769E-04 2.37426E-02 1.18025E-01 1.08536E-03 1.64847E-05 1.74629E-06 7.43494E-03 
3.54198E-06 1.68048E-05 2.47674E-04 4.58446E-04 -2.81134E-04 2.18076E-02 1.09622E-01 9.93463E-04 1.68048E-05 3.54198E-06 6.47677E-03 
5.01229E-06 1.69164E-05 2.24523E-04 4.23971E-04 -2.74318E-04 1.99851E-02 1.01604E-01 9.07215E-04 1.69164E-05 5.01229E-06 5.63396E-03 
6.17703E-06 1.68348E-05 2.03057E-04 3.91256E-04 -2.66477E-04 1.82742E-02 9.39788E-02 8.26534E-04 1.68348E-05 6.17703E-06 4.89487E-03 
7.06044E-06 1.65790E-05 1.83212E-04 3.60302E-04 -2.57765E-04 1.66734E-02 8.67490E-02 7.51307E-04 1.65790E-05 7.06044E-06 4.24842E-03 
7.68992E-06 1.61709E-05 1.64920E-04 3.31102E-04 -2.48330E-04 1.51803E-02 7.99151E-02 6.81389E-04 1.61709E-05 7.68992E-06 3.68426E-03 
8.09489E-06 1.56342E-05 1.48110E-04 3.03640E-04 -2.38315E-04 1.37919E-02 7.34746E-02 6.16613E-04 1.56342E-05 8.09489E-06 3.19289E-03 
8.30593E-06 1.49933E-05 1.32707E-04 2.77888E-04 -2.27852E-04 1.25049E-02 6.74226E-02 5.56785E-04 1.49933E-05 8.30593E-06 2.76570E-03 
8.35410E-06 1.42732E-05 1.18637E-04 2.53814E-04 -2.17067E-04 1.13154E-02 6.17516E-02 5.01696E-04 1.42732E-05 8.35410E-06 2.39500E-03 
8.27045E-06 1.34990E-05 1.05825E-04 2.31377E-04 -2.06074E-04 1.02189E-02 5.64523E-02 4.51123E-04 1.34990E-05 8.27045E-06 2.07397E-03 
8.08560E-06 1.26953E-05 9.41977E-05 2.10530E-04 -1.94975E-04 9.21114E-03 5.15136E-02 4.04836E-04 1.26953E-05 8.08560E-06 1.79666E-03 
7.82951E-06 1.18861E-05 8.36829E-05 1.91223E-04 -1.83862E-04 8.28734E-03 4.69231E-02 3.62596E-04 1.18861E-05 7.82951E-06 1.55791E-03 
7.53111E-06 1.10949E-05 7.42113E-05 1.73402E-04 -1.72815E-04 7.44270E-03 4.26669E-02 3.24165E-04 1.10949E-05 7.53111E-06 1.35322E-03 
2.09112E-07 3.09571E-06 4.68236E-04 8.63468E-04 -4.64461E-04 4.42011E-02 2.12315E-01 2.00863E-03 3.09571E-06 2.09112E-07 2.37317E-02 
2.09112E-07 3.09571E-06 4.32798E-04 8.14055E-04 -4.64821E-04 4.14596E-02 2.01012E-01 1.87628E-03 3.09571E-06 2.09112E-07 2.12610E-02 
2.09112E-07 4.34225E-07 4.00213E-04 7.67432E-04 -4.62774E-04 3.88593E-02 1.90172E-01 1.75178E-03 4.34225E-07 2.09112E-07 1.90165E-02 
2.09112E-07 1.54604E-06 3.70191E-04 7.23345E-04 -4.58624E-04 3.63928E-02 1.79774E-01 1.63457E-03 1.54604E-06 2.09112E-07 1.69778E-02 
2.09112E-07 2.74211E-06 3.41993E-04 6.80929E-04 -4.52724E-04 3.40233E-02 1.69674E-01 1.52264E-03 2.74211E-06 2.09112E-07 1.51212E-02 
2.09112E-07 3.95617E-06 3.15542E-04 6.40170E-04 -4.45253E-04 3.17533E-02 1.59891E-01 1.41599E-03 3.95617E-06 2.09112E-07 1.34378E-02 
2.09112E-07 5.13503E-06 2.90756E-04 6.01051E-04 -4.36385E-04 2.95842E-02 1.50437E-01 1.31462E-03 5.13503E-06 2.09112E-07 1.19173E-02 
2.09112E-07 5.99649E-06 2.72673E-04 5.71897E-04 -4.28674E-04 2.79757E-02 1.43354E-01 1.23977E-03 5.99649E-06 2.09112E-07 1.08461E-02 
2.09112E-07 6.23750E-06 2.67560E-04 5.63555E-04 -4.26291E-04 2.75169E-02 1.41322E-01 1.21847E-03 6.23750E-06 2.09112E-07 1.05494E-02 
2.09112E-07 7.30608E-06 2.44246E-04 5.24927E-04 -4.14220E-04 2.54020E-02 1.31886E-01 1.12058E-03 7.30608E-06 2.09112E-07 9.23283E-03 
2.09112E-07 8.22537E-06 2.22603E-04 4.88149E-04 -4.01107E-04 2.34051E-02 1.22864E-01 1.02859E-03 8.22537E-06 2.09112E-07 8.06700E-03 
2.09112E-07 8.98096E-06 2.02544E-04 4.53196E-04 -3.87135E-04 2.15249E-02 1.14259E-01 9.42371E-04 8.98096E-06 2.09112E-07 7.03822E-03 
2.09112E-07 9.56743E-06 1.83985E-04 4.20046E-04 -3.72479E-04 1.97593E-02 1.06076E-01 8.61762E-04 9.56743E-06 2.09112E-07 6.13319E-03 
1.10248E-06 9.93320E-06 1.66977E-04 3.88950E-04 -3.57499E-04 1.81232E-02 9.83928E-02 7.87336E-04 9.93320E-06 1.10248E-06 5.33474E-03 
2.23364E-06 1.01481E-05 1.51217E-04 3.59438E-04 -3.42078E-04 1.65872E-02 9.10865E-02 7.17757E-04 1.01481E-05 2.23364E-06 4.63224E-03 
3.15452E-06 1.02289E-05 1.36619E-04 3.31437E-04 -3.26307E-04 1.51461E-02 8.41407E-02 6.52745E-04 1.02289E-05 3.15452E-06 4.01660E-03 
3.87638E-06 1.01836E-05 1.23135E-04 3.04951E-04 -3.10319E-04 1.37984E-02 7.75591E-02 5.92205E-04 1.01836E-05 3.87638E-06 3.47857E-03 
4.41414E-06 1.00233E-05 1.10713E-04 2.79972E-04 -2.94239E-04 1.25425E-02 7.13425E-02 5.36015E-04 1.00233E-05 4.41414E-06 3.00948E-03 
4.78542E-06 9.76179E-06 9.93017E-05 2.56485E-04 -2.78182E-04 1.13757E-02 6.54887E-02 4.84033E-04 9.76179E-06 4.78542E-06 2.60131E-03 
5.00977E-06 9.41455E-06 8.88494E-05 2.34467E-04 -2.62255E-04 1.02952E-02 5.99935E-02 4.36096E-04 9.41455E-06 5.00977E-06 2.24679E-03 
5.10801E-06 8.99825E-06 7.93030E-05 2.13890E-04 -2.46552E-04 9.29774E-03 5.48500E-02 3.92029E-04 8.99825E-06 5.10801E-06 1.93941E-03 
5.10182E-06 8.53042E-06 7.06107E-05 1.94718E-04 -2.31154E-04 8.37962E-03 5.00496E-02 3.51645E-04 8.53042E-06 5.10182E-06 1.67342E-03 
5.01332E-06 8.02910E-06 6.27222E-05 1.76913E-04 -2.16134E-04 7.53700E-03 4.55820E-02 3.14749E-04 8.02910E-06 5.01332E-06 1.44381E-03 
4.86489E-06 7.51265E-06 5.55889E-05 1.60430E-04 -2.01549E-04 6.76584E-03 4.14355E-02 2.81145E-04 7.51265E-06 4.86489E-06 1.24625E-03 
4.67884E-06 6.99955E-06 4.91649E-05 1.45222E-04 -1.87448E-04 6.06201E-03 3.75972E-02 2.50632E-04 6.99955E-06 4.67884E-06 1.07702E-03 
4.47726E-06 6.50818E-06 4.34067E-05 1.31240E-04 -1.73866E-04 5.42134E-03 3.40533E-02 2.23014E-04 6.50818E-06 4.47726E-06 9.32927E-04 
1.27745E-07 1.51571E-06 2.86316E-04 6.96444E-04 -6.21302E-04 3.42688E-02 1.80588E-01 1.47829E-03 1.51571E-06 1.27745E-07 1.74674E-02 
1.27745E-07 1.51571E-06 2.63521E-04 6.55142E-04 -6.05921E-04 3.20526E-02 1.70527E-01 1.37627E-03 1.51571E-06 1.27745E-07 1.55836E-02 
1.27745E-07 1.73694E-07 2.42713E-04 6.16224E-04 -5.89347E-04 2.99571E-02 1.60906E-01 1.28065E-03 1.73694E-07 1.27745E-07 1.38824E-02 
1.27745E-07 6.92147E-07 2.23674E-04 5.79478E-04 -5.71797E-04 2.79754E-02 1.51705E-01 1.19095E-03 6.92147E-07 1.27745E-07 1.23463E-02 
1.27745E-07 1.32056E-06 2.05904E-04 5.44202E-04 -5.53338E-04 2.60775E-02 1.42794E-01 1.10561E-03 1.32056E-06 1.27745E-07 1.09542E-02 
1.27745E-07 2.00408E-06 1.89333E-04 5.10381E-04 -5.34138E-04 2.42650E-02 1.34188E-01 1.02461E-03 2.00408E-06 1.27745E-07 9.69803E-03 
1.27745E-07 2.69823E-06 1.73892E-04 4.77999E-04 -5.14358E-04 2.25386E-02 1.25896E-01 9.47914E-04 2.69823E-06 1.27745E-07 8.56899E-03 
1.27745E-07 3.22016E-06 1.62681E-04 4.53920E-04 -4.98752E-04 2.12620E-02 1.19702E-01 8.91481E-04 3.22016E-06 1.27745E-07 7.77688E-03 
1.27745E-07 3.36809E-06 1.59519E-04 4.47039E-04 -4.94149E-04 2.08985E-02 1.17927E-01 8.75455E-04 3.36809E-06 1.27745E-07 7.55800E-03 
1.27745E-07 4.03312E-06 1.45146E-04 4.15230E-04 -4.72041E-04 1.92265E-02 1.09705E-01 8.01988E-04 4.03312E-06 1.27745E-07 6.58960E-03 
1.27745E-07 4.61636E-06 1.31870E-04 3.85032E-04 -4.49762E-04 1.76535E-02 1.01870E-01 7.33246E-04 4.61636E-06 1.27745E-07 5.73624E-03 
1.27745E-07 5.10338E-06 1.19622E-04 3.56418E-04 -4.27464E-04 1.61779E-02 9.44243E-02 6.69093E-04 5.10338E-06 1.27745E-07 4.98672E-03 
1.27745E-07 5.48683E-06 1.08339E-04 3.29364E-04 -4.05284E-04 1.47975E-02 8.73683E-02 6.09380E-04 5.48683E-06 1.27745E-07 4.33027E-03 
6.73139E-07 5.72550E-06 9.80319E-05 3.04068E-04 -3.83603E-04 1.35232E-02 8.07684E-02 5.54492E-04 5.72550E-06 6.73139E-07 3.75424E-03 
1.36120E-06 5.86905E-06 8.85167E-05 2.80138E-04 -3.62166E-04 1.23316E-02 7.45151E-02 5.03407E-04 5.86905E-06 1.36120E-06 3.24945E-03 
1.91620E-06 5.92730E-06 7.97334E-05 2.57506E-04 -3.41019E-04 1.12178E-02 6.85926E-02 4.55888E-04 5.92730E-06 1.91620E-06 2.80858E-03 
2.34391E-06 5.90363E-06 7.16451E-05 2.36168E-04 -3.20269E-04 1.01806E-02 6.30021E-02 4.11837E-04 5.90363E-06 2.34391E-06 2.42450E-03 
2.65311E-06 5.80429E-06 6.42149E-05 2.16111E-04 -3.00008E-04 9.21777E-03 5.77420E-02 3.71139E-04 5.80429E-06 2.65311E-06 2.09057E-03 
2.85489E-06 5.63772E-06 5.74061E-05 1.97314E-04 -2.80319E-04 8.32707E-03 5.28086E-02 3.33660E-04 5.63772E-06 2.85489E-06 1.80075E-03 
2.96211E-06 5.41406E-06 5.11832E-05 1.79754E-04 -2.61271E-04 7.50572E-03 4.81958E-02 2.99259E-04 5.41406E-06 2.96211E-06 1.54963E-03 
2.98897E-06 5.14478E-06 4.55115E-05 1.63401E-04 -2.42920E-04 6.75070E-03 4.38958E-02 2.67782E-04 5.14478E-06 2.98897E-06 1.33242E-03 
2.95072E-06 4.84241E-06 4.03581E-05 1.48219E-04 -2.25312E-04 6.05876E-03 3.98993E-02 2.39074E-04 4.84241E-06 2.95072E-06 1.14496E-03 
2.86340E-06 4.52035E-06 3.56918E-05 1.34172E-04 -2.08478E-04 5.42651E-03 3.61953E-02 2.12972E-04 4.52035E-06 2.86340E-06 9.83674E-04 
2.74369E-06 4.19270E-06 3.14841E-05 1.21219E-04 -1.92441E-04 4.85047E-03 3.27720E-02 1.89316E-04 4.19270E-06 2.74369E-06 8.45517E-04 
2.60869E-06 3.87413E-06 2.77087E-05 1.09318E-04 -1.77210E-04 4.32709E-03 2.96168E-02 1.67947E-04 3.87413E-06 2.60869E-06 7.27920E-04 
2.47577E-06 3.57965E-06 2.43419E-05 9.84251E-05 -1.62786E-04 3.85286E-03 2.67162E-02 1.48708E-04 3.57965E-06 2.47577E-06 6.28708E-04 
7.52967E-08 6.05744E-07 1.67462E-04 5.59317E-04 -6.95838E-04 2.60071E-02 1.51449E-01 1.05690E-03 6.05744E-07 7.52967E-08 1.26133E-02 
7.52967E-08 6.05744E-07 1.53429E-04 5.24967E-04 -6.69828E-04 2.42543E-02 1.42625E-01 9.80641E-04 6.05744E-07 7.52967E-08 1.12061E-02 
7.52967E-08 3.08165E-08 1.40733E-04 4.92641E-04 -6.43600E-04 2.26021E-02 1.34212E-01 9.09420E-04 3.08165E-08 7.52967E-08 9.94266E-03 
7.52967E-08 2.12343E-07 1.29211E-04 4.62163E-04 -6.17292E-04 2.10446E-02 1.26191E-01 8.42862E-04 2.12343E-07 7.52967E-08 8.80861E-03 
7.52967E-08 5.05940E-07 1.18537E-04 4.32964E-04 -5.90765E-04 1.95576E-02 1.18446E-01 7.79773E-04 5.05940E-07 7.52967E-08 7.78590E-03 
7.52967E-08 8.67369E-07 1.08652E-04 4.05032E-04 -5.64170E-04 1.81421E-02 1.10988E-01 7.20123E-04 8.67369E-07 7.52967E-08 6.86751E-03 
7.52967E-08 1.26054E-06 9.95005E-05 3.78349E-04 -5.37646E-04 1.67982E-02 1.03826E-01 6.63854E-04 1.26054E-06 7.52967E-08 6.04599E-03 
7.52967E-08 1.56813E-06 9.28901E-05 3.58552E-04 -5.17253E-04 1.58074E-02 9.84903E-02 6.22597E-04 1.56813E-06 7.52967E-08 5.47203E-03 
7.52967E-08 1.65683E-06 9.10311E-05 3.52901E-04 -5.11320E-04 1.55258E-02 9.69646E-02 6.10904E-04 1.65683E-06 7.52967E-08 5.31381E-03 
7.52967E-08 2.06260E-06 8.26091E-05 3.26826E-04 -4.83291E-04 1.42332E-02 8.99082E-02 5.57437E-04 2.06260E-06 7.52967E-08 4.61577E-03 
7.52967E-08 2.42682E-06 7.48702E-05 3.02142E-04 -4.55758E-04 1.30217E-02 8.32086E-02 5.07624E-04 2.42682E-06 7.52967E-08 4.00357E-03 
7.52967E-08 2.73636E-06 6.77635E-05 2.78824E-04 -4.28836E-04 1.18895E-02 7.68652E-02 4.61337E-04 2.73636E-06 7.52967E-08 3.46827E-03 
7.52967E-08 2.98358E-06 6.12421E-05 2.56844E-04 -4.02625E-04 1.08345E-02 7.08757E-02 4.18442E-04 2.98358E-06 7.52967E-08 3.00143E-03 
3.96220E-07 3.13750E-06 5.53003E-05 2.36363E-04 -3.77496E-04 9.86450E-03 6.52945E-02 3.79189E-04 3.13750E-06 3.96220E-07 2.59387E-03 
7.98211E-07 3.23179E-06 4.98303E-05 2.17049E-04 -3.53105E-04 8.96099E-03 6.00264E-02 3.42816E-04 3.23179E-06 7.98211E-07 2.23801E-03 
1.11704E-06 3.27152E-06 4.47931E-05 1.98843E-04 -3.29463E-04 8.11995E-03 5.50561E-02 3.09132E-04 3.27152E-06 1.11704E-06 1.92816E-03 
1.35521E-06 3.25763E-06 4.01621E-05 1.81735E-04 -3.06647E-04 7.33986E-03 5.03826E-02 2.78047E-04 3.25763E-06 1.35521E-06 1.65893E-03 
1.51768E-06 3.19340E-06 3.59123E-05 1.65708E-04 -2.84718E-04 6.61882E-03 4.60030E-02 2.49456E-04 3.19340E-06 1.51768E-06 1.42540E-03 
1.61137E-06 3.08402E-06 3.20196E-05 1.50742E-04 -2.63727E-04 5.95462E-03 4.19119E-02 2.23247E-04 3.08402E-06 1.61137E-06 1.22312E-03 
1.64481E-06 2.93629E-06 2.84618E-05 1.36810E-04 -2.43710E-04 5.34479E-03 3.81025E-02 1.99300E-04 2.93629E-06 1.64481E-06 1.04818E-03 
1.62785E-06 2.75834E-06 2.52182E-05 1.23882E-04 -2.24691E-04 4.78668E-03 3.45663E-02 1.77491E-04 2.75834E-06 1.62785E-06 8.97158E-04 
1.57149E-06 2.55947E-06 2.22700E-05 1.11928E-04 -2.06682E-04 4.27749E-03 3.12935E-02 1.57693E-04 2.55947E-06 1.57149E-06 7.67145E-04 
1.48774E-06 2.35004E-06 1.96007E-05 1.00911E-04 -1.89684E-04 3.81434E-03 2.82733E-02 1.39780E-04 2.35004E-06 1.48774E-06 6.55679E-04 
1.38948E-06 2.14136E-06 1.71960E-05 9.07947E-05 -1.73688E-04 3.39430E-03 2.54942E-02 1.23626E-04 2.14136E-06 1.38948E-06 5.60713E-04 
1.29035E-06 1.94558E-06 1.50439E-05 8.15429E-05 -1.58675E-04 3.01445E-03 2.29438E-02 1.09111E-04 1.94558E-06 1.29035E-06 4.80552E-04 
1.20454E-06 1.77546E-06 1.31347E-05 7.31174E-05 -1.44619E-04 2.67189E-03 2.06098E-02 9.61151E-05 1.77546E-06 1.20454E-06 4.13787E-04 
4.20392E-08 1.20723E-07 9.23404E-05 4.44990E-04 -7.08083E-04 1.91915E-02 1.24711E-01 7.28212E-04 1.20723E-07 4.20392E-08 8.87243E-03 
4.20392E-08 1.20723E-07 8.41905E-05 4.16680E-04 -6.75698E-04 1.78431E-02 1.17112E-01 6.73321E-04 1.20723E-07 4.20392E-08 7.84926E-03 
4.20392E-08 -3.82712E-08 7.69008E-05 3.90073E-04 -6.43845E-04 1.65762E-02 1.09889E-01 6.22250E-04 -3.82712E-08 4.20392E-08 6.93610E-03 
4.20392E-08 -3.15821E-08 7.03577E-05 3.65024E-04 -6.12595E-04 1.53859E-02 1.03023E-01 5.74702E-04 -3.15821E-08 4.20392E-08 6.12139E-03 
4.20392E-08 7.57640E-08 6.43530E-05 3.41075E-04 -5.81671E-04 1.42532E-02 9.64155E-02 5.29807E-04 7.57640E-08 4.20392E-08 5.39028E-03 
4.20392E-08 2.49159E-07 5.88406E-05 3.18215E-04 -5.51199E-04 1.31786E-02 9.00732E-02 4.87522E-04 2.49159E-07 4.20392E-08 4.73695E-03 
4.20392E-08 4.60256E-07 5.37774E-05 2.96429E-04 -5.21294E-04 1.21618E-02 8.40018E-02 4.47792E-04 4.60256E-07 4.20392E-08 4.15533E-03 
4.20392E-08 6.34920E-07 5.01433E-05 2.80300E-04 -4.98608E-04 1.14146E-02 7.94923E-02 4.18764E-04 6.34920E-07 4.20392E-08 3.75067E-03 
4.20392E-08 6.86428E-07 4.91247E-05 2.75703E-04 -4.92057E-04 1.12025E-02 7.82050E-02 4.10554E-04 6.86428E-07 4.20392E-08 3.63937E-03 
4.20392E-08 9.27169E-07 4.45271E-05 2.54523E-04 -4.61383E-04 1.02317E-02 7.22643E-02 3.73108E-04 9.27169E-07 4.20392E-08 3.14978E-03 
4.20392E-08 1.14899E-06 4.03255E-05 2.34534E-04 -4.31684E-04 9.32525E-03 6.66448E-02 3.38374E-04 1.14899E-06 4.20392E-08 2.72239E-03 
4.20392E-08 1.34079E-06 3.64836E-05 2.15708E-04 -4.03040E-04 8.48156E-03 6.13443E-02 3.06242E-04 1.34079E-06 4.20392E-08 2.35030E-03 
4.20392E-08 1.49559E-06 3.29691E-05 1.98019E-04 -3.75514E-04 7.69857E-03 5.63588E-02 2.76596E-04 1.49559E-06 4.20392E-08 2.02710E-03 
2.20415E-07 1.59190E-06 2.97698E-05 1.81595E-04 -3.49444E-04 6.98165E-03 5.17314E-02 2.49589E-04 1.59190E-06 2.20415E-07 1.74629E-03 
4.40345E-07 1.65071E-06 2.68271E-05 1.66159E-04 -3.24441E-04 6.31667E-03 4.73808E-02 2.24675E-04 1.65071E-06 4.40345E-07 1.50190E-03 
6.08701E-07 1.67405E-06 2.41162E-05 1.51659E-04 -3.00486E-04 5.70028E-03 4.32925E-02 2.01707E-04 1.67405E-06 6.08701E-07 1.28964E-03 
7.26190E-07 1.66162E-06 2.16196E-05 1.38079E-04 -2.77627E-04 5.13103E-03 3.94642E-02 1.80604E-04 1.66162E-06 7.26190E-07 1.10558E-03 
7.95503E-07 1.61507E-06 1.93214E-05 1.25404E-04 -2.55897E-04 4.60719E-03 3.58915E-02 1.61283E-04 1.61507E-06 7.95503E-07 9.46171E-04 
8.20993E-07 1.53771E-06 1.72076E-05 1.13611E-04 -2.35318E-04 4.12680E-03 3.25683E-02 1.43651E-04 1.53771E-06 8.20993E-07 8.08274E-04 
8.08446E-07 1.43427E-06 1.52658E-05 1.02675E-04 -2.15898E-04 3.68775E-03 2.94873E-02 1.27614E-04 1.43427E-06 8.08446E-07 6.89150E-04 
7.64923E-07 1.31079E-06 1.34855E-05 9.25679E-05 -1.97632E-04 3.28780E-03 2.66396E-02 1.13077E-04 1.31079E-06 7.64923E-07 5.86464E-04 
6.98665E-07 1.17451E-06 1.18584E-05 8.32603E-05 -1.80508E-04 2.92462E-03 2.40158E-02 9.99427E-05 1.17451E-06 6.98665E-07 4.98267E-04 
6.19023E-07 1.03382E-06 1.03780E-05 7.47206E-05 -1.64502E-04 2.59585E-03 2.16054E-02 8.81166E-05 1.03382E-06 6.19023E-07 4.22957E-04 
5.36397E-07 8.98207E-07 9.04022E-06 6.69168E-05 -1.49580E-04 2.29914E-03 1.93974E-02 7.75069E-05 8.98207E-07 5.36397E-07 3.59248E-04 
4.62117E-07 7.78156E-07 7.84280E-06 5.98168E-05 -1.35703E-04 2.03213E-03 1.73806E-02 6.80252E-05 7.78156E-07 4.62117E-07 3.06105E-04 
4.08254E-07 6.84940E-07 6.78546E-06 5.33885E-05 -1.22825E-04 1.79253E-03 1.55433E-02 5.95878E-05 6.84940E-07 4.08254E-07 2.62697E-04 
2.18483E-08 -9.82031E-08 4.76070E-05 3.50277E-04 -6.74199E-04 1.37425E-02 1.00720E-01 4.82444E-04 -9.82031E-08 2.18483E-08 6.07129E-03 
2.18483E-08 -9.82031E-08 4.31976E-05 3.27180E-04 -6.39042E-04 1.27356E-02 9.43011E-02 4.44484E-04 -9.82031E-08 2.18483E-08 5.34835E-03 
2.18483E-08 -6.23307E-08 3.93182E-05 3.05501E-04 -6.04948E-04 1.17928E-02 8.82196E-02 4.09303E-04 -6.23307E-08 2.18483E-08 4.70706E-03 
2.18483E-08 -1.29769E-07 3.58906E-05 2.85123E-04 -5.71936E-04 1.09101E-02 8.24580E-02 3.76678E-04 -1.29769E-07 2.18483E-08 4.13838E-03 
2.18483E-08 -1.14343E-07 3.27875E-05 2.65681E-04 -5.39644E-04 1.00730E-02 7.69306E-02 3.45994E-04 -1.14343E-07 2.18483E-08 3.63059E-03 
2.18483E-08 -4.23251E-08 2.99738E-05 2.47164E-04 -5.08173E-04 9.28156E-03 7.16430E-02 3.17210E-04 -4.23251E-08 2.18483E-08 3.17902E-03 
2.18483E-08 6.47188E-08 2.74172E-05 2.29559E-04 -4.77611E-04 8.53548E-03 6.65984E-02 2.90274E-04 6.47188E-08 2.18483E-08 2.77893E-03 
2.18483E-08 1.60475E-07 2.55973E-05 2.16555E-04 -4.54636E-04 7.98894E-03 6.28631E-02 2.70665E-04 1.60475E-07 2.18483E-08 2.50172E-03 
2.18483E-08 1.89509E-07 2.50892E-05 2.12854E-04 -4.48034E-04 7.83414E-03 6.17987E-02 2.65130E-04 1.89509E-07 2.18483E-08 2.42566E-03 
2.18483E-08 3.28540E-07 2.28059E-05 1.95830E-04 -4.17317E-04 7.12708E-03 5.68979E-02 2.39954E-04 3.28540E-07 2.18483E-08 2.09196E-03 
2.18483E-08 4.59996E-07 2.07304E-05 1.79812E-04 -3.87877E-04 6.46969E-03 5.22801E-02 2.16704E-04 4.59996E-07 2.18483E-08 1.80196E-03 
2.18483E-08 5.75007E-07 1.88380E-05 1.64775E-04 -3.59762E-04 5.86035E-03 4.79416E-02 1.95291E-04 5.75007E-07 2.18483E-08 1.55052E-03 
2.18483E-08 6.67735E-07 1.71071E-05 1.50692E-04 -3.33003E-04 5.29726E-03 4.38773E-02 1.75624E-04 6.67735E-07 2.18483E-08 1.33290E-03 
1.13464E-07 7.24973E-07 1.55261E-05 1.37666E-04 -3.07891E-04 4.78394E-03 4.01204E-02 1.57790E-04 7.24973E-07 1.13464E-07 1.14463E-03 
2.22140E-07 7.57932E-07 1.40647E-05 1.25466E-04 -2.84025E-04 4.30988E-03 3.66028E-02 1.41412E-04 7.57932E-07 2.22140E-07 9.81211E-04 
2.98281E-07 7.66716E-07 1.27078E-05 1.14046E-04 -2.61363E-04 3.87242E-03 3.33112E-02 1.26378E-04 7.66716E-07 2.98281E-07 8.39514E-04 
3.41769E-07 7.50613E-07 1.14447E-05 1.03391E-04 -2.39930E-04 3.47024E-03 3.02419E-02 1.12627E-04 7.50613E-07 3.41769E-07 7.16776E-04 
3.54079E-07 7.10498E-07 1.02664E-05 9.34819E-05 -2.19733E-04 3.10185E-03 2.73901E-02 1.00092E-04 7.10498E-07 3.54079E-07 6.10530E-04 
3.38084E-07 6.48646E-07 9.16589E-06 8.42991E-05 -2.00769E-04 2.76561E-03 2.47491E-02 8.87030E-05 6.48646E-07 3.38084E-07 5.18628E-04 
2.97930E-07 5.68613E-07 8.13778E-06 7.58184E-05 -1.83024E-04 2.45978E-03 2.23116E-02 7.83903E-05 5.68613E-07 2.97930E-07 4.39244E-04 
2.38961E-07 4.75174E-07 7.17872E-06 6.80145E-05 -1.66475E-04 2.18254E-03 2.00690E-02 6.90834E-05 4.75174E-07 2.38961E-07 3.70859E-04 
1.67698E-07 3.74303E-07 6.28725E-06 6.08606E-05 -1.51086E-04 1.93204E-03 1.80123E-02 6.07134E-05 3.74303E-07 1.67698E-07 3.12249E-04 
9.18193E-08 2.73161E-07 5.46385E-06 5.43292E-05 -1.36818E-04 1.70641E-03 1.61317E-02 5.32134E-05 2.73161E-07 9.18193E-08 2.62452E-04 
2.01331E-08 1.80072E-07 4.71096E-06 4.83930E-05 -1.23621E-04 1.50382E-03 1.44173E-02 4.65200E-05 1.80072E-07 2.01331E-08 2.20739E-04 
-3.75141E-08 1.04431E-07 4.03278E-06 4.30246E-05 -1.11442E-04 1.32247E-03 1.28588E-02 4.05732E-05 1.04431E-07 -3.75141E-08 1.86562E-04 
-7.04156E-08 5.65269E-08 3.43513E-06 3.81978E-05 -1.00223E-04 1.16059E-03 1.14460E-02 3.53170E-05 5.65269E-08 -7.04156E-08 1.59507E-04 
1.00954E-08 -1.65396E-07 2.24461E-05 2.71874E-04 -6.08844E-04 9.50156E-03 7.95496E-02 3.05566E-04 -1.65396E-07 1.00954E-08 4.02342E-03 
1.00954E-08 -1.65396E-07 2.03095E-05 2.53272E-04 -5.73789E-04 8.77515E-03 7.42453E-02 2.80482E-04 -1.65396E-07 1.00954E-08 3.52930E-03 
1.00954E-08 -6.18924E-08 1.84828E-05 2.35838E-04 -5.40130E-04 8.09743E-03 6.92371E-02 2.57331E-04 -6.18924E-08 1.00954E-08 3.09368E-03 
1.00954E-08 -1.46825E-07 1.69131E-05 2.19480E-04 -5.07844E-04 7.46517E-03 6.45086E-02 2.35950E-04 -1.46825E-07 1.00954E-08 2.70977E-03 
1.00954E-08 -1.68230E-07 1.55261E-05 2.03905E-04 -4.76531E-04 6.86778E-03 5.99878E-02 2.15924E-04 -1.68230E-07 1.00954E-08 2.36867E-03 
1.00954E-08 -1.45445E-07 1.42954E-05 1.89106E-04 -4.46269E-04 6.30511E-03 5.56783E-02 1.97217E-04 -1.45445E-07 1.00954E-08 2.06681E-03 
1.00954E-08 -9.43523E-08 1.31976E-05 1.75071E-04 -4.17118E-04 5.77669E-03 5.15815E-02 1.79783E-04 -9.43523E-08 1.00954E-08 1.80063E-03 
1.00954E-08 -4.35844E-08 1.24261E-05 1.64728E-04 -3.95358E-04 5.39093E-03 4.85579E-02 1.67139E-04 -4.35844E-08 1.00954E-08 1.61695E-03 
1.00954E-08 -2.76998E-08 1.22120E-05 1.61788E-04 -3.89129E-04 5.28188E-03 4.76978E-02 1.63577E-04 -2.76998E-08 1.00954E-08 1.56666E-03 
1.00954E-08 5.01854E-08 1.12543E-05 1.48291E-04 -3.60296E-04 4.78508E-03 4.37475E-02 1.47422E-04 5.01854E-08 1.00954E-08 1.34663E-03 
1.00954E-08 1.25181E-07 1.03868E-05 1.35632E-04 -3.32889E-04 4.32520E-03 4.00405E-02 1.32570E-04 1.25181E-07 1.00954E-08 1.15621E-03 
1.00954E-08 1.90553E-07 9.59293E-06 1.23787E-04 -3.06925E-04 3.90081E-03 3.65722E-02 1.18953E-04 1.90553E-07 1.00954E-08 9.91726E-04 
1.00954E-08 2.41742E-07 8.85879E-06 1.12732E-04 -2.82411E-04 3.51040E-03 3.33368E-02 1.06503E-04 2.41742E-07 1.00954E-08 8.49792E-04 
5.10061E-08 2.72424E-07 8.17612E-06 1.02548E-04 -2.59581E-04 3.15615E-03 3.03590E-02 9.52661E-05 2.72424E-07 5.10061E-08 7.27429E-04 
9.42390E-08 2.86400E-07 7.52965E-06 9.30451E-05 -2.38051E-04 2.83050E-03 2.75829E-02 8.49914E-05 2.86400E-07 9.42390E-08 6.21385E-04 
1.15862E-07 2.82621E-07 6.91058E-06 8.41818E-05 -2.17765E-04 2.53140E-03 2.49966E-02 7.56004E-05 2.82621E-07 1.15862E-07 5.29478E-04 
1.15509E-07 2.60401E-07 6.31298E-06 7.59439E-05 -1.98725E-04 2.25775E-03 2.25958E-02 6.70465E-05 2.60401E-07 1.15509E-07 4.49833E-04 
9.40961E-08 2.20337E-07 5.73271E-06 6.83142E-05 -1.80920E-04 2.00832E-03 2.03753E-02 5.92807E-05 2.20337E-07 9.40961E-08 3.80805E-04 
5.37124E-08 1.64209E-07 5.16743E-06 6.12729E-05 -1.64328E-04 1.78178E-03 1.83285E-02 5.22538E-05 1.64209E-07 5.37124E-08 3.20996E-04 
-2.42438E-09 9.49337E-08 4.61662E-06 5.47989E-05 -1.48919E-04 1.57678E-03 1.64483E-02 4.59165E-05 9.49337E-08 -2.42438E-09 2.69250E-04 
-6.99754E-08 1.65633E-08 4.08155E-06 4.88696E-05 -1.34654E-04 1.39191E-03 1.47268E-02 4.02206E-05 1.65633E-08 -6.99754E-08 2.24651E-04 
-1.43456E-07 -6.56872E-08 3.56532E-06 4.34619E-05 -1.21487E-04 1.22575E-03 1.31557E-02 3.51199E-05 -6.56872E-08 -1.43456E-07 1.86501E-04 
-2.16214E-07 -1.45417E-07 3.07286E-06 3.85524E-05 -1.09365E-04 1.07688E-03 1.17262E-02 3.05704E-05 -1.45417E-07 -2.16214E-07 1.54302E-04 
-2.80430E-07 -2.15039E-07 2.61084E-06 3.41183E-05 -9.82322E-05 9.43953E-04 1.04296E-02 2.65315E-05 -2.15039E-07 -2.80430E-07 1.27724E-04 
-3.27193E-07 -2.65855E-07 2.18751E-06 3.01375E-05 -8.80272E-05 8.25615E-04 9.25686E-03 2.29656E-05 -2.65855E-07 -3.27193E-07 1.06565E-04 
-3.46669E-07 -2.88227E-07 1.81251E-06 2.65886E-05 -7.86865E-05 7.20592E-04 8.19922E-03 1.98389E-05 -2.88227E-07 -3.46669E-07 9.07032E-05 
3.60605E-09 -1.55613E-07 9.19417E-06 2.07245E-04 -5.24509E-04 6.30284E-03 6.12209E-02 1.83692E-04 -1.55613E-07 3.60605E-09 2.56788E-03 
3.60605E-09 -1.55613E-07 8.38381E-06 1.92508E-04 -4.91728E-04 5.79952E-03 5.69475E-02 1.67968E-04 -1.55613E-07 3.60605E-09 2.24304E-03 
3.60605E-09 -5.02657E-08 7.74132E-06 1.78721E-04 -4.60500E-04 5.33173E-03 5.29271E-02 1.53520E-04 -5.02657E-08 3.60605E-09 1.95846E-03 
3.60605E-09 -1.24798E-07 7.23157E-06 1.65807E-04 -4.30774E-04 4.89702E-03 4.91450E-02 1.40235E-04 -1.24798E-07 3.60605E-09 1.70925E-03 
3.60605E-09 -1.53721E-07 6.81348E-06 1.53541E-04 -4.02149E-04 4.48789E-03 4.55422E-02 1.27848E-04 -1.53721E-07 3.60605E-09 1.48892E-03 
3.60605E-09 -1.50835E-07 6.46755E-06 1.41914E-04 -3.74678E-04 4.10405E-03 4.21204E-02 1.16326E-04 -1.50835E-07 3.60605E-09 1.29488E-03 
3.60605E-09 -1.27468E-07 6.17667E-06 1.30916E-04 -3.48399E-04 3.74505E-03 3.88798E-02 1.05636E-04 -1.27468E-07 3.60605E-09 1.12456E-03 
3.60605E-09 -1.01175E-07 5.97990E-06 1.22831E-04 -3.28903E-04 3.48393E-03 3.64962E-02 9.79128E-05 -1.01175E-07 3.60605E-09 1.00750E-03 
3.60605E-09 -9.27123E-08 5.92603E-06 1.20536E-04 -3.23341E-04 3.41027E-03 3.58195E-02 9.57422E-05 -9.27123E-08 3.60605E-09 9.75516E-04 
3.60605E-09 -5.06348E-08 5.68637E-06 1.10020E-04 -2.97708E-04 3.07562E-03 3.27195E-02 8.59230E-05 -5.06348E-08 3.60605E-09 8.35941E-04 
3.60605E-09 -1.03385E-08 5.46555E-06 1.00190E-04 -2.73520E-04 2.76727E-03 2.98229E-02 7.69377E-05 -1.03385E-08 3.60605E-09 7.15609E-04 
3.60605E-09 2.32965E-08 5.25265E-06 9.10230E-05 -2.50771E-04 2.48406E-03 2.71247E-02 6.87371E-05 2.32965E-08 3.60605E-09 6.11976E-04 
3.60605E-09 4.69029E-08 5.03897E-06 8.24985E-05 -2.29446E-04 2.22479E-03 2.46190E-02 6.12721E-05 4.69029E-08 3.60605E-09 5.22737E-04 
1.63455E-08 5.96516E-08 4.82050E-06 7.46790E-05 -2.09724E-04 1.99068E-03 2.23233E-02 5.45669E-05 5.96516E-08 1.63455E-08 4.45965E-04 
2.28522E-08 5.98320E-08 4.58898E-06 6.74106E-05 -1.91256E-04 1.77655E-03 2.01929E-02 4.84609E-05 5.98320E-08 2.28522E-08 3.79428E-04 
1.36354E-08 4.57304E-08 4.33939E-06 6.06577E-05 -1.73978E-04 1.58086E-03 1.82174E-02 4.29013E-05 4.57304E-08 1.36354E-08 3.21668E-04 
-1.16063E-08 1.68929E-08 4.06911E-06 5.44067E-05 -1.57876E-04 1.40273E-03 1.63923E-02 3.78553E-05 1.68929E-08 -1.16063E-08 2.71465E-04 
-5.21407E-08 -2.60964E-08 3.77728E-06 4.86418E-05 -1.42924E-04 1.24122E-03 1.47124E-02 3.32897E-05 -2.60964E-08 -5.21407E-08 2.27779E-04 
-1.06240E-07 -8.16510E-08 3.46480E-06 4.33457E-05 -1.29089E-04 1.09533E-03 1.31716E-02 2.91717E-05 -8.16510E-08 -1.06240E-07 1.89752E-04 
-1.71173E-07 -1.47171E-07 3.13428E-06 3.84999E-05 -1.16331E-04 9.64015E-04 1.17633E-02 2.54692E-05 -1.47171E-07 -1.71173E-07 1.56713E-04 
-2.43159E-07 -2.19002E-07 2.79008E-06 3.40851E-05 -1.04601E-04 8.46252E-04 1.04804E-02 2.21518E-05 -2.19002E-07 -2.43159E-07 1.28169E-04 
-3.17314E-07 -2.92370E-07 2.43830E-06 3.00821E-05 -9.38475E-05 7.41008E-04 9.31556E-03 1.91909E-05 -2.92370E-07 -3.17314E-07 1.03796E-04 
-3.87594E-07 -3.61336E-07 2.08672E-06 2.64718E-05 -8.40135E-05 6.47267E-04 8.26134E-03 1.65604E-05 -3.61336E-07 -3.87594E-07 8.34185E-05 
-4.46779E-07 -4.18776E-07 1.74474E-06 2.32359E-05 -7.50391E-05 5.64053E-04 7.31016E-03 1.42368E-05 -4.18776E-07 -4.46779E-07 6.69840E-05 
-4.86541E-07 -4.56441E-07 1.42321E-06 2.03570E-05 -6.68622E-05 4.90423E-04 6.45451E-03 1.21996E-05 -4.56441E-07 -4.86541E-07 5.45271E-05 
-4.97597E-07 -4.65125E-07 1.13414E-06 1.78188E-05 -5.94197E-05 4.25485E-04 5.68704E-03 1.04310E-05 -4.65125E-07 -4.97597E-07 4.61291E-05 
2.60726E-10 -1.14824E-07 2.74638E-06 1.54401E-04 -4.31558E-04 3.97701E-03 4.56925E-02 1.03802E-04 -1.14824E-07 2.60726E-10 1.56689E-03 
2.60726E-10 -1.14824E-07 2.69137E-06 1.42968E-04 -4.02563E-04 3.64476E-03 4.23504E-02 9.45444E-05 -1.14824E-07 2.60726E-10 1.36306E-03 
2.60726E-10 -3.54774E-08 2.71449E-06 1.32292E-04 -3.75131E-04 3.33726E-03 3.92183E-02 8.60809E-05 -3.54774E-08 2.60726E-10 1.18564E-03 
2.60726E-10 -8.92810E-08 2.79250E-06 1.22314E-04 -3.49195E-04 3.05268E-03 3.62832E-02 7.83371E-05 -8.92810E-08 2.60726E-10 1.03126E-03 
2.60726E-10 -1.12429E-07 2.90467E-06 1.12858E-04 -3.24380E-04 2.78598E-03 3.34979E-02 7.11506E-05 -1.12429E-07 2.60726E-10 8.95444E-04 
2.60726E-10 -1.14498E-07 3.03638E-06 1.03918E-04 -3.00717E-04 2.53684E-03 3.08631E-02 6.44982E-05 -1.14498E-07 2.60726E-10 7.76405E-04 
2.60726E-10 -1.03334E-07 3.17494E-06 9.54836E-05 -2.78226E-04 2.30483E-03 2.83778E-02 5.83547E-05 -1.03334E-07 2.60726E-10 6.72399E-04 
2.60726E-10 -8.96555E-08 3.27993E-06 8.92989E-05 -2.61634E-04 2.13675E-03 2.65565E-02 5.39340E-05 -8.96555E-08 2.60726E-10 6.01180E-04 
2.60726E-10 -8.52256E-08 3.30954E-06 8.75459E-05 -2.56916E-04 2.08944E-03 2.60405E-02 5.26944E-05 -8.52256E-08 2.60726E-10 5.81762E-04 
2.60726E-10 -6.35594E-08 3.43985E-06 7.95298E-05 -2.35261E-04 1.87516E-03 2.36831E-02 4.71026E-05 -6.35594E-08 2.60726E-10 4.97207E-04 
2.60726E-10 -4.42104E-08 3.54581E-06 7.20609E-05 -2.14968E-04 1.67870E-03 2.14906E-02 4.20091E-05 -4.42104E-08 2.60726E-10 4.24538E-04 
2.60726E-10 -3.05734E-08 3.62021E-06 6.51210E-05 -1.96012E-04 1.49919E-03 1.94578E-02 3.73807E-05 -3.05734E-08 2.60726E-10 3.62075E-04 
2.60726E-10 -2.50150E-08 3.65765E-06 5.86911E-05 -1.78364E-04 1.33569E-03 1.75790E-02 3.31846E-05 -2.50150E-08 2.60726E-10 3.08308E-04 
-1.66517E-09 -2.41564E-08 3.65818E-06 5.28201E-05 -1.62152E-04 1.18886E-03 1.58661E-02 2.94336E-05 -2.41564E-08 -1.66517E-09 2.62036E-04 
-1.45739E-08 -3.37187E-08 3.61627E-06 4.73846E-05 -1.47074E-04 1.05528E-03 1.42842E-02 2.60292E-05 -3.37187E-08 -1.45739E-08 2.21815E-04 
-4.02868E-08 -5.57882E-08 3.52914E-06 4.23550E-05 -1.33064E-04 9.33856E-04 1.28247E-02 2.29373E-05 -5.57882E-08 -4.02868E-08 1.86717E-04 
-7.89061E-08 -9.05273E-08 3.39650E-06 3.77190E-05 -1.20097E-04 8.23949E-04 1.14831E-02 2.01369E-05 -9.05273E-08 -7.89061E-08 1.55989E-04 
-1.29689E-07 -1.37248E-07 3.21977E-06 3.34630E-05 -1.08139E-04 7.24858E-04 1.02546E-02 1.76071E-05 -1.37248E-07 -1.29689E-07 1.29014E-04 
-1.91036E-07 -1.94402E-07 3.00208E-06 2.95724E-05 -9.71507E-05 6.35865E-04 9.13379E-03 1.53277E-05 -1.94402E-07 -1.91036E-07 1.05311E-04 
-2.60442E-07 -2.59528E-07 2.74824E-06 2.60318E-05 -8.70856E-05 5.56243E-04 8.11483E-03 1.32798E-05 -2.59528E-07 -2.60442E-07 8.45413E-05 
-3.34421E-07 -3.29179E-07 2.46476E-06 2.28256E-05 -7.78937E-05 4.85268E-04 7.19166E-03 1.14462E-05 -3.29179E-07 -3.34421E-07 6.65037E-05 
-4.08418E-07 -3.98836E-07 2.15981E-06 1.99385E-05 -6.95215E-05 4.22231E-04 6.35811E-03 9.81125E-06 -3.98836E-07 -4.08418E-07 5.11265E-05 
-4.76741E-07 -4.62836E-07 1.84317E-06 1.73555E-05 -6.19127E-05 3.66442E-04 5.60791E-03 8.36173E-06 -4.62836E-07 -4.76741E-07 3.84513E-05 
-5.32530E-07 -5.14344E-07 1.52614E-06 1.50629E-05 -5.50097E-05 3.17241E-04 4.93489E-03 7.08662E-06 -5.14344E-07 -5.32530E-07 2.86109E-05 
-5.67810E-07 -5.45407E-07 1.22133E-06 1.30476E-05 -4.87536E-05 2.74001E-04 4.33295E-03 5.97728E-06 -5.45407E-07 -5.67810E-07 2.17974E-05 
-5.73652E-07 -5.47112E-07 9.42380E-07 1.12979E-05 -4.30855E-05 2.36135E-04 3.79620E-03 5.02730E-06 -5.47112E-07 -5.73652E-07 1.82251E-05 
-1.30325E-09 -6.88021E-08 -5.78224E-08 1.11802E-04 -3.38386E-04 2.35975E-03 3.28741E-02 5.44377E-05 -6.88021E-08 -1.30325E-09 9.05575E-04 
-1.30325E-09 -6.88021E-08 3.22925E-07 1.03161E-04 -3.14081E-04 2.15305E-03 3.03511E-02 4.93933E-05 -6.88021E-08 -1.30325E-09 7.84707E-04 
-1.30325E-09 -2.18447E-08 7.24844E-07 9.51089E-05 -2.91235E-04 1.96261E-03 2.79964E-02 4.48090E-05 -2.18447E-08 -1.30325E-09 6.80186E-04 
-1.30325E-09 -5.43151E-08 1.13235E-06 8.75996E-05 -2.69771E-04 1.78718E-03 2.57991E-02 4.06384E-05 -5.43151E-08 -1.30325E-09 5.89838E-04 
-1.30325E-09 -6.75834E-08 1.53699E-06 8.05005E-05 -2.49362E-04 1.62351E-03 2.37226E-02 3.67893E-05 -6.75834E-08 -1.30325E-09 5.10740E-04 
-1.30325E-09 -6.81623E-08 1.92731E-06 7.38055E-05 -2.30022E-04 1.47134E-03 2.17665E-02 3.32451E-05 -6.81623E-08 -1.30325E-09 4.41739E-04 
-1.30325E-09 -6.13734E-08 2.29353E-06 6.75067E-05 -2.11755E-04 1.33031E-03 1.99295E-02 2.99884E-05 -6.13734E-08 -1.30325E-09 3.81718E-04 
-1.30325E-09 -5.37978E-08 2.55504E-06 6.28992E-05 -1.98353E-04 1.22858E-03 1.85886E-02 2.76550E-05 -5.37978E-08 -1.30325E-09 3.40763E-04 
-1.30325E-09 -5.14702E-08 2.62735E-06 6.15951E-05 -1.94555E-04 1.20002E-03 1.82095E-02 2.70021E-05 -5.14702E-08 -1.30325E-09 3.29616E-04 
-1.30325E-09 -4.11066E-08 2.94325E-06 5.56433E-05 -1.77191E-04 1.07107E-03 1.64829E-02 2.40653E-05 -4.11066E-08 -1.30325E-09 2.81166E-04 
-1.30325E-09 -3.41254E-08 3.20697E-06 5.01162E-05 -1.61030E-04 9.53496E-04 1.48849E-02 2.14015E-05 -3.41254E-08 -1.30325E-09 2.39608E-04 
-1.30325E-09 -3.28129E-08 3.41366E-06 4.49986E-05 -1.46039E-04 8.46659E-04 1.34109E-02 1.89898E-05 -3.28129E-08 -1.30325E-09 2.03885E-04 
-1.30325E-09 -3.87691E-08 3.56008E-06 4.02744E-05 -1.32178E-04 7.49910E-04 1.20555E-02 1.68098E-05 -3.87691E-08 -1.30325E-09 1.73052E-04 
-1.01975E-08 -4.55148E-08 3.64974E-06 3.59821E-05 -1.19528E-04 6.63533E-04 1.08263E-02 1.48696E-05 -4.55148E-08 -1.01975E-08 1.46383E-04 
-3.25580E-08 -6.16253E-08 3.67786E-06 3.20244E-05 -1.07844E-04 5.85405E-04 9.69714E-03 1.31106E-05 -6.16253E-08 -3.25580E-08 1.23009E-04 
-6.64369E-08 -8.93954E-08 3.64313E-06 2.83773E-05 -9.70640E-05 5.14817E-04 8.66083E-03 1.15120E-05 -8.93954E-08 -6.64369E-08 1.02371E-04 
-1.11709E-07 -1.28715E-07 3.54697E-06 2.50306E-05 -8.71554E-05 4.51310E-04 7.71350E-03 1.00614E-05 -1.28715E-07 -1.11709E-07 8.40358E-05 
-1.67539E-07 -1.78761E-07 3.39256E-06 2.19732E-05 -7.80814E-05 3.94411E-04 6.85086E-03 8.74686E-06 -1.78761E-07 -1.67539E-07 6.76657E-05 
-2.32343E-07 -2.37956E-07 3.18474E-06 1.91935E-05 -6.98000E-05 3.43636E-04 6.06827E-03 7.55748E-06 -2.37956E-07 -2.32343E-07 5.30314E-05 
-3.03703E-07 -3.03890E-07 2.93008E-06 1.66795E-05 -6.22656E-05 2.98506E-04 5.36091E-03 6.48360E-06 -3.03890E-07 -3.03703E-07 4.00130E-05 
-3.78274E-07 -3.73220E-07 2.63677E-06 1.44193E-05 -5.54299E-05 2.58549E-04 4.72383E-03 5.51702E-06 -3.73220E-07 -3.78274E-07 2.85996E-05 
-4.51677E-07 -4.41569E-07 2.31464E-06 1.24014E-05 -4.92426E-05 2.23307E-04 4.15201E-03 4.65123E-06 -4.41569E-07 -4.51677E-07 1.88833E-05 
-5.18419E-07 -5.03441E-07 1.97509E-06 1.06149E-05 -4.36520E-05 1.92341E-04 3.64050E-03 3.88159E-06 -5.03441E-07 -5.18419E-07 1.10457E-05 
-5.71853E-07 -5.52188E-07 1.63091E-06 9.05022E-06 -3.86059E-05 1.65238E-04 3.18442E-03 3.20540E-06 -5.52188E-07 -5.71853E-07 5.33793E-06 
-6.04225E-07 -5.80052E-07 1.29614E-06 7.69844E-06 -3.40522E-05 1.41608E-04 2.77906E-03 2.62190E-06 -5.80052E-07 -6.04225E-07 2.05237E-06 
-6.06831E-07 -5.78325E-07 9.85690E-07 6.55196E-06 -2.99393E-05 1.21088E-04 2.41988E-03 2.13207E-06 -5.78325E-07 -6.06831E-07 1.48692E-06 
-1.92721E-09 -2.97110E-08 -1.02391E-06 7.80747E-05 -2.51136E-04 1.29208E-03 2.25818E-02 2.59374E-05 -2.97110E-08 -1.92721E-09 4.88250E-04 
-1.92721E-09 -2.97110E-08 -3.70190E-07 7.17582E-05 -2.31902E-04 1.17300E-03 2.07598E-02 2.34624E-05 -2.97110E-08 -1.92721E-09 4.21608E-04 
-1.92721E-09 -1.11714E-08 2.66660E-07 6.58842E-05 -2.13939E-04 1.06384E-03 1.90669E-02 2.12311E-05 -1.11714E-08 -1.92721E-09 3.64366E-04 
-1.92721E-09 -2.61342E-08 8.75806E-07 6.04181E-05 -1.97172E-04 9.63795E-04 1.74942E-02 1.92165E-05 -2.61342E-08 -1.92721E-09 3.15222E-04 
-1.92721E-09 -3.00106E-08 1.45626E-06 5.52622E-05 -1.81330E-04 8.70936E-04 1.60149E-02 1.73701E-05 -3.00106E-08 -1.92721E-09 2.72407E-04 
-1.92721E-09 -2.72113E-08 1.99848E-06 5.04113E-05 -1.66413E-04 7.85047E-04 1.46278E-02 1.56809E-05 -2.72113E-08 -1.92721E-09 2.35234E-04 
-1.92721E-09 -2.13292E-08 2.49438E-06 4.58585E-05 -1.52415E-04 7.05870E-04 1.33313E-02 1.41375E-05 -2.13292E-08 -1.92721E-09 2.03038E-04 
-1.92721E-09 -1.65009E-08 2.84197E-06 4.25356E-05 -1.42206E-04 6.49034E-04 1.23890E-02 1.30364E-05 -1.65009E-08 -1.92721E-09 1.81140E-04 
-1.92721E-09 -1.52247E-08 2.93721E-06 4.15964E-05 -1.39321E-04 6.33122E-04 1.21233E-02 1.27291E-05 -1.52247E-08 -1.92721E-09 1.75189E-04 
-1.92721E-09 -1.09379E-08 3.34906E-06 3.73170E-05 -1.26194E-04 5.61532E-04 1.09168E-02 1.13495E-05 -1.09379E-08 -1.92721E-09 1.49348E-04 
-1.92721E-09 -1.10663E-08 3.68795E-06 3.33549E-05 -1.14064E-04 4.96654E-04 9.80631E-03 1.01016E-05 -1.10663E-08 -1.92721E-09 1.27176E-04 
-1.92721E-09 -1.71244E-08 3.95057E-06 2.96981E-05 -1.02893E-04 4.38069E-04 8.78756E-03 8.97309E-06 -1.71244E-08 -1.92721E-09 1.08042E-04 
-1.92721E-09 -3.01682E-08 4.13523E-06 2.63339E-05 -9.26404E-05 3.85351E-04 7.85607E-03 7.95230E-06 -3.01682E-08 -1.92721E-09 9.13773E-05 
-1.36886E-08 -4.15088E-08 4.24830E-06 2.32931E-05 -8.33485E-05 3.38598E-04 7.01619E-03 7.04646E-06 -4.15088E-08 -1.36886E-08 7.67525E-05 
-4.01041E-08 -6.17146E-08 4.28516E-06 2.05008E-05 -7.48278E-05 2.96586E-04 6.24908E-03 6.22065E-06 -6.17146E-08 -4.01041E-08 6.36947E-05 
-7.75696E-08 -9.32032E-08 4.24562E-06 1.79379E-05 -6.70237E-05 2.58881E-04 5.54918E-03 5.46280E-06 -9.32032E-08 -7.75696E-08 5.18890E-05 
-1.25757E-07 -1.35645E-07 4.13260E-06 1.55969E-05 -5.99033E-05 2.25191E-04 4.91320E-03 4.76635E-06 -1.35645E-07 -1.25757E-07 4.11033E-05 
-1.83726E-07 -1.88096E-07 3.95081E-06 1.34696E-05 -5.34298E-05 1.95219E-04 4.33761E-03 4.12553E-06 -1.88096E-07 -1.83726E-07 3.11811E-05 
-2.49859E-07 -2.48931E-07 3.70670E-06 1.15474E-05 -4.75636E-05 1.68667E-04 3.81867E-03 3.53553E-06 -2.48931E-07 -2.49859E-07 2.20502E-05 
-3.21760E-07 -3.15751E-07 3.40840E-06 9.82175E-06 -4.22630E-05 1.45244E-04 3.35259E-03 2.99276E-06 -3.15751E-07 -3.21760E-07 1.37278E-05 
-3.96147E-07 -3.85262E-07 3.06573E-06 8.28438E-06 -3.74848E-05 1.24667E-04 2.93551E-03 2.49491E-06 -3.85262E-07 -3.96147E-07 6.32127E-06 
-4.68735E-07 -4.53172E-07 2.69011E-06 6.92749E-06 -3.31849E-05 1.06668E-04 2.56360E-03 2.04121E-06 -4.53172E-07 -4.68735E-07 2.38422E-08 
-5.34141E-07 -5.14088E-07 2.29443E-06 5.74406E-06 -2.93191E-05 9.09891E-05 2.23313E-03 1.63247E-06 -5.14088E-07 -5.34141E-07 -4.89700E-06 
-5.85848E-07 -5.61483E-07 1.89295E-06 4.72800E-06 -2.58431E-05 7.73936E-05 1.94046E-03 1.27119E-06 -5.61483E-07 -5.85848E-07 -8.11786E-06 
-6.16245E-07 -5.87736E-07 1.50100E-06 3.87424E-06 -2.27133E-05 6.56599E-05 1.68212E-03 9.61436E-07 -5.87736E-07 -6.16245E-07 -9.28622E-06 
-6.16781E-07 -5.84289E-07 1.13469E-06 3.17870E-06 -1.98873E-05 5.55852E-05 1.45481E-03 7.08709E-07 -5.84289E-07 -6.16781E-07 -8.05441E-06 
-2.09601E-09 -1.71497E-09 -1.07231E-06 5.23245E-05 -1.74896E-04 6.38735E-04 1.46720E-02 1.09440E-05 -1.71497E-09 -2.09601E-09 2.41910E-04 
-2.09601E-09 -1.71497E-09 -2.21069E-07 4.78809E-05 -1.60625E-04 5.76489E-04 1.34243E-02 9.90375E-06 -1.71497E-09 -2.09601E-09 2.08335E-04 
-2.09601E-09 -3.83859E-09 5.85276E-07 4.37553E-05 -1.47389E-04 5.19753E-04 1.22709E-02 8.97888E-06 -3.83859E-09 -2.09601E-09 1.79696E-04 
-2.09601E-09 -6.47463E-09 1.33871E-06 3.99223E-05 -1.35119E-04 4.68054E-04 1.12048E-02 8.15430E-06 -6.47463E-09 -2.09601E-09 1.55288E-04 
-2.09601E-09 -3.28116E-09 2.04299E-06 3.63126E-05 -1.23604E-04 4.20343E-04 1.02069E-02 7.40698E-06 -3.28116E-09 -2.09601E-09 1.34132E-04 
-2.09601E-09 2.66782E-09 2.68954E-06 3.29217E-05 -1.12839E-04 3.76471E-04 9.27610E-03 6.72958E-06 2.66782E-09 -2.09601E-09 1.15856E-04 
-2.09601E-09 8.87563E-09 3.27116E-06 2.97444E-05 -1.02808E-04 3.36269E-04 8.41061E-03 6.11502E-06 8.87563E-09 -2.09601E-09 1.00100E-04 
-2.09601E-09 1.25852E-08 3.67286E-06 2.74288E-05 -9.55388E-05 3.07566E-04 7.78451E-03 5.67836E-06 1.25852E-08 -2.09601E-09 8.94153E-05 
-2.09601E-09 1.33650E-08 3.78197E-06 2.67748E-05 -9.34930E-05 2.99555E-04 7.60846E-03 5.55661E-06 1.33650E-08 -2.09601E-09 8.65137E-05 
-2.09601E-09 1.45345E-08 4.24823E-06 2.37987E-05 -8.42254E-05 2.63658E-04 6.81186E-03 5.01020E-06 1.45345E-08 -2.09601E-09 7.39101E-05 
-2.09601E-09 1.05128E-08 4.62302E-06 2.10488E-05 -7.57305E-05 2.31348E-04 6.08301E-03 4.51440E-06 1.05128E-08 -2.09601E-09 6.30425E-05 
-2.09601E-09 2.81650E-10 4.90421E-06 1.85165E-05 -6.79710E-05 2.02376E-04 5.41845E-03 4.06237E-06 2.81650E-10 -2.09601E-09 5.35432E-05 
-2.09601E-09 -1.68605E-08 5.09134E-06 1.61929E-05 -6.09069E-05 1.76491E-04 4.81459E-03 3.64786E-06 -1.68605E-08 -2.09601E-09 4.50808E-05 
-1.47039E-08 -3.07033E-08 5.19329E-06 1.41038E-05 -5.45525E-05 1.53710E-04 4.27356E-03 3.27878E-06 -3.07033E-08 -1.47039E-08 3.73934E-05 
-4.24394E-08 -5.31744E-08 5.20563E-06 1.21922E-05 -4.87721E-05 1.33391E-04 3.78255E-03 2.93313E-06 -5.31744E-08 -4.24394E-08 3.02619E-05 
-8.11126E-08 -8.67728E-08 5.12928E-06 1.04442E-05 -4.35208E-05 1.15293E-04 3.33745E-03 2.60392E-06 -8.67728E-08 -8.11126E-08 2.35201E-05 
-1.30241E-07 -1.31012E-07 4.96865E-06 8.85465E-06 -3.87677E-05 9.92493E-05 2.93566E-03 2.28831E-06 -1.31012E-07 -1.30241E-07 1.70560E-05 
-1.88795E-07 -1.84856E-07 4.73002E-06 7.41837E-06 -3.44801E-05 8.50920E-05 2.57447E-03 1.98427E-06 -1.84856E-07 -1.88795E-07 1.08193E-05 
-2.55114E-07 -2.46638E-07 4.42147E-06 6.12994E-06 -3.06233E-05 7.26574E-05 2.25107E-03 1.69072E-06 -2.46638E-07 -2.55114E-07 4.83000E-06 
-3.26800E-07 -3.13952E-07 4.05285E-06 4.98407E-06 -2.71620E-05 6.17870E-05 1.96263E-03 1.40764E-06 -3.13952E-07 -3.26800E-07 -8.14613E-07 
-4.00597E-07 -3.83534E-07 3.63568E-06 3.97579E-06 -2.40603E-05 5.23297E-05 1.70636E-03 1.13627E-06 -3.83534E-07 -4.00597E-07 -5.93848E-06 
-4.72269E-07 -4.51138E-07 3.18303E-06 3.10065E-06 -2.12823E-05 4.41431E-05 1.47949E-03 8.79147E-07 -4.51138E-07 -4.72269E-07 -1.02901E-05 
-5.36500E-07 -5.11442E-07 2.70942E-06 2.35493E-06 -1.87923E-05 3.70946E-05 1.27939E-03 6.40274E-07 -5.11442E-07 -5.36500E-07 -1.35528E-05 
-5.86858E-07 -5.58001E-07 2.23062E-06 1.73575E-06 -1.65553E-05 3.10625E-05 1.10350E-03 4.25094E-07 -5.58001E-07 -5.86858E-07 -1.53624E-05 
-6.15826E-07 -5.83294E-07 1.76335E-06 1.24110E-06 -1.45370E-05 2.59355E-05 9.49432E-04 2.40431E-07 -5.83294E-07 -6.15826E-07 -1.53327E-05 
-6.14967E-07 -5.78873E-07 1.32493E-06 8.69819E-07 -1.27042E-05 2.16134E-05 8.14923E-04 9.43017E-08 -5.78873E-07 -6.14967E-07 -1.30891E-05 
-2.07450E-09 1.59954E-08 -6.14068E-07 3.34080E-05 -1.12105E-04 2.72549E-04 8.84896E-03 3.84472E-06 1.59954E-08 -2.07450E-09 1.06706E-04 
-2.07450E-09 1.59954E-08 4.06423E-07 3.04215E-05 -1.02344E-04 2.44220E-04 8.05313E-03 3.53429E-06 1.59954E-08 -2.07450E-09 9.18039E-05 
-2.07450E-09 6.85743E-10 1.35810E-06 2.76489E-05 -9.33626E-05 2.18566E-04 7.32148E-03 3.26990E-06 6.85743E-10 -2.07450E-09 7.91909E-05 
-2.07450E-09 5.76946E-09 2.23457E-06 2.50731E-05 -8.51036E-05 1.95344E-04 6.64904E-03 3.04315E-06 5.76946E-09 -2.07450E-09 6.85376E-05 
-2.07450E-09 1.35619E-08 3.04293E-06 2.26468E-05 -7.74160E-05 1.74051E-04 6.02319E-03 2.84438E-06 1.35619E-08 -2.07450E-09 5.93654E-05 
-2.07450E-09 2.17726E-08 3.77494E-06 2.03670E-05 -7.02882E-05 1.54601E-04 5.44276E-03 2.66862E-06 2.17726E-08 -2.07450E-09 5.15002E-05 
-2.07450E-09 2.85465E-08 4.42383E-06 1.82297E-05 -6.37036E-05 1.36897E-04 4.90624E-03 2.51127E-06 2.85465E-08 -2.07450E-09 4.47630E-05 
-2.07450E-09 3.18625E-08 4.86540E-06 1.66716E-05 -5.89693E-05 1.24333E-04 4.52019E-03 2.39950E-06 3.18625E-08 -2.07450E-09 4.02091E-05 
-2.07450E-09 3.24233E-08 4.98420E-06 1.62315E-05 -5.76428E-05 1.20839E-04 4.41197E-03 2.36817E-06 3.24233E-08 -2.07450E-09 3.89724E-05 
-2.07450E-09 3.20811E-08 5.48478E-06 1.42280E-05 -5.16688E-05 1.05251E-04 3.92424E-03 2.22552E-06 3.20811E-08 -2.07450E-09 3.35800E-05 
-2.07450E-09 2.60496E-08 5.87492E-06 1.23766E-05 -4.62466E-05 9.13268E-05 3.48100E-03 2.09087E-06 2.60496E-08 -2.07450E-09 2.88513E-05 
-2.07450E-09 1.36069E-08 6.15356E-06 1.06718E-05 -4.13428E-05 7.89383E-05 3.07963E-03 1.96052E-06 1.36069E-08 -2.07450E-09 2.45709E-05 
-2.07450E-09 -5.73324E-09 6.32150E-06 9.10867E-06 -3.69231E-05 6.79587E-05 2.71745E-03 1.83129E-06 -5.73324E-09 -2.07450E-09 2.05409E-05 
-1.46565E-08 -2.07202E-08 6.39004E-06 7.71034E-06 -3.29811E-05 5.83845E-05 2.39529E-03 1.71217E-06 -2.07202E-08 -1.46565E-08 1.65864E-05 
-4.24715E-08 -4.42067E-08 6.35522E-06 6.43388E-06 -2.94295E-05 4.99182E-05 2.10500E-03 1.58738E-06 -4.42067E-08 -4.24715E-08 1.26382E-05 
-8.12293E-08 -7.87576E-08 6.21922E-06 5.26971E-06 -2.62340E-05 4.24434E-05 1.84377E-03 1.45268E-06 -7.87576E-08 -8.12293E-08 8.61393E-06 
-1.30342E-07 -1.23783E-07 5.98811E-06 4.21554E-06 -2.33687E-05 3.58784E-05 1.60971E-03 1.30733E-06 -1.23783E-07 -1.30342E-07 4.46727E-06 
-1.88713E-07 -1.78183E-07 5.66995E-06 3.26890E-06 -2.08062E-05 3.01431E-05 1.40089E-03 1.15140E-06 -1.78183E-07 -1.88713E-07 2.05539E-07 
-2.54649E-07 -2.40260E-07 5.27468E-06 2.42731E-06 -1.85190E-05 2.51605E-05 1.21538E-03 9.85851E-07 -2.40260E-07 -2.54649E-07 -4.10079E-06 
-3.25744E-07 -3.07604E-07 4.81408E-06 1.68844E-06 -1.64792E-05 2.08575E-05 1.05122E-03 8.12689E-07 -3.07604E-07 -3.25744E-07 -8.31110E-06 
-3.98754E-07 -3.76965E-07 4.30158E-06 1.05021E-06 -1.46591E-05 1.71656E-05 9.06544E-04 6.35041E-07 -3.76965E-07 -3.98754E-07 -1.22122E-05 
-4.69472E-07 -4.44130E-07 3.75216E-06 5.11048E-07 -1.30316E-05 1.40214E-05 7.79524E-04 4.57283E-07 -4.44130E-07 -4.69472E-07 -1.55213E-05 
-5.32629E-07 -5.03824E-07 3.18213E-06 6.99349E-08 -1.15697E-05 1.13673E-05 6.68425E-04 2.85113E-07 -5.03824E-07 -5.32629E-07 -1.78956E-05 
-5.81850E-07 -5.49665E-07 2.60895E-06 -2.73430E-07 -1.02476E-05 9.15153E-06 5.71610E-04 1.25558E-07 -5.49665E-07 -5.81850E-07 -1.89498E-05 
-6.09694E-07 -5.74208E-07 2.05085E-06 -5.18649E-07 -9.04007E-06 7.32789E-06 4.87548E-04 -1.31034E-08 -5.74208E-07 -6.09694E-07 -1.82809E-05 
-6.07811E-07 -5.69098E-07 1.52649E-06 -6.64701E-07 -7.92295E-06 5.85588E-06 4.14820E-04 -1.21539E-07 -5.69098E-07 -6.07811E-07 -1.55012E-05 
-1.98880E-09 2.60121E-08 2.19721E-07 2.03581E-05 -6.39781E-05 9.28093E-05 4.82414E-03 9.50251E-07 2.60121E-08 -1.98880E-09 3.98437E-05 
-1.98880E-09 2.60121E-08 1.40249E-06 1.84396E-05 -5.80077E-05 8.23464E-05 4.36300E-03 9.71029E-07 2.60121E-08 -1.98880E-09 3.43770E-05 
-1.98880E-09 3.19111E-09 2.49302E-06 1.66521E-05 -5.25707E-05 7.29386E-05 3.94177E-03 1.00439E-06 3.19111E-09 -1.98880E-09 2.98033E-05 
-1.98880E-09 1.26058E-08 3.48594E-06 1.49849E-05 -4.76245E-05 6.44809E-05 3.55715E-03 1.04527E-06 1.26058E-08 -1.98880E-09 2.60028E-05 
-1.98880E-09 2.30581E-08 4.39100E-06 1.34077E-05 -4.30710E-05 5.67779E-05 3.20150E-03 1.09023E-06 2.30581E-08 -1.98880E-09 2.27811E-05 
-1.98880E-09 3.26692E-08 5.19998E-06 1.19187E-05 -3.88975E-05 4.97876E-05 2.87385E-03 1.13552E-06 3.26692E-08 -1.98880E-09 2.00698E-05 
-1.98880E-09 3.99220E-08 5.90628E-06 1.05163E-05 -3.50881E-05 4.34663E-05 2.57304E-03 1.17784E-06 3.99220E-08 -1.98880E-09 1.77872E-05 
-1.98880E-09 4.31522E-08 6.37907E-06 9.48941E-06 -3.23793E-05 3.90063E-05 2.35793E-03 1.20668E-06 4.31522E-08 -1.98880E-09 1.62562E-05 
-1.98880E-09 4.36303E-08 6.50487E-06 9.19864E-06 -3.16252E-05 3.77699E-05 2.29784E-03 1.21428E-06 4.36303E-08 -1.98880E-09 1.58398E-05 
-1.98880E-09 4.26325E-08 7.02577E-06 7.87119E-06 -2.82571E-05 3.22775E-05 2.02826E-03 1.24413E-06 4.26325E-08 -1.98880E-09 1.39967E-05 
-1.98880E-09 3.56632E-08 7.41548E-06 6.63873E-06 -2.52432E-05 2.74066E-05 1.78516E-03 1.26166E-06 3.56632E-08 -1.98880E-09 1.22860E-05 
-1.98880E-09 2.21652E-08 7.67413E-06 5.49946E-06 -2.25565E-05 2.31044E-05 1.56677E-03 1.26472E-06 2.21652E-08 -1.98880E-09 1.05690E-05 
-1.98880E-09 1.77550E-09 7.80394E-06 4.45162E-06 -2.01697E-05 1.93209E-05 1.37128E-03 1.25167E-06 1.77550E-09 -1.98880E-09 8.71439E-06 
-1.42284E-08 -1.35298E-08 7.81885E-06 3.51784E-06 -1.80640E-05 1.60588E-05 1.19883E-03 1.23242E-06 -1.35298E-08 -1.42284E-08 6.58606E-06 
-4.16268E-08 -3.72449E-08 7.71566E-06 2.66559E-06 -1.61918E-05 1.32010E-05 1.04472E-03 1.19380E-06 -3.72449E-08 -4.16268E-08 4.19448E-06 
-7.99880E-08 -7.19949E-08 7.49811E-06 1.88894E-06 -1.45297E-05 1.07019E-05 9.07202E-04 1.13282E-06 -7.19949E-08 -7.99880E-08 1.49935E-06 
-1.28658E-07 -1.17126E-07 7.17419E-06 1.18811E-06 -1.30573E-05 8.53122E-06 7.85042E-04 1.04982E-06 -1.17126E-07 -1.28658E-07 -1.51332E-06 
-1.86498E-07 -1.71500E-07 6.75403E-06 5.63174E-07 -1.17540E-05 6.66004E-06 6.77013E-04 9.45977E-07 -1.71500E-07 -1.86498E-07 -4.80788E-06 
-2.51791E-07 -2.33398E-07 6.24979E-06 1.41823E-08 -1.05993E-05 5.06104E-06 5.81896E-04 8.23308E-07 -2.33398E-07 -2.51791E-07 -8.28907E-06 
-3.22127E-07 -3.00407E-07 5.67545E-06 -4.58743E-07 -9.57309E-06 3.70893E-06 4.98504E-04 6.84841E-07 -3.00407E-07 -3.22127E-07 -1.17949E-05 
-3.94271E-07 -3.69288E-07 5.04667E-06 -8.55301E-07 -8.65561E-06 2.58068E-06 4.25696E-04 5.34700E-07 -3.69288E-07 -3.94271E-07 -1.50939E-05 
-4.64038E-07 -4.35853E-07 4.38060E-06 -1.17487E-06 -7.82777E-06 1.65572E-06 3.62389E-04 3.78206E-07 -4.35853E-07 -4.64038E-07 -1.78880E-05 
-5.26193E-07 -4.94863E-07 3.69558E-06 -1.41641E-06 -7.07102E-06 9.16026E-07 3.07565E-04 2.21940E-07 -4.94863E-07 -5.26193E-07 -1.98224E-05 
-5.74409E-07 -5.39987E-07 3.01096E-06 -1.57837E-06 -6.36747E-06 3.46197E-07 2.60277E-04 7.37477E-08 -5.39987E-07 -5.74409E-07 -2.05019E-05 
-6.01307E-07 -5.63840E-07 2.34666E-06 -1.65868E-06 -5.69989E-06 -6.66536E-08 2.19652E-04 -5.73468E-08 -5.63840E-07 -6.01307E-07 -1.95168E-05 
-5.98613E-07 -5.58147E-07 1.72276E-06 -1.65486E-06 -5.05190E-06 -3.33084E-07 1.84894E-04 -1.61343E-07 -5.58147E-07 -5.98613E-07 -1.64748E-05 
-1.88994E-09 3.12609E-08 1.42954E-06 1.21698E-05 -3.02332E-05 2.13318E-05 2.27363E-03 1.05195E-08 3.12609E-08 -1.88994E-09 1.12525E-05 
-1.88994E-09 3.12609E-08 2.77598E-06 1.09649E-05 -2.71753E-05 1.86169E-05 2.04096E-03 1.66740E-07 3.12609E-08 -1.88994E-09 9.85312E-06 
-1.88994E-09 4.46322E-09 4.00502E-06 9.82915E-06 -2.44388E-05 1.61797E-05 1.83006E-03 3.21108E-07 4.46322E-09 -1.88994E-09 8.72620E-06 
-1.88994E-09 1.61225E-08 5.11202E-06 8.75687E-06 -2.19949E-05 1.39895E-05 1.63896E-03 4.69914E-07 1.61225E-08 -1.88994E-09 7.84962E-06 
-1.88994E-09 2.80126E-08 6.10921E-06 7.72988E-06 -1.97889E-05 1.19924E-05 1.46362E-03 6.12255E-07 2.80126E-08 -1.88994E-09 7.16692E-06 
-1.88994E-09 3.84424E-08 6.98823E-06 6.74806E-06 -1.78093E-05 1.01757E-05 1.30335E-03 7.44874E-07 3.84424E-08 -1.88994E-09 6.65609E-06 
-1.88994E-09 4.60520E-08 7.74263E-06 5.81156E-06 -1.60430E-05 8.52677E-06 1.15739E-03 8.64956E-07 4.60520E-08 -1.88994E-09 6.27754E-06 
-1.88994E-09 4.93250E-08 8.23782E-06 5.11835E-06 -1.48138E-05 7.35864E-06 1.05376E-03 9.47733E-07 4.93250E-08 -1.88994E-09 6.04042E-06 
-1.88994E-09 4.97858E-08 8.36776E-06 4.92088E-06 -1.44759E-05 7.03399E-06 1.02494E-03 9.70108E-07 4.97858E-08 -1.88994E-09 5.97530E-06 
-1.88994E-09 4.85680E-08 8.89388E-06 4.01272E-06 -1.29918E-05 5.58669E-06 8.96321E-04 1.06450E-06 4.85680E-08 -1.88994E-09 5.65441E-06 
-1.88994E-09 4.12295E-08 9.26563E-06 3.15988E-06 -1.17019E-05 4.29532E-06 7.81399E-04 1.13730E-06 4.12295E-08 -1.88994E-09 5.24057E-06 
-1.88994E-09 2.73016E-08 9.48461E-06 2.36364E-06 -1.05862E-05 3.14809E-06 6.79115E-04 1.18704E-06 2.73016E-08 -1.88994E-09 4.62733E-06 
-1.88994E-09 6.49104E-09 9.55479E-06 1.62532E-06 -9.62508E-06 2.13427E-06 5.88431E-04 1.21272E-06 6.49104E-09 -1.88994E-09 3.71134E-06 
-1.37045E-08 -8.68492E-09 9.49315E-06 9.68287E-07 -8.79311E-06 1.26888E-06 5.09217E-04 1.22502E-06 -8.68492E-09 -1.37045E-08 2.36904E-06 
-4.05224E-08 -3.21927E-08 9.29756E-06 3.66954E-07 -8.07300E-06 5.11739E-07 4.39118E-04 1.21153E-06 -3.21927E-08 -4.05224E-08 6.48332E-07 
-7.83078E-08 -6.67171E-08 8.97362E-06 -1.81709E-07 -7.45067E-06 -1.48731E-07 3.77185E-04 1.16982E-06 -6.67171E-08 -7.83078E-08 -1.47262E-06 
-1.26367E-07 -1.11567E-07 8.53163E-06 -6.75369E-07 -6.91142E-06 -7.17328E-07 3.22731E-04 1.10079E-06 -1.11567E-07 -1.26367E-07 -3.99411E-06 
-1.83537E-07 -1.65578E-07 7.98420E-06 -1.11186E-06 -6.44083E-06 -1.19843E-06 2.75079E-04 1.00614E-06 -1.65578E-07 -1.83537E-07 -6.86825E-06 
-2.48088E-07 -2.27021E-07 7.34604E-06 -1.48913E-06 -6.02492E-06 -1.59594E-06 2.33573E-04 8.88453E-07 -2.27021E-07 -2.48088E-07 -9.98894E-06 
-3.17609E-07 -2.93483E-07 6.63373E-06 -1.80522E-06 -5.65026E-06 -1.91322E-06 1.97587E-04 7.51314E-07 -2.93483E-07 -3.17609E-07 -1.31848E-05 
-3.88872E-07 -3.61735E-07 5.86550E-06 -2.05813E-06 -5.30397E-06 -2.15298E-06 1.66528E-04 5.99390E-07 -3.61735E-07 -3.88872E-07 -1.62164E-05 
-4.57714E-07 -4.27606E-07 5.06094E-06 -2.24573E-06 -4.97374E-06 -2.31725E-06 1.39843E-04 4.38529E-07 -4.27606E-07 -4.57714E-07 -1.87794E-05 
-5.18930E-07 -4.85890E-07 4.24072E-06 -2.36566E-06 -4.64773E-06 -2.40721E-06 1.17023E-04 2.75811E-07 -4.85890E-07 -5.18930E-07 -2.05141E-05 
-5.66235E-07 -5.30296E-07 3.42627E-06 -2.41525E-06 -4.31457E-06 -2.42325E-06 9.75993E-05 1.19553E-07 -5.30296E-07 -5.66235E-07 -2.10222E-05 
-5.92304E-07 -5.53497E-07 2.63937E-06 -2.39152E-06 -3.96337E-06 -2.36490E-06 8.11491E-05 -2.07981E-08 -5.53497E-07 -5.92304E-07 -1.98926E-05 
-5.88933E-07 -5.47283E-07 1.90166E-06 -2.29126E-06 -3.58377E-06 -2.23102E-06 6.72911E-05 -1.34862E-07 -5.47283E-07 -5.88933E-07 -1.67329E-05 
-1.79220E-09 3.41067E-08 3.07401E-06 7.78766E-06 -9.28879E-06 2.77720E-06 8.53126E-04 -1.68333E-07 3.41067E-08 -1.79220E-09 1.42210E-06 
-1.79220E-09 3.41067E-08 4.58734E-06 6.98833E-06 -8.22345E-06 2.36497E-06 7.58646E-04 4.46794E-08 3.41067E-08 -1.79220E-09 1.38906E-06 
-1.79220E-09 5.11310E-09 5.95487E-06 6.21656E-06 -7.31818E-06 1.95937E-06 6.73802E-04 2.49622E-07 5.11310E-09 -1.79220E-09 1.42050E-06 
-1.79220E-09 1.79663E-08 7.17273E-06 5.47086E-06 -6.55631E-06 1.55956E-06 5.97647E-04 4.43192E-07 1.79663E-08 -1.79220E-09 1.52796E-06 
-1.79220E-09 3.06786E-08 8.25568E-06 4.74050E-06 -5.91438E-06 1.15931E-06 5.28426E-04 6.25435E-07 3.06786E-08 -1.79220E-09 1.70716E-06 
-1.79220E-09 4.16311E-08 9.19525E-06 4.02709E-06 -5.38362E-06 7.59716E-07 4.65758E-04 7.93172E-07 4.16311E-08 -1.79220E-09 1.95005E-06 
-1.79220E-09 4.95288E-08 9.98524E-06 3.33266E-06 -4.95434E-06 3.62588E-07 4.09240E-04 9.43688E-07 4.95288E-08 -1.79220E-09 2.22957E-06 
-1.79220E-09 5.29011E-08 1.04912E-05 2.80993E-06 -4.68528E-06 5.85419E-08 3.69469E-04 1.04688E-06 5.29011E-08 -1.79220E-09 2.44316E-06 
-1.79220E-09 5.33747E-08 1.06215E-05 2.65970E-06 -4.61620E-06 -2.96135E-08 3.58461E-04 1.07472E-06 5.33747E-08 -1.79220E-09 2.50096E-06 
-1.79220E-09 5.21407E-08 1.11333E-05 1.96134E-06 -4.34131E-06 -4.43571E-07 3.09663E-04 1.19209E-06 5.21407E-08 -1.79220E-09 2.71542E-06 
-1.79220E-09 4.47010E-08 1.14649E-05 1.29495E-06 -4.14611E-06 -8.44181E-07 2.66541E-04 1.28296E-06 4.47010E-08 -1.79220E-09 2.76147E-06 
-1.79220E-09 3.06382E-08 1.16196E-05 6.64395E-07 -4.01692E-06 -1.22702E-06 2.28591E-04 1.34612E-06 3.06382E-08 -1.79220E-09 2.54257E-06 
-1.79220E-09 9.70294E-09 1.16037E-05 7.34976E-08 -3.94044E-06 -1.58759E-06 1.95328E-04 1.38088E-06 9.70294E-09 -1.79220E-09 1.96416E-06 
-1.31723E-08 -5.13923E-09 1.14378E-05 -4.52786E-07 -3.88887E-06 -1.90227E-06 1.66623E-04 1.39846E-06 -5.13923E-09 -1.31723E-08 9.03983E-07 
-3.93674E-08 -2.82391E-08 1.11210E-05 -9.36148E-07 -3.86538E-06 -2.18889E-06 1.41521E-04 1.38663E-06 -2.82391E-08 -3.93674E-08 -5.74905E-07 
-7.65207E-08 -6.23423E-08 1.06613E-05 -1.37760E-06 -3.86292E-06 -2.44753E-06 1.19610E-04 1.34317E-06 -6.23423E-08 -7.65207E-08 -2.48749E-06 
-1.23915E-07 -1.06734E-07 1.00716E-05 -1.77318E-06 -3.87146E-06 -2.67387E-06 1.00585E-04 1.26929E-06 -1.06734E-07 -1.23915E-07 -4.82918E-06 
-1.80372E-07 -1.60234E-07 9.36745E-06 -2.11919E-06 -3.88149E-06 -2.86386E-06 8.41531E-05 1.16705E-06 -1.60234E-07 -1.80372E-07 -7.54752E-06 
-2.44158E-07 -2.21109E-07 8.56663E-06 -2.41226E-06 -3.88405E-06 -3.01373E-06 7.00348E-05 1.03941E-06 -2.21109E-07 -2.44158E-07 -1.05323E-05 
-3.12861E-07 -2.86943E-07 7.68870E-06 -2.64921E-06 -3.87076E-06 -3.12003E-06 5.79701E-05 8.90308E-07 -2.86943E-07 -3.12861E-07 -1.36084E-05 
-3.83265E-07 -3.54518E-07 6.75480E-06 -2.82708E-06 -3.83382E-06 -3.17944E-06 4.77178E-05 7.24816E-07 -3.54518E-07 -3.83265E-07 -1.65337E-05 
-4.51226E-07 -4.19681E-07 5.78732E-06 -2.94293E-06 -3.76585E-06 -3.18879E-06 3.90573E-05 5.49162E-07 -4.19681E-07 -4.51226E-07 -1.90016E-05 
-5.11566E-07 -4.77253E-07 4.80950E-06 -2.99380E-06 -3.65986E-06 -3.14486E-06 3.17890E-05 3.70800E-07 -4.77253E-07 -5.11566E-07 -2.06513E-05 
-5.58040E-07 -5.20980E-07 3.84510E-06 -2.97662E-06 -3.50915E-06 -3.04433E-06 2.57340E-05 1.98399E-07 -5.20980E-07 -5.58040E-07 -2.10847E-05 
-5.83375E-07 -5.43585E-07 2.91787E-06 -2.88819E-06 -3.30728E-06 -2.88374E-06 2.07331E-05 4.17328E-08 -5.43585E-07 -5.83375E-07 -1.98916E-05 
-5.79428E-07 -5.36921E-07 2.05112E-06 -2.72526E-06 -3.04813E-06 -2.65956E-06 1.66463E-05 -8.85308E-08 -5.36921E-07 -5.79428E-07 -1.66820E-05 
-1.69558E-09 3.60456E-08 5.23895E-06 6.11372E-06 1.51596E-06 2.98945E-06 2.13634E-04 -1.06126E-07 3.60456E-08 -1.69558E-09 -9.32787E-07 
-1.69558E-09 3.60456E-08 6.92073E-06 5.47266E-06 1.43029E-06 2.67366E-06 1.87624E-04 1.40969E-07 3.60456E-08 -1.69558E-09 -6.75837E-07 
-1.69558E-09 5.52415E-09 8.42409E-06 4.83643E-06 1.28696E-06 2.32917E-06 1.64525E-04 3.76251E-07 5.52415E-09 -1.69558E-09 -3.92522E-07 
-1.69558E-09 1.91728E-08 9.74615E-06 4.20633E-06 1.09411E-06 1.96136E-06 1.44018E-04 5.96475E-07 1.91728E-08 -1.69558E-09 -6.58036E-08 
-1.69558E-09 3.24791E-08 1.09043E-05 3.57541E-06 8.55944E-07 1.56948E-06 1.25578E-04 8.02133E-07 3.24791E-08 -1.69558E-09 3.12447E-07 
-1.69558E-09 4.38493E-08 1.18903E-05 2.94682E-06 5.78696E-07 1.15859E-06 1.09062E-04 9.89957E-07 4.38493E-08 -1.69558E-09 7.35270E-07 
-1.69558E-09 5.20165E-08 1.26982E-05 2.32424E-06 2.69176E-07 7.34279E-07 9.43259E-05 1.15719E-06 5.20165E-08 -1.69558E-09 1.17675E-06 
-1.69558E-09 5.55143E-08 1.31991E-05 1.84923E-06 1.21292E-08 4.00574E-07 8.40548E-05 1.27098E-06 5.55143E-08 -1.69558E-09 1.50405E-06 
-1.69558E-09 5.60133E-08 1.33249E-05 1.71178E-06 -6.53616E-08 3.02579E-07 8.12275E-05 1.30154E-06 5.60133E-08 -1.69558E-09 1.59327E-06 
-1.69558E-09 5.48449E-08 1.37968E-05 1.06785E-06 -4.45473E-07 -1.63989E-07 6.87792E-05 1.42951E-06 5.48449E-08 -1.69558E-09 1.94666E-06 
-1.69558E-09 4.74079E-08 1.40597E-05 4.46648E-07 -8.36436E-07 -6.23955E-07 5.79056E-05 1.52715E-06 4.74079E-08 -1.69558E-09 2.11490E-06 
-1.69558E-09 3.33218E-08 1.41194E-05 -1.46043E-07 -1.22890E-06 -1.06957E-06 4.84475E-05 1.59339E-06 3.33218E-08 -1.69558E-09 2.00299E-06 
-1.69558E-09 1.23714E-08 1.39847E-05 -7.04578E-07 -1.61390E-06 -1.49344E-06 4.02558E-05 1.62769E-06 1.23714E-08 -1.69558E-09 1.51797E-06 
-1.26402E-08 -2.06586E-09 1.36809E-05 -1.20206E-06 -1.96291E-06 -1.86829E-06 3.32847E-05 1.64186E-06 -2.06586E-09 -1.26402E-08 5.35248E-07 
-3.82001E-08 -2.46900E-08 1.32085E-05 -1.65875E-06 -2.29085E-06 -2.21139E-06 2.72666E-05 1.62360E-06 -2.46900E-08 -3.82001E-08 -8.76404E-07 
-7.47048E-08 -5.83097E-08 1.25780E-05 -2.07447E-06 -2.59499E-06 -2.52147E-06 2.20830E-05 1.57085E-06 -5.83097E-08 -7.47048E-08 -2.72965E-06 
-1.21422E-07 -1.02193E-07 1.18058E-05 -2.44417E-06 -2.86830E-06 -2.79286E-06 1.76470E-05 1.48512E-06 -1.02193E-07 -1.21422E-07 -5.01837E-06 
-1.77164E-07 -1.55149E-07 1.09109E-05 -2.76328E-06 -3.10431E-06 -3.02052E-06 1.38775E-05 1.36876E-06 -1.55149E-07 -1.77164E-07 -7.68859E-06 
-2.40194E-07 -2.15439E-07 9.91433E-06 -3.02766E-06 -3.29721E-06 -3.20006E-06 1.06994E-05 1.22507E-06 -2.15439E-07 -2.40194E-07 -1.06286E-05 
-3.08104E-07 -2.80650E-07 8.83926E-06 -3.23363E-06 -3.44173E-06 -3.32765E-06 8.04432E-06 1.05836E-06 -2.80650E-07 -3.08104E-07 -1.36621E-05 
-3.77690E-07 -3.47572E-07 7.71012E-06 -3.37787E-06 -3.53316E-06 -3.39998E-06 5.85051E-06 8.74065E-07 -3.47572E-07 -3.77690E-07 -1.65461E-05 
-4.44823E-07 -4.12069E-07 6.55242E-06 -3.45730E-06 -3.56717E-06 -3.41409E-06 4.06302E-06 6.78796E-07 -4.12069E-07 -4.44823E-07 -1.89738E-05 
-5.04356E-07 -4.68986E-07 5.39226E-06 -3.46901E-06 -3.53975E-06 -3.36725E-06 2.63350E-06 4.80374E-07 -4.68986E-07 -5.04356E-07 -2.05847E-05 
-5.50078E-07 -5.12105E-07 4.25590E-06 -3.41013E-06 -3.44707E-06 -3.25682E-06 1.51992E-06 2.87819E-07 -5.12105E-07 -5.50078E-07 -2.09819E-05 
-5.74764E-07 -5.34193E-07 3.16924E-06 -3.27783E-06 -3.28547E-06 -3.08018E-06 6.86123E-07 1.11227E-07 -5.34193E-07 -5.74764E-07 -1.97576E-05 
-5.70333E-07 -5.27163E-07 2.15732E-06 -3.06934E-06 -3.05151E-06 -2.83476E-06 1.01326E-07 -3.84475E-08 -5.27163E-07 -5.70333E-07 -1.65249E-05 
-1.59718E-09 3.77873E-08 8.02774E-06 6.06245E-06 5.58562E-06 5.53030E-06 2.53965E-05 3.27440E-08 3.77873E-08 -1.59718E-09 -1.21521E-06 
-1.59718E-09 3.77873E-08 9.87559E-06 5.40783E-06 4.99471E-06 4.90352E-06 2.21321E-05 3.11174E-07 3.77873E-08 -1.59718E-09 -9.43111E-07 
-1.59718E-09 5.87979E-09 1.15075E-05 4.75036E-06 4.39304E-06 4.27105E-06 1.92015E-05 5.74192E-07 5.87979E-09 -1.59718E-09 -6.42539E-07 
-1.59718E-09 2.02353E-08 1.29218E-05 4.09298E-06 3.78461E-06 3.63704E-06 1.65654E-05 8.18539E-07 2.02353E-08 -1.59718E-09 -2.97385E-07 
-1.59718E-09 3.40897E-08 1.41391E-05 3.42972E-06 3.16485E-06 2.99625E-06 1.41580E-05 1.04507E-06 3.40897E-08 -1.59718E-09 1.01141E-07 
-1.59718E-09 4.58617E-08 1.51511E-05 2.76499E-06 2.53870E-06 2.35387E-06 1.19628E-05 1.25040E-06 4.58617E-08 -1.59718E-09 5.45299E-07 
-1.59718E-09 5.43025E-08 1.59530E-05 2.10370E-06 1.91158E-06 1.71552E-06 9.96432E-06 1.43167E-06 5.43025E-08 -1.59718E-09 1.00855E-06 
-1.59718E-09 5.79382E-08 1.64278E-05 1.59778E-06 1.42938E-06 1.22815E-06 8.54405E-06 1.55394E-06 5.79382E-08 -1.59718E-09 1.35265E-06 
-1.59718E-09 5.84672E-08 1.65426E-05 1.45122E-06 1.28935E-06 1.08718E-06 8.14854E-06 1.58658E-06 5.84672E-08 -1.59718E-09 1.44675E-06 
-1.59718E-09 5.73909E-08 1.69417E-05 7.64008E-07 6.30908E-07 4.27952E-07 6.38057E-06 1.72203E-06 5.73909E-08 -1.59718E-09 1.82301E-06 
-1.59718E-09 4.99860E-08 1.71001E-05 1.00761E-07 -7.04257E-09 -2.04837E-07 4.79554E-06 1.82318E-06 4.99860E-08 -1.59718E-09 2.01322E-06 
-1.59718E-09 3.59057E-08 1.70267E-05 -5.31445E-07 -6.16926E-07 -8.03784E-07 3.38050E-06 1.88908E-06 3.59057E-08 -1.59718E-09 1.92221E-06 
-1.59718E-09 1.49659E-08 1.67335E-05 -1.12582E-06 -1.19150E-06 -1.36195E-06 2.12400E-06 1.91940E-06 1.49659E-08 -1.59718E-09 1.45699E-06 
-1.20977E-08 9.48311E-10 1.62514E-05 -1.65353E-06 -1.70158E-06 -1.85077E-06 1.04346E-06 1.92652E-06 9.48311E-10 -1.20977E-08 4.89909E-07 
-3.70102E-08 -2.11906E-08 1.55824E-05 -2.13512E-06 -2.16719E-06 -2.29075E-06 9.44846E-08 1.89809E-06 -2.11906E-08 -3.70102E-08 -9.07304E-07 
-7.28593E-08 -5.43243E-08 1.47402E-05 -2.56988E-06 -2.58736E-06 -2.68146E-06 -7.34852E-07 1.83226E-06 -5.43243E-08 -7.28593E-08 -2.74625E-06 
-1.18901E-07 -9.77065E-08 1.37451E-05 -2.95220E-06 -2.95624E-06 -3.01776E-06 -1.44896E-06 1.73081E-06 -9.77065E-08 -1.18901E-07 -5.02029E-06 
-1.73939E-07 -1.50139E-07 1.26199E-05 -3.27711E-06 -3.26865E-06 -3.29527E-06 -2.05197E-06 1.59644E-06 -1.50139E-07 -1.73939E-07 -7.67481E-06 
-2.36237E-07 -2.09876E-07 1.13899E-05 -3.54026E-06 -3.52007E-06 -3.51040E-06 -2.54770E-06 1.43285E-06 -2.09876E-07 -2.36237E-07 -1.05975E-05 
-3.03390E-07 -2.74509E-07 1.00820E-05 -3.73798E-06 -3.70665E-06 -3.66028E-06 -2.93964E-06 1.24474E-06 -2.74509E-07 -3.03390E-07 -1.36117E-05 
-3.72206E-07 -3.40836E-07 8.72443E-06 -3.86709E-06 -3.82512E-06 -3.74267E-06 -3.23093E-06 1.03796E-06 -3.40836E-07 -3.72206E-07 -1.64741E-05 
-4.38574E-07 -4.04737E-07 7.34621E-06 -3.92489E-06 -3.87267E-06 -3.75579E-06 -3.42425E-06 8.19544E-07 -4.04737E-07 -4.38574E-07 -1.88781E-05 
-4.97372E-07 -4.61079E-07 5.97653E-06 -3.90897E-06 -3.84682E-06 -3.69818E-06 -3.52177E-06 5.97715E-07 -4.61079E-07 -4.97372E-07 -2.04643E-05 
-5.42423E-07 -5.03677E-07 4.64436E-06 -3.81713E-06 -3.74532E-06 -3.56854E-06 -3.52514E-06 3.81881E-07 -5.03677E-07 -5.42423E-07 -2.08374E-05 
-5.66548E-07 -5.25341E-07 3.37786E-06 -3.64731E-06 -3.56608E-06 -3.36567E-06 -3.43543E-06 1.82492E-07 -5.25341E-07 -5.66548E-07 -1.95919E-05 
-5.61720E-07 -5.18037E-07 2.20379E-06 -3.39765E-06 -3.30723E-06 -3.08843E-06 -3.25331E-06 1.08162E-08 -5.18037E-07 -5.61720E-07 -1.63444E-05 
-1.49543E-09 3.95423E-08 1.15551E-05 6.67616E-06 6.53190E-06 6.39330E-06 1.25676E-05 2.21981E-07 3.95423E-08 -1.49543E-09 -1.22017E-06 
-1.49543E-09 3.95423E-08 1.35606E-05 5.91893E-06 5.79108E-06 5.62624E-06 1.09734E-05 5.33260E-07 3.95423E-08 -1.49543E-09 -9.55629E-07 
-1.49543E-09 6.23567E-09 1.53072E-05 5.16038E-06 5.04795E-06 4.86022E-06 9.47058E-06 8.25053E-07 6.23567E-09 -1.49543E-09 -6.61248E-07 
-1.49543E-09 2.13018E-08 1.67951E-05 4.40423E-06 4.30626E-06 4.09949E-06 8.05619E-06 1.09410E-06 2.13018E-08 -1.49543E-09 -3.20758E-07 
-1.49543E-09 3.57112E-08 1.80479E-05 3.64387E-06 3.55955E-06 3.33722E-06 6.70929E-06 1.34164E-06 3.57112E-08 -1.49543E-09 7.46877E-08 
-1.49543E-09 4.78936E-08 1.90583E-05 2.88468E-06 2.81318E-06 2.57925E-06 5.43244E-06 1.56416E-06 4.78936E-08 -1.49543E-09 5.17561E-07 
-1.49543E-09 5.66173E-08 1.98223E-05 2.13247E-06 2.07298E-06 1.83181E-06 4.22783E-06 1.75874E-06 5.66173E-08 -1.49543E-09 9.81377E-07 
-1.49543E-09 6.03980E-08 2.02441E-05 1.55921E-06 1.50848E-06 1.26489E-06 3.34661E-06 1.88862E-06 6.03980E-08 -1.49543E-09 1.32715E-06 
-1.49543E-09 6.09590E-08 2.03396E-05 1.39351E-06 1.34527E-06 1.10151E-06 3.09747E-06 1.92305E-06 6.09590E-08 -1.49543E-09 1.42192E-06 
-1.49543E-09 5.99833E-08 2.06246E-05 6.19009E-07 5.82072E-07 3.40989E-07 1.96388E-06 2.06429E-06 5.99833E-08 -1.49543E-09 1.80250E-06 
-1.49543E-09 5.26174E-08 2.06346E-05 -1.24435E-07 -1.50819E-07 -3.83451E-07 9.20511E-07 2.16684E-06 5.26174E-08 -1.49543E-09 1.99863E-06 
-1.49543E-09 3.85470E-08 2.03818E-05 -8.28896E-07 -8.45391E-07 -1.06383E-06 -3.12198E-08 2.22990E-06 3.85470E-08 -1.49543E-09 1.91484E-06 
-1.49543E-09 1.76182E-08 1.98827E-05 -1.48687E-06 -1.49404E-06 -1.69275E-06 -8.90305E-07 2.25337E-06 1.76182E-08 -1.49543E-09 1.45793E-06 
-1.15383E-08 4.01901E-09 1.91746E-05 -2.06775E-06 -2.06601E-06 -2.24003E-06 -1.63174E-06 2.25034E-06 4.01901E-09 -1.15383E-08 4.96907E-07 
-3.57900E-08 -1.76425E-08 1.82612E-05 -2.59321E-06 -2.58288E-06 -2.72765E-06 -2.28527E-06 2.20839E-06 -1.76425E-08 -3.57900E-08 -8.93905E-07 
-7.09793E-08 -5.03072E-08 1.71598E-05 -3.06242E-06 -3.04376E-06 -3.15524E-06 -2.85521E-06 2.12589E-06 -5.03072E-08 -7.09793E-08 -2.72531E-06 
-1.16351E-07 -9.32155E-08 1.58952E-05 -3.46951E-06 -3.44271E-06 -3.51755E-06 -3.34024E-06 2.00499E-06 -9.32155E-08 -1.16351E-07 -4.99039E-06 
-1.70704E-07 -1.45161E-07 1.44951E-05 -3.80942E-06 -3.77460E-06 -3.81033E-06 -3.73958E-06 1.84881E-06 -1.45161E-07 -1.70704E-07 -7.63416E-06 
-2.32299E-07 -2.04395E-07 1.29891E-05 -4.07795E-06 -4.03516E-06 -4.03026E-06 -4.05286E-06 1.66146E-06 -2.04395E-07 -2.32299E-07 -1.05439E-05 
-2.98739E-07 -2.68510E-07 1.14086E-05 -4.27168E-06 -4.22093E-06 -4.17495E-06 -4.28008E-06 1.44813E-06 -2.68510E-07 -2.98739E-07 -1.35427E-05 
-3.66840E-07 -3.34313E-07 9.78608E-06 -4.38795E-06 -4.32922E-06 -4.24283E-06 -4.42150E-06 1.21513E-06 -3.34313E-07 -3.66840E-07 -1.63870E-05 
-4.32509E-07 -3.97698E-07 8.15425E-06 -4.42469E-06 -4.35792E-06 -4.23294E-06 -4.47747E-06 9.69958E-07 -3.97698E-07 -4.32509E-07 -1.87709E-05 
-4.90647E-07 -4.53554E-07 6.54573E-06 -4.38028E-06 -4.30542E-06 -4.14478E-06 -4.44830E-06 7.21302E-07 -4.53554E-07 -4.90647E-07 -2.03356E-05 
-5.35110E-07 -4.95724E-07 4.99237E-06 -4.25346E-06 -4.17046E-06 -3.97816E-06 -4.33421E-06 4.78998E-07 -4.95724E-07 -5.35110E-07 -2.06877E-05 
-5.58761E-07 -5.17060E-07 3.52463E-06 -4.04321E-06 -3.95205E-06 -3.73305E-06 -4.13521E-06 2.53889E-07 -5.17060E-07 -5.58761E-07 -1.94239E-05 
-5.53626E-07 -5.09578E-07 2.17103E-06 -3.74879E-06 -3.64947E-06 -3.40956E-06 -3.85120E-06 5.75857E-08 -5.09578E-07 -5.53626E-07 -1.61639E-05 
---
