PdfType: replica
Format: lhagrid1
---
1.00000E-06 1.28121E-06 1.64152E-06 2.10317E-06 2.69463E-06 3.45242E-06 4.42329E-06 5.66715E-06 7.26076E-06 9.30241E-06 1.19180E-05 1.52689E-05 1.95617E-05 2.50609E-05 3.21053E-05 4.11287E-05 5.26863E-05 6.74889E-05 8.64459E-05 1.10720E-04 1.41800E-04 1.81585E-04 2.32503E-04 2.97652E-04 3.80981E-04 4.87518E-04 6.26039E-04 8.00452E-04 1.02297E-03 1.30657E-03 1.66759E-03 2.12729E-03 2.71054E-03 3.44865E-03 4.37927E-03 5.54908E-03 7.01192E-03 8.83064E-03 1.10763E-02 1.38266E-02 1.71641E-02 2.11717E-02 2.59364E-02 3.15062E-02 3.79623E-02 4.53425E-02 5.36750E-02 6.29705E-02 7.32221E-02 8.44039E-02 9.64793E-02 1.09332E-01 1.23067E-01 1.37507E-01 1.52639E-01 1.68416E-01 1.84794E-01 2.01731E-01 2.19016E-01 2.36948E-01 2.55242E-01 2.73927E-01 2.92954E-01 3.12340E-01 3.32036E-01 3.52019E-01 3.72282E-01 3.92772E-01 4.13533E-01 4.34326E-01 4.55495E-01 4.76836E-01 4.98342E-01 5.20006E-01 5.41818E-01 5.63773E-01 5.85861E-01 6.08077E-01 6.30459E-01 6.52800E-01 6.75387E-01 6.98063E-01 7.20830E-01 7.43683E-01 7.66623E-01 7.89636E-01 8.12791E-01 8.35940E-01 8.59175E-01 8.82485E-01 9.05866E-01 9.29311E-01 9.52817E-01 9.76387E-01 1.00000E+00 
1.14018E+00 1.22539E+00 1.32482E+00 1.44156E+00 1.57954E+00 1.74381E+00 1.94091E+00 2.12132E+00 2.17945E+00 2.49622E+00 2.89383E+00 3.39925E+00 4.05063E+00 4.90286E+00 6.03623E+00 7.57063E+00 9.68869E+00 1.26749E+01 1.69835E+01 2.33578E+01 3.30501E+01 4.82334E+01 7.28041E+01 1.13998E+02 1.85779E+02 3.16228E+02 
-5 -4 -3 -2 -1 1 2 3 4 5 21 
3.69891E-02 -6.20765E-02 2.40764E+00 1.03204E+00 1.03184E+00 1.03182E+00 1.03253E+00 2.40763E+00 -6.20765E-02 3.69891E-02 -1.88807E+01 
3.69891E-02 -6.20765E-02 2.33012E+00 9.73183E-01 9.72977E-01 9.72960E-01 9.73709E-01 2.33012E+00 -6.20765E-02 3.69891E-02 -1.90482E+01 
3.69891E-02 -1.71423E-02 2.26348E+00 9.25071E-01 9.24860E-01 9.24854E-01 9.25636E-01 2.26348E+00 -1.71423E-02 3.69891E-02 -1.90088E+01 
3.69891E-02 -4.72084E-02 2.20966E+00 8.89696E-01 8.89480E-01 8.89485E-01 8.90301E-01 2.20966E+00 -4.72084E-02 3.69891E-02 -1.87062E+01 
3.69891E-02 -6.13913E-02 2.17154E+00 8.70142E-01 8.69920E-01 8.69936E-01 8.70788E-01 2.17154E+00 -6.13913E-02 3.69891E-02 -1.81191E+01 
3.69891E-02 -5.64201E-02 2.15240E+00 8.69684E-01 8.69456E-01 8.69485E-01 8.70373E-01 2.15240E+00 -5.64201E-02 3.69891E-02 -1.71506E+01 
3.69891E-02 -2.85874E-02 2.15599E+00 8.92035E-01 8.91801E-01 8.91843E-01 8.92769E-01 2.15599E+00 -2.85874E-02 3.69891E-02 -1.56819E+01 
3.69891E-02 1.12848E-02 2.17702E+00 9.27632E-01 9.27393E-01 9.27445E-01 9.28402E-01 2.17702E+00 1.12848E-02 3.69891E-02 -1.41122E+01 
3.69891E-02 2.63117E-02 2.18653E+00 9.41404E-01 9.41163E-01 9.41219E-01 9.42184E-01 2.18653E+00 2.63117E-02 3.69891E-02 -1.35696E+01 
3.69891E-02 1.21331E-01 2.25518E+00 1.03041E+00 1.03016E+00 1.03023E+00 1.03124E+00 2.25518E+00 1.21331E-01 3.69891E-02 -1.03732E+01 
3.69891E-02 2.60194E-01 2.36759E+00 1.16322E+00 1.16296E+00 1.16305E+00 1.16410E+00 2.36759E+00 2.60194E-01 3.69891E-02 -5.97385E+00 
3.69891E-02 4.50722E-01 2.53162E+00 1.34765E+00 1.34738E+00 1.34749E+00 1.34859E+00 2.53162E+00 4.50722E-01 3.69891E-02 -7.03651E-02 
3.69891E-02 7.01864E-01 2.75624E+00 1.59265E+00 1.59238E+00 1.59251E+00 1.59366E+00 2.75624E+00 7.01864E-01 3.69891E-02 7.68843E+00 
2.27791E-01 9.80930E-01 3.00903E+00 1.86561E+00 1.86533E+00 1.86547E+00 1.86668E+00 3.00903E+00 9.80930E-01 2.27791E-01 1.78176E+01 
5.80329E-01 1.33537E+00 3.33708E+00 2.21388E+00 2.21359E+00 2.21376E+00 2.21502E+00 3.33708E+00 1.33537E+00 5.80329E-01 3.05833E+01 
1.03200E+00 1.78885E+00 3.76403E+00 2.66112E+00 2.66083E+00 2.66101E+00 2.66233E+00 3.76403E+00 1.78885E+00 1.03200E+00 4.64723E+01 
1.59959E+00 2.35814E+00 4.30670E+00 3.22412E+00 3.22382E+00 3.22403E+00 3.22540E+00 4.30669E+00 2.35814E+00 1.59959E+00 6.60746E+01 
2.30217E+00 3.06230E+00 4.98415E+00 3.92194E+00 3.92163E+00 3.92186E+00 3.92329E+00 4.98415E+00 3.06230E+00 2.30217E+00 9.00549E+01 
3.16129E+00 3.92289E+00 5.81799E+00 4.77613E+00 4.77581E+00 4.77607E+00 4.77757E+00 5.81799E+00 3.92289E+00 3.16129E+00 1.19154E+02 
4.20122E+00 4.96417E+00 6.83251E+00 5.81098E+00 5.81065E+00 5.81094E+00 5.81250E+00 6.83251E+00 4.96417E+00 4.20122E+00 1.54192E+02 
5.44921E+00 6.21339E+00 8.05498E+00 7.05373E+00 7.05339E+00 7.05370E+00 7.05534E+00 8.05498E+00 6.21339E+00 5.44921E+00 1.96064E+02 
6.93567E+00 7.70093E+00 9.51582E+00 8.53477E+00 8.53442E+00 8.53477E+00 8.53647E+00 9.51581E+00 7.70093E+00 6.93567E+00 2.45742E+02 
8.69437E+00 9.46059E+00 1.12488E+01 1.02879E+01 1.02875E+01 1.02879E+01 1.02897E+01 1.12488E+01 9.46059E+00 8.69437E+00 3.04272E+02 
1.07626E+01 1.15297E+01 1.32914E+01 1.23504E+01 1.23501E+01 1.23505E+01 1.23523E+01 1.32914E+01 1.15297E+01 1.07626E+01 3.72764E+02 
1.31815E+01 1.39492E+01 1.56844E+01 1.47634E+01 1.47630E+01 1.47634E+01 1.47654E+01 1.56844E+01 1.39492E+01 1.31815E+01 4.52391E+02 
1.59956E+01 1.67638E+01 1.84728E+01 1.75715E+01 1.75711E+01 1.75716E+01 1.75736E+01 1.84728E+01 1.67638E+01 1.59956E+01 5.44379E+02 
3.63261E-02 -4.23731E-02 2.19806E+00 9.80355E-01 9.80127E-01 9.80134E-01 9.80979E-01 2.19806E+00 -4.23731E-02 3.63261E-02 -1.72203E+01 
3.63261E-02 -4.23731E-02 2.13054E+00 9.29662E-01 9.29429E-01 9.29447E-01 9.30330E-01 2.13054E+00 -4.23731E-02 3.63261E-02 -1.73029E+01 
3.63261E-02 -1.38221E-02 2.07370E+00 8.89544E-01 8.89305E-01 8.89336E-01 8.90256E-01 2.07370E+00 -1.38221E-02 3.63261E-02 -1.71812E+01 
3.63261E-02 -3.64174E-02 2.02937E+00 8.61853E-01 8.61608E-01 8.61651E-01 8.62610E-01 2.02936E+00 -3.64174E-02 3.63261E-02 -1.68028E+01 
3.63261E-02 -4.36018E-02 2.00027E+00 8.49513E-01 8.49261E-01 8.49318E-01 8.50317E-01 2.00027E+00 -4.36018E-02 3.63261E-02 -1.61409E+01 
3.63261E-02 -3.23313E-02 1.98948E+00 8.55573E-01 8.55314E-01 8.55385E-01 8.56426E-01 1.98948E+00 -3.23313E-02 3.63261E-02 -1.51033E+01 
3.63261E-02 8.34890E-04 2.00045E+00 8.83477E-01 8.83211E-01 8.83297E-01 8.84382E-01 2.00045E+00 8.34890E-04 3.63261E-02 -1.35776E+01 
3.63261E-02 4.39738E-02 2.02635E+00 9.22512E-01 9.22241E-01 9.22339E-01 9.23458E-01 2.02635E+00 4.39738E-02 3.63261E-02 -1.19775E+01 
3.63261E-02 5.97876E-02 2.03711E+00 9.37122E-01 9.36849E-01 9.36951E-01 9.38080E-01 2.03711E+00 5.97876E-02 3.63261E-02 -1.14290E+01 
3.63261E-02 1.57319E-01 2.11051E+00 1.02888E+00 1.02860E+00 1.02872E+00 1.02990E+00 2.11051E+00 1.57319E-01 3.63261E-02 -8.23021E+00 
3.63261E-02 2.96233E-01 2.22521E+00 1.16198E+00 1.16169E+00 1.16183E+00 1.16306E+00 2.22521E+00 2.96233E-01 3.63261E-02 -3.88450E+00 
3.63261E-02 4.83706E-01 2.38843E+00 1.34360E+00 1.34330E+00 1.34346E+00 1.34475E+00 2.38843E+00 4.83706E-01 3.63261E-02 1.88565E+00 
3.63261E-02 7.27926E-01 2.60838E+00 1.58193E+00 1.58163E+00 1.58181E+00 1.58315E+00 2.60838E+00 7.27926E-01 3.63261E-02 9.40188E+00 
2.22655E-01 9.99354E-01 2.85575E+00 1.84750E+00 1.84718E+00 1.84738E+00 1.84878E+00 2.85575E+00 9.99354E-01 2.22655E-01 1.90988E+01 
5.63680E-01 1.34123E+00 3.17348E+00 2.18345E+00 2.18312E+00 2.18335E+00 2.18481E+00 3.17348E+00 1.34123E+00 5.63680E-01 3.12372E+01 
9.96705E-01 1.77500E+00 3.58298E+00 2.61124E+00 2.61091E+00 2.61116E+00 2.61268E+00 3.58298E+00 1.77500E+00 9.96705E-01 4.62621E+01 
1.53689E+00 2.31583E+00 4.09944E+00 3.14603E+00 3.14569E+00 3.14596E+00 3.14755E+00 4.09944E+00 2.31583E+00 1.53689E+00 6.47025E+01 
2.20137E+00 2.98086E+00 4.74002E+00 3.80496E+00 3.80461E+00 3.80492E+00 3.80657E+00 4.74002E+00 2.98086E+00 2.20137E+00 8.71507E+01 
3.00949E+00 3.78939E+00 5.52407E+00 4.60736E+00 4.60700E+00 4.60734E+00 4.60906E+00 5.52407E+00 3.78939E+00 3.00949E+00 1.14264E+02 
3.98290E+00 4.76311E+00 6.47330E+00 5.57491E+00 5.57453E+00 5.57490E+00 5.57670E+00 6.47330E+00 4.76311E+00 3.98290E+00 1.46762E+02 
5.14583E+00 5.92624E+00 7.61195E+00 6.73182E+00 6.73144E+00 6.73184E+00 6.73372E+00 7.61195E+00 5.92624E+00 5.14583E+00 1.85432E+02 
6.52523E+00 7.30570E+00 8.96697E+00 8.10505E+00 8.10465E+00 8.10509E+00 8.10705E+00 8.96696E+00 7.30570E+00 6.52523E+00 2.31119E+02 
8.15090E+00 8.93131E+00 1.05682E+01 9.72440E+00 9.72399E+00 9.72446E+00 9.72651E+00 1.05682E+01 8.93131E+00 8.15090E+00 2.84726E+02 
1.00556E+01 1.08358E+01 1.24484E+01 1.16226E+01 1.16222E+01 1.16227E+01 1.16249E+01 1.24484E+01 1.08358E+01 1.00556E+01 3.47209E+02 
1.22752E+01 1.30551E+01 1.46435E+01 1.38357E+01 1.38352E+01 1.38358E+01 1.38380E+01 1.46435E+01 1.30551E+01 1.22752E+01 4.19568E+02 
1.48488E+01 1.56282E+01 1.71926E+01 1.64024E+01 1.64020E+01 1.64026E+01 1.64049E+01 1.71926E+01 1.56282E+01 1.48488E+01 5.02841E+02 
3.55351E-02 -2.49090E-02 2.00639E+00 9.31425E-01 9.31166E-01 9.31213E-01 9.32218E-01 2.00639E+00 -2.49090E-02 3.55351E-02 -1.57023E+01 
3.55351E-02 -2.49090E-02 1.94793E+00 8.88148E-01 8.87883E-01 8.87943E-01 8.88989E-01 1.94793E+00 -2.49090E-02 3.55351E-02 -1.57087E+01 
3.55351E-02 -1.08417E-02 1.89994E+00 8.55234E-01 8.54962E-01 8.55036E-01 8.56124E-01 1.89994E+00 -1.08417E-02 3.55351E-02 -1.55137E+01 
3.55351E-02 -2.67782E-02 1.86411E+00 8.34407E-01 8.34127E-01 8.34216E-01 8.35348E-01 1.86411E+00 -2.67782E-02 3.55351E-02 -1.50690E+01 
3.55351E-02 -2.78038E-02 1.84303E+00 8.28433E-01 8.28146E-01 8.28250E-01 8.29427E-01 1.84303E+00 -2.78038E-02 3.55351E-02 -1.43431E+01 
3.55351E-02 -1.10911E-02 1.83955E+00 8.40144E-01 8.39850E-01 8.39969E-01 8.41193E-01 1.83955E+00 -1.10911E-02 3.55351E-02 -1.32483E+01 
3.55351E-02 2.65468E-02 1.85688E+00 8.72731E-01 8.72429E-01 8.72566E-01 8.73838E-01 1.85688E+00 2.65468E-02 3.55351E-02 -1.16786E+01 
3.55351E-02 7.22927E-02 1.88684E+00 9.14539E-01 9.14231E-01 9.14381E-01 9.15692E-01 1.88684E+00 7.22927E-02 3.55351E-02 -1.00590E+01 
3.55351E-02 8.87034E-02 1.89863E+00 9.29793E-01 9.29483E-01 9.29637E-01 9.30960E-01 1.89863E+00 8.87034E-02 3.55351E-02 -9.50795E+00 
3.55351E-02 1.87868E-01 1.97570E+00 1.02342E+00 1.02310E+00 1.02327E+00 1.02465E+00 1.97570E+00 1.87868E-01 3.55351E-02 -6.32233E+00 
3.55351E-02 3.26025E-01 2.09171E+00 1.15599E+00 1.15567E+00 1.15586E+00 1.15730E+00 2.09171E+00 3.26025E-01 3.55351E-02 -2.04577E+00 
3.55351E-02 5.09748E-01 2.25323E+00 1.33410E+00 1.33376E+00 1.33398E+00 1.33548E+00 2.25323E+00 5.09748E-01 3.55351E-02 3.57690E+00 
3.55351E-02 7.46511E-01 2.46778E+00 1.56521E+00 1.56486E+00 1.56511E+00 1.56667E+00 2.46778E+00 7.46511E-01 3.55351E-02 1.08395E+01 
2.16870E-01 1.00969E+00 2.70895E+00 1.82276E+00 1.82241E+00 1.82267E+00 1.82430E+00 2.70895E+00 1.00969E+00 2.16870E-01 2.01038E+01 
5.45849E-01 1.33860E+00 3.01575E+00 2.14599E+00 2.14562E+00 2.14592E+00 2.14761E+00 3.01575E+00 1.33860E+00 5.45849E-01 3.16248E+01 
9.60068E-01 1.75265E+00 3.40759E+00 2.55429E+00 2.55392E+00 2.55424E+00 2.55600E+00 3.40759E+00 1.75265E+00 9.60068E-01 4.58085E+01 
1.47318E+00 2.26549E+00 3.89812E+00 3.06134E+00 3.06095E+00 3.06131E+00 3.06314E+00 3.89812E+00 2.26549E+00 1.47318E+00 6.31275E+01 
2.10058E+00 2.89251E+00 4.50277E+00 3.68251E+00 3.68211E+00 3.68250E+00 3.68441E+00 4.50277E+00 2.89251E+00 2.10058E+00 8.41083E+01 
2.85953E+00 3.65098E+00 5.23883E+00 4.43509E+00 4.43468E+00 4.43510E+00 4.43709E+00 5.23883E+00 3.65098E+00 2.85953E+00 1.09331E+02 
3.76935E+00 4.56020E+00 6.12564E+00 5.33839E+00 5.33797E+00 5.33842E+00 5.34050E+00 6.12564E+00 4.56020E+00 3.76935E+00 1.39429E+02 
4.85152E+00 5.64167E+00 7.18470E+00 6.41389E+00 6.41346E+00 6.41395E+00 6.41611E+00 7.18470E+00 5.64167E+00 4.85152E+00 1.75087E+02 
6.12985E+00 6.91916E+00 8.43982E+00 7.68540E+00 7.68496E+00 7.68550E+00 7.68774E+00 8.43982E+00 6.91916E+00 6.12985E+00 2.17038E+02 
7.63055E+00 8.41893E+00 9.91728E+00 9.17916E+00 9.17870E+00 9.17928E+00 9.18162E+00 9.91727E+00 8.41893E+00 7.63055E+00 2.66061E+02 
9.38235E+00 1.01697E+01 1.16458E+01 1.09239E+01 1.09234E+01 1.09240E+01 1.09265E+01 1.16458E+01 1.01697E+01 9.38235E+00 3.22972E+02 
1.14165E+01 1.22027E+01 1.36566E+01 1.29508E+01 1.29503E+01 1.29510E+01 1.29535E+01 1.36566E+01 1.22027E+01 1.14165E+01 3.88622E+02 
1.37669E+01 1.45518E+01 1.59837E+01 1.52939E+01 1.52934E+01 1.52941E+01 1.52967E+01 1.59837E+01 1.45518E+01 1.37669E+01 4.63885E+02 
3.46375E-02 -9.47774E-03 1.83109E+00 8.85093E-01 8.84797E-01 8.84887E-01 8.86077E-01 1.83109E+00 -9.47774E-03 3.46375E-02 -1.43140E+01 
3.46375E-02 -9.47774E-03 1.78087E+00 8.48542E-01 8.48239E-01 8.48344E-01 8.49579E-01 1.78087E+00 -9.47774E-03 3.46375E-02 -1.42521E+01 
3.46375E-02 -8.17118E-03 1.74085E+00 8.22111E-01 8.21800E-01 8.21920E-01 8.23203E-01 1.74085E+00 -8.17118E-03 3.46375E-02 -1.39922E+01 
3.46375E-02 -1.81873E-02 1.71263E+00 8.07400E-01 8.07082E-01 8.07218E-01 8.08549E-01 1.71263E+00 -1.81873E-02 3.46375E-02 -1.34899E+01 
3.46375E-02 -1.38147E-02 1.69865E+00 8.07023E-01 8.06697E-01 8.06850E-01 8.08231E-01 1.69865E+00 -1.38147E-02 3.46375E-02 -1.27096E+01 
3.46375E-02 7.56730E-03 1.70155E+00 8.23605E-01 8.23270E-01 8.23441E-01 8.24875E-01 1.70155E+00 7.56730E-03 3.46375E-02 -1.15683E+01 
3.46375E-02 4.89050E-02 1.72430E+00 8.60095E-01 8.59752E-01 8.59942E-01 8.61429E-01 1.72430E+00 4.89050E-02 3.46375E-02 -9.96649E+00 
3.46375E-02 9.66715E-02 1.75762E+00 9.04081E-01 9.03731E-01 9.03937E-01 9.05467E-01 1.75762E+00 9.66715E-02 3.46375E-02 -8.33684E+00 
3.46375E-02 1.13511E-01 1.77023E+00 9.19810E-01 9.19458E-01 9.19669E-01 9.21212E-01 1.77023E+00 1.13511E-01 3.46375E-02 -7.78608E+00 
3.46375E-02 2.13537E-01 1.85004E+00 1.01452E+00 1.01416E+00 1.01439E+00 1.01600E+00 1.85004E+00 2.13537E-01 3.46375E-02 -4.62748E+00 
3.46375E-02 3.50240E-01 1.96647E+00 1.14587E+00 1.14550E+00 1.14575E+00 1.14742E+00 1.96647E+00 3.50240E-01 3.46375E-02 -4.33420E-01 
3.46375E-02 5.29629E-01 2.12554E+00 1.31986E+00 1.31948E+00 1.31976E+00 1.32150E+00 2.12554E+00 5.29629E-01 3.46375E-02 5.03001E+00 
3.46375E-02 7.58516E-01 2.33409E+00 1.54333E+00 1.54293E+00 1.54324E+00 1.54505E+00 2.33409E+00 7.58516E-01 3.46375E-02 1.20304E+01 
2.10554E-01 1.01297E+00 2.56840E+00 1.79237E+00 1.79197E+00 1.79231E+00 1.79419E+00 2.56840E+00 1.01297E+00 2.10554E-01 2.08641E+01 
5.27093E-01 1.32864E+00 2.86384E+00 2.10259E+00 2.10218E+00 2.10255E+00 2.10450E+00 2.86384E+00 1.32864E+00 5.27093E-01 3.17796E+01 
9.22476E-01 1.72305E+00 3.23792E+00 2.49150E+00 2.49107E+00 2.49147E+00 2.49350E+00 3.23792E+00 1.72305E+00 9.22476E-01 4.51465E+01 
1.40897E+00 2.20849E+00 3.70294E+00 2.97136E+00 2.97093E+00 2.97136E+00 2.97348E+00 3.70294E+00 2.20849E+00 1.40897E+00 6.13860E+01 
2.00037E+00 2.79871E+00 4.27269E+00 3.55598E+00 3.55553E+00 3.55600E+00 3.55820E+00 4.27268E+00 2.79871E+00 2.00037E+00 8.09642E+01 
2.71206E+00 3.50913E+00 4.96260E+00 4.26075E+00 4.26028E+00 4.26080E+00 4.26308E+00 4.96260E+00 3.50913E+00 2.71206E+00 1.04392E+02 
3.56121E+00 4.35690E+00 5.78985E+00 5.10283E+00 5.10235E+00 5.10291E+00 5.10528E+00 5.78985E+00 4.35690E+00 3.56121E+00 1.32223E+02 
4.56683E+00 5.36103E+00 6.77348E+00 6.10124E+00 6.10075E+00 6.10135E+00 6.10382E+00 6.77348E+00 5.36103E+00 4.56683E+00 1.65052E+02 
5.74988E+00 6.54249E+00 7.93446E+00 7.27695E+00 7.27644E+00 7.27709E+00 7.27966E+00 7.93446E+00 6.54249E+00 5.74988E+00 2.03513E+02 
7.13337E+00 7.92428E+00 9.29583E+00 8.65297E+00 8.65246E+00 8.65316E+00 8.65583E+00 9.29583E+00 7.92428E+00 7.13337E+00 2.48273E+02 
8.74239E+00 9.53148E+00 1.08827E+01 1.02544E+01 1.02539E+01 1.02546E+01 1.02574E+01 1.08827E+01 9.53148E+00 8.74239E+00 3.00027E+02 
1.06041E+01 1.13913E+01 1.27222E+01 1.21084E+01 1.21079E+01 1.21087E+01 1.21115E+01 1.27222E+01 1.13913E+01 1.06041E+01 3.59492E+02 
1.27479E+01 1.35330E+01 1.48437E+01 1.42443E+01 1.42437E+01 1.42446E+01 1.42476E+01 1.48437E+01 1.35330E+01 1.27479E+01 4.27402E+02 
3.36521E-02 4.10848E-03 1.67079E+00 8.41207E-01 8.40868E-01 8.41002E-01 8.42399E-01 1.67079E+00 4.10848E-03 3.36521E-02 -1.30438E+01 
3.36521E-02 4.10848E-03 1.62803E+00 8.10750E-01 8.10404E-01 8.10553E-01 8.12002E-01 1.62803E+00 4.10848E-03 3.36521E-02 -1.29208E+01 
3.36521E-02 -5.78306E-03 1.59521E+00 7.90144E-01 7.89789E-01 7.89956E-01 7.91457E-01 1.59521E+00 -5.78306E-03 3.36521E-02 -1.26036E+01 
3.36521E-02 -1.05505E-02 1.57377E+00 7.80871E-01 7.80507E-01 7.80693E-01 7.82247E-01 1.57377E+00 -1.05505E-02 3.36521E-02 -1.20515E+01 
3.36521E-02 -1.46865E-03 1.56606E+00 7.85394E-01 7.85022E-01 7.85226E-01 7.86836E-01 1.56606E+00 -1.46865E-03 3.36521E-02 -1.12256E+01 
3.36521E-02 2.38867E-02 1.57450E+00 8.06142E-01 8.05760E-01 8.05985E-01 8.07653E-01 1.57450E+00 2.38867E-02 3.36521E-02 -1.00477E+01 
3.36521E-02 6.82335E-02 1.60183E+00 8.45836E-01 8.45445E-01 8.45692E-01 8.47419E-01 1.60183E+00 6.82335E-02 3.36521E-02 -8.42416E+00 
3.36521E-02 1.17500E-01 1.63788E+00 8.91474E-01 8.91076E-01 8.91340E-01 8.93115E-01 1.63788E+00 1.17500E-01 3.36521E-02 -6.79305E+00 
3.36521E-02 1.34619E-01 1.65112E+00 9.07528E-01 9.07127E-01 9.07396E-01 9.09186E-01 1.65112E+00 1.34619E-01 3.36521E-02 -6.24511E+00 
3.36521E-02 2.34832E-01 1.73284E+00 1.00264E+00 1.00223E+00 1.00252E+00 1.00438E+00 1.73283E+00 2.34832E-01 3.36521E-02 -3.12559E+00 
3.36521E-02 3.69485E-01 1.84893E+00 1.13215E+00 1.13173E+00 1.13205E+00 1.13398E+00 1.84893E+00 3.69485E-01 3.36521E-02 9.74551E-01 
3.36521E-02 5.44059E-01 2.00491E+00 1.30155E+00 1.30112E+00 1.30147E+00 1.30347E+00 2.00491E+00 5.44059E-01 3.36521E-02 6.26912E+00 
3.36521E-02 7.64750E-01 2.20699E+00 1.51703E+00 1.51659E+00 1.51697E+00 1.51905E+00 2.20699E+00 7.64750E-01 3.36521E-02 1.30012E+01 
2.03812E-01 1.01010E+00 2.43390E+00 1.75720E+00 1.75674E+00 1.75716E+00 1.75932E+00 2.43390E+00 1.01010E+00 2.03812E-01 2.14083E+01 
5.07642E-01 1.31237E+00 2.71766E+00 2.05424E+00 2.05377E+00 2.05422E+00 2.05646E+00 2.71766E+00 1.31237E+00 5.07642E-01 3.17319E+01 
8.84274E-01 1.68735E+00 3.07403E+00 2.42392E+00 2.42344E+00 2.42393E+00 2.42626E+00 3.07402E+00 1.68735E+00 8.84274E-01 4.43079E+01 
1.34471E+00 2.14603E+00 3.51402E+00 2.87727E+00 2.87677E+00 2.87730E+00 2.87972E+00 3.51402E+00 2.14603E+00 1.34471E+00 5.95103E+01 
1.90126E+00 2.70073E+00 4.04998E+00 3.42658E+00 3.42607E+00 3.42664E+00 3.42916E+00 4.04998E+00 2.70073E+00 1.90126E+00 7.77505E+01 
2.56763E+00 3.36515E+00 4.69563E+00 4.08557E+00 4.08505E+00 4.08567E+00 4.08828E+00 4.69563E+00 3.36515E+00 2.56763E+00 9.94765E+01 
3.35901E+00 4.15447E+00 5.46618E+00 4.86944E+00 4.86890E+00 4.86957E+00 4.87228E+00 5.46617E+00 4.15447E+00 3.35901E+00 1.25171E+02 
4.29218E+00 5.08549E+00 6.37842E+00 5.79496E+00 5.79442E+00 5.79513E+00 5.79795E+00 6.37842E+00 5.08549E+00 4.29218E+00 1.55348E+02 
5.38556E+00 6.17662E+00 7.45081E+00 6.88057E+00 6.88001E+00 6.88078E+00 6.88371E+00 7.45081E+00 6.17662E+00 5.38556E+00 1.90553E+02 
6.65928E+00 7.44797E+00 8.70347E+00 8.14639E+00 8.14582E+00 8.14665E+00 8.14969E+00 8.70347E+00 7.44797E+00 6.65928E+00 2.31353E+02 
8.13515E+00 8.92138E+00 1.01583E+01 9.61425E+00 9.61366E+00 9.61455E+00 9.61771E+00 1.01583E+01 8.92138E+00 8.13515E+00 2.78339E+02 
9.83674E+00 1.06204E+01 1.18387E+01 1.13077E+01 1.13071E+01 1.13081E+01 1.13114E+01 1.18387E+01 1.06204E+01 9.83674E+00 3.32111E+02 
1.17893E+01 1.25703E+01 1.37702E+01 1.32520E+01 1.32514E+01 1.32525E+01 1.32559E+01 1.37702E+01 1.25703E+01 1.17893E+01 3.93281E+02 
3.25957E-02 1.60216E-02 1.52422E+00 7.99622E-01 7.99235E-01 7.99410E-01 8.01037E-01 1.52422E+00 1.60216E-02 3.25957E-02 -1.18813E+01 
3.25957E-02 1.60216E-02 1.48822E+00 7.74683E-01 7.74287E-01 7.74480E-01 7.76164E-01 1.48822E+00 1.60216E-02 3.25957E-02 -1.17036E+01 
3.25957E-02 -3.65228E-03 1.46185E+00 7.59301E-01 7.58895E-01 7.59109E-01 7.60851E-01 1.46185E+00 -3.65228E-03 3.25957E-02 -1.13361E+01 
3.25957E-02 -3.78141E-03 1.44647E+00 7.54847E-01 7.54432E-01 7.54667E-01 7.56468E-01 1.44647E+00 -3.78141E-03 3.25957E-02 -1.07412E+01 
3.25957E-02 9.38651E-03 1.44426E+00 7.63640E-01 7.63215E-01 7.63471E-01 7.65335E-01 1.44426E+00 9.38651E-03 3.25957E-02 -9.87778E+00 
3.25957E-02 3.80890E-02 1.45748E+00 7.87920E-01 7.87485E-01 7.87765E-01 7.89692E-01 1.45748E+00 3.80890E-02 3.25957E-02 -8.67189E+00 
3.25957E-02 8.48284E-02 1.48865E+00 8.30194E-01 8.29749E-01 8.30054E-01 8.32047E-01 1.48865E+00 8.48284E-02 3.25957E-02 -7.03608E+00 
3.25957E-02 1.35134E-01 1.52686E+00 8.77017E-01 8.76564E-01 8.76889E-01 8.78935E-01 1.52686E+00 1.35134E-01 3.25957E-02 -5.41108E+00 
3.25957E-02 1.52402E-01 1.54058E+00 8.93263E-01 8.92807E-01 8.93138E-01 8.95200E-01 1.54058E+00 1.52402E-01 3.25957E-02 -4.86818E+00 
3.25957E-02 2.52214E-01 1.62346E+00 9.88178E-01 9.87711E-01 9.88071E-01 9.90210E-01 1.62346E+00 2.52214E-01 3.25957E-02 -1.79826E+00 
3.25957E-02 3.84310E-01 1.73857E+00 1.11534E+00 1.11486E+00 1.11525E+00 1.11747E+00 1.73857E+00 3.84310E-01 3.25957E-02 2.19828E+00 
3.25957E-02 5.53677E-01 1.89092E+00 1.27974E+00 1.27925E+00 1.27967E+00 1.28197E+00 1.89092E+00 5.53677E-01 3.25957E-02 7.31630E+00 
3.25957E-02 7.65940E-01 2.08615E+00 1.48701E+00 1.48650E+00 1.48696E+00 1.48935E+00 2.08615E+00 7.65940E-01 3.25957E-02 1.37759E+01 
1.96736E-01 1.00192E+00 2.30525E+00 1.71800E+00 1.71749E+00 1.71799E+00 1.72046E+00 2.30525E+00 1.00192E+00 1.96736E-01 2.17621E+01 
4.87694E-01 1.29072E+00 2.57711E+00 2.00179E+00 2.00126E+00 2.00180E+00 2.00436E+00 2.57711E+00 1.29072E+00 4.87694E-01 3.15088E+01 
8.45757E-01 1.64654E+00 2.91589E+00 2.35253E+00 2.35199E+00 2.35257E+00 2.35523E+00 2.91589E+00 1.64654E+00 8.45757E-01 4.33207E+01 
1.28076E+00 2.07921E+00 3.33146E+00 2.78007E+00 2.77951E+00 2.78015E+00 2.78291E+00 3.33146E+00 2.07921E+00 1.28076E+00 5.75290E+01 
1.80368E+00 2.59969E+00 3.83478E+00 3.29538E+00 3.29481E+00 3.29549E+00 3.29835E+00 3.83478E+00 2.59969E+00 1.80368E+00 7.44951E+01 
2.42666E+00 3.22014E+00 4.43806E+00 3.91062E+00 3.91004E+00 3.91077E+00 3.91375E+00 4.43806E+00 3.22014E+00 2.42666E+00 9.46105E+01 
3.16314E+00 3.95399E+00 5.15472E+00 4.63923E+00 4.63863E+00 4.63942E+00 4.64251E+00 5.15472E+00 3.95399E+00 3.16314E+00 1.18293E+02 
4.02787E+00 4.81599E+00 5.99954E+00 5.49597E+00 5.49535E+00 5.49620E+00 5.49940E+00 5.99954E+00 4.81599E+00 4.02787E+00 1.45988E+02 
5.03698E+00 5.82227E+00 6.98867E+00 6.49696E+00 6.49633E+00 6.49724E+00 6.50056E+00 6.98867E+00 5.82227E+00 5.03698E+00 1.78158E+02 
6.20801E+00 6.99039E+00 8.13968E+00 7.65976E+00 7.65911E+00 7.66009E+00 7.66354E+00 8.13968E+00 6.99039E+00 6.20801E+00 2.15288E+02 
7.55988E+00 8.33925E+00 9.47149E+00 9.00329E+00 9.00263E+00 9.00369E+00 9.00726E+00 9.47149E+00 8.33925E+00 7.55988E+00 2.57871E+02 
9.11295E+00 9.88922E+00 1.10045E+01 1.05479E+01 1.05472E+01 1.05484E+01 1.05521E+01 1.10045E+01 9.88922E+00 9.11295E+00 3.06411E+02 
1.08889E+01 1.16620E+01 1.27603E+01 1.23153E+01 1.23146E+01 1.23158E+01 1.23197E+01 1.27603E+01 1.16620E+01 1.08889E+01 3.61411E+02 
3.14833E-02 2.64173E-02 1.39020E+00 7.60208E-01 7.59765E-01 7.59980E-01 7.61861E-01 1.39020E+00 2.64173E-02 3.14833E-02 -1.08167E+01 
3.14833E-02 2.64173E-02 1.36032E+00 7.40256E-01 7.39803E-01 7.40040E-01 7.41983E-01 1.36032E+00 2.64173E-02 3.14833E-02 -1.05904E+01 
3.14833E-02 -1.75614E-03 1.33975E+00 7.29550E-01 7.29087E-01 7.29347E-01 7.31354E-01 1.33975E+00 -1.75614E-03 3.14833E-02 -1.01787E+01 
3.14833E-02 2.19823E-03 1.32974E+00 7.29354E-01 7.28881E-01 7.29165E-01 7.31238E-01 1.32974E+00 2.19823E-03 3.14833E-02 -9.54762E+00 
3.14833E-02 1.88884E-02 1.33236E+00 7.41844E-01 7.41361E-01 7.41671E-01 7.43812E-01 1.33236E+00 1.88884E-02 3.14833E-02 -8.65379E+00 
3.14833E-02 5.03753E-02 1.34968E+00 7.69087E-01 7.68592E-01 7.68930E-01 7.71142E-01 1.34968E+00 5.03753E-02 3.14833E-02 -7.42783E+00 
3.14833E-02 9.89578E-02 1.38401E+00 8.13384E-01 8.12878E-01 8.13244E-01 8.15530E-01 1.38401E+00 9.89578E-02 3.14833E-02 -5.78815E+00 
3.14833E-02 1.49896E-01 1.42387E+00 8.60979E-01 8.60465E-01 8.60854E-01 8.63199E-01 1.42387E+00 1.49896E-01 3.14833E-02 -4.17595E+00 
3.14833E-02 1.67198E-01 1.43793E+00 8.77301E-01 8.76783E-01 8.77180E-01 8.79542E-01 1.43793E+00 1.67198E-01 3.14833E-02 -3.64005E+00 
3.14833E-02 2.66100E-01 1.52133E+00 9.71502E-01 9.70972E-01 9.71404E-01 9.73851E-01 1.52133E+00 2.66100E-01 3.14833E-02 -6.28841E-01 
3.14833E-02 3.95210E-01 1.63490E+00 1.09588E+00 1.09533E+00 1.09580E+00 1.09834E+00 1.63490E+00 3.95210E-01 3.14833E-02 3.25599E+00 
3.14833E-02 5.59060E-01 1.78317E+00 1.25496E+00 1.25440E+00 1.25491E+00 1.25754E+00 1.78317E+00 5.59060E-01 3.14833E-02 8.19149E+00 
3.14833E-02 7.62741E-01 1.97126E+00 1.45384E+00 1.45327E+00 1.45382E+00 1.45654E+00 1.97126E+00 7.62741E-01 3.14833E-02 1.43763E+01 
1.89410E-01 9.89158E-01 2.18223E+00 1.67548E+00 1.67490E+00 1.67549E+00 1.67831E+00 2.18223E+00 9.89158E-01 1.89410E-01 2.19486E+01 
4.67427E-01 1.26452E+00 2.44209E+00 1.94603E+00 1.94543E+00 1.94607E+00 1.94899E+00 2.44209E+00 1.26452E+00 4.67427E-01 3.11347E+01 
8.07186E-01 1.60153E+00 2.76351E+00 2.27816E+00 2.27755E+00 2.27825E+00 2.28127E+00 2.76350E+00 1.60153E+00 8.07186E-01 4.22103E+01 
1.21746E+00 2.00897E+00 3.15529E+00 2.68068E+00 2.68005E+00 2.68080E+00 2.68394E+00 3.15529E+00 2.00897E+00 1.21746E+00 5.54673E+01 
1.70800E+00 2.49657E+00 3.62719E+00 3.16332E+00 3.16268E+00 3.16348E+00 3.16674E+00 3.62719E+00 2.49657E+00 1.70800E+00 7.12224E+01 
2.28955E+00 3.07509E+00 4.18999E+00 3.73684E+00 3.73619E+00 3.73706E+00 3.74043E+00 4.18999E+00 3.07509E+00 2.28955E+00 8.98159E+01 
2.97393E+00 3.75636E+00 4.85552E+00 4.41308E+00 4.41241E+00 4.41334E+00 4.41684E+00 4.85552E+00 3.75636E+00 2.97393E+00 1.11609E+02 
3.77410E+00 4.55331E+00 5.63676E+00 5.20498E+00 5.20429E+00 5.20530E+00 5.20892E+00 5.63676E+00 4.55331E+00 3.77410E+00 1.36982E+02 
4.70412E+00 5.48003E+00 6.54778E+00 6.12662E+00 6.12592E+00 6.12699E+00 6.13075E+00 6.54778E+00 5.48003E+00 4.70412E+00 1.66330E+02 
5.77923E+00 6.55175E+00 7.60384E+00 7.19324E+00 7.19252E+00 7.19368E+00 7.19757E+00 7.60384E+00 6.55175E+00 5.77923E+00 2.00060E+02 
7.01579E+00 7.78483E+00 8.82131E+00 8.42121E+00 8.42047E+00 8.42171E+00 8.42575E+00 8.82131E+00 7.78483E+00 7.01579E+00 2.38585E+02 
8.43128E+00 9.19677E+00 1.02177E+01 9.82801E+00 9.82726E+00 9.82859E+00 9.83278E+00 1.02177E+01 9.19677E+00 8.43128E+00 2.82323E+02 
1.00442E+01 1.08061E+01 1.18115E+01 1.14322E+01 1.14314E+01 1.14328E+01 1.14372E+01 1.18115E+01 1.08061E+01 1.00442E+01 3.31684E+02 
3.03282E-02 3.54375E-02 1.26767E+00 7.22839E-01 7.22334E-01 7.22590E-01 7.24748E-01 1.26767E+00 3.54375E-02 3.03282E-02 -9.84135E+00 
3.03282E-02 3.54375E-02 1.24332E+00 7.07389E-01 7.06873E-01 7.07155E-01 7.09383E-01 1.24332E+00 3.54375E-02 3.03282E-02 -9.57178E+00 
3.03282E-02 -7.39036E-05 1.22794E+00 7.00859E-01 7.00332E-01 7.00640E-01 7.02940E-01 1.22794E+00 -7.39036E-05 3.03282E-02 -9.12171E+00 
3.03282E-02 7.45970E-03 1.22270E+00 7.04409E-01 7.03870E-01 7.04208E-01 7.06581E-01 1.22270E+00 7.45970E-03 3.03282E-02 -8.46021E+00 
3.03282E-02 2.71626E-02 1.22952E+00 7.20081E-01 7.19531E-01 7.19899E-01 7.22348E-01 1.22952E+00 2.71626E-02 3.03282E-02 -7.54249E+00 
3.03282E-02 6.09287E-02 1.25032E+00 7.49773E-01 7.49212E-01 7.49611E-01 7.52139E-01 1.25032E+00 6.09287E-02 3.03282E-02 -6.30355E+00 
3.03282E-02 1.10865E-01 1.28721E+00 7.95597E-01 7.95022E-01 7.95456E-01 7.98066E-01 1.28721E+00 1.10865E-01 3.03282E-02 -4.66749E+00 
3.03282E-02 1.62077E-01 1.32829E+00 8.43601E-01 8.43017E-01 8.43478E-01 8.46153E-01 1.32829E+00 1.62077E-01 3.03282E-02 -3.07399E+00 
3.03282E-02 1.79314E-01 1.34256E+00 8.59896E-01 8.59310E-01 8.59779E-01 8.62473E-01 1.34256E+00 1.79314E-01 3.03282E-02 -2.54682E+00 
3.03282E-02 2.76867E-01 1.42592E+00 9.52938E-01 9.52337E-01 9.52847E-01 9.55636E-01 1.42592E+00 2.76867E-01 3.03282E-02 3.97841E-01 
3.03282E-02 4.02635E-01 1.53746E+00 1.07416E+00 1.07355E+00 1.07410E+00 1.07699E+00 1.53746E+00 4.02635E-01 3.03282E-02 4.16427E+00 
3.03282E-02 5.60727E-01 1.68130E+00 1.22768E+00 1.22705E+00 1.22765E+00 1.23064E+00 1.68130E+00 5.60727E-01 3.03282E-02 8.91280E+00 
3.03282E-02 7.55741E-01 1.86204E+00 1.41809E+00 1.41744E+00 1.41809E+00 1.42119E+00 1.86204E+00 7.55741E-01 3.03282E-02 1.48221E+01 
1.81905E-01 9.72490E-01 2.06465E+00 1.63025E+00 1.62959E+00 1.63030E+00 1.63350E+00 2.06465E+00 9.72490E-01 1.81905E-01 2.19888E+01 
4.46996E-01 1.23450E+00 2.31247E+00 1.88763E+00 1.88696E+00 1.88772E+00 1.89103E+00 2.31247E+00 1.23450E+00 4.46996E-01 3.06315E+01 
7.68788E-01 1.55312E+00 2.61681E+00 2.20158E+00 2.20089E+00 2.20171E+00 2.20514E+00 2.61681E+00 1.55312E+00 7.68788E-01 4.09991E+01 
1.15509E+00 1.93615E+00 2.98552E+00 2.57989E+00 2.57919E+00 2.58007E+00 2.58362E+00 2.98552E+00 1.93615E+00 1.15509E+00 5.33477E+01 
1.61452E+00 2.39223E+00 3.42723E+00 3.03121E+00 3.03049E+00 3.03144E+00 3.03512E+00 3.42723E+00 2.39223E+00 1.61452E+00 6.79536E+01 
2.15657E+00 2.93084E+00 3.95145E+00 3.56502E+00 3.56428E+00 3.56530E+00 3.56912E+00 3.95145E+00 2.93084E+00 2.15657E+00 8.51113E+01 
2.79162E+00 3.56236E+00 4.56857E+00 4.19171E+00 4.19096E+00 4.19206E+00 4.19601E+00 4.56857E+00 3.56236E+00 2.79162E+00 1.05131E+02 
3.53098E+00 4.29810E+00 5.28992E+00 4.92260E+00 4.92183E+00 4.92301E+00 4.92710E+00 5.28992E+00 4.29810E+00 3.53098E+00 1.28337E+02 
4.38688E+00 5.15030E+00 6.12775E+00 5.76993E+00 5.76914E+00 5.77041E+00 5.77465E+00 6.12775E+00 5.15030E+00 4.38688E+00 1.55063E+02 
5.37252E+00 6.13215E+00 7.09527E+00 6.74688E+00 6.74608E+00 6.74744E+00 6.75183E+00 7.09527E+00 6.13215E+00 5.37252E+00 1.85650E+02 
6.50196E+00 7.25773E+00 8.20656E+00 7.86755E+00 7.86673E+00 7.86819E+00 7.87274E+00 8.20656E+00 7.25773E+00 6.50196E+00 2.20440E+02 
7.79018E+00 8.54200E+00 9.47661E+00 9.14691E+00 9.14607E+00 9.14763E+00 9.15235E+00 9.47661E+00 8.54200E+00 7.79018E+00 2.59776E+02 
9.25294E+00 1.00007E+01 1.09212E+01 1.06007E+01 1.05999E+01 1.06015E+01 1.06064E+01 1.09212E+01 1.00007E+01 9.25294E+00 3.03991E+02 
2.91423E-02 4.32111E-02 1.15566E+00 6.87399E-01 6.86824E-01 6.87124E-01 6.89590E-01 1.15566E+00 4.32111E-02 2.91423E-02 -8.94710E+00 
2.91423E-02 4.32111E-02 1.13629E+00 6.76008E-01 6.75421E-01 6.75751E-01 6.78295E-01 1.13629E+00 4.32111E-02 2.91423E-02 -8.63923E+00 
2.91423E-02 1.41326E-03 1.12557E+00 6.73195E-01 6.72596E-01 6.72958E-01 6.75581E-01 1.12557E+00 1.41326E-03 2.91423E-02 -8.15598E+00 
2.91423E-02 1.20679E-02 1.12453E+00 6.80026E-01 6.79415E-01 6.79811E-01 6.82516E-01 1.12453E+00 1.20679E-02 2.91423E-02 -7.46941E+00 
2.91423E-02 3.43231E-02 1.13499E+00 6.98413E-01 6.97789E-01 6.98221E-01 7.01011E-01 1.13499E+00 3.43231E-02 2.91423E-02 -6.53370E+00 
2.91423E-02 6.99153E-02 1.15871E+00 7.30096E-01 7.29458E-01 7.29928E-01 7.32806E-01 1.15871E+00 6.99153E-02 2.91423E-02 -5.28816E+00 
2.91423E-02 1.20772E-01 1.19763E+00 7.77004E-01 7.76354E-01 7.76864E-01 7.79833E-01 1.19763E+00 1.20772E-01 2.91423E-02 -3.66239E+00 
2.91423E-02 1.71944E-01 1.23953E+00 8.25098E-01 8.24437E-01 8.24980E-01 8.28021E-01 1.23953E+00 1.71944E-01 2.91423E-02 -2.09278E+00 
2.91423E-02 1.89029E-01 1.25389E+00 8.41279E-01 8.40615E-01 8.41167E-01 8.44230E-01 1.25389E+00 1.89029E-01 2.91423E-02 -1.57582E+00 
2.91423E-02 2.84855E-01 1.33673E+00 9.32776E-01 9.32097E-01 9.32698E-01 9.35866E-01 1.33673E+00 2.84855E-01 2.91423E-02 1.29559E+00 
2.91423E-02 4.06990E-01 1.44585E+00 1.05055E+00 1.04985E+00 1.05051E+00 1.05378E+00 1.44585E+00 4.06990E-01 2.91423E-02 4.93820E+00 
2.91423E-02 5.59146E-01 1.58495E+00 1.19831E+00 1.19760E+00 1.19831E+00 1.20170E+00 1.58495E+00 5.59146E-01 2.91423E-02 9.49667E+00 
2.91423E-02 7.45467E-01 1.75821E+00 1.38022E+00 1.37949E+00 1.38026E+00 1.38376E+00 1.75821E+00 7.45467E-01 2.91423E-02 1.51311E+01 
1.74287E-01 9.52504E-01 1.95231E+00 1.58285E+00 1.58211E+00 1.58294E+00 1.58657E+00 1.95231E+00 9.52504E-01 1.74287E-01 2.19017E+01 
4.26535E-01 1.20131E+00 2.18813E+00 1.82722E+00 1.82646E+00 1.82736E+00 1.83111E+00 2.18813E+00 1.20131E+00 4.26535E-01 3.00189E+01 
7.30756E-01 1.50201E+00 2.47576E+00 2.12343E+00 2.12265E+00 2.12362E+00 2.12750E+00 2.47575E+00 1.50201E+00 7.30756E-01 3.97069E+01 
1.09387E+00 1.86150E+00 2.82214E+00 2.47839E+00 2.47760E+00 2.47864E+00 2.48266E+00 2.82214E+00 1.86150E+00 1.09387E+00 5.11897E+01 
1.52349E+00 2.28742E+00 3.23490E+00 2.89974E+00 2.89893E+00 2.90005E+00 2.90421E+00 3.23490E+00 2.28742E+00 1.52349E+00 6.47070E+01 
2.02796E+00 2.78810E+00 3.72241E+00 3.39582E+00 3.39500E+00 3.39620E+00 3.40051E+00 3.72241E+00 2.78810E+00 2.02796E+00 8.05124E+01 
2.61636E+00 3.37263E+00 4.29376E+00 3.97571E+00 3.97487E+00 3.97616E+00 3.98062E+00 4.29376E+00 3.37263E+00 2.61636E+00 9.88709E+01 
3.29853E+00 4.05085E+00 4.95880E+00 4.64927E+00 4.64841E+00 4.64980E+00 4.65442E+00 4.95880E+00 4.05085E+00 3.29853E+00 1.20057E+02 
4.08508E+00 4.83336E+00 5.72816E+00 5.42711E+00 5.42623E+00 5.42772E+00 5.43250E+00 5.72816E+00 4.83336E+00 4.08508E+00 1.44351E+02 
4.98736E+00 5.73153E+00 6.61321E+00 6.32058E+00 6.31969E+00 6.32128E+00 6.32623E+00 6.61321E+00 5.73153E+00 4.98736E+00 1.72036E+02 
6.01744E+00 6.75742E+00 7.62603E+00 7.34176E+00 7.34085E+00 7.34256E+00 7.34769E+00 7.62603E+00 6.75742E+00 6.01744E+00 2.03393E+02 
7.18807E+00 7.92379E+00 8.77938E+00 8.50341E+00 8.50248E+00 8.50431E+00 8.50962E+00 8.77938E+00 7.92379E+00 7.18807E+00 2.38701E+02 
8.51260E+00 9.24399E+00 1.00866E+01 9.81889E+00 9.81794E+00 9.81989E+00 9.82539E+00 1.00866E+01 9.24399E+00 8.51260E+00 2.78227E+02 
2.79358E-02 4.98552E-02 1.05327E+00 6.53783E-01 6.53129E-01 6.53479E-01 6.56287E-01 1.05327E+00 4.98552E-02 2.79358E-02 -8.12669E+00 
2.79358E-02 4.98552E-02 1.03840E+00 6.46041E-01 6.45374E-01 6.45761E-01 6.48655E-01 1.03840E+00 4.98552E-02 2.79358E-02 -7.78504E+00 
2.79358E-02 2.72247E-03 1.03181E+00 6.46528E-01 6.45847E-01 6.46272E-01 6.49255E-01 1.03181E+00 2.72247E-03 2.79358E-02 -7.27336E+00 
2.79358E-02 1.60816E-02 1.03447E+00 6.56217E-01 6.55524E-01 6.55989E-01 6.59063E-01 1.03447E+00 1.60816E-02 2.79358E-02 -6.56656E+00 
2.79358E-02 4.04734E-02 1.04807E+00 6.76896E-01 6.76189E-01 6.76697E-01 6.79866E-01 1.04807E+00 4.04734E-02 2.79358E-02 -5.61820E+00 
2.79358E-02 7.74862E-02 1.07422E+00 7.10157E-01 7.09436E-01 7.09988E-01 7.13255E-01 1.07422E+00 7.74862E-02 2.79358E-02 -4.37177E+00 
2.79358E-02 1.28878E-01 1.11468E+00 7.57760E-01 7.57025E-01 7.57625E-01 7.60993E-01 1.11468E+00 1.28878E-01 2.79358E-02 -2.76221E+00 
2.79358E-02 1.79737E-01 1.15705E+00 8.05664E-01 8.04917E-01 8.05556E-01 8.09005E-01 1.15705E+00 1.79737E-01 2.79358E-02 -1.22102E+00 
2.79358E-02 1.96593E-01 1.17142E+00 8.21653E-01 8.20903E-01 8.21553E-01 8.25027E-01 1.17142E+00 1.96593E-01 2.79358E-02 -7.15563E-01 
2.79358E-02 2.90375E-01 1.25331E+00 9.11280E-01 9.10514E-01 9.11221E-01 9.14812E-01 1.25331E+00 2.90375E-01 2.79358E-02 2.07692E+00 
2.79358E-02 4.08640E-01 1.35966E+00 1.02536E+00 1.02458E+00 1.02534E+00 1.02906E+00 1.35966E+00 4.08640E-01 2.79358E-02 5.59143E+00 
2.79358E-02 5.54737E-01 1.49381E+00 1.16724E+00 1.16644E+00 1.16727E+00 1.17111E+00 1.49381E+00 5.54737E-01 2.79358E-02 9.95798E+00 
2.79358E-02 7.32390E-01 1.65951E+00 1.34065E+00 1.33984E+00 1.34074E+00 1.34471E+00 1.65951E+00 7.32390E-01 2.79358E-02 1.53194E+01 
1.66611E-01 9.29732E-01 1.84501E+00 1.53377E+00 1.53294E+00 1.53392E+00 1.53802E+00 1.84501E+00 9.29732E-01 1.66611E-01 2.17042E+01 
4.06164E-01 1.16555E+00 2.06893E+00 1.76533E+00 1.76448E+00 1.76553E+00 1.76977E+00 2.06893E+00 1.16555E+00 4.06164E-01 2.93143E+01 
6.93259E-01 1.44882E+00 2.34025E+00 2.04430E+00 2.04343E+00 2.04456E+00 2.04895E+00 2.34025E+00 1.44882E+00 6.93259E-01 3.83515E+01 
1.03401E+00 1.78567E+00 2.66509E+00 2.37679E+00 2.37591E+00 2.37713E+00 2.38167E+00 2.66509E+00 1.78567E+00 1.03401E+00 4.90105E+01 
1.43513E+00 2.18279E+00 3.05017E+00 2.76953E+00 2.76863E+00 2.76995E+00 2.77464E+00 3.05017E+00 2.18279E+00 1.43513E+00 6.14982E+01 
1.90391E+00 2.64750E+00 3.50282E+00 3.22982E+00 3.22890E+00 3.23032E+00 3.23517E+00 3.50282E+00 2.64750E+00 1.90391E+00 7.60319E+01 
2.44826E+00 3.18770E+00 4.03096E+00 3.76558E+00 3.76464E+00 3.76616E+00 3.77118E+00 4.03096E+00 3.18770E+00 2.44826E+00 9.28366E+01 
3.07673E+00 3.81194E+00 4.64315E+00 4.38535E+00 4.38439E+00 4.38603E+00 4.39123E+00 4.64314E+00 3.81194E+00 3.07673E+00 1.12143E+02 
3.79846E+00 4.52937E+00 5.34853E+00 5.09829E+00 5.09731E+00 5.09906E+00 5.10444E+00 5.34853E+00 4.52937E+00 3.79846E+00 1.34184E+02 
4.62320E+00 5.34973E+00 6.15688E+00 5.91414E+00 5.91315E+00 5.91502E+00 5.92059E+00 6.15688E+00 5.34973E+00 4.62320E+00 1.59194E+02 
5.56123E+00 6.28331E+00 7.07850E+00 6.84320E+00 6.84219E+00 6.84420E+00 6.84996E+00 7.07850E+00 6.28331E+00 5.56123E+00 1.87402E+02 
6.62336E+00 7.34093E+00 8.12419E+00 7.89629E+00 7.89526E+00 7.89741E+00 7.90337E+00 8.12419E+00 7.34093E+00 6.62336E+00 2.19029E+02 
7.82083E+00 8.53382E+00 9.30523E+00 9.08464E+00 9.08360E+00 9.08589E+00 9.09207E+00 9.30523E+00 8.53382E+00 7.82083E+00 2.54289E+02 
2.67180E-02 5.54763E-02 9.59695E-01 6.21890E-01 6.21147E-01 6.21557E-01 6.24748E-01 9.59695E-01 5.54763E-02 2.67180E-02 -7.37345E+00 
2.67180E-02 5.54763E-02 9.48868E-01 6.17423E-01 6.16666E-01 6.17120E-01 6.20407E-01 9.48868E-01 5.54763E-02 2.67180E-02 -7.00215E+00 
2.67180E-02 3.86929E-03 9.45958E-01 6.20826E-01 6.20055E-01 6.20554E-01 6.23941E-01 9.45958E-01 3.86929E-03 2.67180E-02 -6.46637E+00 
2.67180E-02 1.95546E-02 9.51845E-01 6.32989E-01 6.32204E-01 6.32751E-01 6.36240E-01 9.51846E-01 1.95546E-02 2.67180E-02 -5.74374E+00 
2.67180E-02 4.57079E-02 9.68122E-01 6.55579E-01 6.54779E-01 6.55377E-01 6.58972E-01 9.68122E-01 4.57079E-02 2.67180E-02 -4.78754E+00 
2.67180E-02 8.37785E-02 9.96248E-01 6.90049E-01 6.89234E-01 6.89885E-01 6.93589E-01 9.96248E-01 8.37785E-02 2.67180E-02 -3.54537E+00 
2.67180E-02 1.35367E-01 1.03783E+00 7.38000E-01 7.37171E-01 7.37878E-01 7.41695E-01 1.03783E+00 1.35367E-01 2.67180E-02 -1.95726E+00 
2.67180E-02 1.85672E-01 1.08037E+00 7.85470E-01 7.84629E-01 7.85382E-01 7.89289E-01 1.08037E+00 1.85672E-01 2.67180E-02 -4.48442E-01 
2.67180E-02 2.02237E-01 1.09465E+00 8.01202E-01 8.00357E-01 8.01124E-01 8.05058E-01 1.09465E+00 2.02237E-01 2.67180E-02 4.44095E-02 
2.67180E-02 2.93705E-01 1.17524E+00 8.88683E-01 8.87821E-01 8.88656E-01 8.92720E-01 1.17524E+00 2.93705E-01 2.67180E-02 2.75324E+00 
2.67180E-02 4.07915E-01 1.27854E+00 9.98875E-01 9.97995E-01 9.98903E-01 1.00310E+00 1.27854E+00 4.07915E-01 2.67180E-02 6.13637E+00 
2.67180E-02 5.47879E-01 1.40757E+00 1.13479E+00 1.13390E+00 1.13488E+00 1.13922E+00 1.40757E+00 5.47879E-01 2.67180E-02 1.03102E+01 
2.67180E-02 7.16934E-01 1.56568E+00 1.29978E+00 1.29887E+00 1.29993E+00 1.30441E+00 1.56568E+00 7.16934E-01 2.67180E-02 1.54017E+01 
1.58928E-01 9.04648E-01 1.74256E+00 1.48344E+00 1.48251E+00 1.48366E+00 1.48829E+00 1.74256E+00 9.04648E-01 1.58928E-01 2.14116E+01 
3.85983E-01 1.12773E+00 1.95475E+00 1.70243E+00 1.70148E+00 1.70273E+00 1.70751E+00 1.95475E+00 1.12773E+00 3.85983E-01 2.85336E+01 
6.56438E-01 1.39412E+00 2.21020E+00 1.96469E+00 1.96373E+00 1.96507E+00 1.97001E+00 2.21020E+00 1.39412E+00 6.56438E-01 3.69486E+01 
9.75680E-01 1.70922E+00 2.51431E+00 2.27562E+00 2.27463E+00 2.27608E+00 2.28119E+00 2.51431E+00 1.70922E+00 9.75680E-01 4.68251E+01 
1.34958E+00 2.07890E+00 2.87297E+00 2.64109E+00 2.64009E+00 2.64164E+00 2.64693E+00 2.87297E+00 2.07890E+00 1.34958E+00 5.83409E+01 
1.78452E+00 2.50954E+00 3.29257E+00 3.06749E+00 3.06647E+00 3.06814E+00 3.07360E+00 3.29257E+00 2.50954E+00 1.78452E+00 7.16806E+01 
2.28737E+00 3.00801E+00 3.78000E+00 3.56169E+00 3.56065E+00 3.56244E+00 3.56810E+00 3.78000E+00 3.00801E+00 2.28737E+00 8.70340E+01 
2.86549E+00 3.58168E+00 4.34263E+00 4.13107E+00 4.13001E+00 4.13193E+00 4.13778E+00 4.34263E+00 3.58168E+00 2.86549E+00 1.04594E+02 
3.52673E+00 4.23840E+00 4.98834E+00 4.78349E+00 4.78241E+00 4.78447E+00 4.79052E+00 4.98834E+00 4.23840E+00 3.52673E+00 1.24552E+02 
4.27943E+00 4.98651E+00 5.72545E+00 5.52727E+00 5.52618E+00 5.52838E+00 5.53464E+00 5.72545E+00 4.98651E+00 4.27943E+00 1.47100E+02 
5.13230E+00 5.83473E+00 6.56271E+00 6.37115E+00 6.37004E+00 6.37240E+00 6.37887E+00 6.56271E+00 5.83473E+00 5.13230E+00 1.72421E+02 
6.09445E+00 6.79216E+00 7.50924E+00 7.32424E+00 7.32311E+00 7.32563E+00 7.33232E+00 7.50923E+00 6.79216E+00 6.09445E+00 2.00692E+02 
7.17529E+00 7.86823E+00 8.57445E+00 8.39595E+00 8.39480E+00 8.39750E+00 8.40442E+00 8.57445E+00 7.86823E+00 7.17529E+00 2.32077E+02 
2.54968E-02 6.01713E-02 8.74180E-01 5.91624E-01 5.90782E-01 5.91267E-01 5.94889E-01 8.74180E-01 6.01713E-02 2.54968E-02 -6.68129E+00 
2.54968E-02 6.01713E-02 8.66978E-01 5.90088E-01 5.89231E-01 5.89768E-01 5.93497E-01 8.66979E-01 6.01713E-02 2.54968E-02 -6.28410E+00 
2.54968E-02 4.86793E-03 8.67326E-01 5.96058E-01 5.95185E-01 5.95777E-01 5.99617E-01 8.67326E-01 4.86793E-03 2.54968E-02 -5.72817E+00 
2.54968E-02 2.25356E-02 8.76026E-01 6.10345E-01 6.09458E-01 6.10106E-01 6.14060E-01 8.76026E-01 2.25356E-02 2.54968E-02 -4.99372E+00 
2.54968E-02 5.01123E-02 8.94562E-01 6.34502E-01 6.33599E-01 6.34308E-01 6.38379E-01 8.94562E-01 5.01123E-02 2.54968E-02 -4.03405E+00 
2.54968E-02 8.89169E-02 9.24263E-01 6.69851E-01 6.68932E-01 6.69704E-01 6.73897E-01 9.24263E-01 8.89169E-02 2.54968E-02 -2.80072E+00 
2.54968E-02 1.40402E-01 9.66593E-01 7.17846E-01 7.16912E-01 7.17751E-01 7.22070E-01 9.66593E-01 1.40402E-01 2.54968E-02 -1.23870E+00 
2.54968E-02 1.89949E-01 1.00902E+00 7.64672E-01 7.63724E-01 7.64618E-01 7.69037E-01 1.00902E+00 1.89949E-01 2.54968E-02 2.34332E-01 
2.54968E-02 2.06166E-01 1.02316E+00 7.80089E-01 7.79138E-01 7.80048E-01 7.84497E-01 1.02316E+00 2.06166E-01 2.54968E-02 7.13634E-01 
2.54968E-02 2.95098E-01 1.10213E+00 8.65194E-01 8.64225E-01 8.65216E-01 8.69810E-01 1.10213E+00 2.95098E-01 2.54968E-02 3.33491E+00 
2.54968E-02 4.05112E-01 1.20216E+00 9.71352E-01 9.70366E-01 9.71441E-01 9.76185E-01 1.20216E+00 4.05112E-01 2.54968E-02 6.58431E+00 
2.54968E-02 5.38911E-01 1.32595E+00 1.10127E+00 1.10026E+00 1.10143E+00 1.10633E+00 1.32595E+00 5.38911E-01 2.54968E-02 1.05656E+01 
2.54968E-02 6.99476E-01 1.47650E+00 1.25793E+00 1.25691E+00 1.25817E+00 1.26323E+00 1.47650E+00 6.99476E-01 2.54968E-02 1.53910E+01 
1.51280E-01 8.77672E-01 1.64477E+00 1.43224E+00 1.43120E+00 1.43256E+00 1.43778E+00 1.64477E+00 8.77672E-01 1.51280E-01 2.10376E+01 
3.66081E-01 1.08831E+00 1.84544E+00 1.63895E+00 1.63789E+00 1.63936E+00 1.64475E+00 1.84544E+00 1.08831E+00 3.66081E-01 2.76907E+01 
6.20413E-01 1.33839E+00 2.08551E+00 1.88506E+00 1.88399E+00 1.88557E+00 1.89115E+00 2.08551E+00 1.33839E+00 6.20413E-01 3.55119E+01 
9.19006E-01 1.63266E+00 2.36971E+00 2.17532E+00 2.17423E+00 2.17593E+00 2.18169E+00 2.36971E+00 1.63266E+00 9.19006E-01 4.46466E+01 
1.26699E+00 1.97623E+00 2.70320E+00 2.51486E+00 2.51375E+00 2.51558E+00 2.52153E+00 2.70320E+00 1.97623E+00 1.26699E+00 5.52461E+01 
1.66990E+00 2.37466E+00 3.09153E+00 2.90922E+00 2.90809E+00 2.91006E+00 2.91621E+00 3.09153E+00 2.37466E+00 1.66990E+00 6.74666E+01 
2.13368E+00 2.83388E+00 3.54064E+00 3.36435E+00 3.36320E+00 3.36531E+00 3.37167E+00 3.54064E+00 2.83388E+00 2.13368E+00 8.14667E+01 
2.66465E+00 3.36024E+00 4.05689E+00 3.88659E+00 3.88542E+00 3.88768E+00 3.89426E+00 4.05689E+00 3.36024E+00 2.66465E+00 9.74058E+01 
3.26954E+00 3.96043E+00 4.64700E+00 4.48265E+00 4.48146E+00 4.48389E+00 4.49068E+00 4.64700E+00 3.96043E+00 3.26954E+00 1.15441E+02 
3.95539E+00 4.64154E+00 5.31804E+00 5.15961E+00 5.15840E+00 5.16100E+00 5.16802E+00 5.31804E+00 4.64154E+00 3.95539E+00 1.35726E+02 
4.72958E+00 5.41091E+00 6.07739E+00 5.92482E+00 5.92359E+00 5.92637E+00 5.93363E+00 6.07738E+00 5.41091E+00 4.72958E+00 1.58407E+02 
5.59973E+00 6.27619E+00 6.93268E+00 6.78593E+00 6.78468E+00 6.78765E+00 6.79515E+00 6.93267E+00 6.27619E+00 5.59973E+00 1.83621E+02 
6.57366E+00 7.24519E+00 7.89174E+00 7.75075E+00 7.74949E+00 7.75265E+00 7.76041E+00 7.89174E+00 7.24519E+00 6.57366E+00 2.11494E+02 
2.42794E-02 6.40281E-02 7.96046E-01 5.62900E-01 5.61948E-01 5.62526E-01 5.66634E-01 7.96046E-01 6.40281E-02 2.42794E-02 -6.04466E+00 
2.42794E-02 6.40281E-02 7.92087E-01 5.63977E-01 5.63008E-01 5.63648E-01 5.67877E-01 7.92087E-01 6.40281E-02 2.42794E-02 -5.62503E+00 
2.42794E-02 5.73129E-03 7.95307E-01 5.72193E-01 5.71209E-01 5.71914E-01 5.76265E-01 7.95307E-01 5.73129E-03 2.42794E-02 -5.05257E+00 
2.42794E-02 2.50690E-02 8.06436E-01 5.88287E-01 5.87287E-01 5.88059E-01 5.92538E-01 8.06436E-01 2.50690E-02 2.42794E-02 -4.30994E+00 
2.42794E-02 5.37644E-02 8.26856E-01 6.13701E-01 6.12684E-01 6.13528E-01 6.18138E-01 8.26856E-01 5.37644E-02 2.42794E-02 -3.35075E+00 
2.42794E-02 9.30146E-02 8.57773E-01 6.49634E-01 6.48601E-01 6.49520E-01 6.54265E-01 8.57773E-01 9.30146E-02 2.42794E-02 -2.13037E+00 
2.42794E-02 1.44135E-01 9.00513E-01 6.97406E-01 6.96355E-01 6.97355E-01 7.02239E-01 9.00513E-01 1.44135E-01 2.42794E-02 -5.98518E-01 
2.42794E-02 1.92746E-01 9.42611E-01 7.43404E-01 7.42341E-01 7.43405E-01 7.48401E-01 9.42611E-01 1.92746E-01 2.42794E-02 8.35795E-01 
2.42794E-02 2.08568E-01 9.56524E-01 7.58460E-01 7.57393E-01 7.58476E-01 7.63505E-01 9.56524E-01 2.08568E-01 2.42794E-02 1.30075E+00 
2.42794E-02 2.94781E-01 1.03362E+00 8.41000E-01 8.39914E-01 8.41092E-01 8.46283E-01 1.03362E+00 2.94781E-01 2.42794E-02 3.83132E+00 
2.42794E-02 4.00498E-01 1.13020E+00 9.43017E-01 9.41912E-01 9.43192E-01 9.48548E-01 1.13020E+00 4.00498E-01 2.42794E-02 6.94546E+00 
2.42794E-02 5.28137E-01 1.24867E+00 1.06693E+00 1.06581E+00 1.06719E+00 1.07272E+00 1.24867E+00 5.28137E-01 2.42794E-02 1.07352E+01 
2.42794E-02 6.80353E-01 1.39172E+00 1.21540E+00 1.21426E+00 1.21576E+00 1.22146E+00 1.39172E+00 6.80353E-01 2.42794E-02 1.52993E+01 
1.43704E-01 8.49179E-01 1.55146E+00 1.38049E+00 1.37933E+00 1.38095E+00 1.38684E+00 1.55146E+00 8.49179E-01 1.43704E-01 2.05946E+01 
3.46531E-01 1.04769E+00 1.74086E+00 1.57524E+00 1.57406E+00 1.57581E+00 1.58189E+00 1.74086E+00 1.04769E+00 3.46531E-01 2.67979E+01 
5.85285E-01 1.28205E+00 1.96605E+00 1.80580E+00 1.80460E+00 1.80647E+00 1.81275E+00 1.96605E+00 1.28205E+00 5.85285E-01 3.40537E+01 
8.64100E-01 1.55640E+00 2.23118E+00 2.07630E+00 2.07508E+00 2.07710E+00 2.08358E+00 2.23118E+00 1.55640E+00 8.64100E-01 4.24861E+01 
1.18744E+00 1.87519E+00 2.54074E+00 2.39121E+00 2.38997E+00 2.39214E+00 2.39884E+00 2.54074E+00 1.87519E+00 1.18744E+00 5.22234E+01 
1.56008E+00 2.24321E+00 2.89952E+00 2.75534E+00 2.75408E+00 2.75641E+00 2.76332E+00 2.89952E+00 2.24321E+00 1.56008E+00 6.33964E+01 
1.98715E+00 2.66559E+00 3.31264E+00 3.17379E+00 3.17251E+00 3.17501E+00 3.18215E+00 3.31264E+00 2.66559E+00 1.98715E+00 7.61367E+01 
2.47405E+00 3.14774E+00 3.78554E+00 3.65199E+00 3.65069E+00 3.65337E+00 3.66075E+00 3.78554E+00 3.14774E+00 2.47405E+00 9.05746E+01 
3.02648E+00 3.69536E+00 4.32393E+00 4.19564E+00 4.19433E+00 4.19719E+00 4.20481E+00 4.32393E+00 3.69536E+00 3.02648E+00 1.06837E+02 
3.65042E+00 4.31442E+00 4.93377E+00 4.81072E+00 4.80939E+00 4.81245E+00 4.82032E+00 4.93377E+00 4.31442E+00 3.65042E+00 1.25047E+02 
4.35201E+00 5.01108E+00 5.62126E+00 5.50339E+00 5.50204E+00 5.50531E+00 5.51344E+00 5.62125E+00 5.01108E+00 4.35201E+00 1.45317E+02 
5.13761E+00 5.79170E+00 6.39273E+00 6.28000E+00 6.27864E+00 6.28212E+00 6.29053E+00 6.39273E+00 5.79170E+00 5.13761E+00 1.67752E+02 
6.01366E+00 6.66272E+00 7.25465E+00 7.14701E+00 7.14563E+00 7.14935E+00 7.15803E+00 7.25465E+00 6.66272E+00 6.01366E+00 1.92445E+02 
2.30717E-02 6.71267E-02 7.24670E-01 5.35637E-01 5.34561E-01 5.35257E-01 5.39914E-01 7.24670E-01 6.71267E-02 2.30717E-02 -5.45851E+00 
2.30717E-02 6.71267E-02 7.23601E-01 5.39034E-01 5.37942E-01 5.38711E-01 5.43502E-01 7.23601E-01 6.71267E-02 2.30717E-02 -5.01960E+00 
2.30717E-02 6.47108E-03 7.29342E-01 5.49204E-01 5.48095E-01 5.48941E-01 5.53870E-01 7.29342E-01 6.47108E-03 2.30717E-02 -4.43393E+00 
2.30717E-02 2.71951E-02 7.42551E-01 5.66815E-01 5.65690E-01 5.66616E-01 5.71686E-01 7.42551E-01 2.71951E-02 2.30717E-02 -3.68643E+00 
2.30717E-02 5.67351E-02 7.64515E-01 5.93206E-01 5.92063E-01 5.93074E-01 5.98290E-01 7.64516E-01 5.67351E-02 2.30717E-02 -2.73128E+00 
2.30717E-02 9.61744E-02 7.96327E-01 6.29462E-01 6.28302E-01 6.29403E-01 6.34769E-01 7.96327E-01 9.61744E-02 2.30717E-02 -1.52755E+00 
2.30717E-02 1.46701E-01 8.39182E-01 6.76775E-01 6.75597E-01 6.76793E-01 6.82314E-01 8.39182E-01 1.46701E-01 2.30717E-02 -2.94230E-02 
2.30717E-02 1.94224E-01 8.80743E-01 7.21791E-01 7.20600E-01 7.21872E-01 7.27516E-01 8.80743E-01 1.94224E-01 2.30717E-02 1.36367E+00 
2.30717E-02 2.09613E-01 8.94385E-01 7.36444E-01 7.35249E-01 7.36544E-01 7.42225E-01 8.94385E-01 2.09613E-01 2.30717E-02 1.81362E+00 
2.30717E-02 2.92960E-01 9.69387E-01 8.16267E-01 8.15053E-01 8.16460E-01 8.22320E-01 9.69387E-01 2.92960E-01 2.30717E-02 4.25102E+00 
2.30717E-02 3.94314E-01 1.06237E+00 9.14070E-01 9.12837E-01 9.14363E-01 9.20407E-01 1.06237E+00 3.94314E-01 2.30717E-02 7.22908E+00 
2.30717E-02 5.15830E-01 1.17550E+00 1.03201E+00 1.03076E+00 1.03241E+00 1.03865E+00 1.17550E+00 5.15830E-01 2.30717E-02 1.08290E+01 
2.30717E-02 6.59865E-01 1.31114E+00 1.17245E+00 1.17118E+00 1.17296E+00 1.17939E+00 1.31114E+00 6.59865E-01 2.30717E-02 1.51373E+01 
1.36232E-01 8.19502E-01 1.46246E+00 1.32851E+00 1.32722E+00 1.32914E+00 1.33577E+00 1.46246E+00 8.19502E-01 1.36232E-01 2.00935E+01 
3.27398E-01 1.00625E+00 1.64086E+00 1.51164E+00 1.51033E+00 1.51240E+00 1.51924E+00 1.64086E+00 1.00625E+00 3.27398E-01 2.58665E+01 
5.51137E-01 1.22548E+00 1.85170E+00 1.72722E+00 1.72590E+00 1.72812E+00 1.73519E+00 1.85170E+00 1.22548E+00 5.51137E-01 3.25848E+01 
8.11047E-01 1.48082E+00 2.09861E+00 1.97887E+00 1.97752E+00 1.97992E+00 1.98721E+00 2.09861E+00 1.48082E+00 8.11047E-01 4.03535E+01 
1.11099E+00 1.77611E+00 2.38545E+00 2.27045E+00 2.26908E+00 2.27165E+00 2.27917E+00 2.38545E+00 1.77611E+00 1.11099E+00 4.92807E+01 
1.45509E+00 2.11549E+00 2.71636E+00 2.60608E+00 2.60470E+00 2.60745E+00 2.61522E+00 2.71636E+00 2.11549E+00 1.45509E+00 5.94749E+01 
1.84771E+00 2.50333E+00 3.09573E+00 2.99015E+00 2.98875E+00 2.99170E+00 2.99972E+00 3.09573E+00 2.50333E+00 1.84771E+00 7.10442E+01 
2.29346E+00 2.94424E+00 3.52818E+00 3.42728E+00 3.42586E+00 3.42901E+00 3.43729E+00 3.52817E+00 2.94424E+00 2.29346E+00 8.40939E+01 
2.79716E+00 3.44304E+00 4.01852E+00 3.92226E+00 3.92083E+00 3.92420E+00 3.93275E+00 4.01852E+00 3.44304E+00 2.79716E+00 9.87253E+01 
3.36380E+00 4.00472E+00 4.57176E+00 4.48012E+00 4.47867E+00 4.48228E+00 4.49110E+00 4.57176E+00 4.00472E+00 3.36380E+00 1.15034E+02 
3.99851E+00 4.63442E+00 5.19306E+00 5.10599E+00 5.10453E+00 5.10837E+00 5.11748E+00 5.19306E+00 4.63442E+00 3.99851E+00 1.33106E+02 
4.70652E+00 5.33737E+00 5.88764E+00 5.80511E+00 5.80363E+00 5.80772E+00 5.81713E+00 5.88764E+00 5.33737E+00 4.70652E+00 1.53019E+02 
5.49311E+00 6.11886E+00 6.66080E+00 6.58275E+00 6.58125E+00 6.58561E+00 6.59532E+00 6.66080E+00 6.11886E+00 5.49311E+00 1.74840E+02 
2.18790E-02 6.95398E-02 6.59479E-01 5.09758E-01 5.08546E-01 5.09388E-01 5.14666E-01 6.59479E-01 6.95398E-02 2.18790E-02 -4.91821E+00 
2.18790E-02 6.95398E-02 6.60978E-01 5.15206E-01 5.13977E-01 5.14907E-01 5.20333E-01 6.60978E-01 6.95398E-02 2.18790E-02 -4.46294E+00 
2.18790E-02 7.09800E-03 6.68915E-01 5.27062E-01 5.25815E-01 5.26836E-01 5.32415E-01 6.68915E-01 7.09800E-03 2.18790E-02 -3.86708E+00 
2.18790E-02 2.89508E-02 6.83889E-01 5.45927E-01 5.44663E-01 5.45780E-01 5.51515E-01 6.83889E-01 2.89508E-02 2.18790E-02 -3.11776E+00 
2.18790E-02 5.90888E-02 7.07092E-01 5.73043E-01 5.71761E-01 5.72979E-01 5.78876E-01 7.07092E-01 5.90888E-02 2.18790E-02 -2.16988E+00 
2.18790E-02 9.84898E-02 7.39511E-01 6.09389E-01 6.08090E-01 6.09413E-01 6.15477E-01 7.39511E-01 9.84898E-02 2.18790E-02 -9.86053E-01 
2.18790E-02 1.48223E-01 7.82221E-01 6.56039E-01 6.54722E-01 6.56157E-01 6.62393E-01 7.82221E-01 1.48223E-01 2.18790E-02 4.75221E-01 
2.18790E-02 1.94530E-01 8.23070E-01 6.99941E-01 6.98610E-01 7.00135E-01 7.06508E-01 8.23070E-01 1.94530E-01 2.18790E-02 1.82498E+00 
2.18790E-02 2.09454E-01 8.36394E-01 7.14158E-01 7.12823E-01 7.14375E-01 7.20789E-01 8.36394E-01 2.09454E-01 2.18790E-02 2.25939E+00 
2.18790E-02 2.89820E-01 9.09122E-01 7.91143E-01 7.89789E-01 7.91474E-01 7.98085E-01 9.09122E-01 2.89820E-01 2.18790E-02 4.60175E+00 
2.18790E-02 3.86776E-01 9.98416E-01 8.84691E-01 8.83318E-01 8.85143E-01 8.91958E-01 9.98416E-01 3.86776E-01 2.18790E-02 7.44357E+00 
2.18790E-02 5.02234E-01 1.10620E+00 9.96719E-01 9.95327E-01 9.97299E-01 1.00432E+00 1.10620E+00 5.02234E-01 2.18790E-02 1.08561E+01 
2.18790E-02 6.38279E-01 1.23456E+00 1.12932E+00 1.12790E+00 1.13003E+00 1.13727E+00 1.23456E+00 6.38279E-01 2.18790E-02 1.49145E+01 
1.28893E-01 7.88935E-01 1.37760E+00 1.27654E+00 1.27511E+00 1.27740E+00 1.28486E+00 1.37760E+00 7.88935E-01 1.28893E-01 1.95444E+01 
3.08735E-01 9.64279E-01 1.54530E+00 1.44841E+00 1.44696E+00 1.44943E+00 1.45713E+00 1.54530E+00 9.64279E-01 3.08735E-01 2.49063E+01 
5.18036E-01 1.16901E+00 1.74234E+00 1.64963E+00 1.64817E+00 1.65082E+00 1.65875E+00 1.74234E+00 1.16901E+00 5.18036E-01 3.11143E+01 
7.59912E-01 1.40624E+00 1.97186E+00 1.88333E+00 1.88184E+00 1.88468E+00 1.89287E+00 1.97185E+00 1.40624E+00 7.59912E-01 3.82570E+01 
1.03769E+00 1.67930E+00 2.23718E+00 2.15282E+00 2.15132E+00 2.15436E+00 2.16281E+00 2.23718E+00 1.67930E+00 1.03769E+00 4.64243E+01 
1.35490E+00 1.99173E+00 2.54186E+00 2.46166E+00 2.46014E+00 2.46340E+00 2.47211E+00 2.54186E+00 1.99173E+00 1.35490E+00 5.57056E+01 
1.71526E+00 2.34724E+00 2.88962E+00 2.81355E+00 2.81202E+00 2.81551E+00 2.82450E+00 2.88961E+00 2.34724E+00 1.71526E+00 6.61882E+01 
2.12265E+00 2.74973E+00 3.28436E+00 3.21241E+00 3.21086E+00 3.21459E+00 3.22386E+00 3.28436E+00 2.74973E+00 2.12265E+00 7.79563E+01 
2.58112E+00 3.20325E+00 3.73013E+00 3.66228E+00 3.66071E+00 3.66469E+00 3.67426E+00 3.73013E+00 3.20325E+00 2.58112E+00 9.10891E+01 
3.09483E+00 3.71195E+00 4.23111E+00 4.16731E+00 4.16573E+00 4.16998E+00 4.17985E+00 4.23111E+00 3.71195E+00 3.09483E+00 1.05659E+02 
3.66801E+00 4.28006E+00 4.79153E+00 4.73175E+00 4.73016E+00 4.73468E+00 4.74487E+00 4.79153E+00 4.28006E+00 3.66801E+00 1.21732E+02 
4.30492E+00 4.91188E+00 5.41569E+00 5.35989E+00 5.35828E+00 5.36309E+00 5.37360E+00 5.41569E+00 4.91188E+00 4.30492E+00 1.39361E+02 
5.00985E+00 5.61167E+00 6.10785E+00 6.05598E+00 6.05436E+00 6.05948E+00 6.07033E+00 6.10785E+00 5.61167E+00 5.00985E+00 1.58592E+02 
2.07060E-02 7.13336E-02 5.99952E-01 4.85193E-01 4.83830E-01 4.84855E-01 4.90833E-01 5.99952E-01 7.13336E-02 2.07060E-02 -4.41954E+00 
2.07060E-02 7.13336E-02 6.03719E-01 4.92443E-01 4.91062E-01 4.92192E-01 4.98335E-01 6.03719E-01 7.13336E-02 2.07060E-02 -3.95059E+00 
2.07060E-02 7.62180E-03 6.13559E-01 5.05738E-01 5.04339E-01 5.05577E-01 5.11889E-01 6.13559E-01 7.62180E-03 2.07060E-02 -3.34734E+00 
2.07060E-02 3.03694E-02 6.30009E-01 5.25619E-01 5.24203E-01 5.25554E-01 5.32039E-01 6.30009E-01 3.03694E-02 2.07060E-02 -2.59896E+00 
2.07060E-02 6.08841E-02 6.54175E-01 5.53233E-01 5.51800E-01 5.53270E-01 5.59934E-01 6.54175E-01 6.08841E-02 2.07060E-02 -1.66126E+00 
2.07060E-02 1.00046E-01 6.86944E-01 5.89464E-01 5.88013E-01 5.89608E-01 5.96456E-01 6.86944E-01 1.00046E-01 2.07060E-02 -5.00274E-01 
2.07060E-02 1.48813E-01 7.29282E-01 6.35273E-01 6.33804E-01 6.35530E-01 6.42569E-01 7.29282E-01 1.48813E-01 2.07060E-02 9.21445E-01 
2.07060E-02 1.93798E-01 7.69270E-01 6.77950E-01 6.76467E-01 6.78300E-01 6.85489E-01 7.69270E-01 1.93798E-01 2.07060E-02 2.22611E+00 
2.07060E-02 2.08230E-01 7.82238E-01 6.91704E-01 6.90217E-01 6.92082E-01 6.99316E-01 7.82238E-01 2.08230E-01 2.07060E-02 2.64455E+00 
2.07060E-02 2.85530E-01 8.52545E-01 7.65760E-01 7.64254E-01 7.66275E-01 7.73728E-01 8.52545E-01 2.85530E-01 2.07060E-02 4.89056E+00 
2.07060E-02 3.78078E-01 9.38079E-01 8.55039E-01 8.53514E-01 8.55700E-01 8.63377E-01 9.38079E-01 3.78078E-01 2.07060E-02 7.59654E+00 
2.07060E-02 4.87567E-01 1.04054E+00 9.61237E-01 9.59694E-01 9.62052E-01 9.69962E-01 1.04054E+00 4.87567E-01 2.07060E-02 1.08246E+01 
2.07060E-02 6.15833E-01 1.16177E+00 1.08619E+00 1.08463E+00 1.08717E+00 1.09532E+00 1.16177E+00 6.15833E-01 2.07060E-02 1.46397E+01 
1.21709E-01 7.57737E-01 1.29671E+00 1.22480E+00 1.22322E+00 1.22595E+00 1.23435E+00 1.29670E+00 7.57737E-01 1.21709E-01 1.89560E+01 
2.90585E-01 9.22070E-01 1.45404E+00 1.38581E+00 1.38421E+00 1.38714E+00 1.39579E+00 1.45404E+00 9.22070E-01 2.90585E-01 2.39259E+01 
4.86033E-01 1.11290E+00 1.63783E+00 1.57328E+00 1.57166E+00 1.57481E+00 1.58372E+00 1.63783E+00 1.11290E+00 4.86033E-01 2.96504E+01 
7.10739E-01 1.33292E+00 1.85079E+00 1.78990E+00 1.78827E+00 1.79164E+00 1.80083E+00 1.85079E+00 1.33292E+00 7.10739E-01 3.62036E+01 
9.67552E-01 1.58498E+00 2.09576E+00 2.03854E+00 2.03689E+00 2.04050E+00 2.04997E+00 2.09576E+00 1.58498E+00 9.67552E-01 4.36594E+01 
1.25948E+00 1.87209E+00 2.37578E+00 2.32220E+00 2.32054E+00 2.32440E+00 2.33416E+00 2.37577E+00 1.87209E+00 1.25948E+00 5.20903E+01 
1.58965E+00 2.19739E+00 2.69398E+00 2.64403E+00 2.64236E+00 2.64648E+00 2.65655E+00 2.69397E+00 2.19739E+00 1.58965E+00 6.15663E+01 
1.96135E+00 2.56415E+00 3.05364E+00 3.00731E+00 3.00562E+00 3.01002E+00 3.02040E+00 3.05364E+00 2.56415E+00 1.96135E+00 7.21532E+01 
2.37791E+00 2.97573E+00 3.45814E+00 3.41539E+00 3.41369E+00 3.41838E+00 3.42908E+00 3.45814E+00 2.97573E+00 2.37791E+00 8.39117E+01 
2.84279E+00 3.43558E+00 3.91092E+00 3.87172E+00 3.87001E+00 3.87501E+00 3.88604E+00 3.91092E+00 3.43558E+00 2.84279E+00 9.68959E+01 
3.35943E+00 3.94715E+00 4.41544E+00 4.37976E+00 4.37804E+00 4.38336E+00 4.39473E+00 4.41544E+00 3.94715E+00 3.35943E+00 1.11152E+02 
3.93130E+00 4.51390E+00 4.97518E+00 4.94298E+00 4.94125E+00 4.94690E+00 4.95863E+00 4.97517E+00 4.51390E+00 3.93130E+00 1.26717E+02 
4.56181E+00 5.13925E+00 5.59355E+00 5.56479E+00 5.56305E+00 5.56906E+00 5.58115E+00 5.59354E+00 5.13925E+00 4.56181E+00 1.43618E+02 
1.95564E-02 7.25683E-02 5.45611E-01 4.61875E-01 4.60346E-01 4.61600E-01 4.68366E-01 5.45611E-01 7.25683E-02 1.95564E-02 -3.95868E+00 
1.95564E-02 7.25683E-02 5.51371E-01 4.70699E-01 4.69152E-01 4.70528E-01 4.77477E-01 5.51372E-01 7.25683E-02 1.95564E-02 -3.47852E+00 
1.95564E-02 8.05133E-03 5.62842E-01 4.85206E-01 4.83642E-01 4.85146E-01 4.92282E-01 5.62842E-01 8.05133E-03 1.95564E-02 -2.87044E+00 
1.95564E-02 3.14815E-02 5.80507E-01 5.05886E-01 5.04304E-01 5.05943E-01 5.13270E-01 5.80507E-01 3.14815E-02 1.95564E-02 -2.12553E+00 
1.95564E-02 6.21744E-02 6.05388E-01 5.33797E-01 5.32197E-01 5.33976E-01 5.41500E-01 6.05388E-01 6.21744E-02 1.95564E-02 -1.20066E+00 
1.95564E-02 1.00919E-01 6.38280E-01 5.69729E-01 5.68113E-01 5.70039E-01 5.77766E-01 6.38280E-01 1.00919E-01 1.95564E-02 -6.51057E-02 
1.95564E-02 1.48573E-01 6.80048E-01 6.14545E-01 6.12911E-01 6.14992E-01 6.22929E-01 6.80048E-01 1.48573E-01 1.95564E-02 1.31472E+00 
1.95564E-02 1.92147E-01 7.19047E-01 6.55905E-01 6.54257E-01 6.56463E-01 6.64566E-01 7.19047E-01 1.92147E-01 1.95564E-02 2.57286E+00 
1.95564E-02 2.06066E-01 7.31626E-01 6.69174E-01 6.67523E-01 6.69766E-01 6.77919E-01 7.31626E-01 2.06066E-01 1.95564E-02 2.97499E+00 
1.95564E-02 2.80240E-01 7.99398E-01 7.40235E-01 7.38566E-01 7.40993E-01 7.49386E-01 7.99397E-01 2.80240E-01 1.95564E-02 5.12383E+00 
1.95564E-02 3.68395E-01 8.81131E-01 8.25255E-01 8.23567E-01 8.26187E-01 8.34827E-01 8.81131E-01 3.68395E-01 1.95564E-02 7.69489E+00 
1.95564E-02 4.72023E-01 9.78324E-01 9.25726E-01 9.24021E-01 9.26843E-01 9.35739E-01 9.78324E-01 4.72023E-01 1.95564E-02 1.07420E+01 
1.95564E-02 5.92736E-01 1.09260E+00 1.04326E+00 1.04154E+00 1.04458E+00 1.05373E+00 1.09260E+00 5.92736E-01 1.95564E-02 1.43207E+01 
1.14701E-01 7.26138E-01 1.21962E+00 1.17350E+00 1.17176E+00 1.17502E+00 1.18445E+00 1.21962E+00 7.26138E-01 1.14701E-01 1.83361E+01 
2.72984E-01 8.79858E-01 1.36693E+00 1.32403E+00 1.32228E+00 1.32577E+00 1.33548E+00 1.36693E+00 8.79858E-01 2.72984E-01 2.29330E+01 
4.55170E-01 1.05741E+00 1.53804E+00 1.49836E+00 1.49659E+00 1.50033E+00 1.51033E+00 1.53804E+00 1.05741E+00 4.55170E-01 2.82003E+01 
6.63559E-01 1.26110E+00 1.73526E+00 1.69879E+00 1.69701E+00 1.70101E+00 1.71131E+00 1.73526E+00 1.26110E+00 6.63559E-01 3.41992E+01 
9.00576E-01 1.49335E+00 1.96102E+00 1.92776E+00 1.92596E+00 1.93024E+00 1.94085E+00 1.96102E+00 1.49335E+00 9.00576E-01 4.09898E+01 
1.16876E+00 1.75671E+00 2.21789E+00 2.18781E+00 2.18600E+00 2.19058E+00 2.20150E+00 2.21788E+00 1.75671E+00 1.16876E+00 4.86302E+01 
1.47075E+00 2.05381E+00 2.50849E+00 2.48159E+00 2.47977E+00 2.48465E+00 2.49591E+00 2.50849E+00 2.05381E+00 1.47075E+00 5.71753E+01 
1.80926E+00 2.38739E+00 2.83557E+00 2.81182E+00 2.80999E+00 2.81519E+00 2.82679E+00 2.83557E+00 2.38739E+00 1.80926E+00 6.66756E+01 
2.18706E+00 2.76020E+00 3.20190E+00 3.18128E+00 3.17944E+00 3.18497E+00 3.19692E+00 3.20190E+00 2.76020E+00 2.18706E+00 7.71761E+01 
2.60695E+00 3.17507E+00 3.61029E+00 3.59278E+00 3.59093E+00 3.59681E+00 3.60913E+00 3.61029E+00 3.17507E+00 2.60695E+00 8.87156E+01 
3.07174E+00 3.63479E+00 4.06356E+00 4.04911E+00 4.04726E+00 4.05351E+00 4.06620E+00 4.06356E+00 3.63479E+00 3.07174E+00 1.01325E+02 
3.58418E+00 4.14212E+00 4.56447E+00 4.55306E+00 4.55120E+00 4.55784E+00 4.57091E+00 4.56447E+00 4.14212E+00 3.58418E+00 1.15027E+02 
4.14696E+00 4.69976E+00 5.11572E+00 5.10730E+00 5.10544E+00 5.11249E+00 5.12596E+00 5.11571E+00 4.69976E+00 4.14696E+00 1.29836E+02 
1.84335E-02 7.32988E-02 4.96018E-01 4.39745E-01 4.38034E-01 4.39569E-01 4.47221E-01 4.96018E-01 7.32988E-02 1.84335E-02 -3.53209E+00 
1.84335E-02 7.32988E-02 5.03518E-01 4.49928E-01 4.48200E-01 4.49880E-01 4.57734E-01 5.03518E-01 7.32988E-02 1.84335E-02 -3.04302E+00 
1.84335E-02 8.39472E-03 5.16372E-01 4.65443E-01 4.63697E-01 4.65529E-01 4.73588E-01 5.16372E-01 8.39472E-03 1.84335E-02 -2.43249E+00 
1.84335E-02 3.23149E-02 5.35014E-01 4.86724E-01 4.84962E-01 4.86951E-01 4.95220E-01 5.35014E-01 3.23149E-02 1.84335E-02 -1.69337E+00 
1.84335E-02 6.30082E-02 5.60386E-01 5.14748E-01 5.12969E-01 5.15124E-01 5.23610E-01 5.60386E-01 6.30082E-02 1.84335E-02 -7.83723E-01 
1.84335E-02 1.01180E-01 5.93199E-01 5.50222E-01 5.48427E-01 5.50755E-01 5.59465E-01 5.93199E-01 1.01180E-01 1.84335E-02 3.24096E-01 
1.84335E-02 1.47594E-01 6.34224E-01 5.93914E-01 5.92102E-01 5.94612E-01 6.03552E-01 6.34224E-01 1.47594E-01 1.84335E-02 1.66004E+00 
1.84335E-02 1.89686E-01 6.72128E-01 6.33882E-01 6.32057E-01 6.34714E-01 6.43837E-01 6.72127E-01 1.89686E-01 1.84335E-02 2.87049E+00 
1.84335E-02 2.03077E-01 6.84292E-01 6.46649E-01 6.44822E-01 6.47522E-01 6.56699E-01 6.84291E-01 2.03077E-01 1.84335E-02 3.25608E+00 
1.84335E-02 2.74087E-01 7.49439E-01 7.14673E-01 7.12828E-01 7.15744E-01 7.25185E-01 7.49439E-01 2.74087E-01 1.84335E-02 5.30735E+00 
1.84335E-02 3.57883E-01 8.27356E-01 7.95462E-01 7.93601E-01 7.96742E-01 8.06455E-01 8.27356E-01 3.57883E-01 1.84335E-02 7.74485E+00 
1.84335E-02 4.55777E-01 9.19358E-01 8.90328E-01 8.88451E-01 8.91829E-01 9.01821E-01 9.19357E-01 4.55777E-01 1.84335E-02 1.06148E+01 
1.84335E-02 5.69174E-01 1.02686E+00 1.00068E+00 9.98788E-01 1.00241E+00 1.01269E+00 1.02686E+00 5.69174E-01 1.84335E-02 1.39644E+01 
1.07883E-01 6.94337E-01 1.14618E+00 1.12281E+00 1.12090E+00 1.12479E+00 1.13537E+00 1.14618E+00 6.94337E-01 1.07883E-01 1.76919E+01 
2.55961E-01 8.37855E-01 1.28383E+00 1.26327E+00 1.26135E+00 1.26551E+00 1.27639E+00 1.28383E+00 8.37855E-01 2.55961E-01 2.19343E+01 
4.25475E-01 1.00274E+00 1.44282E+00 1.42506E+00 1.42313E+00 1.42758E+00 1.43878E+00 1.44282E+00 1.00274E+00 4.25475E-01 2.67699E+01 
6.18385E-01 1.19096E+00 1.62511E+00 1.61015E+00 1.60821E+00 1.61297E+00 1.62449E+00 1.62511E+00 1.19096E+00 6.18385E-01 3.22485E+01 
8.36741E-01 1.40456E+00 1.83277E+00 1.82060E+00 1.81865E+00 1.82373E+00 1.83559E+00 1.83277E+00 1.40456E+00 8.36741E-01 3.84184E+01 
1.08267E+00 1.64568E+00 2.06794E+00 2.05855E+00 2.05659E+00 2.06200E+00 2.07422E+00 2.06794E+00 1.64568E+00 1.08267E+00 4.53252E+01 
1.35838E+00 1.91651E+00 2.33283E+00 2.32620E+00 2.32423E+00 2.33000E+00 2.34257E+00 2.33282E+00 1.91651E+00 1.35838E+00 5.30110E+01 
1.66609E+00 2.21931E+00 2.62967E+00 2.62579E+00 2.62381E+00 2.62995E+00 2.64289E+00 2.62967E+00 2.21931E+00 1.66609E+00 6.15134E+01 
2.00807E+00 2.55633E+00 2.96076E+00 2.95959E+00 2.95761E+00 2.96413E+00 2.97746E+00 2.96075E+00 2.55633E+00 2.00807E+00 7.08647E+01 
2.38659E+00 2.92985E+00 3.32835E+00 3.32988E+00 3.32789E+00 3.33482E+00 3.34855E+00 3.32835E+00 2.92985E+00 2.38659E+00 8.10909E+01 
2.80388E+00 3.34210E+00 3.73469E+00 3.73888E+00 3.73690E+00 3.74425E+00 3.75838E+00 3.73469E+00 3.34210E+00 2.80388E+00 9.22109E+01 
3.26212E+00 3.79526E+00 4.18197E+00 4.18879E+00 4.18681E+00 4.19461E+00 4.20916E+00 4.18197E+00 3.79526E+00 3.26212E+00 1.04236E+02 
3.76338E+00 4.29141E+00 4.67227E+00 4.68168E+00 4.67971E+00 4.68797E+00 4.70295E+00 4.67226E+00 4.29141E+00 3.76338E+00 1.17170E+02 
1.73402E-02 7.35748E-02 4.50773E-01 4.18744E-01 4.16835E-01 4.18717E-01 4.27360E-01 4.50774E-01 7.35748E-02 1.73402E-02 -3.13659E+00 
1.73402E-02 7.35748E-02 4.59779E-01 4.30091E-01 4.28165E-01 4.30219E-01 4.39083E-01 4.59779E-01 7.35748E-02 1.73402E-02 -2.64075E+00 
1.73402E-02 8.65936E-03 4.73789E-01 4.46422E-01 4.44480E-01 4.46712E-01 4.55802E-01 4.73789E-01 8.65936E-03 1.73402E-02 -2.02996E+00 
1.73402E-02 3.28950E-02 4.93192E-01 4.68127E-01 4.66170E-01 4.68587E-01 4.77908E-01 4.93191E-01 3.28950E-02 1.73402E-02 -1.29877E+00 
1.73402E-02 6.34300E-02 5.18854E-01 4.96102E-01 4.94129E-01 4.96741E-01 5.06300E-01 5.18854E-01 6.34300E-02 1.73402E-02 -4.06499E-01 
1.73402E-02 1.00892E-01 5.51410E-01 5.30977E-01 5.28989E-01 5.31805E-01 5.41609E-01 5.51410E-01 1.00892E-01 1.73402E-02 6.71543E-01 
1.73402E-02 1.45961E-01 5.91544E-01 5.73433E-01 5.71431E-01 5.74460E-01 5.84516E-01 5.91543E-01 1.45961E-01 1.73402E-02 1.96191E+00 
1.73402E-02 1.86513E-01 6.28262E-01 6.11949E-01 6.09936E-01 6.13137E-01 6.23393E-01 6.28261E-01 1.86513E-01 1.73402E-02 3.12379E+00 
1.73402E-02 1.99365E-01 6.39990E-01 6.24203E-01 6.22187E-01 6.25439E-01 6.35755E-01 6.39989E-01 1.99365E-01 1.73402E-02 3.49265E+00 
1.73402E-02 2.67191E-01 7.02448E-01 6.89166E-01 6.87135E-01 6.90639E-01 7.01243E-01 7.02448E-01 2.67191E-01 1.73402E-02 5.44637E+00 
1.73402E-02 3.46682E-01 7.76556E-01 7.65772E-01 7.63728E-01 7.67495E-01 7.78396E-01 7.76555E-01 3.46682E-01 1.73402E-02 7.75205E+00 
1.73402E-02 4.38981E-01 8.63460E-01 8.55167E-01 8.53110E-01 8.57154E-01 8.68361E-01 8.63459E-01 4.38981E-01 1.73402E-02 1.04491E+01 
1.73402E-02 5.45310E-01 9.64389E-01 9.58576E-01 9.56507E-01 9.60841E-01 9.72363E-01 9.64388E-01 5.45310E-01 1.73402E-02 1.35771E+01 
1.01271E-01 6.62511E-01 1.07624E+00 1.07287E+00 1.07079E+00 1.07542E+00 1.08727E+00 1.07624E+00 6.62511E-01 1.01271E-01 1.70296E+01 
2.39537E-01 7.96240E-01 1.20460E+00 1.20366E+00 1.20157E+00 1.20653E+00 1.21871E+00 1.20460E+00 7.96240E-01 2.39537E-01 2.09357E+01 
3.96969E-01 9.49068E-01 1.35202E+00 1.35352E+00 1.35143E+00 1.35672E+00 1.36924E+00 1.35202E+00 9.49068E-01 3.96969E-01 2.53644E+01 
5.75221E-01 1.12265E+00 1.52019E+00 1.52412E+00 1.52201E+00 1.52765E+00 1.54053E+00 1.52018E+00 1.12265E+00 5.75221E-01 3.03556E+01 
7.76014E-01 1.31872E+00 1.71082E+00 1.71716E+00 1.71505E+00 1.72107E+00 1.73432E+00 1.71081E+00 1.31872E+00 7.76014E-01 3.59472E+01 
1.00112E+00 1.53905E+00 1.92570E+00 1.93445E+00 1.93234E+00 1.93874E+00 1.95237E+00 1.92569E+00 1.53905E+00 1.00112E+00 4.21744E+01 
1.25235E+00 1.78544E+00 2.16664E+00 2.17779E+00 2.17567E+00 2.18248E+00 2.19650E+00 2.16664E+00 1.78544E+00 1.25235E+00 4.90684E+01 
1.53152E+00 2.05974E+00 2.43549E+00 2.44901E+00 2.44689E+00 2.45413E+00 2.46855E+00 2.43549E+00 2.05974E+00 1.53152E+00 5.66563E+01 
1.84047E+00 2.36377E+00 2.73408E+00 2.74995E+00 2.74783E+00 2.75551E+00 2.77036E+00 2.73407E+00 2.36377E+00 1.84047E+00 6.49597E+01 
2.18100E+00 2.69934E+00 3.06422E+00 3.08242E+00 3.08031E+00 3.08845E+00 3.10372E+00 3.06422E+00 2.69934E+00 2.18100E+00 7.39946E+01 
2.55486E+00 3.06820E+00 3.42768E+00 3.44817E+00 3.44607E+00 3.45470E+00 3.47041E+00 3.42767E+00 3.06820E+00 2.55486E+00 8.37702E+01 
2.96373E+00 3.47205E+00 3.82613E+00 3.84890E+00 3.84680E+00 3.85594E+00 3.87211E+00 3.82613E+00 3.47205E+00 2.96373E+00 9.42892E+01 
3.40919E+00 3.91245E+00 4.26118E+00 4.28617E+00 4.28409E+00 4.29376E+00 4.31040E+00 4.26117E+00 3.91245E+00 3.40919E+00 1.05547E+02 
1.62786E-02 7.34419E-02 4.09511E-01 3.98821E-01 3.96698E-01 3.99006E-01 4.08754E-01 4.09512E-01 7.34419E-02 1.62786E-02 -2.76926E+00 
1.62786E-02 7.34419E-02 4.19805E-01 4.11150E-01 4.09011E-01 4.11522E-01 4.21513E-01 4.19805E-01 7.34419E-02 1.62786E-02 -2.26865E+00 
1.62786E-02 8.85202E-03 4.34764E-01 4.28123E-01 4.25971E-01 4.28691E-01 4.38929E-01 4.34764E-01 8.85202E-03 1.62786E-02 -1.65964E+00 
1.62786E-02 3.32449E-02 4.54731E-01 4.50089E-01 4.47923E-01 4.50861E-01 4.61352E-01 4.54731E-01 3.32449E-02 1.62786E-02 -9.38333E-01 
1.62786E-02 6.34800E-02 4.80504E-01 4.77869E-01 4.75690E-01 4.78857E-01 4.89607E-01 4.80504E-01 6.34800E-02 1.62786E-02 -6.54136E-02 
1.62786E-02 1.00114E-01 5.12646E-01 5.12022E-01 5.09831E-01 5.13236E-01 5.24254E-01 5.12645E-01 1.00114E-01 1.62786E-02 9.81052E-01 
1.62786E-02 1.43748E-01 5.51761E-01 5.53151E-01 5.50948E-01 5.54603E-01 5.65896E-01 5.51760E-01 1.43748E-01 1.62786E-02 2.22442E+00 
1.62786E-02 1.82718E-01 5.87220E-01 5.90169E-01 5.87957E-01 5.91813E-01 6.03325E-01 5.87219E-01 1.82718E-01 1.62786E-02 3.33707E+00 
1.62786E-02 1.95023E-01 5.98495E-01 6.01900E-01 5.99686E-01 6.03601E-01 6.15178E-01 5.98495E-01 1.95023E-01 1.62786E-02 3.68912E+00 
1.62786E-02 2.59665E-01 6.58222E-01 6.63796E-01 6.61571E-01 6.65780E-01 6.77672E-01 6.58221E-01 2.59665E-01 1.62786E-02 5.54562E+00 
1.62786E-02 3.34917E-01 7.28545E-01 7.36283E-01 7.34047E-01 7.38565E-01 7.50780E-01 7.28544E-01 3.34917E-01 1.62786E-02 7.72161E+00 
1.62786E-02 4.21774E-01 8.10461E-01 8.20355E-01 8.18111E-01 8.22950E-01 8.35500E-01 8.10460E-01 4.21774E-01 1.62786E-02 1.02502E+01 
1.62786E-02 5.21290E-01 9.05032E-01 9.17071E-01 9.14819E-01 9.19995E-01 9.32888E-01 9.05031E-01 5.21290E-01 1.62786E-02 1.31645E+01 
9.48741E-02 6.30812E-01 1.00966E+00 1.02380E+00 1.02155E+00 1.02707E+00 1.04032E+00 1.00965E+00 6.30812E-01 9.48741E-02 1.63546E+01 
2.23730E-01 7.55171E-01 1.12909E+00 1.14535E+00 1.14309E+00 1.14898E+00 1.16259E+00 1.12909E+00 7.55171E-01 2.23730E-01 1.99425E+01 
3.69662E-01 8.96541E-01 1.26552E+00 1.28388E+00 1.28161E+00 1.28790E+00 1.30188E+00 1.26552E+00 8.96541E-01 3.69662E-01 2.39883E+01 
5.34059E-01 1.05632E+00 1.42033E+00 1.44078E+00 1.43851E+00 1.44521E+00 1.45957E+00 1.42033E+00 1.05632E+00 5.34059E-01 2.85236E+01 
7.18350E-01 1.23593E+00 1.59496E+00 1.61750E+00 1.61523E+00 1.62235E+00 1.63712E+00 1.59496E+00 1.23593E+00 7.18350E-01 3.35775E+01 
9.23995E-01 1.43684E+00 1.79089E+00 1.81550E+00 1.81324E+00 1.82080E+00 1.83599E+00 1.79088E+00 1.43684E+00 9.23995E-01 3.91763E+01 
1.15247E+00 1.66054E+00 2.00959E+00 2.03626E+00 2.03400E+00 2.04204E+00 2.05764E+00 2.00959E+00 1.66054E+00 1.15247E+00 4.53423E+01 
1.40524E+00 1.90849E+00 2.25255E+00 2.28126E+00 2.27901E+00 2.28753E+00 2.30358E+00 2.25255E+00 1.90849E+00 1.40524E+00 5.20937E+01 
1.68376E+00 2.18215E+00 2.52123E+00 2.55196E+00 2.54972E+00 2.55876E+00 2.57526E+00 2.52123E+00 2.18215E+00 1.68376E+00 5.94437E+01 
1.98946E+00 2.48295E+00 2.81706E+00 2.84978E+00 2.84755E+00 2.85712E+00 2.87409E+00 2.81705E+00 2.48295E+00 1.98946E+00 6.74001E+01 
2.32367E+00 2.81222E+00 3.14138E+00 3.17608E+00 3.17386E+00 3.18399E+00 3.20143E+00 3.14138E+00 2.81222E+00 2.32367E+00 7.59649E+01 
2.68766E+00 3.17126E+00 3.49548E+00 3.53212E+00 3.52992E+00 3.54063E+00 3.55857E+00 3.49548E+00 3.17126E+00 2.68766E+00 8.51343E+01 
3.08260E+00 3.56120E+00 3.88052E+00 3.91907E+00 3.91690E+00 3.92821E+00 3.94665E+00 3.88051E+00 3.56120E+00 3.08260E+00 9.48977E+01 
1.52505E-02 7.29416E-02 3.71895E-01 3.79927E-01 3.77573E-01 3.80404E-01 3.91380E-01 3.71895E-01 7.29416E-02 1.52505E-02 -2.42743E+00 
1.52505E-02 7.29416E-02 3.83278E-01 3.93067E-01 3.90702E-01 3.93770E-01 4.05012E-01 3.83278E-01 7.29416E-02 1.52505E-02 -1.92391E+00 
1.52505E-02 8.97891E-03 3.98993E-01 4.10524E-01 4.08147E-01 4.11461E-01 4.22973E-01 3.98993E-01 8.97891E-03 1.52505E-02 -1.31859E+00 
1.52505E-02 3.33858E-02 4.19347E-01 4.32604E-01 4.30217E-01 4.33787E-01 4.45573E-01 4.19347E-01 3.33858E-02 1.52505E-02 -6.08990E-01 
1.52505E-02 6.31951E-02 4.45071E-01 4.60059E-01 4.57663E-01 4.61500E-01 4.73570E-01 4.45070E-01 6.31951E-02 1.52505E-02 2.42800E-01 
1.52505E-02 9.88982E-02 4.76660E-01 4.93384E-01 4.90979E-01 4.95095E-01 5.07456E-01 4.76659E-01 9.88982E-02 1.52505E-02 1.25610E+00 
1.52505E-02 1.41024E-01 5.14647E-01 5.33108E-01 5.30695E-01 5.35103E-01 5.47765E-01 5.14646E-01 1.41024E-01 1.52505E-02 2.45129E+00 
1.52505E-02 1.78382E-01 5.48789E-01 5.68594E-01 5.66175E-01 5.70818E-01 5.83717E-01 5.48788E-01 1.78382E-01 1.52505E-02 3.51426E+00 
1.52505E-02 1.90134E-01 5.59599E-01 5.79797E-01 5.77377E-01 5.82089E-01 5.95059E-01 5.59599E-01 1.90134E-01 1.52505E-02 3.84948E+00 
1.52505E-02 2.51606E-01 6.16569E-01 6.38636E-01 6.36210E-01 6.41265E-01 6.54577E-01 6.16568E-01 2.51606E-01 1.52505E-02 5.60942E+00 
1.52505E-02 3.22700E-01 6.83149E-01 7.07079E-01 7.04648E-01 7.10061E-01 7.23726E-01 6.83148E-01 3.22700E-01 1.52505E-02 7.65810E+00 
1.52505E-02 4.04276E-01 7.60201E-01 7.85985E-01 7.83551E-01 7.89338E-01 8.03365E-01 7.60199E-01 4.04276E-01 1.52505E-02 1.00231E+01 
1.52505E-02 4.97237E-01 8.48633E-01 8.76263E-01 8.73827E-01 8.80005E-01 8.94405E-01 8.48632E-01 4.97237E-01 1.52505E-02 1.27315E+01 
8.87009E-02 5.99373E-01 9.46282E-01 9.75725E-01 9.73288E-01 9.79874E-01 9.94655E-01 9.46280E-01 5.99373E-01 8.87009E-02 1.56719E+01 
2.08549E-01 7.14778E-01 1.05718E+00 1.08843E+00 1.08600E+00 1.09301E+00 1.10818E+00 1.05718E+00 7.14778E-01 2.08549E-01 1.89589E+01 
3.43557E-01 8.45281E-01 1.18316E+00 1.21621E+00 1.21378E+00 1.22124E+00 1.23682E+00 1.18315E+00 8.45281E-01 3.43557E-01 2.26451E+01 
4.94878E-01 9.92041E-01 1.32537E+00 1.36022E+00 1.35779E+00 1.36572E+00 1.38172E+00 1.32536E+00 9.92041E-01 4.94878E-01 2.67548E+01 
6.63689E-01 1.15624E+00 1.48500E+00 1.52164E+00 1.51922E+00 1.52764E+00 1.54408E+00 1.48500E+00 1.15624E+00 6.63689E-01 3.13097E+01 
8.51178E-01 1.33906E+00 1.66325E+00 1.70167E+00 1.69926E+00 1.70820E+00 1.72508E+00 1.66325E+00 1.33906E+00 8.51178E-01 3.63286E+01 
1.05853E+00 1.54170E+00 1.86132E+00 1.90149E+00 1.89910E+00 1.90858E+00 1.92592E+00 1.86132E+00 1.54170E+00 1.05853E+00 4.18264E+01 
1.28691E+00 1.76533E+00 2.08039E+00 2.12230E+00 2.11992E+00 2.12996E+00 2.14778E+00 2.08038E+00 1.76533E+00 1.28691E+00 4.78143E+01 
1.53746E+00 2.01109E+00 2.32158E+00 2.36522E+00 2.36286E+00 2.37348E+00 2.39179E+00 2.32158E+00 2.01109E+00 1.53746E+00 5.42986E+01 
1.81127E+00 2.28007E+00 2.58601E+00 2.63135E+00 2.62902E+00 2.64025E+00 2.65906E+00 2.58601E+00 2.28007E+00 1.81127E+00 6.12810E+01 
2.10934E+00 2.57329E+00 2.87469E+00 2.92170E+00 2.91940E+00 2.93126E+00 2.95059E+00 2.87469E+00 2.57329E+00 2.10934E+00 6.87580E+01 
2.43261E+00 2.89167E+00 3.18856E+00 3.23722E+00 3.23494E+00 3.24747E+00 3.26733E+00 3.18855E+00 2.89167E+00 2.43261E+00 7.67208E+01 
2.78189E+00 3.23604E+00 3.52843E+00 3.57872E+00 3.57647E+00 3.58969E+00 3.61010E+00 3.52842E+00 3.23604E+00 2.78189E+00 8.51552E+01 
1.42575E-02 7.21119E-02 3.37620E-01 3.62017E-01 3.59420E-01 3.62888E-01 3.75225E-01 3.37620E-01 7.21119E-02 1.42575E-02 -2.10868E+00 
1.42575E-02 7.21119E-02 3.49906E-01 3.75813E-01 3.73208E-01 3.76956E-01 3.89581E-01 3.49906E-01 7.21119E-02 1.42575E-02 -1.60404E+00 
1.42575E-02 9.04573E-03 3.66204E-01 3.93606E-01 3.90994E-01 3.95030E-01 4.07948E-01 3.66204E-01 9.04573E-03 1.42575E-02 -1.00419E+00 
1.42575E-02 3.33373E-02 3.86784E-01 4.15667E-01 4.13049E-01 4.17385E-01 4.30601E-01 3.86783E-01 3.33373E-02 1.42575E-02 -3.07978E-01 
1.42575E-02 6.26091E-02 4.12313E-01 4.42683E-01 4.40060E-01 4.44708E-01 4.58232E-01 4.12313E-01 6.26091E-02 1.42575E-02 5.21065E-01 
1.42575E-02 9.72931E-02 4.43229E-01 4.75087E-01 4.72460E-01 4.77434E-01 4.91275E-01 4.43229E-01 9.72931E-02 1.42575E-02 1.49981E+00 
1.42575E-02 1.37852E-01 4.79998E-01 5.13344E-01 5.10715E-01 5.16029E-01 5.30196E-01 4.79997E-01 1.37852E-01 1.42575E-02 2.64588E+00 
1.42575E-02 1.73576E-01 5.12777E-01 5.47274E-01 5.44644E-01 5.50231E-01 5.64656E-01 5.12776E-01 1.73576E-01 1.42575E-02 3.65892E+00 
1.42575E-02 1.84776E-01 5.23114E-01 5.57947E-01 5.55317E-01 5.60985E-01 5.75487E-01 5.23113E-01 1.84776E-01 1.42575E-02 3.97731E+00 
1.42575E-02 2.43104E-01 5.77319E-01 6.13752E-01 6.11122E-01 6.17189E-01 6.32062E-01 5.77318E-01 2.43104E-01 1.42575E-02 5.64164E+00 
1.42575E-02 3.10132E-01 6.40212E-01 6.78238E-01 6.75610E-01 6.82093E-01 6.97348E-01 6.40210E-01 3.10132E-01 1.42575E-02 7.56569E+00 
1.42575E-02 3.86595E-01 7.12531E-01 7.52144E-01 7.49519E-01 7.56436E-01 7.72084E-01 7.12529E-01 3.86595E-01 1.42575E-02 9.77208E+00 
1.42575E-02 4.73265E-01 7.95053E-01 8.36241E-01 8.33622E-01 8.40992E-01 8.57043E-01 7.95051E-01 4.73265E-01 1.42575E-02 1.22826E+01 
8.27579E-02 5.68309E-01 8.85987E-01 9.28722E-01 9.26112E-01 9.33952E-01 9.50416E-01 8.85985E-01 5.68309E-01 8.27579E-02 1.49857E+01 
1.94001E-01 6.75177E-01 9.88729E-01 1.03300E+00 1.03040E+00 1.03874E+00 1.05563E+00 9.88726E-01 6.75177E-01 1.94001E-01 1.79889E+01 
3.18652E-01 7.95392E-01 1.10480E+00 1.15061E+00 1.14802E+00 1.15687E+00 1.17420E+00 1.10479E+00 7.95392E-01 3.18652E-01 2.13381E+01 
4.57656E-01 9.29906E-01 1.23514E+00 1.28248E+00 1.27991E+00 1.28930E+00 1.30709E+00 1.23514E+00 9.29906E-01 4.57656E-01 2.50512E+01 
6.11970E-01 1.07968E+00 1.38074E+00 1.42960E+00 1.42704E+00 1.43700E+00 1.45525E+00 1.38073E+00 1.07968E+00 6.11970E-01 2.91439E+01 
7.82549E-01 1.24567E+00 1.54254E+00 1.59291E+00 1.59038E+00 1.60092E+00 1.61966E+00 1.54254E+00 1.24567E+00 7.82549E-01 3.36286E+01 
9.70329E-01 1.42882E+00 1.72150E+00 1.77336E+00 1.77085E+00 1.78201E+00 1.80125E+00 1.72150E+00 1.42882E+00 9.70329E-01 3.85146E+01 
1.17622E+00 1.63004E+00 1.91854E+00 1.97187E+00 1.96939E+00 1.98119E+00 2.00094E+00 1.91853E+00 1.63004E+00 1.17622E+00 4.38071E+01 
1.40110E+00 1.85021E+00 2.13453E+00 2.18931E+00 2.18687E+00 2.19934E+00 2.21961E+00 2.13452E+00 1.85021E+00 1.40110E+00 4.95073E+01 
1.64576E+00 2.09013E+00 2.37029E+00 2.42651E+00 2.42410E+00 2.43726E+00 2.45808E+00 2.37028E+00 2.09013E+00 1.64576E+00 5.56123E+01 
1.91096E+00 2.35056E+00 2.62656E+00 2.68419E+00 2.68182E+00 2.69571E+00 2.71709E+00 2.62655E+00 2.35056E+00 1.91096E+00 6.21144E+01 
2.19733E+00 2.63214E+00 2.90400E+00 2.96302E+00 2.96069E+00 2.97533E+00 2.99728E+00 2.90399E+00 2.63214E+00 2.19733E+00 6.90015E+01 
2.50542E+00 2.93542E+00 3.20315E+00 3.26354E+00 3.26126E+00 3.27668E+00 3.29922E+00 3.20314E+00 2.93542E+00 2.50542E+00 7.62572E+01 
1.33006E-02 7.09875E-02 3.06405E-01 3.45050E-01 3.42198E-01 3.46446E-01 3.60281E-01 3.06405E-01 7.09875E-02 1.33006E-02 -1.81081E+00 
1.33006E-02 7.09875E-02 3.19424E-01 3.59357E-01 3.56503E-01 3.61077E-01 3.75224E-01 3.19424E-01 7.09875E-02 1.33006E-02 -1.30673E+00 
1.33006E-02 9.05773E-03 3.36143E-01 3.77352E-01 3.74496E-01 3.79408E-01 3.93873E-01 3.36143E-01 9.05773E-03 1.33006E-02 -7.14047E-01 
1.33006E-02 3.31172E-02 3.56803E-01 3.99274E-01 3.96418E-01 4.01680E-01 4.16468E-01 3.56802E-01 3.31172E-02 1.33006E-02 -3.27782E-02 
1.33006E-02 6.17530E-02 3.82011E-01 4.25747E-01 4.22893E-01 4.28519E-01 4.43641E-01 3.82010E-01 6.17530E-02 1.33006E-02 7.72044E-01 
1.33006E-02 9.53426E-02 4.12149E-01 4.57152E-01 4.54301E-01 4.60307E-01 4.75772E-01 4.12148E-01 9.53426E-02 1.33006E-02 1.71502E+00 
1.33006E-02 1.34289E-01 4.47624E-01 4.93893E-01 4.91047E-01 4.97448E-01 5.13265E-01 4.47622E-01 1.34289E-01 1.33006E-02 2.81123E+00 
1.33006E-02 1.68369E-01 4.79005E-01 5.26253E-01 5.23411E-01 5.30130E-01 5.46226E-01 4.79004E-01 1.68369E-01 1.33006E-02 3.77423E+00 
1.33006E-02 1.79017E-01 4.88863E-01 5.36397E-01 5.33557E-01 5.40369E-01 5.56549E-01 4.88862E-01 1.79017E-01 1.33006E-02 4.07589E+00 
1.33006E-02 2.34240E-01 5.40310E-01 5.89202E-01 5.86371E-01 5.93646E-01 6.10227E-01 5.40308E-01 2.34240E-01 1.33006E-02 5.64579E+00 
1.33006E-02 2.97301E-01 5.99583E-01 6.49828E-01 6.47007E-01 6.54765E-01 6.71758E-01 5.99581E-01 2.97301E-01 1.33006E-02 7.44809E+00 
1.33006E-02 3.68827E-01 6.67313E-01 7.18902E-01 7.16094E-01 7.24354E-01 7.41772E-01 6.67310E-01 3.68827E-01 1.33006E-02 9.50105E+00 
1.33006E-02 4.49467E-01 7.44153E-01 7.97078E-01 7.94286E-01 8.03068E-01 8.20922E-01 7.44151E-01 4.49467E-01 1.33006E-02 1.18218E+01 
7.70492E-02 5.37718E-01 8.28640E-01 8.82873E-01 8.80099E-01 8.89425E-01 9.07724E-01 8.28637E-01 5.37718E-01 7.70492E-02 1.42998E+01 
1.80090E-01 6.36462E-01 9.23603E-01 9.79138E-01 9.76386E-01 9.86278E-01 1.00504E+00 9.23600E-01 6.36462E-01 1.80090E-01 1.70359E+01 
2.94937E-01 7.46954E-01 1.03029E+00 1.08713E+00 1.08440E+00 1.09488E+00 1.11412E+00 1.03029E+00 7.46954E-01 2.94937E-01 2.00696E+01 
4.22358E-01 8.69967E-01 1.14949E+00 1.20761E+00 1.20491E+00 1.21602E+00 1.23574E+00 1.14949E+00 8.69967E-01 4.22358E-01 2.34140E+01 
5.63119E-01 1.00627E+00 1.28197E+00 1.34137E+00 1.33870E+00 1.35045E+00 1.37068E+00 1.28196E+00 1.00627E+00 5.63119E-01 2.70793E+01 
7.17973E-01 1.15662E+00 1.42849E+00 1.48915E+00 1.48651E+00 1.49894E+00 1.51969E+00 1.42848E+00 1.15662E+00 7.17973E-01 3.10733E+01 
8.87646E-01 1.32175E+00 1.58978E+00 1.65170E+00 1.64910E+00 1.66223E+00 1.68352E+00 1.58977E+00 1.32175E+00 8.87646E-01 3.54001E+01 
1.07283E+00 1.50236E+00 1.76655E+00 1.82970E+00 1.82715E+00 1.84101E+00 1.86285E+00 1.76655E+00 1.50236E+00 1.07283E+00 4.00608E+01 
1.27418E+00 1.69909E+00 1.95946E+00 2.02383E+00 2.02132E+00 2.03594E+00 2.05835E+00 1.95945E+00 1.69909E+00 1.27418E+00 4.50526E+01 
1.49227E+00 1.91254E+00 2.16908E+00 2.23465E+00 2.23219E+00 2.24760E+00 2.27060E+00 2.16908E+00 1.91254E+00 1.49227E+00 5.03690E+01 
1.72761E+00 2.14321E+00 2.39595E+00 2.46269E+00 2.46029E+00 2.47652E+00 2.50011E+00 2.39594E+00 2.14321E+00 1.72761E+00 5.59997E+01 
1.98062E+00 2.39153E+00 2.64048E+00 2.70837E+00 2.70603E+00 2.72311E+00 2.74732E+00 2.64047E+00 2.39153E+00 1.98062E+00 6.19306E+01 
2.25163E+00 2.65783E+00 2.90300E+00 2.97203E+00 2.96975E+00 2.98771E+00 3.01256E+00 2.90299E+00 2.65783E+00 2.25163E+00 6.81439E+01 
1.23806E-02 6.96003E-02 2.77993E-01 3.28988E-01 3.25875E-01 3.31072E-01 3.46550E-01 2.77993E-01 6.96003E-02 1.23806E-02 -1.53181E+00 
1.23806E-02 6.96003E-02 2.91585E-01 3.43671E-01 3.40563E-01 3.46142E-01 3.61957E-01 2.91585E-01 6.96003E-02 1.23806E-02 -1.02990E+00 
1.23806E-02 9.01978E-03 3.08580E-01 3.61745E-01 3.58642E-01 3.64615E-01 3.80774E-01 3.08580E-01 9.01978E-03 1.23806E-02 -4.45985E-01 
1.23806E-02 3.27421E-02 3.29188E-01 3.83419E-01 3.80325E-01 3.86705E-01 4.03213E-01 3.29187E-01 3.27421E-02 1.23806E-02 2.18873E-01 
1.23806E-02 6.06552E-02 3.53961E-01 4.09261E-01 4.06176E-01 4.12981E-01 4.29849E-01 3.53960E-01 6.06552E-02 1.23806E-02 9.98133E-01 
1.23806E-02 9.30871E-02 3.83231E-01 4.39600E-01 4.36527E-01 4.43773E-01 4.61011E-01 3.83230E-01 9.30871E-02 1.23806E-02 1.90428E+00 
1.23806E-02 1.30387E-01 4.17350E-01 4.74787E-01 4.71727E-01 4.79432E-01 4.97050E-01 4.17348E-01 1.30387E-01 1.23806E-02 2.95006E+00 
1.23806E-02 1.62819E-01 4.47310E-01 5.05572E-01 5.02524E-01 5.10597E-01 5.28516E-01 4.47309E-01 1.62819E-01 1.23806E-02 3.86311E+00 
1.23806E-02 1.72919E-01 4.56686E-01 5.15189E-01 5.12145E-01 5.20327E-01 5.38335E-01 4.56685E-01 1.72919E-01 1.23806E-02 4.14815E+00 
1.23806E-02 2.25086E-01 5.05393E-01 5.65039E-01 5.62014E-01 5.70732E-01 5.89173E-01 5.05391E-01 2.25086E-01 1.23806E-02 5.62502E+00 
1.23806E-02 2.84288E-01 5.61125E-01 6.21908E-01 6.18905E-01 6.28180E-01 6.47067E-01 5.61123E-01 2.84288E-01 1.23806E-02 7.30868E+00 
1.23806E-02 3.51054E-01 6.24414E-01 6.86326E-01 6.83348E-01 6.93202E-01 7.12546E-01 6.24411E-01 3.51054E-01 1.23806E-02 9.21351E+00 
1.23806E-02 4.25929E-01 6.95807E-01 7.58839E-01 7.55888E-01 7.66345E-01 7.86159E-01 6.95804E-01 4.25929E-01 1.23806E-02 1.13527E+01 
7.15777E-02 5.07686E-01 7.74115E-01 8.38243E-01 8.35323E-01 8.46404E-01 8.66697E-01 7.74111E-01 5.07686E-01 7.15777E-02 1.36176E+01 
1.66814E-01 5.98711E-01 8.61677E-01 9.26893E-01 9.24009E-01 9.35740E-01 9.56529E-01 8.61673E-01 5.98711E-01 1.66814E-01 1.61025E+01 
2.72400E-01 7.00031E-01 9.59515E-01 1.02581E+00 1.02297E+00 1.03538E+00 1.05668E+00 9.59510E-01 7.00031E-01 2.72400E-01 1.88418E+01 
3.88947E-01 8.12261E-01 1.06825E+00 1.13562E+00 1.13282E+00 1.14594E+00 1.16776E+00 1.06824E+00 8.12261E-01 3.88947E-01 2.18439E+01 
5.17057E-01 9.36008E-01 1.18849E+00 1.25692E+00 1.25416E+00 1.26802E+00 1.29039E+00 1.18848E+00 9.36008E-01 5.17057E-01 2.51151E+01 
6.57313E-01 1.07186E+00 1.32083E+00 1.39031E+00 1.38760E+00 1.40223E+00 1.42516E+00 1.32082E+00 1.07186E+00 6.57313E-01 2.86590E+01 
8.10265E-01 1.22036E+00 1.46582E+00 1.53634E+00 1.53369E+00 1.54911E+00 1.57262E+00 1.46581E+00 1.22036E+00 8.10265E-01 3.24761E+01 
9.76423E-01 1.38204E+00 1.62398E+00 1.69553E+00 1.69293E+00 1.70919E+00 1.73329E+00 1.62398E+00 1.38204E+00 9.76423E-01 3.65642E+01 
1.15625E+00 1.55736E+00 1.79579E+00 1.86834E+00 1.86580E+00 1.88293E+00 1.90764E+00 1.79578E+00 1.55736E+00 1.15625E+00 4.09175E+01 
1.35014E+00 1.74671E+00 1.98164E+00 2.05517E+00 2.05271E+00 2.07073E+00 2.09607E+00 1.98163E+00 1.74671E+00 1.35014E+00 4.55272E+01 
1.55842E+00 1.95043E+00 2.18187E+00 2.25637E+00 2.25398E+00 2.27292E+00 2.29891E+00 2.18186E+00 1.95043E+00 1.55842E+00 5.03813E+01 
1.78133E+00 2.16876E+00 2.39672E+00 2.47216E+00 2.46985E+00 2.48976E+00 2.51641E+00 2.39671E+00 2.16876E+00 1.78133E+00 5.54646E+01 
2.01903E+00 2.40185E+00 2.62636E+00 2.70272E+00 2.70049E+00 2.72139E+00 2.74872E+00 2.62635E+00 2.40185E+00 2.01903E+00 6.07590E+01 
1.14981E-02 6.79796E-02 2.52148E-01 3.13798E-01 3.10422E-01 3.16774E-01 3.34046E-01 2.52148E-01 6.79796E-02 1.14981E-02 -1.26987E+00 
1.14981E-02 6.79796E-02 2.66168E-01 3.28732E-01 3.25370E-01 3.32168E-01 3.49803E-01 2.66168E-01 6.79796E-02 1.14981E-02 -7.71696E-01 
1.14981E-02 8.93637E-03 2.83305E-01 3.46772E-01 3.43426E-01 3.50682E-01 3.68686E-01 2.83304E-01 8.93637E-03 1.14981E-02 -1.98066E-01 
1.14981E-02 3.22270E-02 3.03741E-01 3.68102E-01 3.64773E-01 3.72503E-01 3.90883E-01 3.03741E-01 3.22270E-02 1.14981E-02 4.49010E-01 
1.14981E-02 5.93417E-02 3.27979E-01 3.93232E-01 3.89924E-01 3.98146E-01 4.16913E-01 3.27978E-01 5.93417E-02 1.14981E-02 1.20148E+00 
1.14981E-02 9.05634E-02 3.56303E-01 4.22450E-01 4.19164E-01 4.27898E-01 4.47063E-01 3.56302E-01 9.05634E-02 1.14981E-02 2.06989E+00 
1.14981E-02 1.26192E-01 3.89017E-01 4.56054E-01 4.52794E-01 4.62059E-01 4.81633E-01 3.89016E-01 1.26192E-01 1.14981E-02 3.06485E+00 
1.14981E-02 1.56981E-01 4.17542E-01 4.85266E-01 4.82026E-01 4.91717E-01 5.11615E-01 4.17540E-01 1.56981E-01 1.14981E-02 3.92814E+00 
1.14981E-02 1.66539E-01 4.26436E-01 4.94361E-01 4.91128E-01 5.00945E-01 5.20939E-01 4.26435E-01 1.66539E-01 1.14981E-02 4.19674E+00 
1.14981E-02 2.15706E-01 4.72433E-01 5.41309E-01 5.38109E-01 5.48543E-01 5.69003E-01 4.72431E-01 2.15706E-01 1.14981E-02 5.58218E+00 
1.14981E-02 2.71163E-01 5.24710E-01 5.94531E-01 5.91366E-01 6.02444E-01 6.23382E-01 5.24707E-01 2.71163E-01 1.14981E-02 7.15045E+00 
1.14981E-02 3.33352E-01 5.83712E-01 6.54470E-01 6.51344E-01 6.63089E-01 6.84518E-01 5.83709E-01 3.33352E-01 1.14981E-02 8.91260E+00 
1.14981E-02 4.02721E-01 6.49892E-01 7.21576E-01 7.18494E-01 7.30931E-01 7.52865E-01 6.49888E-01 4.02721E-01 1.14981E-02 1.08784E+01 
6.63447E-02 4.78282E-01 7.22292E-01 7.94883E-01 7.91847E-01 8.04999E-01 8.27448E-01 7.22288E-01 4.78282E-01 6.63447E-02 1.29419E+01 
1.54170E-01 5.61991E-01 8.02828E-01 8.76316E-01 8.73330E-01 8.87227E-01 9.10209E-01 8.02823E-01 5.61991E-01 1.54170E-01 1.51913E+01 
2.51021E-01 6.54673E-01 8.92319E-01 9.66697E-01 9.63767E-01 9.78440E-01 1.00197E+00 8.92313E-01 6.54673E-01 2.51021E-01 1.76560E+01 
3.57378E-01 7.56811E-01 9.91253E-01 1.06651E+00 1.06364E+00 1.07912E+00 1.10322E+00 9.91246E-01 7.56811E-01 3.57378E-01 2.03412E+01 
4.73701E-01 8.68872E-01 1.10010E+00 1.17623E+00 1.17342E+00 1.18975E+00 1.21443E+00 1.10009E+00 8.68872E-01 4.73701E-01 2.32496E+01 
6.00429E-01 9.91297E-01 1.21931E+00 1.29629E+00 1.29356E+00 1.31076E+00 1.33604E+00 1.21930E+00 9.91297E-01 6.00429E-01 2.63819E+01 
7.37964E-01 1.12449E+00 1.34928E+00 1.42711E+00 1.42445E+00 1.44256E+00 1.46846E+00 1.34927E+00 1.12449E+00 7.37964E-01 2.97356E+01 
8.86666E-01 1.26882E+00 1.49039E+00 1.56905E+00 1.56647E+00 1.58552E+00 1.61206E+00 1.49038E+00 1.26882E+00 8.86666E-01 3.33060E+01 
1.04684E+00 1.42460E+00 1.64295E+00 1.72242E+00 1.71992E+00 1.73995E+00 1.76714E+00 1.64294E+00 1.42460E+00 1.04684E+00 3.70854E+01 
1.21874E+00 1.59207E+00 1.80722E+00 1.88748E+00 1.88507E+00 1.90611E+00 1.93398E+00 1.80720E+00 1.59207E+00 1.21874E+00 4.10637E+01 
1.40255E+00 1.77142E+00 1.98337E+00 2.06441E+00 2.06210E+00 2.08418E+00 2.11274E+00 1.98336E+00 1.77142E+00 1.40255E+00 4.52277E+01 
1.59835E+00 1.96276E+00 2.17153E+00 2.25332E+00 2.25111E+00 2.27427E+00 2.30354E+00 2.17151E+00 1.96276E+00 1.59835E+00 4.95622E+01 
1.80619E+00 2.16611E+00 2.37171E+00 2.45423E+00 2.45212E+00 2.47640E+00 2.50640E+00 2.37169E+00 2.16611E+00 1.80619E+00 5.40492E+01 
1.06534E-02 6.61525E-02 2.28655E-01 2.99448E-01 2.95816E-01 3.03572E-01 3.22789E-01 2.28655E-01 6.61525E-02 1.06534E-02 -1.02336E+00 
1.06534E-02 6.61525E-02 2.42967E-01 3.14518E-01 3.10912E-01 3.19185E-01 3.38792E-01 2.42967E-01 6.61525E-02 1.06534E-02 -5.30432E-01 
1.06534E-02 8.81170E-03 2.60123E-01 3.32421E-01 3.28843E-01 3.37649E-01 3.57652E-01 2.60123E-01 8.81170E-03 1.06534E-02 3.14485E-02 
1.06534E-02 3.15863E-02 2.80282E-01 3.53318E-01 3.49770E-01 3.59125E-01 3.79531E-01 2.80282E-01 3.15863E-02 1.06534E-02 6.59450E-01 
1.06534E-02 5.78368E-02 3.03896E-01 3.77669E-01 3.74155E-01 3.84079E-01 4.04900E-01 3.03895E-01 5.78368E-02 1.06534E-02 1.38402E+00 
1.06534E-02 8.78056E-02 3.31210E-01 4.05718E-01 4.02240E-01 4.12756E-01 4.34004E-01 3.31208E-01 8.78056E-02 1.06534E-02 2.21391E+00 
1.06534E-02 1.21748E-01 3.62482E-01 4.37723E-01 4.34284E-01 4.45413E-01 4.67100E-01 3.62480E-01 1.21748E-01 1.06534E-02 3.15780E+00 
1.06534E-02 1.50906E-01 3.89564E-01 4.65369E-01 4.61963E-01 4.73582E-01 4.95617E-01 3.89561E-01 1.50906E-01 1.06534E-02 3.97167E+00 
1.06534E-02 1.59929E-01 3.97978E-01 4.73948E-01 4.70552E-01 4.82317E-01 5.04455E-01 3.97976E-01 1.59929E-01 1.06534E-02 4.22403E+00 
1.06534E-02 2.06160E-01 4.41304E-01 5.18054E-01 5.14707E-01 5.27184E-01 5.49821E-01 4.41301E-01 2.06160E-01 1.06534E-02 5.51981E+00 
1.06534E-02 2.57990E-01 4.90220E-01 5.67744E-01 5.64450E-01 5.77664E-01 6.00814E-01 4.90217E-01 2.57990E-01 1.06534E-02 6.97612E+00 
1.06534E-02 3.15784E-01 5.45093E-01 6.23382E-01 6.20145E-01 6.34125E-01 6.57802E-01 5.45089E-01 3.15784E-01 1.06534E-02 8.60108E+00 
1.06534E-02 3.79907E-01 6.06293E-01 6.85337E-01 6.82161E-01 6.96935E-01 7.21153E-01 6.06289E-01 3.79907E-01 1.06534E-02 1.04015E+01 
6.13500E-02 4.49568E-01 6.73058E-01 7.52837E-01 7.49726E-01 7.65317E-01 7.90088E-01 6.73052E-01 4.49568E-01 6.13500E-02 1.22752E+01 
1.42152E-01 5.26353E-01 7.46934E-01 8.27441E-01 8.24400E-01 8.40840E-01 8.66181E-01 7.46928E-01 5.26353E-01 1.42152E-01 1.43041E+01 
2.30781E-01 6.10916E-01 8.28572E-01 9.09797E-01 9.06832E-01 9.24156E-01 9.50086E-01 8.28565E-01 6.10916E-01 2.30781E-01 1.65135E+01 
3.27604E-01 7.03625E-01 9.18345E-01 1.00028E+00 9.97394E-01 1.01564E+00 1.04217E+00 9.18337E-01 7.03625E-01 3.27604E-01 1.89059E+01 
4.32964E-01 8.04830E-01 1.01660E+00 1.09924E+00 1.09644E+00 1.11564E+00 1.14280E+00 1.01660E+00 8.04830E-01 4.32964E-01 2.14813E+01 
5.47179E-01 9.14851E-01 1.12368E+00 1.20699E+00 1.20428E+00 1.22447E+00 1.25228E+00 1.12367E+00 9.14851E-01 5.47179E-01 2.42379E+01 
6.70526E-01 1.03397E+00 1.23984E+00 1.32383E+00 1.32122E+00 1.34244E+00 1.37091E+00 1.23983E+00 1.03397E+00 6.70526E-01 2.71713E+01 
8.03244E-01 1.16243E+00 1.36535E+00 1.44999E+00 1.44748E+00 1.46976E+00 1.49892E+00 1.36534E+00 1.16243E+00 8.03244E-01 3.02751E+01 
9.45517E-01 1.30041E+00 1.50039E+00 1.58567E+00 1.58327E+00 1.60665E+00 1.63651E+00 1.50038E+00 1.30041E+00 9.45517E-01 3.35404E+01 
1.09748E+00 1.44806E+00 1.64510E+00 1.73100E+00 1.72871E+00 1.75323E+00 1.78381E+00 1.64508E+00 1.44806E+00 1.09748E+00 3.69561E+01 
1.25918E+00 1.60544E+00 1.79954E+00 1.88605E+00 1.88388E+00 1.90957E+00 1.94090E+00 1.79953E+00 1.60544E+00 1.25918E+00 4.05090E+01 
1.43064E+00 1.77255E+00 1.96373E+00 2.05082E+00 2.04878E+00 2.07568E+00 2.10777E+00 1.96372E+00 1.77255E+00 1.43064E+00 4.41841E+01 
1.61176E+00 1.94931E+00 2.13759E+00 2.22524E+00 2.22333E+00 2.25148E+00 2.28435E+00 2.13757E+00 1.94931E+00 1.61176E+00 4.79645E+01 
9.83434E-03 6.41116E-02 2.07001E-01 2.85708E-01 2.81834E-01 2.91320E-01 3.12668E-01 2.07002E-01 6.41116E-02 9.83434E-03 -7.87299E-01 
9.83434E-03 6.41116E-02 2.21483E-01 3.00806E-01 2.96973E-01 3.07060E-01 3.28826E-01 2.21484E-01 6.41116E-02 9.83434E-03 -3.01226E-01 
9.83434E-03 8.64691E-03 2.38545E-01 3.18474E-01 3.14685E-01 3.25390E-01 3.47579E-01 2.38545E-01 8.64691E-03 9.83434E-03 2.47277E-01 
9.83434E-03 3.08204E-02 2.58324E-01 3.38851E-01 3.35108E-01 3.46448E-01 3.69070E-01 2.58324E-01 3.08204E-02 9.83434E-03 8.54657E-01 
9.83434E-03 5.61356E-02 2.81226E-01 3.62348E-01 3.58656E-01 3.70655E-01 3.93721E-01 2.81225E-01 5.61356E-02 9.83434E-03 1.54984E+00 
9.83434E-03 8.47977E-02 3.07457E-01 3.89173E-01 3.85534E-01 3.98216E-01 4.21740E-01 3.07456E-01 8.47977E-02 9.83434E-03 2.33994E+00 
9.83434E-03 1.17022E-01 3.37236E-01 4.19542E-01 4.15960E-01 4.29350E-01 4.53343E-01 3.37234E-01 1.17022E-01 9.83434E-03 3.23187E+00 
9.83434E-03 1.44539E-01 3.62854E-01 4.45613E-01 4.42078E-01 4.56032E-01 4.80397E-01 3.62851E-01 1.44539E-01 9.83434E-03 3.99602E+00 
9.83434E-03 1.53028E-01 3.70786E-01 4.53677E-01 4.50156E-01 4.64278E-01 4.88754E-01 3.70783E-01 1.53028E-01 9.83434E-03 4.23212E+00 
9.83434E-03 1.96350E-01 4.11448E-01 4.94965E-01 4.91513E-01 5.06453E-01 5.31463E-01 4.11445E-01 1.96350E-01 9.83434E-03 5.43884E+00 
9.83434E-03 2.44622E-01 4.57053E-01 5.41187E-01 5.37810E-01 5.53596E-01 5.79157E-01 4.57049E-01 2.44622E-01 9.83434E-03 6.78506E+00 
9.83434E-03 2.98141E-01 5.07897E-01 5.92641E-01 5.89342E-01 6.06006E-01 6.32131E-01 5.07892E-01 2.98141E-01 9.83434E-03 8.27642E+00 
9.83434E-03 3.57197E-01 5.64278E-01 6.49621E-01 6.46405E-01 6.63976E-01 6.90682E-01 5.64272E-01 3.57197E-01 9.83434E-03 9.91725E+00 
5.65208E-02 4.21166E-01 6.25595E-01 7.11520E-01 7.08392E-01 7.26895E-01 7.54193E-01 6.25589E-01 4.21166E-01 5.65208E-02 1.16096E+01 
1.30578E-01 4.91314E-01 6.93080E-01 7.79577E-01 7.76542E-01 7.96013E-01 8.23922E-01 6.93073E-01 4.91314E-01 1.30578E-01 1.34294E+01 
2.11366E-01 5.68144E-01 7.67233E-01 8.54293E-01 8.51357E-01 8.71833E-01 9.00373E-01 7.67224E-01 5.68144E-01 2.11366E-01 1.53985E+01 
2.99153E-01 6.51929E-01 8.48329E-01 9.35942E-01 9.33111E-01 9.54630E-01 9.83822E-01 8.48320E-01 6.51929E-01 2.99153E-01 1.75169E+01 
3.94183E-01 7.42917E-01 9.36622E-01 1.02477E+00 1.02205E+00 1.04466E+00 1.07452E+00 9.36611E-01 7.42917E-01 3.94183E-01 1.97829E+01 
4.96672E-01 8.41328E-01 1.03233E+00 1.12101E+00 1.11841E+00 1.14213E+00 1.17268E+00 1.03232E+00 8.41328E-01 4.96672E-01 2.21926E+01 
6.06795E-01 9.47340E-01 1.13564E+00 1.22483E+00 1.22235E+00 1.24723E+00 1.27850E+00 1.13563E+00 9.47340E-01 6.06795E-01 2.47403E+01 
7.24690E-01 1.06109E+00 1.24669E+00 1.33639E+00 1.33403E+00 1.36011E+00 1.39211E+00 1.24668E+00 1.06109E+00 7.24690E-01 2.74186E+01 
8.50442E-01 1.18268E+00 1.36558E+00 1.45576E+00 1.45354E+00 1.48086E+00 1.51361E+00 1.36557E+00 1.18268E+00 8.50442E-01 3.02179E+01 
9.84089E-01 1.31214E+00 1.49235E+00 1.58299E+00 1.58092E+00 1.60950E+00 1.64303E+00 1.49234E+00 1.31214E+00 9.84089E-01 3.31269E+01 
1.12561E+00 1.44946E+00 1.62698E+00 1.71806E+00 1.71614E+00 1.74604E+00 1.78037E+00 1.62696E+00 1.44946E+00 1.12561E+00 3.61327E+01 
1.27491E+00 1.59454E+00 1.76940E+00 1.86090E+00 1.85913E+00 1.89039E+00 1.92553E+00 1.76938E+00 1.59454E+00 1.27491E+00 3.92211E+01 
1.43186E+00 1.74725E+00 1.91945E+00 2.01135E+00 2.00975E+00 2.04239E+00 2.07837E+00 1.91943E+00 1.74725E+00 1.43186E+00 4.23763E+01 
9.06628E-03 6.19437E-02 1.87673E-01 2.72977E-01 2.68898E-01 2.80446E-01 3.04041E-01 1.87674E-01 6.19437E-02 9.06628E-03 -5.67694E-01 
9.06628E-03 6.19437E-02 2.02207E-01 2.88003E-01 2.83983E-01 2.96226E-01 3.20266E-01 2.02208E-01 6.19437E-02 9.06628E-03 -8.98405E-02 
9.06628E-03 8.45085E-03 2.19075E-01 3.05354E-01 3.01397E-01 3.14352E-01 3.38844E-01 2.19075E-01 8.45085E-03 9.06628E-03 4.44117E-01 
9.06628E-03 2.99658E-02 2.38395E-01 3.25148E-01 3.21257E-01 3.34944E-01 3.59897E-01 2.38394E-01 2.99658E-02 9.06628E-03 1.03003E+00 
9.06628E-03 5.43121E-02 2.60528E-01 3.47754E-01 3.43933E-01 3.58377E-01 3.83805E-01 2.60526E-01 5.43121E-02 9.06628E-03 1.69535E+00 
9.06628E-03 8.16621E-02 2.85649E-01 3.73344E-01 3.69597E-01 3.84825E-01 4.10741E-01 2.85647E-01 8.16621E-02 9.06628E-03 2.44574E+00 
9.06628E-03 1.12195E-01 3.13940E-01 4.02100E-01 3.98431E-01 4.14470E-01 4.40888E-01 3.13937E-01 1.12195E-01 9.06628E-03 3.28656E+00 
9.06628E-03 1.38120E-01 3.38123E-01 4.26639E-01 4.23034E-01 4.39719E-01 4.66535E-01 3.38120E-01 1.38120E-01 9.06628E-03 4.00232E+00 
9.06628E-03 1.46094E-01 3.45586E-01 4.34206E-01 4.30619E-01 4.47496E-01 4.74430E-01 3.45582E-01 1.46094E-01 9.06628E-03 4.22270E+00 
9.06628E-03 1.86628E-01 3.83681E-01 4.72790E-01 4.69297E-01 4.87109E-01 5.14614E-01 3.83677E-01 1.86628E-01 9.06628E-03 5.34384E+00 
9.06628E-03 2.31525E-01 4.26132E-01 5.15722E-01 5.12327E-01 5.31105E-01 5.59198E-01 4.26127E-01 2.31525E-01 9.06628E-03 6.58539E+00 
9.06628E-03 2.81019E-01 4.73175E-01 5.63237E-01 5.59946E-01 5.79723E-01 6.08420E-01 4.73169E-01 2.81019E-01 9.06628E-03 7.95090E+00 
9.06628E-03 3.35341E-01 5.25043E-01 6.15567E-01 6.12385E-01 6.33194E-01 6.62511E-01 5.25036E-01 3.35341E-01 9.06628E-03 9.44270E+00 
5.20045E-02 3.93999E-01 5.81269E-01 6.72239E-01 6.69171E-01 6.91036E-01 7.20988E-01 5.81261E-01 3.93999E-01 5.20045E-02 1.09675E+01 
1.19797E-01 4.57991E-01 6.42819E-01 7.34223E-01 7.31275E-01 7.54236E-01 7.84841E-01 6.42810E-01 4.57991E-01 1.19797E-01 1.25956E+01 
1.93350E-01 5.27698E-01 7.10071E-01 8.01900E-01 7.99078E-01 8.23175E-01 8.54455E-01 7.10060E-01 5.27698E-01 1.93350E-01 1.43459E+01 
2.72853E-01 6.03311E-01 7.83219E-01 8.75462E-01 8.72773E-01 8.98047E-01 9.30024E-01 7.83208E-01 6.03311E-01 2.72853E-01 1.62167E+01 
3.58467E-01 6.84999E-01 8.62435E-01 9.55079E-01 9.52529E-01 9.79021E-01 1.01172E+00 8.62422E-01 6.84999E-01 3.58467E-01 1.82046E+01 
4.50326E-01 7.72898E-01 9.47857E-01 1.04089E+00 1.03848E+00 1.06623E+00 1.09967E+00 9.47842E-01 7.72898E-01 4.50326E-01 2.03048E+01 
5.48527E-01 8.67107E-01 1.03959E+00 1.13299E+00 1.13074E+00 1.15979E+00 1.19399E+00 1.03957E+00 8.67107E-01 5.48527E-01 2.25106E+01 
6.53125E-01 9.67687E-01 1.13769E+00 1.23145E+00 1.22936E+00 1.25975E+00 1.29473E+00 1.13767E+00 9.67687E-01 6.53125E-01 2.48140E+01 
7.64135E-01 1.07466E+00 1.24219E+00 1.33628E+00 1.33436E+00 1.36613E+00 1.40192E+00 1.24217E+00 1.07466E+00 7.64135E-01 2.72054E+01 
8.81522E-01 1.18798E+00 1.35304E+00 1.44746E+00 1.44571E+00 1.47890E+00 1.51553E+00 1.35302E+00 1.18798E+00 8.81522E-01 2.96736E+01 
1.00520E+00 1.30758E+00 1.47018E+00 1.56490E+00 1.56333E+00 1.59799E+00 1.63546E+00 1.47016E+00 1.30758E+00 1.00520E+00 3.22066E+01 
1.13503E+00 1.43332E+00 1.59347E+00 1.68847E+00 1.68709E+00 1.72324E+00 1.76159E+00 1.59345E+00 1.43332E+00 1.13503E+00 3.47910E+01 
1.27082E+00 1.56501E+00 1.72272E+00 1.81798E+00 1.81679E+00 1.85448E+00 1.89373E+00 1.72269E+00 1.56501E+00 1.27082E+00 3.74126E+01 
8.33574E-03 5.96396E-02 1.70148E-01 2.61011E-01 2.56778E-01 2.70812E-01 2.96792E-01 1.70149E-01 5.96396E-02 8.33574E-03 -3.59584E-01 
8.33574E-03 5.96396E-02 1.84629E-01 2.75873E-01 2.71723E-01 2.86557E-01 3.13011E-01 1.84630E-01 5.96396E-02 8.33574E-03 1.08597E-01 
8.33574E-03 8.22468E-03 2.01211E-01 2.92829E-01 2.88764E-01 3.04416E-01 3.31352E-01 2.01211E-01 8.22468E-03 8.33574E-03 6.26672E-01 
8.33574E-03 2.90227E-02 2.19996E-01 3.11979E-01 3.08003E-01 3.24494E-01 3.51921E-01 2.19995E-01 2.90227E-02 8.33574E-03 1.19001E+00 
8.33574E-03 5.23602E-02 2.41303E-01 3.33648E-01 3.29767E-01 3.47125E-01 3.75058E-01 2.41302E-01 5.23602E-02 8.33574E-03 1.82462E+00 
8.33574E-03 7.83800E-02 2.65279E-01 3.57982E-01 3.54198E-01 3.72453E-01 4.00908E-01 2.65276E-01 7.83800E-02 8.33574E-03 2.53485E+00 
8.33574E-03 1.07230E-01 2.92073E-01 3.85128E-01 3.81448E-01 4.00629E-01 4.29619E-01 2.92069E-01 1.07230E-01 8.33574E-03 3.32471E+00 
8.33574E-03 1.31589E-01 3.14833E-01 4.08158E-01 4.04560E-01 4.24478E-01 4.53893E-01 3.14829E-01 1.31589E-01 8.33574E-03 3.99276E+00 
8.33574E-03 1.39058E-01 3.21834E-01 4.15237E-01 4.11664E-01 4.31801E-01 4.61341E-01 3.21830E-01 1.39058E-01 8.33574E-03 4.19770E+00 
8.33574E-03 1.76884E-01 3.57424E-01 4.51193E-01 4.47742E-01 4.68942E-01 4.99093E-01 3.57419E-01 1.76884E-01 8.33574E-03 5.23548E+00 
8.33574E-03 2.18532E-01 3.96828E-01 4.90955E-01 4.87631E-01 5.09929E-01 5.40708E-01 3.96821E-01 2.18532E-01 8.33574E-03 6.37610E+00 
8.33574E-03 2.64184E-01 4.40232E-01 5.34708E-01 5.31517E-01 5.54948E-01 5.86373E-01 4.40224E-01 2.64184E-01 8.33574E-03 7.62139E+00 
8.33574E-03 3.14017E-01 4.87813E-01 5.82628E-01 5.79576E-01 6.04175E-01 6.36263E-01 4.87805E-01 3.14017E-01 8.33574E-03 8.97208E+00 
4.77204E-02 3.67647E-01 5.39213E-01 6.34350E-01 6.31441E-01 6.57234E-01 6.90000E-01 5.39203E-01 3.67647E-01 4.77204E-02 1.03399E+01 
1.09610E-01 4.25847E-01 5.95174E-01 6.90621E-01 6.87863E-01 7.14890E-01 7.48356E-01 5.95163E-01 4.25847E-01 1.09610E-01 1.17899E+01 
1.76391E-01 4.88896E-01 6.55971E-01 7.51718E-01 7.49118E-01 7.77422E-01 8.11610E-01 6.55959E-01 4.88896E-01 1.76391E-01 1.33382E+01 
2.48186E-01 5.56920E-01 7.21733E-01 8.17767E-01 8.15331E-01 8.44957E-01 8.79892E-01 7.21719E-01 5.56920E-01 2.48186E-01 1.49818E+01 
3.25092E-01 6.30018E-01 7.92563E-01 8.88871E-01 8.86607E-01 9.17597E-01 9.53301E-01 7.92548E-01 6.30018E-01 3.25092E-01 1.67166E+01 
4.07176E-01 7.08261E-01 8.68535E-01 9.65101E-01 9.63017E-01 9.95414E-01 1.03191E+00 8.68518E-01 7.08261E-01 4.07176E-01 1.85368E+01 
4.94469E-01 7.91686E-01 9.49687E-01 1.04650E+00 1.04460E+00 1.07845E+00 1.11576E+00 9.49667E-01 7.91686E-01 4.94469E-01 2.04354E+01 
5.86969E-01 8.80292E-01 1.03602E+00 1.13306E+00 1.13135E+00 1.16669E+00 1.20485E+00 1.03600E+00 8.80292E-01 5.86969E-01 2.24042E+01 
6.84632E-01 9.74041E-01 1.12750E+00 1.22474E+00 1.22324E+00 1.26011E+00 1.29914E+00 1.12748E+00 9.74041E-01 6.84632E-01 2.44338E+01 
7.87374E-01 1.07285E+00 1.22405E+00 1.32148E+00 1.32018E+00 1.35863E+00 1.39854E+00 1.22402E+00 1.07285E+00 7.87374E-01 2.65137E+01 
8.95063E-01 1.17659E+00 1.32553E+00 1.42313E+00 1.42205E+00 1.46212E+00 1.50294E+00 1.32550E+00 1.17659E+00 8.95063E-01 2.86327E+01 
1.00752E+00 1.28509E+00 1.43178E+00 1.52954E+00 1.52868E+00 1.57040E+00 1.61216E+00 1.43176E+00 1.28509E+00 1.00752E+00 3.07787E+01 
1.12454E+00 1.39814E+00 1.54259E+00 1.64047E+00 1.63984E+00 1.68326E+00 1.72598E+00 1.54256E+00 1.39814E+00 1.12454E+00 3.29392E+01 
7.64238E-03 5.72195E-02 1.54274E-01 2.49788E-01 2.45479E-01 2.62501E-01 2.90992E-01 1.54275E-01 5.72195E-02 7.64238E-03 -1.62002E-01 
7.64238E-03 5.72195E-02 1.68607E-01 2.64404E-01 2.60204E-01 2.78143E-01 3.07137E-01 1.68607E-01 5.72195E-02 7.64238E-03 2.95055E-01 
7.64238E-03 7.97170E-03 1.84821E-01 2.80894E-01 2.76806E-01 2.95681E-01 3.25189E-01 1.84821E-01 7.97170E-03 7.64238E-03 7.95942E-01 
7.64238E-03 2.80019E-02 2.03004E-01 2.99344E-01 2.95373E-01 3.15205E-01 3.45237E-01 2.03003E-01 2.80019E-02 7.64238E-03 1.33565E+00 
7.64238E-03 5.02978E-02 2.23437E-01 3.20040E-01 3.16191E-01 3.37012E-01 3.67584E-01 2.23435E-01 5.02978E-02 7.64238E-03 1.93877E+00 
7.64238E-03 7.49761E-02 2.46240E-01 3.43101E-01 3.39378E-01 3.61220E-01 3.92348E-01 2.46237E-01 7.49761E-02 7.64238E-03 2.60851E+00 
7.64238E-03 1.02156E-01 2.71534E-01 3.68646E-01 3.65055E-01 3.87950E-01 4.19649E-01 2.71529E-01 1.02156E-01 7.64238E-03 3.34769E+00 
7.64238E-03 1.24979E-01 2.92890E-01 3.90193E-01 3.86708E-01 4.10439E-01 4.42592E-01 2.92885E-01 1.24979E-01 7.64238E-03 3.96877E+00 
7.64238E-03 1.31956E-01 2.99438E-01 3.96795E-01 3.93342E-01 4.17321E-01 4.49608E-01 2.99432E-01 1.31956E-01 7.64238E-03 4.15861E+00 
7.64238E-03 1.67158E-01 3.32587E-01 4.30201E-01 4.26901E-01 4.52085E-01 4.85025E-01 3.32580E-01 1.67158E-01 7.64238E-03 5.11535E+00 
7.64238E-03 2.05684E-01 3.69055E-01 4.66916E-01 4.63776E-01 4.90202E-01 5.23813E-01 3.69047E-01 2.05684E-01 7.64238E-03 6.15886E+00 
7.64238E-03 2.47675E-01 4.08982E-01 5.07080E-01 5.04107E-01 5.31811E-01 5.66113E-01 4.08973E-01 2.47675E-01 7.64238E-03 7.28959E+00 
7.64238E-03 2.93258E-01 4.52500E-01 5.50823E-01 5.48023E-01 5.77043E-01 6.12056E-01 4.52490E-01 2.93258E-01 7.64238E-03 8.50698E+00 
4.36650E-02 3.42139E-01 4.99335E-01 5.97866E-01 5.95244E-01 6.25605E-01 6.61344E-01 4.99322E-01 3.42139E-01 4.36650E-02 9.72812E+00 
1.00003E-01 3.94902E-01 5.50043E-01 6.48771E-01 6.46334E-01 6.78080E-01 7.14568E-01 5.50029E-01 3.94902E-01 1.00003E-01 1.10129E+01 
1.60458E-01 4.51741E-01 6.04816E-01 7.03729E-01 7.01484E-01 7.34660E-01 7.71922E-01 6.04800E-01 4.51741E-01 1.60458E-01 1.23752E+01 
2.25098E-01 5.12727E-01 6.63728E-01 7.62812E-01 7.60768E-01 7.95418E-01 8.33481E-01 6.63711E-01 5.12727E-01 2.25098E-01 1.38113E+01 
2.93966E-01 5.77909E-01 7.26829E-01 8.26068E-01 8.24232E-01 8.60403E-01 8.99292E-01 7.26810E-01 5.77909E-01 2.93966E-01 1.53163E+01 
3.67078E-01 6.47303E-01 7.94139E-01 8.93519E-01 8.91898E-01 9.29635E-01 9.69375E-01 7.94118E-01 6.47303E-01 3.67078E-01 1.68841E+01 
4.44417E-01 7.20898E-01 8.65649E-01 9.65152E-01 9.63753E-01 1.00310E+00 1.04372E+00 8.65625E-01 7.20898E-01 4.44417E-01 1.85077E+01 
5.25933E-01 7.98648E-01 9.41314E-01 1.04092E+00 1.03975E+00 1.08075E+00 1.12227E+00 9.41289E-01 7.98648E-01 5.25933E-01 2.01789E+01 
6.11544E-01 8.80473E-01 1.02106E+00 1.12075E+00 1.11982E+00 1.16251E+00 1.20497E+00 1.02103E+00 8.80473E-01 6.11544E-01 2.18890E+01 
7.01127E-01 9.66254E-01 1.10476E+00 1.20452E+00 1.20384E+00 1.24827E+00 1.29167E+00 1.10473E+00 9.66254E-01 7.01127E-01 2.36282E+01 
7.94525E-01 1.05584E+00 1.19227E+00 1.29208E+00 1.29165E+00 1.33785E+00 1.38224E+00 1.19224E+00 1.05584E+00 7.94525E-01 2.53864E+01 
8.91541E-01 1.14903E+00 1.28340E+00 1.38323E+00 1.38306E+00 1.43108E+00 1.47648E+00 1.28337E+00 1.14903E+00 8.91541E-01 2.71530E+01 
9.91942E-01 1.24559E+00 1.37792E+00 1.47775E+00 1.47784E+00 1.52772E+00 1.57415E+00 1.37788E+00 1.24559E+00 9.91942E-01 2.89170E+01 
6.98569E-03 5.47021E-02 1.39910E-01 2.39290E-01 2.35011E-01 2.55610E-01 2.86720E-01 1.39912E-01 5.47021E-02 6.98569E-03 2.58652E-02 
6.98569E-03 5.47021E-02 1.54007E-01 2.53582E-01 2.49443E-01 2.71088E-01 3.02735E-01 1.54008E-01 5.47021E-02 6.98569E-03 4.70345E-01 
6.98569E-03 7.69501E-03 1.69781E-01 2.69543E-01 2.65548E-01 2.88258E-01 3.20452E-01 1.69781E-01 7.69501E-03 6.98569E-03 9.52761E-01 
6.98569E-03 2.69136E-02 1.87304E-01 2.87244E-01 2.83397E-01 3.07196E-01 3.39949E-01 1.87303E-01 2.69136E-02 6.98569E-03 1.46783E+00 
6.98569E-03 4.81420E-02 2.06823E-01 3.06936E-01 3.03243E-01 3.28164E-01 3.61493E-01 2.06820E-01 4.81420E-02 6.98569E-03 2.03877E+00 
6.98569E-03 7.14735E-02 2.28433E-01 3.28713E-01 3.25179E-01 3.51256E-01 3.85180E-01 2.28429E-01 7.14735E-02 6.98569E-03 2.66777E+00 
6.98569E-03 9.70025E-02 2.52230E-01 3.52670E-01 3.49301E-01 3.76569E-01 4.11104E-01 2.52225E-01 9.70025E-02 6.98569E-03 3.35665E+00 
6.98569E-03 1.18322E-01 2.72204E-01 3.72762E-01 3.69525E-01 3.97738E-01 4.32758E-01 2.72198E-01 1.18322E-01 6.98569E-03 3.93160E+00 
6.98569E-03 1.24821E-01 2.78309E-01 3.78900E-01 3.75702E-01 4.04195E-01 4.39359E-01 2.78302E-01 1.24821E-01 6.98569E-03 4.10670E+00 
6.98569E-03 1.57483E-01 3.09087E-01 4.09834E-01 4.06827E-01 4.36677E-01 4.72540E-01 3.09079E-01 1.57483E-01 6.98569E-03 4.98483E+00 
6.98569E-03 1.93017E-01 3.42732E-01 4.43623E-01 4.40813E-01 4.72060E-01 5.08643E-01 3.42722E-01 1.93017E-01 6.98569E-03 5.93513E+00 
6.98569E-03 2.31524E-01 3.79345E-01 4.80369E-01 4.77764E-01 5.10446E-01 5.47770E-01 3.79334E-01 2.31524E-01 6.98569E-03 6.95696E+00 
6.98569E-03 2.73091E-01 4.19017E-01 5.20162E-01 5.17768E-01 5.51924E-01 5.90010E-01 4.19004E-01 2.73091E-01 6.98569E-03 8.04876E+00 
3.98341E-02 3.17494E-01 4.61542E-01 5.62791E-01 5.60613E-01 5.96268E-01 6.35133E-01 4.61527E-01 3.17494E-01 3.98341E-02 9.13316E+00 
9.09613E-02 3.65163E-01 5.07325E-01 6.08665E-01 6.06710E-01 6.43909E-01 6.83579E-01 5.07308E-01 3.65163E-01 9.09613E-02 1.02652E+01 
1.45518E-01 4.16222E-01 5.56488E-01 6.57906E-01 6.56181E-01 6.94972E-01 7.35474E-01 5.56469E-01 4.16222E-01 1.45518E-01 1.14568E+01 
2.03529E-01 4.70700E-01 6.09062E-01 7.10541E-01 7.09056E-01 7.49485E-01 7.90847E-01 6.09041E-01 4.70700E-01 2.03529E-01 1.27038E+01 
2.64995E-01 5.28602E-01 6.65054E-01 7.66579E-01 7.65340E-01 8.07454E-01 8.49704E-01 6.65031E-01 5.28602E-01 2.64995E-01 1.40009E+01 
3.29892E-01 5.89905E-01 7.24445E-01 8.25998E-01 8.25013E-01 8.68858E-01 9.12025E-01 7.24419E-01 5.89905E-01 3.29892E-01 1.53421E+01 
3.98165E-01 6.54562E-01 7.87188E-01 8.88751E-01 8.88028E-01 9.33648E-01 9.77759E-01 7.87160E-01 6.54562E-01 3.98165E-01 1.67203E+01 
4.69735E-01 7.22494E-01 8.53207E-01 9.54761E-01 9.54307E-01 1.00174E+00 1.04683E+00 8.53176E-01 7.22494E-01 4.69735E-01 1.81281E+01 
5.44489E-01 7.93592E-01 9.22395E-01 1.02392E+00 1.02374E+00 1.07304E+00 1.11912E+00 9.22361E-01 7.93592E-01 5.44489E-01 1.95572E+01 
6.22283E-01 8.67717E-01 9.94614E-01 1.09609E+00 1.09619E+00 1.14739E+00 1.19451E+00 9.94577E-01 8.67717E-01 6.22283E-01 2.09990E+01 
7.02944E-01 9.44696E-01 1.06969E+00 1.17109E+00 1.17149E+00 1.22463E+00 1.27280E+00 1.06965E+00 9.44696E-01 7.02944E-01 2.24443E+01 
7.86266E-01 1.02433E+00 1.14743E+00 1.24874E+00 1.24943E+00 1.30455E+00 1.35381E+00 1.14739E+00 1.02433E+00 7.86266E-01 2.38841E+01 
8.72014E-01 1.10638E+00 1.22760E+00 1.32879E+00 1.32978E+00 1.38692E+00 1.43729E+00 1.22756E+00 1.10638E+00 8.72014E-01 2.53092E+01 
6.36413E-03 5.21010E-02 1.26909E-01 2.29483E-01 2.25379E-01 2.50248E-01 2.84069E-01 1.26911E-01 5.21010E-02 6.36413E-03 2.04922E-01 
6.36413E-03 5.21010E-02 1.40692E-01 2.43380E-01 2.39451E-01 2.65507E-01 2.99901E-01 1.40692E-01 5.21010E-02 6.36413E-03 6.35342E-01 
6.36413E-03 7.39710E-03 1.55959E-01 2.58752E-01 2.55003E-01 2.82267E-01 3.17246E-01 1.55958E-01 7.39710E-03 6.36413E-03 1.09800E+00 
6.36413E-03 2.57656E-02 1.72771E-01 2.75661E-01 2.72095E-01 3.00590E-01 3.36168E-01 1.72769E-01 2.57656E-02 6.36413E-03 1.58743E+00 
6.36413E-03 4.59051E-02 1.91341E-01 2.94321E-01 2.90945E-01 3.20707E-01 3.56902E-01 1.91337E-01 4.59051E-02 6.36413E-03 2.12551E+00 
6.36413E-03 6.78881E-02 2.11743E-01 3.14805E-01 3.11626E-01 3.42691E-01 3.79523E-01 2.11738E-01 6.78881E-02 6.36413E-03 2.71357E+00 
6.36413E-03 9.17872E-02 2.34052E-01 3.37189E-01 3.34212E-01 3.66616E-01 4.04104E-01 2.34046E-01 9.17872E-02 6.36413E-03 3.35257E+00 
6.36413E-03 1.11638E-01 2.52668E-01 3.55856E-01 3.53040E-01 3.86504E-01 4.24514E-01 2.52660E-01 1.11638E-01 6.36413E-03 3.88226E+00 
6.36413E-03 1.17671E-01 2.58339E-01 3.61541E-01 3.58773E-01 3.92551E-01 4.30715E-01 2.58331E-01 1.17671E-01 6.36413E-03 4.04297E+00 
6.36413E-03 1.47879E-01 2.86817E-01 3.90079E-01 3.87543E-01 4.22843E-01 4.61758E-01 2.86807E-01 1.47879E-01 6.36413E-03 4.84492E+00 
6.36413E-03 1.80545E-01 3.17749E-01 4.21059E-01 4.18761E-01 4.55624E-01 4.95313E-01 3.17737E-01 1.80545E-01 6.36413E-03 5.70583E+00 
6.36413E-03 2.15737E-01 3.51203E-01 4.54548E-01 4.52496E-01 4.90962E-01 5.31449E-01 3.51189E-01 2.15737E-01 6.36413E-03 6.62424E+00 
6.36413E-03 2.53511E-01 3.87237E-01 4.90604E-01 4.88805E-01 5.28913E-01 5.70221E-01 3.87221E-01 2.53511E-01 6.36413E-03 7.59788E+00 
3.62174E-02 2.93695E-01 4.25697E-01 5.29070E-01 5.27528E-01 5.69300E-01 6.11449E-01 4.25678E-01 2.93695E-01 3.62174E-02 8.55498E+00 
8.24578E-02 3.36594E-01 4.66865E-01 5.70229E-01 5.68950E-01 6.12434E-01 6.55450E-01 4.66844E-01 3.36594E-01 8.24578E-02 9.54600E+00 
1.31519E-01 3.82278E-01 5.10808E-01 6.14146E-01 6.13140E-01 6.58384E-01 7.02298E-01 5.10785E-01 3.82278E-01 1.31519E-01 1.05813E+01 
1.83393E-01 4.30740E-01 5.57523E-01 6.60818E-01 6.60092E-01 7.07144E-01 7.51987E-01 5.57497E-01 4.30740E-01 1.83393E-01 1.16563E+01 
2.38046E-01 4.81953E-01 6.06983E-01 7.10218E-01 7.09779E-01 7.58686E-01 8.04488E-01 6.06955E-01 4.81953E-01 2.38046E-01 1.27658E+01 
2.95427E-01 5.35867E-01 6.59142E-01 7.62296E-01 7.62153E-01 8.12961E-01 8.59753E-01 6.59110E-01 5.35867E-01 2.95427E-01 1.39039E+01 
3.55455E-01 5.92407E-01 7.13925E-01 8.16979E-01 8.17139E-01 8.69891E-01 9.17703E-01 7.13890E-01 5.92407E-01 3.55455E-01 1.50641E+01 
4.18027E-01 6.51471E-01 7.71234E-01 8.74167E-01 8.74636E-01 9.29375E-01 9.78239E-01 7.71196E-01 6.51471E-01 4.18027E-01 1.62392E+01 
4.83014E-01 7.12935E-01 8.30944E-01 9.33734E-01 9.34519E-01 9.91287E-01 1.04123E+00 8.30903E-01 7.12935E-01 4.83014E-01 1.74221E+01 
5.50261E-01 7.76646E-01 8.92906E-01 9.95531E-01 9.96638E-01 1.05547E+00 1.10653E+00 8.92862E-01 7.76646E-01 5.50261E-01 1.86050E+01 
6.19587E-01 8.42428E-01 9.56944E-01 1.05938E+00 1.06081E+00 1.12175E+00 1.17395E+00 9.56897E-01 8.42428E-01 6.19587E-01 1.97802E+01 
6.90789E-01 9.10078E-01 1.02286E+00 1.12508E+00 1.12685E+00 1.18993E+00 1.24330E+00 1.02281E+00 9.10078E-01 6.90789E-01 2.09399E+01 
7.63640E-01 9.79374E-01 1.09043E+00 1.19241E+00 1.19451E+00 1.25977E+00 1.31434E+00 1.09037E+00 9.79374E-01 7.63640E-01 2.20765E+01 
5.77830E-03 4.94377E-02 1.15179E-01 2.20368E-01 2.16626E-01 2.46560E-01 2.83153E-01 1.15181E-01 4.94377E-02 5.77830E-03 3.75258E-01 
5.77830E-03 4.94377E-02 1.28577E-01 2.33804E-01 2.30278E-01 2.61551E-01 2.98760E-01 1.28578E-01 4.94377E-02 5.77830E-03 7.90156E-01 
5.77830E-03 7.08133E-03 1.43281E-01 2.48536E-01 2.45230E-01 2.77862E-01 3.15700E-01 1.43280E-01 7.08133E-03 5.77830E-03 1.23182E+00 
5.77830E-03 2.45693E-02 1.59339E-01 2.64614E-01 2.61531E-01 2.95547E-01 3.34029E-01 1.59336E-01 2.45693E-02 5.77830E-03 1.69473E+00 
5.77830E-03 4.36064E-02 1.76934E-01 2.82221E-01 2.79368E-01 3.14805E-01 3.53953E-01 1.76930E-01 4.36064E-02 5.77830E-03 2.19942E+00 
5.77830E-03 6.42470E-02 1.96123E-01 3.01412E-01 2.98797E-01 3.35693E-01 3.75527E-01 1.96117E-01 6.42470E-02 5.77830E-03 2.74651E+00 
5.77830E-03 8.65447E-02 2.16961E-01 3.22242E-01 3.19870E-01 3.58263E-01 3.98806E-01 2.16952E-01 8.65447E-02 5.77830E-03 3.33626E+00 
5.77830E-03 1.04966E-01 2.34247E-01 3.39516E-01 3.37337E-01 3.76913E-01 4.18019E-01 2.34237E-01 1.04966E-01 5.77830E-03 3.82174E+00 
5.77830E-03 1.10548E-01 2.39497E-01 3.44761E-01 3.42639E-01 3.82565E-01 4.23838E-01 2.39487E-01 1.10548E-01 5.77830E-03 3.96846E+00 
5.77830E-03 1.38392E-01 2.65752E-01 3.70986E-01 3.69139E-01 4.10761E-01 4.52846E-01 2.65740E-01 1.38392E-01 5.77830E-03 4.69691E+00 
5.77830E-03 1.68320E-01 2.94087E-01 3.99276E-01 3.97713E-01 4.41070E-01 4.83993E-01 2.94072E-01 1.68320E-01 5.77830E-03 5.47250E+00 
5.77830E-03 2.00371E-01 3.24542E-01 4.29673E-01 4.28400E-01 4.73534E-01 5.17321E-01 3.24525E-01 2.00371E-01 5.77830E-03 6.29317E+00 
5.77830E-03 2.34576E-01 3.57149E-01 4.62206E-01 4.61229E-01 5.08180E-01 5.52857E-01 3.57129E-01 2.34576E-01 5.77830E-03 7.15617E+00 
3.28173E-02 2.70802E-01 3.91792E-01 4.96759E-01 4.96081E-01 5.44870E-01 5.90457E-01 3.91769E-01 2.70802E-01 3.28173E-02 7.99539E+00 
7.44934E-02 3.09255E-01 4.28656E-01 5.33514E-01 5.33144E-01 5.83815E-01 6.30343E-01 4.28630E-01 3.09255E-01 7.44934E-02 8.85691E+00 
1.18457E-01 3.49961E-01 4.67764E-01 5.72496E-01 5.72440E-01 6.25045E-01 6.72547E-01 4.67735E-01 3.49961E-01 1.18457E-01 9.74975E+00 
1.64672E-01 3.92888E-01 5.09086E-01 6.13673E-01 6.13940E-01 6.68525E-01 7.17034E-01 5.09054E-01 3.92888E-01 1.64672E-01 1.06693E+01 
2.13084E-01 4.37985E-01 5.52574E-01 6.56995E-01 6.57592E-01 7.14204E-01 7.63754E-01 5.52539E-01 4.37985E-01 2.13084E-01 1.16106E+01 
2.63619E-01 4.85181E-01 5.98159E-01 7.02392E-01 7.03326E-01 7.62010E-01 8.12635E-01 5.98120E-01 4.85181E-01 2.63619E-01 1.25679E+01 
3.16182E-01 5.34384E-01 6.45749E-01 7.49774E-01 7.51051E-01 8.11848E-01 8.63581E-01 6.45707E-01 5.34384E-01 3.16182E-01 1.35354E+01 
3.70654E-01 5.85480E-01 6.95233E-01 7.99026E-01 8.00652E-01 8.63605E-01 9.16478E-01 6.95188E-01 5.85480E-01 3.70654E-01 1.45067E+01 
4.26898E-01 6.38335E-01 7.46479E-01 8.50016E-01 8.51996E-01 9.17142E-01 9.71189E-01 7.46429E-01 6.38335E-01 4.26898E-01 1.54754E+01 
4.84758E-01 6.92794E-01 7.99333E-01 9.02589E-01 9.04929E-01 9.72303E-01 1.02756E+00 7.99279E-01 6.92794E-01 4.84758E-01 1.64349E+01 
5.44053E-01 7.48682E-01 8.53620E-01 9.56570E-01 9.59274E-01 1.02891E+00 1.08540E+00 8.53563E-01 7.48682E-01 5.44053E-01 1.73786E+01 
6.04588E-01 8.05805E-01 9.09150E-01 1.01177E+00 1.01484E+00 1.08677E+00 1.14454E+00 9.09088E-01 8.05805E-01 6.04588E-01 1.83003E+01 
6.66150E-01 8.63954E-01 9.65713E-01 1.06797E+00 1.07141E+00 1.14567E+00 1.20473E+00 9.65647E-01 8.63954E-01 6.66150E-01 1.91936E+01 
5.22757E-03 4.67287E-02 1.04613E-01 2.11922E-01 2.08783E-01 2.44685E-01 2.84088E-01 1.04615E-01 4.67287E-02 5.22757E-03 5.37090E-01 
5.22757E-03 4.67287E-02 1.17564E-01 2.24838E-01 2.21959E-01 2.59361E-01 2.99431E-01 1.17564E-01 4.67287E-02 5.22757E-03 9.35013E-01 
5.22757E-03 6.75051E-03 1.31654E-01 2.38884E-01 2.36267E-01 2.75190E-01 3.15943E-01 1.31653E-01 6.75051E-03 5.22757E-03 1.35450E+00 
5.22757E-03 2.33337E-02 1.46923E-01 2.54098E-01 2.51748E-01 2.92214E-01 3.33666E-01 1.46920E-01 2.33337E-02 5.22757E-03 1.79004E+00 
5.22757E-03 4.12608E-02 1.63526E-01 2.70635E-01 2.68558E-01 3.10609E-01 3.52782E-01 1.63520E-01 4.12608E-02 5.22757E-03 2.26092E+00 
5.22757E-03 6.05703E-02 1.81501E-01 2.88535E-01 2.86738E-01 3.30411E-01 3.73332E-01 1.81493E-01 6.05703E-02 5.22757E-03 2.76714E+00 
5.22757E-03 8.12994E-02 2.00889E-01 3.07835E-01 3.06325E-01 3.51660E-01 3.95350E-01 2.00878E-01 8.12994E-02 5.22757E-03 3.30841E+00 
5.22757E-03 9.83331E-02 2.16880E-01 3.23751E-01 3.22467E-01 3.69113E-01 4.13416E-01 2.16867E-01 9.83331E-02 5.22757E-03 3.75081E+00 
5.22757E-03 1.03480E-01 2.21721E-01 3.28569E-01 3.27351E-01 3.74385E-01 4.18871E-01 2.21708E-01 1.03480E-01 5.22757E-03 3.88398E+00 
5.22757E-03 1.29053E-01 2.45835E-01 3.52562E-01 3.51667E-01 4.00574E-01 4.45944E-01 2.45819E-01 1.29053E-01 5.22757E-03 4.54174E+00 
5.22757E-03 1.56372E-01 2.71690E-01 3.78281E-01 3.77715E-01 4.28537E-01 4.74821E-01 2.71672E-01 1.56372E-01 5.22757E-03 5.23615E+00 
5.22757E-03 1.85454E-01 2.99306E-01 4.05745E-01 4.05515E-01 4.58292E-01 5.05518E-01 2.99284E-01 1.85454E-01 5.22757E-03 5.96476E+00 
5.22757E-03 2.16307E-01 3.28691E-01 4.34961E-01 4.35072E-01 4.89843E-01 5.38042E-01 3.28666E-01 2.16307E-01 5.22757E-03 6.72455E+00 
2.96291E-02 2.48830E-01 3.59760E-01 4.65842E-01 4.66297E-01 5.23080E-01 5.72271E-01 3.59732E-01 2.48830E-01 2.96291E-02 7.45498E+00 
6.70530E-02 2.83150E-01 3.92620E-01 4.98495E-01 4.99300E-01 5.58139E-01 6.08358E-01 3.92588E-01 2.83150E-01 6.70530E-02 8.19807E+00 
1.06299E-01 3.19259E-01 4.27262E-01 5.32909E-01 5.34072E-01 5.95016E-01 6.46298E-01 4.27226E-01 3.19259E-01 1.06299E-01 8.96168E+00 
1.47312E-01 3.57108E-01 4.63637E-01 5.69035E-01 5.70562E-01 6.33658E-01 6.86041E-01 4.63598E-01 3.57108E-01 1.47312E-01 9.74140E+00 
1.90022E-01 3.96629E-01 5.01680E-01 6.06806E-01 6.08704E-01 6.73997E-01 7.27515E-01 5.01637E-01 3.96629E-01 1.90022E-01 1.05325E+01 
2.34342E-01 4.37738E-01 5.41310E-01 6.46140E-01 6.48414E-01 7.15945E-01 7.70637E-01 5.41262E-01 4.37738E-01 2.34342E-01 1.13298E+01 
2.80166E-01 4.80333E-01 5.82424E-01 6.86934E-01 6.89589E-01 7.59399E-01 8.15300E-01 5.82372E-01 4.80333E-01 2.80166E-01 1.21280E+01 
3.27371E-01 5.24295E-01 6.24905E-01 7.29070E-01 7.32112E-01 8.04237E-01 8.61382E-01 6.24850E-01 5.24295E-01 3.27371E-01 1.29216E+01 
3.75817E-01 5.69487E-01 6.68620E-01 7.72413E-01 7.75844E-01 8.50319E-01 9.08745E-01 6.68559E-01 5.69487E-01 3.75817E-01 1.37051E+01 
4.25351E-01 6.15758E-01 7.13417E-01 8.16811E-01 8.20636E-01 8.97491E-01 9.57233E-01 7.13352E-01 6.15758E-01 4.25351E-01 1.44730E+01 
4.75802E-01 6.62940E-01 7.59130E-01 8.62099E-01 8.66319E-01 9.45583E-01 1.00667E+00 7.59060E-01 6.62940E-01 4.75802E-01 1.52199E+01 
5.26987E-01 7.10854E-01 8.05582E-01 9.08096E-01 9.12714E-01 9.94412E-01 1.05689E+00 8.05507E-01 7.10854E-01 5.26987E-01 1.59407E+01 
5.78711E-01 7.59308E-01 8.52580E-01 9.54611E-01 9.59628E-01 1.04378E+00 1.10767E+00 8.52500E-01 7.59308E-01 5.78711E-01 1.66306E+01 
4.71153E-03 4.39912E-02 9.51152E-02 2.04125E-01 2.01884E-01 2.44764E-01 2.86998E-01 9.51181E-02 4.39912E-02 4.71153E-03 6.90344E-01 
4.71153E-03 4.39912E-02 1.07565E-01 2.16466E-01 2.14531E-01 2.59080E-01 3.02044E-01 1.07566E-01 4.39912E-02 4.71153E-03 1.06987E+00 
4.71153E-03 6.40756E-03 1.21001E-01 2.29783E-01 2.28156E-01 2.74394E-01 3.18104E-01 1.20999E-01 6.40756E-03 4.71153E-03 1.46607E+00 
4.71153E-03 2.20683E-02 1.35454E-01 2.44106E-01 2.42790E-01 2.90737E-01 3.35214E-01 1.35449E-01 2.20683E-02 4.71153E-03 1.87351E+00 
4.71153E-03 3.88837E-02 1.51051E-01 2.59561E-01 2.58563E-01 3.08261E-01 3.53530E-01 1.51044E-01 3.88837E-02 4.71153E-03 2.31026E+00 
4.71153E-03 5.68791E-02 1.67820E-01 2.76175E-01 2.75502E-01 3.26990E-01 3.73079E-01 1.67810E-01 5.68791E-02 4.71153E-03 2.77587E+00 
4.71153E-03 7.60774E-02 1.85785E-01 2.93972E-01 2.93629E-01 3.46946E-01 3.93882E-01 1.85772E-01 7.60774E-02 4.71153E-03 3.26958E+00 
4.71153E-03 9.17689E-02 2.00518E-01 3.08565E-01 3.08483E-01 3.63241E-01 4.10850E-01 2.00503E-01 9.17689E-02 4.71153E-03 3.67019E+00 
4.71153E-03 9.64961E-02 2.04965E-01 3.12969E-01 3.12963E-01 3.68147E-01 4.15956E-01 2.04948E-01 9.64961E-02 4.71153E-03 3.79029E+00 
4.71153E-03 1.19895E-01 2.27022E-01 3.34814E-01 3.35177E-01 3.92414E-01 4.41197E-01 2.27002E-01 1.19895E-01 4.71153E-03 4.38032E+00 
4.71153E-03 1.44735E-01 2.50517E-01 3.58079E-01 3.58817E-01 4.18149E-01 4.67936E-01 2.50494E-01 1.44735E-01 4.71153E-03 4.99780E+00 
4.71153E-03 1.71018E-01 2.75453E-01 3.82766E-01 3.83884E-01 4.45350E-01 4.96174E-01 2.75425E-01 1.71018E-01 4.71153E-03 5.64006E+00 
4.71153E-03 1.98733E-01 3.01819E-01 4.08865E-01 4.10368E-01 4.74005E-01 5.25899E-01 3.01788E-01 1.98733E-01 4.71153E-03 6.30399E+00 
2.66493E-02 2.27803E-01 3.29553E-01 4.36311E-01 4.38200E-01 5.04020E-01 5.57006E-01 3.29518E-01 2.27803E-01 2.66493E-02 6.93451E+00 
6.01250E-02 2.58294E-01 3.58703E-01 4.65152E-01 4.67432E-01 5.35477E-01 5.89593E-01 3.58663E-01 2.58294E-01 6.01250E-02 7.56980E+00 
9.50200E-02 2.90175E-01 3.89235E-01 4.95351E-01 4.98029E-01 5.68346E-01 6.23632E-01 3.89191E-01 2.90175E-01 9.50200E-02 8.21679E+00 
1.31268E-01 3.23383E-01 4.21089E-01 5.26848E-01 5.29928E-01 6.02561E-01 6.59057E-01 4.21041E-01 3.23383E-01 1.31268E-01 8.87135E+00 
1.68788E-01 3.57840E-01 4.54190E-01 5.59565E-01 5.63053E-01 6.38044E-01 6.95788E-01 4.54136E-01 3.57840E-01 1.68788E-01 9.52913E+00 
2.07485E-01 3.93456E-01 4.88446E-01 5.93412E-01 5.97312E-01 6.74699E-01 7.33731E-01 4.88388E-01 3.93456E-01 2.07485E-01 1.01856E+01 
2.47250E-01 4.30124E-01 5.23755E-01 6.28284E-01 6.32599E-01 7.12417E-01 7.72776E-01 5.23691E-01 4.30124E-01 2.47250E-01 1.08361E+01 
2.87961E-01 4.67726E-01 5.59997E-01 6.64063E-01 6.68795E-01 7.51075E-01 8.12800E-01 5.59929E-01 4.67726E-01 2.87961E-01 1.14759E+01 
3.29482E-01 5.06128E-01 5.97043E-01 7.00616E-01 7.05768E-01 7.90538E-01 8.53667E-01 5.96969E-01 5.06128E-01 3.29482E-01 1.21005E+01 
3.71666E-01 5.45187E-01 6.34749E-01 7.37800E-01 7.43373E-01 8.30658E-01 8.95227E-01 6.34670E-01 5.45187E-01 3.71666E-01 1.27054E+01 
4.14356E-01 5.84749E-01 6.72962E-01 7.75462E-01 7.81455E-01 8.71277E-01 9.37322E-01 6.72877E-01 5.84749E-01 4.14356E-01 1.32863E+01 
4.57385E-01 6.24650E-01 7.11520E-01 8.13438E-01 8.19851E-01 9.12227E-01 9.79782E-01 7.11430E-01 6.24650E-01 4.57385E-01 1.38391E+01 
5.00580E-01 6.64719E-01 7.50254E-01 8.51559E-01 8.58390E-01 9.53332E-01 1.02243E+00 7.50157E-01 6.64719E-01 5.00580E-01 1.43604E+01 
4.22904E-03 4.12383E-02 8.65868E-02 1.96933E-01 1.95946E-01 2.46927E-01 2.92010E-01 8.65900E-02 4.12383E-02 4.22904E-03 8.34918E-01 
4.22904E-03 4.12383E-02 9.84891E-02 2.08651E-01 2.08016E-01 2.60838E-01 3.06731E-01 9.84892E-02 4.12383E-02 4.22904E-03 1.19465E+00 
4.22904E-03 6.05483E-03 1.11236E-01 2.21201E-01 2.20921E-01 2.75600E-01 3.22321E-01 1.11233E-01 6.05483E-03 4.22904E-03 1.56649E+00 
4.22904E-03 2.07804E-02 1.24850E-01 2.34607E-01 2.34682E-01 2.91239E-01 3.38810E-01 1.24843E-01 2.07804E-02 4.22904E-03 1.94519E+00 
4.22904E-03 3.64872E-02 1.39436E-01 2.48970E-01 2.49407E-01 3.07882E-01 3.56334E-01 1.39427E-01 3.64872E-02 4.22904E-03 2.34762E+00 
4.22904E-03 5.31889E-02 1.55011E-01 2.64306E-01 2.65111E-01 3.25544E-01 3.74905E-01 1.54997E-01 5.31889E-02 4.22904E-03 2.77297E+00 
4.22904E-03 7.08967E-02 1.71584E-01 2.80626E-01 2.81804E-01 3.44234E-01 3.94535E-01 1.71567E-01 7.08967E-02 4.22904E-03 3.22017E+00 
4.22904E-03 8.52925E-02 1.85099E-01 2.93933E-01 2.95404E-01 3.59403E-01 4.10453E-01 1.85079E-01 8.52925E-02 4.22904E-03 3.58034E+00 
4.22904E-03 8.96164E-02 1.89165E-01 2.97937E-01 2.99493E-01 3.63955E-01 4.15228E-01 1.89144E-01 8.96164E-02 4.22904E-03 3.68786E+00 
4.22904E-03 1.10936E-01 2.09251E-01 3.17713E-01 3.19683E-01 3.86376E-01 4.38729E-01 2.09226E-01 1.10936E-01 4.22904E-03 4.21319E+00 
4.22904E-03 1.33427E-01 2.30506E-01 3.38638E-01 3.41025E-01 4.09988E-01 4.63458E-01 2.30476E-01 1.33427E-01 4.22904E-03 4.75800E+00 
4.22904E-03 1.57076E-01 2.52916E-01 3.60697E-01 3.63506E-01 4.34775E-01 4.89397E-01 2.52881E-01 1.57076E-01 4.22904E-03 5.31956E+00 
4.22904E-03 1.81859E-01 2.76460E-01 3.83869E-01 3.87102E-01 4.60712E-01 5.16522E-01 2.76420E-01 1.81859E-01 4.22904E-03 5.89479E+00 
2.38704E-02 2.07717E-01 3.01090E-01 4.08106E-01 4.11762E-01 4.87717E-01 5.44739E-01 3.01046E-01 2.07717E-01 2.38704E-02 6.43389E+00 
5.36881E-02 2.34670E-01 3.26811E-01 4.33408E-01 4.37491E-01 5.15831E-01 5.74105E-01 3.26761E-01 2.34670E-01 5.36881E-02 6.97147E+00 
8.45802E-02 2.62671E-01 3.53573E-01 4.59725E-01 4.64239E-01 5.45006E-01 6.04576E-01 3.53518E-01 2.62671E-01 8.45802E-02 7.51368E+00 
1.16473E-01 2.91649E-01 3.81308E-01 4.86987E-01 4.91936E-01 5.75170E-01 6.36079E-01 3.81247E-01 2.91649E-01 1.16473E-01 8.05677E+00 
1.49280E-01 3.21521E-01 4.09934E-01 5.15112E-01 5.20498E-01 6.06236E-01 6.68526E-01 4.09867E-01 3.21521E-01 1.49280E-01 8.59689E+00 
1.82905E-01 3.52195E-01 4.39360E-01 5.44007E-01 5.49833E-01 6.38107E-01 7.01821E-01 4.39287E-01 3.52195E-01 1.82905E-01 9.13009E+00 
2.17240E-01 3.83566E-01 4.69481E-01 5.73569E-01 5.79835E-01 6.70673E-01 7.35852E-01 4.69403E-01 3.83566E-01 2.17240E-01 9.65244E+00 
2.52166E-01 4.15518E-01 5.00186E-01 6.03683E-01 6.10389E-01 7.03816E-01 7.70500E-01 5.00101E-01 4.15518E-01 2.52166E-01 1.01601E+01 
2.87556E-01 4.47927E-01 5.31350E-01 6.34225E-01 6.41371E-01 7.37406E-01 8.05635E-01 5.31259E-01 4.47927E-01 2.87556E-01 1.06492E+01 
3.23276E-01 4.80661E-01 5.62842E-01 6.65064E-01 6.72647E-01 7.71308E-01 8.41119E-01 5.62745E-01 4.80661E-01 3.23276E-01 1.11164E+01 
3.59181E-01 5.13580E-01 5.94523E-01 6.96060E-01 7.04077E-01 8.05376E-01 8.76806E-01 5.94420E-01 5.13580E-01 3.59181E-01 1.15584E+01 
3.95125E-01 5.46540E-01 6.26251E-01 7.27071E-01 7.35518E-01 8.39462E-01 9.12546E-01 6.26141E-01 5.46540E-01 3.95125E-01 1.19721E+01 
4.30956E-01 5.79393E-01 6.57877E-01 7.57947E-01 7.66820E-01 8.73411E-01 9.48183E-01 6.57760E-01 5.79393E-01 4.30956E-01 1.23549E+01 
3.77967E-03 3.84864E-02 7.89487E-02 1.90305E-01 1.90987E-01 2.51277E-01 2.99247E-01 7.89517E-02 3.84864E-02 3.77967E-03 9.70252E-01 
3.77967E-03 3.84864E-02 9.02642E-02 2.01354E-01 2.02432E-01 2.64734E-01 3.13615E-01 9.02633E-02 3.84864E-02 3.77967E-03 1.30887E+00 
3.77967E-03 5.69512E-03 1.02294E-01 2.13105E-01 2.14579E-01 2.78907E-01 3.28719E-01 1.02289E-01 5.69512E-03 3.77967E-03 1.65542E+00 
3.77967E-03 1.94792E-02 1.15056E-01 2.25572E-01 2.27443E-01 2.93813E-01 3.44581E-01 1.15047E-01 1.94792E-02 3.77967E-03 2.00487E+00 
3.77967E-03 3.40861E-02 1.28633E-01 2.38838E-01 2.41111E-01 3.09563E-01 3.61320E-01 1.28619E-01 3.40861E-02 3.77967E-03 2.37295E+00 
3.77967E-03 4.95200E-02 1.43029E-01 2.52906E-01 2.55586E-01 3.26159E-01 3.78939E-01 1.43011E-01 4.95200E-02 3.77967E-03 2.75860E+00 
3.77967E-03 6.57824E-02 1.58249E-01 2.67779E-01 2.70871E-01 3.43600E-01 3.97436E-01 1.58226E-01 6.57824E-02 3.77967E-03 3.16053E+00 
3.77967E-03 7.89319E-02 1.70588E-01 2.79838E-01 2.83250E-01 3.57672E-01 4.12349E-01 1.70562E-01 7.89319E-02 3.77967E-03 3.48176E+00 
3.77967E-03 8.28696E-02 1.74289E-01 2.83454E-01 2.86960E-01 3.61880E-01 4.16807E-01 1.74261E-01 8.28696E-02 3.77967E-03 3.57724E+00 
3.77967E-03 1.02208E-01 1.92494E-01 3.01244E-01 3.05201E-01 3.82520E-01 4.38660E-01 1.92461E-01 1.02208E-01 3.77967E-03 4.04108E+00 
3.77967E-03 1.22479E-01 2.11629E-01 3.19940E-01 3.24350E-01 4.04104E-01 4.61497E-01 2.11590E-01 1.22479E-01 3.77967E-03 4.51761E+00 
3.77967E-03 1.43659E-01 2.31670E-01 3.39519E-01 3.44385E-01 4.26604E-01 4.85289E-01 2.31625E-01 1.43659E-01 3.77967E-03 5.00413E+00 
3.77967E-03 1.65713E-01 2.52586E-01 3.59948E-01 3.65271E-01 4.49985E-01 5.10000E-01 2.52535E-01 1.65713E-01 3.77967E-03 5.49774E+00 
2.12888E-02 1.88596E-01 2.74340E-01 3.81194E-01 3.86968E-01 4.74175E-01 5.35545E-01 2.74283E-01 1.88596E-01 2.12888E-02 5.95369E+00 
4.77311E-02 2.12295E-01 2.96907E-01 4.03224E-01 4.09451E-01 4.99184E-01 5.61953E-01 2.96844E-01 2.12295E-01 4.77311E-02 6.40326E+00 
7.49552E-02 2.36751E-01 3.20226E-01 4.25976E-01 4.32658E-01 5.24955E-01 5.89169E-01 3.20156E-01 2.36751E-01 7.49552E-02 6.85194E+00 
1.02884E-01 2.61892E-01 3.44225E-01 4.49377E-01 4.56516E-01 5.51409E-01 6.17115E-01 3.44149E-01 2.61892E-01 1.02884E-01 7.29646E+00 
1.31431E-01 2.87634E-01 3.68822E-01 4.73345E-01 4.80940E-01 5.78460E-01 6.45702E-01 3.68739E-01 2.87634E-01 1.31431E-01 7.73346E+00 
1.60502E-01 3.13885E-01 3.93927E-01 4.97789E-01 5.05839E-01 6.06009E-01 6.74833E-01 3.93837E-01 3.13885E-01 1.60502E-01 8.15964E+00 
1.89992E-01 3.40545E-01 4.19441E-01 5.22609E-01 5.31112E-01 6.33953E-01 7.04400E-01 4.19344E-01 3.40545E-01 1.89992E-01 8.57175E+00 
2.19792E-01 3.67507E-01 4.45258E-01 5.47700E-01 5.56652E-01 6.62179E-01 7.34291E-01 4.45154E-01 3.67507E-01 2.19792E-01 8.96669E+00 
2.49784E-01 3.94658E-01 4.71265E-01 5.72947E-01 5.82344E-01 6.90567E-01 7.64384E-01 4.71153E-01 3.94658E-01 2.49784E-01 9.34154E+00 
2.79847E-01 4.21877E-01 4.97345E-01 5.98233E-01 6.08070E-01 7.18995E-01 7.94555E-01 4.97226E-01 4.21877E-01 2.79847E-01 9.69363E+00 
3.09855E-01 4.49044E-01 5.23376E-01 6.23435E-01 6.33706E-01 7.47334E-01 8.24672E-01 5.23249E-01 4.49044E-01 3.09855E-01 1.00206E+01 
3.39681E-01 4.76032E-01 5.49233E-01 6.48431E-01 6.59128E-01 7.75453E-01 8.54605E-01 5.49099E-01 4.76032E-01 3.39681E-01 1.03202E+01 
3.69196E-01 5.02716E-01 5.74792E-01 6.73095E-01 6.84208E-01 8.03222E-01 8.84218E-01 5.74650E-01 5.02716E-01 3.69196E-01 1.05909E+01 
3.36274E-03 3.57509E-02 7.21242E-02 1.84181E-01 1.86993E-01 2.57869E-01 3.08821E-01 7.21261E-02 3.57509E-02 3.36274E-03 1.09562E+00 
3.36274E-03 3.57509E-02 8.28218E-02 1.94521E-01 1.97767E-01 2.70819E-01 3.22809E-01 8.28186E-02 3.57509E-02 3.36274E-03 1.41192E+00 
3.36274E-03 5.33103E-03 9.41155E-02 2.05442E-01 2.09120E-01 2.84358E-01 3.37410E-01 9.41071E-02 5.33103E-03 3.36274E-03 1.73238E+00 
3.36274E-03 1.81730E-02 1.06017E-01 2.16955E-01 2.21064E-01 2.98499E-01 3.52639E-01 1.06003E-01 1.81730E-02 3.36274E-03 2.05223E+00 
3.36274E-03 3.16942E-02 1.18591E-01 2.29120E-01 2.33664E-01 3.13334E-01 3.68599E-01 1.18571E-01 3.16942E-02 3.36274E-03 2.38612E+00 
3.36274E-03 4.58909E-02 1.31834E-01 2.41934E-01 2.46916E-01 3.28858E-01 3.85284E-01 1.31809E-01 4.58909E-02 3.36274E-03 2.73281E+00 
3.36274E-03 6.07570E-02 1.45741E-01 2.55391E-01 2.60814E-01 3.45060E-01 4.02687E-01 1.45710E-01 6.07570E-02 3.36274E-03 3.09092E+00 
3.36274E-03 7.27121E-02 1.56952E-01 2.66239E-01 2.72004E-01 3.58055E-01 4.16635E-01 1.56916E-01 7.27121E-02 3.36274E-03 3.37484E+00 
3.36274E-03 7.62813E-02 1.60303E-01 2.69482E-01 2.75346E-01 3.61928E-01 4.20791E-01 1.60266E-01 7.62813E-02 3.36274E-03 3.45886E+00 
3.36274E-03 9.37403E-02 1.76720E-01 2.85367E-01 2.91709E-01 3.80841E-01 4.41079E-01 1.76676E-01 9.37403E-02 3.36274E-03 3.86457E+00 
3.36274E-03 1.11922E-01 1.93858E-01 3.01945E-01 3.08766E-01 4.00477E-01 4.62132E-01 1.93807E-01 1.11922E-01 3.36274E-03 4.27728E+00 
3.36274E-03 1.30794E-01 2.11685E-01 3.19187E-01 3.26485E-01 4.20801E-01 4.83916E-01 2.11626E-01 1.30794E-01 3.36274E-03 4.69445E+00 
3.36274E-03 1.50318E-01 2.30163E-01 3.37053E-01 3.44826E-01 4.41771E-01 5.06387E-01 2.30097E-01 1.50318E-01 3.36274E-03 5.11338E+00 
1.88998E-02 1.70457E-01 2.49265E-01 3.55520E-01 3.63760E-01 4.63321E-01 5.29461E-01 2.49192E-01 1.70457E-01 1.88998E-02 5.49417E+00 
4.22394E-02 1.91175E-01 2.68944E-01 3.74532E-01 3.83238E-01 4.85441E-01 5.53152E-01 2.68864E-01 1.91175E-01 4.22394E-02 5.86498E+00 
6.61163E-02 2.12410E-01 2.89134E-01 3.94021E-01 4.03193E-01 5.08067E-01 5.77399E-01 2.89046E-01 2.12410E-01 6.61163E-02 6.23077E+00 
9.04533E-02 2.34086E-01 3.09763E-01 4.13916E-01 4.23550E-01 5.31121E-01 6.02122E-01 3.09666E-01 2.34086E-01 9.04533E-02 6.58874E+00 
1.15167E-01 2.56125E-01 3.30751E-01 4.34135E-01 4.44228E-01 5.54517E-01 6.27232E-01 3.30646E-01 2.56125E-01 1.15167E-01 6.93609E+00 
1.40166E-01 2.78438E-01 3.52013E-01 4.54593E-01 4.65141E-01 5.78161E-01 6.52637E-01 3.51900E-01 2.78438E-01 1.40166E-01 7.27011E+00 
1.65355E-01 3.00934E-01 3.73457E-01 4.75198E-01 4.86195E-01 6.01955E-01 6.78235E-01 3.73335E-01 3.00934E-01 1.65355E-01 7.58822E+00 
1.90634E-01 3.23514E-01 3.94986E-01 4.95854E-01 5.07292E-01 6.25796E-01 7.03921E-01 3.94856E-01 3.23514E-01 1.90634E-01 7.88803E+00 
2.15898E-01 3.46077E-01 4.16501E-01 5.16459E-01 5.28330E-01 6.49577E-01 7.29586E-01 4.16362E-01 3.46077E-01 2.15898E-01 8.16735E+00 
2.41040E-01 3.68520E-01 4.37898E-01 5.36911E-01 5.49206E-01 6.73189E-01 7.55117E-01 4.37751E-01 3.68520E-01 2.41040E-01 8.42426E+00 
2.65952E-01 3.90737E-01 4.59073E-01 5.57106E-01 5.69814E-01 6.96519E-01 7.80401E-01 4.58917E-01 3.90737E-01 2.65952E-01 8.65711E+00 
2.90527E-01 4.12623E-01 4.79922E-01 5.76940E-01 5.90050E-01 7.19458E-01 8.05324E-01 4.79758E-01 4.12623E-01 2.90527E-01 8.86454E+00 
3.14658E-01 4.34074E-01 5.00341E-01 5.96309E-01 6.09808E-01 7.41895E-01 8.29773E-01 5.00168E-01 4.34074E-01 3.14658E-01 9.04551E+00 
2.97758E-03 3.30469E-02 6.60434E-02 1.78481E-01 1.83916E-01 2.66686E-01 3.20822E-01 6.60422E-02 3.30469E-02 2.97758E-03 1.21006E+00 
2.97758E-03 3.30469E-02 7.60994E-02 1.88075E-01 1.93972E-01 2.79068E-01 3.34403E-01 7.60916E-02 3.30469E-02 2.97758E-03 1.50299E+00 
2.97758E-03 4.96517E-03 8.66441E-02 1.98142E-01 2.04495E-01 2.91923E-01 3.48480E-01 8.66296E-02 4.96517E-03 2.97758E-03 1.79674E+00 
2.97758E-03 1.68703E-02 9.76849E-02 2.08686E-01 2.15493E-01 3.05258E-01 3.63065E-01 9.76635E-02 1.68703E-02 2.97758E-03 2.08686E+00 
2.97758E-03 2.93253E-02 1.09269E-01 2.19752E-01 2.27014E-01 3.19150E-01 3.78249E-01 1.09241E-01 2.93253E-02 2.97758E-03 2.38693E+00 
2.97758E-03 4.23203E-02 1.21388E-01 2.31329E-01 2.39046E-01 3.33586E-01 3.94018E-01 1.21352E-01 4.23203E-02 2.97758E-03 2.69564E+00 
2.97758E-03 5.58432E-02 1.34030E-01 2.43405E-01 2.51579E-01 3.48551E-01 4.10356E-01 1.33987E-01 5.58432E-02 2.97758E-03 3.01157E+00 
2.97758E-03 6.66586E-02 1.44162E-01 2.53082E-01 2.61609E-01 3.60481E-01 4.23375E-01 1.44113E-01 6.66586E-02 2.97758E-03 3.25997E+00 
2.97758E-03 6.98776E-02 1.47181E-01 2.55965E-01 2.64595E-01 3.64025E-01 4.27242E-01 1.47130E-01 6.98776E-02 2.97758E-03 3.33313E+00 
2.97758E-03 8.55597E-02 1.61907E-01 2.70027E-01 2.79146E-01 3.81252E-01 4.46037E-01 1.61847E-01 8.55597E-02 2.97758E-03 3.68423E+00 
2.97758E-03 1.01782E-01 1.77170E-01 2.84599E-01 2.94203E-01 3.99007E-01 4.65406E-01 1.77102E-01 1.01782E-01 2.97758E-03 4.03767E+00 
2.97758E-03 1.18509E-01 1.92938E-01 2.99643E-01 3.09730E-01 4.17251E-01 4.85306E-01 1.92860E-01 1.18509E-01 2.97758E-03 4.39114E+00 
2.97758E-03 1.35697E-01 2.09167E-01 3.15120E-01 3.25684E-01 4.35935E-01 5.05691E-01 2.09080E-01 1.35697E-01 2.97758E-03 4.74223E+00 
1.66986E-02 1.53317E-01 2.25836E-01 3.31013E-01 3.42042E-01 4.55000E-01 5.26478E-01 2.25741E-01 1.53317E-01 1.66986E-02 5.05556E+00 
3.71990E-02 1.71320E-01 2.42886E-01 3.47252E-01 3.58742E-01 4.74423E-01 5.47671E-01 2.42781E-01 1.71320E-01 3.71990E-02 5.35640E+00 
5.80349E-02 1.89640E-01 2.60248E-01 3.63768E-01 3.75712E-01 4.94137E-01 5.69206E-01 2.60134E-01 1.89640E-01 5.80349E-02 5.64932E+00 
7.91324E-02 2.08207E-01 2.77854E-01 3.80490E-01 3.92883E-01 5.14066E-01 5.91005E-01 2.77730E-01 2.08207E-01 7.91324E-02 5.93195E+00 
1.00412E-01 2.26945E-01 2.95629E-01 3.97343E-01 4.10179E-01 5.34128E-01 6.12983E-01 2.95495E-01 2.26945E-01 1.00412E-01 6.20203E+00 
1.21792E-01 2.45774E-01 3.13494E-01 4.14250E-01 4.27518E-01 5.54236E-01 6.35052E-01 3.13350E-01 2.45774E-01 1.21792E-01 6.45745E+00 
1.43183E-01 2.64610E-01 3.31365E-01 4.31126E-01 4.44818E-01 5.74300E-01 6.57119E-01 3.31212E-01 2.64610E-01 1.43183E-01 6.69622E+00 
1.64497E-01 2.83367E-01 3.49159E-01 4.47888E-01 4.61991E-01 5.94228E-01 6.79088E-01 3.48996E-01 2.83367E-01 1.64497E-01 6.91659E+00 
1.85644E-01 3.01956E-01 3.66788E-01 4.64447E-01 4.78949E-01 6.13925E-01 7.00862E-01 3.66615E-01 3.01956E-01 1.85644E-01 7.11701E+00 
2.06532E-01 3.20291E-01 3.84164E-01 4.80718E-01 4.95605E-01 6.33297E-01 7.22344E-01 3.83981E-01 3.20291E-01 2.06532E-01 7.29621E+00 
2.27069E-01 3.38282E-01 4.01200E-01 4.96612E-01 5.11870E-01 6.52249E-01 7.43434E-01 4.01007E-01 3.38282E-01 2.27069E-01 7.45314E+00 
2.47168E-01 3.55843E-01 4.17810E-01 5.12045E-01 5.27658E-01 6.70690E-01 7.64037E-01 4.17608E-01 3.55843E-01 2.47168E-01 7.58708E+00 
2.66741E-01 3.72890E-01 4.33911E-01 5.26935E-01 5.42885E-01 6.88529E-01 7.84060E-01 4.33700E-01 3.72890E-01 2.66741E-01 7.69754E+00 
2.62349E-03 3.03902E-02 6.06436E-02 1.73105E-01 1.81657E-01 2.77618E-01 3.35306E-01 6.06355E-02 3.03902E-02 2.62349E-03 1.31243E+00 
2.62349E-03 3.03902E-02 7.00420E-02 1.81923E-01 1.90947E-01 2.89365E-01 3.48447E-01 7.00254E-02 3.03902E-02 2.62349E-03 1.58116E+00 
2.62349E-03 4.60021E-03 7.98325E-02 1.91115E-01 2.00605E-01 3.01477E-01 3.61977E-01 7.98071E-02 4.60021E-03 2.62349E-03 1.84780E+00 
2.62349E-03 1.55796E-02 9.00186E-02 2.00683E-01 2.10631E-01 3.13957E-01 3.75905E-01 8.99845E-02 1.55796E-02 2.62349E-03 2.10828E+00 
2.62349E-03 2.69935E-02 1.00634E-01 2.10654E-01 2.21060E-01 3.26870E-01 3.90308E-01 1.00590E-01 2.69935E-02 2.62349E-03 2.37516E+00 
2.62349E-03 3.88273E-02 1.11664E-01 2.21014E-01 2.31876E-01 3.40195E-01 4.05169E-01 1.11611E-01 3.88273E-02 2.62349E-03 2.64710E+00 
2.62349E-03 5.10647E-02 1.23094E-01 2.31747E-01 2.43063E-01 3.53914E-01 4.20466E-01 1.23032E-01 5.10647E-02 2.62349E-03 2.92272E+00 
2.62349E-03 6.07977E-02 1.32200E-01 2.40296E-01 2.51959E-01 3.64783E-01 4.32586E-01 1.32130E-01 6.07977E-02 2.62349E-03 3.13755E+00 
2.62349E-03 6.36854E-02 1.34904E-01 2.42834E-01 2.54599E-01 3.68001E-01 4.36174E-01 1.34832E-01 6.36854E-02 2.62349E-03 3.20051E+00 
2.62349E-03 7.76960E-02 1.48038E-01 2.55157E-01 2.67401E-01 3.83572E-01 4.53538E-01 1.47956E-01 7.76960E-02 2.62349E-03 3.50065E+00 
2.62349E-03 9.20908E-02 1.61554E-01 2.67832E-01 2.80548E-01 3.99500E-01 4.71306E-01 1.61462E-01 9.20908E-02 2.62349E-03 3.79946E+00 
2.62349E-03 1.06832E-01 1.75416E-01 2.80819E-01 2.94000E-01 4.15741E-01 4.89433E-01 1.75313E-01 1.06832E-01 2.62349E-03 4.09487E+00 
2.62349E-03 1.21876E-01 1.89581E-01 2.94077E-01 3.07714E-01 4.32248E-01 5.07868E-01 1.89466E-01 1.21876E-01 2.62349E-03 4.38480E+00 
1.46804E-02 1.37197E-01 2.04032E-01 3.07597E-01 3.21674E-01 4.48965E-01 5.26530E-01 2.03906E-01 1.37197E-01 1.46804E-02 4.63806E+00 
3.25955E-02 1.52741E-01 2.18703E-01 3.21299E-01 3.35808E-01 4.65860E-01 5.45418E-01 2.18566E-01 1.52741E-01 3.25955E-02 4.87731E+00 
5.06834E-02 1.68442E-01 2.33527E-01 3.35116E-01 3.50047E-01 4.82868E-01 5.64470E-01 2.33378E-01 1.68442E-01 5.06834E-02 5.10672E+00 
6.88747E-02 1.84234E-01 2.48440E-01 3.48983E-01 3.64325E-01 4.99917E-01 5.83610E-01 2.48280E-01 1.84234E-01 6.88747E-02 5.32439E+00 
8.70971E-02 2.00049E-01 2.63373E-01 3.62831E-01 3.78572E-01 5.16930E-01 6.02759E-01 2.63202E-01 2.00049E-01 8.70971E-02 5.52859E+00 
1.05276E-01 2.15815E-01 2.78256E-01 3.76590E-01 3.92718E-01 5.33828E-01 6.21835E-01 2.78074E-01 2.15815E-01 1.05276E-01 5.71769E+00 
1.23334E-01 2.31458E-01 2.93017E-01 3.90188E-01 4.06688E-01 5.50532E-01 6.40753E-01 2.92823E-01 2.31458E-01 1.23334E-01 5.89028E+00 
1.41194E-01 2.46904E-01 3.07581E-01 4.03552E-01 4.20408E-01 5.66960E-01 6.59430E-01 3.07376E-01 2.46904E-01 1.41194E-01 6.04514E+00 
1.58779E-01 2.62079E-01 3.21876E-01 4.16609E-01 4.33804E-01 5.83032E-01 6.77779E-01 3.21659E-01 2.62079E-01 1.58779E-01 6.18128E+00 
1.76013E-01 2.76909E-01 3.35828E-01 4.29286E-01 4.46804E-01 5.98667E-01 6.95717E-01 3.35601E-01 2.76909E-01 1.76013E-01 6.29795E+00 
1.92821E-01 2.91322E-01 3.49366E-01 4.41515E-01 4.59335E-01 6.13787E-01 7.13161E-01 3.49128E-01 2.91322E-01 1.92821E-01 6.39463E+00 
2.09133E-01 3.05249E-01 3.62423E-01 4.53227E-01 4.71330E-01 6.28319E-01 7.30031E-01 3.62174E-01 3.05249E-01 2.09133E-01 6.47105E+00 
2.24879E-01 3.18626E-01 3.74933E-01 4.64359E-01 4.82725E-01 6.42190E-01 7.46251E-01 3.74674E-01 3.18626E-01 2.24879E-01 6.52717E+00 
2.29968E-03 2.77962E-02 5.58687E-02 1.67932E-01 1.80053E-01 2.90443E-01 3.52287E-01 5.58465E-02 2.77962E-02 2.29968E-03 1.40152E+00 
2.29968E-03 2.77962E-02 6.46012E-02 1.75948E-01 1.88531E-01 3.01481E-01 3.64949E-01 6.45680E-02 2.77962E-02 2.29968E-03 1.64545E+00 
2.29968E-03 4.23876E-03 7.36392E-02 1.84251E-01 1.97285E-01 3.12785E-01 3.77903E-01 7.35949E-02 4.23876E-03 2.29968E-03 1.88486E+00 
2.29968E-03 1.43096E-02 8.29839E-02 1.92839E-01 2.06316E-01 3.24355E-01 3.91151E-01 8.29284E-02 1.43096E-02 2.29968E-03 2.11607E+00 
2.29968E-03 2.47128E-02 9.26561E-02 2.01727E-01 2.15641E-01 3.36244E-01 4.04763E-01 9.25892E-02 2.47128E-02 2.29968E-03 2.35063E+00 
2.29968E-03 3.54309E-02 1.02639E-01 2.10896E-01 2.25243E-01 3.48428E-01 4.18716E-01 1.02561E-01 3.54309E-02 2.29968E-03 2.58728E+00 
2.29968E-03 4.64445E-02 1.12914E-01 2.20328E-01 2.35102E-01 3.60883E-01 4.32986E-01 1.12824E-01 4.64445E-02 2.29968E-03 2.82469E+00 
2.29968E-03 5.51550E-02 1.21051E-01 2.27793E-01 2.42893E-01 3.70690E-01 4.44226E-01 1.20952E-01 5.51550E-02 2.29968E-03 3.00804E+00 
2.29968E-03 5.77312E-02 1.23460E-01 2.30001E-01 2.45195E-01 3.73583E-01 4.47543E-01 1.23357E-01 5.77312E-02 2.29968E-03 3.06148E+00 
2.29968E-03 7.01778E-02 1.35105E-01 2.40673E-01 2.56310E-01 3.87516E-01 4.63525E-01 1.34990E-01 7.01778E-02 2.29968E-03 3.31448E+00 
2.29968E-03 8.28772E-02 1.47002E-01 2.51563E-01 2.67632E-01 4.01658E-01 4.79761E-01 1.46873E-01 8.28772E-02 2.29968E-03 3.56333E+00 
2.29968E-03 9.57911E-02 1.59112E-01 2.62632E-01 2.79122E-01 4.15963E-01 4.96205E-01 1.58971E-01 9.57911E-02 2.29968E-03 3.80626E+00 
2.29968E-03 1.08877E-01 1.71395E-01 2.73839E-01 2.90736E-01 4.30385E-01 5.12805E-01 1.71240E-01 1.08877E-01 2.29968E-03 4.04153E+00 
1.28397E-02 1.22114E-01 1.83837E-01 2.85181E-01 3.02467E-01 4.44872E-01 5.29483E-01 1.83669E-01 1.22114E-01 1.28397E-02 4.24182E+00 
2.84137E-02 1.35444E-01 1.96370E-01 2.96576E-01 3.14236E-01 4.59388E-01 5.46234E-01 1.96188E-01 1.35444E-01 2.84137E-02 4.42735E+00 
4.40320E-02 1.48807E-01 2.08931E-01 3.07959E-01 3.25980E-01 4.73872E-01 5.63000E-01 2.08736E-01 1.48807E-01 4.40320E-02 4.60198E+00 
5.96313E-02 1.62142E-01 2.21462E-01 3.19270E-01 3.37637E-01 4.88256E-01 5.79709E-01 2.21254E-01 1.62142E-01 5.96313E-02 4.76427E+00 
7.51469E-02 1.75387E-01 2.33903E-01 3.30450E-01 3.49147E-01 5.02472E-01 5.96289E-01 2.33681E-01 1.75387E-01 7.51469E-02 4.91290E+00 
9.05134E-02 1.88481E-01 2.46190E-01 3.41439E-01 3.60448E-01 5.16448E-01 6.12666E-01 2.45956E-01 1.88481E-01 9.05134E-02 5.04675E+00 
1.05665E-01 2.01361E-01 2.58263E-01 3.52174E-01 3.71477E-01 5.30116E-01 6.28763E-01 2.58016E-01 2.01361E-01 1.05665E-01 5.16485E+00 
1.20535E-01 2.13963E-01 2.70059E-01 3.62595E-01 3.82171E-01 5.43406E-01 6.44508E-01 2.69800E-01 2.13963E-01 1.20535E-01 5.26647E+00 
1.35061E-01 2.26227E-01 2.81519E-01 3.72642E-01 3.92472E-01 5.56251E-01 6.59826E-01 2.81247E-01 2.26227E-01 1.35061E-01 5.35106E+00 
1.49180E-01 2.38094E-01 2.92582E-01 3.82259E-01 4.02320E-01 5.68584E-01 6.74647E-01 2.92298E-01 2.38094E-01 1.49180E-01 5.41829E+00 
1.62834E-01 2.49506E-01 3.03194E-01 3.91390E-01 4.11660E-01 5.80344E-01 6.88903E-01 3.02899E-01 2.49506E-01 1.62834E-01 5.46805E+00 
1.75967E-01 2.60411E-01 3.13301E-01 3.99985E-01 4.20440E-01 5.91471E-01 7.02529E-01 3.12995E-01 2.60411E-01 1.75967E-01 5.50042E+00 
1.88527E-01 2.70760E-01 3.22856E-01 4.07996E-01 4.28613E-01 6.01911E-01 7.15465E-01 3.22539E-01 2.70760E-01 1.88527E-01 5.51568E+00 
2.00533E-03 2.52809E-02 5.16718E-02 1.62821E-01 1.78870E-01 3.04824E-01 3.71716E-01 5.16234E-02 2.52809E-02 2.00533E-03 1.47607E+00 
2.00533E-03 2.52809E-02 5.97376E-02 1.70018E-01 1.86492E-01 3.15072E-01 3.83855E-01 5.96752E-02 2.52809E-02 2.00533E-03 1.69492E+00 
2.00533E-03 3.88355E-03 6.80326E-02 1.77424E-01 1.94310E-01 3.25498E-01 3.96193E-01 6.79561E-02 3.88355E-03 2.00533E-03 1.90729E+00 
2.00533E-03 1.30688E-02 7.65561E-02 1.85038E-01 2.02322E-01 3.36099E-01 4.08731E-01 7.64656E-02 1.30688E-02 2.00533E-03 2.10987E+00 
2.00533E-03 2.24976E-02 8.53187E-02 1.92859E-01 2.10535E-01 3.46915E-01 4.21532E-01 8.52140E-02 2.24976E-02 2.00533E-03 2.31330E+00 
2.00533E-03 3.21504E-02 9.43018E-02 2.00870E-01 2.18928E-01 3.57920E-01 4.34568E-01 9.41827E-02 3.21504E-02 2.00533E-03 2.51639E+00 
2.00533E-03 4.20064E-02 1.03485E-01 2.09049E-01 2.27480E-01 3.69090E-01 4.47813E-01 1.03351E-01 4.20064E-02 2.00533E-03 2.71792E+00 
2.00533E-03 4.97571E-02 1.10714E-01 2.15480E-01 2.34192E-01 3.77828E-01 4.58184E-01 1.10569E-01 4.97571E-02 2.00533E-03 2.87202E+00 
2.00533E-03 5.20420E-02 1.12846E-01 2.17375E-01 2.36168E-01 3.80396E-01 4.61235E-01 1.12697E-01 5.20420E-02 2.00533E-03 2.91668E+00 
2.00533E-03 6.30346E-02 1.23109E-01 2.26487E-01 2.45657E-01 3.92702E-01 4.75867E-01 1.22945E-01 6.30346E-02 2.00533E-03 3.12647E+00 
2.00533E-03 7.41713E-02 1.33515E-01 2.35707E-01 2.55239E-01 4.05090E-01 4.90623E-01 1.33335E-01 7.41713E-02 2.00533E-03 3.33007E+00 
2.00533E-03 8.54148E-02 1.44027E-01 2.44998E-01 2.64876E-01 4.17514E-01 5.05456E-01 1.43831E-01 8.54148E-02 2.00533E-03 3.52602E+00 
2.00533E-03 9.67251E-02 1.54606E-01 2.54320E-01 2.74527E-01 4.29930E-01 5.20316E-01 1.54394E-01 9.67251E-02 2.00533E-03 3.71292E+00 
1.11710E-02 1.08086E-01 1.65243E-01 2.63679E-01 2.84193E-01 4.42293E-01 5.35123E-01 1.65016E-01 1.08086E-01 1.11710E-02 3.86698E+00 
2.46380E-02 1.19440E-01 1.75870E-01 2.72989E-01 2.93791E-01 4.54564E-01 5.49878E-01 1.75628E-01 1.19440E-01 2.46380E-02 4.00620E+00 
3.80508E-02 1.30730E-01 1.86431E-01 2.82191E-01 3.03263E-01 4.66686E-01 5.64523E-01 1.86173E-01 1.30730E-01 3.80508E-02 4.13415E+00 
5.13532E-02 1.41905E-01 1.96873E-01 2.91233E-01 3.12557E-01 4.78597E-01 5.78993E-01 1.96600E-01 1.41905E-01 5.13532E-02 4.24979E+00 
6.44888E-02 1.52910E-01 2.07144E-01 3.00064E-01 3.21619E-01 4.90237E-01 5.93223E-01 2.06857E-01 1.52910E-01 6.44888E-02 4.35220E+00 
7.74016E-02 1.63693E-01 2.17192E-01 3.08633E-01 3.30398E-01 5.01545E-01 6.07145E-01 2.16890E-01 1.63693E-01 7.74016E-02 4.44066E+00 
9.00359E-02 1.74201E-01 2.26964E-01 3.16889E-01 3.38842E-01 5.12462E-01 6.20695E-01 2.26648E-01 1.74201E-01 9.00359E-02 4.51462E+00 
1.02338E-01 1.84383E-01 2.36410E-01 3.24784E-01 3.46901E-01 5.22931E-01 6.33808E-01 2.36081E-01 1.84383E-01 1.02338E-01 4.57370E+00 
1.14256E-01 1.94191E-01 2.45482E-01 3.32270E-01 3.54528E-01 5.32896E-01 6.46422E-01 2.45140E-01 1.94191E-01 1.14256E-01 4.61772E+00 
1.25742E-01 2.03577E-01 2.54134E-01 3.39305E-01 3.61678E-01 5.42304E-01 6.58479E-01 2.53780E-01 2.03577E-01 1.25742E-01 4.64668E+00 
1.36750E-01 2.12499E-01 2.62324E-01 3.45847E-01 3.68310E-01 5.51108E-01 6.69924E-01 2.61958E-01 2.12499E-01 1.36750E-01 4.66076E+00 
1.47238E-01 2.20918E-01 2.70011E-01 3.51859E-01 3.74386E-01 5.59264E-01 6.80705E-01 2.69635E-01 2.20918E-01 1.47238E-01 4.66029E+00 
1.57169E-01 2.28799E-01 2.77163E-01 3.57308E-01 3.79875E-01 5.66731E-01 6.90775E-01 2.76776E-01 2.28799E-01 1.57169E-01 4.64578E+00 
1.73911E-03 2.28564E-02 4.80107E-02 1.57613E-01 1.77807E-01 3.20335E-01 3.93514E-01 4.79162E-02 2.28564E-02 1.73911E-03 1.53506E+00 
1.73911E-03 2.28564E-02 5.54156E-02 1.63981E-01 1.84532E-01 3.29712E-01 4.05074E-01 5.53037E-02 2.28564E-02 1.73911E-03 1.72885E+00 
1.73911E-03 3.53675E-03 6.29831E-02 1.70492E-01 1.91384E-01 3.39187E-01 4.16748E-01 6.28538E-02 3.53675E-03 1.73911E-03 1.91465E+00 
1.73911E-03 1.18643E-02 7.07111E-02 1.77142E-01 1.98360E-01 3.48755E-01 4.28535E-01 7.05645E-02 1.18643E-02 1.73911E-03 2.08953E+00 
1.73911E-03 2.03590E-02 7.86024E-02 1.83922E-01 2.05455E-01 3.58447E-01 4.40491E-01 7.84385E-02 2.03590E-02 1.73911E-03 2.26325E+00 
1.73911E-03 2.90005E-02 8.66373E-02 1.90813E-01 2.12648E-01 3.68235E-01 4.52588E-01 8.64559E-02 2.90005E-02 1.73911E-03 2.43471E+00 
1.73911E-03 3.77674E-02 9.47950E-02 1.97794E-01 2.19918E-01 3.78093E-01 4.64796E-01 9.45961E-02 3.77674E-02 1.73911E-03 2.60288E+00 
1.73911E-03 4.46220E-02 1.01177E-01 2.03243E-01 2.25581E-01 3.85750E-01 4.74298E-01 1.00964E-01 4.46220E-02 1.73911E-03 2.73005E+00 
1.73911E-03 4.66362E-02 1.03053E-01 2.04842E-01 2.27241E-01 3.87992E-01 4.77083E-01 1.02836E-01 4.66362E-02 1.73911E-03 2.76667E+00 
1.73911E-03 5.62844E-02 1.12040E-01 2.12490E-01 2.35168E-01 3.98678E-01 4.90381E-01 1.11805E-01 5.62844E-02 1.73911E-03 2.93719E+00 
1.73911E-03 6.59887E-02 1.21082E-01 2.20158E-01 2.43096E-01 4.09336E-01 5.03689E-01 1.20829E-01 6.59887E-02 1.73911E-03 3.10019E+00 
1.73911E-03 7.57143E-02 1.30145E-01 2.27810E-01 2.50989E-01 4.19926E-01 5.16959E-01 1.29873E-01 7.57143E-02 1.73911E-03 3.25449E+00 
1.73911E-03 8.54243E-02 1.39192E-01 2.35414E-01 2.58811E-01 4.30405E-01 5.30145E-01 1.38902E-01 8.54243E-02 1.73911E-03 3.39901E+00 
9.66597E-03 9.51068E-02 1.48218E-01 2.42977E-01 2.66569E-01 4.40737E-01 5.43171E-01 1.47911E-01 9.51068E-02 9.66597E-03 3.51314E+00 
2.12464E-02 1.04707E-01 1.57159E-01 2.50416E-01 2.74182E-01 4.50880E-01 5.56036E-01 1.56834E-01 1.04707E-01 2.12464E-02 3.61288E+00 
3.27000E-02 1.14174E-01 1.65963E-01 2.57678E-01 2.81596E-01 4.60782E-01 5.68690E-01 1.65622E-01 1.14174E-01 3.27000E-02 3.70152E+00 
4.39782E-02 1.23463E-01 1.74587E-01 2.64720E-01 2.88767E-01 4.70389E-01 5.81073E-01 1.74229E-01 1.23463E-01 4.39782E-02 3.77838E+00 
5.50330E-02 1.32530E-01 1.82986E-01 2.71498E-01 2.95651E-01 4.79649E-01 5.93126E-01 1.82612E-01 1.32530E-01 5.50330E-02 3.84288E+00 
6.58175E-02 1.41329E-01 1.91116E-01 2.77972E-01 3.02206E-01 4.88511E-01 6.04790E-01 1.90727E-01 1.41329E-01 6.58175E-02 3.89464E+00 
7.62862E-02 1.49819E-01 1.98935E-01 2.84102E-01 3.08391E-01 4.96926E-01 6.16009E-01 1.98532E-01 1.49819E-01 7.62862E-02 3.93342E+00 
8.63962E-02 1.57960E-01 2.06404E-01 2.89848E-01 3.14168E-01 5.04848E-01 6.26729E-01 2.05987E-01 1.57960E-01 8.63962E-02 3.95915E+00 
9.61070E-02 1.65712E-01 2.13484E-01 2.95178E-01 3.19502E-01 5.12232E-01 6.36899E-01 2.13055E-01 1.65712E-01 9.61070E-02 3.97191E+00 
1.05382E-01 1.73043E-01 2.20142E-01 3.00057E-01 3.24359E-01 5.19040E-01 6.46471E-01 2.19702E-01 1.73043E-01 1.05382E-01 3.97196E+00 
1.14186E-01 1.79919E-01 2.26347E-01 3.04458E-01 3.28712E-01 5.25234E-01 6.55400E-01 2.25896E-01 1.79919E-01 1.14186E-01 3.95967E+00 
1.22491E-01 1.86315E-01 2.32071E-01 3.08357E-01 3.32536E-01 5.30785E-01 6.63649E-01 2.31611E-01 1.86315E-01 1.22491E-01 3.93555E+00 
1.30272E-01 1.92206E-01 2.37291E-01 3.11733E-01 3.35810E-01 5.35665E-01 6.71181E-01 2.36823E-01 1.92206E-01 1.30272E-01 3.90023E+00 
1.50100E-03 2.05480E-02 4.48743E-02 1.52182E-01 1.76515E-01 3.36379E-01 4.17393E-01 4.47045E-02 2.05480E-02 1.50100E-03 1.57742E+00 
1.50100E-03 2.05480E-02 5.16341E-02 1.57724E-01 1.82317E-01 3.44810E-01 4.28310E-01 5.14431E-02 2.05480E-02 1.50100E-03 1.74664E+00 
1.50100E-03 3.20249E-03 5.84994E-02 1.63354E-01 1.88188E-01 3.53268E-01 4.39264E-01 5.82875E-02 3.20249E-03 1.50100E-03 1.90679E+00 
1.50100E-03 1.07096E-02 6.54675E-02 1.69067E-01 1.94124E-01 3.61748E-01 4.50251E-01 6.52350E-02 1.07096E-02 1.50100E-03 2.05533E+00 
1.50100E-03 1.83198E-02 7.25350E-02 1.74845E-01 2.00110E-01 3.70271E-01 4.61323E-01 7.22820E-02 1.83198E-02 1.50100E-03 2.20115E+00 
1.50100E-03 2.60126E-02 7.96822E-02 1.80668E-01 2.06126E-01 3.78811E-01 4.72449E-01 7.94087E-02 2.60126E-02 1.50100E-03 2.34331E+00 
1.50100E-03 3.37670E-02 8.68884E-02 1.86518E-01 2.12153E-01 3.87339E-01 4.83600E-01 8.65946E-02 3.37670E-02 1.50100E-03 2.48092E+00 
1.50100E-03 3.97951E-02 9.24909E-02 1.91049E-01 2.16808E-01 3.93913E-01 4.92224E-01 9.21815E-02 3.97951E-02 1.50100E-03 2.58369E+00 
1.50100E-03 4.15605E-02 9.41316E-02 1.92373E-01 2.18167E-01 3.95829E-01 4.94743E-01 9.38178E-02 4.15605E-02 1.50100E-03 2.61307E+00 
1.50100E-03 4.99806E-02 1.01956E-01 1.98667E-01 2.24611E-01 4.04907E-01 5.06710E-01 1.01621E-01 4.99806E-02 1.50100E-03 2.74850E+00 
1.50100E-03 5.83878E-02 1.09767E-01 2.04911E-01 2.30984E-01 4.13870E-01 5.18587E-01 1.09411E-01 5.83878E-02 1.50100E-03 2.87564E+00 
1.50100E-03 6.67506E-02 1.17532E-01 2.11076E-01 2.37255E-01 4.22678E-01 5.30330E-01 1.17156E-01 6.67506E-02 1.50100E-03 2.99360E+00 
1.50100E-03 7.50362E-02 1.25219E-01 2.17131E-01 2.43393E-01 4.31294E-01 5.41894E-01 1.24823E-01 7.50362E-02 1.50100E-03 3.10159E+00 
8.32357E-03 8.32362E-02 1.32825E-01 2.23092E-01 2.49412E-01 4.39691E-01 5.53208E-01 1.32411E-01 8.32362E-02 8.32357E-03 3.18186E+00 
1.82337E-02 9.12999E-02 1.40292E-01 2.28878E-01 2.55231E-01 4.47825E-01 5.64272E-01 1.39860E-01 9.12999E-02 1.82337E-02 3.24855E+00 
2.79668E-02 9.91841E-02 1.47576E-01 2.34441E-01 2.60803E-01 4.55648E-01 5.75041E-01 1.47126E-01 9.91841E-02 2.79668E-02 3.30475E+00 
3.74817E-02 1.06850E-01 1.54638E-01 2.39747E-01 2.66092E-01 4.63115E-01 5.85460E-01 1.54171E-01 1.06850E-01 3.74817E-02 3.35003E+00 
4.67383E-02 1.14262E-01 1.61442E-01 2.44761E-01 2.71064E-01 4.70183E-01 5.95478E-01 1.60960E-01 1.14262E-01 4.67383E-02 3.38412E+00 
5.56987E-02 1.21383E-01 1.67953E-01 2.49450E-01 2.75685E-01 4.76809E-01 6.05045E-01 1.67457E-01 1.21383E-01 5.56987E-02 3.40689E+00 
6.43265E-02 1.28181E-01 1.74138E-01 2.53784E-01 2.79925E-01 4.82954E-01 6.14112E-01 1.73629E-01 1.28181E-01 6.43265E-02 3.41836E+00 
7.25884E-02 1.34624E-01 1.79967E-01 2.57736E-01 2.83755E-01 4.88582E-01 6.22634E-01 1.79445E-01 1.34624E-01 7.25884E-02 3.41869E+00 
8.04539E-02 1.40684E-01 1.85411E-01 2.61280E-01 2.87152E-01 4.93660E-01 6.30569E-01 1.84878E-01 1.40684E-01 8.04539E-02 3.40815E+00 
8.78958E-02 1.46337E-01 1.90446E-01 2.64395E-01 2.90093E-01 4.98159E-01 6.37881E-01 1.89904E-01 1.46337E-01 8.78958E-02 3.38715E+00 
9.48907E-02 1.51561E-01 1.95051E-01 2.67062E-01 2.92560E-01 5.02055E-01 6.44535E-01 1.94501E-01 1.51561E-01 9.48907E-02 3.35621E+00 
1.01419E-01 1.56339E-01 1.99208E-01 2.69268E-01 2.94540E-01 5.05328E-01 6.50502E-01 1.98651E-01 1.56339E-01 1.01419E-01 3.31592E+00 
1.07464E-01 1.60655E-01 2.02903E-01 2.71000E-01 2.96023E-01 5.07960E-01 6.55758E-01 2.02342E-01 1.60655E-01 1.07464E-01 3.26698E+00 
1.28856E-03 1.83587E-02 4.22336E-02 1.46364E-01 1.74612E-01 3.52459E-01 4.43193E-01 4.19469E-02 1.83587E-02 1.28856E-03 1.60292E+00 
1.28856E-03 1.83587E-02 4.83673E-02 1.51094E-01 1.79473E-01 3.59871E-01 4.53390E-01 4.80558E-02 1.83587E-02 1.28856E-03 1.74831E+00 
1.28856E-03 2.88171E-03 5.45581E-02 1.55865E-01 1.84357E-01 3.67250E-01 4.63553E-01 5.42227E-02 2.88171E-03 1.28856E-03 1.88395E+00 
1.28856E-03 9.60726E-03 6.08034E-02 1.60674E-01 1.89259E-01 3.74592E-01 4.73677E-01 6.04445E-02 9.60726E-03 1.28856E-03 2.00766E+00 
1.28856E-03 1.63829E-02 6.70951E-02 1.65494E-01 1.94155E-01 3.81905E-01 4.83809E-01 6.67131E-02 1.63829E-02 1.28856E-03 2.12752E+00 
1.28856E-03 2.31889E-02 7.34141E-02 1.70310E-01 1.99027E-01 3.89166E-01 4.93917E-01 7.30093E-02 2.31889E-02 1.28856E-03 2.24274E+00 
1.28856E-03 3.00054E-02 7.97409E-02 1.75101E-01 2.03856E-01 3.96348E-01 5.03972E-01 7.93137E-02 3.00054E-02 1.28856E-03 2.35258E+00 
1.28856E-03 3.52737E-02 8.46284E-02 1.78779E-01 2.07550E-01 4.01835E-01 5.11695E-01 8.41844E-02 3.52737E-02 1.28856E-03 2.43343E+00 
1.28856E-03 3.68114E-02 8.60547E-02 1.79848E-01 2.08622E-01 4.03425E-01 5.13941E-01 8.56058E-02 3.68114E-02 1.28856E-03 2.45633E+00 
1.28856E-03 4.41134E-02 9.28235E-02 1.84896E-01 2.13667E-01 4.10908E-01 5.24559E-01 9.23518E-02 4.41134E-02 1.28856E-03 2.56064E+00 
1.28856E-03 5.13504E-02 9.95250E-02 1.89845E-01 2.18589E-01 4.18204E-01 5.34999E-01 9.90315E-02 5.13504E-02 1.28856E-03 2.65637E+00 
1.28856E-03 5.84943E-02 1.06132E-01 1.94669E-01 2.23362E-01 4.25278E-01 5.45221E-01 1.05617E-01 5.84943E-02 1.28856E-03 2.74290E+00 
1.28856E-03 6.55167E-02 1.12615E-01 1.99342E-01 2.27959E-01 4.32098E-01 5.55184E-01 1.12081E-01 6.55167E-02 1.28856E-03 2.81971E+00 
7.12919E-03 7.24130E-02 1.18976E-01 2.03885E-01 2.32401E-01 4.38645E-01 5.64823E-01 1.18423E-01 7.24130E-02 7.12919E-03 2.87155E+00 
1.55643E-02 7.91373E-02 1.25160E-01 2.08220E-01 2.36611E-01 4.44875E-01 5.74138E-01 1.24590E-01 7.91373E-02 1.55643E-02 2.91091E+00 
2.37904E-02 8.56529E-02 1.31131E-01 2.12308E-01 2.40547E-01 4.50744E-01 5.83087E-01 1.30544E-01 8.56529E-02 2.37904E-02 2.94065E+00 
3.17733E-02 9.19285E-02 1.36857E-01 2.16119E-01 2.44181E-01 4.56216E-01 5.91625E-01 1.36255E-01 9.19285E-02 3.17733E-02 2.96058E+00 
3.94806E-02 9.79345E-02 1.42309E-01 2.19629E-01 2.47487E-01 4.61254E-01 5.99704E-01 1.41694E-01 9.79345E-02 3.94806E-02 2.97067E+00 
4.68823E-02 1.03643E-01 1.47460E-01 2.22813E-01 2.50440E-01 4.65826E-01 6.07283E-01 1.46833E-01 1.03643E-01 4.68823E-02 2.97098E+00 
5.39503E-02 1.09030E-01 1.52285E-01 2.25649E-01 2.53020E-01 4.69901E-01 6.14321E-01 1.51647E-01 1.09030E-01 5.39503E-02 2.96172E+00 
6.06597E-02 1.14071E-01 1.56760E-01 2.28117E-01 2.55207E-01 4.73453E-01 6.20782E-01 1.56115E-01 1.14071E-01 6.06597E-02 2.94319E+00 
6.69885E-02 1.18748E-01 1.60867E-01 2.30203E-01 2.56986E-01 4.76459E-01 6.26632E-01 1.60215E-01 1.18748E-01 6.69885E-02 2.91582E+00 
7.29180E-02 1.23043E-01 1.64590E-01 2.31892E-01 2.58344E-01 4.78898E-01 6.31844E-01 1.63932E-01 1.23043E-01 7.29180E-02 2.88011E+00 
7.84328E-02 1.26943E-01 1.67914E-01 2.33175E-01 2.59273E-01 4.80757E-01 6.36391E-01 1.67253E-01 1.26943E-01 7.84328E-02 2.83663E+00 
8.35212E-02 1.30439E-01 1.70830E-01 2.34046E-01 2.59767E-01 4.82024E-01 6.40255E-01 1.70168E-01 1.30439E-01 8.35212E-02 2.78603E+00 
8.81748E-02 1.33523E-01 1.73331E-01 2.34501E-01 2.59823E-01 4.82692E-01 6.43418E-01 1.72671E-01 1.33523E-01 8.81748E-02 2.72900E+00 
1.10056E-03 1.63025E-02 4.00893E-02 1.40052E-01 1.71732E-01 3.68001E-01 4.70558E-01 3.96317E-02 1.63025E-02 1.10056E-03 1.61151E+00 
1.10056E-03 1.63025E-02 4.56213E-02 1.43996E-01 1.75656E-01 3.74335E-01 4.79948E-01 4.51367E-02 1.63025E-02 1.10056E-03 1.73415E+00 
1.10056E-03 2.57697E-03 5.11705E-02 1.47946E-01 1.79566E-01 3.80586E-01 4.89239E-01 5.06600E-02 2.57697E-03 1.10056E-03 1.84673E+00 
1.10056E-03 8.56526E-03 5.67344E-02 1.51896E-01 1.83457E-01 3.86749E-01 4.98428E-01 5.61990E-02 8.56526E-03 1.10056E-03 1.94739E+00 
1.10056E-03 1.45611E-02 6.23020E-02 1.55817E-01 1.87301E-01 3.92824E-01 5.07552E-01 6.17422E-02 1.45611E-02 1.10056E-03 2.04345E+00 
1.10056E-03 2.05461E-02 6.78550E-02 1.59694E-01 1.91079E-01 3.98789E-01 5.16584E-01 6.72717E-02 2.05461E-02 1.10056E-03 2.13427E+00 
1.10056E-03 2.65020E-02 7.33754E-02 1.63508E-01 1.94775E-01 4.04620E-01 5.25492E-01 7.27695E-02 2.65020E-02 1.10056E-03 2.21927E+00 
1.10056E-03 3.10783E-02 7.76126E-02 1.66407E-01 1.97567E-01 4.09023E-01 5.32281E-01 7.69897E-02 3.10783E-02 1.10056E-03 2.28069E+00 
1.10056E-03 3.24096E-02 7.88444E-02 1.67245E-01 1.98371E-01 4.10291E-01 5.34247E-01 7.82168E-02 3.24096E-02 1.10056E-03 2.29790E+00 
1.10056E-03 3.87034E-02 8.46617E-02 1.71165E-01 2.02118E-01 4.16201E-01 5.43479E-01 8.40119E-02 3.87034E-02 1.10056E-03 2.37500E+00 
1.10056E-03 4.48944E-02 9.03730E-02 1.74952E-01 2.05707E-01 4.21869E-01 5.52460E-01 8.97024E-02 4.48944E-02 1.10056E-03 2.44364E+00 
1.10056E-03 5.09586E-02 9.59541E-02 1.78585E-01 2.09117E-01 4.27264E-01 5.61150E-01 9.52642E-02 5.09586E-02 1.10056E-03 2.50341E+00 
1.10056E-03 5.68720E-02 1.01381E-01 1.82043E-01 2.12327E-01 4.32359E-01 5.69514E-01 1.00674E-01 5.68720E-02 1.10056E-03 2.55400E+00 
6.07521E-03 6.26330E-02 1.06657E-01 1.85350E-01 2.15366E-01 4.37147E-01 5.77494E-01 1.05933E-01 6.26330E-02 6.07521E-03 2.58241E+00 
1.32184E-02 6.82012E-02 1.11734E-01 1.88434E-01 2.18156E-01 4.41579E-01 5.85089E-01 1.10997E-01 6.82012E-02 1.32184E-02 2.59961E+00 
2.01354E-02 7.35462E-02 1.16582E-01 1.91261E-01 2.20663E-01 4.45618E-01 5.92261E-01 1.15832E-01 7.35462E-02 2.01354E-02 2.60825E+00 
2.67986E-02 7.86431E-02 1.21176E-01 1.93810E-01 2.22867E-01 4.49234E-01 5.98969E-01 1.20415E-01 7.86431E-02 2.67986E-02 2.60832E+00 
3.31825E-02 8.34689E-02 1.25492E-01 1.96061E-01 2.24749E-01 4.52399E-01 6.05175E-01 1.24723E-01 8.34689E-02 3.31825E-02 2.59995E+00 
3.92638E-02 8.80031E-02 1.29510E-01 1.97999E-01 2.26293E-01 4.55088E-01 6.10843E-01 1.28735E-01 8.80031E-02 3.92638E-02 2.58338E+00 
4.50220E-02 9.22271E-02 1.33213E-01 1.99608E-01 2.27484E-01 4.57280E-01 6.15940E-01 1.32433E-01 9.22271E-02 4.50220E-02 2.55892E+00 
5.04392E-02 9.61255E-02 1.36584E-01 2.00876E-01 2.28313E-01 4.58955E-01 6.20437E-01 1.35801E-01 9.61255E-02 5.04392E-02 2.52699E+00 
5.55004E-02 9.96854E-02 1.39610E-01 2.01796E-01 2.28772E-01 4.60101E-01 6.24310E-01 1.38828E-01 9.96854E-02 5.55004E-02 2.48809E+00 
6.01938E-02 1.02897E-01 1.42282E-01 2.02361E-01 2.28854E-01 4.60705E-01 6.27538E-01 1.41502E-01 1.02897E-01 6.01938E-02 2.44275E+00 
6.45106E-02 1.05753E-01 1.44593E-01 2.02567E-01 2.28560E-01 4.60761E-01 6.30103E-01 1.43818E-01 1.05753E-01 6.45106E-02 2.39159E+00 
6.84453E-02 1.08249E-01 1.46539E-01 2.02415E-01 2.27889E-01 4.60264E-01 6.31993E-01 1.45771E-01 1.08249E-01 6.84453E-02 2.33523E+00 
7.19952E-02 1.10385E-01 1.48119E-01 2.01908E-01 2.26846E-01 4.59217E-01 6.33200E-01 1.47360E-01 1.10385E-01 7.19952E-02 2.27434E+00 
9.35307E-04 1.43878E-02 3.84445E-02 1.33173E-01 1.67562E-01 3.82506E-01 4.99099E-01 3.77524E-02 1.43878E-02 9.35307E-04 1.60367E+00 
9.35307E-04 1.43878E-02 4.34021E-02 1.36369E-01 1.70572E-01 3.87716E-01 5.07584E-01 4.26832E-02 1.43878E-02 9.35307E-04 1.70494E+00 
9.35307E-04 2.29004E-03 4.83449E-02 1.39545E-01 1.73542E-01 3.92803E-01 5.15914E-01 4.76004E-02 2.29004E-03 9.35307E-04 1.79614E+00 
9.35307E-04 7.58892E-03 5.32703E-02 1.42695E-01 1.76469E-01 3.97762E-01 5.24082E-01 5.25019E-02 7.58892E-03 9.35307E-04 1.87572E+00 
9.35307E-04 1.28623E-02 5.81655E-02 1.45785E-01 1.79316E-01 4.02584E-01 5.32124E-01 5.73743E-02 1.28623E-02 9.35307E-04 1.95027E+00 
9.35307E-04 1.80935E-02 6.30139E-02 1.48802E-01 1.82069E-01 4.07248E-01 5.40008E-01 6.22011E-02 1.80935E-02 9.35307E-04 2.01929E+00 
9.35307E-04 2.32660E-02 6.77989E-02 1.51731E-01 1.84714E-01 4.11733E-01 5.47708E-01 6.69660E-02 2.32660E-02 9.35307E-04 2.08236E+00 
9.35307E-04 2.72173E-02 7.14474E-02 1.53928E-01 1.86677E-01 4.15066E-01 5.53520E-01 7.05998E-02 2.72173E-02 9.35307E-04 2.12682E+00 
9.35307E-04 2.83630E-02 7.25040E-02 1.54558E-01 1.87236E-01 4.16017E-01 5.55193E-01 7.16524E-02 2.83630E-02 9.35307E-04 2.13908E+00 
9.35307E-04 3.37550E-02 7.74684E-02 1.57475E-01 1.89801E-01 4.20387E-01 5.62992E-01 7.65984E-02 3.37550E-02 9.35307E-04 2.19276E+00 
9.35307E-04 3.90189E-02 8.22995E-02 1.60238E-01 1.92190E-01 4.24474E-01 5.70474E-01 8.14132E-02 3.90189E-02 9.35307E-04 2.23837E+00 
9.35307E-04 4.41346E-02 8.69773E-02 1.62831E-01 1.94386E-01 4.28252E-01 5.77605E-01 8.60768E-02 4.41346E-02 9.35307E-04 2.27570E+00 
9.35307E-04 4.90822E-02 9.14819E-02 1.65237E-01 1.96373E-01 4.31699E-01 5.84352E-01 9.05693E-02 4.90822E-02 9.35307E-04 2.30462E+00 
5.15134E-03 5.38631E-02 9.58183E-02 1.67487E-01 1.98185E-01 4.34820E-01 5.90670E-01 9.48959E-02 5.38631E-02 5.15134E-03 2.31408E+00 
1.11707E-02 5.84423E-02 9.99455E-02 1.69510E-01 1.99749E-01 4.37562E-01 5.96551E-01 9.90157E-02 5.84423E-02 1.11707E-02 2.31371E+00 
1.69582E-02 6.27950E-02 1.03838E-01 1.71280E-01 2.01035E-01 4.39891E-01 6.01963E-01 1.02903E-01 6.27950E-02 1.69582E-02 2.30591E+00 
2.24922E-02 6.69020E-02 1.07476E-01 1.72781E-01 2.02031E-01 4.41786E-01 6.06870E-01 1.06538E-01 6.69020E-02 2.24922E-02 2.29083E+00 
2.77532E-02 7.07464E-02 1.10843E-01 1.74000E-01 2.02723E-01 4.43226E-01 6.11240E-01 1.09905E-01 7.07464E-02 2.77532E-02 2.26874E+00 
3.27242E-02 7.43133E-02 1.13924E-01 1.74928E-01 2.03103E-01 4.44193E-01 6.15044E-01 1.12989E-01 7.43133E-02 3.27242E-02 2.23994E+00 
3.73904E-02 7.75902E-02 1.16706E-01 1.75555E-01 2.03164E-01 4.44673E-01 6.18256E-01 1.15776E-01 7.75902E-02 3.73904E-02 2.20485E+00 
4.17399E-02 8.05671E-02 1.19181E-01 1.75877E-01 2.02901E-01 4.44655E-01 6.20856E-01 1.18259E-01 8.05671E-02 4.17399E-02 2.16395E+00 
4.57636E-02 8.32368E-02 1.21339E-01 1.75889E-01 2.02313E-01 4.44133E-01 6.22825E-01 1.20428E-01 8.32368E-02 4.57636E-02 2.11773E+00 
4.94549E-02 8.55945E-02 1.23178E-01 1.75593E-01 2.01401E-01 4.43103E-01 6.24149E-01 1.22279E-01 8.55945E-02 4.94549E-02 2.06678E+00 
5.28103E-02 8.76382E-02 1.24694E-01 1.74989E-01 2.00167E-01 4.41564E-01 6.24818E-01 1.23811E-01 8.76382E-02 5.28103E-02 2.01167E+00 
5.58287E-02 8.93683E-02 1.25888E-01 1.74082E-01 1.98619E-01 4.39519E-01 6.24827E-01 1.25023E-01 8.93683E-02 5.58287E-02 1.95300E+00 
5.85118E-02 9.07877E-02 1.26764E-01 1.72879E-01 1.96765E-01 4.36974E-01 6.24175E-01 1.25920E-01 9.07877E-02 5.85118E-02 1.89137E+00 
7.91001E-04 1.26202E-02 3.73019E-02 1.25696E-01 1.61877E-01 3.95559E-01 5.28364E-01 3.63087E-02 1.26202E-02 7.91001E-04 1.58034E+00 
7.91001E-04 1.26202E-02 4.17137E-02 1.28197E-01 1.64020E-01 3.99615E-01 5.35840E-01 4.06973E-02 1.26202E-02 7.91001E-04 1.66185E+00 
7.91001E-04 2.02232E-03 4.60852E-02 1.30658E-01 1.66107E-01 4.03518E-01 5.43110E-01 4.50476E-02 2.02232E-03 7.91001E-04 1.73354E+00 
7.91001E-04 6.68218E-03 5.04146E-02 1.33076E-01 1.68136E-01 4.07260E-01 5.50168E-01 4.93578E-02 6.68218E-03 7.91001E-04 1.79412E+00 
7.91001E-04 1.12920E-02 5.46878E-02 1.35413E-01 1.70064E-01 4.10827E-01 5.57040E-01 5.36135E-02 1.12920E-02 7.91001E-04 1.84951E+00 
7.91001E-04 1.58368E-02 5.88898E-02 1.37658E-01 1.71880E-01 4.14199E-01 5.63699E-01 5.77999E-02 1.58368E-02 7.91001E-04 1.89937E+00 
7.91001E-04 2.03022E-02 6.30062E-02 1.39799E-01 1.73574E-01 4.17357E-01 5.70118E-01 6.19027E-02 2.03022E-02 7.91001E-04 1.94337E+00 
7.91001E-04 2.36935E-02 6.61232E-02 1.41376E-01 1.74792E-01 4.19642E-01 5.74902E-01 6.50106E-02 2.36935E-02 7.91001E-04 1.97324E+00 
7.91001E-04 2.46736E-02 6.70224E-02 1.41823E-01 1.75132E-01 4.20282E-01 5.76270E-01 6.59073E-02 2.46736E-02 7.91001E-04 1.98127E+00 
7.91001E-04 2.92655E-02 7.12241E-02 1.43863E-01 1.76649E-01 4.23156E-01 5.82574E-01 7.00990E-02 2.92655E-02 7.91001E-04 2.01508E+00 
7.91001E-04 3.37142E-02 7.52753E-02 1.45741E-01 1.77984E-01 4.25719E-01 5.88506E-01 7.41428E-02 3.37142E-02 7.91001E-04 2.04144E+00 
7.91001E-04 3.80035E-02 7.91594E-02 1.47443E-01 1.79125E-01 4.27949E-01 5.94036E-01 7.80222E-02 3.80035E-02 7.91001E-04 2.06028E+00 
7.91001E-04 4.21173E-02 8.28603E-02 1.48959E-01 1.80060E-01 4.29830E-01 5.99136E-01 8.17212E-02 4.21173E-02 7.91001E-04 2.07163E+00 
4.34682E-03 4.60592E-02 8.63852E-02 1.50321E-01 1.80829E-01 4.31379E-01 6.03771E-01 8.52470E-02 4.60592E-02 4.34682E-03 2.06612E+00 
9.39472E-03 4.97995E-02 8.96986E-02 1.51464E-01 1.81362E-01 4.32537E-01 6.07930E-01 8.85640E-02 4.97995E-02 9.39472E-03 2.05216E+00 
1.42140E-02 5.33185E-02 9.27798E-02 1.52367E-01 1.81634E-01 4.33276E-01 6.11581E-01 9.16518E-02 5.33185E-02 1.42140E-02 2.03194E+00 
1.87883E-02 5.66022E-02 9.56144E-02 1.53019E-01 1.81638E-01 4.33581E-01 6.14695E-01 9.44960E-02 5.66022E-02 1.87883E-02 2.00573E+00 
2.31031E-02 5.96382E-02 9.81905E-02 1.53413E-01 1.81368E-01 4.33437E-01 6.17247E-01 9.70846E-02 5.96382E-02 2.31031E-02 1.97383E+00 
2.71464E-02 6.24168E-02 1.00498E-01 1.53545E-01 1.80819E-01 4.32833E-01 6.19213E-01 9.94075E-02 6.24168E-02 2.71464E-02 1.93666E+00 
3.09085E-02 6.49301E-02 1.02529E-01 1.53410E-01 1.79991E-01 4.31763E-01 6.20576E-01 1.01457E-01 6.49301E-02 3.09085E-02 1.89465E+00 
3.43823E-02 6.71728E-02 1.04279E-01 1.53007E-01 1.78884E-01 4.30222E-01 6.21319E-01 1.03228E-01 6.71728E-02 3.43823E-02 1.84828E+00 
3.75630E-02 6.91418E-02 1.05744E-01 1.52339E-01 1.77501E-01 4.28209E-01 6.21433E-01 1.04717E-01 6.91418E-02 3.75630E-02 1.79808E+00 
4.04484E-02 7.08364E-02 1.06923E-01 1.51409E-01 1.75847E-01 4.25727E-01 6.20909E-01 1.05924E-01 7.08364E-02 4.04484E-02 1.74458E+00 
4.30385E-02 7.22580E-02 1.07819E-01 1.50221E-01 1.73930E-01 4.22780E-01 6.19745E-01 1.06849E-01 7.22580E-02 4.30385E-02 1.68833E+00 
4.53356E-02 7.34102E-02 1.08435E-01 1.48785E-01 1.71760E-01 4.19378E-01 6.17941E-01 1.07498E-01 7.34102E-02 4.53356E-02 1.62987E+00 
4.73444E-02 7.42987E-02 1.08777E-01 1.47109E-01 1.69347E-01 4.15531E-01 6.15501E-01 1.07874E-01 7.42987E-02 4.73444E-02 1.56974E+00 
6.65799E-04 1.10026E-02 3.66544E-02 1.17645E-01 1.54570E-01 4.06842E-01 5.57852E-01 3.53006E-02 1.10026E-02 6.65799E-04 1.54289E+00 
6.65799E-04 1.10026E-02 4.05482E-02 1.19513E-01 1.55916E-01 4.09730E-01 5.64209E-01 3.91800E-02 1.10026E-02 6.65799E-04 1.60642E+00 
6.65799E-04 1.77479E-03 4.43824E-02 1.21329E-01 1.57198E-01 4.12441E-01 5.70315E-01 4.30024E-02 1.77479E-03 6.65799E-04 1.66057E+00 
6.65799E-04 5.84757E-03 4.81558E-02 1.23091E-01 1.58415E-01 4.14971E-01 5.76165E-01 4.67664E-02 5.84757E-03 6.65799E-04 1.70430E+00 
6.65799E-04 9.85300E-03 5.18539E-02 1.24760E-01 1.59521E-01 4.17293E-01 5.81777E-01 5.04574E-02 9.85300E-03 6.65799E-04 1.74290E+00 
6.65799E-04 1.37781E-02 5.54633E-02 1.26326E-01 1.60507E-01 4.19393E-01 5.87126E-01 5.40623E-02 1.37781E-02 6.65799E-04 1.77615E+00 
6.65799E-04 1.76104E-02 5.89718E-02 1.27779E-01 1.61365E-01 4.21254E-01 5.92187E-01 5.75688E-02 1.76104E-02 6.65799E-04 1.80384E+00 
6.65799E-04 2.05042E-02 6.16092E-02 1.28821E-01 1.61935E-01 4.22520E-01 5.95889E-01 6.02065E-02 2.05042E-02 6.65799E-04 1.82137E+00 
6.65799E-04 2.13377E-02 6.23668E-02 1.29112E-01 1.62086E-01 4.22860E-01 5.96934E-01 6.09644E-02 2.13377E-02 6.65799E-04 1.82585E+00 
6.65799E-04 2.52255E-02 6.58866E-02 1.30402E-01 1.62701E-01 4.24291E-01 6.01676E-01 6.44878E-02 2.52255E-02 6.65799E-04 1.84312E+00 
6.65799E-04 2.89634E-02 6.92464E-02 1.31531E-01 1.63138E-01 4.25393E-01 6.06000E-01 6.78545E-02 2.89634E-02 6.65799E-04 1.85368E+00 
6.65799E-04 3.25383E-02 7.24329E-02 1.32490E-01 1.63391E-01 4.26152E-01 6.09879E-01 7.10510E-02 3.25383E-02 6.65799E-04 1.85759E+00 
6.65799E-04 3.59380E-02 7.54336E-02 1.33269E-01 1.63451E-01 4.26553E-01 6.13290E-01 7.40651E-02 3.59380E-02 6.65799E-04 1.85500E+00 
3.65072E-03 3.91677E-02 7.82574E-02 1.33905E-01 1.63363E-01 4.26627E-01 6.16216E-01 7.69052E-02 3.91677E-02 3.65072E-03 1.83798E+00 
7.86435E-03 4.22026E-02 8.08737E-02 1.34337E-01 1.63059E-01 4.26310E-01 6.18631E-01 7.95410E-02 4.22026E-02 7.86435E-03 1.81387E+00 
1.18590E-02 4.50275E-02 8.32663E-02 1.34548E-01 1.62520E-01 4.25577E-01 6.20510E-01 8.19564E-02 4.50275E-02 1.18590E-02 1.78464E+00 
1.56226E-02 4.76323E-02 8.54251E-02 1.34533E-01 1.61742E-01 4.24418E-01 6.21828E-01 8.41412E-02 4.76323E-02 1.56226E-02 1.75062E+00 
1.91451E-02 5.00090E-02 8.73420E-02 1.34289E-01 1.60725E-01 4.22826E-01 6.22566E-01 8.60874E-02 5.00090E-02 1.91451E-02 1.71218E+00 
2.24185E-02 5.21517E-02 8.90110E-02 1.33814E-01 1.59468E-01 4.20796E-01 6.22709E-01 8.77888E-02 5.21517E-02 2.24185E-02 1.66973E+00 
2.54371E-02 5.40562E-02 9.04283E-02 1.33109E-01 1.57975E-01 4.18327E-01 6.22243E-01 8.92416E-02 5.40562E-02 2.54371E-02 1.62374E+00 
2.81974E-02 5.57208E-02 9.15920E-02 1.32177E-01 1.56251E-01 4.15420E-01 6.21159E-01 9.04437E-02 5.57208E-02 2.81974E-02 1.57467E+00 
3.06981E-02 5.71455E-02 9.25026E-02 1.31023E-01 1.54301E-01 4.12080E-01 6.19454E-01 9.13953E-02 5.71455E-02 3.06981E-02 1.52301E+00 
3.29400E-02 5.83325E-02 9.31624E-02 1.29652E-01 1.52134E-01 4.08313E-01 6.17126E-01 9.20987E-02 5.83325E-02 3.29400E-02 1.46927E+00 
3.49257E-02 5.92856E-02 9.35755E-02 1.28073E-01 1.49760E-01 4.04131E-01 6.14178E-01 9.25579E-02 5.92856E-02 3.49257E-02 1.41394E+00 
3.66600E-02 6.00105E-02 9.37481E-02 1.26295E-01 1.47190E-01 3.99545E-01 6.10615E-01 9.27788E-02 6.00105E-02 3.66600E-02 1.35747E+00 
3.81492E-02 6.05145E-02 9.36878E-02 1.24330E-01 1.44437E-01 3.94571E-01 6.06448E-01 9.27686E-02 6.05145E-02 3.81492E-02 1.30034E+00 
5.57875E-04 9.53541E-03 3.64746E-02 1.09093E-01 1.45668E-01 4.16131E-01 5.87011E-01 3.47216E-02 9.53541E-03 5.57875E-04 1.49302E+00 
5.57875E-04 9.53541E-03 3.98762E-02 1.10398E-01 1.46305E-01 4.17850E-01 5.92136E-01 3.81239E-02 9.53541E-03 5.57875E-04 1.54044E+00 
5.57875E-04 1.54804E-03 4.32045E-02 1.11646E-01 1.46880E-01 4.19378E-01 5.96974E-01 4.14556E-02 1.54804E-03 5.57875E-04 1.57908E+00 
5.57875E-04 5.08633E-03 4.64586E-02 1.12834E-01 1.47389E-01 4.20709E-01 6.01518E-01 4.47161E-02 5.08633E-03 5.57875E-04 1.60812E+00 
5.57875E-04 8.54617E-03 4.96239E-02 1.13924E-01 1.47785E-01 4.21811E-01 6.05779E-01 4.78906E-02 8.54617E-03 5.57875E-04 1.63226E+00 
5.57875E-04 1.19164E-02 5.26892E-02 1.14908E-01 1.48061E-01 4.22670E-01 6.09732E-01 5.09681E-02 1.19164E-02 5.57875E-04 1.65137E+00 
5.57875E-04 1.51868E-02 5.56438E-02 1.15779E-01 1.48212E-01 4.23274E-01 6.13355E-01 5.39379E-02 1.51868E-02 5.57875E-04 1.66536E+00 
5.57875E-04 1.76421E-02 5.78474E-02 1.16370E-01 1.48238E-01 4.23557E-01 6.15918E-01 5.61553E-02 1.76421E-02 5.57875E-04 1.67265E+00 
5.57875E-04 1.83470E-02 5.84774E-02 1.16529E-01 1.48231E-01 4.23609E-01 6.16626E-01 5.67897E-02 1.83470E-02 5.57875E-04 1.67419E+00 
5.57875E-04 2.16202E-02 6.13860E-02 1.17196E-01 1.48099E-01 4.23659E-01 6.19737E-01 5.97214E-02 2.16202E-02 5.57875E-04 1.67796E+00 
5.57875E-04 2.47431E-02 6.41313E-02 1.17710E-01 1.47803E-01 4.23373E-01 6.22391E-01 6.24933E-02 2.47431E-02 5.57875E-04 1.67583E+00 
5.57875E-04 2.77058E-02 6.67031E-02 1.18063E-01 1.47338E-01 4.22740E-01 6.24568E-01 6.50951E-02 2.77058E-02 5.57875E-04 1.66798E+00 
5.57875E-04 3.04989E-02 6.90921E-02 1.18251E-01 1.46701E-01 4.21751E-01 6.26248E-01 6.75176E-02 3.04989E-02 5.57875E-04 1.65462E+00 
3.05230E-03 3.31291E-02 7.13085E-02 1.18311E-01 1.45940E-01 4.20451E-01 6.27431E-01 6.97703E-02 3.31291E-02 3.05230E-03 1.62909E+00 
6.55401E-03 3.55758E-02 7.33260E-02 1.18187E-01 1.44988E-01 4.18766E-01 6.28080E-01 7.18276E-02 3.55758E-02 6.55401E-03 1.59773E+00 
9.85075E-03 3.78277E-02 7.51323E-02 1.17867E-01 1.43832E-01 4.16677E-01 6.28171E-01 7.36770E-02 3.78277E-02 9.85075E-03 1.56234E+00 
1.29340E-02 3.98781E-02 7.67208E-02 1.17347E-01 1.42471E-01 4.14180E-01 6.27688E-01 7.53119E-02 3.98781E-02 1.29340E-02 1.52326E+00 
1.57971E-02 4.17223E-02 7.80868E-02 1.16630E-01 1.40909E-01 4.11271E-01 6.26615E-01 7.67273E-02 4.17223E-02 1.57971E-02 1.48089E+00 
1.84356E-02 4.33573E-02 7.92274E-02 1.15716E-01 1.39148E-01 4.07952E-01 6.24944E-01 7.79203E-02 4.33573E-02 1.84356E-02 1.43564E+00 
2.08466E-02 4.47819E-02 8.01418E-02 1.14608E-01 1.37196E-01 4.04227E-01 6.22667E-01 7.88898E-02 4.47819E-02 2.08466E-02 1.38795E+00 
2.30295E-02 4.59970E-02 8.08310E-02 1.13313E-01 1.35058E-01 4.00102E-01 6.19783E-01 7.96367E-02 4.59970E-02 2.30295E-02 1.33827E+00 
2.49855E-02 4.70048E-02 8.12978E-02 1.11837E-01 1.32744E-01 3.95587E-01 6.16292E-01 8.01633E-02 4.70048E-02 2.49855E-02 1.28705E+00 
2.67174E-02 4.78093E-02 8.15466E-02 1.10188E-01 1.30264E-01 3.90692E-01 6.12200E-01 8.04740E-02 4.78093E-02 2.67174E-02 1.23474E+00 
2.82298E-02 4.84161E-02 8.15836E-02 1.08376E-01 1.27628E-01 3.85432E-01 6.07514E-01 8.05746E-02 4.84161E-02 2.82298E-02 1.18174E+00 
2.95286E-02 4.88320E-02 8.14162E-02 1.06410E-01 1.24849E-01 3.79822E-01 6.02247E-01 8.04721E-02 4.88320E-02 2.95286E-02 1.12847E+00 
3.06213E-02 4.90651E-02 8.10531E-02 1.04302E-01 1.21940E-01 3.73881E-01 5.96414E-01 8.01752E-02 4.90651E-02 3.06213E-02 1.07530E+00 
4.65395E-04 8.21573E-03 3.67057E-02 1.00151E-01 1.35319E-01 4.23288E-01 6.15272E-01 3.45505E-02 8.21573E-03 4.65395E-04 1.43263E+00 
4.65395E-04 8.21573E-03 3.96386E-02 1.00969E-01 1.35354E-01 4.23849E-01 6.19056E-01 3.75053E-02 8.21573E-03 4.65395E-04 1.46586E+00 
4.65395E-04 1.34216E-03 4.24889E-02 1.01729E-01 1.35331E-01 4.24211E-01 6.22523E-01 4.03806E-02 1.34216E-03 4.65395E-04 1.49103E+00 
4.65395E-04 4.39797E-03 4.52565E-02 1.02430E-01 1.35249E-01 4.24370E-01 6.25667E-01 4.31761E-02 4.39797E-03 4.65395E-04 1.50747E+00 
4.65395E-04 7.36933E-03 4.79268E-02 1.03033E-01 1.35057E-01 4.24285E-01 6.28487E-01 4.58777E-02 7.36933E-03 4.65395E-04 1.51937E+00 
4.65395E-04 1.02469E-02 5.04904E-02 1.03532E-01 1.34753E-01 4.23944E-01 6.30962E-01 4.84757E-02 1.02469E-02 4.65395E-04 1.52668E+00 
4.65395E-04 1.30222E-02 5.29384E-02 1.03921E-01 1.34331E-01 4.23338E-01 6.33071E-01 5.09614E-02 1.30222E-02 4.65395E-04 1.52938E+00 
4.65395E-04 1.50941E-02 5.47480E-02 1.04145E-01 1.33923E-01 4.22681E-01 6.34442E-01 5.28022E-02 1.50941E-02 4.65395E-04 1.52833E+00 
4.65395E-04 1.56869E-02 5.52625E-02 1.04197E-01 1.33790E-01 4.22458E-01 6.34798E-01 5.33263E-02 1.56869E-02 4.65395E-04 1.52752E+00 
4.65395E-04 1.84277E-02 5.76209E-02 1.04361E-01 1.33068E-01 4.21194E-01 6.36210E-01 5.57322E-02 1.84277E-02 4.65395E-04 1.52050E+00 
4.65395E-04 2.10227E-02 5.98177E-02 1.04384E-01 1.32202E-01 4.19595E-01 6.37138E-01 5.79801E-02 2.10227E-02 4.65395E-04 1.50846E+00 
4.65395E-04 2.34644E-02 6.18453E-02 1.04263E-01 1.31189E-01 4.17656E-01 6.37564E-01 6.00621E-02 2.34644E-02 4.65395E-04 1.49160E+00 
4.65395E-04 2.57463E-02 6.36971E-02 1.03994E-01 1.30029E-01 4.15371E-01 6.37474E-01 6.19716E-02 2.57463E-02 4.65395E-04 1.47020E+00 
2.54088E-03 2.78756E-02 6.53847E-02 1.03615E-01 1.28770E-01 4.12796E-01 6.36886E-01 6.37192E-02 2.78756E-02 2.54088E-03 1.43868E+00 
5.43855E-03 2.98358E-02 6.68855E-02 1.03075E-01 1.27349E-01 4.09851E-01 6.35749E-01 6.52831E-02 2.98358E-02 5.43855E-03 1.40251E+00 
8.14791E-03 3.16186E-02 6.81902E-02 1.02364E-01 1.25757E-01 4.06521E-01 6.34043E-01 6.66539E-02 3.16186E-02 8.14791E-03 1.36328E+00 
1.06633E-02 3.32201E-02 6.92951E-02 1.01484E-01 1.23996E-01 4.02805E-01 6.31754E-01 6.78278E-02 3.32201E-02 1.06633E-02 1.32135E+00 
1.29809E-02 3.46381E-02 7.01983E-02 1.00437E-01 1.22072E-01 3.98707E-01 6.28877E-01 6.88025E-02 3.46381E-02 1.29809E-02 1.27712E+00 
1.50987E-02 3.58720E-02 7.08994E-02 9.92262E-02 1.19991E-01 3.94231E-01 6.25406E-01 6.95774E-02 3.58720E-02 1.50987E-02 1.23097E+00 
1.70162E-02 3.69226E-02 7.13999E-02 9.78583E-02 1.17760E-01 3.89387E-01 6.21342E-01 7.01537E-02 3.69226E-02 1.70162E-02 1.18334E+00 
1.87346E-02 3.77925E-02 7.17029E-02 9.63398E-02 1.15388E-01 3.84184E-01 6.16688E-01 7.05342E-02 3.77925E-02 1.87346E-02 1.13460E+00 
2.02570E-02 3.84855E-02 7.18129E-02 9.46785E-02 1.12885E-01 3.78636E-01 6.11451E-01 7.07229E-02 3.84855E-02 2.02570E-02 1.08517E+00 
2.15874E-02 3.90069E-02 7.17358E-02 9.28834E-02 1.10261E-01 3.72759E-01 6.05642E-01 7.07257E-02 3.90069E-02 2.15874E-02 1.03543E+00 
2.27316E-02 3.93630E-02 7.14789E-02 9.09644E-02 1.07528E-01 3.66568E-01 5.99274E-01 7.05492E-02 3.93630E-02 2.27316E-02 9.85719E-01 
2.36962E-02 3.95613E-02 7.10505E-02 8.89322E-02 1.04699E-01 3.60083E-01 5.92364E-01 7.02015E-02 3.95613E-02 2.36962E-02 9.36376E-01 
2.44891E-02 3.96100E-02 7.04599E-02 8.67979E-02 1.01785E-01 3.53324E-01 5.84931E-01 6.96916E-02 3.96100E-02 2.44891E-02 8.87699E-01 
3.86970E-04 7.04411E-03 3.72561E-02 9.10078E-02 1.23841E-01 4.28214E-01 6.41926E-01 3.47437E-02 7.04411E-03 3.86970E-04 1.36413E+00 
3.86970E-04 7.04411E-03 3.97436E-02 9.14187E-02 1.23391E-01 4.27644E-01 6.44273E-01 3.72800E-02 7.04411E-03 3.86970E-04 1.38513E+00 
3.86970E-04 1.15771E-03 4.21434E-02 9.17757E-02 1.22892E-01 4.26875E-01 6.46282E-01 3.97315E-02 1.15771E-03 3.86970E-04 1.39883E+00 
3.86970E-04 3.78372E-03 4.44560E-02 9.20774E-02 1.22342E-01 4.25901E-01 6.47946E-01 4.20985E-02 3.78372E-03 3.86970E-04 1.40473E+00 
3.86970E-04 6.32333E-03 4.66671E-02 9.22848E-02 1.21693E-01 4.24675E-01 6.49252E-01 4.43672E-02 6.32333E-03 3.86970E-04 1.40652E+00 
3.86970E-04 8.76885E-03 4.87686E-02 9.23941E-02 1.20941E-01 4.23187E-01 6.50181E-01 4.65296E-02 8.76885E-03 3.86970E-04 1.40422E+00 
3.86970E-04 1.11134E-02 5.07538E-02 9.24019E-02 1.20086E-01 4.21432E-01 6.50718E-01 4.85787E-02 1.11134E-02 3.86970E-04 1.39788E+00 
3.86970E-04 1.28541E-02 5.22057E-02 9.23366E-02 1.19352E-01 4.19887E-01 6.50855E-01 5.00822E-02 1.28541E-02 3.86970E-04 1.39026E+00 
3.86970E-04 1.33505E-02 5.26159E-02 9.23055E-02 1.19125E-01 4.19403E-01 6.50848E-01 5.05078E-02 1.33505E-02 3.86970E-04 1.38759E+00 
3.86970E-04 1.56356E-02 5.44792E-02 9.20821E-02 1.17971E-01 4.16905E-01 6.50514E-01 5.24465E-02 1.56356E-02 3.86970E-04 1.37226E+00 
3.86970E-04 1.77828E-02 5.61865E-02 9.17329E-02 1.16694E-01 4.14081E-01 6.49677E-01 5.42321E-02 1.77828E-02 3.86970E-04 1.35272E+00 
3.86970E-04 1.97865E-02 5.77323E-02 9.12564E-02 1.15295E-01 4.10928E-01 6.48323E-01 5.58592E-02 1.97865E-02 3.86970E-04 1.32926E+00 
3.86970E-04 2.16425E-02 5.91126E-02 9.06525E-02 1.13775E-01 4.07447E-01 6.46443E-01 5.73232E-02 2.16425E-02 3.86970E-04 1.30217E+00 
2.10831E-03 2.33585E-02 6.03401E-02 8.99578E-02 1.12181E-01 4.03704E-01 6.44075E-01 5.86358E-02 2.33585E-02 2.10831E-03 1.26677E+00 
4.49870E-03 2.49211E-02 6.13949E-02 8.91260E-02 1.10457E-01 3.99613E-01 6.41153E-01 5.97781E-02 2.49211E-02 4.49870E-03 1.22777E+00 
6.71869E-03 2.63247E-02 6.22705E-02 8.81498E-02 1.08594E-01 3.95159E-01 6.37657E-01 6.07433E-02 2.63247E-02 6.71869E-03 1.18658E+00 
8.76493E-03 2.75675E-02 6.29654E-02 8.70322E-02 1.06597E-01 3.90349E-01 6.33582E-01 6.15298E-02 2.75675E-02 8.76493E-03 1.14355E+00 
1.06357E-02 2.86491E-02 6.34798E-02 8.57776E-02 1.04474E-01 3.85189E-01 6.28926E-01 6.21374E-02 2.86491E-02 1.06357E-02 1.09906E+00 
1.23307E-02 2.95706E-02 6.38154E-02 8.43917E-02 1.02230E-01 3.79689E-01 6.23691E-01 6.25674E-02 2.95706E-02 1.23307E-02 1.05347E+00 
1.38512E-02 3.03343E-02 6.39754E-02 8.28810E-02 9.98765E-02 3.73861E-01 6.17884E-01 6.28226E-02 3.03343E-02 1.38512E-02 1.00714E+00 
1.51998E-02 3.09438E-02 6.39643E-02 8.12531E-02 9.74210E-02 3.67719E-01 6.11512E-01 6.29071E-02 3.09438E-02 1.51998E-02 9.60446E-01 
1.63805E-02 3.14040E-02 6.37879E-02 7.95166E-02 9.48742E-02 3.61280E-01 6.04590E-01 6.28262E-02 3.14040E-02 1.63805E-02 9.13715E-01 
1.73984E-02 3.17207E-02 6.34530E-02 7.76806E-02 9.22467E-02 3.54562E-01 5.97132E-01 6.25865E-02 3.17207E-02 1.73984E-02 8.67265E-01 
1.82595E-02 3.19006E-02 6.29675E-02 7.57549E-02 8.95496E-02 3.47583E-01 5.89158E-01 6.21955E-02 3.19006E-02 1.82595E-02 8.21386E-01 
1.89709E-02 3.19512E-02 6.23401E-02 7.37497E-02 8.67945E-02 3.40366E-01 5.80689E-01 6.16614E-02 3.19512E-02 1.89709E-02 7.76339E-01 
1.95401E-02 3.18806E-02 6.15803E-02 7.16756E-02 8.39928E-02 3.32930E-01 5.71748E-01 6.09932E-02 3.18806E-02 1.95401E-02 7.32351E-01 
3.20013E-04 5.99943E-03 3.80161E-02 8.17088E-02 1.11425E-01 4.30923E-01 6.66730E-01 3.52401E-02 5.99943E-03 3.20013E-04 1.28868E+00 
3.20013E-04 5.99943E-03 4.00748E-02 8.17879E-02 1.10603E-01 4.29243E-01 6.67538E-01 3.73785E-02 5.99943E-03 3.20013E-04 1.29919E+00 
3.20013E-04 9.91816E-04 4.20444E-02 8.18189E-02 1.09744E-01 4.27371E-01 6.67995E-01 3.94301E-02 9.91816E-04 3.20013E-04 1.30322E+00 
3.20013E-04 3.23334E-03 4.39259E-02 8.18009E-02 1.08847E-01 4.25299E-01 6.68093E-01 4.13955E-02 3.23334E-03 3.20013E-04 1.30037E+00 
3.20013E-04 5.38963E-03 4.57049E-02 8.16960E-02 1.07861E-01 4.22971E-01 6.67805E-01 4.32614E-02 5.38963E-03 3.20013E-04 1.29390E+00 
3.20013E-04 7.45447E-03 4.73752E-02 8.15019E-02 1.06788E-01 4.20383E-01 6.67116E-01 4.50213E-02 7.45447E-03 3.20013E-04 1.28387E+00 
3.20013E-04 9.42244E-03 4.89313E-02 8.12168E-02 1.05626E-01 4.17530E-01 6.66015E-01 4.66697E-02 9.42244E-03 3.20013E-04 1.27039E+00 
3.20013E-04 1.08755E-02 5.00540E-02 8.09328E-02 1.04667E-01 4.15140E-01 6.64871E-01 4.78653E-02 1.08755E-02 3.20013E-04 1.25767E+00 
3.20013E-04 1.12886E-02 5.03685E-02 8.08393E-02 1.04376E-01 4.14411E-01 6.64488E-01 4.82013E-02 1.12886E-02 3.20013E-04 1.25359E+00 
3.20013E-04 1.31817E-02 5.17799E-02 8.03279E-02 1.02931E-01 4.10747E-01 6.62355E-01 4.97170E-02 1.31817E-02 3.20013E-04 1.23198E+00 
3.20013E-04 1.49468E-02 5.30439E-02 7.97079E-02 1.01387E-01 4.06773E-01 6.59708E-01 5.10873E-02 1.49468E-02 3.20013E-04 1.20697E+00 
3.20013E-04 1.65805E-02 5.41571E-02 7.89797E-02 9.97450E-02 4.02489E-01 6.56538E-01 5.23086E-02 1.65805E-02 3.20013E-04 1.17887E+00 
3.20013E-04 1.80799E-02 5.51174E-02 7.81445E-02 9.80088E-02 3.97900E-01 6.52843E-01 5.33784E-02 1.80799E-02 3.20013E-04 1.14797E+00 
1.73994E-03 1.94529E-02 5.59386E-02 7.72376E-02 9.62243E-02 3.93082E-01 6.48679E-01 5.43089E-02 1.94529E-02 1.73994E-03 1.11039E+00 
3.70133E-03 2.06891E-02 5.66030E-02 7.62172E-02 9.43379E-02 3.87943E-01 6.43965E-01 5.50836E-02 2.06891E-02 3.70133E-03 1.07013E+00 
5.51072E-03 2.17849E-02 5.71061E-02 7.50780E-02 9.23442E-02 3.82471E-01 6.38683E-01 5.56981E-02 2.17849E-02 5.51072E-03 1.02844E+00 
7.16652E-03 2.27399E-02 5.74483E-02 7.38245E-02 9.02495E-02 3.76675E-01 6.32833E-01 5.61524E-02 2.27399E-02 7.16652E-03 9.85647E-01 
8.66852E-03 2.35552E-02 5.76317E-02 7.24622E-02 8.80614E-02 3.70566E-01 6.26420E-01 5.64479E-02 2.35552E-02 8.66852E-03 9.42091E-01 
1.00178E-02 2.42330E-02 5.76594E-02 7.09974E-02 8.57879E-02 3.64159E-01 6.19453E-01 5.65873E-02 2.42330E-02 1.00178E-02 8.98104E-01 
1.12168E-02 2.47765E-02 5.75357E-02 6.94373E-02 8.34380E-02 3.57468E-01 6.11942E-01 5.65746E-02 2.47765E-02 1.12168E-02 8.54008E-01 
1.22690E-02 2.51901E-02 5.72663E-02 6.77897E-02 8.10209E-02 3.50510E-01 6.03903E-01 5.64150E-02 2.51901E-02 1.22690E-02 8.10105E-01 
1.31788E-02 2.54791E-02 5.68575E-02 6.60632E-02 7.85464E-02 3.43305E-01 5.95353E-01 5.61144E-02 2.54791E-02 1.31788E-02 7.66676E-01 
1.39518E-02 2.56493E-02 5.63169E-02 6.42665E-02 7.60247E-02 3.35873E-01 5.86314E-01 5.56798E-02 2.56493E-02 1.39518E-02 7.23976E-01 
1.45942E-02 2.57076E-02 5.56526E-02 6.24091E-02 7.34659E-02 3.28234E-01 5.76808E-01 5.51191E-02 2.57076E-02 1.45942E-02 6.82233E-01 
1.51127E-02 2.56612E-02 5.48733E-02 6.05003E-02 7.08803E-02 3.20412E-01 5.66863E-01 5.44406E-02 2.56612E-02 1.51127E-02 6.41644E-01 
1.55149E-02 2.55177E-02 5.39881E-02 5.85496E-02 6.82781E-02 3.12429E-01 5.56505E-01 5.36530E-02 2.55177E-02 1.55149E-02 6.02373E-01 
2.63673E-04 5.08345E-03 3.88428E-02 7.24991E-02 9.85499E-02 4.31353E-01 6.88909E-01 3.59507E-02 5.08345E-03 2.63673E-04 1.20886E+00 
2.63673E-04 5.08345E-03 4.04937E-02 7.23216E-02 9.74728E-02 4.28605E-01 6.88106E-01 3.77133E-02 5.08345E-03 2.63673E-04 1.21063E+00 
2.63673E-04 8.45151E-04 4.20575E-02 7.21033E-02 9.63703E-02 4.25675E-01 6.86947E-01 3.93897E-02 8.45151E-04 2.63673E-04 1.20674E+00 
2.63673E-04 2.74851E-03 4.35351E-02 7.18437E-02 9.52412E-02 4.22556E-01 6.85421E-01 4.09809E-02 2.74851E-03 2.63673E-04 1.19688E+00 
2.63673E-04 4.57009E-03 4.49123E-02 7.15065E-02 9.40385E-02 4.19184E-01 6.83490E-01 4.24738E-02 4.57009E-03 2.63673E-04 1.18390E+00 
2.63673E-04 6.30498E-03 4.61845E-02 7.10908E-02 9.27630E-02 4.15557E-01 6.81143E-01 4.38635E-02 6.30498E-03 2.63673E-04 1.16790E+00 
2.63673E-04 7.94900E-03 4.73475E-02 7.05958E-02 9.14158E-02 4.11675E-01 6.78368E-01 4.51456E-02 7.94900E-03 2.63673E-04 1.14902E+00 
2.63673E-04 9.15633E-03 4.81703E-02 7.01584E-02 9.03250E-02 4.08496E-01 6.75924E-01 4.60615E-02 9.15633E-03 2.63673E-04 1.13255E+00 
2.63673E-04 9.49843E-03 4.83979E-02 7.00215E-02 8.99983E-02 4.07538E-01 6.75160E-01 4.63165E-02 9.49843E-03 2.63673E-04 1.12744E+00 
2.63673E-04 1.10596E-02 4.94014E-02 6.93136E-02 8.83932E-02 4.02794E-01 6.71209E-01 4.74507E-02 1.10596E-02 2.63673E-04 1.10136E+00 
2.63673E-04 1.25041E-02 5.02683E-02 6.85147E-02 8.67112E-02 3.97760E-01 6.66741E-01 4.84491E-02 1.25041E-02 2.63673E-04 1.07265E+00 
2.63673E-04 1.38299E-02 5.09973E-02 6.76264E-02 8.49558E-02 3.92441E-01 6.61757E-01 4.93098E-02 1.38299E-02 2.63673E-04 1.04158E+00 
2.63673E-04 1.50355E-02 5.15877E-02 6.66511E-02 8.31307E-02 3.86846E-01 6.56256E-01 5.00316E-02 1.50355E-02 2.63673E-04 1.00847E+00 
1.43074E-03 1.61287E-02 5.20543E-02 6.56217E-02 8.12791E-02 3.81059E-01 6.50318E-01 5.06275E-02 1.61287E-02 1.43074E-03 9.70076E-01 
3.03452E-03 1.71012E-02 5.23808E-02 6.45010E-02 7.93524E-02 3.74982E-01 6.43842E-01 5.10830E-02 1.71012E-02 3.03452E-03 9.29811E-01 
4.50427E-03 1.79512E-02 5.25646E-02 6.32854E-02 7.73466E-02 3.68606E-01 6.36813E-01 5.13950E-02 1.79512E-02 4.50427E-03 8.88748E-01 
5.83971E-03 1.86795E-02 5.26076E-02 6.19800E-02 7.52689E-02 3.61943E-01 6.29239E-01 5.15651E-02 1.86795E-02 5.83971E-03 8.47192E-01 
7.04175E-03 1.92879E-02 5.25130E-02 6.05910E-02 7.31267E-02 3.55008E-01 6.21128E-01 5.15959E-02 1.92879E-02 7.04175E-03 8.05447E-01 
8.11239E-03 1.97794E-02 5.22849E-02 5.91248E-02 7.09283E-02 3.47818E-01 6.12496E-01 5.14912E-02 1.97794E-02 8.11239E-03 7.63800E-01 
9.05465E-03 2.01577E-02 5.19287E-02 5.75887E-02 6.86821E-02 3.40391E-01 6.03359E-01 5.12558E-02 2.01577E-02 9.05465E-03 7.22523E-01 
9.87251E-03 2.04276E-02 5.14505E-02 5.59905E-02 6.63971E-02 3.32746E-01 5.93738E-01 5.08953E-02 2.04276E-02 9.87251E-03 6.81868E-01 
1.05707E-02 2.05943E-02 5.08572E-02 5.43380E-02 6.40821E-02 3.24905E-01 5.83655E-01 5.04163E-02 2.05943E-02 1.05707E-02 6.42059E-01 
1.11548E-02 2.06637E-02 5.01564E-02 5.26397E-02 6.17463E-02 3.16889E-01 5.73137E-01 4.98259E-02 2.06637E-02 1.11548E-02 6.03294E-01 
1.16308E-02 2.06424E-02 4.93562E-02 5.09040E-02 5.93987E-02 3.08721E-01 5.62211E-01 4.91320E-02 2.06424E-02 1.16308E-02 5.65745E-01 
1.20053E-02 2.05370E-02 4.84650E-02 4.91392E-02 5.70481E-02 3.00424E-01 5.50907E-01 4.83426E-02 2.05370E-02 1.20053E-02 5.29552E-01 
1.22850E-02 2.03545E-02 4.74916E-02 4.73538E-02 5.47032E-02 2.92022E-01 5.39256E-01 4.74662E-02 2.03545E-02 1.22850E-02 4.94827E-01 
2.16328E-04 4.28321E-03 3.95941E-02 6.35030E-02 8.55582E-02 4.29501E-01 7.08053E-01 3.67739E-02 4.28321E-03 2.16328E-04 1.12621E+00 
2.16328E-04 4.28321E-03 4.08590E-02 6.31373E-02 8.43311E-02 4.25729E-01 7.05581E-01 3.81798E-02 4.28321E-03 2.16328E-04 1.12084E+00 
2.16328E-04 7.16001E-04 4.20413E-02 6.27390E-02 8.30903E-02 4.21790E-01 7.02754E-01 3.95026E-02 7.16001E-04 2.16328E-04 1.11060E+00 
2.16328E-04 2.32303E-03 4.31421E-02 6.23078E-02 8.18350E-02 4.17679E-01 6.99565E-01 4.07433E-02 2.32303E-03 2.16328E-04 1.09526E+00 
2.16328E-04 3.85338E-03 4.41472E-02 6.18093E-02 8.05205E-02 4.13323E-01 6.95957E-01 4.18892E-02 3.85338E-03 2.16328E-04 1.07730E+00 
2.16328E-04 5.30321E-03 4.50531E-02 6.12437E-02 7.91486E-02 4.08723E-01 6.91923E-01 4.29365E-02 5.30321E-03 2.16328E-04 1.05685E+00 
2.16328E-04 6.66939E-03 4.58570E-02 6.06111E-02 7.77210E-02 4.03882E-01 6.87458E-01 4.38820E-02 6.66939E-03 2.16328E-04 1.03407E+00 
2.16328E-04 7.66734E-03 4.64078E-02 6.00761E-02 7.65796E-02 3.99973E-01 6.83704E-01 4.45422E-02 7.66734E-03 2.16328E-04 1.01497E+00 
2.16328E-04 7.94922E-03 4.65569E-02 5.99123E-02 7.62399E-02 3.98803E-01 6.82558E-01 4.47233E-02 7.94922E-03 2.16328E-04 1.00916E+00 
2.16328E-04 9.23005E-03 4.71934E-02 5.90857E-02 7.45859E-02 3.93065E-01 6.76785E-01 4.55115E-02 9.23005E-03 2.16328E-04 9.80143E-01 
2.16328E-04 1.04062E-02 4.77062E-02 5.81852E-02 7.28760E-02 3.87064E-01 6.70507E-01 4.61749E-02 1.04062E-02 2.16328E-04 9.49155E-01 
2.16328E-04 1.14765E-02 4.80952E-02 5.72132E-02 7.11142E-02 3.80808E-01 6.63725E-01 4.67129E-02 1.14765E-02 2.16328E-04 9.16488E-01 
2.16328E-04 1.24407E-02 4.83613E-02 5.61725E-02 6.93045E-02 3.74307E-01 6.56447E-01 4.71257E-02 1.24407E-02 2.16328E-04 8.82441E-01 
1.17154E-03 1.33061E-02 4.85199E-02 5.50937E-02 6.74866E-02 3.67657E-01 6.48772E-01 4.74269E-02 1.33061E-02 1.17154E-03 8.44307E-01 
2.47751E-03 1.40664E-02 4.85558E-02 5.39437E-02 6.56167E-02 3.60752E-01 6.40583E-01 4.76031E-02 1.40664E-02 2.47751E-03 8.04982E-01 
3.66659E-03 1.47209E-02 4.84677E-02 5.27201E-02 6.36923E-02 3.53585E-01 6.31865E-01 4.76527E-02 1.47209E-02 3.66659E-03 7.65385E-01 
4.73941E-03 1.52712E-02 4.82586E-02 5.14285E-02 6.17203E-02 3.46172E-01 6.22632E-01 4.75784E-02 1.52712E-02 4.73941E-03 7.25790E-01 
5.69761E-03 1.57198E-02 4.79326E-02 5.00749E-02 5.97082E-02 3.38530E-01 6.12900E-01 4.73835E-02 1.57198E-02 5.69761E-03 6.86458E-01 
6.54375E-03 1.60699E-02 4.74946E-02 4.86659E-02 5.76634E-02 3.30678E-01 6.02689E-01 4.70726E-02 1.60699E-02 6.54375E-03 6.47633E-01 
7.28121E-03 1.63256E-02 4.69503E-02 4.72084E-02 5.55940E-02 3.22638E-01 5.92020E-01 4.66511E-02 1.63256E-02 7.28121E-03 6.09539E-01 
7.91414E-03 1.64915E-02 4.63063E-02 4.57095E-02 5.35079E-02 3.14431E-01 5.80920E-01 4.61249E-02 1.64915E-02 7.91414E-03 5.72375E-01 
8.44731E-03 1.65728E-02 4.55695E-02 4.41766E-02 5.14129E-02 3.06079E-01 5.69417E-01 4.55008E-02 1.65728E-02 8.44731E-03 5.36315E-01 
8.88599E-03 1.65751E-02 4.47474E-02 4.26172E-02 4.93169E-02 2.97606E-01 5.57539E-01 4.47858E-02 1.65751E-02 8.88599E-03 5.01508E-01 
9.23591E-03 1.65045E-02 4.38478E-02 4.10386E-02 4.72276E-02 2.89033E-01 5.45318E-01 4.39877E-02 1.65045E-02 9.23591E-03 4.68073E-01 
9.50306E-03 1.63670E-02 4.28787E-02 3.94482E-02 4.51523E-02 2.80386E-01 5.32789E-01 4.31140E-02 1.63670E-02 9.50306E-03 4.36103E-01 
9.69364E-03 1.61688E-02 4.18483E-02 3.78530E-02 4.30980E-02 2.71688E-01 5.19984E-01 4.21728E-02 1.61688E-02 9.69364E-03 4.05667E-01 
1.76705E-04 3.58841E-03 4.01331E-02 5.48555E-02 7.28038E-02 4.25350E-01 7.23732E-01 3.75971E-02 3.58841E-03 1.76705E-04 1.04230E+00 
1.76705E-04 3.58841E-03 4.10370E-02 5.43632E-02 7.15198E-02 4.20609E-01 7.19554E-01 3.86654E-02 3.58841E-03 1.76705E-04 1.03123E+00 
1.76705E-04 6.03018E-04 4.18651E-02 5.38464E-02 7.02329E-02 4.15720E-01 7.15032E-01 3.96554E-02 6.03018E-04 1.76705E-04 1.01604E+00 
1.76705E-04 1.95204E-03 4.26187E-02 5.33049E-02 6.89420E-02 4.10680E-01 7.10158E-01 4.05686E-02 1.95204E-03 1.76705E-04 9.96589E-01 
1.76705E-04 3.23050E-03 4.32831E-02 5.27070E-02 6.76060E-02 4.05408E-01 7.04861E-01 4.13920E-02 3.23050E-03 1.76705E-04 9.74988E-01 
1.76705E-04 4.43549E-03 4.38562E-02 5.20532E-02 6.62268E-02 3.99907E-01 6.99137E-01 4.21230E-02 4.43549E-03 1.76705E-04 9.51399E-01 
1.76705E-04 5.56471E-03 4.43363E-02 5.13446E-02 6.48068E-02 3.94184E-01 6.92985E-01 4.27596E-02 5.56471E-03 1.76705E-04 9.25999E-01 
1.76705E-04 6.38525E-03 4.46433E-02 5.07593E-02 6.36816E-02 3.89607E-01 6.87931E-01 4.31865E-02 6.38525E-03 1.76705E-04 9.05226E-01 
1.76705E-04 6.61629E-03 4.47224E-02 5.05823E-02 6.33485E-02 3.88245E-01 6.86405E-01 4.33003E-02 6.61629E-03 1.76705E-04 8.98983E-01 
1.76705E-04 7.66167E-03 4.50330E-02 4.97020E-02 6.17364E-02 3.81607E-01 6.78836E-01 4.37750E-02 7.66167E-03 1.76705E-04 8.68280E-01 
1.76705E-04 8.61428E-03 4.52340E-02 4.87635E-02 6.00868E-02 3.74735E-01 6.70779E-01 4.41369E-02 8.61428E-03 1.76705E-04 8.36205E-01 
1.76705E-04 9.47385E-03 4.53266E-02 4.77697E-02 5.84035E-02 3.67643E-01 6.62243E-01 4.43866E-02 9.47385E-03 1.76705E-04 8.03036E-01 
1.76705E-04 1.02408E-02 4.53124E-02 4.67239E-02 5.66908E-02 3.60344E-01 6.53240E-01 4.45255E-02 1.02408E-02 1.76705E-04 7.69047E-01 
9.55126E-04 1.09217E-02 4.52077E-02 4.56535E-02 5.49839E-02 3.52939E-01 6.43891E-01 4.45675E-02 1.09217E-02 9.55126E-04 7.31993E-01 
2.01408E-03 1.15122E-02 4.49978E-02 4.45294E-02 5.32444E-02 3.45319E-01 6.34059E-01 4.45002E-02 1.15122E-02 2.01408E-03 6.94311E-01 
2.97209E-03 1.20123E-02 4.46824E-02 4.33505E-02 5.14705E-02 3.37477E-01 6.23734E-01 4.43228E-02 1.20123E-02 2.97209E-03 6.56781E-01 
3.83040E-03 1.24241E-02 4.42653E-02 4.21220E-02 4.96688E-02 3.29432E-01 6.12933E-01 4.40389E-02 1.24241E-02 3.83040E-03 6.19642E-01 
4.59111E-03 1.27502E-02 4.37511E-02 4.08498E-02 4.78460E-02 3.21203E-01 6.01680E-01 4.36525E-02 1.27502E-02 4.59111E-03 5.83112E-01 
5.25706E-03 1.29943E-02 4.31452E-02 3.95401E-02 4.60090E-02 3.12814E-01 5.89998E-01 4.31685E-02 1.29943E-02 5.25706E-03 5.47391E-01 
5.83175E-03 1.31602E-02 4.24536E-02 3.81993E-02 4.41647E-02 3.04285E-01 5.77915E-01 4.25927E-02 1.31602E-02 5.83175E-03 5.12659E-01 
6.31930E-03 1.32525E-02 4.16827E-02 3.68337E-02 4.23201E-02 2.95639E-01 5.65461E-01 4.19313E-02 1.32525E-02 6.31930E-03 4.79067E-01 
6.72426E-03 1.32760E-02 4.08394E-02 3.54500E-02 4.04818E-02 2.86901E-01 5.52668E-01 4.11907E-02 1.32760E-02 6.72426E-03 4.46744E-01 
7.05159E-03 1.32360E-02 3.99309E-02 3.40546E-02 3.86563E-02 2.78093E-01 5.39570E-01 4.03780E-02 1.32360E-02 7.05159E-03 4.15793E-01 
7.30653E-03 1.31378E-02 3.89645E-02 3.26538E-02 3.68499E-02 2.69240E-01 5.26200E-01 3.95004E-02 1.31378E-02 7.30653E-03 3.86291E-01 
7.49450E-03 1.29869E-02 3.79476E-02 3.12537E-02 3.50684E-02 2.60363E-01 5.12596E-01 3.85652E-02 1.29869E-02 7.49450E-03 3.58292E-01 
7.62102E-03 1.27888E-02 3.68877E-02 2.98602E-02 3.33174E-02 2.51488E-01 4.98793E-01 3.75797E-02 1.27888E-02 7.62102E-03 3.31826E-01 
1.43679E-04 2.98878E-03 4.03430E-02 4.66722E-02 6.06004E-02 4.18892E-01 7.35577E-01 3.83072E-02 2.98878E-03 1.43679E-04 9.58466E-01 
1.43679E-04 2.98878E-03 4.09154E-02 4.61066E-02 5.93377E-02 4.13244E-01 7.29680E-01 3.90578E-02 2.98878E-03 1.43679E-04 9.42999E-01 
1.43679E-04 5.04803E-04 4.14205E-02 4.55242E-02 5.80809E-02 4.07473E-01 7.23459E-01 3.97370E-02 5.04803E-04 1.43679E-04 9.24119E-01 
1.43679E-04 1.63055E-03 4.18597E-02 4.49250E-02 5.68289E-02 4.01576E-01 7.16905E-01 4.03458E-02 1.63055E-03 1.43679E-04 9.01727E-01 
1.43679E-04 2.69245E-03 4.22180E-02 4.42797E-02 5.55443E-02 3.95464E-01 7.09931E-01 4.08715E-02 2.69245E-03 1.43679E-04 8.77642E-01 
1.43679E-04 3.68833E-03 4.24941E-02 4.35894E-02 5.42292E-02 3.89144E-01 7.02537E-01 4.13123E-02 3.68833E-03 1.43679E-04 8.52034E-01 
1.43679E-04 4.61656E-03 4.26876E-02 4.28555E-02 5.28863E-02 3.82625E-01 6.94727E-01 4.16671E-02 4.61656E-03 1.43679E-04 8.25082E-01 
1.43679E-04 5.28758E-03 4.27804E-02 4.22586E-02 5.18297E-02 3.77448E-01 6.88401E-01 4.18823E-02 5.28758E-03 1.43679E-04 8.03428E-01 
1.43679E-04 5.47594E-03 4.27981E-02 4.20795E-02 5.15181E-02 3.75914E-01 6.86505E-01 4.19355E-02 5.47594E-03 1.43679E-04 7.96980E-01 
1.43679E-04 6.32458E-03 4.28250E-02 4.11978E-02 5.00178E-02 3.68475E-01 6.77187E-01 4.21279E-02 6.32458E-03 1.43679E-04 7.65619E-01 
1.43679E-04 7.09201E-03 4.27573E-02 4.02720E-02 4.84949E-02 3.60839E-01 6.67411E-01 4.22205E-02 7.09201E-03 1.43679E-04 7.33406E-01 
1.43679E-04 7.77855E-03 4.25969E-02 3.93051E-02 4.69532E-02 3.53020E-01 6.57190E-01 4.22147E-02 7.77855E-03 1.43679E-04 7.00596E-01 
1.43679E-04 8.38507E-03 4.23463E-02 3.83003E-02 4.53968E-02 3.45033E-01 6.46541E-01 4.21126E-02 8.38507E-03 1.43679E-04 6.67436E-01 
7.75154E-04 8.91759E-03 4.20219E-02 3.72822E-02 4.38561E-02 3.36988E-01 6.35604E-01 4.19288E-02 8.91759E-03 7.75154E-04 6.32069E-01 
1.63000E-03 9.37303E-03 4.16097E-02 3.62254E-02 4.22980E-02 3.28768E-01 6.24227E-01 4.16511E-02 9.37303E-03 1.63000E-03 5.96527E-01 
2.39848E-03 9.75197E-03 4.11099E-02 3.51293E-02 4.07212E-02 3.20370E-01 6.12399E-01 4.12796E-02 9.75197E-03 2.39848E-03 5.61470E-01 
3.08222E-03 1.00567E-02 4.05267E-02 3.39990E-02 3.91316E-02 3.11814E-01 6.00146E-01 4.08182E-02 1.00567E-02 3.08222E-03 5.27097E-01 
3.68355E-03 1.02901E-02 3.98652E-02 3.28399E-02 3.75353E-02 3.03123E-01 5.87493E-01 4.02716E-02 1.02901E-02 3.68355E-03 4.93588E-01 
4.20540E-03 1.04556E-02 3.91309E-02 3.16577E-02 3.59381E-02 2.94318E-01 5.74471E-01 3.96449E-02 1.04556E-02 4.20540E-03 4.61101E-01 
4.65123E-03 1.05570E-02 3.83297E-02 3.04578E-02 3.43459E-02 2.85424E-01 5.61112E-01 3.89438E-02 1.05570E-02 4.65123E-03 4.29773E-01 
5.02494E-03 1.05986E-02 3.74680E-02 2.92461E-02 3.27645E-02 2.76464E-01 5.47449E-01 3.81746E-02 1.05986E-02 5.02494E-03 3.99714E-01 
5.33078E-03 1.05847E-02 3.65522E-02 2.80280E-02 3.11992E-02 2.67463E-01 5.33519E-01 3.73435E-02 1.05847E-02 5.33078E-03 3.71012E-01 
5.57330E-03 1.05201E-02 3.55890E-02 2.68091E-02 2.96554E-02 2.58443E-01 5.19357E-01 3.64573E-02 1.05201E-02 5.57330E-03 3.43733E-01 
5.75718E-03 1.04096E-02 3.45852E-02 2.55947E-02 2.81379E-02 2.49428E-01 5.05001E-01 3.55227E-02 1.04096E-02 5.75718E-03 3.17917E-01 
5.88724E-03 1.02578E-02 3.35475E-02 2.43896E-02 2.66512E-02 2.40441E-01 4.90488E-01 3.45463E-02 1.02578E-02 5.88724E-03 2.93587E-01 
5.96831E-03 1.00697E-02 3.24823E-02 2.31986E-02 2.51994E-02 2.31503E-01 4.75857E-01 3.35349E-02 1.00697E-02 5.96831E-03 2.70744E-01 
1.16265E-04 2.47437E-03 4.01383E-02 3.90469E-02 4.92085E-02 4.10129E-01 7.43287E-01 3.87993E-02 2.47437E-03 1.16265E-04 8.75880E-01 
1.16265E-04 2.47437E-03 4.04132E-02 3.84529E-02 4.80286E-02 4.03648E-01 7.35684E-01 3.92546E-02 2.47437E-03 1.16265E-04 8.57156E-01 
1.16265E-04 4.19960E-04 4.06307E-02 3.78491E-02 4.68612E-02 3.97074E-01 7.27785E-01 3.96464E-02 4.19960E-04 1.16265E-04 8.35670E-01 
1.16265E-04 1.35367E-03 4.07920E-02 3.72352E-02 4.57054E-02 3.90401E-01 7.19582E-01 3.99759E-02 1.35367E-03 1.16265E-04 8.11360E-01 
1.16265E-04 2.23046E-03 4.08817E-02 3.65849E-02 4.45275E-02 3.83535E-01 7.10968E-01 4.02299E-02 2.23046E-03 1.16265E-04 7.85774E-01 
1.16265E-04 3.04874E-03 4.08996E-02 3.58996E-02 4.33300E-02 3.76486E-01 7.01951E-01 4.04076E-02 3.04874E-03 1.16265E-04 7.59083E-01 
1.16265E-04 3.80743E-03 4.08457E-02 3.51808E-02 4.21152E-02 3.69264E-01 6.92537E-01 4.05086E-02 3.80743E-03 1.16265E-04 7.31465E-01 
1.16265E-04 4.35311E-03 4.07551E-02 3.46027E-02 4.11650E-02 3.63564E-01 6.84986E-01 4.05344E-02 4.35311E-03 1.16265E-04 7.09577E-01 
1.16265E-04 4.50581E-03 4.07207E-02 3.44302E-02 4.08856E-02 3.61880E-01 6.82735E-01 4.05333E-02 4.50581E-03 1.16265E-04 7.03105E-01 
1.16265E-04 5.19093E-03 4.05075E-02 3.35875E-02 3.95463E-02 3.53750E-01 6.71746E-01 4.04752E-02 5.19093E-03 1.16265E-04 6.71910E-01 
1.16265E-04 5.80576E-03 4.02148E-02 3.27128E-02 3.81961E-02 3.45461E-01 6.60337E-01 4.03306E-02 5.80576E-03 1.16265E-04 6.40304E-01 
1.16265E-04 6.35100E-03 3.98452E-02 3.18090E-02 3.68384E-02 3.37029E-01 6.48526E-01 4.01016E-02 6.35100E-03 1.16265E-04 6.08515E-01 
1.16265E-04 6.82784E-03 3.94016E-02 3.08792E-02 3.54769E-02 3.28472E-01 6.36335E-01 3.97909E-02 6.82784E-03 1.16265E-04 5.76761E-01 
6.26102E-04 7.24162E-03 3.89006E-02 2.99447E-02 3.41371E-02 3.19906E-01 6.23923E-01 3.94137E-02 7.24162E-03 6.26102E-04 5.43505E-01 
1.31296E-03 7.59030E-03 3.83283E-02 2.89839E-02 3.27910E-02 3.11208E-01 6.11120E-01 3.89577E-02 7.59030E-03 1.31296E-03 5.10435E-01 
1.92658E-03 7.87486E-03 3.76853E-02 2.79965E-02 3.14380E-02 3.02377E-01 5.97919E-01 3.84235E-02 7.87486E-03 1.92658E-03 4.78099E-01 
2.46880E-03 8.09766E-03 3.69763E-02 2.69872E-02 3.00829E-02 2.93434E-01 5.84349E-01 3.78155E-02 8.09766E-03 2.46880E-03 4.46659E-01 
2.94199E-03 8.26153E-03 3.62063E-02 2.59608E-02 2.87308E-02 2.84403E-01 5.70441E-01 3.71384E-02 8.26153E-03 2.94199E-03 4.16258E-01 
3.34904E-03 8.36970E-03 3.53807E-02 2.49222E-02 2.73867E-02 2.75308E-01 5.56231E-01 3.63976E-02 8.36970E-03 3.34904E-03 3.87016E-01 
3.69322E-03 8.42576E-03 3.45052E-02 2.38763E-02 2.60554E-02 2.66173E-01 5.41753E-01 3.55987E-02 8.42576E-03 3.69322E-03 3.59031E-01 
3.97818E-03 8.43353E-03 3.35858E-02 2.28278E-02 2.47414E-02 2.57022E-01 5.27045E-01 3.47476E-02 8.43353E-03 3.97818E-03 3.32380E-01 
4.20776E-03 8.39703E-03 3.26286E-02 2.17814E-02 2.34491E-02 2.47879E-01 5.12145E-01 3.38504E-02 8.39703E-03 4.20776E-03 3.07114E-01 
4.38604E-03 8.32037E-03 3.16395E-02 2.07417E-02 2.21825E-02 2.38767E-01 4.97092E-01 3.29132E-02 8.32037E-03 4.38604E-03 2.83267E-01 
4.51715E-03 8.20773E-03 3.06248E-02 1.97128E-02 2.09452E-02 2.29707E-01 4.81925E-01 3.19424E-02 8.20773E-03 4.51715E-03 2.60853E-01 
4.60530E-03 8.06325E-03 2.95901E-02 1.86988E-02 1.97406E-02 2.20723E-01 4.66682E-01 3.09439E-02 8.06325E-03 4.60530E-03 2.39866E-01 
4.65466E-03 7.89098E-03 2.85413E-02 1.77032E-02 1.85717E-02 2.11834E-01 4.51403E-01 2.99238E-02 7.89098E-03 4.65466E-03 2.20287E-01 
9.38060E-05 2.03963E-03 3.94797E-02 3.21146E-02 3.89221E-02 3.99202E-01 7.46623E-01 3.89852E-02 2.03963E-03 9.38060E-05 7.96268E-01 
9.38060E-05 2.03963E-03 3.94979E-02 3.15283E-02 3.78682E-02 3.91983E-01 7.37371E-01 3.91730E-02 2.03963E-03 9.38060E-05 7.75302E-01 
9.38060E-05 3.47780E-04 3.94690E-02 3.09379E-02 3.68314E-02 3.84701E-01 7.27858E-01 3.93062E-02 3.47780E-04 9.38060E-05 7.52158E-01 
9.38060E-05 1.11879E-03 3.93940E-02 3.03432E-02 3.58105E-02 3.77352E-01 7.18077E-01 3.93860E-02 1.11879E-03 9.38060E-05 7.26799E-01 
9.38060E-05 1.83968E-03 3.92575E-02 2.97207E-02 3.47762E-02 3.69835E-01 7.07903E-01 3.93986E-02 1.83968E-03 9.38060E-05 7.00536E-01 
9.38060E-05 2.50933E-03 3.90596E-02 2.90719E-02 3.37306E-02 3.62162E-01 6.97349E-01 3.93441E-02 2.50933E-03 9.38060E-05 6.73535E-01 
9.38060E-05 3.12705E-03 3.88013E-02 2.83982E-02 3.26759E-02 3.54345E-01 6.86426E-01 3.92229E-02 3.12705E-03 9.38060E-05 6.45967E-01 
9.38060E-05 3.56914E-03 3.85606E-02 2.78610E-02 3.18549E-02 3.48207E-01 6.77729E-01 3.90838E-02 3.56914E-03 9.38060E-05 6.24357E-01 
9.38060E-05 3.69248E-03 3.84836E-02 2.77014E-02 3.16142E-02 3.46398E-01 6.75147E-01 3.90357E-02 3.69248E-03 9.38060E-05 6.18005E-01 
9.38060E-05 4.24359E-03 3.80764E-02 2.69265E-02 3.04644E-02 3.37698E-01 6.62605E-01 3.87616E-02 4.24359E-03 9.38060E-05 5.87611E-01 
9.38060E-05 4.73441E-03 3.76044E-02 2.61294E-02 2.93120E-02 3.28880E-01 6.49689E-01 3.84143E-02 4.73441E-03 9.38060E-05 5.57166E-01 
9.38060E-05 5.16588E-03 3.70705E-02 2.53130E-02 2.81601E-02 3.19962E-01 6.36423E-01 3.79966E-02 5.16588E-03 9.38060E-05 5.26872E-01 
9.38060E-05 5.53936E-03 3.64779E-02 2.44802E-02 2.70116E-02 3.10963E-01 6.22832E-01 3.75115E-02 5.53936E-03 9.38060E-05 4.96916E-01 
5.04257E-04 5.85951E-03 3.58431E-02 2.36488E-02 2.58874E-02 3.02001E-01 6.09092E-01 3.69744E-02 5.85951E-03 5.04257E-04 4.66028E-01 
1.05463E-03 6.12509E-03 3.51524E-02 2.28009E-02 2.47646E-02 2.92954E-01 5.95018E-01 3.63729E-02 6.12509E-03 1.05463E-03 4.35598E-01 
1.54333E-03 6.33730E-03 3.44066E-02 2.19362E-02 2.36424E-02 2.83816E-01 5.80605E-01 3.57081E-02 6.33730E-03 1.54333E-03 4.06078E-01 
1.97223E-03 6.49846E-03 3.36104E-02 2.10590E-02 2.25252E-02 2.74614E-01 5.65886E-01 3.49844E-02 6.49846E-03 1.97223E-03 3.77596E-01 
2.34369E-03 6.61124E-03 3.27685E-02 2.01735E-02 2.14170E-02 2.65371E-01 5.50897E-01 3.42067E-02 6.61124E-03 2.34369E-03 3.50260E-01 
2.66042E-03 6.67866E-03 3.18864E-02 1.92837E-02 2.03217E-02 2.56111E-01 5.35675E-01 3.33801E-02 6.67866E-03 2.66042E-03 3.24157E-01 
2.92547E-03 6.70395E-03 3.09692E-02 1.83938E-02 1.92432E-02 2.46859E-01 5.20261E-01 3.25101E-02 6.70395E-03 2.92547E-03 2.99353E-01 
3.14211E-03 6.69053E-03 3.00226E-02 1.75077E-02 1.81850E-02 2.37638E-01 5.04693E-01 3.16024E-02 6.69053E-03 3.14211E-03 2.75893E-01 
3.31381E-03 6.64195E-03 2.90519E-02 1.66293E-02 1.71504E-02 2.28472E-01 4.89012E-01 3.06624E-02 6.64195E-03 3.31381E-03 2.53802E-01 
3.44414E-03 6.56180E-03 2.80625E-02 1.57620E-02 1.61423E-02 2.19382E-01 4.73257E-01 2.96960E-02 6.56180E-03 3.44414E-03 2.33088E-01 
3.53672E-03 6.45366E-03 2.70598E-02 1.49094E-02 1.51635E-02 2.10390E-01 4.57470E-01 2.87087E-02 6.45366E-03 3.53672E-03 2.13741E-01 
3.59515E-03 6.32105E-03 2.60489E-02 1.40743E-02 1.42162E-02 2.01515E-01 4.41688E-01 2.77060E-02 6.32105E-03 3.59515E-03 1.95739E-01 
3.62300E-03 6.16742E-03 2.50345E-02 1.32596E-02 1.33024E-02 1.92777E-01 4.25951E-01 2.66929E-02 6.16742E-03 3.62300E-03 1.79044E-01 
7.51287E-05 1.66725E-03 3.83465E-02 2.57872E-02 2.96747E-02 3.85959E-01 7.45504E-01 3.88042E-02 1.66725E-03 7.51287E-05 7.18863E-01 
7.51287E-05 1.66725E-03 3.81466E-02 2.52364E-02 2.87770E-02 3.78092E-01 7.34655E-01 3.87504E-02 1.66725E-03 7.51287E-05 6.96486E-01 
7.51287E-05 2.85561E-04 3.79102E-02 2.46864E-02 2.78987E-02 3.70196E-01 7.23589E-01 3.86517E-02 2.85561E-04 7.51287E-05 6.72457E-01 
7.51287E-05 9.16875E-04 3.76381E-02 2.41367E-02 2.70387E-02 3.62266E-01 7.12296E-01 3.85089E-02 9.16875E-04 7.51287E-05 6.46755E-01 
7.51287E-05 1.50469E-03 3.73147E-02 2.35666E-02 2.61717E-02 3.54197E-01 7.00638E-01 3.83081E-02 1.50469E-03 7.51287E-05 6.20479E-01 
7.51287E-05 2.04823E-03 3.69407E-02 2.29776E-02 2.52997E-02 3.46003E-01 6.88629E-01 3.80499E-02 2.04823E-03 7.51287E-05 5.93789E-01 
7.51287E-05 2.54710E-03 3.65174E-02 2.23711E-02 2.44244E-02 3.37697E-01 6.76287E-01 3.77352E-02 2.54710E-03 7.51287E-05 5.66841E-01 
7.51287E-05 2.90238E-03 3.61570E-02 2.18909E-02 2.37462E-02 3.31203E-01 6.66519E-01 3.74538E-02 2.90238E-03 7.51287E-05 5.45914E-01 
7.51287E-05 3.00121E-03 3.60463E-02 2.17488E-02 2.35479E-02 3.29294E-01 6.63628E-01 3.73653E-02 3.00121E-03 7.51287E-05 5.39794E-01 
7.51287E-05 3.44095E-03 3.54870E-02 2.10621E-02 2.26033E-02 3.20143E-01 6.49647E-01 3.69066E-02 3.44095E-03 7.51287E-05 5.10695E-01 
7.51287E-05 3.82958E-03 3.48770E-02 2.03613E-02 2.16617E-02 3.10917E-01 6.35347E-01 3.63882E-02 3.82958E-03 7.51287E-05 4.81841E-01 
7.51287E-05 4.16816E-03 3.42193E-02 1.96488E-02 2.07255E-02 3.01634E-01 6.20755E-01 3.58130E-02 4.16816E-03 7.51287E-05 4.53403E-01 
7.51287E-05 4.45811E-03 3.35173E-02 1.89272E-02 1.97969E-02 2.92316E-01 6.05901E-01 3.51844E-02 4.45811E-03 7.51287E-05 4.25539E-01 
4.03144E-04 4.70345E-03 3.27870E-02 1.82115E-02 1.88926E-02 2.83082E-01 5.90976E-01 3.45178E-02 4.70345E-03 4.03144E-04 3.97201E-01 
8.40933E-04 4.90352E-03 3.20148E-02 1.74865E-02 1.79942E-02 2.73806E-01 5.75782E-01 3.38007E-02 4.90352E-03 8.40933E-04 3.69523E-01 
1.22730E-03 5.05965E-03 3.12017E-02 1.67524E-02 1.71012E-02 2.64487E-01 5.60313E-01 3.30342E-02 5.05965E-03 1.22730E-03 3.42871E-01 
1.56410E-03 5.17401E-03 3.03521E-02 1.60127E-02 1.62169E-02 2.55148E-01 5.44607E-01 3.22228E-02 5.17401E-03 1.56410E-03 3.17342E-01 
1.85353E-03 5.24907E-03 2.94707E-02 1.52709E-02 1.53445E-02 2.45815E-01 5.28704E-01 3.13713E-02 5.24907E-03 1.85353E-03 2.93013E-01 
2.09812E-03 5.28756E-03 2.85624E-02 1.45305E-02 1.44871E-02 2.36511E-01 5.12645E-01 3.04847E-02 5.28756E-03 2.09812E-03 2.69942E-01 
2.30060E-03 5.29234E-03 2.76319E-02 1.37947E-02 1.36475E-02 2.27261E-01 4.96471E-01 2.95680E-02 5.29234E-03 2.30060E-03 2.48168E-01 
2.46389E-03 5.26643E-03 2.66843E-02 1.30667E-02 1.28284E-02 2.18086E-01 4.80223E-01 2.86265E-02 5.26643E-03 2.46389E-03 2.27708E-01 
2.59103E-03 5.21289E-03 2.57243E-02 1.23496E-02 1.20322E-02 2.09010E-01 4.63942E-01 2.76653E-02 5.21289E-03 2.59103E-03 2.08567E-01 
2.68512E-03 5.13479E-03 2.47566E-02 1.16460E-02 1.12609E-02 2.00052E-01 4.47670E-01 2.66894E-02 5.13479E-03 2.68512E-03 1.90731E-01 
2.74925E-03 5.03517E-03 2.37857E-02 1.09586E-02 1.05165E-02 1.91233E-01 4.31446E-01 2.57039E-02 5.03517E-03 2.74925E-03 1.74174E-01 
2.78651E-03 4.91701E-03 2.28160E-02 1.02896E-02 9.80032E-03 1.82570E-01 4.15309E-01 2.47133E-02 4.91701E-03 2.78651E-03 1.58859E-01 
2.79987E-03 4.78314E-03 2.18513E-02 9.64096E-03 9.11376E-03 1.74080E-01 3.99298E-01 2.37223E-02 4.78314E-03 2.79987E-03 1.44739E-01 
5.98948E-05 1.35488E-03 3.67800E-02 2.01837E-02 2.16784E-02 3.70669E-01 7.39848E-01 3.82191E-02 1.35488E-03 5.98948E-05 6.45396E-01 
5.98948E-05 1.35488E-03 3.64055E-02 1.96887E-02 2.09506E-02 3.62266E-01 7.27505E-01 3.79563E-02 1.35488E-03 5.98948E-05 6.22334E-01 
5.98948E-05 2.33047E-04 3.60047E-02 1.91978E-02 2.02427E-02 3.53869E-01 7.14993E-01 3.76583E-02 2.33047E-04 5.98948E-05 5.98079E-01 
5.98948E-05 7.46907E-04 3.55783E-02 1.87107E-02 1.95535E-02 3.45474E-01 7.02303E-01 3.73259E-02 7.46907E-04 5.98948E-05 5.72621E-01 
5.98948E-05 1.22345E-03 3.51103E-02 1.82094E-02 1.88619E-02 3.36969E-01 6.89281E-01 3.69449E-02 1.22345E-03 5.98948E-05 5.46873E-01 
5.98948E-05 1.66217E-03 3.46021E-02 1.76952E-02 1.81694E-02 3.28372E-01 6.75947E-01 3.65162E-02 1.66217E-03 5.98948E-05 5.20981E-01 
5.98948E-05 2.06288E-03 3.40552E-02 1.71694E-02 1.74775E-02 3.19697E-01 6.62320E-01 3.60412E-02 2.06288E-03 5.98948E-05 4.95090E-01 
5.98948E-05 2.34687E-03 3.36066E-02 1.67556E-02 1.69435E-02 3.12942E-01 6.51589E-01 3.56429E-02 2.34687E-03 5.98948E-05 4.75147E-01 
5.98948E-05 2.42564E-03 3.34713E-02 1.66336E-02 1.67876E-02 3.10961E-01 6.48423E-01 3.55215E-02 2.42564E-03 5.98948E-05 4.69340E-01 
5.98948E-05 2.77468E-03 3.28026E-02 1.60462E-02 1.60477E-02 3.01490E-01 6.33161E-01 3.49135E-02 2.77468E-03 5.98948E-05 4.41886E-01 
5.98948E-05 3.08079E-03 3.20961E-02 1.54508E-02 1.53137E-02 2.91987E-01 6.17641E-01 3.42585E-02 3.08079E-03 5.98948E-05 4.14907E-01 
5.98948E-05 3.34508E-03 3.13548E-02 1.48495E-02 1.45874E-02 2.82472E-01 6.01894E-01 3.35598E-02 3.34508E-03 5.98948E-05 3.88545E-01 
5.98948E-05 3.56893E-03 3.05819E-02 1.42444E-02 1.38705E-02 2.72965E-01 5.85954E-01 3.28208E-02 3.56893E-03 5.98948E-05 3.62928E-01 
3.20844E-04 3.75575E-03 2.97928E-02 1.36476E-02 1.31758E-02 2.63587E-01 5.70023E-01 3.20568E-02 3.75575E-03 3.20844E-04 3.37193E-01 
6.67537E-04 3.90532E-03 2.89742E-02 1.30469E-02 1.24889E-02 2.54212E-01 5.53891E-01 3.12550E-02 3.90532E-03 6.67537E-04 3.12256E-01 
9.71678E-04 4.01899E-03 2.81270E-02 1.24424E-02 1.18095E-02 2.44836E-01 5.37554E-01 3.04166E-02 4.01899E-03 9.71678E-04 2.88409E-01 
1.23501E-03 4.09876E-03 2.72553E-02 1.18372E-02 1.11401E-02 2.35486E-01 5.21054E-01 2.95460E-02 4.09876E-03 1.23501E-03 2.65723E-01 
1.45958E-03 4.14684E-03 2.63634E-02 1.12339E-02 1.04832E-02 2.26184E-01 5.04432E-01 2.86478E-02 4.14684E-03 1.45958E-03 2.44247E-01 
1.64764E-03 4.16565E-03 2.54558E-02 1.06355E-02 9.84098E-03 2.16955E-01 4.87730E-01 2.77265E-02 4.16565E-03 1.64764E-03 2.24015E-01 
1.80161E-03 4.15769E-03 2.45368E-02 1.00444E-02 9.21555E-03 2.07821E-01 4.70993E-01 2.67869E-02 4.15769E-03 1.80161E-03 2.05041E-01 
1.92406E-03 4.12557E-03 2.36106E-02 9.46324E-03 8.60878E-03 1.98804E-01 4.54263E-01 2.58338E-02 4.12557E-03 1.92406E-03 1.87325E-01 
2.01762E-03 4.07190E-03 2.26815E-02 8.89422E-03 8.02234E-03 1.89924E-01 4.37580E-01 2.48716E-02 4.07190E-03 2.01762E-03 1.70852E-01 
2.08492E-03 3.99929E-03 2.17533E-02 8.33943E-03 7.45764E-03 1.81200E-01 4.20985E-01 2.39048E-02 3.99929E-03 2.08492E-03 1.55595E-01 
2.12860E-03 3.91027E-03 2.08298E-02 7.80072E-03 6.91587E-03 1.72650E-01 4.04518E-01 2.29377E-02 3.91027E-03 2.12860E-03 1.41513E-01 
2.15124E-03 3.80731E-03 1.99146E-02 7.27970E-03 6.39797E-03 1.64290E-01 3.88217E-01 2.19743E-02 3.80731E-03 2.15124E-03 1.28562E-01 
2.15533E-03 3.69276E-03 1.90110E-02 6.77772E-03 5.90465E-03 1.56133E-01 3.72116E-01 2.10184E-02 3.69276E-03 2.15533E-03 1.16687E-01 
4.74792E-05 1.09343E-03 3.48377E-02 1.52828E-02 1.49111E-02 3.53439E-01 7.29692E-01 3.72228E-02 1.09343E-03 4.74792E-05 5.76034E-01 
4.74792E-05 1.09343E-03 3.43309E-02 1.48567E-02 1.43554E-02 3.44619E-01 7.15976E-01 3.67847E-02 1.09343E-03 4.74792E-05 5.52885E-01 
4.74792E-05 1.88835E-04 3.38072E-02 1.44370E-02 1.38184E-02 3.35842E-01 7.02144E-01 3.63212E-02 1.88835E-04 4.74792E-05 5.28938E-01 
4.74792E-05 6.04173E-04 3.32669E-02 1.40235E-02 1.32991E-02 3.27100E-01 6.88189E-01 3.58329E-02 6.04173E-04 4.74792E-05 5.04190E-01 
4.74792E-05 9.87888E-04 3.26944E-02 1.36006E-02 1.27802E-02 3.18283E-01 6.73942E-01 3.53051E-02 9.87888E-04 4.74792E-05 4.79389E-01 
4.74792E-05 1.33965E-03 3.20912E-02 1.31697E-02 1.22628E-02 3.09405E-01 6.59427E-01 3.47392E-02 1.33965E-03 4.74792E-05 4.54671E-01 
4.74792E-05 1.65942E-03 3.14589E-02 1.27317E-02 1.17480E-02 3.00484E-01 6.44666E-01 3.41369E-02 1.65942E-03 4.74792E-05 4.30162E-01 
4.74792E-05 1.88499E-03 3.09509E-02 1.23888E-02 1.13521E-02 2.93563E-01 6.33093E-01 3.36471E-02 1.88499E-03 4.74792E-05 4.11419E-01 
4.74792E-05 1.94737E-03 3.07994E-02 1.22879E-02 1.12368E-02 2.91537E-01 6.29685E-01 3.35001E-02 1.94737E-03 4.74792E-05 4.05984E-01 
4.74792E-05 2.22267E-03 3.00603E-02 1.18044E-02 1.06910E-02 2.81880E-01 6.13316E-01 3.27771E-02 2.22267E-03 4.74792E-05 3.80416E-01 
4.74792E-05 2.46226E-03 2.92946E-02 1.13173E-02 1.01519E-02 2.72233E-01 5.96755E-01 3.20193E-02 2.46226E-03 4.74792E-05 3.55495E-01 
4.74792E-05 2.66722E-03 2.85054E-02 1.08282E-02 9.62083E-03 2.62616E-01 5.80037E-01 3.12299E-02 2.66722E-03 4.74792E-05 3.31336E-01 
4.74792E-05 2.83887E-03 2.76957E-02 1.03389E-02 9.09910E-03 2.53050E-01 5.63197E-01 3.04121E-02 2.83887E-03 4.74792E-05 3.08038E-01 
2.53907E-04 2.98003E-03 2.68799E-02 9.85895E-03 8.59601E-03 2.43655E-01 5.46448E-01 2.95809E-02 2.98003E-03 2.53907E-04 2.84893E-01 
5.26936E-04 3.09083E-03 2.60451E-02 9.37864E-03 8.10085E-03 2.34304E-01 5.29571E-01 2.87237E-02 3.09083E-03 5.26936E-04 2.62632E-01 
7.65037E-04 3.17253E-03 2.51921E-02 8.89819E-03 7.61333E-03 2.24995E-01 5.12561E-01 2.78412E-02 3.17253E-03 7.65037E-04 2.41484E-01 
9.69816E-04 3.22695E-03 2.43247E-02 8.41991E-03 7.13533E-03 2.15751E-01 4.95462E-01 2.69378E-02 3.22695E-03 9.69816E-04 2.21494E-01 
1.14310E-03 3.25603E-03 2.34467E-02 7.94603E-03 6.66859E-03 2.06597E-01 4.78318E-01 2.60176E-02 3.25603E-03 1.14310E-03 2.02692E-01 
1.28688E-03 3.26186E-03 2.25620E-02 7.47871E-03 6.21471E-03 1.97554E-01 4.61174E-01 2.50850E-02 3.26186E-03 1.28688E-03 1.85088E-01 
1.40328E-03 3.24663E-03 2.16744E-02 7.01996E-03 5.77516E-03 1.88644E-01 4.44072E-01 2.41441E-02 3.24663E-03 1.40328E-03 1.68681E-01 
1.49451E-03 3.21252E-03 2.07876E-02 6.57162E-03 5.35120E-03 1.79887E-01 4.27055E-01 2.31992E-02 3.21252E-03 1.49451E-03 1.53454E-01 
1.56279E-03 3.16176E-03 1.99050E-02 6.13539E-03 4.94393E-03 1.71301E-01 4.10164E-01 2.22542E-02 3.16176E-03 1.56279E-03 1.39379E-01 
1.61037E-03 3.09651E-03 1.90299E-02 5.71276E-03 4.55425E-03 1.62904E-01 3.93439E-01 2.13128E-02 3.09651E-03 1.61037E-03 1.26416E-01 
1.63946E-03 3.01888E-03 1.81655E-02 5.30501E-03 4.18289E-03 1.54710E-01 3.76917E-01 2.03788E-02 3.01888E-03 1.63946E-03 1.14520E-01 
1.65219E-03 2.93089E-03 1.73144E-02 4.91325E-03 3.83036E-03 1.46732E-01 3.60633E-01 1.94555E-02 2.93089E-03 1.65219E-03 1.03639E-01 
1.65062E-03 2.83445E-03 1.64794E-02 4.53833E-03 3.49700E-03 1.38983E-01 3.44621E-01 1.85459E-02 2.83445E-03 1.65062E-03 9.37145E-02 
3.74189E-05 8.76167E-04 3.26045E-02 1.10727E-02 9.34265E-03 3.34487E-01 7.15163E-01 3.58366E-02 8.76167E-04 3.74189E-05 5.11149E-01 
3.74189E-05 8.76167E-04 3.20052E-02 1.07225E-02 8.95128E-03 3.25377E-01 7.00219E-01 3.52584E-02 8.76167E-04 3.74189E-05 4.88397E-01 
3.74189E-05 1.51888E-04 3.13974E-02 1.03802E-02 8.57634E-03 3.16344E-01 6.85218E-01 3.46641E-02 1.51888E-04 3.74189E-05 4.65182E-01 
3.74189E-05 4.85184E-04 3.07809E-02 1.00453E-02 8.21684E-03 3.07382E-01 6.70152E-01 3.40540E-02 4.85184E-04 3.74189E-05 4.41501E-01 
3.74189E-05 7.91997E-04 3.01407E-02 9.70485E-03 7.85910E-03 2.98377E-01 6.54839E-01 3.34132E-02 7.91997E-04 3.74189E-05 4.17965E-01 
3.74189E-05 1.07213E-03 2.94782E-02 9.35983E-03 7.50385E-03 2.89345E-01 6.39306E-01 3.27434E-02 1.07213E-03 3.74189E-05 3.94691E-01 
3.74189E-05 1.32561E-03 2.87951E-02 9.01112E-03 7.15177E-03 2.80304E-01 6.23580E-01 3.20465E-02 1.32561E-03 3.74189E-05 3.71791E-01 
3.74189E-05 1.50361E-03 2.82537E-02 8.73940E-03 6.88198E-03 2.73313E-01 6.11298E-01 3.14899E-02 1.50361E-03 3.74189E-05 3.54393E-01 
3.74189E-05 1.55269E-03 2.80934E-02 8.65970E-03 6.80358E-03 2.71271E-01 6.07690E-01 3.13244E-02 1.55269E-03 3.74189E-05 3.49367E-01 
3.74189E-05 1.76844E-03 2.73181E-02 8.27890E-03 6.43328E-03 2.61561E-01 5.90403E-01 3.05201E-02 1.76844E-03 3.74189E-05 3.25831E-01 
3.74189E-05 1.95476E-03 2.65261E-02 7.89739E-03 6.06915E-03 2.51901E-01 5.72995E-01 2.96920E-02 1.95476E-03 3.74189E-05 3.03063E-01 
3.74189E-05 2.11267E-03 2.57199E-02 7.51649E-03 5.71203E-03 2.42312E-01 5.55502E-01 2.88430E-02 2.11267E-03 3.74189E-05 2.81153E-01 
3.74189E-05 2.24338E-03 2.49024E-02 7.13752E-03 5.36273E-03 2.32814E-01 5.37962E-01 2.79765E-02 2.24338E-03 3.74189E-05 2.60176E-01 
1.99777E-04 2.34921E-03 2.40869E-02 6.76777E-03 5.02770E-03 2.23524E-01 5.20594E-01 2.71067E-02 2.34921E-03 1.99777E-04 2.39548E-01 
4.13571E-04 2.43048E-03 2.32612E-02 6.39978E-03 4.69937E-03 2.14316E-01 5.03171E-01 2.62209E-02 2.43048E-03 4.13571E-04 2.19847E-01 
5.98927E-04 2.48839E-03 2.24256E-02 6.03375E-03 4.37754E-03 2.05188E-01 4.85690E-01 2.53200E-02 2.48839E-03 5.98927E-04 2.01248E-01 
7.57282E-04 2.52451E-03 2.15836E-02 5.67147E-03 4.06353E-03 1.96163E-01 4.68194E-01 2.44078E-02 2.52451E-03 7.57282E-04 1.83776E-01 
8.90244E-04 2.54053E-03 2.07387E-02 5.31464E-03 3.75851E-03 1.87263E-01 4.50730E-01 2.34881E-02 2.54053E-03 8.90244E-04 1.67443E-01 
9.99547E-04 2.53826E-03 1.98941E-02 4.96486E-03 3.46359E-03 1.78510E-01 4.33342E-01 2.25648E-02 2.53826E-03 9.99547E-04 1.52243E-01 
1.08701E-03 2.51953E-03 1.90532E-02 4.62363E-03 3.17971E-03 1.69921E-01 4.16073E-01 2.16417E-02 2.51953E-03 1.08701E-03 1.38159E-01 
1.15451E-03 2.48619E-03 1.82188E-02 4.29229E-03 2.90771E-03 1.61516E-01 3.98965E-01 2.07223E-02 2.48619E-03 1.15451E-03 1.25164E-01 
1.20392E-03 2.44008E-03 1.73940E-02 3.97202E-03 2.64827E-03 1.53311E-01 3.82057E-01 1.98099E-02 2.44008E-03 1.20392E-03 1.13219E-01 
1.23713E-03 2.38299E-03 1.65814E-02 3.66385E-03 2.40193E-03 1.45320E-01 3.65386E-01 1.89079E-02 2.38299E-03 1.23713E-03 1.02281E-01 
1.25595E-03 2.31666E-03 1.57834E-02 3.36864E-03 2.16910E-03 1.37556E-01 3.48989E-01 1.80192E-02 2.31666E-03 1.25595E-03 9.22964E-02 
1.26215E-03 2.24271E-03 1.50023E-02 3.08707E-03 1.95001E-03 1.30029E-01 3.32897E-01 1.71464E-02 2.24271E-03 1.26215E-03 8.32116E-02 
1.25741E-03 2.16269E-03 1.42399E-02 2.81967E-03 1.74479E-03 1.22750E-01 3.17141E-01 1.62919E-02 2.16269E-03 1.25741E-03 7.49685E-02 
2.92906E-05 6.96395E-04 3.01695E-02 7.51373E-03 4.88785E-03 3.14008E-01 6.96411E-01 3.41002E-02 6.96395E-04 2.92906E-05 4.50781E-01 
2.92906E-05 6.96395E-04 2.95137E-02 7.24177E-03 4.64609E-03 3.04738E-01 6.80403E-01 3.34167E-02 6.96395E-04 2.92906E-05 4.28811E-01 
2.92906E-05 1.21151E-04 2.88562E-02 6.97817E-03 4.41773E-03 2.95579E-01 6.64399E-01 3.27256E-02 1.21151E-04 2.92906E-05 4.06656E-01 
2.92906E-05 3.86423E-04 2.81968E-02 6.72238E-03 4.20186E-03 2.86524E-01 6.48390E-01 3.20268E-02 3.86423E-04 2.92906E-05 3.84313E-01 
2.92906E-05 6.29792E-04 2.75209E-02 6.46383E-03 3.98799E-03 2.77457E-01 6.32185E-01 3.13056E-02 6.29792E-04 2.92906E-05 3.62270E-01 
2.92906E-05 8.51142E-04 2.68301E-02 6.20318E-03 3.77651E-03 2.68397E-01 6.15812E-01 3.05638E-02 8.51142E-04 2.92906E-05 3.40631E-01 
2.92906E-05 1.05056E-03 2.61259E-02 5.94112E-03 3.56778E-03 2.59361E-01 5.99302E-01 2.98034E-02 1.05056E-03 2.92906E-05 3.19488E-01 
2.92906E-05 1.18996E-03 2.55731E-02 5.73783E-03 3.40840E-03 2.52396E-01 5.86452E-01 2.92034E-02 1.18996E-03 2.92906E-05 3.03524E-01 
2.92906E-05 1.22829E-03 2.54102E-02 5.67836E-03 3.36218E-03 2.50366E-01 5.82684E-01 2.90262E-02 1.22829E-03 2.92906E-05 2.98928E-01 
2.92906E-05 1.39612E-03 2.46278E-02 5.39512E-03 3.14444E-03 2.40733E-01 5.64682E-01 2.81719E-02 1.39612E-03 2.92906E-05 2.77498E-01 
2.92906E-05 1.53995E-03 2.38364E-02 5.11289E-03 2.93126E-03 2.31188E-01 5.46630E-01 2.73035E-02 1.53995E-03 2.92906E-05 2.56914E-01 
2.92906E-05 1.66070E-03 2.30387E-02 4.83263E-03 2.72312E-03 2.21752E-01 5.28567E-01 2.64238E-02 1.66070E-03 2.92906E-05 2.37243E-01 
2.92906E-05 1.75944E-03 2.22369E-02 4.55531E-03 2.52051E-03 2.12442E-01 5.10532E-01 2.55358E-02 1.75944E-03 2.92906E-05 2.18537E-01 
1.56127E-04 1.83806E-03 2.14434E-02 4.28625E-03 2.32747E-03 2.03372E-01 4.92748E-01 2.46530E-02 1.83806E-03 1.56127E-04 2.00317E-01 
3.22423E-04 1.89700E-03 2.06464E-02 4.01994E-03 2.13910E-03 1.94420E-01 4.74983E-01 2.37629E-02 1.89700E-03 3.22423E-04 1.83032E-01 
4.65764E-04 1.93735E-03 1.98461E-02 3.75655E-03 1.95530E-03 1.85581E-01 4.57231E-01 2.28662E-02 1.93735E-03 4.65764E-04 1.66812E-01 
5.87413E-04 1.96046E-03 1.90457E-02 3.49741E-03 1.77691E-03 1.76877E-01 4.39541E-01 2.19662E-02 1.96046E-03 5.87413E-04 1.51667E-01 
6.88758E-04 1.96779E-03 1.82481E-02 3.24375E-03 1.60472E-03 1.68330E-01 4.21956E-01 2.10664E-02 1.96779E-03 6.88758E-04 1.37591E-01 
7.71283E-04 1.96083E-03 1.74560E-02 2.99674E-03 1.43940E-03 1.59957E-01 4.04521E-01 2.01703E-02 1.96083E-03 7.71283E-04 1.24569E-01 
8.36529E-04 1.94113E-03 1.66722E-02 2.75743E-03 1.28156E-03 1.51777E-01 3.87277E-01 1.92809E-02 1.94113E-03 8.36529E-04 1.12572E-01 
8.86066E-04 1.91023E-03 1.58992E-02 2.52674E-03 1.13171E-03 1.43805E-01 3.70264E-01 1.84014E-02 1.91023E-03 8.86066E-04 1.01564E-01 
9.21465E-04 1.86963E-03 1.51393E-02 2.30546E-03 9.90256E-04 1.36055E-01 3.53521E-01 1.75345E-02 1.86963E-03 9.21465E-04 9.15026E-02 
9.44269E-04 1.82080E-03 1.43945E-02 2.09427E-03 8.57493E-04 1.28539E-01 3.37082E-01 1.66829E-02 1.82080E-03 9.44269E-04 8.23375E-02 
9.55977E-04 1.76514E-03 1.36669E-02 1.89369E-03 7.33623E-04 1.21267E-01 3.20979E-01 1.58489E-02 1.76514E-03 9.55977E-04 7.40163E-02 
9.58022E-04 1.70396E-03 1.29581E-02 1.70411E-03 6.18746E-04 1.14247E-01 3.05241E-01 1.50347E-02 1.70396E-03 9.58022E-04 6.64834E-02 
9.51758E-04 1.63849E-03 1.22695E-02 1.52579E-03 5.12868E-04 1.07485E-01 2.89895E-01 1.42420E-02 1.63849E-03 9.51758E-04 5.96825E-02 
2.27690E-05 5.48869E-04 2.76325E-02 4.57000E-03 1.45366E-03 2.92308E-01 6.73708E-01 3.20764E-02 5.48869E-04 2.27690E-05 3.95105E-01 
2.27690E-05 5.48869E-04 2.69510E-02 4.37438E-03 1.34175E-03 2.83010E-01 6.56817E-01 3.13211E-02 5.48869E-04 2.27690E-05 3.74211E-01 
2.27690E-05 9.57956E-05 2.62735E-02 4.18688E-03 1.23981E-03 2.73854E-01 6.39993E-01 3.05657E-02 9.57956E-05 2.27690E-05 3.53359E-01 
2.27690E-05 3.05137E-04 2.55993E-02 4.00693E-03 1.14703E-03 2.64832E-01 6.23226E-01 2.98098E-02 3.05137E-04 2.27690E-05 3.32542E-01 
2.27690E-05 4.96593E-04 2.49146E-02 3.82605E-03 1.05571E-03 2.55829E-01 6.06316E-01 2.90389E-02 4.96593E-04 2.27690E-05 3.12146E-01 
2.27690E-05 6.70097E-04 2.42210E-02 3.64468E-03 9.65936E-04 2.46864E-01 5.89294E-01 2.82549E-02 6.70097E-04 2.27690E-05 2.92256E-01 
2.27690E-05 8.25751E-04 2.35201E-02 3.46327E-03 8.77817E-04 2.37953E-01 5.72192E-01 2.74596E-02 8.25751E-04 2.27690E-05 2.72950E-01 
2.27690E-05 9.34089E-04 2.29736E-02 3.32319E-03 8.10841E-04 2.31107E-01 5.58925E-01 2.68378E-02 9.34089E-04 2.27690E-05 2.58456E-01 
2.27690E-05 9.63797E-04 2.28133E-02 3.28232E-03 7.91466E-04 2.29114E-01 5.55042E-01 2.66550E-02 9.63797E-04 2.27690E-05 2.54296E-01 
2.27690E-05 1.09336E-03 2.20467E-02 3.08829E-03 7.00495E-04 2.19684E-01 5.36535E-01 2.57793E-02 1.09336E-03 2.27690E-05 2.34983E-01 
2.27690E-05 1.20356E-03 2.12775E-02 2.89603E-03 6.11924E-04 2.10375E-01 5.18050E-01 2.48978E-02 1.20356E-03 2.27690E-05 2.16556E-01 
2.27690E-05 1.29518E-03 2.05077E-02 2.70618E-03 5.25962E-04 2.01207E-01 4.99627E-01 2.40129E-02 1.29518E-03 2.27690E-05 1.99062E-01 
2.27690E-05 1.36918E-03 1.97395E-02 2.51943E-03 4.42832E-04 1.92197E-01 4.81305E-01 2.31274E-02 1.36918E-03 2.27690E-05 1.82534E-01 
1.21173E-04 1.42704E-03 1.89840E-02 2.33940E-03 3.64693E-04 1.83455E-01 4.63311E-01 2.22540E-02 1.42704E-03 1.21173E-04 1.66579E-01 
2.49640E-04 1.46929E-03 1.82300E-02 2.16226E-03 2.88836E-04 1.74858E-01 4.45406E-01 2.13804E-02 1.46929E-03 2.49640E-04 1.51540E-01 
3.59741E-04 1.49687E-03 1.74778E-02 1.98816E-03 2.15249E-04 1.66404E-01 4.27587E-01 2.05069E-02 1.49687E-03 3.59741E-04 1.37511E-01 
4.52561E-04 1.51094E-03 1.67300E-02 1.81803E-03 1.44432E-04 1.58113E-01 4.09900E-01 1.96368E-02 1.51094E-03 4.52561E-04 1.24487E-01 
5.29283E-04 1.51271E-03 1.59889E-02 1.65273E-03 7.68486E-05 1.50003E-01 3.92388E-01 1.87730E-02 1.51271E-03 5.29283E-04 1.12452E-01 
5.91157E-04 1.50344E-03 1.52570E-02 1.49305E-03 1.29106E-05 1.42091E-01 3.75095E-01 1.79183E-02 1.50344E-03 5.91157E-04 1.01380E-01 
6.39468E-04 1.48440E-03 1.45365E-02 1.33969E-03 -4.70252E-05 1.34393E-01 3.58061E-01 1.70754E-02 1.48440E-03 6.39468E-04 9.12376E-02 
6.75520E-04 1.45684E-03 1.38294E-02 1.19325E-03 -1.02665E-04 1.26920E-01 3.41323E-01 1.62470E-02 1.45684E-03 6.75520E-04 8.19821E-02 
7.00603E-04 1.42199E-03 1.31375E-02 1.05423E-03 -1.53778E-04 1.19686E-01 3.24916E-01 1.54351E-02 1.42199E-03 7.00603E-04 7.35672E-02 
7.15978E-04 1.38104E-03 1.24625E-02 9.23030E-04 -2.00205E-04 1.12699E-01 3.08871E-01 1.46420E-02 1.38104E-03 7.15978E-04 6.59424E-02 
7.22859E-04 1.33509E-03 1.18058E-02 7.99935E-04 -2.41847E-04 1.05966E-01 2.93218E-01 1.38695E-02 1.33509E-03 7.22859E-04 5.90550E-02 
7.22402E-04 1.28521E-03 1.11687E-02 6.85133E-04 -2.78673E-04 9.94934E-02 2.77982E-01 1.31191E-02 1.28521E-03 7.22402E-04 5.28513E-02 
7.15691E-04 1.23234E-03 1.05521E-02 5.78716E-04 -3.10710E-04 9.32853E-02 2.63185E-01 1.23921E-02 1.23234E-03 7.15691E-04 4.72776E-02 
1.75676E-05 4.28688E-04 2.50850E-02 2.19137E-03 -1.07918E-03 2.69700E-01 6.47372E-01 2.98383E-02 4.28688E-04 1.75676E-05 3.44122E-01 
1.75676E-05 4.28688E-04 2.44030E-02 2.06706E-03 -1.08372E-03 2.60503E-01 6.29792E-01 2.90422E-02 4.28688E-04 1.75676E-05 3.24522E-01 
1.75676E-05 7.50376E-05 2.37291E-02 1.95011E-03 -1.08179E-03 2.51475E-01 6.12343E-01 2.82523E-02 7.50376E-05 1.75676E-05 3.05142E-01 
1.75676E-05 2.38730E-04 2.30625E-02 1.83992E-03 -1.07409E-03 2.42608E-01 5.95014E-01 2.74679E-02 2.38730E-04 1.75676E-05 2.85972E-01 
1.75676E-05 3.88013E-04 2.23903E-02 1.72989E-03 -1.06595E-03 2.33789E-01 5.77596E-01 2.66750E-02 3.88013E-04 1.75676E-05 2.67308E-01 
1.75676E-05 5.22843E-04 2.17139E-02 1.62024E-03 -1.05751E-03 2.25036E-01 5.60123E-01 2.58753E-02 5.22843E-04 1.75676E-05 2.49222E-01 
1.75676E-05 6.43322E-04 2.10347E-02 1.51123E-03 -1.04888E-03 2.16366E-01 5.42628E-01 2.50706E-02 6.43322E-04 1.75676E-05 2.31776E-01 
1.75676E-05 7.26830E-04 2.05082E-02 1.42749E-03 -1.04212E-03 2.09724E-01 5.29098E-01 2.44458E-02 7.26830E-04 1.75676E-05 2.18751E-01 
1.75676E-05 7.49668E-04 2.03542E-02 1.40313E-03 -1.04014E-03 2.07794E-01 5.25145E-01 2.42628E-02 7.49668E-04 1.75676E-05 2.15024E-01 
1.75676E-05 8.48891E-04 1.96205E-02 1.28795E-03 -1.03065E-03 1.98681E-01 5.06347E-01 2.33905E-02 8.48891E-04 1.75676E-05 1.97786E-01 
1.75676E-05 9.32640E-04 1.88889E-02 1.17456E-03 -1.02110E-03 1.89719E-01 4.87642E-01 2.25190E-02 9.32640E-04 1.75676E-05 1.81447E-01 
1.75676E-05 1.00161E-03 1.81610E-02 1.06338E-03 -1.01149E-03 1.80926E-01 4.69070E-01 2.16506E-02 1.00161E-03 1.75676E-05 1.66032E-01 
1.75676E-05 1.05659E-03 1.74387E-02 9.54813E-04 -1.00177E-03 1.72317E-01 4.50671E-01 2.07877E-02 1.05659E-03 1.75676E-05 1.51560E-01 
9.33468E-05 1.09875E-03 1.67319E-02 8.51119E-04 -9.91195E-04 1.63994E-01 4.32668E-01 1.99421E-02 1.09875E-03 9.33468E-05 1.37707E-01 
1.91863E-04 1.12864E-03 1.60303E-02 7.49865E-04 -9.80755E-04 1.55842E-01 4.14823E-01 1.91019E-02 1.12864E-03 1.91863E-04 1.24731E-01 
2.75817E-04 1.14708E-03 1.53339E-02 6.51177E-04 -9.70376E-04 1.47856E-01 3.97132E-01 1.82673E-02 1.14708E-03 2.75817E-04 1.12695E-01 
3.46126E-04 1.15502E-03 1.46449E-02 5.55666E-04 -9.59797E-04 1.40054E-01 3.79638E-01 1.74408E-02 1.15502E-03 3.46126E-04 1.01585E-01 
4.03782E-04 1.15347E-03 1.39653E-02 4.63892E-04 -9.48767E-04 1.32453E-01 3.62385E-01 1.66252E-02 1.15347E-03 4.03782E-04 9.13761E-02 
4.49823E-04 1.14347E-03 1.32972E-02 3.76353E-04 -9.37059E-04 1.25066E-01 3.45414E-01 1.58228E-02 1.14347E-03 4.49823E-04 8.20360E-02 
4.85309E-04 1.12604E-03 1.26422E-02 2.93482E-04 -9.24471E-04 1.17908E-01 3.28761E-01 1.50358E-02 1.12604E-03 4.85309E-04 7.35260E-02 
5.11307E-04 1.10220E-03 1.20021E-02 2.15638E-04 -9.10836E-04 1.10987E-01 3.12462E-01 1.42662E-02 1.10220E-03 5.11307E-04 6.58019E-02 
5.28865E-04 1.07293E-03 1.13781E-02 1.43105E-04 -8.96018E-04 1.04314E-01 2.96548E-01 1.35159E-02 1.07293E-03 5.28865E-04 5.88161E-02 
5.39002E-04 1.03918E-03 1.07717E-02 7.60863E-05 -8.79921E-04 9.78951E-02 2.81046E-01 1.27864E-02 1.03918E-03 5.39002E-04 5.25186E-02 
5.42693E-04 1.00184E-03 1.01838E-02 1.47125E-05 -8.62487E-04 9.17351E-02 2.65983E-01 1.20792E-02 1.00184E-03 5.42693E-04 4.68587E-02 
5.40858E-04 9.61721E-04 9.61542E-03 -4.09608E-05 -8.43692E-04 8.58374E-02 2.51378E-01 1.13953E-02 9.61721E-04 5.40858E-04 4.17854E-02 
5.34357E-04 9.19580E-04 9.06718E-03 -9.09458E-05 -8.23546E-04 8.02039E-02 2.37251E-01 1.07356E-02 9.19580E-04 5.34357E-04 3.72490E-02 
1.34432E-05 3.31483E-04 2.26050E-02 3.20735E-04 -2.84078E-03 2.46504E-01 6.17754E-01 2.74629E-02 3.31483E-04 1.34432E-05 2.97734E-01 
1.34432E-05 3.31483E-04 2.19416E-02 2.60543E-04 -2.76118E-03 2.37531E-01 5.99690E-01 2.66534E-02 3.31483E-04 1.34432E-05 2.79578E-01 
1.34432E-05 5.81687E-05 2.12893E-02 2.06548E-04 -2.67845E-03 2.28750E-01 5.81819E-01 2.58551E-02 5.81687E-05 1.34432E-05 2.61776E-01 
1.34432E-05 1.84874E-04 2.06469E-02 1.58184E-04 -2.59312E-03 2.20154E-01 5.64128E-01 2.50671E-02 1.84874E-04 1.34432E-05 2.44316E-01 
1.34432E-05 3.00137E-04 2.00026E-02 1.10462E-04 -2.50860E-03 2.11630E-01 5.46404E-01 2.42759E-02 3.00137E-04 1.34432E-05 2.27419E-01 
1.34432E-05 4.03923E-04 1.93577E-02 6.34387E-05 -2.42519E-03 2.03198E-01 5.28682E-01 2.34832E-02 4.03923E-04 1.34432E-05 2.11144E-01 
1.34432E-05 4.96319E-04 1.87133E-02 1.71911E-05 -2.34316E-03 1.94872E-01 5.10996E-01 2.26907E-02 4.96319E-04 1.34432E-05 1.95538E-01 
1.34432E-05 5.60108E-04 1.82160E-02 -1.79972E-05 -2.28076E-03 1.88513E-01 4.97358E-01 2.20786E-02 5.60108E-04 1.34432E-05 1.83947E-01 
1.34432E-05 5.77509E-04 1.80709E-02 -2.81791E-05 -2.26270E-03 1.86668E-01 4.93380E-01 2.19000E-02 5.77509E-04 1.34432E-05 1.80640E-01 
1.34432E-05 6.52828E-04 1.73817E-02 -7.59753E-05 -2.17793E-03 1.77976E-01 4.74505E-01 2.10513E-02 6.52828E-04 1.34432E-05 1.65404E-01 
1.34432E-05 7.15925E-04 1.66977E-02 -1.22432E-04 -2.09536E-03 1.69459E-01 4.55791E-01 2.02088E-02 7.15925E-04 1.34432E-05 1.51050E-01 
1.34432E-05 7.67381E-04 1.60204E-02 -1.67352E-04 -2.01510E-03 1.61132E-01 4.37277E-01 1.93745E-02 7.67381E-04 1.34432E-05 1.37593E-01 
1.34432E-05 8.07861E-04 1.53514E-02 -2.10526E-04 -1.93720E-03 1.53011E-01 4.19003E-01 1.85502E-02 8.07861E-04 1.34432E-05 1.25035E-01 
7.13232E-05 8.38253E-04 1.46994E-02 -2.50807E-04 -1.86195E-03 1.45188E-01 4.01187E-01 1.77468E-02 8.38253E-04 7.13232E-05 1.13111E-01 
1.46260E-04 8.59096E-04 1.40549E-02 -2.89471E-04 -1.78904E-03 1.37555E-01 3.83593E-01 1.69528E-02 8.59096E-04 1.46260E-04 1.02010E-01 
2.09761E-04 8.71088E-04 1.34179E-02 -3.26405E-04 -1.71830E-03 1.30105E-01 3.66214E-01 1.61684E-02 8.71088E-04 2.09761E-04 9.17706E-02 
2.62591E-04 8.75012E-04 1.27902E-02 -3.61249E-04 -1.64963E-03 1.22855E-01 3.49094E-01 1.53957E-02 8.75012E-04 2.62591E-04 8.23709E-02 
3.05568E-04 8.71687E-04 1.21734E-02 -3.93678E-04 -1.58291E-03 1.15818E-01 3.32273E-01 1.46370E-02 8.71687E-04 3.05568E-04 7.37811E-02 
3.39541E-04 8.61945E-04 1.15692E-02 -4.23410E-04 -1.51804E-03 1.09007E-01 3.15789E-01 1.38941E-02 8.61945E-04 3.39541E-04 6.59650E-02 
3.65375E-04 8.46617E-04 1.09790E-02 -4.50208E-04 -1.45488E-03 1.02432E-01 2.99676E-01 1.31689E-02 8.46617E-04 3.65375E-04 5.88815E-02 
3.83930E-04 8.26515E-04 1.04041E-02 -4.73886E-04 -1.39334E-03 9.61012E-02 2.83965E-01 1.24630E-02 8.26515E-04 3.83930E-04 5.24858E-02 
3.96050E-04 8.02421E-04 9.84550E-03 -4.94311E-04 -1.33332E-03 9.00207E-02 2.68684E-01 1.17778E-02 8.02421E-04 3.96050E-04 4.67312E-02 
4.02548E-04 7.75077E-04 9.30427E-03 -5.11402E-04 -1.27474E-03 8.41950E-02 2.53857E-01 1.11144E-02 7.75077E-04 4.02548E-04 4.15696E-02 
4.04197E-04 7.45176E-04 8.78115E-03 -5.25129E-04 -1.21753E-03 7.86270E-02 2.39505E-01 1.04738E-02 7.45176E-04 4.04197E-04 3.69534E-02 
4.01726E-04 7.13357E-04 8.27678E-03 -5.35510E-04 -1.16166E-03 7.33178E-02 2.25644E-01 9.85677E-03 7.13357E-04 4.01726E-04 3.28354E-02 
3.95808E-04 6.80200E-04 7.79161E-03 -5.42608E-04 -1.10707E-03 6.82669E-02 2.12288E-01 9.26392E-03 6.80200E-04 3.95808E-04 2.91704E-02 
1.02007E-05 2.53644E-04 2.02599E-02 -1.09825E-03 -3.95988E-03 2.23108E-01 5.85326E-01 2.50324E-02 2.53644E-04 1.02007E-05 2.55890E-01 
1.02007E-05 2.53644E-04 1.96286E-02 -1.10306E-03 -3.81883E-03 2.14471E-01 5.66988E-01 2.42326E-02 2.53644E-04 1.02007E-05 2.39265E-01 
1.02007E-05 4.46005E-05 1.90099E-02 -1.10306E-03 -3.67757E-03 2.06046E-01 5.48901E-01 2.34477E-02 4.46005E-05 1.02007E-05 2.23093E-01 
1.02007E-05 1.41637E-04 1.84029E-02 -1.09878E-03 -3.53651E-03 1.97823E-01 5.31053E-01 2.26766E-02 1.41637E-04 1.02007E-05 2.07355E-01 
1.02007E-05 2.29728E-04 1.77967E-02 -1.09380E-03 -3.39752E-03 1.89695E-01 5.13225E-01 2.19066E-02 2.29728E-04 1.02007E-05 1.92213E-01 
1.02007E-05 3.08834E-04 1.71923E-02 -1.08822E-03 -3.26100E-03 1.81678E-01 4.95456E-01 2.11392E-02 3.08834E-04 1.02007E-05 1.77712E-01 
1.02007E-05 3.79021E-04 1.65909E-02 -1.08211E-03 -3.12731E-03 1.73788E-01 4.77778E-01 2.03759E-02 3.79021E-04 1.02007E-05 1.63887E-01 
1.02007E-05 4.27299E-04 1.61282E-02 -1.07704E-03 -3.02599E-03 1.67779E-01 4.64185E-01 1.97890E-02 4.27299E-04 1.02007E-05 1.53670E-01 
1.02007E-05 4.40437E-04 1.59935E-02 -1.07550E-03 -2.99674E-03 1.66038E-01 4.60227E-01 1.96181E-02 4.40437E-04 1.02007E-05 1.50764E-01 
1.02007E-05 4.97098E-04 1.53551E-02 -1.06783E-03 -2.85973E-03 1.57855E-01 4.41483E-01 1.88091E-02 4.97098E-04 1.02007E-05 1.37421E-01 
1.02007E-05 5.44218E-04 1.47240E-02 -1.05960E-03 -2.72688E-03 1.49865E-01 4.22965E-01 1.80100E-02 5.44218E-04 1.02007E-05 1.24928E-01 
1.02007E-05 5.82272E-04 1.41015E-02 -1.05075E-03 -2.59835E-03 1.42082E-01 4.04709E-01 1.72226E-02 5.82272E-04 1.02007E-05 1.13284E-01 
1.02007E-05 6.11802E-04 1.34888E-02 -1.04124E-03 -2.47424E-03 1.34518E-01 3.86752E-01 1.64485E-02 6.11802E-04 1.02007E-05 1.02482E-01 
5.40399E-05 6.33473E-04 1.28936E-02 -1.03078E-03 -2.35554E-03 1.27259E-01 3.69309E-01 1.56973E-02 6.33473E-04 5.40399E-05 9.23061E-02 
1.10569E-04 6.47792E-04 1.23072E-02 -1.01971E-03 -2.24097E-03 1.20202E-01 3.52144E-01 1.49585E-02 6.47792E-04 1.10569E-04 8.28882E-02 
1.58206E-04 6.55338E-04 1.17296E-02 -1.00793E-03 -2.13032E-03 1.13340E-01 3.35249E-01 1.42318E-02 6.55338E-04 1.58206E-04 7.42489E-02 
1.97577E-04 6.56745E-04 1.11622E-02 -9.95263E-04 -2.02357E-03 1.06687E-01 3.18667E-01 1.35192E-02 6.56745E-04 1.97577E-04 6.63613E-02 
2.29346E-04 6.52669E-04 1.06065E-02 -9.81562E-04 -1.92068E-03 1.00254E-01 3.02435E-01 1.28224E-02 6.52669E-04 2.29346E-04 5.91922E-02 
2.54201E-04 6.43775E-04 1.00637E-02 -9.66697E-04 -1.82159E-03 9.40517E-02 2.86586E-01 1.21431E-02 6.43775E-04 2.54201E-04 5.27035E-02 
2.72835E-04 6.30720E-04 9.53500E-03 -9.50567E-04 -1.72622E-03 8.80875E-02 2.71152E-01 1.14825E-02 6.30720E-04 2.72835E-04 4.68538E-02 
2.85937E-04 6.14147E-04 9.02136E-03 -9.33101E-04 -1.63448E-03 8.23671E-02 2.56159E-01 1.08420E-02 6.14147E-04 2.85937E-04 4.15993E-02 
2.94175E-04 5.94667E-04 8.52365E-03 -9.14261E-04 -1.54628E-03 7.68946E-02 2.41633E-01 1.02226E-02 5.94667E-04 2.94175E-04 3.68954E-02 
2.98194E-04 5.72860E-04 8.04258E-03 -8.94037E-04 -1.46153E-03 7.16724E-02 2.27591E-01 9.62508E-03 5.72860E-04 2.98194E-04 3.26970E-02 
2.98600E-04 5.49260E-04 7.57873E-03 -8.72454E-04 -1.38013E-03 6.67011E-02 2.14050E-01 9.05015E-03 5.49260E-04 2.98600E-04 2.89603E-02 
2.95961E-04 5.24361E-04 7.13253E-03 -8.49560E-04 -1.30200E-03 6.19800E-02 2.01024E-01 8.49827E-03 5.24361E-04 2.95961E-04 2.56426E-02 
2.90802E-04 4.98606E-04 6.70426E-03 -8.25431E-04 -1.22704E-03 5.75068E-02 1.88520E-01 7.96974E-03 4.98606E-04 2.90802E-04 2.27035E-02 
7.66318E-06 1.91698E-04 1.80885E-02 -2.12956E-03 -4.56662E-03 1.99789E-01 5.50445E-01 2.26123E-02 1.91698E-04 7.66318E-06 2.18296E-01 
7.66318E-06 1.91698E-04 1.74975E-02 -2.08831E-03 -4.38477E-03 1.91591E-01 5.32042E-01 2.18406E-02 1.91698E-04 7.66318E-06 2.03247E-01 
7.66318E-06 3.37574E-05 1.69199E-02 -2.04374E-03 -4.20513E-03 1.83617E-01 5.13945E-01 2.10862E-02 3.37574E-05 7.66318E-06 1.88715E-01 
7.66318E-06 1.07145E-04 1.63547E-02 -1.99632E-03 -4.02799E-03 1.75858E-01 4.96141E-01 2.03481E-02 1.07145E-04 7.66318E-06 1.74678E-01 
7.66318E-06 1.73663E-04 1.57921E-02 -1.94846E-03 -3.85402E-03 1.68212E-01 4.78411E-01 1.96142E-02 1.73663E-04 7.66318E-06 1.61248E-01 
7.66318E-06 2.33263E-04 1.52330E-02 -1.90036E-03 -3.68371E-03 1.60694E-01 4.60792E-01 1.88859E-02 2.33263E-04 7.66318E-06 1.48459E-01 
7.66318E-06 2.85985E-04 1.46784E-02 -1.85221E-03 -3.51743E-03 1.53318E-01 4.43317E-01 1.81646E-02 2.85985E-04 7.66318E-06 1.36333E-01 
7.66318E-06 3.22128E-04 1.42529E-02 -1.81501E-03 -3.39177E-03 1.47715E-01 4.29917E-01 1.76121E-02 3.22128E-04 7.66318E-06 1.27417E-01 
7.66318E-06 3.31941E-04 1.41291E-02 -1.80415E-03 -3.35554E-03 1.46095E-01 4.26022E-01 1.74515E-02 3.31941E-04 7.66318E-06 1.24887E-01 
7.66318E-06 3.74119E-04 1.35440E-02 -1.75257E-03 -3.18620E-03 1.38495E-01 4.07610E-01 1.66934E-02 3.74119E-04 7.66318E-06 1.13316E-01 
7.66318E-06 4.08946E-04 1.29673E-02 -1.70133E-03 -3.02255E-03 1.31099E-01 3.89481E-01 1.59478E-02 4.08946E-04 7.66318E-06 1.02546E-01 
7.66318E-06 4.36800E-04 1.24001E-02 -1.65053E-03 -2.86476E-03 1.23921E-01 3.71671E-01 1.52162E-02 4.36800E-04 7.66318E-06 9.25670E-02 
7.66318E-06 4.58116E-04 1.18435E-02 -1.60020E-03 -2.71295E-03 1.16969E-01 3.54213E-01 1.44998E-02 4.58116E-04 7.66318E-06 8.33636E-02 
4.05385E-05 4.73376E-04 1.13041E-02 -1.55071E-03 -2.56851E-03 1.10322E-01 3.37314E-01 1.38074E-02 4.73376E-04 4.05385E-05 7.47586E-02 
8.27624E-05 4.83041E-04 1.07742E-02 -1.50168E-03 -2.42956E-03 1.03883E-01 3.20743E-01 1.31290E-02 4.83041E-04 8.27624E-05 6.68412E-02 
1.18148E-04 4.87586E-04 1.02537E-02 -1.45300E-03 -2.29581E-03 9.76454E-02 3.04491E-01 1.24643E-02 4.87586E-04 1.18148E-04 5.96177E-02 
1.47201E-04 4.87512E-04 9.74361E-03 -1.40463E-03 -2.16729E-03 9.16202E-02 2.88596E-01 1.18149E-02 4.87512E-04 1.47201E-04 5.30583E-02 
1.70452E-04 4.83339E-04 9.24528E-03 -1.35654E-03 -2.04400E-03 8.58168E-02 2.73092E-01 1.11822E-02 4.83339E-04 1.70452E-04 4.71282E-02 
1.88449E-04 4.75588E-04 8.75968E-03 -1.30870E-03 -1.92589E-03 8.02425E-02 2.58010E-01 1.05675E-02 4.75588E-04 1.88449E-04 4.17892E-02 
2.01742E-04 4.64775E-04 8.28776E-03 -1.26110E-03 -1.81289E-03 7.49028E-02 2.43378E-01 9.97188E-03 4.64775E-04 2.01742E-04 3.70009E-02 
2.10873E-04 4.51398E-04 7.83029E-03 -1.21375E-03 -1.70491E-03 6.98015E-02 2.29217E-01 9.39622E-03 4.51398E-04 2.10873E-04 3.27217E-02 
2.16368E-04 4.35932E-04 7.38794E-03 -1.16665E-03 -1.60184E-03 6.49404E-02 2.15546E-01 8.84131E-03 4.35932E-04 2.16368E-04 2.89099E-02 
2.18728E-04 4.18822E-04 6.96125E-03 -1.11982E-03 -1.50357E-03 6.03200E-02 2.02383E-01 8.30769E-03 4.18822E-04 2.18728E-04 2.55244E-02 
2.18426E-04 4.00477E-04 6.55063E-03 -1.07332E-03 -1.40995E-03 5.59392E-02 1.89737E-01 7.79578E-03 4.00477E-04 2.18426E-04 2.25255E-02 
2.15899E-04 3.81273E-04 6.15637E-03 -1.02719E-03 -1.32087E-03 5.17956E-02 1.77617E-01 7.30584E-03 3.81273E-04 2.15899E-04 1.98753E-02 
2.11553E-04 3.61544E-04 5.77864E-03 -9.81502E-04 -1.23616E-03 4.78854E-02 1.66029E-01 6.83797E-03 3.61544E-04 2.11553E-04 1.75382E-02 
5.71282E-06 1.43363E-04 1.61393E-02 -2.82480E-03 -4.77689E-03 1.77127E-01 5.13985E-01 2.02903E-02 1.43363E-04 5.71282E-06 1.85102E-01 
5.71282E-06 1.43363E-04 1.55919E-02 -2.74735E-03 -4.57250E-03 1.69449E-01 4.95722E-01 1.95599E-02 1.43363E-04 5.71282E-06 1.71615E-01 
5.71282E-06 2.52645E-05 1.50581E-02 -2.66805E-03 -4.37214E-03 1.62002E-01 4.77815E-01 1.88481E-02 2.52645E-05 5.71282E-06 1.58681E-01 
5.71282E-06 8.01735E-05 1.45368E-02 -2.58730E-03 -4.17600E-03 1.54776E-01 4.60250E-01 1.81538E-02 8.01735E-05 5.71282E-06 1.46274E-01 
5.71282E-06 1.29895E-04 1.40192E-02 -2.50654E-03 -3.98389E-03 1.47677E-01 4.42807E-01 1.74660E-02 1.29895E-04 5.71282E-06 1.34469E-01 
5.71282E-06 1.74373E-04 1.35060E-02 -2.42607E-03 -3.79631E-03 1.40718E-01 4.25523E-01 1.67859E-02 1.74373E-04 5.71282E-06 1.23287E-01 
5.71282E-06 2.13621E-04 1.29982E-02 -2.34613E-03 -3.61367E-03 1.33911E-01 4.08432E-01 1.61146E-02 2.13621E-04 5.71282E-06 1.12743E-01 
5.71282E-06 2.40448E-04 1.26094E-02 -2.28479E-03 -3.47596E-03 1.28755E-01 3.95361E-01 1.56019E-02 2.40448E-04 5.71282E-06 1.05027E-01 
5.71282E-06 2.47717E-04 1.24965E-02 -2.26696E-03 -3.43631E-03 1.27267E-01 3.91567E-01 1.54532E-02 2.47717E-04 5.71282E-06 1.02844E-01 
5.71282E-06 2.78861E-04 1.19632E-02 -2.18265E-03 -3.25130E-03 1.20297E-01 3.73669E-01 1.47524E-02 2.78861E-04 5.71282E-06 9.28923E-02 
5.71282E-06 3.04405E-04 1.14389E-02 -2.09965E-03 -3.07300E-03 1.13539E-01 3.56106E-01 1.40657E-02 3.04405E-04 5.71282E-06 8.36826E-02 
5.71282E-06 3.24643E-04 1.09244E-02 -2.01809E-03 -2.90159E-03 1.07002E-01 3.38908E-01 1.33942E-02 3.24643E-04 5.71282E-06 7.51989E-02 
5.71282E-06 3.39916E-04 1.04206E-02 -1.93809E-03 -2.73718E-03 1.00693E-01 3.22108E-01 1.27388E-02 3.39916E-04 5.71282E-06 6.74189E-02 
3.01792E-05 3.50563E-04 9.93336E-03 -1.86046E-03 -2.58134E-03 9.46828E-02 3.05901E-01 1.21074E-02 3.50563E-04 3.01792E-05 6.01977E-02 
6.14822E-05 3.56993E-04 9.45575E-03 -1.78429E-03 -2.43185E-03 8.88811E-02 2.90062E-01 1.14908E-02 3.56993E-04 6.14822E-05 5.35914E-02 
8.75745E-05 3.59588E-04 8.98749E-03 -1.70946E-03 -2.28837E-03 8.32811E-02 2.74583E-01 1.08885E-02 3.59588E-04 8.75745E-05 4.75964E-02 
1.08856E-04 3.58740E-04 8.52963E-03 -1.63603E-03 -2.15096E-03 7.78919E-02 2.59496E-01 1.03019E-02 3.58740E-04 1.08856E-04 4.21813E-02 
1.25747E-04 3.54853E-04 8.08315E-03 -1.56402E-03 -2.01959E-03 7.27205E-02 2.44834E-01 9.73217E-03 3.54853E-04 1.25747E-04 3.73113E-02 
1.38679E-04 3.48334E-04 7.64890E-03 -1.49349E-03 -1.89424E-03 6.77719E-02 2.30621E-01 9.18021E-03 3.48334E-04 1.38679E-04 3.29494E-02 
1.48082E-04 3.39579E-04 7.22763E-03 -1.42447E-03 -1.77481E-03 6.30497E-02 2.16882E-01 8.64690E-03 3.39579E-04 1.48082E-04 2.90573E-02 
1.54379E-04 3.28973E-04 6.81998E-03 -1.35699E-03 -1.66121E-03 5.85557E-02 2.03634E-01 8.13291E-03 3.28973E-04 1.54379E-04 2.55964E-02 
1.57979E-04 3.16880E-04 6.42647E-03 -1.29108E-03 -1.55330E-03 5.42900E-02 1.90892E-01 7.63876E-03 3.16880E-04 1.57979E-04 2.25286E-02 
1.59269E-04 3.03637E-04 6.04750E-03 -1.22678E-03 -1.45094E-03 5.02514E-02 1.78668E-01 7.16482E-03 3.03637E-04 1.59269E-04 1.98168E-02 
1.58613E-04 2.89557E-04 5.68337E-03 -1.16413E-03 -1.35395E-03 4.64375E-02 1.66969E-01 6.71132E-03 2.89557E-04 1.58613E-04 1.74259E-02 
1.56347E-04 2.74922E-04 5.33429E-03 -1.10317E-03 -1.26217E-03 4.28444E-02 1.55800E-01 6.27835E-03 2.74922E-04 1.56347E-04 1.53227E-02 
1.52779E-04 2.59982E-04 5.00036E-03 -1.04392E-03 -1.17542E-03 3.94674E-02 1.45160E-01 5.86587E-03 2.59982E-04 1.52779E-04 1.34763E-02 
4.20098E-06 1.05403E-04 1.43895E-02 -3.25279E-03 -4.70054E-03 1.55045E-01 4.75820E-01 1.80769E-02 1.05403E-04 4.20098E-06 1.55498E-01 
4.20098E-06 1.05403E-04 1.38865E-02 -3.14807E-03 -4.48835E-03 1.47958E-01 4.57897E-01 1.73969E-02 1.05403E-04 4.20098E-06 1.43551E-01 
4.20098E-06 1.85715E-05 1.33967E-02 -3.04286E-03 -4.28144E-03 1.41105E-01 4.40374E-01 1.67360E-02 1.85715E-05 4.20098E-06 1.32172E-01 
4.20098E-06 5.89483E-05 1.29191E-02 -2.93752E-03 -4.07991E-03 1.34476E-01 4.23234E-01 1.60931E-02 5.89483E-05 4.20098E-06 1.21330E-01 
4.20098E-06 9.55054E-05 1.24457E-02 -2.83269E-03 -3.88300E-03 1.27981E-01 4.06262E-01 1.54580E-02 9.55054E-05 4.20098E-06 1.11069E-01 
4.20098E-06 1.28176E-04 1.19774E-02 -2.72873E-03 -3.69119E-03 1.21634E-01 3.89494E-01 1.48318E-02 1.28176E-04 4.20098E-06 1.01402E-01 
4.20098E-06 1.56953E-04 1.15147E-02 -2.62594E-03 -3.50485E-03 1.15443E-01 3.72961E-01 1.42155E-02 1.56953E-04 4.20098E-06 9.23347E-02 
4.20098E-06 1.76574E-04 1.11611E-02 -2.54738E-03 -3.36465E-03 1.10768E-01 3.60350E-01 1.37460E-02 1.76574E-04 4.20098E-06 8.57311E-02 
4.20098E-06 1.81881E-04 1.10584E-02 -2.52458E-03 -3.32433E-03 1.09420E-01 3.56695E-01 1.36100E-02 1.81881E-04 4.20098E-06 8.38678E-02 
4.20098E-06 2.04555E-04 1.05743E-02 -2.41718E-03 -3.13648E-03 1.03123E-01 3.39487E-01 1.29703E-02 2.04555E-04 4.20098E-06 7.54038E-02 
4.20098E-06 2.23035E-04 1.00992E-02 -2.31195E-03 -2.95591E-03 9.70372E-02 3.22656E-01 1.23452E-02 2.23035E-04 4.20098E-06 6.76159E-02 
4.20098E-06 2.37542E-04 9.63387E-03 -2.20909E-03 -2.78277E-03 9.11713E-02 3.06230E-01 1.17357E-02 2.37542E-04 4.20098E-06 6.04829E-02 
4.20098E-06 2.48338E-04 9.17892E-03 -2.10877E-03 -2.61713E-03 8.55306E-02 2.90238E-01 1.11426E-02 2.48338E-04 4.20098E-06 5.39791E-02 
2.21627E-05 2.55650E-04 8.73967E-03 -2.01206E-03 -2.46063E-03 8.01755E-02 2.74863E-01 1.05725E-02 2.55650E-04 2.21627E-05 4.79856E-02 
4.50564E-05 2.59833E-04 8.30982E-03 -1.91770E-03 -2.31087E-03 7.50250E-02 2.59889E-01 1.00174E-02 2.59833E-04 4.50564E-05 4.25338E-02 
6.40364E-05 2.61185E-04 7.88908E-03 -1.82555E-03 -2.16751E-03 7.00717E-02 2.45305E-01 9.47660E-03 2.61185E-04 6.40364E-05 3.76129E-02 
7.94140E-05 2.60009E-04 7.47835E-03 -1.73571E-03 -2.03058E-03 6.53225E-02 2.31142E-01 8.95124E-03 2.60009E-04 7.94140E-05 3.31916E-02 
9.15155E-05 2.56614E-04 7.07846E-03 -1.64827E-03 -1.90007E-03 6.07823E-02 2.17425E-01 8.44222E-03 2.56614E-04 9.15155E-05 2.92363E-02 
1.00674E-04 2.51308E-04 6.69012E-03 -1.56329E-03 -1.77592E-03 5.64542E-02 2.04177E-01 7.95032E-03 2.51308E-04 1.00674E-04 2.57120E-02 
1.07222E-04 2.44395E-04 6.31394E-03 -1.48084E-03 -1.65805E-03 5.23401E-02 1.91417E-01 7.47617E-03 2.44395E-04 1.07222E-04 2.25832E-02 
1.11484E-04 2.36164E-04 5.95045E-03 -1.40096E-03 -1.54631E-03 4.84400E-02 1.79159E-01 7.02025E-03 2.36164E-04 1.11484E-04 1.98150E-02 
1.13773E-04 2.26892E-04 5.60006E-03 -1.32368E-03 -1.44057E-03 4.47526E-02 1.67413E-01 6.58292E-03 2.26892E-04 1.13773E-04 1.73731E-02 
1.14383E-04 2.16830E-04 5.26308E-03 -1.24904E-03 -1.34066E-03 4.12754E-02 1.56186E-01 6.16440E-03 2.16830E-04 1.14383E-04 1.52249E-02 
1.13592E-04 2.06214E-04 4.93975E-03 -1.17704E-03 -1.24637E-03 3.80048E-02 1.45482E-01 5.76478E-03 2.06214E-04 1.13592E-04 1.33398E-02 
1.11654E-04 1.95252E-04 4.63019E-03 -1.10770E-03 -1.15753E-03 3.49360E-02 1.35301E-01 5.38405E-03 1.95252E-04 1.11654E-04 1.16891E-02 
1.08801E-04 1.84131E-04 4.33446E-03 -1.04101E-03 -1.07390E-03 3.20636E-02 1.25640E-01 5.02209E-03 1.84131E-04 1.08801E-04 1.02465E-02 
3.05214E-06 7.62418E-05 1.28548E-02 -3.45967E-03 -4.42692E-03 1.34036E-01 4.36793E-01 1.60305E-02 7.62418E-05 3.05214E-06 1.29544E-01 
3.05214E-06 7.62418E-05 1.23941E-02 -3.33625E-03 -4.21861E-03 1.27590E-01 4.19398E-01 1.54057E-02 7.62418E-05 3.05214E-06 1.19075E-01 
3.05214E-06 1.34147E-05 1.19459E-02 -3.21356E-03 -4.01629E-03 1.21375E-01 4.02439E-01 1.47997E-02 1.34147E-05 3.05214E-06 1.09169E-01 
3.05214E-06 4.26145E-05 1.15092E-02 -3.09188E-03 -3.81998E-03 1.15380E-01 3.85897E-01 1.42114E-02 4.26145E-05 3.05214E-06 9.97922E-02 
3.05214E-06 6.90765E-05 1.10771E-02 -2.97126E-03 -3.62857E-03 1.09524E-01 3.69563E-01 1.36316E-02 6.90765E-05 3.05214E-06 9.09647E-02 
3.05214E-06 9.27251E-05 1.06502E-02 -2.85206E-03 -3.44249E-03 1.03818E-01 3.53472E-01 1.30613E-02 9.27251E-05 3.05214E-06 8.26925E-02 
3.05214E-06 1.13535E-04 1.02290E-02 -2.73462E-03 -3.26211E-03 9.82709E-02 3.37652E-01 1.25012E-02 1.13535E-04 3.05214E-06 7.49751E-02 
3.05214E-06 1.27698E-04 9.90743E-03 -2.64515E-03 -3.12663E-03 9.40922E-02 3.25616E-01 1.20754E-02 1.27698E-04 3.05214E-06 6.93810E-02 
3.05214E-06 1.31524E-04 9.81417E-03 -2.61924E-03 -3.08771E-03 9.28896E-02 3.22133E-01 1.19522E-02 1.31524E-04 3.05214E-06 6.78068E-02 
3.05214E-06 1.47828E-04 9.37470E-03 -2.49741E-03 -2.90662E-03 8.72812E-02 3.05767E-01 1.13735E-02 1.47828E-04 3.05214E-06 6.06806E-02 
3.05214E-06 1.61042E-04 8.94399E-03 -2.37851E-03 -2.73294E-03 8.18805E-02 2.89811E-01 1.08094E-02 1.61042E-04 3.05214E-06 5.41611E-02 
3.05214E-06 1.71327E-04 8.52268E-03 -2.26276E-03 -2.56677E-03 7.66927E-02 2.74291E-01 1.02605E-02 1.71327E-04 3.05214E-06 4.82240E-02 
3.05214E-06 1.78877E-04 8.11137E-03 -2.15032E-03 -2.40818E-03 7.17217E-02 2.59231E-01 9.72761E-03 1.78877E-04 3.05214E-06 4.28413E-02 
1.60809E-05 1.83836E-04 7.71475E-03 -2.04245E-03 -2.25872E-03 6.70193E-02 2.44801E-01 9.21658E-03 1.83836E-04 1.60809E-05 3.79160E-02 
3.26262E-05 1.86503E-04 7.32714E-03 -1.93764E-03 -2.11601E-03 6.25127E-02 2.30796E-01 8.71994E-03 1.86503E-04 3.26262E-05 3.34613E-02 
4.62698E-05 1.87111E-04 6.94827E-03 -1.83573E-03 -1.97970E-03 5.81946E-02 2.17202E-01 8.23719E-03 1.87111E-04 4.62698E-05 2.94618E-02 
5.72496E-05 1.85885E-04 6.57891E-03 -1.73684E-03 -1.84981E-03 5.40696E-02 2.04047E-01 7.76918E-03 1.85885E-04 5.72496E-05 2.58874E-02 
6.58148E-05 1.83058E-04 6.21977E-03 -1.64110E-03 -1.72631E-03 5.01410E-02 1.91351E-01 7.31666E-03 1.83058E-04 6.58148E-05 2.27064E-02 
7.22192E-05 1.78862E-04 5.87144E-03 -1.54857E-03 -1.60914E-03 4.64103E-02 1.79134E-01 6.88023E-03 1.78862E-04 7.22192E-05 1.98866E-02 
7.67149E-05 1.73524E-04 5.53446E-03 -1.45931E-03 -1.49818E-03 4.28777E-02 1.67409E-01 6.46036E-03 1.73524E-04 7.67149E-05 1.73959E-02 
7.95482E-05 1.67261E-04 5.20925E-03 -1.37337E-03 -1.39330E-03 3.95419E-02 1.56187E-01 6.05740E-03 1.67261E-04 7.95482E-05 1.52031E-02 
8.09549E-05 1.60276E-04 4.89616E-03 -1.29076E-03 -1.29434E-03 3.64006E-02 1.45473E-01 5.67159E-03 1.60276E-04 8.09549E-05 1.32782E-02 
8.11576E-05 1.52759E-04 4.59542E-03 -1.21150E-03 -1.20111E-03 3.34501E-02 1.35272E-01 5.30304E-03 1.52759E-04 8.11576E-05 1.15928E-02 
8.03639E-05 1.44882E-04 4.30723E-03 -1.13557E-03 -1.11340E-03 3.06861E-02 1.25582E-01 4.95177E-03 1.44882E-04 8.03639E-05 1.01207E-02 
7.87647E-05 1.36800E-04 4.03166E-03 -1.06296E-03 -1.03102E-03 2.81033E-02 1.16401E-01 4.61769E-03 1.36800E-04 7.87647E-05 8.83757E-03 
7.65335E-05 1.28650E-04 3.76874E-03 -9.93626E-04 -9.53734E-04 2.56956E-02 1.07723E-01 4.30063E-03 1.28650E-04 7.65335E-05 7.72139E-03 
2.18799E-06 5.41281E-05 1.15212E-02 -3.49447E-03 -4.03300E-03 1.14335E-01 3.97407E-01 1.41734E-02 5.41281E-05 2.18799E-06 1.06957E-01 
2.18799E-06 5.41281E-05 1.10990E-02 -3.35998E-03 -3.83699E-03 1.08561E-01 3.80713E-01 1.36050E-02 5.41281E-05 2.18799E-06 9.78848E-02 
2.18799E-06 9.49480E-06 1.06886E-02 -3.22722E-03 -3.64721E-03 1.03009E-01 3.64481E-01 1.30546E-02 9.49480E-06 2.18799E-06 8.93540E-02 
2.18799E-06 3.02103E-05 1.02891E-02 -3.09643E-03 -3.46362E-03 9.76700E-02 3.48693E-01 1.25210E-02 3.02103E-05 2.18799E-06 8.13317E-02 
2.18799E-06 4.90278E-05 9.89406E-03 -2.96717E-03 -3.28492E-03 9.24702E-02 3.33148E-01 1.19962E-02 4.90278E-05 2.18799E-06 7.38186E-02 
2.18799E-06 6.58653E-05 9.50418E-03 -2.83984E-03 -3.11151E-03 8.74183E-02 3.17876E-01 1.14808E-02 6.58653E-05 2.18799E-06 6.68153E-02 
2.18799E-06 8.06832E-05 9.11998E-03 -2.71477E-03 -2.94370E-03 8.25216E-02 3.02905E-01 1.09756E-02 8.06832E-05 2.18799E-06 6.03163E-02 
2.18799E-06 9.07595E-05 8.82693E-03 -2.61973E-03 -2.81785E-03 7.88432E-02 2.91545E-01 1.05921E-02 9.07595E-05 2.18799E-06 5.56276E-02 
2.18799E-06 9.34784E-05 8.74198E-03 -2.59225E-03 -2.78173E-03 7.77863E-02 2.88263E-01 1.04812E-02 9.34784E-05 2.18799E-06 5.43118E-02 
2.18799E-06 1.05045E-04 8.34196E-03 -2.46330E-03 -2.61387E-03 7.28672E-02 2.72868E-01 9.96105E-03 1.05045E-04 2.18799E-06 4.83754E-02 
2.18799E-06 1.14376E-04 7.95035E-03 -2.33787E-03 -2.45317E-03 6.81466E-02 2.57908E-01 9.45487E-03 1.14376E-04 2.18799E-06 4.29756E-02 
2.18799E-06 1.21583E-04 7.56772E-03 -2.21617E-03 -2.29973E-03 6.36279E-02 2.43405E-01 8.96328E-03 1.21583E-04 2.18799E-06 3.80862E-02 
2.18799E-06 1.26807E-04 7.19460E-03 -2.09836E-03 -2.15355E-03 5.93133E-02 2.29378E-01 8.48684E-03 1.26807E-04 2.18799E-06 3.36785E-02 
1.15137E-05 1.30129E-04 6.83519E-03 -1.98578E-03 -2.01608E-03 5.52465E-02 2.15984E-01 8.03071E-03 1.30129E-04 1.15137E-05 2.96734E-02 
2.33140E-05 1.31798E-04 6.48437E-03 -1.87676E-03 -1.88505E-03 5.13631E-02 2.03028E-01 7.58820E-03 1.31798E-04 2.33140E-05 2.60716E-02 
3.29932E-05 1.31989E-04 6.14185E-03 -1.77115E-03 -1.76013E-03 4.76557E-02 1.90496E-01 7.15878E-03 1.31989E-04 3.29932E-05 2.28551E-02 
4.07295E-05 1.30868E-04 5.80834E-03 -1.66907E-03 -1.64132E-03 4.41274E-02 1.78411E-01 6.74318E-03 1.30868E-04 4.07295E-05 1.99957E-02 
4.67097E-05 1.28608E-04 5.48443E-03 -1.57064E-03 -1.52858E-03 4.07798E-02 1.66790E-01 6.34198E-03 1.28608E-04 4.67097E-05 1.74642E-02 
5.11238E-05 1.25379E-04 5.17066E-03 -1.47594E-03 -1.42183E-03 3.76130E-02 1.55647E-01 5.95567E-03 1.25379E-04 5.11238E-05 1.52317E-02 
5.41606E-05 1.21349E-04 4.86747E-03 -1.38500E-03 -1.32096E-03 3.46260E-02 1.44992E-01 5.58461E-03 1.21349E-04 5.41606E-05 1.32697E-02 
5.60038E-05 1.16677E-04 4.57523E-03 -1.29785E-03 -1.22582E-03 3.18165E-02 1.34832E-01 5.22904E-03 1.16677E-04 5.60038E-05 1.15508E-02 
5.68292E-05 1.11513E-04 4.29422E-03 -1.21451E-03 -1.13625E-03 2.91814E-02 1.25168E-01 4.88913E-03 1.11513E-04 5.68292E-05 1.00491E-02 
5.68026E-05 1.05995E-04 4.02464E-03 -1.13495E-03 -1.05206E-03 2.67164E-02 1.16001E-01 4.56493E-03 1.05995E-04 5.68026E-05 8.74053E-03 
5.60780E-05 1.00249E-04 3.76663E-03 -1.05914E-03 -9.73056E-04 2.44166E-02 1.07327E-01 4.25638E-03 1.00249E-04 5.60780E-05 7.60285E-03 
5.47970E-05 9.43893E-05 3.52025E-03 -9.87029E-04 -8.99015E-04 2.22763E-02 9.91398E-02 3.96338E-03 9.43893E-05 5.47970E-05 6.61582E-03 
5.30883E-05 8.85151E-05 3.28549E-03 -9.18557E-04 -8.29723E-04 2.02895E-02 9.14307E-02 3.68572E-03 8.85151E-05 5.30883E-05 5.76123E-03 
1.54534E-06 3.76033E-05 1.03678E-02 -3.40070E-03 -3.57994E-03 9.61345E-02 3.58155E-01 1.25152E-02 3.76033E-05 1.54534E-06 8.74554E-02 
1.54534E-06 3.76033E-05 9.97982E-03 -3.26162E-03 -3.40168E-03 9.10434E-02 3.42315E-01 1.20016E-02 3.76033E-05 1.54534E-06 7.96833E-02 
1.54534E-06 6.56087E-06 9.60276E-03 -3.12507E-03 -3.22950E-03 8.61630E-02 3.26956E-01 1.15048E-02 6.56087E-06 1.54534E-06 7.24202E-02 
1.54534E-06 2.09317E-05 9.23583E-03 -2.99121E-03 -3.06332E-03 8.14834E-02 3.12059E-01 1.10238E-02 2.09317E-05 1.54534E-06 6.56331E-02 
1.54534E-06 3.40423E-05 8.87337E-03 -2.85929E-03 -2.90180E-03 7.69392E-02 2.97432E-01 1.05512E-02 3.40423E-05 1.54534E-06 5.93102E-02 
1.54534E-06 4.58077E-05 8.51593E-03 -2.72970E-03 -2.74528E-03 7.25375E-02 2.83102E-01 1.00878E-02 4.58077E-05 1.54534E-06 5.34474E-02 
1.54534E-06 5.61782E-05 8.16398E-03 -2.60274E-03 -2.59402E-03 6.82839E-02 2.69096E-01 9.63409E-03 5.61782E-05 1.54534E-06 4.80356E-02 
1.54534E-06 6.32322E-05 7.89576E-03 -2.50651E-03 -2.48073E-03 6.50975E-02 2.58495E-01 9.29012E-03 6.32322E-05 1.54534E-06 4.41499E-02 
1.54534E-06 6.51350E-05 7.81804E-03 -2.47872E-03 -2.44824E-03 6.41834E-02 2.55436E-01 9.19075E-03 6.51350E-05 1.54534E-06 4.30623E-02 
1.54534E-06 7.32213E-05 7.45228E-03 -2.34855E-03 -2.29736E-03 5.99376E-02 2.41119E-01 8.72487E-03 7.32213E-05 1.54534E-06 3.81726E-02 
1.54534E-06 7.97223E-05 7.09457E-03 -2.22231E-03 -2.15314E-03 5.58772E-02 2.27252E-01 8.27216E-03 7.97223E-05 1.54534E-06 3.37504E-02 
1.54534E-06 8.47121E-05 6.74542E-03 -2.10018E-03 -2.01564E-03 5.20041E-02 2.13853E-01 7.83311E-03 8.47121E-05 1.54534E-06 2.97691E-02 
1.54534E-06 8.82873E-05 6.40531E-03 -1.98233E-03 -1.88484E-03 4.83192E-02 2.00937E-01 7.40816E-03 8.82873E-05 1.54534E-06 2.62006E-02 
8.12238E-06 9.04882E-05 6.07803E-03 -1.87006E-03 -1.76203E-03 4.48586E-02 1.88647E-01 7.00187E-03 9.04882E-05 8.12238E-06 2.29805E-02 
1.64157E-05 9.15148E-05 5.75893E-03 -1.76168E-03 -1.64514E-03 4.15660E-02 1.76798E-01 6.60823E-03 9.15148E-05 1.64157E-05 2.01010E-02 
2.31821E-05 9.14971E-05 5.44775E-03 -1.65703E-03 -1.53385E-03 3.84343E-02 1.65378E-01 6.22676E-03 9.14971E-05 2.31821E-05 1.75434E-02 
2.85524E-05 9.05554E-05 5.14511E-03 -1.55622E-03 -1.42815E-03 3.54651E-02 1.54403E-01 5.85805E-03 9.05554E-05 2.85524E-05 1.52817E-02 
3.26638E-05 8.88134E-05 4.85153E-03 -1.45935E-03 -1.32799E-03 3.26587E-02 1.43887E-01 5.50259E-03 8.88134E-05 3.26638E-05 1.32898E-02 
3.56561E-05 8.63950E-05 4.56750E-03 -1.36649E-03 -1.23330E-03 3.00141E-02 1.33840E-01 5.16076E-03 8.63950E-05 3.56561E-05 1.15422E-02 
3.76683E-05 8.34212E-05 4.29338E-03 -1.27767E-03 -1.14396E-03 2.75296E-02 1.24269E-01 4.83286E-03 8.34212E-05 3.76683E-05 1.00139E-02 
3.88354E-05 8.00077E-05 4.02951E-03 -1.19289E-03 -1.05984E-03 2.52021E-02 1.15176E-01 4.51906E-03 8.00077E-05 3.88354E-05 8.68163E-03 
3.92867E-05 7.62629E-05 3.77611E-03 -1.11214E-03 -9.80763E-04 2.30278E-02 1.06560E-01 4.21947E-03 7.62629E-05 3.92867E-05 7.52327E-03 
3.91440E-05 7.22873E-05 3.53335E-03 -1.03539E-03 -9.06561E-04 2.10022E-02 9.84185E-02 3.93410E-03 7.22873E-05 3.91440E-05 6.51861E-03 
3.85205E-05 6.81721E-05 3.30134E-03 -9.62566E-04 -8.37041E-04 1.91202E-02 9.07442E-02 3.66288E-03 6.81721E-05 3.85205E-05 5.64924E-03 
3.75203E-05 6.39995E-05 3.08010E-03 -8.93607E-04 -7.72003E-04 1.73760E-02 8.35286E-02 3.40566E-03 6.39995E-05 3.75203E-05 4.89855E-03 
3.62382E-05 5.98425E-05 2.86961E-03 -8.28421E-04 -7.11240E-04 1.57637E-02 7.67610E-02 3.16224E-03 5.98425E-05 3.62382E-05 4.25174E-03 
1.07352E-06 2.54630E-05 9.37025E-03 -3.21605E-03 -3.11410E-03 7.95794E-02 3.19518E-01 1.10546E-02 2.54630E-05 1.07352E-06 7.07625E-02 
1.07352E-06 2.54630E-05 9.01187E-03 -3.07768E-03 -2.95645E-03 7.51660E-02 3.04663E-01 1.05921E-02 2.54630E-05 1.07352E-06 6.41831E-02 
1.07352E-06 4.40408E-06 8.66367E-03 -2.94241E-03 -2.80443E-03 7.09476E-02 2.90301E-01 1.01452E-02 4.40408E-06 1.07352E-06 5.80725E-02 
1.07352E-06 1.41116E-05 8.32492E-03 -2.81034E-03 -2.65797E-03 6.69148E-02 2.76410E-01 9.71272E-03 1.41116E-05 1.07352E-06 5.23980E-02 
1.07352E-06 2.30313E-05 7.99055E-03 -2.68052E-03 -2.51575E-03 6.30102E-02 2.62808E-01 9.28827E-03 2.30313E-05 1.07352E-06 4.71396E-02 
1.07352E-06 3.10780E-05 7.66106E-03 -2.55329E-03 -2.37808E-03 5.92395E-02 2.49521E-01 8.87243E-03 3.10780E-05 1.07352E-06 4.22896E-02 
1.07352E-06 3.81960E-05 7.33690E-03 -2.42897E-03 -2.24516E-03 5.56069E-02 2.36571E-01 8.46573E-03 3.81960E-05 1.07352E-06 3.78368E-02 
1.07352E-06 4.30468E-05 7.09003E-03 -2.33493E-03 -2.14570E-03 5.28933E-02 2.26795E-01 8.15764E-03 4.30468E-05 1.07352E-06 3.46548E-02 
1.07352E-06 4.43560E-05 7.01854E-03 -2.30781E-03 -2.11718E-03 5.21160E-02 2.23978E-01 8.06867E-03 4.43560E-05 1.07352E-06 3.37666E-02 
1.07352E-06 4.99195E-05 6.68224E-03 -2.18097E-03 -1.98486E-03 4.85135E-02 2.10822E-01 7.65184E-03 4.99195E-05 1.07352E-06 2.97871E-02 
1.07352E-06 5.43848E-05 6.35369E-03 -2.05828E-03 -1.85851E-03 4.50803E-02 1.98120E-01 7.24722E-03 5.43848E-05 1.07352E-06 2.62090E-02 
1.07352E-06 5.77968E-05 6.03333E-03 -1.93992E-03 -1.73817E-03 4.18172E-02 1.85887E-01 6.85522E-03 5.77968E-05 1.07352E-06 2.30064E-02 
1.07352E-06 6.02192E-05 5.72160E-03 -1.82600E-03 -1.62380E-03 3.87238E-02 1.74136E-01 6.47620E-03 6.02192E-05 1.07352E-06 2.01521E-02 
5.63620E-06 6.16639E-05 5.42198E-03 -1.71780E-03 -1.51653E-03 3.58293E-02 1.62992E-01 6.11420E-03 6.16639E-05 5.63620E-06 1.75944E-02 
1.13699E-05 6.22887E-05 5.13019E-03 -1.61363E-03 -1.41452E-03 3.30856E-02 1.52286E-01 5.76385E-03 6.22887E-05 1.13699E-05 1.53202E-02 
1.60228E-05 6.21879E-05 4.84600E-03 -1.51333E-03 -1.31747E-03 3.04857E-02 1.42002E-01 5.42470E-03 6.21879E-05 1.60228E-05 1.33111E-02 
1.96883E-05 6.14454E-05 4.56996E-03 -1.41700E-03 -1.22539E-03 2.80301E-02 1.32155E-01 5.09725E-03 6.14454E-05 1.96883E-05 1.15439E-02 
2.24653E-05 6.01489E-05 4.30255E-03 -1.32472E-03 -1.13822E-03 2.57182E-02 1.22754E-01 4.78193E-03 6.01489E-05 2.24653E-05 9.99568E-03 
2.44547E-05 5.83862E-05 4.04418E-03 -1.23655E-03 -1.05588E-03 2.35482E-02 1.13806E-01 4.47904E-03 5.83862E-05 2.44547E-05 8.64419E-03 
2.57570E-05 5.62434E-05 3.79519E-03 -1.15249E-03 -9.78263E-04 2.15177E-02 1.05313E-01 4.18883E-03 5.62434E-05 2.57570E-05 7.46829E-03 
2.64699E-05 5.38030E-05 3.55585E-03 -1.07254E-03 -9.05250E-04 1.96233E-02 9.72739E-02 3.91142E-03 5.38030E-05 2.64699E-05 6.44813E-03 
2.66872E-05 5.11427E-05 3.32636E-03 -9.96653E-04 -8.36688E-04 1.78608E-02 8.96864E-02 3.64689E-03 5.11427E-05 2.66872E-05 5.56539E-03 
2.64973E-05 4.83342E-05 3.10685E-03 -9.24784E-04 -7.72418E-04 1.62257E-02 8.25438E-02 3.39522E-03 4.83342E-05 2.64973E-05 4.80339E-03 
2.59826E-05 4.54433E-05 2.89740E-03 -8.56853E-04 -7.12266E-04 1.47129E-02 7.58376E-02 3.15633E-03 4.54433E-05 2.59826E-05 4.14712E-03 
2.52190E-05 4.25295E-05 2.69801E-03 -7.92767E-04 -6.56051E-04 1.33170E-02 6.95571E-02 2.93006E-03 4.25295E-05 2.52190E-05 3.58319E-03 
2.42759E-05 3.96457E-05 2.50864E-03 -7.32420E-04 -6.03587E-04 1.20321E-02 6.36898E-02 2.71622E-03 3.96457E-05 2.42759E-05 3.09977E-03 
7.31976E-07 1.67156E-05 8.50284E-03 -2.97235E-03 -2.66823E-03 6.47610E-02 2.81939E-01 9.78102E-03 1.67156E-05 7.31976E-07 5.66016E-02 
7.31976E-07 1.67156E-05 8.16981E-03 -2.83878E-03 -2.53191E-03 6.10033E-02 2.68181E-01 9.36494E-03 1.67156E-05 7.31976E-07 5.11021E-02 
7.31976E-07 2.85127E-06 7.84631E-03 -2.70868E-03 -2.40062E-03 5.74225E-02 2.54915E-01 8.96293E-03 2.85127E-06 7.31976E-07 4.60259E-02 
7.31976E-07 9.19887E-06 7.53172E-03 -2.58209E-03 -2.27427E-03 5.40094E-02 2.42121E-01 8.57411E-03 9.19887E-06 7.31976E-07 4.13414E-02 
7.31976E-07 1.50978E-05 7.22142E-03 -2.45794E-03 -2.15164E-03 5.07148E-02 2.29628E-01 8.19274E-03 1.50978E-05 7.31976E-07 3.70234E-02 
7.31976E-07 2.04654E-05 6.91589E-03 -2.33654E-03 -2.03299E-03 4.75430E-02 2.17459E-01 7.81936E-03 2.04654E-05 7.31976E-07 3.30623E-02 
7.31976E-07 2.52440E-05 6.61557E-03 -2.21818E-03 -1.91849E-03 4.44970E-02 2.05634E-01 7.45444E-03 2.52440E-05 7.31976E-07 2.94452E-02 
7.31976E-07 2.85137E-05 6.38704E-03 -2.12882E-03 -1.83285E-03 4.22279E-02 1.96731E-01 7.17816E-03 2.85137E-05 7.31976E-07 2.68729E-02 
7.31976E-07 2.93977E-05 6.32089E-03 -2.10308E-03 -1.80831E-03 4.15790E-02 1.94170E-01 7.09841E-03 2.93977E-05 7.31976E-07 2.61568E-02 
7.31976E-07 3.31591E-05 6.00993E-03 -1.98287E-03 -1.69443E-03 3.85779E-02 1.82230E-01 6.72495E-03 3.31591E-05 7.31976E-07 2.29600E-02 
7.31976E-07 3.61801E-05 5.70646E-03 -1.86687E-03 -1.58575E-03 3.57280E-02 1.70740E-01 6.36271E-03 3.61801E-05 7.31976E-07 2.01024E-02 
7.31976E-07 3.84842E-05 5.41092E-03 -1.75523E-03 -1.48227E-03 3.30291E-02 1.59712E-01 6.01206E-03 3.84842E-05 7.31976E-07 1.75596E-02 
7.31976E-07 4.01104E-05 5.12369E-03 -1.64806E-03 -1.38398E-03 3.04800E-02 1.49155E-01 5.67332E-03 4.01104E-05 7.31976E-07 1.53066E-02 
3.83895E-06 4.10529E-05 4.84798E-03 -1.54651E-03 -1.29182E-03 2.81038E-02 1.39178E-01 5.35007E-03 4.10529E-05 3.83895E-06 1.33015E-02 
7.73015E-06 4.14336E-05 4.57984E-03 -1.44900E-03 -1.20421E-03 2.58598E-02 1.29626E-01 5.03752E-03 4.14336E-05 7.73015E-06 1.15291E-02 
1.08701E-05 4.13186E-05 4.31906E-03 -1.35535E-03 -1.12090E-03 2.37416E-02 1.20484E-01 4.73525E-03 4.13186E-05 1.08701E-05 9.97166E-03 
1.33239E-05 4.07650E-05 4.06613E-03 -1.26565E-03 -1.04186E-03 2.17487E-02 1.11762E-01 4.44371E-03 4.07650E-05 1.33239E-05 8.60907E-03 
1.51609E-05 3.98331E-05 3.82149E-03 -1.17996E-03 -9.67063E-04 1.98799E-02 1.03466E-01 4.16324E-03 3.98331E-05 1.51609E-05 7.42157E-03 
1.64526E-05 3.85840E-05 3.58549E-03 -1.09831E-03 -8.96438E-04 1.81330E-02 9.55978E-02 3.89413E-03 3.85840E-05 1.64526E-05 6.39025E-03 
1.72702E-05 3.70777E-05 3.35844E-03 -1.02071E-03 -8.29892E-04 1.65049E-02 8.81583E-02 3.63656E-03 3.70777E-05 1.72702E-05 5.49738E-03 
1.76834E-05 3.53722E-05 3.14056E-03 -9.47119E-04 -7.67315E-04 1.49923E-02 8.11441E-02 3.39064E-03 3.53722E-05 1.76834E-05 4.72651E-03 
1.77593E-05 3.35223E-05 2.93202E-03 -8.77495E-04 -7.08578E-04 1.35910E-02 7.45492E-02 3.15642E-03 3.35223E-05 1.77593E-05 4.06265E-03 
1.75613E-05 3.15792E-05 2.73292E-03 -8.11765E-04 -6.53542E-04 1.22966E-02 6.83653E-02 2.93386E-03 3.15792E-05 1.75613E-05 3.49231E-03 
1.71490E-05 2.95899E-05 2.54329E-03 -7.49840E-04 -6.02056E-04 1.11041E-02 6.25823E-02 2.72288E-03 2.95899E-05 1.71490E-05 3.00348E-03 
1.65774E-05 2.75973E-05 2.36313E-03 -6.91614E-04 -5.53964E-04 1.00086E-02 5.71882E-02 2.52333E-03 2.75973E-05 1.65774E-05 2.58556E-03 
1.58975E-05 2.56404E-05 2.19238E-03 -6.36969E-04 -5.09102E-04 9.00464E-03 5.21693E-02 2.33500E-03 2.56404E-05 1.58975E-05 2.22928E-03 
4.88682E-07 1.05571E-05 7.74113E-03 -2.69574E-03 -2.26344E-03 5.17231E-02 2.45840E-01 8.67799E-03 1.05571E-05 4.88682E-07 4.47084E-02 
4.88682E-07 1.05571E-05 7.42976E-03 -2.56993E-03 -2.14759E-03 4.85853E-02 2.33261E-01 8.30278E-03 1.05571E-05 4.88682E-07 4.01735E-02 
4.88682E-07 1.76104E-06 7.12743E-03 -2.44776E-03 -2.03605E-03 4.56043E-02 2.21167E-01 7.94033E-03 1.76104E-06 4.88682E-07 3.60134E-02 
4.88682E-07 5.74457E-06 6.83357E-03 -2.32923E-03 -1.92877E-03 4.27717E-02 2.09536E-01 7.58983E-03 5.74457E-06 4.88682E-07 3.21984E-02 
4.88682E-07 9.51355E-06 6.54396E-03 -2.21323E-03 -1.82464E-03 4.00459E-02 1.98212E-01 7.24622E-03 9.51355E-06 4.88682E-07 2.87009E-02 
4.88682E-07 1.29903E-05 6.25908E-03 -2.10003E-03 -1.72388E-03 3.74298E-02 1.87213E-01 6.90997E-03 1.29903E-05 4.88682E-07 2.55100E-02 
4.88682E-07 1.61178E-05 5.97933E-03 -1.98989E-03 -1.62666E-03 3.49255E-02 1.76557E-01 6.58151E-03 1.61178E-05 4.88682E-07 2.26122E-02 
4.88682E-07 1.82731E-05 5.76666E-03 -1.90689E-03 -1.55392E-03 3.30654E-02 1.68556E-01 6.33296E-03 1.82731E-05 4.88682E-07 2.05616E-02 
4.88682E-07 1.88577E-05 5.70513E-03 -1.88301E-03 -1.53308E-03 3.25344E-02 1.66257E-01 6.26124E-03 1.88577E-05 4.88682E-07 1.99924E-02 
4.88682E-07 2.13530E-05 5.41613E-03 -1.77160E-03 -1.43635E-03 3.00835E-02 1.55564E-01 5.92549E-03 2.13530E-05 4.88682E-07 1.74601E-02 
4.88682E-07 2.33648E-05 5.13447E-03 -1.66434E-03 -1.34403E-03 2.77647E-02 1.45309E-01 5.60006E-03 2.33648E-05 4.88682E-07 1.52100E-02 
4.88682E-07 2.49015E-05 4.86054E-03 -1.56134E-03 -1.25610E-03 2.55768E-02 1.35500E-01 5.28529E-03 2.49015E-05 4.88682E-07 1.32196E-02 
4.88682E-07 2.59844E-05 4.59471E-03 -1.46267E-03 -1.17257E-03 2.35182E-02 1.26142E-01 4.98145E-03 2.59844E-05 4.88682E-07 1.14666E-02 
2.56035E-06 2.65984E-05 4.33993E-03 -1.36941E-03 -1.09423E-03 2.16065E-02 1.17330E-01 4.69176E-03 2.65984E-05 2.56035E-06 9.91721E-03 
5.14593E-06 2.68349E-05 4.09255E-03 -1.28005E-03 -1.01974E-03 1.98083E-02 1.08923E-01 4.41191E-03 2.68349E-05 5.14593E-06 8.55551E-03 
7.21952E-06 2.67386E-05 3.85235E-03 -1.19442E-03 -9.48883E-04 1.81175E-02 1.00906E-01 4.14153E-03 2.67386E-05 7.21952E-06 7.36558E-03 
8.82502E-06 2.63471E-05 3.61980E-03 -1.11261E-03 -8.81647E-04 1.65331E-02 9.32857E-02 3.88101E-03 2.63471E-05 8.82502E-06 6.33008E-03 
1.00099E-05 2.57006E-05 3.39526E-03 -1.03465E-03 -8.18003E-04 1.50534E-02 8.60642E-02 3.63066E-03 2.57006E-05 1.00099E-05 5.43235E-03 
1.08236E-05 2.48406E-05 3.17907E-03 -9.60563E-04 -7.57897E-04 1.36759E-02 7.92417E-02 3.39071E-03 2.48406E-05 1.08236E-05 4.65666E-03 
1.13157E-05 2.38082E-05 2.97147E-03 -8.90331E-04 -7.01253E-04 1.23976E-02 7.28156E-02 3.16133E-03 2.38082E-05 1.13157E-05 3.98841E-03 
1.15352E-05 2.26438E-05 2.77266E-03 -8.23914E-04 -6.47981E-04 1.12151E-02 6.67805E-02 2.94261E-03 2.26438E-05 1.15352E-05 3.41424E-03 
1.15293E-05 2.13855E-05 2.58276E-03 -7.61254E-04 -5.97974E-04 1.01243E-02 6.11287E-02 2.73456E-03 2.13855E-05 1.15293E-05 2.92212E-03 
1.13433E-05 2.00695E-05 2.40184E-03 -7.02267E-04 -5.51117E-04 9.12110E-03 5.58504E-02 2.53716E-03 2.00695E-05 1.13433E-05 2.50135E-03 
1.10198E-05 1.87297E-05 2.22992E-03 -6.46858E-04 -5.07283E-04 8.20110E-03 5.09342E-02 2.35029E-03 1.87297E-05 1.10198E-05 2.14250E-03 
1.05991E-05 1.73974E-05 2.06695E-03 -5.94913E-04 -4.66340E-04 7.35968E-03 4.63674E-02 2.17382E-03 1.73974E-05 1.05991E-05 1.83737E-03 
1.01184E-05 1.61014E-05 1.91285E-03 -5.46310E-04 -4.28151E-04 6.59218E-03 4.21359E-02 2.00755E-03 1.61014E-05 1.01184E-05 1.57884E-03 
3.18456E-07 6.33886E-06 7.06294E-03 -2.40682E-03 -1.91098E-03 4.04577E-02 2.11592E-01 7.72460E-03 6.33886E-06 3.18456E-07 3.48257E-02 
3.18456E-07 6.33886E-06 6.77028E-03 -2.29068E-03 -1.81359E-03 3.78925E-02 2.00249E-01 7.38475E-03 6.33886E-06 3.18456E-07 3.11408E-02 
3.18456E-07 1.01855E-06 6.48630E-03 -2.17820E-03 -1.71982E-03 3.54632E-02 1.89375E-01 7.05649E-03 1.01855E-06 3.18456E-07 2.77815E-02 
3.18456E-07 3.38533E-06 6.21046E-03 -2.06935E-03 -1.62961E-03 3.31621E-02 1.78949E-01 6.73912E-03 3.38533E-06 3.18456E-07 2.47203E-02 
3.18456E-07 5.69086E-06 5.93890E-03 -1.96302E-03 -1.54200E-03 3.09547E-02 1.68827E-01 6.42809E-03 5.69086E-06 3.18456E-07 2.19294E-02 
3.18456E-07 7.86423E-06 5.67206E-03 -1.85945E-03 -1.45717E-03 2.88430E-02 1.59026E-01 6.12386E-03 7.86423E-06 3.18456E-07 1.93973E-02 
3.18456E-07 9.85159E-06 5.41036E-03 -1.75887E-03 -1.37525E-03 2.68282E-02 1.49558E-01 5.82684E-03 9.85159E-06 3.18456E-07 1.71107E-02 
3.18456E-07 1.12368E-05 5.21163E-03 -1.68319E-03 -1.31394E-03 2.53361E-02 1.42469E-01 5.60219E-03 1.12368E-05 3.18456E-07 1.55007E-02 
3.18456E-07 1.16146E-05 5.15417E-03 -1.66143E-03 -1.29636E-03 2.49108E-02 1.40435E-01 5.53738E-03 1.16146E-05 3.18456E-07 1.50551E-02 
3.18456E-07 1.32363E-05 4.88455E-03 -1.56007E-03 -1.21476E-03 2.29526E-02 1.30994E-01 5.23413E-03 1.32363E-05 3.18456E-07 1.30799E-02 
3.18456E-07 1.45540E-05 4.62218E-03 -1.46267E-03 -1.13681E-03 2.11069E-02 1.21972E-01 4.94043E-03 1.45540E-05 3.18456E-07 1.13355E-02 
3.18456E-07 1.55664E-05 4.36743E-03 -1.36933E-03 -1.06252E-03 1.93720E-02 1.13372E-01 4.65657E-03 1.55664E-05 3.18456E-07 9.80178E-03 
3.18456E-07 1.62828E-05 4.12064E-03 -1.28009E-03 -9.91882E-04 1.77460E-02 1.05197E-01 4.38282E-03 1.62828E-05 3.18456E-07 8.45900E-03 
1.66676E-06 1.66843E-05 3.88454E-03 -1.19592E-03 -9.25586E-04 1.62421E-02 9.75264E-02 4.12206E-03 1.66843E-05 1.66676E-06 7.28055E-03 
3.34312E-06 1.68372E-05 3.65573E-03 -1.11543E-03 -8.62494E-04 1.48331E-02 9.02357E-02 3.87043E-03 1.68372E-05 3.34312E-06 6.25090E-03 
4.67783E-06 1.67705E-05 3.43399E-03 -1.03847E-03 -8.02430E-04 1.35136E-02 8.33087E-02 3.62757E-03 1.67705E-05 4.67783E-06 5.35609E-03 
5.69941E-06 1.65077E-05 3.21974E-03 -9.65106E-04 -7.45397E-04 1.22823E-02 7.67486E-02 3.39385E-03 1.65077E-05 5.69941E-06 4.58160E-03 
6.43941E-06 1.60751E-05 3.01331E-03 -8.95356E-04 -6.91374E-04 1.11372E-02 7.05560E-02 3.16953E-03 1.60751E-05 6.43941E-06 3.91366E-03 
6.93114E-06 1.54999E-05 2.81498E-03 -8.29223E-04 -6.40323E-04 1.00758E-02 6.47283E-02 2.95482E-03 1.54999E-05 6.93114E-06 3.33942E-03 
7.20854E-06 1.48100E-05 2.62496E-03 -7.66684E-04 -5.92187E-04 9.09514E-03 5.92609E-02 2.74986E-03 1.48100E-05 7.20854E-06 2.84713E-03 
7.30543E-06 1.40329E-05 2.44341E-03 -7.07691E-04 -5.46893E-04 8.19194E-03 5.41468E-02 2.55471E-03 1.40329E-05 7.30543E-06 2.42615E-03 
7.25490E-06 1.31952E-05 2.27040E-03 -6.52177E-04 -5.04360E-04 7.36263E-03 4.93768E-02 2.36937E-03 1.31952E-05 7.25490E-06 2.06703E-03 
7.08900E-06 1.23227E-05 2.10599E-03 -6.00055E-04 -4.64492E-04 6.60342E-03 4.49405E-02 2.19381E-03 1.23227E-05 7.08900E-06 1.76147E-03 
6.83846E-06 1.14397E-05 1.95014E-03 -5.51225E-04 -4.27188E-04 5.91039E-03 4.08257E-02 2.02791E-03 1.14397E-05 6.83846E-06 1.50224E-03 
6.53261E-06 1.05695E-05 1.80279E-03 -5.05573E-04 -3.92338E-04 5.27955E-03 3.70193E-02 1.87152E-03 1.05695E-05 6.53261E-06 1.28311E-03 
6.19923E-06 9.73410E-06 1.66383E-03 -4.62974E-04 -3.59828E-04 4.70689E-03 3.35074E-02 1.72446E-03 9.73410E-06 6.19923E-06 1.09878E-03 
2.01579E-07 3.54191E-06 6.44830E-03 -2.12061E-03 -1.61386E-03 3.08957E-02 1.79457E-01 6.89678E-03 3.54191E-06 2.01579E-07 2.66959E-02 
2.01579E-07 3.54191E-06 6.17218E-03 -2.01516E-03 -1.53232E-03 2.88482E-02 1.69385E-01 6.58723E-03 3.54191E-06 2.01579E-07 2.37507E-02 
2.01579E-07 5.31292E-07 5.90446E-03 -1.91328E-03 -1.45376E-03 2.69154E-02 1.59757E-01 6.28828E-03 5.31292E-07 2.01579E-07 2.10827E-02 
2.01579E-07 1.82919E-06 5.64469E-03 -1.81492E-03 -1.37811E-03 2.50906E-02 1.50554E-01 5.99930E-03 1.82919E-06 2.01579E-07 1.86672E-02 
2.01579E-07 3.15887E-06 5.38926E-03 -1.71898E-03 -1.30456E-03 2.33458E-02 1.41646E-01 5.71624E-03 3.15887E-06 2.01579E-07 1.64775E-02 
2.01579E-07 4.45736E-06 5.13862E-03 -1.62570E-03 -1.23327E-03 2.16823E-02 1.33046E-01 5.43951E-03 4.45736E-06 2.01579E-07 1.45022E-02 
2.01579E-07 5.67574E-06 4.89315E-03 -1.53525E-03 -1.16434E-03 2.01006E-02 1.24765E-01 5.16950E-03 5.67574E-06 2.01579E-07 1.27288E-02 
2.01579E-07 6.54010E-06 4.70700E-03 -1.46730E-03 -1.11270E-03 1.89328E-02 1.18581E-01 4.96541E-03 6.54010E-06 2.01579E-07 1.14866E-02 
2.01579E-07 6.77781E-06 4.65322E-03 -1.44778E-03 -1.09788E-03 1.86006E-02 1.16810E-01 4.90655E-03 6.77781E-06 2.01579E-07 1.11438E-02 
2.01579E-07 7.80757E-06 4.40113E-03 -1.35695E-03 -1.02905E-03 1.70743E-02 1.08606E-01 4.63130E-03 7.80757E-06 2.01579E-07 9.62991E-03 
2.01579E-07 8.65529E-06 4.15628E-03 -1.26982E-03 -9.63217E-04 1.56414E-02 1.00794E-01 4.36496E-03 8.65529E-06 2.01579E-07 8.30131E-03 
2.01579E-07 9.31383E-06 3.91900E-03 -1.18647E-03 -9.00395E-04 1.42999E-02 9.33738E-02 4.10781E-03 9.31383E-06 2.01579E-07 7.14045E-03 
2.01579E-07 9.78484E-06 3.68959E-03 -1.10694E-03 -8.40588E-04 1.30476E-02 8.63461E-02 3.86008E-03 9.78484E-06 2.01579E-07 6.13032E-03 
1.05378E-06 1.00494E-05 3.47058E-03 -1.03206E-03 -7.84388E-04 1.18943E-02 7.97768E-02 3.62440E-03 1.00494E-05 1.05378E-06 5.25005E-03 
2.10838E-06 1.01536E-05 3.25880E-03 -9.60592E-04 -7.30842E-04 1.08181E-02 7.35563E-02 3.39725E-03 1.01536E-05 2.10838E-06 4.48549E-03 
2.94012E-06 1.01151E-05 3.05402E-03 -8.92395E-04 -6.79810E-04 9.81470E-03 6.76685E-02 3.17833E-03 1.01151E-05 2.94012E-06 3.82476E-03 
3.56665E-06 9.94799E-06 2.85661E-03 -8.27511E-04 -6.31306E-04 8.88240E-03 6.21143E-02 2.96794E-03 9.94799E-06 3.56665E-06 3.25595E-03 
4.00826E-06 9.66848E-06 2.66686E-03 -7.65957E-04 -5.85321E-04 8.01920E-03 5.68918E-02 2.76633E-03 9.66848E-06 4.00826E-06 2.76793E-03 
4.28683E-06 9.29430E-06 2.48501E-03 -7.07724E-04 -5.41831E-04 7.22270E-03 5.19969E-02 2.57366E-03 9.29430E-06 4.28683E-06 2.35046E-03 
4.42515E-06 8.84389E-06 2.31122E-03 -6.52780E-04 -5.00795E-04 6.49019E-03 4.74233E-02 2.39006E-03 8.84389E-06 4.42515E-06 1.99426E-03 
4.44631E-06 8.33593E-06 2.14561E-03 -6.01072E-04 -4.62161E-04 5.81869E-03 4.31629E-02 2.21556E-03 8.33593E-06 4.44631E-06 1.69109E-03 
4.37334E-06 7.78906E-06 1.98822E-03 -5.52531E-04 -4.25864E-04 5.20505E-03 3.92059E-02 2.05016E-03 7.78906E-06 4.37334E-06 1.43367E-03 
4.22897E-06 7.22166E-06 1.83906E-03 -5.07068E-04 -3.91831E-04 4.64600E-03 3.55412E-02 1.89378E-03 7.22166E-06 4.22897E-06 1.21572E-03 
4.03552E-06 6.65180E-06 1.69807E-03 -4.64583E-04 -3.59979E-04 4.13820E-03 3.21567E-02 1.74632E-03 6.65180E-06 4.03552E-06 1.03186E-03 
3.81474E-06 6.09718E-06 1.56516E-03 -4.24965E-04 -3.30219E-04 3.67827E-03 2.90395E-02 1.60763E-03 6.09718E-06 3.81474E-06 8.77503E-04 
3.58776E-06 5.57501E-06 1.44020E-03 -3.88092E-04 -3.02458E-04 3.26287E-03 2.61761E-02 1.47750E-03 5.57501E-06 3.58776E-06 7.48780E-04 
1.23819E-07 1.78045E-06 5.88710E-03 -1.85054E-03 -1.37214E-03 2.30192E-02 1.49979E-01 6.17872E-03 1.78045E-06 1.23819E-07 2.01509E-02 
1.23819E-07 1.78045E-06 5.62589E-03 -1.75598E-03 -1.30347E-03 2.14243E-02 1.41172E-01 5.89481E-03 1.78045E-06 1.23819E-07 1.78344E-02 
1.23819E-07 2.29927E-07 5.37291E-03 -1.66480E-03 -1.23722E-03 1.99239E-02 1.32779E-01 5.62071E-03 2.29927E-07 1.23819E-07 1.57496E-02 
1.23819E-07 8.58195E-07 5.12775E-03 -1.57695E-03 -1.17336E-03 1.85121E-02 1.24781E-01 5.35588E-03 8.58195E-07 1.23819E-07 1.38743E-02 
1.23819E-07 1.56729E-06 4.88704E-03 -1.49140E-03 -1.11117E-03 1.71669E-02 1.17062E-01 5.09663E-03 1.56729E-06 1.23819E-07 1.21843E-02 
1.23819E-07 2.30280E-06 4.65122E-03 -1.40834E-03 -1.05081E-03 1.58888E-02 1.09634E-01 4.84338E-03 2.30280E-06 1.23819E-07 1.06687E-02 
1.23819E-07 3.02177E-06 4.42064E-03 -1.32793E-03 -9.92357E-04 1.46779E-02 1.02505E-01 4.59647E-03 3.02177E-06 1.23819E-07 9.31609E-03 
1.23819E-07 3.54570E-06 4.24607E-03 -1.26760E-03 -9.48506E-04 1.37868E-02 9.71959E-02 4.41000E-03 3.54570E-06 1.23819E-07 8.37367E-03 
1.23819E-07 3.69160E-06 4.19568E-03 -1.25028E-03 -9.35915E-04 1.35338E-02 9.56783E-02 4.35626E-03 3.69160E-06 1.23819E-07 8.11436E-03 
1.23819E-07 4.33215E-06 3.95977E-03 -1.16976E-03 -8.77378E-04 1.23741E-02 8.86620E-02 4.10506E-03 4.33215E-06 1.23819E-07 6.97365E-03 
1.23819E-07 4.86970E-06 3.73110E-03 -1.09266E-03 -8.21302E-04 1.12897E-02 8.20047E-02 3.86229E-03 4.86970E-06 1.23819E-07 5.97894E-03 
1.23819E-07 5.29431E-06 3.51000E-03 -1.01903E-03 -7.67715E-04 1.02788E-02 7.57054E-02 3.62821E-03 5.29431E-06 1.23819E-07 5.11531E-03 
1.23819E-07 5.60311E-06 3.29672E-03 -9.48897E-04 -7.16629E-04 9.33916E-03 6.97615E-02 3.40301E-03 5.60311E-06 1.23819E-07 4.36849E-03 
6.46237E-07 5.77979E-06 3.09359E-03 -8.82966E-04 -6.68559E-04 8.47750E-03 6.42266E-02 3.18910E-03 5.77979E-06 6.46237E-07 3.72226E-03 
1.28844E-06 5.85446E-06 2.89763E-03 -8.20158E-04 -6.22705E-04 7.67706E-03 5.90056E-02 2.98325E-03 5.85446E-06 1.28844E-06 3.16433E-03 
1.78788E-06 5.83703E-06 2.70864E-03 -7.60334E-04 -5.78959E-04 6.93402E-03 5.40832E-02 2.78520E-03 5.83703E-06 1.78788E-06 2.68483E-03 
2.15491E-06 5.73524E-06 2.52691E-03 -7.03526E-04 -5.37340E-04 6.24680E-03 4.94582E-02 2.59520E-03 5.73524E-06 2.15491E-06 2.27422E-03 
2.40210E-06 5.55892E-06 2.35270E-03 -6.49741E-04 -4.97853E-04 5.61348E-03 4.51270E-02 2.41347E-03 5.55892E-06 2.40210E-06 1.92371E-03 
2.54358E-06 5.31929E-06 2.18620E-03 -5.98964E-04 -4.60484E-04 5.03188E-03 4.10842E-02 2.24015E-03 5.31929E-06 2.54358E-06 1.62529E-03 
2.59444E-06 5.02853E-06 2.02753E-03 -5.51158E-04 -4.25207E-04 4.49959E-03 3.73226E-02 2.07532E-03 5.02853E-06 2.59444E-06 1.37184E-03 
2.57044E-06 4.69942E-06 1.87677E-03 -5.06269E-04 -3.91984E-04 4.01405E-03 3.38334E-02 1.91900E-03 4.69942E-06 2.57044E-06 1.15706E-03 
2.48769E-06 4.34520E-06 1.73392E-03 -4.64226E-04 -3.60766E-04 3.57259E-03 3.06067E-02 1.77117E-03 4.34520E-06 2.48769E-06 9.75534E-04 
2.36257E-06 3.97939E-06 1.59895E-03 -4.24942E-04 -3.31494E-04 3.17245E-03 2.76314E-02 1.63174E-03 3.97939E-06 2.36257E-06 8.22622E-04 
2.21164E-06 3.61580E-06 1.47177E-03 -3.88320E-04 -3.04103E-04 2.81089E-03 2.48958E-02 1.50059E-03 3.61580E-06 2.21164E-06 6.94417E-04 
2.05151E-06 3.26843E-06 1.35227E-03 -3.54254E-04 -2.78518E-04 2.48515E-03 2.23874E-02 1.37754E-03 3.26843E-06 2.05151E-06 5.87652E-04 
1.89877E-06 2.95139E-06 1.24029E-03 -3.22626E-04 -2.54660E-04 2.19254E-03 2.00937E-02 1.26240E-03 2.95139E-06 1.89877E-06 4.99610E-04 
7.27807E-08 7.20020E-07 5.36020E-03 -1.60003E-03 -1.17654E-03 1.65984E-02 1.22982E-01 5.54001E-03 7.20020E-07 7.27807E-08 1.48890E-02 
7.27807E-08 7.20020E-07 5.11306E-03 -1.51612E-03 -1.11798E-03 1.53944E-02 1.15425E-01 5.27825E-03 7.20020E-07 7.27807E-08 1.31055E-02 
7.27807E-08 5.43277E-08 4.87405E-03 -1.43537E-03 -1.06142E-03 1.42658E-02 1.08247E-01 5.02568E-03 5.43277E-08 7.27807E-08 1.15110E-02 
7.27807E-08 2.83246E-07 4.64278E-03 -1.35770E-03 -1.00683E-03 1.32078E-02 1.01427E-01 4.78185E-03 2.83246E-07 7.27807E-08 1.00866E-02 
7.27807E-08 6.12354E-07 4.41610E-03 -1.28218E-03 -9.53596E-04 1.22033E-02 9.48680E-02 4.54338E-03 6.12354E-07 7.27807E-08 8.81065E-03 
7.27807E-08 9.96004E-07 4.19443E-03 -1.20895E-03 -9.01841E-04 1.12525E-02 8.85760E-02 4.31067E-03 9.96004E-07 7.27807E-08 7.67347E-03 
7.27807E-08 1.39773E-06 3.97811E-03 -1.13816E-03 -8.51660E-04 1.03551E-02 8.25565E-02 4.08405E-03 1.39773E-06 7.27807E-08 6.66479E-03 
7.27807E-08 1.70284E-06 3.81462E-03 -1.08511E-03 -8.13964E-04 9.69703E-03 7.80880E-02 3.91310E-03 1.70284E-06 7.27807E-08 5.96591E-03 
7.27807E-08 1.78939E-06 3.76748E-03 -1.06989E-03 -8.03134E-04 9.51053E-03 7.68128E-02 3.86386E-03 1.78939E-06 7.27807E-08 5.77422E-03 
7.27807E-08 2.17670E-06 3.54709E-03 -9.99220E-04 -7.52739E-04 8.65800E-03 7.09305E-02 3.63392E-03 2.17670E-06 7.27807E-08 4.93429E-03 
7.27807E-08 2.51047E-06 3.33397E-03 -9.31649E-04 -7.04397E-04 7.86435E-03 6.53701E-02 3.41205E-03 2.51047E-06 7.27807E-08 4.20672E-03 
7.27807E-08 2.78000E-06 3.12841E-03 -8.67221E-04 -6.58146E-04 7.12780E-03 6.01292E-02 3.19848E-03 2.78000E-06 7.27807E-08 3.57917E-03 
7.27807E-08 2.98022E-06 2.93064E-03 -8.05953E-04 -6.14005E-04 6.44631E-03 5.52033E-02 2.99338E-03 2.98022E-06 7.27807E-08 3.03997E-03 
3.78822E-07 3.09869E-06 2.74278E-03 -7.48453E-04 -5.72425E-04 5.82431E-03 5.06347E-02 2.79894E-03 3.09869E-06 3.78822E-07 2.57672E-03 
7.50833E-07 3.15315E-06 2.56205E-03 -6.93772E-04 -5.32729E-04 5.24923E-03 4.63425E-02 2.61220E-03 3.15315E-06 7.50833E-07 2.17917E-03 
1.03322E-06 3.14823E-06 2.38822E-03 -6.41784E-04 -4.94836E-04 4.71797E-03 4.23123E-02 2.43290E-03 3.14823E-06 1.03322E-06 1.83940E-03 
1.23157E-06 3.08778E-06 2.22156E-03 -5.92512E-04 -4.58769E-04 4.22903E-03 3.85414E-02 2.26127E-03 3.08778E-06 1.23157E-06 1.54995E-03 
1.35337E-06 2.97746E-06 2.06227E-03 -5.45956E-04 -4.24539E-04 3.78073E-03 3.50249E-02 2.09748E-03 2.97746E-06 1.35337E-06 1.30406E-03 
1.40752E-06 2.82428E-06 1.91050E-03 -5.02096E-04 -3.92143E-04 3.37115E-03 3.17568E-02 1.94165E-03 2.82428E-06 1.40752E-06 1.09566E-03 
1.40396E-06 2.63632E-06 1.76631E-03 -4.60892E-04 -3.61564E-04 2.99828E-03 2.87293E-02 1.79383E-03 2.63632E-06 1.40396E-06 9.19391E-04 
1.35347E-06 2.42249E-06 1.62975E-03 -4.22289E-04 -3.32774E-04 2.65999E-03 2.59335E-02 1.65400E-03 2.42249E-06 1.35347E-06 7.70647E-04 
1.26751E-06 2.19243E-06 1.50079E-03 -3.86219E-04 -3.05734E-04 2.35410E-03 2.33596E-02 1.52212E-03 2.19243E-06 1.26751E-06 6.45491E-04 
1.15816E-06 1.95646E-06 1.37935E-03 -3.52597E-04 -2.80397E-04 2.07840E-03 2.09972E-02 1.39808E-03 1.95646E-06 1.15816E-06 5.40627E-04 
1.03809E-06 1.72557E-06 1.26532E-03 -3.21331E-04 -2.56707E-04 1.83070E-03 1.88351E-02 1.28175E-03 1.72557E-06 1.03809E-06 4.53335E-04 
9.20449E-07 1.51133E-06 1.15856E-03 -2.92319E-04 -2.34600E-04 1.60885E-03 1.68620E-02 1.17293E-03 1.51133E-06 9.20449E-07 3.81389E-04 
8.18784E-07 1.32579E-06 1.05886E-03 -2.65453E-04 -2.14008E-04 1.41075E-03 1.50661E-02 1.07142E-03 1.32579E-06 8.18784E-07 3.22972E-04 
4.05837E-08 1.39252E-07 4.86285E-03 -1.37459E-03 -1.02047E-03 1.15389E-02 9.88217E-02 4.96730E-03 1.39252E-07 4.05837E-08 1.07588E-02 
4.05837E-08 1.39252E-07 4.62932E-03 -1.30062E-03 -9.69495E-04 1.06609E-02 9.24674E-02 4.72486E-03 1.39252E-07 4.05837E-08 9.41596E-03 
4.05837E-08 -3.57852E-08 4.40385E-03 -1.22957E-03 -9.20224E-04 9.84098E-03 8.64514E-02 4.49118E-03 -3.57852E-08 4.05837E-08 8.22377E-03 
4.05837E-08 -2.16158E-08 4.18608E-03 -1.16134E-03 -8.72636E-04 9.07540E-03 8.07556E-02 4.26584E-03 -2.16158E-08 4.05837E-08 7.16617E-03 
4.05837E-08 9.27400E-08 3.97305E-03 -1.09508E-03 -8.26182E-04 8.35142E-03 7.52949E-02 4.04574E-03 9.27400E-08 4.05837E-08 6.22482E-03 
4.05837E-08 2.70093E-07 3.76515E-03 -1.03093E-03 -7.80974E-04 7.66890E-03 7.00747E-02 3.83126E-03 2.70093E-07 4.05837E-08 5.39124E-03 
4.05837E-08 4.80505E-07 3.56272E-03 -9.69000E-04 -7.37102E-04 7.02738E-03 6.50977E-02 3.62273E-03 4.80505E-07 4.05837E-08 4.65663E-03 
4.05837E-08 6.50948E-07 3.41004E-03 -9.22654E-04 -7.04122E-04 6.55871E-03 6.14148E-02 3.46563E-03 6.50948E-07 4.05837E-08 4.15056E-03 
4.05837E-08 7.00593E-07 3.36606E-03 -9.09368E-04 -6.94643E-04 6.42617E-03 6.03657E-02 3.42042E-03 7.00593E-07 4.05837E-08 4.01221E-03 
4.05837E-08 9.28624E-07 3.16079E-03 -8.47719E-04 -6.50515E-04 5.82204E-03 5.55375E-02 3.20956E-03 9.28624E-07 4.05837E-08 3.40850E-03 
4.05837E-08 1.13188E-06 2.96283E-03 -7.88871E-04 -6.08158E-04 5.26232E-03 5.09917E-02 3.00650E-03 1.13188E-06 4.05837E-08 2.88915E-03 
4.05837E-08 1.30022E-06 2.77241E-03 -7.32851E-04 -5.67612E-04 4.74541E-03 4.67242E-02 2.81144E-03 1.30022E-06 4.05837E-08 2.44420E-03 
4.05837E-08 1.42792E-06 2.58971E-03 -6.79669E-04 -5.28902E-04 4.26954E-03 4.27296E-02 2.62454E-03 1.42792E-06 4.05837E-08 2.06438E-03 
2.10086E-07 1.50693E-06 2.41670E-03 -6.29841E-04 -4.92427E-04 3.83745E-03 3.90404E-02 2.44776E-03 1.50693E-06 2.10086E-07 1.74040E-03 
4.11641E-07 1.54562E-06 2.25074E-03 -5.82543E-04 -4.57606E-04 3.44002E-03 3.55888E-02 2.27840E-03 1.54562E-06 4.11641E-07 1.46402E-03 
5.57343E-07 1.54529E-06 2.09161E-03 -5.37660E-04 -4.24372E-04 3.07480E-03 3.23618E-02 2.11618E-03 1.54529E-06 5.57343E-07 1.22907E-03 
6.49885E-07 1.50753E-06 1.93953E-03 -4.95208E-04 -3.92754E-04 2.74052E-03 2.93554E-02 1.96132E-03 1.50753E-06 6.49885E-07 1.02990E-03 
6.93561E-07 1.43550E-06 1.79465E-03 -4.55181E-04 -3.62765E-04 2.43572E-03 2.65644E-02 1.81394E-03 1.43550E-06 6.93561E-07 8.61450E-04 
6.93945E-07 1.33362E-06 1.65706E-03 -4.17554E-04 -3.34406E-04 2.15884E-03 2.39821E-02 1.67411E-03 1.33362E-06 6.93945E-07 7.19233E-04 
6.57666E-07 1.20740E-06 1.52680E-03 -3.82288E-04 -3.07665E-04 1.90825E-03 2.16009E-02 1.54185E-03 1.20740E-06 6.57666E-07 5.99383E-04 
5.92285E-07 1.06330E-06 1.40386E-03 -3.49328E-04 -2.82519E-04 1.68226E-03 1.94121E-02 1.41712E-03 1.06330E-06 5.92285E-07 4.98609E-04 
5.06238E-07 9.08691E-07 1.28819E-03 -3.18606E-04 -2.58935E-04 1.47917E-03 1.74067E-02 1.29986E-03 9.08691E-07 5.06238E-07 4.14172E-04 
4.08812E-07 7.51843E-07 1.17966E-03 -2.90044E-04 -2.36870E-04 1.29727E-03 1.55747E-02 1.18992E-03 7.51843E-07 4.08812E-07 3.43829E-04 
3.10134E-07 6.01930E-07 1.07815E-03 -2.63553E-04 -2.16276E-04 1.13489E-03 1.39063E-02 1.08716E-03 6.01930E-07 3.10134E-07 2.85785E-04 
2.21112E-07 4.68963E-07 9.83462E-04 -2.39037E-04 -1.97094E-04 9.90420E-04 1.23911E-02 9.91362E-04 4.68963E-07 2.21112E-07 2.38612E-04 
1.53292E-07 3.63662E-07 8.95402E-04 -2.16396E-04 -1.79262E-04 8.62285E-04 1.10189E-02 9.02319E-04 3.63662E-07 1.53292E-07 2.01179E-04 
2.10094E-08 -1.35438E-07 4.38883E-03 -1.17503E-03 -8.94705E-04 7.66998E-03 7.75751E-02 4.44502E-03 -1.35438E-07 2.10094E-08 7.57609E-03 
2.10094E-08 -1.35438E-07 4.16880E-03 -1.11007E-03 -8.49258E-04 7.05549E-03 7.23538E-02 4.21992E-03 -1.35438E-07 2.10094E-08 6.59071E-03 
2.10094E-08 -7.20242E-08 3.95679E-03 -1.04777E-03 -8.05340E-04 6.48415E-03 6.74275E-02 4.00328E-03 -7.20242E-08 2.10094E-08 5.72218E-03 
2.10094E-08 -1.55234E-07 3.75245E-03 -9.88054E-04 -7.62932E-04 5.95300E-03 6.27798E-02 3.79469E-03 -1.55234E-07 2.10094E-08 4.95734E-03 
2.10094E-08 -1.49454E-07 3.55300E-03 -9.30148E-04 -7.21533E-04 5.45292E-03 5.83395E-02 3.59130E-03 -1.49454E-07 2.10094E-08 4.28112E-03 
2.10094E-08 -8.40643E-08 3.35881E-03 -8.74169E-04 -6.81245E-04 4.98359E-03 5.41098E-02 3.39347E-03 -8.40643E-08 2.10094E-08 3.68635E-03 
2.10094E-08 1.71718E-08 3.17018E-03 -8.20202E-04 -6.42152E-04 4.54449E-03 5.00920E-02 3.20149E-03 1.71718E-08 2.10094E-08 3.16574E-03 
2.10094E-08 1.08068E-07 3.02822E-03 -7.79871E-04 -6.12769E-04 4.22505E-03 4.71286E-02 3.05714E-03 1.08068E-07 2.10094E-08 2.80926E-03 
2.10094E-08 1.35546E-07 2.98739E-03 -7.68317E-04 -6.04325E-04 4.13493E-03 4.62860E-02 3.01564E-03 1.35546E-07 2.10094E-08 2.71213E-03 
2.10094E-08 2.66064E-07 2.79711E-03 -7.14765E-04 -5.65022E-04 3.72545E-03 4.24179E-02 2.82235E-03 2.66064E-07 2.10094E-08 2.29015E-03 
2.10094E-08 3.86985E-07 2.61415E-03 -6.63734E-04 -5.27315E-04 3.34811E-03 3.87912E-02 2.63666E-03 3.86985E-07 2.10094E-08 1.92970E-03 
2.10094E-08 4.89515E-07 2.43869E-03 -6.15243E-04 -4.91241E-04 3.00155E-03 3.54010E-02 2.45874E-03 4.89515E-07 2.10094E-08 1.62303E-03 
2.10094E-08 5.68192E-07 2.27087E-03 -5.69293E-04 -4.56828E-04 2.68430E-03 3.22413E-02 2.28872E-03 5.68192E-07 2.10094E-08 1.36298E-03 
1.07400E-07 6.19325E-07 2.11246E-03 -5.26322E-04 -4.24428E-04 2.39791E-03 2.93359E-02 2.12836E-03 6.19325E-07 1.07400E-07 1.14272E-03 
2.05042E-07 6.44370E-07 1.96101E-03 -4.85615E-04 -3.93532E-04 2.13605E-03 2.66297E-02 1.97516E-03 6.44370E-07 2.05042E-07 9.55914E-04 
2.67419E-07 6.42601E-07 1.81628E-03 -4.47069E-04 -3.64085E-04 1.89686E-03 2.41108E-02 1.82886E-03 6.42601E-07 2.67419E-07 7.97897E-04 
2.95611E-07 6.14453E-07 1.67844E-03 -4.10694E-04 -3.36114E-04 1.67928E-03 2.17749E-02 1.68961E-03 6.14453E-07 2.95611E-07 6.64524E-04 
2.92039E-07 5.61702E-07 1.54759E-03 -3.76476E-04 -3.09630E-04 1.48216E-03 1.96165E-02 1.55751E-03 5.61702E-07 2.92039E-07 5.52119E-04 
2.60267E-07 4.87275E-07 1.42378E-03 -3.44391E-04 -2.84634E-04 1.30427E-03 1.76289E-02 1.43258E-03 4.87275E-07 2.60267E-07 4.57497E-04 
2.04883E-07 3.95140E-07 1.30701E-03 -3.14397E-04 -2.61114E-04 1.14436E-03 1.58050E-02 1.31482E-03 3.95140E-07 2.04883E-07 3.77957E-04 
1.31450E-07 2.90265E-07 1.19722E-03 -2.86439E-04 -2.39049E-04 1.00114E-03 1.41367E-02 1.20416E-03 2.90265E-07 1.31450E-07 3.11255E-04 
4.65041E-08 1.78622E-07 1.09432E-03 -2.60452E-04 -2.18406E-04 8.73351E-04 1.26157E-02 1.10048E-03 1.78622E-07 4.65041E-08 2.55574E-04 
-4.24255E-08 6.72099E-08 9.98178E-04 -2.36361E-04 -1.99144E-04 7.59736E-04 1.12332E-02 1.00365E-03 6.72099E-08 -4.24255E-08 2.09485E-04 
-1.26812E-07 -3.59346E-08 9.08613E-04 -2.14082E-04 -1.81216E-04 6.59084E-04 9.98062E-03 9.13465E-04 -3.59346E-08 -1.26812E-07 1.71886E-04 
-1.97181E-07 -1.21792E-07 8.25428E-04 -1.93526E-04 -1.64565E-04 5.70226E-04 8.84893E-03 8.29731E-04 -1.21792E-07 -1.97181E-07 1.41950E-04 
-2.43255E-07 -1.80498E-07 7.48396E-04 -1.74598E-04 -1.49131E-04 4.92052E-04 7.82942E-03 7.52208E-04 -1.80498E-07 -2.43255E-07 1.19053E-04 
9.63433E-09 -2.27450E-07 3.93413E-03 -1.00021E-03 -7.90354E-04 4.81414E-03 5.92622E-02 3.96108E-03 -2.27450E-07 9.63433E-09 5.17621E-03 
9.63433E-09 -2.27450E-07 3.72777E-03 -9.43231E-04 -7.48928E-04 4.40550E-03 5.50842E-02 3.75209E-03 -2.27450E-07 9.63433E-09 4.47443E-03 
9.63433E-09 -7.69293E-08 3.52938E-03 -8.88690E-04 -7.08956E-04 4.02743E-03 5.11568E-02 3.55132E-03 -7.69293E-08 9.63433E-09 3.86059E-03 
9.63433E-09 -1.87999E-07 3.33863E-03 -8.36506E-04 -6.70415E-04 3.67772E-03 4.74653E-02 3.35841E-03 -1.87999E-07 9.63433E-09 3.32419E-03 
9.63433E-09 -2.26528E-07 3.15290E-03 -7.85989E-04 -6.32838E-04 3.35012E-03 4.39514E-02 3.17071E-03 -2.26528E-07 9.63433E-09 2.85330E-03 
9.63433E-09 -2.14985E-07 2.97253E-03 -7.37235E-04 -5.96316E-04 3.04428E-03 4.06169E-02 2.98855E-03 -2.14985E-07 9.63433E-09 2.44206E-03 
9.63433E-09 -1.71589E-07 2.79781E-03 -6.90315E-04 -5.60925E-04 2.75967E-03 3.74616E-02 2.81219E-03 -1.71589E-07 9.63433E-09 2.08468E-03 
9.63433E-09 -1.25419E-07 2.66664E-03 -6.55305E-04 -5.34359E-04 2.55363E-03 3.51426E-02 2.67987E-03 -1.25419E-07 9.63433E-09 1.84152E-03 
9.63433E-09 -1.10751E-07 2.62896E-03 -6.45285E-04 -5.26730E-04 2.49567E-03 3.44845E-02 2.64187E-03 -1.10751E-07 9.63433E-09 1.77551E-03 
9.63433E-09 -3.82930E-08 2.45373E-03 -5.98895E-04 -4.91257E-04 2.23327E-03 3.14714E-02 2.46522E-03 -3.82930E-08 9.63433E-09 1.48999E-03 
9.63433E-09 3.13444E-08 2.28577E-03 -5.54779E-04 -4.57286E-04 1.99300E-03 2.86587E-02 2.29600E-03 3.13444E-08 9.63433E-09 1.24791E-03 
9.63433E-09 9.10242E-08 2.12524E-03 -5.12948E-04 -4.24849E-04 1.77375E-03 2.60413E-02 2.13435E-03 9.10242E-08 9.63433E-09 1.04340E-03 
9.63433E-09 1.36073E-07 1.97223E-03 -4.73396E-04 -3.93970E-04 1.57439E-03 2.36129E-02 1.98035E-03 1.36073E-07 9.63433E-09 8.71122E-04 
4.75972E-08 1.66744E-07 1.82830E-03 -4.36490E-04 -3.64959E-04 1.39567E-03 2.13904E-02 1.83558E-03 1.66744E-07 4.75972E-08 7.26190E-04 
8.44427E-08 1.79495E-07 1.69120E-03 -4.01612E-04 -3.37363E-04 1.23340E-03 1.93300E-02 1.69772E-03 1.79495E-07 8.44427E-08 6.03917E-04 
9.79442E-08 1.72470E-07 1.56065E-03 -3.68670E-04 -3.11129E-04 1.08625E-03 1.74213E-02 1.56652E-03 1.72470E-07 9.79442E-08 5.00925E-04 
8.83993E-08 1.45635E-07 1.43679E-03 -3.37664E-04 -2.86278E-04 9.53393E-04 1.56598E-02 1.44208E-03 1.45635E-07 8.83993E-08 4.14269E-04 
5.72265E-08 1.00084E-07 1.31967E-03 -3.08580E-04 -2.62820E-04 8.33958E-04 1.40402E-02 1.32445E-03 1.00084E-07 5.72265E-08 3.41387E-04 
6.85664E-09 3.79361E-08 1.20930E-03 -2.81386E-04 -2.40749E-04 7.27037E-04 1.25563E-02 1.21362E-03 3.79361E-08 6.85664E-09 2.80104E-04 
-5.93098E-08 -3.77041E-08 1.10563E-03 -2.56042E-04 -2.20050E-04 6.31716E-04 1.12015E-02 1.10955E-03 -3.77041E-08 -5.93098E-08 2.28619E-04 
-1.36895E-07 -1.22736E-07 1.00856E-03 -2.32492E-04 -2.00699E-04 5.47078E-04 9.96882E-03 1.01214E-03 -1.22736E-07 -1.36895E-07 1.85489E-04 
-2.20502E-07 -2.12018E-07 9.17982E-04 -2.10673E-04 -1.82660E-04 4.72227E-04 8.85087E-03 9.21244E-04 -2.12018E-07 -2.20502E-07 1.49594E-04 
-3.03669E-07 -2.99324E-07 8.33717E-04 -1.90513E-04 -1.65891E-04 4.06292E-04 7.84022E-03 8.36696E-04 -2.99324E-07 -3.03669E-07 1.20103E-04 
-3.78849E-07 -3.77320E-07 7.55573E-04 -1.71933E-04 -1.50342E-04 3.48439E-04 6.92942E-03 7.58294E-04 -3.77320E-07 -3.78849E-07 9.64296E-05 
-4.37453E-07 -4.37610E-07 6.83329E-04 -1.54848E-04 -1.35957E-04 2.97876E-04 6.11108E-03 6.85813E-04 -4.37610E-07 -4.37453E-07 7.81805E-05 
-4.69997E-07 -4.70880E-07 6.16746E-04 -1.39169E-04 -1.22674E-04 2.53857E-04 5.37796E-03 6.19009E-04 -4.70880E-07 -4.69997E-07 6.50973E-05 
3.38260E-09 -2.21295E-07 3.49618E-03 -8.47557E-04 -6.99584E-04 2.79319E-03 4.38336E-02 3.50638E-03 -2.21295E-07 3.38260E-09 3.41165E-03 
3.38260E-09 -2.21295E-07 3.30384E-03 -7.97576E-04 -6.61228E-04 2.53896E-03 4.05935E-02 3.31286E-03 -2.21295E-07 3.38260E-09 2.92930E-03 
3.38260E-09 -6.59365E-08 3.11941E-03 -7.49839E-04 -6.24324E-04 2.30518E-03 3.75596E-02 3.12740E-03 -6.59365E-08 3.38260E-09 2.51080E-03 
3.38260E-09 -1.68127E-07 2.94255E-03 -7.04265E-04 -5.88841E-04 2.09027E-03 3.47191E-02 2.94963E-03 -1.68127E-07 3.38260E-09 2.14810E-03 
3.38260E-09 -2.15397E-07 2.77084E-03 -6.60238E-04 -5.54333E-04 1.89020E-03 3.20261E-02 2.77711E-03 -2.15397E-07 3.38260E-09 1.83209E-03 
3.38260E-09 -2.24355E-07 2.60456E-03 -6.17835E-04 -5.20881E-04 1.70463E-03 2.94808E-02 2.61012E-03 -2.24355E-07 3.38260E-09 1.55822E-03 
3.38260E-09 -2.08480E-07 2.44396E-03 -5.77114E-04 -4.88551E-04 1.53309E-03 2.70823E-02 2.44890E-03 -2.08480E-07 3.38260E-09 1.32201E-03 
3.38260E-09 -1.86022E-07 2.32372E-03 -5.46788E-04 -4.64341E-04 1.40966E-03 2.53260E-02 2.32825E-03 -1.86022E-07 3.38260E-09 1.16238E-03 
3.38260E-09 -1.78453E-07 2.28924E-03 -5.38119E-04 -4.57398E-04 1.37506E-03 2.48287E-02 2.29366E-03 -1.78453E-07 3.38260E-09 1.11921E-03 
3.38260E-09 -1.39670E-07 2.12921E-03 -4.98040E-04 -4.25177E-04 1.21917E-03 2.25580E-02 2.13314E-03 -1.39670E-07 3.38260E-09 9.33358E-04 
3.38260E-09 -1.01718E-07 1.97637E-03 -4.60022E-04 -3.94415E-04 1.07755E-03 2.04484E-02 1.97989E-03 -1.01718E-07 3.38260E-09 7.76985E-04 
3.38260E-09 -7.00625E-08 1.83081E-03 -4.24068E-04 -3.65140E-04 9.49395E-04 1.84946E-02 1.83400E-03 -7.00625E-08 3.38260E-09 6.45820E-04 
3.38260E-09 -4.84004E-08 1.69260E-03 -3.90165E-04 -3.37365E-04 8.33862E-04 1.66908E-02 1.69552E-03 -4.84004E-08 3.38260E-09 5.36025E-04 
1.45962E-08 -3.31170E-08 1.56310E-03 -3.58617E-04 -3.11360E-04 7.31222E-04 1.50481E-02 1.56580E-03 -3.31170E-08 1.45962E-08 4.44214E-04 
1.75873E-08 -3.12907E-08 1.44023E-03 -3.28890E-04 -2.86713E-04 6.38879E-04 1.35329E-02 1.44275E-03 -3.12907E-08 1.75873E-08 3.67088E-04 
3.69797E-09 -4.53492E-08 1.32371E-03 -3.00900E-04 -2.63373E-04 5.55935E-04 1.21364E-02 1.32610E-03 -4.53492E-08 3.69797E-09 3.02294E-04 
-2.70520E-08 -7.54113E-08 1.21361E-03 -2.74640E-04 -2.41352E-04 4.81791E-04 1.08543E-02 1.21589E-03 -7.54113E-08 -2.70520E-08 2.47830E-04 
-7.37067E-08 -1.20650E-07 1.10995E-03 -2.50090E-04 -2.20650E-04 4.15825E-04 9.68168E-03 1.11213E-03 -1.20650E-07 -7.37067E-08 2.01989E-04 
-1.34415E-07 -1.79333E-07 1.01268E-03 -2.27216E-04 -2.01257E-04 3.57409E-04 8.61313E-03 1.01479E-03 -1.79333E-07 -1.34415E-07 1.63360E-04 
-2.06418E-07 -2.48806E-07 9.21735E-04 -2.05975E-04 -1.83150E-04 3.05919E-04 7.64289E-03 9.23777E-04 -2.48806E-07 -2.06418E-07 1.30821E-04 
-2.85999E-07 -3.25450E-07 8.36978E-04 -1.86312E-04 -1.66298E-04 2.60742E-04 6.76499E-03 8.38958E-04 -3.25450E-07 -2.85999E-07 1.03514E-04 
-3.68413E-07 -4.04601E-07 7.58254E-04 -1.68164E-04 -1.50663E-04 2.21286E-04 5.97332E-03 7.60173E-04 -4.04601E-07 -3.68413E-07 8.08271E-05 
-4.47820E-07 -4.80490E-07 6.85374E-04 -1.51461E-04 -1.36197E-04 1.86986E-04 5.26174E-03 6.87228E-04 -4.80490E-07 -4.47820E-07 6.23622E-05 
-5.17252E-07 -5.46212E-07 6.18122E-04 -1.36128E-04 -1.22847E-04 1.57307E-04 4.62420E-03 6.19906E-04 -5.46212E-07 -5.17252E-07 4.78973E-05 
-5.68656E-07 -5.93766E-07 5.56264E-04 -1.22085E-04 -1.10555E-04 1.31751E-04 4.05475E-03 5.57970E-04 -5.93766E-07 -5.68656E-07 3.73430E-05 
-5.93036E-07 -6.14197E-07 4.99549E-04 -1.09249E-04 -9.92598E-05 1.09856E-04 3.54764E-03 5.01169E-04 -6.14197E-07 -5.93036E-07 3.06939E-05 
1.86891E-10 -1.71824E-07 3.07376E-03 -7.13808E-04 -6.16200E-04 1.43703E-03 3.11865E-02 3.07483E-03 -1.71824E-07 1.86891E-10 2.15343E-03 
1.86891E-10 -1.71824E-07 2.89591E-03 -6.69973E-04 -5.80474E-04 1.29312E-03 2.87658E-02 2.89663E-03 -1.71824E-07 1.86891E-10 1.83579E-03 
1.86891E-10 -4.90216E-08 2.72589E-03 -6.28220E-04 -5.46238E-04 1.16187E-03 2.65087E-02 2.72633E-03 -4.90216E-08 1.86891E-10 1.56259E-03 
1.86891E-10 -1.26841E-07 2.56334E-03 -5.88467E-04 -5.13451E-04 1.04223E-03 2.44046E-02 2.56359E-03 -1.26841E-07 1.86891E-10 1.32789E-03 
1.86891E-10 -1.65956E-07 2.40601E-03 -5.50163E-04 -4.81683E-04 9.31816E-04 2.24183E-02 2.40611E-03 -1.65956E-07 1.86891E-10 1.12507E-03 
1.86891E-10 -1.78231E-07 2.25416E-03 -5.13369E-04 -4.51004E-04 8.30312E-04 2.05491E-02 2.25417E-03 -1.78231E-07 1.86891E-10 9.50722E-04 
1.86891E-10 -1.73283E-07 2.10798E-03 -4.78130E-04 -4.21467E-04 7.37362E-04 1.87955E-02 2.10794E-03 -1.73283E-07 1.86891E-10 8.01580E-04 
1.86891E-10 -1.62535E-07 1.99887E-03 -4.51952E-04 -3.99424E-04 6.71064E-04 1.75166E-02 1.99883E-03 -1.62535E-07 1.86891E-10 7.01514E-04 
1.86891E-10 -1.58734E-07 1.96764E-03 -4.44479E-04 -3.93116E-04 6.52575E-04 1.71553E-02 1.96761E-03 -1.58734E-07 1.86891E-10 6.74560E-04 
1.86891E-10 -1.39050E-07 1.82301E-03 -4.09996E-04 -3.63912E-04 5.69815E-04 1.55107E-02 1.82302E-03 -1.39050E-07 1.86891E-10 5.59086E-04 
1.86891E-10 -1.20596E-07 1.68542E-03 -3.77390E-04 -3.36154E-04 4.95503E-04 1.39905E-02 1.68551E-03 -1.20596E-07 1.86891E-10 4.62687E-04 
1.86891E-10 -1.07344E-07 1.55493E-03 -3.46655E-04 -3.09855E-04 4.29069E-04 1.25899E-02 1.55513E-03 -1.07344E-07 1.86891E-10 3.82386E-04 
1.86891E-10 -1.02036E-07 1.43153E-03 -3.17774E-04 -2.85018E-04 3.69940E-04 1.13037E-02 1.43186E-03 -1.02036E-07 1.86891E-10 3.15542E-04 
-2.39587E-09 -9.83367E-08 1.31642E-03 -2.90992E-04 -2.61870E-04 3.18124E-04 1.01387E-02 1.31689E-03 -9.83367E-08 -2.39587E-09 2.59892E-04 
-1.71232E-08 -1.05784E-07 1.20766E-03 -2.65847E-04 -2.40036E-04 2.72159E-04 9.06991E-03 1.20828E-03 -1.05784E-07 -1.71232E-08 2.13238E-04 
-4.55237E-08 -1.27054E-07 1.10499E-03 -2.42262E-04 -2.19461E-04 2.31480E-04 8.09027E-03 1.10576E-03 -1.27054E-07 -4.55237E-08 1.74025E-04 
-8.75824E-08 -1.62165E-07 1.00842E-03 -2.20222E-04 -2.00148E-04 1.95686E-04 7.19594E-03 1.00935E-03 -1.62165E-07 -8.75824E-08 1.40956E-04 
-1.42496E-07 -2.10335E-07 9.17931E-04 -1.99701E-04 -1.82087E-04 1.64371E-04 6.38266E-03 9.18990E-04 -2.10335E-07 -1.42496E-07 1.12957E-04 
-2.08666E-07 -2.69982E-07 8.33433E-04 -1.80663E-04 -1.65256E-04 1.37134E-04 5.64587E-03 8.34618E-04 -2.69982E-07 -2.08666E-07 8.91761E-05 
-2.83646E-07 -3.38670E-07 7.54814E-04 -1.63061E-04 -1.49628E-04 1.13583E-04 4.98085E-03 7.56108E-04 -3.38670E-07 -2.83646E-07 6.89751E-05 
-3.64061E-07 -4.13026E-07 6.81921E-04 -1.46840E-04 -1.35164E-04 9.33414E-05 4.38274E-03 6.83304E-04 -4.13026E-07 -3.64061E-07 5.19146E-05 
-4.45516E-07 -4.88655E-07 6.14569E-04 -1.31938E-04 -1.21819E-04 7.60538E-05 3.84668E-03 6.16020E-04 -4.88655E-07 -4.45516E-07 3.77373E-05 
-5.22519E-07 -5.60057E-07 5.52551E-04 -1.18286E-04 -1.09542E-04 6.13856E-05 3.36785E-03 5.54045E-04 -5.60057E-07 -5.22519E-07 2.63429E-05 
-5.88435E-07 -6.20587E-07 4.95637E-04 -1.05813E-04 -9.82761E-05 4.90278E-05 2.94155E-03 4.97150E-04 -6.20587E-07 -5.88435E-07 1.77579E-05 
-6.35528E-07 -6.62498E-07 4.43582E-04 -9.44426E-05 -8.79610E-05 3.86965E-05 2.56321E-03 4.45090E-04 -6.62498E-07 -6.35528E-07 1.20981E-05 
-6.55103E-07 -6.77081E-07 3.96132E-04 -8.40962E-05 -7.85330E-05 3.01345E-05 2.22848E-03 3.97612E-04 -6.77081E-07 -6.55103E-07 9.52572E-06 
-1.29630E-09 -1.11746E-07 2.66489E-03 -5.95028E-04 -5.35534E-04 5.85678E-04 2.11209E-02 2.66108E-03 -1.11746E-07 -1.29630E-09 1.28632E-03 
-1.29630E-09 -1.11746E-07 2.50217E-03 -5.56705E-04 -5.02433E-04 5.16131E-04 1.93955E-02 2.49847E-03 -1.11746E-07 -1.29630E-09 1.08826E-03 
-1.29630E-09 -3.20227E-08 2.34714E-03 -5.20327E-04 -4.70869E-04 4.53565E-04 1.77942E-02 2.34359E-03 -3.20227E-08 -1.29630E-09 9.19529E-04 
-1.29630E-09 -8.25790E-08 2.19945E-03 -4.85808E-04 -4.40789E-04 3.97348E-04 1.63084E-02 2.19608E-03 -8.25790E-08 -1.29630E-09 7.75963E-04 
-1.29630E-09 -1.07904E-07 2.05699E-03 -4.52657E-04 -4.11781E-04 3.46231E-04 1.49124E-02 2.05386E-03 -1.07904E-07 -1.29630E-09 6.52993E-04 
-1.29630E-09 -1.16191E-07 1.92000E-03 -4.20920E-04 -3.83901E-04 2.99980E-04 1.36049E-02 1.91712E-03 -1.16191E-07 -1.29630E-09 5.48231E-04 
-1.29630E-09 -1.14072E-07 1.78861E-03 -3.90630E-04 -3.57188E-04 2.58335E-04 1.23844E-02 1.78603E-03 -1.14072E-07 -1.29630E-09 4.59406E-04 
-1.29630E-09 -1.08666E-07 1.69089E-03 -3.68200E-04 -3.37339E-04 2.29100E-04 1.14982E-02 1.68854E-03 -1.08666E-07 -1.29630E-09 4.00268E-04 
-1.29630E-09 -1.06796E-07 1.66297E-03 -3.61808E-04 -3.31672E-04 2.21024E-04 1.12485E-02 1.66070E-03 -1.06796E-07 -1.29630E-09 3.84407E-04 
-1.29630E-09 -9.78239E-08 1.53403E-03 -3.32385E-04 -3.05525E-04 1.85326E-04 1.01156E-02 1.53210E-03 -9.78239E-08 -1.29630E-09 3.16798E-04 
-1.29630E-09 -9.13901E-08 1.41190E-03 -3.04676E-04 -2.80807E-04 1.53981E-04 9.07424E-03 1.41033E-03 -9.13901E-08 -1.29630E-09 2.60794E-04 
-1.29630E-09 -9.02495E-08 1.29660E-03 -2.78666E-04 -2.57517E-04 1.26628E-04 8.12028E-03 1.29540E-03 -9.02495E-08 -1.29630E-09 2.14427E-04 
-1.29630E-09 -9.63257E-08 1.18808E-03 -2.54330E-04 -2.35646E-04 1.02913E-04 7.24930E-03 1.18723E-03 -9.63257E-08 -1.29630E-09 1.75973E-04 
-1.03882E-08 -1.01170E-07 1.08733E-03 -2.31859E-04 -2.15378E-04 8.27278E-05 6.46513E-03 1.08683E-03 -1.01170E-07 -1.03882E-08 1.43981E-04 
-3.36969E-08 -1.16020E-07 9.92609E-04 -2.10858E-04 -1.96370E-04 6.53685E-05 5.74996E-03 9.92449E-04 -1.16020E-07 -3.36969E-08 1.17092E-04 
-6.92766E-08 -1.43638E-07 9.03633E-04 -1.91252E-04 -1.78565E-04 5.05201E-05 5.09843E-03 9.03791E-04 -1.43638E-07 -6.92766E-08 9.43348E-05 
-1.16995E-07 -1.83872E-07 8.20376E-04 -1.73020E-04 -1.61953E-04 3.79403E-05 4.50732E-03 8.20828E-04 -1.83872E-07 -1.16995E-07 7.49236E-05 
-1.76047E-07 -2.35894E-07 7.42766E-04 -1.56130E-04 -1.46513E-04 2.73920E-05 3.97316E-03 7.43485E-04 -2.35894E-07 -1.76047E-07 5.82334E-05 
-2.44908E-07 -2.98153E-07 6.70690E-04 -1.40542E-04 -1.32217E-04 1.86471E-05 3.49235E-03 6.71646E-04 -2.98153E-07 -2.44908E-07 4.38014E-05 
-3.21260E-07 -3.68300E-07 6.04002E-04 -1.26205E-04 -1.19027E-04 1.14894E-05 3.06121E-03 6.05160E-04 -3.68300E-07 -3.21260E-07 3.13230E-05 
-4.01889E-07 -4.43088E-07 5.42524E-04 -1.13065E-04 -1.06899E-04 5.71683E-06 2.67602E-03 5.43849E-04 -4.43088E-07 -4.01889E-07 2.06421E-05 
-4.82579E-07 -5.18266E-07 4.86053E-04 -1.01060E-04 -9.57823E-05 1.14303E-06 2.33312E-03 4.87507E-04 -5.18266E-07 -4.82579E-07 1.17388E-05 
-5.58021E-07 -5.88492E-07 4.34367E-04 -9.01235E-05 -8.56214E-05 -2.40142E-06 2.02893E-03 4.35913E-04 -5.88492E-07 -5.58021E-07 4.70938E-06 
-6.21770E-07 -6.47286E-07 3.87228E-04 -8.01866E-05 -7.63577E-05 -5.06856E-06 1.75999E-03 3.88830E-04 -6.47286E-07 -6.21770E-07 -2.58104E-07 
-6.66278E-07 -6.87069E-07 3.44388E-04 -7.11774E-05 -6.79291E-05 -6.99319E-06 1.52300E-03 3.46011E-04 -6.87069E-07 -6.66278E-07 -2.91653E-06 
-6.83041E-07 -6.99306E-07 3.05595E-04 -6.30229E-05 -6.02718E-05 -8.29325E-06 1.31483E-03 3.07205E-04 -6.99306E-07 -6.83041E-07 -2.99785E-06 
-1.88337E-09 -5.87343E-08 2.27192E-03 -4.88612E-04 -4.55524E-04 1.04785E-04 1.34712E-02 2.26536E-03 -5.87343E-08 -1.88337E-09 7.19009E-04 
-1.88337E-09 -5.87343E-08 2.12496E-03 -4.55364E-04 -4.25342E-04 8.11514E-05 1.23097E-02 2.11877E-03 -5.87343E-08 -1.88337E-09 6.03467E-04 
-1.88337E-09 -1.80089E-08 1.98549E-03 -4.23933E-04 -3.96724E-04 6.06681E-05 1.12373E-02 1.97971E-03 -1.80089E-08 -1.88337E-09 5.06057E-04 
-1.88337E-09 -4.51617E-08 1.85315E-03 -3.94236E-04 -3.69606E-04 4.30025E-05 1.02475E-02 1.84780E-03 -4.51617E-08 -1.88337E-09 4.24051E-04 
-1.88337E-09 -5.72333E-08 1.72602E-03 -3.65832E-04 -3.43599E-04 2.76428E-05 9.32232E-03 1.72112E-03 -5.72333E-08 -1.88337E-09 3.54497E-04 
-1.88337E-09 -5.97612E-08 1.60427E-03 -3.38756E-04 -3.18742E-04 1.44289E-05 8.46048E-03 1.59984E-03 -5.97612E-08 -1.88337E-09 2.95823E-04 
-1.88337E-09 -5.72156E-08 1.48800E-03 -3.13026E-04 -2.95060E-04 3.19460E-06 7.66029E-03 1.48407E-03 -5.72156E-08 -1.88337E-09 2.46556E-04 
-1.88337E-09 -5.40342E-08 1.40186E-03 -2.94047E-04 -2.77553E-04 -4.24578E-06 7.08218E-03 1.39831E-03 -5.40342E-08 -1.88337E-09 2.14028E-04 
-1.88337E-09 -5.31267E-08 1.37730E-03 -2.88651E-04 -2.72569E-04 -6.22752E-06 6.91974E-03 1.37387E-03 -5.31267E-08 -1.88337E-09 2.05342E-04 
-1.88337E-09 -5.01095E-08 1.26422E-03 -2.63885E-04 -2.49661E-04 -1.45483E-05 6.18546E-03 1.26134E-03 -5.01095E-08 -1.88337E-09 1.68506E-04 
-1.88337E-09 -5.10194E-08 1.15766E-03 -2.40680E-04 -2.28142E-04 -2.11615E-05 5.51474E-03 1.15531E-03 -5.10194E-08 -1.88337E-09 1.38206E-04 
-1.88337E-09 -5.77053E-08 1.05757E-03 -2.19010E-04 -2.07998E-04 -2.62658E-05 4.90421E-03 1.05575E-03 -5.77053E-08 -1.88337E-09 1.13215E-04 
-1.88337E-09 -7.14646E-08 9.63851E-04 -1.98841E-04 -1.89204E-04 -3.00506E-05 4.35038E-03 9.62545E-04 -7.14646E-08 -1.88337E-09 9.24703E-05 
-1.36390E-08 -8.22777E-08 8.77324E-04 -1.80318E-04 -1.71902E-04 -3.26473E-05 3.85506E-03 8.76501E-04 -8.22777E-08 -1.36390E-08 7.50813E-05 
-4.06376E-08 -1.02550E-07 7.96419E-04 -1.63102E-04 -1.55784E-04 -3.42964E-05 3.40632E-03 7.96052E-04 -1.02550E-07 -4.06376E-08 6.02820E-05 
-7.94194E-08 -1.35065E-07 7.20847E-04 -1.47122E-04 -1.40790E-04 -3.51428E-05 3.00026E-03 7.20904E-04 -1.35065E-07 -7.94194E-08 4.75100E-05 
-1.29705E-07 -1.79510E-07 6.50541E-04 -1.32349E-04 -1.26899E-04 -3.53102E-05 2.63439E-03 6.50985E-04 -1.79510E-07 -1.29705E-07 3.63231E-05 
-1.90623E-07 -2.34976E-07 5.85392E-04 -1.18746E-04 -1.14080E-04 -3.49142E-05 2.30609E-03 5.86182E-04 -2.34976E-07 -1.90623E-07 2.63956E-05 
-2.60644E-07 -2.99896E-07 5.25259E-04 -1.06270E-04 -1.02297E-04 -3.40609E-05 2.01269E-03 5.26351E-04 -2.99896E-07 -2.60644E-07 1.75203E-05 
-3.37485E-07 -3.71948E-07 4.69970E-04 -9.48686E-05 -9.15049E-05 -3.28460E-05 1.75151E-03 4.71317E-04 -3.71948E-07 -3.37485E-07 9.60823E-06 
-4.17997E-07 -4.47944E-07 4.19329E-04 -8.44868E-05 -8.16548E-05 -3.13544E-05 1.51990E-03 4.20884E-04 -4.47944E-07 -4.17997E-07 2.68349E-06 
-4.98045E-07 -5.23712E-07 3.73123E-04 -7.50638E-05 -7.26929E-05 -2.96597E-05 1.31526E-03 3.74835E-04 -5.23712E-07 -4.98045E-07 -3.12524E-06 
-5.72417E-07 -5.94003E-07 3.31120E-04 -6.65363E-05 -6.45617E-05 -2.78245E-05 1.13512E-03 3.32943E-04 -5.94003E-07 -5.72417E-07 -7.60003E-06 
-6.34774E-07 -6.52443E-07 2.93083E-04 -5.88385E-05 -5.72017E-05 -2.59003E-05 9.77083E-04 2.94970E-04 -6.52443E-07 -6.34774E-07 -1.04548E-05 
-6.77686E-07 -6.91570E-07 2.58768E-04 -5.19034E-05 -5.05514E-05 -2.39288E-05 8.38920E-04 2.60675E-04 -6.91570E-07 -6.77686E-07 -1.13641E-05 
-6.92775E-07 -7.02978E-07 2.27928E-04 -4.56636E-05 -4.45488E-05 -2.19418E-05 7.18535E-04 2.29816E-04 -7.02978E-07 -6.92775E-07 -9.99791E-06 
-2.05468E-09 -1.93642E-08 1.89333E-03 -3.91369E-04 -3.74987E-04 -1.26339E-04 7.92071E-03 1.88491E-03 -1.93642E-08 -2.05468E-09 3.67257E-04 
-2.05468E-09 -1.93642E-08 1.76292E-03 -3.63005E-04 -3.48225E-04 -1.24741E-04 7.19681E-03 1.75506E-03 -1.93642E-08 -2.05468E-09 3.05742E-04 
-2.05468E-09 -7.89939E-09 1.63973E-03 -3.36330E-04 -3.23012E-04 -1.22356E-04 6.53240E-03 1.63245E-03 -7.89939E-09 -2.05468E-09 2.54490E-04 
-2.05468E-09 -1.78715E-08 1.52337E-03 -3.11256E-04 -2.99273E-04 -1.19317E-04 5.92278E-03 1.51670E-03 -1.78715E-08 -2.05468E-09 2.11861E-04 
-2.05468E-09 -1.97717E-08 1.41212E-03 -2.87397E-04 -2.76650E-04 -1.15704E-04 5.35635E-03 1.40607E-03 -1.97717E-08 -2.05468E-09 1.76106E-04 
-2.05468E-09 -1.73360E-08 1.30608E-03 -2.64773E-04 -2.55165E-04 -1.11609E-04 4.83193E-03 1.30067E-03 -1.73360E-08 -2.05468E-09 1.46282E-04 
-2.05468E-09 -1.35747E-08 1.20532E-03 -2.43388E-04 -2.34828E-04 -1.07122E-04 4.34805E-03 1.20056E-03 -1.35747E-08 -2.05468E-09 1.21514E-04 
-2.05468E-09 -1.12789E-08 1.13100E-03 -2.27691E-04 -2.19882E-04 -1.03436E-04 4.00043E-03 1.12674E-03 -1.12789E-08 -2.05468E-09 1.05308E-04 
-2.05468E-09 -1.08579E-08 1.10987E-03 -2.23241E-04 -2.15642E-04 -1.02330E-04 3.90308E-03 1.10576E-03 -1.08579E-08 -2.05468E-09 1.01001E-04 
-2.05468E-09 -1.11853E-08 1.01289E-03 -2.02890E-04 -1.96234E-04 -9.69118E-05 3.46484E-03 1.00948E-03 -1.11853E-08 -2.05468E-09 8.28188E-05 
-2.05468E-09 -1.65456E-08 9.22020E-04 -1.83939E-04 -1.78136E-04 -9.13246E-05 3.06739E-03 9.19296E-04 -1.65456E-08 -2.05468E-09 6.79296E-05 
-2.05468E-09 -2.81665E-08 8.37171E-04 -1.66354E-04 -1.61321E-04 -8.56518E-05 2.70824E-03 8.35109E-04 -2.81665E-08 -2.05468E-09 5.56197E-05 
-2.05468E-09 -4.69097E-08 7.58211E-04 -1.50094E-04 -1.45752E-04 -7.99684E-05 2.38485E-03 7.56782E-04 -4.69097E-08 -2.05468E-09 4.52744E-05 
-1.46606E-08 -6.16094E-08 6.85762E-04 -1.35256E-04 -1.31526E-04 -7.43826E-05 2.09781E-03 6.84924E-04 -6.16094E-08 -1.46606E-08 3.63689E-05 
-4.29785E-08 -8.54989E-08 6.18447E-04 -1.21559E-04 -1.18376E-04 -6.88827E-05 1.83974E-03 6.18160E-04 -8.54989E-08 -4.29785E-08 2.85311E-05 
-8.29855E-08 -1.21370E-07 5.55973E-04 -1.08934E-04 -1.06240E-04 -6.35075E-05 1.60802E-03 5.56194E-04 -1.21370E-07 -8.29855E-08 2.14633E-05 
-1.34271E-07 -1.68779E-07 4.98238E-04 -9.73458E-05 -9.50864E-05 -5.83005E-05 1.40087E-03 4.98917E-04 -1.68779E-07 -1.34271E-07 1.49424E-05 
-1.95886E-07 -2.26745E-07 4.45103E-04 -8.67543E-05 -8.48789E-05 -5.32976E-05 1.21648E-03 4.46188E-04 -2.26745E-07 -1.95886E-07 8.82889E-06 
-2.66269E-07 -2.93671E-07 3.96405E-04 -7.71127E-05 -7.55739E-05 -4.85269E-05 1.05304E-03 3.97838E-04 -2.93671E-07 -2.66269E-07 3.07245E-06 
-3.43132E-07 -3.67238E-07 3.51954E-04 -6.83697E-05 -6.71234E-05 -4.40091E-05 9.08763E-04 3.53677E-04 -3.67238E-07 -3.43132E-07 -2.28581E-06 
-4.23345E-07 -4.44282E-07 3.11545E-04 -6.04704E-05 -5.94757E-05 -3.97576E-05 7.81900E-04 3.13498E-04 -4.44282E-07 -4.23345E-07 -7.11459E-06 
-5.02811E-07 -5.20675E-07 2.74958E-04 -5.33570E-05 -5.25761E-05 -3.57794E-05 6.70780E-04 2.77082E-04 -5.20675E-07 -5.02811E-07 -1.11983E-05 
-5.76368E-07 -5.91226E-07 2.41966E-04 -4.69697E-05 -4.63679E-05 -3.20748E-05 5.73813E-04 2.44203E-04 -5.91226E-07 -5.76368E-07 -1.42493E-05 
-6.37742E-07 -6.49634E-07 2.12336E-04 -4.12481E-05 -4.07932E-05 -2.86386E-05 4.89509E-04 2.14631E-04 -6.49634E-07 -6.37742E-07 -1.59263E-05 
-6.79580E-07 -6.88523E-07 1.85835E-04 -3.61308E-05 -3.57937E-05 -2.54607E-05 4.16477E-04 1.88136E-04 -6.88523E-07 -6.79580E-07 -1.58606E-05 
-6.93596E-07 -6.99584E-07 1.62233E-04 -3.15574E-05 -3.13114E-05 -2.25267E-05 3.53436E-04 1.64492E-04 -6.99584E-07 -6.93596E-07 -1.36892E-05 
-2.05900E-09 5.89726E-09 1.52977E-03 -3.01579E-04 -2.94576E-04 -2.00719E-04 4.15851E-03 1.51974E-03 5.89726E-09 -2.05900E-09 1.65583E-04 
-2.05900E-09 5.89726E-09 1.41682E-03 -2.78099E-04 -2.71814E-04 -1.88049E-04 3.75304E-03 1.40753E-03 5.89726E-09 -2.05900E-09 1.36823E-04 
-2.05900E-09 -1.48542E-09 1.31070E-03 -2.56155E-04 -2.50525E-04 -1.75855E-04 3.38348E-03 1.30216E-03 -1.48542E-09 -2.05900E-09 1.13189E-04 
-2.05900E-09 -4.84118E-10 1.21103E-03 -2.35659E-04 -2.30625E-04 -1.64147E-04 3.04678E-03 1.20326E-03 -4.84118E-10 -2.05900E-09 9.38146E-05 
-2.05900E-09 4.22284E-09 1.11624E-03 -2.16279E-04 -2.11797E-04 -1.52789E-04 2.73613E-03 1.10926E-03 4.22284E-09 -2.05900E-09 7.77814E-05 
-2.05900E-09 1.00152E-08 1.02641E-03 -1.98019E-04 -1.94046E-04 -1.41824E-04 2.45060E-03 1.02023E-03 1.00152E-08 -2.05900E-09 6.45913E-05 
-2.05900E-09 1.47825E-08 9.41546E-04 -1.80874E-04 -1.77369E-04 -1.31286E-04 2.18907E-03 9.36163E-04 1.47825E-08 -2.05900E-09 5.37826E-05 
-2.05900E-09 1.67021E-08 8.79280E-04 -1.68365E-04 -1.65195E-04 -1.23443E-04 2.00245E-03 8.74515E-04 1.67021E-08 -2.05900E-09 4.67834E-05 
-2.05900E-09 1.68680E-08 8.61631E-04 -1.64830E-04 -1.61755E-04 -1.21203E-04 1.95038E-03 8.57046E-04 1.68680E-08 -2.05900E-09 4.49317E-05 
-2.05900E-09 1.46611E-08 7.80951E-04 -1.48739E-04 -1.46087E-04 -1.10865E-04 1.71718E-03 7.77212E-04 1.46611E-08 -2.05900E-09 3.71377E-05 
-2.05900E-09 6.68927E-09 7.05864E-04 -1.33870E-04 -1.31601E-04 -1.01100E-04 1.50746E-03 7.02949E-04 6.68927E-09 -2.05900E-09 3.07331E-05 
-2.05900E-09 -7.88934E-09 6.36234E-04 -1.20179E-04 -1.18258E-04 -9.19185E-05 1.31957E-03 6.34109E-04 -7.88934E-09 -2.05900E-09 2.53301E-05 
-2.05900E-09 -2.96617E-08 5.71893E-04 -1.07620E-04 -1.06012E-04 -8.33258E-05 1.15188E-03 5.70519E-04 -2.96617E-08 -2.05900E-09 2.05930E-05 
-1.47612E-08 -4.66293E-08 5.13292E-04 -9.62497E-05 -9.49188E-05 -7.53882E-05 1.00438E-03 5.12611E-04 -4.66293E-08 -1.47612E-08 1.62139E-05 
-4.33569E-08 -7.26393E-08 4.59243E-04 -8.58398E-05 -8.47576E-05 -6.79864E-05 8.72947E-04 4.59205E-04 -7.26393E-08 -4.33569E-08 1.20606E-05 
-8.36786E-08 -1.10503E-07 4.09460E-04 -7.63257E-05 -7.54662E-05 -6.11018E-05 7.56008E-04 4.10008E-04 -1.10503E-07 -8.36786E-08 7.99229E-06 
-1.35216E-07 -1.59683E-07 3.63811E-04 -6.76697E-05 -6.70080E-05 -5.47304E-05 6.52443E-04 3.64883E-04 -1.59683E-07 -1.35216E-07 3.91221E-06 
-1.96956E-07 -2.19144E-07 3.22137E-04 -5.98291E-05 -5.93413E-05 -4.88623E-05 5.61134E-04 3.23666E-04 -2.19144E-07 -1.96956E-07 -2.13292E-07 
-2.67301E-07 -2.87261E-07 2.84259E-04 -5.27571E-05 -5.24207E-05 -4.34827E-05 4.80980E-04 2.86176E-04 -2.87261E-07 -2.67301E-07 -4.34720E-06 
-3.43947E-07 -3.61705E-07 2.49982E-04 -4.64043E-05 -4.61974E-05 -3.85726E-05 4.10918E-04 2.52216E-04 -3.61705E-07 -3.43947E-07 -8.37694E-06 
-4.23765E-07 -4.39324E-07 2.19099E-04 -4.07189E-05 -4.06207E-05 -3.41088E-05 3.49930E-04 2.21577E-04 -4.39324E-07 -4.23765E-07 -1.21135E-05 
-5.02676E-07 -5.16014E-07 1.91395E-04 -3.56477E-05 -3.56383E-05 -3.00652E-05 2.97055E-04 1.94046E-04 -5.16014E-07 -5.02676E-07 -1.52953E-05 
-5.75547E-07 -5.86623E-07 1.66653E-04 -3.11369E-05 -3.11973E-05 -2.64128E-05 2.51396E-04 1.69410E-04 -5.86623E-07 -5.75547E-07 -1.75984E-05 
-6.36146E-07 -6.44901E-07 1.44655E-04 -2.71323E-05 -2.72447E-05 -2.31208E-05 2.12122E-04 1.47453E-04 -6.44901E-07 -6.36146E-07 -1.86539E-05 
-6.77180E-07 -6.83537E-07 1.25189E-04 -2.35806E-05 -2.37279E-05 -2.01566E-05 1.78471E-04 1.27968E-04 -6.83537E-07 -6.77180E-07 -1.80721E-05 
-6.90433E-07 -6.94302E-07 1.08045E-04 -2.04291E-05 -2.05956E-05 -1.74868E-05 1.49753E-04 1.10751E-04 -6.94302E-07 -6.90433E-07 -1.54750E-05 
-2.01145E-09 1.99027E-08 1.18211E-03 -2.18647E-04 -2.16129E-04 -1.88147E-04 1.84057E-03 1.17047E-03 1.99027E-08 -2.01145E-09 6.18971E-05 
-2.01145E-09 1.99027E-08 1.08770E-03 -2.00173E-04 -1.97916E-04 -1.73206E-04 1.64707E-03 1.07698E-03 1.99027E-08 -2.01145E-09 5.09452E-05 
-2.01145E-09 2.06180E-09 9.99583E-04 -1.83041E-04 -1.81024E-04 -1.59240E-04 1.47224E-03 9.89798E-04 2.06180E-09 -2.01145E-09 4.21031E-05 
-2.01145E-09 9.14090E-09 9.17368E-04 -1.67163E-04 -1.65368E-04 -1.46197E-04 1.31434E-03 9.08530E-04 9.14090E-09 -2.01145E-09 3.49971E-05 
-2.01145E-09 1.75210E-08 8.39710E-04 -1.52267E-04 -1.50680E-04 -1.33871E-04 1.16995E-03 8.31836E-04 1.75210E-08 -2.01145E-09 2.92299E-05 
-2.01145E-09 2.51931E-08 7.66614E-04 -1.38344E-04 -1.36952E-04 -1.22269E-04 1.03841E-03 7.59710E-04 2.51931E-08 -2.01145E-09 2.45859E-05 
-2.01145E-09 3.05384E-08 6.98042E-04 -1.25378E-04 -1.24169E-04 -1.11389E-04 9.19051E-04 6.92106E-04 3.05384E-08 -2.01145E-09 2.08598E-05 
-2.01145E-09 3.22621E-08 6.48051E-04 -1.15987E-04 -1.14911E-04 -1.03460E-04 8.34587E-04 6.42857E-04 3.22621E-08 -2.01145E-09 1.84817E-05 
-2.01145E-09 3.22894E-08 6.33933E-04 -1.13345E-04 -1.12307E-04 -1.01222E-04 8.11135E-04 6.28953E-04 3.22894E-08 -2.01145E-09 1.78553E-05 
-2.01145E-09 2.90475E-08 5.69700E-04 -1.01385E-04 -1.00519E-04 -9.10454E-05 7.06746E-04 5.65730E-04 2.90475E-08 -2.01145E-09 1.52092E-05 
-2.01145E-09 1.96232E-08 5.10405E-04 -9.04360E-05 -8.97298E-05 -8.16616E-05 6.13859E-04 5.07408E-04 1.96232E-08 -2.01145E-09 1.29632E-05 
-2.01145E-09 3.39028E-09 4.55873E-04 -8.04522E-05 -7.98948E-05 -7.30429E-05 5.31538E-04 4.53805E-04 3.39028E-09 -2.01145E-09 1.09125E-05 
-2.01145E-09 -2.00813E-08 4.05912E-04 -7.13839E-05 -7.09642E-05 -6.51575E-05 4.58868E-04 4.04718E-04 -2.00813E-08 -2.01145E-09 8.87477E-06 
-1.45546E-08 -3.81712E-08 3.60809E-04 -6.32534E-05 -6.29578E-05 -5.80311E-05 3.95671E-04 3.60418E-04 -3.81712E-08 -1.45546E-08 6.65504E-06 
-4.30319E-08 -6.52125E-08 3.19577E-04 -5.58854E-05 -5.57034E-05 -5.15249E-05 3.39992E-04 3.19922E-04 -6.52125E-08 -4.30319E-08 4.25034E-06 
-8.32909E-08 -1.04050E-07 2.81944E-04 -4.92227E-05 -4.91445E-05 -4.55975E-05 2.91014E-04 2.82956E-04 -1.04050E-07 -8.32909E-08 1.60175E-06 
-1.34753E-07 -1.54087E-07 2.47761E-04 -4.32273E-05 -4.32423E-05 -4.02223E-05 2.48141E-04 2.49361E-04 -1.54087E-07 -1.34753E-07 -1.32368E-06 
-1.96360E-07 -2.14245E-07 2.16857E-04 -3.78576E-05 -3.79554E-05 -3.53693E-05 2.10788E-04 2.18966E-04 -2.14245E-07 -1.96360E-07 -4.50702E-06 
-2.66481E-07 -2.82875E-07 1.89053E-04 -3.30702E-05 -3.32397E-05 -3.10061E-05 1.78392E-04 1.91584E-04 -2.82875E-07 -2.66481E-07 -7.86853E-06 
-3.42799E-07 -3.57639E-07 1.64156E-04 -2.88201E-05 -2.90499E-05 -2.70985E-05 1.50422E-04 1.67024E-04 -3.57639E-07 -3.42799E-07 -1.12613E-05 
-4.22181E-07 -4.35389E-07 1.41970E-04 -2.50618E-05 -2.53402E-05 -2.36110E-05 1.26378E-04 1.45090E-04 -4.35389E-07 -4.22181E-07 -1.44690E-05 
-5.00555E-07 -5.12033E-07 1.22297E-04 -2.17490E-05 -2.20641E-05 -2.05072E-05 1.05798E-04 1.25586E-04 -5.12033E-07 -5.00555E-07 -1.72089E-05 
-5.72809E-07 -5.82446E-07 1.04940E-04 -1.88361E-05 -1.91758E-05 -1.77506E-05 8.82591E-05 1.08318E-04 -5.82446E-07 -5.72809E-07 -1.91408E-05 
-6.32746E-07 -6.40416E-07 8.97074E-05 -1.62779E-05 -1.66301E-05 -1.53046E-05 7.33767E-05 9.31003E-05 -6.40416E-07 -6.32746E-07 -1.98840E-05 
-6.73118E-07 -6.78683E-07 7.64132E-05 -1.40299E-05 -1.43827E-05 -1.31328E-05 6.08063E-05 7.97519E-05 -6.78683E-07 -6.73118E-07 -1.90409E-05 
-6.85773E-07 -6.89088E-07 6.48795E-05 -1.20492E-05 -1.23911E-05 -1.11998E-05 5.02411E-05 6.81029E-05 -6.89088E-07 -6.85773E-07 -1.62284E-05 
-1.95514E-09 2.65843E-08 8.51889E-04 -1.43351E-04 -1.42515E-04 -1.36860E-04 6.06839E-04 8.38519E-04 2.65843E-08 -1.95514E-09 1.66674E-05 
-1.95514E-09 2.65843E-08 7.77339E-04 -1.30025E-04 -1.29261E-04 -1.24411E-04 5.36586E-04 7.65104E-04 2.65843E-08 -1.95514E-09 1.38864E-05 
-1.95514E-09 3.74925E-09 7.08331E-04 -1.17789E-04 -1.17096E-04 -1.12957E-04 4.73874E-04 6.97246E-04 3.74925E-09 -1.95514E-09 1.17109E-05 
-1.95514E-09 1.37276E-08 6.44488E-04 -1.06560E-04 -1.05937E-04 -1.02428E-04 4.17926E-04 6.34557E-04 1.37276E-08 -1.95514E-09 1.00400E-05 
-1.95514E-09 2.38645E-08 5.84688E-04 -9.61301E-05 -9.55783E-05 -9.26308E-05 3.67388E-04 5.75923E-04 2.38645E-08 -1.95514E-09 8.75529E-06 
-1.95514E-09 3.24324E-08 5.28882E-04 -8.64810E-05 -8.60007E-05 -8.35504E-05 3.21929E-04 5.21283E-04 3.24324E-08 -1.95514E-09 7.79356E-06 
-1.95514E-09 3.80397E-08 4.76987E-04 -7.75885E-05 -7.71802E-05 -7.51659E-05 2.81205E-04 4.70545E-04 3.80397E-08 -1.95514E-09 7.08263E-06 
-1.95514E-09 3.96479E-08 4.39453E-04 -7.12095E-05 -7.08573E-05 -6.91403E-05 2.52724E-04 4.33892E-04 3.96479E-08 -1.95514E-09 6.65342E-06 
-1.95514E-09 3.96006E-08 4.28901E-04 -6.94247E-05 -6.90889E-05 -6.74525E-05 2.44869E-04 4.23595E-04 3.96006E-08 -1.95514E-09 6.54128E-06 
-1.95514E-09 3.58131E-08 3.81178E-04 -6.14021E-05 -6.11449E-05 -5.98549E-05 2.10209E-04 3.77061E-04 3.58131E-08 -1.95514E-09 6.04493E-06 
-1.95514E-09 2.56277E-08 3.37563E-04 -5.41470E-05 -5.39683E-05 -5.29655E-05 1.79822E-04 3.34587E-04 2.56277E-08 -1.95514E-09 5.52345E-06 
-1.95514E-09 8.52750E-09 2.97863E-04 -4.76137E-05 -4.75127E-05 -4.67424E-05 1.53296E-04 2.95968E-04 8.52750E-09 -1.95514E-09 4.85689E-06 
-1.95514E-09 -1.58343E-08 2.61871E-04 -4.17551E-05 -4.17305E-05 -4.11425E-05 1.30237E-04 2.60987E-04 -1.58343E-08 -1.95514E-09 3.93170E-06 
-1.42795E-08 -3.43428E-08 2.29735E-04 -3.65663E-05 -3.66135E-05 -3.61594E-05 1.10507E-04 2.29770E-04 -3.43428E-08 -1.42795E-08 2.59921E-06 
-4.25145E-08 -6.17422E-08 2.00680E-04 -3.19264E-05 -3.20423E-05 -3.16826E-05 9.33956E-05 2.01552E-04 -6.17422E-08 -4.25145E-08 9.15397E-07 
-8.25742E-08 -1.00923E-07 1.74461E-04 -2.77893E-05 -2.79703E-05 -2.76697E-05 7.85802E-05 1.76082E-04 -1.00923E-07 -8.25742E-08 -1.14357E-06 
-1.33835E-07 -1.51245E-07 1.50924E-04 -2.41204E-05 -2.43617E-05 -2.40891E-05 6.58182E-05 1.53200E-04 -1.51245E-07 -1.33835E-07 -3.58435E-06 
-1.95206E-07 -2.11601E-07 1.29906E-04 -2.08837E-05 -2.11795E-05 -2.09078E-05 5.48790E-05 1.32738E-04 -2.11601E-07 -1.95206E-07 -6.36664E-06 
-2.65033E-07 -2.80321E-07 1.11239E-04 -1.80426E-05 -1.83860E-05 -1.80923E-05 4.55472E-05 1.14525E-04 -2.80321E-07 -2.65033E-07 -9.39351E-06 
-3.40985E-07 -3.55056E-07 9.47490E-05 -1.55604E-05 -1.59435E-05 -1.56092E-05 3.76238E-05 9.83883E-05 -3.55056E-07 -3.40985E-07 -1.25043E-05 
-4.19926E-07 -4.32655E-07 8.02657E-05 -1.34004E-05 -1.38144E-05 -1.34255E-05 3.09277E-05 8.41572E-05 -4.32655E-07 -4.19926E-07 -1.54722E-05 
-4.97789E-07 -5.09036E-07 6.76198E-05 -1.15264E-05 -1.19618E-05 -1.15084E-05 2.52959E-05 7.16663E-05 -5.09036E-07 -4.97789E-07 -1.80062E-05 
-5.69479E-07 -5.79091E-07 5.66475E-05 -9.90308E-06 -1.03495E-05 -9.82634E-06 2.05836E-05 6.07566E-05 -5.79091E-07 -5.69479E-07 -1.97605E-05 
-6.28825E-07 -6.36637E-07 4.71919E-05 -8.49572E-06 -8.94260E-06 -8.34827E-06 1.66636E-05 5.12780E-05 -6.36637E-07 -6.28825E-07 -2.03508E-05 
-6.68623E-07 -6.74460E-07 3.91044E-05 -7.27077E-06 -7.70725E-06 -7.04433E-06 1.34257E-05 4.30898E-05 -6.74460E-07 -6.68623E-07 -1.93779E-05 
-6.80778E-07 -6.84459E-07 3.22457E-05 -6.19590E-06 -6.61117E-06 -5.88583E-06 1.07751E-05 3.60617E-05 -6.84459E-07 -6.80778E-07 -1.64588E-05 
-1.90097E-09 2.94985E-08 5.42675E-04 -7.81075E-05 -7.76656E-05 -7.72613E-05 9.94394E-05 5.27446E-04 2.94985E-08 -1.90097E-09 1.74195E-06 
-1.90097E-09 2.94985E-08 4.89598E-04 -6.99345E-05 -6.95098E-05 -6.92939E-05 8.58143E-05 4.75758E-04 2.94985E-08 -1.90097E-09 1.70375E-06 
-1.90097E-09 4.46737E-09 4.41006E-04 -6.25291E-05 -6.21276E-05 -6.20782E-05 7.39334E-05 4.28563E-04 4.46737E-09 -1.90097E-09 1.72070E-06 
-1.90097E-09 1.57040E-08 3.96545E-04 -5.58254E-05 -5.54525E-05 -5.55482E-05 6.35841E-05 3.85496E-04 1.57040E-08 -1.90097E-09 1.80476E-06 
-1.90097E-09 2.66251E-08 3.55356E-04 -4.96835E-05 -4.93451E-05 -4.95676E-05 5.44585E-05 3.45706E-04 2.66251E-08 -1.90097E-09 1.95222E-06 
-1.90097E-09 3.56021E-08 3.17345E-04 -4.40813E-05 -4.37828E-05 -4.41133E-05 4.64517E-05 3.09086E-04 3.56021E-08 -1.90097E-09 2.15909E-06 
-1.90097E-09 4.13276E-08 2.82397E-04 -3.89932E-05 -3.87397E-05 -3.91589E-05 3.94601E-05 2.75509E-04 4.13276E-08 -1.90097E-09 2.40277E-06 
-1.90097E-09 4.28735E-08 2.57377E-04 -3.53916E-05 -3.51762E-05 -3.56505E-05 3.46832E-05 2.51528E-04 4.28735E-08 -1.90097E-09 2.59156E-06 
-1.90097E-09 4.27874E-08 2.50384E-04 -3.43916E-05 -3.41878E-05 -3.46761E-05 3.33835E-05 2.44835E-04 4.27874E-08 -1.90097E-09 2.64291E-06 
-1.90097E-09 3.87150E-08 2.18997E-04 -2.99418E-05 -2.97962E-05 -3.03367E-05 2.77470E-05 2.14841E-04 3.87150E-08 -1.90097E-09 2.83347E-06 
-1.90097E-09 2.81258E-08 1.90680E-04 -2.59864E-05 -2.59028E-05 -2.64727E-05 2.29503E-05 1.87851E-04 2.81258E-08 -1.90097E-09 2.86992E-06 
-1.90097E-09 1.05581E-08 1.65241E-04 -2.24874E-05 -2.24686E-05 -2.30455E-05 1.88883E-05 1.63660E-04 1.05581E-08 -1.90097E-09 2.65890E-06 
-1.90097E-09 -1.42882E-08 1.42486E-04 -1.94070E-05 -1.94547E-05 -2.00169E-05 1.54648E-05 1.42064E-04 -1.42882E-08 -1.90097E-09 2.10776E-06 
-1.40040E-08 -3.28724E-08 1.22457E-04 -1.67236E-05 -1.68357E-05 -1.73619E-05 1.26370E-05 1.23079E-04 -3.28724E-08 -1.40040E-08 1.07783E-06 
-4.19692E-08 -6.03057E-08 1.04602E-04 -1.43704E-05 -1.45458E-05 -1.50175E-05 1.02598E-05 1.06167E-04 -6.03057E-08 -4.19692E-08 -3.53682E-07 
-8.17910E-08 -9.95285E-08 8.87254E-05 -1.23162E-05 -1.25529E-05 -1.29531E-05 8.26212E-06 9.11253E-05 -9.95285E-08 -8.17910E-08 -2.19981E-06 
-1.32814E-07 -1.49869E-07 7.46917E-05 -1.05347E-05 -1.08292E-05 -1.11430E-05 6.59081E-06 7.78119E-05 -1.49869E-07 -1.32814E-07 -4.45966E-06 
-1.93922E-07 -2.10194E-07 6.23642E-05 -8.99964E-06 -9.34716E-06 -9.56160E-06 5.19809E-06 6.60859E-05 -2.10194E-07 -1.93922E-07 -7.08667E-06 
-2.63443E-07 -2.78815E-07 5.16060E-05 -7.68519E-06 -8.07945E-06 -8.18431E-06 4.04168E-06 5.58086E-05 -2.78815E-07 -2.63443E-07 -9.97866E-06 
-3.39035E-07 -3.53373E-07 4.22825E-05 -6.56593E-06 -6.99935E-06 -6.98723E-06 3.08496E-06 4.68457E-05 -3.53373E-07 -3.39035E-07 -1.29708E-05 
-4.17556E-07 -4.30710E-07 3.42631E-05 -5.61699E-06 -6.08083E-06 -5.94745E-06 2.29687E-06 3.90694E-05 -4.30710E-07 -4.17556E-07 -1.58328E-05 
-4.94946E-07 -5.06749E-07 2.74230E-05 -4.81418E-06 -5.29866E-06 -5.04300E-06 1.65183E-06 3.23594E-05 -5.06749E-07 -4.94946E-07 -1.82716E-05 
-5.66121E-07 -5.76395E-07 2.16436E-05 -4.13391E-06 -4.62845E-06 -4.25284E-06 1.12949E-06 2.66041E-05 -5.76395E-07 -5.66121E-07 -1.99401E-05 
-6.24939E-07 -6.33492E-07 1.68142E-05 -3.55323E-06 -4.04666E-06 -3.55677E-06 7.14402E-07 2.17015E-05 -6.33492E-07 -6.24939E-07 -2.04539E-05 
-6.64231E-07 -6.70863E-07 1.28322E-05 -3.04983E-06 -3.53069E-06 -2.93539E-06 3.95589E-07 1.75587E-05 -6.70863E-07 -6.64231E-07 -1.94148E-05 
-6.75956E-07 -6.80460E-07 9.60299E-06 -2.60220E-06 -3.05898E-06 -2.37016E-06 1.66019E-07 1.40924E-05 -6.80460E-07 -6.75956E-07 -1.64423E-05 
-1.84968E-09 3.10553E-08 2.65206E-04 -2.74010E-05 -2.69348E-05 -2.71823E-05 -1.15362E-05 2.47996E-04 3.10553E-08 -1.84968E-09 -9.42775E-07 
-1.84968E-09 3.10553E-08 2.35137E-04 -2.39723E-05 -2.35158E-05 -2.38847E-05 -1.02452E-05 2.19614E-04 3.10553E-08 -1.84968E-09 -6.14868E-07 
-1.84968E-09 4.82671E-09 2.08038E-04 -2.09353E-05 -2.04965E-05 -2.09738E-05 -9.06889E-06 1.94199E-04 4.82671E-09 -1.84968E-09 -3.04919E-07 
-1.84968E-09 1.67259E-08 1.83626E-04 -1.82493E-05 -1.78355E-05 -1.84071E-05 -8.00122E-06 1.71458E-04 1.67259E-08 -1.84968E-09 1.79741E-08 
-1.84968E-09 2.80905E-08 1.61353E-04 -1.58465E-05 -1.54651E-05 -1.61185E-05 -7.02356E-06 1.50851E-04 2.80905E-08 -1.84968E-09 3.73736E-07 
-1.84968E-09 3.73173E-08 1.41111E-04 -1.37090E-05 -1.33671E-05 -1.40884E-05 -6.13499E-06 1.32257E-04 3.73173E-08 -1.84968E-09 7.65155E-07 
-1.84968E-09 4.31258E-08 1.22783E-04 -1.18177E-05 -1.15218E-05 -1.22959E-05 -5.33334E-06 1.15543E-04 4.31258E-08 -1.84968E-09 1.17432E-06 
-1.84968E-09 4.46394E-08 1.09840E-04 -1.05112E-05 -1.02550E-05 -1.10590E-05 -4.77079E-06 1.03817E-04 4.46394E-08 -1.84968E-09 1.48008E-06 
-1.84968E-09 4.45303E-08 1.06251E-04 -1.01536E-05 -9.90965E-06 -1.07205E-05 -4.61555E-06 1.00577E-04 4.45303E-08 -1.84968E-09 1.56398E-06 
-1.84968E-09 4.02771E-08 9.02986E-05 -8.59164E-06 -8.40963E-06 -9.24125E-06 -3.93110E-06 8.62442E-05 4.02771E-08 -1.84968E-09 1.90015E-06 
-1.84968E-09 2.94170E-08 7.61447E-05 -7.24801E-06 -7.13287E-06 -7.96507E-06 -3.33411E-06 7.36231E-05 2.94170E-08 -1.84968E-09 2.06761E-06 
-1.84968E-09 1.15244E-08 6.36427E-05 -6.10002E-06 -6.05544E-06 -6.86789E-06 -2.81855E-06 6.25525E-05 1.15244E-08 -1.84968E-09 1.97411E-06 
-1.84968E-09 -1.36672E-08 5.26518E-05 -5.12620E-06 -5.15449E-06 -5.92713E-06 -2.37819E-06 5.28788E-05 -1.36672E-08 -1.84968E-09 1.52792E-06 
-1.37395E-08 -3.22242E-08 4.31570E-05 -4.30097E-06 -4.40046E-06 -5.11339E-06 -1.99767E-06 4.45629E-05 -3.22242E-08 -1.37395E-08 5.86659E-07 
-4.14374E-08 -5.95980E-08 3.48491E-05 -3.60677E-06 -3.77657E-06 -4.41200E-06 -1.67870E-06 3.73075E-05 -5.95980E-08 -4.14374E-08 -7.66287E-07 
-8.10207E-08 -9.87796E-08 2.76044E-05 -3.03010E-06 -3.26827E-06 -3.80986E-06 -1.41823E-06 3.09840E-05 -9.87796E-08 -8.10207E-08 -2.54203E-06 
-1.31808E-07 -1.49070E-07 2.13357E-05 -2.55729E-06 -2.86026E-06 -3.29337E-06 -1.21103E-06 2.54987E-05 -1.49070E-07 -1.31808E-07 -4.73859E-06 
-1.92662E-07 -2.09313E-07 1.59584E-05 -2.17506E-06 -2.53765E-06 -2.84983E-06 -1.05152E-06 2.07633E-05 -2.09313E-07 -1.92662E-07 -7.30812E-06 
-2.61895E-07 -2.77801E-07 1.13912E-05 -1.87064E-06 -2.28605E-06 -2.46747E-06 -9.33780E-07 1.66953E-05 -2.77801E-07 -2.61895E-07 -1.01471E-05 
-3.37154E-07 -3.52163E-07 7.55698E-06 -1.63161E-06 -2.09159E-06 -2.13536E-06 -8.51499E-07 1.32193E-05 -3.52163E-07 -3.37154E-07 -1.30894E-05 
-4.15294E-07 -4.29237E-07 4.38326E-06 -1.44586E-06 -1.94079E-06 -1.84331E-06 -7.97848E-07 1.02672E-05 -4.29237E-07 -4.15294E-07 -1.59038E-05 
-4.92256E-07 -5.04946E-07 1.80257E-06 -1.30140E-06 -1.82053E-06 -1.58164E-06 -7.65389E-07 7.77833E-06 -5.04946E-07 -4.92256E-07 -1.82966E-05 
-5.62971E-07 -5.74208E-07 -2.47441E-07 -1.18625E-06 -1.71791E-06 -1.34103E-06 -7.45977E-07 5.69915E-06 -5.74208E-07 -5.62971E-07 -1.99211E-05 
-6.21317E-07 -6.30887E-07 -1.82387E-06 -1.08834E-06 -1.62021E-06 -1.11234E-06 -7.30707E-07 3.98349E-06 -6.30887E-07 -6.21317E-07 -2.03939E-05 
-6.60164E-07 -6.67842E-07 -2.97877E-06 -9.95477E-07 -1.51490E-06 -8.86492E-07 -7.09936E-07 2.59172E-06 -6.67842E-07 -6.60164E-07 -1.93188E-05 
-6.71520E-07 -6.77076E-07 -3.75927E-06 -8.95395E-07 -1.38967E-06 -6.54433E-07 -6.73411E-07 1.49031E-06 -6.77076E-07 -6.71520E-07 -1.63181E-05 
-1.80092E-09 3.23713E-08 4.89047E-05 2.22147E-06 2.79100E-06 2.51099E-06 6.90506E-06 2.96161E-05 3.23713E-08 -1.80092E-09 -9.15006E-07 
-1.80092E-09 3.23713E-08 4.13775E-05 2.15613E-06 2.71491E-06 2.29730E-06 6.11497E-06 2.41208E-05 3.23713E-08 -1.80092E-09 -7.30187E-07 
-1.80092E-09 5.12135E-09 3.48009E-05 2.06330E-06 2.60221E-06 2.06127E-06 5.38857E-06 1.95603E-05 5.12135E-09 -1.80092E-09 -5.11955E-07 
-1.80092E-09 1.75772E-08 2.90407E-05 1.95013E-06 2.46068E-06 1.81204E-06 4.72487E-06 1.57866E-05 1.75772E-08 -1.80092E-09 -2.42827E-07 
-1.80092E-09 2.93259E-08 2.39145E-05 1.82019E-06 2.29395E-06 1.55154E-06 4.11333E-06 1.26308E-05 2.93259E-08 -1.80092E-09 9.02027E-08 
-1.80092E-09 3.87748E-08 1.93559E-05 1.67800E-06 2.10693E-06 1.28630E-06 3.55446E-06 1.00090E-05 3.87748E-08 -1.80092E-09 4.81230E-07 
-1.80092E-09 4.46592E-08 1.53030E-05 1.52761E-06 1.90422E-06 1.02234E-06 3.04769E-06 7.84272E-06 4.46592E-08 -1.80092E-09 9.05263E-07 
-1.80092E-09 4.61442E-08 1.24786E-05 1.40791E-06 1.73933E-06 8.22423E-07 2.69044E-06 6.43340E-06 4.61442E-08 -1.80092E-09 1.22939E-06 
-1.80092E-09 4.60139E-08 1.17002E-05 1.37260E-06 1.69009E-06 7.65060E-07 2.59158E-06 6.06026E-06 4.60139E-08 -1.80092E-09 1.31944E-06 
-1.80092E-09 4.15929E-08 8.26344E-06 1.20376E-06 1.45088E-06 5.00617E-07 2.15398E-06 4.49414E-06 4.15929E-08 -1.80092E-09 1.68791E-06 
-1.80092E-09 3.04775E-08 5.23908E-06 1.03617E-06 1.20729E-06 2.54536E-07 1.76906E-06 3.22765E-06 3.04775E-08 -1.80092E-09 1.88993E-06 
-1.80092E-09 1.22742E-08 2.58147E-06 8.72230E-07 9.63143E-07 3.08484E-08 1.43252E-06 2.19933E-06 1.22742E-08 -1.80092E-09 1.83054E-06 
-1.80092E-09 -1.32520E-08 2.52496E-07 7.13663E-07 7.21761E-07 -1.67436E-07 1.13956E-06 1.35746E-06 -1.32520E-08 -1.80092E-09 1.41641E-06 
-1.34877E-08 -3.17894E-08 -1.74180E-06 5.78216E-07 5.05240E-07 -3.18515E-07 9.01414E-07 6.81643E-07 -3.17894E-08 -1.34877E-08 5.00770E-07 
-4.09315E-08 -5.91137E-08 -3.47853E-06 4.47875E-07 2.94777E-07 -4.43482E-07 6.93531E-07 1.09577E-07 -5.91137E-08 -4.09315E-08 -8.29664E-07 
-8.02909E-08 -9.82669E-08 -4.98200E-06 3.19425E-07 8.83463E-08 -5.45944E-07 5.08028E-07 -3.87760E-07 -9.82669E-08 -8.02909E-08 -2.58501E-06 
-1.30862E-07 -1.48525E-07 -6.26372E-06 1.93562E-07 -1.11530E-07 -6.25324E-07 3.41322E-07 -8.27950E-07 -1.48525E-07 -1.30862E-07 -4.76270E-06 
-1.91487E-07 -2.08709E-07 -7.33312E-06 7.10796E-08 -3.02236E-07 -6.81469E-07 1.90303E-07 -1.22339E-06 -2.08709E-07 -1.91487E-07 -7.31404E-06 
-2.60464E-07 -2.77095E-07 -8.19818E-06 -4.69712E-08 -4.80954E-07 -7.14491E-07 5.25654E-08 -1.58184E-06 -2.77095E-07 -2.60464E-07 -1.01346E-05 
-3.35429E-07 -3.51300E-07 -8.86598E-06 -1.59091E-07 -6.44529E-07 -7.24578E-07 -7.33764E-08 -1.90698E-06 -3.51300E-07 -3.35429E-07 -1.30573E-05 
-4.13232E-07 -4.28153E-07 -9.34310E-06 -2.63149E-07 -7.89344E-07 -7.11768E-07 -1.87882E-07 -2.19906E-06 -4.28153E-07 -4.13232E-07 -1.58504E-05 
-4.89816E-07 -5.03581E-07 -9.63605E-06 -3.56203E-07 -9.11187E-07 -6.75731E-07 -2.90010E-07 -2.45546E-06 -5.03581E-07 -4.89816E-07 -1.82202E-05 
-5.60125E-07 -5.72508E-07 -9.75148E-06 -4.34359E-07 -1.00516E-06 -6.15561E-07 -3.77390E-07 -2.67126E-06 -5.72508E-07 -5.60125E-07 -1.98205E-05 
-6.18058E-07 -6.28822E-07 -9.69636E-06 -4.92693E-07 -1.06563E-06 -5.29619E-07 -4.46173E-07 -2.83983E-06 -6.28822E-07 -6.18058E-07 -2.02691E-05 
-6.56516E-07 -6.65413E-07 -9.47812E-06 -5.25264E-07 -1.08630E-06 -4.15453E-07 -4.91081E-07 -2.95331E-06 -6.65413E-07 -6.56516E-07 -1.91723E-05 
-6.67556E-07 -6.74330E-07 -9.10474E-06 -5.25245E-07 -1.06031E-06 -2.69830E-07 -5.05579E-07 -3.00323E-06 -6.74330E-07 -6.67556E-07 -1.61553E-05 
---
