PdfType: replica
Format: lhagrid1
---
1.00000E-06 1.28121E-06 1.64152E-06 2.10317E-06 2.69463E-06 3.45242E-06 4.42329E-06 5.66715E-06 7.26076E-06 9.30241E-06 1.19180E-05 1.52689E-05 1.95617E-05 2.50609E-05 3.21053E-05 4.11287E-05 5.26863E-05 6.74889E-05 8.64459E-05 1.10720E-04 1.41800E-04 1.81585E-04 2.32503E-04 2.97652E-04 3.80981E-04 4.87518E-04 6.26039E-04 8.00452E-04 1.02297E-03 1.30657E-03 1.66759E-03 2.12729E-03 2.71054E-03 3.44865E-03 4.37927E-03 5.54908E-03 7.01192E-03 8.83064E-03 1.10763E-02 1.38266E-02 1.71641E-02 2.11717E-02 2.59364E-02 3.15062E-02 3.79623E-02 4.53425E-02 5.36750E-02 6.29705E-02 7.32221E-02 8.44039E-02 9.64793E-02 1.09332E-01 1.23067E-01 1.37507E-01 1.52639E-01 1.68416E-01 1.84794E-01 2.01731E-01 2.19016E-01 2.36948E-01 2.55242E-01 2.73927E-01 2.92954E-01 3.12340E-01 3.32036E-01 3.52019E-01 3.72282E-01 3.92772E-01 4.13533E-01 4.34326E-01 4.55495E-01 4.76836E-01 4.98342E-01 5.20006E-01 5.41818E-01 5.63773E-01 5.85861E-01 6.08077E-01 6.30459E-01 6.52800E-01 6.75387E-01 6.98063E-01 7.20830E-01 7.43683E-01 7.66623E-01 7.89636E-01 8.12791E-01 8.35940E-01 8.59175E-01 8.82485E-01 9.05866E-01 9.29311E-01 9.52817E-01 9.76387E-01 1.00000E+00 
1.14018E+00 1.22539E+00 1.32482E+00 1.44156E+00 1.57954E+00 1.74381E+00 1.94091E+00 2.12132E+00 2.17945E+00 2.49622E+00 2.89383E+00 3.39925E+00 4.05063E+00 4.90286E+00 6.03623E+00 7.57063E+00 9.68869E+00 1.26749E+01 1.69835E+01 2.33578E+01 3.30501E+01 4.82334E+01 7.28041E+01 1.13998E+02 1.85779E+02 3.16228E+02 
-5 -4 -3 -2 -1 1 2 3 4 5 21 
4.89177E-02 -2.38755E-02 4.47659E+01 -6.45609E+00 -6.45629E+00 -6.45632E+00 -6.45571E+00 4.47659E+01 -2.38755E-02 4.89177E-02 -2.79610E+01 
4.89177E-02 -2.38755E-02 4.40343E+01 -6.40027E+00 -6.40047E+00 -6.40049E+00 -6.39986E+00 4.40343E+01 -2.38755E-02 4.89177E-02 -2.64205E+01 
4.89177E-02 -1.36896E-02 4.33245E+01 -6.33016E+00 -6.33037E+00 -6.33038E+00 -6.32971E+00 4.33245E+01 -1.36896E-02 4.89177E-02 -2.46322E+01 
4.89177E-02 -3.20655E-02 4.26379E+01 -6.24344E+00 -6.24365E+00 -6.24365E+00 -6.24296E+00 4.26379E+01 -3.20655E-02 4.89177E-02 -2.25414E+01 
4.89177E-02 -2.91917E-02 4.19699E+01 -6.13511E+00 -6.13533E+00 -6.13531E+00 -6.13459E+00 4.19699E+01 -2.91917E-02 4.89177E-02 -2.00939E+01 
4.89177E-02 -1.53562E-03 4.13251E+01 -6.00177E+00 -6.00199E+00 -6.00197E+00 -6.00121E+00 4.13251E+01 -1.53562E-03 4.89177E-02 -1.71866E+01 
4.89177E-02 5.48729E-02 4.07081E+01 -5.83958E+00 -5.83980E+00 -5.83976E+00 -5.83898E+00 4.07081E+01 5.48729E-02 4.89177E-02 -1.36943E+01 
4.89177E-02 1.21064E-01 4.02532E+01 -5.69155E+00 -5.69177E+00 -5.69172E+00 -5.69091E+00 4.02532E+01 1.21064E-01 4.89177E-02 -1.04964E+01 
4.89177E-02 1.44500E-01 4.01243E+01 -5.64419E+00 -5.64442E+00 -5.64437E+00 -5.64355E+00 4.01243E+01 1.44500E-01 4.89177E-02 -9.46686E+00 
4.89177E-02 2.84161E-01 3.95386E+01 -5.39066E+00 -5.39089E+00 -5.39082E+00 -5.38996E+00 3.95386E+01 2.84161E-01 4.89177E-02 -3.87966E+00 
4.89177E-02 4.75456E-01 3.90061E+01 -5.08579E+00 -5.08603E+00 -5.08594E+00 -5.08505E+00 3.90061E+01 4.75456E-01 4.89177E-02 3.03327E+00 
4.89177E-02 7.26542E-01 3.85359E+01 -4.72157E+00 -4.72181E+00 -4.72171E+00 -4.72077E+00 3.85359E+01 7.26542E-01 4.89177E-02 1.15816E+01 
4.89177E-02 1.04670E+00 3.81381E+01 -4.28883E+00 -4.28908E+00 -4.28896E+00 -4.28798E+00 3.81381E+01 1.04670E+00 4.89177E-02 2.21246E+01 
2.96811E-01 1.40243E+00 3.77868E+01 -3.82231E+00 -3.82255E+00 -3.82241E+00 -3.82140E+00 3.77868E+01 1.40243E+00 2.96811E-01 3.50433E+01 
7.41256E-01 1.84273E+00 3.75213E+01 -3.27145E+00 -3.27170E+00 -3.27154E+00 -3.27048E+00 3.75213E+01 1.84273E+00 7.41256E-01 5.07205E+01 
1.29470E+00 2.39192E+00 3.73650E+01 -2.61181E+00 -2.61206E+00 -2.61189E+00 -2.61077E+00 3.73650E+01 2.39192E+00 1.29470E+00 6.96786E+01 
1.97430E+00 3.06718E+00 3.73363E+01 -1.82639E+00 -1.82664E+00 -1.82644E+00 -1.82528E+00 3.73363E+01 3.06718E+00 1.97430E+00 9.25132E+01 
2.79948E+00 3.88792E+00 3.74554E+01 -8.95909E-01 -8.96173E-01 -8.95946E-01 -8.94734E-01 3.74554E+01 3.88792E+00 2.79948E+00 1.19893E+02 
3.79213E+00 4.87604E+00 3.77452E+01 2.01375E-01 2.01107E-01 2.01360E-01 2.02625E-01 3.77452E+01 4.87604E+00 3.79213E+00 1.52563E+02 
4.97684E+00 6.05612E+00 3.82311E+01 1.48992E+00 1.48964E+00 1.48992E+00 1.49124E+00 3.82311E+01 6.05612E+00 4.97684E+00 1.91341E+02 
6.38113E+00 7.45569E+00 3.89415E+01 2.99711E+00 2.99683E+00 2.99714E+00 2.99852E+00 3.89415E+01 7.45569E+00 6.38113E+00 2.37124E+02 
8.03562E+00 9.10538E+00 3.99076E+01 4.75348E+00 4.75319E+00 4.75354E+00 4.75497E+00 3.99076E+01 9.10538E+00 8.03562E+00 2.90880E+02 
9.97432E+00 1.10392E+01 4.11642E+01 6.79290E+00 6.79261E+00 6.79299E+00 6.79449E+00 4.11642E+01 1.10392E+01 9.97432E+00 3.53648E+02 
1.22346E+01 1.32945E+01 4.27493E+01 9.15270E+00 9.15241E+00 9.15282E+00 9.15439E+00 4.27493E+01 1.32945E+01 1.22346E+01 4.26531E+02 
1.48577E+01 1.59125E+01 4.47046E+01 1.18739E+01 1.18736E+01 1.18740E+01 1.18757E+01 4.47046E+01 1.59125E+01 1.48577E+01 5.10691E+02 
1.78881E+01 1.89378E+01 4.70752E+01 1.50011E+01 1.50008E+01 1.50013E+01 1.50030E+01 4.70752E+01 1.89378E+01 1.78881E+01 6.07339E+02 
4.67152E-02 -7.81467E-03 3.86023E+01 -5.49360E+00 -5.49382E+00 -5.49382E+00 -5.49310E+00 3.86023E+01 -7.81467E-03 4.67152E-02 -2.50287E+01 
4.67152E-02 -7.81467E-03 3.79725E+01 -5.44476E+00 -5.44499E+00 -5.44497E+00 -5.44422E+00 3.79725E+01 -7.81467E-03 4.67152E-02 -2.36350E+01 
4.67152E-02 -1.05988E-02 3.73629E+01 -5.38227E+00 -5.38250E+00 -5.38247E+00 -5.38169E+00 3.73629E+01 -1.05988E-02 4.67152E-02 -2.20006E+01 
4.67152E-02 -2.25274E-02 3.67747E+01 -5.30400E+00 -5.30423E+00 -5.30419E+00 -5.30338E+00 3.67747E+01 -2.25274E-02 4.67152E-02 -2.00750E+01 
4.67152E-02 -1.43977E-02 3.62043E+01 -5.20536E+00 -5.20559E+00 -5.20554E+00 -5.20469E+00 3.62043E+01 -1.43977E-02 4.67152E-02 -1.78023E+01 
4.67152E-02 1.70565E-02 3.56558E+01 -5.08320E+00 -5.08344E+00 -5.08337E+00 -5.08249E+00 3.56558E+01 1.70565E-02 4.67152E-02 -1.50851E+01 
4.67152E-02 7.54985E-02 3.51336E+01 -4.93397E+00 -4.93421E+00 -4.93413E+00 -4.93321E+00 3.51336E+01 7.54985E-02 4.67152E-02 -1.18057E+01 
4.67152E-02 1.41829E-01 3.47505E+01 -4.79740E+00 -4.79765E+00 -4.79756E+00 -4.79661E+00 3.47505E+01 1.41829E-01 4.67152E-02 -8.79422E+00 
4.67152E-02 1.65040E-01 3.46424E+01 -4.75366E+00 -4.75391E+00 -4.75381E+00 -4.75286E+00 3.46424E+01 1.65040E-01 4.67152E-02 -7.82369E+00 
4.67152E-02 3.01760E-01 3.41535E+01 -4.51922E+00 -4.51947E+00 -4.51936E+00 -4.51836E+00 3.41535E+01 3.01760E-01 4.67152E-02 -2.55215E+00 
4.67152E-02 4.86575E-01 3.37142E+01 -4.23694E+00 -4.23720E+00 -4.23706E+00 -4.23602E+00 3.37142E+01 4.86575E-01 4.67152E-02 3.97241E+00 
4.67152E-02 7.26938E-01 3.33326E+01 -3.89949E+00 -3.89975E+00 -3.89960E+00 -3.89851E+00 3.33326E+01 7.26938E-01 4.67152E-02 1.20343E+01 
4.67152E-02 1.03131E+00 3.30178E+01 -3.49851E+00 -3.49878E+00 -3.49861E+00 -3.49747E+00 3.30178E+01 1.03131E+00 4.67152E-02 2.19615E+01 
2.82732E-01 1.36948E+00 3.27462E+01 -3.06526E+00 -3.06553E+00 -3.06534E+00 -3.06416E+00 3.27462E+01 1.36948E+00 2.82732E-01 3.40707E+01 
7.03627E-01 1.78598E+00 3.25541E+01 -2.55390E+00 -2.55418E+00 -2.55396E+00 -2.55273E+00 3.25541E+01 1.78598E+00 7.03627E-01 4.87238E+01 
1.22494E+00 2.30280E+00 3.24626E+01 -1.94232E+00 -1.94260E+00 -1.94236E+00 -1.94107E+00 3.24626E+01 2.30280E+00 1.22494E+00 6.63957E+01 
1.86214E+00 2.93540E+00 3.24881E+01 -1.21521E+00 -1.21549E+00 -1.21522E+00 -1.21388E+00 3.24881E+01 2.93540E+00 1.86214E+00 8.76189E+01 
2.63262E+00 3.70119E+00 3.26488E+01 -3.55267E-01 -3.55554E-01 -3.55258E-01 -3.53860E-01 3.26488E+01 3.70119E+00 2.63262E+00 1.12988E+02 
3.55599E+00 4.61976E+00 3.29652E+01 6.56959E-01 6.56666E-01 6.56993E-01 6.58451E-01 3.29652E+01 4.61976E+00 3.55599E+00 1.43162E+02 
4.65412E+00 5.71301E+00 3.34598E+01 1.84325E+00 1.84295E+00 1.84331E+00 1.84483E+00 3.34598E+01 5.71301E+00 4.65412E+00 1.78859E+02 
5.95145E+00 7.00536E+00 3.41578E+01 3.22793E+00 3.22763E+00 3.22802E+00 3.22960E+00 3.41578E+01 7.00536E+00 5.95145E+00 2.20864E+02 
7.47505E+00 8.52390E+00 3.50869E+01 4.83797E+00 4.83767E+00 4.83809E+00 4.83975E+00 3.50869E+01 8.52390E+00 7.47505E+00 2.70017E+02 
9.25485E+00 1.02986E+01 3.62775E+01 6.70322E+00 6.70291E+00 6.70337E+00 6.70510E+00 3.62775E+01 1.02986E+01 9.25485E+00 3.27214E+02 
1.13237E+01 1.23621E+01 3.77631E+01 8.85641E+00 8.85609E+00 8.85659E+00 8.85839E+00 3.77631E+01 1.23621E+01 1.13237E+01 3.93403E+02 
1.37174E+01 1.47505E+01 3.95800E+01 1.13333E+01 1.13330E+01 1.13336E+01 1.13354E+01 3.95800E+01 1.47505E+01 1.37174E+01 4.69573E+02 
1.64749E+01 1.75026E+01 4.17676E+01 1.41728E+01 1.41725E+01 1.41731E+01 1.41751E+01 4.17676E+01 1.75026E+01 1.64749E+01 5.56748E+02 
4.45935E-02 6.53615E-03 3.32862E+01 -4.66752E+00 -4.66776E+00 -4.66772E+00 -4.66687E+00 3.32862E+01 6.53615E-03 4.45935E-02 -2.24003E+01 
4.45935E-02 6.53615E-03 3.27446E+01 -4.62430E+00 -4.62454E+00 -4.62449E+00 -4.62360E+00 3.27446E+01 6.53615E-03 4.45935E-02 -2.11295E+01 
4.45935E-02 -7.80976E-03 3.22217E+01 -4.56804E+00 -4.56829E+00 -4.56822E+00 -4.56730E+00 3.22217E+01 -7.80976E-03 4.45935E-02 -1.96252E+01 
4.45935E-02 -1.39502E-02 3.17186E+01 -4.49679E+00 -4.49704E+00 -4.49696E+00 -4.49600E+00 3.17186E+01 -1.39502E-02 4.45935E-02 -1.78408E+01 
4.45935E-02 -1.15653E-03 3.12325E+01 -4.40634E+00 -4.40660E+00 -4.40650E+00 -4.40550E+00 3.12325E+01 -1.15653E-03 4.45935E-02 -1.57191E+01 
4.45935E-02 3.35864E-02 3.07672E+01 -4.29378E+00 -4.29404E+00 -4.29393E+00 -4.29289E+00 3.07672E+01 3.35864E-02 4.45935E-02 -1.31683E+01 
4.45935E-02 9.36536E-02 3.03265E+01 -4.15582E+00 -4.15609E+00 -4.15596E+00 -4.15488E+00 3.03265E+01 9.36536E-02 4.45935E-02 -1.00778E+01 
4.45935E-02 1.59891E-01 3.00052E+01 -4.02933E+00 -4.02960E+00 -4.02945E+00 -4.02835E+00 3.00052E+01 1.59891E-01 4.45935E-02 -7.23403E+00 
4.45935E-02 1.82824E-01 2.99148E+01 -3.98878E+00 -3.98905E+00 -3.98891E+00 -3.98779E+00 2.99148E+01 1.82824E-01 4.45935E-02 -6.31689E+00 
4.45935E-02 3.16465E-01 2.95090E+01 -3.77131E+00 -3.77158E+00 -3.77142E+00 -3.77025E+00 2.95090E+01 3.16465E-01 4.45935E-02 -1.33358E+00 
4.45935E-02 4.94873E-01 2.91492E+01 -3.50929E+00 -3.50957E+00 -3.50939E+00 -3.50817E+00 2.91492E+01 4.94873E-01 4.45935E-02 4.83225E+00 
4.45935E-02 7.24852E-01 2.88428E+01 -3.19603E+00 -3.19632E+00 -3.19611E+00 -3.19484E+00 2.88428E+01 7.24852E-01 4.45935E-02 1.24410E+01 
4.45935E-02 1.01410E+00 2.85981E+01 -2.82392E+00 -2.82421E+00 -2.82398E+00 -2.82266E+00 2.85981E+01 1.01410E+00 4.45935E-02 2.17913E+01 
2.69215E-01 1.33545E+00 2.83936E+01 -2.42102E+00 -2.42132E+00 -2.42106E+00 -2.41969E+00 2.83936E+01 1.33545E+00 2.69215E-01 3.31411E+01 
6.67658E-01 1.72925E+00 2.82626E+01 -1.94585E+00 -1.94615E+00 -1.94587E+00 -1.94444E+00 2.82626E+01 1.72925E+00 6.67658E-01 4.68328E+01 
1.15852E+00 2.21538E+00 2.82241E+01 -1.37846E+00 -1.37876E+00 -1.37845E+00 -1.37696E+00 2.82241E+01 2.21538E+00 1.15852E+00 6.32976E+01 
1.75567E+00 2.80769E+00 2.82929E+01 -7.05074E-01 -7.05385E-01 -7.05042E-01 -7.03494E-01 2.82929E+01 2.80769E+00 1.75567E+00 8.30103E+01 
2.47472E+00 3.52181E+00 2.84852E+01 8.97822E-02 8.94668E-02 8.98417E-02 9.14532E-02 2.84852E+01 3.52181E+00 2.47472E+00 1.06498E+02 
3.33313E+00 4.37519E+00 2.88193E+01 1.02347E+00 1.02315E+00 1.02356E+00 1.02524E+00 2.88193E+01 4.37519E+00 3.33313E+00 1.34341E+02 
4.35036E+00 5.38730E+00 2.93152E+01 2.11536E+00 2.11504E+00 2.11548E+00 2.11723E+00 2.93152E+01 5.38730E+00 4.35036E+00 1.67169E+02 
5.54802E+00 6.57975E+00 2.99951E+01 3.38698E+00 3.38665E+00 3.38713E+00 3.38895E+00 2.99951E+01 6.57975E+00 5.54802E+00 2.05665E+02 
6.94999E+00 7.97643E+00 3.08834E+01 4.86211E+00 4.86178E+00 4.86230E+00 4.86419E+00 3.08834E+01 7.97643E+00 6.94999E+00 2.50556E+02 
8.58256E+00 9.60361E+00 3.20070E+01 6.56697E+00 6.56663E+00 6.56720E+00 6.56917E+00 3.20070E+01 9.60361E+00 8.58256E+00 3.02613E+02 
1.04744E+01 1.14900E+01 3.33949E+01 8.53017E+00 8.52982E+00 8.53044E+00 8.53249E+00 3.33949E+01 1.14900E+01 1.04744E+01 3.62644E+02 
1.26568E+01 1.36668E+01 3.50789E+01 1.07829E+01 1.07825E+01 1.07832E+01 1.07853E+01 3.50789E+01 1.36668E+01 1.26568E+01 4.31487E+02 
1.51634E+01 1.61678E+01 3.70931E+01 1.33588E+01 1.33584E+01 1.33591E+01 1.33614E+01 3.70931E+01 1.61678E+01 1.51634E+01 5.10005E+02 
4.25439E-02 1.92862E-02 2.87014E+01 -3.95873E+00 -3.95900E+00 -3.95891E+00 -3.95790E+00 2.87014E+01 1.92862E-02 4.25439E-02 -2.00432E+01 
4.25439E-02 1.92862E-02 2.82361E+01 -3.92000E+00 -3.92027E+00 -3.92017E+00 -3.91913E+00 2.82361E+01 1.92862E-02 4.25439E-02 -1.88754E+01 
4.25439E-02 -5.30169E-03 2.77882E+01 -3.86883E+00 -3.86911E+00 -3.86900E+00 -3.86791E+00 2.77882E+01 -5.30169E-03 4.25439E-02 -1.74812E+01 
4.25439E-02 -6.26949E-03 2.73587E+01 -3.80343E+00 -3.80371E+00 -3.80358E+00 -3.80245E+00 2.73587E+01 -6.26949E-03 4.25439E-02 -1.58178E+01 
4.25439E-02 1.06322E-02 2.69454E+01 -3.71992E+00 -3.72021E+00 -3.72006E+00 -3.71890E+00 2.69454E+01 1.06322E-02 4.25439E-02 -1.38272E+01 
4.25439E-02 4.81825E-02 2.65517E+01 -3.61564E+00 -3.61593E+00 -3.61576E+00 -3.61455E+00 2.65517E+01 4.81825E-02 4.25439E-02 -1.14229E+01 
4.25439E-02 1.09485E-01 2.61811E+01 -3.48754E+00 -3.48783E+00 -3.48765E+00 -3.48639E+00 2.61811E+01 1.09485E-01 4.25439E-02 -8.50139E+00 
4.25439E-02 1.75404E-01 2.59129E+01 -3.36995E+00 -3.37025E+00 -3.37005E+00 -3.36876E+00 2.59129E+01 1.75404E-01 4.25439E-02 -5.80942E+00 
4.25439E-02 1.98008E-01 2.58378E+01 -3.33224E+00 -3.33254E+00 -3.33234E+00 -3.33104E+00 2.58378E+01 1.98008E-01 4.25439E-02 -4.94097E+00 
4.25439E-02 3.28427E-01 2.55030E+01 -3.12993E+00 -3.13024E+00 -3.13002E+00 -3.12866E+00 2.55030E+01 3.28427E-01 4.25439E-02 -2.22593E-01 
4.25439E-02 5.00487E-01 2.52109E+01 -2.88618E+00 -2.88649E+00 -2.88625E+00 -2.88484E+00 2.52109E+01 5.00487E-01 4.25439E-02 5.61000E+00 
4.25439E-02 7.20383E-01 2.49683E+01 -2.59488E+00 -2.59519E+00 -2.59492E+00 -2.59346E+00 2.49683E+01 7.20383E-01 4.25439E-02 1.27947E+01 
4.25439E-02 9.95111E-01 2.47825E+01 -2.24911E+00 -2.24942E+00 -2.24913E+00 -2.24760E+00 2.47825E+01 9.95111E-01 4.25439E-02 2.16027E+01 
2.56206E-01 1.30028E+00 2.46343E+01 -1.87401E+00 -1.87434E+00 -1.87401E+00 -1.87243E+00 2.46343E+01 1.30028E+00 2.56206E-01 3.22384E+01 
6.33201E-01 1.67243E+00 2.45538E+01 -1.43212E+00 -1.43244E+00 -1.43209E+00 -1.43044E+00 2.45538E+01 1.67243E+00 6.33201E-01 4.50264E+01 
1.09514E+00 2.12941E+00 2.45584E+01 -9.05461E-01 -9.05796E-01 -9.05406E-01 -9.03695E-01 2.45584E+01 2.12941E+00 1.09514E+00 6.03574E+01 
1.65446E+00 2.68368E+00 2.46612E+01 -2.81704E-01 -2.82044E-01 -2.81620E-01 -2.79840E-01 2.46612E+01 2.68368E+00 1.65446E+00 7.86534E+01 
2.32510E+00 3.34917E+00 2.48767E+01 4.52993E-01 4.52647E-01 4.53108E-01 4.54958E-01 2.48767E+01 3.34917E+00 2.32510E+00 1.00380E+02 
3.12259E+00 4.14142E+00 2.52212E+01 1.31408E+00 1.31373E+00 1.31423E+00 1.31615E+00 2.52212E+01 4.14142E+00 3.12259E+00 1.26047E+02 
4.06419E+00 5.07768E+00 2.57122E+01 2.31873E+00 2.31837E+00 2.31891E+00 2.32091E+00 2.57122E+01 5.07768E+00 4.06419E+00 1.56204E+02 
5.16898E+00 6.17705E+00 2.63696E+01 3.48594E+00 3.48558E+00 3.48617E+00 3.48824E+00 2.63696E+01 6.17705E+00 5.16898E+00 1.91444E+02 
6.45797E+00 7.46053E+00 2.72147E+01 4.83665E+00 4.83628E+00 4.83691E+00 4.83908E+00 2.72147E+01 7.46053E+00 6.45797E+00 2.32391E+02 
7.95414E+00 8.95111E+00 2.82710E+01 6.39379E+00 6.39342E+00 6.39410E+00 6.39635E+00 2.82710E+01 8.95111E+00 7.95414E+00 2.79707E+02 
9.68252E+00 1.06738E+01 2.95639E+01 8.18232E+00 8.18194E+00 8.18268E+00 8.18502E+00 2.95639E+01 1.06738E+01 9.68252E+00 3.34078E+02 
1.16702E+01 1.26558E+01 3.11208E+01 1.02293E+01 1.02289E+01 1.02297E+01 1.02321E+01 3.11208E+01 1.26558E+01 1.16702E+01 3.96209E+02 
1.39463E+01 1.49261E+01 3.29713E+01 1.25638E+01 1.25634E+01 1.25642E+01 1.25668E+01 3.29713E+01 1.49261E+01 1.39463E+01 4.66824E+02 
4.05597E-02 3.05432E-02 2.47473E+01 -3.35079E+00 -3.35109E+00 -3.35097E+00 -3.34978E+00 2.47473E+01 3.05432E-02 4.05597E-02 -1.79286E+01 
4.05597E-02 3.05432E-02 2.43482E+01 -3.31564E+00 -3.31594E+00 -3.31580E+00 -3.31457E+00 2.43482E+01 3.05432E-02 4.05597E-02 -1.68470E+01 
4.05597E-02 -3.05453E-03 2.39652E+01 -3.26862E+00 -3.26893E+00 -3.26877E+00 -3.26750E+00 2.39652E+01 -3.05453E-03 4.05597E-02 -1.55461E+01 
4.05597E-02 5.76945E-04 2.35992E+01 -3.20809E+00 -3.20840E+00 -3.20822E+00 -3.20691E+00 2.35992E+01 5.76945E-04 4.05597E-02 -1.39869E+01 
4.05597E-02 2.10670E-02 2.32487E+01 -3.13050E+00 -3.13082E+00 -3.13063E+00 -3.12927E+00 2.32487E+01 2.10670E-02 4.05597E-02 -1.21108E+01 
4.05597E-02 6.09726E-02 2.29167E+01 -3.03339E+00 -3.03371E+00 -3.03350E+00 -3.03209E+00 2.29167E+01 6.09726E-02 4.05597E-02 -9.83633E+00 
4.05597E-02 1.23143E-01 2.26065E+01 -2.91397E+00 -2.91429E+00 -2.91406E+00 -2.91260E+00 2.26065E+01 1.23143E-01 4.05597E-02 -7.06699E+00 
4.05597E-02 1.88530E-01 2.23837E+01 -2.80429E+00 -2.80462E+00 -2.80437E+00 -2.80287E+00 2.23837E+01 1.88530E-01 4.05597E-02 -4.51355E+00 
4.05597E-02 2.10755E-01 2.23217E+01 -2.76912E+00 -2.76945E+00 -2.76920E+00 -2.76769E+00 2.23217E+01 2.10755E-01 4.05597E-02 -3.68981E+00 
4.05597E-02 3.37814E-01 2.20476E+01 -2.58045E+00 -2.58078E+00 -2.58050E+00 -2.57893E+00 2.20476E+01 3.37814E-01 4.05597E-02 7.83486E-01 
4.05597E-02 5.03572E-01 2.18131E+01 -2.35325E+00 -2.35359E+00 -2.35328E+00 -2.35165E+00 2.18131E+01 5.03572E-01 4.05597E-02 6.30487E+00 
4.05597E-02 7.13661E-01 2.16243E+01 -2.08196E+00 -2.08231E+00 -2.08197E+00 -2.08028E+00 2.16243E+01 7.13661E-01 4.05597E-02 1.30911E+01 
4.05597E-02 9.74424E-01 2.14880E+01 -1.76031E+00 -1.76066E+00 -1.76029E+00 -1.75854E+00 2.14880E+01 9.74424E-01 4.05597E-02 2.13877E+01 
2.43660E-01 1.26404E+00 2.13866E+01 -1.41078E+00 -1.41114E+00 -1.41074E+00 -1.40892E+00 2.13866E+01 1.26404E+00 2.43660E-01 3.13510E+01 
6.00138E-01 1.61547E+00 2.13477E+01 -9.99579E-01 -9.99941E-01 -9.99505E-01 -9.97616E-01 2.13477E+01 1.61547E+00 6.00138E-01 4.32884E+01 
1.03458E+00 2.04477E+00 2.13869E+01 -5.10583E-01 -5.10951E-01 -5.10477E-01 -5.08517E-01 2.13869E+01 2.04477E+00 1.03458E+00 5.75536E+01 
1.55813E+00 2.56307E+00 2.15158E+01 6.72507E-02 6.68771E-02 6.73913E-02 6.94270E-02 2.15158E+01 2.56307E+00 1.55813E+00 7.45204E+01 
2.18318E+00 3.18278E+00 2.17475E+01 7.46255E-01 7.45876E-01 7.46433E-01 7.48547E-01 2.17475E+01 3.18278E+00 2.18318E+00 9.45989E+01 
2.92354E+00 3.91771E+00 2.20963E+01 1.54015E+00 1.53976E+00 1.54037E+00 1.54256E+00 2.20963E+01 3.91771E+00 2.92354E+00 1.18235E+02 
3.79445E+00 4.78309E+00 2.25777E+01 2.46411E+00 2.46372E+00 2.46437E+00 2.46665E+00 2.25777E+01 4.78309E+00 3.79445E+00 1.45907E+02 
4.81272E+00 5.79575E+00 2.32092E+01 3.53488E+00 3.53449E+00 3.53519E+00 3.53756E+00 2.32092E+01 5.79575E+00 4.81272E+00 1.78125E+02 
5.99675E+00 6.97409E+00 2.40095E+01 4.77081E+00 4.77041E+00 4.77116E+00 4.77362E+00 2.40095E+01 6.97409E+00 5.99675E+00 2.15427E+02 
7.36663E+00 8.33820E+00 2.49991E+01 6.19191E+00 6.19151E+00 6.19232E+00 6.19488E+00 2.49991E+01 8.33820E+00 7.36663E+00 2.58375E+02 
8.94408E+00 9.90980E+00 2.62001E+01 7.81988E+00 7.81947E+00 7.82035E+00 7.82300E+00 2.62001E+01 9.90980E+00 8.94408E+00 3.07547E+02 
1.07525E+01 1.17123E+01 2.76361E+01 9.67810E+00 9.67769E+00 9.67863E+00 9.68139E+00 2.76361E+01 1.17123E+01 1.07525E+01 3.63537E+02 
1.28171E+01 1.37709E+01 2.93326E+01 1.17916E+01 1.17912E+01 1.17922E+01 1.17951E+01 2.93326E+01 1.37709E+01 1.28171E+01 4.26944E+02 
3.86359E-02 4.04135E-02 2.13372E+01 -2.82953E+00 -2.82986E+00 -2.82970E+00 -2.82832E+00 2.13372E+01 4.04135E-02 3.86359E-02 -1.60304E+01 
3.86359E-02 4.04135E-02 2.09954E+01 -2.79719E+00 -2.79752E+00 -2.79734E+00 -2.79592E+00 2.09954E+01 4.04135E-02 3.86359E-02 -1.50209E+01 
3.86359E-02 -1.04900E-03 2.06684E+01 -2.75355E+00 -2.75389E+00 -2.75369E+00 -2.75222E+00 2.06684E+01 -1.04900E-03 3.86359E-02 -1.37995E+01 
3.86359E-02 6.64975E-03 2.03574E+01 -2.69710E+00 -2.69744E+00 -2.69722E+00 -2.69570E+00 2.03574E+01 6.64975E-03 3.86359E-02 -1.23304E+01 
3.86359E-02 3.02446E-02 2.00611E+01 -2.62459E+00 -2.62494E+00 -2.62470E+00 -2.62312E+00 2.00611E+01 3.02446E-02 3.86359E-02 -1.05548E+01 
3.86359E-02 7.20838E-02 1.97822E+01 -2.53374E+00 -2.53409E+00 -2.53383E+00 -2.53220E+00 1.97822E+01 7.20838E-02 3.86359E-02 -8.39644E+00 
3.86359E-02 1.34779E-01 1.95238E+01 -2.42199E+00 -2.42235E+00 -2.42206E+00 -2.42038E+00 1.95238E+01 1.34779E-01 3.86359E-02 -5.76524E+00 
3.86359E-02 1.99433E-01 1.93399E+01 -2.31940E+00 -2.31976E+00 -2.31945E+00 -2.31773E+00 1.93399E+01 1.99433E-01 3.86359E-02 -3.33913E+00 
3.86359E-02 2.21234E-01 1.92891E+01 -2.28651E+00 -2.28687E+00 -2.28656E+00 -2.28482E+00 1.92891E+01 2.21234E-01 3.86359E-02 -2.55673E+00 
3.86359E-02 3.44802E-01 1.90667E+01 -2.11016E+00 -2.11053E+00 -2.11018E+00 -2.10838E+00 1.90667E+01 3.44802E-01 3.86359E-02 1.68841E+00 
3.86359E-02 5.04300E-01 1.88810E+01 -1.89803E+00 -1.89840E+00 -1.89803E+00 -1.89616E+00 1.88810E+01 5.04300E-01 3.86359E-02 6.91771E+00 
3.86359E-02 7.04840E-01 1.87376E+01 -1.64507E+00 -1.64545E+00 -1.64504E+00 -1.64311E+00 1.87376E+01 7.04840E-01 3.86359E-02 1.33281E+01 
3.86359E-02 9.52159E-01 1.86425E+01 -1.34560E+00 -1.34599E+00 -1.34555E+00 -1.34354E+00 1.86425E+01 9.52159E-01 3.86359E-02 2.11412E+01 
2.31545E-01 1.22679E+00 1.85799E+01 -1.01966E+00 -1.02006E+00 -1.01957E+00 -1.01749E+00 1.85799E+01 1.22679E+00 2.31545E-01 3.04701E+01 
5.68373E-01 1.55840E+00 1.85749E+01 -6.36865E-01 -6.37263E-01 -6.36739E-01 -6.34584E-01 1.85749E+01 1.55840E+00 5.68373E-01 4.16062E+01 
9.76669E-01 1.96138E+00 1.86415E+01 -1.82765E-01 -1.83169E-01 -1.82602E-01 -1.80366E-01 1.86415E+01 1.96138E+00 9.76669E-01 5.48690E+01 
1.46636E+00 2.44566E+00 1.87900E+01 3.52493E-01 3.52082E-01 3.52697E-01 3.55015E-01 1.87900E+01 2.44566E+00 1.46636E+00 7.05884E+01 
2.04848E+00 3.02227E+00 1.90320E+01 9.79871E-01 9.79455E-01 9.80119E-01 9.82524E-01 1.90320E+01 3.02227E+00 2.04848E+00 8.91243E+01 
2.73524E+00 3.70343E+00 1.93801E+01 1.71152E+00 1.71109E+00 1.71181E+00 1.71431E+00 1.93801E+01 3.70343E+00 2.73524E+00 1.10865E+02 
3.54008E+00 4.50259E+00 1.98482E+01 2.56081E+00 2.56038E+00 2.56116E+00 2.56375E+00 1.98482E+01 4.50259E+00 3.54008E+00 1.36225E+02 
4.47774E+00 5.43448E+00 2.04514E+01 3.54245E+00 3.54202E+00 3.54285E+00 3.54554E+00 2.04514E+01 5.43448E+00 4.47774E+00 1.65642E+02 
5.56433E+00 6.51522E+00 2.12061E+01 4.67248E+00 4.67204E+00 4.67294E+00 4.67572E+00 2.12061E+01 6.51522E+00 5.56433E+00 1.99576E+02 
6.81730E+00 7.76227E+00 2.21302E+01 5.96831E+00 5.96786E+00 5.96883E+00 5.97172E+00 2.21302E+01 7.76227E+00 6.81730E+00 2.38502E+02 
8.25547E+00 9.19444E+00 2.32427E+01 7.44872E+00 7.44827E+00 7.44931E+00 7.45231E+00 2.32427E+01 9.19444E+00 8.25547E+00 2.82906E+02 
9.89904E+00 1.08319E+01 2.45642E+01 9.13386E+00 9.13340E+00 9.13452E+00 9.13763E+00 2.45642E+01 1.08319E+01 9.89904E+00 3.33282E+02 
1.17695E+01 1.26962E+01 2.61163E+01 1.10452E+01 1.10447E+01 1.10459E+01 1.10491E+01 2.61163E+01 1.26962E+01 1.17695E+01 3.90123E+02 
3.67688E-02 4.89991E-02 1.83962E+01 -2.38275E+00 -2.38312E+00 -2.38292E+00 -2.38134E+00 1.83962E+01 4.89991E-02 3.67688E-02 -1.43255E+01 
3.67688E-02 4.89991E-02 1.81040E+01 -2.35262E+00 -2.35299E+00 -2.35277E+00 -2.35113E+00 1.81040E+01 4.89991E-02 3.67688E-02 -1.33766E+01 
3.67688E-02 7.33098E-04 1.78256E+01 -2.31174E+00 -2.31211E+00 -2.31187E+00 -2.31018E+00 1.78256E+01 7.33098E-04 3.67688E-02 -1.22230E+01 
3.67688E-02 1.20065E-02 1.75620E+01 -2.25871E+00 -2.25910E+00 -2.25883E+00 -2.25708E+00 1.75620E+01 1.20065E-02 3.67688E-02 -1.08324E+01 
3.67688E-02 3.82577E-02 1.73124E+01 -2.19058E+00 -2.19097E+00 -2.19067E+00 -2.18887E+00 1.73124E+01 3.82577E-02 3.67688E-02 -9.14577E+00 
3.67688E-02 8.16394E-02 1.70792E+01 -2.10523E+00 -2.10562E+00 -2.10531E+00 -2.10345E+00 1.70792E+01 8.16394E-02 3.67688E-02 -7.09185E+00 
3.67688E-02 1.44541E-01 1.68652E+01 -2.00033E+00 -2.00073E+00 -2.00039E+00 -1.99846E+00 1.68652E+01 1.44541E-01 3.67688E-02 -4.58706E+00 
3.67688E-02 2.08276E-01 1.67146E+01 -1.90412E+00 -1.90452E+00 -1.90415E+00 -1.90218E+00 1.67146E+01 2.08276E-01 3.67688E-02 -2.27883E+00 
3.67688E-02 2.29610E-01 1.66733E+01 -1.87329E+00 -1.87369E+00 -1.87331E+00 -1.87133E+00 1.66733E+01 2.29610E-01 3.67688E-02 -1.53490E+00 
3.67688E-02 3.49568E-01 1.64949E+01 -1.70814E+00 -1.70855E+00 -1.70814E+00 -1.70609E+00 1.64949E+01 3.49568E-01 3.67688E-02 2.49659E+00 
3.67688E-02 5.02850E-01 1.63505E+01 -1.50981E+00 -1.51022E+00 -1.50977E+00 -1.50765E+00 1.63505E+01 5.02850E-01 3.67688E-02 7.45053E+00 
3.67688E-02 6.94086E-01 1.62451E+01 -1.27370E+00 -1.27412E+00 -1.27364E+00 -1.27143E+00 1.62451E+01 6.94086E-01 3.67688E-02 1.35053E+01 
3.67688E-02 9.28455E-01 1.61842E+01 -9.94701E-01 -9.95128E-01 -9.94598E-01 -9.92315E-01 1.61842E+01 9.28455E-01 3.67688E-02 2.08602E+01 
2.19835E-01 1.18864E+00 1.61536E+01 -6.90604E-01 -6.91037E-01 -6.90462E-01 -6.88098E-01 1.61536E+01 1.18864E+00 2.19835E-01 2.95899E+01 
5.37831E-01 1.50127E+00 1.61759E+01 -3.34162E-01 -3.34600E-01 -3.33977E-01 -3.31528E-01 1.61759E+01 1.50127E+00 5.37831E-01 3.99705E+01 
9.21240E-01 1.87923E+00 1.62638E+01 8.75341E-02 8.70902E-02 8.77637E-02 9.03013E-02 1.62638E+01 1.87923E+00 9.21240E-01 5.22901E+01 
1.37890E+00 2.33133E+00 1.64263E+01 5.83256E-01 5.82806E-01 5.83534E-01 5.86164E-01 1.64263E+01 2.33133E+00 1.37890E+00 6.68390E+01 
1.92057E+00 2.86736E+00 1.66738E+01 1.16272E+00 1.16227E+00 1.16305E+00 1.16578E+00 1.66738E+01 2.86736E+00 1.92057E+00 8.39315E+01 
2.55705E+00 3.49810E+00 1.70173E+01 1.83665E+00 1.83619E+00 1.83704E+00 1.83987E+00 1.70173E+01 3.49810E+00 2.55705E+00 1.03904E+02 
3.30014E+00 4.23537E+00 1.74691E+01 2.61682E+00 2.61635E+00 2.61727E+00 2.62020E+00 1.74691E+01 4.23537E+00 3.30014E+00 1.27115E+02 
4.16274E+00 5.09208E+00 1.80424E+01 3.51608E+00 3.51560E+00 3.51659E+00 3.51963E+00 1.80424E+01 5.09208E+00 4.16274E+00 1.53938E+02 
5.15888E+00 6.08224E+00 1.87514E+01 4.54840E+00 4.54792E+00 4.54898E+00 4.55213E+00 1.87514E+01 6.08224E+00 5.15888E+00 1.84763E+02 
6.30370E+00 7.22101E+00 1.96116E+01 5.72888E+00 5.72840E+00 5.72954E+00 5.73280E+00 1.96116E+01 7.22101E+00 6.30370E+00 2.19990E+02 
7.61342E+00 8.52461E+00 2.06396E+01 7.07373E+00 7.07324E+00 7.07446E+00 7.07785E+00 2.06396E+01 8.52461E+00 7.61342E+00 2.60024E+02 
9.10537E+00 1.00104E+01 2.18528E+01 8.60023E+00 8.59974E+00 8.60105E+00 8.60456E+00 2.18528E+01 1.00104E+01 9.10537E+00 3.05273E+02 
1.07979E+01 1.16966E+01 2.32698E+01 1.03267E+01 1.03262E+01 1.03276E+01 1.03312E+01 2.32698E+01 1.16966E+01 1.07979E+01 3.56140E+02 
3.49558E-02 5.63982E-02 1.58598E+01 -1.99998E+00 -2.00039E+00 -2.00016E+00 -1.99834E+00 1.58598E+01 5.63982E-02 3.49558E-02 -1.27934E+01 
3.49558E-02 5.63982E-02 1.56105E+01 -1.97156E+00 -1.97198E+00 -1.97172E+00 -1.96984E+00 1.56105E+01 5.63982E-02 3.49558E-02 -1.18954E+01 
3.49558E-02 2.30896E-03 1.53741E+01 -1.93293E+00 -1.93335E+00 -1.93306E+00 -1.93113E+00 1.53741E+01 2.30896E-03 3.49558E-02 -1.08000E+01 
3.49558E-02 1.67020E-02 1.51515E+01 -1.88281E+00 -1.88324E+00 -1.88292E+00 -1.88093E+00 1.51515E+01 1.67020E-02 3.49558E-02 -9.47804E+00 
3.49558E-02 4.51954E-02 1.49421E+01 -1.81848E+00 -1.81891E+00 -1.81856E+00 -1.81651E+00 1.49421E+01 4.51954E-02 3.49558E-02 -7.87083E+00 
3.49558E-02 8.97585E-02 1.47481E+01 -1.73801E+00 -1.73845E+00 -1.73807E+00 -1.73595E+00 1.47481E+01 8.97585E-02 3.49558E-02 -5.91183E+00 
3.49558E-02 1.52572E-01 1.45721E+01 -1.63927E+00 -1.63971E+00 -1.63929E+00 -1.63711E+00 1.45721E+01 1.52572E-01 3.49558E-02 -3.52361E+00 
3.49558E-02 2.15220E-01 1.44500E+01 -1.54883E+00 -1.54927E+00 -1.54883E+00 -1.54659E+00 1.44500E+01 2.15220E-01 3.49558E-02 -1.32528E+00 
3.49558E-02 2.36049E-01 1.44168E+01 -1.51988E+00 -1.52032E+00 -1.51987E+00 -1.51762E+00 1.44168E+01 2.36049E-01 3.49558E-02 -6.17397E-01 
3.49558E-02 3.52290E-01 1.42757E+01 -1.36498E+00 -1.36543E+00 -1.36494E+00 -1.36261E+00 1.42757E+01 3.52290E-01 3.49558E-02 3.21296E+00 
3.49558E-02 4.99405E-01 1.41662E+01 -1.17932E+00 -1.17978E+00 -1.17925E+00 -1.17683E+00 1.41662E+01 4.99405E-01 3.49558E-02 7.90627E+00 
3.49558E-02 6.81574E-01 1.40925E+01 -9.58776E-01 -9.59240E-01 -9.58662E-01 -9.56161E-01 1.40925E+01 6.81574E-01 3.49558E-02 1.36235E+01 
3.49558E-02 9.03464E-01 1.40597E+01 -6.98712E-01 -6.99182E-01 -6.98555E-01 -6.95967E-01 1.40597E+01 9.03464E-01 3.49558E-02 2.05434E+01 
2.08511E-01 1.14971E+00 1.40552E+01 -4.14908E-01 -4.15383E-01 -4.14704E-01 -4.12025E-01 1.40552E+01 1.14971E+00 2.08511E-01 2.87065E+01 
5.08452E-01 1.44418E+00 1.40994E+01 -8.29819E-02 -8.34627E-02 -8.27276E-02 -7.99541E-02 1.40994E+01 1.44418E+00 5.08452E-01 3.83745E+01 
8.68169E-01 1.79832E+00 1.42033E+01 3.08567E-01 3.08080E-01 3.08876E-01 3.11747E-01 1.42033E+01 1.79832E+00 8.68169E-01 4.98066E+01 
1.29550E+00 2.21998E+00 1.43753E+01 7.67525E-01 7.67033E-01 7.67892E-01 7.70866E-01 1.43753E+01 2.21998E+00 1.29550E+00 6.32571E+01 
1.79908E+00 2.71781E+00 1.46243E+01 1.30248E+00 1.30198E+00 1.30291E+00 1.30599E+00 1.46243E+01 2.71781E+00 1.79908E+00 7.89994E+01 
2.38840E+00 3.30128E+00 1.49601E+01 1.92288E+00 1.92237E+00 1.92337E+00 1.92656E+00 1.49601E+01 3.30128E+00 2.38840E+00 9.73246E+01 
3.07379E+00 3.98076E+00 1.53933E+01 2.63901E+00 2.63851E+00 2.63958E+00 2.64289E+00 1.53933E+01 3.98076E+00 3.07379E+00 1.18539E+02 
3.86653E+00 4.76749E+00 1.59356E+01 3.46211E+00 3.46160E+00 3.46276E+00 3.46618E+00 1.59356E+01 4.76749E+00 3.86653E+00 1.42960E+02 
4.77877E+00 5.67365E+00 1.65993E+01 4.40430E+00 4.40378E+00 4.40502E+00 4.40858E+00 1.65993E+01 5.67365E+00 4.77877E+00 1.70918E+02 
5.82358E+00 6.71232E+00 1.73978E+01 5.47861E+00 5.47809E+00 5.47943E+00 5.48311E+00 1.73978E+01 6.71232E+00 5.82358E+00 2.02746E+02 
7.01492E+00 7.89744E+00 1.83452E+01 6.69897E+00 6.69844E+00 6.69988E+00 6.70370E+00 1.83452E+01 7.89744E+00 7.01492E+00 2.38780E+02 
8.36757E+00 9.24382E+00 1.94565E+01 8.08015E+00 8.07962E+00 8.08116E+00 8.08511E+00 1.94565E+01 9.24382E+00 8.36757E+00 2.79353E+02 
9.89712E+00 1.07670E+01 2.07476E+01 9.63770E+00 9.63716E+00 9.63881E+00 9.64291E+00 2.07476E+01 1.07670E+01 9.89712E+00 3.24791E+02 
3.31953E-02 6.27046E-02 1.36724E+01 -1.67220E+00 -1.67266E+00 -1.67238E+00 -1.67032E+00 1.36724E+01 6.27046E-02 3.31953E-02 -1.14155E+01 
3.31953E-02 6.27046E-02 1.34603E+01 -1.64511E+00 -1.64557E+00 -1.64526E+00 -1.64313E+00 1.34603E+01 6.27046E-02 3.31953E-02 -1.05605E+01 
3.31953E-02 3.69478E-03 1.32601E+01 -1.60832E+00 -1.60879E+00 -1.60845E+00 -1.60625E+00 1.32601E+01 3.69478E-03 3.31953E-02 -9.51539E+00 
3.31953E-02 2.07882E-02 1.30728E+01 -1.56068E+00 -1.56115E+00 -1.56078E+00 -1.55852E+00 1.30728E+01 2.07882E-02 3.31953E-02 -8.25409E+00 
3.31953E-02 5.11424E-02 1.28980E+01 -1.49968E+00 -1.50016E+00 -1.49975E+00 -1.49742E+00 1.28980E+01 5.11424E-02 3.31953E-02 -6.71834E+00 
3.31953E-02 9.65552E-02 1.27377E+01 -1.42357E+00 -1.42405E+00 -1.42361E+00 -1.42120E+00 1.27377E+01 9.65552E-02 3.31953E-02 -4.84628E+00 
3.31953E-02 1.59013E-01 1.25942E+01 -1.33040E+00 -1.33088E+00 -1.33040E+00 -1.32792E+00 1.25942E+01 1.59013E-01 3.31953E-02 -2.56642E+00 
3.31953E-02 2.20420E-01 1.24963E+01 -1.24523E+00 -1.24572E+00 -1.24520E+00 -1.24266E+00 1.24963E+01 2.20420E-01 3.31953E-02 -4.71210E-01 
3.31953E-02 2.40709E-01 1.24700E+01 -1.21800E+00 -1.21849E+00 -1.21796E+00 -1.21541E+00 1.24700E+01 2.40709E-01 3.31953E-02 2.02706E-01 
3.31953E-02 3.53144E-01 1.23605E+01 -1.07252E+00 -1.07302E+00 -1.07245E+00 -1.06980E+00 1.23605E+01 3.53144E-01 3.31953E-02 3.84278E+00 
3.31953E-02 4.94145E-01 1.22802E+01 -8.98582E-01 -8.99086E-01 -8.98459E-01 -8.95722E-01 1.22802E+01 4.94145E-01 3.31953E-02 8.28849E+00 
3.31953E-02 6.67481E-01 1.22329E+01 -6.92446E-01 -6.92955E-01 -6.92274E-01 -6.89444E-01 1.22329E+01 6.67481E-01 3.31953E-02 1.36847E+01 
3.31953E-02 8.77344E-01 1.22232E+01 -4.49960E-01 -4.50475E-01 -4.49737E-01 -4.46809E-01 1.22232E+01 8.77344E-01 3.31953E-02 2.01910E+01 
1.97559E-01 1.11015E+00 1.22397E+01 -1.85059E-01 -1.85580E-01 -1.84779E-01 -1.81751E-01 1.22397E+01 1.11015E+00 1.97559E-01 2.78179E+01 
4.80187E-01 1.38722E+00 1.23009E+01 1.24009E-01 1.23483E-01 1.24350E-01 1.27483E-01 1.23009E+01 1.38722E+00 4.80187E-01 3.68134E+01 
8.17348E-01 1.71872E+00 1.24166E+01 4.87465E-01 4.86932E-01 4.87870E-01 4.91113E-01 1.24166E+01 1.71872E+00 8.17348E-01 4.74103E+01 
1.21598E+00 2.11159E+00 1.25942E+01 9.12197E-01 9.11659E-01 9.12672E-01 9.16029E-01 1.25942E+01 2.11159E+00 1.21598E+00 5.98303E+01 
1.68368E+00 2.57345E+00 1.28414E+01 1.40577E+00 1.40523E+00 1.40632E+00 1.40980E+00 1.28414E+01 2.57345E+00 1.68368E+00 7.43102E+01 
2.22877E+00 3.11263E+00 1.31670E+01 1.97648E+00 1.97593E+00 1.97711E+00 1.98071E+00 1.31670E+01 3.11263E+00 2.22877E+00 9.11001E+01 
2.86029E+00 3.73814E+00 1.35802E+01 2.63330E+00 2.63275E+00 2.63402E+00 2.63774E+00 1.35802E+01 3.73814E+00 2.86029E+00 1.10461E+02 
3.58802E+00 4.45979E+00 1.40910E+01 3.38600E+00 3.38544E+00 3.38681E+00 3.39067E+00 1.40910E+01 4.45979E+00 3.58802E+00 1.32662E+02 
4.42247E+00 5.28809E+00 1.47103E+01 4.24505E+00 4.24449E+00 4.24595E+00 4.24995E+00 1.47103E+01 5.28809E+00 4.42247E+00 1.57978E+02 
5.37488E+00 6.23428E+00 1.54493E+01 5.22167E+00 5.22111E+00 5.22268E+00 5.22682E+00 1.54493E+01 6.23428E+00 5.37488E+00 1.86686E+02 
6.45718E+00 7.31030E+00 1.63203E+01 6.32777E+00 6.32720E+00 6.32889E+00 6.33318E+00 1.63203E+01 7.31030E+00 6.45718E+00 2.19061E+02 
7.68196E+00 8.52874E+00 1.73361E+01 7.57590E+00 7.57533E+00 7.57714E+00 7.58159E+00 1.73361E+01 8.52874E+00 7.68196E+00 2.55375E+02 
9.06237E+00 9.90277E+00 1.85099E+01 8.97922E+00 8.97864E+00 8.98058E+00 8.98519E+00 1.85099E+01 9.90277E+00 9.06237E+00 2.95887E+02 
3.14861E-02 6.80067E-02 1.17860E+01 -1.39167E+00 -1.39217E+00 -1.39185E+00 -1.38951E+00 1.17860E+01 6.80067E-02 3.14861E-02 -1.01756E+01 
3.14861E-02 6.80067E-02 1.16060E+01 -1.36559E+00 -1.36610E+00 -1.36574E+00 -1.36332E+00 1.16060E+01 6.80067E-02 3.14861E-02 -9.35697E+00 
3.14861E-02 4.90567E-03 1.14372E+01 -1.33032E+00 -1.33084E+00 -1.33044E+00 -1.32795E+00 1.14372E+01 4.90567E-03 3.14861E-02 -8.35565E+00 
3.14861E-02 2.43138E-02 1.12803E+01 -1.28482E+00 -1.28534E+00 -1.28490E+00 -1.28234E+00 1.12803E+01 2.43138E-02 3.14861E-02 -7.14835E+00 
3.14861E-02 5.61787E-02 1.11352E+01 -1.22678E+00 -1.22730E+00 -1.22682E+00 -1.22418E+00 1.11352E+01 5.61787E-02 3.14861E-02 -5.67752E+00 
3.14861E-02 1.02138E-01 1.10038E+01 -1.15460E+00 -1.15513E+00 -1.15460E+00 -1.15188E+00 1.10038E+01 1.02138E-01 3.14861E-02 -3.88582E+00 
3.14861E-02 1.63998E-01 1.08881E+01 -1.06650E+00 -1.06704E+00 -1.06646E+00 -1.06366E+00 1.08881E+01 1.63998E-01 3.14861E-02 -1.70742E+00 
3.14861E-02 2.24027E-01 1.08106E+01 -9.86180E-01 -9.86721E-01 -9.86111E-01 -9.83237E-01 1.08106E+01 2.24027E-01 3.14861E-02 2.90433E-01 
3.14861E-02 2.43745E-01 1.07902E+01 -9.60534E-01 -9.61075E-01 -9.60454E-01 -9.57560E-01 1.07902E+01 2.43745E-01 3.14861E-02 9.32175E-01 
3.14861E-02 3.52300E-01 1.07074E+01 -8.23761E-01 -8.24309E-01 -8.23630E-01 -8.20639E-01 1.07074E+01 3.52300E-01 3.14861E-02 4.39142E+00 
3.14861E-02 4.87250E-01 1.06515E+01 -6.60684E-01 -6.61238E-01 -6.60498E-01 -6.57406E-01 1.06515E+01 4.87250E-01 3.14861E-02 8.60121E+00 
3.14861E-02 6.51985E-01 1.06259E+01 -4.67945E-01 -4.68504E-01 -4.67700E-01 -4.64503E-01 1.06259E+01 6.51985E-01 3.14861E-02 1.36913E+01 
3.14861E-02 8.50260E-01 1.06348E+01 -2.41818E-01 -2.42383E-01 -2.41511E-01 -2.38206E-01 1.06348E+01 8.50260E-01 3.14861E-02 1.98039E+01 
1.86968E-01 1.07011E+00 1.06682E+01 5.42864E-03 4.85827E-03 5.80358E-03 9.22091E-03 1.06682E+01 1.07011E+00 1.86968E-01 2.69231E+01 
4.52997E-01 1.33051E+00 1.07424E+01 2.93145E-01 2.92569E-01 2.93592E-01 2.97127E-01 1.07424E+01 1.33051E+00 4.52997E-01 3.52839E+01 
7.68688E-01 1.64048E+00 1.08663E+01 6.30383E-01 6.29803E-01 6.30909E-01 6.34565E-01 1.08663E+01 1.64048E+00 7.68688E-01 4.50949E+01 
1.14016E+00 2.00613E+00 1.10463E+01 1.02322E+00 1.02264E+00 1.02383E+00 1.02761E+00 1.10463E+01 2.00613E+00 1.14016E+00 5.65486E+01 
1.57408E+00 2.43416E+00 1.12892E+01 1.47831E+00 1.47772E+00 1.47901E+00 1.48292E+00 1.12892E+01 2.43416E+00 1.57408E+00 6.98489E+01 
2.07773E+00 2.93183E+00 1.16027E+01 2.00287E+00 2.00228E+00 2.00367E+00 2.00772E+00 1.16027E+01 2.93183E+00 2.07773E+00 8.52094E+01 
2.65895E+00 3.50700E+00 1.19948E+01 2.60475E+00 2.60415E+00 2.60565E+00 2.60984E+00 1.19948E+01 3.50700E+00 2.65895E+00 1.02851E+02 
3.32623E+00 4.16815E+00 1.24741E+01 3.29238E+00 3.29178E+00 3.29338E+00 3.29772E+00 1.24741E+01 4.16815E+00 3.32623E+00 1.23000E+02 
4.08860E+00 4.92432E+00 1.30500E+01 4.07477E+00 4.07417E+00 4.07589E+00 4.08039E+00 1.30500E+01 4.92432E+00 4.08860E+00 1.45885E+02 
4.95569E+00 5.78515E+00 1.37322E+01 4.96155E+00 4.96094E+00 4.96279E+00 4.96745E+00 1.37322E+01 5.78515E+00 4.95569E+00 1.71733E+02 
5.93765E+00 6.76080E+00 1.45310E+01 5.96283E+00 5.96222E+00 5.96421E+00 5.96903E+00 1.45310E+01 6.76080E+00 5.93765E+00 2.00768E+02 
7.04514E+00 7.86191E+00 1.54573E+01 7.08925E+00 7.08864E+00 7.09077E+00 7.09576E+00 1.54573E+01 7.86191E+00 7.04514E+00 2.33206E+02 
8.28921E+00 9.09955E+00 1.65223E+01 8.35186E+00 8.35124E+00 8.35352E+00 8.35869E+00 1.65223E+01 9.09955E+00 8.28921E+00 2.69254E+02 
2.98277E-02 7.23885E-02 1.01591E+01 -1.15171E+00 -1.15227E+00 -1.15189E+00 -1.14924E+00 1.01591E+01 7.23885E-02 2.98277E-02 -9.05900E+00 
2.98277E-02 7.23885E-02 1.00069E+01 -1.12641E+00 -1.12697E+00 -1.12655E+00 -1.12382E+00 1.00069E+01 7.23885E-02 2.98277E-02 -8.27139E+00 
2.98277E-02 5.95580E-03 9.86518E+00 -1.09241E+00 -1.09298E+00 -1.09251E+00 -1.08970E+00 9.86518E+00 5.95580E-03 2.98277E-02 -7.30852E+00 
2.98277E-02 2.73247E-02 9.73453E+00 -1.04877E+00 -1.04935E+00 -1.04883E+00 -1.04593E+00 9.73453E+00 2.73247E-02 2.98277E-02 -6.14976E+00 
2.98277E-02 6.03799E-02 9.61499E+00 -9.93379E-01 -9.93959E-01 -9.93393E-01 -9.90406E-01 9.61499E+00 6.03799E-02 2.98277E-02 -4.73847E+00 
2.98277E-02 1.06610E-01 9.50825E+00 -9.24774E-01 -9.25359E-01 -9.24740E-01 -9.21663E-01 9.50825E+00 1.06610E-01 2.98277E-02 -3.02167E+00 
2.98277E-02 1.67652E-01 9.41613E+00 -8.41347E-01 -8.41938E-01 -8.41262E-01 -8.38090E-01 9.41613E+00 1.67652E-01 2.98277E-02 -9.38951E-01 
2.98277E-02 2.26183E-01 9.35612E+00 -7.65506E-01 -7.66101E-01 -7.65379E-01 -7.62133E-01 9.35612E+00 2.26183E-01 2.98277E-02 9.66478E-01 
2.98277E-02 2.45304E-01 9.34059E+00 -7.41327E-01 -7.41923E-01 -7.41187E-01 -7.37919E-01 9.34059E+00 2.45304E-01 2.98277E-02 1.57760E+00 
2.98277E-02 3.49922E-01 9.28020E+00 -6.12639E-01 -6.13241E-01 -6.12437E-01 -6.09060E-01 9.28020E+00 3.49922E-01 2.98277E-02 4.86434E+00 
2.98277E-02 4.78893E-01 9.24454E+00 -4.59677E-01 -4.60284E-01 -4.59409E-01 -4.55919E-01 9.24454E+00 4.78893E-01 2.98277E-02 8.84876E+00 
2.98277E-02 6.35258E-01 9.23684E+00 -2.79428E-01 -2.80040E-01 -2.79089E-01 -2.75483E-01 9.23684E+00 6.35258E-01 2.98277E-02 1.36467E+01 
2.98277E-02 8.22373E-01 9.26062E+00 -6.85622E-02 -6.91800E-02 -6.81479E-02 -6.44208E-02 9.26062E+00 8.22373E-01 2.98277E-02 1.93840E+01 
1.76731E-01 1.02974E+00 9.30715E+00 1.62160E-01 1.61538E-01 1.62656E-01 1.66508E-01 9.30715E+00 1.02974E+00 1.76731E-01 2.60224E+01 
4.26850E-01 1.27419E+00 9.39104E+00 4.29897E-01 4.29270E-01 4.30481E-01 4.34463E-01 9.39104E+00 1.27419E+00 4.26850E-01 3.37841E+01 
7.22111E-01 1.56369E+00 9.52008E+00 7.42643E-01 7.42012E-01 7.43319E-01 7.47437E-01 9.52008E+00 1.56369E+00 7.22111E-01 4.28558E+01 
1.06789E+00 1.90361E+00 9.69986E+00 1.10574E+00 1.10510E+00 1.10652E+00 1.11077E+00 9.69986E+00 1.90361E+00 1.06789E+00 5.34037E+01 
1.47002E+00 2.29982E+00 9.93646E+00 1.52500E+00 1.52436E+00 1.52588E+00 1.53029E+00 9.93646E+00 2.29982E+00 1.47002E+00 6.56025E+01 
1.93484E+00 2.75863E+00 1.02364E+01 2.00673E+00 2.00609E+00 2.00773E+00 2.01228E+00 1.02364E+01 2.75863E+00 1.93484E+00 7.96334E+01 
2.46915E+00 3.28685E+00 1.06067E+01 2.55771E+00 2.55706E+00 2.55882E+00 2.56354E+00 1.06067E+01 3.28685E+00 2.46915E+00 9.56823E+01 
3.08025E+00 3.89180E+00 1.10549E+01 3.18520E+00 3.18455E+00 3.18645E+00 3.19133E+00 1.10549E+01 3.89180E+00 3.08025E+00 1.13938E+02 
3.77588E+00 4.58121E+00 1.15888E+01 3.89695E+00 3.89630E+00 3.89833E+00 3.90339E+00 1.15888E+01 4.58121E+00 3.77588E+00 1.34587E+02 
4.56426E+00 5.36331E+00 1.22168E+01 4.70114E+00 4.70049E+00 4.70267E+00 4.70790E+00 1.22168E+01 5.36331E+00 4.56426E+00 1.57816E+02 
5.45397E+00 6.24669E+00 1.29478E+01 5.60634E+00 5.60569E+00 5.60802E+00 5.61343E+00 1.29478E+01 6.24669E+00 5.45397E+00 1.83805E+02 
6.45397E+00 7.24031E+00 1.37906E+01 6.62150E+00 6.62085E+00 6.62335E+00 6.62895E+00 1.37906E+01 7.24031E+00 6.45397E+00 2.12723E+02 
7.57350E+00 8.35341E+00 1.47548E+01 7.75584E+00 7.75519E+00 7.75786E+00 7.76366E+00 1.47548E+01 8.35341E+00 7.57350E+00 2.44730E+02 
2.82195E-02 7.59286E-02 8.75610E+00 -9.46600E-01 -9.47217E-01 -9.46768E-01 -9.43767E-01 8.75610E+00 7.59286E-02 2.82195E-02 -8.05257E+00 
2.82195E-02 7.59286E-02 8.62798E+00 -9.21885E-01 -9.22508E-01 -9.22007E-01 -9.18917E-01 8.62798E+00 7.59286E-02 2.82195E-02 -7.29165E+00 
2.82195E-02 6.85837E-03 8.50955E+00 -8.88966E-01 -8.89595E-01 -8.89039E-01 -8.85857E-01 8.50955E+00 6.85837E-03 2.82195E-02 -6.36289E+00 
2.82195E-02 2.98637E-02 8.40146E+00 -8.46977E-01 -8.47610E-01 -8.46998E-01 -8.43722E-01 8.40146E+00 2.98637E-02 2.82195E-02 -5.24824E+00 
2.82195E-02 6.38170E-02 8.30381E+00 -7.93984E-01 -7.94623E-01 -7.93950E-01 -7.90576E-01 8.30381E+00 6.38170E-02 2.82195E-02 -3.89210E+00 
2.82195E-02 1.10068E-01 8.21814E+00 -7.28664E-01 -7.29308E-01 -7.28572E-01 -7.25097E-01 8.21814E+00 1.10068E-01 2.82195E-02 -2.24568E+00 
2.82195E-02 1.70097E-01 8.14608E+00 -6.49559E-01 -6.50208E-01 -6.49405E-01 -6.45825E-01 8.14608E+00 1.70097E-01 2.82195E-02 -2.53750E-01 
2.82195E-02 2.27024E-01 8.10078E+00 -5.77882E-01 -5.78535E-01 -5.77678E-01 -5.74014E-01 8.10078E+00 2.27024E-01 2.82195E-02 1.56349E+00 
2.82195E-02 2.45528E-01 8.08940E+00 -5.55070E-01 -5.55724E-01 -5.54850E-01 -5.51161E-01 8.08940E+00 2.45528E-01 2.82195E-02 2.14534E+00 
2.82195E-02 3.46166E-01 8.04773E+00 -4.33924E-01 -4.34583E-01 -4.33629E-01 -4.29819E-01 8.04773E+00 3.46166E-01 2.82195E-02 5.26698E+00 
2.82195E-02 4.69239E-01 8.02883E+00 -2.90414E-01 -2.91078E-01 -2.90038E-01 -2.86103E-01 8.02883E+00 4.69239E-01 2.82195E-02 9.03562E+00 
2.82195E-02 6.17467E-01 8.03556E+00 -1.21843E-01 -1.22512E-01 -1.21382E-01 -1.17317E-01 8.03556E+00 6.17467E-01 2.82195E-02 1.35542E+01 
2.82195E-02 7.93840E-01 8.07107E+00 7.47574E-02 7.40837E-02 7.53087E-02 7.95086E-02 8.07107E+00 7.93840E-01 2.82195E-02 1.89337E+01 
1.66842E-01 9.89178E-01 8.12770E+00 2.89983E-01 2.89305E-01 2.90632E-01 2.94971E-01 8.12770E+00 9.89178E-01 1.66842E-01 2.51165E+01 
4.01718E-01 1.21837E+00 8.21843E+00 5.38999E-01 5.38318E-01 5.39752E-01 5.44236E-01 8.21843E+00 1.21837E+00 4.01718E-01 3.23129E+01 
6.77548E-01 1.48842E+00 8.35009E+00 8.28839E-01 8.28154E-01 8.29704E-01 8.34338E-01 8.35009E+00 1.48842E+00 6.77548E-01 4.06894E+01 
9.99032E-01 1.80404E+00 8.52761E+00 1.16418E+00 1.16349E+00 1.16516E+00 1.16996E+00 8.52761E+00 1.80404E+00 9.99032E-01 5.03888E+01 
1.37126E+00 2.17033E+00 8.75625E+00 1.55009E+00 1.54940E+00 1.55120E+00 1.55616E+00 8.75625E+00 2.17033E+00 1.37126E+00 6.15596E+01 
1.79973E+00 2.59278E+00 9.04170E+00 1.99204E+00 1.99135E+00 1.99329E+00 1.99841E+00 9.04170E+00 2.59278E+00 1.79973E+00 7.43548E+01 
2.29030E+00 3.07726E+00 9.38999E+00 2.49587E+00 2.49518E+00 2.49726E+00 2.50256E+00 9.38999E+00 3.07726E+00 2.29030E+00 8.89293E+01 
2.84922E+00 3.63003E+00 9.80755E+00 3.06783E+00 3.06713E+00 3.06937E+00 3.07485E+00 9.80755E+00 3.63003E+00 2.84922E+00 1.05439E+02 
3.48312E+00 4.25771E+00 1.03011E+01 3.71449E+00 3.71380E+00 3.71620E+00 3.72187E+00 1.03011E+01 4.25771E+00 3.48312E+00 1.24036E+02 
4.19893E+00 4.96726E+00 1.08778E+01 4.44281E+00 4.44212E+00 4.44469E+00 4.45055E+00 1.08778E+01 4.96726E+00 4.19893E+00 1.44870E+02 
5.00389E+00 5.76590E+00 1.15449E+01 5.26000E+00 5.25931E+00 5.26206E+00 5.26813E+00 1.15449E+01 5.76590E+00 5.00389E+00 1.68083E+02 
5.90550E+00 6.66113E+00 1.23102E+01 6.17354E+00 6.17284E+00 6.17578E+00 6.18206E+00 1.23102E+01 6.66113E+00 5.90550E+00 1.93808E+02 
6.91140E+00 7.66062E+00 1.31812E+01 7.19107E+00 7.19038E+00 7.19352E+00 7.20002E+00 1.31812E+01 7.66062E+00 6.91140E+00 2.22166E+02 
2.66615E-02 7.87008E-02 7.54617E+00 -7.71402E-01 -7.72084E-01 -7.71546E-01 -7.68153E-01 7.54617E+00 7.87008E-02 2.66615E-02 -7.14465E+00 
2.66615E-02 7.87008E-02 7.43883E+00 -7.47144E-01 -7.47831E-01 -7.47232E-01 -7.43738E-01 7.43883E+00 7.87008E-02 2.66615E-02 -6.40692E+00 
2.66615E-02 7.62563E-03 7.34051E+00 -7.15154E-01 -7.15846E-01 -7.15182E-01 -7.11586E-01 7.34051E+00 7.62563E-03 2.66615E-02 -5.50880E+00 
2.66615E-02 3.19708E-02 7.25179E+00 -6.74648E-01 -6.75345E-01 -6.74614E-01 -6.70912E-01 7.25179E+00 3.19708E-02 2.66615E-02 -4.43464E+00 
2.66615E-02 6.65563E-02 7.17289E+00 -6.23857E-01 -6.24559E-01 -6.23756E-01 -6.19945E-01 7.17289E+00 6.65563E-02 2.66615E-02 -3.13005E+00 
2.66615E-02 1.12603E-01 7.10516E+00 -5.61582E-01 -5.62289E-01 -5.61410E-01 -5.57487E-01 7.10516E+00 1.12603E-01 2.66615E-02 -1.55029E+00 
2.66615E-02 1.71446E-01 7.05008E+00 -4.86506E-01 -4.87217E-01 -4.86259E-01 -4.82219E-01 7.05008E+00 1.71446E-01 2.66615E-02 3.54971E-01 
2.66615E-02 2.26680E-01 7.01715E+00 -4.18723E-01 -4.19437E-01 -4.18414E-01 -4.14281E-01 7.01715E+00 2.26680E-01 2.66615E-02 2.08771E+00 
2.66615E-02 2.44546E-01 7.00925E+00 -3.97190E-01 -3.97905E-01 -3.96863E-01 -3.92701E-01 7.00925E+00 2.44546E-01 2.66615E-02 2.64147E+00 
2.66615E-02 3.41180E-01 6.98316E+00 -2.83110E-01 -2.83830E-01 -2.82692E-01 -2.78396E-01 6.98316E+00 3.41180E-01 2.66615E-02 5.60464E+00 
2.66615E-02 4.58447E-01 6.97798E+00 -1.48458E-01 -1.49183E-01 -1.47944E-01 -1.43508E-01 6.97798E+00 4.58447E-01 2.66615E-02 9.16632E+00 
2.66615E-02 5.98773E-01 6.99628E+00 9.16848E-03 8.43981E-03 9.78541E-03 1.43661E-02 6.99628E+00 5.98773E-01 2.66615E-02 1.34175E+01 
2.66615E-02 7.64814E-01 7.04084E+00 1.92409E-01 1.91676E-01 1.93134E-01 1.97865E-01 7.04084E+00 7.64814E-01 2.66615E-02 1.84558E+01 
1.57296E-01 9.48574E-01 7.10497E+00 3.93078E-01 3.92342E-01 3.93920E-01 3.98805E-01 7.10497E+00 9.48574E-01 1.57296E-01 2.42070E+01 
3.77580E-01 1.16317E+00 7.20016E+00 6.24531E-01 6.23793E-01 6.25498E-01 6.30544E-01 7.20016E+00 1.16317E+00 3.77580E-01 3.08700E+01 
6.34937E-01 1.41476E+00 7.33239E+00 8.92934E-01 8.92194E-01 8.94034E-01 8.99247E-01 7.33239E+00 1.41476E+00 6.34937E-01 3.85932E+01 
9.33469E-01 1.70744E+00 7.50596E+00 1.20237E+00 1.20163E+00 1.20361E+00 1.20900E+00 7.50596E+00 1.70744E+00 9.33469E-01 4.74982E+01 
1.27759E+00 2.04563E+00 7.72545E+00 1.55723E+00 1.55649E+00 1.55862E+00 1.56419E+00 7.72545E+00 2.04563E+00 1.27759E+00 5.77106E+01 
1.67204E+00 2.43408E+00 7.99574E+00 1.96224E+00 1.96150E+00 1.96379E+00 1.96955E+00 7.99574E+00 2.43408E+00 1.67204E+00 6.93583E+01 
2.12186E+00 2.87783E+00 8.32204E+00 2.42242E+00 2.42168E+00 2.42414E+00 2.43009E+00 8.32204E+00 2.87783E+00 2.12186E+00 8.25695E+01 
2.63238E+00 3.38221E+00 8.70980E+00 2.94309E+00 2.94234E+00 2.94499E+00 2.95114E+00 8.70980E+00 3.38221E+00 2.63238E+00 9.74710E+01 
3.20920E+00 3.95285E+00 9.16478E+00 3.52984E+00 3.52909E+00 3.53193E+00 3.53829E+00 9.16478E+00 3.95285E+00 3.20920E+00 1.14186E+02 
3.85818E+00 4.59559E+00 9.69293E+00 4.18851E+00 4.18777E+00 4.19080E+00 4.19738E+00 9.69293E+00 4.59559E+00 3.85818E+00 1.32834E+02 
4.58538E+00 5.31649E+00 1.03004E+01 4.92514E+00 4.92441E+00 4.92765E+00 4.93445E+00 1.03004E+01 5.31649E+00 4.58538E+00 1.53523E+02 
5.39699E+00 6.12177E+00 1.09936E+01 5.74594E+00 5.74521E+00 5.74867E+00 5.75571E+00 1.09936E+01 6.12177E+00 5.39699E+00 1.76356E+02 
6.29934E+00 7.01773E+00 1.17788E+01 6.65721E+00 6.65648E+00 6.66017E+00 6.66745E+00 1.17788E+01 7.01773E+00 6.29934E+00 2.01420E+02 
2.51537E-02 8.07740E-02 6.50279E+00 -6.21886E-01 -6.22638E-01 -6.21989E-01 -6.18152E-01 6.50279E+00 8.07740E-02 2.51537E-02 -6.32484E+00 
2.51537E-02 8.07740E-02 6.41340E+00 -5.97988E-01 -5.98744E-01 -5.98022E-01 -5.94073E-01 6.41340E+00 8.07740E-02 2.51537E-02 -5.60752E+00 
2.51537E-02 8.26896E-03 6.33239E+00 -5.66818E-01 -5.67579E-01 -5.66779E-01 -5.62716E-01 6.33239E+00 8.26896E-03 2.51537E-02 -4.73726E+00 
2.51537E-02 3.36831E-02 6.26029E+00 -5.27669E-01 -5.28434E-01 -5.27554E-01 -5.23373E-01 6.26029E+00 3.36831E-02 2.51537E-02 -3.70068E+00 
2.51537E-02 6.86598E-02 6.19739E+00 -4.78921E-01 -4.79691E-01 -4.78725E-01 -4.74423E-01 6.19739E+00 6.86598E-02 2.51537E-02 -2.44473E+00 
2.51537E-02 1.14299E-01 6.14491E+00 -4.19492E-01 -4.20266E-01 -4.19211E-01 -4.14783E-01 6.14491E+00 1.14299E-01 2.51537E-02 -9.28523E-01 
2.51537E-02 1.71805E-01 6.10416E+00 -3.48197E-01 -3.48974E-01 -3.47825E-01 -3.43266E-01 6.10416E+00 1.71805E-01 2.51537E-02 8.93572E-01 
2.51537E-02 2.25270E-01 6.08159E+00 -2.84072E-01 -2.84852E-01 -2.83626E-01 -2.78964E-01 6.08159E+00 2.25270E-01 2.51537E-02 2.54503E+00 
2.51537E-02 2.42486E-01 6.07658E+00 -2.63741E-01 -2.64522E-01 -2.63273E-01 -2.58580E-01 6.07658E+00 2.42486E-01 2.51537E-02 3.07176E+00 
2.51537E-02 3.35105E-01 6.06336E+00 -1.56305E-01 -1.57090E-01 -1.55728E-01 -1.50885E-01 6.06336E+00 3.35105E-01 2.51537E-02 5.88246E+00 
2.51537E-02 4.46667E-01 6.06932E+00 -2.99814E-02 -3.07697E-02 -2.92882E-02 -2.42896E-02 6.06932E+00 4.46667E-01 2.51537E-02 9.24536E+00 
2.51537E-02 5.79327E-01 6.09673E+00 1.17367E-01 1.16576E-01 1.18183E-01 1.23343E-01 6.09673E+00 5.79327E-01 2.51537E-02 1.32406E+01 
2.51537E-02 7.35437E-01 6.14807E+00 2.88077E-01 2.87283E-01 2.89023E-01 2.94349E-01 6.14807E+00 7.35437E-01 2.51537E-02 1.79531E+01 
1.48091E-01 9.08065E-01 6.21753E+00 4.75054E-01 4.74258E-01 4.76139E-01 4.81636E-01 6.21753E+00 9.08065E-01 1.48091E-01 2.32955E+01 
3.54414E-01 1.10873E+00 6.31520E+00 6.90016E-01 6.89219E-01 6.91249E-01 6.96925E-01 6.31520E+00 1.10873E+00 3.54414E-01 2.94556E+01 
5.94224E-01 1.34279E+00 6.44634E+00 9.38347E-01 9.37549E-01 9.39738E-01 9.45599E-01 6.44634E+00 1.34279E+00 5.94224E-01 3.65652E+01 
8.71082E-01 1.61383E+00 6.61464E+00 1.22359E+00 1.22279E+00 1.22515E+00 1.23120E+00 6.61464E+00 1.61383E+00 8.71082E-01 4.47272E+01 
1.18880E+00 1.92565E+00 6.82409E+00 1.54955E+00 1.54875E+00 1.55128E+00 1.55754E+00 6.82409E+00 1.92565E+00 1.18880E+00 5.40469E+01 
1.55145E+00 2.28234E+00 7.07887E+00 1.92027E+00 1.91947E+00 1.92219E+00 1.92865E+00 7.07887E+00 2.28234E+00 1.55145E+00 6.46303E+01 
1.96333E+00 2.68818E+00 7.38342E+00 2.34004E+00 2.33925E+00 2.34217E+00 2.34884E+00 7.38342E+00 2.68818E+00 1.96333E+00 7.65822E+01 
2.42897E+00 3.14773E+00 7.74239E+00 2.81338E+00 2.81259E+00 2.81572E+00 2.82262E+00 7.74239E+00 3.14773E+00 2.42897E+00 9.00052E+01 
2.95309E+00 3.66570E+00 8.16061E+00 3.34500E+00 3.34422E+00 3.34756E+00 3.35470E+00 8.16061E+00 3.66570E+00 2.95309E+00 1.04997E+02 
3.54059E+00 4.24701E+00 8.64308E+00 3.93980E+00 3.93902E+00 3.94259E+00 3.94996E+00 8.64308E+00 4.24701E+00 3.54059E+00 1.21650E+02 
4.19649E+00 4.89666E+00 9.19493E+00 4.60277E+00 4.60199E+00 4.60581E+00 4.61343E+00 9.19493E+00 4.89666E+00 4.19649E+00 1.40048E+02 
4.92590E+00 5.61979E+00 9.82134E+00 5.33903E+00 5.33826E+00 5.34234E+00 5.35021E+00 9.82134E+00 5.61979E+00 4.92590E+00 1.60265E+02 
5.73398E+00 6.42154E+00 1.05276E+01 6.15372E+00 6.15296E+00 6.15730E+00 6.16545E+00 1.05276E+01 6.42154E+00 5.73398E+00 1.82364E+02 
2.36962E-02 8.22124E-02 5.60305E+00 -4.94408E-01 -4.95235E-01 -4.94445E-01 -4.90107E-01 5.60305E+00 8.22124E-02 2.36962E-02 -5.58380E+00 
2.36962E-02 8.22124E-02 5.52914E+00 -4.70805E-01 -4.71636E-01 -4.70759E-01 -4.66296E-01 5.52914E+00 8.22124E-02 2.36962E-02 -4.88471E+00 
2.36962E-02 8.79890E-03 5.46301E+00 -4.40377E-01 -4.41212E-01 -4.40244E-01 -4.35653E-01 5.46301E+00 8.79890E-03 2.36962E-02 -4.04013E+00 
2.36962E-02 3.50353E-02 5.40515E+00 -4.02490E-01 -4.03328E-01 -4.02264E-01 -3.97543E-01 5.40515E+00 3.50353E-02 2.36962E-02 -3.03879E+00 
2.36962E-02 7.01851E-02 5.35588E+00 -3.55660E-01 -3.56501E-01 -3.55336E-01 -3.50479E-01 5.35588E+00 7.01851E-02 2.36962E-02 -1.82913E+00 
2.36962E-02 1.15238E-01 5.31631E+00 -2.98913E-01 -2.99758E-01 -2.98486E-01 -2.93489E-01 5.31631E+00 1.15238E-01 2.36962E-02 -3.73938E-01 
2.36962E-02 1.71273E-01 5.28761E+00 -2.31185E-01 -2.32033E-01 -2.30649E-01 -2.25507E-01 5.28761E+00 1.71273E-01 2.36962E-02 1.36800E+00 
2.36962E-02 2.22907E-01 5.27366E+00 -1.70514E-01 -1.71364E-01 -1.69889E-01 -1.64633E-01 5.27366E+00 2.22907E-01 2.36962E-02 2.94101E+00 
2.36962E-02 2.39462E-01 5.27105E+00 -1.51318E-01 -1.52169E-01 -1.50667E-01 -1.45376E-01 5.27105E+00 2.39462E-01 2.36962E-02 3.44167E+00 
2.36962E-02 3.28071E-01 5.26837E+00 -5.01499E-02 -5.10029E-02 -4.93678E-02 -4.39101E-02 5.26837E+00 3.28071E-01 2.36962E-02 6.10539E+00 
2.36962E-02 4.34039E-01 5.28326E+00 6.83266E-02 6.74716E-02 6.92475E-02 7.48778E-02 5.28326E+00 4.34039E-01 2.36962E-02 9.27718E+00 
2.36962E-02 5.59272E-01 5.31772E+00 2.06005E-01 2.05149E-01 2.07073E-01 2.12882E-01 5.31772E+00 5.59272E-01 2.36962E-02 1.30271E+01 
2.36962E-02 7.05847E-01 5.37394E+00 3.64946E-01 3.64089E-01 3.66169E-01 3.72163E-01 5.37394E+00 7.05847E-01 2.36962E-02 1.74289E+01 
1.39223E-01 8.67780E-01 5.44689E+00 5.39031E-01 5.38173E-01 5.40419E-01 5.46602E-01 5.44689E+00 8.67780E-01 1.39223E-01 2.23842E+01 
3.32202E-01 1.05514E+00 5.54542E+00 7.38497E-01 7.37641E-01 7.40061E-01 7.46442E-01 5.54542E+00 1.05514E+00 3.32202E-01 2.80703E+01 
5.55357E-01 1.27260E+00 5.67410E+00 9.68026E-01 9.67171E-01 9.69776E-01 9.76363E-01 5.67410E+00 1.27260E+00 5.55357E-01 3.46039E+01 
8.11765E-01 1.52323E+00 5.83613E+00 1.23068E+00 1.22983E+00 1.23263E+00 1.23943E+00 5.83613E+00 1.52323E+00 8.11765E-01 4.20715E+01 
1.10470E+00 1.81032E+00 6.03492E+00 1.52973E+00 1.52888E+00 1.53189E+00 1.53891E+00 6.03492E+00 1.81032E+00 1.10470E+00 5.05605E+01 
1.43765E+00 2.13735E+00 6.27406E+00 1.86863E+00 1.86778E+00 1.87101E+00 1.87826E+00 6.27406E+00 2.13735E+00 1.43765E+00 6.01579E+01 
1.81425E+00 2.50797E+00 6.55732E+00 2.25102E+00 2.25018E+00 2.25364E+00 2.26113E+00 6.55732E+00 2.50797E+00 1.81425E+00 7.09484E+01 
2.23832E+00 2.92601E+00 6.88861E+00 2.68072E+00 2.67989E+00 2.68358E+00 2.69132E+00 6.88861E+00 2.92601E+00 2.23832E+00 8.30134E+01 
2.71381E+00 3.39542E+00 7.27199E+00 3.16166E+00 3.16083E+00 3.16479E+00 3.17278E+00 7.27199E+00 3.39542E+00 2.71381E+00 9.64295E+01 
3.24480E+00 3.92028E+00 7.71160E+00 3.69791E+00 3.69709E+00 3.70131E+00 3.70957E+00 7.71160E+00 3.92028E+00 3.24480E+00 1.11267E+02 
3.83542E+00 4.50472E+00 8.21168E+00 4.29359E+00 4.29278E+00 4.29728E+00 4.30581E+00 8.21168E+00 4.50472E+00 3.83542E+00 1.27587E+02 
4.48983E+00 5.15291E+00 8.77646E+00 4.95287E+00 4.95207E+00 4.95687E+00 4.96568E+00 8.77646E+00 5.15291E+00 4.48983E+00 1.45443E+02 
5.21219E+00 5.86903E+00 9.41017E+00 5.67989E+00 5.67911E+00 5.68421E+00 5.69332E+00 9.41017E+00 5.86903E+00 5.21219E+00 1.64877E+02 
2.22890E-02 8.30756E-02 4.82720E+00 -3.85835E-01 -3.86742E-01 -3.85776E-01 -3.80872E-01 4.82720E+00 8.30756E-02 2.22890E-02 -4.91322E+00 
2.22890E-02 8.30756E-02 4.76663E+00 -3.62489E-01 -3.63400E-01 -3.62330E-01 -3.57287E-01 4.76663E+00 8.30756E-02 2.22890E-02 -4.23068E+00 
2.22890E-02 9.22523E-03 4.71327E+00 -3.32753E-01 -3.33667E-01 -3.32488E-01 -3.27303E-01 4.71327E+00 9.22523E-03 2.22890E-02 -3.41008E+00 
2.22890E-02 3.60595E-02 4.66758E+00 -2.96056E-01 -2.96973E-01 -2.95680E-01 -2.90350E-01 4.66758E+00 3.60595E-02 2.22890E-02 -2.44216E+00 
2.22890E-02 7.11860E-02 4.62989E+00 -2.51044E-01 -2.51963E-01 -2.50551E-01 -2.45070E-01 4.62989E+00 7.11860E-02 2.22890E-02 -1.27689E+00 
2.22890E-02 1.15492E-01 4.60121E+00 -1.96843E-01 -1.97764E-01 -1.96226E-01 -1.90590E-01 4.60121E+00 1.15492E-01 2.22890E-02 1.19410E-01 
2.22890E-02 1.69943E-01 4.58258E+00 -1.32500E-01 -1.33422E-01 -1.31752E-01 -1.25955E-01 4.58258E+00 1.69943E-01 2.22890E-02 1.78378E+00 
2.22890E-02 2.19696E-01 4.57577E+00 -7.51027E-02 -7.60257E-02 -7.42486E-02 -6.83242E-02 4.57577E+00 2.19696E-01 2.22890E-02 3.28090E+00 
2.22890E-02 2.35583E-01 4.57512E+00 -5.69827E-02 -5.79060E-02 -5.60969E-02 -5.01344E-02 4.57512E+00 2.35583E-01 2.22890E-02 3.75634E+00 
2.22890E-02 3.20202E-01 4.58101E+00 3.82557E-02 3.73317E-02 3.92982E-02 4.54456E-02 4.58101E+00 3.20202E-01 2.22890E-02 6.27817E+00 
2.22890E-02 4.20692E-01 4.60294E+00 1.49322E-01 1.48398E-01 1.50530E-01 1.56869E-01 4.60294E+00 4.20692E-01 2.22890E-02 9.26606E+00 
2.22890E-02 5.38740E-01 4.64270E+00 2.77889E-01 2.76965E-01 2.79272E-01 2.85808E-01 4.64270E+00 5.38740E-01 2.22890E-02 1.27809E+01 
2.22890E-02 6.76169E-01 4.70220E+00 4.25766E-01 4.24844E-01 4.27334E-01 4.34074E-01 4.70220E+00 6.76169E-01 2.22890E-02 1.68863E+01 
1.30690E-01 8.27838E-01 4.77712E+00 5.87700E-01 5.86780E-01 5.89463E-01 5.96414E-01 4.77712E+00 8.27838E-01 1.30690E-01 2.14753E+01 
3.10927E-01 1.00252E+00 4.87518E+00 7.72599E-01 7.71682E-01 7.74570E-01 7.81739E-01 4.87518E+00 1.00252E+00 3.10927E-01 2.67149E+01 
5.18287E-01 1.20424E+00 5.00033E+00 9.84512E-01 9.83600E-01 9.86704E-01 9.94100E-01 5.00033E+00 1.20424E+00 5.18287E-01 3.27084E+01 
7.55417E-01 1.43565E+00 5.15533E+00 1.22608E+00 1.22517E+00 1.22850E+00 1.23613E+00 5.15533E+00 1.43565E+00 7.55417E-01 3.95276E+01 
1.02512E+00 1.69957E+00 5.34309E+00 1.50008E+00 1.49918E+00 1.50275E+00 1.51063E+00 5.34309E+00 1.69957E+00 1.02512E+00 4.72446E+01 
1.33034E+00 1.99895E+00 5.56665E+00 1.80946E+00 1.80857E+00 1.81240E+00 1.82053E+00 5.56665E+00 1.99895E+00 1.33034E+00 5.59295E+01 
1.67415E+00 2.33686E+00 5.82921E+00 2.15730E+00 2.15642E+00 2.16051E+00 2.16890E+00 5.82921E+00 2.33686E+00 1.67415E+00 6.56501E+01 
2.05976E+00 2.71651E+00 6.13404E+00 2.54677E+00 2.54590E+00 2.55027E+00 2.55894E+00 6.13404E+00 2.71651E+00 2.05976E+00 7.64698E+01 
2.49044E+00 3.14119E+00 6.48451E+00 2.98116E+00 2.98030E+00 2.98497E+00 2.99391E+00 6.48451E+00 3.14119E+00 2.49044E+00 8.84472E+01 
2.96955E+00 3.61425E+00 6.88405E+00 3.46381E+00 3.46296E+00 3.46794E+00 3.47717E+00 6.88405E+00 3.61425E+00 2.96955E+00 1.01634E+02 
3.50045E+00 4.13906E+00 7.33609E+00 3.99808E+00 3.99724E+00 4.00255E+00 4.01208E+00 7.33609E+00 4.13906E+00 3.50045E+00 1.16074E+02 
4.08652E+00 4.71899E+00 7.84408E+00 4.58733E+00 4.58651E+00 4.59216E+00 4.60200E+00 7.84408E+00 4.71899E+00 4.08652E+00 1.31803E+02 
4.73105E+00 5.35736E+00 8.41137E+00 5.23488E+00 5.23408E+00 5.24008E+00 5.25025E+00 8.41137E+00 5.35736E+00 4.73105E+00 1.48845E+02 
2.09322E-02 8.34190E-02 4.15822E+00 -2.93475E-01 -2.94470E-01 -2.93284E-01 -2.87741E-01 4.15822E+00 8.34190E-02 2.09322E-02 -4.30566E+00 
2.09322E-02 8.34190E-02 4.10912E+00 -2.70369E-01 -2.71366E-01 -2.70056E-01 -2.64360E-01 4.10912E+00 8.34190E-02 2.09322E-02 -3.63840E+00 
2.09322E-02 9.55697E-03 4.06671E+00 -2.41294E-01 -2.42292E-01 -2.40853E-01 -2.34999E-01 4.06671E+00 9.55697E-03 2.09322E-02 -2.84052E+00 
2.09322E-02 3.67853E-02 4.03138E+00 -2.05738E-01 -2.06737E-01 -2.05164E-01 -1.99150E-01 4.03138E+00 3.67853E-02 2.09322E-02 -1.90457E+00 
2.09322E-02 7.17121E-02 4.00350E+00 -1.62467E-01 -1.63467E-01 -1.61752E-01 -1.55571E-01 4.00350E+00 7.17121E-02 2.09322E-02 -7.82189E-01 
2.09322E-02 1.15130E-01 3.98397E+00 -1.10698E-01 -1.11698E-01 -1.09835E-01 -1.03482E-01 3.98397E+00 1.15130E-01 2.09322E-02 5.56980E-01 
2.09322E-02 1.67901E-01 3.97370E+00 -4.95819E-02 -5.05815E-02 -4.85623E-02 -4.20309E-02 3.97370E+00 1.67901E-01 2.09322E-02 2.14605E+00 
2.09322E-02 2.15736E-01 3.97275E+00 4.70157E-03 3.70260E-03 5.84770E-03 1.25207E-02 3.97275E+00 2.15736E-01 2.09322E-02 3.56957E+00 
2.09322E-02 2.30951E-01 3.97370E+00 2.18000E-02 2.08013E-02 2.29840E-02 2.96990E-02 3.97370E+00 2.30951E-01 2.09322E-02 4.02059E+00 
2.09322E-02 3.11609E-01 3.98645E+00 1.11414E-01 1.10417E-01 1.12784E-01 1.19704E-01 3.98645E+00 3.11609E-01 2.09322E-02 6.40527E+00 
2.09322E-02 4.06750E-01 4.01384E+00 2.15470E-01 2.14476E-01 2.17038E-01 2.24169E-01 4.01384E+00 4.06750E-01 2.09322E-02 9.21613E+00 
2.09322E-02 5.17855E-01 4.05742E+00 3.35440E-01 3.34448E-01 3.37216E-01 3.44565E-01 4.05742E+00 5.17855E-01 2.09322E-02 1.25058E+01 
2.09322E-02 6.46519E-01 4.11886E+00 4.72907E-01 4.71920E-01 4.74902E-01 4.82476E-01 4.11886E+00 6.46519E-01 2.09322E-02 1.63284E+01 
1.22489E-01 7.88351E-01 4.19449E+00 6.23383E-01 6.22400E-01 6.25609E-01 6.33415E-01 4.19449E+00 7.88351E-01 1.22489E-01 2.05709E+01 
2.90571E-01 9.50945E-01 4.29100E+00 7.94582E-01 7.93607E-01 7.97054E-01 8.05101E-01 4.29100E+00 9.50945E-01 2.90571E-01 2.53903E+01 
4.82967E-01 1.13778E+00 4.41179E+00 9.89993E-01 9.89025E-01 9.92724E-01 1.00102E+00 4.41179E+00 1.13778E+00 4.82967E-01 3.08777E+01 
7.01939E-01 1.35112E+00 4.55921E+00 1.21187E+00 1.21091E+00 1.21487E+00 1.22343E+00 4.55921E+00 1.35112E+00 7.01939E-01 3.70924E+01 
9.49866E-01 1.59334E+00 4.73574E+00 1.46257E+00 1.46162E+00 1.46587E+00 1.47469E+00 4.73574E+00 1.59334E+00 9.49866E-01 4.40925E+01 
1.22924E+00 1.86695E+00 4.94397E+00 1.74459E+00 1.74366E+00 1.74820E+00 1.75730E+00 4.94397E+00 1.86695E+00 1.22924E+00 5.19343E+01 
1.54262E+00 2.17452E+00 5.18654E+00 2.06050E+00 2.05958E+00 2.06442E+00 2.07382E+00 5.18654E+00 2.17452E+00 1.54262E+00 6.06707E+01 
1.89268E+00 2.51872E+00 5.46619E+00 2.41294E+00 2.41203E+00 2.41720E+00 2.42689E+00 5.46619E+00 2.51872E+00 1.89268E+00 7.03502E+01 
2.28211E+00 2.90223E+00 5.78569E+00 2.80460E+00 2.80371E+00 2.80923E+00 2.81923E+00 5.78569E+00 2.90223E+00 2.28211E+00 8.10160E+01 
2.71365E+00 3.32781E+00 6.14786E+00 3.23823E+00 3.23735E+00 3.24322E+00 3.25354E+00 6.14786E+00 3.32781E+00 2.71365E+00 9.27051E+01 
3.19000E+00 3.79817E+00 6.55545E+00 3.71651E+00 3.71566E+00 3.72191E+00 3.73256E+00 6.55545E+00 3.79817E+00 3.19000E+00 1.05447E+02 
3.71386E+00 4.31600E+00 7.01122E+00 4.24215E+00 4.24132E+00 4.24796E+00 4.25895E+00 7.01122E+00 4.31600E+00 3.71386E+00 1.19262E+02 
4.28782E+00 4.88391E+00 7.51782E+00 4.81774E+00 4.81693E+00 4.82398E+00 4.83532E+00 7.51782E+00 4.88391E+00 4.28782E+00 1.34164E+02 
1.96257E-02 8.32939E-02 3.58140E+00 -2.15015E-01 -2.16102E-01 -2.14642E-01 -2.08382E-01 3.58140E+00 8.32939E-02 1.96257E-02 -3.75446E+00 
1.96257E-02 8.32939E-02 3.54216E+00 -1.92148E-01 -1.93235E-01 -1.91629E-01 -1.85199E-01 3.54216E+00 8.32939E-02 1.96257E-02 -3.10159E+00 
1.96257E-02 9.80245E-03 3.50910E+00 -1.63719E-01 -1.64805E-01 -1.63047E-01 -1.56442E-01 3.50910E+00 9.80245E-03 1.96257E-02 -2.32548E+00 
1.96257E-02 3.72402E-02 3.48258E+00 -1.29272E-01 -1.30358E-01 -1.28440E-01 -1.21658E-01 3.48258E+00 3.72402E-02 1.96257E-02 -1.42042E+00 
1.96257E-02 7.18094E-02 3.46298E+00 -8.76811E-02 -8.87653E-02 -8.66807E-02 -7.97140E-02 3.46298E+00 7.18094E-02 1.96257E-02 -3.39727E-01 
1.96257E-02 1.14216E-01 3.45108E+00 -3.82491E-02 -3.93313E-02 -3.70716E-02 -2.99146E-02 3.45108E+00 1.14216E-01 1.96257E-02 9.43786E-01 
1.96257E-02 1.65226E-01 3.44772E+00 1.97795E-02 1.87000E-02 2.11433E-02 2.84968E-02 3.44772E+00 1.65226E-01 1.96257E-02 2.45956E+00 
1.96257E-02 2.11117E-01 3.45153E+00 7.10921E-02 7.00152E-02 7.26065E-02 8.01162E-02 3.45153E+00 2.11117E-01 1.96257E-02 3.81158E+00 
1.96257E-02 2.25659E-01 3.45377E+00 8.72174E-02 8.61413E-02 8.87769E-02 9.63331E-02 3.45377E+00 2.25659E-01 1.96257E-02 4.23891E+00 
1.96257E-02 3.02399E-01 3.47193E+00 1.71485E-01 1.70413E-01 1.73266E-01 1.81048E-01 3.47193E+00 3.02399E-01 1.96257E-02 6.49092E+00 
1.96257E-02 3.92324E-01 3.50341E+00 2.68901E-01 2.67834E-01 2.70916E-01 2.78931E-01 3.50341E+00 3.92324E-01 1.96257E-02 9.13132E+00 
1.96257E-02 4.96730E-01 3.54957E+00 3.80751E-01 3.79692E-01 3.83013E-01 3.91268E-01 3.54957E+00 4.96730E-01 1.96257E-02 1.22051E+01 
1.96257E-02 6.17005E-01 3.61186E+00 5.08416E-01 5.07365E-01 5.10937E-01 5.19441E-01 3.61186E+00 6.17005E-01 1.96257E-02 1.57583E+01 
1.14618E-01 7.49418E-01 3.68717E+00 6.48083E-01 6.47040E-01 6.50876E-01 6.59635E-01 3.68717E+00 7.49418E-01 1.14618E-01 1.96733E+01 
2.71117E-01 9.00516E-01 3.78126E+00 8.06398E-01 8.05366E-01 8.09480E-01 8.18505E-01 3.78126E+00 9.00516E-01 2.71117E-01 2.40976E+01 
4.49350E-01 1.07328E+00 3.89705E+00 9.86348E-01 9.85328E-01 9.89735E-01 9.99035E-01 3.89705E+00 1.07328E+00 4.49350E-01 2.91114E+01 
6.51239E-01 1.26962E+00 4.03654E+00 1.18985E+00 1.18884E+00 1.19355E+00 1.20314E+00 4.03654E+00 1.26962E+00 6.51239E-01 3.47628E+01 
8.78787E-01 1.49157E+00 4.20181E+00 1.41889E+00 1.41790E+00 1.42294E+00 1.43282E+00 4.20181E+00 1.49157E+00 8.78787E-01 4.10984E+01 
1.13408E+00 1.74119E+00 4.39504E+00 1.67556E+00 1.67459E+00 1.67997E+00 1.69015E+00 4.39504E+00 1.74119E+00 1.13408E+00 4.81622E+01 
1.41925E+00 2.02065E+00 4.61842E+00 1.96199E+00 1.96103E+00 1.96677E+00 1.97727E+00 4.61842E+00 2.02065E+00 1.41925E+00 5.59946E+01 
1.73649E+00 2.33212E+00 4.87422E+00 2.28035E+00 2.27942E+00 2.28553E+00 2.29636E+00 4.87422E+00 2.33212E+00 1.73649E+00 6.46316E+01 
2.08798E+00 2.67781E+00 5.16470E+00 2.63285E+00 2.63194E+00 2.63845E+00 2.64962E+00 5.16470E+00 2.67781E+00 2.08798E+00 7.41041E+01 
2.47595E+00 3.05993E+00 5.49211E+00 3.02168E+00 3.02080E+00 3.02772E+00 3.03924E+00 5.49211E+00 3.05993E+00 2.47595E+00 8.44366E+01 
2.90254E+00 3.48064E+00 5.85867E+00 3.44901E+00 3.44815E+00 3.45550E+00 3.46738E+00 5.85867E+00 3.48064E+00 2.90254E+00 9.56468E+01 
3.36986E+00 3.94205E+00 6.26654E+00 3.91692E+00 3.91609E+00 3.92390E+00 3.93615E+00 6.26654E+00 3.94205E+00 3.36986E+00 1.07745E+02 
3.87993E+00 4.44617E+00 6.71778E+00 4.42744E+00 4.42664E+00 4.43492E+00 4.44756E+00 6.71778E+00 4.44617E+00 3.87993E+00 1.20734E+02 
1.83696E-02 8.27478E-02 3.08408E+00 -1.48466E-01 -1.49650E-01 -1.47851E-01 -1.40787E-01 3.08408E+00 8.27478E-02 1.83696E-02 -3.25368E+00 
1.83696E-02 8.27478E-02 3.05329E+00 -1.25850E-01 -1.27032E-01 -1.25061E-01 -1.17808E-01 3.05329E+00 8.27478E-02 1.83696E-02 -2.61460E+00 
1.83696E-02 9.96941E-03 3.02820E+00 -9.80659E-02 -9.92452E-02 -9.70936E-02 -8.96493E-02 3.02820E+00 9.96941E-03 1.83696E-02 -1.85962E+00 
1.83696E-02 3.74496E-02 3.00913E+00 -6.47080E-02 -6.58837E-02 -6.35446E-02 -5.59036E-02 3.00913E+00 3.74496E-02 1.83696E-02 -9.84620E-01 
1.83696E-02 7.15207E-02 2.99648E+00 -2.47501E-02 -2.59216E-02 -2.33859E-02 -1.55417E-02 2.99648E+00 7.15207E-02 1.83696E-02 5.53182E-02 
1.83696E-02 1.12809E-01 2.99092E+00 2.24258E-02 2.12593E-02 2.40011E-02 3.20550E-02 2.99092E+00 1.12809E-01 1.83696E-02 1.28442E+00 
1.83696E-02 1.61992E-01 2.99320E+00 7.74891E-02 7.63284E-02 7.92858E-02 8.75562E-02 2.99320E+00 1.61992E-01 1.83696E-02 2.72867E+00 
1.83696E-02 2.05922E-01 3.00083E+00 1.25960E-01 1.24804E-01 1.27935E-01 1.36378E-01 3.00083E+00 2.05922E-01 1.83696E-02 4.01116E+00 
1.83696E-02 2.19793E-01 3.00409E+00 1.41156E-01 1.40002E-01 1.43185E-01 1.51679E-01 3.00409E+00 2.19793E-01 1.83696E-02 4.41549E+00 
1.83696E-02 2.92669E-01 3.02643E+00 2.20333E-01 2.19187E-01 2.22625E-01 2.31367E-01 3.02643E+00 2.92669E-01 1.83696E-02 6.53910E+00 
1.83696E-02 3.77518E-01 3.06087E+00 3.11450E-01 3.10314E-01 3.14019E-01 3.23017E-01 3.06087E+00 3.77518E-01 1.83696E-02 9.01535E+00 
1.83696E-02 4.75468E-01 3.10857E+00 4.15627E-01 4.14501E-01 4.18487E-01 4.27750E-01 3.10857E+00 4.75468E-01 1.83696E-02 1.18825E+01 
1.83696E-02 5.87723E-01 3.17080E+00 5.34059E-01 5.32945E-01 5.37224E-01 5.46761E-01 3.17080E+00 5.87723E-01 1.83696E-02 1.51790E+01 
1.07072E-01 7.11129E-01 3.24495E+00 6.63525E-01 6.62426E-01 6.67012E-01 6.76829E-01 3.24495E+00 7.11129E-01 1.07072E-01 1.87846E+01 
2.52548E-01 8.51302E-01 3.33595E+00 8.09724E-01 8.08640E-01 8.13550E-01 8.23658E-01 3.33595E+00 8.51302E-01 2.52548E-01 2.28378E+01 
4.17392E-01 1.01077E+00 3.44627E+00 9.75195E-01 9.74128E-01 9.79378E-01 9.89788E-01 3.44627E+00 1.01077E+00 4.17392E-01 2.74088E+01 
6.03223E-01 1.19117E+00 3.57762E+00 1.16155E+00 1.16050E+00 1.16611E+00 1.17683E+00 3.57762E+00 1.19117E+00 6.03223E-01 3.25362E+01 
8.11719E-01 1.39416E+00 3.73173E+00 1.37047E+00 1.36944E+00 1.37542E+00 1.38647E+00 3.73173E+00 1.39416E+00 8.11719E-01 3.82564E+01 
1.04461E+00 1.62150E+00 3.91041E+00 1.60367E+00 1.60266E+00 1.60904E+00 1.62042E+00 3.91041E+00 1.62150E+00 1.04461E+00 4.46033E+01 
1.30365E+00 1.87494E+00 4.11547E+00 1.86290E+00 1.86193E+00 1.86872E+00 1.88045E+00 4.11547E+00 1.87494E+00 1.30365E+00 5.16068E+01 
1.59062E+00 2.15625E+00 4.34876E+00 2.14995E+00 2.14900E+00 2.15623E+00 2.16832E+00 4.34876E+00 2.15625E+00 1.59062E+00 5.92926E+01 
1.90728E+00 2.46723E+00 4.61210E+00 2.46658E+00 2.46566E+00 2.47334E+00 2.48580E+00 4.61210E+00 2.46723E+00 1.90728E+00 6.76812E+01 
2.25539E+00 2.80961E+00 4.90729E+00 2.81454E+00 2.81366E+00 2.82181E+00 2.83465E+00 4.90729E+00 2.80961E+00 2.25539E+00 7.67874E+01 
2.63665E+00 3.18511E+00 5.23607E+00 3.19552E+00 3.19467E+00 3.20332E+00 3.21655E+00 5.23607E+00 3.18511E+00 2.63665E+00 8.66197E+01 
3.05266E+00 3.59534E+00 5.60011E+00 3.61114E+00 3.61033E+00 3.61949E+00 3.63314E+00 5.60011E+00 3.59534E+00 3.05266E+00 9.71799E+01 
3.50496E+00 4.04182E+00 6.00097E+00 4.06292E+00 4.06214E+00 4.07184E+00 4.08591E+00 6.00097E+00 4.04182E+00 3.50496E+00 1.08463E+02 
1.71636E-02 8.18247E-02 2.65534E+00 -9.21194E-02 -9.34052E-02 -9.11893E-02 -8.32263E-02 2.65534E+00 8.18247E-02 1.71636E-02 -2.79803E+00 
1.71636E-02 8.18247E-02 2.63177E+00 -6.97787E-02 -7.10594E-02 -6.86390E-02 -6.04688E-02 2.63177E+00 8.18247E-02 1.71636E-02 -2.17238E+00 
1.71636E-02 1.00649E-02 2.61345E+00 -4.26484E-02 -4.39232E-02 -4.12906E-02 -3.29089E-02 2.61345E+00 1.00649E-02 1.71636E-02 -1.43812E+00 
1.71636E-02 3.74371E-02 2.60067E+00 -1.03690E-02 -1.16369E-02 -8.78349E-03 -1.85462E-04 2.60067E+00 3.74371E-02 1.71636E-02 -5.92598E-01 
1.71636E-02 7.08854E-02 2.59381E+00 2.79920E-02 2.67319E-02 2.98165E-02 3.86380E-02 2.59381E+00 7.08854E-02 1.71636E-02 4.07323E-01 
1.71636E-02 1.10963E-01 2.59347E+00 7.29814E-02 7.17300E-02 7.50565E-02 8.41087E-02 2.59347E+00 1.10963E-01 1.71636E-02 1.58307E+00 
1.71636E-02 1.58268E-01 2.60031E+00 1.25189E-01 1.23947E-01 1.27527E-01 1.36817E-01 2.60031E+00 1.58268E-01 1.71636E-02 2.95743E+00 
1.71636E-02 2.00230E-01 2.61096E+00 1.70936E-01 1.69702E-01 1.73485E-01 1.82965E-01 2.61096E+00 2.00230E-01 1.71636E-02 4.17221E+00 
1.71636E-02 2.13434E-01 2.61501E+00 1.85244E-01 1.84013E-01 1.87857E-01 1.97392E-01 2.61501E+00 2.13434E-01 1.71636E-02 4.55421E+00 
1.71636E-02 2.82508E-01 2.64049E+00 2.59567E-01 2.58349E-01 2.62491E-01 2.72299E-01 2.64049E+00 2.82508E-01 1.71636E-02 6.55350E+00 
1.71636E-02 3.62426E-01 2.67691E+00 3.44703E-01 3.43500E-01 3.47954E-01 3.58044E-01 2.67691E+00 3.62426E-01 1.71636E-02 8.87174E+00 
1.71636E-02 4.54165E-01 2.72530E+00 4.41623E-01 4.40436E-01 4.45217E-01 4.55597E-01 2.72530E+00 4.54165E-01 1.71636E-02 1.15410E+01 
1.71636E-02 5.58761E-01 2.78675E+00 5.51356E-01 5.50186E-01 5.55309E-01 5.65989E-01 2.78675E+00 5.58761E-01 1.71636E-02 1.45933E+01 
9.98494E-02 6.73568E-01 2.85906E+00 6.71198E-01 6.70048E-01 6.75528E-01 6.86515E-01 2.85906E+00 6.73568E-01 9.98494E-02 1.79069E+01 
2.34847E-01 8.03370E-01 2.94643E+00 8.06003E-01 8.04875E-01 8.10731E-01 8.22037E-01 2.94643E+00 8.03370E-01 2.34847E-01 2.16119E+01 
3.87047E-01 9.50308E-01 3.05097E+00 9.57919E-01 9.56815E-01 9.63064E-01 9.74702E-01 3.05097E+00 9.50308E-01 3.87047E-01 2.57694E+01 
5.57803E-01 1.11574E+00 3.17409E+00 1.12829E+00 1.12722E+00 1.13388E+00 1.14586E+00 3.17409E+00 1.11574E+00 5.57803E-01 3.04099E+01 
7.48508E-01 1.30106E+00 3.31723E+00 1.31852E+00 1.31747E+00 1.32457E+00 1.33690E+00 3.31723E+00 1.30106E+00 7.48508E-01 3.55614E+01 
9.60579E-01 1.50770E+00 3.48189E+00 1.53001E+00 1.52899E+00 1.53654E+00 1.54924E+00 3.48189E+00 1.50770E+00 9.60579E-01 4.12488E+01 
1.19545E+00 1.73708E+00 3.66954E+00 1.76419E+00 1.76320E+00 1.77123E+00 1.78431E+00 3.66954E+00 1.73708E+00 1.19545E+00 4.74936E+01 
1.45454E+00 1.99065E+00 3.88167E+00 2.02249E+00 2.02154E+00 2.03007E+00 2.04354E+00 3.88167E+00 1.99065E+00 1.45454E+00 5.43128E+01 
1.73926E+00 2.26981E+00 4.11972E+00 2.30631E+00 2.30540E+00 2.31445E+00 2.32833E+00 4.11972E+00 2.26981E+00 1.73926E+00 6.17188E+01 
2.05097E+00 2.57592E+00 4.38512E+00 2.61702E+00 2.61615E+00 2.62574E+00 2.64004E+00 4.38512E+00 2.57592E+00 2.05097E+00 6.97187E+01 
2.39098E+00 2.91031E+00 4.67920E+00 2.95592E+00 2.95510E+00 2.96525E+00 2.97998E+00 4.67920E+00 2.91031E+00 2.39098E+00 7.83139E+01 
2.76051E+00 3.27418E+00 5.00322E+00 3.32422E+00 3.32345E+00 3.33420E+00 3.34937E+00 5.00322E+00 3.27418E+00 2.76051E+00 8.74999E+01 
3.16066E+00 3.66865E+00 5.35833E+00 3.72304E+00 3.72232E+00 3.73368E+00 3.74932E+00 5.35833E+00 3.66865E+00 3.16066E+00 9.72662E+01 
1.60075E-02 8.05650E-02 2.28574E+00 -4.45058E-02 -4.58964E-02 -4.31664E-02 -3.42024E-02 2.28574E+00 8.05650E-02 1.60075E-02 -2.38273E+00 
1.60075E-02 8.05650E-02 2.26832E+00 -2.24711E-02 -2.38528E-02 -2.08817E-02 -1.16903E-02 2.26832E+00 8.05650E-02 1.60075E-02 -1.77037E+00 
1.60075E-02 1.00957E-02 2.25573E+00 3.98879E-03 2.61712E-03 5.83780E-03 1.52614E-02 2.25573E+00 1.00957E-02 1.60075E-02 -1.05663E+00 
1.60075E-02 3.72245E-02 2.24821E+00 3.51921E-02 3.38315E-02 3.73116E-02 4.69728E-02 2.24821E+00 3.72245E-02 1.60075E-02 -2.40186E-01 
1.60075E-02 6.99399E-02 2.24615E+00 7.19845E-02 7.06362E-02 7.43876E-02 8.42940E-02 2.24615E+00 6.99399E-02 1.60075E-02 7.20281E-01 
1.60075E-02 1.08729E-01 2.25007E+00 1.14847E-01 1.13513E-01 1.17547E-01 1.27707E-01 2.25007E+00 1.08729E-01 1.60075E-02 1.84359E+00 
1.60075E-02 1.54115E-01 2.26055E+00 1.64298E-01 1.62978E-01 1.67309E-01 1.77729E-01 2.26055E+00 1.54115E-01 1.60075E-02 3.14955E+00 
1.60075E-02 1.94111E-01 2.27353E+00 2.07430E-01 2.06122E-01 2.10691E-01 2.21318E-01 2.27353E+00 1.94111E-01 1.60075E-02 4.29836E+00 
1.60075E-02 2.06653E-01 2.27817E+00 2.20887E-01 2.19583E-01 2.24223E-01 2.34912E-01 2.27817E+00 2.06653E-01 1.60075E-02 4.65865E+00 
1.60075E-02 2.71997E-01 2.30590E+00 2.90576E-01 2.89291E-01 2.94279E-01 3.05267E-01 2.30590E+00 2.71997E-01 1.60075E-02 6.53758E+00 
1.60075E-02 3.47134E-01 2.34351E+00 3.70030E-01 3.68766E-01 3.74118E-01 3.85415E-01 2.34351E+00 3.47134E-01 1.60075E-02 8.70374E+00 
1.60075E-02 4.32904E-01 2.39188E+00 4.60084E-01 4.58842E-01 4.64575E-01 4.76190E-01 2.39188E+00 4.32904E-01 1.60075E-02 1.11838E+01 
1.60075E-02 5.30196E-01 2.45194E+00 5.61619E-01 5.60402E-01 5.66532E-01 5.78475E-01 2.45194E+00 5.30196E-01 1.60075E-02 1.40038E+01 
9.29451E-02 6.36802E-01 2.52188E+00 6.72380E-01 6.71189E-01 6.77733E-01 6.90013E-01 2.52188E+00 6.36802E-01 9.29451E-02 1.70422E+01 
2.17995E-01 7.56773E-01 2.60525E+00 7.96476E-01 7.95315E-01 8.02294E-01 8.14923E-01 2.60525E+00 7.56773E-01 2.17995E-01 2.04207E+01 
3.58269E-01 8.91906E-01 2.70379E+00 9.35708E-01 9.34579E-01 9.42014E-01 9.55004E-01 2.70379E+00 8.91906E-01 3.58269E-01 2.41927E+01 
5.14890E-01 1.04332E+00 2.81870E+00 1.09119E+00 1.09010E+00 1.09801E+00 1.11138E+00 2.81870E+00 1.04332E+00 5.14890E-01 2.83816E+01 
6.88998E-01 1.21218E+00 2.95116E+00 1.26407E+00 1.26302E+00 1.27143E+00 1.28518E+00 2.95116E+00 1.21218E+00 6.88998E-01 3.30080E+01 
8.81746E-01 1.39962E+00 3.10238E+00 1.45550E+00 1.45448E+00 1.46342E+00 1.47757E+00 3.10238E+00 1.39962E+00 8.81746E-01 3.80898E+01 
1.09428E+00 1.60680E+00 3.27355E+00 1.66662E+00 1.66564E+00 1.67512E+00 1.68969E+00 3.27355E+00 1.60680E+00 1.09428E+00 4.36413E+01 
1.32773E+00 1.83486E+00 3.46585E+00 1.89855E+00 1.89762E+00 1.90768E+00 1.92267E+00 3.46585E+00 1.83486E+00 1.32773E+00 4.96726E+01 
1.58319E+00 2.08489E+00 3.68042E+00 2.15240E+00 2.15152E+00 2.16217E+00 2.17761E+00 3.68042E+00 2.08489E+00 1.58319E+00 5.61897E+01 
1.86171E+00 2.35795E+00 3.91834E+00 2.42921E+00 2.42838E+00 2.43965E+00 2.45555E+00 3.91834E+00 2.35795E+00 1.86171E+00 6.31937E+01 
2.16426E+00 2.65501E+00 4.18063E+00 2.72995E+00 2.72918E+00 2.74110E+00 2.75747E+00 4.18063E+00 2.65501E+00 2.16426E+00 7.06807E+01 
2.49172E+00 2.97696E+00 4.46819E+00 3.05551E+00 3.05480E+00 3.06739E+00 3.08424E+00 4.46819E+00 2.97696E+00 2.49172E+00 7.86417E+01 
2.84488E+00 3.32459E+00 4.78185E+00 3.40666E+00 3.40602E+00 3.41931E+00 3.43667E+00 4.78185E+00 3.32459E+00 2.84488E+00 8.70624E+01 
1.49008E-02 7.90063E-02 1.96716E+00 -4.36692E-03 -5.86376E-03 -2.50222E-03 7.57214E-03 1.96716E+00 7.90063E-02 1.49008E-02 -2.00359E+00 
1.49008E-02 7.90063E-02 1.95497E+00 1.73245E-02 1.58416E-02 1.94866E-02 2.98102E-02 1.95497E+00 7.90063E-02 1.49008E-02 -1.40454E+00 
1.49008E-02 1.00677E-02 1.94720E+00 4.30919E-02 4.16241E-02 4.55623E-02 5.61401E-02 1.94720E+00 1.00677E-02 1.49008E-02 -7.11272E-01 
1.49008E-02 3.68317E-02 1.94407E+00 7.32159E-02 7.17645E-02 7.60068E-02 8.68448E-02 1.94407E+00 3.68317E-02 1.49008E-02 7.63314E-02 
1.49008E-02 6.87179E-02 1.94594E+00 1.08462E-01 1.07028E-01 1.11588E-01 1.22695E-01 1.94594E+00 6.87179E-02 1.49008E-02 9.97778E-01 
1.49008E-02 1.06153E-01 1.95330E+00 1.49251E-01 1.47837E-01 1.52729E-01 1.64112E-01 1.95330E+00 1.06153E-01 1.49008E-02 2.06944E+00 
1.49008E-02 1.49593E-01 1.96661E+00 1.96036E-01 1.94643E-01 1.99881E-01 2.11549E-01 1.96661E+00 1.49593E-01 1.49008E-02 3.30841E+00 
1.49008E-02 1.87631E-01 1.98133E+00 2.36653E-01 2.35277E-01 2.40792E-01 2.52688E-01 1.98133E+00 1.87631E-01 1.49008E-02 4.39292E+00 
1.49008E-02 1.99520E-01 1.98641E+00 2.49295E-01 2.47924E-01 2.53522E-01 2.65485E-01 1.98641E+00 1.99520E-01 1.49008E-02 4.73211E+00 
1.49008E-02 2.61212E-01 2.01565E+00 3.14557E-01 3.13213E-01 3.19216E-01 3.31506E-01 2.01565E+00 2.61212E-01 1.49008E-02 6.49453E+00 
1.49008E-02 3.31721E-01 2.05377E+00 3.88609E-01 3.87293E-01 3.93720E-01 4.06348E-01 2.05377E+00 3.31721E-01 1.49008E-02 8.51442E+00 
1.49008E-02 4.11766E-01 2.10154E+00 4.72167E-01 4.70881E-01 4.77750E-01 4.90725E-01 2.10154E+00 4.11766E-01 1.49008E-02 1.08136E+01 
1.49008E-02 5.02100E-01 2.15975E+00 5.65976E-01 5.64724E-01 5.72054E-01 5.85387E-01 2.15975E+00 5.02100E-01 1.49008E-02 1.34129E+01 
8.63551E-02 6.00896E-01 2.22690E+00 6.68172E-01 6.66955E-01 6.74764E-01 6.88465E-01 2.22690E+00 6.00896E-01 8.63551E-02 1.61922E+01 
2.01974E-01 7.11562E-01 2.30598E+00 7.82207E-01 7.81029E-01 7.89340E-01 8.03422E-01 2.30598E+00 7.11562E-01 2.01974E-01 1.92652E+01 
3.31015E-01 8.35588E-01 2.39844E+00 9.09579E-01 9.08442E-01 9.17279E-01 9.31756E-01 2.39844E+00 8.35588E-01 3.31015E-01 2.26783E+01 
4.74398E-01 9.73898E-01 2.50524E+00 1.05120E+00 1.05011E+00 1.05950E+00 1.07438E+00 2.50524E+00 9.73898E-01 4.74398E-01 2.64487E+01 
6.33046E-01 1.12742E+00 2.62736E+00 1.20801E+00 1.20696E+00 1.21692E+00 1.23223E+00 2.62736E+00 1.12742E+00 6.33046E-01 3.05914E+01 
8.07883E-01 1.29709E+00 2.76576E+00 1.38091E+00 1.37992E+00 1.39048E+00 1.40622E+00 2.76577E+00 1.29709E+00 8.07883E-01 3.51181E+01 
9.99813E-01 1.48380E+00 2.92140E+00 1.57082E+00 1.56988E+00 1.58107E+00 1.59726E+00 2.92141E+00 1.48380E+00 9.99813E-01 4.00373E+01 
1.20971E+00 1.68845E+00 3.09520E+00 1.77860E+00 1.77772E+00 1.78957E+00 1.80623E+00 3.09520E+00 1.68845E+00 1.20971E+00 4.53539E+01 
1.43842E+00 1.91187E+00 3.28801E+00 2.00511E+00 2.00429E+00 2.01681E+00 2.03396E+00 3.28801E+00 1.91187E+00 1.43842E+00 5.10686E+01 
1.68671E+00 2.15485E+00 3.50066E+00 2.25110E+00 2.25035E+00 2.26359E+00 2.28123E+00 3.50066E+00 2.15485E+00 1.68671E+00 5.71783E+01 
1.95528E+00 2.41808E+00 3.73388E+00 2.51730E+00 2.51662E+00 2.53059E+00 2.54875E+00 3.73388E+00 2.41808E+00 1.95528E+00 6.36750E+01 
2.24476E+00 2.70220E+00 3.98832E+00 2.80431E+00 2.80370E+00 2.81844E+00 2.83713E+00 3.98832E+00 2.70220E+00 2.24476E+00 7.05468E+01 
2.55565E+00 3.00771E+00 4.26451E+00 3.11265E+00 3.11212E+00 3.12765E+00 3.14689E+00 4.26451E+00 3.00771E+00 2.55565E+00 7.77772E+01 
1.38433E-02 7.71833E-02 1.69260E+00 2.93804E-02 2.77786E-02 3.19146E-02 4.32160E-02 1.69260E+00 7.71833E-02 1.38433E-02 -1.65681E+00 
1.38433E-02 7.71833E-02 1.68482E+00 5.06872E-02 4.91055E-02 5.35742E-02 6.51480E-02 1.68482E+00 7.71833E-02 1.38433E-02 -1.07126E+00 
1.38433E-02 9.98659E-03 1.68108E+00 7.57360E-02 7.41759E-02 7.89881E-02 9.08397E-02 1.68108E+00 9.98659E-03 1.38433E-02 -3.98559E-01 
1.38433E-02 3.62775E-02 1.68157E+00 1.04773E-01 1.03236E-01 1.08404E-01 1.20540E-01 1.68157E+00 3.62775E-02 1.38433E-02 3.60324E-01 
1.38433E-02 6.72506E-02 1.68664E+00 1.38490E-01 1.36978E-01 1.42518E-01 1.54946E-01 1.68664E+00 6.72506E-02 1.38433E-02 1.24308E+00 
1.38433E-02 1.03277E-01 1.69671E+00 1.77254E-01 1.75769E-01 1.81695E-01 1.94426E-01 1.69671E+00 1.03277E-01 1.38433E-02 2.26382E+00 
1.38433E-02 1.44754E-01 1.71219E+00 2.21458E-01 2.20001E-01 2.26330E-01 2.39373E-01 1.71219E+00 1.44754E-01 1.38433E-02 3.43711E+00 
1.38433E-02 1.80850E-01 1.72816E+00 2.59654E-01 2.58220E-01 2.64873E-01 2.78163E-01 1.72816E+00 1.80850E-01 1.38433E-02 4.45895E+00 
1.38433E-02 1.92097E-01 1.73353E+00 2.71513E-01 2.70086E-01 2.76835E-01 2.90199E-01 1.73353E+00 1.92097E-01 1.38433E-02 4.77764E+00 
1.38433E-02 2.50222E-01 1.76364E+00 3.32543E-01 3.31152E-01 3.38372E-01 3.52093E-01 1.76364E+00 2.50222E-01 1.38433E-02 6.42732E+00 
1.38433E-02 3.16260E-01 1.80174E+00 4.01459E-01 4.00106E-01 4.07818E-01 4.21907E-01 1.80174E+00 3.16260E-01 1.38433E-02 8.30660E+00 
1.38433E-02 3.90819E-01 1.84844E+00 4.78868E-01 4.77555E-01 4.85779E-01 5.00248E-01 1.84844E+00 3.90819E-01 1.38433E-02 1.04330E+01 
1.38433E-02 4.74534E-01 1.90443E+00 5.65400E-01 5.64129E-01 5.72887E-01 5.87746E-01 1.90443E+00 4.74534E-01 1.38433E-02 1.28230E+01 
8.00746E-02 5.65904E-01 1.96849E+00 6.59519E-01 6.58295E-01 6.67606E-01 6.82866E-01 1.96849E+00 5.65904E-01 8.00746E-02 1.53587E+01 
1.86764E-01 6.67772E-01 2.04309E+00 7.64108E-01 7.62933E-01 7.72822E-01 7.88498E-01 2.04309E+00 6.67772E-01 1.86764E-01 1.81460E+01 
3.05239E-01 7.81364E-01 2.12944E+00 8.80397E-01 8.79275E-01 8.89769E-01 9.05875E-01 2.12944E+00 7.81364E-01 3.05239E-01 2.12253E+01 
4.36240E-01 9.07429E-01 2.22831E+00 1.00913E+00 1.00806E+00 1.01919E+00 1.03574E+00 2.22831E+00 9.07429E-01 4.36240E-01 2.46090E+01 
5.80506E-01 1.04671E+00 2.34048E+00 1.15104E+00 1.15004E+00 1.16182E+00 1.17884E+00 2.34048E+00 1.04671E+00 5.80506E-01 2.83066E+01 
7.38764E-01 1.19994E+00 2.46673E+00 1.30686E+00 1.30592E+00 1.31840E+00 1.33588E+00 2.46673E+00 1.19994E+00 7.38764E-01 3.23255E+01 
9.11712E-01 1.36781E+00 2.60778E+00 1.47729E+00 1.47642E+00 1.48961E+00 1.50759E+00 2.60778E+00 1.36781E+00 9.11712E-01 3.66694E+01 
1.10002E+00 1.55101E+00 2.76435E+00 1.66299E+00 1.66219E+00 1.67613E+00 1.69462E+00 2.76435E+00 1.55101E+00 1.10002E+00 4.13390E+01 
1.30429E+00 1.75015E+00 2.93707E+00 1.86458E+00 1.86386E+00 1.87857E+00 1.89759E+00 2.93707E+00 1.75015E+00 1.30429E+00 4.63312E+01 
1.52510E+00 1.96579E+00 3.12654E+00 2.08263E+00 2.08198E+00 2.09750E+00 2.11706E+00 3.12654E+00 1.96579E+00 1.52510E+00 5.16396E+01 
1.76292E+00 2.19843E+00 3.33326E+00 2.31760E+00 2.31704E+00 2.33340E+00 2.35351E+00 3.33326E+00 2.19843E+00 1.76292E+00 5.72538E+01 
2.01815E+00 2.44845E+00 3.55767E+00 2.56991E+00 2.56944E+00 2.58667E+00 2.60735E+00 3.55767E+00 2.44845E+00 2.01815E+00 6.31599E+01 
2.29109E+00 2.71617E+00 3.80008E+00 2.83985E+00 2.83947E+00 2.85760E+00 2.87888E+00 3.80008E+00 2.71617E+00 2.29109E+00 6.93402E+01 
1.28342E-02 7.51281E-02 1.45600E+00 5.76648E-02 5.59629E-02 6.10473E-02 7.36988E-02 1.45600E+00 7.51281E-02 1.28342E-02 -1.33904E+00 
1.28342E-02 7.51281E-02 1.45193E+00 7.85428E-02 7.68687E-02 8.23426E-02 9.52911E-02 1.45193E+00 7.51281E-02 1.28342E-02 -7.67287E-01 
1.28342E-02 9.85769E-03 1.45152E+00 1.02844E-01 1.01200E-01 1.07075E-01 1.20327E-01 1.45152E+00 9.85769E-03 1.28342E-02 -1.15364E-01 
1.28342E-02 3.55791E-02 1.45498E+00 1.30785E-01 1.29172E-01 1.35463E-01 1.49024E-01 1.45498E+00 3.55791E-02 1.28342E-02 6.14813E-01 
1.28342E-02 6.55668E-02 1.46261E+00 1.62988E-01 1.61408E-01 1.68131E-01 1.82012E-01 1.46261E+00 6.55668E-02 1.28342E-02 1.45912E+00 
1.28342E-02 1.00142E-01 1.47478E+00 1.99770E-01 1.98226E-01 2.05400E-01 2.19610E-01 1.47478E+00 1.00142E-01 1.28342E-02 2.42959E+00 
1.28342E-02 1.39647E-01 1.49184E+00 2.41470E-01 2.39964E-01 2.47607E-01 2.62156E-01 1.49184E+00 1.39647E-01 1.28342E-02 3.53849E+00 
1.28342E-02 1.73823E-01 1.50865E+00 2.77335E-01 2.75860E-01 2.83878E-01 2.98697E-01 1.50865E+00 1.73823E-01 1.28342E-02 4.49924E+00 
1.28342E-02 1.84439E-01 1.51419E+00 2.88443E-01 2.86976E-01 2.95106E-01 3.10006E-01 1.51419E+00 1.84439E-01 1.28342E-02 4.79801E+00 
1.28342E-02 2.39090E-01 1.54466E+00 3.45425E-01 3.44005E-01 3.52681E-01 3.67970E-01 1.54466E+00 2.39090E-01 1.28342E-02 6.33865E+00 
1.28342E-02 3.00814E-01 1.58226E+00 4.09457E-01 4.08086E-01 4.17331E-01 4.33020E-01 1.58226E+00 3.00814E-01 1.28342E-02 8.08289E+00 
1.28342E-02 3.70126E-01 1.62753E+00 4.81048E-01 4.79729E-01 4.89566E-01 5.05669E-01 1.62753E+00 3.70126E-01 1.28342E-02 1.00445E+01 
1.28342E-02 4.47553E-01 1.68102E+00 5.60723E-01 5.59459E-01 5.69912E-01 5.86440E-01 1.68102E+00 4.47553E-01 1.28342E-02 1.22361E+01 
7.40982E-02 5.31872E-01 1.74177E+00 6.47232E-01 6.46027E-01 6.57117E-01 6.74081E-01 1.74177E+00 5.31872E-01 7.40982E-02 1.45430E+01 
1.72347E-01 6.25434E-01 1.81180E+00 7.42957E-01 7.41814E-01 7.53569E-01 7.70985E-01 1.81180E+00 6.25434E-01 1.72347E-01 1.70637E+01 
2.80895E-01 7.29239E-01 1.89208E+00 8.48899E-01 8.47823E-01 8.60272E-01 8.78157E-01 1.89208E+00 7.29239E-01 2.80895E-01 1.98333E+01 
4.00332E-01 8.43881E-01 1.98324E+00 9.65650E-01 9.64645E-01 9.77818E-01 9.96187E-01 1.98324E+00 8.43881E-01 4.00332E-01 2.28599E+01 
5.31237E-01 9.69945E-01 2.08591E+00 1.09379E+00 1.09286E+00 1.10679E+00 1.12566E+00 2.08591E+00 9.69945E-01 5.31237E-01 2.61492E+01 
6.74170E-01 1.10799E+00 2.20066E+00 1.23388E+00 1.23303E+00 1.24774E+00 1.26713E+00 2.20066E+00 1.10799E+00 6.74170E-01 2.97044E+01 
8.29656E-01 1.25856E+00 2.32807E+00 1.38644E+00 1.38567E+00 1.40120E+00 1.42113E+00 2.32807E+00 1.25856E+00 8.29656E-01 3.35259E+01 
9.98184E-01 1.42213E+00 2.46865E+00 1.55197E+00 1.55129E+00 1.56767E+00 1.58815E+00 2.46865E+00 1.42213E+00 9.98184E-01 3.76111E+01 
1.18019E+00 1.59915E+00 2.62287E+00 1.73090E+00 1.73031E+00 1.74757E+00 1.76862E+00 2.62287E+00 1.59915E+00 1.18019E+00 4.19544E+01 
1.37606E+00 1.79001E+00 2.79112E+00 1.92361E+00 1.92313E+00 1.94130E+00 1.96294E+00 2.79112E+00 1.79001E+00 1.37606E+00 4.65470E+01 
1.58609E+00 1.99501E+00 2.97375E+00 2.13042E+00 2.13003E+00 2.14916E+00 2.17140E+00 2.97375E+00 1.99501E+00 1.58609E+00 5.13769E+01 
1.81050E+00 2.21438E+00 3.17100E+00 2.35154E+00 2.35126E+00 2.37137E+00 2.39423E+00 3.17100E+00 2.21438E+00 1.81050E+00 5.64292E+01 
2.04944E+00 2.44826E+00 3.38303E+00 2.58711E+00 2.58695E+00 2.60807E+00 2.63158E+00 3.38303E+00 2.44826E+00 2.04944E+00 6.16860E+01 
1.18730E-02 7.28703E-02 1.25215E+00 8.12822E-02 7.94900E-02 8.57336E-02 9.98642E-02 1.25215E+00 7.28703E-02 1.18730E-02 -1.04727E+00 
1.18730E-02 7.28703E-02 1.25116E+00 1.01686E-01 9.99306E-02 1.06629E-01 1.21083E-01 1.25116E+00 7.28703E-02 1.18730E-02 -4.89743E-01 
1.18730E-02 9.68584E-03 1.25351E+00 1.25210E-01 1.23494E-01 1.30661E-01 1.45444E-01 1.25351E+00 9.68584E-03 1.18730E-02 1.41102E-01 
1.18730E-02 3.47526E-02 1.25935E+00 1.52042E-01 1.50368E-01 1.58019E-01 1.73139E-01 1.25935E+00 3.47526E-02 1.18730E-02 8.42505E-01 
1.18730E-02 6.36932E-02 1.26899E+00 1.82743E-01 1.81112E-01 1.89266E-01 2.04734E-01 1.26899E+00 6.36932E-02 1.18730E-02 1.64855E+00 
1.18730E-02 9.67843E-02 1.28274E+00 2.17584E-01 2.16000E-01 2.24677E-01 2.40503E-01 1.28274E+00 9.67843E-02 1.18730E-02 2.56936E+00 
1.18730E-02 1.34318E-01 1.30090E+00 2.56856E-01 2.55321E-01 2.64541E-01 2.80737E-01 1.30090E+00 1.34318E-01 1.18730E-02 3.61511E+00 
1.18730E-02 1.66602E-01 1.31818E+00 2.90474E-01 2.88979E-01 2.98634E-01 3.15123E-01 1.31818E+00 1.66602E-01 1.18730E-02 4.51634E+00 
1.18730E-02 1.76599E-01 1.32380E+00 3.00860E-01 2.99377E-01 3.09161E-01 3.25737E-01 1.32380E+00 1.76599E-01 1.18730E-02 4.79577E+00 
1.18730E-02 2.27871E-01 1.35420E+00 3.53970E-01 3.52546E-01 3.62962E-01 3.79961E-01 1.35420E+00 2.27871E-01 1.18730E-02 6.23102E+00 
1.18730E-02 2.85443E-01 1.39094E+00 4.13356E-01 4.11995E-01 4.23068E-01 4.40503E-01 1.39094E+00 2.85443E-01 1.18730E-02 7.84569E+00 
1.18730E-02 3.49741E-01 1.43448E+00 4.79443E-01 4.78148E-01 4.89903E-01 5.07787E-01 1.43448E+00 3.49741E-01 1.18730E-02 9.65032E+00 
1.18730E-02 4.21202E-01 1.48527E+00 5.52662E-01 5.51437E-01 5.63901E-01 5.82248E-01 1.48527E+00 4.21202E-01 1.18730E-02 1.16542E+01 
6.84203E-02 4.98838E-01 1.54255E+00 6.32005E-01 6.30853E-01 6.44048E-01 6.62869E-01 1.54255E+00 4.98838E-01 6.84203E-02 1.37465E+01 
1.58701E-01 5.84572E-01 1.60797E+00 7.19419E-01 7.18346E-01 7.32302E-01 7.51615E-01 1.60797E+00 5.84572E-01 1.58701E-01 1.60189E+01 
2.57938E-01 6.79208E-01 1.68229E+00 8.15710E-01 8.14719E-01 8.29469E-01 8.49291E-01 1.68229E+00 6.79208E-01 2.57938E-01 1.85015E+01 
3.66590E-01 7.83211E-01 1.76602E+00 9.21340E-01 9.20436E-01 9.36013E-01 9.56362E-01 1.76602E+00 7.83211E-01 3.66590E-01 2.11991E+01 
4.85102E-01 8.97029E-01 1.85963E+00 1.03675E+00 1.03594E+00 1.05238E+00 1.07327E+00 1.85963E+00 8.97029E-01 4.85102E-01 2.41143E+01 
6.13890E-01 1.02108E+00 1.96357E+00 1.16237E+00 1.16165E+00 1.17898E+00 1.20044E+00 1.96357E+00 1.02108E+00 6.13890E-01 2.72472E+01 
7.53339E-01 1.15576E+00 2.07826E+00 1.29857E+00 1.29795E+00 1.31621E+00 1.33825E+00 2.07826E+00 1.15576E+00 7.53339E-01 3.05956E+01 
9.03789E-01 1.30141E+00 2.20405E+00 1.44570E+00 1.44519E+00 1.46441E+00 1.48705E+00 2.20405E+00 1.30141E+00 9.03789E-01 3.41545E+01 
1.06553E+00 1.45833E+00 2.34127E+00 1.60405E+00 1.60366E+00 1.62388E+00 1.64714E+00 2.34127E+00 1.45833E+00 1.06553E+00 3.79164E+01 
1.23880E+00 1.62675E+00 2.49018E+00 1.77386E+00 1.77358E+00 1.79484E+00 1.81874E+00 2.49018E+00 1.62675E+00 1.23880E+00 4.18712E+01 
1.42377E+00 1.80685E+00 2.65095E+00 1.95529E+00 1.95514E+00 1.97746E+00 2.00202E+00 2.65095E+00 1.80685E+00 1.42377E+00 4.60061E+01 
1.62051E+00 1.99871E+00 2.82371E+00 2.14844E+00 2.14842E+00 2.17185E+00 2.19708E+00 2.82371E+00 1.99871E+00 1.62051E+00 5.03061E+01 
1.82905E+00 2.20235E+00 3.00847E+00 2.35332E+00 2.35344E+00 2.37800E+00 2.40394E+00 3.00847E+00 2.20235E+00 1.82905E+00 5.47536E+01 
1.09590E-02 7.04376E-02 1.07655E+00 1.00914E-01 9.90481E-02 1.06706E-01 1.22449E-01 1.07655E+00 7.04376E-02 1.09590E-02 -7.78862E-01 
1.09590E-02 7.04376E-02 1.07811E+00 1.20797E-01 1.18979E-01 1.27167E-01 1.43261E-01 1.07811E+00 7.04376E-02 1.09590E-02 -2.36068E-01 
1.09590E-02 9.47561E-03 1.08268E+00 1.43513E-01 1.41746E-01 1.50479E-01 1.66930E-01 1.08268E+00 9.47561E-03 1.09590E-02 3.73318E-01 
1.09590E-02 3.38129E-02 1.09042E+00 1.69225E-01 1.67512E-01 1.76807E-01 1.93624E-01 1.09042E+00 3.38129E-02 1.09590E-02 1.04581E+00 
1.09590E-02 6.16548E-02 1.10160E+00 1.98434E-01 1.96778E-01 2.06656E-01 2.23851E-01 1.10160E+00 6.16548E-02 1.09590E-02 1.81374E+00 
1.09590E-02 9.32373E-02 1.11647E+00 2.31373E-01 2.29777E-01 2.40260E-01 2.57844E-01 1.11647E+00 9.32373E-02 1.09590E-02 2.68547E+00 
1.09590E-02 1.28809E-01 1.13531E+00 2.68288E-01 2.66754E-01 2.77865E-01 2.95851E-01 1.13531E+00 1.28809E-01 1.09590E-02 3.66932E+00 
1.09590E-02 1.59232E-01 1.15278E+00 2.99740E-01 2.98257E-01 3.09870E-01 3.28174E-01 1.15278E+00 1.59232E-01 1.09590E-02 4.51257E+00 
1.09590E-02 1.68625E-01 1.15839E+00 3.09432E-01 3.07964E-01 3.19727E-01 3.38126E-01 1.15839E+00 1.68625E-01 1.09590E-02 4.77323E+00 
1.09590E-02 2.16619E-01 1.18836E+00 3.58838E-01 3.57445E-01 3.69935E-01 3.88793E-01 1.18836E+00 2.16619E-01 1.09590E-02 6.10670E+00 
1.09590E-02 2.70199E-01 1.22395E+00 4.13806E-01 4.12492E-01 4.25738E-01 4.45070E-01 1.22395E+00 2.70199E-01 1.09590E-02 7.59720E+00 
1.09590E-02 3.29716E-01 1.26554E+00 4.74687E-01 4.73456E-01 4.87486E-01 5.07306E-01 1.26554E+00 3.29716E-01 1.09590E-02 9.25245E+00 
1.09590E-02 3.95525E-01 1.31349E+00 5.41831E-01 5.40687E-01 5.55529E-01 5.75852E-01 1.31349E+00 3.95525E-01 1.09590E-02 1.10789E+01 
6.30348E-02 4.66833E-01 1.36722E+00 6.14429E-01 6.13376E-01 6.29055E-01 6.49893E-01 1.36722E+00 4.66833E-01 6.30348E-02 1.29704E+01 
1.45806E-01 5.45201E-01 1.42804E+00 6.94059E-01 6.93102E-01 7.09651E-01 7.31023E-01 1.42804E+00 5.45201E-01 1.45806E-01 1.50118E+01 
2.36322E-01 6.31263E-01 1.49656E+00 7.81357E-01 7.80502E-01 7.97955E-01 8.19880E-01 1.49656E+00 6.31263E-01 2.36322E-01 1.72291E+01 
3.34932E-01 7.25372E-01 1.57315E+00 8.76675E-01 8.75925E-01 8.94320E-01 9.16817E-01 1.57315E+00 7.25372E-01 3.34932E-01 1.96243E+01 
4.41964E-01 8.27862E-01 1.65819E+00 9.80341E-01 9.79704E-01 9.99076E-01 1.02217E+00 1.65819E+00 8.27862E-01 4.41964E-01 2.21976E+01 
5.57721E-01 9.39038E-01 1.75199E+00 1.09266E+00 1.09214E+00 1.11253E+00 1.13623E+00 1.75199E+00 9.39038E-01 5.57721E-01 2.49468E+01 
6.82465E-01 1.05917E+00 1.85485E+00 1.21390E+00 1.21350E+00 1.23494E+00 1.25927E+00 1.85485E+00 1.05917E+00 6.82465E-01 2.78677E+01 
8.16420E-01 1.18848E+00 1.96701E+00 1.34427E+00 1.34401E+00 1.36653E+00 1.39152E+00 1.96701E+00 1.18848E+00 8.16420E-01 3.09538E+01 
9.59758E-01 1.32715E+00 2.08866E+00 1.48397E+00 1.48384E+00 1.50749E+00 1.53315E+00 2.08866E+00 1.32715E+00 9.59758E-01 3.41964E+01 
1.11260E+00 1.47531E+00 2.21996E+00 1.63311E+00 1.63312E+00 1.65793E+00 1.68428E+00 2.21996E+00 1.47531E+00 1.11260E+00 3.75848E+01 
1.27500E+00 1.63300E+00 2.36097E+00 1.79174E+00 1.79189E+00 1.81791E+00 1.84497E+00 2.36097E+00 1.63300E+00 1.27500E+00 4.11060E+01 
1.44695E+00 1.80024E+00 2.51169E+00 1.95986E+00 1.96016E+00 1.98741E+00 2.01522E+00 2.51169E+00 1.80024E+00 1.44695E+00 4.47451E+01 
1.62836E+00 1.97692E+00 2.67207E+00 2.13738E+00 2.13785E+00 2.16637E+00 2.19493E+00 2.67207E+00 1.97692E+00 1.62836E+00 4.84859E+01 
1.00782E-02 6.78144E-02 9.23151E-01 1.17372E-01 1.15456E-01 1.24865E-01 1.42385E-01 9.23151E-01 6.78144E-02 1.00782E-02 -5.27788E-01 
1.00782E-02 6.78144E-02 9.26811E-01 1.36678E-01 1.34825E-01 1.44851E-01 1.62751E-01 9.26811E-01 6.78144E-02 1.00782E-02 -5.63322E-04 
1.00782E-02 9.22720E-03 9.33192E-01 1.58542E-01 1.56755E-01 1.67414E-01 1.85703E-01 9.33192E-01 9.22720E-03 1.00782E-02 5.86578E-01 
1.00782E-02 3.27571E-02 9.42412E-01 1.83105E-01 1.81386E-01 1.92696E-01 2.11382E-01 9.42412E-01 3.27571E-02 1.00782E-02 1.22953E+00 
1.00782E-02 5.94398E-02 9.54730E-01 2.10810E-01 2.09163E-01 2.21149E-01 2.40246E-01 9.54730E-01 5.94398E-02 1.00782E-02 1.95886E+00 
1.00782E-02 8.94742E-02 9.70363E-01 2.41855E-01 2.40284E-01 2.52970E-01 2.72489E-01 9.70363E-01 8.94742E-02 1.00782E-02 2.78134E+00 
1.00782E-02 1.23069E-01 9.89535E-01 2.76446E-01 2.74954E-01 2.88366E-01 3.08321E-01 9.89535E-01 1.23069E-01 1.00782E-02 3.70357E+00 
1.00782E-02 1.51641E-01 1.00694E+00 3.05778E-01 3.04350E-01 3.18340E-01 3.38642E-01 1.00694E+00 1.51641E-01 1.00782E-02 4.48954E+00 
1.00782E-02 1.60436E-01 1.01248E+00 3.14794E-01 3.13385E-01 3.27548E-01 3.47952E-01 1.01248E+00 1.60436E-01 1.00782E-02 4.73173E+00 
1.00782E-02 2.05207E-01 1.04171E+00 3.60602E-01 3.59286E-01 3.74287E-01 3.95191E-01 1.04171E+00 2.05207E-01 1.00782E-02 5.96553E+00 
1.00782E-02 2.54897E-01 1.07589E+00 4.11307E-01 4.10090E-01 4.25959E-01 4.47377E-01 1.07589E+00 2.54897E-01 1.00782E-02 7.33536E+00 
1.00782E-02 3.09792E-01 1.11533E+00 4.67191E-01 4.66077E-01 4.82845E-01 5.04794E-01 1.11533E+00 3.09792E-01 1.00782E-02 8.84655E+00 
1.00782E-02 3.70173E-01 1.16032E+00 5.28534E-01 5.27528E-01 5.45226E-01 5.67722E-01 1.16032E+00 3.70173E-01 1.00782E-02 1.05032E+01 
5.78584E-02 4.35414E-01 1.21041E+00 5.94696E-01 5.93801E-01 6.12455E-01 6.35512E-01 1.21041E+00 4.35414E-01 5.78584E-02 1.22041E+01 
1.33457E-01 5.06758E-01 1.26662E+00 6.66934E-01 6.66156E-01 6.85801E-01 7.09438E-01 1.26662E+00 5.06758E-01 1.33457E-01 1.40279E+01 
2.15696E-01 5.84693E-01 1.32943E+00 7.45736E-01 7.45082E-01 7.65757E-01 7.89995E-01 1.32943E+00 5.84693E-01 2.15696E-01 1.59967E+01 
3.04830E-01 6.69480E-01 1.39912E+00 8.31361E-01 8.30837E-01 8.52581E-01 8.77441E-01 1.39912E+00 6.69480E-01 3.04830E-01 1.81105E+01 
4.01092E-01 7.61354E-01 1.47595E+00 9.24043E-01 9.23653E-01 9.46505E-01 9.72009E-01 1.47595E+00 7.61354E-01 4.01092E-01 2.03675E+01 
5.04683E-01 8.60523E-01 1.56014E+00 1.02399E+00 1.02374E+00 1.04774E+00 1.07391E+00 1.56014E+00 8.60523E-01 5.04683E-01 2.27638E+01 
6.15769E-01 9.67157E-01 1.65188E+00 1.13136E+00 1.13126E+00 1.15644E+00 1.18330E+00 1.65188E+00 9.67157E-01 6.15769E-01 2.52940E+01 
7.34478E-01 1.08139E+00 1.75131E+00 1.24628E+00 1.24634E+00 1.27275E+00 1.30032E+00 1.75131E+00 1.08139E+00 7.34478E-01 2.79504E+01 
8.60887E-01 1.20329E+00 1.85855E+00 1.36885E+00 1.36907E+00 1.39674E+00 1.42504E+00 1.85855E+00 1.20329E+00 8.60887E-01 3.07240E+01 
9.95026E-01 1.33291E+00 1.97363E+00 1.49909E+00 1.49947E+00 1.52845E+00 1.55750E+00 1.97363E+00 1.33291E+00 9.95026E-01 3.36037E+01 
1.13687E+00 1.47022E+00 2.09654E+00 1.63697E+00 1.63752E+00 1.66785E+00 1.69767E+00 2.09654E+00 1.47022E+00 1.13687E+00 3.65768E+01 
1.28632E+00 1.61512E+00 2.22722E+00 1.78240E+00 1.78314E+00 1.81485E+00 1.84547E+00 2.22722E+00 1.61512E+00 1.28632E+00 3.96295E+01 
1.44324E+00 1.76749E+00 2.36552E+00 1.93525E+00 1.93617E+00 1.96930E+00 2.00075E+00 2.36552E+00 1.76749E+00 1.44324E+00 4.27465E+01 
9.25703E-03 6.51063E-02 7.93298E-01 1.30650E-01 1.28721E-01 1.40227E-01 1.59633E-01 7.93298E-01 6.51063E-02 9.25703E-03 -2.99737E-01 
9.25703E-03 6.51063E-02 7.98619E-01 1.49343E-01 1.47494E-01 1.59714E-01 1.79532E-01 7.98619E-01 6.51063E-02 9.25703E-03 2.11496E-01 
9.25703E-03 8.95241E-03 8.06384E-01 1.70339E-01 1.68573E-01 1.81524E-01 2.01763E-01 8.06384E-01 8.95241E-03 9.25703E-03 7.76243E-01 
9.25703E-03 3.16312E-02 8.16695E-01 1.93758E-01 1.92078E-01 2.05780E-01 2.26449E-01 8.16695E-01 3.16312E-02 9.25703E-03 1.38990E+00 
9.25703E-03 5.71386E-02 8.29786E-01 2.19994E-01 2.18404E-01 2.32884E-01 2.53998E-01 8.29786E-01 5.71386E-02 9.25703E-03 2.08133E+00 
9.25703E-03 8.56411E-02 8.45841E-01 2.49212E-01 2.47716E-01 2.63001E-01 2.84574E-01 8.45841E-01 8.56411E-02 9.25703E-03 2.85591E+00 
9.25703E-03 1.17312E-01 8.65046E-01 2.81583E-01 2.80185E-01 2.96302E-01 3.18348E-01 8.65046E-01 1.17312E-01 9.25703E-03 3.71875E+00 
9.25703E-03 1.44103E-01 8.82188E-01 3.08904E-01 3.07585E-01 3.24366E-01 3.46788E-01 8.82188E-01 1.44103E-01 9.25703E-03 4.44991E+00 
9.25703E-03 1.52326E-01 8.87591E-01 3.17280E-01 3.15985E-01 3.32963E-01 3.55496E-01 8.87591E-01 1.52326E-01 9.25703E-03 4.67449E+00 
9.25703E-03 1.94031E-01 9.15864E-01 3.59702E-01 3.58522E-01 3.76459E-01 3.99534E-01 9.15864E-01 1.94031E-01 9.25703E-03 5.81378E+00 
9.25703E-03 2.40056E-01 9.48485E-01 4.06420E-01 4.05361E-01 4.24290E-01 4.47924E-01 9.48485E-01 2.40056E-01 9.25703E-03 7.07013E+00 
9.25703E-03 2.90627E-01 9.85694E-01 4.57659E-01 4.56726E-01 4.76680E-01 5.00890E-01 9.85695E-01 2.90627E-01 9.25703E-03 8.44688E+00 
9.25703E-03 3.45963E-01 1.02773E+00 5.13637E-01 5.12835E-01 5.33847E-01 5.58652E-01 1.02773E+00 3.45963E-01 9.25703E-03 9.94619E+00 
5.30447E-02 4.05573E-01 1.07424E+00 5.73851E-01 5.73185E-01 5.95281E-01 6.20695E-01 1.07424E+00 4.05573E-01 5.30447E-02 1.14724E+01 
1.22015E-01 4.70436E-01 1.12602E+00 6.39291E-01 6.38766E-01 6.61986E-01 6.88029E-01 1.12602E+00 4.70436E-01 1.22015E-01 1.30978E+01 
1.96653E-01 5.40921E-01 1.18343E+00 7.10324E-01 7.09948E-01 7.34332E-01 7.61029E-01 1.18343E+00 5.40921E-01 1.96653E-01 1.48416E+01 
2.77137E-01 6.17209E-01 1.24666E+00 7.87132E-01 7.86911E-01 8.12502E-01 8.39874E-01 1.24666E+00 6.17209E-01 2.77137E-01 1.67022E+01 
3.63619E-01 6.99459E-01 1.31590E+00 8.69870E-01 8.69811E-01 8.96649E-01 9.24721E-01 1.31590E+00 6.99459E-01 3.63619E-01 1.86763E+01 
4.56223E-01 7.87799E-01 1.39129E+00 9.58665E-01 9.58773E-01 9.86901E-01 1.01570E+00 1.39129E+00 7.87799E-01 4.56223E-01 2.07591E+01 
5.55039E-01 8.82322E-01 1.47293E+00 1.05361E+00 1.05389E+00 1.08335E+00 1.11289E+00 1.47293E+00 8.82322E-01 5.55039E-01 2.29441E+01 
6.60117E-01 9.83082E-01 1.56090E+00 1.15475E+00 1.15521E+00 1.18604E+00 1.21636E+00 1.56090E+00 9.83082E-01 6.60117E-01 2.52234E+01 
7.71464E-01 1.09009E+00 1.65523E+00 1.26210E+00 1.26275E+00 1.29500E+00 1.32610E+00 1.65523E+00 1.09009E+00 7.71464E-01 2.75876E+01 
8.89044E-01 1.20332E+00 1.75588E+00 1.37563E+00 1.37648E+00 1.41018E+00 1.44210E+00 1.75588E+00 1.20332E+00 8.89044E-01 3.00261E+01 
1.01277E+00 1.32267E+00 1.86279E+00 1.49524E+00 1.49629E+00 1.53149E+00 1.56426E+00 1.86279E+00 1.32267E+00 1.01277E+00 3.25269E+01 
1.14249E+00 1.44802E+00 1.97583E+00 1.62081E+00 1.62207E+00 1.65880E+00 1.69244E+00 1.97583E+00 1.44802E+00 1.14249E+00 3.50771E+01 
1.27803E+00 1.57917E+00 2.09482E+00 1.75214E+00 1.75361E+00 1.79192E+00 1.82645E+00 2.09482E+00 1.57917E+00 1.27803E+00 3.76630E+01 
8.48033E-03 6.22953E-02 6.81517E-01 1.41455E-01 1.39564E-01 1.53609E-01 1.75035E-01 6.81517E-01 6.22953E-02 8.48033E-03 -8.88095E-02 
8.48033E-03 6.22953E-02 6.88143E-01 1.59491E-01 1.57700E-01 1.72568E-01 1.94441E-01 6.88143E-01 6.22953E-02 8.48033E-03 4.05711E-01 
8.48033E-03 8.65133E-03 6.96955E-01 1.79591E-01 1.77902E-01 1.93611E-01 2.15941E-01 6.96955E-01 8.65133E-03 8.48033E-03 9.47526E-01 
8.48033E-03 3.04315E-02 7.08041E-01 2.01856E-01 2.00274E-01 2.16845E-01 2.39642E-01 7.08041E-01 3.04315E-02 8.48033E-03 1.53164E+00 
8.48033E-03 5.47377E-02 7.21610E-01 2.26633E-01 2.25163E-01 2.42626E-01 2.65905E-01 7.21610E-01 5.47377E-02 8.48033E-03 2.18527E+00 
8.48033E-03 8.17071E-02 7.37814E-01 2.54059E-01 2.52705E-01 2.71090E-01 2.94866E-01 7.37814E-01 8.17071E-02 8.48033E-03 2.91254E+00 
8.48033E-03 1.11482E-01 7.56809E-01 2.84274E-01 2.83041E-01 3.02378E-01 3.26667E-01 7.56809E-01 1.11482E-01 8.48033E-03 3.71724E+00 
8.48033E-03 1.36535E-01 7.73518E-01 3.09657E-01 3.08520E-01 3.28614E-01 3.53311E-01 7.73518E-01 1.36535E-01 8.48033E-03 4.39515E+00 
8.48033E-03 1.44204E-01 7.78747E-01 3.17419E-01 3.16312E-01 3.36630E-01 3.61449E-01 7.78747E-01 1.44204E-01 8.48033E-03 4.60270E+00 
8.48033E-03 1.82953E-01 8.05879E-01 3.56603E-01 3.55636E-01 3.77047E-01 4.02454E-01 8.05879E-01 1.82953E-01 8.48033E-03 5.65105E+00 
8.48033E-03 2.25472E-01 8.36805E-01 3.99533E-01 3.98713E-01 4.21252E-01 4.47266E-01 8.36805E-01 2.25472E-01 8.48033E-03 6.79911E+00 
8.48033E-03 2.71937E-01 8.71714E-01 4.46385E-01 4.45716E-01 4.69418E-01 4.96059E-01 8.71714E-01 2.71937E-01 8.48033E-03 8.04857E+00 
8.48033E-03 3.22516E-01 9.10787E-01 4.97323E-01 4.96812E-01 5.21713E-01 5.49000E-01 9.10787E-01 3.22516E-01 8.48033E-03 9.40006E+00 
4.85029E-02 3.76824E-01 9.53762E-01 5.51956E-01 5.51608E-01 5.77735E-01 6.05683E-01 9.53763E-01 3.76824E-01 4.85029E-02 1.07636E+01 
1.11258E-01 4.35620E-01 1.00124E+00 6.11049E-01 6.10870E-01 6.38263E-01 6.66897E-01 1.00124E+00 4.35620E-01 1.11258E-01 1.22057E+01 
1.78813E-01 4.99173E-01 1.05348E+00 6.74869E-01 6.74868E-01 7.03571E-01 7.32915E-01 1.05348E+00 4.99173E-01 1.78813E-01 1.37430E+01 
2.51282E-01 5.67601E-01 1.11062E+00 7.43535E-01 7.43717E-01 7.73775E-01 8.03853E-01 1.11062E+00 5.67601E-01 2.51282E-01 1.53725E+01 
3.28755E-01 6.40997E-01 1.17276E+00 8.17136E-01 8.17509E-01 8.48967E-01 8.79805E-01 1.17276E+00 6.40997E-01 3.28755E-01 1.70901E+01 
4.11292E-01 7.19428E-01 1.23999E+00 8.95738E-01 8.96309E-01 9.29209E-01 9.60834E-01 1.23999E+00 7.19428E-01 4.11292E-01 1.88904E+01 
4.98920E-01 8.02924E-01 1.31234E+00 9.79370E-01 9.80147E-01 1.01453E+00 1.04697E+00 1.31234E+00 8.02924E-01 4.98920E-01 2.07664E+01 
5.91634E-01 8.91483E-01 1.38983E+00 1.06803E+00 1.06902E+00 1.10493E+00 1.13821E+00 1.38984E+00 8.91483E-01 5.91634E-01 2.27101E+01 
6.89387E-01 9.85062E-01 1.47244E+00 1.16167E+00 1.16288E+00 1.20036E+00 1.23450E+00 1.47244E+00 9.85062E-01 6.89387E-01 2.47125E+01 
7.92093E-01 1.08358E+00 1.56008E+00 1.26021E+00 1.26164E+00 1.30074E+00 1.33577E+00 1.56008E+00 1.08358E+00 7.92093E-01 2.67634E+01 
8.99622E-01 1.18691E+00 1.65264E+00 1.36352E+00 1.36518E+00 1.40593E+00 1.44188E+00 1.65264E+00 1.18691E+00 8.99622E-01 2.88518E+01 
1.01180E+00 1.29488E+00 1.74995E+00 1.47142E+00 1.47333E+00 1.51578E+00 1.55267E+00 1.74996E+00 1.29488E+00 1.01180E+00 3.09660E+01 
1.12841E+00 1.40728E+00 1.85183E+00 1.58372E+00 1.58587E+00 1.63005E+00 1.66791E+00 1.85183E+00 1.40728E+00 1.12841E+00 3.30939E+01 
7.74712E-03 5.94023E-02 5.85327E-01 1.50144E-01 1.48358E-01 1.65467E-01 1.89045E-01 5.85327E-01 5.94023E-02 7.74712E-03 1.06528E-01 
7.74712E-03 5.94023E-02 5.92948E-01 1.67481E-01 1.65820E-01 1.83873E-01 2.07935E-01 5.92948E-01 5.94023E-02 7.74712E-03 5.83562E-01 
7.74712E-03 8.32752E-03 6.02516E-01 1.86658E-01 1.85123E-01 2.04140E-01 2.28697E-01 6.02516E-01 8.32752E-03 7.74712E-03 1.10188E+00 
7.74712E-03 2.91696E-02 6.14104E-01 2.07759E-01 2.06356E-01 2.26358E-01 2.51423E-01 6.14104E-01 2.91696E-02 7.74712E-03 1.65621E+00 
7.74712E-03 5.22557E-02 6.27899E-01 2.31090E-01 2.29823E-01 2.50843E-01 2.76431E-01 6.27899E-01 5.22557E-02 7.74712E-03 2.27213E+00 
7.74712E-03 7.76975E-02 6.44026E-01 2.56760E-01 2.55634E-01 2.77705E-01 3.03834E-01 6.44026E-01 7.76975E-02 7.74712E-03 2.95269E+00 
7.74712E-03 1.05609E-01 6.62608E-01 2.84883E-01 2.83904E-01 3.07057E-01 3.33744E-01 6.62608E-01 1.05609E-01 7.74712E-03 3.70055E+00 
7.74712E-03 1.28973E-01 6.78751E-01 3.08397E-01 3.07535E-01 3.31548E-01 3.58679E-01 6.78751E-01 1.28973E-01 7.74712E-03 4.32680E+00 
7.74712E-03 1.36104E-01 6.83771E-01 3.15570E-01 3.14743E-01 3.39011E-01 3.66273E-01 6.83771E-01 1.36104E-01 7.74712E-03 4.51789E+00 
7.74712E-03 1.72007E-01 7.09620E-01 3.51658E-01 3.51001E-01 3.76508E-01 4.04410E-01 7.09620E-01 1.72007E-01 7.74712E-03 5.47888E+00 
7.74712E-03 2.11180E-01 7.38759E-01 3.90992E-01 3.90510E-01 4.17294E-01 4.45857E-01 7.38759E-01 2.11180E-01 7.74712E-03 6.52377E+00 
7.74712E-03 2.53754E-01 7.71332E-01 4.33702E-01 4.33402E-01 4.61500E-01 4.90745E-01 7.71332E-01 2.53754E-01 7.74712E-03 7.65296E+00 
7.74712E-03 2.99852E-01 8.07472E-01 4.79909E-01 4.79798E-01 5.09247E-01 5.39195E-01 8.07472E-01 2.99852E-01 7.74712E-03 8.86585E+00 
4.42258E-02 3.49179E-01 8.46989E-01 5.29311E-01 5.29393E-01 5.60220E-01 5.90889E-01 8.46989E-01 3.49179E-01 4.42258E-02 1.00783E+01 
1.01164E-01 4.02306E-01 8.90322E-01 5.82486E-01 5.82769E-01 6.15016E-01 6.46431E-01 8.90323E-01 4.02306E-01 1.01164E-01 1.13515E+01 
1.62131E-01 4.59423E-01 9.37647E-01 6.39620E-01 6.40110E-01 6.73825E-01 7.06013E-01 9.37648E-01 4.59423E-01 1.62131E-01 1.26995E+01 
2.27190E-01 5.20594E-01 9.89045E-01 7.00776E-01 7.01483E-01 7.36711E-01 7.69700E-01 9.89045E-01 5.20594E-01 2.27190E-01 1.41189E+01 
2.96379E-01 5.85864E-01 1.04457E+00 7.65998E-01 7.66928E-01 8.03715E-01 8.37532E-01 1.04457E+00 5.85864E-01 2.96379E-01 1.56048E+01 
3.69709E-01 6.55246E-01 1.10425E+00 8.35298E-01 8.36459E-01 8.74851E-01 9.09524E-01 1.10425E+00 6.55246E-01 3.69709E-01 1.71514E+01 
4.47162E-01 7.28727E-01 1.16809E+00 9.08661E-01 9.10060E-01 9.50100E-01 9.85658E-01 1.16809E+00 7.28727E-01 4.47162E-01 1.87518E+01 
5.28687E-01 8.06260E-01 1.23604E+00 9.86038E-01 9.87684E-01 1.02942E+00 1.06589E+00 1.23604E+00 8.06260E-01 5.28687E-01 2.03982E+01 
6.14199E-01 8.87764E-01 1.30804E+00 1.06735E+00 1.06925E+00 1.11271E+00 1.15013E+00 1.30804E+00 8.87764E-01 6.14199E-01 2.20819E+01 
7.03580E-01 9.73123E-01 1.38398E+00 1.15247E+00 1.15463E+00 1.19988E+00 1.23826E+00 1.38398E+00 9.73123E-01 7.03580E-01 2.37937E+01 
7.96673E-01 1.06218E+00 1.46371E+00 1.24126E+00 1.24369E+00 1.29075E+00 1.33013E+00 1.46372E+00 1.06218E+00 7.96673E-01 2.55237E+01 
8.93285E-01 1.15476E+00 1.54707E+00 1.33352E+00 1.33622E+00 1.38514E+00 1.42555E+00 1.54707E+00 1.15476E+00 8.93285E-01 2.72615E+01 
9.93187E-01 1.25062E+00 1.63381E+00 1.42903E+00 1.43201E+00 1.48282E+00 1.52429E+00 1.63381E+00 1.25062E+00 9.93187E-01 2.89966E+01 
7.05633E-03 5.64465E-02 5.02578E-01 1.57016E-01 1.55428E-01 1.76221E-01 2.02074E-01 5.02578E-01 5.64465E-02 7.05633E-03 2.87585E-01 
7.05633E-03 5.64465E-02 5.10926E-01 1.73616E-01 1.72179E-01 1.94050E-01 2.20430E-01 5.10926E-01 5.64465E-02 7.05633E-03 7.46320E-01 
7.05633E-03 7.98434E-03 5.20999E-01 1.91845E-01 1.90563E-01 2.13532E-01 2.40451E-01 5.20999E-01 7.98434E-03 7.05633E-03 1.24056E+00 
7.05633E-03 2.78562E-02 5.32857E-01 2.11776E-01 2.10653E-01 2.34743E-01 2.62214E-01 5.32857E-01 2.78562E-02 7.05633E-03 1.76483E+00 
7.05633E-03 4.97104E-02 5.46665E-01 2.33673E-01 2.32714E-01 2.57961E-01 2.86001E-01 5.46665E-01 4.97104E-02 7.05633E-03 2.34318E+00 
7.05633E-03 7.36357E-02 5.62523E-01 2.57623E-01 2.56835E-01 2.83271E-01 3.11901E-01 5.62523E-01 7.36357E-02 7.05633E-03 2.97766E+00 
7.05633E-03 9.97223E-02 5.80530E-01 2.83715E-01 2.83103E-01 3.10765E-01 3.40003E-01 5.80530E-01 9.97223E-02 7.05633E-03 3.67001E+00 
7.05633E-03 1.21446E-01 5.95999E-01 3.05429E-01 3.04957E-01 3.33591E-01 3.63313E-01 5.96000E-01 1.21446E-01 7.05633E-03 4.24621E+00 
7.05633E-03 1.28057E-01 6.00783E-01 3.12036E-01 3.11606E-01 3.40528E-01 3.70393E-01 6.00783E-01 1.28057E-01 7.05633E-03 4.42143E+00 
7.05633E-03 1.61227E-01 6.25244E-01 3.45167E-01 3.44939E-01 3.75258E-01 4.05822E-01 6.25244E-01 1.61227E-01 7.05633E-03 5.29862E+00 
7.05633E-03 1.97210E-01 6.52537E-01 3.81087E-01 3.81068E-01 4.12823E-01 4.44108E-01 6.52537E-01 1.97210E-01 7.05633E-03 6.24543E+00 
7.05633E-03 2.36103E-01 6.82767E-01 4.19889E-01 4.20087E-01 4.53318E-01 4.85348E-01 6.82767E-01 2.36103E-01 7.05633E-03 7.26123E+00 
7.05633E-03 2.77990E-01 7.16027E-01 4.61659E-01 4.62079E-01 4.96825E-01 5.29622E-01 7.16028E-01 2.77990E-01 7.05633E-03 8.34449E+00 
4.02060E-02 3.22643E-01 7.52184E-01 5.06165E-01 5.06812E-01 5.43097E-01 5.76681E-01 7.52184E-01 3.22643E-01 4.02060E-02 9.41703E+00 
9.17105E-02 3.70486E-01 7.91542E-01 5.53829E-01 5.54712E-01 5.92581E-01 6.26980E-01 7.91543E-01 3.70486E-01 9.17105E-02 1.05348E+01 
1.46563E-01 4.21639E-01 8.34213E-01 6.04772E-01 6.05898E-01 6.45400E-01 6.80643E-01 8.34213E-01 4.21639E-01 1.46563E-01 1.17102E+01 
2.04784E-01 4.76127E-01 8.80232E-01 6.59017E-01 6.60393E-01 7.01576E-01 7.37693E-01 8.80233E-01 4.76127E-01 2.04784E-01 1.29390E+01 
2.66372E-01 5.33952E-01 9.29615E-01 7.16564E-01 7.18200E-01 7.61110E-01 7.98132E-01 9.29616E-01 5.33952E-01 2.66372E-01 1.42162E+01 
3.31301E-01 5.95093E-01 9.82351E-01 7.77392E-01 7.79294E-01 8.23977E-01 8.61934E-01 9.82351E-01 5.95093E-01 3.31301E-01 1.55358E+01 
3.99518E-01 6.59499E-01 1.03840E+00 8.41449E-01 8.43625E-01 8.90126E-01 9.29048E-01 1.03840E+00 6.59499E-01 3.99518E-01 1.68913E+01 
4.70942E-01 7.27093E-01 1.09769E+00 9.08656E-01 9.11115E-01 9.59477E-01 9.99395E-01 1.09769E+00 7.27093E-01 4.70942E-01 1.82753E+01 
5.45461E-01 7.97769E-01 1.16013E+00 9.78906E-01 9.81654E-01 1.03192E+00 1.07287E+00 1.16013E+00 7.97769E-01 5.45461E-01 1.96798E+01 
6.22936E-01 8.71389E-01 1.22559E+00 1.05206E+00 1.05511E+00 1.10732E+00 1.14932E+00 1.22559E+00 8.71389E-01 6.22936E-01 2.10964E+01 
7.03196E-01 9.47786E-01 1.29390E+00 1.12795E+00 1.13130E+00 1.18549E+00 1.22859E+00 1.29391E+00 9.47786E-01 7.03196E-01 2.25164E+01 
7.86041E-01 1.02676E+00 1.36489E+00 1.20639E+00 1.21004E+00 1.26626E+00 1.31047E+00 1.36489E+00 1.02676E+00 7.86041E-01 2.39309E+01 
8.71241E-01 1.10810E+00 1.43832E+00 1.28713E+00 1.29110E+00 1.34937E+00 1.39473E+00 1.43832E+00 1.10810E+00 8.71241E-01 2.53309E+01 
6.40590E-03 5.34417E-02 4.31316E-01 1.62331E-01 1.61059E-01 1.86268E-01 2.14518E-01 4.31316E-01 5.34417E-02 6.40590E-03 4.55690E-01 
6.40590E-03 5.34417E-02 4.40160E-01 1.78155E-01 1.77066E-01 2.03499E-01 2.32324E-01 4.40160E-01 5.34417E-02 6.40590E-03 8.95250E-01 
6.40590E-03 7.62440E-03 4.50522E-01 1.95414E-01 1.94512E-01 2.22189E-01 2.51603E-01 4.50522E-01 7.62440E-03 6.40590E-03 1.36478E+00 
6.40590E-03 2.64995E-02 4.62452E-01 2.14166E-01 2.13455E-01 2.42401E-01 2.72418E-01 4.62452E-01 2.64995E-02 6.40590E-03 1.85871E+00 
6.40590E-03 4.71141E-02 4.76094E-01 2.34640E-01 2.34126E-01 2.64377E-01 2.95018E-01 4.76094E-01 4.71141E-02 6.40590E-03 2.39956E+00 
6.40590E-03 6.95372E-02 4.91526E-01 2.56903E-01 2.56592E-01 2.88186E-01 3.19470E-01 4.91526E-01 6.95372E-02 6.40590E-03 2.98860E+00 
6.40590E-03 9.38378E-02 5.08824E-01 2.81023E-01 2.80921E-01 3.13894E-01 3.45844E-01 5.08824E-01 9.38378E-02 6.40590E-03 3.62672E+00 
6.40590E-03 1.13970E-01 5.23536E-01 3.01001E-01 3.01066E-01 3.35130E-01 3.67610E-01 5.23536E-01 1.13970E-01 6.40590E-03 4.15445E+00 
6.40590E-03 1.20081E-01 5.28062E-01 3.07064E-01 3.07178E-01 3.41565E-01 3.74203E-01 5.28062E-01 1.20081E-01 6.40590E-03 4.31436E+00 
6.40590E-03 1.50625E-01 5.51058E-01 3.37366E-01 3.37719E-01 3.73672E-01 4.07074E-01 5.51058E-01 1.50625E-01 6.40590E-03 5.11121E+00 
6.40590E-03 1.83570E-01 5.76471E-01 3.70042E-01 3.70642E-01 4.08202E-01 4.42394E-01 5.76471E-01 1.83570E-01 6.40590E-03 5.96484E+00 
6.40590E-03 2.18981E-01 6.04372E-01 4.05157E-01 4.06011E-01 4.45217E-01 4.80226E-01 6.04372E-01 2.18981E-01 6.40590E-03 6.87382E+00 
6.40590E-03 2.56910E-01 6.34823E-01 4.42762E-01 4.43876E-01 4.84769E-01 5.20619E-01 6.34823E-01 2.56910E-01 6.40590E-03 7.83598E+00 
3.64302E-02 2.97184E-01 6.67731E-01 4.82683E-01 4.84061E-01 5.26664E-01 5.63376E-01 6.67731E-01 2.97184E-01 3.64302E-02 8.77910E+00 
8.28620E-02 3.40103E-01 7.03295E-01 5.25217E-01 5.26867E-01 5.71226E-01 6.08831E-01 7.03295E-01 3.40103E-01 8.28620E-02 9.75433E+00 
1.32041E-01 3.85735E-01 7.41572E-01 5.70429E-01 5.72360E-01 6.18525E-01 6.57055E-01 7.41573E-01 3.85735E-01 1.32041E-01 1.07723E+01 
1.83957E-01 4.34071E-01 7.82567E-01 6.18312E-01 6.20532E-01 6.68550E-01 7.08038E-01 7.82567E-01 4.34071E-01 1.83957E-01 1.18286E+01 
2.38577E-01 4.85084E-01 8.26261E-01 6.68837E-01 6.71353E-01 7.21271E-01 7.61750E-01 8.26261E-01 4.85084E-01 2.38577E-01 1.29182E+01 
2.95848E-01 5.38725E-01 8.72613E-01 7.21951E-01 7.24772E-01 7.76637E-01 8.18140E-01 8.72614E-01 5.38725E-01 2.95848E-01 1.40354E+01 
3.55691E-01 5.94918E-01 9.21559E-01 7.77582E-01 7.80715E-01 8.34569E-01 8.77130E-01 9.21560E-01 5.94918E-01 3.55691E-01 1.51740E+01 
4.18006E-01 6.53567E-01 9.73009E-01 8.35629E-01 8.39081E-01 8.94968E-01 9.38619E-01 9.73009E-01 6.53567E-01 4.18006E-01 1.63270E+01 
4.82665E-01 7.14547E-01 1.02685E+00 8.95968E-01 8.99747E-01 9.57707E-01 1.00248E+00 1.02685E+00 7.14547E-01 4.82665E-01 1.74875E+01 
5.49518E-01 7.77713E-01 1.08293E+00 9.58453E-01 9.62565E-01 1.02264E+00 1.06857E+00 1.08293E+00 7.77713E-01 5.49518E-01 1.86481E+01 
6.18388E-01 8.42890E-01 1.14110E+00 1.02291E+00 1.02736E+00 1.08958E+00 1.13670E+00 1.14110E+00 8.42890E-01 6.18388E-01 1.98011E+01 
6.89078E-01 9.09883E-01 1.20116E+00 1.08914E+00 1.09394E+00 1.15834E+00 1.20668E+00 1.20116E+00 9.09883E-01 6.89078E-01 2.09391E+01 
7.61366E-01 9.78475E-01 1.26290E+00 1.15693E+00 1.16208E+00 1.22869E+00 1.27829E+00 1.26290E+00 9.78475E-01 7.61366E-01 2.20547E+01 
5.79605E-03 5.04106E-02 3.70095E-01 1.66280E-01 1.65479E-01 1.95943E-01 2.26702E-01 3.70095E-01 5.04106E-02 5.79605E-03 6.11353E-01 
5.79605E-03 5.04106E-02 3.79233E-01 1.81295E-01 1.80713E-01 2.12558E-01 2.43948E-01 3.79233E-01 5.04106E-02 5.79605E-03 1.03088E+00 
5.79605E-03 7.25141E-03 3.89699E-01 1.97564E-01 1.97204E-01 2.30451E-01 2.62488E-01 3.89699E-01 7.25141E-03 5.79605E-03 1.47512E+00 
5.79605E-03 2.51116E-02 4.01534E-01 2.15136E-01 2.15002E-01 2.49675E-01 2.82374E-01 4.01534E-01 2.51116E-02 5.79605E-03 1.93849E+00 
5.79605E-03 4.44875E-02 4.14860E-01 2.34202E-01 2.34302E-01 2.70439E-01 3.03824E-01 4.14860E-01 4.44875E-02 5.79605E-03 2.44206E+00 
5.79605E-03 6.54307E-02 4.29737E-01 2.54815E-01 2.55154E-01 2.92795E-01 3.26888E-01 4.29737E-01 6.54307E-02 5.79605E-03 2.98640E+00 
5.79605E-03 8.79918E-02 4.46222E-01 2.77024E-01 2.77609E-01 3.16791E-01 3.51616E-01 4.46222E-01 8.79918E-02 5.79605E-03 3.57176E+00 
5.79605E-03 1.06588E-01 4.60115E-01 2.95332E-01 2.96112E-01 3.36512E-01 3.71920E-01 4.60115E-01 1.06588E-01 5.79605E-03 4.05272E+00 
5.79605E-03 1.12217E-01 4.64369E-01 3.00874E-01 3.01711E-01 3.42471E-01 3.78053E-01 4.64369E-01 1.12217E-01 5.79605E-03 4.19794E+00 
5.79605E-03 1.40250E-01 4.85853E-01 3.28476E-01 3.29594E-01 3.72097E-01 4.08520E-01 4.85853E-01 1.40250E-01 5.79605E-03 4.91809E+00 
5.79605E-03 1.70312E-01 5.09378E-01 3.58080E-01 3.59485E-01 4.03772E-01 4.41065E-01 5.09378E-01 1.70312E-01 5.79605E-03 5.68358E+00 
5.79605E-03 2.02442E-01 5.34991E-01 3.89723E-01 3.91421E-01 4.37534E-01 4.75726E-01 5.34991E-01 2.02442E-01 5.79605E-03 6.49242E+00 
5.79605E-03 2.36666E-01 5.62725E-01 4.23431E-01 4.25430E-01 4.73408E-01 5.12527E-01 5.62726E-01 2.36666E-01 5.79605E-03 7.34199E+00 
3.28985E-02 2.72853E-01 5.92519E-01 4.59074E-01 4.61376E-01 5.11240E-01 5.51308E-01 5.92519E-01 2.72853E-01 3.28985E-02 8.16602E+00 
7.46144E-02 3.11205E-01 6.24486E-01 4.96848E-01 4.99462E-01 5.51257E-01 5.92307E-01 6.24487E-01 3.11205E-01 7.46144E-02 9.01108E+00 
1.18553E-01 3.51747E-01 6.58645E-01 5.36776E-01 5.39711E-01 5.93486E-01 6.35554E-01 6.58646E-01 3.51747E-01 1.18553E-01 9.88637E+00 
1.64680E-01 3.94448E-01 6.94973E-01 5.78827E-01 5.82090E-01 6.37894E-01 6.81015E-01 6.94973E-01 3.94448E-01 1.64680E-01 1.07875E+01 
2.12940E-01 4.39257E-01 7.33428E-01 6.22949E-01 6.26548E-01 6.84426E-01 7.28638E-01 7.33429E-01 4.39257E-01 2.12940E-01 1.17097E+01 
2.63260E-01 4.86106E-01 7.73949E-01 6.69072E-01 6.73016E-01 7.33012E-01 7.78349E-01 7.73950E-01 4.86106E-01 2.63260E-01 1.26474E+01 
3.15548E-01 5.34904E-01 8.16455E-01 7.17107E-01 7.21400E-01 7.83557E-01 8.30055E-01 8.16456E-01 5.34904E-01 3.15548E-01 1.35950E+01 
3.69688E-01 5.85541E-01 8.60842E-01 7.66941E-01 7.71592E-01 8.35949E-01 8.83644E-01 8.60843E-01 5.85541E-01 3.69688E-01 1.45464E+01 
4.25547E-01 6.37886E-01 9.06986E-01 8.18443E-01 8.23458E-01 8.90053E-01 9.38981E-01 9.06987E-01 6.37886E-01 4.25547E-01 1.54953E+01 
4.82972E-01 6.91790E-01 9.54743E-01 8.71464E-01 8.76848E-01 9.45715E-01 9.95911E-01 9.54745E-01 6.91790E-01 4.82972E-01 1.64354E+01 
5.41789E-01 7.47081E-01 1.00395E+00 9.25833E-01 9.31590E-01 1.00276E+00 1.05426E+00 1.00395E+00 7.47081E-01 5.41789E-01 1.73604E+01 
6.01808E-01 8.03574E-01 1.05442E+00 9.81361E-01 9.87498E-01 1.06100E+00 1.11384E+00 1.05442E+00 8.03574E-01 6.01808E-01 1.82640E+01 
6.62821E-01 8.61063E-01 1.10596E+00 1.03785E+00 1.04436E+00 1.12023E+00 1.17444E+00 1.10596E+00 8.61063E-01 6.62821E-01 1.91402E+01 
5.22574E-03 4.73705E-02 3.17533E-01 1.69031E-01 1.68895E-01 2.05573E-01 2.38950E-01 3.17533E-01 4.73705E-02 5.22574E-03 7.55189E-01 
5.22574E-03 4.73705E-02 3.26792E-01 1.83207E-01 1.83329E-01 2.21555E-01 2.55630E-01 3.26792E-01 4.73705E-02 5.22574E-03 1.15382E+00 
5.22574E-03 6.86841E-03 3.37205E-01 1.98471E-01 1.98854E-01 2.38648E-01 2.73437E-01 3.37205E-01 6.86841E-03 5.22574E-03 1.57223E+00 
5.22574E-03 2.37022E-02 3.48804E-01 2.14860E-01 2.15508E-01 2.56893E-01 2.92415E-01 3.48804E-01 2.37022E-02 5.22574E-03 2.00487E+00 
5.22574E-03 4.18462E-02 3.61692E-01 2.32537E-01 2.33458E-01 2.76474E-01 3.12755E-01 3.61692E-01 4.18462E-02 5.22574E-03 2.47143E+00 
5.22574E-03 6.13367E-02 3.75911E-01 2.51538E-01 2.52738E-01 2.97424E-01 3.34489E-01 3.75911E-01 6.13367E-02 5.22574E-03 2.97193E+00 
5.22574E-03 8.22089E-02 3.91504E-01 2.71896E-01 2.73382E-01 3.19778E-01 3.57654E-01 3.91504E-01 8.22089E-02 5.22574E-03 3.50606E+00 
5.22574E-03 9.93260E-02 4.04534E-01 2.88599E-01 2.90311E-01 3.38055E-01 3.76576E-01 4.04534E-01 9.93260E-02 5.22574E-03 3.94201E+00 
5.22574E-03 1.04492E-01 4.08505E-01 2.93642E-01 2.95420E-01 3.43563E-01 3.82276E-01 4.08506E-01 1.04492E-01 5.22574E-03 4.07315E+00 
5.22574E-03 1.30130E-01 4.28452E-01 3.18672E-01 3.20773E-01 3.70840E-01 4.10486E-01 4.28452E-01 1.30130E-01 5.22574E-03 4.72030E+00 
5.22574E-03 1.57464E-01 4.50104E-01 3.45369E-01 3.47798E-01 3.99833E-01 4.40442E-01 4.50105E-01 1.57464E-01 5.22574E-03 5.40267E+00 
5.22574E-03 1.86510E-01 4.73487E-01 3.73747E-01 3.76514E-01 4.30555E-01 4.72159E-01 4.73487E-01 1.86510E-01 5.22574E-03 6.11793E+00 
5.22574E-03 2.17274E-01 4.98611E-01 4.03814E-01 4.06923E-01 4.63010E-01 5.05640E-01 4.98611E-01 2.17274E-01 5.22574E-03 6.86321E+00 
2.96036E-02 2.49657E-01 5.25437E-01 4.35472E-01 4.38926E-01 4.97074E-01 5.40754E-01 5.25437E-01 2.49657E-01 2.96036E-02 7.57805E+00 
6.69471E-02 2.83784E-01 5.54014E-01 4.68838E-01 4.72646E-01 5.32899E-01 5.77665E-01 5.54015E-01 2.83784E-01 6.69471E-02 8.30472E+00 
1.06058E-01 3.19648E-01 5.84330E-01 5.03905E-01 5.08073E-01 5.70481E-01 6.16372E-01 5.84331E-01 3.19648E-01 1.06058E-01 9.05128E+00 
1.46884E-01 3.57201E-01 6.16343E-01 5.40621E-01 5.45158E-01 6.09766E-01 6.56821E-01 6.16344E-01 3.57201E-01 1.46884E-01 9.81351E+00 
1.89356E-01 3.96377E-01 6.49996E-01 5.78922E-01 5.83834E-01 6.50687E-01 6.98944E-01 6.49997E-01 3.96377E-01 1.89356E-01 1.05868E+01 
2.33388E-01 4.37095E-01 6.85213E-01 6.18725E-01 6.24020E-01 6.93157E-01 7.42656E-01 6.85214E-01 4.37095E-01 2.33388E-01 1.13663E+01 
2.78878E-01 4.79256E-01 7.21904E-01 6.59932E-01 6.65615E-01 7.37076E-01 7.87855E-01 7.21905E-01 4.79256E-01 2.78878E-01 1.21468E+01 
3.25708E-01 5.22744E-01 7.59958E-01 7.02425E-01 7.08502E-01 7.82322E-01 8.34419E-01 7.59959E-01 5.22744E-01 3.25708E-01 1.29230E+01 
3.73741E-01 5.67427E-01 7.99250E-01 7.46073E-01 7.52549E-01 8.28762E-01 8.82214E-01 7.99251E-01 5.67427E-01 3.73741E-01 1.36896E+01 
4.22828E-01 6.13159E-01 8.39638E-01 7.90730E-01 7.97609E-01 8.76243E-01 9.31088E-01 8.39639E-01 6.13159E-01 4.22828E-01 1.44413E+01 
4.72804E-01 6.59778E-01 8.80965E-01 8.36232E-01 8.43519E-01 9.24601E-01 9.80874E-01 8.80967E-01 6.59778E-01 4.72804E-01 1.51727E+01 
5.23491E-01 7.07109E-01 9.23062E-01 8.82406E-01 8.90102E-01 9.73656E-01 1.03139E+00 9.23063E-01 7.07109E-01 5.23491E-01 1.58791E+01 
5.74701E-01 7.54966E-01 9.65745E-01 9.29065E-01 9.37174E-01 1.02322E+00 1.08245E+00 9.65747E-01 7.54966E-01 5.74701E-01 1.65555E+01 
4.69418E-03 4.43393E-02 2.72456E-01 1.70715E-01 1.71483E-01 2.15451E-01 2.51560E-01 2.72456E-01 4.43393E-02 4.69418E-03 8.87532E-01 
4.69418E-03 4.43393E-02 2.81689E-01 1.84026E-01 1.85094E-01 2.30783E-01 2.67670E-01 2.81689E-01 4.43393E-02 4.69418E-03 1.26445E+00 
4.69418E-03 6.47849E-03 2.91916E-01 1.98272E-01 1.99643E-01 2.47071E-01 2.84755E-01 2.91916E-01 6.47849E-03 4.69418E-03 1.65652E+00 
4.69418E-03 2.22813E-02 3.03163E-01 2.13482E-01 2.15160E-01 2.64348E-01 3.02849E-01 3.03163E-01 2.22813E-02 4.69418E-03 2.05836E+00 
4.69418E-03 3.92063E-02 3.15513E-01 2.29790E-01 2.31782E-01 2.82771E-01 3.22118E-01 3.15513E-01 3.92063E-02 4.69418E-03 2.48829E+00 
4.69418E-03 5.72771E-02 3.28996E-01 2.47219E-01 2.49531E-01 3.02361E-01 3.42583E-01 3.28996E-01 5.72771E-02 4.69418E-03 2.94589E+00 
4.69418E-03 7.65153E-02 3.43638E-01 2.65789E-01 2.68429E-01 3.23138E-01 3.64265E-01 3.43639E-01 7.65153E-02 4.69418E-03 3.43046E+00 
4.69418E-03 9.22126E-02 3.55778E-01 2.80952E-01 2.83850E-01 3.40039E-01 3.81885E-01 3.55778E-01 9.22126E-02 4.69418E-03 3.82325E+00 
4.69418E-03 9.69373E-02 3.59463E-01 2.85517E-01 2.88491E-01 3.45117E-01 3.87177E-01 3.59463E-01 9.69373E-02 4.69418E-03 3.94095E+00 
4.69418E-03 1.20297E-01 3.77868E-01 3.08100E-01 3.11440E-01 3.70173E-01 4.13273E-01 3.77868E-01 1.20297E-01 4.69418E-03 4.51885E+00 
4.69418E-03 1.45055E-01 3.97680E-01 3.32049E-01 3.35763E-01 3.96644E-01 4.40817E-01 3.97681E-01 1.45055E-01 4.69418E-03 5.12316E+00 
4.69418E-03 1.71211E-01 4.18906E-01 3.57365E-01 3.61458E-01 4.24525E-01 4.69807E-01 4.18906E-01 1.71211E-01 4.69418E-03 5.75135E+00 
4.69418E-03 1.98755E-01 4.41538E-01 3.84036E-01 3.88515E-01 4.53804E-01 5.00229E-01 4.41539E-01 1.98755E-01 4.69418E-03 6.40045E+00 
2.65400E-02 2.27610E-01 4.65555E-01 4.11993E-01 4.16858E-01 4.84379E-01 5.31971E-01 4.65556E-01 2.27610E-01 2.65400E-02 7.01563E+00 
5.98429E-02 2.57843E-01 4.90957E-01 4.41290E-01 4.46548E-01 5.16344E-01 5.65142E-01 4.90957E-01 2.57843E-01 5.98429E-02 7.63519E+00 
9.45217E-02 2.89424E-01 5.17707E-01 4.71896E-01 4.77555E-01 5.49670E-01 5.99717E-01 5.17707E-01 2.89424E-01 9.45217E-02 8.26619E+00 
1.30512E-01 3.22293E-01 5.45752E-01 5.03749E-01 5.09815E-01 5.84293E-01 6.35631E-01 5.45752E-01 3.22293E-01 1.30512E-01 8.90470E+00 
1.67735E-01 3.56374E-01 5.75023E-01 5.36774E-01 5.43254E-01 6.20135E-01 6.72805E-01 5.75024E-01 3.56374E-01 1.67735E-01 9.54651E+00 
2.06099E-01 3.91581E-01 6.05441E-01 5.70884E-01 5.77782E-01 6.57103E-01 7.11146E-01 6.05442E-01 3.91581E-01 2.06099E-01 1.01873E+01 
2.45499E-01 4.27810E-01 6.36906E-01 6.05976E-01 6.13297E-01 6.95090E-01 7.50548E-01 6.36908E-01 4.27810E-01 2.45499E-01 1.08225E+01 
2.85816E-01 4.64947E-01 6.69311E-01 6.41934E-01 6.49683E-01 7.33978E-01 7.90890E-01 6.69313E-01 4.64947E-01 2.85816E-01 1.14476E+01 
3.26919E-01 5.02864E-01 7.02533E-01 6.78630E-01 6.86810E-01 7.73633E-01 8.32039E-01 7.02534E-01 5.02864E-01 3.26919E-01 1.20583E+01 
3.68666E-01 5.41421E-01 7.36436E-01 7.15927E-01 7.24539E-01 8.13914E-01 8.73851E-01 7.36438E-01 5.41421E-01 3.68666E-01 1.26500E+01 
4.10904E-01 5.80469E-01 7.70876E-01 7.53673E-01 7.62720E-01 8.54664E-01 9.16171E-01 7.70878E-01 5.80469E-01 4.10904E-01 1.32187E+01 
4.53472E-01 6.19850E-01 8.05698E-01 7.91711E-01 8.01194E-01 8.95721E-01 9.58833E-01 8.05700E-01 6.19850E-01 4.53472E-01 1.37605E+01 
4.96201E-01 6.59398E-01 8.40740E-01 8.29875E-01 8.39794E-01 9.36916E-01 1.00167E+00 8.40743E-01 6.59398E-01 4.96201E-01 1.42718E+01 
4.19986E-03 4.13303E-02 2.33791E-01 1.71431E-01 1.73394E-01 2.25847E-01 2.64827E-01 2.33791E-01 4.13303E-02 4.19986E-03 1.00868E+00 
4.19986E-03 4.13303E-02 2.42874E-01 1.83856E-01 1.86163E-01 2.40510E-01 2.80367E-01 2.42874E-01 4.13303E-02 4.19986E-03 1.36308E+00 
4.19986E-03 6.08417E-03 2.52806E-01 1.97075E-01 1.99728E-01 2.55987E-01 2.96741E-01 2.52805E-01 6.08417E-03 4.19986E-03 1.72839E+00 
4.19986E-03 2.08567E-02 2.63605E-01 2.11111E-01 2.14114E-01 2.72301E-01 3.13975E-01 2.63605E-01 2.08567E-02 4.19986E-03 2.09940E+00 
4.19986E-03 3.65802E-02 2.75339E-01 2.26071E-01 2.29430E-01 2.89588E-01 3.32213E-01 2.75339E-01 3.65802E-02 4.19986E-03 2.49314E+00 
4.19986E-03 5.32674E-02 2.88025E-01 2.41967E-01 2.45690E-01 3.07857E-01 3.51465E-01 2.88025E-01 5.32674E-02 4.19986E-03 2.90888E+00 
4.19986E-03 7.09288E-02 3.01679E-01 2.58811E-01 2.62903E-01 3.27116E-01 3.71741E-01 3.01679E-01 7.09288E-02 4.19986E-03 3.34561E+00 
4.19986E-03 8.52665E-02 3.12913E-01 2.72497E-01 2.76879E-01 3.42701E-01 3.88133E-01 3.12914E-01 8.52665E-02 4.19986E-03 3.69712E+00 
4.19986E-03 8.95698E-02 3.16310E-01 2.76607E-01 2.81074E-01 3.47370E-01 3.93042E-01 3.16310E-01 8.95698E-02 4.19986E-03 3.80203E+00 
4.19986E-03 1.10768E-01 3.33186E-01 2.96862E-01 3.01739E-01 3.70319E-01 4.17159E-01 3.33186E-01 1.10768E-01 4.19986E-03 4.31445E+00 
4.19986E-03 1.33100E-01 3.51205E-01 3.18218E-01 3.23512E-01 3.94413E-01 4.42457E-01 3.51205E-01 1.33100E-01 4.19986E-03 4.84567E+00 
4.19986E-03 1.56553E-01 3.70357E-01 3.40663E-01 3.46378E-01 4.19636E-01 4.68921E-01 3.70358E-01 1.56553E-01 4.19986E-03 5.39310E+00 
4.19986E-03 1.81105E-01 3.90625E-01 3.64172E-01 3.70314E-01 4.45961E-01 4.96526E-01 3.90626E-01 1.81105E-01 4.19986E-03 5.95382E+00 
2.36978E-02 2.06696E-01 4.11996E-01 3.88696E-01 3.95263E-01 4.73302E-01 5.25170E-01 4.11997E-01 2.06696E-01 2.36978E-02 6.47841E+00 
5.32756E-02 2.33349E-01 4.34435E-01 4.14242E-01 4.21240E-01 5.01709E-01 5.54923E-01 4.34436E-01 2.33349E-01 5.32756E-02 7.00145E+00 
8.38947E-02 2.61019E-01 4.57891E-01 4.40764E-01 4.48198E-01 5.31138E-01 5.85744E-01 4.57892E-01 2.61019E-01 8.38947E-02 7.52919E+00 
1.15484E-01 2.89638E-01 4.82302E-01 4.68192E-01 4.76069E-01 5.61518E-01 6.17560E-01 4.82302E-01 2.89638E-01 1.15484E-01 8.05804E+00 
1.47960E-01 3.19127E-01 5.07594E-01 4.96449E-01 5.04771E-01 5.92763E-01 6.50286E-01 5.07595E-01 3.19127E-01 1.47960E-01 8.58429E+00 
1.81230E-01 3.49395E-01 5.33685E-01 5.25443E-01 5.34216E-01 6.24780E-01 6.83828E-01 5.33686E-01 3.49395E-01 1.81230E-01 9.10415E+00 
2.15190E-01 3.80342E-01 5.60476E-01 5.55074E-01 5.64300E-01 6.57463E-01 7.18077E-01 5.60478E-01 3.80342E-01 2.15190E-01 9.61380E+00 
2.49725E-01 4.11858E-01 5.87864E-01 5.85231E-01 5.94912E-01 6.90695E-01 7.52918E-01 5.87865E-01 4.11858E-01 2.49725E-01 1.01095E+01 
2.84711E-01 4.43821E-01 6.15731E-01 6.15795E-01 6.25931E-01 7.24353E-01 7.88223E-01 6.15732E-01 4.43821E-01 2.84711E-01 1.05876E+01 
3.20019E-01 4.76104E-01 6.43954E-01 6.46637E-01 6.57229E-01 7.58302E-01 8.23859E-01 6.43956E-01 4.76104E-01 3.20019E-01 1.10448E+01 
3.55510E-01 5.08572E-01 6.72402E-01 6.77624E-01 6.88670E-01 7.92403E-01 8.59684E-01 6.72404E-01 5.08572E-01 3.55510E-01 1.14776E+01 
3.91040E-01 5.41084E-01 7.00938E-01 7.08615E-01 7.20114E-01 8.26511E-01 8.95550E-01 7.00941E-01 5.41084E-01 3.91040E-01 1.18834E+01 
4.26464E-01 5.73498E-01 7.29422E-01 7.39467E-01 7.51416E-01 8.60476E-01 9.31307E-01 7.29425E-01 5.73498E-01 4.26464E-01 1.22593E+01 
3.74203E-03 3.83606E-02 2.00670E-01 1.71250E-01 1.74750E-01 2.36974E-01 2.79011E-01 2.00669E-01 3.83606E-02 3.74203E-03 1.11855E+00 
3.74203E-03 3.83606E-02 2.09499E-01 1.82770E-01 1.86659E-01 2.50948E-01 2.93982E-01 2.09499E-01 3.83606E-02 3.74203E-03 1.44972E+00 
3.74203E-03 5.68842E-03 2.19045E-01 1.94957E-01 1.99237E-01 2.65603E-01 3.09655E-01 2.19045E-01 5.68842E-03 3.74203E-03 1.78792E+00 
3.74203E-03 1.94379E-02 2.29322E-01 2.07828E-01 2.12499E-01 2.80958E-01 3.26053E-01 2.29322E-01 1.94379E-02 3.74203E-03 2.12821E+00 
3.74203E-03 3.39833E-02 2.40380E-01 2.21466E-01 2.26534E-01 2.97125E-01 3.43299E-01 2.40380E-01 3.39833E-02 3.74203E-03 2.48637E+00 
3.74203E-03 4.93283E-02 2.52228E-01 2.35874E-01 2.41346E-01 3.14107E-01 3.61394E-01 2.52228E-01 4.93283E-02 3.74203E-03 2.86143E+00 
3.74203E-03 6.54744E-02 2.64870E-01 2.51055E-01 2.56935E-01 3.31901E-01 3.80338E-01 2.64871E-01 6.54744E-02 3.74203E-03 3.25219E+00 
3.74203E-03 7.85152E-02 2.75199E-01 2.63328E-01 2.69529E-01 3.46223E-01 3.95574E-01 2.75199E-01 7.85152E-02 3.74203E-03 3.56441E+00 
3.74203E-03 8.24181E-02 2.78309E-01 2.67003E-01 2.73298E-01 3.50501E-01 4.00123E-01 2.78309E-01 8.24181E-02 3.74203E-03 3.65721E+00 
3.74203E-03 1.01572E-01 2.93685E-01 2.85051E-01 2.91797E-01 3.71448E-01 4.22387E-01 2.93685E-01 1.01572E-01 3.74203E-03 4.10800E+00 
3.74203E-03 1.21628E-01 3.09970E-01 3.03967E-01 3.11168E-01 3.93300E-01 4.45597E-01 3.09971E-01 1.21628E-01 3.74203E-03 4.57115E+00 
3.74203E-03 1.42564E-01 3.27146E-01 3.23727E-01 3.31388E-01 4.16030E-01 4.69725E-01 3.27146E-01 1.42564E-01 3.74203E-03 5.04409E+00 
3.74203E-03 1.64347E-01 3.45184E-01 3.44301E-01 3.52424E-01 4.39604E-01 4.94738E-01 3.45185E-01 1.64347E-01 3.74203E-03 5.52405E+00 
2.10718E-02 1.86932E-01 3.64080E-01 3.65652E-01 3.74234E-01 4.63946E-01 5.20542E-01 3.64081E-01 1.86932E-01 2.10718E-02 5.96677E+00 
4.72292E-02 2.10310E-01 3.83773E-01 3.87755E-01 3.96799E-01 4.89075E-01 5.47179E-01 3.83774E-01 2.10310E-01 4.72292E-02 6.40337E+00 
7.41457E-02 2.34424E-01 4.04204E-01 4.10551E-01 4.20063E-01 5.14937E-01 5.74596E-01 4.04205E-01 2.34424E-01 7.41457E-02 6.83943E+00 
1.01747E-01 2.59205E-01 4.25306E-01 4.33971E-01 4.43952E-01 5.41456E-01 6.02717E-01 4.25307E-01 2.59205E-01 1.01747E-01 7.27179E+00 
1.29949E-01 2.84573E-01 4.47006E-01 4.57933E-01 4.68387E-01 5.68546E-01 6.31456E-01 4.47007E-01 2.84573E-01 1.29949E-01 7.69722E+00 
1.58662E-01 3.10439E-01 4.69220E-01 4.82352E-01 4.93278E-01 5.96115E-01 6.60718E-01 4.69221E-01 3.10439E-01 1.58662E-01 8.11253E+00 
1.87785E-01 3.36707E-01 4.91856E-01 5.07130E-01 5.18530E-01 6.24059E-01 6.90399E-01 4.91857E-01 3.36707E-01 1.87785E-01 8.51457E+00 
2.17211E-01 3.63274E-01 5.14814E-01 5.32165E-01 5.44037E-01 6.52271E-01 7.20390E-01 5.14816E-01 3.63274E-01 2.17211E-01 8.90033E+00 
2.46828E-01 3.90030E-01 5.37989E-01 5.57346E-01 5.69689E-01 6.80635E-01 7.50572E-01 5.37991E-01 3.90030E-01 2.46828E-01 9.26695E+00 
2.76518E-01 4.16859E-01 5.61271E-01 5.82561E-01 5.95371E-01 7.09031E-01 7.80823E-01 5.61273E-01 4.16859E-01 2.76518E-01 9.61180E+00 
3.06158E-01 4.43644E-01 5.84542E-01 6.07691E-01 6.20964E-01 7.37334E-01 8.11017E-01 5.84545E-01 4.43644E-01 3.06158E-01 9.93251E+00 
3.35626E-01 4.70263E-01 6.07686E-01 6.32616E-01 6.46346E-01 7.65418E-01 8.41024E-01 6.07689E-01 4.70263E-01 3.35626E-01 1.02270E+01 
3.64796E-01 4.96593E-01 6.30582E-01 6.57213E-01 6.71395E-01 7.93154E-01 8.70714E-01 6.30585E-01 4.96593E-01 3.64796E-01 1.04935E+01 
3.31966E-03 3.54457E-02 1.72321E-01 1.70215E-01 1.75647E-01 2.48993E-01 2.94355E-01 1.72320E-01 3.54457E-02 3.31966E-03 1.21693E+00 
3.31966E-03 3.54457E-02 1.80812E-01 1.80819E-01 1.86681E-01 2.62253E-01 3.08757E-01 1.80812E-01 3.54457E-02 3.31966E-03 1.52426E+00 
3.31966E-03 5.29399E-03 1.89901E-01 1.91976E-01 1.98267E-01 2.76072E-01 3.23741E-01 1.89901E-01 5.29399E-03 3.31966E-03 1.83515E+00 
3.31966E-03 1.80337E-02 1.99598E-01 2.03695E-01 2.10416E-01 2.90464E-01 3.39324E-01 1.99597E-01 1.80337E-02 3.31966E-03 2.14496E+00 
3.31966E-03 3.14296E-02 2.09937E-01 2.16039E-01 2.23195E-01 3.05523E-01 3.55614E-01 2.09937E-01 3.14296E-02 3.31966E-03 2.46830E+00 
3.31966E-03 4.54784E-02 2.20921E-01 2.29005E-01 2.36601E-01 3.21243E-01 3.72603E-01 2.20921E-01 4.54784E-02 3.31966E-03 2.80401E+00 
3.31966E-03 6.01742E-02 2.32546E-01 2.42588E-01 2.50628E-01 3.37615E-01 3.90283E-01 2.32546E-01 6.01742E-02 3.31966E-03 3.15081E+00 
3.31966E-03 7.19827E-02 2.41977E-01 2.53514E-01 2.61899E-01 3.50722E-01 4.04428E-01 2.41977E-01 7.19827E-02 3.31966E-03 3.42581E+00 
3.31966E-03 7.55066E-02 2.44806E-01 2.56776E-01 2.65263E-01 3.54625E-01 4.08639E-01 2.44806E-01 7.55066E-02 3.31966E-03 3.50720E+00 
3.31966E-03 9.27354E-02 2.58724E-01 2.72736E-01 2.81709E-01 3.73661E-01 4.29168E-01 2.58724E-01 9.27354E-02 3.31966E-03 3.90030E+00 
3.31966E-03 1.10664E-01 2.73348E-01 2.89361E-01 2.98821E-01 3.93390E-01 4.50434E-01 2.73348E-01 1.10664E-01 3.31966E-03 4.30037E+00 
3.31966E-03 1.29263E-01 2.88651E-01 3.06620E-01 3.16569E-01 4.13778E-01 4.72402E-01 2.88652E-01 1.29263E-01 3.31966E-03 4.70499E+00 
3.31966E-03 1.48495E-01 3.04601E-01 3.24477E-01 3.34916E-01 4.34785E-01 4.95030E-01 3.04602E-01 1.48495E-01 3.31966E-03 5.11159E+00 
1.86550E-02 1.68323E-01 3.21196E-01 3.42906E-01 3.53829E-01 4.56342E-01 5.18231E-01 3.21197E-01 1.68323E-01 1.86550E-02 5.48078E+00 
4.16846E-02 1.88717E-01 3.38361E-01 3.61860E-01 3.73267E-01 4.78447E-01 5.42027E-01 3.38362E-01 1.88717E-01 4.16846E-02 5.84048E+00 
6.52379E-02 2.09615E-01 3.56031E-01 3.81273E-01 3.93167E-01 5.01040E-01 5.66361E-01 3.56032E-01 2.09615E-01 6.52379E-02 6.19572E+00 
8.92409E-02 2.30947E-01 3.74140E-01 4.01075E-01 4.13456E-01 5.24044E-01 5.91154E-01 3.74141E-01 2.30947E-01 8.92409E-02 6.54377E+00 
1.13613E-01 2.52636E-01 3.92615E-01 4.21191E-01 4.34057E-01 5.47376E-01 6.16322E-01 3.92617E-01 2.52636E-01 1.13613E-01 6.88194E+00 
1.38267E-01 2.74599E-01 4.11377E-01 4.41536E-01 4.54887E-01 5.70947E-01 6.41773E-01 4.11379E-01 2.74599E-01 1.38267E-01 7.20758E+00 
1.63110E-01 2.96745E-01 4.30341E-01 4.62022E-01 4.75854E-01 5.94661E-01 6.67410E-01 4.30343E-01 2.96745E-01 1.63110E-01 7.51820E+00 
1.88046E-01 3.18980E-01 4.49416E-01 4.82557E-01 4.96865E-01 6.18418E-01 6.93130E-01 4.49418E-01 3.18980E-01 1.88046E-01 7.81144E+00 
2.12973E-01 3.41208E-01 4.68507E-01 5.03042E-01 5.17821E-01 6.42114E-01 7.18826E-01 4.68510E-01 3.41208E-01 2.12973E-01 8.08514E+00 
2.37788E-01 3.63327E-01 4.87519E-01 5.23379E-01 5.38622E-01 6.65642E-01 7.44390E-01 4.87521E-01 3.63327E-01 2.37788E-01 8.33740E+00 
2.62385E-01 3.85235E-01 5.06350E-01 5.43466E-01 5.59165E-01 6.88896E-01 7.69710E-01 5.06353E-01 3.85235E-01 2.62385E-01 8.56657E+00 
2.86661E-01 4.06830E-01 5.24902E-01 5.63201E-01 5.79348E-01 7.11766E-01 7.94675E-01 5.24905E-01 4.06830E-01 2.86661E-01 8.77127E+00 
3.10511E-01 4.28010E-01 5.43076E-01 5.82485E-01 5.99070E-01 7.34145E-01 8.19174E-01 5.43079E-01 4.28010E-01 3.10511E-01 8.95043E+00 
2.93171E-03 3.26006E-02 1.48077E-01 1.68352E-01 1.76150E-01 2.61994E-01 3.11072E-01 1.48076E-01 3.26006E-02 2.93171E-03 1.30344E+00 
2.93171E-03 3.26006E-02 1.56163E-01 1.78034E-01 1.86297E-01 2.74509E-01 3.24904E-01 1.56163E-01 3.26006E-02 2.93171E-03 1.58648E+00 
2.93171E-03 4.90356E-03 1.64740E-01 1.88165E-01 1.96891E-01 2.87472E-01 3.39207E-01 1.64740E-01 4.90356E-03 2.93171E-03 1.87003E+00 
2.93171E-03 1.66525E-02 1.73814E-01 1.98751E-01 2.07937E-01 3.00892E-01 3.53994E-01 1.73814E-01 1.66525E-02 2.93171E-03 2.14977E+00 
2.93171E-03 2.89330E-02 1.83408E-01 2.09836E-01 2.19486E-01 3.14847E-01 3.69359E-01 1.83408E-01 2.89330E-02 2.93171E-03 2.43920E+00 
2.93171E-03 4.17358E-02 1.93517E-01 2.21410E-01 2.31528E-01 3.29323E-01 3.85287E-01 1.93516E-01 4.17358E-02 2.93171E-03 2.73708E+00 
2.93171E-03 5.50497E-02 2.04131E-01 2.33463E-01 2.44051E-01 3.44308E-01 4.01764E-01 2.04131E-01 5.50497E-02 2.93171E-03 3.04208E+00 
2.93171E-03 6.56925E-02 2.12685E-01 2.43108E-01 2.54060E-01 3.56238E-01 4.14877E-01 2.12685E-01 6.56925E-02 2.93171E-03 3.28202E+00 
2.93171E-03 6.88592E-02 2.15241E-01 2.45980E-01 2.57038E-01 3.59780E-01 4.18769E-01 2.15240E-01 6.88592E-02 2.93171E-03 3.35272E+00 
2.93171E-03 8.42826E-02 2.27754E-01 2.59973E-01 2.71540E-01 3.76984E-01 4.37670E-01 2.27754E-01 8.42826E-02 2.93171E-03 3.69213E+00 
2.93171E-03 1.00231E-01 2.40798E-01 2.74455E-01 2.86531E-01 3.94694E-01 4.57123E-01 2.40798E-01 1.00231E-01 2.93171E-03 4.03412E+00 
2.93171E-03 1.16671E-01 2.54342E-01 2.89392E-01 3.01974E-01 4.12873E-01 4.77088E-01 2.54342E-01 1.16671E-01 2.93171E-03 4.37647E+00 
2.93171E-03 1.33562E-01 2.68349E-01 3.04744E-01 3.17832E-01 4.31475E-01 4.97519E-01 2.68349E-01 1.33562E-01 2.93171E-03 4.71688E+00 
1.64407E-02 1.50875E-01 2.82820E-01 3.20496E-01 3.34079E-01 4.50439E-01 5.18332E-01 2.82820E-01 1.50875E-01 1.64407E-02 5.02048E+00 
3.66229E-02 1.68564E-01 2.97673E-01 3.36582E-01 3.50658E-01 4.69749E-01 5.39536E-01 2.97673E-01 1.68564E-01 3.66229E-02 5.31229E+00 
5.71355E-02 1.86568E-01 3.12840E-01 3.52937E-01 3.67504E-01 4.89341E-01 5.61074E-01 3.12841E-01 1.86568E-01 5.71355E-02 5.59683E+00 
7.79074E-02 2.04818E-01 3.28258E-01 3.69493E-01 3.84549E-01 5.09141E-01 5.82868E-01 3.28259E-01 2.04818E-01 7.79074E-02 5.87184E+00 
9.88626E-02 2.23242E-01 3.43859E-01 3.86179E-01 4.01719E-01 5.29070E-01 6.04836E-01 3.43860E-01 2.23242E-01 9.88626E-02 6.13512E+00 
1.19921E-01 2.41763E-01 3.59569E-01 4.02919E-01 4.18937E-01 5.49045E-01 6.26893E-01 3.59570E-01 2.41763E-01 1.19921E-01 6.38458E+00 
1.40998E-01 2.60300E-01 3.75311E-01 4.19632E-01 4.36122E-01 5.68979E-01 6.48947E-01 3.75313E-01 2.60300E-01 1.40998E-01 6.61830E+00 
1.62008E-01 2.78769E-01 3.91005E-01 4.36238E-01 4.53191E-01 5.88780E-01 6.70907E-01 3.91007E-01 2.78769E-01 1.62008E-01 6.83451E+00 
1.82863E-01 2.97086E-01 4.06569E-01 4.52651E-01 4.70057E-01 6.08359E-01 6.92676E-01 4.06571E-01 2.97086E-01 1.82863E-01 7.03169E+00 
2.03474E-01 3.15164E-01 4.21919E-01 4.68788E-01 4.86637E-01 6.27622E-01 7.14160E-01 4.21922E-01 3.15164E-01 2.03474E-01 7.20852E+00 
2.23752E-01 3.32918E-01 4.36973E-01 4.84563E-01 5.02843E-01 6.46479E-01 7.35261E-01 4.36976E-01 3.32918E-01 2.23752E-01 7.36397E+00 
2.43610E-01 3.50264E-01 4.51649E-01 4.99895E-01 5.18592E-01 6.64838E-01 7.55887E-01 4.51653E-01 3.50264E-01 2.43610E-01 7.49725E+00 
2.62965E-01 3.67119E-01 4.65867E-01 5.14702E-01 5.33802E-01 6.82612E-01 7.75944E-01 4.65871E-01 3.67119E-01 2.62965E-01 7.60782E+00 
2.57716E-03 2.98404E-02 1.27362E-01 1.65669E-01 1.76291E-01 2.75978E-01 3.29341E-01 1.27362E-01 2.98404E-02 2.57716E-03 1.37762E+00 
2.57716E-03 2.98404E-02 1.34992E-01 1.74431E-01 1.85541E-01 2.87713E-01 3.42597E-01 1.34991E-01 2.98404E-02 2.57716E-03 1.63609E+00 
2.57716E-03 4.51982E-03 1.43018E-01 1.83549E-01 1.95143E-01 2.99793E-01 3.56223E-01 1.43017E-01 4.51982E-03 2.57716E-03 1.89244E+00 
2.57716E-03 1.53029E-02 1.51441E-01 1.93026E-01 2.05100E-01 3.12225E-01 3.70226E-01 1.51441E-01 1.53029E-02 2.57716E-03 2.14273E+00 
2.57716E-03 2.65070E-02 1.60276E-01 2.02890E-01 2.15446E-01 3.25071E-01 3.84689E-01 1.60275E-01 2.65070E-02 2.57716E-03 2.39937E+00 
2.57716E-03 3.81187E-02 1.69512E-01 2.13127E-01 2.26166E-01 3.38315E-01 3.99594E-01 1.69511E-01 3.81187E-02 2.57716E-03 2.66110E+00 
2.57716E-03 5.01227E-02 1.79136E-01 2.23724E-01 2.37244E-01 3.51937E-01 4.14920E-01 1.79135E-01 5.01227E-02 2.57716E-03 2.92663E+00 
2.57716E-03 5.96681E-02 1.86839E-01 2.32157E-01 2.46050E-01 3.62722E-01 4.27051E-01 1.86838E-01 5.96681E-02 2.57716E-03 3.13378E+00 
2.57716E-03 6.25000E-02 1.89132E-01 2.34660E-01 2.48662E-01 3.65914E-01 4.30642E-01 1.89131E-01 6.25000E-02 2.57716E-03 3.19452E+00 
2.57716E-03 7.62386E-02 2.00305E-01 2.46809E-01 2.61327E-01 3.81351E-01 4.48006E-01 2.00304E-01 7.62386E-02 2.57716E-03 3.48432E+00 
2.57716E-03 9.03536E-02 2.11859E-01 2.59297E-01 2.74327E-01 3.97133E-01 4.65761E-01 2.11859E-01 9.03536E-02 2.57716E-03 3.77321E+00 
2.57716E-03 1.04809E-01 2.23762E-01 2.72089E-01 2.87627E-01 4.13219E-01 4.83862E-01 2.23762E-01 1.04809E-01 2.57716E-03 4.05921E+00 
2.57716E-03 1.19564E-01 2.35974E-01 2.85144E-01 3.01185E-01 4.29560E-01 5.02261E-01 2.35974E-01 1.19564E-01 2.57716E-03 4.34035E+00 
1.44219E-02 1.34594E-01 2.48501E-01 2.98455E-01 3.14985E-01 4.46103E-01 5.20875E-01 2.48501E-01 1.34594E-01 1.44219E-02 4.58592E+00 
3.20251E-02 1.49847E-01 2.61254E-01 3.11946E-01 3.28959E-01 4.62821E-01 5.39710E-01 2.61254E-01 1.49847E-01 3.20251E-02 4.81827E+00 
4.98030E-02 1.65262E-01 2.74170E-01 3.25553E-01 3.43044E-01 4.79652E-01 5.58706E-01 2.74170E-01 1.65262E-01 4.98030E-02 5.04152E+00 
6.76891E-02 1.80775E-01 2.87188E-01 3.39214E-01 3.57175E-01 4.96525E-01 5.77789E-01 2.87189E-01 1.80775E-01 6.76891E-02 5.25385E+00 
8.56136E-02 1.96319E-01 3.00246E-01 3.52863E-01 3.71286E-01 5.13367E-01 5.96884E-01 3.00247E-01 1.96319E-01 8.56136E-02 5.45351E+00 
1.03504E-01 2.11826E-01 3.13278E-01 3.66432E-01 3.85307E-01 5.30102E-01 6.15909E-01 3.13279E-01 2.11826E-01 1.03504E-01 5.63894E+00 
1.21287E-01 2.27224E-01 3.26216E-01 3.79852E-01 3.99168E-01 5.46652E-01 6.34784E-01 3.26217E-01 2.27224E-01 1.21287E-01 5.80870E+00 
1.38886E-01 2.42441E-01 3.38990E-01 3.93053E-01 4.12797E-01 5.62938E-01 6.53424E-01 3.38992E-01 2.42441E-01 1.38886E-01 5.96157E+00 
1.56228E-01 2.57406E-01 3.51532E-01 4.05963E-01 4.26121E-01 5.78882E-01 6.71747E-01 3.51535E-01 2.57406E-01 1.56228E-01 6.09654E+00 
1.73237E-01 2.72046E-01 3.63772E-01 4.18513E-01 4.39070E-01 5.94404E-01 6.89670E-01 3.63775E-01 2.72046E-01 1.73237E-01 6.21282E+00 
1.89840E-01 2.86290E-01 3.75643E-01 4.30634E-01 4.51573E-01 6.09430E-01 7.07112E-01 3.75646E-01 2.86290E-01 1.89840E-01 6.30983E+00 
2.05968E-01 3.00073E-01 3.87078E-01 4.42260E-01 4.63565E-01 6.23886E-01 7.23994E-01 3.87082E-01 3.00073E-01 2.05968E-01 6.38727E+00 
2.21553E-01 3.13328E-01 3.98015E-01 4.53329E-01 4.74981E-01 6.37700E-01 7.40241E-01 3.98019E-01 3.13328E-01 2.21553E-01 6.44501E+00 
2.25483E-03 2.71793E-02 1.09674E-01 1.62170E-01 1.76066E-01 2.90854E-01 3.49295E-01 1.09673E-01 2.71793E-02 2.25483E-03 1.43895E+00 
2.25483E-03 2.71793E-02 1.16810E-01 1.70018E-01 1.84412E-01 3.01766E-01 3.61963E-01 1.16809E-01 2.71793E-02 2.25483E-03 1.67279E+00 
2.25483E-03 4.14531E-03 1.24258E-01 1.78143E-01 1.93027E-01 3.12931E-01 3.74907E-01 1.24257E-01 4.14531E-03 2.25483E-03 1.90233E+00 
2.25483E-03 1.39929E-02 1.32017E-01 1.86542E-01 2.01909E-01 3.24352E-01 3.88131E-01 1.32016E-01 1.39929E-02 2.25483E-03 2.12398E+00 
2.25483E-03 2.41645E-02 1.40092E-01 1.95231E-01 2.11079E-01 3.36079E-01 4.01709E-01 1.40091E-01 2.41645E-02 2.25483E-03 2.34914E+00 
2.25483E-03 3.46439E-02 1.48469E-01 2.04192E-01 2.20520E-01 3.48093E-01 4.15616E-01 1.48468E-01 3.46439E-02 2.25483E-03 2.57661E+00 
2.25483E-03 4.54130E-02 1.57133E-01 2.13409E-01 2.30213E-01 3.60369E-01 4.29831E-01 1.57131E-01 4.54130E-02 2.25483E-03 2.80513E+00 
2.25483E-03 5.39311E-02 1.64021E-01 2.20703E-01 2.37873E-01 3.70033E-01 4.41022E-01 1.64020E-01 5.39311E-02 2.25483E-03 2.98184E+00 
2.25483E-03 5.64506E-02 1.66064E-01 2.22861E-01 2.40138E-01 3.72883E-01 4.44323E-01 1.66063E-01 5.64506E-02 2.25483E-03 3.03339E+00 
2.25483E-03 6.86256E-02 1.75969E-01 2.33289E-01 2.51070E-01 3.86610E-01 4.60228E-01 1.75968E-01 6.86256E-02 2.25483E-03 3.27768E+00 
2.25483E-03 8.10520E-02 1.86131E-01 2.43932E-01 2.62209E-01 4.00540E-01 4.76379E-01 1.86130E-01 8.10520E-02 2.25483E-03 3.51839E+00 
2.25483E-03 9.36936E-02 1.96515E-01 2.54755E-01 2.73518E-01 4.14632E-01 4.92734E-01 1.96514E-01 9.36936E-02 2.25483E-03 3.75383E+00 
2.25483E-03 1.06510E-01 2.07084E-01 2.65717E-01 2.84958E-01 4.28839E-01 5.09241E-01 2.07084E-01 1.06510E-01 2.25483E-03 3.98232E+00 
1.25913E-02 1.19482E-01 2.17843E-01 2.76817E-01 2.96519E-01 4.43113E-01 5.25821E-01 2.17843E-01 1.19482E-01 1.25913E-02 4.17701E+00 
2.78710E-02 1.32554E-01 2.28706E-01 2.87976E-01 3.08128E-01 4.57421E-01 5.42475E-01 2.28706E-01 1.32554E-01 2.78710E-02 4.35778E+00 
4.32029E-02 1.45667E-01 2.39612E-01 2.99132E-01 3.19725E-01 4.71702E-01 5.59148E-01 2.39612E-01 1.45667E-01 4.32029E-02 4.52842E+00 
5.85261E-02 1.58765E-01 2.50506E-01 3.10229E-01 3.31250E-01 4.85893E-01 5.75770E-01 2.50506E-01 1.58765E-01 5.85261E-02 4.68751E+00 
7.37782E-02 1.71787E-01 2.61333E-01 3.21208E-01 3.42645E-01 4.99927E-01 5.92269E-01 2.61333E-01 1.71787E-01 7.37782E-02 4.83373E+00 
8.88955E-02 1.84674E-01 2.72034E-01 3.32012E-01 3.53850E-01 5.13735E-01 6.08573E-01 2.72035E-01 1.84674E-01 8.88955E-02 4.96596E+00 
1.03814E-01 1.97364E-01 2.82553E-01 3.42580E-01 3.64805E-01 5.27250E-01 6.24610E-01 2.82554E-01 1.97364E-01 1.03814E-01 5.08322E+00 
1.18470E-01 2.09795E-01 2.92830E-01 3.52855E-01 3.75448E-01 5.40405E-01 6.40305E-01 2.92831E-01 2.09795E-01 1.18470E-01 5.18472E+00 
1.32800E-01 2.21909E-01 3.02807E-01 3.62778E-01 3.85721E-01 5.53132E-01 6.55587E-01 3.02809E-01 2.21909E-01 1.32800E-01 5.26988E+00 
1.46745E-01 2.33648E-01 3.12430E-01 3.72293E-01 3.95566E-01 5.65367E-01 6.70385E-01 3.12433E-01 2.33648E-01 1.46745E-01 5.33833E+00 
1.60246E-01 2.44954E-01 3.21644E-01 3.81347E-01 4.04930E-01 5.77049E-01 6.84633E-01 3.21647E-01 2.44954E-01 1.60246E-01 5.38988E+00 
1.73247E-01 2.55776E-01 3.30398E-01 3.89888E-01 4.13760E-01 5.88120E-01 6.98266E-01 3.30402E-01 2.55776E-01 1.73247E-01 5.42456E+00 
1.85698E-01 2.66065E-01 3.38646E-01 3.97872E-01 4.22009E-01 5.98525E-01 7.11223E-01 3.38651E-01 2.66065E-01 1.85698E-01 5.44257E+00 
1.96354E-03 2.46312E-02 9.45791E-02 1.57853E-01 1.75433E-01 3.06426E-01 3.71009E-01 9.45770E-02 2.46312E-02 1.96354E-03 1.48694E+00 
1.96354E-03 2.46312E-02 1.01198E-01 1.64807E-01 1.82872E-01 3.16469E-01 3.83068E-01 1.01196E-01 2.46312E-02 1.96354E-03 1.69634E+00 
1.96354E-03 3.78252E-03 1.08054E-01 1.71965E-01 1.90505E-01 3.26682E-01 3.95316E-01 1.08052E-01 3.78252E-03 1.96354E-03 1.89969E+00 
1.96354E-03 1.27304E-02 1.15147E-01 1.79326E-01 1.98330E-01 3.37065E-01 4.07755E-01 1.15145E-01 1.27304E-02 1.96354E-03 2.09376E+00 
1.96354E-03 2.19183E-02 1.22473E-01 1.86891E-01 2.06356E-01 3.47658E-01 4.20450E-01 1.22471E-01 2.19183E-02 1.96354E-03 2.28898E+00 
1.96354E-03 3.13281E-02 1.30016E-01 1.94643E-01 2.14563E-01 3.58438E-01 4.33375E-01 1.30014E-01 3.13281E-02 1.96354E-03 2.48423E+00 
1.96354E-03 4.09402E-02 1.37759E-01 2.02564E-01 2.22931E-01 3.69379E-01 4.46504E-01 1.37757E-01 4.09402E-02 1.96354E-03 2.67836E+00 
1.96354E-03 4.85025E-02 1.43874E-01 2.08794E-01 2.29503E-01 3.77939E-01 4.56783E-01 1.43872E-01 4.85025E-02 1.96354E-03 2.82705E+00 
1.96354E-03 5.07326E-02 1.45681E-01 2.10631E-01 2.31439E-01 3.80456E-01 4.59806E-01 1.45679E-01 5.07326E-02 1.96354E-03 2.87019E+00 
1.96354E-03 6.14652E-02 1.54400E-01 2.19468E-01 2.40741E-01 3.92516E-01 4.74308E-01 1.54398E-01 6.14652E-02 1.96354E-03 3.07310E+00 
1.96354E-03 7.23464E-02 1.63272E-01 2.28417E-01 2.50143E-01 4.04660E-01 4.88932E-01 1.63270E-01 7.23464E-02 1.96354E-03 3.27050E+00 
1.96354E-03 8.33406E-02 1.72264E-01 2.37444E-01 2.59612E-01 4.16847E-01 5.03633E-01 1.72262E-01 8.33406E-02 1.96354E-03 3.46098E+00 
1.96354E-03 9.44098E-02 1.81340E-01 2.46513E-01 2.69108E-01 4.29032E-01 5.18363E-01 1.81338E-01 9.44098E-02 1.96354E-03 3.64315E+00 
1.09410E-02 1.05538E-01 1.90507E-01 2.55629E-01 2.78629E-01 4.41171E-01 5.33043E-01 1.90505E-01 1.05538E-01 1.09410E-02 3.79367E+00 
2.41404E-02 1.16671E-01 1.99682E-01 2.64709E-01 2.88101E-01 4.53230E-01 5.47675E-01 1.99681E-01 1.16671E-01 2.41404E-02 3.93017E+00 
3.72979E-02 1.27755E-01 2.08809E-01 2.73697E-01 2.97465E-01 4.65151E-01 5.62207E-01 2.08808E-01 1.27755E-01 3.72979E-02 4.05615E+00 
5.03594E-02 1.38738E-01 2.17841E-01 2.82543E-01 3.06672E-01 4.76877E-01 5.76573E-01 2.17840E-01 1.38738E-01 5.03594E-02 4.17056E+00 
6.32702E-02 1.49569E-01 2.26728E-01 2.91197E-01 3.15669E-01 4.88348E-01 5.90709E-01 2.26728E-01 1.49569E-01 6.32702E-02 4.27246E+00 
7.59754E-02 1.60195E-01 2.35421E-01 2.99611E-01 3.24407E-01 4.99505E-01 6.04550E-01 2.35422E-01 1.60195E-01 7.59754E-02 4.36110E+00 
8.84210E-02 1.70567E-01 2.43872E-01 3.07735E-01 3.32835E-01 5.10291E-01 6.18031E-01 2.43873E-01 1.70567E-01 8.84210E-02 4.43588E+00 
1.00554E-01 1.80633E-01 2.52033E-01 3.15521E-01 3.40904E-01 5.20648E-01 6.31089E-01 2.52034E-01 1.80633E-01 1.00554E-01 4.49639E+00 
1.12324E-01 1.90345E-01 2.59857E-01 3.22924E-01 3.48567E-01 5.30522E-01 6.43663E-01 2.59859E-01 1.90345E-01 1.12324E-01 4.54239E+00 
1.23682E-01 1.99658E-01 2.67301E-01 3.29901E-01 3.55779E-01 5.39861E-01 6.55695E-01 2.67304E-01 1.99658E-01 1.23682E-01 4.57382E+00 
1.34583E-01 2.08529E-01 2.74324E-01 3.36410E-01 3.62500E-01 5.48618E-01 6.67129E-01 2.74328E-01 2.08529E-01 1.34583E-01 4.59078E+00 
1.44986E-01 2.16917E-01 2.80889E-01 3.42415E-01 3.68692E-01 5.56747E-01 6.77913E-01 2.80893E-01 2.16917E-01 1.44986E-01 4.59355E+00 
1.54852E-01 2.24788E-01 2.86960E-01 3.47884E-01 3.74322E-01 5.64210E-01 6.88001E-01 2.86965E-01 2.24788E-01 1.54852E-01 4.58254E+00 
1.70156E-03 2.22051E-02 8.16832E-02 1.52723E-01 1.74310E-01 3.22433E-01 3.94523E-01 8.16795E-02 2.22051E-02 1.70156E-03 1.52128E+00 
1.70156E-03 2.22051E-02 8.77716E-02 1.58805E-01 1.80840E-01 3.31558E-01 4.05939E-01 8.77678E-02 2.22051E-02 1.70156E-03 1.70668E+00 
1.70156E-03 3.43327E-03 9.40345E-02 1.65032E-01 1.87502E-01 3.40778E-01 4.17465E-01 9.40306E-02 3.43327E-03 1.70156E-03 1.88467E+00 
1.70156E-03 1.15210E-02 1.00469E-01 1.71400E-01 1.94291E-01 3.50093E-01 4.29100E-01 1.00465E-01 1.15210E-02 1.70156E-03 2.05240E+00 
1.70156E-03 1.97768E-02 1.07065E-01 1.77901E-01 2.01205E-01 3.59531E-01 4.40902E-01 1.07061E-01 1.97768E-02 1.70156E-03 2.21938E+00 
1.70156E-03 2.81816E-02 1.13807E-01 1.84516E-01 2.08224E-01 3.69069E-01 4.52842E-01 1.13803E-01 2.81816E-02 1.70156E-03 2.38458E+00 
1.70156E-03 3.67155E-02 1.20676E-01 1.91227E-01 2.15328E-01 3.78680E-01 4.64894E-01 1.20672E-01 3.67155E-02 1.70156E-03 2.54700E+00 
1.70156E-03 4.33932E-02 1.26065E-01 1.96472E-01 2.20870E-01 3.86149E-01 4.74275E-01 1.26061E-01 4.33932E-02 1.70156E-03 2.67012E+00 
1.70156E-03 4.53563E-02 1.27652E-01 1.98013E-01 2.22496E-01 3.88337E-01 4.77026E-01 1.27648E-01 4.53563E-02 1.70156E-03 2.70561E+00 
1.70156E-03 5.47656E-02 1.35268E-01 2.05387E-01 2.30269E-01 3.98768E-01 4.90159E-01 1.35264E-01 5.47656E-02 1.70156E-03 2.87121E+00 
1.70156E-03 6.42401E-02 1.42955E-01 2.12793E-01 2.38057E-01 4.09182E-01 5.03305E-01 1.42951E-01 6.42401E-02 1.70156E-03 3.03000E+00 
1.70156E-03 7.37465E-02 1.50680E-01 2.20198E-01 2.45827E-01 4.19539E-01 5.16420E-01 1.50676E-01 7.37465E-02 1.70156E-03 3.18083E+00 
1.70156E-03 8.32496E-02 1.58411E-01 2.27569E-01 2.53545E-01 4.29797E-01 5.29457E-01 1.58407E-01 8.32496E-02 1.70156E-03 3.32263E+00 
9.46063E-03 9.27375E-02 1.66155E-01 2.34917E-01 2.61216E-01 4.39920E-01 5.42340E-01 1.66152E-01 9.27375E-02 9.46063E-03 3.43516E+00 
2.08064E-02 1.02157E-01 1.73835E-01 2.42160E-01 2.68763E-01 4.49871E-01 5.55072E-01 1.73833E-01 1.02157E-01 2.08064E-02 3.53407E+00 
3.20408E-02 1.11461E-01 1.81402E-01 2.49246E-01 2.76135E-01 4.59598E-01 5.67603E-01 1.81400E-01 1.11461E-01 3.20408E-02 3.62257E+00 
4.31168E-02 1.20605E-01 1.88814E-01 2.56134E-01 2.83288E-01 4.69048E-01 5.79876E-01 1.88812E-01 1.20605E-01 4.31168E-02 3.69992E+00 
5.39873E-02 1.29544E-01 1.96029E-01 2.62783E-01 2.90179E-01 4.78171E-01 5.91831E-01 1.96027E-01 1.29544E-01 5.39873E-02 3.76553E+00 
6.46065E-02 1.38236E-01 2.03006E-01 2.69152E-01 2.96767E-01 4.86917E-01 6.03411E-01 2.03005E-01 1.38236E-01 6.46065E-02 3.81897E+00 
7.49295E-02 1.46639E-01 2.09706E-01 2.75201E-01 3.03012E-01 4.95237E-01 6.14561E-01 2.09706E-01 1.46639E-01 7.49295E-02 3.85994E+00 
8.49137E-02 1.54712E-01 2.16092E-01 2.80894E-01 3.08875E-01 5.03084E-01 6.25225E-01 2.16092E-01 1.54712E-01 8.49137E-02 3.88831E+00 
9.45190E-02 1.62417E-01 2.22126E-01 2.86195E-01 3.14320E-01 5.10417E-01 6.35354E-01 2.22127E-01 1.62417E-01 9.45190E-02 3.90412E+00 
1.03708E-01 1.69721E-01 2.27776E-01 2.91072E-01 3.19315E-01 5.17194E-01 6.44898E-01 2.27778E-01 1.69721E-01 1.03708E-01 3.90753E+00 
1.12447E-01 1.76590E-01 2.33013E-01 2.95498E-01 3.23831E-01 5.23379E-01 6.53815E-01 2.33015E-01 1.76590E-01 1.12447E-01 3.89887E+00 
1.20705E-01 1.82998E-01 2.37808E-01 2.99446E-01 3.27841E-01 5.28941E-01 6.62063E-01 2.37812E-01 1.82998E-01 1.20705E-01 3.87856E+00 
1.28457E-01 1.88919E-01 2.42141E-01 3.02894E-01 3.31324E-01 5.33852E-01 6.69608E-01 2.42145E-01 1.88919E-01 1.28457E-01 3.84718E+00 
1.46848E-03 1.99224E-02 7.07122E-02 1.46828E-01 1.72590E-01 3.38452E-01 4.19655E-01 7.07059E-02 1.99224E-02 1.46848E-03 1.54172E+00 
1.46848E-03 1.99224E-02 7.62709E-02 1.52077E-01 1.78222E-01 3.46613E-01 4.30385E-01 7.62644E-02 1.99224E-02 1.46848E-03 1.70392E+00 
1.46848E-03 3.10117E-03 8.19499E-02 1.57421E-01 1.83932E-01 3.54806E-01 4.41152E-01 8.19432E-02 3.10117E-03 1.46848E-03 1.85773E+00 
1.46848E-03 1.03762E-02 8.77458E-02 1.62855E-01 1.89716E-01 3.63027E-01 4.51952E-01 8.77391E-02 1.03762E-02 1.46848E-03 2.00068E+00 
1.46848E-03 1.77591E-02 9.36446E-02 1.68362E-01 1.95562E-01 3.71296E-01 4.62838E-01 9.36378E-02 1.77591E-02 1.46848E-03 2.14142E+00 
1.46848E-03 2.52307E-02 9.96291E-02 1.73925E-01 2.01449E-01 3.79588E-01 4.73781E-01 9.96222E-02 2.52307E-02 1.46848E-03 2.27903E+00 
1.46848E-03 3.27712E-02 1.05681E-01 1.79524E-01 2.07360E-01 3.87878E-01 4.84752E-01 1.05674E-01 3.27712E-02 1.46848E-03 2.41265E+00 
1.46848E-03 3.86395E-02 1.10398E-01 1.83870E-01 2.11937E-01 3.94274E-01 4.93239E-01 1.10392E-01 3.86395E-02 1.46848E-03 2.51275E+00 
1.46848E-03 4.03592E-02 1.11782E-01 1.85141E-01 2.13274E-01 3.96139E-01 4.95719E-01 1.11775E-01 4.03592E-02 1.46848E-03 2.54141E+00 
1.46848E-03 4.85684E-02 1.18390E-01 1.91192E-01 2.19627E-01 4.04982E-01 5.07504E-01 1.18383E-01 4.85684E-02 1.46848E-03 2.67386E+00 
1.46848E-03 5.67772E-02 1.25002E-01 1.97213E-01 2.25929E-01 4.13724E-01 5.19205E-01 1.24996E-01 5.67772E-02 1.46848E-03 2.79873E+00 
1.46848E-03 6.49554E-02 1.31591E-01 2.03173E-01 2.32150E-01 4.22327E-01 5.30781E-01 1.31585E-01 6.49554E-02 1.46848E-03 2.91513E+00 
1.46848E-03 7.30711E-02 1.38126E-01 2.09044E-01 2.38260E-01 4.30755E-01 5.42188E-01 1.38120E-01 7.30711E-02 1.46848E-03 3.02226E+00 
8.14692E-03 8.11161E-02 1.44617E-01 2.14841E-01 2.44270E-01 4.38980E-01 5.53355E-01 1.44611E-01 8.11161E-02 8.14692E-03 3.10269E+00 
1.78590E-02 8.90413E-02 1.50992E-01 2.20485E-01 2.50104E-01 4.46960E-01 5.64283E-01 1.50987E-01 8.90413E-02 1.78590E-02 3.17022E+00 
2.74113E-02 9.68046E-02 1.57209E-01 2.25931E-01 2.55717E-01 4.54650E-01 5.74928E-01 1.57204E-01 9.68046E-02 2.74113E-02 3.22782E+00 
3.67635E-02 1.04369E-01 1.63232E-01 2.31145E-01 2.61072E-01 4.62004E-01 5.85237E-01 1.63228E-01 1.04369E-01 3.67635E-02 3.27504E+00 
4.58762E-02 1.11697E-01 1.69026E-01 2.36092E-01 2.66136E-01 4.68980E-01 5.95158E-01 1.69023E-01 1.11697E-01 4.58762E-02 3.31155E+00 
5.47116E-02 1.18754E-01 1.74560E-01 2.40740E-01 2.70875E-01 4.75535E-01 6.04642E-01 1.74557E-01 1.18754E-01 5.47116E-02 3.33718E+00 
6.32339E-02 1.25507E-01 1.79801E-01 2.45060E-01 2.75258E-01 4.81631E-01 6.13639E-01 1.79799E-01 1.25507E-01 6.32339E-02 3.35187E+00 
7.14093E-02 1.31924E-01 1.84720E-01 2.49023E-01 2.79257E-01 4.87232E-01 6.22106E-01 1.84719E-01 1.31924E-01 7.14093E-02 3.35572E+00 
7.92071E-02 1.37977E-01 1.89291E-01 2.52605E-01 2.82846E-01 4.92303E-01 6.29999E-01 1.89290E-01 1.37977E-01 7.92071E-02 3.34894E+00 
8.65997E-02 1.43640E-01 1.93489E-01 2.55782E-01 2.86002E-01 4.96816E-01 6.37282E-01 1.93490E-01 1.43640E-01 8.65997E-02 3.33188E+00 
9.35627E-02 1.48892E-01 1.97295E-01 2.58536E-01 2.88705E-01 5.00745E-01 6.43918E-01 1.97297E-01 1.48892E-01 9.35627E-02 3.30499E+00 
1.00075E-01 1.53713E-01 2.00690E-01 2.60851E-01 2.90941E-01 5.04067E-01 6.49878E-01 2.00693E-01 1.53713E-01 1.00075E-01 3.26880E+00 
1.06121E-01 1.58088E-01 2.03661E-01 2.62716E-01 2.92697E-01 5.06767E-01 6.55137E-01 2.03666E-01 1.58088E-01 1.06121E-01 3.22394E+00 
1.26152E-03 1.77814E-02 6.13303E-02 1.40193E-01 1.70137E-01 3.54166E-01 4.46352E-01 6.13197E-02 1.77814E-02 1.26152E-03 1.54851E+00 
1.26152E-03 1.77814E-02 6.63665E-02 1.44653E-01 1.74885E-01 3.61319E-01 4.56335E-01 6.63556E-02 1.77814E-02 1.26152E-03 1.68846E+00 
1.26152E-03 2.78647E-03 7.14777E-02 1.49166E-01 1.79668E-01 3.68449E-01 4.66287E-01 7.14666E-02 2.78647E-03 1.26152E-03 1.81942E+00 
1.26152E-03 9.29635E-03 7.66603E-02 1.53728E-01 1.84480E-01 3.75550E-01 4.76205E-01 7.66491E-02 9.29635E-03 1.26152E-03 1.93923E+00 
1.26152E-03 1.58642E-02 8.18971E-02 1.58314E-01 1.89302E-01 3.82633E-01 4.86134E-01 8.18858E-02 1.58642E-02 1.26152E-03 2.05574E+00 
1.26152E-03 2.24715E-02 8.71711E-02 1.62909E-01 1.94117E-01 3.89674E-01 4.96044E-01 8.71598E-02 2.24715E-02 1.26152E-03 2.16817E+00 
1.26152E-03 2.90994E-02 9.24653E-02 1.67495E-01 1.98905E-01 3.96648E-01 5.05908E-01 9.24540E-02 2.90994E-02 1.26152E-03 2.27579E+00 
1.26152E-03 3.42291E-02 9.65638E-02 1.71026E-01 2.02579E-01 4.01983E-01 5.13488E-01 9.65526E-02 3.42291E-02 1.26152E-03 2.35532E+00 
1.26152E-03 3.57277E-02 9.77611E-02 1.72054E-01 2.03647E-01 4.03531E-01 5.15693E-01 9.77499E-02 3.57277E-02 1.26152E-03 2.37790E+00 
1.26152E-03 4.28513E-02 1.03451E-01 1.76918E-01 2.08687E-01 4.10819E-01 5.26121E-01 1.03440E-01 4.28513E-02 1.26152E-03 2.48109E+00 
1.26152E-03 4.99246E-02 1.09096E-01 1.81704E-01 2.13627E-01 4.17937E-01 5.36381E-01 1.09085E-01 4.99246E-02 1.26152E-03 2.57637E+00 
1.26152E-03 5.69205E-02 1.14671E-01 1.86388E-01 2.18440E-01 4.24853E-01 5.46434E-01 1.14660E-01 5.69205E-02 1.26152E-03 2.66309E+00 
1.26152E-03 6.38113E-02 1.20149E-01 1.90944E-01 2.23100E-01 4.31533E-01 5.56239E-01 1.20139E-01 6.38113E-02 1.26152E-03 2.74068E+00 
6.98343E-03 7.05915E-02 1.25541E-01 1.95393E-01 2.27626E-01 4.37959E-01 5.65732E-01 1.25532E-01 7.05915E-02 6.98343E-03 2.79420E+00 
1.52586E-02 7.72171E-02 1.30784E-01 1.99659E-01 2.31943E-01 4.44088E-01 5.74913E-01 1.30775E-01 7.72171E-02 1.52586E-02 2.83579E+00 
2.33425E-02 8.36518E-02 1.35839E-01 2.03702E-01 2.36011E-01 4.49877E-01 5.83741E-01 1.35830E-01 8.36518E-02 2.33425E-02 2.86821E+00 
3.12014E-02 8.98646E-02 1.40678E-01 2.07496E-01 2.39803E-01 4.55289E-01 5.92170E-01 1.40670E-01 8.98646E-02 3.12014E-02 2.89123E+00 
3.88031E-02 9.58261E-02 1.45273E-01 2.11013E-01 2.43290E-01 4.60288E-01 6.00155E-01 1.45267E-01 9.58261E-02 3.88031E-02 2.90474E+00 
4.61173E-02 1.01508E-01 1.49600E-01 2.14230E-01 2.46448E-01 4.64841E-01 6.07651E-01 1.49594E-01 1.01508E-01 4.61173E-02 2.90876E+00 
5.31158E-02 1.06886E-01 1.53633E-01 2.17125E-01 2.49255E-01 4.68918E-01 6.14620E-01 1.53628E-01 1.06886E-01 5.31158E-02 2.90342E+00 
5.97730E-02 1.11935E-01 1.57351E-01 2.19677E-01 2.51691E-01 4.72492E-01 6.21023E-01 1.57348E-01 1.11935E-01 5.97730E-02 2.88898E+00 
6.60664E-02 1.16635E-01 1.60736E-01 2.21869E-01 2.53738E-01 4.75537E-01 6.26827E-01 1.60734E-01 1.16635E-01 6.60664E-02 2.86579E+00 
7.19762E-02 1.20969E-01 1.63770E-01 2.23688E-01 2.55382E-01 4.78034E-01 6.32003E-01 1.63770E-01 1.20969E-01 7.19762E-02 2.83428E+00 
7.74862E-02 1.24921E-01 1.66442E-01 2.25122E-01 2.56612E-01 4.79967E-01 6.36525E-01 1.66443E-01 1.24921E-01 7.74862E-02 2.79500E+00 
8.25833E-02 1.28482E-01 1.68741E-01 2.26163E-01 2.57421E-01 4.81322E-01 6.40371E-01 1.68744E-01 1.28482E-01 8.25833E-02 2.74852E+00 
8.72581E-02 1.31643E-01 1.70660E-01 2.26808E-01 2.57805E-01 4.82091E-01 6.43524E-01 1.70665E-01 1.31643E-01 8.72581E-02 2.69549E+00 
1.07914E-03 1.57908E-02 5.33079E-02 1.32896E-01 1.66816E-01 3.69172E-01 4.74340E-01 5.32905E-02 1.57908E-02 1.07914E-03 1.54205E+00 
1.07914E-03 1.57908E-02 5.78375E-02 1.36620E-01 1.70706E-01 3.75281E-01 4.83502E-01 5.78198E-02 1.57908E-02 1.07914E-03 1.66098E+00 
1.07914E-03 2.49096E-03 6.24048E-02 1.40364E-01 1.74596E-01 3.81319E-01 4.92572E-01 6.23870E-02 2.49096E-03 1.07914E-03 1.77061E+00 
1.07914E-03 8.28672E-03 6.70066E-02 1.44124E-01 1.78482E-01 3.87280E-01 5.01544E-01 6.69887E-02 8.28672E-03 1.07914E-03 1.86909E+00 
1.07914E-03 1.41003E-02 7.16233E-02 1.47871E-01 1.82336E-01 3.93168E-01 5.10459E-01 7.16052E-02 1.41003E-02 1.07914E-03 1.96351E+00 
1.07914E-03 1.99141E-02 7.62389E-02 1.51590E-01 1.86144E-01 3.98958E-01 5.19288E-01 7.62209E-02 1.99141E-02 1.07914E-03 2.05325E+00 
1.07914E-03 2.57106E-02 8.08376E-02 1.55265E-01 1.89887E-01 4.04628E-01 5.28002E-01 8.08196E-02 2.57106E-02 1.07914E-03 2.13771E+00 
1.07914E-03 3.01722E-02 8.43734E-02 1.58069E-01 1.92730E-01 4.08918E-01 5.34647E-01 8.43556E-02 3.01722E-02 1.07914E-03 2.19909E+00 
1.07914E-03 3.14714E-02 8.54023E-02 1.58881E-01 1.93551E-01 4.10154E-01 5.36571E-01 8.53846E-02 3.14714E-02 1.07914E-03 2.21634E+00 
1.07914E-03 3.76216E-02 9.02665E-02 1.62694E-01 1.97391E-01 4.15925E-01 5.45614E-01 9.02491E-02 3.76216E-02 1.07914E-03 2.29403E+00 
1.07914E-03 4.36849E-02 9.50494E-02 1.66397E-01 2.01096E-01 4.21472E-01 5.54415E-01 9.50324E-02 4.36849E-02 1.07914E-03 2.36383E+00 
1.07914E-03 4.96377E-02 9.97289E-02 1.69970E-01 2.04644E-01 4.26767E-01 5.62939E-01 9.97125E-02 4.96377E-02 1.07914E-03 2.42530E+00 
1.07914E-03 5.54563E-02 1.04283E-01 1.73391E-01 2.08015E-01 4.31781E-01 5.71147E-01 1.04267E-01 5.54563E-02 1.07914E-03 2.47809E+00 
5.96075E-03 6.11381E-02 1.08723E-01 1.76686E-01 2.11231E-01 4.36506E-01 5.78984E-01 1.08708E-01 6.11381E-02 5.96075E-03 2.50941E+00 
1.29817E-02 6.66440E-02 1.12993E-01 1.79781E-01 2.14221E-01 4.40895E-01 5.86448E-01 1.12979E-01 6.66440E-02 1.29817E-02 2.52995E+00 
1.97936E-02 7.19436E-02 1.17061E-01 1.82645E-01 2.16952E-01 4.44912E-01 5.93501E-01 1.17047E-01 7.19436E-02 1.97936E-02 2.54223E+00 
2.63690E-02 7.70120E-02 1.20903E-01 1.85256E-01 2.19400E-01 4.48524E-01 6.00102E-01 1.20891E-01 7.70120E-02 2.63690E-02 2.54621E+00 
3.26821E-02 8.18258E-02 1.24500E-01 1.87595E-01 2.21547E-01 4.51705E-01 6.06213E-01 1.24489E-01 8.18258E-02 3.26821E-02 2.54196E+00 
3.87092E-02 8.63637E-02 1.27830E-01 1.89643E-01 2.23375E-01 4.54428E-01 6.11797E-01 1.27821E-01 8.63637E-02 3.87092E-02 2.52964E+00 
4.44289E-02 9.06066E-02 1.30877E-01 1.91385E-01 2.24869E-01 4.56671E-01 6.16821E-01 1.30869E-01 9.06066E-02 4.44289E-02 2.50951E+00 
4.98227E-02 9.45380E-02 1.33625E-01 1.92809E-01 2.26015E-01 4.58415E-01 6.21255E-01 1.33619E-01 9.45380E-02 4.98227E-02 2.48193E+00 
5.48746E-02 9.81439E-02 1.36063E-01 1.93904E-01 2.26804E-01 4.59644E-01 6.25074E-01 1.36059E-01 9.81439E-02 5.48746E-02 2.44734E+00 
5.95717E-02 1.01413E-01 1.38180E-01 1.94663E-01 2.27230E-01 4.60345E-01 6.28256E-01 1.38178E-01 1.01413E-01 5.95717E-02 2.40624E+00 
6.39040E-02 1.04338E-01 1.39969E-01 1.95082E-01 2.27287E-01 4.60510E-01 6.30783E-01 1.39970E-01 1.04338E-01 6.39040E-02 2.35918E+00 
6.78647E-02 1.06912E-01 1.41427E-01 1.95157E-01 2.26975E-01 4.60133E-01 6.32641E-01 1.41429E-01 1.06912E-01 6.78647E-02 2.30675E+00 
7.14498E-02 1.09133E-01 1.42551E-01 1.94891E-01 2.26296E-01 4.59215E-01 6.33821E-01 1.42556E-01 1.09133E-01 7.14498E-02 2.24959E+00 
9.19359E-04 1.39535E-02 4.64354E-02 1.25035E-01 1.62508E-01 3.83121E-01 5.03294E-01 4.64079E-02 1.39535E-02 9.19359E-04 1.52310E+00 
9.19359E-04 1.39535E-02 5.04805E-02 1.28082E-01 1.65577E-01 3.88157E-01 5.11547E-01 5.04528E-02 1.39535E-02 9.19359E-04 1.62240E+00 
9.19359E-04 2.21556E-03 5.45336E-02 1.31124E-01 1.68620E-01 3.93083E-01 5.19652E-01 5.45057E-02 2.21556E-03 9.19359E-04 1.71236E+00 
9.19359E-04 7.34979E-03 5.85917E-02 1.34157E-01 1.71634E-01 3.97893E-01 5.27602E-01 5.85638E-02 7.34979E-03 9.19359E-04 1.79142E+00 
9.19359E-04 1.24702E-02 6.26340E-02 1.37149E-01 1.74586E-01 4.02582E-01 5.35433E-01 6.26062E-02 1.24702E-02 9.19359E-04 1.86596E+00 
9.19359E-04 1.75607E-02 6.66459E-02 1.40087E-01 1.77463E-01 4.07128E-01 5.43116E-01 6.66182E-02 1.75607E-02 9.19359E-04 1.93549E+00 
9.19359E-04 2.26052E-02 7.06128E-02 1.42956E-01 1.80249E-01 4.11510E-01 5.50622E-01 7.05855E-02 2.26052E-02 9.19359E-04 1.99955E+00 
9.19359E-04 2.64666E-02 7.36419E-02 1.45121E-01 1.82334E-01 4.14774E-01 5.56291E-01 7.36149E-02 2.64666E-02 9.19359E-04 2.04509E+00 
9.19359E-04 2.75875E-02 7.45198E-02 1.45743E-01 1.82931E-01 4.15707E-01 5.57924E-01 7.44929E-02 2.75875E-02 9.19359E-04 2.05772E+00 
9.19359E-04 3.28708E-02 7.86480E-02 1.48640E-01 1.85689E-01 4.20001E-01 5.65535E-01 7.86217E-02 3.28708E-02 9.19359E-04 2.11346E+00 
9.19359E-04 3.80421E-02 8.26700E-02 1.51408E-01 1.88291E-01 4.24031E-01 5.72841E-01 8.26445E-02 3.80421E-02 9.19359E-04 2.16160E+00 
9.19359E-04 4.30811E-02 8.65671E-02 1.54029E-01 1.90719E-01 4.27771E-01 5.79808E-01 8.65426E-02 4.30811E-02 9.19359E-04 2.20188E+00 
9.19359E-04 4.79681E-02 9.03211E-02 1.56487E-01 1.92958E-01 4.31198E-01 5.86403E-01 9.02976E-02 4.79681E-02 9.19359E-04 2.23413E+00 
5.06714E-03 5.27031E-02 9.39444E-02 1.58809E-01 1.95036E-01 4.34317E-01 5.92580E-01 9.39221E-02 5.27031E-02 5.06714E-03 2.24743E+00 
1.09997E-02 5.72518E-02 9.73875E-02 1.60929E-01 1.96883E-01 4.37073E-01 5.98331E-01 9.73666E-02 5.72518E-02 1.09997E-02 2.25119E+00 
1.67164E-02 6.15894E-02 1.00624E-01 1.62818E-01 1.98472E-01 4.39436E-01 6.03624E-01 1.00605E-01 6.15894E-02 1.67164E-02 2.24770E+00 
2.21952E-02 6.56962E-02 1.03637E-01 1.64462E-01 1.99787E-01 4.41381E-01 6.08422E-01 1.03619E-01 6.56962E-02 2.21952E-02 2.23706E+00 
2.74160E-02 6.95544E-02 1.06409E-01 1.65845E-01 2.00814E-01 4.42888E-01 6.12694E-01 1.06394E-01 6.95544E-02 2.74160E-02 2.21946E+00 
3.23609E-02 7.31484E-02 1.08928E-01 1.66958E-01 2.01541E-01 4.43936E-01 6.16409E-01 1.08914E-01 7.31484E-02 3.23609E-02 2.19518E+00 
3.70144E-02 7.64646E-02 1.11180E-01 1.67789E-01 2.01961E-01 4.44512E-01 6.19541E-01 1.11169E-01 7.64646E-02 3.70144E-02 2.16455E+00 
4.13636E-02 7.94921E-02 1.13156E-01 1.68333E-01 2.02066E-01 4.44603E-01 6.22068E-01 1.13147E-01 7.94921E-02 4.13636E-02 2.12801E+00 
4.53982E-02 8.22222E-02 1.14849E-01 1.68583E-01 2.01852E-01 4.44200E-01 6.23971E-01 1.14843E-01 8.22222E-02 4.53982E-02 2.08602E+00 
4.91105E-02 8.46491E-02 1.16254E-01 1.68539E-01 2.01318E-01 4.43298E-01 6.25235E-01 1.16251E-01 8.46491E-02 4.91105E-02 2.03911E+00 
5.24955E-02 8.67692E-02 1.17369E-01 1.68199E-01 2.00466E-01 4.41895E-01 6.25850E-01 1.17368E-01 8.67692E-02 5.24955E-02 1.98783E+00 
5.55511E-02 8.85818E-02 1.18194E-01 1.67568E-01 1.99299E-01 4.39993E-01 6.25809E-01 1.18196E-01 8.85818E-02 5.55511E-02 1.93275E+00 
5.82776E-02 9.00883E-02 1.18731E-01 1.66649E-01 1.97824E-01 4.37595E-01 6.25109E-01 1.18736E-01 9.00883E-02 5.82776E-02 1.87444E+00 
7.80174E-04 1.22700E-02 4.05356E-02 1.16727E-01 1.57131E-01 3.95720E-01 5.32807E-01 4.04935E-02 1.22700E-02 7.80174E-04 1.49265E+00 
7.80174E-04 1.22700E-02 4.41232E-02 1.19162E-01 1.59428E-01 3.99662E-01 5.40050E-01 4.40811E-02 1.22700E-02 7.80174E-04 1.57388E+00 
7.80174E-04 1.96083E-03 4.76957E-02 1.21574E-01 1.61683E-01 4.03464E-01 5.47096E-01 4.76536E-02 1.96083E-03 7.80174E-04 1.64592E+00 
7.80174E-04 6.48669E-03 5.12504E-02 1.23960E-01 1.63890E-01 4.07119E-01 5.53937E-01 5.12087E-02 6.48669E-03 7.80174E-04 1.70751E+00 
7.80174E-04 1.09747E-02 5.47663E-02 1.26285E-01 1.66015E-01 4.10614E-01 5.60602E-01 5.47250E-02 1.09747E-02 7.80174E-04 1.76437E+00 
7.80174E-04 1.54104E-02 5.82302E-02 1.28536E-01 1.68045E-01 4.13928E-01 5.67061E-01 5.81894E-02 1.54104E-02 7.80174E-04 1.81612E+00 
7.80174E-04 1.97796E-02 6.16291E-02 1.30703E-01 1.69968E-01 4.17044E-01 5.73290E-01 6.15890E-02 1.97796E-02 7.80174E-04 1.86243E+00 
7.80174E-04 2.31054E-02 6.42062E-02 1.32315E-01 1.71375E-01 4.19307E-01 5.77934E-01 6.41667E-02 2.31054E-02 7.80174E-04 1.89434E+00 
7.80174E-04 2.40678E-02 6.49500E-02 1.32774E-01 1.71772E-01 4.19943E-01 5.79261E-01 6.49108E-02 2.40678E-02 7.80174E-04 1.90301E+00 
7.80174E-04 2.85846E-02 6.84285E-02 1.34886E-01 1.73571E-01 4.22805E-01 5.85381E-01 6.83904E-02 2.85846E-02 7.80174E-04 1.94010E+00 
7.80174E-04 3.29734E-02 7.17853E-02 1.36859E-01 1.75205E-01 4.25373E-01 5.91139E-01 7.17486E-02 3.29734E-02 7.80174E-04 1.97007E+00 
7.80174E-04 3.72176E-02 7.50050E-02 1.38679E-01 1.76660E-01 4.27626E-01 5.96506E-01 7.49699E-02 3.72176E-02 7.80174E-04 1.99282E+00 
7.80174E-04 4.13010E-02 7.80728E-02 1.40333E-01 1.77923E-01 4.29546E-01 6.01454E-01 7.80395E-02 4.13010E-02 7.80174E-04 2.00832E+00 
4.29069E-03 4.52255E-02 8.10020E-02 1.41852E-01 1.79029E-01 4.31148E-01 6.05948E-01 8.09707E-02 4.52255E-02 4.29069E-03 2.00729E+00 
9.28416E-03 4.89620E-02 8.37497E-02 1.43172E-01 1.79911E-01 4.32374E-01 6.09975E-01 8.37205E-02 4.89620E-02 9.28416E-03 1.99796E+00 
1.40631E-02 5.24904E-02 8.62946E-02 1.44272E-01 1.80546E-01 4.33196E-01 6.13504E-01 8.62678E-02 5.24904E-02 1.40631E-02 1.98242E+00 
1.86102E-02 5.57958E-02 8.86235E-02 1.45141E-01 1.80923E-01 4.33597E-01 6.16504E-01 8.85993E-02 5.57958E-02 1.86102E-02 1.96088E+00 
2.29105E-02 5.88650E-02 9.07249E-02 1.45770E-01 1.81034E-01 4.33562E-01 6.18950E-01 9.07035E-02 5.88650E-02 2.29105E-02 1.93361E+00 
2.69509E-02 6.16871E-02 9.25892E-02 1.46152E-01 1.80873E-01 4.33079E-01 6.20818E-01 9.25710E-02 6.16871E-02 2.69509E-02 1.90095E+00 
3.07208E-02 6.42534E-02 9.42091E-02 1.46282E-01 1.80437E-01 4.32138E-01 6.22089E-01 9.41940E-02 6.42534E-02 3.07208E-02 1.86330E+00 
3.42118E-02 6.65571E-02 9.55790E-02 1.46158E-01 1.79723E-01 4.30735E-01 6.22747E-01 9.55675E-02 6.65571E-02 3.42118E-02 1.82111E+00 
3.74181E-02 6.85940E-02 9.66960E-02 1.45780E-01 1.78734E-01 4.28867E-01 6.22779E-01 9.66880E-02 6.85940E-02 3.74181E-02 1.77485E+00 
4.03361E-02 7.03621E-02 9.75590E-02 1.45147E-01 1.77471E-01 4.26533E-01 6.22179E-01 9.75548E-02 7.03621E-02 4.03361E-02 1.72505E+00 
4.29648E-02 7.18616E-02 9.81690E-02 1.44266E-01 1.75939E-01 4.23740E-01 6.20942E-01 9.81688E-02 7.18616E-02 4.29648E-02 1.67222E+00 
4.53053E-02 7.30949E-02 9.85294E-02 1.43140E-01 1.74147E-01 4.20492E-01 6.19067E-01 9.85332E-02 7.30949E-02 4.53053E-02 1.61689E+00 
4.73609E-02 7.40663E-02 9.86452E-02 1.41779E-01 1.72103E-01 4.16799E-01 6.16558E-01 9.86531E-02 7.40663E-02 4.73609E-02 1.55959E+00 
6.59581E-04 1.07382E-02 3.54596E-02 1.08108E-01 1.50655E-01 4.06736E-01 5.62398E-01 3.53975E-02 1.07382E-02 6.59581E-04 1.45195E+00 
6.59581E-04 1.07382E-02 3.86204E-02 1.09999E-01 1.52243E-01 4.09573E-01 5.68523E-01 3.85587E-02 1.07382E-02 6.59581E-04 1.51672E+00 
6.59581E-04 1.72694E-03 4.17486E-02 1.11856E-01 1.53778E-01 4.12246E-01 5.74409E-01 4.16875E-02 1.72694E-03 6.59581E-04 1.57267E+00 
6.59581E-04 5.69733E-03 4.48424E-02 1.13675E-01 1.55256E-01 4.14750E-01 5.80045E-01 4.47822E-02 5.69733E-03 6.59581E-04 1.61875E+00 
6.59581E-04 9.61248E-03 4.78807E-02 1.15419E-01 1.56638E-01 4.17061E-01 5.85453E-01 4.78215E-02 9.61248E-03 6.59581E-04 1.66008E+00 
6.59581E-04 1.34595E-02 5.08520E-02 1.17079E-01 1.57914E-01 4.19163E-01 5.90605E-01 5.07940E-02 1.34595E-02 6.59581E-04 1.69639E+00 
6.59581E-04 1.72260E-02 5.37449E-02 1.18646E-01 1.59075E-01 4.21040E-01 5.95477E-01 5.36884E-02 1.72260E-02 6.59581E-04 1.72745E+00 
6.59581E-04 2.00774E-02 5.59226E-02 1.19788E-01 1.59888E-01 4.22328E-01 5.99040E-01 5.58674E-02 2.00774E-02 6.59581E-04 1.74778E+00 
6.59581E-04 2.08998E-02 5.65485E-02 1.20109E-01 1.60111E-01 4.22677E-01 6.00046E-01 5.64937E-02 2.08998E-02 6.59581E-04 1.75311E+00 
6.59581E-04 2.47432E-02 5.94588E-02 1.21561E-01 1.61078E-01 4.24155E-01 6.04604E-01 5.94060E-02 2.47432E-02 6.59581E-04 1.77457E+00 
6.59581E-04 2.84505E-02 6.22395E-02 1.22871E-01 1.61880E-01 4.25319E-01 6.08754E-01 6.21891E-02 2.84505E-02 6.59581E-04 1.78954E+00 
6.59581E-04 3.20079E-02 6.48782E-02 1.24030E-01 1.62506E-01 4.26154E-01 6.12469E-01 6.48304E-02 3.20079E-02 6.59581E-04 1.79802E+00 
6.59581E-04 3.54027E-02 6.73632E-02 1.25027E-01 1.62949E-01 4.26644E-01 6.15726E-01 6.73182E-02 3.54027E-02 6.59581E-04 1.80009E+00 
3.61968E-03 3.86386E-02 6.97084E-02 1.25895E-01 1.63245E-01 4.26818E-01 6.18506E-01 6.96666E-02 3.86386E-02 3.61968E-03 1.78792E+00 
7.80716E-03 4.16908E-02 7.18769E-02 1.26576E-01 1.63331E-01 4.26612E-01 6.20785E-01 7.18383E-02 4.16908E-02 7.80716E-03 1.76866E+00 
1.17874E-02 4.45437E-02 7.38517E-02 1.27052E-01 1.63189E-01 4.26001E-01 6.22534E-01 7.38168E-02 4.45437E-02 1.17874E-02 1.74421E+00 
1.55474E-02 4.71862E-02 7.56236E-02 1.27317E-01 1.62811E-01 4.24974E-01 6.23730E-01 7.55926E-02 4.71862E-02 1.55474E-02 1.71486E+00 
1.90761E-02 4.96093E-02 7.71848E-02 1.27365E-01 1.62196E-01 4.23521E-01 6.24352E-01 7.71579E-02 4.96093E-02 1.90761E-02 1.68093E+00 
2.23647E-02 5.18058E-02 7.85294E-02 1.27194E-01 1.61341E-01 4.21637E-01 6.24384E-01 7.85069E-02 5.18058E-02 2.23647E-02 1.64280E+00 
2.54064E-02 5.37707E-02 7.96537E-02 1.26803E-01 1.60246E-01 4.19320E-01 6.23812E-01 7.96357E-02 5.37707E-02 2.54064E-02 1.60088E+00 
2.81965E-02 5.55009E-02 8.05555E-02 1.26192E-01 1.58914E-01 4.16567E-01 6.22627E-01 8.05423E-02 5.55009E-02 2.81965E-02 1.55563E+00 
3.07325E-02 5.69952E-02 8.12348E-02 1.25364E-01 1.57349E-01 4.13384E-01 6.20824E-01 8.12266E-02 5.69952E-02 3.07325E-02 1.50751E+00 
3.30142E-02 5.82547E-02 8.16935E-02 1.24324E-01 1.55557E-01 4.09775E-01 6.18401E-01 8.16904E-02 5.82547E-02 3.30142E-02 1.45700E+00 
3.50431E-02 5.92820E-02 8.19350E-02 1.23077E-01 1.53547E-01 4.05749E-01 6.15360E-01 8.19372E-02 5.92820E-02 3.50431E-02 1.40458E+00 
3.68228E-02 6.00818E-02 8.19648E-02 1.21631E-01 1.51327E-01 4.01317E-01 6.11706E-01 8.19722E-02 6.00818E-02 3.68228E-02 1.35073E+00 
3.83587E-02 6.06604E-02 8.17895E-02 1.19996E-01 1.48908E-01 3.96494E-01 6.07449E-01 8.18023E-02 6.06604E-02 3.83587E-02 1.29590E+00 
5.55654E-04 9.35430E-03 3.10843E-02 9.93243E-02 1.43118E-01 4.15992E-01 5.91522E-01 3.09961E-02 9.35430E-03 5.55654E-04 1.40240E+00 
5.55654E-04 9.35430E-03 3.38513E-02 1.00743E-01 1.44070E-01 4.17720E-01 5.96419E-01 3.37644E-02 9.35430E-03 5.55654E-04 1.45240E+00 
5.55654E-04 1.51375E-03 3.65734E-02 1.02119E-01 1.44965E-01 4.19269E-01 6.01038E-01 3.64881E-02 1.51375E-03 5.55654E-04 1.49407E+00 
5.55654E-04 4.98064E-03 3.92494E-02 1.03450E-01 1.45799E-01 4.20631E-01 6.05372E-01 3.91659E-02 4.98064E-03 5.55654E-04 1.52655E+00 
5.55654E-04 8.38040E-03 4.18587E-02 1.04699E-01 1.46530E-01 4.21777E-01 6.09429E-01 4.17773E-02 8.38040E-03 5.55654E-04 1.55442E+00 
5.55654E-04 1.17018E-02 4.43914E-02 1.05859E-01 1.47152E-01 4.22691E-01 6.13187E-01 4.43123E-02 1.17018E-02 5.55654E-04 1.57750E+00 
5.55654E-04 1.49344E-02 4.68380E-02 1.06922E-01 1.47657E-01 4.23362E-01 6.16622E-01 4.67616E-02 1.49344E-02 5.55654E-04 1.59567E+00 
5.55654E-04 1.73681E-02 4.86660E-02 1.07673E-01 1.47963E-01 4.23706E-01 6.19046E-01 4.85919E-02 1.73681E-02 5.55654E-04 1.60630E+00 
5.55654E-04 1.80677E-02 4.91892E-02 1.07880E-01 1.48038E-01 4.23776E-01 6.19714E-01 4.91157E-02 1.80677E-02 5.55654E-04 1.60885E+00 
5.55654E-04 2.13237E-02 5.16072E-02 1.08788E-01 1.48303E-01 4.23922E-01 6.22639E-01 5.15373E-02 2.13237E-02 5.55654E-04 1.61743E+00 
5.55654E-04 2.44411E-02 5.38936E-02 1.09559E-01 1.48409E-01 4.23744E-01 6.25117E-01 5.38274E-02 2.44411E-02 5.55654E-04 1.62021E+00 
5.55654E-04 2.74092E-02 5.60386E-02 1.10184E-01 1.48351E-01 4.23229E-01 6.27126E-01 5.59766E-02 2.74092E-02 5.55654E-04 1.61730E+00 
5.55654E-04 3.02180E-02 5.80334E-02 1.10658E-01 1.48122E-01 4.22368E-01 6.28646E-01 5.79759E-02 3.02180E-02 5.55654E-04 1.60886E+00 
3.04286E-03 3.28727E-02 5.98922E-02 1.11012E-01 1.47764E-01 4.21201E-01 6.29677E-01 5.98393E-02 3.28727E-02 3.04286E-03 1.58826E+00 
6.54225E-03 3.53526E-02 6.15832E-02 1.11195E-01 1.47215E-01 4.19658E-01 6.30182E-01 6.15353E-02 3.53526E-02 6.54225E-03 1.56173E+00 
9.84585E-03 3.76457E-02 6.30935E-02 1.11192E-01 1.46460E-01 4.17716E-01 6.30135E-01 6.30510E-02 3.76457E-02 9.84585E-03 1.53100E+00 
1.29442E-02 3.97443E-02 6.44169E-02 1.11000E-01 1.45499E-01 4.15372E-01 6.29518E-01 6.43800E-02 3.97443E-02 1.29442E-02 1.49638E+00 
1.58297E-02 4.16426E-02 6.55488E-02 1.10618E-01 1.44330E-01 4.12620E-01 6.28317E-01 6.55178E-02 4.16426E-02 1.58297E-02 1.45822E+00 
1.84967E-02 4.33365E-02 6.64863E-02 1.10045E-01 1.42955E-01 4.09460E-01 6.26521E-01 6.64614E-02 4.33365E-02 1.84967E-02 1.41691E+00 
2.09416E-02 4.48239E-02 6.72282E-02 1.09283E-01 1.41378E-01 4.05894E-01 6.24124E-01 6.72096E-02 4.48239E-02 2.09416E-02 1.37288E+00 
2.31625E-02 4.61043E-02 6.77751E-02 1.08335E-01 1.39604E-01 4.01928E-01 6.21123E-01 6.77629E-02 4.61043E-02 2.31625E-02 1.32655E+00 
2.51595E-02 4.71790E-02 6.81290E-02 1.07207E-01 1.37640E-01 3.97569E-01 6.17517E-01 6.81234E-02 4.71790E-02 2.51595E-02 1.27836E+00 
2.69345E-02 4.80510E-02 6.82938E-02 1.05904E-01 1.35493E-01 3.92827E-01 6.13313E-01 6.82949E-02 4.80510E-02 2.69345E-02 1.22874E+00 
2.84911E-02 4.87248E-02 6.82746E-02 1.04434E-01 1.33174E-01 3.87715E-01 6.08517E-01 6.82825E-02 4.87248E-02 2.84911E-02 1.17812E+00 
2.98344E-02 4.92065E-02 6.80780E-02 1.02807E-01 1.30693E-01 3.82248E-01 6.03141E-01 6.80927E-02 4.92065E-02 2.98344E-02 1.12691E+00 
3.09710E-02 4.95032E-02 6.77118E-02 1.01031E-01 1.28062E-01 3.76442E-01 5.97199E-01 6.77333E-02 4.95032E-02 3.09710E-02 1.07550E+00 
4.66510E-04 8.11224E-03 2.73059E-02 9.05231E-02 1.34621E-01 4.23362E-01 6.19607E-01 2.71854E-02 8.11224E-03 4.66510E-04 1.34549E+00 
4.66510E-04 8.11224E-03 2.97134E-02 9.15371E-02 1.35018E-01 4.23985E-01 6.23165E-01 2.95957E-02 8.11224E-03 4.66510E-04 1.38240E+00 
4.66510E-04 1.32076E-03 3.20678E-02 9.25054E-02 1.35360E-01 4.24418E-01 6.26415E-01 3.19533E-02 1.32076E-03 4.66510E-04 1.41156E+00 
4.66510E-04 4.33427E-03 3.43686E-02 9.34258E-02 1.35641E-01 4.24656E-01 6.29349E-01 3.42575E-02 4.33427E-03 4.66510E-04 1.43229E+00 
4.66510E-04 7.27337E-03 3.65961E-02 9.42620E-02 1.35820E-01 4.24659E-01 6.31967E-01 3.64887E-02 7.27337E-03 4.66510E-04 1.44866E+00 
4.66510E-04 1.01285E-02 3.87419E-02 9.50078E-02 1.35891E-01 4.24416E-01 6.34246E-01 3.86386E-02 1.01285E-02 4.66510E-04 1.46057E+00 
4.66510E-04 1.28908E-02 4.07980E-02 9.56574E-02 1.35848E-01 4.23917E-01 6.36167E-01 4.06993E-02 1.28908E-02 4.66510E-04 1.46799E+00 
4.66510E-04 1.49591E-02 4.23227E-02 9.60904E-02 1.35735E-01 4.23349E-01 6.37396E-01 4.22276E-02 1.49591E-02 4.66510E-04 1.47064E+00 
4.66510E-04 1.55518E-02 4.27570E-02 9.62052E-02 1.35688E-01 4.23152E-01 6.37711E-01 4.26631E-02 1.55518E-02 4.66510E-04 1.47090E+00 
4.66510E-04 1.82982E-02 4.47523E-02 9.66760E-02 1.35378E-01 4.22021E-01 6.38935E-01 4.46640E-02 1.82982E-02 4.66510E-04 1.46905E+00 
4.66510E-04 2.09082E-02 4.66183E-02 9.70170E-02 1.34923E-01 4.20562E-01 6.39681E-01 4.65359E-02 2.09082E-02 4.66510E-04 1.46214E+00 
4.66510E-04 2.33736E-02 4.83476E-02 9.72234E-02 1.34318E-01 4.18769E-01 6.39933E-01 4.82715E-02 2.33736E-02 4.66510E-04 1.45033E+00 
4.66510E-04 2.56870E-02 4.99339E-02 9.72911E-02 1.33561E-01 4.16635E-01 6.39677E-01 4.98644E-02 2.56870E-02 4.66510E-04 1.43386E+00 
2.54932E-03 2.78543E-02 5.13912E-02 9.72523E-02 1.32694E-01 4.14213E-01 6.38930E-01 5.13286E-02 2.78543E-02 2.54932E-03 1.40713E+00 
5.46398E-03 2.98586E-02 5.26927E-02 9.70597E-02 1.31659E-01 4.11426E-01 6.37640E-01 5.26373E-02 2.98586E-02 5.46398E-03 1.37556E+00 
8.19696E-03 3.16909E-02 5.38286E-02 9.67024E-02 1.30445E-01 4.08254E-01 6.35785E-01 5.37808E-02 3.16909E-02 8.19696E-03 1.34068E+00 
1.07417E-02 3.33464E-02 5.47953E-02 9.61797E-02 1.29053E-01 4.04698E-01 6.33352E-01 5.47553E-02 3.33464E-02 1.07417E-02 1.30283E+00 
1.30934E-02 3.48217E-02 5.55906E-02 9.54925E-02 1.27485E-01 4.00759E-01 6.30334E-01 5.55586E-02 3.48217E-02 1.30934E-02 1.26238E+00 
1.52489E-02 3.61153E-02 5.62139E-02 9.46431E-02 1.25746E-01 3.96441E-01 6.26726E-01 5.61901E-02 3.61153E-02 1.52489E-02 1.21970E+00 
1.72070E-02 3.72271E-02 5.66659E-02 9.36349E-02 1.23842E-01 3.91751E-01 6.22528E-01 5.66505E-02 3.72271E-02 1.72070E-02 1.17520E+00 
1.89680E-02 3.81585E-02 5.69490E-02 9.24732E-02 1.21780E-01 3.86698E-01 6.17743E-01 5.69422E-02 3.81585E-02 1.89680E-02 1.12927E+00 
2.05337E-02 3.89126E-02 5.70670E-02 9.11640E-02 1.19567E-01 3.81294E-01 6.12377E-01 5.70687E-02 3.89126E-02 2.05337E-02 1.08231E+00 
2.19077E-02 3.94937E-02 5.70248E-02 8.97147E-02 1.17213E-01 3.75554E-01 6.06441E-01 5.70351E-02 3.94937E-02 2.19077E-02 1.03470E+00 
2.30947E-02 3.99075E-02 5.68286E-02 8.81339E-02 1.14729E-01 3.69492E-01 5.99949E-01 5.68474E-02 3.99075E-02 2.30947E-02 9.86811E-01 
2.41008E-02 4.01606E-02 5.64855E-02 8.64306E-02 1.12125E-01 3.63127E-01 5.92916E-01 5.65128E-02 4.01606E-02 2.41008E-02 9.38989E-01 
2.49331E-02 4.02607E-02 5.60037E-02 8.46149E-02 1.09414E-01 3.56478E-01 5.85363E-01 5.60392E-02 4.02607E-02 2.49331E-02 8.91549E-01 
3.90748E-04 7.00981E-03 2.40542E-02 8.18878E-02 1.25372E-01 4.28726E-01 6.45937E-01 2.38966E-02 7.00981E-03 3.90748E-04 1.28308E+00 
3.90748E-04 7.00981E-03 2.61380E-02 8.25654E-02 1.25305E-01 4.28259E-01 6.48059E-01 2.59856E-02 7.00981E-03 3.90748E-04 1.30858E+00 
3.90748E-04 1.14804E-03 2.81643E-02 8.31967E-02 1.25186E-01 4.27599E-01 6.49851E-01 2.80173E-02 1.14804E-03 3.90748E-04 1.32698E+00 
3.90748E-04 3.75787E-03 3.01328E-02 8.37801E-02 1.25011E-01 4.26740E-01 6.51306E-01 2.99916E-02 3.75787E-03 3.90748E-04 1.33774E+00 
3.90748E-04 6.28974E-03 3.20250E-02 8.42804E-02 1.24738E-01 4.25634E-01 6.52409E-01 3.18900E-02 6.28974E-03 3.90748E-04 1.34448E+00 
3.90748E-04 8.73564E-03 3.38339E-02 8.46929E-02 1.24363E-01 4.24274E-01 6.53142E-01 3.37055E-02 8.73564E-03 3.90748E-04 1.34716E+00 
3.90748E-04 1.10883E-02 3.55532E-02 8.50133E-02 1.23883E-01 4.22652E-01 6.53488E-01 3.54318E-02 1.10883E-02 3.90748E-04 1.34581E+00 
3.90748E-04 1.28402E-02 3.68181E-02 8.51955E-02 1.23437E-01 4.21214E-01 6.53481E-01 3.67023E-02 1.28402E-02 3.90748E-04 1.34203E+00 
3.90748E-04 1.33407E-02 3.71767E-02 8.52376E-02 1.23294E-01 4.20762E-01 6.53432E-01 3.70627E-02 1.33407E-02 3.90748E-04 1.34048E+00 
3.90748E-04 1.56498E-02 3.88137E-02 8.53680E-02 1.22536E-01 4.18417E-01 6.52906E-01 3.87080E-02 1.56498E-02 3.90748E-04 1.33039E+00 
3.90748E-04 1.78280E-02 4.03268E-02 8.53793E-02 1.21648E-01 4.15750E-01 6.51882E-01 4.02299E-02 1.78280E-02 3.90748E-04 1.31597E+00 
3.90748E-04 1.98691E-02 4.17108E-02 8.52685E-02 1.20629E-01 4.12757E-01 6.50349E-01 4.16231E-02 1.98691E-02 3.90748E-04 1.29745E+00 
3.90748E-04 2.17678E-02 4.29613E-02 8.50338E-02 1.19478E-01 4.09436E-01 6.48296E-01 4.28831E-02 2.17678E-02 3.90748E-04 1.27508E+00 
2.13090E-03 2.35307E-02 4.40920E-02 8.47065E-02 1.18238E-01 4.05851E-01 6.45761E-01 4.40235E-02 2.35307E-02 2.13090E-03 1.24416E+00 
4.55313E-03 2.51440E-02 4.50804E-02 8.42440E-02 1.16854E-01 4.01918E-01 6.42678E-01 4.50218E-02 2.51440E-02 4.55313E-03 1.20937E+00 
6.80919E-03 2.66014E-02 4.59193E-02 8.36383E-02 1.15319E-01 3.97621E-01 6.39025E-01 4.58710E-02 2.66014E-02 6.80919E-03 1.17209E+00 
8.89485E-03 2.79001E-02 4.66071E-02 8.28905E-02 1.13634E-01 3.92964E-01 6.34796E-01 4.65692E-02 2.79001E-02 8.89485E-03 1.13265E+00 
1.08074E-02 2.90387E-02 4.71433E-02 8.20033E-02 1.11806E-01 3.87953E-01 6.29990E-01 4.71161E-02 2.90387E-02 1.08074E-02 1.09140E+00 
1.25459E-02 3.00175E-02 4.75291E-02 8.09804E-02 1.09839E-01 3.82596E-01 6.24608E-01 4.75127E-02 3.00175E-02 1.25459E-02 1.04872E+00 
1.41106E-02 3.08379E-02 4.77667E-02 7.98269E-02 1.07741E-01 3.76905E-01 6.18657E-01 4.77610E-02 3.08379E-02 1.41106E-02 1.00496E+00 
1.55033E-02 3.15028E-02 4.78596E-02 7.85486E-02 1.05520E-01 3.70893E-01 6.12145E-01 4.78647E-02 3.15028E-02 1.55033E-02 9.60491E-01 
1.67273E-02 3.20163E-02 4.78125E-02 7.71527E-02 1.03186E-01 3.64575E-01 6.05084E-01 4.78283E-02 3.20163E-02 1.67273E-02 9.15657E-01 
1.77870E-02 3.23835E-02 4.76310E-02 7.56470E-02 1.00747E-01 3.57968E-01 5.97491E-01 4.76574E-02 3.23835E-02 1.77870E-02 8.70789E-01 
1.86878E-02 3.26105E-02 4.73219E-02 7.40401E-02 9.82143E-02 3.51090E-01 5.89384E-01 4.73586E-02 3.26105E-02 1.86878E-02 8.26196E-01 
1.94363E-02 3.27045E-02 4.68924E-02 7.23411E-02 9.55991E-02 3.43963E-01 5.80785E-01 4.69391E-02 3.27045E-02 1.94363E-02 7.82159E-01 
2.00397E-02 3.26731E-02 4.63506E-02 7.05597E-02 9.29128E-02 3.36607E-01 5.71718E-01 4.64070E-02 3.26731E-02 2.00397E-02 7.38929E-01 
3.25839E-04 6.02519E-03 2.12194E-02 7.34392E-02 1.15460E-01 4.32063E-01 6.70255E-01 2.10222E-02 6.02519E-03 3.25839E-04 1.21584E+00 
3.25839E-04 6.02519E-03 2.30112E-02 7.38397E-02 1.15014E-01 4.30516E-01 6.70839E-01 2.28223E-02 6.02519E-03 3.25839E-04 1.23143E+00 
3.25839E-04 9.92537E-04 2.47436E-02 7.41958E-02 1.14522E-01 4.28777E-01 6.71081E-01 2.45634E-02 9.92537E-04 3.25839E-04 1.24060E+00 
3.25839E-04 3.24072E-03 2.64167E-02 7.45063E-02 1.13983E-01 4.26842E-01 6.70970E-01 2.62455E-02 3.24072E-03 3.25839E-04 1.24294E+00 
3.25839E-04 5.41032E-03 2.80133E-02 7.47373E-02 1.13352E-01 4.24654E-01 6.70479E-01 2.78517E-02 5.41032E-03 3.25839E-04 1.24164E+00 
3.25839E-04 7.49473E-03 2.95278E-02 7.48856E-02 1.12629E-01 4.22209E-01 6.69593E-01 2.93761E-02 7.49473E-03 3.25839E-04 1.23673E+00 
3.25839E-04 9.48804E-03 3.09551E-02 7.49481E-02 1.11810E-01 4.19502E-01 6.68299E-01 3.08138E-02 9.48804E-03 3.25839E-04 1.22828E+00 
3.25839E-04 1.09644E-02 3.19966E-02 7.49360E-02 1.11112E-01 4.17226E-01 6.67010E-01 3.18635E-02 1.09644E-02 3.25839E-04 1.21938E+00 
3.25839E-04 1.13848E-02 3.22904E-02 7.49223E-02 1.10896E-01 4.16530E-01 6.66585E-01 3.21598E-02 1.13848E-02 3.25839E-04 1.21640E+00 
3.25839E-04 1.33161E-02 3.36224E-02 7.47933E-02 1.09803E-01 4.13027E-01 6.64256E-01 3.35039E-02 1.33161E-02 3.25839E-04 1.19990E+00 
3.25839E-04 1.51242E-02 3.48383E-02 7.45575E-02 1.08597E-01 4.09211E-01 6.61418E-01 3.47321E-02 1.51242E-02 3.25839E-04 1.17978E+00 
3.25839E-04 1.68047E-02 3.59344E-02 7.42135E-02 1.07279E-01 4.05086E-01 6.58065E-01 3.58410E-02 1.68047E-02 3.25839E-04 1.15631E+00 
3.25839E-04 1.83542E-02 3.69081E-02 7.37612E-02 1.05852E-01 4.00652E-01 6.54191E-01 3.68277E-02 1.83542E-02 3.25839E-04 1.12976E+00 
1.77329E-03 1.97793E-02 3.77725E-02 7.32304E-02 1.04356E-01 3.95984E-01 6.49857E-01 3.77050E-02 1.97793E-02 1.77329E-03 1.09620E+00 
3.77744E-03 2.10693E-02 3.85087E-02 7.25833E-02 1.02741E-01 3.90991E-01 6.44976E-01 3.84545E-02 2.10693E-02 3.77744E-03 1.05964E+00 
5.63163E-03 2.22198E-02 3.91119E-02 7.18138E-02 1.01001E-01 3.85659E-01 6.39532E-01 3.90711E-02 2.22198E-02 5.63163E-03 1.02131E+00 
7.33346E-03 2.32296E-02 3.95818E-02 7.09247E-02 9.91410E-02 3.79998E-01 6.33523E-01 3.95545E-02 2.32296E-02 7.33346E-03 9.81530E-01 
8.88193E-03 2.40990E-02 3.99194E-02 6.99198E-02 9.71662E-02 3.74017E-01 6.26955E-01 3.99057E-02 2.40990E-02 8.88193E-03 9.40637E-01 
1.02774E-02 2.48294E-02 4.01270E-02 6.88038E-02 9.50840E-02 3.67729E-01 6.19836E-01 4.01267E-02 2.48294E-02 1.02774E-02 8.98965E-01 
1.15216E-02 2.54234E-02 4.02077E-02 6.75825E-02 9.29022E-02 3.61147E-01 6.12177E-01 4.02208E-02 2.54234E-02 1.15216E-02 8.56843E-01 
1.26173E-02 2.58847E-02 4.01659E-02 6.62624E-02 9.06293E-02 3.54290E-01 6.03993E-01 4.01921E-02 2.58847E-02 1.26173E-02 8.14588E-01 
1.35685E-02 2.62180E-02 4.00067E-02 6.48507E-02 8.82746E-02 3.47174E-01 5.95303E-01 4.00457E-02 2.62180E-02 1.35685E-02 7.72497E-01 
1.43801E-02 2.64289E-02 3.97361E-02 6.33554E-02 8.58478E-02 3.39820E-01 5.86126E-01 3.97876E-02 2.64289E-02 1.43801E-02 7.30846E-01 
1.50579E-02 2.65237E-02 3.93608E-02 6.17849E-02 8.33590E-02 3.32248E-01 5.76488E-01 3.94242E-02 2.65237E-02 1.50579E-02 6.89887E-01 
1.56086E-02 2.65094E-02 3.88880E-02 6.01478E-02 8.08187E-02 3.24481E-01 5.66413E-01 3.89629E-02 2.65094E-02 1.56086E-02 6.49841E-01 
1.60392E-02 2.63933E-02 3.83253E-02 5.84533E-02 7.82372E-02 3.16540E-01 5.55930E-01 3.84110E-02 2.63933E-02 1.60392E-02 6.10901E-01 
2.70964E-04 5.15881E-03 1.87714E-02 6.53632E-02 1.05200E-01 4.33257E-01 6.91787E-01 1.85366E-02 5.15881E-03 2.70964E-04 1.14575E+00 
2.70964E-04 5.15881E-03 2.03043E-02 6.55437E-02 1.04463E-01 4.30655E-01 6.90763E-01 2.00821E-02 5.15881E-03 2.70964E-04 1.15291E+00 
2.70964E-04 8.54639E-04 2.17779E-02 6.56831E-02 1.03688E-01 4.27869E-01 6.89389E-01 2.15686E-02 8.54639E-04 2.70964E-04 1.15436E+00 
2.70964E-04 2.78367E-03 2.31930E-02 6.57807E-02 1.02875E-01 4.24895E-01 6.87658E-01 2.29969E-02 2.78367E-03 2.70964E-04 1.14977E+00 
2.70964E-04 4.63575E-03 2.45335E-02 6.58043E-02 1.01979E-01 4.21668E-01 6.85525E-01 2.43511E-02 4.63575E-03 2.70964E-04 1.14196E+00 
2.70964E-04 6.40550E-03 2.57950E-02 6.57517E-02 1.01002E-01 4.18187E-01 6.82981E-01 2.56268E-02 6.40550E-03 2.70964E-04 1.13100E+00 
2.70964E-04 8.08824E-03 2.69734E-02 6.56212E-02 9.99419E-02 4.14449E-01 6.80015E-01 2.68198E-02 8.08824E-03 2.70964E-04 1.11700E+00 
2.70964E-04 9.32784E-03 2.78260E-02 6.54657E-02 9.90651E-02 4.11381E-01 6.77425E-01 2.76838E-02 9.32784E-03 2.70964E-04 1.10416E+00 
2.70964E-04 9.67972E-03 2.80653E-02 6.54112E-02 9.87995E-02 4.10456E-01 6.76620E-01 2.79265E-02 9.67972E-03 2.70964E-04 1.10009E+00 
2.70964E-04 1.12893E-02 2.91423E-02 6.50948E-02 9.74760E-02 4.05864E-01 6.72472E-01 2.90198E-02 1.12893E-02 2.70964E-04 1.07881E+00 
2.70964E-04 1.27849E-02 3.01121E-02 6.46845E-02 9.60589E-02 4.00978E-01 6.67814E-01 3.00062E-02 1.27849E-02 2.70964E-04 1.05459E+00 
2.70964E-04 1.41634E-02 3.09725E-02 6.41803E-02 9.45501E-02 3.95803E-01 6.62645E-01 3.08835E-02 1.41634E-02 2.70964E-04 1.02771E+00 
2.70964E-04 1.54230E-02 3.17221E-02 6.35830E-02 9.29522E-02 3.90345E-01 6.56966E-01 3.16500E-02 1.54230E-02 2.70964E-04 9.98454E-01 
1.47167E-03 1.65703E-02 3.23733E-02 6.29209E-02 9.13056E-02 3.84688E-01 6.50856E-01 3.23181E-02 1.65703E-02 1.47167E-03 9.63522E-01 
3.12552E-03 1.75968E-02 3.29106E-02 6.21603E-02 8.95636E-02 3.78735E-01 6.44214E-01 3.28722E-02 1.75968E-02 3.12552E-03 9.26367E-01 
4.64548E-03 1.84999E-02 3.33307E-02 6.12971E-02 8.77213E-02 3.72474E-01 6.37024E-01 3.33091E-02 1.84999E-02 4.64548E-03 8.88059E-01 
6.03056E-03 1.92797E-02 3.36345E-02 6.03349E-02 8.57848E-02 3.65917E-01 6.29290E-01 3.36296E-02 1.92797E-02 6.03056E-03 8.48906E-01 
7.28102E-03 1.99374E-02 3.38240E-02 5.92782E-02 8.37607E-02 3.59079E-01 6.21026E-01 3.38355E-02 1.99374E-02 7.28102E-03 8.09215E-01 
8.39825E-03 2.04754E-02 3.39020E-02 5.81323E-02 8.16566E-02 3.51975E-01 6.12244E-01 3.39297E-02 2.04754E-02 8.39825E-03 7.69285E-01 
9.38476E-03 2.08969E-02 3.38724E-02 5.69032E-02 7.94803E-02 3.44624E-01 6.02962E-01 3.39159E-02 2.08969E-02 9.38476E-03 7.29405E-01 
1.02440E-02 2.12062E-02 3.37400E-02 5.55977E-02 7.72405E-02 3.37043E-01 5.93200E-01 3.37986E-02 2.12062E-02 1.02440E-02 6.89843E-01 
1.09804E-02 2.14083E-02 3.35099E-02 5.42230E-02 7.49462E-02 3.29255E-01 5.82981E-01 3.35832E-02 2.14083E-02 1.09804E-02 6.50850E-01 
1.15991E-02 2.15087E-02 3.31883E-02 5.27865E-02 7.26066E-02 3.21280E-01 5.72332E-01 3.32755E-02 2.15087E-02 1.15991E-02 6.12647E-01 
1.21060E-02 2.15137E-02 3.27815E-02 5.12962E-02 7.02310E-02 3.13140E-01 5.61280E-01 3.28819E-02 2.15137E-02 1.21060E-02 5.75434E-01 
1.25073E-02 2.14299E-02 3.22964E-02 4.97602E-02 6.78290E-02 3.04860E-01 5.49855E-01 3.24092E-02 2.14299E-02 1.25073E-02 5.39377E-01 
1.28098E-02 2.12643E-02 3.17401E-02 4.81865E-02 6.54099E-02 2.96462E-01 5.38090E-01 3.18643E-02 2.12643E-02 1.28098E-02 5.04618E-01 
2.24574E-04 4.39785E-03 1.66523E-02 5.77191E-02 9.47974E-02 4.32245E-01 7.10124E-01 1.63880E-02 4.39785E-03 2.24574E-04 1.07383E+00 
2.24574E-04 4.39785E-03 1.79565E-02 5.77296E-02 9.38503E-02 4.28619E-01 7.07435E-01 1.77101E-02 4.39785E-03 2.24574E-04 1.07392E+00 
2.24574E-04 7.32606E-04 1.92035E-02 5.77032E-02 9.28749E-02 4.24823E-01 7.04400E-01 1.89752E-02 7.32606E-04 2.24574E-04 1.06899E+00 
2.24574E-04 2.38053E-03 2.03939E-02 5.76396E-02 9.18697E-02 4.20852E-01 7.01009E-01 2.01839E-02 2.38053E-03 2.24574E-04 1.05880E+00 
2.24574E-04 3.95476E-03 2.15133E-02 5.75087E-02 9.07936E-02 4.16634E-01 6.97204E-01 2.13220E-02 3.95476E-03 2.24574E-04 1.04582E+00 
2.24574E-04 5.45103E-03 2.25581E-02 5.73092E-02 8.96470E-02 4.12169E-01 6.92978E-01 2.23859E-02 5.45103E-03 2.24574E-04 1.03014E+00 
2.24574E-04 6.86571E-03 2.35253E-02 5.70402E-02 8.84305E-02 4.07460E-01 6.88326E-01 2.33725E-02 6.86571E-03 2.24574E-04 1.01191E+00 
2.24574E-04 7.90228E-03 2.42189E-02 5.67840E-02 8.74421E-02 4.03650E-01 6.84431E-01 2.40811E-02 7.90228E-03 2.24574E-04 9.96157E-01 
2.24574E-04 8.19560E-03 2.44124E-02 5.67012E-02 8.71454E-02 4.02508E-01 6.83243E-01 2.42791E-02 8.19560E-03 2.24574E-04 9.91292E-01 
2.24574E-04 9.53156E-03 2.52768E-02 5.62571E-02 8.56844E-02 3.96903E-01 6.77280E-01 2.51647E-02 9.53156E-03 2.24574E-04 9.66597E-01 
2.24574E-04 1.07634E-02 2.60437E-02 5.57318E-02 8.41478E-02 3.91027E-01 6.70816E-01 2.59529E-02 1.07634E-02 2.24574E-04 9.39594E-01 
2.24574E-04 1.18894E-02 2.67120E-02 5.51265E-02 8.25383E-02 3.84889E-01 6.63855E-01 2.66424E-02 1.18894E-02 2.24574E-04 9.10558E-01 
2.24574E-04 1.29086E-02 2.72812E-02 5.44427E-02 8.08595E-02 3.78499E-01 6.56403E-01 2.72328E-02 1.29086E-02 2.24574E-04 8.79779E-01 
1.21729E-03 1.38277E-02 2.77629E-02 5.37067E-02 7.91495E-02 3.71950E-01 6.48563E-01 2.77352E-02 1.38277E-02 1.21729E-03 8.44492E-01 
2.57760E-03 1.46400E-02 2.81444E-02 5.28889E-02 7.73655E-02 3.65137E-01 6.40214E-01 2.81370E-02 1.46400E-02 2.57760E-03 8.07647E-01 
3.81955E-03 1.53442E-02 2.84236E-02 5.19863E-02 7.55041E-02 3.58051E-01 6.31341E-01 2.84364E-02 1.53442E-02 3.81955E-03 7.70178E-01 
4.94321E-03 1.59414E-02 2.86023E-02 5.10033E-02 7.35717E-02 3.50709E-01 6.21957E-01 2.86347E-02 1.59414E-02 4.94321E-03 7.32367E-01 
5.94970E-03 1.64334E-02 2.86830E-02 4.99446E-02 7.15753E-02 3.43128E-01 6.12080E-01 2.87345E-02 1.64334E-02 5.94970E-03 6.94489E-01 
6.84114E-03 1.68232E-02 2.86691E-02 4.88158E-02 6.95224E-02 3.35326E-01 6.01729E-01 2.87391E-02 1.68232E-02 6.84114E-03 6.56806E-01 
7.62052E-03 1.71145E-02 2.85646E-02 4.76230E-02 6.74208E-02 3.27323E-01 5.90926E-01 2.86523E-02 1.71145E-02 7.62052E-03 6.19562E-01 
8.29168E-03 1.73115E-02 2.83745E-02 4.63726E-02 6.52787E-02 3.19141E-01 5.79697E-01 2.84790E-02 1.73115E-02 8.29168E-03 5.82982E-01 
8.85913E-03 1.74195E-02 2.81038E-02 4.50715E-02 6.31045E-02 3.10803E-01 5.68070E-01 2.82241E-02 1.74195E-02 8.85913E-03 5.47267E-01 
9.32803E-03 1.74437E-02 2.77584E-02 4.37267E-02 6.09067E-02 3.02330E-01 5.56075E-01 2.78935E-02 1.74437E-02 9.32803E-03 5.12591E-01 
9.70397E-03 1.73902E-02 2.73444E-02 4.23454E-02 5.86937E-02 2.93748E-01 5.43744E-01 2.74931E-02 1.73902E-02 9.70397E-03 4.79104E-01 
9.99294E-03 1.72651E-02 2.68681E-02 4.09350E-02 5.64738E-02 2.85079E-01 5.31111E-01 2.70292E-02 1.72651E-02 9.99294E-03 4.46927E-01 
1.02012E-02 1.70749E-02 2.63358E-02 3.95026E-02 5.42552E-02 2.76347E-01 5.18209E-01 2.65080E-02 1.70749E-02 1.02012E-02 4.16155E-01 
1.85471E-04 3.73243E-03 1.48209E-02 5.05688E-02 8.44740E-02 4.28953E-01 7.24848E-01 1.45432E-02 3.73243E-03 1.85471E-04 1.00115E+00 
1.85471E-04 3.73243E-03 1.59247E-02 5.04527E-02 8.33912E-02 4.24346E-01 7.20462E-01 1.56710E-02 3.73243E-03 1.85471E-04 9.95411E-01 
1.85471E-04 6.25116E-04 1.69741E-02 5.03046E-02 8.22888E-02 4.19587E-01 7.15741E-01 1.67445E-02 6.25116E-04 1.85471E-04 9.85321E-01 
1.85471E-04 2.02655E-03 1.79702E-02 5.01242E-02 8.11657E-02 4.14671E-01 7.10676E-01 1.77646E-02 2.02655E-03 1.85471E-04 9.70710E-01 
1.85471E-04 3.35873E-03 1.88999E-02 4.98838E-02 7.99827E-02 4.09518E-01 7.05191E-01 1.87185E-02 3.35873E-03 1.85471E-04 9.53724E-01 
1.85471E-04 4.61832E-03 1.97603E-02 4.95828E-02 7.87410E-02 4.04133E-01 6.99285E-01 1.96034E-02 4.61832E-03 1.85471E-04 9.34497E-01 
1.85471E-04 5.80256E-03 2.05494E-02 4.92209E-02 7.74420E-02 3.98519E-01 6.92955E-01 2.04170E-02 5.80256E-03 1.85471E-04 9.13184E-01 
1.85471E-04 6.66569E-03 2.11097E-02 4.88992E-02 7.63987E-02 3.94022E-01 6.87767E-01 2.09963E-02 6.66569E-03 1.85471E-04 8.95374E-01 
1.85471E-04 6.90916E-03 2.12652E-02 4.87983E-02 7.60875E-02 3.92682E-01 6.86203E-01 2.11573E-02 6.90916E-03 1.85471E-04 8.89964E-01 
1.85471E-04 8.01330E-03 2.19536E-02 4.82752E-02 7.45673E-02 3.86147E-01 6.78453E-01 2.18719E-02 8.01330E-03 1.85471E-04 8.63009E-01 
1.85471E-04 9.02358E-03 2.25543E-02 4.76834E-02 7.29882E-02 3.79371E-01 6.70222E-01 2.24987E-02 9.02358E-03 1.85471E-04 8.34316E-01 
1.85471E-04 9.93920E-03 2.30671E-02 4.70243E-02 7.13534E-02 3.72364E-01 6.61519E-01 2.30371E-02 9.93920E-03 1.85471E-04 8.04156E-01 
1.85471E-04 1.07600E-02 2.34923E-02 4.63004E-02 6.96670E-02 3.65140E-01 6.52356E-01 2.34873E-02 1.07600E-02 1.85471E-04 7.72805E-01 
1.00336E-03 1.14924E-02 2.38404E-02 4.55355E-02 6.79644E-02 3.57801E-01 6.42854E-01 2.38597E-02 1.14924E-02 1.00336E-03 7.37954E-01 
2.11838E-03 1.21315E-02 2.41011E-02 4.47036E-02 6.62066E-02 3.50235E-01 6.32877E-01 2.41440E-02 1.21315E-02 2.11838E-03 7.02113E-01 
3.12972E-03 1.26767E-02 2.42734E-02 4.38031E-02 6.43916E-02 3.42437E-01 6.22411E-01 2.43392E-02 1.26767E-02 3.12972E-03 6.66089E-01 
4.03819E-03 1.31297E-02 2.43594E-02 4.28383E-02 6.25256E-02 3.34424E-01 6.11475E-01 2.44473E-02 1.31297E-02 4.03819E-03 6.30135E-01 
4.84551E-03 1.34930E-02 2.43622E-02 4.18143E-02 6.06156E-02 3.26217E-01 6.00093E-01 2.44710E-02 1.34930E-02 4.84551E-03 5.94489E-01 
5.55423E-03 1.37698E-02 2.42852E-02 4.07364E-02 5.86687E-02 3.17837E-01 5.88288E-01 2.44140E-02 1.37698E-02 5.55423E-03 5.59375E-01 
6.16761E-03 1.39638E-02 2.41326E-02 3.96105E-02 5.66925E-02 3.09305E-01 5.76090E-01 2.42801E-02 1.39638E-02 6.16761E-03 5.24996E-01 
6.68959E-03 1.40795E-02 2.39090E-02 3.84427E-02 5.46943E-02 3.00645E-01 5.63527E-01 2.40740E-02 1.40795E-02 6.68959E-03 4.91533E-01 
7.12465E-03 1.41216E-02 2.36196E-02 3.72393E-02 5.26819E-02 2.91880E-01 5.50632E-01 2.38005E-02 1.41216E-02 7.12465E-03 4.59144E-01 
7.47770E-03 1.40955E-02 2.32697E-02 3.60067E-02 5.06627E-02 2.83035E-01 5.37438E-01 2.34651E-02 1.40955E-02 7.47770E-03 4.27957E-01 
7.75403E-03 1.40065E-02 2.28648E-02 3.47514E-02 4.86441E-02 2.74134E-01 5.23981E-01 2.30731E-02 1.40065E-02 7.75403E-03 3.98081E-01 
7.95914E-03 1.38602E-02 2.24107E-02 3.34798E-02 4.66333E-02 2.65199E-01 5.10297E-01 2.26303E-02 1.38602E-02 7.95914E-03 3.69595E-01 
8.09872E-03 1.36625E-02 2.19131E-02 3.21979E-02 4.46371E-02 2.56255E-01 4.96422E-01 2.21424E-02 1.36625E-02 8.09872E-03 3.42556E-01 
1.52606E-04 3.15307E-03 1.32431E-02 4.39546E-02 7.44328E-02 4.23321E-01 7.35609E-01 1.29773E-02 3.15307E-03 1.52606E-04 9.28637E-01 
1.52606E-04 3.15307E-03 1.41721E-02 4.37489E-02 7.32787E-02 4.17785E-01 7.29520E-01 1.39369E-02 3.15307E-03 1.52606E-04 9.18187E-01 
1.52606E-04 5.30865E-04 1.50506E-02 4.35162E-02 7.21132E-02 4.12121E-01 7.23114E-01 1.48457E-02 5.30865E-04 1.52606E-04 9.04024E-01 
1.52606E-04 1.71711E-03 1.58797E-02 4.32564E-02 7.09354E-02 4.06323E-01 7.16385E-01 1.57048E-02 1.71711E-03 1.52606E-04 8.86031E-01 
1.52606E-04 2.83931E-03 1.66474E-02 4.29438E-02 6.97084E-02 4.00304E-01 7.09238E-01 1.65025E-02 2.83931E-03 1.52606E-04 8.66074E-01 
1.52606E-04 3.89489E-03 1.73518E-02 4.25786E-02 6.84340E-02 3.94071E-01 7.01678E-01 1.72367E-02 3.89489E-03 1.52606E-04 8.44302E-01 
1.52606E-04 4.88185E-03 1.79913E-02 4.21609E-02 6.71141E-02 3.87630E-01 6.93706E-01 1.79058E-02 4.88185E-03 1.52606E-04 8.20881E-01 
1.52606E-04 5.59739E-03 1.84408E-02 4.18022E-02 6.60629E-02 3.82510E-01 6.87259E-01 1.83780E-02 5.59739E-03 1.52606E-04 8.01743E-01 
1.52606E-04 5.79858E-03 1.85647E-02 4.16916E-02 6.57508E-02 3.80991E-01 6.85328E-01 1.85085E-02 5.79858E-03 1.52606E-04 7.95994E-01 
1.52606E-04 6.70710E-03 1.91082E-02 4.11286E-02 6.42353E-02 3.73620E-01 6.75849E-01 1.90829E-02 6.70710E-03 1.52606E-04 7.67739E-01 
1.52606E-04 7.53194E-03 1.95738E-02 4.05082E-02 6.26756E-02 3.66042E-01 6.65918E-01 1.95786E-02 7.53194E-03 1.52606E-04 7.38255E-01 
1.52606E-04 8.27300E-03 1.99616E-02 3.98325E-02 6.10756E-02 3.58270E-01 6.55549E-01 1.99958E-02 8.27300E-03 1.52606E-04 7.07799E-01 
1.52606E-04 8.93077E-03 2.02726E-02 3.91039E-02 5.94392E-02 3.50320E-01 6.44760E-01 2.03352E-02 8.93077E-03 1.52606E-04 6.76630E-01 
8.23963E-04 9.51118E-03 2.05164E-02 3.83442E-02 5.77988E-02 3.42301E-01 6.33692E-01 2.06059E-02 9.51118E-03 8.23963E-04 6.42823E-01 
1.73458E-03 1.00107E-02 2.06845E-02 3.75307E-02 5.61195E-02 3.34098E-01 6.22190E-01 2.07999E-02 1.00107E-02 1.73458E-03 6.08501E-01 
2.55514E-03 1.04295E-02 2.07768E-02 3.66626E-02 5.43998E-02 3.25703E-01 6.10245E-01 2.09168E-02 1.04295E-02 2.55514E-03 5.74355E-01 
3.28696E-03 1.07696E-02 2.07956E-02 3.57441E-02 5.26460E-02 3.17140E-01 5.97880E-01 2.09589E-02 1.07696E-02 3.28696E-03 5.40607E-01 
3.93213E-03 1.10338E-02 2.07441E-02 3.47802E-02 5.08646E-02 3.08429E-01 5.85123E-01 2.09291E-02 1.10338E-02 3.93213E-03 5.07460E-01 
4.49341E-03 1.12252E-02 2.06258E-02 3.37761E-02 4.90621E-02 2.99594E-01 5.72004E-01 2.08309E-02 1.12252E-02 4.49341E-03 4.75098E-01 
4.97415E-03 1.13478E-02 2.04447E-02 3.27372E-02 4.72455E-02 2.90658E-01 5.58555E-01 2.06682E-02 1.13478E-02 4.97415E-03 4.43686E-01 
5.37823E-03 1.14057E-02 2.02053E-02 3.16690E-02 4.54215E-02 2.81645E-01 5.44811E-01 2.04454E-02 1.14057E-02 5.37823E-03 4.13365E-01 
5.70992E-03 1.14034E-02 1.99123E-02 3.05773E-02 4.35967E-02 2.72580E-01 5.30806E-01 2.01671E-02 1.14034E-02 5.70992E-03 3.84250E-01 
5.97384E-03 1.13458E-02 1.95706E-02 2.94679E-02 4.17776E-02 2.63487E-01 5.16578E-01 1.98381E-02 1.13458E-02 5.97384E-03 3.56434E-01 
6.17482E-03 1.12378E-02 1.91852E-02 2.83462E-02 3.99707E-02 2.54390E-01 5.02164E-01 1.94635E-02 1.12378E-02 6.17482E-03 3.29986E-01 
6.31787E-03 1.10845E-02 1.87612E-02 2.72178E-02 3.81818E-02 2.45311E-01 4.87602E-01 1.90483E-02 1.10845E-02 6.31787E-03 3.04953E-01 
6.40804E-03 1.08908E-02 1.83037E-02 2.60879E-02 3.64166E-02 2.36275E-01 4.72930E-01 1.85975E-02 1.08908E-02 6.40804E-03 2.81359E-01 
1.25066E-04 2.65080E-03 1.18902E-02 3.79013E-02 6.48477E-02 4.15304E-01 7.42135E-01 1.16713E-02 2.65080E-03 1.25066E-04 8.57088E-01 
1.25066E-04 2.65080E-03 1.26678E-02 3.76369E-02 6.36765E-02 4.08907E-01 7.34361E-01 1.24861E-02 2.65080E-03 1.25066E-04 8.42925E-01 
1.25066E-04 4.48594E-04 1.33992E-02 3.73503E-02 6.25011E-02 4.02409E-01 7.26300E-01 1.32538E-02 4.48594E-04 1.25066E-04 8.25649E-01 
1.25066E-04 1.44781E-03 1.40853E-02 3.70414E-02 6.13207E-02 3.95805E-01 7.17942E-01 1.39756E-02 1.44781E-03 1.25066E-04 8.05187E-01 
1.25066E-04 2.38861E-03 1.47156E-02 3.66871E-02 6.01011E-02 3.89000E-01 7.09179E-01 1.46411E-02 2.38861E-03 1.25066E-04 7.83147E-01 
1.25066E-04 3.26908E-03 1.52886E-02 3.62877E-02 5.88444E-02 3.82004E-01 7.00018E-01 1.52487E-02 3.26908E-03 1.25066E-04 7.59689E-01 
1.25066E-04 4.08781E-03 1.58033E-02 3.58439E-02 5.75527E-02 3.74827E-01 6.90465E-01 1.57973E-02 4.08781E-03 1.25066E-04 7.34984E-01 
1.25066E-04 4.67825E-03 1.61610E-02 3.54706E-02 5.65309E-02 3.69155E-01 6.82812E-01 1.61807E-02 4.67825E-03 1.25066E-04 7.15126E-01 
1.25066E-04 4.84375E-03 1.62589E-02 3.53566E-02 5.62286E-02 3.67479E-01 6.80532E-01 1.62860E-02 4.84375E-03 1.25066E-04 7.09212E-01 
1.25066E-04 5.58784E-03 1.66838E-02 3.47841E-02 5.47675E-02 3.59377E-01 6.69407E-01 1.67455E-02 5.58784E-03 1.25066E-04 6.80444E-01 
1.25066E-04 6.25809E-03 1.70399E-02 3.41644E-02 5.32751E-02 3.51106E-01 6.57870E-01 1.71349E-02 6.25809E-03 1.25066E-04 6.50895E-01 
1.25066E-04 6.85492E-03 1.73280E-02 3.34999E-02 5.17552E-02 3.42682E-01 6.45939E-01 1.74549E-02 6.85492E-03 1.25066E-04 6.20801E-01 
1.25066E-04 7.37924E-03 1.75492E-02 3.27931E-02 5.02117E-02 3.34122E-01 6.33636E-01 1.77063E-02 7.37924E-03 1.25066E-04 5.90400E-01 
6.73971E-04 7.83650E-03 1.77122E-02 3.20635E-02 4.86736E-02 3.25542E-01 6.21120E-01 1.78975E-02 7.83650E-03 6.73971E-04 5.58089E-01 
1.41475E-03 8.22422E-03 1.78102E-02 3.12915E-02 4.71101E-02 3.16821E-01 6.08223E-01 1.80220E-02 8.22422E-03 1.41475E-03 5.25653E-01 
2.07793E-03 8.54313E-03 1.78435E-02 3.04768E-02 4.55200E-02 3.07954E-01 5.94934E-01 1.80800E-02 8.54313E-03 2.07793E-03 4.93680E-01 
2.66515E-03 8.79545E-03 1.78147E-02 2.96235E-02 4.39094E-02 2.98964E-01 5.81283E-01 1.80739E-02 8.79545E-03 2.66515E-03 4.62358E-01 
3.17868E-03 8.98396E-03 1.77267E-02 2.87363E-02 4.22841E-02 2.89876E-01 5.67303E-01 1.80067E-02 8.98396E-03 3.17868E-03 4.31855E-01 
3.62135E-03 9.11189E-03 1.75831E-02 2.78200E-02 4.06501E-02 2.80713E-01 5.53028E-01 1.78816E-02 9.11189E-03 3.62135E-03 4.02320E-01 
3.99645E-03 9.18287E-03 1.73877E-02 2.68796E-02 3.90135E-02 2.71500E-01 5.38494E-01 1.77025E-02 9.18287E-03 3.99645E-03 3.73881E-01 
4.30768E-03 9.20085E-03 1.71446E-02 2.59199E-02 3.73802E-02 2.62262E-01 5.23738E-01 1.74733E-02 9.20085E-03 4.30768E-03 3.46641E-01 
4.55903E-03 9.17003E-03 1.68580E-02 2.49462E-02 3.57559E-02 2.53022E-01 5.08798E-01 1.71984E-02 9.17003E-03 4.55903E-03 3.20681E-01 
4.75472E-03 9.09473E-03 1.65325E-02 2.39632E-02 3.41462E-02 2.43805E-01 4.93713E-01 1.68821E-02 9.09473E-03 4.75472E-03 2.96061E-01 
4.89913E-03 8.97939E-03 1.61724E-02 2.29759E-02 3.25562E-02 2.34633E-01 4.78523E-01 1.65289E-02 8.97939E-03 4.89913E-03 2.72818E-01 
4.99670E-03 8.82846E-03 1.57823E-02 2.19889E-02 3.09909E-02 2.25530E-01 4.63266E-01 1.61433E-02 8.82846E-03 4.99670E-03 2.50970E-01 
5.05188E-03 8.64631E-03 1.53664E-02 2.10066E-02 2.94548E-02 2.16516E-01 4.47981E-01 1.57297E-02 8.64631E-03 5.05188E-03 2.30516E-01 
1.02266E-04 2.22117E-03 1.07483E-02 3.24687E-02 5.59426E-02 4.05005E-01 7.44233E-01 1.06197E-02 2.22117E-03 1.02266E-04 7.87837E-01 
1.02266E-04 2.22117E-03 1.13967E-02 3.21708E-02 5.47974E-02 3.97837E-01 7.34838E-01 1.13108E-02 2.22117E-03 1.02266E-04 7.70870E-01 
1.02266E-04 3.77754E-04 1.20030E-02 3.18551E-02 5.36539E-02 3.90597E-01 7.25191E-01 1.19587E-02 3.77754E-04 1.02266E-04 7.51344E-01 
1.02266E-04 1.21659E-03 1.25685E-02 3.15217E-02 5.25113E-02 3.83282E-01 7.15284E-01 1.25642E-02 1.21659E-03 1.02266E-04 7.29212E-01 
1.02266E-04 2.00277E-03 1.30837E-02 3.11496E-02 5.13384E-02 3.75791E-01 7.04990E-01 1.31186E-02 2.00277E-03 1.02266E-04 7.05860E-01 
1.02266E-04 2.73489E-03 1.35476E-02 3.07395E-02 5.01375E-02 3.68136E-01 6.94322E-01 1.36205E-02 2.73489E-03 1.02266E-04 6.81450E-01 
1.02266E-04 3.41202E-03 1.39594E-02 3.02923E-02 4.89107E-02 3.60328E-01 6.83290E-01 1.40691E-02 3.41202E-03 1.02266E-04 6.56150E-01 
1.02266E-04 3.89782E-03 1.42421E-02 2.99215E-02 4.79453E-02 3.54190E-01 6.74514E-01 1.43793E-02 3.89782E-03 1.02266E-04 6.36075E-01 
1.02266E-04 4.03355E-03 1.43189E-02 2.98091E-02 4.76605E-02 3.52380E-01 6.71910E-01 1.44640E-02 4.03355E-03 1.02266E-04 6.30136E-01 
1.02266E-04 4.64121E-03 1.46479E-02 2.92495E-02 4.62894E-02 3.43670E-01 6.59265E-01 1.48295E-02 4.64121E-03 1.02266E-04 6.01491E-01 
1.02266E-04 5.18426E-03 1.49168E-02 2.86517E-02 4.48977E-02 3.34830E-01 6.46256E-01 1.51327E-02 5.18426E-03 1.02266E-04 5.72445E-01 
1.02266E-04 5.66345E-03 1.51263E-02 2.80182E-02 4.34887E-02 3.25880E-01 6.32904E-01 1.53746E-02 5.66345E-03 1.02266E-04 5.43215E-01 
1.02266E-04 6.08000E-03 1.52779E-02 2.73515E-02 4.20664E-02 3.16839E-01 6.19236E-01 1.55563E-02 6.08000E-03 1.02266E-04 5.14011E-01 
5.50062E-04 6.43883E-03 1.53794E-02 2.66687E-02 4.06564E-02 3.07826E-01 6.05428E-01 1.56851E-02 6.43883E-03 5.50062E-04 4.83501E-01 
1.15140E-03 6.73830E-03 1.54253E-02 2.59530E-02 3.92314E-02 2.98717E-01 5.91296E-01 1.57560E-02 6.73830E-03 1.15140E-03 4.53177E-01 
1.68629E-03 6.97947E-03 1.54161E-02 2.52045E-02 3.77909E-02 2.89508E-01 5.76831E-01 1.57695E-02 6.97947E-03 1.68629E-03 4.23535E-01 
2.15653E-03 7.16464E-03 1.53545E-02 2.44272E-02 3.63401E-02 2.80224E-01 5.62068E-01 1.57281E-02 7.16464E-03 2.15653E-03 3.94729E-01 
2.56446E-03 7.29652E-03 1.52434E-02 2.36252E-02 3.48845E-02 2.70890E-01 5.47044E-01 1.56344E-02 7.29652E-03 2.56446E-03 3.66897E-01 
2.91284E-03 7.37821E-03 1.50861E-02 2.28030E-02 3.34293E-02 2.61529E-01 5.31795E-01 1.54919E-02 7.37821E-03 2.91284E-03 3.40154E-01 
3.20482E-03 7.41311E-03 1.48861E-02 2.19648E-02 3.19797E-02 2.52168E-01 5.16363E-01 1.53039E-02 7.41311E-03 3.20482E-03 3.14593E-01 
3.44384E-03 7.40484E-03 1.46471E-02 2.11152E-02 3.05408E-02 2.42830E-01 5.00785E-01 1.50742E-02 7.40484E-03 3.44384E-03 2.90288E-01 
3.63356E-03 7.35718E-03 1.43730E-02 2.02586E-02 2.91174E-02 2.33539E-01 4.85102E-01 1.48066E-02 7.35718E-03 3.63356E-03 2.67289E-01 
3.77778E-03 7.27402E-03 1.40678E-02 1.93990E-02 2.77142E-02 2.24318E-01 4.69354E-01 1.45051E-02 7.27402E-03 3.77778E-03 2.45626E-01 
3.88038E-03 7.15924E-03 1.37352E-02 1.85407E-02 2.63353E-02 2.15190E-01 4.53582E-01 1.41738E-02 7.15924E-03 3.88038E-03 2.25313E-01 
3.94529E-03 7.01670E-03 1.33794E-02 1.76874E-02 2.49846E-02 2.06174E-01 4.37823E-01 1.38164E-02 7.01670E-03 3.94529E-03 2.06344E-01 
3.97635E-03 6.85019E-03 1.30039E-02 1.68428E-02 2.36658E-02 1.97290E-01 4.22117E-01 1.34370E-02 6.85019E-03 3.97635E-03 1.88699E-01 
8.30833E-05 1.84815E-03 9.77468E-03 2.75467E-02 4.76473E-02 3.92260E-01 7.41836E-01 9.78913E-03 1.84815E-03 8.30833E-05 7.20084E-01 
8.30833E-05 1.84815E-03 1.03108E-02 2.72348E-02 4.65612E-02 3.84407E-01 7.30880E-01 1.03720E-02 1.84815E-03 8.30833E-05 7.01062E-01 
8.30833E-05 3.15849E-04 1.08095E-02 2.69091E-02 4.54816E-02 3.76518E-01 7.19715E-01 1.09153E-02 3.15849E-04 8.30833E-05 6.79991E-01 
8.30833E-05 1.01509E-03 1.12716E-02 2.65698E-02 4.44075E-02 3.68587E-01 7.08331E-01 1.14200E-02 1.01509E-03 8.30833E-05 6.56847E-01 
8.30833E-05 1.66748E-03 1.16888E-02 2.61980E-02 4.33110E-02 3.60508E-01 6.96589E-01 1.18783E-02 1.66748E-03 8.30833E-05 6.32812E-01 
8.30833E-05 2.27203E-03 1.20604E-02 2.57948E-02 4.21940E-02 3.52294E-01 6.84503E-01 1.22893E-02 2.27203E-03 8.30833E-05 6.08045E-01 
8.30833E-05 2.82816E-03 1.23861E-02 2.53610E-02 4.10590E-02 3.43961E-01 6.72090E-01 1.26524E-02 2.82816E-03 8.30833E-05 5.82709E-01 
8.30833E-05 3.22506E-03 1.26066E-02 2.50052E-02 4.01699E-02 3.37440E-01 6.62271E-01 1.29004E-02 3.22506E-03 8.30833E-05 5.62820E-01 
8.30833E-05 3.33561E-03 1.26658E-02 2.48980E-02 3.99083E-02 3.35522E-01 6.59367E-01 1.29675E-02 3.33561E-03 8.30833E-05 5.56970E-01 
8.30833E-05 3.82833E-03 1.29162E-02 2.43676E-02 3.86528E-02 3.26322E-01 6.45324E-01 1.32535E-02 3.82833E-03 8.30833E-05 5.28955E-01 
8.30833E-05 4.26511E-03 1.31142E-02 2.38070E-02 3.73852E-02 3.17036E-01 6.30971E-01 1.34845E-02 4.26511E-03 8.30833E-05 5.00865E-01 
8.30833E-05 4.64693E-03 1.32608E-02 2.32185E-02 3.61087E-02 3.07685E-01 6.16335E-01 1.36613E-02 4.64693E-03 8.30833E-05 4.72894E-01 
8.30833E-05 4.97516E-03 1.33578E-02 2.26044E-02 3.48267E-02 2.98288E-01 6.01446E-01 1.37854E-02 4.97516E-03 8.30833E-05 4.45223E-01 
4.46043E-04 5.25419E-03 1.34117E-02 2.19798E-02 3.35616E-02 2.88968E-01 5.86495E-01 1.38632E-02 5.25419E-03 4.46043E-04 4.16748E-01 
9.31037E-04 5.48305E-03 1.34183E-02 2.13303E-02 3.22897E-02 2.79598E-01 5.71283E-01 1.38907E-02 5.48305E-03 9.31037E-04 3.88705E-01 
1.35964E-03 5.66298E-03 1.33785E-02 2.06562E-02 3.10107E-02 2.70174E-01 5.55804E-01 1.38688E-02 5.66298E-03 1.35964E-03 3.61506E-01 
1.73371E-03 5.79625E-03 1.32946E-02 1.99612E-02 2.97293E-02 2.60723E-01 5.40097E-01 1.37997E-02 5.79625E-03 1.73371E-03 3.35277E-01 
2.05554E-03 5.88544E-03 1.31695E-02 1.92491E-02 2.84502E-02 2.51269E-01 5.24201E-01 1.36862E-02 5.88544E-03 2.05554E-03 3.10122E-01 
2.32777E-03 5.93345E-03 1.30061E-02 1.85236E-02 2.71779E-02 2.41837E-01 5.08157E-01 1.35313E-02 5.93345E-03 2.32777E-03 2.86128E-01 
2.55333E-03 5.94339E-03 1.28078E-02 1.77888E-02 2.59168E-02 2.32451E-01 4.92006E-01 1.33382E-02 5.94339E-03 2.55333E-03 2.63358E-01 
2.73533E-03 5.91851E-03 1.25777E-02 1.70482E-02 2.46712E-02 2.23135E-01 4.75789E-01 1.31103E-02 5.91851E-03 2.73533E-03 2.41857E-01 
2.87709E-03 5.86217E-03 1.23194E-02 1.63058E-02 2.34451E-02 2.13912E-01 4.59548E-01 1.28512E-02 5.86217E-03 2.87709E-03 2.21650E-01 
2.98196E-03 5.77778E-03 1.20362E-02 1.55650E-02 2.22421E-02 2.04803E-01 4.43324E-01 1.25642E-02 5.77778E-03 2.98196E-03 2.02744E-01 
3.05336E-03 5.66871E-03 1.17317E-02 1.48293E-02 2.10657E-02 1.95829E-01 4.27155E-01 1.22531E-02 5.66871E-03 3.05336E-03 1.85132E-01 
3.09468E-03 5.53827E-03 1.14091E-02 1.41017E-02 1.99188E-02 1.87009E-01 4.11080E-01 1.19212E-02 5.53827E-03 3.09468E-03 1.68790E-01 
3.10923E-03 5.38966E-03 1.10716E-02 1.33853E-02 1.88042E-02 1.78359E-01 3.95137E-01 1.15719E-02 5.38966E-03 3.10923E-03 1.53683E-01 
6.72385E-05 1.53046E-03 8.96631E-03 2.31945E-02 4.01513E-02 3.77315E-01 7.34921E-01 9.17976E-03 1.53046E-03 6.72385E-05 6.55245E-01 
6.72385E-05 1.53046E-03 9.40693E-03 2.28836E-02 3.91474E-02 3.68891E-01 7.22512E-01 9.66824E-03 1.53046E-03 6.72385E-05 6.34852E-01 
6.72385E-05 2.62791E-04 9.81428E-03 2.25625E-02 3.81534E-02 3.60466E-01 7.09943E-01 1.01207E-02 2.62791E-04 6.72385E-05 6.12869E-01 
6.72385E-05 8.42869E-04 1.01893E-02 2.22313E-02 3.71684E-02 3.52034E-01 6.97204E-01 1.05380E-02 8.42869E-04 6.72385E-05 5.89286E-01 
6.72385E-05 1.38169E-03 1.05245E-02 2.18734E-02 3.61672E-02 3.43485E-01 6.84140E-01 1.09133E-02 1.38169E-03 6.72385E-05 5.65106E-01 
6.72385E-05 1.87860E-03 1.08196E-02 2.14897E-02 3.51521E-02 3.34835E-01 6.70771E-01 1.12460E-02 1.87860E-03 6.72385E-05 5.40482E-01 
6.72385E-05 2.33329E-03 1.10743E-02 2.10813E-02 3.41251E-02 3.26099E-01 6.57115E-01 1.15357E-02 2.33329E-03 6.72385E-05 5.15567E-01 
6.72385E-05 2.65612E-03 1.12438E-02 2.07491E-02 3.33237E-02 3.19291E-01 6.46368E-01 1.17304E-02 2.65612E-03 6.72385E-05 4.96187E-01 
6.72385E-05 2.74574E-03 1.12888E-02 2.06494E-02 3.30885E-02 3.17293E-01 6.43197E-01 1.17825E-02 2.74574E-03 6.72385E-05 4.90515E-01 
6.72385E-05 3.14348E-03 1.14755E-02 2.01591E-02 3.19626E-02 3.07739E-01 6.27920E-01 1.20008E-02 3.14348E-03 6.72385E-05 4.63522E-01 
6.72385E-05 3.49318E-03 1.16169E-02 1.96451E-02 3.08310E-02 2.98143E-01 6.12393E-01 1.21704E-02 3.49318E-03 6.72385E-05 4.36722E-01 
6.72385E-05 3.79595E-03 1.17140E-02 1.91098E-02 2.96968E-02 2.88526E-01 5.96649E-01 1.22922E-02 3.79595E-03 6.72385E-05 4.10284E-01 
6.72385E-05 4.05322E-03 1.17686E-02 1.85553E-02 2.85629E-02 2.78909E-01 5.80719E-01 1.23677E-02 4.05322E-03 6.72385E-05 3.84363E-01 
3.60306E-04 4.26887E-03 1.17864E-02 1.79944E-02 2.74484E-02 2.69416E-01 5.64807E-01 1.24028E-02 4.26887E-03 3.60306E-04 3.58044E-01 
7.49982E-04 4.44242E-03 1.17641E-02 1.74152E-02 2.63331E-02 2.59918E-01 5.48703E-01 1.23941E-02 4.44242E-03 7.49982E-04 3.32342E-01 
1.09212E-03 4.57521E-03 1.17026E-02 1.68181E-02 2.52169E-02 2.50411E-01 5.32402E-01 1.23427E-02 4.57521E-03 1.09212E-03 3.07597E-01 
1.38857E-03 4.66939E-03 1.16042E-02 1.62063E-02 2.41037E-02 2.40922E-01 5.15945E-01 1.22509E-02 4.66939E-03 1.38857E-03 2.83904E-01 
1.64150E-03 4.72736E-03 1.14715E-02 1.55832E-02 2.29976E-02 2.31476E-01 4.99374E-01 1.21212E-02 4.72736E-03 1.64150E-03 2.61342E-01 
1.85336E-03 4.75178E-03 1.13071E-02 1.49520E-02 2.19025E-02 2.22097E-01 4.82732E-01 1.19563E-02 4.75178E-03 1.85336E-03 2.39970E-01 
2.02682E-03 4.74542E-03 1.11140E-02 1.43162E-02 2.08219E-02 2.12808E-01 4.66062E-01 1.17593E-02 4.74542E-03 2.02682E-03 2.19826E-01 
2.16469E-03 4.71119E-03 1.08952E-02 1.36790E-02 1.97594E-02 2.03632E-01 4.49405E-01 1.15333E-02 4.71119E-03 2.16469E-03 2.00931E-01 
2.26989E-03 4.65201E-03 1.06535E-02 1.30435E-02 1.87182E-02 1.94590E-01 4.32804E-01 1.12813E-02 4.65201E-03 2.26989E-03 1.83290E-01 
2.34536E-03 4.57084E-03 1.03922E-02 1.24126E-02 1.77012E-02 1.85701E-01 4.16297E-01 1.10066E-02 4.57084E-03 2.34536E-03 1.66890E-01 
2.39406E-03 4.47057E-03 1.01140E-02 1.17891E-02 1.67110E-02 1.76984E-01 3.99925E-01 1.07123E-02 4.47057E-03 2.39406E-03 1.51709E-01 
2.41889E-03 4.35401E-03 9.82180E-03 1.11755E-02 1.57500E-02 1.68455E-01 3.83723E-01 1.04015E-02 4.35401E-03 2.41889E-03 1.37709E-01 
2.42267E-03 4.22384E-03 9.51839E-03 1.05742E-02 1.48201E-02 1.60131E-01 3.67728E-01 1.00771E-02 4.22384E-03 2.42267E-03 1.24846E-01 
5.41481E-05 1.26011E-03 8.30294E-03 1.93679E-02 3.34553E-02 3.60277E-01 7.23560E-01 8.77240E-03 1.26011E-03 5.41481E-05 5.93413E-01 
5.41481E-05 1.26011E-03 8.66203E-03 1.90691E-02 3.25482E-02 3.51403E-01 7.09825E-01 9.17679E-03 1.26011E-03 5.41481E-05 5.72229E-01 
5.41481E-05 2.17363E-04 8.99185E-03 1.87632E-02 3.16532E-02 3.42564E-01 6.95984E-01 9.54839E-03 2.17363E-04 5.41481E-05 5.49863E-01 
5.41481E-05 6.95801E-04 9.29323E-03 1.84501E-02 3.07694E-02 3.33755E-01 6.82027E-01 9.88807E-03 6.95801E-04 5.41481E-05 5.26316E-01 
5.41481E-05 1.13830E-03 9.55962E-03 1.81153E-02 2.98748E-02 3.24861E-01 6.67784E-01 1.01898E-02 1.13830E-03 5.41481E-05 5.02430E-01 
5.41481E-05 1.54446E-03 9.79076E-03 1.77598E-02 2.89712E-02 3.15900E-01 6.53280E-01 1.04531E-02 1.54446E-03 5.41481E-05 4.78351E-01 
5.41481E-05 1.91416E-03 9.98668E-03 1.73845E-02 2.80606E-02 3.06888E-01 6.38538E-01 1.06779E-02 1.91416E-03 5.41481E-05 4.54220E-01 
5.41481E-05 2.17528E-03 1.01142E-02 1.70813E-02 2.73525E-02 2.99892E-01 6.26984E-01 1.08255E-02 2.17528E-03 5.41481E-05 4.35600E-01 
5.41481E-05 2.24755E-03 1.01476E-02 1.69906E-02 2.71450E-02 2.97843E-01 6.23583E-01 1.08644E-02 2.24755E-03 5.41481E-05 4.30175E-01 
5.41481E-05 2.56683E-03 1.02825E-02 1.65468E-02 2.61545E-02 2.88072E-01 6.07249E-01 1.10230E-02 2.56683E-03 5.41481E-05 4.04497E-01 
5.41481E-05 2.84522E-03 1.03783E-02 1.60850E-02 2.51631E-02 2.78303E-01 5.90731E-01 1.11383E-02 2.84522E-03 5.41481E-05 3.79231E-01 
5.41481E-05 3.08387E-03 1.04362E-02 1.56070E-02 2.41735E-02 2.68558E-01 5.74065E-01 1.12116E-02 3.08387E-03 5.41481E-05 3.54519E-01 
5.41481E-05 3.28422E-03 1.04575E-02 1.51150E-02 2.31881E-02 2.58856E-01 5.57285E-01 1.12442E-02 3.28422E-03 5.41481E-05 3.30489E-01 
2.89623E-04 3.44963E-03 1.04477E-02 1.46199E-02 2.22232E-02 2.49322E-01 5.40603E-01 1.12415E-02 3.44963E-03 2.89623E-04 3.06382E-01 
6.01188E-04 3.57999E-03 1.04038E-02 1.41116E-02 2.12617E-02 2.39826E-01 5.23801E-01 1.12008E-02 3.57999E-03 6.01188E-04 2.83028E-01 
8.72978E-04 3.67666E-03 1.03269E-02 1.35907E-02 2.03033E-02 2.30365E-01 5.06873E-01 1.11231E-02 3.67666E-03 8.72978E-04 2.60698E-01 
1.10675E-03 3.74162E-03 1.02192E-02 1.30599E-02 1.93516E-02 2.20964E-01 4.89864E-01 1.10107E-02 3.74162E-03 1.10675E-03 2.39465E-01 
1.30453E-03 3.77707E-03 1.00828E-02 1.25222E-02 1.84099E-02 2.11648E-01 4.72817E-01 1.08660E-02 3.77707E-03 1.30453E-03 2.19382E-01 
1.46854E-03 3.78539E-03 9.92030E-03 1.19805E-02 1.74814E-02 2.02440E-01 4.55776E-01 1.06915E-02 3.78539E-03 1.46854E-03 2.00484E-01 
1.60116E-03 3.76903E-03 9.73421E-03 1.14375E-02 1.65691E-02 1.93361E-01 4.38784E-01 1.04899E-02 3.76903E-03 1.60116E-03 1.82788E-01 
1.70489E-03 3.73053E-03 9.52714E-03 1.08960E-02 1.56758E-02 1.84433E-01 4.21883E-01 1.02641E-02 3.73053E-03 1.70489E-03 1.66297E-01 
1.78227E-03 3.67242E-03 9.30172E-03 1.03586E-02 1.48041E-02 1.75675E-01 4.05114E-01 1.00169E-02 3.67242E-03 1.78227E-03 1.50998E-01 
1.83586E-03 3.59722E-03 9.06053E-03 9.82759E-03 1.39562E-02 1.67104E-01 3.88516E-01 9.75115E-03 3.59722E-03 1.83586E-03 1.36864E-01 
1.86818E-03 3.50739E-03 8.80610E-03 9.30527E-03 1.31340E-02 1.58737E-01 3.72126E-01 9.46966E-03 3.50739E-03 1.86818E-03 1.23860E-01 
1.88169E-03 3.40527E-03 8.54087E-03 8.79364E-03 1.23394E-02 1.50587E-01 3.55978E-01 9.17515E-03 3.40527E-03 1.88169E-03 1.11940E-01 
1.87876E-03 3.29311E-03 8.26713E-03 8.29450E-03 1.15738E-02 1.42667E-01 3.40106E-01 8.87022E-03 3.29311E-03 1.87876E-03 1.01052E-01 
4.33852E-05 1.03136E-03 7.77000E-03 1.60380E-02 2.75662E-02 3.41369E-01 7.07920E-01 8.54786E-03 1.03136E-03 4.33852E-05 5.34891E-01 
4.33852E-05 1.03136E-03 8.05956E-03 1.57588E-02 2.67630E-02 3.32175E-01 6.93009E-01 8.87563E-03 1.03136E-03 4.33852E-05 5.13407E-01 
4.33852E-05 1.78695E-04 8.32354E-03 1.54751E-02 2.59733E-02 3.23052E-01 6.78049E-01 9.17364E-03 1.78695E-04 4.33852E-05 4.91101E-01 
4.33852E-05 5.70942E-04 8.56264E-03 1.51868E-02 2.51960E-02 3.13995E-01 6.63031E-01 9.44266E-03 5.70942E-04 4.33852E-05 4.67979E-01 
4.33852E-05 9.32214E-04 8.77111E-03 1.48810E-02 2.44119E-02 3.04886E-01 6.47773E-01 9.67740E-03 9.32214E-04 4.33852E-05 4.44743E-01 
4.33852E-05 1.26227E-03 8.94881E-03 1.45588E-02 2.36227E-02 2.95745E-01 6.32301E-01 9.87759E-03 1.26227E-03 4.33852E-05 4.21526E-01 
4.33852E-05 1.56116E-03 9.09587E-03 1.42210E-02 2.28301E-02 2.86588E-01 6.16643E-01 1.00433E-02 1.56116E-03 4.33852E-05 3.98455E-01 
4.33852E-05 1.77118E-03 9.18881E-03 1.39497E-02 2.22157E-02 2.79504E-01 6.04418E-01 1.01479E-02 1.77118E-03 4.33852E-05 3.80783E-01 
4.33852E-05 1.82912E-03 9.21259E-03 1.38689E-02 2.20360E-02 2.77434E-01 6.00827E-01 1.01747E-02 1.82912E-03 4.33852E-05 3.75655E-01 
4.33852E-05 2.08396E-03 9.30508E-03 1.34746E-02 2.11799E-02 2.67585E-01 5.83629E-01 1.02786E-02 2.08396E-03 4.33852E-05 3.51505E-01 
4.33852E-05 2.30429E-03 9.36387E-03 1.30667E-02 2.03263E-02 2.57781E-01 5.66316E-01 1.03443E-02 2.30429E-03 4.33852E-05 3.27937E-01 
4.33852E-05 2.49125E-03 9.39014E-03 1.26470E-02 1.94772E-02 2.48042E-01 5.48926E-01 1.03729E-02 2.49125E-03 4.33852E-05 3.05067E-01 
4.33852E-05 2.64622E-03 9.38529E-03 1.22174E-02 1.86350E-02 2.38389E-01 5.31495E-01 1.03659E-02 2.64622E-03 4.33852E-05 2.83000E-01 
2.31631E-04 2.77209E-03 9.35387E-03 1.17870E-02 1.78130E-02 2.28942E-01 5.14243E-01 1.03280E-02 2.77209E-03 2.31631E-04 2.61105E-01 
4.79489E-04 2.86901E-03 9.29365E-03 1.13475E-02 1.69969E-02 2.19573E-01 4.96942E-01 1.02573E-02 2.86901E-03 4.79489E-04 2.40053E-01 
6.94309E-04 2.93829E-03 9.20562E-03 1.08994E-02 1.61867E-02 2.10279E-01 4.79589E-01 1.01546E-02 2.93829E-03 6.94309E-04 2.20058E-01 
8.77720E-04 2.98174E-03 9.09169E-03 1.04452E-02 1.53852E-02 2.01084E-01 4.62229E-01 1.00221E-02 2.98174E-03 8.77720E-04 2.01171E-01 
1.03156E-03 3.00132E-03 8.95392E-03 9.98728E-03 1.45951E-02 1.92012E-01 4.44906E-01 9.86203E-03 3.00132E-03 1.03156E-03 1.83423E-01 
1.15783E-03 2.99912E-03 8.79450E-03 9.52814E-03 1.38192E-02 1.83083E-01 4.27664E-01 9.67682E-03 2.99912E-03 1.15783E-03 1.66829E-01 
1.25862E-03 2.97729E-03 8.61567E-03 9.07011E-03 1.30598E-02 1.74319E-01 4.10546E-01 9.46896E-03 2.97729E-03 1.25862E-03 1.51390E-01 
1.33611E-03 2.93802E-03 8.41972E-03 8.61542E-03 1.23190E-02 1.65737E-01 3.93593E-01 9.24102E-03 2.93802E-03 1.33611E-03 1.37092E-01 
1.39249E-03 2.88346E-03 8.20892E-03 8.16616E-03 1.15990E-02 1.57355E-01 3.76844E-01 8.99559E-03 2.88346E-03 1.39249E-03 1.23909E-01 
1.42995E-03 2.81575E-03 7.98551E-03 7.72427E-03 1.09013E-02 1.49188E-01 3.60336E-01 8.73522E-03 2.81575E-03 1.42995E-03 1.11805E-01 
1.45063E-03 2.73695E-03 7.75165E-03 7.29152E-03 1.02276E-02 1.41250E-01 3.44105E-01 8.46243E-03 2.73695E-03 1.45063E-03 1.00734E-01 
1.45659E-03 2.64900E-03 7.50941E-03 6.86947E-03 9.57893E-03 1.33551E-01 3.28181E-01 8.17962E-03 2.64900E-03 1.45659E-03 9.06459E-02 
1.44981E-03 2.55374E-03 7.26076E-03 6.45949E-03 8.95636E-03 1.26101E-01 3.12594E-01 7.88913E-03 2.55374E-03 1.44981E-03 8.14838E-02 
3.45534E-05 8.38367E-04 7.35241E-03 1.31604E-02 2.24479E-02 3.20799E-01 6.88183E-01 8.48209E-03 8.38367E-04 3.45534E-05 4.79714E-01 
3.45534E-05 8.38367E-04 7.58241E-03 1.29058E-02 2.17503E-02 3.11419E-01 6.72262E-01 8.73805E-03 8.38367E-04 3.45534E-05 4.58344E-01 
3.45534E-05 1.45879E-04 7.79015E-03 1.26487E-02 2.10665E-02 3.02146E-01 6.56352E-01 8.96712E-03 1.45879E-04 3.45534E-05 4.36463E-01 
3.45534E-05 4.65244E-04 7.97624E-03 1.23889E-02 2.03955E-02 2.92973E-01 6.40443E-01 9.16995E-03 4.65244E-04 3.45534E-05 4.14080E-01 
3.45534E-05 7.58199E-04 8.13560E-03 1.21155E-02 1.97209E-02 2.83782E-01 6.24344E-01 9.34186E-03 7.58199E-04 3.45534E-05 3.91773E-01 
3.45534E-05 1.02463E-03 8.26820E-03 1.18291E-02 1.90440E-02 2.74592E-01 6.08084E-01 9.48272E-03 1.02463E-03 3.45534E-05 3.69663E-01 
3.45534E-05 1.26467E-03 8.37420E-03 1.15308E-02 1.83663E-02 2.65421E-01 5.91692E-01 9.59270E-03 1.26467E-03 3.45534E-05 3.47863E-01 
3.45534E-05 1.43247E-03 8.43818E-03 1.12925E-02 1.78424E-02 2.58348E-01 5.78938E-01 9.65683E-03 1.43247E-03 3.45534E-05 3.31277E-01 
3.45534E-05 1.47862E-03 8.45395E-03 1.12216E-02 1.76894E-02 2.56286E-01 5.75199E-01 9.67216E-03 1.47862E-03 3.45534E-05 3.26481E-01 
3.45534E-05 1.68068E-03 8.51117E-03 1.08772E-02 1.69621E-02 2.46497E-01 5.57338E-01 9.72431E-03 1.68068E-03 3.45534E-05 3.04005E-01 
3.45534E-05 1.85387E-03 8.53941E-03 1.05229E-02 1.62392E-02 2.36791E-01 5.39433E-01 9.74267E-03 1.85387E-03 3.45534E-05 2.82237E-01 
3.45534E-05 1.99929E-03 8.53979E-03 1.01601E-02 1.55227E-02 2.27190E-01 5.21523E-01 9.72848E-03 1.99929E-03 3.45534E-05 2.61272E-01 
3.45534E-05 2.11822E-03 8.51363E-03 9.79067E-03 1.48142E-02 2.17712E-01 5.03646E-01 9.68325E-03 2.11822E-03 3.45534E-05 2.41189E-01 
1.84142E-04 2.21312E-03 8.46488E-03 9.42202E-03 1.41250E-02 2.08474E-01 4.86025E-01 9.61140E-03 2.21312E-03 1.84142E-04 2.21468E-01 
3.80143E-04 2.28430E-03 8.39174E-03 9.04737E-03 1.34431E-02 1.99350E-01 4.68427E-01 9.51107E-03 2.28430E-03 3.80143E-04 2.02641E-01 
5.48914E-04 2.33300E-03 8.29513E-03 8.66722E-03 1.27684E-02 1.90336E-01 4.50849E-01 9.38333E-03 2.33300E-03 5.48914E-04 1.84876E-01 
6.91939E-04 2.36083E-03 8.17676E-03 8.28366E-03 1.21034E-02 1.81456E-01 4.33336E-01 9.23016E-03 2.36083E-03 6.91939E-04 1.68201E-01 
8.10857E-04 2.36951E-03 8.03848E-03 7.89875E-03 1.14503E-02 1.72731E-01 4.15933E-01 9.05368E-03 2.36951E-03 8.10857E-04 1.52632E-01 
9.07423E-04 2.36087E-03 7.88222E-03 7.51452E-03 1.08111E-02 1.64180E-01 3.98683E-01 8.85614E-03 2.36087E-03 9.07423E-04 1.38167E-01 
9.83467E-04 2.33675E-03 7.70995E-03 7.13288E-03 1.01878E-02 1.55822E-01 3.81628E-01 8.63987E-03 2.33675E-03 9.83467E-04 1.24792E-01 
1.04086E-03 2.29900E-03 7.52366E-03 6.75567E-03 9.58206E-03 1.47673E-01 3.64806E-01 8.40722E-03 2.29900E-03 1.04086E-03 1.12481E-01 
1.08147E-03 2.24946E-03 7.32531E-03 6.38455E-03 8.99540E-03 1.39747E-01 3.48256E-01 8.16054E-03 2.24946E-03 1.08147E-03 1.01199E-01 
1.10715E-03 2.18991E-03 7.11685E-03 6.02107E-03 8.42909E-03 1.32056E-01 3.32011E-01 7.90216E-03 2.18991E-03 1.10715E-03 9.09022E-02 
1.11969E-03 2.12204E-03 6.90012E-03 5.66659E-03 7.88421E-03 1.24613E-01 3.16103E-01 7.63433E-03 2.12204E-03 1.11969E-03 8.15398E-02 
1.12080E-03 2.04746E-03 6.67691E-03 5.32231E-03 7.36159E-03 1.17425E-01 3.00560E-01 7.35922E-03 2.04746E-03 1.12080E-03 7.30573E-02 
1.11212E-03 1.96767E-03 6.44887E-03 4.98927E-03 6.86187E-03 1.10499E-01 2.85409E-01 7.07886E-03 1.96767E-03 1.11212E-03 6.53972E-02 
2.73497E-05 6.76639E-04 7.03789E-03 1.07004E-02 1.80670E-02 2.98888E-01 6.64652E-01 8.54720E-03 6.76639E-04 2.73497E-05 4.28066E-01 
2.73497E-05 6.76639E-04 7.21665E-03 1.04729E-02 1.74717E-02 2.89461E-01 6.47902E-01 8.73433E-03 6.76639E-04 2.73497E-05 4.07148E-01 
2.73497E-05 1.18221E-04 7.37613E-03 1.02446E-02 1.68901E-02 2.80172E-01 6.31225E-01 8.89730E-03 1.18221E-04 2.73497E-05 3.85987E-01 
2.73497E-05 3.76382E-04 7.51681E-03 1.00151E-02 1.63211E-02 2.71015E-01 6.14611E-01 9.03670E-03 3.76382E-04 2.73497E-05 3.64590E-01 
2.73497E-05 6.12268E-04 7.63421E-03 9.77505E-03 1.57506E-02 2.61872E-01 5.97858E-01 9.14827E-03 6.12268E-04 2.73497E-05 3.43428E-01 
2.73497E-05 8.25852E-04 7.72837E-03 9.52512E-03 1.51798E-02 2.52762E-01 5.80999E-01 9.23206E-03 8.25852E-04 2.73497E-05 3.22606E-01 
2.73497E-05 1.01731E-03 7.79947E-03 9.26614E-03 1.46101E-02 2.43703E-01 5.64065E-01 9.28831E-03 1.01731E-03 2.73497E-05 3.02224E-01 
2.73497E-05 1.15048E-03 7.83889E-03 9.06011E-03 1.41707E-02 2.36739E-01 5.50932E-01 9.31322E-03 1.15048E-03 2.73497E-05 2.86813E-01 
2.73497E-05 1.18698E-03 7.84788E-03 8.99901E-03 1.40425E-02 2.34712E-01 5.47089E-01 9.31748E-03 1.18698E-03 2.73497E-05 2.82373E-01 
2.73497E-05 1.34609E-03 7.87526E-03 8.70294E-03 1.34346E-02 2.25113E-01 5.28773E-01 9.31936E-03 1.34609E-03 2.73497E-05 2.61654E-01 
2.73497E-05 1.48128E-03 7.87772E-03 8.39980E-03 1.28321E-02 2.15634E-01 5.10485E-01 9.29159E-03 1.48128E-03 2.73497E-05 2.41734E-01 
2.73497E-05 1.59356E-03 7.85631E-03 8.09091E-03 1.22368E-02 2.06292E-01 4.92263E-01 9.23547E-03 1.59356E-03 2.73497E-05 2.22685E-01 
2.73497E-05 1.68409E-03 7.81222E-03 7.77769E-03 1.16501E-02 1.97107E-01 4.74146E-01 9.15247E-03 1.68409E-03 2.73497E-05 2.04565E-01 
1.45487E-04 1.75494E-03 7.74896E-03 7.46632E-03 1.10809E-02 1.88190E-01 4.56358E-01 9.04686E-03 1.75494E-03 1.45487E-04 1.86942E-01 
2.99528E-04 1.80654E-03 7.66499E-03 7.15128E-03 1.05195E-02 1.79418E-01 4.38663E-01 8.91687E-03 1.80654E-03 2.99528E-04 1.70234E-01 
4.31304E-04 1.83999E-03 7.56116E-03 6.83301E-03 9.96591E-03 1.70787E-01 4.21057E-01 8.76354E-03 1.83999E-03 4.31304E-04 1.54567E-01 
5.42137E-04 1.85673E-03 7.43900E-03 6.51326E-03 9.42203E-03 1.62317E-01 4.03586E-01 8.58877E-03 1.85673E-03 5.42137E-04 1.39953E-01 
6.33468E-04 1.85824E-03 7.30016E-03 6.19375E-03 8.88964E-03 1.54030E-01 3.86293E-01 8.39459E-03 1.85824E-03 6.33468E-04 1.26393E-01 
7.06819E-04 1.84608E-03 7.14634E-03 5.87612E-03 8.37039E-03 1.45941E-01 3.69220E-01 8.18310E-03 1.84608E-03 7.06819E-04 1.13873E-01 
7.63761E-04 1.82182E-03 6.97925E-03 5.56194E-03 7.86575E-03 1.38067E-01 3.52406E-01 7.95646E-03 1.82182E-03 7.63761E-04 1.02366E-01 
8.05886E-04 1.78702E-03 6.80065E-03 5.25267E-03 7.37703E-03 1.30421E-01 3.35889E-01 7.71685E-03 1.78702E-03 8.05886E-04 9.18391E-02 
8.34770E-04 1.74321E-03 6.61225E-03 4.94963E-03 6.90536E-03 1.23015E-01 3.19703E-01 7.46641E-03 1.74321E-03 8.34770E-04 8.22492E-02 
8.51959E-04 1.69186E-03 6.41571E-03 4.65402E-03 6.45165E-03 1.15860E-01 3.03879E-01 7.20724E-03 1.69186E-03 8.51959E-04 7.35477E-02 
8.58938E-04 1.63436E-03 6.21264E-03 4.36689E-03 6.01665E-03 1.08963E-01 2.88444E-01 6.94139E-03 1.63436E-03 8.58938E-04 6.56819E-02 
8.57120E-04 1.57202E-03 6.00456E-03 4.08914E-03 5.60093E-03 1.02331E-01 2.73424E-01 6.67079E-03 1.57202E-03 8.57120E-04 5.85959E-02 
8.47831E-04 1.50603E-03 5.79292E-03 3.82153E-03 5.20485E-03 9.59668E-02 2.58841E-01 6.39727E-03 1.50603E-03 8.47831E-04 5.22326E-02 
2.15035E-05 5.41903E-04 6.81401E-03 8.61736E-03 1.43682E-02 2.75971E-01 6.37667E-01 8.71046E-03 5.41903E-04 2.15035E-05 3.79995E-01 
2.15035E-05 5.41903E-04 6.94831E-03 8.41785E-03 1.38689E-02 2.66631E-01 6.20283E-01 8.83038E-03 5.41903E-04 2.15035E-05 3.59806E-01 
2.15035E-05 9.50493E-05 7.06596E-03 8.21866E-03 1.33825E-02 2.57458E-01 6.03032E-01 8.92884E-03 9.50493E-05 2.15035E-05 3.39597E-01 
2.15035E-05 3.02114E-04 7.16729E-03 8.01955E-03 1.29080E-02 2.48445E-01 5.85906E-01 9.00638E-03 3.02114E-04 2.15035E-05 3.19373E-01 
2.15035E-05 4.90605E-04 7.24838E-03 7.81241E-03 1.24336E-02 2.39476E-01 5.68694E-01 9.05905E-03 4.90605E-04 2.15035E-05 2.99511E-01 
2.15035E-05 6.60546E-04 7.30927E-03 7.59786E-03 1.19602E-02 2.30569E-01 5.51432E-01 9.08700E-03 6.60546E-04 2.15035E-05 2.80104E-01 
2.15035E-05 8.12133E-04 7.35017E-03 7.37660E-03 1.14889E-02 2.21742E-01 5.34152E-01 9.09060E-03 8.12133E-04 2.15035E-05 2.61235E-01 
2.15035E-05 9.17036E-04 7.36832E-03 7.20129E-03 1.11263E-02 2.14977E-01 5.20791E-01 9.07702E-03 9.17036E-04 2.15035E-05 2.47052E-01 
2.15035E-05 9.45700E-04 7.37144E-03 7.14941E-03 1.10207E-02 2.13011E-01 5.16888E-01 9.07040E-03 9.45700E-04 2.15035E-05 2.42979E-01 
2.15035E-05 1.07008E-03 7.37295E-03 6.89873E-03 1.05205E-02 2.03724E-01 4.98329E-01 9.02279E-03 1.07008E-03 2.15035E-05 2.24055E-01 
2.15035E-05 1.17481E-03 7.35301E-03 6.64318E-03 1.00262E-02 1.94586E-01 4.79866E-01 8.94947E-03 1.17481E-03 2.15035E-05 2.05986E-01 
2.15035E-05 1.26082E-03 7.31257E-03 6.38388E-03 9.53914E-03 1.85616E-01 4.61538E-01 8.85177E-03 1.26082E-03 2.15035E-05 1.88825E-01 
2.15035E-05 1.32913E-03 7.25275E-03 6.12202E-03 9.06046E-03 1.76830E-01 4.43385E-01 8.73116E-03 1.32913E-03 2.15035E-05 1.72611E-01 
1.14182E-04 1.38147E-03 7.17665E-03 5.86261E-03 8.59730E-03 1.68333E-01 4.25628E-01 8.59185E-03 1.38147E-03 1.14182E-04 1.56985E-01 
2.34439E-04 1.41831E-03 7.08292E-03 5.60120E-03 8.14187E-03 1.60006E-01 4.08030E-01 8.43200E-03 1.41831E-03 2.34439E-04 1.42269E-01 
3.36642E-04 1.44064E-03 6.97234E-03 5.33819E-03 7.69413E-03 1.51844E-01 3.90586E-01 8.25263E-03 1.44064E-03 3.36642E-04 1.28556E-01 
4.21948E-04 1.44970E-03 6.84627E-03 5.07501E-03 7.25559E-03 1.43868E-01 3.73341E-01 8.05558E-03 1.44970E-03 4.21948E-04 1.15843E-01 
4.91601E-04 1.44675E-03 6.70618E-03 4.81308E-03 6.82765E-03 1.36093E-01 3.56338E-01 7.84277E-03 1.44675E-03 4.91601E-04 1.04118E-01 
5.46907E-04 1.43312E-03 6.55355E-03 4.55371E-03 6.41160E-03 1.28535E-01 3.39615E-01 7.61618E-03 1.43312E-03 5.46907E-04 9.33579E-02 
5.89196E-04 1.41012E-03 6.38993E-03 4.29816E-03 6.00856E-03 1.21207E-01 3.23209E-01 7.37782E-03 1.41012E-03 5.89196E-04 8.35286E-02 
6.19807E-04 1.37904E-03 6.21683E-03 4.04757E-03 5.61951E-03 1.14121E-01 3.07155E-01 7.12969E-03 1.37904E-03 6.19807E-04 7.45896E-02 
6.40053E-04 1.34116E-03 6.03575E-03 3.80300E-03 5.24527E-03 1.07285E-01 2.91484E-01 6.87377E-03 1.34116E-03 6.40053E-04 6.64942E-02 
6.51213E-04 1.29766E-03 5.84814E-03 3.56533E-03 4.88650E-03 1.00707E-01 2.76222E-01 6.61197E-03 1.29766E-03 6.51213E-04 5.91915E-02 
6.54507E-04 1.24967E-03 5.65542E-03 3.33539E-03 4.54370E-03 9.43924E-02 2.61394E-01 6.34612E-03 1.24967E-03 6.54507E-04 5.26278E-02 
6.51084E-04 1.19826E-03 5.45889E-03 3.11381E-03 4.21720E-03 8.83448E-02 2.47020E-01 6.07795E-03 1.19826E-03 6.51084E-04 4.67483E-02 
6.42018E-04 1.14436E-03 5.25980E-03 2.90115E-03 3.90722E-03 8.25662E-02 2.33119E-01 5.80908E-03 1.14436E-03 6.42018E-04 4.14976E-02 
1.67820E-05 4.30290E-04 6.66870E-03 6.86954E-03 1.12857E-02 2.52391E-01 6.07596E-01 8.93569E-03 4.30290E-04 1.67820E-05 3.35476E-01 
1.67820E-05 4.30290E-04 6.76394E-03 6.69752E-03 1.08738E-02 2.43266E-01 5.89778E-01 8.98926E-03 4.30290E-04 1.67820E-05 3.16232E-01 
1.67820E-05 7.57493E-05 6.84480E-03 6.52669E-03 1.04737E-02 2.34333E-01 5.72154E-01 9.02416E-03 7.57493E-05 1.67820E-05 2.97153E-01 
1.67820E-05 2.40400E-04 6.91151E-03 6.35680E-03 1.00846E-02 2.25584E-01 5.54712E-01 9.04086E-03 2.40400E-04 1.67820E-05 2.78238E-01 
1.67820E-05 3.89750E-04 6.96060E-03 6.18096E-03 9.69647E-03 2.16905E-01 5.37240E-01 9.03556E-03 3.89750E-04 1.67820E-05 2.59784E-01 
1.67820E-05 5.23848E-04 6.99212E-03 5.99970E-03 9.31021E-03 2.08315E-01 5.19772E-01 9.00855E-03 5.23848E-04 1.67820E-05 2.41871E-01 
1.67820E-05 6.42889E-04 7.00628E-03 5.81360E-03 8.92658E-03 1.99829E-01 5.02343E-01 8.96031E-03 6.42889E-04 1.67820E-05 2.24567E-01 
1.67820E-05 7.24860E-04 7.00555E-03 5.66668E-03 8.63206E-03 1.93346E-01 4.88906E-01 8.90880E-03 7.24860E-04 1.67820E-05 2.11633E-01 
1.67820E-05 7.47187E-04 7.00344E-03 5.62329E-03 8.54638E-03 1.91465E-01 4.84987E-01 8.89146E-03 7.47187E-04 1.67820E-05 2.07931E-01 
1.67820E-05 8.43624E-04 6.98184E-03 5.41417E-03 8.14119E-03 1.82598E-01 4.66392E-01 8.79505E-03 8.43624E-04 1.67820E-05 1.90799E-01 
1.67820E-05 9.24099E-04 6.94175E-03 5.20185E-03 7.74190E-03 1.73906E-01 4.47960E-01 8.67679E-03 9.24099E-04 1.67820E-05 1.74551E-01 
1.67820E-05 9.89413E-04 6.88404E-03 4.98726E-03 7.34946E-03 1.65405E-01 4.29729E-01 8.53800E-03 9.89413E-04 1.67820E-05 1.59221E-01 
1.67820E-05 1.04047E-03 6.80972E-03 4.77136E-03 6.96479E-03 1.57109E-01 4.11735E-01 8.38019E-03 1.04047E-03 1.67820E-05 1.44831E-01 
8.89513E-05 1.07868E-03 6.72162E-03 4.55818E-03 6.59352E-03 1.49116E-01 3.94198E-01 8.20754E-03 1.07868E-03 8.89513E-05 1.31085E-01 
1.82142E-04 1.10452E-03 6.61847E-03 4.34417E-03 6.22943E-03 1.41312E-01 3.76881E-01 8.01807E-03 1.10452E-03 1.82142E-04 1.18224E-01 
2.60820E-04 1.11888E-03 6.50097E-03 4.12966E-03 5.87251E-03 1.33693E-01 3.59779E-01 7.81276E-03 1.11888E-03 2.60820E-04 1.06312E-01 
3.25982E-04 1.12279E-03 6.37035E-03 3.91584E-03 5.52393E-03 1.26276E-01 3.42934E-01 7.59337E-03 1.12279E-03 3.25982E-04 9.53357E-02 
3.78690E-04 1.11734E-03 6.22792E-03 3.70382E-03 5.18478E-03 1.19074E-01 3.26386E-01 7.36173E-03 1.11734E-03 3.78690E-04 8.52738E-02 
4.20046E-04 1.10361E-03 6.07500E-03 3.49466E-03 4.85604E-03 1.12100E-01 3.10172E-01 7.11971E-03 1.10361E-03 4.20046E-04 7.60948E-02 
4.51166E-04 1.08269E-03 5.91296E-03 3.28935E-03 4.53855E-03 1.05365E-01 2.94325E-01 6.86918E-03 1.08269E-03 4.51166E-04 6.77600E-02 
4.73158E-04 1.05566E-03 5.74314E-03 3.08878E-03 4.23303E-03 9.88780E-02 2.78877E-01 6.61198E-03 1.05566E-03 4.73158E-04 6.02248E-02 
4.87107E-04 1.02353E-03 5.56686E-03 2.89374E-03 3.94008E-03 9.26454E-02 2.63853E-01 6.34992E-03 1.02353E-03 4.87107E-04 5.34407E-02 
4.94059E-04 9.87290E-04 5.38540E-03 2.70493E-03 3.66014E-03 8.66719E-02 2.49279E-01 6.08472E-03 9.87290E-04 4.94059E-04 4.73562E-02 
4.95004E-04 9.47829E-04 5.20001E-03 2.52293E-03 3.39353E-03 8.09609E-02 2.35172E-01 5.81801E-03 9.47829E-04 4.95004E-04 4.19186E-02 
4.90870E-04 9.05985E-04 5.01183E-03 2.34822E-03 3.14045E-03 7.55136E-02 2.21551E-01 5.55134E-03 9.05985E-04 4.90870E-04 3.70750E-02 
4.82516E-04 8.62514E-04 4.82197E-03 2.18118E-03 2.90098E-03 7.03297E-02 2.08428E-01 5.28611E-03 8.62514E-04 4.82516E-04 3.27733E-02 
1.29977E-05 3.38610E-04 6.59049E-03 5.42005E-03 8.75556E-03 2.28557E-01 5.74920E-01 9.18383E-03 3.38610E-04 1.29977E-05 2.94540E-01 
1.29977E-05 3.38610E-04 6.65094E-03 5.27403E-03 8.42109E-03 2.19765E-01 5.56873E-01 9.17203E-03 3.38610E-04 1.29977E-05 2.76405E-01 
1.29977E-05 5.98114E-05 6.69896E-03 5.12982E-03 8.09720E-03 2.11186E-01 5.39076E-01 9.14447E-03 5.98114E-05 1.29977E-05 2.58582E-01 
1.29977E-05 1.89553E-04 6.73471E-03 4.98713E-03 7.78315E-03 2.02809E-01 5.21518E-01 9.10155E-03 1.89553E-04 1.29977E-05 2.41065E-01 
1.29977E-05 3.06849E-04 6.75507E-03 4.84016E-03 7.47067E-03 1.94525E-01 5.03982E-01 9.03951E-03 3.06849E-04 1.29977E-05 2.24083E-01 
1.29977E-05 4.11755E-04 6.76012E-03 4.68933E-03 7.16041E-03 1.86351E-01 4.86505E-01 8.95878E-03 4.11755E-04 1.29977E-05 2.07701E-01 
1.29977E-05 5.04451E-04 6.75006E-03 4.53512E-03 6.85298E-03 1.78303E-01 4.69121E-01 8.85992E-03 5.04451E-04 1.29977E-05 1.91973E-01 
1.29977E-05 5.67970E-04 6.73212E-03 4.41380E-03 6.61743E-03 1.72172E-01 4.55755E-01 8.77143E-03 5.67970E-04 1.29977E-05 1.80283E-01 
1.29977E-05 5.85216E-04 6.72523E-03 4.37804E-03 6.54899E-03 1.70396E-01 4.51863E-01 8.74364E-03 5.85216E-04 1.29977E-05 1.76946E-01 
1.29977E-05 6.59370E-04 6.68240E-03 4.20608E-03 6.22578E-03 1.62042E-01 4.33435E-01 8.59974E-03 6.59370E-04 1.29977E-05 1.61569E-01 
1.29977E-05 7.20682E-04 6.62360E-03 4.03215E-03 5.90805E-03 1.53882E-01 4.15231E-01 8.43781E-03 7.20682E-04 1.29977E-05 1.47080E-01 
1.29977E-05 7.69845E-04 6.54962E-03 3.85701E-03 5.59652E-03 1.45930E-01 3.97287E-01 8.25919E-03 7.69845E-04 1.29977E-05 1.33497E-01 
1.29977E-05 8.07630E-04 6.46138E-03 3.68142E-03 5.29192E-03 1.38199E-01 3.79640E-01 8.06537E-03 8.07630E-04 1.29977E-05 1.20830E-01 
6.87704E-05 8.35177E-04 6.36153E-03 3.50857E-03 4.99860E-03 1.30777E-01 3.62500E-01 7.86062E-03 8.35177E-04 6.87704E-05 1.08830E-01 
1.40439E-04 8.52961E-04 6.24881E-03 3.33566E-03 4.71169E-03 1.23558E-01 3.45635E-01 7.64268E-03 8.52961E-04 1.40439E-04 9.76757E-02 
2.00546E-04 8.61735E-04 6.12385E-03 3.16298E-03 4.43117E-03 1.16536E-01 3.29038E-01 7.41248E-03 8.61735E-04 2.00546E-04 8.74058E-02 
2.49937E-04 8.62367E-04 5.98777E-03 2.99146E-03 4.15795E-03 1.09725E-01 3.12750E-01 7.17171E-03 8.62367E-04 2.49937E-04 7.79999E-02 
2.89505E-04 8.55754E-04 5.84174E-03 2.82199E-03 3.89286E-03 1.03137E-01 2.96807E-01 6.92211E-03 8.55754E-04 2.89505E-04 6.94290E-02 
3.20167E-04 8.42797E-04 5.68696E-03 2.65540E-03 3.63663E-03 9.67830E-02 2.81243E-01 6.66543E-03 8.42797E-04 3.20167E-04 6.16567E-02 
3.42848E-04 8.24389E-04 5.52465E-03 2.49246E-03 3.38989E-03 9.06705E-02 2.66087E-01 6.40339E-03 8.24389E-04 3.42848E-04 5.46410E-02 
3.58458E-04 8.01395E-04 5.35600E-03 2.33386E-03 3.15316E-03 8.48059E-02 2.51367E-01 6.13770E-03 8.01395E-04 3.58458E-04 4.83356E-02 
3.67881E-04 7.74641E-04 5.18221E-03 2.18019E-03 2.92685E-03 7.91936E-02 2.37106E-01 5.86997E-03 7.74641E-04 3.67881E-04 4.26917E-02 
3.71962E-04 7.44903E-04 5.00442E-03 2.03196E-03 2.71127E-03 7.38361E-02 2.23322E-01 5.60176E-03 7.44903E-04 3.71962E-04 3.76588E-02 
3.71500E-04 7.12899E-04 4.82373E-03 1.88960E-03 2.50660E-03 6.87345E-02 2.10031E-01 5.33450E-03 7.12899E-04 3.71500E-04 3.31865E-02 
3.67233E-04 6.79284E-04 4.64116E-03 1.75345E-03 2.31294E-03 6.38879E-02 1.97246E-01 5.06953E-03 6.79284E-04 3.67233E-04 2.92251E-02 
3.59844E-04 6.44647E-04 4.45771E-03 1.62374E-03 2.13030E-03 5.92945E-02 1.84976E-01 4.80808E-03 6.44647E-04 3.59844E-04 2.57263E-02 
9.97575E-06 2.63645E-04 6.56780E-03 4.22697E-03 6.70113E-03 2.04769E-01 5.39997E-01 9.41642E-03 2.63645E-04 9.97575E-06 2.57000E-01 
9.97575E-06 2.63645E-04 6.59658E-03 4.10494E-03 6.43390E-03 1.96417E-01 5.21923E-01 9.34064E-03 2.63645E-04 9.97575E-06 2.40094E-01 
9.97575E-06 4.67115E-05 6.61465E-03 3.98510E-03 6.17598E-03 1.88291E-01 5.04154E-01 9.25218E-03 4.67115E-05 9.97575E-06 2.23615E-01 
9.97575E-06 1.47853E-04 6.62206E-03 3.86714E-03 5.92666E-03 1.80381E-01 4.86674E-01 9.15138E-03 1.47853E-04 9.97575E-06 2.07549E-01 
9.97575E-06 2.39017E-04 6.61600E-03 3.74621E-03 5.67918E-03 1.72583E-01 4.69268E-01 9.03442E-03 2.39017E-04 9.97575E-06 1.92069E-01 
9.97575E-06 3.20252E-04 6.59656E-03 3.62265E-03 5.43402E-03 1.64912E-01 4.51972E-01 8.90183E-03 3.20252E-04 9.97575E-06 1.77226E-01 
9.97575E-06 3.91714E-04 6.56394E-03 3.49682E-03 5.19163E-03 1.57384E-01 4.34819E-01 8.75428E-03 3.91714E-04 9.97575E-06 1.63061E-01 
9.97575E-06 4.40449E-04 6.52986E-03 3.39815E-03 5.00628E-03 1.51664E-01 4.21667E-01 8.63033E-03 4.40449E-04 9.97575E-06 1.52589E-01 
9.97575E-06 4.53640E-04 6.51846E-03 3.36912E-03 4.95248E-03 1.50010E-01 4.17844E-01 8.59255E-03 4.53640E-04 9.97575E-06 1.49609E-01 
9.97575E-06 5.10102E-04 6.45550E-03 3.22984E-03 4.69876E-03 1.42246E-01 3.99775E-01 8.40332E-03 5.10102E-04 9.97575E-06 1.35928E-01 
9.97575E-06 5.56352E-04 6.37873E-03 3.08946E-03 4.44992E-03 1.34689E-01 3.81985E-01 8.19990E-03 5.56352E-04 9.97575E-06 1.23120E-01 
9.97575E-06 5.92975E-04 6.28888E-03 2.94860E-03 4.20649E-03 1.27351E-01 3.64510E-01 7.98367E-03 5.92975E-04 9.97575E-06 1.11189E-01 
9.97575E-06 6.20619E-04 6.18683E-03 2.80784E-03 3.96902E-03 1.20241E-01 3.47381E-01 7.75606E-03 6.20619E-04 9.97575E-06 1.00133E-01 
5.26874E-05 6.40192E-04 6.07505E-03 2.66969E-03 3.74083E-03 1.13441E-01 3.30803E-01 7.52142E-03 6.40192E-04 5.26874E-05 8.97445E-02 
1.07306E-04 6.52139E-04 5.95230E-03 2.53196E-03 3.51817E-03 1.06851E-01 3.14547E-01 7.27721E-03 6.52139E-04 1.07306E-04 8.01497E-02 
1.52806E-04 6.57094E-04 5.81912E-03 2.39487E-03 3.30101E-03 1.00465E-01 2.98605E-01 7.02425E-03 6.57094E-04 1.52806E-04 7.13685E-02 
1.89896E-04 6.55772E-04 5.67654E-03 2.25917E-03 3.09003E-03 9.42936E-02 2.83015E-01 6.76416E-03 6.55772E-04 1.89896E-04 6.33742E-02 
2.19314E-04 6.48909E-04 5.52563E-03 2.12555E-03 2.88587E-03 8.83474E-02 2.67810E-01 6.49858E-03 6.48909E-04 2.19314E-04 5.61331E-02 
2.41817E-04 6.37237E-04 5.36748E-03 1.99466E-03 2.68907E-03 8.26338E-02 2.53019E-01 6.22913E-03 6.37237E-04 2.41817E-04 4.96057E-02 
2.58157E-04 6.21476E-04 5.20319E-03 1.86707E-03 2.50009E-03 7.71587E-02 2.38670E-01 5.95740E-03 6.21476E-04 2.58157E-04 4.37486E-02 
2.69074E-04 6.02320E-04 5.03387E-03 1.74330E-03 2.31929E-03 7.19261E-02 2.24784E-01 5.68491E-03 6.02320E-04 2.69074E-04 3.85154E-02 
2.75280E-04 5.80427E-04 4.86058E-03 1.62381E-03 2.14695E-03 6.69383E-02 2.11380E-01 5.41312E-03 5.80427E-04 2.75280E-04 3.38584E-02 
2.77452E-04 5.56407E-04 4.68436E-03 1.50896E-03 1.98327E-03 6.21958E-02 1.98474E-01 5.14338E-03 5.56407E-04 2.77452E-04 2.97296E-02 
2.76222E-04 5.30826E-04 4.50620E-03 1.39905E-03 1.82835E-03 5.76977E-02 1.86076E-01 4.87694E-03 5.30826E-04 2.76222E-04 2.60815E-02 
2.72177E-04 5.04190E-04 4.32703E-03 1.29430E-03 1.68223E-03 5.34417E-02 1.74194E-01 4.61493E-03 5.04190E-04 2.72177E-04 2.28682E-02 
2.65850E-04 4.76956E-04 4.14773E-03 1.19489E-03 1.54486E-03 4.94241E-02 1.62834E-01 4.35838E-03 4.76956E-04 2.65850E-04 2.00459E-02 
7.60331E-06 2.03449E-04 6.58919E-03 3.26523E-03 5.07222E-03 1.81630E-01 5.03694E-01 9.59406E-03 2.03449E-04 7.60331E-06 2.23118E-01 
7.60331E-06 2.03449E-04 6.58893E-03 3.16455E-03 4.86158E-03 1.73803E-01 4.85791E-01 9.45747E-03 2.03449E-04 7.60331E-06 2.07510E-01 
7.60331E-06 3.61399E-05 6.57941E-03 3.06628E-03 4.65899E-03 1.66209E-01 4.68239E-01 9.31145E-03 3.61399E-05 7.60331E-06 1.92409E-01 
7.60331E-06 1.14273E-04 6.56064E-03 2.97006E-03 4.46379E-03 1.58839E-01 4.51023E-01 9.15624E-03 1.14273E-04 7.60331E-06 1.77800E-01 
7.60331E-06 1.84512E-04 6.53002E-03 2.87189E-03 4.27049E-03 1.51595E-01 4.33928E-01 8.98789E-03 1.84512E-04 7.60331E-06 1.63805E-01 
7.60331E-06 2.46895E-04 6.48766E-03 2.77201E-03 4.07943E-03 1.44491E-01 4.16990E-01 8.80704E-03 2.46895E-04 7.60331E-06 1.50465E-01 
7.60331E-06 3.01545E-04 6.43377E-03 2.67068E-03 3.89093E-03 1.37540E-01 4.00242E-01 8.61443E-03 3.01545E-04 7.60331E-06 1.37809E-01 
7.60331E-06 3.38647E-04 6.38436E-03 2.59148E-03 3.74705E-03 1.32273E-01 3.87434E-01 8.45785E-03 3.38647E-04 7.60331E-06 1.28500E-01 
7.60331E-06 3.48659E-04 6.36867E-03 2.56822E-03 3.70533E-03 1.30752E-01 3.83716E-01 8.41089E-03 3.48659E-04 7.60331E-06 1.25859E-01 
7.60331E-06 3.91323E-04 6.28638E-03 2.45685E-03 3.50885E-03 1.23629E-01 3.66179E-01 8.18027E-03 3.91323E-04 7.60331E-06 1.13780E-01 
7.60331E-06 4.25948E-04 6.19214E-03 2.34499E-03 3.31655E-03 1.16720E-01 3.48970E-01 7.93931E-03 4.25948E-04 7.60331E-06 1.02541E-01 
7.60331E-06 4.53016E-04 6.08666E-03 2.23311E-03 3.12883E-03 1.10034E-01 3.32121E-01 7.68935E-03 4.53016E-04 7.60331E-06 9.21387E-02 
7.60331E-06 4.73062E-04 5.97074E-03 2.12167E-03 2.94610E-03 1.03580E-01 3.15661E-01 7.43179E-03 4.73062E-04 7.60331E-06 8.25580E-02 
4.00868E-05 4.86803E-04 5.84681E-03 2.01260E-03 2.77086E-03 9.74281E-02 2.99784E-01 7.17105E-03 4.86803E-04 4.00868E-05 7.36270E-02 
8.14255E-05 4.94638E-04 5.71355E-03 1.90419E-03 2.60024E-03 9.14876E-02 2.84267E-01 6.90424E-03 4.94638E-04 8.14255E-05 6.54300E-02 
1.15633E-04 4.97095E-04 5.57143E-03 1.79664E-03 2.43422E-03 8.57516E-02 2.69103E-01 6.63208E-03 4.97095E-04 1.15633E-04 5.79725E-02 
1.43291E-04 4.94756E-04 5.42143E-03 1.69053E-03 2.27332E-03 8.02292E-02 2.54325E-01 6.35611E-03 4.94756E-04 1.43291E-04 5.12236E-02 
1.65006E-04 4.88214E-04 5.26453E-03 1.58639E-03 2.11801E-03 7.49279E-02 2.39961E-01 6.07785E-03 4.88214E-04 1.65006E-04 4.51468E-02 
1.81392E-04 4.78059E-04 5.10174E-03 1.48470E-03 1.96867E-03 6.98532E-02 2.26039E-01 5.79878E-03 4.78059E-04 1.81392E-04 3.97012E-02 
1.93058E-04 4.64866E-04 4.93409E-03 1.38591E-03 1.82563E-03 6.50088E-02 2.12581E-01 5.52033E-03 4.64866E-04 1.93058E-04 3.48435E-02 
2.00596E-04 4.49185E-04 4.76258E-03 1.29040E-03 1.68917E-03 6.03968E-02 1.99604E-01 5.24386E-03 4.49185E-04 2.00596E-04 3.05287E-02 
2.04575E-04 4.31532E-04 4.58819E-03 1.19849E-03 1.55945E-03 5.60175E-02 1.87124E-01 4.97063E-03 4.31532E-04 2.04575E-04 2.67110E-02 
2.05531E-04 4.12388E-04 4.41188E-03 1.11046E-03 1.43661E-03 5.18699E-02 1.75150E-01 4.70179E-03 4.12388E-04 2.05531E-04 2.33457E-02 
2.03963E-04 3.92188E-04 4.23455E-03 1.02651E-03 1.32069E-03 4.79514E-02 1.63691E-01 4.43841E-03 3.92188E-04 2.03963E-04 2.03891E-02 
2.00330E-04 3.71325E-04 4.05705E-03 9.46792E-04 1.21168E-03 4.42586E-02 1.52750E-01 4.18140E-03 3.71325E-04 2.00330E-04 1.77993E-02 
1.95047E-04 3.50147E-04 3.88019E-03 8.71402E-04 1.10953E-03 4.07866E-02 1.42328E-01 3.93160E-03 3.50147E-04 1.95047E-04 1.55374E-02 
5.72303E-06 1.54708E-04 6.64399E-03 2.48538E-03 3.77654E-03 1.59073E-01 4.65874E-01 9.68616E-03 1.54708E-04 5.72303E-06 1.92188E-01 
5.72303E-06 1.54708E-04 6.61611E-03 2.40363E-03 3.61339E-03 1.51845E-01 4.48333E-01 9.49244E-03 1.54708E-04 5.72303E-06 1.77930E-01 
5.72303E-06 2.75387E-05 6.58027E-03 2.32436E-03 3.45708E-03 1.44853E-01 4.31184E-01 9.29270E-03 2.75387E-05 5.72303E-06 1.64237E-01 
5.72303E-06 8.70071E-05 6.53643E-03 2.24719E-03 3.30700E-03 1.38088E-01 4.14411E-01 9.08711E-03 8.70071E-05 5.72303E-06 1.51085E-01 
5.72303E-06 1.40352E-04 6.48215E-03 2.16885E-03 3.15876E-03 1.31457E-01 3.97803E-01 8.87150E-03 1.40352E-04 5.72303E-06 1.38560E-01 
5.72303E-06 1.87590E-04 6.41758E-03 2.08948E-03 3.01257E-03 1.24975E-01 3.81394E-01 8.64660E-03 1.87590E-04 5.72303E-06 1.26690E-01 
5.72303E-06 2.28815E-04 6.34293E-03 2.00928E-03 2.86865E-03 1.18651E-01 3.65216E-01 8.41321E-03 2.28815E-04 5.72303E-06 1.15494E-01 
5.72303E-06 2.56681E-04 6.27845E-03 1.94679E-03 2.75900E-03 1.13873E-01 3.52876E-01 8.22735E-03 2.56681E-04 5.72303E-06 1.07301E-01 
5.72303E-06 2.64180E-04 6.25852E-03 1.92847E-03 2.72723E-03 1.12495E-01 3.49299E-01 8.17221E-03 2.64180E-04 5.72303E-06 1.04983E-01 
5.72303E-06 2.95990E-04 6.15704E-03 1.84094E-03 2.57783E-03 1.06056E-01 3.32461E-01 7.90493E-03 2.95990E-04 5.72303E-06 9.44234E-02 
5.72303E-06 3.21567E-04 6.04528E-03 1.75333E-03 2.43190E-03 9.98319E-02 3.15991E-01 7.63115E-03 3.21567E-04 5.72303E-06 8.46600E-02 
5.72303E-06 3.41298E-04 5.92393E-03 1.66597E-03 2.28975E-03 9.38299E-02 2.99919E-01 7.35218E-03 3.41298E-04 5.72303E-06 7.56791E-02 
5.72303E-06 3.55618E-04 5.79376E-03 1.57922E-03 2.15164E-03 8.80560E-02 2.84270E-01 7.06934E-03 3.55618E-04 5.72303E-06 6.74595E-02 
3.01203E-05 3.65078E-04 5.65719E-03 1.49454E-03 2.01945E-03 8.25724E-02 2.69225E-01 6.78709E-03 3.65078E-04 3.01203E-05 5.98570E-02 
6.10175E-05 3.70029E-04 5.51277E-03 1.41064E-03 1.89102E-03 7.72962E-02 2.54572E-01 6.50219E-03 3.70029E-04 6.10175E-05 5.29235E-02 
8.64100E-05 3.70900E-04 5.36095E-03 1.32767E-03 1.76632E-03 7.22200E-02 2.40301E-01 6.21525E-03 3.70900E-04 8.64100E-05 4.66532E-02 
1.06770E-04 3.68157E-04 5.20262E-03 1.24606E-03 1.64574E-03 6.73509E-02 2.26441E-01 5.92769E-03 3.68157E-04 1.06770E-04 4.10127E-02 
1.22585E-04 3.62273E-04 5.03874E-03 1.16621E-03 1.52962E-03 6.26942E-02 2.13018E-01 5.64089E-03 3.62273E-04 1.22585E-04 3.59643E-02 
1.34347E-04 3.53713E-04 4.87024E-03 1.08850E-03 1.41825E-03 5.82533E-02 2.00053E-01 5.35618E-03 3.53713E-04 1.34347E-04 3.14675E-02 
1.42540E-04 3.42930E-04 4.69809E-03 1.01324E-03 1.31184E-03 5.40302E-02 1.87565E-01 5.07482E-03 3.42930E-04 1.42540E-04 2.74800E-02 
1.47633E-04 3.30351E-04 4.52322E-03 9.40725E-04 1.21060E-03 5.00252E-02 1.75567E-01 4.79797E-03 3.30351E-04 1.47633E-04 2.39590E-02 
1.50074E-04 3.16380E-04 4.34655E-03 8.71178E-04 1.11462E-03 4.62371E-02 1.64071E-01 4.52670E-03 3.16380E-04 1.50074E-04 2.08620E-02 
1.50281E-04 3.01385E-04 4.16895E-03 8.04787E-04 1.02398E-03 4.26635E-02 1.53082E-01 4.26196E-03 3.01385E-04 1.50281E-04 1.81477E-02 
1.48643E-04 2.85701E-04 3.99126E-03 7.41694E-04 9.38701E-04 3.93007E-02 1.42605E-01 4.00460E-03 2.85701E-04 1.48643E-04 1.57768E-02 
1.45513E-04 2.69624E-04 3.81427E-03 6.81994E-04 8.58751E-04 3.61443E-02 1.32639E-01 3.75535E-03 2.69624E-04 1.45513E-04 1.37119E-02 
1.41211E-04 2.53418E-04 3.63870E-03 6.25740E-04 7.84062E-04 3.31885E-02 1.23181E-01 3.51481E-03 2.53418E-04 1.41211E-04 1.19186E-02 
4.26042E-06 1.16021E-04 6.72121E-03 1.86682E-03 2.77098E-03 1.37609E-01 4.27362E-01 9.66300E-03 1.16021E-04 4.26042E-06 1.64387E-01 
4.26042E-06 1.16021E-04 6.66689E-03 1.80137E-03 2.64653E-03 1.31031E-01 4.10361E-01 9.41817E-03 1.16021E-04 4.26042E-06 1.51491E-01 
4.26042E-06 2.06806E-05 6.60577E-03 1.73835E-03 2.52781E-03 1.24687E-01 3.93786E-01 9.17083E-03 2.06806E-05 4.26042E-06 1.39192E-01 
4.26042E-06 6.53091E-05 6.53779E-03 1.67740E-03 2.41428E-03 1.18567E-01 3.77619E-01 8.92103E-03 6.53091E-05 4.26042E-06 1.27464E-01 
4.26042E-06 1.05279E-04 6.46061E-03 1.61583E-03 2.30243E-03 1.12586E-01 3.61656E-01 8.66437E-03 1.05279E-04 4.26042E-06 1.16358E-01 
4.26042E-06 1.40590E-04 6.37441E-03 1.55374E-03 2.19240E-03 1.06756E-01 3.45928E-01 8.40165E-03 1.40590E-04 4.26042E-06 1.05892E-01 
4.26042E-06 1.71302E-04 6.27943E-03 1.49126E-03 2.08432E-03 1.01086E-01 3.30466E-01 8.13371E-03 1.71302E-04 4.26042E-06 9.60779E-02 
4.26042E-06 1.91980E-04 6.20012E-03 1.44273E-03 2.00212E-03 9.68136E-02 3.18703E-01 7.92337E-03 1.91980E-04 4.26042E-06 8.89331E-02 
4.26042E-06 1.97529E-04 6.17600E-03 1.42853E-03 1.97833E-03 9.55838E-02 3.15298E-01 7.86144E-03 1.97529E-04 4.26042E-06 8.69179E-02 
4.26042E-06 2.20970E-04 6.05549E-03 1.36082E-03 1.86658E-03 8.98470E-02 2.99301E-01 7.56409E-03 2.20970E-04 4.26042E-06 7.77696E-02 
4.26042E-06 2.39644E-04 5.92623E-03 1.29326E-03 1.75765E-03 8.43205E-02 2.83704E-01 7.26400E-03 2.39644E-04 4.26042E-06 6.93642E-02 
4.26042E-06 2.53859E-04 5.78890E-03 1.22611E-03 1.65174E-03 7.90096E-02 2.68533E-01 6.96240E-03 2.53859E-04 4.26042E-06 6.16808E-02 
4.26042E-06 2.63956E-04 5.64423E-03 1.15963E-03 1.54904E-03 7.39186E-02 2.53810E-01 6.66051E-03 2.63956E-04 4.26042E-06 5.46925E-02 
2.23835E-05 2.70355E-04 5.49470E-03 1.09491E-03 1.45092E-03 6.91007E-02 2.39704E-01 6.36274E-03 2.70355E-04 2.23835E-05 4.82787E-02 
4.52231E-05 2.73355E-04 5.33871E-03 1.03096E-03 1.35577E-03 6.44815E-02 2.26011E-01 6.06557E-03 2.73355E-04 4.52231E-05 4.24661E-02 
6.38641E-05 2.73299E-04 5.17667E-03 9.67919E-04 1.26358E-03 6.00535E-02 2.12720E-01 5.76944E-03 2.73299E-04 6.38641E-05 3.72412E-02 
7.86827E-05 2.70554E-04 5.00945E-03 9.06097E-04 1.17462E-03 5.58217E-02 1.99856E-01 5.47565E-03 2.70554E-04 7.86827E-05 3.25695E-02 
9.00660E-05 2.65489E-04 4.83794E-03 8.45797E-04 1.08916E-03 5.17896E-02 1.87441E-01 5.18543E-03 2.65489E-04 9.00660E-05 2.84134E-02 
9.84017E-05 2.58467E-04 4.66304E-03 7.87288E-04 1.00737E-03 4.79589E-02 1.75493E-01 4.89993E-03 2.58467E-04 9.84017E-05 2.47337E-02 
1.04070E-04 2.49839E-04 4.48568E-03 7.30807E-04 9.29427E-04 4.43299E-02 1.64026E-01 4.62022E-03 2.49839E-04 1.04070E-04 2.14903E-02 
1.07437E-04 2.39935E-04 4.30671E-03 6.76555E-04 8.55446E-04 4.09017E-02 1.53049E-01 4.34727E-03 2.39935E-04 1.07437E-04 1.86434E-02 
1.08851E-04 2.29064E-04 4.12701E-03 6.24695E-04 7.85503E-04 3.76717E-02 1.42569E-01 4.08194E-03 2.29064E-04 1.08851E-04 1.61540E-02 
1.08635E-04 2.17505E-04 3.94739E-03 5.75355E-04 7.19633E-04 3.46367E-02 1.32589E-01 3.82496E-03 2.17505E-04 1.08635E-04 1.39851E-02 
1.07087E-04 2.05512E-04 3.76862E-03 5.28627E-04 6.57835E-04 3.17921E-02 1.23109E-01 3.57698E-03 2.05512E-04 1.07087E-04 1.21015E-02 
1.04478E-04 1.93308E-04 3.59143E-03 4.84566E-04 6.00073E-04 2.91326E-02 1.14125E-01 3.33851E-03 1.93308E-04 1.04478E-04 1.04706E-02 
1.01051E-04 1.81088E-04 3.41649E-03 4.43202E-04 5.46281E-04 2.66523E-02 1.05632E-01 3.10997E-03 1.81088E-04 1.01051E-04 9.06224E-03 
3.13298E-06 8.56416E-05 6.81014E-03 1.38226E-03 2.00191E-03 1.17483E-01 3.88636E-01 9.50461E-03 8.56416E-05 3.13298E-06 1.39546E-01 
3.13298E-06 8.56416E-05 6.73016E-03 1.33057E-03 1.90841E-03 1.11588E-01 3.72338E-01 9.21652E-03 8.56416E-05 3.13298E-06 1.27998E-01 
3.13298E-06 1.52722E-05 6.64448E-03 1.28120E-03 1.81967E-03 1.05919E-01 3.56491E-01 8.92938E-03 1.52722E-05 3.13298E-06 1.17060E-01 
3.13298E-06 4.82283E-05 6.55300E-03 1.23380E-03 1.73518E-03 1.00465E-01 3.41078E-01 8.64314E-03 4.82283E-05 3.13298E-06 1.06700E-01 
3.13298E-06 7.77229E-05 6.45345E-03 1.18617E-03 1.65219E-03 9.51517E-02 3.25899E-01 8.35318E-03 7.77229E-05 3.13298E-06 9.69461E-02 
3.13298E-06 1.03736E-04 6.34604E-03 1.13839E-03 1.57077E-03 8.99874E-02 3.10988E-01 8.06034E-03 1.03736E-04 3.13298E-06 8.78069E-02 
3.13298E-06 1.26299E-04 6.23103E-03 1.09050E-03 1.49098E-03 8.49798E-02 2.96369E-01 7.76544E-03 1.26299E-04 3.13298E-06 7.92854E-02 
3.13298E-06 1.41437E-04 6.13706E-03 1.05343E-03 1.43041E-03 8.12168E-02 2.85275E-01 7.53642E-03 1.41437E-04 3.13298E-06 7.31134E-02 
3.13298E-06 1.45490E-04 6.10879E-03 1.04260E-03 1.41290E-03 8.01354E-02 2.82069E-01 7.46938E-03 1.45490E-04 3.13298E-06 7.13777E-02 
3.13298E-06 1.62541E-04 5.96937E-03 9.91087E-04 1.33074E-03 7.51008E-02 2.67035E-01 7.14988E-03 1.62541E-04 3.13298E-06 6.35274E-02 
3.13298E-06 1.76005E-04 5.82265E-03 9.39860E-04 1.25081E-03 7.02673E-02 2.52423E-01 6.83120E-03 1.76005E-04 3.13298E-06 5.63597E-02 
3.13298E-06 1.86117E-04 5.66929E-03 8.89099E-04 1.17324E-03 6.56384E-02 2.38256E-01 6.51444E-03 1.86117E-04 3.13298E-06 4.98488E-02 
3.13298E-06 1.93140E-04 5.51003E-03 8.38995E-04 1.09816E-03 6.12167E-02 2.24554E-01 6.20071E-03 1.93140E-04 3.13298E-06 4.39640E-02 
1.64316E-05 1.97389E-04 5.34740E-03 7.90330E-04 1.02654E-03 5.70471E-02 2.11468E-01 5.89432E-03 1.97389E-04 1.64316E-05 3.86042E-02 
3.31095E-05 1.99109E-04 5.17966E-03 7.42392E-04 9.57226E-04 5.30637E-02 1.98809E-01 5.59147E-03 1.99109E-04 3.31095E-05 3.37776E-02 
4.66260E-05 1.98572E-04 5.00716E-03 6.95266E-04 8.90198E-04 4.92589E-02 1.86563E-01 5.29247E-03 1.98572E-04 4.66260E-05 2.94654E-02 
5.72762E-05 1.96059E-04 4.83076E-03 6.49189E-04 8.25658E-04 4.56362E-02 1.74753E-01 4.99844E-03 1.96059E-04 5.72762E-05 2.56333E-02 
6.53622E-05 1.91857E-04 4.65133E-03 6.04379E-04 7.63776E-04 4.21973E-02 1.63394E-01 4.71045E-03 1.91857E-04 6.53622E-05 2.22449E-02 
7.11853E-05 1.86243E-04 4.46974E-03 5.61030E-04 7.04692E-04 3.89424E-02 1.52501E-01 4.42947E-03 1.86243E-04 7.11853E-05 1.92631E-02 
7.50397E-05 1.79485E-04 4.28684E-03 5.19311E-04 6.48517E-04 3.58709E-02 1.42084E-01 4.15635E-03 1.79485E-04 7.50397E-05 1.66508E-02 
7.72077E-05 1.71834E-04 4.10348E-03 4.79363E-04 5.95328E-04 3.29803E-02 1.32149E-01 3.89187E-03 1.71834E-04 7.72077E-05 1.43715E-02 
7.79554E-05 1.63522E-04 3.92046E-03 4.41300E-04 5.45171E-04 3.02677E-02 1.22699E-01 3.63667E-03 1.63522E-04 7.79554E-05 1.23905E-02 
7.75297E-05 1.54760E-04 3.73853E-03 4.05206E-04 4.98062E-04 2.77289E-02 1.13732E-01 3.39129E-03 1.54760E-04 7.75297E-05 1.06746E-02 
7.61571E-05 1.45738E-04 3.55844E-03 3.71138E-04 4.53991E-04 2.53588E-02 1.05247E-01 3.15615E-03 1.45738E-04 7.61571E-05 9.19323E-03 
7.40424E-05 1.36621E-04 3.38082E-03 3.39130E-04 4.12922E-04 2.31519E-02 9.72372E-02 2.93158E-03 1.36621E-04 7.40424E-05 7.91810E-03 
7.13683E-05 1.27554E-04 3.20631E-03 3.09192E-04 3.74797E-04 2.11021E-02 8.96935E-02 2.71779E-03 1.27554E-04 7.13683E-05 6.82351E-03 
2.27269E-06 6.20745E-05 6.90035E-03 1.00772E-03 1.42266E-03 9.88959E-02 3.50163E-01 9.20010E-03 6.20745E-05 2.27269E-06 1.17490E-01 
2.27269E-06 6.20745E-05 6.79529E-03 9.67462E-04 1.35346E-03 9.36954E-02 3.34711E-01 8.87824E-03 6.20745E-05 2.27269E-06 1.07255E-01 
2.27269E-06 1.10602E-05 6.68558E-03 9.29355E-04 1.28818E-03 8.87086E-02 3.19728E-01 8.56065E-03 1.10602E-05 2.27269E-06 9.76245E-02 
2.27269E-06 3.49477E-05 6.57111E-03 8.93059E-04 1.22636E-03 8.39255E-02 3.05196E-01 8.24716E-03 3.49477E-05 2.27269E-06 8.85653E-02 
2.27269E-06 5.63342E-05 6.44961E-03 8.56826E-04 1.16584E-03 7.92789E-02 2.90924E-01 7.93296E-03 5.63342E-05 2.27269E-06 8.00833E-02 
2.27269E-06 7.51830E-05 6.32133E-03 8.20661E-04 1.10664E-03 7.47762E-02 2.76942E-01 7.61890E-03 7.51830E-05 2.27269E-06 7.21815E-02 
2.27269E-06 9.15018E-05 6.18660E-03 7.84589E-04 1.04877E-03 7.04233E-02 2.63274E-01 7.30577E-03 9.15018E-05 2.27269E-06 6.48560E-02 
2.27269E-06 1.02420E-04 6.07817E-03 7.56772E-04 1.00494E-03 6.71612E-02 2.52928E-01 7.06467E-03 1.02420E-04 2.27269E-06 5.95775E-02 
2.27269E-06 1.05337E-04 6.04580E-03 7.48658E-04 9.92278E-04 6.62251E-02 2.49942E-01 6.99443E-03 1.05337E-04 2.27269E-06 5.80974E-02 
2.27269E-06 1.17565E-04 5.88770E-03 7.10152E-04 9.32957E-04 6.18763E-02 2.35968E-01 6.66168E-03 1.17565E-04 2.27269E-06 5.14283E-02 
2.27269E-06 1.27140E-04 5.72370E-03 6.71993E-04 8.75359E-04 5.77155E-02 2.22431E-01 6.33298E-03 1.27140E-04 2.27269E-06 4.53775E-02 
2.27269E-06 1.34238E-04 5.55446E-03 6.34299E-04 8.19566E-04 5.37446E-02 2.09348E-01 6.00931E-03 1.34238E-04 2.27269E-06 3.99158E-02 
2.27269E-06 1.39056E-04 5.38074E-03 5.97202E-04 7.65661E-04 4.99647E-02 1.96737E-01 5.69162E-03 1.39056E-04 2.27269E-06 3.50106E-02 
1.18991E-05 1.41822E-04 5.20513E-03 5.61258E-04 7.14317E-04 4.64131E-02 1.84734E-01 5.38402E-03 1.41822E-04 1.18991E-05 3.05768E-02 
2.39126E-05 1.42737E-04 5.02573E-03 5.25949E-04 6.64712E-04 4.30322E-02 1.73160E-01 5.08254E-03 1.42737E-04 2.39126E-05 2.66098E-02 
3.35793E-05 1.42007E-04 4.84288E-03 4.91337E-04 6.16835E-04 3.98147E-02 1.62004E-01 4.78731E-03 1.42007E-04 3.35793E-05 2.30873E-02 
4.11262E-05 1.39848E-04 4.65739E-03 4.57592E-04 5.70825E-04 3.67624E-02 1.51280E-01 4.49930E-03 1.39848E-04 4.11262E-05 1.99764E-02 
4.67852E-05 1.36474E-04 4.47013E-03 4.24867E-04 5.26798E-04 3.38758E-02 1.41004E-01 4.21938E-03 1.36474E-04 4.67852E-05 1.72426E-02 
5.07867E-05 1.32097E-04 4.28193E-03 3.93302E-04 4.84852E-04 3.11542E-02 1.31184E-01 3.94832E-03 1.32097E-04 5.07867E-05 1.48517E-02 
5.33550E-05 1.26917E-04 4.09361E-03 3.63013E-04 4.45061E-04 2.85956E-02 1.21828E-01 3.68679E-03 1.26917E-04 5.33550E-05 1.27698E-02 
5.47043E-05 1.21122E-04 3.90598E-03 3.34099E-04 4.07473E-04 2.61973E-02 1.12937E-01 3.43532E-03 1.21122E-04 5.47043E-05 1.09645E-02 
5.50357E-05 1.14885E-04 3.71978E-03 3.06636E-04 3.72117E-04 2.39555E-02 1.04511E-01 3.19438E-03 1.14885E-04 5.50357E-05 9.40477E-03 
5.45352E-05 1.08362E-04 3.53572E-03 2.80679E-04 3.38998E-04 2.18656E-02 9.65471E-02 2.96429E-03 1.08362E-04 5.45352E-05 8.06199E-03 
5.33726E-05 1.01692E-04 3.35447E-03 2.56263E-04 3.08103E-04 1.99225E-02 8.90389E-02 2.74529E-03 1.01692E-04 5.33726E-05 6.90968E-03 
5.17010E-05 9.49990E-05 3.17664E-03 2.33405E-04 2.79399E-04 1.81206E-02 8.19782E-02 2.53750E-03 9.49990E-05 5.17010E-05 5.92376E-03 
4.96568E-05 8.83864E-05 3.00277E-03 2.12107E-04 2.52840E-04 1.64537E-02 7.53543E-02 2.34096E-03 8.83864E-05 4.96568E-05 5.08262E-03 
1.62377E-06 4.40472E-05 6.98175E-03 7.22433E-04 9.93424E-04 8.19957E-02 3.12393E-01 8.74854E-03 4.40472E-05 1.62377E-06 9.80419E-02 
1.62377E-06 4.40472E-05 6.85209E-03 6.91497E-04 9.42973E-04 7.74838E-02 2.97911E-01 8.40371E-03 4.40472E-05 1.62377E-06 8.90666E-02 
1.62377E-06 7.82737E-06 6.71882E-03 6.62518E-04 8.95712E-04 7.31699E-02 2.83907E-01 8.06620E-03 7.82737E-06 1.62377E-06 8.06769E-02 
1.62377E-06 2.47686E-05 6.58185E-03 6.35175E-04 8.51240E-04 6.90443E-02 2.70361E-01 7.73570E-03 2.47686E-05 1.62377E-06 7.28372E-02 
1.62377E-06 3.99657E-05 6.43887E-03 6.08073E-04 8.07884E-04 6.50482E-02 2.57096E-01 7.40727E-03 3.99657E-05 1.62377E-06 6.55385E-02 
1.62377E-06 5.33683E-05 6.29018E-03 5.81186E-04 7.65620E-04 6.11874E-02 2.44135E-01 7.08172E-03 5.33683E-05 1.62377E-06 5.87781E-02 
1.62377E-06 6.49642E-05 6.13614E-03 5.54508E-04 7.24432E-04 5.74663E-02 2.31502E-01 6.75982E-03 6.49642E-05 1.62377E-06 5.25469E-02 
1.62377E-06 7.27083E-05 6.01355E-03 5.34016E-04 6.93302E-04 5.46854E-02 2.21965E-01 6.51373E-03 7.27083E-05 1.62377E-06 4.80802E-02 
1.62377E-06 7.47733E-05 5.97718E-03 5.28051E-04 6.84323E-04 5.38887E-02 2.19216E-01 6.44233E-03 7.47733E-05 1.62377E-06 4.68314E-02 
1.62377E-06 8.34066E-05 5.80083E-03 4.99811E-04 6.42304E-04 5.01947E-02 2.06377E-01 6.10578E-03 8.34066E-05 1.62377E-06 4.12261E-02 
1.62377E-06 9.01176E-05 5.61996E-03 4.71926E-04 6.01590E-04 4.66725E-02 1.93980E-01 5.77608E-03 9.01176E-05 1.62377E-06 3.61727E-02 
1.62377E-06 9.50304E-05 5.43528E-03 4.44469E-04 5.62225E-04 4.33228E-02 1.82039E-01 5.45407E-03 9.50304E-05 1.62377E-06 3.16404E-02 
1.62377E-06 9.82901E-05 5.24751E-03 4.17525E-04 5.24258E-04 4.01455E-02 1.70566E-01 5.14050E-03 9.82901E-05 1.62377E-06 2.75961E-02 
8.48704E-06 1.00058E-04 5.05938E-03 3.91482E-04 4.88148E-04 3.71709E-02 1.59683E-01 4.83923E-03 1.00058E-04 8.48704E-06 2.39682E-02 
1.70099E-05 1.00491E-04 4.86878E-03 3.65970E-04 4.53321E-04 3.43494E-02 1.49226E-01 4.54618E-03 1.00491E-04 1.70099E-05 2.07433E-02 
2.38174E-05 9.97453E-05 4.67603E-03 3.41030E-04 4.19766E-04 3.16741E-02 1.39180E-01 4.26133E-03 9.97453E-05 2.38174E-05 1.78978E-02 
2.90809E-05 9.79806E-05 4.48194E-03 3.16780E-04 3.87578E-04 2.91457E-02 1.29558E-01 3.98546E-03 9.79806E-05 2.90809E-05 1.54004E-02 
3.29751E-05 9.53568E-05 4.28734E-03 2.93329E-04 3.56837E-04 2.67635E-02 1.20370E-01 3.71926E-03 9.53568E-05 3.29751E-05 1.32196E-02 
3.56731E-05 9.20296E-05 4.09304E-03 2.70772E-04 3.27608E-04 2.45261E-02 1.11622E-01 3.46328E-03 9.20296E-05 3.56731E-05 1.13241E-02 
3.73431E-05 8.81473E-05 3.89983E-03 2.49190E-04 2.99939E-04 2.24309E-02 1.03317E-01 3.21800E-03 8.81473E-05 3.73431E-05 9.68396E-03 
3.81451E-05 8.38484E-05 3.70847E-03 2.28648E-04 2.73863E-04 2.04747E-02 9.54549E-02 2.98376E-03 8.38484E-05 3.81451E-05 8.27040E-03 
3.82290E-05 7.92600E-05 3.51964E-03 2.09197E-04 2.49395E-04 1.86534E-02 8.80322E-02 2.76081E-03 7.92600E-05 3.82290E-05 7.05669E-03 
3.77331E-05 7.44963E-05 3.33402E-03 1.90873E-04 2.26535E-04 1.69624E-02 8.10430E-02 2.54930E-03 7.44963E-05 3.77331E-05 6.01817E-03 
3.67831E-05 6.96591E-05 3.15220E-03 1.73696E-04 2.05271E-04 1.53966E-02 7.44792E-02 2.34928E-03 6.96591E-05 3.67831E-05 5.13244E-03 
3.54925E-05 6.48372E-05 2.97472E-03 1.57675E-04 1.85576E-04 1.39504E-02 6.83304E-02 2.16071E-03 6.48372E-05 3.54925E-05 4.37933E-03 
3.39617E-05 6.01068E-05 2.80207E-03 1.42807E-04 1.67415E-04 1.26182E-02 6.25847E-02 1.98348E-03 6.01068E-05 3.39617E-05 3.74093E-03 
1.14044E-06 3.04758E-05 7.04464E-03 5.08502E-04 6.80731E-04 6.68748E-02 2.75739E-01 8.15887E-03 3.04758E-05 1.14044E-06 8.10181E-02 
1.14044E-06 3.04758E-05 6.89090E-03 4.85049E-04 6.44475E-04 6.30290E-02 2.62328E-01 7.80273E-03 3.04758E-05 1.14044E-06 7.32351E-02 
1.14044E-06 5.38712E-06 6.73464E-03 4.63343E-04 6.10806E-04 5.93627E-02 2.49395E-01 7.45650E-03 5.38712E-06 1.14044E-06 6.60074E-02 
1.14044E-06 1.70931E-05 6.57578E-03 4.43083E-04 5.79367E-04 5.58669E-02 2.36921E-01 7.11976E-03 1.70931E-05 1.14044E-06 5.92979E-02 
1.14044E-06 2.76382E-05 6.41191E-03 4.23169E-04 5.48873E-04 5.24907E-02 2.24738E-01 6.78755E-03 2.76382E-05 1.14044E-06 5.30873E-02 
1.14044E-06 3.69623E-05 6.24342E-03 4.03553E-04 5.19274E-04 4.92387E-02 2.12869E-01 6.46060E-03 3.69623E-05 1.14044E-06 4.73681E-02 
1.14044E-06 4.50375E-05 6.07070E-03 3.84204E-04 4.90531E-04 4.61140E-02 2.01334E-01 6.13959E-03 4.50375E-05 1.14044E-06 4.21274E-02 
1.14044E-06 5.04278E-05 5.93446E-03 3.69409E-04 4.68866E-04 4.37853E-02 1.92647E-01 5.89572E-03 5.04278E-05 1.14044E-06 3.83905E-02 
1.14044E-06 5.18639E-05 5.89424E-03 3.65112E-04 4.62625E-04 4.31191E-02 1.90148E-01 5.82521E-03 5.18639E-05 1.14044E-06 3.73489E-02 
1.14044E-06 5.78551E-05 5.70034E-03 3.44823E-04 4.33464E-04 4.00370E-02 1.78495E-01 5.49434E-03 5.78551E-05 1.14044E-06 3.26914E-02 
1.14044E-06 6.24848E-05 5.50336E-03 3.24866E-04 4.05275E-04 3.71084E-02 1.67280E-01 5.17261E-03 6.24848E-05 1.14044E-06 2.85196E-02 
1.14044E-06 6.58370E-05 5.30399E-03 3.05282E-04 3.78072E-04 3.43330E-02 1.56513E-01 4.86065E-03 6.58370E-05 1.14044E-06 2.48024E-02 
1.14044E-06 6.80134E-05 5.10297E-03 2.86121E-04 3.51881E-04 3.17099E-02 1.46203E-01 4.55904E-03 6.80134E-05 1.14044E-06 2.15070E-02 
5.95068E-06 6.91246E-05 4.90313E-03 2.67646E-04 3.27007E-04 2.92630E-02 1.36457E-01 4.27131E-03 6.91246E-05 5.95068E-06 1.85736E-02 
1.18942E-05 6.92912E-05 4.70218E-03 2.49596E-04 3.03055E-04 2.69506E-02 1.27125E-01 3.99335E-03 6.92912E-05 1.18942E-05 1.59832E-02 
1.66050E-05 6.86268E-05 4.50038E-03 2.31997E-04 2.80017E-04 2.47661E-02 1.18190E-01 3.72503E-03 6.86268E-05 1.66050E-05 1.37120E-02 
2.02099E-05 6.72477E-05 4.29856E-03 2.14931E-04 2.57955E-04 2.27093E-02 1.09664E-01 3.46692E-03 6.72477E-05 2.02099E-05 1.17315E-02 
2.28375E-05 6.52700E-05 4.09753E-03 1.98470E-04 2.36922E-04 2.07789E-02 1.01552E-01 3.21952E-03 6.52700E-05 2.28375E-05 1.00130E-02 
2.46159E-05 6.28068E-05 3.89805E-03 1.82679E-04 2.16962E-04 1.89728E-02 9.38562E-02 2.98319E-03 6.28068E-05 2.46159E-05 8.52893E-03 
2.56687E-05 5.99659E-05 3.70087E-03 1.67612E-04 1.98105E-04 1.72883E-02 8.65777E-02 2.75822E-03 5.99659E-05 2.56687E-05 7.25282E-03 
2.61137E-05 5.68476E-05 3.50670E-03 1.53313E-04 1.80373E-04 1.57217E-02 7.97133E-02 2.54476E-03 5.68476E-05 2.61137E-05 6.15992E-03 
2.60610E-05 5.35436E-05 3.31619E-03 1.39815E-04 1.63774E-04 1.42691E-02 7.32573E-02 2.34290E-03 5.35436E-05 2.60610E-05 5.22740E-03 
2.56117E-05 5.01367E-05 3.12993E-03 1.27140E-04 1.48307E-04 1.29259E-02 6.72019E-02 2.15260E-03 5.01367E-05 2.56117E-05 4.43447E-03 
2.48583E-05 4.67003E-05 2.94845E-03 1.15300E-04 1.33961E-04 1.16873E-02 6.15372E-02 1.97378E-03 4.67003E-05 2.48583E-05 3.76248E-03 
2.38837E-05 4.32985E-05 2.77223E-03 1.04299E-04 1.20717E-04 1.05481E-02 5.62518E-02 1.80624E-03 4.32985E-05 2.38837E-05 3.19483E-03 
2.27617E-05 3.99866E-05 2.60168E-03 9.41339E-05 1.08550E-04 9.50313E-03 5.13324E-02 1.64975E-03 3.99866E-05 2.27617E-05 2.71691E-03 
7.85643E-07 2.04497E-05 7.07980E-03 3.50840E-04 4.57096E-04 5.35760E-02 2.40590E-01 7.44957E-03 2.04497E-05 7.85643E-07 6.62370E-02 
7.85643E-07 2.04497E-05 6.90267E-03 3.33292E-04 4.31398E-04 5.03594E-02 2.28326E-01 7.09394E-03 2.04497E-05 7.85643E-07 5.95678E-02 
7.85643E-07 3.58124E-06 6.72418E-03 3.17277E-04 4.07788E-04 4.73020E-02 2.16533E-01 6.75030E-03 3.58124E-06 7.85643E-07 5.34147E-02 
7.85643E-07 1.14163E-05 6.54424E-03 3.02519E-04 3.85951E-04 4.43955E-02 2.05190E-01 6.41807E-03 1.14163E-05 7.85643E-07 4.77406E-02 
7.85643E-07 1.85284E-05 6.36036E-03 2.88156E-04 3.64906E-04 4.15969E-02 1.94144E-01 6.09238E-03 1.85284E-05 7.85643E-07 4.25188E-02 
7.85643E-07 2.48513E-05 6.17295E-03 2.74126E-04 3.44588E-04 3.89095E-02 1.83413E-01 5.77387E-03 2.48513E-05 7.85643E-07 3.77385E-02 
7.85643E-07 3.03460E-05 5.98249E-03 2.60385E-04 3.24946E-04 3.63352E-02 1.73014E-01 5.46313E-03 3.03460E-05 7.85643E-07 3.33843E-02 
7.85643E-07 3.40191E-05 5.83334E-03 2.49933E-04 3.10189E-04 3.44220E-02 1.65204E-01 5.22837E-03 3.40191E-05 7.85643E-07 3.02961E-02 
7.85643E-07 3.49978E-05 5.78947E-03 2.46906E-04 3.05945E-04 3.38757E-02 1.62960E-01 5.16070E-03 3.49978E-05 7.85643E-07 2.94379E-02 
7.85643E-07 3.90777E-05 5.57913E-03 2.32652E-04 2.86151E-04 3.13529E-02 1.52520E-01 4.84449E-03 3.90777E-05 7.85643E-07 2.56158E-02 
7.85643E-07 4.22185E-05 5.36715E-03 2.18692E-04 2.67065E-04 2.89643E-02 1.42505E-01 4.53907E-03 4.22185E-05 7.85643E-07 2.22148E-02 
7.85643E-07 4.44733E-05 5.15425E-03 2.05042E-04 2.48686E-04 2.67088E-02 1.32923E-01 4.24490E-03 4.44733E-05 7.85643E-07 1.92046E-02 
7.85643E-07 4.59100E-05 4.94118E-03 1.91729E-04 2.31024E-04 2.45847E-02 1.23779E-01 3.96237E-03 4.59100E-05 7.85643E-07 1.65536E-02 
4.09238E-06 4.66017E-05 4.73084E-03 1.78923E-04 2.14272E-04 2.26106E-02 1.15165E-01 3.69460E-03 4.66017E-05 4.09238E-06 1.42120E-02 
8.15708E-06 4.66373E-05 4.52078E-03 1.66446E-04 1.98167E-04 2.07520E-02 1.06946E-01 3.43760E-03 4.66373E-05 8.15708E-06 1.21582E-02 
1.13525E-05 4.60977E-05 4.31122E-03 1.54312E-04 1.82700E-04 1.90028E-02 9.91055E-02 3.19110E-03 4.60977E-05 1.13525E-05 1.03692E-02 
1.37699E-05 4.50651E-05 4.10295E-03 1.42574E-04 1.67912E-04 1.73621E-02 9.16500E-02 2.95551E-03 4.50651E-05 1.37699E-05 8.81935E-03 
1.55023E-05 4.36220E-05 3.89677E-03 1.31280E-04 1.53837E-04 1.58282E-02 8.45828E-02 2.73111E-03 4.36220E-05 1.55023E-05 7.48329E-03 
1.66422E-05 4.18488E-05 3.69341E-03 1.20474E-04 1.40502E-04 1.43988E-02 7.79039E-02 2.51812E-03 4.18488E-05 1.66422E-05 6.33691E-03 
1.72790E-05 3.98223E-05 3.49356E-03 1.10190E-04 1.27929E-04 1.30709E-02 7.16109E-02 2.31663E-03 3.98223E-05 1.72790E-05 5.35751E-03 
1.74978E-05 3.76140E-05 3.29788E-03 1.00457E-04 1.16129E-04 1.18411E-02 6.56987E-02 2.12665E-03 3.76140E-05 1.74978E-05 4.52409E-03 
1.73782E-05 3.52893E-05 3.10694E-03 9.12959E-05 1.05110E-04 1.07054E-02 6.01601E-02 1.94810E-03 3.52893E-05 1.73782E-05 3.81751E-03 
1.69937E-05 3.29074E-05 2.92128E-03 8.27216E-05 9.48687E-05 9.65956E-03 5.49856E-02 1.78083E-03 3.29074E-05 1.69937E-05 3.22056E-03 
1.64110E-05 3.05208E-05 2.74136E-03 7.47416E-05 8.53988E-05 8.69927E-03 5.01645E-02 1.62460E-03 3.05208E-05 1.64110E-05 2.71798E-03 
1.56905E-05 2.81759E-05 2.56757E-03 6.73579E-05 7.66875E-05 7.81984E-03 4.56842E-02 1.47913E-03 2.81759E-05 1.56905E-05 2.29636E-03 
1.48863E-05 2.59127E-05 2.40025E-03 6.05675E-05 6.87179E-05 7.01657E-03 4.15313E-02 1.34408E-03 2.59127E-05 1.48863E-05 1.94401E-03 
5.29366E-07 1.32040E-05 7.07860E-03 2.36805E-04 3.00249E-04 4.20880E-02 2.07284E-01 6.64698E-03 1.32040E-05 5.29366E-07 5.35139E-02 
5.29366E-07 1.32040E-05 6.87906E-03 2.23845E-04 2.82270E-04 3.94521E-02 1.96220E-01 6.30323E-03 1.32040E-05 5.29366E-07 4.78719E-02 
5.29366E-07 2.27577E-06 6.67939E-03 2.12206E-04 2.65966E-04 3.69542E-02 1.85611E-01 5.97288E-03 2.27577E-06 5.29366E-07 4.27005E-02 
5.29366E-07 7.31239E-06 6.47951E-03 2.01642E-04 2.51065E-04 3.45869E-02 1.75437E-01 5.65526E-03 7.31239E-06 5.29366E-07 3.79635E-02 
5.29366E-07 1.19442E-05 6.27679E-03 1.91483E-04 2.36824E-04 3.23144E-02 1.65557E-01 5.34566E-03 1.19442E-05 5.29366E-07 3.36300E-02 
5.29366E-07 1.61025E-05 6.07172E-03 1.81660E-04 2.23170E-04 3.01389E-02 1.55987E-01 5.04463E-03 1.61025E-05 5.29366E-07 2.96867E-02 
5.29366E-07 1.97417E-05 5.86480E-03 1.72120E-04 2.10045E-04 2.80616E-02 1.46741E-01 4.75264E-03 1.97417E-05 5.29366E-07 2.61167E-02 
5.29366E-07 2.21848E-05 5.70378E-03 1.64910E-04 2.00225E-04 2.65221E-02 1.39815E-01 4.53318E-03 2.21848E-05 5.29366E-07 2.35987E-02 
5.29366E-07 2.28369E-05 5.65659E-03 1.62828E-04 1.97406E-04 2.60832E-02 1.37828E-01 4.47011E-03 2.28369E-05 5.29366E-07 2.29012E-02 
5.29366E-07 2.55578E-05 5.43129E-03 1.53059E-04 1.84290E-04 2.40610E-02 1.28603E-01 4.17648E-03 2.55578E-05 5.29366E-07 1.98068E-02 
5.29366E-07 2.76514E-05 5.20587E-03 1.43539E-04 1.71682E-04 2.21530E-02 1.19784E-01 3.89464E-03 2.76514E-05 5.29366E-07 1.70721E-02 
5.29366E-07 2.91472E-05 4.98104E-03 1.34267E-04 1.59570E-04 2.03580E-02 1.11375E-01 3.62487E-03 2.91472E-05 5.29366E-07 1.46680E-02 
5.29366E-07 3.00877E-05 4.75754E-03 1.25253E-04 1.47952E-04 1.86738E-02 1.03379E-01 3.36738E-03 3.00877E-05 5.29366E-07 1.25653E-02 
2.75263E-06 3.05189E-05 4.53834E-03 1.16606E-04 1.36950E-04 1.71145E-02 9.58734E-02 3.12485E-03 3.05189E-05 2.75263E-06 1.07225E-02 
5.47059E-06 3.05039E-05 4.32081E-03 1.08202E-04 1.26388E-04 1.56519E-02 8.87373E-02 2.89352E-03 3.05039E-05 5.47059E-06 9.11731E-03 
7.58809E-06 3.00981E-05 4.10514E-03 1.00049E-04 1.16258E-04 1.42807E-02 8.19547E-02 2.67299E-03 3.00981E-05 7.58809E-06 7.72843E-03 
9.16902E-06 2.93579E-05 3.89210E-03 9.21797E-05 1.06587E-04 1.29996E-02 7.55292E-02 2.46350E-03 2.93579E-05 9.16902E-06 6.53318E-03 
1.02790E-05 2.83405E-05 3.68244E-03 8.46258E-05 9.73943E-05 1.18066E-02 6.94612E-02 2.26520E-03 2.83405E-05 1.02790E-05 5.50968E-03 
1.09833E-05 2.71018E-05 3.47685E-03 7.74141E-05 8.86988E-05 1.06994E-02 6.37486E-02 2.07812E-03 2.71018E-05 1.09833E-05 4.63727E-03 
1.13455E-05 2.56954E-05 3.27596E-03 7.05676E-05 8.05134E-05 9.67503E-03 5.83871E-02 1.90222E-03 2.56954E-05 1.13455E-05 3.89682E-03 
1.14260E-05 2.41714E-05 3.08035E-03 6.41047E-05 7.28466E-05 8.73021E-03 5.33700E-02 1.73738E-03 2.41714E-05 1.14260E-05 3.27083E-03 
1.12815E-05 2.25761E-05 2.89055E-03 5.80392E-05 6.57023E-05 7.86138E-03 4.86886E-02 1.58340E-03 2.25761E-05 1.12815E-05 2.74357E-03 
1.09645E-05 2.09512E-05 2.70700E-03 5.23805E-05 5.90804E-05 7.06476E-03 4.43328E-02 1.44002E-03 2.09512E-05 1.09645E-05 2.30108E-03 
1.05232E-05 1.93345E-05 2.53007E-03 4.71341E-05 5.29771E-05 6.33641E-03 4.02910E-02 1.30692E-03 1.93345E-05 1.05232E-05 1.93112E-03 
1.00014E-05 1.77594E-05 2.36009E-03 4.23022E-05 4.73853E-05 5.67231E-03 3.65506E-02 1.18373E-03 1.77594E-05 1.00014E-05 1.62303E-03 
9.43860E-06 1.62554E-05 2.19729E-03 3.78836E-05 4.22954E-05 5.06839E-03 3.30980E-02 1.07006E-03 1.62554E-05 9.43860E-06 1.36768E-03 
3.47342E-07 8.09732E-06 7.03299E-03 1.55888E-04 1.92382E-04 3.23372E-02 1.76061E-01 5.78177E-03 8.09732E-06 3.47342E-07 4.26476E-02 
3.47342E-07 8.09732E-06 6.81234E-03 1.46441E-04 1.79960E-04 3.02257E-02 1.66226E-01 5.46014E-03 8.09732E-06 3.47342E-07 3.79423E-02 
3.47342E-07 1.35729E-06 6.59290E-03 1.38115E-04 1.68875E-04 2.82310E-02 1.56823E-01 5.15263E-03 1.35729E-06 3.47342E-07 3.36583E-02 
3.47342E-07 4.42206E-06 6.37458E-03 1.30691E-04 1.58893E-04 2.63464E-02 1.47832E-01 4.85851E-03 4.42206E-06 3.47342E-07 2.97606E-02 
3.47342E-07 7.30418E-06 6.15459E-03 1.23656E-04 1.49457E-04 2.45430E-02 1.39126E-01 4.57333E-03 7.30418E-06 3.47342E-07 2.62167E-02 
3.47342E-07 9.93555E-06 5.93348E-03 1.16939E-04 1.40491E-04 2.28220E-02 1.30720E-01 4.29755E-03 9.93555E-06 3.47342E-07 2.30119E-02 
3.47342E-07 1.22678E-05 5.71181E-03 1.10483E-04 1.31937E-04 2.11841E-02 1.22622E-01 4.03148E-03 1.22678E-05 3.47342E-07 2.01287E-02 
3.47342E-07 1.38469E-05 5.54028E-03 1.05641E-04 1.25572E-04 1.99738E-02 1.16574E-01 3.83248E-03 1.38469E-05 3.47342E-07 1.81065E-02 
3.47342E-07 1.42700E-05 5.49016E-03 1.04249E-04 1.23750E-04 1.96293E-02 1.14842E-01 3.77544E-03 1.42700E-05 3.47342E-07 1.75481E-02 
3.47342E-07 1.60420E-05 5.25184E-03 9.77413E-05 1.15294E-04 1.80456E-02 1.06815E-01 3.51086E-03 1.60420E-05 3.47342E-07 1.50814E-02 
3.47342E-07 1.74111E-05 5.01496E-03 9.14362E-05 1.07196E-04 1.65568E-02 9.91679E-02 3.25840E-03 1.74111E-05 3.47342E-07 1.29166E-02 
3.47342E-07 1.83901E-05 4.78021E-03 8.53235E-05 9.94400E-05 1.51615E-02 9.19026E-02 3.01820E-03 1.83901E-05 3.47342E-07 1.10268E-02 
3.47342E-07 1.90030E-05 4.54832E-03 7.94023E-05 9.20159E-05 1.38572E-02 8.50186E-02 2.79029E-03 1.90030E-05 3.47342E-07 9.38553E-03 
1.80277E-06 1.92767E-05 4.32230E-03 7.37372E-05 8.49955E-05 1.26543E-02 7.85811E-02 2.57691E-03 1.92767E-05 1.80277E-06 7.95859E-03 
3.57125E-06 1.92539E-05 4.09934E-03 6.82452E-05 7.82651E-05 1.15304E-02 7.24829E-02 2.37458E-03 1.92539E-05 3.57125E-06 6.72441E-03 
4.93456E-06 1.89707E-05 3.87961E-03 6.29289E-05 7.18182E-05 1.04809E-02 6.67085E-02 2.18284E-03 1.89707E-05 4.93456E-06 5.66390E-03 
5.93600E-06 1.84645E-05 3.66382E-03 5.78081E-05 6.56691E-05 9.50428E-03 6.12590E-02 2.00179E-03 1.84645E-05 5.93600E-06 4.75748E-03 
6.62053E-06 1.77738E-05 3.45268E-03 5.29016E-05 5.98308E-05 8.59857E-03 5.61327E-02 1.83143E-03 1.77738E-05 6.62053E-06 3.98658E-03 
7.03322E-06 1.69366E-05 3.24682E-03 4.82263E-05 5.43144E-05 7.76143E-03 5.13259E-02 1.67167E-03 1.69366E-05 7.03322E-06 3.33391E-03 
7.21813E-06 1.59895E-05 3.04680E-03 4.37967E-05 4.91286E-05 6.99018E-03 4.68325E-02 1.52235E-03 1.59895E-05 7.21813E-06 2.78365E-03 
7.21748E-06 1.49672E-05 2.85314E-03 3.96250E-05 4.42793E-05 6.28186E-03 4.26449E-02 1.38327E-03 1.49672E-05 7.21748E-06 2.32155E-03 
7.07117E-06 1.39018E-05 2.66625E-03 3.57203E-05 3.97701E-05 5.63334E-03 3.87537E-02 1.25412E-03 1.39018E-05 7.07117E-06 1.93494E-03 
6.81644E-06 1.28231E-05 2.48651E-03 3.20896E-05 3.56021E-05 5.04132E-03 3.51482E-02 1.13459E-03 1.28231E-05 6.81644E-06 1.61272E-03 
6.48784E-06 1.17580E-05 2.31421E-03 2.87377E-05 3.17744E-05 4.50244E-03 3.18168E-02 1.02430E-03 1.17580E-05 6.48784E-06 1.34530E-03 
6.11721E-06 1.07311E-05 2.14956E-03 2.56671E-05 2.82846E-05 4.01329E-03 2.87469E-02 9.22836E-04 1.07311E-05 6.11721E-06 1.12442E-03 
5.73367E-06 9.76446E-06 1.99272E-03 2.28793E-05 2.51289E-05 3.57050E-03 2.59256E-02 8.29782E-04 9.76446E-06 5.73367E-06 9.43087E-04 
2.21790E-07 4.64305E-06 6.93666E-03 1.00231E-04 1.20482E-04 2.43015E-02 1.47426E-01 4.89779E-03 4.64305E-06 2.21790E-07 3.35440E-02 
2.21790E-07 4.64305E-06 6.69688E-03 9.34131E-05 1.11965E-04 2.26483E-02 1.38813E-01 4.60650E-03 4.64305E-06 2.21790E-07 2.96745E-02 
2.21790E-07 7.39160E-07 6.45971E-03 8.75303E-05 1.04511E-04 2.10915E-02 1.30604E-01 4.32934E-03 7.39160E-07 2.21790E-07 2.61751E-02 
2.21790E-07 2.47180E-06 6.22505E-03 8.23935E-05 9.79203E-05 1.96253E-02 1.22778E-01 4.06555E-03 2.47180E-06 2.21790E-07 2.30131E-02 
2.21790E-07 4.16706E-06 5.98997E-03 7.76114E-05 9.17767E-05 1.82267E-02 1.15223E-01 3.81107E-03 4.16706E-06 2.21790E-07 2.01561E-02 
2.21790E-07 5.76014E-06 5.75506E-03 7.31157E-05 8.60094E-05 1.68964E-02 1.07950E-01 3.56622E-03 5.76014E-06 2.21790E-07 1.75888E-02 
2.21790E-07 7.20288E-06 5.52092E-03 6.88518E-05 8.05612E-05 1.56345E-02 1.00966E-01 3.33122E-03 7.20288E-06 2.21790E-07 1.52940E-02 
2.21790E-07 8.19443E-06 5.34064E-03 6.56846E-05 7.65359E-05 1.47049E-02 9.57651E-02 3.15625E-03 8.19443E-06 2.21790E-07 1.36938E-02 
2.21790E-07 8.46199E-06 5.28813E-03 6.47777E-05 7.53875E-05 1.44407E-02 9.42778E-02 3.10624E-03 8.46199E-06 2.21790E-07 1.32534E-02 
2.21790E-07 9.59102E-06 5.03932E-03 6.05629E-05 7.00778E-05 1.32289E-02 8.74004E-02 2.87502E-03 9.59102E-06 2.21790E-07 1.13162E-02 
2.21790E-07 1.04727E-05 4.79351E-03 5.65077E-05 6.50178E-05 1.20942E-02 8.08719E-02 2.65564E-03 1.04727E-05 2.21790E-07 9.62825E-03 
2.21790E-07 1.11086E-05 4.55139E-03 5.25970E-05 6.01877E-05 1.10346E-02 7.46920E-02 2.44810E-03 1.11086E-05 2.21790E-07 8.16532E-03 
2.21790E-07 1.15098E-05 4.31363E-03 4.88236E-05 5.55754E-05 1.00481E-02 6.88581E-02 2.25232E-03 1.15098E-05 2.21790E-07 6.90397E-03 
1.14871E-06 1.16911E-05 4.08325E-03 4.52241E-05 5.12211E-05 9.14189E-03 6.34231E-02 2.07008E-03 1.16911E-05 1.14871E-06 5.81616E-03 
2.26689E-06 1.16791E-05 3.85732E-03 4.17427E-05 4.70513E-05 8.29851E-03 5.82941E-02 1.89827E-03 1.16791E-05 2.26689E-06 4.88210E-03 
3.11748E-06 1.14961E-05 3.63592E-03 3.83785E-05 4.30601E-05 7.51411E-03 5.34562E-02 1.73638E-03 1.14961E-05 3.11748E-06 4.08509E-03 
3.72885E-06 1.11660E-05 3.41974E-03 3.51427E-05 3.92551E-05 6.78718E-03 4.89083E-02 1.58440E-03 1.11660E-05 3.72885E-06 3.40863E-03 
4.13095E-06 1.07140E-05 3.20941E-03 3.20461E-05 3.56440E-05 6.11585E-03 4.46472E-02 1.44223E-03 1.07140E-05 4.13095E-06 2.83727E-03 
4.35421E-06 1.01653E-05 3.00548E-03 2.90990E-05 3.22337E-05 5.49797E-03 4.06679E-02 1.30969E-03 1.01653E-05 4.35421E-06 2.35682E-03 
4.42866E-06 9.54462E-06 2.80846E-03 2.63109E-05 2.90302E-05 4.93118E-03 3.69634E-02 1.18654E-03 9.54462E-06 4.42866E-06 1.95449E-03 
4.38345E-06 8.87572E-06 2.61875E-03 2.36898E-05 2.60381E-05 4.41292E-03 3.35254E-02 1.07251E-03 8.87572E-06 4.38345E-06 1.61888E-03 
4.24643E-06 8.18109E-06 2.43670E-03 2.12423E-05 2.32611E-05 3.94051E-03 3.03443E-02 9.67254E-04 8.18109E-06 4.24643E-06 1.34001E-03 
4.04405E-06 7.48186E-06 2.26257E-03 1.89743E-05 2.07016E-05 3.51119E-03 2.74095E-02 8.70413E-04 7.48186E-06 4.04405E-06 1.10926E-03 
3.80123E-06 6.79783E-06 2.09656E-03 1.68903E-05 1.83611E-05 3.12219E-03 2.47096E-02 7.81593E-04 6.79783E-06 3.80123E-06 9.19261E-04 
3.54145E-06 6.14749E-06 1.93880E-03 1.49944E-05 1.62409E-05 2.77071E-03 2.22326E-02 7.00380E-04 6.14749E-06 3.54145E-06 7.63781E-04 
3.28662E-06 5.54803E-06 1.78933E-03 1.32897E-05 1.43414E-05 2.45403E-03 1.99662E-02 6.26348E-04 5.54803E-06 3.28662E-06 6.37583E-04 
1.36139E-07 2.37281E-06 6.78237E-03 6.24078E-05 7.31242E-05 1.77438E-02 1.21194E-01 4.02008E-03 2.37281E-06 1.36139E-07 2.59079E-02 
1.36139E-07 2.37281E-06 6.52571E-03 5.75561E-05 6.73501E-05 1.64861E-02 1.13789E-01 3.76545E-03 2.37281E-06 1.36139E-07 2.27831E-02 
1.36139E-07 3.37191E-07 6.27314E-03 5.34691E-05 6.24118E-05 1.53057E-02 1.06753E-01 3.52433E-03 3.37191E-07 1.36139E-07 1.99770E-02 
1.36139E-07 1.19688E-06 6.02456E-03 4.99867E-05 5.81436E-05 1.41976E-02 1.00066E-01 3.29594E-03 1.19688E-06 1.36139E-07 1.74593E-02 
1.36139E-07 2.10747E-06 5.77688E-03 4.68151E-05 5.42371E-05 1.31442E-02 9.36316E-02 3.07669E-03 2.10747E-06 1.36139E-07 1.51993E-02 
1.36139E-07 3.00960E-06 5.53072E-03 4.38913E-05 5.06282E-05 1.21456E-02 8.74570E-02 2.86678E-03 3.00960E-06 1.36139E-07 1.31819E-02 
1.36139E-07 3.85777E-06 5.28670E-03 4.11646E-05 4.72643E-05 1.12016E-02 8.15473E-02 2.66633E-03 3.85777E-06 1.36139E-07 1.13908E-02 
1.36139E-07 4.45567E-06 5.09973E-03 3.91646E-05 4.48030E-05 1.05082E-02 7.71587E-02 2.51776E-03 4.45567E-06 1.36139E-07 1.01494E-02 
1.36139E-07 4.61897E-06 5.04542E-03 3.85954E-05 4.41041E-05 1.03116E-02 7.59061E-02 2.47540E-03 4.61897E-06 1.36139E-07 9.80896E-03 
1.36139E-07 5.31717E-06 4.78899E-03 3.59676E-05 4.08884E-05 9.41159E-03 7.01261E-02 2.28022E-03 5.31717E-06 1.36139E-07 8.31791E-03 
1.36139E-07 5.87324E-06 4.53714E-03 3.34618E-05 3.78436E-05 8.57208E-03 6.46599E-02 2.09607E-03 5.87324E-06 1.36139E-07 7.02839E-03 
1.36139E-07 6.28187E-06 4.29051E-03 3.10607E-05 3.49495E-05 7.79132E-03 5.95052E-02 1.92284E-03 6.28187E-06 1.36139E-07 5.91919E-03 
1.36139E-07 6.54565E-06 4.04973E-03 2.87542E-05 3.21933E-05 7.06732E-03 5.46578E-02 1.76035E-03 6.54565E-06 1.36139E-07 4.97001E-03 
7.03196E-07 6.67187E-06 3.81777E-03 2.65614E-05 2.95961E-05 6.40498E-03 5.01598E-02 1.60997E-03 6.67187E-06 7.03196E-07 4.15822E-03 
1.38060E-06 6.67492E-06 3.59159E-03 2.44445E-05 2.71104E-05 5.79112E-03 4.59317E-02 1.46899E-03 6.67492E-06 1.38060E-06 3.46639E-03 
1.88615E-06 6.56756E-06 3.37121E-03 2.24008E-05 2.47308E-05 5.22257E-03 4.19596E-02 1.33692E-03 6.56756E-06 1.88615E-06 2.88034E-03 
2.23758E-06 6.36429E-06 3.15724E-03 2.04359E-05 2.24610E-05 4.69793E-03 3.82409E-02 1.21366E-03 6.36429E-06 2.23758E-06 2.38649E-03 
2.45414E-06 6.08090E-06 2.95024E-03 1.85557E-05 2.03052E-05 4.21552E-03 3.47713E-02 1.09901E-03 6.08090E-06 2.45414E-06 1.97230E-03 
2.55579E-06 5.73376E-06 2.75068E-03 1.67664E-05 1.82680E-05 3.77348E-03 3.15448E-02 9.92757E-04 5.73376E-06 2.55579E-06 1.62643E-03 
2.56262E-06 5.33932E-06 2.55897E-03 1.50742E-05 1.63538E-05 3.36981E-03 2.85541E-02 8.94621E-04 5.33932E-06 2.56262E-06 1.33876E-03 
2.49447E-06 4.91377E-06 2.37542E-03 1.34848E-05 1.45666E-05 3.00238E-03 2.57907E-02 8.04286E-04 4.91377E-06 2.49447E-06 1.10044E-03 
2.37075E-06 4.47292E-06 2.20026E-03 1.20036E-05 1.29103E-05 2.66901E-03 2.32452E-02 7.21406E-04 4.47292E-06 2.37075E-06 9.03814E-04 
2.21027E-06 4.03209E-06 2.03368E-03 1.06358E-05 1.13885E-05 2.36746E-03 2.09072E-02 6.45610E-04 4.03209E-06 2.21027E-06 7.42355E-04 
2.03131E-06 3.60617E-06 1.87575E-03 9.38654E-06 1.00048E-05 2.09553E-03 1.87662E-02 5.76515E-04 3.60617E-06 2.03131E-06 6.10588E-04 
1.85149E-06 3.20960E-06 1.72651E-03 8.26075E-06 8.76289E-06 1.85102E-03 1.68110E-02 5.13725E-04 3.20960E-06 1.85149E-06 5.03945E-04 
1.68779E-06 2.85630E-06 1.58593E-03 7.26346E-06 7.66637E-06 1.63179E-03 1.50304E-02 4.56842E-04 2.85630E-06 1.68779E-06 4.18644E-04 
7.97998E-08 9.74877E-07 6.56579E-03 3.76240E-05 4.30388E-05 1.25654E-02 9.76997E-02 3.18911E-03 9.74877E-07 7.97998E-08 1.96344E-02 
7.97998E-08 9.74877E-07 6.29524E-03 3.42129E-05 3.91541E-05 1.16375E-02 9.14562E-02 2.97470E-03 9.74877E-07 7.97998E-08 1.71588E-02 
7.97998E-08 9.48106E-08 6.03033E-03 3.14145E-05 3.59191E-05 1.07695E-02 8.55426E-02 2.77263E-03 9.48106E-08 7.97998E-08 1.49516E-02 
7.97998E-08 4.20152E-07 5.77092E-03 2.90962E-05 3.31979E-05 9.95758E-03 7.99414E-02 2.58213E-03 4.20152E-07 7.97998E-08 1.29858E-02 
7.97998E-08 8.41995E-07 5.51377E-03 2.70403E-05 3.07653E-05 9.18832E-03 7.45691E-02 2.40014E-03 8.41995E-07 7.97998E-08 1.12332E-02 
7.97998E-08 1.30782E-06 5.25954E-03 2.51913E-05 2.85650E-05 8.46165E-03 6.94311E-02 2.22675E-03 1.30782E-06 7.97998E-08 9.67951E-03 
7.97998E-08 1.77660E-06 5.00883E-03 2.35041E-05 2.65507E-05 7.77716E-03 6.45303E-02 2.06199E-03 1.77660E-06 7.97998E-08 8.30975E-03 
7.97998E-08 2.12149E-06 4.81764E-03 2.22869E-05 2.50964E-05 7.27608E-03 6.09021E-02 1.94042E-03 2.12149E-06 7.97998E-08 7.36640E-03 
7.97998E-08 2.21757E-06 4.76224E-03 2.19433E-05 2.46860E-05 7.13421E-03 5.98683E-02 1.90584E-03 2.21757E-06 7.97998E-08 7.10862E-03 
7.97998E-08 2.63711E-06 4.50161E-03 2.03706E-05 2.28105E-05 6.48653E-03 5.51093E-02 1.74706E-03 2.63711E-06 7.97998E-08 5.98486E-03 
7.97998E-08 2.98188E-06 4.24710E-03 1.88883E-05 2.10496E-05 5.88482E-03 5.06261E-02 1.59809E-03 2.98188E-06 7.97998E-08 5.02055E-03 
7.97998E-08 3.24298E-06 3.99929E-03 1.74792E-05 1.93848E-05 5.32753E-03 4.64151E-02 1.45872E-03 3.24298E-06 7.97998E-08 4.19755E-03 
7.97998E-08 3.41798E-06 3.75873E-03 1.61323E-05 1.78037E-05 4.81293E-03 4.24712E-02 1.32874E-03 3.41798E-06 7.97998E-08 3.49877E-03 
4.10523E-07 3.51012E-06 3.52833E-03 1.48569E-05 1.63168E-05 4.34418E-03 3.88266E-02 1.20912E-03 3.51012E-06 4.10523E-07 2.90624E-03 
7.99644E-07 3.52503E-06 3.30494E-03 1.36268E-05 1.48929E-05 3.91159E-03 3.54148E-02 1.09763E-03 3.52503E-06 7.99644E-07 2.40515E-03 
1.08103E-06 3.46900E-06 3.08850E-03 1.24383E-05 1.35270E-05 3.51269E-03 3.22230E-02 9.93775E-04 3.46900E-06 1.08103E-06 1.98383E-03 
1.26519E-06 3.35031E-06 2.87956E-03 1.12937E-05 1.22205E-05 3.14621E-03 2.92476E-02 8.97402E-04 3.35031E-06 1.26519E-06 1.63138E-03 
1.36408E-06 3.17859E-06 2.67858E-03 1.01961E-05 1.09760E-05 2.81076E-03 2.64835E-02 8.08293E-04 3.17859E-06 1.36408E-06 1.33787E-03 
1.39048E-06 2.96427E-06 2.48593E-03 9.14932E-06 9.79664E-06 2.50480E-03 2.39246E-02 7.26193E-04 2.96427E-06 1.39048E-06 1.09447E-03 
1.35769E-06 2.71826E-06 2.30191E-03 8.15768E-06 8.68591E-06 2.22670E-03 2.15633E-02 6.50815E-04 2.71826E-06 1.35769E-06 8.93396E-04 
1.27922E-06 2.45176E-06 2.12674E-03 7.22563E-06 7.64772E-06 1.97477E-03 1.93915E-02 5.81845E-04 2.45176E-06 1.27922E-06 7.27953E-04 
1.16870E-06 2.17612E-06 1.96054E-03 6.35795E-06 6.68629E-06 1.74728E-03 1.74001E-02 5.18950E-04 2.17612E-06 1.16870E-06 5.92437E-04 
1.03982E-06 1.90285E-06 1.80339E-03 5.55976E-06 5.80618E-06 1.54253E-03 1.55798E-02 4.61782E-04 1.90285E-06 1.03982E-06 4.82076E-04 
9.06329E-07 1.64362E-06 1.65526E-03 4.83660E-06 5.01241E-06 1.35879E-03 1.39207E-02 4.09990E-04 1.64362E-06 9.06329E-07 3.92930E-04 
7.81980E-07 1.41022E-06 1.51610E-03 4.19444E-06 4.31041E-06 1.19442E-03 1.24129E-02 3.63220E-04 1.41022E-06 7.81980E-07 3.21776E-04 
6.80439E-07 1.21450E-06 1.38576E-03 3.63958E-06 3.70599E-06 1.04779E-03 1.10464E-02 3.21119E-04 1.21450E-06 6.80439E-07 2.65989E-04 
4.39581E-08 1.82913E-07 6.28343E-03 2.18868E-05 2.45075E-05 8.59044E-03 7.70068E-02 2.43415E-03 1.82913E-07 4.39581E-08 1.45572E-02 
4.39581E-08 1.82913E-07 6.00263E-03 1.95200E-05 2.19141E-05 7.92930E-03 7.18583E-02 2.26087E-03 1.82913E-07 4.39581E-08 1.26383E-02 
4.39581E-08 -3.66849E-08 5.72904E-03 1.76329E-05 1.98176E-05 7.31310E-03 6.69984E-02 2.09834E-03 -3.66849E-08 4.39581E-08 1.09402E-02 
4.39581E-08 -1.03702E-08 5.46245E-03 1.61183E-05 1.81090E-05 6.73880E-03 6.24112E-02 1.94584E-03 -1.03702E-08 4.39581E-08 9.43935E-03 
4.39581E-08 1.28233E-07 5.19952E-03 1.48174E-05 1.66259E-05 6.19662E-03 5.80264E-02 1.80085E-03 1.28233E-07 4.39581E-08 8.11078E-03 
4.39581E-08 3.34300E-07 4.94090E-03 1.36832E-05 1.53208E-05 5.68634E-03 5.38475E-02 1.66339E-03 3.34300E-07 4.39581E-08 6.94157E-03 
4.39581E-08 5.72335E-07 4.68716E-03 1.26772E-05 1.41546E-05 5.20748E-03 4.98759E-02 1.53341E-03 5.72335E-07 4.39581E-08 5.91835E-03 
4.39581E-08 7.60960E-07 4.49456E-03 1.19674E-05 1.33276E-05 4.85811E-03 4.69451E-02 1.43794E-03 7.60960E-07 4.39581E-08 5.21834E-03 
4.39581E-08 8.15195E-07 4.43890E-03 1.17692E-05 1.30963E-05 4.75939E-03 4.61116E-02 1.41085E-03 8.15195E-07 4.39581E-08 5.02778E-03 
4.39581E-08 1.05978E-06 4.17793E-03 1.08727E-05 1.20486E-05 4.30982E-03 4.22837E-02 1.28688E-03 1.05978E-06 4.39581E-08 4.20108E-03 
4.39581E-08 1.27008E-06 3.92453E-03 1.00407E-05 1.10758E-05 3.89394E-03 3.86925E-02 1.17121E-03 1.27008E-06 4.39581E-08 3.49745E-03 
4.39581E-08 1.43595E-06 3.67920E-03 9.25777E-06 1.01618E-05 3.51043E-03 3.53333E-02 1.06361E-03 1.43595E-06 4.39581E-08 2.90184E-03 
4.39581E-08 1.55249E-06 3.44243E-03 8.51340E-06 9.29561E-06 3.15785E-03 3.22005E-02 9.63823E-04 1.55249E-06 4.39581E-08 2.40023E-03 
2.24499E-07 1.62123E-06 3.21695E-03 7.81203E-06 8.48265E-06 2.83812E-03 2.93179E-02 8.72525E-04 1.62123E-06 2.24499E-07 1.97861E-03 
4.31014E-07 1.64174E-06 2.99958E-03 7.13455E-06 7.70141E-06 2.54439E-03 2.66312E-02 7.87910E-04 1.64174E-06 4.31014E-07 1.62488E-03 
5.71248E-07 1.61622E-06 2.79018E-03 6.47704E-06 6.94741E-06 2.27475E-03 2.41287E-02 7.09549E-04 1.61622E-06 5.71248E-07 1.32970E-03 
6.51042E-07 1.54908E-06 2.58920E-03 5.84005E-06 6.22109E-06 2.02820E-03 2.18064E-02 6.37255E-04 1.54908E-06 6.51042E-07 1.08458E-03 
6.77557E-07 1.44603E-06 2.39700E-03 5.22525E-06 5.52405E-06 1.80358E-03 1.96590E-02 5.70804E-04 1.44603E-06 6.77557E-07 8.81880E-04 
6.58893E-07 1.31372E-06 2.21385E-03 4.63515E-06 4.85876E-06 1.59969E-03 1.76801E-02 5.09946E-04 1.31372E-06 6.58893E-07 7.14915E-04 
6.03838E-07 1.15950E-06 2.03992E-03 4.07300E-06 4.22846E-06 1.41527E-03 1.58628E-02 4.54407E-04 1.15950E-06 6.03838E-07 5.77893E-04 
5.21735E-07 9.91344E-07 1.87533E-03 3.54267E-06 3.63704E-06 1.24904E-03 1.41993E-02 4.03898E-04 9.91344E-07 5.21735E-07 4.65902E-04 
4.22424E-07 8.17753E-07 1.72010E-03 3.04868E-06 3.08904E-06 1.09970E-03 1.26814E-02 3.58122E-04 8.17753E-07 4.22424E-07 3.74845E-04 
3.16226E-07 6.47794E-07 1.57418E-03 2.59626E-06 2.58974E-06 9.65965E-04 1.13008E-02 3.16775E-04 6.47794E-07 3.16226E-07 3.01362E-04 
2.13944E-07 4.91089E-07 1.43746E-03 2.19135E-06 2.14509E-06 8.46589E-04 1.00488E-02 2.79553E-04 4.91089E-07 2.13944E-07 2.42743E-04 
1.26803E-07 3.57768E-07 1.30979E-03 1.84062E-06 1.76176E-06 7.40358E-04 8.91671E-03 2.46157E-04 3.57768E-07 1.26803E-07 1.96820E-04 
6.63262E-08 2.58340E-07 1.19093E-03 1.55132E-06 1.44696E-06 6.46112E-04 7.89601E-03 2.16296E-04 2.58340E-07 6.63262E-08 1.61867E-04 
2.20673E-08 -2.06524E-07 5.93344E-03 1.22443E-05 1.34882E-05 5.63732E-03 5.91301E-02 1.77753E-03 -2.06524E-07 2.20673E-08 1.05205E-02 
2.20673E-08 -2.06524E-07 5.64672E-03 1.06275E-05 1.17735E-05 5.18493E-03 5.49916E-02 1.64379E-03 -2.06524E-07 2.20673E-08 9.07007E-03 
2.20673E-08 -9.48076E-08 5.36872E-03 9.37629E-06 1.04304E-05 4.76490E-03 5.10993E-02 1.51894E-03 -9.48076E-08 2.20673E-08 7.79668E-03 
2.20673E-08 -2.11346E-07 5.09920E-03 8.40639E-06 9.37408E-06 4.37491E-03 4.74387E-02 1.40236E-03 -2.11346E-07 2.20673E-08 6.68019E-03 
2.20673E-08 -2.19165E-07 4.83470E-03 7.60421E-06 8.48925E-06 4.00813E-03 4.39523E-02 1.29206E-03 -2.19165E-07 2.20673E-08 5.69930E-03 
2.20673E-08 -1.55147E-07 4.57585E-03 6.93133E-06 7.73717E-06 3.66427E-03 4.06420E-02 1.18801E-03 -1.55147E-07 2.20673E-08 4.84269E-03 
2.20673E-08 -4.87418E-08 4.32322E-03 6.35638E-06 7.08616E-06 3.34285E-03 3.75077E-02 1.09011E-03 -4.87418E-08 2.20673E-08 4.09887E-03 
2.20673E-08 4.79843E-08 4.13233E-03 5.96266E-06 6.63559E-06 3.10920E-03 3.52028E-02 1.01853E-03 4.79843E-08 2.20673E-08 3.59358E-03 
2.20673E-08 7.72311E-08 4.07731E-03 5.85439E-06 6.51101E-06 3.04331E-03 3.45485E-02 9.98277E-04 7.72311E-08 2.20673E-08 3.45658E-03 
2.20673E-08 2.15480E-07 3.82024E-03 5.37267E-06 5.95336E-06 2.74404E-03 3.15517E-02 9.05878E-04 2.15480E-07 2.20673E-08 2.86526E-03 
2.20673E-08 3.41606E-07 3.57204E-03 4.93502E-06 5.44267E-06 2.46844E-03 2.87522E-02 8.20152E-04 3.41606E-07 2.20673E-08 2.36629E-03 
2.20673E-08 4.45805E-07 3.33314E-03 4.52835E-06 4.96566E-06 2.21545E-03 2.61451E-02 7.40862E-04 4.45805E-07 2.20673E-08 1.94753E-03 
2.20673E-08 5.22413E-07 3.10391E-03 4.14364E-06 4.51325E-06 1.98394E-03 2.37246E-02 6.67748E-04 5.22413E-07 2.20673E-08 1.59783E-03 
1.10918E-07 5.72783E-07 2.88690E-03 3.78349E-06 4.08906E-06 1.77499E-03 2.15076E-02 6.01251E-04 5.72783E-07 1.10918E-07 1.30653E-03 
2.06160E-07 5.92480E-07 2.67890E-03 3.43300E-06 3.67711E-06 1.58395E-03 1.94508E-02 5.39979E-04 5.92480E-07 2.06160E-07 1.06411E-03 
2.60780E-07 5.81310E-07 2.47971E-03 3.08842E-06 3.27357E-06 1.40942E-03 1.75439E-02 4.83569E-04 5.81310E-07 2.60780E-07 8.63353E-04 
2.77788E-07 5.41453E-07 2.28966E-03 2.74957E-06 2.87857E-06 1.25060E-03 1.57827E-02 4.31835E-04 5.41453E-07 2.77788E-07 6.97830E-04 
2.61386E-07 4.76283E-07 2.10900E-03 2.41744E-06 2.49337E-06 1.10664E-03 1.41620E-02 3.84569E-04 4.76283E-07 2.61386E-07 5.61872E-04 
2.16726E-07 3.90147E-07 1.93787E-03 2.09393E-06 2.12026E-06 9.76631E-04 1.26759E-02 3.41543E-04 3.90147E-07 2.16726E-07 4.50578E-04 
1.49766E-07 2.88228E-07 1.77634E-03 1.78180E-06 1.76236E-06 8.59642E-04 1.13180E-02 3.02520E-04 2.88228E-07 1.49766E-07 3.59790E-04 
6.72124E-08 1.76490E-07 1.62442E-03 1.48465E-06 1.42368E-06 7.54741E-04 1.00813E-02 2.67253E-04 1.76490E-07 6.72124E-08 2.86049E-04 
-2.34940E-08 6.16832E-08 1.48201E-03 1.20693E-06 1.10907E-06 6.61002E-04 8.95871E-03 2.35493E-04 6.16832E-08 -2.34940E-08 2.26539E-04 
-1.14160E-07 -4.86452E-08 1.34898E-03 9.53992E-07 8.24241E-07 5.77517E-04 7.94299E-03 2.06989E-04 -4.86452E-08 -1.14160E-07 1.79012E-04 
-1.95843E-07 -1.46144E-07 1.22511E-03 7.32093E-07 5.75803E-07 5.03408E-04 7.02678E-03 1.81499E-04 -1.46144E-07 -1.95843E-07 1.41709E-04 
-2.58910E-07 -2.21723E-07 1.11015E-03 5.48362E-07 3.71165E-07 4.37833E-04 6.20280E-03 1.58783E-04 -2.21723E-07 -2.58910E-07 1.13272E-04 
-2.93194E-07 -2.65702E-07 1.00380E-03 4.10645E-07 2.18396E-07 3.79995E-04 5.46393E-03 1.38614E-04 -2.65702E-07 -2.93194E-07 9.26557E-05 
9.35210E-09 -3.45121E-07 5.51578E-03 6.56637E-06 7.19259E-06 3.52442E-03 4.40204E-02 1.23274E-03 -3.45121E-07 9.35210E-09 7.37613E-03 
9.35210E-09 -3.45121E-07 5.22811E-03 5.48396E-06 6.07512E-06 3.22926E-03 4.07922E-02 1.13481E-03 -3.45121E-07 9.35210E-09 6.31189E-03 
9.35210E-09 -1.07743E-07 4.95059E-03 4.67137E-06 5.22783E-06 2.95630E-03 3.77677E-02 1.04384E-03 -1.07743E-07 9.35210E-09 5.38534E-03 
9.35210E-09 -2.70137E-07 4.68291E-03 4.06448E-06 4.58628E-06 2.70391E-03 3.49341E-02 9.59318E-04 -2.70137E-07 9.35210E-09 4.57983E-03 
9.35210E-09 -3.38538E-07 4.42155E-03 3.58396E-06 4.07053E-06 2.46749E-03 3.22460E-02 8.79748E-04 -3.38538E-07 9.35210E-09 3.87784E-03 
9.35210E-09 -3.42132E-07 4.16710E-03 3.19962E-06 3.65023E-06 2.24676E-03 2.97036E-02 8.05064E-04 -3.42132E-07 9.35210E-09 3.26980E-03 
9.35210E-09 -3.04330E-07 3.92006E-03 2.88686E-06 3.30062E-06 2.04131E-03 2.73062E-02 7.35164E-04 -3.04330E-07 9.35210E-09 2.74620E-03 
9.35210E-09 -2.58440E-07 3.73429E-03 2.68140E-06 3.06598E-06 1.89252E-03 2.55496E-02 6.84288E-04 -2.58440E-07 9.35210E-09 2.39317E-03 
9.35210E-09 -2.43417E-07 3.68088E-03 2.62611E-06 3.00203E-06 1.85065E-03 2.50520E-02 6.69930E-04 -2.43417E-07 9.35210E-09 2.29787E-03 
9.35210E-09 -1.67696E-07 3.43224E-03 2.38577E-06 2.71977E-06 1.66103E-03 2.27791E-02 6.04660E-04 -1.67696E-07 9.35210E-09 1.88872E-03 
9.35210E-09 -9.37406E-08 3.19359E-03 2.17380E-06 2.46475E-06 1.48724E-03 2.06656E-02 5.44453E-04 -9.37406E-08 9.35210E-09 1.54660E-03 
9.35210E-09 -3.00776E-08 2.96525E-03 1.97977E-06 2.22667E-06 1.32847E-03 1.87067E-02 4.89091E-04 -3.00776E-08 9.35210E-09 1.26206E-03 
9.35210E-09 1.79250E-08 2.74745E-03 1.79640E-06 1.99846E-06 1.18390E-03 1.68966E-02 4.38345E-04 1.79250E-08 9.35210E-09 1.02652E-03 
4.49016E-08 5.23221E-08 2.54250E-03 1.62624E-06 1.78382E-06 1.05409E-03 1.52468E-02 3.92470E-04 5.23221E-08 4.49016E-08 8.32113E-04 
7.54454E-08 6.61704E-08 2.34726E-03 1.45679E-06 1.56979E-06 9.35986E-04 1.37237E-02 3.50453E-04 6.61704E-08 7.54454E-08 6.71625E-04 
8.04145E-08 5.80455E-08 2.16142E-03 1.28467E-06 1.35322E-06 8.28645E-04 1.23186E-02 3.12002E-04 5.80455E-08 8.04145E-08 5.39699E-04 
6.12548E-08 2.89727E-08 1.98519E-03 1.10957E-06 1.13432E-06 7.31478E-04 1.10275E-02 2.76954E-04 2.89727E-08 6.12548E-08 4.31649E-04 
2.04672E-08 -1.89508E-08 1.81870E-03 9.32237E-07 9.14395E-07 6.43864E-04 9.84553E-03 2.45129E-04 -1.89508E-08 2.04672E-08 3.43418E-04 
-3.85313E-08 -8.26893E-08 1.66198E-03 7.54353E-07 6.95738E-07 5.65165E-04 8.76741E-03 2.16341E-04 -8.26893E-08 -3.85313E-08 2.71562E-04 
-1.11470E-07 -1.58327E-07 1.51500E-03 5.78500E-07 4.81561E-07 4.94737E-04 7.78753E-03 1.90396E-04 -1.58327E-07 -1.11470E-07 2.13223E-04 
-1.93229E-07 -2.41073E-07 1.37763E-03 4.08169E-07 2.75991E-07 4.31940E-04 6.90001E-03 1.67099E-04 -2.41073E-07 -1.93229E-07 1.66088E-04 
-2.77815E-07 -3.25228E-07 1.24970E-03 2.47804E-07 8.40974E-08 3.76143E-04 6.09885E-03 1.46255E-04 -3.25228E-07 -2.77815E-07 1.28329E-04 
-3.58325E-07 -4.04157E-07 1.13095E-03 1.02846E-07 -8.80900E-08 3.26740E-04 5.37799E-03 1.27674E-04 -4.04157E-07 -3.58325E-07 9.85489E-05 
-4.26945E-07 -4.70283E-07 1.02111E-03 -2.02536E-08 -2.33588E-07 2.83146E-04 4.73145E-03 1.11173E-04 -4.70283E-07 -4.26945E-07 7.57042E-05 
-4.75017E-07 -5.15156E-07 9.19841E-04 -1.14104E-07 -3.44546E-07 2.44811E-04 4.15334E-03 9.65736E-05 -5.15156E-07 -4.75017E-07 5.90379E-05 
-4.93205E-07 -5.29620E-07 8.26777E-04 -1.70532E-07 -4.12424E-07 2.11214E-04 3.63797E-03 8.37105E-05 -5.29620E-07 -4.93205E-07 4.80002E-05 
2.43059E-09 -3.41917E-07 5.03282E-03 3.36950E-06 3.76143E-06 2.07927E-03 3.15806E-02 8.04269E-04 -3.41917E-07 2.43059E-09 4.98739E-03 
2.43059E-09 -3.41917E-07 4.74982E-03 2.66433E-06 3.05008E-06 1.89731E-03 2.91507E-02 7.36831E-04 -3.41917E-07 2.43059E-09 4.23362E-03 
2.43059E-09 -9.59003E-08 4.47824E-03 2.15086E-06 2.52773E-06 1.72978E-03 2.68836E-02 6.74511E-04 -9.59003E-08 2.43059E-09 3.58322E-03 
2.43059E-09 -2.49798E-07 4.21766E-03 1.78209E-06 2.14725E-06 1.57554E-03 2.47685E-02 6.16912E-04 -2.49798E-07 2.43059E-09 3.02290E-03 
2.43059E-09 -3.29421E-07 3.96458E-03 1.50414E-06 1.85469E-06 1.43169E-03 2.27703E-02 5.62969E-04 -3.29421E-07 2.43059E-09 2.53882E-03 
2.43059E-09 -3.56904E-07 3.71951E-03 1.29432E-06 1.62722E-06 1.29798E-03 2.08884E-02 5.12605E-04 -3.56904E-07 2.43059E-09 2.12321E-03 
2.43059E-09 -3.50033E-07 3.48286E-03 1.13415E-06 1.44631E-06 1.17409E-03 1.91216E-02 4.65720E-04 -3.50033E-07 2.43059E-09 1.76852E-03 
2.43059E-09 -3.30114E-07 3.30577E-03 1.03487E-06 1.32887E-06 1.08473E-03 1.78321E-02 4.31760E-04 -3.30114E-07 2.43059E-09 1.53129E-03 
2.43059E-09 -3.22756E-07 3.25501E-03 1.00897E-06 1.29732E-06 1.05964E-03 1.74677E-02 4.22203E-04 -3.22756E-07 2.43059E-09 1.46754E-03 
2.43059E-09 -2.82672E-07 3.01952E-03 9.00142E-07 1.15946E-06 9.46368E-04 1.58079E-02 3.78910E-04 -2.82672E-07 2.43059E-09 1.19544E-03 
2.43059E-09 -2.41026E-07 2.79487E-03 8.07954E-07 1.03496E-06 8.43083E-04 1.42722E-02 3.39215E-04 -2.41026E-07 2.43059E-09 9.70109E-04 
2.43059E-09 -2.04647E-07 2.58125E-03 7.24566E-07 9.16286E-07 7.49218E-04 1.28559E-02 3.02937E-04 -2.04647E-07 2.43059E-09 7.84463E-04 
2.43059E-09 -1.78042E-07 2.37876E-03 6.44460E-07 7.98315E-07 6.64198E-04 1.15540E-02 2.69887E-04 -1.78042E-07 2.43059E-09 6.32173E-04 
8.88221E-09 -1.58044E-07 2.18944E-03 5.71001E-07 6.85726E-07 5.88269E-04 1.03737E-02 2.40199E-04 -1.58044E-07 8.88221E-09 5.07608E-04 
3.97269E-09 -1.53067E-07 2.01021E-03 4.93007E-07 5.67148E-07 5.19563E-04 9.28972E-03 2.13174E-04 -1.53067E-07 3.97269E-09 4.05577E-04 
-1.82871E-08 -1.65042E-07 1.84069E-03 4.07521E-07 4.40052E-07 4.57458E-04 8.29512E-03 1.88597E-04 -1.65042E-07 -1.82871E-08 3.22258E-04 
-5.71937E-08 -1.93426E-07 1.68098E-03 3.14386E-07 3.04961E-07 4.01550E-04 7.38617E-03 1.66335E-04 -1.93426E-07 -5.71937E-08 2.54383E-04 
-1.11125E-07 -2.36742E-07 1.53107E-03 2.14373E-07 1.63388E-07 3.51425E-04 6.55869E-03 1.46249E-04 -2.36742E-07 -1.11125E-07 1.99178E-04 
-1.77601E-07 -2.92636E-07 1.39090E-03 1.09131E-07 1.77689E-08 3.06661E-04 5.80821E-03 1.28196E-04 -2.92636E-07 -1.77601E-07 1.54342E-04 
-2.53287E-07 -3.57881E-07 1.26031E-03 1.19555E-09 -1.28554E-07 2.66836E-04 5.13004E-03 1.12032E-04 -3.57881E-07 -2.53287E-07 1.18022E-04 
-3.33959E-07 -4.28345E-07 1.13909E-03 -1.05972E-07 -2.71310E-07 2.31539E-04 4.51941E-03 9.76134E-05 -4.28345E-07 -3.33959E-07 8.87712E-05 
-4.14451E-07 -4.98932E-07 1.02696E-03 -2.07921E-07 -4.05267E-07 2.00370E-04 3.97147E-03 8.48011E-05 -4.98932E-07 -4.14451E-07 6.55041E-05 
-4.88602E-07 -5.63541E-07 9.23592E-04 -2.99169E-07 -5.24205E-07 1.72947E-04 3.48143E-03 7.34602E-05 -5.63541E-07 -4.88602E-07 4.74454E-05 
-5.49257E-07 -6.15063E-07 8.28640E-04 -3.73183E-07 -6.20927E-07 1.48907E-04 3.04461E-03 6.34628E-05 -6.15063E-07 -5.49257E-07 3.40736E-05 
-5.88334E-07 -6.45445E-07 7.41708E-04 -4.22459E-07 -6.87358E-07 1.27913E-04 2.65645E-03 5.46882E-05 -6.45445E-07 -5.88334E-07 2.50595E-05 
-5.96998E-07 -6.45874E-07 6.62384E-04 -4.38691E-07 -7.14732E-07 1.09647E-04 2.31259E-03 4.70243E-05 -6.45874E-07 -5.96998E-07 2.02030E-05 
-1.03243E-09 -2.71437E-07 4.48758E-03 1.65058E-06 1.99056E-06 1.14012E-03 2.16222E-02 4.86414E-04 -2.71437E-07 -1.03243E-09 3.22099E-03 
-1.03243E-09 -2.71437E-07 4.21548E-03 1.20931E-06 1.55570E-06 1.03566E-03 1.98733E-02 4.43346E-04 -2.71437E-07 -1.03243E-09 2.71030E-03 
-1.03243E-09 -7.32636E-08 3.95579E-03 8.97899E-07 1.24623E-06 9.39942E-04 1.82488E-02 4.03767E-04 -7.32636E-08 -1.03243E-09 2.27392E-03 
-1.03243E-09 -1.93499E-07 3.70802E-03 6.83367E-07 1.02918E-06 8.52238E-04 1.67402E-02 3.67388E-04 -1.93499E-07 -1.03243E-09 1.90168E-03 
-1.03243E-09 -2.59873E-07 3.46871E-03 5.30465E-07 8.69431E-07 7.70833E-04 1.53214E-02 3.33507E-04 -2.59873E-07 -1.03243E-09 1.58312E-03 
-1.03243E-09 -2.88389E-07 3.23828E-03 4.22885E-07 7.50591E-07 6.95531E-04 1.39915E-02 3.02050E-04 -2.88389E-07 -1.03243E-09 1.31226E-03 
-1.03243E-09 -2.91900E-07 3.01705E-03 3.47439E-07 6.59459E-07 6.26097E-04 1.27487E-02 2.72933E-04 -2.91900E-07 -1.03243E-09 1.08334E-03 
-1.03243E-09 -2.83944E-07 2.85236E-03 3.04399E-07 6.01291E-07 5.76240E-04 1.18457E-02 2.51950E-04 -2.83944E-07 -1.03243E-09 9.31577E-04 
-1.03243E-09 -2.80492E-07 2.80529E-03 2.93682E-07 5.85667E-07 5.62279E-04 1.15911E-02 2.46062E-04 -2.80492E-07 -1.03243E-09 8.90997E-04 
-1.03243E-09 -2.60328E-07 2.58778E-03 2.50738E-07 5.16428E-07 4.99448E-04 1.04352E-02 2.19490E-04 -2.60328E-07 -1.03243E-09 7.18862E-04 
-1.03243E-09 -2.38965E-07 2.38162E-03 2.15949E-07 4.50780E-07 4.42475E-04 9.37164E-03 1.95281E-04 -2.38965E-07 -1.03243E-09 5.77784E-04 
-1.03243E-09 -2.21481E-07 2.18686E-03 1.83750E-07 3.83580E-07 3.90990E-04 8.39622E-03 1.73297E-04 -2.21481E-07 -1.03243E-09 4.62692E-04 
-1.03243E-09 -2.11316E-07 2.00348E-03 1.50217E-07 3.11436E-07 3.44624E-04 7.50460E-03 1.53398E-04 -2.11316E-07 -1.03243E-09 3.69130E-04 
-9.23708E-09 -2.04096E-07 1.83318E-03 1.19850E-07 2.40350E-07 3.03463E-04 6.70088E-03 1.35642E-04 -2.04096E-07 -9.23708E-09 2.93248E-04 
-3.21873E-08 -2.09037E-07 1.67304E-03 8.21185E-08 1.59726E-07 2.66434E-04 5.96701E-03 1.19582E-04 -2.09037E-07 -3.21873E-08 2.31510E-04 
-6.83920E-08 -2.28173E-07 1.52260E-03 3.44916E-08 6.75876E-08 2.33160E-04 5.29761E-03 1.05071E-04 -2.28173E-07 -6.83920E-08 1.81330E-04 
-1.17402E-07 -2.61071E-07 1.38184E-03 -2.29368E-08 -3.51470E-08 2.03386E-04 4.68952E-03 9.20106E-05 -2.61071E-07 -1.17402E-07 1.40551E-04 
-1.77972E-07 -3.06491E-07 1.25065E-03 -8.92694E-08 -1.46689E-07 1.76856E-04 4.13930E-03 8.03036E-05 -3.06491E-07 -1.77972E-07 1.07383E-04 
-2.48070E-07 -3.62394E-07 1.12884E-03 -1.62807E-07 -2.64404E-07 1.53310E-04 3.64338E-03 6.98505E-05 -3.62394E-07 -2.48070E-07 8.03908E-05 
-3.24834E-07 -4.25900E-07 1.01617E-03 -2.41007E-07 -3.84790E-07 1.32496E-04 3.19807E-03 6.05534E-05 -4.25900E-07 -3.24834E-07 5.84646E-05 
-4.04506E-07 -4.93227E-07 9.12341E-04 -3.20415E-07 -5.03445E-07 1.14170E-04 2.79968E-03 5.23168E-05 -4.93227E-07 -4.04506E-07 4.07921E-05 
-4.82360E-07 -5.59618E-07 8.16996E-04 -3.96591E-07 -6.15011E-07 9.80967E-05 2.44453E-03 4.50494E-05 -5.59618E-07 -4.82360E-07 2.68205E-05 
-5.52645E-07 -6.19282E-07 7.29757E-04 -4.64053E-07 -7.13150E-07 8.40550E-05 2.12901E-03 3.86647E-05 -6.19282E-07 -5.52645E-07 1.62163E-05 
-6.08576E-07 -6.65394E-07 6.50216E-04 -5.16266E-07 -7.90556E-07 7.18385E-05 1.84964E-03 3.30823E-05 -6.65394E-07 -6.08576E-07 8.82014E-06 
-6.42403E-07 -6.90161E-07 5.77943E-04 -5.45715E-07 -8.39056E-07 6.12557E-05 1.60308E-03 2.82277E-05 -6.90161E-07 -6.42403E-07 4.59646E-06 
-6.45592E-07 -6.85003E-07 5.12500E-04 -5.44083E-07 -8.49805E-07 5.21311E-05 1.38618E-03 2.40329E-05 -6.85003E-07 -6.45592E-07 3.58060E-06 
-2.54948E-09 -1.81904E-07 3.89127E-03 7.78007E-07 1.14955E-06 5.72540E-04 1.39952E-02 2.68608E-04 -1.81904E-07 -2.54948E-09 1.96975E-03 
-2.54948E-09 -1.81904E-07 3.63665E-03 5.16765E-07 9.00114E-07 5.17493E-04 1.28023E-02 2.43474E-04 -1.81904E-07 -2.54948E-09 1.64157E-03 
-2.54948E-09 -4.89618E-08 3.39509E-03 3.38664E-07 7.28152E-07 4.67315E-04 1.16997E-02 2.20514E-04 -4.89618E-08 -2.54948E-09 1.36413E-03 
-2.54948E-09 -1.29308E-07 3.16598E-03 2.21685E-07 6.11712E-07 4.21580E-04 1.06810E-02 1.99536E-04 -1.29308E-07 -2.54948E-09 1.13002E-03 
-2.54948E-09 -1.73978E-07 2.94601E-03 1.43690E-07 5.28889E-07 3.79351E-04 9.72774E-03 1.80114E-04 -1.73978E-07 -2.54948E-09 9.31758E-04 
-2.54948E-09 -1.93978E-07 2.73549E-03 9.35441E-08 4.68482E-07 3.40495E-04 8.83877E-03 1.62190E-04 -1.93978E-07 -2.54948E-09 7.64971E-04 
-2.54948E-09 -1.98122E-07 2.53462E-03 6.22876E-08 4.21554E-07 3.04858E-04 8.01244E-03 1.45698E-04 -1.98122E-07 -2.54948E-09 6.25526E-04 
-2.54948E-09 -1.94889E-07 2.38591E-03 4.65269E-08 3.90027E-07 2.79394E-04 7.41482E-03 1.33878E-04 -1.94889E-07 -2.54948E-09 5.33965E-04 
-2.54948E-09 -1.93316E-07 2.34354E-03 4.28622E-08 3.81166E-07 2.72283E-04 7.24679E-03 1.30572E-04 -1.93316E-07 -2.54948E-09 5.09616E-04 
-2.54948E-09 -1.84170E-07 2.14856E-03 2.89288E-08 3.38950E-07 2.40396E-04 6.48667E-03 1.15709E-04 -1.84170E-07 -2.54948E-09 4.07018E-04 
-2.54948E-09 -1.75697E-07 1.96505E-03 1.72906E-08 2.93525E-07 2.11657E-04 5.79140E-03 1.02257E-04 -1.75697E-07 -2.54948E-09 3.23845E-04 
-2.54948E-09 -1.71413E-07 1.79291E-03 4.22647E-09 2.41696E-07 1.85846E-04 5.15766E-03 9.01233E-05 -1.71413E-07 -2.54948E-09 2.56664E-04 
-2.54948E-09 -1.73739E-07 1.63198E-03 -1.28858E-08 1.81487E-07 1.62746E-04 4.58197E-03 7.92132E-05 -1.73739E-07 -2.54948E-09 2.02503E-04 
-1.72706E-08 -1.77197E-07 1.48360E-03 -2.84345E-08 1.20225E-07 1.42374E-04 4.06633E-03 6.95469E-05 -1.77197E-07 -1.72706E-08 1.58864E-04 
-4.84287E-08 -1.91416E-07 1.34509E-03 -5.26678E-08 4.76467E-08 1.24164E-04 3.59849E-03 6.08613E-05 -1.91416E-07 -4.84287E-08 1.23494E-04 
-9.10831E-08 -2.18341E-07 1.21593E-03 -8.77638E-08 -3.77606E-08 1.07904E-04 3.17451E-03 5.30627E-05 -2.18341E-07 -9.10831E-08 9.47489E-05 
-1.44781E-07 -2.57475E-07 1.09597E-03 -1.33374E-07 -1.34685E-07 9.34496E-05 2.79189E-03 4.60887E-05 -2.57475E-07 -1.44781E-07 7.12936E-05 
-2.08380E-07 -3.07622E-07 9.85013E-04 -1.88459E-07 -2.41052E-07 8.06543E-05 2.44802E-03 3.98770E-05 -3.07622E-07 -2.08380E-07 5.20572E-05 
-2.80015E-07 -3.66860E-07 8.82777E-04 -2.51252E-07 -3.54013E-07 6.93753E-05 2.14021E-03 3.43658E-05 -3.66860E-07 -2.80015E-07 3.62214E-05 
-3.57026E-07 -4.32466E-07 7.88943E-04 -3.19191E-07 -4.69905E-07 5.94747E-05 1.86573E-03 2.94956E-05 -4.32466E-07 -3.57026E-07 2.32014E-05 
-4.35873E-07 -5.00836E-07 7.03145E-04 -3.88831E-07 -5.84196E-07 5.08203E-05 1.62191E-03 2.52098E-05 -5.00836E-07 -4.35873E-07 1.26225E-05 
-5.12046E-07 -5.67396E-07 6.24988E-04 -4.55756E-07 -6.91427E-07 4.32880E-05 1.40612E-03 2.14552E-05 -5.67396E-07 -5.12046E-07 4.29393E-06 
-5.80005E-07 -6.26540E-07 5.54049E-04 -5.14519E-07 -7.85179E-07 3.67623E-05 1.21581E-03 1.81828E-05 -6.26540E-07 -5.80005E-07 -1.82280E-06 
-6.33163E-07 -6.71621E-07 4.89896E-04 -5.58628E-07 -8.58093E-07 3.11370E-05 1.04855E-03 1.53483E-05 -6.71621E-07 -6.33163E-07 -5.64960E-06 
-6.63964E-07 -6.95021E-07 4.32086E-04 -5.80617E-07 -9.01964E-07 2.63154E-05 9.02051E-04 1.29117E-05 -6.95021E-07 -6.63964E-07 -7.03279E-06 
-6.64057E-07 -6.88333E-07 3.80176E-04 -5.72230E-07 -9.07951E-07 2.22105E-05 7.74160E-04 1.08377E-05 -6.88333E-07 -6.64057E-07 -5.78812E-06 
-3.08802E-09 -1.00150E-07 3.25299E-03 3.54904E-07 7.97598E-07 2.55686E-04 8.40257E-03 1.31611E-04 -1.00150E-07 -3.08802E-09 1.11982E-03 
-3.08802E-09 -1.00150E-07 3.02275E-03 2.13219E-07 6.70290E-07 2.29797E-04 7.64515E-03 1.18574E-04 -1.00150E-07 -3.08802E-09 9.23262E-04 
-3.08802E-09 -2.79482E-08 2.80573E-03 1.21029E-07 5.85762E-07 2.06338E-04 6.94905E-03 1.06745E-04 -2.79482E-08 -3.08802E-09 7.59078E-04 
-3.08802E-09 -7.26359E-08 2.60124E-03 6.44644E-08 5.30250E-07 1.85082E-04 6.30948E-03 9.60081E-05 -7.26359E-08 -3.08802E-09 6.22223E-04 
-3.08802E-09 -9.61986E-08 2.40619E-03 3.02979E-08 4.90820E-07 1.65569E-04 5.71441E-03 8.61316E-05 -9.61986E-08 -3.08802E-09 5.07695E-04 
-3.08802E-09 -1.05807E-07 2.22075E-03 1.13196E-08 4.60210E-07 1.47719E-04 5.16269E-03 7.70759E-05 -1.05807E-07 -3.08802E-09 4.12504E-04 
-3.08802E-09 -1.07180E-07 2.04501E-03 1.76799E-09 4.32711E-07 1.31447E-04 4.65288E-03 6.87981E-05 -1.07180E-07 -3.08802E-09 3.33883E-04 
-3.08802E-09 -1.05464E-07 1.91570E-03 -2.05573E-09 4.10764E-07 1.19881E-04 4.28614E-03 6.28992E-05 -1.05464E-07 -3.08802E-09 2.82814E-04 
-3.08802E-09 -1.04783E-07 1.87899E-03 -2.86890E-09 4.03971E-07 1.16661E-04 4.18336E-03 6.12545E-05 -1.04783E-07 -3.08802E-09 2.69315E-04 
-3.08802E-09 -1.01887E-07 1.71081E-03 -6.32857E-09 3.67938E-07 1.02279E-04 3.72019E-03 5.38918E-05 -1.01887E-07 -3.08802E-09 2.12845E-04 
-3.08802E-09 -1.01754E-07 1.55373E-03 -1.13376E-08 3.23999E-07 8.94032E-05 3.29942E-03 4.72742E-05 -1.01754E-07 -3.08802E-09 1.67584E-04 
-3.08802E-09 -1.06660E-07 1.40752E-03 -2.02379E-08 2.70440E-07 7.79171E-05 2.91851E-03 4.13454E-05 -1.06660E-07 -3.08802E-09 1.31360E-04 
-3.08802E-09 -1.18186E-07 1.27190E-03 -3.46748E-08 2.06382E-07 6.77076E-05 2.57492E-03 3.60503E-05 -1.18186E-07 -3.08802E-09 1.02327E-04 
-2.02096E-08 -1.29940E-07 1.14787E-03 -4.80990E-08 1.40328E-07 5.87721E-05 2.26938E-03 3.13937E-05 -1.29940E-07 -2.02096E-08 7.89654E-05 
-5.45584E-08 -1.51770E-07 1.03301E-03 -7.06828E-08 6.21140E-08 5.08398E-05 1.99414E-03 2.72352E-05 -1.51770E-07 -5.45584E-08 5.99638E-05 
-9.98115E-08 -1.85484E-07 9.26768E-04 -1.04346E-07 -2.94012E-08 4.38053E-05 1.74653E-03 2.35226E-05 -1.85484E-07 -9.98115E-08 4.43592E-05 
-1.55408E-07 -2.30464E-07 8.28908E-04 -1.48532E-07 -1.32550E-07 3.75950E-05 1.52473E-03 2.02205E-05 -2.30464E-07 -1.55408E-07 3.13937E-05 
-2.20182E-07 -2.85481E-07 7.39144E-04 -2.02082E-07 -2.44985E-07 3.21368E-05 1.32690E-03 1.72947E-05 -2.85481E-07 -2.20182E-07 2.04928E-05 
-2.92296E-07 -3.48637E-07 6.57137E-04 -2.63172E-07 -3.63648E-07 2.73608E-05 1.15118E-03 1.47120E-05 -3.48637E-07 -2.92296E-07 1.12570E-05 
-3.69157E-07 -4.17274E-07 5.82516E-04 -3.29227E-07 -4.84710E-07 2.32008E-05 9.95725E-04 1.24414E-05 -4.17274E-07 -3.69157E-07 3.44975E-06 
-4.47310E-07 -4.87876E-07 5.14880E-04 -3.96816E-07 -6.03511E-07 1.95948E-05 8.58731E-04 1.04542E-05 -4.87876E-07 -4.47310E-07 -3.01731E-06 
-5.22342E-07 -5.55973E-07 4.53810E-04 -4.61560E-07 -7.14494E-07 1.64856E-05 7.38465E-04 8.72456E-06 -5.55973E-07 -5.22342E-07 -8.10319E-06 
-5.88819E-07 -6.16071E-07 3.98877E-04 -5.18063E-07 -8.11173E-07 1.38211E-05 6.33276E-04 7.22959E-06 -6.16071E-07 -5.88819E-07 -1.16610E-05 
-6.40262E-07 -6.61643E-07 3.49648E-04 -5.59896E-07 -8.86153E-07 1.15548E-05 5.41606E-04 5.94960E-06 -6.61643E-07 -6.40262E-07 -1.34661E-05 
-6.69232E-07 -6.85198E-07 3.05696E-04 -5.79671E-07 -9.31227E-07 9.64552E-06 4.62001E-04 4.86803E-06 -6.85198E-07 -6.69232E-07 -1.32508E-05 
-6.67501E-07 -6.78466E-07 2.66599E-04 -5.69221E-07 -9.37590E-07 8.05724E-06 3.93114E-04 3.97125E-06 -6.78466E-07 -6.67501E-07 -1.07430E-05 
-3.19725E-09 -3.84212E-08 2.58861E-03 1.59428E-07 6.96501E-07 9.74930E-05 4.55503E-03 5.49621E-05 -3.84212E-08 -3.19725E-09 5.76970E-04 
-3.19725E-09 -3.84212E-08 2.38960E-03 9.31179E-08 6.46079E-07 8.70456E-05 4.11866E-03 4.91916E-05 -3.84212E-08 -3.19725E-09 4.69903E-04 
-3.19725E-09 -1.23862E-08 2.20338E-03 5.36978E-08 6.14752E-07 7.76419E-05 3.72021E-03 4.39951E-05 -1.23862E-08 -3.19725E-09 3.81710E-04 
-3.19725E-09 -3.03546E-08 2.02922E-03 3.29520E-08 5.94451E-07 6.91776E-05 3.35651E-03 3.93134E-05 -3.03546E-08 -3.19725E-09 3.09235E-04 
-3.19725E-09 -3.76436E-08 1.86432E-03 2.33597E-08 5.77995E-07 6.14575E-05 3.02034E-03 3.50375E-05 -3.76436E-08 -3.19725E-09 2.49424E-04 
-3.19725E-09 -3.87065E-08 1.70871E-03 2.04717E-08 5.60898E-07 5.44408E-05 2.71074E-03 3.11443E-05 -3.87065E-08 -3.19725E-09 2.00414E-04 
-3.19725E-09 -3.70782E-08 1.56237E-03 2.07560E-08 5.39711E-07 4.80851E-05 2.42661E-03 2.76095E-05 -3.70782E-08 -3.19725E-09 1.60508E-04 
-3.19725E-09 -3.57403E-08 1.45543E-03 2.13853E-08 5.18870E-07 4.35937E-05 2.22349E-03 2.51053E-05 -3.57403E-08 -3.19725E-09 1.34908E-04 
-3.19725E-09 -3.55077E-08 1.42519E-03 2.14653E-08 5.11894E-07 4.23475E-05 2.16677E-03 2.44094E-05 -3.55077E-08 -3.19725E-09 1.28187E-04 
-3.19725E-09 -3.62773E-08 1.28736E-03 2.03085E-08 4.72459E-07 3.68041E-05 1.91233E-03 2.13063E-05 -3.62773E-08 -3.19725E-09 1.00288E-04 
-3.19725E-09 -4.14907E-08 1.15974E-03 1.52671E-08 4.21905E-07 3.18761E-05 1.68298E-03 1.85352E-05 -4.14907E-08 -3.19725E-09 7.81682E-05 
-3.19725E-09 -5.25422E-08 1.04199E-03 4.94067E-09 3.59575E-07 2.75113E-05 1.47702E-03 1.60673E-05 -5.25422E-08 -3.19725E-09 6.05686E-05 
-3.19725E-09 -7.04011E-08 9.33750E-04 -1.16504E-08 2.85386E-07 2.36595E-05 1.29273E-03 1.38753E-05 -7.04011E-08 -3.19725E-09 4.64325E-05 
-2.08853E-08 -8.79830E-08 8.35656E-04 -2.72410E-08 2.08828E-07 2.03193E-05 1.13021E-03 1.19613E-05 -8.79830E-08 -2.08853E-08 3.49111E-05 
-5.61307E-08 -1.15282E-07 7.45633E-04 -5.20461E-08 1.19706E-07 1.73753E-05 9.85026E-04 1.02583E-05 -1.15282E-07 -5.61307E-08 2.53333E-05 
-1.02180E-07 -1.53989E-07 6.63127E-04 -8.78217E-08 1.71709E-08 1.47822E-05 8.55503E-04 8.74104E-06 -1.53989E-07 -1.02180E-07 1.71913E-05 
-1.58346E-07 -2.03371E-07 5.87841E-04 -1.33864E-07 -9.68009E-08 1.25086E-05 7.40477E-04 7.39310E-06 -2.03371E-07 -1.58346E-07 1.01057E-05 
-2.23398E-07 -2.62149E-07 5.19436E-04 -1.88929E-07 -2.19610E-07 1.05247E-05 6.38777E-04 6.19905E-06 -2.62149E-07 -2.23398E-07 3.81952E-06 
-2.95477E-07 -3.28417E-07 4.57544E-04 -2.51156E-07 -3.47990E-07 8.80222E-06 5.49242E-04 5.14469E-06 -3.28417E-07 -2.95477E-07 -1.80414E-06 
-3.71991E-07 -3.99541E-07 4.01777E-04 -3.17965E-07 -4.77944E-07 7.31504E-06 4.70748E-04 4.21734E-06 -3.99541E-07 -3.71991E-07 -6.78746E-06 
-4.49512E-07 -4.72051E-07 3.51730E-04 -3.85944E-07 -6.04673E-07 6.03946E-06 4.02210E-04 3.40609E-06 -4.72051E-07 -4.49512E-07 -1.10465E-05 
-5.23669E-07 -5.41534E-07 3.06995E-04 -4.50753E-07 -7.22515E-07 4.95447E-06 3.42605E-04 2.70197E-06 -5.41534E-07 -5.23669E-07 -1.44035E-05 
-5.89079E-07 -6.02574E-07 2.67166E-04 -5.07049E-07 -8.24912E-07 4.04187E-06 2.90967E-04 2.09805E-06 -6.02574E-07 -5.89079E-07 -1.66044E-05 
-6.39330E-07 -6.48726E-07 2.31844E-04 -5.48472E-07 -9.04430E-07 3.28638E-06 2.46405E-04 1.58951E-06 -6.48726E-07 -6.39330E-07 -1.73424E-05 
-6.67060E-07 -6.72599E-07 2.00640E-04 -5.67716E-07 -9.52866E-07 2.67551E-06 2.08094E-04 1.17352E-06 -6.72599E-07 -6.67060E-07 -1.62871E-05 
-6.64133E-07 -6.66033E-07 1.73185E-04 -5.56715E-07 -9.61454E-07 2.19937E-06 1.75283E-04 8.49009E-07 -6.66033E-07 -6.64133E-07 -1.31199E-05 
-3.16239E-09 1.07945E-09 1.91937E-03 7.32400E-08 7.23656E-07 2.98003E-05 2.13059E-03 1.83748E-05 1.07945E-09 -3.16239E-09 2.58184E-04 
-3.16239E-09 1.07945E-09 1.75799E-03 5.07078E-08 7.18044E-07 2.63975E-05 1.91209E-03 1.63402E-05 1.07945E-09 -3.16239E-09 2.07280E-04 
-3.16239E-09 -2.45160E-09 1.60828E-03 4.12546E-08 7.16532E-07 2.33565E-05 1.71413E-03 1.45243E-05 -2.45160E-09 -3.16239E-09 1.66056E-04 
-3.16239E-09 -3.34611E-09 1.46947E-03 4.02386E-08 7.14670E-07 2.06382E-05 1.53485E-03 1.29018E-05 -3.34611E-09 -3.16239E-09 1.32770E-04 
-3.16239E-09 -1.92394E-10 1.33915E-03 4.34942E-08 7.08677E-07 1.81741E-05 1.37044E-03 1.14308E-05 -1.92394E-10 -3.16239E-09 1.05775E-04 
-3.16239E-09 4.29358E-09 1.21727E-03 4.83269E-08 6.95843E-07 1.59478E-05 1.22024E-03 1.01000E-05 4.29358E-09 -3.16239E-09 8.40509E-05 
-3.16239E-09 7.96207E-09 1.10366E-03 5.26081E-08 6.74161E-07 1.39426E-05 1.08352E-03 8.89845E-06 7.96207E-09 -3.16239E-09 6.66778E-05 
-3.16239E-09 9.16738E-09 1.02131E-03 5.44826E-08 6.50413E-07 1.25325E-05 9.86506E-04 8.05061E-06 9.16738E-09 -3.16239E-09 5.57005E-05 
-3.16239E-09 9.14691E-09 9.98131E-04 5.46913E-08 6.42245E-07 1.21423E-05 9.59527E-04 7.81542E-06 9.14691E-09 -3.16239E-09 5.28408E-05 
-3.16239E-09 6.19385E-09 8.93120E-04 5.30480E-08 5.95409E-07 1.04124E-05 8.39187E-04 6.76871E-06 6.19385E-09 -3.16239E-09 4.10614E-05 
-3.16239E-09 -2.28619E-09 7.96868E-04 4.62504E-08 5.35241E-07 8.88311E-06 7.31726E-04 5.83570E-06 -2.28619E-09 -3.16239E-09 3.17846E-05 
-3.16239E-09 -1.71332E-08 7.08978E-04 3.34732E-08 4.61789E-07 7.53609E-06 6.36137E-04 5.00478E-06 -1.71332E-08 -3.16239E-09 2.43521E-05 
-3.16239E-09 -3.89314E-08 6.29024E-04 1.41417E-08 3.75524E-07 6.35396E-06 5.51434E-04 4.26513E-06 -3.89314E-08 -3.16239E-09 1.82182E-05 
-2.07723E-08 -6.00992E-08 5.57338E-04 -3.96767E-09 2.86753E-07 5.34183E-06 4.77477E-04 3.62147E-06 -6.00992E-08 -2.07723E-08 1.29497E-05 
-5.60463E-08 -9.07669E-08 4.92249E-04 -3.11812E-08 1.85184E-07 4.45447E-06 4.12055E-04 3.04376E-06 -9.07669E-08 -5.60463E-08 8.27252E-06 
-1.02163E-07 -1.32552E-07 4.33235E-04 -6.91690E-08 7.01895E-08 3.67561E-06 3.54274E-04 2.52187E-06 -1.32552E-07 -1.02163E-07 3.95538E-06 
-1.58336E-07 -1.84640E-07 3.79975E-04 -1.17135E-07 -5.59760E-08 2.99539E-06 3.03480E-04 2.05036E-06 -1.84640E-07 -1.58336E-07 -1.57541E-07 
-2.23270E-07 -2.45710E-07 3.32122E-04 -1.73783E-07 -1.90474E-07 2.40472E-06 2.59033E-04 1.62454E-06 -2.45710E-07 -2.23270E-07 -4.13927E-06 
-2.95071E-07 -3.13840E-07 2.89314E-04 -2.37231E-07 -3.29830E-07 1.89543E-06 2.20314E-04 1.24068E-06 -3.13840E-07 -2.95071E-07 -7.97809E-06 
-3.71135E-07 -3.86405E-07 2.51184E-04 -3.04899E-07 -4.69864E-07 1.46043E-06 1.86730E-04 8.96106E-07 -3.86405E-07 -3.71135E-07 -1.15777E-05 
-4.48036E-07 -4.59957E-07 2.17364E-04 -3.73395E-07 -6.05626E-07 1.09392E-06 1.57724E-04 5.89363E-07 -4.59957E-07 -4.48036E-07 -1.47609E-05 
-5.21423E-07 -5.30125E-07 1.87492E-04 -4.38414E-07 -7.31331E-07 7.91452E-07 1.32777E-04 3.20316E-07 -5.30125E-07 -5.21423E-07 -1.72779E-05 
-5.85942E-07 -5.91539E-07 1.61217E-04 -4.94661E-07 -8.40333E-07 5.50092E-07 1.11410E-04 9.02200E-08 -5.91539E-07 -5.85942E-07 -1.88198E-05 
-6.35229E-07 -6.37822E-07 1.38201E-04 -5.35838E-07 -9.25150E-07 3.68404E-07 9.31865E-05 -9.82693E-08 -6.37822E-07 -6.35229E-07 -1.90390E-05 
-6.61980E-07 -6.61659E-07 1.18126E-04 -5.54719E-07 -9.77568E-07 2.46396E-07 7.77113E-05 -2.41200E-07 -6.61659E-07 -6.61980E-07 -1.75754E-05 
-6.58135E-07 -6.54982E-07 1.00692E-04 -5.43329E-07 -9.88859E-07 1.85350E-07 6.46304E-05 -3.33525E-07 -6.54982E-07 -6.58135E-07 -1.40897E-05 
-3.10681E-09 2.20579E-08 1.27427E-03 3.77477E-08 8.20886E-07 6.76985E-06 7.89753E-04 4.52992E-06 2.20579E-08 -3.10681E-09 9.26157E-05 
-3.10681E-09 2.20579E-08 1.15576E-03 3.75397E-08 8.38251E-07 5.94332E-06 7.02083E-04 4.03093E-06 2.20579E-08 -3.10681E-09 7.30650E-05 
-3.10681E-09 2.87095E-09 1.04696E-03 4.30617E-08 8.51047E-07 5.20653E-06 6.23429E-04 3.59002E-06 2.87095E-09 -3.10681E-09 5.75920E-05 
-3.10681E-09 1.10675E-08 9.47153E-04 5.16442E-08 8.56848E-07 4.54876E-06 5.52902E-04 3.19858E-06 1.10675E-08 -3.10681E-09 4.54030E-05 
-3.10681E-09 1.97190E-08 8.54446E-04 6.08529E-08 8.53654E-07 3.95138E-06 4.88861E-04 2.84431E-06 1.97190E-08 -3.10681E-09 3.57708E-05 
-3.10681E-09 2.70708E-08 7.68669E-04 6.89609E-08 8.39750E-07 3.40966E-06 4.30946E-04 2.52288E-06 2.70708E-08 -3.10681E-09 2.82303E-05 
-3.10681E-09 3.17316E-08 6.89594E-04 7.46044E-08 8.13941E-07 2.91918E-06 3.78773E-04 2.23029E-06 3.17316E-08 -3.10681E-09 2.23641E-05 
-3.10681E-09 3.27975E-08 6.32847E-04 7.66027E-08 7.85326E-07 2.57228E-06 3.42098E-04 2.02139E-06 3.27975E-08 -3.10681E-09 1.87365E-05 
-3.10681E-09 3.26234E-08 6.16965E-04 7.67314E-08 7.75502E-07 2.47594E-06 3.31953E-04 1.96295E-06 3.26234E-08 -3.10681E-09 1.78002E-05 
-3.10681E-09 2.84269E-08 5.45547E-04 7.41774E-08 7.19565E-07 2.04671E-06 2.87015E-04 1.69924E-06 2.84269E-08 -3.10681E-09 1.39600E-05 
-3.10681E-09 1.81446E-08 4.80902E-04 6.58856E-08 6.48689E-07 1.66392E-06 2.47355E-04 1.45748E-06 1.81446E-08 -3.10681E-09 1.08893E-05 
-3.10681E-09 1.23451E-09 4.22622E-04 5.13350E-08 5.63376E-07 1.32369E-06 2.12496E-04 1.23442E-06 1.23451E-09 -3.10681E-09 8.27860E-06 
-3.10681E-09 -2.26796E-08 3.70287E-04 3.01644E-08 4.64480E-07 1.02246E-06 1.81978E-04 1.02722E-06 -2.26796E-08 -3.10681E-09 5.87090E-06 
-2.05159E-08 -4.56701E-08 3.23984E-04 1.05063E-08 3.63011E-07 7.70318E-07 1.55663E-04 8.43310E-07 -4.56701E-08 -2.05159E-08 3.45936E-06 
-5.55927E-08 -7.80132E-08 2.82492E-04 -1.81132E-08 2.48539E-07 5.47284E-07 1.32667E-04 6.67613E-07 -7.80132E-08 -5.55927E-08 9.84345E-07 
-1.01546E-07 -1.21297E-07 2.45373E-04 -5.73335E-08 1.20626E-07 3.48407E-07 1.12605E-04 4.96662E-07 -1.21297E-07 -1.01546E-07 -1.63967E-06 
-1.57521E-07 -1.74655E-07 2.12325E-04 -1.06305E-07 -1.82155E-08 1.72429E-07 9.51868E-05 3.30048E-07 -1.74655E-07 -1.57521E-07 -4.45368E-06 
-2.22179E-07 -2.36735E-07 1.83039E-04 -1.63702E-07 -1.64908E-07 1.84372E-08 8.01355E-05 1.67942E-07 -2.36735E-07 -2.22179E-07 -7.43884E-06 
-2.93595E-07 -3.05606E-07 1.57207E-04 -2.27630E-07 -3.15756E-07 -1.14048E-07 6.71890E-05 1.11857E-08 -3.05606E-07 -2.93595E-07 -1.05109E-05 
-3.69154E-07 -3.78641E-07 1.34523E-04 -2.95510E-07 -4.66381E-07 -2.24962E-07 5.61029E-05 -1.38596E-07 -3.78641E-07 -3.69154E-07 -1.35172E-05 
-4.45428E-07 -4.52407E-07 1.14693E-04 -3.63968E-07 -6.11661E-07 -3.13578E-07 4.66522E-05 -2.78893E-07 -4.52407E-07 -4.45428E-07 -1.62376E-05 
-5.18075E-07 -5.22557E-07 9.74356E-05 -4.28725E-07 -7.45667E-07 -3.78392E-07 3.86323E-05 -4.06211E-07 -5.22557E-07 -5.18075E-07 -1.83901E-05 
-5.81768E-07 -5.83759E-07 8.24832E-05 -4.84527E-07 -8.61648E-07 -4.17036E-07 3.18587E-05 -5.16014E-07 -5.83759E-07 -5.81768E-07 -1.96423E-05 
-6.30179E-07 -6.29683E-07 6.95879E-05 -5.25131E-07 -9.52053E-07 -4.26234E-07 2.61679E-05 -6.02717E-07 -6.29683E-07 -6.30179E-07 -1.96303E-05 
-6.56056E-07 -6.53080E-07 5.85205E-05 -5.43378E-07 -1.00865E-06 -4.01842E-07 2.14152E-05 -6.59774E-07 -6.53080E-07 -6.56056E-07 -1.79832E-05 
-6.51410E-07 -6.45961E-07 4.90716E-05 -5.31379E-07 -1.02274E-06 -3.38990E-07 1.74747E-05 -6.79872E-07 -6.45961E-07 -6.51410E-07 -1.43552E-05 
-3.06666E-09 3.07599E-08 6.93840E-04 2.52747E-08 9.62536E-07 1.42775E-06 1.91602E-04 9.50717E-07 3.07599E-08 -3.06666E-09 2.20250E-05 
-3.06666E-09 3.07599E-08 6.20894E-04 3.42839E-08 9.89319E-07 1.25370E-06 1.68156E-04 8.94188E-07 3.07599E-08 -3.06666E-09 1.69681E-05 
-3.06666E-09 5.11690E-09 5.54875E-04 4.58714E-08 1.00691E-06 1.09194E-06 1.47405E-04 8.43524E-07 5.11690E-09 -3.06666E-09 1.31336E-05 
-3.06666E-09 1.71064E-08 4.95170E-04 5.82458E-08 1.01382E-06 9.40845E-07 1.29049E-04 7.96230E-07 1.71064E-08 -3.06666E-09 1.02668E-05 
-3.06666E-09 2.79979E-08 4.40504E-04 6.96928E-08 1.00882E-06 7.95702E-07 1.12607E-04 7.49430E-07 2.79979E-08 -3.06666E-09 8.14232E-06 
-3.06666E-09 3.64618E-08 3.90659E-04 7.89135E-08 9.90672E-07 6.55998E-07 9.79425E-05 7.01543E-07 3.64618E-08 -3.06666E-09 6.60373E-06 
-3.06666E-09 4.14392E-08 3.45392E-04 8.48795E-08 9.58561E-07 5.21543E-07 8.49159E-05 6.51324E-07 4.14392E-08 -3.06666E-09 5.50251E-06 
-3.06666E-09 4.23690E-08 3.13344E-04 8.67517E-08 9.23877E-07 4.21162E-07 7.58740E-05 6.10264E-07 4.23690E-08 -3.06666E-09 4.86039E-06 
-3.06666E-09 4.21082E-08 3.04445E-04 8.67978E-08 9.12106E-07 3.92432E-07 7.33910E-05 5.97840E-07 4.21082E-08 -3.06666E-09 4.69690E-06 
-3.06666E-09 3.72900E-08 2.64823E-04 8.36492E-08 8.45945E-07 2.59552E-07 6.24932E-05 5.35753E-07 3.72900E-08 -3.06666E-09 4.00433E-06 
-3.06666E-09 2.61662E-08 2.29567E-04 7.45583E-08 7.63532E-07 1.33784E-07 5.30246E-05 4.68558E-07 2.61662E-08 -3.06666E-09 3.33964E-06 
-3.06666E-09 8.32636E-09 1.98327E-04 5.91383E-08 6.65677E-07 1.57600E-08 4.48317E-05 3.95952E-07 8.32636E-09 -3.06666E-09 2.55827E-06 
-3.06666E-09 -1.65116E-08 1.70765E-04 3.71239E-08 5.53521E-07 -9.38833E-08 3.77708E-05 3.17834E-07 -1.65116E-08 -3.06666E-09 1.53549E-06 
-2.03149E-08 -4.01713E-08 1.46817E-04 1.69049E-08 4.38723E-07 -1.82754E-07 3.17828E-05 2.43135E-07 -4.01713E-08 -2.03149E-08 1.63670E-07 
-5.51896E-08 -7.30816E-08 1.25739E-04 -1.21536E-08 3.10702E-07 -2.64675E-07 2.66283E-05 1.60923E-07 -7.30816E-08 -5.51896E-08 -1.52326E-06 
-1.00935E-07 -1.16828E-07 1.07221E-04 -5.16909E-08 1.69196E-07 -3.41493E-07 2.21959E-05 6.98133E-08 -1.16828E-07 -1.00935E-07 -3.54913E-06 
-1.56656E-07 -1.70514E-07 9.10337E-05 -1.00826E-07 1.69797E-08 -4.12020E-07 1.84014E-05 -2.89390E-08 -1.70514E-07 -1.56656E-07 -5.90795E-06 
-2.20983E-07 -2.32766E-07 7.69549E-05 -1.58215E-07 -1.42618E-07 -4.74923E-07 1.51668E-05 -1.33608E-07 -2.32766E-07 -2.20983E-07 -8.54427E-06 
-2.91975E-07 -3.01640E-07 6.47692E-05 -2.21953E-07 -3.05661E-07 -5.28650E-07 1.24208E-05 -2.41916E-07 -3.01640E-07 -2.91975E-07 -1.13458E-05 
-3.67005E-07 -3.74508E-07 5.42729E-05 -2.89464E-07 -4.67553E-07 -5.71335E-07 1.00992E-05 -3.50937E-07 -3.74508E-07 -3.67005E-07 -1.41387E-05 
-4.42646E-07 -4.47944E-07 4.52752E-05 -3.57384E-07 -6.22974E-07 -6.00680E-07 8.14538E-06 -4.56994E-07 -4.47944E-07 -4.42646E-07 -1.66874E-05 
-5.14566E-07 -5.17617E-07 3.75998E-05 -4.21454E-07 -7.65834E-07 -6.13837E-07 6.50993E-06 -5.55560E-07 -5.17617E-07 -5.14566E-07 -1.86988E-05 
-5.77460E-07 -5.78223E-07 3.10861E-05 -4.76455E-07 -8.89256E-07 -6.07312E-07 5.15074E-06 -6.41207E-07 -5.78223E-07 -5.77460E-07 -1.98338E-05 
-6.25033E-07 -6.23473E-07 2.55895E-05 -5.16190E-07 -9.85606E-07 -5.76908E-07 4.03258E-06 -7.07587E-07 -6.23473E-07 -6.25033E-07 -1.97239E-05 
-6.50085E-07 -6.46170E-07 2.09810E-05 -5.33560E-07 -1.04662E-06 -5.17752E-07 3.12658E-06 -7.47522E-07 -6.46170E-07 -6.50085E-07 -1.79971E-05 
-6.44691E-07 -6.38398E-07 1.71466E-05 -5.20751E-07 -1.06362E-06 -4.24416E-07 2.40965E-06 -7.53180E-07 -6.38398E-07 -6.44691E-07 -1.43081E-05 
-3.04093E-09 3.33503E-08 2.35496E-04 2.24945E-08 1.13787E-06 9.24729E-07 1.76196E-05 5.63139E-07 3.33503E-08 -3.04093E-09 1.36930E-06 
-3.04093E-09 3.33503E-08 2.05715E-04 3.41895E-08 1.16696E-06 8.23932E-07 1.52552E-05 5.72929E-07 3.33503E-08 -3.04093E-09 9.75154E-07 
-3.04093E-09 5.79482E-09 1.79416E-04 4.75248E-08 1.18428E-06 7.23330E-07 1.31992E-05 5.78513E-07 5.79482E-09 -3.04093E-09 7.70707E-07 
-3.04093E-09 1.89216E-08 1.56216E-04 6.09736E-08 1.18868E-06 6.23119E-07 1.14116E-05 5.78734E-07 1.89216E-08 -3.04093E-09 7.23766E-07 
-3.04093E-09 3.04691E-08 1.35501E-04 7.30193E-08 1.17920E-06 5.20614E-07 9.83635E-06 5.72415E-07 3.04691E-08 -3.04093E-09 8.06383E-07 
-3.04093E-09 3.92345E-08 1.17093E-04 8.24926E-08 1.15475E-06 4.16298E-07 8.45339E-06 5.58655E-07 3.92345E-08 -3.04093E-09 9.83405E-07 
-3.04093E-09 4.42596E-08 1.00811E-04 8.84682E-08 1.11471E-06 3.10940E-07 7.24318E-06 5.36869E-07 4.42596E-08 -3.04093E-09 1.20733E-06 
-3.04093E-09 4.51032E-08 8.95564E-05 9.02338E-08 1.07288E-06 2.29337E-07 6.41355E-06 5.14306E-07 4.51032E-08 -3.04093E-09 1.37584E-06 
-3.04093E-09 4.48020E-08 8.64740E-05 9.02352E-08 1.05887E-06 2.05549E-07 6.18724E-06 5.06758E-07 4.48020E-08 -3.04093E-09 1.41939E-06 
-3.04093E-09 3.97243E-08 7.29930E-05 8.68183E-08 9.81164E-07 9.32172E-08 5.20159E-06 4.64897E-07 3.97243E-08 -3.04093E-09 1.55685E-06 
-3.04093E-09 2.82745E-08 6.13555E-05 7.74134E-08 8.85969E-07 -1.62343E-08 4.35486E-06 4.13464E-07 2.82745E-08 -3.04093E-09 1.51026E-06 
-3.04093E-09 1.00914E-08 5.13580E-05 6.16852E-08 7.74341E-07 -1.21245E-07 3.62844E-06 3.52828E-07 1.00914E-08 -3.04093E-09 1.18770E-06 
-3.04093E-09 -1.50675E-08 4.28097E-05 3.94093E-08 6.47684E-07 -2.20343E-07 3.00543E-06 2.83509E-07 -1.50675E-08 -3.04093E-09 5.05106E-07 
-2.01762E-08 -3.88268E-08 3.56224E-05 1.91832E-08 5.18300E-07 -3.00228E-07 2.48390E-06 2.15103E-07 -3.88268E-08 -2.01762E-08 -6.16854E-07 
-5.48804E-08 -7.17649E-08 2.94935E-05 -9.78664E-09 3.75460E-07 -3.74206E-07 2.03135E-06 1.37163E-07 -7.17649E-08 -5.48804E-08 -2.11634E-06 
-1.00422E-07 -1.15478E-07 2.42767E-05 -4.91519E-08 2.19090E-07 -4.43640E-07 1.63463E-06 4.87165E-08 -1.15478E-07 -1.00422E-07 -3.99965E-06 
-1.55882E-07 -1.69045E-07 1.98597E-05 -9.80098E-08 5.22392E-08 -5.06910E-07 1.28545E-06 -4.85933E-08 -1.69045E-07 -1.55882E-07 -6.24792E-06 
-2.19869E-07 -2.31076E-07 1.61387E-05 -1.55000E-07 -1.21486E-07 -5.62331E-07 9.76845E-07 -1.52690E-07 -2.31076E-07 -2.19869E-07 -8.79588E-06 
-2.90431E-07 -2.99616E-07 1.30197E-05 -2.18211E-07 -2.97889E-07 -6.08091E-07 7.03260E-07 -2.60988E-07 -2.99616E-07 -2.90431E-07 -1.15239E-05 
-3.64932E-07 -3.72032E-07 1.04179E-05 -2.85063E-07 -4.72126E-07 -6.42149E-07 4.60688E-07 -3.70299E-07 -3.72032E-07 -3.64932E-07 -1.42529E-05 
-4.39948E-07 -4.44900E-07 8.25908E-06 -3.52201E-07 -6.38663E-07 -6.62124E-07 2.46740E-07 -4.76726E-07 -4.44900E-07 -4.39948E-07 -1.67436E-05 
-5.11156E-07 -5.13902E-07 6.47857E-06 -4.15384E-07 -7.91227E-07 -6.65165E-07 6.07195E-08 -5.75577E-07 -5.13902E-07 -5.11156E-07 -1.87014E-05 
-5.73273E-07 -5.73756E-07 5.02135E-06 -4.69420E-07 -9.22798E-07 -6.47856E-07 -9.63665E-08 -6.61301E-07 -5.73756E-07 -5.73273E-07 -1.97862E-05 
-6.20039E-07 -6.18208E-07 3.84139E-06 -5.08154E-07 -1.02565E-06 -6.06152E-07 -2.21844E-07 -7.27479E-07 -6.18208E-07 -6.20039E-07 -1.96309E-05 
-6.44299E-07 -6.40111E-07 2.90091E-06 -5.24543E-07 -1.09148E-06 -5.35393E-07 -3.11518E-07 -7.66907E-07 -6.40111E-07 -6.44299E-07 -1.78652E-05 
-6.38192E-07 -6.31612E-07 2.16949E-06 -5.10844E-07 -1.11162E-06 -4.30420E-07 -3.59920E-07 -7.71775E-07 -6.31612E-07 -6.38192E-07 -1.41471E-05 
-3.02064E-09 3.41614E-08 -2.70657E-05 2.26535E-08 1.34278E-06 1.10826E-06 5.34652E-06 7.12522E-07 3.41614E-08 -3.02064E-09 -6.28240E-07 
-3.02064E-09 3.41614E-08 -2.53362E-05 3.49726E-08 1.37138E-06 9.90134E-07 4.57959E-06 7.20550E-07 3.41614E-08 -3.02064E-09 -5.34728E-07 
-3.02064E-09 5.99438E-09 -2.34748E-05 4.87431E-08 1.38621E-06 8.71290E-07 3.90398E-06 7.22595E-07 5.99438E-09 -3.02064E-09 -3.75849E-07 
-3.02064E-09 1.94747E-08 -2.15484E-05 6.24754E-08 1.38625E-06 7.52306E-07 3.31123E-06 7.17766E-07 1.94747E-08 -3.02064E-09 -1.50867E-07 
-3.02064E-09 3.12396E-08 -1.95848E-05 7.46733E-08 1.37059E-06 6.30505E-07 2.78592E-06 7.05046E-07 3.12396E-08 -3.02064E-09 1.39200E-07 
-3.02064E-09 4.01067E-08 -1.76307E-05 8.41910E-08 1.33826E-06 5.06707E-07 2.32374E-06 6.83725E-07 4.01067E-08 -3.02064E-09 4.74372E-07 
-3.02064E-09 4.51389E-08 -1.57249E-05 9.01272E-08 1.28872E-06 3.82018E-07 1.91993E-06 6.53414E-07 4.51389E-08 -3.02064E-09 8.18736E-07 
-3.02064E-09 4.59370E-08 -1.43037E-05 9.18203E-08 1.23854E-06 2.85769E-07 1.64433E-06 6.23719E-07 4.59370E-08 -3.02064E-09 1.06023E-06 
-3.02064E-09 4.56157E-08 -1.38989E-05 9.17955E-08 1.22192E-06 2.57773E-07 1.56942E-06 6.14012E-07 4.56157E-08 -3.02064E-09 1.12234E-06 
-3.02064E-09 4.04109E-08 -1.20471E-05 8.82341E-08 1.13094E-06 1.26005E-07 1.24512E-06 5.61503E-07 4.04109E-08 -3.02064E-09 1.33383E-06 
-3.02064E-09 2.88019E-08 -1.03380E-05 7.86746E-08 1.02118E-06 -1.60185E-09 9.69937E-07 4.99004E-07 2.88019E-08 -3.02064E-09 1.34192E-06 
-3.02064E-09 1.04538E-08 -8.78569E-06 6.28101E-08 8.93953E-07 -1.23162E-07 7.37161E-07 4.27118E-07 1.04538E-08 -3.02064E-09 1.05969E-06 
-3.02064E-09 -1.48512E-08 -7.39726E-06 4.04430E-08 7.50936E-07 -2.36917E-07 5.40277E-07 3.46585E-07 -1.48512E-08 -3.02064E-09 4.07056E-07 
-2.00621E-08 -3.85543E-08 -6.17914E-06 2.03627E-08 6.05118E-07 -3.28936E-07 3.82466E-07 2.67479E-07 -3.85543E-08 -2.00621E-08 -6.93495E-07 
-5.46122E-08 -7.13774E-08 -5.11725E-06 -8.37700E-09 4.45623E-07 -4.12846E-07 2.45346E-07 1.79212E-07 -7.13774E-08 -5.46122E-08 -2.17608E-06 
-9.99595E-08 -1.14929E-07 -4.20588E-06 -4.74425E-08 2.72584E-07 -4.89938E-07 1.22404E-07 8.09214E-08 -1.14929E-07 -9.99595E-08 -4.04454E-06 
-1.55164E-07 -1.68269E-07 -3.43768E-06 -9.59113E-08 8.93565E-08 -5.58477E-07 1.02321E-08 -2.55886E-08 -1.68269E-07 -1.55164E-07 -6.27819E-06 
-2.18820E-07 -2.29988E-07 -2.80243E-06 -1.52409E-07 -1.00153E-07 -6.16728E-07 -9.37946E-08 -1.38105E-07 -2.29988E-07 -2.18820E-07 -8.81019E-06 
-2.88961E-07 -2.98121E-07 -2.28767E-06 -2.15013E-07 -2.91459E-07 -6.62895E-07 -1.91355E-07 -2.53932E-07 -2.98121E-07 -2.88961E-07 -1.15197E-05 
-3.62948E-07 -3.70030E-07 -1.87925E-06 -2.81144E-07 -4.79451E-07 -6.95021E-07 -2.83020E-07 -3.69796E-07 -3.70030E-07 -3.62948E-07 -1.42268E-05 
-4.37358E-07 -4.42291E-07 -1.56180E-06 -3.47453E-07 -6.58356E-07 -7.10875E-07 -3.68118E-07 -4.81752E-07 -4.42291E-07 -4.37358E-07 -1.66922E-05 
-5.07880E-07 -5.10596E-07 -1.31911E-06 -4.09714E-07 -8.21702E-07 -7.07821E-07 -4.44623E-07 -5.85087E-07 -5.10596E-07 -5.07880E-07 -1.86215E-05 
-5.69249E-07 -5.69685E-07 -1.13445E-06 -4.62762E-07 -9.62318E-07 -6.82715E-07 -5.09103E-07 -6.74262E-07 -5.69685E-07 -5.69249E-07 -1.96761E-05 
-6.15239E-07 -6.13337E-07 -9.90845E-07 -5.00482E-07 -1.07237E-06 -6.31839E-07 -5.56727E-07 -7.42908E-07 -6.13337E-07 -6.15239E-07 -1.94910E-05 
-6.38741E-07 -6.34450E-07 -8.71383E-07 -5.15884E-07 -1.14352E-06 -5.50904E-07 -5.81386E-07 -7.83900E-07 -6.34450E-07 -6.38741E-07 -1.76988E-05 
-6.31957E-07 -6.25234E-07 -7.59492E-07 -5.01296E-07 -1.16711E-06 -4.35161E-07 -5.75914E-07 -7.89545E-07 -6.25234E-07 -6.31957E-07 -1.39613E-05 
---
