PdfType: replica
Format: lhagrid1
---
1.00000E-06 1.28121E-06 1.64152E-06 2.10317E-06 2.69463E-06 3.45242E-06 4.42329E-06 5.66715E-06 7.26076E-06 9.30241E-06 1.19180E-05 1.52689E-05 1.95617E-05 2.50609E-05 3.21053E-05 4.11287E-05 5.26863E-05 6.74889E-05 8.64459E-05 1.10720E-04 1.41800E-04 1.81585E-04 2.32503E-04 2.97652E-04 3.80981E-04 4.87518E-04 6.26039E-04 8.00452E-04 1.02297E-03 1.30657E-03 1.66759E-03 2.12729E-03 2.71054E-03 3.44865E-03 4.37927E-03 5.54908E-03 7.01192E-03 8.83064E-03 1.10763E-02 1.38266E-02 1.71641E-02 2.11717E-02 2.59364E-02 3.15062E-02 3.79623E-02 4.53425E-02 5.36750E-02 6.29705E-02 7.32221E-02 8.44039E-02 9.64793E-02 1.09332E-01 1.23067E-01 1.37507E-01 1.52639E-01 1.68416E-01 1.84794E-01 2.01731E-01 2.19016E-01 2.36948E-01 2.55242E-01 2.73927E-01 2.92954E-01 3.12340E-01 3.32036E-01 3.52019E-01 3.72282E-01 3.92772E-01 4.13533E-01 4.34326E-01 4.55495E-01 4.76836E-01 4.98342E-01 5.20006E-01 5.41818E-01 5.63773E-01 5.85861E-01 6.08077E-01 6.30459E-01 6.52800E-01 6.75387E-01 6.98063E-01 7.20830E-01 7.43683E-01 7.66623E-01 7.89636E-01 8.12791E-01 8.35940E-01 8.59175E-01 8.82485E-01 9.05866E-01 9.29311E-01 9.52817E-01 9.76387E-01 1.00000E+00 
1.14018E+00 1.22539E+00 1.32482E+00 1.44156E+00 1.57954E+00 1.74381E+00 1.94091E+00 2.12132E+00 2.17945E+00 2.49622E+00 2.89383E+00 3.39925E+00 4.05063E+00 4.90286E+00 6.03623E+00 7.57063E+00 9.68869E+00 1.26749E+01 1.69835E+01 2.33578E+01 3.30501E+01 4.82334E+01 7.28041E+01 1.13998E+02 1.85779E+02 3.16228E+02 
-5 -4 -3 -2 -1 1 2 3 4 5 21 
5.65528E-02 1.66291E-01 4.86894E-01 1.40253E+00 1.40259E+00 1.40165E+00 1.40402E+00 4.86894E-01 1.66291E-01 5.65528E-02 -1.22220E+00 
5.65528E-02 1.66291E-01 5.08457E-01 1.41691E+00 1.41697E+00 1.41604E+00 1.41845E+00 5.08457E-01 1.66291E-01 5.65528E-02 -4.41775E-01 
5.65528E-02 1.77615E-02 5.42911E-01 1.44420E+00 1.44427E+00 1.44334E+00 1.44579E+00 5.42911E-01 1.77615E-02 5.65528E-02 5.49341E-01 
5.65528E-02 7.04549E-02 5.92372E-01 1.48651E+00 1.48659E+00 1.48566E+00 1.48816E+00 5.92372E-01 7.04549E-02 5.65528E-02 1.78467E+00 
5.65528E-02 1.41661E-01 6.60309E-01 1.54722E+00 1.54731E+00 1.54638E+00 1.54892E+00 6.60309E-01 1.41661E-01 5.65528E-02 3.37896E+00 
5.65528E-02 2.34684E-01 7.50030E-01 1.62965E+00 1.62974E+00 1.62882E+00 1.63141E+00 7.50030E-01 2.34684E-01 5.65528E-02 5.43051E+00 
5.65528E-02 3.53273E-01 8.65285E-01 1.73756E+00 1.73766E+00 1.73674E+00 1.73938E+00 8.65285E-01 3.53273E-01 5.65528E-02 8.05904E+00 
5.65528E-02 4.65248E-01 9.74662E-01 1.84122E+00 1.84132E+00 1.84041E+00 1.84308E+00 9.74662E-01 4.65248E-01 5.65528E-02 1.05791E+01 
5.65528E-02 5.01671E-01 1.01032E+00 1.87520E+00 1.87531E+00 1.87439E+00 1.87707E+00 1.01032E+00 5.01671E-01 5.65528E-02 1.14084E+01 
5.65528E-02 7.00621E-01 1.20562E+00 2.06247E+00 2.06258E+00 2.06168E+00 2.06441E+00 1.20562E+00 7.00621E-01 5.65528E-02 1.60246E+01 
5.65528E-02 9.46696E-01 1.44802E+00 2.29680E+00 2.29692E+00 2.29602E+00 2.29880E+00 1.44802E+00 9.46696E-01 5.65528E-02 2.19318E+01 
5.65528E-02 1.24776E+00 1.74538E+00 2.58605E+00 2.58618E+00 2.58528E+00 2.58813E+00 1.74538E+00 1.24776E+00 5.65528E-02 2.94293E+01 
5.65528E-02 1.61279E+00 2.10669E+00 2.93922E+00 2.93936E+00 2.93848E+00 2.94138E+00 2.10669E+00 1.61279E+00 5.65528E-02 3.88651E+01 
3.37760E-01 2.00817E+00 2.49837E+00 3.32281E+00 3.32296E+00 3.32208E+00 3.32504E+00 2.49837E+00 2.00817E+00 3.37760E-01 5.05500E+01 
8.26307E-01 2.48237E+00 2.96884E+00 3.78514E+00 3.78530E+00 3.78443E+00 3.78744E+00 2.96884E+00 2.48237E+00 8.26307E-01 6.49052E+01 
1.41766E+00 3.05924E+00 3.54193E+00 4.35002E+00 4.35019E+00 4.34933E+00 4.35241E+00 3.54193E+00 3.05924E+00 1.41766E+00 8.24542E+01 
2.12851E+00 3.75548E+00 4.23436E+00 5.03418E+00 5.03437E+00 5.03352E+00 5.03666E+00 4.23436E+00 3.75548E+00 2.12851E+00 1.03781E+02 
2.97782E+00 4.59007E+00 5.06512E+00 5.85663E+00 5.85682E+00 5.85598E+00 5.85920E+00 5.06512E+00 4.59007E+00 2.97782E+00 1.29545E+02 
3.98703E+00 5.58446E+00 6.05565E+00 6.83880E+00 6.83901E+00 6.83819E+00 6.84147E+00 6.05565E+00 5.58446E+00 3.98703E+00 1.60478E+02 
5.18026E+00 6.76280E+00 7.23010E+00 8.00486E+00 8.00509E+00 8.00428E+00 8.00763E+00 7.23010E+00 6.76280E+00 5.18026E+00 1.97392E+02 
6.58457E+00 8.15215E+00 8.61555E+00 9.38190E+00 9.38214E+00 9.38135E+00 9.38477E+00 8.61555E+00 8.15215E+00 6.58457E+00 2.41174E+02 
8.23017E+00 9.78273E+00 1.02422E+01 1.10001E+01 1.10004E+01 1.09996E+01 1.10031E+01 1.02422E+01 9.78273E+00 8.23017E+00 2.92786E+02 
1.01506E+01 1.16881E+01 1.21437E+01 1.28932E+01 1.28934E+01 1.28927E+01 1.28963E+01 1.21437E+01 1.16881E+01 1.01506E+01 3.53263E+02 
1.23830E+01 1.39054E+01 1.43570E+01 1.50981E+01 1.50983E+01 1.50976E+01 1.51013E+01 1.43570E+01 1.39054E+01 1.23830E+01 4.23705E+02 
1.49679E+01 1.64752E+01 1.69229E+01 1.76556E+01 1.76559E+01 1.76551E+01 1.76589E+01 1.69229E+01 1.64752E+01 1.49679E+01 5.05274E+02 
1.79500E+01 1.94422E+01 1.98859E+01 2.06101E+01 2.06104E+01 2.06098E+01 2.06136E+01 1.98859E+01 1.94422E+01 1.79500E+01 5.99185E+02 
5.33986E-02 1.60484E-01 4.63518E-01 1.32316E+00 1.32323E+00 1.32229E+00 1.32487E+00 4.63518E-01 1.60484E-01 5.33986E-02 -1.17903E+00 
5.33986E-02 1.60484E-01 4.84787E-01 1.33767E+00 1.33775E+00 1.33681E+00 1.33944E+00 4.84787E-01 1.60484E-01 5.33986E-02 -4.25749E-01 
5.33986E-02 1.72629E-02 5.18396E-01 1.36455E+00 1.36464E+00 1.36370E+00 1.36638E+00 5.18396E-01 1.72629E-02 5.33986E-02 5.31121E-01 
5.33986E-02 6.82564E-02 5.66305E-01 1.40574E+00 1.40583E+00 1.40490E+00 1.40762E+00 5.66305E-01 6.82564E-02 5.33986E-02 1.72318E+00 
5.33986E-02 1.36829E-01 6.31758E-01 1.46440E+00 1.46450E+00 1.46357E+00 1.46634E+00 6.31758E-01 1.36829E-01 5.33986E-02 3.26020E+00 
5.33986E-02 2.26037E-01 7.17815E-01 1.54361E+00 1.54372E+00 1.54279E+00 1.54561E+00 7.17815E-01 2.26037E-01 5.33986E-02 5.23507E+00 
5.33986E-02 3.39343E-01 8.27940E-01 1.64683E+00 1.64694E+00 1.64602E+00 1.64889E+00 8.27940E-01 3.39343E-01 5.33986E-02 7.76029E+00 
5.33986E-02 4.46012E-01 9.32130E-01 1.74564E+00 1.74576E+00 1.74484E+00 1.74776E+00 9.32130E-01 4.46012E-01 5.33986E-02 1.01763E+01 
5.33986E-02 4.80654E-01 9.66044E-01 1.77798E+00 1.77810E+00 1.77718E+00 1.78011E+00 9.66044E-01 4.80654E-01 5.33986E-02 1.09702E+01 
5.33986E-02 6.69491E-01 1.15140E+00 1.95578E+00 1.95592E+00 1.95501E+00 1.95799E+00 1.15140E+00 6.69491E-01 5.33986E-02 1.53819E+01 
5.33986E-02 9.02327E-01 1.38072E+00 2.17752E+00 2.17767E+00 2.17676E+00 2.17980E+00 1.38072E+00 9.02327E-01 5.33986E-02 2.10095E+01 
5.33986E-02 1.18635E+00 1.66121E+00 2.45039E+00 2.45055E+00 2.44965E+00 2.45275E+00 1.66121E+00 1.18635E+00 5.33986E-02 2.81281E+01 
5.33986E-02 1.52975E+00 2.00107E+00 2.78259E+00 2.78276E+00 2.78187E+00 2.78503E+00 2.00107E+00 1.52975E+00 5.33986E-02 3.70559E+01 
3.18522E-01 1.90224E+00 2.37002E+00 3.14395E+00 3.14413E+00 3.14325E+00 3.14648E+00 2.37002E+00 1.90224E+00 3.18522E-01 4.80478E+01 
7.77778E-01 2.34784E+00 2.81206E+00 3.57833E+00 3.57852E+00 3.57765E+00 3.58094E+00 2.81206E+00 2.34784E+00 7.77778E-01 6.15005E+01 
1.33184E+00 2.88811E+00 3.34872E+00 4.10728E+00 4.10748E+00 4.10663E+00 4.10999E+00 3.34872E+00 2.88811E+00 1.33184E+00 7.78909E+01 
1.99574E+00 3.53811E+00 3.99509E+00 4.74588E+00 4.74609E+00 4.74525E+00 4.74868E+00 3.99509E+00 3.53811E+00 1.99574E+00 9.77422E+01 
2.78653E+00 4.31487E+00 4.76820E+00 5.51117E+00 5.51140E+00 5.51057E+00 5.51407E+00 4.76820E+00 4.31487E+00 2.78653E+00 1.21641E+02 
3.72337E+00 5.23761E+00 5.68724E+00 6.42236E+00 6.42261E+00 6.42180E+00 6.42537E+00 5.68724E+00 5.23761E+00 3.72337E+00 1.50236E+02 
4.82777E+00 6.32783E+00 6.77376E+00 7.50100E+00 7.50126E+00 7.50047E+00 7.50412E+00 6.77376E+00 6.32783E+00 4.82777E+00 1.84243E+02 
6.12379E+00 7.60961E+00 8.05181E+00 8.77115E+00 8.77143E+00 8.77066E+00 8.77438E+00 8.05181E+00 7.60961E+00 6.12379E+00 2.24438E+02 
7.63815E+00 9.10967E+00 9.54814E+00 1.02596E+01 1.02599E+01 1.02591E+01 1.02629E+01 9.54814E+00 9.10967E+00 7.63815E+00 2.71658E+02 
9.40045E+00 1.08576E+01 1.12924E+01 1.19959E+01 1.19962E+01 1.19954E+01 1.19993E+01 1.12924E+01 1.08576E+01 9.40045E+00 3.26799E+02 
1.14432E+01 1.28860E+01 1.33170E+01 1.40126E+01 1.40129E+01 1.40122E+01 1.40162E+01 1.33170E+01 1.28860E+01 1.14432E+01 3.90807E+02 
1.38020E+01 1.52305E+01 1.56577E+01 1.63453E+01 1.63457E+01 1.63450E+01 1.63491E+01 1.56577E+01 1.52305E+01 1.38020E+01 4.64672E+02 
1.65156E+01 1.79297E+01 1.83531E+01 1.90329E+01 1.90332E+01 1.90326E+01 1.90367E+01 1.83531E+01 1.79297E+01 1.65156E+01 5.49426E+02 
5.03942E-02 1.54912E-01 4.41197E-01 1.24819E+00 1.24828E+00 1.24732E+00 1.25016E+00 4.41197E-01 1.54912E-01 5.03942E-02 -1.13826E+00 
5.03942E-02 1.54912E-01 4.62199E-01 1.26285E+00 1.26294E+00 1.26199E+00 1.26487E+00 4.62199E-01 1.54912E-01 5.03942E-02 -4.10478E-01 
5.03942E-02 1.67867E-02 4.95004E-01 1.28932E+00 1.28943E+00 1.28848E+00 1.29141E+00 4.95004E-01 1.67867E-02 5.03942E-02 5.14043E-01 
5.03942E-02 6.61503E-02 5.41424E-01 1.32942E+00 1.32954E+00 1.32859E+00 1.33158E+00 5.41424E-01 6.61503E-02 5.03942E-02 1.66501E+00 
5.03942E-02 1.32193E-01 6.04490E-01 1.38611E+00 1.38623E+00 1.38529E+00 1.38833E+00 6.04490E-01 1.32193E-01 5.03942E-02 3.14741E+00 
5.03942E-02 2.17740E-01 6.87030E-01 1.46221E+00 1.46234E+00 1.46141E+00 1.46449E+00 6.87030E-01 2.17740E-01 5.03942E-02 5.04886E+00 
5.03942E-02 3.25982E-01 7.92237E-01 1.56093E+00 1.56107E+00 1.56014E+00 1.56328E+00 7.92237E-01 3.25982E-01 5.03942E-02 7.47492E+00 
5.03942E-02 4.27574E-01 8.91462E-01 1.65510E+00 1.65525E+00 1.65432E+00 1.65751E+00 8.91462E-01 4.27574E-01 5.03942E-02 9.79087E+00 
5.03942E-02 4.60513E-01 9.23707E-01 1.68586E+00 1.68601E+00 1.68509E+00 1.68829E+00 9.23707E-01 4.60513E-01 5.03942E-02 1.05510E+01 
5.03942E-02 6.39697E-01 1.09956E+00 1.85463E+00 1.85479E+00 1.85388E+00 1.85713E+00 1.09956E+00 6.39697E-01 5.03942E-02 1.47661E+01 
5.03942E-02 8.59923E-01 1.31644E+00 2.06437E+00 2.06455E+00 2.06364E+00 2.06696E+00 1.31644E+00 8.59923E-01 5.03942E-02 2.01252E+01 
5.03942E-02 1.12776E+00 1.58090E+00 2.32167E+00 2.32186E+00 2.32096E+00 2.32435E+00 1.58090E+00 1.12776E+00 5.03942E-02 2.68808E+01 
5.03942E-02 1.45065E+00 1.90041E+00 2.63399E+00 2.63419E+00 2.63331E+00 2.63676E+00 1.90041E+00 1.45065E+00 5.03942E-02 3.53229E+01 
3.00219E-01 1.80139E+00 2.24778E+00 2.97421E+00 2.97442E+00 2.97355E+00 2.97707E+00 2.24778E+00 1.80139E+00 3.00219E-01 4.56559E+01 
7.31692E-01 2.21986E+00 2.66285E+00 3.38209E+00 3.38231E+00 3.38146E+00 3.38504E+00 2.66285E+00 2.21986E+00 7.31692E-01 5.82538E+01 
1.25049E+00 2.72552E+00 3.16507E+00 3.87707E+00 3.87731E+00 3.87647E+00 3.88013E+00 3.16507E+00 2.72552E+00 1.25049E+00 7.35497E+01 
1.87014E+00 3.33193E+00 3.76802E+00 4.47271E+00 4.47296E+00 4.47214E+00 4.47587E+00 3.76802E+00 3.33193E+00 1.87014E+00 9.20114E+01 
2.60591E+00 4.05436E+00 4.48695E+00 5.18429E+00 5.18456E+00 5.18376E+00 5.18757E+00 4.48695E+00 4.05436E+00 2.60591E+00 1.14159E+02 
3.47491E+00 4.90994E+00 5.33901E+00 6.02898E+00 6.02927E+00 6.02848E+00 6.03237E+00 5.33901E+00 4.90994E+00 3.47491E+00 1.40568E+02 
4.49630E+00 5.91782E+00 6.34336E+00 7.02593E+00 7.02623E+00 7.02547E+00 7.02943E+00 6.34336E+00 5.91782E+00 4.49630E+00 1.71863E+02 
5.69139E+00 7.09935E+00 7.52133E+00 8.19647E+00 8.19679E+00 8.19605E+00 8.20010E+00 7.52133E+00 7.09935E+00 5.69139E+00 2.08724E+02 
7.08376E+00 8.47812E+00 8.89653E+00 9.56423E+00 9.56457E+00 9.56386E+00 9.56800E+00 8.89653E+00 8.47812E+00 7.08376E+00 2.51876E+02 
8.69946E+00 1.00802E+01 1.04950E+01 1.11553E+01 1.11556E+01 1.11549E+01 1.11592E+01 1.04950E+01 1.00802E+01 8.69946E+00 3.02090E+02 
1.05669E+01 1.19340E+01 1.23452E+01 1.29980E+01 1.29984E+01 1.29978E+01 1.30021E+01 1.23452E+01 1.19340E+01 1.05669E+01 3.60175E+02 
1.27173E+01 1.40706E+01 1.44783E+01 1.51236E+01 1.51240E+01 1.51234E+01 1.51278E+01 1.44783E+01 1.40706E+01 1.27173E+01 4.26976E+02 
1.51840E+01 1.65236E+01 1.69277E+01 1.75657E+01 1.75661E+01 1.75655E+01 1.75700E+01 1.69277E+01 1.65236E+01 1.51840E+01 5.03358E+02 
4.75334E-02 1.49562E-01 4.19886E-01 1.17738E+00 1.17749E+00 1.17653E+00 1.17963E+00 4.19886E-01 1.49562E-01 4.75334E-02 -1.09975E+00 
4.75334E-02 1.49562E-01 4.40645E-01 1.19218E+00 1.19229E+00 1.19133E+00 1.19449E+00 4.40645E-01 1.49562E-01 4.75334E-02 -3.95897E-01 
4.75334E-02 1.63315E-02 4.72683E-01 1.21827E+00 1.21839E+00 1.21744E+00 1.22065E+00 4.72683E-01 1.63315E-02 4.75334E-02 4.98080E-01 
4.75334E-02 6.41309E-02 5.17673E-01 1.25732E+00 1.25746E+00 1.25651E+00 1.25977E+00 5.17673E-01 6.41309E-02 4.75334E-02 1.61002E+00 
4.75334E-02 1.27743E-01 5.78444E-01 1.31209E+00 1.31224E+00 1.31130E+00 1.31461E+00 5.78444E-01 1.27743E-01 4.75334E-02 3.04029E+00 
4.75334E-02 2.09774E-01 6.57606E-01 1.38520E+00 1.38536E+00 1.38442E+00 1.38780E+00 6.57606E-01 2.09774E-01 4.75334E-02 4.87141E+00 
4.75334E-02 3.13163E-01 7.58098E-01 1.47960E+00 1.47976E+00 1.47883E+00 1.48226E+00 7.58098E-01 3.13163E-01 4.75334E-02 7.20226E+00 
4.75334E-02 4.09895E-01 8.52572E-01 1.56932E+00 1.56950E+00 1.56857E+00 1.57205E+00 8.52572E-01 4.09895E-01 4.75334E-02 9.42209E+00 
4.75334E-02 4.41208E-01 8.83222E-01 1.59858E+00 1.59876E+00 1.59784E+00 1.60133E+00 8.83222E-01 4.41208E-01 4.75334E-02 1.01496E+01 
4.75334E-02 6.11175E-01 1.05002E+00 1.75871E+00 1.75890E+00 1.75799E+00 1.76154E+00 1.05002E+00 6.11175E-01 4.75334E-02 1.41758E+01 
4.75334E-02 8.19395E-01 1.25504E+00 1.95703E+00 1.95723E+00 1.95633E+00 1.95996E+00 1.25504E+00 8.19395E-01 4.75334E-02 1.92773E+01 
4.75334E-02 1.07185E+00 1.50428E+00 2.19954E+00 2.19975E+00 2.19887E+00 2.20256E+00 1.50428E+00 1.07185E+00 4.75334E-02 2.56849E+01 
4.75334E-02 1.37531E+00 1.80451E+00 2.49301E+00 2.49324E+00 2.49237E+00 2.49613E+00 1.80451E+00 1.37531E+00 4.75334E-02 3.36629E+01 
2.82812E-01 1.70538E+00 2.13135E+00 2.81315E+00 2.81339E+00 2.81254E+00 2.81637E+00 2.13135E+00 1.70538E+00 2.82812E-01 4.33699E+01 
6.87940E-01 2.09813E+00 2.52086E+00 3.19589E+00 3.19615E+00 3.19531E+00 3.19922E+00 2.52086E+00 2.09813E+00 6.87940E-01 5.51582E+01 
1.17341E+00 2.57109E+00 2.99054E+00 3.65876E+00 3.65904E+00 3.65822E+00 3.66221E+00 2.99054E+00 2.57109E+00 1.17341E+00 6.94210E+01 
1.75136E+00 3.13644E+00 3.55258E+00 4.21394E+00 4.21424E+00 4.21343E+00 4.21750E+00 3.55258E+00 3.13644E+00 1.75136E+00 8.65747E+01 
2.43543E+00 3.80781E+00 4.22062E+00 4.87508E+00 4.87539E+00 4.87462E+00 4.87876E+00 4.22062E+00 3.80781E+00 2.43543E+00 1.07081E+02 
3.24090E+00 4.60049E+00 5.00994E+00 5.65747E+00 5.65780E+00 5.65705E+00 5.66128E+00 5.00994E+00 4.60049E+00 3.24090E+00 1.31444E+02 
4.18474E+00 5.53148E+00 5.93755E+00 6.57813E+00 6.57848E+00 6.57775E+00 6.58207E+00 5.93755E+00 5.53148E+00 4.18474E+00 1.60213E+02 
5.28580E+00 6.61963E+00 7.02231E+00 7.65591E+00 7.65629E+00 7.65559E+00 7.65999E+00 7.02231E+00 6.61963E+00 5.28580E+00 1.93976E+02 
6.56486E+00 7.88574E+00 8.28502E+00 8.91163E+00 8.91202E+00 8.91136E+00 8.91585E+00 8.28502E+00 7.88574E+00 6.56486E+00 2.33362E+02 
8.04475E+00 9.35263E+00 9.74849E+00 1.03681E+01 1.03685E+01 1.03679E+01 1.03725E+01 9.74849E+00 9.35263E+00 8.04475E+00 2.79032E+02 
9.75031E+00 1.10452E+01 1.14376E+01 1.20502E+01 1.20507E+01 1.20501E+01 1.20548E+01 1.14376E+01 1.10452E+01 9.75031E+00 3.31673E+02 
1.17085E+01 1.29904E+01 1.33794E+01 1.39850E+01 1.39855E+01 1.39849E+01 1.39897E+01 1.33794E+01 1.29904E+01 1.17085E+01 3.91999E+02 
1.39485E+01 1.52173E+01 1.56028E+01 1.62015E+01 1.62020E+01 1.62015E+01 1.62064E+01 1.56028E+01 1.52173E+01 1.39485E+01 4.60736E+02 
4.48100E-02 1.44423E-01 3.99541E-01 1.11051E+00 1.11064E+00 1.10966E+00 1.11306E+00 3.99541E-01 1.44423E-01 4.48100E-02 -1.06336E+00 
4.48100E-02 1.44423E-01 4.20078E-01 1.12544E+00 1.12558E+00 1.12461E+00 1.12806E+00 4.20078E-01 1.44423E-01 4.48100E-02 -3.81933E-01 
4.48100E-02 1.58958E-02 4.51383E-01 1.15116E+00 1.15131E+00 1.15034E+00 1.15385E+00 4.51383E-01 1.58958E-02 4.48100E-02 4.83215E-01 
4.48100E-02 6.21929E-02 4.95000E-01 1.18919E+00 1.18936E+00 1.18840E+00 1.19196E+00 4.95000E-01 6.21929E-02 4.48100E-02 1.55810E+00 
4.48100E-02 1.23468E-01 5.53564E-01 1.24212E+00 1.24230E+00 1.24134E+00 1.24497E+00 5.53564E-01 1.23468E-01 4.48100E-02 2.93860E+00 
4.48100E-02 2.02124E-01 6.29481E-01 1.31235E+00 1.31254E+00 1.31159E+00 1.31528E+00 6.29481E-01 2.02124E-01 4.48100E-02 4.70233E+00 
4.48100E-02 3.00859E-01 7.25452E-01 1.40259E+00 1.40279E+00 1.40186E+00 1.40560E+00 7.25452E-01 3.00859E-01 4.48100E-02 6.94173E+00 
4.48100E-02 3.92941E-01 8.15378E-01 1.48806E+00 1.48827E+00 1.48734E+00 1.49113E+00 8.15378E-01 3.92941E-01 4.48100E-02 9.06915E+00 
4.48100E-02 4.22698E-01 8.44503E-01 1.51587E+00 1.51608E+00 1.51516E+00 1.51897E+00 8.44503E-01 4.22698E-01 4.48100E-02 9.76534E+00 
4.48100E-02 5.83869E-01 1.00265E+00 1.66775E+00 1.66798E+00 1.66707E+00 1.67094E+00 1.00265E+00 5.83869E-01 4.48100E-02 1.36100E+01 
4.48100E-02 7.80657E-01 1.19638E+00 1.85519E+00 1.85543E+00 1.85454E+00 1.85848E+00 1.19638E+00 7.80657E-01 4.48100E-02 1.84641E+01 
4.48100E-02 1.01850E+00 1.43116E+00 2.08365E+00 2.08390E+00 2.08302E+00 2.08704E+00 1.43116E+00 1.01850E+00 4.48100E-02 2.45385E+01 
4.48100E-02 1.30356E+00 1.71313E+00 2.35927E+00 2.35954E+00 2.35868E+00 2.36277E+00 1.71313E+00 1.30356E+00 4.48100E-02 3.20730E+01 
2.66261E-01 1.61399E+00 2.02049E+00 2.66032E+00 2.66061E+00 2.65977E+00 2.66394E+00 2.02049E+00 1.61399E+00 2.66261E-01 4.11853E+01 
6.46417E-01 1.98236E+00 2.38576E+00 3.01925E+00 3.01956E+00 3.01873E+00 3.02298E+00 2.38576E+00 1.98236E+00 6.46417E-01 5.22073E+01 
1.10039E+00 2.42444E+00 2.82471E+00 3.45179E+00 3.45212E+00 3.45132E+00 3.45565E+00 2.82471E+00 2.42444E+00 1.10039E+00 6.54951E+01 
1.63906E+00 2.95111E+00 3.34822E+00 3.96886E+00 3.96921E+00 3.96843E+00 3.97284E+00 3.34822E+00 2.95111E+00 1.63906E+00 8.14187E+01 
2.27460E+00 3.57455E+00 3.96848E+00 4.58264E+00 4.58301E+00 4.58226E+00 4.58676E+00 3.96848E+00 3.57455E+00 2.27460E+00 1.00385E+02 
3.02057E+00 4.30836E+00 4.69908E+00 5.30673E+00 5.30712E+00 5.30640E+00 5.31099E+00 4.69908E+00 4.30836E+00 3.02057E+00 1.22837E+02 
3.89202E+00 5.16757E+00 5.55507E+00 6.15618E+00 6.15659E+00 6.15591E+00 6.16059E+00 5.55507E+00 5.16757E+00 3.89202E+00 1.49254E+02 
4.90556E+00 6.16882E+00 6.55308E+00 7.14764E+00 7.14808E+00 7.14743E+00 7.15220E+00 6.55308E+00 6.16882E+00 4.90556E+00 1.80144E+02 
6.07944E+00 7.33037E+00 7.71138E+00 8.29938E+00 8.29984E+00 8.29923E+00 8.30410E+00 7.71138E+00 7.33037E+00 6.07944E+00 2.16047E+02 
7.43361E+00 8.67217E+00 9.04992E+00 9.63135E+00 9.63184E+00 9.63127E+00 9.63624E+00 9.04992E+00 8.67217E+00 7.43361E+00 2.57527E+02 
8.98971E+00 1.02159E+01 1.05904E+01 1.11652E+01 1.11657E+01 1.11652E+01 1.11703E+01 1.05904E+01 1.02159E+01 8.98971E+00 3.05168E+02 
1.07711E+01 1.19849E+01 1.23561E+01 1.29244E+01 1.29249E+01 1.29244E+01 1.29296E+01 1.23561E+01 1.19849E+01 1.07711E+01 3.59568E+02 
1.28029E+01 1.40042E+01 1.43721E+01 1.49339E+01 1.49345E+01 1.49340E+01 1.49393E+01 1.43721E+01 1.40042E+01 1.28029E+01 4.21333E+02 
4.22179E-02 1.39483E-01 3.80119E-01 1.04735E+00 1.04751E+00 1.04651E+00 1.05022E+00 3.80119E-01 1.39483E-01 4.22179E-02 -1.02894E+00 
4.22179E-02 1.39483E-01 4.00453E-01 1.06242E+00 1.06259E+00 1.06159E+00 1.06536E+00 4.00453E-01 1.39483E-01 4.22179E-02 -3.68507E-01 
4.22179E-02 1.54781E-02 4.31058E-01 1.08777E+00 1.08795E+00 1.08697E+00 1.09079E+00 4.31058E-01 1.54781E-02 4.22179E-02 4.69442E-01 
4.22179E-02 6.03310E-02 4.73353E-01 1.12482E+00 1.12502E+00 1.12404E+00 1.12793E+00 4.73353E-01 6.03310E-02 4.22179E-02 1.50913E+00 
4.22179E-02 1.19359E-01 5.29793E-01 1.17597E+00 1.17618E+00 1.17521E+00 1.17916E+00 5.29793E-01 1.19359E-01 4.22179E-02 2.84209E+00 
4.22179E-02 1.94770E-01 6.02591E-01 1.24342E+00 1.24364E+00 1.24269E+00 1.24670E+00 6.02591E-01 1.94770E-01 4.22179E-02 4.54122E+00 
4.22179E-02 2.89043E-01 6.94225E-01 1.32967E+00 1.32991E+00 1.32897E+00 1.33304E+00 6.94225E-01 2.89043E-01 4.22179E-02 6.69275E+00 
4.22179E-02 3.76674E-01 7.79799E-01 1.41105E+00 1.41130E+00 1.41037E+00 1.41450E+00 7.79799E-01 3.76674E-01 4.22179E-02 8.73128E+00 
4.22179E-02 4.04944E-01 8.07465E-01 1.43749E+00 1.43774E+00 1.43681E+00 1.44095E+00 8.07465E-01 4.04944E-01 4.22179E-02 9.39736E+00 
4.22179E-02 5.57720E-01 9.57350E-01 1.58149E+00 1.58176E+00 1.58085E+00 1.58506E+00 9.57350E-01 5.57720E-01 4.22179E-02 1.30675E+01 
4.22179E-02 7.43624E-01 1.14034E+00 1.75857E+00 1.75886E+00 1.75796E+00 1.76225E+00 1.14034E+00 7.43624E-01 4.22179E-02 1.76841E+01 
4.22179E-02 9.67601E-01 1.36139E+00 1.97368E+00 1.97398E+00 1.97311E+00 1.97747E+00 1.36139E+00 9.67601E-01 4.22179E-02 2.34393E+01 
4.22179E-02 1.23522E+00 1.62606E+00 2.23239E+00 2.23271E+00 2.23186E+00 2.23630E+00 1.62606E+00 1.23522E+00 4.22179E-02 3.05500E+01 
2.50528E-01 1.52700E+00 1.91492E+00 2.51532E+00 2.51566E+00 2.51483E+00 2.51936E+00 1.91492E+00 1.52700E+00 2.50528E-01 3.90977E+01 
6.07022E-01 1.87228E+00 2.25724E+00 2.85167E+00 2.85203E+00 2.85123E+00 2.85584E+00 2.25724E+00 1.87228E+00 6.07022E-01 4.93946E+01 
1.03125E+00 2.28519E+00 2.66715E+00 3.25558E+00 3.25596E+00 3.25519E+00 3.25988E+00 2.66715E+00 2.28519E+00 1.03125E+00 6.17629E+01 
1.53294E+00 2.77545E+00 3.15440E+00 3.73678E+00 3.73718E+00 3.73644E+00 3.74122E+00 3.15440E+00 2.77545E+00 1.53294E+00 7.65301E+01 
2.12292E+00 3.35392E+00 3.72983E+00 4.30612E+00 4.30655E+00 4.30584E+00 4.31072E+00 3.72983E+00 3.35392E+00 2.12292E+00 9.40541E+01 
2.81322E+00 4.03264E+00 4.40549E+00 4.97566E+00 4.97611E+00 4.97544E+00 4.98041E+00 4.40549E+00 4.03264E+00 2.81322E+00 1.14722E+02 
3.61712E+00 4.82489E+00 5.19467E+00 5.75870E+00 5.75918E+00 5.75855E+00 5.76362E+00 5.19467E+00 4.82489E+00 3.61712E+00 1.38949E+02 
4.54924E+00 5.74531E+00 6.11199E+00 6.66987E+00 6.67038E+00 6.66979E+00 6.67496E+00 6.11199E+00 5.74531E+00 4.54924E+00 1.67174E+02 
5.62554E+00 6.80987E+00 7.17345E+00 7.72517E+00 7.72571E+00 7.72516E+00 7.73043E+00 7.17345E+00 6.80987E+00 5.62554E+00 1.99859E+02 
6.86343E+00 8.03598E+00 8.39644E+00 8.94200E+00 8.94256E+00 8.94207E+00 8.94745E+00 8.39644E+00 8.03598E+00 6.86343E+00 2.37483E+02 
8.28165E+00 9.44241E+00 9.79975E+00 1.03391E+01 1.03397E+01 1.03393E+01 1.03448E+01 9.79975E+00 9.44241E+00 8.28165E+00 2.80536E+02 
9.90040E+00 1.10493E+01 1.14036E+01 1.19368E+01 1.19374E+01 1.19370E+01 1.19426E+01 1.14036E+01 1.10493E+01 9.90040E+00 3.29518E+02 
1.17412E+01 1.28783E+01 1.32294E+01 1.37565E+01 1.37571E+01 1.37568E+01 1.37625E+01 1.32294E+01 1.28783E+01 1.17412E+01 3.84929E+02 
3.97515E-02 1.34729E-01 3.61581E-01 9.87703E-01 9.87894E-01 9.86870E-01 9.90905E-01 3.61581E-01 1.34729E-01 3.97515E-02 -9.96348E-01 
3.97515E-02 1.34729E-01 3.81729E-01 1.00290E+00 1.00311E+00 1.00209E+00 1.00619E+00 3.81729E-01 1.34729E-01 3.97515E-02 -3.55536E-01 
3.97515E-02 1.50771E-02 4.11662E-01 1.02790E+00 1.02812E+00 1.02712E+00 1.03128E+00 4.11662E-01 1.50771E-02 3.97515E-02 4.56766E-01 
3.97515E-02 5.85400E-02 4.52683E-01 1.06400E+00 1.06423E+00 1.06324E+00 1.06746E+00 4.52683E-01 5.85400E-02 3.97515E-02 1.46301E+00 
3.97515E-02 1.15404E-01 5.07078E-01 1.11342E+00 1.11367E+00 1.11269E+00 1.11698E+00 5.07078E-01 1.15404E-01 3.97515E-02 2.75057E+00 
3.97515E-02 1.87698E-01 5.76877E-01 1.17820E+00 1.17846E+00 1.17750E+00 1.18185E+00 5.76877E-01 1.87698E-01 3.97515E-02 4.38772E+00 
3.97515E-02 2.77691E-01 6.64351E-01 1.26061E+00 1.26089E+00 1.25995E+00 1.26437E+00 6.64351E-01 2.77691E-01 3.97515E-02 6.45478E+00 
3.97515E-02 3.61062E-01 7.45759E-01 1.33809E+00 1.33838E+00 1.33744E+00 1.34192E+00 7.45759E-01 3.61062E-01 3.97515E-02 8.40781E+00 
3.97515E-02 3.87910E-01 7.72031E-01 1.36320E+00 1.36350E+00 1.36257E+00 1.36706E+00 7.72031E-01 3.87910E-01 3.97515E-02 9.04491E+00 
3.97515E-02 5.32674E-01 9.14035E-01 1.49968E+00 1.49999E+00 1.49909E+00 1.50366E+00 9.14035E-01 5.32674E-01 3.97515E-02 1.25472E+01 
3.97515E-02 7.08219E-01 1.08680E+00 1.66689E+00 1.66722E+00 1.66634E+00 1.67099E+00 1.08680E+00 7.08219E-01 3.97515E-02 1.69358E+01 
3.97515E-02 9.19029E-01 1.29481E+00 1.86932E+00 1.86968E+00 1.86882E+00 1.87355E+00 1.29481E+00 9.19029E-01 3.97515E-02 2.23853E+01 
3.97515E-02 1.17014E+00 1.54311E+00 2.11202E+00 2.11240E+00 2.11156E+00 2.11638E+00 1.54311E+00 1.17014E+00 3.97515E-02 2.90914E+01 
2.35577E-01 1.44422E+00 1.81439E+00 2.37774E+00 2.37814E+00 2.37734E+00 2.38224E+00 1.81439E+00 1.44422E+00 2.35577E-01 3.71029E+01 
5.69657E-01 1.76762E+00 2.13497E+00 2.69272E+00 2.69314E+00 2.69237E+00 2.69736E+00 2.13497E+00 1.76762E+00 5.69657E-01 4.67141E+01 
9.65810E-01 2.15299E+00 2.51749E+00 3.06959E+00 3.07004E+00 3.06930E+00 3.07439E+00 2.51749E+00 2.15299E+00 9.65810E-01 5.82156E+01 
1.43270E+00 2.60901E+00 2.97063E+00 3.51704E+00 3.51752E+00 3.51682E+00 3.52200E+00 2.97063E+00 2.60901E+00 1.43270E+00 7.18963E+01 
1.97994E+00 3.14529E+00 3.50401E+00 4.04471E+00 4.04521E+00 4.04455E+00 4.04983E+00 3.50401E+00 3.14529E+00 1.97994E+00 8.80698E+01 
2.61817E+00 3.77250E+00 4.12829E+00 4.66326E+00 4.66378E+00 4.66317E+00 4.66855E+00 4.12829E+00 3.77250E+00 2.61817E+00 1.07073E+02 
3.35909E+00 4.50233E+00 4.85519E+00 5.38439E+00 5.38494E+00 5.38438E+00 5.38986E+00 4.85519E+00 4.50233E+00 3.35909E+00 1.29265E+02 
4.21550E+00 5.34760E+00 5.69751E+00 6.22094E+00 6.22152E+00 6.22101E+00 6.22659E+00 5.69751E+00 5.34760E+00 4.21550E+00 1.55021E+02 
5.20135E+00 6.32228E+00 6.66922E+00 7.18686E+00 7.18748E+00 7.18702E+00 7.19272E+00 6.66922E+00 6.32228E+00 5.20135E+00 1.84735E+02 
6.33174E+00 7.44146E+00 7.78543E+00 8.29728E+00 8.29793E+00 8.29754E+00 8.30335E+00 7.78543E+00 7.44146E+00 6.33174E+00 2.18811E+02 
7.62289E+00 8.72138E+00 9.06237E+00 9.56844E+00 9.56912E+00 9.56879E+00 9.57471E+00 9.06237E+00 8.72138E+00 7.62289E+00 2.57658E+02 
9.09215E+00 1.01794E+01 1.05174E+01 1.10177E+01 1.10184E+01 1.10181E+01 1.10242E+01 1.05174E+01 1.01794E+01 9.09215E+00 3.01692E+02 
1.07579E+01 1.18339E+01 1.21689E+01 1.26634E+01 1.26642E+01 1.26640E+01 1.26702E+01 1.21689E+01 1.18339E+01 1.07579E+01 3.51321E+02 
3.74054E-02 1.30152E-01 3.43887E-01 9.31377E-01 9.31604E-01 9.30554E-01 9.34935E-01 3.43887E-01 1.30152E-01 3.74054E-02 -9.65431E-01 
3.74054E-02 1.30152E-01 3.63863E-01 9.46704E-01 9.46946E-01 9.45910E-01 9.50356E-01 3.63863E-01 1.30152E-01 3.74054E-02 -3.42928E-01 
3.74054E-02 1.46915E-02 3.93151E-01 9.71358E-01 9.71617E-01 9.70595E-01 9.75107E-01 3.93151E-01 1.46915E-02 3.74054E-02 4.45203E-01 
3.74054E-02 5.68151E-02 4.32944E-01 1.00653E+00 1.00680E+00 1.00579E+00 1.01037E+00 4.32944E-01 5.68151E-02 3.74054E-02 1.41968E+00 
3.74054E-02 1.11596E-01 4.85367E-01 1.05428E+00 1.05457E+00 1.05358E+00 1.05823E+00 4.85367E-01 1.11596E-01 3.74054E-02 2.66384E+00 
3.74054E-02 1.80892E-01 5.52282E-01 1.11648E+00 1.11679E+00 1.11582E+00 1.12054E+00 5.52282E-01 1.80892E-01 3.74054E-02 4.24152E+00 
3.74054E-02 2.66778E-01 6.35764E-01 1.19521E+00 1.19554E+00 1.19459E+00 1.19938E+00 6.35764E-01 2.66778E-01 3.74054E-02 6.22733E+00 
3.74054E-02 3.46072E-01 7.13184E-01 1.26893E+00 1.26927E+00 1.26834E+00 1.27319E+00 7.13184E-01 3.46072E-01 3.74054E-02 8.09808E+00 
3.74054E-02 3.71562E-01 7.38123E-01 1.29278E+00 1.29313E+00 1.29221E+00 1.29707E+00 7.38123E-01 3.71562E-01 3.74054E-02 8.70729E+00 
3.74054E-02 5.08678E-01 8.72605E-01 1.42208E+00 1.42245E+00 1.42155E+00 1.42650E+00 8.72605E-01 5.08678E-01 3.74054E-02 1.20482E+01 
3.74054E-02 6.74364E-01 1.03564E+00 1.57989E+00 1.58029E+00 1.57941E+00 1.58445E+00 1.03564E+00 6.74364E-01 3.74054E-02 1.62180E+01 
3.74054E-02 8.72677E-01 1.23128E+00 1.77030E+00 1.77071E+00 1.76987E+00 1.77499E+00 1.23128E+00 8.72677E-01 3.74054E-02 2.13746E+01 
3.74054E-02 1.10816E+00 1.46408E+00 1.99784E+00 1.99828E+00 1.99747E+00 2.00268E+00 1.46408E+00 1.10816E+00 3.74054E-02 2.76943E+01 
2.21373E-01 1.36544E+00 1.71869E+00 2.24722E+00 2.24769E+00 2.24691E+00 2.25222E+00 1.71869E+00 1.36544E+00 2.21373E-01 3.51972E+01 
5.34229E-01 1.66813E+00 2.01868E+00 2.54196E+00 2.54245E+00 2.54172E+00 2.54712E+00 2.01868E+00 1.66813E+00 5.34229E-01 4.41601E+01 
9.03884E-01 2.02752E+00 2.37535E+00 2.89333E+00 2.89385E+00 2.89316E+00 2.89865E+00 2.37535E+00 2.02752E+00 9.03884E-01 5.48449E+01 
1.33804E+00 2.45133E+00 2.79640E+00 3.30905E+00 3.30959E+00 3.30895E+00 3.31455E+00 2.79640E+00 2.45133E+00 1.33804E+00 6.75055E+01 
1.84521E+00 2.94807E+00 3.29037E+00 3.79765E+00 3.79823E+00 3.79764E+00 3.80334E+00 3.29037E+00 2.94807E+00 1.84521E+00 8.24153E+01 
2.43477E+00 3.52713E+00 3.86665E+00 4.36854E+00 4.36915E+00 4.36861E+00 4.37442E+00 3.86665E+00 3.52713E+00 2.43477E+00 9.98665E+01 
3.11699E+00 4.19880E+00 4.53552E+00 5.03199E+00 5.03264E+00 5.03216E+00 5.03808E+00 4.53552E+00 4.19880E+00 3.11699E+00 1.20167E+02 
3.90307E+00 4.97428E+00 5.30817E+00 5.79923E+00 5.79991E+00 5.79949E+00 5.80553E+00 5.30817E+00 4.97428E+00 3.90307E+00 1.43638E+02 
4.80513E+00 5.86570E+00 6.19676E+00 6.68239E+00 6.68311E+00 6.68276E+00 6.68890E+00 6.19676E+00 5.86570E+00 4.80513E+00 1.70612E+02 
5.83624E+00 6.88614E+00 7.21436E+00 7.69456E+00 7.69531E+00 7.69503E+00 7.70130E+00 7.21436E+00 6.88614E+00 5.83624E+00 2.01427E+02 
7.01035E+00 8.04956E+00 8.37494E+00 8.84971E+00 8.85050E+00 8.85030E+00 8.85669E+00 8.37494E+00 8.04956E+00 7.01035E+00 2.36425E+02 
8.34234E+00 9.37084E+00 9.69336E+00 1.01627E+01 1.01635E+01 1.01634E+01 1.01699E+01 9.69336E+00 9.37084E+00 8.34234E+00 2.75944E+02 
9.84784E+00 1.08656E+01 1.11853E+01 1.16492E+01 1.16501E+01 1.16501E+01 1.16567E+01 1.11853E+01 1.08656E+01 9.84784E+00 3.20317E+02 
3.51743E-02 1.25739E-01 3.27002E-01 8.78188E-01 8.78459E-01 8.77384E-01 8.82128E-01 3.27002E-01 1.25739E-01 3.51743E-02 -9.36037E-01 
3.51743E-02 1.25739E-01 3.46818E-01 8.93638E-01 8.93926E-01 8.92869E-01 8.97682E-01 3.46818E-01 1.25739E-01 3.51743E-02 -3.30583E-01 
3.51743E-02 1.43199E-02 3.75483E-01 9.17952E-01 9.18259E-01 9.17220E-01 9.22104E-01 3.75483E-01 1.43199E-02 3.51743E-02 4.34781E-01 
3.51743E-02 5.51514E-02 4.14090E-01 9.52214E-01 9.52540E-01 9.51522E-01 9.56478E-01 4.14090E-01 5.51514E-02 3.51743E-02 1.37908E+00 
3.51743E-02 1.07923E-01 4.64612E-01 9.98348E-01 9.98694E-01 9.97698E-01 1.00273E+00 4.64612E-01 1.07923E-01 3.51743E-02 2.58173E+00 
3.51743E-02 1.74336E-01 5.28751E-01 1.05806E+00 1.05843E+00 1.05746E+00 1.06256E+00 5.28751E-01 1.74336E-01 3.51743E-02 4.10230E+00 
3.51743E-02 2.56283E-01 6.08403E-01 1.13325E+00 1.13364E+00 1.13269E+00 1.13788E+00 6.08403E-01 2.56283E-01 3.51743E-02 6.00994E+00 
3.51743E-02 3.31674E-01 6.82004E-01 1.20338E+00 1.20379E+00 1.20286E+00 1.20811E+00 6.82004E-01 3.31674E-01 3.51743E-02 7.80147E+00 
3.51743E-02 3.55864E-01 7.05669E-01 1.22603E+00 1.22644E+00 1.22552E+00 1.23078E+00 7.05669E-01 3.55864E-01 3.51743E-02 8.38385E+00 
3.51743E-02 4.85683E-01 8.32972E-01 1.34846E+00 1.34889E+00 1.34801E+00 1.35336E+00 8.32972E-01 4.85683E-01 3.51743E-02 1.15695E+01 
3.51743E-02 6.41988E-01 9.86744E-01 1.49733E+00 1.49779E+00 1.49694E+00 1.50238E+00 9.86744E-01 6.41988E-01 3.51743E-02 1.55292E+01 
3.51743E-02 8.28442E-01 1.17065E+00 1.67632E+00 1.67680E+00 1.67599E+00 1.68153E+00 1.17065E+00 8.28442E-01 3.51743E-02 2.04054E+01 
3.51743E-02 1.04913E+00 1.38878E+00 1.88951E+00 1.89003E+00 1.88926E+00 1.89488E+00 1.38878E+00 1.04913E+00 3.51743E-02 2.63563E+01 
2.07883E-01 1.29047E+00 1.62756E+00 2.12340E+00 2.12394E+00 2.12321E+00 2.12894E+00 1.62756E+00 1.29047E+00 2.07883E-01 3.33767E+01 
5.00650E-01 1.57357E+00 1.90808E+00 2.39898E+00 2.39955E+00 2.39888E+00 2.40470E+00 1.90808E+00 1.57357E+00 5.00650E-01 4.17270E+01 
8.45310E-01 1.90846E+00 2.24037E+00 2.72629E+00 2.72690E+00 2.72628E+00 2.73221E+00 2.24037E+00 1.90846E+00 8.45310E-01 5.16428E+01 
1.24869E+00 2.30198E+00 2.63127E+00 3.11219E+00 3.11283E+00 3.11226E+00 3.11830E+00 2.63127E+00 2.30198E+00 1.24869E+00 6.33460E+01 
1.71831E+00 2.76167E+00 3.08832E+00 3.56420E+00 3.56487E+00 3.56437E+00 3.57051E+00 3.08832E+00 2.76167E+00 1.71831E+00 7.70743E+01 
2.26241E+00 3.29578E+00 3.61976E+00 4.09058E+00 4.09129E+00 4.09085E+00 4.09712E+00 3.61976E+00 3.29578E+00 2.26241E+00 9.30795E+01 
2.88997E+00 3.91330E+00 4.23460E+00 4.70035E+00 4.70109E+00 4.70072E+00 4.70711E+00 4.23460E+00 3.91330E+00 2.88997E+00 1.11625E+02 
3.61074E+00 4.62398E+00 4.94259E+00 5.40325E+00 5.40404E+00 5.40374E+00 5.41025E+00 4.94259E+00 4.62398E+00 3.61074E+00 1.32983E+02 
4.43523E+00 5.43834E+00 5.75424E+00 6.20982E+00 6.21064E+00 6.21043E+00 6.21706E+00 5.75424E+00 5.43834E+00 4.43523E+00 1.57432E+02 
5.37470E+00 6.36766E+00 6.68085E+00 7.13132E+00 7.13220E+00 7.13207E+00 7.13882E+00 6.68085E+00 6.36766E+00 5.37470E+00 1.85254E+02 
6.44112E+00 7.42391E+00 7.73437E+00 8.17976E+00 8.18067E+00 8.18064E+00 8.18753E+00 7.73437E+00 7.42391E+00 6.44112E+00 2.16730E+02 
7.64716E+00 8.61975E+00 8.92749E+00 9.36779E+00 9.36876E+00 9.36882E+00 9.37584E+00 8.92749E+00 8.61975E+00 7.64716E+00 2.52136E+02 
9.00607E+00 9.96847E+00 1.02735E+01 1.07087E+01 1.07097E+01 1.07099E+01 1.07170E+01 1.02735E+01 9.96847E+00 9.00607E+00 2.91738E+02 
3.30532E-02 1.21482E-01 3.10891E-01 8.27967E-01 8.28290E-01 8.27192E-01 8.32321E-01 3.10891E-01 1.21482E-01 3.30532E-02 -9.08005E-01 
3.30532E-02 1.21482E-01 3.30555E-01 8.43532E-01 8.43875E-01 8.42800E-01 8.48003E-01 3.30555E-01 1.21482E-01 3.30532E-02 -3.18392E-01 
3.30532E-02 1.39611E-02 3.58620E-01 8.67510E-01 8.67875E-01 8.66824E-01 8.72101E-01 3.58620E-01 1.39611E-02 3.30532E-02 4.25544E-01 
3.30532E-02 5.35445E-02 3.96079E-01 9.00891E-01 9.01277E-01 9.00253E-01 9.05606E-01 3.96079E-01 5.35445E-02 3.30532E-02 1.34116E+00 
3.30532E-02 1.04379E-01 4.44765E-01 9.45458E-01 9.45867E-01 9.44871E-01 9.50303E-01 4.44765E-01 1.04379E-01 3.30532E-02 2.50411E+00 
3.30532E-02 1.68018E-01 5.06232E-01 1.00277E+00 1.00320E+00 1.00224E+00 1.00775E+00 5.06232E-01 1.68018E-01 3.30532E-02 3.96981E+00 
3.30532E-02 2.46184E-01 5.82207E-01 1.07456E+00 1.07501E+00 1.07408E+00 1.07968E+00 5.82207E-01 2.46184E-01 3.30532E-02 5.80219E+00 
3.30532E-02 3.17838E-01 6.52153E-01 1.14124E+00 1.14172E+00 1.14081E+00 1.14647E+00 6.52153E-01 3.17838E-01 3.30532E-02 7.51744E+00 
3.30532E-02 3.40786E-01 6.74599E-01 1.16273E+00 1.16322E+00 1.16232E+00 1.16800E+00 6.74599E-01 3.40786E-01 3.30532E-02 8.07397E+00 
3.30532E-02 4.63642E-01 7.95053E-01 1.27861E+00 1.27912E+00 1.27827E+00 1.28404E+00 7.95053E-01 4.63642E-01 3.30532E-02 1.11103E+01 
3.30532E-02 6.11021E-01 9.40013E-01 1.41898E+00 1.41952E+00 1.41870E+00 1.42457E+00 9.40013E-01 6.11021E-01 3.30532E-02 1.48683E+01 
3.30532E-02 7.86224E-01 1.11278E+00 1.58713E+00 1.58770E+00 1.58693E+00 1.59290E+00 1.11278E+00 7.86224E-01 3.30532E-02 1.94761E+01 
3.30532E-02 9.92924E-01 1.31703E+00 1.78675E+00 1.78735E+00 1.78664E+00 1.79271E+00 1.31703E+00 9.92924E-01 3.30532E-02 2.50750E+01 
1.95076E-01 1.21915E+00 1.54082E+00 2.00593E+00 2.00657E+00 2.00591E+00 2.01208E+00 1.54082E+00 1.21915E+00 1.95076E-01 3.16379E+01 
4.68834E-01 1.48369E+00 1.80291E+00 2.26339E+00 2.26406E+00 2.26346E+00 2.26974E+00 1.80291E+00 1.48369E+00 4.68834E-01 3.94096E+01 
7.89928E-01 1.79549E+00 2.11222E+00 2.56803E+00 2.56874E+00 2.56820E+00 2.57460E+00 2.11222E+00 1.79549E+00 7.89928E-01 4.86016E+01 
1.16439E+00 2.16057E+00 2.47479E+00 2.92591E+00 2.92666E+00 2.92619E+00 2.93270E+00 2.47479E+00 2.16057E+00 1.16439E+00 5.94070E+01 
1.59884E+00 2.58557E+00 2.89727E+00 3.34366E+00 3.34444E+00 3.34405E+00 3.35068E+00 2.89727E+00 2.58557E+00 1.59884E+00 7.20314E+01 
2.10049E+00 3.07772E+00 3.38686E+00 3.82852E+00 3.82934E+00 3.82903E+00 3.83578E+00 3.38686E+00 3.07772E+00 2.10049E+00 8.66905E+01 
2.67718E+00 3.64485E+00 3.95143E+00 4.38832E+00 4.38919E+00 4.38896E+00 4.39584E+00 3.95143E+00 3.64485E+00 2.67718E+00 1.03608E+02 
3.33737E+00 4.29542E+00 4.59944E+00 5.03156E+00 5.03247E+00 5.03234E+00 5.03934E+00 4.59944E+00 4.29542E+00 3.33737E+00 1.23013E+02 
4.09011E+00 5.03853E+00 5.33996E+00 5.76730E+00 5.76826E+00 5.76822E+00 5.77536E+00 5.33996E+00 5.03853E+00 4.09011E+00 1.45139E+02 
4.94508E+00 5.88383E+00 6.18267E+00 6.60524E+00 6.60625E+00 6.60631E+00 6.61358E+00 6.18267E+00 5.88383E+00 4.94508E+00 1.70217E+02 
5.91248E+00 6.84155E+00 7.13779E+00 7.55559E+00 7.55664E+00 7.55682E+00 7.56423E+00 7.13779E+00 6.84155E+00 5.91248E+00 1.98476E+02 
7.00307E+00 7.92244E+00 8.21606E+00 8.62910E+00 8.63021E+00 8.63050E+00 8.63806E+00 8.21606E+00 7.92244E+00 7.00307E+00 2.30139E+02 
8.22800E+00 9.13766E+00 9.42868E+00 9.83696E+00 9.83812E+00 9.83854E+00 9.84625E+00 9.42868E+00 9.13766E+00 8.22800E+00 2.65415E+02 
3.10374E-02 1.17370E-01 2.95520E-01 7.80553E-01 7.80937E-01 7.79823E-01 7.85360E-01 2.95520E-01 1.17370E-01 3.10374E-02 -8.81168E-01 
3.10374E-02 1.17370E-01 3.15041E-01 7.96224E-01 7.96632E-01 7.95548E-01 8.01163E-01 3.15041E-01 1.17370E-01 3.10374E-02 -3.06233E-01 
3.10374E-02 1.36138E-02 3.42522E-01 8.19870E-01 8.20302E-01 8.19249E-01 8.24943E-01 3.42522E-01 1.36138E-02 3.10374E-02 4.17551E-01 
3.10374E-02 5.19898E-02 3.78869E-01 8.52389E-01 8.52846E-01 8.51826E-01 8.57602E-01 3.78869E-01 5.19898E-02 3.10374E-02 1.30591E+00 
3.10374E-02 1.00954E-01 4.25782E-01 8.95436E-01 8.95919E-01 8.94934E-01 9.00794E-01 4.25782E-01 1.00954E-01 3.10374E-02 2.43085E+00 
3.10374E-02 1.61922E-01 4.84676E-01 9.50430E-01 9.50940E-01 9.49994E-01 9.55939E-01 4.84676E-01 1.61922E-01 3.10374E-02 3.84380E+00 
3.10374E-02 2.36460E-01 5.57121E-01 1.01894E+00 1.01948E+00 1.01858E+00 1.02461E+00 5.57121E-01 2.36460E-01 3.10374E-02 5.60370E+00 
3.10374E-02 3.04537E-01 6.23566E-01 1.08233E+00 1.08289E+00 1.08202E+00 1.08812E+00 6.23566E-01 3.04537E-01 3.10374E-02 7.24546E+00 
3.10374E-02 3.26297E-01 6.44847E-01 1.10271E+00 1.10328E+00 1.10242E+00 1.10854E+00 6.44847E-01 3.26297E-01 3.10374E-02 7.77710E+00 
3.10374E-02 4.42509E-01 7.58766E-01 1.21234E+00 1.21294E+00 1.21213E+00 1.21835E+00 7.58766E-01 4.42509E-01 3.10374E-02 1.06698E+01 
3.10374E-02 5.81398E-01 8.95344E-01 1.34461E+00 1.34524E+00 1.34448E+00 1.35081E+00 8.95344E-01 5.81398E-01 3.10374E-02 1.42341E+01 
3.10374E-02 7.45931E-01 1.05755E+00 1.50248E+00 1.50315E+00 1.50245E+00 1.50889E+00 1.05755E+00 7.45931E-01 3.10374E-02 1.85850E+01 
3.10374E-02 9.39398E-01 1.24868E+00 1.68927E+00 1.68997E+00 1.68933E+00 1.69588E+00 1.24868E+00 9.39398E-01 3.10374E-02 2.38480E+01 
1.82922E-01 1.15128E+00 1.45824E+00 1.89451E+00 1.89525E+00 1.89468E+00 1.90133E+00 1.45824E+00 1.15128E+00 1.82922E-01 2.99773E+01 
4.38702E-01 1.39830E+00 1.70290E+00 2.13483E+00 2.13561E+00 2.13512E+00 2.14188E+00 1.70290E+00 1.39830E+00 4.38702E-01 3.72029E+01 
7.37587E-01 1.68833E+00 1.99056E+00 2.41811E+00 2.41894E+00 2.41852E+00 2.42540E+00 1.99056E+00 1.68833E+00 7.37587E-01 4.57141E+01 
1.08489E+00 2.02671E+00 2.32655E+00 2.74969E+00 2.75056E+00 2.75022E+00 2.75723E+00 2.32655E+00 2.02671E+00 1.08489E+00 5.56782E+01 
1.48642E+00 2.41925E+00 2.71667E+00 3.13538E+00 3.13629E+00 3.13605E+00 3.14318E+00 2.71667E+00 2.41925E+00 1.48642E+00 6.72719E+01 
1.94847E+00 2.87225E+00 3.16724E+00 3.58150E+00 3.58246E+00 3.58231E+00 3.58957E+00 3.16724E+00 2.87225E+00 1.94847E+00 8.06790E+01 
2.47785E+00 3.39253E+00 3.68507E+00 4.09487E+00 4.09588E+00 4.09583E+00 4.10323E+00 3.68507E+00 3.39253E+00 2.47785E+00 9.60883E+01 
3.08187E+00 3.98740E+00 4.27748E+00 4.68281E+00 4.68387E+00 4.68393E+00 4.69147E+00 4.27748E+00 3.98740E+00 3.08187E+00 1.13692E+02 
3.76830E+00 4.66465E+00 4.95226E+00 5.35312E+00 5.35423E+00 5.35441E+00 5.36209E+00 4.95226E+00 4.66465E+00 3.76830E+00 1.33681E+02 
4.54540E+00 5.43256E+00 5.71769E+00 6.11407E+00 6.11524E+00 6.11554E+00 6.12336E+00 5.71769E+00 5.43256E+00 4.54540E+00 1.56246E+02 
5.42186E+00 6.29979E+00 6.58244E+00 6.97435E+00 6.97557E+00 6.97600E+00 6.98398E+00 6.58244E+00 6.29979E+00 5.42186E+00 1.81570E+02 
6.40671E+00 7.27541E+00 7.55557E+00 7.94301E+00 7.94429E+00 7.94486E+00 7.95299E+00 7.55557E+00 7.27541E+00 6.40671E+00 2.09830E+02 
7.50932E+00 8.36879E+00 8.64645E+00 9.02944E+00 9.03078E+00 9.03149E+00 9.03979E+00 8.64645E+00 8.36879E+00 7.50932E+00 2.41190E+02 
2.91222E-02 1.13394E-01 2.80859E-01 7.35792E-01 7.36249E-01 7.35130E-01 7.41100E-01 2.80859E-01 1.13394E-01 2.91222E-02 -8.55344E-01 
2.91222E-02 1.13394E-01 3.00240E-01 7.51560E-01 7.52045E-01 7.50963E-01 7.57016E-01 3.00240E-01 1.13394E-01 2.91222E-02 -2.93969E-01 
2.91222E-02 1.32769E-02 3.27153E-01 7.74874E-01 7.75387E-01 7.74343E-01 7.80482E-01 3.27153E-01 1.32769E-02 2.91222E-02 4.10876E-01 
2.91222E-02 5.04831E-02 3.62421E-01 8.06551E-01 8.07092E-01 8.06090E-01 8.12315E-01 3.62421E-01 5.04831E-02 2.91222E-02 1.27332E+00 
2.91222E-02 9.76409E-02 4.07619E-01 8.48121E-01 8.48692E-01 8.47735E-01 8.54049E-01 4.07619E-01 9.76409E-02 2.91222E-02 2.36186E+00 
2.91222E-02 1.56036E-01 4.64034E-01 9.00877E-01 9.01479E-01 9.00569E-01 9.06975E-01 4.64034E-01 1.56036E-01 2.91222E-02 3.72407E+00 
2.91222E-02 2.27090E-01 5.33089E-01 9.66245E-01 9.66879E-01 9.66020E-01 9.72520E-01 5.33089E-01 2.27090E-01 2.91222E-02 5.41411E+00 
2.91222E-02 2.91742E-01 5.96183E-01 1.02647E+00 1.02713E+00 1.02631E+00 1.03288E+00 5.96183E-01 2.91742E-01 2.91222E-02 6.98504E+00 
2.91222E-02 3.12367E-01 6.16350E-01 1.04579E+00 1.04646E+00 1.04566E+00 1.05225E+00 6.16350E-01 3.12367E-01 2.91222E-02 7.49270E+00 
2.91222E-02 4.22241E-01 7.24033E-01 1.14945E+00 1.15016E+00 1.14941E+00 1.15612E+00 7.24033E-01 4.22241E-01 2.91222E-02 1.02471E+01 
2.91222E-02 5.53055E-01 8.52639E-01 1.27401E+00 1.27476E+00 1.27408E+00 1.28089E+00 8.52639E-01 5.53055E-01 2.91222E-02 1.36255E+01 
2.91222E-02 7.07470E-01 1.00483E+00 1.42214E+00 1.42293E+00 1.42232E+00 1.42925E+00 1.00483E+00 7.07470E-01 2.91222E-02 1.77305E+01 
2.91222E-02 8.88427E-01 1.18355E+00 1.59679E+00 1.59762E+00 1.59709E+00 1.60413E+00 1.18355E+00 8.88427E-01 2.91222E-02 2.26733E+01 
1.71390E-01 1.08673E+00 1.37963E+00 1.78882E+00 1.78969E+00 1.78924E+00 1.79640E+00 1.37963E+00 1.08673E+00 1.71390E-01 2.83918E+01 
4.10174E-01 1.31717E+00 1.60783E+00 2.01294E+00 2.01386E+00 2.01350E+00 2.02078E+00 1.60783E+00 1.31717E+00 4.10174E-01 3.51021E+01 
6.88140E-01 1.58671E+00 1.87510E+00 2.27611E+00 2.27707E+00 2.27681E+00 2.28422E+00 1.87510E+00 1.58671E+00 6.88140E-01 4.29732E+01 
1.00995E+00 1.90003E+00 2.18613E+00 2.58301E+00 2.58402E+00 2.58385E+00 2.59139E+00 2.18613E+00 1.90003E+00 1.00995E+00 5.21495E+01 
1.38069E+00 2.26220E+00 2.54599E+00 2.93873E+00 2.93978E+00 2.93972E+00 2.94740E+00 2.54599E+00 2.26220E+00 1.38069E+00 6.27817E+01 
1.80582E+00 2.67872E+00 2.96018E+00 3.34875E+00 3.34986E+00 3.34991E+00 3.35773E+00 2.96018E+00 2.67872E+00 1.80582E+00 7.50253E+01 
2.29123E+00 3.15546E+00 3.43459E+00 3.81898E+00 3.82014E+00 3.82032E+00 3.82828E+00 3.43459E+00 3.15546E+00 2.29123E+00 8.90386E+01 
2.84320E+00 3.69873E+00 3.97551E+00 4.35571E+00 4.35693E+00 4.35723E+00 4.36534E+00 3.97551E+00 3.69873E+00 2.84320E+00 1.04980E+02 
3.46839E+00 4.31519E+00 4.58960E+00 4.96561E+00 4.96689E+00 4.96733E+00 4.97559E+00 4.58960E+00 4.31519E+00 3.46839E+00 1.23007E+02 
4.17382E+00 5.01186E+00 5.28390E+00 5.65572E+00 5.65706E+00 5.65765E+00 5.66607E+00 5.28390E+00 5.01186E+00 4.17382E+00 1.43273E+02 
4.96680E+00 5.79607E+00 6.06573E+00 6.43336E+00 6.43476E+00 6.43551E+00 6.44409E+00 6.06573E+00 5.79607E+00 4.96680E+00 1.65924E+02 
5.85492E+00 6.67540E+00 6.94268E+00 7.30613E+00 7.30760E+00 7.30851E+00 7.31725E+00 6.94268E+00 6.67540E+00 5.85492E+00 1.91096E+02 
6.84597E+00 7.65765E+00 7.92254E+00 8.28182E+00 8.28336E+00 8.28444E+00 8.29336E+00 7.92254E+00 7.65765E+00 6.84597E+00 2.18915E+02 
2.73033E-02 1.09545E-01 2.66877E-01 6.93541E-01 6.94086E-01 6.92976E-01 6.99408E-01 2.66877E-01 1.09545E-01 2.73033E-02 -8.30336E-01 
2.73033E-02 1.09545E-01 2.86119E-01 7.09395E-01 7.09971E-01 7.08907E-01 7.15428E-01 2.86119E-01 1.09545E-01 2.73033E-02 -2.81444E-01 
2.73033E-02 1.29492E-02 3.12478E-01 7.32377E-01 7.32985E-01 7.31970E-01 7.38581E-01 3.12478E-01 1.29492E-02 2.73033E-02 4.05617E-01 
2.73033E-02 4.90203E-02 3.46698E-01 7.63228E-01 7.63869E-01 7.62905E-01 7.69609E-01 3.46698E-01 4.90203E-02 2.73033E-02 1.24342E+00 
2.73033E-02 9.44310E-02 3.90236E-01 8.03364E-01 8.04039E-01 8.03130E-01 8.09929E-01 3.90236E-01 9.44310E-02 2.73033E-02 2.29706E+00 
2.73033E-02 1.50347E-01 4.44261E-01 8.53957E-01 8.54668E-01 8.53817E-01 8.60713E-01 4.44261E-01 1.50347E-01 2.73033E-02 3.61043E+00 
2.73033E-02 2.18057E-01 5.10060E-01 9.16299E-01 9.17046E-01 9.16258E-01 9.23254E-01 5.10060E-01 2.18057E-01 2.73033E-02 5.23311E+00 
2.73033E-02 2.79430E-01 5.69944E-01 9.73492E-01 9.74269E-01 9.73531E-01 9.80606E-01 5.69944E-01 2.79430E-01 2.73033E-02 6.73574E+00 
2.73033E-02 2.98970E-01 5.89046E-01 9.91805E-01 9.92591E-01 9.91868E-01 9.98967E-01 5.89046E-01 2.98970E-01 2.73033E-02 7.22030E+00 
2.73033E-02 4.02797E-01 6.90780E-01 1.08977E+00 1.09059E+00 1.08995E+00 1.09716E+00 6.90780E-01 4.02797E-01 2.73033E-02 9.84163E+00 
2.73033E-02 5.25933E-01 8.11806E-01 1.20700E+00 1.20787E+00 1.20730E+00 1.21464E+00 8.11806E-01 5.25933E-01 2.73033E-02 1.30415E+01 
2.73033E-02 6.70758E-01 9.54507E-01 1.34589E+00 1.34681E+00 1.34633E+00 1.35378E+00 9.54507E-01 6.70758E-01 2.73033E-02 1.69112E+01 
2.73033E-02 8.39890E-01 1.12150E+00 1.50907E+00 1.51003E+00 1.50965E+00 1.51722E+00 1.12150E+00 8.39890E-01 2.73033E-02 2.15487E+01 
1.60454E-01 1.02532E+00 1.30480E+00 1.68858E+00 1.68959E+00 1.68930E+00 1.69700E+00 1.30480E+00 1.02532E+00 1.60454E-01 2.68781E+01 
3.83177E-01 1.24010E+00 1.51744E+00 1.89740E+00 1.89846E+00 1.89828E+00 1.90611E+00 1.51744E+00 1.24010E+00 3.83177E-01 3.31025E+01 
6.41449E-01 1.49036E+00 1.76553E+00 2.14164E+00 2.14276E+00 2.14269E+00 2.15065E+00 1.76553E+00 1.49036E+00 6.41449E-01 4.03724E+01 
9.39351E-01 1.78017E+00 2.05315E+00 2.42540E+00 2.42657E+00 2.42662E+00 2.43473E+00 2.05315E+00 1.78017E+00 9.39351E-01 4.88113E+01 
1.28129E+00 2.11397E+00 2.38474E+00 2.75310E+00 2.75433E+00 2.75450E+00 2.76275E+00 2.38474E+00 2.11397E+00 1.28129E+00 5.85473E+01 
1.67202E+00 2.49649E+00 2.76504E+00 3.12950E+00 3.13079E+00 3.13110E+00 3.13950E+00 2.76504E+00 2.49649E+00 1.67202E+00 6.97108E+01 
2.11660E+00 2.93282E+00 3.19914E+00 3.55968E+00 3.56103E+00 3.56149E+00 3.57004E+00 3.19914E+00 2.93282E+00 2.11660E+00 8.24331E+01 
2.62040E+00 3.42834E+00 3.69241E+00 4.04903E+00 4.05044E+00 4.05105E+00 4.05977E+00 3.69241E+00 3.42834E+00 2.62040E+00 9.68444E+01 
3.18909E+00 3.98871E+00 4.25052E+00 4.60322E+00 4.60470E+00 4.60547E+00 4.61435E+00 4.25052E+00 3.98871E+00 3.18909E+00 1.13072E+02 
3.82859E+00 4.61988E+00 4.87941E+00 5.22819E+00 5.22974E+00 5.23068E+00 5.23973E+00 4.87941E+00 4.61988E+00 3.82859E+00 1.31237E+02 
4.54503E+00 5.32797E+00 5.58523E+00 5.93009E+00 5.93171E+00 5.93284E+00 5.94206E+00 5.58523E+00 5.32797E+00 4.54503E+00 1.51454E+02 
5.34474E+00 6.11932E+00 6.37430E+00 6.71525E+00 6.71694E+00 6.71826E+00 6.72766E+00 6.37430E+00 6.11932E+00 5.34474E+00 1.73828E+02 
6.23414E+00 7.00034E+00 7.25304E+00 7.59009E+00 7.59185E+00 7.59338E+00 7.60296E+00 7.25304E+00 7.00034E+00 6.23414E+00 1.98450E+02 
2.55766E-02 1.05814E-01 2.53546E-01 6.53668E-01 6.54316E-01 6.53235E-01 6.60159E-01 2.53546E-01 1.05814E-01 2.55766E-02 -8.05926E-01 
2.55766E-02 1.05814E-01 2.72650E-01 6.69593E-01 6.70278E-01 6.69253E-01 6.76272E-01 2.72650E-01 1.05814E-01 2.55766E-02 -2.68480E-01 
2.55766E-02 1.26295E-02 2.98463E-01 6.92242E-01 6.92963E-01 6.91998E-01 6.99113E-01 2.98463E-01 1.26295E-02 2.55766E-02 4.01896E-01 
2.55766E-02 4.75974E-02 3.31663E-01 7.22282E-01 7.23041E-01 7.22139E-01 7.29353E-01 3.31663E-01 4.75974E-02 2.55766E-02 1.21626E+00 
2.55766E-02 9.13173E-02 3.73593E-01 7.61023E-01 7.61821E-01 7.60987E-01 7.68302E-01 3.73593E-01 9.13173E-02 2.55766E-02 2.23643E+00 
2.55766E-02 1.44845E-01 4.25313E-01 8.09526E-01 8.10365E-01 8.09602E-01 8.17020E-01 4.25313E-01 1.44845E-01 2.55766E-02 3.50273E+00 
2.55766E-02 2.09341E-01 4.87984E-01 8.68957E-01 8.69837E-01 8.69150E-01 8.76675E-01 4.87984E-01 2.09341E-01 2.55766E-02 5.06042E+00 
2.55766E-02 2.67575E-01 5.44794E-01 9.23246E-01 9.24159E-01 9.23534E-01 9.31144E-01 5.44794E-01 2.67575E-01 2.55766E-02 6.49718E+00 
2.55766E-02 2.86078E-01 5.62879E-01 9.40591E-01 9.41514E-01 9.40907E-01 9.48543E-01 5.62879E-01 2.86078E-01 2.55766E-02 6.95947E+00 
2.55766E-02 3.84139E-01 6.58938E-01 1.03311E+00 1.03409E+00 1.03357E+00 1.04133E+00 6.58938E-01 3.84139E-01 2.55766E-02 9.45267E+00 
2.55766E-02 4.99976E-01 7.72758E-01 1.14338E+00 1.14440E+00 1.14399E+00 1.15187E+00 7.72758E-01 4.99976E-01 2.55766E-02 1.24812E+01 
2.55766E-02 6.35711E-01 9.06464E-01 1.27352E+00 1.27459E+00 1.27428E+00 1.28229E+00 9.06464E-01 6.35711E-01 2.55766E-02 1.61257E+01 
2.55766E-02 7.93673E-01 1.06238E+00 1.42586E+00 1.42699E+00 1.42679E+00 1.43493E+00 1.06238E+00 7.93673E-01 2.55766E-02 2.04722E+01 
1.50086E-01 9.66909E-01 1.23359E+00 1.59351E+00 1.59470E+00 1.59461E+00 1.60289E+00 1.23359E+00 9.66909E-01 1.50086E-01 2.54334E+01 
3.57641E-01 1.16691E+00 1.43153E+00 1.78789E+00 1.78913E+00 1.78917E+00 1.79758E+00 1.43153E+00 1.16691E+00 3.57641E-01 3.11999E+01 
5.97383E-01 1.39902E+00 1.66157E+00 2.01432E+00 2.01562E+00 2.01580E+00 2.02436E+00 1.66157E+00 1.39902E+00 5.97383E-01 3.79053E+01 
8.72866E-01 1.66680E+00 1.92726E+00 2.27639E+00 2.27776E+00 2.27807E+00 2.28678E+00 1.92726E+00 1.66680E+00 8.72866E-01 4.56548E+01 
1.18791E+00 1.97410E+00 2.23244E+00 2.57794E+00 2.57936E+00 2.57983E+00 2.58870E+00 2.23244E+00 1.97410E+00 1.18791E+00 5.45561E+01 
1.54661E+00 2.32499E+00 2.58120E+00 2.92305E+00 2.92454E+00 2.92517E+00 2.93420E+00 2.58120E+00 2.32499E+00 1.54661E+00 6.47177E+01 
1.95330E+00 2.72383E+00 2.97790E+00 3.31609E+00 3.31765E+00 3.31845E+00 3.32764E+00 2.97790E+00 2.72383E+00 1.95330E+00 7.62475E+01 
2.41255E+00 3.17519E+00 3.42711E+00 3.76163E+00 3.76326E+00 3.76424E+00 3.77361E+00 3.42711E+00 3.17519E+00 2.41255E+00 8.92510E+01 
2.92914E+00 3.68387E+00 3.93363E+00 4.26448E+00 4.26619E+00 4.26736E+00 4.27690E+00 3.93363E+00 3.68387E+00 2.92914E+00 1.03829E+02 
3.50806E+00 4.25485E+00 4.50244E+00 4.82962E+00 4.83141E+00 4.83278E+00 4.84250E+00 4.50244E+00 4.25485E+00 3.50806E+00 1.20078E+02 
4.15441E+00 4.89325E+00 5.13866E+00 5.46218E+00 5.46404E+00 5.46563E+00 5.47554E+00 5.13866E+00 4.89325E+00 4.15441E+00 1.38084E+02 
4.87340E+00 5.60428E+00 5.84750E+00 6.16737E+00 6.16931E+00 6.17113E+00 6.18123E+00 5.84750E+00 5.60428E+00 4.87340E+00 1.57925E+02 
5.67029E+00 6.39320E+00 6.63424E+00 6.95046E+00 6.95249E+00 6.95455E+00 6.96485E+00 6.63424E+00 6.39320E+00 5.67029E+00 1.79667E+02 
2.39379E-02 1.02194E-01 2.40839E-01 6.16044E-01 6.16816E-01 6.15788E-01 6.23236E-01 2.40839E-01 1.02194E-01 2.39379E-02 -7.81869E-01 
2.39379E-02 1.02194E-01 2.59800E-01 6.32027E-01 6.32840E-01 6.31881E-01 6.39430E-01 2.59800E-01 1.02194E-01 2.39379E-02 -2.54872E-01 
2.39379E-02 1.23168E-02 2.85078E-01 6.54338E-01 6.55193E-01 6.54307E-01 6.61959E-01 2.85078E-01 1.23168E-02 2.39379E-02 3.99861E-01 
2.39379E-02 4.62107E-02 3.17281E-01 6.83582E-01 6.84479E-01 6.83671E-01 6.91427E-01 3.17281E-01 4.62107E-02 2.39379E-02 1.19191E+00 
2.39379E-02 8.82930E-02 3.57653E-01 7.20966E-01 7.21908E-01 7.21181E-01 7.29045E-01 3.57653E-01 8.82930E-02 2.39379E-02 2.17994E+00 
2.39379E-02 1.39517E-01 4.07148E-01 7.67448E-01 7.68436E-01 7.67796E-01 7.75771E-01 4.07148E-01 1.39517E-01 2.39379E-02 3.40087E+00 
2.39379E-02 2.00927E-01 4.66813E-01 8.24078E-01 8.25114E-01 8.24565E-01 8.32654E-01 4.66813E-01 2.00927E-01 2.39379E-02 4.89580E+00 
2.39379E-02 2.56155E-01 5.20680E-01 8.75584E-01 8.76657E-01 8.76183E-01 8.84362E-01 5.20680E-01 2.56155E-01 2.39379E-02 6.26899E+00 
2.39379E-02 2.73667E-01 5.37791E-01 8.92003E-01 8.93087E-01 8.92636E-01 9.00842E-01 5.37791E-01 2.73667E-01 2.39379E-02 6.70980E+00 
2.39379E-02 3.66227E-01 6.28438E-01 9.79338E-01 9.80478E-01 9.80137E-01 9.88473E-01 6.28438E-01 3.66227E-01 2.39379E-02 9.07962E+00 
2.39379E-02 4.75127E-01 7.35409E-01 1.08298E+00 1.08418E+00 1.08396E+00 1.09242E+00 7.35409E-01 4.75127E-01 2.39379E-02 1.19437E+01 
2.39379E-02 6.02253E-01 8.60593E-01 1.20483E+00 1.20608E+00 1.20598E+00 1.21459E+00 8.60593E-01 6.02253E-01 2.39379E-02 1.53729E+01 
2.39379E-02 7.49665E-01 1.00605E+00 1.34694E+00 1.34825E+00 1.34829E+00 1.35704E+00 1.00605E+00 7.49665E-01 2.39379E-02 1.94421E+01 
1.40263E-01 9.11362E-01 1.16580E+00 1.50337E+00 1.50475E+00 1.50492E+00 1.51381E+00 1.16580E+00 9.11362E-01 1.40263E-01 2.40549E+01 
3.33498E-01 1.09740E+00 1.34988E+00 1.68410E+00 1.68555E+00 1.68587E+00 1.69491E+00 1.34988E+00 1.09740E+00 3.33498E-01 2.93900E+01 
5.55814E-01 1.31246E+00 1.56295E+00 1.89381E+00 1.89531E+00 1.89580E+00 1.90499E+00 1.56295E+00 1.31246E+00 5.55814E-01 3.55659E+01 
8.10292E-01 1.55961E+00 1.80810E+00 2.13557E+00 2.13714E+00 2.13780E+00 2.14715E+00 1.80810E+00 1.55961E+00 8.10292E-01 4.26713E+01 
1.10023E+00 1.84216E+00 2.08863E+00 2.41270E+00 2.41435E+00 2.41518E+00 2.42470E+00 2.08863E+00 1.84216E+00 1.10023E+00 5.07959E+01 
1.42913E+00 2.16363E+00 2.40806E+00 2.72872E+00 2.73044E+00 2.73147E+00 2.74116E+00 2.40806E+00 2.16363E+00 1.42913E+00 6.00291E+01 
1.80068E+00 2.52772E+00 2.77009E+00 3.08733E+00 3.08913E+00 3.09036E+00 3.10023E+00 2.77009E+00 2.52772E+00 1.80068E+00 7.04586E+01 
2.21876E+00 2.93829E+00 3.17860E+00 3.49242E+00 3.49430E+00 3.49573E+00 3.50579E+00 3.17860E+00 2.93829E+00 2.21876E+00 8.21685E+01 
2.68738E+00 3.39937E+00 3.63762E+00 3.94800E+00 3.94997E+00 3.95163E+00 3.96187E+00 3.63762E+00 3.39937E+00 2.68738E+00 9.52383E+01 
3.21068E+00 3.91512E+00 4.15129E+00 4.45825E+00 4.46030E+00 4.46220E+00 4.47263E+00 4.15129E+00 3.91512E+00 3.21068E+00 1.09741E+02 
3.79289E+00 4.48976E+00 4.72384E+00 5.02738E+00 5.02952E+00 5.03167E+00 5.04230E+00 4.72384E+00 4.48976E+00 3.79289E+00 1.25741E+02 
4.43827E+00 5.12756E+00 5.35954E+00 5.65967E+00 5.66190E+00 5.66432E+00 5.67516E+00 5.35954E+00 5.12756E+00 4.43827E+00 1.43294E+02 
5.15107E+00 5.83278E+00 6.06267E+00 6.35940E+00 6.36172E+00 6.36442E+00 6.37547E+00 6.06267E+00 5.83278E+00 5.15107E+00 1.62444E+02 
2.23836E-02 9.86760E-02 2.28730E-01 5.80552E-01 5.81469E-01 5.80524E-01 5.88530E-01 2.28730E-01 9.86760E-02 2.23836E-02 -7.57887E-01 
2.23836E-02 9.86760E-02 2.47543E-01 5.96576E-01 5.97540E-01 5.96679E-01 6.04793E-01 2.47543E-01 9.86760E-02 2.23836E-02 -2.40382E-01 
2.23836E-02 1.20101E-02 2.72290E-01 6.18545E-01 6.19557E-01 6.18785E-01 6.27008E-01 2.72290E-01 1.20101E-02 2.23836E-02 3.99694E-01 
2.23836E-02 4.48565E-02 3.03519E-01 6.47004E-01 6.48064E-01 6.47386E-01 6.55720E-01 3.03519E-01 4.48565E-02 2.23836E-02 1.17049E+00 
2.23836E-02 8.53513E-02 3.42378E-01 6.83066E-01 6.84176E-01 6.83597E-01 6.92046E-01 3.42378E-01 8.53513E-02 2.23836E-02 2.12762E+00 
2.23836E-02 1.34352E-01 3.89726E-01 7.27593E-01 7.28756E-01 7.28281E-01 7.36848E-01 3.89726E-01 1.34352E-01 2.23836E-02 3.30476E+00 
2.23836E-02 1.92799E-01 4.46503E-01 7.81530E-01 7.82746E-01 7.82382E-01 7.91070E-01 4.46503E-01 1.92799E-01 2.23836E-02 4.73906E+00 
2.23836E-02 2.45149E-01 4.97550E-01 8.30368E-01 8.31627E-01 8.31353E-01 8.40137E-01 4.97550E-01 2.45149E-01 2.23836E-02 6.05086E+00 
2.23836E-02 2.61712E-01 5.13732E-01 8.45901E-01 8.47174E-01 8.46926E-01 8.55738E-01 5.13732E-01 2.61712E-01 2.23836E-02 6.47094E+00 
2.23836E-02 3.49029E-01 5.99217E-01 9.28289E-01 9.29623E-01 9.29508E-01 9.38459E-01 5.99217E-01 3.49029E-01 2.23836E-02 8.72193E+00 
2.23836E-02 4.51337E-01 6.99680E-01 1.02564E+00 1.02704E+00 1.02706E+00 1.03616E+00 6.99680E-01 4.51337E-01 2.23836E-02 1.14280E+01 
2.23836E-02 5.70310E-01 8.16794E-01 1.13963E+00 1.14110E+00 1.14127E+00 1.15051E+00 8.16794E-01 5.70310E-01 2.23836E-02 1.46513E+01 
2.23836E-02 7.07762E-01 9.52377E-01 1.27209E+00 1.27362E+00 1.27395E+00 1.28334E+00 9.52377E-01 7.07762E-01 2.23836E-02 1.84564E+01 
1.30959E-01 8.58541E-01 1.10129E+00 1.41790E+00 1.41950E+00 1.42000E+00 1.42954E+00 1.10129E+00 8.58541E-01 1.30959E-01 2.27398E+01 
3.10683E-01 1.03142E+00 1.27229E+00 1.58577E+00 1.58744E+00 1.58812E+00 1.59783E+00 1.27229E+00 1.03142E+00 3.10683E-01 2.76689E+01 
5.16621E-01 1.23044E+00 1.46941E+00 1.77975E+00 1.78150E+00 1.78236E+00 1.79223E+00 1.46941E+00 1.23044E+00 5.16621E-01 3.33484E+01 
7.51432E-01 1.45828E+00 1.69533E+00 2.00250E+00 2.00433E+00 2.00540E+00 2.01544E+00 1.69533E+00 1.45828E+00 7.51432E-01 3.98524E+01 
1.01794E+00 1.71777E+00 1.95288E+00 2.25688E+00 2.25878E+00 2.26006E+00 2.27028E+00 1.95288E+00 1.71777E+00 1.01794E+00 4.72550E+01 
1.31914E+00 2.01189E+00 2.24505E+00 2.54586E+00 2.54785E+00 2.54935E+00 2.55976E+00 2.24505E+00 2.01189E+00 1.31914E+00 5.56290E+01 
1.65815E+00 2.34378E+00 2.57498E+00 2.87260E+00 2.87468E+00 2.87641E+00 2.88701E+00 2.57498E+00 2.34378E+00 1.65815E+00 6.50443E+01 
2.03821E+00 2.71670E+00 2.94593E+00 3.24035E+00 3.24251E+00 3.24450E+00 3.25529E+00 2.94593E+00 2.71670E+00 2.03821E+00 7.55672E+01 
2.46268E+00 3.13400E+00 3.36124E+00 3.65247E+00 3.65473E+00 3.65698E+00 3.66797E+00 3.36124E+00 3.13400E+00 2.46268E+00 8.72584E+01 
2.93499E+00 3.59912E+00 3.82436E+00 4.11239E+00 4.11474E+00 4.11727E+00 4.12847E+00 3.82436E+00 3.59912E+00 2.93499E+00 1.00172E+02 
3.45857E+00 4.11549E+00 4.33873E+00 4.62358E+00 4.62603E+00 4.62885E+00 4.64027E+00 4.33873E+00 4.11549E+00 3.45857E+00 1.14355E+02 
4.03689E+00 4.68660E+00 4.90783E+00 5.18950E+00 5.19205E+00 5.19518E+00 5.20682E+00 4.90783E+00 4.68660E+00 4.03689E+00 1.29844E+02 
4.67336E+00 5.31584E+00 5.53506E+00 5.81356E+00 5.81621E+00 5.81967E+00 5.83154E+00 5.53506E+00 5.31584E+00 4.67336E+00 1.46666E+02 
2.09099E-02 9.52538E-02 2.17193E-01 5.47079E-01 5.48169E-01 5.47344E-01 5.55942E-01 2.17193E-01 9.52538E-02 2.09099E-02 -7.33662E-01 
2.09099E-02 9.52538E-02 2.35849E-01 5.63126E-01 5.64269E-01 5.63546E-01 5.72258E-01 2.35849E-01 9.52538E-02 2.09099E-02 -2.24732E-01 
2.09099E-02 1.17084E-02 2.60070E-01 5.84748E-01 5.85944E-01 5.85329E-01 5.94157E-01 2.60070E-01 1.17084E-02 2.09099E-02 4.01613E-01 
2.09099E-02 4.35316E-02 2.90346E-01 6.12432E-01 6.13684E-01 6.13181E-01 6.22128E-01 2.90346E-01 4.35316E-02 2.09099E-02 1.15214E+00 
2.09099E-02 8.24861E-02 3.27735E-01 6.47205E-01 6.48514E-01 6.48131E-01 6.57199E-01 3.27735E-01 8.24861E-02 2.09099E-02 2.07954E+00 
2.09099E-02 1.29342E-01 3.73009E-01 6.89842E-01 6.91209E-01 6.90952E-01 7.00145E-01 3.73009E-01 1.29342E-01 2.09099E-02 3.21435E+00 
2.09099E-02 1.84940E-01 4.27009E-01 7.41187E-01 7.42615E-01 7.42490E-01 7.51813E-01 4.27009E-01 1.84940E-01 2.09099E-02 4.59001E+00 
2.09099E-02 2.34535E-01 4.75357E-01 7.87470E-01 7.88946E-01 7.88928E-01 7.98354E-01 4.75357E-01 2.34535E-01 2.09099E-02 5.84251E+00 
2.09099E-02 2.50193E-01 4.90649E-01 8.02156E-01 8.03647E-01 8.03661E-01 8.13117E-01 4.90649E-01 2.50193E-01 2.09099E-02 6.24258E+00 
2.09099E-02 3.32510E-01 5.71213E-01 8.79825E-01 8.81386E-01 8.81558E-01 8.91162E-01 5.71213E-01 3.32510E-01 2.09099E-02 8.37909E+00 
2.09099E-02 4.28557E-01 6.65493E-01 9.71198E-01 9.72831E-01 9.73171E-01 9.82927E-01 6.65493E-01 4.28557E-01 2.09099E-02 1.09336E+01 
2.09099E-02 5.39810E-01 7.74966E-01 1.07776E+00 1.07946E+00 1.07998E+00 1.08989E+00 7.74966E-01 5.39810E-01 2.09099E-02 1.39599E+01 
2.09099E-02 6.67865E-01 9.01231E-01 1.20110E+00 1.20288E+00 1.20358E+00 1.21366E+00 9.01231E-01 6.67865E-01 2.09099E-02 1.75137E+01 
1.22151E-01 8.08319E-01 1.03990E+00 1.33687E+00 1.33873E+00 1.33963E+00 1.34987E+00 1.03990E+00 8.08319E-01 1.22151E-01 2.14857E+01 
2.89134E-01 9.68785E-01 1.19856E+00 1.49262E+00 1.49456E+00 1.49567E+00 1.50608E+00 1.19856E+00 9.68785E-01 2.89134E-01 2.60328E+01 
4.79689E-01 1.15276E+00 1.38072E+00 1.67184E+00 1.67386E+00 1.67520E+00 1.68578E+00 1.38072E+00 1.15276E+00 4.79689E-01 3.12473E+01 
6.96099E-01 1.36253E+00 1.58865E+00 1.87682E+00 1.87893E+00 1.88050E+00 1.89127E+00 1.58865E+00 1.36253E+00 6.96099E-01 3.71904E+01 
9.40772E-01 1.60052E+00 1.82478E+00 2.10998E+00 2.11219E+00 2.11400E+00 2.12496E+00 1.82478E+00 1.60052E+00 9.40772E-01 4.39225E+01 
1.21624E+00 1.86925E+00 2.09164E+00 2.37387E+00 2.37617E+00 2.37825E+00 2.38941E+00 2.09164E+00 1.86925E+00 1.21624E+00 5.15019E+01 
1.52512E+00 2.17136E+00 2.39186E+00 2.67112E+00 2.67352E+00 2.67587E+00 2.68723E+00 2.39186E+00 2.17136E+00 1.52512E+00 5.99837E+01 
1.87012E+00 2.50956E+00 2.72817E+00 3.00445E+00 3.00694E+00 3.00959E+00 3.02116E+00 2.72817E+00 2.50956E+00 1.87012E+00 6.94187E+01 
2.25401E+00 2.88662E+00 3.10333E+00 3.37663E+00 3.37923E+00 3.38218E+00 3.39397E+00 3.10333E+00 2.88662E+00 2.25401E+00 7.98521E+01 
2.67959E+00 3.30536E+00 3.52015E+00 3.79048E+00 3.79318E+00 3.79646E+00 3.80848E+00 3.52015E+00 3.30536E+00 2.67959E+00 9.13228E+01 
3.14965E+00 3.76856E+00 3.98143E+00 4.24880E+00 4.25160E+00 4.25523E+00 4.26747E+00 3.98143E+00 3.76856E+00 3.14965E+00 1.03862E+02 
3.66696E+00 4.27900E+00 4.48994E+00 4.75435E+00 4.75727E+00 4.76125E+00 4.77374E+00 4.48994E+00 4.27900E+00 3.66696E+00 1.17492E+02 
4.23421E+00 4.83936E+00 5.04838E+00 5.30984E+00 5.31287E+00 5.31723E+00 5.32996E+00 5.04838E+00 4.83936E+00 4.23421E+00 1.32228E+02 
1.95133E-02 9.19205E-02 2.06203E-01 5.15522E-01 5.16814E-01 5.16155E-01 5.25378E-01 2.06203E-01 9.19205E-02 1.95133E-02 -7.08826E-01 
1.95133E-02 9.19205E-02 2.24694E-01 5.31573E-01 5.32925E-01 5.32389E-01 5.41733E-01 2.24694E-01 9.19205E-02 1.95133E-02 -2.07601E-01 
1.95133E-02 1.14108E-02 2.48389E-01 5.52840E-01 5.54252E-01 5.53846E-01 5.63313E-01 2.48389E-01 1.14108E-02 1.95133E-02 4.05880E-01 
1.95133E-02 4.22329E-02 2.77730E-01 5.79759E-01 5.81234E-01 5.80962E-01 5.90556E-01 2.77730E-01 4.22329E-02 1.95133E-02 1.13705E+00 
1.95133E-02 7.96916E-02 3.13690E-01 6.13275E-01 6.14815E-01 6.14686E-01 6.24409E-01 3.13690E-01 7.96916E-02 1.95133E-02 2.03579E+00 
1.95133E-02 1.24476E-01 3.56959E-01 6.54082E-01 6.55688E-01 6.55709E-01 6.65566E-01 3.56959E-01 1.24476E-01 1.95133E-02 3.12964E+00 
1.95133E-02 1.77338E-01 4.08290E-01 7.02934E-01 7.04608E-01 7.04787E-01 7.14781E-01 4.08290E-01 1.77338E-01 1.95133E-02 4.44855E+00 
1.95133E-02 2.24294E-01 4.54053E-01 7.46768E-01 7.48497E-01 7.48803E-01 7.58907E-01 4.54053E-01 2.24294E-01 1.95133E-02 5.64370E+00 
1.95133E-02 2.39087E-01 4.68495E-01 7.60645E-01 7.62390E-01 7.62735E-01 7.72871E-01 4.68495E-01 2.39087E-01 1.95133E-02 6.02446E+00 
1.95133E-02 3.16638E-01 5.44366E-01 8.33815E-01 8.35638E-01 8.36172E-01 8.46466E-01 5.44366E-01 3.16638E-01 1.95133E-02 8.05063E+00 
1.95133E-02 4.06739E-01 6.32774E-01 9.19511E-01 9.21414E-01 9.22147E-01 9.32603E-01 6.32774E-01 4.06739E-01 1.95133E-02 1.04596E+01 
1.95133E-02 5.10687E-01 7.35017E-01 1.01903E+00 1.02102E+00 1.02196E+00 1.03259E+00 7.35017E-01 5.10687E-01 1.95133E-02 1.32976E+01 
1.95133E-02 6.29879E-01 8.52492E-01 1.13378E+00 1.13586E+00 1.13702E+00 1.14781E+00 8.52492E-01 6.29879E-01 1.95133E-02 1.66121E+01 
1.13817E-01 7.60572E-01 9.81475E-01 1.26006E+00 1.26222E+00 1.26362E+00 1.27459E+00 9.81475E-01 7.60572E-01 1.13817E-01 2.02900E+01 
2.68792E-01 9.09344E-01 1.12852E+00 1.40439E+00 1.40664E+00 1.40829E+00 1.41944E+00 1.12852E+00 9.09344E-01 2.68792E-01 2.44780E+01 
4.44908E-01 1.07920E+00 1.29662E+00 1.56976E+00 1.57211E+00 1.57401E+00 1.58536E+00 1.29662E+00 1.07920E+00 4.44908E-01 2.92572E+01 
6.44112E-01 1.27208E+00 1.48774E+00 1.75813E+00 1.76057E+00 1.76276E+00 1.77430E+00 1.48774E+00 1.27208E+00 6.44112E-01 3.46776E+01 
8.68443E-01 1.49004E+00 1.70393E+00 1.97156E+00 1.97410E+00 1.97657E+00 1.98832E+00 1.70393E+00 1.49004E+00 8.68443E-01 4.07877E+01 
1.12002E+00 1.73522E+00 1.94730E+00 2.21217E+00 2.21481E+00 2.21759E+00 2.22955E+00 1.94730E+00 1.73522E+00 1.12002E+00 4.76334E+01 
1.40104E+00 2.00979E+00 2.22007E+00 2.48217E+00 2.48492E+00 2.48802E+00 2.50020E+00 2.22007E+00 2.00979E+00 1.40104E+00 5.52570E+01 
1.71374E+00 2.31600E+00 2.52446E+00 2.78380E+00 2.78666E+00 2.79010E+00 2.80250E+00 2.52446E+00 2.31600E+00 1.71374E+00 6.36963E+01 
2.06036E+00 2.65613E+00 2.86276E+00 3.11933E+00 3.12230E+00 3.12610E+00 3.13874E+00 2.86276E+00 2.65613E+00 2.06036E+00 7.29838E+01 
2.44319E+00 3.03244E+00 3.23723E+00 3.49104E+00 3.49412E+00 3.49830E+00 3.51118E+00 3.23723E+00 3.03244E+00 2.44319E+00 8.31456E+01 
2.86445E+00 3.44717E+00 3.65011E+00 3.90116E+00 3.90437E+00 3.90894E+00 3.92207E+00 3.65011E+00 3.44717E+00 2.86445E+00 9.42009E+01 
3.32632E+00 3.90249E+00 4.10358E+00 4.35189E+00 4.35521E+00 4.36021E+00 4.37360E+00 4.10358E+00 3.90249E+00 3.32632E+00 1.06161E+02 
3.83088E+00 4.40050E+00 4.59974E+00 4.84531E+00 4.84876E+00 4.85419E+00 4.86785E+00 4.59974E+00 4.40050E+00 3.83088E+00 1.19029E+02 
1.81905E-02 8.86700E-02 1.95739E-01 4.85783E-01 4.87312E-01 4.86874E-01 4.96756E-01 1.95739E-01 8.86700E-02 1.81905E-02 -6.82955E-01 
1.81905E-02 8.86700E-02 2.14051E-01 5.01818E-01 5.03414E-01 5.03124E-01 5.13135E-01 2.14051E-01 8.86700E-02 1.81905E-02 -1.88613E-01 
1.81905E-02 1.11164E-02 2.37220E-01 5.22721E-01 5.24386E-01 5.24250E-01 5.34392E-01 2.37220E-01 1.11164E-02 1.81905E-02 4.12804E-01 
1.81905E-02 4.09576E-02 2.65642E-01 5.48884E-01 5.50619E-01 5.50644E-01 5.60920E-01 2.65642E-01 4.09576E-02 1.81905E-02 1.12545E+00 
1.81905E-02 7.69626E-02 3.00211E-01 5.81173E-01 5.82981E-01 5.83176E-01 5.93590E-01 3.00211E-01 7.69626E-02 1.81905E-02 1.99650E+00 
1.81905E-02 1.19747E-01 3.41543E-01 6.20209E-01 6.22091E-01 6.22465E-01 6.33021E-01 3.41543E-01 1.19747E-01 1.81905E-02 3.05068E+00 
1.81905E-02 1.69978E-01 3.90307E-01 6.66661E-01 6.68620E-01 6.69183E-01 6.79886E-01 3.90307E-01 1.69978E-01 1.81905E-02 4.31458E+00 
1.81905E-02 2.14409E-01 4.33594E-01 7.08151E-01 7.10171E-01 7.10885E-01 7.21704E-01 4.33594E-01 2.14409E-01 1.81905E-02 5.45425E+00 
1.81905E-02 2.28375E-01 4.47223E-01 7.21254E-01 7.23292E-01 7.24051E-01 7.34906E-01 4.47223E-01 2.28375E-01 1.81905E-02 5.81635E+00 
1.81905E-02 3.01385E-01 5.18622E-01 7.90136E-01 7.92261E-01 7.93245E-01 8.04267E-01 5.18622E-01 3.01385E-01 1.81905E-02 7.73613E+00 
1.81905E-02 3.85841E-01 6.01454E-01 8.70442E-01 8.72658E-01 8.73877E-01 8.85072E-01 6.01454E-01 3.85841E-01 1.81905E-02 1.00053E+01 
1.81905E-02 4.82879E-01 6.96856E-01 9.63312E-01 9.65620E-01 9.67087E-01 9.78461E-01 6.96856E-01 4.82879E-01 1.81905E-02 1.26633E+01 
1.81905E-02 5.93713E-01 8.06045E-01 1.06996E+00 1.07237E+00 1.07409E+00 1.08565E+00 8.06045E-01 5.93713E-01 1.81905E-02 1.57502E+01 
1.05936E-01 7.15186E-01 9.25875E-01 1.18728E+00 1.18978E+00 1.19178E+00 1.20353E+00 9.25875E-01 7.15186E-01 1.05936E-01 1.91504E+01 
2.49601E-01 8.52945E-01 1.06198E+00 1.32085E+00 1.32346E+00 1.32575E+00 1.33769E+00 1.06198E+00 8.52945E-01 2.49601E-01 2.30011E+01 
4.12173E-01 1.00955E+00 1.21691E+00 1.47324E+00 1.47595E+00 1.47855E+00 1.49070E+00 1.21691E+00 1.00955E+00 4.12173E-01 2.73732E+01 
5.95301E-01 1.18667E+00 1.39232E+00 1.64611E+00 1.64892E+00 1.65184E+00 1.66420E+00 1.39232E+00 1.18667E+00 5.95301E-01 3.23069E+01 
8.00698E-01 1.38600E+00 1.58995E+00 1.84117E+00 1.84409E+00 1.84735E+00 1.85993E+00 1.58995E+00 1.38600E+00 8.00698E-01 3.78406E+01 
1.03013E+00 1.60933E+00 1.81156E+00 2.06021E+00 2.06325E+00 2.06687E+00 2.07968E+00 1.81156E+00 1.60933E+00 1.03013E+00 4.40095E+01 
1.28541E+00 1.85847E+00 2.05896E+00 2.30505E+00 2.30820E+00 2.31219E+00 2.32524E+00 2.05896E+00 1.85847E+00 1.28541E+00 5.08451E+01 
1.56836E+00 2.13526E+00 2.33399E+00 2.57751E+00 2.58078E+00 2.58518E+00 2.59847E+00 2.33399E+00 2.13526E+00 1.56836E+00 5.83746E+01 
1.88081E+00 2.44151E+00 2.63849E+00 2.87944E+00 2.88284E+00 2.88765E+00 2.90119E+00 2.63849E+00 2.44151E+00 1.88081E+00 6.66198E+01 
2.22456E+00 2.77906E+00 2.97426E+00 3.21266E+00 3.21618E+00 3.22143E+00 3.23523E+00 2.97426E+00 2.77906E+00 2.22456E+00 7.55967E+01 
2.60137E+00 3.14964E+00 3.34308E+00 3.57892E+00 3.58257E+00 3.58827E+00 3.60235E+00 3.34308E+00 3.14964E+00 2.60137E+00 8.53147E+01 
3.01292E+00 3.55497E+00 3.74662E+00 3.97992E+00 3.98370E+00 3.98989E+00 4.00424E+00 3.74662E+00 3.55497E+00 3.01292E+00 9.57765E+01 
3.46080E+00 3.99660E+00 4.18647E+00 4.41724E+00 4.42115E+00 4.42784E+00 4.44249E+00 4.18647E+00 3.99660E+00 3.46080E+00 1.06977E+02 
1.69383E-02 8.54968E-02 1.85776E-01 4.57772E-01 4.59578E-01 4.59428E-01 4.70001E-01 1.85776E-01 8.54968E-02 1.69383E-02 -6.55558E-01 
1.69383E-02 8.54968E-02 2.03894E-01 4.73769E-01 4.75651E-01 4.75677E-01 4.86387E-01 2.03894E-01 8.54968E-02 1.69383E-02 -1.67332E-01 
1.69383E-02 1.08246E-02 2.26537E-01 4.94300E-01 4.96259E-01 4.96469E-01 5.07318E-01 2.26537E-01 1.08246E-02 1.69383E-02 4.22750E-01 
1.69383E-02 3.97031E-02 2.54054E-01 5.19713E-01 5.21751E-01 5.22153E-01 5.33145E-01 2.54054E-01 3.97031E-02 1.69383E-02 1.11763E+00 
1.69383E-02 7.42945E-02 2.87268E-01 5.50805E-01 5.52924E-01 5.53528E-01 5.64668E-01 2.87268E-01 7.42945E-02 1.69383E-02 1.96188E+00 
1.69383E-02 1.15146E-01 3.26726E-01 5.88126E-01 5.90328E-01 5.91145E-01 6.02436E-01 3.26726E-01 1.15146E-01 1.69383E-02 2.97753E+00 
1.69383E-02 1.62849E-01 3.73022E-01 6.32271E-01 6.34559E-01 6.35598E-01 6.47046E-01 3.73022E-01 1.62849E-01 1.69383E-02 4.18806E+00 
1.69383E-02 2.04863E-01 4.13937E-01 6.71515E-01 6.73871E-01 6.75090E-01 6.86662E-01 4.13937E-01 2.04863E-01 1.69383E-02 5.27402E+00 
1.69383E-02 2.18039E-01 4.26791E-01 6.83879E-01 6.86255E-01 6.87528E-01 6.99137E-01 4.26791E-01 2.18039E-01 1.69383E-02 5.61806E+00 
1.69383E-02 2.86721E-01 4.93927E-01 7.48675E-01 7.51148E-01 7.52686E-01 7.64474E-01 4.93927E-01 2.86721E-01 1.69383E-02 7.43525E+00 
1.69383E-02 3.65820E-01 5.71466E-01 8.23867E-01 8.26441E-01 8.28256E-01 8.40230E-01 5.71466E-01 3.65820E-01 1.69383E-02 9.57017E+00 
1.69383E-02 4.56324E-01 6.60399E-01 9.10447E-01 9.13123E-01 9.15231E-01 9.27397E-01 6.60399E-01 4.56324E-01 1.69383E-02 1.20562E+01 
1.69383E-02 5.59284E-01 7.61777E-01 1.00947E+00 1.01225E+00 1.01467E+00 1.02703E+00 7.61777E-01 5.59284E-01 1.69383E-02 1.49267E+01 
9.84880E-02 6.72050E-01 8.72966E-01 1.11832E+00 1.12121E+00 1.12395E+00 1.13652E+00 8.72966E-01 6.72050E-01 9.84880E-02 1.80648E+01 
2.31507E-01 7.99447E-01 9.98769E-01 1.24178E+00 1.24478E+00 1.24786E+00 1.26064E+00 9.98769E-01 7.99447E-01 2.31507E-01 2.15987E+01 
3.81384E-01 9.43646E-01 1.14136E+00 1.38201E+00 1.38513E+00 1.38856E+00 1.40156E+00 1.14136E+00 9.43646E-01 3.81384E-01 2.55904E+01 
5.49504E-01 1.10604E+00 1.30212E+00 1.54041E+00 1.54364E+00 1.54745E+00 1.56068E+00 1.30212E+00 1.10604E+00 5.49504E-01 3.00716E+01 
7.37293E-01 1.28805E+00 1.48249E+00 1.71841E+00 1.72176E+00 1.72597E+00 1.73943E+00 1.48249E+00 1.28805E+00 7.37293E-01 3.50717E+01 
9.46212E-01 1.49116E+00 1.68394E+00 1.91748E+00 1.92096E+00 1.92558E+00 1.93929E+00 1.68394E+00 1.49116E+00 9.46212E-01 4.06171E+01 
1.17773E+00 1.71684E+00 1.90794E+00 2.13910E+00 2.14271E+00 2.14777E+00 2.16174E+00 1.90794E+00 1.71684E+00 1.17773E+00 4.67304E+01 
1.43333E+00 1.96656E+00 2.15598E+00 2.38477E+00 2.38851E+00 2.39403E+00 2.40826E+00 2.15598E+00 1.96656E+00 1.43333E+00 5.34298E+01 
1.71446E+00 2.24180E+00 2.42952E+00 2.65594E+00 2.65981E+00 2.66581E+00 2.68032E+00 2.42952E+00 2.24180E+00 1.71446E+00 6.07285E+01 
2.02254E+00 2.54396E+00 2.72998E+00 2.95403E+00 2.95804E+00 2.96455E+00 2.97934E+00 2.72998E+00 2.54396E+00 2.02254E+00 6.86346E+01 
2.35892E+00 2.87442E+00 3.05873E+00 3.28042E+00 3.28457E+00 3.29161E+00 3.30669E+00 3.05873E+00 2.87442E+00 2.35892E+00 7.71499E+01 
2.72488E+00 3.23444E+00 3.41703E+00 3.63638E+00 3.64067E+00 3.64826E+00 3.66365E+00 3.41703E+00 3.23444E+00 2.72488E+00 8.62706E+01 
3.12157E+00 3.62519E+00 3.80605E+00 4.02307E+00 4.02751E+00 4.03568E+00 4.05139E+00 3.80605E+00 3.62519E+00 3.12157E+00 9.59861E+01 
1.57536E-02 8.23960E-02 1.76291E-01 4.31404E-01 4.33533E-01 4.33752E-01 4.45047E-01 1.76291E-01 8.23960E-02 1.57536E-02 -6.26062E-01 
1.57536E-02 8.23960E-02 1.94201E-01 4.47340E-01 4.49554E-01 4.49983E-01 4.61424E-01 1.94201E-01 8.23960E-02 1.57536E-02 -1.43253E-01 
1.57536E-02 1.05348E-02 2.16312E-01 4.67489E-01 4.69789E-01 4.70437E-01 4.82026E-01 2.16312E-01 1.05348E-02 1.57536E-02 4.36144E-01 
1.57536E-02 3.84672E-02 2.42938E-01 4.92160E-01 4.94548E-01 4.95424E-01 5.07165E-01 2.42938E-01 3.84672E-02 1.57536E-02 1.11391E+00 
1.57536E-02 7.16829E-02 2.74830E-01 5.22081E-01 5.24560E-01 5.25675E-01 5.37574E-01 2.74830E-01 7.16829E-02 1.57536E-02 1.93214E+00 
1.57536E-02 1.10666E-01 3.12476E-01 5.57742E-01 5.60313E-01 5.61680E-01 5.73741E-01 3.12476E-01 1.10666E-01 1.57536E-02 2.91032E+00 
1.57536E-02 1.55940E-01 3.56397E-01 5.99668E-01 6.02334E-01 6.03964E-01 6.16192E-01 3.56397E-01 1.55940E-01 1.57536E-02 4.06900E+00 
1.57536E-02 1.95640E-01 3.95041E-01 6.36761E-01 6.39503E-01 6.41346E-01 6.53707E-01 3.95041E-01 1.95640E-01 1.57536E-02 5.10288E+00 
1.57536E-02 2.08062E-01 4.07153E-01 6.48419E-01 6.51183E-01 6.53089E-01 6.65490E-01 4.07153E-01 2.08062E-01 1.57536E-02 5.42946E+00 
1.57536E-02 2.72622E-01 4.70227E-01 7.09323E-01 7.12196E-01 7.14413E-01 7.27006E-01 4.70227E-01 2.72622E-01 1.57536E-02 7.14762E+00 
1.57536E-02 3.46638E-01 5.42744E-01 7.79664E-01 7.82648E-01 7.85192E-01 7.97984E-01 5.42744E-01 3.46638E-01 1.57536E-02 9.15362E+00 
1.57536E-02 4.30965E-01 6.25561E-01 8.60301E-01 8.63398E-01 8.66285E-01 8.79284E-01 6.25561E-01 4.30965E-01 1.57536E-02 1.14753E+01 
1.57536E-02 5.26508E-01 7.19582E-01 9.52141E-01 9.55355E-01 9.58601E-01 9.71813E-01 7.19582E-01 5.26508E-01 1.57536E-02 1.41400E+01 
9.14524E-02 6.31058E-01 8.22614E-01 1.05301E+00 1.05635E+00 1.05997E+00 1.07340E+00 8.22614E-01 6.31058E-01 9.14524E-02 1.70309E+01 
2.14457E-01 7.48709E-01 9.38731E-01 1.16696E+00 1.17042E+00 1.17444E+00 1.18809E+00 9.38731E-01 7.48709E-01 2.14457E-01 2.02677E+01 
3.52443E-01 8.81288E-01 1.06976E+00 1.29581E+00 1.29939E+00 1.30383E+00 1.31772E+00 1.06976E+00 8.81288E-01 3.52443E-01 2.39042E+01 
5.06562E-01 1.02995E+00 1.21685E+00 1.44072E+00 1.44443E+00 1.44930E+00 1.46345E+00 1.21685E+00 1.02995E+00 5.06562E-01 2.79649E+01 
6.77991E-01 1.19588E+00 1.38120E+00 1.60287E+00 1.60671E+00 1.61205E+00 1.62645E+00 1.38120E+00 1.19588E+00 6.77991E-01 3.24718E+01 
8.67919E-01 1.38028E+00 1.56399E+00 1.78347E+00 1.78745E+00 1.79327E+00 1.80794E+00 1.56399E+00 1.38028E+00 8.67919E-01 3.74436E+01 
1.07753E+00 1.58432E+00 1.76643E+00 1.98371E+00 1.98783E+00 1.99416E+00 2.00910E+00 1.76643E+00 1.58432E+00 1.07753E+00 4.28956E+01 
1.30801E+00 1.80920E+00 1.98968E+00 2.20478E+00 2.20904E+00 2.21589E+00 2.23113E+00 1.98968E+00 1.80920E+00 1.30801E+00 4.88387E+01 
1.56047E+00 2.05605E+00 2.23490E+00 2.44781E+00 2.45221E+00 2.45963E+00 2.47516E+00 2.23490E+00 2.05605E+00 1.56047E+00 5.52796E+01 
1.83603E+00 2.32598E+00 2.50318E+00 2.71391E+00 2.71846E+00 2.72646E+00 2.74230E+00 2.50318E+00 2.32598E+00 1.83603E+00 6.22198E+01 
2.13569E+00 2.61999E+00 2.79554E+00 3.00410E+00 3.00881E+00 3.01741E+00 3.03358E+00 2.79554E+00 2.61999E+00 2.13569E+00 6.96556E+01 
2.46038E+00 2.93902E+00 3.11291E+00 3.31932E+00 3.32418E+00 3.33342E+00 3.34992E+00 3.11291E+00 2.93902E+00 2.46038E+00 7.75783E+01 
2.81093E+00 3.28390E+00 3.45613E+00 3.66039E+00 3.66541E+00 3.67531E+00 3.69216E+00 3.45613E+00 3.28390E+00 2.81093E+00 8.59736E+01 
1.46334E-02 7.93635E-02 1.67263E-01 4.06603E-01 4.09107E-01 4.09794E-01 4.21840E-01 1.67263E-01 7.93635E-02 1.46334E-02 -5.93810E-01 
1.46334E-02 7.93635E-02 1.84945E-01 4.22455E-01 4.25054E-01 4.25991E-01 4.38192E-01 1.84945E-01 7.93635E-02 1.46334E-02 -1.15795E-01 
1.46334E-02 1.02463E-02 2.06521E-01 4.42212E-01 4.44906E-01 4.46102E-01 4.58462E-01 2.06521E-01 1.02463E-02 1.46334E-02 4.53477E-01 
1.46334E-02 3.72481E-02 2.32267E-01 4.66146E-01 4.68938E-01 4.70404E-01 4.82926E-01 2.32267E-01 3.72481E-02 1.46334E-02 1.11470E+00 
1.46334E-02 6.91243E-02 2.62871E-01 4.94925E-01 4.97817E-01 4.99566E-01 5.12256E-01 2.62871E-01 6.91243E-02 1.46334E-02 1.90759E+00 
1.46334E-02 1.06302E-01 2.98761E-01 5.28978E-01 5.31974E-01 5.34019E-01 5.46883E-01 2.98761E-01 1.06302E-01 1.46334E-02 2.84923E+00 
1.46334E-02 1.49241E-01 3.40399E-01 5.68769E-01 5.71870E-01 5.74226E-01 5.87269E-01 3.40399E-01 1.49241E-01 1.46334E-02 3.95743E+00 
1.46334E-02 1.86726E-01 3.76869E-01 6.03805E-01 6.06989E-01 6.09594E-01 6.22781E-01 3.76869E-01 1.86726E-01 1.46334E-02 4.94078E+00 
1.46334E-02 1.98428E-01 3.88272E-01 6.14788E-01 6.17997E-01 6.20677E-01 6.33906E-01 3.88272E-01 1.98428E-01 1.46334E-02 5.25045E+00 
1.46334E-02 2.59063E-01 4.47476E-01 6.71986E-01 6.75314E-01 6.78360E-01 6.91797E-01 4.47476E-01 2.59063E-01 1.46334E-02 6.87300E+00 
1.46334E-02 3.28258E-01 5.15228E-01 7.37728E-01 7.41178E-01 7.44608E-01 7.58259E-01 5.15228E-01 3.28258E-01 1.46334E-02 8.75515E+00 
1.46334E-02 4.06749E-01 5.92265E-01 8.12752E-01 8.16327E-01 8.20159E-01 8.34032E-01 5.92265E-01 4.06749E-01 1.46334E-02 1.09198E+01 
1.46334E-02 4.95309E-01 6.79359E-01 8.97833E-01 9.01537E-01 9.05788E-01 9.19892E-01 6.79359E-01 4.95309E-01 1.46334E-02 1.33889E+01 
8.48114E-02 5.92111E-01 7.74698E-01 9.91180E-01 9.95013E-01 9.99704E-01 1.01404E+00 7.74698E-01 5.92111E-01 8.48114E-02 1.60469E+01 
1.98402E-01 7.00603E-01 8.81712E-01 1.09620E+00 1.10016E+00 1.10531E+00 1.11990E+00 8.81712E-01 7.00603E-01 1.98402E-01 1.90052E+01 
3.25259E-01 8.22310E-01 1.00192E+00 1.21440E+00 1.21850E+00 1.22414E+00 1.23898E+00 1.00192E+00 8.22310E-01 3.25259E-01 2.23104E+01 
4.66330E-01 9.58184E-01 1.13628E+00 1.34674E+00 1.35099E+00 1.35713E+00 1.37225E+00 1.13628E+00 9.58184E-01 4.66330E-01 2.59809E+01 
6.22572E-01 1.10919E+00 1.28576E+00 1.49420E+00 1.49859E+00 1.50527E+00 1.52066E+00 1.28576E+00 1.10919E+00 6.22572E-01 3.00322E+01 
7.94941E-01 1.27628E+00 1.45131E+00 1.65774E+00 1.66227E+00 1.66951E+00 1.68520E+00 1.45131E+00 1.27628E+00 7.94941E-01 3.44771E+01 
9.84379E-01 1.46042E+00 1.63388E+00 1.83830E+00 1.84299E+00 1.85081E+00 1.86680E+00 1.63388E+00 1.46042E+00 9.84379E-01 3.93247E+01 
1.19180E+00 1.66251E+00 1.83441E+00 2.03681E+00 2.04165E+00 2.05009E+00 2.06639E+00 1.83441E+00 1.66251E+00 1.19180E+00 4.45803E+01 
1.41807E+00 1.88343E+00 2.05375E+00 2.25415E+00 2.25914E+00 2.26822E+00 2.28485E+00 2.05375E+00 1.88343E+00 1.41807E+00 5.02451E+01 
1.66402E+00 2.12400E+00 2.29273E+00 2.49113E+00 2.49629E+00 2.50604E+00 2.52301E+00 2.29273E+00 2.12400E+00 1.66402E+00 5.63159E+01 
1.93037E+00 2.38497E+00 2.55210E+00 2.74851E+00 2.75384E+00 2.76428E+00 2.78160E+00 2.55210E+00 2.38497E+00 1.93037E+00 6.27850E+01 
2.21777E+00 2.66698E+00 2.83251E+00 3.02695E+00 3.03243E+00 3.04361E+00 3.06129E+00 2.83251E+00 2.66698E+00 2.21777E+00 6.96403E+01 
2.52678E+00 2.97059E+00 3.13451E+00 3.32698E+00 3.33264E+00 3.34457E+00 3.36263E+00 3.13451E+00 2.97059E+00 2.52678E+00 7.68650E+01 
1.35750E-02 7.63954E-02 1.58668E-01 3.83297E-01 3.86235E-01 3.87510E-01 4.00333E-01 1.58668E-01 7.63954E-02 1.35750E-02 -5.58044E-01 
1.35750E-02 7.63954E-02 1.76105E-01 3.99043E-01 4.02086E-01 4.03656E-01 4.16645E-01 1.76105E-01 7.63954E-02 1.35750E-02 -8.42905E-02 
1.35750E-02 9.95886E-03 1.97139E-01 4.18397E-01 4.21545E-01 4.23423E-01 4.36581E-01 1.97139E-01 9.95886E-03 1.35750E-02 4.75314E-01 
1.35750E-02 3.60443E-02 2.22015E-01 4.41600E-01 4.44857E-01 4.47053E-01 4.60386E-01 2.22015E-01 3.60443E-02 1.35750E-02 1.12044E+00 
1.35750E-02 6.66157E-02 2.51361E-01 4.69262E-01 4.72629E-01 4.75159E-01 4.88673E-01 2.51361E-01 6.66157E-02 1.35750E-02 1.88855E+00 
1.35750E-02 1.02048E-01 2.85553E-01 5.01760E-01 5.05240E-01 5.08119E-01 5.21820E-01 2.85553E-01 1.02048E-01 1.35750E-02 2.79446E+00 
1.35750E-02 1.42742E-01 3.24994E-01 5.39498E-01 5.43094E-01 5.46337E-01 5.60232E-01 3.24994E-01 1.42742E-01 1.35750E-02 3.85346E+00 
1.35750E-02 1.78109E-01 3.59381E-01 5.72565E-01 5.76252E-01 5.79788E-01 5.93838E-01 3.59381E-01 1.78109E-01 1.35750E-02 4.78771E+00 
1.35750E-02 1.89123E-01 3.70108E-01 5.82904E-01 5.86618E-01 5.90242E-01 6.04338E-01 3.70108E-01 1.89123E-01 1.35750E-02 5.08098E+00 
1.35750E-02 2.46020E-01 4.25626E-01 6.36575E-01 6.40420E-01 6.44473E-01 6.58792E-01 4.25626E-01 2.46020E-01 1.35750E-02 6.61114E+00 
1.35750E-02 3.10645E-01 4.88858E-01 6.97958E-01 7.01937E-01 7.06439E-01 7.20990E-01 4.88858E-01 3.10645E-01 1.35750E-02 8.37426E+00 
1.35750E-02 3.83625E-01 5.60435E-01 7.67683E-01 7.71799E-01 7.76770E-01 7.91563E-01 5.60435E-01 3.83625E-01 1.35750E-02 1.03888E+01 
1.35750E-02 4.65613E-01 6.41009E-01 8.46408E-01 8.50663E-01 8.56125E-01 8.71167E-01 6.41009E-01 4.65613E-01 1.35750E-02 1.26722E+01 
7.85468E-02 5.55112E-01 7.29095E-01 9.32665E-01 9.37062E-01 9.43034E-01 9.58334E-01 7.29095E-01 5.55112E-01 7.85468E-02 1.51108E+01 
1.83296E-01 6.55004E-01 8.27558E-01 1.02929E+00 1.03384E+00 1.04034E+00 1.05591E+00 8.27558E-01 6.55004E-01 1.83296E-01 1.78081E+01 
2.99745E-01 7.66546E-01 9.37654E-01 1.13755E+00 1.14224E+00 1.14931E+00 1.16516E+00 9.37654E-01 7.66546E-01 2.99745E-01 2.08046E+01 
4.28665E-01 8.90513E-01 1.06016E+00 1.25821E+00 1.26305E+00 1.27071E+00 1.28685E+00 1.06016E+00 8.90513E-01 4.28665E-01 2.41134E+01 
5.70822E-01 1.02768E+00 1.19584E+00 1.39205E+00 1.39705E+00 1.40532E+00 1.42177E+00 1.19584E+00 1.02768E+00 5.70822E-01 2.77448E+01 
7.26973E-01 1.17880E+00 1.34548E+00 1.53983E+00 1.54499E+00 1.55391E+00 1.57068E+00 1.34548E+00 1.17880E+00 7.26973E-01 3.17064E+01 
8.97849E-01 1.34462E+00 1.50979E+00 1.70230E+00 1.70762E+00 1.71722E+00 1.73432E+00 1.50979E+00 1.34462E+00 8.97849E-01 3.60025E+01 
1.08414E+00 1.52584E+00 1.68948E+00 1.88016E+00 1.88565E+00 1.89595E+00 1.91339E+00 1.68948E+00 1.52584E+00 1.08414E+00 4.06341E+01 
1.28651E+00 1.72310E+00 1.88522E+00 2.07406E+00 2.07971E+00 2.09075E+00 2.10855E+00 1.88522E+00 1.72310E+00 1.28651E+00 4.55981E+01 
1.50553E+00 1.93700E+00 2.09757E+00 2.28460E+00 2.29042E+00 2.30223E+00 2.32040E+00 2.09757E+00 1.93700E+00 1.50553E+00 5.08881E+01 
1.74171E+00 2.16805E+00 2.32707E+00 2.51228E+00 2.51828E+00 2.53089E+00 2.54945E+00 2.32707E+00 2.16805E+00 1.74171E+00 5.64936E+01 
1.99548E+00 2.41667E+00 2.57414E+00 2.75755E+00 2.76373E+00 2.77717E+00 2.79613E+00 2.57414E+00 2.41667E+00 1.99548E+00 6.24001E+01 
2.26716E+00 2.68320E+00 2.83911E+00 3.02073E+00 3.02709E+00 3.04139E+00 3.06077E+00 2.83911E+00 2.68320E+00 2.26716E+00 6.85899E+01 
1.25756E-02 7.34888E-02 1.50483E-01 3.61424E-01 3.64861E-01 3.66870E-01 3.80494E-01 1.50483E-01 7.34888E-02 1.25756E-02 -5.17896E-01 
1.25756E-02 7.34888E-02 1.67655E-01 3.77039E-01 3.80591E-01 3.82950E-01 3.96752E-01 1.67655E-01 7.34888E-02 1.25756E-02 -4.79818E-02 
1.25756E-02 9.67208E-03 1.88141E-01 3.95980E-01 3.99648E-01 4.02368E-01 4.16354E-01 1.88141E-01 9.67208E-03 1.25756E-02 5.02295E-01 
1.25756E-02 3.48546E-02 2.12157E-01 4.18458E-01 4.22245E-01 4.25340E-01 4.39514E-01 2.12157E-01 3.48546E-02 1.25756E-02 1.13166E+00 
1.25756E-02 6.41545E-02 2.40274E-01 4.45029E-01 4.48937E-01 4.52424E-01 4.66793E-01 2.40274E-01 6.41545E-02 1.25756E-02 1.87542E+00 
1.25756E-02 9.78988E-02 2.72822E-01 4.76021E-01 4.80053E-01 4.83949E-01 4.98521E-01 2.72822E-01 9.78988E-02 1.25756E-02 2.74629E+00 
1.25756E-02 1.36436E-01 3.10148E-01 5.11786E-01 5.15944E-01 5.20268E-01 5.35050E-01 3.10148E-01 1.36436E-01 1.25756E-02 3.75719E+00 
1.25756E-02 1.69776E-01 3.42542E-01 5.42968E-01 5.47226E-01 5.51893E-01 5.66843E-01 3.42542E-01 1.69776E-01 1.25756E-02 4.64366E+00 
1.25756E-02 1.80133E-01 3.52621E-01 5.52692E-01 5.56981E-01 5.61750E-01 5.76749E-01 3.52621E-01 1.80133E-01 1.25756E-02 4.92101E+00 
1.25756E-02 2.33472E-01 4.04628E-01 6.03007E-01 6.07438E-01 6.12709E-01 6.27952E-01 4.04628E-01 2.33472E-01 1.25756E-02 6.36182E+00 
1.25756E-02 2.93765E-01 4.63576E-01 6.60261E-01 6.64837E-01 6.70632E-01 6.86127E-01 4.63576E-01 2.93765E-01 1.25756E-02 8.01054E+00 
1.25756E-02 3.61542E-01 5.29995E-01 7.24987E-01 7.29712E-01 7.36053E-01 7.51811E-01 5.29995E-01 3.61542E-01 1.25756E-02 9.88174E+00 
1.25756E-02 4.37350E-01 6.04435E-01 7.97737E-01 8.02612E-01 8.09524E-01 8.25554E-01 6.04435E-01 4.37350E-01 1.25756E-02 1.19887E+01 
7.26415E-02 5.19971E-01 6.85689E-01 8.77319E-01 8.82347E-01 8.89852E-01 9.06165E-01 6.85689E-01 5.19971E-01 7.26415E-02 1.42207E+01 
1.69091E-01 6.11791E-01 7.76126E-01 9.66082E-01 9.71267E-01 9.79392E-01 9.96000E-01 7.76126E-01 6.11791E-01 1.69091E-01 1.66738E+01 
2.75816E-01 7.13837E-01 8.76772E-01 1.06505E+00 1.07039E+00 1.07917E+00 1.09608E+00 8.76772E-01 7.13837E-01 2.75816E-01 1.93830E+01 
3.93430E-01 8.26731E-01 9.88247E-01 1.17484E+00 1.18035E+00 1.18981E+00 1.20704E+00 9.88247E-01 8.26731E-01 3.93430E-01 2.23568E+01 
5.22539E-01 9.51080E-01 1.11116E+00 1.29608E+00 1.30175E+00 1.31192E+00 1.32949E+00 1.11116E+00 9.51080E-01 5.22539E-01 2.56015E+01 
6.63726E-01 1.08747E+00 1.24611E+00 1.42934E+00 1.43519E+00 1.44610E+00 1.46402E+00 1.24611E+00 1.08747E+00 6.63726E-01 2.91205E+01 
8.17544E-01 1.23647E+00 1.39364E+00 1.57520E+00 1.58122E+00 1.59291E+00 1.61119E+00 1.39364E+00 1.23647E+00 8.17544E-01 3.29145E+01 
9.84506E-01 1.39859E+00 1.55428E+00 1.73417E+00 1.74037E+00 1.75287E+00 1.77153E+00 1.55428E+00 1.39859E+00 9.84506E-01 3.69807E+01 
1.16507E+00 1.57428E+00 1.72850E+00 1.90672E+00 1.91310E+00 1.92644E+00 1.94550E+00 1.72850E+00 1.57428E+00 1.16507E+00 4.13136E+01 
1.35965E+00 1.76397E+00 1.91669E+00 2.09326E+00 2.09982E+00 2.11404E+00 2.13351E+00 1.91669E+00 1.76397E+00 1.35965E+00 4.59040E+01 
1.56855E+00 1.96798E+00 2.11919E+00 2.29412E+00 2.30086E+00 2.31599E+00 2.33589E+00 2.11919E+00 1.96798E+00 1.56855E+00 5.07397E+01 
1.79203E+00 2.18655E+00 2.33625E+00 2.50955E+00 2.51648E+00 2.53255E+00 2.55289E+00 2.33625E+00 2.18655E+00 1.79203E+00 5.58053E+01 
2.03023E+00 2.41983E+00 2.56801E+00 2.73969E+00 2.74681E+00 2.76387E+00 2.78467E+00 2.56801E+00 2.41983E+00 2.03023E+00 6.10826E+01 
1.16325E-02 7.06410E-02 1.42686E-01 3.40926E-01 3.44934E-01 3.47854E-01 3.62301E-01 1.42686E-01 7.06410E-02 1.16325E-02 -4.72384E-01 
1.16325E-02 7.06410E-02 1.59572E-01 3.56388E-01 3.60521E-01 3.63853E-01 3.78493E-01 1.59572E-01 7.06410E-02 1.16325E-02 -6.01769E-03 
1.16325E-02 9.38577E-03 1.79503E-01 3.74905E-01 3.79166E-01 3.82922E-01 3.97761E-01 1.79503E-01 9.38577E-03 1.16325E-02 5.35134E-01 
1.16325E-02 3.36781E-02 2.02667E-01 3.96664E-01 4.01054E-01 4.05251E-01 4.20294E-01 2.02667E-01 3.36781E-02 1.16325E-02 1.14893E+00 
1.16325E-02 6.17386E-02 2.29584E-01 4.22168E-01 4.26689E-01 4.31346E-01 4.46602E-01 2.29584E-01 6.17386E-02 1.16325E-02 1.86864E+00 
1.16325E-02 9.38506E-02 2.60538E-01 4.51702E-01 4.56358E-01 4.61495E-01 4.76971E-01 2.60538E-01 9.38506E-02 1.16325E-02 2.70500E+00 
1.16325E-02 1.30315E-01 2.95831E-01 4.85570E-01 4.90364E-01 4.96000E-01 5.11706E-01 2.95831E-01 1.30315E-01 1.16325E-02 3.66879E+00 
1.16325E-02 1.61715E-01 3.26315E-01 5.14950E-01 5.19852E-01 5.25889E-01 5.41778E-01 3.26315E-01 1.61715E-01 1.16325E-02 4.50868E+00 
1.16325E-02 1.71445E-01 3.35777E-01 5.24089E-01 5.29023E-01 5.35179E-01 5.51122E-01 3.35777E-01 1.71445E-01 1.16325E-02 4.77056E+00 
1.16325E-02 2.21399E-01 3.84440E-01 5.71211E-01 5.76299E-01 5.83040E-01 5.99249E-01 3.84440E-01 2.21399E-01 1.16325E-02 6.12488E+00 
1.16325E-02 2.77587E-01 4.39324E-01 6.24554E-01 6.29799E-01 6.37150E-01 6.53636E-01 4.39324E-01 2.77587E-01 1.16325E-02 7.66357E+00 
1.16325E-02 3.40453E-01 5.00874E-01 6.84565E-01 6.89970E-01 6.97956E-01 7.14730E-01 5.00874E-01 3.40453E-01 1.16325E-02 9.39779E+00 
1.16325E-02 4.10451E-01 5.69546E-01 7.51701E-01 7.57268E-01 7.65916E-01 7.82989E-01 5.69546E-01 4.10451E-01 1.16325E-02 1.13374E+01 
6.70789E-02 4.86596E-01 6.44365E-01 8.25003E-01 8.30735E-01 8.40068E-01 8.57452E-01 6.44365E-01 4.86596E-01 6.70789E-02 1.33749E+01 
1.55746E-01 5.70848E-01 7.27274E-01 9.06394E-01 9.12293E-01 9.22343E-01 9.40052E-01 7.27274E-01 5.70848E-01 1.55746E-01 1.55996E+01 
2.53391E-01 6.64031E-01 8.19098E-01 9.96696E-01 1.00277E+00 1.01357E+00 1.03161E+00 8.19098E-01 6.64031E-01 2.53391E-01 1.80416E+01 
3.60497E-01 7.66634E-01 9.20323E-01 1.09640E+00 1.10264E+00 1.11423E+00 1.13263E+00 9.20323E-01 7.66634E-01 3.60497E-01 2.07057E+01 
4.77529E-01 8.79124E-01 1.03142E+00 1.20598E+00 1.21240E+00 1.22480E+00 1.24357E+00 1.03142E+00 8.79124E-01 4.77529E-01 2.35949E+01 
6.04924E-01 1.00195E+00 1.15283E+00 1.32587E+00 1.33247E+00 1.34573E+00 1.36489E+00 1.15283E+00 1.00195E+00 6.04924E-01 2.67094E+01 
7.43087E-01 1.13551E+00 1.28497E+00 1.45650E+00 1.46328E+00 1.47743E+00 1.49699E+00 1.28497E+00 1.13551E+00 7.43087E-01 3.00468E+01 
8.92379E-01 1.28017E+00 1.42820E+00 1.59822E+00 1.60520E+00 1.62026E+00 1.64024E+00 1.42820E+00 1.28017E+00 8.92379E-01 3.36022E+01 
1.05311E+00 1.43625E+00 1.58284E+00 1.75136E+00 1.75852E+00 1.77455E+00 1.79497E+00 1.58284E+00 1.43625E+00 1.05311E+00 3.73677E+01 
1.22552E+00 1.60400E+00 1.74913E+00 1.91616E+00 1.92352E+00 1.94054E+00 1.96142E+00 1.74913E+00 1.60400E+00 1.22552E+00 4.13328E+01 
1.40980E+00 1.78360E+00 1.92727E+00 2.09282E+00 2.10037E+00 2.11843E+00 2.13977E+00 1.92727E+00 1.78360E+00 1.40980E+00 4.54844E+01 
1.60604E+00 1.97516E+00 2.11735E+00 2.28143E+00 2.28917E+00 2.30831E+00 2.33015E+00 2.11735E+00 1.97516E+00 1.60604E+00 4.98068E+01 
1.81426E+00 2.17869E+00 2.31939E+00 2.48202E+00 2.48997E+00 2.51021E+00 2.53256E+00 2.31939E+00 2.17869E+00 1.81426E+00 5.42821E+01 
1.07432E-02 6.78496E-02 1.35252E-01 3.21755E-01 3.26411E-01 3.30457E-01 3.45749E-01 1.35252E-01 6.78496E-02 1.07432E-02 -4.20410E-01 
1.07432E-02 6.78496E-02 1.51832E-01 3.37039E-01 3.41833E-01 3.46362E-01 3.61864E-01 1.51832E-01 6.78496E-02 1.07432E-02 4.25460E-02 
1.07432E-02 9.09982E-03 1.71200E-01 3.55123E-01 3.60054E-01 3.65082E-01 3.80801E-01 1.71200E-01 9.09982E-03 1.07432E-02 5.74619E-01 
1.07432E-02 3.25142E-02 1.93520E-01 3.76169E-01 3.81239E-01 3.86783E-01 4.02726E-01 1.93520E-01 3.25142E-02 1.07432E-02 1.17289E+00 
1.07432E-02 5.93661E-02 2.19264E-01 4.00630E-01 4.05843E-01 4.11924E-01 4.28100E-01 2.19264E-01 5.93661E-02 1.07432E-02 1.86869E+00 
1.07432E-02 8.98994E-02 2.48673E-01 4.28753E-01 4.34112E-01 4.40753E-01 4.57170E-01 2.48673E-01 8.98994E-02 1.07432E-02 2.67093E+00 
1.07432E-02 1.24371E-01 2.82008E-01 4.60799E-01 4.66305E-01 4.73529E-01 4.90198E-01 2.82008E-01 1.24371E-01 1.07432E-02 3.58843E+00 
1.07432E-02 1.53916E-01 3.10664E-01 4.88455E-01 4.94078E-01 5.01768E-01 5.18639E-01 3.10664E-01 1.53916E-01 1.07432E-02 4.38283E+00 
1.07432E-02 1.63048E-01 3.19535E-01 4.97034E-01 5.02691E-01 5.10520E-01 5.27451E-01 3.19535E-01 1.63048E-01 1.07432E-02 4.62965E+00 
1.07432E-02 2.09780E-01 3.65014E-01 5.41120E-01 5.46942E-01 5.55451E-01 5.72675E-01 3.65014E-01 2.09780E-01 1.07432E-02 5.90015E+00 
1.07432E-02 2.62079E-01 4.16047E-01 5.90761E-01 5.96751E-01 6.05968E-01 6.23497E-01 4.16047E-01 2.62079E-01 1.07432E-02 7.33297E+00 
1.07432E-02 3.20312E-01 4.73001E-01 6.46326E-01 6.52487E-01 6.62440E-01 6.80288E-01 4.73001E-01 3.20312E-01 1.07432E-02 8.93632E+00 
1.07432E-02 3.84850E-01 5.36248E-01 7.08189E-01 7.14524E-01 7.25242E-01 7.43421E-01 5.36248E-01 3.84850E-01 1.07432E-02 1.07170E+01 
6.18428E-02 4.54904E-01 6.05012E-01 7.75587E-01 7.82096E-01 7.93605E-01 8.12128E-01 6.05012E-01 4.54904E-01 6.18428E-02 1.25717E+01 
1.43216E-01 5.32062E-01 6.80864E-01 8.50073E-01 8.56760E-01 8.69095E-01 8.87977E-01 6.80864E-01 5.32062E-01 1.43216E-01 1.45831E+01 
2.32393E-01 6.16980E-01 7.64457E-01 9.32299E-01 9.39166E-01 9.52364E-01 9.71622E-01 7.64457E-01 6.16980E-01 2.32393E-01 1.67768E+01 
3.29741E-01 7.10028E-01 8.56164E-01 1.02264E+00 1.02969E+00 1.04379E+00 1.06344E+00 8.56164E-01 7.10028E-01 3.29741E-01 1.91550E+01 
4.35607E-01 8.11558E-01 9.56336E-01 1.12145E+00 1.12869E+00 1.14372E+00 1.16378E+00 9.56336E-01 8.11558E-01 4.35607E-01 2.17179E+01 
5.50307E-01 9.21890E-01 1.06530E+00 1.22904E+00 1.23647E+00 1.25248E+00 1.27297E+00 1.06530E+00 9.21890E-01 5.50307E-01 2.44632E+01 
6.74120E-01 1.04131E+00 1.18333E+00 1.34572E+00 1.35334E+00 1.37036E+00 1.39130E+00 1.18333E+00 1.04131E+00 6.74120E-01 2.73866E+01 
8.07283E-01 1.17005E+00 1.31067E+00 1.47171E+00 1.47953E+00 1.49761E+00 1.51902E+00 1.31067E+00 1.17005E+00 8.07283E-01 3.04812E+01 
9.49980E-01 1.30831E+00 1.44751E+00 1.60722E+00 1.61523E+00 1.63440E+00 1.65630E+00 1.44751E+00 1.30831E+00 9.49980E-01 3.37380E+01 
1.10234E+00 1.45621E+00 1.59400E+00 1.75237E+00 1.76058E+00 1.78089E+00 1.80329E+00 1.59400E+00 1.45621E+00 1.10234E+00 3.71459E+01 
1.26443E+00 1.61382E+00 1.75018E+00 1.90723E+00 1.91565E+00 1.93712E+00 1.96005E+00 1.75018E+00 1.61382E+00 1.26443E+00 4.06913E+01 
1.43623E+00 1.78115E+00 1.91606E+00 2.07180E+00 2.08042E+00 2.10311E+00 2.12659E+00 1.91606E+00 1.78115E+00 1.43623E+00 4.43589E+01 
1.61767E+00 1.95810E+00 2.09156E+00 2.24600E+00 2.25483E+00 2.27878E+00 2.30282E+00 2.09156E+00 1.95810E+00 1.61767E+00 4.81317E+01 
9.89268E-03 6.50705E-02 1.28048E-01 3.03600E-01 3.09002E-01 3.14457E-01 3.30626E-01 1.28048E-01 6.50705E-02 9.89268E-03 -3.59769E-01 
9.89268E-03 6.50705E-02 1.44296E-01 3.18683E-01 3.24231E-01 3.30254E-01 3.46656E-01 1.44296E-01 6.50705E-02 9.89268E-03 9.96743E-02 
9.89268E-03 8.80973E-03 1.63085E-01 3.36317E-01 3.42014E-01 3.48622E-01 3.65262E-01 1.63085E-01 8.80973E-03 9.89268E-03 6.22388E-01 
9.89268E-03 3.13444E-02 1.84557E-01 3.56643E-01 3.62490E-01 3.69701E-01 3.86589E-01 1.84557E-01 3.13444E-02 9.89268E-03 1.20476E+00 
9.89268E-03 5.69995E-02 2.09134E-01 3.80070E-01 3.86069E-01 3.93909E-01 4.11055E-01 2.09134E-01 5.69995E-02 9.89268E-03 1.87624E+00 
9.89268E-03 8.59822E-02 2.37024E-01 4.06807E-01 4.12961E-01 4.21454E-01 4.38869E-01 2.37024E-01 8.59822E-02 9.89268E-03 2.64406E+00 
9.89268E-03 1.18510E-01 2.68445E-01 4.37073E-01 4.43385E-01 4.52557E-01 4.70251E-01 2.68445E-01 1.18510E-01 9.89268E-03 3.51525E+00 
9.89268E-03 1.46252E-01 2.95323E-01 4.63056E-01 4.69492E-01 4.79207E-01 4.97125E-01 2.95323E-01 1.46252E-01 9.89268E-03 4.26443E+00 
9.89268E-03 1.54805E-01 3.03621E-01 4.71093E-01 4.77566E-01 4.87443E-01 5.05427E-01 3.03621E-01 1.54805E-01 9.89268E-03 4.49634E+00 
9.89268E-03 1.98425E-01 3.46021E-01 5.12247E-01 5.18896E-01 5.29562E-01 5.47873E-01 3.46021E-01 1.98425E-01 9.89268E-03 5.68426E+00 
9.89268E-03 2.46985E-01 3.93347E-01 5.58330E-01 5.65157E-01 5.76644E-01 5.95296E-01 3.93347E-01 2.46985E-01 9.89268E-03 7.01361E+00 
9.89268E-03 3.00782E-01 4.45897E-01 6.09642E-01 6.16650E-01 6.28989E-01 6.47995E-01 4.45897E-01 3.00782E-01 9.89268E-03 8.49000E+00 
9.89268E-03 3.60112E-01 5.03970E-01 6.66480E-01 6.73672E-01 6.86895E-01 7.06271E-01 5.03970E-01 3.60112E-01 9.89268E-03 1.01177E+01 
5.68437E-02 4.24353E-01 5.66952E-01 7.28246E-01 7.35621E-01 7.49757E-01 7.69517E-01 5.66952E-01 4.24353E-01 5.68437E-02 1.17980E+01 
1.31285E-01 4.94770E-01 6.36094E-01 7.96173E-01 8.03735E-01 8.18821E-01 8.38982E-01 6.36094E-01 4.94770E-01 1.31285E-01 1.36071E+01 
2.12452E-01 5.71869E-01 7.11900E-01 8.70763E-01 8.78515E-01 8.94591E-01 9.15174E-01 7.11900E-01 5.71869E-01 2.12452E-01 1.55671E+01 
3.00613E-01 6.55924E-01 7.94644E-01 9.52293E-01 9.60239E-01 9.77345E-01 9.98368E-01 7.94644E-01 6.55924E-01 3.00613E-01 1.76779E+01 
3.96014E-01 7.47183E-01 8.84576E-01 1.04101E+00 1.04916E+00 1.06733E+00 1.08882E+00 8.84576E-01 7.47183E-01 3.96014E-01 1.99373E+01 
4.98869E-01 8.45864E-01 9.81915E-01 1.13715E+00 1.14549E+00 1.16478E+00 1.18674E+00 9.81915E-01 8.45864E-01 4.98869E-01 2.23415E+01 
6.09352E-01 9.52146E-01 1.08684E+00 1.24087E+00 1.24941E+00 1.26986E+00 1.29233E+00 1.08684E+00 9.52146E-01 6.09352E-01 2.48846E+01 
7.27598E-01 1.06617E+00 1.19949E+00 1.35233E+00 1.36107E+00 1.38272E+00 1.40571E+00 1.19949E+00 1.06617E+00 7.27598E-01 2.75587E+01 
8.53693E-01 1.18802E+00 1.31996E+00 1.47161E+00 1.48056E+00 1.50345E+00 1.52698E+00 1.31996E+00 1.18802E+00 8.53693E-01 3.03541E+01 
9.87669E-01 1.31773E+00 1.44828E+00 1.59875E+00 1.60791E+00 1.63208E+00 1.65619E+00 1.44828E+00 1.31773E+00 9.87669E-01 3.32595E+01 
1.12950E+00 1.45529E+00 1.58444E+00 1.73374E+00 1.74310E+00 1.76860E+00 1.79330E+00 1.58444E+00 1.45529E+00 1.12950E+00 3.62616E+01 
1.27910E+00 1.60060E+00 1.72834E+00 1.87648E+00 1.88606E+00 1.91292E+00 1.93823E+00 1.72834E+00 1.60060E+00 1.27910E+00 3.93460E+01 
1.43632E+00 1.75353E+00 1.87984E+00 2.02684E+00 2.03662E+00 2.06490E+00 2.09085E+00 1.87984E+00 1.75353E+00 1.43632E+00 4.24969E+01 
9.10474E-03 6.23873E-02 1.21273E-01 2.86991E-01 2.93214E-01 3.00373E-01 3.17430E-01 1.21273E-01 6.23873E-02 9.10474E-03 -2.91022E-01 
9.10474E-03 6.23873E-02 1.37173E-01 3.01852E-01 3.08232E-01 3.16055E-01 3.33369E-01 1.37173E-01 6.23873E-02 9.10474E-03 1.64697E-01 
9.10474E-03 8.52440E-03 1.55384E-01 3.19034E-01 3.25572E-01 3.34077E-01 3.51657E-01 1.55384E-01 8.52440E-03 9.10474E-03 6.77851E-01 
9.10474E-03 3.02045E-02 1.76027E-01 3.38658E-01 3.45355E-01 3.54562E-01 3.72418E-01 1.76027E-01 3.02045E-02 9.10474E-03 1.24423E+00 
9.10474E-03 5.47102E-02 1.99480E-01 3.61089E-01 3.67947E-01 3.77885E-01 3.96029E-01 1.99480E-01 5.47102E-02 9.10474E-03 1.89156E+00 
9.10474E-03 8.22161E-02 2.25920E-01 3.86504E-01 3.93526E-01 4.04223E-01 4.22666E-01 2.25920E-01 8.22161E-02 9.10474E-03 2.62557E+00 
9.10474E-03 1.12904E-01 2.55527E-01 4.15086E-01 4.22275E-01 4.33758E-01 4.52514E-01 2.55527E-01 1.12904E-01 9.10474E-03 3.45167E+00 
9.10474E-03 1.38949E-01 2.80727E-01 4.39494E-01 4.46813E-01 4.58925E-01 4.77932E-01 2.80727E-01 1.38949E-01 9.10474E-03 4.15719E+00 
9.10474E-03 1.46958E-01 2.88487E-01 4.47022E-01 4.54380E-01 4.66679E-01 4.85760E-01 2.88487E-01 1.46958E-01 9.10474E-03 4.37476E+00 
9.10474E-03 1.87664E-01 3.28000E-01 4.85433E-01 4.92975E-01 5.06186E-01 5.25633E-01 3.28000E-01 1.87664E-01 9.10474E-03 5.48371E+00 
9.10474E-03 2.32739E-01 3.71868E-01 5.28201E-01 5.35931E-01 5.50088E-01 5.69917E-01 3.71868E-01 2.32739E-01 9.10474E-03 6.71496E+00 
9.10474E-03 2.82420E-01 4.20329E-01 5.75567E-01 5.83487E-01 5.98625E-01 6.18853E-01 4.20329E-01 2.82420E-01 9.10474E-03 8.07197E+00 
9.10474E-03 3.36938E-01 4.73616E-01 6.27765E-01 6.35876E-01 6.52031E-01 6.72674E-01 4.73616E-01 3.36938E-01 9.10474E-03 9.55696E+00 
5.22209E-02 3.95804E-01 5.31250E-01 6.84325E-01 6.92628E-01 7.09829E-01 7.30902E-01 5.31250E-01 3.95804E-01 5.22209E-02 1.10760E+01 
1.20282E-01 4.60015E-01 5.94212E-01 7.46216E-01 7.54714E-01 7.73001E-01 7.94526E-01 5.94212E-01 4.60015E-01 1.20282E-01 1.26996E+01 
1.94112E-01 5.29953E-01 6.62882E-01 8.13816E-01 8.22511E-01 8.41929E-01 8.63927E-01 6.62882E-01 5.29953E-01 1.94112E-01 1.44466E+01 
2.73899E-01 6.05809E-01 7.37453E-01 8.87319E-01 8.96213E-01 9.16806E-01 9.39299E-01 7.37453E-01 6.05809E-01 2.73899E-01 1.63151E+01 
3.59804E-01 6.87749E-01 8.18092E-01 9.66893E-01 9.75990E-01 9.97802E-01 1.02081E+00 8.18092E-01 6.87749E-01 3.59804E-01 1.83016E+01 
4.51959E-01 7.75909E-01 9.04934E-01 1.05267E+00 1.06198E+00 1.08505E+00 1.10860E+00 9.04934E-01 7.75909E-01 4.51959E-01 2.04010E+01 
5.50458E-01 8.70385E-01 9.98078E-01 1.14476E+00 1.15427E+00 1.17866E+00 1.20277E+00 9.98078E-01 8.70385E-01 5.50458E-01 2.26064E+01 
6.55354E-01 9.71235E-01 1.09758E+00 1.24322E+00 1.25294E+00 1.27868E+00 1.30338E+00 1.09758E+00 9.71235E-01 6.55354E-01 2.49095E+01 
7.66658E-01 1.07847E+00 1.20346E+00 1.34806E+00 1.35799E+00 1.38513E+00 1.41044E+00 1.20346E+00 1.07847E+00 7.66658E-01 2.73005E+01 
8.84330E-01 1.19206E+00 1.31568E+00 1.45925E+00 1.46938E+00 1.49797E+00 1.52393E+00 1.31568E+00 1.19206E+00 8.84330E-01 2.97682E+01 
1.00828E+00 1.31192E+00 1.43416E+00 1.57670E+00 1.58705E+00 1.61712E+00 1.64374E+00 1.43416E+00 1.31192E+00 1.00828E+00 3.23001E+01 
1.13837E+00 1.43790E+00 1.55875E+00 1.70027E+00 1.71083E+00 1.74244E+00 1.76976E+00 1.55875E+00 1.43790E+00 1.13837E+00 3.48829E+01 
1.27439E+00 1.56981E+00 1.68926E+00 1.82978E+00 1.84055E+00 1.87374E+00 1.90177E+00 1.68926E+00 1.56981E+00 1.27439E+00 3.75023E+01 
8.36322E-03 5.97528E-02 1.14781E-01 2.71607E-01 2.78741E-01 2.87984E-01 3.05954E-01 1.14781E-01 5.97528E-02 8.36322E-03 -2.11906E-01 
8.36322E-03 5.97528E-02 1.30314E-01 2.86225E-01 2.93525E-01 3.03540E-01 3.21800E-01 1.30314E-01 5.97528E-02 8.36322E-03 2.39570E-01 
8.36322E-03 8.23915E-03 1.47939E-01 3.02946E-01 3.10411E-01 3.21219E-01 3.39779E-01 1.47939E-01 8.23915E-03 8.36322E-03 7.42583E-01 
8.36322E-03 2.90750E-02 1.67759E-01 3.21871E-01 3.29503E-01 3.41127E-01 3.59997E-01 1.67759E-01 2.90750E-02 8.36322E-03 1.29243E+00 
8.36322E-03 5.24583E-02 1.90112E-01 3.43327E-01 3.51128E-01 3.63599E-01 3.82793E-01 1.90112E-01 5.24583E-02 8.36322E-03 1.91519E+00 
8.36322E-03 7.85338E-02 2.15142E-01 3.67460E-01 3.75432E-01 3.88780E-01 4.08313E-01 2.15142E-01 7.85338E-02 8.36322E-03 2.61523E+00 
8.36322E-03 1.07451E-01 2.43000E-01 3.94421E-01 4.02567E-01 4.16824E-01 4.36709E-01 2.43000E-01 1.07451E-01 8.36322E-03 3.39658E+00 
8.36322E-03 1.31872E-01 2.66592E-01 4.17319E-01 4.25602E-01 4.40584E-01 4.60752E-01 2.66592E-01 1.31872E-01 8.36322E-03 4.05914E+00 
8.36322E-03 1.39361E-01 2.73837E-01 4.24362E-01 4.32685E-01 4.47882E-01 4.68134E-01 2.73837E-01 1.39361E-01 8.36322E-03 4.26267E+00 
8.36322E-03 1.77293E-01 3.10598E-01 4.60160E-01 4.68674E-01 4.84922E-01 5.05588E-01 3.10598E-01 1.77293E-01 8.36322E-03 5.29476E+00 
8.36322E-03 2.19065E-01 3.51185E-01 4.99788E-01 5.08497E-01 5.25833E-01 5.46930E-01 3.51185E-01 2.19065E-01 8.36322E-03 6.43140E+00 
8.36322E-03 2.64863E-01 3.95785E-01 5.43434E-01 5.52339E-01 5.70800E-01 5.92348E-01 3.95785E-01 2.64863E-01 8.36322E-03 7.67428E+00 
8.36322E-03 3.14862E-01 4.44574E-01 5.91274E-01 6.00377E-01 6.20002E-01 6.42019E-01 4.44574E-01 3.14862E-01 8.36322E-03 9.02396E+00 
4.78785E-02 3.68679E-01 4.97180E-01 6.42946E-01 6.52246E-01 6.73065E-01 6.95570E-01 4.97180E-01 3.68679E-01 4.78785E-02 1.03916E+01 
1.09974E-01 4.27085E-01 5.54358E-01 6.99193E-01 7.08693E-01 7.30751E-01 7.53766E-01 5.54358E-01 4.27085E-01 1.09974E-01 1.18424E+01 
1.76979E-01 4.90360E-01 6.16386E-01 7.60289E-01 7.69992E-01 7.93336E-01 8.16886E-01 6.16386E-01 4.90360E-01 1.76979E-01 1.33923E+01 
2.49012E-01 5.58625E-01 6.83387E-01 8.26362E-01 8.36269E-01 8.60947E-01 8.85056E-01 6.83387E-01 5.58625E-01 2.49012E-01 1.50382E+01 
3.26169E-01 6.31980E-01 7.55460E-01 8.97511E-01 9.07624E-01 9.33684E-01 9.58378E-01 7.55460E-01 6.31980E-01 3.26169E-01 1.67756E+01 
4.08512E-01 7.10492E-01 8.32675E-01 9.73805E-01 9.84126E-01 1.01162E+00 1.03692E+00 8.32675E-01 7.10492E-01 4.08512E-01 1.85986E+01 
4.96071E-01 7.94193E-01 9.15064E-01 1.05528E+00 1.06581E+00 1.09478E+00 1.12072E+00 9.15064E-01 7.94193E-01 4.96071E-01 2.04999E+01 
5.88839E-01 8.83080E-01 1.00263E+00 1.14193E+00 1.15267E+00 1.18316E+00 1.20977E+00 1.00263E+00 8.83080E-01 5.88839E-01 2.24712E+01 
6.86767E-01 9.77108E-01 1.09531E+00 1.23371E+00 1.24467E+00 1.27673E+00 1.30403E+00 1.09531E+00 9.77108E-01 6.86767E-01 2.45028E+01 
7.89767E-01 1.07619E+00 1.19305E+00 1.33055E+00 1.34171E+00 1.37540E+00 1.40342E+00 1.19305E+00 1.07619E+00 7.89767E-01 2.65841E+01 
8.97702E-01 1.18019E+00 1.29569E+00 1.43230E+00 1.44368E+00 1.47903E+00 1.50780E+00 1.29569E+00 1.18019E+00 8.97702E-01 2.87038E+01 
1.01039E+00 1.28894E+00 1.40306E+00 1.53879E+00 1.55038E+00 1.58744E+00 1.61699E+00 1.40306E+00 1.28894E+00 1.01039E+00 3.08496E+01 
1.12761E+00 1.40221E+00 1.51495E+00 1.64981E+00 1.66161E+00 1.70043E+00 1.73078E+00 1.51495E+00 1.40221E+00 1.12761E+00 3.30090E+01 
7.66577E-03 5.71627E-02 1.08547E-01 2.57431E-01 2.65564E-01 2.77346E-01 2.96268E-01 1.08547E-01 5.71627E-02 7.66577E-03 -1.21040E-01 
7.66577E-03 5.71627E-02 1.23692E-01 2.71785E-01 2.80090E-01 2.92769E-01 3.12020E-01 1.23692E-01 5.71627E-02 7.66577E-03 3.25389E-01 
7.66577E-03 7.95367E-03 1.40722E-01 2.88033E-01 2.96511E-01 3.10109E-01 3.29700E-01 1.40722E-01 7.95367E-03 7.66577E-03 8.17413E-01 
7.66577E-03 2.79545E-02 1.59724E-01 3.06263E-01 3.14913E-01 3.29455E-01 3.49399E-01 1.59724E-01 2.79545E-02 7.66577E-03 1.34992E+00 
7.66577E-03 5.02402E-02 1.80996E-01 3.26761E-01 3.35586E-01 3.51106E-01 3.71419E-01 1.80996E-01 5.02402E-02 7.66577E-03 1.94748E+00 
7.66577E-03 7.49288E-02 2.04656E-01 3.49648E-01 3.58650E-01 3.75182E-01 3.95879E-01 2.04656E-01 7.49288E-02 7.66577E-03 2.61323E+00 
7.66577E-03 1.02141E-01 2.30825E-01 3.75045E-01 3.84227E-01 4.01805E-01 4.22903E-01 2.30825E-01 1.02141E-01 7.66577E-03 3.34997E+00 
7.66577E-03 1.25005E-01 2.52873E-01 3.96497E-01 4.05818E-01 4.24229E-01 4.45650E-01 2.52873E-01 1.25005E-01 7.66577E-03 3.97015E+00 
7.66577E-03 1.31997E-01 2.59625E-01 4.03074E-01 4.12437E-01 4.31095E-01 4.52613E-01 2.59625E-01 1.31997E-01 7.66577E-03 4.15989E+00 
7.66577E-03 1.67285E-01 2.93760E-01 4.36382E-01 4.45942E-01 4.65805E-01 4.87792E-01 2.93760E-01 1.67285E-01 7.66577E-03 5.11705E+00 
7.66577E-03 2.05927E-01 3.31234E-01 4.73033E-01 4.82791E-01 5.03900E-01 5.26379E-01 3.31234E-01 2.05927E-01 7.66577E-03 6.16238E+00 
7.66577E-03 2.48061E-01 3.72187E-01 5.13167E-01 5.23126E-01 5.45521E-01 5.68513E-01 3.72187E-01 2.48061E-01 7.66577E-03 7.29614E+00 
7.66577E-03 2.93815E-01 4.16747E-01 5.56914E-01 5.67075E-01 5.90797E-01 6.14324E-01 4.16747E-01 2.93815E-01 7.66577E-03 8.51757E+00 
4.38019E-02 3.42890E-01 4.64628E-01 6.03994E-01 6.14355E-01 6.39436E-01 6.63517E-01 4.64628E-01 3.42890E-01 4.38019E-02 9.74328E+00 
1.00325E-01 3.95872E-01 5.16397E-01 6.54965E-01 6.65528E-01 6.92015E-01 7.16677E-01 5.16397E-01 3.95872E-01 1.00325E-01 1.10332E+01 
1.60985E-01 4.52951E-01 5.72244E-01 7.10016E-01 7.20783E-01 7.48726E-01 7.73996E-01 5.72244E-01 4.52951E-01 1.60985E-01 1.24010E+01 
2.25848E-01 5.14195E-01 6.32240E-01 7.69216E-01 7.80189E-01 8.09640E-01 8.35546E-01 6.32240E-01 5.14195E-01 2.25848E-01 1.38427E+01 
2.94953E-01 5.79649E-01 6.96427E-01 8.32611E-01 8.43791E-01 8.74801E-01 9.01371E-01 6.96427E-01 5.79649E-01 2.94953E-01 1.53532E+01 
3.68311E-01 6.49326E-01 7.64823E-01 9.00217E-01 9.11605E-01 9.44224E-01 9.71488E-01 7.64823E-01 6.49326E-01 3.68311E-01 1.69263E+01 
4.45901E-01 7.23209E-01 8.37409E-01 9.72017E-01 9.83616E-01 1.01789E+00 1.04588E+00 8.37409E-01 7.23209E-01 4.45901E-01 1.85546E+01 
5.27670E-01 8.01248E-01 9.14137E-01 1.04796E+00 1.05977E+00 1.09576E+00 1.12450E+00 9.14137E-01 8.01248E-01 5.27670E-01 2.02300E+01 
6.13527E-01 8.83357E-01 9.94922E-01 1.12797E+00 1.13999E+00 1.17773E+00 1.20726E+00 9.94922E-01 8.83357E-01 6.13527E-01 2.19434E+01 
7.03348E-01 9.69413E-01 1.07964E+00 1.21192E+00 1.22415E+00 1.26370E+00 1.29404E+00 1.07964E+00 9.69413E-01 7.03348E-01 2.36851E+01 
7.96969E-01 1.05926E+00 1.16814E+00 1.29965E+00 1.31208E+00 1.35349E+00 1.38467E+00 1.16814E+00 1.05926E+00 7.96969E-01 2.54447E+01 
8.94189E-01 1.15269E+00 1.26021E+00 1.39095E+00 1.40360E+00 1.44690E+00 1.47897E+00 1.26021E+00 1.15269E+00 8.94189E-01 2.72116E+01 
9.94769E-01 1.24947E+00 1.35563E+00 1.48561E+00 1.49847E+00 1.54371E+00 1.57669E+00 1.35563E+00 1.24947E+00 9.94769E-01 2.89749E+01 
7.01003E-03 5.46111E-02 1.02541E-01 2.44455E-01 2.53670E-01 2.68539E-01 2.88466E-01 1.02541E-01 5.46111E-02 7.01003E-03 -1.71119E-02 
7.01003E-03 5.46111E-02 1.17277E-01 2.58520E-01 2.67912E-01 2.83819E-01 3.04124E-01 1.17277E-01 5.46111E-02 7.01003E-03 4.23141E-01 
7.01003E-03 7.66744E-03 1.33702E-01 2.74284E-01 2.83852E-01 3.00821E-01 3.21515E-01 1.33702E-01 7.66744E-03 7.01003E-03 9.03037E-01 
7.01003E-03 2.68408E-02 1.51889E-01 2.91818E-01 3.01562E-01 3.19618E-01 3.40718E-01 1.51889E-01 2.68408E-02 7.01003E-03 1.41717E+00 
7.01003E-03 4.80510E-02 1.72098E-01 3.11373E-01 3.21296E-01 3.40477E-01 3.61999E-01 1.72098E-01 4.80510E-02 7.01003E-03 1.98864E+00 
7.01003E-03 7.13925E-02 1.94423E-01 3.33045E-01 3.43148E-01 3.63491E-01 3.85455E-01 1.94423E-01 7.13925E-02 7.01003E-03 2.61956E+00 
7.01003E-03 9.69602E-02 2.18959E-01 3.56931E-01 3.67215E-01 3.88757E-01 4.11182E-01 2.18959E-01 9.69602E-02 7.01003E-03 3.31166E+00 
7.01003E-03 1.18329E-01 2.39521E-01 3.76990E-01 3.87417E-01 4.09913E-01 4.32707E-01 2.39521E-01 1.18329E-01 7.01003E-03 3.88990E+00 
7.01003E-03 1.24846E-01 2.45800E-01 3.83122E-01 3.93590E-01 4.16370E-01 4.39274E-01 2.45800E-01 1.24846E-01 7.01003E-03 4.06608E+00 
7.01003E-03 1.57613E-01 2.77427E-01 4.14052E-01 4.24719E-01 4.48874E-01 4.72319E-01 2.77427E-01 1.57613E-01 7.01003E-03 4.95005E+00 
7.01003E-03 1.93285E-01 3.11943E-01 4.47874E-01 4.58742E-01 4.84317E-01 5.08325E-01 3.11943E-01 1.93285E-01 7.01003E-03 5.90717E+00 
7.01003E-03 2.31960E-01 3.49449E-01 4.84691E-01 4.95760E-01 5.22799E-01 5.47395E-01 3.49449E-01 2.31960E-01 7.01003E-03 6.93658E+00 
7.01003E-03 2.73725E-01 3.90032E-01 5.24589E-01 5.35860E-01 5.64407E-01 5.89615E-01 3.90032E-01 2.73725E-01 7.01003E-03 8.03649E+00 
3.99765E-02 3.18349E-01 4.33472E-01 5.67355E-01 5.78827E-01 6.08911E-01 6.34754E-01 4.33472E-01 3.18349E-01 3.99765E-02 9.12910E+00 
9.12962E-02 3.66261E-01 4.80184E-01 6.13393E-01 6.25066E-01 6.56740E-01 6.83246E-01 4.80184E-01 3.66261E-01 9.12962E-02 1.02694E+01 
1.46065E-01 4.17584E-01 5.30286E-01 6.62823E-01 6.74699E-01 7.08015E-01 7.35215E-01 5.30286E-01 4.17584E-01 1.46065E-01 1.14692E+01 
2.04303E-01 4.72340E-01 5.83805E-01 7.15669E-01 7.27749E-01 7.62761E-01 7.90687E-01 5.83805E-01 4.72340E-01 2.04303E-01 1.27240E+01 
2.66007E-01 5.30530E-01 6.40739E-01 7.71933E-01 7.84219E-01 8.20979E-01 8.49662E-01 6.40739E-01 5.30530E-01 2.66007E-01 1.40285E+01 
3.31148E-01 5.92127E-01 7.01066E-01 8.31590E-01 8.44082E-01 8.82644E-01 9.12117E-01 7.01066E-01 5.92127E-01 3.31148E-01 1.53762E+01 
3.99667E-01 6.57079E-01 7.64732E-01 8.94588E-01 9.07286E-01 9.47700E-01 9.77997E-01 7.64732E-01 6.57079E-01 3.99667E-01 1.67603E+01 
4.71479E-01 7.25300E-01 8.31653E-01 9.60843E-01 9.73747E-01 1.01607E+00 1.04722E+00 8.31653E-01 7.25300E-01 4.71479E-01 1.81728E+01 
5.46464E-01 7.96676E-01 9.01716E-01 1.03024E+00 1.04335E+00 1.08762E+00 1.11967E+00 9.01716E-01 7.96676E-01 5.46464E-01 1.96056E+01 
6.24477E-01 8.71064E-01 9.74778E-01 1.10264E+00 1.11596E+00 1.16223E+00 1.19520E+00 9.74778E-01 8.71064E-01 6.24477E-01 2.10498E+01 
7.05336E-01 9.48285E-01 1.05066E+00 1.17787E+00 1.19138E+00 1.23970E+00 1.27363E+00 1.05066E+00 9.48285E-01 7.05336E-01 2.24965E+01 
7.88833E-01 1.02813E+00 1.12917E+00 1.25571E+00 1.26943E+00 1.31984E+00 1.35476E+00 1.12917E+00 1.02813E+00 7.88833E-01 2.39364E+01 
8.74729E-01 1.11038E+00 1.21005E+00 1.33593E+00 1.34985E+00 1.40241E+00 1.43835E+00 1.21005E+00 1.11038E+00 8.74729E-01 2.53604E+01 
6.39274E-03 5.20860E-02 9.67236E-02 2.32658E-01 2.43028E-01 2.61646E-01 2.82658E-01 9.67236E-02 5.20860E-02 6.39274E-03 1.01196E-01 
6.39274E-03 5.20860E-02 1.11028E-01 2.46409E-01 2.56958E-01 2.76772E-01 2.98222E-01 1.11028E-01 5.20860E-02 6.39274E-03 5.33775E-01 
6.39274E-03 7.37910E-03 1.26836E-01 2.61672E-01 2.72399E-01 2.93433E-01 3.15335E-01 1.26836E-01 7.37910E-03 6.39274E-03 1.00006E+00 
6.39274E-03 2.57284E-02 1.44207E-01 2.78505E-01 2.89408E-01 3.11691E-01 3.34061E-01 1.44207E-01 2.57284E-02 6.39274E-03 1.49445E+00 
6.39274E-03 4.58805E-02 1.63366E-01 2.97124E-01 3.08207E-01 3.31778E-01 3.54638E-01 1.63366E-01 4.58805E-02 6.39274E-03 2.03868E+00 
6.39274E-03 6.79079E-02 1.84384E-01 3.17605E-01 3.28868E-01 3.53768E-01 3.77138E-01 1.84384E-01 6.79079E-02 6.39274E-03 2.63398E+00 
6.39274E-03 9.18830E-02 2.07335E-01 3.40020E-01 3.51464E-01 3.77734E-01 4.01636E-01 2.07335E-01 9.18830E-02 6.39274E-03 3.28115E+00 
6.39274E-03 1.11813E-01 2.26464E-01 3.58735E-01 3.70320E-01 3.97678E-01 4.22006E-01 2.26464E-01 1.11813E-01 6.39274E-03 3.81770E+00 
6.39274E-03 1.17873E-01 2.32288E-01 3.64438E-01 3.76065E-01 4.03745E-01 4.28201E-01 2.32288E-01 1.17873E-01 6.39274E-03 3.98049E+00 
6.39274E-03 1.48229E-01 2.61511E-01 3.93085E-01 4.04911E-01 4.34155E-01 4.59234E-01 2.61511E-01 1.48229E-01 6.39274E-03 4.79275E+00 
6.39274E-03 1.81075E-01 2.93209E-01 4.24212E-01 4.36235E-01 4.67092E-01 4.92821E-01 2.93209E-01 1.81075E-01 6.39274E-03 5.66445E+00 
6.39274E-03 2.16477E-01 3.27449E-01 4.57882E-01 4.70105E-01 5.02619E-01 5.29025E-01 3.27449E-01 2.16477E-01 6.39274E-03 6.59389E+00 
6.39274E-03 2.54486E-01 3.64284E-01 4.94151E-01 5.06574E-01 5.40791E-01 5.67902E-01 3.64284E-01 2.54486E-01 6.39274E-03 7.57857E+00 
3.63827E-02 2.94925E-01 4.03546E-01 5.32854E-01 5.45474E-01 5.81424E-01 6.09264E-01 4.03546E-01 2.94925E-01 3.63827E-02 8.54631E+00 
8.28397E-02 3.38097E-01 4.45524E-01 5.74273E-01 5.87090E-01 6.24826E-01 6.53427E-01 4.45524E-01 3.38097E-01 8.28397E-02 9.54754E+00 
1.32133E-01 3.84067E-01 4.90280E-01 6.18469E-01 6.31485E-01 6.71063E-01 7.00459E-01 4.90280E-01 3.84067E-01 1.32133E-01 1.05925E+01 
1.84247E-01 4.32823E-01 5.37806E-01 6.65433E-01 6.78648E-01 7.20123E-01 7.50350E-01 5.37806E-01 4.32823E-01 1.84247E-01 1.16764E+01 
2.39147E-01 4.84334E-01 5.88069E-01 7.15134E-01 7.28548E-01 7.71975E-01 8.03068E-01 5.88069E-01 4.84334E-01 2.39147E-01 1.27938E+01 
2.96774E-01 5.38544E-01 6.41015E-01 7.67516E-01 7.81130E-01 8.26563E-01 8.58557E-01 6.41015E-01 5.38544E-01 2.96774E-01 1.39388E+01 
3.57043E-01 5.95371E-01 6.96563E-01 8.22500E-01 8.36313E-01 8.83803E-01 9.16735E-01 6.96563E-01 5.95371E-01 3.57043E-01 1.51046E+01 
4.19845E-01 6.54711E-01 7.54610E-01 8.79981E-01 8.93992E-01 9.43590E-01 9.77497E-01 7.54610E-01 6.54711E-01 4.19845E-01 1.62842E+01 
4.85046E-01 7.16432E-01 8.15025E-01 9.39829E-01 9.54036E-01 1.00579E+00 1.04071E+00 8.15025E-01 7.16432E-01 4.85046E-01 1.74702E+01 
5.52488E-01 7.80377E-01 8.77653E-01 1.00189E+00 1.01629E+00 1.07025E+00 1.10622E+00 8.77653E-01 7.80377E-01 5.52488E-01 1.86549E+01 
6.21984E-01 8.46366E-01 9.42313E-01 1.06597E+00 1.08057E+00 1.13678E+00 1.17383E+00 9.42313E-01 8.46366E-01 6.21984E-01 1.98306E+01 
6.93328E-01 9.14192E-01 1.00880E+00 1.13189E+00 1.14668E+00 1.20518E+00 1.24335E+00 1.00880E+00 9.14192E-01 6.93328E-01 2.09895E+01 
7.66289E-01 9.83630E-01 1.07689E+00 1.19940E+00 1.21438E+00 1.27522E+00 1.31454E+00 1.07689E+00 9.83630E-01 7.66289E-01 2.21242E+01 
5.81287E-03 4.95815E-02 9.10766E-02 2.22067E-01 2.33648E-01 2.56794E-01 2.79008E-01 9.10766E-02 4.95815E-02 5.81287E-03 2.34449E-01 
5.81287E-03 4.95815E-02 1.04926E-01 2.35475E-01 2.47232E-01 2.71750E-01 2.94474E-01 1.04926E-01 4.95815E-02 5.81287E-03 6.57482E-01 
5.81287E-03 7.08786E-03 1.20103E-01 2.50216E-01 2.62148E-01 2.88065E-01 3.11315E-01 1.20103E-01 7.08786E-03 5.81287E-03 1.10837E+00 
5.81287E-03 2.46147E-02 1.36655E-01 2.66337E-01 2.78444E-01 3.05786E-01 3.29583E-01 1.36655E-01 2.46147E-02 5.81287E-03 1.58141E+00 
5.81287E-03 4.37234E-02 1.54773E-01 2.84023E-01 2.96307E-01 3.25118E-01 3.49484E-01 1.54773E-01 4.37234E-02 5.81287E-03 2.09706E+00 
5.81287E-03 6.44674E-02 1.74511E-01 3.03330E-01 3.15791E-01 3.46115E-01 3.71074E-01 1.74511E-01 6.44674E-02 5.81287E-03 2.65579E+00 
5.81287E-03 8.68988E-02 1.95922E-01 3.24310E-01 3.36949E-01 3.68829E-01 3.94406E-01 1.95922E-01 8.68988E-02 5.81287E-03 3.25767E+00 
5.81287E-03 1.05443E-01 2.13668E-01 3.41722E-01 3.54500E-01 3.87612E-01 4.13685E-01 2.13668E-01 1.05443E-01 5.81287E-03 3.75277E+00 
5.81287E-03 1.11065E-01 2.19054E-01 3.47011E-01 3.59829E-01 3.93307E-01 4.19527E-01 2.19054E-01 1.11065E-01 5.81287E-03 3.90232E+00 
5.81287E-03 1.39113E-01 2.45972E-01 3.73466E-01 3.86478E-01 4.21725E-01 4.48668E-01 2.45972E-01 1.39113E-01 5.81287E-03 4.64435E+00 
5.81287E-03 1.69273E-01 2.74987E-01 4.02018E-01 4.15223E-01 4.52290E-01 4.79984E-01 2.74987E-01 1.69273E-01 5.81287E-03 5.43344E+00 
5.81287E-03 2.01580E-01 3.06135E-01 4.32705E-01 4.46103E-01 4.85037E-01 5.13514E-01 3.06135E-01 2.01580E-01 5.81287E-03 6.26731E+00 
5.81287E-03 2.36059E-01 3.39443E-01 4.65551E-01 4.79142E-01 5.19990E-01 5.49280E-01 3.39443E-01 2.36059E-01 5.81287E-03 7.14301E+00 
3.30138E-02 2.72571E-01 3.74782E-01 5.00432E-01 5.14214E-01 5.57002E-01 5.87132E-01 3.74782E-01 2.72571E-01 3.30138E-02 7.99397E+00 
7.49376E-02 3.11320E-01 4.12340E-01 5.37529E-01 5.51501E-01 5.96285E-01 6.27290E-01 4.12340E-01 3.11320E-01 7.49376E-02 8.86637E+00 
1.19156E-01 3.52326E-01 4.52136E-01 5.76862E-01 5.91024E-01 6.37860E-01 6.69779E-01 4.52136E-01 3.52326E-01 1.19156E-01 9.76906E+00 
1.65627E-01 3.95552E-01 4.94135E-01 6.18393E-01 6.32745E-01 6.81691E-01 7.14562E-01 4.94135E-01 3.95552E-01 1.65627E-01 1.06974E+01 
2.14293E-01 4.40943E-01 5.38282E-01 6.62067E-01 6.76610E-01 7.27720E-01 7.61582E-01 5.38282E-01 4.40943E-01 2.14293E-01 1.16461E+01 
2.65073E-01 4.88421E-01 5.84500E-01 7.07810E-01 7.22541E-01 7.75869E-01 8.10761E-01 5.84500E-01 4.88421E-01 2.65073E-01 1.26095E+01 
3.17867E-01 5.37890E-01 6.32694E-01 7.55522E-01 7.70442E-01 8.26039E-01 8.62000E-01 6.32694E-01 5.37890E-01 3.17867E-01 1.35816E+01 
3.72552E-01 5.89230E-01 6.82746E-01 8.05088E-01 8.20194E-01 8.78109E-01 9.15179E-01 6.82746E-01 5.89230E-01 3.72552E-01 1.45561E+01 
4.28987E-01 6.42303E-01 7.34518E-01 8.56368E-01 8.71659E-01 9.31939E-01 9.70157E-01 7.34518E-01 6.42303E-01 4.28987E-01 1.55266E+01 
4.87010E-01 6.96951E-01 7.87854E-01 9.09204E-01 9.24678E-01 9.87368E-01 1.02677E+00 7.87854E-01 6.96951E-01 4.87010E-01 1.64865E+01 
5.46439E-01 7.52993E-01 8.42574E-01 9.63417E-01 9.79072E-01 1.04421E+00 1.08485E+00 8.42574E-01 7.52993E-01 5.46439E-01 1.74295E+01 
6.07076E-01 8.10236E-01 8.98484E-01 1.01881E+00 1.03465E+00 1.10228E+00 1.14418E+00 8.98484E-01 8.10236E-01 6.07076E-01 1.83490E+01 
6.68706E-01 8.68466E-01 9.55374E-01 1.07518E+00 1.09119E+00 1.16135E+00 1.20455E+00 9.55374E-01 8.68466E-01 6.68706E-01 1.92392E+01 
5.26825E-03 4.70845E-02 8.55706E-02 2.12685E-01 2.25506E-01 2.54103E-01 2.77684E-01 8.55706E-02 4.70845E-02 5.26825E-03 3.82782E-01 
5.26825E-03 4.70845E-02 9.89383E-02 2.25712E-01 2.38705E-01 2.68868E-01 2.93047E-01 9.89383E-02 4.70845E-02 5.26825E-03 7.94008E-01 
5.26825E-03 6.79192E-03 1.13466E-01 2.39903E-01 2.53066E-01 2.84821E-01 3.09618E-01 1.13466E-01 6.79192E-03 5.26825E-03 1.22738E+00 
5.26825E-03 2.34933E-02 1.29193E-01 2.55294E-01 2.68627E-01 3.02001E-01 3.27437E-01 1.29193E-01 2.34933E-02 5.26825E-03 1.67719E+00 
5.26825E-03 4.15682E-02 1.46277E-01 2.72042E-01 2.85545E-01 3.20585E-01 3.46686E-01 1.46277E-01 4.15682E-02 5.26825E-03 2.16271E+00 
5.26825E-03 6.10536E-02 1.64755E-01 2.90184E-01 3.03857E-01 3.40609E-01 3.67402E-01 1.64755E-01 6.10536E-02 5.26825E-03 2.68377E+00 
5.26825E-03 8.19840E-02 1.84665E-01 3.09754E-01 3.23599E-01 3.62107E-01 3.89621E-01 1.84665E-01 8.19840E-02 5.26825E-03 3.23988E+00 
5.26825E-03 9.91894E-02 2.01070E-01 3.25897E-01 3.39875E-01 3.79772E-01 4.07862E-01 2.01070E-01 9.91894E-02 5.26825E-03 3.69367E+00 
5.26825E-03 1.04389E-01 2.06034E-01 3.30784E-01 3.44801E-01 3.85109E-01 4.13371E-01 2.06034E-01 1.04389E-01 5.26825E-03 3.83013E+00 
5.26825E-03 1.30226E-01 2.30740E-01 3.55122E-01 3.69324E-01 4.11622E-01 4.40724E-01 2.30740E-01 1.30226E-01 5.26825E-03 4.50332E+00 
5.26825E-03 1.57827E-01 2.57196E-01 3.81208E-01 3.95594E-01 4.39933E-01 4.69907E-01 2.57196E-01 1.57827E-01 5.26825E-03 5.21252E+00 
5.26825E-03 1.87206E-01 2.85416E-01 4.09056E-01 4.23626E-01 4.70053E-01 5.00934E-01 2.85416E-01 1.87206E-01 5.26825E-03 5.95510E+00 
5.26825E-03 2.18364E-01 3.15402E-01 4.38668E-01 4.53421E-01 5.01984E-01 5.33805E-01 3.15402E-01 2.18364E-01 5.26825E-03 6.72785E+00 
2.98570E-02 2.51194E-01 3.47059E-01 4.69949E-01 4.84881E-01 5.35604E-01 5.68393E-01 3.47059E-01 2.51194E-01 2.98570E-02 7.46982E+00 
6.75575E-02 2.85819E-01 3.80494E-01 5.03002E-01 5.18114E-01 5.71050E-01 6.04846E-01 3.80494E-01 2.85819E-01 6.75575E-02 8.22315E+00 
1.07077E-01 3.22228E-01 4.15694E-01 5.37813E-01 5.53104E-01 6.08312E-01 6.43157E-01 4.15694E-01 3.22228E-01 1.07077E-01 8.99563E+00 
1.48356E-01 3.60365E-01 4.52604E-01 5.74328E-01 5.89796E-01 6.47332E-01 6.83269E-01 4.52604E-01 3.60365E-01 1.48356E-01 9.78277E+00 
1.91319E-01 4.00158E-01 4.91154E-01 6.12473E-01 6.28119E-01 6.88036E-01 7.25107E-01 4.91154E-01 4.00158E-01 1.91319E-01 1.05797E+01 
2.35874E-01 4.41518E-01 5.31256E-01 6.52162E-01 6.67983E-01 7.30334E-01 7.68579E-01 5.31256E-01 4.41518E-01 2.35874E-01 1.13814E+01 
2.81911E-01 4.84338E-01 5.72803E-01 6.93287E-01 7.09282E-01 7.74115E-01 8.13578E-01 5.72803E-01 4.84338E-01 2.81911E-01 1.21825E+01 
3.29302E-01 5.28494E-01 6.15675E-01 7.35725E-01 7.51893E-01 8.19253E-01 8.59977E-01 6.15675E-01 5.28494E-01 3.29302E-01 1.29774E+01 
3.77907E-01 5.73848E-01 6.59731E-01 7.79338E-01 7.95675E-01 8.65607E-01 9.07632E-01 6.59731E-01 5.73848E-01 3.77907E-01 1.37608E+01 
4.27566E-01 6.20245E-01 7.04821E-01 8.23971E-01 8.40476E-01 9.13019E-01 9.56386E-01 7.04821E-01 6.20245E-01 4.27566E-01 1.45273E+01 
4.78108E-01 6.67516E-01 7.50774E-01 8.69455E-01 8.86124E-01 9.61315E-01 1.00607E+00 7.50774E-01 6.67516E-01 4.78108E-01 1.52717E+01 
5.29349E-01 7.15479E-01 7.97411E-01 9.15609E-01 9.32440E-01 1.01031E+00 1.05648E+00 7.97411E-01 7.15479E-01 5.29349E-01 1.59888E+01 
5.81093E-01 7.63942E-01 8.44542E-01 9.62242E-01 9.79230E-01 1.05981E+00 1.10745E+00 8.44542E-01 7.63942E-01 5.81093E-01 1.66741E+01 
4.75713E-03 4.45806E-02 8.01802E-02 2.04510E-01 2.18570E-01 2.53696E-01 2.78875E-01 8.01802E-02 4.45806E-02 4.75713E-03 5.45380E-01 
4.75713E-03 4.45806E-02 9.30354E-02 2.17111E-01 2.31335E-01 2.68236E-01 2.94121E-01 9.30354E-02 4.45806E-02 4.75713E-03 9.42167E-01 
4.75713E-03 6.48911E-03 1.06893E-01 2.30715E-01 2.45101E-01 2.83803E-01 3.10413E-01 1.06893E-01 6.48911E-03 4.75713E-03 1.35561E+00 
4.75713E-03 2.23568E-02 1.21782E-01 2.45349E-01 2.59896E-01 3.00426E-01 3.27785E-01 1.21782E-01 2.23568E-02 4.75713E-03 1.78010E+00 
4.75713E-03 3.94023E-02 1.37832E-01 2.61142E-01 2.75850E-01 3.18256E-01 3.46395E-01 1.37832E-01 3.94023E-02 4.75713E-03 2.23376E+00 
4.75713E-03 5.76482E-02 1.55068E-01 2.78117E-01 2.92986E-01 3.37316E-01 3.66264E-01 1.55068E-01 5.76482E-02 4.75713E-03 2.71596E+00 
4.75713E-03 7.71141E-02 1.73509E-01 2.96294E-01 3.11324E-01 3.57623E-01 3.87413E-01 1.73509E-01 7.71141E-02 4.75713E-03 3.22577E+00 
4.75713E-03 9.30225E-02 1.88615E-01 3.11193E-01 3.26348E-01 3.74202E-01 4.04663E-01 1.88615E-01 9.30225E-02 4.75713E-03 3.63839E+00 
4.75713E-03 9.78144E-02 1.93170E-01 3.15688E-01 3.30879E-01 3.79192E-01 4.09854E-01 1.93170E-01 9.78144E-02 4.75713E-03 3.76191E+00 
4.75713E-03 1.21528E-01 2.15749E-01 3.37973E-01 3.53337E-01 4.03872E-01 4.35509E-01 2.15749E-01 1.21528E-01 4.75713E-03 4.36765E+00 
4.75713E-03 1.46690E-01 2.39763E-01 3.61687E-01 3.77224E-01 4.30030E-01 4.62680E-01 2.39763E-01 1.46690E-01 4.75713E-03 4.99970E+00 
4.75713E-03 1.73297E-01 2.65208E-01 3.86827E-01 4.02535E-01 4.57660E-01 4.91360E-01 2.65208E-01 1.73297E-01 4.75713E-03 5.65524E+00 
4.75713E-03 2.01333E-01 2.92069E-01 4.13376E-01 4.29254E-01 4.86744E-01 5.21531E-01 2.92069E-01 2.01333E-01 4.75713E-03 6.33101E+00 
2.69014E-02 2.30713E-01 3.20273E-01 4.41262E-01 4.57306E-01 5.17180E-01 5.53083E-01 3.20273E-01 2.30713E-01 2.69014E-02 6.97153E+00 
6.06725E-02 2.61501E-01 3.49870E-01 4.70529E-01 4.86739E-01 5.49049E-01 5.86110E-01 3.49870E-01 2.61501E-01 6.06725E-02 7.61521E+00 
9.58491E-02 2.93662E-01 3.80820E-01 5.01140E-01 5.17513E-01 5.82316E-01 6.20580E-01 3.80820E-01 2.93662E-01 9.58491E-02 8.26897E+00 
1.32360E-01 3.27127E-01 4.13058E-01 5.33025E-01 5.49562E-01 6.16912E-01 6.56425E-01 4.13058E-01 3.27127E-01 1.32360E-01 8.92867E+00 
1.70120E-01 3.61815E-01 4.46504E-01 5.66105E-01 5.82804E-01 6.52751E-01 6.93558E-01 4.46504E-01 3.61815E-01 1.70120E-01 9.58996E+00 
2.09031E-01 3.97632E-01 4.81063E-01 6.00285E-01 6.17143E-01 6.89735E-01 7.31881E-01 4.81063E-01 3.97632E-01 2.09031E-01 1.02483E+01 
2.48980E-01 4.34466E-01 5.16627E-01 6.35454E-01 6.52470E-01 7.27752E-01 7.71281E-01 5.16627E-01 4.34466E-01 2.48980E-01 1.08992E+01 
2.89841E-01 4.72198E-01 5.53076E-01 6.71493E-01 6.88663E-01 7.66676E-01 8.11632E-01 5.53076E-01 4.72198E-01 2.89841E-01 1.15380E+01 
3.31478E-01 5.10691E-01 5.90276E-01 7.08265E-01 7.25588E-01 8.06368E-01 8.52794E-01 5.90276E-01 5.10691E-01 3.31478E-01 1.21603E+01 
3.73741E-01 5.49802E-01 6.28085E-01 7.45627E-01 7.63099E-01 8.46680E-01 8.94618E-01 6.28085E-01 5.49802E-01 3.73741E-01 1.27616E+01 
4.16474E-01 5.89375E-01 6.66346E-01 7.83424E-01 8.01041E-01 8.87451E-01 9.36943E-01 6.66346E-01 5.89375E-01 4.16474E-01 1.33380E+01 
4.59509E-01 6.29247E-01 7.04900E-01 8.21492E-01 8.39252E-01 9.28516E-01 9.79601E-01 7.04900E-01 6.29247E-01 4.59509E-01 1.38856E+01 
5.02674E-01 6.69247E-01 7.43577E-01 8.59663E-01 8.77560E-01 9.69698E-01 1.02242E+00 7.43577E-01 6.69247E-01 5.02674E-01 1.44009E+01 
4.27722E-03 4.20506E-02 7.48747E-02 1.97510E-01 2.12773E-01 2.55685E-01 2.82782E-01 7.48747E-02 4.20506E-02 4.27722E-03 7.20477E-01 
4.27722E-03 4.20506E-02 8.71810E-02 2.09628E-01 2.25044E-01 2.69955E-01 2.97884E-01 8.71810E-02 4.20506E-02 4.27722E-03 1.09985E+00 
4.27722E-03 6.17646E-03 1.00340E-01 2.22597E-01 2.38164E-01 2.85097E-01 3.13880E-01 1.00340E-01 6.17646E-03 4.27722E-03 1.49070E+00 
4.27722E-03 2.11952E-02 1.14374E-01 2.36435E-01 2.52151E-01 3.01132E-01 3.30793E-01 1.14374E-01 2.11952E-02 4.27722E-03 1.88758E+00 
4.27722E-03 3.72085E-02 1.29385E-01 2.51246E-01 2.67111E-01 3.18189E-01 3.48763E-01 1.29385E-01 3.72085E-02 4.27722E-03 2.30754E+00 
4.27722E-03 5.42265E-02 1.45387E-01 2.67040E-01 2.83054E-01 3.36277E-01 3.67798E-01 1.45387E-01 5.42265E-02 4.27722E-03 2.74960E+00 
4.27722E-03 7.22568E-02 1.62387E-01 2.83826E-01 2.99989E-01 3.55402E-01 3.87904E-01 1.62387E-01 7.22568E-02 4.27722E-03 3.21255E+00 
4.27722E-03 8.69041E-02 1.76227E-01 2.97496E-01 3.13773E-01 3.70913E-01 4.04197E-01 1.76227E-01 8.69041E-02 4.27722E-03 3.58413E+00 
4.27722E-03 9.13016E-02 1.80387E-01 3.01605E-01 3.17916E-01 3.75565E-01 4.09083E-01 1.80387E-01 9.13016E-02 4.27722E-03 3.69486E+00 
4.27722E-03 1.12970E-01 2.00915E-01 3.21885E-01 3.38356E-01 3.98464E-01 4.33114E-01 2.00915E-01 1.12970E-01 4.27722E-03 4.23457E+00 
4.27722E-03 1.35803E-01 2.22595E-01 3.43307E-01 3.59935E-01 4.22550E-01 4.58375E-01 2.22595E-01 1.35803E-01 4.27722E-03 4.79218E+00 
4.27722E-03 1.59783E-01 2.45408E-01 3.65852E-01 3.82636E-01 4.47803E-01 4.84842E-01 2.45408E-01 1.59783E-01 4.27722E-03 5.36486E+00 
4.27722E-03 1.84881E-01 2.69328E-01 3.89491E-01 4.06430E-01 4.74193E-01 5.12486E-01 2.69328E-01 1.84881E-01 4.27722E-03 5.94947E+00 
2.41334E-02 2.11031E-01 2.94299E-01 4.14170E-01 4.31260E-01 5.01629E-01 5.41205E-01 2.94299E-01 2.11031E-01 2.41334E-02 6.49584E+00 
5.42493E-02 2.38251E-01 3.20326E-01 4.39889E-01 4.57128E-01 5.30153E-01 5.71056E-01 3.20326E-01 2.38251E-01 5.42493E-02 7.03888E+00 
8.54148E-02 2.66491E-01 3.47354E-01 4.66593E-01 4.83979E-01 5.59714E-01 6.01993E-01 3.47354E-01 2.66491E-01 8.54148E-02 7.58483E+00 
1.17552E-01 2.95675E-01 3.75312E-01 4.94208E-01 5.11740E-01 5.90233E-01 6.33937E-01 3.75312E-01 2.95675E-01 1.17552E-01 8.12998E+00 
1.50572E-01 3.25719E-01 4.04114E-01 5.22648E-01 5.40324E-01 6.21622E-01 6.66797E-01 4.04114E-01 3.25719E-01 1.50572E-01 8.67055E+00 
1.84376E-01 3.56527E-01 4.33666E-01 5.51818E-01 5.69637E-01 6.53780E-01 7.00474E-01 4.33666E-01 3.56527E-01 1.84376E-01 9.20268E+00 
2.18853E-01 3.87991E-01 4.63863E-01 5.81612E-01 5.99570E-01 6.86596E-01 7.34855E-01 4.63863E-01 3.87991E-01 2.18853E-01 9.72257E+00 
2.53884E-01 4.19996E-01 4.94590E-01 6.11913E-01 6.30007E-01 7.19949E-01 7.69817E-01 4.94590E-01 4.19996E-01 2.53884E-01 1.02265E+01 
2.89340E-01 4.52416E-01 5.25723E-01 6.42597E-01 6.60824E-01 7.53710E-01 8.05231E-01 5.25723E-01 4.52416E-01 2.89340E-01 1.07109E+01 
3.25087E-01 4.85120E-01 5.57131E-01 6.73532E-01 6.91888E-01 7.87741E-01 8.40958E-01 5.57131E-01 4.85120E-01 3.25087E-01 1.11725E+01 
3.60984E-01 5.17969E-01 5.88678E-01 7.04580E-01 7.23062E-01 8.21900E-01 8.76853E-01 5.88678E-01 5.17969E-01 3.60984E-01 1.16080E+01 
3.96883E-01 5.50821E-01 6.20222E-01 7.35598E-01 7.54201E-01 8.56038E-01 9.12766E-01 6.20222E-01 5.50821E-01 3.96883E-01 1.20148E+01 
4.32637E-01 5.83529E-01 6.51618E-01 7.66440E-01 7.85161E-01 8.90004E-01 9.48543E-01 6.51618E-01 5.83529E-01 4.32637E-01 1.23905E+01 
3.82723E-03 3.94788E-02 6.96339E-02 1.91635E-01 2.08026E-01 2.60160E-01 2.89598E-01 6.96339E-02 3.94788E-02 3.82723E-03 9.04606E-01 
3.82723E-03 3.94788E-02 8.13494E-02 2.03201E-01 2.19733E-01 2.74098E-01 3.04516E-01 8.13494E-02 3.94788E-02 3.82723E-03 1.26336E+00 
3.82723E-03 5.85125E-03 9.37776E-02 2.15473E-01 2.32143E-01 2.88759E-01 3.20180E-01 9.37776E-02 5.85125E-03 3.82723E-03 1.62881E+00 
3.82723E-03 2.00000E-02 1.06933E-01 2.28464E-01 2.45270E-01 3.04160E-01 3.36611E-01 1.06933E-01 2.00000E-02 3.82723E-03 1.99575E+00 
3.82723E-03 3.49726E-02 1.20897E-01 2.42254E-01 2.59195E-01 3.20408E-01 3.53926E-01 1.20897E-01 3.49726E-02 3.82723E-03 2.38020E+00 
3.82723E-03 5.07694E-02 1.35670E-01 2.56844E-01 2.73920E-01 3.37503E-01 3.72124E-01 1.35670E-01 5.07694E-02 3.82723E-03 2.78094E+00 
3.82723E-03 6.73885E-02 1.51252E-01 2.72230E-01 2.89442E-01 3.55439E-01 3.91202E-01 1.51252E-01 6.73885E-02 3.82723E-03 3.19660E+00 
3.82723E-03 8.08071E-02 1.63859E-01 2.84679E-01 3.01994E-01 3.69889E-01 4.06561E-01 1.63859E-01 8.08071E-02 3.82723E-03 3.52742E+00 
3.82723E-03 8.48222E-02 1.67636E-01 2.88407E-01 3.05753E-01 3.74208E-01 4.11149E-01 1.67636E-01 8.48222E-02 3.82723E-03 3.62554E+00 
3.82723E-03 1.04519E-01 1.86187E-01 3.06722E-01 3.24211E-01 3.95360E-01 4.33615E-01 1.86187E-01 1.04519E-01 3.82723E-03 4.10083E+00 
3.82723E-03 1.25128E-01 2.05637E-01 3.25920E-01 3.43550E-01 4.17439E-01 4.57050E-01 2.05637E-01 1.25128E-01 3.82723E-03 4.58693E+00 
3.82723E-03 1.46620E-01 2.25959E-01 3.45972E-01 3.63743E-01 4.40413E-01 4.81422E-01 2.25959E-01 1.46620E-01 3.82723E-03 5.08111E+00 
3.82723E-03 1.68959E-01 2.47116E-01 3.66844E-01 3.84753E-01 4.64241E-01 5.06691E-01 2.47116E-01 1.68959E-01 3.82723E-03 5.58048E+00 
2.15452E-02 1.92092E-01 2.69069E-01 3.88493E-01 4.06536E-01 4.88844E-01 5.32762E-01 2.69069E-01 1.92092E-01 2.15452E-02 6.03995E+00 
4.82680E-02 2.16006E-01 2.91789E-01 4.10887E-01 4.29062E-01 5.14234E-01 5.59668E-01 2.91789E-01 2.16006E-01 4.82680E-02 6.49122E+00 
7.57383E-02 2.40641E-01 3.15214E-01 4.33963E-01 4.52269E-01 5.40350E-01 5.87351E-01 3.15214E-01 2.40641E-01 7.57383E-02 6.93992E+00 
1.03877E-01 2.65920E-01 3.39268E-01 4.57644E-01 4.76078E-01 5.67112E-01 6.15730E-01 3.39268E-01 2.65920E-01 1.03877E-01 7.38288E+00 
1.32594E-01 2.91759E-01 3.63868E-01 4.81845E-01 5.00405E-01 5.94430E-01 6.44713E-01 3.63868E-01 2.91759E-01 1.32594E-01 7.81688E+00 
1.61796E-01 3.18064E-01 3.88923E-01 5.06475E-01 5.25158E-01 6.22207E-01 6.74203E-01 3.88923E-01 3.18064E-01 1.61796E-01 8.23876E+00 
1.91377E-01 3.44736E-01 4.14334E-01 5.31433E-01 5.50237E-01 6.50335E-01 7.04091E-01 4.14334E-01 3.44736E-01 1.91377E-01 8.64545E+00 
2.21228E-01 3.71668E-01 4.39995E-01 5.56612E-01 5.75533E-01 6.78704E-01 7.34264E-01 4.39995E-01 3.71668E-01 2.21228E-01 9.03405E+00 
2.51232E-01 3.98746E-01 4.65796E-01 5.81901E-01 6.00935E-01 7.07194E-01 7.64601E-01 4.65796E-01 3.98746E-01 2.51232E-01 9.40182E+00 
2.81270E-01 4.25855E-01 4.91622E-01 6.07182E-01 6.26327E-01 7.35684E-01 7.94978E-01 4.91622E-01 4.25855E-01 2.81270E-01 9.74629E+00 
3.11218E-01 4.52874E-01 5.17352E-01 6.32337E-01 6.51587E-01 7.64047E-01 8.25268E-01 5.17352E-01 4.52874E-01 3.11218E-01 1.00652E+01 
3.40952E-01 4.79681E-01 5.42868E-01 6.57244E-01 6.76594E-01 7.92157E-01 8.55339E-01 5.42868E-01 4.79681E-01 3.40952E-01 1.03568E+01 
3.70346E-01 5.06155E-01 5.68047E-01 6.81780E-01 7.01227E-01 8.19884E-01 8.85062E-01 5.68047E-01 5.06155E-01 3.70346E-01 1.06193E+01 
3.40599E-03 3.68515E-02 6.44396E-02 1.86781E-01 2.04191E-01 2.67163E-01 2.99491E-01 6.44396E-02 3.68515E-02 3.40599E-03 1.09265E+00 
3.40599E-03 3.68515E-02 7.55173E-02 1.97714E-01 2.15250E-01 2.80689E-01 3.14166E-01 7.55173E-02 3.68515E-02 3.40599E-03 1.42751E+00 
3.40599E-03 5.51090E-03 8.71770E-02 2.09217E-01 2.26878E-01 2.94798E-01 3.29449E-01 8.71770E-02 5.51090E-03 3.40599E-03 1.76475E+00 
3.40599E-03 1.87630E-02 9.94283E-02 2.21299E-01 2.39083E-01 3.09501E-01 3.45353E-01 9.94283E-02 1.87630E-02 3.40599E-03 2.09951E+00 
3.40599E-03 3.26820E-02 1.12332E-01 2.34019E-01 2.51925E-01 3.24889E-01 3.61983E-01 1.12332E-01 3.26820E-02 3.40599E-03 2.44679E+00 
3.40599E-03 4.72607E-02 1.25881E-01 2.47370E-01 2.65398E-01 3.40952E-01 3.79328E-01 1.25881E-01 4.72607E-02 3.40599E-03 2.80527E+00 
3.40599E-03 6.24894E-02 1.40067E-01 2.61342E-01 2.79491E-01 3.57677E-01 3.97375E-01 1.40067E-01 6.24894E-02 3.40599E-03 3.17349E+00 
3.40599E-03 7.47098E-02 1.51473E-01 2.72571E-01 2.90813E-01 3.71062E-01 4.11810E-01 1.51473E-01 7.47098E-02 3.40599E-03 3.46405E+00 
3.40599E-03 7.83538E-02 1.54877E-01 2.75922E-01 2.94190E-01 3.75047E-01 4.16107E-01 1.54877E-01 7.83538E-02 3.40599E-03 3.54981E+00 
3.40599E-03 9.61507E-02 1.71524E-01 2.92301E-01 3.10698E-01 3.94474E-01 4.37046E-01 1.71524E-01 9.61507E-02 3.40599E-03 3.96263E+00 
3.40599E-03 1.14637E-01 1.88849E-01 3.09335E-01 3.27859E-01 4.14594E-01 4.58724E-01 1.88849E-01 1.14637E-01 3.40599E-03 4.38043E+00 
3.40599E-03 1.33777E-01 2.06818E-01 3.26992E-01 3.45639E-01 4.35367E-01 4.81099E-01 2.06818E-01 1.33777E-01 3.40599E-03 4.80073E+00 
3.40599E-03 1.53531E-01 2.25390E-01 3.45228E-01 3.63998E-01 4.56747E-01 5.04126E-01 2.25390E-01 1.53531E-01 3.40599E-03 5.22090E+00 
1.91297E-02 1.73857E-01 2.44537E-01 3.64015E-01 3.82903E-01 4.78665E-01 5.27715E-01 2.44537E-01 1.73857E-01 1.91297E-02 5.60079E+00 
4.27102E-02 1.94721E-01 2.64210E-01 3.83300E-01 4.02304E-01 5.01112E-01 5.51882E-01 2.64210E-01 1.94721E-01 4.27102E-02 5.96900E+00 
6.67867E-02 2.16057E-01 2.84340E-01 4.03013E-01 4.22131E-01 5.24023E-01 5.76565E-01 2.84340E-01 2.16057E-01 6.67867E-02 6.33074E+00 
9.12813E-02 2.37792E-01 3.04856E-01 4.23080E-01 4.42309E-01 5.47318E-01 6.01683E-01 3.04856E-01 2.37792E-01 9.12813E-02 6.68333E+00 
1.16110E-01 2.59844E-01 3.25677E-01 4.43421E-01 4.62759E-01 5.70911E-01 6.27148E-01 3.25677E-01 2.59844E-01 1.16110E-01 7.02417E+00 
1.41182E-01 2.82127E-01 3.46721E-01 4.63949E-01 4.83393E-01 5.94709E-01 6.52865E-01 3.46721E-01 2.82127E-01 1.41182E-01 7.35075E+00 
1.66404E-01 3.04551E-01 3.67895E-01 4.84575E-01 5.04122E-01 6.18615E-01 6.78735E-01 3.67895E-01 3.04551E-01 1.66404E-01 7.66068E+00 
1.91677E-01 3.27019E-01 3.89108E-01 5.05203E-01 5.24849E-01 6.42528E-01 7.04654E-01 3.89108E-01 3.27019E-01 1.91677E-01 7.95178E+00 
2.16898E-01 3.49433E-01 4.10261E-01 5.25735E-01 5.45476E-01 6.66341E-01 7.30514E-01 4.10261E-01 3.49433E-01 2.16898E-01 8.22207E+00 
2.41965E-01 3.71694E-01 4.31256E-01 5.46072E-01 5.65904E-01 6.89949E-01 7.56206E-01 4.31256E-01 3.71694E-01 2.41965E-01 8.46982E+00 
2.66772E-01 3.93698E-01 4.51993E-01 5.66113E-01 5.86030E-01 7.13243E-01 7.81619E-01 4.51993E-01 3.93698E-01 2.66772E-01 8.69356E+00 
2.91216E-01 4.15346E-01 4.72372E-01 5.85757E-01 6.05756E-01 7.36117E-01 8.06642E-01 4.72372E-01 4.15346E-01 2.91216E-01 8.89212E+00 
3.15193E-01 4.36537E-01 4.92294E-01 6.04905E-01 6.24981E-01 7.58464E-01 8.31167E-01 4.92294E-01 4.36537E-01 3.15193E-01 9.06459E+00 
3.01279E-03 3.41615E-02 5.92798E-02 1.82782E-01 2.01075E-01 2.76670E-01 3.12573E-01 5.92798E-02 3.41615E-02 3.01279E-03 1.27770E+00 
3.01279E-03 3.41615E-02 6.96691E-02 1.92988E-01 2.11396E-01 2.89686E-01 3.26929E-01 6.96691E-02 3.41615E-02 3.01279E-03 1.58549E+00 
3.01279E-03 5.15370E-03 8.05208E-02 2.03641E-01 2.22162E-01 3.03153E-01 3.41762E-01 8.05208E-02 5.15370E-03 3.01279E-03 1.89195E+00 
3.01279E-03 1.74795E-02 9.18408E-02 2.14745E-01 2.33376E-01 3.17079E-01 3.57082E-01 9.18408E-02 1.74795E-02 3.01279E-03 2.19259E+00 
3.01279E-03 3.03301E-02 1.03671E-01 2.26339E-01 2.45082E-01 3.31540E-01 3.72980E-01 1.03672E-01 3.03301E-02 3.01279E-03 2.50142E+00 
3.01279E-03 4.36924E-02 1.16001E-01 2.38413E-01 2.57265E-01 3.46519E-01 3.89438E-01 1.16001E-01 4.36924E-02 3.01279E-03 2.81708E+00 
3.01279E-03 5.75518E-02 1.28816E-01 2.50951E-01 2.69912E-01 3.61997E-01 4.06437E-01 1.28816E-01 5.75518E-02 3.01279E-03 3.13816E+00 
3.01279E-03 6.86048E-02 1.39053E-01 2.60959E-01 2.80004E-01 3.74302E-01 4.19948E-01 1.39053E-01 6.86048E-02 3.01279E-03 3.38931E+00 
3.01279E-03 7.18894E-02 1.42098E-01 2.63934E-01 2.83003E-01 3.77952E-01 4.23955E-01 1.42098E-01 7.18894E-02 3.01279E-03 3.46308E+00 
3.01279E-03 8.78586E-02 1.56918E-01 2.78406E-01 2.97590E-01 3.95659E-01 4.43394E-01 1.56918E-01 8.78586E-02 3.01279E-03 3.81584E+00 
3.01279E-03 1.04325E-01 1.72225E-01 2.93337E-01 3.12634E-01 4.13853E-01 4.63366E-01 1.72225E-01 1.04325E-01 3.01279E-03 4.16901E+00 
3.01279E-03 1.21251E-01 1.87983E-01 3.08690E-01 3.28097E-01 4.32490E-01 4.83826E-01 1.87983E-01 1.21251E-01 3.01279E-03 4.52039E+00 
3.01279E-03 1.38593E-01 2.04149E-01 3.24421E-01 3.43937E-01 4.51523E-01 5.04725E-01 2.04149E-01 1.38593E-01 3.01279E-03 4.86771E+00 
1.68822E-02 1.56321E-01 2.20705E-01 3.40513E-01 3.60133E-01 4.70888E-01 5.25978E-01 2.20705E-01 1.56321E-01 1.68822E-02 5.17542E+00 
3.75632E-02 1.74386E-01 2.37587E-01 3.56898E-01 3.76620E-01 4.90565E-01 5.47591E-01 2.37587E-01 1.74386E-01 3.75632E-02 5.46928E+00 
5.85355E-02 1.92723E-01 2.54729E-01 3.73505E-01 3.93326E-01 5.10488E-01 5.69503E-01 2.54729E-01 1.92723E-01 5.85355E-02 5.75410E+00 
7.97255E-02 2.11262E-01 2.72063E-01 3.90266E-01 4.10184E-01 5.30581E-01 5.91634E-01 2.72063E-01 2.11262E-01 7.97255E-02 6.02774E+00 
1.01056E-01 2.29929E-01 2.89515E-01 4.07107E-01 4.27119E-01 5.50763E-01 6.13902E-01 2.89515E-01 2.29929E-01 1.01056E-01 6.28814E+00 
1.22445E-01 2.48647E-01 3.07010E-01 4.23951E-01 4.44054E-01 5.70950E-01 6.36219E-01 3.07010E-01 2.48647E-01 1.22445E-01 6.53339E+00 
1.43809E-01 2.67335E-01 3.24469E-01 4.40719E-01 4.60909E-01 5.91053E-01 6.58495E-01 3.24469E-01 2.67335E-01 1.43809E-01 6.76173E+00 
1.65062E-01 2.85910E-01 3.41811E-01 4.57328E-01 4.77601E-01 6.10983E-01 6.80636E-01 3.41811E-01 2.85910E-01 1.65062E-01 6.97160E+00 
1.86116E-01 3.04289E-01 3.58953E-01 4.73696E-01 4.94047E-01 6.30650E-01 7.02550E-01 3.58953E-01 3.04289E-01 1.86116E-01 7.16167E+00 
2.06885E-01 3.22387E-01 3.75813E-01 4.89739E-01 5.10164E-01 6.49963E-01 7.24140E-01 3.75813E-01 3.22387E-01 2.06885E-01 7.33082E+00 
2.27282E-01 3.40120E-01 3.92309E-01 5.05375E-01 5.25869E-01 6.68831E-01 7.45313E-01 3.92309E-01 3.40120E-01 2.27282E-01 7.47818E+00 
2.47222E-01 3.57408E-01 4.08361E-01 5.20525E-01 5.41082E-01 6.87166E-01 7.65978E-01 4.08361E-01 3.57408E-01 2.47222E-01 7.60314E+00 
2.66623E-01 3.74171E-01 4.23891E-01 5.35109E-01 5.55724E-01 7.04882E-01 7.86044E-01 4.23891E-01 3.74171E-01 2.66623E-01 7.70534E+00 
2.64744E-03 3.14124E-02 5.41501E-02 1.79396E-01 1.98429E-01 2.88563E-01 3.28876E-01 5.41501E-02 3.14124E-02 2.64744E-03 1.45123E+00 
2.64744E-03 3.14124E-02 6.38008E-02 1.88778E-01 2.07918E-01 3.00953E-01 3.42819E-01 6.38008E-02 3.14124E-02 2.64744E-03 1.72920E+00 
2.64744E-03 4.77953E-03 7.38067E-02 1.98495E-01 2.17740E-01 3.13675E-01 3.57118E-01 7.38067E-02 4.77953E-03 2.64744E-03 2.00277E+00 
2.64744E-03 1.61502E-02 8.41712E-02 2.08548E-01 2.27895E-01 3.26733E-01 3.71779E-01 8.41712E-02 1.61502E-02 2.64744E-03 2.26788E+00 
2.64744E-03 2.79194E-02 9.49214E-02 2.18962E-01 2.38412E-01 3.40187E-01 3.86883E-01 9.49214E-02 2.79194E-02 2.64744E-03 2.53755E+00 
2.64744E-03 4.00707E-02 1.06042E-01 2.29721E-01 2.49272E-01 3.54019E-01 4.02409E-01 1.06042E-01 4.00707E-02 2.64744E-03 2.81048E+00 
2.64744E-03 5.25860E-02 1.17517E-01 2.40807E-01 2.60459E-01 3.68204E-01 4.18332E-01 1.17517E-01 5.25860E-02 2.64744E-03 3.08534E+00 
2.64744E-03 6.25060E-02 1.26625E-01 2.49596E-01 2.69325E-01 3.79408E-01 4.30908E-01 1.26625E-01 6.25060E-02 2.64744E-03 3.29844E+00 
2.64744E-03 6.54438E-02 1.29324E-01 2.52199E-01 2.71950E-01 3.82719E-01 4.34625E-01 1.29324E-01 6.54438E-02 2.64744E-03 3.36070E+00 
2.64744E-03 7.96633E-02 1.42402E-01 2.64797E-01 2.84653E-01 3.98703E-01 4.52575E-01 1.42402E-01 7.96633E-02 2.64744E-03 3.65648E+00 
2.64744E-03 9.42184E-02 1.55806E-01 2.77688E-01 2.97647E-01 4.14995E-01 4.70878E-01 1.55806E-01 9.42184E-02 2.64744E-03 3.94927E+00 
2.64744E-03 1.09071E-01 1.69502E-01 2.90834E-01 3.10895E-01 4.31552E-01 4.89491E-01 1.69502E-01 1.09071E-01 2.64744E-03 4.23718E+00 
2.64744E-03 1.24179E-01 1.83446E-01 3.04194E-01 3.24354E-01 4.48325E-01 5.08361E-01 1.83446E-01 1.24179E-01 2.64744E-03 4.51834E+00 
1.48009E-02 1.39519E-01 1.97630E-01 3.17761E-01 3.38014E-01 4.65258E-01 5.27408E-01 1.97630E-01 1.39519E-01 1.48009E-02 4.76148E+00 
3.28204E-02 1.55037E-01 2.11982E-01 3.31456E-01 3.51801E-01 4.82324E-01 5.46633E-01 2.11982E-01 1.55037E-01 3.28204E-02 4.98972E+00 
5.09693E-02 1.70669E-01 2.26440E-01 3.45213E-01 3.65646E-01 4.99459E-01 5.65977E-01 2.26440E-01 1.70669E-01 5.09693E-02 5.20751E+00 
6.91807E-02 1.86353E-01 2.40940E-01 3.58970E-01 3.79488E-01 5.16592E-01 5.85367E-01 2.40940E-01 1.86353E-01 6.91807E-02 5.41319E+00 
8.73850E-02 2.02023E-01 2.55419E-01 3.72662E-01 3.93262E-01 5.33649E-01 6.04725E-01 2.55419E-01 2.02023E-01 8.73850E-02 5.60522E+00 
1.05511E-01 2.17610E-01 2.69811E-01 3.86221E-01 4.06899E-01 5.50556E-01 6.23973E-01 2.69811E-01 2.17610E-01 1.05511E-01 5.78221E+00 
1.23485E-01 2.33046E-01 2.84048E-01 3.99580E-01 4.20332E-01 5.67235E-01 6.43029E-01 2.84048E-01 2.33046E-01 1.23485E-01 5.94294E+00 
1.41236E-01 2.48260E-01 2.98062E-01 4.12670E-01 4.33492E-01 5.83610E-01 6.61812E-01 2.98062E-01 2.48260E-01 1.41236E-01 6.08637E+00 
1.58689E-01 2.63184E-01 3.11785E-01 4.25424E-01 4.46309E-01 5.99603E-01 6.80242E-01 3.11785E-01 2.63184E-01 1.58689E-01 6.21167E+00 
1.75773E-01 2.77748E-01 3.25149E-01 4.37774E-01 4.58718E-01 6.15139E-01 6.98238E-01 3.25149E-01 2.77748E-01 1.75773E-01 6.31824E+00 
1.92419E-01 2.91886E-01 3.38090E-01 4.49655E-01 4.70652E-01 6.30144E-01 7.15722E-01 3.38090E-01 2.91886E-01 1.92419E-01 6.40565E+00 
2.08560E-01 3.05533E-01 3.50546E-01 4.61006E-01 4.82049E-01 6.44548E-01 7.32618E-01 3.50546E-01 3.05533E-01 2.08560E-01 6.47373E+00 
2.24131E-01 3.18630E-01 3.62456E-01 4.71767E-01 4.92850E-01 6.58284E-01 7.48855E-01 3.62456E-01 3.18630E-01 2.24131E-01 6.52250E+00 
2.31014E-03 2.86211E-02 4.90547E-02 1.76300E-01 1.95952E-01 3.02615E-01 3.48322E-01 4.90547E-02 2.86211E-02 2.31014E-03 1.60370E+00 
2.31014E-03 2.86211E-02 5.79220E-02 1.84762E-01 2.04517E-01 3.14255E-01 3.61745E-01 5.79220E-02 2.86211E-02 2.31014E-03 1.84978E+00 
2.31014E-03 4.39043E-03 6.70511E-02 1.93462E-01 2.13318E-01 3.26118E-01 3.75412E-01 6.70511E-02 4.39043E-03 2.31014E-03 2.08911E+00 
2.31014E-03 1.47828E-02 7.64439E-02 2.02399E-01 2.22355E-01 3.38206E-01 3.89330E-01 7.64439E-02 1.47828E-02 2.31014E-03 2.31808E+00 
2.31014E-03 2.54648E-02 8.61153E-02 2.11585E-01 2.31640E-01 3.50570E-01 4.03570E-01 8.61153E-02 2.54648E-02 2.31014E-03 2.54870E+00 
2.31014E-03 3.64181E-02 9.60480E-02 2.21001E-01 2.41154E-01 3.63186E-01 4.18107E-01 9.60480E-02 3.64181E-02 2.31014E-03 2.77981E+00 
2.31014E-03 4.76231E-02 1.06224E-01 2.30629E-01 2.50878E-01 3.76029E-01 4.32915E-01 1.06224E-01 4.76231E-02 2.31014E-03 3.01019E+00 
2.31014E-03 5.64515E-02 1.14250E-01 2.38210E-01 2.58532E-01 3.86106E-01 4.44540E-01 1.14250E-01 5.64515E-02 2.31014E-03 3.18716E+00 
2.31014E-03 5.90572E-02 1.16621E-01 2.40446E-01 2.60790E-01 3.89073E-01 4.47965E-01 1.16621E-01 5.90572E-02 2.31014E-03 3.23860E+00 
2.31014E-03 7.16145E-02 1.28052E-01 2.51215E-01 2.71659E-01 4.03326E-01 4.64427E-01 1.28052E-01 7.16145E-02 2.31014E-03 3.48124E+00 
2.31014E-03 8.43756E-02 1.39682E-01 2.62142E-01 2.82685E-01 4.17738E-01 4.81091E-01 1.39682E-01 8.43756E-02 2.31014E-03 3.71855E+00 
2.31014E-03 9.73041E-02 1.51474E-01 2.73193E-01 2.93831E-01 4.32264E-01 4.97910E-01 1.51474E-01 9.73041E-02 2.31014E-03 3.94899E+00 
2.31014E-03 1.10360E-01 1.63390E-01 2.84326E-01 3.05058E-01 4.46858E-01 5.14837E-01 1.63390E-01 1.10360E-01 2.31014E-03 4.17106E+00 
1.28861E-02 1.23527E-01 1.75426E-01 2.95546E-01 3.16365E-01 4.61471E-01 5.31791E-01 1.75426E-01 1.23527E-01 1.28861E-02 4.35747E+00 
2.84790E-02 1.36749E-01 1.87511E-01 3.06770E-01 3.27673E-01 4.76073E-01 5.48776E-01 1.87511E-01 1.36749E-01 2.84790E-02 4.52885E+00 
4.40785E-02 1.49968E-01 1.99586E-01 3.17935E-01 3.38919E-01 4.90603E-01 5.65734E-01 1.99586E-01 1.49968E-01 4.40785E-02 4.68930E+00 
5.96251E-02 1.63127E-01 2.11595E-01 3.28988E-01 3.50049E-01 5.04998E-01 5.82599E-01 2.11595E-01 1.63127E-01 5.96251E-02 4.83760E+00 
7.50580E-02 1.76171E-01 2.23484E-01 3.39872E-01 3.61006E-01 5.19192E-01 5.99301E-01 2.23484E-01 1.76171E-01 7.50580E-02 4.97266E+00 
9.03160E-02 1.89040E-01 2.35197E-01 3.50532E-01 3.71734E-01 5.33119E-01 6.15768E-01 2.35197E-01 1.89040E-01 9.03160E-02 5.09351E+00 
1.05338E-01 2.01677E-01 2.46677E-01 3.60912E-01 3.82176E-01 5.46714E-01 6.31931E-01 2.46677E-01 2.01677E-01 1.05338E-01 5.19939E+00 
1.20062E-01 2.14024E-01 2.57869E-01 3.70955E-01 3.92277E-01 5.59912E-01 6.47720E-01 2.57869E-01 2.14024E-01 1.20062E-01 5.28967E+00 
1.34430E-01 2.26025E-01 2.68717E-01 3.80608E-01 4.01981E-01 5.72648E-01 6.63065E-01 2.68717E-01 2.26025E-01 1.34430E-01 5.36393E+00 
1.48385E-01 2.37627E-01 2.79170E-01 3.89818E-01 4.11237E-01 5.84863E-01 6.77899E-01 2.79170E-01 2.37627E-01 1.48385E-01 5.42191E+00 
1.61872E-01 2.48776E-01 2.89176E-01 3.98537E-01 4.19993E-01 5.96497E-01 6.92159E-01 2.89176E-01 2.48776E-01 1.61872E-01 5.46355E+00 
1.74839E-01 2.59424E-01 2.98688E-01 4.06718E-01 4.28204E-01 6.07495E-01 7.05784E-01 2.98688E-01 2.59424E-01 1.74839E-01 5.48896E+00 
1.87238E-01 2.69526E-01 3.07663E-01 4.14319E-01 4.35827E-01 6.17807E-01 7.18717E-01 3.07663E-01 2.69526E-01 1.87238E-01 5.49841E+00 
2.00148E-03 2.58206E-02 4.40090E-02 1.73106E-01 1.93301E-01 3.18476E-01 3.70705E-01 4.40090E-02 2.58206E-02 2.00148E-03 1.72551E+00 
2.00148E-03 2.58206E-02 5.20598E-02 1.80565E-01 2.00867E-01 3.29237E-01 3.83491E-01 5.20598E-02 2.58206E-02 2.00148E-03 1.93863E+00 
2.00148E-03 3.99115E-03 6.02944E-02 1.88182E-01 2.08587E-01 3.40127E-01 3.96425E-01 6.02944E-02 3.99115E-03 2.00148E-03 2.14339E+00 
2.00148E-03 1.33938E-02 6.87137E-02 1.95955E-01 2.16462E-01 3.51146E-01 4.09509E-01 6.87137E-02 1.33938E-02 2.00148E-03 2.33660E+00 
2.00148E-03 2.29954E-02 7.73226E-02 2.03883E-01 2.24490E-01 3.62335E-01 4.22810E-01 7.73226E-02 2.29954E-02 2.00148E-03 2.52931E+00 
2.00148E-03 3.27769E-02 8.61035E-02 2.11948E-01 2.32654E-01 3.73668E-01 4.36299E-01 8.61035E-02 3.27769E-02 2.00148E-03 2.72047E+00 
2.00148E-03 4.27185E-02 9.50376E-02 2.20130E-01 2.40933E-01 3.85122E-01 4.49950E-01 9.50376E-02 4.27185E-02 2.00148E-03 2.90906E+00 
2.00148E-03 5.05068E-02 1.02042E-01 2.26528E-01 2.47406E-01 3.94048E-01 4.60604E-01 1.02042E-01 5.05068E-02 2.00148E-03 3.05254E+00 
2.00148E-03 5.27981E-02 1.04104E-01 2.28408E-01 2.49307E-01 3.96667E-01 4.63732E-01 1.04104E-01 5.27981E-02 2.00148E-03 3.09401E+00 
2.00148E-03 6.37936E-02 1.14002E-01 2.37416E-01 2.58415E-01 4.09184E-01 4.78703E-01 1.14002E-01 6.37936E-02 2.00148E-03 3.28817E+00 
2.00148E-03 7.48897E-02 1.23997E-01 2.46477E-01 2.67574E-01 4.21735E-01 4.93748E-01 1.23997E-01 7.48897E-02 2.00148E-03 3.47562E+00 
2.00148E-03 8.60526E-02 1.34056E-01 2.55560E-01 2.76751E-01 4.34279E-01 5.08822E-01 1.34056E-01 8.60526E-02 2.00148E-03 3.65515E+00 
2.00148E-03 9.72460E-02 1.44145E-01 2.64629E-01 2.85910E-01 4.46772E-01 5.23879E-01 1.44145E-01 9.72460E-02 2.00148E-03 3.82558E+00 
1.11400E-02 1.08460E-01 1.54266E-01 2.73696E-01 2.95062E-01 4.59175E-01 5.38842E-01 1.54266E-01 1.08460E-01 1.11400E-02 3.96327E+00 
2.45406E-02 1.19638E-01 1.64348E-01 2.82677E-01 3.04123E-01 4.71452E-01 5.53715E-01 1.64348E-01 1.19638E-01 2.45406E-02 4.08649E+00 
3.78589E-02 1.30728E-01 1.74337E-01 2.91516E-01 3.13037E-01 4.83549E-01 5.68448E-01 1.74337E-01 1.30728E-01 3.78589E-02 4.19904E+00 
5.10434E-02 1.41684E-01 1.84189E-01 3.00166E-01 3.21758E-01 4.95410E-01 5.82977E-01 1.84189E-01 1.41684E-01 5.10434E-02 4.30005E+00 
6.40423E-02 1.52455E-01 1.93855E-01 3.08582E-01 3.30239E-01 5.06978E-01 5.97242E-01 1.93855E-01 1.52455E-01 6.40423E-02 4.38879E+00 
7.68040E-02 1.62994E-01 2.03290E-01 3.16718E-01 3.38434E-01 5.18197E-01 6.11180E-01 2.03290E-01 1.62994E-01 7.68040E-02 4.46466E+00 
8.92779E-02 1.73254E-01 2.12448E-01 3.24529E-01 3.46297E-01 5.29012E-01 6.24730E-01 2.12448E-01 1.73254E-01 8.92779E-02 4.52721E+00 
1.01415E-01 1.83188E-01 2.21284E-01 3.31971E-01 3.53784E-01 5.39368E-01 6.37831E-01 2.21284E-01 1.83188E-01 1.01415E-01 4.57615E+00 
1.13167E-01 1.92751E-01 2.29756E-01 3.39003E-01 3.60854E-01 5.49215E-01 6.50427E-01 2.29756E-01 1.92751E-01 1.13167E-01 4.61134E+00 
1.24491E-01 2.01903E-01 2.37823E-01 3.45585E-01 3.67466E-01 5.58504E-01 6.62463E-01 2.37823E-01 2.01903E-01 1.24491E-01 4.63280E+00 
1.35344E-01 2.10603E-01 2.45446E-01 3.51682E-01 3.73584E-01 5.67190E-01 6.73885E-01 2.45446E-01 2.10603E-01 1.35344E-01 4.64068E+00 
1.45688E-01 2.18816E-01 2.52593E-01 3.57262E-01 3.79175E-01 5.75231E-01 6.84647E-01 2.52593E-01 2.18816E-01 1.45688E-01 4.63528E+00 
1.55488E-01 2.26509E-01 2.59231E-01 3.62294E-01 3.84210E-01 5.82591E-01 6.94704E-01 2.59231E-01 2.26509E-01 1.55488E-01 4.61704E+00 
1.72172E-03 2.30538E-02 3.90324E-02 1.69379E-01 1.90122E-01 3.35708E-01 3.95725E-01 3.90324E-02 2.30538E-02 1.72172E-03 1.80840E+00 
1.72172E-03 2.30538E-02 4.62509E-02 1.75778E-01 1.96635E-01 3.45466E-01 4.07758E-01 4.62509E-02 2.30538E-02 1.72172E-03 1.98869E+00 
1.72172E-03 3.58848E-03 5.35907E-02 1.82272E-01 2.03239E-01 3.55274E-01 4.19854E-01 5.35907E-02 3.58848E-03 1.72172E-03 2.15971E+00 
1.72172E-03 1.20059E-02 6.10523E-02 1.88858E-01 2.09933E-01 3.65130E-01 4.32016E-01 6.10523E-02 1.20059E-02 1.72172E-03 2.31867E+00 
1.72172E-03 2.05496E-02 6.86330E-02 1.95525E-01 2.16706E-01 3.75067E-01 4.44302E-01 6.86330E-02 2.05496E-02 1.72172E-03 2.47565E+00 
1.72172E-03 2.92010E-02 7.63154E-02 2.02256E-01 2.23540E-01 3.85059E-01 4.56684E-01 7.63154E-02 2.92010E-02 1.72172E-03 2.62977E+00 
1.72172E-03 3.79409E-02 8.40816E-02 2.09032E-01 2.30418E-01 3.95081E-01 4.69135E-01 8.40816E-02 3.79409E-02 1.72172E-03 2.78015E+00 
1.72172E-03 4.47510E-02 9.01358E-02 2.14293E-01 2.35756E-01 4.02838E-01 4.78797E-01 9.01358E-02 4.47510E-02 1.72172E-03 2.89340E+00 
1.72172E-03 4.67484E-02 9.19119E-02 2.15834E-01 2.37318E-01 4.05105E-01 4.81625E-01 9.19119E-02 4.67484E-02 1.72172E-03 2.92594E+00 
1.72172E-03 5.62951E-02 1.00402E-01 2.23172E-01 2.44759E-01 4.15886E-01 4.95098E-01 1.00402E-01 5.62951E-02 1.72172E-03 3.07703E+00 
1.72172E-03 6.58653E-02 1.08915E-01 2.30489E-01 2.52175E-01 4.26600E-01 5.08540E-01 1.08915E-01 6.58653E-02 1.72172E-03 3.22081E+00 
1.72172E-03 7.54284E-02 1.17421E-01 2.37755E-01 2.59535E-01 4.37211E-01 5.21907E-01 1.17421E-01 7.54284E-02 1.72172E-03 3.35634E+00 
1.72172E-03 8.49520E-02 1.25889E-01 2.44940E-01 2.66809E-01 4.47680E-01 5.35155E-01 1.25889E-01 8.49520E-02 1.72172E-03 3.48277E+00 
9.56293E-03 9.44305E-02 1.34326E-01 2.52063E-01 2.74014E-01 4.57974E-01 5.48213E-01 1.34326E-01 9.44305E-02 9.56293E-03 3.57970E+00 
2.10012E-02 1.03811E-01 1.42664E-01 2.59041E-01 2.81067E-01 4.68056E-01 5.61086E-01 1.42664E-01 1.03811E-01 2.10012E-02 3.66324E+00 
3.22975E-02 1.13049E-01 1.50858E-01 2.65823E-01 2.87919E-01 4.77879E-01 5.73727E-01 1.50858E-01 1.13049E-01 3.22975E-02 3.73685E+00 
4.34077E-02 1.22103E-01 1.58868E-01 2.72372E-01 2.94531E-01 4.87392E-01 5.86080E-01 1.58868E-01 1.22103E-01 4.34077E-02 3.79996E+00 
5.42885E-02 1.30933E-01 1.66656E-01 2.78652E-01 3.00866E-01 4.96547E-01 5.98092E-01 1.66656E-01 1.30933E-01 5.42885E-02 3.85212E+00 
6.48973E-02 1.39500E-01 1.74185E-01 2.84625E-01 3.06887E-01 5.05297E-01 6.09707E-01 1.74185E-01 1.39500E-01 6.48973E-02 3.89299E+00 
7.51931E-02 1.47766E-01 1.81417E-01 2.90258E-01 3.12559E-01 5.13597E-01 6.20873E-01 1.81417E-01 1.47766E-01 7.51931E-02 3.92237E+00 
8.51368E-02 1.55693E-01 1.88318E-01 2.95516E-01 3.17847E-01 5.21403E-01 6.31539E-01 1.88318E-01 1.55693E-01 8.51368E-02 3.94021E+00 
9.46915E-02 1.63249E-01 1.94855E-01 3.00369E-01 3.22721E-01 5.28676E-01 6.41658E-01 1.94855E-01 1.63249E-01 9.46915E-02 3.94655E+00 
1.03823E-01 1.70401E-01 2.00999E-01 3.04790E-01 3.27152E-01 5.35377E-01 6.51185E-01 2.00999E-01 1.70401E-01 1.03823E-01 3.94159E+00 
1.12501E-01 1.77120E-01 2.06721E-01 3.08753E-01 3.31115E-01 5.41472E-01 6.60078E-01 2.06721E-01 1.77120E-01 1.12501E-01 3.92562E+00 
1.20697E-01 1.83382E-01 2.11997E-01 3.12237E-01 3.34587E-01 5.46933E-01 6.68299E-01 2.11997E-01 1.83382E-01 1.20697E-01 3.89906E+00 
1.28388E-01 1.89164E-01 2.16808E-01 3.15223E-01 3.37549E-01 5.51733E-01 6.75815E-01 2.16808E-01 1.89164E-01 1.28388E-01 3.86241E+00 
1.47250E-03 2.03894E-02 3.41846E-02 1.64724E-01 1.86109E-01 3.53674E-01 4.22812E-01 3.41846E-02 2.03894E-02 1.47250E-03 1.84650E+00 
1.47250E-03 2.03894E-02 4.05824E-02 1.70047E-01 1.91555E-01 3.62326E-01 4.33988E-01 4.05824E-02 2.03894E-02 1.47250E-03 1.99557E+00 
1.47250E-03 3.19353E-03 4.70542E-02 1.75419E-01 1.97046E-01 3.70964E-01 4.45157E-01 4.70542E-02 3.19353E-03 1.47250E-03 2.13508E+00 
1.47250E-03 1.06557E-02 5.36005E-02 1.80837E-01 2.02579E-01 3.79587E-01 4.56320E-01 5.36005E-02 1.06557E-02 1.47250E-03 2.26264E+00 
1.47250E-03 1.81891E-02 6.02128E-02 1.86282E-01 2.08136E-01 3.88216E-01 4.67529E-01 6.02128E-02 1.81891E-02 1.47250E-03 2.38733E+00 
1.47250E-03 2.57760E-02 6.68749E-02 1.91737E-01 2.13700E-01 3.96827E-01 4.78756E-01 6.68749E-02 2.57760E-02 1.47250E-03 2.50843E+00 
1.47250E-03 3.33983E-02 7.35699E-02 1.97186E-01 2.19255E-01 4.05397E-01 4.89975E-01 7.35699E-02 3.33983E-02 1.47250E-03 2.62522E+00 
1.47250E-03 3.93083E-02 7.87614E-02 2.01387E-01 2.23535E-01 4.11982E-01 4.98631E-01 7.87614E-02 3.93083E-02 1.47250E-03 2.71221E+00 
1.47250E-03 4.10368E-02 8.02798E-02 2.02612E-01 2.24782E-01 4.13899E-01 5.01155E-01 8.02798E-02 4.10368E-02 1.47250E-03 2.73703E+00 
1.47250E-03 4.92679E-02 8.75094E-02 2.08415E-01 2.30689E-01 4.22960E-01 5.13132E-01 8.75094E-02 4.92679E-02 1.47250E-03 2.85125E+00 
1.47250E-03 5.74679E-02 9.47095E-02 2.14145E-01 2.36517E-01 4.31879E-01 5.24991E-01 9.47095E-02 5.74679E-02 1.47250E-03 2.95814E+00 
1.47250E-03 6.56099E-02 1.01854E-01 2.19778E-01 2.42242E-01 4.40622E-01 5.36691E-01 1.01854E-01 6.56099E-02 1.47250E-03 3.05701E+00 
1.47250E-03 7.36656E-02 1.08917E-01 2.25288E-01 2.47836E-01 4.49153E-01 5.48192E-01 1.08917E-01 7.36656E-02 1.47250E-03 3.14724E+00 
8.16265E-03 8.16325E-02 1.15906E-01 2.30702E-01 2.53325E-01 4.57449E-01 5.59427E-01 1.15906E-01 8.16325E-02 8.16265E-03 3.21134E+00 
1.78738E-02 8.94626E-02 1.22761E-01 2.35935E-01 2.58626E-01 4.65472E-01 5.70401E-01 1.22761E-01 8.94626E-02 1.78738E-02 3.26340E+00 
2.74066E-02 9.71167E-02 1.29440E-01 2.40947E-01 2.63696E-01 4.73176E-01 5.81072E-01 1.29440E-01 9.71167E-02 2.74066E-02 3.30656E+00 
3.67240E-02 1.04561E-01 1.35913E-01 2.45706E-01 2.68505E-01 4.80521E-01 5.91390E-01 1.35913E-01 1.04561E-01 3.67240E-02 3.34047E+00 
4.57902E-02 1.11763E-01 1.42148E-01 2.50183E-01 2.73023E-01 4.87466E-01 6.01308E-01 1.42148E-01 1.11763E-01 4.57902E-02 3.36487E+00 
5.45706E-02 1.18689E-01 1.48114E-01 2.54351E-01 2.77221E-01 4.93971E-01 6.10778E-01 1.48114E-01 1.18689E-01 5.45706E-02 3.37962E+00 
6.30324E-02 1.25312E-01 1.53783E-01 2.58184E-01 2.81072E-01 5.00001E-01 6.19754E-01 1.53783E-01 1.25312E-01 6.30324E-02 3.38469E+00 
7.11449E-02 1.31601E-01 1.59129E-01 2.61656E-01 2.84552E-01 5.05521E-01 6.28196E-01 1.59129E-01 1.31601E-01 7.11449E-02 3.38018E+00 
7.88800E-02 1.37532E-01 1.64126E-01 2.64748E-01 2.87639E-01 5.10500E-01 6.36062E-01 1.64126E-01 1.37532E-01 7.88800E-02 3.36626E+00 
8.62123E-02 1.43080E-01 1.68754E-01 2.67438E-01 2.90312E-01 5.14911E-01 6.43317E-01 1.68754E-01 1.43080E-01 8.62123E-02 3.34322E+00 
9.31196E-02 1.48227E-01 1.72992E-01 2.69712E-01 2.92556E-01 5.18729E-01 6.49929E-01 1.72992E-01 1.48227E-01 9.31196E-02 3.31145E+00 
9.95828E-02 1.52954E-01 1.76825E-01 2.71557E-01 2.94356E-01 5.21934E-01 6.55868E-01 1.76825E-01 1.52954E-01 9.95828E-02 3.27138E+00 
1.05586E-01 1.57248E-01 1.80240E-01 2.72962E-01 2.95703E-01 5.24510E-01 6.61110E-01 1.80240E-01 1.57248E-01 1.05586E-01 3.22357E+00 
1.25258E-03 1.78741E-02 2.94920E-02 1.58780E-01 1.80995E-01 3.71839E-01 4.51551E-01 2.94920E-02 1.78741E-02 1.25258E-03 1.83835E+00 
1.25258E-03 1.78741E-02 3.51024E-02 1.63050E-01 1.85397E-01 3.79302E-01 4.61778E-01 3.51024E-02 1.78741E-02 1.25258E-03 1.95897E+00 
1.25258E-03 2.81474E-03 4.07534E-02 1.67340E-01 1.89811E-01 3.86701E-01 4.71940E-01 4.07534E-02 2.81474E-03 1.25258E-03 2.07023E+00 
1.25258E-03 9.36988E-03 4.64450E-02 1.71646E-01 1.94236E-01 3.94035E-01 4.82034E-01 4.64450E-02 9.36988E-03 1.25258E-03 2.17010E+00 
1.25258E-03 1.59563E-02 5.21649E-02 1.75941E-01 1.98646E-01 4.01316E-01 4.92110E-01 5.21649E-02 1.59563E-02 1.25258E-03 2.26669E+00 
1.25258E-03 2.25575E-02 5.78980E-02 1.80211E-01 2.03026E-01 4.08521E-01 5.02140E-01 5.78980E-02 2.25575E-02 1.25258E-03 2.35941E+00 
1.25258E-03 2.91569E-02 6.36289E-02 1.84442E-01 2.07361E-01 4.15628E-01 5.12096E-01 6.36289E-02 2.91569E-02 1.25258E-03 2.44770E+00 
1.25258E-03 3.42508E-02 6.80512E-02 1.87679E-01 2.10675E-01 4.21045E-01 5.19731E-01 6.80512E-02 3.42508E-02 1.25258E-03 2.51262E+00 
1.25258E-03 3.57369E-02 6.93411E-02 1.88619E-01 2.11636E-01 4.22613E-01 5.21949E-01 6.93411E-02 3.57369E-02 1.25258E-03 2.53101E+00 
1.25258E-03 4.27891E-02 7.54599E-02 1.93042E-01 2.16158E-01 4.29980E-01 5.32426E-01 7.54599E-02 4.27891E-02 1.25258E-03 2.61469E+00 
1.25258E-03 4.97743E-02 8.15154E-02 1.97364E-01 2.20570E-01 4.37147E-01 5.42713E-01 8.15154E-02 4.97743E-02 1.25258E-03 2.69141E+00 
1.25258E-03 5.66687E-02 8.74852E-02 2.01563E-01 2.24851E-01 4.44083E-01 5.52773E-01 8.74852E-02 5.66687E-02 1.25258E-03 2.76067E+00 
1.25258E-03 6.34480E-02 9.33462E-02 2.05619E-01 2.28978E-01 4.50758E-01 5.62570E-01 9.33462E-02 6.34480E-02 1.25258E-03 2.82202E+00 
6.93077E-03 7.01116E-02 9.91084E-02 2.09561E-01 2.32980E-01 4.57157E-01 5.72041E-01 9.91084E-02 7.01116E-02 6.93077E-03 2.86055E+00 
1.51346E-02 7.66164E-02 1.04716E-01 2.13309E-01 2.36778E-01 4.63238E-01 5.81191E-01 1.04716E-01 7.66164E-02 1.51346E-02 2.88849E+00 
2.31416E-02 8.29293E-02 1.10136E-01 2.16828E-01 2.40335E-01 4.68963E-01 5.89981E-01 1.10136E-01 8.29293E-02 2.31416E-02 2.90866E+00 
3.09208E-02 8.90221E-02 1.15341E-01 2.20093E-01 2.43627E-01 4.74295E-01 5.98368E-01 1.15341E-01 8.90221E-02 3.09208E-02 2.92084E+00 
3.84428E-02 9.48682E-02 1.20306E-01 2.23082E-01 2.46630E-01 4.79201E-01 6.06308E-01 1.20306E-01 9.48682E-02 3.84428E-02 2.92495E+00 
4.56799E-02 1.00442E-01 1.25008E-01 2.25775E-01 2.49324E-01 4.83650E-01 6.13761E-01 1.25008E-01 1.00442E-01 4.56799E-02 2.92095E+00 
5.26060E-02 1.05721E-01 1.29423E-01 2.28152E-01 2.51689E-01 4.87613E-01 6.20689E-01 1.29423E-01 1.05721E-01 5.26060E-02 2.90895E+00 
5.91977E-02 1.10682E-01 1.33533E-01 2.30197E-01 2.53707E-01 4.91065E-01 6.27057E-01 1.33533E-01 1.10682E-01 5.91977E-02 2.88911E+00 
6.54337E-02 1.15307E-01 1.37319E-01 2.31895E-01 2.55363E-01 4.93981E-01 6.32831E-01 1.37319E-01 1.15307E-01 6.54337E-02 2.86169E+00 
7.12957E-02 1.19580E-01 1.40765E-01 2.33234E-01 2.56645E-01 4.96344E-01 6.37984E-01 1.40765E-01 1.19580E-01 7.12957E-02 2.82704E+00 
7.67682E-02 1.23486E-01 1.43860E-01 2.34205E-01 2.57543E-01 4.98137E-01 6.42490E-01 1.43860E-01 1.23486E-01 7.67682E-02 2.78557E+00 
8.18388E-02 1.27014E-01 1.46593E-01 2.34801E-01 2.58050E-01 4.99347E-01 6.46329E-01 1.46593E-01 1.27014E-01 8.18388E-02 2.73774E+00 
8.64979E-02 1.30158E-01 1.48957E-01 2.35018E-01 2.58162E-01 4.99967E-01 6.49483E-01 1.48957E-01 1.30158E-01 8.64979E-02 2.68407E+00 
1.06149E-03 1.55628E-02 2.50154E-02 1.51337E-01 1.74640E-01 3.89560E-01 4.81351E-01 2.50154E-02 1.55628E-02 1.06149E-03 1.78665E+00 
1.06149E-03 1.55628E-02 2.98972E-02 1.54626E-01 1.78059E-01 3.95779E-01 4.90555E-01 2.98972E-02 1.55628E-02 1.06149E-03 1.88266E+00 
1.06149E-03 2.46210E-03 3.47973E-02 1.57917E-01 1.81473E-01 4.01898E-01 4.99645E-01 3.47973E-02 2.46210E-03 1.06149E-03 1.96985E+00 
1.06149E-03 8.17976E-03 3.97152E-02 1.61209E-01 1.84879E-01 4.07914E-01 5.08619E-01 3.97152E-02 8.17976E-03 1.06149E-03 2.04650E+00 
1.06149E-03 1.39013E-02 4.46360E-02 1.64467E-01 1.88244E-01 4.13830E-01 5.17518E-01 4.46360E-02 1.39013E-02 1.06149E-03 2.11979E+00 
1.06149E-03 1.96116E-02 4.95459E-02 1.67680E-01 1.91557E-01 4.19626E-01 5.26316E-01 4.95459E-02 1.96116E-02 1.06149E-03 2.18924E+00 
1.06149E-03 2.52953E-02 5.44308E-02 1.70834E-01 1.94804E-01 4.25279E-01 5.34986E-01 5.44308E-02 2.52953E-02 1.06149E-03 2.25441E+00 
1.06149E-03 2.96648E-02 5.81840E-02 1.73227E-01 1.97263E-01 4.29543E-01 5.41588E-01 5.81840E-02 2.96648E-02 1.06149E-03 2.30161E+00 
1.06149E-03 3.09365E-02 5.92759E-02 1.73917E-01 1.97972E-01 4.30769E-01 5.43499E-01 5.92759E-02 3.09365E-02 1.06149E-03 2.31485E+00 
1.06149E-03 3.69528E-02 6.44380E-02 1.77147E-01 2.01282E-01 4.36481E-01 5.52472E-01 6.44380E-02 3.69528E-02 1.06149E-03 2.37429E+00 
1.06149E-03 4.28801E-02 6.95168E-02 1.80261E-01 2.04466E-01 4.41949E-01 5.61197E-01 6.95168E-02 4.28801E-02 1.06149E-03 2.42734E+00 
1.06149E-03 4.86976E-02 7.44928E-02 1.83243E-01 2.07505E-01 4.47149E-01 5.69638E-01 7.44928E-02 4.86976E-02 1.06149E-03 2.47363E+00 
1.06149E-03 5.43842E-02 7.93461E-02 1.86076E-01 2.10383E-01 4.52053E-01 5.77763E-01 7.93461E-02 5.43842E-02 1.06149E-03 2.51286E+00 
5.86324E-03 5.99404E-02 8.40868E-02 1.88792E-01 2.13130E-01 4.56656E-01 5.85517E-01 8.40868E-02 5.99404E-02 5.86324E-03 2.53231E+00 
1.27702E-02 6.53284E-02 8.86658E-02 1.91315E-01 2.15671E-01 4.60912E-01 5.92900E-01 8.86658E-02 6.53284E-02 1.27702E-02 2.54258E+00 
1.94742E-02 7.05200E-02 9.30542E-02 1.93615E-01 2.17974E-01 4.64786E-01 5.99877E-01 9.30542E-02 7.05200E-02 1.94742E-02 2.54614E+00 
2.59498E-02 7.54921E-02 9.72304E-02 1.95673E-01 2.20020E-01 4.68249E-01 6.06408E-01 9.72304E-02 7.54921E-02 2.59498E-02 2.54291E+00 
3.21730E-02 8.02232E-02 1.01174E-01 1.97472E-01 2.21793E-01 4.71273E-01 6.12457E-01 1.01174E-01 8.02232E-02 3.21730E-02 2.53287E+00 
3.81215E-02 8.46932E-02 1.04867E-01 1.98998E-01 2.23275E-01 4.73834E-01 6.17989E-01 1.04867E-01 8.46932E-02 3.81215E-02 2.51611E+00 
4.37751E-02 8.88840E-02 1.08292E-01 2.00237E-01 2.24455E-01 4.75910E-01 6.22971E-01 1.08292E-01 8.88840E-02 4.37751E-02 2.49277E+00 
4.91158E-02 9.27794E-02 1.11434E-01 2.01178E-01 2.25319E-01 4.77483E-01 6.27375E-01 1.11434E-01 9.27794E-02 4.91158E-02 2.46309E+00 
5.41282E-02 9.63659E-02 1.14280E-01 2.01812E-01 2.25859E-01 4.78537E-01 6.31173E-01 1.14280E-01 9.63659E-02 5.41282E-02 2.42736E+00 
5.87993E-02 9.96320E-02 1.16821E-01 2.02132E-01 2.26068E-01 4.79060E-01 6.34346E-01 1.16821E-01 9.96320E-02 5.87993E-02 2.38596E+00 
6.31190E-02 1.02569E-01 1.19048E-01 2.02135E-01 2.25941E-01 4.79042E-01 6.36874E-01 1.19048E-01 1.02569E-01 6.31190E-02 2.33929E+00 
6.70797E-02 1.05171E-01 1.20955E-01 2.01818E-01 2.25477E-01 4.78478E-01 6.38742E-01 1.20955E-01 1.05171E-01 6.70797E-02 2.28783E+00 
7.06768E-02 1.07434E-01 1.22541E-01 2.01182E-01 2.24675E-01 4.77368E-01 6.39941E-01 1.22541E-01 1.07434E-01 7.06768E-02 2.23206E+00 
8.97599E-04 1.34927E-02 2.08121E-02 1.42349E-01 1.67022E-01 4.06252E-01 5.11666E-01 2.08121E-02 1.34927E-02 8.97599E-04 1.69847E+00 
8.97599E-04 1.34927E-02 2.50431E-02 1.44769E-01 1.69557E-01 4.11200E-01 5.19789E-01 2.50431E-02 1.34927E-02 8.97599E-04 1.77432E+00 
8.97599E-04 2.14306E-03 2.92781E-02 1.47184E-01 1.72078E-01 4.16023E-01 5.27757E-01 2.92781E-02 2.14306E-03 8.97599E-04 1.84207E+00 
8.97599E-04 7.10784E-03 3.35162E-02 1.49593E-01 1.74580E-01 4.20714E-01 5.35567E-01 3.35162E-02 7.10784E-03 8.97599E-04 1.90026E+00 
8.97599E-04 1.20585E-02 3.77410E-02 1.51957E-01 1.77029E-01 4.25270E-01 5.43254E-01 3.77410E-02 1.20585E-02 8.97599E-04 1.95520E+00 
8.97599E-04 1.69810E-02 4.19397E-02 1.54265E-01 1.79413E-01 4.29670E-01 5.50792E-01 4.19397E-02 1.69810E-02 8.97599E-04 2.00650E+00 
8.97599E-04 2.18614E-02 4.60993E-02 1.56508E-01 1.81720E-01 4.33895E-01 5.58153E-01 4.60993E-02 2.18614E-02 8.97599E-04 2.05377E+00 
8.97599E-04 2.55994E-02 4.92826E-02 1.58191E-01 1.83446E-01 4.37031E-01 5.63712E-01 4.92826E-02 2.55994E-02 8.97599E-04 2.08736E+00 
8.97599E-04 2.66850E-02 5.02066E-02 1.58673E-01 1.83939E-01 4.37925E-01 5.65312E-01 5.02066E-02 2.66850E-02 8.97599E-04 2.09667E+00 
8.97599E-04 3.18059E-02 5.45608E-02 1.60909E-01 1.86220E-01 4.42030E-01 5.72774E-01 5.45608E-02 3.18059E-02 8.97599E-04 2.13767E+00 
8.97599E-04 3.68254E-02 5.88210E-02 1.63027E-01 1.88368E-01 4.45862E-01 5.79938E-01 5.88210E-02 3.68254E-02 8.97599E-04 2.17290E+00 
8.97599E-04 4.17254E-02 6.29701E-02 1.65014E-01 1.90371E-01 4.49398E-01 5.86771E-01 6.29701E-02 4.17254E-02 8.97599E-04 2.20208E+00 
8.97599E-04 4.64876E-02 6.69910E-02 1.66856E-01 1.92213E-01 4.52616E-01 5.93242E-01 6.69910E-02 4.64876E-02 8.97599E-04 2.22498E+00 
4.94971E-03 5.11129E-02 7.08931E-02 1.68587E-01 1.93928E-01 4.55520E-01 5.99306E-01 7.08931E-02 5.11129E-02 4.94971E-03 2.23081E+00 
1.07535E-02 5.55686E-02 7.46333E-02 1.70135E-01 1.95444E-01 4.58060E-01 6.04957E-01 7.46333E-02 5.55686E-02 1.07535E-02 2.22869E+00 
1.63565E-02 5.98307E-02 7.81874E-02 1.71475E-01 1.96733E-01 4.60203E-01 6.10163E-01 7.81874E-02 5.98307E-02 1.63565E-02 2.22081E+00 
2.17376E-02 6.38804E-02 8.15377E-02 1.72591E-01 1.97782E-01 4.61926E-01 6.14890E-01 8.15377E-02 6.38804E-02 2.17376E-02 2.20714E+00 
2.68774E-02 6.77002E-02 8.46682E-02 1.73472E-01 1.98577E-01 4.63207E-01 6.19104E-01 8.46682E-02 6.77002E-02 2.68774E-02 2.18774E+00 
3.17582E-02 7.12746E-02 8.75642E-02 1.74108E-01 1.99108E-01 4.64029E-01 6.22776E-01 8.75642E-02 7.12746E-02 3.17582E-02 2.16276E+00 
3.63643E-02 7.45897E-02 9.02130E-02 1.74490E-01 1.99366E-01 4.64376E-01 6.25879E-01 9.02130E-02 7.45897E-02 3.63643E-02 2.13238E+00 
4.06825E-02 7.76338E-02 9.26039E-02 1.74610E-01 1.99344E-01 4.64235E-01 6.28391E-01 9.26039E-02 7.76338E-02 4.06825E-02 2.09689E+00 
4.47016E-02 8.03974E-02 9.47283E-02 1.74465E-01 1.99037E-01 4.63598E-01 6.30292E-01 9.47283E-02 8.03974E-02 4.47016E-02 2.05659E+00 
4.84131E-02 8.28732E-02 9.65798E-02 1.74051E-01 1.98441E-01 4.62459E-01 6.31566E-01 9.65798E-02 8.28732E-02 4.84131E-02 2.01186E+00 
5.18109E-02 8.50565E-02 9.81540E-02 1.73368E-01 1.97558E-01 4.60814E-01 6.32200E-01 9.81540E-02 8.50565E-02 5.18109E-02 1.96312E+00 
5.48912E-02 8.69448E-02 9.94492E-02 1.72419E-01 1.96388E-01 4.58664E-01 6.32187E-01 9.94492E-02 8.69448E-02 5.48912E-02 1.91082E+00 
5.76531E-02 8.85379E-02 1.00466E-01 1.71205E-01 1.94935E-01 4.56014E-01 6.31522E-01 1.00466E-01 8.85379E-02 5.76531E-02 1.85542E+00 
7.58554E-04 1.16821E-02 1.69379E-02 1.31955E-01 1.58250E-01 4.21393E-01 5.41988E-01 1.69379E-02 1.16821E-02 7.58554E-04 1.58416E+00 
7.58554E-04 1.16821E-02 2.06069E-02 1.33647E-01 1.60023E-01 4.25069E-01 5.48981E-01 2.06069E-02 1.16821E-02 7.58554E-04 1.64444E+00 
7.58554E-04 1.86206E-03 2.42708E-02 1.35336E-01 1.61778E-01 4.28600E-01 5.55786E-01 2.42708E-02 1.86206E-03 7.58554E-04 1.69738E+00 
7.58554E-04 6.16661E-03 2.79281E-02 1.37015E-01 1.63513E-01 4.31981E-01 5.62395E-01 2.79281E-02 6.16661E-03 7.58554E-04 1.74170E+00 
7.58554E-04 1.04453E-02 3.15617E-02 1.38646E-01 1.65186E-01 4.35197E-01 5.68836E-01 3.15617E-02 1.04453E-02 7.58554E-04 1.78293E+00 
7.58554E-04 1.46849E-02 3.51597E-02 1.40219E-01 1.66790E-01 4.38229E-01 5.75084E-01 3.51597E-02 1.46849E-02 7.58554E-04 1.82073E+00 
7.58554E-04 1.88726E-02 3.87102E-02 1.41725E-01 1.68313E-01 4.41062E-01 5.81114E-01 3.87102E-02 1.88726E-02 7.58554E-04 1.85478E+00 
7.58554E-04 2.20689E-02 4.14171E-02 1.42839E-01 1.69430E-01 4.43104E-01 5.85613E-01 4.14171E-02 2.20689E-02 7.58554E-04 1.87837E+00 
7.58554E-04 2.29952E-02 4.22010E-02 1.43155E-01 1.69745E-01 4.43676E-01 5.86899E-01 4.22010E-02 2.29952E-02 7.58554E-04 1.88479E+00 
7.58554E-04 2.73522E-02 4.58837E-02 1.44599E-01 1.71177E-01 4.46231E-01 5.92835E-01 4.58837E-02 2.73522E-02 7.58554E-04 1.91235E+00 
7.58554E-04 3.16016E-02 4.94673E-02 1.45931E-01 1.72480E-01 4.48492E-01 5.98428E-01 4.94673E-02 3.16016E-02 7.58554E-04 1.93465E+00 
7.58554E-04 3.57276E-02 5.29367E-02 1.47139E-01 1.73640E-01 4.50439E-01 6.03647E-01 5.29367E-02 3.57276E-02 7.58554E-04 1.95150E+00 
7.58554E-04 3.97141E-02 5.62771E-02 1.48211E-01 1.74648E-01 4.52054E-01 6.08466E-01 5.62771E-02 3.97141E-02 7.58554E-04 1.96275E+00 
4.17607E-03 4.35624E-02 5.94968E-02 1.49183E-01 1.75536E-01 4.53355E-01 6.12850E-01 5.94968E-02 4.35624E-02 4.17607E-03 1.95922E+00 
9.05006E-03 4.72440E-02 6.25587E-02 1.49987E-01 1.76237E-01 4.54280E-01 6.16785E-01 6.25587E-02 4.72440E-02 9.05006E-03 1.94877E+00 
1.37301E-02 5.07390E-02 6.54422E-02 1.50600E-01 1.76728E-01 4.54803E-01 6.20241E-01 6.54422E-02 5.07390E-02 1.37301E-02 1.93331E+00 
1.81987E-02 5.40319E-02 6.81332E-02 1.51012E-01 1.76998E-01 4.54904E-01 6.23186E-01 6.81332E-02 5.40319E-02 1.81987E-02 1.91289E+00 
2.24402E-02 5.71089E-02 7.06188E-02 1.51215E-01 1.77038E-01 4.54569E-01 6.25595E-01 7.06188E-02 5.71089E-02 2.24402E-02 1.88761E+00 
2.64408E-02 5.99579E-02 7.28880E-02 1.51202E-01 1.76842E-01 4.53786E-01 6.27442E-01 7.28880E-02 5.99579E-02 2.64408E-02 1.85765E+00 
3.01886E-02 6.25688E-02 7.49312E-02 1.50968E-01 1.76403E-01 4.52544E-01 6.28706E-01 7.49312E-02 6.25688E-02 3.01886E-02 1.82326E+00 
3.36741E-02 6.49332E-02 7.67411E-02 1.50508E-01 1.75719E-01 4.50837E-01 6.29371E-01 7.67411E-02 6.49332E-02 3.36741E-02 1.78472E+00 
3.68896E-02 6.70451E-02 7.83124E-02 1.49822E-01 1.74788E-01 4.48661E-01 6.29422E-01 7.83124E-02 6.70451E-02 3.68896E-02 1.74237E+00 
3.98301E-02 6.89005E-02 7.96416E-02 1.48910E-01 1.73610E-01 4.46017E-01 6.28849E-01 7.96416E-02 6.89005E-02 3.98301E-02 1.69660E+00 
4.24926E-02 7.04977E-02 8.07274E-02 1.47773E-01 1.72189E-01 4.42907E-01 6.27647E-01 8.07274E-02 7.04977E-02 4.24926E-02 1.64780E+00 
4.48765E-02 7.18368E-02 8.15705E-02 1.46417E-01 1.70528E-01 4.39337E-01 6.25813E-01 8.15705E-02 7.18368E-02 4.48765E-02 1.59641E+00 
4.69832E-02 7.29204E-02 8.21736E-02 1.44846E-01 1.68635E-01 4.35315E-01 6.23348E-01 8.21736E-02 7.29204E-02 4.69832E-02 1.54286E+00 
6.41488E-04 1.01290E-02 1.34411E-02 1.20460E-01 1.48539E-01 4.34548E-01 5.71856E-01 1.34411E-02 1.01290E-02 6.41488E-04 1.45585E+00 
6.41488E-04 1.01290E-02 1.66395E-02 1.21583E-01 1.49684E-01 4.36968E-01 5.77674E-01 1.66395E-02 1.01290E-02 6.41488E-04 1.50479E+00 
6.41488E-04 1.62016E-03 1.98260E-02 1.22704E-01 1.50812E-01 4.39229E-01 5.83273E-01 1.98260E-02 1.62016E-03 6.41488E-04 1.54703E+00 
6.41488E-04 5.35765E-03 2.29985E-02 1.23816E-01 1.51918E-01 4.41326E-01 5.88642E-01 2.29985E-02 5.35765E-03 6.41488E-04 1.58148E+00 
6.41488E-04 9.06088E-03 2.61402E-02 1.24881E-01 1.52961E-01 4.43235E-01 5.93801E-01 2.61402E-02 9.06088E-03 6.41488E-04 1.61296E+00 
6.41488E-04 1.27176E-02 2.92397E-02 1.25888E-01 1.53932E-01 4.44939E-01 5.98727E-01 2.92397E-02 1.27176E-02 6.41488E-04 1.64116E+00 
6.41488E-04 1.63160E-02 3.22860E-02 1.26831E-01 1.54823E-01 4.46423E-01 6.03393E-01 3.22860E-02 1.63160E-02 6.41488E-04 1.66580E+00 
6.41488E-04 1.90525E-02 3.45995E-02 1.27511E-01 1.55452E-01 4.47411E-01 6.06810E-01 3.45995E-02 1.90525E-02 6.41488E-04 1.68228E+00 
6.41488E-04 1.98438E-02 3.52680E-02 1.27701E-01 1.55625E-01 4.47672E-01 6.07776E-01 3.52680E-02 1.98438E-02 6.41488E-04 1.68666E+00 
6.41488E-04 2.35550E-02 3.83982E-02 1.28547E-01 1.56380E-01 4.48738E-01 6.12159E-01 3.83982E-02 2.35550E-02 6.41488E-04 1.70466E+00 
6.41488E-04 2.71558E-02 4.14270E-02 1.29289E-01 1.57010E-01 4.49496E-01 6.16157E-01 4.14270E-02 2.71558E-02 6.41488E-04 1.71780E+00 
6.41488E-04 3.06321E-02 4.43409E-02 1.29916E-01 1.57506E-01 4.49930E-01 6.19745E-01 4.43409E-02 3.06321E-02 6.41488E-04 1.72595E+00 
6.41488E-04 3.39702E-02 4.71273E-02 1.30419E-01 1.57859E-01 4.50026E-01 6.22898E-01 4.71273E-02 3.39702E-02 6.41488E-04 1.72900E+00 
3.52559E-03 3.71713E-02 4.97934E-02 1.30833E-01 1.58103E-01 4.49812E-01 6.25595E-01 4.97934E-02 3.71713E-02 3.52559E-03 1.71918E+00 
7.62075E-03 4.02112E-02 5.23074E-02 1.31094E-01 1.58174E-01 4.49221E-01 6.27811E-01 5.23074E-02 4.02112E-02 7.62075E-03 1.70325E+00 
1.15309E-02 4.30732E-02 5.46524E-02 1.31185E-01 1.58053E-01 4.48228E-01 6.29517E-01 5.46524E-02 4.30732E-02 1.15309E-02 1.68291E+00 
1.52417E-02 4.57449E-02 5.68167E-02 1.31097E-01 1.57731E-01 4.46820E-01 6.30688E-01 5.68167E-02 4.57449E-02 1.52417E-02 1.65824E+00 
1.87408E-02 4.82155E-02 5.87904E-02 1.30825E-01 1.57204E-01 4.44987E-01 6.31301E-01 5.87904E-02 4.82155E-02 1.87408E-02 1.62940E+00 
2.20177E-02 5.04759E-02 6.05653E-02 1.30364E-01 1.56467E-01 4.42722E-01 6.31339E-01 6.05653E-02 5.04759E-02 2.20177E-02 1.59663E+00 
2.50636E-02 5.25190E-02 6.21349E-02 1.29713E-01 1.55519E-01 4.40021E-01 6.30785E-01 6.21349E-02 5.25190E-02 2.50636E-02 1.56018E+00 
2.78719E-02 5.43395E-02 6.34945E-02 1.28870E-01 1.54358E-01 4.36883E-01 6.29628E-01 6.34945E-02 5.43395E-02 2.78719E-02 1.52037E+00 
3.04381E-02 5.59340E-02 6.46412E-02 1.27836E-01 1.52985E-01 4.33310E-01 6.27860E-01 6.46412E-02 5.59340E-02 3.04381E-02 1.47755E+00 
3.27599E-02 5.73013E-02 6.55742E-02 1.26614E-01 1.51405E-01 4.29307E-01 6.25477E-01 6.55742E-02 5.73013E-02 3.27599E-02 1.43211E+00 
3.48368E-02 5.84419E-02 6.62943E-02 1.25207E-01 1.49621E-01 4.24881E-01 6.22479E-01 6.62943E-02 5.84419E-02 3.48368E-02 1.38444E+00 
3.66703E-02 5.93582E-02 6.68044E-02 1.23621E-01 1.47640E-01 4.20044E-01 6.18870E-01 6.68044E-02 5.93582E-02 3.66703E-02 1.33497E+00 
3.82640E-02 6.00546E-02 6.71087E-02 1.21863E-01 1.45471E-01 4.14808E-01 6.14656E-01 6.71087E-02 6.00546E-02 3.82640E-02 1.28410E+00 
5.43297E-04 8.81467E-03 1.03583E-02 1.08298E-01 1.38184E-01 4.45371E-01 6.00840E-01 1.03583E-02 8.81467E-03 5.43297E-04 1.32560E+00 
5.43297E-04 8.81467E-03 1.31716E-02 1.09008E-01 1.38836E-01 4.46562E-01 6.05435E-01 1.31716E-02 8.81467E-03 5.43297E-04 1.36667E+00 
5.43297E-04 1.41536E-03 1.59666E-02 1.09716E-01 1.39471E-01 4.47587E-01 6.09779E-01 1.59666E-02 1.41536E-03 5.43297E-04 1.40152E+00 
5.43297E-04 4.67284E-03 1.87410E-02 1.10418E-01 1.40083E-01 4.48437E-01 6.13863E-01 1.87410E-02 4.67284E-03 5.43297E-04 1.42920E+00 
5.43297E-04 7.88922E-03 2.14784E-02 1.11072E-01 1.40631E-01 4.49079E-01 6.17697E-01 2.14784E-02 7.88922E-03 5.43297E-04 1.45393E+00 
5.43297E-04 1.10531E-02 2.41681E-02 1.11672E-01 1.41108E-01 4.49500E-01 6.21257E-01 2.41681E-02 1.10531E-02 5.43297E-04 1.47542E+00 
5.43297E-04 1.41536E-02 2.68001E-02 1.12210E-01 1.41506E-01 4.49686E-01 6.24519E-01 2.68001E-02 1.41536E-02 5.43297E-04 1.49345E+00 
5.43297E-04 1.65021E-02 2.87905E-02 1.12580E-01 1.41755E-01 4.49660E-01 6.26826E-01 2.87905E-02 1.65021E-02 5.43297E-04 1.50490E+00 
5.43297E-04 1.71796E-02 2.93641E-02 1.12680E-01 1.41817E-01 4.49623E-01 6.27462E-01 2.93641E-02 1.71796E-02 5.43297E-04 1.50782E+00 
5.43297E-04 2.03468E-02 3.20409E-02 1.13100E-01 1.42048E-01 4.49265E-01 6.30253E-01 3.20409E-02 2.03468E-02 5.43297E-04 1.51902E+00 
5.43297E-04 2.34021E-02 3.46148E-02 1.13424E-01 1.42160E-01 4.48591E-01 6.32623E-01 3.46148E-02 2.34021E-02 5.43297E-04 1.52562E+00 
5.43297E-04 2.63334E-02 3.70742E-02 1.13642E-01 1.42147E-01 4.47589E-01 6.34548E-01 3.70742E-02 2.63334E-02 5.43297E-04 1.52753E+00 
5.43297E-04 2.91289E-02 3.94082E-02 1.13748E-01 1.42000E-01 4.46248E-01 6.36008E-01 3.94082E-02 2.91289E-02 5.43297E-04 1.52472E+00 
2.98053E-03 3.17904E-02 4.16235E-02 1.13775E-01 1.41756E-01 4.44611E-01 6.36998E-01 4.16235E-02 3.17904E-02 2.98053E-03 1.51059E+00 
6.42495E-03 3.42970E-02 4.36931E-02 1.13664E-01 1.41353E-01 4.42600E-01 6.37479E-01 4.36931E-02 3.42970E-02 6.42495E-03 1.49099E+00 
9.69400E-03 3.66351E-02 4.56029E-02 1.13400E-01 1.40774E-01 4.40194E-01 6.37426E-01 4.56029E-02 3.66351E-02 9.69400E-03 1.46744E+00 
1.27763E-02 3.87951E-02 4.73439E-02 1.12978E-01 1.40017E-01 4.37385E-01 6.36817E-01 4.73439E-02 3.87951E-02 1.27763E-02 1.44008E+00 
1.56623E-02 4.07688E-02 4.89087E-02 1.12395E-01 1.39077E-01 4.34169E-01 6.35637E-01 4.89087E-02 4.07688E-02 1.56623E-02 1.40912E+00 
1.83442E-02 4.25498E-02 5.02915E-02 1.11649E-01 1.37953E-01 4.30544E-01 6.33871E-01 5.02915E-02 4.25498E-02 1.83442E-02 1.37482E+00 
2.08160E-02 4.41335E-02 5.14883E-02 1.10740E-01 1.36646E-01 4.26511E-01 6.31511E-01 5.14883E-02 4.41335E-02 2.08160E-02 1.33748E+00 
2.30738E-02 4.55172E-02 5.24966E-02 1.09668E-01 1.35156E-01 4.22074E-01 6.28551E-01 5.24966E-02 4.55172E-02 2.30738E-02 1.29744E+00 
2.51155E-02 4.66998E-02 5.33159E-02 1.08436E-01 1.33488E-01 4.17240E-01 6.24989E-01 5.33159E-02 4.66998E-02 2.51155E-02 1.25507E+00 
2.69408E-02 4.76821E-02 5.39472E-02 1.07048E-01 1.31646E-01 4.12019E-01 6.20828E-01 5.39472E-02 4.76821E-02 2.69408E-02 1.21074E+00 
2.85514E-02 4.84668E-02 5.43932E-02 1.05509E-01 1.29637E-01 4.06424E-01 6.16073E-01 5.43932E-02 4.84668E-02 2.85514E-02 1.16485E+00 
2.99507E-02 4.90578E-02 5.46582E-02 1.03826E-01 1.27469E-01 4.00468E-01 6.10733E-01 5.46582E-02 4.90578E-02 2.99507E-02 1.11780E+00 
3.11435E-02 4.94608E-02 5.47479E-02 1.02007E-01 1.25151E-01 3.94168E-01 6.04822E-01 5.47479E-02 4.94608E-02 3.11435E-02 1.06998E+00 
4.60857E-04 7.70746E-03 7.70843E-03 9.59561E-02 1.27512E-01 4.53607E-01 6.28543E-01 7.70843E-03 7.70746E-03 4.60857E-04 1.20373E+00 
4.60857E-04 7.70746E-03 1.02101E-02 9.63932E-02 1.27792E-01 4.53605E-01 6.31855E-01 1.02101E-02 7.70746E-03 4.60857E-04 1.23939E+00 
4.60857E-04 1.24322E-03 1.26863E-02 9.68281E-02 1.28053E-01 4.53432E-01 6.34889E-01 1.26863E-02 1.24322E-03 4.60857E-04 1.26911E+00 
4.60857E-04 4.09662E-03 1.51349E-02 9.72563E-02 1.28292E-01 4.53077E-01 6.37634E-01 1.51349E-02 4.09662E-03 4.60857E-04 1.29210E+00 
4.60857E-04 6.90242E-03 1.75403E-02 9.76376E-02 1.28466E-01 4.52500E-01 6.40088E-01 1.75403E-02 6.90242E-03 4.60857E-04 1.31203E+00 
4.60857E-04 9.65018E-03 1.98927E-02 9.79657E-02 1.28568E-01 4.51686E-01 6.42230E-01 1.98927E-02 9.65018E-03 4.60857E-04 1.32867E+00 
4.60857E-04 1.23300E-02 2.21829E-02 9.82342E-02 1.28593E-01 4.50627E-01 6.44038E-01 2.21829E-02 1.23300E-02 4.60857E-04 1.34184E+00 
4.60857E-04 1.43506E-02 2.39064E-02 9.83971E-02 1.28555E-01 4.49633E-01 6.45195E-01 2.39064E-02 1.43506E-02 4.60857E-04 1.34953E+00 
4.60857E-04 1.49319E-02 2.44016E-02 9.84368E-02 1.28534E-01 4.49312E-01 6.45492E-01 2.44016E-02 1.49319E-02 4.60857E-04 1.35136E+00 
4.60857E-04 1.76395E-02 2.67036E-02 9.85747E-02 1.28369E-01 4.47597E-01 6.46643E-01 2.67036E-02 1.76395E-02 4.60857E-04 1.35743E+00 
4.60857E-04 2.02345E-02 2.89015E-02 9.86220E-02 1.28093E-01 4.45564E-01 6.47340E-01 2.89015E-02 2.02345E-02 4.60857E-04 1.35904E+00 
4.60857E-04 2.27066E-02 3.09857E-02 9.85722E-02 1.27699E-01 4.43205E-01 6.47563E-01 3.09857E-02 2.27066E-02 4.60857E-04 1.35619E+00 
4.60857E-04 2.50461E-02 3.29468E-02 9.84192E-02 1.27181E-01 4.40513E-01 6.47296E-01 3.29468E-02 2.50461E-02 4.60857E-04 1.34889E+00 
2.52329E-03 2.72551E-02 3.47914E-02 9.81938E-02 1.26576E-01 4.37544E-01 6.46552E-01 3.47914E-02 2.72551E-02 2.52329E-03 1.33155E+00 
5.42315E-03 2.93163E-02 3.64966E-02 9.78447E-02 1.25826E-01 4.34212E-01 6.45280E-01 3.64966E-02 2.93163E-02 5.42315E-03 1.30929E+00 
8.15746E-03 3.12187E-02 3.80512E-02 9.73588E-02 1.24918E-01 4.30497E-01 6.43452E-01 3.80512E-02 3.12187E-02 8.15746E-03 1.28346E+00 
1.07174E-02 3.29551E-02 3.94485E-02 9.67332E-02 1.23849E-01 4.26398E-01 6.41056E-01 3.94485E-02 3.29551E-02 1.07174E-02 1.25426E+00 
1.30960E-02 3.45197E-02 4.06834E-02 9.59665E-02 1.22620E-01 4.21915E-01 6.38079E-01 4.06834E-02 3.45197E-02 1.30960E-02 1.22197E+00 
1.52879E-02 3.59086E-02 4.17523E-02 9.50585E-02 1.21231E-01 4.17051E-01 6.34516E-01 4.17523E-02 3.59086E-02 1.52879E-02 1.18686E+00 
1.72895E-02 3.71194E-02 4.26532E-02 9.40103E-02 1.19684E-01 4.11813E-01 6.30364E-01 4.26532E-02 3.71194E-02 1.72895E-02 1.14928E+00 
1.90991E-02 3.81514E-02 4.33857E-02 9.28247E-02 1.17983E-01 4.06210E-01 6.25623E-01 4.33857E-02 3.81514E-02 1.90991E-02 1.10958E+00 
2.07165E-02 3.90057E-02 4.39510E-02 9.15053E-02 1.16132E-01 4.00254E-01 6.20297E-01 4.39510E-02 3.90057E-02 2.07165E-02 1.06813E+00 
2.21436E-02 3.96847E-02 4.43519E-02 9.00574E-02 1.14139E-01 3.93957E-01 6.14395E-01 4.43519E-02 3.96847E-02 2.21436E-02 1.02532E+00 
2.33833E-02 4.01925E-02 4.45925E-02 8.84872E-02 1.12011E-01 3.87337E-01 6.07928E-01 4.45925E-02 4.01925E-02 2.33833E-02 9.81535E-01 
2.44405E-02 4.05345E-02 4.46782E-02 8.68021E-02 1.09756E-01 3.80411E-01 6.00913E-01 4.46782E-02 4.05345E-02 2.44405E-02 9.37143E-01 
2.53210E-02 4.07173E-02 4.46155E-02 8.50101E-02 1.07385E-01 3.73200E-01 5.93366E-01 4.46155E-02 4.07173E-02 2.53210E-02 8.92502E-01 
3.91634E-04 6.77442E-03 5.50302E-03 8.39770E-02 1.16896E-01 4.59065E-01 6.54441E-01 5.50302E-03 6.77442E-03 3.91634E-04 1.09816E+00 
3.91634E-04 6.77442E-03 7.75181E-03 8.42576E-02 1.16907E-01 4.57914E-01 6.56408E-01 7.75181E-03 6.77442E-03 3.91634E-04 1.12981E+00 
3.91634E-04 1.09869E-03 9.96739E-03 8.45327E-02 1.16897E-01 4.56590E-01 6.58071E-01 9.96739E-03 1.09869E-03 3.91634E-04 1.15566E+00 
3.91634E-04 3.61196E-03 1.21478E-02 8.47979E-02 1.16862E-01 4.55082E-01 6.59419E-01 1.21478E-02 3.61196E-03 3.91634E-04 1.17501E+00 
3.91634E-04 6.07117E-03 1.42785E-02 8.50153E-02 1.16761E-01 4.53339E-01 6.60439E-01 1.42785E-02 6.07117E-03 3.91634E-04 1.19114E+00 
3.91634E-04 8.46694E-03 1.63508E-02 8.51793E-02 1.16588E-01 4.51351E-01 6.61110E-01 1.63508E-02 8.46694E-03 3.91634E-04 1.20385E+00 
3.91634E-04 1.07904E-02 1.83563E-02 8.52843E-02 1.16339E-01 4.49111E-01 6.61415E-01 1.83563E-02 1.07904E-02 3.91634E-04 1.21300E+00 
3.91634E-04 1.25332E-02 1.98571E-02 8.53218E-02 1.16090E-01 4.47200E-01 6.61388E-01 1.98571E-02 1.25332E-02 3.91634E-04 1.21757E+00 
3.91634E-04 1.30331E-02 2.02869E-02 8.53251E-02 1.16008E-01 4.46611E-01 6.61336E-01 2.02869E-02 1.30331E-02 3.91634E-04 1.21849E+00 
3.91634E-04 1.53513E-02 2.22759E-02 8.52915E-02 1.15553E-01 4.43618E-01 6.60803E-01 2.22759E-02 1.53513E-02 3.91634E-04 1.22024E+00 
3.91634E-04 1.75568E-02 2.41600E-02 8.51716E-02 1.14993E-01 4.40311E-01 6.59789E-01 2.41600E-02 1.75568E-02 3.91634E-04 1.21764E+00 
3.91634E-04 1.96410E-02 2.59311E-02 8.49604E-02 1.14323E-01 4.36686E-01 6.58278E-01 2.59311E-02 1.96410E-02 3.91634E-04 1.21074E+00 
3.91634E-04 2.15962E-02 2.75820E-02 8.46533E-02 1.13538E-01 4.32740E-01 6.56259E-01 2.75820E-02 2.15962E-02 3.91634E-04 1.19965E+00 
2.13969E-03 2.34255E-02 2.91188E-02 8.42792E-02 1.12674E-01 4.28541E-01 6.53766E-01 2.91188E-02 2.34255E-02 2.13969E-03 1.17962E+00 
4.58391E-03 2.51143E-02 3.05230E-02 8.37924E-02 1.11679E-01 4.23996E-01 6.50730E-01 3.05230E-02 2.51143E-02 4.58391E-03 1.15515E+00 
6.87235E-03 2.66542E-02 3.17857E-02 8.31826E-02 1.10542E-01 4.19088E-01 6.47127E-01 3.17857E-02 2.66542E-02 6.87235E-03 1.12749E+00 
8.99858E-03 2.80401E-02 3.29023E-02 8.24485E-02 1.09263E-01 4.13819E-01 6.42950E-01 3.29023E-02 2.80401E-02 8.99858E-03 1.09689E+00 
1.09578E-02 2.92686E-02 3.38697E-02 8.15902E-02 1.07842E-01 4.08196E-01 6.38194E-01 3.38697E-02 2.92686E-02 1.09578E-02 1.06366E+00 
1.27469E-02 3.03378E-02 3.46863E-02 8.06090E-02 1.06283E-01 4.02227E-01 6.32859E-01 3.46863E-02 3.03378E-02 1.27469E-02 1.02813E+00 
1.43644E-02 3.12472E-02 3.53520E-02 7.95077E-02 1.04590E-01 3.95922E-01 6.26948E-01 3.53520E-02 3.12472E-02 1.43644E-02 9.90651E-01 
1.58103E-02 3.19980E-02 3.58680E-02 7.82898E-02 1.02768E-01 3.89295E-01 6.20468E-01 3.58680E-02 3.19980E-02 1.58103E-02 9.51596E-01 
1.70863E-02 3.25927E-02 3.62371E-02 7.69604E-02 1.00822E-01 3.82362E-01 6.13430E-01 3.62371E-02 3.25927E-02 1.70863E-02 9.11341E-01 
1.81955E-02 3.30353E-02 3.64633E-02 7.55252E-02 9.87615E-02 3.75140E-01 6.05849E-01 3.64633E-02 3.30353E-02 1.81955E-02 8.70261E-01 
1.91423E-02 3.33309E-02 3.65518E-02 7.39912E-02 9.65937E-02 3.67648E-01 5.97741E-01 3.65518E-02 3.33309E-02 1.91423E-02 8.28720E-01 
1.99322E-02 3.34857E-02 3.65086E-02 7.23659E-02 9.43282E-02 3.59908E-01 5.89128E-01 3.65086E-02 3.34857E-02 1.99322E-02 7.87061E-01 
2.05720E-02 3.35070E-02 3.63411E-02 7.06578E-02 9.19747E-02 3.51942E-01 5.80034E-01 3.63411E-02 3.35070E-02 2.05720E-02 7.45609E-01 
3.32356E-04 5.96727E-03 3.69990E-03 7.26327E-02 1.06484E-01 4.61697E-01 6.78440E-01 3.69990E-03 5.96727E-03 3.32356E-04 1.01161E+00 
3.32356E-04 5.96727E-03 5.73552E-03 7.28404E-02 1.06303E-01 4.59432E-01 6.78973E-01 5.73552E-03 5.96727E-03 3.32356E-04 1.03966E+00 
3.32356E-04 9.74058E-04 7.72961E-03 7.30366E-02 1.06097E-01 4.56994E-01 6.79182E-01 7.72961E-03 9.74058E-04 3.32356E-04 1.06192E+00 
3.32356E-04 3.19335E-03 9.68078E-03 7.32177E-02 1.05863E-01 4.54374E-01 6.79054E-01 9.68078E-03 3.19335E-03 3.32356E-04 1.07783E+00 
3.32356E-04 5.35230E-03 1.15758E-02 7.33484E-02 1.05562E-01 4.51511E-01 6.78562E-01 1.15758E-02 5.35230E-03 3.32356E-04 1.09030E+00 
3.32356E-04 7.44270E-03 1.34069E-02 7.34240E-02 1.05188E-01 4.48399E-01 6.77691E-01 1.34069E-02 7.44270E-03 3.32356E-04 1.09922E+00 
3.32356E-04 9.45696E-03 1.51669E-02 7.34398E-02 1.04738E-01 4.45032E-01 6.76424E-01 1.51669E-02 9.45696E-03 3.32356E-04 1.10449E+00 
3.32356E-04 1.09587E-02 1.64756E-02 7.34083E-02 1.04335E-01 4.42249E-01 6.75164E-01 1.64756E-02 1.09587E-02 3.32356E-04 1.10604E+00 
3.32356E-04 1.13879E-02 1.68490E-02 7.33916E-02 1.04208E-01 4.41406E-01 6.74748E-01 1.68490E-02 1.13879E-02 3.32356E-04 1.10607E+00 
3.32356E-04 1.33688E-02 1.85681E-02 7.32633E-02 1.03542E-01 4.37206E-01 6.72470E-01 1.85681E-02 1.33688E-02 3.32356E-04 1.10365E+00 
3.32356E-04 1.52375E-02 2.01819E-02 7.30515E-02 1.02777E-01 4.32701E-01 6.69690E-01 2.01819E-02 1.52375E-02 3.32356E-04 1.09701E+00 
3.32356E-04 1.69874E-02 2.16843E-02 7.27524E-02 1.01908E-01 4.27892E-01 6.66399E-01 2.16843E-02 1.69874E-02 3.32356E-04 1.08627E+00 
3.32356E-04 1.86128E-02 2.30698E-02 7.23632E-02 1.00933E-01 4.22781E-01 6.62590E-01 2.30698E-02 1.86128E-02 3.32356E-04 1.07161E+00 
1.81159E-03 2.01176E-02 2.43449E-02 7.19104E-02 9.98879E-02 4.17448E-01 6.58319E-01 2.43449E-02 2.01176E-02 1.81159E-03 1.04903E+00 
3.86744E-03 2.14900E-02 2.54943E-02 7.13545E-02 9.87239E-02 4.11792E-01 6.53500E-01 2.54943E-02 2.14900E-02 3.86744E-03 1.02250E+00 
5.77750E-03 2.27238E-02 2.65116E-02 7.06871E-02 9.74330E-02 4.05798E-01 6.48113E-01 2.65116E-02 2.27238E-02 5.77750E-03 9.93190E-01 
7.53750E-03 2.38160E-02 2.73942E-02 6.99088E-02 9.60168E-02 3.99475E-01 6.42155E-01 2.73942E-02 2.38160E-02 7.53750E-03 9.61395E-01 
9.14470E-03 2.47651E-02 2.81408E-02 6.90210E-02 9.44784E-02 3.92832E-01 6.35629E-01 2.81408E-02 2.47651E-02 9.14470E-03 9.27455E-01 
1.05979E-02 2.55711E-02 2.87515E-02 6.80262E-02 9.28219E-02 3.85883E-01 6.28541E-01 2.87515E-02 2.55711E-02 1.05979E-02 8.91727E-01 
1.18973E-02 2.62351E-02 2.92277E-02 6.69281E-02 9.10526E-02 3.78642E-01 6.20902E-01 2.92277E-02 2.62351E-02 1.18973E-02 8.54580E-01 
1.30446E-02 2.67598E-02 2.95722E-02 6.57315E-02 8.91769E-02 3.71128E-01 6.12725E-01 2.95722E-02 2.67598E-02 1.30446E-02 8.16389E-01 
1.40427E-02 2.71491E-02 2.97888E-02 6.44420E-02 8.72019E-02 3.63358E-01 6.04026E-01 2.97888E-02 2.71491E-02 1.40427E-02 7.77520E-01 
1.48959E-02 2.74078E-02 2.98825E-02 6.30660E-02 8.51360E-02 3.55354E-01 5.94827E-01 2.98825E-02 2.74078E-02 1.48959E-02 7.38329E-01 
1.56094E-02 2.75418E-02 2.98592E-02 6.16107E-02 8.29879E-02 3.47138E-01 5.85151E-01 2.98592E-02 2.75418E-02 1.56094E-02 6.99150E-01 
1.61894E-02 2.75580E-02 2.97256E-02 6.00839E-02 8.07670E-02 3.38732E-01 5.75023E-01 2.97256E-02 2.75580E-02 1.61894E-02 6.60292E-01 
1.66429E-02 2.74638E-02 2.94890E-02 5.84936E-02 7.84833E-02 3.30161E-01 5.64471E-01 2.94890E-02 2.74638E-02 1.66429E-02 6.22035E-01 
2.81648E-04 5.26143E-03 2.28732E-03 6.23463E-02 9.65868E-02 4.61414E-01 6.99886E-01 2.28732E-03 5.26143E-03 2.81648E-04 9.45665E-01 
2.81648E-04 5.26143E-03 4.13707E-03 6.25346E-02 9.62705E-02 4.58082E-01 6.98908E-01 4.13707E-03 5.26143E-03 2.81648E-04 9.69810E-01 
2.81648E-04 8.65141E-04 5.93731E-03 6.27039E-02 9.59255E-02 4.54583E-01 6.97589E-01 5.93731E-03 8.65141E-04 2.81648E-04 9.88144E-01 
2.81648E-04 2.82733E-03 7.68742E-03 6.28513E-02 9.55487E-02 4.50908E-01 6.95920E-01 7.68742E-03 2.82733E-03 2.81648E-04 1.00023E+00 
2.81648E-04 4.72365E-03 9.37548E-03 6.29449E-02 9.51023E-02 4.46987E-01 6.93857E-01 9.37548E-03 4.72365E-03 2.81648E-04 1.00872E+00 
2.81648E-04 6.54716E-03 1.09949E-02 6.29807E-02 9.45830E-02 4.42817E-01 6.91388E-01 1.09949E-02 6.54716E-03 2.81648E-04 1.01354E+00 
2.81648E-04 8.29160E-03 1.25397E-02 6.29550E-02 9.39880E-02 4.38395E-01 6.88501E-01 1.25397E-02 8.29160E-03 2.81648E-04 1.01469E+00 
2.81648E-04 9.58339E-03 1.36803E-02 6.28908E-02 9.34740E-02 4.34802E-01 6.85975E-01 1.36803E-02 9.58339E-03 2.81648E-04 1.01306E+00 
2.81648E-04 9.95114E-03 1.40044E-02 6.28645E-02 9.33148E-02 4.33723E-01 6.85188E-01 1.40044E-02 9.95114E-03 2.81648E-04 1.01218E+00 
2.81648E-04 1.16394E-02 1.54881E-02 6.26910E-02 9.24989E-02 4.28406E-01 6.81128E-01 1.54881E-02 1.16394E-02 2.81648E-04 1.00545E+00 
2.81648E-04 1.32172E-02 1.68674E-02 6.24357E-02 9.15881E-02 4.22800E-01 6.76556E-01 1.68674E-02 1.32172E-02 2.81648E-04 9.94703E-01 
2.81648E-04 1.46798E-02 1.81378E-02 6.20964E-02 9.05810E-02 4.16911E-01 6.71468E-01 1.81378E-02 1.46798E-02 2.81648E-04 9.80134E-01 
2.81648E-04 1.60234E-02 1.92955E-02 6.16713E-02 8.94775E-02 4.10744E-01 6.65864E-01 1.92955E-02 1.60234E-02 2.81648E-04 9.61992E-01 
1.53137E-03 1.72528E-02 2.03476E-02 6.11853E-02 8.83106E-02 4.04393E-01 6.59821E-01 2.03476E-02 1.72528E-02 1.53137E-03 9.36916E-01 
3.25709E-03 1.83585E-02 2.12818E-02 6.06042E-02 8.70377E-02 3.97748E-01 6.53235E-01 2.12818E-02 1.83585E-02 3.25709E-03 9.08418E-01 
4.84737E-03 1.93366E-02 2.20937E-02 5.99221E-02 8.56523E-02 3.90796E-01 6.46089E-01 2.20937E-02 1.93366E-02 4.84737E-03 8.77591E-01 
6.29983E-03 2.01857E-02 2.27825E-02 5.91406E-02 8.41580E-02 3.83551E-01 6.38388E-01 2.27825E-02 2.01857E-02 6.29983E-03 8.44776E-01 
7.61351E-03 2.09061E-02 2.33485E-02 5.82623E-02 8.25589E-02 3.76026E-01 6.30140E-01 2.33485E-02 2.09061E-02 7.61351E-03 8.10331E-01 
8.78880E-03 2.14992E-02 2.37932E-02 5.72908E-02 8.08604E-02 3.68241E-01 6.21360E-01 2.37932E-02 2.14992E-02 8.78880E-03 7.74627E-01 
9.82737E-03 2.19675E-02 2.41193E-02 5.62307E-02 7.90690E-02 3.60212E-01 6.12063E-01 2.41193E-02 2.19675E-02 9.82737E-03 7.38033E-01 
1.07321E-02 2.23148E-02 2.43306E-02 5.50874E-02 7.71918E-02 3.51960E-01 6.02269E-01 2.43306E-02 2.23148E-02 1.07321E-02 7.00911E-01 
1.15070E-02 2.25459E-02 2.44319E-02 5.38671E-02 7.52366E-02 3.43507E-01 5.92002E-01 2.44319E-02 2.25459E-02 1.15070E-02 6.63607E-01 
1.21569E-02 2.26663E-02 2.44286E-02 5.25763E-02 7.32120E-02 3.34876E-01 5.81287E-01 2.44286E-02 2.26663E-02 1.21569E-02 6.26445E-01 
1.26878E-02 2.26824E-02 2.43272E-02 5.12225E-02 7.11269E-02 3.26091E-01 5.70152E-01 2.43272E-02 2.26824E-02 1.26878E-02 5.89721E-01 
1.31060E-02 2.26011E-02 2.41344E-02 4.98133E-02 6.89906E-02 3.17177E-01 5.58628E-01 2.41344E-02 2.26011E-02 1.31060E-02 5.53700E-01 
1.34187E-02 2.24299E-02 2.38577E-02 4.83565E-02 6.68127E-02 3.08157E-01 5.46748E-01 2.38577E-02 2.24299E-02 1.34187E-02 5.18612E-01 
2.37792E-04 4.62855E-03 1.21785E-03 5.32769E-02 8.73169E-02 4.58225E-01 7.18422E-01 1.21785E-03 4.62855E-03 2.37792E-04 8.97951E-01 
2.37792E-04 4.62855E-03 2.89684E-03 5.34715E-02 8.69019E-02 4.53877E-01 7.15855E-01 2.89684E-03 4.62855E-03 2.37792E-04 9.17421E-01 
2.37792E-04 7.67150E-04 4.51952E-03 5.36389E-02 8.64541E-02 4.49372E-01 7.12940E-01 4.51952E-03 7.67150E-04 2.37792E-04 9.31106E-01 
2.37792E-04 2.49847E-03 6.08610E-03 5.37775E-02 8.59712E-02 4.44704E-01 7.09667E-01 6.08610E-03 2.49847E-03 2.37792E-04 9.38687E-01 
2.37792E-04 4.15969E-03 7.58594E-03 5.38585E-02 8.54175E-02 4.39791E-01 7.05978E-01 7.58594E-03 4.15969E-03 2.37792E-04 9.42593E-01 
2.37792E-04 5.74523E-03 9.01369E-03 5.38788E-02 8.47911E-02 4.34635E-01 7.01865E-01 9.01369E-03 5.74523E-03 2.37792E-04 9.42826E-01 
2.37792E-04 7.25017E-03 1.03647E-02 5.38358E-02 8.40902E-02 4.29238E-01 6.97320E-01 1.03647E-02 7.25017E-03 2.37792E-04 9.39437E-01 
2.37792E-04 8.35648E-03 1.13546E-02 5.37576E-02 8.34960E-02 4.24899E-01 6.93504E-01 1.13546E-02 8.35648E-03 2.37792E-04 9.34388E-01 
2.37792E-04 8.67007E-03 1.16346E-02 5.37272E-02 8.33137E-02 4.23603E-01 6.92339E-01 1.16346E-02 8.67007E-03 2.37792E-04 9.32521E-01 
2.37792E-04 1.01014E-02 1.29091E-02 5.35345E-02 8.23907E-02 4.17266E-01 6.86475E-01 1.29091E-02 1.01014E-02 2.37792E-04 9.21273E-01 
2.37792E-04 1.14256E-02 1.40813E-02 5.32616E-02 8.13788E-02 4.10663E-01 6.80101E-01 1.40813E-02 1.14256E-02 2.37792E-04 9.06310E-01 
2.37792E-04 1.26395E-02 1.51486E-02 5.29075E-02 8.02782E-02 4.03804E-01 6.73216E-01 1.51486E-02 1.26395E-02 2.37792E-04 8.87904E-01 
2.37792E-04 1.37410E-02 1.61088E-02 5.24719E-02 7.90902E-02 3.96699E-01 6.65827E-01 1.61088E-02 1.37410E-02 2.37792E-04 8.66363E-01 
1.28955E-03 1.47360E-02 1.69692E-02 5.19778E-02 7.78470E-02 3.89450E-01 6.58034E-01 1.69692E-02 1.47360E-02 1.28955E-03 8.38875E-01 
2.73212E-03 1.56170E-02 1.77205E-02 5.13962E-02 7.65100E-02 3.81942E-01 6.49717E-01 1.77205E-02 1.56170E-02 2.73212E-03 8.08552E-01 
4.05011E-03 1.63817E-02 1.83600E-02 5.07230E-02 7.50750E-02 3.74165E-01 6.40858E-01 1.83600E-02 1.63817E-02 4.05011E-03 7.76413E-01 
5.24278E-03 1.70304E-02 1.88883E-02 4.99610E-02 7.35464E-02 3.66136E-01 6.31471E-01 1.88883E-02 1.70304E-02 5.24278E-03 7.42817E-01 
6.31062E-03 1.75648E-02 1.93070E-02 4.91138E-02 7.19298E-02 3.57873E-01 6.21571E-01 1.93070E-02 1.75648E-02 6.31062E-03 7.08134E-01 
7.25532E-03 1.79874E-02 1.96188E-02 4.81857E-02 7.02314E-02 3.49396E-01 6.11178E-01 1.96188E-02 1.79874E-02 7.25532E-03 6.72727E-01 
8.07966E-03 1.83018E-02 1.98273E-02 4.71820E-02 6.84583E-02 3.40727E-01 6.00314E-01 1.98273E-02 1.83018E-02 8.07966E-03 6.36951E-01 
8.78741E-03 1.85124E-02 1.99371E-02 4.61084E-02 6.66182E-02 3.31890E-01 5.89007E-01 1.99371E-02 1.85124E-02 8.78741E-03 6.01143E-01 
9.38322E-03 1.86247E-02 1.99534E-02 4.49715E-02 6.47190E-02 3.22907E-01 5.77282E-01 1.99534E-02 1.86247E-02 9.38322E-03 5.65615E-01 
9.87249E-03 1.86445E-02 1.98821E-02 4.37780E-02 6.27695E-02 3.13803E-01 5.65173E-01 1.98821E-02 1.86445E-02 9.87249E-03 5.30647E-01 
1.02612E-02 1.85783E-02 1.97296E-02 4.25350E-02 6.07785E-02 3.04604E-01 5.52711E-01 1.97296E-02 1.85783E-02 1.02612E-02 4.96490E-01 
1.05560E-02 1.84330E-02 1.95027E-02 4.12501E-02 5.87547E-02 2.95334E-01 5.39930E-01 1.95027E-02 1.84330E-02 1.05560E-02 4.63357E-01 
1.07635E-02 1.82157E-02 1.92084E-02 3.99305E-02 5.67071E-02 2.86018E-01 5.26867E-01 1.92084E-02 1.82157E-02 1.07635E-02 4.31426E-01 
1.99654E-04 4.05044E-03 4.43422E-04 4.55000E-02 7.87483E-02 4.52169E-01 7.33623E-01 4.43423E-04 4.05044E-03 1.99654E-04 8.64491E-01 
1.99654E-04 4.05044E-03 1.95894E-03 4.57045E-02 7.82558E-02 4.46865E-01 7.29403E-01 1.95894E-03 4.05044E-03 1.99654E-04 8.78359E-01 
1.99654E-04 6.76943E-04 3.41319E-03 4.58746E-02 7.77273E-02 4.41420E-01 7.24836E-01 3.41320E-03 6.76943E-04 1.99654E-04 8.86574E-01 
1.99654E-04 2.19673E-03 4.80725E-03 4.60095E-02 7.71617E-02 4.35828E-01 7.19914E-01 4.80725E-03 2.19673E-03 1.99654E-04 8.88928E-01 
1.99654E-04 3.64403E-03 6.13164E-03 4.60838E-02 7.65255E-02 4.30000E-01 7.14563E-01 6.13164E-03 3.64403E-03 1.99654E-04 8.87652E-01 
1.99654E-04 5.01455E-03 7.38229E-03 4.60952E-02 7.58178E-02 4.23942E-01 7.08777E-01 7.38229E-03 5.01455E-03 1.99654E-04 8.82822E-01 
1.99654E-04 6.30469E-03 8.55575E-03 4.60422E-02 7.50381E-02 4.17658E-01 7.02556E-01 8.55575E-03 6.30469E-03 1.99654E-04 8.74557E-01 
1.99654E-04 7.24578E-03 9.40884E-03 4.59561E-02 7.43854E-02 4.12645E-01 6.97443E-01 9.40884E-03 7.24578E-03 1.99654E-04 8.65906E-01 
1.99654E-04 7.51133E-03 9.64904E-03 4.59234E-02 7.41864E-02 4.11155E-01 6.95899E-01 9.64904E-03 7.51133E-03 1.99654E-04 8.63019E-01 
1.99654E-04 8.71598E-03 1.07354E-02 4.57206E-02 7.31879E-02 4.03905E-01 6.88234E-01 1.07354E-02 8.71598E-03 1.99654E-04 8.47140E-01 
1.99654E-04 9.81834E-03 1.17235E-02 4.54399E-02 7.21073E-02 3.96421E-01 6.80071E-01 1.17235E-02 9.81834E-03 1.99654E-04 8.27978E-01 
1.99654E-04 1.08169E-02 1.26121E-02 4.50814E-02 7.09465E-02 3.88712E-01 6.71416E-01 1.26121E-02 1.08169E-02 1.99654E-04 8.05860E-01 
1.99654E-04 1.17111E-02 1.34006E-02 4.46459E-02 6.97079E-02 3.80795E-01 6.62281E-01 1.34006E-02 1.17111E-02 1.99654E-04 7.81139E-01 
1.07982E-03 1.25073E-02 1.40965E-02 4.41548E-02 6.84226E-02 3.72779E-01 6.52789E-01 1.40965E-02 1.25073E-02 1.07982E-03 7.51472E-01 
2.27867E-03 1.32000E-02 1.46927E-02 4.35838E-02 6.70560E-02 3.64543E-01 6.42801E-01 1.46927E-02 1.32000E-02 2.27867E-03 7.19605E-01 
3.36433E-03 1.37884E-02 1.51883E-02 4.29304E-02 6.56054E-02 3.56080E-01 6.32304E-01 1.51883E-02 1.37884E-02 3.36433E-03 6.86477E-01 
4.33737E-03 1.42740E-02 1.55849E-02 4.21983E-02 6.40765E-02 3.47411E-01 6.21316E-01 1.55849E-02 1.42740E-02 4.33737E-03 6.52450E-01 
5.19945E-03 1.46593E-02 1.58850E-02 4.13918E-02 6.24753E-02 3.38555E-01 6.09861E-01 1.58850E-02 1.46593E-02 5.19945E-03 6.17884E-01 
5.95324E-03 1.49479E-02 1.60923E-02 4.05157E-02 6.08088E-02 3.29538E-01 5.97963E-01 1.60923E-02 1.49479E-02 5.95324E-03 5.83121E-01 
6.60227E-03 1.51440E-02 1.62109E-02 3.95758E-02 5.90844E-02 3.20381E-01 5.85651E-01 1.62109E-02 1.51440E-02 6.60227E-03 5.48487E-01 
7.15088E-03 1.52525E-02 1.62458E-02 3.85780E-02 5.73098E-02 3.11110E-01 5.72957E-01 1.62458E-02 1.52525E-02 7.15088E-03 5.14279E-01 
7.60409E-03 1.52790E-02 1.62025E-02 3.75288E-02 5.54932E-02 3.01750E-01 5.59913E-01 1.62025E-02 1.52790E-02 7.60409E-03 4.80762E-01 
7.96746E-03 1.52295E-02 1.60869E-02 3.64350E-02 5.36429E-02 2.92326E-01 5.46554E-01 1.60869E-02 1.52295E-02 7.96746E-03 4.48169E-01 
8.24697E-03 1.51102E-02 1.59053E-02 3.53034E-02 5.17673E-02 2.82863E-01 5.32917E-01 1.59053E-02 1.51102E-02 8.24697E-03 4.16695E-01 
8.44890E-03 1.49278E-02 1.56642E-02 3.41411E-02 4.98747E-02 2.73386E-01 5.19040E-01 1.56642E-02 1.49278E-02 8.44890E-03 3.86499E-01 
8.57972E-03 1.46888E-02 1.53700E-02 3.29548E-02 4.79731E-02 2.63921E-01 5.04959E-01 1.53700E-02 1.46888E-02 8.57972E-03 3.57705E-01 
1.66415E-04 3.51612E-03 -8.61509E-05 3.89904E-02 7.08990E-02 4.43325E-01 7.45082E-01 -8.61506E-05 3.51612E-03 1.66415E-04 8.40334E-01 
1.66415E-04 3.51612E-03 1.26890E-03 3.91939E-02 7.03397E-02 4.37135E-01 7.39166E-01 1.26890E-03 3.51612E-03 1.66415E-04 8.47770E-01 
1.66415E-04 5.92624E-04 2.56008E-03 3.93573E-02 6.97432E-02 4.30826E-01 7.32915E-01 2.56008E-03 5.92624E-04 1.66415E-04 8.49827E-01 
1.66415E-04 1.91607E-03 3.78917E-03 3.94809E-02 6.91093E-02 4.24393E-01 7.26322E-01 3.78917E-03 1.91607E-03 1.66415E-04 8.46401E-01 
1.66415E-04 3.16674E-03 4.94782E-03 3.95421E-02 6.84066E-02 4.17740E-01 7.19295E-01 4.94782E-03 3.16674E-03 1.66415E-04 8.39537E-01 
1.66415E-04 4.34155E-03 6.03309E-03 3.95397E-02 6.76353E-02 4.10873E-01 7.11836E-01 6.03309E-03 4.34155E-03 1.66415E-04 8.29379E-01 
1.66415E-04 5.43812E-03 7.04269E-03 3.94729E-02 6.67960E-02 4.03802E-01 7.03946E-01 7.04269E-03 5.43812E-03 1.66415E-04 8.16109E-01 
1.66415E-04 6.23165E-03 7.77077E-03 3.93768E-02 6.61005E-02 3.98196E-01 6.97550E-01 7.77077E-03 6.23165E-03 1.66415E-04 8.03843E-01 
1.66415E-04 6.45450E-03 7.97479E-03 3.93414E-02 6.58897E-02 3.96535E-01 6.95632E-01 7.97479E-03 6.45450E-03 1.66415E-04 7.99945E-01 
1.66415E-04 7.45903E-03 8.89156E-03 3.91272E-02 6.48391E-02 3.88494E-01 6.86199E-01 8.89156E-03 7.45903E-03 1.66415E-04 7.79558E-01 
1.66415E-04 8.36783E-03 9.71588E-03 3.88383E-02 6.37146E-02 3.80252E-01 6.76291E-01 9.71588E-03 8.36783E-03 1.66415E-04 7.56434E-01 
1.66415E-04 9.18073E-03 1.04477E-02 3.84761E-02 6.25191E-02 3.71824E-01 6.65923E-01 1.04477E-02 9.18073E-03 1.66415E-04 7.30935E-01 
1.66415E-04 9.89829E-03 1.10875E-02 3.80425E-02 6.12562E-02 3.63229E-01 6.55112E-01 1.10875E-02 9.89829E-03 1.66415E-04 7.03441E-01 
8.97609E-04 1.05273E-02 1.16430E-02 3.75569E-02 5.99555E-02 3.54583E-01 6.44000E-01 1.16430E-02 1.05273E-02 8.97609E-04 6.72006E-01 
1.88656E-03 1.10639E-02 1.21090E-02 3.69994E-02 5.85861E-02 3.45761E-01 6.32434E-01 1.21090E-02 1.10639E-02 1.88656E-03 6.39031E-01 
2.77411E-03 1.15084E-02 1.24858E-02 3.63688E-02 5.71468E-02 3.36757E-01 6.20400E-01 1.24858E-02 1.15084E-02 2.77411E-03 6.05369E-01 
3.56184E-03 1.18631E-02 1.27758E-02 3.56693E-02 5.56435E-02 3.27594E-01 6.07926E-01 1.27758E-02 1.18631E-02 3.56184E-03 5.71366E-01 
4.25225E-03 1.21315E-02 1.29823E-02 3.49057E-02 5.40831E-02 3.18297E-01 5.95040E-01 1.29823E-02 1.21315E-02 4.25225E-03 5.37354E-01 
4.84864E-03 1.23173E-02 1.31094E-02 3.40834E-02 5.24726E-02 3.08888E-01 5.81772E-01 1.31094E-02 1.23173E-02 4.84864E-03 5.03642E-01 
5.35503E-03 1.24254E-02 1.31616E-02 3.32080E-02 5.08194E-02 2.99394E-01 5.68156E-01 1.31616E-02 1.24254E-02 5.35503E-03 4.70510E-01 
5.77601E-03 1.24606E-02 1.31440E-02 3.22856E-02 4.91313E-02 2.89841E-01 5.54227E-01 1.31440E-02 1.24606E-02 5.77601E-03 4.38206E-01 
6.11671E-03 1.24286E-02 1.30621E-02 3.13227E-02 4.74161E-02 2.80253E-01 5.40023E-01 1.30621E-02 1.24286E-02 6.11671E-03 4.06943E-01 
6.38258E-03 1.23352E-02 1.29215E-02 3.03255E-02 4.56817E-02 2.70656E-01 5.25581E-01 1.29215E-02 1.23352E-02 6.38258E-03 3.76898E-01 
6.57935E-03 1.21862E-02 1.27282E-02 2.93007E-02 4.39357E-02 2.61074E-01 5.10942E-01 1.27282E-02 1.21862E-02 6.57935E-03 3.48210E-01 
6.71292E-03 1.19876E-02 1.24880E-02 2.82545E-02 4.21857E-02 2.51533E-01 4.96144E-01 1.24880E-02 1.19876E-02 6.71292E-03 3.20982E-01 
6.78919E-03 1.17456E-02 1.22070E-02 2.71934E-02 4.04390E-02 2.42055E-01 4.81227E-01 1.22070E-02 1.17456E-02 6.78919E-03 2.95287E-01 
1.37493E-04 3.02042E-03 -4.19909E-04 3.36467E-02 6.37446E-02 4.31814E-01 7.52434E-01 -4.19908E-04 3.02042E-03 1.37493E-04 8.20384E-01 
1.37493E-04 3.02042E-03 7.76441E-04 3.38301E-02 6.31239E-02 4.24823E-01 7.44806E-01 7.76441E-04 3.02042E-03 1.37493E-04 8.20842E-01 
1.37493E-04 5.13335E-04 1.90881E-03 3.39702E-02 6.24669E-02 4.17740E-01 7.36867E-01 1.90881E-03 5.13335E-04 1.37493E-04 8.16354E-01 
1.37493E-04 1.65372E-03 2.97954E-03 3.40679E-02 6.17741E-02 4.10559E-01 7.28610E-01 2.97954E-03 1.65372E-03 1.37493E-04 8.06905E-01 
1.37493E-04 2.72319E-03 3.98122E-03 3.41035E-02 6.10163E-02 4.03179E-01 7.19926E-01 3.98122E-03 2.72319E-03 1.37493E-04 7.94357E-01 
1.37493E-04 3.71976E-03 4.91197E-03 3.40764E-02 6.01945E-02 3.95610E-01 7.10821E-01 4.91197E-03 3.71976E-03 1.37493E-04 7.78912E-01 
1.37493E-04 4.64203E-03 5.77048E-03 3.39867E-02 5.93102E-02 3.87862E-01 7.01303E-01 5.77048E-03 4.64203E-03 1.37493E-04 7.60801E-01 
1.37493E-04 5.30407E-03 6.38461E-03 3.38747E-02 5.85843E-02 3.81752E-01 6.93660E-01 6.38461E-03 5.30407E-03 1.37493E-04 7.45123E-01 
1.37493E-04 5.48910E-03 6.55588E-03 3.38349E-02 5.83654E-02 3.79948E-01 6.91381E-01 6.55588E-03 5.48910E-03 1.37493E-04 7.40284E-01 
1.37493E-04 6.31771E-03 7.32044E-03 3.36026E-02 5.72813E-02 3.71244E-01 6.80244E-01 7.32044E-03 6.31771E-03 1.37493E-04 7.15787E-01 
1.37493E-04 7.05858E-03 7.99982E-03 3.33005E-02 5.61327E-02 3.62378E-01 6.68670E-01 7.99982E-03 7.05858E-03 1.37493E-04 6.89185E-01 
1.37493E-04 7.71255E-03 8.59490E-03 3.29307E-02 5.49232E-02 3.53370E-01 6.56678E-01 8.59490E-03 7.71255E-03 1.37493E-04 6.60856E-01 
1.37493E-04 8.28109E-03 9.10715E-03 3.24960E-02 5.36572E-02 3.44237E-01 6.44290E-01 9.10715E-03 8.28109E-03 1.37493E-04 6.31182E-01 
7.39604E-04 8.77114E-03 9.54408E-03 3.20143E-02 5.23627E-02 3.35104E-01 6.31670E-01 9.54408E-03 8.77114E-03 7.39604E-04 5.98552E-01 
1.54826E-03 9.18000E-03 9.90214E-03 3.14690E-02 5.10121E-02 3.25841E-01 6.18646E-01 9.90214E-03 9.18000E-03 1.54826E-03 5.65040E-01 
2.26748E-03 9.50890E-03 1.01825E-02 3.08601E-02 4.96051E-02 3.16443E-01 6.05209E-01 1.01825E-02 9.50890E-03 2.26748E-03 5.31400E-01 
2.89956E-03 9.76085E-03 1.03881E-02 3.01922E-02 4.81481E-02 3.06935E-01 5.91390E-01 1.03881E-02 9.76085E-03 2.89956E-03 4.97950E-01 
3.44751E-03 9.93950E-03 1.05226E-02 2.94702E-02 4.66479E-02 2.97343E-01 5.77223E-01 1.05226E-02 9.93950E-03 3.44751E-03 4.64978E-01 
3.91500E-03 1.00491E-02 1.05903E-02 2.86997E-02 4.51116E-02 2.87693E-01 5.62743E-01 1.05903E-02 1.00491E-02 3.91500E-03 4.32746E-01 
4.30621E-03 1.00942E-02 1.05958E-02 2.78863E-02 4.35464E-02 2.78009E-01 5.47989E-01 1.05958E-02 1.00942E-02 4.30621E-03 4.01482E-01 
4.62578E-03 1.00798E-02 1.05441E-02 2.70359E-02 4.19598E-02 2.68318E-01 5.32999E-01 1.05441E-02 1.00798E-02 4.62578E-03 3.71378E-01 
4.87867E-03 1.00113E-02 1.04403E-02 2.61546E-02 4.03590E-02 2.58646E-01 5.17814E-01 1.04403E-02 1.00113E-02 4.87867E-03 3.42589E-01 
5.07007E-03 9.89391E-03 1.02899E-02 2.52483E-02 3.87511E-02 2.49016E-01 5.02473E-01 1.02899E-02 9.89391E-03 5.07007E-03 3.15235E-01 
5.20528E-03 9.73314E-03 1.00980E-02 2.43230E-02 3.71432E-02 2.39452E-01 4.87019E-01 1.00980E-02 9.73314E-03 5.20528E-03 2.89400E-01 
5.28965E-03 9.53435E-03 9.87019E-03 2.33845E-02 3.55419E-02 2.29978E-01 4.71491E-01 9.87019E-03 9.53435E-03 5.28965E-03 2.65138E-01 
5.32847E-03 9.30284E-03 9.61153E-03 2.24384E-02 3.39534E-02 2.20614E-01 4.55930E-01 9.61153E-03 9.30284E-03 5.32847E-03 2.42469E-01 
1.12675E-04 2.56645E-03 -6.02109E-04 2.93537E-02 5.72934E-02 4.17945E-01 7.55370E-01 -6.02109E-04 2.56645E-03 1.12675E-04 8.00261E-01 
1.12675E-04 2.56645E-03 4.39741E-04 2.94965E-02 5.66153E-02 4.10257E-01 7.46066E-01 4.39741E-04 2.56645E-03 1.12675E-04 7.93662E-01 
1.12675E-04 4.39669E-04 1.41987E-03 2.95954E-02 5.59041E-02 4.02508E-01 7.36485E-01 1.41987E-03 4.39669E-04 1.12675E-04 7.82695E-01 
1.12675E-04 1.41152E-03 2.34094E-03 2.96518E-02 5.51606E-02 3.94693E-01 7.26620E-01 2.34094E-03 1.41152E-03 1.12675E-04 7.67413E-01 
1.12675E-04 2.31626E-03 3.19636E-03 2.96482E-02 5.43575E-02 3.86703E-01 7.16344E-01 3.19636E-03 2.31626E-03 1.12675E-04 7.49493E-01 
1.12675E-04 3.15278E-03 3.98510E-03 2.95848E-02 5.34968E-02 3.78551E-01 7.05669E-01 3.98510E-03 3.15278E-03 1.12675E-04 7.29180E-01 
1.12675E-04 3.92052E-03 4.70664E-03 2.94624E-02 5.25805E-02 3.70252E-01 6.94608E-01 4.70664E-03 3.92052E-03 1.12675E-04 7.06739E-01 
1.12675E-04 4.46724E-03 5.21874E-03 2.93278E-02 5.18350E-02 3.63738E-01 6.85793E-01 5.21874E-03 4.46724E-03 1.12675E-04 6.88094E-01 
1.12675E-04 4.61932E-03 5.36088E-03 2.92820E-02 5.16111E-02 3.61819E-01 6.83175E-01 5.36088E-03 4.61932E-03 1.12675E-04 6.82452E-01 
1.12675E-04 5.29593E-03 5.99131E-03 2.90241E-02 5.05098E-02 3.52593E-01 6.70449E-01 5.99131E-03 5.29593E-03 1.12675E-04 6.54535E-01 
1.12675E-04 5.89374E-03 6.54490E-03 2.87028E-02 4.93541E-02 3.43249E-01 6.57334E-01 6.54490E-03 5.89374E-03 1.12675E-04 6.25188E-01 
1.12675E-04 6.41432E-03 7.02323E-03 2.83208E-02 4.81481E-02 3.33805E-01 6.43853E-01 7.02323E-03 6.41432E-03 1.12675E-04 5.94782E-01 
1.12675E-04 6.85975E-03 7.42839E-03 2.78811E-02 4.68967E-02 3.24283E-01 6.30034E-01 7.42839E-03 6.85975E-03 1.12675E-04 5.63679E-01 
6.04514E-04 7.23678E-03 7.76751E-03 2.74005E-02 4.56261E-02 3.14810E-01 6.16057E-01 7.76751E-03 7.23678E-03 6.04514E-04 5.30545E-01 
1.26055E-03 7.54374E-03 8.03832E-03 2.68650E-02 4.43115E-02 3.05253E-01 6.01736E-01 8.03832E-03 7.54374E-03 1.26055E-03 4.97144E-01 
1.83891E-03 7.78243E-03 8.24253E-03 2.62755E-02 4.29533E-02 2.95609E-01 5.87064E-01 8.24253E-03 7.78243E-03 1.83891E-03 4.64130E-01 
2.34227E-03 7.95614E-03 8.38343E-03 2.56366E-02 4.15581E-02 2.85904E-01 5.72077E-01 8.38343E-03 7.95614E-03 2.34227E-03 4.31773E-01 
2.77392E-03 8.06864E-03 8.46481E-03 2.49533E-02 4.01325E-02 2.76164E-01 5.56812E-01 8.46481E-03 8.06864E-03 2.77392E-03 4.00312E-01 
3.13760E-03 8.12411E-03 8.49084E-03 2.42311E-02 3.86832E-02 2.66414E-01 5.41310E-01 8.49084E-03 8.12411E-03 3.13760E-03 3.69954E-01 
3.43748E-03 8.12705E-03 8.46599E-03 2.34754E-02 3.72172E-02 2.56682E-01 5.25612E-01 8.46599E-03 8.12705E-03 3.43748E-03 3.40870E-01 
3.67800E-03 8.08214E-03 8.39493E-03 2.26918E-02 3.57412E-02 2.46991E-01 5.09758E-01 8.39493E-03 8.08214E-03 3.67800E-03 3.13194E-01 
3.86381E-03 7.99422E-03 8.28243E-03 2.18858E-02 3.42618E-02 2.37367E-01 4.93792E-01 8.28243E-03 7.99422E-03 3.86381E-03 2.87025E-01 
3.99966E-03 7.86813E-03 8.13332E-03 2.10630E-02 3.27855E-02 2.27832E-01 4.77754E-01 8.13332E-03 7.86813E-03 3.99966E-03 2.62428E-01 
4.09035E-03 7.70869E-03 7.95236E-03 2.02286E-02 3.13182E-02 2.18409E-01 4.61687E-01 7.95236E-03 7.70869E-03 4.09035E-03 2.39438E-01 
4.14060E-03 7.52059E-03 7.74419E-03 1.93878E-02 2.98658E-02 2.09118E-01 4.45632E-01 7.74419E-03 7.52059E-03 4.14060E-03 2.18062E-01 
4.15504E-03 7.30837E-03 7.51327E-03 1.85454E-02 2.84335E-02 1.99980E-01 4.29628E-01 7.51327E-03 7.30837E-03 4.15504E-03 1.98280E-01 
9.11326E-05 2.14655E-03 -6.76227E-04 2.58508E-02 5.13533E-02 4.01654E-01 7.53735E-01 -6.76227E-04 2.14655E-03 9.11326E-05 7.75963E-01 
9.11326E-05 2.14655E-03 2.14589E-04 2.59341E-02 5.06219E-02 3.93372E-01 7.42793E-01 2.14588E-04 2.14655E-03 9.11326E-05 7.62524E-01 
9.11326E-05 3.70542E-04 1.04801E-03 2.59755E-02 4.98624E-02 3.85064E-01 7.31619E-01 1.04801E-03 3.70542E-04 9.11326E-05 7.45424E-01 
9.11326E-05 1.18568E-03 1.82679E-03 2.59766E-02 4.90758E-02 3.76723E-01 7.20203E-01 1.82679E-03 1.18568E-03 9.11326E-05 7.24759E-01 
9.11326E-05 1.93919E-03 2.54505E-03 2.59218E-02 4.82368E-02 3.68237E-01 7.08404E-01 2.54505E-03 1.93919E-03 9.11326E-05 7.02017E-01 
9.11326E-05 2.63063E-03 3.20243E-03 2.58119E-02 4.73477E-02 3.59622E-01 6.96238E-01 3.20243E-03 2.63063E-03 9.11326E-05 6.77468E-01 
9.11326E-05 3.26006E-03 3.79899E-03 2.56482E-02 4.64113E-02 3.50892E-01 6.83723E-01 3.79899E-03 3.26006E-03 9.11326E-05 6.51391E-01 
9.11326E-05 3.70477E-03 4.21911E-03 2.54855E-02 4.56560E-02 3.44069E-01 6.73811E-01 4.21911E-03 3.70477E-03 9.11326E-05 6.30350E-01 
9.11326E-05 3.82788E-03 4.33517E-03 2.54322E-02 4.54304E-02 3.42064E-01 6.70876E-01 4.33517E-03 3.82788E-03 9.11326E-05 6.24076E-01 
9.11326E-05 4.37207E-03 4.84665E-03 2.51428E-02 4.43265E-02 3.32453E-01 6.56678E-01 4.84665E-03 4.37207E-03 9.11326E-05 5.93570E-01 
9.11326E-05 4.84710E-03 5.29044E-03 2.47976E-02 4.31789E-02 3.22768E-01 6.42148E-01 5.29044E-03 4.84710E-03 9.11326E-05 5.62320E-01 
9.11326E-05 5.25501E-03 5.66857E-03 2.43997E-02 4.19922E-02 3.13030E-01 6.27314E-01 5.66857E-03 5.25501E-03 9.11326E-05 5.30671E-01 
9.11326E-05 5.59820E-03 5.98346E-03 2.39524E-02 4.07710E-02 3.03259E-01 6.12208E-01 5.98346E-03 5.59820E-03 9.11326E-05 4.98948E-01 
4.87682E-04 5.88301E-03 6.24169E-03 2.34711E-02 3.95398E-02 2.93585E-01 5.97027E-01 6.24169E-03 5.88301E-03 4.87682E-04 4.66044E-01 
1.01307E-03 6.10857E-03 6.44197E-03 2.29440E-02 3.82764E-02 2.83874E-01 5.81569E-01 6.44197E-03 6.10857E-03 1.01307E-03 4.33431E-01 
1.47222E-03 6.27699E-03 6.58635E-03 2.23723E-02 3.69816E-02 2.74123E-01 5.65829E-01 6.58635E-03 6.27699E-03 1.47222E-03 4.01653E-01 
1.86799E-03 6.39161E-03 6.67815E-03 2.17609E-02 3.56616E-02 2.64358E-01 5.49847E-01 6.67815E-03 6.39161E-03 1.86799E-03 3.70927E-01 
2.20369E-03 6.45610E-03 6.72106E-03 2.11146E-02 3.43228E-02 2.54605E-01 5.33666E-01 6.72106E-03 6.45610E-03 2.20369E-03 3.41437E-01 
2.48298E-03 6.47444E-03 6.71903E-03 2.04384E-02 3.29714E-02 2.44891E-01 5.17326E-01 6.71903E-03 6.47444E-03 2.48298E-03 3.13330E-01 
2.70979E-03 6.45076E-03 6.67620E-03 1.97375E-02 3.16138E-02 2.35240E-01 5.00873E-01 6.67620E-03 6.45076E-03 2.70979E-03 2.86718E-01 
2.88821E-03 6.38935E-03 6.59680E-03 1.90169E-02 3.02559E-02 2.25677E-01 4.84348E-01 6.59680E-03 6.38935E-03 2.88821E-03 2.61680E-01 
3.02248E-03 6.29448E-03 6.48509E-03 1.82818E-02 2.89037E-02 2.16223E-01 4.67795E-01 6.48509E-03 6.29448E-03 3.02248E-03 2.38262E-01 
3.11681E-03 6.17040E-03 6.34528E-03 1.75369E-02 2.75626E-02 2.06901E-01 4.51256E-01 6.34528E-03 6.17040E-03 3.11681E-03 2.16480E-01 
3.17541E-03 6.02127E-03 6.18149E-03 1.67870E-02 2.62379E-02 1.97730E-01 4.34773E-01 6.18149E-03 6.02127E-03 3.17541E-03 1.96323E-01 
3.20236E-03 5.85107E-03 5.99765E-03 1.60363E-02 2.49342E-02 1.88730E-01 4.18385E-01 5.99765E-03 5.85107E-03 3.20236E-03 1.77761E-01 
3.20160E-03 5.66358E-03 5.79749E-03 1.52890E-02 2.36560E-02 1.79917E-01 4.02132E-01 5.79749E-03 5.66358E-03 3.20160E-03 1.60740E-01 
7.28927E-05 1.76896E-03 -6.74113E-04 2.30130E-02 4.59431E-02 3.83397E-01 7.47402E-01 -6.74113E-04 1.76896E-03 7.28927E-05 7.45379E-01 
7.28927E-05 1.76896E-03 7.41131E-05 2.30240E-02 4.51657E-02 3.74645E-01 7.34921E-01 7.41128E-05 1.76896E-03 7.28927E-05 7.25824E-01 
7.28927E-05 3.07512E-04 7.70797E-04 2.29972E-02 4.43667E-02 3.65901E-01 7.22259E-01 7.70797E-04 3.07512E-04 7.28927E-05 7.03389E-01 
7.28927E-05 9.81017E-04 1.41860E-03 2.29344E-02 4.35470E-02 3.57162E-01 7.09407E-01 1.41860E-03 9.81017E-04 7.28927E-05 6.78195E-01 
7.28927E-05 1.59952E-03 2.01224E-03 2.28215E-02 4.26831E-02 3.48309E-01 6.96209E-01 2.01224E-03 1.59952E-03 7.28927E-05 6.51535E-01 
7.28927E-05 2.16306E-03 2.55179E-03 2.26597E-02 4.17778E-02 3.39360E-01 6.82684E-01 2.55179E-03 2.16306E-03 7.28927E-05 6.23686E-01 
7.28927E-05 2.67209E-03 3.03773E-03 2.24505E-02 4.08338E-02 3.30332E-01 6.68854E-01 3.03773E-03 2.67209E-03 7.28927E-05 5.94925E-01 
7.28927E-05 3.02903E-03 3.37743E-03 2.22573E-02 4.00789E-02 3.23303E-01 6.57959E-01 3.37743E-03 3.02903E-03 7.28927E-05 5.72222E-01 
7.28927E-05 3.12739E-03 3.47085E-03 2.21958E-02 3.98543E-02 3.21242E-01 6.54743E-01 3.47085E-03 3.12739E-03 7.28927E-05 5.65531E-01 
7.28927E-05 3.55940E-03 3.87998E-03 2.18728E-02 3.87623E-02 3.11391E-01 6.39239E-01 3.87998E-03 3.55940E-03 7.28927E-05 5.33438E-01 
7.28927E-05 3.93203E-03 4.23081E-03 2.15023E-02 3.76373E-02 3.01510E-01 6.23468E-01 4.23081E-03 3.93203E-03 7.28927E-05 5.01248E-01 
7.28927E-05 4.24751E-03 4.52556E-03 2.10877E-02 3.64839E-02 2.91620E-01 6.07463E-01 4.52556E-03 4.24751E-03 7.28927E-05 4.69262E-01 
7.28927E-05 4.50836E-03 4.76676E-03 2.06326E-02 3.53068E-02 2.81743E-01 5.91259E-01 4.76676E-03 4.50836E-03 7.28927E-05 4.37757E-01 
3.89119E-04 4.72031E-03 4.96030E-03 2.01508E-02 3.41281E-02 2.72007E-01 5.75065E-01 4.96030E-03 4.72031E-03 3.89119E-04 4.05809E-01 
8.05393E-04 4.88308E-03 5.10561E-03 1.96322E-02 3.29279E-02 2.62278E-01 5.58666E-01 5.10561E-03 4.88308E-03 8.05393E-04 3.74618E-01 
1.16615E-03 4.99889E-03 5.20484E-03 1.90784E-02 3.17074E-02 2.52554E-01 5.42060E-01 5.20484E-03 4.99889E-03 1.16615E-03 3.44623E-01 
1.47421E-03 5.07091E-03 5.26118E-03 1.84939E-02 3.04723E-02 2.42861E-01 5.25289E-01 5.26118E-03 5.07091E-03 1.47421E-03 3.15982E-01 
1.73274E-03 5.10258E-03 5.27806E-03 1.78832E-02 2.92284E-02 2.33225E-01 5.08398E-01 5.27806E-03 5.10258E-03 1.73274E-03 2.88821E-01 
1.94514E-03 5.09751E-03 5.25907E-03 1.72511E-02 2.79814E-02 2.23669E-01 4.91431E-01 5.25907E-03 5.09751E-03 1.94514E-03 2.63231E-01 
2.11500E-03 5.05941E-03 5.20791E-03 1.66022E-02 2.67368E-02 2.14218E-01 4.74433E-01 5.20791E-03 5.05941E-03 2.11500E-03 2.39269E-01 
2.24599E-03 4.99202E-03 5.12830E-03 1.59410E-02 2.55000E-02 2.04894E-01 4.57446E-01 5.12830E-03 4.99202E-03 2.24599E-03 2.16964E-01 
2.34181E-03 4.89906E-03 5.02393E-03 1.52719E-02 2.42758E-02 1.95719E-01 4.40516E-01 5.02392E-03 4.89906E-03 2.34181E-03 1.96315E-01 
2.40613E-03 4.78415E-03 4.89838E-03 1.45992E-02 2.30690E-02 1.86710E-01 4.23682E-01 4.89838E-03 4.78415E-03 2.40613E-03 1.77295E-01 
2.44255E-03 4.65077E-03 4.75512E-03 1.39267E-02 2.18839E-02 1.77887E-01 4.06986E-01 4.75512E-03 4.65077E-03 2.44255E-03 1.59862E-01 
2.45450E-03 4.50221E-03 4.59740E-03 1.32582E-02 2.07241E-02 1.69265E-01 3.90465E-01 4.59740E-03 4.50221E-03 2.45450E-03 1.43951E-01 
2.44528E-03 4.34158E-03 4.42829E-03 1.25969E-02 1.95932E-02 1.60859E-01 3.74156E-01 4.42829E-03 4.34158E-03 2.44528E-03 1.29488E-01 
5.75724E-05 1.43376E-03 -6.23757E-04 2.06565E-02 4.09743E-02 3.63405E-01 7.36380E-01 -6.23758E-04 1.43376E-03 5.75724E-05 7.07260E-01 
5.75724E-05 1.43376E-03 -7.51177E-06 2.05890E-02 4.01611E-02 3.54310E-01 7.22486E-01 -7.51220E-06 1.43376E-03 5.75724E-05 6.82614E-01 
5.75724E-05 2.50830E-04 5.64036E-04 2.04897E-02 3.93336E-02 3.45260E-01 7.08469E-01 5.64036E-04 2.50830E-04 5.75724E-05 6.55901E-01 
5.75724E-05 7.98008E-04 1.09328E-03 2.03601E-02 3.84926E-02 3.36249E-01 6.94321E-01 1.09328E-03 7.98008E-04 5.75724E-05 6.27245E-01 
5.75724E-05 1.29749E-03 1.57546E-03 2.01873E-02 3.76163E-02 3.27159E-01 6.79870E-01 1.57546E-03 1.29749E-03 5.75724E-05 5.97743E-01 
5.75724E-05 1.74961E-03 2.01091E-03 1.99729E-02 3.67074E-02 3.18007E-01 6.65140E-01 2.01091E-03 1.74961E-03 5.75724E-05 5.67662E-01 
5.75724E-05 2.15505E-03 2.40033E-03 1.97184E-02 3.57689E-02 3.08812E-01 6.50157E-01 2.40033E-03 2.15505E-03 5.75724E-05 5.37263E-01 
5.75724E-05 2.43731E-03 2.67066E-03 1.94954E-02 3.50244E-02 3.01678E-01 6.38407E-01 2.67066E-03 2.43731E-03 5.75724E-05 5.13683E-01 
5.75724E-05 2.51475E-03 2.74468E-03 1.94261E-02 3.48040E-02 2.99591E-01 6.34947E-01 2.74468E-03 2.51475E-03 5.75724E-05 5.06797E-01 
5.75724E-05 2.85278E-03 3.06692E-03 1.90709E-02 3.37378E-02 2.89640E-01 6.18325E-01 3.06691E-03 2.85278E-03 5.75724E-05 4.74148E-01 
5.75724E-05 3.14097E-03 3.34008E-03 1.86773E-02 3.26490E-02 2.79701E-01 6.01506E-01 3.34008E-03 3.14097E-03 5.75724E-05 4.41975E-01 
5.75724E-05 3.38152E-03 3.56639E-03 1.82484E-02 3.15418E-02 2.69797E-01 5.84527E-01 3.56639E-03 3.38152E-03 5.75724E-05 4.10527E-01 
5.75724E-05 3.57690E-03 3.74829E-03 1.77878E-02 3.04208E-02 2.59949E-01 5.67426E-01 3.74829E-03 3.57690E-03 5.75724E-05 3.80022E-01 
3.06625E-04 3.73211E-03 3.89091E-03 1.73079E-02 2.93059E-02 2.50281E-01 5.50421E-01 3.89091E-03 3.73211E-03 3.06625E-04 3.49686E-01 
6.32471E-04 3.84727E-03 3.99417E-03 1.68001E-02 2.81792E-02 2.40662E-01 5.33288E-01 3.99417E-03 3.84727E-03 6.32471E-04 3.20470E-01 
9.12604E-04 3.92455E-03 4.06017E-03 1.62658E-02 2.70418E-02 2.31089E-01 5.16024E-01 4.06017E-03 3.92455E-03 9.12604E-04 2.92712E-01 
1.14968E-03 3.96685E-03 4.09182E-03 1.57092E-02 2.58989E-02 2.21587E-01 4.98674E-01 4.09182E-03 3.96685E-03 1.14968E-03 2.66514E-01 
1.34658E-03 3.97723E-03 4.09219E-03 1.51346E-02 2.47557E-02 2.12182E-01 4.81285E-01 4.09219E-03 3.97723E-03 1.34658E-03 2.41946E-01 
1.50638E-03 3.95888E-03 4.06445E-03 1.45460E-02 2.36171E-02 2.02895E-01 4.63901E-01 4.06445E-03 3.95888E-03 1.50638E-03 2.19048E-01 
1.63221E-03 3.91502E-03 4.01179E-03 1.39475E-02 2.24880E-02 1.93749E-01 4.46568E-01 4.01179E-03 3.91502E-03 1.63221E-03 1.97830E-01 
1.72727E-03 3.84882E-03 3.93738E-03 1.33431E-02 2.13727E-02 1.84763E-01 4.29328E-01 3.93738E-03 3.84882E-03 1.72727E-03 1.78275E-01 
1.79474E-03 3.76342E-03 3.84434E-03 1.27365E-02 2.02755E-02 1.75958E-01 4.12224E-01 3.84434E-03 3.76342E-03 1.79474E-03 1.60346E-01 
1.83772E-03 3.66182E-03 3.73564E-03 1.21314E-02 1.92000E-02 1.67350E-01 3.95296E-01 3.73564E-03 3.66182E-03 1.83772E-03 1.43984E-01 
1.85919E-03 3.54687E-03 3.61413E-03 1.15308E-02 1.81498E-02 1.58954E-01 3.78582E-01 3.61412E-03 3.54687E-03 1.85919E-03 1.29120E-01 
1.86201E-03 3.42126E-03 3.48243E-03 1.09379E-02 1.71277E-02 1.50784E-01 3.62118E-01 3.48243E-03 3.42126E-03 1.86201E-03 1.15668E-01 
1.84885E-03 3.28744E-03 3.34300E-03 1.03552E-02 1.61363E-02 1.42850E-01 3.45938E-01 3.34300E-03 3.28744E-03 1.84885E-03 1.03540E-01 
4.48841E-05 1.14191E-03 -5.46572E-04 1.86376E-02 3.63944E-02 3.42010E-01 7.20801E-01 -5.46572E-04 1.14191E-03 4.48841E-05 6.61602E-01 
4.48841E-05 1.14191E-03 -4.93877E-05 1.84926E-02 3.55583E-02 3.32703E-01 7.05651E-01 -4.93883E-05 1.14191E-03 4.48841E-05 6.33119E-01 
4.48841E-05 2.00893E-04 4.10374E-04 1.83227E-02 3.47156E-02 3.23476E-01 6.90441E-01 4.10373E-04 2.00893E-04 4.48841E-05 6.03364E-01 
4.48841E-05 6.37607E-04 8.34731E-04 1.81293E-02 3.38669E-02 3.14323E-01 6.75163E-01 8.34730E-04 6.37607E-04 4.48841E-05 5.72445E-01 
4.48841E-05 1.03414E-03 1.21936E-03 1.79002E-02 3.29916E-02 3.05124E-01 6.59631E-01 1.21936E-03 1.03414E-03 4.48841E-05 5.41270E-01 
4.48841E-05 1.39095E-03 1.56473E-03 1.76373E-02 3.20926E-02 2.95899E-01 6.43875E-01 1.56473E-03 1.39095E-03 4.48841E-05 5.10080E-01 
4.48841E-05 1.70880E-03 1.87161E-03 1.73422E-02 3.11729E-02 2.86664E-01 6.27922E-01 1.87161E-03 1.70880E-03 4.48841E-05 4.79107E-01 
4.48841E-05 1.92862E-03 2.08326E-03 1.70930E-02 3.04490E-02 2.79524E-01 6.15461E-01 2.08326E-03 1.92862E-03 4.48841E-05 4.55427E-01 
4.48841E-05 1.98868E-03 2.14099E-03 1.70169E-02 3.02355E-02 2.77439E-01 6.11801E-01 2.14099E-03 1.98868E-03 4.48841E-05 4.48566E-01 
4.48841E-05 2.24931E-03 2.39084E-03 1.66350E-02 2.92083E-02 2.67522E-01 5.94266E-01 2.39084E-03 2.24931E-03 4.48841E-05 4.16346E-01 
4.48841E-05 2.46901E-03 2.60032E-03 1.62235E-02 2.81681E-02 2.57658E-01 5.76609E-01 2.60032E-03 2.46901E-03 4.48841E-05 3.85078E-01 
4.48841E-05 2.64986E-03 2.77150E-03 1.57855E-02 2.71187E-02 2.47868E-01 5.58869E-01 2.77150E-03 2.64986E-03 4.48841E-05 3.54952E-01 
4.48841E-05 2.79412E-03 2.90663E-03 1.53242E-02 2.60642E-02 2.38172E-01 5.41085E-01 2.90663E-03 2.79412E-03 4.48841E-05 3.26124E-01 
2.38532E-04 2.90602E-03 3.01001E-03 1.48509E-02 2.50223E-02 2.28693E-01 5.23482E-01 3.01001E-03 2.90602E-03 2.38532E-04 2.97940E-01 
4.90444E-04 2.98593E-03 3.08189E-03 1.43576E-02 2.39770E-02 2.19299E-01 5.05829E-01 3.08189E-03 2.98593E-03 4.90444E-04 2.71132E-01 
7.05385E-04 3.03584E-03 3.12422E-03 1.38460E-02 2.29291E-02 2.09988E-01 4.88122E-01 3.12422E-03 3.03584E-03 7.05385E-04 2.45945E-01 
8.85742E-04 3.05830E-03 3.13954E-03 1.33197E-02 2.18833E-02 2.00784E-01 4.70407E-01 3.13954E-03 3.05830E-03 8.85742E-04 2.22428E-01 
1.03406E-03 3.05597E-03 3.13051E-03 1.27823E-02 2.08441E-02 1.91710E-01 4.52732E-01 3.13051E-03 3.05597E-03 1.03406E-03 2.00605E-01 
1.15299E-03 3.03155E-03 3.09982E-03 1.22375E-02 1.98155E-02 1.82786E-01 4.35142E-01 3.09982E-03 3.03155E-03 1.15299E-03 1.80468E-01 
1.24523E-03 2.98774E-03 3.05016E-03 1.16888E-02 1.88018E-02 1.74034E-01 4.17680E-01 3.05016E-03 2.98774E-03 1.24523E-03 1.61990E-01 
1.31348E-03 2.92720E-03 2.98417E-03 1.11396E-02 1.78063E-02 1.65471E-01 4.00389E-01 2.98417E-03 2.92720E-03 1.31348E-03 1.45120E-01 
1.36038E-03 2.85249E-03 2.90440E-03 1.05928E-02 1.68326E-02 1.57113E-01 3.83310E-01 2.90440E-03 2.85249E-03 1.36038E-03 1.29791E-01 
1.38849E-03 2.76604E-03 2.81326E-03 1.00514E-02 1.58836E-02 1.48975E-01 3.66480E-01 2.81326E-03 2.76604E-03 1.38849E-03 1.15923E-01 
1.40026E-03 2.67013E-03 2.71303E-03 9.51801E-03 1.49618E-02 1.41069E-01 3.49934E-01 2.71303E-03 2.67013E-03 1.40026E-03 1.03428E-01 
1.39799E-03 2.56689E-03 2.60580E-03 8.99495E-03 1.40695E-02 1.33406E-01 3.33706E-01 2.60580E-03 2.56689E-03 1.39799E-03 9.22111E-02 
1.38382E-03 2.45825E-03 2.49349E-03 8.48427E-03 1.32085E-02 1.25996E-01 3.17825E-01 2.49348E-03 2.45825E-03 1.38382E-03 8.21731E-02 
3.44996E-05 8.92244E-04 -4.58069E-04 1.68364E-02 3.21486E-02 3.19488E-01 7.00839E-01 -4.58069E-04 8.92244E-04 3.44996E-05 6.09170E-01 
3.44996E-05 8.92244E-04 -6.58335E-05 1.66208E-02 3.13047E-02 3.10099E-01 6.84612E-01 -6.58342E-05 8.92244E-04 3.44996E-05 5.78205E-01 
3.44996E-05 1.57712E-04 2.96214E-04 1.63878E-02 3.04616E-02 3.00824E-01 6.68391E-01 2.96213E-04 1.57712E-04 3.44996E-05 5.46701E-01 
3.44996E-05 4.99557E-04 6.29650E-04 1.61383E-02 2.96195E-02 2.91655E-01 6.52168E-01 6.29649E-04 4.99557E-04 3.44996E-05 5.14744E-01 
3.44996E-05 8.08542E-04 9.30549E-04 1.58610E-02 2.87594E-02 2.82473E-01 6.35746E-01 9.30548E-04 8.08542E-04 3.44996E-05 4.83053E-01 
3.44996E-05 1.08514E-03 1.19939E-03 1.55576E-02 2.78840E-02 2.73297E-01 6.19157E-01 1.19939E-03 1.08514E-03 3.44996E-05 4.51840E-01 
3.44996E-05 1.33009E-03 1.43691E-03 1.52298E-02 2.69961E-02 2.64145E-01 6.02430E-01 1.43691E-03 1.33009E-03 3.44996E-05 4.21295E-01 
3.44996E-05 1.49846E-03 1.59977E-03 1.49607E-02 2.63021E-02 2.57091E-01 5.89413E-01 1.59977E-03 1.49846E-03 3.44996E-05 3.98230E-01 
3.44996E-05 1.54429E-03 1.64403E-03 1.48796E-02 2.60983E-02 2.55034E-01 5.85597E-01 1.64403E-03 1.54429E-03 3.44996E-05 3.91591E-01 
3.44996E-05 1.74209E-03 1.83456E-03 1.44791E-02 2.51225E-02 2.45278E-01 5.67367E-01 1.83456E-03 1.74209E-03 3.44996E-05 3.60681E-01 
3.44996E-05 1.90706E-03 1.99266E-03 1.40575E-02 2.41420E-02 2.35610E-01 5.49091E-01 1.99266E-03 1.90706E-03 3.44996E-05 3.31085E-01 
3.44996E-05 2.04103E-03 2.12015E-03 1.36176E-02 2.31603E-02 2.26052E-01 5.30809E-01 2.12015E-03 2.04103E-03 3.44996E-05 3.02933E-01 
3.44996E-05 2.14599E-03 2.21899E-03 1.31623E-02 2.21810E-02 2.16623E-01 5.12562E-01 2.21899E-03 2.14599E-03 3.44996E-05 2.76323E-01 
1.82981E-04 2.22538E-03 2.29271E-03 1.27014E-02 2.12196E-02 2.07438E-01 4.94577E-01 2.29271E-03 2.22538E-03 1.82981E-04 2.50698E-01 
3.75116E-04 2.27973E-03 2.34171E-03 1.22279E-02 2.02616E-02 1.98371E-01 4.76619E-01 2.34171E-03 2.27973E-03 3.75116E-04 2.26602E-01 
5.37907E-04 2.31079E-03 2.36773E-03 1.17430E-02 1.93077E-02 1.89420E-01 4.58682E-01 2.36772E-03 2.31079E-03 5.37907E-04 2.04195E-01 
6.73416E-04 2.32070E-03 2.37291E-03 1.12501E-02 1.83619E-02 1.80606E-01 4.40814E-01 2.37291E-03 2.32070E-03 6.73416E-04 1.83485E-01 
7.83811E-04 2.31170E-03 2.35948E-03 1.07521E-02 1.74279E-02 1.71950E-01 4.23062E-01 2.35948E-03 2.31170E-03 7.83811E-04 1.64452E-01 
8.71323E-04 2.28602E-03 2.32967E-03 1.02523E-02 1.65091E-02 1.63471E-01 4.05469E-01 2.32967E-03 2.28602E-03 8.71323E-04 1.47055E-01 
9.38195E-04 2.24588E-03 2.28568E-03 9.75338E-03 1.56088E-02 1.55187E-01 3.88079E-01 2.28567E-03 2.24588E-03 9.38195E-04 1.31236E-01 
9.86643E-04 2.19340E-03 2.22963E-03 9.25814E-03 1.47299E-02 1.47113E-01 3.70931E-01 2.22963E-03 2.19340E-03 9.86643E-04 1.16920E-01 
1.01882E-03 2.13064E-03 2.16356E-03 8.76906E-03 1.38749E-02 1.39264E-01 3.54063E-01 2.16356E-03 2.13064E-03 1.01882E-03 1.04021E-01 
1.03680E-03 2.05953E-03 2.08940E-03 8.28840E-03 1.30461E-02 1.31651E-01 3.37511E-01 2.08940E-03 2.05953E-03 1.03680E-03 9.24464E-02 
1.04252E-03 1.98186E-03 2.00892E-03 7.81817E-03 1.22454E-02 1.24284E-01 3.21306E-01 2.00891E-03 1.98186E-03 1.04252E-03 8.20975E-02 
1.03782E-03 1.89927E-03 1.92374E-03 7.36012E-03 1.14742E-02 1.17171E-01 3.05477E-01 1.92373E-03 1.89927E-03 1.03782E-03 7.28747E-02 
1.02437E-03 1.81323E-03 1.83533E-03 6.91577E-03 1.07339E-02 1.10319E-01 2.90050E-01 1.83532E-03 1.81323E-03 1.02437E-03 6.46786E-02 
2.61387E-05 6.83365E-04 -3.69235E-04 1.51720E-02 2.82117E-02 2.96203E-01 6.76816E-01 -3.69236E-04 6.83365E-04 2.61387E-05 5.51555E-01 
2.61387E-05 6.83365E-04 -6.70198E-05 1.48978E-02 2.73761E-02 2.86860E-01 6.59712E-01 -6.70208E-05 6.83365E-04 2.61387E-05 5.19467E-01 
2.61387E-05 1.21237E-04 2.11798E-04 1.46135E-02 2.65479E-02 2.77660E-01 6.42682E-01 2.11797E-04 1.21237E-04 2.61387E-05 4.87481E-01 
2.61387E-05 3.83433E-04 4.68339E-04 1.43195E-02 2.57270E-02 2.68595E-01 6.25716E-01 4.68338E-04 3.83433E-04 2.61387E-05 4.55647E-01 
2.61387E-05 6.19569E-04 6.99047E-04 1.40053E-02 2.48960E-02 2.59548E-01 6.08608E-01 6.99046E-04 6.19569E-04 2.61387E-05 4.24516E-01 
2.61387E-05 8.30057E-04 9.04338E-04 1.36724E-02 2.40572E-02 2.50537E-01 5.91391E-01 9.04337E-04 8.30057E-04 2.61387E-05 3.94258E-01 
2.61387E-05 1.01552E-03 1.08483E-03 1.33225E-02 2.32130E-02 2.41580E-01 5.74099E-01 1.08483E-03 1.01552E-03 2.61387E-05 3.65020E-01 
2.61387E-05 1.14233E-03 1.20797E-03 1.30411E-02 2.25577E-02 2.34697E-01 5.60688E-01 1.20797E-03 1.14233E-03 2.61387E-05 3.43180E-01 
2.61387E-05 1.17673E-03 1.24132E-03 1.29572E-02 2.23660E-02 2.32694E-01 5.56764E-01 1.24132E-03 1.17673E-03 2.61387E-05 3.36931E-01 
2.61387E-05 1.32448E-03 1.38423E-03 1.25482E-02 2.14521E-02 2.23211E-01 5.38064E-01 1.38423E-03 1.32448E-03 2.61387E-05 3.08052E-01 
2.61387E-05 1.44651E-03 1.50169E-03 1.21259E-02 2.05408E-02 2.13849E-01 5.19393E-01 1.50169E-03 1.44651E-03 2.61387E-05 2.80733E-01 
2.61387E-05 1.54435E-03 1.59524E-03 1.16925E-02 1.96348E-02 2.04627E-01 5.00793E-01 1.59523E-03 1.54435E-03 2.61387E-05 2.55046E-01 
2.61387E-05 1.61967E-03 1.66651E-03 1.12506E-02 1.87372E-02 1.95563E-01 4.82304E-01 1.66651E-03 1.61967E-03 2.61387E-05 2.31036E-01 
1.38388E-04 1.67519E-03 1.71829E-03 1.08088E-02 1.78614E-02 1.86766E-01 4.64154E-01 1.71829E-03 1.67519E-03 1.38388E-04 2.08227E-01 
2.82945E-04 1.71150E-03 1.75107E-03 1.03605E-02 1.69944E-02 1.78115E-01 4.46102E-01 1.75107E-03 1.71150E-03 2.82945E-04 1.87003E-01 
4.04643E-04 1.73005E-03 1.76632E-03 9.90700E-03 1.61366E-02 1.69605E-01 4.28145E-01 1.76632E-03 1.73005E-03 4.04643E-04 1.67457E-01 
5.05202E-04 1.73263E-03 1.76580E-03 9.45081E-03 1.52914E-02 1.61257E-01 4.10330E-01 1.76580E-03 1.73263E-03 5.05202E-04 1.49558E-01 
5.86414E-04 1.72103E-03 1.75131E-03 8.99458E-03 1.44617E-02 1.53089E-01 3.92701E-01 1.75131E-03 1.72103E-03 5.86414E-04 1.33259E-01 
6.50100E-04 1.69705E-03 1.72464E-03 8.54078E-03 1.36503E-02 1.45119E-01 3.75301E-01 1.72464E-03 1.69705E-03 6.50100E-04 1.18492E-01 
6.98076E-04 1.66245E-03 1.68754E-03 8.09174E-03 1.28598E-02 1.37361E-01 3.58169E-01 1.68754E-03 1.66245E-03 6.98076E-04 1.05177E-01 
7.32121E-04 1.61892E-03 1.64169E-03 7.64958E-03 1.20923E-02 1.29829E-01 3.41345E-01 1.64169E-03 1.61892E-03 7.32121E-04 9.32260E-02 
7.53947E-04 1.56805E-03 1.58869E-03 7.21624E-03 1.13497E-02 1.22533E-01 3.24862E-01 1.58869E-03 1.56805E-03 7.53947E-04 8.25421E-02 
7.65185E-04 1.51134E-03 1.53001E-03 6.79340E-03 1.06336E-02 1.15484E-01 3.08751E-01 1.53001E-03 1.51134E-03 7.65185E-04 7.30263E-02 
7.67361E-04 1.45015E-03 1.46702E-03 6.38257E-03 9.94523E-03 1.08688E-01 2.93042E-01 1.46702E-03 1.45015E-03 7.67361E-04 6.45785E-02 
7.61889E-04 1.38574E-03 1.40095E-03 5.98498E-03 9.28566E-03 1.02152E-01 2.77759E-01 1.40095E-03 1.38574E-03 7.61889E-04 5.71003E-02 
7.50065E-04 1.31921E-03 1.33290E-03 5.60169E-03 8.65552E-03 9.58799E-02 2.62923E-01 1.33290E-03 1.31921E-03 7.50065E-04 5.04965E-02 
1.95114E-05 5.12376E-04 -2.87031E-04 1.35906E-02 2.45642E-02 2.72493E-01 6.49113E-01 -2.87032E-04 5.12376E-04 1.95114E-05 4.90699E-01 
1.95114E-05 5.12376E-04 -6.00206E-05 1.32730E-02 2.37527E-02 2.63315E-01 6.31346E-01 -6.00217E-05 5.12376E-04 1.95114E-05 4.58752E-01 
1.95114E-05 9.11259E-05 1.49658E-04 1.29518E-02 2.29543E-02 2.54305E-01 6.13719E-01 1.49657E-04 9.11259E-05 1.95114E-05 4.27428E-01 
1.95114E-05 2.87918E-04 3.42692E-04 1.26272E-02 2.21685E-02 2.45456E-01 5.96221E-01 3.42691E-04 2.87918E-04 1.95114E-05 3.96744E-01 
1.95114E-05 4.64707E-04 5.15881E-04 1.22893E-02 2.13792E-02 2.36652E-01 5.78639E-01 5.15880E-04 4.64707E-04 1.95114E-05 3.67094E-01 
1.95114E-05 6.21794E-04 6.69527E-04 1.19395E-02 2.05886E-02 2.27911E-01 5.61009E-01 6.69526E-04 6.21794E-04 1.95114E-05 3.38607E-01 
1.95114E-05 7.59652E-04 8.04107E-04 1.15791E-02 1.97988E-02 2.19250E-01 5.43364E-01 8.04105E-04 7.59652E-04 1.95114E-05 3.11388E-01 
1.95114E-05 8.53511E-04 8.95539E-04 1.12940E-02 1.91895E-02 2.12614E-01 5.29723E-01 8.95538E-04 8.53511E-04 1.95114E-05 2.91250E-01 
1.95114E-05 8.78898E-04 9.20234E-04 1.12098E-02 1.90118E-02 2.10685E-01 5.25739E-01 9.20233E-04 8.78898E-04 1.95114E-05 2.85519E-01 
1.95114E-05 9.87485E-04 1.02564E-03 1.08031E-02 1.81686E-02 2.01576E-01 5.06795E-01 1.02564E-03 9.87485E-04 1.95114E-05 2.59211E-01 
1.95114E-05 1.07640E-03 1.11156E-03 1.03897E-02 1.73336E-02 1.92615E-01 4.87954E-01 1.11156E-03 1.07640E-03 1.95114E-05 2.34595E-01 
1.95114E-05 1.14688E-03 1.17922E-03 9.97151E-03 1.65091E-02 1.83820E-01 4.69256E-01 1.17922E-03 1.14688E-03 1.95114E-05 2.11693E-01 
1.95114E-05 1.20024E-03 1.22994E-03 9.55060E-03 1.56975E-02 1.75205E-01 4.50741E-01 1.22994E-03 1.20024E-03 1.95114E-05 1.90505E-01 
1.03139E-04 1.23858E-03 1.26584E-03 9.13438E-03 1.49103E-02 1.66874E-01 4.32634E-01 1.26584E-03 1.23858E-03 1.03139E-04 1.70623E-01 
2.10382E-04 1.26246E-03 1.28744E-03 8.71687E-03 1.41358E-02 1.58709E-01 4.14695E-01 1.28743E-03 1.26246E-03 2.10382E-04 1.52301E-01 
3.00154E-04 1.27309E-03 1.29591E-03 8.29885E-03 1.33742E-02 1.50707E-01 3.96918E-01 1.29591E-03 1.27309E-03 3.00154E-04 1.35579E-01 
3.73845E-04 1.27185E-03 1.29268E-03 7.88251E-03 1.26282E-02 1.42885E-01 3.79350E-01 1.29267E-03 1.27185E-03 3.73845E-04 1.20400E-01 
4.32889E-04 1.26018E-03 1.27914E-03 7.46995E-03 1.19002E-02 1.35260E-01 3.62031E-01 1.27914E-03 1.26018E-03 4.32889E-04 1.06694E-01 
4.78734E-04 1.23948E-03 1.25670E-03 7.06310E-03 1.11921E-02 1.27847E-01 3.45004E-01 1.25670E-03 1.23948E-03 4.78734E-04 9.43776E-02 
5.12812E-04 1.21110E-03 1.22672E-03 6.66375E-03 1.05061E-02 1.20657E-01 3.28305E-01 1.22672E-03 1.21110E-03 5.12812E-04 8.33602E-02 
5.36513E-04 1.17635E-03 1.19049E-03 6.27353E-03 9.84350E-03 1.13702E-01 3.11968E-01 1.19049E-03 1.17635E-03 5.36513E-04 7.35454E-02 
5.51172E-04 1.13645E-03 1.14923E-03 5.89384E-03 9.20578E-03 1.06991E-01 2.96024E-01 1.14922E-03 1.13645E-03 5.51172E-04 6.48346E-02 
5.58044E-04 1.09252E-03 1.10404E-03 5.52591E-03 8.59394E-03 1.00530E-01 2.80502E-01 1.10404E-03 1.09252E-03 5.58044E-04 5.71291E-02 
5.58301E-04 1.04559E-03 1.05597E-03 5.17077E-03 8.00876E-03 9.43245E-02 2.65425E-01 1.05597E-03 1.04559E-03 5.58301E-04 5.03325E-02 
5.53018E-04 9.96585E-04 1.00592E-03 4.82925E-03 7.45076E-03 8.83782E-02 2.50814E-01 1.00592E-03 9.96585E-04 5.53018E-04 4.43523E-02 
5.43176E-04 9.46325E-04 9.54703E-04 4.50200E-03 6.92021E-03 8.26929E-02 2.36686E-01 9.54701E-04 9.46325E-04 5.43176E-04 3.91009E-02 
1.43393E-05 3.75451E-04 -2.15299E-04 1.20633E-02 2.11937E-02 2.48672E-01 6.18154E-01 -2.15300E-04 3.75451E-04 1.43393E-05 4.28651E-01 
1.43393E-05 3.75451E-04 -4.94784E-05 1.17187E-02 2.04210E-02 2.39767E-01 5.99944E-01 -4.94798E-05 3.75451E-04 1.43393E-05 3.97941E-01 
1.43393E-05 6.68380E-05 1.04184E-04 1.13762E-02 1.96658E-02 2.31052E-01 5.81937E-01 1.04182E-04 6.68380E-05 1.43393E-05 3.68246E-01 
1.43393E-05 2.11116E-04 2.45996E-04 1.10355E-02 1.89272E-02 2.22518E-01 5.64123E-01 2.45995E-04 2.11116E-04 1.43393E-05 3.39547E-01 
1.43393E-05 3.40581E-04 3.73103E-04 1.06876E-02 1.81908E-02 2.14053E-01 5.46282E-01 3.73101E-04 3.40581E-04 1.43393E-05 3.12110E-01 
1.43393E-05 4.55403E-04 4.85677E-04 1.03337E-02 1.74582E-02 2.05674E-01 5.28451E-01 4.85675E-04 4.55403E-04 1.43393E-05 2.86019E-01 
1.43393E-05 5.55903E-04 5.84038E-04 9.97473E-03 1.67312E-02 1.97398E-01 5.10665E-01 5.84036E-04 5.55903E-04 1.43393E-05 2.61339E-01 
1.43393E-05 6.24112E-04 6.50666E-04 9.69437E-03 1.61736E-02 1.91074E-01 4.96955E-01 6.50665E-04 6.24112E-04 1.43393E-05 2.43239E-01 
1.43393E-05 6.42520E-04 6.68625E-04 9.61205E-03 1.60115E-02 1.89239E-01 4.92958E-01 6.68624E-04 6.42520E-04 1.43393E-05 2.38114E-01 
1.43393E-05 7.21000E-04 7.45039E-04 9.21823E-03 1.52454E-02 1.80589E-01 4.73993E-01 7.45037E-04 7.21000E-04 1.43393E-05 2.14726E-01 
1.43393E-05 7.84814E-04 8.06910E-04 8.82310E-03 1.44917E-02 1.72109E-01 4.55200E-01 8.06909E-04 7.84814E-04 1.43393E-05 1.93062E-01 
1.43393E-05 8.34899E-04 8.55175E-04 8.42824E-03 1.37522E-02 1.63814E-01 4.36617E-01 8.55173E-04 8.34899E-04 1.43393E-05 1.73102E-01 
1.43393E-05 8.72278E-04 8.90853E-04 8.03526E-03 1.30287E-02 1.55717E-01 4.18283E-01 8.90851E-04 8.72278E-04 1.43393E-05 1.54810E-01 
7.56990E-05 8.98480E-04 9.15485E-04 7.65044E-03 1.23309E-02 1.47913E-01 4.00419E-01 9.15483E-04 8.98480E-04 7.56990E-05 1.37837E-01 
1.54104E-04 9.14027E-04 9.29564E-04 7.26828E-03 1.16484E-02 1.40292E-01 3.82785E-01 9.29562E-04 9.14027E-04 1.54104E-04 1.22338E-01 
2.19417E-04 9.19863E-04 9.34028E-04 6.88929E-03 1.09812E-02 1.32848E-01 3.65375E-01 9.34026E-04 9.19863E-04 2.19417E-04 1.08309E-01 
2.72723E-04 9.17067E-04 9.29954E-04 6.51519E-03 1.03314E-02 1.25598E-01 3.48232E-01 9.29952E-04 9.17067E-04 2.72723E-04 9.56786E-02 
3.15138E-04 9.06723E-04 9.18424E-04 6.14761E-03 9.70063E-03 1.18555E-01 3.31397E-01 9.18422E-04 9.06723E-04 3.15138E-04 8.43631E-02 
3.47782E-04 8.89896E-04 9.00498E-04 5.78800E-03 9.09056E-03 1.11731E-01 3.14906E-01 9.00496E-04 8.89896E-04 3.47782E-04 7.42721E-02 
3.71753E-04 8.67613E-04 8.77201E-04 5.43768E-03 8.50249E-03 1.05138E-01 2.98794E-01 8.77199E-04 8.67613E-04 3.71753E-04 6.53109E-02 
3.88115E-04 8.40849E-04 8.49503E-04 5.09783E-03 7.93750E-03 9.87820E-02 2.83090E-01 8.49501E-04 8.40849E-04 3.88115E-04 5.73831E-02 
3.97881E-04 8.10511E-04 8.18309E-04 4.76942E-03 7.39643E-03 9.26712E-02 2.67823E-01 8.18307E-04 8.10511E-04 3.97881E-04 5.03931E-02 
4.02000E-04 7.77435E-04 7.84448E-04 4.45327E-03 6.87988E-03 8.68096E-02 2.53016E-01 7.84446E-04 7.77435E-04 4.02000E-04 4.42479E-02 
4.01351E-04 7.42374E-04 7.48671E-04 4.15004E-03 6.38822E-03 8.12005E-02 2.38688E-01 7.48669E-04 7.42374E-04 4.01351E-04 3.88589E-02 
3.96738E-04 7.06003E-04 7.11647E-04 3.86021E-03 5.92163E-03 7.58452E-02 2.24855E-01 7.11645E-04 7.06003E-04 3.96738E-04 3.41425E-02 
3.88889E-04 6.68914E-04 6.73964E-04 3.58412E-03 5.48007E-03 7.07437E-02 2.11531E-01 6.73962E-04 6.68914E-04 3.88889E-04 3.00214E-02 
1.03759E-05 2.68534E-04 -1.55763E-04 1.05847E-02 1.81020E-02 2.25092E-01 5.84483E-01 -1.55764E-04 2.68534E-04 1.03759E-05 3.67545E-01 
1.03759E-05 2.68534E-04 -3.82772E-05 1.02295E-02 1.73806E-02 2.16556E-01 5.66052E-01 -3.82787E-05 2.68534E-04 1.03759E-05 3.38946E-01 
1.03759E-05 4.77596E-05 7.12584E-05 9.88087E-03 1.66799E-02 2.08226E-01 5.47884E-01 7.12568E-05 4.77596E-05 1.03759E-05 3.11623E-01 
1.03759E-05 1.50941E-04 1.72843E-04 9.53830E-03 1.59984E-02 2.00093E-01 5.29966E-01 1.72841E-04 1.50941E-04 1.03759E-05 2.85529E-01 
1.03759E-05 2.43582E-04 2.63960E-04 9.19346E-03 1.53234E-02 1.92048E-01 5.12077E-01 2.63958E-04 2.43582E-04 1.03759E-05 2.60819E-01 
1.03759E-05 3.25729E-04 3.44656E-04 8.84725E-03 1.46561E-02 1.84110E-01 4.94255E-01 3.44655E-04 3.25729E-04 1.03759E-05 2.37541E-01 
1.03759E-05 3.97554E-04 4.15105E-04 8.50056E-03 1.39981E-02 1.76291E-01 4.76534E-01 4.15104E-04 3.97554E-04 1.03759E-05 2.15723E-01 
1.03759E-05 4.46219E-04 4.62756E-04 8.23258E-03 1.34960E-02 1.70332E-01 4.62912E-01 4.62754E-04 4.46219E-04 1.03759E-05 1.99849E-01 
1.03759E-05 4.59336E-04 4.75584E-04 8.15434E-03 1.33504E-02 1.68606E-01 4.58947E-01 4.75582E-04 4.59336E-04 1.03759E-05 1.95374E-01 
1.03759E-05 5.15134E-04 5.30058E-04 7.78267E-03 1.26653E-02 1.60484E-01 4.40174E-01 5.30056E-04 5.15134E-04 1.03759E-05 1.75070E-01 
1.03759E-05 5.60278E-04 5.73962E-04 7.41388E-03 1.19953E-02 1.52548E-01 4.21635E-01 5.73960E-04 5.60278E-04 1.03759E-05 1.56435E-01 
1.03759E-05 5.95449E-04 6.07973E-04 7.04917E-03 1.13419E-02 1.44810E-01 4.03368E-01 6.07971E-04 5.95449E-04 1.03759E-05 1.39421E-01 
1.03759E-05 6.21397E-04 6.32840E-04 6.68975E-03 1.07062E-02 1.37282E-01 3.85409E-01 6.32838E-04 6.21397E-04 1.03759E-05 1.23965E-01 
5.47190E-05 6.39193E-04 6.49641E-04 6.34084E-03 1.00964E-02 1.30051E-01 3.67971E-01 6.49639E-04 6.39193E-04 5.47190E-05 1.09772E-01 
1.11219E-04 6.49299E-04 6.58819E-04 5.99743E-03 9.50339E-03 1.23013E-01 3.50819E-01 6.58817E-04 6.49299E-04 1.11219E-04 9.69179E-02 
1.58098E-04 6.52431E-04 6.61087E-04 5.65979E-03 8.92684E-03 1.16162E-01 3.33945E-01 6.61085E-04 6.52431E-04 1.58098E-04 8.53743E-02 
1.96180E-04 6.49392E-04 6.57245E-04 5.32922E-03 8.36828E-03 1.09512E-01 3.17389E-01 6.57243E-04 6.49392E-04 1.96180E-04 7.50595E-02 
2.26305E-04 6.40985E-04 6.48095E-04 5.00691E-03 7.82901E-03 1.03074E-01 3.01189E-01 6.48093E-04 6.40985E-04 2.26305E-04 6.58856E-02 
2.49315E-04 6.27998E-04 6.34421E-04 4.69392E-03 7.31011E-03 9.68584E-02 2.85378E-01 6.34419E-04 6.27998E-04 2.49315E-04 5.77613E-02 
2.66034E-04 6.11185E-04 6.16977E-04 4.39116E-03 6.81246E-03 9.08733E-02 2.69987E-01 6.16975E-04 6.11185E-04 2.66034E-04 5.05944E-02 
2.77256E-04 5.91259E-04 5.96472E-04 4.09943E-03 6.33672E-03 8.51247E-02 2.55041E-01 5.96469E-04 5.91259E-04 2.77256E-04 4.42937E-02 
2.83732E-04 5.68881E-04 5.73564E-04 3.81936E-03 5.88334E-03 7.96170E-02 2.40564E-01 5.73562E-04 5.68881E-04 2.83732E-04 3.87709E-02 
2.86165E-04 5.44657E-04 5.48855E-04 3.55142E-03 5.45258E-03 7.43529E-02 2.26575E-01 5.48853E-04 5.44657E-04 2.86165E-04 3.39421E-02 
2.85203E-04 5.19128E-04 5.22887E-04 3.29599E-03 5.04453E-03 6.93336E-02 2.13090E-01 5.22884E-04 5.19128E-04 2.85203E-04 2.97288E-02 
2.81435E-04 4.92779E-04 4.96137E-04 3.05327E-03 4.65907E-03 6.45587E-02 2.00120E-01 4.96135E-04 4.92779E-04 2.81435E-04 2.60583E-02 
2.75394E-04 4.66030E-04 4.69025E-04 2.82337E-03 4.29596E-03 6.00264E-02 1.87673E-01 4.69023E-04 4.66030E-04 2.75394E-04 2.28645E-02 
7.38165E-06 1.86855E-04 -1.08296E-04 9.15672E-03 1.52803E-02 2.01973E-01 5.48520E-01 -1.08298E-04 1.86855E-04 7.38165E-06 3.09010E-01 
7.38165E-06 1.86855E-04 -2.79882E-05 8.80585E-03 1.46203E-02 1.93889E-01 5.30085E-01 -2.79899E-05 1.86855E-04 7.38165E-06 2.83161E-01 
7.38165E-06 3.31185E-05 4.76390E-05 8.46490E-03 1.39826E-02 1.86021E-01 5.11968E-01 4.76372E-05 3.31185E-05 7.38165E-06 2.58730E-01 
7.38165E-06 1.04850E-04 1.18353E-04 8.13301E-03 1.33657E-02 1.78360E-01 4.94154E-01 1.18351E-04 1.04850E-04 7.38165E-06 2.35645E-01 
7.38165E-06 1.69436E-04 1.81970E-04 7.80267E-03 1.27583E-02 1.70804E-01 4.76422E-01 1.81968E-04 1.69436E-04 7.38165E-06 2.13975E-01 
7.38165E-06 2.26815E-04 2.38430E-04 7.47457E-03 1.21614E-02 1.63369E-01 4.58808E-01 2.38428E-04 2.26815E-04 7.38165E-06 1.93736E-01 
7.38165E-06 2.77036E-04 2.87780E-04 7.14937E-03 1.15760E-02 1.56067E-01 4.41347E-01 2.87778E-04 2.77036E-04 7.38165E-06 1.74927E-01 
7.38165E-06 3.11067E-04 3.21171E-04 6.90017E-03 1.11315E-02 1.50517E-01 4.27963E-01 3.21169E-04 3.11067E-04 7.38165E-06 1.61343E-01 
7.38165E-06 3.20237E-04 3.30160E-04 6.82776E-03 1.10030E-02 1.48911E-01 4.24072E-01 3.30157E-04 3.20237E-04 7.38165E-06 1.57530E-01 
7.38165E-06 3.59216E-04 3.68306E-04 6.48583E-03 1.04004E-02 1.41372E-01 4.05691E-01 3.68303E-04 3.59216E-04 7.38165E-06 1.40318E-01 
7.38165E-06 3.90678E-04 3.98989E-04 6.14978E-03 9.81435E-03 1.34027E-01 3.87600E-01 3.98987E-04 3.90678E-04 7.38165E-06 1.24657E-01 
7.38165E-06 4.15085E-04 4.22670E-04 5.82046E-03 9.24599E-03 1.26890E-01 3.69834E-01 4.22668E-04 4.15085E-04 7.38165E-06 1.10479E-01 
7.38165E-06 4.32961E-04 4.39873E-04 5.49871E-03 8.69617E-03 1.19968E-01 3.52427E-01 4.39870E-04 4.32961E-04 7.38165E-06 9.77040E-02 
3.89005E-05 4.45015E-04 4.51308E-04 5.18881E-03 8.17143E-03 1.13341E-01 3.35584E-01 4.51306E-04 4.45015E-04 3.89005E-05 8.60835E-02 
7.89788E-05 4.51639E-04 4.57357E-04 4.88626E-03 7.66380E-03 1.06913E-01 3.19073E-01 4.57355E-04 4.51639E-04 7.89788E-05 7.56417E-02 
1.12136E-04 4.53360E-04 4.58544E-04 4.59109E-03 7.17289E-03 1.00675E-01 3.02886E-01 4.58541E-04 4.53360E-04 1.12136E-04 6.63319E-02 
1.38974E-04 4.50753E-04 4.55442E-04 4.30425E-03 6.69977E-03 9.46415E-02 2.87060E-01 4.55440E-04 4.50753E-04 1.38974E-04 5.80709E-02 
1.60108E-04 4.44396E-04 4.48629E-04 4.02657E-03 6.24530E-03 8.88202E-02 2.71629E-01 4.48627E-04 4.44396E-04 1.60108E-04 5.07726E-02 
1.76154E-04 4.34852E-04 4.38665E-04 3.75877E-03 5.81018E-03 8.32192E-02 2.56622E-01 4.38663E-04 4.34852E-04 1.76154E-04 4.43502E-02 
1.87712E-04 4.22661E-04 4.26089E-04 3.50144E-03 5.39492E-03 7.78445E-02 2.42066E-01 4.26087E-04 4.22661E-04 1.87712E-04 3.87184E-02 
1.95360E-04 4.08332E-04 4.11408E-04 3.25507E-03 4.99987E-03 7.27001E-02 2.27983E-01 4.11406E-04 4.08332E-04 1.95360E-04 3.37947E-02 
1.99643E-04 3.92335E-04 3.95090E-04 3.01999E-03 4.62517E-03 6.77887E-02 2.14391E-01 3.95088E-04 3.92335E-04 1.99643E-04 2.95012E-02 
2.01070E-04 3.75098E-04 3.77561E-04 2.79645E-03 4.27084E-03 6.31111E-02 2.01306E-01 3.77559E-04 3.75098E-04 2.01070E-04 2.57648E-02 
2.00108E-04 3.57006E-04 3.59203E-04 2.58457E-03 3.93673E-03 5.86669E-02 1.88738E-01 3.59201E-04 3.57006E-04 2.00108E-04 2.25185E-02 
1.97183E-04 3.38396E-04 3.40354E-04 2.38438E-03 3.62257E-03 5.44541E-02 1.76695E-01 3.40352E-04 3.38396E-04 1.97183E-04 1.97013E-02 
1.92679E-04 3.19567E-04 3.21307E-04 2.19580E-03 3.32796E-03 5.04700E-02 1.65182E-01 3.21305E-04 3.19567E-04 1.92679E-04 1.72583E-02 
5.18043E-06 1.26660E-04 -7.23206E-05 7.80877E-03 1.27570E-02 1.79812E-01 5.11202E-01 -7.23225E-05 1.26660E-04 5.18043E-06 2.55095E-01 
5.18043E-06 1.26660E-04 -1.94523E-05 7.47474E-03 1.21645E-02 1.72241E-01 4.92971E-01 -1.94542E-05 1.26660E-04 5.18043E-06 2.32360E-01 
5.18043E-06 2.22974E-05 3.11189E-05 7.15266E-03 1.15949E-02 1.64892E-01 4.75105E-01 3.11169E-05 2.22974E-05 5.18043E-06 2.11080E-01 
5.18043E-06 7.08244E-05 7.90074E-05 6.84154E-03 1.10465E-02 1.57754E-01 4.57587E-01 7.90054E-05 7.08244E-05 5.18043E-06 1.91165E-01 
5.18043E-06 1.14770E-04 1.22347E-04 6.53468E-03 1.05093E-02 1.50735E-01 4.40200E-01 1.22345E-04 1.14770E-04 5.18043E-06 1.72619E-01 
5.18043E-06 1.53993E-04 1.60996E-04 6.23257E-03 9.98430E-03 1.43845E-01 4.22978E-01 1.60994E-04 1.53993E-04 5.18043E-06 1.55436E-01 
5.18043E-06 1.88446E-04 1.94907E-04 5.93566E-03 9.47205E-03 1.37098E-01 4.05955E-01 1.94905E-04 1.88446E-04 5.18043E-06 1.39592E-01 
5.18043E-06 2.11850E-04 2.17913E-04 5.70980E-03 9.08491E-03 1.31982E-01 3.92940E-01 2.17911E-04 2.11850E-04 5.18043E-06 1.28228E-01 
5.18043E-06 2.18163E-04 2.24113E-04 5.64444E-03 8.97328E-03 1.30505E-01 3.89162E-01 2.24111E-04 2.18163E-04 5.18043E-06 1.25049E-01 
5.18043E-06 2.45022E-04 2.50458E-04 5.33735E-03 8.45134E-03 1.23578E-01 3.71349E-01 2.50456E-04 2.45022E-04 5.18043E-06 1.10775E-01 
5.18043E-06 2.66721E-04 2.71676E-04 5.03802E-03 7.94653E-03 1.16852E-01 3.53875E-01 2.71674E-04 2.66721E-04 5.18043E-06 9.78897E-02 
5.18043E-06 2.83550E-04 2.88059E-04 4.74701E-03 7.45949E-03 1.10335E-01 3.36770E-01 2.88057E-04 2.83550E-04 5.18043E-06 8.63150E-02 
5.18043E-06 2.95855E-04 2.99952E-04 4.46485E-03 6.99076E-03 1.04036E-01 3.20066E-01 2.99949E-04 2.95855E-04 5.18043E-06 7.59646E-02 
2.72909E-05 3.04074E-04 3.07792E-04 4.19500E-03 6.54560E-03 9.80235E-02 3.03957E-01 3.07790E-04 3.04074E-04 2.72909E-05 6.66309E-02 
5.53754E-05 3.08530E-04 3.11898E-04 3.93343E-03 6.11711E-03 9.22098E-02 2.88218E-01 3.11896E-04 3.08530E-04 5.53754E-05 5.83038E-02 
7.85701E-05 3.09597E-04 3.12642E-04 3.68004E-03 5.70481E-03 8.65878E-02 2.72840E-01 3.12640E-04 3.09597E-04 7.85701E-05 5.09281E-02 
9.73014E-05 3.07676E-04 3.10422E-04 3.43547E-03 5.30940E-03 8.11668E-02 2.57856E-01 3.10420E-04 3.07676E-04 9.73014E-05 4.44245E-02 
1.12007E-04 3.03167E-04 3.05639E-04 3.20027E-03 4.93142E-03 7.59542E-02 2.43297E-01 3.05637E-04 3.03167E-04 1.12007E-04 3.87129E-02 
1.23123E-04 2.96464E-04 2.98684E-04 2.97487E-03 4.57127E-03 7.09557E-02 2.29187E-01 2.98682E-04 2.96464E-04 1.23123E-04 3.37150E-02 
1.31080E-04 2.87944E-04 2.89934E-04 2.75962E-03 4.22918E-03 6.61755E-02 2.15549E-01 2.89932E-04 2.87944E-04 1.31080E-04 2.93549E-02 
1.36287E-04 2.77961E-04 2.79742E-04 2.55476E-03 3.90524E-03 6.16158E-02 2.02401E-01 2.79740E-04 2.77961E-04 1.36287E-04 2.55612E-02 
1.39133E-04 2.66843E-04 2.68434E-04 2.36043E-03 3.59941E-03 5.72776E-02 1.89758E-01 2.68432E-04 2.66843E-04 1.39133E-04 2.22672E-02 
1.39979E-04 2.54889E-04 2.56307E-04 2.17668E-03 3.31152E-03 5.31604E-02 1.77629E-01 2.56305E-04 2.54889E-04 1.39979E-04 1.94117E-02 
1.39159E-04 2.42365E-04 2.43627E-04 2.00349E-03 3.04128E-03 4.92624E-02 1.66022E-01 2.43625E-04 2.42365E-04 1.39159E-04 1.69390E-02 
1.36974E-04 2.29508E-04 2.30630E-04 1.84072E-03 2.78830E-03 4.55804E-02 1.54941E-01 2.30628E-04 2.29508E-04 1.36974E-04 1.47995E-02 
1.33698E-04 2.16525E-04 2.17519E-04 1.68822E-03 2.55211E-03 4.21107E-02 1.44385E-01 2.17517E-04 2.16525E-04 1.33698E-04 1.29489E-02 
3.56315E-06 8.27669E-05 -4.56911E-05 6.53596E-03 1.04882E-02 1.58452E-01 4.72426E-01 -4.56932E-05 8.27669E-05 3.56315E-06 2.05940E-01 
3.56315E-06 8.27669E-05 -1.27292E-05 6.22862E-03 9.96754E-03 1.51448E-01 4.54596E-01 -1.27314E-05 8.27669E-05 3.56315E-06 1.86514E-01 
3.56315E-06 1.44005E-05 1.95916E-05 5.93423E-03 9.46916E-03 1.44667E-01 4.37171E-01 1.95894E-05 1.44005E-05 3.56315E-06 1.68493E-01 
3.56315E-06 4.59990E-05 5.08006E-05 5.65168E-03 8.99151E-03 1.38098E-01 4.20134E-01 5.07984E-05 4.59990E-05 3.56315E-06 1.51779E-01 
3.56315E-06 7.49020E-05 7.93348E-05 5.37513E-03 8.52599E-03 1.31655E-01 4.03270E-01 7.93326E-05 7.49020E-05 3.56315E-06 1.36333E-01 
3.56315E-06 1.00916E-04 1.05001E-04 5.10489E-03 8.07316E-03 1.25349E-01 3.86613E-01 1.04998E-04 1.00916E-04 3.56315E-06 1.22128E-01 
3.56315E-06 1.23927E-04 1.27685E-04 4.84125E-03 7.63350E-03 1.19189E-01 3.70196E-01 1.27682E-04 1.23927E-04 3.56315E-06 1.09126E-01 
3.56315E-06 1.39642E-04 1.43160E-04 4.64197E-03 7.30265E-03 1.14530E-01 3.57676E-01 1.43158E-04 1.39642E-04 3.56315E-06 9.98607E-02 
3.56315E-06 1.43893E-04 1.47343E-04 4.58450E-03 7.20748E-03 1.13186E-01 3.54048E-01 1.47341E-04 1.43893E-04 3.56315E-06 9.72789E-02 
3.56315E-06 1.62034E-04 1.65176E-04 4.31572E-03 6.76385E-03 1.06899E-01 3.36970E-01 1.65174E-04 1.62034E-04 3.56315E-06 8.57362E-02 
3.56315E-06 1.76761E-04 1.79616E-04 4.05564E-03 6.33695E-03 1.00812E-01 3.20270E-01 1.79614E-04 1.76761E-04 3.56315E-06 7.53955E-02 
3.56315E-06 1.88235E-04 1.90825E-04 3.80459E-03 5.92714E-03 9.49330E-02 3.03977E-01 1.90823E-04 1.88235E-04 3.56315E-06 6.61741E-02 
3.56315E-06 1.96668E-04 1.99013E-04 3.56286E-03 5.53467E-03 8.92682E-02 2.88117E-01 1.99010E-04 1.96668E-04 3.56315E-06 5.79863E-02 
1.87723E-05 2.02299E-04 2.04421E-04 3.33318E-03 5.16370E-03 8.38787E-02 2.72872E-01 2.04419E-04 2.02299E-04 1.87723E-05 5.06619E-02 
3.80904E-05 2.05389E-04 2.07307E-04 3.11202E-03 4.80837E-03 7.86836E-02 2.58028E-01 2.07304E-04 2.05389E-04 3.80904E-05 4.41702E-02 
5.40388E-05 2.06194E-04 2.07922E-04 2.89917E-03 4.46811E-03 7.36762E-02 2.43572E-01 2.07920E-04 2.06194E-04 5.40388E-05 3.84548E-02 
6.69066E-05 2.04978E-04 2.06532E-04 2.69504E-03 4.14334E-03 6.88636E-02 2.29535E-01 2.06530E-04 2.04978E-04 6.69066E-05 3.34437E-02 
7.69933E-05 2.02009E-04 2.03404E-04 2.49992E-03 3.83436E-03 6.42515E-02 2.15942E-01 2.03402E-04 2.02009E-04 7.69933E-05 2.90663E-02 
8.46001E-05 1.97551E-04 1.98802E-04 2.31407E-03 3.54133E-03 5.98437E-02 2.02815E-01 1.98799E-04 1.97551E-04 8.46001E-05 2.52543E-02 
9.00222E-05 1.91861E-04 1.92979E-04 2.13762E-03 3.26429E-03 5.56428E-02 1.90172E-01 1.92977E-04 1.91861E-04 9.00222E-05 2.19435E-02 
9.35441E-05 1.85177E-04 1.86176E-04 1.97065E-03 3.00314E-03 5.16494E-02 1.78026E-01 1.86173E-04 1.85177E-04 9.35441E-05 1.90741E-02 
9.54352E-05 1.77723E-04 1.78613E-04 1.81315E-03 2.75772E-03 4.78633E-02 1.66388E-01 1.78611E-04 1.77723E-04 9.54352E-05 1.65911E-02 
9.59468E-05 1.69701E-04 1.70494E-04 1.66504E-03 2.52772E-03 4.42826E-02 1.55264E-01 1.70491E-04 1.69701E-04 9.59468E-05 1.44450E-02 
9.53105E-05 1.61295E-04 1.61999E-04 1.52618E-03 2.31279E-03 4.09045E-02 1.44658E-01 1.61996E-04 1.61295E-04 9.53105E-05 1.25912E-02 
9.37379E-05 1.52665E-04 1.53290E-04 1.39638E-03 2.11248E-03 3.77251E-02 1.34569E-01 1.53288E-04 1.52665E-04 9.37379E-05 1.09905E-02 
9.14200E-05 1.43956E-04 1.44509E-04 1.27539E-03 1.92629E-03 3.47397E-02 1.24995E-01 1.44507E-04 1.43956E-04 9.14200E-05 9.60841E-03 
2.40879E-06 5.20478E-05 -2.70160E-05 5.36887E-03 8.49488E-03 1.38288E-01 4.33063E-01 -2.70183E-05 5.20478E-05 2.40879E-06 1.62721E-01 
2.40879E-06 5.20478E-05 -7.79517E-06 5.09490E-03 8.04663E-03 1.31885E-01 4.15815E-01 -7.79754E-06 5.20478E-05 2.40879E-06 1.46576E-01 
2.40879E-06 8.88413E-06 1.18274E-05 4.83392E-03 7.61935E-03 1.25701E-01 3.99002E-01 1.18250E-05 8.88413E-06 2.40879E-06 1.31725E-01 
2.40879E-06 2.86401E-05 3.13533E-05 4.58484E-03 7.21152E-03 1.19727E-01 3.82609E-01 3.13508E-05 2.86401E-05 2.40879E-06 1.18064E-01 
2.40879E-06 4.70045E-05 4.95007E-05 4.34264E-03 6.81585E-03 1.13881E-01 3.66426E-01 4.94983E-05 4.70045E-05 2.40879E-06 1.05529E-01 
2.40879E-06 6.37581E-05 6.60505E-05 4.10748E-03 6.43271E-03 1.08175E-01 3.50487E-01 6.60480E-05 6.37581E-05 2.40879E-06 9.40828E-02 
2.40879E-06 7.87497E-05 8.08512E-05 3.87952E-03 6.06240E-03 1.02617E-01 3.34820E-01 8.08486E-05 7.87497E-05 2.40879E-06 8.36783E-02 
2.40879E-06 8.90809E-05 9.10434E-05 3.70817E-03 5.78484E-03 9.84227E-02 3.22902E-01 9.10408E-05 8.90809E-05 2.40879E-06 7.63095E-02 
2.40879E-06 9.18888E-05 9.38120E-05 3.65891E-03 5.70518E-03 9.72145E-02 3.19454E-01 9.38095E-05 9.18888E-05 2.40879E-06 7.42630E-02 
2.40879E-06 1.03941E-04 1.05686E-04 3.42944E-03 5.33492E-03 9.15724E-02 3.03252E-01 1.05684E-04 1.03941E-04 2.40879E-06 6.51526E-02 
2.40879E-06 1.13819E-04 1.15399E-04 3.20887E-03 4.98033E-03 8.61268E-02 2.87458E-01 1.15396E-04 1.13819E-04 2.40879E-06 5.70480E-02 
2.40879E-06 1.21593E-04 1.23022E-04 2.99731E-03 4.64154E-03 8.08835E-02 2.72098E-01 1.23019E-04 1.21593E-04 2.40879E-06 4.98694E-02 
2.40879E-06 1.27379E-04 1.28669E-04 2.79489E-03 4.31862E-03 7.58468E-02 2.57194E-01 1.28666E-04 1.27379E-04 2.40879E-06 4.35369E-02 
1.26977E-05 1.31285E-04 1.32450E-04 2.60371E-03 4.01479E-03 7.10700E-02 2.42916E-01 1.32447E-04 1.31285E-04 1.26977E-05 3.79132E-02 
2.57821E-05 1.33516E-04 1.34565E-04 2.42075E-03 3.72511E-03 6.64803E-02 2.29058E-01 1.34563E-04 1.33516E-04 2.57821E-05 3.29583E-02 
3.65959E-05 1.34236E-04 1.35180E-04 2.24573E-03 3.44902E-03 6.20705E-02 2.15607E-01 1.35177E-04 1.34236E-04 3.65959E-05 2.86191E-02 
4.53266E-05 1.33613E-04 1.34461E-04 2.07885E-03 3.18671E-03 5.78461E-02 2.02591E-01 1.34458E-04 1.33613E-04 4.53266E-05 2.48333E-02 
5.21717E-05 1.31819E-04 1.32579E-04 1.92028E-03 2.93830E-03 5.38112E-02 1.90029E-01 1.32576E-04 1.31819E-04 5.21717E-05 2.15410E-02 
5.73311E-05 1.29025E-04 1.29705E-04 1.77009E-03 2.70378E-03 4.99679E-02 1.77940E-01 1.29703E-04 1.29025E-04 5.73311E-05 1.86853E-02 
6.10028E-05 1.25398E-04 1.26006E-04 1.62829E-03 2.48306E-03 4.63175E-02 1.66338E-01 1.26004E-04 1.25398E-04 6.10028E-05 1.62137E-02 
6.33787E-05 1.21097E-04 1.21640E-04 1.49484E-03 2.27594E-03 4.28594E-02 1.55231E-01 1.21638E-04 1.21097E-04 6.33787E-05 1.40778E-02 
6.46411E-05 1.16269E-04 1.16754E-04 1.36964E-03 2.08214E-03 3.95921E-02 1.44627E-01 1.16751E-04 1.16269E-04 6.46411E-05 1.22341E-02 
6.49615E-05 1.11051E-04 1.11483E-04 1.25251E-03 1.90134E-03 3.65130E-02 1.34529E-01 1.11480E-04 1.11051E-04 6.49615E-05 1.06434E-02 
6.44986E-05 1.05565E-04 1.05949E-04 1.14328E-03 1.73312E-03 3.36184E-02 1.24935E-01 1.05947E-04 1.05565E-04 6.44986E-05 9.27151E-03 
6.33986E-05 9.99230E-05 1.00264E-04 1.04169E-03 1.57703E-03 3.09038E-02 1.15843E-01 1.00262E-04 9.99230E-05 6.33986E-05 8.08823E-03 
6.17942E-05 9.42223E-05 9.45250E-05 9.47484E-04 1.43258E-03 2.83641E-02 1.07246E-01 9.45228E-05 9.42223E-05 6.17942E-05 7.06747E-03 
1.60001E-06 3.12564E-05 -1.45398E-05 4.32177E-03 6.76903E-03 1.19465E-01 3.93619E-01 -1.45423E-05 3.12564E-05 1.60001E-06 1.25699E-01 
1.60001E-06 3.12564E-05 -4.38011E-06 4.08482E-03 6.39122E-03 1.13681E-01 3.77111E-01 -4.38269E-06 3.12564E-05 1.60001E-06 1.12654E-01 
1.60001E-06 5.17135E-06 6.75276E-06 3.86020E-03 6.03244E-03 1.08109E-01 3.61064E-01 6.75014E-06 5.17135E-06 1.60001E-06 1.00748E-01 
1.60001E-06 1.69251E-05 1.83766E-05 3.64688E-03 5.69131E-03 1.02740E-01 3.45458E-01 1.83740E-05 1.69251E-05 1.60001E-06 8.98830E-02 
1.60001E-06 2.81342E-05 2.94639E-05 3.44062E-03 5.36175E-03 9.74992E-02 3.30095E-01 2.94612E-05 2.81342E-05 1.60001E-06 7.99800E-02 
1.60001E-06 3.85760E-05 3.97921E-05 3.24149E-03 5.04398E-03 9.23971E-02 3.15003E-01 3.97894E-05 3.85760E-05 1.60001E-06 7.09967E-02 
1.60001E-06 4.80854E-05 4.91957E-05 3.04955E-03 4.73814E-03 8.74405E-02 3.00210E-01 4.91930E-05 4.80854E-05 1.60001E-06 6.28842E-02 
1.60001E-06 5.47296E-05 5.57634E-05 2.90599E-03 4.50977E-03 8.37095E-02 2.88986E-01 5.57606E-05 5.47296E-05 1.60001E-06 5.71713E-02 
1.60001E-06 5.65486E-05 5.75609E-05 2.86483E-03 4.44436E-03 8.26362E-02 2.85742E-01 5.75581E-05 5.65486E-05 1.60001E-06 5.55897E-02 
1.60001E-06 6.44257E-05 6.53406E-05 2.67382E-03 4.14119E-03 7.76327E-02 2.70532E-01 6.53379E-05 6.44257E-05 1.60001E-06 4.85769E-02 
1.60001E-06 7.09778E-05 7.18036E-05 2.49129E-03 3.85217E-03 7.28181E-02 2.55752E-01 7.18009E-05 7.09778E-05 1.60001E-06 4.23785E-02 
1.60001E-06 7.62190E-05 7.69635E-05 2.31725E-03 3.57728E-03 6.81965E-02 2.41423E-01 7.69608E-05 7.62190E-05 1.60001E-06 3.69223E-02 
1.60001E-06 8.01990E-05 8.08697E-05 2.15170E-03 3.31645E-03 6.37708E-02 2.27564E-01 8.08670E-05 8.01990E-05 1.60001E-06 3.21372E-02 
8.44382E-06 8.29465E-05 8.35510E-05 1.99621E-03 3.07213E-03 5.95868E-02 2.14331E-01 8.35483E-05 8.29465E-05 8.44382E-06 2.79155E-02 
1.71697E-05 8.46158E-05 8.51601E-05 1.84826E-03 2.84024E-03 5.55792E-02 2.01528E-01 8.51574E-05 8.46158E-05 1.71697E-05 2.42150E-02 
2.44009E-05 8.53078E-05 8.57975E-05 1.70753E-03 2.62022E-03 5.17412E-02 1.89144E-01 8.57948E-05 8.53078E-05 2.44009E-05 2.09889E-02 
3.02528E-05 8.51213E-05 8.55616E-05 1.57409E-03 2.41212E-03 4.80766E-02 1.77200E-01 8.55589E-05 8.51213E-05 3.02528E-05 1.81855E-02 
3.48493E-05 8.41611E-05 8.45568E-05 1.44798E-03 2.21593E-03 4.45879E-02 1.65713E-01 8.45542E-05 8.41611E-05 3.48493E-05 1.57561E-02 
3.83186E-05 8.25339E-05 8.28895E-05 1.32919E-03 2.03153E-03 4.12762E-02 1.54696E-01 8.28869E-05 8.25339E-05 3.83186E-05 1.36552E-02 
4.07891E-05 8.03452E-05 8.06647E-05 1.21762E-03 1.85874E-03 3.81413E-02 1.44159E-01 8.06622E-05 8.03452E-05 4.07891E-05 1.18410E-02 
4.23865E-05 7.76967E-05 7.79838E-05 1.11317E-03 1.69732E-03 3.51819E-02 1.34109E-01 7.79813E-05 7.76967E-05 4.23865E-05 1.02761E-02 
4.32316E-05 7.46846E-05 7.49426E-05 1.01568E-03 1.54695E-03 3.23955E-02 1.24548E-01 7.49402E-05 7.46846E-05 4.32316E-05 8.92689E-03 
4.34392E-05 7.13986E-05 7.16304E-05 9.24956E-04 1.40727E-03 2.97789E-02 1.15476E-01 7.16280E-05 7.13986E-05 4.34392E-05 7.76378E-03 
4.31167E-05 6.79214E-05 6.81294E-05 8.40764E-04 1.27787E-03 2.73279E-02 1.06889E-01 6.81271E-05 6.79214E-05 4.31167E-05 6.76102E-03 
4.23641E-05 6.43283E-05 6.45148E-05 7.62858E-04 1.15833E-03 2.50376E-02 9.87810E-02 6.45126E-05 6.43283E-05 4.23641E-05 5.89628E-03 
4.12734E-05 6.06876E-05 6.08546E-05 6.90971E-04 1.04819E-03 2.29026E-02 9.11438E-02 6.08524E-05 6.06876E-05 4.12734E-05 5.15041E-03 
1.04416E-06 1.77106E-05 -6.67611E-06 3.40394E-03 5.29876E-03 1.02090E-01 3.54567E-01 -6.67887E-06 1.77106E-05 1.04416E-06 9.48030E-02 
1.04416E-06 1.77106E-05 -2.16137E-06 3.20501E-03 4.98722E-03 9.69292E-02 3.38940E-01 -2.16416E-06 1.77106E-05 1.04416E-06 8.45657E-02 
1.04416E-06 2.77894E-06 3.55873E-06 3.01724E-03 4.69242E-03 9.19702E-02 3.23789E-01 3.55591E-06 2.77894E-06 1.04416E-06 7.52920E-02 
1.04416E-06 9.33663E-06 1.00480E-05 2.83970E-03 4.41313E-03 8.72035E-02 3.09094E-01 1.00451E-05 9.33663E-06 1.04416E-06 6.68918E-02 
1.04416E-06 1.58547E-05 1.65026E-05 2.66890E-03 4.14437E-03 8.25633E-02 2.94665E-01 1.64997E-05 1.58547E-05 1.04416E-06 5.92838E-02 
1.04416E-06 2.21245E-05 2.27137E-05 2.50484E-03 3.88624E-03 7.80571E-02 2.80529E-01 2.27108E-05 2.21245E-05 1.04416E-06 5.24254E-02 
1.04416E-06 2.79845E-05 2.85198E-05 2.34751E-03 3.63881E-03 7.36912E-02 2.66712E-01 2.85169E-05 2.79845E-05 1.04416E-06 4.62694E-02 
1.04416E-06 3.21607E-05 3.26574E-05 2.23036E-03 3.45470E-03 7.04126E-02 2.56254E-01 3.26545E-05 3.21607E-05 1.04416E-06 4.19571E-02 
1.04416E-06 3.33160E-05 3.38019E-05 2.19687E-03 3.40208E-03 6.94707E-02 2.53236E-01 3.37990E-05 3.33160E-05 1.04416E-06 4.07668E-02 
1.04416E-06 3.83811E-05 3.88187E-05 2.04191E-03 3.15881E-03 6.50878E-02 2.39111E-01 3.88158E-05 3.83811E-05 1.04416E-06 3.55080E-02 
1.04416E-06 4.26821E-05 4.30761E-05 1.89465E-03 2.92790E-03 6.08832E-02 2.25428E-01 4.30733E-05 4.26821E-05 1.04416E-06 3.08872E-02 
1.04416E-06 4.61994E-05 4.65545E-05 1.75501E-03 2.70924E-03 5.68593E-02 2.12205E-01 4.65516E-05 4.61994E-05 1.04416E-06 2.68421E-02 
1.04416E-06 4.89435E-05 4.92638E-05 1.62289E-03 2.50267E-03 5.30181E-02 1.99457E-01 4.92610E-05 4.89435E-05 1.04416E-06 2.33129E-02 
5.52021E-06 5.09004E-05 5.11899E-05 1.49946E-03 2.31001E-03 4.93981E-02 1.87323E-01 5.11871E-05 5.09004E-05 5.52021E-06 2.02167E-02 
1.12509E-05 5.21814E-05 5.24435E-05 1.38265E-03 2.12796E-03 4.59418E-02 1.75623E-01 5.24407E-05 5.21814E-05 1.12509E-05 1.75144E-02 
1.60215E-05 5.28431E-05 5.30807E-05 1.27212E-03 1.95598E-03 4.26424E-02 1.64344E-01 5.30779E-05 5.28431E-05 1.60215E-05 1.51668E-02 
1.98976E-05 5.29385E-05 5.31544E-05 1.16788E-03 1.79404E-03 3.95025E-02 1.53501E-01 5.31517E-05 5.29385E-05 1.98976E-05 1.31329E-02 
2.29528E-05 5.25274E-05 5.27240E-05 1.06988E-03 1.64203E-03 3.65232E-02 1.43109E-01 5.27214E-05 5.25274E-05 2.29528E-05 1.13745E-02 
2.52656E-05 5.16727E-05 5.18523E-05 9.78036E-04 1.49977E-03 3.37047E-02 1.33178E-01 5.18497E-05 5.16727E-05 2.52656E-05 9.85635E-03 
2.69161E-05 5.04387E-05 5.06031E-05 8.92225E-04 1.36706E-03 3.10458E-02 1.23713E-01 5.06005E-05 5.04387E-05 2.69161E-05 8.54690E-03 
2.79844E-05 4.88886E-05 4.90394E-05 8.12293E-04 1.24361E-03 2.85445E-02 1.14718E-01 4.90369E-05 4.88886E-05 2.79844E-05 7.41785E-03 
2.85488E-05 4.70839E-05 4.72225E-05 7.38059E-04 1.12912E-03 2.61978E-02 1.06192E-01 4.72200E-05 4.70839E-05 2.85488E-05 6.44436E-03 
2.86848E-05 4.50832E-05 4.52106E-05 6.69315E-04 1.02322E-03 2.40019E-02 9.81306E-02 4.52082E-05 4.50832E-05 2.86848E-05 5.60475E-03 
2.84644E-05 4.29417E-05 4.30589E-05 6.05839E-04 9.25545E-04 2.19524E-02 9.05291E-02 4.30565E-05 4.29417E-05 2.84644E-05 4.88037E-03 
2.79559E-05 4.07116E-05 4.08191E-05 5.47391E-04 8.35702E-04 2.00443E-02 8.33786E-02 4.08168E-05 4.07116E-05 2.79559E-05 4.25521E-03 
2.72235E-05 3.84411E-05 3.85396E-05 4.93726E-04 7.53281E-04 1.82722E-02 7.66686E-02 3.85374E-05 3.84411E-05 2.72235E-05 3.71571E-03 
6.69739E-07 9.27126E-06 -2.08190E-06 2.61910E-03 4.06836E-03 8.62359E-02 3.16358E-01 -2.08488E-06 9.27126E-06 6.69739E-07 6.96986E-02 
6.69739E-07 9.27126E-06 -8.25608E-07 2.45695E-03 3.81726E-03 8.16900E-02 3.01727E-01 -8.28615E-07 9.27126E-06 6.69739E-07 6.19080E-02 
6.69739E-07 1.31723E-06 1.64301E-06 2.30452E-03 3.58045E-03 7.73328E-02 2.87580E-01 1.63998E-06 1.31723E-06 6.69739E-07 5.49006E-02 
6.69739E-07 4.65697E-06 4.95081E-06 2.16096E-03 3.35685E-03 7.31552E-02 2.73896E-01 4.94777E-06 4.65697E-06 6.69739E-07 4.85980E-02 
6.69739E-07 8.22079E-06 8.48563E-06 2.02347E-03 3.14248E-03 6.90988E-02 2.60494E-01 8.48259E-06 8.22079E-06 6.69739E-07 4.29236E-02 
6.69739E-07 1.18247E-05 1.20634E-05 1.89203E-03 2.93737E-03 6.51699E-02 2.47401E-01 1.20604E-05 1.18247E-05 6.69739E-07 3.78380E-02 
6.69739E-07 1.53231E-05 1.55384E-05 1.76656E-03 2.74150E-03 6.13733E-02 2.34638E-01 1.55354E-05 1.53231E-05 6.69739E-07 3.32988E-02 
6.69739E-07 1.78858E-05 1.80849E-05 1.67353E-03 2.59626E-03 5.85292E-02 2.25002E-01 1.80819E-05 1.78858E-05 6.69739E-07 3.01346E-02 
6.69739E-07 1.86047E-05 1.87993E-05 1.64699E-03 2.55482E-03 5.77132E-02 2.22226E-01 1.87963E-05 1.86047E-05 6.69739E-07 2.92634E-02 
6.69739E-07 2.18089E-05 2.19840E-05 1.52460E-03 2.36376E-03 5.39231E-02 2.09253E-01 2.19809E-05 2.18089E-05 6.69739E-07 2.54273E-02 
6.69739E-07 2.46031E-05 2.47613E-05 1.40888E-03 2.18316E-03 5.02982E-02 1.96727E-01 2.47583E-05 2.46031E-05 6.69739E-07 2.20740E-02 
6.69739E-07 2.69521E-05 2.70959E-05 1.29971E-03 2.01287E-03 4.68398E-02 1.84659E-01 2.70929E-05 2.69521E-05 6.69739E-07 1.91525E-02 
6.69739E-07 2.88447E-05 2.89763E-05 1.19695E-03 1.85269E-03 4.35487E-02 1.73063E-01 2.89734E-05 2.88447E-05 6.69739E-07 1.66145E-02 
3.54971E-06 3.02512E-05 3.03727E-05 1.10144E-03 1.70392E-03 4.04571E-02 1.62063E-01 3.03697E-05 3.02512E-05 3.54971E-06 1.43981E-02 
7.25883E-06 3.12463E-05 3.13592E-05 1.01151E-03 1.56395E-03 3.75148E-02 1.51491E-01 3.13563E-05 3.12463E-05 7.25883E-06 1.24698E-02 
1.03663E-05 3.18563E-05 3.19621E-05 9.26853E-04 1.43230E-03 3.47151E-02 1.41332E-01 3.19592E-05 3.18563E-05 1.03663E-05 1.07986E-02 
1.29053E-05 3.21056E-05 3.22055E-05 8.47415E-04 1.30886E-03 3.20596E-02 1.31601E-01 3.22027E-05 3.21056E-05 1.29053E-05 9.35320E-03 
1.49164E-05 3.20248E-05 3.21198E-05 7.73108E-04 1.19348E-03 2.95486E-02 1.22307E-01 3.21170E-05 3.20248E-05 1.49164E-05 8.10470E-03 
1.64447E-05 3.16486E-05 3.17395E-05 7.03815E-04 1.08599E-03 2.71811E-02 1.13455E-01 3.17368E-05 3.16486E-05 1.64447E-05 7.02708E-03 
1.75382E-05 3.10142E-05 3.11017E-05 6.39394E-04 9.86126E-04 2.49555E-02 1.05050E-01 3.10990E-05 3.10142E-05 1.75382E-05 6.09715E-03 
1.82462E-05 3.01600E-05 3.02443E-05 5.79680E-04 8.93637E-04 2.28692E-02 9.70908E-02 3.02417E-05 3.01600E-05 1.82462E-05 5.29450E-03 
1.86185E-05 2.91244E-05 2.92057E-05 5.24493E-04 8.08221E-04 2.09188E-02 8.95740E-02 2.92032E-05 2.91244E-05 1.86185E-05 4.60136E-03 
1.87040E-05 2.79456E-05 2.80240E-05 4.73636E-04 7.29561E-04 1.91004E-02 8.24940E-02 2.80216E-05 2.79456E-05 1.87040E-05 4.00246E-03 
1.85512E-05 2.66612E-05 2.67366E-05 4.26903E-04 6.57323E-04 1.74094E-02 7.58426E-02 2.67342E-05 2.66612E-05 1.85512E-05 3.48479E-03 
1.82067E-05 2.53077E-05 2.53798E-05 3.84082E-04 5.91164E-04 1.58410E-02 6.96096E-02 2.53775E-05 2.53077E-05 1.82067E-05 3.03734E-03 
1.77160E-05 2.39207E-05 2.39890E-05 3.44958E-04 5.30738E-04 1.43897E-02 6.37830E-02 2.39868E-05 2.39207E-05 1.77160E-05 2.65080E-03 
4.22693E-07 4.29041E-06 3.19318E-07 1.96503E-03 3.05823E-03 7.19379E-02 2.79390E-01 3.16113E-07 4.29041E-06 4.22693E-07 4.98502E-02 
4.22693E-07 4.29041E-06 -1.01111E-07 1.83680E-03 2.86065E-03 6.79874E-02 2.65850E-01 -1.04331E-07 4.29041E-06 4.22693E-07 4.41141E-02 
4.22693E-07 4.83411E-07 5.64830E-07 1.71669E-03 2.67491E-03 6.42104E-02 2.52791E-01 5.61601E-07 4.83411E-07 4.22693E-07 3.89895E-02 
4.22693E-07 1.94347E-06 2.01371E-06 1.60399E-03 2.50010E-03 6.05983E-02 2.40194E-01 2.01047E-06 1.94347E-06 4.22693E-07 3.44110E-02 
4.22693E-07 3.73183E-06 3.79267E-06 1.49651E-03 2.33310E-03 5.71001E-02 2.27890E-01 3.78943E-06 3.73183E-06 4.22693E-07 3.03117E-02 
4.22693E-07 5.69506E-06 5.74821E-06 1.39419E-03 2.17389E-03 5.37207E-02 2.15903E-01 5.74499E-06 5.69506E-06 4.22693E-07 2.66571E-02 
4.22693E-07 7.70986E-06 7.75695E-06 1.29695E-03 2.02240E-03 5.04638E-02 2.04250E-01 7.75373E-06 7.70986E-06 4.22693E-07 2.34119E-02 
4.22693E-07 9.24236E-06 9.28580E-06 1.22513E-03 1.91043E-03 4.80299E-02 1.95474E-01 9.28260E-06 9.24236E-06 4.22693E-07 2.11592E-02 
4.22693E-07 9.68016E-06 9.72271E-06 1.20469E-03 1.87855E-03 4.73326E-02 1.92949E-01 9.71951E-06 9.68016E-06 4.22693E-07 2.05405E-02 
4.22693E-07 1.16728E-05 1.17120E-05 1.11068E-03 1.73190E-03 4.40996E-02 1.81174E-01 1.17088E-05 1.16728E-05 4.22693E-07 1.78235E-02 
4.22693E-07 1.34679E-05 1.35053E-05 1.02223E-03 1.59385E-03 4.10169E-02 1.69839E-01 1.35022E-05 1.34679E-05 4.22693E-07 1.54588E-02 
4.22693E-07 1.50263E-05 1.50632E-05 9.39187E-04 1.46422E-03 3.80852E-02 1.58956E-01 1.50601E-05 1.50263E-05 4.22693E-07 1.34064E-02 
4.22693E-07 1.63276E-05 1.63650E-05 8.61405E-04 1.34279E-03 3.53040E-02 1.48532E-01 1.63619E-05 1.63276E-05 4.22693E-07 1.16291E-02 
2.24797E-06 1.73438E-05 1.73825E-05 7.89475E-04 1.23050E-03 3.26999E-02 1.38676E-01 1.73794E-05 1.73438E-05 2.24797E-06 1.00822E-02 
4.61732E-06 1.81177E-05 1.81583E-05 7.22083E-04 1.12529E-03 3.02296E-02 1.29235E-01 1.81554E-05 1.81177E-05 4.61732E-06 8.73886E-03 
6.61890E-06 1.86560E-05 1.86992E-05 6.58955E-04 1.02676E-03 2.78869E-02 1.20195E-01 1.86963E-05 1.86560E-05 6.61890E-06 7.57565E-03 
8.26593E-06 1.89661E-05 1.90121E-05 6.00008E-04 9.34763E-04 2.56723E-02 1.11565E-01 1.90092E-05 1.89661E-05 8.26593E-06 6.56962E-03 
9.57783E-06 1.90606E-05 1.91096E-05 5.45137E-04 8.49148E-04 2.35852E-02 1.03352E-01 1.91068E-05 1.90606E-05 9.57783E-06 5.69997E-03 
1.05786E-05 1.89568E-05 1.90088E-05 4.94216E-04 7.69715E-04 2.16244E-02 9.55578E-02 1.90061E-05 1.89568E-05 1.05786E-05 4.94819E-03 
1.12953E-05 1.86750E-05 1.87297E-05 4.47103E-04 6.96242E-04 1.97877E-02 8.81837E-02 1.87271E-05 1.86750E-05 1.12953E-05 4.29796E-03 
1.17573E-05 1.82374E-05 1.82946E-05 4.03642E-04 6.28481E-04 1.80720E-02 8.12264E-02 1.82920E-05 1.82374E-05 1.17573E-05 3.73515E-03 
1.19955E-05 1.76681E-05 1.77272E-05 3.63667E-04 5.66170E-04 1.64740E-02 7.46805E-02 1.77247E-05 1.76681E-05 1.19955E-05 3.24759E-03 
1.20418E-05 1.69922E-05 1.70526E-05 3.27003E-04 5.09032E-04 1.49896E-02 6.85383E-02 1.70502E-05 1.69922E-05 1.20418E-05 2.82496E-03 
1.19286E-05 1.62359E-05 1.62968E-05 2.93474E-04 4.56786E-04 1.36145E-02 6.27900E-02 1.62944E-05 1.62359E-05 1.19286E-05 2.45860E-03 
1.16889E-05 1.54258E-05 1.54864E-05 2.62900E-04 4.09145E-04 1.23437E-02 5.74242E-02 1.54841E-05 1.54258E-05 1.16889E-05 2.14122E-03 
1.13557E-05 1.45892E-05 1.46485E-05 2.35104E-04 3.65825E-04 1.11723E-02 5.24277E-02 1.46463E-05 1.45892E-05 1.13557E-05 1.86675E-03 
2.63262E-07 1.54912E-06 1.34326E-06 1.43467E-03 2.24622E-03 5.92025E-02 2.44030E-01 1.33983E-06 1.54912E-06 2.63262E-07 3.46033E-02 
2.63262E-07 1.54912E-06 2.28305E-07 1.33638E-03 2.09469E-03 5.58182E-02 2.31649E-01 2.24872E-07 1.54912E-06 2.63262E-07 3.05299E-02 
2.63262E-07 5.21343E-08 1.04813E-08 1.24461E-03 1.95266E-03 5.25907E-02 2.19741E-01 7.04954E-09 5.21343E-08 2.63262E-07 2.69138E-02 
2.63262E-07 4.96398E-07 4.54732E-07 1.15881E-03 1.81941E-03 4.95123E-02 2.08285E-01 4.51306E-07 4.96398E-07 2.63262E-07 2.37035E-02 
2.63262E-07 1.27712E-06 1.23660E-06 1.07731E-03 1.69254E-03 4.65385E-02 1.97125E-01 1.23318E-06 1.27712E-06 2.63262E-07 2.08434E-02 
2.63262E-07 2.27273E-06 2.23446E-06 1.00003E-03 1.57201E-03 4.36735E-02 1.86283E-01 2.23106E-06 2.27273E-06 2.63262E-07 1.83057E-02 
2.63262E-07 3.38471E-06 3.34971E-06 9.26879E-04 1.45773E-03 4.09198E-02 1.75773E-01 3.34633E-06 3.38471E-06 2.63262E-07 1.60620E-02 
2.63262E-07 4.27495E-06 4.24313E-06 8.73056E-04 1.37354E-03 3.88671E-02 1.67878E-01 4.23978E-06 4.27495E-06 2.63262E-07 1.45102E-02 
2.63262E-07 4.53531E-06 4.50452E-06 8.57769E-04 1.34961E-03 3.82798E-02 1.65610E-01 4.50117E-06 4.53531E-06 2.63262E-07 1.40848E-02 
2.63262E-07 5.75141E-06 5.72609E-06 7.87662E-04 1.23980E-03 3.55620E-02 1.55053E-01 5.72277E-06 5.75141E-06 2.63262E-07 1.22207E-02 
2.63262E-07 6.88981E-06 6.87080E-06 7.22004E-04 1.13685E-03 3.29786E-02 1.44924E-01 6.86752E-06 6.88981E-06 2.63262E-07 1.06036E-02 
2.63262E-07 7.91423E-06 7.90220E-06 6.60652E-04 1.04057E-03 3.05295E-02 1.35229E-01 7.89896E-06 7.91423E-06 2.63262E-07 9.20356E-03 
2.63262E-07 8.80232E-06 8.79777E-06 6.03459E-04 9.50751E-04 2.82138E-02 1.25975E-01 8.79459E-06 8.80232E-06 2.63262E-07 7.99334E-03 
1.40627E-06 9.53873E-06 9.54173E-06 5.50838E-04 8.68057E-04 2.60526E-02 1.17255E-01 9.53861E-06 9.53873E-06 1.40627E-06 6.94190E-03 
2.90486E-06 1.01380E-05 1.01487E-05 5.01775E-04 7.90911E-04 2.40092E-02 1.08931E-01 1.01457E-05 1.01380E-05 2.90486E-06 6.02890E-03 
4.18375E-06 1.05946E-05 1.06130E-05 4.56038E-04 7.18958E-04 2.20780E-02 1.00987E-01 1.06100E-05 1.05946E-05 4.18375E-06 5.23749E-03 
5.24457E-06 1.09060E-05 1.09320E-05 4.13534E-04 6.52065E-04 2.02586E-02 9.34312E-02 1.09291E-05 1.09060E-05 5.24457E-06 4.55164E-03 
6.09413E-06 1.10751E-05 1.11083E-05 3.74157E-04 5.90075E-04 1.85500E-02 8.62656E-02 1.11054E-05 1.10751E-05 6.09413E-06 3.95706E-03 
6.74332E-06 1.11085E-05 1.11484E-05 3.37789E-04 5.32804E-04 1.69504E-02 7.94909E-02 1.11457E-05 1.11085E-05 6.74332E-06 3.44112E-03 
7.20627E-06 1.10162E-05 1.10622E-05 3.04298E-04 4.80054E-04 1.54575E-02 7.31048E-02 1.10595E-05 1.10162E-05 7.20627E-06 2.99293E-03 
7.49974E-06 1.08108E-05 1.08620E-05 2.73548E-04 4.31612E-04 1.40681E-02 6.71024E-02 1.08594E-05 1.08108E-05 7.49974E-06 2.60310E-03 
7.64270E-06 1.05073E-05 1.05629E-05 2.45397E-04 3.87254E-04 1.27789E-02 6.14765E-02 1.05604E-05 1.05073E-05 7.64270E-06 2.26375E-03 
7.65601E-06 1.01229E-05 1.01817E-05 2.19698E-04 3.46751E-04 1.15858E-02 5.62179E-02 1.01793E-05 1.01229E-05 7.65601E-06 1.96823E-03 
7.56218E-06 9.67652E-06 9.73742E-06 1.96308E-04 3.09875E-04 1.04846E-02 5.13159E-02 9.73509E-06 9.67652E-06 7.56218E-06 1.71106E-03 
7.38517E-06 9.18873E-06 9.25051E-06 1.75082E-04 2.76397E-04 9.47106E-03 4.67580E-02 9.24827E-06 9.18873E-06 7.38517E-06 1.48771E-03 
7.14999E-06 8.68154E-06 8.74291E-06 1.55882E-04 2.46092E-04 8.54044E-03 4.25308E-02 8.74076E-06 8.68154E-06 7.14999E-06 1.29444E-03 
1.62807E-07 1.81077E-07 1.57512E-06 1.01681E-03 1.60815E-03 4.80038E-02 2.10591E-01 1.57147E-06 1.81077E-07 1.62807E-07 2.32411E-02 
1.62807E-07 1.81077E-07 3.22874E-07 9.43886E-04 1.49508E-03 4.51487E-02 1.99414E-01 3.19230E-07 1.81077E-07 1.62807E-07 2.04633E-02 
1.62807E-07 -1.37232E-07 -2.36347E-07 8.76020E-04 1.38941E-03 4.24331E-02 1.88694E-01 -2.39979E-07 -1.37232E-07 1.62807E-07 1.80121E-02 
1.62807E-07 -1.82377E-07 -2.75887E-07 8.12776E-04 1.29057E-03 3.98497E-02 1.78409E-01 -2.79502E-07 -1.82377E-07 1.62807E-07 1.58486E-02 
1.62807E-07 6.69442E-08 -2.00629E-08 7.52924E-04 1.19678E-03 3.73608E-02 1.68418E-01 -2.36562E-08 6.69442E-08 1.62807E-07 1.39293E-02 
1.62807E-07 5.19169E-07 4.39505E-07 6.96388E-04 1.10797E-03 3.49694E-02 1.58738E-01 4.35939E-07 5.19169E-07 1.62807E-07 1.22330E-02 
1.62807E-07 1.09978E-06 1.02823E-06 6.43085E-04 1.02406E-03 3.26774E-02 1.49383E-01 1.02470E-06 1.09978E-06 1.62807E-07 1.07385E-02 
1.62807E-07 1.59908E-06 1.53428E-06 6.04004E-04 9.62433E-04 3.09731E-02 1.42374E-01 1.53077E-06 1.59908E-06 1.62807E-07 9.70749E-03 
1.62807E-07 1.74958E-06 1.68682E-06 5.92927E-04 9.44951E-04 3.04862E-02 1.40363E-01 1.68333E-06 1.74958E-06 1.62807E-07 9.42524E-03 
1.62807E-07 2.47536E-06 2.42274E-06 5.42264E-04 8.64912E-04 2.82373E-02 1.31022E-01 2.41929E-06 2.47536E-06 1.62807E-07 8.19013E-03 
1.62807E-07 3.18588E-06 3.14393E-06 4.95030E-04 7.90175E-04 2.61064E-02 1.22089E-01 3.14054E-06 3.18588E-06 1.62807E-07 7.12049E-03 
1.62807E-07 3.85106E-06 3.82018E-06 4.51099E-04 7.20565E-04 2.40928E-02 1.13569E-01 3.81684E-06 3.85106E-06 1.62807E-07 6.19527E-03 
1.62807E-07 4.45068E-06 4.43109E-06 4.10339E-04 6.55899E-04 2.21952E-02 1.05463E-01 4.42781E-06 4.45068E-06 1.62807E-07 5.39539E-03 
8.74485E-07 4.98703E-06 4.97843E-06 3.73035E-04 5.96631E-04 2.04303E-02 9.78513E-02 4.97523E-06 4.98703E-06 8.74485E-07 4.70022E-03 
1.81893E-06 5.44981E-06 5.45208E-06 3.38423E-04 5.41574E-04 1.87672E-02 9.06112E-02 5.44895E-06 5.44981E-06 1.81893E-06 4.09525E-03 
2.63433E-06 5.82541E-06 5.83829E-06 3.06310E-04 4.90440E-04 1.72008E-02 8.37265E-02 5.83524E-06 5.82541E-06 2.63433E-06 3.56900E-03 
3.31614E-06 6.10683E-06 6.12990E-06 2.76608E-04 4.43103E-04 1.57304E-02 7.72011E-02 6.12692E-06 6.10683E-06 3.31614E-06 3.11086E-03 
3.86403E-06 6.29132E-06 6.32395E-06 2.49221E-04 3.99420E-04 1.43544E-02 7.10357E-02 6.32106E-06 6.29132E-06 3.86403E-06 2.71146E-03 
4.28123E-06 6.37971E-06 6.42112E-06 2.24043E-04 3.59232E-04 1.30710E-02 6.52286E-02 6.41832E-06 6.37971E-06 4.28123E-06 2.36268E-03 
4.57406E-06 6.37602E-06 6.42526E-06 2.00965E-04 3.22372E-04 1.18775E-02 5.97754E-02 6.42256E-06 6.37602E-06 4.57406E-06 2.05759E-03 
4.75162E-06 6.28718E-06 6.34315E-06 1.79872E-04 2.88663E-04 1.07710E-02 5.46696E-02 6.34054E-06 6.28718E-06 4.75162E-06 1.79036E-03 
4.82558E-06 6.12287E-06 6.18432E-06 1.60649E-04 2.57925E-04 9.74818E-03 4.99029E-02 6.18180E-06 6.12287E-06 4.82558E-06 1.55613E-03 
4.81004E-06 5.89535E-06 5.96092E-06 1.43182E-04 2.29977E-04 8.80530E-03 4.54650E-02 5.95851E-06 5.89535E-06 4.81004E-06 1.35094E-03 
4.72136E-06 5.61937E-06 5.68762E-06 1.27359E-04 2.04639E-04 7.93853E-03 4.13447E-02 5.68531E-06 5.61937E-06 4.72136E-06 1.17158E-03 
4.57800E-06 5.31190E-06 5.38134E-06 1.13069E-04 1.81737E-04 7.14383E-03 3.75291E-02 5.37913E-06 5.31190E-06 4.57800E-06 1.01542E-03 
4.40013E-06 4.99186E-06 5.06095E-06 1.00210E-04 1.61100E-04 6.41711E-03 3.40050E-02 5.05884E-06 4.99186E-06 4.40013E-06 8.80362E-04 
1.01158E-07 -4.00702E-07 1.40795E-06 6.97037E-04 1.11830E-03 3.82734E-02 1.79281E-01 1.40408E-06 -4.00702E-07 1.01158E-07 1.50329E-02 
1.01158E-07 -4.00702E-07 2.92784E-07 6.44811E-04 1.03645E-03 3.59055E-02 1.69331E-01 2.88930E-07 -4.00702E-07 1.01158E-07 1.32268E-02 
1.01158E-07 -1.93307E-07 -3.18413E-07 5.96357E-04 9.60185E-04 3.36594E-02 1.59815E-01 -3.22244E-07 -1.93307E-07 1.01158E-07 1.16416E-02 
1.01158E-07 -4.30046E-07 -5.46856E-07 5.51349E-04 8.89063E-04 3.15285E-02 1.50711E-01 -5.50657E-07 -4.30046E-07 1.01158E-07 1.02497E-02 
1.01158E-07 -4.33681E-07 -5.41336E-07 5.08906E-04 8.21788E-04 2.94811E-02 1.41894E-01 -5.45103E-07 -4.33681E-07 1.01158E-07 9.01901E-03 
1.01158E-07 -2.69607E-07 -3.67308E-07 4.68963E-04 7.58302E-04 2.75195E-02 1.33375E-01 -3.71035E-07 -2.69607E-07 1.01158E-07 7.93424E-03 
1.01158E-07 8.93382E-09 -7.80925E-08 4.31447E-04 6.98526E-04 2.56448E-02 1.25167E-01 -8.17734E-08 8.93382E-09 1.01158E-07 6.98048E-03 
1.01158E-07 2.75728E-07 1.97399E-07 4.04039E-04 6.54765E-04 2.42545E-02 1.19033E-01 1.93757E-07 2.75728E-07 1.01158E-07 6.32344E-03 
1.01158E-07 3.59496E-07 2.83774E-07 3.96286E-04 6.42373E-04 2.38579E-02 1.17276E-01 2.80144E-07 3.59496E-07 1.01158E-07 6.14364E-03 
1.01158E-07 7.80294E-07 7.17345E-07 3.60921E-04 5.85775E-04 2.20295E-02 1.09132E-01 7.13775E-07 7.80294E-07 1.01158E-07 5.35709E-03 
1.01158E-07 1.21503E-06 1.16532E-06 3.28099E-04 5.33140E-04 2.03028E-02 1.01370E-01 1.16181E-06 1.21503E-06 1.01158E-07 4.67569E-03 
1.01158E-07 1.64074E-06 1.60454E-06 2.97715E-04 4.84320E-04 1.86767E-02 9.39909E-02 1.60111E-06 1.64074E-06 1.01158E-07 4.08544E-03 
1.01158E-07 2.04091E-06 2.01835E-06 2.69658E-04 4.39159E-04 1.71494E-02 8.69960E-02 2.01499E-06 2.04091E-06 1.01158E-07 3.57380E-03 
5.46948E-07 2.43700E-06 2.42761E-06 2.44129E-04 3.97970E-04 1.57339E-02 8.04514E-02 2.42434E-06 2.43700E-06 5.46948E-07 3.12772E-03 
1.14683E-06 2.79656E-06 2.80008E-06 2.20561E-04 3.59875E-04 1.44048E-02 7.42485E-02 2.79689E-06 2.79656E-06 1.14683E-06 2.73747E-03 
1.67105E-06 3.10070E-06 3.11671E-06 1.98799E-04 3.24645E-04 1.31574E-02 6.83717E-02 3.11361E-06 3.10070E-06 1.67105E-06 2.39572E-03 
2.11214E-06 3.34051E-06 3.36843E-06 1.78765E-04 2.92169E-04 1.19906E-02 6.28224E-02 3.36542E-06 3.34051E-06 2.11214E-06 2.09583E-03 
2.46598E-06 3.51057E-06 3.54959E-06 1.60378E-04 2.62326E-04 1.09029E-02 5.75992E-02 3.54668E-06 3.51057E-06 2.46598E-06 1.83206E-03 
2.73153E-06 3.60862E-06 3.65776E-06 1.43552E-04 2.34985E-04 9.89214E-03 5.26985E-02 3.65495E-06 3.60862E-06 2.73153E-06 1.59951E-03 
2.91061E-06 3.63543E-06 3.69351E-06 1.28198E-04 2.10011E-04 8.95584E-03 4.81146E-02 3.69081E-06 3.63543E-06 2.91061E-06 1.39407E-03 
3.00785E-06 3.59473E-06 3.66042E-06 1.14227E-04 1.87265E-04 8.09117E-03 4.38399E-02 3.65782E-06 3.59473E-06 3.00785E-06 1.21238E-03 
3.03062E-06 3.49319E-06 3.56500E-06 1.01551E-04 1.66607E-04 7.29500E-03 3.98651E-02 3.56250E-06 3.49319E-06 3.03062E-06 1.05173E-03 
2.98908E-06 3.34039E-06 3.41672E-06 9.00840E-05 1.47901E-04 6.56401E-03 3.61798E-02 3.41433E-06 3.34039E-06 2.98908E-06 9.09974E-04 
2.89601E-06 3.14874E-06 3.22791E-06 7.97435E-05 1.31013E-04 5.89476E-03 3.27723E-02 3.22563E-06 3.14874E-06 2.89601E-06 7.85450E-04 
2.76670E-06 2.93329E-06 3.01355E-06 7.04517E-05 1.15814E-04 5.28368E-03 2.96301E-02 3.01138E-06 2.93329E-06 2.76670E-06 6.76862E-04 
2.61854E-06 2.71131E-06 2.79091E-06 6.21357E-05 1.02183E-04 4.72719E-03 2.67403E-02 2.78885E-06 2.71131E-06 2.61854E-06 5.83192E-04 
6.49389E-08 -5.69694E-07 1.08926E-06 4.62274E-04 7.55463E-04 3.00147E-02 1.50577E-01 1.08517E-06 -5.69694E-07 6.49389E-08 9.35743E-03 
6.49389E-08 -5.69694E-07 2.08695E-07 4.26144E-04 6.97975E-04 2.80838E-02 1.41844E-01 2.04634E-07 -5.69694E-07 6.49389E-08 8.24315E-03 
6.49389E-08 -1.85097E-07 -3.24638E-07 3.92722E-04 6.44560E-04 2.62574E-02 1.33516E-01 -3.28662E-07 -1.85097E-07 6.49389E-08 7.26961E-03 
6.49389E-08 -4.60978E-07 -5.90824E-07 3.61772E-04 5.94896E-04 2.45294E-02 1.25573E-01 -5.94805E-07 -4.60978E-07 6.49389E-08 6.41835E-03 
6.49389E-08 -5.65096E-07 -6.84294E-07 3.32687E-04 5.48070E-04 2.28739E-02 1.17901E-01 -6.88227E-07 -5.65096E-07 6.49389E-08 5.66693E-03 
6.49389E-08 -5.41677E-07 -6.49344E-07 3.05415E-04 5.04028E-04 2.12923E-02 1.10512E-01 -6.53224E-07 -5.41677E-07 6.49389E-08 5.00522E-03 
6.49389E-08 -4.26634E-07 -5.21977E-07 2.79897E-04 4.62704E-04 1.97853E-02 1.03413E-01 -5.25797E-07 -4.26634E-07 6.49389E-08 4.42349E-03 
6.49389E-08 -2.93148E-07 -3.78475E-07 2.61318E-04 4.32549E-04 1.86705E-02 9.81237E-02 -3.82246E-07 -2.93148E-07 6.49389E-08 4.02248E-03 
6.49389E-08 -2.48610E-07 -3.30939E-07 2.56074E-04 4.24025E-04 1.83530E-02 9.66109E-02 -3.34695E-07 -2.48610E-07 6.49389E-08 3.91267E-03 
6.49389E-08 -1.18456E-08 -7.95126E-08 2.32215E-04 3.85190E-04 1.68923E-02 8.96128E-02 -8.31932E-08 -1.18456E-08 6.49389E-08 3.43164E-03 
6.49389E-08 2.50304E-07 1.97782E-07 2.10175E-04 3.49225E-04 1.55175E-02 8.29660E-02 1.94182E-07 2.50304E-07 6.49389E-08 3.01359E-03 
6.49389E-08 5.21294E-07 4.84211E-07 1.89869E-04 3.16008E-04 1.42272E-02 7.66704E-02 4.80697E-07 5.21294E-07 6.49389E-08 2.64979E-03 
6.49389E-08 7.88402E-07 7.66843E-07 1.71211E-04 2.85415E-04 1.30197E-02 7.07237E-02 7.63419E-07 7.88402E-07 6.49389E-08 2.33251E-03 
3.53638E-07 1.09131E-06 1.08473E-06 1.54350E-04 2.57666E-04 1.19045E-02 6.51803E-02 1.08140E-06 1.09131E-06 3.53638E-07 2.05395E-03 
7.47661E-07 1.37796E-06 1.38600E-06 1.38866E-04 2.32119E-04 1.08612E-02 5.99458E-02 1.38277E-06 1.37796E-06 7.47661E-07 1.80798E-03 
1.09556E-06 1.62572E-06 1.64788E-06 1.24636E-04 2.08592E-04 9.88561E-03 5.50052E-02 1.64475E-06 1.62572E-06 1.09556E-06 1.59023E-03 
1.38870E-06 1.82518E-06 1.86073E-06 1.11598E-04 1.86996E-04 8.97651E-03 5.03578E-02 1.85771E-06 1.82518E-06 1.38870E-06 1.39685E-03 
1.62113E-06 1.96979E-06 2.01779E-06 9.96864E-05 1.67232E-04 8.13223E-03 4.60006E-02 2.01487E-06 1.96979E-06 1.62113E-06 1.22455E-03 
1.78955E-06 2.05580E-06 2.11508E-06 8.88335E-05 1.49198E-04 7.35071E-03 4.19287E-02 2.11228E-06 2.05580E-06 1.78955E-06 1.07059E-03 
1.89334E-06 2.08236E-06 2.15154E-06 7.89720E-05 1.32789E-04 6.62963E-03 3.81353E-02 2.14885E-06 2.08236E-06 1.89334E-06 9.32771E-04 
1.93467E-06 2.05155E-06 2.12908E-06 7.00354E-05 1.17900E-04 5.96636E-03 3.46123E-02 2.12651E-06 2.05155E-06 1.93467E-06 8.09362E-04 
1.91861E-06 1.96857E-06 2.05273E-06 6.19598E-05 1.04429E-04 5.35813E-03 3.13502E-02 2.05027E-06 1.96857E-06 1.91861E-06 6.99060E-04 
1.85320E-06 1.84173E-06 1.93068E-06 5.46842E-05 9.22759E-05 4.80200E-03 2.83384E-02 1.92834E-06 1.84173E-06 1.85320E-06 6.00920E-04 
1.74939E-06 1.68242E-06 1.77423E-06 4.81521E-05 8.13457E-05 4.29495E-03 2.55655E-02 1.77199E-06 1.68242E-06 1.74939E-06 5.14291E-04 
1.62087E-06 1.50488E-06 1.59756E-06 4.23114E-05 7.15493E-05 3.83394E-03 2.30196E-02 1.59544E-06 1.50488E-06 1.62087E-06 4.38738E-04 
1.48368E-06 1.32583E-06 1.41737E-06 3.71151E-05 6.28038E-05 3.41592E-03 2.06883E-02 1.41537E-06 1.32583E-06 1.48368E-06 3.73961E-04 
4.44907E-08 -5.52866E-07 7.51564E-07 2.93819E-04 4.91289E-04 2.30266E-02 1.24266E-01 7.47254E-07 -5.52866E-07 4.44907E-08 5.53396E-03 
4.44907E-08 -5.52866E-07 1.09379E-07 2.69860E-04 4.52420E-04 2.14857E-02 1.16734E-01 1.05115E-07 -5.52866E-07 4.44907E-08 4.89491E-03 
4.44907E-08 -1.52996E-07 -3.06711E-07 2.47759E-04 4.16409E-04 2.00324E-02 1.09572E-01 -3.10923E-07 -1.52996E-07 4.44907E-08 4.33830E-03 
4.44907E-08 -4.02864E-07 -5.45761E-07 2.27355E-04 3.83028E-04 1.86616E-02 1.02761E-01 -5.49917E-07 -4.02864E-07 4.44907E-08 3.85291E-03 
4.44907E-08 -5.33241E-07 -6.64198E-07 2.08247E-04 3.51659E-04 1.73521E-02 9.62045E-02 -6.68291E-07 -5.33241E-07 4.44907E-08 3.42404E-03 
4.44907E-08 -5.72061E-07 -6.90041E-07 1.90395E-04 3.22257E-04 1.61048E-02 8.99087E-02 -6.94066E-07 -5.72061E-07 4.44907E-08 3.04563E-03 
4.44907E-08 -5.41872E-07 -6.45946E-07 1.73756E-04 2.94769E-04 1.49200E-02 8.38796E-02 -6.49897E-07 -5.41872E-07 4.44907E-08 2.71196E-03 
4.44907E-08 -4.82700E-07 -5.75454E-07 1.61686E-04 2.74778E-04 1.40461E-02 7.94001E-02 -5.79344E-07 -4.82700E-07 4.44907E-08 2.48112E-03 
4.44907E-08 -4.60644E-07 -5.50007E-07 1.58286E-04 2.69138E-04 1.37976E-02 7.81211E-02 -5.53879E-07 -4.60644E-07 4.44907E-08 2.41775E-03 
4.44907E-08 -3.32200E-07 -4.04972E-07 1.42864E-04 2.43510E-04 1.26567E-02 7.22171E-02 -4.08753E-07 -3.32200E-07 4.44907E-08 2.13913E-03 
4.44907E-08 -1.75143E-07 -2.30767E-07 1.28687E-04 2.19880E-04 1.15867E-02 6.66300E-02 -2.34452E-07 -1.75143E-07 4.44907E-08 1.89520E-03 
4.44907E-08 -9.13364E-10 -3.90591E-08 1.15694E-04 1.98156E-04 1.05861E-02 6.13577E-02 -4.26442E-08 -9.13364E-10 4.44907E-08 1.68100E-03 
4.44907E-08 1.80847E-07 1.60268E-07 1.03821E-04 1.78242E-04 9.65315E-03 5.63965E-02 1.56788E-07 1.80847E-07 4.44907E-08 1.49214E-03 
2.43838E-07 4.26058E-07 4.22420E-07 9.31853E-05 1.60299E-04 8.79485E-03 5.17896E-02 4.19048E-07 4.26058E-07 2.43838E-07 1.32423E-03 
5.19020E-07 6.65081E-07 6.77956E-07 8.34761E-05 1.43861E-04 7.99488E-03 4.74563E-02 6.74695E-07 6.65081E-07 5.19020E-07 1.17376E-03 
7.63204E-07 8.72328E-07 9.01126E-07 7.45977E-05 1.28788E-04 7.24970E-03 4.33823E-02 8.97980E-07 8.72328E-07 7.63204E-07 1.03836E-03 
9.67389E-07 1.03846E-06 1.08232E-06 6.65012E-05 1.15010E-04 6.55803E-03 3.95654E-02 1.07929E-06 1.03846E-06 9.67389E-07 9.15978E-04 
1.12478E-06 1.15653E-06 1.21435E-06 5.91367E-05 1.02451E-04 5.91824E-03 3.60016E-02 1.21144E-06 1.15653E-06 1.12478E-06 8.04924E-04 
1.23092E-06 1.22216E-06 1.29257E-06 5.24540E-05 9.10325E-05 5.32841E-03 3.26849E-02 1.28978E-06 1.22216E-06 1.23092E-06 7.03864E-04 
1.28395E-06 1.23378E-06 1.31518E-06 4.64044E-05 8.06789E-05 4.78644E-03 2.96082E-02 1.31252E-06 1.23378E-06 1.28395E-06 6.11801E-04 
1.28482E-06 1.19283E-06 1.28342E-06 4.09410E-05 7.13146E-05 4.29002E-03 2.67631E-02 1.28088E-06 1.19283E-06 1.28482E-06 5.28049E-04 
1.23751E-06 1.10397E-06 1.20178E-06 3.60201E-05 6.28674E-05 3.83672E-03 2.41401E-02 1.19936E-06 1.10397E-06 1.23751E-06 4.52196E-04 
1.14912E-06 9.75192E-07 1.07809E-06 3.16017E-05 5.52691E-05 3.42403E-03 2.17291E-02 1.07580E-06 9.75192E-07 1.14912E-06 3.84065E-04 
1.02991E-06 8.17743E-07 9.23526E-07 2.76503E-05 4.84570E-05 3.04942E-03 1.95193E-02 9.21352E-07 8.17743E-07 1.02991E-06 3.23655E-04 
8.93027E-07 6.45916E-07 7.52315E-07 2.41346E-05 4.23738E-05 2.71033E-03 1.74996E-02 7.50260E-07 6.45916E-07 8.93027E-07 2.71082E-04 
7.54169E-07 4.76595E-07 5.81337E-07 2.10279E-05 3.69678E-05 2.40424E-03 1.56586E-02 5.79400E-07 4.76595E-07 7.54169E-07 2.26511E-04 
3.41154E-08 -4.71062E-07 4.60500E-07 1.78589E-04 3.06849E-04 1.72610E-02 1.00661E-01 4.55974E-07 -4.71062E-07 3.41154E-08 3.08948E-03 
3.41154E-08 -4.71062E-07 1.45043E-08 1.63368E-04 2.81595E-04 1.60592E-02 9.42823E-02 1.00405E-08 -4.71062E-07 3.41154E-08 2.75603E-03 
3.41154E-08 -1.18138E-07 -2.91262E-07 1.49365E-04 2.58266E-04 1.49291E-02 8.82368E-02 -2.95658E-07 -1.18138E-07 3.41154E-08 2.46569E-03 
3.41154E-08 -3.23058E-07 -4.83954E-07 1.36477E-04 2.36710E-04 1.38664E-02 8.25068E-02 -4.88277E-07 -3.23058E-07 3.41154E-08 2.21247E-03 
3.41154E-08 -4.47548E-07 -5.94885E-07 1.24450E-04 2.16523E-04 1.28545E-02 7.70075E-02 -5.99129E-07 -4.47548E-07 3.41154E-08 1.98744E-03 
3.41154E-08 -5.07873E-07 -6.40427E-07 1.13256E-04 1.97672E-04 1.18936E-02 7.17444E-02 -6.44587E-07 -5.07873E-07 3.41154E-08 1.78751E-03 
3.41154E-08 -5.17037E-07 -6.33715E-07 1.02865E-04 1.80116E-04 1.09839E-02 6.67211E-02 -6.37786E-07 -5.17037E-07 3.41154E-08 1.60980E-03 
3.41154E-08 -4.95684E-07 -5.99426E-07 9.53574E-05 1.67395E-04 1.03148E-02 6.30000E-02 -6.03425E-07 -4.95684E-07 3.41154E-08 1.48583E-03 
3.41154E-08 -4.85425E-07 -5.85290E-07 9.32477E-05 1.63814E-04 1.01248E-02 6.19394E-02 -5.89267E-07 -4.85425E-07 3.41154E-08 1.45162E-03 
3.41154E-08 -4.15330E-07 -4.96220E-07 8.37081E-05 1.47587E-04 9.25476E-03 5.70547E-02 -5.00090E-07 -4.15330E-07 3.41154E-08 1.30015E-03 
3.41154E-08 -3.16545E-07 -3.77822E-07 7.49889E-05 1.32699E-04 8.44178E-03 5.24498E-02 -3.81580E-07 -3.16545E-07 3.41154E-08 1.16575E-03 
3.41154E-08 -1.97020E-07 -2.38316E-07 6.70461E-05 1.19082E-04 7.68443E-03 4.81211E-02 -2.41958E-07 -1.97020E-07 3.41154E-08 1.04590E-03 
3.41154E-08 -6.43677E-08 -8.56006E-08 5.98340E-05 1.06665E-04 6.98098E-03 4.40640E-02 -8.91229E-08 -6.43677E-08 3.41154E-08 9.38365E-04 
1.87612E-07 1.50865E-07 1.48971E-07 5.34570E-05 9.55751E-05 6.33642E-03 4.03119E-02 1.45571E-07 1.50865E-07 1.87612E-07 8.40769E-04 
4.00363E-07 3.63500E-07 3.80430E-07 4.76764E-05 8.54703E-05 5.73805E-03 3.67968E-02 3.77154E-07 3.63500E-07 4.00363E-07 7.51324E-04 
5.88323E-07 5.45382E-07 5.80426E-07 4.24177E-05 7.62453E-05 5.18290E-03 3.35057E-02 5.77278E-07 5.45382E-07 5.88323E-07 6.68883E-04 
7.42393E-07 6.87346E-07 7.39489E-07 3.76443E-05 6.78452E-05 4.66973E-03 3.04352E-02 7.36470E-07 6.87346E-07 7.42393E-07 5.92485E-04 
8.55367E-07 7.82368E-07 8.50294E-07 3.33194E-05 6.02141E-05 4.19702E-03 2.75806E-02 8.47407E-07 7.82368E-07 8.55367E-07 5.21390E-04 
9.22253E-07 8.25889E-07 9.07998E-07 2.94074E-05 5.32962E-05 3.76309E-03 2.49355E-02 9.05242E-07 8.25889E-07 9.22253E-07 4.55084E-04 
9.40633E-07 8.16168E-07 9.10595E-07 2.58745E-05 4.70375E-05 3.36608E-03 2.24927E-02 9.07972E-07 8.16168E-07 9.40633E-07 3.93287E-04 
9.11000E-07 7.54613E-07 8.59266E-07 2.26897E-05 4.13865E-05 3.00402E-03 2.02438E-02 8.56774E-07 7.54613E-07 9.11000E-07 3.35932E-04 
8.37039E-07 6.46035E-07 7.58626E-07 1.98254E-05 3.62957E-05 2.67489E-03 1.81800E-02 7.56266E-07 6.46035E-07 8.37039E-07 2.83148E-04 
7.25762E-07 4.98760E-07 6.16852E-07 1.72579E-05 3.17222E-05 2.37659E-03 1.62918E-02 6.14621E-07 4.98760E-07 7.25762E-07 2.35225E-04 
5.87490E-07 3.24571E-07 4.45626E-07 1.49676E-05 2.76280E-05 2.10705E-03 1.45692E-02 4.43521E-07 3.24571E-07 5.87490E-07 1.92565E-04 
4.35613E-07 1.38429E-07 2.59857E-07 1.29395E-05 2.39805E-05 1.86421E-03 1.30023E-02 2.57877E-07 1.38429E-07 4.35613E-07 1.55631E-04 
2.86134E-07 -4.20322E-08 7.71825E-08 1.11620E-05 2.07522E-05 1.64603E-03 1.15809E-02 7.53238E-08 -4.20322E-08 2.86134E-07 1.24884E-04 
3.00002E-08 -3.82030E-07 2.34286E-07 1.03192E-04 1.82919E-04 1.25978E-02 7.98102E-02 2.29548E-07 -3.82030E-07 3.00002E-08 1.60330E-03 
3.00002E-08 -3.82030E-07 -6.98428E-08 9.39520E-05 1.67228E-04 1.16846E-02 7.45215E-02 -7.45004E-08 -3.82030E-07 3.00002E-08 1.45275E-03 
3.00002E-08 -8.94656E-08 -2.89636E-07 8.54728E-05 1.52778E-04 1.08287E-02 6.95255E-02 -2.94208E-07 -8.94656E-08 3.00002E-08 1.32087E-03 
3.00002E-08 -2.51796E-07 -4.37728E-07 7.76929E-05 1.39472E-04 1.00264E-02 6.48063E-02 -4.42210E-07 -2.51796E-07 3.00002E-08 1.20517E-03 
3.00002E-08 -3.59641E-07 -5.29778E-07 7.04590E-05 1.27059E-04 9.26495E-03 6.02922E-02 -5.34165E-07 -3.59641E-07 3.00002E-08 1.10074E-03 
3.00002E-08 -4.21480E-07 -5.74399E-07 6.37542E-05 1.15515E-04 8.54437E-03 5.59869E-02 -5.78684E-07 -4.21480E-07 3.00002E-08 1.00644E-03 
3.00002E-08 -4.44020E-07 -5.78459E-07 5.75602E-05 1.04813E-04 7.86443E-03 5.18921E-02 -5.82638E-07 -4.44020E-07 3.00002E-08 9.21168E-04 
3.00002E-08 -4.37990E-07 -5.57383E-07 5.31059E-05 9.70905E-05 7.36593E-03 4.88685E-02 -5.61477E-07 -4.37990E-07 3.00002E-08 8.60740E-04 
3.00002E-08 -4.32726E-07 -5.47613E-07 5.18577E-05 9.49222E-05 7.22467E-03 4.80082E-02 -5.51681E-07 -4.32726E-07 3.00002E-08 8.43910E-04 
3.00002E-08 -3.88112E-07 -4.80959E-07 4.62362E-05 8.51292E-05 6.57907E-03 4.40557E-02 -4.84903E-07 -3.88112E-07 3.00002E-08 7.68457E-04 
3.00002E-08 -3.15417E-07 -3.85521E-07 4.11347E-05 7.61972E-05 5.97821E-03 4.03445E-02 -3.89336E-07 -3.15417E-07 3.00002E-08 7.00006E-04 
3.00002E-08 -2.20638E-07 -2.67614E-07 3.65238E-05 6.80782E-05 5.42071E-03 3.68703E-02 -2.71298E-07 -2.20638E-07 3.00002E-08 6.37447E-04 
3.00002E-08 -1.10441E-07 -1.34242E-07 3.23722E-05 6.07218E-05 4.90500E-03 3.36274E-02 -1.37791E-07 -1.10441E-07 3.00002E-08 5.79751E-04 
1.64826E-07 9.53851E-08 9.38940E-08 2.87793E-05 5.42372E-05 4.43448E-03 3.06412E-02 9.04816E-08 9.53851E-08 1.64826E-07 5.25600E-04 
3.50700E-07 2.98001E-07 3.18177E-07 2.55532E-05 4.83665E-05 3.99949E-03 2.78555E-02 3.14903E-07 2.98001E-07 3.50700E-07 4.74243E-04 
5.12563E-07 4.66867E-07 5.07840E-07 2.26343E-05 4.30286E-05 3.59764E-03 2.52586E-02 5.04706E-07 4.66867E-07 5.12563E-07 4.25212E-04 
6.41191E-07 5.92903E-07 6.53448E-07 1.99956E-05 3.81831E-05 3.22777E-03 2.28466E-02 6.50456E-07 5.92903E-07 6.41191E-07 3.78115E-04 
7.29124E-07 6.69086E-07 7.47636E-07 1.76109E-05 3.37897E-05 2.88856E-03 2.06141E-02 7.44785E-07 6.69086E-07 7.29124E-07 3.32713E-04 
7.71123E-07 6.90904E-07 7.85566E-07 1.54556E-05 2.98096E-05 2.57856E-03 1.85550E-02 7.82857E-07 6.90904E-07 7.71123E-07 2.88937E-04 
7.64627E-07 6.56804E-07 7.65391E-07 1.35074E-05 2.62067E-05 2.29623E-03 1.66623E-02 7.62824E-07 6.56804E-07 7.64627E-07 2.46895E-04 
7.10168E-07 5.68590E-07 6.88659E-07 1.17473E-05 2.29481E-05 2.03993E-03 1.49280E-02 6.86231E-07 5.68590E-07 7.10168E-07 2.06871E-04 
6.11680E-07 4.31703E-07 5.60597E-07 1.01596E-05 2.00050E-05 1.80803E-03 1.33442E-02 5.58307E-07 4.31703E-07 6.11680E-07 1.69307E-04 
4.76639E-07 2.55324E-07 3.90227E-07 8.73276E-06 1.73535E-05 1.59884E-03 1.19021E-02 3.88072E-07 2.55324E-07 4.76639E-07 1.34772E-04 
3.16010E-07 5.22812E-08 1.90274E-07 7.45937E-06 1.49744E-05 1.41073E-03 1.05930E-02 1.88251E-07 5.22812E-08 3.16010E-07 1.03920E-04 
1.43956E-07 -1.61298E-07 -2.31795E-08 6.33581E-06 1.28536E-05 1.24207E-03 9.40820E-03 -2.50734E-08 -1.61298E-07 1.43956E-07 7.74333E-05 
-2.26965E-08 -3.66568E-07 -2.31269E-07 5.36196E-06 1.09812E-05 1.09130E-03 8.33887E-03 -2.33039E-07 -3.66568E-07 -2.26965E-08 5.59652E-05 
2.97847E-08 -3.05973E-07 6.68231E-08 5.63121E-05 1.03260E-04 8.91229E-03 6.17210E-02 6.18791E-08 -3.05973E-07 2.97847E-08 7.51524E-04 
2.97847E-08 -3.05973E-07 -1.44731E-07 5.09490E-05 9.39852E-05 8.23909E-03 5.74408E-02 -1.49576E-07 -3.05973E-07 2.97847E-08 7.00258E-04 
2.97847E-08 -6.89955E-08 -3.04557E-07 4.60386E-05 8.54735E-05 7.61027E-03 5.34118E-02 -3.09297E-07 -6.89955E-08 2.97847E-08 6.54167E-04 
2.97847E-08 -1.97787E-07 -4.16339E-07 4.15482E-05 7.76682E-05 7.02296E-03 4.96196E-02 -4.20970E-07 -1.97787E-07 2.97847E-08 6.12835E-04 
2.97847E-08 -2.86938E-07 -4.86691E-07 3.73905E-05 7.04201E-05 6.46744E-03 4.60051E-02 -4.91208E-07 -2.86938E-07 2.97847E-08 5.73914E-04 
2.97847E-08 -3.40186E-07 -5.19516E-07 3.35567E-05 6.37140E-05 5.94362E-03 4.25704E-02 -5.23913E-07 -3.40186E-07 2.97847E-08 5.37385E-04 
2.97847E-08 -3.60506E-07 -5.17987E-07 3.00363E-05 5.75320E-05 5.45115E-03 3.93158E-02 -5.22260E-07 -3.60506E-07 2.97847E-08 5.03168E-04 
2.97847E-08 -3.55324E-07 -4.95065E-07 2.75208E-05 5.30960E-05 5.09129E-03 3.69206E-02 -4.99238E-07 -3.55324E-07 2.97847E-08 4.78192E-04 
2.97847E-08 -3.50567E-07 -4.85001E-07 2.68187E-05 5.18545E-05 4.98952E-03 3.62405E-02 -4.89145E-07 -3.50567E-07 2.97847E-08 4.71121E-04 
2.97847E-08 -3.09193E-07 -4.17731E-07 2.36743E-05 4.62728E-05 4.52550E-03 3.31234E-02 -4.21733E-07 -3.09193E-07 2.97847E-08 4.38746E-04 
2.97847E-08 -2.40154E-07 -3.22052E-07 2.08504E-05 4.12220E-05 4.09545E-03 3.02091E-02 -3.25908E-07 -2.40154E-07 2.97847E-08 4.08281E-04 
2.97847E-08 -1.48797E-07 -2.03689E-07 1.83277E-05 3.66692E-05 3.69814E-03 2.74927E-02 -2.07397E-07 -1.48797E-07 2.97847E-08 3.79295E-04 
2.97847E-08 -4.17921E-08 -6.97080E-08 1.60852E-05 3.25795E-05 3.33221E-03 2.49684E-02 -7.32648E-08 -4.17921E-08 2.97847E-08 3.51317E-04 
1.62942E-07 1.69260E-07 1.67258E-07 1.42226E-05 2.90545E-05 2.99986E-03 2.26544E-02 1.63852E-07 1.69260E-07 1.62942E-07 3.23432E-04 
3.44296E-07 3.73564E-07 3.96657E-07 1.25752E-05 2.58897E-05 2.69399E-03 2.05055E-02 3.93403E-07 3.73564E-07 3.44296E-07 2.95456E-04 
4.99006E-07 5.38307E-07 5.85410E-07 1.10929E-05 2.30209E-05 2.41267E-03 1.85114E-02 5.82308E-07 5.38307E-07 4.99006E-07 2.67224E-04 
6.17579E-07 6.54332E-07 7.23952E-07 9.75568E-06 2.04184E-05 2.15493E-03 1.66680E-02 7.21004E-07 6.54332E-07 6.17579E-07 2.38589E-04 
6.92324E-07 7.14623E-07 8.04877E-07 8.54503E-06 1.80539E-05 1.91966E-03 1.49699E-02 8.02081E-07 7.14623E-07 6.92324E-07 2.09532E-04 
7.17908E-07 7.14852E-07 8.23492E-07 7.44426E-06 1.59014E-05 1.70565E-03 1.34113E-02 8.20847E-07 7.14852E-07 7.17908E-07 1.80188E-04 
6.91892E-07 6.53908E-07 7.78357E-07 6.43948E-06 1.39377E-05 1.51167E-03 1.19857E-02 7.75862E-07 6.53908E-07 6.91892E-07 1.50860E-04 
6.15190E-07 5.34328E-07 6.71723E-07 5.52008E-06 1.21437E-05 1.33643E-03 1.06861E-02 6.69375E-07 5.34328E-07 6.15190E-07 1.22022E-04 
4.92383E-07 3.62572E-07 5.09822E-07 4.67923E-06 1.05045E-05 1.17865E-03 9.50520E-03 5.07618E-07 3.62572E-07 4.92383E-07 9.42951E-05 
3.31838E-07 1.49100E-07 3.02947E-07 3.91405E-06 9.00994E-06 1.03702E-03 8.43555E-03 3.00883E-07 1.49100E-07 3.31838E-07 6.84228E-05 
1.45599E-07 -9.17861E-08 6.52955E-08 3.22560E-06 7.65469E-06 9.10313E-04 7.46967E-03 6.33675E-08 -9.17861E-08 1.45599E-07 4.52202E-05 
-5.09825E-08 -3.42377E-07 -1.85456E-07 2.61859E-06 6.43776E-06 7.97289E-04 6.60010E-03 -1.87252E-07 -3.42377E-07 -5.09825E-08 2.55193E-05 
-2.39870E-07 -5.82238E-07 -4.28832E-07 2.10082E-06 5.36205E-06 6.96782E-04 5.81950E-03 -4.30502E-07 -5.82238E-07 -2.39870E-07 1.01047E-05 
3.20345E-08 -2.44030E-07 -5.82983E-08 2.88288E-05 5.46195E-05 6.07593E-03 4.63439E-02 -6.34422E-08 -2.44030E-07 3.20345E-08 2.96196E-04 
3.20345E-08 -2.44030E-07 -2.14413E-07 2.58254E-05 4.94293E-05 5.59712E-03 4.29772E-02 -2.19436E-07 -2.44030E-07 3.20345E-08 2.91251E-04 
3.20345E-08 -5.54044E-08 -3.34674E-07 2.30810E-05 4.46873E-05 5.15152E-03 3.98200E-02 -3.39571E-07 -5.54044E-08 3.20345E-08 2.85368E-04 
3.20345E-08 -1.59101E-07 -4.17740E-07 2.05815E-05 4.03633E-05 4.73689E-03 3.68597E-02 -4.22507E-07 -1.59101E-07 3.20345E-08 2.79189E-04 
3.20345E-08 -2.29589E-07 -4.65572E-07 1.82803E-05 3.63740E-05 4.34617E-03 3.40489E-02 -4.70204E-07 -2.29589E-07 3.20345E-08 2.71830E-04 
3.20345E-08 -2.68103E-07 -4.79608E-07 1.61739E-05 3.27106E-05 3.97917E-03 3.13882E-02 -4.84101E-07 -2.68103E-07 3.20345E-08 2.63787E-04 
3.20345E-08 -2.75785E-07 -4.61234E-07 1.42576E-05 2.93622E-05 3.63548E-03 2.88771E-02 -4.65583E-07 -2.75785E-07 3.20345E-08 2.55415E-04 
3.20345E-08 -2.61482E-07 -4.25858E-07 1.29020E-05 2.69797E-05 3.38524E-03 2.70358E-02 -4.30094E-07 -2.61482E-07 3.20345E-08 2.48848E-04 
3.20345E-08 -2.54105E-07 -4.12192E-07 1.25262E-05 2.63164E-05 3.31461E-03 2.65140E-02 -4.16395E-07 -2.54105E-07 3.20345E-08 2.46921E-04 
3.20345E-08 -2.00358E-07 -3.27832E-07 1.08585E-05 2.33553E-05 2.99345E-03 2.41291E-02 -3.31874E-07 -2.00358E-07 3.20345E-08 2.37694E-04 
3.20345E-08 -1.19096E-07 -2.15211E-07 9.38741E-06 2.07096E-05 2.69715E-03 2.19095E-02 -2.19089E-07 -1.19096E-07 3.20345E-08 2.28303E-04 
3.20345E-08 -1.60424E-08 -8.04936E-08 8.10032E-06 1.83569E-05 2.42466E-03 1.98502E-02 -8.42055E-08 -1.60424E-08 3.20345E-08 2.18516E-04 
3.20345E-08 1.01359E-07 6.84156E-08 6.98244E-06 1.62725E-05 2.17486E-03 1.79455E-02 6.48704E-08 1.01359E-07 3.20345E-08 2.08008E-04 
1.74280E-07 3.27478E-07 3.24717E-07 6.13623E-06 1.45564E-05 1.94912E-03 1.62079E-02 3.21337E-07 3.27478E-07 1.74280E-07 1.95876E-04 
3.65211E-07 5.41076E-07 5.67443E-07 5.41010E-06 1.30350E-05 1.74234E-03 1.46022E-02 5.64229E-07 5.41076E-07 3.65211E-07 1.82197E-04 
5.24552E-07 7.07156E-07 7.61288E-07 4.75959E-06 1.16547E-05 1.55308E-03 1.31195E-02 7.58239E-07 7.07156E-07 5.24552E-07 1.66886E-04 
6.42381E-07 8.16336E-07 8.96407E-07 4.16948E-06 1.03937E-05 1.38053E-03 1.17556E-02 8.93522E-07 8.16336E-07 6.42381E-07 1.49846E-04 
7.10760E-07 8.61602E-07 9.65343E-07 3.62615E-06 9.23204E-06 1.22378E-03 1.05057E-02 9.62620E-07 8.61602E-07 7.10760E-07 1.31119E-04 
7.24363E-07 8.38937E-07 9.63669E-07 3.11837E-06 8.15241E-06 1.08192E-03 9.36441E-03 9.61107E-07 8.38937E-07 7.24363E-07 1.10916E-04 
6.81077E-07 7.47893E-07 8.90574E-07 2.63792E-06 7.14114E-06 9.53978E-04 8.32601E-03 8.88168E-07 7.47893E-07 6.81077E-07 8.96300E-05 
5.82470E-07 5.92033E-07 7.49309E-07 2.18012E-06 6.18864E-06 8.38985E-04 7.38446E-03 7.47056E-07 5.92033E-07 5.82470E-07 6.78361E-05 
4.34097E-07 3.79189E-07 5.47461E-07 1.74421E-06 5.28993E-06 7.35976E-04 6.53357E-03 5.45357E-07 3.79189E-07 4.34097E-07 4.62707E-05 
2.45567E-07 1.21472E-07 2.96969E-07 1.33341E-06 4.44473E-06 6.44003E-04 5.76711E-03 2.95009E-07 1.21472E-07 2.45567E-07 2.57939E-05 
3.03575E-08 -1.64963E-07 1.38886E-08 9.54824E-07 3.65734E-06 5.62148E-04 5.07889E-03 1.20675E-08 -1.64963E-07 3.03575E-08 7.33928E-06 
-1.94650E-07 -4.60466E-07 -2.82145E-07 6.19000E-07 2.93622E-06 4.89531E-04 4.46280E-03 -2.83833E-07 -4.60466E-07 -1.94650E-07 -8.15004E-06 
-4.09900E-07 -7.42683E-07 -5.68714E-07 3.39228E-07 2.29323E-06 4.25316E-04 3.91294E-03 -5.70275E-07 -7.42683E-07 -4.09900E-07 -1.97893E-05 
3.58928E-08 -1.89666E-07 -1.59180E-07 1.38091E-05 2.66802E-05 3.96223E-03 3.35895E-02 -1.64515E-07 -1.89666E-07 3.58928E-08 7.22805E-05 
3.58928E-08 -1.89666E-07 -2.83815E-07 1.21347E-05 2.39336E-05 3.63595E-03 3.10296E-02 -2.89004E-07 -1.89666E-07 3.58928E-08 8.30799E-05 
3.58928E-08 -4.62376E-08 -3.77262E-07 1.06080E-05 2.14415E-05 3.33351E-03 2.86388E-02 -3.82302E-07 -4.62376E-08 3.58928E-08 9.13608E-05 
3.58928E-08 -1.29888E-07 -4.35744E-07 9.22622E-06 1.91905E-05 3.05324E-03 2.64063E-02 -4.40633E-07 -1.29888E-07 3.58928E-08 9.81360E-05 
3.58928E-08 -1.80917E-07 -4.59344E-07 7.96566E-06 1.71372E-05 2.79021E-03 2.42952E-02 -4.64076E-07 -1.80917E-07 3.58928E-08 1.03227E-04 
3.58928E-08 -1.99620E-07 -4.48607E-07 6.82603E-06 1.52768E-05 2.54418E-03 2.23054E-02 -4.53179E-07 -1.99620E-07 3.58928E-08 1.07245E-04 
3.58928E-08 -1.86656E-07 -4.04486E-07 5.80623E-06 1.36030E-05 2.31477E-03 2.04354E-02 -4.08893E-07 -1.86656E-07 3.58928E-08 1.10610E-04 
3.58928E-08 -1.55753E-07 -3.48502E-07 5.09806E-06 1.24312E-05 2.14837E-03 1.90696E-02 -3.52781E-07 -1.55753E-07 3.58928E-08 1.12913E-04 
3.58928E-08 -1.43436E-07 -3.28718E-07 4.90409E-06 1.21083E-05 2.10151E-03 1.86834E-02 -3.32959E-07 -1.43436E-07 3.58928E-08 1.13544E-04 
3.58928E-08 -6.58400E-08 -2.14886E-07 4.05904E-06 1.06866E-05 1.88907E-03 1.69234E-02 -2.18946E-07 -6.58400E-08 3.58928E-08 1.16274E-04 
3.58928E-08 3.91121E-08 -7.29906E-08 3.33991E-06 9.44860E-06 1.69402E-03 1.52934E-02 -7.68679E-08 3.91121E-08 3.58928E-08 1.18403E-04 
3.58928E-08 1.64551E-07 8.95840E-08 2.73760E-06 8.37792E-06 1.51556E-03 1.37887E-02 8.58900E-08 1.64551E-07 3.58928E-08 1.19619E-04 
3.58928E-08 3.01679E-07 2.63507E-07 2.24067E-06 7.45619E-06 1.35278E-03 1.24041E-02 2.59995E-07 3.01679E-07 3.58928E-08 1.19507E-04 
1.94204E-07 5.49005E-07 5.45966E-07 1.95479E-06 6.78424E-06 1.20649E-03 1.11476E-02 5.42635E-07 5.49005E-07 1.94204E-07 1.16969E-04 
4.03686E-07 7.76144E-07 8.06883E-07 1.73253E-06 6.20394E-06 1.07318E-03 9.99252E-03 8.03730E-07 7.76144E-07 4.03686E-07 1.12170E-04 
5.74881E-07 9.46015E-07 1.00882E-06 1.53203E-06 5.66791E-06 9.51794E-04 8.93155E-03 1.00585E-06 9.46015E-07 5.74881E-07 1.04982E-04 
6.97312E-07 1.04891E-06 1.14155E-06 1.34080E-06 5.15920E-06 8.41690E-04 7.96088E-03 1.13875E-06 1.04891E-06 6.97312E-07 9.52657E-05 
7.62785E-07 1.07786E-06 1.19759E-06 1.14837E-06 4.66324E-06 7.42199E-04 7.07625E-03 1.19496E-06 1.07786E-06 7.62785E-07 8.30465E-05 
7.66085E-07 1.02928E-06 1.17292E-06 9.46941E-07 4.16872E-06 6.52625E-04 6.27301E-03 1.17046E-06 1.02928E-06 7.66085E-07 6.85493E-05 
7.05608E-07 9.03616E-07 1.06758E-06 7.32062E-07 3.66825E-06 5.72267E-04 5.54634E-03 1.06528E-06 9.03616E-07 7.05608E-07 5.22106E-05 
5.83831E-07 7.05749E-07 8.86106E-07 5.03105E-07 3.15893E-06 5.00424E-04 4.89125E-03 8.83965E-07 7.05749E-07 5.83831E-07 3.46720E-05 
4.07573E-07 4.45214E-07 6.37780E-07 2.63533E-07 2.64262E-06 4.36411E-04 4.30272E-03 6.35792E-07 4.45214E-07 4.07573E-07 1.67547E-05 
1.87997E-07 1.36129E-07 3.36544E-07 2.09154E-08 2.12599E-06 3.79564E-04 3.77575E-03 3.34702E-07 1.36129E-07 1.87997E-07 -5.85093E-07 
-5.96708E-08 -2.03155E-07 6.62827E-10 -2.13324E-07 1.62023E-06 3.29250E-04 3.30543E-03 -1.03852E-09 -2.03155E-07 -5.96708E-08 -1.63151E-05 
-3.16729E-07 -5.50720E-07 -3.47939E-07 -4.24470E-07 1.14045E-06 2.84868E-04 2.88699E-03 -3.49507E-07 -5.50720E-07 -3.16729E-07 -2.93969E-05 
-5.61843E-07 -8.82007E-07 -6.84605E-07 -5.95318E-07 7.04822E-07 2.45854E-04 2.51585E-03 -6.86046E-07 -8.82007E-07 -5.61843E-07 -3.88614E-05 
4.08759E-08 -1.34537E-07 -2.51763E-07 6.24904E-06 1.17200E-05 2.44230E-03 2.32826E-02 -2.57280E-07 -1.34537E-07 4.08759E-08 -2.82311E-05 
4.08759E-08 -1.34537E-07 -3.57595E-07 5.25224E-06 1.03334E-05 2.23164E-03 2.14172E-02 -3.62939E-07 -1.34537E-07 4.08759E-08 -1.71012E-05 
4.08759E-08 -3.90375E-08 -4.29849E-07 4.34715E-06 9.09272E-06 2.03724E-03 1.96827E-02 -4.35018E-07 -3.90375E-08 4.08759E-08 -7.65469E-06 
4.08759E-08 -1.03818E-07 -4.63919E-07 3.53716E-06 7.99420E-06 1.85791E-03 1.80704E-02 -4.68911E-07 -1.03818E-07 4.08759E-08 1.09392E-06 
4.08759E-08 -1.32788E-07 -4.59684E-07 2.81002E-06 7.01658E-06 1.69037E-03 1.65527E-02 -4.64495E-07 -1.32788E-07 4.08759E-08 9.19968E-06 
4.08759E-08 -1.26365E-07 -4.17865E-07 2.16719E-06 6.15729E-06 1.53438E-03 1.51288E-02 -4.22494E-07 -1.26365E-07 4.08759E-08 1.71609E-05 
4.08759E-08 -8.56506E-08 -3.39916E-07 1.60916E-06 5.41258E-06 1.38963E-03 1.37969E-02 -3.44359E-07 -8.56506E-08 4.08759E-08 2.52560E-05 
4.08759E-08 -3.19395E-08 -2.56379E-07 1.23519E-06 4.91181E-06 1.28509E-03 1.28282E-02 -2.60677E-07 -3.19395E-08 4.08759E-08 3.16593E-05 
4.08759E-08 -1.28040E-08 -2.28386E-07 1.13524E-06 4.77736E-06 1.25572E-03 1.25550E-02 -2.32642E-07 -1.28040E-08 4.08759E-08 3.35490E-05 
4.08759E-08 9.76730E-08 -7.50658E-08 7.15763E-07 4.20730E-06 1.12301E-03 1.13138E-02 -7.91191E-08 9.76730E-08 4.08759E-08 4.25598E-05 
4.08759E-08 2.34974E-07 1.05697E-07 3.86068E-07 3.74583E-06 1.00184E-03 1.01705E-02 1.01846E-07 2.34974E-07 4.08759E-08 5.12758E-05 
4.08759E-08 3.90512E-07 3.04718E-07 1.38257E-07 3.37970E-06 8.91585E-04 9.12090E-03 3.01068E-07 3.90512E-07 4.08759E-08 5.91673E-05 
4.08759E-08 5.53697E-07 5.10793E-07 -3.80341E-08 3.09347E-06 7.91594E-04 8.16045E-03 5.07342E-07 5.53697E-07 4.08759E-08 6.56174E-05 
2.20055E-07 8.25736E-07 8.23643E-07 -3.42974E-08 2.98952E-06 7.02291E-04 7.29389E-03 8.20385E-07 8.25736E-07 2.20055E-07 6.92507E-05 
4.54005E-07 1.06814E-06 1.10512E-06 7.08388E-10 2.91532E-06 6.21376E-04 6.50179E-03 1.10206E-06 1.06814E-06 4.54005E-07 7.02250E-05 
6.41442E-07 1.24185E-06 1.31577E-06 2.57263E-08 2.82631E-06 5.48103E-04 5.77847E-03 1.31289E-06 1.24185E-06 6.41442E-07 6.83230E-05 
7.71256E-07 1.33681E-06 1.44493E-06 2.96582E-08 2.70833E-06 4.82009E-04 5.12064E-03 1.44224E-06 1.33681E-06 7.71256E-07 6.33236E-05 
8.35025E-07 1.34614E-06 1.48518E-06 3.77692E-09 2.55015E-06 4.22614E-04 4.52471E-03 1.48267E-06 1.34614E-06 8.35025E-07 5.52112E-05 
8.27767E-07 1.26688E-06 1.43305E-06 -5.75484E-08 2.34422E-06 3.69430E-04 3.98694E-03 1.43071E-06 1.26688E-06 8.27767E-07 4.42063E-05 
7.48589E-07 1.10063E-06 1.28970E-06 -1.56234E-07 2.08742E-06 3.21976E-04 3.50345E-03 1.28753E-06 1.10063E-06 7.48589E-07 3.07756E-05 
6.01128E-07 8.53879E-07 1.06127E-06 -2.90047E-07 1.78145E-06 2.79777E-04 3.07035E-03 1.05926E-06 8.53879E-07 6.01128E-07 1.56195E-05 
3.93764E-07 5.38218E-07 7.59062E-07 -4.52407E-07 1.43307E-06 2.42379E-04 2.68375E-03 7.57207E-07 5.38218E-07 3.93764E-07 -3.61470E-07 
1.39514E-07 1.70118E-07 3.99389E-07 -6.32478E-07 1.05397E-06 2.09346E-04 2.33984E-03 3.97681E-07 1.70118E-07 1.39514E-07 -1.61193E-05 
-1.44351E-07 -2.29528E-07 3.07161E-09 -8.15544E-07 6.60409E-07 1.80270E-04 2.03493E-03 1.50348E-09 -2.29528E-07 -1.44351E-07 -3.05263E-05 
-4.37038E-07 -6.36222E-07 -4.05358E-07 -9.83698E-07 2.72382E-07 1.54772E-04 1.76548E-03 -4.06794E-07 -6.36222E-07 -4.37038E-07 -4.24536E-05 
-7.15203E-07 -1.02294E-06 -7.98729E-07 -1.11679E-06 -8.73294E-08 1.32497E-04 1.52812E-03 -8.00040E-07 -1.02294E-06 -7.15203E-07 -5.08531E-05 
4.66687E-08 -7.18900E-08 -3.47195E-07 2.84747E-06 4.42780E-06 1.40669E-03 1.52948E-02 -3.52877E-07 -7.18900E-08 4.66687E-08 -6.99776E-05 
4.66687E-08 -7.18900E-08 -4.38728E-07 2.14440E-06 3.72723E-06 1.27923E-03 1.40032E-02 -4.44208E-07 -7.18900E-08 4.66687E-08 -6.46051E-05 
4.66687E-08 -3.19106E-08 -4.90080E-07 1.51173E-06 3.12005E-06 1.16219E-03 1.28083E-02 -4.95357E-07 -3.19106E-08 4.66687E-08 -5.90821E-05 
4.66687E-08 -7.59208E-08 -4.96777E-07 9.55785E-07 2.60774E-06 1.05478E-03 1.17030E-02 -5.01850E-07 -7.59208E-08 4.66687E-08 -5.26361E-05 
4.66687E-08 -7.86711E-08 -4.59491E-07 4.68780E-07 2.17952E-06 9.54941E-04 1.06678E-02 -4.64357E-07 -7.86711E-08 4.66687E-08 -4.52371E-05 
4.66687E-08 -4.14112E-08 -3.79842E-07 5.26583E-08 1.83365E-06 8.62479E-04 9.70146E-03 -3.84501E-07 -4.14112E-08 4.66687E-08 -3.65986E-05 
4.66687E-08 3.36672E-08 -2.60438E-07 -2.91738E-07 1.56717E-06 7.77136E-04 8.80232E-03 -2.64888E-07 3.36672E-08 4.66687E-08 -2.66670E-05 
4.66687E-08 1.15560E-07 -1.43211E-07 -5.09305E-07 1.41271E-06 7.15808E-04 8.15148E-03 -1.47499E-07 1.15560E-07 4.66687E-08 -1.81936E-05 
4.66687E-08 1.43088E-07 -1.05217E-07 -5.64993E-07 1.37565E-06 6.98629E-04 7.96841E-03 -1.09458E-07 1.43088E-07 4.66687E-08 -1.56091E-05 
4.66687E-08 2.93741E-07 9.58990E-08 -7.82690E-07 1.24599E-06 6.21280E-04 7.13966E-03 9.18822E-08 2.93741E-07 4.66687E-08 -2.84276E-06 
4.66687E-08 4.69976E-07 3.23067E-07 -9.26028E-07 1.18607E-06 5.51096E-04 6.38083E-03 3.19272E-07 4.69976E-07 4.66687E-08 1.01584E-05 
4.66687E-08 6.61065E-07 5.64873E-07 -1.00332E-06 1.18322E-06 4.87637E-04 5.68840E-03 5.61297E-07 6.61065E-07 4.66687E-08 2.26023E-05 
4.66687E-08 8.54317E-07 8.07923E-07 -1.02541E-06 1.22252E-06 4.30454E-04 5.05873E-03 8.04561E-07 8.54317E-07 4.66687E-08 3.36358E-05 
2.50081E-07 1.15251E-06 1.15332E-06 -8.81700E-07 1.40778E-06 3.79766E-04 4.49424E-03 1.15017E-06 1.15251E-06 2.50081E-07 4.15889E-05 
5.12358E-07 1.40992E-06 1.45574E-06 -7.25255E-07 1.58603E-06 3.34126E-04 3.98152E-03 1.45279E-06 1.40992E-06 5.12358E-07 4.65766E-05 
7.18498E-07 1.58565E-06 1.67382E-06 -5.97937E-07 1.71339E-06 2.93039E-04 3.51631E-03 1.67107E-06 1.58565E-06 7.18498E-07 4.82797E-05 
8.56732E-07 1.66930E-06 1.79651E-06 -5.10340E-07 1.77705E-06 2.56189E-04 3.09598E-03 1.79395E-06 1.66930E-06 8.56732E-07 4.63930E-05 
9.18485E-07 1.65423E-06 1.81654E-06 -4.70249E-07 1.76764E-06 2.23256E-04 2.71773E-03 1.81416E-06 1.65423E-06 9.18485E-07 4.08594E-05 
8.99165E-07 1.53833E-06 1.73124E-06 -4.81890E-07 1.68007E-06 1.93923E-04 2.37869E-03 1.72905E-06 1.53833E-06 8.99165E-07 3.18985E-05 
7.98804E-07 1.32458E-06 1.54314E-06 -5.45338E-07 1.51413E-06 1.67881E-04 2.07597E-03 1.54112E-06 1.32458E-06 7.98804E-07 2.00120E-05 
6.22467E-07 1.02144E-06 1.26031E-06 -6.56133E-07 1.27490E-06 1.44836E-04 1.80667E-03 1.25845E-06 1.02144E-06 6.22467E-07 5.96456E-06 
3.80374E-07 6.42875E-07 8.96435E-07 -8.05168E-07 9.72848E-07 1.24507E-04 1.56798E-03 8.94728E-07 6.42875E-07 3.80374E-07 -9.25809E-06 
8.76914E-08 2.08058E-07 4.70522E-07 -9.78893E-07 6.23587E-07 1.06635E-04 1.35717E-03 4.68962E-07 2.08058E-07 8.76914E-08 -2.45116E-05 
-2.35996E-07 -2.59257E-07 6.28337E-09 -1.15983E-06 2.47331E-07 9.09807E-05 1.17163E-03 4.86135E-09 -2.59257E-07 -2.35996E-07 -3.85700E-05 
-5.67557E-07 -7.31711E-07 -4.68848E-07 -1.32741E-06 -1.32033E-07 7.73253E-05 1.00888E-03 -4.70140E-07 -7.31711E-07 -5.67557E-07 -5.02128E-05 
-8.81445E-07 -1.17957E-06 -9.24946E-07 -1.45903E-06 -4.88108E-07 6.54709E-05 8.66599E-04 -9.26118E-07 -1.17957E-06 -8.81445E-07 -5.83141E-05 
5.31393E-08 3.87746E-09 -4.53845E-07 1.50514E-06 1.20721E-06 7.39560E-04 9.35065E-03 -4.59675E-07 3.87746E-09 5.31393E-08 -8.92594E-05 
5.31393E-08 3.87746E-09 -5.29982E-07 8.93522E-07 8.16055E-07 6.68842E-04 8.51529E-03 -5.35576E-07 3.87746E-09 5.31393E-08 -9.07310E-05 
5.31393E-08 -2.34557E-08 -5.56825E-07 3.50818E-07 4.99732E-07 6.04290E-04 7.74676E-03 -5.62183E-07 -2.34557E-08 5.31393E-08 -9.00314E-05 
5.31393E-08 -4.23638E-08 -5.30620E-07 -1.15675E-07 2.61722E-07 5.45397E-04 7.03992E-03 -5.35745E-07 -4.23638E-08 5.31393E-08 -8.66480E-05 
5.31393E-08 -1.32468E-08 -4.53451E-07 -5.13154E-07 9.50938E-08 4.90992E-04 6.38160E-03 -4.58341E-07 -1.32468E-08 5.31393E-08 -8.06910E-05 
5.31393E-08 6.12954E-08 -3.28362E-07 -8.40057E-07 -2.25222E-09 4.40921E-04 5.77063E-03 -3.33017E-07 6.12954E-08 5.31393E-08 -7.21037E-05 
5.31393E-08 1.77504E-07 -1.59603E-07 -1.09612E-06 -3.37517E-08 3.95004E-04 5.20551E-03 -1.64025E-07 1.77504E-07 5.31393E-08 -6.10694E-05 
5.31393E-08 2.92752E-07 -2.66239E-09 -1.24646E-06 -1.60919E-08 3.62203E-04 4.79864E-03 -6.90475E-09 2.92752E-07 5.31393E-08 -5.11029E-05 
5.31393E-08 3.30145E-07 4.70484E-08 -1.28274E-06 -4.47805E-09 3.53046E-04 4.68454E-03 4.28582E-08 3.30145E-07 5.31393E-08 -4.79944E-05 
5.31393E-08 5.27561E-07 3.03668E-07 -1.41001E-06 8.71478E-08 3.11997E-04 4.17010E-03 2.99724E-07 5.27561E-07 5.31393E-08 -3.22996E-05 
5.31393E-08 7.48307E-07 5.83873E-07 -1.46741E-06 2.30059E-07 2.75028E-04 3.70225E-03 5.80170E-07 7.48307E-07 5.31393E-08 -1.58648E-05 
5.31393E-08 9.79186E-07 8.73675E-07 -1.46472E-06 4.10468E-07 2.41853E-04 3.27829E-03 8.70209E-07 9.79186E-07 5.31393E-08 2.54862E-07 
5.31393E-08 1.20516E-06 1.15723E-06 -1.41428E-06 6.12449E-07 2.12183E-04 2.89544E-03 1.15400E-06 1.20516E-06 5.31393E-08 1.49725E-05 
2.83510E-07 1.52973E-06 1.53618E-06 -1.20415E-06 9.40559E-07 1.86141E-04 2.55475E-03 1.53317E-06 1.52973E-06 2.83510E-07 2.63369E-05 
5.76942E-07 1.80058E-06 1.85865E-06 -9.93118E-07 1.23826E-06 1.62857E-04 2.24751E-03 1.85585E-06 1.80058E-06 5.76942E-07 3.44095E-05 
8.03157E-07 1.97511E-06 2.08153E-06 -8.24275E-07 1.46108E-06 1.42020E-04 1.97075E-03 2.07893E-06 1.97511E-06 8.03157E-07 3.87747E-05 
9.49756E-07 2.04267E-06 2.19343E-06 -7.08177E-07 1.59668E-06 1.23431E-04 1.72252E-03 2.19103E-06 2.04267E-06 9.49756E-07 3.90531E-05 
1.00813E-06 1.99704E-06 2.18744E-06 -6.52054E-07 1.63681E-06 1.06895E-04 1.50080E-03 2.18523E-06 1.99704E-06 1.00813E-06 3.51574E-05 
9.74260E-07 1.83718E-06 2.06193E-06 -6.59052E-07 1.57806E-06 9.22242E-05 1.30356E-03 2.05990E-06 1.83718E-06 9.74260E-07 2.73179E-05 
8.49364E-07 1.56783E-06 1.82112E-06 -7.27666E-07 1.42252E-06 7.92408E-05 1.12880E-03 1.81926E-06 1.56783E-06 8.49364E-07 1.60836E-05 
6.40218E-07 1.19973E-06 1.47535E-06 -8.51423E-07 1.17806E-06 6.77792E-05 9.74541E-04 1.47366E-06 1.19973E-06 6.40218E-07 2.29505E-06 
3.59192E-07 7.49597E-07 1.04108E-06 -1.01887E-06 8.58319E-07 5.76887E-05 8.38888E-04 1.03954E-06 7.49597E-07 3.59192E-07 -1.29661E-05 
2.39015E-08 2.39667E-07 5.40381E-07 -1.21392E-06 4.82342E-07 4.88337E-05 7.20036E-04 5.38986E-07 2.39667E-07 2.39015E-08 -2.84501E-05 
-3.43472E-07 -3.03110E-07 1.92098E-10 -1.41650E-06 7.38467E-08 4.10940E-05 6.16281E-04 -1.07007E-09 -3.03110E-07 -3.43472E-07 -4.28254E-05 
-7.17222E-07 -8.48226E-07 -5.48855E-07 -1.60356E-06 -3.39863E-07 3.43640E-05 5.26033E-04 -5.49993E-07 -8.48226E-07 -7.17222E-07 -5.47752E-05 
-1.06940E-06 -1.36301E-06 -1.07384E-06 -1.75026E-06 -7.29227E-07 2.85517E-05 4.47817E-04 -1.07486E-06 -1.36301E-06 -1.06940E-06 -6.30942E-05 
6.02127E-08 9.67231E-08 -5.76915E-07 1.06185E-06 -6.77751E-08 3.43269E-04 5.18469E-03 -5.82868E-07 9.67231E-08 6.02127E-08 -1.03556E-04 
6.02127E-08 9.67231E-08 -6.33053E-07 4.45968E-07 -3.38600E-07 3.08369E-04 4.69208E-03 -6.38731E-07 9.67231E-08 6.02127E-08 -1.10817E-04 
6.02127E-08 -1.27405E-08 -6.29205E-07 -9.19042E-08 -5.34418E-07 2.76746E-04 4.24180E-03 -6.34611E-07 -1.27405E-08 6.02127E-08 -1.14072E-04 
6.02127E-08 -5.29228E-10 -5.62753E-07 -5.44605E-07 -6.51585E-07 2.48116E-04 3.83039E-03 -5.67892E-07 -5.29228E-10 6.02127E-08 -1.13041E-04 
6.02127E-08 6.72131E-08 -4.37633E-07 -9.20849E-07 -6.96870E-07 2.21875E-04 3.44973E-03 -4.42506E-07 6.72131E-08 6.02127E-08 -1.08009E-04 
6.02127E-08 1.86117E-07 -2.58742E-07 -1.22006E-06 -6.73587E-07 1.97922E-04 3.09882E-03 -2.63352E-07 1.86117E-07 6.02127E-08 -9.91256E-05 
6.02127E-08 3.50456E-07 -3.23875E-08 -1.44320E-06 -5.86567E-07 1.76141E-04 2.77647E-03 -3.67374E-08 3.50456E-07 6.02127E-08 -8.67888E-05 
6.02127E-08 5.04186E-07 1.70319E-07 -1.56535E-06 -4.79644E-07 1.60703E-04 2.54584E-03 1.66167E-07 5.04186E-07 6.02127E-08 -7.52634E-05 
6.02127E-08 5.52869E-07 2.33436E-07 -1.59307E-06 -4.42458E-07 1.56413E-04 2.48140E-03 2.29341E-07 5.52869E-07 6.02127E-08 -7.16248E-05 
6.02127E-08 8.03228E-07 5.52954E-07 -1.67827E-06 -2.33083E-07 1.37291E-04 2.19220E-03 5.49128E-07 8.03228E-07 6.02127E-08 -5.30477E-05 
6.02127E-08 1.07340E-06 8.92243E-07 -1.69311E-06 1.91362E-08 1.20240E-04 1.93126E-03 8.88678E-07 1.07340E-06 6.02127E-08 -3.33358E-05 
6.02127E-08 1.34744E-06 1.23445E-06 -1.64953E-06 2.98247E-07 1.05088E-04 1.69669E-03 1.23114E-06 1.34744E-06 6.02127E-08 -1.37912E-05 
6.02127E-08 1.60777E-06 1.56109E-06 -1.56196E-06 5.86303E-07 9.16657E-05 1.48660E-03 1.55802E-06 1.60777E-06 6.02127E-08 4.27846E-06 
3.19878E-07 1.95800E-06 1.97368E-06 -1.31778E-06 9.87992E-07 8.00628E-05 1.30126E-03 1.97085E-06 1.95800E-06 3.19878E-07 1.86607E-05 
6.46620E-07 2.23968E-06 2.31429E-06 -1.08202E-06 1.34170E-06 6.97681E-05 1.13551E-03 2.31168E-06 2.23968E-06 6.46620E-07 2.93627E-05 
8.93534E-07 2.40866E-06 2.53820E-06 -8.99236E-07 1.60177E-06 6.05968E-05 9.87431E-04 2.53580E-06 2.40866E-06 8.93534E-07 3.58823E-05 
1.04767E-06 2.45420E-06 2.63384E-06 -7.80124E-07 1.75595E-06 5.24362E-05 8.55732E-04 2.63164E-06 2.45420E-06 1.04767E-06 3.77786E-05 
1.10054E-06 2.37071E-06 2.59489E-06 -7.31449E-07 1.79675E-06 4.51795E-05 7.39096E-04 2.59288E-06 2.37071E-06 1.10054E-06 3.49470E-05 
1.04894E-06 2.15856E-06 2.42105E-06 -7.55307E-07 1.72223E-06 3.87284E-05 6.36225E-04 2.41922E-06 2.15856E-06 1.04894E-06 2.76424E-05 
8.95549E-07 1.82456E-06 2.11859E-06 -8.48593E-07 1.53659E-06 3.29946E-05 5.45859E-04 2.11693E-06 1.82456E-06 8.95549E-07 1.64747E-05 
6.49170E-07 1.38214E-06 1.70053E-06 -1.00277E-06 1.25036E-06 2.79010E-05 4.66788E-04 1.69903E-06 1.38214E-06 6.49170E-07 2.37437E-06 
3.24647E-07 8.51157E-07 1.18646E-06 -1.20397E-06 8.80254E-07 2.33823E-05 3.97867E-04 1.18511E-06 8.51157E-07 3.24647E-07 -1.34688E-05 
-5.76410E-08 2.57283E-07 6.01929E-07 -1.43351E-06 4.48669E-07 1.93848E-05 3.38024E-04 6.00715E-07 2.57283E-07 -5.76410E-08 -2.96883E-05 
-4.72634E-07 -3.69000E-07 -2.25574E-08 -1.66868E-06 -1.72582E-08 1.58658E-05 2.86263E-04 -2.36457E-08 -3.69000E-07 -4.72634E-07 -4.48383E-05 
-8.91813E-07 -9.93748E-07 -6.52870E-07 -1.88393E-06 -4.86911E-07 1.27922E-05 2.41672E-04 -6.53842E-07 -9.93748E-07 -8.91813E-07 -5.74996E-05 
-1.28466E-06 -1.58114E-06 -1.25286E-06 -2.05227E-06 -9.27702E-07 1.01391E-05 2.03415E-04 -1.25372E-06 -1.58114E-06 -1.28466E-06 -6.63837E-05 
6.78600E-08 2.09804E-07 -7.19930E-07 9.36355E-07 -5.54110E-07 1.32830E-04 2.49653E-03 -7.25972E-07 2.09804E-07 6.78600E-08 -1.20076E-04 
6.78600E-08 2.09804E-07 -7.49164E-07 2.77113E-07 -7.84610E-07 1.18250E-04 2.24222E-03 -7.54885E-07 2.09804E-07 6.78600E-08 -1.31580E-04 
6.78600E-08 9.07085E-10 -7.06596E-07 -2.89624E-07 -9.30568E-07 1.05180E-04 2.01158E-03 -7.12003E-07 9.07085E-10 6.78600E-08 -1.37516E-04 
6.78600E-08 5.15536E-08 -5.91103E-07 -7.57476E-07 -9.89258E-07 9.34857E-05 1.80251E-03 -5.96205E-07 5.15536E-08 6.78600E-08 -1.37784E-04 
6.78600E-08 1.65644E-07 -4.08857E-07 -1.13780E-06 -9.69175E-07 8.28981E-05 1.61061E-03 -4.13659E-07 1.65644E-07 6.78600E-08 -1.32840E-04 
6.78600E-08 3.36648E-07 -1.67014E-07 -1.43147E-06 -8.75488E-07 7.33586E-05 1.43514E-03 -1.71521E-07 3.36648E-07 6.78600E-08 -1.23004E-04 
6.78600E-08 5.56500E-07 1.25680E-07 -1.64111E-06 -7.15087E-07 6.48035E-05 1.27530E-03 1.21461E-07 5.56500E-07 6.78600E-08 -1.08861E-04 
6.78600E-08 7.53958E-07 3.80408E-07 -1.74856E-06 -5.50743E-07 5.88170E-05 1.16181E-03 3.76406E-07 7.53958E-07 6.78600E-08 -9.54764E-05 
6.78600E-08 8.15364E-07 4.58651E-07 -1.77141E-06 -4.96834E-07 5.71657E-05 1.13024E-03 4.54711E-07 8.15364E-07 6.78600E-08 -9.12332E-05 
6.78600E-08 1.12472E-06 8.48439E-07 -1.83102E-06 -2.09316E-07 4.98770E-05 9.89343E-04 8.44790E-07 1.12472E-06 6.78600E-08 -6.94930E-05 
6.78600E-08 1.44888E-06 1.25258E-06 -1.81813E-06 1.16325E-07 4.34821E-05 8.63438E-04 1.24921E-06 1.44888E-06 6.78600E-08 -4.63338E-05 
6.78600E-08 1.76889E-06 1.65111E-06 -1.74729E-06 4.61323E-07 3.78890E-05 7.51364E-04 1.64801E-06 1.76889E-06 6.78600E-08 -2.32918E-05 
6.78600E-08 2.06446E-06 2.02271E-06 -1.63531E-06 8.05151E-07 3.30063E-05 6.51981E-04 2.01987E-06 2.06446E-06 6.78600E-08 -1.88527E-06 
3.58972E-07 2.43888E-06 2.46833E-06 -1.36947E-06 1.25207E-06 2.89202E-05 5.65258E-04 2.46572E-06 2.43888E-06 3.58972E-07 1.54248E-05 
7.20783E-07 2.72789E-06 2.82430E-06 -1.12109E-06 1.63488E-06 2.53203E-05 4.88469E-04 2.82192E-06 2.72789E-06 7.20783E-07 2.85924E-05 
9.88513E-07 2.88599E-06 3.04450E-06 -9.36226E-07 1.90656E-06 2.20985E-05 4.20538E-04 3.04234E-06 2.88599E-06 9.88513E-07 3.70363E-05 
1.14878E-06 2.90253E-06 3.11738E-06 -8.25674E-07 2.05484E-06 1.91970E-05 3.60706E-04 3.11542E-06 2.90253E-06 1.14878E-06 4.02644E-05 
1.19344E-06 2.77287E-06 3.03747E-06 -7.95646E-07 2.07302E-06 1.65653E-05 3.08229E-04 3.03569E-06 2.77287E-06 1.19344E-06 3.81661E-05 
1.12037E-06 2.49909E-06 2.80615E-06 -8.47035E-07 1.96070E-06 1.41611E-05 2.62389E-04 2.80455E-06 2.49909E-06 1.12037E-06 3.10338E-05 
9.34012E-07 2.09050E-06 2.43215E-06 -9.74943E-07 1.72430E-06 1.19513E-05 2.22505E-04 2.43072E-06 2.09050E-06 9.34012E-07 1.95523E-05 
6.45554E-07 1.56362E-06 1.93160E-06 -1.16855E-06 1.37718E-06 9.91250E-06 1.87939E-04 1.93031E-06 1.56362E-06 6.45554E-07 4.75559E-06 
2.72656E-07 9.41879E-07 1.32765E-06 -1.41139E-06 9.39337E-07 8.03088E-06 1.58098E-04 1.32650E-06 9.41879E-07 2.72656E-07 -1.20445E-05 
-1.61215E-07 2.54768E-07 6.49701E-07 -1.68196E-06 4.36660E-07 6.30140E-06 1.32441E-04 6.48685E-07 2.54768E-07 -1.61215E-07 -2.93525E-05 
-6.27829E-07 -4.63348E-07 -6.77896E-08 -1.95478E-06 -1.00145E-07 4.72685E-06 1.10479E-04 -6.86896E-08 -4.63348E-07 -6.27829E-07 -4.55981E-05 
-1.09562E-06 -1.17480E-06 -7.86904E-07 -2.20171E-06 -6.37048E-07 3.31620E-06 9.17675E-05 -7.87699E-07 -1.17480E-06 -1.09562E-06 -5.92518E-05 
-1.53132E-06 -1.84042E-06 -1.46804E-06 -2.39353E-06 -1.13839E-06 2.08284E-06 7.59140E-05 -1.46874E-06 -1.84042E-06 -1.53132E-06 -6.89373E-05 
7.60743E-08 3.45947E-07 -8.85539E-07 8.78586E-07 -7.97186E-07 3.82186E-05 9.62529E-04 -8.91613E-07 3.45947E-07 7.60743E-08 -1.41061E-04 
7.60743E-08 3.45947E-07 -8.79236E-07 1.62587E-07 -1.01206E-06 3.34737E-05 8.55948E-04 -8.84933E-07 3.45947E-07 7.60743E-08 -1.55543E-04 
7.60743E-08 1.80396E-08 -7.88399E-07 -4.43444E-07 -1.12857E-06 2.93156E-05 7.60249E-04 -7.93733E-07 1.80396E-08 7.60743E-08 -1.63099E-04 
7.60743E-08 1.15570E-07 -6.13777E-07 -9.34366E-07 -1.14556E-06 2.56945E-05 6.74385E-04 -6.18762E-07 1.15570E-07 7.60743E-08 -1.63760E-04 
7.60743E-08 2.84647E-07 -3.64164E-07 -1.32487E-06 -1.07424E-06 2.25110E-05 5.96382E-04 -3.68810E-07 2.84647E-07 7.60743E-08 -1.58142E-04 
7.60743E-08 5.16186E-07 -4.93844E-08 -1.61768E-06 -9.22136E-07 1.97358E-05 5.25819E-04 -5.37025E-08 5.16186E-07 7.60743E-08 -1.46712E-04 
7.60743E-08 7.99401E-07 3.18985E-07 -1.81747E-06 -6.98697E-07 1.73365E-05 4.62242E-04 3.14983E-07 7.99401E-07 7.60743E-08 -1.30218E-04 
7.60743E-08 1.04604E-06 6.32284E-07 -1.91253E-06 -4.84110E-07 1.57164E-05 4.17549E-04 6.28518E-07 1.04604E-06 7.60743E-08 -1.14610E-04 
7.60743E-08 1.12163E-06 7.27432E-07 -1.93116E-06 -4.15476E-07 1.52789E-05 4.05187E-04 7.23734E-07 1.12163E-06 7.60743E-08 -1.09664E-04 
7.60743E-08 1.49607E-06 1.19498E-06 -1.96797E-06 -5.89060E-08 1.34012E-05 3.50434E-04 1.19160E-06 1.49607E-06 7.60743E-08 -8.43446E-05 
7.60743E-08 1.87854E-06 1.66962E-06 -1.93011E-06 3.31433E-07 1.18310E-05 3.02124E-04 1.66653E-06 1.87854E-06 7.60743E-08 -5.74020E-05 
7.60743E-08 2.24688E-06 2.12800E-06 -1.83499E-06 7.33557E-07 1.05195E-05 2.59673E-04 2.12519E-06 2.24688E-06 7.60743E-08 -3.06044E-05 
7.60743E-08 2.57797E-06 2.54587E-06 -1.70206E-06 1.12405E-06 9.41789E-06 2.22518E-04 2.54332E-06 2.57797E-06 7.60743E-08 -5.68023E-06 
4.00702E-07 2.97440E-06 3.02321E-06 -1.41885E-06 1.60633E-06 8.62018E-06 1.90604E-04 3.02091E-06 2.97440E-06 4.00702E-07 1.46616E-05 
7.99072E-07 3.26641E-06 3.39096E-06 -1.16291E-06 2.00757E-06 7.90894E-06 1.62698E-04 3.38888E-06 3.26641E-06 7.99072E-07 3.03217E-05 
1.08735E-06 3.40735E-06 3.60177E-06 -9.81677E-07 2.27943E-06 7.21551E-06 1.38293E-04 3.59990E-06 3.40735E-06 1.08735E-06 4.06435E-05 
1.25189E-06 3.38693E-06 3.64435E-06 -8.85911E-07 2.40977E-06 6.51237E-06 1.17030E-04 3.64267E-06 3.38693E-06 1.25189E-06 4.50897E-05 
1.28513E-06 3.20174E-06 3.51442E-06 -8.81059E-07 2.39285E-06 5.77922E-06 9.85693E-05 3.51292E-06 3.20174E-06 1.28513E-06 4.35533E-05 
1.18633E-06 2.85604E-06 3.21546E-06 -9.66553E-07 2.23009E-06 5.00394E-06 8.25949E-05 3.21414E-06 2.85604E-06 1.18633E-06 3.63760E-05 
9.62099E-07 2.36202E-06 2.75911E-06 -1.13541E-06 1.93046E-06 4.18299E-06 6.88164E-05 2.75794E-06 2.36202E-06 9.62099E-07 2.43310E-05 
6.26342E-07 1.73979E-06 2.16503E-06 -1.37425E-06 1.51047E-06 3.32155E-06 5.69712E-05 2.16400E-06 1.73979E-06 6.26342E-07 8.57058E-06 
1.99912E-07 1.01676E-06 1.46042E-06 -1.66368E-06 9.93716E-07 2.43293E-06 4.68260E-05 1.45951E-06 1.01676E-06 1.99912E-07 -9.45668E-06 
-2.90292E-07 2.26676E-07 6.78953E-07 -1.97918E-06 4.09902E-07 1.53773E-06 3.81756E-05 6.78155E-07 2.26676E-07 -2.90292E-07 -2.81130E-05 
-8.12576E-07 -5.91875E-07 -1.40607E-07 -2.29227E-06 -2.06443E-07 6.62402E-07 3.08418E-05 -1.41304E-07 -5.91875E-07 -8.12576E-07 -4.56917E-05 
-1.33209E-06 -1.39722E-06 -9.56249E-07 -2.57211E-06 -8.17679E-07 -1.62506E-07 2.46710E-05 -9.56855E-07 -1.39722E-06 -1.33209E-06 -6.05442E-05 
-1.81265E-06 -2.14660E-06 -1.72470E-06 -2.78718E-06 -1.38495E-06 -9.04285E-07 1.95315E-05 -1.72523E-06 -2.14660E-06 -1.81265E-06 -7.12007E-05 
8.48587E-08 5.07993E-07 -1.07614E-06 7.98288E-07 -1.00835E-06 5.79337E-06 2.47607E-04 -1.08210E-06 5.07993E-07 8.48587E-08 -1.66895E-04 
8.48587E-08 5.07993E-07 -1.02408E-06 2.17252E-08 -1.20890E-06 4.71886E-06 2.16833E-04 -1.02960E-06 5.07993E-07 8.48587E-08 -1.83581E-04 
8.48587E-08 3.91871E-08 -8.73973E-07 -6.25346E-07 -1.29523E-06 3.86183E-06 1.89600E-04 -8.79073E-07 3.91871E-08 8.48587E-08 -1.92066E-04 
8.48587E-08 1.93171E-07 -6.28833E-07 -1.13942E-06 -1.26825E-06 3.20934E-06 1.65538E-04 -6.33538E-07 1.93171E-07 8.48587E-08 -1.92477E-04 
8.48587E-08 4.26824E-07 -3.00499E-07 -1.53911E-06 -1.14250E-06 2.72833E-06 1.44019E-04 -3.04826E-07 4.26824E-07 8.48587E-08 -1.85594E-04 
8.48587E-08 7.28081E-07 9.81017E-08 -1.82933E-06 -9.28304E-07 2.40272E-06 1.24871E-04 9.41349E-08 7.28081E-07 8.48587E-08 -1.72011E-04 
8.48587E-08 1.08305E-06 5.52153E-07 -2.01720E-06 -6.38114E-07 2.21436E-06 1.07913E-04 5.48528E-07 1.08305E-06 8.48587E-08 -1.52638E-04 
8.48587E-08 1.38458E-06 9.30931E-07 -2.09824E-06 -3.70635E-07 2.15007E-06 9.61811E-05 9.27556E-07 1.38458E-06 8.48587E-08 -1.34418E-04 
8.48587E-08 1.47589E-06 1.04484E-06 -2.11218E-06 -2.86565E-07 2.14306E-06 9.29662E-05 1.04154E-06 1.47589E-06 8.48587E-08 -1.28660E-04 
8.48587E-08 1.92155E-06 1.59784E-06 -2.12424E-06 1.41883E-07 2.17183E-06 7.88971E-05 1.59487E-06 1.92155E-06 8.48587E-08 -9.92629E-05 
8.48587E-08 2.36651E-06 2.14853E-06 -2.06007E-06 5.98566E-07 2.28099E-06 6.67377E-05 2.14585E-06 2.36651E-06 8.48587E-08 -6.80878E-05 
8.48587E-08 2.78515E-06 2.66999E-06 -1.94018E-06 1.05801E-06 2.43912E-06 5.62744E-05 2.66759E-06 2.78515E-06 8.48587E-08 -3.71454E-05 
8.48587E-08 3.15142E-06 3.13487E-06 -1.78681E-06 1.49374E-06 2.61425E-06 4.73036E-05 3.13273E-06 3.15142E-06 8.48587E-08 -8.38427E-06 
4.45026E-07 3.56698E-06 3.64196E-06 -1.48806E-06 2.00800E-06 2.90622E-06 3.98538E-05 3.64006E-06 3.56698E-06 4.45026E-07 1.52284E-05 
8.81240E-07 3.85678E-06 4.01702E-06 -1.22754E-06 2.42250E-06 3.12845E-06 3.34486E-05 4.01534E-06 3.85678E-06 8.81240E-07 3.35381E-05 
1.18945E-06 3.97330E-06 4.21175E-06 -1.05392E-06 2.68777E-06 3.22748E-06 2.78994E-05 4.21026E-06 3.97330E-06 1.18945E-06 4.58129E-05 
1.35597E-06 3.90688E-06 4.21542E-06 -9.77711E-07 2.79203E-06 3.18855E-06 2.30879E-05 4.21411E-06 3.90688E-06 1.35597E-06 5.14744E-05 
1.37410E-06 3.65580E-06 4.02534E-06 -1.00331E-06 2.73083E-06 3.00451E-06 1.89085E-05 4.02419E-06 3.65580E-06 1.37410E-06 5.04270E-05 
1.24489E-06 3.22686E-06 3.64755E-06 -1.12837E-06 2.50777E-06 2.67655E-06 1.52703E-05 3.64654E-06 3.22686E-06 1.24489E-06 4.30734E-05 
9.77426E-07 2.63569E-06 3.09703E-06 -1.34348E-06 2.13480E-06 2.21451E-06 1.20977E-05 3.09616E-06 2.63569E-06 9.77426E-07 3.02896E-05 
5.88789E-07 1.90642E-06 2.39754E-06 -1.63235E-06 1.63201E-06 1.63666E-06 9.32990E-06 2.39678E-06 1.90642E-06 5.88789E-07 1.33623E-05 
1.03404E-07 1.07095E-06 1.58076E-06 -1.97236E-06 1.02699E-06 9.69042E-07 6.92099E-06 1.58011E-06 1.07095E-06 1.03404E-07 -6.10727E-06 
-4.48040E-07 1.67689E-07 6.85119E-07 -2.33569E-06 3.53620E-07 2.44259E-07 4.83796E-06 6.84560E-07 1.67689E-07 -4.48040E-07 -2.63235E-05 
-1.03008E-06 -7.60176E-07 -2.45953E-07 -2.69066E-06 -3.49427E-07 -5.00089E-07 3.05916E-06 -2.46432E-07 -7.60176E-07 -1.03008E-06 -4.54306E-05 
-1.60435E-06 -1.66668E-06 -1.16605E-06 -3.00356E-06 -1.04067E-06 -1.22338E-06 1.57196E-06 -1.16645E-06 -1.66668E-06 -1.60435E-06 -6.16506E-05 
-2.13161E-06 -2.50532E-06 -2.02800E-06 -3.24054E-06 -1.67790E-06 -1.88410E-06 3.70225E-07 -2.02835E-06 -2.50532E-06 -2.13161E-06 -7.34130E-05 
9.42183E-08 6.98967E-07 -1.29428E-06 6.65530E-07 -1.25049E-06 -9.12812E-07 2.49843E-05 -1.29970E-06 6.98967E-07 9.42183E-08 -1.97617E-04 
9.42183E-08 6.98967E-07 -1.18460E-06 -1.72437E-07 -1.43002E-06 -1.15276E-06 2.08654E-05 -1.18952E-06 6.98967E-07 9.42183E-08 -2.16149E-04 
9.42183E-08 6.49079E-08 -9.62656E-07 -8.59544E-07 -1.47821E-06 -1.25457E-06 1.73193E-05 -9.67120E-07 6.49079E-08 9.42183E-08 -2.25165E-04 
9.42183E-08 2.86107E-07 -6.34211E-07 -1.39434E-06 -1.39854E-06 -1.22269E-06 1.42940E-05 -6.38250E-07 2.86107E-07 9.42183E-08 -2.24883E-04 
9.42183E-08 5.94942E-07 -2.14590E-07 -1.79993E-06 -1.20934E-06 -1.07686E-06 1.16912E-05 -2.18233E-07 5.94942E-07 9.42183E-08 -2.16252E-04 
9.42183E-08 9.75915E-07 2.79706E-07 -2.08383E-06 -9.24234E-07 -8.31289E-07 9.47732E-06 2.76433E-07 9.75915E-07 9.42183E-08 -2.00002E-04 
9.42183E-08 1.41161E-06 8.30193E-07 -2.25593E-06 -5.59065E-07 -5.02352E-07 7.61664E-06 8.27263E-07 1.41161E-06 9.42183E-08 -1.77212E-04 
9.42183E-08 1.77404E-06 1.28175E-06 -2.32013E-06 -2.32983E-07 -2.02357E-07 6.39600E-06 1.27907E-06 1.77404E-06 9.42183E-08 -1.55957E-04 
9.42183E-08 1.88264E-06 1.41637E-06 -2.32860E-06 -1.31941E-07 -1.08656E-07 6.07236E-06 1.41376E-06 1.88264E-06 9.42183E-08 -1.49263E-04 
9.42183E-08 2.40581E-06 2.06275E-06 -2.31262E-06 3.74740E-07 3.64607E-07 4.71808E-06 2.06045E-06 2.40581E-06 9.42183E-08 -1.15209E-04 
9.42183E-08 2.91726E-06 2.69499E-06 -2.21975E-06 9.02296E-07 8.60999E-07 3.63891E-06 2.69297E-06 2.91726E-06 9.42183E-08 -7.92532E-05 
9.42183E-08 3.38777E-06 3.28240E-06 -2.07381E-06 1.42155E-06 1.35093E-06 2.78607E-06 3.28063E-06 3.38777E-06 9.42183E-08 -4.36700E-05 
9.42183E-08 3.78825E-06 3.79446E-06 -1.89995E-06 1.90284E-06 1.80445E-06 2.11168E-06 3.79293E-06 3.78825E-06 9.42183E-08 -1.06465E-05 
4.91916E-07 4.21926E-06 4.32857E-06 -1.58705E-06 2.44703E-06 2.32257E-06 1.71316E-06 4.32723E-06 4.21926E-06 4.91916E-07 1.65727E-05 
9.67055E-07 4.50070E-06 4.70553E-06 -1.32471E-06 2.87054E-06 2.72133E-06 1.37097E-06 4.70438E-06 4.50070E-06 9.67055E-07 3.77758E-05 
1.29424E-06 4.58447E-06 4.87643E-06 -1.16255E-06 3.12304E-06 2.95029E-06 1.01982E-06 4.87543E-06 4.58447E-06 1.29424E-06 5.21544E-05 
1.46001E-06 4.46193E-06 4.83144E-06 -1.11058E-06 3.19343E-06 2.99837E-06 6.37428E-07 4.83059E-06 4.46193E-06 1.46001E-06 5.90914E-05 
1.45890E-06 4.13345E-06 4.56992E-06 -1.17183E-06 3.07896E-06 2.86290E-06 2.09613E-07 4.56919E-06 4.13345E-06 1.45890E-06 5.85112E-05 
1.29407E-06 3.60891E-06 4.10093E-06 -1.34181E-06 2.78585E-06 2.55025E-06 -2.69051E-07 4.10032E-06 3.60891E-06 1.29407E-06 5.08899E-05 
9.77598E-07 2.90788E-06 3.44342E-06 -1.60831E-06 2.32949E-06 2.07603E-06 -7.95105E-07 3.44290E-06 2.90788E-06 9.77598E-07 3.72228E-05 
5.30133E-07 2.05907E-06 2.62569E-06 -1.95174E-06 1.73401E-06 1.46463E-06 -1.35657E-06 2.62526E-06 2.05907E-06 5.30133E-07 1.89485E-05 
-1.98976E-08 1.09935E-06 1.68450E-06 -2.34596E-06 1.03146E-06 7.48394E-07 -1.93384E-06 1.68414E-06 1.09935E-06 -1.98976E-08 -2.16046E-06 
-6.37644E-07 7.22272E-08 6.63435E-07 -2.75951E-06 2.60304E-07 -3.38661E-08 -2.50100E-06 6.63132E-07 7.22272E-08 -6.37644E-07 -2.41340E-05 
-1.28357E-06 -9.74119E-07 -3.88988E-07 -3.15733E-06 -5.36330E-07 -8.38674E-07 -3.02764E-06 -3.89238E-07 -9.74119E-07 -1.28357E-06 -4.49522E-05 
-1.91554E-06 -1.98916E-06 -1.42166E-06 -3.50273E-06 -1.31288E-06 -1.62010E-06 -3.48087E-06 -1.42187E-06 -1.98916E-06 -1.91554E-06 -6.26964E-05 
-2.49112E-06 -2.92244E-06 -2.38334E-06 -3.75946E-06 -2.02363E-06 -2.33206E-06 -3.82757E-06 -2.38351E-06 -2.92244E-06 -2.49112E-06 -7.56883E-05 
1.04143E-07 9.21850E-07 -1.54262E-06 4.65490E-07 -1.53889E-06 -1.72276E-06 7.69458E-06 -1.54644E-06 9.21850E-07 1.04143E-07 -2.33420E-04 
1.04143E-07 9.21850E-07 -1.36164E-06 -4.33504E-07 -1.68805E-06 -1.86926E-06 5.88427E-06 -1.36500E-06 9.21850E-07 1.04143E-07 -2.53671E-04 
1.04143E-07 9.57681E-08 -1.05367E-06 -1.15847E-06 -1.68776E-06 -1.86631E-06 4.33060E-06 -1.05661E-06 9.57681E-08 1.04143E-07 -2.62966E-04 
1.04143E-07 3.96131E-07 -6.27705E-07 -1.71046E-06 -1.54452E-06 -1.72072E-06 3.02916E-06 -6.30272E-07 3.96131E-07 1.04143E-07 -2.61627E-04 
1.04143E-07 7.91736E-07 -1.03031E-07 -2.11769E-06 -1.28100E-06 -1.45540E-06 1.93911E-06 -1.05260E-07 7.91736E-07 1.04143E-07 -2.50789E-04 
1.04143E-07 1.26318E-06 4.99783E-07 -2.39068E-06 -9.14587E-07 -1.08803E-06 1.04944E-06 4.97857E-07 1.26318E-06 1.04143E-07 -2.31338E-04 
1.04143E-07 1.78908E-06 1.15814E-06 -2.54248E-06 -4.64948E-07 -6.38547E-07 3.45460E-07 1.15648E-06 1.78908E-06 1.04143E-07 -2.04546E-04 
1.04143E-07 2.21865E-06 1.69012E-06 -2.58658E-06 -7.37772E-08 -2.48398E-07 -8.31876E-08 1.68865E-06 2.21865E-06 1.04143E-07 -1.79783E-04 
1.04143E-07 2.34615E-06 1.84745E-06 -2.58869E-06 4.59661E-08 -1.29115E-07 -1.90929E-07 1.84604E-06 2.34615E-06 1.04143E-07 -1.72013E-04 
1.04143E-07 2.95310E-06 2.59526E-06 -2.54098E-06 6.37941E-07 4.59611E-07 -6.06071E-07 2.59407E-06 2.95310E-06 1.04143E-07 -1.32638E-04 
1.04143E-07 3.53477E-06 3.31436E-06 -2.41680E-06 1.24129E-06 1.05788E-06 -8.81352E-07 3.31337E-06 3.53477E-06 1.04143E-07 -9.12673E-05 
1.04143E-07 4.05817E-06 3.97014E-06 -2.24343E-06 1.82293E-06 1.63260E-06 -1.04951E-06 3.96932E-06 4.05817E-06 1.04143E-07 -5.04652E-05 
1.04143E-07 4.49116E-06 4.52886E-06 -2.04906E-06 2.34997E-06 2.15092E-06 -1.14445E-06 4.52819E-06 4.49116E-06 1.04143E-07 -1.26804E-05 
5.41263E-07 4.93304E-06 5.08634E-06 -1.72358E-06 2.92166E-06 2.71246E-06 -1.06042E-06 5.08579E-06 4.93304E-06 5.41263E-07 1.85412E-05 
1.05614E-06 5.19895E-06 5.45878E-06 -1.46235E-06 3.34941E-06 3.12889E-06 -1.00170E-06 5.45833E-06 5.19895E-06 1.05614E-06 4.29299E-05 
1.40096E-06 5.24054E-06 5.59694E-06 -1.31572E-06 3.58236E-06 3.34952E-06 -1.02379E-06 5.59658E-06 5.24054E-06 1.40096E-06 5.95989E-05 
1.56280E-06 5.05063E-06 5.49238E-06 -1.29287E-06 3.61045E-06 3.36457E-06 -1.14038E-06 5.49209E-06 5.05063E-06 1.56280E-06 6.78962E-05 
1.53781E-06 4.63217E-06 5.14696E-06 -1.39511E-06 3.43305E-06 3.17377E-06 -1.35714E-06 5.14674E-06 4.63217E-06 1.53781E-06 6.77755E-05 
1.33174E-06 3.99870E-06 4.57337E-06 -1.61540E-06 3.05953E-06 2.78686E-06 -1.67108E-06 4.57320E-06 3.99870E-06 1.33174E-06 5.98014E-05 
9.60079E-07 3.17425E-06 3.79505E-06 -1.93834E-06 2.50920E-06 2.22360E-06 -2.07043E-06 3.79491E-06 3.17425E-06 9.60079E-07 4.51064E-05 
4.47543E-07 2.19268E-06 2.84548E-06 -2.34066E-06 1.81079E-06 1.51319E-06 -2.53516E-06 2.84538E-06 2.19268E-06 4.47543E-07 2.53016E-05 
-1.73013E-07 1.09637E-06 1.76698E-06 -2.79231E-06 1.00123E-06 6.93067E-07 -3.03796E-06 1.76690E-06 1.09637E-06 -1.73013E-07 2.35045E-06 
-8.62188E-07 -6.56039E-08 6.08802E-07 -3.25796E-06 1.23995E-07 -1.92790E-07 -3.54575E-06 6.08748E-07 -6.56039E-08 -8.62188E-07 -2.15834E-05 
-1.57605E-06 -1.23972E-06 -5.75053E-07 -3.69897E-06 -7.73011E-07 -1.09596E-06 -4.02168E-06 -5.75092E-07 -1.23972E-06 -1.57605E-06 -4.43001E-05 
-2.26851E-06 -2.37060E-06 -1.72849E-06 -4.07552E-06 -1.63990E-06 -1.96604E-06 -4.42728E-06 -1.72852E-06 -2.37060E-06 -2.26851E-06 -6.37284E-05 
-2.89375E-06 -3.40368E-06 -2.79599E-06 -4.34899E-06 -2.42733E-06 -2.75323E-06 -4.72486E-06 -2.79600E-06 -3.40368E-06 -2.89375E-06 -7.80736E-05 
---
