PdfType: replica
Format: lhagrid1
---
1.00000E-06 1.28121E-06 1.64152E-06 2.10317E-06 2.69463E-06 3.45242E-06 4.42329E-06 5.66715E-06 7.26076E-06 9.30241E-06 1.19180E-05 1.52689E-05 1.95617E-05 2.50609E-05 3.21053E-05 4.11287E-05 5.26863E-05 6.74889E-05 8.64459E-05 1.10720E-04 1.41800E-04 1.81585E-04 2.32503E-04 2.97652E-04 3.80981E-04 4.87518E-04 6.26039E-04 8.00452E-04 1.02297E-03 1.30657E-03 1.66759E-03 2.12729E-03 2.71054E-03 3.44865E-03 4.37927E-03 5.54908E-03 7.01192E-03 8.83064E-03 1.10763E-02 1.38266E-02 1.71641E-02 2.11717E-02 2.59364E-02 3.15062E-02 3.79623E-02 4.53425E-02 5.36750E-02 6.29705E-02 7.32221E-02 8.44039E-02 9.64793E-02 1.09332E-01 1.23067E-01 1.37507E-01 1.52639E-01 1.68416E-01 1.84794E-01 2.01731E-01 2.19016E-01 2.36948E-01 2.55242E-01 2.73927E-01 2.92954E-01 3.12340E-01 3.32036E-01 3.52019E-01 3.72282E-01 3.92772E-01 4.13533E-01 4.34326E-01 4.55495E-01 4.76836E-01 4.98342E-01 5.20006E-01 5.41818E-01 5.63773E-01 5.85861E-01 6.08077E-01 6.30459E-01 6.52800E-01 6.75387E-01 6.98063E-01 7.20830E-01 7.43683E-01 7.66623E-01 7.89636E-01 8.12791E-01 8.35940E-01 8.59175E-01 8.82485E-01 9.05866E-01 9.29311E-01 9.52817E-01 9.76387E-01 1.00000E+00 
1.14018E+00 1.22539E+00 1.32482E+00 1.44156E+00 1.57954E+00 1.74381E+00 1.94091E+00 2.12132E+00 2.17945E+00 2.49622E+00 2.89383E+00 3.39925E+00 4.05063E+00 4.90286E+00 6.03623E+00 7.57063E+00 9.68869E+00 1.26749E+01 1.69835E+01 2.33578E+01 3.30501E+01 4.82334E+01 7.28041E+01 1.13998E+02 1.85779E+02 3.16228E+02 
-5 -4 -3 -2 -1 1 2 3 4 5 21 
7.09134E-02 2.52054E-01 4.50051E+01 -5.84498E+00 -5.84498E+00 -5.84504E+00 -5.84459E+00 4.50051E+01 2.52054E-01 7.09134E-02 -4.02497E+00 
7.09134E-02 2.52054E-01 4.43488E+01 -5.70355E+00 -5.70356E+00 -5.70360E+00 -5.70313E+00 4.43488E+01 2.52054E-01 7.09134E-02 -1.33776E+00 
7.09134E-02 2.89196E-02 4.37168E+01 -5.54587E+00 -5.54587E+00 -5.54591E+00 -5.54542E+00 4.37168E+01 2.89196E-02 7.09134E-02 1.57381E+00 
7.09134E-02 1.10947E-01 4.31101E+01 -5.36954E+00 -5.36954E+00 -5.36957E+00 -5.36905E+00 4.31101E+01 1.10947E-01 7.09134E-02 4.73521E+00 
7.09134E-02 2.16484E-01 4.25246E+01 -5.16938E+00 -5.16938E+00 -5.16940E+00 -5.16885E+00 4.25246E+01 2.16484E-01 7.09134E-02 8.31456E+00 
7.09134E-02 3.49009E-01 4.19646E+01 -4.94204E+00 -4.94204E+00 -4.94205E+00 -4.94147E+00 4.19646E+01 3.49009E-01 7.09134E-02 1.24130E+01 
7.09134E-02 5.12442E-01 4.14348E+01 -4.68372E+00 -4.68371E+00 -4.68371E+00 -4.68311E+00 4.14348E+01 5.12442E-01 7.09134E-02 1.71535E+01 
7.09134E-02 6.62886E-01 4.10489E+01 -4.45987E+00 -4.45986E+00 -4.45986E+00 -4.45922E+00 4.10489E+01 6.62886E-01 7.09134E-02 2.13544E+01 
7.09134E-02 7.11190E-01 4.09404E+01 -4.39011E+00 -4.39011E+00 -4.39010E+00 -4.38946E+00 4.09404E+01 7.11190E-01 7.09134E-02 2.26830E+01 
7.09134E-02 9.70782E-01 4.04537E+01 -4.02840E+00 -4.02839E+00 -4.02837E+00 -4.02770E+00 4.04537E+01 9.70782E-01 7.09134E-02 2.97298E+01 
7.09134E-02 1.28428E+00 4.00229E+01 -3.61307E+00 -3.61306E+00 -3.61303E+00 -3.61232E+00 4.00229E+01 1.28428E+00 7.09134E-02 3.81544E+01 
7.09134E-02 1.65973E+00 3.96568E+01 -3.13619E+00 -3.13618E+00 -3.13613E+00 -3.13539E+00 3.96568E+01 1.65973E+00 7.09134E-02 4.82594E+01 
7.09134E-02 2.10630E+00 3.93655E+01 -2.58871E+00 -2.58870E+00 -2.58864E+00 -2.58785E+00 3.93655E+01 2.10630E+00 7.09134E-02 6.03959E+01 
4.19863E-01 2.58984E+00 3.91227E+01 -2.00587E+00 -2.00586E+00 -2.00578E+00 -2.00496E+00 3.91227E+01 2.58984E+00 4.19863E-01 7.47036E+01 
1.01450E+00 3.15978E+00 3.89679E+01 -1.33686E+00 -1.33684E+00 -1.33675E+00 -1.33588E+00 3.89679E+01 3.15978E+00 1.01450E+00 9.17455E+01 
1.71987E+00 3.84034E+00 3.89245E+01 -5.57356E-01 -5.57340E-01 -5.57227E-01 -5.56318E-01 3.89245E+01 3.84034E+00 1.71987E+00 1.12083E+02 
2.55283E+00 4.64839E+00 3.90103E+01 3.49375E-01 3.49393E-01 3.49525E-01 3.50479E-01 3.90103E+01 4.64839E+00 2.55283E+00 1.36300E+02 
3.53246E+00 5.60305E+00 3.92454E+01 1.40231E+00 1.40234E+00 1.40249E+00 1.40349E+00 3.92454E+01 5.60305E+00 3.53246E+00 1.65056E+02 
4.68030E+00 6.72590E+00 3.96524E+01 2.62291E+00 2.62293E+00 2.62310E+00 2.62416E+00 3.96524E+01 6.72590E+00 4.68030E+00 1.99083E+02 
6.02056E+00 8.04116E+00 4.02564E+01 4.03526E+00 4.03529E+00 4.03548E+00 4.03659E+00 4.02564E+01 8.04116E+00 6.02056E+00 2.39188E+02 
7.58035E+00 9.57597E+00 4.10854E+01 5.66640E+00 5.66643E+00 5.66665E+00 5.66781E+00 4.10854E+01 9.57597E+00 7.58035E+00 2.86255E+02 
9.38989E+00 1.13606E+01 4.21703E+01 7.54647E+00 7.54649E+00 7.54674E+00 7.54796E+00 4.21703E+01 1.13606E+01 9.38989E+00 3.41239E+02 
1.14827E+01 1.34285E+01 4.35453E+01 9.70891E+00 9.70895E+00 9.70922E+00 9.71050E+00 4.35453E+01 1.34285E+01 1.14827E+01 4.05170E+02 
1.38958E+01 1.58168E+01 4.52482E+01 1.21906E+01 1.21907E+01 1.21910E+01 1.21923E+01 4.52482E+01 1.58168E+01 1.38958E+01 4.79137E+02 
1.66697E+01 1.85661E+01 4.73201E+01 1.50322E+01 1.50322E+01 1.50326E+01 1.50340E+01 4.73201E+01 1.85661E+01 1.66697E+01 5.64293E+02 
1.98487E+01 2.17205E+01 4.98057E+01 1.82778E+01 1.82778E+01 1.82782E+01 1.82797E+01 4.98057E+01 2.17205E+01 1.98487E+01 6.61840E+02 
6.55851E-02 2.33627E-01 3.86292E+01 -4.96165E+00 -4.96165E+00 -4.96168E+00 -4.96114E+00 3.86292E+01 2.33627E-01 6.55851E-02 -3.56081E+00 
6.55851E-02 2.33627E-01 3.80689E+01 -4.83741E+00 -4.83741E+00 -4.83743E+00 -4.83686E+00 3.80689E+01 2.33627E-01 6.55851E-02 -1.18443E+00 
6.55851E-02 2.67888E-02 3.75305E+01 -4.69798E+00 -4.69798E+00 -4.69799E+00 -4.69739E+00 3.75305E+01 2.67888E-02 6.55851E-02 1.40710E+00 
6.55851E-02 1.02809E-01 3.70154E+01 -4.54116E+00 -4.54116E+00 -4.54116E+00 -4.54053E+00 3.70154E+01 1.02809E-01 6.55851E-02 4.23846E+00 
6.55851E-02 2.00650E-01 3.65200E+01 -4.36226E+00 -4.36226E+00 -4.36224E+00 -4.36159E+00 3.65200E+01 2.00650E-01 6.55851E-02 7.46484E+00 
6.55851E-02 3.23511E-01 3.60483E+01 -4.15817E+00 -4.15817E+00 -4.15815E+00 -4.15746E+00 3.60483E+01 3.23511E-01 6.55851E-02 1.11815E+01 
6.55851E-02 4.74996E-01 3.56047E+01 -3.92540E+00 -3.92539E+00 -3.92536E+00 -3.92464E+00 3.56047E+01 4.74996E-01 6.55851E-02 1.55034E+01 
6.55851E-02 6.14397E-01 3.52837E+01 -3.72312E+00 -3.72311E+00 -3.72307E+00 -3.72232E+00 3.52836E+01 6.14397E-01 6.55851E-02 1.93489E+01 
6.55851E-02 6.59146E-01 3.51938E+01 -3.65999E+00 -3.65998E+00 -3.65994E+00 -3.65918E+00 3.51938E+01 6.59146E-01 6.55851E-02 2.05675E+01 
6.55851E-02 8.99545E-01 3.47936E+01 -3.33212E+00 -3.33211E+00 -3.33205E+00 -3.33125E+00 3.47936E+01 8.99545E-01 6.55851E-02 2.70457E+01 
6.55851E-02 1.18967E+00 3.44447E+01 -2.95477E+00 -2.95476E+00 -2.95468E+00 -2.95385E+00 3.44447E+01 1.18967E+00 6.55851E-02 3.48123E+01 
6.55851E-02 1.53685E+00 3.41554E+01 -2.52071E+00 -2.52070E+00 -2.52061E+00 -2.51973E+00 3.41554E+01 1.53685E+00 6.55851E-02 4.41450E+01 
6.55851E-02 1.94943E+00 3.39345E+01 -2.02170E+00 -2.02169E+00 -2.02158E+00 -2.02066E+00 3.39345E+01 1.94943E+00 6.55851E-02 5.53642E+01 
3.88176E-01 2.39670E+00 3.37583E+01 -1.48939E+00 -1.48937E+00 -1.48925E+00 -1.48828E+00 3.37583E+01 2.39670E+00 3.88176E-01 6.85784E+01 
9.37373E-01 2.92344E+00 3.36629E+01 -8.77801E-01 -8.77782E-01 -8.77639E-01 -8.76624E-01 3.36629E+01 2.92344E+00 9.37373E-01 8.43048E+01 
1.58801E+00 3.55151E+00 3.36694E+01 -1.65003E-01 -1.64982E-01 -1.64818E-01 -1.63753E-01 3.36694E+01 3.55151E+00 1.58801E+00 1.03051E+02 
2.35523E+00 4.29608E+00 3.37939E+01 6.64070E-01 6.64093E-01 6.64279E-01 6.65395E-01 3.37939E+01 4.29608E+00 2.35523E+00 1.25342E+02 
3.25617E+00 5.17429E+00 3.40545E+01 1.62644E+00 1.62646E+00 1.62667E+00 1.62784E+00 3.40545E+01 5.17429E+00 3.25617E+00 1.51760E+02 
4.31006E+00 6.20543E+00 3.44711E+01 2.74127E+00 2.74130E+00 2.74153E+00 2.74276E+00 3.44711E+01 6.20543E+00 4.31006E+00 1.82955E+02 
5.53845E+00 7.41105E+00 3.50662E+01 4.03003E+00 4.03006E+00 4.03032E+00 4.03160E+00 3.50662E+01 7.41105E+00 5.53845E+00 2.19638E+02 
6.96541E+00 8.81525E+00 3.58644E+01 5.51670E+00 5.51673E+00 5.51702E+00 5.51836E+00 3.58644E+01 8.81525E+00 6.96541E+00 2.62579E+02 
8.61763E+00 1.04447E+01 3.68933E+01 7.22792E+00 7.22795E+00 7.22827E+00 7.22968E+00 3.68933E+01 1.04447E+01 8.61763E+00 3.12612E+02 
1.05246E+01 1.23291E+01 3.81828E+01 9.19315E+00 9.19319E+00 9.19354E+00 9.19502E+00 3.81828E+01 1.23291E+01 1.05246E+01 3.70624E+02 
1.27189E+01 1.45007E+01 3.97660E+01 1.14448E+01 1.14448E+01 1.14452E+01 1.14467E+01 3.97660E+01 1.45007E+01 1.27189E+01 4.37552E+02 
1.52358E+01 1.69951E+01 4.16789E+01 1.40182E+01 1.40182E+01 1.40186E+01 1.40203E+01 4.16789E+01 1.69951E+01 1.52358E+01 5.14378E+02 
1.81139E+01 1.98508E+01 4.39604E+01 1.69518E+01 1.69519E+01 1.69523E+01 1.69540E+01 4.39604E+01 1.98508E+01 1.81139E+01 6.02121E+02 
6.07329E-02 2.17327E-01 3.31557E+01 -4.20423E+00 -4.20423E+00 -4.20422E+00 -4.20356E+00 3.31557E+01 2.17327E-01 6.07329E-02 -3.16068E+00 
6.07329E-02 2.17327E-01 3.26777E+01 -4.09475E+00 -4.09475E+00 -4.09473E+00 -4.09404E+00 3.26777E+01 2.17327E-01 6.07329E-02 -1.05162E+00 
6.07329E-02 2.49256E-02 3.22197E+01 -3.97106E+00 -3.97105E+00 -3.97103E+00 -3.97031E+00 3.22197E+01 2.49256E-02 6.07329E-02 1.26398E+00 
6.07329E-02 9.56554E-02 3.17829E+01 -3.83114E+00 -3.83113E+00 -3.83110E+00 -3.83034E+00 3.17829E+01 9.56554E-02 6.07329E-02 3.80988E+00 
6.07329E-02 1.86662E-01 3.13647E+01 -3.67071E+00 -3.67071E+00 -3.67066E+00 -3.66987E+00 3.13647E+01 1.86662E-01 6.07329E-02 6.72969E+00 
6.07329E-02 3.00888E-01 3.09685E+01 -3.48694E+00 -3.48693E+00 -3.48687E+00 -3.48604E+00 3.09685E+01 3.00888E-01 6.07329E-02 1.01129E+01 
6.07329E-02 4.41642E-01 3.05984E+01 -3.27658E+00 -3.27657E+00 -3.27649E+00 -3.27563E+00 3.05984E+01 4.41642E-01 6.07329E-02 1.40673E+01 
6.07329E-02 5.71088E-01 3.03326E+01 -3.09329E+00 -3.09328E+00 -3.09320E+00 -3.09230E+00 3.03326E+01 5.71088E-01 6.07329E-02 1.75988E+01 
6.07329E-02 6.12625E-01 3.02586E+01 -3.03602E+00 -3.03601E+00 -3.03592E+00 -3.03502E+00 3.02586E+01 6.12625E-01 6.07329E-02 1.87200E+01 
6.07329E-02 8.35650E-01 2.99317E+01 -2.73810E+00 -2.73808E+00 -2.73798E+00 -2.73703E+00 2.99317E+01 8.35650E-01 6.07329E-02 2.46915E+01 
6.07329E-02 1.10455E+00 2.96521E+01 -2.39452E+00 -2.39450E+00 -2.39439E+00 -2.39339E+00 2.96521E+01 1.10455E+00 6.07329E-02 3.18676E+01 
6.07329E-02 1.42600E+00 2.94271E+01 -1.99869E+00 -1.99867E+00 -1.99854E+00 -1.99750E+00 2.94271E+01 1.42600E+00 6.07329E-02 4.05026E+01 
6.07329E-02 1.80757E+00 2.92649E+01 -1.54312E+00 -1.54311E+00 -1.54295E+00 -1.54186E+00 2.92649E+01 1.80757E+00 6.07329E-02 5.08880E+01 
3.59294E-01 2.22171E+00 2.91438E+01 -1.05618E+00 -1.05616E+00 -1.05598E+00 -1.05485E+00 2.91438E+01 2.22171E+00 3.59294E-01 6.31030E+01 
8.66983E-01 2.70893E+00 2.90969E+01 -4.96342E-01 -4.96319E-01 -4.96122E-01 -4.94931E-01 2.90969E+01 2.70893E+00 8.66983E-01 7.76235E+01 
1.46753E+00 3.28890E+00 2.91434E+01 1.56153E-01 1.56178E-01 1.56398E-01 1.57645E-01 2.91434E+01 3.28890E+00 1.46753E+00 9.49090E+01 
2.17456E+00 3.97525E+00 2.92974E+01 9.14832E-01 9.14859E-01 9.15104E-01 9.16408E-01 2.92974E+01 3.97525E+00 2.17456E+00 1.15426E+02 
3.00337E+00 4.78332E+00 2.95753E+01 1.79493E+00 1.79496E+00 1.79523E+00 1.79659E+00 2.95753E+01 4.78332E+00 3.00337E+00 1.39694E+02 
3.97113E+00 5.73030E+00 2.99947E+01 2.81353E+00 2.81356E+00 2.81386E+00 2.81529E+00 2.99947E+01 5.73030E+00 3.97113E+00 1.68284E+02 
5.09697E+00 6.83535E+00 3.05757E+01 3.98972E+00 3.98976E+00 3.99009E+00 3.99158E+00 3.05757E+01 6.83535E+00 5.09697E+00 2.01819E+02 
6.40221E+00 8.11979E+00 3.13399E+01 5.34474E+00 5.34477E+00 5.34514E+00 5.34670E+00 3.13399E+01 8.11979E+00 6.40221E+00 2.40972E+02 
7.91037E+00 9.60718E+00 3.23117E+01 6.90206E+00 6.90210E+00 6.90249E+00 6.90413E+00 3.23117E+01 9.60718E+00 7.91037E+00 2.86464E+02 
9.64741E+00 1.13235E+01 3.35174E+01 8.68757E+00 8.68762E+00 8.68805E+00 8.68976E+00 3.35174E+01 1.13235E+01 9.64741E+00 3.39059E+02 
1.16417E+01 1.32971E+01 3.49858E+01 1.07296E+01 1.07296E+01 1.07301E+01 1.07319E+01 3.49858E+01 1.32971E+01 1.16417E+01 3.99557E+02 
1.39240E+01 1.55588E+01 3.67484E+01 1.30589E+01 1.30590E+01 1.30595E+01 1.30614E+01 3.67484E+01 1.55588E+01 1.39240E+01 4.68793E+02 
1.65279E+01 1.81421E+01 3.88389E+01 1.57090E+01 1.57090E+01 1.57096E+01 1.57115E+01 3.88389E+01 1.81421E+01 1.65279E+01 5.47624E+02 
5.63020E-02 2.02862E-01 2.84570E+01 -3.55499E+00 -3.55499E+00 -3.55495E+00 -3.55416E+00 2.84570E+01 2.02862E-01 5.63020E-02 -2.81545E+00 
5.63020E-02 2.02862E-01 2.80496E+01 -3.45819E+00 -3.45819E+00 -3.45814E+00 -3.45731E+00 2.80496E+01 2.02862E-01 5.63020E-02 -9.36346E-01 
5.63020E-02 2.32922E-02 2.76605E+01 -3.34808E+00 -3.34807E+00 -3.34801E+00 -3.34714E+00 2.76605E+01 2.32922E-02 5.63020E-02 1.14123E+00 
5.63020E-02 8.93475E-02 2.72909E+01 -3.22280E+00 -3.22279E+00 -3.22272E+00 -3.22182E+00 2.72909E+01 8.93475E-02 5.63020E-02 3.43998E+00 
5.63020E-02 1.74265E-01 2.69387E+01 -3.07847E+00 -3.07846E+00 -3.07837E+00 -3.07743E+00 2.69387E+01 1.74265E-01 5.63020E-02 6.09313E+00 
5.63020E-02 2.80748E-01 2.66071E+01 -2.91246E+00 -2.91245E+00 -2.91235E+00 -2.91136E+00 2.66071E+01 2.80748E-01 5.63020E-02 9.18474E+00 
5.63020E-02 4.11830E-01 2.62996E+01 -2.72180E+00 -2.72179E+00 -2.72168E+00 -2.72065E+00 2.62996E+01 4.11830E-01 5.63020E-02 1.28153E+01 
5.63020E-02 5.32271E-01 2.60807E+01 -2.55528E+00 -2.55527E+00 -2.55515E+00 -2.55409E+00 2.60807E+01 5.32271E-01 5.63020E-02 1.60687E+01 
5.63020E-02 5.70899E-01 2.60202E+01 -2.50319E+00 -2.50318E+00 -2.50305E+00 -2.50198E+00 2.60202E+01 5.70899E-01 5.63020E-02 1.71031E+01 
5.63020E-02 7.78146E-01 2.57553E+01 -2.23185E+00 -2.23183E+00 -2.23169E+00 -2.23057E+00 2.57553E+01 7.78146E-01 5.63020E-02 2.26219E+01 
5.63020E-02 1.02771E+00 2.55340E+01 -1.91838E+00 -1.91836E+00 -1.91819E+00 -1.91703E+00 2.55340E+01 1.02771E+00 5.63020E-02 2.92664E+01 
5.63020E-02 1.32568E+00 2.53629E+01 -1.55677E+00 -1.55675E+00 -1.55656E+00 -1.55534E+00 2.53629E+01 1.32568E+00 5.63020E-02 3.72688E+01 
5.63020E-02 1.67890E+00 2.52493E+01 -1.14024E+00 -1.14021E+00 -1.14001E+00 -1.13873E+00 2.52493E+01 1.67890E+00 5.63020E-02 4.68940E+01 
3.32899E-01 2.06271E+00 2.51737E+01 -6.94136E-01 -6.94112E-01 -6.93883E-01 -6.92552E-01 2.51737E+01 2.06271E+00 3.32899E-01 5.81936E+01 
8.02586E-01 2.51368E+00 2.51662E+01 -1.81040E-01 -1.81014E-01 -1.80760E-01 -1.79370E-01 2.51662E+01 2.51368E+00 8.02586E-01 7.16066E+01 
1.35723E+00 3.04949E+00 2.52440E+01 4.16817E-01 4.16845E-01 4.17126E-01 4.18578E-01 2.52440E+01 3.04949E+00 1.35723E+00 8.75475E+01 
2.00902E+00 3.68236E+00 2.54199E+01 1.11156E+00 1.11159E+00 1.11190E+00 1.11342E+00 2.54199E+01 3.68236E+00 2.00902E+00 1.06432E+02 
2.77163E+00 4.42598E+00 2.57084E+01 1.91679E+00 1.91683E+00 1.91717E+00 1.91875E+00 2.57084E+01 4.42598E+00 2.77163E+00 1.28718E+02 
3.66033E+00 5.29566E+00 2.61252E+01 2.84773E+00 2.84777E+00 2.84814E+00 2.84979E+00 2.61252E+01 5.29566E+00 3.66033E+00 1.54909E+02 
4.69209E+00 6.30837E+00 2.66880E+01 3.92128E+00 3.92132E+00 3.92173E+00 3.92346E+00 2.66880E+01 6.30837E+00 4.69209E+00 1.85549E+02 
5.88571E+00 7.48294E+00 2.74160E+01 5.15620E+00 5.15625E+00 5.15669E+00 5.15849E+00 2.74160E+01 7.48294E+00 5.88571E+00 2.21223E+02 
7.26190E+00 8.84009E+00 2.83305E+01 6.57315E+00 6.57320E+00 6.57368E+00 6.57556E+00 2.83305E+01 8.84009E+00 7.26190E+00 2.62551E+02 
8.84338E+00 1.04026E+01 2.94546E+01 8.19481E+00 8.19486E+00 8.19538E+00 8.19735E+00 2.94546E+01 1.04026E+01 8.84338E+00 3.10189E+02 
1.06549E+01 1.21951E+01 3.08135E+01 1.00458E+01 1.00459E+01 1.00465E+01 1.00485E+01 3.08135E+01 1.21951E+01 1.06549E+01 3.64817E+02 
1.27232E+01 1.42445E+01 3.24344E+01 1.21530E+01 1.21531E+01 1.21537E+01 1.21559E+01 3.24344E+01 1.42445E+01 1.27232E+01 4.27140E+02 
1.50772E+01 1.65797E+01 3.43465E+01 1.45452E+01 1.45453E+01 1.45460E+01 1.45482E+01 3.43465E+01 1.65797E+01 1.50772E+01 4.97875E+02 
5.22452E-02 1.89980E-01 2.44235E+01 -2.99872E+00 -2.99871E+00 -2.99865E+00 -2.99770E+00 2.44235E+01 1.89980E-01 5.22452E-02 -2.51728E+00 
5.22452E-02 1.89980E-01 2.40768E+01 -2.91281E+00 -2.91280E+00 -2.91272E+00 -2.91173E+00 2.40768E+01 1.89980E-01 5.22452E-02 -8.36027E-01 
5.22452E-02 2.18562E-02 2.37469E+01 -2.81441E+00 -2.81440E+00 -2.81431E+00 -2.81328E+00 2.37469E+01 2.18562E-02 5.22452E-02 1.03609E+00 
5.22452E-02 8.37675E-02 2.34348E+01 -2.70183E+00 -2.70183E+00 -2.70172E+00 -2.70065E+00 2.34348E+01 8.37675E-02 5.22452E-02 3.12064E+00 
5.22452E-02 1.63240E-01 2.31390E+01 -2.57154E+00 -2.57153E+00 -2.57140E+00 -2.57029E+00 2.31390E+01 1.63240E-01 5.22452E-02 5.54145E+00 
5.22452E-02 2.62755E-01 2.28624E+01 -2.42110E+00 -2.42109E+00 -2.42095E+00 -2.41979E+00 2.28624E+01 2.62755E-01 5.22452E-02 8.37734E+00 
5.22452E-02 3.85090E-01 2.26083E+01 -2.24781E+00 -2.24780E+00 -2.24764E+00 -2.24644E+00 2.26083E+01 3.85090E-01 5.22452E-02 1.17220E+01 
5.22452E-02 4.97358E-01 2.24293E+01 -2.09613E+00 -2.09612E+00 -2.09595E+00 -2.09471E+00 2.24293E+01 4.97358E-01 5.22452E-02 1.47281E+01 
5.22452E-02 5.33340E-01 2.23801E+01 -2.04863E+00 -2.04862E+00 -2.04845E+00 -2.04719E+00 2.23801E+01 5.33340E-01 5.22452E-02 1.56851E+01 
5.22452E-02 7.26215E-01 2.21677E+01 -1.80094E+00 -1.80092E+00 -1.80073E+00 -1.79942E+00 2.21677E+01 7.26215E-01 5.22452E-02 2.07979E+01 
5.22452E-02 9.58132E-01 2.19954E+01 -1.51437E+00 -1.51435E+00 -1.51414E+00 -1.51277E+00 2.19954E+01 9.58132E-01 5.22452E-02 2.69621E+01 
5.22452E-02 1.23460E+00 2.18692E+01 -1.18347E+00 -1.18345E+00 -1.18321E+00 -1.18179E+00 2.18692E+01 1.23460E+00 5.22452E-02 3.43891E+01 
5.22452E-02 1.56185E+00 2.17957E+01 -8.02090E-01 -8.02066E-01 -8.01806E-01 -8.00324E-01 2.17957E+01 1.56185E+00 5.22452E-02 4.33192E+01 
3.08714E-01 1.91782E+00 2.17573E+01 -3.92855E-01 -3.92828E-01 -3.92541E-01 -3.90996E-01 2.17573E+01 1.91782E+00 3.08714E-01 5.37784E+01 
7.43534E-01 2.33547E+00 2.17814E+01 7.79168E-02 7.79460E-02 7.82614E-02 7.98725E-02 2.17814E+01 2.33547E+00 7.43534E-01 6.61720E+01 
1.25601E+00 2.83067E+00 2.18834E+01 6.26163E-01 6.26195E-01 6.26541E-01 6.28221E-01 2.18834E+01 2.83067E+00 1.25601E+00 8.08740E+01 
1.85705E+00 3.41434E+00 2.20748E+01 1.26273E+00 1.26276E+00 1.26314E+00 1.26489E+00 2.20748E+01 3.41434E+00 1.85705E+00 9.82526E+01 
2.55882E+00 4.09868E+00 2.23684E+01 1.99974E+00 1.99978E+00 2.00019E+00 2.00202E+00 2.23684E+01 4.09868E+00 2.55882E+00 1.18712E+02 
3.37488E+00 4.89728E+00 2.27782E+01 2.85070E+00 2.85074E+00 2.85119E+00 2.85310E+00 2.27782E+01 4.89728E+00 3.37488E+00 1.42693E+02 
4.32025E+00 5.82514E+00 2.33199E+01 3.83057E+00 3.83061E+00 3.83110E+00 3.83309E+00 2.33198E+01 5.82514E+00 4.32025E+00 1.70670E+02 
5.41147E+00 6.89886E+00 2.40102E+01 4.95586E+00 4.95591E+00 4.95644E+00 4.95851E+00 2.40102E+01 6.89886E+00 5.41147E+00 2.03147E+02 
6.66671E+00 8.13660E+00 2.48680E+01 6.24470E+00 6.24475E+00 6.24533E+00 6.24749E+00 2.48680E+01 8.13660E+00 6.66671E+00 2.40658E+02 
8.10581E+00 9.55823E+00 2.59133E+01 7.71690E+00 7.71695E+00 7.71758E+00 7.71983E+00 2.59133E+01 9.55823E+00 8.10581E+00 2.83761E+02 
9.75027E+00 1.11852E+01 2.71681E+01 9.39390E+00 9.39396E+00 9.39464E+00 9.39699E+00 2.71681E+01 1.11852E+01 9.75027E+00 3.33032E+02 
1.16233E+01 1.30409E+01 2.86558E+01 1.12989E+01 1.12990E+01 1.12997E+01 1.13021E+01 2.86558E+01 1.30409E+01 1.16233E+01 3.89063E+02 
1.37497E+01 1.51499E+01 3.04017E+01 1.34567E+01 1.34567E+01 1.34575E+01 1.34601E+01 3.04017E+01 1.51499E+01 1.37497E+01 4.52450E+02 
4.85209E-02 1.78464E-01 2.09611E+01 -2.52226E+00 -2.52226E+00 -2.52216E+00 -2.52104E+00 2.09611E+01 1.78464E-01 4.85209E-02 -2.25943E+00 
4.85209E-02 1.78464E-01 2.06665E+01 -2.44571E+00 -2.44570E+00 -2.44559E+00 -2.44443E+00 2.06665E+01 1.78464E-01 4.85209E-02 -7.48421E-01 
4.85209E-02 2.05894E-02 2.03872E+01 -2.35743E+00 -2.35742E+00 -2.35730E+00 -2.35609E+00 2.03872E+01 2.05894E-02 4.85209E-02 9.46225E-01 
4.85209E-02 7.88136E-02 2.01244E+01 -2.25589E+00 -2.25588E+00 -2.25575E+00 -2.25449E+00 2.01244E+01 7.88136E-02 4.85209E-02 2.84487E+00 
4.85209E-02 1.53399E-01 1.98768E+01 -2.13786E+00 -2.13785E+00 -2.13769E+00 -2.13639E+00 1.98768E+01 1.53399E-01 4.85209E-02 5.06284E+00 
4.85209E-02 2.46619E-01 1.96472E+01 -2.00111E+00 -2.00110E+00 -2.00092E+00 -1.99957E+00 1.96472E+01 2.46619E-01 4.85209E-02 7.67393E+00 
4.85209E-02 3.61013E-01 1.94384E+01 -1.84316E+00 -1.84314E+00 -1.84295E+00 -1.84154E+00 1.94384E+01 3.61013E-01 4.85209E-02 1.07653E+01 
4.85209E-02 4.65837E-01 1.92932E+01 -1.70465E+00 -1.70463E+00 -1.70442E+00 -1.70297E+00 1.92932E+01 4.65837E-01 4.85209E-02 1.35508E+01 
4.85209E-02 4.99406E-01 1.92537E+01 -1.66123E+00 -1.66121E+00 -1.66100E+00 -1.65954E+00 1.92537E+01 4.99406E-01 4.85209E-02 1.44385E+01 
4.85209E-02 6.79151E-01 1.90855E+01 -1.43463E+00 -1.43461E+00 -1.43438E+00 -1.43286E+00 1.90855E+01 6.79151E-01 4.85209E-02 1.91859E+01 
4.85209E-02 8.94901E-01 1.89543E+01 -1.17217E+00 -1.17215E+00 -1.17189E+00 -1.17031E+00 1.89542E+01 8.94901E-01 4.85209E-02 2.49145E+01 
4.85209E-02 1.15166E+00 1.88653E+01 -8.68902E-01 -8.68878E-01 -8.68590E-01 -8.66945E-01 1.88653E+01 1.15166E+00 4.85209E-02 3.18165E+01 
4.85209E-02 1.45503E+00 1.88247E+01 -5.19263E-01 -5.19236E-01 -5.18919E-01 -5.17207E-01 1.88247E+01 1.45503E+00 4.85209E-02 4.01090E+01 
2.86501E-01 1.78540E+00 1.88165E+01 -1.43387E-01 -1.43357E-01 -1.43009E-01 -1.41227E-01 1.88165E+01 1.78540E+00 2.86501E-01 4.97949E+01 
6.89260E-01 2.17236E+00 1.88656E+01 2.88969E-01 2.89002E-01 2.89383E-01 2.91238E-01 1.88656E+01 2.17236E+00 6.89260E-01 6.12486E+01 
1.16294E+00 2.63015E+00 1.89858E+01 7.92075E-01 7.92110E-01 7.92527E-01 7.94459E-01 1.89858E+01 2.63015E+00 1.16294E+00 7.48071E+01 
1.71726E+00 3.16850E+00 1.91874E+01 1.37561E+00 1.37565E+00 1.37610E+00 1.37811E+00 1.91874E+01 3.16850E+00 1.71726E+00 9.07959E+01 
2.36306E+00 3.79825E+00 1.94817E+01 2.05035E+00 2.05039E+00 2.05088E+00 2.05298E+00 1.94817E+01 3.79825E+00 2.36306E+00 1.09570E+02 
3.11232E+00 4.53143E+00 1.98812E+01 2.82825E+00 2.82830E+00 2.82884E+00 2.83102E+00 1.98812E+01 4.53143E+00 3.11232E+00 1.31514E+02 
3.97829E+00 5.38128E+00 2.03995E+01 3.72252E+00 3.72257E+00 3.72316E+00 3.72543E+00 2.03995E+01 5.38128E+00 3.97829E+00 1.57039E+02 
4.97551E+00 6.36238E+00 2.10515E+01 4.74766E+00 4.74771E+00 4.74835E+00 4.75072E+00 2.10515E+01 6.36238E+00 4.97551E+00 1.86579E+02 
6.11987E+00 7.49060E+00 2.18535E+01 5.91952E+00 5.91957E+00 5.92027E+00 5.92273E+00 2.18535E+01 7.49060E+00 6.11987E+00 2.20591E+02 
7.42863E+00 8.78325E+00 2.28231E+01 7.25534E+00 7.25540E+00 7.25615E+00 7.25872E+00 2.28231E+01 8.78325E+00 7.42863E+00 2.59547E+02 
8.92042E+00 1.02589E+01 2.39793E+01 8.77372E+00 8.77378E+00 8.77459E+00 8.77727E+00 2.39793E+01 1.02589E+01 8.92042E+00 3.03933E+02 
1.06152E+01 1.19377E+01 2.53423E+01 1.04946E+01 1.04947E+01 1.04956E+01 1.04984E+01 2.53423E+01 1.19377E+01 1.06152E+01 3.54240E+02 
1.25344E+01 1.38409E+01 2.69336E+01 1.24394E+01 1.24395E+01 1.24404E+01 1.24433E+01 2.69336E+01 1.38409E+01 1.25344E+01 4.10962E+02 
4.50934E-02 1.68128E-01 1.79889E+01 -2.11436E+00 -2.11436E+00 -2.11424E+00 -2.11293E+00 1.79889E+01 1.68128E-01 4.50934E-02 -2.03606E+00 
4.50934E-02 1.68128E-01 1.77390E+01 -2.04585E+00 -2.04584E+00 -2.04571E+00 -2.04435E+00 1.77390E+01 1.68128E-01 4.50934E-02 -6.71588E-01 
4.50934E-02 1.94679E-02 1.75032E+01 -1.96633E+00 -1.96632E+00 -1.96617E+00 -1.96476E+00 1.75032E+01 1.94679E-02 4.50934E-02 8.69642E-01 
4.50934E-02 7.43980E-02 1.72825E+01 -1.87439E+00 -1.87438E+00 -1.87421E+00 -1.87276E+00 1.72825E+01 7.43980E-02 4.50934E-02 2.60672E+00 
4.50934E-02 1.44578E-01 1.70761E+01 -1.76709E+00 -1.76708E+00 -1.76689E+00 -1.76538E+00 1.70761E+01 1.44578E-01 4.50934E-02 4.64723E+00 
4.50934E-02 2.32089E-01 1.68865E+01 -1.64240E+00 -1.64238E+00 -1.64217E+00 -1.64061E+00 1.68865E+01 2.32089E-01 4.50934E-02 7.06014E+00 
4.50934E-02 3.39249E-01 1.67162E+01 -1.49803E+00 -1.49801E+00 -1.49778E+00 -1.49616E+00 1.67162E+01 3.39249E-01 4.50934E-02 9.92645E+00 
4.50934E-02 4.37272E-01 1.65996E+01 -1.37123E+00 -1.37122E+00 -1.37096E+00 -1.36930E+00 1.65996E+01 4.37272E-01 4.50934E-02 1.25144E+01 
4.50934E-02 4.68633E-01 1.65682E+01 -1.33146E+00 -1.33145E+00 -1.33119E+00 -1.32951E+00 1.65682E+01 4.68633E-01 4.50934E-02 1.33398E+01 
4.50934E-02 6.36343E-01 1.64372E+01 -1.12374E+00 -1.12372E+00 -1.12343E+00 -1.12168E+00 1.64372E+01 6.36343E-01 4.50934E-02 1.77571E+01 
4.50934E-02 8.37249E-01 1.63402E+01 -8.82939E-01 -8.82915E-01 -8.82602E-01 -8.80783E-01 1.63402E+01 8.37249E-01 4.50934E-02 2.30893E+01 
4.50934E-02 1.07588E+00 1.62821E+01 -6.04593E-01 -6.04567E-01 -6.04222E-01 -6.02331E-01 1.62821E+01 1.07588E+00 4.50934E-02 2.95107E+01 
4.50934E-02 1.35729E+00 1.62682E+01 -2.83678E-01 -2.83649E-01 -2.83271E-01 -2.81304E-01 1.62682E+01 1.35729E+00 4.50934E-02 3.72168E+01 
2.66050E-01 1.66404E+00 1.62843E+01 6.19336E-02 6.19658E-02 6.23803E-02 6.44252E-02 1.62843E+01 1.66404E+00 2.66050E-01 4.61894E+01 
6.39270E-01 2.02270E+00 1.63529E+01 4.59341E-01 4.59376E-01 4.59830E-01 4.61957E-01 1.63529E+01 2.02270E+00 6.39270E-01 5.67752E+01 
1.07719E+00 2.44596E+00 1.64864E+01 9.21289E-01 9.21328E-01 9.21824E-01 9.24036E-01 1.64864E+01 2.44596E+00 1.07719E+00 6.92770E+01 
1.58847E+00 2.94249E+00 1.66939E+01 1.45639E+00 1.45644E+00 1.45698E+00 1.45928E+00 1.66939E+01 2.94249E+00 1.58847E+00 8.39816E+01 
2.18270E+00 3.52192E+00 1.69853E+01 2.07422E+00 2.07426E+00 2.07485E+00 2.07725E+00 1.69853E+01 3.52192E+00 2.18270E+00 1.01200E+02 
2.87048E+00 4.19485E+00 1.73718E+01 2.78532E+00 2.78537E+00 2.78601E+00 2.78850E+00 1.73718E+01 4.19485E+00 2.87048E+00 1.21266E+02 
3.66345E+00 4.97294E+00 1.78652E+01 3.60131E+00 3.60136E+00 3.60206E+00 3.60465E+00 1.78652E+01 4.97294E+00 3.66345E+00 1.44534E+02 
4.57435E+00 5.86894E+00 1.84787E+01 4.53489E+00 4.53495E+00 4.53570E+00 4.53840E+00 1.84787E+01 5.86894E+00 4.57435E+00 1.71377E+02 
5.61702E+00 6.89671E+00 1.92264E+01 5.59988E+00 5.59994E+00 5.60076E+00 5.60357E+00 1.92264E+01 6.89671E+00 5.61702E+00 2.02182E+02 
6.80645E+00 8.07124E+00 2.01237E+01 6.81124E+00 6.81131E+00 6.81220E+00 6.81512E+00 2.01237E+01 8.07124E+00 6.80645E+00 2.37348E+02 
8.15871E+00 9.40863E+00 2.11867E+01 8.18503E+00 8.18510E+00 8.18606E+00 8.18910E+00 2.11867E+01 9.40863E+00 8.15871E+00 2.77280E+02 
9.69100E+00 1.09261E+01 2.24331E+01 9.73841E+00 9.73849E+00 9.73952E+00 9.74269E+00 2.24331E+01 1.09261E+01 9.69100E+00 3.22385E+02 
1.14215E+01 1.26418E+01 2.38811E+01 1.14896E+01 1.14897E+01 1.14908E+01 1.14941E+01 2.38811E+01 1.26418E+01 1.14215E+01 3.73066E+02 
4.19317E-02 1.58811E-01 1.54376E+01 -1.76533E+00 -1.76532E+00 -1.76518E+00 -1.76368E+00 1.54376E+01 1.58811E-01 4.19317E-02 -1.84216E+00 
4.19317E-02 1.58811E-01 1.52259E+01 -1.70372E+00 -1.70372E+00 -1.70356E+00 -1.70200E+00 1.52259E+01 1.58811E-01 4.19317E-02 -6.03838E-01 
4.19317E-02 1.84710E-02 1.50274E+01 -1.63178E+00 -1.63177E+00 -1.63160E+00 -1.62998E+00 1.50274E+01 1.84710E-02 4.19317E-02 8.04652E-01 
4.19317E-02 7.04455E-02 1.48428E+01 -1.54822E+00 -1.54821E+00 -1.54801E+00 -1.54633E+00 1.48428E+01 7.04455E-02 4.19317E-02 2.40107E+00 
4.19317E-02 1.36639E-01 1.46715E+01 -1.45034E+00 -1.45033E+00 -1.45010E+00 -1.44837E+00 1.46715E+01 1.36639E-01 4.19317E-02 4.28596E+00 
4.19317E-02 2.18951E-01 1.45159E+01 -1.33629E+00 -1.33628E+00 -1.33603E+00 -1.33423E+00 1.45159E+01 2.18951E-01 4.19317E-02 6.52363E+00 
4.19317E-02 3.19497E-01 1.43783E+01 -1.20399E+00 -1.20397E+00 -1.20370E+00 -1.20183E+00 1.43783E+01 3.19497E-01 4.19317E-02 9.18917E+00 
4.19317E-02 4.11284E-01 1.42858E+01 -1.08765E+00 -1.08763E+00 -1.08733E+00 -1.08542E+00 1.42858E+01 4.11284E-01 4.19317E-02 1.15996E+01 
4.19317E-02 4.40617E-01 1.42613E+01 -1.05114E+00 -1.05112E+00 -1.05081E+00 -1.04888E+00 1.42613E+01 4.40617E-01 4.19317E-02 1.23689E+01 
4.19317E-02 5.97266E-01 1.41615E+01 -8.60341E-01 -8.60318E-01 -8.59982E-01 -8.57977E-01 1.41615E+01 5.97266E-01 4.19317E-02 1.64868E+01 
4.19317E-02 7.84506E-01 1.40931E+01 -6.39062E-01 -6.39037E-01 -6.38666E-01 -6.36583E-01 1.40930E+01 7.84506E-01 4.19317E-02 2.14570E+01 
4.19317E-02 1.00642E+00 1.40602E+01 -3.83257E-01 -3.83228E-01 -3.82821E-01 -3.80657E-01 1.40602E+01 1.00642E+00 4.19317E-02 2.74369E+01 
4.19317E-02 1.26758E+00 1.40679E+01 -8.84006E-02 -8.83688E-02 -8.79217E-02 -8.56734E-02 1.40679E+01 1.26758E+00 4.19317E-02 3.46023E+01 
2.47180E-01 1.55252E+00 1.41033E+01 2.29686E-01 2.29722E-01 2.30212E-01 2.32547E-01 1.41033E+01 1.55252E+00 2.47180E-01 4.29158E+01 
5.93133E-01 1.88501E+00 1.41868E+01 5.95228E-01 5.95267E-01 5.95803E-01 5.98230E-01 1.41867E+01 1.88501E+00 5.93133E-01 5.26987E+01 
9.98046E-01 2.27636E+00 1.43294E+01 1.01958E+00 1.01962E+00 1.02021E+00 1.02273E+00 1.43293E+01 2.27636E+00 9.98046E-01 6.42230E+01 
1.46960E+00 2.73429E+00 1.45391E+01 1.51039E+00 1.51044E+00 1.51108E+00 1.51370E+00 1.45391E+01 2.73429E+00 1.46960E+00 7.77401E+01 
2.01629E+00 3.26728E+00 1.48249E+01 2.07612E+00 2.07617E+00 2.07687E+00 2.07960E+00 1.48249E+01 3.26728E+00 2.01629E+00 9.35212E+01 
2.64744E+00 3.88468E+00 1.51964E+01 2.72607E+00 2.72613E+00 2.72689E+00 2.72972E+00 1.51964E+01 3.88468E+00 2.64744E+00 1.11855E+02 
3.37326E+00 4.59672E+00 1.56640E+01 3.47042E+00 3.47048E+00 3.47130E+00 3.47425E+00 1.56640E+01 4.59672E+00 3.37326E+00 1.33046E+02 
4.20486E+00 5.41453E+00 1.62393E+01 4.32026E+00 4.32032E+00 4.32121E+00 4.32428E+00 1.62393E+01 5.41453E+00 4.20486E+00 1.57411E+02 
5.15428E+00 6.35013E+00 1.69345E+01 5.28759E+00 5.28766E+00 5.28862E+00 5.29181E+00 1.69345E+01 6.35013E+00 5.15428E+00 1.85279E+02 
6.23445E+00 7.41651E+00 1.77628E+01 6.38535E+00 6.38542E+00 6.38647E+00 6.38978E+00 1.77628E+01 7.41651E+00 6.23445E+00 2.16982E+02 
7.45922E+00 8.62749E+00 1.87383E+01 7.62734E+00 7.62742E+00 7.62855E+00 7.63200E+00 1.87383E+01 8.62749E+00 7.45922E+00 2.52856E+02 
8.84327E+00 9.99779E+00 1.98759E+01 9.02825E+00 9.02834E+00 9.02956E+00 9.03314E+00 1.98759E+01 9.99779E+00 8.84327E+00 2.93236E+02 
1.04021E+01 1.15429E+01 2.11912E+01 1.06036E+01 1.06036E+01 1.06050E+01 1.06087E+01 2.11912E+01 1.15429E+01 1.04021E+01 3.38449E+02 
3.90086E-02 1.50375E-01 1.32474E+01 -1.46683E+00 -1.46683E+00 -1.46667E+00 -1.46494E+00 1.32474E+01 1.50375E-01 3.90086E-02 -1.67341E+00 
3.90086E-02 1.50375E-01 1.30687E+01 -1.41117E+00 -1.41117E+00 -1.41099E+00 -1.40919E+00 1.30687E+01 1.50375E-01 3.90086E-02 -5.43694E-01 
3.90086E-02 1.75806E-02 1.29020E+01 -1.34580E+00 -1.34579E+00 -1.34559E+00 -1.34373E+00 1.29020E+01 1.75806E-02 3.90086E-02 7.49829E-01 
3.90086E-02 6.68912E-02 1.27482E+01 -1.26955E+00 -1.26954E+00 -1.26931E+00 -1.26738E+00 1.27482E+01 6.68912E-02 3.90086E-02 2.22358E+00 
3.90086E-02 1.29460E-01 1.26070E+01 -1.17996E+00 -1.17995E+00 -1.17969E+00 -1.17770E+00 1.26070E+01 1.29460E-01 3.90086E-02 3.97163E+00 
3.90086E-02 2.07020E-01 1.24803E+01 -1.07534E+00 -1.07532E+00 -1.07503E+00 -1.07297E+00 1.24803E+01 2.07020E-01 3.90086E-02 6.05383E+00 
3.90086E-02 3.01496E-01 1.23703E+01 -9.53785E-01 -9.53767E-01 -9.53445E-01 -9.51314E-01 1.23703E+01 3.01496E-01 3.90086E-02 8.53961E+00 
3.90086E-02 3.87546E-01 1.22982E+01 -8.46798E-01 -8.46778E-01 -8.46430E-01 -8.44241E-01 1.22982E+01 3.87546E-01 3.90086E-02 1.07899E+01 
3.90086E-02 4.15014E-01 1.22794E+01 -8.13213E-01 -8.13192E-01 -8.12837E-01 -8.10631E-01 1.22794E+01 4.15014E-01 3.90086E-02 1.15083E+01 
3.90086E-02 5.61466E-01 1.22057E+01 -6.37649E-01 -6.37625E-01 -6.37231E-01 -6.34941E-01 1.22057E+01 5.61466E-01 3.90086E-02 1.53537E+01 
3.90086E-02 7.36092E-01 1.21608E+01 -4.34007E-01 -4.33980E-01 -4.33544E-01 -4.31167E-01 1.21608E+01 7.36092E-01 3.90086E-02 1.99921E+01 
3.90086E-02 9.42575E-01 1.21486E+01 -1.98640E-01 -1.98609E-01 -1.98129E-01 -1.95661E-01 1.21486E+01 9.42575E-01 3.90086E-02 2.55654E+01 
3.90086E-02 1.18501E+00 1.21734E+01 7.25213E-02 7.25559E-02 7.30831E-02 7.56455E-02 1.21734E+01 1.18501E+00 3.90086E-02 3.22308E+01 
2.29731E-01 1.44976E+00 1.22239E+01 3.65514E-01 3.65552E-01 3.66131E-01 3.68791E-01 1.22239E+01 1.44976E+00 2.29731E-01 3.99341E+01 
5.50470E-01 1.75802E+00 1.23184E+01 7.01937E-01 7.01980E-01 7.02613E-01 7.05376E-01 1.23184E+01 1.75802E+00 5.50470E-01 4.89734E+01 
9.24873E-01 2.11986E+00 1.24667E+01 1.09188E+00 1.09193E+00 1.09262E+00 1.09549E+00 1.24667E+01 2.11986E+00 9.24873E-01 5.95923E+01 
1.35974E+00 2.54208E+00 1.26759E+01 1.54213E+00 1.54218E+00 1.54293E+00 1.54591E+00 1.26759E+01 2.54208E+00 1.35974E+00 7.20106E+01 
1.86256E+00 3.03220E+00 1.29538E+01 2.06012E+00 2.06018E+00 2.06100E+00 2.06410E+00 1.29538E+01 3.03220E+00 1.86256E+00 8.64634E+01 
2.44152E+00 3.59840E+00 1.33089E+01 2.65404E+00 2.65411E+00 2.65500E+00 2.65822E+00 1.33089E+01 3.59840E+00 2.44152E+00 1.03199E+02 
3.10553E+00 4.24963E+00 1.37503E+01 3.33278E+00 3.33285E+00 3.33382E+00 3.33716E+00 1.37503E+01 4.24963E+00 3.10553E+00 1.22478E+02 
3.86427E+00 4.99556E+00 1.42880E+01 4.10598E+00 4.10606E+00 4.10711E+00 4.11058E+00 1.42880E+01 4.99556E+00 3.86427E+00 1.44569E+02 
4.72814E+00 5.84661E+00 1.49327E+01 4.98404E+00 4.98412E+00 4.98526E+00 4.98887E+00 1.49327E+01 5.84661E+00 4.72814E+00 1.69747E+02 
5.70830E+00 6.81396E+00 1.56957E+01 5.97810E+00 5.97818E+00 5.97941E+00 5.98317E+00 1.56957E+01 6.81396E+00 5.70830E+00 1.98288E+02 
6.81659E+00 7.90944E+00 1.65890E+01 7.09997E+00 7.10006E+00 7.10139E+00 7.10529E+00 1.65890E+01 7.90944E+00 6.81659E+00 2.30470E+02 
8.06552E+00 9.14558E+00 1.76253E+01 8.36216E+00 8.36226E+00 8.36369E+00 8.36775E+00 1.76253E+01 9.14558E+00 8.06552E+00 2.66562E+02 
9.46820E+00 1.05355E+01 1.88179E+01 9.77777E+00 9.77787E+00 9.77942E+00 9.78364E+00 1.88179E+01 1.05355E+01 9.46820E+00 3.06827E+02 
3.63005E-02 1.42701E-01 1.13674E+01 -1.21173E+00 -1.21173E+00 -1.21154E+00 -1.20956E+00 1.13674E+01 1.42701E-01 3.63005E-02 -1.52604E+00 
3.63005E-02 1.42701E-01 1.12169E+01 -1.16118E+00 -1.16118E+00 -1.16097E+00 -1.15892E+00 1.12169E+01 1.42701E-01 3.63005E-02 -4.89864E-01 
3.63005E-02 1.67814E-02 1.10775E+01 -1.10151E+00 -1.10151E+00 -1.10127E+00 -1.09915E+00 1.10775E+01 1.67814E-02 3.63005E-02 7.03979E-01 
3.63005E-02 6.36790E-02 1.09501E+01 -1.03166E+00 -1.03165E+00 -1.03138E+00 -1.02919E+00 1.09501E+01 6.36790E-02 3.63005E-02 2.07053E+00 
3.63005E-02 1.22938E-01 1.08343E+01 -9.49387E-01 -9.49375E-01 -9.49071E-01 -9.46801E-01 1.08343E+01 1.22938E-01 3.63005E-02 3.69791E+00 
3.63005E-02 1.96136E-01 1.07322E+01 -8.53136E-01 -8.53121E-01 -8.52781E-01 -8.50433E-01 1.07322E+01 1.96136E-01 3.63005E-02 5.64169E+00 
3.63005E-02 2.85022E-01 1.06455E+01 -7.41190E-01 -7.41171E-01 -7.40794E-01 -7.38364E-01 1.06455E+01 2.85022E-01 3.63005E-02 7.96590E+00 
3.63005E-02 3.65780E-01 1.05905E+01 -6.42602E-01 -6.42581E-01 -6.42173E-01 -6.39678E-01 1.05905E+01 3.65780E-01 3.63005E-02 1.00711E+01 
3.63005E-02 3.91523E-01 1.05766E+01 -6.11649E-01 -6.11627E-01 -6.11209E-01 -6.08695E-01 1.05766E+01 3.91523E-01 3.63005E-02 1.07432E+01 
3.63005E-02 5.28551E-01 1.05246E+01 -4.49831E-01 -4.49806E-01 -4.49342E-01 -4.46733E-01 1.05246E+01 5.28551E-01 3.63005E-02 1.43397E+01 
3.63005E-02 6.91508E-01 1.04991E+01 -2.62169E-01 -2.62139E-01 -2.61626E-01 -2.58919E-01 1.04991E+01 6.91508E-01 3.63005E-02 1.86729E+01 
3.63005E-02 8.83707E-01 1.05036E+01 -4.53782E-02 -4.53445E-02 -4.47782E-02 -4.19698E-02 1.05035E+01 8.83707E-01 3.63005E-02 2.38705E+01 
3.63005E-02 1.10882E+00 1.05418E+01 2.04189E-01 2.04227E-01 2.04849E-01 2.07763E-01 1.05418E+01 1.10882E+00 3.63005E-02 3.00725E+01 
2.13566E-01 1.35484E+00 1.06039E+01 4.74250E-01 4.74292E-01 4.74976E-01 4.78000E-01 1.06039E+01 1.35484E+00 2.13566E-01 3.72100E+01 
5.10953E-01 1.64064E+00 1.07062E+01 7.84012E-01 7.84059E-01 7.84808E-01 7.87947E-01 1.07062E+01 1.64064E+00 5.10953E-01 4.55595E+01 
8.57117E-01 1.97513E+00 1.08574E+01 1.14242E+00 1.14247E+00 1.14329E+00 1.14655E+00 1.08574E+01 1.97513E+00 8.57117E-01 5.53392E+01 
1.25806E+00 2.36432E+00 1.10637E+01 1.55545E+00 1.55551E+00 1.55640E+00 1.55978E+00 1.10637E+01 2.36432E+00 1.25806E+00 6.67400E+01 
1.72036E+00 2.81481E+00 1.13320E+01 2.02966E+00 2.02972E+00 2.03070E+00 2.03421E+00 1.13320E+01 2.81481E+00 1.72036E+00 7.99651E+01 
2.25119E+00 3.33378E+00 1.16697E+01 2.57220E+00 2.57227E+00 2.57333E+00 2.57698E+00 1.16697E+01 3.33378E+00 2.25119E+00 9.52272E+01 
2.85830E+00 3.92901E+00 1.20848E+01 3.19082E+00 3.19089E+00 3.19204E+00 3.19583E+00 1.20848E+01 3.92901E+00 2.85830E+00 1.12747E+02 
3.55009E+00 4.60887E+00 1.25859E+01 3.89387E+00 3.89395E+00 3.89520E+00 3.89913E+00 1.25859E+01 4.60887E+00 3.55009E+00 1.32750E+02 
4.33550E+00 5.38236E+00 1.31822E+01 4.69032E+00 4.69040E+00 4.69175E+00 4.69584E+00 1.31822E+01 5.38236E+00 4.33550E+00 1.55466E+02 
5.22412E+00 6.25905E+00 1.38835E+01 5.58970E+00 5.58980E+00 5.59126E+00 5.59551E+00 1.38835E+01 6.25905E+00 5.22412E+00 1.81123E+02 
6.22603E+00 7.24903E+00 1.46999E+01 6.60211E+00 6.60222E+00 6.60379E+00 6.60821E+00 1.46999E+01 7.24903E+00 6.22603E+00 2.09945E+02 
7.35184E+00 8.36293E+00 1.56422E+01 7.73814E+00 7.73825E+00 7.73995E+00 7.74453E+00 1.56422E+01 8.36293E+00 7.35184E+00 2.42150E+02 
8.61256E+00 9.61177E+00 1.67217E+01 9.00880E+00 9.00892E+00 9.01074E+00 9.01551E+00 1.67217E+01 9.61177E+00 8.61256E+00 2.77946E+02 
3.37866E-02 1.35687E-01 9.75356E+00 -9.93863E-01 -9.93864E-01 -9.93656E-01 -9.91393E-01 9.75355E+00 1.35687E-01 3.37866E-02 -1.39683E+00 
3.37866E-02 1.35687E-01 9.62728E+00 -9.47723E-01 -9.47721E-01 -9.47479E-01 -9.45139E-01 9.62728E+00 1.35687E-01 3.37866E-02 -4.41204E-01 
3.37866E-02 1.60602E-02 9.51129E+00 -8.93016E-01 -8.93011E-01 -8.92733E-01 -8.90314E-01 9.51129E+00 1.60602E-02 3.37866E-02 6.66104E-01 
3.37866E-02 6.07610E-02 9.40630E+00 -8.28787E-01 -8.28778E-01 -8.28462E-01 -8.25961E-01 9.40630E+00 6.07610E-02 3.37866E-02 1.93875E+00 
3.37866E-02 1.16984E-01 9.31230E+00 -7.52981E-01 -7.52969E-01 -7.52613E-01 -7.50026E-01 9.31230E+00 1.16984E-01 3.37866E-02 3.45938E+00 
3.37866E-02 1.86163E-01 9.23094E+00 -6.64191E-01 -6.64175E-01 -6.63776E-01 -6.61101E-01 9.23094E+00 1.86163E-01 3.37866E-02 5.27945E+00 
3.37866E-02 2.69883E-01 9.16397E+00 -5.60855E-01 -5.60835E-01 -5.60390E-01 -5.57624E-01 9.16397E+00 2.69883E-01 3.37866E-02 7.45783E+00 
3.37866E-02 3.45741E-01 9.12324E+00 -4.69831E-01 -4.69808E-01 -4.69327E-01 -4.66487E-01 9.12324E+00 3.45741E-01 3.37866E-02 9.43108E+00 
3.37866E-02 3.69889E-01 9.11331E+00 -4.41253E-01 -4.41229E-01 -4.40736E-01 -4.37875E-01 9.11331E+00 3.69889E-01 3.37866E-02 1.00609E+01 
3.37866E-02 4.98182E-01 9.07938E+00 -2.91877E-01 -2.91849E-01 -2.91300E-01 -2.88333E-01 9.07938E+00 4.98182E-01 3.37866E-02 1.34290E+01 
3.37866E-02 6.50321E-01 9.06972E+00 -1.18731E-01 -1.18698E-01 -1.18090E-01 -1.15013E-01 9.06972E+00 6.50321E-01 3.37866E-02 1.74807E+01 
3.37866E-02 8.29276E-01 9.08749E+00 8.11325E-02 8.11696E-02 8.18406E-02 8.50322E-02 9.08749E+00 8.29276E-01 3.37866E-02 2.23301E+01 
3.37866E-02 1.03834E+00 9.13615E+00 3.10978E-01 3.11020E-01 3.11758E-01 3.15068E-01 9.13615E+00 1.03834E+00 3.37866E-02 2.81017E+01 
1.98564E-01 1.26696E+00 9.20689E+00 5.60037E-01 5.60084E-01 5.60895E-01 5.64328E-01 9.20688E+00 1.26696E+00 1.98564E-01 3.47136E+01 
4.74291E-01 1.53190E+00 9.31428E+00 8.45340E-01 8.45393E-01 8.46281E-01 8.49843E-01 9.31428E+00 1.53190E+00 4.74291E-01 4.24228E+01 
7.94290E-01 1.84102E+00 9.46601E+00 1.17479E+00 1.17485E+00 1.17582E+00 1.17951E+00 9.46601E+00 1.84102E+00 7.94290E-01 5.14239E+01 
1.16384E+00 2.19963E+00 9.66760E+00 1.55365E+00 1.55371E+00 1.55477E+00 1.55861E+00 9.66760E+00 2.19963E+00 1.16384E+00 6.18823E+01 
1.58871E+00 2.61349E+00 9.92505E+00 1.98766E+00 1.98773E+00 1.98888E+00 1.99286E+00 9.92504E+00 2.61349E+00 1.58871E+00 7.39722E+01 
2.07513E+00 3.08887E+00 1.02448E+01 2.48305E+00 2.48313E+00 2.48438E+00 2.48852E+00 1.02448E+01 3.08887E+00 2.07513E+00 8.78748E+01 
2.62985E+00 3.63250E+00 1.06338E+01 3.04655E+00 3.04663E+00 3.04800E+00 3.05229E+00 1.06338E+01 3.63250E+00 2.62985E+00 1.03776E+02 
3.26010E+00 4.25164E+00 1.10995E+01 3.68537E+00 3.68546E+00 3.68694E+00 3.69139E+00 1.10995E+01 4.25164E+00 3.26010E+00 1.21864E+02 
3.97357E+00 4.95399E+00 1.16497E+01 4.40720E+00 4.40730E+00 4.40890E+00 4.41352E+00 1.16497E+01 4.95399E+00 3.97357E+00 1.42329E+02 
4.77842E+00 5.74771E+00 1.22928E+01 5.22019E+00 5.22030E+00 5.22202E+00 5.22682E+00 1.22928E+01 5.74771E+00 4.77842E+00 1.65356E+02 
5.68321E+00 6.64138E+00 1.30375E+01 6.13288E+00 6.13299E+00 6.13485E+00 6.13984E+00 1.30375E+01 6.64138E+00 5.68321E+00 1.91126E+02 
6.69688E+00 7.64393E+00 1.38927E+01 7.15419E+00 7.15432E+00 7.15633E+00 7.16150E+00 1.38927E+01 7.64393E+00 6.69688E+00 2.19811E+02 
7.82863E+00 8.76459E+00 1.48680E+01 8.29336E+00 8.29349E+00 8.29565E+00 8.30103E+00 1.48680E+01 8.76459E+00 7.82863E+00 2.51572E+02 
3.14490E-02 1.29244E-01 8.36821E+00 -8.07956E-01 -8.07959E-01 -8.07715E-01 -8.05135E-01 8.36821E+00 1.29244E-01 3.14490E-02 -1.28293E+00 
3.14490E-02 1.29244E-01 8.26270E+00 -7.65614E-01 -7.65613E-01 -7.65329E-01 -7.62662E-01 8.26270E+00 1.29244E-01 3.14490E-02 -3.96698E-01 
3.14490E-02 1.54054E-02 8.16671E+00 -7.15234E-01 -7.15230E-01 -7.14902E-01 -7.12146E-01 8.16671E+00 1.54054E-02 3.14490E-02 6.35379E-01 
3.14490E-02 5.80954E-02 8.08089E+00 -6.55951E-01 -6.55943E-01 -6.55569E-01 -6.52721E-01 8.08088E+00 5.80954E-02 3.14490E-02 1.82557E+00 
3.14490E-02 1.11520E-01 8.00535E+00 -5.85889E-01 -5.85876E-01 -5.85454E-01 -5.82510E-01 8.00535E+00 1.11520E-01 3.14490E-02 3.25143E+00 
3.14490E-02 1.76980E-01 7.94157E+00 -5.03769E-01 -5.03752E-01 -5.03279E-01 -5.00235E-01 7.94156E+00 1.76980E-01 3.14490E-02 4.96047E+00 
3.14490E-02 2.55911E-01 7.89113E+00 -4.08177E-01 -4.08156E-01 -4.07628E-01 -4.04482E-01 7.89112E+00 2.55911E-01 3.14490E-02 7.00666E+00 
3.14490E-02 3.27221E-01 7.86234E+00 -3.23987E-01 -3.23963E-01 -3.23390E-01 -3.20161E-01 7.86234E+00 3.27221E-01 3.14490E-02 8.85938E+00 
3.14490E-02 3.49886E-01 7.85576E+00 -2.97560E-01 -2.97534E-01 -2.96948E-01 -2.93695E-01 7.85575E+00 3.49886E-01 3.14490E-02 9.45044E+00 
3.14490E-02 4.70066E-01 7.83666E+00 -1.59478E-01 -1.59447E-01 -1.58794E-01 -1.55422E-01 7.83666E+00 4.70066E-01 3.14490E-02 1.26082E+01 
3.14490E-02 6.12152E-01 7.83984E+00 4.44786E-04 4.80551E-04 1.20459E-03 4.70059E-03 7.83984E+00 6.12152E-01 3.14490E-02 1.63992E+01 
3.14490E-02 7.78805E-01 7.86811E+00 1.84847E-01 1.84888E-01 1.85688E-01 1.89312E-01 7.86811E+00 7.78805E-01 3.14490E-02 2.09252E+01 
3.14490E-02 9.72960E-01 7.92456E+00 3.96642E-01 3.96689E-01 3.97569E-01 4.01327E-01 7.92455E+00 9.72960E-01 3.14490E-02 2.62961E+01 
1.84617E-01 1.18540E+00 8.00145E+00 6.26426E-01 6.26479E-01 6.27444E-01 6.31340E-01 8.00145E+00 1.18540E+00 1.84617E-01 3.24192E+01 
4.40228E-01 1.43095E+00 8.11173E+00 8.89250E-01 8.89310E-01 8.90367E-01 8.94407E-01 8.11173E+00 1.43095E+00 4.40228E-01 3.95333E+01 
7.35957E-01 1.71653E+00 8.26219E+00 1.19207E+00 1.19214E+00 1.19329E+00 1.19748E+00 8.26218E+00 1.71653E+00 7.35957E-01 4.78117E+01 
1.07643E+00 2.04679E+00 8.45765E+00 1.53951E+00 1.53958E+00 1.54084E+00 1.54519E+00 8.45765E+00 2.04679E+00 1.07643E+00 5.73968E+01 
1.46669E+00 2.42677E+00 8.70334E+00 1.93657E+00 1.93666E+00 1.93803E+00 1.94254E+00 8.70334E+00 2.42677E+00 1.46669E+00 6.84371E+01 
1.91214E+00 2.86191E+00 9.00487E+00 2.38868E+00 2.38877E+00 2.39026E+00 2.39494E+00 9.00487E+00 2.86191E+00 1.91214E+00 8.10859E+01 
2.41861E+00 3.35802E+00 9.36824E+00 2.90163E+00 2.90173E+00 2.90335E+00 2.90820E+00 9.36823E+00 3.35802E+00 2.41861E+00 9.54985E+01 
2.99230E+00 3.92134E+00 9.79981E+00 3.48163E+00 3.48174E+00 3.48349E+00 3.48852E+00 9.79981E+00 3.92134E+00 2.99230E+00 1.11831E+02 
3.63980E+00 4.55845E+00 1.03063E+01 4.13524E+00 4.13535E+00 4.13725E+00 4.14248E+00 1.03063E+01 4.55845E+00 3.63980E+00 1.30238E+02 
4.36803E+00 5.27627E+00 1.08948E+01 4.86938E+00 4.86950E+00 4.87155E+00 4.87697E+00 1.08948E+01 5.27627E+00 4.36803E+00 1.50869E+02 
5.18419E+00 6.08203E+00 1.15726E+01 5.69125E+00 5.69138E+00 5.69359E+00 5.69922E+00 1.15726E+01 6.08203E+00 5.18419E+00 1.73868E+02 
6.09578E+00 6.98323E+00 1.23474E+01 6.60833E+00 6.60847E+00 6.61085E+00 6.61669E+00 1.23474E+01 6.98323E+00 6.09578E+00 1.99369E+02 
7.11044E+00 7.98751E+00 1.32268E+01 7.62827E+00 7.62843E+00 7.63098E+00 7.63704E+00 1.32268E+01 7.98751E+00 7.11044E+00 2.27494E+02 
2.92717E-02 1.23295E-01 7.17902E+00 -6.49467E-01 -6.49472E-01 -6.49182E-01 -6.46242E-01 7.17902E+00 1.23295E-01 2.92717E-02 -1.18189E+00 
2.92717E-02 1.23295E-01 7.09132E+00 -6.10406E-01 -6.10407E-01 -6.10067E-01 -6.07028E-01 7.09131E+00 1.23295E-01 2.92717E-02 -3.55433E-01 
2.92717E-02 1.48072E-02 7.01242E+00 -5.63808E-01 -5.63805E-01 -5.63413E-01 -5.60274E-01 7.01242E+00 1.48072E-02 2.92717E-02 6.11134E-01 
2.92717E-02 5.56464E-02 6.94293E+00 -5.08894E-01 -5.08885E-01 -5.08438E-01 -5.05195E-01 6.94292E+00 5.56464E-02 2.92717E-02 1.72870E+00 
2.92717E-02 1.06481E-01 6.88304E+00 -4.43948E-01 -4.43935E-01 -4.43429E-01 -4.40079E-01 6.88304E+00 1.06481E-01 2.92717E-02 3.07011E+00 
2.92717E-02 1.68487E-01 6.83409E+00 -3.67813E-01 -3.67795E-01 -3.67228E-01 -3.63765E-01 6.83409E+00 1.68487E-01 2.92717E-02 4.67907E+00 
2.92717E-02 2.42962E-01 6.79749E+00 -2.79210E-01 -2.79188E-01 -2.78554E-01 -2.74977E-01 6.79749E+00 2.42962E-01 2.92717E-02 6.60491E+00 
2.92717E-02 3.10038E-01 6.77864E+00 -2.01215E-01 -2.01188E-01 -2.00501E-01 -1.96831E-01 6.77863E+00 3.10038E-01 2.92717E-02 8.34707E+00 
2.92717E-02 3.31322E-01 6.77481E+00 -1.76740E-01 -1.76712E-01 -1.76009E-01 -1.72312E-01 6.77480E+00 3.31322E-01 2.92717E-02 8.90245E+00 
2.92717E-02 4.43947E-01 6.76786E+00 -4.89403E-02 -4.89064E-02 -4.81236E-02 -4.42922E-02 6.76785E+00 4.43947E-01 2.92717E-02 1.18659E+01 
2.92717E-02 5.76676E-01 6.78133E+00 9.89052E-02 9.89451E-02 9.98126E-02 1.03783E-01 6.78132E+00 5.76676E-01 2.92717E-02 1.54148E+01 
2.92717E-02 7.31885E-01 6.81773E+00 2.69154E-01 2.69200E-01 2.70157E-01 2.74272E-01 6.81772E+00 7.31885E-01 2.92717E-02 1.96395E+01 
2.92717E-02 9.12183E-01 6.87980E+00 4.64397E-01 4.64450E-01 4.65503E-01 4.69767E-01 6.87979E+00 9.12183E-01 2.92717E-02 2.46367E+01 
1.71632E-01 1.10955E+00 6.96079E+00 6.76454E-01 6.76514E-01 6.77669E-01 6.82087E-01 6.96078E+00 1.10955E+00 1.71632E-01 3.03045E+01 
4.08538E-01 1.33705E+00 7.07216E+00 9.18584E-01 9.18651E-01 9.19915E-01 9.24494E-01 7.07215E+00 1.33705E+00 4.08538E-01 3.68650E+01 
6.81736E-01 1.60076E+00 7.21985E+00 1.19689E+00 1.19697E+00 1.19835E+00 1.20309E+00 7.21985E+00 1.60076E+00 6.81736E-01 4.44722E+01 
9.95270E-01 1.90474E+00 7.40810E+00 1.51541E+00 1.51549E+00 1.51700E+00 1.52192E+00 7.40810E+00 1.90474E+00 9.95270E-01 5.32479E+01 
1.35351E+00 2.25337E+00 7.64144E+00 1.87850E+00 1.87859E+00 1.88023E+00 1.88533E+00 7.64143E+00 2.25337E+00 1.35351E+00 6.33179E+01 
1.76114E+00 2.65136E+00 7.92471E+00 2.29084E+00 2.29094E+00 2.29272E+00 2.29801E+00 7.92471E+00 2.65136E+00 1.76114E+00 7.48106E+01 
2.22317E+00 3.10370E+00 8.26308E+00 2.75742E+00 2.75753E+00 2.75946E+00 2.76495E+00 8.26307E+00 3.10370E+00 2.22317E+00 8.78550E+01 
2.74491E+00 3.61572E+00 8.66199E+00 3.28355E+00 3.28367E+00 3.28575E+00 3.29145E+00 8.66198E+00 3.61572E+00 2.74491E+00 1.02579E+02 
3.33194E+00 4.19302E+00 9.12715E+00 3.87480E+00 3.87493E+00 3.87718E+00 3.88308E+00 9.12714E+00 4.19302E+00 3.33194E+00 1.19107E+02 
3.99009E+00 4.84143E+00 9.66453E+00 4.53700E+00 4.53714E+00 4.53957E+00 4.54569E+00 9.66452E+00 4.84143E+00 3.99009E+00 1.37558E+02 
4.72542E+00 5.56702E+00 1.02803E+01 5.27620E+00 5.27635E+00 5.27896E+00 5.28532E+00 1.02803E+01 5.56702E+00 4.72542E+00 1.58044E+02 
5.54415E+00 6.37601E+00 1.09807E+01 6.09860E+00 6.09877E+00 6.10158E+00 6.10817E+00 1.09807E+01 6.37601E+00 5.54415E+00 1.80667E+02 
6.45258E+00 7.27472E+00 1.17722E+01 7.01053E+00 7.01070E+00 7.01372E+00 7.02056E+00 1.17722E+01 7.27472E+00 6.45258E+00 2.05518E+02 
2.72408E-02 1.17776E-01 6.15823E+00 -5.14501E-01 -5.14507E-01 -5.14155E-01 -5.10803E-01 6.15823E+00 1.17776E-01 2.72408E-02 -1.09154E+00 
2.72408E-02 1.17776E-01 6.08579E+00 -4.78278E-01 -4.78279E-01 -4.77867E-01 -4.74405E-01 6.08579E+00 1.17776E-01 2.72408E-02 -3.16580E-01 
2.72408E-02 1.42570E-02 6.02149E+00 -4.34997E-01 -4.34993E-01 -4.34518E-01 -4.30943E-01 6.02149E+00 1.42570E-02 2.72408E-02 5.92837E-01 
2.72408E-02 5.33831E-02 5.96589E+00 -3.83953E-01 -3.83944E-01 -3.83403E-01 -3.79711E-01 5.96589E+00 5.33831E-02 2.72408E-02 1.64624E+00 
2.72408E-02 1.01808E-01 5.91926E+00 -3.23582E-01 -3.23568E-01 -3.22957E-01 -3.19144E-01 5.91925E+00 1.01808E-01 2.72408E-02 2.91207E+00 
2.72408E-02 1.60596E-01 5.88278E+00 -2.52837E-01 -2.52817E-01 -2.52131E-01 -2.48193E-01 5.88278E+00 1.60596E-01 2.72408E-02 4.43041E+00 
2.72408E-02 2.30912E-01 5.85773E+00 -1.70564E-01 -1.70539E-01 -1.69774E-01 -1.65706E-01 5.85773E+00 2.30912E-01 2.72408E-02 6.24617E+00 
2.72408E-02 2.94036E-01 5.84708E+00 -9.82008E-02 -9.81707E-02 -9.73417E-02 -9.31703E-02 5.84708E+00 2.94036E-01 2.72408E-02 7.88647E+00 
2.72408E-02 3.14032E-01 5.84551E+00 -7.55058E-02 -7.54744E-02 -7.46261E-02 -7.04240E-02 5.84551E+00 3.14032E-01 2.72408E-02 8.40887E+00 
2.72408E-02 4.19607E-01 5.84843E+00 4.29066E-02 4.29447E-02 4.38883E-02 4.82406E-02 5.84842E+00 4.19607E-01 2.72408E-02 1.11920E+01 
2.72408E-02 5.43610E-01 5.87004E+00 1.79695E-01 1.79740E-01 1.80784E-01 1.85292E-01 5.87003E+00 5.43610E-01 2.72408E-02 1.45154E+01 
2.72408E-02 6.88155E-01 5.91257E+00 3.36958E-01 3.37010E-01 3.38162E-01 3.42831E-01 5.91257E+00 6.88155E-01 2.72408E-02 1.84588E+01 
2.72408E-02 8.55558E-01 5.97847E+00 5.16996E-01 5.17055E-01 5.18321E-01 5.23157E-01 5.97846E+00 8.55558E-01 2.72408E-02 2.31070E+01 
1.59527E-01 1.03887E+00 6.06186E+00 7.12719E-01 7.12787E-01 7.14174E-01 7.19183E-01 6.06185E+00 1.03887E+00 1.59527E-01 2.83503E+01 
3.79023E-01 1.24955E+00 6.17284E+00 9.35768E-01 9.35845E-01 9.37361E-01 9.42550E-01 6.17283E+00 1.24955E+00 3.79023E-01 3.43955E+01 
6.31289E-01 1.49293E+00 6.31661E+00 1.19148E+00 1.19156E+00 1.19322E+00 1.19859E+00 6.31660E+00 1.49293E+00 6.31289E-01 4.13791E+01 
9.19843E-01 1.77254E+00 6.49684E+00 1.48336E+00 1.48346E+00 1.48526E+00 1.49083E+00 6.49684E+00 1.77254E+00 9.19843E-01 4.94045E+01 
1.24846E+00 2.09216E+00 6.71747E+00 1.81519E+00 1.81529E+00 1.81725E+00 1.82302E+00 6.71746E+00 2.09216E+00 1.24846E+00 5.85775E+01 
1.62119E+00 2.45584E+00 6.98266E+00 2.19099E+00 2.19110E+00 2.19322E+00 2.19920E+00 6.98265E+00 2.45584E+00 1.62119E+00 6.90048E+01 
2.04230E+00 2.86787E+00 7.29683E+00 2.61503E+00 2.61515E+00 2.61745E+00 2.62365E+00 7.29682E+00 2.86787E+00 2.04230E+00 8.07921E+01 
2.51630E+00 3.33276E+00 7.66460E+00 3.09182E+00 3.09196E+00 3.09443E+00 3.10087E+00 7.66459E+00 3.33276E+00 2.51630E+00 9.40429E+01 
3.04791E+00 3.85525E+00 8.09081E+00 3.62607E+00 3.62622E+00 3.62889E+00 3.63556E+00 8.09080E+00 3.85525E+00 3.04791E+00 1.08856E+02 
3.64203E+00 4.44023E+00 8.58045E+00 4.22267E+00 4.22283E+00 4.22571E+00 4.23263E+00 8.58044E+00 4.44023E+00 3.64203E+00 1.25326E+02 
4.30368E+00 5.09274E+00 9.13864E+00 4.88665E+00 4.88682E+00 4.88992E+00 4.89709E+00 9.13863E+00 5.09274E+00 4.30368E+00 1.43536E+02 
5.03799E+00 5.81791E+00 9.77060E+00 5.62312E+00 5.62331E+00 5.62664E+00 5.63407E+00 9.77059E+00 5.81791E+00 5.03799E+00 1.63563E+02 
5.85012E+00 6.62092E+00 1.04816E+01 6.43725E+00 6.43745E+00 6.44103E+00 6.44873E+00 1.04816E+01 6.62092E+00 5.85012E+00 1.85471E+02 
2.53439E-02 1.12630E-01 5.28201E+00 -3.99702E-01 -3.99710E-01 -3.99276E-01 -3.95456E-01 5.28200E+00 1.12630E-01 2.53439E-02 -1.00996E+00 
2.53439E-02 1.12630E-01 5.22263E+00 -3.65943E-01 -3.65945E-01 -3.65439E-01 -3.61494E-01 5.22263E+00 1.12630E-01 2.53439E-02 -2.79378E-01 
2.53439E-02 1.37474E-02 5.17079E+00 -3.25580E-01 -3.25576E-01 -3.24995E-01 -3.20922E-01 5.17079E+00 1.37474E-02 2.53439E-02 5.80074E-01 
2.53439E-02 5.12788E-02 5.12699E+00 -2.77981E-01 -2.77972E-01 -2.77310E-01 -2.73107E-01 5.12699E+00 5.12788E-02 2.53439E-02 1.57658E+00 
2.53439E-02 9.74535E-02 5.09155E+00 -2.21716E-01 -2.21701E-01 -2.20955E-01 -2.16616E-01 5.09154E+00 9.74535E-02 2.53439E-02 2.77447E+00 
2.53439E-02 1.53229E-01 5.06553E+00 -1.55843E-01 -1.55821E-01 -1.54986E-01 -1.50507E-01 5.06552E+00 1.53229E-01 2.53439E-02 4.21037E+00 
2.53439E-02 2.19654E-01 5.05008E+00 -7.93231E-02 -7.92945E-02 -7.83650E-02 -7.37407E-02 5.05007E+00 2.19654E-01 2.53439E-02 5.92496E+00 
2.53439E-02 2.79080E-01 5.04616E+00 -1.20978E-02 -1.20639E-02 -1.10577E-02 -6.31751E-03 5.04615E+00 2.79080E-01 2.53439E-02 7.47103E+00 
2.53439E-02 2.97871E-01 5.04643E+00 8.97096E-03 9.00640E-03 1.00356E-02 1.48103E-02 5.04643E+00 2.97871E-01 2.53439E-02 7.96283E+00 
2.53439E-02 3.96854E-01 5.05727E+00 1.18788E-01 1.18831E-01 1.19974E-01 1.24917E-01 5.05726E+00 3.96854E-01 2.53439E-02 1.05781E+01 
2.53439E-02 5.12706E-01 5.08520E+00 2.45427E-01 2.45478E-01 2.46742E-01 2.51858E-01 5.08520E+00 5.12706E-01 2.53439E-02 1.36909E+01 
2.53439E-02 6.47303E-01 5.13222E+00 3.90752E-01 3.90812E-01 3.92202E-01 3.97499E-01 5.13221E+00 6.47303E-01 2.53439E-02 1.73712E+01 
2.53439E-02 8.02692E-01 5.20045E+00 5.56796E-01 5.56865E-01 5.58390E-01 5.63874E-01 5.20044E+00 8.02692E-01 2.53439E-02 2.16927E+01 
1.48229E-01 9.72876E-01 5.28484E+00 7.37445E-01 7.37523E-01 7.39192E-01 7.44868E-01 5.28483E+00 9.72876E-01 1.48229E-01 2.65398E+01 
3.51506E-01 1.16789E+00 5.39424E+00 9.42877E-01 9.42964E-01 9.44786E-01 9.50663E-01 5.39423E+00 1.16789E+00 3.51506E-01 3.21051E+01 
5.84313E-01 1.39236E+00 5.53318E+00 1.17774E+00 1.17783E+00 1.17982E+00 1.18590E+00 5.53317E+00 1.39236E+00 5.84313E-01 3.85091E+01 
8.49697E-01 1.64934E+00 5.70485E+00 1.44506E+00 1.44517E+00 1.44733E+00 1.45363E+00 5.70484E+00 1.64934E+00 8.49697E-01 4.58391E+01 
1.15091E+00 1.94211E+00 5.91261E+00 1.74811E+00 1.74823E+00 1.75056E+00 1.75709E+00 5.91260E+00 1.94211E+00 1.15091E+00 5.41831E+01 
1.49142E+00 2.27412E+00 6.16006E+00 2.09032E+00 2.09045E+00 2.09298E+00 2.09974E+00 6.16005E+00 2.27412E+00 1.49142E+00 6.36289E+01 
1.87484E+00 2.64902E+00 6.45093E+00 2.47533E+00 2.47547E+00 2.47821E+00 2.48521E+00 6.45092E+00 2.64902E+00 1.87484E+00 7.42621E+01 
2.30501E+00 3.07064E+00 6.78915E+00 2.90694E+00 2.90710E+00 2.91005E+00 2.91731E+00 6.78914E+00 3.07064E+00 2.30501E+00 8.61654E+01 
2.78586E+00 3.54292E+00 7.17876E+00 3.38911E+00 3.38928E+00 3.39247E+00 3.39999E+00 7.17875E+00 3.54292E+00 2.78586E+00 9.94162E+01 
3.32148E+00 4.06996E+00 7.62393E+00 3.92592E+00 3.92610E+00 3.92952E+00 3.93732E+00 7.62392E+00 4.06996E+00 3.32148E+00 1.14086E+02 
3.91601E+00 4.65590E+00 8.12888E+00 4.52149E+00 4.52169E+00 4.52536E+00 4.53344E+00 8.12887E+00 4.65590E+00 3.91601E+00 1.30237E+02 
4.57365E+00 5.30494E+00 8.69789E+00 5.18002E+00 5.18024E+00 5.18418E+00 5.19255E+00 8.69787E+00 5.30494E+00 4.57365E+00 1.47925E+02 
5.29856E+00 6.02128E+00 9.33519E+00 5.90569E+00 5.90592E+00 5.91015E+00 5.91882E+00 9.33517E+00 6.02128E+00 5.29856E+00 1.67192E+02 
2.35703E-02 1.07806E-01 4.52987E+00 -3.02193E-01 -3.02202E-01 -3.01661E-01 -2.97305E-01 4.52987E+00 1.07806E-01 2.35703E-02 -9.35452E-01 
2.35703E-02 1.07806E-01 4.48168E+00 -2.70577E-01 -2.70580E-01 -2.69953E-01 -2.65458E-01 4.48168E+00 1.07806E-01 2.35703E-02 -2.43113E-01 
2.35703E-02 1.32721E-02 4.44046E+00 -2.32793E-01 -2.32789E-01 -2.32071E-01 -2.27433E-01 4.44046E+00 1.32721E-02 2.35703E-02 5.72539E-01 
2.35703E-02 4.93104E-02 4.40666E+00 -1.88272E-01 -1.88262E-01 -1.87447E-01 -1.82663E-01 4.40666E+00 4.93104E-02 2.35703E-02 1.51839E+00 
2.35703E-02 9.33736E-02 4.38064E+00 -1.35709E-01 -1.35692E-01 -1.34777E-01 -1.29841E-01 4.38064E+00 9.33736E-02 2.35703E-02 2.65491E+00 
2.35703E-02 1.46322E-01 4.36336E+00 -7.42567E-02 -7.42318E-02 -7.32097E-02 -6.81169E-02 4.36336E+00 1.46322E-01 2.35703E-02 4.01540E+00 
2.35703E-02 2.09095E-01 4.35583E+00 -2.98414E-03 -2.95171E-03 -1.81695E-03 3.43835E-03 4.35582E+00 2.09095E-01 2.35703E-02 5.63660E+00 
2.35703E-02 2.65052E-01 4.35739E+00 5.95391E-02 5.95776E-02 6.08037E-02 6.61886E-02 4.35739E+00 2.65052E-01 2.35703E-02 7.09512E+00 
2.35703E-02 2.82713E-01 4.35916E+00 7.91173E-02 7.91576E-02 8.04112E-02 8.58345E-02 4.35915E+00 2.82713E-01 2.35703E-02 7.55841E+00 
2.35703E-02 3.75521E-01 4.37628E+00 1.81043E-01 1.81092E-01 1.82481E-01 1.88092E-01 4.37627E+00 3.75521E-01 2.35703E-02 1.00169E+01 
2.35703E-02 4.83748E-01 4.40901E+00 2.98346E-01 2.98404E-01 2.99936E-01 3.05741E-01 4.40901E+00 4.83748E-01 2.35703E-02 1.29324E+01 
2.35703E-02 6.09054E-01 4.45911E+00 4.32674E-01 4.32742E-01 4.34425E-01 4.40431E-01 4.45911E+00 6.09054E-01 2.35703E-02 1.63659E+01 
2.35703E-02 7.53240E-01 4.52846E+00 5.85818E-01 5.85896E-01 5.87739E-01 5.93954E-01 4.52845E+00 7.53240E-01 2.35703E-02 2.03813E+01 
1.37673E-01 9.11157E-01 4.61271E+00 7.52532E-01 7.52620E-01 7.54633E-01 7.61062E-01 4.61270E+00 9.11157E-01 1.37673E-01 2.48585E+01 
3.25828E-01 1.09155E+00 4.71959E+00 9.41676E-01 9.41775E-01 9.43968E-01 9.50620E-01 4.71958E+00 1.09155E+00 3.25828E-01 2.99765E+01 
5.40537E-01 1.29842E+00 4.85302E+00 1.15728E+00 1.15739E+00 1.15977E+00 1.16665E+00 4.85301E+00 1.29842E+00 5.40537E-01 3.58419E+01 
7.84424E-01 1.53442E+00 5.01575E+00 1.40195E+00 1.40208E+00 1.40466E+00 1.41179E+00 5.01574E+00 1.53442E+00 7.84424E-01 4.25273E+01 
1.06028E+00 1.80233E+00 5.21067E+00 1.67849E+00 1.67862E+00 1.68142E+00 1.68880E+00 5.21066E+00 1.80233E+00 1.06028E+00 5.01054E+01 
1.37104E+00 2.10510E+00 5.44083E+00 1.98982E+00 1.98997E+00 1.99299E+00 2.00063E+00 5.44082E+00 2.10510E+00 1.37104E+00 5.86475E+01 
1.71978E+00 2.44583E+00 5.70940E+00 2.33901E+00 2.33918E+00 2.34245E+00 2.35035E+00 5.70939E+00 2.44583E+00 1.71978E+00 6.82220E+01 
2.10970E+00 2.82770E+00 6.01966E+00 2.72927E+00 2.72945E+00 2.73297E+00 2.74116E+00 6.01965E+00 2.82770E+00 2.10970E+00 7.88937E+01 
2.54409E+00 3.25403E+00 6.37499E+00 3.16388E+00 3.16408E+00 3.16786E+00 3.17634E+00 6.37498E+00 3.25403E+00 2.54409E+00 9.07218E+01 
3.02631E+00 3.72817E+00 6.77883E+00 3.64620E+00 3.64641E+00 3.65048E+00 3.65926E+00 6.77882E+00 3.72817E+00 3.02631E+00 1.03759E+02 
3.55974E+00 4.25352E+00 7.23464E+00 4.17961E+00 4.17984E+00 4.18420E+00 4.19329E+00 7.23463E+00 4.25352E+00 3.55974E+00 1.18051E+02 
4.14779E+00 4.83349E+00 7.74587E+00 4.76750E+00 4.76775E+00 4.77243E+00 4.78184E+00 7.74585E+00 4.83349E+00 4.14779E+00 1.33634E+02 
4.79378E+00 5.47141E+00 8.31591E+00 5.41322E+00 5.41349E+00 5.41849E+00 5.42824E+00 8.31590E+00 5.47141E+00 4.79378E+00 1.50533E+02 
2.19103E-02 1.03264E-01 3.88427E+00 -2.19499E-01 -2.19510E-01 -2.18830E-01 -2.13865E-01 3.88426E+00 1.03264E-01 2.19103E-02 -8.66470E-01 
2.19103E-02 1.03264E-01 3.84564E+00 -1.89757E-01 -1.89761E-01 -1.88977E-01 -1.83857E-01 3.84563E+00 1.03264E-01 2.19103E-02 -2.07112E-01 
2.19103E-02 1.28254E-02 3.81345E+00 -1.54262E-01 -1.54258E-01 -1.53365E-01 -1.48085E-01 3.81345E+00 1.28254E-02 2.19103E-02 5.70029E-01 
2.19103E-02 4.74582E-02 3.78812E+00 -1.12504E-01 -1.12492E-01 -1.11485E-01 -1.06042E-01 3.78811E+00 4.74582E-02 2.19103E-02 1.47056E+00 
2.19103E-02 8.95318E-02 3.77001E+00 -6.32931E-02 -6.32732E-02 -6.21454E-02 -5.65324E-02 3.77001E+00 8.95318E-02 2.19103E-02 2.55134E+00 
2.19103E-02 1.39817E-01 3.75999E+00 -5.86818E-03 -5.83987E-03 -4.58467E-03 1.20356E-03 3.75998E+00 1.39817E-01 2.19103E-02 3.84253E+00 
2.19103E-02 1.99154E-01 3.75896E+00 6.06019E-02 6.06389E-02 6.20283E-02 6.79978E-02 3.75895E+00 1.99154E-01 2.19103E-02 5.37709E+00 
2.19103E-02 2.51851E-01 3.76495E+00 1.18808E-01 1.18852E-01 1.20351E-01 1.26465E-01 3.76494E+00 2.51851E-01 2.19103E-02 6.75393E+00 
2.19103E-02 2.68451E-01 3.76789E+00 1.37016E-01 1.37063E-01 1.38593E-01 1.44750E-01 3.76789E+00 2.68451E-01 2.19103E-02 7.19055E+00 
2.19103E-02 3.55465E-01 3.78992E+00 2.31678E-01 2.31734E-01 2.33426E-01 2.39792E-01 3.78991E+00 3.55465E-01 2.19103E-02 9.50206E+00 
2.19103E-02 4.56549E-01 3.82618E+00 3.40372E-01 3.40439E-01 3.42300E-01 3.48882E-01 3.82617E+00 4.56549E-01 2.19103E-02 1.22323E+01 
2.19103E-02 5.73166E-01 3.87821E+00 4.64552E-01 4.64629E-01 4.66670E-01 4.73476E-01 3.87820E+00 5.73166E-01 2.19103E-02 1.54342E+01 
2.19103E-02 7.06897E-01 3.94767E+00 6.05788E-01 6.05878E-01 6.08107E-01 6.15144E-01 3.94767E+00 7.06897E-01 2.19103E-02 1.91623E+01 
1.27802E-01 8.53344E-01 4.03086E+00 7.59600E-01 7.59702E-01 7.62132E-01 7.69407E-01 4.03085E+00 8.53344E-01 1.27802E-01 2.32936E+01 
3.01850E-01 1.02008E+00 4.13447E+00 9.33669E-01 9.33784E-01 9.36426E-01 9.43949E-01 4.13446E+00 1.02008E+00 3.01850E-01 2.79948E+01 
4.99719E-01 1.21058E+00 4.26190E+00 1.13147E+00 1.13159E+00 1.13446E+00 1.14224E+00 4.26189E+00 1.21058E+00 4.99719E-01 3.33595E+01 
7.23659E-01 1.42709E+00 4.41549E+00 1.35524E+00 1.35538E+00 1.35848E+00 1.36653E+00 4.41548E+00 1.42709E+00 7.23659E-01 3.94477E+01 
9.76041E-01 1.67200E+00 4.59772E+00 1.60735E+00 1.60751E+00 1.61086E+00 1.61919E+00 4.59771E+00 1.67200E+00 9.76041E-01 4.63186E+01 
1.25935E+00 1.94779E+00 4.81115E+00 1.89029E+00 1.89046E+00 1.89409E+00 1.90270E+00 4.81114E+00 1.94779E+00 1.25935E+00 5.40292E+01 
1.57617E+00 2.25706E+00 5.05846E+00 2.20664E+00 2.20683E+00 2.21073E+00 2.21964E+00 5.05844E+00 2.25706E+00 1.57617E+00 6.26333E+01 
1.92916E+00 2.60248E+00 5.34237E+00 2.55904E+00 2.55925E+00 2.56345E+00 2.57267E+00 5.34236E+00 2.60248E+00 1.92916E+00 7.21804E+01 
2.32104E+00 2.98675E+00 5.66568E+00 2.95023E+00 2.95045E+00 2.95496E+00 2.96451E+00 5.66566E+00 2.98675E+00 2.32104E+00 8.27146E+01 
2.75454E+00 3.41265E+00 6.03120E+00 3.38294E+00 3.38318E+00 3.38802E+00 3.39789E+00 6.03118E+00 3.41265E+00 2.75454E+00 9.42738E+01 
3.23242E+00 3.88291E+00 6.44173E+00 3.85990E+00 3.86017E+00 3.86535E+00 3.87557E+00 6.44171E+00 3.88291E+00 3.23242E+00 1.06888E+02 
3.75737E+00 4.40024E+00 6.90003E+00 4.38384E+00 4.38412E+00 4.38966E+00 4.40024E+00 6.90001E+00 4.40024E+00 3.75737E+00 1.20580E+02 
4.33203E+00 4.96729E+00 7.40878E+00 4.95737E+00 4.95768E+00 4.96360E+00 4.97454E+00 7.40877E+00 4.96729E+00 4.33203E+00 1.35362E+02 
2.03552E-02 9.89669E-02 3.33011E+00 -1.49493E-01 -1.49505E-01 -1.48648E-01 -1.42992E-01 3.33010E+00 9.89669E-02 2.03552E-02 -8.01618E-01 
2.03552E-02 9.89669E-02 3.29965E+00 -1.21398E-01 -1.21402E-01 -1.20420E-01 -1.14590E-01 3.29964E+00 9.89669E-02 2.03552E-02 -1.70724E-01 
2.03552E-02 1.24028E-02 3.27513E+00 -8.79450E-02 -8.79405E-02 -8.68282E-02 -8.08203E-02 3.27513E+00 1.24028E-02 2.03552E-02 5.72427E-01 
2.03552E-02 4.57049E-02 3.25694E+00 -4.86804E-02 -4.86669E-02 -4.74180E-02 -4.12277E-02 3.25693E+00 4.57049E-02 2.03552E-02 1.43221E+00 
2.03552E-02 8.58964E-02 3.24545E+00 -2.51783E-03 -2.49505E-03 -1.10201E-03 5.27697E-03 3.24545E+00 8.58964E-02 2.03552E-02 2.46209E+00 
2.03552E-02 1.33666E-01 3.24143E+00 5.12225E-02 5.12550E-02 5.27997E-02 5.93739E-02 3.24142E+00 1.33666E-01 2.03552E-02 3.68920E+00 
2.03552E-02 1.89761E-01 3.24568E+00 1.13282E-01 1.13324E-01 1.15028E-01 1.21804E-01 3.24568E+00 1.89761E-01 2.03552E-02 5.14301E+00 
2.03552E-02 2.39388E-01 3.25520E+00 1.67513E-01 1.67564E-01 1.69397E-01 1.76334E-01 3.25519E+00 2.39388E-01 2.03552E-02 6.44334E+00 
2.03552E-02 2.54989E-01 3.25908E+00 1.84458E-01 1.84511E-01 1.86383E-01 1.93368E-01 3.25907E+00 2.54989E-01 2.03552E-02 6.85493E+00 
2.03552E-02 3.36558E-01 3.28483E+00 2.72416E-01 2.72480E-01 2.74544E-01 2.81760E-01 3.28482E+00 3.36558E-01 2.03552E-02 9.02829E+00 
2.03552E-02 4.30944E-01 3.32354E+00 3.73156E-01 3.73233E-01 3.75497E-01 3.82954E-01 3.32354E+00 4.30944E-01 2.03552E-02 1.15842E+01 
2.03552E-02 5.39430E-01 3.37657E+00 4.87953E-01 4.88043E-01 4.90519E-01 4.98225E-01 3.37656E+00 5.39430E-01 2.03552E-02 1.45680E+01 
2.03552E-02 6.63396E-01 3.44534E+00 6.18181E-01 6.18284E-01 6.20984E-01 6.28946E-01 3.44533E+00 6.63396E-01 2.03552E-02 1.80263E+01 
1.18564E-01 7.99107E-01 3.52672E+00 7.60034E-01 7.60151E-01 7.63086E-01 7.71312E-01 3.52671E+00 7.99107E-01 1.18564E-01 2.18342E+01 
2.79445E-01 9.53103E-01 3.62650E+00 9.20136E-01 9.20268E-01 9.23452E-01 9.31954E-01 3.62649E+00 9.53103E-01 2.79445E-01 2.61467E+01 
4.61642E-01 1.12835E+00 3.74759E+00 1.10147E+00 1.10161E+00 1.10506E+00 1.11385E+00 3.74758E+00 1.12835E+00 4.61642E-01 3.10460E+01 
6.67070E-01 1.32678E+00 3.89198E+00 1.30593E+00 1.30610E+00 1.30982E+00 1.31891E+00 3.89197E+00 1.32678E+00 6.67070E-01 3.65810E+01 
8.97734E-01 1.55039E+00 4.06176E+00 1.53555E+00 1.53573E+00 1.53975E+00 1.54914E+00 4.06175E+00 1.55039E+00 8.97734E-01 4.27992E+01 
1.15572E+00 1.80130E+00 4.25910E+00 1.79239E+00 1.79259E+00 1.79692E+00 1.80662E+00 4.25909E+00 1.80130E+00 1.15572E+00 4.97454E+01 
1.44318E+00 2.08163E+00 4.48622E+00 2.07860E+00 2.07882E+00 2.08348E+00 2.09352E+00 4.48620E+00 2.08163E+00 1.44318E+00 5.74608E+01 
1.76230E+00 2.39361E+00 4.74537E+00 2.39638E+00 2.39662E+00 2.40162E+00 2.41200E+00 4.74536E+00 2.39361E+00 1.76230E+00 6.59823E+01 
2.11530E+00 2.73944E+00 5.03884E+00 2.74795E+00 2.74821E+00 2.75357E+00 2.76430E+00 5.03883E+00 2.73944E+00 2.11530E+00 7.53415E+01 
2.50441E+00 3.12137E+00 5.36891E+00 3.13551E+00 3.13580E+00 3.14154E+00 3.15264E+00 5.36889E+00 3.12137E+00 2.50441E+00 8.55637E+01 
2.93179E+00 3.54157E+00 5.73781E+00 3.56127E+00 3.56157E+00 3.56772E+00 3.57920E+00 5.73779E+00 3.54157E+00 2.93179E+00 9.66673E+01 
3.39960E+00 4.00218E+00 6.14772E+00 4.02734E+00 4.02767E+00 4.03423E+00 4.04610E+00 6.14770E+00 4.00218E+00 3.39960E+00 1.08663E+02 
3.90985E+00 4.50524E+00 6.60071E+00 4.53576E+00 4.53612E+00 4.54312E+00 4.55539E+00 6.60069E+00 4.50524E+00 3.90985E+00 1.21554E+02 
1.88974E-02 9.48829E-02 2.85445E+00 -9.03495E-02 -9.03640E-02 -8.92803E-02 -8.28409E-02 2.85445E+00 9.48829E-02 1.88974E-02 -7.39608E-01 
1.88974E-02 9.48829E-02 2.83096E+00 -6.37095E-02 -6.37143E-02 -6.24815E-02 -5.58487E-02 2.83095E+00 9.48829E-02 1.88974E-02 -1.33314E-01 
1.88974E-02 1.19999E-02 2.81295E+00 -3.20902E-02 -3.20850E-02 -3.06966E-02 -2.38660E-02 2.81294E+00 1.19999E-02 1.88974E-02 5.79699E-01 
1.88974E-02 4.40358E-02 2.80075E+00 4.91308E-03 4.92857E-03 6.47994E-03 1.35133E-02 2.80075E+00 4.40358E-02 1.88974E-02 1.40262E+00 
1.88974E-02 8.24401E-02 2.79478E+00 4.82901E-02 4.83163E-02 5.00391E-02 5.72823E-02 2.79477E+00 8.24401E-02 1.88974E-02 2.38572E+00 
1.88974E-02 1.27826E-01 2.79568E+00 9.86463E-02 9.86837E-02 1.00587E-01 1.08047E-01 2.79567E+00 1.27826E-01 1.88974E-02 3.55329E+00 
1.88974E-02 1.80857E-01 2.80419E+00 1.56640E-01 1.56689E-01 1.58782E-01 1.66466E-01 2.80418E+00 1.80857E-01 1.88974E-02 4.93146E+00 
1.88974E-02 2.27587E-01 2.81647E+00 2.07200E-01 2.07258E-01 2.09504E-01 2.17367E-01 2.81646E+00 2.27587E-01 1.88974E-02 6.15982E+00 
1.88974E-02 2.42247E-01 2.82106E+00 2.22978E-01 2.23039E-01 2.25331E-01 2.33246E-01 2.82105E+00 2.42247E-01 1.88974E-02 6.54785E+00 
1.88974E-02 3.18692E-01 2.84956E+00 3.04734E-01 3.04808E-01 3.07326E-01 3.15499E-01 2.84955E+00 3.18692E-01 1.88974E-02 8.59094E+00 
1.88974E-02 4.06788E-01 2.88985E+00 3.98110E-01 3.98198E-01 4.00954E-01 4.09393E-01 2.88984E+00 4.06788E-01 1.88974E-02 1.09823E+01 
1.88974E-02 5.07658E-01 2.94308E+00 5.04221E-01 5.04324E-01 5.07330E-01 5.16044E-01 2.94307E+00 5.07658E-01 1.88974E-02 1.37608E+01 
1.88974E-02 6.22499E-01 3.01052E+00 6.24259E-01 6.24378E-01 6.27646E-01 6.36645E-01 3.01050E+00 6.22499E-01 1.88974E-02 1.69653E+01 
1.09914E-01 7.48159E-01 3.08951E+00 7.55012E-01 7.55147E-01 7.58692E-01 7.67984E-01 3.08950E+00 7.48159E-01 1.09914E-01 2.04706E+01 
2.58501E-01 8.90250E-01 3.18504E+00 9.02163E-01 9.02316E-01 9.06153E-01 9.15748E-01 3.18502E+00 8.90250E-01 2.58501E-01 2.44207E+01 
4.26109E-01 1.05130E+00 3.29957E+00 1.06825E+00 1.06842E+00 1.07257E+00 1.08248E+00 3.29955E+00 1.05130E+00 4.26109E-01 2.88875E+01 
6.14358E-01 1.23294E+00 3.43479E+00 1.25489E+00 1.25508E+00 1.25955E+00 1.26979E+00 3.43478E+00 1.23294E+00 6.14358E-01 3.39104E+01 
8.24930E-01 1.43686E+00 3.59247E+00 1.46377E+00 1.46398E+00 1.46879E+00 1.47937E+00 3.59246E+00 1.43686E+00 8.24930E-01 3.95266E+01 
1.05956E+00 1.66480E+00 3.77441E+00 1.69662E+00 1.69685E+00 1.70203E+00 1.71295E+00 3.77439E+00 1.66480E+00 1.05956E+00 4.57705E+01 
1.32002E+00 1.91854E+00 3.98243E+00 1.95520E+00 1.95546E+00 1.96102E+00 1.97231E+00 3.98241E+00 1.91854E+00 1.32002E+00 5.26730E+01 
1.60810E+00 2.19987E+00 4.21839E+00 2.24132E+00 2.24160E+00 2.24756E+00 2.25923E+00 4.21837E+00 2.19987E+00 1.60810E+00 6.02604E+01 
1.92559E+00 2.51059E+00 4.48413E+00 2.55676E+00 2.55706E+00 2.56344E+00 2.57550E+00 4.48411E+00 2.51059E+00 1.92559E+00 6.85538E+01 
2.27425E+00 2.85247E+00 4.78146E+00 2.90329E+00 2.90362E+00 2.91043E+00 2.92290E+00 4.78144E+00 2.85247E+00 2.27425E+00 7.75687E+01 
2.65581E+00 3.22724E+00 5.11216E+00 3.28262E+00 3.28297E+00 3.29025E+00 3.30313E+00 5.11213E+00 3.22724E+00 2.65581E+00 8.73140E+01 
3.07190E+00 3.63653E+00 5.47790E+00 3.69639E+00 3.69678E+00 3.70454E+00 3.71785E+00 5.47787E+00 3.63653E+00 3.07190E+00 9.77921E+01 
3.52407E+00 4.08191E+00 5.88026E+00 4.14616E+00 4.14657E+00 4.15484E+00 4.16859E+00 5.88023E+00 4.08191E+00 3.52407E+00 1.08998E+02 
1.75301E-02 9.09852E-02 2.44620E+00 -4.05009E-02 -4.05175E-02 -3.91468E-02 -3.18235E-02 2.44619E+00 9.09852E-02 1.75301E-02 -6.79235E-01 
1.75301E-02 9.09852E-02 2.42863E+00 -1.51560E-02 -1.51614E-02 -1.36127E-02 -6.07458E-03 2.42862E+00 9.09852E-02 1.75301E-02 -9.42516E-02 
1.75301E-02 1.16135E-02 2.41611E+00 1.48071E-02 1.48131E-02 1.65473E-02 2.43050E-02 2.41611E+00 1.16135E-02 1.75301E-02 5.91889E-01 
1.75301E-02 4.24383E-02 2.40895E+00 4.97479E-02 4.97658E-02 5.16939E-02 5.96765E-02 2.40894E+00 4.24383E-02 1.75301E-02 1.38124E+00 
1.75301E-02 7.91395E-02 2.40753E+00 9.05674E-02 9.05976E-02 9.27296E-02 1.00945E-01 2.40752E+00 7.91395E-02 1.75301E-02 2.32108E+00 
1.75301E-02 1.22261E-01 2.41244E+00 1.37803E-01 1.37846E-01 1.40192E-01 1.48648E-01 2.41243E+00 1.22261E-01 1.75301E-02 3.43298E+00 
1.75301E-02 1.72389E-01 2.42432E+00 1.92037E-01 1.92094E-01 1.94664E-01 2.03368E-01 2.42431E+00 1.72389E-01 1.75301E-02 4.73998E+00 
1.75301E-02 2.16382E-01 2.43873E+00 2.39197E-01 2.39264E-01 2.42016E-01 2.50917E-01 2.43872E+00 2.16382E-01 1.75301E-02 5.90039E+00 
1.75301E-02 2.30154E-01 2.44385E+00 2.53892E-01 2.53963E-01 2.56769E-01 2.65729E-01 2.44384E+00 2.30154E-01 1.75301E-02 6.26614E+00 
1.75301E-02 3.01770E-01 2.47429E+00 3.29898E-01 3.29984E-01 3.33057E-01 3.42302E-01 2.47428E+00 3.01770E-01 1.75301E-02 8.18604E+00 
1.75301E-02 3.83957E-01 2.51540E+00 4.16444E-01 4.16547E-01 4.19900E-01 4.29439E-01 2.51539E+00 3.83957E-01 1.75301E-02 1.04220E+01 
1.75301E-02 4.77687E-01 2.56821E+00 5.14500E-01 5.14620E-01 5.18268E-01 5.28111E-01 2.56820E+00 4.77687E-01 1.75301E-02 1.30066E+01 
1.75301E-02 5.83998E-01 2.63380E+00 6.25095E-01 6.25233E-01 6.29191E-01 6.39348E-01 2.63379E+00 5.83998E-01 1.75301E-02 1.59724E+01 
1.01811E-01 7.00243E-01 2.70996E+00 7.45536E-01 7.45693E-01 7.49975E-01 7.60456E-01 2.70995E+00 7.00243E-01 1.01811E-01 1.91944E+01 
2.38915E-01 8.31211E-01 2.80093E+00 8.80670E-01 8.80847E-01 8.85471E-01 8.96287E-01 2.80091E+00 8.31211E-01 2.38915E-01 2.28066E+01 
3.92943E-01 9.79046E-01 2.90880E+00 1.03264E+00 1.03284E+00 1.03783E+00 1.04899E+00 2.90878E+00 9.79046E-01 3.92943E-01 2.68716E+01 
5.65253E-01 1.14511E+00 3.03499E+00 1.20282E+00 1.20304E+00 1.20840E+00 1.21993E+00 3.03497E+00 1.14511E+00 5.65253E-01 3.14205E+01 
7.57243E-01 1.33081E+00 3.18097E+00 1.39259E+00 1.39283E+00 1.39860E+00 1.41050E+00 3.18095E+00 1.33081E+00 7.57243E-01 3.64819E+01 
9.70343E-01 1.53759E+00 3.34822E+00 1.60339E+00 1.60366E+00 1.60984E+00 1.62213E+00 3.34820E+00 1.53759E+00 9.70343E-01 4.20816E+01 
1.20600E+00 1.76689E+00 3.53825E+00 1.83666E+00 1.83695E+00 1.84358E+00 1.85627E+00 3.53823E+00 1.76689E+00 1.20600E+00 4.82413E+01 
1.46565E+00 2.02016E+00 3.75253E+00 2.09384E+00 2.09416E+00 2.10126E+00 2.11435E+00 3.75251E+00 2.02016E+00 1.46565E+00 5.49790E+01 
1.75071E+00 2.29882E+00 3.99256E+00 2.37636E+00 2.37671E+00 2.38429E+00 2.39782E+00 3.99253E+00 2.29882E+00 1.75071E+00 6.23072E+01 
2.06258E+00 2.60428E+00 4.25974E+00 2.68561E+00 2.68599E+00 2.69408E+00 2.70805E+00 4.25972E+00 2.60428E+00 2.06258E+00 7.02337E+01 
2.40258E+00 2.93785E+00 4.55545E+00 3.02289E+00 3.02331E+00 3.03193E+00 3.04635E+00 4.55542E+00 2.93785E+00 2.40258E+00 7.87601E+01 
2.77194E+00 3.30078E+00 4.88096E+00 3.38947E+00 3.38992E+00 3.39909E+00 3.41399E+00 4.88093E+00 3.30078E+00 2.77194E+00 8.78823E+01 
3.17179E+00 3.69421E+00 5.23743E+00 3.78646E+00 3.78694E+00 3.79670E+00 3.81208E+00 5.23740E+00 3.69421E+00 3.17179E+00 9.75899E+01 
1.62471E-02 8.72506E-02 2.09578E+00 1.40285E-03 1.38371E-03 3.11691E-03 1.14351E-02 2.09577E+00 8.72506E-02 1.62471E-02 -6.19354E-01 
1.62471E-02 8.72506E-02 2.08325E+00 2.55857E-02 2.55795E-02 2.75249E-02 3.60810E-02 2.08324E+00 8.72506E-02 1.62471E-02 -5.29041E-02 
1.62471E-02 1.12404E-02 2.07536E+00 5.40421E-02 5.40491E-02 5.62152E-02 6.50144E-02 2.07535E+00 1.12404E-02 1.62471E-02 6.09108E-01 
1.62471E-02 4.09015E-02 2.07239E+00 8.70907E-02 8.71114E-02 8.95079E-02 9.85560E-02 2.07238E+00 4.09015E-02 1.62471E-02 1.36766E+00 
1.62471E-02 7.59742E-02 2.07471E+00 1.25551E-01 1.25586E-01 1.28224E-01 1.37529E-01 2.07470E+00 7.59742E-02 1.62471E-02 2.26719E+00 
1.62471E-02 1.16939E-01 2.08285E+00 1.69897E-01 1.69947E-01 1.72839E-01 1.82410E-01 2.08284E+00 1.16939E-01 1.62471E-02 3.32675E+00 
1.62471E-02 1.64312E-01 2.09737E+00 2.20643E-01 2.20708E-01 2.23866E-01 2.33711E-01 2.09736E+00 1.64312E-01 1.62471E-02 4.56644E+00 
1.62471E-02 2.05714E-01 2.11335E+00 2.64645E-01 2.64723E-01 2.68094E-01 2.78158E-01 2.11334E+00 2.05714E-01 1.62471E-02 5.66246E+00 
1.62471E-02 2.18646E-01 2.11885E+00 2.78335E-01 2.78416E-01 2.81852E-01 2.91980E-01 2.11884E+00 2.18646E-01 1.62471E-02 6.00708E+00 
1.62471E-02 2.85708E-01 2.15053E+00 3.48996E-01 3.49096E-01 3.52847E-01 3.63289E-01 2.15052E+00 2.85708E-01 1.62471E-02 7.81016E+00 
1.62471E-02 3.62336E-01 2.19188E+00 4.29196E-01 4.29315E-01 4.33396E-01 4.44164E-01 2.19186E+00 3.62336E-01 1.62471E-02 9.89886E+00 
1.62471E-02 4.49370E-01 2.24376E+00 5.19772E-01 5.19911E-01 5.24338E-01 5.35442E-01 2.24374E+00 4.49370E-01 1.62471E-02 1.23004E+01 
1.62471E-02 5.47702E-01 2.30710E+00 6.21608E-01 6.21768E-01 6.26558E-01 6.38008E-01 2.30709E+00 5.47702E-01 1.62471E-02 1.50413E+01 
9.42162E-02 6.55126E-01 2.38008E+00 7.32459E-01 7.32641E-01 7.37812E-01 7.49617E-01 2.38007E+00 6.55126E-01 9.42162E-02 1.79982E+01 
2.20595E-01 7.75702E-01 2.46629E+00 8.56433E-01 8.56639E-01 8.62209E-01 8.74384E-01 2.46627E+00 7.75702E-01 2.20595E-01 2.12952E+01 
3.61982E-01 9.11230E-01 2.56748E+00 9.95336E-01 9.95566E-01 1.00156E+00 1.01411E+00 2.56746E+00 9.11230E-01 3.61982E-01 2.49872E+01 
5.19504E-01 1.06285E+00 2.68484E+00 1.15029E+00 1.15055E+00 1.15699E+00 1.16994E+00 2.68482E+00 1.06285E+00 5.19504E-01 2.90977E+01 
6.94314E-01 1.23171E+00 2.81957E+00 1.32246E+00 1.32275E+00 1.32965E+00 1.34301E+00 2.81955E+00 1.23171E+00 6.94314E-01 3.36483E+01 
8.87575E-01 1.41898E+00 2.97289E+00 1.51300E+00 1.51332E+00 1.52071E+00 1.53449E+00 2.97286E+00 1.41898E+00 8.87575E-01 3.86573E+01 
1.10045E+00 1.62584E+00 3.14600E+00 1.72308E+00 1.72342E+00 1.73132E+00 1.74555E+00 3.14597E+00 1.62584E+00 1.10045E+00 4.41393E+01 
1.33408E+00 1.85343E+00 3.34009E+00 1.95384E+00 1.95421E+00 1.96265E+00 1.97733E+00 3.34006E+00 1.85343E+00 1.33408E+00 5.01051E+01 
1.58957E+00 2.10287E+00 3.55632E+00 2.20639E+00 2.20680E+00 2.21579E+00 2.23095E+00 3.55629E+00 2.10287E+00 1.58957E+00 5.65607E+01 
1.86800E+00 2.37522E+00 3.79579E+00 2.48180E+00 2.48224E+00 2.49183E+00 2.50746E+00 3.79576E+00 2.37522E+00 1.86800E+00 6.35078E+01 
2.17035E+00 2.67149E+00 4.05952E+00 2.78105E+00 2.78153E+00 2.79173E+00 2.80787E+00 4.05949E+00 2.67149E+00 2.17035E+00 7.09425E+01 
2.49753E+00 2.99258E+00 4.34845E+00 3.10506E+00 3.10558E+00 3.11643E+00 3.13308E+00 4.34841E+00 2.99258E+00 2.49753E+00 7.88559E+01 
2.85033E+00 3.33929E+00 4.66340E+00 3.45463E+00 3.45519E+00 3.46670E+00 3.48388E+00 4.66336E+00 3.33929E+00 2.85033E+00 8.72339E+01 
1.50429E-02 8.36592E-02 1.79504E+00 3.65161E-02 3.64941E-02 3.86840E-02 4.81180E-02 1.79503E+00 8.36592E-02 1.50429E-02 -5.58873E-01 
1.50429E-02 8.36592E-02 1.78677E+00 5.96468E-02 5.96396E-02 6.20820E-02 7.17789E-02 1.78676E+00 8.36592E-02 1.50429E-02 -8.63546E-03 
1.50429E-02 1.08780E-02 1.78276E+00 8.67225E-02 8.67307E-02 8.94353E-02 9.94006E-02 1.78275E+00 1.08780E-02 1.50429E-02 6.31526E-01 
1.50429E-02 3.94163E-02 1.78326E+00 1.18025E-01 1.18049E-01 1.21027E-01 1.31267E-01 1.78325E+00 3.94163E-02 1.50429E-02 1.36159E+00 
1.50429E-02 7.29273E-02 1.78863E+00 1.54298E-01 1.54338E-01 1.57602E-01 1.68126E-01 1.78862E+00 7.29273E-02 1.50429E-02 2.22330E+00 
1.50429E-02 1.11833E-01 1.79933E+00 1.95959E-01 1.96017E-01 1.99581E-01 2.10398E-01 1.79932E+00 1.11833E-01 1.50429E-02 3.23334E+00 
1.50429E-02 1.56588E-01 1.81585E+00 2.43458E-01 2.43534E-01 2.47412E-01 2.58531E-01 1.81584E+00 1.56588E-01 1.50429E-02 4.40909E+00 
1.50429E-02 1.95534E-01 1.83296E+00 2.84518E-01 2.84609E-01 2.88739E-01 3.00099E-01 1.83294E+00 1.95534E-01 1.50429E-02 5.44385E+00 
1.50429E-02 2.07672E-01 1.83871E+00 2.97272E-01 2.97367E-01 3.01573E-01 3.13004E-01 1.83869E+00 2.07672E-01 1.50429E-02 5.76837E+00 
1.50429E-02 2.70433E-01 1.87107E+00 3.62957E-01 3.63074E-01 3.67650E-01 3.79427E-01 1.87106E+00 2.70433E-01 1.50429E-02 7.46039E+00 
1.50429E-02 3.41828E-01 1.91215E+00 4.37251E-01 4.37390E-01 4.42354E-01 4.54490E-01 1.91213E+00 3.41828E-01 1.50429E-02 9.40940E+00 
1.50429E-02 4.22581E-01 1.96269E+00 5.20873E-01 5.21035E-01 5.26406E-01 5.38910E-01 1.96267E+00 4.22581E-01 1.50429E-02 1.16377E+01 
1.50429E-02 5.13447E-01 2.02349E+00 6.14575E-01 6.14762E-01 6.20558E-01 6.33444E-01 2.02347E+00 5.13447E-01 1.50429E-02 1.41668E+01 
8.70977E-02 6.12605E-01 2.09305E+00 7.16502E-01 7.16714E-01 7.22955E-01 7.36231E-01 2.09303E+00 6.12605E-01 8.70977E-02 1.68754E+01 
2.03458E-01 7.23470E-01 2.17438E+00 8.30110E-01 8.30349E-01 8.37056E-01 8.50738E-01 2.17436E+00 7.23470E-01 2.03458E-01 1.98788E+01 
3.33079E-01 8.47545E-01 2.26895E+00 9.56901E-01 9.57169E-01 9.64367E-01 9.78469E-01 2.26892E+00 8.47545E-01 3.33079E-01 2.32244E+01 
4.76889E-01 9.85761E-01 2.37772E+00 1.09781E+00 1.09810E+00 1.10582E+00 1.12035E+00 2.37770E+00 9.85761E-01 4.76889E-01 2.69299E+01 
6.35822E-01 1.13906E+00 2.50169E+00 1.25376E+00 1.25409E+00 1.26234E+00 1.27733E+00 2.50166E+00 1.13906E+00 6.35822E-01 3.10106E+01 
8.10815E-01 1.30838E+00 2.64183E+00 1.42570E+00 1.42606E+00 1.43488E+00 1.45033E+00 2.64180E+00 1.30838E+00 8.10815E-01 3.54788E+01 
1.00278E+00 1.49465E+00 2.79909E+00 1.61454E+00 1.61494E+00 1.62435E+00 1.64028E+00 2.79906E+00 1.49465E+00 1.00278E+00 4.03433E+01 
1.21262E+00 1.69877E+00 2.97442E+00 1.82118E+00 1.82162E+00 1.83165E+00 1.84808E+00 2.97439E+00 1.69877E+00 1.21262E+00 4.56091E+01 
1.44118E+00 1.92158E+00 3.16869E+00 2.04647E+00 2.04694E+00 2.05762E+00 2.07457E+00 3.16866E+00 1.92158E+00 1.44118E+00 5.12773E+01 
1.68924E+00 2.16389E+00 3.38273E+00 2.29120E+00 2.29172E+00 2.30307E+00 2.32055E+00 3.38270E+00 2.16389E+00 1.68924E+00 5.73448E+01 
1.95754E+00 2.42642E+00 3.61729E+00 2.55609E+00 2.55666E+00 2.56871E+00 2.58674E+00 3.61726E+00 2.42642E+00 1.95754E+00 6.38037E+01 
2.24670E+00 2.70980E+00 3.87303E+00 2.84178E+00 2.84239E+00 2.85518E+00 2.87377E+00 3.87299E+00 2.70980E+00 2.24670E+00 7.06421E+01 
2.55724E+00 3.01457E+00 4.15050E+00 3.14880E+00 3.14945E+00 3.16301E+00 3.18217E+00 4.15046E+00 3.01457E+00 2.55724E+00 7.78434E+01 
1.39124E-02 8.01941E-02 1.53693E+00 6.58330E-02 6.58075E-02 6.85716E-02 7.92530E-02 1.53692E+00 8.01941E-02 1.39124E-02 -4.96729E-01 
1.39124E-02 8.01941E-02 1.53225E+00 8.80014E-02 8.79931E-02 9.10571E-02 1.02028E-01 1.53224E+00 8.01941E-02 1.39124E-02 3.92024E-02 
1.39124E-02 1.05244E-02 1.53149E+00 1.13802E-01 1.13812E-01 1.17187E-01 1.28453E-01 1.53147E+00 1.05244E-02 1.39124E-02 6.59372E-01 
1.39124E-02 3.79748E-02 1.53484E+00 1.43483E-01 1.43511E-01 1.47210E-01 1.58779E-01 1.53482E+00 3.79748E-02 1.39124E-02 1.36282E+00 
1.39124E-02 6.99838E-02 1.54266E+00 1.77719E-01 1.77766E-01 1.81803E-01 1.93684E-01 1.54265E+00 6.99838E-02 1.39124E-02 2.18877E+00 
1.39124E-02 1.06921E-01 1.55536E+00 2.16874E-01 2.16942E-01 2.21332E-01 2.33536E-01 1.55535E+00 1.06921E-01 1.39124E-02 3.15167E+00 
1.39124E-02 1.49182E-01 1.57336E+00 2.61342E-01 2.61431E-01 2.66191E-01 2.78728E-01 1.57334E+00 1.49182E-01 1.39124E-02 4.26640E+00 
1.39124E-02 1.85798E-01 1.59120E+00 2.99657E-01 2.99763E-01 3.04820E-01 3.17621E-01 1.59118E+00 1.85798E-01 1.39124E-02 5.24267E+00 
1.39124E-02 1.97183E-01 1.59710E+00 3.11537E-01 3.11648E-01 3.16794E-01 3.29673E-01 1.59708E+00 1.97183E-01 1.39124E-02 5.54801E+00 
1.39124E-02 2.55880E-01 1.62967E+00 3.72579E-01 3.72715E-01 3.78296E-01 3.91556E-01 1.62965E+00 2.55880E-01 1.39124E-02 7.13420E+00 
1.39124E-02 3.22347E-01 1.67007E+00 4.41368E-01 4.41530E-01 4.47566E-01 4.61219E-01 1.67005E+00 3.22347E-01 1.39124E-02 8.95047E+00 
1.39124E-02 3.97202E-01 1.71896E+00 5.18516E-01 5.18705E-01 5.25217E-01 5.39276E-01 1.71894E+00 3.97202E-01 1.39124E-02 1.10148E+01 
1.39124E-02 4.81082E-01 1.77700E+00 6.04660E-01 6.04878E-01 6.11887E-01 6.26364E-01 1.77698E+00 4.81082E-01 1.39124E-02 1.33442E+01 
8.04244E-02 5.72493E-01 1.84297E+00 6.98276E-01 6.98523E-01 7.06050E-01 7.20956E-01 1.84295E+00 5.72493E-01 8.04244E-02 1.58203E+01 
1.87426E-01 6.74287E-01 1.91938E+00 8.02248E-01 8.02528E-01 8.10598E-01 8.25948E-01 1.91935E+00 6.74287E-01 1.87426E-01 1.85500E+01 
3.06100E-01 7.87703E-01 2.00743E+00 9.17819E-01 9.18132E-01 9.26771E-01 9.42581E-01 2.00740E+00 7.87703E-01 3.06100E-01 2.15744E+01 
4.37198E-01 9.13498E-01 2.10791E+00 1.04574E+00 1.04609E+00 1.05532E+00 1.07161E+00 2.10788E+00 9.13498E-01 4.37198E-01 2.49060E+01 
5.81469E-01 1.05243E+00 2.22162E+00 1.18676E+00 1.18715E+00 1.19701E+00 1.21379E+00 2.22159E+00 1.05243E+00 5.81469E-01 2.85550E+01 
7.39651E-01 1.20523E+00 2.34934E+00 1.34162E+00 1.34205E+00 1.35256E+00 1.36985E+00 2.34931E+00 1.20523E+00 7.39651E-01 3.25287E+01 
9.12455E-01 1.37263E+00 2.49180E+00 1.51104E+00 1.51151E+00 1.52271E+00 1.54052E+00 2.49177E+00 1.37263E+00 9.12455E-01 3.68313E+01 
1.10056E+00 1.55531E+00 2.64973E+00 1.69569E+00 1.69620E+00 1.70811E+00 1.72647E+00 2.64969E+00 1.55531E+00 1.10056E+00 4.14636E+01 
1.30459E+00 1.75389E+00 2.82378E+00 1.89621E+00 1.89676E+00 1.90942E+00 1.92834E+00 2.82374E+00 1.75389E+00 1.30459E+00 4.64225E+01 
1.52513E+00 1.96896E+00 3.01454E+00 2.11316E+00 2.11376E+00 2.12719E+00 2.14669E+00 3.01450E+00 1.96896E+00 1.52513E+00 5.17016E+01 
1.76266E+00 2.20102E+00 3.22255E+00 2.34704E+00 2.34770E+00 2.36193E+00 2.38203E+00 3.22251E+00 2.20102E+00 1.76266E+00 5.72905E+01 
2.01760E+00 2.45048E+00 3.44824E+00 2.59827E+00 2.59898E+00 2.61406E+00 2.63477E+00 3.44820E+00 2.45048E+00 2.01760E+00 6.31751E+01 
2.29025E+00 2.71764E+00 3.69194E+00 2.86716E+00 2.86792E+00 2.88387E+00 2.90521E+00 3.69189E+00 2.71764E+00 2.29025E+00 6.93377E+01 
1.28511E-02 7.68406E-02 1.31541E+00 9.02058E-02 9.01761E-02 9.36609E-02 1.05731E-01 1.31540E+00 7.68406E-02 1.28511E-02 -4.31882E-01 
1.28511E-02 7.68406E-02 1.31376E+00 1.11485E-01 1.11475E-01 1.15315E-01 1.27704E-01 1.31375E+00 7.68406E-02 1.28511E-02 9.12658E-02 
1.28511E-02 1.01775E-02 1.31568E+00 1.36099E-01 1.36110E-01 1.40318E-01 1.53032E-01 1.31566E+00 1.01775E-02 1.28511E-02 6.92916E-01 
1.28511E-02 3.65704E-02 1.32136E+00 1.64265E-01 1.64298E-01 1.68888E-01 1.81934E-01 1.32134E+00 3.65704E-02 1.28511E-02 1.37125E+00 
1.28511E-02 6.71311E-02 1.33113E+00 1.96594E-01 1.96650E-01 2.01638E-01 2.15028E-01 1.33111E+00 6.71311E-02 1.28511E-02 2.16311E+00 
1.28511E-02 1.02182E-01 1.34534E+00 2.33403E-01 2.33483E-01 2.38888E-01 2.52631E-01 1.34532E+00 1.02182E-01 1.28511E-02 3.08085E+00 
1.28511E-02 1.42064E-01 1.36436E+00 2.75033E-01 2.75137E-01 2.80977E-01 2.95085E-01 1.36434E+00 1.42064E-01 1.28511E-02 4.13707E+00 
1.28511E-02 1.76467E-01 1.38262E+00 3.10778E-01 3.10902E-01 3.17090E-01 3.31488E-01 1.38260E+00 1.76467E-01 1.28511E-02 5.05731E+00 
1.28511E-02 1.87138E-01 1.38858E+00 3.21840E-01 3.21970E-01 3.28263E-01 3.42747E-01 1.38855E+00 1.87138E-01 1.28511E-02 5.34430E+00 
1.28511E-02 2.41991E-01 1.42097E+00 3.78542E-01 3.78701E-01 3.85503E-01 4.00405E-01 1.42094E+00 2.41991E-01 1.28511E-02 6.82938E+00 
1.28511E-02 3.03815E-01 1.46038E+00 4.42192E-01 4.42381E-01 4.49717E-01 4.65049E-01 1.46036E+00 3.03815E-01 1.28511E-02 8.51933E+00 
1.28511E-02 3.73130E-01 1.50737E+00 5.13308E-01 5.13529E-01 5.21420E-01 5.37197E-01 1.50735E+00 3.73130E-01 1.28511E-02 1.04283E+01 
1.28511E-02 4.50472E-01 1.56250E+00 5.92422E-01 5.92677E-01 6.01147E-01 6.17382E-01 1.56247E+00 4.50472E-01 1.28511E-02 1.25693E+01 
7.41686E-02 5.34623E-01 1.62477E+00 6.78293E-01 6.78583E-01 6.87656E-01 7.04360E-01 1.62474E+00 5.34623E-01 7.41686E-02 1.48278E+01 
1.72431E-01 6.27944E-01 1.69626E+00 7.73309E-01 7.73636E-01 7.83339E-01 8.00529E-01 1.69623E+00 6.27944E-01 1.72431E-01 1.73026E+01 
2.80922E-01 7.31445E-01 1.77795E+00 8.78481E-01 8.78848E-01 8.89210E-01 9.06903E-01 1.77792E+00 7.31445E-01 2.80922E-01 2.00292E+01 
4.00242E-01 8.45732E-01 1.87048E+00 9.94410E-01 9.94818E-01 1.00587E+00 1.02409E+00 1.87044E+00 8.45732E-01 4.00242E-01 2.30159E+01 
5.30980E-01 9.71398E-01 1.97446E+00 1.12169E+00 1.12214E+00 1.13391E+00 1.15267E+00 1.97442E+00 9.71398E-01 5.30980E-01 2.62688E+01 
6.73704E-01 1.10902E+00 2.09050E+00 1.26089E+00 1.26138E+00 1.27391E+00 1.29322E+00 2.09046E+00 1.10902E+00 6.73704E-01 2.97911E+01 
8.28953E-01 1.25913E+00 2.21917E+00 1.41254E+00 1.41309E+00 1.42640E+00 1.44629E+00 2.21913E+00 1.25913E+00 8.28953E-01 3.35834E+01 
9.97226E-01 1.42225E+00 2.36100E+00 1.57716E+00 1.57776E+00 1.59189E+00 1.61236E+00 2.36096E+00 1.42225E+00 9.97226E-01 3.76432E+01 
1.17897E+00 1.59882E+00 2.51647E+00 1.75518E+00 1.75583E+00 1.77082E+00 1.79191E+00 2.51642E+00 1.59882E+00 1.17897E+00 4.19646E+01 
1.37457E+00 1.78923E+00 2.68598E+00 1.94701E+00 1.94772E+00 1.96359E+00 1.98531E+00 2.68593E+00 1.78923E+00 1.37457E+00 4.65388E+01 
1.58435E+00 1.99381E+00 2.86987E+00 2.15295E+00 2.15371E+00 2.17050E+00 2.19288E+00 2.86982E+00 1.99381E+00 1.58435E+00 5.13538E+01 
1.80853E+00 2.21278E+00 3.06840E+00 2.37324E+00 2.37407E+00 2.39181E+00 2.41485E+00 3.06835E+00 2.21278E+00 1.80853E+00 5.63945E+01 
2.04727E+00 2.44630E+00 3.28173E+00 2.60803E+00 2.60892E+00 2.62765E+00 2.65138E+00 3.28168E+00 2.44630E+00 2.04727E+00 6.16428E+01 
1.18546E-02 7.35861E-02 1.12532E+00 1.10365E-01 1.10330E-01 1.14718E-01 1.28330E-01 1.12530E+00 7.35861E-02 1.18546E-02 -3.63313E-01 
1.18546E-02 7.35861E-02 1.12619E+00 1.30812E-01 1.30801E-01 1.35609E-01 1.49570E-01 1.12617E+00 7.35861E-02 1.18546E-02 1.48215E-01 
1.18546E-02 9.83598E-03 1.13031E+00 1.54313E-01 1.54326E-01 1.59568E-01 1.73885E-01 1.13030E+00 9.83598E-03 1.18546E-02 7.32462E-01 
1.18546E-02 3.51973E-02 1.13786E+00 1.81057E-01 1.81095E-01 1.86787E-01 2.01468E-01 1.13784E+00 3.51973E-02 1.18546E-02 1.38682E+00 
1.18546E-02 6.43586E-02 1.14914E+00 2.11593E-01 2.11658E-01 2.17819E-01 2.32876E-01 1.14912E+00 6.43586E-02 1.18546E-02 2.14590E+00 
1.18546E-02 9.75979E-02 1.16446E+00 2.46196E-01 2.46290E-01 2.52939E-01 2.68384E-01 1.16444E+00 9.75979E-02 1.18546E-02 3.02013E+00 
1.18546E-02 1.35210E-01 1.18413E+00 2.85161E-01 2.85283E-01 2.92442E-01 3.08287E-01 1.18411E+00 1.35210E-01 1.18546E-02 4.01999E+00 
1.18546E-02 1.67508E-01 1.20255E+00 3.18495E-01 3.18640E-01 3.26208E-01 3.42370E-01 1.20252E+00 1.67508E-01 1.18546E-02 4.88638E+00 
1.18546E-02 1.77502E-01 1.20849E+00 3.28790E-01 3.28943E-01 3.36632E-01 3.52888E-01 1.20846E+00 1.77502E-01 1.18546E-02 5.15575E+00 
1.18546E-02 2.28716E-01 1.24038E+00 3.81427E-01 3.81614E-01 3.89899E-01 4.06613E-01 1.24035E+00 2.28716E-01 1.18546E-02 6.54403E+00 
1.18546E-02 2.86162E-01 1.27855E+00 4.40274E-01 4.40497E-01 4.49403E-01 4.66588E-01 1.27853E+00 2.86162E-01 1.18546E-02 8.11359E+00 
1.18546E-02 3.50274E-01 1.32346E+00 5.05762E-01 5.06023E-01 5.15577E-01 5.33247E-01 1.32343E+00 3.50274E-01 1.18546E-02 9.87527E+00 
1.18546E-02 4.21495E-01 1.37557E+00 5.78333E-01 5.78633E-01 5.88861E-01 6.07032E-01 1.37554E+00 4.21495E-01 1.18546E-02 1.18386E+01 
6.83045E-02 4.98842E-01 1.43411E+00 6.56984E-01 6.57325E-01 6.68251E-01 6.86935E-01 1.43407E+00 4.98842E-01 6.83045E-02 1.38933E+01 
1.58407E-01 5.84251E-01 1.50074E+00 7.43671E-01 7.44056E-01 7.55711E-01 7.74925E-01 1.50070E+00 5.84251E-01 1.58407E-01 1.61309E+01 
2.57431E-01 6.78534E-01 1.57626E+00 8.39208E-01 8.39639E-01 8.52056E-01 8.71820E-01 1.57622E+00 6.78534E-01 2.57431E-01 1.85817E+01 
3.65844E-01 7.82164E-01 1.66116E+00 9.44065E-01 9.44545E-01 9.57757E-01 9.78090E-01 1.66112E+00 7.82164E-01 3.65844E-01 2.12507E+01 
4.84099E-01 8.95600E-01 1.75595E+00 1.05870E+00 1.05923E+00 1.07327E+00 1.09419E+00 1.75590E+00 8.95600E-01 4.84099E-01 2.41405E+01 
6.12624E-01 1.01927E+00 1.86106E+00 1.18353E+00 1.18412E+00 1.19903E+00 1.22055E+00 1.86101E+00 1.01927E+00 6.12624E-01 2.72514E+01 
7.51809E-01 1.15358E+00 1.97691E+00 1.31897E+00 1.31961E+00 1.33542E+00 1.35757E+00 1.97687E+00 1.15358E+00 7.51809E-01 3.05811E+01 
9.02005E-01 1.29887E+00 2.10389E+00 1.46535E+00 1.46605E+00 1.48280E+00 1.50559E+00 2.10384E+00 1.29887E+00 9.02005E-01 3.41246E+01 
1.06351E+00 1.45546E+00 2.24232E+00 1.62298E+00 1.62375E+00 1.64146E+00 1.66493E+00 2.24227E+00 1.45546E+00 1.06351E+00 3.78743E+01 
1.23657E+00 1.62358E+00 2.39246E+00 1.79211E+00 1.79294E+00 1.81167E+00 1.83582E+00 2.39240E+00 1.62358E+00 1.23657E+00 4.18199E+01 
1.42135E+00 1.80341E+00 2.55449E+00 1.97290E+00 1.97380E+00 1.99358E+00 2.01844E+00 2.55443E+00 1.80341E+00 1.42135E+00 4.59484E+01 
1.61794E+00 1.99505E+00 2.72854E+00 2.16546E+00 2.16643E+00 2.18729E+00 2.21288E+00 2.72848E+00 1.99505E+00 1.61794E+00 5.02445E+01 
1.82637E+00 2.19851E+00 2.91463E+00 2.36980E+00 2.37084E+00 2.39282E+00 2.41916E+00 2.91457E+00 2.19851E+00 1.82637E+00 5.46905E+01 
1.09193E-02 7.04199E-02 9.62190E-01 1.26936E-01 1.26896E-01 1.32412E-01 1.47727E-01 9.62170E-01 7.04199E-02 1.09193E-02 -2.90025E-01 
1.09193E-02 7.04199E-02 9.65151E-01 1.46598E-01 1.46586E-01 1.52597E-01 1.68294E-01 9.65130E-01 7.04199E-02 1.09193E-02 2.10705E-01 
1.09193E-02 9.49847E-03 9.71074E-01 1.69046E-01 1.69062E-01 1.75584E-01 1.91670E-01 9.71051E-01 9.49847E-03 1.09193E-02 7.78328E-01 
1.09193E-02 3.38509E-02 9.80100E-01 1.94444E-01 1.94490E-01 2.01540E-01 2.18025E-01 9.80075E-01 3.38509E-02 1.09193E-02 1.40954E+00 
1.09193E-02 6.16569E-02 9.92523E-01 2.23287E-01 2.23364E-01 2.30965E-01 2.47861E-01 9.92497E-01 6.16569E-02 1.09193E-02 2.13683E+00 
1.09193E-02 9.31548E-02 1.00860E+00 2.55810E-01 2.55920E-01 2.64094E-01 2.81413E-01 1.00858E+00 9.31548E-02 1.09193E-02 2.96886E+00 
1.09193E-02 1.28596E-01 1.02861E+00 2.92264E-01 2.92408E-01 3.01178E-01 3.18934E-01 1.02858E+00 1.28596E-01 1.09193E-02 3.91419E+00 
1.09193E-02 1.58890E-01 1.04696E+00 3.23331E-01 3.23503E-01 3.32749E-01 3.50852E-01 1.04693E+00 1.58890E-01 1.09193E-02 4.72863E+00 
1.09193E-02 1.68241E-01 1.05282E+00 3.32906E-01 3.33086E-01 3.42475E-01 3.60681E-01 1.05279E+00 1.68241E-01 1.09193E-02 4.98105E+00 
1.09193E-02 2.16008E-01 1.08396E+00 3.81729E-01 3.81950E-01 3.92033E-01 4.10738E-01 1.08393E+00 2.16008E-01 1.09193E-02 6.27646E+00 
1.09193E-02 2.69324E-01 1.12070E+00 4.36080E-01 4.36343E-01 4.47148E-01 4.66368E-01 1.12066E+00 2.69324E-01 1.09193E-02 7.73115E+00 
1.09193E-02 3.28548E-01 1.16340E+00 4.96314E-01 4.96621E-01 5.08178E-01 5.27929E-01 1.16336E+00 3.28548E-01 1.09193E-02 9.35306E+00 
1.09193E-02 3.94039E-01 1.21244E+00 5.62790E-01 5.63144E-01 5.75482E-01 5.95778E-01 1.21240E+00 3.94039E-01 1.09193E-02 1.11489E+01 
6.28088E-02 4.65012E-01 1.26722E+00 6.34707E-01 6.35110E-01 6.48254E-01 6.69109E-01 1.26718E+00 4.65012E-01 6.28088E-02 1.30129E+01 
1.45296E-01 5.43035E-01 1.32909E+00 7.13648E-01 7.14102E-01 7.28087E-01 7.49521E-01 1.32904E+00 5.43035E-01 1.45296E-01 1.50297E+01 
2.35521E-01 6.28750E-01 1.39865E+00 8.00257E-01 8.00766E-01 8.15628E-01 8.37661E-01 1.39861E+00 6.28750E-01 2.35521E-01 1.72253E+01 
3.33841E-01 7.22521E-01 1.47631E+00 8.94894E-01 8.95460E-01 9.11237E-01 9.33889E-01 1.47626E+00 7.22521E-01 3.33841E-01 1.96020E+01 
4.40594E-01 8.24687E-01 1.56242E+00 9.97897E-01 9.98523E-01 1.01525E+00 1.03854E+00 1.56237E+00 8.24687E-01 4.40594E-01 2.21596E+01 
5.56085E-01 9.35562E-01 1.65732E+00 1.10958E+00 1.11026E+00 1.12798E+00 1.15194E+00 1.65727E+00 9.35562E-01 5.56085E-01 2.48962E+01 
6.80587E-01 1.05542E+00 1.76130E+00 1.23020E+00 1.23096E+00 1.24971E+00 1.27434E+00 1.76124E+00 1.05542E+00 6.80587E-01 2.78074E+01 
8.14327E-01 1.18449E+00 1.87461E+00 1.36001E+00 1.36084E+00 1.38065E+00 1.40599E+00 1.87455E+00 1.18449E+00 8.14327E-01 3.08865E+01 
9.57485E-01 1.32297E+00 1.99745E+00 1.49918E+00 1.50008E+00 1.52100E+00 1.54706E+00 1.99739E+00 1.32297E+00 9.57485E-01 3.41248E+01 
1.11018E+00 1.47097E+00 2.12997E+00 1.64783E+00 1.64881E+00 1.67087E+00 1.69768E+00 2.12990E+00 1.47097E+00 1.11018E+00 3.75112E+01 
1.27248E+00 1.62855E+00 2.27223E+00 1.80603E+00 1.80709E+00 1.83034E+00 1.85791E+00 2.27217E+00 1.62855E+00 1.27248E+00 4.10325E+01 
1.44437E+00 1.79572E+00 2.42426E+00 1.97377E+00 1.97491E+00 1.99939E+00 2.02775E+00 2.42419E+00 1.79572E+00 1.44437E+00 4.46737E+01 
1.62577E+00 1.97239E+00 2.58597E+00 2.15097E+00 2.15220E+00 2.17794E+00 2.20712E+00 2.58590E+00 1.97239E+00 1.62577E+00 4.84180E+01 
1.00283E-02 6.72852E-02 8.20206E-01 1.40643E-01 1.40596E-01 1.47544E-01 1.64762E-01 8.20181E-01 6.72852E-02 1.00283E-02 -2.09782E-01 
1.00283E-02 6.72852E-02 8.24908E-01 1.59543E-01 1.59529E-01 1.67060E-01 1.84697E-01 8.24882E-01 6.72852E-02 1.00283E-02 2.80486E-01 
1.00283E-02 9.15875E-03 8.32291E-01 1.80972E-01 1.80992E-01 1.89124E-01 2.07186E-01 8.32263E-01 9.15875E-03 1.00283E-02 8.31696E-01 
1.00283E-02 3.25067E-02 8.42477E-01 2.05071E-01 2.05127E-01 2.13879E-01 2.32377E-01 8.42448E-01 3.25067E-02 1.00283E-02 1.43992E+00 
1.00283E-02 5.89774E-02 8.55737E-01 2.32283E-01 2.32376E-01 2.41773E-01 2.60720E-01 8.55706E-01 5.89774E-02 1.00283E-02 2.13563E+00 
1.00283E-02 8.87729E-02 8.72292E-01 2.62807E-01 2.62939E-01 2.73006E-01 2.92416E-01 8.72258E-01 8.87729E-02 1.00283E-02 2.92585E+00 
1.00283E-02 1.22105E-01 8.92367E-01 2.96854E-01 2.97026E-01 3.07790E-01 3.27677E-01 8.92332E-01 1.22105E-01 1.00283E-02 3.81739E+00 
1.00283E-02 1.50461E-01 9.10464E-01 3.25752E-01 3.25957E-01 3.37277E-01 3.57543E-01 9.10427E-01 1.50461E-01 1.00283E-02 4.58081E+00 
1.00283E-02 1.59192E-01 9.16196E-01 3.34639E-01 3.34854E-01 3.46340E-01 3.66718E-01 9.16159E-01 1.59192E-01 1.00283E-02 4.81661E+00 
1.00283E-02 2.03642E-01 9.46369E-01 3.79825E-01 3.80087E-01 3.92381E-01 4.13304E-01 9.46330E-01 2.03642E-01 1.00283E-02 6.02140E+00 
1.00283E-02 2.53002E-01 9.81486E-01 4.29897E-01 4.30210E-01 4.43344E-01 4.64829E-01 9.81444E-01 2.53002E-01 1.00283E-02 7.36468E+00 
1.00283E-02 3.07562E-01 1.02185E+00 4.85146E-01 4.85512E-01 4.99516E-01 5.21580E-01 1.02181E+00 3.07562E-01 1.00283E-02 8.85192E+00 
1.00283E-02 3.67609E-01 1.06777E+00 5.45857E-01 5.46278E-01 5.61186E-01 5.83846E-01 1.06773E+00 3.67609E-01 1.00283E-02 1.04873E+01 
5.75825E-02 4.32520E-01 1.11877E+00 6.11396E-01 6.11874E-01 6.27713E-01 6.50983E-01 1.11873E+00 4.32520E-01 5.75825E-02 1.21703E+01 
1.32858E-01 5.03548E-01 1.17592E+00 6.83025E-01 6.83565E-01 7.00372E-01 7.24272E-01 1.17587E+00 5.03548E-01 1.32858E-01 1.39788E+01 
2.14789E-01 5.81188E-01 1.23969E+00 7.61241E-01 7.61845E-01 7.79660E-01 8.04213E-01 1.23963E+00 5.81188E-01 2.14789E-01 1.59351E+01 
3.03638E-01 6.65706E-01 1.31036E+00 8.46307E-01 8.46978E-01 8.65843E-01 8.91069E-01 1.31030E+00 6.65706E-01 3.03638E-01 1.80392E+01 
3.99641E-01 7.57344E-01 1.38820E+00 9.38463E-01 9.39205E-01 9.59159E-01 9.85083E-01 1.38815E+00 7.57344E-01 3.99641E-01 2.02889E+01 
5.03007E-01 8.56314E-01 1.47345E+00 1.03792E+00 1.03874E+00 1.05982E+00 1.08646E+00 1.47338E+00 8.56314E-01 5.03007E-01 2.26806E+01 
6.13905E-01 9.62790E-01 1.56628E+00 1.14485E+00 1.14574E+00 1.16800E+00 1.19538E+00 1.56621E+00 9.62790E-01 6.13905E-01 2.52084E+01 
7.32464E-01 1.07691E+00 1.66685E+00 1.25938E+00 1.26036E+00 1.28383E+00 1.31198E+00 1.66678E+00 1.07691E+00 7.32464E-01 2.78648E+01 
8.58768E-01 1.19875E+00 1.77526E+00 1.38160E+00 1.38266E+00 1.40739E+00 1.43633E+00 1.77519E+00 1.19875E+00 8.58768E-01 3.06402E+01 
9.92846E-01 1.32835E+00 1.89155E+00 1.51154E+00 1.51270E+00 1.53872E+00 1.56847E+00 1.89148E+00 1.32835E+00 9.92846E-01 3.35234E+01 
1.13467E+00 1.46568E+00 2.01572E+00 1.64918E+00 1.65043E+00 1.67779E+00 1.70837E+00 2.01565E+00 1.46568E+00 1.13467E+00 3.65016E+01 
1.28415E+00 1.61067E+00 2.14770E+00 1.79443E+00 1.79577E+00 1.82452E+00 1.85595E+00 2.14762E+00 1.61067E+00 1.28415E+00 3.95605E+01 
1.44115E+00 1.76316E+00 2.28733E+00 1.94714E+00 1.94859E+00 1.97875E+00 2.01107E+00 2.28725E+00 1.76316E+00 1.44115E+00 4.26846E+01 
9.20588E-03 6.42705E-02 7.00433E-01 1.51526E-01 1.51471E-01 1.60174E-01 1.79446E-01 7.00403E-01 6.42705E-02 9.20588E-03 -1.24149E-01 
9.20588E-03 6.42705E-02 7.06524E-01 1.69701E-01 1.69686E-01 1.79072E-01 1.98800E-01 7.06492E-01 6.42705E-02 9.20588E-03 3.55987E-01 
9.20588E-03 8.82641E-03 7.15036E-01 1.90166E-01 1.90191E-01 2.00281E-01 2.20472E-01 7.15003E-01 8.82641E-03 9.20588E-03 8.91191E-01 
9.20588E-03 3.12028E-02 7.26075E-01 2.13044E-01 2.13111E-01 2.23924E-01 2.44590E-01 7.26039E-01 3.12028E-02 9.20588E-03 1.47701E+00 
9.20588E-03 5.63959E-02 7.39889E-01 2.38726E-01 2.38837E-01 2.50402E-01 2.71557E-01 7.39851E-01 5.63959E-02 9.20588E-03 2.14206E+00 
9.20588E-03 8.45758E-02 7.56662E-01 2.67381E-01 2.67539E-01 2.79883E-01 3.01543E-01 7.56622E-01 8.45758E-02 9.20588E-03 2.89188E+00 
9.20588E-03 1.15919E-01 7.76585E-01 2.99185E-01 2.99391E-01 3.12543E-01 3.34722E-01 7.76543E-01 1.15919E-01 9.20588E-03 3.73175E+00 
9.20588E-03 1.42456E-01 7.94285E-01 3.26067E-01 3.26312E-01 3.40109E-01 3.62701E-01 7.94241E-01 1.42456E-01 9.20588E-03 4.44645E+00 
9.20588E-03 1.50606E-01 7.99851E-01 3.34316E-01 3.34572E-01 3.48561E-01 3.71275E-01 7.99807E-01 1.50606E-01 9.20588E-03 4.66644E+00 
9.20588E-03 1.91962E-01 8.28906E-01 3.76131E-01 3.76444E-01 3.91369E-01 4.14676E-01 8.28859E-01 1.91962E-01 9.20588E-03 5.78535E+00 
9.20588E-03 2.37647E-01 8.62320E-01 4.22253E-01 4.22626E-01 4.38520E-01 4.62439E-01 8.62270E-01 2.37647E-01 9.20588E-03 7.02380E+00 
9.20588E-03 2.87893E-01 9.00337E-01 4.72912E-01 4.73348E-01 4.90246E-01 5.14795E-01 9.00285E-01 2.87893E-01 9.20588E-03 8.38521E+00 
9.20588E-03 3.42924E-01 9.43197E-01 5.28333E-01 5.28834E-01 5.46771E-01 5.71969E-01 9.43142E-01 3.42924E-01 9.20588E-03 9.87176E+00 
5.27668E-02 4.02252E-01 9.90539E-01 5.88016E-01 5.88586E-01 6.07589E-01 6.33450E-01 9.90481E-01 4.02252E-01 5.27668E-02 1.13883E+01 
1.21427E-01 4.66862E-01 1.04319E+00 6.52954E-01 6.53596E-01 6.73708E-01 7.00255E-01 1.04313E+00 4.66862E-01 1.21427E-01 1.30065E+01 
1.95786E-01 5.37128E-01 1.10150E+00 7.23523E-01 7.24241E-01 7.45504E-01 7.72759E-01 1.10143E+00 5.37128E-01 1.95786E-01 1.47455E+01 
2.76026E-01 6.13238E-01 1.16568E+00 7.99906E-01 8.00703E-01 8.23162E-01 8.51150E-01 1.16561E+00 6.13238E-01 2.76026E-01 1.66036E+01 
3.62304E-01 6.95352E-01 1.23590E+00 8.82263E-01 8.83144E-01 9.06841E-01 9.35587E-01 1.23583E+00 6.95352E-01 3.62304E-01 1.85773E+01 
4.54746E-01 7.83601E-01 1.31232E+00 9.70723E-01 9.71692E-01 9.96673E-01 1.02620E+00 1.31225E+00 7.83601E-01 4.54746E-01 2.06616E+01 
5.53445E-01 8.78080E-01 1.39504E+00 1.06538E+00 1.06644E+00 1.09275E+00 1.12308E+00 1.39496E+00 8.78080E-01 5.53445E-01 2.28500E+01 
6.58451E-01 9.78845E-01 1.48413E+00 1.16629E+00 1.16744E+00 1.19512E+00 1.22628E+00 1.48405E+00 9.78845E-01 6.58451E-01 2.51342E+01 
7.69772E-01 1.08591E+00 1.57962E+00 1.27346E+00 1.27471E+00 1.30381E+00 1.33582E+00 1.57953E+00 1.08591E+00 7.69772E-01 2.75048E+01 
8.87372E-01 1.19923E+00 1.68148E+00 1.38685E+00 1.38821E+00 1.41877E+00 1.45166E+00 1.68139E+00 1.19923E+00 8.87372E-01 2.99506E+01 
1.01116E+00 1.31874E+00 1.78963E+00 1.50638E+00 1.50786E+00 1.53991E+00 1.57371E+00 1.78954E+00 1.31874E+00 1.01116E+00 3.24596E+01 
1.14099E+00 1.44428E+00 1.90395E+00 1.63192E+00 1.63350E+00 1.66710E+00 1.70183E+00 1.90386E+00 1.44428E+00 1.14099E+00 3.50186E+01 
1.27668E+00 1.57567E+00 2.02426E+00 1.76325E+00 1.76496E+00 1.80015E+00 1.83582E+00 2.02416E+00 1.57567E+00 1.27668E+00 3.76136E+01 
8.43447E-03 6.13180E-02 5.97657E-01 1.60210E-01 1.60147E-01 1.71026E-01 1.92535E-01 5.97621E-01 6.13180E-02 8.43447E-03 -3.10853E-02 
8.43447E-03 6.13180E-02 6.04856E-01 1.77678E-01 1.77662E-01 1.89340E-01 2.11344E-01 6.04817E-01 6.13180E-02 8.43447E-03 4.38764E-01 
8.43447E-03 8.49524E-03 6.14234E-01 1.97211E-01 1.97243E-01 2.09740E-01 2.32249E-01 6.14193E-01 8.49524E-03 8.43447E-03 9.57808E-01 
8.43447E-03 2.99143E-02 6.25880E-01 2.18913E-01 2.18995E-01 2.32333E-01 2.55359E-01 6.25836E-01 2.99143E-02 8.43447E-03 1.52117E+00 
8.43447E-03 5.38630E-02 6.40019E-01 2.43130E-01 2.43265E-01 2.57475E-01 2.81033E-01 6.39973E-01 5.38630E-02 8.43447E-03 2.15569E+00 
8.43447E-03 8.04822E-02 6.56804E-01 2.70003E-01 2.70194E-01 2.85306E-01 3.09413E-01 6.56756E-01 8.04822E-02 8.43447E-03 2.86562E+00 
8.43447E-03 1.09917E-01 6.76394E-01 2.99676E-01 2.99924E-01 3.15971E-01 3.40643E-01 6.76343E-01 1.09917E-01 8.43447E-03 3.65486E+00 
8.43447E-03 1.34718E-01 6.93575E-01 3.24649E-01 3.24943E-01 3.41735E-01 3.66856E-01 6.93522E-01 1.34718E-01 8.43447E-03 4.32214E+00 
8.43447E-03 1.42314E-01 6.98944E-01 3.32293E-01 3.32602E-01 3.49615E-01 3.74869E-01 6.98890E-01 1.42314E-01 8.43447E-03 4.52681E+00 
8.43447E-03 1.80732E-01 7.26757E-01 3.70929E-01 3.71306E-01 3.89395E-01 4.15295E-01 7.26700E-01 1.80732E-01 8.43447E-03 5.56286E+00 
8.43447E-03 2.22946E-01 7.58390E-01 4.13338E-01 4.13786E-01 4.32989E-01 4.59555E-01 7.58330E-01 2.22946E-01 8.43447E-03 6.70098E+00 
8.43447E-03 2.69135E-01 7.94034E-01 4.59698E-01 4.60220E-01 4.80576E-01 5.07827E-01 7.93972E-01 2.69135E-01 8.43447E-03 7.94286E+00 
8.43447E-03 3.19470E-01 8.33874E-01 5.10179E-01 5.10780E-01 5.32325E-01 5.60281E-01 8.33809E-01 3.19470E-01 8.43447E-03 9.28909E+00 
4.82578E-02 3.73570E-01 8.77639E-01 5.64394E-01 5.65076E-01 5.87840E-01 6.16516E-01 8.77570E-01 3.73570E-01 4.82578E-02 1.06500E+01 
1.10752E-01 4.32197E-01 9.25950E-01 6.23109E-01 6.23876E-01 6.47902E-01 6.77323E-01 9.25878E-01 4.32197E-01 1.10752E-01 1.20917E+01 
1.78088E-01 4.95624E-01 9.79067E-01 6.86596E-01 6.87452E-01 7.12787E-01 7.42978E-01 9.78992E-01 4.95624E-01 1.78088E-01 1.36305E+01 
2.50380E-01 5.63972E-01 1.03713E+00 7.54974E-01 7.55924E-01 7.82614E-01 8.13602E-01 1.03705E+00 5.63972E-01 2.50380E-01 1.52634E+01 
3.27722E-01 6.37336E-01 1.10024E+00 8.28336E-01 8.29386E-01 8.57478E-01 8.89287E-01 1.10015E+00 6.37336E-01 3.27722E-01 1.69859E+01 
4.10174E-01 7.15781E-01 1.16848E+00 9.06749E-01 9.07901E-01 9.37442E-01 9.70099E-01 1.16839E+00 7.15781E-01 4.10174E-01 1.87925E+01 
4.97764E-01 7.99341E-01 1.24190E+00 9.90241E-01 9.91502E-01 1.02254E+00 1.05607E+00 1.24181E+00 7.99341E-01 4.97764E-01 2.06760E+01 
5.90486E-01 8.88010E-01 1.32049E+00 1.07881E+00 1.08018E+00 1.11276E+00 1.14719E+00 1.32040E+00 8.88010E-01 5.90486E-01 2.26282E+01 
6.88291E-01 9.81745E-01 1.40424E+00 1.17240E+00 1.17390E+00 1.20806E+00 1.24341E+00 1.40415E+00 9.81745E-01 6.88291E-01 2.46398E+01 
7.91091E-01 1.08046E+00 1.49307E+00 1.27095E+00 1.27256E+00 1.30835E+00 1.34466E+00 1.49297E+00 1.08046E+00 7.91091E-01 2.67004E+01 
8.98754E-01 1.18403E+00 1.58685E+00 1.37430E+00 1.37604E+00 1.41351E+00 1.45080E+00 1.58674E+00 1.18403E+00 8.98754E-01 2.87988E+01 
1.01110E+00 1.29228E+00 1.68541E+00 1.48229E+00 1.48417E+00 1.52336E+00 1.56165E+00 1.68530E+00 1.29228E+00 1.01110E+00 3.09231E+01 
1.12791E+00 1.40498E+00 1.78856E+00 1.59470E+00 1.59672E+00 1.63767E+00 1.67699E+00 1.78844E+00 1.40498E+00 1.12791E+00 3.30608E+01 
7.71117E-03 5.84200E-02 5.09471E-01 1.67025E-01 1.66953E-01 1.80521E-01 2.04455E-01 5.09426E-01 5.84200E-02 7.71117E-03 7.01083E-02 
7.71117E-03 5.84200E-02 5.17534E-01 1.83796E-01 1.83781E-01 1.98277E-01 2.22749E-01 5.17486E-01 5.84200E-02 7.71117E-03 5.29197E-01 
7.71117E-03 8.16444E-03 5.27548E-01 2.02420E-01 2.02463E-01 2.17908E-01 2.42930E-01 5.27498E-01 8.16444E-03 7.71117E-03 1.03164E+00 
7.71117E-03 2.86383E-02 5.39589E-01 2.22983E-01 2.23087E-01 2.39506E-01 2.65089E-01 5.39537E-01 2.86383E-02 7.71117E-03 1.57222E+00 
7.71117E-03 5.13723E-02 5.53859E-01 2.45792E-01 2.45958E-01 2.63385E-01 2.89547E-01 5.53804E-01 5.13723E-02 7.71117E-03 2.17612E+00 
7.71117E-03 7.64812E-02 5.70484E-01 2.70959E-01 2.71192E-01 2.89659E-01 3.16418E-01 5.70425E-01 7.64812E-02 7.71117E-03 2.84643E+00 
7.71117E-03 1.04083E-01 5.89589E-01 2.98601E-01 2.98903E-01 3.18445E-01 3.45819E-01 5.89528E-01 1.04083E-01 7.71117E-03 3.58589E+00 
7.71117E-03 1.27223E-01 6.06155E-01 3.21760E-01 3.22118E-01 3.42516E-01 3.70378E-01 6.06091E-01 1.27223E-01 7.71117E-03 4.20690E+00 
7.71117E-03 1.34292E-01 6.11302E-01 3.28833E-01 3.29207E-01 3.49859E-01 3.77866E-01 6.11238E-01 1.34292E-01 7.71117E-03 4.39667E+00 
7.71117E-03 1.69919E-01 6.37777E-01 3.64463E-01 3.64919E-01 3.86805E-01 4.15514E-01 6.37709E-01 1.69919E-01 7.71117E-03 5.35267E+00 
7.71117E-03 2.08851E-01 6.67578E-01 4.03375E-01 4.03916E-01 4.27077E-01 4.56510E-01 6.67507E-01 2.08851E-01 7.71117E-03 6.39469E+00 
7.71117E-03 2.51224E-01 7.00851E-01 4.45702E-01 4.46333E-01 4.70809E-01 5.00987E-01 7.00777E-01 2.51224E-01 7.71117E-03 7.52305E+00 
7.71117E-03 2.97162E-01 7.37731E-01 4.91570E-01 4.92294E-01 5.18125E-01 5.49069E-01 7.37653E-01 2.97162E-01 7.71117E-03 8.73706E+00 
4.40378E-02 3.46369E-01 7.78017E-01 5.40677E-01 5.41498E-01 5.68712E-01 6.00440E-01 7.77936E-01 3.46369E-01 4.40378E-02 9.95283E+00 
1.00789E-01 3.99422E-01 8.22166E-01 5.93602E-01 5.94524E-01 6.23169E-01 6.55705E-01 8.22081E-01 3.99422E-01 1.00789E-01 1.12310E+01 
1.61616E-01 4.56510E-01 8.70356E-01 6.50533E-01 6.51561E-01 6.81685E-01 7.15058E-01 8.70267E-01 4.56510E-01 1.61616E-01 1.25855E+01 
2.26579E-01 5.17701E-01 9.22665E-01 7.11535E-01 7.12674E-01 7.44327E-01 7.78563E-01 9.22573E-01 5.17701E-01 2.26579E-01 1.40125E+01 
2.95719E-01 5.83035E-01 9.79149E-01 7.76649E-01 7.77905E-01 8.11135E-01 8.46263E-01 9.79053E-01 5.83035E-01 2.95719E-01 1.55072E+01 
3.69045E-01 6.52529E-01 1.03983E+00 8.45889E-01 8.47266E-01 8.82123E-01 9.18171E-01 1.03973E+00 6.52529E-01 3.69045E-01 1.70633E+01 
4.46538E-01 7.26165E-01 1.10472E+00 9.19236E-01 9.20742E-01 9.57272E-01 9.94267E-01 1.10461E+00 7.26165E-01 4.46538E-01 1.86739E+01 
5.28145E-01 8.03896E-01 1.17375E+00 9.96643E-01 9.98281E-01 1.03653E+00 1.07450E+00 1.17364E+00 8.03896E-01 5.28145E-01 2.03309E+01 
6.13778E-01 8.85635E-01 1.24687E+00 1.07802E+00 1.07980E+00 1.11982E+00 1.15879E+00 1.24676E+00 8.85635E-01 6.13778E-01 2.20255E+01 
7.03316E-01 9.71266E-01 1.32396E+00 1.16325E+00 1.16517E+00 1.20701E+00 1.24701E+00 1.32384E+00 9.71266E-01 7.03316E-01 2.37481E+01 
7.96597E-01 1.06063E+00 1.40487E+00 1.25218E+00 1.25425E+00 1.29794E+00 1.33900E+00 1.40475E+00 1.06063E+00 7.96597E-01 2.54887E+01 
8.93424E-01 1.15353E+00 1.48942E+00 1.34461E+00 1.34683E+00 1.39242E+00 1.43457E+00 1.48929E+00 1.15353E+00 8.93424E-01 2.72366E+01 
9.93564E-01 1.24974E+00 1.57737E+00 1.44030E+00 1.44269E+00 1.49022E+00 1.53348E+00 1.57724E+00 1.24974E+00 9.93564E-01 2.89813E+01 
7.03323E-03 5.55687E-02 4.33802E-01 1.72247E-01 1.72168E-01 1.89045E-01 2.15593E-01 4.33747E-01 5.55687E-02 7.03323E-03 1.79947E-01 
7.03323E-03 5.55687E-02 4.42516E-01 1.88326E-01 1.88315E-01 2.06265E-01 2.33399E-01 4.42458E-01 5.55687E-02 7.03323E-03 6.27486E-01 
7.03323E-03 7.83316E-03 4.52968E-01 2.06056E-01 2.06116E-01 2.25161E-01 2.52893E-01 4.52908E-01 7.83316E-03 7.03323E-03 1.11259E+00 
7.03323E-03 2.73713E-02 4.65224E-01 2.25512E-01 2.25644E-01 2.45810E-01 2.74153E-01 4.65160E-01 2.73713E-02 7.03323E-03 1.62982E+00 
7.03323E-03 4.89171E-02 4.79459E-01 2.46958E-01 2.47167E-01 2.68490E-01 2.97463E-01 4.79392E-01 4.89171E-02 7.03323E-03 2.20278E+00 
7.03323E-03 7.25618E-02 4.95775E-01 2.70485E-01 2.70774E-01 2.93291E-01 3.22913E-01 4.95705E-01 7.25618E-02 7.03323E-03 2.83356E+00 
7.03323E-03 9.83982E-02 5.14273E-01 2.96185E-01 2.96558E-01 3.20306E-01 3.50596E-01 5.14200E-01 9.83982E-02 7.03323E-03 3.52388E+00 
7.03323E-03 1.19950E-01 5.30145E-01 3.17619E-01 3.18058E-01 3.42783E-01 3.73605E-01 5.30069E-01 1.19950E-01 7.03323E-03 4.09964E+00 
7.03323E-03 1.26515E-01 5.35051E-01 3.24147E-01 3.24607E-01 3.49622E-01 3.80601E-01 5.34974E-01 1.26515E-01 7.03323E-03 4.27491E+00 
7.03323E-03 1.59488E-01 5.60117E-01 3.56930E-01 3.57487E-01 3.83910E-01 4.15653E-01 5.60037E-01 1.59488E-01 7.03323E-03 5.15346E+00 
7.03323E-03 1.95317E-01 5.88058E-01 3.92543E-01 3.93203E-01 4.21076E-01 4.53606E-01 5.87974E-01 1.95317E-01 7.03323E-03 6.10340E+00 
7.03323E-03 2.34098E-01 6.18978E-01 4.31085E-01 4.31852E-01 4.61217E-01 4.94557E-01 6.18890E-01 2.34098E-01 7.03323E-03 7.12395E+00 
7.03323E-03 2.75918E-01 6.52972E-01 4.72638E-01 4.73516E-01 5.04415E-01 5.38589E-01 6.52879E-01 2.75918E-01 7.03323E-03 8.21346E+00 
4.00901E-02 3.20547E-01 6.89894E-01 5.16972E-01 5.17966E-01 5.50428E-01 5.85452E-01 6.89798E-01 3.20547E-01 4.00901E-02 9.29386E+00 
9.14958E-02 3.68410E-01 7.30065E-01 5.64511E-01 5.65626E-01 5.99698E-01 6.35601E-01 7.29964E-01 3.68410E-01 9.14958E-02 1.04207E+01 
1.46294E-01 4.19629E-01 7.73594E-01 6.15374E-01 6.16615E-01 6.52349E-01 6.89161E-01 7.73490E-01 4.19629E-01 1.46294E-01 1.16060E+01 
2.04505E-01 4.74226E-01 8.20518E-01 6.69583E-01 6.70955E-01 7.08404E-01 7.46153E-01 8.20409E-01 4.74226E-01 2.04505E-01 1.28454E+01 
2.66126E-01 5.32202E-01 8.70847E-01 7.27137E-01 7.28648E-01 7.67861E-01 8.06578E-01 8.70734E-01 5.32202E-01 2.66126E-01 1.41338E+01 
3.31129E-01 5.93534E-01 9.24568E-01 7.88013E-01 7.89668E-01 8.30694E-01 8.70409E-01 9.24450E-01 5.93534E-01 3.31129E-01 1.54649E+01 
3.99458E-01 6.58168E-01 9.81636E-01 8.52155E-01 8.53960E-01 8.96849E-01 9.37591E-01 9.81514E-01 6.58168E-01 3.99458E-01 1.68320E+01 
4.71027E-01 7.26024E-01 1.04198E+00 9.19483E-01 9.21444E-01 9.66243E-01 1.00804E+00 1.04185E+00 7.26024E-01 4.71027E-01 1.82274E+01 
5.45723E-01 7.96990E-01 1.10550E+00 9.89885E-01 9.92008E-01 1.03876E+00 1.08165E+00 1.10537E+00 7.96990E-01 5.45723E-01 1.96431E+01 
6.23402E-01 8.70927E-01 1.17205E+00 1.06322E+00 1.06551E+00 1.11426E+00 1.15826E+00 1.17192E+00 8.70927E-01 6.23402E-01 2.10705E+01 
7.03887E-01 9.47659E-01 1.24148E+00 1.13931E+00 1.14177E+00 1.19257E+00 1.23772E+00 1.24134E+00 9.47659E-01 7.03887E-01 2.25006E+01 
7.86974E-01 1.02699E+00 1.31359E+00 1.21796E+00 1.22060E+00 1.27348E+00 1.31980E+00 1.31344E+00 1.02699E+00 7.86974E-01 2.39245E+01 
8.72429E-01 1.10868E+00 1.38815E+00 1.29893E+00 1.30176E+00 1.35677E+00 1.40429E+00 1.38800E+00 1.10868E+00 8.72429E-01 2.53330E+01 
6.39707E-03 5.27516E-02 3.68780E-01 1.76114E-01 1.76031E-01 1.96967E-01 2.26327E-01 3.68714E-01 5.27516E-02 6.39707E-03 2.98869E-01 
6.39707E-03 5.27516E-02 3.77959E-01 1.91496E-01 1.91497E-01 2.13666E-01 2.43664E-01 3.77889E-01 5.27516E-02 6.39707E-03 7.33740E-01 
6.39707E-03 7.49996E-03 3.88679E-01 2.08341E-01 2.08428E-01 2.31854E-01 2.62502E-01 3.88605E-01 7.49996E-03 6.39707E-03 1.20049E+00 
6.39707E-03 2.61078E-02 4.00991E-01 2.26710E-01 2.26885E-01 2.51594E-01 2.82907E-01 4.00914E-01 2.61078E-02 6.39707E-03 1.69352E+00 
6.39707E-03 4.64865E-02 4.15049E-01 2.46830E-01 2.47098E-01 2.73130E-01 3.05129E-01 4.14968E-01 4.64865E-02 6.39707E-03 2.23497E+00 
6.39707E-03 6.87066E-02 4.30933E-01 2.68773E-01 2.69138E-01 2.96530E-01 3.29236E-01 4.30848E-01 6.87066E-02 6.39707E-03 2.82607E+00 
6.39707E-03 9.28387E-02 4.48720E-01 2.92607E-01 2.93073E-01 3.21866E-01 3.55300E-01 4.48632E-01 9.28387E-02 6.39707E-03 3.46767E+00 
6.39707E-03 1.12865E-01 4.63836E-01 3.12389E-01 3.12936E-01 3.42839E-01 3.76851E-01 4.63745E-01 1.12865E-01 6.39707E-03 3.99902E+00 
6.39707E-03 1.18949E-01 4.68484E-01 3.18398E-01 3.18970E-01 3.49202E-01 3.83385E-01 4.68392E-01 1.18949E-01 6.39707E-03 4.16013E+00 
6.39707E-03 1.49391E-01 4.92090E-01 3.48472E-01 3.49162E-01 3.80989E-01 4.16004E-01 4.91994E-01 1.49391E-01 6.39707E-03 4.96358E+00 
6.39707E-03 1.82277E-01 5.18156E-01 3.80965E-01 3.81778E-01 4.15245E-01 4.51117E-01 5.18056E-01 1.82277E-01 6.39707E-03 5.82512E+00 
6.39707E-03 2.17672E-01 5.46753E-01 4.15940E-01 4.16881E-01 4.52031E-01 4.88785E-01 5.46649E-01 2.17672E-01 6.39707E-03 6.74318E+00 
6.39707E-03 2.55628E-01 5.77942E-01 4.53448E-01 4.54524E-01 4.91400E-01 5.29061E-01 5.77833E-01 2.55628E-01 6.39707E-03 7.71540E+00 
3.63931E-02 2.95970E-01 6.11620E-01 4.93315E-01 4.94528E-01 5.33157E-01 5.71744E-01 6.11506E-01 2.95970E-01 3.63931E-02 8.66957E+00 
8.28183E-02 3.38998E-01 6.47996E-01 5.35836E-01 5.37194E-01 5.77625E-01 6.17167E-01 6.47877E-01 3.38998E-01 8.28183E-02 9.65648E+00 
1.32032E-01 3.84778E-01 6.87127E-01 5.81076E-01 5.82584E-01 6.24870E-01 6.65400E-01 6.87004E-01 3.84778E-01 1.32032E-01 1.06865E+01 
1.84020E-01 4.33299E-01 7.29013E-01 6.29024E-01 6.30689E-01 6.74883E-01 7.16431E-01 7.28885E-01 4.33299E-01 1.84020E-01 1.17551E+01 
2.38748E-01 4.84533E-01 7.73633E-01 6.79648E-01 6.81476E-01 7.27629E-01 7.70229E-01 7.73501E-01 4.84533E-01 2.38748E-01 1.28570E+01 
2.96161E-01 5.38424E-01 8.20943E-01 7.32894E-01 7.34893E-01 7.83054E-01 8.26736E-01 8.20806E-01 5.38424E-01 2.96161E-01 1.39863E+01 
3.56175E-01 5.94896E-01 8.70872E-01 7.88684E-01 7.90859E-01 8.41076E-01 8.85874E-01 8.70730E-01 5.94896E-01 3.56175E-01 1.51366E+01 
4.18685E-01 6.53845E-01 9.23326E-01 8.46914E-01 8.49273E-01 9.01593E-01 9.47536E-01 9.23179E-01 6.53845E-01 4.18685E-01 1.63010E+01 
4.83560E-01 7.15145E-01 9.78184E-01 9.07456E-01 9.10005E-01 9.64472E-01 1.01159E+00 9.78032E-01 7.15145E-01 4.83560E-01 1.74720E+01 
5.50646E-01 7.78643E-01 1.03530E+00 9.70158E-01 9.72903E-01 1.02956E+00 1.07789E+00 1.03514E+00 7.78643E-01 5.50646E-01 1.86424E+01 
6.19761E-01 8.44162E-01 1.09450E+00 1.03484E+00 1.03779E+00 1.09668E+00 1.14625E+00 1.09434E+00 8.44162E-01 6.19761E-01 1.98043E+01 
6.90703E-01 9.11500E-01 1.15560E+00 1.10131E+00 1.10446E+00 1.16562E+00 1.21646E+00 1.15543E+00 9.11500E-01 6.90703E-01 2.09503E+01 
7.63244E-01 9.80437E-01 1.21837E+00 1.16933E+00 1.17270E+00 1.23616E+00 1.28830E+00 1.21820E+00 9.80437E-01 7.63244E-01 2.20727E+01 
5.80156E-03 4.99653E-02 3.13022E-01 1.78808E-01 1.78730E-01 2.04608E-01 2.36972E-01 3.12940E-01 4.99653E-02 5.80156E-03 4.26539E-01 
5.80156E-03 4.99653E-02 3.22502E-01 1.93485E-01 1.93510E-01 2.20797E-01 2.53856E-01 3.22417E-01 4.99653E-02 5.80156E-03 8.47347E-01 
5.80156E-03 7.16442E-03 3.33337E-01 2.09448E-01 2.09578E-01 2.38298E-01 2.72066E-01 3.33248E-01 7.16442E-03 5.80156E-03 1.29449E+00 
5.80156E-03 2.48464E-02 3.45568E-01 2.26745E-01 2.26984E-01 2.57162E-01 2.91656E-01 3.45475E-01 2.48464E-02 5.80156E-03 1.76231E+00 
5.80156E-03 4.40778E-02 3.59327E-01 2.45571E-01 2.45923E-01 2.77601E-01 3.12843E-01 3.59230E-01 4.40778E-02 5.80156E-03 2.27158E+00 
5.80156E-03 6.49110E-02 3.74675E-01 2.65977E-01 2.66447E-01 2.99667E-01 3.35680E-01 3.74574E-01 6.49110E-02 5.80156E-03 2.82278E+00 
5.80156E-03 8.73974E-02 3.91668E-01 2.88014E-01 2.88608E-01 3.23410E-01 3.60217E-01 3.91563E-01 8.73974E-02 5.80156E-03 3.41608E+00 
5.80156E-03 1.05960E-01 4.05980E-01 3.06215E-01 3.06907E-01 3.42961E-01 3.80398E-01 4.05871E-01 1.05960E-01 5.80156E-03 3.90385E+00 
5.80156E-03 1.11583E-01 4.10360E-01 3.11729E-01 3.12450E-01 3.48875E-01 3.86499E-01 4.10250E-01 1.11583E-01 5.80156E-03 4.05116E+00 
5.80156E-03 1.39614E-01 4.32472E-01 3.39225E-01 3.40090E-01 3.78309E-01 4.16841E-01 4.32357E-01 1.39614E-01 5.80156E-03 4.78188E+00 
5.80156E-03 1.69714E-01 4.56666E-01 3.68764E-01 3.69778E-01 4.09837E-01 4.49303E-01 4.56547E-01 1.69714E-01 5.80156E-03 5.55876E+00 
5.80156E-03 2.01921E-01 4.82988E-01 4.00382E-01 4.01551E-01 4.43494E-01 4.83921E-01 4.82864E-01 2.01921E-01 5.80156E-03 6.37965E+00 
5.80156E-03 2.36260E-01 5.11468E-01 4.34103E-01 4.35432E-01 4.79303E-01 5.20719E-01 5.11339E-01 2.36260E-01 5.80156E-03 7.24175E+00 
3.29395E-02 2.72596E-01 5.42035E-01 4.69794E-01 4.71289E-01 5.17111E-01 5.59535E-01 5.41900E-01 2.72596E-01 3.29395E-02 8.07865E+00 
7.47374E-02 3.11131E-01 5.74810E-01 5.07651E-01 5.09318E-01 5.57140E-01 6.00605E-01 5.74671E-01 3.11131E-01 7.47374E-02 8.93669E+00 
1.18792E-01 3.51888E-01 6.09810E-01 5.47693E-01 5.49539E-01 5.99417E-01 6.43956E-01 6.09666E-01 3.51888E-01 1.18792E-01 9.82489E+00 
1.65063E-01 3.94831E-01 6.47009E-01 5.89886E-01 5.91919E-01 6.43903E-01 6.89550E-01 6.46860E-01 3.94831E-01 1.65063E-01 1.07387E+01 
2.13495E-01 4.39907E-01 6.86360E-01 6.34175E-01 6.36402E-01 6.90542E-01 7.37333E-01 6.86206E-01 4.39907E-01 2.13495E-01 1.16731E+01 
2.64011E-01 4.87043E-01 7.27798E-01 6.80487E-01 6.82914E-01 7.39259E-01 7.87226E-01 7.27639E-01 4.87043E-01 2.64011E-01 1.26225E+01 
3.16512E-01 5.36144E-01 7.71236E-01 7.28725E-01 7.31360E-01 7.89957E-01 8.39134E-01 7.71071E-01 5.36144E-01 3.16512E-01 1.35810E+01 
3.70881E-01 5.87096E-01 8.16565E-01 7.78775E-01 7.81626E-01 8.42518E-01 8.92939E-01 8.16395E-01 5.87096E-01 3.70881E-01 1.45425E+01 
4.26979E-01 6.39764E-01 8.63657E-01 8.30502E-01 8.33574E-01 8.96803E-01 9.48500E-01 8.63481E-01 6.39764E-01 4.26979E-01 1.55006E+01 
4.84649E-01 6.93992E-01 9.12362E-01 8.83749E-01 8.87051E-01 9.52655E-01 1.00566E+00 9.12181E-01 6.93992E-01 4.84649E-01 1.64489E+01 
5.43712E-01 7.49606E-01 9.62511E-01 9.38343E-01 9.41880E-01 1.00990E+00 1.06424E+00 9.62325E-01 7.49606E-01 5.43712E-01 1.73809E+01 
6.03973E-01 8.06414E-01 1.01392E+00 9.94090E-01 9.97870E-01 1.06833E+00 1.12405E+00 1.01373E+00 8.06414E-01 6.03973E-01 1.82905E+01 
6.65223E-01 8.64208E-01 1.06638E+00 1.05078E+00 1.05481E+00 1.12775E+00 1.18487E+00 1.06618E+00 8.64208E-01 6.65223E-01 1.91716E+01 
5.24450E-03 4.72013E-02 2.65217E-01 1.80482E-01 1.80431E-01 2.12285E-01 2.47846E-01 2.65118E-01 4.72013E-02 5.24450E-03 5.62302E-01 
5.24450E-03 4.72013E-02 2.74853E-01 1.94441E-01 1.94515E-01 2.27967E-01 2.64288E-01 2.74749E-01 4.72013E-02 5.24450E-03 9.67383E-01 
5.24450E-03 6.82543E-03 2.85670E-01 2.09518E-01 2.09722E-01 2.44794E-01 2.81891E-01 2.85562E-01 6.82543E-03 5.24450E-03 1.39346E+00 
5.24450E-03 2.35829E-02 2.97701E-01 2.25753E-01 2.26090E-01 2.62807E-01 3.00698E-01 2.97589E-01 2.35829E-02 5.24450E-03 1.83491E+00 
5.24450E-03 4.16834E-02 3.11057E-01 2.43308E-01 2.43784E-01 2.82190E-01 3.20899E-01 3.10940E-01 4.16834E-02 5.24450E-03 2.31117E+00 
5.24450E-03 6.11634E-02 3.25780E-01 2.62219E-01 2.62840E-01 3.02978E-01 3.42529E-01 3.25659E-01 6.11634E-02 5.24450E-03 2.82218E+00 
5.24450E-03 8.20575E-02 3.41911E-01 2.82520E-01 2.83291E-01 3.25203E-01 3.65623E-01 3.41785E-01 8.20575E-02 5.24450E-03 3.36751E+00 
5.24450E-03 9.92136E-02 3.55381E-01 2.99201E-01 3.00092E-01 3.43405E-01 3.84514E-01 3.55251E-01 9.92136E-02 5.24450E-03 3.81253E+00 
5.24450E-03 1.04395E-01 3.59485E-01 3.04241E-01 3.05168E-01 3.48894E-01 3.90208E-01 3.59354E-01 1.04395E-01 5.24450E-03 3.94637E+00 
5.24450E-03 1.30126E-01 3.80084E-01 3.29279E-01 3.30380E-01 3.76108E-01 4.18413E-01 3.79948E-01 1.30126E-01 5.24450E-03 4.60668E+00 
5.24450E-03 1.57586E-01 4.02425E-01 3.56018E-01 3.57299E-01 4.05075E-01 4.48401E-01 4.02283E-01 1.57586E-01 5.24450E-03 5.30255E+00 
5.24450E-03 1.86792E-01 4.26527E-01 3.84472E-01 3.85940E-01 4.35807E-01 4.80184E-01 4.26380E-01 1.86792E-01 5.24450E-03 6.03148E+00 
5.24450E-03 2.17746E-01 4.52401E-01 4.14644E-01 4.16305E-01 4.68306E-01 5.13763E-01 4.52249E-01 2.17746E-01 5.24450E-03 6.79040E+00 
2.97160E-02 2.50344E-01 4.79997E-01 4.46433E-01 4.48293E-01 5.02447E-01 5.49004E-01 4.79840E-01 2.50344E-01 2.97160E-02 7.51863E+00 
6.72194E-02 2.84710E-01 5.09371E-01 4.79955E-01 4.82021E-01 5.38376E-01 5.86067E-01 5.09207E-01 2.84710E-01 6.72194E-02 8.25836E+00 
1.06514E-01 3.20834E-01 5.40506E-01 5.15198E-01 5.17477E-01 5.76087E-01 6.24949E-01 5.40337E-01 3.20834E-01 1.06514E-01 9.01747E+00 
1.47543E-01 3.58665E-01 5.73357E-01 5.52109E-01 5.54609E-01 6.15523E-01 6.65593E-01 5.73183E-01 3.58665E-01 1.47543E-01 9.79161E+00 
1.90235E-01 3.98132E-01 6.07862E-01 5.90617E-01 5.93346E-01 6.56612E-01 7.07926E-01 6.07682E-01 3.98132E-01 1.90235E-01 1.05761E+01 
2.34499E-01 4.39149E-01 6.43942E-01 6.30636E-01 6.33602E-01 6.99266E-01 7.51860E-01 6.43756E-01 4.39149E-01 2.34499E-01 1.13658E+01 
2.80229E-01 4.81615E-01 6.81499E-01 6.72063E-01 6.75274E-01 7.43378E-01 7.97287E-01 6.81308E-01 4.81615E-01 2.80229E-01 1.21556E+01 
3.27302E-01 5.25407E-01 7.20420E-01 7.14777E-01 7.18240E-01 7.88825E-01 8.44083E-01 7.20223E-01 5.25407E-01 3.27302E-01 1.29400E+01 
3.75579E-01 5.70392E-01 7.60574E-01 7.58643E-01 7.62365E-01 8.35466E-01 8.92108E-01 7.60372E-01 5.70392E-01 3.75579E-01 1.37138E+01 
4.24906E-01 6.16418E-01 8.01815E-01 8.03509E-01 8.07497E-01 8.83147E-01 9.41208E-01 8.01607E-01 6.16418E-01 4.24906E-01 1.44714E+01 
4.75113E-01 6.63318E-01 8.43982E-01 8.49210E-01 8.53470E-01 9.31700E-01 9.91210E-01 8.43769E-01 6.63318E-01 4.75113E-01 1.52078E+01 
5.26021E-01 7.10915E-01 8.86901E-01 8.95566E-01 9.00105E-01 9.80941E-01 1.04193E+00 8.86682E-01 7.10915E-01 5.26021E-01 1.59179E+01 
5.77436E-01 7.59021E-01 9.30386E-01 9.42390E-01 9.47214E-01 1.03068E+00 1.09318E+00 9.30163E-01 7.59021E-01 5.77436E-01 1.65971E+01 
4.72411E-03 4.44521E-02 2.24262E-01 1.81261E-01 1.81272E-01 2.20290E-01 2.59246E-01 2.24141E-01 4.44521E-02 4.72411E-03 7.04800E-01 
4.72411E-03 4.44521E-02 2.33924E-01 1.94480E-01 1.94647E-01 2.35461E-01 2.75253E-01 2.33798E-01 4.44521E-02 4.72411E-03 1.09227E+00 
4.72411E-03 6.48197E-03 2.44606E-01 2.08663E-01 2.08991E-01 2.51621E-01 2.92263E-01 2.44475E-01 6.48197E-03 4.72411E-03 1.49566E+00 
4.72411E-03 2.23138E-02 2.56332E-01 2.23839E-01 2.24331E-01 2.68801E-01 3.10313E-01 2.56197E-01 2.23138E-02 4.72411E-03 1.90946E+00 
4.72411E-03 3.92969E-02 2.69195E-01 2.40140E-01 2.40803E-01 2.87157E-01 3.29568E-01 2.69054E-01 3.92969E-02 4.72411E-03 2.35187E+00 
4.72411E-03 5.74539E-02 2.83220E-01 2.57590E-01 2.58430E-01 3.06712E-01 3.50047E-01 2.83075E-01 5.74539E-02 4.72411E-03 2.82236E+00 
4.72411E-03 7.68054E-02 2.98435E-01 2.76210E-01 2.77233E-01 3.27485E-01 3.71772E-01 2.98284E-01 7.68054E-02 4.72411E-03 3.32010E+00 
4.72411E-03 9.26082E-02 3.11036E-01 2.91428E-01 2.92597E-01 3.44401E-01 3.89444E-01 3.10882E-01 9.26082E-02 4.72411E-03 3.72319E+00 
4.72411E-03 9.73666E-02 3.14859E-01 2.96012E-01 2.97225E-01 3.49488E-01 3.94754E-01 3.14703E-01 9.73666E-02 4.72411E-03 3.84391E+00 
4.72411E-03 1.20903E-01 3.33939E-01 3.18701E-01 3.20126E-01 3.74601E-01 4.20954E-01 3.33778E-01 1.20903E-01 4.72411E-03 4.43619E+00 
4.72411E-03 1.45864E-01 3.54454E-01 3.42783E-01 3.44426E-01 4.01157E-01 4.48630E-01 3.54286E-01 1.45864E-01 4.72411E-03 5.05474E+00 
4.72411E-03 1.72245E-01 3.76404E-01 3.68254E-01 3.70123E-01 4.29152E-01 4.77776E-01 3.76230E-01 1.72245E-01 4.72411E-03 5.69686E+00 
4.72411E-03 2.00034E-01 3.99782E-01 3.95100E-01 3.97202E-01 4.58570E-01 5.08376E-01 3.99603E-01 2.00034E-01 4.72411E-03 6.35944E+00 
2.67117E-02 2.29149E-01 4.24555E-01 4.23247E-01 4.25586E-01 4.89306E-01 5.40314E-01 4.24370E-01 2.29149E-01 2.67117E-02 6.98734E+00 
6.02365E-02 2.59655E-01 4.50728E-01 4.52747E-01 4.55332E-01 5.21449E-01 5.73696E-01 4.50537E-01 2.59655E-01 6.02365E-02 7.61888E+00 
9.51499E-02 2.91520E-01 4.78262E-01 4.83566E-01 4.86404E-01 5.54968E-01 6.08494E-01 4.78065E-01 2.91520E-01 9.51499E-02 8.26104E+00 
1.31384E-01 3.24678E-01 5.07098E-01 5.15637E-01 5.18738E-01 5.89796E-01 6.44639E-01 5.06896E-01 3.24678E-01 1.31384E-01 8.90977E+00 
1.68856E-01 3.59051E-01 5.37166E-01 5.48883E-01 5.52253E-01 6.25850E-01 6.82049E-01 5.36957E-01 3.59051E-01 1.68856E-01 9.56081E+00 
2.07471E-01 3.94547E-01 5.68378E-01 5.83210E-01 5.86859E-01 6.63034E-01 7.20626E-01 5.68164E-01 3.94547E-01 2.07471E-01 1.02097E+01 
2.47118E-01 4.31060E-01 6.00633E-01 6.18512E-01 6.22447E-01 7.01237E-01 7.60260E-01 6.00413E-01 4.31060E-01 2.47118E-01 1.08519E+01 
2.87677E-01 4.68471E-01 6.33819E-01 6.54671E-01 6.58900E-01 7.40338E-01 8.00827E-01 6.33593E-01 4.68471E-01 2.87677E-01 1.14830E+01 
3.29013E-01 5.06648E-01 6.67807E-01 6.91555E-01 6.96084E-01 7.80200E-01 8.42190E-01 6.67576E-01 5.06648E-01 3.29013E-01 1.20983E+01 
3.70979E-01 5.45449E-01 7.02461E-01 7.29022E-01 7.33858E-01 8.20676E-01 8.84202E-01 7.02224E-01 5.45449E-01 3.70979E-01 1.26937E+01 
4.13421E-01 5.84722E-01 7.37631E-01 7.66919E-01 7.72067E-01 8.61610E-01 9.26705E-01 7.37388E-01 5.84722E-01 4.13421E-01 1.32649E+01 
4.56174E-01 6.24306E-01 7.73161E-01 8.05085E-01 8.10553E-01 9.02836E-01 9.69532E-01 7.72913E-01 6.24306E-01 4.56174E-01 1.38082E+01 
4.99069E-01 6.64033E-01 8.08886E-01 8.43354E-01 8.49146E-01 9.44182E-01 1.01251E+00 8.08633E-01 6.64033E-01 4.99069E-01 1.43200E+01 
4.23815E-03 4.17071E-02 1.89160E-01 1.81234E-01 1.81375E-01 2.28910E-01 2.71472E-01 1.89014E-01 4.17071E-02 4.23815E-03 8.52107E-01 
4.23815E-03 4.17071E-02 1.98732E-01 1.93689E-01 1.94025E-01 2.43557E-01 2.87040E-01 1.98580E-01 4.17071E-02 4.23815E-03 1.21990E+00 
4.23815E-03 6.13254E-03 2.09173E-01 2.06963E-01 2.07497E-01 2.59044E-01 3.03466E-01 2.09016E-01 6.13254E-03 4.23815E-03 1.59886E+00 
4.23815E-03 2.10340E-02 2.20503E-01 2.21075E-01 2.21812E-01 2.75396E-01 3.20776E-01 2.20340E-01 2.10340E-02 4.23815E-03 1.98366E+00 
4.23815E-03 3.69090E-02 2.32793E-01 2.36134E-01 2.37081E-01 2.92746E-01 3.39114E-01 2.32625E-01 3.69090E-02 4.23815E-03 2.39133E+00 
4.23815E-03 5.37687E-02 2.46059E-01 2.52150E-01 2.53314E-01 3.11103E-01 3.58489E-01 2.45885E-01 5.37687E-02 4.23815E-03 2.82100E+00 
4.23815E-03 7.16221E-02 2.60314E-01 2.69131E-01 2.70520E-01 3.30474E-01 3.78908E-01 2.60134E-01 7.16221E-02 4.23815E-03 3.27153E+00 
4.23815E-03 8.61205E-02 2.72028E-01 2.82936E-01 2.84503E-01 3.46159E-01 3.95424E-01 2.71844E-01 8.61205E-02 4.23815E-03 3.63357E+00 
4.23815E-03 9.04726E-02 2.75566E-01 2.87082E-01 2.88702E-01 3.50860E-01 4.00372E-01 2.75381E-01 9.04726E-02 4.23815E-03 3.74153E+00 
4.23815E-03 1.11914E-01 2.93132E-01 3.07522E-01 3.09398E-01 3.73974E-01 4.24682E-01 2.92940E-01 1.11914E-01 4.23815E-03 4.26816E+00 
4.23815E-03 1.34504E-01 3.11855E-01 3.29077E-01 3.31218E-01 3.98253E-01 4.50191E-01 3.11658E-01 1.34504E-01 4.23815E-03 4.81304E+00 
4.23815E-03 1.58227E-01 3.31726E-01 3.51732E-01 3.54145E-01 4.23678E-01 4.76879E-01 3.31522E-01 1.58227E-01 4.23815E-03 5.37343E+00 
4.23815E-03 1.83057E-01 3.52722E-01 3.75460E-01 3.78153E-01 4.50220E-01 5.04718E-01 3.52512E-01 1.83057E-01 4.23815E-03 5.94631E+00 
2.39130E-02 2.08931E-01 3.74822E-01 4.00206E-01 4.03182E-01 4.77789E-01 5.33605E-01 3.74606E-01 2.08931E-01 2.39130E-02 6.48187E+00 
5.37549E-02 2.35870E-01 3.97994E-01 4.25977E-01 4.29245E-01 5.06431E-01 5.63604E-01 3.97772E-01 2.35870E-01 5.37549E-02 7.01487E+00 
8.46399E-02 2.63823E-01 4.22185E-01 4.52721E-01 4.56289E-01 5.36101E-01 5.94672E-01 4.21957E-01 2.63823E-01 8.46399E-02 7.55152E+00 
1.16493E-01 2.92721E-01 4.47329E-01 4.80366E-01 4.84243E-01 5.66721E-01 6.26731E-01 4.47094E-01 2.92721E-01 1.16493E-01 8.08819E+00 
1.49228E-01 3.22480E-01 4.73349E-01 5.08830E-01 5.13023E-01 5.98206E-01 6.59695E-01 4.73108E-01 3.22480E-01 1.49228E-01 8.62112E+00 
1.82749E-01 3.53007E-01 5.00156E-01 5.38018E-01 5.42537E-01 6.30456E-01 6.93464E-01 4.99909E-01 3.53007E-01 1.82749E-01 9.14650E+00 
2.16947E-01 3.84197E-01 5.27651E-01 5.67828E-01 5.72679E-01 6.63364E-01 7.27928E-01 5.27398E-01 3.84197E-01 2.16947E-01 9.66052E+00 
2.51706E-01 4.15938E-01 5.55725E-01 5.98145E-01 6.03335E-01 6.96810E-01 7.62968E-01 5.55466E-01 4.15938E-01 2.51706E-01 1.01595E+01 
2.86900E-01 4.48106E-01 5.84259E-01 6.28847E-01 6.34382E-01 7.30668E-01 7.98455E-01 5.83995E-01 4.48106E-01 2.86900E-01 1.06397E+01 
3.22395E-01 4.80571E-01 6.13127E-01 6.59805E-01 6.65691E-01 7.64801E-01 8.34251E-01 6.12858E-01 4.80571E-01 3.22395E-01 1.10980E+01 
3.58052E-01 5.13197E-01 6.42196E-01 6.90881E-01 6.97123E-01 7.99068E-01 8.70214E-01 6.41921E-01 5.13197E-01 3.58052E-01 1.15310E+01 
3.93727E-01 5.45842E-01 6.71327E-01 7.21935E-01 7.28538E-01 8.33322E-01 9.06195E-01 6.71047E-01 5.45842E-01 3.93727E-01 1.19361E+01 
4.29271E-01 5.78361E-01 7.00379E-01 7.52822E-01 7.59789E-01 8.67414E-01 9.42042E-01 7.00094E-01 5.78361E-01 4.29271E-01 1.23106E+01 
3.78534E-03 3.89614E-02 1.59111E-01 1.80465E-01 1.80854E-01 2.38395E-01 2.84791E-01 1.58934E-01 3.89614E-02 3.78534E-03 1.00123E+00 
3.78534E-03 3.89614E-02 1.68487E-01 1.92126E-01 1.92756E-01 2.52494E-01 2.99911E-01 1.68304E-01 3.89614E-02 3.78534E-03 1.34721E+00 
3.78534E-03 5.77628E-03 1.78594E-01 2.04470E-01 2.05346E-01 2.67295E-01 3.15751E-01 1.78405E-01 5.77628E-03 3.78534E-03 1.70000E+00 
3.78534E-03 1.97406E-02 1.89446E-01 2.17511E-01 2.18637E-01 2.82815E-01 3.32331E-01 1.89251E-01 1.97406E-02 3.78534E-03 2.05452E+00 
3.78534E-03 3.45151E-02 2.01096E-01 2.31333E-01 2.32718E-01 2.99167E-01 3.49775E-01 2.00895E-01 3.45151E-02 3.78534E-03 2.42667E+00 
3.78534E-03 5.01015E-02 2.13551E-01 2.45937E-01 2.47588E-01 3.16348E-01 3.68082E-01 2.13344E-01 5.01015E-02 3.78534E-03 2.81534E+00 
3.78534E-03 6.64994E-02 2.26814E-01 2.61323E-01 2.63246E-01 3.34357E-01 3.87249E-01 2.26601E-01 6.64994E-02 3.78534E-03 3.21924E+00 
3.78534E-03 7.97406E-02 2.37630E-01 2.73761E-01 2.75900E-01 3.48855E-01 4.02665E-01 2.37412E-01 7.97406E-02 3.78534E-03 3.54123E+00 
3.78534E-03 8.37029E-02 2.40884E-01 2.77485E-01 2.79688E-01 3.53186E-01 4.07268E-01 2.40664E-01 8.37029E-02 3.78534E-03 3.63682E+00 
3.78534E-03 1.03143E-01 2.56949E-01 2.95768E-01 2.98282E-01 3.74391E-01 4.29791E-01 2.56723E-01 1.03143E-01 3.78534E-03 4.10040E+00 
3.78534E-03 1.23490E-01 2.73929E-01 3.14922E-01 3.17754E-01 3.96510E-01 4.53266E-01 2.73696E-01 1.23490E-01 3.78534E-03 4.57542E+00 
3.78534E-03 1.44716E-01 2.91801E-01 3.34921E-01 3.38079E-01 4.19515E-01 4.77662E-01 2.91562E-01 1.44716E-01 3.78534E-03 5.05926E+00 
3.78534E-03 1.66787E-01 3.10536E-01 3.55730E-01 3.59221E-01 4.43367E-01 5.02942E-01 3.10290E-01 1.66787E-01 3.78534E-03 5.54906E+00 
2.13118E-02 1.89654E-01 3.30120E-01 3.77309E-01 3.81136E-01 4.67987E-01 5.29009E-01 3.29867E-01 1.89654E-01 2.13118E-02 6.00017E+00 
4.77537E-02 2.13306E-01 3.50496E-01 3.99632E-01 4.03803E-01 4.93393E-01 5.55903E-01 3.50237E-01 2.13306E-01 4.77537E-02 6.44398E+00 
7.49462E-02 2.37684E-01 3.71601E-01 4.22635E-01 4.27159E-01 5.19526E-01 5.83568E-01 3.71336E-01 2.37684E-01 7.49462E-02 6.88610E+00 
1.02812E-01 2.62713E-01 3.93367E-01 4.46246E-01 4.51130E-01 5.46308E-01 6.11924E-01 3.93096E-01 2.62713E-01 1.02812E-01 7.32336E+00 
1.31265E-01 2.88311E-01 4.15716E-01 4.70381E-01 4.75634E-01 5.73651E-01 6.40882E-01 4.15439E-01 2.88311E-01 1.31265E-01 7.75255E+00 
1.60211E-01 3.14389E-01 4.38562E-01 4.94952E-01 5.00580E-01 6.01460E-01 6.70346E-01 4.38279E-01 3.14389E-01 1.60211E-01 8.17050E+00 
1.89549E-01 3.40846E-01 4.61811E-01 5.19859E-01 5.25868E-01 6.29629E-01 7.00210E-01 4.61522E-01 3.40846E-01 1.89549E-01 8.57410E+00 
2.19168E-01 3.67579E-01 4.85360E-01 5.44997E-01 5.51394E-01 6.58048E-01 7.30360E-01 4.85066E-01 3.67579E-01 2.19168E-01 8.96040E+00 
2.48956E-01 3.94475E-01 5.09103E-01 5.70256E-01 5.77045E-01 6.86601E-01 7.60679E-01 5.08803E-01 3.94475E-01 2.48956E-01 9.32664E+00 
2.78794E-01 4.21418E-01 5.32927E-01 5.95520E-01 6.02706E-01 7.15165E-01 7.91043E-01 5.32622E-01 4.21418E-01 2.78794E-01 9.67027E+00 
3.08557E-01 4.48290E-01 5.56716E-01 6.20672E-01 6.28256E-01 7.43616E-01 8.21324E-01 5.56406E-01 4.48290E-01 3.08557E-01 9.98901E+00 
3.38124E-01 4.74969E-01 5.80350E-01 6.45589E-01 6.53575E-01 7.71826E-01 8.51393E-01 5.80036E-01 4.74969E-01 3.38124E-01 1.02809E+01 
3.67368E-01 5.01333E-01 6.03712E-01 6.70151E-01 6.78541E-01 7.99667E-01 8.81120E-01 6.03393E-01 5.01333E-01 3.67368E-01 1.05443E+01 
3.36442E-03 3.62119E-02 1.33412E-01 1.78989E-01 1.79819E-01 2.48969E-01 2.99456E-01 1.33198E-01 3.62119E-02 3.36442E-03 1.14835E+00 
3.36442E-03 3.62119E-02 1.42497E-01 1.89822E-01 1.90950E-01 2.62487E-01 3.14109E-01 1.42277E-01 3.62119E-02 3.36442E-03 1.47042E+00 
3.36442E-03 5.41261E-03 1.52187E-01 2.01214E-01 2.02644E-01 2.76575E-01 3.29353E-01 1.51961E-01 5.41261E-03 3.36442E-03 1.79538E+00 
3.36442E-03 1.84319E-02 1.62489E-01 2.13174E-01 2.14910E-01 2.91247E-01 3.45204E-01 1.62257E-01 1.84319E-02 3.36442E-03 2.11848E+00 
3.36442E-03 3.21125E-02 1.73444E-01 2.25763E-01 2.27814E-01 3.06596E-01 3.61767E-01 1.73204E-01 3.21125E-02 3.36442E-03 2.45453E+00 
3.36442E-03 4.64486E-02 1.85048E-01 2.38976E-01 2.41350E-01 3.22614E-01 3.79034E-01 1.84802E-01 4.64486E-02 3.36442E-03 2.80228E+00 
3.36442E-03 6.14324E-02 1.97297E-01 2.52805E-01 2.55509E-01 3.39290E-01 3.96993E-01 1.97045E-01 6.14324E-02 3.36442E-03 3.16035E+00 
3.36442E-03 7.34629E-02 2.07212E-01 2.63920E-01 2.66884E-01 3.52635E-01 4.11355E-01 2.06955E-01 7.34629E-02 3.36442E-03 3.44350E+00 
3.36442E-03 7.70513E-02 2.10183E-01 2.67237E-01 2.70279E-01 3.56608E-01 4.15629E-01 2.09924E-01 7.70513E-02 3.36442E-03 3.52717E+00 
3.36442E-03 9.45847E-02 2.24774E-01 2.83456E-01 2.86869E-01 3.75977E-01 4.36457E-01 2.24508E-01 9.45847E-02 3.36442E-03 3.93051E+00 
3.36442E-03 1.12811E-01 2.40065E-01 3.00330E-01 3.04122E-01 3.96039E-01 4.58017E-01 2.39793E-01 1.12811E-01 3.36442E-03 4.33970E+00 
3.36442E-03 1.31697E-01 2.56030E-01 3.17827E-01 3.22006E-01 4.16756E-01 4.80270E-01 2.55750E-01 1.31697E-01 3.36442E-03 4.75228E+00 
3.36442E-03 1.51203E-01 2.72630E-01 3.35909E-01 3.40480E-01 4.38086E-01 5.03173E-01 2.72344E-01 1.51203E-01 3.36442E-03 5.16566E+00 
1.89005E-02 1.71291E-01 2.89859E-01 3.54547E-01 3.59513E-01 4.59956E-01 5.26635E-01 2.89566E-01 1.71291E-01 1.89005E-02 5.54006E+00 
4.22127E-02 1.91928E-01 3.07645E-01 3.73692E-01 3.79058E-01 4.82364E-01 5.50678E-01 3.07346E-01 1.91928E-01 4.22127E-02 5.90375E+00 
6.60316E-02 2.13050E-01 3.25921E-01 3.93275E-01 3.99050E-01 5.05247E-01 5.75240E-01 3.25615E-01 2.13050E-01 6.60316E-02 6.26185E+00 
9.02810E-02 2.34584E-01 3.44617E-01 4.13224E-01 4.19415E-01 5.28526E-01 6.00241E-01 3.44306E-01 2.34584E-01 9.02810E-02 6.61167E+00 
1.14878E-01 2.56452E-01 3.63661E-01 4.33461E-01 4.40074E-01 5.52116E-01 6.25596E-01 3.63343E-01 2.56452E-01 1.14878E-01 6.95055E+00 
1.39735E-01 2.78568E-01 3.82969E-01 4.53901E-01 4.60941E-01 5.75926E-01 6.51211E-01 3.82646E-01 2.78568E-01 1.39735E-01 7.27594E+00 
1.64757E-01 3.00841E-01 4.02456E-01 4.74455E-01 4.81927E-01 5.99859E-01 6.76987E-01 4.02128E-01 3.00841E-01 1.64757E-01 7.58540E+00 
1.89846E-01 3.23177E-01 4.22030E-01 4.95028E-01 5.02935E-01 6.23814E-01 7.02820E-01 4.21697E-01 3.23177E-01 1.89846E-01 7.87667E+00 
2.14902E-01 3.45478E-01 4.41597E-01 5.15524E-01 5.23867E-01 6.47686E-01 7.28605E-01 4.41259E-01 3.45478E-01 2.14902E-01 8.14772E+00 
2.39820E-01 3.67644E-01 4.61058E-01 5.35842E-01 5.44624E-01 6.71369E-01 7.54232E-01 4.60715E-01 3.67644E-01 2.39820E-01 8.39672E+00 
2.64497E-01 3.89572E-01 4.80315E-01 5.55882E-01 5.65103E-01 6.94755E-01 7.79589E-01 4.79968E-01 3.89572E-01 2.64497E-01 8.62214E+00 
2.88827E-01 4.11162E-01 4.99269E-01 5.75543E-01 5.85203E-01 7.17736E-01 8.04567E-01 4.98919E-01 4.11162E-01 2.88827E-01 8.82271E+00 
3.12707E-01 4.32311E-01 5.17822E-01 5.94727E-01 6.04823E-01 7.40206E-01 8.29055E-01 5.17468E-01 4.32311E-01 3.12707E-01 8.99748E+00 
2.97445E-03 3.34603E-02 1.11463E-01 1.76821E-01 1.78393E-01 2.60817E-01 3.15693E-01 1.11207E-01 3.34603E-02 2.97445E-03 1.28877E+00 
2.97445E-03 3.34603E-02 1.20173E-01 1.86791E-01 1.88728E-01 2.73705E-01 3.29852E-01 1.19910E-01 3.34603E-02 2.97445E-03 1.58501E+00 
2.97445E-03 5.04163E-03 1.29372E-01 1.97207E-01 1.99511E-01 2.87043E-01 3.44481E-01 1.29102E-01 5.04163E-03 2.97445E-03 1.88075E+00 
2.97445E-03 1.71086E-02 1.39065E-01 2.08074E-01 2.10750E-01 3.00840E-01 3.59593E-01 1.38788E-01 1.71086E-02 2.97445E-03 2.17158E+00 
2.97445E-03 2.97026E-02 1.49277E-01 2.19435E-01 2.22489E-01 3.15173E-01 3.75278E-01 1.48993E-01 2.97026E-02 2.97445E-03 2.47125E+00 
2.97445E-03 4.28126E-02 1.60001E-01 2.31277E-01 2.34718E-01 3.30027E-01 3.91523E-01 1.59710E-01 4.28126E-02 2.97445E-03 2.77849E+00 
2.97445E-03 5.64251E-02 1.71226E-01 2.43589E-01 2.47423E-01 3.45385E-01 4.08309E-01 1.70929E-01 5.64251E-02 2.97445E-03 3.09189E+00 
2.97445E-03 6.72918E-02 1.80247E-01 2.53426E-01 2.57570E-01 3.57601E-01 4.21655E-01 1.79944E-01 6.72918E-02 2.97445E-03 3.33766E+00 
2.97445E-03 7.05228E-02 1.82938E-01 2.56352E-01 2.60587E-01 3.61226E-01 4.25614E-01 1.82634E-01 7.05228E-02 2.97445E-03 3.40994E+00 
2.97445E-03 8.62430E-02 1.96092E-01 2.70597E-01 2.75270E-01 3.78820E-01 4.44826E-01 1.95780E-01 8.62430E-02 2.97445E-03 3.75620E+00 
2.97445E-03 1.02472E-01 2.09762E-01 2.85312E-01 2.90430E-01 3.96910E-01 4.64575E-01 2.09444E-01 1.02472E-01 2.97445E-03 4.10383E+00 
2.97445E-03 1.19173E-01 2.23916E-01 3.00462E-01 3.06030E-01 4.15455E-01 4.84819E-01 2.23592E-01 1.19173E-01 2.97445E-03 4.45062E+00 
2.97445E-03 1.36305E-01 2.38516E-01 3.16005E-01 3.22029E-01 4.34410E-01 5.05510E-01 2.38185E-01 1.36305E-01 2.97445E-03 4.79429E+00 
1.66728E-02 1.53837E-01 2.53559E-01 3.31925E-01 3.38403E-01 4.53709E-01 5.26563E-01 2.53222E-01 1.53837E-01 1.66728E-02 5.09963E+00 
3.71151E-02 1.71724E-01 2.68964E-01 3.48155E-01 3.55091E-01 4.73336E-01 5.47985E-01 2.68621E-01 1.71724E-01 3.71151E-02 5.39204E+00 
5.78648E-02 1.89899E-01 2.84664E-01 3.64626E-01 3.72028E-01 4.93227E-01 5.69717E-01 2.84314E-01 1.89899E-01 5.78648E-02 5.67618E+00 
7.88493E-02 2.08295E-01 3.00593E-01 3.81271E-01 3.89142E-01 5.13305E-01 5.91681E-01 3.00238E-01 2.08295E-01 7.88493E-02 5.94988E+00 
9.99917E-02 2.26837E-01 3.16682E-01 3.98017E-01 4.06361E-01 5.33491E-01 6.13794E-01 3.16321E-01 2.26837E-01 9.99917E-02 6.21099E+00 
1.21211E-01 2.45449E-01 3.32857E-01 4.14787E-01 4.23607E-01 5.53701E-01 6.35969E-01 3.32491E-01 2.45449E-01 1.21211E-01 6.45755E+00 
1.42424E-01 2.64050E-01 3.49040E-01 4.31502E-01 4.40799E-01 5.73846E-01 6.58116E-01 3.48670E-01 2.64050E-01 1.42424E-01 6.68771E+00 
1.63543E-01 2.82557E-01 3.65152E-01 4.48080E-01 4.57854E-01 5.93836E-01 6.80141E-01 3.64778E-01 2.82557E-01 1.63543E-01 6.89983E+00 
1.84482E-01 3.00885E-01 3.81111E-01 4.64438E-01 4.74687E-01 6.13581E-01 7.01952E-01 3.80732E-01 3.00885E-01 1.84482E-01 7.09249E+00 
2.05152E-01 3.18949E-01 3.96835E-01 4.80492E-01 4.91214E-01 6.32989E-01 7.23452E-01 3.96453E-01 3.18949E-01 2.05152E-01 7.26450E+00 
2.25467E-01 3.36666E-01 4.12241E-01 4.96159E-01 5.07350E-01 6.51969E-01 7.44547E-01 4.11856E-01 3.36666E-01 2.25467E-01 7.41491E+00 
2.45340E-01 3.53952E-01 4.27250E-01 5.11358E-01 5.23013E-01 6.70431E-01 7.65145E-01 4.26862E-01 3.53952E-01 2.45340E-01 7.54304E+00 
2.64688E-01 3.70727E-01 4.41782E-01 5.26010E-01 5.38123E-01 6.88289E-01 7.85154E-01 4.41392E-01 3.70727E-01 2.64688E-01 7.64846E+00 
2.61481E-03 3.07153E-02 9.27531E-02 1.73954E-01 1.76715E-01 2.74068E-01 3.33688E-01 9.24466E-02 3.07153E-02 2.61481E-03 1.41719E+00 
2.61481E-03 3.07153E-02 1.01014E-01 1.83028E-01 1.86227E-01 2.86267E-01 3.47315E-01 1.00700E-01 3.07153E-02 2.61481E-03 1.68603E+00 
2.61481E-03 4.66447E-03 1.09660E-01 1.92448E-01 1.96085E-01 2.98805E-01 3.61302E-01 1.09339E-01 4.66447E-03 2.61481E-03 1.95152E+00 
2.61481E-03 1.57747E-02 1.18694E-01 2.02215E-01 2.06292E-01 3.11687E-01 3.75656E-01 1.18366E-01 1.57747E-02 2.61481E-03 2.20964E+00 
2.61481E-03 2.72931E-02 1.28130E-01 2.12354E-01 2.16879E-01 3.24977E-01 3.90459E-01 1.27795E-01 2.72931E-02 2.61481E-03 2.47312E+00 
2.61481E-03 3.92046E-02 1.37957E-01 2.22851E-01 2.27830E-01 3.38655E-01 4.05690E-01 1.37615E-01 3.92046E-02 2.61481E-03 2.74070E+00 
2.61481E-03 5.14924E-02 1.48160E-01 2.33690E-01 2.39128E-01 3.52700E-01 4.21326E-01 1.47812E-01 5.14924E-02 2.61481E-03 3.01104E+00 
2.61481E-03 6.12453E-02 1.56302E-01 2.42297E-01 2.48095E-01 3.63803E-01 4.33688E-01 1.55948E-01 6.12453E-02 2.61481E-03 3.22121E+00 
2.61481E-03 6.41357E-02 1.58721E-01 2.44849E-01 2.50752E-01 3.67087E-01 4.37343E-01 1.58366E-01 6.41357E-02 2.61481E-03 3.28272E+00 
2.61481E-03 7.81399E-02 1.70486E-01 2.57215E-01 2.63624E-01 3.82951E-01 4.55006E-01 1.70124E-01 7.81399E-02 2.61481E-03 3.57546E+00 
2.61481E-03 9.24971E-02 1.82612E-01 2.69895E-01 2.76814E-01 3.99141E-01 4.73036E-01 1.82244E-01 9.24971E-02 2.61481E-03 3.86614E+00 
2.61481E-03 1.07170E-01 1.95066E-01 2.82853E-01 2.90284E-01 4.15614E-01 4.91389E-01 1.94691E-01 1.07170E-01 2.61481E-03 4.15282E+00 
2.61481E-03 1.22116E-01 2.07808E-01 2.96046E-01 3.03993E-01 4.32322E-01 5.10015E-01 2.07426E-01 1.22116E-01 2.61481E-03 4.43359E+00 
1.46244E-02 1.37313E-01 2.20838E-01 3.09469E-01 3.17925E-01 4.49209E-01 5.28833E-01 2.20451E-01 1.37313E-01 1.46244E-02 4.67746E+00 
3.24481E-02 1.52707E-01 2.34074E-01 3.23044E-01 3.32011E-01 4.66248E-01 5.47845E-01 2.33681E-01 1.52707E-01 3.24481E-02 4.90717E+00 
5.04201E-02 1.68234E-01 2.47450E-01 3.36705E-01 3.46186E-01 4.83377E-01 5.66992E-01 2.47052E-01 1.68234E-01 5.04201E-02 5.12703E+00 
6.84736E-02 1.83832E-01 2.60907E-01 3.50390E-01 3.60386E-01 5.00525E-01 5.86200E-01 2.60504E-01 1.83832E-01 6.84736E-02 5.33528E+00 
8.65389E-02 1.99435E-01 2.74381E-01 3.64033E-01 3.74544E-01 5.17618E-01 6.05393E-01 2.73973E-01 1.99435E-01 8.65389E-02 5.53031E+00 
1.04544E-01 2.14974E-01 2.87807E-01 3.77568E-01 3.88593E-01 5.34580E-01 6.24491E-01 2.87395E-01 2.14974E-01 1.04544E-01 5.71065E+00 
1.22416E-01 2.30379E-01 3.01117E-01 3.90927E-01 4.02461E-01 5.51334E-01 6.43413E-01 3.00702E-01 2.30379E-01 1.22416E-01 5.87498E+00 
1.40080E-01 2.45578E-01 3.14245E-01 4.04039E-01 4.16078E-01 5.67801E-01 6.62076E-01 3.13826E-01 2.45578E-01 1.40080E-01 6.02219E+00 
1.57463E-01 2.60502E-01 3.27120E-01 4.16835E-01 4.29373E-01 5.83903E-01 6.80400E-01 3.26699E-01 2.60502E-01 1.57463E-01 6.15136E+00 
1.74492E-01 2.75080E-01 3.39676E-01 4.29248E-01 4.42277E-01 5.99564E-01 6.98303E-01 3.39253E-01 2.75080E-01 1.74492E-01 6.26182E+00 
1.91095E-01 2.89244E-01 3.51847E-01 4.41211E-01 4.54722E-01 6.14708E-01 7.15705E-01 3.51423E-01 2.89244E-01 1.91095E-01 6.35309E+00 
2.07206E-01 3.02929E-01 3.63569E-01 4.52661E-01 4.66643E-01 6.29263E-01 7.32530E-01 3.63144E-01 3.02929E-01 2.07206E-01 6.42492E+00 
2.22758E-01 3.16072E-01 3.74781E-01 4.63536E-01 4.77978E-01 6.43161E-01 7.48705E-01 3.74356E-01 3.16072E-01 2.22758E-01 6.47728E+00 
2.28503E-03 2.79928E-02 7.68404E-02 1.70367E-01 1.74935E-01 2.88778E-01 3.53579E-01 7.64758E-02 2.79928E-02 2.28503E-03 1.52807E+00 
2.28503E-03 2.79928E-02 8.45895E-02 1.78520E-01 1.83598E-01 3.00217E-01 3.66627E-01 8.42176E-02 2.79928E-02 2.28503E-03 1.76844E+00 
2.28503E-03 4.28349E-03 9.26336E-02 1.86929E-01 1.92516E-01 3.11895E-01 3.79935E-01 9.22545E-02 4.28349E-03 2.28503E-03 2.00319E+00 
2.28503E-03 1.44384E-02 1.00973E-01 1.95595E-01 2.01690E-01 3.23812E-01 3.93505E-01 1.00587E-01 1.44384E-02 2.28503E-03 2.22870E+00 
2.28503E-03 2.48981E-02 1.09614E-01 2.04528E-01 2.11136E-01 3.36021E-01 4.07411E-01 1.09221E-01 2.48981E-02 2.28503E-03 2.45671E+00 
2.28503E-03 3.56451E-02 1.18540E-01 2.13713E-01 2.20838E-01 3.48500E-01 4.21628E-01 1.18141E-01 3.56451E-02 2.28503E-03 2.68603E+00 
2.28503E-03 4.66604E-02 1.27736E-01 2.23130E-01 2.30775E-01 3.61225E-01 4.36130E-01 1.27330E-01 4.66604E-02 2.28503E-03 2.91543E+00 
2.28503E-03 5.53538E-02 1.35024E-01 2.30562E-01 2.38612E-01 3.71222E-01 4.47530E-01 1.34613E-01 5.53538E-02 2.28503E-03 3.09217E+00 
2.28503E-03 5.79220E-02 1.37181E-01 2.32758E-01 2.40926E-01 3.74168E-01 4.50890E-01 1.36769E-01 5.79220E-02 2.28503E-03 3.14363E+00 
2.28503E-03 7.03125E-02 1.47620E-01 2.43349E-01 2.52082E-01 3.88335E-01 4.67058E-01 1.47201E-01 7.03125E-02 2.28503E-03 3.38683E+00 
2.28503E-03 8.29274E-02 1.58292E-01 2.54124E-01 2.63423E-01 4.02681E-01 4.83446E-01 1.57867E-01 8.29274E-02 2.28503E-03 3.62549E+00 
2.28503E-03 9.57298E-02 1.69163E-01 2.65050E-01 2.74913E-01 4.17164E-01 5.00009E-01 1.68732E-01 9.57298E-02 2.28503E-03 3.85799E+00 
2.28503E-03 1.08680E-01 1.80195E-01 2.76085E-01 2.86511E-01 4.31737E-01 5.16699E-01 1.79759E-01 1.08680E-01 2.28503E-03 4.08273E+00 
1.27518E-02 1.21759E-01 1.91392E-01 2.87233E-01 2.98210E-01 4.46349E-01 5.33436E-01 1.90951E-01 1.21759E-01 1.27518E-02 4.27264E+00 
2.82004E-02 1.34912E-01 2.02672E-01 2.98409E-01 3.09935E-01 4.60970E-01 5.50221E-01 2.02227E-01 1.34912E-01 2.82004E-02 4.44799E+00 
4.36746E-02 1.48080E-01 2.13974E-01 3.09553E-01 3.21626E-01 4.75540E-01 5.66998E-01 2.13525E-01 1.48080E-01 4.36746E-02 4.61276E+00 
5.91140E-02 1.61206E-01 2.25245E-01 3.20610E-01 3.33225E-01 4.89995E-01 5.83698E-01 2.24792E-01 1.61206E-01 5.91140E-02 4.76561E+00 
7.44570E-02 1.74233E-01 2.36429E-01 3.31522E-01 3.44675E-01 5.04267E-01 6.00252E-01 2.35972E-01 1.74233E-01 7.44570E-02 4.90536E+00 
8.96415E-02 1.87100E-01 2.47469E-01 3.42233E-01 3.55916E-01 5.18291E-01 6.16588E-01 2.47010E-01 1.87100E-01 8.96415E-02 5.03098E+00 
1.04605E-01 1.99749E-01 2.58310E-01 3.52685E-01 3.66888E-01 5.31999E-01 6.32633E-01 2.57849E-01 1.99749E-01 1.04605E-01 5.14160E+00 
1.19284E-01 2.12121E-01 2.68893E-01 3.62821E-01 3.77534E-01 5.45324E-01 6.48318E-01 2.68431E-01 2.12121E-01 1.19284E-01 5.23653E+00 
1.33620E-01 2.24158E-01 2.79164E-01 3.72585E-01 3.87796E-01 5.58202E-01 6.63571E-01 2.78701E-01 2.24158E-01 1.33620E-01 5.31529E+00 
1.47553E-01 2.35803E-01 2.89069E-01 3.81924E-01 3.97619E-01 5.70568E-01 6.78324E-01 2.88606E-01 2.35803E-01 1.47553E-01 5.37757E+00 
1.61027E-01 2.47003E-01 2.98556E-01 3.90786E-01 4.06949E-01 5.82364E-01 6.92513E-01 2.98093E-01 2.47003E-01 1.61027E-01 5.42326E+00 
1.73989E-01 2.57709E-01 3.07576E-01 3.99123E-01 4.15738E-01 5.93533E-01 7.06074E-01 3.07114E-01 2.57709E-01 1.73989E-01 5.45243E+00 
1.86390E-01 2.67872E-01 3.16083E-01 4.06890E-01 4.23939E-01 6.04022E-01 7.18950E-01 3.15624E-01 2.67872E-01 1.86390E-01 5.46534E+00 
1.98484E-03 2.53172E-02 6.33477E-02 1.66037E-01 1.73202E-01 3.04903E-01 3.75432E-01 6.29169E-02 2.53172E-02 1.98484E-03 1.61615E+00 
1.98484E-03 2.53172E-02 7.05382E-02 1.73251E-01 1.80989E-01 3.15500E-01 3.87848E-01 7.01002E-02 2.53172E-02 1.98484E-03 1.82765E+00 
1.98484E-03 3.90245E-03 7.79460E-02 1.80646E-01 1.88953E-01 3.26244E-01 4.00432E-01 7.75011E-02 3.90245E-03 1.98484E-03 2.03183E+00 
1.98484E-03 1.31123E-02 8.55705E-02 1.88222E-01 1.97092E-01 3.37137E-01 4.13185E-01 8.51191E-02 1.31123E-02 1.98484E-03 2.22549E+00 
1.98484E-03 2.25393E-02 9.34099E-02 1.95977E-01 2.05411E-01 3.48219E-01 4.26171E-01 9.29521E-02 2.25393E-02 1.98484E-03 2.41939E+00 
1.98484E-03 3.21645E-02 1.01447E-01 2.03893E-01 2.13893E-01 3.59466E-01 4.39365E-01 1.00984E-01 3.21645E-02 1.98484E-03 2.61245E+00 
1.98484E-03 4.19682E-02 1.09666E-01 2.11952E-01 2.22517E-01 3.70854E-01 4.52739E-01 1.09196E-01 4.19682E-02 1.98484E-03 2.80358E+00 
1.98484E-03 4.96622E-02 1.16135E-01 2.18272E-01 2.29273E-01 3.79742E-01 4.63192E-01 1.15662E-01 4.96622E-02 1.98484E-03 2.94944E+00 
1.98484E-03 5.19280E-02 1.18044E-01 2.20132E-01 2.31260E-01 3.82352E-01 4.66263E-01 1.17569E-01 5.19280E-02 1.98484E-03 2.99167E+00 
1.98484E-03 6.28143E-02 1.27232E-01 2.29061E-01 2.40793E-01 3.94842E-01 4.80977E-01 1.26751E-01 6.28143E-02 1.98484E-03 3.18978E+00 
1.98484E-03 7.38214E-02 1.36550E-01 2.38072E-01 2.50404E-01 4.07387E-01 4.95786E-01 1.36065E-01 7.38214E-02 1.98484E-03 3.38169E+00 
1.98484E-03 8.49145E-02 1.45966E-01 2.47133E-01 2.60057E-01 4.19947E-01 5.10645E-01 1.45476E-01 8.49145E-02 1.98484E-03 3.56609E+00 
1.98484E-03 9.60564E-02 1.55445E-01 2.56206E-01 2.69715E-01 4.32477E-01 5.25507E-01 1.54950E-01 9.60564E-02 1.98484E-03 3.74171E+00 
1.10524E-02 1.07234E-01 1.64992E-01 2.65302E-01 2.79378E-01 4.44933E-01 5.40294E-01 1.64494E-01 1.07234E-01 1.10524E-02 3.88505E+00 
2.43631E-02 1.18393E-01 1.74529E-01 2.74335E-01 2.88971E-01 4.57282E-01 5.55009E-01 1.74028E-01 1.18393E-01 2.43631E-02 4.01408E+00 
3.76079E-02 1.29479E-01 1.84001E-01 2.83249E-01 2.98436E-01 4.69469E-01 5.69600E-01 1.83498E-01 1.29479E-01 3.76079E-02 4.13247E+00 
5.07339E-02 1.40443E-01 1.93362E-01 2.91998E-01 3.07726E-01 4.81436E-01 5.84004E-01 1.92857E-01 1.40443E-01 5.07339E-02 4.23926E+00 
6.36879E-02 1.51235E-01 2.02565E-01 3.00534E-01 3.16789E-01 4.93125E-01 5.98157E-01 2.02058E-01 1.51235E-01 6.36879E-02 4.33363E+00 
7.64170E-02 1.61805E-01 2.11561E-01 3.08808E-01 3.25578E-01 5.04477E-01 6.11997E-01 2.11054E-01 1.61805E-01 7.64170E-02 4.41492E+00 
8.88688E-02 1.72104E-01 2.20303E-01 3.16773E-01 3.34042E-01 5.15436E-01 6.25459E-01 2.19797E-01 1.72104E-01 8.88688E-02 4.48262E+00 
1.00993E-01 1.82085E-01 2.28747E-01 3.24386E-01 3.42135E-01 5.25947E-01 6.38485E-01 2.28241E-01 1.82085E-01 1.00993E-01 4.53639E+00 
1.12740E-01 1.91700E-01 2.36848E-01 3.31601E-01 3.49812E-01 5.35956E-01 6.51013E-01 2.36344E-01 1.91700E-01 1.12740E-01 4.57605E+00 
1.24064E-01 2.00907E-01 2.44563E-01 3.38378E-01 3.57031E-01 5.45414E-01 6.62988E-01 2.44061E-01 2.00907E-01 1.24064E-01 4.60158E+00 
1.34922E-01 2.09665E-01 2.51854E-01 3.44679E-01 3.63751E-01 5.54274E-01 6.74356E-01 2.51356E-01 2.09665E-01 1.34922E-01 4.61314E+00 
1.45274E-01 2.17936E-01 2.58685E-01 3.50469E-01 3.69936E-01 5.62492E-01 6.85068E-01 2.58191E-01 2.17936E-01 1.45274E-01 4.61101E+00 
1.55085E-01 2.25687E-01 2.65023E-01 3.55718E-01 3.75556E-01 5.70031E-01 6.95078E-01 2.64534E-01 2.25687E-01 1.55085E-01 4.59564E+00 
1.71355E-03 2.27152E-02 5.19325E-02 1.60932E-01 1.71614E-01 3.22287E-01 3.99273E-01 5.14267E-02 2.27152E-02 1.71355E-03 1.67726E+00 
1.71355E-03 2.27152E-02 5.85329E-02 1.67204E-01 1.78499E-01 3.31949E-01 4.10995E-01 5.80207E-02 2.27152E-02 1.71355E-03 1.86019E+00 
1.71355E-03 3.52580E-03 6.52858E-02 1.73597E-01 1.85494E-01 3.41681E-01 4.22802E-01 6.47675E-02 3.52580E-03 1.71355E-03 2.03467E+00 
1.71355E-03 1.18111E-02 7.21900E-02 1.80107E-01 1.92596E-01 3.51480E-01 4.34695E-01 7.16660E-02 1.18111E-02 1.71355E-03 2.19788E+00 
1.71355E-03 2.02408E-02 7.92378E-02 1.86724E-01 1.99802E-01 3.61379E-01 4.46732E-01 7.87084E-02 2.02408E-02 1.71355E-03 2.35965E+00 
1.71355E-03 2.87959E-02 8.64123E-02 1.93429E-01 2.07093E-01 3.71352E-01 4.58884E-01 8.58778E-02 2.87959E-02 1.71355E-03 2.51901E+00 
1.71355E-03 3.74568E-02 9.36955E-02 2.00205E-01 2.14448E-01 3.81375E-01 4.71124E-01 9.31564E-02 3.74568E-02 1.71355E-03 2.67504E+00 
1.71355E-03 4.42169E-02 9.93930E-02 2.05483E-01 2.20169E-01 3.89145E-01 4.80635E-01 9.88506E-02 4.42169E-02 1.71355E-03 2.79287E+00 
1.71355E-03 4.62015E-02 1.01068E-01 2.07030E-01 2.21846E-01 3.91418E-01 4.83421E-01 1.00524E-01 4.62015E-02 1.71355E-03 2.82678E+00 
1.71355E-03 5.56982E-02 1.09092E-01 2.14421E-01 2.29844E-01 4.02237E-01 4.96707E-01 1.08544E-01 5.56982E-02 1.71355E-03 2.98455E+00 
1.71355E-03 6.52351E-02 1.17166E-01 2.21815E-01 2.37834E-01 4.13010E-01 5.09981E-01 1.16615E-01 6.52351E-02 1.71355E-03 3.13517E+00 
1.71355E-03 7.47805E-02 1.25260E-01 2.29183E-01 2.45785E-01 4.23697E-01 5.23199E-01 1.24706E-01 7.47805E-02 1.71355E-03 3.27762E+00 
1.71355E-03 8.43004E-02 1.33342E-01 2.36492E-01 2.53663E-01 4.34257E-01 5.36316E-01 1.32787E-01 8.43004E-02 1.71355E-03 3.41092E+00 
9.52132E-03 9.37864E-02 1.41421E-01 2.43758E-01 2.61474E-01 4.44654E-01 5.49259E-01 1.40863E-01 9.37864E-02 9.52132E-03 3.51478E+00 
2.09213E-02 1.03186E-01 1.49422E-01 2.50897E-01 2.69143E-01 4.54853E-01 5.62031E-01 1.48864E-01 1.03186E-01 2.09213E-02 3.60508E+00 
3.21908E-02 1.12452E-01 1.57299E-01 2.57860E-01 2.76620E-01 4.64805E-01 5.74584E-01 1.56741E-01 1.12452E-01 3.21908E-02 3.68517E+00 
4.32844E-02 1.21542E-01 1.65012E-01 2.64606E-01 2.83863E-01 4.74457E-01 5.86861E-01 1.64454E-01 1.21542E-01 4.32844E-02 3.75441E+00 
5.41569E-02 1.30414E-01 1.72519E-01 2.71096E-01 2.90831E-01 4.83760E-01 5.98806E-01 1.71963E-01 1.30414E-01 5.41569E-02 3.81230E+00 
6.47645E-02 1.39028E-01 1.79784E-01 2.77293E-01 2.97483E-01 4.92666E-01 6.10363E-01 1.79230E-01 1.39028E-01 6.47645E-02 3.85846E+00 
7.50643E-02 1.47344E-01 1.86767E-01 2.83159E-01 3.03782E-01 5.01126E-01 6.21477E-01 1.86216E-01 1.47344E-01 7.50643E-02 3.89266E+00 
8.50159E-02 1.55322E-01 1.93432E-01 2.88658E-01 3.09690E-01 5.09097E-01 6.32098E-01 1.92885E-01 1.55322E-01 8.50159E-02 3.91481E+00 
9.45810E-02 1.62929E-01 1.99746E-01 2.93759E-01 3.15173E-01 5.16536E-01 6.42176E-01 1.99204E-01 1.62929E-01 9.45810E-02 3.92496E+00 
1.03724E-01 1.70131E-01 2.05677E-01 2.98432E-01 3.20201E-01 5.23405E-01 6.51664E-01 2.05141E-01 1.70131E-01 1.03724E-01 3.92331E+00 
1.12414E-01 1.76898E-01 2.11196E-01 3.02648E-01 3.24744E-01 5.29670E-01 6.60520E-01 2.10667E-01 1.76898E-01 1.12414E-01 3.91018E+00 
1.20621E-01 1.83204E-01 2.16279E-01 3.06386E-01 3.28780E-01 5.35298E-01 6.68706E-01 2.15757E-01 1.83204E-01 1.20621E-01 3.88600E+00 
1.28321E-01 1.89025E-01 2.20903E-01 3.09626E-01 3.32286E-01 5.40264E-01 6.76187E-01 2.20390E-01 1.89025E-01 1.28321E-01 3.85129E+00 
1.47181E-03 2.02325E-02 4.23563E-02 1.55067E-01 1.70188E-01 3.40503E-01 4.24887E-01 4.17678E-02 2.02325E-02 1.47181E-03 1.70856E+00 
1.47181E-03 2.02325E-02 4.83562E-02 1.60419E-01 1.76151E-01 3.49140E-01 4.35850E-01 4.77623E-02 2.02325E-02 1.47181E-03 1.86415E+00 
1.47181E-03 3.16099E-03 5.44563E-02 1.65842E-01 1.82169E-01 3.57779E-01 4.46827E-01 5.38576E-02 3.16099E-03 1.47181E-03 2.01065E+00 
1.47181E-03 1.05591E-02 6.06550E-02 1.71333E-01 1.88240E-01 3.66418E-01 4.57815E-01 6.00519E-02 1.05591E-02 1.47181E-03 2.14563E+00 
1.47181E-03 1.80436E-02 6.69405E-02 1.76874E-01 1.94351E-01 3.75079E-01 4.68868E-01 6.63336E-02 1.80436E-02 1.47181E-03 2.27799E+00 
1.47181E-03 2.55960E-02 7.32962E-02 1.82446E-01 2.00485E-01 3.83738E-01 4.79956E-01 7.26859E-02 2.55960E-02 1.47181E-03 2.40690E+00 
1.47181E-03 3.31972E-02 7.97047E-02 1.88034E-01 2.06622E-01 3.92370E-01 4.91052E-01 7.90916E-02 3.31972E-02 1.47181E-03 2.53158E+00 
1.47181E-03 3.90992E-02 8.46877E-02 1.92356E-01 2.11361E-01 3.99014E-01 4.99623E-01 8.40727E-02 3.90992E-02 1.47181E-03 2.62466E+00 
1.47181E-03 4.08268E-02 8.61472E-02 1.93618E-01 2.12743E-01 4.00948E-01 5.02124E-01 8.55317E-02 4.08268E-02 1.47181E-03 2.65126E+00 
1.47181E-03 4.90607E-02 9.31091E-02 1.99611E-01 2.19299E-01 4.10105E-01 5.14001E-01 9.24917E-02 4.90607E-02 1.47181E-03 2.77387E+00 
1.47181E-03 5.72749E-02 1.00061E-01 2.05551E-01 2.25783E-01 4.19132E-01 5.25774E-01 9.94429E-02 5.72749E-02 1.47181E-03 2.88894E+00 
1.47181E-03 6.54406E-02 1.06977E-01 2.11412E-01 2.32166E-01 4.27994E-01 5.37402E-01 1.06358E-01 6.54406E-02 1.47181E-03 2.99570E+00 
1.47181E-03 7.35282E-02 1.13828E-01 2.17164E-01 2.38421E-01 4.36654E-01 5.48843E-01 1.13209E-01 7.35282E-02 1.47181E-03 3.09345E+00 
8.16108E-03 8.15323E-02 1.20622E-01 2.22829E-01 2.44558E-01 4.45085E-01 5.60029E-01 1.20005E-01 8.15323E-02 8.16108E-03 3.16473E+00 
1.78769E-02 8.94045E-02 1.27296E-01 2.28326E-01 2.50505E-01 4.53248E-01 5.70962E-01 1.26680E-01 8.94045E-02 1.78769E-02 3.22350E+00 
2.74200E-02 9.71043E-02 1.33805E-01 2.33612E-01 2.56218E-01 4.61100E-01 5.81599E-01 1.33193E-01 9.71043E-02 2.74200E-02 3.27284E+00 
3.67520E-02 1.04596E-01 1.40118E-01 2.38653E-01 2.61662E-01 4.68596E-01 5.91890E-01 1.39510E-01 1.04596E-01 3.67520E-02 3.31236E+00 
4.58355E-02 1.11845E-01 1.46202E-01 2.43419E-01 2.66804E-01 4.75694E-01 6.01784E-01 1.45599E-01 1.11845E-01 4.58355E-02 3.34177E+00 
5.46345E-02 1.18819E-01 1.52025E-01 2.47879E-01 2.71612E-01 4.82355E-01 6.11233E-01 1.51428E-01 1.18819E-01 5.46345E-02 3.36094E+00 
6.31149E-02 1.25486E-01 1.57558E-01 2.52006E-01 2.76058E-01 4.88540E-01 6.20190E-01 1.56967E-01 1.25486E-01 6.31149E-02 3.36984E+00 
7.12450E-02 1.31816E-01 1.62772E-01 2.55773E-01 2.80113E-01 4.94214E-01 6.28613E-01 1.62189E-01 1.31816E-01 7.12450E-02 3.36856E+00 
7.89956E-02 1.37783E-01 1.67642E-01 2.59157E-01 2.83753E-01 4.99345E-01 6.36459E-01 1.67069E-01 1.37783E-01 7.89956E-02 3.35732E+00 
8.63406E-02 1.43363E-01 1.72146E-01 2.62137E-01 2.86957E-01 5.03905E-01 6.43694E-01 1.71582E-01 1.43363E-01 8.63406E-02 3.33644E+00 
9.32570E-02 1.48535E-01 1.76264E-01 2.64695E-01 2.89706E-01 5.07870E-01 6.50282E-01 1.75711E-01 1.48535E-01 9.32570E-02 3.30634E+00 
9.97254E-02 1.53281E-01 1.79979E-01 2.66818E-01 2.91985E-01 5.11218E-01 6.56196E-01 1.79438E-01 1.53281E-01 9.97254E-02 3.26753E+00 
1.05730E-01 1.57588E-01 1.83277E-01 2.68494E-01 2.93784E-01 5.13934E-01 6.61410E-01 1.82749E-01 1.57588E-01 1.05730E-01 3.22058E+00 
1.25765E-03 1.78914E-02 3.43239E-02 1.48432E-01 1.68784E-01 3.59099E-01 4.52182E-01 3.36449E-02 1.78914E-02 1.25765E-03 1.70974E+00 
1.25765E-03 1.78914E-02 3.97284E-02 1.52899E-01 1.73806E-01 3.66617E-01 4.62315E-01 3.90459E-02 1.78914E-02 1.25765E-03 1.83983E+00 
1.25765E-03 2.81235E-03 4.51919E-02 1.57401E-01 1.78842E-01 3.74083E-01 4.72398E-01 4.45065E-02 2.81235E-03 1.25765E-03 1.96062E+00 
1.25765E-03 9.36974E-03 5.07128E-02 1.61934E-01 1.83887E-01 3.81493E-01 4.82427E-01 5.00252E-02 9.36974E-03 1.25765E-03 2.07002E+00 
1.25765E-03 1.59684E-02 5.62765E-02 1.66472E-01 1.88924E-01 3.88861E-01 4.92451E-01 5.55873E-02 1.59684E-02 1.25765E-03 2.17604E+00 
1.25765E-03 2.25907E-02 6.18671E-02 1.71000E-01 1.93935E-01 3.96163E-01 5.02439E-01 6.11768E-02 2.25907E-02 1.25765E-03 2.27800E+00 
1.25765E-03 2.92188E-02 6.74683E-02 1.75503E-01 1.98903E-01 4.03375E-01 5.12365E-01 6.67776E-02 2.92188E-02 1.25765E-03 2.37526E+00 
1.25765E-03 3.43395E-02 7.17984E-02 1.78959E-01 2.02705E-01 4.08877E-01 5.19982E-01 7.11079E-02 3.43395E-02 1.25765E-03 2.44689E+00 
1.25765E-03 3.58340E-02 7.30625E-02 1.79963E-01 2.03809E-01 4.10472E-01 5.22197E-01 7.23722E-02 3.58340E-02 1.25765E-03 2.46720E+00 
1.25765E-03 4.29299E-02 7.90659E-02 1.84704E-01 2.09009E-01 4.17966E-01 5.32660E-01 7.83768E-02 4.29299E-02 1.25765E-03 2.55972E+00 
1.25765E-03 4.99632E-02 8.50170E-02 1.89353E-01 2.14090E-01 4.25266E-01 5.42941E-01 8.43299E-02 4.99632E-02 1.25765E-03 2.64475E+00 
1.25765E-03 5.69086E-02 9.08918E-02 1.93887E-01 2.19030E-01 4.32339E-01 5.53002E-01 9.02077E-02 5.69086E-02 1.25765E-03 2.72172E+00 
1.25765E-03 6.37401E-02 9.66658E-02 1.98282E-01 2.23804E-01 4.39154E-01 5.62805E-01 9.59856E-02 6.37401E-02 1.25765E-03 2.79013E+00 
6.95944E-03 7.04553E-02 1.02348E-01 2.02563E-01 2.28429E-01 4.45693E-01 5.72285E-01 1.01673E-01 7.04553E-02 6.95944E-03 2.83504E+00 
1.51986E-02 7.70105E-02 1.07882E-01 2.06653E-01 2.32835E-01 4.51915E-01 5.81445E-01 1.07212E-01 7.70105E-02 1.51986E-02 2.86869E+00 
2.32405E-02 8.33712E-02 1.13230E-01 2.10515E-01 2.36983E-01 4.57779E-01 5.90247E-01 1.12567E-01 8.33712E-02 2.32405E-02 2.89386E+00 
3.10531E-02 8.95081E-02 1.18366E-01 2.14122E-01 2.40846E-01 4.63251E-01 5.98644E-01 1.17711E-01 8.95081E-02 3.10531E-02 2.91036E+00 
3.86057E-02 9.53934E-02 1.23263E-01 2.17450E-01 2.44399E-01 4.68294E-01 6.06593E-01 1.22617E-01 9.53934E-02 3.86057E-02 2.91809E+00 
4.58697E-02 1.01001E-01 1.27896E-01 2.20477E-01 2.47617E-01 4.72877E-01 6.14052E-01 1.27261E-01 1.01001E-01 4.58697E-02 2.91706E+00 
5.28184E-02 1.06306E-01 1.32243E-01 2.23183E-01 2.50479E-01 4.76971E-01 6.20983E-01 1.31619E-01 1.06306E-01 5.28184E-02 2.90741E+00 
5.94275E-02 1.11288E-01 1.36283E-01 2.25548E-01 2.52966E-01 4.80549E-01 6.27348E-01 1.35672E-01 1.11288E-01 5.94275E-02 2.88935E+00 
6.56755E-02 1.15925E-01 1.39998E-01 2.27556E-01 2.55062E-01 4.83588E-01 6.33116E-01 1.39400E-01 1.15925E-01 6.56755E-02 2.86319E+00 
7.15438E-02 1.20203E-01 1.43371E-01 2.29196E-01 2.56753E-01 4.86070E-01 6.38257E-01 1.42789E-01 1.20203E-01 7.15438E-02 2.82935E+00 
7.70168E-02 1.24106E-01 1.46391E-01 2.30456E-01 2.58029E-01 4.87978E-01 6.42747E-01 1.45824E-01 1.24106E-01 7.70168E-02 2.78827E+00 
8.20820E-02 1.27625E-01 1.49047E-01 2.31330E-01 2.58883E-01 4.89300E-01 6.46564E-01 1.48497E-01 1.27625E-01 8.20820E-02 2.74051E+00 
8.67304E-02 1.30752E-01 1.51331E-01 2.31814E-01 2.59311E-01 4.90028E-01 6.49691E-01 1.50800E-01 1.30752E-01 8.67304E-02 2.68664E+00 
1.07010E-03 1.57240E-02 2.76304E-02 1.41077E-01 1.67111E-01 3.77359E-01 4.80836E-01 2.68546E-02 1.57240E-02 1.07010E-03 1.68249E+00 
1.07010E-03 1.57240E-02 3.24619E-02 1.44716E-01 1.71189E-01 3.83681E-01 4.90064E-01 3.16853E-02 1.57240E-02 1.07010E-03 1.78954E+00 
1.07010E-03 2.48575E-03 3.73211E-02 1.48363E-01 1.75249E-01 3.89907E-01 4.99185E-01 3.65444E-02 2.48575E-03 1.07010E-03 1.88740E+00 
1.07010E-03 8.26132E-03 4.22064E-02 1.52015E-01 1.79288E-01 3.96033E-01 5.08195E-01 4.14304E-02 8.26132E-03 1.07010E-03 1.97431E+00 
1.07010E-03 1.40442E-02 4.71015E-02 1.55641E-01 1.83282E-01 4.02064E-01 5.17137E-01 4.63269E-02 1.40442E-02 1.07010E-03 2.05741E+00 
1.07010E-03 1.98181E-02 5.19915E-02 1.59228E-01 1.87215E-01 4.07978E-01 5.25982E-01 5.12191E-02 1.98181E-02 1.07010E-03 2.13618E+00 
1.07010E-03 2.55665E-02 5.68612E-02 1.62760E-01 1.91071E-01 4.13751E-01 5.34702E-01 5.60919E-02 2.55665E-02 1.07010E-03 2.21008E+00 
1.07010E-03 2.99861E-02 6.06053E-02 1.65448E-01 1.93992E-01 4.18108E-01 5.41344E-01 5.98388E-02 2.99861E-02 1.07010E-03 2.26362E+00 
1.07010E-03 3.12724E-02 6.16949E-02 1.66225E-01 1.94835E-01 4.19362E-01 5.43267E-01 6.09294E-02 3.12724E-02 1.07010E-03 2.27864E+00 
1.07010E-03 3.73572E-02 6.68477E-02 1.69866E-01 1.98771E-01 4.25205E-01 5.52298E-01 6.60873E-02 3.73572E-02 1.07010E-03 2.34609E+00 
1.07010E-03 4.33504E-02 7.19190E-02 1.73390E-01 2.02560E-01 4.30803E-01 5.61080E-01 7.11649E-02 4.33504E-02 1.07010E-03 2.40635E+00 
1.07010E-03 4.92299E-02 7.68882E-02 1.76779E-01 2.06182E-01 4.36131E-01 5.69577E-01 7.61413E-02 4.92299E-02 1.07010E-03 2.45904E+00 
1.07010E-03 5.49737E-02 8.17341E-02 1.80013E-01 2.09617E-01 4.41160E-01 5.77755E-01 8.09957E-02 5.49737E-02 1.07010E-03 2.50384E+00 
5.90991E-03 6.05811E-02 8.64666E-02 1.83120E-01 2.12889E-01 4.45885E-01 5.85558E-01 8.57375E-02 6.05811E-02 5.90991E-03 2.52800E+00 
1.28686E-02 6.60138E-02 9.10346E-02 1.86027E-01 2.15929E-01 4.50259E-01 5.92985E-01 9.03161E-02 6.60138E-02 1.28686E-02 2.54219E+00 
1.96187E-02 7.12427E-02 9.54085E-02 1.88703E-01 2.18703E-01 4.54247E-01 6.00000E-01 9.47017E-02 7.12427E-02 1.96187E-02 2.54893E+00 
2.61339E-02 7.62442E-02 9.95658E-02 1.91126E-01 2.21191E-01 4.57819E-01 6.06564E-01 9.88721E-02 7.62442E-02 2.61339E-02 2.54816E+00 
3.23897E-02 8.09960E-02 1.03486E-01 1.93280E-01 2.23375E-01 4.60949E-01 6.12639E-01 1.02807E-01 8.09960E-02 3.23897E-02 2.53992E+00 
3.83634E-02 8.54779E-02 1.07150E-01 1.95148E-01 2.25237E-01 4.63611E-01 6.18188E-01 1.06486E-01 8.54779E-02 3.83634E-02 2.52435E+00 
4.40347E-02 8.96717E-02 1.10541E-01 1.96715E-01 2.26763E-01 4.65785E-01 6.23180E-01 1.09893E-01 8.96717E-02 4.40347E-02 2.50167E+00 
4.93855E-02 9.35614E-02 1.13643E-01 1.97970E-01 2.27940E-01 4.67451E-01 6.27586E-01 1.13014E-01 9.35614E-02 4.93855E-02 2.47217E+00 
5.44005E-02 9.71336E-02 1.16445E-01 1.98903E-01 2.28759E-01 4.68594E-01 6.31379E-01 1.15835E-01 9.71336E-02 5.44005E-02 2.43623E+00 
5.90673E-02 1.00377E-01 1.18935E-01 1.99507E-01 2.29214E-01 4.69204E-01 6.34539E-01 1.18346E-01 1.00377E-01 5.90673E-02 2.39429E+00 
6.33759E-02 1.03285E-01 1.21108E-01 1.99777E-01 2.29301E-01 4.69271E-01 6.37047E-01 1.20540E-01 1.03285E-01 6.33759E-02 2.34683E+00 
6.73195E-02 1.05850E-01 1.22957E-01 1.99712E-01 2.29017E-01 4.68791E-01 6.38890E-01 1.22412E-01 1.05850E-01 6.73195E-02 2.29438E+00 
7.08941E-02 1.08071E-01 1.24481E-01 1.99312E-01 2.28366E-01 4.67764E-01 6.40057E-01 1.23959E-01 1.08071E-01 7.08941E-02 2.23751E+00 
9.07410E-04 1.37504E-02 2.20851E-02 1.33073E-01 1.64755E-01 3.94501E-01 5.10472E-01 2.12081E-02 1.37504E-02 9.07410E-04 1.63060E+00 
9.07410E-04 1.37504E-02 2.63795E-02 1.35958E-01 1.67904E-01 3.99570E-01 5.18713E-01 2.55054E-02 1.37504E-02 9.07410E-04 1.71746E+00 
9.07410E-04 2.18537E-03 3.06785E-02 1.38833E-01 1.71015E-01 4.04511E-01 5.26799E-01 2.98080E-02 2.18537E-03 9.07410E-04 1.79547E+00 
9.07410E-04 7.24639E-03 3.49803E-02 1.41695E-01 1.74085E-01 4.09320E-01 5.34724E-01 3.41144E-02 7.24639E-03 9.07410E-04 1.86314E+00 
9.07410E-04 1.22900E-02 3.92678E-02 1.44509E-01 1.77085E-01 4.13991E-01 5.42524E-01 3.84074E-02 1.22900E-02 9.07410E-04 1.92685E+00 
9.07410E-04 1.73012E-02 4.35274E-02 1.47265E-01 1.80000E-01 4.18504E-01 5.50171E-01 4.26734E-02 1.73012E-02 9.07410E-04 1.98616E+00 
9.07410E-04 2.22650E-02 4.77451E-02 1.49949E-01 1.82818E-01 4.22840E-01 5.57638E-01 4.68985E-02 2.22650E-02 9.07410E-04 2.04066E+00 
9.07410E-04 2.60637E-02 5.09708E-02 1.51969E-01 1.84922E-01 4.26059E-01 5.63274E-01 5.01306E-02 2.60637E-02 9.07410E-04 2.07930E+00 
9.07410E-04 2.71663E-02 5.19067E-02 1.52549E-01 1.85524E-01 4.26977E-01 5.64897E-01 5.10685E-02 2.71663E-02 9.07410E-04 2.08999E+00 
9.07410E-04 3.23632E-02 5.63147E-02 1.55243E-01 1.88301E-01 4.31193E-01 5.72461E-01 5.54867E-02 3.23632E-02 9.07410E-04 2.13702E+00 
9.07410E-04 3.74503E-02 6.06227E-02 1.57807E-01 1.90917E-01 4.35132E-01 5.79717E-01 5.98061E-02 3.74503E-02 9.07410E-04 2.17735E+00 
9.07410E-04 4.24087E-02 6.48130E-02 1.60228E-01 1.93354E-01 4.38769E-01 5.86635E-01 6.40091E-02 4.24087E-02 9.07410E-04 2.21072E+00 
9.07410E-04 4.72196E-02 6.88678E-02 1.62487E-01 1.95597E-01 4.42083E-01 5.93181E-01 6.80778E-02 4.72196E-02 9.07410E-04 2.23694E+00 
5.00178E-03 5.18840E-02 7.27966E-02 1.64617E-01 1.97676E-01 4.45079E-01 5.99310E-01 7.20215E-02 5.18840E-02 5.00178E-03 2.24519E+00 
1.08598E-02 5.63684E-02 7.65555E-02 1.66548E-01 1.99522E-01 4.47705E-01 6.05017E-01 7.57967E-02 5.63684E-02 1.08598E-02 2.24474E+00 
1.65076E-02 6.06489E-02 8.01198E-02 1.68255E-01 2.01109E-01 4.49930E-01 6.10268E-01 7.93787E-02 6.06489E-02 1.65076E-02 2.23783E+00 
2.19238E-02 6.47065E-02 8.34718E-02 1.69721E-01 2.02420E-01 4.51730E-01 6.15028E-01 8.27497E-02 6.47065E-02 2.19238E-02 2.22453E+00 
2.70890E-02 6.85240E-02 8.65955E-02 1.70934E-01 2.03444E-01 4.53085E-01 6.19265E-01 8.58936E-02 6.85240E-02 2.70890E-02 2.20497E+00 
3.19859E-02 7.20860E-02 8.94764E-02 1.71884E-01 2.04169E-01 4.53978E-01 6.22950E-01 8.87963E-02 7.20860E-02 3.19859E-02 2.17936E+00 
3.65992E-02 7.53793E-02 9.21024E-02 1.72560E-01 2.04586E-01 4.54394E-01 6.26057E-01 9.14452E-02 7.53793E-02 3.65992E-02 2.14798E+00 
4.09160E-02 7.83929E-02 9.44631E-02 1.72957E-01 2.04690E-01 4.54321E-01 6.28562E-01 9.38301E-02 7.83929E-02 4.09160E-02 2.11118E+00 
4.49260E-02 8.11181E-02 9.65506E-02 1.73068E-01 2.04475E-01 4.53751E-01 6.30448E-01 9.59431E-02 8.11181E-02 4.49260E-02 2.06937E+00 
4.86215E-02 8.35485E-02 9.83591E-02 1.72893E-01 2.03941E-01 4.52680E-01 6.31698E-01 9.77782E-02 8.35485E-02 4.86215E-02 2.02298E+00 
5.19970E-02 8.56804E-02 9.98854E-02 1.72430E-01 2.03089E-01 4.51105E-01 6.32302E-01 9.93323E-02 8.56804E-02 5.19970E-02 1.97250E+00 
5.50501E-02 8.75122E-02 1.01128E-01 1.71682E-01 2.01923E-01 4.49028E-01 6.32253E-01 1.00604E-01 8.75122E-02 5.50501E-02 1.91844E+00 
5.77803E-02 8.90449E-02 1.02089E-01 1.70653E-01 2.00447E-01 4.46455E-01 6.31546E-01 1.01595E-01 8.90449E-02 5.77803E-02 1.86130E+00 
7.67479E-04 1.19810E-02 1.75223E-02 1.24527E-01 1.61266E-01 4.09756E-01 5.40631E-01 1.65427E-02 1.19810E-02 7.67479E-04 1.55945E+00 
7.67479E-04 1.19810E-02 2.13251E-02 1.26743E-01 1.63530E-01 4.13546E-01 5.47801E-01 2.03531E-02 1.19810E-02 7.67479E-04 1.62908E+00 
7.67479E-04 1.91380E-03 2.51153E-02 1.28938E-01 1.65745E-01 4.17187E-01 5.54773E-01 2.41519E-02 1.91380E-03 7.67479E-04 1.69036E+00 
7.67479E-04 6.33214E-03 2.88914E-02 1.31109E-01 1.67909E-01 4.20673E-01 5.61539E-01 2.79376E-02 6.33214E-03 7.67479E-04 1.74202E+00 
7.67479E-04 1.07155E-02 3.26362E-02 1.33220E-01 1.69987E-01 4.23988E-01 5.68129E-01 3.16930E-02 1.07155E-02 7.67479E-04 1.78972E+00 
7.67479E-04 1.50502E-02 3.63370E-02 1.35259E-01 1.71967E-01 4.27116E-01 5.74515E-01 3.54055E-02 1.50502E-02 7.67479E-04 1.83310E+00 
7.67479E-04 1.93229E-02 3.99813E-02 1.37217E-01 1.73838E-01 4.30038E-01 5.80672E-01 3.90627E-02 1.93229E-02 7.67479E-04 1.87185E+00 
7.67479E-04 2.25778E-02 4.27544E-02 1.38669E-01 1.75204E-01 4.32146E-01 5.85262E-01 4.18465E-02 2.25778E-02 7.67479E-04 1.89849E+00 
7.67479E-04 2.35200E-02 4.35566E-02 1.39083E-01 1.75589E-01 4.32736E-01 5.86573E-01 4.26519E-02 2.35200E-02 7.67479E-04 1.90571E+00 
7.67479E-04 2.79454E-02 4.73196E-02 1.40978E-01 1.77329E-01 4.35376E-01 5.92621E-01 4.64314E-02 2.79454E-02 7.67479E-04 1.93648E+00 
7.67479E-04 3.22507E-02 5.09721E-02 1.42741E-01 1.78905E-01 4.37717E-01 5.98312E-01 5.01017E-02 3.22507E-02 7.67479E-04 1.96109E+00 
7.67479E-04 3.64198E-02 5.44988E-02 1.44358E-01 1.80302E-01 4.39739E-01 6.03616E-01 5.36475E-02 3.64198E-02 7.67479E-04 1.97939E+00 
7.67479E-04 4.04371E-02 5.78848E-02 1.45817E-01 1.81509E-01 4.41424E-01 6.08504E-01 5.70540E-02 4.04371E-02 7.67479E-04 1.99133E+00 
4.22242E-03 4.43047E-02 6.11393E-02 1.47150E-01 1.82559E-01 4.42790E-01 6.12945E-01 6.03301E-02 4.43047E-02 4.22242E-03 1.98769E+00 
9.14160E-03 4.79938E-02 6.42250E-02 1.48293E-01 1.83388E-01 4.43779E-01 6.16924E-01 6.34387E-02 4.79938E-02 9.14160E-03 1.97651E+00 
1.38554E-02 5.14848E-02 6.71215E-02 1.49224E-01 1.83972E-01 4.44362E-01 6.20409E-01 6.63595E-02 5.14848E-02 1.38554E-02 1.95982E+00 
1.83468E-02 5.47629E-02 6.98149E-02 1.49933E-01 1.84301E-01 4.44522E-01 6.23372E-01 6.90788E-02 5.47629E-02 1.83468E-02 1.93775E+00 
2.26007E-02 5.78150E-02 7.22932E-02 1.50410E-01 1.84367E-01 4.44246E-01 6.25786E-01 7.15843E-02 5.78150E-02 2.26007E-02 1.91050E+00 
2.66041E-02 6.06298E-02 7.45459E-02 1.50650E-01 1.84163E-01 4.43522E-01 6.27627E-01 7.38657E-02 6.06298E-02 2.66041E-02 1.87832E+00 
3.03461E-02 6.31982E-02 7.65646E-02 1.50646E-01 1.83687E-01 4.42342E-01 6.28875E-01 7.59142E-02 6.31982E-02 3.03461E-02 1.84155E+00 
3.38179E-02 6.55130E-02 7.83428E-02 1.50397E-01 1.82936E-01 4.40700E-01 6.29515E-01 7.77235E-02 6.55130E-02 3.38179E-02 1.80055E+00 
3.70130E-02 6.75693E-02 7.98760E-02 1.49901E-01 1.81911E-01 4.38593E-01 6.29532E-01 7.92890E-02 6.75693E-02 3.70130E-02 1.75573E+00 
3.99275E-02 6.93643E-02 8.11620E-02 1.49159E-01 1.80614E-01 4.36024E-01 6.28920E-01 8.06083E-02 6.93643E-02 3.99275E-02 1.70753E+00 
4.25595E-02 7.08975E-02 8.22005E-02 1.48174E-01 1.79050E-01 4.32995E-01 6.27671E-01 8.16811E-02 7.08975E-02 4.25595E-02 1.65640E+00 
4.49093E-02 7.21702E-02 8.29932E-02 1.46952E-01 1.77226E-01 4.29513E-01 6.25786E-01 8.25090E-02 7.21702E-02 4.49093E-02 1.60282E+00 
4.69794E-02 7.31860E-02 8.35439E-02 1.45499E-01 1.75150E-01 4.25588E-01 6.23267E-01 8.30955E-02 7.31860E-02 4.69794E-02 1.54727E+00 
6.47949E-04 1.04152E-02 1.37989E-02 1.15572E-01 1.56282E-01 4.22496E-01 5.70792E-01 1.27192E-02 1.04152E-02 6.47949E-04 1.47521E+00 
6.47949E-04 1.04152E-02 1.71601E-02 1.17212E-01 1.57735E-01 4.25017E-01 5.76801E-01 1.60941E-02 1.04152E-02 6.47949E-04 1.53052E+00 
6.47949E-04 1.67190E-03 2.04964E-02 1.18825E-01 1.59136E-01 4.27375E-01 5.82574E-01 1.94449E-02 1.67190E-03 6.47949E-04 1.57801E+00 
6.47949E-04 5.52014E-03 2.38061E-02 1.20407E-01 1.60483E-01 4.29563E-01 5.88103E-01 2.27704E-02 5.52014E-03 6.47949E-04 1.61664E+00 
6.47949E-04 9.32114E-03 2.70724E-02 1.21921E-01 1.61736E-01 4.31557E-01 5.93407E-01 2.60537E-02 9.32114E-03 6.47949E-04 1.65138E+00 
6.47949E-04 1.30626E-02 3.02839E-02 1.23358E-01 1.62886E-01 4.33341E-01 5.98463E-01 2.92834E-02 1.30626E-02 6.47949E-04 1.68197E+00 
6.47949E-04 1.67326E-02 3.34294E-02 1.24710E-01 1.63924E-01 4.34900E-01 6.03244E-01 3.24484E-02 1.67326E-02 6.47949E-04 1.70817E+00 
6.47949E-04 1.95156E-02 3.58109E-02 1.25690E-01 1.64644E-01 4.35942E-01 6.06740E-01 3.48458E-02 1.95156E-02 6.47949E-04 1.72532E+00 
6.47949E-04 2.03192E-02 3.64978E-02 1.25966E-01 1.64841E-01 4.36219E-01 6.07727E-01 3.55375E-02 2.03192E-02 6.47949E-04 1.72980E+00 
6.47949E-04 2.40795E-02 3.97071E-02 1.27204E-01 1.65684E-01 4.37357E-01 6.12200E-01 3.87706E-02 2.40795E-02 6.47949E-04 1.74783E+00 
6.47949E-04 2.77151E-02 4.28006E-02 1.28311E-01 1.66367E-01 4.38183E-01 6.16273E-01 4.18894E-02 2.77151E-02 6.47949E-04 1.76026E+00 
6.47949E-04 3.12125E-02 4.57654E-02 1.29277E-01 1.66881E-01 4.38683E-01 6.19918E-01 4.48809E-02 3.12125E-02 6.47949E-04 1.76702E+00 
6.47949E-04 3.45588E-02 4.85893E-02 1.30093E-01 1.67216E-01 4.38843E-01 6.23112E-01 4.77329E-02 3.45588E-02 6.47949E-04 1.76814E+00 
3.55804E-03 3.77569E-02 5.12810E-02 1.30791E-01 1.67411E-01 4.38693E-01 6.25836E-01 5.04537E-02 3.77569E-02 3.55804E-03 1.75582E+00 
7.68128E-03 4.07824E-02 5.38090E-02 1.31312E-01 1.67400E-01 4.38167E-01 6.28065E-01 5.30122E-02 4.07824E-02 7.68128E-03 1.73702E+00 
1.16081E-02 4.36194E-02 5.61568E-02 1.31637E-01 1.67167E-01 4.37240E-01 6.29771E-01 5.53921E-02 4.36194E-02 1.16081E-02 1.71354E+00 
1.53253E-02 4.62567E-02 5.83139E-02 1.31762E-01 1.66703E-01 4.35901E-01 6.30929E-01 5.75827E-02 4.62567E-02 1.53253E-02 1.68557E+00 
1.88214E-02 4.86845E-02 6.02714E-02 1.31679E-01 1.66007E-01 4.34142E-01 6.31519E-01 5.95749E-02 4.86845E-02 1.88214E-02 1.65337E+00 
2.20870E-02 5.08950E-02 6.20221E-02 1.31385E-01 1.65075E-01 4.31956E-01 6.31523E-01 6.13617E-02 5.08950E-02 2.20870E-02 1.61722E+00 
2.51144E-02 5.28823E-02 6.35605E-02 1.30880E-01 1.63908E-01 4.29341E-01 6.30927E-01 6.29375E-02 5.28823E-02 2.51144E-02 1.57747E+00 
2.78985E-02 5.46425E-02 6.48833E-02 1.30162E-01 1.62507E-01 4.26297E-01 6.29721E-01 6.42987E-02 5.46425E-02 2.78985E-02 1.53449E+00 
3.04357E-02 5.61734E-02 6.59888E-02 1.29235E-01 1.60877E-01 4.22826E-01 6.27898E-01 6.54435E-02 5.61734E-02 3.04357E-02 1.48869E+00 
3.27249E-02 5.74751E-02 6.68773E-02 1.28100E-01 1.59021E-01 4.18936E-01 6.25455E-01 6.63722E-02 5.74751E-02 3.27249E-02 1.44049E+00 
3.47668E-02 5.85492E-02 6.75506E-02 1.26765E-01 1.56949E-01 4.14633E-01 6.22395E-01 6.70865E-02 5.85492E-02 3.47668E-02 1.39032E+00 
3.65640E-02 5.93994E-02 6.80126E-02 1.25235E-01 1.54668E-01 4.09929E-01 6.18721E-01 6.75901E-02 5.93994E-02 3.65640E-02 1.33861E+00 
3.81209E-02 6.00309E-02 6.82687E-02 1.23520E-01 1.52189E-01 4.04837E-01 6.14442E-01 6.78882E-02 6.00309E-02 3.81209E-02 1.28578E+00 
5.46375E-04 9.04411E-03 1.07912E-02 1.06365E-01 1.49633E-01 4.32335E-01 6.00377E-01 9.61913E-03 9.04411E-03 5.46375E-04 1.38417E+00 
5.46375E-04 9.04411E-03 1.37617E-02 1.07523E-01 1.50377E-01 4.33627E-01 6.05133E-01 1.26105E-02 9.04411E-03 5.46375E-04 1.42775E+00 
5.46375E-04 1.45897E-03 1.66978E-02 1.08650E-01 1.51071E-01 4.34748E-01 6.09620E-01 1.55688E-02 1.45897E-03 5.46375E-04 1.46406E+00 
5.46375E-04 4.80697E-03 1.95984E-02 1.09744E-01 1.51713E-01 4.35691E-01 6.13829E-01 1.84924E-02 4.80697E-03 5.46375E-04 1.49222E+00 
5.46375E-04 8.09927E-03 2.24470E-02 1.10766E-01 1.52260E-01 4.36423E-01 6.17771E-01 2.13656E-02 8.09927E-03 5.46375E-04 1.51662E+00 
5.46375E-04 1.13249E-02 2.52336E-02 1.11709E-01 1.52704E-01 4.36929E-01 6.21421E-01 2.41781E-02 1.13249E-02 5.46375E-04 1.53706E+00 
5.46375E-04 1.44733E-02 2.79481E-02 1.12566E-01 1.53039E-01 4.37198E-01 6.24758E-01 2.69199E-02 1.44733E-02 5.46375E-04 1.55337E+00 
5.46375E-04 1.68497E-02 2.99929E-02 1.13165E-01 1.53219E-01 4.37235E-01 6.27110E-01 2.89866E-02 1.68497E-02 5.46375E-04 1.56308E+00 
5.46375E-04 1.75340E-02 3.05809E-02 1.13329E-01 1.53258E-01 4.37217E-01 6.27758E-01 2.95812E-02 1.75340E-02 5.46375E-04 1.56544E+00 
5.46375E-04 2.07245E-02 3.33171E-02 1.14039E-01 1.53357E-01 4.36946E-01 6.30594E-01 3.23497E-02 2.07245E-02 5.46375E-04 1.57359E+00 
5.46375E-04 2.37896E-02 3.59359E-02 1.14623E-01 1.53306E-01 4.36359E-01 6.32992E-01 3.50023E-02 2.37896E-02 5.46375E-04 1.57666E+00 
5.46375E-04 2.67179E-02 3.84266E-02 1.15075E-01 1.53100E-01 4.35446E-01 6.34929E-01 3.75282E-02 2.67179E-02 5.46375E-04 1.57467E+00 
5.46375E-04 2.94991E-02 4.07793E-02 1.15387E-01 1.52732E-01 4.34198E-01 6.36385E-01 3.99176E-02 2.94991E-02 5.46375E-04 1.56770E+00 
2.99451E-03 3.21368E-02 4.30024E-02 1.15591E-01 1.52243E-01 4.32655E-01 6.37359E-01 4.21782E-02 3.21368E-02 2.99451E-03 1.54915E+00 
6.44607E-03 3.46104E-02 4.50694E-02 1.15634E-01 1.51571E-01 4.30746E-01 6.37813E-01 4.42841E-02 3.46104E-02 6.44607E-03 1.52506E+00 
9.71272E-03 3.69075E-02 4.69673E-02 1.15501E-01 1.50700E-01 4.28447E-01 6.37721E-01 4.62222E-02 3.69075E-02 9.71272E-03 1.49703E+00 
1.27843E-02 3.90196E-02 4.86883E-02 1.15188E-01 1.49628E-01 4.25752E-01 6.37063E-01 4.79848E-02 3.90196E-02 1.27843E-02 1.46530E+00 
1.56524E-02 4.09398E-02 5.02261E-02 1.14693E-01 1.48355E-01 4.22659E-01 6.35826E-01 4.95656E-02 4.09398E-02 1.56524E-02 1.43015E+00 
1.83106E-02 4.26632E-02 5.15763E-02 1.14015E-01 1.46882E-01 4.19167E-01 6.33997E-01 5.09597E-02 4.26632E-02 1.83106E-02 1.39188E+00 
2.07541E-02 4.41866E-02 5.27360E-02 1.13154E-01 1.45211E-01 4.15277E-01 6.31568E-01 5.21643E-02 4.41866E-02 2.07541E-02 1.35086E+00 
2.29802E-02 4.55083E-02 5.37040E-02 1.12114E-01 1.43347E-01 4.10995E-01 6.28535E-01 5.31781E-02 4.55083E-02 2.29802E-02 1.30746E+00 
2.49880E-02 4.66286E-02 5.44808E-02 1.10898E-01 1.41295E-01 4.06328E-01 6.24899E-01 5.40013E-02 4.66286E-02 2.49880E-02 1.26206E+00 
2.67784E-02 4.75494E-02 5.50685E-02 1.09511E-01 1.39064E-01 4.01286E-01 6.20662E-01 5.46361E-02 4.75494E-02 2.67784E-02 1.21506E+00 
2.83539E-02 4.82742E-02 5.54709E-02 1.07961E-01 1.36662E-01 3.95881E-01 6.15831E-01 5.50858E-02 4.82742E-02 2.83539E-02 1.16687E+00 
2.97188E-02 4.88081E-02 5.56929E-02 1.06255E-01 1.34099E-01 3.90128E-01 6.10417E-01 5.53555E-02 4.88081E-02 2.97188E-02 1.11786E+00 
3.08787E-02 4.91574E-02 5.57410E-02 1.04403E-01 1.31387E-01 3.84043E-01 6.04434E-01 5.54513E-02 4.91574E-02 3.08787E-02 1.06841E+00 
4.60303E-04 7.85098E-03 8.39030E-03 9.70694E-02 1.41386E-01 4.39165E-01 6.28796E-01 7.14017E-03 7.85098E-03 4.60303E-04 1.29192E+00 
4.60303E-04 7.85098E-03 1.10178E-02 9.78352E-02 1.41541E-01 4.39289E-01 6.32207E-01 9.79730E-03 7.85098E-03 4.60303E-04 1.32596E+00 
4.60303E-04 1.27295E-03 1.36039E-02 9.85694E-02 1.41652E-01 4.39238E-01 6.35321E-01 1.24141E-02 1.27295E-03 4.60303E-04 1.35323E+00 
4.60303E-04 4.18495E-03 1.61474E-02 9.92686E-02 1.41715E-01 4.39007E-01 6.38129E-01 1.49894E-02 4.18495E-03 4.60303E-04 1.37300E+00 
4.60303E-04 7.03546E-03 1.86332E-02 9.98958E-02 1.41685E-01 4.38551E-01 6.40629E-01 1.75083E-02 7.03546E-03 4.60303E-04 1.38916E+00 
4.60303E-04 9.81472E-03 2.10519E-02 1.00445E-01 1.41557E-01 4.37860E-01 6.42801E-01 1.99617E-02 9.81472E-03 4.60303E-04 1.40154E+00 
4.60303E-04 1.25136E-02 2.33951E-02 1.00909E-01 1.41327E-01 4.36924E-01 6.44623E-01 2.23409E-02 1.25136E-02 4.60303E-04 1.41005E+00 
4.60303E-04 1.45409E-02 2.51508E-02 1.01206E-01 1.41075E-01 4.36026E-01 6.45782E-01 2.41255E-02 1.45409E-02 4.60303E-04 1.41393E+00 
4.60303E-04 1.51231E-02 2.56541E-02 1.01283E-01 1.40989E-01 4.35735E-01 6.46078E-01 2.46374E-02 1.51231E-02 4.60303E-04 1.41462E+00 
4.60303E-04 1.78268E-02 2.79865E-02 1.01579E-01 1.40498E-01 4.34158E-01 6.47214E-01 2.70115E-02 1.78268E-02 4.60303E-04 1.41509E+00 
4.60303E-04 2.04069E-02 3.02024E-02 1.01757E-01 1.39872E-01 4.32268E-01 6.47882E-01 2.92706E-02 2.04069E-02 4.60303E-04 1.41098E+00 
4.60303E-04 2.28542E-02 3.22931E-02 1.01813E-01 1.39108E-01 4.30058E-01 6.48063E-01 3.14059E-02 2.28542E-02 4.60303E-04 1.40235E+00 
4.60303E-04 2.51605E-02 3.42507E-02 1.01742E-01 1.38201E-01 4.27521E-01 6.47742E-01 3.34093E-02 2.51605E-02 4.60303E-04 1.38934E+00 
2.51781E-03 2.73298E-02 3.60833E-02 1.01574E-01 1.37194E-01 4.24713E-01 6.46937E-01 3.52883E-02 2.73298E-02 2.51781E-03 1.36638E+00 
5.40393E-03 2.93454E-02 3.77690E-02 1.01262E-01 1.36027E-01 4.21551E-01 6.45594E-01 3.70217E-02 2.93454E-02 5.40393E-03 1.33870E+00 
8.11789E-03 3.11973E-02 3.92977E-02 1.00794E-01 1.34688E-01 4.18017E-01 6.43689E-01 3.85993E-02 3.11973E-02 8.11789E-03 1.30775E+00 
1.06522E-02 3.28796E-02 4.06638E-02 1.00167E-01 1.33177E-01 4.14109E-01 6.41210E-01 4.00154E-02 3.28796E-02 1.06522E-02 1.27377E+00 
1.30010E-02 3.43880E-02 4.18635E-02 9.93819E-02 1.31496E-01 4.09828E-01 6.38147E-01 4.12661E-02 3.43880E-02 1.30010E-02 1.23708E+00 
1.51602E-02 3.57198E-02 4.28944E-02 9.84402E-02 1.29649E-01 4.05179E-01 6.34495E-01 4.23487E-02 3.57198E-02 1.51602E-02 1.19800E+00 
1.71274E-02 3.68736E-02 4.37555E-02 9.73444E-02 1.27641E-01 4.00167E-01 6.30253E-01 4.32623E-02 3.68736E-02 1.71274E-02 1.15688E+00 
1.89019E-02 3.78500E-02 4.44475E-02 9.60986E-02 1.25477E-01 3.94803E-01 6.25422E-01 4.40072E-02 3.78500E-02 1.89019E-02 1.11409E+00 
2.04846E-02 3.86509E-02 4.49727E-02 9.47082E-02 1.23166E-01 3.89098E-01 6.20008E-01 4.45855E-02 3.86509E-02 2.04846E-02 1.06999E+00 
2.18781E-02 3.92797E-02 4.53344E-02 9.31797E-02 1.20715E-01 3.83064E-01 6.14021E-01 4.50004E-02 3.92797E-02 2.18781E-02 1.02496E+00 
2.30863E-02 3.97410E-02 4.55374E-02 9.15208E-02 1.18136E-01 3.76718E-01 6.07474E-01 4.52567E-02 3.97410E-02 2.30863E-02 9.79358E-01 
2.41143E-02 4.00409E-02 4.55878E-02 8.97402E-02 1.15438E-01 3.70077E-01 6.00382E-01 4.53600E-02 4.00409E-02 2.41143E-02 9.33523E-01 
2.49687E-02 4.01863E-02 4.54925E-02 8.78472E-02 1.12632E-01 3.63160E-01 5.92764E-01 4.53171E-02 4.01863E-02 2.49687E-02 8.87785E-01 
3.87781E-04 6.82027E-03 6.50982E-03 8.78974E-02 1.31879E-01 4.43099E-01 6.55328E-01 5.20395E-03 6.82027E-03 3.87781E-04 1.20335E+00 
3.87781E-04 6.82027E-03 8.83839E-03 8.83551E-02 1.31572E-01 4.42129E-01 6.57312E-01 7.57194E-03 6.82027E-03 3.87781E-04 1.22956E+00 
3.87781E-04 1.11171E-03 1.11199E-02 8.87809E-02 1.31227E-01 4.40985E-01 6.58977E-01 9.89388E-03 1.11171E-03 3.87781E-04 1.24948E+00 
3.87781E-04 3.64657E-03 1.33536E-02 8.91718E-02 1.30839E-01 4.39659E-01 6.60313E-01 1.21690E-02 3.64657E-03 3.87781E-04 1.26248E+00 
3.87781E-04 6.11604E-03 1.55253E-02 8.94916E-02 1.30364E-01 4.38101E-01 6.61308E-01 1.43835E-02 6.11604E-03 3.87781E-04 1.27199E+00 
3.87781E-04 8.51161E-03 1.76270E-02 8.97352E-02 1.29798E-01 4.36302E-01 6.61941E-01 1.65295E-02 8.51161E-03 3.87781E-04 1.27793E+00 
3.87781E-04 1.08254E-02 1.96512E-02 8.98978E-02 1.29137E-01 4.34255E-01 6.62195E-01 1.85992E-02 1.08254E-02 3.87781E-04 1.28022E+00 
3.87781E-04 1.25547E-02 2.11596E-02 8.99653E-02 1.28559E-01 4.32497E-01 6.62123E-01 2.01438E-02 1.25547E-02 3.87781E-04 1.27949E+00 
3.87781E-04 1.30498E-02 2.15907E-02 8.99751E-02 1.28379E-01 4.31954E-01 6.62056E-01 2.05856E-02 1.30498E-02 3.87781E-04 1.27886E+00 
3.87781E-04 1.53401E-02 2.35793E-02 8.99582E-02 1.27448E-01 4.29182E-01 6.61447E-01 2.26261E-02 1.53401E-02 3.87781E-04 1.27333E+00 
3.87781E-04 1.75101E-02 2.54540E-02 8.98330E-02 1.26398E-01 4.26103E-01 6.60348E-01 2.45539E-02 1.75101E-02 3.87781E-04 1.26365E+00 
3.87781E-04 1.95529E-02 2.72080E-02 8.95960E-02 1.25226E-01 4.22714E-01 6.58745E-01 2.63621E-02 1.95529E-02 3.87781E-04 1.24996E+00 
3.87781E-04 2.14620E-02 2.88351E-02 8.92441E-02 1.23933E-01 4.19013E-01 6.56627E-01 2.80445E-02 2.14620E-02 3.87781E-04 1.23244E+00 
2.11685E-03 2.32421E-02 3.03432E-02 8.88085E-02 1.22559E-01 4.15066E-01 6.54032E-01 2.96081E-02 2.32421E-02 2.11685E-03 1.20639E+00 
4.52960E-03 2.48793E-02 3.17143E-02 8.82445E-02 1.21048E-01 4.10784E-01 6.50891E-01 3.10356E-02 2.48793E-02 4.52960E-03 1.17634E+00 
6.78341E-03 2.63663E-02 3.29408E-02 8.75430E-02 1.19391E-01 4.06149E-01 6.47181E-01 3.23195E-02 2.63663E-02 6.78341E-03 1.14360E+00 
8.87300E-03 2.76992E-02 3.40192E-02 8.67043E-02 1.17590E-01 4.01166E-01 6.42897E-01 3.34560E-02 2.76992E-02 8.87300E-03 1.10845E+00 
1.07947E-02 2.88757E-02 3.49473E-02 8.57301E-02 1.15649E-01 3.95840E-01 6.38034E-01 3.44429E-02 2.88757E-02 1.07947E-02 1.07121E+00 
1.25463E-02 2.98947E-02 3.57246E-02 8.46234E-02 1.13573E-01 3.90179E-01 6.32595E-01 3.52792E-02 2.98947E-02 1.25463E-02 1.03220E+00 
1.41273E-02 3.07568E-02 3.63518E-02 8.33883E-02 1.11369E-01 3.84195E-01 6.26583E-01 3.59656E-02 3.07568E-02 1.41273E-02 9.91762E-01 
1.55386E-02 3.14638E-02 3.68308E-02 8.20299E-02 1.09045E-01 3.77898E-01 6.20007E-01 3.65039E-02 3.14638E-02 1.55386E-02 9.50255E-01 
1.67825E-02 3.20190E-02 3.71650E-02 8.05546E-02 1.06607E-01 3.71305E-01 6.12878E-01 3.68971E-02 3.20190E-02 1.67825E-02 9.08023E-01 
1.78625E-02 3.24268E-02 3.73590E-02 7.89696E-02 1.04066E-01 3.64432E-01 6.05213E-01 3.71495E-02 3.24268E-02 1.78625E-02 8.65401E-01 
1.87836E-02 3.26927E-02 3.74181E-02 7.72830E-02 1.01432E-01 3.57297E-01 5.97028E-01 3.72664E-02 3.26927E-02 1.87836E-02 8.22712E-01 
1.95516E-02 3.28230E-02 3.73489E-02 7.55036E-02 9.87160E-02 3.49921E-01 5.88345E-01 3.72541E-02 3.28230E-02 1.95516E-02 7.80257E-01 
2.01733E-02 3.28251E-02 3.71585E-02 7.36406E-02 9.59281E-02 3.42323E-01 5.79189E-01 3.71196E-02 3.28251E-02 2.01733E-02 7.38312E-01 
3.25897E-04 5.91796E-03 5.04488E-03 7.88918E-02 1.21407E-01 4.44437E-01 6.79730E-01 3.71370E-03 5.91796E-03 3.25897E-04 1.12036E+00 
3.25897E-04 5.91796E-03 7.10855E-03 7.91117E-02 1.20751E-01 4.42430E-01 6.80195E-01 5.82764E-03 5.91796E-03 3.25897E-04 1.13994E+00 
3.25897E-04 9.70127E-04 9.12077E-03 7.92998E-02 1.20063E-01 4.40253E-01 6.80325E-01 7.89090E-03 9.70127E-04 3.25897E-04 1.15363E+00 
3.25897E-04 3.17440E-03 1.10811E-02 7.94538E-02 1.19339E-01 4.37898E-01 6.80112E-01 9.90308E-03 3.17440E-03 3.25897E-04 1.16093E+00 
3.25897E-04 5.31082E-03 1.29766E-02 7.95387E-02 1.18533E-01 4.35305E-01 6.79526E-01 1.18518E-02 5.31082E-03 3.25897E-04 1.16488E+00 
3.25897E-04 7.37209E-03 1.48003E-02 7.95505E-02 1.17645E-01 4.32468E-01 6.78552E-01 1.37300E-02 7.37209E-03 3.25897E-04 1.16544E+00 
3.25897E-04 9.35158E-03 1.65460E-02 7.94859E-02 1.16670E-01 4.29384E-01 6.77177E-01 1.55313E-02 9.35158E-03 3.25897E-04 1.16259E+00 
3.25897E-04 1.08231E-02 1.78393E-02 7.93813E-02 1.15857E-01 4.26826E-01 6.75829E-01 1.68684E-02 1.08231E-02 3.25897E-04 1.15806E+00 
3.25897E-04 1.12430E-02 1.82076E-02 7.93415E-02 1.15609E-01 4.26050E-01 6.75388E-01 1.72496E-02 1.12430E-02 3.25897E-04 1.15636E+00 
3.25897E-04 1.31773E-02 1.98988E-02 7.90934E-02 1.14365E-01 4.22170E-01 6.72982E-01 1.90031E-02 1.31773E-02 3.25897E-04 1.14595E+00 
3.25897E-04 1.49962E-02 2.14799E-02 7.87467E-02 1.13018E-01 4.17995E-01 6.70072E-01 2.06475E-02 1.49962E-02 3.25897E-04 1.13182E+00 
3.25897E-04 1.66944E-02 2.29458E-02 7.82992E-02 1.11567E-01 4.13524E-01 6.66650E-01 2.21773E-02 1.66944E-02 3.25897E-04 1.11416E+00 
3.25897E-04 1.82673E-02 2.42921E-02 7.77496E-02 1.10013E-01 4.08760E-01 6.62710E-01 2.35882E-02 1.82673E-02 3.25897E-04 1.09319E+00 
1.77529E-03 1.97199E-02 2.55263E-02 7.71277E-02 1.08397E-01 4.03779E-01 6.58311E-01 2.48867E-02 1.97199E-02 1.77529E-03 1.06494E+00 
3.78677E-03 2.10412E-02 2.66341E-02 7.63936E-02 1.06667E-01 3.98484E-01 6.53366E-01 2.60593E-02 2.10412E-02 3.78677E-03 1.03337E+00 
5.65275E-03 2.22258E-02 2.76098E-02 7.55401E-02 1.04815E-01 3.92862E-01 6.47856E-01 2.71003E-02 2.22258E-02 5.65275E-03 9.99642E-01 
7.36984E-03 2.32716E-02 2.84516E-02 7.45693E-02 1.02845E-01 3.86920E-01 6.41779E-01 2.80077E-02 2.32716E-02 7.36984E-03 9.64060E-01 
8.93612E-03 2.41779E-02 2.91590E-02 7.34840E-02 1.00763E-01 3.80669E-01 6.35141E-01 2.87807E-02 2.41779E-02 8.93612E-03 9.26938E-01 
1.03511E-02 2.49452E-02 2.97328E-02 7.22884E-02 9.85757E-02 3.74119E-01 6.27947E-01 2.94199E-02 2.49452E-02 1.03511E-02 8.88603E-01 
1.16155E-02 2.55753E-02 3.01748E-02 7.09876E-02 9.62891E-02 3.67286E-01 6.20209E-01 2.99269E-02 2.55753E-02 1.16155E-02 8.49388E-01 
1.27316E-02 2.60712E-02 3.04882E-02 6.95874E-02 9.39120E-02 3.60185E-01 6.11942E-01 3.03046E-02 2.60712E-02 1.27316E-02 8.09621E-01 
1.37026E-02 2.64370E-02 3.06772E-02 6.80948E-02 9.14532E-02 3.52834E-01 6.03162E-01 3.05568E-02 2.64370E-02 1.37026E-02 7.69620E-01 
1.45329E-02 2.66777E-02 3.07467E-02 6.65172E-02 8.89220E-02 3.45252E-01 5.93890E-01 3.06886E-02 2.66777E-02 1.45329E-02 7.29685E-01 
1.52279E-02 2.67993E-02 3.07027E-02 6.48628E-02 8.63285E-02 3.37460E-01 5.84151E-01 3.07055E-02 2.67993E-02 1.52279E-02 6.90100E-01 
1.57938E-02 2.68084E-02 3.05520E-02 6.31401E-02 8.36828E-02 3.29480E-01 5.73969E-01 3.06140E-02 2.68084E-02 1.57938E-02 6.51118E-01 
1.62374E-02 2.67123E-02 3.03016E-02 6.13580E-02 8.09955E-02 3.21333E-01 5.63372E-01 3.04211E-02 2.67123E-02 1.62374E-02 6.12969E-01 
2.73507E-04 5.13234E-03 3.93867E-03 7.02740E-02 1.10501E-01 4.43428E-01 7.01247E-01 2.62229E-03 5.13234E-03 2.73507E-04 1.04533E+00 
2.73507E-04 5.13234E-03 5.76768E-03 7.03176E-02 1.09598E-01 4.40444E-01 7.00127E-01 4.51295E-03 5.13234E-03 2.73507E-04 1.05911E+00 
2.73507E-04 8.46413E-04 7.54193E-03 7.03298E-02 1.08667E-01 4.37295E-01 6.98664E-01 6.34931E-03 8.46413E-04 2.73507E-04 1.06737E+00 
2.73507E-04 2.76243E-03 9.26147E-03 7.03089E-02 1.07707E-01 4.33974E-01 6.96849E-01 8.13141E-03 2.76243E-03 2.73507E-04 1.06974E+00 
2.73507E-04 4.60939E-03 1.09145E-02 7.02216E-02 1.06672E-01 4.30414E-01 6.94638E-01 9.84817E-03 4.60939E-03 2.73507E-04 1.06890E+00 
2.73507E-04 6.38117E-03 1.24952E-02 7.00651E-02 1.05562E-01 4.26612E-01 6.92019E-01 1.14936E-02 6.38117E-03 2.73507E-04 1.06486E+00 
2.73507E-04 8.07234E-03 1.39984E-02 6.98370E-02 1.04376E-01 4.22567E-01 6.88982E-01 1.30625E-02 8.07234E-03 2.73507E-04 1.05765E+00 
2.73507E-04 9.32235E-03 1.51052E-02 6.96101E-02 1.03406E-01 4.19269E-01 6.86340E-01 1.42206E-02 9.32235E-03 2.73507E-04 1.04994E+00 
2.73507E-04 9.67786E-03 1.54192E-02 6.95352E-02 1.03113E-01 4.18278E-01 6.85519E-01 1.45498E-02 9.67786E-03 2.73507E-04 1.04735E+00 
2.73507E-04 1.13080E-02 1.68541E-02 6.91254E-02 1.01666E-01 4.13380E-01 6.81300E-01 1.60570E-02 1.13080E-02 2.73507E-04 1.03291E+00 
2.73507E-04 1.28286E-02 1.81838E-02 6.86265E-02 1.00130E-01 4.08202E-01 6.76573E-01 1.74594E-02 1.28286E-02 2.73507E-04 1.01517E+00 
2.73507E-04 1.42358E-02 1.94046E-02 6.80377E-02 9.85070E-02 4.02748E-01 6.71335E-01 1.87533E-02 1.42358E-02 2.73507E-04 9.94372E-01 
2.73507E-04 1.55266E-02 2.05137E-02 6.73592E-02 9.67986E-02 3.97023E-01 6.65585E-01 1.99355E-02 1.55266E-02 2.73507E-04 9.70748E-01 
1.48666E-03 1.67065E-02 2.15184E-02 6.66191E-02 9.50458E-02 3.91113E-01 6.59405E-01 2.10124E-02 1.67065E-02 1.48666E-03 9.40985E-01 
3.16085E-03 1.77667E-02 2.24073E-02 6.57818E-02 9.31992E-02 3.84916E-01 6.52690E-01 2.19734E-02 1.77667E-02 3.16085E-03 9.08514E-01 
4.70280E-03 1.87036E-02 2.31766E-02 6.48422E-02 9.12534E-02 3.78420E-01 6.45422E-01 2.28147E-02 1.87036E-02 4.70280E-03 8.74388E-01 
6.11073E-03 1.95165E-02 2.38259E-02 6.38032E-02 8.92138E-02 3.71637E-01 6.37608E-01 2.35356E-02 1.95165E-02 6.11073E-03 8.38913E-01 
7.38414E-03 2.02061E-02 2.43559E-02 6.26690E-02 8.70866E-02 3.64580E-01 6.29257E-01 2.41366E-02 2.02061E-02 7.38414E-03 8.02403E-01 
8.52377E-03 2.07739E-02 2.47683E-02 6.14442E-02 8.48789E-02 3.57264E-01 6.20383E-01 2.46192E-02 2.07739E-02 8.52377E-03 7.65175E-01 
9.53153E-03 2.12228E-02 2.50661E-02 6.01347E-02 8.25985E-02 3.49708E-01 6.11003E-01 2.49859E-02 2.12228E-02 9.53153E-03 7.27541E-01 
1.04104E-02 2.15565E-02 2.52530E-02 5.87466E-02 8.02538E-02 3.41929E-01 6.01138E-01 2.52404E-02 2.15565E-02 1.04104E-02 6.89802E-01 
1.11644E-02 2.17796E-02 2.53338E-02 5.72871E-02 7.78535E-02 3.33949E-01 5.90809E-01 2.53870E-02 2.17796E-02 1.11644E-02 6.52244E-01 
1.17984E-02 2.18976E-02 2.53139E-02 5.57636E-02 7.54069E-02 3.25787E-01 5.80044E-01 2.54310E-02 2.18976E-02 1.17984E-02 6.15130E-01 
1.23180E-02 2.19166E-02 2.51993E-02 5.41840E-02 7.29236E-02 3.17468E-01 5.68869E-01 2.53783E-02 2.19166E-02 1.23180E-02 5.78699E-01 
1.27295E-02 2.18431E-02 2.49966E-02 5.25565E-02 7.04130E-02 3.09013E-01 5.57315E-01 2.52351E-02 2.18431E-02 1.27295E-02 5.43161E-01 
1.30395E-02 2.16841E-02 2.47128E-02 5.08893E-02 6.78847E-02 3.00446E-01 5.45414E-01 2.50083E-02 2.16841E-02 1.30395E-02 5.08698E-01 
2.28919E-04 4.44214E-03 3.12256E-03 6.21306E-02 9.95142E-02 4.40290E-01 7.19499E-01 1.87011E-03 4.44214E-03 2.28919E-04 9.78295E-01 
2.28919E-04 4.44214E-03 4.74051E-03 6.20470E-02 9.84440E-02 4.36374E-01 7.16740E-01 3.56110E-03 4.44214E-03 2.28919E-04 9.86770E-01 
2.28919E-04 7.37238E-04 6.30155E-03 6.19327E-02 9.73516E-02 4.32303E-01 7.13637E-01 5.19519E-03 7.37238E-04 2.28919E-04 9.90104E-01 
2.28919E-04 2.39956E-03 7.80619E-03 6.17863E-02 9.62348E-02 4.28069E-01 7.10182E-01 6.77288E-03 2.39956E-03 2.28919E-04 9.88009E-01 
2.28919E-04 3.99278E-03 9.24381E-03 6.15769E-02 9.50511E-02 4.23599E-01 7.06314E-01 8.28438E-03 3.99278E-03 2.28919E-04 9.82881E-01 
2.28919E-04 5.51191E-03 1.06096E-02 6.13026E-02 9.38005E-02 4.18893E-01 7.02026E-01 9.72476E-03 5.51191E-03 2.28919E-04 9.74766E-01 
2.28919E-04 6.95265E-03 1.18996E-02 6.09619E-02 9.24831E-02 4.13951E-01 6.97311E-01 1.10897E-02 6.95265E-03 2.28919E-04 9.63746E-01 
2.28919E-04 8.01114E-03 1.28432E-02 6.06519E-02 9.14183E-02 4.09968E-01 6.93369E-01 1.20916E-02 8.01114E-03 2.28919E-04 9.53296E-01 
2.28919E-04 8.31110E-03 1.31098E-02 6.05536E-02 9.10996E-02 4.08777E-01 6.92167E-01 1.23753E-02 8.31110E-03 2.28919E-04 9.49934E-01 
2.28919E-04 9.67988E-03 1.43220E-02 6.00369E-02 8.95349E-02 4.02941E-01 6.86136E-01 1.36688E-02 9.67988E-03 2.28919E-04 9.32081E-01 
2.28919E-04 1.09458E-02 1.54347E-02 5.94405E-02 8.78964E-02 3.96845E-01 6.79602E-01 1.48627E-02 1.09458E-02 2.28919E-04 9.11370E-01 
2.28919E-04 1.21064E-02 1.64456E-02 5.87649E-02 8.61863E-02 3.90496E-01 6.72569E-01 1.59545E-02 1.21064E-02 2.28919E-04 8.88051E-01 
2.28919E-04 1.31599E-02 1.73531E-02 5.80110E-02 8.44076E-02 3.83903E-01 6.65042E-01 1.69422E-02 1.31599E-02 2.28919E-04 8.62400E-01 
1.24152E-03 1.41122E-02 1.81645E-02 5.72055E-02 8.25994E-02 3.77162E-01 6.57123E-01 1.78321E-02 1.41122E-02 1.24152E-03 8.31638E-01 
2.63083E-03 1.49564E-02 1.88709E-02 5.63168E-02 8.07165E-02 3.70164E-01 6.48690E-01 1.86161E-02 1.49564E-02 2.63083E-03 7.98746E-01 
3.90095E-03 1.56904E-02 1.94699E-02 5.53414E-02 7.87550E-02 3.62899E-01 6.39728E-01 1.92920E-02 1.56904E-02 3.90095E-03 7.64673E-01 
5.05136E-03 1.63147E-02 1.99622E-02 5.42831E-02 7.67211E-02 3.55383E-01 6.30249E-01 1.98601E-02 1.63147E-02 5.05136E-03 7.29722E-01 
6.08270E-03 1.68309E-02 2.03495E-02 5.31465E-02 7.46216E-02 3.47632E-01 6.20269E-01 2.03218E-02 1.68309E-02 6.08270E-03 6.94197E-01 
6.99667E-03 1.72415E-02 2.06344E-02 5.19369E-02 7.24639E-02 3.39666E-01 6.09809E-01 2.06794E-02 1.72415E-02 6.99667E-03 6.58396E-01 
7.79596E-03 1.75499E-02 2.08204E-02 5.06603E-02 7.02559E-02 3.31504E-01 5.98890E-01 2.09361E-02 1.75499E-02 7.79596E-03 6.22606E-01 
8.48417E-03 1.77604E-02 2.09118E-02 4.93232E-02 6.80059E-02 3.23167E-01 5.87539E-01 2.10959E-02 1.77604E-02 8.48417E-03 5.87098E-01 
9.06569E-03 1.78779E-02 2.09135E-02 4.79325E-02 6.57224E-02 3.14677E-01 5.75783E-01 2.11636E-02 1.78779E-02 9.06569E-03 5.52118E-01 
9.54559E-03 1.79079E-02 2.08311E-02 4.64953E-02 6.34142E-02 3.06058E-01 5.63652E-01 2.11445E-02 1.79079E-02 9.54559E-03 5.17890E-01 
9.92952E-03 1.78564E-02 2.06705E-02 4.50193E-02 6.10900E-02 2.97333E-01 5.51179E-01 2.10443E-02 1.78564E-02 9.92952E-03 4.84609E-01 
1.02235E-02 1.77298E-02 2.04380E-02 4.35118E-02 5.87586E-02 2.88525E-01 5.38397E-01 2.08692E-02 1.77298E-02 1.02235E-02 4.52440E-01 
1.04341E-02 1.75347E-02 2.01403E-02 4.19805E-02 5.64283E-02 2.79658E-01 5.25342E-01 2.06256E-02 1.75347E-02 1.04341E-02 4.21521E-01 
1.90897E-04 3.83195E-03 2.54085E-03 5.45481E-02 8.87251E-02 4.35128E-01 7.34102E-01 1.40967E-03 3.83195E-03 1.90897E-04 9.18550E-01 
1.90897E-04 3.83195E-03 3.96658E-03 5.43754E-02 8.75513E-02 4.30321E-01 7.29668E-01 2.91915E-03 3.83195E-03 1.90897E-04 9.22030E-01 
1.90897E-04 6.40168E-04 5.33448E-03 5.41729E-02 8.63604E-02 4.25372E-01 7.24899E-01 4.37024E-03 6.40168E-04 1.90897E-04 9.20752E-01 
1.90897E-04 2.07770E-03 6.64552E-03 5.39398E-02 8.51507E-02 4.20275E-01 7.19784E-01 5.76387E-03 2.07770E-03 1.90897E-04 9.14514E-01 
1.90897E-04 3.44724E-03 7.89016E-03 5.36474E-02 8.38817E-02 4.14949E-01 7.14249E-01 7.09146E-03 3.44724E-03 1.90897E-04 9.05452E-01 
1.90897E-04 4.74487E-03 9.06465E-03 5.32946E-02 8.25543E-02 4.09397E-01 7.08290E-01 8.34906E-03 4.74487E-03 1.90897E-04 8.93653E-01 
1.90897E-04 5.96729E-03 1.01658E-02 5.28808E-02 8.11696E-02 4.03622E-01 7.01904E-01 9.53329E-03 5.96729E-03 1.90897E-04 8.79240E-01 
1.90897E-04 6.85972E-03 1.09659E-02 5.25185E-02 8.00598E-02 3.99005E-01 6.96671E-01 1.03974E-02 6.85972E-03 1.90897E-04 8.66387E-01 
1.90897E-04 7.11168E-03 1.11910E-02 5.24057E-02 7.97291E-02 3.97631E-01 6.95093E-01 1.06412E-02 7.11168E-03 1.90897E-04 8.62361E-01 
1.90897E-04 8.25556E-03 1.22088E-02 5.18248E-02 7.81154E-02 3.90935E-01 6.87276E-01 1.17476E-02 8.25556E-03 1.90897E-04 8.41601E-01 
1.90897E-04 9.30396E-03 1.31336E-02 5.11734E-02 7.64418E-02 3.84004E-01 6.78973E-01 1.27602E-02 9.30396E-03 1.90897E-04 8.18429E-01 
1.90897E-04 1.02555E-02 1.39644E-02 5.04527E-02 7.47113E-02 3.76848E-01 6.70192E-01 1.36775E-02 1.02555E-02 1.90897E-04 7.93119E-01 
1.90897E-04 1.11097E-02 1.47004E-02 4.96646E-02 7.29278E-02 3.69480E-01 6.60945E-01 1.44987E-02 1.11097E-02 1.90897E-04 7.65961E-01 
1.03294E-03 1.18724E-02 1.53490E-02 4.88339E-02 7.11278E-02 3.62004E-01 6.51355E-01 1.52299E-02 1.18724E-02 1.03294E-03 7.34638E-01 
2.18137E-03 1.25385E-02 1.59033E-02 4.79329E-02 6.92706E-02 3.54305E-01 6.41282E-01 1.58651E-02 1.25385E-02 2.18137E-03 7.01731E-01 
3.22330E-03 1.31072E-02 1.63621E-02 4.69593E-02 6.73535E-02 3.46376E-01 6.30713E-01 1.64033E-02 1.31072E-02 3.22330E-03 6.68092E-01 
4.15922E-03 1.35797E-02 1.67270E-02 4.59176E-02 6.53831E-02 3.38236E-01 6.19668E-01 1.68456E-02 1.35797E-02 4.15922E-03 6.34013E-01 
4.99062E-03 1.39585E-02 1.70005E-02 4.48126E-02 6.33663E-02 3.29904E-01 6.08167E-01 1.71941E-02 1.39585E-02 4.99062E-03 5.99778E-01 
5.71990E-03 1.42465E-02 1.71855E-02 4.36500E-02 6.13106E-02 3.21401E-01 5.96238E-01 1.74517E-02 1.42465E-02 5.71990E-03 5.65662E-01 
6.35026E-03 1.44477E-02 1.72861E-02 4.24357E-02 5.92237E-02 3.12749E-01 5.83906E-01 1.76220E-02 1.44477E-02 6.35026E-03 5.31919E-01 
6.88565E-03 1.45665E-02 1.73067E-02 4.11761E-02 5.71134E-02 3.03972E-01 5.71204E-01 1.77093E-02 1.45665E-02 6.88565E-03 4.98784E-01 
7.33063E-03 1.46079E-02 1.72523E-02 3.98778E-02 5.49880E-02 2.95092E-01 5.58162E-01 1.77183E-02 1.46079E-02 7.33063E-03 4.66464E-01 
7.69028E-03 1.45773E-02 1.71284E-02 3.85476E-02 5.28551E-02 2.86135E-01 5.44816E-01 1.76543E-02 1.45773E-02 7.69028E-03 4.35139E-01 
7.97007E-03 1.44805E-02 1.69407E-02 3.71925E-02 5.07229E-02 2.77123E-01 5.31201E-01 1.75229E-02 1.44805E-02 7.97007E-03 4.04963E-01 
8.17577E-03 1.43234E-02 1.66951E-02 3.58193E-02 4.85988E-02 2.68080E-01 5.17353E-01 1.73299E-02 1.43234E-02 8.17577E-03 3.76056E-01 
8.31333E-03 1.41121E-02 1.63978E-02 3.44346E-02 4.64904E-02 2.59031E-01 5.03310E-01 1.70811E-02 1.41121E-02 8.31333E-03 3.48512E-01 
1.58441E-04 3.28976E-03 2.14533E-03 4.75863E-02 7.83133E-02 4.27950E-01 7.44737E-01 1.19928E-03 3.28976E-03 1.58441E-04 8.64778E-01 
1.58441E-04 3.28976E-03 3.39422E-03 4.73528E-02 7.70864E-02 4.22295E-01 7.38617E-01 2.54117E-03 3.28976E-03 1.58441E-04 8.63471E-01 
1.58441E-04 5.53307E-04 4.58565E-03 4.70908E-02 7.58475E-02 4.16516E-01 7.32177E-01 3.82430E-03 5.53307E-04 1.58441E-04 8.57818E-01 
1.58441E-04 1.79056E-03 5.72096E-03 4.68000E-02 7.45954E-02 4.10609E-01 7.25408E-01 5.05002E-03 1.79056E-03 1.58441E-04 8.47691E-01 
1.58441E-04 2.96205E-03 6.79165E-03 4.64539E-02 7.32920E-02 4.04485E-01 7.18219E-01 6.21088E-03 2.96205E-03 1.58441E-04 8.34993E-01 
1.58441E-04 4.06481E-03 7.79488E-03 4.60523E-02 7.19390E-02 3.98149E-01 7.10609E-01 7.30379E-03 4.06481E-03 1.58441E-04 8.19853E-01 
1.58441E-04 5.09648E-03 8.72840E-03 4.55952E-02 7.05382E-02 3.91609E-01 7.02583E-01 8.32624E-03 5.09648E-03 1.58441E-04 8.02422E-01 
1.58441E-04 5.84473E-03 9.40169E-03 4.52037E-02 6.94229E-02 3.86414E-01 6.96091E-01 9.06766E-03 5.84473E-03 1.58441E-04 7.87476E-01 
1.58441E-04 6.05515E-03 9.59037E-03 4.50831E-02 6.90917E-02 3.84873E-01 6.94146E-01 9.27613E-03 6.05515E-03 1.58441E-04 7.82881E-01 
1.58441E-04 7.00542E-03 1.04381E-02 4.44700E-02 6.74837E-02 3.77400E-01 6.84595E-01 1.02173E-02 7.00542E-03 1.58441E-04 7.59675E-01 
1.58441E-04 7.86813E-03 1.12002E-02 4.37952E-02 6.58289E-02 3.69723E-01 6.74585E-01 1.10710E-02 7.86813E-03 1.58441E-04 7.34519E-01 
1.58441E-04 8.64291E-03 1.18762E-02 4.30607E-02 6.41310E-02 3.61854E-01 6.64131E-01 1.18366E-02 8.64291E-03 1.58441E-04 7.07700E-01 
1.58441E-04 9.33006E-03 1.24666E-02 4.22688E-02 6.23941E-02 3.53810E-01 6.53247E-01 1.25143E-02 9.33006E-03 1.58441E-04 6.79515E-01 
8.55329E-04 9.93562E-03 1.29784E-02 4.14424E-02 6.06524E-02 3.45699E-01 6.42079E-01 1.31099E-02 9.93562E-03 8.55329E-04 6.48035E-01 
1.80004E-03 1.04558E-02 1.34064E-02 4.05574E-02 5.88691E-02 3.37405E-01 6.30470E-01 1.36192E-02 1.04558E-02 1.80004E-03 6.15488E-01 
2.65050E-03 1.08906E-02 1.37504E-02 3.96127E-02 5.70425E-02 3.28921E-01 6.18408E-01 1.40420E-02 1.08906E-02 2.65050E-03 5.82628E-01 
3.40794E-03 1.12422E-02 1.40127E-02 3.86129E-02 5.51793E-02 3.20269E-01 6.05917E-01 1.43802E-02 1.12422E-02 3.40794E-03 5.49729E-01 
4.07448E-03 1.15132E-02 1.41961E-02 3.75632E-02 5.32863E-02 3.11470E-01 5.93027E-01 1.46364E-02 1.15132E-02 4.07448E-03 5.17049E-01 
4.65296E-03 1.17072E-02 1.43040E-02 3.64689E-02 5.13708E-02 3.02547E-01 5.79768E-01 1.48137E-02 1.17072E-02 4.65296E-03 4.84832E-01 
5.14689E-03 1.18282E-02 1.43406E-02 3.53361E-02 4.94399E-02 2.93524E-01 5.66171E-01 1.49159E-02 1.18282E-02 5.14689E-03 4.53297E-01 
5.56033E-03 1.18806E-02 1.43102E-02 3.41707E-02 4.75010E-02 2.84425E-01 5.52272E-01 1.49475E-02 1.18806E-02 5.56033E-03 4.22638E-01 
5.89784E-03 1.18694E-02 1.42180E-02 3.29791E-02 4.55614E-02 2.75275E-01 5.38106E-01 1.49130E-02 1.18694E-02 5.89784E-03 3.93021E-01 
6.16433E-03 1.17996E-02 1.40689E-02 3.17674E-02 4.36280E-02 2.66097E-01 5.23711E-01 1.48176E-02 1.17996E-02 6.16433E-03 3.64584E-01 
6.36497E-03 1.16767E-02 1.38685E-02 3.05418E-02 4.17078E-02 2.56917E-01 5.09125E-01 1.46665E-02 1.16767E-02 6.36497E-03 3.37437E-01 
6.50509E-03 1.15061E-02 1.36221E-02 2.93086E-02 3.98074E-02 2.47756E-01 4.94387E-01 1.44650E-02 1.15061E-02 6.50509E-03 3.11661E-01 
6.59011E-03 1.12933E-02 1.33352E-02 2.80734E-02 3.79328E-02 2.38638E-01 4.79535E-01 1.42186E-02 1.12933E-02 6.59011E-03 2.87308E-01 
1.30750E-04 2.80657E-03 1.89463E-03 4.12786E-02 6.83854E-02 4.18711E-01 7.51158E-01 1.20150E-03 2.80657E-03 1.30750E-04 8.15348E-01 
1.30750E-04 2.80657E-03 2.97982E-03 4.10041E-02 6.71472E-02 4.12261E-01 7.43363E-01 2.38657E-03 2.80657E-03 1.30750E-04 8.09455E-01 
1.30750E-04 4.75262E-04 4.00918E-03 4.07029E-02 6.59022E-02 4.05711E-01 7.35273E-01 3.51372E-03 4.75262E-04 1.30750E-04 7.99666E-01 
1.30750E-04 1.53348E-03 4.98435E-03 4.03750E-02 6.46498E-02 3.99056E-01 7.26880E-01 4.58458E-03 1.53348E-03 1.30750E-04 7.85916E-01 
1.30750E-04 2.52921E-03 5.89776E-03 3.99964E-02 6.33544E-02 3.92201E-01 7.18075E-01 5.59272E-03 2.52921E-03 1.30750E-04 7.69897E-01 
1.30750E-04 3.46033E-03 6.74738E-03 3.95674E-02 6.20182E-02 3.85154E-01 7.08863E-01 6.53583E-03 3.46033E-03 1.30750E-04 7.51768E-01 
1.30750E-04 4.32528E-03 7.53173E-03 3.90886E-02 6.06436E-02 3.77927E-01 6.99253E-01 7.41215E-03 4.32528E-03 1.30750E-04 7.31708E-01 
1.30750E-04 4.94838E-03 8.09314E-03 3.86846E-02 5.95553E-02 3.72217E-01 6.91549E-01 8.04351E-03 4.94838E-03 1.30750E-04 7.14989E-01 
1.30750E-04 5.12291E-03 8.24974E-03 3.85610E-02 5.92332E-02 3.70528E-01 6.89254E-01 8.22034E-03 5.12291E-03 1.30750E-04 7.09919E-01 
1.30750E-04 5.90677E-03 8.94889E-03 3.79389E-02 5.76754E-02 3.62373E-01 6.78050E-01 9.01443E-03 5.90677E-03 1.30750E-04 6.84735E-01 
1.30750E-04 6.61139E-03 9.57005E-03 3.72635E-02 5.60832E-02 3.54047E-01 6.66424E-01 9.72782E-03 6.61139E-03 1.30750E-04 6.58072E-01 
1.30750E-04 7.23717E-03 1.01137E-02 3.65373E-02 5.44603E-02 3.45568E-01 6.54395E-01 1.03607E-02 7.23717E-03 1.30750E-04 6.30222E-01 
1.30750E-04 7.78511E-03 1.05808E-02 3.57631E-02 5.28113E-02 3.36953E-01 6.41985E-01 1.09138E-02 7.78511E-03 1.30750E-04 6.01477E-01 
7.04188E-04 8.26110E-03 1.09781E-02 3.49619E-02 5.11672E-02 3.28318E-01 6.29357E-01 1.13927E-02 8.26110E-03 7.04188E-04 5.70235E-01 
1.47680E-03 8.66249E-03 1.13019E-02 3.41127E-02 4.94951E-02 3.19541E-01 6.16337E-01 1.17947E-02 8.66249E-03 1.47680E-03 5.38404E-01 
2.16686E-03 8.99011E-03 1.15527E-02 3.32152E-02 4.77943E-02 3.10617E-01 6.02917E-01 1.21203E-02 8.99011E-03 2.16686E-03 5.06647E-01 
2.77614E-03 9.24638E-03 1.17331E-02 3.22742E-02 4.60711E-02 3.01569E-01 5.89127E-01 1.23718E-02 9.24638E-03 2.77614E-03 4.75210E-01 
3.30715E-03 9.43438E-03 1.18462E-02 3.12946E-02 4.43321E-02 2.92422E-01 5.74999E-01 1.25520E-02 9.43438E-03 3.30715E-03 4.44320E-01 
3.76296E-03 9.55766E-03 1.18957E-02 3.02820E-02 4.25838E-02 2.83200E-01 5.60568E-01 1.26644E-02 9.55766E-03 3.76296E-03 4.14184E-01 
4.14718E-03 9.62024E-03 1.18855E-02 2.92418E-02 4.08330E-02 2.73926E-01 5.45872E-01 1.27126E-02 9.62024E-03 4.14718E-03 3.84982E-01 
4.46386E-03 9.62648E-03 1.18201E-02 2.81797E-02 3.90862E-02 2.64627E-01 5.30947E-01 1.27011E-02 9.62648E-03 4.46386E-03 3.56868E-01 
4.71737E-03 9.58100E-03 1.17042E-02 2.71014E-02 3.73496E-02 2.55326E-01 5.15833E-01 1.26344E-02 9.58100E-03 4.71737E-03 3.29965E-01 
4.91232E-03 9.48858E-03 1.15424E-02 2.60126E-02 3.56295E-02 2.46047E-01 5.00570E-01 1.25171E-02 9.48858E-03 4.91232E-03 3.04370E-01 
5.05349E-03 9.35411E-03 1.13399E-02 2.49187E-02 3.39315E-02 2.36814E-01 4.85197E-01 1.23541E-02 9.35411E-03 5.05349E-03 2.80152E-01 
5.14571E-03 9.18245E-03 1.11013E-02 2.38249E-02 3.22610E-02 2.27649E-01 4.69754E-01 1.21503E-02 9.18245E-03 5.14571E-03 2.57355E-01 
5.19381E-03 8.97842E-03 1.08317E-02 2.27364E-02 3.06231E-02 2.18573E-01 4.54280E-01 1.19105E-02 8.97842E-03 5.19381E-03 2.35997E-01 
1.07384E-04 2.37982E-03 1.75451E-03 3.56824E-02 5.90979E-02 4.07484E-01 7.53191E-01 1.37916E-03 2.37982E-03 1.07384E-04 7.69036E-01 
1.07384E-04 2.37982E-03 2.68932E-03 3.53803E-02 5.78843E-02 4.00313E-01 7.43774E-01 2.41752E-03 2.37982E-03 1.07384E-04 7.58858E-01 
1.07384E-04 4.05706E-04 3.57107E-03 3.50538E-02 5.66692E-02 3.93070E-01 7.34097E-01 3.39988E-03 4.05706E-04 1.07384E-04 7.45268E-01 
1.07384E-04 1.30527E-03 4.40160E-03 3.47032E-02 5.54521E-02 3.85749E-01 7.24150E-01 4.32808E-03 1.30527E-03 1.07384E-04 7.28252E-01 
1.07384E-04 2.14649E-03 5.17416E-03 3.43067E-02 5.42003E-02 3.78251E-01 7.13808E-01 5.19655E-03 2.14649E-03 1.07384E-04 7.09308E-01 
1.07384E-04 2.92796E-03 5.88741E-03 3.38651E-02 5.29163E-02 3.70586E-01 7.03082E-01 6.00365E-03 2.92796E-03 1.07384E-04 6.88618E-01 
1.07384E-04 3.64878E-03 6.54050E-03 3.33796E-02 5.16028E-02 3.62766E-01 6.91983E-01 6.74826E-03 3.64878E-03 1.07384E-04 6.66381E-01 
1.07384E-04 4.16454E-03 7.00424E-03 3.29746E-02 5.05679E-02 3.56618E-01 6.83149E-01 7.28103E-03 4.16454E-03 1.07384E-04 6.48248E-01 
1.07384E-04 4.30842E-03 7.13296E-03 3.28514E-02 5.02625E-02 3.54805E-01 6.80526E-01 7.42963E-03 4.30842E-03 1.07384E-04 6.42810E-01 
1.07384E-04 4.95103E-03 7.70381E-03 3.22361E-02 4.87909E-02 3.46077E-01 6.67790E-01 8.09311E-03 4.95103E-03 1.07384E-04 6.16154E-01 
1.07384E-04 5.52286E-03 8.20460E-03 3.15756E-02 4.72956E-02 3.37218E-01 6.54678E-01 8.68290E-03 5.52286E-03 1.07384E-04 5.88488E-01 
1.07384E-04 6.02487E-03 8.63636E-03 3.08726E-02 4.57808E-02 3.28246E-01 6.41214E-01 9.19973E-03 6.02487E-03 1.07384E-04 5.60095E-01 
1.07384E-04 6.45855E-03 9.00061E-03 3.01303E-02 4.42507E-02 3.19180E-01 6.27425E-01 9.64488E-03 6.45855E-03 1.07384E-04 5.31252E-01 
5.77000E-04 6.82951E-03 9.30367E-03 2.93675E-02 4.27332E-02 3.10141E-01 6.13489E-01 1.00237E-02 6.82951E-03 5.77000E-04 5.00629E-01 
1.20589E-03 7.13605E-03 9.54286E-03 2.85663E-02 4.11993E-02 3.01003E-01 5.99219E-01 1.03343E-02 7.13605E-03 1.20589E-03 4.69850E-01 
1.76318E-03 7.37947E-03 9.71934E-03 2.77270E-02 3.96486E-02 2.91763E-01 5.84608E-01 1.05781E-02 7.37947E-03 1.76318E-03 4.39484E-01 
2.25099E-03 7.56243E-03 9.83584E-03 2.68542E-02 3.80872E-02 2.82445E-01 5.69691E-01 1.07573E-02 7.56243E-03 2.25099E-03 4.09746E-01 
2.67199E-03 7.68806E-03 9.89556E-03 2.59527E-02 3.65210E-02 2.73075E-01 5.54505E-01 1.08750E-02 7.68806E-03 2.67199E-03 3.80829E-01 
3.02936E-03 7.75992E-03 9.90211E-03 2.50277E-02 3.49560E-02 2.63677E-01 5.39088E-01 1.09347E-02 7.75992E-03 3.02936E-03 3.52900E-01 
3.32664E-03 7.78187E-03 9.85938E-03 2.40843E-02 3.33980E-02 2.54276E-01 5.23480E-01 1.09400E-02 7.78187E-03 3.32664E-03 3.26099E-01 
3.56770E-03 7.75800E-03 9.77154E-03 2.31277E-02 3.18526E-02 2.44896E-01 5.07722E-01 1.08951E-02 7.75800E-03 3.56770E-03 3.00538E-01 
3.75664E-03 7.69258E-03 9.64287E-03 2.21630E-02 3.03253E-02 2.35563E-01 4.91854E-01 1.08042E-02 7.69258E-03 3.75664E-03 2.76302E-01 
3.89770E-03 7.58993E-03 9.47776E-03 2.11951E-02 2.88212E-02 2.26298E-01 4.75918E-01 1.06716E-02 7.58993E-03 3.89770E-03 2.53448E-01 
3.99518E-03 7.45441E-03 9.28057E-03 2.02287E-02 2.73449E-02 2.17125E-01 4.59954E-01 1.05018E-02 7.45441E-03 3.99518E-03 2.32010E-01 
4.05338E-03 7.29028E-03 9.05564E-03 1.92685E-02 2.59007E-02 2.08063E-01 4.44002E-01 1.02991E-02 7.29028E-03 4.05338E-03 2.11997E-01 
4.07653E-03 7.10171E-03 8.80715E-03 1.83186E-02 2.44926E-02 1.99134E-01 4.28101E-01 1.00679E-02 7.10171E-03 4.07653E-03 1.93399E-01 
8.73538E-05 1.99657E-03 1.69286E-03 3.06696E-02 5.03287E-02 3.94044E-01 7.50770E-01 1.70299E-03 1.99657E-03 8.73538E-05 7.23455E-01 
8.73538E-05 1.99657E-03 2.48721E-03 3.03478E-02 4.91718E-02 3.86229E-01 7.39783E-01 2.60063E-03 1.99657E-03 8.73538E-05 7.09306E-01 
8.73538E-05 3.42633E-04 3.23230E-03 3.00043E-02 4.80184E-02 3.78373E-01 7.28576E-01 3.44523E-03 3.42633E-04 8.73538E-05 6.92268E-01 
8.73538E-05 1.09919E-03 3.93007E-03 2.96399E-02 4.68679E-02 3.70472E-01 7.17142E-01 4.23871E-03 1.09919E-03 8.73538E-05 6.72365E-01 
8.73538E-05 1.80235E-03 4.57450E-03 2.92350E-02 4.56907E-02 3.62419E-01 7.05338E-01 4.97625E-03 1.80235E-03 8.73538E-05 6.50911E-01 
8.73538E-05 2.45127E-03 5.16480E-03 2.87906E-02 4.44895E-02 3.54228E-01 6.93181E-01 5.65677E-03 2.45127E-03 8.73538E-05 6.28105E-01 
8.73538E-05 3.04558E-03 5.70065E-03 2.83082E-02 4.32669E-02 3.45913E-01 6.80686E-01 6.27966E-03 3.04558E-03 8.73538E-05 6.04153E-01 
8.73538E-05 3.46791E-03 6.07788E-03 2.79099E-02 4.23081E-02 3.39404E-01 6.70797E-01 6.72190E-03 3.46791E-03 8.73538E-05 5.84971E-01 
8.73538E-05 3.58523E-03 6.18203E-03 2.77894E-02 4.20259E-02 3.37489E-01 6.67871E-01 6.84466E-03 3.58523E-03 8.73538E-05 5.79272E-01 
8.73538E-05 4.10628E-03 6.64052E-03 2.71915E-02 4.06706E-02 3.28301E-01 6.53720E-01 7.38917E-03 4.10628E-03 8.73538E-05 5.51656E-01 
8.73538E-05 4.56508E-03 7.03709E-03 2.65563E-02 3.93011E-02 3.19023E-01 6.39247E-01 7.86722E-03 4.56508E-03 8.73538E-05 5.23488E-01 
8.73538E-05 4.96301E-03 7.37316E-03 2.58865E-02 3.79213E-02 3.09675E-01 6.24482E-01 8.27997E-03 4.96301E-03 8.73538E-05 4.95033E-01 
8.73538E-05 5.30186E-03 7.65053E-03 2.51855E-02 3.65353E-02 3.00277E-01 6.09455E-01 8.62905E-03 5.30186E-03 8.73538E-05 4.66546E-01 
4.68283E-04 5.58685E-03 7.87511E-03 2.44702E-02 3.51675E-02 2.90954E-01 5.94359E-01 8.91947E-03 5.58685E-03 4.68283E-04 4.36925E-01 
9.75302E-04 5.81702E-03 8.04504E-03 2.37252E-02 3.37928E-02 2.81576E-01 5.78994E-01 9.15029E-03 5.81702E-03 9.75302E-04 4.07531E-01 
1.42104E-03 5.99396E-03 8.16182E-03 2.29511E-02 3.24111E-02 2.72142E-01 5.63354E-01 9.32299E-03 5.99396E-03 1.42104E-03 3.78844E-01 
1.80778E-03 6.12040E-03 8.22824E-03 2.21523E-02 3.10277E-02 2.62676E-01 5.47478E-01 9.44014E-03 6.12040E-03 1.80778E-03 3.51046E-01 
2.13825E-03 6.19942E-03 8.24745E-03 2.13336E-02 2.96478E-02 2.53203E-01 5.31406E-01 9.50476E-03 6.19942E-03 2.13825E-03 3.24287E-01 
2.41554E-03 6.23441E-03 8.22288E-03 2.04994E-02 2.82768E-02 2.43750E-01 5.15181E-01 9.52019E-03 6.23441E-03 2.41554E-03 2.98696E-01 
2.64303E-03 6.22896E-03 8.15820E-03 1.96546E-02 2.69196E-02 2.34341E-01 4.98843E-01 9.49002E-03 6.22896E-03 2.64303E-03 2.74373E-01 
2.82431E-03 6.18682E-03 8.05722E-03 1.88036E-02 2.55808E-02 2.24999E-01 4.82436E-01 9.41806E-03 6.18682E-03 2.82431E-03 2.51388E-01 
2.96313E-03 6.11181E-03 7.92382E-03 1.79511E-02 2.42650E-02 2.15748E-01 4.66001E-01 9.30821E-03 6.11181E-03 2.96313E-03 2.29791E-01 
3.06327E-03 6.00778E-03 7.76188E-03 1.71011E-02 2.29762E-02 2.06609E-01 4.49580E-01 9.16444E-03 6.00778E-03 3.06327E-03 2.09603E-01 
3.12854E-03 5.87850E-03 7.57524E-03 1.62578E-02 2.17182E-02 1.97602E-01 4.33213E-01 8.99069E-03 5.87850E-03 3.12854E-03 1.90826E-01 
3.16269E-03 5.72764E-03 7.36763E-03 1.54249E-02 2.04942E-02 1.88748E-01 4.16939E-01 8.79085E-03 5.72764E-03 3.16269E-03 1.73441E-01 
3.16937E-03 5.55875E-03 7.14263E-03 1.46059E-02 1.93071E-02 1.80063E-01 4.00797E-01 8.56866E-03 5.55875E-03 3.16937E-03 1.57414E-01 
7.05232E-05 1.65916E-03 1.68697E-03 2.62745E-02 4.22690E-02 3.78625E-01 7.43867E-01 2.13773E-03 1.65916E-03 7.05232E-05 6.78085E-01 
7.05232E-05 1.65916E-03 2.35281E-03 2.59379E-02 4.11954E-02 3.70268E-01 7.31408E-01 2.90209E-03 1.65916E-03 7.05232E-05 6.60450E-01 
7.05232E-05 2.86550E-04 2.97401E-03 2.55832E-02 4.01294E-02 3.61905E-01 7.18779E-01 3.61719E-03 2.86550E-04 7.05232E-05 6.40469E-01 
7.05232E-05 9.16752E-04 3.55244E-03 2.52111E-02 3.90706E-02 3.53530E-01 7.05971E-01 4.28496E-03 9.16752E-04 7.05232E-05 6.18192E-01 
7.05232E-05 1.49900E-03 4.08272E-03 2.48039E-02 3.79923E-02 3.45032E-01 6.92826E-01 4.90116E-03 1.49900E-03 7.05232E-05 5.94757E-01 
7.05232E-05 2.03290E-03 4.56450E-03 2.43632E-02 3.68971E-02 3.36428E-01 6.79366E-01 5.46517E-03 2.03290E-03 7.05232E-05 5.70371E-01 
7.05232E-05 2.51846E-03 4.99782E-03 2.38905E-02 3.57876E-02 3.27733E-01 6.65610E-01 5.97676E-03 2.51846E-03 7.05232E-05 5.45241E-01 
7.05232E-05 2.86117E-03 5.30006E-03 2.35040E-02 3.49212E-02 3.20953E-01 6.54777E-01 6.33670E-03 2.86117E-03 7.05232E-05 5.25420E-01 
7.05232E-05 2.95598E-03 5.38303E-03 2.33877E-02 3.46668E-02 3.18963E-01 6.51581E-01 6.43605E-03 2.95598E-03 7.05232E-05 5.19578E-01 
7.05232E-05 3.37465E-03 5.74526E-03 2.28141E-02 3.34486E-02 3.09442E-01 6.36175E-01 6.87324E-03 3.37465E-03 7.05232E-05 4.91550E-01 
7.05232E-05 3.73941E-03 6.05358E-03 2.22106E-02 3.22239E-02 2.99874E-01 6.20509E-01 7.25118E-03 3.73941E-03 7.05232E-05 4.63398E-01 
7.05232E-05 4.05185E-03 6.30963E-03 2.15801E-02 3.09963E-02 2.90280E-01 6.04617E-01 7.57135E-03 4.05185E-03 7.05232E-05 4.35361E-01 
7.05232E-05 4.31390E-03 6.51538E-03 2.09258E-02 2.97694E-02 2.80680E-01 5.88531E-01 7.83557E-03 4.31390E-03 7.05232E-05 4.07662E-01 
3.77197E-04 4.53032E-03 6.67621E-03 2.02627E-02 2.85642E-02 2.71200E-01 5.72457E-01 8.04855E-03 4.53032E-03 3.77197E-04 3.79389E-01 
7.82937E-04 4.70070E-03 6.79090E-03 1.95776E-02 2.73591E-02 2.61710E-01 5.56184E-01 8.20989E-03 4.70070E-03 7.82937E-04 3.51666E-01 
1.13685E-03 4.82677E-03 6.86112E-03 1.88715E-02 2.61541E-02 2.52207E-01 5.39706E-01 8.32123E-03 4.82677E-03 1.13685E-03 3.24889E-01 
1.44124E-03 4.91119E-03 6.88958E-03 1.81485E-02 2.49541E-02 2.42717E-01 5.23067E-01 8.38517E-03 4.91119E-03 1.44124E-03 2.99201E-01 
1.69876E-03 4.95687E-03 6.87928E-03 1.74127E-02 2.37633E-02 2.33265E-01 5.06308E-01 8.40465E-03 4.95687E-03 1.69876E-03 2.74715E-01 
1.91232E-03 4.96693E-03 6.83340E-03 1.66684E-02 2.25863E-02 2.23877E-01 4.89473E-01 8.38284E-03 4.96693E-03 1.91232E-03 2.51519E-01 
2.08504E-03 4.94465E-03 6.75528E-03 1.59197E-02 2.14272E-02 2.14575E-01 4.72607E-01 8.32311E-03 4.94465E-03 2.08504E-03 2.29673E-01 
2.22017E-03 4.89335E-03 6.64834E-03 1.51705E-02 2.02898E-02 2.05383E-01 4.55751E-01 8.22896E-03 4.89335E-03 2.22017E-03 2.09215E-01 
2.32105E-03 4.81642E-03 6.51601E-03 1.44247E-02 1.91776E-02 1.96322E-01 4.38948E-01 8.10393E-03 4.81642E-03 2.32105E-03 1.90159E-01 
2.39100E-03 4.71715E-03 6.36168E-03 1.36860E-02 1.80938E-02 1.87411E-01 4.22239E-01 7.95157E-03 4.71715E-03 2.39100E-03 1.72496E-01 
2.43334E-03 4.59879E-03 6.18864E-03 1.29575E-02 1.70412E-02 1.78669E-01 4.05664E-01 7.77537E-03 4.59879E-03 2.43334E-03 1.56203E-01 
2.45127E-03 4.46444E-03 6.00007E-03 1.22424E-02 1.60223E-02 1.70114E-01 3.89260E-01 7.57874E-03 4.46444E-03 2.45127E-03 1.41237E-01 
2.44787E-03 4.31703E-03 5.79898E-03 1.15435E-02 1.50390E-02 1.61760E-01 3.73064E-01 7.36494E-03 4.31703E-03 2.44787E-03 1.27546E-01 
5.64191E-05 1.36327E-03 1.71670E-03 2.24178E-02 3.49499E-02 3.61319E-01 7.32532E-01 2.65266E-03 1.36327E-03 5.64191E-05 6.31973E-01 
5.64191E-05 1.36327E-03 2.26570E-03 2.20698E-02 3.39799E-02 3.52533E-01 7.18722E-01 3.29048E-03 1.36327E-03 5.64191E-05 6.11428E-01 
5.64191E-05 2.36877E-04 2.77516E-03 2.17077E-02 3.30208E-02 3.43776E-01 7.04796E-01 3.88349E-03 2.36877E-04 5.64191E-05 5.89085E-01 
5.64191E-05 7.55863E-04 3.24688E-03 2.13322E-02 3.20719E-02 3.35042E-01 6.90746E-01 4.43352E-03 7.55863E-04 5.64191E-05 5.65006E-01 
5.64191E-05 1.23264E-03 3.67598E-03 2.09275E-02 3.11097E-02 3.26217E-01 6.76400E-01 4.93679E-03 1.23264E-03 5.64191E-05 5.40168E-01 
5.64191E-05 1.66713E-03 4.06243E-03 2.04952E-02 3.01367E-02 3.17318E-01 6.61782E-01 5.39300E-03 1.66713E-03 5.64191E-05 5.14773E-01 
5.64191E-05 2.05960E-03 4.40654E-03 2.00369E-02 2.91553E-02 3.08363E-01 6.46917E-01 5.80224E-03 2.05960E-03 5.64191E-05 4.89021E-01 
5.64191E-05 2.33476E-03 4.64408E-03 1.96658E-02 2.83917E-02 3.01406E-01 6.35261E-01 6.08690E-03 2.33476E-03 5.64191E-05 4.68977E-01 
5.64191E-05 2.41057E-03 4.70887E-03 1.95546E-02 2.81680E-02 2.99368E-01 6.31830E-01 6.16491E-03 2.41057E-03 5.64191E-05 4.63110E-01 
5.64191E-05 2.74345E-03 4.98903E-03 1.90101E-02 2.70997E-02 2.89645E-01 6.15345E-01 6.50455E-03 2.74345E-03 5.64191E-05 4.35213E-01 
5.64191E-05 3.03037E-03 5.22301E-03 1.84427E-02 2.60308E-02 2.79917E-01 5.98667E-01 6.79210E-03 3.03037E-03 5.64191E-05 4.07577E-01 
5.64191E-05 3.27301E-03 5.41253E-03 1.78553E-02 2.49642E-02 2.70206E-01 5.81833E-01 7.02915E-03 3.27301E-03 5.64191E-05 3.80408E-01 
5.64191E-05 3.47331E-03 5.55959E-03 1.72510E-02 2.39031E-02 2.60534E-01 5.64878E-01 7.21766E-03 3.47331E-03 5.64191E-05 3.53894E-01 
3.01090E-04 3.63549E-03 5.66900E-03 1.66429E-02 2.28652E-02 2.51022E-01 5.48018E-01 7.36204E-03 3.63549E-03 3.01090E-04 3.27278E-01 
6.22898E-04 3.75955E-03 5.74002E-03 1.60197E-02 2.18323E-02 2.41543E-01 5.31032E-01 7.46216E-03 3.75955E-03 6.22898E-04 3.01471E-01 
9.01444E-04 3.84724E-03 5.77435E-03 1.53825E-02 2.08045E-02 2.32094E-01 5.13914E-01 7.51975E-03 3.84724E-03 9.01444E-04 2.76792E-01 
1.13894E-03 3.90105E-03 5.77453E-03 1.47350E-02 1.97857E-02 2.22699E-01 4.96709E-01 7.53735E-03 3.90105E-03 1.13894E-03 2.53344E-01 
1.33787E-03 3.92364E-03 5.74331E-03 1.40810E-02 1.87798E-02 2.13385E-01 4.79463E-01 7.51774E-03 3.92364E-03 1.33787E-03 2.31203E-01 
1.50089E-03 3.91781E-03 5.68359E-03 1.34240E-02 1.77902E-02 2.04174E-01 4.62220E-01 7.46388E-03 3.91781E-03 1.50089E-03 2.10420E-01 
1.63081E-03 3.88646E-03 5.59833E-03 1.27676E-02 1.68203E-02 1.95088E-01 4.45024E-01 7.37887E-03 3.88646E-03 1.63081E-03 1.91021E-01 
1.73051E-03 3.83249E-03 5.49054E-03 1.21153E-02 1.58730E-02 1.86148E-01 4.27918E-01 7.26587E-03 3.83249E-03 1.73051E-03 1.73011E-01 
1.80289E-03 3.75880E-03 5.36317E-03 1.14702E-02 1.49513E-02 1.77375E-01 4.10943E-01 7.12807E-03 3.75880E-03 1.80289E-03 1.56377E-01 
1.85082E-03 3.66820E-03 5.21914E-03 1.08353E-02 1.40573E-02 1.68785E-01 3.94138E-01 6.96860E-03 3.66820E-03 1.85082E-03 1.41085E-01 
1.87711E-03 3.56340E-03 5.06123E-03 1.02132E-02 1.31932E-02 1.60396E-01 3.77543E-01 6.79053E-03 3.56340E-03 1.87711E-03 1.27090E-01 
1.88447E-03 3.44697E-03 4.89209E-03 9.60627E-03 1.23607E-02 1.52221E-01 3.61191E-01 6.59682E-03 3.44697E-03 1.88447E-03 1.14334E-01 
1.87545E-03 3.32131E-03 4.71420E-03 9.01668E-03 1.15612E-02 1.44273E-01 3.45117E-01 6.39027E-03 3.32131E-03 1.87545E-03 1.02752E-01 
4.47023E-05 1.10653E-03 1.76640E-03 1.90312E-02 2.84325E-02 3.42347E-01 7.16907E-01 3.21608E-03 1.10653E-03 4.47023E-05 5.84778E-01 
4.47023E-05 1.10653E-03 2.21048E-03 1.86752E-02 2.75790E-02 3.33253E-01 7.01891E-01 3.73434E-03 1.10653E-03 4.47023E-05 5.61981E-01 
4.47023E-05 1.93355E-04 2.62042E-03 1.83095E-02 2.67383E-02 3.24222E-01 6.86819E-01 4.21269E-03 1.93355E-04 4.47023E-05 5.37921E-01 
4.47023E-05 6.15494E-04 2.99781E-03 1.79347E-02 2.59099E-02 3.15250E-01 6.71680E-01 4.65281E-03 6.15494E-04 4.47023E-05 5.12664E-01 
4.47023E-05 1.00124E-03 3.33824E-03 1.75366E-02 2.50732E-02 3.06219E-01 6.56292E-01 5.05121E-03 1.00124E-03 4.47023E-05 4.87032E-01 
4.47023E-05 1.35071E-03 3.64189E-03 1.71168E-02 2.42304E-02 2.97149E-01 6.40682E-01 5.40787E-03 1.35071E-03 4.47023E-05 4.61215E-01 
4.47023E-05 1.66432E-03 3.90922E-03 1.66771E-02 2.33837E-02 2.88056E-01 6.24878E-01 5.72308E-03 1.66432E-03 4.47023E-05 4.35400E-01 
4.47023E-05 1.88278E-03 4.09156E-03 1.63243E-02 2.27272E-02 2.81016E-01 6.12534E-01 5.93889E-03 1.88278E-03 4.47023E-05 4.15539E-01 
4.47023E-05 1.94273E-03 4.14091E-03 1.62192E-02 2.25352E-02 2.78958E-01 6.08908E-01 5.99741E-03 1.94273E-03 4.47023E-05 4.09763E-01 
4.47023E-05 2.20447E-03 4.35186E-03 1.57075E-02 2.16209E-02 2.69164E-01 5.91537E-01 6.24837E-03 2.20447E-03 4.47023E-05 3.82512E-01 
4.47023E-05 2.42768E-03 4.52389E-03 1.51796E-02 2.07097E-02 2.59407E-01 5.74044E-01 6.45414E-03 2.42768E-03 4.47023E-05 3.55854E-01 
4.47023E-05 2.61399E-03 4.65871E-03 1.46382E-02 1.98045E-02 2.49707E-01 5.56467E-01 6.61641E-03 2.61399E-03 4.47023E-05 3.29958E-01 
4.47023E-05 2.76526E-03 4.75824E-03 1.40860E-02 1.89076E-02 2.40087E-01 5.38845E-01 6.73713E-03 2.76526E-03 4.47023E-05 3.04972E-01 
2.38048E-04 2.88516E-03 4.82672E-03 1.35345E-02 1.80338E-02 2.30666E-01 5.21399E-01 6.82045E-03 2.88516E-03 2.38048E-04 2.80265E-01 
4.90900E-04 2.97394E-03 4.86372E-03 1.29740E-02 1.71679E-02 2.21316E-01 5.03901E-01 6.86635E-03 2.97394E-03 4.90900E-04 2.56563E-01 
7.08115E-04 3.03330E-03 4.87087E-03 1.24055E-02 1.63101E-02 2.12035E-01 4.86346E-01 6.87654E-03 3.03330E-03 7.08115E-04 2.34112E-01 
8.91746E-04 3.06548E-03 4.85050E-03 1.18323E-02 1.54635E-02 2.02848E-01 4.68780E-01 6.85342E-03 3.06548E-03 8.91746E-04 2.12978E-01 
1.04403E-03 3.07283E-03 4.80507E-03 1.12576E-02 1.46312E-02 1.93778E-01 4.51249E-01 6.79958E-03 3.07283E-03 1.04403E-03 1.93202E-01 
1.16735E-03 3.05783E-03 4.73712E-03 1.06845E-02 1.38160E-02 1.84846E-01 4.33798E-01 6.71775E-03 3.05783E-03 1.16735E-03 1.74801E-01 
1.26416E-03 3.02297E-03 4.64926E-03 1.01161E-02 1.30206E-02 1.76073E-01 4.16470E-01 6.61073E-03 3.02297E-03 1.26416E-03 1.57774E-01 
1.33695E-03 2.97072E-03 4.54406E-03 9.55501E-03 1.22472E-02 1.67479E-01 3.99308E-01 6.48136E-03 2.97072E-03 1.33695E-03 1.42099E-01 
1.38820E-03 2.90352E-03 4.42404E-03 9.00390E-03 1.14979E-02 1.59080E-01 3.82350E-01 6.33246E-03 2.90352E-03 1.38820E-03 1.27737E-01 
1.42034E-03 2.82372E-03 4.29164E-03 8.46506E-03 1.07745E-02 1.50892E-01 3.65635E-01 6.16678E-03 2.82372E-03 1.42034E-03 1.14640E-01 
1.43572E-03 2.73353E-03 4.14918E-03 7.94057E-03 1.00783E-02 1.42929E-01 3.49197E-01 5.98698E-03 2.73353E-03 1.43572E-03 1.02744E-01 
1.43656E-03 2.63506E-03 3.99884E-03 7.43221E-03 9.41051E-03 1.35202E-01 3.33070E-01 5.79561E-03 2.63506E-03 1.43656E-03 9.19822E-02 
1.42498E-03 2.53023E-03 3.84265E-03 6.94149E-03 8.77199E-03 1.27721E-01 3.17284E-01 5.59507E-03 2.53023E-03 1.42498E-03 8.22797E-02 
3.50331E-05 8.85785E-04 1.82421E-03 1.60328E-02 2.27373E-02 3.21910E-01 6.97144E-01 3.79882E-03 8.85785E-04 3.50331E-05 5.36369E-01 
3.50331E-05 8.85785E-04 2.17514E-03 1.56733E-02 2.20053E-02 3.12632E-01 6.81087E-01 4.20456E-03 8.85785E-04 3.50331E-05 5.12025E-01 
3.50331E-05 1.55583E-04 2.49737E-03 1.53088E-02 2.12873E-02 3.03452E-01 6.65035E-01 4.57556E-03 1.55583E-04 3.50331E-05 4.86924E-01 
3.50331E-05 4.94166E-04 2.79222E-03 1.49394E-02 2.05824E-02 2.94364E-01 6.48978E-01 4.91329E-03 4.94166E-04 3.50331E-05 4.61127E-01 
3.50331E-05 8.02038E-04 3.05570E-03 1.45527E-02 1.98730E-02 2.85251E-01 6.32724E-01 5.21447E-03 8.02038E-04 3.50331E-05 4.35310E-01 
3.50331E-05 1.07943E-03 3.28810E-03 1.41500E-02 1.91611E-02 2.76131E-01 6.16301E-01 5.47925E-03 1.07943E-03 3.50331E-05 4.09647E-01 
3.50331E-05 1.32683E-03 3.48994E-03 1.37331E-02 1.84484E-02 2.67022E-01 5.99741E-01 5.70808E-03 1.32683E-03 3.50331E-05 3.84301E-01 
3.50331E-05 1.49809E-03 3.62559E-03 1.34019E-02 1.78976E-02 2.59993E-01 5.86852E-01 5.86087E-03 1.49809E-03 3.50331E-05 3.65006E-01 
3.50331E-05 1.54491E-03 3.66194E-03 1.33037E-02 1.77368E-02 2.57942E-01 5.83074E-01 5.90161E-03 1.54491E-03 3.50331E-05 3.59427E-01 
3.50331E-05 1.74819E-03 3.81503E-03 1.28288E-02 1.69727E-02 2.48205E-01 5.65019E-01 6.07181E-03 1.74819E-03 3.50331E-05 3.33293E-01 
3.50331E-05 1.91971E-03 3.93589E-03 1.23438E-02 1.62143E-02 2.38543E-01 5.46916E-01 6.20345E-03 1.91971E-03 3.50331E-05 3.08021E-01 
3.50331E-05 2.06100E-03 4.02613E-03 1.18510E-02 1.54635E-02 2.28978E-01 5.28803E-01 6.29822E-03 2.06100E-03 3.50331E-05 2.83744E-01 
3.50331E-05 2.17377E-03 4.08752E-03 1.13530E-02 1.47226E-02 2.19528E-01 5.10721E-01 6.35803E-03 2.17377E-03 3.50331E-05 2.60568E-01 
1.86171E-04 2.26110E-03 4.12375E-03 1.08594E-02 1.40033E-02 2.10311E-01 4.92894E-01 6.38679E-03 2.26110E-03 1.86171E-04 2.37966E-01 
3.82737E-04 2.32343E-03 4.13458E-03 1.03620E-02 1.32933E-02 2.01202E-01 4.75088E-01 6.38442E-03 2.32343E-03 3.82737E-04 2.16500E-01 
5.50366E-04 2.36231E-03 4.12150E-03 9.86178E-03 1.25927E-02 1.92196E-01 4.57299E-01 6.35254E-03 2.36231E-03 5.50366E-04 1.96353E-01 
6.90895E-04 2.37970E-03 4.08658E-03 9.36139E-03 1.19040E-02 1.83318E-01 4.39573E-01 6.29338E-03 2.37970E-03 6.90895E-04 1.77555E-01 
8.06298E-04 2.37766E-03 4.03197E-03 8.86359E-03 1.12297E-02 1.74589E-01 4.21957E-01 6.20934E-03 2.37766E-03 8.06298E-04 1.60119E-01 
8.98637E-04 2.35828E-03 3.95988E-03 8.37093E-03 1.05719E-02 1.66028E-01 4.04494E-01 6.10288E-03 2.35828E-03 8.98637E-04 1.44033E-01 
9.70017E-04 2.32367E-03 3.87252E-03 7.88582E-03 9.93259E-03 1.57655E-01 3.87226E-01 5.97651E-03 2.32367E-03 9.70017E-04 1.29271E-01 
1.02255E-03 2.27590E-03 3.77206E-03 7.41047E-03 9.31357E-03 1.49486E-01 3.70194E-01 5.83275E-03 2.27590E-03 1.02255E-03 1.15791E-01 
1.05831E-03 2.21697E-03 3.66062E-03 6.94685E-03 8.71627E-03 1.41536E-01 3.53434E-01 5.67405E-03 2.21697E-03 1.05831E-03 1.03538E-01 
1.07931E-03 2.14880E-03 3.54020E-03 6.49672E-03 8.14193E-03 1.33818E-01 3.36982E-01 5.50283E-03 2.14880E-03 1.07931E-03 9.24474E-02 
1.08747E-03 2.07318E-03 3.41272E-03 6.06158E-03 7.59150E-03 1.26342E-01 3.20871E-01 5.32136E-03 2.07318E-03 1.08747E-03 8.24493E-02 
1.08463E-03 1.99179E-03 3.27993E-03 5.64270E-03 7.06568E-03 1.19119E-01 3.05128E-01 5.13183E-03 1.99179E-03 1.08463E-03 7.34681E-02 
1.07246E-03 1.90616E-03 3.14346E-03 5.24109E-03 6.56496E-03 1.12155E-01 2.89781E-01 4.93625E-03 1.90616E-03 1.07246E-03 6.54263E-02 
2.71441E-05 6.98688E-04 1.88114E-03 1.33576E-02 1.78786E-02 3.00311E-01 6.73521E-01 4.37077E-03 6.98688E-04 2.71441E-05 4.87102E-01 
2.71441E-05 6.98688E-04 2.15074E-03 1.30010E-02 1.72660E-02 2.90976E-01 6.56605E-01 4.67161E-03 6.98688E-04 2.71441E-05 4.61934E-01 
2.71441E-05 1.23283E-04 2.39687E-03 1.26437E-02 1.66673E-02 2.81771E-01 6.39759E-01 4.94300E-03 1.23283E-04 2.71441E-05 4.36470E-01 
2.71441E-05 3.90817E-04 2.62059E-03 1.22859E-02 1.60818E-02 2.72690E-01 6.22972E-01 5.18614E-03 3.90817E-04 2.71441E-05 4.10758E-01 
2.71441E-05 6.33014E-04 2.81826E-03 1.19162E-02 1.54947E-02 2.63614E-01 6.06041E-01 5.39787E-03 6.33014E-04 2.71441E-05 3.85338E-01 
2.71441E-05 8.50146E-04 2.99020E-03 1.15361E-02 1.49074E-02 2.54564E-01 5.88998E-01 5.57845E-03 8.50146E-04 2.71441E-05 3.60364E-01 
2.71441E-05 1.04269E-03 3.13694E-03 1.11471E-02 1.43214E-02 2.45557E-01 5.71877E-01 5.72841E-03 1.04269E-03 2.71441E-05 3.35974E-01 
2.71441E-05 1.17520E-03 3.23362E-03 1.08409E-02 1.38699E-02 2.38628E-01 5.58595E-01 5.82389E-03 1.17520E-03 2.71441E-05 3.17583E-01 
2.71441E-05 1.21128E-03 3.25917E-03 1.07507E-02 1.37383E-02 2.36611E-01 5.54709E-01 5.84848E-03 1.21128E-03 2.71441E-05 3.12293E-01 
2.71441E-05 1.36716E-03 3.36452E-03 1.03168E-02 1.31142E-02 2.27052E-01 5.36183E-01 5.94553E-03 1.36716E-03 2.71441E-05 2.87679E-01 
2.71441E-05 1.49732E-03 3.44366E-03 9.87825E-03 1.24969E-02 2.17604E-01 5.17682E-01 6.01031E-03 1.49732E-03 2.71441E-05 2.64131E-01 
2.71441E-05 1.60314E-03 3.49804E-03 9.43699E-03 1.18880E-02 2.08286E-01 4.99246E-01 6.04446E-03 1.60314E-03 2.71441E-05 2.41743E-01 
2.71441E-05 1.68611E-03 3.52925E-03 8.99510E-03 1.12891E-02 1.99118E-01 4.80913E-01 6.04977E-03 1.68611E-03 2.71441E-05 2.20584E-01 
1.43964E-04 1.74878E-03 3.54045E-03 8.56071E-03 1.07096E-02 1.90209E-01 4.62910E-01 6.02997E-03 1.74878E-03 1.43964E-04 2.00211E-01 
2.95095E-04 1.79168E-03 3.53148E-03 8.12680E-03 1.01396E-02 1.81439E-01 4.45001E-01 5.98479E-03 1.79168E-03 2.95095E-04 1.81047E-01 
4.23071E-04 1.81618E-03 3.50368E-03 7.69408E-03 9.57909E-03 1.72803E-01 4.27179E-01 5.91572E-03 1.81618E-03 4.23071E-04 1.63216E-01 
5.29488E-04 1.82395E-03 3.45884E-03 7.26483E-03 9.03015E-03 1.64324E-01 4.09492E-01 5.82483E-03 1.82395E-03 5.29488E-04 1.46723E-01 
6.16040E-04 1.81672E-03 3.39879E-03 6.84123E-03 8.49462E-03 1.56020E-01 3.91983E-01 5.71426E-03 1.81672E-03 6.16040E-04 1.31551E-01 
6.84474E-04 1.79625E-03 3.32540E-03 6.42529E-03 7.97414E-03 1.47909E-01 3.74696E-01 5.58623E-03 1.79625E-03 6.84474E-04 1.17669E-01 
7.36553E-04 1.76426E-03 3.24053E-03 6.01888E-03 7.47021E-03 1.40008E-01 3.57671E-01 5.44297E-03 1.76426E-03 7.36553E-04 1.05032E-01 
7.74027E-04 1.72246E-03 3.14598E-03 5.62366E-03 6.98406E-03 1.32331E-01 3.40944E-01 5.28668E-03 1.72246E-03 7.74027E-04 9.35806E-02 
7.98603E-04 1.67247E-03 3.04348E-03 5.24106E-03 6.51673E-03 1.24889E-01 3.24552E-01 5.11949E-03 1.67247E-03 7.98603E-04 8.32504E-02 
8.11921E-04 1.61581E-03 2.93467E-03 4.87234E-03 6.06906E-03 1.17694E-01 3.08524E-01 4.94348E-03 1.61581E-03 8.11921E-04 7.39689E-02 
8.15535E-04 1.55392E-03 2.82110E-03 4.51850E-03 5.64164E-03 1.10754E-01 2.92890E-01 4.76060E-03 1.55392E-03 8.15535E-04 6.56604E-02 
8.10899E-04 1.48809E-03 2.70417E-03 4.18036E-03 5.23489E-03 1.04076E-01 2.77675E-01 4.57268E-03 1.48809E-03 8.10899E-04 5.82475E-02 
7.99358E-04 1.41953E-03 2.58516E-03 3.85851E-03 4.84902E-03 9.76631E-02 2.62901E-01 4.38143E-03 1.41953E-03 7.99358E-04 5.16532E-02 
2.07779E-05 5.42368E-04 1.93091E-03 1.09473E-02 1.38287E-02 2.77849E-01 6.46359E-01 4.90423E-03 5.42368E-04 2.07779E-05 4.37513E-01 
2.07779E-05 5.42368E-04 2.13061E-03 1.06015E-02 1.33272E-02 2.68581E-01 6.28784E-01 5.10833E-03 5.42368E-04 2.07779E-05 4.12223E-01 
2.07779E-05 9.60718E-05 2.31174E-03 1.02592E-02 1.28392E-02 2.59471E-01 6.11342E-01 5.28821E-03 9.60718E-05 2.07779E-05 3.87037E-01 
2.07779E-05 3.04062E-04 2.47506E-03 9.92033E-03 1.23637E-02 2.50514E-01 5.94023E-01 5.44481E-03 3.04062E-04 2.07779E-05 3.61988E-01 
2.07779E-05 4.91645E-04 2.61723E-03 9.57466E-03 1.18885E-02 2.41593E-01 5.76615E-01 5.57497E-03 4.91645E-04 2.07779E-05 3.37494E-01 
2.07779E-05 6.59073E-04 2.73857E-03 9.22349E-03 1.14146E-02 2.32726E-01 5.59153E-01 5.67907E-03 6.59073E-04 2.07779E-05 3.13683E-01 
2.07779E-05 8.06774E-04 2.83956E-03 8.86810E-03 1.09433E-02 2.23932E-01 5.41671E-01 5.75765E-03 8.06774E-04 2.07779E-05 2.90665E-01 
2.07779E-05 9.07873E-04 2.90414E-03 8.59103E-03 1.05811E-02 2.17188E-01 5.28153E-01 5.80141E-03 9.07873E-04 2.07779E-05 2.73460E-01 
2.07779E-05 9.35310E-04 2.92084E-03 8.50978E-03 1.04757E-02 2.15227E-01 5.24204E-01 5.81146E-03 9.35310E-04 2.07779E-05 2.68536E-01 
2.07779E-05 1.05324E-03 2.98728E-03 8.12168E-03 9.97687E-03 2.05959E-01 5.05423E-01 5.84280E-03 1.05324E-03 2.07779E-05 2.45763E-01 
2.07779E-05 1.15073E-03 3.03281E-03 7.73339E-03 9.48499E-03 1.96834E-01 4.86739E-01 5.84777E-03 1.15073E-03 2.07779E-05 2.24195E-01 
2.07779E-05 1.22897E-03 3.05871E-03 7.34656E-03 9.00134E-03 1.87868E-01 4.68189E-01 5.82790E-03 1.22897E-03 2.07779E-05 2.03889E-01 
2.07779E-05 1.28922E-03 3.06634E-03 6.96280E-03 8.52719E-03 1.79078E-01 4.49814E-01 5.78486E-03 1.28922E-03 2.07779E-05 1.84878E-01 
1.09994E-04 1.33353E-03 3.05839E-03 6.58877E-03 8.06969E-03 1.70571E-01 4.31839E-01 5.72222E-03 1.33353E-03 1.09994E-04 1.66789E-01 
2.24838E-04 1.36246E-03 3.03471E-03 6.21849E-03 7.62114E-03 1.62227E-01 4.14023E-01 5.63946E-03 1.36246E-03 2.24838E-04 1.49927E-01 
3.21433E-04 1.37717E-03 2.99645E-03 5.85247E-03 7.18154E-03 1.54043E-01 3.96363E-01 5.53788E-03 1.37717E-03 3.21433E-04 1.34371E-01 
4.01129E-04 1.37906E-03 2.94513E-03 5.49251E-03 6.75243E-03 1.46039E-01 3.78903E-01 5.41937E-03 1.37906E-03 4.01129E-04 1.20099E-01 
4.65343E-04 1.36955E-03 2.88229E-03 5.14026E-03 6.33519E-03 1.38230E-01 3.61685E-01 5.28585E-03 1.36955E-03 4.65343E-04 1.07076E-01 
5.15519E-04 1.35008E-03 2.80949E-03 4.79725E-03 5.93106E-03 1.30634E-01 3.44751E-01 5.13929E-03 1.35008E-03 5.15519E-04 9.52542E-02 
5.53105E-04 1.32203E-03 2.72825E-03 4.46481E-03 5.54110E-03 1.23263E-01 3.28137E-01 4.98163E-03 1.32203E-03 5.53105E-04 8.45745E-02 
5.79524E-04 1.28678E-03 2.64003E-03 4.14411E-03 5.16619E-03 1.16130E-01 3.11878E-01 4.81479E-03 1.28678E-03 5.79524E-04 7.49697E-02 
5.96151E-04 1.24560E-03 2.54626E-03 3.83615E-03 4.80704E-03 1.09243E-01 2.96006E-01 4.64061E-03 1.24560E-03 5.96151E-04 6.63676E-02 
6.04297E-04 1.19970E-03 2.44824E-03 3.54169E-03 4.46419E-03 1.02611E-01 2.80547E-01 4.46085E-03 1.19970E-03 6.04297E-04 5.86927E-02 
6.05196E-04 1.15018E-03 2.34719E-03 3.26136E-03 4.13800E-03 9.62400E-02 2.65526E-01 4.27716E-03 1.15018E-03 6.05196E-04 5.18685E-02 
5.99990E-04 1.09806E-03 2.24423E-03 2.99557E-03 3.82865E-03 9.01334E-02 2.50964E-01 4.09108E-03 1.09806E-03 5.99990E-04 4.58193E-02 
5.89731E-04 1.04425E-03 2.14036E-03 2.74459E-03 3.53621E-03 8.42940E-02 2.36880E-01 3.90400E-03 1.04425E-03 5.89731E-04 4.04712E-02 
1.56977E-05 4.13702E-04 1.96933E-03 8.75807E-03 1.05274E-02 2.54815E-01 6.16023E-01 5.37437E-03 4.13702E-04 1.56977E-05 3.88258E-01 
1.56977E-05 4.13702E-04 2.10998E-03 8.43276E-03 1.01251E-02 2.45732E-01 5.97996E-01 5.49037E-03 4.13702E-04 1.56977E-05 3.63493E-01 
1.56977E-05 7.35022E-05 2.23646E-03 8.11439E-03 9.73510E-03 2.36834E-01 5.80164E-01 5.58722E-03 7.35022E-05 1.56977E-05 3.39165E-01 
1.56977E-05 2.32344E-04 2.34925E-03 7.80262E-03 9.35675E-03 2.28113E-01 5.62516E-01 5.66559E-03 2.32344E-04 1.56977E-05 3.15288E-01 
1.56977E-05 3.75170E-04 2.44529E-03 7.48852E-03 8.97985E-03 2.19454E-01 5.44835E-01 5.72228E-03 3.75170E-04 1.56977E-05 2.92172E-01 
1.56977E-05 5.02182E-04 2.52486E-03 7.17311E-03 8.60527E-03 2.10877E-01 5.27159E-01 5.75771E-03 5.02182E-04 1.56977E-05 2.69917E-01 
1.56977E-05 6.13726E-04 2.58838E-03 6.85741E-03 8.23383E-03 2.02398E-01 5.09520E-01 5.77245E-03 6.13726E-04 1.56977E-05 2.48606E-01 
1.56977E-05 6.89709E-04 2.62685E-03 6.61359E-03 7.94913E-03 1.95915E-01 4.95920E-01 5.77012E-03 6.89709E-04 1.56977E-05 2.32807E-01 
1.56977E-05 7.10265E-04 2.63639E-03 6.54245E-03 7.86639E-03 1.94033E-01 4.91954E-01 5.76724E-03 7.10265E-04 1.56977E-05 2.28306E-01 
1.56977E-05 7.98213E-04 2.67152E-03 6.20486E-03 7.47561E-03 1.85158E-01 4.73133E-01 5.74028E-03 7.98213E-04 1.56977E-05 2.07610E-01 
1.56977E-05 8.70242E-04 2.69033E-03 5.87061E-03 7.09143E-03 1.76452E-01 4.54476E-01 5.69242E-03 8.70242E-04 1.56977E-05 1.88194E-01 
1.56977E-05 9.27318E-04 2.69388E-03 5.54094E-03 6.71481E-03 1.67929E-01 4.36021E-01 5.62507E-03 9.27318E-04 1.56977E-05 1.70080E-01 
1.56977E-05 9.70495E-04 2.68333E-03 5.21705E-03 6.34667E-03 1.59605E-01 4.17805E-01 5.53977E-03 9.70495E-04 1.56977E-05 1.53275E-01 
8.29571E-05 1.00136E-03 2.66092E-03 4.90418E-03 5.99244E-03 1.51578E-01 4.00051E-01 5.43996E-03 1.00136E-03 8.29571E-05 1.37460E-01 
1.69132E-04 1.02046E-03 2.62651E-03 4.59732E-03 5.64616E-03 1.43735E-01 3.82519E-01 5.32477E-03 1.02046E-03 1.69132E-04 1.22847E-01 
2.41152E-04 1.02876E-03 2.58103E-03 4.29678E-03 5.30783E-03 1.36071E-01 3.65203E-01 5.19536E-03 1.02876E-03 2.41152E-04 1.09473E-01 
3.00132E-04 1.02739E-03 2.52576E-03 4.00387E-03 4.97857E-03 1.28604E-01 3.48146E-01 5.05339E-03 1.02739E-03 3.00132E-04 9.73000E-02 
3.47224E-04 1.01750E-03 2.46195E-03 3.71979E-03 4.65942E-03 1.21348E-01 3.31389E-01 4.90059E-03 1.01750E-03 3.47224E-04 8.62787E-02 
3.83599E-04 1.00022E-03 2.39089E-03 3.44559E-03 4.35126E-03 1.14316E-01 3.14970E-01 4.73866E-03 1.00022E-03 3.83599E-04 7.63493E-02 
4.10419E-04 9.76657E-04 2.31380E-03 3.18217E-03 4.05483E-03 1.07520E-01 2.98921E-01 4.56931E-03 9.76657E-04 4.10419E-04 6.74451E-02 
4.28817E-04 9.47880E-04 2.23187E-03 2.93026E-03 3.77075E-03 1.00969E-01 2.83275E-01 4.39418E-03 9.47880E-04 4.28817E-04 5.94943E-02 
4.39881E-04 9.14885E-04 2.14623E-03 2.69045E-03 3.49947E-03 9.46689E-02 2.68057E-01 4.21483E-03 9.14885E-04 4.39881E-04 5.24227E-02 
4.44640E-04 8.78601E-04 2.05791E-03 2.46316E-03 3.24133E-03 8.86263E-02 2.53293E-01 4.03273E-03 8.78601E-04 4.44640E-04 4.61552E-02 
4.44054E-04 8.39875E-04 1.96787E-03 2.24867E-03 2.99651E-03 8.28443E-02 2.39002E-01 3.84927E-03 8.39875E-04 4.44054E-04 4.06180E-02 
4.39010E-04 7.99472E-04 1.87698E-03 2.04709E-03 2.76508E-03 7.73248E-02 2.25201E-01 3.66571E-03 7.99472E-04 4.39010E-04 3.57395E-02 
4.30314E-04 7.58072E-04 1.78602E-03 1.85843E-03 2.54700E-03 7.20679E-02 2.11902E-01 3.48319E-03 7.58072E-04 4.30314E-04 3.14516E-02 
1.17015E-05 3.09736E-04 1.99385E-03 6.76938E-03 7.89856E-03 2.31558E-01 5.83000E-01 5.75874E-03 3.09736E-04 1.17015E-05 3.40184E-01 
1.17015E-05 3.09736E-04 2.08560E-03 6.47450E-03 7.58106E-03 2.22773E-01 5.64734E-01 5.79598E-03 3.09736E-04 1.17015E-05 3.16508E-01 
1.17015E-05 5.51383E-05 2.16700E-03 6.18919E-03 7.27483E-03 2.14192E-01 5.46722E-01 5.81885E-03 5.51383E-05 1.17015E-05 2.93530E-01 
1.17015E-05 1.74165E-04 2.23829E-03 5.91288E-03 6.97903E-03 2.05808E-01 5.28951E-01 5.82779E-03 1.74165E-04 1.17015E-05 2.71242E-01 
1.17015E-05 2.80971E-04 2.29667E-03 5.63779E-03 6.68541E-03 1.97511E-01 5.11203E-01 5.81951E-03 2.80971E-04 1.17015E-05 2.49862E-01 
1.17015E-05 3.75687E-04 2.34235E-03 5.36468E-03 6.39458E-03 1.89318E-01 4.93514E-01 5.79445E-03 3.75687E-04 1.17015E-05 2.29463E-01 
1.17015E-05 4.58568E-04 2.37568E-03 5.09430E-03 6.10710E-03 1.81245E-01 4.75918E-01 5.75319E-03 4.58568E-04 1.17015E-05 2.10100E-01 
1.17015E-05 5.14798E-04 2.39325E-03 4.88744E-03 5.88734E-03 1.75090E-01 4.62390E-01 5.71058E-03 5.14798E-04 1.17015E-05 1.95855E-01 
1.17015E-05 5.29969E-04 2.39708E-03 4.82739E-03 5.82357E-03 1.73307E-01 4.58451E-01 5.69643E-03 5.29969E-04 1.17015E-05 1.91814E-01 
1.17015E-05 5.94612E-04 2.40741E-03 4.54432E-03 5.52293E-03 1.64913E-01 4.39797E-01 5.61882E-03 5.94612E-04 1.17015E-05 1.73335E-01 
1.17015E-05 6.47104E-04 2.40529E-03 4.26703E-03 5.22826E-03 1.56708E-01 4.21370E-01 5.52533E-03 6.47104E-04 1.17015E-05 1.56153E-01 
1.17015E-05 6.88212E-04 2.39158E-03 3.99635E-03 4.94022E-03 1.48706E-01 4.03206E-01 5.41725E-03 6.88212E-04 1.17015E-05 1.40264E-01 
1.17015E-05 7.18772E-04 2.36724E-03 3.73311E-03 4.65949E-03 1.40918E-01 3.85341E-01 5.29596E-03 7.18772E-04 1.17015E-05 1.25648E-01 
6.17406E-05 7.39986E-04 2.33415E-03 3.48124E-03 4.39004E-03 1.33436E-01 3.67989E-01 5.16479E-03 7.39986E-04 6.17406E-05 1.12036E-01 
1.25576E-04 7.52350E-04 2.29208E-03 3.23664E-03 4.12740E-03 1.26152E-01 3.50915E-01 5.02252E-03 7.52350E-04 1.25576E-04 9.95621E-02 
1.78611E-04 7.56651E-04 2.24182E-03 2.99940E-03 3.87151E-03 1.19062E-01 3.34111E-01 4.87012E-03 7.56651E-04 1.78611E-04 8.82340E-02 
2.21739E-04 7.53778E-04 2.18438E-03 2.77043E-03 3.62321E-03 1.12179E-01 3.17619E-01 4.70908E-03 7.53778E-04 2.21739E-04 7.80017E-02 
2.55879E-04 7.44628E-04 2.12080E-03 2.55050E-03 3.38322E-03 1.05516E-01 3.01475E-01 4.54089E-03 7.44628E-04 2.55879E-04 6.88061E-02 
2.81956E-04 7.30088E-04 2.05211E-03 2.34027E-03 3.15216E-03 9.90843E-02 2.85713E-01 4.36706E-03 7.30088E-04 2.81956E-04 6.05814E-02 
3.00883E-04 7.11012E-04 1.97928E-03 2.14025E-03 2.93055E-03 9.28918E-02 2.70364E-01 4.18903E-03 7.11012E-04 3.00883E-04 5.32577E-02 
3.13546E-04 6.88218E-04 1.90326E-03 1.95085E-03 2.71878E-03 8.69454E-02 2.55454E-01 4.00819E-03 6.88218E-04 3.13546E-04 4.67626E-02 
3.20788E-04 6.62466E-04 1.82493E-03 1.77230E-03 2.51714E-03 8.12500E-02 2.41007E-01 3.82585E-03 6.62466E-04 3.20788E-04 4.10236E-02 
3.23404E-04 6.34459E-04 1.74512E-03 1.60477E-03 2.32582E-03 7.58086E-02 2.27043E-01 3.64323E-03 6.34459E-04 3.23404E-04 3.59691E-02 
3.22129E-04 6.04835E-04 1.66456E-03 1.44826E-03 2.14490E-03 7.06225E-02 2.13576E-01 3.46147E-03 6.04835E-04 3.22129E-04 3.15305E-02 
3.17637E-04 5.74162E-04 1.58392E-03 1.30269E-03 1.97438E-03 6.56915E-02 2.00620E-01 3.28157E-03 5.74162E-04 3.17637E-04 2.76423E-02 
3.10540E-04 5.42942E-04 1.50380E-03 1.16787E-03 1.81415E-03 6.10139E-02 1.88183E-01 3.10446E-03 5.42942E-04 3.10540E-04 2.42433E-02 
8.59118E-06 2.26999E-04 2.00334E-03 4.96871E-03 5.84039E-03 2.08320E-01 5.47670E-01 6.04090E-03 2.26999E-04 8.59118E-06 2.93916E-01 
8.59118E-06 2.26999E-04 2.05526E-03 4.71377E-03 5.59357E-03 1.99933E-01 5.29377E-01 6.00899E-03 2.26999E-04 8.59118E-06 2.71796E-01 
8.59118E-06 4.04345E-05 2.10005E-03 4.47001E-03 5.35681E-03 1.91767E-01 5.11392E-01 5.96716E-03 4.04345E-05 8.59118E-06 2.50561E-01 
8.59118E-06 1.27704E-04 2.13776E-03 4.23666E-03 5.12925E-03 1.83812E-01 4.93700E-01 5.91562E-03 1.27704E-04 8.59118E-06 2.30184E-01 
8.59118E-06 2.05947E-04 2.16582E-03 4.00712E-03 4.90428E-03 1.75965E-01 4.76084E-01 5.85100E-03 2.05947E-04 8.59118E-06 2.10804E-01 
8.59118E-06 2.75219E-04 2.18438E-03 3.78186E-03 4.68227E-03 1.68240E-01 4.58579E-01 5.77374E-03 2.75219E-04 8.59118E-06 1.92469E-01 
8.59118E-06 3.35684E-04 2.19370E-03 3.56135E-03 4.46359E-03 1.60652E-01 4.41220E-01 5.68440E-03 3.35684E-04 8.59118E-06 1.75208E-01 
8.59118E-06 3.76578E-04 2.19477E-03 3.39428E-03 4.29691E-03 1.54884E-01 4.27909E-01 5.60740E-03 3.76578E-04 8.59118E-06 1.62603E-01 
8.59118E-06 3.87587E-04 2.19410E-03 3.34605E-03 4.24861E-03 1.53215E-01 4.24039E-01 5.58365E-03 3.87587E-04 8.59118E-06 1.59042E-01 
8.59118E-06 4.34339E-04 2.18503E-03 3.12026E-03 4.02139E-03 1.45379E-01 4.05751E-01 5.46311E-03 4.34339E-04 8.59118E-06 1.42840E-01 
8.59118E-06 4.72024E-04 2.16672E-03 2.90158E-03 3.79937E-03 1.37745E-01 3.87745E-01 5.33127E-03 4.72024E-04 8.59118E-06 1.27903E-01 
8.59118E-06 5.01225E-04 2.13986E-03 2.69049E-03 3.58300E-03 1.30326E-01 3.70057E-01 5.18927E-03 5.01225E-04 8.59118E-06 1.14205E-01 
8.59118E-06 5.22583E-04 2.10521E-03 2.48745E-03 3.37272E-03 1.23133E-01 3.52719E-01 5.03835E-03 5.22583E-04 8.59118E-06 1.01708E-01 
4.52657E-05 5.36975E-04 2.06434E-03 2.29524E-03 3.17141E-03 1.16246E-01 3.35937E-01 4.88171E-03 5.36975E-04 4.52657E-05 9.01838E-02 
9.18692E-05 5.44837E-04 2.01696E-03 2.11060E-03 2.97573E-03 1.09567E-01 3.19480E-01 4.71781E-03 5.44837E-04 9.18692E-05 7.97066E-02 
1.30379E-04 5.46787E-04 1.96368E-03 1.93347E-03 2.78561E-03 1.03089E-01 3.03340E-01 4.54742E-03 5.46787E-04 1.30379E-04 7.02625E-02 
1.61491E-04 5.43509E-04 1.90532E-03 1.76439E-03 2.60163E-03 9.68247E-02 2.87555E-01 4.37184E-03 5.43509E-04 1.61491E-04 6.17940E-02 
1.85920E-04 5.35686E-04 1.84272E-03 1.60378E-03 2.42430E-03 9.07833E-02 2.72158E-01 4.19239E-03 5.35686E-04 1.85920E-04 5.42377E-02 
2.04381E-04 5.23993E-04 1.77667E-03 1.45198E-03 2.25403E-03 8.49733E-02 2.57179E-01 4.01033E-03 5.23993E-04 2.04381E-04 4.75260E-02 
2.17574E-04 5.09076E-04 1.70797E-03 1.30920E-03 2.09115E-03 7.94012E-02 2.42646E-01 3.82689E-03 5.09076E-04 2.17574E-04 4.15896E-02 
2.26179E-04 4.91548E-04 1.63734E-03 1.17556E-03 1.93592E-03 7.40713E-02 2.28579E-01 3.64322E-03 4.91548E-04 2.26179E-04 3.63589E-02 
2.30836E-04 4.71979E-04 1.56548E-03 1.05110E-03 1.78851E-03 6.89863E-02 2.15000E-01 3.46040E-03 4.71979E-04 2.30836E-04 3.17658E-02 
2.32146E-04 4.50890E-04 1.49301E-03 9.35746E-04 1.64900E-03 6.41472E-02 2.01921E-01 3.27942E-03 4.50890E-04 2.32146E-04 2.77445E-02 
2.30663E-04 4.28749E-04 1.42052E-03 8.29346E-04 1.51741E-03 5.95533E-02 1.89356E-01 3.10118E-03 4.28749E-04 2.30663E-04 2.42331E-02 
2.26891E-04 4.05974E-04 1.34852E-03 7.31680E-04 1.39370E-03 5.52029E-02 1.77312E-01 2.92648E-03 4.05974E-04 2.26891E-04 2.11735E-02 
2.21287E-04 3.82929E-04 1.27745E-03 6.42465E-04 1.27775E-03 5.10924E-02 1.65794E-01 2.75600E-03 3.82929E-04 2.21287E-04 1.85123E-02 
6.22832E-06 1.63067E-04 1.99763E-03 3.38029E-03 4.27223E-03 1.85644E-01 5.10934E-01 6.20658E-03 1.63067E-04 6.22832E-06 2.50624E-01 
6.22832E-06 1.63067E-04 2.01809E-03 3.17246E-03 4.08230E-03 1.77740E-01 4.92818E-01 6.11617E-03 1.63067E-04 6.22832E-06 2.30394E-01 
6.22832E-06 2.90138E-05 2.03405E-03 2.97634E-03 3.90125E-03 1.70068E-01 4.75057E-01 6.01987E-03 2.90138E-05 6.22832E-06 2.11166E-01 
6.22832E-06 9.16961E-05 2.04536E-03 2.79104E-03 3.72822E-03 1.62616E-01 4.57637E-01 5.91768E-03 9.16961E-05 6.22832E-06 1.92895E-01 
6.22832E-06 1.47934E-04 2.04969E-03 2.61106E-03 3.55797E-03 1.55287E-01 4.40339E-01 5.80614E-03 1.47934E-04 6.22832E-06 1.75655E-01 
6.22832E-06 1.97717E-04 2.04714E-03 2.43665E-03 3.39069E-03 1.48095E-01 4.23200E-01 5.68568E-03 1.97717E-04 6.22832E-06 1.59474E-01 
6.22832E-06 2.41121E-04 2.03787E-03 2.26801E-03 3.22657E-03 1.41052E-01 4.06254E-01 5.55684E-03 2.41121E-04 6.22832E-06 1.44360E-01 
6.22832E-06 2.70422E-04 2.02625E-03 2.14162E-03 3.10188E-03 1.35713E-01 3.93293E-01 5.45180E-03 2.70422E-04 6.22832E-06 1.33397E-01 
6.22832E-06 2.78299E-04 2.02214E-03 2.10535E-03 3.06582E-03 1.34171E-01 3.89531E-01 5.42025E-03 2.78299E-04 6.22832E-06 1.30312E-01 
6.22832E-06 3.11665E-04 1.99831E-03 1.93689E-03 2.89651E-03 1.26944E-01 3.71785E-01 5.26509E-03 3.11665E-04 6.22832E-06 1.16344E-01 
6.22832E-06 3.38407E-04 1.96781E-03 1.77582E-03 2.73164E-03 1.19929E-01 3.54370E-01 5.10269E-03 3.38407E-04 6.22832E-06 1.03571E-01 
6.22832E-06 3.58949E-04 1.93120E-03 1.62233E-03 2.57147E-03 1.13135E-01 3.37318E-01 4.93406E-03 3.58949E-04 6.22832E-06 9.19505E-02 
6.22832E-06 3.73764E-04 1.88907E-03 1.47658E-03 2.41628E-03 1.06571E-01 3.20658E-01 4.76028E-03 3.73764E-04 6.22832E-06 8.14309E-02 
3.27764E-05 3.83467E-04 1.84275E-03 1.34035E-03 2.26808E-03 1.00310E-01 3.04587E-01 4.58444E-03 3.83467E-04 3.27764E-05 7.18189E-02 
6.63980E-05 3.88432E-04 1.79186E-03 1.21119E-03 2.12442E-03 9.42585E-02 2.88880E-01 4.40469E-03 3.88432E-04 6.63980E-05 6.31463E-02 
9.40478E-05 3.89130E-04 1.73687E-03 1.08891E-03 1.98523E-03 8.84109E-02 2.73527E-01 4.22161E-03 3.89130E-04 9.40478E-05 5.53842E-02 
1.16256E-04 3.86071E-04 1.67845E-03 9.73771E-04 1.85089E-03 8.27766E-02 2.58563E-01 4.03634E-03 3.86071E-04 1.16256E-04 4.84721E-02 
1.33563E-04 3.79768E-04 1.61724E-03 8.65924E-04 1.72174E-03 7.73633E-02 2.44018E-01 3.85000E-03 3.79768E-04 1.33563E-04 4.23461E-02 
1.46512E-04 3.70720E-04 1.55388E-03 7.65455E-04 1.59803E-03 7.21771E-02 2.29917E-01 3.66365E-03 3.70720E-04 1.46512E-04 3.69403E-02 
1.55631E-04 3.59407E-04 1.48899E-03 6.72374E-04 1.47997E-03 6.72220E-02 2.16284E-01 3.47830E-03 3.59407E-04 1.55631E-04 3.21892E-02 
1.61429E-04 3.46282E-04 1.42313E-03 5.86616E-04 1.36771E-03 6.25005E-02 2.03136E-01 3.29491E-03 3.46282E-04 1.61429E-04 2.80281E-02 
1.64385E-04 3.31761E-04 1.35684E-03 5.08052E-04 1.26134E-03 5.80133E-02 1.90488E-01 3.11433E-03 3.31761E-04 1.64385E-04 2.43953E-02 
1.64947E-04 3.16225E-04 1.29061E-03 4.36493E-04 1.16089E-03 5.37596E-02 1.78351E-01 2.93734E-03 3.16225E-04 1.64947E-04 2.12322E-02 
1.63525E-04 3.00016E-04 1.22487E-03 3.71698E-04 1.06634E-03 4.97374E-02 1.66733E-01 2.76463E-03 3.00016E-04 1.63525E-04 1.84844E-02 
1.60492E-04 2.83433E-04 1.16002E-03 3.13382E-04 9.77611E-04 4.59433E-02 1.55638E-01 2.59680E-03 2.83433E-04 1.60492E-04 1.61018E-02 
1.56184E-04 2.66738E-04 1.09640E-03 2.61224E-04 8.94613E-04 4.23727E-02 1.45066E-01 2.43435E-03 2.66738E-04 1.56184E-04 1.40391E-02 
4.42947E-06 1.13854E-04 1.97710E-03 1.99201E-03 3.07379E-03 1.63429E-01 4.72685E-01 6.25175E-03 1.13854E-04 4.42947E-06 2.10155E-01 
4.42947E-06 1.13854E-04 1.97286E-03 1.83640E-03 2.92970E-03 1.56087E-01 4.54942E-01 6.11279E-03 1.13854E-04 4.42947E-06 1.92068E-01 
4.42947E-06 2.01870E-05 1.96619E-03 1.69201E-03 2.79337E-03 1.48980E-01 4.37595E-01 5.97155E-03 2.01870E-05 4.42947E-06 1.75034E-01 
4.42947E-06 6.39131E-05 1.95682E-03 1.55788E-03 2.66398E-03 1.42099E-01 4.20628E-01 5.82788E-03 6.39131E-05 4.42947E-06 1.58997E-01 
4.42947E-06 1.03254E-04 1.94265E-03 1.42964E-03 2.53740E-03 1.35352E-01 4.03828E-01 5.67820E-03 1.03254E-04 4.42947E-06 1.43980E-01 
4.42947E-06 1.38140E-04 1.92370E-03 1.30729E-03 2.41368E-03 1.28750E-01 3.87229E-01 5.52297E-03 1.38140E-04 4.42947E-06 1.29992E-01 
4.42947E-06 1.68577E-04 1.90009E-03 1.19084E-03 2.29287E-03 1.22306E-01 3.70863E-01 5.36268E-03 1.68577E-04 4.42947E-06 1.17024E-01 
4.42947E-06 1.89118E-04 1.87874E-03 1.10477E-03 2.20145E-03 1.17435E-01 3.58378E-01 5.23555E-03 1.89118E-04 4.42947E-06 1.07681E-01 
4.42947E-06 1.94636E-04 1.87200E-03 1.08027E-03 2.17506E-03 1.16030E-01 3.54760E-01 5.19792E-03 1.94636E-04 4.42947E-06 1.05061E-01 
4.42947E-06 2.17982E-04 1.83695E-03 9.67623E-04 2.05148E-03 1.09460E-01 3.37724E-01 5.01597E-03 2.17982E-04 4.42947E-06 9.32564E-02 
4.42947E-06 2.36625E-04 1.79732E-03 8.61762E-04 1.93161E-03 1.03104E-01 3.21059E-01 4.83039E-03 2.36625E-04 4.42947E-06 8.25456E-02 
4.42947E-06 2.50856E-04 1.75353E-03 7.62638E-04 1.81557E-03 9.69709E-02 3.04794E-01 4.64206E-03 2.50856E-04 4.42947E-06 7.28758E-02 
4.42947E-06 2.61009E-04 1.70604E-03 6.70189E-04 1.70350E-03 9.10661E-02 2.88956E-01 4.45190E-03 2.61009E-04 4.42947E-06 6.41880E-02 
2.32867E-05 2.67492E-04 1.65597E-03 5.85360E-04 1.59677E-03 8.54539E-02 2.73728E-01 4.26287E-03 2.67492E-04 2.32867E-05 5.63197E-02 
4.71004E-05 2.70614E-04 1.60288E-03 5.06435E-04 1.49359E-03 8.00497E-02 2.58894E-01 4.07285E-03 2.70614E-04 4.71004E-05 4.92722E-02 
6.66033E-05 2.70723E-04 1.54712E-03 4.33189E-04 1.39389E-03 7.48462E-02 2.44443E-01 3.88225E-03 2.70723E-04 6.66033E-05 4.30075E-02 
8.21862E-05 2.68191E-04 1.48921E-03 3.65647E-04 1.29791E-03 6.98511E-02 2.30407E-01 3.69204E-03 2.68191E-04 8.21862E-05 3.74661E-02 
9.42490E-05 2.63385E-04 1.42965E-03 3.03778E-04 1.20584E-03 6.50700E-02 2.16810E-01 3.50314E-03 2.63385E-04 9.42490E-05 3.25866E-02 
1.03190E-04 2.56670E-04 1.36894E-03 2.47503E-04 1.11783E-03 6.05066E-02 2.03675E-01 3.31645E-03 2.56670E-04 1.03190E-04 2.83076E-02 
1.09399E-04 2.48391E-04 1.30757E-03 1.96693E-04 1.03401E-03 5.61633E-02 1.91020E-01 3.13277E-03 2.48391E-04 1.09399E-04 2.45692E-02 
1.13247E-04 2.38872E-04 1.24596E-03 1.51175E-04 9.54442E-04 5.20407E-02 1.78859E-01 2.95286E-03 2.38872E-04 1.13247E-04 2.13138E-02 
1.15086E-04 2.28415E-04 1.18454E-03 1.10740E-04 8.79164E-04 4.81379E-02 1.67203E-01 2.77736E-03 2.28415E-04 1.15086E-04 1.84870E-02 
1.15242E-04 2.17289E-04 1.12367E-03 7.51439E-05 8.08171E-04 4.44528E-02 1.56059E-01 2.60687E-03 2.17289E-04 1.15242E-04 1.60382E-02 
1.14012E-04 2.05737E-04 1.06368E-03 4.41169E-05 7.41426E-04 4.09819E-02 1.45429E-01 2.44189E-03 2.05737E-04 1.14012E-04 1.39211E-02 
1.11668E-04 1.93974E-04 1.00488E-03 1.73696E-05 6.78864E-04 3.77209E-02 1.35316E-01 2.28282E-03 1.93974E-04 1.11668E-04 1.20936E-02 
1.08452E-04 1.82183E-04 9.47501E-04 -5.40028E-06 6.20392E-04 3.46642E-02 1.25715E-01 2.13002E-03 1.82183E-04 1.08452E-04 1.05181E-02 
3.09582E-06 7.72172E-05 1.94270E-03 8.36194E-04 2.17723E-03 1.42157E-01 4.33783E-01 6.17345E-03 7.72172E-05 3.09582E-06 1.73375E-01 
3.09582E-06 7.72172E-05 1.91974E-03 7.33919E-04 2.06947E-03 1.35434E-01 4.16593E-01 5.99657E-03 7.72172E-05 3.09582E-06 1.57552E-01 
3.09582E-06 1.35983E-05 1.89592E-03 6.41496E-04 1.96843E-03 1.28945E-01 3.99832E-01 5.82054E-03 1.35983E-05 3.09582E-06 1.42779E-01 
3.09582E-06 4.31971E-05 1.87090E-03 5.57960E-04 1.87333E-03 1.22681E-01 3.83483E-01 5.64508E-03 4.31971E-05 3.09582E-06 1.28990E-01 
3.09582E-06 6.99794E-05 1.84276E-03 4.80024E-04 1.78096E-03 1.16557E-01 3.67339E-01 5.46658E-03 6.99794E-05 3.09582E-06 1.16174E-01 
3.09582E-06 9.38319E-05 1.81150E-03 4.07516E-04 1.69126E-03 1.10584E-01 3.51433E-01 5.28545E-03 9.38319E-05 3.09582E-06 1.04321E-01 
3.09582E-06 1.14707E-04 1.77718E-03 3.40258E-04 1.60418E-03 1.04771E-01 3.35793E-01 5.10216E-03 1.14707E-04 3.09582E-06 9.34121E-02 
3.09582E-06 1.28819E-04 1.74861E-03 2.91710E-04 1.53858E-03 1.00388E-01 3.23894E-01 4.95920E-03 1.28819E-04 3.09582E-06 8.56020E-02 
3.09582E-06 1.32613E-04 1.73993E-03 2.78078E-04 1.51970E-03 9.91265E-02 3.20449E-01 4.91725E-03 1.32613E-04 3.09582E-06 8.34198E-02 
3.09582E-06 1.48665E-04 1.69667E-03 2.16527E-04 1.43151E-03 9.32379E-02 3.04265E-01 4.71668E-03 1.48665E-04 3.09582E-06 7.36322E-02 
3.09582E-06 1.61472E-04 1.65045E-03 1.60474E-04 1.34635E-03 8.75611E-02 2.88483E-01 4.51558E-03 1.61472E-04 3.09582E-06 6.48179E-02 
3.09582E-06 1.71220E-04 1.60160E-03 1.09707E-04 1.26424E-03 8.21020E-02 2.73129E-01 4.31472E-03 1.71220E-04 3.09582E-06 5.69189E-02 
3.09582E-06 1.78132E-04 1.55047E-03 6.40175E-05 1.18522E-03 7.68650E-02 2.58227E-01 4.11484E-03 1.78132E-04 3.09582E-06 4.98734E-02 
1.62635E-05 1.82461E-04 1.49802E-03 2.36905E-05 1.11016E-03 7.19052E-02 2.43945E-01 3.91877E-03 1.82461E-04 1.62635E-05 4.35458E-02 
3.28556E-05 1.84457E-04 1.44376E-03 -1.23027E-05 1.03779E-03 6.71464E-02 2.30079E-01 3.72416E-03 1.84457E-04 3.28556E-05 3.79177E-02 
4.63988E-05 1.84368E-04 1.38792E-03 -4.41989E-05 9.68033E-04 6.25811E-02 2.16616E-01 3.53126E-03 1.84368E-04 4.63988E-05 3.29474E-02 
5.71725E-05 1.82455E-04 1.33092E-03 -7.21136E-05 9.01005E-04 5.82147E-02 2.03583E-01 3.34090E-03 1.82455E-04 5.71725E-05 2.85786E-02 
6.54634E-05 1.78977E-04 1.27315E-03 -9.61912E-05 8.36814E-04 5.40509E-02 1.91002E-01 3.15381E-03 1.78977E-04 6.54634E-05 2.47552E-02 
7.15577E-05 1.74188E-04 1.21499E-03 -1.16603E-04 7.75535E-04 5.00918E-02 1.78891E-01 2.97071E-03 1.74188E-04 7.15577E-05 2.14219E-02 
7.57344E-05 1.68334E-04 1.15683E-03 -1.33542E-04 7.17221E-04 4.63380E-02 1.67262E-01 2.79223E-03 1.68334E-04 7.57344E-05 1.85259E-02 
7.82606E-05 1.61642E-04 1.09899E-03 -1.47222E-04 6.61899E-04 4.27887E-02 1.56128E-01 2.61893E-03 1.61642E-04 7.82606E-05 1.60172E-02 
7.93876E-05 1.54323E-04 1.04179E-03 -1.57874E-04 6.09569E-04 3.94417E-02 1.45494E-01 2.45128E-03 1.54323E-04 7.93876E-05 1.38496E-02 
7.93485E-05 1.46567E-04 9.85521E-04 -1.65738E-04 5.60212E-04 3.62937E-02 1.35364E-01 2.28971E-03 1.46567E-04 7.93485E-05 1.19804E-02 
7.83565E-05 1.38544E-04 9.30419E-04 -1.71060E-04 5.13789E-04 3.33404E-02 1.25737E-01 2.13454E-03 1.38544E-04 7.83565E-05 1.03713E-02 
7.66046E-05 1.30403E-04 8.76708E-04 -1.74089E-04 4.70244E-04 3.05767E-02 1.16611E-01 1.98603E-03 1.30403E-04 7.66046E-05 8.98796E-03 
7.42654E-05 1.22274E-04 8.24575E-04 -1.75072E-04 4.29510E-04 2.79966E-02 1.07980E-01 1.84436E-03 1.22274E-04 7.42654E-05 7.79985E-03 
2.12360E-06 5.06247E-05 1.89565E-03 -7.52952E-05 1.51147E-03 1.22066E-01 3.94734E-01 5.97647E-03 5.06247E-05 2.12360E-06 1.40571E-01 
2.12360E-06 5.06247E-05 1.85892E-03 -1.26904E-04 1.43260E-03 1.16000E-01 3.78257E-01 5.77218E-03 5.06247E-05 2.12360E-06 1.27031E-01 
2.12360E-06 8.81174E-06 1.82247E-03 -1.70670E-04 1.35949E-03 1.10164E-01 3.62236E-01 5.57140E-03 8.81174E-06 2.12360E-06 1.14494E-01 
2.12360E-06 2.81510E-05 1.78591E-03 -2.07492E-04 1.29139E-03 1.04547E-01 3.46651E-01 5.37372E-03 2.81510E-05 2.12360E-06 1.02888E-01 
2.12360E-06 4.58229E-05 1.74751E-03 -2.39654E-04 1.22584E-03 9.90718E-02 3.31302E-01 5.17552E-03 4.58229E-05 2.12360E-06 9.21754E-02 
2.12360E-06 6.16867E-05 1.70726E-03 -2.67459E-04 1.16269E-03 9.37474E-02 3.16220E-01 4.97720E-03 6.16867E-05 2.12360E-06 8.23375E-02 
2.12360E-06 7.56577E-05 1.66519E-03 -2.91198E-04 1.10183E-03 8.85817E-02 3.01432E-01 4.77920E-03 7.56577E-05 2.12360E-06 7.33458E-02 
2.12360E-06 8.51446E-05 1.63142E-03 -3.06953E-04 1.05626E-03 8.46980E-02 2.90209E-01 4.62650E-03 8.51446E-05 2.12360E-06 6.69476E-02 
2.12360E-06 8.77002E-05 1.62136E-03 -3.11149E-04 1.04317E-03 8.35815E-02 2.86965E-01 4.58197E-03 8.77002E-05 2.12360E-06 6.51661E-02 
2.12360E-06 9.85365E-05 1.57228E-03 -3.28720E-04 9.82291E-04 7.83819E-02 2.71751E-01 4.37073E-03 9.85365E-05 2.12360E-06 5.72104E-02 
2.12360E-06 1.07206E-04 1.52150E-03 -3.42507E-04 9.23803E-04 7.33867E-02 2.56961E-01 4.16157E-03 1.07206E-04 2.12360E-06 5.00975E-02 
2.12360E-06 1.13814E-04 1.46927E-03 -3.52806E-04 8.67650E-04 6.85998E-02 2.42619E-01 3.95510E-03 1.13814E-04 2.12360E-06 4.37683E-02 
2.12360E-06 1.18500E-04 1.41585E-03 -3.59901E-04 8.13794E-04 6.40238E-02 2.28742E-01 3.75194E-03 1.18500E-04 2.12360E-06 3.81621E-02 
1.11513E-05 1.21408E-04 1.36209E-03 -3.63985E-04 7.62755E-04 5.97056E-02 2.15487E-01 3.55472E-03 1.21408E-04 1.11513E-05 3.31672E-02 
2.25105E-05 1.22731E-04 1.30744E-03 -3.65489E-04 7.13650E-04 5.55773E-02 2.02660E-01 3.36095E-03 1.22731E-04 2.25105E-05 2.87539E-02 
3.17597E-05 1.22642E-04 1.25205E-03 -3.64618E-04 6.66380E-04 5.16312E-02 1.90248E-01 3.17075E-03 1.22642E-04 3.17597E-05 2.48805E-02 
3.90922E-05 1.21317E-04 1.19626E-03 -3.61560E-04 6.20994E-04 4.78709E-02 1.78273E-01 2.98477E-03 1.21317E-04 3.90922E-05 2.14961E-02 
4.47074E-05 1.18931E-04 1.14036E-03 -3.56507E-04 5.77529E-04 4.42985E-02 1.66752E-01 2.80361E-03 1.18931E-04 4.47074E-05 1.85510E-02 
4.88050E-05 1.15661E-04 1.08467E-03 -3.49659E-04 5.36009E-04 4.09145E-02 1.55700E-01 2.62779E-03 1.15661E-04 4.88050E-05 1.59973E-02 
5.15804E-05 1.11672E-04 1.02947E-03 -3.41217E-04 4.96446E-04 3.77182E-02 1.45126E-01 2.45780E-03 1.11672E-04 5.15804E-05 1.37899E-02 
5.32207E-05 1.07121E-04 9.75012E-04 -3.31386E-04 4.58838E-04 3.47076E-02 1.35037E-01 2.29402E-03 1.07121E-04 5.32207E-05 1.18869E-02 
5.39021E-05 1.02155E-04 9.21540E-04 -3.20365E-04 4.23173E-04 3.18797E-02 1.25437E-01 2.13678E-03 1.02155E-04 5.39021E-05 1.02497E-02 
5.37880E-05 9.69026E-05 8.69268E-04 -3.08353E-04 3.89429E-04 2.92303E-02 1.16325E-01 1.98632E-03 9.69026E-05 5.37880E-05 8.84378E-03 
5.30284E-05 9.14823E-05 8.18380E-04 -2.95539E-04 3.57577E-04 2.67547E-02 1.07697E-01 1.84283E-03 9.14823E-05 5.30284E-05 7.63802E-03 
5.17589E-05 8.59968E-05 7.69038E-04 -2.82103E-04 3.27580E-04 2.44471E-02 9.95485E-02 1.70644E-03 8.59968E-05 5.17589E-05 6.60504E-03 
5.01013E-05 8.05358E-05 7.21378E-04 -2.68214E-04 2.99398E-04 2.23015E-02 9.18708E-02 1.57718E-03 8.05358E-05 5.01013E-05 5.72086E-03 
1.42760E-06 3.18659E-05 1.83728E-03 -7.40216E-04 1.01953E-03 1.03360E-01 3.56016E-01 5.67094E-03 3.18659E-05 1.42760E-06 1.11877E-01 
1.42760E-06 3.18659E-05 1.79079E-03 -7.47294E-04 9.63953E-04 9.79747E-02 3.40394E-01 5.44943E-03 3.18659E-05 1.42760E-06 1.00552E-01 
1.42760E-06 5.44035E-06 1.74535E-03 -7.48888E-04 9.13196E-04 9.28083E-02 3.25244E-01 5.23357E-03 5.44035E-06 1.42760E-06 9.01473E-02 
1.42760E-06 1.75443E-05 1.70059E-03 -7.45774E-04 8.66584E-04 8.78505E-02 3.10547E-01 5.02287E-03 1.75443E-05 1.42760E-06 8.05910E-02 
1.42760E-06 2.87843E-05 1.65493E-03 -7.39352E-04 8.22244E-04 8.30320E-02 2.96110E-01 4.81375E-03 2.87843E-05 1.42760E-06 7.18303E-02 
1.42760E-06 3.90070E-05 1.60836E-03 -7.29995E-04 7.79988E-04 7.83606E-02 2.81963E-01 4.60658E-03 3.90070E-05 1.42760E-06 6.38388E-02 
1.42760E-06 4.81067E-05 1.56087E-03 -7.18055E-04 7.39645E-04 7.38423E-02 2.68130E-01 4.40174E-03 4.81067E-05 1.42760E-06 5.65836E-02 
1.42760E-06 5.43355E-05 1.52354E-03 -7.07252E-04 7.09650E-04 7.04547E-02 2.57657E-01 4.24511E-03 5.43355E-05 1.42760E-06 5.14516E-02 
1.42760E-06 5.60202E-05 1.51253E-03 -7.03859E-04 7.01071E-04 6.94824E-02 2.54635E-01 4.19964E-03 5.60202E-05 1.42760E-06 5.00274E-02 
1.42760E-06 6.31966E-05 1.45956E-03 -6.86372E-04 6.61317E-04 6.49635E-02 2.40485E-01 3.98527E-03 6.31966E-05 1.42760E-06 4.36939E-02 
1.42760E-06 6.89789E-05 1.40584E-03 -6.66963E-04 6.23343E-04 6.06372E-02 2.26773E-01 3.77506E-03 6.89789E-05 1.42760E-06 3.80707E-02 
1.42760E-06 7.34170E-05 1.35156E-03 -6.45953E-04 5.87039E-04 5.65057E-02 2.13518E-01 3.56950E-03 7.34170E-05 1.42760E-06 3.31012E-02 
1.42760E-06 7.65896E-05 1.29692E-03 -6.23633E-04 5.52314E-04 5.25704E-02 2.00735E-01 3.36905E-03 7.65896E-05 1.42760E-06 2.87284E-02 
7.49603E-06 7.85646E-05 1.24269E-03 -6.00509E-04 5.19428E-04 4.88699E-02 1.88565E-01 3.17615E-03 7.85646E-05 7.49603E-06 2.48618E-02 
1.51275E-05 7.94899E-05 1.18827E-03 -5.76515E-04 4.87785E-04 4.53449E-02 1.76826E-01 2.98823E-03 7.94899E-05 1.51275E-05 2.14669E-02 
2.13328E-05 7.94796E-05 1.13376E-03 -5.51801E-04 4.57284E-04 4.19877E-02 1.65504E-01 2.80528E-03 7.94796E-05 2.13328E-05 1.85045E-02 
2.62404E-05 7.86471E-05 1.07942E-03 -5.26566E-04 4.27920E-04 3.88004E-02 1.54618E-01 2.62781E-03 7.86471E-05 2.62404E-05 1.59305E-02 
2.99844E-05 7.71086E-05 1.02548E-03 -5.01003E-04 3.99686E-04 3.57836E-02 1.44182E-01 2.45627E-03 7.71086E-05 2.99844E-05 1.37023E-02 
3.27002E-05 7.49798E-05 9.72196E-04 -4.75291E-04 3.72575E-04 3.29367E-02 1.34205E-01 2.29104E-03 7.49798E-05 3.27002E-05 1.17797E-02 
3.45208E-05 7.23720E-05 9.19773E-04 -4.49599E-04 3.46576E-04 3.02579E-02 1.24693E-01 2.13244E-03 7.23720E-05 3.45208E-05 1.01254E-02 
3.55741E-05 6.93905E-05 8.68416E-04 -4.24086E-04 3.21678E-04 2.77445E-02 1.15651E-01 1.98071E-03 6.93905E-05 3.55741E-05 8.70507E-03 
3.59811E-05 6.61328E-05 8.18305E-04 -3.98895E-04 2.97868E-04 2.53928E-02 1.07077E-01 1.83604E-03 6.61328E-05 3.59811E-05 7.48790E-03 
3.58542E-05 6.26878E-05 7.69597E-04 -3.74155E-04 2.75134E-04 2.31982E-02 9.89694E-02 1.69854E-03 6.26878E-05 3.58542E-05 6.44625E-03 
3.52972E-05 5.91352E-05 7.22432E-04 -3.49981E-04 2.53464E-04 2.11556E-02 9.13215E-02 1.56827E-03 5.91352E-05 3.52972E-05 5.55580E-03 
3.44044E-05 5.55458E-05 6.76925E-04 -3.26473E-04 2.32848E-04 1.92592E-02 8.41253E-02 1.44524E-03 5.55458E-05 3.44044E-05 4.79528E-03 
3.32608E-05 5.19818E-05 6.33172E-04 -3.03714E-04 2.13276E-04 1.75030E-02 7.73705E-02 1.32938E-03 5.19818E-05 3.32608E-05 4.14627E-03 
9.39049E-07 1.90614E-05 1.76897E-03 -1.16907E-03 6.57488E-04 8.62073E-02 3.18079E-01 5.27177E-03 1.90614E-05 9.39049E-07 8.72849E-02 
9.39049E-07 1.90614E-05 1.71589E-03 -1.14044E-03 6.21073E-04 8.15060E-02 3.03431E-01 5.04264E-03 1.90614E-05 9.39049E-07 7.80332E-02 
9.39049E-07 3.15046E-06 1.66438E-03 -1.10873E-03 5.88567E-04 7.70091E-02 2.89261E-01 4.82078E-03 3.15046E-06 9.39049E-07 6.95975E-02 
9.39049E-07 1.03224E-05 1.61405E-03 -1.07456E-03 5.59364E-04 7.27064E-02 2.75552E-01 4.60566E-03 1.03224E-05 9.39049E-07 6.19085E-02 
9.39049E-07 1.71599E-05 1.56351E-03 -1.03859E-03 5.32080E-04 6.85371E-02 2.62122E-01 4.39378E-03 1.71599E-05 9.39049E-07 5.49059E-02 
9.39049E-07 2.35095E-05 1.51273E-03 -1.00122E-03 5.06492E-04 6.45073E-02 2.48997E-01 4.18549E-03 2.35095E-05 9.39049E-07 4.85598E-02 
9.39049E-07 2.92580E-05 1.46172E-03 -9.62803E-04 4.82394E-04 6.06215E-02 2.36200E-01 3.98112E-03 2.92580E-05 9.39049E-07 4.28357E-02 
9.39049E-07 3.32437E-05 1.42211E-03 -9.32569E-04 4.64658E-04 5.77162E-02 2.26535E-01 3.82589E-03 3.32437E-05 9.39049E-07 3.88097E-02 
9.39049E-07 3.43288E-05 1.41051E-03 -9.23669E-04 4.59609E-04 5.68836E-02 2.23750E-01 3.78101E-03 3.43288E-05 9.39049E-07 3.76961E-02 
9.39049E-07 3.89869E-05 1.35516E-03 -8.81009E-04 4.36331E-04 5.30222E-02 2.10734E-01 3.57039E-03 3.89869E-05 9.39049E-07 3.27637E-02 
9.39049E-07 4.27876E-05 1.29979E-03 -8.38193E-04 4.14224E-04 4.93381E-02 1.98162E-01 3.36550E-03 4.27876E-05 9.39049E-07 2.84136E-02 
9.39049E-07 4.57436E-05 1.24452E-03 -7.95511E-04 3.93142E-04 4.58322E-02 1.86047E-01 3.16671E-03 4.57436E-05 9.39049E-07 2.45942E-02 
9.39049E-07 4.78923E-05 1.18953E-03 -7.53219E-04 3.72961E-04 4.25046E-02 1.74401E-01 2.97434E-03 4.78923E-05 9.39049E-07 2.12546E-02 
4.93255E-06 4.92552E-05 1.13551E-03 -7.11981E-04 3.53758E-04 3.93868E-02 1.63350E-01 2.79061E-03 4.92552E-05 4.93255E-06 1.83226E-02 
9.95718E-06 4.99406E-05 1.08184E-03 -6.71361E-04 3.35153E-04 3.64275E-02 1.52726E-01 2.61293E-03 4.99406E-05 9.95718E-06 1.57633E-02 
1.40420E-05 5.00205E-05 1.02857E-03 -6.31434E-04 3.17047E-04 3.36193E-02 1.42514E-01 2.44119E-03 5.00205E-05 1.40420E-05 1.35421E-02 
1.72686E-05 4.95644E-05 9.75897E-04 -5.92374E-04 2.99404E-04 3.09630E-02 1.32729E-01 2.27577E-03 4.95644E-05 1.72686E-05 1.16218E-02 
1.97239E-05 4.86454E-05 9.24023E-04 -5.54337E-04 2.82192E-04 2.84582E-02 1.23381E-01 2.11699E-03 4.86454E-05 1.97239E-05 9.96735E-03 
2.14964E-05 4.73375E-05 8.73130E-04 -5.17453E-04 2.65389E-04 2.61033E-02 1.14475E-01 1.96508E-03 4.73375E-05 2.14964E-05 8.54597E-03 
2.26743E-05 4.57128E-05 8.23389E-04 -4.81836E-04 2.48978E-04 2.38960E-02 1.06016E-01 1.82024E-03 4.57128E-05 2.26743E-05 7.32771E-03 
2.33428E-05 4.38401E-05 7.74952E-04 -4.47579E-04 2.32952E-04 2.18329E-02 9.80032E-02 1.68258E-03 4.38401E-05 2.33428E-05 6.28547E-03 
2.35832E-05 4.17839E-05 7.27954E-04 -4.14755E-04 2.17311E-04 1.99100E-02 9.04337E-02 1.55217E-03 4.17839E-05 2.35832E-05 5.39511E-03 
2.34714E-05 3.96034E-05 6.82513E-04 -3.83421E-04 2.02061E-04 1.81225E-02 8.33021E-02 1.42901E-03 3.96034E-05 2.34714E-05 4.63532E-03 
2.30783E-05 3.73526E-05 6.38728E-04 -3.53613E-04 1.87216E-04 1.64654E-02 7.66004E-02 1.31305E-03 3.73526E-05 2.30783E-05 3.98755E-03 
2.24686E-05 3.50799E-05 5.96681E-04 -3.25351E-04 1.72798E-04 1.49330E-02 7.03185E-02 1.20420E-03 3.50799E-05 2.24686E-05 3.43573E-03 
2.17016E-05 3.28289E-05 5.56434E-04 -2.98640E-04 1.58833E-04 1.35196E-02 6.44446E-02 1.10233E-03 3.28289E-05 2.17016E-05 2.96612E-03 
6.03241E-07 1.06508E-05 1.69205E-03 -1.38593E-03 3.92482E-04 7.07271E-02 2.81323E-01 4.79764E-03 1.06508E-05 6.03241E-07 6.66462E-02 
6.03241E-07 1.06508E-05 1.63485E-03 -1.33197E-03 3.72239E-04 6.66964E-02 2.67742E-01 4.56962E-03 1.06508E-05 6.03241E-07 5.92747E-02 
6.03241E-07 1.66148E-06 1.57951E-03 -1.27711E-03 3.55004E-04 6.28524E-02 2.54640E-01 4.35001E-03 1.66148E-06 6.03241E-07 5.26027E-02 
6.03241E-07 5.60360E-06 1.52570E-03 -1.22182E-03 3.40242E-04 5.91855E-02 2.41997E-01 4.13822E-03 5.60360E-06 6.03241E-07 4.65659E-02 
6.03241E-07 9.53272E-06 1.47214E-03 -1.16616E-03 3.26967E-04 5.56428E-02 2.29646E-01 3.93093E-03 9.53272E-06 6.03241E-07 4.11030E-02 
6.03241E-07 1.33053E-05 1.41883E-03 -1.11052E-03 3.14935E-04 5.22290E-02 2.17608E-01 3.72843E-03 1.33053E-05 6.03241E-07 3.61837E-02 
6.03241E-07 1.68114E-05 1.36577E-03 -1.05521E-03 3.03920E-04 4.89475E-02 2.05904E-01 3.53099E-03 1.68114E-05 6.03241E-07 3.17742E-02 
6.03241E-07 1.92899E-05 1.32492E-03 -1.01285E-03 2.95967E-04 4.65007E-02 1.97086E-01 3.38188E-03 1.92899E-05 6.03241E-07 2.86901E-02 
6.03241E-07 1.99714E-05 1.31301E-03 -1.00055E-03 2.93721E-04 4.58007E-02 1.94549E-01 3.33891E-03 1.99714E-05 6.03241E-07 2.78396E-02 
6.03241E-07 2.29311E-05 1.25651E-03 -9.42608E-04 2.83434E-04 4.25606E-02 1.82715E-01 3.13807E-03 2.29311E-05 6.03241E-07 2.40872E-02 
6.03241E-07 2.53923E-05 1.20052E-03 -8.85981E-04 2.73695E-04 3.94800E-02 1.71319E-01 2.94403E-03 2.53923E-05 6.03241E-07 2.07990E-02 
6.03241E-07 2.73458E-05 1.14514E-03 -8.30897E-04 2.64335E-04 3.65588E-02 1.60374E-01 2.75704E-03 2.73458E-05 6.03241E-07 1.79297E-02 
6.03241E-07 2.88028E-05 1.09050E-03 -7.77546E-04 2.55214E-04 3.37958E-02 1.49888E-01 2.57731E-03 2.88028E-05 6.03241E-07 1.54357E-02 
3.17146E-06 2.97594E-05 1.03727E-03 -7.26631E-04 2.46281E-04 3.12165E-02 1.39970E-01 2.40680E-03 2.97594E-05 3.17146E-06 1.32607E-02 
6.40841E-06 3.02916E-05 9.84788E-04 -6.77468E-04 2.37325E-04 2.87770E-02 1.30468E-01 2.24298E-03 3.02916E-05 6.40841E-06 1.13724E-02 
9.04303E-06 3.04411E-05 9.33072E-04 -6.30059E-04 2.28256E-04 2.64705E-02 1.21365E-01 2.08567E-03 3.04411E-05 9.04303E-06 9.74147E-03 
1.11243E-05 3.02481E-05 8.82290E-04 -5.84530E-04 2.19021E-04 2.42968E-02 1.12674E-01 1.93513E-03 3.02481E-05 1.11243E-05 8.33780E-03 
1.27058E-05 2.97562E-05 8.32598E-04 -5.40978E-04 2.09581E-04 2.22546E-02 1.04399E-01 1.79154E-03 2.97562E-05 1.27058E-05 7.13333E-03 
1.38436E-05 2.90108E-05 7.84140E-04 -4.99476E-04 1.99915E-04 2.03419E-02 9.65447E-02 1.65503E-03 2.90108E-05 1.38436E-05 6.10230E-03 
1.45942E-05 2.80571E-05 7.37048E-04 -4.60073E-04 1.90015E-04 1.85558E-02 8.91114E-02 1.52569E-03 2.80571E-05 1.45942E-05 5.22142E-03 
1.50129E-05 2.69389E-05 6.91438E-04 -4.22795E-04 1.79889E-04 1.68927E-02 8.20963E-02 1.40352E-03 2.69389E-05 1.50129E-05 4.46991E-03 
1.51530E-05 2.56982E-05 6.47411E-04 -3.87646E-04 1.69561E-04 1.53486E-02 7.54943E-02 1.28849E-03 2.56982E-05 1.51530E-05 3.82945E-03 
1.50652E-05 2.43740E-05 6.05050E-04 -3.54614E-04 1.59064E-04 1.39188E-02 6.92978E-02 1.18051E-03 2.43740E-05 1.50652E-05 3.28411E-03 
1.47971E-05 2.30028E-05 5.64424E-04 -3.23668E-04 1.48447E-04 1.25985E-02 6.34972E-02 1.07945E-03 2.30028E-05 1.47971E-05 2.82014E-03 
1.43932E-05 2.16180E-05 5.25587E-04 -2.94760E-04 1.37769E-04 1.13823E-02 5.80811E-02 9.85160E-04 2.16180E-05 1.43932E-05 2.42579E-03 
1.38947E-05 2.02503E-05 4.88576E-04 -2.67832E-04 1.27097E-04 1.02650E-02 5.30366E-02 8.97432E-04 2.02503E-05 1.38947E-05 2.09109E-03 
3.77688E-07 5.37966E-06 1.60778E-03 -1.42641E-03 2.00828E-04 5.69935E-02 2.46109E-01 4.27004E-03 5.37966E-06 3.77688E-07 4.97101E-02 
3.77688E-07 5.37966E-06 1.54834E-03 -1.35780E-03 1.94606E-04 5.36048E-02 2.33666E-01 4.05078E-03 5.37966E-06 3.77688E-07 4.39913E-02 
3.77688E-07 7.45400E-07 1.49092E-03 -1.29006E-03 1.90485E-04 5.03828E-02 2.21694E-01 3.84057E-03 7.45400E-07 3.77688E-07 3.88520E-02 
3.77688E-07 2.67446E-06 1.43523E-03 -1.22349E-03 1.88001E-04 4.73184E-02 2.10175E-01 3.63882E-03 2.67446E-06 3.77688E-07 3.42353E-02 
3.77688E-07 4.76208E-06 1.38012E-03 -1.15774E-03 1.86499E-04 4.43668E-02 1.98951E-01 3.44239E-03 4.76208E-06 3.77688E-07 3.00833E-02 
3.77688E-07 6.88125E-06 1.32559E-03 -1.09315E-03 1.85720E-04 4.15313E-02 1.88043E-01 3.25155E-03 6.88125E-06 3.77688E-07 2.63674E-02 
3.77688E-07 8.93241E-06 1.27167E-03 -1.02999E-03 1.85428E-04 3.88141E-02 1.77466E-01 3.06651E-03 8.93241E-06 3.77688E-07 2.30568E-02 
3.77688E-07 1.04246E-05 1.23039E-03 -9.82248E-04 1.85398E-04 3.67938E-02 1.69519E-01 2.92745E-03 1.04246E-05 3.77688E-07 2.07534E-02 
3.77688E-07 1.08408E-05 1.21839E-03 -9.68491E-04 1.85408E-04 3.62167E-02 1.67236E-01 2.88748E-03 1.08408E-05 3.77688E-07 2.01201E-02 
3.77688E-07 1.26783E-05 1.16173E-03 -9.04270E-04 1.85475E-04 3.35511E-02 1.56606E-01 2.70140E-03 1.26783E-05 3.77688E-07 1.73364E-02 
3.77688E-07 1.42474E-05 1.10596E-03 -8.42413E-04 1.85434E-04 3.10255E-02 1.46404E-01 2.52271E-03 1.42474E-05 3.77688E-07 1.49116E-02 
3.77688E-07 1.55278E-05 1.05119E-03 -7.83072E-04 1.85108E-04 2.86390E-02 1.36637E-01 2.35156E-03 1.55278E-05 3.77688E-07 1.28080E-02 
3.77688E-07 1.65159E-05 9.97513E-04 -7.26362E-04 1.84353E-04 2.63898E-02 1.27310E-01 2.18807E-03 1.65159E-05 3.77688E-07 1.09896E-02 
1.98868E-06 1.71975E-05 9.45561E-04 -6.72937E-04 1.83036E-04 2.42976E-02 1.18520E-01 2.03390E-03 1.71975E-05 1.98868E-06 9.41346E-03 
4.02566E-06 1.76218E-05 8.94658E-04 -6.21988E-04 1.81080E-04 2.23260E-02 1.10126E-01 1.88669E-03 1.76218E-05 4.02566E-06 8.05169E-03 
5.68818E-06 1.78106E-05 8.44802E-04 -5.73451E-04 1.78412E-04 2.04684E-02 1.02114E-01 1.74617E-03 1.78106E-05 5.68818E-06 6.88042E-03 
7.00341E-06 1.77846E-05 7.96129E-04 -5.27395E-04 1.74976E-04 1.87242E-02 9.44909E-02 1.61250E-03 1.77846E-05 7.00341E-06 5.87615E-03 
8.00273E-06 1.75682E-05 7.48765E-04 -4.83861E-04 1.70743E-04 1.70915E-02 8.72595E-02 1.48577E-03 1.75682E-05 8.00273E-06 5.01721E-03 
8.71999E-06 1.71880E-05 7.02824E-04 -4.42860E-04 1.65704E-04 1.55680E-02 8.04209E-02 1.36602E-03 1.71880E-05 8.71999E-06 4.28400E-03 
9.19009E-06 1.66713E-05 6.58408E-04 -4.04383E-04 1.59875E-04 1.41507E-02 7.39728E-02 1.25321E-03 1.66713E-05 9.19009E-06 3.65902E-03 
9.44802E-06 1.60455E-05 6.15603E-04 -3.68398E-04 1.53292E-04 1.28359E-02 6.79106E-02 1.14730E-03 1.60455E-05 9.44802E-06 3.12682E-03 
9.52810E-06 1.53373E-05 5.74481E-04 -3.34854E-04 1.46009E-04 1.16197E-02 6.22272E-02 1.04815E-03 1.53373E-05 9.52810E-06 2.67399E-03 
9.46360E-06 1.45725E-05 5.35099E-04 -3.03682E-04 1.38101E-04 1.04979E-02 5.69137E-02 9.55632E-04 1.45725E-05 9.46360E-06 2.28898E-03 
9.28651E-06 1.37756E-05 4.97501E-04 -2.74802E-04 1.29656E-04 9.46592E-03 5.19592E-02 8.69552E-04 1.37756E-05 9.28651E-06 1.96194E-03 
9.02741E-06 1.29704E-05 4.61718E-04 -2.48120E-04 1.20775E-04 8.51897E-03 4.73515E-02 7.89700E-04 1.29704E-05 9.02741E-06 1.68454E-03 
8.71540E-06 1.21791E-05 4.27766E-04 -2.23531E-04 1.11571E-04 7.65229E-03 4.30771E-02 7.15840E-04 1.21791E-05 8.71540E-06 1.44980E-03 
2.29931E-07 2.26671E-06 1.51730E-03 -1.33392E-03 6.59865E-05 4.50287E-02 2.12742E-01 3.71182E-03 2.26671E-06 2.29931E-07 3.61376E-02 
2.29931E-07 2.26671E-06 1.45705E-03 -1.26045E-03 7.22253E-05 4.22403E-02 2.01485E-01 3.50764E-03 2.26671E-06 2.29931E-07 3.18272E-02 
2.29931E-07 2.22226E-07 1.39889E-03 -1.18909E-03 7.96419E-05 3.95971E-02 1.90685E-01 3.31270E-03 2.22226E-07 2.29931E-07 2.79807E-02 
2.29931E-07 9.74253E-07 1.34256E-03 -1.11998E-03 8.78387E-05 3.70909E-02 1.80322E-01 3.12642E-03 9.74253E-07 2.29931E-07 2.45494E-02 
2.29931E-07 1.95475E-06 1.28704E-03 -1.05254E-03 9.64381E-05 3.46843E-02 1.70253E-01 2.94593E-03 1.95475E-06 2.29931E-07 2.14820E-02 
2.29931E-07 3.05692E-06 1.23234E-03 -9.87023E-04 1.05173E-04 3.23795E-02 1.60495E-01 2.77141E-03 3.05692E-06 2.29931E-07 1.87531E-02 
2.29931E-07 4.19586E-06 1.17849E-03 -9.23644E-04 1.13800E-04 3.01777E-02 1.51061E-01 2.60306E-03 4.19586E-06 2.29931E-07 1.63358E-02 
2.29931E-07 5.06038E-06 1.13744E-03 -8.76177E-04 1.20261E-04 2.85452E-02 1.43991E-01 2.47710E-03 5.06038E-06 2.29931E-07 1.46625E-02 
2.29931E-07 5.30644E-06 1.12554E-03 -8.62568E-04 1.22101E-04 2.80796E-02 1.41963E-01 2.44100E-03 5.30644E-06 2.29931E-07 1.42037E-02 
2.29931E-07 6.41771E-06 1.06952E-03 -7.99444E-04 1.30466E-04 2.59335E-02 1.32539E-01 2.27345E-03 6.41771E-06 2.29931E-07 1.21940E-02 
2.29931E-07 7.40052E-06 1.01469E-03 -7.39271E-04 1.38022E-04 2.39073E-02 1.23525E-01 2.11345E-03 7.40052E-06 2.29931E-07 1.04533E-02 
2.29931E-07 8.23117E-06 9.61129E-04 -6.82127E-04 1.44597E-04 2.19993E-02 1.14924E-01 1.96108E-03 8.23117E-06 2.29931E-07 8.95117E-03 
2.29931E-07 8.89902E-06 9.08929E-04 -6.28053E-04 1.50052E-04 2.02075E-02 1.06739E-01 1.81636E-03 8.89902E-06 2.29931E-07 7.65908E-03 
1.21350E-06 9.38964E-06 8.58688E-04 -5.77602E-04 1.54213E-04 1.85466E-02 9.90520E-02 1.68068E-03 9.38964E-06 1.21350E-06 6.54519E-03 
2.46340E-06 9.73049E-06 8.09724E-04 -5.29940E-04 1.57110E-04 1.69869E-02 9.17379E-02 1.55185E-03 9.73049E-06 2.46340E-06 5.58675E-03 
3.48822E-06 9.93012E-06 7.62015E-04 -4.84960E-04 1.58695E-04 1.55226E-02 8.47811E-02 1.42958E-03 9.93012E-06 3.48822E-06 4.76518E-03 
4.30135E-06 9.99759E-06 7.15676E-04 -4.42677E-04 1.58926E-04 1.41526E-02 7.81858E-02 1.31393E-03 9.99759E-06 4.30135E-06 4.06274E-03 
4.91981E-06 9.94529E-06 6.70807E-04 -4.03081E-04 1.57794E-04 1.28747E-02 7.19529E-02 1.20492E-03 9.94529E-06 4.91981E-06 3.46333E-03 
5.36295E-06 9.78780E-06 6.27499E-04 -3.66137E-04 1.55321E-04 1.16866E-02 6.60807E-02 1.10249E-03 9.78780E-06 5.36295E-06 2.95254E-03 
5.65153E-06 9.54103E-06 5.85827E-04 -3.31790E-04 1.51555E-04 1.05852E-02 6.05652E-02 1.00656E-03 9.54103E-06 5.65153E-06 2.51770E-03 
5.80702E-06 9.22159E-06 5.45853E-04 -2.99964E-04 1.46573E-04 9.56720E-03 5.53999E-02 9.17007E-04 9.22159E-06 5.80702E-06 2.14773E-03 
5.85116E-06 8.84643E-06 5.07627E-04 -2.70571E-04 1.40472E-04 8.62898E-03 5.05766E-02 8.33660E-04 8.84643E-06 5.85116E-06 1.83316E-03 
5.80567E-06 8.43262E-06 4.71184E-04 -2.43508E-04 1.33374E-04 7.76666E-03 4.60851E-02 7.56328E-04 8.43262E-06 5.80567E-06 1.56589E-03 
5.69211E-06 7.99725E-06 4.36547E-04 -2.18664E-04 1.25415E-04 6.97624E-03 4.19140E-02 6.84792E-04 7.99725E-06 5.69211E-06 1.33916E-03 
5.53181E-06 7.55735E-06 4.03726E-04 -1.95918E-04 1.16746E-04 6.25362E-03 3.80508E-02 6.18813E-04 7.55735E-06 5.53181E-06 1.14727E-03 
5.34578E-06 7.12987E-06 3.72721E-04 -1.75144E-04 1.07529E-04 5.59468E-03 3.44819E-02 5.58139E-04 7.12987E-06 5.34578E-06 9.85498E-04 
1.35649E-07 5.69521E-07 1.42150E-03 -1.15420E-03 -2.30950E-05 3.47905E-02 1.81426E-01 3.14480E-03 5.69521E-07 1.35649E-07 2.55170E-02 
1.35649E-07 5.69521E-07 1.36151E-03 -1.08384E-03 -5.54017E-06 3.25513E-02 1.71383E-01 2.96060E-03 5.69521E-07 1.35649E-07 2.23718E-02 
1.35649E-07 -4.51088E-08 1.30362E-03 -1.01627E-03 1.22353E-05 3.04352E-02 1.61775E-01 2.78543E-03 -4.51088E-08 1.35649E-07 1.95842E-02 
1.35649E-07 7.71020E-08 1.24763E-03 -9.51509E-04 2.98981E-05 2.84350E-02 1.52582E-01 2.61873E-03 7.71020E-08 1.35649E-07 1.71145E-02 
1.35649E-07 4.34308E-07 1.19259E-03 -8.88880E-04 4.73052E-05 2.65201E-02 1.43676E-01 2.45791E-03 4.34308E-07 1.35649E-07 1.49196E-02 
1.35649E-07 9.41074E-07 1.13855E-03 -8.28565E-04 6.41852E-05 2.46920E-02 1.35070E-01 2.30313E-03 9.41074E-07 1.35649E-07 1.29778E-02 
1.35649E-07 1.52897E-06 1.08553E-03 -7.70700E-04 8.02939E-05 2.29510E-02 1.26775E-01 2.15451E-03 1.52897E-06 1.35649E-07 1.12673E-02 
1.35649E-07 2.00531E-06 1.04526E-03 -7.27676E-04 9.20898E-05 2.16638E-02 1.20576E-01 2.04380E-03 2.00531E-06 1.35649E-07 1.00887E-02 
1.35649E-07 2.14485E-06 1.03361E-03 -7.15391E-04 9.54139E-05 2.12972E-02 1.18800E-01 2.01213E-03 2.14485E-06 1.35649E-07 9.76646E-03 
1.35649E-07 2.79486E-06 9.78909E-04 -6.58699E-04 1.10393E-04 1.96113E-02 1.10567E-01 1.86567E-03 2.79486E-06 1.35649E-07 8.35920E-03 
1.35649E-07 3.39637E-06 9.25613E-04 -6.05113E-04 1.23806E-04 1.80249E-02 1.02717E-01 1.72656E-03 3.39637E-06 1.35649E-07 7.14647E-03 
1.35649E-07 3.92696E-06 8.73797E-04 -5.54644E-04 1.35495E-04 1.65362E-02 9.52546E-02 1.59479E-03 3.92696E-06 1.35649E-07 6.10480E-03 
1.35649E-07 4.37407E-06 8.23536E-04 -5.07279E-04 1.45340E-04 1.51429E-02 8.81782E-02 1.47030E-03 4.37407E-06 1.35649E-07 5.21255E-03 
7.18341E-07 4.72888E-06 7.75400E-04 -4.63440E-04 1.53158E-04 1.38559E-02 8.15557E-02 1.35425E-03 4.72888E-06 7.18341E-07 4.44689E-03 
1.46425E-06 5.00112E-06 7.28709E-04 -4.22354E-04 1.59071E-04 1.26514E-02 7.52777E-02 1.24466E-03 5.00112E-06 1.46425E-06 3.79015E-03 
2.08003E-06 5.19109E-06 6.83428E-04 -3.83891E-04 1.63061E-04 1.15244E-02 6.93285E-02 1.14122E-03 5.19109E-06 2.08003E-06 3.22849E-03 
2.57088E-06 5.30121E-06 6.39652E-04 -3.48025E-04 1.65117E-04 1.04735E-02 6.37096E-02 1.04393E-03 5.30121E-06 2.57088E-06 2.74908E-03 
2.94497E-06 5.33674E-06 5.97461E-04 -3.14709E-04 1.65267E-04 9.49661E-03 5.84198E-02 9.52726E-04 5.33674E-06 2.94497E-06 2.34041E-03 
3.21257E-06 5.30500E-06 5.56923E-04 -2.83876E-04 1.63572E-04 8.59132E-03 5.34557E-02 8.67511E-04 5.30500E-06 3.21257E-06 1.99233E-03 
3.38544E-06 5.21480E-06 5.18095E-04 -2.55443E-04 1.60130E-04 7.75492E-03 4.88116E-02 7.88154E-04 5.21480E-06 3.38544E-06 1.69598E-03 
3.47638E-06 5.07604E-06 4.81018E-04 -2.29313E-04 1.55068E-04 6.98442E-03 4.44799E-02 7.14485E-04 5.07604E-06 3.47638E-06 1.44377E-03 
3.49899E-06 4.89948E-06 4.45720E-04 -2.05378E-04 1.48538E-04 6.27664E-03 4.04514E-02 6.46313E-04 4.89948E-06 3.49899E-06 1.22927E-03 
3.46749E-06 4.69664E-06 4.12218E-04 -1.83520E-04 1.40717E-04 5.62826E-03 3.67156E-02 5.83420E-04 4.69664E-06 3.46749E-06 1.04706E-03 
3.39669E-06 4.47973E-06 3.80517E-04 -1.63616E-04 1.31798E-04 5.03589E-03 3.32610E-02 5.25574E-04 4.47973E-06 3.39669E-06 8.92665E-04 
3.30189E-06 4.26162E-06 3.50612E-04 -1.45539E-04 1.21989E-04 4.49613E-03 3.00748E-02 4.72530E-04 4.26162E-06 3.30189E-06 7.62386E-04 
3.19881E-06 4.05572E-06 3.22488E-04 -1.29160E-04 1.11504E-04 4.00555E-03 2.71440E-02 4.24033E-04 4.05572E-06 3.19881E-06 6.53179E-04 
7.78167E-08 -2.40955E-07 1.32223E-03 -9.32853E-04 -7.24790E-05 2.62911E-02 1.52638E-01 2.59565E-03 -2.40955E-07 7.78167E-08 1.75015E-02 
7.78167E-08 -2.40955E-07 1.26330E-03 -8.71124E-04 -4.46162E-05 2.45378E-02 1.43803E-01 2.43455E-03 -2.40955E-07 7.78167E-08 1.52809E-02 
7.78167E-08 -1.55172E-07 1.20648E-03 -8.12355E-04 -1.75306E-05 2.28861E-02 1.35376E-01 2.28193E-03 -1.55172E-07 7.78167E-08 1.33260E-02 
7.78167E-08 -3.22015E-07 1.15158E-03 -7.56494E-04 8.50528E-06 2.13297E-02 1.27337E-01 2.13726E-03 -3.22015E-07 7.78167E-08 1.16054E-02 
7.78167E-08 -2.81814E-07 1.09774E-03 -7.02869E-04 3.35496E-05 1.98443E-02 1.19571E-01 1.99828E-03 -2.81814E-07 7.78167E-08 1.00845E-02 
7.78167E-08 -9.96571E-08 1.04502E-03 -6.51594E-04 5.73293E-05 1.84304E-02 1.12091E-01 1.86510E-03 -9.96571E-08 7.78167E-08 8.74606E-03 
7.78167E-08 1.72179E-07 9.93459E-04 -6.02749E-04 7.96033E-05 1.70881E-02 1.04902E-01 1.73778E-03 1.72179E-07 7.78167E-08 7.57295E-03 
7.78167E-08 4.17774E-07 9.54407E-04 -5.66656E-04 9.56697E-05 1.60983E-02 9.95453E-02 1.64331E-03 4.17774E-07 7.78167E-08 6.76812E-03 
7.78167E-08 4.92859E-07 9.43131E-04 -5.56385E-04 1.00161E-04 1.58169E-02 9.80131E-02 1.61636E-03 4.92859E-07 7.78167E-08 6.54854E-03 
7.78167E-08 8.58042E-07 8.90305E-04 -5.09201E-04 1.20199E-04 1.45251E-02 9.09240E-02 1.49207E-03 8.58042E-07 7.78167E-08 5.59234E-03 
7.78167E-08 1.21637E-06 8.39046E-04 -4.64927E-04 1.37857E-04 1.33135E-02 8.41896E-02 1.37461E-03 1.21637E-06 7.78167E-08 4.77185E-03 
7.78167E-08 1.54914E-06 7.89420E-04 -4.23532E-04 1.53002E-04 1.21803E-02 7.78098E-02 1.26393E-03 1.54914E-06 7.78167E-08 4.06973E-03 
7.78167E-08 1.84475E-06 7.41488E-04 -3.84963E-04 1.65547E-04 1.11231E-02 7.17824E-02 1.15992E-03 1.84475E-06 7.78167E-08 3.47021E-03 
4.14077E-07 2.10282E-06 6.95792E-04 -3.49515E-04 1.75328E-04 1.01496E-02 6.61628E-02 1.06347E-03 2.10282E-06 4.14077E-07 2.95752E-03 
8.49020E-07 2.31874E-06 6.51662E-04 -3.16531E-04 1.82547E-04 9.24123E-03 6.08554E-02 9.72886E-04 2.31874E-06 8.49020E-07 2.51856E-03 
1.21159E-06 2.48786E-06 6.09050E-04 -2.85873E-04 1.87230E-04 8.39394E-03 5.58450E-02 8.87840E-04 2.48786E-06 1.21159E-06 2.14349E-03 
1.50252E-06 2.60920E-06 5.68034E-04 -2.57494E-04 1.89410E-04 7.60615E-03 5.11312E-02 8.08277E-04 2.60920E-06 1.50252E-06 1.82339E-03 
1.72489E-06 2.68412E-06 5.28677E-04 -2.31326E-04 1.89163E-04 6.87598E-03 4.67111E-02 7.34099E-04 2.68412E-06 1.72489E-06 1.55037E-03 
1.88358E-06 2.71579E-06 4.91029E-04 -2.07288E-04 1.86607E-04 6.20125E-03 4.25798E-02 6.65174E-04 2.71579E-06 1.88358E-06 1.31756E-03 
1.98488E-06 2.70881E-06 4.55128E-04 -1.85287E-04 1.81900E-04 5.57961E-03 3.87305E-02 6.01341E-04 2.70881E-06 1.98488E-06 1.11905E-03 
2.03623E-06 2.66901E-06 4.20997E-04 -1.65219E-04 1.75232E-04 5.00851E-03 3.51552E-02 5.42414E-04 2.66901E-06 2.03623E-06 9.49836E-04 
2.04618E-06 2.60337E-06 3.88648E-04 -1.46975E-04 1.66821E-04 4.48530E-03 3.18441E-02 4.88190E-04 2.60337E-06 2.04618E-06 8.05747E-04 
2.02425E-06 2.51996E-06 3.58081E-04 -1.30440E-04 1.56908E-04 4.00727E-03 2.87866E-02 4.38447E-04 2.51996E-06 2.02425E-06 6.83333E-04 
1.98099E-06 2.42796E-06 3.29286E-04 -1.15496E-04 1.45751E-04 3.57168E-03 2.59715E-02 3.92957E-04 2.42796E-06 1.98099E-06 5.79786E-04 
1.92794E-06 2.33761E-06 3.02244E-04 -1.02023E-04 1.33617E-04 3.17581E-03 2.33864E-02 3.51483E-04 2.33761E-06 1.92794E-06 4.92826E-04 
1.87746E-06 2.26011E-06 2.76927E-04 -8.99018E-05 1.20779E-04 2.81696E-03 2.10191E-02 3.13787E-04 2.26011E-06 1.87746E-06 4.20604E-04 
4.31682E-08 -5.49414E-07 1.21910E-03 -7.03814E-04 -8.60065E-05 1.93127E-02 1.26168E-01 2.07630E-03 -5.49414E-07 4.31682E-08 1.15558E-02 
4.31682E-08 -5.49414E-07 1.16189E-03 -6.53801E-04 -4.86203E-05 1.79843E-02 1.18531E-01 1.94014E-03 -5.49414E-07 4.31682E-08 1.00530E-02 
4.31682E-08 -1.78917E-07 1.10677E-03 -6.06537E-04 -1.30805E-05 1.67367E-02 1.11268E-01 1.81163E-03 -1.78917E-07 4.31682E-08 8.73856E-03 
4.31682E-08 -4.43716E-07 1.05358E-03 -5.61933E-04 2.04000E-05 1.55647E-02 1.04361E-01 1.69031E-03 -4.43716E-07 4.31682E-08 7.58905E-03 
4.31682E-08 -5.44114E-07 1.00154E-03 -5.19392E-04 5.20569E-05 1.44494E-02 9.77099E-02 1.57423E-03 -5.44114E-07 4.31682E-08 6.57806E-03 
4.31682E-08 -5.26970E-07 9.50706E-04 -4.78979E-04 8.16191E-05 1.33910E-02 9.13230E-02 1.46347E-03 -5.26970E-07 4.31682E-08 5.69258E-03 
4.31682E-08 -4.29855E-07 9.01146E-04 -4.40726E-04 1.08854E-04 1.23892E-02 8.52057E-02 1.35805E-03 -4.29855E-07 4.31682E-08 4.91988E-03 
4.31682E-08 -3.18718E-07 8.63709E-04 -4.12620E-04 1.28202E-04 1.16523E-02 8.06600E-02 1.28014E-03 -3.18718E-07 4.31682E-08 4.39167E-03 
4.31682E-08 -2.82118E-07 8.52918E-04 -4.04647E-04 1.33562E-04 1.14431E-02 7.93620E-02 1.25796E-03 -2.82118E-07 4.31682E-08 4.24783E-03 
4.31682E-08 -9.16136E-08 8.02476E-04 -3.68170E-04 1.57193E-04 1.04846E-02 7.33700E-02 1.15599E-03 -9.16136E-08 4.31682E-08 3.62282E-03 
4.31682E-08 1.11517E-07 7.53717E-04 -3.34174E-04 1.77556E-04 9.58819E-03 6.76987E-02 1.06012E-03 1.11517E-07 4.31682E-08 3.08822E-03 
4.31682E-08 3.13168E-07 7.06700E-04 -3.02604E-04 1.94559E-04 8.75214E-03 6.23463E-02 9.70235E-04 3.13168E-07 4.31682E-08 2.63190E-03 
4.31682E-08 5.04008E-07 6.61476E-04 -2.73387E-04 2.08162E-04 7.97429E-03 5.73089E-02 8.86213E-04 5.04008E-07 4.31682E-08 2.24293E-03 
2.31331E-07 6.93004E-07 6.18552E-04 -2.46707E-04 2.18250E-04 7.25996E-03 5.26307E-02 8.08730E-04 6.93004E-07 2.31331E-07 1.91091E-03 
4.78418E-07 8.63704E-07 5.77273E-04 -2.22047E-04 2.25101E-04 6.59507E-03 4.82296E-02 7.36336E-04 8.63704E-07 4.78418E-07 1.62666E-03 
6.87324E-07 1.00849E-06 5.37585E-04 -1.99284E-04 2.28795E-04 5.97630E-03 4.40915E-02 6.68734E-04 1.00849E-06 6.87324E-07 1.38354E-03 
8.56585E-07 1.12493E-06 4.99548E-04 -1.78360E-04 2.29423E-04 5.40224E-03 4.02142E-02 6.05832E-04 1.12493E-06 8.56585E-07 1.17565E-03 
9.86516E-07 1.21239E-06 4.63208E-04 -1.59202E-04 2.27128E-04 4.87125E-03 3.65935E-02 5.47508E-04 1.21239E-06 9.86516E-07 9.97883E-04 
1.07889E-06 1.27172E-06 4.28599E-04 -1.41729E-04 2.22101E-04 4.38154E-03 3.32236E-02 4.93613E-04 1.27172E-06 1.07889E-06 8.45819E-04 
1.13673E-06 1.30508E-06 3.95743E-04 -1.25852E-04 2.14572E-04 3.93116E-03 3.00972E-02 4.43978E-04 1.30508E-06 1.13673E-06 7.15732E-04 
1.16428E-06 1.31589E-06 3.64645E-04 -1.11477E-04 2.04809E-04 3.51809E-03 2.72059E-02 3.98416E-04 1.31589E-06 1.16428E-06 6.04514E-04 
1.16693E-06 1.30882E-06 3.35304E-04 -9.85037E-05 1.93106E-04 3.14026E-03 2.45402E-02 3.56728E-04 1.30882E-06 1.16693E-06 5.09624E-04 
1.15136E-06 1.28983E-06 3.07704E-04 -8.68316E-05 1.79779E-04 2.79557E-03 2.20897E-02 3.18704E-04 1.28983E-06 1.15136E-06 4.29012E-04 
1.12547E-06 1.26622E-06 2.81824E-04 -7.63585E-05 1.65157E-04 2.48194E-03 1.98436E-02 2.84133E-04 1.26622E-06 1.12547E-06 3.61051E-04 
1.09844E-06 1.24660E-06 2.57631E-04 -6.69823E-05 1.49576E-04 2.19733E-03 1.77905E-02 2.52800E-04 1.24660E-06 1.09844E-06 3.04457E-04 
1.08059E-06 1.24080E-06 2.35088E-04 -5.86023E-05 1.33370E-04 1.93973E-03 1.59191E-02 2.24493E-04 1.24080E-06 1.08059E-06 2.58208E-04 
2.35286E-08 -5.95247E-07 1.11365E-03 -4.95564E-04 -6.37186E-05 1.37813E-02 1.02341E-01 1.60615E-03 -5.95247E-07 2.35286E-08 7.32608E-03 
2.35286E-08 -5.95247E-07 1.05868E-03 -4.58014E-04 -1.77155E-05 1.28114E-02 9.58608E-02 1.49512E-03 -5.95247E-07 2.35286E-08 6.35522E-03 
2.35286E-08 -1.60933E-07 1.00577E-03 -4.22763E-04 2.52895E-05 1.19033E-02 8.97183E-02 1.39073E-03 -1.60933E-07 2.35286E-08 5.51121E-03 
2.35286E-08 -4.26024E-07 9.54820E-04 -3.89711E-04 6.51436E-05 1.10527E-02 8.38958E-02 1.29256E-03 -4.26024E-07 2.35286E-08 4.77755E-03 
2.35286E-08 -5.70957E-07 9.05079E-04 -3.58379E-04 1.02241E-04 1.02455E-02 7.83072E-02 1.19903E-03 -5.70957E-07 2.35286E-08 4.13506E-03 
2.35286E-08 -6.27380E-07 8.56624E-04 -3.28793E-04 1.36319E-04 9.48145E-03 7.29582E-02 1.11016E-03 -6.27380E-07 2.35286E-08 3.57451E-03 
2.35286E-08 -6.20483E-07 8.09518E-04 -3.00957E-04 1.67158E-04 8.76005E-03 6.78524E-02 1.02594E-03 -6.20483E-07 2.35286E-08 3.08701E-03 
2.35286E-08 -5.84287E-07 7.74035E-04 -2.80613E-04 1.88685E-04 8.23061E-03 6.40700E-02 9.63944E-04 -5.84287E-07 2.35286E-08 2.75460E-03 
2.35286E-08 -5.69834E-07 7.63824E-04 -2.74860E-04 1.94583E-04 8.08048E-03 6.29918E-02 9.46337E-04 -5.69834E-07 2.35286E-08 2.66420E-03 
2.35286E-08 -4.83180E-07 7.16198E-04 -2.48639E-04 2.20180E-04 7.39346E-03 5.80260E-02 8.65625E-04 -4.83180E-07 2.35286E-08 2.27187E-03 
2.35286E-08 -3.76511E-07 6.70336E-04 -2.24360E-04 2.41557E-04 6.75244E-03 5.33443E-02 7.90122E-04 -3.76511E-07 2.35286E-08 1.93681E-03 
2.35286E-08 -2.59498E-07 6.26288E-04 -2.01959E-04 2.58677E-04 6.15573E-03 4.89431E-02 7.19703E-04 -2.59498E-07 2.35286E-08 1.65098E-03 
2.35286E-08 -1.38905E-07 5.84093E-04 -1.81361E-04 2.71563E-04 5.60151E-03 4.48175E-02 6.54220E-04 -1.38905E-07 2.35286E-08 1.40725E-03 
1.27418E-07 3.01492E-09 5.44221E-04 -1.62663E-04 2.80187E-04 5.09328E-03 4.10018E-02 5.94168E-04 3.01492E-09 1.27418E-07 1.19912E-03 
2.66937E-07 1.40117E-07 5.06040E-04 -1.45493E-04 2.84891E-04 4.62079E-03 3.74270E-02 5.38359E-04 1.40117E-07 2.66937E-07 1.02050E-03 
3.87422E-07 2.63019E-07 4.69485E-04 -1.29751E-04 2.85823E-04 4.18147E-03 3.40797E-02 4.86524E-04 2.63019E-07 3.87422E-07 8.67161E-04 
4.86513E-07 3.68840E-07 4.34602E-04 -1.15379E-04 2.83152E-04 3.77415E-03 3.09567E-02 4.38556E-04 3.68840E-07 4.86513E-07 7.35457E-04 
5.63140E-07 4.56029E-07 4.01422E-04 -1.02314E-04 2.77106E-04 3.39753E-03 2.80530E-02 3.94324E-04 4.56029E-07 5.63140E-07 6.22247E-04 
6.17375E-07 5.24226E-07 3.69964E-04 -9.04824E-05 2.67960E-04 3.05023E-03 2.53624E-02 3.53679E-04 5.24226E-07 6.17375E-07 5.24871E-04 
6.50402E-07 5.74233E-07 3.40233E-04 -7.98102E-05 2.56036E-04 2.73080E-03 2.28774E-02 3.16457E-04 5.74233E-07 6.50402E-07 4.41128E-04 
6.64553E-07 6.08061E-07 3.12221E-04 -7.02182E-05 2.41689E-04 2.43774E-03 2.05898E-02 2.82484E-04 6.08061E-07 6.64553E-07 3.69225E-04 
6.63413E-07 6.29019E-07 2.85914E-04 -6.16260E-05 2.25302E-04 2.16956E-03 1.84903E-02 2.51579E-04 6.29019E-07 6.63413E-07 3.07741E-04 
6.51915E-07 6.41822E-07 2.61282E-04 -5.39521E-05 2.07275E-04 1.92477E-03 1.65695E-02 2.23554E-04 6.41822E-07 6.51915E-07 2.55575E-04 
6.36423E-07 6.52653E-07 2.38294E-04 -4.71155E-05 1.88016E-04 1.70190E-03 1.48171E-02 1.98225E-04 6.52653E-07 6.36423E-07 2.11896E-04 
6.24732E-07 6.69164E-07 2.16908E-04 -4.10358E-05 1.67932E-04 1.49955E-03 1.32232E-02 1.75408E-04 6.69164E-07 6.24732E-07 1.76081E-04 
6.25956E-07 7.00355E-07 1.97079E-04 -3.56345E-05 1.47421E-04 1.31632E-03 1.17773E-02 1.54922E-04 7.00355E-07 6.25956E-07 1.47662E-04 
1.31211E-08 -5.29533E-07 1.00669E-03 -3.24093E-04 -3.91739E-06 9.53669E-03 8.12246E-02 1.19628E-03 -5.29533E-07 1.31211E-08 4.42984E-03 
1.31211E-08 -5.29533E-07 9.54405E-04 -2.98006E-04 4.96081E-05 8.86057E-03 7.58426E-02 1.10924E-03 -5.29533E-07 1.31211E-08 3.83645E-03 
1.31211E-08 -1.28789E-07 9.04182E-04 -2.73670E-04 9.88850E-05 8.22911E-03 7.07584E-02 1.02772E-03 -1.28789E-07 1.31211E-08 3.32345E-03 
1.31211E-08 -3.55096E-07 8.55910E-04 -2.50992E-04 1.43826E-04 7.63900E-03 6.59556E-02 9.51377E-04 -3.55096E-07 1.31211E-08 2.87988E-03 
1.31211E-08 -4.99834E-07 8.08909E-04 -2.29621E-04 1.84969E-04 7.08018E-03 6.13615E-02 8.78936E-04 -4.99834E-07 1.31211E-08 2.49260E-03 
1.31211E-08 -5.82685E-07 7.63254E-04 -2.09559E-04 2.22066E-04 6.55222E-03 5.69796E-02 8.10399E-04 -5.82685E-07 1.31211E-08 2.15552E-03 
1.31211E-08 -6.19079E-07 7.19006E-04 -1.90796E-04 2.54923E-04 6.05447E-03 5.28119E-02 7.45737E-04 -6.19079E-07 1.31211E-08 1.86285E-03 
1.31211E-08 -6.22963E-07 6.85773E-04 -1.77154E-04 2.77344E-04 5.68958E-03 4.97344E-02 6.98333E-04 -6.22963E-07 1.31211E-08 1.66347E-03 
1.31211E-08 -6.20826E-07 6.76226E-04 -1.73308E-04 2.83397E-04 5.58616E-03 4.88587E-02 6.84901E-04 -6.20826E-07 1.31211E-08 1.60925E-03 
1.31211E-08 -5.94038E-07 6.31797E-04 -1.55846E-04 3.09091E-04 5.11313E-03 4.48356E-02 6.23512E-04 -5.94038E-07 1.31211E-08 1.37393E-03 
1.31211E-08 -5.45437E-07 5.89183E-04 -1.39780E-04 3.29554E-04 4.67198E-03 4.10579E-02 5.66382E-04 -5.45437E-07 1.31211E-08 1.17274E-03 
1.31211E-08 -4.80995E-07 5.48419E-04 -1.25051E-04 3.44824E-04 4.26134E-03 3.75214E-02 5.13378E-04 -4.80995E-07 1.31211E-08 1.00073E-03 
1.31211E-08 -4.05212E-07 5.09535E-04 -1.11596E-04 3.55007E-04 3.87977E-03 3.42204E-02 4.64353E-04 -4.05212E-07 1.31211E-08 8.53539E-04 
7.21602E-08 -2.92867E-07 4.72958E-04 -9.94466E-05 3.60198E-04 3.52954E-03 3.11804E-02 4.19653E-04 -2.92867E-07 7.21602E-08 7.27364E-04 
1.54093E-07 -1.78041E-07 4.38082E-04 -8.83627E-05 3.60799E-04 3.20346E-03 2.83446E-02 3.78338E-04 -1.78041E-07 1.54093E-07 6.18442E-04 
2.27110E-07 -7.12476E-08 4.04838E-04 -7.82714E-05 3.57040E-04 2.89969E-03 2.57010E-02 3.40176E-04 -7.12476E-08 2.27110E-07 5.24264E-04 
2.88589E-07 2.46274E-08 3.73256E-04 -6.91250E-05 3.49187E-04 2.61739E-03 2.32455E-02 3.05056E-04 2.46274E-08 2.88589E-07 4.42727E-04 
3.36804E-07 1.07648E-07 3.43351E-04 -6.08710E-05 3.37569E-04 2.35563E-03 2.09730E-02 2.72853E-04 1.07648E-07 3.36804E-07 3.72049E-04 
3.70921E-07 1.76826E-07 3.15128E-04 -5.34538E-05 3.22565E-04 2.11348E-03 1.88770E-02 2.43431E-04 1.76826E-07 3.70921E-07 3.10754E-04 
3.91077E-07 2.32204E-07 2.88577E-04 -4.68153E-05 3.04601E-04 1.88997E-03 1.69503E-02 2.16641E-04 2.32204E-07 3.91077E-07 2.57654E-04 
3.98524E-07 2.74987E-07 2.63681E-04 -4.08960E-05 2.84136E-04 1.68414E-03 1.51851E-02 1.92332E-04 2.74987E-07 3.98524E-07 2.11824E-04 
3.95788E-07 3.07706E-07 2.40410E-04 -3.56359E-05 2.61649E-04 1.49504E-03 1.35731E-02 1.70348E-04 3.07706E-07 3.95788E-07 1.72575E-04 
3.86825E-07 3.34364E-07 2.18727E-04 -3.09747E-05 2.37633E-04 1.32175E-03 1.21054E-02 1.50532E-04 3.34364E-07 3.86825E-07 1.39420E-04 
3.77123E-07 3.60528E-07 1.98591E-04 -2.68526E-05 2.12580E-04 1.16338E-03 1.07732E-02 1.32731E-04 3.60528E-07 3.77123E-07 1.12037E-04 
3.73717E-07 3.93332E-07 1.79951E-04 -2.32107E-05 1.86973E-04 1.01904E-03 9.56755E-03 1.16797E-04 3.93332E-07 3.73717E-07 9.02294E-05 
3.85073E-07 4.41355E-07 1.62757E-04 -1.99916E-05 1.61272E-04 8.87921E-04 8.47948E-03 1.02585E-04 4.41355E-07 3.85073E-07 7.38762E-05 
8.23598E-09 -4.35865E-07 8.99064E-04 -1.95250E-04 9.68013E-05 6.40868E-03 6.28476E-02 8.53157E-04 -4.35865E-07 8.23598E-09 2.53264E-03 
8.23598E-09 -4.35865E-07 8.49880E-04 -1.78555E-04 1.56416E-04 5.96491E-03 5.84871E-02 7.87872E-04 -4.35865E-07 8.23598E-09 2.19395E-03 
8.23598E-09 -9.72357E-08 8.02746E-04 -1.63079E-04 2.10423E-04 5.55102E-03 5.43827E-02 7.26982E-04 -9.72357E-08 8.23598E-09 1.90242E-03 
8.23598E-09 -2.77760E-07 7.57562E-04 -1.48746E-04 2.58811E-04 5.16457E-03 5.05195E-02 6.70190E-04 -2.77760E-07 8.23598E-09 1.65134E-03 
8.23598E-09 -4.06527E-07 7.13695E-04 -1.35320E-04 3.02247E-04 4.79873E-03 4.68374E-02 6.16533E-04 -4.06527E-07 8.23598E-09 1.43226E-03 
8.23598E-09 -4.94356E-07 6.71217E-04 -1.22794E-04 3.40510E-04 4.45302E-03 4.33386E-02 5.65991E-04 -4.94356E-07 8.23598E-09 1.24151E-03 
8.23598E-09 -5.49442E-07 6.30187E-04 -1.11151E-04 3.73446E-04 4.12681E-03 4.00232E-02 5.18524E-04 -5.49442E-07 8.23598E-09 1.07566E-03 
8.23598E-09 -5.73509E-07 5.99466E-04 -1.02732E-04 3.95212E-04 3.88735E-03 3.75834E-02 4.83870E-04 -5.73509E-07 8.23598E-09 9.62435E-04 
8.23598E-09 -5.77854E-07 5.90656E-04 -1.00366E-04 4.00960E-04 3.81941E-03 3.68906E-02 4.74075E-04 -5.77854E-07 8.23598E-09 9.31596E-04 
8.23598E-09 -5.83699E-07 5.49760E-04 -8.96655E-05 4.24523E-04 3.50818E-03 3.37156E-02 4.29445E-04 -5.83699E-07 8.23598E-09 7.97410E-04 
8.23598E-09 -5.67838E-07 5.10695E-04 -7.98865E-05 4.41803E-04 3.21697E-03 3.07471E-02 3.88133E-04 -5.67838E-07 8.23598E-09 6.82080E-04 
8.23598E-09 -5.33501E-07 4.73488E-04 -7.09818E-05 4.52934E-04 2.94478E-03 2.79804E-02 3.50013E-04 -5.33501E-07 8.23598E-09 5.82808E-04 
8.23598E-09 -4.83514E-07 4.38151E-04 -6.29018E-05 4.58131E-04 2.69058E-03 2.54093E-02 3.14953E-04 -4.83514E-07 8.23598E-09 4.97160E-04 
4.61561E-08 -3.86807E-07 4.05070E-04 -5.56391E-05 4.57653E-04 2.45588E-03 2.30525E-02 2.83180E-04 -3.86807E-07 4.61561E-08 4.23100E-04 
1.00939E-07 -2.83926E-07 3.73670E-04 -4.90596E-05 4.51953E-04 2.23593E-03 2.08640E-02 2.53982E-04 -2.83926E-07 1.00939E-07 3.58478E-04 
1.51730E-07 -1.86217E-07 3.43874E-04 -4.31162E-05 4.41360E-04 2.02953E-03 1.88333E-02 2.27163E-04 -1.86217E-07 1.51730E-07 3.01943E-04 
1.95861E-07 -9.64667E-08 3.15699E-04 -3.77735E-05 4.26256E-04 1.83619E-03 1.69562E-02 2.02625E-04 -9.64667E-08 1.95861E-07 2.52397E-04 
2.31278E-07 -1.67892E-08 2.89147E-04 -3.29937E-05 4.07090E-04 1.65539E-03 1.52272E-02 1.80255E-04 -1.67892E-08 2.31278E-07 2.08928E-04 
2.56635E-07 5.14758E-08 2.64208E-04 -2.87371E-05 3.84364E-04 1.48664E-03 1.36404E-02 1.59936E-04 5.14758E-08 2.56635E-07 1.70810E-04 
2.71467E-07 1.07929E-07 2.40861E-04 -2.49632E-05 3.58622E-04 1.32945E-03 1.21891E-02 1.41545E-04 1.07929E-07 2.71467E-07 1.37492E-04 
2.76401E-07 1.53319E-07 2.19077E-04 -2.16307E-05 3.30437E-04 1.18336E-03 1.08662E-02 1.24956E-04 1.53319E-07 2.76401E-07 1.08587E-04 
2.73372E-07 1.89749E-07 1.98816E-04 -1.86979E-05 3.00398E-04 1.04792E-03 9.66433E-03 1.10044E-04 1.89749E-07 2.73372E-07 8.38574E-05 
2.65810E-07 2.20860E-07 1.80033E-04 -1.61233E-05 2.69094E-04 9.22691E-04 8.57580E-03 9.66853E-05 2.20860E-07 2.65810E-07 6.31906E-05 
2.58763E-07 2.51934E-07 1.62680E-04 -1.38656E-05 2.37105E-04 8.07280E-04 7.59301E-03 8.47618E-05 2.51934E-07 2.58763E-07 4.65778E-05 
2.58909E-07 2.89899E-07 1.46702E-04 -1.18838E-05 2.04990E-04 7.01294E-04 6.70833E-03 7.41591E-05 2.89899E-07 2.58909E-07 3.40786E-05 
2.74434E-07 3.43194E-07 1.32043E-04 -1.01380E-05 1.73273E-04 6.04357E-04 5.91428E-03 6.47692E-05 3.43194E-07 2.74434E-07 2.57850E-05 
6.57677E-09 -3.53591E-07 7.91612E-04 -1.06854E-04 2.43127E-04 4.22246E-03 4.71850E-02 5.78369E-04 -3.53591E-07 6.57677E-09 1.35240E-03 
6.57677E-09 -3.53591E-07 7.45920E-04 -9.70754E-05 3.06907E-04 3.95501E-03 4.37537E-02 5.31828E-04 -3.53591E-07 6.57677E-09 1.17558E-03 
6.57677E-09 -7.26045E-08 7.02257E-04 -8.80739E-05 3.63614E-04 3.70507E-03 4.05363E-02 4.88605E-04 -7.26045E-08 6.57677E-09 1.02364E-03 
6.57677E-09 -2.15034E-07 6.60532E-04 -7.97950E-05 4.13323E-04 3.47094E-03 3.75197E-02 4.48468E-04 -2.15034E-07 6.57677E-09 8.92911E-04 
6.57677E-09 -3.26364E-07 6.20157E-04 -7.20936E-05 4.56818E-04 3.24834E-03 3.46557E-02 4.10714E-04 -3.26364E-07 6.57677E-09 7.78345E-04 
6.57677E-09 -4.11224E-07 5.81196E-04 -6.49585E-05 4.93921E-04 3.03683E-03 3.19448E-02 3.75316E-04 -4.11224E-07 6.57677E-09 6.78014E-04 
6.57677E-09 -4.72793E-07 5.43701E-04 -5.83728E-05 5.24535E-04 2.83587E-03 2.93865E-02 3.42230E-04 -4.72793E-07 6.57677E-09 5.90149E-04 
6.57677E-09 -5.05815E-07 5.15722E-04 -5.36416E-05 5.43751E-04 2.68729E-03 2.75107E-02 3.18181E-04 -5.05815E-07 6.57677E-09 5.29704E-04 
6.57677E-09 -5.13181E-07 5.07714E-04 -5.23165E-05 5.48634E-04 2.64494E-03 2.69792E-02 3.11400E-04 -5.13181E-07 6.57677E-09 5.13162E-04 
6.57677E-09 -5.34654E-07 4.70639E-04 -4.63524E-05 5.67382E-04 2.44971E-03 2.45498E-02 2.80608E-04 -5.34654E-07 6.57677E-09 4.40705E-04 
6.57677E-09 -5.34607E-07 4.35382E-04 -4.09443E-05 5.78780E-04 2.26488E-03 2.22890E-02 2.52265E-04 -5.34607E-07 6.57677E-09 3.77661E-04 
6.57677E-09 -5.14491E-07 4.01955E-04 -3.60583E-05 5.83087E-04 2.08985E-03 2.01916E-02 2.26264E-04 -5.14491E-07 6.57677E-09 3.22646E-04 
6.57677E-09 -4.76106E-07 3.70358E-04 -3.16600E-05 5.80649E-04 1.92403E-03 1.82520E-02 2.02491E-04 -4.76106E-07 6.57677E-09 2.74460E-04 
3.73622E-08 -3.84179E-07 3.40927E-04 -2.77193E-05 5.71944E-04 1.76854E-03 1.64826E-02 1.81094E-04 -3.84179E-07 3.73622E-08 2.32134E-04 
8.32130E-08 -2.84489E-07 3.13127E-04 -2.41798E-05 5.57458E-04 1.62048E-03 1.48476E-02 1.61549E-04 -2.84489E-07 8.32130E-08 1.94572E-04 
1.27108E-07 -1.89099E-07 2.86874E-04 -2.10160E-05 5.37634E-04 1.47920E-03 1.33381E-02 1.43704E-04 -1.89099E-07 1.27108E-07 1.61140E-04 
1.66338E-07 -1.00758E-07 2.62172E-04 -1.82042E-05 5.12997E-04 1.34460E-03 1.19498E-02 1.27474E-04 -1.00758E-07 1.66338E-07 1.31345E-04 
1.98612E-07 -2.17262E-08 2.39009E-04 -1.57193E-05 4.84132E-04 1.21655E-03 1.06776E-02 1.12768E-04 -2.17262E-08 1.98612E-07 1.04792E-04 
2.22240E-07 4.64129E-08 2.17363E-04 -1.35357E-05 4.51682E-04 1.09498E-03 9.51623E-03 9.94908E-05 4.64129E-08 2.22240E-07 8.11962E-05 
2.36374E-07 1.02983E-07 1.97203E-04 -1.16271E-05 4.16323E-04 9.79851E-04 8.45970E-03 8.75469E-05 1.02983E-07 2.36374E-07 6.03763E-05 
2.41272E-07 1.48473E-07 1.78490E-04 -9.96673E-06 3.78752E-04 8.71134E-04 7.50188E-03 7.68394E-05 1.48473E-07 2.41272E-07 4.22560E-05 
2.38552E-07 1.84786E-07 1.61178E-04 -8.52749E-06 3.39674E-04 7.68820E-04 6.63646E-03 6.72743E-05 1.84786E-07 2.38552E-07 2.68556E-05 
2.31403E-07 2.15433E-07 1.45215E-04 -7.28206E-06 2.99781E-04 6.72912E-04 5.85705E-03 5.87603E-05 2.15433E-07 2.31403E-07 1.42793E-05 
2.24710E-07 2.45646E-07 1.30547E-04 -6.20292E-06 2.59741E-04 5.83416E-04 5.15734E-03 5.12112E-05 2.45646E-07 2.24710E-07 4.69659E-06 
2.25061E-07 2.82376E-07 1.17118E-04 -5.26254E-06 2.20185E-04 5.00330E-04 4.53110E-03 4.45460E-05 2.82376E-07 2.25061E-07 -1.68496E-06 
2.40616E-07 3.34135E-07 1.04870E-04 -4.43359E-06 1.81696E-04 4.23644E-04 3.97229E-03 3.86895E-05 3.34135E-07 2.40616E-07 -4.65146E-06 
6.78476E-09 -2.95572E-07 6.85291E-04 -5.17246E-05 4.40439E-04 2.80861E-03 3.41697E-02 3.69213E-04 -2.95572E-07 6.78476E-09 6.62542E-04 
6.78476E-09 -2.95572E-07 6.43464E-04 -4.65148E-05 5.05817E-04 2.66800E-03 3.15620E-02 3.37949E-04 -2.95572E-07 6.78476E-09 5.81153E-04 
6.78476E-09 -5.62431E-08 6.03632E-04 -4.17631E-05 5.62562E-04 2.53486E-03 2.91268E-02 3.09045E-04 -5.62431E-08 6.78476E-09 5.10843E-04 
6.78476E-09 -1.72583E-07 5.65705E-04 -3.74331E-05 6.10853E-04 2.40814E-03 2.68531E-02 2.82327E-04 -1.72583E-07 6.78476E-09 4.49964E-04 
6.78476E-09 -2.70477E-07 5.29142E-04 -3.34434E-05 6.51574E-04 2.28550E-03 2.47034E-02 2.57315E-04 -2.70477E-07 6.78476E-09 3.95747E-04 
6.78476E-09 -3.50511E-07 4.93997E-04 -2.97833E-05 6.84613E-04 2.16658E-03 2.26774E-02 2.33979E-04 -3.50511E-07 6.78476E-09 3.47408E-04 
6.78476E-09 -4.12621E-07 4.60312E-04 -2.64391E-05 7.09951E-04 2.05100E-03 2.07736E-02 2.12277E-04 -4.12621E-07 6.78476E-09 3.04245E-04 
6.78476E-09 -4.48129E-07 4.35271E-04 -2.40585E-05 7.24311E-04 1.96367E-03 1.93832E-02 1.96577E-04 -4.48129E-07 6.78476E-09 2.74005E-04 
6.78476E-09 -4.56408E-07 4.28120E-04 -2.33952E-05 7.27655E-04 1.93846E-03 1.89901E-02 1.92162E-04 -4.56408E-07 6.78476E-09 2.65641E-04 
6.78476E-09 -4.82623E-07 3.95103E-04 -2.04303E-05 7.38371E-04 1.82020E-03 1.71987E-02 1.72186E-04 -4.82623E-07 6.78476E-09 2.28494E-04 
6.78476E-09 -4.86896E-07 3.63858E-04 -1.77727E-05 7.40699E-04 1.70485E-03 1.55399E-02 1.53912E-04 -4.86896E-07 6.78476E-09 1.95401E-04 
6.78476E-09 -4.69726E-07 3.34382E-04 -1.53999E-05 7.35050E-04 1.59221E-03 1.40088E-02 1.37254E-04 -4.69726E-07 6.78476E-09 1.65821E-04 
6.78476E-09 -4.32480E-07 3.06662E-04 -1.32899E-05 7.21930E-04 1.48215E-03 1.26000E-02 1.22123E-04 -4.32480E-07 6.78476E-09 1.39280E-04 
3.86174E-08 -3.37178E-07 2.80986E-04 -1.14008E-05 7.02088E-04 1.37569E-03 1.13218E-02 1.08612E-04 -3.37178E-07 3.86174E-08 1.15387E-04 
8.63866E-08 -2.33803E-07 2.56858E-04 -9.72804E-06 6.76028E-04 1.27123E-03 1.01468E-02 9.63527E-05 -2.33803E-07 8.63866E-08 9.36772E-05 
1.32660E-07 -1.35100E-07 2.34191E-04 -8.26139E-06 6.44323E-04 1.16865E-03 9.06778E-03 8.52303E-05 -1.35100E-07 1.32660E-07 7.39206E-05 
1.74578E-07 -4.39118E-08 2.12976E-04 -6.98614E-06 6.07658E-04 1.06817E-03 8.08080E-03 7.51788E-05 -4.39118E-08 1.74578E-07 5.59503E-05 
2.09594E-07 3.73141E-08 1.93189E-04 -5.88698E-06 5.66780E-04 9.70077E-04 7.18147E-03 6.61290E-05 3.73141E-08 2.09594E-07 3.96504E-05 
2.35724E-07 1.06778E-07 1.74798E-04 -4.94811E-06 5.22482E-04 8.74677E-04 6.36507E-03 5.80104E-05 1.06778E-07 2.35724E-07 2.49663E-05 
2.51838E-07 1.63609E-07 1.57765E-04 -4.15331E-06 4.75587E-04 7.82319E-04 5.62667E-03 5.07525E-05 1.63609E-07 2.51838E-07 1.19119E-05 
2.57967E-07 2.08165E-07 1.42041E-04 -3.48582E-06 4.26927E-04 6.93360E-04 4.96117E-03 4.42867E-05 2.08165E-07 2.57967E-07 5.72856E-07 
2.55580E-07 2.42298E-07 1.27576E-04 -2.92835E-06 3.77322E-04 6.08165E-04 4.36344E-03 3.85469E-05 2.42298E-07 2.55580E-07 -8.89517E-06 
2.47807E-07 2.69562E-07 1.14314E-04 -2.46298E-06 3.27569E-04 5.27089E-04 3.82836E-03 3.34711E-05 2.69562E-07 2.47807E-07 -1.62745E-05 
2.39558E-07 2.95318E-07 1.02201E-04 -2.07126E-06 2.78422E-04 4.50466E-04 3.35094E-03 2.90016E-05 2.95318E-07 2.39558E-07 -2.13011E-05 
2.37526E-07 3.26716E-07 9.11767E-05 -1.73419E-06 2.30579E-04 3.78599E-04 2.92629E-03 2.50860E-05 3.26716E-07 2.37526E-07 -2.36880E-05 
2.50021E-07 3.72516E-07 8.11853E-05 -1.43252E-06 1.84670E-04 3.11750E-04 2.54975E-03 2.16769E-05 3.72516E-07 2.50021E-07 -2.31551E-05 
8.10057E-09 -2.60652E-07 5.80755E-04 -2.05073E-05 6.95342E-04 2.00579E-03 2.36432E-02 2.18693E-04 -2.60652E-07 8.10057E-09 2.87926E-04 
8.10057E-09 -2.60652E-07 5.43162E-04 -1.79869E-05 7.58955E-04 1.95006E-03 2.17458E-02 1.99168E-04 -2.60652E-07 8.10057E-09 2.57610E-04 
8.10057E-09 -4.69367E-08 5.07506E-04 -1.57252E-05 8.12303E-04 1.89390E-03 1.99819E-02 1.81203E-04 -4.69367E-08 8.10057E-09 2.30655E-04 
8.10057E-09 -1.48069E-07 4.73698E-04 -1.36987E-05 8.55692E-04 1.83684E-03 1.83426E-02 1.64681E-04 -1.48069E-07 8.10057E-09 2.06625E-04 
8.10057E-09 -2.37243E-07 4.41243E-04 -1.18653E-05 8.90084E-04 1.77790E-03 1.67996E-02 1.49291E-04 -2.37243E-07 8.10057E-09 1.84144E-04 
8.10057E-09 -3.12571E-07 4.10185E-04 -1.02157E-05 9.15459E-04 1.71687E-03 1.53522E-02 1.35010E-04 -3.12571E-07 8.10057E-09 1.63103E-04 
8.10057E-09 -3.72058E-07 3.80553E-04 -8.73920E-06 9.31904E-04 1.65358E-03 1.39985E-02 1.21804E-04 -3.72058E-07 8.10057E-09 1.43422E-04 
8.10057E-09 -4.06040E-07 3.58617E-04 -7.70832E-06 9.38615E-04 1.60301E-03 1.30141E-02 1.12300E-04 -4.06040E-07 8.10057E-09 1.29084E-04 
8.10057E-09 -4.13872E-07 3.52367E-04 -7.42439E-06 9.39605E-04 1.58796E-03 1.27365E-02 1.09635E-04 -4.13872E-07 8.10057E-09 1.25033E-04 
8.10057E-09 -4.37562E-07 3.23606E-04 -6.17402E-06 9.38445E-04 1.51456E-03 1.14754E-02 9.76288E-05 -4.37562E-07 8.10057E-09 1.06582E-04 
8.10057E-09 -4.38188E-07 2.96535E-04 -5.08257E-06 9.27937E-04 1.43853E-03 1.03140E-02 8.67220E-05 -4.38188E-07 8.10057E-09 8.94792E-05 
8.10057E-09 -4.15953E-07 2.71137E-04 -4.13541E-06 9.08674E-04 1.36003E-03 9.24784E-03 7.68527E-05 -4.15953E-07 8.10057E-09 7.36321E-05 
8.10057E-09 -3.72274E-07 2.47388E-04 -3.31879E-06 8.81356E-04 1.27935E-03 8.27247E-03 6.79560E-05 -3.72274E-07 8.10057E-09 5.89394E-05 
4.58867E-08 -2.67704E-07 2.25524E-04 -2.58499E-06 8.47063E-04 1.19766E-03 7.39250E-03 6.00935E-05 -2.67704E-07 4.58867E-08 4.52820E-05 
1.02185E-07 -1.55610E-07 2.05096E-04 -1.96051E-06 8.06288E-04 1.11426E-03 6.58830E-03 5.30137E-05 -1.55610E-07 1.02185E-07 3.25285E-05 
1.56540E-07 -4.94187E-08 1.86015E-04 -1.44465E-06 7.59753E-04 1.02942E-03 5.85409E-03 4.66355E-05 -4.94187E-08 1.56540E-07 2.06464E-05 
2.05805E-07 4.77936E-08 1.68258E-04 -1.02834E-06 7.08324E-04 9.43719E-04 5.18650E-03 4.09113E-05 4.77936E-08 2.05805E-07 9.61929E-06 
2.47113E-07 1.33331E-07 1.51794E-04 -7.02150E-07 6.52926E-04 8.57794E-04 4.58190E-03 3.57922E-05 1.33331E-07 2.47113E-07 -5.43452E-07 
2.78182E-07 2.05176E-07 1.36582E-04 -4.56254E-07 5.94520E-04 7.72306E-04 4.03644E-03 3.12296E-05 2.05176E-07 2.78182E-07 -9.79323E-06 
2.97648E-07 2.62316E-07 1.22575E-04 -2.80311E-07 5.34082E-04 6.87938E-04 3.54619E-03 2.71763E-05 2.62316E-07 2.97648E-07 -1.80303E-05 
3.05398E-07 3.05066E-07 1.09723E-04 -1.63333E-07 4.72582E-04 6.05375E-04 3.10717E-03 2.35870E-05 3.05066E-07 3.05398E-07 -2.50970E-05 
3.02866E-07 3.35346E-07 9.79716E-05 -9.35641E-08 4.10960E-04 5.25285E-04 2.71542E-03 2.04198E-05 3.35346E-07 3.02866E-07 -3.07762E-05 
2.93254E-07 3.56893E-07 8.72646E-05 -5.83893E-08 3.50113E-04 4.48301E-04 2.36704E-03 1.76364E-05 3.56893E-07 2.93254E-07 -3.47977E-05 
2.81645E-07 3.75344E-07 7.75459E-05 -4.43230E-08 2.90872E-04 3.75011E-04 2.05828E-03 1.52026E-05 3.75344E-07 2.81645E-07 -3.68523E-05 
2.74977E-07 3.98202E-07 6.87598E-05 -3.70962E-08 2.33990E-04 3.05939E-04 1.78551E-03 1.30887E-05 3.98202E-07 2.74977E-07 -3.66138E-05 
2.81853E-07 4.34617E-07 6.08519E-05 -2.18764E-08 1.80132E-04 2.41537E-04 1.54530E-03 1.12691E-05 4.34617E-07 2.81853E-07 -3.37691E-05 
1.01123E-08 -2.42369E-07 4.79727E-04 -4.47151E-06 1.01175E-03 1.67615E-03 1.54885E-02 1.18400E-04 -2.42369E-07 1.01123E-08 1.04388E-04 
1.01123E-08 -2.42369E-07 4.46686E-04 -3.32967E-06 1.06933E-03 1.67022E-03 1.41785E-02 1.07215E-04 -2.42369E-07 1.01123E-08 9.75375E-05 
1.01123E-08 -4.26542E-08 4.15492E-04 -2.34405E-06 1.11500E-03 1.65791E-03 1.29668E-02 9.69755E-05 -4.26542E-08 1.01123E-08 9.03592E-05 
1.01123E-08 -1.36386E-07 3.86056E-04 -1.49796E-06 1.14922E-03 1.63920E-03 1.18462E-02 8.76105E-05 -1.36386E-07 1.01123E-08 8.30506E-05 
1.01123E-08 -2.20296E-07 3.57935E-04 -7.69698E-07 1.17299E-03 1.61406E-03 1.07967E-02 7.89369E-05 -2.20296E-07 1.01123E-08 7.49820E-05 
1.01123E-08 -2.91114E-07 3.31158E-04 -1.51198E-07 1.18641E-03 1.58244E-03 9.81725E-03 7.09365E-05 -2.91114E-07 1.01123E-08 6.63934E-05 
1.01123E-08 -3.45825E-07 3.05743E-04 3.66470E-07 1.18972E-03 1.54441E-03 8.90603E-03 6.35866E-05 -3.45825E-07 1.01123E-08 5.75109E-05 
1.01123E-08 -3.75490E-07 2.87016E-04 7.03714E-07 1.18555E-03 1.51067E-03 8.24654E-03 5.83298E-05 -3.75490E-07 1.01123E-08 5.05653E-05 
1.01123E-08 -3.81922E-07 2.81696E-04 7.92594E-07 1.18325E-03 1.50012E-03 8.06104E-03 5.68616E-05 -3.81922E-07 1.01123E-08 4.85359E-05 
1.01123E-08 -3.97976E-07 2.57297E-04 1.16022E-06 1.16583E-03 1.44567E-03 7.22141E-03 5.02780E-05 -3.97976E-07 1.01123E-08 3.89458E-05 
1.01123E-08 -3.89332E-07 2.34471E-04 1.44357E-06 1.13825E-03 1.38470E-03 6.45272E-03 4.43493E-05 -3.89332E-07 1.01123E-08 2.95993E-05 
1.01123E-08 -3.56378E-07 2.13189E-04 1.65317E-06 1.10133E-03 1.31779E-03 5.75142E-03 3.90341E-05 -3.56378E-07 1.01123E-08 2.05990E-05 
1.01123E-08 -3.00946E-07 1.93414E-04 1.79853E-06 1.05598E-03 1.24560E-03 5.11377E-03 3.42894E-05 -3.00946E-07 1.01123E-08 1.19981E-05 
5.69486E-08 -1.83116E-07 1.75335E-04 1.93066E-06 1.00367E-03 1.16962E-03 4.54215E-03 3.01601E-05 -1.83116E-07 5.69486E-08 3.76463E-06 
1.25960E-07 -5.89691E-08 1.58551E-04 2.00645E-06 9.44866E-04 1.08967E-03 4.02304E-03 2.64779E-05 -5.89691E-08 1.25960E-07 -4.08669E-06 
1.91973E-07 5.73764E-08 1.42972E-04 2.02185E-06 8.80436E-04 1.00637E-03 3.55215E-03 2.31872E-05 5.73764E-08 1.91973E-07 -1.15175E-05 
2.51424E-07 1.62496E-07 1.28566E-04 1.98335E-06 8.11452E-04 9.20622E-04 3.12679E-03 2.02565E-05 1.62496E-07 2.51424E-07 -1.84970E-05 
3.01063E-07 2.53391E-07 1.15295E-04 1.89772E-06 7.39029E-04 8.33382E-04 2.74414E-03 1.76538E-05 2.53391E-07 3.01063E-07 -2.49796E-05 
3.38295E-07 3.27829E-07 1.03111E-04 1.77214E-06 6.64303E-04 7.45615E-04 2.40126E-03 1.53483E-05 3.27829E-07 3.38295E-07 -3.08876E-05 
3.61549E-07 3.84698E-07 9.19653E-05 1.61438E-06 5.88411E-04 6.58291E-04 2.09522E-03 1.33110E-05 3.84698E-07 3.61549E-07 -3.60974E-05 
3.70636E-07 4.24349E-07 8.18045E-05 1.43294E-06 5.12458E-04 5.72360E-04 1.82308E-03 1.15150E-05 4.24349E-07 3.70636E-07 -4.04298E-05 
3.67044E-07 4.48880E-07 7.25743E-05 1.23722E-06 4.37501E-04 4.88728E-04 1.58197E-03 9.93677E-06 4.48880E-07 3.67044E-07 -4.36483E-05 
3.54159E-07 4.62329E-07 6.42204E-05 1.03757E-06 3.64522E-04 4.08237E-04 1.36911E-03 8.55580E-06 4.62329E-07 3.54159E-07 -4.54640E-05 
3.37353E-07 4.70745E-07 5.66895E-05 8.45372E-07 2.94420E-04 3.31654E-04 1.18184E-03 7.35535E-06 4.70745E-07 3.37353E-07 -4.55495E-05 
3.23932E-07 4.82114E-07 4.99301E-05 6.72845E-07 2.27985E-04 2.59649E-04 1.01764E-03 6.32226E-06 4.82114E-07 3.23932E-07 -4.35620E-05 
3.22912E-07 5.06109E-07 4.38931E-05 5.32863E-07 1.65896E-04 1.92786E-04 8.74142E-04 5.44678E-06 5.06109E-07 3.22912E-07 -3.91729E-05 
1.26302E-08 -2.33141E-07 3.82975E-04 3.56122E-06 1.39551E-03 1.69516E-03 9.43209E-03 5.69180E-05 -2.33141E-07 1.26302E-08 2.49057E-05 
1.26302E-08 -2.33141E-07 3.54779E-04 4.08403E-06 1.44176E-03 1.71122E-03 8.58855E-03 5.11816E-05 -2.33141E-07 1.26302E-08 2.63139E-05 
1.26302E-08 -4.13286E-08 3.28304E-04 4.48913E-06 1.47450E-03 1.71654E-03 7.81261E-03 4.59598E-05 -4.13286E-08 1.26302E-08 2.60446E-05 
1.26302E-08 -1.32072E-07 3.03460E-04 4.79092E-06 1.49436E-03 1.71152E-03 7.09906E-03 4.12139E-05 -1.32072E-07 1.26302E-08 2.45672E-05 
1.26302E-08 -2.12351E-07 2.79857E-04 5.00224E-06 1.50235E-03 1.69665E-03 6.43457E-03 3.68478E-05 -2.12351E-07 1.26302E-08 2.15861E-05 
1.26302E-08 -2.78196E-07 2.57512E-04 5.13128E-06 1.49874E-03 1.67211E-03 5.81795E-03 3.28506E-05 -2.78196E-07 1.26302E-08 1.74885E-05 
1.26302E-08 -3.26159E-07 2.36428E-04 5.18674E-06 1.48393E-03 1.63821E-03 5.24765E-03 2.92095E-05 -3.26159E-07 1.26302E-08 1.26267E-05 
1.26302E-08 -3.49260E-07 2.20978E-04 5.18483E-06 1.46511E-03 1.60580E-03 4.83708E-03 2.66272E-05 -3.49260E-07 1.26302E-08 8.53604E-06 
1.26302E-08 -3.53551E-07 2.16602E-04 5.17756E-06 1.45843E-03 1.59535E-03 4.72196E-03 2.59097E-05 -3.53551E-07 1.26302E-08 7.30601E-06 
1.26302E-08 -3.58081E-07 1.96618E-04 5.10527E-06 1.41971E-03 1.53974E-03 4.20290E-03 2.27148E-05 -3.58081E-07 1.26302E-08 1.34165E-06 
1.26302E-08 -3.36008E-07 1.78052E-04 4.97839E-06 1.37025E-03 1.47516E-03 3.73088E-03 1.98745E-05 -3.36008E-07 1.26302E-08 -4.62874E-06 
1.26302E-08 -2.88246E-07 1.60866E-04 4.80639E-06 1.31111E-03 1.40255E-03 3.30318E-03 1.73638E-05 -2.88246E-07 1.26302E-08 -1.04465E-05 
1.26302E-08 -2.17311E-07 1.45012E-04 4.59757E-06 1.24346E-03 1.32293E-03 2.91698E-03 1.51566E-05 -2.17311E-07 1.26302E-08 -1.60229E-05 
7.07543E-08 -8.35461E-08 1.30636E-04 4.40588E-06 1.16925E-03 1.23825E-03 2.57325E-03 1.32909E-05 -8.35461E-08 7.07543E-08 -2.13976E-05 
1.55446E-07 5.47305E-08 1.17386E-04 4.18000E-06 1.08881E-03 1.14854E-03 2.26331E-03 1.16519E-05 5.47305E-08 1.55446E-07 -2.65178E-05 
2.35561E-07 1.82697E-07 1.05175E-04 3.91436E-06 1.00322E-03 1.05473E-03 1.98417E-03 1.02023E-05 1.82697E-07 2.35561E-07 -3.13411E-05 
3.07019E-07 2.96496E-07 9.39648E-05 3.61509E-06 9.13746E-04 9.58040E-04 1.73387E-03 8.92240E-06 2.96496E-07 3.07019E-07 -3.58444E-05 
3.66127E-07 3.92792E-07 8.37103E-05 3.28857E-06 8.21713E-04 8.59683E-04 1.51038E-03 7.79304E-06 3.92792E-07 3.66127E-07 -3.99918E-05 
4.09973E-07 4.69148E-07 7.43631E-05 2.94162E-06 7.28437E-04 7.60897E-04 1.31164E-03 6.79624E-06 4.69148E-07 4.09973E-07 -4.37155E-05 
4.36812E-07 5.24405E-07 6.58727E-05 2.58160E-06 6.35211E-04 6.62893E-04 1.13562E-03 5.91588E-06 5.24405E-07 4.36812E-07 -4.68997E-05 
4.46437E-07 5.59033E-07 5.81871E-05 2.21662E-06 5.43271E-04 5.66830E-04 9.80321E-04 5.13816E-06 5.59033E-07 4.46437E-07 -4.93704E-05 
4.40482E-07 5.75410E-07 5.12547E-05 1.85569E-06 4.53777E-04 4.73795E-04 8.43828E-04 4.45202E-06 5.75410E-07 4.40482E-07 -5.08925E-05 
4.22616E-07 5.77998E-07 4.50254E-05 1.50874E-06 3.67785E-04 3.84776E-04 7.24304E-04 3.84938E-06 5.77998E-07 4.22616E-07 -5.11753E-05 
3.98614E-07 5.73387E-07 3.94516E-05 1.18669E-06 2.86236E-04 3.00650E-04 6.20017E-04 3.32528E-06 5.73387E-07 3.98614E-07 -4.98870E-05 
3.76267E-07 5.70173E-07 3.44883E-05 9.01210E-07 2.09937E-04 2.22168E-04 5.29346E-04 2.87771E-06 5.70173E-07 3.76267E-07 -4.66787E-05 
3.65113E-07 5.78674E-07 3.00938E-05 6.64563E-07 1.39555E-04 1.49941E-04 4.50789E-04 2.50739E-06 5.78674E-07 3.65113E-07 -4.12148E-05 
1.55708E-08 -2.27004E-07 2.91897E-04 8.28882E-06 1.85003E-03 1.96531E-03 5.20369E-03 2.33203E-05 -2.27004E-07 1.55708E-08 -3.64730E-06 
1.55708E-08 -2.27004E-07 2.68783E-04 8.54969E-06 1.87855E-03 1.98149E-03 4.70949E-03 2.07607E-05 -2.27004E-07 1.55708E-08 -1.28347E-06 
1.55708E-08 -4.14144E-08 2.47217E-04 8.69539E-06 1.89209E-03 1.98389E-03 4.25778E-03 1.84450E-05 -4.14144E-08 1.55708E-08 -7.87800E-07 
1.55708E-08 -1.30965E-07 2.27112E-04 8.74109E-06 1.89148E-03 1.97324E-03 3.84506E-03 1.63576E-05 -1.30965E-07 1.55708E-08 -1.60764E-06 
1.55708E-08 -2.07721E-07 2.08137E-04 8.69696E-06 1.87769E-03 1.95028E-03 3.46318E-03 1.44545E-05 -2.07721E-07 1.55708E-08 -3.93468E-06 
1.55708E-08 -2.67428E-07 1.90295E-04 8.57243E-06 1.85119E-03 1.91543E-03 3.11114E-03 1.27319E-05 -2.67428E-07 1.55708E-08 -7.33192E-06 
1.55708E-08 -3.06571E-07 1.73579E-04 8.37737E-06 1.81258E-03 1.86926E-03 2.78772E-03 1.11843E-05 -3.06571E-07 1.55708E-08 -1.14082E-05 
1.55708E-08 -3.21089E-07 1.61409E-04 8.18440E-06 1.77485E-03 1.82620E-03 2.55630E-03 1.01029E-05 -3.21089E-07 1.55708E-08 -1.48144E-05 
1.55708E-08 -3.22601E-07 1.57974E-04 8.12180E-06 1.76259E-03 1.81245E-03 2.49163E-03 9.80517E-06 -3.22601E-07 1.55708E-08 -1.58303E-05 
1.55708E-08 -3.12409E-07 1.42367E-04 7.78962E-06 1.69695E-03 1.74023E-03 2.20139E-03 8.49749E-06 -3.12409E-07 1.55708E-08 -2.06816E-05 
1.55708E-08 -2.73652E-07 1.27987E-04 7.40995E-06 1.62032E-03 1.65775E-03 1.93947E-03 7.36437E-06 -2.73652E-07 1.55708E-08 -2.53844E-05 
1.55708E-08 -2.08019E-07 1.14789E-04 6.99323E-06 1.53403E-03 1.56631E-03 1.70397E-03 6.39221E-06 -2.08019E-07 1.55708E-08 -2.97886E-05 
1.55708E-08 -1.18911E-07 1.02720E-04 6.54866E-06 1.43954E-03 1.46728E-03 1.49302E-03 5.56603E-06 -1.18911E-07 1.55708E-08 -3.38255E-05 
8.68172E-08 3.25303E-08 9.18828E-05 6.13362E-06 1.33930E-03 1.36311E-03 1.30679E-03 4.92208E-06 3.25303E-08 8.68172E-08 -3.75866E-05 
1.89521E-07 1.86073E-07 8.19802E-05 5.69271E-06 1.23353E-03 1.25390E-03 1.14022E-03 4.37571E-06 1.86073E-07 1.89521E-07 -4.10356E-05 
2.85531E-07 3.26184E-07 7.29293E-05 5.22068E-06 1.12345E-03 1.14082E-03 9.91421E-04 3.90110E-06 3.26184E-07 2.85531E-07 -4.41586E-05 
3.70170E-07 4.48515E-07 6.46876E-05 4.72473E-06 1.01057E-03 1.02534E-03 8.59101E-04 3.48630E-06 4.48515E-07 3.70170E-07 -4.69662E-05 
4.39278E-07 5.49386E-07 5.72094E-05 4.21227E-06 8.96427E-04 9.08943E-04 7.41946E-04 3.12017E-06 5.49386E-07 4.39278E-07 -4.94548E-05 
4.89628E-07 6.26185E-07 5.04469E-05 3.69102E-06 7.82505E-04 7.93097E-04 6.38657E-04 2.79293E-06 6.26185E-07 4.89628E-07 -5.15854E-05 
5.19344E-07 6.77769E-07 4.43516E-05 3.16918E-06 6.70249E-04 6.79205E-04 5.47969E-04 2.49658E-06 6.77769E-07 5.19344E-07 -5.32655E-05 
5.28277E-07 7.04819E-07 3.88761E-05 2.65560E-06 5.61014E-04 5.68587E-04 4.68666E-04 2.22538E-06 7.04819E-07 5.28277E-07 -5.43389E-05 
5.18294E-07 7.10106E-07 3.39743E-05 2.15988E-06 4.56040E-04 4.62456E-04 3.99590E-04 1.97614E-06 7.10106E-07 5.18294E-07 -5.45818E-05 
4.93460E-07 6.98643E-07 2.96032E-05 1.69243E-06 3.56436E-04 3.61889E-04 3.39655E-04 1.74836E-06 6.98643E-07 4.93460E-07 -5.37093E-05 
4.60068E-07 6.77686E-07 2.57232E-05 1.26444E-06 2.63159E-04 2.67817E-04 2.87851E-04 1.54428E-06 6.77686E-07 4.60068E-07 -5.13907E-05 
4.26504E-07 6.56576E-07 2.22980E-05 8.87692E-07 1.77001E-04 1.81007E-04 2.43245E-04 1.36872E-06 6.56576E-07 4.26504E-07 -4.72748E-05 
4.02943E-07 6.46390E-07 1.92956E-05 5.74328E-07 9.85833E-05 1.02058E-04 2.04986E-04 1.22871E-06 6.46390E-07 4.02943E-07 -4.10223E-05 
1.89059E-08 -2.19993E-07 2.08096E-04 1.23665E-05 2.37681E-03 2.41208E-03 2.49256E-03 7.62266E-06 -2.19993E-07 1.89059E-08 -1.10790E-05 
1.89059E-08 -2.19993E-07 1.90212E-04 1.24726E-05 2.38007E-03 2.41124E-03 2.23989E-03 6.64901E-06 -2.19993E-07 1.89059E-08 -1.05533E-05 
1.89059E-08 -4.19190E-08 1.73655E-04 1.24495E-05 2.36712E-03 2.39461E-03 2.01065E-03 5.77469E-06 -4.19190E-08 1.89059E-08 -1.16559E-05 
1.89059E-08 -1.30357E-07 1.58343E-04 1.23151E-05 2.33901E-03 2.36321E-03 1.80277E-03 4.99760E-06 -1.30357E-07 1.89059E-08 -1.38201E-05 
1.89059E-08 -2.02647E-07 1.44008E-04 1.20792E-05 2.29662E-03 2.31783E-03 1.61186E-03 4.30111E-06 -2.02647E-07 1.89059E-08 -1.72352E-05 
1.89059E-08 -2.54504E-07 1.30642E-04 1.17535E-05 2.24062E-03 2.25914E-03 1.43720E-03 3.68594E-06 -2.54504E-07 1.89059E-08 -2.14425E-05 
1.89059E-08 -2.82589E-07 1.18227E-04 1.13501E-05 2.17188E-03 2.18797E-03 1.27799E-03 3.15165E-06 -2.82589E-07 1.89059E-08 -2.60368E-05 
1.89059E-08 -2.86572E-07 1.09261E-04 1.09924E-05 2.11058E-03 2.12497E-03 1.16487E-03 2.79274E-06 -2.86572E-07 1.89059E-08 -2.96402E-05 
1.89059E-08 -2.84713E-07 1.06742E-04 1.08811E-05 2.09140E-03 2.10532E-03 1.13339E-03 2.69659E-06 -2.84713E-07 1.89059E-08 -3.06803E-05 
1.89059E-08 -2.56950E-07 9.53658E-05 1.03156E-05 1.99274E-03 2.00459E-03 9.92817E-04 2.29121E-06 -2.56950E-07 1.89059E-08 -3.54438E-05 
1.89059E-08 -1.98766E-07 8.49925E-05 9.70148E-06 1.88327E-03 1.89329E-03 8.67079E-04 1.96886E-06 -1.98766E-07 1.89059E-08 -3.97390E-05 
1.89059E-08 -1.12822E-07 7.55725E-05 9.05166E-06 1.76463E-03 1.77307E-03 7.55038E-04 1.72214E-06 -1.12822E-07 1.89059E-08 -4.34474E-05 
1.89059E-08 -3.56308E-09 6.70513E-05 8.37739E-06 1.63856E-03 1.64563E-03 6.55579E-04 1.54205E-06 -3.56308E-09 1.89059E-08 -4.65423E-05 
1.04947E-07 1.66690E-07 5.94981E-05 7.74038E-06 1.50810E-03 1.51401E-03 5.68612E-04 1.46455E-06 1.66690E-07 1.04947E-07 -4.91876E-05 
2.27677E-07 3.35984E-07 5.26682E-05 7.08258E-06 1.37326E-03 1.37818E-03 4.91533E-04 1.41927E-06 3.35984E-07 2.27677E-07 -5.13878E-05 
3.40991E-07 4.88065E-07 4.64870E-05 6.40000E-06 1.23544E-03 1.23952E-03 4.23309E-04 1.38615E-06 4.88065E-07 3.40991E-07 -5.31718E-05 
4.39566E-07 6.18072E-07 4.09122E-05 5.70176E-06 1.09638E-03 1.09975E-03 3.63200E-04 1.35737E-06 6.18072E-07 4.39566E-07 -5.45966E-05 
5.18762E-07 7.21990E-07 3.59002E-05 4.99702E-06 9.57814E-04 9.60600E-04 3.10478E-04 1.32607E-06 7.21990E-07 5.18762E-07 -5.57023E-05 
5.75069E-07 7.97081E-07 3.14074E-05 4.29507E-06 8.21398E-04 8.23710E-04 2.64435E-04 1.28679E-06 7.97081E-07 5.75069E-07 -5.64878E-05 
6.06538E-07 8.42302E-07 2.73914E-05 3.60555E-06 6.88709E-04 6.90645E-04 2.24397E-04 1.23591E-06 8.42302E-07 6.06538E-07 -5.68923E-05 
6.13162E-07 8.58650E-07 2.38117E-05 2.93847E-06 5.61197E-04 5.62840E-04 1.89726E-04 1.17206E-06 8.58650E-07 6.13162E-07 -5.67826E-05 
5.97150E-07 8.49413E-07 2.06311E-05 2.30441E-06 4.40157E-04 4.41582E-04 1.59825E-04 1.09632E-06 8.49413E-07 5.97150E-07 -5.59503E-05 
5.63077E-07 8.20288E-07 1.78161E-05 1.71451E-06 3.26716E-04 3.27985E-04 1.34146E-04 1.01239E-06 8.20288E-07 5.63077E-07 -5.41187E-05 
5.17875E-07 7.79338E-07 1.53370E-05 1.18040E-06 2.21812E-04 2.22976E-04 1.12186E-04 9.26530E-07 7.79338E-07 5.17875E-07 -5.09594E-05 
4.70651E-07 7.36775E-07 1.31686E-05 7.14045E-07 1.26185E-04 1.27286E-04 9.34887E-05 8.47353E-07 7.36775E-07 4.70651E-07 -4.61191E-05 
4.32322E-07 7.04563E-07 1.12894E-05 3.27448E-07 4.03719E-05 4.14422E-05 7.76457E-05 7.85408E-07 7.04563E-07 4.32322E-07 -3.92538E-05 
2.26294E-08 -2.09825E-07 1.33558E-04 1.70583E-05 2.97466E-03 2.98222E-03 9.61354E-04 1.79106E-06 -2.09825E-07 2.26294E-08 -1.17180E-05 
2.26294E-08 -2.09825E-07 1.20922E-04 1.69866E-05 2.94403E-03 2.95054E-03 8.57042E-04 1.44645E-06 -2.09825E-07 2.26294E-08 -1.37448E-05 
2.26294E-08 -4.22984E-08 1.09341E-04 1.67660E-05 2.89631E-03 2.90188E-03 7.63223E-04 1.14120E-06 -4.22984E-08 2.26294E-08 -1.70864E-05 
2.26294E-08 -1.28734E-07 9.87412E-05 1.64178E-05 2.83283E-03 2.83756E-03 6.78877E-04 8.79572E-07 -1.28734E-07 2.26294E-08 -2.11654E-05 
2.26294E-08 -1.94978E-07 8.89209E-05 1.59521E-05 2.75424E-03 2.75821E-03 6.02079E-04 6.56246E-07 -1.94978E-07 2.26294E-08 -2.61936E-05 
2.26294E-08 -2.36903E-07 7.98643E-05 1.53838E-05 2.66151E-03 2.66480E-03 5.32425E-04 4.74309E-07 -2.36903E-07 2.26294E-08 -3.16822E-05 
2.26294E-08 -2.51529E-07 7.15489E-05 1.47279E-05 2.55579E-03 2.55847E-03 4.69485E-04 3.35647E-07 -2.51529E-07 2.26294E-08 -3.72068E-05 
2.26294E-08 -2.43014E-07 6.56067E-05 1.41699E-05 2.46588E-03 2.46814E-03 4.25115E-04 2.58449E-07 -2.43014E-07 2.26294E-08 -4.12840E-05 
2.26294E-08 -2.37208E-07 6.39480E-05 1.39995E-05 2.43836E-03 2.44051E-03 4.12822E-04 2.40801E-07 -2.37208E-07 2.26294E-08 -4.24221E-05 
2.26294E-08 -1.89171E-07 5.65166E-05 1.31498E-05 2.30024E-03 2.30188E-03 3.58245E-04 1.86510E-07 -1.89171E-07 2.26294E-08 -4.74072E-05 
2.26294E-08 -1.09088E-07 4.98349E-05 1.22504E-05 2.15202E-03 2.15323E-03 3.09894E-04 1.78874E-07 -1.09088E-07 2.26294E-08 -5.15373E-05 
2.26294E-08 -7.58234E-10 4.38546E-05 1.13171E-05 1.99569E-03 1.99652E-03 2.67223E-04 2.12736E-07 -7.58234E-10 2.26294E-08 -5.47322E-05 
2.26294E-08 1.30187E-07 3.85245E-05 1.03642E-05 1.83327E-03 1.83381E-03 2.29709E-04 2.81146E-07 1.30187E-07 2.26294E-08 -5.70164E-05 
1.25075E-07 3.19976E-07 3.38877E-05 9.45879E-06 1.66846E-03 1.66876E-03 1.97249E-04 4.19526E-07 3.19976E-07 1.25075E-07 -5.86432E-05 
2.69664E-07 5.05032E-07 2.97529E-05 8.54013E-06 1.50098E-03 1.50109E-03 1.68745E-04 5.62247E-07 5.05032E-07 2.69664E-07 -5.96665E-05 
4.01424E-07 6.68374E-07 2.60565E-05 7.60601E-06 1.33239E-03 1.33236E-03 1.43740E-04 6.91257E-07 6.68374E-07 4.01424E-07 -6.01659E-05 
5.14362E-07 8.04625E-07 2.27607E-05 6.66794E-06 1.16465E-03 1.16454E-03 1.21902E-04 8.00270E-07 8.04625E-07 5.14362E-07 -6.02534E-05 
6.03372E-07 9.09473E-07 1.98281E-05 5.73723E-06 9.99690E-04 9.99533E-04 1.02913E-04 8.84085E-07 9.09473E-07 6.03372E-07 -6.00200E-05 
6.64706E-07 9.80127E-07 1.72228E-05 4.82505E-06 8.39319E-04 8.39152E-04 8.64711E-05 9.39053E-07 9.80127E-07 6.64706E-07 -5.95092E-05 
6.96423E-07 1.01574E-06 1.49115E-05 3.94263E-06 6.85217E-04 6.85074E-04 7.22941E-05 9.63510E-07 1.01574E-06 6.96423E-07 -5.86958E-05 
6.98759E-07 1.01775E-06 1.28639E-05 3.10128E-06 5.38894E-04 5.38804E-04 6.01219E-05 9.58125E-07 1.01775E-06 6.98759E-07 -5.74726E-05 
6.74386E-07 9.90102E-07 1.10539E-05 2.31253E-06 4.01666E-04 4.01653E-04 4.97171E-05 9.26132E-07 9.90102E-07 6.74386E-07 -5.56477E-05 
6.28519E-07 9.39323E-07 9.45945E-06 1.58814E-06 2.74636E-04 2.74720E-04 4.08654E-05 8.73406E-07 9.39323E-07 6.28519E-07 -5.29518E-05 
5.68862E-07 8.74427E-07 8.06290E-06 9.40008E-07 1.58679E-04 1.58875E-04 3.33757E-05 8.08377E-07 8.74427E-07 5.68862E-07 -4.90569E-05 
5.05367E-07 8.06637E-07 6.85072E-06 3.80012E-07 5.44384E-05 5.47545E-05 2.70785E-05 7.41751E-07 8.06637E-07 5.05367E-07 -4.36052E-05 
4.49813E-07 7.48923E-07 5.81322E-06 -8.03065E-08 -3.76788E-05 -3.72372E-05 2.18251E-05 6.86052E-07 7.48923E-07 4.49813E-07 -3.62454E-05 
2.67407E-08 -1.95265E-07 7.09374E-05 2.29130E-05 3.63923E-03 3.64013E-03 2.60862E-04 2.89863E-07 -1.95265E-07 2.67407E-08 -1.09822E-05 
2.67407E-08 -1.95265E-07 6.33509E-05 2.25780E-05 3.56504E-03 3.56568E-03 2.31534E-04 1.13644E-07 -1.95265E-07 2.67407E-08 -1.56713E-05 
2.67407E-08 -4.22867E-08 5.64952E-05 2.20731E-05 3.47341E-03 3.47380E-03 2.05345E-04 -3.73578E-08 -4.22867E-08 2.67407E-08 -2.13893E-05 
2.67407E-08 -1.25322E-07 5.03134E-05 2.14240E-05 3.36592E-03 3.36608E-03 1.81956E-04 -1.56932E-07 -1.25322E-07 2.67407E-08 -2.75273E-05 
2.67407E-08 -1.83564E-07 4.46734E-05 2.06408E-05 3.24292E-03 3.24287E-03 1.60788E-04 -2.47464E-07 -1.83564E-07 2.67407E-08 -3.43096E-05 
2.67407E-08 -2.13217E-07 3.95565E-05 1.97422E-05 3.10571E-03 3.10548E-03 1.41695E-04 -3.05242E-07 -2.13217E-07 2.67407E-08 -4.12003E-05 
2.67407E-08 -2.11829E-07 3.49397E-05 1.87472E-05 2.95577E-03 2.95536E-03 1.24528E-04 -3.27929E-07 -2.11829E-07 2.67407E-08 -4.77433E-05 
2.67407E-08 -1.88804E-07 3.16945E-05 1.79230E-05 2.83201E-03 2.83149E-03 1.12473E-04 -3.20838E-07 -1.88804E-07 2.67407E-08 -5.23356E-05 
2.67407E-08 -1.78466E-07 3.07975E-05 1.76745E-05 2.79468E-03 2.79412E-03 1.09140E-04 -3.14728E-07 -1.78466E-07 2.67407E-08 -5.35792E-05 
2.67407E-08 -1.07496E-07 2.68299E-05 1.64520E-05 2.61047E-03 2.60978E-03 9.43751E-05 -2.61301E-07 -1.07496E-07 2.67407E-08 -5.87920E-05 
2.67407E-08 -3.18030E-09 2.33424E-05 1.51823E-05 2.41755E-03 2.41674E-03 8.13365E-05 -1.70405E-07 -3.18030E-09 2.67407E-08 -6.27171E-05 
2.67407E-08 1.29378E-07 2.02940E-05 1.38851E-05 2.21823E-03 2.21734E-03 6.98563E-05 -4.74100E-08 1.29378E-07 2.67407E-08 -6.53201E-05 
2.67407E-08 2.83233E-07 1.76428E-05 1.25782E-05 2.01486E-03 2.01391E-03 5.97762E-05 1.00443E-07 2.83233E-07 2.67407E-08 -6.66862E-05 
1.47165E-07 4.92962E-07 1.54159E-05 1.13353E-05 1.81181E-03 1.81083E-03 5.10883E-05 3.07327E-07 4.92962E-07 1.47165E-07 -6.71805E-05 
3.15302E-07 6.93390E-07 1.34729E-05 1.00924E-05 1.60842E-03 1.60745E-03 4.34456E-05 5.07749E-07 6.93390E-07 3.15302E-07 -6.69086E-05 
4.66417E-07 8.66817E-07 1.17647E-05 8.84921E-06 1.40641E-03 1.40546E-03 3.67125E-05 6.83726E-07 8.66817E-07 4.66417E-07 -6.60081E-05 
5.93848E-07 1.00737E-06 1.02619E-05 7.62006E-06 1.20795E-03 1.20705E-03 3.07984E-05 8.29068E-07 1.00737E-06 5.93848E-07 -6.46546E-05 
6.92053E-07 1.11050E-06 8.93703E-06 6.41858E-06 1.01512E-03 1.01430E-03 2.56193E-05 9.38885E-07 1.11050E-06 6.92053E-07 -6.29976E-05 
7.57117E-07 1.17345E-06 7.76505E-06 5.25795E-06 8.29864E-04 8.29139E-04 2.10979E-05 1.01007E-06 1.17345E-06 7.57117E-07 -6.11303E-05 
7.87204E-07 1.19569E-06 6.72441E-06 4.15094E-06 6.53923E-04 6.53316E-04 1.71647E-05 1.04175E-06 1.19569E-06 7.87204E-07 -5.90663E-05 
7.82917E-07 1.17925E-06 5.79731E-06 3.11004E-06 4.88828E-04 4.88357E-04 1.37576E-05 1.03557E-06 1.17925E-06 7.82917E-07 -5.67255E-05 
7.47524E-07 1.12888E-06 4.97013E-06 2.14750E-06 3.35866E-04 3.35545E-04 1.08226E-05 9.95955E-07 1.12888E-06 7.47524E-07 -5.39310E-05 
6.87025E-07 1.05210E-06 4.23351E-06 1.27536E-06 1.96066E-04 1.95906E-04 8.31288E-06 9.30094E-07 1.05210E-06 6.87025E-07 -5.04187E-05 
6.10040E-07 9.59027E-07 3.58226E-06 5.05368E-07 7.01907E-05 7.01992E-05 6.18866E-06 8.47811E-07 9.59027E-07 6.10040E-07 -4.58575E-05 
5.27503E-07 8.62041E-07 3.01494E-06 -1.51173E-07 -4.12696E-05 -4.10902E-05 4.41647E-06 7.61220E-07 8.62041E-07 5.27503E-07 -3.98802E-05 
4.52170E-07 7.75246E-07 2.53334E-06 -6.83716E-07 -1.38088E-04 -1.37739E-04 2.96825E-06 6.84200E-07 7.75246E-07 4.52170E-07 -3.21235E-05 
3.12364E-08 -1.75553E-07 2.40395E-05 3.02248E-05 4.36247E-03 4.36259E-03 5.31097E-05 8.50908E-08 -1.75553E-07 3.12364E-08 -1.01460E-05 
3.12364E-08 -1.75553E-07 2.08970E-05 2.95021E-05 4.23418E-03 4.23412E-03 4.92996E-05 -7.55601E-08 -1.75553E-07 3.12364E-08 -1.76833E-05 
3.12364E-08 -4.17466E-08 1.81306E-05 2.85897E-05 4.08875E-03 4.08851E-03 4.56979E-05 -2.07482E-07 -4.17466E-08 3.12364E-08 -2.59560E-05 
3.12364E-08 -1.19684E-07 1.57082E-05 2.75188E-05 3.92803E-03 3.92763E-03 4.22853E-05 -3.04461E-07 -1.19684E-07 3.12364E-08 -3.43064E-05 
3.12364E-08 -1.67712E-07 1.35658E-05 2.62984E-05 3.75196E-03 3.75141E-03 3.90002E-05 -3.69162E-07 -1.67712E-07 3.12364E-08 -4.29553E-05 
3.12364E-08 -1.82543E-07 1.16891E-05 2.49521E-05 3.56222E-03 3.56152E-03 3.58415E-05 -3.98182E-07 -1.82543E-07 3.12364E-08 -5.13075E-05 
3.12364E-08 -1.62442E-07 1.00617E-05 2.35035E-05 3.36060E-03 3.35978E-03 3.28088E-05 -3.89705E-07 -1.62442E-07 3.12364E-08 -5.88700E-05 
3.12364E-08 -1.22825E-07 8.96221E-06 2.23274E-05 3.19768E-03 3.19677E-03 3.05489E-05 -3.57297E-07 -1.22825E-07 3.12364E-08 -6.39378E-05 
3.12364E-08 -1.07363E-07 8.66564E-06 2.19762E-05 3.14906E-03 3.14811E-03 2.99025E-05 -3.43647E-07 -1.07363E-07 3.12364E-08 -6.52690E-05 
3.12364E-08 -1.08018E-08 7.39734E-06 2.02673E-05 2.91218E-03 2.91113E-03 2.69116E-05 -2.53889E-07 -1.08018E-08 3.12364E-08 -7.05873E-05 
3.12364E-08 1.19986E-07 6.34972E-06 1.85201E-05 2.66875E-03 2.66762E-03 2.40700E-05 -1.26921E-07 1.19986E-07 3.12364E-08 -7.41330E-05 
3.12364E-08 2.78432E-07 5.49578E-06 1.67589E-05 2.42143E-03 2.42024E-03 2.13787E-05 3.05888E-08 2.78432E-07 3.12364E-08 -7.59306E-05 
3.12364E-08 4.56146E-07 4.80797E-06 1.50059E-05 2.17287E-03 2.17164E-03 1.88381E-05 2.10101E-07 4.56146E-07 3.12364E-08 -7.61416E-05 
1.71163E-07 6.85896E-07 4.30924E-06 1.33424E-05 1.92813E-03 1.92690E-03 1.65166E-05 4.44019E-07 6.85896E-07 1.71163E-07 -7.52738E-05 
3.64377E-07 9.00909E-07 3.90343E-06 1.17002E-05 1.68610E-03 1.68489E-03 1.43176E-05 6.65472E-07 9.00909E-07 3.64377E-07 -7.34839E-05 
5.35514E-07 1.08278E-06 3.55755E-06 1.00812E-05 1.44859E-03 1.44743E-03 1.22281E-05 8.55862E-07 1.08278E-06 5.35514E-07 -7.09761E-05 
6.77256E-07 1.22518E-06 3.25386E-06 8.50252E-06 1.21798E-03 1.21690E-03 1.02536E-05 1.00860E-06 1.22518E-06 6.77256E-07 -6.79999E-05 
7.83682E-07 1.32341E-06 2.97706E-06 6.98039E-06 9.96483E-04 9.95492E-04 8.39965E-06 1.11867E-06 1.32341E-06 7.83682E-07 -6.47709E-05 
8.50801E-07 1.37486E-06 2.71482E-06 5.52988E-06 7.86096E-04 7.85224E-04 6.67170E-06 1.18315E-06 1.37486E-06 8.50801E-07 -6.14367E-05 
8.77000E-07 1.37947E-06 2.45829E-06 4.16516E-06 5.88589E-04 5.87859E-04 5.07555E-06 1.20163E-06 1.37947E-06 8.77000E-07 -5.80521E-05 
8.63388E-07 1.34000E-06 2.20238E-06 2.89955E-06 4.05458E-04 4.04886E-04 3.61715E-06 1.17654E-06 1.34000E-06 8.63388E-07 -5.45633E-05 
8.13986E-07 1.26219E-06 1.94590E-06 1.74558E-06 2.37905E-04 2.37506E-04 2.30270E-06 1.11327E-06 1.26219E-06 8.13986E-07 -5.08063E-05 
7.35739E-07 1.15471E-06 1.69144E-06 7.15032E-07 8.68251E-05 8.66103E-05 1.13858E-06 1.02018E-06 1.15471E-06 7.35739E-07 -4.65173E-05 
6.38335E-07 1.02898E-06 1.44518E-06 -1.81105E-07 -4.71932E-05 -4.72174E-05 1.31249E-07 9.08366E-07 1.02898E-06 6.38335E-07 -4.13563E-05 
5.33832E-07 8.98662E-07 1.21630E-06 -9.32809E-07 -1.63870E-04 -1.63701E-04 -7.13018E-07 7.91244E-07 8.98662E-07 5.33832E-07 -3.49411E-05 
4.36093E-07 7.79135E-07 1.01635E-06 -1.53126E-06 -2.63217E-04 -2.62858E-04 -1.38844E-06 6.83958E-07 7.79135E-07 4.36093E-07 -2.68899E-05 
3.60985E-08 -1.50099E-07 -2.09904E-06 3.92281E-05 5.13119E-03 5.13134E-03 4.61888E-05 7.11980E-08 -1.50099E-07 3.60985E-08 -9.19721E-06 
3.60985E-08 -1.50099E-07 -2.13143E-06 3.79565E-05 4.93764E-03 4.93759E-03 4.39922E-05 -9.89940E-08 -1.50099E-07 3.60985E-08 -1.99854E-05 
3.60985E-08 -4.05792E-08 -2.10997E-06 3.64791E-05 4.72808E-03 4.72784E-03 4.16825E-05 -2.32944E-07 -4.05792E-08 3.60985E-08 -3.11369E-05 
3.60985E-08 -1.11494E-07 -2.03633E-06 3.48331E-05 4.50464E-03 4.50421E-03 3.92918E-05 -3.25014E-07 -1.11494E-07 3.60985E-08 -4.19432E-05 
3.60985E-08 -1.46887E-07 -1.91778E-06 3.30253E-05 4.26670E-03 4.26610E-03 3.68126E-05 -3.78901E-07 -1.46887E-07 3.60985E-08 -5.26082E-05 
3.60985E-08 -1.44181E-07 -1.75661E-06 3.10853E-05 4.01634E-03 4.01557E-03 3.42729E-05 -3.91873E-07 -1.44181E-07 3.60985E-08 -6.24774E-05 
3.60985E-08 -1.02556E-07 -1.55617E-06 2.90426E-05 3.75572E-03 3.75481E-03 3.16995E-05 -3.62998E-07 -1.02556E-07 3.60985E-08 -7.10257E-05 
3.60985E-08 -4.42315E-08 -1.37695E-06 2.74102E-05 3.54850E-03 3.54748E-03 2.97015E-05 -3.12488E-07 -4.42315E-08 3.60985E-08 -7.64877E-05 
3.60985E-08 -2.30500E-08 -1.32097E-06 2.69265E-05 3.48716E-03 3.48612E-03 2.91180E-05 -2.93251E-07 -2.30500E-08 3.60985E-08 -7.78744E-05 
3.60985E-08 1.01715E-07 -1.03504E-06 2.45945E-05 3.19141E-03 3.19024E-03 2.63528E-05 -1.75639E-07 1.01715E-07 3.60985E-08 -8.31008E-05 
3.60985E-08 2.61071E-07 -7.24084E-07 2.22424E-05 2.89216E-03 2.89090E-03 2.36328E-05 -1.99863E-08 2.61071E-07 3.60985E-08 -8.60104E-05 
3.60985E-08 4.46826E-07 -3.98194E-07 1.99000E-05 2.59241E-03 2.59108E-03 2.09817E-05 1.65405E-07 4.46826E-07 3.60985E-08 -8.67071E-05 
3.60985E-08 6.49027E-07 -6.85475E-08 1.75939E-05 2.29509E-03 2.29372E-03 1.84196E-05 3.70409E-07 6.49027E-07 3.60985E-08 -8.54491E-05 
1.96942E-07 8.98491E-07 2.93655E-07 1.54151E-05 2.00594E-03 2.00457E-03 1.60322E-05 6.25431E-07 8.98491E-07 1.96942E-07 -8.29250E-05 
4.16524E-07 1.12685E-06 6.21991E-07 1.32893E-05 1.72332E-03 1.72196E-03 1.37362E-05 8.61975E-07 1.12685E-06 4.16524E-07 -7.93405E-05 
6.08038E-07 1.31501E-06 8.97739E-07 1.12207E-05 1.44909E-03 1.44778E-03 1.15302E-05 1.06073E-06 1.31501E-06 6.08038E-07 -7.49753E-05 
7.63544E-07 1.45628E-06 1.11449E-06 9.22961E-06 1.18577E-03 1.18455E-03 9.42965E-06 1.21467E-06 1.45628E-06 7.63544E-07 -7.01636E-05 
8.76825E-07 1.54589E-06 1.26804E-06 7.33454E-06 9.35660E-04 9.34541E-04 7.44856E-06 1.31866E-06 1.54589E-06 8.76825E-07 -6.51945E-05 
9.43921E-07 1.58152E-06 1.35688E-06 5.55229E-06 7.00776E-04 6.99790E-04 5.59943E-06 1.37003E-06 1.58152E-06 9.43921E-07 -6.02744E-05 
9.63584E-07 1.56374E-06 1.38249E-06 3.89803E-06 4.82846E-04 4.82016E-04 3.89361E-06 1.36891E-06 1.56374E-06 9.63584E-07 -5.54996E-05 
9.37591E-07 1.49622E-06 1.34956E-06 2.38535E-06 2.83264E-04 2.82609E-04 2.34134E-06 1.31859E-06 1.49622E-06 9.37591E-07 -5.08408E-05 
8.70883E-07 1.38589E-06 1.26607E-06 1.02640E-06 1.03078E-04 1.02615E-04 9.51957E-07 1.22558E-06 1.38589E-06 8.70883E-07 -4.61420E-05 
7.71523E-07 1.24277E-06 1.14309E-06 -1.68078E-07 -5.70171E-05 -5.72760E-05 -2.66136E-07 1.09953E-06 1.24277E-06 7.71523E-07 -4.11337E-05 
6.50435E-07 1.07970E-06 9.94494E-07 -1.18871E-06 -1.96674E-04 -1.96721E-04 -1.30541E-06 9.52935E-07 1.07970E-06 6.50435E-07 -3.54600E-05 
5.20947E-07 9.11842E-07 8.36394E-07 -2.02768E-06 -3.15888E-04 -3.15722E-04 -2.15940E-06 8.00627E-07 9.11842E-07 5.20947E-07 -2.87157E-05 
3.98156E-07 7.55947E-07 6.86445E-07 -2.67883E-06 -4.14974E-04 -4.14597E-04 -2.82291E-06 6.59112E-07 7.55947E-07 3.98156E-07 -2.04934E-05 
---
