PdfType: replica
Format: lhagrid1
---
1.00000E-06 1.28121E-06 1.64152E-06 2.10317E-06 2.69463E-06 3.45242E-06 4.42329E-06 5.66715E-06 7.26076E-06 9.30241E-06 1.19180E-05 1.52689E-05 1.95617E-05 2.50609E-05 3.21053E-05 4.11287E-05 5.26863E-05 6.74889E-05 8.64459E-05 1.10720E-04 1.41800E-04 1.81585E-04 2.32503E-04 2.97652E-04 3.80981E-04 4.87518E-04 6.26039E-04 8.00452E-04 1.02297E-03 1.30657E-03 1.66759E-03 2.12729E-03 2.71054E-03 3.44865E-03 4.37927E-03 5.54908E-03 7.01192E-03 8.83064E-03 1.10763E-02 1.38266E-02 1.71641E-02 2.11717E-02 2.59364E-02 3.15062E-02 3.79623E-02 4.53425E-02 5.36750E-02 6.29705E-02 7.32221E-02 8.44039E-02 9.64793E-02 1.09332E-01 1.23067E-01 1.37507E-01 1.52639E-01 1.68416E-01 1.84794E-01 2.01731E-01 2.19016E-01 2.36948E-01 2.55242E-01 2.73927E-01 2.92954E-01 3.12340E-01 3.32036E-01 3.52019E-01 3.72282E-01 3.92772E-01 4.13533E-01 4.34326E-01 4.55495E-01 4.76836E-01 4.98342E-01 5.20006E-01 5.41818E-01 5.63773E-01 5.85861E-01 6.08077E-01 6.30459E-01 6.52800E-01 6.75387E-01 6.98063E-01 7.20830E-01 7.43683E-01 7.66623E-01 7.89636E-01 8.12791E-01 8.35940E-01 8.59175E-01 8.82485E-01 9.05866E-01 9.29311E-01 9.52817E-01 9.76387E-01 1.00000E+00 
1.14018E+00 1.22539E+00 1.32482E+00 1.44156E+00 1.57954E+00 1.74381E+00 1.94091E+00 2.12132E+00 2.17945E+00 2.49622E+00 2.89383E+00 3.39925E+00 4.05063E+00 4.90286E+00 6.03623E+00 7.57063E+00 9.68869E+00 1.26749E+01 1.69835E+01 2.33578E+01 3.30501E+01 4.82334E+01 7.28041E+01 1.13998E+02 1.85779E+02 3.16228E+02 
-5 -4 -3 -2 -1 1 2 3 4 5 21 
5.41757E-02 1.56282E-01 -2.12519E-02 1.20518E+00 1.20532E+00 1.20529E+00 1.20643E+00 -2.12520E-02 1.56282E-01 5.41757E-02 -1.07330E+00 
5.41757E-02 1.56282E-01 1.60486E-03 1.22079E+00 1.22094E+00 1.22091E+00 1.22209E+00 1.60477E-03 1.56282E-01 5.41757E-02 -3.91879E-01 
5.41757E-02 1.65655E-02 3.67124E-02 1.24866E+00 1.24882E+00 1.24881E+00 1.25002E+00 3.67123E-02 1.65655E-02 5.41757E-02 4.90576E-01 
5.41757E-02 6.59488E-02 8.61291E-02 1.29084E+00 1.29101E+00 1.29100E+00 1.29225E+00 8.61291E-02 6.59488E-02 5.41757E-02 1.60701E+00 
5.41757E-02 1.33022E-01 1.53236E-01 1.35063E+00 1.35080E+00 1.35081E+00 1.35209E+00 1.53236E-01 1.33022E-01 5.41757E-02 3.06602E+00 
5.41757E-02 2.20992E-01 2.41242E-01 1.43123E+00 1.43142E+00 1.43143E+00 1.43275E+00 2.41242E-01 2.20992E-01 5.41757E-02 4.96277E+00 
5.41757E-02 3.33505E-01 3.53791E-01 1.53631E+00 1.53650E+00 1.53653E+00 1.53789E+00 3.53791E-01 3.33505E-01 5.41757E-02 7.41330E+00 
5.41757E-02 4.40005E-01 4.60320E-01 1.63701E+00 1.63721E+00 1.63725E+00 1.63864E+00 4.60320E-01 4.40005E-01 5.41757E-02 9.77711E+00 
5.41757E-02 4.74690E-01 4.95013E-01 1.66999E+00 1.67019E+00 1.67023E+00 1.67163E+00 4.95013E-01 4.74690E-01 5.41757E-02 1.05573E+01 
5.41757E-02 6.64447E-01 6.84811E-01 1.85159E+00 1.85180E+00 1.85186E+00 1.85330E+00 6.84811E-01 6.64447E-01 5.41757E-02 1.49160E+01 
5.41757E-02 8.99688E-01 9.20094E-01 2.07861E+00 2.07884E+00 2.07891E+00 2.08040E+00 9.20094E-01 8.99688E-01 5.41757E-02 2.05219E+01 
5.41757E-02 1.18809E+00 1.20854E+00 2.35873E+00 2.35897E+00 2.35906E+00 2.36060E+00 1.20854E+00 1.18809E+00 5.41757E-02 2.76669E+01 
5.41757E-02 1.53842E+00 1.55891E+00 2.70074E+00 2.70099E+00 2.70110E+00 2.70269E+00 1.55891E+00 1.53842E+00 5.41757E-02 3.66911E+01 
3.23825E-01 1.91789E+00 1.93843E+00 3.07192E+00 3.07219E+00 3.07231E+00 3.07395E+00 1.93843E+00 1.91789E+00 3.23825E-01 4.79113E+01 
7.93144E-01 2.37378E+00 2.39436E+00 3.51944E+00 3.51972E+00 3.51986E+00 3.52155E+00 2.39436E+00 2.37378E+00 7.93144E-01 6.17310E+01 
1.36232E+00 2.92939E+00 2.95002E+00 4.06659E+00 4.06688E+00 4.06705E+00 4.06879E+00 2.95002E+00 2.92939E+00 1.36232E+00 7.86612E+01 
2.04772E+00 3.60110E+00 3.62178E+00 4.72976E+00 4.73007E+00 4.73026E+00 4.73206E+00 3.62178E+00 3.60110E+00 2.04772E+00 9.92756E+01 
2.86793E+00 4.40751E+00 4.42824E+00 5.52756E+00 5.52789E+00 5.52810E+00 5.52996E+00 4.42824E+00 4.40751E+00 2.86793E+00 1.24221E+02 
3.84399E+00 5.36969E+00 5.39047E+00 6.48106E+00 6.48141E+00 6.48165E+00 6.48356E+00 5.39047E+00 5.36969E+00 3.84399E+00 1.54221E+02 
4.99961E+00 6.51134E+00 6.53217E+00 7.61398E+00 7.61434E+00 7.61461E+00 7.61658E+00 6.53217E+00 6.51134E+00 4.99961E+00 1.90072E+02 
6.36139E+00 7.85908E+00 7.87997E+00 8.95295E+00 8.95333E+00 8.95362E+00 8.95566E+00 7.87997E+00 7.85908E+00 6.36139E+00 2.32652E+02 
7.95906E+00 9.44267E+00 9.46360E+00 1.05277E+01 1.05281E+01 1.05284E+01 1.05305E+01 9.46360E+00 9.44267E+00 7.95906E+00 2.82911E+02 
9.82568E+00 1.12952E+01 1.13161E+01 1.23714E+01 1.23718E+01 1.23721E+01 1.23743E+01 1.13162E+01 1.12952E+01 9.82568E+00 3.41872E+02 
1.19978E+01 1.34531E+01 1.34741E+01 1.45204E+01 1.45208E+01 1.45212E+01 1.45235E+01 1.34741E+01 1.34531E+01 1.19978E+01 4.10626E+02 
1.45155E+01 1.59567E+01 1.59778E+01 1.70151E+01 1.70155E+01 1.70160E+01 1.70183E+01 1.59778E+01 1.59567E+01 1.45155E+01 4.90326E+02 
1.74229E+01 1.88498E+01 1.88710E+01 1.98993E+01 1.98998E+01 1.99003E+01 1.99027E+01 1.88710E+01 1.88498E+01 1.74229E+01 5.82177E+02 
5.12131E-02 1.51181E-01 -2.03095E-02 1.15244E+00 1.15261E+00 1.15260E+00 1.15391E+00 -2.03093E-02 1.51181E-01 5.12131E-02 -1.04291E+00 
5.12131E-02 1.51181E-01 2.23851E-03 1.16804E+00 1.16821E+00 1.16822E+00 1.16956E+00 2.23877E-03 1.51181E-01 5.12131E-02 -3.80189E-01 
5.12131E-02 1.61490E-02 3.65326E-02 1.19539E+00 1.19558E+00 1.19560E+00 1.19697E+00 3.65329E-02 1.61490E-02 5.12131E-02 4.77100E-01 
5.12131E-02 6.40634E-02 8.44816E-02 1.23640E+00 1.23659E+00 1.23663E+00 1.23804E+00 8.44819E-02 6.40634E-02 5.12131E-02 1.56002E+00 
5.12131E-02 1.28797E-01 1.49250E-01 1.29414E+00 1.29435E+00 1.29439E+00 1.29585E+00 1.49251E-01 1.28797E-01 5.12131E-02 2.97267E+00 
5.12131E-02 2.13320E-01 2.33810E-01 1.37160E+00 1.37182E+00 1.37187E+00 1.37337E+00 2.33811E-01 2.13320E-01 5.12131E-02 4.80501E+00 
5.12131E-02 3.21001E-01 3.41529E-01 1.47215E+00 1.47238E+00 1.47245E+00 1.47399E+00 3.41529E-01 3.21001E-01 5.12131E-02 7.16619E+00 
5.12131E-02 4.22609E-01 4.43166E-01 1.56819E+00 1.56843E+00 1.56851E+00 1.57008E+00 4.43167E-01 4.22609E-01 5.12131E-02 9.43808E+00 
5.12131E-02 4.55646E-01 4.76212E-01 1.59960E+00 1.59984E+00 1.59992E+00 1.60150E+00 4.76212E-01 4.55646E-01 5.12131E-02 1.01868E+01 
5.12131E-02 6.35999E-01 6.56608E-01 1.77212E+00 1.77238E+00 1.77248E+00 1.77411E+00 6.56608E-01 6.35999E-01 5.12131E-02 1.43610E+01 
5.12131E-02 8.58855E-01 8.79507E-01 1.98710E+00 1.98736E+00 1.98748E+00 1.98917E+00 8.79507E-01 8.58855E-01 5.12131E-02 1.97109E+01 
5.12131E-02 1.13123E+00 1.15193E+00 2.25154E+00 2.25182E+00 2.25196E+00 2.25369E+00 1.15193E+00 1.13123E+00 5.12131E-02 2.65049E+01 
5.12131E-02 1.46114E+00 1.48188E+00 2.57346E+00 2.57375E+00 2.57391E+00 2.57570E+00 1.48188E+00 1.46114E+00 5.12131E-02 3.50542E+01 
3.05719E-01 1.81901E+00 1.83980E+00 2.92338E+00 2.92369E+00 2.92387E+00 2.92571E+00 1.83980E+00 1.81901E+00 3.05719E-01 4.56198E+01 
7.47343E-01 2.24782E+00 2.26865E+00 3.34416E+00 3.34448E+00 3.34469E+00 3.34659E+00 2.26865E+00 2.24782E+00 7.47343E-01 5.85827E+01 
1.28111E+00 2.76864E+00 2.78952E+00 3.85686E+00 3.85721E+00 3.85743E+00 3.85939E+00 2.78952E+00 2.76864E+00 1.28111E+00 7.44082E+01 
1.92178E+00 3.39624E+00 3.41717E+00 4.47627E+00 4.47663E+00 4.47688E+00 4.47891E+00 3.41717E+00 3.39624E+00 1.92178E+00 9.36107E+01 
2.68604E+00 4.14734E+00 4.16832E+00 5.21911E+00 5.21949E+00 5.21977E+00 5.22186E+00 4.16832E+00 4.14734E+00 2.68604E+00 1.16767E+02 
3.59275E+00 5.04079E+00 5.06183E+00 6.10424E+00 6.10464E+00 6.10495E+00 6.10710E+00 5.06183E+00 5.04079E+00 3.59275E+00 1.44517E+02 
4.66304E+00 6.09776E+00 6.11885E+00 7.15283E+00 7.15325E+00 7.15359E+00 7.15581E+00 6.11885E+00 6.09776E+00 4.66304E+00 1.77565E+02 
5.92058E+00 7.34190E+00 7.36305E+00 8.38856E+00 8.38900E+00 8.38937E+00 8.39166E+00 7.36305E+00 7.34190E+00 5.92058E+00 2.16679E+02 
7.39169E+00 8.79957E+00 8.82077E+00 9.83776E+00 9.83822E+00 9.83863E+00 9.84099E+00 8.82077E+00 8.79957E+00 7.39169E+00 2.62687E+02 
9.10554E+00 1.04999E+01 1.05212E+01 1.15296E+01 1.15301E+01 1.15306E+01 1.15330E+01 1.05212E+01 1.04999E+01 9.10554E+00 3.16474E+02 
1.10942E+01 1.24751E+01 1.24964E+01 1.34963E+01 1.34968E+01 1.34973E+01 1.34998E+01 1.24964E+01 1.24751E+01 1.10942E+01 3.78980E+02 
1.33929E+01 1.47602E+01 1.47816E+01 1.57728E+01 1.57734E+01 1.57739E+01 1.57765E+01 1.47816E+01 1.47602E+01 1.33929E+01 4.51189E+02 
1.60398E+01 1.73936E+01 1.74150E+01 1.83976E+01 1.83982E+01 1.83988E+01 1.84014E+01 1.74150E+01 1.73936E+01 1.60398E+01 5.34125E+02 
4.83848E-02 1.46253E-01 -1.93929E-02 1.10188E+00 1.10207E+00 1.10211E+00 1.10359E+00 -1.93925E-02 1.46253E-01 4.83848E-02 -1.01383E+00 
4.83848E-02 1.46253E-01 2.86571E-03 1.11747E+00 1.11767E+00 1.11772E+00 1.11924E+00 2.86618E-03 1.46253E-01 4.83848E-02 -3.68905E-01 
4.83848E-02 1.57472E-02 3.63766E-02 1.14432E+00 1.14454E+00 1.14459E+00 1.14616E+00 3.63771E-02 1.57472E-02 4.83848E-02 4.64325E-01 
4.83848E-02 6.22416E-02 8.29069E-02 1.18419E+00 1.18442E+00 1.18449E+00 1.18610E+00 8.29074E-02 6.22416E-02 4.83848E-02 1.51506E+00 
4.83848E-02 1.24714E-01 1.45416E-01 1.23995E+00 1.24020E+00 1.24028E+00 1.24194E+00 1.45417E-01 1.24714E-01 4.83848E-02 2.88303E+00 
4.83848E-02 2.05912E-01 2.26652E-01 1.31437E+00 1.31463E+00 1.31473E+00 1.31643E+00 2.26653E-01 2.05912E-01 4.83848E-02 4.65318E+00 
4.83848E-02 3.08944E-01 3.29722E-01 1.41056E+00 1.41083E+00 1.41095E+00 1.41269E+00 3.29723E-01 3.08944E-01 4.83848E-02 6.92797E+00 
4.83848E-02 4.05853E-01 4.26662E-01 1.50214E+00 1.50241E+00 1.50254E+00 1.50433E+00 4.26663E-01 4.05853E-01 4.83848E-02 9.11100E+00 
4.83848E-02 4.37310E-01 4.58128E-01 1.53203E+00 1.53231E+00 1.53244E+00 1.53423E+00 4.58128E-01 4.37310E-01 4.83848E-02 9.82933E+00 
4.83848E-02 6.08660E-01 6.29522E-01 1.69587E+00 1.69617E+00 1.69632E+00 1.69817E+00 6.29523E-01 6.08660E-01 4.83848E-02 1.38254E+01 
4.83848E-02 8.19691E-01 8.40597E-01 1.89934E+00 1.89965E+00 1.89982E+00 1.90173E+00 8.40598E-01 8.19691E-01 4.83848E-02 1.89285E+01 
4.83848E-02 1.07681E+00 1.09777E+00 2.14885E+00 2.14917E+00 2.14937E+00 2.15133E+00 1.09777E+00 1.07681E+00 4.83848E-02 2.53850E+01 
4.83848E-02 1.38732E+00 1.40832E+00 2.45169E+00 2.45203E+00 2.45225E+00 2.45427E+00 1.40832E+00 1.38732E+00 4.83848E-02 3.34791E+01 
2.88457E-01 1.72463E+00 1.74568E+00 2.78137E+00 2.78173E+00 2.78198E+00 2.78405E+00 1.74568E+00 1.72463E+00 2.88457E-01 4.34214E+01 
7.03761E-01 2.12770E+00 2.14879E+00 3.17674E+00 3.17712E+00 3.17739E+00 3.17953E+00 2.14880E+00 2.12770E+00 7.03761E-01 5.55712E+01 
1.20399E+00 2.61557E+00 2.63672E+00 3.65683E+00 3.65723E+00 3.65752E+00 3.65973E+00 2.63672E+00 2.61557E+00 1.20399E+00 7.03520E+01 
1.80243E+00 3.20154E+00 3.22274E+00 4.23494E+00 4.23536E+00 4.23568E+00 4.23796E+00 3.22274E+00 3.20154E+00 1.80243E+00 8.82233E+01 
2.51404E+00 3.90060E+00 3.92184E+00 4.92607E+00 4.92651E+00 4.92686E+00 4.92920E+00 3.92184E+00 3.90060E+00 2.51404E+00 1.09698E+02 
3.35567E+00 4.72958E+00 4.75088E+00 5.74707E+00 5.74753E+00 5.74792E+00 5.75033E+00 4.75088E+00 4.72958E+00 3.35567E+00 1.35342E+02 
4.34615E+00 5.70733E+00 5.72869E+00 6.71678E+00 6.71727E+00 6.71769E+00 6.72018E+00 5.72869E+00 5.70733E+00 4.34615E+00 1.65773E+02 
5.50644E+00 6.85485E+00 6.87626E+00 7.85622E+00 7.85673E+00 7.85719E+00 7.85975E+00 6.87626E+00 6.85485E+00 5.50644E+00 2.01663E+02 
6.85982E+00 8.19540E+00 8.21687E+00 9.18865E+00 9.18918E+00 9.18968E+00 9.19232E+00 8.21687E+00 8.19540E+00 6.85982E+00 2.43730E+02 
8.43194E+00 9.75465E+00 9.77618E+00 1.07397E+01 1.07403E+01 1.07409E+01 1.07436E+01 9.77618E+00 9.75465E+00 8.43194E+00 2.92737E+02 
1.02509E+01 1.15607E+01 1.15823E+01 1.25377E+01 1.25382E+01 1.25388E+01 1.25416E+01 1.15823E+01 1.15607E+01 1.02509E+01 3.49490E+02 
1.23474E+01 1.36443E+01 1.36660E+01 1.46131E+01 1.46137E+01 1.46143E+01 1.46172E+01 1.36660E+01 1.36443E+01 1.23474E+01 4.14824E+02 
1.47547E+01 1.60387E+01 1.60604E+01 1.69992E+01 1.69998E+01 1.70005E+01 1.70035E+01 1.60604E+01 1.60387E+01 1.47547E+01 4.89605E+02 
4.56857E-02 1.41489E-01 -1.84998E-02 1.05339E+00 1.05362E+00 1.05369E+00 1.05539E+00 -1.84992E-02 1.41489E-01 4.56857E-02 -9.86024E-01 
4.56857E-02 1.41489E-01 3.48732E-03 1.06898E+00 1.06922E+00 1.06931E+00 1.07104E+00 3.48788E-03 1.41489E-01 4.56857E-02 -3.57990E-01 
4.56857E-02 1.53592E-02 3.62435E-02 1.09534E+00 1.09560E+00 1.09570E+00 1.09748E+00 3.62440E-02 1.53592E-02 4.56857E-02 4.52250E-01 
4.56857E-02 6.04803E-02 8.14016E-02 1.13411E+00 1.13438E+00 1.13449E+00 1.13632E+00 8.14021E-02 6.04803E-02 4.56857E-02 1.47208E+00 
4.56857E-02 1.20768E-01 1.41727E-01 1.18796E+00 1.18824E+00 1.18838E+00 1.19025E+00 1.41727E-01 1.20768E-01 4.56857E-02 2.79700E+00 
4.56857E-02 1.98758E-01 2.19757E-01 1.25945E+00 1.25975E+00 1.25990E+00 1.26182E+00 2.19757E-01 1.98758E-01 4.56857E-02 4.50706E+00 
4.56857E-02 2.97315E-01 3.18353E-01 1.35144E+00 1.35175E+00 1.35192E+00 1.35390E+00 3.18354E-01 2.97315E-01 4.56857E-02 6.69832E+00 
4.56857E-02 3.89713E-01 4.10783E-01 1.43872E+00 1.43904E+00 1.43923E+00 1.44124E+00 4.10783E-01 3.89713E-01 4.56857E-02 8.79544E+00 
4.56857E-02 4.19653E-01 4.40733E-01 1.46716E+00 1.46749E+00 1.46767E+00 1.46970E+00 4.40733E-01 4.19653E-01 4.56857E-02 9.48440E+00 
4.56857E-02 5.82387E-01 6.03511E-01 1.62269E+00 1.62303E+00 1.62324E+00 1.62533E+00 6.03511E-01 5.82387E-01 4.56857E-02 1.33084E+01 
4.56857E-02 7.82129E-01 8.03300E-01 1.81518E+00 1.81554E+00 1.81577E+00 1.81792E+00 8.03300E-01 7.82129E-01 4.56857E-02 1.81737E+01 
4.56857E-02 1.02473E+00 1.04595E+00 2.05047E+00 2.05085E+00 2.05111E+00 2.05332E+00 1.04595E+00 1.02473E+00 4.56857E-02 2.43060E+01 
4.56857E-02 1.31681E+00 1.33808E+00 2.33521E+00 2.33561E+00 2.33589E+00 2.33816E+00 1.33808E+00 1.31681E+00 4.56857E-02 3.19638E+01 
2.72004E-01 1.63455E+00 1.65586E+00 2.64562E+00 2.64604E+00 2.64635E+00 2.64869E+00 1.65586E+00 1.63455E+00 2.72004E-01 4.13127E+01 
6.62308E-01 2.01318E+00 2.03455E+00 3.01686E+00 3.01730E+00 3.01764E+00 3.02005E+00 2.03455E+00 2.01318E+00 6.62308E-01 5.26915E+01 
1.13079E+00 2.46987E+00 2.49129E+00 3.46608E+00 3.46655E+00 3.46692E+00 3.46939E+00 2.49129E+00 2.46987E+00 1.13079E+00 6.64845E+01 
1.68938E+00 3.01657E+00 3.03803E+00 4.00523E+00 4.00572E+00 4.00612E+00 4.00867E+00 3.03804E+00 3.01657E+00 1.68938E+00 8.31016E+01 
2.35147E+00 3.66667E+00 3.68819E+00 4.64773E+00 4.64824E+00 4.64868E+00 4.65130E+00 3.68819E+00 3.66667E+00 2.35147E+00 1.02997E+02 
3.13208E+00 4.43521E+00 4.45679E+00 5.40861E+00 5.40914E+00 5.40962E+00 5.41232E+00 4.45679E+00 4.43521E+00 3.13208E+00 1.26670E+02 
4.04792E+00 5.33891E+00 5.36055E+00 6.30460E+00 6.30516E+00 6.30568E+00 6.30846E+00 5.36055E+00 5.33891E+00 4.04792E+00 1.54661E+02 
5.11756E+00 6.39636E+00 6.41805E+00 7.35429E+00 7.35488E+00 7.35544E+00 7.35830E+00 6.41805E+00 6.39636E+00 5.11756E+00 1.87554E+02 
6.36149E+00 7.62805E+00 7.64980E+00 8.57819E+00 8.57880E+00 8.57941E+00 8.58236E+00 7.64980E+00 7.62805E+00 6.36149E+00 2.25970E+02 
7.80223E+00 9.05651E+00 9.07832E+00 9.99883E+00 9.99947E+00 1.00001E+01 1.00032E+01 9.07832E+00 9.05651E+00 7.80223E+00 2.70566E+02 
9.46434E+00 1.07063E+01 1.07282E+01 1.16408E+01 1.16415E+01 1.16422E+01 1.16453E+01 1.07282E+01 1.07063E+01 9.46434E+00 3.22025E+02 
1.13745E+01 1.26042E+01 1.26261E+01 1.35308E+01 1.35315E+01 1.35322E+01 1.35355E+01 1.26261E+01 1.26042E+01 1.13745E+01 3.81057E+02 
1.35615E+01 1.47788E+01 1.48008E+01 1.56976E+01 1.56983E+01 1.56991E+01 1.57024E+01 1.48008E+01 1.47788E+01 1.35615E+01 4.48387E+02 
4.31107E-02 1.36884E-01 -1.76276E-02 1.00689E+00 1.00717E+00 1.00728E+00 1.00920E+00 -1.76270E-02 1.36884E-01 4.31107E-02 -9.59409E-01 
4.31107E-02 1.36884E-01 4.10423E-03 1.02248E+00 1.02277E+00 1.02290E+00 1.02486E+00 4.10478E-03 1.36884E-01 4.31107E-02 -3.47402E-01 
4.31107E-02 1.49843E-02 3.61322E-02 1.04837E+00 1.04868E+00 1.04882E+00 1.05084E+00 3.61327E-02 1.49843E-02 4.31107E-02 4.40883E-01 
4.31107E-02 5.87764E-02 7.99625E-02 1.08607E+00 1.08638E+00 1.08654E+00 1.08861E+00 7.99630E-02 5.87764E-02 4.31107E-02 1.43104E+00 
4.31107E-02 1.16951E-01 1.38176E-01 1.13807E+00 1.13840E+00 1.13858E+00 1.14070E+00 1.38177E-01 1.16951E-01 4.31107E-02 2.71446E+00 
4.31107E-02 1.91847E-01 2.13113E-01 1.20673E+00 1.20708E+00 1.20727E+00 1.20945E+00 2.13113E-01 1.91847E-01 4.31107E-02 4.36648E+00 
4.31107E-02 2.86097E-01 3.07404E-01 1.29468E+00 1.29504E+00 1.29526E+00 1.29749E+00 3.07404E-01 2.86097E-01 4.31107E-02 6.47696E+00 
4.31107E-02 3.74164E-01 3.95503E-01 1.37783E+00 1.37821E+00 1.37845E+00 1.38072E+00 3.95504E-01 3.74164E-01 4.31107E-02 8.49101E+00 
4.31107E-02 4.02651E-01 4.24000E-01 1.40488E+00 1.40526E+00 1.40550E+00 1.40779E+00 4.24001E-01 4.02651E-01 4.31107E-02 9.15159E+00 
4.31107E-02 5.57138E-01 5.78533E-01 1.55245E+00 1.55286E+00 1.55312E+00 1.55547E+00 5.78533E-01 5.57138E-01 4.31107E-02 1.28095E+01 
4.31107E-02 7.46109E-01 7.67551E-01 1.73446E+00 1.73488E+00 1.73517E+00 1.73759E+00 7.67552E-01 7.46109E-01 4.31107E-02 1.74457E+01 
4.31107E-02 9.74888E-01 9.96380E-01 1.95623E+00 1.95667E+00 1.95699E+00 1.95947E+00 9.96380E-01 9.74888E-01 4.31107E-02 2.32664E+01 
4.31107E-02 1.24950E+00 1.27104E+00 2.22379E+00 2.22425E+00 2.22460E+00 2.22715E+00 1.27104E+00 1.24950E+00 4.31107E-02 3.05064E+01 
2.56330E-01 1.54860E+00 1.57019E+00 2.51586E+00 2.51635E+00 2.51673E+00 2.51935E+00 1.57019E+00 1.54860E+00 2.56330E-01 3.92906E+01 
6.22896E-01 1.90403E+00 1.92567E+00 2.86420E+00 2.86471E+00 2.86512E+00 2.86782E+00 1.92567E+00 1.90403E+00 6.22896E-01 4.99384E+01 
1.06134E+00 2.33123E+00 2.35292E+00 3.28423E+00 3.28476E+00 3.28521E+00 3.28798E+00 2.35292E+00 2.33123E+00 1.06134E+00 6.27983E+01 
1.58235E+00 2.84088E+00 2.86263E+00 3.78665E+00 3.78721E+00 3.78770E+00 3.79055E+00 2.86263E+00 2.84088E+00 1.58235E+00 7.82345E+01 
2.19788E+00 3.44498E+00 3.46679E+00 4.38345E+00 4.38403E+00 4.38456E+00 4.38749E+00 3.46679E+00 3.44498E+00 2.19788E+00 9.66483E+01 
2.92129E+00 4.15688E+00 4.17875E+00 5.08799E+00 5.08861E+00 5.08918E+00 5.09219E+00 4.17875E+00 4.15688E+00 2.92129E+00 1.18478E+02 
3.76740E+00 4.99141E+00 5.01333E+00 5.91512E+00 5.91576E+00 5.91638E+00 5.91948E+00 5.01333E+00 4.99141E+00 3.76740E+00 1.44195E+02 
4.75258E+00 5.96496E+00 5.98694E+00 6.88122E+00 6.88189E+00 6.88256E+00 6.88575E+00 5.98694E+00 5.96496E+00 4.75258E+00 1.74305E+02 
5.89484E+00 7.09554E+00 7.11758E+00 8.00432E+00 8.00502E+00 8.00575E+00 8.00903E+00 7.11758E+00 7.09554E+00 5.89484E+00 2.09343E+02 
7.21388E+00 8.40287E+00 8.42497E+00 9.30414E+00 9.30488E+00 9.30566E+00 9.30904E+00 8.42497E+00 8.40287E+00 7.21388E+00 2.49870E+02 
8.73110E+00 9.90836E+00 9.93052E+00 1.08021E+01 1.08029E+01 1.08037E+01 1.08072E+01 9.93052E+00 9.90836E+00 8.73110E+00 2.96465E+02 
1.04696E+01 1.16351E+01 1.16574E+01 1.25213E+01 1.25221E+01 1.25230E+01 1.25266E+01 1.16574E+01 1.16351E+01 1.04696E+01 3.49725E+02 
1.24543E+01 1.36080E+01 1.36303E+01 1.44866E+01 1.44875E+01 1.44885E+01 1.44922E+01 1.36303E+01 1.36080E+01 1.24543E+01 4.10255E+02 
4.06551E-02 1.32429E-01 -1.67737E-02 9.62298E-01 9.62617E-01 9.62766E-01 9.64934E-01 -1.67732E-02 1.32429E-01 4.06551E-02 -9.33914E-01 
4.06551E-02 1.32429E-01 4.71741E-03 9.77892E-01 9.78226E-01 9.78393E-01 9.80613E-01 4.71790E-03 1.32429E-01 4.06551E-02 -3.37090E-01 
4.06551E-02 1.46215E-02 3.60419E-02 1.00333E+00 1.00368E+00 1.00386E+00 1.00614E+00 3.60423E-02 1.46215E-02 4.06551E-02 4.30238E-01 
4.06551E-02 5.71267E-02 7.85864E-02 1.03998E+00 1.04035E+00 1.04055E+00 1.04288E+00 7.85869E-02 5.71267E-02 4.06551E-02 1.39191E+00 
4.06551E-02 1.13258E-01 1.34758E-01 1.09019E+00 1.09057E+00 1.09080E+00 1.09318E+00 1.34758E-01 1.13258E-01 4.06551E-02 2.63532E+00 
4.06551E-02 1.85168E-01 2.06709E-01 1.15611E+00 1.15651E+00 1.15676E+00 1.15920E+00 2.06710E-01 1.85168E-01 4.06551E-02 4.23125E+00 
4.06551E-02 2.75273E-01 2.96857E-01 1.24017E+00 1.24059E+00 1.24086E+00 1.24337E+00 2.96858E-01 2.75273E-01 4.06551E-02 6.26361E+00 
4.06551E-02 3.59183E-01 3.80800E-01 1.31936E+00 1.31980E+00 1.32009E+00 1.32264E+00 3.80800E-01 3.59183E-01 4.06551E-02 8.19733E+00 
4.06551E-02 3.86277E-01 4.07904E-01 1.34507E+00 1.34552E+00 1.34581E+00 1.34838E+00 4.07905E-01 3.86277E-01 4.06551E-02 8.83048E+00 
4.06551E-02 5.32871E-01 5.54546E-01 1.48504E+00 1.48550E+00 1.48582E+00 1.48846E+00 5.54547E-01 5.32871E-01 4.06551E-02 1.23281E+01 
4.06551E-02 7.11565E-01 7.33289E-01 1.65705E+00 1.65753E+00 1.65789E+00 1.66059E+00 7.33290E-01 7.11565E-01 4.06551E-02 1.67435E+01 
4.06551E-02 9.27198E-01 9.48972E-01 1.86595E+00 1.86646E+00 1.86685E+00 1.86962E+00 9.48972E-01 9.27198E-01 4.06551E-02 2.22649E+01 
4.06551E-02 1.18522E+00 1.20705E+00 2.11721E+00 2.11774E+00 2.11816E+00 2.12101E+00 1.20705E+00 1.18522E+00 4.06551E-02 2.91049E+01 
2.41403E-01 1.46660E+00 1.48848E+00 2.39184E+00 2.39240E+00 2.39286E+00 2.39579E+00 1.48848E+00 1.46660E+00 2.41403E-01 3.73520E+01 
5.85438E-01 1.80002E+00 1.82195E+00 2.71844E+00 2.71903E+00 2.71953E+00 2.72254E+00 1.82195E+00 1.80002E+00 5.85438E-01 4.73072E+01 
9.95471E-01 2.19932E+00 2.22130E+00 3.11087E+00 3.11148E+00 3.11202E+00 3.11511E+00 2.22130E+00 2.19932E+00 9.95471E-01 5.92859E+01 
1.48105E+00 2.67408E+00 2.69612E+00 3.57867E+00 3.57932E+00 3.57990E+00 3.58308E+00 2.69612E+00 2.67408E+00 1.48105E+00 7.36107E+01 
2.05284E+00 3.23496E+00 3.25705E+00 4.13255E+00 4.13322E+00 4.13385E+00 4.13712E+00 3.25705E+00 3.23496E+00 2.05284E+00 9.06350E+01 
2.72268E+00 3.89382E+00 3.91597E+00 4.78434E+00 4.78505E+00 4.78573E+00 4.78909E+00 3.91597E+00 3.89382E+00 2.72268E+00 1.10742E+02 
3.50366E+00 4.66375E+00 4.68597E+00 5.54717E+00 5.54791E+00 5.54865E+00 5.55210E+00 4.68597E+00 4.66375E+00 3.50366E+00 1.34341E+02 
4.41020E+00 5.55920E+00 5.58147E+00 6.43547E+00 6.43624E+00 6.43704E+00 6.44059E+00 5.58147E+00 5.55920E+00 4.41020E+00 1.61869E+02 
5.45807E+00 6.59593E+00 6.61827E+00 7.46503E+00 7.46583E+00 7.46669E+00 7.47034E+00 6.61827E+00 6.59593E+00 5.45807E+00 1.93784E+02 
6.66447E+00 7.79116E+00 7.81356E+00 8.65304E+00 8.65388E+00 8.65481E+00 8.65856E+00 7.81356E+00 7.79116E+00 6.66447E+00 2.30561E+02 
8.04795E+00 9.16345E+00 9.18591E+00 1.00181E+01 1.00190E+01 1.00200E+01 1.00238E+01 9.18591E+00 9.16345E+00 8.04795E+00 2.72691E+02 
9.62852E+00 1.07328E+01 1.07553E+01 1.15802E+01 1.15811E+01 1.15822E+01 1.15862E+01 1.07553E+01 1.07328E+01 9.62852E+00 3.20672E+02 
1.14275E+01 1.25205E+01 1.25431E+01 1.33607E+01 1.33616E+01 1.33628E+01 1.33669E+01 1.25431E+01 1.25205E+01 1.14275E+01 3.75003E+02 
3.83141E-02 1.28118E-01 -1.59355E-02 9.19523E-01 9.19895E-01 9.20079E-01 9.22514E-01 -1.59351E-02 1.28118E-01 3.83141E-02 -9.09460E-01 
3.83141E-02 1.28118E-01 5.32786E-03 9.35122E-01 9.35513E-01 9.35718E-01 9.38209E-01 5.32824E-03 1.28118E-01 3.83141E-02 -3.26997E-01 
3.83141E-02 1.42701E-02 3.59717E-02 9.60110E-01 9.60519E-01 9.60746E-01 9.63295E-01 3.59721E-02 1.42701E-02 3.83141E-02 4.20340E-01 
3.83141E-02 5.55282E-02 7.72703E-02 9.95750E-01 9.96178E-01 9.96428E-01 9.99036E-01 7.72707E-02 5.55282E-02 3.83141E-02 1.35467E+00 
3.83141E-02 1.09682E-01 1.31466E-01 1.04422E+00 1.04467E+00 1.04494E+00 1.04761E+00 1.31466E-01 1.09682E-01 3.83141E-02 2.55951E+00 
3.83141E-02 1.78710E-01 2.00537E-01 1.10750E+00 1.10797E+00 1.10827E+00 1.11100E+00 2.00537E-01 1.78710E-01 3.83141E-02 4.10122E+00 
3.83141E-02 2.64828E-01 2.86697E-01 1.18781E+00 1.18830E+00 1.18863E+00 1.19143E+00 2.86698E-01 2.64828E-01 3.83141E-02 6.05800E+00 
3.83141E-02 3.44746E-01 3.66650E-01 1.26321E+00 1.26371E+00 1.26406E+00 1.26691E+00 3.66650E-01 3.44746E-01 3.83141E-02 7.91405E+00 
3.83141E-02 3.70504E-01 3.92419E-01 1.28763E+00 1.28815E+00 1.28850E+00 1.29137E+00 3.92419E-01 3.70504E-01 3.83141E-02 8.52068E+00 
3.83141E-02 5.09549E-01 5.31513E-01 1.42031E+00 1.42085E+00 1.42124E+00 1.42418E+00 5.31513E-01 5.09549E-01 3.83141E-02 1.18635E+01 
3.83141E-02 6.78441E-01 7.00455E-01 1.58279E+00 1.58335E+00 1.58378E+00 1.58679E+00 7.00455E-01 6.78441E-01 3.83141E-02 1.60664E+01 
3.83141E-02 8.81570E-01 9.03635E-01 1.77946E+00 1.78005E+00 1.78051E+00 1.78360E+00 9.03635E-01 8.81570E-01 3.83141E-02 2.13003E+01 
3.83141E-02 1.12387E+00 1.14599E+00 2.01526E+00 2.01588E+00 2.01638E+00 2.01955E+00 1.14599E+00 1.12387E+00 3.83141E-02 2.77575E+01 
2.27192E-01 1.38839E+00 1.41056E+00 2.27330E+00 2.27395E+00 2.27450E+00 2.27775E+00 1.41056E+00 1.38839E+00 2.27192E-01 3.54939E+01 
5.49852E-01 1.70092E+00 1.72315E+00 2.57930E+00 2.57997E+00 2.58056E+00 2.58391E+00 1.72315E+00 1.70092E+00 5.49852E-01 4.47932E+01 
9.33027E-01 2.07386E+00 2.09614E+00 2.94563E+00 2.94634E+00 2.94698E+00 2.95041E+00 2.09614E+00 2.07386E+00 9.33027E-01 5.59402E+01 
1.38523E+00 2.51575E+00 2.53808E+00 3.38084E+00 3.38158E+00 3.38227E+00 3.38580E+00 2.53808E+00 2.51575E+00 1.38523E+00 6.92199E+01 
1.91594E+00 3.03605E+00 3.05845E+00 3.89441E+00 3.89519E+00 3.89594E+00 3.89956E+00 3.05845E+00 3.03605E+00 1.91594E+00 8.49419E+01 
2.53563E+00 3.64527E+00 3.66772E+00 4.49685E+00 4.49766E+00 4.49847E+00 4.50219E+00 3.66772E+00 3.64527E+00 2.53563E+00 1.03440E+02 
3.25583E+00 4.35494E+00 4.37746E+00 5.19970E+00 5.20055E+00 5.20142E+00 5.20524E+00 4.37746E+00 4.35494E+00 3.25583E+00 1.25069E+02 
4.08921E+00 5.17773E+00 5.20031E+00 6.01562E+00 6.01651E+00 6.01745E+00 6.02138E+00 5.20031E+00 5.17773E+00 4.08921E+00 1.50203E+02 
5.04952E+00 6.12742E+00 6.15006E+00 6.95842E+00 6.95934E+00 6.96036E+00 6.96439E+00 6.15006E+00 6.12742E+00 5.04952E+00 1.79233E+02 
6.15172E+00 7.21897E+00 7.24167E+00 8.04304E+00 8.04401E+00 8.04509E+00 8.04925E+00 7.24167E+00 7.21897E+00 6.15172E+00 2.12560E+02 
7.41186E+00 8.46843E+00 8.49120E+00 9.28556E+00 9.28657E+00 9.28774E+00 9.29201E+00 8.49120E+00 8.46843E+00 7.41186E+00 2.50594E+02 
8.84715E+00 9.89303E+00 9.91587E+00 1.07032E+01 1.07042E+01 1.07055E+01 1.07099E+01 9.91587E+00 9.89303E+00 8.84715E+00 2.93750E+02 
1.04758E+01 1.15110E+01 1.15339E+01 1.23142E+01 1.23153E+01 1.23167E+01 1.23212E+01 1.15339E+01 1.15110E+01 1.04758E+01 3.42436E+02 
3.60832E-02 1.23943E-01 -1.51103E-02 8.78486E-01 8.78920E-01 8.79140E-01 8.81859E-01 -1.51100E-02 1.23943E-01 3.60832E-02 -8.85962E-01 
3.60832E-02 1.23943E-01 5.93659E-03 8.94092E-01 8.94547E-01 8.94791E-01 8.97573E-01 5.93684E-03 1.23943E-01 3.60832E-02 -3.17057E-01 
3.60832E-02 1.39293E-02 3.59208E-02 9.18644E-01 9.19120E-01 9.19389E-01 9.22233E-01 3.59211E-02 1.39293E-02 3.60832E-02 4.11221E-01 
3.60832E-02 5.39778E-02 7.60110E-02 9.53298E-01 9.53796E-01 9.54092E-01 9.57001E-01 7.60113E-02 5.39778E-02 3.60832E-02 1.31930E+00 
3.60832E-02 1.06218E-01 1.28294E-01 1.00008E+00 1.00060E+00 1.00093E+00 1.00390E+00 1.28294E-01 1.06218E-01 3.60832E-02 2.48695E+00 
3.60832E-02 1.72465E-01 1.94584E-01 1.06081E+00 1.06135E+00 1.06171E+00 1.06475E+00 1.94584E-01 1.72465E-01 3.60832E-02 3.97624E+00 
3.60832E-02 2.54744E-01 2.76908E-01 1.13751E+00 1.13808E+00 1.13847E+00 1.14158E+00 2.76908E-01 2.54744E-01 3.60832E-02 5.85989E+00 
3.60832E-02 3.30831E-01 3.53031E-01 1.20926E+00 1.20984E+00 1.21026E+00 1.21343E+00 3.53031E-01 3.30831E-01 3.60832E-02 7.64082E+00 
3.60832E-02 3.55310E-01 3.77520E-01 1.23246E+00 1.23305E+00 1.23347E+00 1.23666E+00 3.77520E-01 3.55310E-01 3.60832E-02 8.22183E+00 
3.60832E-02 4.87133E-01 5.09393E-01 1.35817E+00 1.35879E+00 1.35925E+00 1.36252E+00 5.09393E-01 4.87133E-01 3.60832E-02 1.14152E+01 
3.60832E-02 6.46677E-01 6.68989E-01 1.51155E+00 1.51220E+00 1.51270E+00 1.51605E+00 6.68989E-01 6.46677E-01 3.60832E-02 1.54134E+01 
3.60832E-02 8.37918E-01 8.60282E-01 1.69659E+00 1.69727E+00 1.69782E+00 1.70125E+00 8.60283E-01 8.37918E-01 3.60832E-02 2.03714E+01 
3.60832E-02 1.06531E+00 1.08773E+00 1.91774E+00 1.91845E+00 1.91904E+00 1.92257E+00 1.08773E+00 1.06531E+00 3.60832E-02 2.64623E+01 
2.13668E-01 1.31381E+00 1.33628E+00 2.16002E+00 2.16076E+00 2.16141E+00 2.16502E+00 1.33628E+00 1.31381E+00 2.13668E-01 3.37134E+01 
5.16059E-01 1.60654E+00 1.62907E+00 2.44647E+00 2.44725E+00 2.44795E+00 2.45165E+00 1.62907E+00 1.60654E+00 5.16059E-01 4.23918E+01 
8.73854E-01 1.95458E+00 1.97716E+00 2.78816E+00 2.78897E+00 2.78973E+00 2.79354E+00 1.97716E+00 1.95458E+00 8.73854E-01 5.27544E+01 
1.29463E+00 2.36551E+00 2.38815E+00 3.19268E+00 3.19354E+00 3.19435E+00 3.19826E+00 2.38815E+00 2.36551E+00 1.29463E+00 6.50517E+01 
1.78678E+00 2.84774E+00 2.87044E+00 3.66845E+00 3.66934E+00 3.67022E+00 3.67423E+00 2.87044E+00 2.84774E+00 1.78678E+00 7.95543E+01 
2.35955E+00 3.41052E+00 3.43329E+00 4.22472E+00 4.22565E+00 4.22661E+00 4.23072E+00 3.43329E+00 3.41052E+00 2.35955E+00 9.65514E+01 
3.02308E+00 4.06400E+00 4.08683E+00 4.87165E+00 4.87262E+00 4.87365E+00 4.87788E+00 4.08683E+00 4.06400E+00 3.02308E+00 1.16349E+02 
3.78841E+00 4.81925E+00 4.84214E+00 5.62030E+00 5.62132E+00 5.62243E+00 5.62677E+00 4.84214E+00 4.81925E+00 3.78841E+00 1.39266E+02 
4.66756E+00 5.68827E+00 5.71122E+00 6.48270E+00 6.48376E+00 6.48495E+00 6.48941E+00 5.71122E+00 5.68827E+00 4.66756E+00 1.65632E+02 
5.67346E+00 6.68401E+00 6.70702E+00 7.47178E+00 7.47289E+00 7.47417E+00 7.47875E+00 6.70702E+00 6.68401E+00 5.67346E+00 1.95787E+02 
6.81994E+00 7.82031E+00 7.84339E+00 8.60141E+00 8.60256E+00 8.60394E+00 8.60865E+00 7.84339E+00 7.82031E+00 6.81994E+00 2.30070E+02 
8.12175E+00 9.11193E+00 9.13508E+00 9.88634E+00 9.88754E+00 9.88902E+00 9.89386E+00 9.13508E+00 9.11193E+00 8.12175E+00 2.68821E+02 
9.59445E+00 1.05744E+01 1.05976E+01 1.13421E+01 1.13434E+01 1.13450E+01 1.13499E+01 1.05976E+01 1.05744E+01 9.59445E+00 3.12375E+02 
3.39580E-02 1.19897E-01 -1.42951E-02 8.39110E-01 8.39616E-01 8.39873E-01 8.42901E-01 -1.42950E-02 1.19897E-01 3.39580E-02 -8.63331E-01 
3.39580E-02 1.19897E-01 6.54465E-03 8.54722E-01 8.55252E-01 8.55538E-01 8.58633E-01 6.54478E-03 1.19897E-01 3.39580E-02 -3.07197E-01 
3.39580E-02 1.35982E-02 3.58884E-02 8.78846E-01 8.79400E-01 8.79716E-01 8.82879E-01 3.58885E-02 1.35982E-02 3.39580E-02 4.02926E-01 
3.39580E-02 5.24726E-02 7.48056E-02 9.12540E-01 9.13119E-01 9.13467E-01 9.16700E-01 7.48057E-02 5.24726E-02 3.39580E-02 1.28581E+00 
3.39580E-02 1.02860E-01 1.25237E-01 9.57685E-01 9.58290E-01 9.58672E-01 9.61977E-01 1.25237E-01 1.02860E-01 3.39580E-02 2.41758E+00 
3.39580E-02 1.66421E-01 1.88842E-01 1.01595E+00 1.01658E+00 1.01700E+00 1.02038E+00 1.88843E-01 1.66421E-01 3.39580E-02 3.85619E+00 
3.39580E-02 2.45006E-01 2.67473E-01 1.08918E+00 1.08984E+00 1.09030E+00 1.09375E+00 2.67474E-01 2.45006E-01 3.39580E-02 5.66908E+00 
3.39580E-02 3.17417E-01 3.39920E-01 1.15742E+00 1.15810E+00 1.15858E+00 1.16210E+00 3.39921E-01 3.17417E-01 3.39580E-02 7.37735E+00 
3.39580E-02 3.40669E-01 3.63183E-01 1.17944E+00 1.18013E+00 1.18063E+00 1.18416E+00 3.63184E-01 3.40669E-01 3.39580E-02 7.93359E+00 
3.39580E-02 4.65585E-01 4.88151E-01 1.29849E+00 1.29921E+00 1.29975E+00 1.30337E+00 4.88152E-01 4.65585E-01 3.39580E-02 1.09826E+01 
3.39580E-02 6.16218E-01 6.38837E-01 1.44320E+00 1.44396E+00 1.44455E+00 1.44826E+00 6.38837E-01 6.16218E-01 3.39580E-02 1.47838E+01 
3.39580E-02 7.96159E-01 8.18832E-01 1.61718E+00 1.61797E+00 1.61862E+00 1.62242E+00 8.18832E-01 7.96159E-01 3.39580E-02 1.94770E+01 
3.39580E-02 1.00942E+00 1.03215E+00 1.82445E+00 1.82527E+00 1.82597E+00 1.82988E+00 1.03215E+00 1.00942E+00 3.39580E-02 2.52175E+01 
2.00803E-01 1.24270E+00 1.26548E+00 2.05175E+00 2.05261E+00 2.05337E+00 2.05737E+00 1.26548E+00 1.24270E+00 2.00803E-01 3.20076E+01 
4.83980E-01 1.51666E+00 1.53950E+00 2.31969E+00 2.32058E+00 2.32141E+00 2.32551E+00 1.53950E+00 1.51666E+00 4.83980E-01 4.00987E+01 
8.17807E-01 1.84118E+00 1.86408E+00 2.63811E+00 2.63905E+00 2.63994E+00 2.64415E+00 1.86408E+00 1.84118E+00 8.17807E-01 4.97218E+01 
1.20901E+00 2.22299E+00 2.24595E+00 3.01377E+00 3.01475E+00 3.01571E+00 3.02003E+00 2.24595E+00 2.22299E+00 1.20901E+00 6.10964E+01 
1.66499E+00 2.66952E+00 2.69254E+00 3.45408E+00 3.45511E+00 3.45615E+00 3.46058E+00 2.69254E+00 2.66952E+00 1.66499E+00 7.44578E+01 
2.19389E+00 3.18890E+00 3.21198E+00 3.96721E+00 3.96827E+00 3.96940E+00 3.97394E+00 3.21198E+00 3.18890E+00 2.19389E+00 9.00556E+01 
2.80459E+00 3.79002E+00 3.81316E+00 4.56203E+00 4.56314E+00 4.56435E+00 4.56902E+00 3.81316E+00 3.79002E+00 2.80459E+00 1.08151E+02 
3.50671E+00 4.48253E+00 4.50573E+00 5.24820E+00 5.24936E+00 5.25067E+00 5.25546E+00 4.50573E+00 4.48253E+00 3.50671E+00 1.29016E+02 
4.31067E+00 5.27683E+00 5.30010E+00 6.03614E+00 6.03735E+00 6.03875E+00 6.04368E+00 5.30010E+00 5.27683E+00 4.31067E+00 1.52928E+02 
5.22763E+00 6.18410E+00 6.20744E+00 6.93702E+00 6.93829E+00 6.93979E+00 6.94485E+00 6.20744E+00 6.18410E+00 5.22763E+00 1.80169E+02 
6.26946E+00 7.21622E+00 7.23963E+00 7.96274E+00 7.96405E+00 7.96567E+00 7.97086E+00 7.23963E+00 7.21622E+00 6.26946E+00 2.11019E+02 
7.44874E+00 8.38579E+00 8.40926E+00 9.12587E+00 9.12724E+00 9.12897E+00 9.13431E+00 8.40926E+00 8.38579E+00 7.44874E+00 2.45755E+02 
8.77867E+00 9.70598E+00 9.72953E+00 1.04396E+01 1.04411E+01 1.04429E+01 1.04484E+01 9.72953E+00 9.70598E+00 8.77867E+00 2.84646E+02 
3.19344E-02 1.15974E-01 -1.34872E-02 8.01321E-01 8.01911E-01 8.02211E-01 8.05572E-01 -1.34872E-02 1.15974E-01 3.19344E-02 -8.41466E-01 
3.19344E-02 1.15974E-01 7.15307E-03 8.16938E-01 8.17555E-01 8.17889E-01 8.21323E-01 7.15310E-03 1.15974E-01 3.19344E-02 -2.97334E-01 
3.19344E-02 1.32760E-02 3.58735E-02 8.40642E-01 8.41286E-01 8.41656E-01 8.45164E-01 3.58736E-02 1.32760E-02 3.19344E-02 3.95508E-01 
3.19344E-02 5.10095E-02 7.36510E-02 8.73400E-01 8.74072E-01 8.74480E-01 8.78064E-01 7.36510E-02 5.10095E-02 3.19344E-02 1.25422E+00 
3.19344E-02 9.96016E-02 1.22288E-01 9.16956E-01 9.17658E-01 9.18107E-01 9.21769E-01 1.22288E-01 9.96016E-02 3.19344E-02 2.35137E+00 
3.19344E-02 1.60569E-01 1.83302E-01 9.72833E-01 9.73565E-01 9.74057E-01 9.77800E-01 1.83302E-01 1.60569E-01 3.19344E-02 3.74095E+00 
3.19344E-02 2.35600E-01 2.58379E-01 1.04272E+00 1.04349E+00 1.04402E+00 1.04785E+00 2.58379E-01 2.35600E-01 3.19344E-02 5.48534E+00 
3.19344E-02 3.04482E-01 3.27299E-01 1.10759E+00 1.10838E+00 1.10896E+00 1.11285E+00 3.27299E-01 3.04482E-01 3.19344E-02 7.12333E+00 
3.19344E-02 3.26559E-01 3.49387E-01 1.12849E+00 1.12929E+00 1.12987E+00 1.13379E+00 3.49387E-01 3.26559E-01 3.19344E-02 7.65562E+00 
3.19344E-02 4.44872E-01 4.67752E-01 1.24117E+00 1.24200E+00 1.24264E+00 1.24664E+00 4.67752E-01 4.44872E-01 3.19344E-02 1.05654E+01 
3.19344E-02 5.87011E-01 6.09945E-01 1.37762E+00 1.37849E+00 1.37919E+00 1.38329E+00 6.09946E-01 5.87011E-01 3.19344E-02 1.41768E+01 
3.19344E-02 7.56216E-01 7.79205E-01 1.54110E+00 1.54201E+00 1.54277E+00 1.54697E+00 7.79206E-01 7.56216E-01 3.19344E-02 1.86159E+01 
3.19344E-02 9.56093E-01 9.79138E-01 1.73522E+00 1.73616E+00 1.73699E+00 1.74130E+00 9.79139E-01 9.56093E-01 3.19344E-02 2.40216E+01 
1.88571E-01 1.17491E+00 1.19801E+00 1.94829E+00 1.94928E+00 1.95018E+00 1.95460E+00 1.19801E+00 1.17491E+00 1.88571E-01 3.03739E+01 
4.53544E-01 1.43110E+00 1.45426E+00 2.19869E+00 2.19972E+00 2.20069E+00 2.20522E+00 1.45426E+00 1.43110E+00 4.53544E-01 3.79096E+01 
7.64746E-01 1.73343E+00 1.75665E+00 2.49516E+00 2.49624E+00 2.49729E+00 2.50193E+00 1.75665E+00 1.73343E+00 7.64746E-01 4.68361E+01 
1.12812E+00 2.08785E+00 2.11114E+00 2.84367E+00 2.84480E+00 2.84593E+00 2.85070E+00 2.11114E+00 2.08785E+00 1.12812E+00 5.73447E+01 
1.55020E+00 2.50092E+00 2.52426E+00 3.25077E+00 3.25194E+00 3.25317E+00 3.25805E+00 2.52426E+00 2.50092E+00 1.55020E+00 6.96390E+01 
2.03812E+00 2.97975E+00 3.00316E+00 3.72359E+00 3.72481E+00 3.72614E+00 3.73115E+00 3.00316E+00 2.97975E+00 2.03812E+00 8.39332E+01 
2.59961E+00 3.53211E+00 3.55558E+00 4.26990E+00 4.27118E+00 4.27260E+00 4.27775E+00 3.55558E+00 3.53211E+00 2.59961E+00 1.00450E+02 
3.24304E+00 4.16638E+00 4.18992E+00 4.89808E+00 4.89941E+00 4.90095E+00 4.90623E+00 4.18992E+00 4.16638E+00 3.24304E+00 1.19418E+02 
3.97741E+00 4.89154E+00 4.91515E+00 5.61713E+00 5.61851E+00 5.62017E+00 5.62559E+00 4.91515E+00 4.89154E+00 3.97741E+00 1.41069E+02 
4.81231E+00 5.71720E+00 5.74087E+00 6.43665E+00 6.43809E+00 6.43986E+00 6.44543E+00 5.74087E+00 5.71720E+00 4.81231E+00 1.65637E+02 
5.75786E+00 6.65351E+00 6.67725E+00 7.36679E+00 7.36829E+00 7.37020E+00 7.37591E+00 6.67725E+00 6.65351E+00 5.75786E+00 1.93349E+02 
6.82477E+00 7.71114E+00 7.73495E+00 8.41825E+00 8.41981E+00 8.42185E+00 8.42773E+00 7.73495E+00 7.71114E+00 6.82477E+00 2.24430E+02 
8.02414E+00 8.90124E+00 8.92512E+00 9.60216E+00 9.60378E+00 9.60597E+00 9.61200E+00 8.92512E+00 8.90124E+00 8.02414E+00 2.59091E+02 
3.00082E-02 1.12168E-01 -1.26836E-02 7.65051E-01 7.65738E-01 7.66090E-01 7.69812E-01 -1.26836E-02 1.12168E-01 3.00082E-02 -8.20258E-01 
3.00082E-02 1.12168E-01 7.76288E-03 7.80668E-01 7.81386E-01 7.81778E-01 7.85581E-01 7.76283E-03 1.12168E-01 3.00082E-02 -2.87373E-01 
3.00082E-02 1.29618E-02 3.58754E-02 8.03958E-01 8.04707E-01 8.05142E-01 8.09025E-01 3.58754E-02 1.29618E-02 3.00082E-02 3.89036E-01 
3.00082E-02 4.95858E-02 7.25443E-02 8.35801E-01 8.36582E-01 8.37063E-01 8.41029E-01 7.25443E-02 4.95858E-02 3.00082E-02 1.22454E+00 
3.00082E-02 9.64378E-02 1.19442E-01 8.77814E-01 8.78628E-01 8.79158E-01 8.83209E-01 1.19442E-01 9.64378E-02 3.00082E-02 2.28829E+00 
3.00082E-02 1.54901E-01 1.77953E-01 9.31386E-01 9.32234E-01 9.32815E-01 9.36954E-01 1.77953E-01 1.54901E-01 3.00082E-02 3.63044E+00 
3.00082E-02 2.26510E-01 2.49610E-01 9.98055E-01 9.98939E-01 9.99573E-01 1.00380E+00 2.49610E-01 2.26510E-01 3.00082E-02 5.30851E+00 
3.00082E-02 2.92007E-01 3.15145E-01 1.05970E+00 1.06061E+00 1.06129E+00 1.06559E+00 3.15145E-01 2.92007E-01 3.00082E-02 6.87850E+00 
3.00082E-02 3.12959E-01 3.36107E-01 1.07952E+00 1.08044E+00 1.08113E+00 1.08545E+00 3.36108E-01 3.12959E-01 3.00082E-02 7.38765E+00 
3.00082E-02 4.24958E-01 4.48161E-01 1.18610E+00 1.18706E+00 1.18782E+00 1.19224E+00 4.48161E-01 4.24958E-01 3.00082E-02 1.01630E+01 
3.00082E-02 5.59005E-01 5.82263E-01 1.31468E+00 1.31568E+00 1.31651E+00 1.32104E+00 5.82263E-01 5.59005E-01 3.00082E-02 1.35918E+01 
3.00082E-02 7.18012E-01 7.41326E-01 1.46819E+00 1.46923E+00 1.47013E+00 1.47478E+00 7.41327E-01 7.18012E-01 3.00082E-02 1.77872E+01 
3.00082E-02 9.05213E-01 9.28585E-01 1.64985E+00 1.65094E+00 1.65192E+00 1.65668E+00 9.28585E-01 9.05213E-01 3.00082E-02 2.28728E+01 
1.76944E-01 1.11030E+00 1.13373E+00 1.84942E+00 1.85056E+00 1.85162E+00 1.85650E+00 1.13373E+00 1.11030E+00 1.76944E-01 2.88097E+01 
4.24679E-01 1.34966E+00 1.37315E+00 2.08321E+00 2.08440E+00 2.08555E+00 2.09055E+00 1.37315E+00 1.34966E+00 4.24679E-01 3.58206E+01 
7.14536E-01 1.63106E+00 1.65461E+00 2.35899E+00 2.36022E+00 2.36147E+00 2.36659E+00 1.65461E+00 1.63106E+00 7.14536E-01 4.40912E+01 
1.05176E+00 1.95975E+00 1.98336E+00 2.68199E+00 2.68328E+00 2.68462E+00 2.68988E+00 1.98336E+00 1.95975E+00 1.05176E+00 5.37875E+01 
1.44207E+00 2.34147E+00 2.36514E+00 3.05798E+00 3.05932E+00 3.06077E+00 3.06616E+00 2.36514E+00 2.34147E+00 1.44207E+00 6.50848E+01 
1.89172E+00 2.78246E+00 2.80620E+00 3.49319E+00 3.49459E+00 3.49615E+00 3.50168E+00 2.80620E+00 2.78246E+00 1.89172E+00 7.81658E+01 
2.40741E+00 3.28945E+00 3.31326E+00 3.99437E+00 3.99582E+00 3.99751E+00 4.00318E+00 3.31326E+00 3.28945E+00 2.40741E+00 9.32187E+01 
2.99640E+00 3.86970E+00 3.89357E+00 4.56877E+00 4.57028E+00 4.57210E+00 4.57791E+00 3.89357E+00 3.86970E+00 2.99640E+00 1.10435E+02 
3.66642E+00 4.53094E+00 4.55488E+00 5.22413E+00 5.22570E+00 5.22765E+00 5.23362E+00 4.55488E+00 4.53094E+00 3.66642E+00 1.30007E+02 
4.42565E+00 5.28137E+00 5.30538E+00 5.96866E+00 5.97030E+00 5.97239E+00 5.97852E+00 5.30538E+00 5.28137E+00 4.42565E+00 1.52124E+02 
5.28272E+00 6.12962E+00 6.15370E+00 6.81099E+00 6.81269E+00 6.81494E+00 6.82123E+00 6.15370E+00 6.12962E+00 5.28272E+00 1.76972E+02 
6.24665E+00 7.08472E+00 7.10887E+00 7.76015E+00 7.76192E+00 7.76432E+00 7.77078E+00 7.10887E+00 7.08472E+00 6.24665E+00 2.04729E+02 
7.32677E+00 8.15600E+00 8.18022E+00 8.82548E+00 8.82732E+00 8.82989E+00 8.83652E+00 8.18022E+00 8.15600E+00 7.32677E+00 2.35559E+02 
2.81756E-02 1.08471E-01 -1.18813E-02 7.30229E-01 7.31030E-01 7.31445E-01 7.35563E-01 -1.18814E-02 1.08471E-01 2.81756E-02 -7.99585E-01 
2.81756E-02 1.08471E-01 8.37514E-03 7.45841E-01 7.46677E-01 7.47141E-01 7.51346E-01 8.37503E-03 1.08471E-01 2.81756E-02 -2.77204E-01 
2.81756E-02 1.26550E-02 3.58933E-02 7.68722E-01 7.69592E-01 7.70108E-01 7.74401E-01 3.58932E-02 1.26550E-02 2.81756E-02 3.83591E-01 
2.81756E-02 4.81984E-02 7.14827E-02 7.99670E-01 8.00577E-01 8.01147E-01 8.05531E-01 7.14826E-02 4.81984E-02 2.81756E-02 1.19683E+00 
2.81756E-02 9.33630E-02 1.16694E-01 8.40185E-01 8.41129E-01 8.41757E-01 8.46233E-01 1.16694E-01 9.33630E-02 2.81756E-02 2.22834E+00 
2.81756E-02 1.49407E-01 1.72787E-01 8.91528E-01 8.92510E-01 8.93199E-01 8.97772E-01 1.72787E-01 1.49407E-01 2.81756E-02 3.52456E+00 
2.81756E-02 2.17724E-01 2.41152E-01 9.55096E-01 9.56118E-01 9.56872E-01 9.61543E-01 2.41152E-01 2.17724E-01 2.81756E-02 5.13842E+00 
2.81756E-02 2.79972E-01 3.03440E-01 1.01364E+00 1.01470E+00 1.01550E+00 1.02025E+00 3.03440E-01 2.79972E-01 2.81756E-02 6.64262E+00 
2.81756E-02 2.99845E-01 3.23324E-01 1.03243E+00 1.03349E+00 1.03431E+00 1.03908E+00 3.23324E-01 2.99845E-01 2.81756E-02 7.12939E+00 
2.81756E-02 4.05811E-01 4.29345E-01 1.13318E+00 1.13429E+00 1.13519E+00 1.14008E+00 4.29345E-01 4.05811E-01 2.81756E-02 9.77500E+00 
2.81756E-02 5.32149E-01 5.55739E-01 1.25427E+00 1.25543E+00 1.25641E+00 1.26141E+00 5.55739E-01 5.32149E-01 2.81756E-02 1.30281E+01 
2.81756E-02 6.81473E-01 7.05121E-01 1.39831E+00 1.39951E+00 1.40058E+00 1.40570E+00 7.05121E-01 6.81473E-01 2.81756E-02 1.69898E+01 
2.81756E-02 8.56675E-01 8.80382E-01 1.56819E+00 1.56944E+00 1.57060E+00 1.57585E+00 8.80382E-01 8.56675E-01 2.81756E-02 2.17696E+01 
1.65899E-01 1.04873E+00 1.07250E+00 1.75494E+00 1.75625E+00 1.75751E+00 1.76288E+00 1.07250E+00 1.04873E+00 1.65899E-01 2.73125E+01 
3.97317E-01 1.27217E+00 1.29599E+00 1.97303E+00 1.97439E+00 1.97575E+00 1.98126E+00 1.29599E+00 1.27217E+00 3.97317E-01 3.38277E+01 
6.67047E-01 1.53384E+00 1.55772E+00 2.22928E+00 2.23070E+00 2.23218E+00 2.23782E+00 1.55772E+00 1.53384E+00 6.67047E-01 4.14812E+01 
9.79695E-01 1.83835E+00 1.86230E+00 2.52834E+00 2.52981E+00 2.53141E+00 2.53719E+00 1.86230E+00 1.83835E+00 9.79695E-01 5.04162E+01 
1.34027E+00 2.19074E+00 2.21475E+00 2.87521E+00 2.87675E+00 2.87846E+00 2.88439E+00 2.21475E+00 2.19074E+00 1.34027E+00 6.07827E+01 
1.75420E+00 2.59642E+00 2.62050E+00 3.27534E+00 3.27694E+00 3.27879E+00 3.28487E+00 2.62050E+00 2.59642E+00 1.75420E+00 7.27355E+01 
2.22731E+00 3.06123E+00 3.08538E+00 3.73456E+00 3.73622E+00 3.73822E+00 3.74445E+00 3.08538E+00 3.06123E+00 2.22731E+00 8.64325E+01 
2.76583E+00 3.59142E+00 3.61563E+00 4.25912E+00 4.26085E+00 4.26299E+00 4.26939E+00 3.61563E+00 3.59142E+00 2.76583E+00 1.02033E+02 
3.37637E+00 4.19360E+00 4.21788E+00 4.85565E+00 4.85745E+00 4.85975E+00 4.86631E+00 4.21788E+00 4.19360E+00 3.37637E+00 1.19693E+02 
4.06591E+00 4.87475E+00 4.89910E+00 5.53113E+00 5.53300E+00 5.53546E+00 5.54220E+00 4.89910E+00 4.87475E+00 4.06591E+00 1.39568E+02 
4.84173E+00 5.64216E+00 5.66658E+00 6.29285E+00 6.29479E+00 6.29743E+00 6.30435E+00 5.66658E+00 5.64216E+00 4.84173E+00 1.61805E+02 
5.71140E+00 6.50341E+00 6.52791E+00 7.14840E+00 7.15041E+00 7.15324E+00 7.16034E+00 6.52791E+00 6.50341E+00 5.71140E+00 1.86543E+02 
6.68270E+00 7.46628E+00 7.49085E+00 8.10554E+00 8.10764E+00 8.11066E+00 8.11795E+00 7.49085E+00 7.46628E+00 6.68270E+00 2.13909E+02 
2.64327E-02 1.04878E-01 -1.10773E-02 6.96791E-01 6.97724E-01 6.98220E-01 7.02770E-01 -1.10775E-02 1.04878E-01 2.64327E-02 -7.79305E-01 
2.64327E-02 1.04878E-01 8.99085E-03 7.12393E-01 7.13365E-01 7.13919E-01 7.18564E-01 8.99072E-03 1.04878E-01 2.64327E-02 -2.66701E-01 
2.64327E-02 1.23547E-02 3.59261E-02 7.34867E-01 7.35878E-01 7.36495E-01 7.41236E-01 3.59260E-02 1.23547E-02 2.64327E-02 3.79276E-01 
2.64327E-02 4.68447E-02 7.04631E-02 7.64940E-01 7.65992E-01 7.66673E-01 7.71513E-01 7.04630E-02 4.68447E-02 2.64327E-02 1.17114E+00 
2.64327E-02 9.03718E-02 1.14038E-01 8.03997E-01 8.05091E-01 8.05841E-01 8.10782E-01 1.14038E-01 9.03718E-02 2.64327E-02 2.17152E+00 
2.64327E-02 1.44079E-01 1.67794E-01 8.53184E-01 8.54321E-01 8.55145E-01 8.60190E-01 1.67794E-01 1.44079E-01 2.64327E-02 3.42328E+00 
2.64327E-02 2.09226E-01 2.32992E-01 9.13767E-01 9.14949E-01 9.15849E-01 9.21002E-01 2.32992E-01 2.09226E-01 2.64327E-02 4.97493E+00 
2.64327E-02 2.68359E-01 2.92164E-01 9.69339E-01 9.70556E-01 9.71519E-01 9.76758E-01 2.92164E-01 2.68359E-01 2.64327E-02 6.41546E+00 
2.64327E-02 2.87199E-01 3.11016E-01 9.87134E-01 9.88362E-01 9.89342E-01 9.94607E-01 3.11016E-01 2.87199E-01 2.64327E-02 6.88060E+00 
2.64327E-02 3.87399E-01 4.11272E-01 1.08233E+00 1.08360E+00 1.08468E+00 1.09006E+00 4.11272E-01 3.87399E-01 2.64327E-02 9.40096E+00 
2.64327E-02 5.06396E-01 5.30326E-01 1.19627E+00 1.19761E+00 1.19878E+00 1.20429E+00 5.30326E-01 5.06396E-01 2.64327E-02 1.24850E+01 
2.64327E-02 6.46529E-01 6.70518E-01 1.33132E+00 1.33271E+00 1.33398E+00 1.33963E+00 6.70519E-01 6.46529E-01 2.64327E-02 1.62226E+01 
2.64327E-02 8.10378E-01 8.34427E-01 1.49006E+00 1.49150E+00 1.49288E+00 1.49866E+00 8.34427E-01 8.10378E-01 2.64327E-02 2.07106E+01 
1.55411E-01 9.90073E-01 1.01418E+00 1.66466E+00 1.66616E+00 1.66766E+00 1.67357E+00 1.01418E+00 9.90073E-01 1.55411E-01 2.58799E+01 
3.71393E-01 1.19845E+00 1.22262E+00 1.86789E+00 1.86945E+00 1.87107E+00 1.87713E+00 1.22262E+00 1.19845E+00 3.71393E-01 3.19272E+01 
6.22155E-01 1.44153E+00 1.46576E+00 2.10576E+00 2.10739E+00 2.10914E+00 2.11535E+00 1.46576E+00 1.44153E+00 6.22155E-01 3.90004E+01 
9.11731E-01 1.72336E+00 1.74765E+00 2.38234E+00 2.38403E+00 2.38592E+00 2.39228E+00 1.74765E+00 1.72336E+00 9.11731E-01 4.72225E+01 
1.24448E+00 2.04830E+00 2.07266E+00 2.70198E+00 2.70374E+00 2.70578E+00 2.71230E+00 2.07266E+00 2.04830E+00 1.24448E+00 5.67207E+01 
1.62512E+00 2.42107E+00 2.44550E+00 3.06942E+00 3.07124E+00 3.07344E+00 3.08012E+00 2.44550E+00 2.42107E+00 1.62512E+00 6.76254E+01 
2.05865E+00 2.84670E+00 2.87119E+00 3.48967E+00 3.49156E+00 3.49392E+00 3.50078E+00 2.87119E+00 2.84670E+00 2.05865E+00 8.00678E+01 
2.55041E+00 3.33052E+00 3.35509E+00 3.96809E+00 3.97006E+00 3.97259E+00 3.97962E+00 3.35509E+00 3.33052E+00 2.55041E+00 9.41784E+01 
3.10605E+00 3.87819E+00 3.90282E+00 4.51032E+00 4.51236E+00 4.51508E+00 4.52229E+00 3.90282E+00 3.87819E+00 3.10605E+00 1.10085E+02 
3.73145E+00 4.49559E+00 4.52029E+00 5.12227E+00 5.12439E+00 5.12730E+00 5.13470E+00 4.52030E+00 4.49559E+00 3.73145E+00 1.27911E+02 
4.43273E+00 5.18886E+00 5.21364E+00 5.81007E+00 5.81228E+00 5.81539E+00 5.82298E+00 5.21364E+00 5.18886E+00 4.43273E+00 1.47770E+02 
5.21621E+00 5.96432E+00 5.98916E+00 6.58004E+00 6.58233E+00 6.58566E+00 6.59345E+00 5.98917E+00 5.96432E+00 5.21621E+00 1.69771E+02 
6.08830E+00 6.82838E+00 6.85330E+00 7.43860E+00 7.44098E+00 7.44454E+00 7.45253E+00 6.85330E+00 6.82838E+00 6.08830E+00 1.94007E+02 
2.47760E-02 1.01383E-01 -1.02687E-02 6.64677E-01 6.65762E-01 6.66361E-01 6.71385E-01 -1.02689E-02 1.01383E-01 2.47760E-02 -7.59259E-01 
2.47760E-02 1.01383E-01 9.61100E-03 6.80259E-01 6.81388E-01 6.82057E-01 6.87185E-01 9.61087E-03 1.01383E-01 2.47760E-02 -2.55715E-01 
2.47760E-02 1.20600E-02 3.59732E-02 7.02329E-01 7.03503E-01 7.04246E-01 7.09478E-01 3.59731E-02 1.20600E-02 2.47760E-02 3.76211E-01 
2.47760E-02 4.55218E-02 6.94828E-02 7.31544E-01 7.32763E-01 7.33583E-01 7.38923E-01 6.94828E-02 4.55218E-02 2.47760E-02 1.14756E+00 
2.47760E-02 8.74593E-02 1.11469E-01 7.69183E-01 7.70449E-01 7.71352E-01 7.76801E-01 1.11469E-01 8.74593E-02 2.47760E-02 2.11786E+00 
2.47760E-02 1.38907E-01 1.62967E-01 8.16285E-01 8.17600E-01 8.18589E-01 8.24153E-01 1.62967E-01 1.38907E-01 2.47760E-02 3.32655E+00 
2.47760E-02 2.01005E-01 2.25116E-01 8.73994E-01 8.75359E-01 8.76439E-01 8.82119E-01 2.25116E-01 2.01005E-01 2.47760E-02 4.81793E+00 
2.47760E-02 2.57148E-01 2.81300E-01 9.26714E-01 9.28118E-01 9.29272E-01 9.35046E-01 2.81300E-01 2.57148E-01 2.47760E-02 6.19683E+00 
2.47760E-02 2.74999E-01 2.99162E-01 9.43560E-01 9.44976E-01 9.46152E-01 9.51953E-01 2.99163E-01 2.74999E-01 2.47760E-02 6.64104E+00 
2.47760E-02 3.69691E-01 3.93912E-01 1.03344E+00 1.03491E+00 1.03619E+00 1.04213E+00 3.93912E-01 3.69691E-01 2.47760E-02 9.04051E+00 
2.47760E-02 4.81700E-01 5.05979E-01 1.14059E+00 1.14212E+00 1.14352E+00 1.14960E+00 5.05979E-01 4.81700E-01 2.47760E-02 1.19619E+01 
2.47760E-02 6.13114E-01 6.37452E-01 1.26712E+00 1.26871E+00 1.27023E+00 1.27645E+00 6.37452E-01 6.13114E-01 2.47760E-02 1.54848E+01 
2.47760E-02 7.66225E-01 7.90623E-01 1.41531E+00 1.41697E+00 1.41862E+00 1.42498E+00 7.90624E-01 7.66225E-01 2.47760E-02 1.96942E+01 
1.45456E-01 9.34202E-01 9.58662E-01 1.57839E+00 1.58011E+00 1.58189E+00 1.58841E+00 9.58663E-01 9.34202E-01 1.45456E-01 2.45095E+01 
3.46844E-01 1.12834E+00 1.15286E+00 1.76758E+00 1.76937E+00 1.77130E+00 1.77797E+00 1.15286E+00 1.12834E+00 3.46844E-01 3.01154E+01 
5.79742E-01 1.35392E+00 1.37851E+00 1.98815E+00 1.99001E+00 1.99210E+00 1.99893E+00 1.37851E+00 1.35392E+00 5.79742E-01 3.66435E+01 
8.47668E-01 1.61446E+00 1.63911E+00 2.24364E+00 2.24557E+00 2.24782E+00 2.25482E+00 1.63911E+00 1.61446E+00 8.47668E-01 4.41984E+01 
1.15441E+00 1.91376E+00 1.93848E+00 2.53785E+00 2.53985E+00 2.54227E+00 2.54944E+00 1.93848E+00 1.91376E+00 1.15441E+00 5.28875E+01 
1.50402E+00 2.25588E+00 2.28066E+00 2.87483E+00 2.87691E+00 2.87951E+00 2.88686E+00 2.28066E+00 2.25588E+00 1.50402E+00 6.28194E+01 
1.90080E+00 2.64512E+00 2.66997E+00 3.25891E+00 3.26107E+00 3.26386E+00 3.27139E+00 2.66998E+00 2.64512E+00 1.90080E+00 7.41022E+01 
2.34930E+00 3.08606E+00 3.11098E+00 3.69465E+00 3.69689E+00 3.69988E+00 3.70760E+00 3.11098E+00 3.08606E+00 2.34930E+00 8.68419E+01 
2.85428E+00 3.58345E+00 3.60844E+00 4.18681E+00 4.18914E+00 4.19235E+00 4.20027E+00 3.60844E+00 3.58345E+00 2.85428E+00 1.01141E+02 
3.42072E+00 4.14226E+00 4.16732E+00 4.74038E+00 4.74279E+00 4.74623E+00 4.75435E+00 4.16732E+00 4.14226E+00 3.42072E+00 1.17095E+02 
4.05369E+00 4.76760E+00 4.79274E+00 5.36046E+00 5.36297E+00 5.36664E+00 5.37497E+00 4.79274E+00 4.76760E+00 4.05369E+00 1.34794E+02 
4.75844E+00 5.46470E+00 5.48990E+00 6.05229E+00 6.05488E+00 6.05880E+00 6.06735E+00 5.48991E+00 5.46470E+00 4.75844E+00 1.54316E+02 
5.54021E+00 6.23882E+00 6.26410E+00 6.82112E+00 6.82381E+00 6.82800E+00 6.83677E+00 6.26410E+00 6.23882E+00 5.54021E+00 1.75730E+02 
2.32021E-02 9.79805E-02 -9.45250E-03 6.33827E-01 6.35089E-01 6.35817E-01 6.41362E-01 -9.45265E-03 9.79805E-02 2.32021E-02 -7.39260E-01 
2.32021E-02 9.79805E-02 1.02366E-02 6.49381E-01 6.50691E-01 6.51503E-01 6.57160E-01 1.02365E-02 9.79805E-02 2.32021E-02 -2.44074E-01 
2.32021E-02 1.17703E-02 3.60335E-02 6.71047E-01 6.72407E-01 6.73308E-01 6.79078E-01 3.60335E-02 1.17703E-02 2.32021E-02 3.74542E-01 
2.32021E-02 4.42271E-02 6.85391E-02 6.99419E-01 7.00830E-01 7.01823E-01 7.07710E-01 6.85391E-02 4.42271E-02 2.32021E-02 1.12620E+00 
2.32021E-02 8.46204E-02 1.08982E-01 7.35679E-01 7.37142E-01 7.38233E-01 7.44240E-01 1.08982E-01 8.46204E-02 2.32021E-02 2.06742E+00 
2.32021E-02 1.33885E-01 1.58298E-01 7.80764E-01 7.82282E-01 7.83475E-01 7.89605E-01 1.58298E-01 1.33885E-01 2.32021E-02 3.23436E+00 
2.32021E-02 1.93047E-01 2.17512E-01 8.35705E-01 8.37279E-01 8.38580E-01 8.44838E-01 2.17512E-01 1.93047E-01 2.32021E-02 4.66731E+00 
2.32021E-02 2.46324E-01 2.70829E-01 8.85689E-01 8.87308E-01 8.88696E-01 8.95055E-01 2.70830E-01 2.46324E-01 2.32021E-02 5.98655E+00 
2.32021E-02 2.63228E-01 2.87746E-01 9.01627E-01 9.03258E-01 9.04673E-01 9.11062E-01 2.87746E-01 2.63228E-01 2.32021E-02 6.41053E+00 
2.32021E-02 3.52659E-01 3.77235E-01 9.86426E-01 9.88122E-01 9.89666E-01 9.96200E-01 3.77235E-01 3.52659E-01 2.32021E-02 8.69331E+00 
2.32021E-02 4.58018E-01 4.82653E-01 1.08712E+00 1.08888E+00 1.09056E+00 1.09724E+00 4.82653E-01 4.58018E-01 2.32021E-02 1.14583E+01 
2.32021E-02 5.81161E-01 6.05857E-01 1.20556E+00 1.20739E+00 1.20921E+00 1.21605E+00 6.05857E-01 5.81161E-01 2.32021E-02 1.47755E+01 
2.32021E-02 7.24121E-01 7.48877E-01 1.34379E+00 1.34569E+00 1.34766E+00 1.35466E+00 7.48878E-01 7.24121E-01 2.32021E-02 1.87191E+01 
1.36013E-01 8.80995E-01 9.05813E-01 1.49595E+00 1.49792E+00 1.50006E+00 1.50722E+00 9.05814E-01 8.80995E-01 1.36013E-01 2.31992E+01 
3.23609E-01 1.06168E+00 1.08657E+00 1.67188E+00 1.67393E+00 1.67623E+00 1.68356E+00 1.08657E+00 1.06168E+00 3.23609E-01 2.83890E+01 
5.39693E-01 1.27079E+00 1.29574E+00 1.87618E+00 1.87830E+00 1.88079E+00 1.88829E+00 1.29574E+00 1.27079E+00 5.39693E-01 3.44053E+01 
7.87320E-01 1.51138E+00 1.53639E+00 2.11191E+00 2.11411E+00 2.11679E+00 2.12448E+00 1.53640E+00 1.51138E+00 7.87320E-01 4.13364E+01 
1.06976E+00 1.78673E+00 1.81181E+00 2.38236E+00 2.38464E+00 2.38752E+00 2.39539E+00 1.81181E+00 1.78673E+00 1.06976E+00 4.92721E+01 
1.39048E+00 2.10032E+00 2.12546E+00 2.69101E+00 2.69338E+00 2.69647E+00 2.70453E+00 2.12546E+00 2.10032E+00 1.39048E+00 5.83021E+01 
1.75316E+00 2.45582E+00 2.48103E+00 3.04155E+00 3.04400E+00 3.04731E+00 3.05558E+00 2.48104E+00 2.45582E+00 1.75316E+00 6.85143E+01 
2.16166E+00 2.85710E+00 2.88239E+00 3.43783E+00 3.44038E+00 3.44393E+00 3.45240E+00 2.88239E+00 2.85710E+00 2.16166E+00 7.99937E+01 
2.61997E+00 3.30818E+00 3.33353E+00 3.88389E+00 3.88652E+00 3.89032E+00 3.89901E+00 3.33353E+00 3.30818E+00 2.61997E+00 9.28206E+01 
3.13224E+00 3.81319E+00 3.83861E+00 4.38385E+00 4.38659E+00 4.39064E+00 4.39955E+00 3.83861E+00 3.81319E+00 3.13224E+00 1.07069E+02 
3.70269E+00 4.37636E+00 4.40185E+00 4.94197E+00 4.94480E+00 4.94913E+00 4.95827E+00 4.40186E+00 4.37636E+00 3.70269E+00 1.22806E+02 
4.33559E+00 5.00197E+00 5.02754E+00 5.56251E+00 5.56544E+00 5.57007E+00 5.57944E+00 5.02755E+00 5.00197E+00 4.33559E+00 1.40087E+02 
5.03522E+00 5.69431E+00 5.71996E+00 6.24977E+00 6.25281E+00 6.25773E+00 6.26734E+00 5.71996E+00 5.69431E+00 5.03522E+00 1.58961E+02 
2.17074E-02 9.46642E-02 -8.62570E-03 6.04186E-01 6.05650E-01 6.06542E-01 6.12656E-01 -8.62582E-03 9.46642E-02 2.17074E-02 -7.19090E-01 
2.17074E-02 9.46642E-02 1.08685E-02 6.19699E-01 6.21218E-01 6.22211E-01 6.28446E-01 1.08684E-02 9.46642E-02 2.17074E-02 -2.31574E-01 
2.17074E-02 1.14847E-02 3.61063E-02 6.40961E-01 6.42536E-01 6.43633E-01 6.49992E-01 3.61063E-02 1.14847E-02 2.17074E-02 3.74445E-01 
2.17074E-02 4.29581E-02 6.76292E-02 6.68506E-01 6.70137E-01 6.71344E-01 6.77829E-01 6.76293E-02 4.29581E-02 2.17074E-02 1.10719E+00 
2.17074E-02 8.18504E-02 1.06572E-01 7.03422E-01 7.05112E-01 7.06435E-01 7.13050E-01 1.06572E-01 8.18504E-02 2.17074E-02 2.02029E+00 
2.17074E-02 1.29004E-01 1.53777E-01 7.46555E-01 7.48306E-01 7.49750E-01 7.56500E-01 1.53777E-01 1.29004E-01 2.17074E-02 3.14674E+00 
2.17074E-02 1.85341E-01 2.10167E-01 7.98833E-01 8.00645E-01 8.02218E-01 8.09105E-01 2.10167E-01 1.85341E-01 2.17074E-02 4.52302E+00 
2.17074E-02 2.35869E-01 2.60736E-01 8.46193E-01 8.48055E-01 8.49731E-01 8.56728E-01 2.60736E-01 2.35869E-01 2.17074E-02 5.78447E+00 
2.17074E-02 2.51867E-01 2.76746E-01 8.61261E-01 8.63138E-01 8.64845E-01 8.71874E-01 2.76747E-01 2.51867E-01 2.17074E-02 6.18888E+00 
2.17074E-02 3.36275E-01 3.61213E-01 9.41215E-01 9.43163E-01 9.45022E-01 9.52209E-01 3.61214E-01 3.36275E-01 2.17074E-02 8.35902E+00 
2.17074E-02 4.35307E-01 4.60305E-01 1.03576E+00 1.03778E+00 1.03980E+00 1.04715E+00 4.60306E-01 4.35307E-01 2.17074E-02 1.09735E+01 
2.17074E-02 5.50610E-01 5.75669E-01 1.14654E+00 1.14864E+00 1.15082E+00 1.15834E+00 5.75670E-01 5.50610E-01 2.17074E-02 1.40938E+01 
2.17074E-02 6.83977E-01 7.09099E-01 1.27536E+00 1.27753E+00 1.27990E+00 1.28759E+00 7.09099E-01 6.83977E-01 2.17074E-02 1.77840E+01 
1.27059E-01 8.30335E-01 8.55519E-01 1.41718E+00 1.41944E+00 1.42199E+00 1.42986E+00 8.55520E-01 8.30335E-01 1.27059E-01 2.19468E+01 
3.01630E-01 9.98325E-01 1.02357E+00 1.58060E+00 1.58293E+00 1.58569E+00 1.59374E+00 1.02357E+00 9.98325E-01 3.01630E-01 2.67446E+01 
5.01899E-01 1.19195E+00 1.21726E+00 1.76960E+00 1.77202E+00 1.77498E+00 1.78322E+00 1.21726E+00 1.19195E+00 5.01899E-01 3.22807E+01 
7.30503E-01 1.41385E+00 1.43923E+00 1.98682E+00 1.98933E+00 1.99252E+00 2.00095E+00 1.43923E+00 1.41385E+00 7.30503E-01 3.86291E+01 
9.90249E-01 1.66684E+00 1.69228E+00 2.23510E+00 2.23770E+00 2.24112E+00 2.24976E+00 1.69228E+00 1.66684E+00 9.90249E-01 4.58640E+01 
1.28410E+00 1.95389E+00 1.97941E+00 2.51741E+00 2.52010E+00 2.52377E+00 2.53262E+00 1.97941E+00 1.95389E+00 1.28410E+00 5.40587E+01 
1.61518E+00 2.27813E+00 2.30371E+00 2.83687E+00 2.83966E+00 2.84358E+00 2.85265E+00 2.30371E+00 2.27813E+00 1.61518E+00 6.32836E+01 
1.98672E+00 2.64279E+00 2.66845E+00 3.19673E+00 3.19962E+00 3.20382E+00 3.21311E+00 2.66845E+00 2.64279E+00 1.98672E+00 7.36058E+01 
2.40206E+00 3.05124E+00 3.07696E+00 3.60035E+00 3.60334E+00 3.60783E+00 3.61735E+00 3.07696E+00 3.05124E+00 2.40206E+00 8.50870E+01 
2.86463E+00 3.50689E+00 3.53269E+00 4.05116E+00 4.05425E+00 4.05904E+00 4.06880E+00 3.53269E+00 3.50689E+00 2.86463E+00 9.77829E+01 
3.37790E+00 4.01323E+00 4.03909E+00 4.55263E+00 4.55583E+00 4.56094E+00 4.57094E+00 4.03909E+00 4.01323E+00 3.37790E+00 1.11741E+02 
3.94533E+00 4.57371E+00 4.59965E+00 5.10824E+00 5.11155E+00 5.11699E+00 5.12725E+00 4.59965E+00 4.57371E+00 3.94533E+00 1.27001E+02 
4.57034E+00 5.19178E+00 5.21779E+00 5.72143E+00 5.72485E+00 5.73064E+00 5.74116E+00 5.21779E+00 5.19178E+00 4.57034E+00 1.43591E+02 
2.02888E-02 9.14293E-02 -7.78550E-03 5.75701E-01 5.77397E-01 5.78495E-01 5.85230E-01 -7.78558E-03 9.14293E-02 2.02888E-02 -6.98491E-01 
2.02888E-02 9.14293E-02 1.15076E-02 5.91162E-01 5.92919E-01 5.94136E-01 6.01003E-01 1.15076E-02 9.14293E-02 2.02888E-02 -2.17973E-01 
2.02888E-02 1.12027E-02 3.61907E-02 6.12017E-01 6.13837E-01 6.15178E-01 6.22179E-01 3.61908E-02 1.12027E-02 2.02888E-02 3.76128E-01 
2.02888E-02 4.17124E-02 6.67506E-02 6.38748E-01 6.40630E-01 6.42102E-01 6.49240E-01 6.67508E-02 4.17124E-02 2.02888E-02 1.09069E+00 
2.02888E-02 7.91449E-02 1.04234E-01 6.72355E-01 6.74303E-01 6.75912E-01 6.83191E-01 1.04235E-01 7.91449E-02 2.02888E-02 1.97656E+00 
2.02888E-02 1.24257E-01 1.49399E-01 7.13601E-01 7.15616E-01 7.17368E-01 7.24792E-01 1.49399E-01 1.24257E-01 2.02888E-02 3.06371E+00 
2.02888E-02 1.77875E-01 2.03071E-01 7.63314E-01 7.65398E-01 7.67301E-01 7.74875E-01 2.03071E-01 1.77875E-01 2.02888E-02 4.38501E+00 
2.02888E-02 2.25767E-01 2.51004E-01 8.08159E-01 8.10298E-01 8.12323E-01 8.20016E-01 2.51004E-01 2.25767E-01 2.02888E-02 5.59049E+00 
2.02888E-02 2.40897E-01 2.66147E-01 8.22395E-01 8.24550E-01 8.26612E-01 8.34340E-01 2.66147E-01 2.40897E-01 2.02888E-02 5.97597E+00 
2.02888E-02 3.20511E-01 3.45820E-01 8.97724E-01 8.99958E-01 9.02199E-01 9.10098E-01 3.45821E-01 3.20511E-01 2.02888E-02 8.03736E+00 
2.02888E-02 4.13526E-01 4.38896E-01 9.86421E-01 9.88736E-01 9.91167E-01 9.99241E-01 4.38897E-01 4.13526E-01 2.02888E-02 1.05072E+01 
2.02888E-02 5.21399E-01 5.46831E-01 1.08995E+00 1.09234E+00 1.09497E+00 1.10323E+00 5.46832E-01 5.21399E-01 2.02888E-02 1.34388E+01 
2.02888E-02 6.45707E-01 6.71201E-01 1.20988E+00 1.21236E+00 1.21520E+00 1.22364E+00 6.71202E-01 6.45707E-01 2.02888E-02 1.68876E+01 
1.18575E-01 7.82110E-01 8.07667E-01 1.34192E+00 1.34450E+00 1.34755E+00 1.35619E+00 8.07668E-01 7.82110E-01 1.18575E-01 2.07502E+01 
2.80853E-01 9.38119E-01 9.63739E-01 1.49353E+00 1.49619E+00 1.49948E+00 1.50832E+00 9.63741E-01 9.38119E-01 2.80853E-01 2.51790E+01 
4.66255E-01 1.11719E+00 1.14287E+00 1.66815E+00 1.67091E+00 1.67444E+00 1.68348E+00 1.14288E+00 1.11719E+00 4.66255E-01 3.02649E+01 
6.77048E-01 1.32159E+00 1.34735E+00 1.86807E+00 1.87092E+00 1.87471E+00 1.88396E+00 1.34735E+00 1.32159E+00 6.77048E-01 3.60695E+01 
9.15627E-01 1.55374E+00 1.57956E+00 2.09568E+00 2.09863E+00 2.10270E+00 2.11217E+00 1.57956E+00 1.55374E+00 9.15627E-01 4.26532E+01 
1.18451E+00 1.81614E+00 1.84203E+00 2.35352E+00 2.35657E+00 2.36093E+00 2.37063E+00 1.84203E+00 1.81614E+00 1.18451E+00 5.00751E+01 
1.48631E+00 2.11142E+00 2.13738E+00 2.64421E+00 2.64737E+00 2.65203E+00 2.66196E+00 2.13738E+00 2.11142E+00 1.48631E+00 5.83907E+01 
1.82374E+00 2.44230E+00 2.46833E+00 2.97048E+00 2.97374E+00 2.97872E+00 2.98889E+00 2.46833E+00 2.44230E+00 1.82374E+00 6.76517E+01 
2.19956E+00 2.81155E+00 2.83765E+00 3.33509E+00 3.33846E+00 3.34377E+00 3.35420E+00 2.83765E+00 2.81155E+00 2.19956E+00 7.79045E+01 
2.61659E+00 3.22199E+00 3.24816E+00 3.74086E+00 3.74435E+00 3.75001E+00 3.76069E+00 3.24816E+00 3.22199E+00 2.61659E+00 8.91892E+01 
3.07762E+00 3.67641E+00 3.70265E+00 4.19062E+00 4.19422E+00 4.20025E+00 4.21120E+00 3.70266E+00 3.67641E+00 3.07762E+00 1.01538E+02 
3.58545E+00 4.17762E+00 4.20394E+00 4.68714E+00 4.69087E+00 4.69728E+00 4.70850E+00 4.20394E+00 4.17762E+00 3.58545E+00 1.14976E+02 
4.14278E+00 4.72833E+00 4.75472E+00 5.23316E+00 5.23701E+00 5.24382E+00 5.25533E+00 4.75472E+00 4.72833E+00 4.14278E+00 1.29519E+02 
1.89432E-02 8.82708E-02 -6.92919E-03 5.48322E-01 5.50285E-01 5.51638E-01 5.59051E-01 -6.92922E-03 8.82708E-02 1.89432E-02 -6.77161E-01 
1.89432E-02 8.82708E-02 1.21548E-02 5.63717E-01 5.65747E-01 5.67242E-01 5.74798E-01 1.21549E-02 8.82708E-02 1.89432E-02 -2.02991E-01 
1.89432E-02 1.09235E-02 3.62860E-02 5.84164E-01 5.86262E-01 5.87905E-01 5.95605E-01 3.62861E-02 1.09235E-02 1.89432E-02 3.79838E-01 
1.89432E-02 4.04876E-02 6.59009E-02 6.10092E-01 6.12261E-01 6.14058E-01 6.21906E-01 6.59011E-02 4.04876E-02 1.89432E-02 1.07691E+00 
1.89432E-02 7.64995E-02 1.01965E-01 6.42424E-01 6.44666E-01 6.46624E-01 6.54625E-01 1.01965E-01 7.64995E-02 1.89432E-02 1.93639E+00 
1.89432E-02 1.19637E-01 1.45155E-01 6.81842E-01 6.84158E-01 6.86286E-01 6.94444E-01 1.45155E-01 1.19637E-01 1.89432E-02 2.98535E+00 
1.89432E-02 1.70639E-01 1.96211E-01 7.29088E-01 7.31480E-01 7.33786E-01 7.42106E-01 1.96211E-01 1.70639E-01 1.89432E-02 4.25326E+00 
1.89432E-02 2.16003E-01 2.41617E-01 7.71523E-01 7.73975E-01 7.76425E-01 7.84873E-01 2.41618E-01 2.16003E-01 1.89432E-02 5.40450E+00 
1.89432E-02 2.30304E-01 2.55931E-01 7.84963E-01 7.87434E-01 7.89927E-01 7.98412E-01 2.55932E-01 2.30304E-01 1.89432E-02 5.77165E+00 
1.89432E-02 3.05342E-01 3.31029E-01 8.55880E-01 8.58437E-01 8.61142E-01 8.69812E-01 3.31030E-01 3.05342E-01 1.89432E-02 7.72805E+00 
1.89432E-02 3.92638E-01 4.18386E-01 9.39023E-01 9.41670E-01 9.44596E-01 9.53457E-01 4.18387E-01 3.92638E-01 1.89432E-02 1.00588E+01 
1.89432E-02 4.93473E-01 5.19283E-01 1.03568E+00 1.03842E+00 1.04157E+00 1.05063E+00 5.19284E-01 4.93473E-01 1.89432E-02 1.28099E+01 
1.89432E-02 6.09229E-01 6.35101E-01 1.14723E+00 1.15006E+00 1.15346E+00 1.16272E+00 6.35103E-01 6.09229E-01 1.89432E-02 1.60285E+01 
1.10540E-01 7.36214E-01 7.62150E-01 1.27002E+00 1.27295E+00 1.27661E+00 1.28608E+00 7.62152E-01 7.36214E-01 1.10540E-01 1.96074E+01 
2.61222E-01 8.80924E-01 9.06924E-01 1.41050E+00 1.41353E+00 1.41746E+00 1.42714E+00 9.06925E-01 8.80924E-01 2.61222E-01 2.36890E+01 
4.32659E-01 1.04633E+00 1.07239E+00 1.57163E+00 1.57476E+00 1.57898E+00 1.58888E+00 1.07240E+00 1.04633E+00 4.32659E-01 2.83534E+01 
6.26787E-01 1.23437E+00 1.26050E+00 1.75535E+00 1.75859E+00 1.76311E+00 1.77324E+00 1.26050E+00 1.23437E+00 6.26787E-01 3.36508E+01 
8.45636E-01 1.44709E+00 1.47329E+00 1.96372E+00 1.96706E+00 1.97189E+00 1.98227E+00 1.47329E+00 1.44709E+00 8.45636E-01 3.96301E+01 
1.09133E+00 1.68660E+00 1.71287E+00 2.19885E+00 2.20230E+00 2.20747E+00 2.21809E+00 1.71287E+00 1.68660E+00 1.09133E+00 4.63378E+01 
1.36604E+00 1.95511E+00 1.98145E+00 2.46294E+00 2.46651E+00 2.47203E+00 2.48290E+00 1.98145E+00 1.95511E+00 1.36604E+00 5.38170E+01 
1.67202E+00 2.25485E+00 2.28126E+00 2.75824E+00 2.76193E+00 2.76781E+00 2.77895E+00 2.28126E+00 2.25485E+00 1.67202E+00 6.21064E+01 
2.01153E+00 2.58810E+00 2.61458E+00 3.08703E+00 3.09084E+00 3.09711E+00 3.10852E+00 2.61458E+00 2.58810E+00 2.01153E+00 7.12394E+01 
2.38686E+00 2.95714E+00 2.98369E+00 3.45160E+00 3.45553E+00 3.46220E+00 3.47389E+00 2.98369E+00 2.95714E+00 2.38686E+00 8.12436E+01 
2.80024E+00 3.36423E+00 3.39085E+00 3.85419E+00 3.85825E+00 3.86535E+00 3.87733E+00 3.39085E+00 3.36423E+00 2.80024E+00 9.21392E+01 
3.25388E+00 3.81156E+00 3.83825E+00 4.29703E+00 4.30122E+00 4.30876E+00 4.32103E+00 3.83826E+00 3.81156E+00 3.25388E+00 1.03939E+02 
3.74988E+00 4.30126E+00 4.32802E+00 4.78222E+00 4.78654E+00 4.79454E+00 4.80713E+00 4.32802E+00 4.30126E+00 3.74988E+00 1.16648E+02 
1.76675E-02 8.51843E-02 -6.05425E-03 5.22005E-01 5.24270E-01 5.25941E-01 5.34090E-01 -6.05421E-03 8.51843E-02 1.76675E-02 -6.54741E-01 
1.76675E-02 8.51843E-02 1.28108E-02 5.37318E-01 5.39659E-01 5.41498E-01 5.49800E-01 1.28109E-02 8.51843E-02 1.76675E-02 -1.86296E-01 
1.76675E-02 1.06464E-02 3.63912E-02 5.57352E-01 5.59768E-01 5.61782E-01 5.70240E-01 3.63915E-02 1.06464E-02 1.76675E-02 3.85867E-01 
1.76675E-02 3.92817E-02 6.50778E-02 5.82490E-01 5.84984E-01 5.87179E-01 5.95798E-01 6.50781E-02 3.92817E-02 1.76675E-02 1.06609E+00 
1.76675E-02 7.39104E-02 9.97587E-02 6.13579E-01 6.16153E-01 6.18539E-01 6.27322E-01 9.97592E-02 7.39104E-02 1.76675E-02 1.89995E+00 
1.76675E-02 1.15138E-01 1.41039E-01 6.51229E-01 6.53885E-01 6.56471E-01 6.65424E-01 1.41040E-01 1.15138E-01 1.76675E-02 2.91178E+00 
1.76675E-02 1.63622E-01 1.89578E-01 6.96101E-01 6.98841E-01 7.01636E-01 7.10764E-01 1.89578E-01 1.63622E-01 1.76675E-02 4.12781E+00 
1.76675E-02 2.06564E-01 2.32562E-01 7.36225E-01 7.39032E-01 7.41997E-01 7.51262E-01 2.32563E-01 2.06564E-01 1.76675E-02 5.22645E+00 
1.76675E-02 2.20071E-01 2.46082E-01 7.48905E-01 7.51732E-01 7.54747E-01 7.64054E-01 2.46083E-01 2.20071E-01 1.76675E-02 5.57586E+00 
1.76675E-02 2.90744E-01 3.16815E-01 8.15615E-01 8.18537E-01 8.21800E-01 8.31307E-01 3.16816E-01 2.90744E-01 1.76675E-02 7.43087E+00 
1.76675E-02 3.72605E-01 3.98737E-01 8.93483E-01 8.96503E-01 9.00026E-01 9.09738E-01 3.98739E-01 3.72605E-01 1.76675E-02 9.62787E+00 
1.76675E-02 4.66777E-01 4.92972E-01 9.83635E-01 9.86755E-01 9.90551E-01 1.00048E+00 4.92973E-01 4.66777E-01 1.76675E-02 1.22062E+01 
1.76675E-02 5.74463E-01 6.00721E-01 1.08728E+00 1.09050E+00 1.09458E+00 1.10472E+00 6.00722E-01 5.74463E-01 1.76675E-02 1.52058E+01 
1.02936E-01 6.92544E-01 7.18866E-01 1.20133E+00 1.20466E+00 1.20904E+00 1.21941E+00 7.18868E-01 6.92544E-01 1.02936E-01 1.85165E+01 
2.42687E-01 8.26606E-01 8.52991E-01 1.33132E+00 1.33476E+00 1.33946E+00 1.35006E+00 8.52993E-01 8.26606E-01 2.42687E-01 2.22718E+01 
4.01015E-01 9.79187E-01 1.00564E+00 1.47980E+00 1.48335E+00 1.48837E+00 1.49921E+00 1.00564E+00 9.79187E-01 4.01015E-01 2.65416E+01 
5.79562E-01 1.15194E+00 1.17845E+00 1.64840E+00 1.65206E+00 1.65744E+00 1.66853E+00 1.17846E+00 1.15194E+00 5.79562E-01 3.13666E+01 
7.80037E-01 1.34657E+00 1.37315E+00 1.83884E+00 1.84263E+00 1.84837E+00 1.85972E+00 1.37315E+00 1.34657E+00 7.80037E-01 3.67854E+01 
1.00421E+00 1.56486E+00 1.59151E+00 2.05292E+00 2.05682E+00 2.06295E+00 2.07457E+00 1.59151E+00 1.56486E+00 1.00421E+00 4.28341E+01 
1.25388E+00 1.80862E+00 1.83534E+00 2.29244E+00 2.29647E+00 2.30300E+00 2.31489E+00 1.83534E+00 1.80862E+00 1.25388E+00 4.95449E+01 
1.53090E+00 2.07969E+00 2.10648E+00 2.55925E+00 2.56340E+00 2.57036E+00 2.58253E+00 2.10648E+00 2.07969E+00 1.53090E+00 5.69459E+01 
1.83709E+00 2.37991E+00 2.40677E+00 2.85518E+00 2.85947E+00 2.86687E+00 2.87934E+00 2.40677E+00 2.37991E+00 1.83709E+00 6.50599E+01 
2.17428E+00 2.71111E+00 2.73804E+00 3.18209E+00 3.18651E+00 3.19438E+00 3.20715E+00 2.73804E+00 2.71111E+00 2.17428E+00 7.39040E+01 
2.54424E+00 3.07507E+00 3.10207E+00 3.54174E+00 3.54630E+00 3.55465E+00 3.56773E+00 3.10208E+00 3.07507E+00 2.54424E+00 8.34890E+01 
2.94868E+00 3.47350E+00 3.50057E+00 3.93585E+00 3.94055E+00 3.94941E+00 3.96281E+00 3.50058E+00 3.47350E+00 2.94868E+00 9.38187E+01 
3.38920E+00 3.90802E+00 3.93515E+00 4.36604E+00 4.37088E+00 4.38027E+00 4.39401E+00 3.93516E+00 3.90802E+00 3.38920E+00 1.04890E+02 
1.64590E-02 8.21657E-02 -5.15841E-03 4.96706E-01 4.99316E-01 5.01380E-01 5.10325E-01 -5.15829E-03 8.21657E-02 1.64590E-02 -6.30810E-01 
1.64590E-02 8.21657E-02 1.34761E-02 5.11922E-01 5.14615E-01 5.16877E-01 5.25988E-01 1.34764E-02 8.21657E-02 1.64590E-02 -1.67498E-01 
1.64590E-02 1.03711E-02 3.65057E-02 5.31538E-01 5.34315E-01 5.36783E-01 5.46062E-01 3.65061E-02 1.03711E-02 1.64590E-02 3.94557E-01 
1.64590E-02 3.80929E-02 6.42791E-02 5.55897E-01 5.58758E-01 5.61442E-01 5.70893E-01 6.42797E-02 3.80929E-02 1.64590E-02 1.05851E+00 
1.64590E-02 7.13741E-02 9.76129E-02 5.85775E-01 5.88724E-01 5.91632E-01 6.01261E-01 9.76136E-02 7.13741E-02 1.64590E-02 1.86746E+00 
1.64590E-02 1.10753E-01 1.37046E-01 6.21715E-01 6.24754E-01 6.27897E-01 6.37708E-01 1.37047E-01 1.10753E-01 1.64590E-02 2.84312E+00 
1.64590E-02 1.56815E-01 1.83161E-01 6.64302E-01 6.67434E-01 6.70823E-01 6.80823E-01 1.83162E-01 1.56815E-01 1.64590E-02 4.00870E+00 
1.64590E-02 1.97436E-01 2.23825E-01 7.02215E-01 7.05419E-01 7.09006E-01 7.19156E-01 2.23826E-01 1.97436E-01 1.64590E-02 5.05631E+00 
1.64590E-02 2.10184E-01 2.36586E-01 7.14168E-01 7.17394E-01 7.21040E-01 7.31234E-01 2.36587E-01 2.10184E-01 1.64590E-02 5.38854E+00 
1.64590E-02 2.76693E-01 3.03156E-01 7.76868E-01 7.80199E-01 7.84135E-01 7.94544E-01 3.03157E-01 2.76693E-01 1.64590E-02 7.14562E+00 
1.64590E-02 3.53392E-01 3.79916E-01 8.49728E-01 8.53166E-01 8.57407E-01 8.68038E-01 3.79917E-01 3.53392E-01 1.64590E-02 9.21404E+00 
1.64590E-02 4.41258E-01 4.67844E-01 9.33730E-01 9.37279E-01 9.41838E-01 9.52698E-01 4.67846E-01 4.41258E-01 1.64590E-02 1.16271E+01 
1.64590E-02 5.41335E-01 5.67984E-01 1.02992E+00 1.03358E+00 1.03848E+00 1.04957E+00 5.67986E-01 5.41335E-01 1.64590E-02 1.44182E+01 
9.57425E-02 6.51003E-01 6.77715E-01 1.13572E+00 1.13949E+00 1.14474E+00 1.15607E+00 6.77718E-01 6.51003E-01 9.57425E-02 1.74758E+01 
2.25198E-01 7.75038E-01 8.01814E-01 1.25585E+00 1.25974E+00 1.26535E+00 1.27694E+00 8.01816E-01 7.75038E-01 2.25198E-01 2.09244E+01 
3.71231E-01 9.15596E-01 9.42436E-01 1.39246E+00 1.39647E+00 1.40246E+00 1.41431E+00 9.42439E-01 9.15596E-01 3.71231E-01 2.48253E+01 
5.35223E-01 1.07406E+00 1.10097E+00 1.54694E+00 1.55108E+00 1.55748E+00 1.56959E+00 1.10097E+00 1.07406E+00 5.35223E-01 2.92107E+01 
7.18601E-01 1.25187E+00 1.27885E+00 1.72073E+00 1.72500E+00 1.73182E+00 1.74422E+00 1.27885E+00 1.25187E+00 7.18601E-01 3.41105E+01 
9.22827E-01 1.45049E+00 1.47753E+00 1.91530E+00 1.91970E+00 1.92697E+00 1.93966E+00 1.47754E+00 1.45049E+00 9.22827E-01 3.95518E+01 
1.14938E+00 1.67141E+00 1.69852E+00 2.13215E+00 2.13668E+00 2.14442E+00 2.15740E+00 1.69852E+00 1.67141E+00 1.14938E+00 4.55578E+01 
1.39974E+00 1.91611E+00 1.94328E+00 2.37275E+00 2.37743E+00 2.38565E+00 2.39894E+00 1.94329E+00 1.91611E+00 1.39974E+00 5.21478E+01 
1.67539E+00 2.18607E+00 2.21331E+00 2.63860E+00 2.64341E+00 2.65215E+00 2.66575E+00 2.21331E+00 2.18607E+00 1.67539E+00 5.93359E+01 
1.97775E+00 2.48272E+00 2.51003E+00 2.93113E+00 2.93608E+00 2.94535E+00 2.95929E+00 2.51004E+00 2.48272E+00 1.97775E+00 6.71312E+01 
2.30819E+00 2.80745E+00 2.83483E+00 3.25172E+00 3.25682E+00 3.26665E+00 3.28093E+00 2.83484E+00 2.80745E+00 2.30819E+00 7.55366E+01 
2.66802E+00 3.16155E+00 3.18900E+00 3.60168E+00 3.60693E+00 3.61734E+00 3.63197E+00 3.18901E+00 3.16155E+00 2.66802E+00 8.45495E+01 
3.05843E+00 3.54623E+00 3.57374E+00 3.98220E+00 3.98761E+00 3.99862E+00 4.01361E+00 3.57375E+00 3.54623E+00 3.05843E+00 9.41605E+01 
1.53146E-02 7.92110E-02 -4.23967E-03 4.72387E-01 4.75386E-01 4.77936E-01 4.87739E-01 -4.23946E-03 7.92110E-02 1.53146E-02 -6.04872E-01 
1.53146E-02 7.92110E-02 1.41514E-02 4.87489E-01 4.90579E-01 4.93363E-01 5.03344E-01 1.41517E-02 7.92110E-02 1.53146E-02 -1.46144E-01 
1.53146E-02 1.00968E-02 3.66288E-02 5.06683E-01 5.09865E-01 5.12891E-01 5.23053E-01 3.66293E-02 1.00968E-02 1.53146E-02 4.06307E-01 
1.53146E-02 3.69194E-02 6.35031E-02 5.30272E-01 5.33548E-01 5.36826E-01 5.47174E-01 6.35038E-02 3.69194E-02 1.53146E-02 1.05451E+00 
1.53146E-02 6.88874E-02 9.55237E-02 5.58969E-01 5.62340E-01 5.65883E-01 5.76422E-01 9.55246E-02 6.88874E-02 1.53146E-02 1.83918E+00 
1.53146E-02 1.06478E-01 1.33168E-01 5.93254E-01 5.96724E-01 6.00543E-01 6.11279E-01 1.33169E-01 1.06478E-01 1.53146E-02 2.77956E+00 
1.53146E-02 1.50208E-01 1.76952E-01 6.33646E-01 6.37217E-01 6.41324E-01 6.52263E-01 1.76954E-01 1.50208E-01 1.53146E-02 3.89600E+00 
1.53146E-02 1.88605E-01 2.15392E-01 6.69440E-01 6.73091E-01 6.77430E-01 6.88530E-01 2.15394E-01 1.88605E-01 1.53146E-02 4.89407E+00 
1.53146E-02 2.00628E-01 2.27427E-01 6.80699E-01 6.84373E-01 6.88781E-01 6.99929E-01 2.27429E-01 2.00628E-01 1.53146E-02 5.20966E+00 
1.53146E-02 2.63168E-01 2.90028E-01 7.39579E-01 7.43367E-01 7.48115E-01 7.59495E-01 2.90030E-01 2.63168E-01 1.53146E-02 6.87210E+00 
1.53146E-02 3.34965E-01 3.61886E-01 8.07688E-01 8.11593E-01 8.16696E-01 8.28317E-01 3.61888E-01 3.34965E-01 1.53146E-02 8.81690E+00 
1.53146E-02 4.16866E-01 4.43849E-01 8.85878E-01 8.89903E-01 8.95378E-01 9.07245E-01 4.43851E-01 4.16866E-01 1.53146E-02 1.10719E+01 
1.53146E-02 5.09770E-01 5.36816E-01 9.75050E-01 9.79197E-01 9.85060E-01 9.97182E-01 5.36818E-01 5.09770E-01 1.53146E-02 1.36647E+01 
8.89431E-02 6.11494E-01 6.38602E-01 1.07306E+00 1.07733E+00 1.08360E+00 1.09598E+00 6.38605E-01 6.11494E-01 8.89431E-02 1.64833E+01 
2.08707E-01 7.26093E-01 7.53264E-01 1.18390E+00 1.18830E+00 1.19500E+00 1.20765E+00 7.53267E-01 7.26093E-01 2.08707E-01 1.96441E+01 
3.43216E-01 8.55386E-01 8.82620E-01 1.30941E+00 1.31394E+00 1.32108E+00 1.33401E+00 8.82624E-01 8.55386E-01 3.43216E-01 2.32004E+01 
4.93622E-01 1.00053E+00 1.02783E+00 1.45072E+00 1.45539E+00 1.46300E+00 1.47622E+00 1.02783E+00 1.00053E+00 4.93622E-01 2.71772E+01 
6.61105E-01 1.16271E+00 1.19007E+00 1.60904E+00 1.61385E+00 1.62194E+00 1.63547E+00 1.19007E+00 1.16271E+00 6.61105E-01 3.15968E+01 
8.46859E-01 1.34312E+00 1.37055E+00 1.78557E+00 1.79052E+00 1.79913E+00 1.81297E+00 1.37055E+00 1.34312E+00 8.46859E-01 3.64789E+01 
1.05208E+00 1.54297E+00 1.57046E+00 1.98151E+00 1.98660E+00 1.99575E+00 2.00991E+00 1.57047E+00 1.54297E+00 1.05208E+00 4.18394E+01 
1.27795E+00 1.76344E+00 1.79100E+00 2.19806E+00 2.20330E+00 2.21301E+00 2.22750E+00 1.79101E+00 1.76344E+00 1.27795E+00 4.76902E+01 
1.52563E+00 2.00569E+00 2.03332E+00 2.43637E+00 2.44176E+00 2.45205E+00 2.46689E+00 2.03333E+00 2.00569E+00 1.52563E+00 5.40386E+01 
1.79621E+00 2.27084E+00 2.29854E+00 2.69756E+00 2.70311E+00 2.71401E+00 2.72921E+00 2.29855E+00 2.27084E+00 1.79621E+00 6.08873E+01 
2.09075E+00 2.55993E+00 2.58769E+00 2.98268E+00 2.98838E+00 2.99993E+00 3.01549E+00 2.58770E+00 2.55993E+00 2.09075E+00 6.82335E+01 
2.41019E+00 2.87391E+00 2.90174E+00 3.29269E+00 3.29855E+00 3.31076E+00 3.32670E+00 2.90175E+00 2.87391E+00 2.41019E+00 7.60694E+01 
2.75538E+00 3.21364E+00 3.24153E+00 3.62843E+00 3.63446E+00 3.64736E+00 3.66370E+00 3.24154E+00 3.21364E+00 2.75538E+00 8.43818E+01 
1.42319E-02 7.63173E-02 -3.29647E-03 4.49015E-01 4.52453E-01 4.55600E-01 4.66324E-01 -3.29615E-03 7.63173E-02 1.42319E-02 -5.76349E-01 
1.42319E-02 7.63173E-02 1.48368E-02 4.63986E-01 4.67523E-01 4.70946E-01 4.81862E-01 1.48373E-02 7.63173E-02 1.42319E-02 -1.21708E-01 
1.42319E-02 9.82343E-03 3.67597E-02 4.82751E-01 4.86389E-01 4.90097E-01 5.01208E-01 3.67604E-02 9.82343E-03 1.42319E-02 4.21576E-01 
1.42319E-02 3.57599E-02 6.27478E-02 5.05582E-01 5.09321E-01 5.13326E-01 5.24636E-01 6.27488E-02 3.57599E-02 1.42319E-02 1.05448E+00 
1.42319E-02 6.64476E-02 9.34880E-02 5.33127E-01 5.36971E-01 5.41286E-01 5.52802E-01 9.34892E-02 6.64476E-02 1.42319E-02 1.81542E+00 
1.42319E-02 1.02308E-01 1.29402E-01 5.65813E-01 5.69764E-01 5.74401E-01 5.86130E-01 1.29403E-01 1.02308E-01 1.42319E-02 2.72131E+00 
1.42319E-02 1.43795E-01 1.70943E-01 6.04094E-01 6.08155E-01 6.13130E-01 6.25077E-01 1.70945E-01 1.43795E-01 1.42319E-02 3.78986E+00 
1.42319E-02 1.80062E-01 2.07252E-01 6.37861E-01 6.42009E-01 6.47255E-01 6.59376E-01 2.07254E-01 1.80062E-01 1.42319E-02 4.73979E+00 
1.42319E-02 1.91391E-01 2.18594E-01 6.48457E-01 6.52630E-01 6.57957E-01 6.70130E-01 2.18596E-01 1.91391E-01 1.42319E-02 5.03923E+00 
1.42319E-02 2.50148E-01 2.77411E-01 7.03700E-01 7.07997E-01 7.13720E-01 7.26143E-01 2.77413E-01 2.50148E-01 1.42319E-02 6.61020E+00 
1.42319E-02 3.17292E-01 3.44616E-01 7.67305E-01 7.71728E-01 7.77865E-01 7.90547E-01 3.44618E-01 3.17292E-01 1.42319E-02 8.43614E+00 
1.42319E-02 3.93555E-01 4.20939E-01 8.40004E-01 8.44557E-01 8.51127E-01 8.64075E-01 4.20942E-01 3.93555E-01 1.42319E-02 1.05400E+01 
1.42319E-02 4.79703E-01 5.07149E-01 9.22571E-01 9.27256E-01 9.34276E-01 9.47499E-01 5.07152E-01 4.79703E-01 1.42319E-02 1.29442E+01 
8.25207E-02 5.73929E-01 6.01437E-01 1.01323E+00 1.01805E+00 1.02554E+00 1.03904E+00 6.01440E-01 5.73929E-01 8.25207E-02 1.55375E+01 
1.93169E-01 6.79656E-01 7.07225E-01 1.11536E+00 1.12031E+00 1.12830E+00 1.14209E+00 7.07229E-01 6.79656E-01 1.93169E-01 1.84284E+01 
3.16886E-01 7.98402E-01 8.26034E-01 1.23047E+00 1.23557E+00 1.24406E+00 1.25816E+00 8.26038E-01 7.98402E-01 3.16886E-01 2.16631E+01 
4.54624E-01 9.31123E-01 9.58818E-01 1.35952E+00 1.36476E+00 1.37380E+00 1.38822E+00 9.58823E-01 9.31123E-01 4.54624E-01 2.52604E+01 
6.07344E-01 1.07879E+00 1.10655E+00 1.50348E+00 1.50888E+00 1.51848E+00 1.53322E+00 1.10655E+00 1.07879E+00 6.07344E-01 2.92365E+01 
7.76010E-01 1.24236E+00 1.27018E+00 1.66334E+00 1.66888E+00 1.67907E+00 1.69415E+00 1.27019E+00 1.24236E+00 7.76010E-01 3.36047E+01 
9.61573E-01 1.42280E+00 1.45069E+00 1.84003E+00 1.84573E+00 1.85654E+00 1.87197E+00 1.45070E+00 1.42280E+00 9.61573E-01 3.83749E+01 
1.16496E+00 1.62105E+00 1.64900E+00 2.03451E+00 2.04037E+00 2.05182E+00 2.06761E+00 1.64900E+00 1.62105E+00 1.16496E+00 4.35532E+01 
1.38706E+00 1.83798E+00 1.86599E+00 2.24766E+00 2.25368E+00 2.26580E+00 2.28197E+00 1.86600E+00 1.83798E+00 1.38706E+00 4.91415E+01 
1.62871E+00 2.07444E+00 2.10252E+00 2.48033E+00 2.48652E+00 2.49934E+00 2.51589E+00 2.10253E+00 2.07444E+00 1.62871E+00 5.51376E+01 
1.89066E+00 2.33119E+00 2.35933E+00 2.73328E+00 2.73964E+00 2.75318E+00 2.77013E+00 2.35934E+00 2.33119E+00 1.89066E+00 6.15346E+01 
2.17358E+00 2.60891E+00 2.63712E+00 3.00720E+00 3.01372E+00 3.02802E+00 3.04539E+00 2.63713E+00 2.60891E+00 2.17358E+00 6.83212E+01 
2.47806E+00 2.90818E+00 2.93644E+00 3.30265E+00 3.30935E+00 3.32443E+00 3.34222E+00 2.93645E+00 2.90818E+00 2.47806E+00 7.54816E+01 
1.32082E-02 7.34818E-02 -2.32766E-03 4.26560E-01 4.30490E-01 4.34372E-01 4.46082E-01 -2.32719E-03 7.34818E-02 1.32082E-02 -5.44564E-01 
1.32082E-02 7.34818E-02 1.55325E-02 4.41382E-01 4.45420E-01 4.49626E-01 4.61541E-01 1.55332E-02 7.34818E-02 1.32082E-02 -9.35843E-02 
1.32082E-02 9.55048E-03 3.68978E-02 4.59715E-01 4.63861E-01 4.68402E-01 4.80528E-01 3.68987E-02 9.55048E-03 1.32082E-02 4.40895E-01 
1.32082E-02 3.46134E-02 6.20119E-02 4.81796E-01 4.86053E-01 4.90942E-01 5.03282E-01 6.20131E-02 3.46134E-02 1.32082E-02 1.05885E+00 
1.32082E-02 6.40524E-02 9.15031E-02 5.08220E-01 5.12590E-01 5.17841E-01 5.30402E-01 9.15046E-02 6.40524E-02 1.32082E-02 1.79652E+00 
1.32082E-02 9.82382E-02 1.25742E-01 5.39358E-01 5.43845E-01 5.49474E-01 5.62263E-01 1.25743E-01 9.82382E-02 1.32082E-02 2.66864E+00 
1.32082E-02 1.37568E-01 1.65125E-01 5.75612E-01 5.80217E-01 5.86240E-01 5.99266E-01 1.65127E-01 1.37568E-01 1.32082E-02 3.69041E+00 
1.32082E-02 1.71795E-01 1.99393E-01 6.07441E-01 6.12140E-01 6.18479E-01 6.31692E-01 1.99396E-01 1.71795E-01 1.32082E-02 4.59351E+00 
1.32082E-02 1.82461E-01 2.10072E-01 6.17404E-01 6.22130E-01 6.28563E-01 6.41832E-01 2.10075E-01 1.82461E-01 1.32082E-02 4.87728E+00 
1.32082E-02 2.37614E-01 2.65284E-01 6.69186E-01 6.74046E-01 6.80941E-01 6.94479E-01 2.65287E-01 2.37614E-01 1.32082E-02 6.35980E+00 
1.32082E-02 3.00345E-01 3.28074E-01 7.28522E-01 7.33519E-01 7.40894E-01 7.54712E-01 3.28077E-01 3.00345E-01 1.32082E-02 8.07144E+00 
1.32082E-02 3.71277E-01 3.99067E-01 7.96039E-01 8.01175E-01 8.09053E-01 8.23158E-01 3.99071E-01 3.71277E-01 1.32082E-02 1.00309E+01 
1.32082E-02 4.51064E-01 4.78914E-01 8.72392E-01 8.77671E-01 8.86070E-01 9.00473E-01 4.78918E-01 4.51064E-01 1.32082E-02 1.22557E+01 
7.64585E-02 5.38221E-01 5.66131E-01 9.56129E-01 9.61552E-01 9.70494E-01 9.85202E-01 5.66135E-01 5.38221E-01 7.64585E-02 1.46366E+01 
1.78539E-01 6.35611E-01 6.63581E-01 1.05007E+00 1.05564E+00 1.06515E+00 1.08017E+00 6.63586E-01 6.35611E-01 1.78539E-01 1.72745E+01 
2.92160E-01 7.44492E-01 7.72523E-01 1.15547E+00 1.16119E+00 1.17129E+00 1.18665E+00 7.72529E-01 7.44492E-01 2.92160E-01 2.02094E+01 
4.18093E-01 8.65644E-01 8.93736E-01 1.27310E+00 1.27898E+00 1.28970E+00 1.30540E+00 8.93742E-01 8.65644E-01 4.18093E-01 2.34548E+01 
5.57115E-01 9.99845E-01 1.02800E+00 1.40376E+00 1.40980E+00 1.42117E+00 1.43722E+00 1.02800E+00 9.99845E-01 5.57115E-01 2.70217E+01 
7.09990E-01 1.14787E+00 1.17608E+00 1.54822E+00 1.55441E+00 1.56646E+00 1.58288E+00 1.17609E+00 1.14787E+00 7.09990E-01 3.09183E+01 
8.77460E-01 1.31045E+00 1.33873E+00 1.70722E+00 1.71358E+00 1.72634E+00 1.74313E+00 1.33874E+00 1.31045E+00 8.77460E-01 3.51497E+01 
1.06024E+00 1.48832E+00 1.51666E+00 1.88148E+00 1.88801E+00 1.90150E+00 1.91869E+00 1.51667E+00 1.48832E+00 1.06024E+00 3.97172E+01 
1.25898E+00 1.68214E+00 1.71053E+00 2.07168E+00 2.07838E+00 2.09264E+00 2.11023E+00 1.71054E+00 1.68214E+00 1.25898E+00 4.46189E+01 
1.47430E+00 1.89251E+00 1.92097E+00 2.27842E+00 2.28530E+00 2.30035E+00 2.31836E+00 1.92098E+00 1.89251E+00 1.47430E+00 4.98489E+01 
1.70672E+00 2.11997E+00 2.14849E+00 2.50225E+00 2.50930E+00 2.52518E+00 2.54363E+00 2.14850E+00 2.11997E+00 1.70672E+00 5.53973E+01 
1.95669E+00 2.36498E+00 2.39355E+00 2.74361E+00 2.75085E+00 2.76758E+00 2.78648E+00 2.39357E+00 2.36498E+00 1.95669E+00 6.12507E+01 
2.22456E+00 2.62787E+00 2.65651E+00 3.00286E+00 3.01028E+00 3.02790E+00 3.04726E+00 2.65652E+00 2.62787E+00 2.22456E+00 6.73916E+01 
1.22410E-02 7.07019E-02 -1.33258E-03 4.05000E-01 4.09478E-01 4.14263E-01 4.27021E-01 -1.33190E-03 7.07019E-02 1.22410E-02 -5.08741E-01 
1.22410E-02 7.07019E-02 1.62385E-02 4.19656E-01 4.24250E-01 4.29415E-01 4.42394E-01 1.62395E-02 7.07019E-02 1.22410E-02 -6.10778E-02 
1.22410E-02 9.27778E-03 3.70423E-02 4.37550E-01 4.42262E-01 4.47819E-01 4.61024E-01 3.70435E-02 9.27778E-03 1.22410E-02 4.64862E-01 
1.22410E-02 3.34788E-02 6.12939E-02 4.58892E-01 4.63724E-01 4.69687E-01 4.83123E-01 6.12954E-02 3.34788E-02 1.22410E-02 1.06813E+00 
1.22410E-02 6.16999E-02 8.95663E-02 4.84222E-01 4.89176E-01 4.95562E-01 5.09237E-01 8.95682E-02 6.16999E-02 1.22410E-02 1.78290E+00 
1.22410E-02 9.42649E-02 1.22183E-01 5.13867E-01 5.18946E-01 5.25772E-01 5.39693E-01 1.22186E-01 9.42649E-02 1.22410E-02 2.62183E+00 
1.22410E-02 1.31519E-01 1.59490E-01 5.48174E-01 5.53380E-01 5.60666E-01 5.74841E-01 1.59493E-01 1.31519E-01 1.22410E-02 3.59785E+00 
1.22410E-02 1.63793E-01 1.91805E-01 5.78150E-01 5.83457E-01 5.91110E-01 6.05487E-01 1.91808E-01 1.63793E-01 1.22410E-02 4.45533E+00 
1.22410E-02 1.73827E-01 2.01851E-01 5.87509E-01 5.92846E-01 6.00609E-01 6.15046E-01 2.01854E-01 1.73827E-01 1.22410E-02 4.72388E+00 
1.22410E-02 2.25547E-01 2.53628E-01 6.36000E-01 6.41481E-01 6.49779E-01 6.64508E-01 2.53632E-01 2.25547E-01 1.22410E-02 6.12079E+00 
1.22410E-02 2.84091E-01 3.12231E-01 6.91293E-01 6.96920E-01 7.05776E-01 7.20807E-01 3.12235E-01 2.84091E-01 1.22410E-02 7.72249E+00 
1.22410E-02 3.49990E-01 3.78188E-01 7.53921E-01 7.59697E-01 7.69134E-01 7.84476E-01 3.78193E-01 3.49990E-01 1.22410E-02 9.54379E+00 
1.22410E-02 4.23791E-01 4.52048E-01 8.24434E-01 8.30362E-01 8.40403E-01 8.56066E-01 4.52053E-01 4.23791E-01 1.22410E-02 1.15983E+01 
7.07407E-02 5.04285E-01 5.32599E-01 9.01654E-01 9.07736E-01 9.18403E-01 9.34397E-01 5.32604E-01 5.04285E-01 7.07407E-02 1.37792E+01 
1.64776E-01 5.93848E-01 6.22220E-01 9.87915E-01 9.94155E-01 1.00547E+00 1.02181E+00 6.22226E-01 5.93848E-01 1.64776E-01 1.61802E+01 
2.68956E-01 6.93509E-01 7.21940E-01 1.08424E+00 1.09064E+00 1.10265E+00 1.11934E+00 7.21946E-01 6.93509E-01 2.68956E-01 1.88359E+01 
3.83902E-01 8.03895E-01 8.32384E-01 1.19126E+00 1.19783E+00 1.21055E+00 1.22761E+00 8.32391E-01 8.03895E-01 3.83902E-01 2.17553E+01 
5.10227E-01 9.25622E-01 9.54169E-01 1.30960E+00 1.31634E+00 1.32979E+00 1.34724E+00 9.54177E-01 9.25622E-01 5.10227E-01 2.49453E+01 
6.48525E-01 1.05929E+00 1.08790E+00 1.43986E+00 1.44677E+00 1.46100E+00 1.47884E+00 1.08790E+00 1.05929E+00 6.48525E-01 2.84098E+01 
7.99361E-01 1.20547E+00 1.23413E+00 1.58261E+00 1.58969E+00 1.60473E+00 1.62298E+00 1.23414E+00 1.20547E+00 7.99361E-01 3.21500E+01 
9.63261E-01 1.36468E+00 1.39341E+00 1.73838E+00 1.74564E+00 1.76151E+00 1.78020E+00 1.39342E+00 1.36468E+00 9.63261E-01 3.61641E+01 
1.14070E+00 1.53743E+00 1.56620E+00 1.90766E+00 1.91510E+00 1.93185E+00 1.95097E+00 1.56621E+00 1.53743E+00 1.14070E+00 4.04468E+01 
1.33211E+00 1.72411E+00 1.75294E+00 2.09087E+00 2.09850E+00 2.11615E+00 2.13573E+00 1.75296E+00 1.72411E+00 1.33211E+00 4.49899E+01 
1.53781E+00 1.92508E+00 1.95397E+00 2.28837E+00 2.29619E+00 2.31477E+00 2.33483E+00 1.95399E+00 1.92508E+00 1.53781E+00 4.97816E+01 
1.75809E+00 2.14062E+00 2.16956E+00 2.50043E+00 2.50843E+00 2.52798E+00 2.54853E+00 2.16958E+00 2.14062E+00 1.75809E+00 5.48071E+01 
1.99311E+00 2.37089E+00 2.39989E+00 2.72721E+00 2.73541E+00 2.75596E+00 2.77702E+00 2.39990E+00 2.37089E+00 1.99311E+00 6.00487E+01 
1.13278E-02 6.79758E-02 -3.11114E-04 3.84318E-01 3.89403E-01 3.95293E-01 4.09163E-01 -3.10170E-04 6.79758E-02 1.13278E-02 -4.67989E-01 
1.13278E-02 6.79758E-02 1.69543E-02 3.98789E-01 4.04000E-01 4.10335E-01 4.24443E-01 1.69556E-02 6.79758E-02 1.13278E-02 -2.34050E-02 
1.13278E-02 9.00518E-03 3.71925E-02 4.16240E-01 4.21578E-01 4.28371E-01 4.42721E-01 3.71941E-02 9.00518E-03 1.13278E-02 4.94152E-01 
1.13278E-02 3.23556E-02 6.05924E-02 4.36854E-01 4.42319E-01 4.49586E-01 4.64185E-01 6.05944E-02 3.23556E-02 1.13278E-02 1.08288E+00 
1.13278E-02 5.93885E-02 8.76754E-02 4.61119E-01 4.66716E-01 4.74475E-01 4.89332E-01 8.76778E-02 5.93885E-02 1.13278E-02 1.77499E+00 
1.13278E-02 9.03850E-02 1.18722E-01 4.89321E-01 4.95051E-01 5.03323E-01 5.18446E-01 1.18725E-01 9.03850E-02 1.13278E-02 2.58121E+00 
1.13278E-02 1.25644E-01 1.54032E-01 5.21759E-01 5.27626E-01 5.36431E-01 5.51828E-01 1.54036E-01 1.25644E-01 1.13278E-02 3.51237E+00 
1.13278E-02 1.56048E-01 1.84476E-01 5.49965E-01 5.55939E-01 5.65171E-01 5.80786E-01 1.84480E-01 1.56048E-01 1.13278E-02 4.32536E+00 
1.13278E-02 1.65477E-01 1.93917E-01 5.58749E-01 5.64755E-01 5.74113E-01 5.89794E-01 1.93921E-01 1.65477E-01 1.13278E-02 4.57912E+00 
1.13278E-02 2.13928E-01 2.42424E-01 6.04111E-01 6.10271E-01 6.20249E-01 6.36245E-01 2.42428E-01 2.13928E-01 1.13278E-02 5.89311E+00 
1.13278E-02 2.68504E-01 2.97056E-01 6.55578E-01 6.61893E-01 6.72517E-01 6.88839E-01 2.97061E-01 2.68504E-01 1.13278E-02 7.38904E+00 
1.13278E-02 3.29650E-01 3.58258E-01 7.13596E-01 7.20071E-01 7.31365E-01 7.48024E-01 3.58263E-01 3.29650E-01 1.13278E-02 9.07832E+00 
1.13278E-02 3.97821E-01 4.26485E-01 7.78623E-01 7.85260E-01 7.97250E-01 8.14258E-01 4.26491E-01 3.97821E-01 1.13278E-02 1.09711E+01 
6.53519E-02 4.72039E-01 5.00758E-01 8.49713E-01 8.56513E-01 8.69222E-01 8.86589E-01 5.00765E-01 4.72039E-01 6.53519E-02 1.29637E+01 
1.51838E-01 5.54259E-01 5.83033E-01 9.28777E-01 9.35744E-01 9.49203E-01 9.66943E-01 5.83040E-01 5.54259E-01 1.51838E-01 1.51431E+01 
2.47201E-01 6.45310E-01 6.74139E-01 1.01664E+00 1.02378E+00 1.03802E+00 1.05615E+00 6.74148E-01 6.45310E-01 2.47201E-01 1.75390E+01 
3.51929E-01 7.45687E-01 7.74571E-01 1.11381E+00 1.12112E+00 1.13617E+00 1.15470E+00 7.74580E-01 7.45687E-01 3.51929E-01 2.01569E+01 
4.66497E-01 8.55868E-01 8.84807E-01 1.22075E+00 1.22824E+00 1.24414E+00 1.26309E+00 8.84816E-01 8.55868E-01 4.66497E-01 2.30001E+01 
5.91354E-01 9.76306E-01 1.00530E+00 1.33793E+00 1.34560E+00 1.36239E+00 1.38177E+00 1.00531E+00 9.76306E-01 5.91354E-01 2.60694E+01 
7.26916E-01 1.10742E+00 1.13647E+00 1.46577E+00 1.47363E+00 1.49133E+00 1.51116E+00 1.13648E+00 1.10742E+00 7.26916E-01 2.93630E+01 
8.73557E-01 1.24959E+00 1.27869E+00 1.60465E+00 1.61269E+00 1.63135E+00 1.65164E+00 1.27870E+00 1.24959E+00 8.73557E-01 3.28765E+01 
1.03160E+00 1.40315E+00 1.43230E+00 1.75490E+00 1.76314E+00 1.78278E+00 1.80355E+00 1.43231E+00 1.40315E+00 1.03160E+00 3.66026E+01 
1.20132E+00 1.56835E+00 1.59756E+00 1.91680E+00 1.92523E+00 1.94589E+00 1.96717E+00 1.59757E+00 1.56835E+00 1.20132E+00 4.05313E+01 
1.38289E+00 1.74541E+00 1.77467E+00 2.09054E+00 2.09917E+00 2.12088E+00 2.14268E+00 1.77468E+00 1.74541E+00 1.38289E+00 4.46499E+01 
1.57646E+00 1.93445E+00 1.96375E+00 2.27625E+00 2.28508E+00 2.30789E+00 2.33022E+00 1.96377E+00 1.93445E+00 1.57646E+00 4.89433E+01 
1.78205E+00 2.13550E+00 2.16485E+00 2.47398E+00 2.48301E+00 2.50695E+00 2.52983E+00 2.16487E+00 2.13550E+00 1.78205E+00 5.33939E+01 
1.04663E-02 6.53017E-02 7.36266E-04 3.64503E-01 3.70257E-01 3.77500E-01 3.92543E-01 7.37583E-04 6.53017E-02 1.04663E-02 -4.21304E-01 
1.04663E-02 6.53017E-02 1.76793E-02 3.78774E-01 3.84662E-01 3.92424E-01 4.07723E-01 1.76810E-02 6.53017E-02 1.04663E-02 2.03090E-02 
1.04663E-02 8.73261E-03 3.73474E-02 3.95777E-01 4.01800E-01 4.10096E-01 4.25657E-01 3.73496E-02 8.73261E-03 1.04663E-02 5.29506E-01 
1.04663E-02 3.12433E-02 5.99060E-02 4.15672E-01 4.21832E-01 4.30679E-01 4.46508E-01 5.99086E-02 3.12433E-02 1.04663E-02 1.10372E+00 
1.04663E-02 5.71168E-02 8.58278E-02 4.38902E-01 4.45201E-01 4.54620E-01 4.70728E-01 8.58309E-02 5.71168E-02 1.04663E-02 1.77328E+00 
1.04663E-02 8.65953E-02 1.15355E-01 4.65710E-01 4.72152E-01 4.82165E-01 4.98560E-01 1.15359E-01 8.65953E-02 1.04663E-02 2.54714E+00 
1.04663E-02 1.19935E-01 1.48744E-01 4.96356E-01 5.02943E-01 5.13573E-01 5.30266E-01 1.48748E-01 1.19935E-01 1.04663E-02 3.43422E+00 
1.04663E-02 1.48549E-01 1.77396E-01 5.22871E-01 5.29572E-01 5.40696E-01 5.57625E-01 1.77401E-01 1.48549E-01 1.04663E-02 4.20374E+00 
1.04663E-02 1.57401E-01 1.86259E-01 5.31107E-01 5.37841E-01 5.49112E-01 5.66111E-01 1.86264E-01 1.57401E-01 1.04663E-02 4.44308E+00 
1.04663E-02 2.02740E-01 2.31651E-01 5.73497E-01 5.80394E-01 5.92380E-01 6.09722E-01 2.31657E-01 2.02740E-01 1.04663E-02 5.67669E+00 
1.04663E-02 2.53556E-01 2.82520E-01 6.21343E-01 6.28406E-01 6.41136E-01 6.58832E-01 2.82526E-01 2.53556E-01 1.04663E-02 7.07082E+00 
1.04663E-02 3.10215E-01 3.39233E-01 6.75018E-01 6.82249E-01 6.95751E-01 7.13813E-01 3.39239E-01 3.10215E-01 1.04663E-02 8.63392E+00 
1.04663E-02 3.73093E-01 4.02163E-01 7.34895E-01 7.42298E-01 7.56599E-01 7.75040E-01 4.02170E-01 3.73093E-01 1.04663E-02 1.03732E+01 
6.02769E-02 4.41405E-01 4.70527E-01 8.00223E-01 8.07798E-01 8.22923E-01 8.41755E-01 4.70535E-01 4.41405E-01 6.02769E-02 1.21886E+01 
1.39685E-01 5.16741E-01 5.45914E-01 8.72548E-01 8.80299E-01 8.96282E-01 9.15519E-01 5.45923E-01 5.16741E-01 1.39685E-01 1.41608E+01 
2.26820E-01 5.99759E-01 6.28983E-01 9.52528E-01 9.60459E-01 9.77335E-01 9.96994E-01 6.28993E-01 5.99759E-01 2.26820E-01 1.63153E+01 
3.22056E-01 6.90840E-01 7.20115E-01 1.04054E+00 1.04866E+00 1.06646E+00 1.08656E+00 7.20125E-01 6.90840E-01 3.22056E-01 1.86547E+01 
4.25750E-01 7.90344E-01 8.19668E-01 1.13696E+00 1.14526E+00 1.16403E+00 1.18459E+00 8.19680E-01 7.90344E-01 4.25750E-01 2.11795E+01 
5.38228E-01 8.98601E-01 9.27975E-01 1.24211E+00 1.25060E+00 1.27038E+00 1.29140E+00 9.27987E-01 8.98601E-01 5.38228E-01 2.38880E+01 
6.59783E-01 1.01591E+00 1.04533E+00 1.35630E+00 1.36498E+00 1.38579E+00 1.40731E+00 1.04534E+00 1.01591E+00 6.59783E-01 2.67763E+01 
7.90664E-01 1.14252E+00 1.17199E+00 1.47977E+00 1.48865E+00 1.51054E+00 1.53256E+00 1.17200E+00 1.14252E+00 7.90664E-01 2.98381E+01 
9.31070E-01 1.27863E+00 1.30815E+00 1.61274E+00 1.62182E+00 1.64482E+00 1.66737E+00 1.30816E+00 1.27863E+00 9.31070E-01 3.30648E+01 
1.08115E+00 1.42440E+00 1.45396E+00 1.75535E+00 1.76464E+00 1.78879E+00 1.81189E+00 1.45398E+00 1.42440E+00 1.08115E+00 3.64455E+01 
1.24097E+00 1.57991E+00 1.60951E+00 1.90769E+00 1.91718E+00 1.94252E+00 1.96619E+00 1.60953E+00 1.57991E+00 1.24097E+00 3.99673E+01 
1.41056E+00 1.74516E+00 1.77481E+00 2.06978E+00 2.07948E+00 2.10604E+00 2.13029E+00 1.77482E+00 1.74516E+00 1.41056E+00 4.36152E+01 
1.58984E+00 1.92011E+00 1.94979E+00 2.24156E+00 2.25146E+00 2.27929E+00 2.30415E+00 1.94981E+00 1.92011E+00 1.58984E+00 4.73723E+01 
9.64199E-03 6.26374E-02 1.82536E-03 3.45267E-01 3.51763E-01 3.60686E-01 3.76980E-01 1.82719E-03 6.26374E-02 9.64199E-03 -3.66677E-01 
9.64199E-03 6.26374E-02 1.84238E-02 3.59319E-01 3.65957E-01 3.75485E-01 3.92056E-01 1.84261E-02 6.26374E-02 9.64199E-03 7.18694E-02 
9.64199E-03 8.45582E-03 3.75084E-02 3.75863E-01 3.82645E-01 3.92794E-01 4.09650E-01 3.75113E-02 8.45582E-03 9.64199E-03 5.72442E-01 
9.64199E-03 3.01246E-02 5.92229E-02 3.95039E-01 4.01966E-01 4.12756E-01 4.29902E-01 5.92263E-02 3.01246E-02 9.64199E-03 1.13178E+00 
9.64199E-03 5.48491E-02 8.39933E-02 4.17244E-01 4.24319E-01 4.35773E-01 4.53222E-01 8.39973E-02 5.48491E-02 9.64199E-03 1.77840E+00 
9.64199E-03 8.28359E-02 1.12026E-01 4.42688E-01 4.49913E-01 4.62056E-01 4.79817E-01 1.12031E-01 8.28359E-02 9.64199E-03 2.51963E+00 
9.64199E-03 1.14302E-01 1.43538E-01 4.71588E-01 4.78967E-01 4.91823E-01 5.09907E-01 1.43544E-01 1.14302E-01 9.64199E-03 3.36258E+00 
9.64199E-03 1.41178E-01 1.70450E-01 4.96465E-01 5.03964E-01 5.17390E-01 5.35732E-01 1.70456E-01 1.41178E-01 9.64199E-03 4.08889E+00 
9.64199E-03 1.49470E-01 1.78753E-01 5.04170E-01 5.11706E-01 5.25301E-01 5.43720E-01 1.78759E-01 1.49470E-01 9.64199E-03 4.31396E+00 
9.64199E-03 1.91802E-01 2.21134E-01 5.43694E-01 5.51401E-01 5.65823E-01 5.84614E-01 2.21141E-01 1.91802E-01 9.64199E-03 5.46837E+00 
9.64199E-03 2.38999E-01 2.68381E-01 5.88066E-01 5.95948E-01 6.11225E-01 6.30402E-01 2.68388E-01 2.38999E-01 9.64199E-03 6.76296E+00 
9.64199E-03 2.91362E-01 3.20793E-01 6.37588E-01 6.45647E-01 6.61811E-01 6.81388E-01 3.20801E-01 2.91362E-01 9.64199E-03 8.20363E+00 
9.64199E-03 3.49190E-01 3.78669E-01 6.92562E-01 7.00800E-01 7.17882E-01 7.37873E-01 3.78679E-01 3.49190E-01 9.64199E-03 9.79502E+00 
5.54294E-02 4.11864E-01 4.41391E-01 7.52395E-01 7.60815E-01 7.78839E-01 7.99257E-01 4.41401E-01 4.11864E-01 5.54294E-02 1.14414E+01 
1.28108E-01 4.80654E-01 5.10227E-01 8.18321E-01 8.26926E-01 8.45929E-01 8.66791E-01 5.10238E-01 4.80654E-01 1.28108E-01 1.32172E+01 
2.07456E-01 5.56071E-01 5.85690E-01 8.90848E-01 8.99641E-01 9.19662E-01 9.40986E-01 5.85702E-01 5.56071E-01 2.07456E-01 1.51444E+01 
2.93752E-01 6.38398E-01 6.68062E-01 9.70261E-01 9.79245E-01 1.00032E+00 1.02213E+00 6.68075E-01 6.38398E-01 2.93752E-01 1.72230E+01 
3.87249E-01 7.27893E-01 7.57600E-01 1.05682E+00 1.06600E+00 1.08817E+00 1.11048E+00 7.57614E-01 7.27893E-01 3.87249E-01 1.94515E+01 
4.88173E-01 8.24783E-01 8.54534E-01 1.15076E+00 1.16013E+00 1.18344E+00 1.20627E+00 8.54549E-01 8.24783E-01 4.88173E-01 2.18264E+01 
5.96710E-01 9.29261E-01 9.59053E-01 1.25226E+00 1.26184E+00 1.28633E+00 1.30969E+00 9.59069E-01 9.29261E-01 5.96710E-01 2.43422E+01 
7.13008E-01 1.04148E+00 1.07131E+00 1.36150E+00 1.37128E+00 1.39698E+00 1.42090E+00 1.07133E+00 1.04148E+00 7.13008E-01 2.69915E+01 
8.37165E-01 1.16153E+00 1.19140E+00 1.47856E+00 1.48855E+00 1.51550E+00 1.54000E+00 1.19142E+00 1.16153E+00 8.37165E-01 2.97648E+01 
9.69230E-01 1.28948E+00 1.31939E+00 1.60351E+00 1.61371E+00 1.64195E+00 1.66705E+00 1.31941E+00 1.28948E+00 9.69230E-01 3.26512E+01 
1.10919E+00 1.42531E+00 1.45525E+00 1.73633E+00 1.74674E+00 1.77632E+00 1.80204E+00 1.45527E+00 1.42531E+00 1.10919E+00 3.56377E+01 
1.25697E+00 1.56895E+00 1.59892E+00 1.87696E+00 1.88758E+00 1.91854E+00 1.94490E+00 1.59895E+00 1.56895E+00 1.25697E+00 3.87100E+01 
1.41244E+00 1.72027E+00 1.75027E+00 2.02526E+00 2.03611E+00 2.06847E+00 2.09550E+00 1.75030E+00 1.72027E+00 1.41244E+00 4.18526E+01 
8.87800E-03 6.00637E-02 2.92083E-03 3.27214E-01 3.34501E-01 3.45441E-01 3.63024E-01 2.92335E-03 6.00637E-02 8.87800E-03 -3.04577E-01 
8.87800E-03 6.00637E-02 1.91633E-02 3.41033E-01 3.48470E-01 3.60112E-01 3.77995E-01 1.91664E-02 6.00637E-02 8.87800E-03 1.30712E-01 
8.87800E-03 8.18334E-03 3.76690E-02 3.57122E-01 3.64711E-01 3.77072E-01 3.95264E-01 3.76728E-02 8.18334E-03 8.87800E-03 6.22478E-01 
8.87800E-03 2.90336E-02 5.85620E-02 3.75602E-01 3.83343E-01 3.96443E-01 4.14952E-01 5.85665E-02 2.90336E-02 8.87800E-03 1.16687E+00 
8.87800E-03 5.26542E-02 8.22254E-02 3.96826E-01 4.04723E-01 4.18589E-01 4.37427E-01 8.22306E-02 5.26542E-02 8.87800E-03 1.79072E+00 
8.87800E-03 7.92197E-02 1.08834E-01 4.20973E-01 4.29028E-01 4.43688E-01 4.62866E-01 1.08840E-01 7.92197E-02 8.87800E-03 2.49987E+00 
8.87800E-03 1.08912E-01 1.38569E-01 4.48226E-01 4.56442E-01 4.71923E-01 4.91453E-01 1.38575E-01 1.08912E-01 8.87800E-03 3.29988E+00 
8.87800E-03 1.34150E-01 1.63839E-01 4.71563E-01 4.79906E-01 4.96041E-01 5.15853E-01 1.63847E-01 1.34150E-01 8.87800E-03 3.98447E+00 
8.87800E-03 1.41917E-01 1.71616E-01 4.78772E-01 4.87153E-01 5.03482E-01 5.23377E-01 1.71623E-01 1.41917E-01 8.87800E-03 4.19581E+00 
8.87800E-03 1.81432E-01 2.11176E-01 5.15619E-01 5.24179E-01 5.41454E-01 5.61757E-01 2.11184E-01 1.81432E-01 8.87800E-03 5.27449E+00 
8.87800E-03 2.25256E-01 2.55045E-01 5.56758E-01 5.65500E-01 5.83755E-01 6.04481E-01 2.55055E-01 2.25256E-01 8.87800E-03 6.47471E+00 
8.87800E-03 2.73631E-01 3.03464E-01 6.02432E-01 6.11361E-01 6.30628E-01 6.51791E-01 3.03475E-01 2.73631E-01 8.87800E-03 7.80023E+00 
8.87800E-03 3.26792E-01 3.56668E-01 6.52881E-01 6.61997E-01 6.82311E-01 7.03927E-01 3.56679E-01 3.26792E-01 8.87800E-03 9.25360E+00 
5.09451E-02 3.84251E-01 4.14169E-01 7.07641E-01 7.16946E-01 7.38332E-01 7.60417E-01 4.14181E-01 3.84251E-01 5.09451E-02 1.07437E+01 
1.17427E-01 4.47013E-01 4.76971E-01 7.67682E-01 7.77180E-01 7.99677E-01 8.22248E-01 4.76984E-01 4.47013E-01 1.17427E-01 1.23393E+01 
1.89641E-01 5.15465E-01 5.45463E-01 8.33388E-01 8.43082E-01 8.66732E-01 8.89810E-01 5.45478E-01 5.15465E-01 1.89641E-01 1.40591E+01 
2.67783E-01 5.89809E-01 6.19845E-01 9.04963E-01 9.14856E-01 9.39700E-01 9.63307E-01 6.19861E-01 5.89809E-01 2.67783E-01 1.59015E+01 
3.52025E-01 6.70220E-01 7.00292E-01 9.82584E-01 9.92679E-01 1.01876E+00 1.04292E+00 7.00309E-01 6.70220E-01 3.52025E-01 1.78634E+01 
4.42507E-01 7.56841E-01 7.86949E-01 1.06640E+00 1.07670E+00 1.10406E+00 1.12879E+00 7.86967E-01 7.56841E-01 4.42507E-01 1.99400E+01 
5.39335E-01 8.49783E-01 8.79923E-01 1.15652E+00 1.16703E+00 1.19571E+00 1.22103E+00 8.79944E-01 8.49783E-01 5.39335E-01 2.21249E+01 
6.42575E-01 9.49114E-01 9.79286E-01 1.25302E+00 1.26374E+00 1.29378E+00 1.31971E+00 9.79307E-01 9.49114E-01 6.42575E-01 2.44099E+01 
7.52249E-01 1.05486E+00 1.08506E+00 1.35592E+00 1.36685E+00 1.39830E+00 1.42487E+00 1.08508E+00 1.05486E+00 7.52249E-01 2.67856E+01 
8.68332E-01 1.16700E+00 1.19723E+00 1.46520E+00 1.47635E+00 1.50924E+00 1.53647E+00 1.19725E+00 1.16700E+00 8.68332E-01 2.92409E+01 
9.90744E-01 1.28545E+00 1.31571E+00 1.58080E+00 1.59217E+00 1.62654E+00 1.65446E+00 1.31573E+00 1.28545E+00 9.90744E-01 3.17637E+01 
1.11936E+00 1.41010E+00 1.44037E+00 1.70258E+00 1.71417E+00 1.75007E+00 1.77869E+00 1.44040E+00 1.41010E+00 1.11936E+00 3.43407E+01 
1.25399E+00 1.54075E+00 1.57104E+00 1.83037E+00 1.84218E+00 1.87964E+00 1.90900E+00 1.57107E+00 1.54075E+00 1.25399E+00 3.69576E+01 
8.15876E-03 5.75355E-02 4.03765E-03 3.10050E-01 3.18185E-01 3.31574E-01 3.50500E-01 4.04113E-03 5.75355E-02 8.15876E-03 -2.32919E-01 
8.15876E-03 5.75355E-02 1.99077E-02 3.23621E-01 3.31914E-01 3.46114E-01 3.65368E-01 1.99119E-02 5.75355E-02 8.15876E-03 1.98651E-01 
8.15876E-03 7.91073E-03 3.78296E-02 3.39252E-01 3.47704E-01 3.62733E-01 3.82323E-01 3.78347E-02 7.91073E-03 8.15876E-03 6.81086E-01 
8.15876E-03 2.79520E-02 5.79099E-02 3.57044E-01 3.65656E-01 3.81535E-01 4.01472E-01 5.79157E-02 2.79520E-02 8.15876E-03 1.21003E+00 
8.15876E-03 5.04941E-02 8.04907E-02 3.77314E-01 3.86088E-01 4.02848E-01 4.23144E-01 8.04974E-02 5.04941E-02 8.15876E-03 1.81073E+00 
8.15876E-03 7.56825E-02 1.05718E-01 4.00208E-01 4.09148E-01 4.26818E-01 4.47487E-01 1.05725E-01 7.56825E-02 8.15876E-03 2.48770E+00 
8.15876E-03 1.03668E-01 1.33741E-01 4.25880E-01 4.34988E-01 4.53598E-01 4.74654E-01 1.33750E-01 1.03668E-01 8.15876E-03 3.24510E+00 
8.15876E-03 1.27337E-01 1.57440E-01 4.47748E-01 4.56987E-01 4.76346E-01 4.97710E-01 1.57449E-01 1.27337E-01 8.15876E-03 3.88865E+00 
8.15876E-03 1.34602E-01 1.64713E-01 4.54483E-01 4.63762E-01 4.83343E-01 5.04798E-01 1.64722E-01 1.34602E-01 8.15876E-03 4.08655E+00 
8.15876E-03 1.71435E-01 2.01585E-01 4.88786E-01 4.98251E-01 5.18912E-01 5.40816E-01 2.01596E-01 1.71435E-01 8.15876E-03 5.09152E+00 
8.15876E-03 2.12063E-01 2.42252E-01 5.26868E-01 5.36523E-01 5.58300E-01 5.80668E-01 2.42264E-01 2.12063E-01 8.15876E-03 6.20073E+00 
8.15876E-03 2.56675E-01 2.86902E-01 5.68919E-01 5.78768E-01 6.01696E-01 6.24546E-01 2.86915E-01 2.56675E-01 8.15876E-03 7.41616E+00 
8.15876E-03 3.05450E-01 3.35714E-01 6.15124E-01 6.25167E-01 6.49283E-01 6.72632E-01 3.35728E-01 3.05450E-01 8.15876E-03 8.73866E+00 
4.67312E-02 3.58010E-01 3.88308E-01 6.65124E-01 6.75364E-01 7.00693E-01 7.24558E-01 3.88324E-01 3.58010E-01 4.67312E-02 1.00820E+01 
1.07418E-01 4.15132E-01 4.45463E-01 7.19667E-01 7.30105E-01 7.56690E-01 7.81091E-01 4.45480E-01 4.15132E-01 1.07418E-01 1.15096E+01 
1.72992E-01 4.77102E-01 5.07465E-01 7.79032E-01 7.89673E-01 8.17558E-01 8.42519E-01 5.07483E-01 4.77102E-01 1.72992E-01 1.30375E+01 
2.43583E-01 5.44053E-01 5.74445E-01 8.43356E-01 8.54203E-01 8.83432E-01 9.08975E-01 5.74465E-01 5.44053E-01 2.43583E-01 1.46627E+01 
3.19293E-01 6.16090E-01 6.46511E-01 9.12748E-01 9.23803E-01 9.54421E-01 9.80570E-01 6.46532E-01 6.16090E-01 3.19293E-01 1.63812E+01 
4.00196E-01 6.93292E-01 7.23738E-01 9.87287E-01 9.98554E-01 1.03060E+00 1.05738E+00 7.23761E-01 6.93292E-01 4.00196E-01 1.81872E+01 
4.86331E-01 7.75701E-01 8.06171E-01 1.06702E+00 1.07850E+00 1.11203E+00 1.13946E+00 8.06195E-01 7.75701E-01 4.86331E-01 2.00738E+01 
5.77703E-01 8.63324E-01 8.93814E-01 1.15195E+00 1.16365E+00 1.19869E+00 1.22681E+00 8.93840E-01 8.63324E-01 5.77703E-01 2.20328E+01 
6.74273E-01 9.56126E-01 9.86635E-01 1.24205E+00 1.25397E+00 1.29058E+00 1.31940E+00 9.86663E-01 9.56126E-01 6.74273E-01 2.40548E+01 
7.75964E-01 1.05403E+00 1.08456E+00 1.33725E+00 1.34939E+00 1.38760E+00 1.41715E+00 1.08459E+00 1.05403E+00 7.75964E-01 2.61294E+01 
8.82650E-01 1.15692E+00 1.18746E+00 1.43742E+00 1.44978E+00 1.48964E+00 1.51995E+00 1.18749E+00 1.15692E+00 8.82650E-01 2.82452E+01 
9.94163E-01 1.26463E+00 1.29517E+00 1.54241E+00 1.55499E+00 1.59653E+00 1.62762E+00 1.29521E+00 1.26463E+00 9.94163E-01 3.03901E+01 
1.11029E+00 1.37694E+00 1.40749E+00 1.65199E+00 1.66480E+00 1.70807E+00 1.73997E+00 1.40752E+00 1.37694E+00 1.11029E+00 3.25517E+01 
7.48207E-03 5.50493E-02 5.17358E-03 2.93802E-01 3.02838E-01 3.19192E-01 3.39513E-01 5.17833E-03 5.50493E-02 7.48207E-03 -1.50397E-01 
7.48207E-03 5.50493E-02 2.06546E-02 3.07111E-01 3.16311E-01 3.33598E-01 3.54278E-01 2.06603E-02 5.50493E-02 7.48207E-03 2.76736E-01 
7.48207E-03 7.63777E-03 3.79875E-02 3.22280E-01 3.31645E-01 3.49883E-01 3.70933E-01 3.79941E-02 7.63777E-03 7.48207E-03 7.49075E-01 
7.48207E-03 2.68786E-02 5.72624E-02 3.39393E-01 3.48924E-01 3.68137E-01 3.89568E-01 5.72700E-02 2.68786E-02 7.48207E-03 1.26185E+00 
7.48207E-03 4.83659E-02 7.87833E-02 3.58731E-01 3.68431E-01 3.88651E-01 4.10478E-01 7.87920E-02 4.83659E-02 7.48207E-03 1.83883E+00 
7.48207E-03 7.22189E-02 1.02669E-01 3.80414E-01 3.90286E-01 4.11545E-01 4.33783E-01 1.02679E-01 7.22189E-02 7.48207E-03 2.48333E+00 
7.48207E-03 9.85602E-02 1.29043E-01 4.04567E-01 4.14614E-01 4.36945E-01 4.59609E-01 1.29054E-01 9.85602E-02 7.48207E-03 3.19828E+00 
7.48207E-03 1.20726E-01 1.51233E-01 4.25029E-01 4.35212E-01 4.58395E-01 4.81400E-01 1.51245E-01 1.20726E-01 7.48207E-03 3.80135E+00 
7.48207E-03 1.27511E-01 1.58025E-01 4.31313E-01 4.41537E-01 4.64972E-01 4.88079E-01 1.58037E-01 1.27511E-01 7.48207E-03 3.98607E+00 
7.48207E-03 1.61788E-01 1.92335E-01 4.63196E-01 4.73614E-01 4.98277E-01 5.21878E-01 1.92348E-01 1.61788E-01 7.48207E-03 4.91919E+00 
7.48207E-03 1.99385E-01 2.29964E-01 4.98385E-01 5.09000E-01 5.34927E-01 5.59042E-01 2.29979E-01 1.99385E-01 7.48207E-03 5.94057E+00 
7.48207E-03 2.40446E-01 2.71055E-01 5.37024E-01 5.47838E-01 5.75069E-01 5.99717E-01 2.71071E-01 2.40446E-01 7.48207E-03 7.05074E+00 
7.48207E-03 2.85103E-01 3.15740E-01 5.79248E-01 5.90263E-01 6.18834E-01 6.44036E-01 3.15758E-01 2.85103E-01 7.48207E-03 8.24919E+00 
4.27741E-02 3.33060E-01 3.63724E-01 6.24783E-01 6.36000E-01 6.65939E-01 6.91711E-01 3.63743E-01 3.33060E-01 4.27741E-02 9.45480E+00 
9.80446E-02 3.84910E-01 4.15597E-01 6.74190E-01 6.85612E-01 7.16962E-01 7.43329E-01 4.15618E-01 3.84910E-01 9.80446E-02 1.07260E+01 
1.57446E-01 4.40851E-01 4.71561E-01 7.27666E-01 7.39295E-01 7.72103E-01 7.99091E-01 4.71583E-01 4.40851E-01 1.57446E-01 1.20765E+01 
2.21050E-01 5.00961E-01 5.31690E-01 7.85287E-01 7.97128E-01 8.31441E-01 8.59074E-01 5.31714E-01 5.00961E-01 2.21050E-01 1.35025E+01 
2.88905E-01 5.65290E-01 5.96036E-01 8.47110E-01 8.59165E-01 8.95028E-01 9.23334E-01 5.96062E-01 5.65290E-01 2.88905E-01 1.49990E+01 
3.61032E-01 6.33862E-01 6.64623E-01 9.13158E-01 9.25430E-01 9.62889E-01 9.91894E-01 6.64651E-01 6.33862E-01 3.61032E-01 1.65602E+01 
4.37419E-01 7.06670E-01 7.37443E-01 9.83427E-01 9.95918E-01 1.03502E+00 1.06475E+00 7.37472E-01 7.06670E-01 4.37419E-01 1.81788E+01 
5.18022E-01 7.83671E-01 8.14453E-01 1.05788E+00 1.07059E+00 1.11137E+00 1.14186E+00 8.14485E-01 7.83671E-01 5.18022E-01 1.98469E+01 
6.02760E-01 8.64790E-01 8.95578E-01 1.13643E+00 1.14937E+00 1.19188E+00 1.22315E+00 8.95611E-01 8.64790E-01 6.02760E-01 2.15555E+01 
6.91519E-01 9.49913E-01 9.80703E-01 1.21898E+00 1.23214E+00 1.27643E+00 1.30850E+00 9.80738E-01 9.49913E-01 6.91519E-01 2.32950E+01 
7.84141E-01 1.03889E+00 1.06968E+00 1.30537E+00 1.31876E+00 1.36486E+00 1.39777E+00 1.06971E+00 1.03889E+00 7.84141E-01 2.50550E+01 
8.80437E-01 1.13153E+00 1.16231E+00 1.39542E+00 1.40904E+00 1.45698E+00 1.49077E+00 1.16235E+00 1.13153E+00 8.80437E-01 2.68250E+01 
9.80174E-01 1.22760E+00 1.25837E+00 1.48890E+00 1.50274E+00 1.55258E+00 1.58726E+00 1.25841E+00 1.22760E+00 9.80174E-01 2.85939E+01 
6.84570E-03 5.25999E-02 6.32630E-03 2.78507E-01 2.88488E-01 3.08418E-01 3.30184E-01 6.33278E-03 5.25999E-02 6.84570E-03 -5.57541E-02 
6.84570E-03 5.25999E-02 2.14014E-02 2.91538E-01 3.01689E-01 3.22685E-01 3.44850E-01 2.14090E-02 5.25999E-02 6.84570E-03 3.65930E-01 
6.84570E-03 7.36400E-03 3.81389E-02 3.06237E-01 3.16559E-01 3.38643E-01 3.61217E-01 3.81476E-02 7.36400E-03 6.84570E-03 8.27143E-01 
6.84570E-03 2.58114E-02 5.66143E-02 3.22678E-01 3.33172E-01 3.56367E-01 3.79364E-01 5.66242E-02 2.58114E-02 6.84570E-03 1.32280E+00 
6.84570E-03 4.62652E-02 7.70953E-02 3.41104E-01 3.51773E-01 3.76114E-01 3.99550E-01 7.71065E-02 4.62652E-02 6.84570E-03 1.87527E+00 
6.84570E-03 6.88212E-02 9.96775E-02 3.61613E-01 3.72459E-01 3.97981E-01 4.21873E-01 9.96899E-02 6.88212E-02 6.84570E-03 2.48681E+00 
6.84570E-03 9.35763E-02 1.24458E-01 3.84303E-01 3.95330E-01 4.22067E-01 4.46433E-01 1.24472E-01 9.35763E-02 6.84570E-03 3.15931E+00 
6.84570E-03 1.14300E-01 1.45200E-01 4.03418E-01 4.14586E-01 4.42288E-01 4.67032E-01 1.45215E-01 1.14300E-01 6.84570E-03 3.72236E+00 
6.84570E-03 1.20625E-01 1.51530E-01 4.09271E-01 4.20481E-01 4.48468E-01 4.73326E-01 1.51545E-01 1.20625E-01 6.84570E-03 3.89410E+00 
6.84570E-03 1.52465E-01 1.83394E-01 4.38851E-01 4.50261E-01 4.79635E-01 5.05043E-01 1.83411E-01 1.52465E-01 6.84570E-03 4.75708E+00 
6.84570E-03 1.87187E-01 2.18140E-01 4.71299E-01 4.82911E-01 5.13712E-01 5.39692E-01 2.18158E-01 1.87187E-01 6.84570E-03 5.69362E+00 
6.84570E-03 2.24895E-01 2.55869E-01 5.06720E-01 5.18537E-01 5.50804E-01 5.77378E-01 2.55889E-01 2.24895E-01 6.84570E-03 6.70311E+00 
6.84570E-03 2.65682E-01 2.96673E-01 5.45207E-01 5.57231E-01 5.91004E-01 6.18195E-01 2.96695E-01 2.65682E-01 6.84570E-03 7.78402E+00 
3.90599E-02 3.09317E-01 3.40325E-01 5.86553E-01 5.98784E-01 6.34089E-01 6.61916E-01 3.40348E-01 3.09317E-01 3.90599E-02 8.86050E+00 
8.92722E-02 3.56240E-01 3.87261E-01 6.31166E-01 6.43607E-01 6.80488E-01 7.08978E-01 3.87286E-01 3.56240E-01 8.92722E-02 9.98630E+00 
1.42938E-01 4.06578E-01 4.37610E-01 6.79171E-01 6.91825E-01 7.30332E-01 7.59513E-01 4.37637E-01 4.06578E-01 1.42938E-01 1.11731E+01 
2.00085E-01 4.60364E-01 4.91403E-01 7.30601E-01 7.43471E-01 7.83652E-01 8.13553E-01 4.91432E-01 4.60364E-01 2.00085E-01 1.24165E+01 
2.60719E-01 5.17605E-01 5.48649E-01 7.85467E-01 7.98556E-01 8.40457E-01 8.71108E-01 5.48680E-01 5.17605E-01 2.60719E-01 1.37114E+01 
3.24817E-01 5.78283E-01 6.09328E-01 8.43753E-01 8.57062E-01 9.00732E-01 9.32161E-01 6.09362E-01 5.78283E-01 3.24817E-01 1.50516E+01 
3.92330E-01 6.42352E-01 6.73395E-01 9.05413E-01 9.18946E-01 9.64428E-01 9.96667E-01 6.73431E-01 6.42352E-01 3.92330E-01 1.64302E+01 
4.63179E-01 7.09736E-01 7.40774E-01 9.70374E-01 9.84132E-01 1.03147E+00 1.06455E+00 7.40812E-01 7.09736E-01 4.63179E-01 1.78396E+01 
5.37255E-01 7.80328E-01 8.11357E-01 1.03853E+00 1.05252E+00 1.10175E+00 1.13571E+00 8.11397E-01 7.80328E-01 5.37255E-01 1.92715E+01 
6.14418E-01 8.53993E-01 8.85008E-01 1.10975E+00 1.12396E+00 1.17514E+00 1.20999E+00 8.85051E-01 8.53993E-01 6.14418E-01 2.07173E+01 
6.94495E-01 9.30559E-01 9.61556E-01 1.18386E+00 1.19830E+00 1.25146E+00 1.28725E+00 9.61601E-01 9.30559E-01 6.94495E-01 2.21677E+01 
7.77284E-01 1.00983E+00 1.04080E+00 1.26066E+00 1.27533E+00 1.33051E+00 1.36726E+00 1.04085E+00 1.00983E+00 7.77284E-01 2.36137E+01 
8.62551E-01 1.09157E+00 1.12251E+00 1.33992E+00 1.35482E+00 1.41206E+00 1.44981E+00 1.12256E+00 1.09157E+00 8.62551E-01 2.50459E+01 
6.24653E-03 5.01765E-02 7.49544E-03 2.64188E-01 2.75151E-01 2.99381E-01 3.22650E-01 7.50424E-03 5.01765E-02 6.24653E-03 5.22882E-02 
6.24653E-03 5.01765E-02 2.21459E-02 2.76921E-01 2.88060E-01 3.13504E-01 3.37217E-01 2.21560E-02 5.01765E-02 6.24653E-03 4.67173E-01 
6.24653E-03 7.08823E-03 3.82788E-02 2.91142E-01 3.02457E-01 3.29137E-01 3.53308E-01 3.82904E-02 7.08823E-03 6.24653E-03 9.15916E-01 
6.24653E-03 2.47458E-02 5.59569E-02 3.06911E-01 3.18404E-01 3.46344E-01 3.70987E-01 5.59698E-02 2.47458E-02 6.24653E-03 1.39321E+00 
6.24653E-03 4.41829E-02 7.54132E-02 3.24439E-01 3.36112E-01 3.65349E-01 3.90484E-01 7.54276E-02 4.41829E-02 6.24653E-03 1.92012E+00 
6.24653E-03 6.54741E-02 9.67222E-02 3.43803E-01 3.55659E-01 3.86230E-01 4.11875E-01 9.67382E-02 6.54741E-02 6.24653E-03 2.49798E+00 
6.24653E-03 8.86938E-02 1.19958E-01 3.65078E-01 3.77119E-01 4.09061E-01 4.35237E-01 1.19976E-01 8.86938E-02 6.24653E-03 3.12780E+00 
6.24653E-03 1.08029E-01 1.39305E-01 3.82897E-01 3.95083E-01 4.28111E-01 4.54711E-01 1.39324E-01 1.08029E-01 6.24653E-03 3.65107E+00 
6.24653E-03 1.13913E-01 1.45192E-01 3.88336E-01 4.00565E-01 4.33914E-01 4.60641E-01 1.45211E-01 1.13913E-01 6.24653E-03 3.81002E+00 
6.24653E-03 1.43421E-01 1.74715E-01 4.15714E-01 4.28149E-01 4.63055E-01 4.90399E-01 1.74736E-01 1.43421E-01 6.24653E-03 4.60429E+00 
6.24653E-03 1.75409E-01 2.06714E-01 4.45556E-01 4.58199E-01 4.94705E-01 5.22690E-01 2.06737E-01 1.75409E-01 6.24653E-03 5.45869E+00 
6.24653E-03 2.09945E-01 2.41260E-01 4.77933E-01 4.90786E-01 5.28932E-01 5.57584E-01 2.41285E-01 2.09945E-01 6.24653E-03 6.37174E+00 
6.24653E-03 2.47088E-01 2.78409E-01 5.12904E-01 5.25969E-01 5.65796E-01 5.95140E-01 2.78436E-01 2.47088E-01 6.24653E-03 7.34116E+00 
3.55699E-02 2.86660E-01 3.17985E-01 5.50313E-01 5.63589E-01 6.05120E-01 6.35178E-01 3.18014E-01 2.86660E-01 3.55699E-02 8.29647E+00 
8.10541E-02 3.28974E-01 3.60299E-01 5.90441E-01 6.03932E-01 6.47214E-01 6.78015E-01 3.60330E-01 3.28974E-01 8.10541E-02 9.28698E+00 
1.29388E-01 3.74101E-01 4.05423E-01 6.33360E-01 6.47068E-01 6.92151E-01 7.23726E-01 4.05457E-01 3.74101E-01 1.29388E-01 1.03227E+01 
1.80566E-01 4.22038E-01 4.53354E-01 6.79065E-01 6.92993E-01 7.39926E-01 7.72308E-01 4.53390E-01 4.22038E-01 1.80566E-01 1.13991E+01 
2.34557E-01 4.72759E-01 5.04065E-01 7.27534E-01 7.41684E-01 7.90515E-01 8.23736E-01 5.04103E-01 4.72759E-01 2.34557E-01 1.25109E+01 
2.91310E-01 5.26216E-01 5.57508E-01 7.78719E-01 7.93094E-01 8.43868E-01 8.77962E-01 5.57548E-01 5.26216E-01 2.91310E-01 1.36521E+01 
3.50747E-01 5.82333E-01 6.13607E-01 8.32548E-01 8.47149E-01 8.99912E-01 9.34912E-01 6.13650E-01 5.82333E-01 3.50747E-01 1.48162E+01 
4.12767E-01 6.41013E-01 6.72265E-01 8.88923E-01 9.03752E-01 9.58546E-01 9.94486E-01 6.72311E-01 6.41013E-01 4.12767E-01 1.59961E+01 
4.77242E-01 7.02131E-01 7.33355E-01 9.47720E-01 9.62778E-01 1.01965E+00 1.05656E+00 7.33404E-01 7.02131E-01 4.77242E-01 1.71844E+01 
5.44019E-01 7.65535E-01 7.96728E-01 1.00879E+00 1.02408E+00 1.08306E+00 1.12098E+00 7.96779E-01 7.65535E-01 5.44019E-01 1.83735E+01 
6.12917E-01 8.31050E-01 8.62206E-01 1.07196E+00 1.08748E+00 1.14861E+00 1.18757E+00 8.62260E-01 8.31050E-01 6.12917E-01 1.95556E+01 
6.83735E-01 8.98476E-01 9.29590E-01 1.13703E+00 1.15278E+00 1.21609E+00 1.25613E+00 9.29647E-01 8.98476E-01 6.83735E-01 2.07228E+01 
7.56246E-01 9.67588E-01 9.98655E-01 1.20377E+00 1.21975E+00 1.28528E+00 1.32643E+00 9.98715E-01 9.67588E-01 7.56246E-01 2.18675E+01 
5.68362E-03 4.77742E-02 8.67687E-03 2.50925E-01 2.62895E-01 2.92260E-01 3.17094E-01 8.68876E-03 4.77742E-02 5.68362E-03 1.74335E-01 
5.68362E-03 4.77742E-02 2.28826E-02 2.63337E-01 2.75489E-01 3.06228E-01 3.31562E-01 2.28961E-02 4.77742E-02 5.68362E-03 5.80722E-01 
5.68362E-03 6.80981E-03 3.84005E-02 2.77067E-01 2.89400E-01 3.21535E-01 3.47385E-01 3.84156E-02 6.80981E-03 5.68362E-03 1.01536E+00 
5.68362E-03 2.36794E-02 5.52812E-02 2.92161E-01 3.04677E-01 3.38231E-01 3.64614E-01 5.52981E-02 2.36794E-02 5.68362E-03 1.47283E+00 
5.68362E-03 4.21146E-02 7.37259E-02 3.08801E-01 3.21502E-01 3.56514E-01 3.83452E-01 7.37446E-02 4.21146E-02 5.68362E-03 1.97294E+00 
5.68362E-03 6.21711E-02 9.37902E-02 3.27043E-01 3.39932E-01 3.76442E-01 4.03957E-01 9.38106E-02 6.21711E-02 5.68362E-03 2.51628E+00 
5.68362E-03 8.39036E-02 1.15528E-01 3.46944E-01 3.60024E-01 3.98069E-01 4.26183E-01 1.15551E-01 8.39036E-02 5.68362E-03 3.10310E+00 
5.68362E-03 1.01901E-01 1.33529E-01 3.63513E-01 3.76742E-01 4.16001E-01 4.44594E-01 1.33553E-01 1.01901E-01 5.68362E-03 3.58685E+00 
5.68362E-03 1.07362E-01 1.38990E-01 3.68554E-01 3.81827E-01 4.21445E-01 4.50181E-01 1.39015E-01 1.07362E-01 5.68362E-03 3.73315E+00 
5.68362E-03 1.34641E-01 1.66271E-01 3.93824E-01 4.07308E-01 4.48664E-01 4.78097E-01 1.66298E-01 1.34641E-01 5.68362E-03 4.46015E+00 
5.68362E-03 1.64029E-01 1.95658E-01 4.21187E-01 4.34883E-01 4.78020E-01 5.08178E-01 1.95687E-01 1.64029E-01 5.68362E-03 5.23513E+00 
5.68362E-03 1.95568E-01 2.27192E-01 4.50684E-01 4.64596E-01 5.09555E-01 5.40465E-01 2.27223E-01 1.95568E-01 5.68362E-03 6.05598E+00 
5.68362E-03 2.29285E-01 2.60902E-01 4.82348E-01 4.96476E-01 5.43298E-01 5.74989E-01 2.60936E-01 2.29285E-01 5.68362E-03 6.91993E+00 
3.22980E-02 2.65045E-01 2.96651E-01 5.16059E-01 5.30403E-01 5.79108E-01 6.11603E-01 2.96687E-01 2.65045E-01 3.22980E-02 7.76191E+00 
7.33736E-02 3.03059E-01 3.34650E-01 5.52001E-01 5.66564E-01 6.17198E-01 6.50531E-01 3.34688E-01 3.03059E-01 7.33736E-02 8.62703E+00 
1.16766E-01 3.43353E-01 3.74925E-01 5.90198E-01 6.04982E-01 6.57597E-01 6.91803E-01 3.74966E-01 3.43353E-01 1.16766E-01 9.52401E+00 
1.62440E-01 3.85898E-01 4.17447E-01 6.30622E-01 6.45630E-01 7.00273E-01 7.35388E-01 4.17491E-01 3.85898E-01 1.62440E-01 1.04483E+01 
2.10343E-01 4.30643E-01 4.62165E-01 6.73224E-01 6.88457E-01 7.45176E-01 7.81235E-01 4.62211E-01 4.30643E-01 2.10343E-01 1.13946E+01 
2.60400E-01 4.77517E-01 5.09007E-01 7.17934E-01 7.33395E-01 7.92234E-01 8.29274E-01 5.09056E-01 4.77517E-01 2.60400E-01 1.23576E+01 
3.12518E-01 5.26429E-01 5.57882E-01 7.64661E-01 7.80351E-01 8.41354E-01 8.79412E-01 5.57934E-01 5.26429E-01 3.12518E-01 1.33310E+01 
3.66579E-01 5.77265E-01 6.08677E-01 8.13294E-01 8.29215E-01 8.92422E-01 9.31533E-01 6.08732E-01 5.77265E-01 3.66579E-01 1.43086E+01 
4.22446E-01 6.29891E-01 6.61256E-01 8.63700E-01 8.79852E-01 9.45301E-01 9.85503E-01 6.61314E-01 6.29891E-01 4.22446E-01 1.52840E+01 
4.79963E-01 6.84154E-01 7.15466E-01 9.15725E-01 9.32108E-01 9.99835E-01 1.04117E+00 7.15527E-01 6.84154E-01 4.79963E-01 1.62506E+01 
5.38951E-01 7.39877E-01 7.71131E-01 9.69195E-01 9.85809E-01 1.05585E+00 1.09834E+00 7.71195E-01 7.39877E-01 5.38951E-01 1.72017E+01 
5.99214E-01 7.96868E-01 8.28058E-01 1.02392E+00 1.04076E+00 1.11314E+00 1.15684E+00 8.28126E-01 7.96868E-01 5.99214E-01 1.81311E+01 
6.60541E-01 8.54918E-01 8.86038E-01 1.07968E+00 1.09676E+00 1.17151E+00 1.21644E+00 8.86108E-01 8.54918E-01 6.60541E-01 1.90324E+01 
5.15495E-03 4.53815E-02 9.86874E-03 2.38771E-01 2.51764E-01 2.87223E-01 3.13700E-01 9.88477E-03 4.53815E-02 5.15495E-03 3.10611E-01 
5.15495E-03 4.53815E-02 2.36066E-02 2.50834E-01 2.64014E-01 3.01017E-01 3.28064E-01 2.36246E-02 4.53815E-02 5.15495E-03 7.06438E-01 
5.15495E-03 6.52717E-03 3.84952E-02 2.64052E-01 2.77419E-01 3.15986E-01 3.43621E-01 3.85151E-02 6.52717E-03 5.15495E-03 1.12504E+00 
5.15495E-03 2.26067E-02 5.45746E-02 2.78461E-01 2.92016E-01 3.32170E-01 3.60412E-01 5.45966E-02 2.26067E-02 5.15495E-03 1.56095E+00 
5.15495E-03 4.00502E-02 7.20159E-02 2.94213E-01 3.07959E-01 3.49742E-01 3.78614E-01 7.20399E-02 4.00502E-02 5.15495E-03 2.03283E+00 
5.15495E-03 5.88970E-02 9.08581E-02 3.11349E-01 3.25289E-01 3.68740E-01 3.98269E-01 9.08843E-02 5.88970E-02 5.15495E-03 2.54064E+00 
5.15495E-03 7.91843E-02 1.11139E-01 3.29908E-01 3.44044E-01 3.89201E-01 4.19412E-01 1.11167E-01 7.91843E-02 5.15495E-03 3.08403E+00 
5.15495E-03 9.58908E-02 1.27838E-01 3.45265E-01 3.59554E-01 4.06059E-01 4.36815E-01 1.27868E-01 9.58908E-02 5.15495E-03 3.52841E+00 
5.15495E-03 1.00944E-01 1.32889E-01 3.49922E-01 3.64256E-01 4.11159E-01 4.42078E-01 1.32920E-01 1.00944E-01 5.15495E-03 3.66222E+00 
5.15495E-03 1.26088E-01 1.58020E-01 3.73165E-01 3.87715E-01 4.36543E-01 4.68254E-01 1.58053E-01 1.26088E-01 5.15495E-03 4.32330E+00 
5.15495E-03 1.53002E-01 1.84917E-01 3.98160E-01 4.12929E-01 4.63723E-01 4.96258E-01 1.84953E-01 1.53002E-01 5.15495E-03 5.02148E+00 
5.15495E-03 1.81704E-01 2.13599E-01 4.24927E-01 4.39916E-01 4.92718E-01 5.26108E-01 2.13637E-01 1.81704E-01 5.15495E-03 5.75425E+00 
5.15495E-03 2.12201E-01 2.44071E-01 4.53473E-01 4.68684E-01 5.23533E-01 5.57809E-01 2.44113E-01 2.12201E-01 5.15495E-03 6.51856E+00 
2.92319E-02 2.44386E-01 2.76228E-01 4.83708E-01 4.99140E-01 5.56052E-01 5.91241E-01 2.76272E-01 2.44386E-01 2.92319E-02 7.25470E+00 
6.62001E-02 2.78391E-01 3.10200E-01 5.15739E-01 5.31393E-01 5.90415E-01 6.26553E-01 3.10247E-01 2.78391E-01 6.62001E-02 8.00389E+00 
1.05016E-01 3.14209E-01 3.45981E-01 5.49556E-01 5.65435E-01 6.26615E-01 6.63741E-01 3.46031E-01 3.14209E-01 1.05016E-01 8.77375E+00 
1.45624E-01 3.51790E-01 3.83520E-01 5.85110E-01 6.01217E-01 6.64602E-01 7.02754E-01 3.83573E-01 3.51790E-01 1.45624E-01 9.55986E+00 
1.87956E-01 3.91067E-01 4.22749E-01 6.22335E-01 6.38670E-01 7.04306E-01 7.43525E-01 4.22806E-01 3.91067E-01 1.87956E-01 1.03574E+01 
2.31924E-01 4.31956E-01 4.63586E-01 6.61147E-01 6.77713E-01 7.45641E-01 7.85966E-01 4.63645E-01 4.31956E-01 2.31924E-01 1.11613E+01 
2.77422E-01 4.74354E-01 5.05926E-01 7.01446E-01 7.18244E-01 7.88503E-01 8.29975E-01 5.05988E-01 4.74354E-01 2.77422E-01 1.19661E+01 
3.24327E-01 5.18142E-01 5.49650E-01 7.43113E-01 7.60143E-01 8.32771E-01 8.75428E-01 5.49716E-01 5.18142E-01 3.24327E-01 1.27664E+01 
3.72501E-01 5.63184E-01 5.94622E-01 7.86013E-01 8.03275E-01 8.78305E-01 9.22187E-01 5.94692E-01 5.63184E-01 3.72501E-01 1.35567E+01 
4.21788E-01 6.09329E-01 6.40691E-01 8.29995E-01 8.47489E-01 9.24952E-01 9.70098E-01 6.40764E-01 6.09329E-01 4.21788E-01 1.43315E+01 
4.72020E-01 6.56409E-01 6.87688E-01 8.74893E-01 8.92618E-01 9.72541E-01 1.01899E+00 6.87765E-01 6.56409E-01 4.72020E-01 1.50853E+01 
5.23014E-01 7.04245E-01 7.35435E-01 9.20527E-01 9.38483E-01 1.02089E+00 1.06868E+00 7.35515E-01 7.04245E-01 5.23014E-01 1.58132E+01 
5.74576E-01 7.52644E-01 7.83740E-01 9.66707E-01 9.84892E-01 1.06980E+00 1.11897E+00 7.83823E-01 7.52644E-01 5.74576E-01 1.65101E+01 
4.65884E-03 4.29856E-02 1.10689E-02 2.27779E-01 2.41801E-01 2.84435E-01 3.12662E-01 1.10904E-02 4.29856E-02 4.65884E-03 4.60479E-01 
4.65884E-03 4.29856E-02 2.43117E-02 2.39456E-01 2.53672E-01 2.98026E-01 3.26908E-01 2.43355E-02 4.29856E-02 4.65884E-03 8.43331E-01 
4.65884E-03 6.23842E-03 3.85522E-02 2.52132E-01 2.66543E-01 3.12636E-01 3.42193E-01 3.85783E-02 6.23842E-03 4.65884E-03 1.24367E+00 
4.65884E-03 2.15212E-02 5.38214E-02 2.65836E-01 2.80441E-01 3.28295E-01 3.58548E-01 5.38499E-02 2.15212E-02 4.65884E-03 1.65609E+00 
4.65884E-03 3.79786E-02 7.02624E-02 2.80693E-01 2.95496E-01 3.45152E-01 3.76129E-01 7.02935E-02 3.79786E-02 4.65884E-03 2.09815E+00 
4.65884E-03 5.56354E-02 8.79002E-02 2.96729E-01 3.11731E-01 3.63230E-01 3.94960E-01 8.79338E-02 5.56354E-02 4.65884E-03 2.56932E+00 
4.65884E-03 7.45143E-02 1.06757E-01 3.13967E-01 3.29172E-01 3.82553E-01 4.15064E-01 1.06793E-01 7.45143E-02 4.65884E-03 3.06880E+00 
4.65884E-03 8.99717E-02 1.22195E-01 3.28142E-01 3.43505E-01 3.98368E-01 4.31504E-01 1.22234E-01 8.99717E-02 4.65884E-03 3.47397E+00 
4.65884E-03 9.46325E-02 1.26850E-01 3.32426E-01 3.47835E-01 4.03136E-01 4.36458E-01 1.26889E-01 9.46325E-02 4.65884E-03 3.59542E+00 
4.65884E-03 1.17727E-01 1.49914E-01 3.53711E-01 3.69343E-01 4.26755E-01 4.60984E-01 1.49956E-01 1.17727E-01 4.65884E-03 4.19193E+00 
4.65884E-03 1.42284E-01 1.74436E-01 3.76438E-01 3.92295E-01 4.51860E-01 4.87030E-01 1.74481E-01 1.42284E-01 4.65884E-03 4.81594E+00 
4.65884E-03 1.68303E-01 2.00416E-01 4.00608E-01 4.16691E-01 4.78447E-01 5.14595E-01 2.00464E-01 1.68303E-01 4.65884E-03 5.46472E+00 
4.65884E-03 1.95772E-01 2.27842E-01 4.26209E-01 4.42520E-01 5.06506E-01 5.43665E-01 2.27893E-01 1.95772E-01 4.65884E-03 6.13512E+00 
2.63615E-02 2.24609E-01 2.56630E-01 4.53176E-01 4.69712E-01 5.35938E-01 5.74136E-01 2.56685E-01 2.24609E-01 2.63615E-02 6.77272E+00 
5.95080E-02 2.54883E-01 2.86851E-01 4.81553E-01 4.98317E-01 5.66826E-01 6.06102E-01 2.86908E-01 2.54883E-01 5.95080E-02 7.41508E+00 
9.40928E-02 2.86564E-01 3.18472E-01 5.11306E-01 5.28300E-01 5.99138E-01 6.39536E-01 3.18534E-01 2.86564E-01 9.40928E-02 8.06896E+00 
1.30049E-01 3.19587E-01 3.51432E-01 5.42373E-01 5.59598E-01 6.32811E-01 6.74373E-01 3.51497E-01 3.19587E-01 1.30049E-01 8.73023E+00 
1.67297E-01 3.53877E-01 3.85651E-01 5.74678E-01 5.92136E-01 6.67762E-01 7.10533E-01 3.85719E-01 3.53877E-01 1.67297E-01 9.39453E+00 
2.05740E-01 3.89340E-01 4.21039E-01 6.08129E-01 6.25821E-01 7.03899E-01 7.47920E-01 4.21110E-01 3.89340E-01 2.05740E-01 1.00573E+01 
2.45270E-01 4.25872E-01 4.57488E-01 6.42622E-01 6.60547E-01 7.41112E-01 7.86426E-01 4.57563E-01 4.25872E-01 2.45270E-01 1.07140E+01 
2.85765E-01 4.63352E-01 4.94879E-01 6.78038E-01 6.96197E-01 7.79279E-01 8.25928E-01 4.94958E-01 4.63352E-01 2.85765E-01 1.13599E+01 
3.27088E-01 5.01649E-01 5.33080E-01 7.14245E-01 7.32637E-01 8.18264E-01 8.66289E-01 5.33163E-01 5.01649E-01 3.27088E-01 1.19904E+01 
3.69094E-01 5.40619E-01 5.71948E-01 7.51101E-01 7.69725E-01 8.57920E-01 9.07363E-01 5.72034E-01 5.40619E-01 3.69094E-01 1.26011E+01 
4.11625E-01 5.80107E-01 6.11326E-01 7.88452E-01 8.07307E-01 8.98089E-01 9.48990E-01 6.11417E-01 5.80107E-01 4.11625E-01 1.31878E+01 
4.54516E-01 6.19951E-01 6.51054E-01 8.26136E-01 8.45219E-01 9.38604E-01 9.91001E-01 6.51148E-01 6.19951E-01 4.54516E-01 1.37464E+01 
4.97594E-01 6.59980E-01 6.90960E-01 8.63982E-01 8.83291E-01 9.79291E-01 1.03322E+00 6.91058E-01 6.59980E-01 4.97594E-01 1.42735E+01 
4.19312E-03 4.05694E-02 1.22766E-02 2.17966E-01 2.33026E-01 2.84043E-01 3.14171E-01 1.23053E-02 4.05694E-02 4.19312E-03 6.22438E-01 
4.19312E-03 4.05694E-02 2.49912E-02 2.29209E-01 2.44472E-01 2.97388E-01 3.28276E-01 2.50226E-02 4.05694E-02 4.19312E-03 9.89573E-01 
4.19312E-03 5.94091E-03 3.85586E-02 2.41304E-01 2.56770E-01 3.11601E-01 3.43271E-01 3.85928E-02 5.94091E-03 4.19312E-03 1.36917E+00 
4.19312E-03 2.04141E-02 5.30021E-02 2.54272E-01 2.69941E-01 3.26707E-01 3.59182E-01 5.30392E-02 2.04141E-02 4.19312E-03 1.75598E+00 
4.19312E-03 3.58842E-02 6.84395E-02 2.68214E-01 2.84088E-01 3.42830E-01 3.76142E-01 6.84795E-02 3.58842E-02 4.19312E-03 2.16650E+00 
4.19312E-03 5.23643E-02 8.48833E-02 2.83143E-01 2.99225E-01 3.59984E-01 3.94164E-01 8.49263E-02 5.23643E-02 4.19312E-03 2.59984E+00 
4.19312E-03 6.98645E-02 1.02344E-01 2.99070E-01 3.15362E-01 3.78176E-01 4.13257E-01 1.02390E-01 6.98645E-02 4.19312E-03 3.05489E+00 
4.19312E-03 8.41087E-02 1.16555E-01 3.12083E-01 3.28539E-01 3.92967E-01 4.28768E-01 1.16603E-01 8.41087E-02 4.19312E-03 3.42098E+00 
4.19312E-03 8.83897E-02 1.20826E-01 3.16001E-01 3.32506E-01 3.97410E-01 4.33425E-01 1.20875E-01 8.83897E-02 4.19312E-03 3.53022E+00 
4.19312E-03 1.09513E-01 1.41898E-01 3.35383E-01 3.52118E-01 4.19316E-01 4.56374E-01 1.41950E-01 1.09513E-01 4.19312E-03 4.06351E+00 
4.19312E-03 1.31821E-01 1.64149E-01 3.55925E-01 3.72892E-01 4.42424E-01 4.80563E-01 1.64206E-01 1.31821E-01 4.19312E-03 4.61595E+00 
4.19312E-03 1.55298E-01 1.87566E-01 3.77615E-01 3.94816E-01 4.66715E-01 5.05975E-01 1.87626E-01 1.55298E-01 4.19312E-03 5.18476E+00 
4.19312E-03 1.79920E-01 2.12122E-01 4.00427E-01 4.17863E-01 4.92164E-01 5.32582E-01 2.12185E-01 1.79920E-01 4.19312E-03 5.76685E+00 
2.36738E-02 2.05621E-01 2.37752E-01 4.24312E-01 4.41980E-01 5.18687E-01 5.60292E-01 2.37820E-01 2.05621E-01 2.36738E-02 6.31292E+00 
5.32652E-02 2.32427E-01 2.64481E-01 4.49271E-01 4.67172E-01 5.46324E-01 5.89158E-01 2.64552E-01 2.32427E-01 5.32652E-02 6.85716E+00 
8.39421E-02 2.60288E-01 2.92259E-01 4.75252E-01 4.93388E-01 5.75027E-01 6.19137E-01 2.92334E-01 2.60288E-01 8.39421E-02 7.40560E+00 
1.15630E-01 2.89135E-01 3.21017E-01 5.02186E-01 5.20557E-01 6.04722E-01 6.50155E-01 3.21095E-01 2.89135E-01 1.15630E-01 7.95454E+00 
1.48244E-01 3.18885E-01 3.50671E-01 5.29990E-01 5.48598E-01 6.35323E-01 6.82126E-01 3.50753E-01 3.18885E-01 1.48244E-01 8.50012E+00 
1.81687E-01 3.49444E-01 3.81127E-01 5.58572E-01 5.77417E-01 6.66734E-01 7.14951E-01 3.81214E-01 3.49444E-01 1.81687E-01 9.03846E+00 
2.15851E-01 3.80708E-01 4.12281E-01 5.87829E-01 6.06910E-01 6.98846E-01 7.48522E-01 4.12372E-01 3.80708E-01 2.15851E-01 9.56565E+00 
2.50617E-01 4.12562E-01 4.44018E-01 6.17645E-01 6.36961E-01 7.31539E-01 7.82718E-01 4.44113E-01 4.12562E-01 2.50617E-01 1.00779E+01 
2.85860E-01 4.44882E-01 4.76214E-01 6.47898E-01 6.67448E-01 7.64687E-01 8.17412E-01 4.76312E-01 4.44882E-01 2.85860E-01 1.05715E+01 
3.21444E-01 4.77536E-01 5.08736E-01 6.78457E-01 6.98238E-01 7.98152E-01 8.52466E-01 5.08839E-01 4.77536E-01 3.21444E-01 1.10430E+01 
3.57227E-01 5.10386E-01 5.41447E-01 7.09184E-01 7.29193E-01 8.31792E-01 8.87734E-01 5.41554E-01 5.10386E-01 3.57227E-01 1.14892E+01 
3.93064E-01 5.43289E-01 5.74203E-01 7.39936E-01 7.60170E-01 8.65458E-01 9.23068E-01 5.74314E-01 5.43289E-01 3.93064E-01 1.19071E+01 
4.28805E-01 5.76096E-01 6.06855E-01 7.70566E-01 7.91021E-01 8.98999E-01 9.58315E-01 6.06970E-01 5.76096E-01 4.28805E-01 1.22942E+01 
3.75656E-03 3.81190E-02 1.34885E-02 2.09334E-01 2.25450E-01 2.86158E-01 3.18407E-01 1.35267E-02 3.81190E-02 3.75656E-03 7.93422E-01 
3.75656E-03 3.81190E-02 2.56357E-02 2.20083E-01 2.36413E-01 2.99196E-01 3.32332E-01 2.56770E-02 3.81190E-02 3.75656E-03 1.14187E+00 
3.75656E-03 5.63226E-03 3.84994E-02 2.31546E-01 2.48089E-01 3.12961E-01 3.47007E-01 3.85440E-02 5.63226E-03 3.75656E-03 1.49811E+00 
3.75656E-03 1.92776E-02 5.20965E-02 2.43735E-01 2.60492E-01 3.27468E-01 3.62450E-01 5.21445E-02 1.92776E-02 3.75656E-03 1.85713E+00 
3.75656E-03 3.37548E-02 6.65216E-02 2.56731E-01 2.73703E-01 3.42823E-01 3.78778E-01 6.65730E-02 3.37548E-02 3.75656E-03 2.23440E+00 
3.75656E-03 4.90667E-02 8.17774E-02 2.70536E-01 2.87727E-01 3.59029E-01 3.95991E-01 8.18323E-02 4.90667E-02 3.75656E-03 2.62880E+00 
3.75656E-03 6.52138E-02 9.78642E-02 2.85152E-01 3.02563E-01 3.76083E-01 4.14088E-01 9.79226E-02 6.52138E-02 3.75656E-03 3.03901E+00 
3.75656E-03 7.82778E-02 1.10879E-01 2.97015E-01 3.14597E-01 3.89857E-01 4.28694E-01 1.10940E-01 7.82778E-02 3.75656E-03 3.36629E+00 
3.75656E-03 8.21911E-02 1.14777E-01 3.00574E-01 3.18206E-01 3.93980E-01 4.33063E-01 1.14839E-01 8.21911E-02 3.75656E-03 3.46348E+00 
3.75656E-03 1.01416E-01 1.33927E-01 3.18096E-01 3.35969E-01 4.14206E-01 4.54493E-01 1.33993E-01 1.01416E-01 3.75656E-03 3.93509E+00 
3.75656E-03 1.21577E-01 1.54009E-01 3.36526E-01 3.54641E-01 4.35377E-01 4.76910E-01 1.54079E-01 1.21577E-01 3.75656E-03 4.41874E+00 
3.75656E-03 1.42649E-01 1.74995E-01 3.55841E-01 3.74199E-01 4.57464E-01 5.00284E-01 1.75069E-01 1.42649E-01 3.75656E-03 4.91174E+00 
3.75656E-03 1.64598E-01 1.96853E-01 3.76007E-01 3.94607E-01 4.80430E-01 5.24580E-01 1.96931E-01 1.64598E-01 3.75656E-03 5.41119E+00 
2.11612E-02 1.87373E-01 2.19530E-01 3.96988E-01 4.15827E-01 5.04202E-01 5.49709E-01 2.19613E-01 1.87373E-01 2.11612E-02 5.87274E+00 
4.74528E-02 2.10964E-01 2.43018E-01 4.18751E-01 4.37830E-01 5.28790E-01 5.75700E-01 2.43105E-01 2.10964E-01 4.74528E-02 6.32738E+00 
7.45295E-02 2.35314E-01 2.67257E-01 4.41235E-01 4.60555E-01 5.54136E-01 6.02499E-01 2.67348E-01 2.35314E-01 7.45295E-02 6.78060E+00 
1.02314E-01 2.60349E-01 2.92175E-01 4.64366E-01 4.83927E-01 5.80161E-01 6.30027E-01 2.92270E-01 2.60349E-01 1.02314E-01 7.22916E+00 
1.30721E-01 2.85985E-01 3.17687E-01 4.88064E-01 5.07865E-01 6.06779E-01 6.58196E-01 3.17786E-01 2.85985E-01 1.30721E-01 7.66978E+00 
1.59655E-01 3.12133E-01 3.43703E-01 5.12237E-01 5.32278E-01 6.33894E-01 6.86910E-01 3.43807E-01 3.12133E-01 1.59655E-01 8.09921E+00 
1.89014E-01 3.38693E-01 3.70122E-01 5.36787E-01 5.57065E-01 6.61402E-01 7.16062E-01 3.70230E-01 3.38693E-01 1.89014E-01 8.51429E+00 
2.18687E-01 3.65558E-01 3.96839E-01 5.61607E-01 5.82121E-01 6.89191E-01 7.45540E-01 3.96952E-01 3.65558E-01 2.18687E-01 8.91199E+00 
2.48560E-01 3.92615E-01 4.23741E-01 5.86587E-01 6.07332E-01 7.17143E-01 7.75226E-01 4.23858E-01 3.92615E-01 2.48560E-01 9.28947E+00 
2.78512E-01 4.19747E-01 4.50709E-01 6.11609E-01 6.32583E-01 7.45138E-01 8.04995E-01 4.50831E-01 4.19747E-01 2.78512E-01 9.64413E+00 
3.08418E-01 4.46833E-01 4.77624E-01 6.36553E-01 6.57751E-01 7.73047E-01 8.34718E-01 4.77750E-01 4.46833E-01 3.08418E-01 9.97361E+00 
3.38153E-01 4.73750E-01 5.04361E-01 6.61296E-01 6.82714E-01 8.00743E-01 8.64266E-01 5.04491E-01 4.73750E-01 3.38153E-01 1.02759E+01 
3.67589E-01 5.00373E-01 5.30795E-01 6.85715E-01 7.07346E-01 8.28095E-01 8.93505E-01 5.30930E-01 5.00373E-01 3.67589E-01 1.05493E+01 
3.34804E-03 3.56223E-02 1.46997E-02 2.01830E-01 2.19044E-01 2.90828E-01 3.25510E-01 1.47500E-02 3.56223E-02 3.34804E-03 9.68846E-01 
3.34804E-03 3.56223E-02 2.62341E-02 2.12012E-01 2.29455E-01 3.03482E-01 3.39203E-01 2.62882E-02 3.56223E-02 3.34804E-03 1.29554E+00 
3.34804E-03 5.31023E-03 3.83579E-02 2.22779E-01 2.40448E-01 3.16725E-01 3.53512E-01 3.84158E-02 5.31023E-03 3.34804E-03 1.62580E+00 
3.34804E-03 1.81050E-02 5.10830E-02 2.34137E-01 2.52033E-01 3.30571E-01 3.68450E-01 5.11447E-02 1.81050E-02 3.34804E-03 1.95491E+00 
3.34804E-03 3.15793E-02 6.44831E-02 2.46146E-01 2.64271E-01 3.45107E-01 3.84118E-01 6.45488E-02 3.15793E-02 3.34804E-03 2.29736E+00 
3.34804E-03 4.57284E-02 7.85533E-02 2.58802E-01 2.77157E-01 3.60327E-01 4.00509E-01 7.86230E-02 4.57284E-02 3.34804E-03 2.65191E+00 
3.34804E-03 6.05448E-02 9.32862E-02 2.72097E-01 2.90684E-01 3.76220E-01 4.17612E-01 9.33599E-02 6.05448E-02 3.34804E-03 3.01713E+00 
3.34804E-03 7.24596E-02 1.05133E-01 2.82815E-01 3.01583E-01 3.88970E-01 4.31325E-01 1.05210E-01 7.24596E-02 3.34804E-03 3.30604E+00 
3.34804E-03 7.60166E-02 1.08669E-01 2.86019E-01 3.04840E-01 3.92771E-01 4.35413E-01 1.08747E-01 7.60166E-02 3.34804E-03 3.39143E+00 
3.34804E-03 9.34146E-02 1.25966E-01 3.01717E-01 3.20790E-01 4.11334E-01 4.55367E-01 1.26049E-01 9.34146E-02 3.34804E-03 3.80319E+00 
3.34804E-03 1.11530E-01 1.43974E-01 3.18100E-01 3.37426E-01 4.30612E-01 4.76080E-01 1.44061E-01 1.11530E-01 3.34804E-03 4.22110E+00 
3.34804E-03 1.30330E-01 1.62661E-01 3.35138E-01 3.54716E-01 4.50567E-01 4.97516E-01 1.62752E-01 1.30330E-01 3.34804E-03 4.64268E+00 
3.34804E-03 1.49775E-01 1.81987E-01 3.52791E-01 3.72621E-01 4.71159E-01 5.19631E-01 1.82083E-01 1.49775E-01 3.34804E-03 5.06528E+00 
1.88169E-02 1.69826E-01 2.01911E-01 3.71034E-01 3.91111E-01 4.92320E-01 5.42344E-01 2.02012E-01 1.69826E-01 1.88169E-02 5.44929E+00 
4.20529E-02 1.90450E-01 2.22403E-01 3.89813E-01 4.10137E-01 5.14040E-01 5.65664E-01 2.22509E-01 1.90450E-01 4.20529E-02 5.82274E+00 
6.58226E-02 2.11585E-01 2.43398E-01 4.09060E-01 4.29630E-01 5.36256E-01 5.89533E-01 2.43508E-01 2.11585E-01 6.58226E-02 6.19066E+00 
9.00497E-02 2.33158E-01 2.64822E-01 4.28704E-01 4.49519E-01 5.58890E-01 6.13870E-01 2.64937E-01 2.33158E-01 9.00497E-02 6.55029E+00 
1.14651E-01 2.55089E-01 2.86597E-01 4.48666E-01 4.69723E-01 5.81856E-01 6.38590E-01 2.86716E-01 2.55089E-01 1.14651E-01 6.89895E+00 
1.39538E-01 2.77293E-01 3.08636E-01 4.68860E-01 4.90158E-01 6.05065E-01 6.63599E-01 3.08760E-01 2.77293E-01 1.39538E-01 7.23402E+00 
1.64615E-01 2.99678E-01 3.30848E-01 4.89196E-01 5.10731E-01 6.28418E-01 6.88800E-01 3.30977E-01 2.99678E-01 1.64615E-01 7.55301E+00 
1.89784E-01 3.22148E-01 3.53137E-01 5.09579E-01 5.31347E-01 6.51814E-01 7.14088E-01 3.53270E-01 3.22148E-01 1.89784E-01 7.85362E+00 
2.14942E-01 3.44604E-01 3.75403E-01 5.29911E-01 5.51907E-01 6.75149E-01 7.39357E-01 3.75541E-01 3.44604E-01 2.14942E-01 8.13375E+00 
2.39983E-01 3.66943E-01 3.97545E-01 5.50091E-01 5.72309E-01 6.98315E-01 7.64496E-01 3.97688E-01 3.66943E-01 2.39983E-01 8.39155E+00 
2.64803E-01 3.89064E-01 4.19459E-01 5.70015E-01 5.92451E-01 7.21203E-01 7.89394E-01 4.19606E-01 3.89064E-01 2.64803E-01 8.62542E+00 
2.89294E-01 4.10862E-01 4.41042E-01 5.89583E-01 6.12228E-01 7.43704E-01 8.13940E-01 4.41194E-01 4.10862E-01 2.89294E-01 8.83409E+00 
3.13352E-01 4.32234E-01 4.62191E-01 6.08693E-01 6.31539E-01 7.65711E-01 8.38021E-01 4.62347E-01 4.32234E-01 3.13352E-01 9.01653E+00 
2.96685E-03 3.30734E-02 1.59011E-02 1.95333E-01 2.13732E-01 2.98014E-01 3.35567E-01 1.59671E-02 3.30734E-02 2.96685E-03 1.14246E+00 
2.96685E-03 3.30734E-02 2.67727E-02 2.04867E-01 2.23511E-01 3.10184E-01 3.48958E-01 2.68430E-02 3.30734E-02 2.96685E-03 1.44442E+00 
2.96685E-03 4.97335E-03 3.81169E-02 2.14864E-01 2.33752E-01 3.22818E-01 3.62840E-01 3.81916E-02 4.97335E-03 2.96685E-03 1.74627E+00 
2.96685E-03 1.68920E-02 4.99415E-02 2.25331E-01 2.44460E-01 3.35923E-01 3.77221E-01 5.00206E-02 1.68920E-02 2.96685E-03 2.04361E+00 
2.96685E-03 2.93520E-02 6.23023E-02 2.36306E-01 2.55679E-01 3.49573E-01 3.92189E-01 6.23859E-02 2.93520E-02 2.96685E-03 2.35000E+00 
2.96685E-03 4.23426E-02 7.51886E-02 2.47780E-01 2.67397E-01 3.63752E-01 4.07730E-01 7.52767E-02 4.23426E-02 2.96685E-03 2.66414E+00 
2.96685E-03 5.58511E-02 8.85872E-02 2.59740E-01 2.79603E-01 3.78446E-01 4.23828E-01 8.86800E-02 5.58511E-02 2.96685E-03 2.98461E+00 
2.96685E-03 6.66479E-02 9.92953E-02 2.69317E-01 2.89370E-01 3.90156E-01 4.36652E-01 9.93917E-02 6.66479E-02 2.96685E-03 3.23594E+00 
2.96685E-03 6.98602E-02 1.02481E-01 2.72170E-01 2.92278E-01 3.93634E-01 4.40461E-01 1.02578E-01 6.98602E-02 2.96685E-03 3.30986E+00 
2.96685E-03 8.55027E-02 1.17993E-01 2.86075E-01 3.06448E-01 4.10535E-01 4.58968E-01 1.18095E-01 8.55027E-02 2.96685E-03 3.66402E+00 
2.96685E-03 1.01672E-01 1.34025E-01 3.00472E-01 3.21109E-01 4.27948E-01 4.78033E-01 1.34133E-01 1.01672E-01 2.96685E-03 4.01965E+00 
2.96685E-03 1.18334E-01 1.50542E-01 3.15326E-01 3.36225E-01 4.45831E-01 4.97615E-01 1.50655E-01 1.18334E-01 2.96685E-03 4.37451E+00 
2.96685E-03 1.35445E-01 1.67502E-01 3.30595E-01 3.51755E-01 4.64138E-01 5.17666E-01 1.67620E-01 1.35445E-01 2.96685E-03 4.72631E+00 
1.66362E-02 1.52974E-01 1.84874E-01 3.46264E-01 3.67678E-01 4.82812E-01 5.38109E-01 1.84997E-01 1.52974E-01 1.66362E-02 5.03987E+00 
3.70530E-02 1.70876E-01 2.02611E-01 3.62264E-01 3.83929E-01 5.01828E-01 5.58943E-01 2.02739E-01 1.70876E-01 3.70530E-02 5.34049E+00 
5.77974E-02 1.89086E-01 2.20648E-01 3.78527E-01 4.00441E-01 5.21121E-01 5.80107E-01 2.20781E-01 1.89086E-01 5.77974E-02 5.63278E+00 
7.87968E-02 2.07536E-01 2.38916E-01 3.94983E-01 4.17143E-01 5.40615E-01 6.01525E-01 2.39054E-01 2.07536E-01 7.87968E-02 5.91452E+00 
9.99737E-02 2.26151E-01 2.57340E-01 4.11561E-01 4.33963E-01 5.60232E-01 6.23114E-01 2.57483E-01 2.26151E-01 9.99737E-02 6.18354E+00 
1.21247E-01 2.44853E-01 2.75843E-01 4.28182E-01 4.50822E-01 5.79886E-01 6.44788E-01 2.75992E-01 2.44853E-01 1.21247E-01 6.43783E+00 
1.42531E-01 2.63562E-01 2.94344E-01 4.44767E-01 4.67640E-01 5.99490E-01 6.66457E-01 2.94497E-01 2.63562E-01 1.42531E-01 6.67553E+00 
1.63740E-01 2.82192E-01 3.12758E-01 4.61233E-01 4.84331E-01 6.18954E-01 6.88027E-01 3.12916E-01 2.82192E-01 1.63740E-01 6.89495E+00 
1.84785E-01 3.00659E-01 3.30999E-01 4.77495E-01 5.00812E-01 6.38187E-01 7.09404E-01 3.31162E-01 3.00659E-01 1.84785E-01 7.09464E+00 
2.05576E-01 3.18877E-01 3.48983E-01 4.93469E-01 5.16997E-01 6.57096E-01 7.30493E-01 3.49150E-01 3.18877E-01 2.05576E-01 7.27339E+00 
2.26025E-01 3.36759E-01 3.66622E-01 5.09070E-01 5.32799E-01 6.75591E-01 7.51198E-01 3.66794E-01 3.36759E-01 2.26025E-01 7.43021E+00 
2.46045E-01 3.54221E-01 3.83833E-01 5.24215E-01 5.48137E-01 6.93581E-01 7.71425E-01 3.84009E-01 3.54221E-01 2.46045E-01 7.56441E+00 
2.65551E-01 3.71182E-01 4.00534E-01 5.38825E-01 5.62928E-01 7.10978E-01 7.91084E-01 4.00714E-01 3.71182E-01 2.65551E-01 7.67551E+00 
2.61276E-03 3.04757E-02 1.70777E-02 1.89646E-01 2.09378E-01 3.07557E-01 3.48582E-01 1.71634E-02 3.04757E-02 2.61276E-03 1.30652E+00 
2.61276E-03 3.04757E-02 2.72349E-02 1.98443E-01 2.18438E-01 3.19131E-01 3.61587E-01 2.73256E-02 3.04757E-02 2.61276E-03 1.58113E+00 
2.61276E-03 4.62159E-03 3.77595E-02 2.07595E-01 2.27852E-01 3.31052E-01 3.74967E-01 3.78552E-02 4.62159E-03 2.61276E-03 1.85253E+00 
2.61276E-03 1.56394E-02 4.86562E-02 2.17106E-01 2.37620E-01 3.43325E-01 3.88727E-01 4.87569E-02 1.56394E-02 2.61276E-03 2.11674E+00 
2.61276E-03 2.70755E-02 5.99655E-02 2.26998E-01 2.47771E-01 3.56008E-01 4.02944E-01 6.00713E-02 2.70755E-02 2.61276E-03 2.38635E+00 
2.61276E-03 3.89153E-02 7.16726E-02 2.37259E-01 2.58290E-01 3.69083E-01 4.17598E-01 7.17834E-02 3.89153E-02 2.61276E-03 2.66010E+00 
2.61276E-03 5.11421E-02 8.37608E-02 2.47872E-01 2.69161E-01 3.82530E-01 4.32669E-01 8.38767E-02 5.11421E-02 2.61276E-03 2.93663E+00 
2.61276E-03 6.08556E-02 9.33628E-02 2.56313E-01 2.77801E-01 3.93175E-01 4.44600E-01 9.34828E-02 6.08556E-02 2.61276E-03 3.15160E+00 
2.61276E-03 6.37358E-02 9.62098E-02 2.58817E-01 2.80363E-01 3.96325E-01 4.48131E-01 9.63309E-02 6.37358E-02 2.61276E-03 3.21451E+00 
2.61276E-03 7.76994E-02 1.10010E-01 2.70965E-01 2.92786E-01 4.11557E-01 4.65209E-01 1.10137E-01 7.76994E-02 2.61276E-03 3.51393E+00 
2.61276E-03 9.20295E-02 1.24170E-01 2.83441E-01 3.05534E-01 4.27124E-01 4.82670E-01 1.24303E-01 9.20295E-02 2.61276E-03 3.81126E+00 
2.61276E-03 1.06689E-01 1.38653E-01 2.96207E-01 3.18570E-01 4.42983E-01 5.00470E-01 1.38790E-01 1.06689E-01 2.61276E-03 4.10457E+00 
2.61276E-03 1.21637E-01 1.53415E-01 3.09224E-01 3.31852E-01 4.59088E-01 5.18561E-01 1.53559E-01 1.21637E-01 2.61276E-03 4.39191E+00 
1.46172E-02 1.36848E-01 1.68435E-01 3.22485E-01 3.45369E-01 4.75387E-01 5.36865E-01 1.68584E-01 1.36848E-01 1.46172E-02 4.64230E+00 
3.24459E-02 1.52270E-01 1.83658E-01 3.35911E-01 3.59047E-01 4.91848E-01 5.55381E-01 1.83812E-01 1.52270E-01 3.24459E-02 4.87844E+00 
5.04379E-02 1.67841E-01 1.99020E-01 3.49436E-01 3.72819E-01 5.08406E-01 5.74047E-01 1.99179E-01 1.67841E-01 5.04379E-02 5.10461E+00 
6.85262E-02 1.83496E-01 2.14458E-01 3.62998E-01 3.86623E-01 5.24993E-01 5.92791E-01 2.14623E-01 1.83496E-01 6.85262E-02 5.31906E+00 
8.66407E-02 1.99170E-01 2.29905E-01 3.76530E-01 4.00391E-01 5.41534E-01 6.11537E-01 2.30075E-01 1.99170E-01 8.66407E-02 5.52014E+00 
1.04709E-01 2.14793E-01 2.45292E-01 3.89966E-01 4.14055E-01 5.57954E-01 6.30205E-01 2.45468E-01 2.14793E-01 1.04709E-01 5.70635E+00 
1.22658E-01 2.30295E-01 2.60549E-01 4.03237E-01 4.27545E-01 5.74176E-01 6.48715E-01 2.60730E-01 2.30295E-01 1.22658E-01 5.87636E+00 
1.40411E-01 2.45603E-01 2.75604E-01 4.16271E-01 4.40790E-01 5.90122E-01 6.66985E-01 2.75790E-01 2.45603E-01 1.40411E-01 6.02904E+00 
1.57895E-01 2.60647E-01 2.90386E-01 4.29000E-01 4.53718E-01 6.05714E-01 6.84933E-01 2.90576E-01 2.60647E-01 1.57895E-01 6.16346E+00 
1.75036E-01 2.75356E-01 3.04823E-01 4.41354E-01 4.66261E-01 6.20875E-01 7.02477E-01 3.05018E-01 2.75356E-01 1.75036E-01 6.27890E+00 
1.91761E-01 2.89660E-01 3.18846E-01 4.53265E-01 4.78349E-01 6.35529E-01 7.19539E-01 3.19045E-01 2.89660E-01 1.91761E-01 6.37488E+00 
2.08001E-01 3.03492E-01 3.32389E-01 4.64668E-01 4.89917E-01 6.49606E-01 7.36040E-01 3.32593E-01 3.03492E-01 2.08001E-01 6.45113E+00 
2.23691E-01 3.16789E-01 3.45389E-01 4.75503E-01 5.00902E-01 6.63035E-01 7.51906E-01 3.45597E-01 3.16789E-01 2.23691E-01 6.50761E+00 
2.28587E-03 2.78451E-02 1.82070E-02 1.84489E-01 2.05776E-01 3.19171E-01 3.64464E-01 1.83175E-02 2.78451E-02 2.28587E-03 1.45234E+00 
2.28587E-03 2.78451E-02 2.76015E-02 1.92462E-01 2.14030E-01 3.30025E-01 3.76990E-01 2.77175E-02 2.78451E-02 2.28587E-03 1.69759E+00 
2.28587E-03 4.25689E-03 3.72709E-02 2.00697E-01 2.22540E-01 3.41122E-01 3.89785E-01 3.73925E-02 4.25689E-03 2.28587E-03 1.93721E+00 
2.28587E-03 1.43546E-02 4.72180E-02 2.09193E-01 2.31307E-01 3.52463E-01 4.02852E-01 4.73451E-02 1.43546E-02 2.28587E-03 2.16761E+00 
2.28587E-03 2.47638E-02 5.74703E-02 2.17961E-01 2.40346E-01 3.64095E-01 4.16259E-01 5.76030E-02 2.47638E-02 2.28587E-03 2.40047E+00 
2.28587E-03 3.54673E-02 6.80104E-02 2.26985E-01 2.49639E-01 3.75997E-01 4.29982E-01 6.81488E-02 3.54673E-02 2.28587E-03 2.63459E+00 
2.28587E-03 4.64465E-02 7.88199E-02 2.36247E-01 2.59167E-01 3.88146E-01 4.43998E-01 7.89638E-02 4.64465E-02 2.28587E-03 2.86874E+00 
2.28587E-03 5.51174E-02 8.73549E-02 2.43563E-01 2.66688E-01 3.97699E-01 4.55026E-01 8.75032E-02 5.51174E-02 2.28587E-03 3.04913E+00 
2.28587E-03 5.76800E-02 8.98770E-02 2.45726E-01 2.68909E-01 4.00515E-01 4.58279E-01 9.00265E-02 5.76800E-02 2.28587E-03 3.10165E+00 
2.28587E-03 7.00495E-02 1.02049E-01 2.56162E-01 2.79626E-01 4.14067E-01 4.73940E-01 1.02205E-01 7.00495E-02 2.28587E-03 3.34988E+00 
2.28587E-03 8.26534E-02 1.14448E-01 2.66791E-01 2.90529E-01 4.27804E-01 4.89833E-01 1.14609E-01 8.26534E-02 2.28587E-03 3.59351E+00 
2.28587E-03 9.54552E-02 1.27036E-01 2.77577E-01 3.01584E-01 4.41683E-01 5.05915E-01 1.27204E-01 9.54552E-02 2.28587E-03 3.83091E+00 
2.28587E-03 1.08415E-01 1.39775E-01 2.88480E-01 3.12750E-01 4.55660E-01 5.22136E-01 1.39949E-01 1.08415E-01 2.28587E-03 4.06050E+00 
1.27596E-02 1.21515E-01 1.52649E-01 2.99505E-01 3.24025E-01 4.69690E-01 5.38423E-01 1.52828E-01 1.21515E-01 1.27596E-02 4.25517E+00 
2.82280E-02 1.34700E-01 1.65598E-01 3.10566E-01 3.35330E-01 4.83735E-01 5.54771E-01 1.65782E-01 1.34700E-01 2.82280E-02 4.43519E+00 
4.37332E-02 1.47910E-01 1.78563E-01 3.21602E-01 3.46601E-01 4.97736E-01 5.71124E-01 1.78753E-01 1.47910E-01 4.37332E-02 4.60455E+00 
5.92149E-02 1.61091E-01 1.91489E-01 3.32557E-01 3.57783E-01 5.11628E-01 5.87415E-01 1.91685E-01 1.61091E-01 5.92149E-02 4.76190E+00 
7.46113E-02 1.74182E-01 2.04316E-01 3.43375E-01 3.68819E-01 5.25347E-01 6.03573E-01 2.04518E-01 1.74182E-01 7.46113E-02 4.90605E+00 
8.98598E-02 1.87125E-01 2.16986E-01 3.53998E-01 3.79649E-01 5.38825E-01 6.19528E-01 2.17193E-01 1.87125E-01 8.98598E-02 5.03595E+00 
1.04897E-01 1.99860E-01 2.29439E-01 3.64369E-01 3.90214E-01 5.51996E-01 6.35209E-01 2.29650E-01 1.99860E-01 1.04897E-01 5.15072E+00 
1.19661E-01 2.12326E-01 2.41614E-01 3.74429E-01 4.00456E-01 5.64794E-01 6.50544E-01 2.41830E-01 2.12326E-01 1.19661E-01 5.24965E+00 
1.34089E-01 2.24467E-01 2.53454E-01 3.84122E-01 4.10317E-01 5.77155E-01 6.65463E-01 2.53675E-01 2.24467E-01 1.34089E-01 5.33224E+00 
1.48123E-01 2.36224E-01 2.64902E-01 3.93394E-01 4.19742E-01 5.89016E-01 6.79899E-01 2.65127E-01 2.36224E-01 1.48123E-01 5.39816E+00 
1.61704E-01 2.47543E-01 2.75903E-01 4.02192E-01 4.28678E-01 6.00316E-01 6.93786E-01 2.76132E-01 2.47543E-01 1.61704E-01 5.44728E+00 
1.74780E-01 2.58373E-01 2.86407E-01 4.10467E-01 4.37075E-01 6.11000E-01 7.07060E-01 2.86640E-01 2.58373E-01 1.74780E-01 5.47966E+00 
1.87299E-01 2.68665E-01 2.96366E-01 4.18175E-01 4.44887E-01 6.21014E-01 7.19664E-01 2.96602E-01 2.68665E-01 1.87299E-01 5.49554E+00 
1.98665E-03 2.52114E-02 1.92585E-02 1.79514E-01 2.02654E-01 3.32433E-01 3.83017E-01 1.93993E-02 2.52114E-02 1.98665E-03 1.57115E+00 
1.98665E-03 2.52114E-02 2.78511E-02 1.86590E-01 2.10020E-01 3.42442E-01 3.94966E-01 2.79981E-02 2.52114E-02 1.98665E-03 1.78594E+00 
1.98665E-03 3.88361E-03 3.66400E-02 1.93848E-01 2.17562E-01 3.52603E-01 4.07090E-01 3.67931E-02 3.88361E-03 1.98665E-03 1.99336E+00 
1.98665E-03 1.30526E-02 4.56270E-02 2.01286E-01 2.25277E-01 3.62914E-01 4.19390E-01 4.57861E-02 1.30526E-02 1.98665E-03 2.19021E+00 
1.98665E-03 2.24432E-02 5.48286E-02 2.08903E-01 2.33170E-01 3.73413E-01 4.31926E-01 5.49937E-02 2.24432E-02 1.98665E-03 2.38726E+00 
1.98665E-03 3.20369E-02 6.42265E-02 2.16684E-01 2.41220E-01 3.84076E-01 4.44673E-01 6.43977E-02 3.20369E-02 1.98665E-03 2.58343E+00 
1.98665E-03 4.18147E-02 7.38016E-02 2.24608E-01 2.49410E-01 3.94879E-01 4.57605E-01 7.39787E-02 4.18147E-02 1.98665E-03 2.77762E+00 
1.98665E-03 4.94927E-02 8.13180E-02 2.30825E-01 2.55829E-01 4.03317E-01 4.67721E-01 8.14998E-02 4.94927E-02 1.98665E-03 2.92583E+00 
1.98665E-03 5.17546E-02 8.35318E-02 2.32655E-01 2.57718E-01 4.05795E-01 4.70694E-01 8.37150E-02 5.17546E-02 1.98665E-03 2.96875E+00 
1.98665E-03 6.26267E-02 9.41702E-02 2.41444E-01 2.66780E-01 4.17660E-01 4.84947E-01 9.43597E-02 6.26267E-02 1.98665E-03 3.17012E+00 
1.98665E-03 7.36279E-02 1.04929E-01 2.50318E-01 2.75920E-01 4.29586E-01 4.99305E-01 1.05125E-01 7.36279E-02 1.98665E-03 3.36528E+00 
1.98665E-03 8.47237E-02 1.15775E-01 2.59246E-01 2.85104E-01 4.41532E-01 5.13724E-01 1.15977E-01 8.47237E-02 1.98665E-03 3.55293E+00 
1.98665E-03 9.58772E-02 1.26671E-01 2.68190E-01 2.94295E-01 4.53456E-01 5.28158E-01 1.26879E-01 9.58772E-02 1.98665E-03 3.73180E+00 
1.10650E-02 1.07076E-01 1.37606E-01 2.77162E-01 3.03498E-01 4.65321E-01 5.42536E-01 1.37820E-01 1.07076E-01 1.10650E-02 3.87834E+00 
2.43994E-02 1.18265E-01 1.48522E-01 2.86076E-01 3.12632E-01 4.77086E-01 5.56855E-01 1.48742E-01 1.18265E-01 2.43994E-02 4.01056E+00 
3.76773E-02 1.29390E-01 1.59365E-01 2.94876E-01 3.21641E-01 4.88696E-01 5.71061E-01 1.59590E-01 1.29390E-01 3.76773E-02 4.13214E+00 
5.08457E-02 1.40404E-01 1.70087E-01 3.03514E-01 3.30475E-01 5.00095E-01 5.85094E-01 1.70317E-01 1.40404E-01 5.08457E-02 4.24210E+00 
6.38512E-02 1.51255E-01 1.80636E-01 3.11942E-01 3.39086E-01 5.11224E-01 5.98890E-01 1.80872E-01 1.51255E-01 6.38512E-02 4.33962E+00 
7.66407E-02 1.61893E-01 1.90964E-01 3.20112E-01 3.47424E-01 5.22027E-01 6.12387E-01 1.91205E-01 1.61893E-01 7.66407E-02 4.42402E+00 
8.91615E-02 1.72269E-01 2.01021E-01 3.27978E-01 3.55442E-01 5.32448E-01 6.25523E-01 2.01266E-01 1.72269E-01 8.91615E-02 4.49476E+00 
1.01362E-01 1.82335E-01 2.10757E-01 3.35493E-01 3.63093E-01 5.42432E-01 6.38237E-01 2.11007E-01 1.82335E-01 1.01362E-01 4.55149E+00 
1.13193E-01 1.92043E-01 2.20128E-01 3.42614E-01 3.70332E-01 5.51927E-01 6.50470E-01 2.20381E-01 1.92043E-01 1.13193E-01 4.59401E+00 
1.24608E-01 2.01349E-01 2.29088E-01 3.49298E-01 3.77116E-01 5.60883E-01 6.62165E-01 2.29345E-01 2.01349E-01 1.24608E-01 4.62228E+00 
1.35561E-01 2.10211E-01 2.37597E-01 3.55508E-01 3.83406E-01 5.69253E-01 6.73269E-01 2.37857E-01 2.10211E-01 1.35561E-01 4.63643E+00 
1.46014E-01 2.18592E-01 2.45616E-01 3.61207E-01 3.89165E-01 5.76994E-01 6.83733E-01 2.45879E-01 2.18592E-01 1.46014E-01 4.63672E+00 
1.55928E-01 2.26456E-01 2.53111E-01 3.66365E-01 3.94363E-01 5.84069E-01 6.93510E-01 2.53377E-01 2.26456E-01 1.55928E-01 4.62357E+00 
1.71521E-03 2.26133E-02 2.01956E-02 1.74329E-01 1.99677E-01 3.46823E-01 4.03983E-01 2.03733E-02 2.26133E-02 1.71521E-03 1.65545E+00 
1.71521E-03 2.26133E-02 2.79614E-02 1.80454E-01 2.06091E-01 3.55870E-01 4.15259E-01 2.81457E-02 2.26133E-02 1.71521E-03 1.83977E+00 
1.71521E-03 3.50788E-03 3.58595E-02 1.86697E-01 2.12614E-01 3.64992E-01 4.26628E-01 3.60503E-02 3.50788E-03 1.71521E-03 2.01562E+00 
1.71521E-03 1.17540E-02 4.38906E-02 1.93056E-01 2.19244E-01 3.74187E-01 4.38089E-01 4.40878E-02 1.17540E-02 1.71521E-03 2.18021E+00 
1.71521E-03 2.01484E-02 5.20627E-02 1.99521E-01 2.25973E-01 3.83480E-01 4.49696E-01 5.22663E-02 2.01484E-02 1.71521E-03 2.34337E+00 
1.71521E-03 2.86727E-02 6.03576E-02 2.06074E-01 2.32783E-01 3.92848E-01 4.61424E-01 6.05674E-02 2.86727E-02 1.71521E-03 2.50415E+00 
1.71521E-03 3.73078E-02 6.87561E-02 2.12697E-01 2.39656E-01 4.02267E-01 4.73245E-01 6.89721E-02 3.73078E-02 1.71521E-03 2.66164E+00 
1.71521E-03 4.40521E-02 7.53122E-02 2.17857E-01 2.45003E-01 4.09574E-01 4.82437E-01 7.55331E-02 4.40521E-02 1.71521E-03 2.78066E+00 
1.71521E-03 4.60327E-02 7.72371E-02 2.19370E-01 2.46570E-01 4.11711E-01 4.85130E-01 7.74593E-02 4.60327E-02 1.71521E-03 2.81492E+00 
1.71521E-03 5.55150E-02 8.64485E-02 2.26598E-01 2.54047E-01 4.21890E-01 4.97981E-01 8.66772E-02 5.55150E-02 1.71521E-03 2.97441E+00 
1.71521E-03 6.50455E-02 9.56999E-02 2.33831E-01 2.61518E-01 4.32030E-01 5.10832E-01 9.59350E-02 6.50455E-02 1.71521E-03 3.12686E+00 
1.71521E-03 7.45929E-02 1.04960E-01 2.41041E-01 2.68952E-01 4.42094E-01 5.23639E-01 1.05201E-01 7.45929E-02 1.71521E-03 3.27124E+00 
1.71521E-03 8.41236E-02 1.14196E-01 2.48195E-01 2.76316E-01 4.52042E-01 5.36359E-01 1.14443E-01 8.41236E-02 1.71521E-03 3.40659E+00 
9.53301E-03 9.36295E-02 1.23401E-01 2.55311E-01 2.83624E-01 4.61845E-01 5.48923E-01 1.23654E-01 9.36295E-02 9.53301E-03 3.51254E+00 
2.09551E-02 1.03058E-01 1.32520E-01 2.62304E-01 2.90793E-01 4.71461E-01 5.61331E-01 1.32778E-01 1.03058E-01 2.09551E-02 3.60501E+00 
3.22554E-02 1.12362E-01 1.41505E-01 2.69123E-01 2.97774E-01 4.80839E-01 5.73533E-01 1.41768E-01 1.12362E-01 3.22554E-02 3.68738E+00 
4.33885E-02 1.21500E-01 1.50314E-01 2.75728E-01 3.04524E-01 4.89930E-01 5.85475E-01 1.50582E-01 1.21500E-01 4.33885E-02 3.75897E+00 
5.43091E-02 1.30429E-01 1.58905E-01 2.82082E-01 3.11003E-01 4.98684E-01 5.97100E-01 1.59178E-01 1.30429E-01 5.43091E-02 3.81925E+00 
6.49729E-02 1.39108E-01 1.67237E-01 2.88144E-01 3.17173E-01 5.07055E-01 6.08354E-01 1.67514E-01 1.39108E-01 6.49729E-02 3.86783E+00 
7.53367E-02 1.47497E-01 1.75269E-01 2.93878E-01 3.22995E-01 5.14994E-01 6.19182E-01 1.75551E-01 1.47497E-01 7.53367E-02 3.90445E+00 
8.53593E-02 1.55557E-01 1.82965E-01 2.99248E-01 3.28433E-01 5.22459E-01 6.29533E-01 1.83250E-01 1.55557E-01 8.53593E-02 3.92899E+00 
9.50016E-02 1.63251E-01 1.90287E-01 3.04222E-01 3.33452E-01 5.29408E-01 6.39359E-01 1.90575E-01 1.63251E-01 9.50016E-02 3.94148E+00 
1.04228E-01 1.70546E-01 1.97201E-01 3.08769E-01 3.38023E-01 5.35802E-01 6.48611E-01 1.97492E-01 1.70546E-01 1.04228E-01 3.94208E+00 
1.13004E-01 1.77411E-01 2.03679E-01 3.12861E-01 3.42116E-01 5.41606E-01 6.57249E-01 2.03972E-01 1.77411E-01 1.13004E-01 3.93108E+00 
1.21302E-01 1.83819E-01 2.09691E-01 3.16475E-01 3.45707E-01 5.46790E-01 6.65232E-01 2.09986E-01 1.83819E-01 1.21302E-01 3.90889E+00 
1.29094E-01 1.89745E-01 2.15216E-01 3.19590E-01 3.48775E-01 5.51327E-01 6.72527E-01 2.15512E-01 1.89745E-01 1.29094E-01 3.87601E+00 
1.47302E-03 2.01129E-02 2.09730E-02 1.68581E-01 1.96500E-01 3.61658E-01 4.26900E-01 2.11941E-02 2.01129E-02 1.47302E-03 1.69989E+00 
1.47302E-03 2.01129E-02 2.79117E-02 1.73740E-01 2.01926E-01 3.69651E-01 4.37419E-01 2.81397E-02 2.01129E-02 1.47302E-03 1.85506E+00 
1.47302E-03 3.13977E-03 3.49328E-02 1.78969E-01 2.07411E-01 3.77657E-01 4.47961E-01 3.51676E-02 3.13977E-03 1.47302E-03 2.00127E+00 
1.47302E-03 1.04918E-02 4.20364E-02 1.84266E-01 2.12950E-01 3.85671E-01 4.58525E-01 4.22778E-02 1.04918E-02 1.47302E-03 2.13608E+00 
1.47302E-03 1.79350E-02 4.92238E-02 1.89611E-01 2.18529E-01 3.93711E-01 4.69158E-01 4.94717E-02 1.79350E-02 1.47302E-03 2.26841E+00 
1.47302E-03 2.54517E-02 5.64772E-02 1.94989E-01 2.24130E-01 4.01753E-01 4.79834E-01 5.67315E-02 2.54517E-02 1.47302E-03 2.39744E+00 
1.47302E-03 3.30235E-02 6.37784E-02 2.00382E-01 2.29735E-01 4.09775E-01 4.90526E-01 6.40389E-02 3.30235E-02 1.47302E-03 2.52242E+00 
1.47302E-03 3.89074E-02 6.94479E-02 2.04555E-01 2.34063E-01 4.15951E-01 4.98791E-01 6.97132E-02 3.89074E-02 1.47302E-03 2.61586E+00 
1.47302E-03 4.06305E-02 7.11075E-02 2.05773E-01 2.35325E-01 4.17750E-01 5.01204E-01 7.13741E-02 4.06305E-02 1.47302E-03 2.64259E+00 
1.47302E-03 4.88482E-02 7.90175E-02 2.11561E-01 2.41314E-01 4.26269E-01 5.12669E-01 7.92905E-02 4.88482E-02 1.47302E-03 2.76593E+00 
1.47302E-03 5.70553E-02 8.69087E-02 2.17299E-01 2.47236E-01 4.34671E-01 5.24044E-01 8.71879E-02 5.70553E-02 1.47302E-03 2.88197E+00 
1.47302E-03 6.52234E-02 9.47530E-02 2.22960E-01 2.53065E-01 4.42922E-01 5.35291E-01 9.50380E-02 6.52234E-02 1.47302E-03 2.98993E+00 
1.47302E-03 7.33229E-02 1.02521E-01 2.28519E-01 2.58772E-01 4.50986E-01 5.46367E-01 1.02811E-01 7.33229E-02 1.47302E-03 3.08910E+00 
8.17037E-03 8.13486E-02 1.10210E-01 2.33996E-01 2.64377E-01 4.58845E-01 5.57210E-01 1.10506E-01 8.13486E-02 8.17037E-03 3.16196E+00 
1.79057E-02 8.92520E-02 1.17769E-01 2.39310E-01 2.69798E-01 4.66452E-01 5.67817E-01 1.18069E-01 8.92520E-02 1.79057E-02 3.22249E+00 
2.74775E-02 9.69926E-02 1.25155E-01 2.44416E-01 2.74992E-01 4.73762E-01 5.78145E-01 1.25460E-01 9.69926E-02 2.74775E-02 3.27375E+00 
3.68470E-02 1.04535E-01 1.32333E-01 2.49282E-01 2.79925E-01 4.80732E-01 5.88144E-01 1.32642E-01 1.04535E-01 3.68470E-02 3.31532E+00 
4.59764E-02 1.11843E-01 1.39269E-01 2.53876E-01 2.84564E-01 4.87321E-01 5.97765E-01 1.39582E-01 1.11843E-01 4.59764E-02 3.34689E+00 
5.48293E-02 1.18885E-01 1.45929E-01 2.58168E-01 2.88878E-01 4.93490E-01 6.06960E-01 1.46245E-01 1.18885E-01 5.48293E-02 3.36828E+00 
6.33709E-02 1.25627E-01 1.52281E-01 2.62130E-01 2.92839E-01 4.99202E-01 6.15682E-01 1.52600E-01 1.25627E-01 6.33709E-02 3.37942E+00 
7.15687E-02 1.32039E-01 1.58296E-01 2.65736E-01 2.96419E-01 5.04421E-01 6.23888E-01 1.58618E-01 1.32039E-01 7.15687E-02 3.38037E+00 
7.93925E-02 1.38094E-01 1.63947E-01 2.68961E-01 2.99593E-01 5.09116E-01 6.31538E-01 1.64270E-01 1.38094E-01 7.93925E-02 3.37131E+00 
8.68153E-02 1.43767E-01 1.69208E-01 2.71785E-01 3.02341E-01 5.13258E-01 6.38593E-01 1.69533E-01 1.43767E-01 8.68153E-02 3.35252E+00 
9.38130E-02 1.49035E-01 1.74058E-01 2.74188E-01 3.04643E-01 5.16822E-01 6.45021E-01 1.74384E-01 1.49035E-01 9.38130E-02 3.32439E+00 
1.00365E-01 1.53880E-01 1.78479E-01 2.76157E-01 3.06484E-01 5.19787E-01 6.50791E-01 1.78805E-01 1.53880E-01 1.00365E-01 3.28739E+00 
1.06454E-01 1.58286E-01 1.82456E-01 2.77680E-01 3.07854E-01 5.22137E-01 6.55877E-01 1.82781E-01 1.58286E-01 1.06454E-01 3.24208E+00 
1.25873E-03 1.77507E-02 2.15537E-02 1.61937E-01 1.92751E-01 3.76366E-01 4.51461E-01 2.18255E-02 1.77507E-02 1.25873E-03 1.70323E+00 
1.25873E-03 1.77507E-02 2.76849E-02 1.66148E-01 1.97182E-01 3.83236E-01 4.61151E-01 2.79637E-02 1.77507E-02 1.25873E-03 1.83164E+00 
1.25873E-03 2.78667E-03 3.38614E-02 1.70397E-01 2.01635E-01 3.90069E-01 4.70805E-01 3.41469E-02 2.78667E-03 1.25873E-03 1.95104E+00 
1.25873E-03 9.28920E-03 4.00826E-02 1.74679E-01 2.06106E-01 3.96861E-01 4.80419E-01 4.03746E-02 9.28920E-03 1.25873E-03 2.05935E+00 
1.25873E-03 1.58401E-02 4.63445E-02 1.78969E-01 2.10571E-01 4.03619E-01 4.90037E-01 4.66429E-02 1.58401E-02 1.25873E-03 2.16457E+00 
1.25873E-03 2.24223E-02 5.26303E-02 1.83252E-01 2.15015E-01 4.10322E-01 4.99632E-01 5.29349E-02 2.24223E-02 1.25873E-03 2.26603E+00 
1.25873E-03 2.90187E-02 5.89228E-02 1.87512E-01 2.19422E-01 4.16948E-01 5.09177E-01 5.92334E-02 2.90187E-02 1.25873E-03 2.36310E+00 
1.25873E-03 3.41207E-02 6.37848E-02 1.90783E-01 2.22795E-01 4.22006E-01 5.16510E-01 6.40999E-02 3.41207E-02 1.25873E-03 2.43481E+00 
1.25873E-03 3.56108E-02 6.52039E-02 1.91734E-01 2.23774E-01 4.23472E-01 5.18644E-01 6.55202E-02 3.56108E-02 1.25873E-03 2.45517E+00 
1.25873E-03 4.26919E-02 7.19419E-02 1.96224E-01 2.28386E-01 4.30366E-01 5.28729E-01 7.22641E-02 4.26919E-02 1.25873E-03 2.54817E+00 
1.25873E-03 4.97211E-02 7.86200E-02 2.00627E-01 2.32890E-01 4.37084E-01 5.38652E-01 7.89478E-02 4.97211E-02 1.25873E-03 2.63402E+00 
1.25873E-03 5.66732E-02 8.52134E-02 2.04922E-01 2.37265E-01 4.43596E-01 5.48375E-01 8.55464E-02 5.66732E-02 1.25873E-03 2.71213E+00 
1.25873E-03 6.35223E-02 9.16964E-02 2.09085E-01 2.41486E-01 4.49870E-01 5.57860E-01 9.20342E-02 6.35223E-02 1.25873E-03 2.78199E+00 
6.96828E-03 7.02653E-02 9.80697E-02 2.13143E-01 2.45578E-01 4.55896E-01 5.67047E-01 9.84118E-02 7.02653E-02 6.96828E-03 2.82860E+00 
1.52272E-02 7.68585E-02 1.04285E-01 2.17017E-01 2.49462E-01 4.61624E-01 5.75936E-01 1.04631E-01 7.68585E-02 1.52272E-02 2.86417E+00 
2.32984E-02 8.32672E-02 1.10306E-01 2.20668E-01 2.53100E-01 4.67015E-01 5.84486E-01 1.10656E-01 8.32672E-02 2.32984E-02 2.89145E+00 
3.11493E-02 8.94616E-02 1.16104E-01 2.24070E-01 2.56464E-01 4.72033E-01 5.92653E-01 1.16457E-01 8.94616E-02 3.11493E-02 2.91020E+00 
3.87488E-02 9.54130E-02 1.21652E-01 2.27199E-01 2.59529E-01 4.76642E-01 6.00392E-01 1.22006E-01 9.54130E-02 3.87488E-02 2.92027E+00 
4.60673E-02 1.01094E-01 1.26921E-01 2.30032E-01 2.62272E-01 4.80813E-01 6.07663E-01 1.27278E-01 1.01094E-01 4.60673E-02 2.92165E+00 
5.30773E-02 1.06480E-01 1.31887E-01 2.32547E-01 2.64671E-01 4.84515E-01 6.14426E-01 1.32246E-01 1.06480E-01 5.30773E-02 2.91439E+00 
5.97533E-02 1.11548E-01 1.36529E-01 2.34727E-01 2.66708E-01 4.87721E-01 6.20644E-01 1.36888E-01 1.11548E-01 5.97533E-02 2.89867E+00 
6.60729E-02 1.16277E-01 1.40825E-01 2.36555E-01 2.68364E-01 4.90409E-01 6.26285E-01 1.41184E-01 1.16277E-01 6.60729E-02 2.87477E+00 
7.20162E-02 1.20648E-01 1.44758E-01 2.38016E-01 2.69628E-01 4.92558E-01 6.31319E-01 1.45117E-01 1.20648E-01 7.20162E-02 2.84305E+00 
7.75665E-02 1.24648E-01 1.48314E-01 2.39100E-01 2.70488E-01 4.94152E-01 6.35719E-01 1.48671E-01 1.24648E-01 7.75665E-02 2.80393E+00 
8.27101E-02 1.28264E-01 1.51482E-01 2.39800E-01 2.70936E-01 4.95178E-01 6.39464E-01 1.51837E-01 1.28264E-01 8.27101E-02 2.75793E+00 
8.74367E-02 1.31487E-01 1.54252E-01 2.40110E-01 2.70969E-01 4.95628E-01 6.42536E-01 1.54605E-01 1.31487E-01 8.74367E-02 2.70561E+00 
1.07179E-03 1.55748E-02 2.19028E-02 1.54210E-01 1.88119E-01 3.90334E-01 4.77236E-01 2.22323E-02 1.55748E-02 1.07179E-03 1.66799E+00 
1.07179E-03 1.55748E-02 2.72702E-02 1.57534E-01 1.91583E-01 3.96044E-01 4.86038E-01 2.76065E-02 1.55748E-02 1.07179E-03 1.77297E+00 
1.07179E-03 2.45736E-03 3.26562E-02 1.60873E-01 1.95045E-01 4.01679E-01 4.94754E-01 3.29989E-02 2.45736E-03 1.07179E-03 1.86922E+00 
1.07179E-03 8.17386E-03 3.80598E-02 1.64225E-01 1.98500E-01 4.07236E-01 5.03378E-01 3.84086E-02 8.17386E-03 1.07179E-03 1.95499E+00 
1.07179E-03 1.39075E-02 4.34729E-02 1.67557E-01 2.01919E-01 4.12713E-01 5.11949E-01 4.38276E-02 1.39075E-02 1.07179E-03 2.03738E+00 
1.07179E-03 1.96422E-02 4.88797E-02 1.70856E-01 2.05286E-01 4.18088E-01 5.20440E-01 4.92401E-02 1.96422E-02 1.07179E-03 2.11585E+00 
1.07179E-03 2.53619E-02 5.42644E-02 1.74108E-01 2.08589E-01 4.23342E-01 5.28824E-01 5.46301E-02 2.53619E-02 1.07179E-03 2.18987E+00 
1.07179E-03 2.97666E-02 5.84051E-02 1.76583E-01 2.11089E-01 4.27309E-01 5.35220E-01 5.87747E-02 2.97666E-02 1.07179E-03 2.24379E+00 
1.07179E-03 3.10498E-02 5.96103E-02 1.77299E-01 2.11811E-01 4.28452E-01 5.37073E-01 5.99810E-02 3.10498E-02 1.07179E-03 2.25896E+00 
1.07179E-03 3.71271E-02 6.53114E-02 1.80654E-01 2.15177E-01 4.33776E-01 5.45784E-01 6.56871E-02 3.71271E-02 1.07179E-03 2.32740E+00 
1.07179E-03 4.31249E-02 7.09257E-02 1.83902E-01 2.18413E-01 4.38880E-01 5.54270E-01 7.13059E-02 4.31249E-02 1.07179E-03 2.38906E+00 
1.07179E-03 4.90212E-02 7.64312E-02 1.87025E-01 2.21498E-01 4.43739E-01 5.62496E-01 7.68156E-02 4.90212E-02 1.07179E-03 2.44352E+00 
1.07179E-03 5.47931E-02 8.18058E-02 1.90003E-01 2.24413E-01 4.48324E-01 5.70427E-01 8.21937E-02 5.47931E-02 1.07179E-03 2.49039E+00 
5.92234E-03 6.04392E-02 8.70519E-02 1.92866E-01 2.27187E-01 4.52634E-01 5.78011E-01 8.74428E-02 6.04392E-02 5.92234E-03 2.51688E+00 
1.29055E-02 6.59207E-02 9.21256E-02 1.95538E-01 2.29744E-01 4.56616E-01 5.85242E-01 9.25189E-02 6.59207E-02 1.29055E-02 2.53360E+00 
1.96897E-02 7.12081E-02 9.69968E-02 1.97985E-01 2.32050E-01 4.60234E-01 5.92085E-01 9.73920E-02 7.12081E-02 1.96897E-02 2.54302E+00 
2.62479E-02 7.62767E-02 1.01641E-01 2.00189E-01 2.34085E-01 4.63459E-01 5.98500E-01 1.02038E-01 7.62767E-02 2.62479E-02 2.54503E+00 
3.25546E-02 8.11034E-02 1.06037E-01 2.02130E-01 2.35828E-01 4.66263E-01 6.04448E-01 1.06434E-01 8.11034E-02 3.25546E-02 2.53960E+00 
3.85860E-02 8.56667E-02 1.10162E-01 2.03791E-01 2.37264E-01 4.68621E-01 6.09893E-01 1.10559E-01 8.56667E-02 3.85860E-02 2.52680E+00 
4.43207E-02 8.99471E-02 1.13998E-01 2.05157E-01 2.38377E-01 4.70511E-01 6.14802E-01 1.14394E-01 8.99471E-02 4.43207E-02 2.50682E+00 
4.97394E-02 9.39274E-02 1.17528E-01 2.06217E-01 2.39156E-01 4.71914E-01 6.19146E-01 1.17922E-01 9.39274E-02 4.97394E-02 2.47990E+00 
5.48255E-02 9.75926E-02 1.20738E-01 2.06959E-01 2.39588E-01 4.72813E-01 6.22898E-01 1.21130E-01 9.75926E-02 5.48255E-02 2.44636E+00 
5.95652E-02 1.00931E-01 1.23616E-01 2.07375E-01 2.39668E-01 4.73196E-01 6.26035E-01 1.24006E-01 1.00931E-01 5.95652E-02 2.40661E+00 
6.39474E-02 1.03932E-01 1.26154E-01 2.07461E-01 2.39391E-01 4.73054E-01 6.28538E-01 1.26540E-01 1.03932E-01 6.39474E-02 2.36111E+00 
6.79642E-02 1.06590E-01 1.28345E-01 2.07214E-01 2.38755E-01 4.72381E-01 6.30392E-01 1.28727E-01 1.06590E-01 6.79642E-02 2.31037E+00 
7.16102E-02 1.08901E-01 1.30187E-01 2.06633E-01 2.37761E-01 4.71175E-01 6.31586E-01 1.30563E-01 1.08901E-01 7.16102E-02 2.25493E+00 
9.10575E-04 1.36166E-02 2.19984E-02 1.45352E-01 1.82364E-01 4.03060E-01 5.03844E-01 2.23922E-02 1.36166E-02 9.10575E-04 1.60062E+00 
9.10575E-04 1.36166E-02 2.66646E-02 1.47883E-01 1.84923E-01 4.07603E-01 5.11710E-01 2.70646E-02 1.36166E-02 9.10575E-04 1.68603E+00 
9.10575E-04 2.15821E-03 3.13307E-02 1.50417E-01 1.87465E-01 4.12045E-01 5.19445E-01 3.17365E-02 2.15821E-03 9.10575E-04 1.76320E+00 
9.10575E-04 7.16484E-03 3.59952E-02 1.52951E-01 1.89985E-01 4.16379E-01 5.27043E-01 3.64063E-02 7.16484E-03 9.10575E-04 1.83061E+00 
9.10575E-04 1.21662E-02 4.06470E-02 1.55447E-01 1.92448E-01 4.20596E-01 5.34537E-01 4.10631E-02 1.21662E-02 9.10575E-04 1.89457E+00 
9.10575E-04 1.71472E-02 4.52715E-02 1.57894E-01 1.94841E-01 4.24676E-01 5.41899E-01 4.56922E-02 1.71472E-02 9.10575E-04 1.95461E+00 
9.10575E-04 2.20931E-02 4.98540E-02 1.60280E-01 1.97152E-01 4.28600E-01 5.49104E-01 5.02790E-02 2.20931E-02 9.10575E-04 2.01030E+00 
9.10575E-04 2.58860E-02 5.33613E-02 1.62077E-01 1.98876E-01 4.31517E-01 5.54554E-01 5.37892E-02 2.58860E-02 9.10575E-04 2.05015E+00 
9.10575E-04 2.69882E-02 5.43793E-02 1.62593E-01 1.99368E-01 4.32348E-01 5.56124E-01 5.48081E-02 2.69882E-02 9.10575E-04 2.06124E+00 
9.10575E-04 3.21915E-02 5.91770E-02 1.64989E-01 2.01635E-01 4.36171E-01 5.63456E-01 5.96093E-02 3.21915E-02 9.10575E-04 2.11043E+00 
9.10575E-04 3.72978E-02 6.38709E-02 1.67270E-01 2.03759E-01 4.39742E-01 5.70508E-01 6.43063E-02 3.72978E-02 9.10575E-04 2.15330E+00 
9.10575E-04 4.22874E-02 6.84419E-02 1.69418E-01 2.05725E-01 4.43039E-01 5.77249E-01 6.88797E-02 4.22874E-02 9.10575E-04 2.18953E+00 
9.10575E-04 4.71409E-02 7.28708E-02 1.71419E-01 2.07515E-01 4.46038E-01 5.83644E-01 7.33105E-02 4.71409E-02 9.10575E-04 2.21886E+00 
5.02233E-03 5.18574E-02 7.71615E-02 1.73304E-01 2.09165E-01 4.48748E-01 5.89652E-01 7.76023E-02 5.18574E-02 5.02233E-03 2.23039E+00 
1.09142E-02 5.64033E-02 8.12747E-02 1.75000E-01 2.10598E-01 4.51111E-01 5.95261E-01 8.17159E-02 5.64033E-02 1.09142E-02 2.23332E+00 
1.66047E-02 6.07536E-02 8.51847E-02 1.76480E-01 2.11787E-01 4.53094E-01 6.00439E-01 8.56256E-02 6.07536E-02 1.66047E-02 2.22984E+00 
2.20715E-02 6.48880E-02 8.88720E-02 1.77729E-01 2.12716E-01 4.54675E-01 6.05150E-01 8.93120E-02 6.48880E-02 2.20715E-02 2.21994E+00 
2.72939E-02 6.87881E-02 9.23187E-02 1.78733E-01 2.13371E-01 4.55831E-01 6.09361E-01 9.27569E-02 6.87881E-02 2.72939E-02 2.20370E+00 
3.22531E-02 7.24372E-02 9.55087E-02 1.79480E-01 2.13741E-01 4.56544E-01 6.13041E-01 9.59444E-02 7.24372E-02 3.22531E-02 2.18126E+00 
3.69327E-02 7.58205E-02 9.84280E-02 1.79960E-01 2.13816E-01 4.56799E-01 6.16164E-01 9.88603E-02 7.58205E-02 3.69327E-02 2.15286E+00 
4.13184E-02 7.89255E-02 1.01065E-01 1.80166E-01 2.13590E-01 4.56582E-01 6.18705E-01 1.01493E-01 7.89255E-02 4.13184E-02 2.11880E+00 
4.53986E-02 8.17422E-02 1.03410E-01 1.80091E-01 2.13057E-01 4.55884E-01 6.20645E-01 1.03833E-01 8.17422E-02 4.53986E-02 2.07946E+00 
4.91641E-02 8.42630E-02 1.05455E-01 1.79732E-01 2.12215E-01 4.54699E-01 6.21966E-01 1.05873E-01 8.42630E-02 4.91641E-02 2.03524E+00 
5.26085E-02 8.64827E-02 1.07198E-01 1.79089E-01 2.11065E-01 4.53023E-01 6.22656E-01 1.07608E-01 8.64827E-02 5.26085E-02 1.98662E+00 
5.57281E-02 8.83987E-02 1.08635E-01 1.78164E-01 2.09608E-01 4.50856E-01 6.22707E-01 1.09038E-01 8.83987E-02 5.57281E-02 1.93409E+00 
5.85215E-02 9.00110E-02 1.09768E-01 1.76959E-01 2.07850E-01 4.48203E-01 6.22113E-01 1.10162E-01 9.00110E-02 5.85215E-02 1.87818E+00 
7.72818E-04 1.18903E-02 2.18338E-02 1.35474E-01 1.75350E-01 4.14165E-01 5.30933E-01 2.22979E-02 1.18903E-02 7.72818E-04 1.51045E+00 
7.72818E-04 1.18903E-02 2.58739E-02 1.37330E-01 1.77092E-01 4.17561E-01 5.37815E-01 2.63432E-02 1.18903E-02 7.72818E-04 1.58026E+00 
7.72818E-04 1.89279E-03 2.99006E-02 1.39183E-01 1.78809E-01 4.20834E-01 5.44527E-01 3.03744E-02 1.89279E-03 7.72818E-04 1.64235E+00 
7.72818E-04 6.27213E-03 3.39119E-02 1.41027E-01 1.80496E-01 4.23978E-01 5.51061E-01 3.43898E-02 6.27213E-03 7.72818E-04 1.69543E+00 
7.72818E-04 1.06298E-02 3.78945E-02 1.42824E-01 1.82114E-01 4.26975E-01 5.57443E-01 3.83760E-02 1.06298E-02 7.72818E-04 1.74505E+00 
7.72818E-04 1.49519E-02 4.18350E-02 1.44563E-01 1.83651E-01 4.29807E-01 5.63646E-01 4.23196E-02 1.49519E-02 7.72818E-04 1.79081E+00 
7.72818E-04 1.92245E-02 4.57198E-02 1.46233E-01 1.85096E-01 4.32456E-01 5.69644E-01 4.62071E-02 1.92245E-02 7.72818E-04 1.83235E+00 
7.72818E-04 2.24875E-02 4.86787E-02 1.47472E-01 1.86145E-01 4.34370E-01 5.74129E-01 4.91676E-02 2.24875E-02 7.72818E-04 1.86140E+00 
7.72818E-04 2.34335E-02 4.95351E-02 1.47824E-01 1.86439E-01 4.34905E-01 5.75413E-01 5.00245E-02 2.34335E-02 7.72818E-04 1.86936E+00 
7.72818E-04 2.78842E-02 5.35552E-02 1.49439E-01 1.87759E-01 4.37301E-01 5.81346E-01 5.40463E-02 2.78842E-02 7.72818E-04 1.90385E+00 
7.72818E-04 3.22269E-02 5.74615E-02 1.50934E-01 1.88934E-01 4.39424E-01 5.86949E-01 5.79535E-02 3.22269E-02 7.72818E-04 1.93245E+00 
7.72818E-04 3.64445E-02 6.12373E-02 1.52298E-01 1.89950E-01 4.41253E-01 5.92194E-01 6.17295E-02 3.64445E-02 7.72818E-04 1.95492E+00 
7.72818E-04 4.05199E-02 6.48662E-02 1.53518E-01 1.90794E-01 4.42769E-01 5.97051E-01 6.53578E-02 4.05199E-02 7.72818E-04 1.97112E+00 
4.25469E-03 4.44533E-02 6.83531E-02 1.54626E-01 1.91504E-01 4.43990E-01 6.01486E-01 6.88434E-02 4.44533E-02 4.25469E-03 1.97175E+00 
9.22041E-03 4.82154E-02 7.16629E-02 1.55555E-01 1.92007E-01 4.44854E-01 6.05483E-01 7.21511E-02 4.82154E-02 9.22041E-03 1.96479E+00 
1.39878E-02 5.17855E-02 7.47742E-02 1.56280E-01 1.92279E-01 4.45331E-01 6.09010E-01 7.52594E-02 5.17855E-02 1.39878E-02 1.95220E+00 
1.85387E-02 5.51471E-02 7.76715E-02 1.56792E-01 1.92309E-01 4.45404E-01 6.12036E-01 7.81529E-02 5.51471E-02 1.85387E-02 1.93404E+00 
2.28564E-02 5.82858E-02 8.03408E-02 1.57079E-01 1.92088E-01 4.45056E-01 6.14535E-01 8.08174E-02 5.82858E-02 2.28564E-02 1.91046E+00 
2.69266E-02 6.11888E-02 8.27701E-02 1.57136E-01 1.91610E-01 4.44276E-01 6.16480E-01 8.32411E-02 6.11888E-02 2.69266E-02 1.88167E+00 
3.07369E-02 6.38455E-02 8.49496E-02 1.56954E-01 1.90868E-01 4.43052E-01 6.17850E-01 8.54141E-02 6.38455E-02 3.07369E-02 1.84796E+00 
3.42772E-02 6.62473E-02 8.68714E-02 1.56531E-01 1.89862E-01 4.41378E-01 6.18627E-01 8.73284E-02 6.62473E-02 3.42772E-02 1.80967E+00 
3.75398E-02 6.83880E-02 8.85300E-02 1.55865E-01 1.88589E-01 4.39251E-01 6.18798E-01 8.89786E-02 6.83880E-02 3.75398E-02 1.76718E+00 
4.05196E-02 7.02637E-02 8.99223E-02 1.54956E-01 1.87052E-01 4.36669E-01 6.18350E-01 9.03615E-02 7.02637E-02 4.05196E-02 1.72093E+00 
4.32136E-02 7.18727E-02 9.10471E-02 1.53806E-01 1.85254E-01 4.33634E-01 6.17279E-01 9.14761E-02 7.18727E-02 4.32136E-02 1.67139E+00 
4.56213E-02 7.32155E-02 9.19059E-02 1.52420E-01 1.83203E-01 4.30153E-01 6.15582E-01 9.23236E-02 7.32155E-02 4.56213E-02 1.61902E+00 
4.77445E-02 7.42949E-02 9.25019E-02 1.50804E-01 1.80904E-01 4.26234E-01 6.13259E-01 9.29076E-02 7.42949E-02 4.77445E-02 1.56433E+00 
6.55817E-04 1.03922E-02 2.14185E-02 1.24819E-01 1.67056E-01 4.23405E-01 5.58160E-01 2.19579E-02 1.03922E-02 6.55817E-04 1.40823E+00 
6.55817E-04 1.03922E-02 2.49127E-02 1.26130E-01 1.68087E-01 4.25687E-01 5.64007E-01 2.54555E-02 1.03922E-02 6.55817E-04 1.46605E+00 
6.55817E-04 1.66171E-03 2.83831E-02 1.27432E-01 1.69090E-01 4.27831E-01 5.69646E-01 2.89288E-02 1.66171E-03 6.55817E-04 1.51662E+00 
6.55817E-04 5.49599E-03 3.18275E-02 1.28721E-01 1.70059E-01 4.29830E-01 5.75069E-01 3.23755E-02 5.49599E-03 6.55817E-04 1.55883E+00 
6.55817E-04 9.29604E-03 3.52312E-02 1.29957E-01 1.70952E-01 4.31657E-01 5.80293E-01 3.57809E-02 9.29604E-03 6.55817E-04 1.59757E+00 
6.55817E-04 1.30488E-02 3.85818E-02 1.31130E-01 1.71759E-01 4.33296E-01 5.85294E-01 3.91326E-02 1.30488E-02 6.55817E-04 1.63249E+00 
6.55817E-04 1.67417E-02 4.18669E-02 1.32232E-01 1.72470E-01 4.34731E-01 5.90046E-01 4.24182E-02 1.67417E-02 6.55817E-04 1.66330E+00 
6.55817E-04 1.95497E-02 4.43560E-02 1.33028E-01 1.72949E-01 4.35692E-01 5.93536E-01 4.49072E-02 1.95497E-02 6.55817E-04 1.68416E+00 
6.55817E-04 2.03617E-02 4.50741E-02 1.33251E-01 1.73077E-01 4.35947E-01 5.94525E-01 4.56252E-02 2.03617E-02 6.55817E-04 1.68974E+00 
6.55817E-04 2.41688E-02 4.84310E-02 1.34249E-01 1.73604E-01 4.36995E-01 5.99020E-01 4.89811E-02 2.41688E-02 6.55817E-04 1.71310E+00 
6.55817E-04 2.78610E-02 5.16682E-02 1.35130E-01 1.73988E-01 4.37753E-01 6.03142E-01 5.22165E-02 2.78610E-02 6.55817E-04 1.73092E+00 
6.55817E-04 3.14233E-02 5.47714E-02 1.35883E-01 1.74220E-01 4.38205E-01 6.06862E-01 5.53170E-02 3.14233E-02 6.55817E-04 1.74305E+00 
6.55817E-04 3.48416E-02 5.77267E-02 1.36498E-01 1.74288E-01 4.38335E-01 6.10155E-01 5.82689E-02 3.48416E-02 6.55817E-04 1.74941E+00 
3.60368E-03 3.81164E-02 6.05403E-02 1.37008E-01 1.74234E-01 4.38174E-01 6.13000E-01 6.10780E-02 3.81164E-02 3.60368E-03 1.74212E+00 
7.78719E-03 4.12228E-02 6.31808E-02 1.37351E-01 1.73987E-01 4.37651E-01 6.15370E-01 6.37132E-02 4.12228E-02 7.78719E-03 1.72810E+00 
1.17787E-02 4.41437E-02 6.56306E-02 1.37507E-01 1.73526E-01 4.36740E-01 6.17238E-01 6.61568E-02 4.41437E-02 1.17787E-02 1.70909E+00 
1.55635E-02 4.68660E-02 6.78776E-02 1.37467E-01 1.72846E-01 4.35430E-01 6.18576E-01 6.83965E-02 4.68660E-02 1.55635E-02 1.68525E+00 
1.91287E-02 4.93788E-02 6.99114E-02 1.37225E-01 1.71940E-01 4.33709E-01 6.19363E-01 7.04221E-02 4.93788E-02 1.91287E-02 1.65676E+00 
2.24635E-02 5.16728E-02 7.17236E-02 1.36778E-01 1.70807E-01 4.31570E-01 6.19578E-01 7.22250E-02 5.16728E-02 2.24635E-02 1.62390E+00 
2.55591E-02 5.37407E-02 7.33077E-02 1.36122E-01 1.69444E-01 4.29009E-01 6.19207E-01 7.37988E-02 5.37407E-02 2.55591E-02 1.58700E+00 
2.84088E-02 5.55773E-02 7.46593E-02 1.35257E-01 1.67854E-01 4.26025E-01 6.18236E-01 7.51392E-02 5.55773E-02 2.84088E-02 1.54642E+00 
3.10085E-02 5.71797E-02 7.57761E-02 1.34183E-01 1.66038E-01 4.22617E-01 6.16659E-01 7.62437E-02 5.71797E-02 3.10085E-02 1.50257E+00 
3.33557E-02 5.85467E-02 7.66579E-02 1.32905E-01 1.64001E-01 4.18792E-01 6.14471E-01 7.71122E-02 5.85467E-02 3.33557E-02 1.45589E+00 
3.54506E-02 5.96794E-02 7.73063E-02 1.31425E-01 1.61750E-01 4.14556E-01 6.11671E-01 7.77464E-02 5.96794E-02 3.54506E-02 1.40682E+00 
3.72951E-02 6.05808E-02 7.77251E-02 1.29752E-01 1.59293E-01 4.09919E-01 6.08262E-01 7.81501E-02 6.05808E-02 3.72951E-02 1.35584E+00 
3.88931E-02 6.12558E-02 7.79198E-02 1.27892E-01 1.56641E-01 4.04894E-01 6.04252E-01 7.83287E-02 6.12558E-02 3.88931E-02 1.30339E+00 
5.56698E-04 9.10407E-03 2.07770E-02 1.13724E-01 1.57573E-01 4.30648E-01 5.85170E-01 2.13952E-02 9.10407E-03 5.56698E-04 1.30446E+00 
5.56698E-04 9.10407E-03 2.38031E-02 1.14615E-01 1.58008E-01 4.31859E-01 5.89917E-01 2.44226E-02 9.10407E-03 5.56698E-04 1.35320E+00 
5.56698E-04 1.46288E-03 2.67966E-02 1.15493E-01 1.58414E-01 4.32921E-01 5.94421E-01 2.74166E-02 1.46288E-03 5.56698E-04 1.39506E+00 
5.56698E-04 4.82831E-03 2.97550E-02 1.16355E-01 1.58786E-01 4.33824E-01 5.98672E-01 3.03749E-02 4.82831E-03 5.56698E-04 1.42906E+00 
5.56698E-04 8.14904E-03 3.26631E-02 1.17159E-01 1.59077E-01 4.34534E-01 6.02680E-01 3.32822E-02 8.14904E-03 5.56698E-04 1.45952E+00 
5.56698E-04 1.14131E-02 3.55094E-02 1.17898E-01 1.59281E-01 4.35037E-01 6.06421E-01 3.61269E-02 1.14131E-02 5.56698E-04 1.48616E+00 
5.56698E-04 1.46089E-02 3.82828E-02 1.18563E-01 1.59389E-01 4.35319E-01 6.09870E-01 3.88979E-02 1.46089E-02 5.56698E-04 1.50873E+00 
5.56698E-04 1.70275E-02 4.03717E-02 1.19021E-01 1.59403E-01 4.35377E-01 6.12325E-01 4.09845E-02 1.70275E-02 5.56698E-04 1.52328E+00 
5.56698E-04 1.77249E-02 4.09722E-02 1.19146E-01 1.59394E-01 4.35367E-01 6.13006E-01 4.15843E-02 1.77249E-02 5.56698E-04 1.52704E+00 
5.56698E-04 2.09825E-02 4.37658E-02 1.19673E-01 1.59277E-01 4.35142E-01 6.16010E-01 4.43737E-02 2.09825E-02 5.56698E-04 1.54181E+00 
5.56698E-04 2.41209E-02 4.64366E-02 1.20088E-01 1.59023E-01 4.34617E-01 6.18599E-01 4.70393E-02 2.41209E-02 5.56698E-04 1.55131E+00 
5.56698E-04 2.71274E-02 4.89725E-02 1.20380E-01 1.58625E-01 4.33779E-01 6.20748E-01 4.95690E-02 2.71274E-02 5.56698E-04 1.55548E+00 
5.56698E-04 2.99901E-02 5.13623E-02 1.20543E-01 1.58077E-01 4.32617E-01 6.22435E-01 5.19516E-02 2.99901E-02 5.56698E-04 1.55431E+00 
3.05286E-03 3.27105E-02 5.36128E-02 1.20608E-01 1.57419E-01 4.31171E-01 6.23655E-01 5.41941E-02 3.27105E-02 3.05286E-03 1.54111E+00 
6.57692E-03 3.52676E-02 5.56968E-02 1.20518E-01 1.56586E-01 4.29365E-01 6.24370E-01 5.62689E-02 3.52676E-02 6.57692E-03 1.52190E+00 
9.91709E-03 3.76474E-02 5.75996E-02 1.20256E-01 1.55560E-01 4.27176E-01 6.24553E-01 5.81616E-02 3.76474E-02 9.91709E-03 1.49828E+00 
1.30619E-02 3.98401E-02 5.93124E-02 1.19819E-01 1.54338E-01 4.24597E-01 6.24185E-01 5.98631E-02 3.98401E-02 1.30619E-02 1.47045E+00 
1.60016E-02 4.18376E-02 6.08280E-02 1.19202E-01 1.52919E-01 4.21623E-01 6.23247E-01 6.13663E-02 4.18376E-02 1.60016E-02 1.43866E+00 
1.87285E-02 4.36337E-02 6.21409E-02 1.18403E-01 1.51302E-01 4.18251E-01 6.21726E-01 6.26658E-02 4.36337E-02 1.87285E-02 1.40323E+00 
2.12370E-02 4.52242E-02 6.32476E-02 1.17424E-01 1.49490E-01 4.14482E-01 6.19612E-01 6.37580E-02 4.52242E-02 2.12370E-02 1.36452E+00 
2.35233E-02 4.66066E-02 6.41466E-02 1.16265E-01 1.47486E-01 4.10319E-01 6.16901E-01 6.46414E-02 4.66066E-02 2.35233E-02 1.32292E+00 
2.55858E-02 4.77804E-02 6.48382E-02 1.14930E-01 1.45296E-01 4.05769E-01 6.13589E-01 6.53164E-02 4.77804E-02 2.55858E-02 1.27884E+00 
2.74248E-02 4.87471E-02 6.53244E-02 1.13423E-01 1.42927E-01 4.00841E-01 6.09679E-01 6.57850E-02 4.87471E-02 2.74248E-02 1.23273E+00 
2.90424E-02 4.95098E-02 6.56091E-02 1.11752E-01 1.40387E-01 3.95546E-01 6.05177E-01 6.60513E-02 4.95098E-02 2.90424E-02 1.18502E+00 
3.04426E-02 5.00733E-02 6.56980E-02 1.09924E-01 1.37686E-01 3.89898E-01 6.00091E-01 6.61207E-02 5.00733E-02 3.04426E-02 1.13613E+00 
3.16310E-02 5.04439E-02 6.55978E-02 1.07949E-01 1.34836E-01 3.83913E-01 5.94434E-01 6.60003E-02 5.04439E-02 3.16310E-02 1.08651E+00 
4.72603E-04 7.99721E-03 1.99447E-02 1.02557E-01 1.47083E-01 4.35858E-01 6.11582E-01 2.06436E-02 7.99721E-03 4.72603E-04 1.20784E+00 
4.72603E-04 7.99721E-03 2.25726E-02 1.03139E-01 1.47037E-01 4.36041E-01 6.15149E-01 2.32699E-02 7.99721E-03 4.72603E-04 1.24953E+00 
4.72603E-04 1.29219E-03 2.51595E-02 1.03705E-01 1.46962E-01 4.36065E-01 6.18441E-01 2.58544E-02 1.29219E-03 4.72603E-04 1.28454E+00 
4.72603E-04 4.25482E-03 2.77033E-02 1.04250E-01 1.46853E-01 4.35920E-01 6.21445E-01 2.83950E-02 4.25482E-03 4.72603E-04 1.31208E+00 
4.72603E-04 7.16351E-03 3.01884E-02 1.04734E-01 1.46663E-01 4.35564E-01 6.24163E-01 3.08761E-02 7.16351E-03 4.72603E-04 1.33596E+00 
4.72603E-04 1.00074E-02 3.26044E-02 1.05150E-01 1.46385E-01 4.34985E-01 6.26571E-01 3.32872E-02 1.00074E-02 4.72603E-04 1.35595E+00 
4.72603E-04 1.27762E-02 3.49416E-02 1.05490E-01 1.46014E-01 4.34171E-01 6.28649E-01 3.56187E-02 1.27762E-02 4.72603E-04 1.37187E+00 
4.72603E-04 1.48606E-02 3.66899E-02 1.05698E-01 1.45659E-01 4.33374E-01 6.30016E-01 3.73619E-02 1.48606E-02 4.72603E-04 1.38130E+00 
4.72603E-04 1.54598E-02 3.71905E-02 1.05750E-01 1.45543E-01 4.33113E-01 6.30375E-01 3.78609E-02 1.54598E-02 4.72603E-04 1.38358E+00 
4.72603E-04 1.82468E-02 3.95058E-02 1.05930E-01 1.44919E-01 4.31687E-01 6.31820E-01 4.01681E-02 1.82468E-02 4.72603E-04 1.39138E+00 
4.72603E-04 2.09121E-02 4.16972E-02 1.06001E-01 1.44167E-01 4.29954E-01 6.32812E-01 4.23502E-02 2.09121E-02 4.72603E-04 1.39412E+00 
4.72603E-04 2.34452E-02 4.37547E-02 1.05956E-01 1.43283E-01 4.27907E-01 6.33332E-01 4.43974E-02 2.34452E-02 4.72603E-04 1.39184E+00 
4.72603E-04 2.58365E-02 4.56694E-02 1.05789E-01 1.42262E-01 4.25538E-01 6.33361E-01 4.63007E-02 2.58365E-02 4.72603E-04 1.38460E+00 
2.58611E-03 2.80887E-02 4.74495E-02 1.05532E-01 1.41148E-01 4.22898E-01 6.32913E-01 4.80684E-02 2.80887E-02 2.58611E-03 1.36673E+00 
5.55333E-03 3.01841E-02 4.90708E-02 1.05133E-01 1.39876E-01 4.19905E-01 6.31935E-01 4.96762E-02 3.01841E-02 5.55333E-03 1.34352E+00 
8.34590E-03 3.21117E-02 5.05220E-02 1.04578E-01 1.38434E-01 4.16540E-01 6.30404E-01 5.11128E-02 3.21117E-02 8.34590E-03 1.31641E+00 
1.09552E-02 3.38645E-02 5.17970E-02 1.03865E-01 1.36820E-01 4.12799E-01 6.28305E-01 5.23719E-02 3.38645E-02 1.09552E-02 1.28566E+00 
1.33744E-02 3.54372E-02 5.28911E-02 1.02994E-01 1.35036E-01 4.08683E-01 6.25625E-01 5.34491E-02 3.54372E-02 1.33744E-02 1.25159E+00 
1.55985E-02 3.68261E-02 5.38018E-02 1.01964E-01 1.33086E-01 4.04194E-01 6.22359E-01 5.43416E-02 3.68261E-02 1.55985E-02 1.21455E+00 
1.76245E-02 3.80295E-02 5.45280E-02 1.00779E-01 1.30973E-01 3.99338E-01 6.18504E-01 5.50486E-02 3.80295E-02 1.76245E-02 1.17492E+00 
1.94511E-02 3.90474E-02 5.50705E-02 9.94408E-02 1.28702E-01 3.94123E-01 6.14058E-01 5.55708E-02 3.90474E-02 1.94511E-02 1.13312E+00 
2.10789E-02 3.98814E-02 5.54317E-02 9.79560E-02 1.26283E-01 3.88559E-01 6.09028E-01 5.59107E-02 3.98814E-02 2.10789E-02 1.08955E+00 
2.25101E-02 4.05347E-02 5.56155E-02 9.63304E-02 1.23723E-01 3.82659E-01 6.03421E-01 5.60723E-02 4.05347E-02 2.25101E-02 1.04464E+00 
2.37486E-02 4.10122E-02 5.56274E-02 9.45716E-02 1.21031E-01 3.76438E-01 5.97250E-01 5.60612E-02 4.10122E-02 2.37486E-02 9.98805E-01 
2.47997E-02 4.13198E-02 5.54742E-02 9.26885E-02 1.18220E-01 3.69915E-01 5.90527E-01 5.58841E-02 4.13198E-02 2.47997E-02 9.52451E-01 
2.56701E-02 4.14650E-02 5.51638E-02 9.06906E-02 1.15299E-01 3.63107E-01 5.83273E-01 5.55491E-02 4.14650E-02 2.56701E-02 9.05957E-01 
4.01285E-04 7.04344E-03 1.89686E-02 9.17201E-02 1.35892E-01 4.39041E-01 6.36837E-01 1.97479E-02 7.04344E-03 4.01285E-04 1.12470E+00 
4.01285E-04 7.04344E-03 2.12583E-02 9.20855E-02 1.35475E-01 4.38238E-01 6.39138E-01 2.20325E-02 7.04344E-03 4.01285E-04 1.16045E+00 
4.01285E-04 1.14528E-03 2.34993E-02 9.24291E-02 1.35029E-01 4.37269E-01 6.41133E-01 2.42674E-02 1.14528E-03 4.01285E-04 1.18965E+00 
4.01285E-04 3.76089E-03 2.56897E-02 9.27469E-02 1.34550E-01 4.36123E-01 6.42811E-01 2.64510E-02 3.76089E-03 4.01285E-04 1.21162E+00 
4.01285E-04 6.31435E-03 2.78141E-02 9.30002E-02 1.33990E-01 4.34752E-01 6.44161E-01 2.85675E-02 6.31435E-03 4.01285E-04 1.22980E+00 
4.01285E-04 8.79608E-03 2.98635E-02 9.31831E-02 1.33343E-01 4.33145E-01 6.45163E-01 3.06081E-02 8.79608E-03 4.01285E-04 1.24401E+00 
4.01285E-04 1.11971E-02 3.18296E-02 9.32900E-02 1.32607E-01 4.31294E-01 6.45798E-01 3.25643E-02 1.11971E-02 4.01285E-04 1.25412E+00 
4.01285E-04 1.29940E-02 3.32884E-02 9.33172E-02 1.31973E-01 4.29689E-01 6.46026E-01 3.40149E-02 1.29940E-02 4.01285E-04 1.25909E+00 
4.01285E-04 1.35088E-02 3.37041E-02 9.33156E-02 1.31777E-01 4.29191E-01 6.46048E-01 3.44281E-02 1.35088E-02 4.01285E-04 1.26007E+00 
4.01285E-04 1.58920E-02 3.56144E-02 9.32465E-02 1.30773E-01 4.26634E-01 6.45869E-01 3.63256E-02 1.58920E-02 4.01285E-04 1.26180E+00 
4.01285E-04 1.81527E-02 3.74010E-02 9.30719E-02 1.29651E-01 4.23771E-01 6.45206E-01 3.80983E-02 1.81527E-02 4.01285E-04 1.25869E+00 
4.01285E-04 2.02824E-02 3.90564E-02 9.27868E-02 1.28410E-01 4.20596E-01 6.44045E-01 3.97385E-02 2.02824E-02 4.01285E-04 1.25084E+00 
4.01285E-04 2.22740E-02 4.05739E-02 9.23875E-02 1.27048E-01 4.17106E-01 6.42373E-01 4.12398E-02 2.22740E-02 4.01285E-04 1.23843E+00 
2.19081E-03 2.41312E-02 4.19629E-02 9.19055E-02 1.25607E-01 4.13365E-01 6.40222E-01 4.26115E-02 2.41312E-02 2.19081E-03 1.21664E+00 
4.68832E-03 2.58393E-02 4.32022E-02 9.12934E-02 1.24028E-01 4.09283E-01 6.37526E-01 4.38324E-02 2.58393E-02 4.68832E-03 1.19013E+00 
7.02121E-03 2.73901E-02 4.42834E-02 9.05410E-02 1.22300E-01 4.04843E-01 6.34262E-01 4.48938E-02 2.73901E-02 7.02121E-03 1.16025E+00 
9.18342E-03 2.87790E-02 4.52026E-02 8.96482E-02 1.20425E-01 4.00048E-01 6.30422E-01 4.57922E-02 2.87790E-02 9.18342E-03 1.12730E+00 
1.11707E-02 3.00032E-02 4.59578E-02 8.86160E-02 1.18408E-01 3.94902E-01 6.26002E-01 4.65254E-02 3.00032E-02 1.11707E-02 1.09163E+00 
1.29803E-02 3.10614E-02 4.65486E-02 8.74470E-02 1.16253E-01 3.89412E-01 6.21000E-01 4.70930E-02 3.10614E-02 1.29803E-02 1.05362E+00 
1.46115E-02 3.19537E-02 4.69761E-02 8.61453E-02 1.13966E-01 3.83590E-01 6.15421E-01 4.74963E-02 3.19537E-02 1.46115E-02 1.01368E+00 
1.60650E-02 3.26822E-02 4.72428E-02 8.47158E-02 1.11554E-01 3.77445E-01 6.09271E-01 4.77378E-02 3.26822E-02 1.60650E-02 9.72222E-01 
1.73431E-02 3.32500E-02 4.73529E-02 8.31650E-02 1.09027E-01 3.70994E-01 6.02560E-01 4.78217E-02 3.32500E-02 1.73431E-02 9.29647E-01 
1.84496E-02 3.36619E-02 4.73116E-02 8.15003E-02 1.06393E-01 3.64253E-01 5.95304E-01 4.77534E-02 3.36619E-02 1.84496E-02 8.86359E-01 
1.93895E-02 3.39236E-02 4.71255E-02 7.97300E-02 1.03664E-01 3.57240E-01 5.87519E-01 4.75395E-02 3.39236E-02 1.93895E-02 8.42745E-01 
2.01692E-02 3.40423E-02 4.68022E-02 7.78633E-02 1.00850E-01 3.49974E-01 5.79227E-01 4.71878E-02 3.40423E-02 2.01692E-02 7.99164E-01 
2.07959E-02 3.40258E-02 4.63501E-02 7.59100E-02 9.79630E-02 3.42478E-01 5.70449E-01 4.67066E-02 3.40258E-02 2.07959E-02 7.55950E-01 
3.39701E-04 6.19984E-03 1.78794E-02 8.13690E-02 1.24146E-01 4.40268E-01 6.60759E-01 1.87377E-02 6.19984E-03 3.39701E-04 1.05682E+00 
3.39701E-04 6.19984E-03 1.98749E-02 8.15823E-02 1.23451E-01 4.38503E-01 6.61680E-01 2.07238E-02 6.19984E-03 3.39701E-04 1.08688E+00 
3.39701E-04 1.01530E-03 2.18144E-02 8.17676E-02 1.22728E-01 4.36566E-01 6.62271E-01 2.26529E-02 1.01530E-03 3.39701E-04 1.11047E+00 
3.39701E-04 3.32384E-03 2.36969E-02 8.19218E-02 1.21972E-01 4.34450E-01 6.62521E-01 2.45241E-02 3.32384E-03 3.39701E-04 1.12705E+00 
3.39701E-04 5.56318E-03 2.55074E-02 8.20083E-02 1.21136E-01 4.32096E-01 6.62405E-01 2.63222E-02 5.56318E-03 3.39701E-04 1.13970E+00 
3.39701E-04 7.72510E-03 2.72381E-02 8.20224E-02 1.20218E-01 4.29498E-01 6.61907E-01 2.80395E-02 7.72510E-03 3.39701E-04 1.14832E+00 
3.39701E-04 9.80209E-03 2.88823E-02 8.19599E-02 1.19214E-01 4.26651E-01 6.61011E-01 2.96691E-02 9.80209E-03 3.39701E-04 1.15287E+00 
3.39701E-04 1.13464E-02 3.00910E-02 8.18563E-02 1.18378E-01 4.24273E-01 6.60035E-01 3.08657E-02 1.13464E-02 3.39701E-04 1.15358E+00 
3.39701E-04 1.17871E-02 3.04334E-02 8.18167E-02 1.18123E-01 4.23549E-01 6.59702E-01 3.12046E-02 1.17871E-02 3.39701E-04 1.15333E+00 
3.39701E-04 1.38168E-02 3.19950E-02 8.15680E-02 1.16847E-01 4.19916E-01 6.57817E-01 3.27480E-02 1.38168E-02 3.39701E-04 1.14932E+00 
3.39701E-04 1.57249E-02 3.34351E-02 8.12178E-02 1.15464E-01 4.15981E-01 6.55425E-01 3.41688E-02 1.57249E-02 3.39701E-04 1.14074E+00 
3.39701E-04 1.75051E-02 3.47482E-02 8.07635E-02 1.13976E-01 4.11744E-01 6.52518E-01 3.54614E-02 1.75051E-02 3.39701E-04 1.12778E+00 
3.39701E-04 1.91522E-02 3.59299E-02 8.02029E-02 1.12381E-01 4.07205E-01 6.49089E-01 3.66213E-02 1.91522E-02 3.39701E-04 1.11068E+00 
1.85005E-03 2.06712E-02 3.69905E-02 7.95665E-02 1.10723E-01 4.02438E-01 6.45191E-01 3.76592E-02 2.06712E-02 1.85005E-03 1.08540E+00 
3.94461E-03 2.20502E-02 3.79119E-02 7.88124E-02 1.08947E-01 3.97348E-01 6.40741E-01 3.85567E-02 2.20502E-02 3.94461E-03 1.05603E+00 
5.88547E-03 2.32835E-02 3.86879E-02 7.79327E-02 1.07044E-01 3.91922E-01 6.35719E-01 3.93075E-02 2.32835E-02 5.88547E-03 1.02384E+00 
7.66887E-03 2.43686E-02 3.93171E-02 7.69293E-02 1.05018E-01 3.86165E-01 6.30124E-01 3.99104E-02 2.43686E-02 7.66887E-03 9.89164E-01 
9.29269E-03 2.53048E-02 3.97994E-02 7.58049E-02 1.02876E-01 3.80087E-01 6.23958E-01 4.03652E-02 2.53048E-02 9.29269E-03 9.52390E-01 
1.07564E-02 2.60926E-02 4.01363E-02 7.45637E-02 1.00623E-01 3.73700E-01 6.17227E-01 4.06736E-02 2.60926E-02 1.07564E-02 9.13914E-01 
1.20608E-02 2.67340E-02 4.03306E-02 7.32110E-02 9.82663E-02 3.67018E-01 6.09941E-01 4.08383E-02 2.67340E-02 1.20608E-02 8.74138E-01 
1.32083E-02 2.72325E-02 4.03862E-02 7.17529E-02 9.58155E-02 3.60056E-01 6.02114E-01 4.08634E-02 2.72325E-02 1.32083E-02 8.33462E-01 
1.42026E-02 2.75924E-02 4.03084E-02 7.01968E-02 9.32793E-02 3.52833E-01 5.93762E-01 4.07545E-02 2.75924E-02 1.42026E-02 7.92276E-01 
1.50485E-02 2.78196E-02 4.01035E-02 6.85506E-02 9.06678E-02 3.45367E-01 5.84906E-01 4.05177E-02 2.78196E-02 1.50485E-02 7.50947E-01 
1.57519E-02 2.79205E-02 3.97788E-02 6.68230E-02 8.79914E-02 3.37681E-01 5.75568E-01 4.01604E-02 2.79205E-02 1.57519E-02 7.09821E-01 
1.63197E-02 2.79025E-02 3.93420E-02 6.50233E-02 8.52610E-02 3.29795E-01 5.65775E-01 3.96907E-02 2.79025E-02 1.63197E-02 6.69210E-01 
1.67594E-02 2.77737E-02 3.88017E-02 6.31610E-02 8.24878E-02 3.21734E-01 5.55554E-01 3.91172E-02 2.77737E-02 1.67594E-02 6.29392E-01 
2.86712E-04 5.44802E-03 1.67267E-02 7.18023E-02 1.12238E-01 4.39547E-01 6.82592E-01 1.76599E-02 5.44802E-03 2.86712E-04 1.00475E+00 
2.86712E-04 5.44802E-03 1.84637E-02 7.19070E-02 1.11348E-01 4.36845E-01 6.82033E-01 1.93824E-02 5.44802E-03 2.86712E-04 1.02887E+00 
2.86712E-04 8.99070E-04 2.01388E-02 7.19780E-02 1.10429E-01 4.33972E-01 6.81126E-01 2.10420E-02 8.99070E-04 2.86712E-04 1.04660E+00 
2.86712E-04 2.93355E-03 2.17519E-02 7.20129E-02 1.09480E-01 4.30920E-01 6.79861E-01 2.26386E-02 2.93355E-03 2.86712E-04 1.05754E+00 
2.86712E-04 4.89340E-03 2.32884E-02 7.19776E-02 1.08454E-01 4.27623E-01 6.78198E-01 2.41575E-02 4.89340E-03 2.86712E-04 1.06450E+00 
2.86712E-04 6.77185E-03 2.47423E-02 7.18687E-02 1.07349E-01 4.24079E-01 6.76126E-01 2.55926E-02 6.77185E-03 2.86712E-04 1.06745E+00 
2.86712E-04 8.56288E-03 2.61082E-02 7.16831E-02 1.06165E-01 4.20284E-01 6.73633E-01 2.69385E-02 8.56288E-03 2.86712E-04 1.06641E+00 
2.86712E-04 9.88517E-03 2.71014E-02 7.14852E-02 1.05194E-01 4.17175E-01 6.71407E-01 2.79156E-02 9.88517E-03 2.86712E-04 1.06292E+00 
2.86712E-04 1.02609E-02 2.73811E-02 7.14182E-02 1.04901E-01 4.16238E-01 6.70707E-01 2.81903E-02 1.02609E-02 2.86712E-04 1.06146E+00 
2.86712E-04 1.19821E-02 2.86445E-02 7.10414E-02 1.03447E-01 4.11593E-01 6.67061E-01 2.94297E-02 1.19821E-02 2.86712E-04 1.05187E+00 
2.86712E-04 1.35844E-02 2.97905E-02 7.05682E-02 1.01900E-01 4.06657E-01 6.62898E-01 3.05504E-02 1.35844E-02 2.86712E-04 1.03808E+00 
2.86712E-04 1.50635E-02 3.08155E-02 6.99973E-02 1.00260E-01 4.01433E-01 6.58212E-01 3.15488E-02 1.50635E-02 2.86712E-04 1.02034E+00 
2.86712E-04 1.64162E-02 3.17169E-02 6.93286E-02 9.85295E-02 3.95926E-01 6.53004E-01 3.24224E-02 1.64162E-02 2.86712E-04 9.98965E-01 
1.55747E-03 1.76486E-02 3.25060E-02 6.85913E-02 9.67505E-02 3.90221E-01 6.47348E-01 3.31830E-02 1.76486E-02 1.55747E-03 9.70552E-01 
3.30815E-03 1.87512E-02 3.31673E-02 6.77485E-02 9.48721E-02 3.84217E-01 6.41146E-01 3.38145E-02 1.87512E-02 3.30815E-03 9.38736E-01 
4.91681E-03 1.97204E-02 3.36969E-02 6.67947E-02 9.28884E-02 3.77901E-01 6.34379E-01 3.43131E-02 1.97204E-02 4.91681E-03 9.04673E-01 
6.38168E-03 2.05558E-02 3.40950E-02 6.57331E-02 9.08052E-02 3.71286E-01 6.27053E-01 3.46791E-02 2.05558E-02 6.38168E-03 8.68741E-01 
7.70245E-03 2.12581E-02 3.43634E-02 6.45680E-02 8.86290E-02 3.64385E-01 6.19177E-01 3.49144E-02 2.12581E-02 7.70245E-03 8.31332E-01 
8.88017E-03 2.18296E-02 3.45050E-02 6.33047E-02 8.63673E-02 3.57212E-01 6.10764E-01 3.50218E-02 2.18296E-02 8.88017E-03 7.92843E-01 
9.91717E-03 2.22734E-02 3.45236E-02 6.19492E-02 8.40284E-02 3.49787E-01 6.01830E-01 3.50055E-02 2.22734E-02 9.91717E-03 7.53664E-01 
1.08170E-02 2.25941E-02 3.44245E-02 6.05087E-02 8.16213E-02 3.42127E-01 5.92396E-01 3.48708E-02 2.25941E-02 1.08170E-02 7.14169E-01 
1.15842E-02 2.27969E-02 3.42136E-02 5.89908E-02 7.91555E-02 3.34253E-01 5.82482E-01 3.46236E-02 2.27969E-02 1.15842E-02 6.74714E-01 
1.22245E-02 2.28882E-02 3.38976E-02 5.74038E-02 7.66408E-02 3.26188E-01 5.72116E-01 3.42710E-02 2.28882E-02 1.22245E-02 6.35623E-01 
1.27440E-02 2.28747E-02 3.34841E-02 5.57564E-02 7.40875E-02 3.17954E-01 5.61326E-01 3.38204E-02 2.28747E-02 1.27440E-02 5.97190E-01 
1.31499E-02 2.27639E-02 3.29809E-02 5.40574E-02 7.15058E-02 3.09574E-01 5.50142E-01 3.32800E-02 2.27639E-02 1.31499E-02 5.59674E-01 
1.34496E-02 2.25638E-02 3.23963E-02 5.23162E-02 6.89059E-02 3.01074E-01 5.38595E-01 3.26582E-02 2.25638E-02 1.34496E-02 5.23294E-01 
2.40759E-04 4.76509E-03 1.55428E-02 6.30969E-02 1.00405E-01 4.36894E-01 7.01869E-01 1.65442E-02 4.76509E-03 2.40759E-04 9.65789E-01 
2.40759E-04 4.76509E-03 1.70471E-02 6.31176E-02 9.93860E-02 4.33277E-01 6.99732E-01 1.80282E-02 4.76509E-03 2.40759E-04 9.83369E-01 
2.40759E-04 7.92760E-04 1.84855E-02 6.30997E-02 9.83406E-02 4.29494E-01 6.97239E-01 1.94453E-02 7.92760E-04 2.40759E-04 9.94742E-01 
2.40759E-04 2.57761E-03 1.98587E-02 6.30421E-02 9.72664E-02 4.25538E-01 6.94379E-01 2.07962E-02 2.57761E-03 2.40759E-04 9.99625E-01 
2.40759E-04 4.28444E-03 2.11529E-02 6.29130E-02 9.61196E-02 4.21335E-01 6.91099E-01 2.20669E-02 4.28444E-03 2.40759E-04 1.00058E+00 
2.40759E-04 5.90793E-03 2.23636E-02 6.27102E-02 9.48999E-02 4.16887E-01 6.87390E-01 2.32528E-02 5.90793E-03 2.40759E-04 9.97648E-01 
2.40759E-04 7.44351E-03 2.34866E-02 6.24320E-02 9.36074E-02 4.12193E-01 6.83245E-01 2.43499E-02 7.44351E-03 2.40759E-04 9.90935E-01 
2.40759E-04 8.56876E-03 2.42934E-02 6.21642E-02 9.25577E-02 4.08393E-01 6.79735E-01 2.51357E-02 8.56876E-03 2.40759E-04 9.83234E-01 
2.40759E-04 8.88713E-03 2.45187E-02 6.20771E-02 9.22426E-02 4.07255E-01 6.78658E-01 2.53549E-02 8.88713E-03 2.40759E-04 9.80582E-01 
2.40759E-04 1.03368E-02 2.55265E-02 6.16076E-02 9.06913E-02 4.01661E-01 6.73215E-01 2.63320E-02 1.03368E-02 2.40759E-04 9.65553E-01 
2.40759E-04 1.16723E-02 2.64226E-02 6.10476E-02 8.90589E-02 3.95794E-01 6.67253E-01 2.71962E-02 1.16723E-02 2.40759E-04 9.46787E-01 
2.40759E-04 1.28911E-02 2.72052E-02 6.03977E-02 8.73480E-02 3.89659E-01 6.60776E-01 2.79459E-02 1.28911E-02 2.40759E-04 9.24606E-01 
2.40759E-04 1.39918E-02 2.78737E-02 5.96590E-02 8.55617E-02 3.83267E-01 6.53788E-01 2.85801E-02 1.39918E-02 2.40759E-04 8.99369E-01 
1.30440E-03 1.49814E-02 2.84397E-02 5.88595E-02 8.37406E-02 3.76711E-01 6.46385E-01 2.91114E-02 1.49814E-02 1.30440E-03 8.68238E-01 
2.75979E-03 1.58524E-02 2.88903E-02 5.79668E-02 8.18383E-02 3.69885E-01 6.38453E-01 2.95260E-02 1.58524E-02 2.75979E-03 8.34415E-01 
4.08558E-03 1.66031E-02 2.92233E-02 5.69775E-02 7.98510E-02 3.62780E-01 6.29976E-01 2.98219E-02 1.66031E-02 4.08558E-03 7.98961E-01 
5.28165E-03 1.72346E-02 2.94404E-02 5.58961E-02 7.77854E-02 3.55410E-01 6.20967E-01 3.00010E-02 1.72346E-02 5.28165E-03 7.62266E-01 
6.34911E-03 1.77489E-02 2.95447E-02 5.47277E-02 7.56488E-02 3.47793E-01 6.11440E-01 3.00663E-02 1.77489E-02 6.34911E-03 7.24714E-01 
7.29027E-03 1.81494E-02 2.95399E-02 5.34784E-02 7.34493E-02 3.39947E-01 6.01415E-01 3.00219E-02 1.81494E-02 7.29027E-03 6.86685E-01 
8.10849E-03 1.84402E-02 2.94311E-02 5.21550E-02 7.11955E-02 3.31893E-01 5.90915E-01 2.98728E-02 1.84402E-02 8.10849E-03 6.48540E-01 
8.80812E-03 1.86264E-02 2.92239E-02 5.07648E-02 6.88963E-02 3.23653E-01 5.79965E-01 2.96249E-02 1.86264E-02 8.80812E-03 6.10616E-01 
9.39434E-03 1.87139E-02 2.89246E-02 4.93157E-02 6.65611E-02 3.15249E-01 5.68593E-01 2.92845E-02 1.87139E-02 9.39434E-03 5.73220E-01 
9.87304E-03 1.87090E-02 2.85402E-02 4.78158E-02 6.41992E-02 3.06706E-01 5.56831E-01 2.88589E-02 1.87090E-02 9.87304E-03 5.36626E-01 
1.02507E-02 1.86186E-02 2.80779E-02 4.62734E-02 6.18202E-02 2.98047E-01 5.44709E-01 2.83554E-02 1.86186E-02 1.02507E-02 5.01070E-01 
1.05341E-02 1.84500E-02 2.75454E-02 4.46972E-02 5.94334E-02 2.89296E-01 5.32264E-01 2.77818E-02 1.84500E-02 1.05341E-02 4.66751E-01 
1.07305E-02 1.82106E-02 2.69505E-02 4.30954E-02 5.70479E-02 2.80478E-01 5.19529E-01 2.71462E-02 1.82106E-02 1.07305E-02 4.33828E-01 
2.00818E-04 4.13763E-03 1.43565E-02 5.52787E-02 8.88807E-02 4.32295E-01 7.18054E-01 1.54169E-02 4.13763E-03 2.00818E-04 9.35966E-01 
2.00818E-04 4.13763E-03 1.56478E-02 5.52266E-02 8.77883E-02 4.27787E-01 7.14261E-01 1.66814E-02 4.13763E-03 2.00818E-04 9.46394E-01 
2.00818E-04 6.94084E-04 1.68715E-02 5.51329E-02 8.66712E-02 4.23123E-01 7.10112E-01 1.78773E-02 6.94084E-04 2.00818E-04 9.50914E-01 
2.00818E-04 2.24869E-03 1.80289E-02 5.49975E-02 8.55284E-02 4.18298E-01 7.05598E-01 1.90059E-02 2.24869E-03 2.00818E-04 9.49358E-01 
2.00818E-04 3.72420E-03 1.91073E-02 5.47913E-02 8.43183E-02 4.13231E-01 7.00651E-01 2.00542E-02 3.72420E-03 2.00818E-04 9.44061E-01 
2.00818E-04 5.11669E-03 2.01032E-02 5.45131E-02 8.30419E-02 4.07925E-01 6.95266E-01 2.10188E-02 5.11669E-03 2.00818E-04 9.35145E-01 
2.00818E-04 6.42292E-03 2.10142E-02 5.41623E-02 8.17004E-02 4.02385E-01 6.89440E-01 2.18972E-02 6.42292E-03 2.00818E-04 9.22776E-01 
2.00818E-04 7.37271E-03 2.16594E-02 5.38411E-02 8.06188E-02 3.97940E-01 6.84629E-01 2.25164E-02 7.37271E-03 2.00818E-04 9.10965E-01 
2.00818E-04 7.64022E-03 2.18381E-02 5.37389E-02 8.02955E-02 3.96614E-01 6.83172E-01 2.26873E-02 7.64022E-03 2.00818E-04 9.07159E-01 
2.00818E-04 8.85075E-03 2.26271E-02 5.32014E-02 7.87119E-02 3.90142E-01 6.75922E-01 2.34388E-02 8.85075E-03 2.00818E-04 8.86957E-01 
2.00818E-04 9.95375E-03 2.33121E-02 5.25808E-02 7.70601E-02 3.83420E-01 6.68167E-01 2.40850E-02 9.95375E-03 2.00818E-04 8.63596E-01 
2.00818E-04 1.09483E-02 2.38928E-02 5.18790E-02 7.53434E-02 3.76458E-01 6.59914E-01 2.46258E-02 1.09483E-02 2.00818E-04 8.37441E-01 
2.00818E-04 1.18345E-02 2.43698E-02 5.10983E-02 7.35662E-02 3.69269E-01 6.51175E-01 2.50619E-02 1.18345E-02 2.00818E-04 8.08882E-01 
1.08510E-03 1.26196E-02 2.47552E-02 5.02653E-02 7.17666E-02 3.61955E-01 6.42068E-01 2.54059E-02 1.26196E-02 1.08510E-03 7.75561E-01 
2.28672E-03 1.32982E-02 2.50379E-02 4.93518E-02 6.99031E-02 3.54406E-01 6.32459E-01 2.56464E-02 1.32982E-02 2.28672E-03 7.40277E-01 
3.37174E-03 1.38701E-02 2.52175E-02 4.83560E-02 6.79733E-02 3.46613E-01 6.22338E-01 2.57827E-02 1.38701E-02 3.37174E-03 7.03997E-01 
4.34129E-03 1.43374E-02 2.52966E-02 4.72832E-02 6.59845E-02 3.38596E-01 6.11721E-01 2.58179E-02 1.43374E-02 4.34129E-03 6.67096E-01 
5.19757E-03 1.47031E-02 2.52792E-02 4.61392E-02 6.39443E-02 3.30375E-01 6.00632E-01 2.57558E-02 1.47031E-02 5.19757E-03 6.29938E-01 
5.94377E-03 1.49713E-02 2.51698E-02 4.49306E-02 6.18610E-02 3.21971E-01 5.89095E-01 2.56013E-02 1.49713E-02 5.94377E-03 5.92867E-01 
6.58393E-03 1.51467E-02 2.49737E-02 4.36642E-02 5.97429E-02 3.13406E-01 5.77139E-01 2.53599E-02 1.51467E-02 6.58393E-03 5.56203E-01 
7.12283E-03 1.52347E-02 2.46969E-02 4.23475E-02 5.75987E-02 3.04706E-01 5.64795E-01 2.50375E-02 1.52347E-02 7.12283E-03 5.20231E-01 
7.56589E-03 1.52412E-02 2.43457E-02 4.09882E-02 5.54372E-02 2.95893E-01 5.52095E-01 2.46409E-02 1.52412E-02 7.56589E-03 4.85205E-01 
7.91905E-03 1.51725E-02 2.39269E-02 3.95940E-02 5.32669E-02 2.86993E-01 5.39074E-01 2.41768E-02 1.51725E-02 7.91905E-03 4.51339E-01 
8.18857E-03 1.50353E-02 2.34474E-02 3.81727E-02 5.10965E-02 2.78030E-01 5.25768E-01 2.36524E-02 1.50353E-02 8.18857E-03 4.18808E-01 
8.38102E-03 1.48362E-02 2.29143E-02 3.67322E-02 4.89342E-02 2.69028E-01 5.12214E-01 2.30750E-02 1.48362E-02 8.38102E-03 3.87750E-01 
8.50304E-03 1.45822E-02 2.23346E-02 3.52798E-02 4.67879E-02 2.60013E-01 4.98450E-01 2.24517E-02 1.45822E-02 8.50304E-03 3.58269E-01 
1.66129E-04 3.55829E-03 1.31907E-02 4.83111E-02 7.78628E-02 4.25717E-01 7.30647E-01 1.42979E-02 3.55829E-03 1.66129E-04 9.10720E-01 
1.66129E-04 3.55829E-03 1.42853E-02 4.81898E-02 7.67395E-02 4.20349E-01 7.25143E-01 1.53584E-02 3.55829E-03 1.66129E-04 9.13556E-01 
1.66129E-04 6.01832E-04 1.53130E-02 4.80264E-02 7.55948E-02 4.14842E-01 7.19296E-01 1.63510E-02 6.01832E-04 1.66129E-04 9.10934E-01 
1.66129E-04 1.94286E-03 1.62756E-02 4.78215E-02 7.44281E-02 4.09192E-01 7.13098E-01 1.72777E-02 1.94286E-03 1.66129E-04 9.02783E-01 
1.66129E-04 3.20612E-03 1.71613E-02 4.75483E-02 7.32009E-02 4.03310E-01 7.06463E-01 1.81262E-02 3.20612E-03 1.66129E-04 8.91224E-01 
1.66129E-04 4.38892E-03 1.79680E-02 4.72069E-02 7.19151E-02 3.97203E-01 6.99391E-01 1.88944E-02 4.38892E-03 1.66129E-04 8.76445E-01 
1.66129E-04 5.48922E-03 1.86942E-02 4.67976E-02 7.05726E-02 3.90877E-01 6.91884E-01 1.95809E-02 5.48922E-03 1.66129E-04 8.58665E-01 
1.66129E-04 6.28298E-03 1.92002E-02 4.64349E-02 6.94965E-02 3.85838E-01 6.85780E-01 2.00555E-02 6.28298E-03 1.66129E-04 8.43010E-01 
1.66129E-04 6.50549E-03 1.93389E-02 4.63214E-02 6.91760E-02 3.84342E-01 6.83947E-01 2.01850E-02 6.50549E-03 1.66129E-04 8.38140E-01 
1.66129E-04 7.50608E-03 1.99424E-02 4.57343E-02 6.76127E-02 3.77070E-01 6.74916E-01 2.07434E-02 7.50608E-03 1.66129E-04 8.13253E-01 
1.66129E-04 8.40749E-03 2.04510E-02 4.50730E-02 6.59936E-02 3.69578E-01 6.65404E-01 2.12059E-02 8.40749E-03 1.66129E-04 7.85871E-01 
1.66129E-04 9.21007E-03 2.08655E-02 4.43403E-02 6.43232E-02 3.61879E-01 6.55426E-01 2.15735E-02 9.21007E-03 1.66129E-04 7.56385E-01 
1.66129E-04 9.91493E-03 2.11877E-02 4.35394E-02 6.26061E-02 3.53989E-01 6.44997E-01 2.18479E-02 9.91493E-03 1.66129E-04 7.25194E-01 
8.95273E-04 1.05296E-02 2.14295E-02 4.26953E-02 6.08777E-02 3.46019E-01 6.34259E-01 2.20418E-02 1.05296E-02 8.95273E-04 6.90341E-01 
1.87925E-03 1.10504E-02 2.15818E-02 4.17835E-02 5.91012E-02 3.37851E-01 6.23060E-01 2.21456E-02 1.10504E-02 1.87925E-03 6.54251E-01 
2.75991E-03 1.14780E-02 2.16451E-02 4.08036E-02 5.72753E-02 3.29480E-01 6.11390E-01 2.21596E-02 1.14780E-02 2.75991E-03 6.17785E-01 
3.53931E-03 1.18153E-02 2.16230E-02 3.97612E-02 5.54075E-02 3.20929E-01 5.99275E-01 2.20878E-02 1.18153E-02 3.53931E-03 5.81289E-01 
4.22038E-03 1.20661E-02 2.15197E-02 3.86625E-02 5.35054E-02 3.12219E-01 5.86743E-01 2.19344E-02 1.20661E-02 4.22038E-03 5.45089E-01 
4.80683E-03 1.22347E-02 2.13401E-02 3.75140E-02 5.15768E-02 3.03374E-01 5.73823E-01 2.17047E-02 1.22347E-02 4.80683E-03 5.09482E-01 
5.30304E-03 1.23260E-02 2.10898E-02 3.63228E-02 4.96298E-02 2.94420E-01 5.60549E-01 2.14043E-02 1.23260E-02 5.30304E-03 4.74733E-01 
5.71395E-03 1.23455E-02 2.07745E-02 3.50959E-02 4.76723E-02 2.85379E-01 5.46957E-01 2.10392E-02 1.23455E-02 5.71395E-03 4.41071E-01 
6.04494E-03 1.22989E-02 2.04003E-02 3.38405E-02 4.57123E-02 2.76279E-01 5.33083E-01 2.06158E-02 1.22989E-02 6.04494E-03 4.08688E-01 
6.30171E-03 1.21921E-02 1.99736E-02 3.25638E-02 4.37575E-02 2.67142E-01 5.18964E-01 2.01404E-02 1.21921E-02 6.30171E-03 3.77736E-01 
6.49017E-03 1.20313E-02 1.95008E-02 3.12730E-02 4.18154E-02 2.57995E-01 5.04640E-01 1.96198E-02 1.20313E-02 6.49017E-03 3.48332E-01 
6.61635E-03 1.18226E-02 1.89881E-02 2.99747E-02 3.98929E-02 2.48861E-01 4.90150E-01 1.90604E-02 1.18226E-02 6.61635E-03 3.20556E-01 
6.68626E-03 1.15720E-02 1.84419E-02 2.86757E-02 3.79966E-02 2.39764E-01 4.75534E-01 1.84686E-02 1.15720E-02 6.68626E-03 2.94456E-01 
1.36126E-04 3.02437E-03 1.20635E-02 4.21172E-02 6.75039E-02 4.17123E-01 7.39207E-01 1.32016E-02 3.02437E-03 1.36126E-04 8.85636E-01 
1.36126E-04 3.02437E-03 1.29764E-02 4.19278E-02 6.63834E-02 4.10939E-01 7.31972E-01 1.40723E-02 3.02437E-03 1.36126E-04 8.80771E-01 
1.36126E-04 5.15639E-04 1.38253E-02 4.16982E-02 6.52456E-02 4.04638E-01 7.24417E-01 1.48784E-02 5.15639E-04 1.36126E-04 8.71045E-01 
1.36126E-04 1.65884E-03 1.46126E-02 4.14295E-02 6.40907E-02 3.98217E-01 7.16537E-01 1.56220E-02 1.65884E-03 1.36126E-04 8.56468E-01 
1.36126E-04 2.72784E-03 1.53272E-02 4.10973E-02 6.28828E-02 3.91581E-01 7.08225E-01 1.62918E-02 2.72784E-03 1.36126E-04 8.38948E-01 
1.36126E-04 3.72099E-03 1.59680E-02 4.07024E-02 6.16247E-02 3.84739E-01 6.99490E-01 1.68866E-02 3.72099E-03 1.36126E-04 8.18721E-01 
1.36126E-04 4.63725E-03 1.65346E-02 4.02462E-02 6.03189E-02 3.77702E-01 6.90337E-01 1.74062E-02 4.63725E-03 1.36126E-04 7.96050E-01 
1.36126E-04 5.29304E-03 1.69219E-02 3.98520E-02 5.92778E-02 3.72129E-01 6.82974E-01 1.77565E-02 5.29304E-03 1.36126E-04 7.77011E-01 
1.36126E-04 5.47602E-03 1.70268E-02 3.97301E-02 5.89685E-02 3.70480E-01 6.80776E-01 1.78504E-02 5.47602E-03 1.36126E-04 7.71220E-01 
1.36126E-04 6.29356E-03 1.74748E-02 3.91090E-02 5.74663E-02 3.62499E-01 6.70024E-01 1.82458E-02 6.29356E-03 1.36126E-04 7.42371E-01 
1.36126E-04 7.02157E-03 1.78380E-02 3.84237E-02 5.59205E-02 3.54332E-01 6.58828E-01 1.85556E-02 7.02157E-03 1.36126E-04 7.11749E-01 
1.36126E-04 7.66133E-03 1.81183E-02 3.76777E-02 5.43358E-02 3.45997E-01 6.47209E-01 1.87818E-02 7.66133E-03 1.36126E-04 6.79742E-01 
1.36126E-04 8.21472E-03 1.83180E-02 3.68748E-02 5.27173E-02 3.37511E-01 6.35188E-01 1.89269E-02 8.21472E-03 1.36126E-04 6.46738E-01 
7.31660E-04 8.68921E-03 1.84486E-02 3.60380E-02 5.10970E-02 3.28992E-01 6.22925E-01 1.90032E-02 8.68921E-03 7.31660E-04 6.11118E-01 
1.52985E-03 9.08229E-03 1.85026E-02 3.51464E-02 4.94427E-02 3.20317E-01 6.10252E-01 1.90026E-02 9.08229E-03 1.52985E-03 5.74949E-01 
2.23800E-03 9.39551E-03 1.84813E-02 3.42002E-02 4.77539E-02 3.11484E-01 5.97162E-01 1.89264E-02 9.39551E-03 2.23800E-03 5.38982E-01 
2.85874E-03 9.63222E-03 1.83886E-02 3.32053E-02 4.60379E-02 3.02515E-01 5.83686E-01 1.87786E-02 9.63222E-03 2.85874E-03 5.03520E-01 
3.39541E-03 9.79636E-03 1.82290E-02 3.21680E-02 4.43018E-02 2.93437E-01 5.69856E-01 1.85641E-02 9.79636E-03 3.39541E-03 4.68836E-01 
3.85195E-03 9.89241E-03 1.80074E-02 3.10945E-02 4.25529E-02 2.84273E-01 5.55708E-01 1.82879E-02 9.89241E-03 3.85195E-03 4.35172E-01 
4.23280E-03 9.92523E-03 1.77291E-02 2.99914E-02 4.07987E-02 2.75048E-01 5.41279E-01 1.79555E-02 9.92523E-03 4.23280E-03 4.02733E-01 
4.54280E-03 9.89997E-03 1.73995E-02 2.88654E-02 3.90463E-02 2.65790E-01 5.26607E-01 1.75727E-02 9.89997E-03 4.54280E-03 3.71687E-01 
4.78705E-03 9.82200E-03 1.70244E-02 2.77230E-02 3.73026E-02 2.56521E-01 5.11734E-01 1.71453E-02 9.82200E-03 4.78705E-03 3.42162E-01 
4.97086E-03 9.69678E-03 1.66095E-02 2.65707E-02 3.55742E-02 2.47268E-01 4.96697E-01 1.66792E-02 9.69678E-03 4.97086E-03 3.14253E-01 
5.09962E-03 9.52978E-03 1.61603E-02 2.54146E-02 3.38674E-02 2.38053E-01 4.81539E-01 1.61803E-02 9.52978E-03 5.09962E-03 2.88019E-01 
5.17871E-03 9.32639E-03 1.56826E-02 2.42606E-02 3.21880E-02 2.28901E-01 4.66300E-01 1.56544E-02 9.32639E-03 5.17871E-03 2.63488E-01 
5.21342E-03 9.09184E-03 1.51815E-02 2.31143E-02 3.05413E-02 2.19834E-01 4.51018E-01 1.51068E-02 9.09184E-03 5.21342E-03 2.40660E-01 
1.10584E-04 2.54057E-03 1.09989E-02 3.66501E-02 5.80029E-02 4.06599E-01 7.43361E-01 1.21480E-02 2.54057E-03 1.10584E-04 8.57311E-01 
1.10584E-04 2.54057E-03 1.17468E-02 3.63954E-02 5.69110E-02 3.99664E-01 7.34427E-01 1.28453E-02 2.54057E-03 1.10584E-04 8.45107E-01 
1.10584E-04 4.36440E-04 1.24356E-02 3.61045E-02 5.58067E-02 3.92640E-01 7.25208E-01 1.34830E-02 4.36440E-04 1.10584E-04 8.28758E-01 
1.10584E-04 1.39946E-03 1.30679E-02 3.57790E-02 5.46905E-02 3.85523E-01 7.15697E-01 1.40638E-02 1.39946E-03 1.10584E-04 8.08332E-01 
1.10584E-04 2.29370E-03 1.36335E-02 3.53966E-02 5.35296E-02 3.78214E-01 7.05774E-01 1.45766E-02 2.29370E-03 1.10584E-04 7.85525E-01 
1.10584E-04 3.11832E-03 1.41320E-02 3.49587E-02 5.23271E-02 3.70724E-01 6.95448E-01 1.50215E-02 3.11832E-03 1.10584E-04 7.60607E-01 
1.10584E-04 3.87302E-03 1.45637E-02 3.44671E-02 5.10860E-02 3.63065E-01 6.84733E-01 1.53987E-02 3.87302E-03 1.10584E-04 7.33860E-01 
1.10584E-04 4.40906E-03 1.48522E-02 3.40513E-02 5.01013E-02 3.57032E-01 6.76183E-01 1.56445E-02 4.40906E-03 1.10584E-04 7.12099E-01 
1.10584E-04 4.55792E-03 1.49291E-02 3.39241E-02 4.98096E-02 3.55251E-01 6.73642E-01 1.57089E-02 4.55792E-03 1.10584E-04 7.05583E-01 
1.10584E-04 5.21889E-03 1.52501E-02 3.32837E-02 4.83979E-02 3.46668E-01 6.61281E-01 1.59697E-02 5.21889E-03 1.10584E-04 6.73726E-01 
1.10584E-04 5.80070E-03 1.54969E-02 3.25898E-02 4.69538E-02 3.37939E-01 6.48525E-01 1.61559E-02 5.80070E-03 1.10584E-04 6.40820E-01 
1.10584E-04 6.30523E-03 1.56721E-02 3.18462E-02 4.54822E-02 3.29082E-01 6.35397E-01 1.62701E-02 6.30523E-03 1.10584E-04 6.07235E-01 
1.10584E-04 6.73485E-03 1.57782E-02 3.10572E-02 4.39881E-02 3.20118E-01 6.21926E-01 1.63153E-02 6.73485E-03 1.10584E-04 5.73326E-01 
5.92881E-04 7.09662E-03 1.58261E-02 3.02436E-02 4.25001E-02 3.11168E-01 6.08287E-01 1.63030E-02 7.09662E-03 5.92881E-04 5.37750E-01 
1.23505E-03 7.38905E-03 1.58096E-02 2.93872E-02 4.09900E-02 3.02108E-01 5.94299E-01 1.62264E-02 7.38905E-03 1.23505E-03 5.02244E-01 
1.79995E-03 7.61415E-03 1.57305E-02 2.84892E-02 3.94581E-02 2.92934E-01 5.79955E-01 1.60873E-02 7.61415E-03 1.79995E-03 4.67442E-01 
2.29051E-03 7.77543E-03 1.55928E-02 2.75550E-02 3.79109E-02 2.83673E-01 5.65291E-01 1.58899E-02 7.77543E-03 2.29051E-03 4.33594E-01 
2.71020E-03 7.87683E-03 1.54008E-02 2.65907E-02 3.63552E-02 2.74349E-01 5.50344E-01 1.56389E-02 7.87683E-03 2.71020E-03 4.00917E-01 
3.06296E-03 7.92267E-03 1.51592E-02 2.56022E-02 3.47976E-02 2.64989E-01 5.35154E-01 1.53392E-02 7.92267E-03 3.06296E-03 3.69592E-01 
3.35305E-03 7.91754E-03 1.48730E-02 2.45955E-02 3.32444E-02 2.55618E-01 5.19761E-01 1.49958E-02 7.91754E-03 3.35305E-03 3.39761E-01 
3.58501E-03 7.86617E-03 1.45471E-02 2.35765E-02 3.17019E-02 2.46261E-01 5.04205E-01 1.46142E-02 7.86617E-03 3.58501E-03 3.11532E-01 
3.76355E-03 7.77342E-03 1.41867E-02 2.25511E-02 3.01760E-02 2.36943E-01 4.88529E-01 1.41995E-02 7.77342E-03 3.76355E-03 2.84978E-01 
3.89345E-03 7.64413E-03 1.37967E-02 2.15248E-02 2.86722E-02 2.27687E-01 4.72774E-01 1.37571E-02 7.64413E-03 3.89345E-03 2.60136E-01 
3.97947E-03 7.48305E-03 1.33820E-02 2.05028E-02 2.71957E-02 2.18518E-01 4.56982E-01 1.32919E-02 7.48305E-03 3.97947E-03 2.37018E-01 
4.02633E-03 7.29481E-03 1.29475E-02 1.94901E-02 2.57510E-02 2.09455E-01 4.41193E-01 1.28088E-02 7.29481E-03 4.02633E-03 2.15606E-01 
4.03856E-03 7.08384E-03 1.24975E-02 1.84912E-02 2.43424E-02 2.00519E-01 4.25446E-01 1.23126E-02 7.08384E-03 4.03856E-03 1.95863E-01 
8.86218E-05 2.09898E-03 9.98722E-03 3.17040E-02 4.92447E-02 3.93940E-01 7.42941E-01 1.11231E-02 2.09898E-03 8.86218E-05 8.22569E-01 
8.86218E-05 2.09898E-03 1.05846E-02 3.13886E-02 4.82017E-02 3.86321E-01 7.32346E-01 1.16611E-02 2.09898E-03 8.86218E-05 8.03643E-01 
8.86218E-05 3.63161E-04 1.11294E-02 3.10432E-02 4.71518E-02 3.78646E-01 7.21510E-01 1.21463E-02 3.63161E-04 8.86218E-05 7.81386E-01 
8.86218E-05 1.16091E-03 1.16241E-02 3.06692E-02 4.60953E-02 3.70910E-01 7.10427E-01 1.25812E-02 1.16091E-03 8.86218E-05 7.55900E-01 
8.86218E-05 1.89677E-03 1.20594E-02 3.02462E-02 4.50028E-02 3.63009E-01 6.98959E-01 1.29557E-02 1.89677E-03 8.86218E-05 7.28665E-01 
8.86218E-05 2.57050E-03 1.24354E-02 2.97762E-02 4.38775E-02 3.54957E-01 6.87122E-01 1.32703E-02 2.57050E-03 8.86218E-05 6.99964E-01 
8.86218E-05 3.18234E-03 1.27528E-02 2.92614E-02 4.27226E-02 3.46769E-01 6.74932E-01 1.35258E-02 3.18234E-03 8.86218E-05 6.70083E-01 
8.86218E-05 3.61366E-03 1.29589E-02 2.88339E-02 4.18107E-02 3.40348E-01 6.65269E-01 1.36836E-02 3.61366E-03 8.86218E-05 6.46340E-01 
8.86218E-05 3.73290E-03 1.30127E-02 2.87042E-02 4.15413E-02 3.38458E-01 6.62407E-01 1.37233E-02 3.73290E-03 8.86218E-05 6.39317E-01 
8.86218E-05 4.25901E-03 1.32300E-02 2.80591E-02 4.02421E-02 3.29379E-01 6.48552E-01 1.38732E-02 4.25901E-03 8.86218E-05 6.05481E-01 
8.86218E-05 4.71676E-03 1.33841E-02 2.73715E-02 3.89210E-02 3.20197E-01 6.34359E-01 1.39598E-02 4.71676E-03 8.86218E-05 5.71299E-01 
8.86218E-05 5.10834E-03 1.34775E-02 2.66454E-02 3.75823E-02 3.10932E-01 6.19857E-01 1.39860E-02 5.10834E-03 8.86218E-05 5.37101E-01 
8.86218E-05 5.43636E-03 1.35133E-02 2.58850E-02 3.62310E-02 3.01606E-01 6.05078E-01 1.39549E-02 5.43636E-03 8.86218E-05 5.03195E-01 
4.73971E-04 5.70724E-03 1.35009E-02 2.51090E-02 3.48920E-02 2.92342E-01 5.90214E-01 1.38771E-02 5.70724E-03 4.73971E-04 4.68466E-01 
9.83775E-04 5.92027E-03 1.34357E-02 2.43018E-02 3.35410E-02 2.83014E-01 5.75068E-01 1.37470E-02 5.92027E-03 9.83775E-04 4.34343E-01 
1.42853E-03 6.07768E-03 1.33195E-02 2.34647E-02 3.21787E-02 2.73620E-01 5.59635E-01 1.35666E-02 6.07768E-03 1.42853E-03 4.01340E-01 
1.81121E-03 6.18290E-03 1.31560E-02 2.26029E-02 3.08109E-02 2.64185E-01 5.43955E-01 1.33398E-02 6.18290E-03 1.81121E-03 3.69650E-01 
2.13522E-03 6.23968E-03 1.29495E-02 2.17218E-02 2.94436E-02 2.54736E-01 5.28070E-01 1.30712E-02 6.23968E-03 2.13522E-03 3.39428E-01 
2.40429E-03 6.25201E-03 1.27042E-02 2.08269E-02 2.80824E-02 2.45299E-01 5.12020E-01 1.27653E-02 6.25201E-03 2.40429E-03 3.10793E-01 
2.62235E-03 6.22403E-03 1.24245E-02 1.99234E-02 2.67329E-02 2.35898E-01 4.95849E-01 1.24266E-02 6.22403E-03 2.62235E-03 2.83829E-01 
2.79353E-03 6.15997E-03 1.21148E-02 1.90165E-02 2.54002E-02 2.26559E-01 4.79599E-01 1.20599E-02 6.15997E-03 2.79353E-03 2.58588E-01 
2.92201E-03 6.06407E-03 1.17795E-02 1.81111E-02 2.40893E-02 2.17305E-01 4.63313E-01 1.16698E-02 6.06407E-03 2.92201E-03 2.35088E-01 
3.01195E-03 5.94048E-03 1.14230E-02 1.72118E-02 2.28045E-02 2.08157E-01 4.47033E-01 1.12607E-02 5.94048E-03 3.01195E-03 2.13322E-01 
3.06749E-03 5.79325E-03 1.10492E-02 1.63230E-02 2.15499E-02 1.99138E-01 4.30800E-01 1.08370E-02 5.79325E-03 3.06749E-03 1.93258E-01 
3.09262E-03 5.62623E-03 1.06623E-02 1.54485E-02 2.03291E-02 1.90267E-01 4.14654E-01 1.04026E-02 5.62623E-03 3.09262E-03 1.74844E-01 
3.09117E-03 5.44308E-03 1.02657E-02 1.45919E-02 1.91450E-02 1.81561E-01 3.98633E-01 9.96153E-03 5.44308E-03 3.09117E-03 1.58013E-01 
7.02193E-05 1.70778E-03 9.05226E-03 2.72635E-02 4.13938E-02 3.79348E-01 7.37785E-01 1.01460E-02 1.70778E-03 7.02193E-05 7.80423E-01 
7.02193E-05 1.70778E-03 9.51700E-03 2.68973E-02 4.04147E-02 3.71139E-01 7.25628E-01 1.05424E-02 1.70778E-03 7.02193E-05 7.55837E-01 
7.02193E-05 2.97400E-04 9.93653E-03 2.65082E-02 3.94340E-02 3.62909E-01 7.13283E-01 1.08939E-02 2.97400E-04 7.02193E-05 7.28775E-01 
7.02193E-05 9.48034E-04 1.03131E-02 2.60976E-02 3.84521E-02 3.54656E-01 7.00743E-01 1.12026E-02 9.48034E-04 7.02193E-05 6.99349E-01 
7.02193E-05 1.54455E-03 1.06382E-02 2.56469E-02 3.74428E-02 3.46267E-01 6.87854E-01 1.14592E-02 1.54455E-03 7.02193E-05 6.68823E-01 
7.02193E-05 2.08709E-03 1.09123E-02 2.51582E-02 3.64090E-02 3.37761E-01 6.74636E-01 1.16646E-02 2.08709E-03 7.02193E-05 6.37475E-01 
7.02193E-05 2.57622E-03 1.11364E-02 2.46338E-02 3.53538E-02 3.29152E-01 6.61111E-01 1.18197E-02 2.57622E-03 7.02193E-05 6.05581E-01 
7.02193E-05 2.91858E-03 1.12762E-02 2.42053E-02 3.45247E-02 3.22432E-01 6.50449E-01 1.19061E-02 2.91858E-03 7.02193E-05 5.80701E-01 
7.02193E-05 3.01282E-03 1.13116E-02 2.40764E-02 3.42805E-02 3.20458E-01 6.47301E-01 1.19260E-02 3.01282E-03 7.02193E-05 5.73412E-01 
7.02193E-05 3.42610E-03 1.14476E-02 2.34414E-02 3.31066E-02 3.11007E-01 6.32117E-01 1.19880E-02 3.42610E-03 7.02193E-05 5.38715E-01 
7.02193E-05 3.78161E-03 1.15308E-02 2.27747E-02 3.19197E-02 3.01498E-01 6.16662E-01 1.19977E-02 3.78161E-03 7.02193E-05 5.04304E-01 
7.02193E-05 4.08164E-03 1.15639E-02 2.20802E-02 3.07239E-02 2.91951E-01 6.00967E-01 1.19580E-02 4.08164E-03 7.02193E-05 4.70457E-01 
7.02193E-05 4.32880E-03 1.15495E-02 2.13617E-02 2.95235E-02 2.82390E-01 5.85068E-01 1.18720E-02 4.32880E-03 7.02193E-05 4.37424E-01 
3.74684E-04 4.52874E-03 1.14963E-02 2.06358E-02 2.83399E-02 2.72938E-01 5.69167E-01 1.17491E-02 4.52874E-03 3.74684E-04 4.04275E-01 
7.75044E-04 4.68129E-03 1.14004E-02 1.98890E-02 2.71524E-02 2.63467E-01 5.53058E-01 1.15847E-02 4.68129E-03 7.75044E-04 3.72155E-01 
1.12157E-03 4.78873E-03 1.12637E-02 1.91225E-02 2.59618E-02 2.53976E-01 5.36736E-01 1.13808E-02 4.78873E-03 1.12157E-03 3.41470E-01 
1.41711E-03 4.85422E-03 1.10896E-02 1.83413E-02 2.47731E-02 2.44491E-01 5.20244E-01 1.11411E-02 4.85422E-03 1.41711E-03 3.12350E-01 
1.66485E-03 4.88118E-03 1.08819E-02 1.75499E-02 2.35915E-02 2.35038E-01 5.03625E-01 1.08696E-02 4.88118E-03 1.66485E-03 2.84892E-01 
1.86815E-03 4.87316E-03 1.06443E-02 1.67532E-02 2.24216E-02 2.25642E-01 4.86923E-01 1.05704E-02 4.87316E-03 1.86815E-03 2.59158E-01 
2.03056E-03 4.83380E-03 1.03807E-02 1.59556E-02 2.12681E-02 2.16328E-01 4.70183E-01 1.02474E-02 4.83380E-03 2.03056E-03 2.35179E-01 
2.15567E-03 4.76674E-03 1.00948E-02 1.51613E-02 2.01352E-02 2.07117E-01 4.53447E-01 9.90480E-03 4.76674E-03 2.15567E-03 2.12957E-01 
2.24709E-03 4.67557E-03 9.79042E-03 1.43746E-02 1.90268E-02 1.98033E-01 4.36759E-01 9.54641E-03 4.67557E-03 2.24709E-03 1.92468E-01 
2.30841E-03 4.56378E-03 9.47106E-03 1.35989E-02 1.79462E-02 1.89096E-01 4.20158E-01 9.17598E-03 4.56378E-03 2.30841E-03 1.73667E-01 
2.34308E-03 4.43472E-03 9.14014E-03 1.28379E-02 1.68966E-02 1.80325E-01 4.03687E-01 8.79708E-03 4.43472E-03 2.34308E-03 1.56491E-01 
2.35442E-03 4.29153E-03 8.80082E-03 1.20944E-02 1.58804E-02 1.71737E-01 3.87382E-01 8.41301E-03 4.29153E-03 2.35442E-03 1.40861E-01 
2.34559E-03 4.13716E-03 8.45606E-03 1.13711E-02 1.49001E-02 1.63348E-01 3.71279E-01 8.02680E-03 4.13716E-03 2.34559E-03 1.26691E-01 
5.49332E-05 1.36595E-03 8.19771E-03 2.32361E-02 3.44195E-02 3.62872E-01 7.27901E-01 9.21556E-03 1.36595E-03 5.49332E-05 7.30508E-01 
5.49332E-05 1.36595E-03 8.54781E-03 2.28324E-02 3.35151E-02 3.54179E-01 7.14308E-01 9.48879E-03 1.36595E-03 5.49332E-05 7.01551E-01 
5.49332E-05 2.39251E-04 8.86043E-03 2.24136E-02 3.26144E-02 3.45505E-01 7.00587E-01 9.72524E-03 2.39251E-04 5.49332E-05 6.70961E-01 
5.49332E-05 7.60783E-04 9.13744E-03 2.19806E-02 3.17173E-02 3.36843E-01 6.86729E-01 9.92681E-03 7.60783E-04 5.49332E-05 6.38847E-01 
5.49332E-05 1.23633E-03 9.37106E-03 2.15166E-02 3.08007E-02 3.28080E-01 6.72566E-01 1.00849E-02 1.23633E-03 5.49332E-05 6.06260E-01 
5.49332E-05 1.66624E-03 9.56198E-03 2.10238E-02 2.98674E-02 3.19235E-01 6.58123E-01 1.02003E-02 1.66624E-03 5.49332E-05 5.73458E-01 
5.49332E-05 2.05125E-03 9.71122E-03 2.05043E-02 2.89201E-02 3.10323E-01 6.43423E-01 1.02744E-02 2.05125E-03 5.49332E-05 5.40691E-01 
5.49332E-05 2.31894E-03 9.79887E-03 2.00857E-02 2.81795E-02 3.03394E-01 6.31890E-01 1.03043E-02 2.31894E-03 5.49332E-05 5.15512E-01 
5.49332E-05 2.39232E-03 9.82002E-03 1.99607E-02 2.79619E-02 3.01363E-01 6.28493E-01 1.03086E-02 2.39232E-03 5.49332E-05 5.08196E-01 
5.49332E-05 2.71229E-03 9.89375E-03 1.93505E-02 2.69199E-02 2.91669E-01 6.12168E-01 1.03028E-02 2.71229E-03 5.49332E-05 4.73714E-01 
5.49332E-05 2.98453E-03 9.92434E-03 1.87187E-02 2.58722E-02 2.81961E-01 5.95642E-01 1.02550E-02 2.98453E-03 5.49332E-05 4.40053E-01 
5.49332E-05 3.21123E-03 9.91421E-03 1.80686E-02 2.48225E-02 2.72261E-01 5.78950E-01 1.01680E-02 3.21123E-03 5.49332E-05 4.07429E-01 
5.49332E-05 3.39484E-03 9.86598E-03 1.74039E-02 2.37746E-02 2.62591E-01 5.62129E-01 1.00445E-02 3.39484E-03 5.49332E-05 3.76032E-01 
2.92489E-04 3.54019E-03 9.78696E-03 1.67387E-02 2.27464E-02 2.53076E-01 5.45395E-01 9.89308E-03 3.54019E-03 2.92489E-04 3.45080E-01 
6.03093E-04 3.64748E-03 9.67402E-03 1.60614E-02 2.17206E-02 2.43586E-01 5.28527E-01 9.70958E-03 3.64748E-03 6.03093E-04 3.15468E-01 
8.69936E-04 3.71883E-03 9.52893E-03 1.53732E-02 2.06977E-02 2.34121E-01 5.11522E-01 9.49589E-03 3.71883E-03 8.69936E-04 2.87496E-01 
1.09563E-03 3.75709E-03 9.35479E-03 1.46783E-02 1.96821E-02 2.24705E-01 4.94426E-01 9.25541E-03 3.75709E-03 1.09563E-03 2.61240E-01 
1.28300E-03 3.76524E-03 9.15477E-03 1.39808E-02 1.86780E-02 2.15364E-01 4.77284E-01 8.99158E-03 3.76524E-03 1.28300E-03 2.36741E-01 
1.43502E-03 3.74633E-03 8.93213E-03 1.32844E-02 1.76892E-02 2.06121E-01 4.60140E-01 8.70791E-03 3.74633E-03 1.43502E-03 2.14014E-01 
1.55474E-03 3.70346E-03 8.69010E-03 1.25930E-02 1.67194E-02 1.97000E-01 4.43038E-01 8.40786E-03 3.70346E-03 1.55474E-03 1.93043E-01 
1.64523E-03 3.63969E-03 8.43184E-03 1.19100E-02 1.57719E-02 1.88023E-01 4.26022E-01 8.09478E-03 3.63969E-03 1.64523E-03 1.73792E-01 
1.70954E-03 3.55797E-03 8.16040E-03 1.12385E-02 1.48497E-02 1.79208E-01 4.09134E-01 7.77190E-03 3.55797E-03 1.70954E-03 1.56203E-01 
1.75063E-03 3.46117E-03 7.87870E-03 1.05814E-02 1.39553E-02 1.70575E-01 3.92413E-01 7.44228E-03 3.46117E-03 1.75063E-03 1.40203E-01 
1.77136E-03 3.35198E-03 7.58948E-03 9.94122E-03 1.30909E-02 1.62139E-01 3.75897E-01 7.10877E-03 3.35198E-03 1.77136E-03 1.25707E-01 
1.77443E-03 3.23292E-03 7.29525E-03 9.32024E-03 1.22584E-02 1.53917E-01 3.59623E-01 6.77398E-03 3.23292E-03 1.77443E-03 1.12621E-01 
1.76238E-03 3.10631E-03 6.99835E-03 8.72028E-03 1.14591E-02 1.45919E-01 3.43623E-01 6.44029E-03 3.10631E-03 1.76238E-03 1.00846E-01 
4.24181E-05 1.07318E-03 7.43057E-03 1.95715E-02 2.83047E-02 3.44671E-01 7.13416E-01 8.33430E-03 1.07318E-03 4.24181E-05 6.73624E-01 
4.24181E-05 1.07318E-03 7.68421E-03 1.91465E-02 2.74824E-02 3.35615E-01 6.98546E-01 8.50323E-03 1.07318E-03 4.24181E-05 6.41718E-01 
4.24181E-05 1.88901E-04 7.90789E-03 1.87139E-02 2.66683E-02 3.26615E-01 6.83611E-01 8.64351E-03 1.88901E-04 4.24181E-05 6.08970E-01 
4.24181E-05 5.99415E-04 8.10305E-03 1.82743E-02 2.58621E-02 3.17665E-01 6.68602E-01 8.75660E-03 5.99415E-04 4.24181E-05 5.75469E-01 
4.24181E-05 9.71965E-04 8.26263E-03 1.78125E-02 2.50434E-02 3.08650E-01 6.53338E-01 8.83452E-03 9.71965E-04 4.24181E-05 5.42061E-01 
4.24181E-05 1.30699E-03 8.38734E-03 1.73304E-02 2.42147E-02 2.99587E-01 6.37846E-01 8.87822E-03 1.30699E-03 4.24181E-05 5.08976E-01 
4.24181E-05 1.60522E-03 8.47815E-03 1.68301E-02 2.33786E-02 2.90495E-01 6.22154E-01 8.88893E-03 1.60522E-03 4.24181E-05 4.76425E-01 
4.24181E-05 1.81132E-03 8.52588E-03 1.64320E-02 2.27281E-02 2.83452E-01 6.09893E-01 8.87545E-03 1.81132E-03 4.24181E-05 4.51729E-01 
4.24181E-05 1.86761E-03 8.53622E-03 1.63139E-02 2.25375E-02 2.81393E-01 6.06291E-01 8.86805E-03 1.86761E-03 4.24181E-05 4.44602E-01 
4.24181E-05 2.11172E-03 8.56371E-03 1.57422E-02 2.16279E-02 2.71586E-01 5.89029E-01 8.81198E-03 2.11172E-03 4.24181E-05 4.11305E-01 
4.24181E-05 2.31727E-03 8.55663E-03 1.51576E-02 2.07186E-02 2.61810E-01 5.71640E-01 8.72328E-03 2.31727E-03 4.24181E-05 3.79246E-01 
4.24181E-05 2.48625E-03 8.51713E-03 1.45631E-02 1.98127E-02 2.52086E-01 5.54162E-01 8.60436E-03 2.48625E-03 4.24181E-05 3.48581E-01 
4.24181E-05 2.62083E-03 8.44751E-03 1.39617E-02 1.89133E-02 2.42435E-01 5.36634E-01 8.45780E-03 2.62083E-03 4.24181E-05 3.19435E-01 
2.25407E-04 2.72498E-03 8.35391E-03 1.33654E-02 1.80351E-02 2.32979E-01 5.19276E-01 8.29075E-03 2.72498E-03 2.25407E-04 2.91150E-01 
4.63416E-04 2.79914E-03 8.23377E-03 1.27643E-02 1.71637E-02 2.23590E-01 5.01862E-01 8.09978E-03 2.79914E-03 4.63416E-04 2.64400E-01 
6.66485E-04 2.84522E-03 8.08867E-03 1.21594E-02 1.62995E-02 2.14266E-01 4.84389E-01 7.88654E-03 2.84522E-03 6.66485E-04 2.39396E-01 
8.36905E-04 2.86564E-03 7.92124E-03 1.15541E-02 1.54461E-02 2.05032E-01 4.66901E-01 7.65394E-03 2.86564E-03 8.36905E-04 2.16161E-01 
9.77114E-04 2.86294E-03 7.73417E-03 1.09517E-02 1.46067E-02 1.95912E-01 4.49447E-01 7.40493E-03 2.86294E-03 9.77114E-04 1.94694E-01 
1.08964E-03 2.83967E-03 7.53015E-03 1.03553E-02 1.37846E-02 1.86927E-01 4.32069E-01 7.14244E-03 2.83967E-03 1.08964E-03 1.74966E-01 
1.17704E-03 2.79837E-03 7.31185E-03 9.76791E-03 1.29823E-02 1.78100E-01 4.14812E-01 6.86932E-03 2.79837E-03 1.17704E-03 1.56929E-01 
1.24186E-03 2.74155E-03 7.08185E-03 9.19210E-03 1.22026E-02 1.69448E-01 3.97718E-01 6.58832E-03 2.74155E-03 1.24186E-03 1.40517E-01 
1.28662E-03 2.67160E-03 6.84262E-03 8.63028E-03 1.14474E-02 1.60991E-01 3.80827E-01 6.30205E-03 2.67160E-03 1.28662E-03 1.25647E-01 
1.31371E-03 2.59079E-03 6.59648E-03 8.08454E-03 1.07188E-02 1.52744E-01 3.64176E-01 6.01292E-03 2.59079E-03 1.31371E-03 1.12231E-01 
1.32544E-03 2.50126E-03 6.34560E-03 7.55670E-03 1.00181E-02 1.44720E-01 3.47802E-01 5.72317E-03 2.50126E-03 1.32544E-03 1.00168E-01 
1.32397E-03 2.40497E-03 6.09198E-03 7.04823E-03 9.34649E-03 1.36932E-01 3.31736E-01 5.43482E-03 2.40497E-03 1.32397E-03 8.93582E-02 
1.31129E-03 2.30370E-03 5.83742E-03 6.56035E-03 8.70490E-03 1.29390E-01 3.16008E-01 5.14967E-03 2.30370E-03 1.31129E-03 7.96983E-02 
3.22949E-05 8.26846E-04 6.75436E-03 1.62271E-02 2.29947E-02 3.24896E-01 6.94510E-01 7.50136E-03 8.26846E-04 3.22949E-05 6.11121E-01 
3.22949E-05 8.26846E-04 6.92883E-03 1.57983E-02 2.22590E-02 3.15604E-01 6.78541E-01 7.58454E-03 8.26846E-04 3.22949E-05 5.77704E-01 
3.22949E-05 1.46121E-04 7.08027E-03 1.53687E-02 2.15350E-02 3.06404E-01 6.62574E-01 7.64667E-03 1.46121E-04 3.22949E-05 5.44146E-01 
3.22949E-05 4.62894E-04 7.20964E-03 1.49385E-02 2.08224E-02 2.97292E-01 6.46598E-01 7.68878E-03 4.62894E-04 3.22949E-05 5.10506E-01 
3.22949E-05 7.49265E-04 7.31061E-03 1.44940E-02 2.01033E-02 2.88149E-01 6.30421E-01 7.70351E-03 7.49265E-04 3.22949E-05 4.77441E-01 
3.22949E-05 1.00565E-03 7.38381E-03 1.40369E-02 1.93799E-02 2.78995E-01 6.14073E-01 7.69177E-03 1.00565E-03 3.22949E-05 4.45141E-01 
3.22949E-05 1.23269E-03 7.43005E-03 1.35692E-02 1.86543E-02 2.69848E-01 5.97585E-01 7.65464E-03 1.23269E-03 3.22949E-05 4.13774E-01 
3.22949E-05 1.38876E-03 7.44796E-03 1.32012E-02 1.80926E-02 2.62787E-01 5.84750E-01 7.60928E-03 1.38876E-03 3.22949E-05 3.90239E-01 
3.22949E-05 1.43124E-03 7.45033E-03 1.30927E-02 1.79284E-02 2.60726E-01 5.80987E-01 7.59338E-03 1.43124E-03 3.22949E-05 3.83489E-01 
3.22949E-05 1.61458E-03 7.44445E-03 1.25712E-02 1.71480E-02 2.50939E-01 5.63004E-01 7.50193E-03 1.61458E-03 3.22949E-05 3.52191E-01 
3.22949E-05 1.76749E-03 7.41136E-03 1.20442E-02 1.63723E-02 2.41224E-01 5.44969E-01 7.38600E-03 1.76749E-03 3.22949E-05 3.22426E-01 
3.22949E-05 1.89167E-03 7.35288E-03 1.15142E-02 1.56038E-02 2.31601E-01 5.26923E-01 7.24769E-03 1.89167E-03 3.22949E-05 2.94290E-01 
3.22949E-05 1.98898E-03 7.27095E-03 1.09835E-02 1.48450E-02 2.22091E-01 5.08905E-01 7.08918E-03 1.98898E-03 3.22949E-05 2.67849E-01 
1.71308E-04 2.06256E-03 7.17059E-03 1.04620E-02 1.41078E-02 2.12811E-01 4.91139E-01 6.91653E-03 2.06256E-03 1.71308E-04 2.42546E-01 
3.51263E-04 2.11297E-03 7.04973E-03 9.94123E-03 1.33801E-02 2.03637E-01 4.73392E-01 6.72672E-03 2.11297E-03 3.51263E-04 2.18870E-01 
5.03839E-04 2.14185E-03 6.90970E-03 9.42197E-03 1.26624E-02 1.94564E-01 4.55662E-01 6.52116E-03 2.14185E-03 5.03839E-04 1.96953E-01 
6.30973E-04 2.15122E-03 6.75265E-03 8.90695E-03 1.19574E-02 1.85617E-01 4.37993E-01 6.30228E-03 2.15122E-03 6.30973E-04 1.76778E-01 
7.34696E-04 2.14314E-03 6.58081E-03 8.39874E-03 1.12676E-02 1.76817E-01 4.20433E-01 6.07252E-03 2.14314E-03 7.34696E-04 1.58308E-01 
8.17093E-04 2.11969E-03 6.39636E-03 7.89972E-03 1.05954E-02 1.68186E-01 4.03025E-01 5.83426E-03 2.11969E-03 8.17093E-04 1.41483E-01 
8.80256E-04 2.08291E-03 6.20145E-03 7.41209E-03 9.94291E-03 1.59741E-01 3.85812E-01 5.58980E-03 2.08291E-03 8.80256E-04 1.26232E-01 
9.26249E-04 2.03478E-03 5.99815E-03 6.93778E-03 9.31187E-03 1.51499E-01 3.68832E-01 5.34132E-03 2.03478E-03 9.26249E-04 1.12467E-01 
9.57076E-04 1.97720E-03 5.78842E-03 6.47848E-03 8.70380E-03 1.43477E-01 3.52125E-01 5.09087E-03 1.97720E-03 9.57076E-04 1.00094E-01 
9.74654E-04 1.91193E-03 5.57410E-03 6.03562E-03 8.11994E-03 1.35686E-01 3.35725E-01 4.84033E-03 1.91193E-03 9.74654E-04 8.90118E-02 
9.80792E-04 1.84062E-03 5.35689E-03 5.61038E-03 7.56123E-03 1.28138E-01 3.19663E-01 4.59139E-03 1.84062E-03 9.80792E-04 7.91191E-02 
9.77178E-04 1.76478E-03 5.13835E-03 5.20367E-03 7.02833E-03 1.20843E-01 3.03970E-01 4.34559E-03 1.76478E-03 9.77178E-04 7.03126E-02 
9.65368E-04 1.68575E-03 4.91986E-03 4.81616E-03 6.52166E-03 1.13809E-01 2.88671E-01 4.10425E-03 1.68575E-03 9.65368E-04 6.24922E-02 
2.42400E-05 6.24197E-04 6.17410E-03 1.31904E-02 1.84441E-02 3.03808E-01 6.71502E-01 6.71880E-03 6.24197E-04 2.42400E-05 5.45035E-01 
2.42400E-05 6.24197E-04 6.28545E-03 1.27749E-02 1.77965E-02 2.94412E-01 6.54634E-01 6.73407E-03 6.24197E-04 2.42400E-05 5.11467E-01 
2.42400E-05 1.10621E-04 6.37977E-03 1.23643E-02 1.71633E-02 2.85144E-01 6.37834E-01 6.73510E-03 1.10621E-04 2.42400E-05 4.78341E-01 
2.42400E-05 3.50030E-04 6.45761E-03 1.19584E-02 1.65438E-02 2.75997E-01 6.21092E-01 6.72245E-03 3.50030E-04 2.42400E-05 4.45682E-01 
2.42400E-05 5.65853E-04 6.51332E-03 1.15450E-02 1.59228E-02 2.66854E-01 6.04205E-01 6.68939E-03 5.65853E-04 2.42400E-05 4.13975E-01 
2.42400E-05 7.58413E-04 6.54739E-03 1.11257E-02 1.53019E-02 2.57734E-01 5.87207E-01 6.63669E-03 7.58413E-04 2.42400E-05 3.83368E-01 
2.42400E-05 9.28230E-04 6.56044E-03 1.07018E-02 1.46828E-02 2.48655E-01 5.70128E-01 6.56528E-03 9.28230E-04 2.42400E-05 3.53984E-01 
2.42400E-05 1.04445E-03 6.55661E-03 1.03717E-02 1.42060E-02 2.41670E-01 5.56880E-01 6.49785E-03 1.04445E-03 2.42400E-05 3.32154E-01 
2.42400E-05 1.07598E-03 6.55327E-03 1.02750E-02 1.40671E-02 2.39635E-01 5.53003E-01 6.47622E-03 1.07598E-03 2.42400E-05 3.25926E-01 
2.42400E-05 1.21155E-03 6.52395E-03 9.81306E-03 1.34089E-02 2.29995E-01 5.34522E-01 6.36175E-03 1.21155E-03 2.42400E-05 2.97250E-01 
2.42400E-05 1.32366E-03 6.47353E-03 9.35137E-03 1.27585E-02 2.20464E-01 5.16066E-01 6.22974E-03 1.32366E-03 2.42400E-05 2.70279E-01 
2.42400E-05 1.41371E-03 6.40345E-03 8.89179E-03 1.21177E-02 2.11062E-01 4.97673E-01 6.08191E-03 1.41371E-03 2.42400E-05 2.45056E-01 
2.42400E-05 1.48320E-03 6.31529E-03 8.43618E-03 1.14885E-02 2.01808E-01 4.79383E-01 5.92005E-03 1.48320E-03 2.42400E-05 2.21598E-01 
1.28381E-04 1.53455E-03 6.21313E-03 7.99237E-03 1.08802E-02 1.92815E-01 4.61424E-01 5.74917E-03 1.53455E-03 1.28381E-04 1.99432E-01 
2.62634E-04 1.56836E-03 6.09522E-03 7.55322E-03 1.02831E-02 1.83959E-01 4.43556E-01 5.56663E-03 1.56836E-03 2.62634E-04 1.78893E-01 
3.75829E-04 1.58597E-03 5.96264E-03 7.11926E-03 9.69726E-03 1.75237E-01 4.25777E-01 5.37355E-03 1.58597E-03 3.75829E-04 1.60051E-01 
4.69547E-04 1.58900E-03 5.81714E-03 6.69256E-03 9.12479E-03 1.66671E-01 4.08132E-01 5.17192E-03 1.58900E-03 4.69547E-04 1.42859E-01 
5.45433E-04 1.57910E-03 5.66050E-03 6.27503E-03 8.56761E-03 1.58281E-01 3.90666E-01 4.96367E-03 1.57910E-03 5.45433E-04 1.27252E-01 
6.05158E-04 1.55790E-03 5.49446E-03 5.86839E-03 8.02742E-03 1.50085E-01 3.73422E-01 4.75072E-03 1.55790E-03 6.05158E-04 1.13152E-01 
6.50385E-04 1.52700E-03 5.32075E-03 5.47418E-03 7.50568E-03 1.42098E-01 3.56439E-01 4.53485E-03 1.52700E-03 6.50385E-04 1.00471E-01 
6.82744E-04 1.48794E-03 5.14098E-03 5.09373E-03 7.00363E-03 1.34337E-01 3.39755E-01 4.31776E-03 1.48794E-03 6.82744E-04 8.91114E-02 
7.03803E-04 1.44215E-03 4.95672E-03 4.72814E-03 6.52225E-03 1.26812E-01 3.23404E-01 4.10103E-03 1.44215E-03 7.03803E-04 7.89737E-02 
7.15052E-04 1.39101E-03 4.76941E-03 4.37830E-03 6.06228E-03 1.19536E-01 3.07418E-01 3.88605E-03 1.39101E-03 7.15052E-04 6.99558E-02 
7.17890E-04 1.33575E-03 4.58037E-03 4.04487E-03 5.62425E-03 1.12515E-01 2.91826E-01 3.67411E-03 1.33575E-03 7.17890E-04 6.19568E-02 
7.13610E-04 1.27749E-03 4.39082E-03 3.72833E-03 5.20846E-03 1.05757E-01 2.76652E-01 3.46631E-03 1.27749E-03 7.13610E-04 5.48788E-02 
7.03397E-04 1.21725E-03 4.20184E-03 3.42895E-03 4.81502E-03 9.92672E-02 2.61919E-01 3.26361E-03 1.21725E-03 7.03397E-04 4.86282E-02 
1.79301E-05 4.61101E-04 5.69213E-03 1.04557E-02 1.45905E-02 2.81687E-01 6.44771E-01 5.98728E-03 4.61101E-04 1.79301E-05 4.77543E-01 
1.79301E-05 4.61101E-04 5.75438E-03 1.00690E-02 1.40301E-02 2.72320E-01 6.27216E-01 5.95112E-03 4.61101E-04 1.79301E-05 4.45021E-01 
1.79301E-05 8.18335E-05 5.80456E-03 9.69149E-03 1.34858E-02 2.63114E-01 6.09795E-01 5.90649E-03 8.18335E-05 1.79301E-05 4.13391E-01 
1.79301E-05 2.58806E-04 5.84283E-03 9.32265E-03 1.29566E-02 2.54059E-01 5.92496E-01 5.85354E-03 2.58806E-04 1.79301E-05 3.82643E-01 
1.79301E-05 4.18097E-04 5.86420E-03 8.95187E-03 1.24296E-02 2.45040E-01 5.75110E-01 5.78617E-03 4.18097E-04 1.79301E-05 3.53115E-01 
1.79301E-05 5.59906E-04 5.86899E-03 8.58024E-03 1.19060E-02 2.36076E-01 5.57671E-01 5.70499E-03 5.59906E-04 1.79301E-05 3.24909E-01 
1.79301E-05 6.84600E-04 5.85765E-03 8.20887E-03 1.13870E-02 2.27183E-01 5.40213E-01 5.61073E-03 6.84600E-04 1.79301E-05 2.98107E-01 
1.79301E-05 7.69652E-04 5.83817E-03 7.92241E-03 1.09894E-02 2.20363E-01 5.26714E-01 5.52935E-03 7.69652E-04 1.79301E-05 2.78370E-01 
1.79301E-05 7.92682E-04 5.83076E-03 7.83888E-03 1.08739E-02 2.18380E-01 5.22770E-01 5.50423E-03 7.92682E-04 1.79301E-05 2.72768E-01 
1.79301E-05 8.91340E-04 5.78515E-03 7.44278E-03 1.03286E-02 2.09007E-01 5.04017E-01 5.37676E-03 8.91340E-04 1.79301E-05 2.47130E-01 
1.79301E-05 9.72367E-04 5.72329E-03 7.05099E-03 9.79288E-03 1.99776E-01 4.85361E-01 5.23742E-03 9.72367E-04 1.79301E-05 2.23261E-01 
1.79301E-05 1.03684E-03 5.64631E-03 6.66487E-03 9.26812E-03 1.90705E-01 4.66840E-01 5.08758E-03 1.03684E-03 1.79301E-05 2.01157E-01 
1.79301E-05 1.08593E-03 5.55545E-03 6.28575E-03 8.75562E-03 1.81812E-01 4.48495E-01 4.92867E-03 1.08593E-03 1.79301E-05 1.80796E-01 
9.48384E-05 1.12141E-03 5.45398E-03 5.91965E-03 8.26271E-03 1.73203E-01 4.30549E-01 4.76477E-03 1.12141E-03 9.48384E-05 1.61775E-01 
1.93635E-04 1.14387E-03 5.34042E-03 5.56066E-03 7.78142E-03 1.64759E-01 4.12764E-01 4.59352E-03 1.14387E-03 1.93635E-04 1.44310E-01 
2.76541E-04 1.15438E-03 5.21560E-03 5.20907E-03 7.31174E-03 1.56476E-01 3.95136E-01 4.41578E-03 1.15438E-03 2.76541E-04 1.28422E-01 
3.44805E-04 1.15420E-03 5.08093E-03 4.86634E-03 6.85520E-03 1.48372E-01 3.77708E-01 4.23313E-03 1.15420E-03 3.44805E-04 1.14042E-01 
3.99718E-04 1.14460E-03 4.93780E-03 4.53382E-03 6.41316E-03 1.40467E-01 3.60524E-01 4.04709E-03 1.14460E-03 3.99718E-04 1.01091E-01 
4.42582E-04 1.12682E-03 4.78761E-03 4.21265E-03 5.98677E-03 1.32774E-01 3.43623E-01 3.85911E-03 1.12682E-03 4.42582E-04 8.94787E-02 
4.74686E-04 1.10208E-03 4.63170E-03 3.90385E-03 5.57703E-03 1.25310E-01 3.27044E-01 3.67058E-03 1.10208E-03 4.74686E-04 7.91099E-02 
4.97286E-04 1.07155E-03 4.47138E-03 3.60823E-03 5.18470E-03 1.18084E-01 3.10820E-01 3.48277E-03 1.07155E-03 4.97286E-04 6.98858E-02 
5.11582E-04 1.03631E-03 4.30786E-03 3.32642E-03 4.81038E-03 1.11108E-01 2.94982E-01 3.29686E-03 1.03631E-03 5.11582E-04 6.17071E-02 
5.18709E-04 9.97374E-04 4.14228E-03 3.05888E-03 4.45445E-03 1.04388E-01 2.79558E-01 3.11387E-03 9.97374E-04 5.18709E-04 5.44762E-02 
5.19724E-04 9.55661E-04 3.97569E-03 2.80591E-03 4.11712E-03 9.79308E-02 2.64572E-01 2.93473E-03 9.55661E-04 5.19724E-04 4.80987E-02 
5.15601E-04 9.11997E-04 3.80907E-03 2.56763E-03 3.79846E-03 9.17409E-02 2.50046E-01 2.76023E-03 9.11997E-04 5.15601E-04 4.24851E-02 
5.07227E-04 8.67115E-04 3.64325E-03 2.34405E-03 3.49834E-03 8.58204E-02 2.35996E-01 2.59102E-03 8.67115E-04 5.07227E-04 3.75517E-02 
1.30625E-05 3.32720E-04 5.30837E-03 8.02260E-03 1.13650E-02 2.58829E-01 6.14735E-01 5.30679E-03 3.32720E-04 1.30625E-05 4.10760E-01 
1.30625E-05 3.32720E-04 5.33310E-03 7.67731E-03 1.08889E-02 2.49622E-01 5.96711E-01 5.23382E-03 3.32720E-04 1.30625E-05 3.80261E-01 
1.30625E-05 5.90309E-05 5.34963E-03 7.34411E-03 1.04295E-02 2.40601E-01 5.78883E-01 5.15704E-03 5.90309E-05 1.30625E-05 3.50968E-01 
1.30625E-05 1.86742E-04 5.35779E-03 7.02213E-03 9.98572E-03 2.31760E-01 5.61240E-01 5.07627E-03 1.86742E-04 1.30625E-05 3.22840E-01 
1.30625E-05 3.01696E-04 5.35323E-03 6.70229E-03 9.54669E-03 2.22983E-01 5.43567E-01 4.98603E-03 3.01696E-04 1.30625E-05 2.96089E-01 
1.30625E-05 4.03966E-04 5.33610E-03 6.38535E-03 9.11332E-03 2.14288E-01 5.25900E-01 4.88677E-03 4.03966E-04 1.30625E-05 2.70779E-01 
1.30625E-05 4.93766E-04 5.30668E-03 6.07205E-03 8.68642E-03 2.05692E-01 5.08273E-01 4.77901E-03 4.93766E-04 1.30625E-05 2.46952E-01 
1.30625E-05 5.54897E-04 5.27572E-03 5.83260E-03 8.36107E-03 1.99120E-01 4.94682E-01 4.69019E-03 5.54897E-04 1.30625E-05 2.29547E-01 
1.30625E-05 5.71426E-04 5.26536E-03 5.76313E-03 8.26682E-03 1.97212E-01 4.90719E-01 4.66338E-03 5.71426E-04 1.30625E-05 2.24629E-01 
1.30625E-05 6.42072E-04 5.20805E-03 5.43581E-03 7.82349E-03 1.88216E-01 4.71914E-01 4.53071E-03 6.42072E-04 1.30625E-05 2.02251E-01 
1.30625E-05 6.99802E-04 5.13825E-03 5.11538E-03 7.39056E-03 1.79389E-01 4.53274E-01 4.39069E-03 6.99802E-04 1.30625E-05 1.81610E-01 
1.30625E-05 7.45406E-04 5.05681E-03 4.80272E-03 6.96892E-03 1.70748E-01 4.34838E-01 4.24435E-03 7.45406E-04 1.30625E-05 1.62670E-01 
1.30625E-05 7.79758E-04 4.96468E-03 4.49866E-03 6.55943E-03 1.62308E-01 4.16643E-01 4.09278E-03 7.79758E-04 1.30625E-05 1.45377E-01 
6.90218E-05 8.04109E-04 4.86449E-03 4.20765E-03 6.16761E-03 1.54169E-01 3.98910E-01 3.93927E-03 8.04109E-04 6.90218E-05 1.29390E-01 
1.40707E-04 8.18983E-04 4.75494E-03 3.92491E-03 5.78709E-03 1.46216E-01 3.81401E-01 3.78171E-03 8.18983E-04 1.40707E-04 1.14834E-01 
2.00632E-04 8.25214E-04 4.63668E-03 3.65051E-03 5.41775E-03 1.38444E-01 3.64109E-01 3.62073E-03 8.25214E-04 2.00632E-04 1.01694E-01 
2.49752E-04 8.23745E-04 4.51081E-03 3.38543E-03 5.06064E-03 1.30871E-01 3.47078E-01 3.45752E-03 8.23745E-04 2.49752E-04 8.98917E-02 
2.89050E-04 8.15523E-04 4.37844E-03 3.13051E-03 4.71667E-03 1.23511E-01 3.30348E-01 3.29324E-03 8.15523E-04 2.89050E-04 7.93380E-02 
3.19513E-04 8.01481E-04 4.24067E-03 2.88646E-03 4.38659E-03 1.16378E-01 3.13956E-01 3.12900E-03 8.01481E-04 3.19513E-04 6.99408E-02 
3.42114E-04 7.82520E-04 4.09858E-03 2.65383E-03 4.07099E-03 1.09483E-01 2.97936E-01 2.96583E-03 7.82520E-04 3.42114E-04 6.16048E-02 
3.57798E-04 7.59497E-04 3.95320E-03 2.43306E-03 3.77032E-03 1.02835E-01 2.82318E-01 2.80465E-03 7.59497E-04 3.57798E-04 5.42350E-02 
3.67462E-04 7.33211E-04 3.80551E-03 2.22443E-03 3.48486E-03 9.64422E-02 2.67131E-01 2.64632E-03 7.33211E-04 3.67462E-04 4.77384E-02 
3.71953E-04 7.04398E-04 3.65644E-03 2.02808E-03 3.21475E-03 9.03090E-02 2.52397E-01 2.49157E-03 7.04398E-04 3.71953E-04 4.20253E-02 
3.72055E-04 6.73724E-04 3.50682E-03 1.84403E-03 2.96001E-03 8.44393E-02 2.38136E-01 2.34103E-03 6.73724E-04 3.72055E-04 3.70113E-02 
3.68488E-04 6.41787E-04 3.35743E-03 1.67220E-03 2.72050E-03 7.88349E-02 2.24365E-01 2.19526E-03 6.41787E-04 3.68488E-04 3.26178E-02 
3.61904E-04 6.09114E-04 3.20899E-03 1.51240E-03 2.49601E-03 7.34960E-02 2.11097E-01 2.05469E-03 6.09114E-04 3.61904E-04 2.87721E-02 
9.37479E-06 2.34207E-04 5.02089E-03 5.89818E-03 8.70394E-03 2.35605E-01 5.81927E-01 4.67855E-03 2.34207E-04 9.37479E-06 3.46746E-01 
9.37479E-06 2.34207E-04 5.01714E-03 5.60332E-03 8.30723E-03 2.26678E-01 5.63652E-01 4.58134E-03 2.34207E-04 9.37479E-06 3.18993E-01 
9.37479E-06 4.14468E-05 5.00799E-03 5.32200E-03 7.92707E-03 2.17960E-01 5.45634E-01 4.48390E-03 4.14468E-05 9.37479E-06 2.92631E-01 
9.37479E-06 1.31286E-04 4.99305E-03 5.05312E-03 7.56216E-03 2.09443E-01 5.27859E-01 4.38578E-03 1.31286E-04 9.37479E-06 2.67592E-01 
9.37479E-06 2.12317E-04 4.96856E-03 4.78910E-03 7.20360E-03 2.01014E-01 5.10109E-01 4.28210E-03 2.12317E-04 9.37479E-06 2.43989E-01 
9.37479E-06 2.84498E-04 4.93454E-03 4.53037E-03 6.85195E-03 1.92692E-01 4.92421E-01 4.17317E-03 2.84498E-04 9.37479E-06 2.21850E-01 
9.37479E-06 3.47908E-04 4.89113E-03 4.27734E-03 6.50769E-03 1.84492E-01 4.74828E-01 4.05932E-03 3.47908E-04 9.37479E-06 2.01186E-01 
9.37479E-06 3.91064E-04 4.85125E-03 4.08575E-03 6.24672E-03 1.78240E-01 4.61303E-01 3.96815E-03 3.91064E-04 9.37479E-06 1.86204E-01 
9.37479E-06 4.02727E-04 4.83858E-03 4.03044E-03 6.17135E-03 1.76429E-01 4.57366E-01 3.94102E-03 4.02727E-04 9.37479E-06 1.81989E-01 
9.37479E-06 4.52528E-04 4.77205E-03 3.77157E-03 5.81811E-03 1.67904E-01 4.38720E-01 3.80904E-03 4.52528E-04 9.37479E-06 1.62907E-01 
9.37479E-06 4.93118E-04 4.69584E-03 3.52080E-03 5.47524E-03 1.59571E-01 4.20303E-01 3.67316E-03 4.93118E-04 9.37479E-06 1.45459E-01 
9.37479E-06 5.25045E-04 4.61058E-03 3.27863E-03 5.14326E-03 1.51443E-01 4.02151E-01 3.53413E-03 5.25045E-04 9.37479E-06 1.29583E-01 
9.37479E-06 5.48927E-04 4.51701E-03 3.04548E-03 4.82268E-03 1.43533E-01 3.84300E-01 3.39276E-03 5.48927E-04 9.37479E-06 1.15205E-01 
4.95012E-05 5.65593E-04 4.41728E-03 2.82444E-03 4.51752E-03 1.35933E-01 3.66963E-01 3.25165E-03 5.65593E-04 4.95012E-05 1.02040E-01 
1.00803E-04 5.75504E-04 4.31021E-03 2.61179E-03 4.22279E-03 1.28535E-01 3.49906E-01 3.10891E-03 5.75504E-04 1.00803E-04 9.01463E-02 
1.43570E-04 5.79284E-04 4.19629E-03 2.40742E-03 3.93829E-03 1.21332E-01 3.33121E-01 2.96497E-03 5.79284E-04 1.43570E-04 7.94865E-02 
1.78507E-04 5.77615E-04 4.07641E-03 2.21192E-03 3.66467E-03 1.14340E-01 3.16649E-01 2.82072E-03 5.77615E-04 1.78507E-04 6.99769E-02 
2.06341E-04 5.71184E-04 3.95144E-03 2.02574E-03 3.40252E-03 1.07570E-01 3.00526E-01 2.67702E-03 5.71184E-04 2.06341E-04 6.15295E-02 
2.27801E-04 5.60666E-04 3.82230E-03 1.84922E-03 3.15225E-03 1.01035E-01 2.84787E-01 2.53468E-03 5.60666E-04 2.27801E-04 5.40546E-02 
2.43602E-04 5.46712E-04 3.68985E-03 1.68261E-03 2.91419E-03 9.47423E-02 2.69462E-01 2.39444E-03 5.46712E-04 2.43602E-04 4.74626E-02 
2.54436E-04 5.29939E-04 3.55494E-03 1.52606E-03 2.68853E-03 8.86989E-02 2.54578E-01 2.25697E-03 5.29939E-04 2.54436E-04 4.16664E-02 
2.60963E-04 5.10918E-04 3.41837E-03 1.37958E-03 2.47536E-03 8.29096E-02 2.40157E-01 2.12285E-03 5.10918E-04 2.60963E-04 3.65824E-02 
2.63800E-04 4.90177E-04 3.28091E-03 1.24313E-03 2.27465E-03 7.73776E-02 2.26218E-01 1.99260E-03 4.90177E-04 2.63800E-04 3.21320E-02 
2.63517E-04 4.68191E-04 3.14326E-03 1.11655E-03 2.08629E-03 7.21042E-02 2.12779E-01 1.86665E-03 4.68191E-04 2.63517E-04 2.82423E-02 
2.60638E-04 4.45383E-04 3.00608E-03 9.99609E-04 1.91005E-03 6.70891E-02 1.99849E-01 1.74534E-03 4.45383E-04 2.60638E-04 2.48464E-02 
2.55637E-04 4.22125E-04 2.86997E-03 8.92028E-04 1.74565E-03 6.23307E-02 1.87440E-01 1.62894E-03 4.22125E-04 2.55637E-04 2.18835E-02 
6.61939E-06 1.60275E-04 4.82339E-03 4.07777E-03 6.53212E-03 2.12286E-01 5.46755E-01 4.10050E-03 1.60275E-04 6.61939E-06 2.86935E-01 
6.61939E-06 1.60275E-04 4.79747E-03 3.83863E-03 6.20879E-03 2.03751E-01 5.28446E-01 3.98938E-03 1.60275E-04 6.61939E-06 2.62402E-01 
6.61939E-06 2.82061E-05 4.76806E-03 3.61318E-03 5.90107E-03 1.95441E-01 5.10448E-01 3.88058E-03 2.82061E-05 6.61939E-06 2.39330E-01 
6.61939E-06 8.95861E-05 4.73464E-03 3.40025E-03 5.60764E-03 1.87346E-01 4.92746E-01 3.77350E-03 8.95861E-05 6.61939E-06 2.17633E-01 
6.61939E-06 1.45210E-04 4.69397E-03 3.19365E-03 5.32130E-03 1.79361E-01 4.75122E-01 3.66384E-03 1.45210E-04 6.61939E-06 1.97346E-01 
6.61939E-06 1.94945E-04 4.64598E-03 2.99355E-03 5.04231E-03 1.71502E-01 4.57612E-01 3.55177E-03 1.94945E-04 6.61939E-06 1.78471E-01 
6.61939E-06 2.38762E-04 4.59071E-03 2.80008E-03 4.77093E-03 1.63783E-01 4.40250E-01 3.43749E-03 2.38762E-04 6.61939E-06 1.60992E-01 
6.61939E-06 2.68639E-04 4.54304E-03 2.65504E-03 4.56633E-03 1.57915E-01 4.26938E-01 3.34773E-03 2.68639E-04 6.61939E-06 1.48408E-01 
6.61939E-06 2.76720E-04 4.52831E-03 2.61341E-03 4.50741E-03 1.56217E-01 4.23069E-01 3.32129E-03 2.76720E-04 6.61939E-06 1.44881E-01 
6.61939E-06 3.11247E-04 4.45330E-03 2.41989E-03 4.23235E-03 1.48246E-01 4.04783E-01 3.19425E-03 3.11247E-04 6.61939E-06 1.28992E-01 
6.61939E-06 3.39399E-04 4.37068E-03 2.23462E-03 3.96701E-03 1.40481E-01 3.86781E-01 3.06584E-03 3.39399E-04 6.61939E-06 1.14581E-01 
6.61939E-06 3.61528E-04 4.28092E-03 2.05773E-03 3.71165E-03 1.32934E-01 3.69100E-01 2.93661E-03 3.61528E-04 6.61939E-06 1.01570E-01 
6.61939E-06 3.78047E-04 4.18461E-03 1.88938E-03 3.46650E-03 1.25617E-01 3.51771E-01 2.80709E-03 3.78047E-04 6.61939E-06 8.98767E-02 
3.49401E-05 3.89461E-04 4.08360E-03 1.73150E-03 3.23438E-03 1.18611E-01 3.34999E-01 2.67937E-03 3.89461E-04 3.49401E-05 7.92630E-02 
7.11106E-05 3.96165E-04 3.97676E-03 1.58133E-03 3.01147E-03 1.11817E-01 3.18555E-01 2.55172E-03 3.96165E-04 7.11106E-05 6.97426E-02 
1.01215E-04 3.98606E-04 3.86446E-03 1.43866E-03 2.79748E-03 1.05226E-01 3.02430E-01 2.42443E-03 3.98606E-04 1.01215E-04 6.12655E-02 
1.25756E-04 3.97263E-04 3.74744E-03 1.30374E-03 2.59283E-03 9.88520E-02 2.86661E-01 2.29813E-03 3.97263E-04 1.25756E-04 5.37502E-02 
1.45253E-04 3.92616E-04 3.62643E-03 1.17676E-03 2.39780E-03 9.27045E-02 2.71282E-01 2.17345E-03 3.92616E-04 1.45253E-04 4.71137E-02 
1.60227E-04 3.85138E-04 3.50219E-03 1.05780E-03 2.21260E-03 8.67920E-02 2.56322E-01 2.05095E-03 3.85138E-04 1.60227E-04 4.12734E-02 
1.71192E-04 3.75287E-04 3.37544E-03 9.46890E-04 2.03737E-03 8.11207E-02 2.41809E-01 1.93116E-03 3.75287E-04 1.71192E-04 3.61493E-02 
1.78644E-04 3.63495E-04 3.24690E-03 8.43970E-04 1.87212E-03 7.56951E-02 2.27764E-01 1.81453E-03 3.63495E-04 1.78644E-04 3.16645E-02 
1.83052E-04 3.50162E-04 3.11727E-03 7.48915E-04 1.71682E-03 7.05180E-02 2.14207E-01 1.70147E-03 3.50162E-04 1.83052E-04 2.77474E-02 
1.84860E-04 3.35658E-04 2.98720E-03 6.61539E-04 1.57134E-03 6.55902E-02 2.01152E-01 1.59229E-03 3.35658E-04 1.84860E-04 2.43311E-02 
1.84474E-04 3.20315E-04 2.85731E-03 5.81604E-04 1.43549E-03 6.09113E-02 1.88611E-01 1.48729E-03 3.20315E-04 1.84474E-04 2.13548E-02 
1.82269E-04 3.04429E-04 2.72816E-03 5.08823E-04 1.30902E-03 5.64793E-02 1.76591E-01 1.38666E-03 3.04429E-04 1.82269E-04 1.87636E-02 
1.78584E-04 2.88260E-04 2.60028E-03 4.42874E-04 1.19163E-03 5.22908E-02 1.65098E-01 1.29057E-03 2.88260E-04 1.78584E-04 1.65082E-02 
4.61500E-06 1.06773E-04 4.70826E-03 2.57408E-03 4.80318E-03 1.89455E-01 5.10136E-01 3.57757E-03 1.06773E-04 4.61500E-06 2.33112E-01 
4.61500E-06 1.06773E-04 4.66428E-03 2.39150E-03 4.54542E-03 1.81401E-01 4.91999E-01 3.46077E-03 1.06773E-04 4.61500E-06 2.11996E-01 
4.61500E-06 1.86101E-05 4.61800E-03 2.22177E-03 4.30184E-03 1.73583E-01 4.74220E-01 3.34796E-03 1.86101E-05 4.61500E-06 1.92317E-01 
4.61500E-06 5.93813E-05 4.56885E-03 2.06369E-03 4.07115E-03 1.65991E-01 4.56785E-01 3.23845E-03 5.93813E-05 4.61500E-06 1.73976E-01 
4.61500E-06 9.66352E-05 4.51402E-03 1.91238E-03 3.84758E-03 1.58525E-01 4.39474E-01 3.12848E-03 9.66352E-05 4.61500E-06 1.56956E-01 
4.61500E-06 1.30178E-04 4.45342E-03 1.76779E-03 3.63122E-03 1.51198E-01 4.22326E-01 3.01812E-03 1.30178E-04 4.61500E-06 1.41238E-01 
4.61500E-06 1.59903E-04 4.38703E-03 1.62986E-03 3.42212E-03 1.44024E-01 4.05372E-01 2.90748E-03 1.59903E-04 4.61500E-06 1.26790E-01 
4.61500E-06 1.80262E-04 4.33174E-03 1.52766E-03 3.26536E-03 1.38585E-01 3.92407E-01 2.82178E-03 1.80262E-04 4.61500E-06 1.16454E-01 
4.61500E-06 1.85781E-04 4.31494E-03 1.49852E-03 3.22035E-03 1.37015E-01 3.88644E-01 2.79672E-03 1.85781E-04 4.61500E-06 1.13567E-01 
4.61500E-06 2.09424E-04 4.23103E-03 1.36423E-03 3.01108E-03 1.29653E-01 3.70896E-01 2.67740E-03 2.09424E-04 4.61500E-06 1.00622E-01 
4.61500E-06 2.28778E-04 4.14103E-03 1.23748E-03 2.81048E-03 1.22507E-01 3.53481E-01 2.55850E-03 2.28778E-04 4.61500E-06 8.89681E-02 
4.61500E-06 2.44048E-04 4.04533E-03 1.11819E-03 2.61862E-03 1.15587E-01 3.36431E-01 2.44035E-03 2.44048E-04 4.61500E-06 7.85219E-02 
4.61500E-06 2.55491E-04 3.94441E-03 1.00627E-03 2.43553E-03 1.08900E-01 3.19777E-01 2.32332E-03 2.55491E-04 4.61500E-06 6.91979E-02 
2.43618E-05 2.63378E-04 3.83994E-03 9.02805E-04 2.26314E-03 1.02521E-01 3.03713E-01 2.20905E-03 2.63378E-04 2.43618E-05 6.08020E-02 
4.95818E-05 2.68040E-04 3.73082E-03 8.05835E-04 2.09853E-03 9.63559E-02 2.88015E-01 2.09600E-03 2.68040E-04 4.95818E-05 5.33190E-02 
7.05654E-05 2.69788E-04 3.61734E-03 7.15107E-04 1.94144E-03 9.03977E-02 2.72673E-01 1.98430E-03 2.69788E-04 7.05654E-05 4.66948E-02 
8.76586E-05 2.68943E-04 3.50013E-03 6.30656E-04 1.79204E-03 8.46562E-02 2.57723E-01 1.87443E-03 2.68943E-04 8.76586E-05 4.08544E-02 
1.01221E-04 2.65832E-04 3.37984E-03 5.52462E-04 1.65046E-03 7.91393E-02 2.43192E-01 1.76681E-03 2.65832E-04 1.01221E-04 3.57232E-02 
1.11617E-04 2.60776E-04 3.25711E-03 4.80454E-04 1.51676E-03 7.38530E-02 2.29108E-01 1.66183E-03 2.60776E-04 1.11617E-04 3.12287E-02 
1.19204E-04 2.54088E-04 3.13260E-03 4.14512E-04 1.39093E-03 6.88016E-02 2.15492E-01 1.55985E-03 2.54088E-04 1.19204E-04 2.73017E-02 
1.24330E-04 2.46066E-04 3.00694E-03 3.54469E-04 1.27291E-03 6.39874E-02 2.02364E-01 1.46116E-03 2.46066E-04 1.24330E-04 2.38776E-02 
1.27326E-04 2.36984E-04 2.88075E-03 3.00119E-04 1.16257E-03 5.94113E-02 1.89736E-01 1.36603E-03 2.36984E-04 1.27326E-04 2.08964E-02 
1.28501E-04 2.27097E-04 2.75461E-03 2.51220E-04 1.05974E-03 5.50724E-02 1.77621E-01 1.27465E-03 2.27097E-04 1.28501E-04 1.83035E-02 
1.28144E-04 2.16634E-04 2.62907E-03 2.07505E-04 9.64218E-04 5.09687E-02 1.66025E-01 1.18720E-03 2.16634E-04 1.28144E-04 1.60497E-02 
1.26518E-04 2.05800E-04 2.50464E-03 1.68683E-04 8.75747E-04 4.70967E-02 1.54953E-01 1.10377E-03 2.05800E-04 1.26518E-04 1.40910E-02 
1.23864E-04 1.94777E-04 2.38181E-03 1.34449E-04 7.94051E-04 4.34519E-02 1.44404E-01 1.02445E-03 1.94777E-04 1.23864E-04 1.23888E-02 
3.15684E-06 6.84871E-05 4.66124E-03 1.35093E-03 3.42583E-03 1.67036E-01 4.71965E-01 3.09952E-03 6.84871E-05 3.15684E-06 1.85117E-01 
3.15684E-06 6.84871E-05 4.60096E-03 1.22334E-03 3.22637E-03 1.59547E-01 4.54197E-01 2.98317E-03 6.84871E-05 3.15684E-06 1.67462E-01 
3.15684E-06 1.17500E-05 4.53909E-03 1.10699E-03 3.03927E-03 1.52299E-01 4.36829E-01 2.87179E-03 1.17500E-05 3.15684E-06 1.51147E-01 
3.15684E-06 3.77756E-05 4.47505E-03 1.00072E-03 2.86334E-03 1.45280E-01 4.19843E-01 2.76462E-03 3.77756E-05 3.15684E-06 1.36069E-01 
3.15684E-06 6.18775E-05 4.40642E-03 9.00879E-04 2.69409E-03 1.38398E-01 4.03026E-01 2.65845E-03 6.18775E-05 3.15684E-06 1.22177E-01 
3.15684E-06 8.38276E-05 4.33309E-03 8.07248E-04 2.53146E-03 1.31665E-01 3.86414E-01 2.55327E-03 8.38276E-05 3.15684E-06 1.09437E-01 
3.15684E-06 1.03472E-04 4.25505E-03 7.19607E-04 2.37535E-03 1.25092E-01 3.70037E-01 2.44911E-03 1.03472E-04 3.15684E-06 9.78069E-02 
3.15684E-06 1.17033E-04 4.19148E-03 6.55776E-04 2.25901E-03 1.20123E-01 3.57546E-01 2.36927E-03 1.17033E-04 3.15684E-06 8.95371E-02 
3.15684E-06 1.20724E-04 4.17238E-03 6.37753E-04 2.22573E-03 1.18690E-01 3.53926E-01 2.34605E-03 1.20724E-04 3.15684E-06 8.72351E-02 
3.15684E-06 1.36617E-04 4.07825E-03 5.55756E-04 2.07157E-03 1.11989E-01 3.36884E-01 2.23629E-03 1.36617E-04 3.15684E-06 7.69568E-02 
3.15684E-06 1.49735E-04 3.97921E-03 4.80030E-04 1.92481E-03 1.05506E-01 3.20216E-01 2.12811E-03 1.49735E-04 3.15684E-06 6.77666E-02 
3.15684E-06 1.60175E-04 3.87562E-03 4.10347E-04 1.78536E-03 9.92489E-02 3.03951E-01 2.02173E-03 1.60175E-04 3.15684E-06 5.95839E-02 
3.15684E-06 1.68081E-04 3.76792E-03 3.46485E-04 1.65315E-03 9.32248E-02 2.88115E-01 1.91738E-03 1.68081E-04 3.15684E-06 5.23266E-02 
1.66733E-05 1.73564E-04 3.65773E-03 2.88842E-04 1.52939E-03 8.74984E-02 2.72891E-01 1.81632E-03 1.73564E-04 1.66733E-05 4.58385E-02 
3.39562E-05 1.76892E-04 3.54389E-03 2.36181E-04 1.41195E-03 8.19835E-02 2.58064E-01 1.71721E-03 1.76892E-04 3.39562E-05 4.00891E-02 
4.83517E-05 1.78275E-04 3.42665E-03 1.88239E-04 1.30056E-03 7.66730E-02 2.43623E-01 1.62007E-03 1.78275E-04 4.83517E-05 3.50258E-02 
6.00867E-05 1.77916E-04 3.30658E-03 1.44908E-04 1.19527E-03 7.15743E-02 2.29598E-01 1.52522E-03 1.77916E-04 6.00867E-05 3.05827E-02 
6.94007E-05 1.76027E-04 3.18427E-03 1.06048E-04 1.09608E-03 6.66933E-02 2.16015E-01 1.43296E-03 1.76027E-04 6.94007E-05 2.66958E-02 
7.65380E-05 1.72820E-04 3.06033E-03 7.14924E-05 1.00295E-03 6.20337E-02 2.02895E-01 1.34353E-03 1.72820E-04 7.65380E-05 2.33040E-02 
8.17412E-05 1.68500E-04 2.93534E-03 4.10494E-05 9.15814E-04 5.75980E-02 1.90257E-01 1.25718E-03 1.68500E-04 8.17412E-05 2.03502E-02 
8.52468E-05 1.63266E-04 2.80989E-03 1.45045E-05 8.34543E-04 5.33868E-02 1.78114E-01 1.17408E-03 1.63266E-04 8.52468E-05 1.77817E-02 
8.72809E-05 1.57302E-04 2.68454E-03 -8.37403E-06 7.58988E-04 4.93993E-02 1.66478E-01 1.09438E-03 1.57302E-04 8.72809E-05 1.55503E-02 
8.80573E-05 1.50780E-04 2.55983E-03 -2.78313E-05 6.88967E-04 4.56332E-02 1.55354E-01 1.01820E-03 1.50780E-04 8.80573E-05 1.36128E-02 
8.77749E-05 1.43856E-04 2.43625E-03 -4.41204E-05 6.24274E-04 4.20852E-02 1.44746E-01 9.45625E-04 1.43856E-04 8.77749E-05 1.19309E-02 
8.66175E-05 1.36671E-04 2.31429E-03 -5.74985E-05 5.64684E-04 3.87507E-02 1.34655E-01 8.76694E-04 1.36671E-04 8.66175E-05 1.04705E-02 
8.47530E-05 1.29349E-04 2.19438E-03 -6.82221E-05 5.09955E-04 3.56244E-02 1.25078E-01 8.11426E-04 1.29349E-04 8.47530E-05 9.20214E-03 
2.12549E-06 4.22158E-05 4.66816E-03 4.05651E-04 2.36011E-03 1.45539E-01 4.33097E-01 2.66961E-03 4.22158E-05 2.12549E-06 1.43816E-01 
2.12549E-06 4.22158E-05 4.59195E-03 3.28149E-04 2.21074E-03 1.38674E-01 4.15879E-01 2.55814E-03 4.22158E-05 2.12549E-06 1.29463E-01 
2.12549E-06 7.06235E-06 4.51456E-03 2.59787E-04 2.07174E-03 1.32049E-01 3.99094E-01 2.45204E-03 7.06235E-06 2.12549E-06 1.16304E-01 
2.12549E-06 2.29819E-05 4.43548E-03 1.99537E-04 1.94206E-03 1.25652E-01 3.82724E-01 2.35057E-03 2.29819E-05 2.12549E-06 1.04239E-01 
2.12549E-06 3.80376E-05 4.35255E-03 1.44808E-04 1.81828E-03 1.19398E-01 3.66561E-01 2.25099E-03 3.80376E-05 2.12549E-06 9.31961E-02 
2.12549E-06 5.19920E-05 4.26572E-03 9.52751E-05 1.70024E-03 1.13297E-01 3.50639E-01 2.15325E-03 5.19920E-05 2.12549E-06 8.31358E-02 
2.12549E-06 6.46702E-05 4.17500E-03 5.06286E-05 1.58778E-03 1.07360E-01 3.34987E-01 2.05734E-03 6.46702E-05 2.12549E-06 7.40104E-02 
2.12549E-06 7.35272E-05 4.10221E-03 1.92511E-05 1.50450E-03 1.02883E-01 3.23079E-01 1.98439E-03 7.35272E-05 2.12549E-06 6.75580E-02 
2.12549E-06 7.59537E-05 4.08051E-03 1.05776E-05 1.48075E-03 1.01594E-01 3.19633E-01 1.96327E-03 7.59537E-05 2.12549E-06 6.57676E-02 
2.12549E-06 8.64817E-05 3.97459E-03 -2.77741E-05 1.37130E-03 9.55786E-02 3.03441E-01 1.86397E-03 8.64817E-05 2.12549E-06 5.78042E-02 
2.12549E-06 9.52860E-05 3.86479E-03 -6.14275E-05 1.26785E-03 8.97787E-02 2.87654E-01 1.76696E-03 9.52860E-05 2.12549E-06 5.07288E-02 
2.12549E-06 1.02392E-04 3.75147E-03 -9.06905E-05 1.17027E-03 8.42003E-02 2.72299E-01 1.67235E-03 1.02392E-04 2.12549E-06 4.44669E-02 
2.12549E-06 1.07867E-04 3.63505E-03 -1.15855E-04 1.07839E-03 7.88481E-02 2.57398E-01 1.58027E-03 1.07867E-04 2.12549E-06 3.89447E-02 
1.12380E-05 1.11720E-04 3.51716E-03 -1.37004E-04 9.92940E-04 7.37784E-02 2.43120E-01 1.49173E-03 1.11720E-04 1.12380E-05 3.40391E-02 
2.29184E-05 1.14167E-04 3.39659E-03 -1.54778E-04 9.12405E-04 6.89132E-02 2.29260E-01 1.40552E-03 1.14167E-04 2.29184E-05 2.97135E-02 
3.26728E-05 1.15340E-04 3.27354E-03 -1.69416E-04 8.36527E-04 6.42451E-02 2.15806E-01 1.32161E-03 1.15340E-04 3.26728E-05 2.59205E-02 
4.06424E-05 1.15360E-04 3.14856E-03 -1.81104E-04 7.65272E-04 5.97795E-02 2.02785E-01 1.24020E-03 1.15360E-04 4.06424E-05 2.26046E-02 
4.69796E-05 1.14358E-04 3.02222E-03 -1.90038E-04 6.98580E-04 5.55202E-02 1.90217E-01 1.16149E-03 1.14358E-04 4.69796E-05 1.97134E-02 
5.18428E-05 1.12468E-04 2.89509E-03 -1.96424E-04 6.36360E-04 5.14695E-02 1.78121E-01 1.08564E-03 1.12468E-04 5.18428E-05 1.71973E-02 
5.53910E-05 1.09822E-04 2.76772E-03 -2.00474E-04 5.78501E-04 4.76279E-02 1.66510E-01 1.01277E-03 1.09822E-04 5.53910E-05 1.50108E-02 
5.77810E-05 1.06548E-04 2.64066E-03 -2.02403E-04 5.24868E-04 4.39947E-02 1.55394E-01 9.42996E-04 1.06548E-04 5.77810E-05 1.31124E-02 
5.91646E-05 1.02766E-04 2.51443E-03 -2.02428E-04 4.75306E-04 4.05677E-02 1.44781E-01 8.76398E-04 1.02766E-04 5.91646E-05 1.14650E-02 
5.96859E-05 9.85924E-05 2.38954E-03 -2.00761E-04 4.29646E-04 3.73436E-02 1.34672E-01 8.13026E-04 9.85924E-05 5.96859E-05 1.00353E-02 
5.94809E-05 9.41310E-05 2.26644E-03 -1.97613E-04 3.87708E-04 3.43181E-02 1.25068E-01 7.52904E-04 9.41310E-05 5.94809E-05 8.79438E-03 
5.86762E-05 8.94785E-05 2.14556E-03 -1.93184E-04 3.49302E-04 3.14860E-02 1.15966E-01 6.96035E-04 8.94785E-05 5.86762E-05 7.71686E-03 
5.73889E-05 8.47221E-05 2.02730E-03 -1.87665E-04 3.14235E-04 2.88412E-02 1.07359E-01 6.42399E-04 8.47221E-05 5.73889E-05 6.78082E-03 
1.40867E-06 2.48007E-05 4.71080E-03 -2.86384E-04 1.55355E-03 1.25217E-01 3.94029E-01 2.28552E-03 2.48007E-05 1.40867E-06 1.09174E-01 
1.40867E-06 2.48007E-05 4.61801E-03 -3.20742E-04 1.44612E-03 1.19017E-01 3.77524E-01 2.18185E-03 2.48007E-05 1.40867E-06 9.78382E-02 
1.40867E-06 3.98215E-06 4.52437E-03 -3.48262E-04 1.34706E-03 1.13049E-01 3.61478E-01 2.08352E-03 3.98215E-06 1.40867E-06 8.75226E-02 
1.40867E-06 1.32204E-05 4.42946E-03 -3.69811E-04 1.25546E-03 1.07305E-01 3.45871E-01 1.98988E-03 1.32204E-05 1.40867E-06 7.81343E-02 
1.40867E-06 2.22496E-05 4.33128E-03 -3.87077E-04 1.16879E-03 1.01704E-01 3.30503E-01 1.89860E-03 2.22496E-05 1.40867E-06 6.95951E-02 
1.40867E-06 3.08421E-05 4.22985E-03 -4.00432E-04 1.08685E-03 9.62569E-02 3.15405E-01 1.80962E-03 3.08421E-05 1.40867E-06 6.18632E-02 
1.40867E-06 3.88221E-05 4.12527E-03 -4.10231E-04 1.00943E-03 9.09715E-02 3.00605E-01 1.72289E-03 3.88221E-05 1.40867E-06 5.48915E-02 
1.40867E-06 4.44931E-05 4.04228E-03 -4.15582E-04 9.52521E-04 8.69972E-02 2.89374E-01 1.65732E-03 4.44931E-05 1.40867E-06 4.99874E-02 
1.40867E-06 4.60608E-05 4.01768E-03 -4.16802E-04 9.36360E-04 8.58546E-02 2.86128E-01 1.63840E-03 4.60608E-05 1.40867E-06 4.86304E-02 
1.40867E-06 5.29375E-05 3.89857E-03 -4.20624E-04 8.62244E-04 8.05327E-02 2.70907E-01 1.54982E-03 5.29375E-05 1.40867E-06 4.26163E-02 
1.40867E-06 5.87941E-05 3.77656E-03 -4.21409E-04 7.92784E-04 7.54189E-02 2.56113E-01 1.46389E-03 5.87941E-05 1.40867E-06 3.73030E-02 
1.40867E-06 6.36138E-05 3.65203E-03 -4.19487E-04 7.27792E-04 7.05174E-02 2.41770E-01 1.38065E-03 6.36138E-05 1.40867E-06 3.26255E-02 
1.40867E-06 6.74142E-05 3.52543E-03 -4.15169E-04 6.67091E-04 6.58308E-02 2.27897E-01 1.30016E-03 6.74142E-05 1.40867E-06 2.85208E-02 
7.46030E-06 7.01502E-05 3.39848E-03 -4.08848E-04 6.11050E-04 6.14072E-02 2.14647E-01 1.22324E-03 7.01502E-05 7.46030E-06 2.48941E-02 
1.52474E-05 7.19890E-05 3.26982E-03 -4.00689E-04 5.58638E-04 5.71771E-02 2.01828E-01 1.14879E-03 7.19890E-05 1.52474E-05 2.17091E-02 
2.17779E-05 7.30086E-05 3.13966E-03 -3.90888E-04 5.09633E-04 5.31328E-02 1.89427E-01 1.07675E-03 7.30086E-05 2.17779E-05 1.89252E-02 
2.71335E-05 7.32765E-05 3.00853E-03 -3.79656E-04 4.63958E-04 4.92781E-02 1.77465E-01 1.00726E-03 7.32765E-05 2.71335E-05 1.64982E-02 
3.14063E-05 7.28681E-05 2.87699E-03 -3.67202E-04 4.21517E-04 4.56151E-02 1.65960E-01 9.40420E-04 7.28681E-05 3.14063E-05 1.43864E-02 
3.46944E-05 7.18633E-05 2.74558E-03 -3.53726E-04 3.82205E-04 4.21443E-02 1.54925E-01 8.76328E-04 7.18633E-05 3.46944E-05 1.25513E-02 
3.70988E-05 7.03435E-05 2.61483E-03 -3.39424E-04 3.45902E-04 3.88653E-02 1.44371E-01 8.15054E-04 7.03435E-05 3.70988E-05 1.09579E-02 
3.87205E-05 6.83894E-05 2.48526E-03 -3.24483E-04 3.12479E-04 3.57759E-02 1.34303E-01 7.56649E-04 6.83894E-05 3.87205E-05 9.57487E-03 
3.96591E-05 6.60795E-05 2.35735E-03 -3.09076E-04 2.81798E-04 3.28732E-02 1.24725E-01 7.01142E-04 6.60795E-05 3.96591E-05 8.37429E-03 
4.00104E-05 6.34886E-05 2.23157E-03 -2.93366E-04 2.53716E-04 3.01530E-02 1.15637E-01 6.48540E-04 6.34886E-05 4.00104E-05 7.33173E-03 
3.98665E-05 6.06877E-05 2.10833E-03 -2.77504E-04 2.28089E-04 2.76105E-02 1.07034E-01 5.98835E-04 6.06877E-05 3.98665E-05 6.42594E-03 
3.93142E-05 5.77430E-05 1.98802E-03 -2.61623E-04 2.04769E-04 2.52399E-02 9.89108E-02 5.52000E-04 5.77430E-05 3.93142E-05 5.63861E-03 
3.84353E-05 5.47162E-05 1.87097E-03 -2.45843E-04 1.83612E-04 2.30350E-02 9.12591E-02 5.07994E-04 5.47162E-05 3.84353E-05 4.95403E-03 
9.19303E-07 1.37039E-05 4.76909E-03 -7.54961E-04 9.59497E-04 1.06285E-01 3.55234E-01 1.94461E-03 1.37039E-05 9.19303E-07 8.08614E-02 
9.19303E-07 1.37039E-05 4.65867E-03 -7.54352E-04 8.86204E-04 1.00770E-01 3.39587E-01 1.85043E-03 1.37039E-05 9.19303E-07 7.21766E-02 
9.19303E-07 2.04996E-06 4.54777E-03 -7.49187E-04 8.19364E-04 9.54772E-02 3.24414E-01 1.76131E-03 2.04996E-06 9.19303E-07 6.43286E-02 
9.19303E-07 7.05155E-06 4.43609E-03 -7.40158E-04 7.58236E-04 9.03966E-02 3.09697E-01 1.67665E-03 7.05155E-06 9.19303E-07 5.72360E-02 
9.19303E-07 1.22070E-05 4.32171E-03 -7.28206E-04 7.01009E-04 8.54576E-02 2.95244E-01 1.59454E-03 1.22070E-05 9.19303E-07 5.08222E-02 
9.19303E-07 1.73118E-05 4.20475E-03 -7.13715E-04 6.47463E-04 8.06681E-02 2.81084E-01 1.51489E-03 1.73118E-05 9.19303E-07 4.50475E-02 
9.19303E-07 2.22035E-05 4.08537E-03 -6.97039E-04 5.97388E-04 7.60345E-02 2.67242E-01 1.43766E-03 2.22035E-05 9.19303E-07 3.98689E-02 
9.19303E-07 2.57622E-05 3.99149E-03 -6.82847E-04 5.60904E-04 7.25597E-02 2.56764E-01 1.37954E-03 2.57622E-05 9.19303E-07 3.62430E-02 
9.19303E-07 2.67580E-05 3.96380E-03 -6.78508E-04 5.50595E-04 7.15622E-02 2.53741E-01 1.36281E-03 2.67580E-05 9.19303E-07 3.52423E-02 
9.19303E-07 3.11891E-05 3.83057E-03 -6.56795E-04 5.03614E-04 6.69255E-02 2.39588E-01 1.28477E-03 3.11891E-05 9.19303E-07 3.08207E-02 
9.19303E-07 3.50523E-05 3.69548E-03 -6.33621E-04 4.60038E-04 6.24852E-02 2.25876E-01 1.20947E-03 3.50523E-05 9.19303E-07 2.69335E-02 
9.19303E-07 3.83096E-05 3.55896E-03 -6.09301E-04 4.19674E-04 5.82437E-02 2.12625E-01 1.13694E-03 3.83096E-05 9.19303E-07 2.35267E-02 
9.19303E-07 4.09505E-05 3.42148E-03 -5.84120E-04 3.82346E-04 5.42024E-02 1.99849E-01 1.06719E-03 4.09505E-05 9.19303E-07 2.05490E-02 
4.87985E-06 4.29078E-05 3.28487E-03 -5.58646E-04 3.48195E-04 5.04012E-02 1.87688E-01 1.00087E-03 4.29078E-05 4.87985E-06 1.79293E-02 
1.00038E-05 4.43064E-05 3.14762E-03 -5.32689E-04 3.16560E-04 4.67792E-02 1.75961E-01 9.37017E-04 4.43064E-05 1.00038E-05 1.56353E-02 
1.43259E-05 4.51879E-05 3.00990E-03 -5.06385E-04 2.87258E-04 4.33287E-02 1.64655E-01 8.75548E-04 4.51879E-05 1.43259E-05 1.36343E-02 
1.78888E-05 4.55845E-05 2.87227E-03 -4.79936E-04 2.60195E-04 4.00519E-02 1.53787E-01 8.16537E-04 4.55845E-05 1.78888E-05 1.18922E-02 
2.07440E-05 4.55357E-05 2.73526E-03 -4.53531E-04 2.35271E-04 3.69496E-02 1.43370E-01 7.60045E-04 4.55357E-05 2.07440E-05 1.03773E-02 
2.29492E-05 4.50864E-05 2.59939E-03 -4.27341E-04 2.12381E-04 3.40212E-02 1.33414E-01 7.06118E-04 4.50864E-05 2.29492E-05 9.06092E-03 
2.45659E-05 4.42847E-05 2.46517E-03 -4.01522E-04 1.91417E-04 3.12650E-02 1.23926E-01 6.54783E-04 4.42847E-05 2.45659E-05 7.91718E-03 
2.56575E-05 4.31800E-05 2.33308E-03 -3.76213E-04 1.72270E-04 2.86783E-02 1.14909E-01 6.06054E-04 4.31800E-05 2.56575E-05 6.92318E-03 
2.62879E-05 4.18221E-05 2.20356E-03 -3.51534E-04 1.54828E-04 2.62573E-02 1.06361E-01 5.59927E-04 4.18221E-05 2.62879E-05 6.05887E-03 
2.65203E-05 4.02601E-05 2.07702E-03 -3.27588E-04 1.38983E-04 2.39975E-02 9.82806E-02 5.16383E-04 4.02601E-05 2.65203E-05 5.30683E-03 
2.64164E-05 3.85419E-05 1.95383E-03 -3.04462E-04 1.24626E-04 2.18936E-02 9.06606E-02 4.75391E-04 3.85419E-05 2.64164E-05 4.65211E-03 
2.60362E-05 3.67140E-05 1.83431E-03 -2.82223E-04 1.11655E-04 1.99399E-02 8.34929E-02 4.36908E-04 3.67140E-05 2.60362E-05 4.08194E-03 
2.54372E-05 3.48210E-05 1.71876E-03 -2.60922E-04 9.99714E-05 1.81301E-02 7.67669E-02 4.00880E-04 3.48210E-05 2.54372E-05 3.58546E-03 
5.91301E-07 6.95559E-06 4.82209E-03 -1.03345E-03 5.36977E-04 8.89123E-02 3.17165E-01 1.64403E-03 6.95559E-06 5.91301E-07 5.83331E-02 
5.91301E-07 6.95559E-06 4.69309E-03 -1.00653E-03 4.90563E-04 8.40855E-02 3.02497E-01 1.56009E-03 6.95559E-06 5.91301E-07 5.18920E-02 
5.91301E-07 9.05969E-07 4.56418E-03 -9.77135E-04 4.48869E-04 7.94665E-02 2.88311E-01 1.48076E-03 9.05969E-07 5.91301E-07 4.61102E-02 
5.91301E-07 3.35229E-06 4.43514E-03 -9.45788E-04 4.11313E-04 7.50452E-02 2.74589E-01 1.40555E-03 3.35229E-06 5.91301E-07 4.09190E-02 
5.91301E-07 6.11776E-06 4.30406E-03 -9.12843E-04 3.76658E-04 7.07594E-02 2.61149E-01 1.33283E-03 6.11776E-06 5.91301E-07 3.62496E-02 
5.91301E-07 9.02844E-06 4.17115E-03 -8.78662E-04 3.44693E-04 6.66154E-02 2.48019E-01 1.26257E-03 9.02844E-06 5.91301E-07 3.20669E-02 
5.91301E-07 1.19439E-05 4.03666E-03 -8.43572E-04 3.15221E-04 6.26183E-02 2.35218E-01 1.19469E-03 1.19439E-05 5.91301E-07 2.83340E-02 
5.91301E-07 1.41321E-05 3.93169E-03 -8.15988E-04 2.94013E-04 5.96288E-02 2.25554E-01 1.14380E-03 1.41321E-05 5.91301E-07 2.57308E-02 
5.91301E-07 1.47540E-05 3.90087E-03 -8.07873E-04 2.88063E-04 5.87719E-02 2.22769E-01 1.12918E-03 1.47540E-05 5.91301E-07 2.50139E-02 
5.91301E-07 1.75717E-05 3.75339E-03 -7.69009E-04 2.61183E-04 5.47970E-02 2.09757E-01 1.06116E-03 1.75717E-05 5.91301E-07 2.18546E-02 
5.91301E-07 2.00989E-05 3.60522E-03 -7.30054E-04 2.36613E-04 5.10033E-02 1.97192E-01 9.95844E-04 2.00989E-05 5.91301E-07 1.90881E-02 
5.91301E-07 2.22904E-05 3.45682E-03 -6.91277E-04 2.14179E-04 4.73918E-02 1.85088E-01 9.33206E-04 2.22904E-05 5.91301E-07 1.66717E-02 
5.91301E-07 2.41228E-05 3.30866E-03 -6.52915E-04 1.93721E-04 4.39628E-02 1.73456E-01 8.73240E-04 2.41228E-05 5.91301E-07 1.45656E-02 
3.14827E-06 2.55282E-05 3.16270E-03 -6.15602E-04 1.75248E-04 4.07490E-02 1.62421E-01 8.16486E-04 2.55282E-05 3.14827E-06 1.27182E-02 
6.47951E-06 2.65946E-05 3.01726E-03 -5.78902E-04 1.58368E-04 3.76976E-02 1.51816E-01 7.62094E-04 2.65946E-05 6.47951E-06 1.11028E-02 
9.31035E-06 2.73398E-05 2.87249E-03 -5.42890E-04 1.42940E-04 3.48012E-02 1.41627E-01 7.09961E-04 2.73398E-05 9.31035E-06 9.69449E-03 
1.16586E-05 2.77742E-05 2.72892E-03 -5.07736E-04 1.28874E-04 3.20607E-02 1.31865E-01 6.60126E-04 2.77742E-05 1.16586E-05 8.46804E-03 
1.35499E-05 2.79153E-05 2.58708E-03 -4.73590E-04 1.16078E-04 2.94758E-02 1.22543E-01 6.12616E-04 2.79153E-05 1.35499E-05 7.40046E-03 
1.50159E-05 2.77861E-05 2.44746E-03 -4.40578E-04 1.04463E-04 2.70450E-02 1.13664E-01 5.67447E-04 2.77861E-05 1.50159E-05 6.47111E-03 
1.60922E-05 2.74133E-05 2.31053E-03 -4.08807E-04 9.39421E-05 2.47659E-02 1.05234E-01 5.24617E-04 2.74133E-05 1.60922E-05 5.66170E-03 
1.68174E-05 2.68265E-05 2.17671E-03 -3.78361E-04 8.44312E-05 2.26353E-02 9.72512E-02 4.84116E-04 2.68265E-05 1.68174E-05 4.95622E-03 
1.72317E-05 2.60567E-05 2.04640E-03 -3.49305E-04 7.58506E-05 2.06491E-02 8.97126E-02 4.45920E-04 2.60567E-05 1.72317E-05 4.34080E-03 
1.73765E-05 2.51365E-05 1.91995E-03 -3.21682E-04 6.81246E-05 1.88024E-02 8.26125E-02 4.09993E-04 2.51365E-05 1.73765E-05 3.80356E-03 
1.72936E-05 2.40990E-05 1.79767E-03 -2.95520E-04 6.11834E-05 1.70901E-02 7.59427E-02 3.76293E-04 2.40990E-05 1.72936E-05 3.33442E-03 
1.70248E-05 2.29775E-05 1.67981E-03 -2.70826E-04 5.49627E-05 1.55064E-02 6.96929E-02 3.44767E-04 2.29775E-05 1.70248E-05 2.92481E-03 
1.66116E-05 2.18055E-05 1.56659E-03 -2.47593E-04 4.94045E-05 1.40454E-02 6.38510E-02 3.15359E-04 2.18055E-05 1.66116E-05 2.56753E-03 
3.75533E-07 3.07928E-06 4.84914E-03 -1.15711E-03 2.50250E-04 7.32175E-02 2.80232E-01 1.38067E-03 3.07928E-06 3.75533E-07 4.08956E-02 
3.75533E-07 3.07928E-06 4.70125E-03 -1.11233E-03 2.24170E-04 6.90647E-02 2.66641E-01 1.30705E-03 3.07928E-06 3.75533E-07 3.62857E-02 
3.75533E-07 2.78608E-07 4.55424E-03 -1.06685E-03 2.01316E-04 6.51018E-02 2.53534E-01 1.23751E-03 2.78608E-07 3.75533E-07 3.21733E-02 
3.75533E-07 1.27753E-06 4.40796E-03 -1.02102E-03 1.81253E-04 6.13195E-02 2.40889E-01 1.17164E-03 1.27753E-06 3.75533E-07 2.85035E-02 
3.75533E-07 2.63723E-06 4.26045E-03 -9.74758E-04 1.63186E-04 5.76636E-02 2.28538E-01 1.10812E-03 2.63723E-06 3.75533E-07 2.52181E-02 
3.75533E-07 4.21713E-06 4.11201E-03 -9.28390E-04 1.46930E-04 5.41391E-02 2.16505E-01 1.04691E-03 4.21713E-06 3.75533E-07 2.22881E-02 
3.75533E-07 5.90241E-06 3.96296E-03 -8.82194E-04 1.32312E-04 5.07496E-02 2.04807E-01 9.87962E-04 5.90241E-06 3.75533E-07 1.96837E-02 
3.75533E-07 7.22001E-06 3.84744E-03 -8.46729E-04 1.22026E-04 4.82215E-02 1.95998E-01 9.43883E-04 7.22001E-06 3.75533E-07 1.78734E-02 
3.75533E-07 7.60176E-06 3.81365E-03 -8.36423E-04 1.19177E-04 4.74980E-02 1.93463E-01 9.31245E-04 7.60176E-06 3.75533E-07 1.73757E-02 
3.75533E-07 9.36947E-06 3.65279E-03 -7.87804E-04 1.06514E-04 4.41485E-02 1.81643E-01 8.72562E-04 9.36947E-06 3.75533E-07 1.51865E-02 
3.75533E-07 1.10077E-05 3.49252E-03 -7.40181E-04 9.52531E-05 4.09625E-02 1.70266E-01 8.16417E-04 1.10077E-05 3.75533E-07 1.32748E-02 
3.75533E-07 1.24728E-05 3.33333E-03 -6.93763E-04 8.52493E-05 3.79402E-02 1.59341E-01 7.62785E-04 1.24728E-05 3.75533E-07 1.16084E-02 
3.75533E-07 1.37377E-05 3.17570E-03 -6.48724E-04 7.63735E-05 3.50806E-02 1.48878E-01 7.11641E-04 1.37377E-05 3.75533E-07 1.01578E-02 
2.00708E-06 1.47475E-05 3.02166E-03 -6.05687E-04 6.85657E-05 3.24102E-02 1.38985E-01 6.63437E-04 1.47475E-05 2.00708E-06 8.88704E-03 
4.15106E-06 1.55573E-05 2.86937E-03 -5.64066E-04 6.16240E-05 2.98838E-02 1.29511E-01 6.17421E-04 1.55573E-05 4.15106E-06 7.77550E-03 
5.98897E-06 1.61695E-05 2.71894E-03 -5.23882E-04 5.54481E-05 2.74944E-02 1.20438E-01 5.73488E-04 1.61695E-05 5.98897E-06 6.80506E-03 
7.52416E-06 1.65825E-05 2.57089E-03 -4.85260E-04 4.99603E-05 2.52420E-02 1.11778E-01 5.31652E-04 1.65825E-05 7.52416E-06 5.95799E-03 
8.76659E-06 1.68009E-05 2.42570E-03 -4.48302E-04 4.50876E-05 2.31255E-02 1.03536E-01 4.91918E-04 1.68009E-05 8.76659E-06 5.21837E-03 
9.73152E-06 1.68345E-05 2.28382E-03 -4.13088E-04 4.07625E-05 2.11429E-02 9.57164E-02 4.54280E-04 1.68345E-05 9.73152E-06 4.57203E-03 
1.04383E-05 1.66970E-05 2.14566E-03 -3.79670E-04 3.69230E-05 1.92912E-02 8.83182E-02 4.18720E-04 1.66970E-05 1.04383E-05 4.00664E-03 
1.09096E-05 1.64055E-05 2.01160E-03 -3.48082E-04 3.35128E-05 1.75669E-02 8.13388E-02 3.85213E-04 1.64055E-05 1.09096E-05 3.51150E-03 
1.11705E-05 1.59796E-05 1.88197E-03 -3.18337E-04 3.04818E-05 1.59659E-02 7.47729E-02 3.53722E-04 1.59796E-05 1.11705E-05 3.07750E-03 
1.12483E-05 1.54412E-05 1.75703E-03 -2.90427E-04 2.77862E-05 1.44833E-02 6.86126E-02 3.24204E-04 1.54412E-05 1.12483E-05 2.69690E-03 
1.11717E-05 1.48140E-05 1.63702E-03 -2.64329E-04 2.53889E-05 1.31143E-02 6.28481E-02 2.96611E-04 1.48140E-05 1.11717E-05 2.36323E-03 
1.09708E-05 1.41231E-05 1.52213E-03 -2.40001E-04 2.32590E-05 1.18532E-02 5.74677E-02 2.70889E-04 1.41231E-05 1.09708E-05 2.07105E-03 
1.06763E-05 1.33946E-05 1.41249E-03 -2.17390E-04 2.13719E-05 1.06947E-02 5.24584E-02 2.46978E-04 1.33946E-05 1.06763E-05 1.81582E-03 
2.36393E-07 1.01277E-06 4.83115E-03 -1.16112E-03 6.86566E-05 5.92716E-02 2.44815E-01 1.15139E-03 1.01277E-06 2.36393E-07 2.77889E-02 
2.36393E-07 1.01277E-06 4.66506E-03 -1.10621E-03 5.71803E-05 5.57630E-02 2.32377E-01 1.08769E-03 1.01277E-06 2.36393E-07 2.46188E-02 
2.36393E-07 -2.82332E-08 4.50089E-03 -1.05198E-03 4.77060E-05 5.24245E-02 2.20414E-01 1.02752E-03 -2.82332E-08 2.36393E-07 2.18068E-02 
2.36393E-07 2.17980E-07 4.33852E-03 -9.98635E-04 3.99251E-05 4.92474E-02 2.08906E-01 9.70570E-04 2.17980E-07 2.36393E-07 1.93113E-02 
2.36393E-07 7.97727E-07 4.17590E-03 -9.45806E-04 3.33725E-05 4.61854E-02 1.97697E-01 9.15746E-04 7.97727E-07 2.36393E-07 1.70859E-02 
2.36393E-07 1.60271E-06 4.01339E-03 -8.93755E-04 2.78948E-05 4.32422E-02 1.86806E-01 8.63023E-04 1.60271E-06 2.36393E-07 1.51081E-02 
2.36393E-07 2.54395E-06 3.85138E-03 -8.42707E-04 2.33525E-05 4.04203E-02 1.76250E-01 8.12370E-04 2.54395E-06 2.36393E-07 1.33552E-02 
2.36393E-07 3.31978E-06 3.72660E-03 -8.04023E-04 2.04003E-05 3.83212E-02 1.68320E-01 7.74580E-04 3.31978E-06 2.36393E-07 1.21395E-02 
2.36393E-07 3.54992E-06 3.69025E-03 -7.92859E-04 1.96211E-05 3.77215E-02 1.66042E-01 7.63761E-04 3.54992E-06 2.36393E-07 1.18056E-02 
2.36393E-07 4.64314E-06 3.51796E-03 -7.40650E-04 1.63785E-05 3.49506E-02 1.55440E-01 7.13613E-04 4.64314E-06 2.36393E-07 1.03384E-02 
2.36393E-07 5.69412E-06 3.34765E-03 -6.90210E-04 1.38258E-05 3.23241E-02 1.45267E-01 6.65787E-04 5.69412E-06 2.36393E-07 9.05859E-03 
2.36393E-07 6.66529E-06 3.17979E-03 -6.41679E-04 1.18540E-05 2.98412E-02 1.35532E-01 6.20254E-04 6.66529E-06 2.36393E-07 7.94324E-03 
2.36393E-07 7.53124E-06 3.01486E-03 -5.95172E-04 1.03675E-05 2.75004E-02 1.26241E-01 5.76983E-04 7.53124E-06 2.36393E-07 6.97157E-03 
1.26928E-06 8.25683E-06 2.85494E-03 -5.51241E-04 9.28555E-06 2.53223E-02 1.17486E-01 5.36357E-04 8.25683E-06 1.26928E-06 6.11963E-03 
2.64037E-06 8.86819E-06 2.69802E-03 -5.09237E-04 8.53080E-06 2.32692E-02 1.09130E-01 4.97714E-04 8.86819E-06 2.64037E-06 5.37244E-03 
3.82718E-06 9.35781E-06 2.54415E-03 -4.69134E-04 8.03696E-06 2.13347E-02 1.01157E-01 4.60947E-04 9.35781E-06 3.82718E-06 4.71758E-03 
4.82518E-06 9.71802E-06 2.39382E-03 -4.31012E-04 7.74563E-06 1.95180E-02 9.35730E-02 4.26058E-04 9.71802E-06 4.82518E-06 4.14324E-03 
5.63538E-06 9.94652E-06 2.24745E-03 -3.94927E-04 7.60544E-06 1.78174E-02 8.63823E-02 3.93035E-04 9.94652E-06 5.63538E-06 3.63892E-03 
6.26334E-06 1.00455E-05 2.10545E-03 -3.60908E-04 7.57201E-06 1.62305E-02 7.95848E-02 3.61860E-04 1.00455E-05 6.26334E-06 3.19547E-03 
6.71852E-06 1.00213E-05 1.96816E-03 -3.28966E-04 7.60792E-06 1.47542E-02 7.31782E-02 3.32506E-04 1.00213E-05 6.71852E-06 2.80498E-03 
7.01371E-06 9.88329E-06 1.83586E-03 -2.99088E-04 7.68268E-06 1.33851E-02 6.71574E-02 3.04938E-04 9.88329E-06 7.01371E-06 2.46072E-03 
7.16461E-06 9.64423E-06 1.70882E-03 -2.71244E-04 7.77267E-06 1.21189E-02 6.15152E-02 2.79114E-04 9.64423E-06 7.16461E-06 2.15702E-03 
7.18953E-06 9.31949E-06 1.58722E-03 -2.45387E-04 7.86100E-06 1.09513E-02 5.62422E-02 2.54988E-04 9.31949E-06 7.18953E-06 1.88917E-03 
7.10902E-06 8.92695E-06 1.47121E-03 -2.21453E-04 7.93728E-06 9.87743E-03 5.13276E-02 2.32511E-04 8.92695E-06 7.10902E-06 1.65327E-03 
6.94561E-06 8.48661E-06 1.36089E-03 -1.99369E-04 7.99723E-06 8.89250E-03 4.67589E-02 2.11628E-04 8.48661E-06 6.94561E-06 1.44612E-03 
6.72334E-06 8.02023E-06 1.25632E-03 -1.79048E-04 8.04212E-06 7.99144E-03 4.25225E-02 1.92285E-04 8.02023E-06 6.72334E-06 1.26502E-03 
1.48587E-07 2.29918E-08 4.75200E-03 -1.07897E-03 -3.39069E-05 4.70927E-02 2.11245E-01 9.52981E-04 2.29918E-08 1.48587E-07 1.82394E-02 
1.48587E-07 2.29918E-08 4.56968E-03 -1.02053E-03 -3.56327E-05 4.41860E-02 2.00011E-01 8.98504E-04 2.29918E-08 1.48587E-07 1.61577E-02 
1.48587E-07 -1.49911E-07 4.39050E-03 -9.63749E-04 -3.63077E-05 4.14283E-02 1.89236E-01 8.47052E-04 -1.49911E-07 1.48587E-07 1.43204E-02 
1.48587E-07 -2.46914E-07 4.21437E-03 -9.08704E-04 -3.61339E-05 3.88116E-02 1.78901E-01 7.98361E-04 -2.46914E-07 1.48587E-07 1.26977E-02 
1.48587E-07 -6.86864E-08 4.03910E-03 -8.54856E-04 -3.53429E-05 3.62972E-02 1.68862E-01 7.51557E-04 -6.86864E-08 1.48587E-07 1.12545E-02 
1.48587E-07 3.05313E-07 3.86510E-03 -8.02407E-04 -3.40532E-05 3.38876E-02 1.59136E-01 7.06622E-04 3.05313E-07 1.48587E-07 9.97460E-03 
1.48587E-07 8.09548E-07 3.69280E-03 -7.51522E-04 -3.23696E-05 3.15844E-02 1.49737E-01 6.63536E-04 8.09548E-07 1.48587E-07 8.84185E-03 
1.48587E-07 1.25504E-06 3.56091E-03 -7.13314E-04 -3.08558E-05 2.98760E-02 1.42695E-01 6.31456E-04 1.25504E-06 1.48587E-07 8.05671E-03 
1.48587E-07 1.39103E-06 3.52261E-03 -7.02343E-04 -3.03846E-05 2.93886E-02 1.40675E-01 6.22282E-04 1.39103E-06 1.48587E-07 7.84108E-03 
1.48587E-07 2.05657E-06 3.34192E-03 -6.51358E-04 -2.79988E-05 2.71416E-02 1.31293E-01 5.79829E-04 2.05657E-06 1.48587E-07 6.89336E-03 
1.48587E-07 2.72297E-06 3.16463E-03 -6.02600E-04 -2.54428E-05 2.50192E-02 1.22322E-01 5.39458E-04 2.72297E-06 1.48587E-07 6.06565E-03 
1.48587E-07 3.36043E-06 2.99118E-03 -5.56149E-04 -2.27905E-05 2.30200E-02 1.13766E-01 5.01137E-04 3.36043E-06 1.48587E-07 5.34266E-03 
1.48587E-07 3.94750E-06 2.82201E-03 -5.12060E-04 -2.01047E-05 2.11420E-02 1.05627E-01 4.64835E-04 3.94750E-06 1.48587E-07 4.71063E-03 
8.02119E-07 4.47142E-06 2.65919E-03 -4.70786E-04 -1.74560E-05 1.94011E-02 9.79860E-02 4.30879E-04 4.47142E-06 8.02119E-07 4.15441E-03 
1.67949E-06 4.93239E-06 2.50058E-03 -4.31682E-04 -1.48493E-05 1.77661E-02 9.07188E-02 3.98687E-04 4.93239E-06 1.67949E-06 3.66381E-03 
2.44639E-06 5.31646E-06 2.34616E-03 -3.94688E-04 -1.23237E-05 1.62314E-02 8.38097E-02 3.68157E-04 5.31646E-06 2.44639E-06 3.23084E-03 
3.09457E-06 5.61347E-06 2.19636E-03 -3.59842E-04 -9.91713E-06 1.47956E-02 7.72622E-02 3.39279E-04 5.61347E-06 3.09457E-06 2.84813E-03 
3.62024E-06 5.81770E-06 2.05154E-03 -3.27157E-04 -7.65983E-06 1.34569E-02 7.10772E-02 3.12033E-04 5.81770E-06 3.62024E-06 2.50919E-03 
4.02351E-06 5.92744E-06 1.91201E-03 -2.96625E-04 -5.57468E-06 1.22125E-02 6.52526E-02 2.86393E-04 5.92744E-06 4.02351E-06 2.20847E-03 
4.30807E-06 5.94462E-06 1.77805E-03 -2.68219E-04 -3.67743E-06 1.10597E-02 5.97841E-02 2.62327E-04 5.94462E-06 4.30807E-06 1.94125E-03 
4.48085E-06 5.87460E-06 1.64987E-03 -2.41892E-04 -1.97690E-06 9.99475E-03 5.46651E-02 2.39796E-04 5.87460E-06 4.48085E-06 1.70359E-03 
4.55187E-06 5.72596E-06 1.52761E-03 -2.17583E-04 -4.75309E-07 9.01399E-03 4.98871E-02 2.18757E-04 5.72596E-06 4.55187E-06 1.49226E-03 
4.53405E-06 5.51034E-06 1.41139E-03 -1.95218E-04 8.31434E-07 8.11331E-03 4.54397E-02 1.99163E-04 5.51034E-06 4.53405E-06 1.30463E-03 
4.44296E-06 5.24221E-06 1.30126E-03 -1.74708E-04 1.95321E-06 7.28850E-03 4.13114E-02 1.80967E-04 5.24221E-06 4.44296E-06 1.13859E-03 
4.29656E-06 4.93860E-06 1.19725E-03 -1.55956E-04 2.90518E-06 6.53519E-03 3.74894E-02 1.64119E-04 4.93860E-06 4.29656E-06 9.92433E-04 
4.11478E-06 4.61865E-06 1.09931E-03 -1.38860E-04 3.70701E-06 5.84900E-03 3.39602E-02 1.48568E-04 4.61865E-06 4.11478E-06 8.64770E-04 
9.45154E-08 -3.71242E-07 4.59948E-03 -9.40649E-04 -7.93490E-05 3.66347E-02 1.79750E-01 7.81997E-04 -3.71242E-07 9.45154E-08 1.15017E-02 
9.45154E-08 -3.71242E-07 4.40421E-03 -8.83956E-04 -7.52839E-05 3.42784E-02 1.69749E-01 7.35916E-04 -3.71242E-07 9.45154E-08 1.02100E-02 
9.45154E-08 -1.74732E-07 4.21345E-03 -8.29500E-04 -7.08593E-05 3.20496E-02 1.60185E-01 6.92391E-04 -1.74732E-07 9.45154E-08 9.07459E-03 
9.45154E-08 -3.92303E-07 4.02706E-03 -7.77270E-04 -6.61929E-05 2.99412E-02 1.51037E-01 6.51216E-04 -3.92303E-07 9.45154E-08 8.07529E-03 
9.45154E-08 -4.00125E-07 3.84273E-03 -7.26654E-04 -6.13612E-05 2.79212E-02 1.42177E-01 6.11683E-04 -4.00125E-07 9.45154E-08 7.18729E-03 
9.45154E-08 -2.53579E-07 3.66091E-03 -6.77794E-04 -5.64483E-05 2.59915E-02 1.33619E-01 5.73786E-04 -2.53579E-07 9.45154E-08 6.39969E-03 
9.45154E-08 1.59037E-09 3.48202E-03 -6.30802E-04 -5.15266E-05 2.41527E-02 1.25373E-01 5.37515E-04 1.59037E-09 9.45154E-08 5.70200E-03 
9.45154E-08 2.49718E-07 3.34587E-03 -5.95779E-04 -4.77517E-05 2.27927E-02 1.19213E-01 5.10557E-04 2.49718E-07 9.45154E-08 5.21760E-03 
9.45154E-08 3.28228E-07 3.30646E-03 -5.85765E-04 -4.66576E-05 2.24053E-02 1.17449E-01 5.02856E-04 3.28228E-07 9.45154E-08 5.08439E-03 
9.45154E-08 7.26493E-07 3.12135E-03 -5.39470E-04 -4.15259E-05 2.06233E-02 1.09270E-01 4.67275E-04 7.26493E-07 9.45154E-08 4.49768E-03 
9.45154E-08 1.14428E-06 2.94100E-03 -4.95578E-04 -3.65686E-05 1.89460E-02 1.01477E-01 4.33529E-04 1.14428E-06 9.45154E-08 3.98295E-03 
9.45154E-08 1.55929E-06 2.76581E-03 -4.54117E-04 -3.18283E-05 1.73719E-02 9.40702E-02 4.01588E-04 1.55929E-06 9.45154E-08 3.53073E-03 
9.45154E-08 1.95454E-06 2.59615E-03 -4.15091E-04 -2.73383E-05 1.58988E-02 8.70502E-02 3.71420E-04 1.95454E-06 9.45154E-08 3.13258E-03 
5.13225E-07 2.33931E-06 2.43404E-03 -3.78843E-04 -2.31412E-05 1.45384E-02 8.04834E-02 3.43310E-04 2.33931E-06 5.13225E-07 2.77952E-03 
1.08187E-06 2.69058E-06 2.27721E-03 -3.44781E-04 -1.92093E-05 1.32656E-02 7.42609E-02 3.16745E-04 2.69058E-06 1.08187E-06 2.46512E-03 
1.58304E-06 2.98999E-06 2.12559E-03 -3.12825E-04 -1.55622E-05 1.20754E-02 6.83668E-02 2.91627E-04 2.98999E-06 1.58304E-06 2.18465E-03 
2.00705E-06 3.22672E-06 1.97952E-03 -2.82978E-04 -1.22190E-05 1.09663E-02 6.28025E-02 2.67939E-04 3.22672E-06 2.00705E-06 1.93384E-03 
2.34778E-06 3.39369E-06 1.83927E-03 -2.55220E-04 -9.19154E-06 9.93630E-03 5.75664E-02 2.45658E-04 3.39369E-06 2.34778E-06 1.70903E-03 
2.60245E-06 3.48725E-06 1.70509E-03 -2.29515E-04 -6.48500E-06 8.98284E-03 5.26548E-02 2.24754E-04 3.48725E-06 2.60245E-06 1.50713E-03 
2.77153E-06 3.50716E-06 1.57715E-03 -2.05809E-04 -4.09790E-06 8.10306E-03 4.80619E-02 2.05190E-04 3.50716E-06 2.77153E-06 1.32559E-03 
2.85865E-06 3.45655E-06 1.45555E-03 -1.84035E-04 -2.02252E-06 7.29379E-03 4.37799E-02 1.86929E-04 3.45655E-06 2.85865E-06 1.16236E-03 
2.87058E-06 3.34181E-06 1.34037E-03 -1.64112E-04 -2.45386E-07 6.55162E-03 3.97994E-02 1.69927E-04 3.34181E-06 2.87058E-06 1.01584E-03 
2.81716E-06 3.17260E-06 1.23161E-03 -1.45949E-04 1.25243E-06 5.87296E-03 3.61098E-02 1.54142E-04 3.17260E-06 2.81716E-06 8.84778E-04 
2.71114E-06 2.96163E-06 1.12926E-03 -1.29447E-04 2.49467E-06 5.25415E-03 3.26994E-02 1.39528E-04 2.96163E-06 2.71114E-06 7.68253E-04 
2.56791E-06 2.72441E-06 1.03323E-03 -1.14499E-04 3.50927E-06 4.69146E-03 2.95554E-02 1.26041E-04 2.72441E-06 2.56791E-06 6.65562E-04 
2.40511E-06 2.47878E-06 9.43427E-04 -1.00995E-04 4.32756E-06 4.18116E-03 2.66647E-02 1.13637E-04 2.47878E-06 2.40511E-06 5.76157E-04 
6.26223E-08 -4.65958E-07 4.36905E-03 -7.73779E-04 -8.56102E-05 2.79088E-02 1.50835E-01 6.36772E-04 -4.65958E-07 6.26223E-08 6.95825E-03 
6.26223E-08 -4.65958E-07 4.16553E-03 -7.22620E-04 -7.88806E-05 2.60399E-02 1.42061E-01 5.98131E-04 -4.65958E-07 6.26223E-08 6.20879E-03 
6.26223E-08 -1.56639E-07 3.96786E-03 -6.73932E-04 -7.22448E-05 2.42774E-02 1.33694E-01 5.61637E-04 -1.56639E-07 6.26223E-08 5.55141E-03 
6.26223E-08 -3.86817E-07 3.77587E-03 -6.27642E-04 -6.57581E-05 2.26152E-02 1.25715E-01 5.27131E-04 -3.86817E-07 6.26223E-08 4.97377E-03 
6.26223E-08 -4.65897E-07 3.58714E-03 -5.83140E-04 -5.94046E-05 2.10277E-02 1.18011E-01 4.94041E-04 -4.65897E-07 6.26223E-08 4.45922E-03 
6.26223E-08 -4.30527E-07 3.40210E-03 -5.40516E-04 -5.32381E-05 1.95158E-02 1.10592E-01 4.62368E-04 -4.30527E-07 6.26223E-08 4.00123E-03 
6.26223E-08 -3.10987E-07 3.22117E-03 -4.99833E-04 -4.73024E-05 1.80799E-02 1.03466E-01 4.32106E-04 -3.10987E-07 6.26223E-08 3.59359E-03 
6.26223E-08 -1.76587E-07 3.08423E-03 -4.69716E-04 -4.28904E-05 1.70209E-02 9.81567E-02 4.09654E-04 -1.76587E-07 6.26223E-08 3.30909E-03 
6.26223E-08 -1.31988E-07 3.04472E-03 -4.61136E-04 -4.16325E-05 1.67197E-02 9.66385E-02 4.03248E-04 -1.31988E-07 6.26223E-08 3.23058E-03 
6.26223E-08 1.04725E-07 2.85988E-03 -4.21664E-04 -3.58478E-05 1.53374E-02 8.96164E-02 3.73692E-04 1.04725E-07 6.26223E-08 2.88313E-03 
6.26223E-08 3.67243E-07 2.68101E-03 -3.84537E-04 -3.04288E-05 1.40411E-02 8.29485E-02 3.45733E-04 3.67243E-07 6.26223E-08 2.57549E-03 
6.26223E-08 6.39473E-07 2.50845E-03 -3.49743E-04 -2.53921E-05 1.28290E-02 7.66344E-02 3.19346E-04 6.39473E-07 6.26223E-08 2.30230E-03 
6.26223E-08 9.08309E-07 2.34247E-03 -3.17250E-04 -2.07481E-05 1.16990E-02 7.06718E-02 2.94496E-04 9.08309E-07 6.26223E-08 2.05887E-03 
3.41929E-07 1.20279E-06 2.18498E-03 -2.87288E-04 -1.65026E-05 1.06595E-02 6.51151E-02 2.71434E-04 1.20279E-06 3.41929E-07 1.84027E-03 
7.24943E-07 1.47942E-06 2.03364E-03 -2.59354E-04 -1.26256E-05 9.69067E-03 5.98693E-02 2.49706E-04 1.47942E-06 7.24943E-07 1.64277E-03 
1.06386E-06 1.71647E-06 1.88831E-03 -2.33363E-04 -9.12395E-06 8.78830E-03 5.49195E-02 2.29221E-04 1.71647E-06 1.06386E-06 1.46384E-03 
1.34866E-06 1.90337E-06 1.74924E-03 -2.09290E-04 -6.00196E-06 7.95077E-03 5.02648E-02 2.09958E-04 1.90337E-06 1.34866E-06 1.30125E-03 
1.57224E-06 2.03262E-06 1.61662E-03 -1.87095E-04 -3.25754E-06 7.17610E-03 4.59020E-02 1.91890E-04 2.03262E-06 1.57224E-06 1.15316E-03 
1.73042E-06 2.09982E-06 1.49058E-03 -1.66723E-04 -8.82781E-07 6.46195E-03 4.18261E-02 1.74986E-04 2.09982E-06 1.73042E-06 1.01807E-03 
1.82199E-06 2.10379E-06 1.37120E-03 -1.48106E-04 1.13576E-06 5.80576E-03 3.80302E-02 1.59209E-04 2.10379E-06 1.82199E-06 8.94802E-04 
1.84887E-06 2.04662E-06 1.25852E-03 -1.31167E-04 2.81675E-06 5.20470E-03 3.45060E-02 1.44523E-04 2.04662E-06 1.84887E-06 7.82509E-04 
1.81619E-06 1.93380E-06 1.15249E-03 -1.15816E-04 4.18366E-06 4.65585E-03 3.12438E-02 1.30887E-04 1.93380E-06 1.81619E-06 6.80601E-04 
1.73222E-06 1.77417E-06 1.05305E-03 -1.01959E-04 5.26436E-06 4.15615E-03 2.82329E-02 1.18262E-04 1.77417E-06 1.73222E-06 5.88720E-04 
1.60837E-06 1.57982E-06 9.60083E-04 -8.94951E-05 6.09052E-06 3.70251E-03 2.54618E-02 1.06608E-04 1.57982E-06 1.60837E-06 5.06687E-04 
1.45883E-06 1.36577E-06 8.73449E-04 -7.83179E-05 6.69704E-06 3.29185E-03 2.29184E-02 9.58877E-05 1.36577E-06 1.45883E-06 4.34440E-04 
1.30022E-06 1.14953E-06 7.92970E-04 -6.83207E-05 7.12115E-06 2.92111E-03 2.05902E-02 8.60630E-05 1.14953E-06 1.30022E-06 3.71972E-04 
4.45975E-08 -4.33022E-07 4.05759E-03 -5.97515E-04 -6.74374E-05 2.06923E-02 1.24305E-01 5.12542E-04 -4.33022E-07 4.45975E-08 3.97867E-03 
4.45975E-08 -4.33022E-07 3.85146E-03 -5.54358E-04 -6.03236E-05 1.92498E-02 1.16743E-01 4.80493E-04 -4.33022E-07 4.45975E-08 3.58591E-03 
4.45975E-08 -1.25349E-07 3.65241E-03 -5.13626E-04 -5.35593E-05 1.78937E-02 1.09555E-01 4.50239E-04 -1.25349E-07 4.45975E-08 3.24089E-03 
4.45975E-08 -3.25655E-07 3.46023E-03 -4.75211E-04 -4.71569E-05 1.66189E-02 1.02722E-01 4.21656E-04 -3.25655E-07 4.45975E-08 2.93705E-03 
4.45975E-08 -4.21428E-07 3.27241E-03 -4.38557E-04 -4.10548E-05 1.54052E-02 9.61440E-02 3.94283E-04 -4.21428E-07 4.45975E-08 2.66407E-03 
4.45975E-08 -4.35428E-07 3.08938E-03 -4.03712E-04 -3.52812E-05 1.42531E-02 8.98298E-02 3.68125E-04 -4.35428E-07 4.45975E-08 2.41865E-03 
4.45975E-08 -3.86478E-07 2.91148E-03 -3.70700E-04 -2.98565E-05 1.31625E-02 8.37846E-02 3.43181E-04 -3.86478E-07 4.45975E-08 2.19772E-03 
4.45975E-08 -3.15342E-07 2.77756E-03 -3.46422E-04 -2.59073E-05 1.23605E-02 7.92941E-02 3.24711E-04 -3.15342E-07 4.45975E-08 2.04177E-03 
4.45975E-08 -2.90081E-07 2.73904E-03 -3.39532E-04 -2.47943E-05 1.21329E-02 7.80121E-02 3.19447E-04 -2.90081E-07 4.45975E-08 1.99845E-03 
4.45975E-08 -1.47690E-07 2.55955E-03 -3.07982E-04 -1.97509E-05 1.10903E-02 7.20956E-02 2.95198E-04 -1.47690E-07 4.45975E-08 1.80494E-03 
4.45975E-08 2.14976E-08 2.38702E-03 -2.78544E-04 -1.51414E-05 1.01163E-02 6.64982E-02 2.72324E-04 2.14976E-08 4.45975E-08 1.63076E-03 
4.45975E-08 2.05949E-07 2.22169E-03 -2.51176E-04 -1.09633E-05 9.20908E-03 6.12179E-02 2.50798E-04 2.05949E-07 4.45975E-08 1.47332E-03 
4.45975E-08 3.95398E-07 2.06372E-03 -2.25826E-04 -7.21036E-06 8.36657E-03 5.62506E-02 2.30589E-04 3.95398E-07 4.45975E-08 1.33035E-03 
2.44432E-07 6.35822E-07 1.91487E-03 -2.02618E-04 -3.85005E-06 7.59468E-03 5.16396E-02 2.11916E-04 6.35822E-07 2.44432E-07 1.19941E-03 
5.19751E-07 8.65490E-07 1.77278E-03 -1.81162E-04 -8.70376E-07 6.87818E-03 4.73037E-02 1.94378E-04 8.65490E-07 5.19751E-07 1.07858E-03 
7.62423E-07 1.05988E-06 1.63723E-03 -1.61374E-04 1.72765E-06 6.21350E-03 4.32288E-02 1.77890E-04 1.05988E-06 7.62423E-07 9.66713E-04 
9.62527E-07 1.20886E-06 1.50838E-03 -1.43214E-04 3.95035E-06 5.59914E-03 3.94123E-02 1.62427E-04 1.20886E-06 9.62527E-07 8.62851E-04 
1.11259E-06 1.30499E-06 1.38633E-03 -1.26632E-04 5.80905E-06 5.03326E-03 3.58500E-02 1.47962E-04 1.30499E-06 1.11259E-06 7.66232E-04 
1.20777E-06 1.34370E-06 1.27112E-03 -1.11564E-04 7.31974E-06 4.51381E-03 3.25360E-02 1.34464E-04 1.34370E-06 1.20777E-06 6.76308E-04 
1.24614E-06 1.32352E-06 1.16272E-03 -9.79384E-05 8.50282E-06 4.03858E-03 2.94629E-02 1.21898E-04 1.32352E-06 1.24614E-06 5.92743E-04 
1.22887E-06 1.24636E-06 1.06108E-03 -8.56759E-05 9.38284E-06 3.60518E-03 2.66222E-02 1.10228E-04 1.24636E-06 1.22887E-06 5.15396E-04 
1.16040E-06 1.11756E-06 9.66092E-04 -7.46901E-05 9.98818E-06 3.21118E-03 2.40042E-02 9.94200E-05 1.11756E-06 1.16040E-06 4.44305E-04 
1.04851E-06 9.45991E-07 8.77601E-04 -6.48901E-05 1.03507E-05 2.85407E-03 2.15987E-02 8.94382E-05 9.45991E-07 1.04851E-06 3.79652E-04 
9.04201E-07 7.43915E-07 7.95429E-04 -5.61813E-05 1.05051E-05 2.53136E-03 1.93948E-02 8.02496E-05 7.43915E-07 9.04201E-07 3.21725E-04 
7.41445E-07 5.26642E-07 7.19368E-04 -4.84670E-05 1.04887E-05 2.24056E-03 1.73813E-02 7.18224E-05 5.26642E-07 7.41445E-07 2.70865E-04 
5.76675E-07 3.12032E-07 6.49188E-04 -4.16501E-05 1.03401E-05 1.97924E-03 1.55467E-02 6.41270E-05 3.12032E-07 5.76675E-07 2.27414E-04 
3.55592E-08 -3.59531E-07 3.67299E-03 -4.29269E-04 -3.63334E-05 1.49104E-02 1.00494E-01 4.07700E-04 -3.59531E-07 3.55592E-08 2.12927E-03 
3.55592E-08 -3.59531E-07 3.47065E-03 -3.95291E-04 -3.04027E-05 1.38286E-02 9.41012E-02 3.81395E-04 -3.59531E-07 3.55592E-08 1.95363E-03 
3.55592E-08 -9.53847E-08 3.27640E-03 -3.63483E-04 -2.49161E-05 1.28150E-02 8.80433E-02 3.56584E-04 -9.53847E-08 3.55592E-08 1.79772E-03 
3.55592E-08 -2.56149E-07 3.08993E-03 -3.33726E-04 -1.98589E-05 1.18652E-02 8.23033E-02 3.33174E-04 -2.56149E-07 3.55592E-08 1.65888E-03 
3.55592E-08 -3.45166E-07 2.90876E-03 -3.05552E-04 -1.51585E-05 1.09639E-02 7.67958E-02 3.10792E-04 -3.45166E-07 3.55592E-08 1.53130E-03 
3.55592E-08 -3.75635E-07 2.73322E-03 -2.78975E-04 -1.08235E-05 1.01113E-02 7.15266E-02 2.89446E-04 -3.75635E-07 3.55592E-08 1.41387E-03 
3.55592E-08 -3.58548E-07 2.56362E-03 -2.53993E-04 -6.85644E-06 9.30687E-03 6.64988E-02 2.69136E-04 -3.58548E-07 3.55592E-08 1.30557E-03 
3.55592E-08 -3.18624E-07 2.43662E-03 -2.35747E-04 -4.03828E-06 8.71723E-03 6.27756E-02 2.54129E-04 -3.18624E-07 3.55592E-08 1.22742E-03 
3.55592E-08 -3.03177E-07 2.40020E-03 -2.30589E-04 -3.25534E-06 8.55016E-03 6.17145E-02 2.49858E-04 -3.03177E-07 3.55592E-08 1.20543E-03 
3.55592E-08 -2.09818E-07 2.23117E-03 -2.07095E-04 2.24292E-07 7.78668E-03 5.68287E-02 2.30215E-04 -2.09818E-07 3.55592E-08 1.10561E-03 
3.55592E-08 -9.04359E-08 2.06976E-03 -1.85362E-04 3.29658E-06 7.07625E-03 5.22243E-02 2.11743E-04 -9.04359E-08 3.55592E-08 1.01324E-03 
3.55592E-08 4.62959E-08 1.91609E-03 -1.65335E-04 5.97591E-06 6.41717E-03 4.78978E-02 1.94414E-04 4.62959E-08 3.55592E-08 9.27378E-04 
3.55592E-08 1.91767E-07 1.77024E-03 -1.46952E-04 8.27862E-06 5.80757E-03 4.38440E-02 1.78198E-04 1.91767E-07 3.55592E-08 8.47134E-04 
1.94959E-07 4.05688E-07 1.63374E-03 -1.30250E-04 1.02720E-05 5.25139E-03 4.00965E-02 1.63288E-04 4.05688E-07 1.94959E-07 7.71405E-04 
4.13801E-07 6.10363E-07 1.50429E-03 -1.14954E-04 1.19373E-05 4.73727E-03 3.65870E-02 1.49329E-04 6.10363E-07 4.13801E-07 6.99392E-04 
6.03956E-07 7.78741E-07 1.38162E-03 -1.00994E-04 1.32736E-05 4.26232E-03 3.33024E-02 1.36241E-04 7.78741E-07 6.03956E-07 6.30715E-04 
7.55627E-07 9.01096E-07 1.26577E-03 -8.83247E-05 1.42932E-05 3.82518E-03 3.02393E-02 1.23999E-04 9.01096E-07 7.55627E-07 5.65078E-04 
8.61212E-07 9.70167E-07 1.15677E-03 -7.68915E-05 1.50118E-05 3.42427E-03 2.73925E-02 1.12573E-04 9.70167E-07 8.61212E-07 5.02306E-04 
9.15651E-07 9.81509E-07 1.05455E-03 -6.66330E-05 1.54490E-05 3.05788E-03 2.47558E-02 1.01935E-04 9.81509E-07 9.15651E-07 4.42361E-04 
9.16782E-07 9.33842E-07 9.59019E-04 -5.74814E-05 1.56274E-05 2.72415E-03 2.23218E-02 9.20515E-05 9.33842E-07 9.16782E-07 3.85359E-04 
8.65653E-07 8.29348E-07 8.70041E-04 -4.93634E-05 1.55731E-05 2.42117E-03 2.00819E-02 8.28915E-05 8.29348E-07 8.65653E-07 3.31561E-04 
7.66733E-07 6.73855E-07 7.87439E-04 -4.22017E-05 1.53150E-05 2.14698E-03 1.80273E-02 7.44241E-05 6.73855E-07 7.66733E-07 2.81362E-04 
6.27981E-07 4.76871E-07 7.11003E-04 -3.59159E-05 1.48851E-05 1.89961E-03 1.61482E-02 6.66200E-05 4.76871E-07 6.27981E-07 2.35264E-04 
4.60739E-07 2.51438E-07 6.40503E-04 -3.04235E-05 1.43176E-05 1.67710E-03 1.44348E-02 5.94526E-05 2.51438E-07 4.60739E-07 1.93841E-04 
2.79401E-07 1.37578E-08 5.75687E-04 -2.56412E-05 1.36482E-05 1.47754E-03 1.28768E-02 5.28972E-05 1.37578E-08 2.79401E-07 1.57687E-04 
1.00884E-07 -2.17394E-07 5.16291E-04 -2.14863E-05 1.29142E-05 1.29909E-03 1.14642E-02 4.69321E-05 -2.17394E-07 1.00884E-07 1.27366E-04 
3.22215E-08 -2.83599E-07 3.22825E-03 -2.80344E-04 -1.17393E-06 1.04010E-02 7.94704E-02 3.19794E-04 -2.83599E-07 3.22215E-08 1.04151E-03 
3.22215E-08 -2.83599E-07 3.03632E-03 -2.55666E-04 2.65283E-06 9.61574E-03 7.41813E-02 2.98457E-04 -2.83599E-07 3.22215E-08 9.86225E-04 
3.22215E-08 -7.19029E-08 2.85311E-03 -2.32772E-04 6.06209E-06 8.88244E-03 6.91867E-02 2.78362E-04 -7.19029E-08 3.22215E-08 9.34845E-04 
3.22215E-08 -1.96989E-07 2.67826E-03 -2.11546E-04 9.08165E-06 8.19768E-03 6.44703E-02 2.59435E-04 -1.96989E-07 3.22215E-08 8.87097E-04 
3.22215E-08 -2.70741E-07 2.50933E-03 -1.91624E-04 1.17724E-05 7.55011E-03 5.99604E-02 2.41379E-04 -2.70741E-07 3.22215E-08 8.40157E-04 
3.22215E-08 -3.00293E-07 2.34661E-03 -1.73000E-04 1.41398E-05 6.93959E-03 5.56606E-02 2.24200E-04 -3.00293E-07 3.22215E-08 7.94202E-04 
3.22215E-08 -2.91755E-07 2.19032E-03 -1.55651E-04 1.61930E-05 6.36568E-03 5.15724E-02 2.07897E-04 -2.91755E-07 3.22215E-08 7.49372E-04 
3.22215E-08 -2.62502E-07 2.07390E-03 -1.43084E-04 1.75735E-05 5.94635E-03 4.85547E-02 1.95882E-04 -2.62502E-07 3.22215E-08 7.15515E-04 
3.22215E-08 -2.50613E-07 2.04062E-03 -1.39548E-04 1.79439E-05 5.82776E-03 4.76963E-02 1.92466E-04 -2.50613E-07 3.22215E-08 7.05756E-04 
3.22215E-08 -1.75775E-07 1.88673E-03 -1.23541E-04 1.95091E-05 5.28711E-03 4.37531E-02 1.76794E-04 -1.75775E-07 3.22215E-08 6.60106E-04 
3.22215E-08 -7.59312E-08 1.74073E-03 -1.08888E-04 2.07582E-05 4.78607E-03 4.00522E-02 1.62104E-04 -7.59312E-08 3.22215E-08 6.15820E-04 
3.22215E-08 4.16091E-08 1.60265E-03 -9.55303E-05 2.17111E-05 4.32317E-03 3.65890E-02 1.48373E-04 4.16091E-08 3.22215E-08 5.72747E-04 
3.22215E-08 1.68798E-07 1.47245E-03 -8.34060E-05 2.23877E-05 3.89681E-03 3.33578E-02 1.35569E-04 1.68798E-07 3.22215E-08 5.30672E-04 
1.76058E-07 3.76034E-07 1.35142E-03 -7.24836E-05 2.28837E-05 3.50952E-03 3.03835E-02 1.23863E-04 3.76034E-07 1.76058E-07 4.89039E-04 
3.71259E-07 5.71736E-07 1.23741E-03 -6.26025E-05 2.31435E-05 3.15304E-03 2.76102E-02 1.12939E-04 5.71736E-07 3.71259E-07 4.47656E-04 
5.37012E-07 7.26492E-07 1.13006E-03 -5.37105E-05 2.31617E-05 2.82514E-03 2.50260E-02 1.02722E-04 7.26492E-07 5.37012E-07 4.06490E-04 
6.63512E-07 8.30797E-07 1.02935E-03 -4.57641E-05 2.29519E-05 2.52466E-03 2.26268E-02 9.31869E-05 8.30797E-07 6.63512E-07 3.65527E-04 
7.43083E-07 8.77593E-07 9.35220E-04 -3.87139E-05 2.25305E-05 2.25032E-03 2.04072E-02 8.43050E-05 8.77593E-07 7.43083E-07 3.24846E-04 
7.70641E-07 8.62735E-07 8.47530E-04 -3.25057E-05 2.19163E-05 2.00072E-03 1.83609E-02 7.60481E-05 8.62735E-07 7.70641E-07 2.84646E-04 
7.44136E-07 7.85411E-07 7.66125E-04 -2.70816E-05 2.11306E-05 1.77440E-03 1.64807E-02 6.83876E-05 7.85411E-07 7.44136E-07 2.45260E-04 
6.64915E-07 6.48494E-07 6.90807E-04 -2.23797E-05 2.01976E-05 1.56988E-03 1.47589E-02 6.12961E-05 6.48494E-07 6.64915E-07 2.07158E-04 
5.37957E-07 4.58731E-07 6.21352E-04 -1.83360E-05 1.91438E-05 1.38566E-03 1.31871E-02 5.47480E-05 4.58731E-07 5.37957E-07 1.70936E-04 
3.71928E-07 2.26763E-07 5.57513E-04 -1.48840E-05 1.79983E-05 1.22023E-03 1.17566E-02 4.87202E-05 2.26763E-07 3.71928E-07 1.37285E-04 
1.79026E-07 -3.30808E-08 4.99029E-04 -1.19566E-05 1.67921E-05 1.07215E-03 1.04588E-02 4.31930E-05 -3.30808E-08 1.79026E-07 1.06961E-04 
-2.54038E-08 -3.03227E-07 4.45628E-04 -9.48589E-06 1.55578E-05 9.39980E-04 9.28465E-03 3.81492E-05 -3.03227E-07 -2.54038E-08 8.07235E-05 
-2.23488E-07 -5.63531E-07 3.97030E-04 -7.40505E-06 1.43287E-05 8.22370E-04 8.22550E-03 3.35747E-05 -5.63531E-07 -2.23488E-07 5.92867E-05 
3.25274E-08 -2.15936E-07 2.74233E-03 -1.57541E-04 3.15968E-05 6.99093E-03 6.12523E-02 2.46666E-04 -2.15936E-07 3.25274E-08 4.41312E-04 
3.25274E-08 -2.15936E-07 2.56702E-03 -1.41469E-04 3.29439E-05 6.44172E-03 5.69849E-02 2.29599E-04 -2.15936E-07 3.25274E-08 4.43640E-04 
3.25274E-08 -5.51591E-08 2.40065E-03 -1.26733E-04 3.39818E-05 5.93064E-03 5.29695E-02 2.13561E-04 -5.51591E-08 3.25274E-08 4.42501E-04 
3.25274E-08 -1.51407E-07 2.24277E-03 -1.13227E-04 3.47411E-05 5.45509E-03 4.91915E-02 1.98492E-04 -1.51407E-07 3.25274E-08 4.38881E-04 
3.25274E-08 -2.06906E-07 2.09112E-03 -1.00699E-04 3.52577E-05 5.00696E-03 4.55919E-02 1.84157E-04 -2.06906E-07 3.25274E-08 4.31714E-04 
3.25274E-08 -2.25375E-07 1.94589E-03 -8.91261E-05 3.55455E-05 4.58601E-03 4.21727E-02 1.70559E-04 -2.25375E-07 3.25274E-08 4.21801E-04 
3.25274E-08 -2.10294E-07 1.80721E-03 -7.84782E-05 3.56199E-05 4.19178E-03 3.89341E-02 1.57696E-04 -2.10294E-07 3.25274E-08 4.09808E-04 
3.25274E-08 -1.77869E-07 1.70446E-03 -7.08524E-05 3.55415E-05 3.90470E-03 3.65515E-02 1.48245E-04 -1.77869E-07 3.25274E-08 3.99433E-04 
3.25274E-08 -1.65257E-07 1.67517E-03 -6.87209E-05 3.54974E-05 3.82367E-03 3.58751E-02 1.45563E-04 -1.65257E-07 3.25274E-08 3.96250E-04 
3.25274E-08 -8.77891E-08 1.54027E-03 -5.91538E-05 3.51644E-05 3.45516E-03 3.27760E-02 1.33284E-04 -8.77891E-08 3.25274E-08 3.80293E-04 
3.25274E-08 1.38151E-08 1.41313E-03 -5.05259E-05 3.46430E-05 3.11510E-03 2.98797E-02 1.21821E-04 1.38151E-08 3.25274E-08 3.63201E-04 
3.25274E-08 1.32393E-07 1.29368E-03 -4.27836E-05 3.39530E-05 2.80228E-03 2.71814E-02 1.11148E-04 1.32393E-07 3.25274E-08 3.45071E-04 
3.25274E-08 2.59555E-07 1.18179E-03 -3.58729E-05 3.31127E-05 2.51541E-03 2.46750E-02 1.01234E-04 2.59555E-07 3.25274E-08 3.25871E-04 
1.76727E-07 4.73694E-07 1.07850E-03 -2.97139E-05 3.22380E-05 2.25603E-03 2.23785E-02 9.22316E-05 4.73694E-07 1.76727E-07 3.05106E-04 
3.69328E-07 6.71218E-07 9.81829E-04 -2.42486E-05 3.12353E-05 2.01833E-03 2.02469E-02 8.38585E-05 6.71218E-07 3.69328E-07 2.82861E-04 
5.28588E-07 8.20483E-07 8.91411E-04 -1.94463E-05 3.00916E-05 1.80067E-03 1.82699E-02 7.60434E-05 8.20483E-07 5.28588E-07 2.59183E-04 
6.44515E-07 9.12024E-07 8.07150E-04 -1.52708E-05 2.88186E-05 1.60211E-03 1.64430E-02 6.87611E-05 9.12024E-07 6.44515E-07 2.34117E-04 
7.09349E-07 9.38979E-07 7.28905E-04 -1.16827E-05 2.74295E-05 1.42164E-03 1.47611E-02 6.19853E-05 9.38979E-07 7.09349E-07 2.07804E-04 
7.18105E-07 8.97627E-07 6.56502E-04 -8.63945E-06 2.59396E-05 1.25821E-03 1.32181E-02 5.56897E-05 8.97627E-07 7.18105E-07 1.80520E-04 
6.69083E-07 7.87873E-07 5.89734E-04 -6.09593E-06 2.43664E-05 1.11070E-03 1.18075E-02 4.98495E-05 7.87873E-07 6.69083E-07 1.52688E-04 
5.64254E-07 6.13610E-07 5.28370E-04 -4.00478E-06 2.27297E-05 9.78030E-04 1.05221E-02 4.44419E-05 6.13610E-07 5.64254E-07 1.24884E-04 
4.09490E-07 3.82897E-07 4.72162E-04 -2.31666E-06 2.10519E-05 8.59085E-04 9.35483E-03 3.94472E-05 3.82897E-07 4.09490E-07 9.78205E-05 
2.14573E-07 1.07924E-07 4.20845E-04 -9.80702E-07 1.93575E-05 7.52788E-04 8.29804E-03 3.48488E-05 1.07924E-07 2.14573E-07 7.23137E-05 
-7.01641E-09 -1.95261E-07 3.74153E-04 5.48690E-08 1.76733E-05 6.58094E-04 7.34427E-03 3.06339E-05 -1.95261E-07 -7.01641E-09 4.92423E-05 
-2.38581E-07 -5.07302E-07 3.31812E-04 8.42134E-07 1.60275E-05 5.73995E-04 6.48605E-03 2.67929E-05 -5.07302E-07 -2.38581E-07 2.94884E-05 
-4.60916E-07 -8.06309E-07 2.93551E-04 1.43259E-06 1.44490E-05 4.99538E-04 5.71606E-03 2.33193E-05 -8.06309E-07 -4.60916E-07 1.38761E-05 
3.52034E-08 -1.54368E-07 2.23853E-03 -6.37071E-05 5.76854E-05 4.50141E-03 4.57986E-02 1.86384E-04 -1.54368E-07 3.52034E-08 1.34416E-04 
3.52034E-08 -1.54368E-07 2.08511E-03 -5.49891E-05 5.66150E-05 4.13341E-03 4.24552E-02 1.72968E-04 -1.54368E-07 3.52034E-08 1.57039E-04 
3.52034E-08 -4.33037E-08 1.94034E-03 -4.71492E-05 5.53890E-05 3.79221E-03 3.93213E-02 1.60398E-04 -4.33037E-08 3.52034E-08 1.74181E-04 
3.52034E-08 -1.15708E-07 1.80377E-03 -4.01062E-05 5.40337E-05 3.47592E-03 3.63841E-02 1.48628E-04 -1.15708E-07 3.52034E-08 1.87292E-04 
3.52034E-08 -1.50838E-07 1.67335E-03 -3.37048E-05 5.25547E-05 3.17898E-03 3.35964E-02 1.37470E-04 -1.50838E-07 3.52034E-08 1.96204E-04 
3.52034E-08 -1.50898E-07 1.54918E-03 -2.79176E-05 5.09689E-05 2.90111E-03 3.09588E-02 1.26926E-04 -1.50898E-07 3.52034E-08 2.01875E-04 
3.52034E-08 -1.18382E-07 1.43131E-03 -2.27129E-05 4.92935E-05 2.64188E-03 2.84705E-02 1.16992E-04 -1.18382E-07 3.52034E-08 2.05063E-04 
3.52034E-08 -7.28013E-08 1.34445E-03 -1.90645E-05 4.79463E-05 2.45378E-03 2.66467E-02 1.09719E-04 -7.28013E-08 3.52034E-08 2.06184E-04 
3.52034E-08 -5.63835E-08 1.31977E-03 -1.80576E-05 4.75452E-05 2.40080E-03 2.61300E-02 1.07660E-04 -5.63835E-08 3.52034E-08 2.06321E-04 
3.52034E-08 3.89106E-08 1.20654E-03 -1.36140E-05 4.55964E-05 2.16047E-03 2.37689E-02 9.82583E-05 3.89106E-08 3.52034E-08 2.05918E-04 
3.52034E-08 1.57466E-07 1.10053E-03 -9.72609E-06 4.35983E-05 1.93967E-03 2.15726E-02 8.95214E-05 1.57466E-07 3.52034E-08 2.03887E-04 
3.52034E-08 2.91339E-07 1.00159E-03 -6.35147E-06 4.15662E-05 1.73747E-03 1.95359E-02 8.14234E-05 2.91339E-07 3.52034E-08 2.00239E-04 
3.52034E-08 4.31097E-07 9.09541E-04 -3.44985E-06 3.95123E-05 1.55290E-03 1.76532E-02 7.39343E-05 4.31097E-07 3.52034E-08 1.94837E-04 
1.90100E-07 6.60867E-07 8.25163E-04 -9.10700E-07 3.75646E-05 1.38682E-03 1.59365E-02 6.71894E-05 6.60867E-07 1.90100E-07 1.86986E-04 
3.93610E-07 8.66687E-07 7.46730E-04 1.23721E-06 3.55944E-05 1.23533E-03 1.43509E-02 6.09360E-05 8.66687E-07 3.93610E-07 1.76843E-04 
5.57620E-07 1.01480E-06 6.73853E-04 3.00250E-06 3.35793E-05 1.09724E-03 1.28875E-02 5.51068E-05 1.01480E-06 5.57620E-07 1.64401E-04 
6.71798E-07 1.09567E-06 6.06390E-04 4.41041E-06 3.15261E-05 9.71848E-04 1.15421E-02 4.96770E-05 1.09567E-06 6.71798E-07 1.49639E-04 
7.28284E-07 1.10263E-06 5.44161E-04 5.48807E-06 2.94431E-05 8.58408E-04 1.03098E-02 4.46223E-05 1.10263E-06 7.28284E-07 1.32669E-04 
7.22303E-07 1.03252E-06 4.86961E-04 6.26446E-06 2.73400E-05 7.56148E-04 9.18526E-03 3.99193E-05 1.03252E-06 7.22303E-07 1.13767E-04 
6.52713E-07 8.86206E-07 4.34564E-04 6.77050E-06 2.52291E-05 6.64287E-04 8.16261E-03 3.55475E-05 8.86206E-07 6.52713E-07 9.33890E-05 
5.22390E-07 6.68915E-07 3.86727E-04 7.03903E-06 2.31249E-05 5.82046E-04 7.23584E-03 3.14891E-05 6.68915E-07 5.22390E-07 7.21706E-05 
3.38430E-07 3.90378E-07 3.43202E-04 7.10474E-06 2.10449E-05 5.08659E-04 6.39878E-03 2.77305E-05 3.90378E-07 3.38430E-07 5.09053E-05 
1.12089E-07 6.47240E-08 3.03732E-04 7.00396E-06 1.90087E-05 4.43385E-04 5.64519E-03 2.42619E-05 6.47240E-08 1.12089E-07 3.05059E-05 
-1.41513E-07 -2.89899E-07 2.68063E-04 6.77423E-06 1.70388E-05 3.85515E-04 4.96890E-03 2.10776E-05 -2.89899E-07 -1.41513E-07 1.19521E-05 
-4.03990E-07 -6.51990E-07 2.35943E-04 6.45377E-06 1.51589E-05 3.34374E-04 4.36383E-03 1.81754E-05 -6.51990E-07 -4.03990E-07 -3.77389E-06 
-6.54500E-07 -9.97589E-07 2.07125E-04 6.08066E-06 1.33940E-05 2.89330E-04 3.82411E-03 1.55563E-05 -9.97589E-07 -6.54500E-07 -1.57564E-05 
3.94687E-08 -9.22665E-08 1.74303E-03 1.43006E-06 7.46596E-05 2.75799E-03 3.30216E-02 1.37294E-04 -9.22665E-08 3.94687E-08 -8.97969E-06 
3.94687E-08 -9.22665E-08 1.61519E-03 4.37360E-06 7.15633E-05 2.52334E-03 3.04922E-02 1.26974E-04 -9.22665E-08 3.94687E-08 1.43042E-05 
3.94687E-08 -3.39932E-08 1.49529E-03 6.85594E-06 6.84785E-05 2.30663E-03 2.81311E-02 1.17345E-04 -3.39932E-08 3.94687E-08 3.30759E-05 
3.94687E-08 -8.41955E-08 1.38286E-03 8.93411E-06 6.54227E-05 2.10652E-03 2.59274E-02 1.08368E-04 -8.41955E-08 3.94687E-08 4.87679E-05 
3.94687E-08 -9.58391E-08 1.27612E-03 1.06796E-05 6.23717E-05 1.91939E-03 2.38445E-02 9.98989E-05 -9.58391E-08 3.94687E-08 6.15475E-05 
3.94687E-08 -7.09413E-08 1.17512E-03 1.21191E-05 5.93415E-05 1.74498E-03 2.18822E-02 9.19345E-05 -7.09413E-08 3.94687E-08 7.22492E-05 
3.94687E-08 -1.21589E-08 1.07984E-03 1.32802E-05 5.63469E-05 1.58294E-03 2.00389E-02 8.44687E-05 -1.21589E-08 3.94687E-08 8.14735E-05 
3.94687E-08 5.43417E-08 1.01000E-03 1.40047E-05 5.40627E-05 1.46580E-03 1.86932E-02 7.90282E-05 5.43417E-08 3.94687E-08 8.78379E-05 
3.94687E-08 7.69219E-08 9.90222E-04 1.41899E-05 5.34011E-05 1.43287E-03 1.83128E-02 7.74919E-05 7.69219E-08 3.94687E-08 8.95875E-05 
3.94687E-08 2.01433E-07 8.99849E-04 1.49190E-05 5.02920E-05 1.28393E-03 1.65797E-02 7.05011E-05 2.01433E-07 3.94687E-08 9.72611E-05 
3.94687E-08 3.47983E-07 8.15817E-04 1.54164E-05 4.72630E-05 1.14774E-03 1.49755E-02 6.40409E-05 3.47983E-07 3.94687E-08 1.03761E-04 
3.94687E-08 5.07158E-07 7.37934E-04 1.57095E-05 4.43211E-05 1.02361E-03 1.34955E-02 5.80850E-05 5.07158E-07 3.94687E-08 1.08839E-04 
3.94687E-08 6.67966E-07 6.65979E-04 1.58224E-05 4.14699E-05 9.10832E-04 1.21343E-02 5.26034E-05 6.67966E-07 3.94687E-08 1.12116E-04 
2.11920E-07 9.18442E-07 6.00510E-04 1.58808E-05 3.88417E-05 8.09895E-04 1.08997E-02 4.77186E-05 9.18442E-07 2.11920E-07 1.12570E-04 
4.35061E-07 1.13564E-06 5.40069E-04 1.57879E-05 3.62786E-05 7.18262E-04 9.76542E-03 4.32015E-05 1.13564E-06 4.35061E-07 1.10338E-04 
6.10721E-07 1.28386E-06 4.84289E-04 1.55316E-05 3.37482E-05 6.35119E-04 8.72413E-03 3.89888E-05 1.28386E-06 6.10721E-07 1.05289E-04 
7.28127E-07 1.35338E-06 4.32998E-04 1.51248E-05 3.12511E-05 5.59968E-04 7.77201E-03 3.50570E-05 1.35338E-06 7.28127E-07 9.72958E-05 
7.79336E-07 1.33782E-06 3.86002E-04 1.45819E-05 2.87894E-05 4.92289E-04 6.90477E-03 3.13838E-05 1.33782E-06 7.79336E-07 8.64041E-05 
7.59912E-07 1.23477E-06 3.43090E-04 1.39183E-05 2.63669E-05 4.31553E-04 6.11779E-03 2.79495E-05 1.23477E-06 7.59912E-07 7.28667E-05 
6.69480E-07 1.04630E-06 3.04039E-04 1.31518E-05 2.39902E-05 3.77235E-04 5.40623E-03 2.47380E-05 1.04630E-06 6.69480E-07 5.71567E-05 
5.12096E-07 7.79277E-07 2.68621E-04 1.23020E-05 2.16688E-05 3.28818E-04 4.76514E-03 2.17372E-05 7.79277E-07 5.12096E-07 3.99584E-05 
2.96390E-07 4.45471E-07 2.36606E-04 1.13910E-05 1.94155E-05 2.85802E-04 4.18952E-03 1.89395E-05 4.45471E-07 2.96390E-07 2.21388E-05 
3.54202E-08 6.13145E-08 2.07764E-04 1.04429E-05 1.72460E-05 2.47710E-04 3.67440E-03 1.63419E-05 6.13145E-08 3.54202E-08 4.70014E-06 
-2.53739E-07 -3.52584E-07 1.81875E-04 9.48373E-06 1.51789E-05 2.14090E-04 3.21493E-03 1.39460E-05 -3.52584E-07 -2.53739E-07 -1.12819E-05 
-5.50711E-07 -7.72247E-07 1.58723E-04 8.54080E-06 1.32350E-05 1.84519E-04 2.80638E-03 1.17570E-05 -7.72247E-07 -5.50711E-07 -2.47316E-05 
-8.32767E-07 -1.17137E-06 1.38104E-04 7.64184E-06 1.14363E-05 1.58605E-04 2.44422E-03 9.78323E-06 -1.17137E-06 -8.32767E-07 -3.46493E-05 
4.48713E-08 -2.23911E-08 1.28039E-03 4.06796E-05 8.17348E-05 1.59182E-03 2.27424E-02 9.78059E-05 -2.23911E-08 4.48713E-08 -7.03885E-05 
4.48713E-08 -2.23911E-08 1.17998E-03 3.95243E-05 7.72188E-05 1.45086E-03 2.09108E-02 9.00952E-05 -2.23911E-08 4.48713E-08 -5.48171E-05 
4.48713E-08 -2.51074E-08 1.08640E-03 3.82552E-05 7.28687E-05 1.32121E-03 1.92088E-02 8.29412E-05 -2.51074E-08 4.48713E-08 -4.14408E-05 
4.48713E-08 -5.13891E-08 9.99198E-04 3.69056E-05 6.86911E-05 1.20200E-03 1.76275E-02 7.63131E-05 -5.13891E-08 4.48713E-08 -2.90910E-05 
4.48713E-08 -3.48554E-08 9.16934E-04 3.54825E-05 6.46369E-05 1.09098E-03 1.61397E-02 7.00986E-05 -3.48554E-08 4.48713E-08 -1.75914E-05 
4.48713E-08 2.17583E-08 8.39585E-04 3.40072E-05 6.07181E-05 9.87955E-04 1.47444E-02 6.42929E-05 2.17583E-08 4.48713E-08 -6.36706E-06 
4.48713E-08 1.14821E-07 7.67089E-04 3.24997E-05 5.69442E-05 8.92655E-04 1.34401E-02 5.88874E-05 1.14821E-07 4.48713E-08 4.90603E-06 
4.48713E-08 2.08849E-07 7.14268E-04 3.13226E-05 5.41281E-05 8.24033E-04 1.24920E-02 5.49723E-05 2.08849E-07 4.48713E-08 1.37222E-05 
4.48713E-08 2.39542E-07 6.99355E-04 3.09778E-05 5.33223E-05 8.04787E-04 1.22246E-02 5.38705E-05 2.39542E-07 4.48713E-08 1.63098E-05 
4.48713E-08 4.02404E-07 6.31520E-04 2.93386E-05 4.95919E-05 7.17993E-04 1.10105E-02 4.88789E-05 4.02404E-07 4.48713E-08 2.85933E-05 
4.48713E-08 5.85356E-07 5.68901E-04 2.77161E-05 4.60443E-05 6.39018E-04 9.89274E-03 4.42985E-05 5.85356E-07 4.48713E-08 4.04683E-05 
4.48713E-08 7.77002E-07 5.11286E-04 2.61217E-05 4.26767E-05 5.67398E-04 8.86718E-03 4.01026E-05 7.77002E-07 4.48713E-08 5.13607E-05 
4.48713E-08 9.64408E-07 4.58446E-04 2.45627E-05 3.94829E-05 5.02658E-04 7.92932E-03 3.62617E-05 9.64408E-07 4.48713E-08 6.06017E-05 
2.39685E-07 1.23811E-06 4.10752E-04 2.31686E-05 3.65930E-05 4.45053E-04 7.08362E-03 3.28877E-05 1.23811E-06 2.39685E-07 6.68127E-05 
4.88245E-07 1.46728E-06 3.67033E-04 2.17932E-05 3.38273E-05 3.93010E-04 6.31106E-03 2.97711E-05 1.46728E-06 4.88245E-07 7.00636E-05 
6.79686E-07 1.61441E-06 3.26961E-04 2.04067E-05 3.11442E-05 3.46000E-04 5.60600E-03 2.68524E-05 1.61441E-06 6.79686E-07 7.00903E-05 
8.02747E-07 1.66964E-06 2.90361E-04 1.90102E-05 2.85379E-05 3.03693E-04 4.96515E-03 2.41094E-05 1.66964E-06 8.02747E-07 6.66507E-05 
8.49473E-07 1.62699E-06 2.57047E-04 1.76060E-05 2.60042E-05 2.65748E-04 4.38496E-03 2.15228E-05 1.62699E-06 8.49473E-07 5.97254E-05 
8.15925E-07 1.48499E-06 2.26822E-04 1.61982E-05 2.35414E-05 2.31830E-04 3.86171E-03 1.90767E-05 1.48499E-06 8.15925E-07 4.95484E-05 
7.02730E-07 1.24721E-06 1.99490E-04 1.47934E-05 2.11515E-05 2.01607E-04 3.39155E-03 1.67599E-05 1.24721E-06 7.02730E-07 3.66147E-05 
5.15411E-07 9.22528E-07 1.74854E-04 1.34010E-05 1.88400E-05 1.74762E-04 2.97065E-03 1.45658E-05 9.22528E-07 5.15411E-07 2.16646E-05 
2.64447E-07 5.25105E-07 1.52720E-04 1.20333E-05 1.66164E-05 1.50992E-04 2.59516E-03 1.24935E-05 5.25105E-07 2.64447E-07 5.64592E-06 
-3.49798E-08 7.40555E-08 1.32903E-04 1.07057E-05 1.44940E-05 1.30013E-04 2.26133E-03 1.05468E-05 7.40555E-08 -3.49798E-08 -1.03439E-05 
-3.63529E-07 -4.07198E-07 1.15228E-04 9.43620E-06 1.24893E-05 1.11563E-04 1.96554E-03 8.73440E-06 -4.07198E-07 -3.63529E-07 -2.51296E-05 
-6.98564E-07 -8.91886E-07 9.95268E-05 8.24460E-06 1.06216E-05 9.53986E-05 1.70430E-03 7.06874E-06 -8.91886E-07 -6.98564E-07 -3.75404E-05 
-1.01524E-06 -1.35109E-06 8.56450E-05 7.15194E-06 8.91173E-06 8.12987E-05 1.47431E-03 5.56505E-06 -1.35109E-06 -1.01524E-06 -4.64942E-05 
5.11013E-08 6.06462E-08 8.76644E-04 5.81457E-05 7.94480E-05 8.60215E-04 1.48231E-02 6.68709E-05 6.06462E-08 5.11013E-08 -9.65098E-05 
5.11013E-08 6.06462E-08 8.03153E-04 5.45222E-05 7.42361E-05 7.80962E-04 1.35649E-02 6.13161E-05 6.06462E-08 5.11013E-08 -9.05459E-05 
5.11013E-08 -1.51064E-08 7.35111E-04 5.10428E-05 6.93104E-05 7.08386E-04 1.24014E-02 5.62032E-05 -1.51064E-08 5.11013E-08 -8.41376E-05 
5.11013E-08 -1.32679E-08 6.72142E-04 4.77205E-05 6.46670E-05 6.41952E-04 1.13259E-02 5.15072E-05 -1.32679E-08 5.11013E-08 -7.64606E-05 
5.11013E-08 3.73472E-08 6.13139E-04 4.45182E-05 6.02395E-05 5.80365E-04 1.03191E-02 4.71437E-05 3.73472E-08 5.11013E-08 -6.74901E-05 
5.11013E-08 1.32648E-07 5.58042E-04 4.14494E-05 5.60339E-05 5.23476E-04 9.37980E-03 4.31052E-05 1.32648E-07 5.11013E-08 -5.69478E-05 
5.11013E-08 2.67447E-07 5.06763E-04 3.85248E-05 5.20525E-05 4.71103E-04 8.50632E-03 3.93808E-05 2.67447E-07 5.11013E-08 -4.48136E-05 
5.11013E-08 3.94771E-07 4.69638E-04 3.63659E-05 4.91257E-05 4.33553E-04 7.87437E-03 3.67062E-05 3.94771E-07 5.11013E-08 -3.44656E-05 
5.11013E-08 4.35228E-07 4.59193E-04 3.57521E-05 4.82950E-05 4.23047E-04 7.69666E-03 3.59572E-05 4.35228E-07 5.11013E-08 -3.13101E-05 
5.11013E-08 6.43878E-07 4.11907E-04 3.29375E-05 4.44901E-05 3.75821E-04 6.89249E-03 3.25838E-05 6.43878E-07 5.11013E-08 -1.57168E-05 
5.11013E-08 8.69625E-07 3.68596E-04 3.03053E-05 4.09324E-05 3.33077E-04 6.15663E-03 2.95171E-05 8.69625E-07 5.11013E-08 2.07085E-07 
5.11013E-08 1.09872E-06 3.29057E-04 2.78518E-05 3.76092E-05 2.94520E-04 5.48559E-03 2.67302E-05 1.09872E-06 5.11013E-08 1.55608E-05 
5.11013E-08 1.31601E-06 2.93075E-04 2.55691E-05 3.45045E-05 2.59848E-04 4.87574E-03 2.41939E-05 1.31601E-06 5.11013E-08 2.93859E-05 
2.71666E-07 1.61344E-06 2.60884E-04 2.35825E-05 3.17416E-05 2.29210E-04 4.32937E-03 2.20123E-05 1.61344E-06 2.71666E-07 3.99629E-05 
5.49389E-07 1.85324E-06 2.31591E-04 2.17141E-05 2.91275E-05 2.01659E-04 3.83342E-03 1.99913E-05 1.85324E-06 5.49389E-07 4.72871E-05 
7.58808E-07 1.99626E-06 2.04921E-04 1.99208E-05 2.66133E-05 1.76867E-04 3.38371E-03 1.80748E-05 1.99626E-06 7.58808E-07 5.09697E-05 
8.88196E-07 2.03260E-06 1.80717E-04 1.81935E-05 2.41873E-05 1.54628E-04 2.97763E-03 1.62426E-05 2.03260E-06 8.88196E-07 5.06689E-05 
9.29704E-07 1.95683E-06 1.58819E-04 1.65253E-05 2.18403E-05 1.34736E-04 2.61243E-03 1.44786E-05 1.95683E-06 9.29704E-07 4.63157E-05 
8.80084E-07 1.76869E-06 1.39064E-04 1.49114E-05 1.95668E-05 1.16992E-04 2.28529E-03 1.27709E-05 1.76869E-06 8.80084E-07 3.81409E-05 
7.41223E-07 1.47357E-06 1.21293E-04 1.33508E-05 1.73657E-05 1.01206E-04 1.99337E-03 1.11133E-05 1.47357E-06 7.41223E-07 2.66772E-05 
5.20407E-07 1.08272E-06 1.05355E-04 1.18461E-05 1.52405E-05 8.71986E-05 1.73384E-03 9.50532E-06 1.08272E-06 5.20407E-07 1.27357E-05 
2.30278E-07 6.13055E-07 9.11047E-05 1.04037E-05 1.31996E-05 7.48044E-05 1.50395E-03 7.95232E-06 6.13055E-07 2.30278E-07 -2.64262E-06 
-1.11551E-07 8.67409E-08 7.84076E-05 9.03394E-06 1.12558E-05 6.38723E-05 1.30102E-03 6.46509E-06 8.67409E-08 -1.11551E-07 -1.82547E-05 
-4.83189E-07 -4.69655E-07 6.71397E-05 7.75057E-06 9.42585E-06 5.42667E-05 1.12252E-03 5.05928E-06 -4.69655E-07 -4.83189E-07 -3.28180E-05 
-8.59495E-07 -1.02629E-06 5.71879E-05 6.56982E-06 7.72963E-06 4.58658E-05 9.66039E-04 3.75428E-06 -1.02629E-06 -8.59495E-07 -4.50626E-05 
-1.21331E-06 -1.55140E-06 4.84492E-05 5.50953E-06 6.18871E-06 3.85617E-05 8.29318E-04 2.57195E-06 -1.55140E-06 -1.21331E-06 -5.38228E-05 
5.80270E-08 1.61625E-07 5.47328E-04 5.92339E-05 6.95084E-05 4.29901E-04 8.97510E-03 4.31921E-05 1.61625E-07 5.80270E-08 -1.12134E-04 
5.80270E-08 1.61625E-07 4.98208E-04 5.45489E-05 6.43222E-05 3.88707E-04 8.16916E-03 3.93908E-05 1.61625E-07 5.80270E-08 -1.14654E-04 
5.80270E-08 -2.81819E-09 4.53070E-04 5.01731E-05 5.94961E-05 3.51168E-04 7.42812E-03 3.59341E-05 -2.81819E-09 5.80270E-08 -1.14274E-04 
5.80270E-08 3.34058E-08 4.11616E-04 4.61034E-05 5.50168E-05 3.16980E-04 6.74698E-03 3.28022E-05 3.34058E-08 5.80270E-08 -1.10499E-04 
5.80270E-08 1.25298E-07 3.73069E-04 4.22779E-05 5.08105E-05 2.85452E-04 6.11297E-03 2.99327E-05 1.25298E-07 5.80270E-08 -1.03514E-04 
5.80270E-08 2.66915E-07 3.37354E-04 3.87016E-05 4.68755E-05 2.56483E-04 5.52492E-03 2.73158E-05 2.66915E-07 5.80270E-08 -9.33209E-05 
5.80270E-08 4.51052E-07 3.04378E-04 3.53756E-05 4.32069E-05 2.29960E-04 4.98132E-03 2.49386E-05 4.51052E-07 5.80270E-08 -8.01831E-05 
5.80270E-08 6.17265E-07 2.80674E-04 3.29727E-05 4.05459E-05 2.11038E-04 4.59016E-03 2.32544E-05 6.17265E-07 5.80270E-08 -6.83114E-05 
5.80270E-08 6.69044E-07 2.74032E-04 3.22979E-05 3.97964E-05 2.05759E-04 4.48051E-03 2.27863E-05 6.69044E-07 5.80270E-08 -6.46084E-05 
5.80270E-08 9.30261E-07 2.44120E-04 2.92506E-05 3.63952E-05 1.82114E-04 3.98630E-03 2.06973E-05 9.30261E-07 5.80270E-08 -4.59060E-05 
5.80270E-08 1.20424E-06 2.16961E-04 2.64731E-05 3.32627E-05 1.60842E-04 3.53714E-03 1.88245E-05 1.20424E-06 5.80270E-08 -2.62877E-05 
5.80270E-08 1.47455E-06 1.92380E-04 2.39489E-05 3.03772E-05 1.41765E-04 3.13039E-03 1.71407E-05 1.47455E-06 5.80270E-08 -6.95919E-06 
5.80270E-08 1.72366E-06 1.70198E-04 2.16580E-05 2.77141E-05 1.24704E-04 2.76334E-03 1.56173E-05 1.72366E-06 5.80270E-08 1.08518E-05 
3.07086E-07 2.04411E-06 1.50559E-04 1.97170E-05 2.53879E-05 1.09764E-04 2.43691E-03 1.43525E-05 2.04411E-06 3.07086E-07 2.51132E-05 
6.16655E-07 2.29185E-06 1.32818E-04 1.79317E-05 2.32001E-05 9.63811E-05 2.14273E-03 1.31641E-05 2.29185E-06 6.16655E-07 3.57503E-05 
8.45120E-07 2.42632E-06 1.16761E-04 1.62498E-05 2.10968E-05 8.43574E-05 1.87791E-03 1.19991E-05 2.42632E-06 8.45120E-07 4.22657E-05 
9.80363E-07 2.43767E-06 1.02264E-04 1.46550E-05 1.90622E-05 7.35742E-05 1.64053E-03 1.08396E-05 2.43767E-06 9.80363E-07 4.42375E-05 
1.01480E-06 2.32129E-06 8.92031E-05 1.31340E-05 1.70842E-05 6.39168E-05 1.42865E-03 9.67262E-06 2.32129E-06 1.01480E-06 4.15660E-05 
9.46129E-07 2.07844E-06 7.74587E-05 1.16771E-05 1.51555E-05 5.52778E-05 1.24027E-03 8.49093E-06 2.07844E-06 9.46129E-07 3.44980E-05 
7.77779E-07 1.71670E-06 6.69195E-05 1.02790E-05 1.32743E-05 4.75589E-05 1.07346E-03 7.29350E-06 1.71670E-06 7.77779E-07 2.36226E-05 
5.19128E-07 1.25007E-06 5.74825E-05 8.93923E-06 1.14445E-05 4.06722E-05 9.26295E-04 6.08582E-06 1.25007E-06 5.19128E-07 9.83836E-06 
1.85317E-07 6.98644E-07 4.90551E-05 7.66223E-06 9.67577E-06 3.45407E-05 7.96958E-04 4.87973E-06 6.98644E-07 1.85317E-07 -5.70504E-06 
-2.03285E-07 8.80050E-08 4.15548E-05 6.45703E-06 7.98292E-06 2.90984E-05 6.83699E-04 3.69282E-06 8.80050E-08 -2.03285E-07 -2.16863E-05 
-6.21950E-07 -5.51785E-07 3.49099E-05 5.33666E-06 6.38527E-06 2.42903E-05 5.84879E-04 2.54757E-06 -5.51785E-07 -6.21950E-07 -3.67059E-05 
-1.04278E-06 -1.18752E-06 2.90583E-05 4.31716E-06 4.90533E-06 2.00704E-05 4.98964E-04 1.47000E-06 -1.18752E-06 -1.04278E-06 -4.93882E-05 
-1.43614E-06 -1.78437E-06 2.39463E-05 3.41640E-06 3.56750E-06 1.64013E-05 4.24539E-04 4.88247E-07 -1.78437E-06 -1.43614E-06 -5.84809E-05 
6.55679E-08 2.84107E-07 3.01797E-04 4.94768E-05 5.44096E-05 1.96977E-04 4.91687E-03 2.57694E-05 2.84107E-07 6.55679E-08 -1.28422E-04 
6.55679E-08 2.84107E-07 2.72714E-04 4.48351E-05 4.98767E-05 1.77338E-04 4.44729E-03 2.33522E-05 2.84107E-07 6.55679E-08 -1.37326E-04 
6.55679E-08 1.25770E-08 2.46229E-04 4.05798E-05 4.57256E-05 1.59553E-04 4.01834E-03 2.11998E-05 1.25770E-08 6.55679E-08 -1.41236E-04 
6.55679E-08 9.09602E-08 2.22131E-04 3.66976E-05 4.19368E-05 1.43464E-04 3.62667E-03 1.92963E-05 9.09602E-08 6.55679E-08 -1.39925E-04 
6.55679E-08 2.32343E-07 1.99932E-04 3.31182E-05 3.84377E-05 1.28729E-04 3.26451E-03 1.75966E-05 2.32343E-07 6.55679E-08 -1.33798E-04 
6.55679E-08 4.28499E-07 1.79560E-04 2.98384E-05 3.52198E-05 1.15287E-04 2.93089E-03 1.60886E-05 4.28499E-07 6.55679E-08 -1.23093E-04 
6.55679E-08 6.69797E-07 1.60932E-04 2.68511E-05 3.22707E-05 1.03070E-04 2.62464E-03 1.47577E-05 6.69797E-07 6.55679E-08 -1.08323E-04 
6.55679E-08 8.80438E-07 1.47659E-04 2.47339E-05 3.01639E-05 9.44119E-05 2.40565E-03 1.38391E-05 8.80438E-07 6.55679E-08 -9.45797E-05 
6.55679E-08 9.45048E-07 1.43958E-04 2.41459E-05 2.95755E-05 9.20057E-05 2.34449E-03 1.35875E-05 9.45048E-07 6.55679E-08 -9.02484E-05 
6.55679E-08 1.26519E-06 1.27396E-04 2.15290E-05 2.69330E-05 8.12792E-05 2.07010E-03 1.24845E-05 1.26519E-06 6.55679E-08 -6.81681E-05 
6.55679E-08 1.59214E-06 1.12514E-04 1.92018E-05 2.45389E-05 7.17037E-05 1.82272E-03 1.15209E-05 1.59214E-06 6.55679E-08 -4.47588E-05 
6.55679E-08 1.90657E-06 9.91788E-05 1.71388E-05 2.23644E-05 6.31767E-05 1.60051E-03 1.06695E-05 1.90657E-06 6.55679E-08 -2.15070E-05 
6.55679E-08 2.18834E-06 8.72553E-05 1.53112E-05 2.03788E-05 5.55959E-05 1.40164E-03 9.90168E-06 2.18834E-06 6.55679E-08 1.11396E-07 
3.45446E-07 2.53009E-06 7.68408E-05 1.38259E-05 1.86875E-05 4.90522E-05 1.22632E-03 9.31196E-06 2.53009E-06 3.45446E-07 1.77771E-05 
6.88823E-07 2.78197E-06 6.74909E-05 1.24841E-05 1.70930E-05 4.31957E-05 1.06963E-03 8.72649E-06 2.78197E-06 6.88823E-07 3.13517E-05 
9.36598E-07 2.90222E-06 5.90527E-05 1.12285E-05 1.55397E-05 3.79069E-05 9.29743E-04 8.09496E-06 2.90222E-06 9.36598E-07 4.02445E-05 
1.07639E-06 2.88127E-06 5.14382E-05 1.00389E-05 1.40098E-05 3.31208E-05 8.05409E-04 7.40203E-06 2.88127E-06 1.07639E-06 4.39709E-05 
1.10111E-06 2.71561E-06 4.45652E-05 8.89915E-06 1.24906E-05 2.87786E-05 6.95361E-04 6.63828E-06 2.71561E-06 1.10111E-06 4.24186E-05 
1.00966E-06 2.40839E-06 3.83591E-05 7.79791E-06 1.09756E-05 2.48293E-05 5.98355E-04 5.80094E-06 2.40839E-06 1.00966E-06 3.58684E-05 
8.07358E-07 1.96979E-06 3.27545E-05 6.72935E-06 9.46493E-06 2.12303E-05 5.13185E-04 4.89438E-06 1.96979E-06 8.07358E-07 2.49835E-05 
5.06027E-07 1.41697E-06 2.76961E-05 5.69349E-06 7.96548E-06 1.79485E-05 4.38695E-04 3.93009E-06 1.41697E-06 5.06027E-07 1.07675E-05 
1.23658E-07 7.73651E-07 2.31386E-05 4.69609E-06 6.49061E-06 1.49597E-05 3.73795E-04 2.92636E-06 7.73651E-07 1.23658E-07 -5.50559E-06 
-3.16291E-07 6.92219E-08 1.90468E-05 3.74814E-06 5.05950E-06 1.22484E-05 3.17463E-04 1.90742E-06 6.92219E-08 -3.16291E-07 -2.23824E-05 
-7.85959E-07 -6.62411E-07 1.53947E-05 2.86507E-06 3.69608E-06 9.80689E-06 2.68755E-04 9.02349E-07 -6.62411E-07 -7.85959E-07 -3.83358E-05 
-1.25447E-06 -1.38439E-06 1.21638E-05 2.06547E-06 2.42756E-06 7.63340E-06 2.26804E-04 -5.65023E-08 -1.38439E-06 -1.25447E-06 -5.18766E-05 
-1.68951E-06 -2.05862E-06 9.34162E-06 1.36976E-06 1.28281E-06 5.73087E-06 1.90820E-04 -9.35194E-07 -2.05862E-06 -1.68951E-06 -6.16616E-05 
7.36883E-08 4.31243E-07 1.39239E-04 3.42329E-05 3.71477E-05 8.22425E-05 2.33126E-03 1.36642E-05 4.31243E-07 7.36883E-08 -1.49527E-04 
7.36883E-08 4.31243E-07 1.24757E-04 3.03745E-05 3.37133E-05 7.36661E-05 2.09249E-03 1.22927E-05 4.31243E-07 7.36883E-08 -1.62835E-04 
7.36883E-08 3.17367E-08 1.11733E-04 2.69069E-05 3.06337E-05 6.59806E-05 1.87611E-03 1.11235E-05 3.17367E-08 7.36883E-08 -1.69385E-04 
7.36883E-08 1.61345E-07 1.00039E-04 2.38125E-05 2.78867E-05 5.91113E-05 1.68012E-03 1.01442E-05 1.61345E-07 7.36883E-08 -1.69160E-04 
7.36883E-08 3.61409E-07 8.94111E-05 2.10247E-05 2.54087E-05 5.28973E-05 1.50036E-03 9.32177E-06 3.61409E-07 7.36883E-08 -1.62765E-04 
7.36883E-08 6.20999E-07 7.97929E-05 1.85337E-05 2.31849E-05 4.73026E-05 1.33615E-03 8.64218E-06 6.20999E-07 7.36883E-08 -1.50641E-04 
7.36883E-08 9.27664E-07 7.11221E-05 1.63264E-05 2.11976E-05 4.22869E-05 1.18668E-03 8.08923E-06 9.27664E-07 7.36883E-08 -1.33515E-04 
7.36883E-08 1.18838E-06 6.50213E-05 1.48028E-05 1.98093E-05 3.87761E-05 1.08063E-03 7.73690E-06 1.18838E-06 7.36883E-08 -1.17450E-04 
7.36883E-08 1.26734E-06 6.33326E-05 1.43863E-05 1.94263E-05 3.78071E-05 1.05114E-03 7.64488E-06 1.26734E-06 7.36883E-08 -1.12375E-04 
7.36883E-08 1.65261E-06 5.58414E-05 1.25714E-05 1.77324E-05 3.35248E-05 9.19625E-04 7.26461E-06 1.65261E-06 7.36883E-08 -8.64599E-05 
7.36883E-08 2.03684E-06 4.92046E-05 1.10161E-05 1.62322E-05 2.97528E-05 8.02207E-04 6.96085E-06 2.03684E-06 7.36883E-08 -5.89432E-05 
7.36883E-08 2.39760E-06 4.33316E-05 9.68918E-06 1.48925E-05 2.64304E-05 6.97784E-04 6.70559E-06 2.39760E-06 7.36883E-08 -3.15774E-05 
7.36883E-08 2.71206E-06 3.81328E-05 8.55702E-06 1.36797E-05 2.34967E-05 6.05269E-04 6.47048E-06 2.71206E-06 7.36883E-08 -6.07510E-06 
3.86494E-07 3.07252E-06 3.36885E-05 7.71831E-06 1.26912E-05 2.10417E-05 5.24608E-04 6.34765E-06 3.07252E-06 3.86494E-07 1.49704E-05 
7.65183E-07 3.32375E-06 2.96981E-05 6.97687E-06 1.17358E-05 1.88216E-05 4.53241E-04 6.16835E-06 3.32375E-06 7.65183E-07 3.13620E-05 
1.03196E-06 3.42301E-06 2.60590E-05 6.27452E-06 1.07583E-05 1.67584E-05 3.90150E-04 5.88461E-06 3.42301E-06 1.03196E-06 4.24262E-05 
1.17437E-06 3.36130E-06 2.27183E-05 5.59020E-06 9.74164E-06 1.48171E-05 3.34614E-04 5.48369E-06 3.36130E-06 1.17437E-06 4.76282E-05 
1.18607E-06 3.13656E-06 1.96308E-05 4.90799E-06 8.67511E-06 1.29701E-05 2.85930E-04 4.95984E-06 3.13656E-06 1.18607E-06 4.68578E-05 
1.06750E-06 2.75425E-06 1.67604E-05 4.21804E-06 7.55547E-06 1.11977E-05 2.43420E-04 4.31487E-06 2.75425E-06 1.06750E-06 4.04462E-05 
8.26255E-07 2.22759E-06 1.40808E-05 3.51704E-06 6.38719E-06 9.48859E-06 2.06443E-04 3.55852E-06 2.22759E-06 8.26255E-07 2.91480E-05 
4.76961E-07 1.57739E-06 1.15755E-05 2.80838E-06 5.18237E-06 7.84004E-06 1.74400E-04 2.70826E-06 1.57739E-06 4.76961E-07 1.40888E-05 
4.08469E-08 8.31416E-07 9.23750E-06 2.10183E-06 3.96027E-06 6.25746E-06 1.46738E-04 1.78871E-06 8.31416E-07 4.08469E-08 -3.31649E-06 
-4.55198E-07 2.32981E-08 7.06864E-06 1.41280E-06 2.74630E-06 4.75339E-06 1.22951E-04 8.30572E-07 2.32981E-08 -4.55198E-07 -2.14681E-05 
-9.79881E-07 -8.08861E-07 5.07785E-06 7.61280E-07 1.57070E-06 3.34626E-06 1.02582E-04 -1.30750E-07 -8.08861E-07 -9.79881E-07 -3.86989E-05 
-1.49911E-06 -1.62427E-06 3.27954E-06 1.70340E-07 4.66794E-07 2.05864E-06 8.52210E-05 -1.05694E-06 -1.62427E-06 -1.49911E-06 -5.33977E-05 
-1.97775E-06 -2.38139E-06 1.69160E-06 -3.35435E-07 -5.30858E-07 9.15388E-07 7.05029E-05 -1.90869E-06 -2.38139E-06 -1.97775E-06 -6.41251E-05 
8.23735E-08 6.06087E-07 4.85301E-05 1.82441E-05 2.08377E-05 3.08116E-05 8.79848E-04 5.96821E-06 6.06087E-07 8.23735E-08 -1.76503E-04 
8.23735E-08 6.06087E-07 4.30431E-05 1.55167E-05 1.86950E-05 2.73738E-05 7.81719E-04 5.33481E-06 6.06087E-07 8.23735E-08 -1.92773E-04 
8.23735E-08 5.52596E-08 3.82288E-05 1.31354E-05 1.68440E-05 2.43722E-05 6.93712E-04 4.86005E-06 5.52596E-08 8.23735E-08 -2.00733E-04 
8.23735E-08 2.46385E-07 3.40243E-05 1.10827E-05 1.52636E-05 2.17717E-05 6.14850E-04 4.53306E-06 2.46385E-07 8.23735E-08 -2.00521E-04 
8.23735E-08 5.15310E-07 3.03117E-05 9.30295E-06 1.39037E-05 1.94960E-05 5.43299E-04 4.32890E-06 5.15310E-07 8.23735E-08 -1.92940E-04 
8.23735E-08 8.47964E-07 2.70529E-05 7.78232E-06 1.27450E-05 1.75205E-05 4.78660E-04 4.23127E-06 8.47964E-07 8.23735E-08 -1.78599E-04 
8.23735E-08 1.22868E-06 2.42067E-05 6.50375E-06 1.17662E-05 1.58176E-05 4.20502E-04 4.22205E-06 1.22868E-06 8.23735E-08 -1.58427E-04 
8.23735E-08 1.54531E-06 2.22604E-05 5.66808E-06 1.11173E-05 1.46683E-05 3.79672E-04 4.26308E-06 1.54531E-06 8.23735E-08 -1.39571E-04 
8.23735E-08 1.64015E-06 2.17302E-05 5.44741E-06 1.09436E-05 1.43577E-05 3.68387E-04 4.28144E-06 1.64015E-06 8.23735E-08 -1.33625E-04 
8.23735E-08 2.09669E-06 1.94227E-05 4.53140E-06 1.02024E-05 1.30197E-05 3.18450E-04 4.39781E-06 2.09669E-06 8.23735E-08 -1.03328E-04 
8.23735E-08 2.54223E-06 1.74364E-05 3.81612E-06 9.57967E-06 1.18867E-05 2.74461E-04 4.54095E-06 2.54223E-06 8.23735E-08 -7.12557E-05 
8.23735E-08 2.95099E-06 1.57143E-05 3.26779E-06 9.04066E-06 1.09167E-05 2.35869E-04 4.68190E-06 2.95099E-06 8.23735E-08 -3.94248E-05 
8.23735E-08 3.29738E-06 1.42012E-05 2.85133E-06 8.55089E-06 1.00682E-05 2.02142E-04 4.79196E-06 3.29738E-06 8.23735E-08 -9.78605E-06 
4.30087E-07 3.67312E-06 1.29784E-05 2.65973E-06 8.20316E-06 9.43217E-06 1.73215E-04 4.96207E-06 3.67312E-06 4.30087E-07 1.47932E-05 
8.45259E-07 3.91790E-06 1.18309E-05 2.50318E-06 7.81411E-06 8.81128E-06 1.47950E-04 5.02558E-06 3.91790E-06 8.45259E-07 3.40591E-05 
1.13027E-06 3.98832E-06 1.06909E-05 2.32520E-06 7.33143E-06 8.14678E-06 1.25871E-04 4.93638E-06 3.98832E-06 1.13027E-06 4.72608E-05 
1.27283E-06 3.87627E-06 9.53183E-06 2.10630E-06 6.74075E-06 7.41922E-06 1.06646E-04 4.68437E-06 3.87627E-06 1.27283E-06 5.38223E-05 
1.26765E-06 3.58153E-06 8.33566E-06 1.83330E-06 6.03557E-06 6.61696E-06 8.99568E-05 4.26743E-06 3.58153E-06 1.26765E-06 5.36476E-05 
1.11711E-06 3.11235E-06 7.09400E-06 1.50008E-06 5.21783E-06 5.73681E-06 7.55118E-05 3.69194E-06 3.11235E-06 1.11711E-06 4.71333E-05 
8.31432E-07 2.48550E-06 5.80811E-06 1.10797E-06 4.29819E-06 4.78431E-06 6.30437E-05 2.97298E-06 2.48550E-06 8.31432E-07 3.51424E-05 
4.28510E-07 1.72593E-06 4.48869E-06 6.65602E-07 3.29563E-06 3.77340E-06 5.23124E-05 2.13388E-06 1.72593E-06 4.28510E-07 1.89404E-05 
-6.68076E-08 8.65931E-07 3.15505E-06 1.88436E-07 2.23670E-06 2.72573E-06 4.31059E-05 1.20548E-06 8.65931E-07 -6.68076E-08 1.00557E-07 
-6.23838E-07 -5.61901E-08 1.83381E-06 -3.02281E-07 1.15425E-06 1.66939E-06 3.52389E-05 2.24734E-07 -5.61901E-08 -6.23838E-07 -1.96149E-05 
-1.20756E-06 -9.97777E-07 5.57172E-07 -7.80851E-07 8.58088E-08 6.37351E-07 2.85519E-05 -7.66900E-07 -9.97777E-07 -1.20756E-06 -3.83860E-05 
-1.78042E-06 -1.91384E-06 -6.39110E-07 -1.21881E-06 -9.28470E-07 -3.34518E-07 2.29080E-05 -1.72551E-06 -1.91384E-06 -1.78042E-06 -5.44691E-05 
-2.30434E-06 -2.75918E-06 -1.71797E-06 -1.58674E-06 -1.84787E-06 -1.20948E-06 1.81905E-05 -2.60685E-06 -2.75918E-06 -2.30434E-06 -6.63228E-05 
9.16173E-08 8.11825E-07 1.00779E-05 5.21330E-06 8.22400E-06 9.28979E-06 2.17870E-04 1.75155E-06 8.11825E-07 9.16173E-08 -2.09441E-04 
9.16173E-08 8.11825E-07 8.85268E-06 3.58359E-06 7.27679E-06 8.09740E-06 1.90273E-04 1.58677E-06 8.11825E-07 9.16173E-08 -2.27801E-04 
9.16173E-08 8.37533E-08 7.88831E-06 2.23576E-06 6.54440E-06 7.14692E-06 1.65929E-04 1.55580E-06 8.37533E-08 9.16173E-08 -2.36365E-04 
9.16173E-08 3.47958E-07 7.15973E-06 1.15572E-06 6.00920E-06 6.41942E-06 1.44499E-04 1.64820E-06 3.47958E-07 9.16173E-08 -2.35399E-04 
9.16173E-08 6.96970E-07 6.62295E-06 3.00343E-07 5.63486E-06 5.87377E-06 1.25408E-04 1.84247E-06 6.96970E-07 9.16173E-08 -2.25904E-04 
9.16173E-08 1.11312E-06 6.25229E-06 -3.46347E-07 5.39983E-06 5.48845E-06 1.08491E-04 2.11979E-06 1.11312E-06 9.16173E-08 -2.08655E-04 
9.16173E-08 1.57711E-06 6.02034E-06 -8.03088E-07 5.28069E-06 5.23997E-06 9.35797E-05 2.45964E-06 1.57711E-06 9.16173E-08 -1.84774E-04 
9.16173E-08 1.95574E-06 5.91781E-06 -1.03956E-06 5.25217E-06 5.12565E-06 8.33089E-05 2.75156E-06 1.95574E-06 9.16173E-08 -1.62639E-04 
9.16173E-08 2.06803E-06 5.89828E-06 -1.09117E-06 5.25235E-06 5.10309E-06 8.05017E-05 2.83995E-06 2.06803E-06 9.16173E-08 -1.55684E-04 
9.16173E-08 2.60201E-06 5.85539E-06 -1.24009E-06 5.29310E-06 5.04984E-06 6.82592E-05 3.26848E-06 2.60201E-06 9.16173E-08 -1.20382E-04 
9.16173E-08 3.11256E-06 5.86726E-06 -1.25271E-06 5.37442E-06 5.06060E-06 5.77412E-05 3.68650E-06 3.11256E-06 9.16173E-08 -8.31950E-05 
9.16173E-08 3.57045E-06 5.89593E-06 -1.16307E-06 5.46184E-06 5.10032E-06 4.87448E-05 4.06343E-06 3.57045E-06 9.16173E-08 -4.64194E-05 
9.16173E-08 3.94727E-06 5.90481E-06 -1.00590E-06 5.52192E-06 5.13469E-06 4.10769E-05 4.36960E-06 3.94727E-06 9.16173E-08 -1.22551E-05 
4.76133E-07 4.33396E-06 5.98077E-06 -6.90962E-07 5.64567E-06 5.25568E-06 3.47531E-05 4.69539E-06 4.33396E-06 4.76133E-07 1.61437E-05 
9.28675E-07 4.56547E-06 5.94632E-06 -4.02015E-07 5.65672E-06 5.28320E-06 2.93369E-05 4.87363E-06 4.56547E-06 9.28675E-07 3.84674E-05 
1.23074E-06 4.59805E-06 5.75160E-06 -1.92670E-07 5.50658E-06 5.16714E-06 2.46531E-05 4.85959E-06 4.59805E-06 1.23074E-06 5.38897E-05 
1.37047E-06 4.42488E-06 5.38504E-06 -7.94281E-08 5.18505E-06 4.89584E-06 2.05913E-05 4.64568E-06 4.42488E-06 1.37047E-06 6.17998E-05 
1.34403E-06 4.04807E-06 4.84439E-06 -7.14783E-08 4.69091E-06 4.46635E-06 1.70545E-05 4.23336E-06 4.04807E-06 1.34403E-06 6.21273E-05 
1.15613E-06 3.47915E-06 4.13720E-06 -1.70085E-07 4.03242E-06 3.88490E-06 1.39604E-05 3.63353E-06 3.47915E-06 1.15613E-06 5.53493E-05 
8.20093E-07 2.73900E-06 3.28074E-06 -3.68411E-07 3.22728E-06 3.16687E-06 1.12421E-05 2.86651E-06 2.73900E-06 8.20093E-07 4.24552E-05 
3.57508E-07 1.85727E-06 2.30145E-06 -6.51824E-07 2.30207E-06 2.33630E-06 8.84770E-06 1.96143E-06 1.85727E-06 3.57508E-07 2.48700E-05 
-2.02725E-07 8.71259E-07 1.23385E-06 -9.98684E-07 1.29117E-06 1.42486E-06 6.73942E-06 9.55203E-07 8.71259E-07 -2.02725E-07 4.34451E-06 
-8.25756E-07 -1.75601E-07 1.18894E-07 -1.38159E-06 2.35185E-07 4.70305E-07 4.89220E-06 -1.09147E-07 -1.75601E-07 -8.25756E-07 -1.71792E-05 
-1.47252E-06 -1.23573E-06 -9.97950E-07 -1.76901E-06 -8.20986E-07 -4.85334E-07 3.29169E-06 -1.18435E-06 -1.23573E-06 -1.47252E-06 -3.77131E-05 
-2.10182E-06 -2.25967E-06 -2.06902E-06 -2.12715E-06 -1.83040E-06 -1.39799E-06 1.93180E-06 -2.22122E-06 -2.25967E-06 -2.10182E-06 -5.53704E-05 
-2.67245E-06 -3.19840E-06 -3.04684E-06 -2.42201E-06 -2.74642E-06 -2.22381E-06 8.12260E-07 -3.17097E-06 -3.19840E-06 -2.67245E-06 -6.85002E-05 
1.01415E-07 1.05188E-06 4.63292E-07 -2.67733E-06 1.04454E-06 9.25413E-07 1.73402E-05 1.75247E-08 1.05188E-06 1.01415E-07 -2.48418E-04 
1.01415E-07 1.05188E-06 4.75046E-07 -3.55916E-06 9.28386E-07 7.06863E-07 1.37699E-05 1.03862E-07 1.05188E-06 1.01415E-07 -2.68414E-04 
1.01415E-07 1.17869E-07 6.25400E-07 -4.20908E-06 9.65234E-07 6.50090E-07 1.07783E-05 3.17789E-07 1.17869E-07 1.01415E-07 -2.77067E-04 
1.01415E-07 4.68079E-07 9.01221E-07 -4.63747E-06 1.14103E-06 7.42164E-07 8.31117E-06 6.47540E-07 4.68079E-07 1.01415E-07 -2.74771E-04 
1.01415E-07 9.09535E-07 1.27858E-06 -4.87895E-06 1.42895E-06 9.54784E-07 6.27245E-06 1.07102E-06 9.09535E-07 1.01415E-07 -2.62738E-04 
1.01415E-07 1.42049E-06 1.73470E-06 -4.95050E-06 1.80599E-06 1.26623E-06 4.62361E-06 1.56616E-06 1.42049E-06 1.01415E-07 -2.41918E-04 
1.01415E-07 1.97756E-06 2.24518E-06 -4.87173E-06 2.24758E-06 1.65306E-06 3.32394E-06 2.10929E-06 1.97756E-06 1.01415E-07 -2.13646E-04 
1.01415E-07 2.42451E-06 2.66112E-06 -4.72154E-06 2.61708E-06 1.98831E-06 2.53121E-06 2.54658E-06 2.42451E-06 1.01415E-07 -1.87701E-04 
1.01415E-07 2.55589E-06 2.78419E-06 -4.66470E-06 2.72769E-06 2.09031E-06 2.33126E-06 2.67529E-06 2.55589E-06 1.01415E-07 -1.79583E-04 
1.01415E-07 3.17348E-06 3.36645E-06 -4.32574E-06 3.25744E-06 2.58817E-06 1.55498E-06 3.28108E-06 3.17348E-06 1.01415E-07 -1.38561E-04 
1.01415E-07 3.75247E-06 3.91637E-06 -3.89863E-06 3.76606E-06 3.08061E-06 1.03006E-06 3.84955E-06 3.75247E-06 1.01415E-07 -9.55930E-05 
1.01415E-07 4.26003E-06 4.40011E-06 -3.41751E-06 4.21951E-06 3.53411E-06 7.01694E-07 4.34762E-06 4.26003E-06 1.01415E-07 -5.32810E-05 
1.01415E-07 4.66495E-06 4.78555E-06 -2.91668E-06 4.58537E-06 3.91652E-06 5.16707E-07 4.74386E-06 4.66495E-06 1.01415E-07 -1.40937E-05 
5.24538E-07 5.05729E-06 5.16208E-06 -2.30679E-06 4.95501E-06 4.32067E-06 5.52237E-07 5.12820E-06 5.05729E-06 5.24538E-07 1.85069E-05 
1.01505E-06 5.26756E-06 5.35922E-06 -1.76912E-06 5.15529E-06 4.57109E-06 6.02768E-07 5.33092E-06 5.26756E-06 1.01505E-06 4.41565E-05 
1.33255E-06 5.25208E-06 5.33269E-06 -1.35486E-06 5.14117E-06 4.62177E-06 6.04215E-07 5.30820E-06 5.25208E-06 1.33255E-06 6.19543E-05 
1.46598E-06 5.00574E-06 5.07692E-06 -1.07747E-06 4.90672E-06 4.46582E-06 5.32773E-07 5.05488E-06 5.00574E-06 1.46598E-06 7.12605E-05 
1.41336E-06 4.53354E-06 4.59650E-06 -9.42250E-07 4.45607E-06 4.10601E-06 3.73794E-07 4.57590E-06 4.53354E-06 1.41336E-06 7.20419E-05 
1.18218E-06 3.85088E-06 3.90649E-06 -9.45803E-07 3.80370E-06 3.55505E-06 1.22295E-07 3.88665E-06 3.85088E-06 1.18218E-06 6.48733E-05 
7.89392E-07 2.98332E-06 3.03220E-06 -1.07608E-06 2.97420E-06 2.83543E-06 -2.17049E-07 3.01269E-06 2.98332E-06 7.89392E-07 5.08906E-05 
2.60740E-07 1.96577E-06 2.00835E-06 -1.31290E-06 2.00145E-06 1.97863E-06 -6.30457E-07 1.98894E-06 1.96577E-06 2.60740E-07 3.17001E-05 
-3.70373E-07 8.41119E-07 8.77683E-07 -1.62893E-06 9.27246E-07 1.02378E-06 -1.09612E-06 8.58333E-07 8.41119E-07 -3.70373E-07 9.25155E-06 
-1.06454E-06 -3.41646E-07 -3.10883E-07 -1.99127E-06 -2.00548E-07 1.58971E-08 -1.58577E-06 -3.30109E-07 -3.41646E-07 -1.06454E-06 -1.43135E-05 
-1.77836E-06 -1.52965E-06 -1.50451E-06 -2.36323E-06 -1.33023E-06 -9.96255E-07 -2.06657E-06 -1.52345E-06 -1.52965E-06 -1.77836E-06 -3.68227E-05 
-2.46672E-06 -2.66868E-06 -2.64898E-06 -2.70652E-06 -2.40881E-06 -1.96263E-06 -2.50338E-06 -2.66744E-06 -2.66868E-06 -2.46672E-06 -5.62336E-05 
-3.08521E-06 -3.70577E-06 -3.69129E-06 -2.98341E-06 -3.38450E-06 -2.83434E-06 -2.86095E-06 -3.70902E-06 -3.70577E-06 -3.08521E-06 -7.07783E-05 
1.11742E-07 1.32959E-06 -5.02434E-07 -5.35716E-06 -7.58065E-07 -9.10014E-07 8.02699E-07 -3.18690E-07 1.32959E-06 1.11742E-07 -2.93747E-04 
1.11742E-07 1.32959E-06 -3.29406E-07 -6.00377E-06 -5.53461E-07 -8.14145E-07 -6.92261E-07 -1.23030E-07 1.32959E-06 1.11742E-07 -3.15138E-04 
1.11742E-07 1.58262E-07 -1.04768E-08 -6.42483E-06 -2.15278E-07 -5.76361E-07 -1.86970E-06 2.09574E-07 1.58262E-07 1.11742E-07 -3.23491E-04 
1.11742E-07 6.08748E-07 4.37851E-07 -6.63017E-06 2.42864E-07 -2.08790E-07 -2.74586E-06 6.64139E-07 6.08748E-07 1.11742E-07 -3.19346E-04 
1.11742E-07 1.15608E-06 9.88214E-07 -6.65432E-06 7.95227E-07 2.61496E-07 -3.36937E-06 1.21466E-06 1.15608E-06 1.11742E-07 -3.04154E-04 
1.11742E-07 1.77392E-06 1.61331E-06 -6.51619E-06 1.41647E-06 8.10708E-07 -3.76175E-06 1.83482E-06 1.77392E-06 1.11742E-07 -2.79064E-04 
1.11742E-07 2.43437E-06 2.28434E-06 -6.23737E-06 2.07968E-06 1.41338E-06 -3.94813E-06 2.49678E-06 2.43437E-06 1.11742E-07 -2.45653E-04 
1.11742E-07 2.95616E-06 2.81604E-06 -5.94034E-06 2.60377E-06 1.89933E-06 -3.96883E-06 3.01919E-06 2.95616E-06 1.11742E-07 -2.15306E-04 
1.11742E-07 3.10825E-06 2.97125E-06 -5.84203E-06 2.75663E-06 2.04256E-06 -3.95681E-06 3.17138E-06 3.10825E-06 1.11742E-07 -2.05852E-04 
1.11742E-07 3.81549E-06 3.69439E-06 -5.31556E-06 3.46856E-06 2.71854E-06 -3.80277E-06 3.87855E-06 3.81549E-06 1.11742E-07 -1.58297E-04 
1.11742E-07 4.46590E-06 4.36175E-06 -4.71943E-06 4.12611E-06 3.35731E-06 -3.51959E-06 4.52807E-06 4.46590E-06 1.11742E-07 -1.08788E-04 
1.11742E-07 5.02298E-06 4.93607E-06 -4.08985E-06 4.69369E-06 3.92401E-06 -3.15002E-06 5.08348E-06 5.02298E-06 1.11742E-07 -6.02600E-05 
1.11742E-07 5.45274E-06 5.38269E-06 -3.46280E-06 5.13809E-06 4.38577E-06 -2.73651E-06 5.51084E-06 5.45274E-06 1.11742E-07 -1.54762E-05 
5.75123E-07 5.84434E-06 5.79005E-06 -2.74991E-06 5.55106E-06 4.83590E-06 -2.19680E-06 5.89937E-06 5.84434E-06 5.75123E-07 2.17684E-05 
1.10385E-06 6.02420E-06 5.98445E-06 -2.13512E-06 5.75766E-06 5.09703E-06 -1.72264E-06 6.07556E-06 6.02420E-06 1.10385E-06 5.10575E-05 
1.43470E-06 5.94916E-06 5.92243E-06 -1.66894E-06 5.71466E-06 5.12492E-06 -1.36965E-06 5.99631E-06 5.94916E-06 1.43470E-06 7.14171E-05 
1.55782E-06 5.61637E-06 5.60093E-06 -1.36301E-06 5.41939E-06 4.91585E-06 -1.15406E-06 5.65883E-06 5.61637E-06 1.55782E-06 8.21855E-05 
1.47354E-06 5.03428E-06 5.02827E-06 -1.21990E-06 4.88033E-06 4.47680E-06 -1.08275E-06 5.07166E-06 5.03428E-06 1.47354E-06 8.33808E-05 
1.19270E-06 4.22281E-06 4.22428E-06 -1.23271E-06 4.11722E-06 3.82555E-06 -1.15274E-06 4.25480E-06 4.22281E-06 1.19270E-06 7.56946E-05 
7.36351E-07 3.21283E-06 3.21988E-06 -1.38531E-06 3.16063E-06 2.99033E-06 -1.35131E-06 3.23924E-06 3.21283E-06 7.36351E-07 6.04323E-05 
1.34937E-07 2.04513E-06 2.05595E-06 -1.65303E-06 2.05084E-06 2.00873E-06 -1.65674E-06 2.06585E-06 2.04513E-06 1.34937E-07 3.94056E-05 
-5.73179E-07 7.68730E-07 7.81627E-07 -2.00395E-06 8.36194E-07 9.26130E-07 -2.03953E-06 7.83749E-07 7.68730E-07 -5.73179E-07 1.47868E-05 
-1.34364E-06 -5.61349E-07 -5.47858E-07 -2.40067E-06 -4.29074E-07 -2.06404E-07 -2.46419E-06 -5.51923E-07 -5.61349E-07 -1.34364E-06 -1.10615E-05 
-2.12838E-06 -1.88657E-06 -1.87376E-06 -2.80241E-06 -1.68735E-06 -1.33454E-06 -2.89139E-06 -1.88253E-06 -1.88657E-06 -2.12838E-06 -3.57650E-05 
-2.87820E-06 -3.14774E-06 -3.13663E-06 -3.16738E-06 -2.88046E-06 -2.40337E-06 -3.28030E-06 -3.14877E-06 -3.14774E-06 -2.87820E-06 -5.71128E-05 
-3.54535E-06 -4.28779E-06 -4.27917E-06 -3.45512E-06 -3.95242E-06 -3.36013E-06 -3.59105E-06 -4.29349E-06 -4.28779E-06 -3.54535E-06 -7.32116E-05 
---
