PdfType: replica
Format: lhagrid1
---
1.00000E-06 1.28121E-06 1.64152E-06 2.10317E-06 2.69463E-06 3.45242E-06 4.42329E-06 5.66715E-06 7.26076E-06 9.30241E-06 1.19180E-05 1.52689E-05 1.95617E-05 2.50609E-05 3.21053E-05 4.11287E-05 5.26863E-05 6.74889E-05 8.64459E-05 1.10720E-04 1.41800E-04 1.81585E-04 2.32503E-04 2.97652E-04 3.80981E-04 4.87518E-04 6.26039E-04 8.00452E-04 1.02297E-03 1.30657E-03 1.66759E-03 2.12729E-03 2.71054E-03 3.44865E-03 4.37927E-03 5.54908E-03 7.01192E-03 8.83064E-03 1.10763E-02 1.38266E-02 1.71641E-02 2.11717E-02 2.59364E-02 3.15062E-02 3.79623E-02 4.53425E-02 5.36750E-02 6.29705E-02 7.32221E-02 8.44039E-02 9.64793E-02 1.09332E-01 1.23067E-01 1.37507E-01 1.52639E-01 1.68416E-01 1.84794E-01 2.01731E-01 2.19016E-01 2.36948E-01 2.55242E-01 2.73927E-01 2.92954E-01 3.12340E-01 3.32036E-01 3.52019E-01 3.72282E-01 3.92772E-01 4.13533E-01 4.34326E-01 4.55495E-01 4.76836E-01 4.98342E-01 5.20006E-01 5.41818E-01 5.63773E-01 5.85861E-01 6.08077E-01 6.30459E-01 6.52800E-01 6.75387E-01 6.98063E-01 7.20830E-01 7.43683E-01 7.66623E-01 7.89636E-01 8.12791E-01 8.35940E-01 8.59175E-01 8.82485E-01 9.05866E-01 9.29311E-01 9.52817E-01 9.76387E-01 1.00000E+00 
1.14018E+00 1.22539E+00 1.32482E+00 1.44156E+00 1.57954E+00 1.74381E+00 1.94091E+00 2.12132E+00 2.17945E+00 2.49622E+00 2.89383E+00 3.39925E+00 4.05063E+00 4.90286E+00 6.03623E+00 7.57063E+00 9.68869E+00 1.26749E+01 1.69835E+01 2.33578E+01 3.30501E+01 4.82334E+01 7.28041E+01 1.13998E+02 1.85779E+02 3.16228E+02 
-5 -4 -3 -2 -1 1 2 3 4 5 21 
5.67028E-02 1.65498E-01 1.03268E-01 1.41587E+00 1.41587E+00 1.41581E+00 1.41667E+00 1.03268E-01 1.65498E-01 5.67028E-02 -1.17109E+00 
5.67028E-02 1.65498E-01 1.27827E-01 1.42964E+00 1.42964E+00 1.42958E+00 1.43047E+00 1.27827E-01 1.65498E-01 5.67028E-02 -4.25143E-01 
5.67028E-02 1.76182E-02 1.65290E-01 1.45634E+00 1.45634E+00 1.45629E+00 1.45722E+00 1.65289E-01 1.76182E-02 5.67028E-02 5.32198E-01 
5.67028E-02 6.99989E-02 2.17789E-01 1.49809E+00 1.49809E+00 1.49805E+00 1.49901E+00 2.17789E-01 6.99989E-02 5.67028E-02 1.73514E+00 
5.67028E-02 1.40935E-01 2.88847E-01 1.55828E+00 1.55828E+00 1.55825E+00 1.55924E+00 2.88847E-01 1.40935E-01 5.67028E-02 3.29828E+00 
5.67028E-02 2.33752E-01 3.81789E-01 1.64025E+00 1.64026E+00 1.64023E+00 1.64126E+00 3.81789E-01 2.33752E-01 5.67028E-02 5.32088E+00 
5.67028E-02 3.52224E-01 5.00389E-01 1.74779E+00 1.74779E+00 1.74778E+00 1.74884E+00 5.00389E-01 3.52224E-01 5.67028E-02 7.92381E+00 
5.67028E-02 4.64187E-01 6.12455E-01 1.85124E+00 1.85124E+00 1.85123E+00 1.85233E+00 6.12455E-01 4.64187E-01 5.67028E-02 1.04272E+01 
5.67028E-02 5.00622E-01 6.48919E-01 1.88517E+00 1.88518E+00 1.88517E+00 1.88627E+00 6.48919E-01 5.00622E-01 5.67028E-02 1.12522E+01 
5.67028E-02 6.99742E-01 8.48185E-01 2.07233E+00 2.07234E+00 2.07234E+00 2.07349E+00 8.48185E-01 6.99742E-01 5.67028E-02 1.58529E+01 
5.67028E-02 9.46209E-01 1.09480E+00 2.30677E+00 2.30678E+00 2.30679E+00 2.30798E+00 1.09480E+00 9.46209E-01 5.67028E-02 2.17542E+01 
5.67028E-02 1.24794E+00 1.39669E+00 2.59641E+00 2.59642E+00 2.59645E+00 2.59769E+00 1.39669E+00 1.24794E+00 5.67028E-02 2.92577E+01 
5.67028E-02 1.61398E+00 1.76288E+00 2.95031E+00 2.95032E+00 2.95036E+00 2.95165E+00 1.76288E+00 1.61398E+00 5.67028E-02 3.87142E+01 
3.38730E-01 2.01066E+00 2.15972E+00 3.33492E+00 3.33493E+00 3.33498E+00 3.33632E+00 2.15972E+00 2.01066E+00 3.38730E-01 5.04376E+01 
8.28929E-01 2.48665E+00 2.63588E+00 3.79876E+00 3.79877E+00 3.79884E+00 3.80023E+00 2.63588E+00 2.48665E+00 8.28929E-01 6.48506E+01 
1.42255E+00 3.06593E+00 3.21532E+00 4.36577E+00 4.36578E+00 4.36587E+00 4.36731E+00 3.21532E+00 3.06593E+00 1.42255E+00 8.24801E+01 
2.13640E+00 3.76531E+00 3.91487E+00 5.05279E+00 5.05281E+00 5.05290E+00 5.05441E+00 3.91487E+00 3.76531E+00 2.13640E+00 1.03914E+02 
2.98954E+00 4.60388E+00 4.75361E+00 5.87892E+00 5.87894E+00 5.87905E+00 5.88061E+00 4.75361E+00 4.60388E+00 2.98954E+00 1.29815E+02 
4.00355E+00 5.60321E+00 5.75312E+00 6.86575E+00 6.86577E+00 6.86590E+00 6.86753E+00 5.75312E+00 5.60321E+00 4.00355E+00 1.60920E+02 
5.20268E+00 6.78758E+00 6.93768E+00 8.03757E+00 8.03759E+00 8.03775E+00 8.03943E+00 6.93768E+00 6.78758E+00 5.20268E+00 1.98044E+02 
6.61416E+00 8.18423E+00 8.33451E+00 9.42162E+00 9.42165E+00 9.42182E+00 9.42357E+00 8.33451E+00 8.18423E+00 6.61416E+00 2.42079E+02 
8.26833E+00 9.82353E+00 9.97400E+00 1.10483E+01 1.10483E+01 1.10485E+01 1.10503E+01 9.97400E+00 9.82353E+00 8.26833E+00 2.93991E+02 
1.01989E+01 1.17392E+01 1.18899E+01 1.29513E+01 1.29514E+01 1.29516E+01 1.29535E+01 1.18899E+01 1.17392E+01 1.01989E+01 3.54818E+02 
1.24432E+01 1.39685E+01 1.41194E+01 1.51680E+01 1.51680E+01 1.51683E+01 1.51702E+01 1.41194E+01 1.39685E+01 1.24432E+01 4.25665E+02 
1.50420E+01 1.65524E+01 1.67034E+01 1.77392E+01 1.77392E+01 1.77395E+01 1.77415E+01 1.67034E+01 1.65524E+01 1.50420E+01 5.07696E+02 
1.80400E+01 1.95354E+01 1.96866E+01 2.07095E+01 2.07096E+01 2.07099E+01 2.07120E+01 1.96866E+01 1.95354E+01 1.80400E+01 6.02129E+02 
5.35710E-02 1.59950E-01 1.05084E-01 1.33431E+00 1.33431E+00 1.33428E+00 1.33527E+00 1.05084E-01 1.59950E-01 5.35710E-02 -1.13295E+00 
5.35710E-02 1.59950E-01 1.29277E-01 1.34831E+00 1.34831E+00 1.34829E+00 1.34931E+00 1.29277E-01 1.59950E-01 5.35710E-02 -4.10758E-01 
5.35710E-02 1.71564E-02 1.65832E-01 1.37470E+00 1.37470E+00 1.37468E+00 1.37575E+00 1.65832E-01 1.71564E-02 5.35710E-02 5.15990E-01 
5.35710E-02 6.79292E-02 2.16724E-01 1.41544E+00 1.41544E+00 1.41543E+00 1.41654E+00 2.16724E-01 6.79292E-02 5.35710E-02 1.67952E+00 
5.35710E-02 1.36332E-01 2.85250E-01 1.47370E+00 1.47371E+00 1.47370E+00 1.47485E+00 2.85250E-01 1.36332E-01 5.35710E-02 3.18958E+00 
5.35710E-02 2.25442E-01 3.74487E-01 1.55258E+00 1.55258E+00 1.55259E+00 1.55377E+00 3.74487E-01 2.25442E-01 5.35710E-02 5.13996E+00 
5.35710E-02 3.38745E-01 4.87920E-01 1.65556E+00 1.65556E+00 1.65558E+00 1.65681E+00 4.87920E-01 3.38745E-01 5.35710E-02 7.64427E+00 
5.35710E-02 4.45494E-01 5.94771E-01 1.75427E+00 1.75427E+00 1.75430E+00 1.75556E+00 5.94771E-01 4.45494E-01 5.35710E-02 1.00473E+01 
5.35710E-02 4.80175E-01 6.29483E-01 1.78659E+00 1.78660E+00 1.78662E+00 1.78789E+00 6.29483E-01 4.80175E-01 5.35710E-02 1.08382E+01 
5.35710E-02 6.69313E-01 8.18767E-01 1.96444E+00 1.96445E+00 1.96449E+00 1.96581E+00 8.18767E-01 6.69313E-01 5.35710E-02 1.52396E+01 
5.35710E-02 9.02670E-01 1.05227E+00 2.18644E+00 2.18645E+00 2.18651E+00 2.18787E+00 1.05227E+00 9.02670E-01 5.35710E-02 2.08665E+01 
5.35710E-02 1.18749E+00 1.33724E+00 2.45985E+00 2.45986E+00 2.45992E+00 2.46135E+00 1.33724E+00 1.18749E+00 5.35710E-02 2.79959E+01 
5.35710E-02 1.53201E+00 1.68192E+00 2.79291E+00 2.79292E+00 2.79300E+00 2.79448E+00 1.68192E+00 1.53201E+00 5.35710E-02 3.69488E+01 
3.19611E-01 1.90592E+00 2.05599E+00 3.15543E+00 3.15544E+00 3.15554E+00 3.15707E+00 2.05599E+00 1.90592E+00 3.19611E-01 4.79821E+01 
7.80640E-01 2.35341E+00 2.50365E+00 3.59144E+00 3.59146E+00 3.59157E+00 3.59316E+00 2.50365E+00 2.35341E+00 7.80640E-01 6.14943E+01 
1.33705E+00 2.89615E+00 3.04656E+00 4.12261E+00 4.12263E+00 4.12276E+00 4.12441E+00 3.04656E+00 2.89615E+00 1.33705E+00 7.79652E+01 
2.00400E+00 3.54930E+00 3.69988E+00 4.76410E+00 4.76412E+00 4.76427E+00 4.76598E+00 3.69988E+00 3.54930E+00 2.00400E+00 9.79215E+01 
2.79860E+00 4.33000E+00 4.48076E+00 5.53306E+00 5.53308E+00 5.53325E+00 5.53503E+00 4.48076E+00 4.33000E+00 2.79860E+00 1.21953E+02 
3.74014E+00 5.25756E+00 5.40850E+00 6.44882E+00 6.44884E+00 6.44903E+00 6.45088E+00 5.40850E+00 5.25756E+00 3.74014E+00 1.50713E+02 
4.85027E+00 6.35363E+00 6.50475E+00 7.53303E+00 7.53306E+00 7.53327E+00 7.53519E+00 6.50475E+00 6.35363E+00 4.85027E+00 1.84918E+02 
6.15316E+00 7.64238E+00 7.79369E+00 8.80990E+00 8.80993E+00 8.81016E+00 8.81216E+00 7.79369E+00 7.64238E+00 6.15316E+00 2.25350E+02 
7.67568E+00 9.15071E+00 9.30221E+00 1.03063E+01 1.03063E+01 1.03066E+01 1.03087E+01 9.30221E+00 9.15071E+00 7.67568E+00 2.72849E+02 
9.44755E+00 1.09084E+01 1.10601E+01 1.20520E+01 1.20521E+01 1.20523E+01 1.20545E+01 1.10601E+01 1.09084E+01 9.44755E+00 3.28314E+02 
1.15015E+01 1.29480E+01 1.30999E+01 1.40797E+01 1.40798E+01 1.40801E+01 1.40823E+01 1.30999E+01 1.29480E+01 1.15015E+01 3.92692E+02 
1.38732E+01 1.53054E+01 1.54575E+01 1.64252E+01 1.64253E+01 1.64256E+01 1.64279E+01 1.54575E+01 1.53054E+01 1.38732E+01 4.66978E+02 
1.66015E+01 1.80195E+01 1.81718E+01 1.91273E+01 1.91274E+01 1.91278E+01 1.91302E+01 1.81718E+01 1.80195E+01 1.66015E+01 5.52203E+02 
5.05850E-02 1.54613E-01 1.06863E-01 1.25733E+00 1.25733E+00 1.25733E+00 1.25848E+00 1.06863E-01 1.54613E-01 5.05850E-02 -1.09694E+00 
5.05850E-02 1.54613E-01 1.30718E-01 1.27156E+00 1.27156E+00 1.27156E+00 1.27276E+00 1.30718E-01 1.54613E-01 5.05850E-02 -3.97020E-01 
5.05850E-02 1.67139E-02 1.66404E-01 1.29764E+00 1.29764E+00 1.29766E+00 1.29889E+00 1.66404E-01 1.67139E-02 5.05850E-02 5.00819E-01 
5.05850E-02 6.59403E-02 2.15752E-01 1.33740E+00 1.33740E+00 1.33742E+00 1.33870E+00 2.15752E-01 6.59403E-02 5.05850E-02 1.62687E+00 
5.05850E-02 1.31904E-01 2.81840E-01 1.39379E+00 1.39379E+00 1.39383E+00 1.39515E+00 2.81840E-01 1.31904E-01 5.05850E-02 3.08618E+00 
5.05850E-02 2.17450E-01 3.67513E-01 1.46967E+00 1.46968E+00 1.46972E+00 1.47109E+00 3.67513E-01 2.17450E-01 5.05850E-02 4.96725E+00 
5.05850E-02 3.25790E-01 4.75984E-01 1.56827E+00 1.56828E+00 1.56833E+00 1.56975E+00 4.75984E-01 3.25790E-01 5.05850E-02 7.37670E+00 
5.05850E-02 4.27542E-01 5.77839E-01 1.66243E+00 1.66244E+00 1.66250E+00 1.66396E+00 5.77839E-01 4.27542E-01 5.05850E-02 9.68313E+00 
5.05850E-02 4.60544E-01 6.10872E-01 1.69321E+00 1.69322E+00 1.69328E+00 1.69475E+00 6.10872E-01 4.60544E-01 5.05850E-02 1.04411E+01 
5.05850E-02 6.40140E-01 7.90616E-01 1.86215E+00 1.86216E+00 1.86224E+00 1.86376E+00 7.90617E-01 6.40140E-01 5.05850E-02 1.46507E+01 
5.05850E-02 8.60998E-01 1.01163E+00 2.07229E+00 2.07231E+00 2.07240E+00 2.07397E+00 1.01163E+00 8.60998E-01 5.05850E-02 2.00137E+01 
5.05850E-02 1.12973E+00 1.28051E+00 2.33025E+00 2.33027E+00 2.33037E+00 2.33200E+00 1.28051E+00 1.12973E+00 5.05850E-02 2.67843E+01 
5.05850E-02 1.45383E+00 1.60478E+00 2.64354E+00 2.64356E+00 2.64368E+00 2.64537E+00 1.60478E+00 1.45383E+00 5.05850E-02 3.52551E+01 
3.01404E-01 1.80608E+00 1.95719E+00 2.98504E+00 2.98506E+00 2.98520E+00 2.98695E+00 1.95719E+00 1.80608E+00 3.01404E-01 4.56317E+01 
7.34741E-01 2.22652E+00 2.37778E+00 3.39464E+00 3.39466E+00 3.39482E+00 3.39664E+00 2.37779E+00 2.22652E+00 7.34741E-01 5.82900E+01 
1.25595E+00 2.73469E+00 2.88613E+00 3.89189E+00 3.89192E+00 3.89209E+00 3.89398E+00 2.88613E+00 2.73469E+00 1.25595E+00 7.36659E+01 
1.87865E+00 3.34425E+00 3.49586E+00 4.49044E+00 4.49046E+00 4.49066E+00 4.49262E+00 3.49586E+00 3.34425E+00 1.87865E+00 9.22300E+01 
2.61818E+00 4.07054E+00 4.22232E+00 5.20565E+00 5.20568E+00 5.20590E+00 5.20792E+00 4.22232E+00 4.07054E+00 2.61818E+00 1.14506E+02 
3.49178E+00 4.93080E+00 5.08277E+00 6.05477E+00 6.05481E+00 6.05505E+00 6.05715E+00 5.08277E+00 4.93080E+00 3.49178E+00 1.41070E+02 
4.51869E+00 5.94431E+00 6.09646E+00 7.05709E+00 7.05713E+00 7.05740E+00 7.05958E+00 6.09646E+00 5.94431E+00 4.51869E+00 1.72553E+02 
5.72034E+00 7.13248E+00 7.28482E+00 8.23404E+00 8.23408E+00 8.23438E+00 8.23664E+00 7.28482E+00 7.13248E+00 5.72034E+00 2.09635E+02 
7.12043E+00 8.51906E+00 8.67159E+00 9.60937E+00 9.60941E+00 9.60974E+00 9.61209E+00 8.67159E+00 8.51906E+00 7.12043E+00 2.53046E+02 
8.74512E+00 1.01302E+01 1.02829E+01 1.12092E+01 1.12093E+01 1.12096E+01 1.12121E+01 1.02829E+01 1.01302E+01 8.74512E+00 3.03557E+02 
1.06230E+01 1.19945E+01 1.21474E+01 1.30623E+01 1.30623E+01 1.30627E+01 1.30652E+01 1.21474E+01 1.19945E+01 1.06230E+01 3.61981E+02 
1.27853E+01 1.41431E+01 1.42963E+01 1.51996E+01 1.51997E+01 1.52001E+01 1.52027E+01 1.42963E+01 1.41431E+01 1.27853E+01 4.29162E+02 
1.52656E+01 1.66099E+01 1.67632E+01 1.76551E+01 1.76551E+01 1.76556E+01 1.76583E+01 1.67632E+01 1.66099E+01 1.52656E+01 5.05970E+02 
4.77387E-02 1.49476E-01 1.08608E-01 1.18467E+00 1.18467E+00 1.18470E+00 1.18604E+00 1.08609E-01 1.49476E-01 4.77387E-02 -1.06290E+00 
4.77387E-02 1.49476E-01 1.32150E-01 1.19912E+00 1.19912E+00 1.19915E+00 1.20054E+00 1.32151E-01 1.49476E-01 4.77387E-02 -3.83863E-01 
4.77387E-02 1.62893E-02 1.67006E-01 1.22490E+00 1.22491E+00 1.22495E+00 1.22638E+00 1.67007E-01 1.62893E-02 4.77387E-02 4.86666E-01 
4.77387E-02 6.40273E-02 2.14866E-01 1.26370E+00 1.26370E+00 1.26376E+00 1.26524E+00 2.14866E-01 6.40273E-02 4.77387E-02 1.57707E+00 
4.77387E-02 1.27642E-01 2.78606E-01 1.31828E+00 1.31829E+00 1.31835E+00 1.31988E+00 2.78606E-01 1.27642E-01 4.77387E-02 2.98784E+00 
4.77387E-02 2.09757E-01 3.60850E-01 1.39127E+00 1.39128E+00 1.39136E+00 1.39294E+00 3.60850E-01 2.09757E-01 4.77387E-02 4.80238E+00 
4.77387E-02 3.13333E-01 4.64558E-01 1.48565E+00 1.48567E+00 1.48575E+00 1.48738E+00 4.64558E-01 3.13333E-01 4.77387E-02 7.12053E+00 
4.77387E-02 4.10295E-01 5.61624E-01 1.57545E+00 1.57547E+00 1.57556E+00 1.57723E+00 5.61624E-01 4.10295E-01 4.77387E-02 9.33390E+00 
4.77387E-02 4.41690E-01 5.93050E-01 1.60475E+00 1.60476E+00 1.60486E+00 1.60654E+00 5.93051E-01 4.41690E-01 4.77387E-02 1.00602E+01 
4.77387E-02 6.12167E-01 7.63676E-01 1.76517E+00 1.76518E+00 1.76530E+00 1.76704E+00 7.63676E-01 6.12167E-01 4.77387E-02 1.40851E+01 
4.77387E-02 8.21109E-01 9.72771E-01 1.96400E+00 1.96401E+00 1.96414E+00 1.96595E+00 9.72771E-01 8.21109E-01 4.77387E-02 1.91944E+01 
4.77387E-02 1.07454E+00 1.22636E+00 2.20726E+00 2.20728E+00 2.20743E+00 2.20929E+00 1.22636E+00 1.07454E+00 4.77387E-02 2.56206E+01 
4.77387E-02 1.37929E+00 1.53127E+00 2.50180E+00 2.50182E+00 2.50199E+00 2.50392E+00 1.53127E+00 1.37929E+00 4.77387E-02 3.36302E+01 
2.84071E-01 1.71094E+00 1.86308E+00 2.82330E+00 2.82332E+00 2.82351E+00 2.82551E+00 1.86308E+00 1.71094E+00 2.84071E-01 4.33823E+01 
6.91129E-01 2.10570E+00 2.25800E+00 3.20783E+00 3.20786E+00 3.20807E+00 3.21014E+00 2.25800E+00 2.10570E+00 6.91129E-01 5.52313E+01 
1.17904E+00 2.58119E+00 2.73366E+00 3.67301E+00 3.67304E+00 3.67327E+00 3.67541E+00 2.73366E+00 2.58119E+00 1.17904E+00 6.95729E+01 
1.76002E+00 3.14964E+00 3.30229E+00 4.23107E+00 4.23110E+00 4.23135E+00 4.23358E+00 3.30229E+00 3.14964E+00 1.76002E+00 8.68261E+01 
2.44779E+00 3.82479E+00 3.97761E+00 4.89576E+00 4.89580E+00 4.89608E+00 4.89838E+00 3.97761E+00 3.82479E+00 2.44779E+00 1.07454E+02 
3.25771E+00 4.62200E+00 4.77501E+00 5.68246E+00 5.68250E+00 5.68280E+00 5.68519E+00 4.77501E+00 4.62200E+00 3.25771E+00 1.31966E+02 
4.20685E+00 5.55836E+00 5.71155E+00 6.60827E+00 6.60831E+00 6.60864E+00 6.61112E+00 5.71155E+00 5.55836E+00 4.20685E+00 1.60910E+02 
5.31416E+00 6.65283E+00 6.80621E+00 7.69214E+00 7.69218E+00 7.69255E+00 7.69512E+00 6.80621E+00 6.65283E+00 5.31416E+00 1.94880E+02 
6.60050E+00 7.92629E+00 8.07986E+00 8.95499E+00 8.95503E+00 8.95543E+00 8.95809E+00 8.07986E+00 7.92629E+00 6.60050E+00 2.34505E+02 
8.08882E+00 9.40168E+00 9.55545E+00 1.04197E+01 1.04198E+01 1.04202E+01 1.04230E+01 9.55545E+00 9.40168E+00 8.08882E+00 2.80446E+02 
9.80406E+00 1.11040E+01 1.12579E+01 1.21114E+01 1.21114E+01 1.21119E+01 1.21148E+01 1.12579E+01 1.11040E+01 9.80406E+00 3.33395E+02 
1.17733E+01 1.30603E+01 1.32144E+01 1.40570E+01 1.40571E+01 1.40576E+01 1.40606E+01 1.32144E+01 1.30603E+01 1.17733E+01 3.94066E+02 
1.40257E+01 1.52997E+01 1.54541E+01 1.62859E+01 1.62859E+01 1.62865E+01 1.62896E+01 1.54541E+01 1.52997E+01 1.40257E+01 4.63185E+02 
4.50265E-02 1.44527E-01 1.10325E-01 1.11609E+00 1.11609E+00 1.11615E+00 1.11769E+00 1.10325E-01 1.44527E-01 4.50265E-02 -1.03071E+00 
4.50265E-02 1.44527E-01 1.33576E-01 1.13075E+00 1.13075E+00 1.13082E+00 1.13241E+00 1.33577E-01 1.44527E-01 4.50265E-02 -3.71217E-01 
4.50265E-02 1.58814E-02 1.67636E-01 1.15624E+00 1.15625E+00 1.15632E+00 1.15796E+00 1.67637E-01 1.58814E-02 4.50265E-02 4.73518E-01 
4.50265E-02 6.21851E-02 2.14063E-01 1.19410E+00 1.19411E+00 1.19420E+00 1.19589E+00 2.14063E-01 6.21851E-02 4.50265E-02 1.53001E+00 
4.50265E-02 1.23535E-01 2.75539E-01 1.24693E+00 1.24694E+00 1.24703E+00 1.24878E+00 2.75539E-01 1.23535E-01 4.50265E-02 2.89434E+00 
4.50265E-02 2.02350E-01 3.54484E-01 1.31713E+00 1.31714E+00 1.31725E+00 1.31906E+00 3.54484E-01 2.02350E-01 4.50265E-02 4.64496E+00 
4.50265E-02 3.01349E-01 4.53616E-01 1.40745E+00 1.40747E+00 1.40759E+00 1.40945E+00 4.53616E-01 3.01349E-01 4.50265E-02 6.87521E+00 
4.50265E-02 3.93721E-01 5.46092E-01 1.49306E+00 1.49308E+00 1.49321E+00 1.49512E+00 5.46092E-01 3.93721E-01 4.50265E-02 8.99891E+00 
4.50265E-02 4.23578E-01 5.75981E-01 1.52094E+00 1.52095E+00 1.52109E+00 1.52301E+00 5.75981E-01 4.23578E-01 4.50265E-02 9.69467E+00 
4.50265E-02 5.85339E-01 7.37892E-01 1.67321E+00 1.67322E+00 1.67338E+00 1.67537E+00 7.37892E-01 5.85339E-01 4.50265E-02 1.35418E+01 
4.50265E-02 7.82924E-01 9.35631E-01 1.86125E+00 1.86126E+00 1.86144E+00 1.86349E+00 9.35631E-01 7.82924E-01 4.50265E-02 1.84071E+01 
4.50265E-02 1.02182E+00 1.17468E+00 2.09054E+00 2.09056E+00 2.09075E+00 2.09288E+00 1.17468E+00 1.02182E+00 4.50265E-02 2.45031E+01 
4.50265E-02 1.30821E+00 1.46123E+00 2.36730E+00 2.36732E+00 2.36753E+00 2.36973E+00 1.46123E+00 1.30821E+00 4.50265E-02 3.20714E+01 
2.67576E-01 1.62027E+00 1.77346E+00 2.66978E+00 2.66980E+00 2.67004E+00 2.67231E+00 1.77346E+00 1.62027E+00 2.67576E-01 4.12298E+01 
6.49704E-01 1.99068E+00 2.14403E+00 3.03054E+00 3.03056E+00 3.03082E+00 3.03318E+00 2.14403E+00 1.99068E+00 6.49704E-01 5.23122E+01 
1.10613E+00 2.43526E+00 2.58879E+00 3.46539E+00 3.46542E+00 3.46570E+00 3.46814E+00 2.58879E+00 2.43526E+00 1.10613E+00 6.56772E+01 
1.64779E+00 2.96499E+00 3.11869E+00 3.98530E+00 3.98534E+00 3.98565E+00 3.98817E+00 3.11869E+00 2.96499E+00 1.64779E+00 8.16968E+01 
2.28694E+00 3.59210E+00 3.74598E+00 4.60255E+00 4.60259E+00 4.60293E+00 4.60554E+00 3.74598E+00 3.59210E+00 2.28694E+00 1.00780E+02 
3.03721E+00 4.33026E+00 4.48432E+00 5.33078E+00 5.33082E+00 5.33120E+00 5.33390E+00 4.48432E+00 4.33026E+00 3.03721E+00 1.23372E+02 
3.91372E+00 5.19460E+00 5.34884E+00 6.18515E+00 6.18520E+00 6.18560E+00 6.18840E+00 5.34884E+00 5.19460E+00 3.91372E+00 1.49953E+02 
4.93318E+00 6.20182E+00 6.35625E+00 7.18238E+00 7.18242E+00 7.18287E+00 7.18576E+00 6.35625E+00 6.20182E+00 4.93318E+00 1.81034E+02 
6.11391E+00 7.37027E+00 7.52489E+00 8.34080E+00 8.34086E+00 8.34134E+00 8.34434E+00 7.52489E+00 7.37027E+00 6.11391E+00 2.17156E+02 
7.47595E+00 8.71999E+00 8.87480E+00 9.68049E+00 9.68055E+00 9.68107E+00 9.68418E+00 8.87481E+00 8.71999E+00 7.47595E+00 2.58885E+02 
9.04102E+00 1.02727E+01 1.04277E+01 1.12232E+01 1.12232E+01 1.12238E+01 1.12270E+01 1.04277E+01 1.02727E+01 9.04102E+00 3.06805E+02 
1.08326E+01 1.20519E+01 1.22071E+01 1.29923E+01 1.29924E+01 1.29930E+01 1.29964E+01 1.22071E+01 1.20519E+01 1.08326E+01 3.61515E+02 
1.28758E+01 1.40827E+01 1.42381E+01 1.50131E+01 1.50132E+01 1.50139E+01 1.50173E+01 1.42381E+01 1.40827E+01 1.28758E+01 4.23622E+02 
4.24425E-02 1.39755E-01 1.12017E-01 1.05136E+00 1.05137E+00 1.05144E+00 1.05322E+00 1.12018E-01 1.39755E-01 4.24425E-02 -1.00021E+00 
4.24425E-02 1.39755E-01 1.34997E-01 1.06623E+00 1.06623E+00 1.06632E+00 1.06814E+00 1.34998E-01 1.39755E-01 4.24425E-02 -3.59003E-01 
4.24425E-02 1.54887E-02 1.68293E-01 1.09143E+00 1.09143E+00 1.09153E+00 1.09341E+00 1.68293E-01 1.54887E-02 4.24425E-02 4.61377E-01 
4.24425E-02 6.04090E-02 2.13337E-01 1.12838E+00 1.12839E+00 1.12850E+00 1.13044E+00 2.13337E-01 6.04090E-02 4.24425E-02 1.48560E+00 
4.24425E-02 1.19575E-01 2.72630E-01 1.17950E+00 1.17951E+00 1.17963E+00 1.18163E+00 2.72631E-01 1.19575E-01 4.24425E-02 2.80547E+00 
4.24425E-02 1.95212E-01 3.48398E-01 1.24701E+00 1.24702E+00 1.24716E+00 1.24922E+00 3.48398E-01 1.95212E-01 4.24425E-02 4.49465E+00 
4.24425E-02 2.89815E-01 4.43134E-01 1.33342E+00 1.33343E+00 1.33359E+00 1.33571E+00 4.43134E-01 2.89815E-01 4.24425E-02 6.64023E+00 
4.24425E-02 3.77787E-01 5.31211E-01 1.41501E+00 1.41503E+00 1.41519E+00 1.41736E+00 5.31211E-01 3.77787E-01 4.24425E-02 8.67752E+00 
4.24425E-02 4.06171E-01 5.59627E-01 1.44152E+00 1.44154E+00 1.44171E+00 1.44390E+00 5.59627E-01 4.06171E-01 4.24425E-02 9.34386E+00 
4.24425E-02 5.59603E-01 7.13210E-01 1.58599E+00 1.58601E+00 1.58620E+00 1.58846E+00 7.13210E-01 5.59603E-01 4.24425E-02 1.30197E+01 
4.24425E-02 7.46366E-01 9.00127E-01 1.76375E+00 1.76377E+00 1.76398E+00 1.76631E+00 9.00127E-01 7.46366E-01 4.24425E-02 1.76504E+01 
4.24425E-02 9.71438E-01 1.12536E+00 1.97976E+00 1.97978E+00 1.98002E+00 1.98243E+00 1.12536E+00 9.71438E-01 4.24425E-02 2.34296E+01 
4.24425E-02 1.24043E+00 1.39451E+00 2.23966E+00 2.23968E+00 2.23994E+00 2.24243E+00 1.39451E+00 1.24043E+00 4.24425E-02 3.05759E+01 
2.51881E-01 1.53387E+00 1.68812E+00 2.52406E+00 2.52409E+00 2.52437E+00 2.52694E+00 1.68812E+00 1.53387E+00 2.51881E-01 3.91700E+01 
6.10367E-01 1.88119E+00 2.03560E+00 2.86226E+00 2.86230E+00 2.86261E+00 2.86527E+00 2.03560E+00 1.88119E+00 6.10367E-01 4.95267E+01 
1.03704E+00 2.29658E+00 2.45116E+00 3.26846E+00 3.26850E+00 3.26884E+00 3.27159E+00 2.45116E+00 2.29658E+00 1.03704E+00 6.19701E+01 
1.54166E+00 2.78983E+00 2.94458E+00 3.75245E+00 3.75249E+00 3.75286E+00 3.75571E+00 2.94458E+00 2.78983E+00 1.54166E+00 7.68294E+01 
2.13514E+00 3.37184E+00 3.52677E+00 4.32515E+00 4.32519E+00 4.32560E+00 4.32855E+00 3.52677E+00 3.37184E+00 2.13514E+00 9.44642E+01 
2.82957E+00 4.05472E+00 4.20984E+00 4.99867E+00 4.99872E+00 4.99916E+00 5.00221E+00 4.20984E+00 4.05472E+00 2.82957E+00 1.15264E+02 
3.63829E+00 4.85184E+00 5.00714E+00 5.78638E+00 5.78643E+00 5.78691E+00 5.79007E+00 5.00714E+00 4.85184E+00 3.63829E+00 1.39644E+02 
4.57599E+00 5.77788E+00 5.93337E+00 6.70298E+00 6.70304E+00 6.70356E+00 6.70683E+00 5.93337E+00 5.77788E+00 4.57599E+00 1.68045E+02 
5.65872E+00 6.84890E+00 7.00458E+00 7.76455E+00 7.76460E+00 7.76518E+00 7.76855E+00 7.00458E+00 6.84890E+00 5.65872E+00 2.00931E+02 
6.90392E+00 8.08237E+00 8.23824E+00 8.98854E+00 8.98860E+00 8.98922E+00 8.99272E+00 8.23824E+00 8.08237E+00 6.90392E+00 2.38781E+02 
8.33044E+00 9.49713E+00 9.65319E+00 1.03938E+01 1.03939E+01 1.03946E+01 1.03982E+01 9.65319E+00 9.49713E+00 8.33044E+00 2.82086E+02 
9.95853E+00 1.11134E+01 1.12697E+01 1.20006E+01 1.20007E+01 1.20014E+01 1.20052E+01 1.12697E+01 1.11134E+01 9.95853E+00 3.31346E+02 
1.18097E+01 1.29529E+01 1.31093E+01 1.38306E+01 1.38307E+01 1.38315E+01 1.38353E+01 1.31093E+01 1.29529E+01 1.18097E+01 3.87062E+02 
3.99814E-02 1.35151E-01 1.13689E-01 9.90277E-01 9.90279E-01 9.90371E-01 9.92391E-01 1.13689E-01 1.35151E-01 3.99814E-02 -9.71283E-01 
3.99814E-02 1.35151E-01 1.36415E-01 1.00533E+00 1.00534E+00 1.00544E+00 1.00752E+00 1.36415E-01 1.35151E-01 3.99814E-02 -3.47138E-01 
3.99814E-02 1.51102E-02 1.68975E-01 1.03024E+00 1.03025E+00 1.03037E+00 1.03251E+00 1.68975E-01 1.51102E-02 3.99814E-02 4.50253E-01 
3.99814E-02 5.86944E-02 2.12684E-01 1.06631E+00 1.06632E+00 1.06645E+00 1.06865E+00 2.12684E-01 5.86944E-02 3.99814E-02 1.44375E+00 
3.99814E-02 1.15753E-01 2.69870E-01 1.11577E+00 1.11578E+00 1.11593E+00 1.11820E+00 2.69870E-01 1.15753E-01 3.99814E-02 2.72105E+00 
3.99814E-02 1.88330E-01 3.42577E-01 1.18068E+00 1.18069E+00 1.18085E+00 1.18319E+00 3.42578E-01 1.88330E-01 3.99814E-02 4.35113E+00 
3.99814E-02 2.78709E-01 4.33091E-01 1.26332E+00 1.26334E+00 1.26352E+00 1.26593E+00 4.33091E-01 2.78709E-01 3.99814E-02 6.41513E+00 
3.99814E-02 3.62462E-01 5.16950E-01 1.34105E+00 1.34107E+00 1.34127E+00 1.34373E+00 5.16950E-01 3.62462E-01 3.99814E-02 8.36909E+00 
3.99814E-02 3.89437E-01 5.43957E-01 1.36626E+00 1.36628E+00 1.36648E+00 1.36896E+00 5.43957E-01 3.89437E-01 3.99814E-02 9.00707E+00 
3.99814E-02 5.34910E-01 6.89581E-01 1.50328E+00 1.50330E+00 1.50352E+00 1.50608E+00 6.89581E-01 5.34910E-01 3.99814E-02 1.25179E+01 
3.99814E-02 7.11360E-01 8.66186E-01 1.67122E+00 1.67124E+00 1.67149E+00 1.67413E+00 8.66186E-01 7.11360E-01 3.99814E-02 1.69231E+01 
3.99814E-02 9.23301E-01 1.07829E+00 1.87461E+00 1.87464E+00 1.87491E+00 1.87764E+00 1.07829E+00 9.23301E-01 3.99814E-02 2.23984E+01 
3.99814E-02 1.17580E+00 1.33095E+00 2.11853E+00 2.11856E+00 2.11886E+00 2.12167E+00 1.33095E+00 1.17580E+00 3.99814E-02 2.91412E+01 
2.36953E-01 1.45156E+00 1.60686E+00 2.38574E+00 2.38578E+00 2.38611E+00 2.38902E+00 1.60686E+00 1.45156E+00 2.36953E-01 3.71994E+01 
5.73027E-01 1.77699E+00 1.93246E+00 2.70258E+00 2.70261E+00 2.70298E+00 2.70598E+00 1.93246E+00 1.77699E+00 5.73027E-01 4.68692E+01 
9.71585E-01 2.16479E+00 2.32044E+00 3.08171E+00 3.08175E+00 3.08215E+00 3.08526E+00 2.32044E+00 2.16479E+00 9.71585E-01 5.84433E+01 
1.44134E+00 2.62370E+00 2.77952E+00 3.53188E+00 3.53193E+00 3.53237E+00 3.53557E+00 2.77952E+00 2.62370E+00 1.44134E+00 7.22119E+01 
1.99196E+00 3.16340E+00 3.31939E+00 4.06278E+00 4.06283E+00 4.06331E+00 4.06662E+00 3.31939E+00 3.16340E+00 1.99196E+00 8.84901E+01 
2.63414E+00 3.79457E+00 3.95075E+00 4.68512E+00 4.68517E+00 4.68570E+00 4.68912E+00 3.95075E+00 3.79457E+00 2.63414E+00 1.07616E+02 
3.37962E+00 4.52900E+00 4.68536E+00 5.41067E+00 5.41072E+00 5.41130E+00 5.41484E+00 4.68536E+00 4.52900E+00 3.37962E+00 1.29950E+02 
4.24129E+00 5.37956E+00 5.53611E+00 6.25232E+00 6.25238E+00 6.25300E+00 6.25667E+00 5.53611E+00 5.37956E+00 4.24129E+00 1.55869E+02 
5.23314E+00 6.36025E+00 6.51699E+00 7.22408E+00 7.22415E+00 7.22482E+00 7.22861E+00 6.51699E+00 6.36025E+00 5.23314E+00 1.85766E+02 
6.37032E+00 7.48625E+00 7.64318E+00 8.34114E+00 8.34121E+00 8.34194E+00 8.34586E+00 7.64318E+00 7.48625E+00 6.37032E+00 2.20047E+02 
7.66912E+00 8.77383E+00 8.93095E+00 9.61978E+00 9.61985E+00 9.62065E+00 9.62471E+00 8.93095E+00 8.77383E+00 7.66912E+00 2.59121E+02 
9.14693E+00 1.02404E+01 1.03977E+01 1.10774E+01 1.10775E+01 1.10784E+01 1.10826E+01 1.03977E+01 1.02404E+01 9.14693E+00 3.03403E+02 
1.08222E+01 1.19044E+01 1.20620E+01 1.27325E+01 1.27326E+01 1.27335E+01 1.27379E+01 1.20620E+01 1.19044E+01 1.08222E+01 3.53302E+02 
3.76381E-02 1.30703E-01 1.15343E-01 9.32625E-01 9.32625E-01 9.32731E-01 9.35019E-01 1.15343E-01 1.30703E-01 3.76381E-02 -9.43769E-01 
3.76381E-02 1.30703E-01 1.37831E-01 9.47865E-01 9.47868E-01 9.47989E-01 9.50343E-01 1.37831E-01 1.30703E-01 3.76381E-02 -3.35531E-01 
3.76381E-02 1.47444E-02 1.69681E-01 9.72486E-01 9.72491E-01 9.72628E-01 9.75050E-01 1.69681E-01 1.47444E-02 3.76381E-02 4.40169E-01 
3.76381E-02 5.70368E-02 2.12098E-01 1.00768E+00 1.00769E+00 1.00784E+00 1.01033E+00 2.12098E-01 5.70368E-02 3.76381E-02 1.40442E+00 
3.76381E-02 1.12060E-01 2.67250E-01 1.05553E+00 1.05554E+00 1.05572E+00 1.05828E+00 2.67250E-01 1.12060E-01 3.76381E-02 2.64090E+00 
3.76381E-02 1.81688E-01 3.37008E-01 1.11792E+00 1.11793E+00 1.11813E+00 1.12076E+00 3.37008E-01 1.81688E-01 3.76381E-02 4.21413E+00 
3.76381E-02 2.68008E-01 4.23463E-01 1.19694E+00 1.19696E+00 1.19717E+00 1.19988E+00 4.23463E-01 2.68008E-01 3.76381E-02 6.19946E+00 
3.76381E-02 3.47718E-01 5.03280E-01 1.27096E+00 1.27098E+00 1.27122E+00 1.27399E+00 5.03280E-01 3.47718E-01 3.76381E-02 8.07306E+00 
3.76381E-02 3.73344E-01 5.28937E-01 1.29492E+00 1.29494E+00 1.29518E+00 1.29797E+00 5.28937E-01 3.73344E-01 3.76381E-02 8.68370E+00 
3.76381E-02 5.11212E-01 6.66957E-01 1.42481E+00 1.42483E+00 1.42509E+00 1.42798E+00 6.66957E-01 5.11212E-01 3.76381E-02 1.20355E+01 
3.76381E-02 6.77836E-01 8.33736E-01 1.58340E+00 1.58343E+00 1.58372E+00 1.58669E+00 8.33736E-01 6.77836E-01 3.76381E-02 1.62239E+01 
3.76381E-02 8.77302E-01 1.03336E+00 1.77480E+00 1.77483E+00 1.77515E+00 1.77822E+00 1.03336E+00 8.77302E-01 3.76381E-02 2.14079E+01 
3.76381E-02 1.11418E+00 1.27040E+00 2.00357E+00 2.00361E+00 2.00396E+00 2.00713E+00 1.27040E+00 1.11418E+00 3.76381E-02 2.77650E+01 
2.22758E-01 1.37313E+00 1.52951E+00 2.25447E+00 2.25450E+00 2.25490E+00 2.25817E+00 1.52951E+00 1.37313E+00 2.22758E-01 3.53141E+01 
5.37594E-01 1.67782E+00 1.83437E+00 2.55104E+00 2.55108E+00 2.55152E+00 2.55489E+00 1.83437E+00 1.67782E+00 5.37594E-01 4.43342E+01 
9.09607E-01 2.03959E+00 2.19631E+00 2.90463E+00 2.90467E+00 2.90514E+00 2.90863E+00 2.19631E+00 2.03959E+00 9.09607E-01 5.50888E+01 
1.34654E+00 2.46619E+00 2.62308E+00 3.32298E+00 3.32303E+00 3.32354E+00 3.32715E+00 2.62308E+00 2.46619E+00 1.34654E+00 6.78329E+01 
1.85696E+00 2.96619E+00 3.12326E+00 3.81468E+00 3.81473E+00 3.81530E+00 3.81902E+00 3.12326E+00 2.96619E+00 1.85696E+00 8.28413E+01 
2.45028E+00 3.54903E+00 3.70628E+00 4.38917E+00 4.38923E+00 4.38985E+00 4.39370E+00 3.70628E+00 3.54903E+00 2.45028E+00 1.00407E+02 
3.13682E+00 4.22503E+00 4.38246E+00 5.05680E+00 5.05686E+00 5.05753E+00 5.06151E+00 4.38246E+00 4.22503E+00 3.13682E+00 1.20839E+02 
3.92782E+00 5.00544E+00 5.16306E+00 5.82880E+00 5.82887E+00 5.82960E+00 5.83371E+00 5.16306E+00 5.00544E+00 3.92782E+00 1.44459E+02 
4.83545E+00 5.90245E+00 6.06026E+00 6.71738E+00 6.71745E+00 6.71825E+00 6.72250E+00 6.06026E+00 5.90245E+00 4.83545E+00 1.71600E+02 
5.87284E+00 6.92918E+00 7.08717E+00 7.73567E+00 7.73575E+00 7.73661E+00 7.74101E+00 7.08717E+00 6.92918E+00 5.87284E+00 2.02600E+02 
7.05398E+00 8.09964E+00 8.25782E+00 8.89768E+00 8.89777E+00 8.89871E+00 8.90325E+00 8.25782E+00 8.09964E+00 7.05398E+00 2.37801E+02 
8.39377E+00 9.42873E+00 9.58711E+00 1.02183E+01 1.02184E+01 1.02194E+01 1.02241E+01 9.58711E+00 9.42873E+00 8.39377E+00 2.77541E+02 
9.90790E+00 1.09322E+01 1.10907E+01 1.17133E+01 1.17134E+01 1.17145E+01 1.17194E+01 1.10907E+01 1.09322E+01 9.90790E+00 3.22153E+02 
3.54075E-02 1.26403E-01 1.16985E-01 8.78215E-01 8.78215E-01 8.78331E-01 8.80913E-01 1.16985E-01 1.26403E-01 3.54075E-02 -9.17522E-01 
3.54075E-02 1.26403E-01 1.39246E-01 8.93627E-01 8.93630E-01 8.93764E-01 8.96419E-01 1.39246E-01 1.26403E-01 3.54075E-02 -3.24082E-01 
3.54075E-02 1.43904E-02 1.70409E-01 9.17959E-01 9.17964E-01 9.18119E-01 9.20848E-01 1.70409E-01 1.43904E-02 3.54075E-02 4.31159E-01 
3.54075E-02 5.54320E-02 2.11575E-01 9.52301E-01 9.52309E-01 9.52484E-01 9.55291E-01 2.11576E-01 5.54320E-02 3.54075E-02 1.36754E+00 
3.54075E-02 1.08489E-01 2.64760E-01 9.98587E-01 9.98598E-01 9.98796E-01 1.00168E+00 2.64760E-01 1.08489E-01 3.54075E-02 2.56489E+00 
3.54075E-02 1.75273E-01 3.31676E-01 1.05854E+00 1.05855E+00 1.05877E+00 1.06174E+00 3.31676E-01 1.75273E-01 3.54075E-02 4.08337E+00 
3.54075E-02 2.57692E-01 4.14230E-01 1.13407E+00 1.13408E+00 1.13433E+00 1.13738E+00 4.14230E-01 2.57692E-01 3.54075E-02 5.99281E+00 
3.54075E-02 3.33527E-01 4.90171E-01 1.20453E+00 1.20455E+00 1.20482E+00 1.20794E+00 4.90171E-01 3.33527E-01 3.54075E-02 7.78888E+00 
3.54075E-02 3.57860E-01 5.14536E-01 1.22729E+00 1.22731E+00 1.22759E+00 1.23073E+00 5.14536E-01 3.57860E-01 3.54075E-02 8.37315E+00 
3.54075E-02 4.88462E-01 6.45290E-01 1.35036E+00 1.35038E+00 1.35069E+00 1.35393E+00 6.45290E-01 4.88462E-01 3.54075E-02 1.15718E+01 
3.54075E-02 6.45727E-01 8.02710E-01 1.50005E+00 1.50007E+00 1.50041E+00 1.50376E+00 8.02710E-01 6.45727E-01 3.54075E-02 1.55517E+01 
3.54075E-02 8.33344E-01 9.90484E-01 1.68005E+00 1.68008E+00 1.68045E+00 1.68390E+00 9.90484E-01 8.33344E-01 3.54075E-02 2.04564E+01 
3.54075E-02 1.05543E+00 1.21273E+00 1.89448E+00 1.89452E+00 1.89493E+00 1.89849E+00 1.21273E+00 1.05543E+00 3.54075E-02 2.64450E+01 
2.09265E-01 1.29842E+00 1.45588E+00 2.12987E+00 2.12991E+00 2.13037E+00 2.13404E+00 1.45588E+00 1.29842E+00 2.09265E-01 3.35108E+01 
5.03983E-01 1.58347E+00 1.74110E+00 2.40726E+00 2.40731E+00 2.40781E+00 2.41160E+00 1.74110E+00 1.58347E+00 5.03983E-01 4.19165E+01 
8.50941E-01 1.92067E+00 2.07847E+00 2.73673E+00 2.73678E+00 2.73734E+00 2.74125E+00 2.07847E+00 1.92067E+00 8.50941E-01 5.18990E+01 
1.25700E+00 2.31688E+00 2.47485E+00 3.12516E+00 3.12521E+00 3.12582E+00 3.12986E+00 2.47485E+00 2.31688E+00 1.25700E+00 6.36813E+01 
1.72972E+00 2.77968E+00 2.93782E+00 3.58012E+00 3.58018E+00 3.58085E+00 3.58502E+00 2.93782E+00 2.77968E+00 1.72972E+00 7.75019E+01 
2.27738E+00 3.31735E+00 3.47568E+00 4.10992E+00 4.10998E+00 4.11071E+00 4.11502E+00 3.47568E+00 3.31735E+00 2.27738E+00 9.36133E+01 
2.90901E+00 3.93893E+00 4.09743E+00 4.72359E+00 4.72366E+00 4.72445E+00 4.72890E+00 4.09743E+00 3.93893E+00 2.90901E+00 1.12279E+02 
3.63438E+00 4.65421E+00 4.81290E+00 5.43094E+00 5.43101E+00 5.43188E+00 5.43648E+00 4.81290E+00 4.65421E+00 3.63438E+00 1.33773E+02 
4.46404E+00 5.47375E+00 5.63262E+00 6.24252E+00 6.24260E+00 6.24354E+00 6.24830E+00 5.63262E+00 5.47375E+00 4.46404E+00 1.58374E+02 
5.40930E+00 6.40885E+00 6.56791E+00 7.16966E+00 7.16974E+00 7.17076E+00 7.17568E+00 6.56791E+00 6.40885E+00 5.40930E+00 1.86362E+02 
6.48216E+00 7.47152E+00 7.63077E+00 8.22436E+00 8.22445E+00 8.22556E+00 8.23064E+00 7.63077E+00 7.47152E+00 6.48216E+00 2.18020E+02 
7.69529E+00 8.67447E+00 8.83390E+00 9.41934E+00 9.41944E+00 9.42064E+00 9.42589E+00 8.83390E+00 8.67447E+00 7.69529E+00 2.53621E+02 
9.06201E+00 1.00310E+01 1.01906E+01 1.07679E+01 1.07680E+01 1.07693E+01 1.07747E+01 1.01906E+01 1.00310E+01 9.06201E+00 2.93433E+02 
3.32850E-02 1.22241E-01 1.18617E-01 8.26869E-01 8.26867E-01 8.26994E-01 8.29899E-01 1.18617E-01 1.22241E-01 3.32850E-02 -8.92389E-01 
3.32850E-02 1.22241E-01 1.40661E-01 8.42441E-01 8.42443E-01 8.42592E-01 8.45578E-01 1.40662E-01 1.22241E-01 3.32850E-02 -3.12682E-01 
3.32850E-02 1.40468E-02 1.71158E-01 8.66482E-01 8.66487E-01 8.66659E-01 8.69729E-01 1.71158E-01 1.40468E-02 3.32850E-02 4.23274E-01 
3.32850E-02 5.38757E-02 2.11112E-01 8.99987E-01 8.99994E-01 9.00193E-01 9.03348E-01 2.11112E-01 5.38757E-02 3.32850E-02 1.33311E+00 
3.32850E-02 1.05030E-01 2.62394E-01 9.44750E-01 9.44761E-01 9.44987E-01 9.48230E-01 2.62394E-01 1.05030E-01 3.32850E-02 2.49290E+00 
3.32850E-02 1.69073E-01 3.26568E-01 1.00234E+00 1.00236E+00 1.00261E+00 1.00595E+00 3.26568E-01 1.69073E-01 3.32850E-02 3.95863E+00 
3.32850E-02 2.47742E-01 4.05372E-01 1.07451E+00 1.07453E+00 1.07481E+00 1.07824E+00 4.05372E-01 2.47742E-01 3.32850E-02 5.79484E+00 
3.32850E-02 3.19861E-01 4.77596E-01 1.14156E+00 1.14158E+00 1.14189E+00 1.14540E+00 4.77596E-01 3.19861E-01 3.32850E-02 7.51607E+00 
3.32850E-02 3.42958E-01 5.00725E-01 1.16317E+00 1.16319E+00 1.16351E+00 1.16704E+00 5.00725E-01 3.42958E-01 3.32850E-02 8.07489E+00 
3.32850E-02 4.66618E-01 6.24536E-01 1.27972E+00 1.27974E+00 1.28010E+00 1.28374E+00 6.24536E-01 4.66618E-01 3.32850E-02 1.11259E+01 
3.32850E-02 6.14969E-01 7.73042E-01 1.42092E+00 1.42095E+00 1.42134E+00 1.42509E+00 7.73042E-01 6.14969E-01 3.32850E-02 1.49053E+01 
3.32850E-02 7.91335E-01 9.49565E-01 1.59009E+00 1.59013E+00 1.59057E+00 1.59444E+00 9.49565E-01 7.91335E-01 3.32850E-02 1.95423E+01 
3.32850E-02 9.99412E-01 1.15780E+00 1.79095E+00 1.79099E+00 1.79148E+00 1.79547E+00 1.15780E+00 9.99412E-01 3.32850E-02 2.51789E+01 
1.96443E-01 1.22726E+00 1.38581E+00 2.01162E+00 2.01166E+00 2.01220E+00 2.01632E+00 1.38581E+00 1.22726E+00 1.96443E-01 3.17862E+01 
4.72112E-01 1.49372E+00 1.65243E+00 2.27085E+00 2.27089E+00 2.27149E+00 2.27574E+00 1.65243E+00 1.49372E+00 4.72112E-01 3.96113E+01 
7.95433E-01 1.80773E+00 1.96662E+00 2.57757E+00 2.57762E+00 2.57828E+00 2.58266E+00 1.96662E+00 1.80773E+00 7.95433E-01 4.88667E+01 
1.17247E+00 2.17539E+00 2.33444E+00 2.93788E+00 2.93793E+00 2.93865E+00 2.94318E+00 2.33444E+00 2.17539E+00 1.17247E+00 5.97466E+01 
1.60987E+00 2.60333E+00 2.76256E+00 3.35843E+00 3.35849E+00 3.35928E+00 3.36395E+00 2.76256E+00 2.60333E+00 1.60987E+00 7.24571E+01 
2.11489E+00 3.09883E+00 3.25823E+00 3.84649E+00 3.84656E+00 3.84742E+00 3.85225E+00 3.25823E+00 3.09883E+00 2.11489E+00 8.72144E+01 
2.69538E+00 3.66976E+00 3.82933E+00 4.40995E+00 4.41003E+00 4.41097E+00 4.41595E+00 3.82933E+00 3.66976E+00 2.69538E+00 1.04243E+02 
3.35985E+00 4.32460E+00 4.48436E+00 5.05731E+00 5.05740E+00 5.05842E+00 5.06357E+00 4.48436E+00 4.32460E+00 3.35985E+00 1.23772E+02 
4.11737E+00 5.07248E+00 5.23242E+00 5.79768E+00 5.79777E+00 5.79888E+00 5.80420E+00 5.23242E+00 5.07248E+00 4.11737E+00 1.46033E+02 
4.97766E+00 5.92308E+00 6.08321E+00 6.64077E+00 6.64087E+00 6.64207E+00 6.64757E+00 6.08321E+00 5.92308E+00 4.97766E+00 1.71261E+02 
5.95093E+00 6.88666E+00 7.04697E+00 7.59683E+00 7.59693E+00 7.59824E+00 7.60391E+00 7.04697E+00 6.88666E+00 5.95093E+00 1.99681E+02 
7.04796E+00 7.97397E+00 8.13446E+00 8.67662E+00 8.67673E+00 8.67815E+00 8.68401E+00 8.13446E+00 7.97397E+00 7.04796E+00 2.31516E+02 
8.27992E+00 9.19621E+00 9.35689E+00 9.89135E+00 9.89147E+00 9.89300E+00 9.89906E+00 9.35689E+00 9.19621E+00 8.27992E+00 2.66976E+02 
3.12661E-02 1.18209E-01 1.20244E-01 7.78416E-01 7.78413E-01 7.78553E-01 7.81817E-01 1.20244E-01 1.18209E-01 3.12661E-02 -8.68204E-01 
3.12661E-02 1.18209E-01 1.42078E-01 7.94135E-01 7.94135E-01 7.94302E-01 7.97657E-01 1.42078E-01 1.18209E-01 3.12661E-02 -3.01207E-01 
3.12661E-02 1.37126E-02 1.71925E-01 8.17882E-01 8.17886E-01 8.18082E-01 8.21529E-01 1.71925E-01 1.37126E-02 3.12661E-02 4.16577E-01 
3.12661E-02 5.23641E-02 2.10702E-01 8.50564E-01 8.50571E-01 8.50798E-01 8.54340E-01 2.10702E-01 5.23641E-02 3.12661E-02 1.30111E+00 
3.12661E-02 1.01677E-01 2.60142E-01 8.93844E-01 8.93855E-01 8.94115E-01 8.97755E-01 2.60142E-01 1.01677E-01 3.12661E-02 2.42484E+00 
3.12661E-02 1.63075E-01 3.21672E-01 9.49154E-01 9.49169E-01 9.49464E-01 9.53206E-01 3.21672E-01 1.63075E-01 3.12661E-02 3.83971E+00 
3.12661E-02 2.38139E-01 3.96869E-01 1.01808E+00 1.01810E+00 1.01843E+00 1.02228E+00 3.96869E-01 2.38139E-01 3.12661E-02 5.60520E+00 
3.12661E-02 3.06695E-01 4.65530E-01 1.08185E+00 1.08187E+00 1.08224E+00 1.08617E+00 4.65530E-01 3.06695E-01 3.12661E-02 7.25417E+00 
3.12661E-02 3.28608E-01 4.87475E-01 1.10236E+00 1.10239E+00 1.10276E+00 1.10671E+00 4.87475E-01 3.28608E-01 3.12661E-02 7.78844E+00 
3.12661E-02 4.45637E-01 6.04654E-01 1.21268E+00 1.21271E+00 1.21313E+00 1.21720E+00 6.04654E-01 4.45637E-01 3.12661E-02 1.06972E+01 
3.12661E-02 5.85501E-01 7.44671E-01 1.34579E+00 1.34582E+00 1.34629E+00 1.35049E+00 7.44671E-01 5.85501E-01 3.12661E-02 1.42838E+01 
3.12661E-02 7.51187E-01 9.10513E-01 1.50469E+00 1.50473E+00 1.50525E+00 1.50958E+00 9.10513E-01 7.51187E-01 3.12661E-02 1.86643E+01 
3.12661E-02 9.46006E-01 1.10549E+00 1.69269E+00 1.69274E+00 1.69331E+00 1.69778E+00 1.10549E+00 9.46006E-01 3.12661E-02 2.39647E+01 
1.84265E-01 1.15948E+00 1.31912E+00 1.89939E+00 1.89944E+00 1.90008E+00 1.90469E+00 1.31912E+00 1.15948E+00 1.84265E-01 3.01371E+01 
4.41904E-01 1.40834E+00 1.56815E+00 2.14143E+00 2.14148E+00 2.14219E+00 2.14694E+00 1.56815E+00 1.40834E+00 4.41904E-01 3.74138E+01 
7.42936E-01 1.70051E+00 1.86048E+00 2.42672E+00 2.42677E+00 2.42755E+00 2.43246E+00 1.86048E+00 1.70051E+00 7.42936E-01 4.59850E+01 
1.09270E+00 2.04133E+00 2.20147E+00 2.76060E+00 2.76067E+00 2.76152E+00 2.76658E+00 2.20147E+00 2.04133E+00 1.09270E+00 5.60190E+01 
1.49703E+00 2.43665E+00 2.59696E+00 3.14894E+00 3.14901E+00 3.14995E+00 3.15517E+00 2.59696E+00 2.43665E+00 1.49703E+00 6.76926E+01 
1.96224E+00 2.89279E+00 3.05328E+00 3.59807E+00 3.59815E+00 3.59917E+00 3.60457E+00 3.05328E+00 2.89279E+00 1.96224E+00 8.11901E+01 
2.49518E+00 3.41661E+00 3.57726E+00 4.11484E+00 4.11493E+00 4.11604E+00 4.12161E+00 3.57726E+00 3.41661E+00 2.49518E+00 9.67005E+01 
3.10315E+00 4.01542E+00 4.17626E+00 4.70659E+00 4.70668E+00 4.70790E+00 4.71365E+00 4.17626E+00 4.01542E+00 3.10315E+00 1.14416E+02 
3.79399E+00 4.69706E+00 4.85807E+00 5.38115E+00 5.38125E+00 5.38257E+00 5.38851E+00 4.85807E+00 4.69706E+00 3.79399E+00 1.34527E+02 
4.57596E+00 5.46981E+00 5.63100E+00 6.14681E+00 6.14691E+00 6.14834E+00 6.15448E+00 5.63100E+00 5.46981E+00 4.57596E+00 1.57225E+02 
5.45775E+00 6.34236E+00 6.50372E+00 7.01226E+00 7.01237E+00 7.01392E+00 7.02026E+00 6.50372E+00 6.34236E+00 5.45775E+00 1.82692E+02 
6.44843E+00 7.32378E+00 7.48532E+00 7.98658E+00 7.98671E+00 7.98838E+00 7.99493E+00 7.48532E+00 7.32378E+00 6.44843E+00 2.11104E+02 
7.55736E+00 8.42344E+00 8.58517E+00 9.07916E+00 9.07929E+00 9.08111E+00 9.08787E+00 8.58517E+00 8.42344E+00 7.55736E+00 2.42623E+02 
2.93462E-02 1.14298E-01 1.21868E-01 7.32697E-01 7.32692E-01 7.32849E-01 7.36514E-01 1.21868E-01 1.14298E-01 2.93462E-02 -8.44789E-01 
2.93462E-02 1.14298E-01 1.43497E-01 7.48547E-01 7.48546E-01 7.48736E-01 7.52502E-01 1.43497E-01 1.14298E-01 2.93462E-02 -2.89520E-01 
2.93462E-02 1.33867E-02 1.72711E-01 7.71996E-01 7.71999E-01 7.72225E-01 7.76093E-01 1.72711E-01 1.33867E-02 2.93462E-02 4.11152E-01 
2.93462E-02 5.08932E-02 2.10341E-01 8.03867E-01 8.03875E-01 8.04138E-01 8.08112E-01 2.10341E-01 5.08932E-02 2.93462E-02 1.27155E+00 
2.93462E-02 9.84221E-02 2.57997E-01 8.45702E-01 8.45714E-01 8.46017E-01 8.50100E-01 2.57997E-01 9.84221E-02 2.93462E-02 2.36062E+00 
2.93462E-02 1.57269E-01 3.16973E-01 8.98801E-01 8.98817E-01 8.99163E-01 9.03360E-01 3.16973E-01 1.57269E-01 2.93462E-02 3.72642E+00 
2.93462E-02 2.28864E-01 3.88702E-01 9.64602E-01 9.64623E-01 9.65014E-01 9.69328E-01 3.88702E-01 2.28864E-01 2.93462E-02 5.42358E+00 
2.93462E-02 2.94005E-01 4.53947E-01 1.02523E+00 1.02525E+00 1.02568E+00 1.03009E+00 4.53947E-01 2.94005E-01 2.93462E-02 7.00276E+00 
2.93462E-02 3.14785E-01 4.74758E-01 1.04468E+00 1.04471E+00 1.04515E+00 1.04959E+00 4.74758E-01 3.14785E-01 2.93462E-02 7.51333E+00 
2.93462E-02 4.25480E-01 5.85602E-01 1.14904E+00 1.14907E+00 1.14957E+00 1.15414E+00 5.85602E-01 4.25480E-01 2.93462E-02 1.02849E+01 
2.93462E-02 5.57264E-01 7.17536E-01 1.27445E+00 1.27449E+00 1.27505E+00 1.27976E+00 7.17536E-01 5.57264E-01 2.93462E-02 1.36863E+01 
2.93462E-02 7.12814E-01 8.73241E-01 1.42360E+00 1.42364E+00 1.42426E+00 1.42911E+00 8.73241E-01 7.12814E-01 2.93462E-02 1.78208E+01 
2.93462E-02 8.95089E-01 1.05567E+00 1.59944E+00 1.59949E+00 1.60018E+00 1.60518E+00 1.05567E+00 8.95089E-01 2.93462E-02 2.28003E+01 
1.72701E-01 1.09493E+00 1.25567E+00 1.79289E+00 1.79294E+00 1.79370E+00 1.79886E+00 1.25567E+00 1.09493E+00 1.72701E-01 2.85604E+01 
4.13284E-01 1.32715E+00 1.48805E+00 2.01867E+00 2.01873E+00 2.01957E+00 2.02489E+00 1.48805E+00 1.32715E+00 4.13284E-01 3.53194E+01 
6.93308E-01 1.59873E+00 1.75979E+00 2.28375E+00 2.28382E+00 2.28474E+00 2.29023E+00 1.75979E+00 1.59873E+00 6.93308E-01 4.32472E+01 
1.01746E+00 1.91436E+00 2.07558E+00 2.59284E+00 2.59291E+00 2.59393E+00 2.59959E+00 2.07558E+00 1.91436E+00 1.01746E+00 5.24886E+01 
1.39083E+00 2.27915E+00 2.44054E+00 2.95104E+00 2.95112E+00 2.95223E+00 2.95807E+00 2.44054E+00 2.27915E+00 1.39083E+00 6.31947E+01 
1.81893E+00 2.69860E+00 2.86016E+00 3.36387E+00 3.36396E+00 3.36518E+00 3.37120E+00 2.86016E+00 2.69860E+00 1.81893E+00 7.55211E+01 
2.30764E+00 3.17862E+00 3.34035E+00 3.83725E+00 3.83735E+00 3.83867E+00 3.84489E+00 3.34035E+00 3.17862E+00 2.30764E+00 8.96262E+01 
2.86328E+00 3.72553E+00 3.88743E+00 4.37749E+00 4.37759E+00 4.37903E+00 4.38546E+00 3.88743E+00 3.72553E+00 2.86328E+00 1.05669E+02 
3.49251E+00 4.34600E+00 4.50807E+00 4.99128E+00 4.99139E+00 4.99296E+00 4.99959E+00 4.50807E+00 4.34600E+00 3.49251E+00 1.23805E+02 
4.20238E+00 5.04707E+00 5.20932E+00 5.68566E+00 5.68578E+00 5.68748E+00 5.69433E+00 5.20932E+00 5.04707E+00 4.20238E+00 1.44189E+02 
5.00019E+00 5.83608E+00 5.99850E+00 6.46797E+00 6.46810E+00 6.46994E+00 6.47702E+00 5.99850E+00 5.83608E+00 5.00019E+00 1.66964E+02 
5.89356E+00 6.72062E+00 6.88322E+00 7.34582E+00 7.34596E+00 7.34795E+00 7.35526E+00 6.88322E+00 6.72062E+00 5.89356E+00 1.92269E+02 
6.89026E+00 7.70850E+00 7.87126E+00 8.32701E+00 8.32716E+00 8.32931E+00 8.33685E+00 7.87126E+00 7.70850E+00 6.89026E+00 2.20227E+02 
2.75214E-02 1.10500E-01 1.23493E-01 6.89560E-01 6.89554E-01 6.89737E-01 6.93850E-01 1.23493E-01 1.10500E-01 2.75214E-02 -8.21948E-01 
2.75214E-02 1.10500E-01 1.44919E-01 7.05525E-01 7.05523E-01 7.05746E-01 7.09971E-01 1.44919E-01 1.10500E-01 2.75214E-02 -2.77463E-01 
2.75214E-02 1.30681E-02 1.73512E-01 7.28671E-01 7.28674E-01 7.28939E-01 7.33279E-01 1.73512E-01 1.30681E-02 2.75214E-02 4.07101E-01 
2.75214E-02 4.94593E-02 2.10026E-01 7.59743E-01 7.59750E-01 7.60062E-01 7.64519E-01 2.10026E-01 4.94593E-02 2.75214E-02 1.24447E+00 
2.75214E-02 9.52588E-02 2.55951E-01 8.00168E-01 8.00180E-01 8.00540E-01 8.05119E-01 2.55951E-01 9.52588E-02 2.75214E-02 2.30021E+00 
2.75214E-02 1.51641E-01 3.12462E-01 8.51125E-01 8.51143E-01 8.51555E-01 8.56260E-01 3.12462E-01 1.51641E-01 2.75214E-02 3.61863E+00 
2.75214E-02 2.19902E-01 3.80853E-01 9.13917E-01 9.13939E-01 9.14406E-01 9.19241E-01 3.80853E-01 2.19902E-01 2.75214E-02 5.24973E+00 
2.75214E-02 2.81768E-01 4.42822E-01 9.71522E-01 9.71549E-01 9.72061E-01 9.77000E-01 4.42822E-01 2.81768E-01 2.75214E-02 6.76147E+00 
2.75214E-02 3.01463E-01 4.62548E-01 9.89968E-01 9.89996E-01 9.90521E-01 9.95491E-01 4.62548E-01 3.01463E-01 2.75214E-02 7.24916E+00 
2.75214E-02 4.06109E-01 5.67340E-01 1.08863E+00 1.08867E+00 1.08926E+00 1.09438E+00 5.67340E-01 4.06109E-01 2.75214E-02 9.88843E+00 
2.75214E-02 5.30202E-01 6.91582E-01 1.20671E+00 1.20675E+00 1.20742E+00 1.21269E+00 6.91582E-01 5.30202E-01 2.75214E-02 1.31117E+01 
2.75214E-02 6.76136E-01 8.37667E-01 1.34660E+00 1.34665E+00 1.34739E+00 1.35282E+00 8.37667E-01 6.76136E-01 2.75214E-02 1.70108E+01 
2.75214E-02 8.46547E-01 1.00823E+00 1.51094E+00 1.51100E+00 1.51182E+00 1.51742E+00 1.00823E+00 8.46547E-01 2.75214E-02 2.16840E+01 
1.61725E-01 1.03346E+00 1.19530E+00 1.69182E+00 1.69188E+00 1.69279E+00 1.69857E+00 1.19530E+00 1.03346E+00 1.61725E-01 2.70534E+01 
3.86180E-01 1.24995E+00 1.41194E+00 1.90223E+00 1.90230E+00 1.90330E+00 1.90925E+00 1.41194E+00 1.24995E+00 3.86180E-01 3.33239E+01 
6.46415E-01 1.50213E+00 1.66429E+00 2.14829E+00 2.14836E+00 2.14947E+00 2.15560E+00 1.66429E+00 1.50213E+00 6.46415E-01 4.06469E+01 
9.46529E-01 1.79413E+00 1.95644E+00 2.43411E+00 2.43419E+00 2.43540E+00 2.44173E+00 1.95644E+00 1.79413E+00 9.46529E-01 4.91464E+01 
1.29095E+00 2.13037E+00 2.29285E+00 2.76414E+00 2.76423E+00 2.76556E+00 2.77208E+00 2.29285E+00 2.13037E+00 1.29095E+00 5.89503E+01 
1.68444E+00 2.51563E+00 2.67827E+00 3.14315E+00 3.14325E+00 3.14470E+00 3.15143E+00 2.67827E+00 2.51563E+00 1.68444E+00 7.01893E+01 
2.13208E+00 2.95499E+00 3.11779E+00 3.57624E+00 3.57634E+00 3.57792E+00 3.58487E+00 3.11779E+00 2.95499E+00 2.13208E+00 8.29946E+01 
2.63926E+00 3.45384E+00 3.61681E+00 4.06880E+00 4.06892E+00 4.07063E+00 4.07781E+00 3.61681E+00 3.45384E+00 2.63926E+00 9.74963E+01 
3.21164E+00 4.01787E+00 4.18100E+00 4.62653E+00 4.62665E+00 4.62852E+00 4.63592E+00 4.18100E+00 4.01787E+00 3.21164E+00 1.13821E+02 
3.85517E+00 4.65302E+00 4.81632E+00 5.25537E+00 5.25550E+00 5.25752E+00 5.26517E+00 4.81632E+00 4.65302E+00 3.85517E+00 1.32090E+02 
4.57598E+00 5.36544E+00 5.52890E+00 5.96147E+00 5.96162E+00 5.96380E+00 5.97169E+00 5.52890E+00 5.36544E+00 4.57598E+00 1.52417E+02 
5.38039E+00 6.16145E+00 6.32508E+00 6.75116E+00 6.75132E+00 6.75369E+00 6.76183E+00 6.32508E+00 6.16145E+00 5.38039E+00 1.74905E+02 
6.27483E+00 7.04748E+00 7.21127E+00 7.63088E+00 7.63105E+00 7.63360E+00 7.64201E+00 7.21127E+00 7.04748E+00 6.27483E+00 1.99647E+02 
2.57875E-02 1.06807E-01 1.25122E-01 6.48866E-01 6.48858E-01 6.49077E-01 6.53694E-01 1.25122E-01 1.06807E-01 2.57875E-02 -7.99467E-01 
2.57875E-02 1.06807E-01 1.46344E-01 6.64928E-01 6.64925E-01 6.65193E-01 6.69934E-01 1.46344E-01 1.06807E-01 2.57875E-02 -2.64858E-01 
2.57875E-02 1.27556E-02 1.74326E-01 6.87763E-01 6.87766E-01 6.88085E-01 6.92954E-01 1.74326E-01 1.27556E-02 2.57875E-02 4.04553E-01 
2.57875E-02 4.80590E-02 2.09751E-01 7.18046E-01 7.18054E-01 7.18429E-01 7.23429E-01 2.09750E-01 4.80590E-02 2.57875E-02 1.21994E+00 
2.57875E-02 9.21803E-02 2.53996E-01 7.57095E-01 7.57108E-01 7.57542E-01 7.62677E-01 2.53996E-01 9.21803E-02 2.57875E-02 2.24359E+00 
2.57875E-02 1.46183E-01 3.08124E-01 8.05977E-01 8.05996E-01 8.06493E-01 8.11768E-01 3.08124E-01 1.46183E-01 2.57875E-02 3.51622E+00 
2.57875E-02 2.11236E-01 3.73306E-01 8.65868E-01 8.65893E-01 8.66456E-01 8.71875E-01 3.73306E-01 2.11236E-01 2.57875E-02 5.08341E+00 
2.57875E-02 2.69961E-01 4.32133E-01 9.20574E-01 9.20603E-01 9.21220E-01 9.26755E-01 4.32133E-01 2.69961E-01 2.57875E-02 6.52996E+00 
2.57875E-02 2.88619E-01 4.50820E-01 9.38052E-01 9.38082E-01 9.38716E-01 9.44285E-01 4.50820E-01 2.88619E-01 2.57875E-02 6.99554E+00 
2.57875E-02 3.87488E-01 5.49833E-01 1.03128E+00 1.03132E+00 1.03203E+00 1.03776E+00 5.49833E-01 3.87488E-01 2.57875E-02 9.50726E+00 
2.57875E-02 5.04262E-01 6.66753E-01 1.14238E+00 1.14242E+00 1.14322E+00 1.14913E+00 6.66753E-01 5.04262E-01 2.57875E-02 1.25593E+01 
2.57875E-02 6.41076E-01 8.03714E-01 1.27349E+00 1.27354E+00 1.27443E+00 1.28051E+00 8.03714E-01 6.41076E-01 2.57875E-02 1.62328E+01 
2.57875E-02 8.00271E-01 9.63058E-01 1.42695E+00 1.42701E+00 1.42800E+00 1.43427E+00 9.63058E-01 8.00271E-01 2.57875E-02 2.06140E+01 
1.51313E-01 9.74933E-01 1.13787E+00 1.59592E+00 1.59599E+00 1.59708E+00 1.60354E+00 1.13787E+00 9.74933E-01 1.51313E-01 2.56133E+01 
3.60524E-01 1.17655E+00 1.33964E+00 1.79181E+00 1.79188E+00 1.79309E+00 1.79974E+00 1.33964E+00 1.17655E+00 3.60524E-01 3.14232E+01 
6.02129E-01 1.41049E+00 1.57373E+00 2.01996E+00 2.02004E+00 2.02137E+00 2.02823E+00 1.57373E+00 1.41049E+00 6.02129E-01 3.81782E+01 
8.79697E-01 1.68032E+00 1.84372E+00 2.28397E+00 2.28406E+00 2.28551E+00 2.29259E+00 1.84372E+00 1.68032E+00 8.79697E-01 4.59836E+01 
1.19706E+00 1.98989E+00 2.15344E+00 2.58768E+00 2.58778E+00 2.58937E+00 2.59666E+00 2.15344E+00 1.98989E+00 1.19706E+00 5.49471E+01 
1.55833E+00 2.34331E+00 2.50702E+00 2.93520E+00 2.93532E+00 2.93705E+00 2.94457E+00 2.50702E+00 2.34331E+00 1.55833E+00 6.51772E+01 
1.96784E+00 2.74493E+00 2.90880E+00 3.33091E+00 3.33103E+00 3.33292E+00 3.34068E+00 2.90880E+00 2.74493E+00 1.96784E+00 7.67818E+01 
2.43018E+00 3.19935E+00 3.36337E+00 3.77939E+00 3.77952E+00 3.78157E+00 3.78957E+00 3.36337E+00 3.19935E+00 2.43018E+00 8.98659E+01 
2.95014E+00 3.71135E+00 3.87553E+00 4.28544E+00 4.28559E+00 4.28781E+00 4.29607E+00 3.87553E+00 3.71135E+00 2.95014E+00 1.04530E+02 
3.53270E+00 4.28593E+00 4.45026E+00 4.85407E+00 4.85423E+00 4.85663E+00 4.86516E+00 4.45026E+00 4.28593E+00 3.53270E+00 1.20870E+02 
4.18297E+00 4.92820E+00 5.09269E+00 5.49039E+00 5.49055E+00 5.49315E+00 5.50195E+00 5.09269E+00 4.92820E+00 4.18297E+00 1.38972E+02 
4.90617E+00 5.64339E+00 5.80803E+00 6.19962E+00 6.19980E+00 6.20260E+00 6.21168E+00 5.80803E+00 5.64339E+00 4.90617E+00 1.58912E+02 
5.70754E+00 6.43674E+00 6.60153E+00 6.98702E+00 6.98721E+00 6.99024E+00 6.99960E+00 6.60153E+00 6.43674E+00 5.70754E+00 1.80756E+02 
2.41408E-02 1.03213E-01 1.26759E-01 6.10481E-01 6.10472E-01 6.10740E-01 6.15923E-01 1.26759E-01 1.03213E-01 2.41408E-02 -7.77100E-01 
2.41408E-02 1.03213E-01 1.47774E-01 6.26621E-01 6.26617E-01 6.26945E-01 6.32267E-01 1.47774E-01 1.03213E-01 2.41408E-02 -2.51496E-01 
2.41408E-02 1.24484E-02 1.75152E-01 6.49137E-01 6.49140E-01 6.49531E-01 6.54994E-01 1.75152E-01 1.24484E-02 2.41408E-02 4.03662E-01 
2.41408E-02 4.66887E-02 2.09511E-01 6.78640E-01 6.78648E-01 6.79106E-01 6.84715E-01 2.09511E-01 4.66887E-02 2.41408E-02 1.19804E+00 
2.41408E-02 8.91805E-02 2.52124E-01 7.16344E-01 7.16359E-01 7.16888E-01 7.22647E-01 2.52124E-01 8.91805E-02 2.41408E-02 2.19077E+00 
2.41408E-02 1.40883E-01 3.03950E-01 7.63216E-01 7.63237E-01 7.63841E-01 7.69755E-01 3.03950E-01 1.40883E-01 2.41408E-02 3.41909E+00 
2.41408E-02 2.02850E-01 3.66042E-01 8.20311E-01 8.20339E-01 8.21023E-01 8.27097E-01 3.66042E-01 2.02850E-01 2.41408E-02 4.92443E+00 
2.41408E-02 2.58565E-01 4.21856E-01 8.72233E-01 8.72266E-01 8.73015E-01 8.79217E-01 4.21856E-01 2.58565E-01 2.41408E-02 6.30793E+00 
2.41408E-02 2.76229E-01 4.39549E-01 8.88783E-01 8.88818E-01 8.89587E-01 8.95827E-01 4.39549E-01 2.76229E-01 2.41408E-02 6.75215E+00 
2.41408E-02 3.69584E-01 5.33043E-01 9.76813E-01 9.76855E-01 9.77721E-01 9.84146E-01 5.33043E-01 3.69584E-01 2.41408E-02 9.14084E+00 
2.41408E-02 4.79396E-01 6.42997E-01 1.08127E+00 1.08132E+00 1.08229E+00 1.08890E+00 6.42997E-01 4.79396E-01 2.41408E-02 1.20283E+01 
2.41408E-02 6.07563E-01 7.71307E-01 1.20405E+00 1.20411E+00 1.20519E+00 1.21200E+00 7.71307E-01 6.07563E-01 2.41408E-02 1.54858E+01 
2.41408E-02 7.56157E-01 9.20045E-01 1.34724E+00 1.34731E+00 1.34851E+00 1.35552E+00 9.20045E-01 7.56157E-01 2.41408E-02 1.95884E+01 
1.41439E-01 9.19214E-01 1.08325E+00 1.50493E+00 1.50501E+00 1.50633E+00 1.51355E+00 1.08325E+00 9.19214E-01 1.41439E-01 2.42374E+01 
3.36251E-01 1.10679E+00 1.27097E+00 1.68710E+00 1.68718E+00 1.68864E+00 1.69608E+00 1.27097E+00 1.10679E+00 3.36251E-01 2.96133E+01 
5.60327E-01 1.32356E+00 1.48788E+00 1.89841E+00 1.89851E+00 1.90010E+00 1.90777E+00 1.48788E+00 1.32356E+00 5.60327E-01 3.58352E+01 
8.16761E-01 1.57263E+00 1.73710E+00 2.14198E+00 2.14209E+00 2.14383E+00 2.15174E+00 1.73710E+00 1.57263E+00 8.16761E-01 4.29919E+01 
1.10886E+00 1.85730E+00 2.02191E+00 2.42112E+00 2.42124E+00 2.42314E+00 2.43129E+00 2.02191E+00 1.85730E+00 1.10886E+00 5.11732E+01 
1.44013E+00 2.18109E+00 2.34586E+00 2.73936E+00 2.73949E+00 2.74157E+00 2.74997E+00 2.34586E+00 2.18109E+00 1.44013E+00 6.04684E+01 
1.81428E+00 2.54772E+00 2.71264E+00 3.10041E+00 3.10055E+00 3.10281E+00 3.11147E+00 2.71264E+00 2.54772E+00 1.81428E+00 7.09647E+01 
2.23518E+00 2.96107E+00 3.12613E+00 3.50816E+00 3.50831E+00 3.51076E+00 3.51969E+00 3.12613E+00 2.96107E+00 2.23518E+00 8.27462E+01 
2.70685E+00 3.42516E+00 3.59036E+00 3.96664E+00 3.96681E+00 3.96946E+00 3.97867E+00 3.59036E+00 3.42516E+00 2.70685E+00 9.58916E+01 
3.23344E+00 3.94414E+00 4.10949E+00 4.48001E+00 4.48019E+00 4.48305E+00 4.49255E+00 4.10949E+00 3.94414E+00 3.23344E+00 1.10473E+02 
3.81915E+00 4.52224E+00 4.68773E+00 5.05249E+00 5.05268E+00 5.05578E+00 5.06558E+00 4.68773E+00 4.52224E+00 3.81915E+00 1.26556E+02 
4.46827E+00 5.16372E+00 5.32936E+00 5.68836E+00 5.68857E+00 5.69190E+00 5.70201E+00 5.32936E+00 5.16372E+00 4.46827E+00 1.44193E+02 
5.18503E+00 5.87284E+00 6.03862E+00 6.39187E+00 6.39209E+00 6.39568E+00 6.40611E+00 6.03862E+00 5.87284E+00 5.18503E+00 1.63430E+02 
2.25776E-02 9.97102E-02 1.28405E-01 5.74280E-01 5.74269E-01 5.74606E-01 5.80424E-01 1.28405E-01 9.97102E-02 2.25776E-02 -7.54572E-01 
2.25776E-02 9.97102E-02 1.49207E-01 5.90477E-01 5.90473E-01 5.90882E-01 5.96854E-01 1.49207E-01 9.97102E-02 2.25776E-02 -2.37137E-01 
2.25776E-02 1.21456E-02 1.75988E-01 6.12666E-01 6.12669E-01 6.13154E-01 6.19283E-01 1.75988E-01 1.21456E-02 2.25776E-02 4.04617E-01 
2.25776E-02 4.53454E-02 2.09303E-01 6.41395E-01 6.41405E-01 6.41971E-01 6.48261E-01 2.09303E-01 4.53454E-02 2.25776E-02 1.17890E+00 
2.25776E-02 8.62534E-02 2.50329E-01 6.77786E-01 6.77803E-01 6.78454E-01 6.84911E-01 2.50329E-01 8.62534E-02 2.25776E-02 2.14178E+00 
2.25776E-02 1.35733E-01 2.99928E-01 7.22707E-01 7.22731E-01 7.23473E-01 7.30102E-01 2.99928E-01 1.35733E-01 2.25776E-02 3.32722E+00 
2.25776E-02 1.94730E-01 3.59047E-01 7.77108E-01 7.77139E-01 7.77977E-01 7.84784E-01 3.59046E-01 1.94730E-01 2.25776E-02 4.77263E+00 
2.25776E-02 2.47559E-01 4.11971E-01 8.26358E-01 8.26395E-01 8.27311E-01 8.34259E-01 4.11971E-01 2.47559E-01 2.25776E-02 6.09512E+00 
2.25776E-02 2.64272E-01 4.28712E-01 8.42021E-01 8.42060E-01 8.42999E-01 8.49989E-01 4.28712E-01 2.64272E-01 2.25776E-02 6.51869E+00 
2.25776E-02 3.52363E-01 5.16937E-01 9.25087E-01 9.25135E-01 9.26191E-01 9.33385E-01 5.16937E-01 3.52363E-01 2.25776E-02 8.78868E+00 
2.25776E-02 4.55553E-01 6.20263E-01 1.02323E+00 1.02328E+00 1.02446E+00 1.03187E+00 6.20263E-01 4.55553E-01 2.25776E-02 1.15179E+01 
2.25776E-02 5.75525E-01 7.40372E-01 1.13812E+00 1.13819E+00 1.13950E+00 1.14712E+00 7.40372E-01 5.75525E-01 2.25776E-02 1.47686E+01 
2.25776E-02 7.14105E-01 8.79090E-01 1.27160E+00 1.27168E+00 1.27313E+00 1.28097E+00 8.79090E-01 7.14105E-01 2.25776E-02 1.86057E+01 
1.32081E-01 8.66174E-01 1.03130E+00 1.41861E+00 1.41869E+00 1.42029E+00 1.42837E+00 1.03130E+00 8.66174E-01 1.32081E-01 2.29232E+01 
3.13298E-01 1.04050E+00 1.20576E+00 1.58783E+00 1.58793E+00 1.58968E+00 1.59800E+00 1.20576E+00 1.04050E+00 3.13298E-01 2.78904E+01 
5.20891E-01 1.24113E+00 1.40653E+00 1.78332E+00 1.78342E+00 1.78534E+00 1.79391E+00 1.40653E+00 1.24113E+00 5.20891E-01 3.36124E+01 
7.57527E-01 1.47075E+00 1.63628E+00 2.00775E+00 2.00787E+00 2.00997E+00 2.01879E+00 1.63628E+00 1.47075E+00 7.57527E-01 4.01634E+01 
1.02604E+00 1.73218E+00 1.89786E+00 2.26397E+00 2.26410E+00 2.26639E+00 2.27549E+00 1.89786E+00 1.73218E+00 1.02604E+00 4.76174E+01 
1.32942E+00 2.02844E+00 2.19425E+00 2.55499E+00 2.55513E+00 2.55762E+00 2.56700E+00 2.19425E+00 2.02844E+00 1.32942E+00 5.60469E+01 
1.67080E+00 2.36266E+00 2.52861E+00 2.88394E+00 2.88410E+00 2.88680E+00 2.89646E+00 2.52861E+00 2.36266E+00 1.67080E+00 6.55217E+01 
2.05343E+00 2.73809E+00 2.90417E+00 3.25410E+00 3.25427E+00 3.25720E+00 3.26716E+00 2.90417E+00 2.73809E+00 2.05343E+00 7.61077E+01 
2.48066E+00 3.15809E+00 3.32431E+00 3.66881E+00 3.66900E+00 3.67217E+00 3.68243E+00 3.32431E+00 3.15809E+00 2.48066E+00 8.78650E+01 
2.95591E+00 3.62609E+00 3.79244E+00 4.13152E+00 4.13172E+00 4.13514E+00 4.14573E+00 3.79244E+00 3.62609E+00 2.95591E+00 1.00847E+02 
3.48262E+00 4.14554E+00 4.31202E+00 4.64567E+00 4.64590E+00 4.64958E+00 4.66049E+00 4.31202E+00 4.14554E+00 3.48262E+00 1.15101E+02 
4.06425E+00 4.71989E+00 4.88650E+00 5.21474E+00 5.21498E+00 5.21894E+00 5.23019E+00 4.88650E+00 4.71989E+00 4.06425E+00 1.30662E+02 
4.70419E+00 5.35256E+00 5.51928E+00 5.84211E+00 5.84237E+00 5.84663E+00 5.85823E+00 5.51928E+00 5.35256E+00 4.70419E+00 1.47556E+02 
2.10944E-02 9.62926E-02 1.30063E-01 5.40146E-01 5.40134E-01 5.40561E-01 5.47093E-01 1.30063E-01 9.62926E-02 2.10944E-02 -7.31563E-01 
2.10944E-02 9.62926E-02 1.50644E-01 5.56379E-01 5.56374E-01 5.56889E-01 5.63592E-01 1.50643E-01 9.62926E-02 2.10944E-02 -2.21504E-01 
2.10944E-02 1.18462E-02 1.76830E-01 5.78231E-01 5.78234E-01 5.78840E-01 5.85717E-01 1.76830E-01 1.18462E-02 2.10944E-02 4.07642E-01 
2.10944E-02 4.40262E-02 2.09122E-01 6.06193E-01 6.06203E-01 6.06907E-01 6.13962E-01 2.09121E-01 4.40262E-02 2.10944E-02 1.16267E+00 
2.10944E-02 8.33936E-02 2.48602E-01 6.41299E-01 6.41318E-01 6.42124E-01 6.49363E-01 2.48602E-01 8.33936E-02 2.10944E-02 2.09672E+00 
2.10944E-02 1.30724E-01 2.96047E-01 6.84328E-01 6.84355E-01 6.85270E-01 6.92700E-01 2.96047E-01 1.30724E-01 2.10944E-02 3.24057E+00 
2.10944E-02 1.86863E-01 3.52303E-01 7.36132E-01 7.36168E-01 7.37198E-01 7.44823E-01 3.52303E-01 1.86863E-01 2.10944E-02 4.62788E+00 
2.10944E-02 2.36925E-01 4.02456E-01 7.82818E-01 7.82861E-01 7.83984E-01 7.91766E-01 4.02456E-01 2.36925E-01 2.10944E-02 5.89130E+00 
2.10944E-02 2.52729E-01 4.18286E-01 7.97631E-01 7.97676E-01 7.98827E-01 8.06656E-01 4.18286E-01 2.52729E-01 2.10944E-02 6.29491E+00 
2.10944E-02 3.35795E-01 5.01480E-01 8.75959E-01 8.76013E-01 8.77303E-01 8.85357E-01 5.01480E-01 3.35795E-01 2.10944E-02 8.45036E+00 
2.10944E-02 4.32690E-01 5.98504E-01 9.68088E-01 9.68153E-01 9.69590E-01 9.77877E-01 5.98504E-01 4.32690E-01 2.10944E-02 1.10275E+01 
2.10944E-02 5.44897E-01 7.10841E-01 1.07551E+00 1.07558E+00 1.07718E+00 1.08570E+00 7.10841E-01 5.44897E-01 2.10944E-02 1.40803E+01 
2.10944E-02 6.74021E-01 8.40095E-01 1.19982E+00 1.19991E+00 1.20167E+00 1.21044E+00 8.40095E-01 6.74021E-01 2.10944E-02 1.76644E+01 
1.23215E-01 8.15692E-01 9.81893E-01 1.33672E+00 1.33682E+00 1.33875E+00 1.34778E+00 9.81894E-01 8.15692E-01 1.23215E-01 2.16685E+01 
2.91605E-01 9.77515E-01 1.14384E+00 1.49373E+00 1.49384E+00 1.49596E+00 1.50526E+00 1.14384E+00 9.77515E-01 2.91605E-01 2.62509E+01 
4.83708E-01 1.16299E+00 1.32944E+00 1.67435E+00 1.67447E+00 1.67679E+00 1.68636E+00 1.32944E+00 1.16299E+00 4.83708E-01 3.15044E+01 
7.01813E-01 1.37440E+00 1.54099E+00 1.88088E+00 1.88102E+00 1.88354E+00 1.89340E+00 1.54099E+00 1.37440E+00 7.01813E-01 3.74903E+01 
9.48334E-01 1.61418E+00 1.78089E+00 2.11574E+00 2.11589E+00 2.11864E+00 2.12879E+00 1.78089E+00 1.61418E+00 9.48334E-01 4.42687E+01 
1.22580E+00 1.88486E+00 2.05170E+00 2.38148E+00 2.38165E+00 2.38463E+00 2.39509E+00 2.05170E+00 1.88486E+00 1.22580E+00 5.18978E+01 
1.53684E+00 2.18907E+00 2.35603E+00 2.68074E+00 2.68092E+00 2.68415E+00 2.69492E+00 2.35603E+00 2.18907E+00 1.53684E+00 6.04322E+01 
1.88416E+00 2.52954E+00 2.69662E+00 3.01623E+00 3.01643E+00 3.01993E+00 3.03102E+00 2.69662E+00 2.52954E+00 1.88416E+00 6.99224E+01 
2.27053E+00 2.90902E+00 3.07622E+00 3.39072E+00 3.39094E+00 3.39472E+00 3.40615E+00 3.07622E+00 2.90902E+00 2.27053E+00 8.04132E+01 
2.69874E+00 3.33032E+00 3.49764E+00 3.80704E+00 3.80728E+00 3.81135E+00 3.82313E+00 3.49764E+00 3.33032E+00 2.69874E+00 9.19428E+01 
3.17158E+00 3.79624E+00 3.96366E+00 4.26797E+00 4.26822E+00 4.27261E+00 4.28475E+00 3.96366E+00 3.79624E+00 3.17158E+00 1.04542E+02 
3.69180E+00 4.30953E+00 4.47706E+00 4.77627E+00 4.77654E+00 4.78126E+00 4.79377E+00 4.47706E+00 4.30953E+00 3.69180E+00 1.18233E+02 
4.26208E+00 4.87287E+00 5.04051E+00 5.33463E+00 5.33493E+00 5.33999E+00 5.35288E+00 5.04051E+00 4.87287E+00 4.26208E+00 1.33029E+02 
1.96878E-02 9.29544E-02 1.31735E-01 5.07970E-01 5.07956E-01 5.08502E-01 5.15834E-01 1.31735E-01 9.29544E-02 1.96878E-02 -7.07709E-01 
1.96878E-02 9.29544E-02 1.52083E-01 5.24216E-01 5.24211E-01 5.24862E-01 5.32383E-01 1.52083E-01 9.29544E-02 1.96878E-02 -2.04271E-01 
1.96878E-02 1.15495E-02 1.77677E-01 5.45719E-01 5.45722E-01 5.46485E-01 5.54197E-01 1.77677E-01 1.15495E-02 1.96878E-02 4.13004E-01 
1.96878E-02 4.27282E-02 2.08962E-01 5.72920E-01 5.72932E-01 5.73810E-01 5.81720E-01 2.08962E-01 4.27282E-02 1.96878E-02 1.14955E+00 
1.96878E-02 8.05961E-02 2.46937E-01 6.06768E-01 6.06789E-01 6.07791E-01 6.15904E-01 2.46937E-01 8.05961E-02 1.96878E-02 2.05569E+00 
1.96878E-02 1.25847E-01 2.92296E-01 6.47963E-01 6.47994E-01 6.49126E-01 6.57449E-01 2.92296E-01 1.25847E-01 1.96878E-02 3.15917E+00 
1.96878E-02 1.79236E-01 3.45795E-01 6.97263E-01 6.97304E-01 6.98574E-01 7.07113E-01 3.45795E-01 1.79236E-01 1.96878E-02 4.49009E+00 
1.96878E-02 2.26646E-01 3.93291E-01 7.41490E-01 7.41539E-01 7.42920E-01 7.51632E-01 3.93291E-01 2.26646E-01 1.96878E-02 5.69629E+00 
1.96878E-02 2.41579E-01 4.08250E-01 7.55489E-01 7.55540E-01 7.56955E-01 7.65718E-01 4.08250E-01 2.41579E-01 1.96878E-02 6.08058E+00 
1.96878E-02 3.19851E-01 4.86641E-01 8.29293E-01 8.29356E-01 8.30935E-01 8.39947E-01 4.86641E-01 3.19851E-01 1.96878E-02 8.12548E+00 
1.96878E-02 4.10762E-01 5.77673E-01 9.15710E-01 9.15785E-01 9.17540E-01 9.26808E-01 5.77673E-01 4.10762E-01 1.96878E-02 1.05564E+01 
1.96878E-02 5.15616E-01 6.82647E-01 1.01605E+00 1.01614E+00 1.01808E+00 1.02761E+00 6.82647E-01 5.15616E-01 1.96878E-02 1.34198E+01 
1.96878E-02 6.35815E-01 8.02966E-01 1.13172E+00 1.13182E+00 1.13395E+00 1.14376E+00 8.02966E-01 6.35815E-01 1.96878E-02 1.67630E+01 
1.14821E-01 7.67651E-01 9.34919E-01 1.25905E+00 1.25916E+00 1.26151E+00 1.27159E+00 9.34919E-01 7.67651E-01 1.14821E-01 2.04708E+01 
2.71114E-01 9.17688E-01 1.08507E+00 1.40455E+00 1.40468E+00 1.40724E+00 1.41762E+00 1.08507E+00 9.17688E-01 2.71114E-01 2.46914E+01 
4.48672E-01 1.08893E+00 1.25643E+00 1.57122E+00 1.57136E+00 1.57416E+00 1.58484E+00 1.25643E+00 1.08893E+00 4.48672E-01 2.95062E+01 
6.49443E-01 1.28332E+00 1.45094E+00 1.76101E+00 1.76117E+00 1.76421E+00 1.77520E+00 1.45094E+00 1.28332E+00 6.49443E-01 3.49653E+01 
8.75470E-01 1.50292E+00 1.67065E+00 1.97598E+00 1.97615E+00 1.97946E+00 1.99077E+00 1.67065E+00 1.50292E+00 8.75470E-01 4.11169E+01 
1.12888E+00 1.74987E+00 1.91770E+00 2.21826E+00 2.21846E+00 2.22204E+00 2.23369E+00 1.91770E+00 1.74987E+00 1.12888E+00 4.80066E+01 
1.41185E+00 2.02634E+00 2.19428E+00 2.49006E+00 2.49028E+00 2.49415E+00 2.50615E+00 2.19428E+00 2.02634E+00 1.41185E+00 5.56764E+01 
1.72663E+00 2.33458E+00 2.50263E+00 2.79362E+00 2.79385E+00 2.79804E+00 2.81039E+00 2.50263E+00 2.33458E+00 1.72663E+00 6.41638E+01 
2.07547E+00 2.67686E+00 2.84501E+00 3.13121E+00 3.13146E+00 3.13597E+00 3.14869E+00 2.84501E+00 2.67686E+00 2.07547E+00 7.35006E+01 
2.46064E+00 3.05544E+00 3.22368E+00 3.50509E+00 3.50536E+00 3.51022E+00 3.52332E+00 3.22368E+00 3.05544E+00 2.46064E+00 8.37127E+01 
2.88434E+00 3.47255E+00 3.64088E+00 3.91750E+00 3.91779E+00 3.92301E+00 3.93651E+00 3.64088E+00 3.47255E+00 2.88434E+00 9.48185E+01 
3.34876E+00 3.93036E+00 4.09878E+00 4.37061E+00 4.37093E+00 4.37653E+00 4.39043E+00 4.09878E+00 3.93036E+00 3.34876E+00 1.06829E+02 
3.85596E+00 4.43094E+00 4.59945E+00 4.86651E+00 4.86685E+00 4.87285E+00 4.88717E+00 4.59945E+00 4.43094E+00 3.85596E+00 1.19746E+02 
1.83546E-02 8.96903E-02 1.33421E-01 4.77650E-01 4.77634E-01 4.78334E-01 4.86561E-01 1.33421E-01 8.96903E-02 1.83546E-02 -6.82586E-01 
1.83546E-02 8.96903E-02 1.53525E-01 4.93885E-01 4.93878E-01 4.94706E-01 5.03140E-01 1.53525E-01 8.96903E-02 1.83546E-02 -1.85062E-01 
1.83546E-02 1.12547E-02 1.78524E-01 5.15027E-01 5.15031E-01 5.15991E-01 5.24637E-01 1.78524E-01 1.12547E-02 1.83546E-02 4.21017E-01 
1.83546E-02 4.14491E-02 2.08818E-01 5.41470E-01 5.41484E-01 5.42584E-01 5.51448E-01 2.08818E-01 4.14491E-02 1.83546E-02 1.13979E+00 
1.83546E-02 7.78563E-02 2.45326E-01 5.74088E-01 5.74113E-01 5.75360E-01 5.84448E-01 2.45326E-01 7.78563E-02 1.83546E-02 2.01885E+00 
1.83546E-02 1.21095E-01 2.88666E-01 6.13503E-01 6.13539E-01 6.14942E-01 6.24261E-01 2.88666E-01 1.21095E-01 1.83546E-02 3.08308E+00 
1.83546E-02 1.71838E-01 3.39510E-01 6.60391E-01 6.60438E-01 6.62005E-01 6.71563E-01 3.39510E-01 1.71838E-01 1.83546E-02 4.35923E+00 
1.83546E-02 2.16706E-01 3.84457E-01 7.02258E-01 7.02314E-01 7.04015E-01 7.13761E-01 3.84457E-01 2.16706E-01 1.83546E-02 5.50995E+00 
1.83546E-02 2.30806E-01 3.98581E-01 7.15478E-01 7.15537E-01 7.17278E-01 7.27081E-01 3.98581E-01 2.30806E-01 1.83546E-02 5.87554E+00 
1.83546E-02 3.04505E-01 4.72389E-01 7.84965E-01 7.85038E-01 7.86975E-01 7.97051E-01 4.72389E-01 3.04505E-01 1.83546E-02 7.81369E+00 
1.83546E-02 3.89730E-01 5.57724E-01 8.65955E-01 8.66042E-01 8.68187E-01 8.78545E-01 5.57724E-01 3.89730E-01 1.83546E-02 1.01041E+01 
1.83546E-02 4.87623E-01 6.55725E-01 9.59593E-01 9.59694E-01 9.62059E-01 9.72708E-01 6.55725E-01 4.87623E-01 1.83546E-02 1.27863E+01 
1.83546E-02 5.99402E-01 7.67612E-01 1.06710E+00 1.06722E+00 1.06982E+00 1.08076E+00 7.67612E-01 5.99402E-01 1.83546E-02 1.59002E+01 
1.06878E-01 7.21941E-01 8.90254E-01 1.18540E+00 1.18553E+00 1.18837E+00 1.19963E+00 8.90255E-01 7.21941E-01 1.06878E-01 1.93280E+01 
2.51772E-01 8.60873E-01 1.02929E+00 1.32006E+00 1.32021E+00 1.32331E+00 1.33488E+00 1.02929E+00 8.60873E-01 2.51772E-01 2.32085E+01 
4.15678E-01 1.01876E+00 1.18728E+00 1.47364E+00 1.47380E+00 1.47718E+00 1.48908E+00 1.18728E+00 1.01876E+00 4.15678E-01 2.76130E+01 
6.00247E-01 1.19725E+00 1.36587E+00 1.64779E+00 1.64798E+00 1.65164E+00 1.66389E+00 1.36587E+00 1.19725E+00 6.00247E-01 3.25816E+01 
8.07194E-01 1.39808E+00 1.56679E+00 1.84425E+00 1.84446E+00 1.84843E+00 1.86104E+00 1.56679E+00 1.39808E+00 8.07194E-01 3.81521E+01 
1.03829E+00 1.62301E+00 1.79181E+00 2.06480E+00 2.06502E+00 2.06932E+00 2.08229E+00 1.79181E+00 1.62301E+00 1.03829E+00 4.43598E+01 
1.29533E+00 1.87385E+00 2.04274E+00 2.31124E+00 2.31149E+00 2.31613E+00 2.32948E+00 2.04274E+00 1.87385E+00 1.29533E+00 5.12357E+01 
1.58015E+00 2.15244E+00 2.32141E+00 2.58542E+00 2.58569E+00 2.59069E+00 2.60443E+00 2.32141E+00 2.15244E+00 1.58015E+00 5.88066E+01 
1.89456E+00 2.46060E+00 2.62965E+00 2.88916E+00 2.88945E+00 2.89484E+00 2.90898E+00 2.62965E+00 2.46060E+00 1.89456E+00 6.70939E+01 
2.24037E+00 2.80013E+00 2.96926E+00 3.22428E+00 3.22459E+00 3.23038E+00 3.24494E+00 2.96926E+00 2.80013E+00 2.24037E+00 7.61132E+01 
2.61932E+00 3.17280E+00 3.34200E+00 3.59252E+00 3.59286E+00 3.59907E+00 3.61406E+00 3.34200E+00 3.17280E+00 2.61932E+00 8.58732E+01 
3.03309E+00 3.58027E+00 3.74953E+00 3.99557E+00 3.99594E+00 4.00259E+00 4.01802E+00 3.74953E+00 3.58027E+00 3.03309E+00 9.63763E+01 
3.48325E+00 4.02412E+00 4.19343E+00 4.43501E+00 4.43540E+00 4.44252E+00 4.45841E+00 4.19343E+00 4.02412E+00 3.48325E+00 1.07617E+02 
1.70918E-02 8.64955E-02 1.35122E-01 4.49090E-01 4.49072E-01 4.49972E-01 4.59196E-01 1.35122E-01 8.64955E-02 1.70918E-02 -6.55703E-01 
1.70918E-02 8.64955E-02 1.54967E-01 4.65289E-01 4.65282E-01 4.66335E-01 4.75788E-01 1.54967E-01 8.64955E-02 1.70918E-02 -1.63443E-01 
1.70918E-02 1.09613E-02 1.79369E-01 4.86058E-01 4.86063E-01 4.87275E-01 4.96961E-01 1.79369E-01 1.09613E-02 1.70918E-02 4.32049E-01 
1.70918E-02 4.01868E-02 2.08686E-01 5.11748E-01 5.11765E-01 5.13144E-01 5.23069E-01 2.08686E-01 4.01868E-02 1.70918E-02 1.13367E+00 
1.70918E-02 7.51703E-02 2.43761E-01 5.43160E-01 5.43189E-01 5.44745E-01 5.54916E-01 2.43761E-01 7.51703E-02 1.70918E-02 1.98641E+00 
1.70918E-02 1.16462E-01 2.85144E-01 5.80849E-01 5.80890E-01 5.82632E-01 5.93057E-01 2.85144E-01 1.16462E-01 1.70918E-02 3.01242E+00 
1.70918E-02 1.64657E-01 3.33431E-01 6.25412E-01 6.25467E-01 6.27404E-01 6.38092E-01 3.33431E-01 1.64657E-01 1.70918E-02 4.23528E+00 
1.70918E-02 2.07089E-01 3.75933E-01 6.65016E-01 6.65082E-01 6.67177E-01 6.78073E-01 3.75933E-01 2.07089E-01 1.70918E-02 5.33217E+00 
1.70918E-02 2.20394E-01 3.89258E-01 6.77491E-01 6.77560E-01 6.79703E-01 6.90661E-01 3.89259E-01 2.20394E-01 1.70918E-02 5.67965E+00 
1.70918E-02 2.89730E-01 4.58693E-01 7.42860E-01 7.42945E-01 7.45321E-01 7.56579E-01 4.58693E-01 2.89730E-01 1.70918E-02 7.51469E+00 
1.70918E-02 3.69555E-01 5.38614E-01 8.18696E-01 8.18796E-01 8.21420E-01 8.32987E-01 5.38614E-01 3.69555E-01 1.70918E-02 9.66995E+00 
1.70918E-02 4.60860E-01 6.30014E-01 9.05994E-01 9.06111E-01 9.08995E-01 9.20881E-01 6.30014E-01 4.60860E-01 1.70918E-02 1.21788E+01 
1.70918E-02 5.64701E-01 7.33947E-01 1.00581E+00 1.00595E+00 1.00911E+00 1.02132E+00 7.33947E-01 5.64701E-01 1.70918E-02 1.50745E+01 
9.93664E-02 6.78456E-01 8.47790E-01 1.11557E+00 1.11573E+00 1.11917E+00 1.13172E+00 8.47790E-01 6.78456E-01 9.93664E-02 1.82381E+01 
2.33524E-01 8.06933E-01 9.76353E-01 1.24003E+00 1.24020E+00 1.24395E+00 1.25685E+00 9.76353E-01 8.06933E-01 2.33524E-01 2.17993E+01 
3.84630E-01 9.52301E-01 1.12180E+00 1.38134E+00 1.38153E+00 1.38561E+00 1.39887E+00 1.12180E+00 9.52301E-01 3.84630E-01 2.58202E+01 
5.54068E-01 1.11595E+00 1.28553E+00 1.54090E+00 1.54112E+00 1.54554E+00 1.55917E+00 1.28553E+00 1.11595E+00 5.54068E-01 3.03324E+01 
7.43265E-01 1.29931E+00 1.46897E+00 1.72016E+00 1.72040E+00 1.72517E+00 1.73920E+00 1.46897E+00 1.29931E+00 7.43265E-01 3.53651E+01 
9.53679E-01 1.50385E+00 1.67358E+00 1.92057E+00 1.92083E+00 1.92599E+00 1.94042E+00 1.67358E+00 1.50385E+00 9.53679E-01 4.09444E+01 
1.18678E+00 1.73104E+00 1.90084E+00 2.14363E+00 2.14391E+00 2.14947E+00 2.16431E+00 1.90084E+00 1.73104E+00 1.18678E+00 4.70925E+01 
1.44404E+00 1.98237E+00 2.15222E+00 2.39080E+00 2.39111E+00 2.39709E+00 2.41236E+00 2.15222E+00 1.98237E+00 1.44404E+00 5.38272E+01 
1.72691E+00 2.25927E+00 2.42918E+00 2.66354E+00 2.66388E+00 2.67031E+00 2.68601E+00 2.42918E+00 2.25927E+00 1.72691E+00 6.11615E+01 
2.03679E+00 2.56318E+00 2.73313E+00 2.96329E+00 2.96365E+00 2.97055E+00 2.98671E+00 2.73313E+00 2.56318E+00 2.03679E+00 6.91029E+01 
2.37504E+00 2.89543E+00 3.06542E+00 3.29138E+00 3.29178E+00 3.29916E+00 3.31579E+00 3.06543E+00 2.89543E+00 2.37504E+00 7.76528E+01 
2.74291E+00 3.25730E+00 3.42732E+00 3.64909E+00 3.64952E+00 3.65741E+00 3.67453E+00 3.42732E+00 3.25730E+00 2.74291E+00 8.68068E+01 
3.14155E+00 3.64993E+00 3.81998E+00 4.03758E+00 4.03803E+00 4.04647E+00 4.06408E+00 3.81998E+00 3.64993E+00 3.14155E+00 9.65541E+01 
1.58962E-02 8.33659E-02 1.36837E-01 4.22201E-01 4.22181E-01 4.23336E-01 4.33671E-01 1.36837E-01 8.33659E-02 1.58962E-02 -6.26494E-01 
1.58962E-02 8.33659E-02 1.56406E-01 4.38339E-01 4.38332E-01 4.39670E-01 4.50256E-01 1.56406E-01 8.33659E-02 1.58962E-02 -1.38908E-01 
1.58962E-02 1.06686E-02 1.80207E-01 4.58722E-01 4.58728E-01 4.60258E-01 4.71100E-01 1.80207E-01 1.06686E-02 1.58962E-02 4.46527E-01 
1.58962E-02 3.89392E-02 2.08559E-01 4.83662E-01 4.83682E-01 4.85411E-01 4.96516E-01 2.08559E-01 3.89392E-02 1.58962E-02 1.13153E+00 
1.58962E-02 7.25344E-02 2.42234E-01 5.13893E-01 5.13928E-01 5.15868E-01 5.27242E-01 2.42234E-01 7.25344E-02 1.58962E-02 1.95860E+00 
1.58962E-02 1.11941E-01 2.81721E-01 5.49906E-01 5.49955E-01 5.52117E-01 5.63771E-01 2.81721E-01 1.11941E-01 1.58962E-02 2.94731E+00 
1.58962E-02 1.57685E-01 3.27543E-01 5.92230E-01 5.92294E-01 5.94689E-01 6.06630E-01 3.27543E-01 1.57685E-01 1.58962E-02 4.11827E+00 
1.58962E-02 1.97782E-01 3.67701E-01 6.29664E-01 6.29741E-01 6.32324E-01 6.44493E-01 3.67701E-01 1.97782E-01 1.58962E-02 5.16289E+00 
1.58962E-02 2.10325E-01 3.80262E-01 6.41427E-01 6.41507E-01 6.44147E-01 6.56384E-01 3.80262E-01 2.10325E-01 1.58962E-02 5.49282E+00 
1.58962E-02 2.75503E-01 4.45522E-01 7.02869E-01 7.02967E-01 7.05885E-01 7.18450E-01 4.45522E-01 2.75503E-01 1.58962E-02 7.22821E+00 
1.58962E-02 3.50200E-01 5.20299E-01 7.73810E-01 7.73927E-01 7.77137E-01 7.90042E-01 5.20299E-01 3.50200E-01 1.58962E-02 9.25355E+00 
1.58962E-02 4.35274E-01 6.05451E-01 8.55113E-01 8.55249E-01 8.58767E-01 8.72021E-01 6.05451E-01 4.35274E-01 1.58962E-02 1.15966E+01 
1.58962E-02 5.31632E-01 7.01884E-01 9.47686E-01 9.47843E-01 9.51684E-01 9.65298E-01 7.01884E-01 5.31632E-01 1.58962E-02 1.42847E+01 
9.22669E-02 6.37094E-01 8.07415E-01 1.04939E+00 1.04957E+00 1.05375E+00 1.06773E+00 8.07415E-01 6.37094E-01 9.22669E-02 1.71991E+01 
2.16321E-01 7.55734E-01 9.26121E-01 1.16424E+00 1.16444E+00 1.16898E+00 1.18335E+00 9.26121E-01 7.55734E-01 2.16321E-01 2.04605E+01 
3.55431E-01 8.89377E-01 1.05982E+00 1.29407E+00 1.29429E+00 1.29921E+00 1.31397E+00 1.05982E+00 8.89377E-01 3.55431E-01 2.41232E+01 
5.10749E-01 1.03918E+00 1.20968E+00 1.44003E+00 1.44028E+00 1.44560E+00 1.46077E+00 1.20968E+00 1.03918E+00 5.10749E-01 2.82113E+01 
6.83449E-01 1.20632E+00 1.37687E+00 1.60330E+00 1.60358E+00 1.60932E+00 1.62491E+00 1.37687E+00 1.20632E+00 6.83449E-01 3.27467E+01 
8.74718E-01 1.39199E+00 1.56258E+00 1.78509E+00 1.78539E+00 1.79158E+00 1.80761E+00 1.56258E+00 1.39199E+00 8.74718E-01 3.77479E+01 
1.08574E+00 1.59737E+00 1.76801E+00 1.98659E+00 1.98692E+00 1.99357E+00 2.01005E+00 1.76801E+00 1.59737E+00 1.08574E+00 4.32296E+01 
1.31768E+00 1.82366E+00 1.99432E+00 2.20897E+00 2.20933E+00 2.21647E+00 2.23342E+00 1.99433E+00 1.82366E+00 1.31768E+00 4.92027E+01 
1.57167E+00 2.07197E+00 2.24266E+00 2.45337E+00 2.45376E+00 2.46142E+00 2.47885E+00 2.24266E+00 2.07197E+00 1.57167E+00 5.56732E+01 
1.84880E+00 2.34339E+00 2.51410E+00 2.72088E+00 2.72131E+00 2.72951E+00 2.74743E+00 2.51410E+00 2.34339E+00 1.84880E+00 6.26424E+01 
2.15007E+00 2.63895E+00 2.80966E+00 3.01253E+00 3.01298E+00 3.02175E+00 3.04018E+00 2.80966E+00 2.63895E+00 2.15007E+00 7.01062E+01 
2.47640E+00 2.95956E+00 3.13026E+00 3.32923E+00 3.32972E+00 3.33908E+00 3.35804E+00 3.13026E+00 2.95956E+00 2.47640E+00 7.80554E+01 
2.82861E+00 3.30603E+00 3.47672E+00 3.67180E+00 3.67233E+00 3.68231E+00 3.70181E+00 3.47672E+00 3.30603E+00 2.82861E+00 8.64754E+01 
1.47651E-02 8.02980E-02 1.38564E-01 3.96902E-01 3.96880E-01 3.98363E-01 4.09930E-01 1.38564E-01 8.02980E-02 1.47651E-02 -5.94306E-01 
1.47651E-02 8.02980E-02 1.57838E-01 4.12953E-01 4.12946E-01 4.14647E-01 4.26490E-01 1.57838E-01 8.02980E-02 1.47651E-02 -1.10881E-01 
1.47651E-02 1.03764E-02 1.81033E-01 4.32937E-01 4.32945E-01 4.34875E-01 4.46999E-01 1.81033E-01 1.03764E-02 1.47651E-02 4.64943E-01 
1.47651E-02 3.77051E-02 2.08429E-01 4.57130E-01 4.57155E-01 4.59324E-01 4.71735E-01 2.08429E-01 3.77051E-02 1.47651E-02 1.13378E+00 
1.47651E-02 6.99457E-02 2.40737E-01 4.86205E-01 4.86246E-01 4.88666E-01 5.01373E-01 2.40737E-01 6.99457E-02 1.47651E-02 1.93574E+00 
1.47651E-02 1.07527E-01 2.78384E-01 5.20593E-01 5.20651E-01 5.23335E-01 5.36347E-01 2.78384E-01 1.07527E-01 1.47651E-02 2.88795E+00 
1.47651E-02 1.50912E-01 3.21832E-01 5.60759E-01 5.60835E-01 5.63796E-01 5.77122E-01 3.21832E-01 1.50912E-01 1.47651E-02 4.00828E+00 
1.47651E-02 1.88772E-01 3.59740E-01 5.96114E-01 5.96205E-01 5.99389E-01 6.12965E-01 3.59741E-01 1.88772E-01 1.47651E-02 5.00208E+00 
1.47651E-02 2.00588E-01 3.71571E-01 6.07195E-01 6.07290E-01 6.10541E-01 6.24192E-01 3.71571E-01 2.00588E-01 1.47651E-02 5.31498E+00 
1.47651E-02 2.61802E-01 4.32848E-01 6.64895E-01 6.65010E-01 6.68591E-01 6.82600E-01 4.32848E-01 2.61802E-01 1.47651E-02 6.95403E+00 
1.47651E-02 3.31631E-01 5.02739E-01 7.31192E-01 7.31329E-01 7.35255E-01 7.49635E-01 5.02739E-01 3.31631E-01 1.47651E-02 8.85445E+00 
1.47651E-02 4.10815E-01 5.81979E-01 8.06827E-01 8.06987E-01 8.11277E-01 8.26039E-01 5.81979E-01 4.10815E-01 1.47651E-02 1.10390E+01 
1.47651E-02 5.00125E-01 6.71342E-01 8.92578E-01 8.92762E-01 8.97434E-01 9.12588E-01 6.71343E-01 5.00125E-01 1.47651E-02 1.35297E+01 
8.55618E-02 5.97761E-01 7.69025E-01 9.86679E-01 9.86887E-01 9.91959E-01 1.00752E+00 7.69025E-01 5.97761E-01 8.55618E-02 1.62090E+01 
2.00114E-01 7.07154E-01 8.78458E-01 1.09251E+00 1.09275E+00 1.09824E+00 1.11421E+00 8.78458E-01 7.07154E-01 2.00114E-01 1.91894E+01 
3.27994E-01 8.29821E-01 1.00116E+00 1.21159E+00 1.21185E+00 1.21779E+00 1.23420E+00 1.00116E+00 8.29821E-01 3.27994E-01 2.25178E+01 
4.70147E-01 9.66714E-01 1.13808E+00 1.34487E+00 1.34517E+00 1.35157E+00 1.36842E+00 1.13808E+00 9.66714E-01 4.70147E-01 2.62124E+01 
6.27529E-01 1.11879E+00 1.29018E+00 1.49332E+00 1.49364E+00 1.50055E+00 1.51786E+00 1.29019E+00 1.11879E+00 6.27529E-01 3.02886E+01 
8.01093E-01 1.28702E+00 1.45842E+00 1.65790E+00 1.65826E+00 1.66567E+00 1.68346E+00 1.45843E+00 1.28702E+00 8.01093E-01 3.47587E+01 
9.91775E-01 1.47233E+00 1.64374E+00 1.83956E+00 1.83994E+00 1.84790E+00 1.86618E+00 1.64374E+00 1.47233E+00 9.91775E-01 3.96315E+01 
1.20048E+00 1.67565E+00 1.84705E+00 2.03920E+00 2.03962E+00 2.04816E+00 2.06694E+00 1.84705E+00 1.67565E+00 1.20048E+00 4.49120E+01 
1.42809E+00 1.89783E+00 2.06922E+00 2.25771E+00 2.25817E+00 2.26730E+00 2.28660E+00 2.06922E+00 1.89783E+00 1.42809E+00 5.06011E+01 
1.67539E+00 2.13969E+00 2.31106E+00 2.49590E+00 2.49639E+00 2.50615E+00 2.52600E+00 2.31106E+00 2.13969E+00 1.67539E+00 5.66954E+01 
1.94312E+00 2.40197E+00 2.57331E+00 2.75451E+00 2.75504E+00 2.76545E+00 2.78585E+00 2.57331E+00 2.40197E+00 1.94312E+00 6.31867E+01 
2.23192E+00 2.68531E+00 2.85660E+00 3.03418E+00 3.03475E+00 3.04585E+00 3.06681E+00 2.85660E+00 2.68531E+00 2.23192E+00 7.00625E+01 
2.54232E+00 2.99024E+00 3.16147E+00 3.33545E+00 3.33606E+00 3.34787E+00 3.36943E+00 3.16147E+00 2.99024E+00 2.54232E+00 7.73059E+01 
1.36958E-02 7.72889E-02 1.40298E-01 3.73118E-01 3.73095E-01 3.74995E-01 3.87927E-01 1.40298E-01 7.72889E-02 1.36958E-02 -5.58388E-01 
1.36958E-02 7.72889E-02 1.59258E-01 3.89056E-01 3.89050E-01 3.91211E-01 4.04445E-01 1.59258E-01 7.72889E-02 1.36958E-02 -7.87003E-02 
1.36958E-02 1.00842E-02 1.81839E-01 4.08627E-01 4.08640E-01 4.11074E-01 4.24614E-01 1.81839E-01 1.00842E-02 1.36958E-02 4.87858E-01 
1.36958E-02 3.64831E-02 2.08290E-01 4.32078E-01 4.32109E-01 4.34828E-01 4.48682E-01 2.08290E-01 3.64831E-02 1.36958E-02 1.14087E+00 
1.36958E-02 6.74018E-02 2.39259E-01 4.60019E-01 4.60069E-01 4.63087E-01 4.77265E-01 2.39259E-01 6.74018E-02 1.36958E-02 1.91816E+00 
1.36958E-02 1.03217E-01 2.75122E-01 4.92831E-01 4.92901E-01 4.96233E-01 5.10744E-01 2.75122E-01 1.03217E-01 1.36958E-02 2.83458E+00 
1.36958E-02 1.44331E-01 3.16281E-01 5.30919E-01 5.31010E-01 5.34670E-01 5.49525E-01 3.16281E-01 1.44331E-01 1.36958E-02 3.90542E+00 
1.36958E-02 1.80048E-01 3.52032E-01 5.64282E-01 5.64390E-01 5.68315E-01 5.83441E-01 3.52032E-01 1.80048E-01 1.36958E-02 4.84976E+00 
1.36958E-02 1.91169E-01 3.63162E-01 5.74712E-01 5.74825E-01 5.78829E-01 5.94037E-01 3.63162E-01 1.91169E-01 1.36958E-02 5.14613E+00 
1.36958E-02 2.48605E-01 4.20640E-01 6.28845E-01 6.28982E-01 6.33376E-01 6.48975E-01 4.20640E-01 2.48605E-01 1.36958E-02 6.69197E+00 
1.36958E-02 3.13817E-01 4.85889E-01 6.90737E-01 6.90899E-01 6.95702E-01 7.11705E-01 4.85889E-01 3.13817E-01 1.36958E-02 8.47222E+00 
1.36958E-02 3.87433E-01 5.59537E-01 7.61020E-01 7.61208E-01 7.66439E-01 7.82859E-01 5.59538E-01 3.87433E-01 1.36958E-02 1.05053E+01 
1.36958E-02 4.70108E-01 6.42239E-01 8.40351E-01 8.40567E-01 8.46247E-01 8.63095E-01 6.42239E-01 4.70108E-01 1.36958E-02 1.28084E+01 
7.92336E-02 5.60365E-01 7.32515E-01 9.27287E-01 9.27532E-01 9.33682E-01 9.50968E-01 7.32515E-01 5.60365E-01 7.92336E-02 1.52661E+01 
1.84857E-01 6.61069E-01 8.33231E-01 1.02465E+00 1.02492E+00 1.03157E+00 1.04931E+00 8.33231E-01 6.61069E-01 1.84857E-01 1.79832E+01 
3.02230E-01 7.73472E-01 9.45638E-01 1.13368E+00 1.13399E+00 1.14115E+00 1.15936E+00 9.45639E-01 7.73472E-01 3.02230E-01 2.10002E+01 
4.32121E-01 8.98347E-01 1.07051E+00 1.25517E+00 1.25551E+00 1.26322E+00 1.28191E+00 1.07051E+00 8.98347E-01 4.32121E-01 2.43299E+01 
5.75293E-01 1.03646E+00 1.20861E+00 1.38987E+00 1.39025E+00 1.39854E+00 1.41773E+00 1.20861E+00 1.03646E+00 5.75293E-01 2.79826E+01 
7.32501E-01 1.18858E+00 1.36071E+00 1.53857E+00 1.53898E+00 1.54787E+00 1.56758E+00 1.36071E+00 1.18858E+00 7.32501E-01 3.19655E+01 
9.04468E-01 1.35543E+00 1.52752E+00 1.70198E+00 1.70243E+00 1.71195E+00 1.73219E+00 1.52752E+00 1.35543E+00 9.04468E-01 3.62827E+01 
1.09189E+00 1.53770E+00 1.70975E+00 1.88081E+00 1.88130E+00 1.89148E+00 1.91227E+00 1.70975E+00 1.53770E+00 1.09189E+00 4.09348E+01 
1.29540E+00 1.73604E+00 1.90803E+00 2.07570E+00 2.07623E+00 2.08711E+00 2.10847E+00 1.90803E+00 1.73604E+00 1.29540E+00 4.59185E+01 
1.51558E+00 1.95103E+00 2.12296E+00 2.28724E+00 2.28782E+00 2.29942E+00 2.32136E+00 2.12296E+00 1.95103E+00 1.51558E+00 5.12271E+01 
1.75293E+00 2.18318E+00 2.35503E+00 2.51595E+00 2.51657E+00 2.52892E+00 2.55147E+00 2.35503E+00 2.18318E+00 1.75293E+00 5.68496E+01 
2.00787E+00 2.43291E+00 2.60466E+00 2.76223E+00 2.76290E+00 2.77604E+00 2.79920E+00 2.60467E+00 2.43291E+00 2.00787E+00 6.27716E+01 
2.28071E+00 2.70053E+00 2.87218E+00 3.02642E+00 3.02714E+00 3.04110E+00 3.06489E+00 2.87218E+00 2.70053E+00 2.28071E+00 6.89749E+01 
1.26855E-02 7.43361E-02 1.42035E-01 3.50781E-01 3.50757E-01 3.53187E-01 3.67626E-01 1.42035E-01 7.43361E-02 1.26855E-02 -5.17884E-01 
1.26855E-02 7.43361E-02 1.60659E-01 3.66579E-01 3.66575E-01 3.69318E-01 3.84086E-01 1.60659E-01 7.43361E-02 1.26855E-02 -4.16181E-02 
1.26855E-02 9.79179E-03 1.82619E-01 3.85726E-01 3.85743E-01 3.88812E-01 4.03914E-01 1.82619E-01 9.79179E-03 1.26855E-02 5.15906E-01 
1.26855E-02 3.52725E-02 2.08132E-01 4.08436E-01 4.08475E-01 4.11883E-01 4.27327E-01 2.08132E-01 3.52725E-02 1.26855E-02 1.15331E+00 
1.26855E-02 6.49006E-02 2.37791E-01 4.35268E-01 4.35329E-01 4.39092E-01 4.54889E-01 2.37791E-01 6.49006E-02 1.26855E-02 1.90626E+00 
1.26855E-02 9.90045E-02 2.71921E-01 4.66551E-01 4.66636E-01 4.70771E-01 4.86931E-01 2.71921E-01 9.90045E-02 1.26855E-02 2.78746E+00 
1.26855E-02 1.37934E-01 3.10873E-01 5.02639E-01 5.02748E-01 5.07272E-01 5.23806E-01 3.10874E-01 1.37934E-01 1.26855E-02 3.80985E+00 
1.26855E-02 1.71600E-01 3.44554E-01 5.34094E-01 5.34222E-01 5.39060E-01 5.55891E-01 3.44554E-01 1.71600E-01 1.26855E-02 4.70597E+00 
1.26855E-02 1.82056E-01 3.55014E-01 5.43902E-01 5.44036E-01 5.48967E-01 5.65886E-01 3.55014E-01 1.82056E-01 1.26855E-02 4.98627E+00 
1.26855E-02 2.35894E-01 4.08867E-01 5.94638E-01 5.94801E-01 6.00192E-01 6.17538E-01 4.08867E-01 2.35894E-01 1.26855E-02 6.44185E+00 
1.26855E-02 2.96725E-01 4.69707E-01 6.52354E-01 6.52546E-01 6.58418E-01 6.76204E-01 4.69707E-01 2.96725E-01 1.26855E-02 8.10650E+00 
1.26855E-02 3.65082E-01 5.38067E-01 7.17582E-01 7.17805E-01 7.24182E-01 7.42420E-01 5.38067E-01 3.65082E-01 1.26855E-02 9.99468E+00 
1.26855E-02 4.41513E-01 6.14493E-01 7.90875E-01 7.91130E-01 7.98034E-01 8.16738E-01 6.14493E-01 4.41513E-01 1.26855E-02 1.21196E+01 
7.32655E-02 5.24817E-01 6.97783E-01 8.71062E-01 8.71351E-01 8.78806E-01 8.97986E-01 6.97783E-01 5.24817E-01 7.32655E-02 1.43686E+01 
1.70505E-01 6.17365E-01 7.90307E-01 9.60474E-01 9.60798E-01 9.68830E-01 9.88503E-01 7.90308E-01 6.17365E-01 1.70505E-01 1.68392E+01 
2.78058E-01 7.20177E-01 8.93088E-01 1.06013E+00 1.06049E+00 1.06913E+00 1.08931E+00 8.93088E-01 7.20177E-01 2.78058E-01 1.95662E+01 
3.96536E-01 8.33871E-01 1.00674E+00 1.17064E+00 1.17104E+00 1.18032E+00 1.20102E+00 1.00674E+00 8.33871E-01 3.96536E-01 2.25581E+01 
5.26542E-01 9.59053E-01 1.13187E+00 1.29262E+00 1.29307E+00 1.30301E+00 1.32426E+00 1.13187E+00 9.59053E-01 5.26542E-01 2.58208E+01 
6.68655E-01 1.09631E+00 1.26906E+00 1.42667E+00 1.42715E+00 1.43780E+00 1.45961E+00 1.26906E+00 1.09631E+00 6.68655E-01 2.93577E+01 
8.23422E-01 1.24619E+00 1.41886E+00 1.57333E+00 1.57386E+00 1.58523E+00 1.60762E+00 1.41886E+00 1.24619E+00 8.23422E-01 3.31690E+01 
9.91352E-01 1.40921E+00 1.58179E+00 1.73312E+00 1.73369E+00 1.74583E+00 1.76882E+00 1.58179E+00 1.40921E+00 9.91352E-01 3.72518E+01 
1.17290E+00 1.58582E+00 1.75830E+00 1.90650E+00 1.90712E+00 1.92006E+00 1.94366E+00 1.75830E+00 1.58582E+00 1.17290E+00 4.16002E+01 
1.36846E+00 1.77642E+00 1.94879E+00 2.09387E+00 2.09455E+00 2.10832E+00 2.13255E+00 1.94879E+00 1.77642E+00 1.36846E+00 4.62049E+01 
1.57834E+00 1.98134E+00 2.15357E+00 2.29556E+00 2.29629E+00 2.31093E+00 2.33581E+00 2.15357E+00 1.98134E+00 1.57834E+00 5.10534E+01 
1.80279E+00 2.20081E+00 2.37289E+00 2.51180E+00 2.51259E+00 2.52813E+00 2.55368E+00 2.37289E+00 2.20081E+00 1.80279E+00 5.61301E+01 
2.04193E+00 2.43498E+00 2.60689E+00 2.74275E+00 2.74359E+00 2.76007E+00 2.78631E+00 2.60689E+00 2.43498E+00 2.04193E+00 6.14165E+01 
1.17318E-02 7.14377E-02 1.43765E-01 3.29829E-01 3.29805E-01 3.32910E-01 3.49007E-01 1.43765E-01 7.14377E-02 1.17318E-02 -4.71829E-01 
1.17318E-02 7.14377E-02 1.62032E-01 3.45462E-01 3.45461E-01 3.48940E-01 3.65394E-01 1.62032E-01 7.14377E-02 1.17318E-02 1.20311E-03 
1.17318E-02 9.49914E-03 1.83361E-01 3.64171E-01 3.64196E-01 3.68061E-01 3.84880E-01 1.83361E-01 9.49914E-03 1.17318E-02 5.49790E-01 
1.17318E-02 3.40726E-02 2.07944E-01 3.86146E-01 3.86195E-01 3.90463E-01 4.07654E-01 2.07944E-01 3.40726E-02 1.17318E-02 1.17169E+00 
1.17318E-02 6.24408E-02 2.36317E-01 4.11890E-01 4.11966E-01 4.16655E-01 4.34229E-01 2.36318E-01 6.24408E-02 1.17318E-02 1.90049E+00 
1.17318E-02 9.48879E-02 2.68765E-01 4.41692E-01 4.41795E-01 4.46925E-01 4.64894E-01 2.68766E-01 9.48879E-02 1.17318E-02 2.74691E+00 
1.17318E-02 1.31716E-01 3.05589E-01 4.75855E-01 4.75987E-01 4.81576E-01 4.99952E-01 3.05589E-01 1.31716E-01 1.17318E-02 3.72172E+00 
1.17318E-02 1.63416E-01 3.37283E-01 5.05482E-01 5.05637E-01 5.11596E-01 5.30295E-01 3.37283E-01 1.63416E-01 1.17318E-02 4.57077E+00 
1.17318E-02 1.73238E-01 3.47102E-01 5.14696E-01 5.14858E-01 5.20928E-01 5.39722E-01 3.47102E-01 1.73238E-01 1.17318E-02 4.83543E+00 
1.17318E-02 2.23648E-01 3.97494E-01 5.62198E-01 5.62393E-01 5.69005E-01 5.88263E-01 3.97495E-01 2.23648E-01 1.17318E-02 6.20356E+00 
1.17318E-02 2.80327E-01 4.54148E-01 6.15955E-01 6.16185E-01 6.23363E-01 6.43099E-01 4.54148E-01 2.80327E-01 1.17318E-02 7.75695E+00 
1.17318E-02 3.43718E-01 5.17506E-01 6.76414E-01 6.76680E-01 6.84450E-01 7.04677E-01 5.17507E-01 3.43718E-01 1.17318E-02 9.50663E+00 
1.17318E-02 4.14275E-01 5.88022E-01 7.44031E-01 7.44334E-01 7.52722E-01 7.73455E-01 5.88022E-01 4.14275E-01 1.17318E-02 1.14623E+01 
6.76412E-02 4.91032E-01 6.64725E-01 8.17866E-01 8.18210E-01 8.27240E-01 8.48490E-01 6.64725E-01 4.91032E-01 6.76412E-02 1.35150E+01 
1.57015E-01 5.75928E-01 7.49558E-01 8.99824E-01 9.00209E-01 9.09913E-01 9.31697E-01 7.49558E-01 5.75928E-01 1.57015E-01 1.57550E+01 
2.55397E-01 6.69786E-01 8.43340E-01 9.90721E-01 9.91149E-01 1.00156E+00 1.02390E+00 8.43341E-01 6.69786E-01 2.55397E-01 1.82123E+01 
3.63265E-01 7.73089E-01 9.46555E-01 1.09104E+00 1.09152E+00 1.10267E+00 1.12558E+00 9.46556E-01 7.73089E-01 3.63265E-01 2.08918E+01 
4.81082E-01 8.86301E-01 1.05967E+00 1.20126E+00 1.20178E+00 1.21371E+00 1.23720E+00 1.05967E+00 8.86301E-01 4.81082E-01 2.37961E+01 
6.09282E-01 1.00986E+00 1.18312E+00 1.32182E+00 1.32239E+00 1.33512E+00 1.35923E+00 1.18312E+00 1.00986E+00 6.09282E-01 2.69252E+01 
7.48262E-01 1.14418E+00 1.31730E+00 1.45311E+00 1.45374E+00 1.46732E+00 1.49205E+00 1.31730E+00 1.14418E+00 7.48262E-01 3.02766E+01 
8.98379E-01 1.28960E+00 1.46258E+00 1.59552E+00 1.59619E+00 1.61065E+00 1.63603E+00 1.46258E+00 1.28960E+00 8.98379E-01 3.38450E+01 
1.05993E+00 1.44645E+00 1.61926E+00 1.74933E+00 1.75007E+00 1.76545E+00 1.79149E+00 1.61926E+00 1.44645E+00 1.05993E+00 3.76224E+01 
1.23317E+00 1.61495E+00 1.78759E+00 1.91481E+00 1.91561E+00 1.93194E+00 1.95866E+00 1.78759E+00 1.61495E+00 1.23317E+00 4.15982E+01 
1.41826E+00 1.79530E+00 1.96774E+00 2.09213E+00 2.09299E+00 2.11031E+00 2.13774E+00 1.96774E+00 1.79530E+00 1.41826E+00 4.57589E+01 
1.61529E+00 1.98758E+00 2.15981E+00 2.28139E+00 2.28231E+00 2.30067E+00 2.32882E+00 2.15981E+00 1.98758E+00 1.61529E+00 5.00887E+01 
1.82428E+00 2.19181E+00 2.36380E+00 2.48260E+00 2.48358E+00 2.50302E+00 2.53191E+00 2.36380E+00 2.19181E+00 1.82428E+00 5.45696E+01 
1.08322E-02 6.85919E-02 1.45478E-01 3.10208E-01 3.10185E-01 3.14147E-01 3.32060E-01 1.45478E-01 6.85919E-02 1.08322E-02 -4.19145E-01 
1.08322E-02 6.85919E-02 1.63364E-01 3.25651E-01 3.25656E-01 3.30062E-01 3.48364E-01 1.63364E-01 6.85919E-02 1.08322E-02 5.06886E-02 
1.08322E-02 9.20619E-03 1.84053E-01 3.43911E-01 3.43946E-01 3.48811E-01 3.67509E-01 1.84053E-01 9.20619E-03 1.08322E-02 5.90284E-01 
1.08322E-02 3.28832E-02 2.07711E-01 3.65153E-01 3.65218E-01 3.70560E-01 3.89661E-01 2.07711E-01 3.28832E-02 1.08322E-02 1.19662E+00 
1.08322E-02 6.00209E-02 2.34824E-01 3.89833E-01 3.89929E-01 3.95769E-01 4.15287E-01 2.34825E-01 6.00209E-02 1.08322E-02 1.90131E+00 
1.08322E-02 9.08637E-02 2.65637E-01 4.18199E-01 4.18326E-01 4.24687E-01 4.44633E-01 2.65637E-01 9.08637E-02 1.08322E-02 2.71326E+00 
1.08322E-02 1.25669E-01 3.00406E-01 4.50509E-01 4.50670E-01 4.57573E-01 4.77961E-01 3.00406E-01 1.25669E-01 1.08322E-02 3.64125E+00 
1.08322E-02 1.55489E-01 3.30192E-01 4.78387E-01 4.78575E-01 4.85914E-01 5.06651E-01 3.30192E-01 1.55489E-01 1.08322E-02 4.44426E+00 
1.08322E-02 1.64705E-01 3.39397E-01 4.87033E-01 4.87230E-01 4.94698E-01 5.15540E-01 3.39397E-01 1.64705E-01 1.08322E-02 4.69367E+00 
1.08322E-02 2.11851E-01 3.86487E-01 5.31458E-01 5.31693E-01 5.39798E-01 5.61143E-01 3.86488E-01 2.11851E-01 1.08322E-02 5.97697E+00 
1.08322E-02 2.64593E-01 4.39164E-01 5.81465E-01 5.81741E-01 5.90510E-01 6.12373E-01 4.39164E-01 2.64593E-01 1.08322E-02 7.42323E+00 
1.08322E-02 3.23296E-01 4.97792E-01 6.37424E-01 6.37743E-01 6.47205E-01 6.69601E-01 4.97793E-01 3.23296E-01 1.08322E-02 9.04052E+00 
1.08322E-02 3.88332E-01 5.62741E-01 6.99707E-01 7.00071E-01 7.10255E-01 7.33198E-01 5.62742E-01 3.88332E-01 1.08322E-02 1.08355E+01 
6.23450E-02 4.58926E-01 6.33237E-01 7.67569E-01 7.67978E-01 7.78911E-01 8.02415E-01 6.33237E-01 4.58926E-01 6.23450E-02 1.27035E+01 
1.44345E-01 5.36651E-01 7.10849E-01 8.42544E-01 8.43002E-01 8.54718E-01 8.78801E-01 7.10850E-01 5.36651E-01 1.44345E-01 1.47280E+01 
2.34171E-01 6.22156E-01 7.96228E-01 9.25279E-01 9.25787E-01 9.38323E-01 9.63004E-01 7.96229E-01 6.22156E-01 2.34171E-01 1.69348E+01 
3.32185E-01 7.15809E-01 8.89741E-01 1.01614E+00 1.01671E+00 1.03010E+00 1.05540E+00 8.89742E-01 7.15809E-01 3.32185E-01 1.93259E+01 
4.38732E-01 8.17957E-01 9.91733E-01 1.11549E+00 1.11611E+00 1.13040E+00 1.15633E+00 9.91734E-01 8.17957E-01 4.38732E-01 2.19012E+01 
5.54122E-01 9.28917E-01 1.10252E+00 1.22364E+00 1.22431E+00 1.23953E+00 1.26613E+00 1.10252E+00 9.28917E-01 5.54122E-01 2.46583E+01 
6.78631E-01 1.04897E+00 1.22238E+00 1.34087E+00 1.34160E+00 1.35779E+00 1.38506E+00 1.22238E+00 1.04897E+00 6.78631E-01 2.75926E+01 
8.12489E-01 1.17834E+00 1.35155E+00 1.46741E+00 1.46821E+00 1.48542E+00 1.51338E+00 1.35155E+00 1.17834E+00 8.12489E-01 3.06972E+01 
9.55875E-01 1.31722E+00 1.49020E+00 1.60346E+00 1.60433E+00 1.62259E+00 1.65127E+00 1.49020E+00 1.31722E+00 9.55875E-01 3.39629E+01 
1.10891E+00 1.46574E+00 1.63847E+00 1.74915E+00 1.75008E+00 1.76943E+00 1.79886E+00 1.63847E+00 1.46574E+00 1.10891E+00 3.73782E+01 
1.27166E+00 1.62395E+00 1.79641E+00 1.90452E+00 1.90553E+00 1.92601E+00 1.95620E+00 1.79642E+00 1.62395E+00 1.27166E+00 4.09296E+01 
1.44409E+00 1.79184E+00 1.96402E+00 2.06959E+00 2.07067E+00 2.09233E+00 2.12329E+00 1.96402E+00 1.79184E+00 1.44409E+00 4.46016E+01 
1.62614E+00 1.96933E+00 2.14120E+00 2.24426E+00 2.24541E+00 2.26829E+00 2.30005E+00 2.14120E+00 1.96933E+00 1.62614E+00 4.83771E+01 
9.97139E-03 6.57543E-02 1.47184E-01 2.91596E-01 2.91578E-01 2.96643E-01 3.16573E-01 1.47184E-01 6.57543E-02 9.97139E-03 -3.57640E-01 
9.97139E-03 6.57543E-02 1.64659E-01 3.06821E-01 3.06837E-01 3.12430E-01 3.32781E-01 1.64659E-01 6.57543E-02 9.97139E-03 1.08794E-01 
9.97139E-03 8.90838E-03 1.84687E-01 3.24614E-01 3.24664E-01 3.30803E-01 3.51584E-01 1.84687E-01 8.90838E-03 9.97139E-03 6.39019E-01 
9.97139E-03 3.16857E-02 2.07411E-01 3.45117E-01 3.45202E-01 3.51906E-01 3.73125E-01 2.07411E-01 3.16857E-02 9.97139E-03 1.22931E+00 
9.97139E-03 5.76032E-02 2.33268E-01 3.68739E-01 3.68861E-01 3.76154E-01 3.97825E-01 2.33268E-01 5.76032E-02 9.97139E-03 1.90941E+00 
9.97139E-03 8.68686E-02 2.62465E-01 3.95690E-01 3.95851E-01 4.03758E-01 4.25894E-01 2.62465E-01 8.68686E-02 9.97139E-03 2.68650E+00 
9.97139E-03 1.19699E-01 2.95219E-01 4.26191E-01 4.26391E-01 4.34938E-01 4.57552E-01 2.95219E-01 1.19699E-01 9.97139E-03 3.56755E+00 
9.97139E-03 1.47690E-01 3.23144E-01 4.52369E-01 4.52601E-01 4.61661E-01 4.84654E-01 3.23145E-01 1.47690E-01 9.97139E-03 4.32475E+00 
9.97139E-03 1.56318E-01 3.31752E-01 4.60465E-01 4.60707E-01 4.69919E-01 4.93025E-01 3.31753E-01 1.56318E-01 9.97139E-03 4.55906E+00 
9.97139E-03 2.00310E-01 3.75641E-01 5.01916E-01 5.02203E-01 5.12164E-01 5.35815E-01 3.75642E-01 2.00310E-01 9.97139E-03 5.75870E+00 
9.97139E-03 2.49264E-01 4.24481E-01 5.48317E-01 5.48653E-01 5.59392E-01 5.83605E-01 4.24482E-01 2.49264E-01 9.97139E-03 7.10019E+00 
9.97139E-03 3.03478E-01 4.78569E-01 5.99969E-01 6.00356E-01 6.11905E-01 6.36695E-01 4.78569E-01 3.03478E-01 9.97139E-03 8.58901E+00 
9.97139E-03 3.63246E-01 5.38197E-01 6.57168E-01 6.57607E-01 6.70000E-01 6.95384E-01 5.38198E-01 3.63246E-01 9.97139E-03 1.02293E+01 
5.72869E-02 4.27957E-01 6.02755E-01 7.19330E-01 7.19822E-01 7.33087E-01 7.59078E-01 6.02756E-01 4.27957E-01 5.72869E-02 1.19210E+01 
1.32278E-01 4.98865E-01 6.73493E-01 7.87671E-01 7.88220E-01 8.02395E-01 8.29012E-01 6.73493E-01 4.98865E-01 1.32278E-01 1.37413E+01 
2.14008E-01 5.76468E-01 7.50909E-01 8.62689E-01 8.63297E-01 8.78423E-01 9.05687E-01 7.50910E-01 5.76468E-01 2.14008E-01 1.57123E+01 
3.02744E-01 6.61037E-01 8.35274E-01 9.44656E-01 9.45326E-01 9.61444E-01 9.89376E-01 8.35275E-01 6.61037E-01 3.02744E-01 1.78335E+01 
3.98725E-01 7.52816E-01 9.26831E-01 1.03382E+00 1.03456E+00 1.05171E+00 1.08033E+00 9.26833E-01 7.52816E-01 3.98725E-01 2.01029E+01 
5.02163E-01 8.52020E-01 1.02579E+00 1.13040E+00 1.13120E+00 1.14943E+00 1.17876E+00 1.02580E+00 8.52020E-01 5.02163E-01 2.25163E+01 
6.13228E-01 9.58822E-01 1.13234E+00 1.23457E+00 1.23544E+00 1.25478E+00 1.28485E+00 1.13234E+00 9.58822E-01 6.13228E-01 2.50677E+01 
7.32049E-01 1.07336E+00 1.24659E+00 1.34646E+00 1.34741E+00 1.36791E+00 1.39873E+00 1.24659E+00 1.07336E+00 7.32049E-01 2.77491E+01 
8.58706E-01 1.19571E+00 1.36864E+00 1.46617E+00 1.46719E+00 1.48890E+00 1.52050E+00 1.36864E+00 1.19571E+00 8.58706E-01 3.05506E+01 
9.93228E-01 1.32591E+00 1.49851E+00 1.59372E+00 1.59482E+00 1.61778E+00 1.65017E+00 1.49851E+00 1.32591E+00 9.93228E-01 3.34607E+01 
1.13558E+00 1.46392E+00 1.63617E+00 1.72909E+00 1.73028E+00 1.75453E+00 1.78774E+00 1.63618E+00 1.46392E+00 1.13558E+00 3.64662E+01 
1.28567E+00 1.60967E+00 1.78155E+00 1.87219E+00 1.87347E+00 1.89905E+00 1.93310E+00 1.78155E+00 1.60967E+00 1.28567E+00 3.95525E+01 
1.44335E+00 1.76299E+00 1.93447E+00 2.02287E+00 2.02423E+00 2.05120E+00 2.08612E+00 1.93447E+00 1.76299E+00 1.44335E+00 4.27037E+01 
9.17371E-03 6.30110E-02 1.48810E-01 2.74530E-01 2.74522E-01 2.80961E-01 3.03049E-01 1.48810E-01 6.30110E-02 9.17371E-03 -2.87936E-01 
9.17371E-03 6.30110E-02 1.65857E-01 2.89517E-01 2.89548E-01 2.96613E-01 3.19158E-01 1.65857E-01 6.30110E-02 9.17371E-03 1.74788E-01 
9.17371E-03 8.61499E-03 1.85223E-01 3.06840E-01 3.06912E-01 3.14620E-01 3.37630E-01 1.85223E-01 8.61499E-03 9.17371E-03 6.95351E-01 
9.17371E-03 3.05169E-02 2.07030E-01 3.26619E-01 3.26733E-01 3.35107E-01 3.58591E-01 2.07030E-01 3.05169E-02 9.17371E-03 1.26943E+00 
9.17371E-03 5.52614E-02 2.31671E-01 3.49221E-01 3.49378E-01 3.58446E-01 3.82418E-01 2.31672E-01 5.52614E-02 9.17371E-03 1.92502E+00 
9.17371E-03 8.30229E-02 2.59320E-01 3.74824E-01 3.75026E-01 3.84815E-01 4.09290E-01 2.59320E-01 8.30229E-02 9.17371E-03 2.66779E+00 
9.17371E-03 1.13983E-01 2.90157E-01 4.03610E-01 4.03859E-01 4.14398E-01 4.39390E-01 2.90157E-01 1.13983E-01 9.17371E-03 3.50309E+00 
9.17371E-03 1.40251E-01 3.16322E-01 4.28186E-01 4.28473E-01 4.39612E-01 4.65014E-01 3.16322E-01 1.40251E-01 9.17371E-03 4.21600E+00 
9.17371E-03 1.48327E-01 3.24366E-01 4.35766E-01 4.36064E-01 4.47382E-01 4.72906E-01 3.24367E-01 1.48327E-01 9.17371E-03 4.43576E+00 
9.17371E-03 1.89363E-01 3.65245E-01 4.74432E-01 4.74784E-01 4.86975E-01 5.13088E-01 3.65246E-01 1.89363E-01 9.17371E-03 5.55536E+00 
9.17371E-03 2.34785E-01 4.10497E-01 5.17473E-01 5.17883E-01 5.30981E-01 5.57701E-01 4.10497E-01 2.34785E-01 9.17371E-03 6.79748E+00 
9.17371E-03 2.84831E-01 4.60357E-01 5.65129E-01 5.65598E-01 5.79640E-01 6.06984E-01 4.60358E-01 2.84831E-01 9.17371E-03 8.16545E+00 
9.17371E-03 3.39730E-01 5.15055E-01 6.17631E-01 6.18162E-01 6.33183E-01 6.61168E-01 5.15055E-01 3.39730E-01 9.17371E-03 9.66137E+00 
5.26082E-02 3.99002E-01 5.74109E-01 6.74524E-01 6.75118E-01 6.91148E-01 7.19789E-01 5.74110E-01 3.99002E-01 5.26082E-02 1.11902E+01 
1.21146E-01 4.63633E-01 6.38503E-01 7.36760E-01 7.37421E-01 7.54502E-01 7.83819E-01 6.38504E-01 4.63633E-01 1.21146E-01 1.28232E+01 
1.95460E-01 5.33997E-01 7.08612E-01 8.04712E-01 8.05442E-01 8.23619E-01 8.53635E-01 7.08613E-01 5.33997E-01 1.95460E-01 1.45791E+01 
2.75736E-01 6.10285E-01 7.84623E-01 8.78571E-01 8.79374E-01 8.98691E-01 9.29428E-01 7.84625E-01 6.10285E-01 2.75736E-01 1.64561E+01 
3.62131E-01 6.92656E-01 8.66698E-01 9.58502E-01 9.59381E-01 9.79883E-01 1.01136E+00 8.66699E-01 6.92656E-01 3.62131E-01 1.84503E+01 
4.54773E-01 7.81244E-01 9.54966E-01 1.04464E+00 1.04560E+00 1.06733E+00 1.09958E+00 9.54968E-01 7.81244E-01 4.54773E-01 2.05566E+01 
5.53751E-01 8.76140E-01 1.04952E+00 1.13707E+00 1.13811E+00 1.16113E+00 1.19416E+00 1.04952E+00 8.76140E-01 5.53751E-01 2.27680E+01 
6.59115E-01 9.77399E-01 1.15041E+00 1.23587E+00 1.23699E+00 1.26133E+00 1.29518E+00 1.15041E+00 9.77399E-01 6.59115E-01 2.50761E+01 
7.70869E-01 1.08503E+00 1.25765E+00 1.34103E+00 1.34224E+00 1.36795E+00 1.40263E+00 1.25765E+00 1.08503E+00 7.70869E-01 2.74709E+01 
8.88972E-01 1.19899E+00 1.37119E+00 1.45251E+00 1.45382E+00 1.48094E+00 1.51649E+00 1.37120E+00 1.19899E+00 8.88972E-01 2.99412E+01 
1.01333E+00 1.31919E+00 1.49095E+00 1.57024E+00 1.57164E+00 1.60023E+00 1.63666E+00 1.49095E+00 1.31919E+00 1.01333E+00 3.24744E+01 
1.14379E+00 1.44548E+00 1.61677E+00 1.69406E+00 1.69556E+00 1.72565E+00 1.76299E+00 1.61678E+00 1.44548E+00 1.14379E+00 3.50571E+01 
1.28015E+00 1.57767E+00 1.74846E+00 1.82378E+00 1.82538E+00 1.85703E+00 1.89529E+00 1.74847E+00 1.57767E+00 1.28015E+00 3.76749E+01 
8.42285E-03 6.03145E-02 1.50359E-01 2.58676E-01 2.58683E-01 2.66854E-01 2.91278E-01 1.50359E-01 6.03145E-02 8.42285E-03 -2.07801E-01 
8.42285E-03 6.03145E-02 1.66954E-01 2.73403E-01 2.73458E-01 2.82365E-01 3.07283E-01 1.66954E-01 6.03145E-02 8.42285E-03 2.50604E-01 
8.42285E-03 8.32127E-03 1.85645E-01 2.90245E-01 2.90347E-01 3.00014E-01 3.25432E-01 1.85645E-01 8.32127E-03 8.42285E-03 7.60837E-01 
8.42285E-03 2.93575E-02 2.06538E-01 3.09304E-01 3.09456E-01 3.19905E-01 3.45835E-01 2.06538E-01 2.93575E-02 8.42285E-03 1.31808E+00 
8.42285E-03 5.29551E-02 2.29981E-01 3.30907E-01 3.31111E-01 3.42372E-01 3.68830E-01 2.29981E-01 5.29551E-02 8.42285E-03 1.94867E+00 
8.42285E-03 7.92589E-02 2.56118E-01 3.55200E-01 3.55458E-01 3.67563E-01 3.94564E-01 2.56118E-01 7.92589E-02 8.42285E-03 2.65691E+00 
8.42285E-03 1.08418E-01 2.85099E-01 3.82335E-01 3.82648E-01 3.95630E-01 4.23189E-01 2.85100E-01 1.08418E-01 8.42285E-03 3.44675E+00 
8.42285E-03 1.33035E-01 3.09569E-01 4.05377E-01 4.05735E-01 4.19416E-01 4.47418E-01 3.09570E-01 1.33035E-01 8.42285E-03 4.11605E+00 
8.42285E-03 1.40583E-01 3.17072E-01 4.12463E-01 4.12834E-01 4.26724E-01 4.54857E-01 3.17073E-01 1.40583E-01 8.42285E-03 4.32156E+00 
8.42285E-03 1.78804E-01 3.55072E-01 4.48476E-01 4.48912E-01 4.63818E-01 4.92588E-01 3.55072E-01 1.78804E-01 8.42285E-03 5.36321E+00 
8.42285E-03 2.20879E-01 3.96909E-01 4.88333E-01 4.88837E-01 5.04797E-01 5.34222E-01 3.96910E-01 2.20879E-01 8.42285E-03 6.50946E+00 
8.42285E-03 2.66992E-01 4.42767E-01 5.32220E-01 5.32794E-01 5.49846E-01 5.79946E-01 4.42767E-01 2.66992E-01 8.42285E-03 7.76189E+00 
8.42285E-03 3.17316E-01 4.92818E-01 5.80312E-01 5.80958E-01 5.99143E-01 6.29935E-01 4.92819E-01 3.17316E-01 8.42285E-03 9.12090E+00 
4.82124E-02 3.71478E-01 5.46688E-01 6.32257E-01 6.32978E-01 6.52327E-01 6.83826E-01 5.46689E-01 3.71478E-01 4.82124E-02 1.04968E+01 
1.10716E-01 4.30238E-01 6.05133E-01 6.88785E-01 6.89584E-01 7.10141E-01 7.42370E-01 6.05135E-01 4.30238E-01 1.10716E-01 1.19552E+01 
1.78130E-01 4.93867E-01 6.68427E-01 7.50165E-01 7.51046E-01 7.72860E-01 8.05843E-01 6.68428E-01 4.93867E-01 1.78130E-01 1.35123E+01 
2.50574E-01 5.62487E-01 7.36687E-01 8.16520E-01 8.17486E-01 8.40607E-01 8.74368E-01 7.36688E-01 5.62487E-01 2.50574E-01 1.51648E+01 
3.28136E-01 6.36191E-01 8.10008E-01 8.87948E-01 8.89003E-01 9.13478E-01 9.48042E-01 8.10009E-01 6.36191E-01 3.28136E-01 1.69080E+01 
4.10877E-01 7.15045E-01 8.88452E-01 9.64515E-01 9.65661E-01 9.91541E-01 1.02693E+00 8.88454E-01 7.15045E-01 4.10877E-01 1.87359E+01 
4.98823E-01 7.99076E-01 9.72049E-01 1.04625E+00 1.04749E+00 1.07482E+00 1.11107E+00 9.72051E-01 7.99076E-01 4.98823E-01 2.06413E+01 
5.91962E-01 8.88278E-01 1.06079E+00 1.13315E+00 1.13449E+00 1.16332E+00 1.20044E+00 1.06079E+00 8.88278E-01 5.91962E-01 2.26156E+01 
6.90241E-01 9.82600E-01 1.15462E+00 1.22516E+00 1.22661E+00 1.25699E+00 1.29501E+00 1.15462E+00 9.82600E-01 6.90241E-01 2.46491E+01 
7.93569E-01 1.08195E+00 1.25345E+00 1.32220E+00 1.32375E+00 1.35574E+00 1.39468E+00 1.25346E+00 1.08195E+00 7.93569E-01 2.67312E+01 
9.01803E-01 1.18620E+00 1.35715E+00 1.42414E+00 1.42580E+00 1.45943E+00 1.49932E+00 1.35716E+00 1.18620E+00 9.01803E-01 2.88504E+01 
1.01476E+00 1.29516E+00 1.46554E+00 1.53078E+00 1.53256E+00 1.56788E+00 1.60875E+00 1.46554E+00 1.29516E+00 1.01476E+00 3.09946E+01 
1.13222E+00 1.40861E+00 1.57838E+00 1.64192E+00 1.64381E+00 1.68088E+00 1.72274E+00 1.57838E+00 1.40861E+00 1.13222E+00 3.31512E+01 
7.71651E-03 5.76613E-02 1.51801E-01 2.44011E-01 2.44045E-01 2.54390E-01 2.81328E-01 1.51801E-01 5.76613E-02 7.71651E-03 -1.15902E-01 
7.71651E-03 5.76613E-02 1.67917E-01 2.58456E-01 2.58546E-01 2.69758E-01 2.97227E-01 1.67917E-01 5.76613E-02 7.71651E-03 3.37295E-01 
7.71651E-03 8.02704E-03 1.85919E-01 2.74806E-01 2.74953E-01 2.87055E-01 3.15065E-01 1.85919E-01 8.02704E-03 7.71651E-03 8.36272E-01 
7.71651E-03 2.82062E-02 2.05897E-01 2.93148E-01 2.93355E-01 3.06371E-01 3.34934E-01 2.05897E-01 2.82062E-02 7.71651E-03 1.37582E+00 
7.71651E-03 5.06816E-02 2.28157E-01 3.13769E-01 3.14037E-01 3.28004E-01 3.57135E-01 2.28157E-01 5.06816E-02 7.71651E-03 1.98071E+00 
7.71651E-03 7.55710E-02 2.52818E-01 3.36790E-01 3.37122E-01 3.52072E-01 3.81789E-01 2.52818E-01 7.55710E-02 7.71651E-03 2.65404E+00 
7.71651E-03 1.02995E-01 2.79998E-01 3.62332E-01 3.62730E-01 3.78700E-01 4.09020E-01 2.79998E-01 1.02995E-01 7.71651E-03 3.39852E+00 
7.71651E-03 1.26029E-01 3.02833E-01 3.83902E-01 3.84353E-01 4.01136E-01 4.31933E-01 3.02834E-01 1.26029E-01 7.71651E-03 4.02477E+00 
7.71651E-03 1.33072E-01 3.09816E-01 3.90516E-01 3.90983E-01 4.08007E-01 4.38946E-01 3.09817E-01 1.33072E-01 7.71651E-03 4.21629E+00 
7.71651E-03 1.68610E-01 3.45057E-01 4.24001E-01 4.24544E-01 4.42746E-01 4.74373E-01 3.45058E-01 1.68610E-01 7.71651E-03 5.18192E+00 
7.71651E-03 2.07511E-01 3.83642E-01 4.60839E-01 4.61462E-01 4.80883E-01 5.13217E-01 3.83643E-01 2.07511E-01 7.71651E-03 6.23562E+00 
7.71651E-03 2.49912E-01 4.25707E-01 5.01170E-01 5.01875E-01 5.22557E-01 5.55618E-01 4.25708E-01 2.49912E-01 7.71651E-03 7.37756E+00 
7.71651E-03 2.95939E-01 4.71377E-01 5.45120E-01 5.45911E-01 5.67896E-01 6.01705E-01 4.71378E-01 2.95939E-01 7.71651E-03 8.60684E+00 
4.40850E-02 3.45302E-01 5.20362E-01 5.92418E-01 5.93298E-01 6.16619E-01 6.51190E-01 5.20363E-01 3.45302E-01 4.40850E-02 9.83927E+00 
1.00950E-01 3.98574E-01 5.73230E-01 6.43611E-01 6.44582E-01 6.69288E-01 7.04646E-01 5.73232E-01 3.98574E-01 1.00950E-01 1.11353E+01 
1.61952E-01 4.55941E-01 6.30169E-01 6.98882E-01 6.99949E-01 7.26091E-01 7.62263E-01 6.30171E-01 4.55941E-01 1.61952E-01 1.25086E+01 
2.27151E-01 5.17468E-01 6.91242E-01 7.58300E-01 7.59466E-01 7.87096E-01 8.24107E-01 6.91244E-01 5.17468E-01 2.27151E-01 1.39552E+01 
2.96585E-01 5.83197E-01 7.56488E-01 8.21905E-01 8.23174E-01 8.52345E-01 8.90222E-01 7.56490E-01 5.83197E-01 2.96585E-01 1.54699E+01 
3.70260E-01 6.53139E-01 8.25918E-01 8.89711E-01 8.91088E-01 9.21851E-01 9.60619E-01 8.25920E-01 6.53139E-01 3.70260E-01 1.70462E+01 
4.48153E-01 7.27272E-01 8.99510E-01 9.61700E-01 9.63188E-01 9.95595E-01 1.03528E+00 8.99512E-01 7.27272E-01 4.48153E-01 1.86770E+01 
5.30206E-01 8.05542E-01 9.77210E-01 1.03782E+00 1.03942E+00 1.07352E+00 1.11415E+00 9.77212E-01 8.05542E-01 5.30206E-01 2.03538E+01 
6.16327E-01 8.87861E-01 1.05893E+00 1.11798E+00 1.11970E+00 1.15555E+00 1.19715E+00 1.05893E+00 8.87861E-01 6.16327E-01 2.20675E+01 
7.06387E-01 9.74102E-01 1.14453E+00 1.20205E+00 1.20390E+00 1.24154E+00 1.28414E+00 1.14454E+00 9.74102E-01 7.06387E-01 2.38085E+01 
8.00217E-01 1.06410E+00 1.23387E+00 1.28988E+00 1.29186E+00 1.33134E+00 1.37496E+00 1.23387E+00 1.06410E+00 8.00217E-01 2.55663E+01 
8.97616E-01 1.15766E+00 1.32673E+00 1.38127E+00 1.38337E+00 1.42475E+00 1.46942E+00 1.32673E+00 1.15766E+00 8.97616E-01 2.73304E+01 
9.98341E-01 1.25453E+00 1.42287E+00 1.47597E+00 1.47821E+00 1.52153E+00 1.56727E+00 1.42287E+00 1.25453E+00 9.98341E-01 2.90899E+01 
7.05237E-03 5.50461E-02 1.53096E-01 2.30521E-01 2.30597E-01 2.43663E-01 2.73290E-01 1.53096E-01 5.50461E-02 7.05237E-03 -1.09793E-02 
7.05237E-03 5.50461E-02 1.68707E-01 2.44660E-01 2.44803E-01 2.58884E-01 2.89084E-01 1.68707E-01 5.50461E-02 7.05237E-03 4.35803E-01 
7.05237E-03 7.73188E-03 1.86005E-01 2.60506E-01 2.60718E-01 2.75838E-01 3.06621E-01 1.86005E-01 7.73188E-03 7.05237E-03 9.22315E-01 
7.05237E-03 2.70612E-02 2.05064E-01 2.78132E-01 2.78414E-01 2.94600E-01 3.25979E-01 2.05064E-01 2.70612E-02 7.05237E-03 1.44305E+00 
7.05237E-03 4.84364E-02 2.26153E-01 2.97787E-01 2.98142E-01 3.15433E-01 3.47426E-01 2.26153E-01 4.84364E-02 7.05237E-03 2.02132E+00 
7.05237E-03 7.19515E-02 2.49365E-01 3.19568E-01 3.19999E-01 3.38432E-01 3.71057E-01 2.49365E-01 7.19515E-02 7.05237E-03 2.65916E+00 
7.05237E-03 9.77009E-02 2.74794E-01 3.43570E-01 3.44080E-01 3.63694E-01 3.96969E-01 2.74795E-01 9.77009E-02 7.05237E-03 3.35823E+00 
7.05237E-03 1.19216E-01 2.96049E-01 3.63726E-01 3.64298E-01 3.84852E-01 4.18643E-01 2.96050E-01 1.19216E-01 7.05237E-03 3.94186E+00 
7.05237E-03 1.25776E-01 3.02531E-01 3.69887E-01 3.70478E-01 3.91311E-01 4.25255E-01 3.02532E-01 1.25776E-01 7.05237E-03 4.11961E+00 
7.05237E-03 1.58754E-01 3.35125E-01 4.00959E-01 4.01641E-01 4.23832E-01 4.58517E-01 3.35126E-01 1.58754E-01 7.05237E-03 5.01098E+00 
7.05237E-03 1.94643E-01 3.70606E-01 4.34931E-01 4.35707E-01 4.59301E-01 4.94749E-01 3.70607E-01 1.94643E-01 7.05237E-03 5.97528E+00 
7.05237E-03 2.33539E-01 4.09073E-01 4.71902E-01 4.72776E-01 4.97818E-01 5.34051E-01 4.09074E-01 2.33539E-01 7.05237E-03 7.01156E+00 
7.05237E-03 2.75529E-01 4.50609E-01 5.11959E-01 5.12933E-01 5.39469E-01 5.76509E-01 4.50610E-01 2.75529E-01 7.05237E-03 8.11794E+00 
4.02118E-02 3.20386E-01 4.94989E-01 5.54894E-01 5.55972E-01 5.84033E-01 6.21896E-01 4.94990E-01 3.20386E-01 4.02118E-02 9.21590E+00 
9.18130E-02 3.68530E-01 5.42629E-01 6.01102E-01 6.02288E-01 6.31926E-01 6.70639E-01 5.42631E-01 3.68530E-01 9.18130E-02 1.03609E+01 
1.46858E-01 4.20080E-01 5.93644E-01 6.50698E-01 6.51995E-01 6.83265E-01 7.22855E-01 5.93646E-01 4.20080E-01 1.46858E-01 1.15648E+01 
2.05365E-01 4.75055E-01 6.48055E-01 7.03704E-01 7.05117E-01 7.38074E-01 7.78570E-01 6.48057E-01 4.75055E-01 2.05365E-01 1.28231E+01 
2.67328E-01 5.33453E-01 7.05858E-01 7.60118E-01 7.61652E-01 7.96352E-01 8.37780E-01 7.05861E-01 5.33453E-01 2.67328E-01 1.41302E+01 
3.32714E-01 5.95246E-01 7.67024E-01 8.19915E-01 8.21574E-01 8.58069E-01 9.00459E-01 7.67026E-01 5.95246E-01 3.32714E-01 1.54798E+01 
4.01461E-01 6.60375E-01 8.31493E-01 8.83038E-01 8.84825E-01 9.23170E-01 9.66549E-01 8.31496E-01 6.60375E-01 4.01461E-01 1.68648E+01 
4.73481E-01 7.28755E-01 8.99180E-01 9.49401E-01 9.51322E-01 9.91567E-01 1.03596E+00 8.99183E-01 7.28755E-01 4.73481E-01 1.82774E+01 
5.48653E-01 8.00268E-01 9.69965E-01 1.01889E+00 1.02095E+00 1.06315E+00 1.10859E+00 9.69969E-01 8.00268E-01 5.48653E-01 1.97092E+01 
6.26826E-01 8.74766E-01 1.04370E+00 1.09136E+00 1.09356E+00 1.13776E+00 1.18427E+00 1.04371E+00 8.74766E-01 6.26826E-01 2.11517E+01 
7.07819E-01 9.52072E-01 1.12021E+00 1.16662E+00 1.16897E+00 1.21522E+00 1.26284E+00 1.12021E+00 9.52072E-01 7.07819E-01 2.25956E+01 
7.91419E-01 1.03198E+00 1.19928E+00 1.24448E+00 1.24698E+00 1.29533E+00 1.34407E+00 1.19929E+00 1.03198E+00 7.91419E-01 2.40319E+01 
8.77387E-01 1.11424E+00 1.28068E+00 1.32469E+00 1.32734E+00 1.37784E+00 1.42774E+00 1.28068E+00 1.11424E+00 8.77387E-01 2.54514E+01 
6.42719E-03 5.24576E-02 1.54201E-01 2.18180E-01 2.18320E-01 2.34785E-01 2.67277E-01 1.54200E-01 5.24576E-02 6.42719E-03 1.08230E-01 
6.42719E-03 5.24576E-02 1.69276E-01 2.31989E-01 2.32209E-01 2.49857E-01 2.82966E-01 1.69275E-01 5.24576E-02 6.42719E-03 5.47030E-01 
6.42719E-03 7.43454E-03 1.85849E-01 2.47316E-01 2.47618E-01 2.66474E-01 3.00213E-01 1.85849E-01 7.43454E-03 6.42719E-03 1.01954E+00 
6.42719E-03 2.59175E-02 2.03981E-01 2.64220E-01 2.64607E-01 2.84699E-01 3.19081E-01 2.03981E-01 2.59175E-02 6.42719E-03 1.52005E+00 
6.42719E-03 4.62101E-02 2.23904E-01 2.82919E-01 2.83393E-01 3.04763E-01 3.39808E-01 2.23904E-01 4.62101E-02 6.42719E-03 2.07050E+00 
6.42719E-03 6.83843E-02 2.45689E-01 3.03485E-01 3.04049E-01 3.26739E-01 3.62466E-01 2.45689E-01 6.83843E-02 6.42719E-03 2.67203E+00 
6.42719E-03 9.25120E-02 2.69407E-01 3.25992E-01 3.26650E-01 3.50701E-01 3.87129E-01 2.69408E-01 9.25120E-02 6.42719E-03 3.32539E+00 
6.42719E-03 1.12564E-01 2.89129E-01 3.44782E-01 3.45514E-01 3.70646E-01 4.07632E-01 2.89130E-01 1.12564E-01 6.42719E-03 3.86666E+00 
6.42719E-03 1.18660E-01 2.95126E-01 3.50508E-01 3.51262E-01 3.76715E-01 4.13866E-01 2.95127E-01 1.18660E-01 6.42719E-03 4.03081E+00 
6.42719E-03 1.49190E-01 3.25169E-01 3.79266E-01 3.80128E-01 4.07140E-01 4.45092E-01 3.25170E-01 1.49190E-01 6.42719E-03 4.84941E+00 
6.42719E-03 1.82213E-01 3.57680E-01 4.10508E-01 4.11481E-01 4.40099E-01 4.78876E-01 3.57682E-01 1.82213E-01 6.42719E-03 5.72715E+00 
6.42719E-03 2.17794E-01 3.92723E-01 4.44297E-01 4.45385E-01 4.75657E-01 5.15282E-01 3.92724E-01 2.17794E-01 6.42719E-03 6.66223E+00 
6.42719E-03 2.55982E-01 4.30346E-01 4.80686E-01 4.81893E-01 5.13865E-01 5.54362E-01 4.30348E-01 2.55982E-01 6.42719E-03 7.65208E+00 
3.65733E-02 2.96603E-01 4.70379E-01 5.19516E-01 5.20844E-01 5.54549E-01 5.95935E-01 4.70381E-01 2.96603E-01 3.65733E-02 8.62393E+00 
8.32552E-02 3.39954E-01 5.13108E-01 5.61059E-01 5.62513E-01 5.98004E-01 6.40308E-01 5.13111E-01 3.39954E-01 8.32552E-02 9.62861E+00 
1.32766E-01 3.86095E-01 5.58595E-01 6.05374E-01 6.06959E-01 6.44294E-01 6.87545E-01 5.58598E-01 3.86095E-01 1.32766E-01 1.06764E+01 
1.85088E-01 4.35012E-01 6.06825E-01 6.52450E-01 6.54170E-01 6.93405E-01 7.37635E-01 6.06828E-01 4.35012E-01 1.85088E-01 1.17624E+01 
2.40183E-01 4.86672E-01 6.57763E-01 7.02252E-01 7.04111E-01 7.45304E-01 7.90541E-01 6.57766E-01 4.86672E-01 2.40183E-01 1.28812E+01 
2.97989E-01 5.41015E-01 7.11349E-01 7.54723E-01 7.56727E-01 7.99932E-01 8.46207E-01 7.11352E-01 5.41015E-01 2.97989E-01 1.40268E+01 
3.58420E-01 5.97958E-01 7.67499E-01 8.09781E-01 8.11934E-01 8.57206E-01 9.04548E-01 7.67502E-01 5.97958E-01 3.58420E-01 1.51924E+01 
4.21364E-01 6.57393E-01 8.26105E-01 8.67319E-01 8.69626E-01 9.17016E-01 9.65456E-01 8.26109E-01 6.57393E-01 4.21364E-01 1.63710E+01 
4.86685E-01 7.19187E-01 8.87032E-01 9.27205E-01 9.29670E-01 9.79230E-01 1.02880E+00 8.87037E-01 7.19187E-01 4.86685E-01 1.75552E+01 
5.54220E-01 7.83182E-01 9.50123E-01 9.89281E-01 9.91909E-01 1.04369E+00 1.09441E+00 9.50128E-01 7.83182E-01 5.54220E-01 1.87372E+01 
6.23785E-01 8.49193E-01 1.01519E+00 1.05336E+00 1.05616E+00 1.11020E+00 1.16211E+00 1.01520E+00 8.49193E-01 6.23785E-01 1.99095E+01 
6.95169E-01 9.17015E-01 1.08203E+00 1.11925E+00 1.12222E+00 1.17857E+00 1.23169E+00 1.08204E+00 9.17015E-01 6.95169E-01 2.10643E+01 
7.68141E-01 9.86419E-01 1.15042E+00 1.18671E+00 1.18985E+00 1.24855E+00 1.30292E+00 1.15043E+00 9.86419E-01 7.68141E-01 2.21942E+01 
5.83998E-03 4.98910E-02 1.55054E-01 2.07013E-01 2.07250E-01 2.27933E-01 2.63452E-01 1.55054E-01 4.98910E-02 5.83998E-03 2.42237E-01 
5.83998E-03 4.98910E-02 1.69561E-01 2.20463E-01 2.20796E-01 2.42849E-01 2.79035E-01 1.69561E-01 4.98910E-02 5.83998E-03 6.71124E-01 
5.83998E-03 7.13438E-03 1.85387E-01 2.35252E-01 2.35683E-01 2.59133E-01 2.95999E-01 1.85387E-01 7.13438E-03 5.83998E-03 1.12778E+00 
5.83998E-03 2.47729E-02 2.02581E-01 2.51428E-01 2.51960E-01 2.76835E-01 3.14397E-01 2.02581E-01 2.47729E-02 5.83998E-03 1.60643E+00 
5.83998E-03 4.39981E-02 2.21339E-01 2.69176E-01 2.69811E-01 2.96157E-01 3.34435E-01 2.21340E-01 4.39981E-02 5.83998E-03 2.12769E+00 
5.83998E-03 6.48631E-02 2.41716E-01 2.88548E-01 2.89291E-01 3.17152E-01 3.56168E-01 2.41716E-01 6.48631E-02 5.83998E-03 2.69196E+00 
5.83998E-03 8.74191E-02 2.63760E-01 3.09599E-01 3.10453E-01 3.39872E-01 3.79648E-01 2.63761E-01 8.74191E-02 5.83998E-03 3.29925E+00 
5.83998E-03 1.06062E-01 2.81991E-01 3.27068E-01 3.28010E-01 3.58666E-01 3.99045E-01 2.81992E-01 1.06062E-01 5.83998E-03 3.79840E+00 
5.83998E-03 1.11712E-01 2.87519E-01 3.32375E-01 3.33343E-01 3.64365E-01 4.04922E-01 2.87520E-01 1.11712E-01 5.83998E-03 3.94912E+00 
5.83998E-03 1.39900E-01 3.15103E-01 3.58914E-01 3.60009E-01 3.92809E-01 4.34233E-01 3.15105E-01 1.39900E-01 5.83998E-03 4.69648E+00 
5.83998E-03 1.70200E-01 3.44771E-01 3.87552E-01 3.88779E-01 4.23406E-01 4.65723E-01 3.44772E-01 1.70200E-01 5.83998E-03 5.49052E+00 
5.83998E-03 2.02645E-01 3.76556E-01 4.18327E-01 4.19689E-01 4.56192E-01 4.99427E-01 3.76558E-01 2.02645E-01 5.83998E-03 6.32889E+00 
5.83998E-03 2.37261E-01 4.10481E-01 4.51260E-01 4.52762E-01 4.91190E-01 5.35369E-01 4.10483E-01 2.37261E-01 5.83998E-03 7.20857E+00 
3.31630E-02 2.73910E-01 4.46413E-01 4.86233E-01 4.87877E-01 5.28258E-01 5.73400E-01 4.46415E-01 2.73910E-01 3.31630E-02 8.06252E+00 
7.52598E-02 3.12789E-01 4.84541E-01 5.23418E-01 5.25209E-01 5.67599E-01 6.13734E-01 4.84543E-01 3.12789E-01 7.52598E-02 8.93725E+00 
1.19641E-01 3.53916E-01 5.24880E-01 5.62832E-01 5.64774E-01 6.09233E-01 6.56393E-01 5.24883E-01 3.53916E-01 1.19641E-01 9.84165E+00 
1.66265E-01 3.97252E-01 5.67390E-01 6.04435E-01 6.06535E-01 6.53120E-01 7.01337E-01 5.67394E-01 3.97252E-01 1.66265E-01 1.07710E+01 
2.15069E-01 4.42738E-01 6.12013E-01 6.48172E-01 6.50433E-01 6.99201E-01 7.48508E-01 6.12017E-01 4.42738E-01 2.15069E-01 1.17200E+01 
2.65971E-01 4.90296E-01 6.58670E-01 6.93963E-01 6.96391E-01 7.47398E-01 7.97826E-01 6.58674E-01 4.90296E-01 2.65971E-01 1.26831E+01 
3.18869E-01 5.39826E-01 7.07260E-01 7.41711E-01 7.44311E-01 7.97608E-01 8.49190E-01 7.07264E-01 5.39826E-01 3.18869E-01 1.36541E+01 
3.73638E-01 5.91208E-01 7.57663E-01 7.91297E-01 7.94072E-01 8.49711E-01 9.02479E-01 7.57668E-01 5.91208E-01 3.73638E-01 1.46268E+01 
4.30135E-01 6.44301E-01 8.09737E-01 8.42579E-01 8.45535E-01 9.03565E-01 9.57549E-01 8.09742E-01 6.44301E-01 4.30135E-01 1.55947E+01 
4.88197E-01 6.98946E-01 8.63323E-01 8.95398E-01 8.98540E-01 9.59006E-01 1.01424E+00 8.63329E-01 6.98946E-01 4.88197E-01 1.65514E+01 
5.47640E-01 7.54961E-01 9.18240E-01 9.49576E-01 9.52907E-01 1.01585E+00 1.07236E+00 9.18246E-01 7.54961E-01 5.47640E-01 1.74905E+01 
6.08266E-01 8.12152E-01 9.74291E-01 1.00492E+00 1.00844E+00 1.07391E+00 1.13172E+00 9.74298E-01 8.12152E-01 6.08266E-01 1.84056E+01 
6.69858E-01 8.70304E-01 1.03126E+00 1.06121E+00 1.06493E+00 1.13295E+00 1.19211E+00 1.03127E+00 8.70304E-01 6.69858E-01 1.92908E+01 
5.28864E-03 4.73339E-02 1.55588E-01 1.97025E-01 1.97404E-01 2.23291E-01 2.61987E-01 1.55588E-01 4.73339E-02 5.28864E-03 3.91133E-01 
5.28864E-03 4.73339E-02 1.69490E-01 2.10082E-01 2.10576E-01 2.38040E-01 2.77460E-01 1.69490E-01 4.73339E-02 5.28864E-03 8.07799E-01 
5.28864E-03 6.82974E-03 1.84542E-01 2.24309E-01 2.24920E-01 2.53988E-01 2.94146E-01 1.84542E-01 6.82974E-03 5.28864E-03 1.24646E+00 
5.28864E-03 2.36214E-02 2.00781E-01 2.39742E-01 2.40473E-01 2.71173E-01 3.12085E-01 2.00781E-01 2.36214E-02 5.28864E-03 1.70134E+00 
5.28864E-03 4.17900E-02 2.18372E-01 2.56535E-01 2.57390E-01 2.89771E-01 3.31460E-01 2.18372E-01 4.17900E-02 5.28864E-03 2.19184E+00 
5.28864E-03 6.13715E-02 2.37351E-01 2.74727E-01 2.75710E-01 3.09817E-01 3.52307E-01 2.37352E-01 6.13715E-02 5.28864E-03 2.71774E+00 
5.28864E-03 8.24000E-02 2.57751E-01 2.94351E-01 2.95465E-01 3.31347E-01 3.74660E-01 2.57752E-01 8.24000E-02 5.28864E-03 3.27850E+00 
5.28864E-03 9.96819E-02 2.74529E-01 3.10538E-01 3.11756E-01 3.49041E-01 3.93009E-01 2.74530E-01 9.96819E-02 5.28864E-03 3.73570E+00 
5.28864E-03 1.04904E-01 2.79600E-01 3.15438E-01 3.16687E-01 3.54387E-01 3.98549E-01 2.79602E-01 1.04904E-01 5.28864E-03 3.87313E+00 
5.28864E-03 1.30847E-01 3.04809E-01 3.39839E-01 3.41238E-01 3.80950E-01 4.26053E-01 3.04810E-01 1.30847E-01 5.28864E-03 4.55069E+00 
5.28864E-03 1.58554E-01 3.31748E-01 3.65989E-01 3.67543E-01 4.09317E-01 4.55390E-01 3.31750E-01 1.58554E-01 5.28864E-03 5.26384E+00 
5.28864E-03 1.88034E-01 3.60430E-01 3.93901E-01 3.95614E-01 4.39501E-01 4.86570E-01 3.60432E-01 1.88034E-01 5.28864E-03 6.00987E+00 
5.28864E-03 2.19290E-01 3.90854E-01 4.23575E-01 4.25451E-01 4.71499E-01 5.19594E-01 3.90857E-01 2.19290E-01 5.28864E-03 6.78553E+00 
2.99682E-02 2.52215E-01 4.22920E-01 4.54920E-01 4.56962E-01 5.05196E-01 5.54335E-01 4.22923E-01 2.52215E-01 2.99682E-02 7.52948E+00 
6.77947E-02 2.86928E-01 4.56736E-01 4.88033E-01 4.90245E-01 5.40722E-01 5.90937E-01 4.56739E-01 2.86928E-01 6.77947E-02 8.28417E+00 
1.07429E-01 3.23413E-01 4.92284E-01 5.22897E-01 5.25285E-01 5.78063E-01 6.29390E-01 4.92288E-01 3.23413E-01 1.07429E-01 9.05740E+00 
1.48811E-01 3.61614E-01 5.29508E-01 5.59455E-01 5.62024E-01 6.17161E-01 6.69634E-01 5.29512E-01 3.61614E-01 1.48811E-01 9.84468E+00 
1.91862E-01 4.01456E-01 5.68332E-01 5.97634E-01 6.00390E-01 6.57941E-01 7.11595E-01 5.68337E-01 4.01456E-01 1.91862E-01 1.06411E+01 
2.36489E-01 4.42849E-01 6.08666E-01 6.37344E-01 6.40291E-01 7.00309E-01 7.55179E-01 6.08671E-01 4.42849E-01 2.36489E-01 1.14416E+01 
2.82579E-01 4.85685E-01 6.50401E-01 6.78478E-01 6.81621E-01 7.44156E-01 8.00275E-01 6.50406E-01 4.85685E-01 2.82579E-01 1.22408E+01 
3.30006E-01 5.29838E-01 6.93412E-01 7.20911E-01 7.24255E-01 7.89355E-01 8.46756E-01 6.93418E-01 5.29838E-01 3.30006E-01 1.30334E+01 
3.78624E-01 5.75168E-01 7.37559E-01 7.64503E-01 7.68052E-01 8.35761E-01 8.94477E-01 7.37565E-01 5.75168E-01 3.78624E-01 1.38137E+01 
4.28276E-01 6.21520E-01 7.82685E-01 8.09099E-01 8.12858E-01 8.83217E-01 9.43281E-01 7.82692E-01 6.21520E-01 4.28276E-01 1.45766E+01 
4.78788E-01 6.68724E-01 8.28622E-01 8.54530E-01 8.58503E-01 9.31550E-01 9.92992E-01 8.28630E-01 6.68724E-01 4.78788E-01 1.53169E+01 
5.29976E-01 7.16598E-01 8.75189E-01 9.00615E-01 9.04805E-01 9.80574E-01 1.04343E+00 8.75197E-01 7.16598E-01 5.29976E-01 1.60295E+01 
5.81645E-01 7.64950E-01 9.22192E-01 9.47161E-01 9.51572E-01 1.03009E+00 1.09438E+00 9.22201E-01 7.64950E-01 5.81645E-01 1.67099E+01 
4.77142E-03 4.47732E-02 1.55721E-01 1.88219E-01 1.88805E-01 2.21065E-01 2.63080E-01 1.55721E-01 4.47732E-02 4.77142E-03 5.54083E-01 
4.77142E-03 4.47732E-02 1.68977E-01 2.00843E-01 2.01566E-01 2.35628E-01 2.78430E-01 1.68977E-01 4.47732E-02 4.77142E-03 9.55861E-01 
4.77142E-03 6.51862E-03 1.83222E-01 2.14475E-01 2.15338E-01 2.51226E-01 2.94832E-01 1.83223E-01 6.51862E-03 4.77142E-03 1.37409E+00 
4.77142E-03 2.24563E-02 1.98485E-01 2.29142E-01 2.30147E-01 2.67891E-01 3.12318E-01 1.98485E-01 2.24563E-02 4.77142E-03 1.80309E+00 
4.77142E-03 3.95738E-02 2.14899E-01 2.44971E-01 2.46123E-01 2.85772E-01 3.31045E-01 2.14900E-01 3.95738E-02 4.77142E-03 2.26112E+00 
4.77142E-03 5.78925E-02 2.32487E-01 2.61986E-01 2.63288E-01 3.04891E-01 3.51036E-01 2.32487E-01 5.78925E-02 4.77142E-03 2.74747E+00 
4.77142E-03 7.74318E-02 2.51266E-01 2.80205E-01 2.81663E-01 3.25266E-01 3.72310E-01 2.51267E-01 7.74318E-02 4.77142E-03 3.26118E+00 
4.77142E-03 9.33965E-02 2.66623E-01 2.95137E-01 2.96718E-01 3.41901E-01 3.89658E-01 2.66625E-01 9.33965E-02 4.77142E-03 3.67661E+00 
4.77142E-03 9.82047E-02 2.71251E-01 2.99642E-01 3.01259E-01 3.46910E-01 3.94878E-01 2.71252E-01 9.82047E-02 4.77142E-03 3.80092E+00 
4.77142E-03 1.21995E-01 2.94157E-01 3.21976E-01 3.23769E-01 3.71678E-01 4.20672E-01 2.94159E-01 1.21995E-01 4.77142E-03 4.41013E+00 
4.77142E-03 1.47230E-01 3.18476E-01 3.45739E-01 3.47714E-01 3.97930E-01 4.47981E-01 3.18478E-01 1.47230E-01 4.77142E-03 5.04520E+00 
4.77142E-03 1.73906E-01 3.44199E-01 3.70927E-01 3.73087E-01 4.25661E-01 4.76799E-01 3.44202E-01 1.73906E-01 4.77142E-03 5.70323E+00 
4.77142E-03 2.02004E-01 3.71311E-01 3.97522E-01 3.99871E-01 4.54851E-01 5.07105E-01 3.71314E-01 2.02004E-01 4.77142E-03 6.38095E+00 
2.69783E-02 2.31443E-01 3.99733E-01 4.25454E-01 4.27995E-01 4.85400E-01 5.38790E-01 3.99737E-01 2.31443E-01 2.69783E-02 7.02259E+00 
6.08331E-02 2.62280E-01 4.29514E-01 4.54762E-01 4.57501E-01 5.17383E-01 5.71946E-01 4.29518E-01 2.62280E-01 6.08331E-02 7.66680E+00 
9.60818E-02 2.94477E-01 4.60613E-01 4.85406E-01 4.88348E-01 5.50766E-01 6.06537E-01 4.60617E-01 2.94477E-01 9.60818E-02 8.32051E+00 
1.32652E-01 3.27967E-01 4.92960E-01 5.17317E-01 5.20467E-01 5.85476E-01 6.42494E-01 4.92965E-01 3.27967E-01 1.32652E-01 8.97959E+00 
1.70456E-01 3.62665E-01 5.26472E-01 5.50414E-01 5.53776E-01 6.21429E-01 6.79730E-01 5.26478E-01 3.62665E-01 1.70456E-01 9.63967E+00 
2.09396E-01 3.98475E-01 5.61054E-01 5.84598E-01 5.88179E-01 6.58524E-01 7.18144E-01 5.61060E-01 3.98475E-01 2.09396E-01 1.02963E+01 
2.49356E-01 4.35287E-01 5.96593E-01 6.19762E-01 6.23566E-01 6.96647E-01 7.57623E-01 5.96600E-01 4.35287E-01 2.49356E-01 1.09448E+01 
2.90210E-01 4.72978E-01 6.32968E-01 6.55782E-01 6.59813E-01 7.35673E-01 7.98039E-01 6.32975E-01 4.72978E-01 2.90210E-01 1.15807E+01 
3.31821E-01 5.11412E-01 6.70044E-01 6.92524E-01 6.96786E-01 7.75462E-01 8.39252E-01 6.70052E-01 5.11412E-01 3.31821E-01 1.21996E+01 
3.74040E-01 5.50445E-01 7.07676E-01 7.29842E-01 7.34340E-01 8.15866E-01 8.81113E-01 7.07684E-01 5.50445E-01 3.74040E-01 1.27972E+01 
4.16708E-01 5.89921E-01 7.45708E-01 7.67582E-01 7.72318E-01 8.56723E-01 9.23460E-01 7.45717E-01 5.89921E-01 4.16708E-01 1.33694E+01 
4.59659E-01 6.29676E-01 7.83978E-01 8.05581E-01 8.10558E-01 8.97867E-01 9.66125E-01 7.83988E-01 6.29676E-01 4.59659E-01 1.39125E+01 
5.02720E-01 6.69541E-01 8.22318E-01 8.43669E-01 8.48891E-01 9.39123E-01 1.00893E+00 8.22329E-01 6.69541E-01 5.02720E-01 1.44231E+01 
4.28605E-03 4.21903E-02 1.55360E-01 1.80579E-01 1.81460E-01 2.21471E-01 2.66940E-01 1.55359E-01 4.21903E-02 4.28605E-03 7.29332E-01 
4.28605E-03 4.21903E-02 1.67922E-01 1.92718E-01 1.93763E-01 2.35814E-01 2.82145E-01 1.67922E-01 4.21903E-02 4.28605E-03 1.11323E+00 
4.28605E-03 6.19821E-03 1.81322E-01 2.05712E-01 2.06922E-01 2.51036E-01 2.98247E-01 1.81322E-01 6.19821E-03 4.28605E-03 1.50834E+00 
4.28605E-03 2.12681E-02 1.95579E-01 2.19579E-01 2.20958E-01 2.67162E-01 3.15272E-01 1.95580E-01 2.12681E-02 4.28605E-03 1.90918E+00 
4.28605E-03 3.73331E-02 2.10801E-01 2.34423E-01 2.35975E-01 2.84318E-01 3.33356E-01 2.10801E-01 3.73331E-02 4.28605E-03 2.33289E+00 
4.28605E-03 5.44026E-02 2.26996E-01 2.50252E-01 2.51982E-01 3.02514E-01 3.52507E-01 2.26997E-01 5.44026E-02 4.28605E-03 2.77845E+00 
4.28605E-03 7.24834E-02 2.44171E-01 2.67075E-01 2.68987E-01 3.21755E-01 3.72733E-01 2.44172E-01 7.24834E-02 4.28605E-03 3.24459E+00 
4.28605E-03 8.71685E-02 2.58134E-01 2.80774E-01 2.82830E-01 3.37360E-01 3.89119E-01 2.58136E-01 8.71685E-02 4.28605E-03 3.61841E+00 
4.28605E-03 9.15768E-02 2.62327E-01 2.84893E-01 2.86991E-01 3.42041E-01 3.94031E-01 2.62329E-01 9.15768E-02 4.28605E-03 3.72975E+00 
4.28605E-03 1.13294E-01 2.82999E-01 3.05215E-01 3.07519E-01 3.65078E-01 4.18193E-01 2.83001E-01 1.13294E-01 4.28605E-03 4.27210E+00 
4.28605E-03 1.36172E-01 3.04795E-01 3.26679E-01 3.29193E-01 3.89311E-01 4.43582E-01 3.04797E-01 1.36172E-01 4.28605E-03 4.83188E+00 
4.28605E-03 1.60190E-01 3.27694E-01 3.49264E-01 3.51993E-01 4.14716E-01 4.70177E-01 3.27697E-01 1.60190E-01 4.28605E-03 5.40621E+00 
4.28605E-03 1.85320E-01 3.51667E-01 3.72941E-01 3.75889E-01 4.41261E-01 4.97944E-01 3.51670E-01 1.85320E-01 4.28605E-03 5.99193E+00 
2.41798E-02 2.11495E-01 3.76657E-01 3.97656E-01 4.00826E-01 4.68858E-01 5.26784E-01 3.76661E-01 2.11495E-01 2.41798E-02 6.53867E+00 
5.43418E-02 2.38731E-01 4.02665E-01 4.23407E-01 4.26803E-01 4.97545E-01 5.56750E-01 4.02670E-01 2.38731E-01 5.43418E-02 7.08154E+00 
8.55416E-02 2.66974E-01 4.29635E-01 4.50136E-01 4.53763E-01 5.27269E-01 5.87795E-01 4.29640E-01 2.66974E-01 8.55416E-02 7.62678E+00 
1.17700E-01 2.96149E-01 4.57492E-01 4.77768E-01 4.81633E-01 5.57953E-01 6.19838E-01 4.57497E-01 2.96149E-01 1.17700E-01 8.17070E+00 
1.50727E-01 3.26169E-01 4.86148E-01 5.06219E-01 5.10324E-01 5.89505E-01 6.52788E-01 4.86155E-01 3.26169E-01 1.50727E-01 8.70952E+00 
1.84523E-01 3.56938E-01 5.15509E-01 5.35390E-01 5.39742E-01 6.21824E-01 6.86544E-01 5.15516E-01 3.56938E-01 1.84523E-01 9.23942E+00 
2.18976E-01 3.88348E-01 5.45465E-01 5.65174E-01 5.69777E-01 6.54799E-01 7.20993E-01 5.45473E-01 3.88348E-01 2.18976E-01 9.75662E+00 
2.53966E-01 4.20282E-01 5.75903E-01 5.95457E-01 6.00314E-01 6.88309E-01 7.56013E-01 5.75911E-01 4.20282E-01 2.53966E-01 1.02574E+01 
2.89365E-01 4.52616E-01 6.06695E-01 6.26112E-01 6.31226E-01 7.22222E-01 7.91471E-01 6.06705E-01 4.52616E-01 2.89365E-01 1.07383E+01 
3.25038E-01 4.85216E-01 6.37713E-01 6.57008E-01 6.62384E-01 7.56403E-01 8.27231E-01 6.37723E-01 4.85216E-01 3.25038E-01 1.11961E+01 
3.60842E-01 5.17945E-01 6.68817E-01 6.88007E-01 6.93646E-01 7.90707E-01 8.63146E-01 6.68828E-01 5.17945E-01 3.60842E-01 1.16276E+01 
3.96634E-01 5.50661E-01 6.99868E-01 7.18968E-01 7.24872E-01 8.24987E-01 8.99067E-01 6.99879E-01 5.50661E-01 3.96634E-01 1.20301E+01 
4.32264E-01 5.83218E-01 7.30719E-01 7.49744E-01 7.55916E-01 8.59092E-01 9.34843E-01 7.30732E-01 5.83218E-01 4.32264E-01 1.24013E+01 
3.83124E-03 3.95704E-02 1.54398E-01 1.74077E-01 1.75374E-01 2.24718E-01 2.73777E-01 1.54398E-01 3.95704E-02 3.83124E-03 9.13469E-01 
3.83124E-03 3.95704E-02 1.66214E-01 1.85668E-01 1.87159E-01 2.38790E-01 2.88800E-01 1.66213E-01 3.95704E-02 3.83124E-03 1.27627E+00 
3.83124E-03 5.86594E-03 1.78724E-01 1.97969E-01 1.99656E-01 2.53592E-01 3.04573E-01 1.78724E-01 5.86594E-03 3.83124E-03 1.64545E+00 
3.83124E-03 2.00487E-02 1.91942E-01 2.10993E-01 2.12877E-01 2.69142E-01 3.21115E-01 1.91943E-01 2.00487E-02 3.83124E-03 2.01581E+00 
3.83124E-03 3.50547E-02 2.05951E-01 2.24819E-01 2.26906E-01 2.85549E-01 3.38544E-01 2.05952E-01 3.50547E-02 3.83124E-03 2.40341E+00 
3.83124E-03 5.08836E-02 2.20749E-01 2.39446E-01 2.41740E-01 3.02809E-01 3.56859E-01 2.20750E-01 5.08836E-02 3.83124E-03 2.80702E+00 
3.83124E-03 6.75325E-02 2.36334E-01 2.54872E-01 2.57378E-01 3.20919E-01 3.76054E-01 2.36335E-01 6.75325E-02 3.83124E-03 3.22520E+00 
3.83124E-03 8.09723E-02 2.48927E-01 2.67351E-01 2.70025E-01 3.35508E-01 3.91504E-01 2.48929E-01 8.09723E-02 3.83124E-03 3.55774E+00 
3.83124E-03 8.49932E-02 2.52697E-01 2.71089E-01 2.73812E-01 3.39868E-01 3.96119E-01 2.52699E-01 8.49932E-02 3.83124E-03 3.65631E+00 
3.83124E-03 1.04715E-01 2.71197E-01 2.89447E-01 2.92408E-01 3.61221E-01 4.18711E-01 2.71200E-01 1.04715E-01 3.83124E-03 4.13349E+00 
3.83124E-03 1.25342E-01 2.90565E-01 3.08688E-01 3.11891E-01 3.83507E-01 4.42270E-01 2.90568E-01 1.25342E-01 3.83124E-03 4.62099E+00 
3.83124E-03 1.46846E-01 3.10771E-01 3.28782E-01 3.32232E-01 4.06692E-01 4.66764E-01 3.10775E-01 1.46846E-01 3.83124E-03 5.11607E+00 
3.83124E-03 1.69189E-01 3.31777E-01 3.49691E-01 3.53393E-01 4.30735E-01 4.92151E-01 3.31781E-01 1.69189E-01 3.83124E-03 5.61581E+00 
2.15647E-02 1.92319E-01 3.53543E-01 3.71377E-01 3.75331E-01 4.55556E-01 5.18336E-01 3.53548E-01 1.92319E-01 2.15647E-02 6.07503E+00 
4.83009E-02 2.16220E-01 3.76035E-01 3.93804E-01 3.98014E-01 4.81165E-01 5.45349E-01 3.76041E-01 2.16220E-01 4.83009E-02 6.52553E+00 
7.57729E-02 2.40830E-01 3.99189E-01 4.16906E-01 4.21378E-01 5.07503E-01 5.73133E-01 3.99196E-01 2.40830E-01 7.57729E-02 6.97300E+00 
1.03900E-01 2.66071E-01 4.22928E-01 4.40607E-01 4.45346E-01 5.34486E-01 6.01604E-01 4.22935E-01 2.66071E-01 1.03900E-01 7.41426E+00 
1.32594E-01 2.91858E-01 4.47167E-01 4.64823E-01 4.69832E-01 5.62026E-01 6.30672E-01 4.47175E-01 2.91858E-01 1.32594E-01 7.84612E+00 
1.61756E-01 3.18099E-01 4.71813E-01 4.89459E-01 4.94743E-01 5.90022E-01 6.60237E-01 4.71822E-01 3.18099E-01 1.61756E-01 8.26546E+00 
1.91284E-01 3.44691E-01 4.96768E-01 5.14415E-01 5.19977E-01 6.18369E-01 6.90190E-01 4.96777E-01 3.44691E-01 1.91284E-01 8.66924E+00 
2.21067E-01 3.71529E-01 5.21923E-01 5.39586E-01 5.45429E-01 6.46954E-01 7.20418E-01 5.21934E-01 3.71529E-01 2.21067E-01 9.05459E+00 
2.50989E-01 3.98500E-01 5.47169E-01 5.64859E-01 5.70985E-01 6.75658E-01 7.50801E-01 5.47181E-01 3.98500E-01 2.50989E-01 9.41885E+00 
2.80930E-01 4.25486E-01 5.72390E-01 5.90118E-01 5.96529E-01 7.04360E-01 7.81214E-01 5.72402E-01 4.25486E-01 2.80930E-01 9.75958E+00 
3.10767E-01 4.52370E-01 5.97468E-01 6.15243E-01 6.21941E-01 7.32933E-01 8.11530E-01 5.97481E-01 4.52370E-01 3.10767E-01 1.00746E+01 
3.40377E-01 4.79029E-01 6.22282E-01 6.40115E-01 6.47100E-01 7.61249E-01 8.41619E-01 6.22296E-01 4.79029E-01 3.40377E-01 1.03622E+01 
3.69634E-01 5.05342E-01 6.46713E-01 6.64611E-01 6.71884E-01 7.89182E-01 8.71351E-01 6.46728E-01 5.05342E-01 3.69634E-01 1.06207E+01 
3.40581E-03 3.69004E-02 1.52720E-01 1.68643E-01 1.70517E-01 2.30978E-01 2.83780E-01 1.52719E-01 3.69004E-02 3.40581E-03 1.10149E+00 
3.40581E-03 3.69004E-02 1.63730E-01 1.79612E-01 1.81712E-01 2.44706E-01 2.98567E-01 1.63730E-01 3.69004E-02 3.40581E-03 1.43990E+00 
3.40581E-03 5.51933E-03 1.75303E-01 1.91155E-01 1.93484E-01 2.59023E-01 3.13965E-01 1.75304E-01 5.51933E-03 3.40581E-03 1.78037E+00 
3.40581E-03 1.87902E-02 1.87447E-01 2.03280E-01 2.05840E-01 2.73942E-01 3.29985E-01 1.87448E-01 1.87902E-02 3.40581E-03 2.11801E+00 
3.40581E-03 3.27264E-02 2.00221E-01 2.16046E-01 2.18840E-01 2.89553E-01 3.46733E-01 2.00222E-01 3.27264E-02 3.40581E-03 2.46787E+00 
3.40581E-03 4.73198E-02 2.13616E-01 2.29444E-01 2.32479E-01 3.05847E-01 3.64197E-01 2.13618E-01 4.73198E-02 3.40581E-03 2.82861E+00 
3.40581E-03 6.25601E-02 2.27623E-01 2.43465E-01 2.46744E-01 3.22809E-01 3.82363E-01 2.27625E-01 6.25601E-02 3.40581E-03 3.19873E+00 
3.40581E-03 7.47869E-02 2.38872E-01 2.54732E-01 2.58203E-01 3.36382E-01 3.96891E-01 2.38875E-01 7.47869E-02 3.40581E-03 3.49051E+00 
3.40581E-03 7.84323E-02 2.42227E-01 2.58094E-01 2.61621E-01 3.40423E-01 4.01215E-01 2.42230E-01 7.84323E-02 3.40581E-03 3.57659E+00 
3.40581E-03 9.62321E-02 2.58621E-01 2.74526E-01 2.78326E-01 3.60118E-01 4.22281E-01 2.58625E-01 9.62321E-02 3.40581E-03 3.99060E+00 
3.40581E-03 1.14715E-01 2.75658E-01 2.91613E-01 2.95690E-01 3.80510E-01 4.44083E-01 2.75662E-01 1.14715E-01 3.40581E-03 4.40913E+00 
3.40581E-03 1.33844E-01 2.93302E-01 3.09320E-01 3.13677E-01 4.01559E-01 4.66580E-01 2.93307E-01 1.33844E-01 3.40581E-03 4.82966E+00 
3.40581E-03 1.53578E-01 3.11512E-01 3.27604E-01 3.32245E-01 4.23218E-01 4.89723E-01 3.11517E-01 1.53578E-01 3.40581E-03 5.24958E+00 
1.91258E-02 1.73876E-01 3.30261E-01 3.46437E-01 3.51361E-01 4.45414E-01 5.13424E-01 3.30267E-01 1.73876E-01 1.91258E-02 5.62867E+00 
4.26918E-02 1.94702E-01 3.49492E-01 3.65763E-01 3.70975E-01 4.68140E-01 5.37696E-01 3.49499E-01 1.94702E-01 4.26918E-02 5.99565E+00 
6.67423E-02 2.15989E-01 3.69137E-01 3.85513E-01 3.91017E-01 4.91332E-01 5.62478E-01 3.69145E-01 2.15989E-01 6.67423E-02 6.35573E+00 
9.11988E-02 2.37662E-01 3.89122E-01 4.05612E-01 4.11411E-01 5.14909E-01 5.87688E-01 3.89130E-01 2.37662E-01 9.11988E-02 6.70627E+00 
1.15977E-01 2.59640E-01 4.09365E-01 4.25979E-01 4.32078E-01 5.38783E-01 6.13236E-01 4.09375E-01 2.59640E-01 1.15977E-01 7.04470E+00 
1.40986E-01 2.81838E-01 4.29784E-01 4.46530E-01 4.52930E-01 5.62861E-01 6.39030E-01 4.29794E-01 2.81838E-01 1.40986E-01 7.36853E+00 
1.66132E-01 3.04162E-01 4.50286E-01 4.67172E-01 4.73875E-01 5.87046E-01 6.64968E-01 4.50297E-01 3.04162E-01 1.66132E-01 7.67545E+00 
1.91315E-01 3.26520E-01 4.70779E-01 4.87810E-01 4.94819E-01 6.11234E-01 6.90946E-01 4.70791E-01 3.26520E-01 1.91315E-01 7.96329E+00 
2.16435E-01 3.48811E-01 4.91165E-01 5.08349E-01 5.15664E-01 6.35322E-01 7.16858E-01 4.91179E-01 3.48811E-01 2.16435E-01 8.23014E+00 
2.41389E-01 3.70937E-01 5.11348E-01 5.28688E-01 5.36309E-01 6.59203E-01 7.42594E-01 5.11362E-01 3.70937E-01 2.41389E-01 8.47433E+00 
2.66072E-01 3.92796E-01 5.31227E-01 5.48727E-01 5.56653E-01 6.82769E-01 7.68044E-01 5.31242E-01 3.92796E-01 2.66072E-01 8.69444E+00 
2.90381E-01 4.14289E-01 5.50704E-01 5.68367E-01 5.76598E-01 7.05913E-01 7.93099E-01 5.50721E-01 4.14289E-01 2.90381E-01 8.88934E+00 
3.14214E-01 4.35316E-01 5.69683E-01 5.87510E-01 5.96043E-01 7.28529E-01 8.17649E-01 5.69701E-01 4.35316E-01 3.14214E-01 9.05821E+00 
3.00903E-03 3.41733E-02 1.50205E-01 1.64154E-01 1.66811E-01 2.40347E-01 2.97089E-01 1.50204E-01 3.41733E-02 3.00903E-03 1.28663E+00 
3.00903E-03 3.41733E-02 1.60351E-01 1.74415E-01 1.77335E-01 2.53636E-01 3.11567E-01 1.60350E-01 3.41733E-02 3.00903E-03 1.59749E+00 
3.00903E-03 5.15673E-03 1.70938E-01 1.85125E-01 1.88309E-01 2.67382E-01 3.26523E-01 1.70938E-01 5.15673E-03 3.00903E-03 1.90667E+00 
3.00903E-03 1.74881E-02 1.81971E-01 1.96289E-01 1.99737E-01 2.81592E-01 3.41967E-01 1.81972E-01 1.74881E-02 3.00903E-03 2.20966E+00 
3.00903E-03 3.03415E-02 1.93489E-01 2.07946E-01 2.11664E-01 2.96343E-01 3.57989E-01 1.93491E-01 3.03415E-02 3.00903E-03 2.52052E+00 
3.00903E-03 4.37035E-02 2.05479E-01 2.20084E-01 2.24075E-01 3.11618E-01 3.74572E-01 2.05482E-01 4.37035E-02 3.00903E-03 2.83787E+00 
3.00903E-03 5.75585E-02 2.17927E-01 2.32686E-01 2.36956E-01 3.27398E-01 3.91697E-01 2.17929E-01 5.75585E-02 3.00903E-03 3.16026E+00 
3.00903E-03 6.86049E-02 2.27859E-01 2.42744E-01 2.47232E-01 3.39940E-01 4.05304E-01 2.27862E-01 6.86049E-02 3.00903E-03 3.41218E+00 
3.00903E-03 7.18869E-02 2.30811E-01 2.45734E-01 2.50286E-01 3.43659E-01 4.09339E-01 2.30815E-01 7.18869E-02 3.00903E-03 3.48612E+00 
3.00903E-03 8.78401E-02 2.45169E-01 2.60276E-01 2.65135E-01 3.61701E-01 4.28909E-01 2.45173E-01 8.78401E-02 3.00903E-03 3.83946E+00 
3.00903E-03 1.04283E-01 2.59977E-01 2.75276E-01 2.80445E-01 3.80232E-01 4.49008E-01 2.59982E-01 1.04283E-01 3.00903E-03 4.19274E+00 
3.00903E-03 1.21178E-01 2.75197E-01 2.90695E-01 2.96178E-01 3.99208E-01 4.69592E-01 2.75203E-01 1.21178E-01 3.00903E-03 4.54377E+00 
3.00903E-03 1.38480E-01 2.90786E-01 3.06491E-01 3.12290E-01 4.18580E-01 4.90611E-01 2.90793E-01 1.38480E-01 3.00903E-03 4.89029E+00 
1.68584E-02 1.56159E-01 3.06731E-01 3.22645E-01 3.28758E-01 4.38282E-01 5.11976E-01 3.06739E-01 1.56159E-01 1.68584E-02 5.19675E+00 
3.75012E-02 1.74165E-01 3.22959E-01 3.39088E-01 3.45517E-01 4.58295E-01 5.33696E-01 3.22968E-01 1.74165E-01 3.75012E-02 5.48899E+00 
5.84243E-02 1.92433E-01 3.39401E-01 3.55750E-01 3.62499E-01 4.78555E-01 5.55708E-01 3.39411E-01 1.92433E-01 5.84243E-02 5.77182E+00 
7.95540E-02 2.10892E-01 3.55989E-01 3.72562E-01 3.79633E-01 4.98985E-01 5.77934E-01 3.55999E-01 2.10892E-01 7.95540E-02 6.04315E+00 
1.00813E-01 2.29467E-01 3.72649E-01 3.89451E-01 3.96846E-01 5.19503E-01 6.00289E-01 3.72661E-01 2.29467E-01 1.00813E-01 6.30096E+00 
1.22119E-01 2.48083E-01 3.89307E-01 4.06339E-01 4.14059E-01 5.40023E-01 6.22687E-01 3.89320E-01 2.48083E-01 1.22119E-01 6.54336E+00 
1.43389E-01 2.66658E-01 4.05884E-01 4.23148E-01 4.31192E-01 5.60459E-01 6.45037E-01 4.05898E-01 2.66658E-01 1.43389E-01 6.76867E+00 
1.64537E-01 2.85110E-01 4.22299E-01 4.39794E-01 4.48163E-01 5.80719E-01 6.67246E-01 4.22314E-01 2.85110E-01 1.64537E-01 6.97536E+00 
1.85477E-01 3.03355E-01 4.38471E-01 4.56197E-01 4.64889E-01 6.00714E-01 6.89220E-01 4.38487E-01 3.03355E-01 1.85477E-01 7.16214E+00 
2.06122E-01 3.21311E-01 4.54319E-01 4.72274E-01 4.81287E-01 6.20353E-01 7.10866E-01 4.54336E-01 3.21311E-01 2.06122E-01 7.32796E+00 
2.26386E-01 3.38895E-01 4.69762E-01 4.87943E-01 4.97274E-01 6.39544E-01 7.32091E-01 4.69781E-01 3.38895E-01 2.26386E-01 7.47201E+00 
2.46187E-01 3.56026E-01 4.84723E-01 5.03125E-01 5.12770E-01 6.58202E-01 7.52803E-01 4.84744E-01 3.56026E-01 2.46187E-01 7.59371E+00 
2.65443E-01 3.72627E-01 4.99127E-01 5.17744E-01 5.27698E-01 6.76241E-01 7.72913E-01 4.99148E-01 3.72627E-01 2.65443E-01 7.69275E+00 
2.64064E-03 3.13920E-02 1.46737E-01 1.60415E-01 1.64118E-01 2.52806E-01 3.13759E-01 1.46736E-01 3.13920E-02 2.64064E-03 1.46057E+00 
2.64064E-03 3.13920E-02 1.55961E-01 1.69876E-01 1.73878E-01 2.65538E-01 3.27836E-01 1.55960E-01 3.13920E-02 2.64064E-03 1.74111E+00 
2.64064E-03 4.77794E-03 1.65518E-01 1.79674E-01 1.83975E-01 2.78605E-01 3.42269E-01 1.65519E-01 4.77794E-03 2.64064E-03 2.01688E+00 
2.64064E-03 1.61427E-02 1.75411E-01 1.89810E-01 1.94410E-01 2.92009E-01 3.57064E-01 1.75412E-01 1.61427E-02 2.64064E-03 2.28382E+00 
2.64064E-03 2.79025E-02 1.85661E-01 2.00309E-01 2.05213E-01 3.05816E-01 3.72301E-01 1.85663E-01 2.79025E-02 2.64064E-03 2.55498E+00 
2.64064E-03 4.00401E-02 1.96253E-01 2.11153E-01 2.16365E-01 3.20004E-01 3.87960E-01 1.96255E-01 4.00401E-02 2.64064E-03 2.82904E+00 
2.64064E-03 5.25369E-02 2.07167E-01 2.22326E-01 2.27848E-01 3.34549E-01 4.04014E-01 2.07170E-01 5.25369E-02 2.64064E-03 3.10466E+00 
2.64064E-03 6.24389E-02 2.15820E-01 2.31181E-01 2.36946E-01 3.46033E-01 4.16691E-01 2.15824E-01 6.24389E-02 2.64064E-03 3.31808E+00 
2.64064E-03 6.53707E-02 2.18383E-01 2.33804E-01 2.39639E-01 3.49426E-01 4.20437E-01 2.18387E-01 6.53707E-02 2.64064E-03 3.38040E+00 
2.64064E-03 7.95577E-02 2.30787E-01 2.46494E-01 2.52669E-01 3.65802E-01 4.38524E-01 2.30792E-01 7.95577E-02 2.64064E-03 3.67617E+00 
2.64064E-03 9.40724E-02 2.43480E-01 2.59475E-01 2.65993E-01 3.82488E-01 4.56960E-01 2.43486E-01 9.40724E-02 2.64064E-03 3.96851E+00 
2.64064E-03 1.08877E-01 2.56426E-01 2.72711E-01 2.79572E-01 3.99437E-01 4.75700E-01 2.56433E-01 1.08877E-01 2.64064E-03 4.25554E+00 
2.64064E-03 1.23927E-01 2.69581E-01 2.86158E-01 2.93364E-01 4.16601E-01 4.94694E-01 2.69589E-01 1.23927E-01 2.64064E-03 4.53543E+00 
1.47603E-02 1.39201E-01 2.82943E-01 2.99808E-01 3.07354E-01 4.33918E-01 5.13856E-01 2.82953E-01 1.39201E-01 1.47603E-02 4.77694E+00 
3.27217E-02 1.54642E-01 2.96432E-01 3.13584E-01 3.21471E-01 4.51367E-01 5.33191E-01 2.96442E-01 1.54642E-01 3.27217E-02 5.00324E+00 
5.08025E-02 1.70189E-01 3.09980E-01 3.27420E-01 3.35648E-01 4.68884E-01 5.52640E-01 3.09992E-01 1.70189E-01 5.08025E-02 5.21879E+00 
6.89357E-02 1.85778E-01 3.23527E-01 3.41252E-01 3.49824E-01 4.86397E-01 5.72128E-01 3.23540E-01 1.85778E-01 6.89357E-02 5.42197E+00 
8.70518E-02 2.01342E-01 3.37009E-01 3.55018E-01 3.63931E-01 5.03833E-01 5.91579E-01 3.37023E-01 2.01342E-01 8.70518E-02 5.61130E+00 
1.05080E-01 2.16815E-01 3.50361E-01 3.68649E-01 3.77903E-01 5.21115E-01 6.10913E-01 3.50377E-01 2.16815E-01 1.05080E-01 5.78541E+00 
1.22947E-01 2.32128E-01 3.63516E-01 3.82078E-01 3.91670E-01 5.38167E-01 6.30051E-01 3.63533E-01 2.32128E-01 1.22947E-01 5.94315E+00 
1.40582E-01 2.47211E-01 3.76409E-01 3.95237E-01 4.05165E-01 5.54911E-01 6.48911E-01 3.76427E-01 2.47211E-01 1.40582E-01 6.08352E+00 
1.57912E-01 2.61996E-01 3.88971E-01 4.08059E-01 4.18318E-01 5.71270E-01 6.67413E-01 3.88991E-01 2.61996E-01 1.57912E-01 6.20576E+00 
1.74867E-01 2.76415E-01 4.01140E-01 4.20478E-01 4.31063E-01 5.87170E-01 6.85478E-01 4.01161E-01 2.76415E-01 1.74867E-01 6.30928E+00 
1.91377E-01 2.90403E-01 4.12851E-01 4.32430E-01 4.43335E-01 6.02537E-01 7.03028E-01 4.12873E-01 2.90403E-01 1.91377E-01 6.39373E+00 
2.07378E-01 3.03897E-01 4.24044E-01 4.43853E-01 4.55072E-01 6.17301E-01 7.19988E-01 4.24068E-01 3.03897E-01 2.07378E-01 6.45897E+00 
2.22807E-01 3.16837E-01 4.34664E-01 4.54691E-01 4.66215E-01 6.31396E-01 7.36288E-01 4.34690E-01 3.16837E-01 2.22807E-01 6.50504E+00 
2.30078E-03 2.85724E-02 1.42215E-01 1.57153E-01 1.62217E-01 2.68178E-01 3.33734E-01 1.42214E-01 2.85724E-02 2.30078E-03 1.61396E+00 
2.30078E-03 2.85724E-02 1.50469E-01 1.65722E-01 1.71121E-01 2.80217E-01 3.47302E-01 1.50469E-01 2.85724E-02 2.30078E-03 1.86208E+00 
2.30078E-03 4.38483E-03 1.58964E-01 1.74530E-01 1.80262E-01 2.92480E-01 3.61115E-01 1.58965E-01 4.38483E-03 2.30078E-03 2.10307E+00 
2.30078E-03 1.47613E-02 1.67699E-01 1.83577E-01 1.89640E-01 3.04966E-01 3.75176E-01 1.67701E-01 1.47613E-02 2.30078E-03 2.33332E+00 
2.30078E-03 2.54229E-02 1.76683E-01 1.92873E-01 1.99271E-01 3.17731E-01 3.89558E-01 1.76685E-01 2.54229E-02 2.30078E-03 2.56488E+00 
2.30078E-03 3.63508E-02 1.85896E-01 2.02400E-01 2.09135E-01 3.30750E-01 4.04235E-01 1.85899E-01 3.63508E-02 2.30078E-03 2.79656E+00 
2.30078E-03 4.75247E-02 1.95320E-01 2.12139E-01 2.19213E-01 3.43997E-01 4.19181E-01 1.95324E-01 4.75247E-02 2.30078E-03 3.02715E+00 
2.30078E-03 5.63249E-02 2.02743E-01 2.19804E-01 2.27142E-01 3.54386E-01 4.30911E-01 2.02748E-01 5.63249E-02 2.30078E-03 3.20403E+00 
2.30078E-03 5.89217E-02 2.04934E-01 2.22066E-01 2.29480E-01 3.57444E-01 4.34365E-01 2.04939E-01 5.89217E-02 2.30078E-03 3.25541E+00 
2.30078E-03 7.14316E-02 2.15485E-01 2.32953E-01 2.40735E-01 3.72132E-01 4.50969E-01 2.15491E-01 7.14316E-02 2.30078E-03 3.49747E+00 
2.30078E-03 8.41375E-02 2.26195E-01 2.43997E-01 2.52147E-01 3.86976E-01 4.67770E-01 2.26203E-01 8.41375E-02 2.30078E-03 3.73380E+00 
2.30078E-03 9.70022E-02 2.37031E-01 2.55161E-01 2.63678E-01 4.01931E-01 4.84721E-01 2.37039E-01 9.70022E-02 2.30078E-03 3.96289E+00 
2.30078E-03 1.09986E-01 2.47952E-01 2.66407E-01 2.75289E-01 4.16950E-01 5.01774E-01 2.47962E-01 1.09986E-01 2.30078E-03 4.18327E+00 
1.28314E-02 1.23072E-01 2.58966E-01 2.77735E-01 2.86976E-01 4.31978E-01 5.18846E-01 2.58978E-01 1.23072E-01 1.28314E-02 4.36772E+00 
2.83499E-02 1.36204E-01 2.69988E-01 2.89065E-01 2.98663E-01 4.46992E-01 5.35943E-01 2.70001E-01 1.36204E-01 2.83499E-02 4.53687E+00 
4.38660E-02 1.49324E-01 2.80956E-01 3.00335E-01 3.10288E-01 4.61931E-01 5.53009E-01 2.80970E-01 1.49324E-01 4.38660E-02 4.69488E+00 
5.93201E-02 1.62377E-01 2.91818E-01 3.11491E-01 3.21798E-01 4.76731E-01 5.69977E-01 2.91833E-01 1.62377E-01 5.93201E-02 4.84056E+00 
7.46522E-02 1.75305E-01 3.02519E-01 3.22478E-01 3.33135E-01 4.91327E-01 5.86776E-01 3.02536E-01 1.75305E-01 7.46522E-02 4.97286E+00 
8.98016E-02 1.88051E-01 3.13006E-01 3.33240E-01 3.44242E-01 5.05652E-01 6.03337E-01 3.13025E-01 1.88051E-01 8.98016E-02 5.09087E+00 
1.04707E-01 2.00559E-01 3.23224E-01 3.43721E-01 3.55063E-01 5.19641E-01 6.19589E-01 3.23244E-01 2.00559E-01 1.04707E-01 5.19386E+00 
1.19310E-01 2.12771E-01 3.33118E-01 3.53867E-01 3.65543E-01 5.33228E-01 6.35463E-01 3.33140E-01 2.12771E-01 1.19310E-01 5.28126E+00 
1.33551E-01 2.24632E-01 3.42638E-01 3.63624E-01 3.75626E-01 5.46350E-01 6.50890E-01 3.42661E-01 2.24632E-01 1.33551E-01 5.35269E+00 
1.47374E-01 2.36090E-01 3.51732E-01 3.72940E-01 3.85261E-01 5.58947E-01 6.65806E-01 3.51757E-01 2.36090E-01 1.47374E-01 5.40795E+00 
1.60726E-01 2.47093E-01 3.60354E-01 3.81769E-01 3.94397E-01 5.70960E-01 6.80146E-01 3.60381E-01 2.47093E-01 1.60726E-01 5.44700E+00 
1.73556E-01 2.57594E-01 3.68458E-01 3.90063E-01 4.02990E-01 5.82335E-01 6.93850E-01 3.68487E-01 2.57594E-01 1.73556E-01 5.46999E+00 
1.85819E-01 2.67549E-01 3.76004E-01 3.97781E-01 4.10995E-01 5.93021E-01 7.06863E-01 3.76035E-01 2.67549E-01 1.85819E-01 5.47723E+00 
1.98996E-03 2.57458E-02 1.36571E-01 1.54016E-01 1.60809E-01 2.86096E-01 3.56813E-01 1.36569E-01 2.57458E-02 1.98996E-03 1.73731E+00 
1.98996E-03 2.57458E-02 1.43825E-01 1.61613E-01 1.68770E-01 2.97295E-01 3.69756E-01 1.43824E-01 2.57458E-02 1.98996E-03 1.95190E+00 
1.98996E-03 3.98189E-03 1.51242E-01 1.69367E-01 1.76885E-01 3.08619E-01 3.82842E-01 1.51243E-01 3.98189E-03 1.98996E-03 2.15773E+00 
1.98996E-03 1.33594E-02 1.58822E-01 1.77277E-01 1.85152E-01 3.20068E-01 3.96077E-01 1.58823E-01 1.33594E-02 1.98996E-03 2.35165E+00 
1.98996E-03 2.29305E-02 1.66560E-01 1.85342E-01 1.93576E-01 3.31687E-01 4.09525E-01 1.66562E-01 2.29305E-02 1.98996E-03 2.54471E+00 
1.98996E-03 3.26757E-02 1.74437E-01 1.93544E-01 2.02137E-01 3.43449E-01 4.23159E-01 1.74441E-01 3.26757E-02 1.98996E-03 2.73587E+00 
1.98996E-03 4.25748E-02 1.82436E-01 2.01862E-01 2.10815E-01 3.55329E-01 4.36952E-01 1.82441E-01 4.25748E-02 1.98996E-03 2.92410E+00 
1.98996E-03 5.03256E-02 1.88695E-01 2.08365E-01 2.17596E-01 3.64584E-01 4.47713E-01 1.88701E-01 5.03256E-02 1.98996E-03 3.06707E+00 
1.98996E-03 5.26053E-02 1.90535E-01 2.10275E-01 2.19587E-01 3.67298E-01 4.50872E-01 1.90542E-01 5.26053E-02 1.98996E-03 3.10835E+00 
1.98996E-03 6.35402E-02 1.99355E-01 2.19427E-01 2.29124E-01 3.80269E-01 4.65987E-01 1.99363E-01 6.35402E-02 1.98996E-03 3.30139E+00 
1.98996E-03 7.45676E-02 2.08236E-01 2.28631E-01 2.38711E-01 3.93268E-01 4.81170E-01 2.08245E-01 7.45676E-02 1.98996E-03 3.48736E+00 
1.98996E-03 8.56537E-02 2.17145E-01 2.37854E-01 2.48313E-01 4.06254E-01 4.96377E-01 2.17156E-01 8.56537E-02 1.98996E-03 3.66508E+00 
1.98996E-03 9.67620E-02 2.26050E-01 2.47061E-01 2.57895E-01 4.19182E-01 5.11561E-01 2.26062E-01 9.67620E-02 1.98996E-03 3.83343E+00 
1.10735E-02 1.07883E-01 2.34963E-01 2.56262E-01 2.67460E-01 4.32007E-01 5.26642E-01 2.34977E-01 1.07883E-01 1.10735E-02 3.96885E+00 
2.43863E-02 1.18960E-01 2.43800E-01 2.65375E-01 2.76933E-01 4.44702E-01 5.41629E-01 2.43815E-01 1.18960E-01 2.43863E-02 4.08962E+00 
3.76089E-02 1.29942E-01 2.52506E-01 2.74345E-01 2.86259E-01 4.57212E-01 5.56471E-01 2.52523E-01 1.29942E-01 3.76089E-02 4.19958E+00 
5.06903E-02 1.40782E-01 2.61036E-01 2.83127E-01 2.95391E-01 4.69481E-01 5.71105E-01 2.61055E-01 1.40782E-01 5.06903E-02 4.29789E+00 
6.35792E-02 1.51431E-01 2.69347E-01 2.91675E-01 3.04281E-01 4.81451E-01 5.85471E-01 2.69368E-01 1.51431E-01 6.35792E-02 4.38387E+00 
7.62250E-02 1.61843E-01 2.77394E-01 2.99943E-01 3.12884E-01 4.93067E-01 5.99506E-01 2.77417E-01 1.61843E-01 7.62250E-02 4.45696E+00 
8.85778E-02 1.71971E-01 2.85134E-01 3.07887E-01 3.21154E-01 5.04274E-01 6.13150E-01 2.85159E-01 1.71971E-01 8.85778E-02 4.51678E+00 
1.00590E-01 1.81769E-01 2.92525E-01 3.15464E-01 3.29048E-01 5.15017E-01 6.26344E-01 2.92552E-01 1.81769E-01 1.00590E-01 4.56306E+00 
1.12214E-01 1.91195E-01 2.99528E-01 3.22635E-01 3.36523E-01 5.25247E-01 6.39031E-01 2.99556E-01 1.91195E-01 1.12214E-01 4.59571E+00 
1.23408E-01 2.00207E-01 3.06104E-01 3.29359E-01 3.43540E-01 5.34914E-01 6.51158E-01 3.06134E-01 2.00207E-01 1.23408E-01 4.61478E+00 
1.34130E-01 2.08768E-01 3.12219E-01 3.35603E-01 3.50063E-01 5.43975E-01 6.62672E-01 3.12251E-01 2.08768E-01 1.34130E-01 4.62046E+00 
1.44344E-01 2.16843E-01 3.17842E-01 3.41333E-01 3.56059E-01 5.52388E-01 6.73526E-01 3.17876E-01 2.16843E-01 1.44344E-01 4.61308E+00 
1.54016E-01 2.24401E-01 3.22945E-01 3.46523E-01 3.61499E-01 5.60117E-01 6.83678E-01 3.22981E-01 2.24401E-01 1.54016E-01 4.59310E+00 
1.70837E-03 2.29531E-02 1.29772E-01 1.50596E-01 1.59521E-01 3.06028E-01 3.82689E-01 1.29770E-01 2.29531E-02 1.70837E-03 1.82240E+00 
1.70837E-03 2.29531E-02 1.36018E-01 1.57161E-01 1.66470E-01 3.16237E-01 3.94883E-01 1.36017E-01 2.29531E-02 1.70837E-03 2.00349E+00 
1.70837E-03 3.57551E-03 1.42367E-01 1.63819E-01 1.73506E-01 3.26487E-01 4.07137E-01 1.42368E-01 3.57551E-03 1.70837E-03 2.17492E+00 
1.70837E-03 1.19586E-02 1.48818E-01 1.70567E-01 1.80626E-01 3.36779E-01 4.19451E-01 1.48820E-01 1.19586E-02 1.70837E-03 2.33396E+00 
1.70837E-03 2.04619E-02 1.55356E-01 1.77396E-01 1.87827E-01 3.47148E-01 4.31886E-01 1.55359E-01 2.04619E-02 1.70837E-03 2.49066E+00 
1.70837E-03 2.90663E-02 1.61964E-01 1.84288E-01 1.95088E-01 3.57569E-01 4.44414E-01 1.61969E-01 2.90663E-02 1.70837E-03 2.64415E+00 
1.70837E-03 3.77527E-02 1.68625E-01 1.91224E-01 2.02391E-01 3.68014E-01 4.57005E-01 1.68631E-01 3.77527E-02 1.70837E-03 2.79359E+00 
1.70837E-03 4.45166E-02 1.73803E-01 1.96608E-01 2.08058E-01 3.76096E-01 4.66773E-01 1.73811E-01 4.45166E-02 1.70837E-03 2.90589E+00 
1.70837E-03 4.64998E-02 1.75320E-01 1.98184E-01 2.09715E-01 3.78457E-01 4.69631E-01 1.75328E-01 4.64998E-02 1.70837E-03 2.93812E+00 
1.70837E-03 5.59738E-02 1.82553E-01 2.05691E-01 2.17610E-01 3.89681E-01 4.83246E-01 1.82563E-01 5.59738E-02 1.70837E-03 3.08754E+00 
1.70837E-03 6.54634E-02 1.89775E-01 2.13174E-01 2.25475E-01 4.00832E-01 4.96824E-01 1.89787E-01 6.54634E-02 1.70837E-03 3.22934E+00 
1.70837E-03 7.49380E-02 1.96959E-01 2.20605E-01 2.33281E-01 4.11871E-01 5.10320E-01 1.96973E-01 7.49380E-02 1.70837E-03 3.36264E+00 
1.70837E-03 8.43658E-02 2.04075E-01 2.27952E-01 2.40995E-01 4.22758E-01 5.23693E-01 2.04090E-01 8.43658E-02 1.70837E-03 3.48661E+00 
9.48652E-03 9.37415E-02 2.11144E-01 2.35233E-01 2.48629E-01 4.33456E-01 5.36867E-01 2.11161E-01 9.37415E-02 9.48652E-03 3.58102E+00 
2.08262E-02 1.03013E-01 2.18082E-01 2.42367E-01 2.56108E-01 4.43936E-01 5.49851E-01 2.18101E-01 1.03013E-01 2.08262E-02 3.66192E+00 
3.20172E-02 1.12135E-01 2.24842E-01 2.49306E-01 2.63385E-01 4.54150E-01 5.62599E-01 2.24863E-01 1.12135E-01 3.20172E-02 3.73283E+00 
4.30164E-02 1.21068E-01 2.31387E-01 2.56014E-01 2.70419E-01 4.64048E-01 5.75057E-01 2.31410E-01 1.21068E-01 4.30164E-02 3.79321E+00 
5.37811E-02 1.29773E-01 2.37682E-01 2.62452E-01 2.77175E-01 4.73582E-01 5.87170E-01 2.37707E-01 1.29773E-01 5.37811E-02 3.84265E+00 
6.42699E-02 1.38211E-01 2.43692E-01 2.68586E-01 2.83613E-01 4.82705E-01 5.98884E-01 2.43719E-01 1.38211E-01 6.42699E-02 3.88087E+00 
7.44426E-02 1.46345E-01 2.49384E-01 2.74381E-01 2.89701E-01 4.91372E-01 6.10148E-01 2.49414E-01 1.46345E-01 7.44426E-02 3.90771E+00 
8.42614E-02 1.54141E-01 2.54726E-01 2.79806E-01 2.95403E-01 4.99541E-01 6.20911E-01 2.54758E-01 1.54141E-01 8.42614E-02 3.92315E+00 
9.36904E-02 1.61564E-01 2.59689E-01 2.84829E-01 3.00689E-01 5.07170E-01 6.31128E-01 2.59723E-01 1.61564E-01 9.36904E-02 3.92727E+00 
1.02697E-01 1.68585E-01 2.64246E-01 2.89425E-01 3.05531E-01 5.14225E-01 6.40753E-01 2.64282E-01 1.68585E-01 1.02697E-01 3.92029E+00 
1.11251E-01 1.75175E-01 2.68373E-01 2.93568E-01 3.09904E-01 5.20671E-01 6.49746E-01 2.68412E-01 1.75175E-01 1.11251E-01 3.90254E+00 
1.19327E-01 1.81312E-01 2.72050E-01 2.97238E-01 3.13786E-01 5.26479E-01 6.58070E-01 2.72090E-01 1.81312E-01 1.19327E-01 3.87444E+00 
1.26900E-01 1.86973E-01 2.75258E-01 3.00417E-01 3.17159E-01 5.31624E-01 6.65693E-01 2.75301E-01 1.86973E-01 1.26900E-01 3.83652E+00 
1.45760E-03 2.02613E-02 1.21892E-01 1.46493E-01 1.57950E-01 3.27141E-01 4.10755E-01 1.21890E-01 2.02613E-02 1.45760E-03 1.86310E+00 
1.45760E-03 2.02613E-02 1.27159E-01 1.52007E-01 1.63851E-01 3.36226E-01 4.22092E-01 1.27158E-01 2.02613E-02 1.45760E-03 2.01222E+00 
1.45760E-03 3.17651E-03 1.32484E-01 1.57566E-01 1.69789E-01 3.45287E-01 4.33416E-01 1.32485E-01 3.17651E-03 1.45760E-03 2.15141E+00 
1.45760E-03 1.05945E-02 1.37866E-01 1.63168E-01 1.75762E-01 3.54321E-01 4.44727E-01 1.37868E-01 1.05945E-02 1.45760E-03 2.27834E+00 
1.45760E-03 1.80771E-02 1.43284E-01 1.68795E-01 1.81756E-01 3.63357E-01 4.56080E-01 1.43288E-01 1.80771E-02 1.45760E-03 2.40207E+00 
1.45760E-03 2.56063E-02 1.48721E-01 1.74432E-01 1.87755E-01 3.72368E-01 4.67448E-01 1.48727E-01 2.56063E-02 1.45760E-03 2.52189E+00 
1.45760E-03 3.31642E-02 1.54163E-01 1.80060E-01 1.93740E-01 3.81330E-01 4.78801E-01 1.54171E-01 3.31642E-02 1.45760E-03 2.63713E+00 
1.45760E-03 3.90197E-02 1.58367E-01 1.84399E-01 1.98351E-01 3.88214E-01 4.87558E-01 1.58376E-01 3.90197E-02 1.45760E-03 2.72272E+00 
1.45760E-03 4.07315E-02 1.59593E-01 1.85663E-01 1.99694E-01 3.90217E-01 4.90112E-01 1.59603E-01 4.07315E-02 1.45760E-03 2.74712E+00 
1.45760E-03 4.88786E-02 1.65413E-01 1.91655E-01 2.06056E-01 3.99684E-01 5.02223E-01 1.65425E-01 4.88786E-02 1.45760E-03 2.85911E+00 
1.45760E-03 5.69873E-02 1.71176E-01 1.97573E-01 2.12333E-01 4.09000E-01 5.14210E-01 1.71190E-01 5.69873E-02 1.45760E-03 2.96355E+00 
1.45760E-03 6.50310E-02 1.76856E-01 2.03390E-01 2.18500E-01 4.18128E-01 5.26033E-01 1.76873E-01 6.50310E-02 1.45760E-03 3.05979E+00 
1.45760E-03 7.29820E-02 1.82431E-01 2.09084E-01 2.24531E-01 4.27036E-01 5.37651E-01 1.82449E-01 7.29820E-02 1.45760E-03 3.14725E+00 
8.07798E-03 8.08386E-02 1.87924E-01 2.14675E-01 2.30443E-01 4.35693E-01 5.48996E-01 1.87945E-01 8.08386E-02 8.07798E-03 3.20860E+00 
1.76818E-02 8.85532E-02 1.93257E-01 2.20087E-01 2.36164E-01 4.44069E-01 5.60076E-01 1.93280E-01 8.85532E-02 1.76818E-02 3.25790E+00 
2.71024E-02 9.60875E-02 1.98388E-01 2.25278E-01 2.41650E-01 4.52120E-01 5.70850E-01 1.98413E-01 9.60875E-02 2.71024E-02 3.29831E+00 
3.63035E-02 1.03409E-01 2.03288E-01 2.30218E-01 2.46873E-01 4.59805E-01 5.81270E-01 2.03316E-01 1.03409E-01 3.63035E-02 3.32951E+00 
4.52503E-02 1.10485E-01 2.07931E-01 2.34879E-01 2.51801E-01 4.67084E-01 5.91287E-01 2.07961E-01 1.10485E-01 4.52503E-02 3.35130E+00 
5.39094E-02 1.17285E-01 2.12288E-01 2.39233E-01 2.56407E-01 4.73918E-01 6.00856E-01 2.12321E-01 1.17285E-01 5.39094E-02 3.36358E+00 
6.22490E-02 1.23780E-01 2.16335E-01 2.43255E-01 2.60663E-01 4.80271E-01 6.09931E-01 2.16371E-01 1.23780E-01 6.22490E-02 3.36636E+00 
7.02396E-02 1.29944E-01 2.20049E-01 2.46921E-01 2.64546E-01 4.86110E-01 6.18472E-01 2.20087E-01 1.29944E-01 7.02396E-02 3.35975E+00 
7.78542E-02 1.35751E-01 2.23409E-01 2.50210E-01 2.68034E-01 4.91404E-01 6.26440E-01 2.23449E-01 1.35751E-01 7.78542E-02 3.34397E+00 
8.50687E-02 1.41179E-01 2.26396E-01 2.53105E-01 2.71107E-01 4.96127E-01 6.33799E-01 2.26439E-01 1.41179E-01 8.50687E-02 3.31932E+00 
9.18616E-02 1.46210E-01 2.28995E-01 2.55588E-01 2.73749E-01 5.00255E-01 6.40518E-01 2.29041E-01 1.46210E-01 9.18616E-02 3.28619E+00 
9.82152E-02 1.50827E-01 2.31194E-01 2.57649E-01 2.75946E-01 5.03768E-01 6.46568E-01 2.31242E-01 1.50827E-01 9.82152E-02 3.24504E+00 
1.04115E-01 1.55017E-01 2.32982E-01 2.59276E-01 2.77690E-01 5.06651E-01 6.51926E-01 2.33033E-01 1.55017E-01 1.04115E-01 3.19642E+00 
1.23639E-03 1.77158E-02 1.13013E-01 1.41330E-01 1.55690E-01 3.48667E-01 4.40553E-01 1.13010E-01 1.77158E-02 1.23639E-03 1.85760E+00 
1.23639E-03 1.77158E-02 1.17356E-01 1.45809E-01 1.60540E-01 3.56516E-01 4.50933E-01 1.17355E-01 1.77158E-02 1.23639E-03 1.97741E+00 
1.23639E-03 2.79305E-03 1.21727E-01 1.50303E-01 1.65392E-01 3.64288E-01 4.61240E-01 1.21728E-01 2.79305E-03 1.23639E-03 2.08754E+00 
1.23639E-03 9.29299E-03 1.26126E-01 1.54809E-01 1.70246E-01 3.71982E-01 4.71474E-01 1.26129E-01 9.29299E-03 1.23639E-03 2.18600E+00 
1.23639E-03 1.58173E-02 1.30526E-01 1.59302E-01 1.75079E-01 3.79616E-01 4.81684E-01 1.30531E-01 1.58173E-02 1.23639E-03 2.28091E+00 
1.23639E-03 2.23498E-02 1.34912E-01 1.63769E-01 1.79879E-01 3.87166E-01 4.91843E-01 1.34919E-01 2.23498E-02 1.23639E-03 2.37168E+00 
1.23639E-03 2.88739E-02 1.39271E-01 1.68194E-01 1.84628E-01 3.94609E-01 5.01923E-01 1.39280E-01 2.88739E-02 1.23639E-03 2.45779E+00 
1.23639E-03 3.39053E-02 1.42616E-01 1.71580E-01 1.88257E-01 4.00280E-01 5.09650E-01 1.42627E-01 3.39053E-02 1.23639E-03 2.52089E+00 
1.23639E-03 3.53724E-02 1.43588E-01 1.72563E-01 1.89310E-01 4.01922E-01 5.11895E-01 1.43600E-01 3.53724E-02 1.23639E-03 2.53872E+00 
1.23639E-03 4.23301E-02 1.48180E-01 1.77192E-01 1.94265E-01 4.09632E-01 5.22495E-01 1.48194E-01 4.23301E-02 1.23639E-03 2.61966E+00 
1.23639E-03 4.92146E-02 1.52685E-01 1.81716E-01 1.99103E-01 4.17131E-01 5.32899E-01 1.52702E-01 4.92146E-02 1.23639E-03 2.69349E+00 
1.23639E-03 5.60026E-02 1.57086E-01 1.86117E-01 2.03802E-01 4.24389E-01 5.43072E-01 1.57106E-01 5.60026E-02 1.23639E-03 2.75977E+00 
1.23639E-03 6.26706E-02 1.61361E-01 1.90372E-01 2.08340E-01 4.31377E-01 5.52976E-01 1.61383E-01 6.26706E-02 1.23639E-03 2.81811E+00 
6.83935E-03 6.92188E-02 1.65538E-01 1.94509E-01 2.12740E-01 4.38074E-01 5.62549E-01 1.65563E-01 6.92188E-02 6.83935E-03 2.85374E+00 
1.49293E-02 7.56050E-02 1.69542E-01 1.98454E-01 2.16931E-01 4.44446E-01 5.71797E-01 1.69570E-01 7.56050E-02 1.49293E-02 2.87887E+00 
2.28192E-02 8.17969E-02 1.73340E-01 2.02171E-01 2.20878E-01 4.50456E-01 5.80685E-01 1.73371E-01 8.17969E-02 2.28192E-02 2.89630E+00 
3.04794E-02 8.77675E-02 1.76908E-01 2.05637E-01 2.24556E-01 4.56068E-01 5.89168E-01 1.76942E-01 8.77675E-02 3.04794E-02 2.90590E+00 
3.78813E-02 9.34912E-02 1.80224E-01 2.08830E-01 2.27943E-01 4.61249E-01 5.97205E-01 1.80261E-01 9.34912E-02 3.78813E-02 2.90758E+00 
4.49984E-02 9.89438E-02 1.83270E-01 2.11731E-01 2.31017E-01 4.65968E-01 6.04756E-01 1.83310E-01 9.89438E-02 4.49984E-02 2.90137E+00 
5.18059E-02 1.04103E-01 1.86025E-01 2.14320E-01 2.33760E-01 4.70199E-01 6.11783E-01 1.86068E-01 1.04103E-01 5.18059E-02 2.88738E+00 
5.82813E-02 1.08948E-01 1.88475E-01 2.16581E-01 2.36154E-01 4.73915E-01 6.18252E-01 1.88521E-01 1.08948E-01 5.82813E-02 2.86581E+00 
6.44044E-02 1.13462E-01 1.90605E-01 2.18501E-01 2.38184E-01 4.77095E-01 6.24130E-01 1.90654E-01 1.13462E-01 6.44044E-02 2.83694E+00 
7.01580E-02 1.17628E-01 1.92402E-01 2.20068E-01 2.39838E-01 4.79719E-01 6.29392E-01 1.92454E-01 1.17628E-01 7.01580E-02 2.80111E+00 
7.55275E-02 1.21434E-01 1.93858E-01 2.21272E-01 2.41108E-01 4.81773E-01 6.34011E-01 1.93913E-01 1.21434E-01 7.55275E-02 2.75874E+00 
8.05012E-02 1.24870E-01 1.94967E-01 2.22108E-01 2.41986E-01 4.83246E-01 6.37967E-01 1.95024E-01 1.24870E-01 8.05012E-02 2.71029E+00 
8.50705E-02 1.27928E-01 1.95722E-01 2.22572E-01 2.42469E-01 4.84129E-01 6.41244E-01 1.95783E-01 1.27928E-01 8.50705E-02 2.65628E+00 
1.04427E-03 1.53716E-02 1.03325E-01 1.34861E-01 1.52408E-01 3.69686E-01 4.71438E-01 1.03321E-01 1.53716E-02 1.04427E-03 1.80795E+00 
1.04427E-03 1.53716E-02 1.06832E-01 1.38371E-01 1.56245E-01 3.76218E-01 4.80780E-01 1.06830E-01 1.53716E-02 1.04427E-03 1.90222E+00 
1.04427E-03 2.43506E-03 1.10350E-01 1.41878E-01 1.60064E-01 3.82636E-01 4.90002E-01 1.10351E-01 2.43506E-03 1.04427E-03 1.98742E+00 
1.04427E-03 8.08524E-03 1.13878E-01 1.45379E-01 1.63864E-01 3.88939E-01 4.99100E-01 1.13881E-01 8.08524E-03 1.04427E-03 2.06187E+00 
1.04427E-03 1.37328E-02 1.17385E-01 1.48846E-01 1.67618E-01 3.95133E-01 5.08119E-01 1.17391E-01 1.37328E-02 1.04427E-03 2.13275E+00 
1.04427E-03 1.93630E-02 1.20859E-01 1.52265E-01 1.71314E-01 4.01199E-01 5.17031E-01 1.20868E-01 1.93630E-02 1.04427E-03 2.19960E+00 
1.04427E-03 2.49608E-02 1.24288E-01 1.55623E-01 1.74937E-01 4.07114E-01 5.25810E-01 1.24300E-01 2.49608E-02 1.04427E-03 2.26200E+00 
1.04427E-03 2.92601E-02 1.26903E-01 1.58173E-01 1.77682E-01 4.11573E-01 5.32495E-01 1.26917E-01 2.92601E-02 1.04427E-03 2.30698E+00 
1.04427E-03 3.05108E-02 1.27660E-01 1.58909E-01 1.78474E-01 4.12856E-01 5.34429E-01 1.27675E-01 3.05108E-02 1.04427E-03 2.31956E+00 
1.04427E-03 3.64235E-02 1.31217E-01 1.62355E-01 1.82176E-01 4.18831E-01 5.43511E-01 1.31235E-01 3.64235E-02 1.04427E-03 2.37579E+00 
1.04427E-03 4.22424E-02 1.34675E-01 1.65685E-01 1.85743E-01 4.24553E-01 5.52340E-01 1.34696E-01 4.22424E-02 1.04427E-03 2.42561E+00 
1.04427E-03 4.79475E-02 1.38019E-01 1.68880E-01 1.89158E-01 4.29997E-01 5.60883E-01 1.38044E-01 4.79475E-02 1.04427E-03 2.46867E+00 
1.04427E-03 5.35187E-02 1.41232E-01 1.71926E-01 1.92404E-01 4.35136E-01 5.69105E-01 1.41260E-01 5.35187E-02 1.04427E-03 2.50473E+00 
5.76665E-03 5.89574E-02 1.44342E-01 1.74851E-01 1.95508E-01 4.39964E-01 5.76951E-01 1.44373E-01 5.89574E-02 5.76665E-03 2.52125E+00 
1.25552E-02 6.42267E-02 1.47280E-01 1.77586E-01 1.98400E-01 4.44440E-01 5.84425E-01 1.47315E-01 6.42267E-02 1.25552E-02 2.52875E+00 
1.91398E-02 6.92994E-02 1.50018E-01 1.80099E-01 2.01052E-01 4.48529E-01 5.91493E-01 1.50056E-01 6.92994E-02 1.91398E-02 2.52972E+00 
2.54961E-02 7.41536E-02 1.52537E-01 1.82374E-01 2.03444E-01 4.52204E-01 5.98117E-01 1.52579E-01 7.41536E-02 2.54961E-02 2.52411E+00 
3.16009E-02 7.87687E-02 1.54822E-01 1.84395E-01 2.05560E-01 4.55439E-01 6.04260E-01 1.54867E-01 7.87687E-02 3.16009E-02 2.51193E+00 
3.74334E-02 8.31260E-02 1.56858E-01 1.86146E-01 2.07384E-01 4.58208E-01 6.09888E-01 1.56907E-01 8.31260E-02 3.74334E-02 2.49329E+00 
4.29742E-02 8.72082E-02 1.58631E-01 1.87615E-01 2.08902E-01 4.60493E-01 6.14970E-01 1.58683E-01 8.72082E-02 4.29742E-02 2.46836E+00 
4.82065E-02 9.10003E-02 1.60131E-01 1.88791E-01 2.10105E-01 4.62275E-01 6.19476E-01 1.60186E-01 9.10003E-02 4.82065E-02 2.43738E+00 
5.31156E-02 9.44896E-02 1.61348E-01 1.89666E-01 2.10982E-01 4.63538E-01 6.23382E-01 1.61407E-01 9.44896E-02 5.31156E-02 2.40065E+00 
5.76895E-02 9.76657E-02 1.62275E-01 1.90233E-01 2.11527E-01 4.64272E-01 6.26667E-01 1.62337E-01 9.76657E-02 5.76895E-02 2.35853E+00 
6.19188E-02 1.00520E-01 1.62907E-01 1.90488E-01 2.11736E-01 4.64468E-01 6.29312E-01 1.62973E-01 1.00520E-01 6.19188E-02 2.31145E+00 
6.57966E-02 1.03048E-01 1.63243E-01 1.90429E-01 2.11607E-01 4.64122E-01 6.31304E-01 1.63312E-01 1.03048E-01 6.57966E-02 2.25984E+00 
6.93188E-02 1.05246E-01 1.63281E-01 1.90057E-01 2.11141E-01 4.63233E-01 6.32632E-01 1.63353E-01 1.05246E-01 6.93188E-02 2.20419E+00 
8.79671E-04 1.32672E-02 9.30683E-02 1.27007E-01 1.47882E-01 3.89349E-01 5.02819E-01 9.30633E-02 1.32672E-02 8.79671E-04 1.72053E+00 
8.79671E-04 1.32672E-02 9.58514E-02 1.29653E-01 1.50783E-01 3.94521E-01 5.11062E-01 9.58495E-02 1.32672E-02 8.79671E-04 1.79370E+00 
8.79671E-04 2.11015E-03 9.86373E-02 1.32289E-01 1.53658E-01 3.99555E-01 5.19144E-01 9.86386E-02 2.11015E-03 8.79671E-04 1.85861E+00 
8.79671E-04 6.99440E-03 1.01424E-01 1.34913E-01 1.56503E-01 4.04447E-01 5.27061E-01 1.01428E-01 6.99440E-03 8.79671E-04 1.91385E+00 
8.79671E-04 1.18590E-02 1.04179E-01 1.37490E-01 1.59288E-01 4.09195E-01 5.34850E-01 1.04186E-01 1.18590E-02 8.79671E-04 1.96570E+00 
8.79671E-04 1.66903E-02 1.06891E-01 1.40011E-01 1.62002E-01 4.13780E-01 5.42486E-01 1.06902E-01 1.66903E-02 8.79671E-04 2.01379E+00 
8.79671E-04 2.14749E-02 1.09550E-01 1.42464E-01 1.64633E-01 4.18182E-01 5.49942E-01 1.09565E-01 2.14749E-02 8.79671E-04 2.05780E+00 
8.79671E-04 2.51363E-02 1.11565E-01 1.44308E-01 1.66605E-01 4.21451E-01 5.55571E-01 1.11582E-01 2.51363E-02 8.79671E-04 2.08885E+00 
8.79671E-04 2.61990E-02 1.12146E-01 1.44838E-01 1.67170E-01 4.22383E-01 5.57192E-01 1.12164E-01 2.61990E-02 8.79671E-04 2.09741E+00 
8.79671E-04 3.12089E-02 1.14861E-01 1.47298E-01 1.69785E-01 4.26665E-01 5.64749E-01 1.14883E-01 3.12089E-02 8.79671E-04 2.13490E+00 
8.79671E-04 3.61147E-02 1.17475E-01 1.49639E-01 1.72262E-01 4.30666E-01 5.72004E-01 1.17501E-01 3.61147E-02 8.79671E-04 2.16668E+00 
8.79671E-04 4.08990E-02 1.19975E-01 1.51849E-01 1.74586E-01 4.34366E-01 5.78927E-01 1.20005E-01 4.08990E-02 8.79671E-04 2.19251E+00 
8.79671E-04 4.55447E-02 1.22346E-01 1.53914E-01 1.76743E-01 4.37742E-01 5.85485E-01 1.22380E-01 4.55447E-02 8.79671E-04 2.21224E+00 
4.84976E-03 5.00535E-02 1.24617E-01 1.55865E-01 1.78763E-01 4.40798E-01 5.91634E-01 1.24655E-01 5.00535E-02 4.84976E-03 2.21524E+00 
1.05330E-02 5.43935E-02 1.26725E-01 1.57636E-01 1.80580E-01 4.43487E-01 5.97371E-01 1.26767E-01 5.43935E-02 1.05330E-02 2.21054E+00 
1.60167E-02 5.85421E-02 1.28645E-01 1.59201E-01 1.82168E-01 4.45779E-01 6.02664E-01 1.28692E-01 5.85421E-02 1.60167E-02 2.20033E+00 
2.12806E-02 6.24813E-02 1.30365E-01 1.60547E-01 1.83515E-01 4.47650E-01 6.07479E-01 1.30416E-01 6.24813E-02 2.12806E-02 2.18461E+00 
2.63063E-02 6.61949E-02 1.31872E-01 1.61663E-01 1.84607E-01 4.49082E-01 6.11786E-01 1.31927E-01 6.61949E-02 2.63063E-02 2.16347E+00 
3.10772E-02 6.96682E-02 1.33154E-01 1.62538E-01 1.85434E-01 4.50056E-01 6.15554E-01 1.33213E-01 6.96682E-02 3.10772E-02 2.13705E+00 
3.55787E-02 7.28882E-02 1.34204E-01 1.63163E-01 1.85987E-01 4.50559E-01 6.18758E-01 1.34267E-01 7.28882E-02 3.55787E-02 2.10555E+00 
3.97981E-02 7.58441E-02 1.35013E-01 1.63533E-01 1.86260E-01 4.50578E-01 6.21376E-01 1.35080E-01 7.58441E-02 3.97981E-02 2.06924E+00 
4.37251E-02 7.85271E-02 1.35577E-01 1.63642E-01 1.86247E-01 4.50105E-01 6.23387E-01 1.35648E-01 7.85271E-02 4.37251E-02 2.02844E+00 
4.73519E-02 8.09306E-02 1.35891E-01 1.63488E-01 1.85947E-01 4.49135E-01 6.24776E-01 1.35966E-01 8.09306E-02 4.73519E-02 1.98351E+00 
5.06728E-02 8.30503E-02 1.35955E-01 1.63069E-01 1.85360E-01 4.47666E-01 6.25533E-01 1.36033E-01 8.30503E-02 5.06728E-02 1.93484E+00 
5.36846E-02 8.48840E-02 1.35768E-01 1.62389E-01 1.84486E-01 4.45699E-01 6.25647E-01 1.35851E-01 8.48840E-02 5.36846E-02 1.88286E+00 
5.63864E-02 8.64319E-02 1.35334E-01 1.61449E-01 1.83331E-01 4.43237E-01 6.25115E-01 1.35420E-01 8.64319E-02 5.63864E-02 1.82800E+00 
7.40286E-04 1.14230E-02 8.25258E-02 1.17879E-01 1.42037E-01 4.06929E-01 5.34164E-01 8.25193E-02 1.14230E-02 7.40286E-04 1.60500E+00 
7.40286E-04 1.14230E-02 8.47119E-02 1.19798E-01 1.44112E-01 4.10735E-01 5.41257E-01 8.47094E-02 1.14230E-02 7.40286E-04 1.66173E+00 
7.40286E-04 1.82314E-03 8.68977E-02 1.21707E-01 1.46158E-01 4.14387E-01 5.48156E-01 8.68992E-02 1.82314E-03 7.40286E-04 1.71106E+00 
7.40286E-04 6.03421E-03 8.90806E-02 1.23603E-01 1.48172E-01 4.17879E-01 5.54854E-01 8.90862E-02 6.03421E-03 7.40286E-04 1.75178E+00 
7.40286E-04 1.02152E-02 9.12272E-02 1.25449E-01 1.50120E-01 4.21202E-01 5.61381E-01 9.12370E-02 1.02152E-02 7.40286E-04 1.78938E+00 
7.40286E-04 1.43538E-02 9.33283E-02 1.27236E-01 1.51992E-01 4.24336E-01 5.67712E-01 9.33424E-02 1.43538E-02 7.40286E-04 1.82354E+00 
7.40286E-04 1.84376E-02 9.53747E-02 1.28955E-01 1.53778E-01 4.27265E-01 5.73821E-01 9.53931E-02 1.84376E-02 7.40286E-04 1.85399E+00 
7.40286E-04 2.15520E-02 9.69144E-02 1.30232E-01 1.55095E-01 4.29379E-01 5.78381E-01 9.69363E-02 2.15520E-02 7.40286E-04 1.87484E+00 
7.40286E-04 2.24542E-02 9.73568E-02 1.30597E-01 1.55469E-01 4.29972E-01 5.79685E-01 9.73796E-02 2.24542E-02 7.40286E-04 1.88048E+00 
7.40286E-04 2.66955E-02 9.94110E-02 1.32269E-01 1.57173E-01 4.32623E-01 5.85703E-01 9.94387E-02 2.66955E-02 7.40286E-04 1.90437E+00 
7.40286E-04 3.08287E-02 1.01368E-01 1.33830E-01 1.58743E-01 4.34977E-01 5.91377E-01 1.01400E-01 3.08287E-02 7.40286E-04 1.92319E+00 
7.40286E-04 3.48387E-02 1.03215E-01 1.35267E-01 1.60166E-01 4.37016E-01 5.96677E-01 1.03252E-01 3.48387E-02 7.40286E-04 1.93678E+00 
7.40286E-04 3.87108E-02 1.04941E-01 1.36569E-01 1.61431E-01 4.38722E-01 6.01576E-01 1.04984E-01 3.87108E-02 7.40286E-04 1.94503E+00 
4.07484E-03 4.24467E-02 1.06573E-01 1.37768E-01 1.62569E-01 4.40111E-01 6.06040E-01 1.06621E-01 4.24467E-02 4.07484E-03 1.93894E+00 
8.82884E-03 4.60191E-02 1.08054E-01 1.38802E-01 1.63519E-01 4.41127E-01 6.10056E-01 1.08107E-01 4.60191E-02 8.82884E-03 1.92626E+00 
1.33920E-02 4.94090E-02 1.09365E-01 1.39649E-01 1.64258E-01 4.41743E-01 6.13596E-01 1.09422E-01 4.94090E-02 1.33920E-02 1.90888E+00 
1.77480E-02 5.26019E-02 1.10493E-01 1.40300E-01 1.64776E-01 4.41943E-01 6.16629E-01 1.10556E-01 5.26019E-02 1.77480E-02 1.88687E+00 
2.18820E-02 5.55850E-02 1.11431E-01 1.40746E-01 1.65065E-01 4.41713E-01 6.19130E-01 1.11499E-01 5.55850E-02 2.18820E-02 1.86035E+00 
2.57810E-02 5.83470E-02 1.12171E-01 1.40981E-01 1.65119E-01 4.41040E-01 6.21075E-01 1.12244E-01 5.83470E-02 2.57810E-02 1.82948E+00 
2.94340E-02 6.08783E-02 1.12706E-01 1.40999E-01 1.64931E-01 4.39915E-01 6.22442E-01 1.12784E-01 6.08783E-02 2.94340E-02 1.79450E+00 
3.28318E-02 6.31712E-02 1.13033E-01 1.40796E-01 1.64499E-01 4.38334E-01 6.23214E-01 1.13115E-01 6.31712E-02 3.28318E-02 1.75569E+00 
3.59675E-02 6.52203E-02 1.13148E-01 1.40371E-01 1.63822E-01 4.36292E-01 6.23379E-01 1.13235E-01 6.52203E-02 3.59675E-02 1.71337E+00 
3.88365E-02 6.70219E-02 1.13051E-01 1.39724E-01 1.62900E-01 4.33791E-01 6.22925E-01 1.13142E-01 6.70219E-02 3.88365E-02 1.66789E+00 
4.14359E-02 6.85744E-02 1.12743E-01 1.38857E-01 1.61736E-01 4.30833E-01 6.21847E-01 1.12838E-01 6.85744E-02 4.14359E-02 1.61964E+00 
4.37654E-02 6.98782E-02 1.12226E-01 1.37773E-01 1.60335E-01 4.27425E-01 6.20143E-01 1.12324E-01 6.98782E-02 4.37654E-02 1.56901E+00 
4.58264E-02 7.09357E-02 1.11504E-01 1.36477E-01 1.58702E-01 4.23574E-01 6.17813E-01 1.11606E-01 7.09357E-02 4.58264E-02 1.51642E+00 
6.23302E-04 9.84047E-03 7.19979E-02 1.07769E-01 1.34953E-01 4.21865E-01 5.65010E-01 7.19899E-02 9.84047E-03 6.23302E-04 1.47297E+00 
6.23302E-04 9.84047E-03 7.37170E-02 1.09115E-01 1.36330E-01 4.24328E-01 5.70909E-01 7.37141E-02 9.84047E-03 6.23302E-04 1.51765E+00 
6.23302E-04 1.57565E-03 7.54351E-02 1.10453E-01 1.37680E-01 4.26629E-01 5.76584E-01 7.54373E-02 1.57565E-03 6.23302E-04 1.55571E+00 
6.23302E-04 5.20799E-03 7.71491E-02 1.11779E-01 1.38999E-01 4.28760E-01 5.82025E-01 7.71566E-02 5.20799E-03 6.23302E-04 1.58612E+00 
6.23302E-04 8.80386E-03 7.88260E-02 1.13056E-01 1.40252E-01 4.30701E-01 5.87255E-01 7.88388E-02 8.80386E-03 6.23302E-04 1.61362E+00 
6.23302E-04 1.23518E-02 8.04574E-02 1.14276E-01 1.41428E-01 4.32435E-01 5.92249E-01 8.04757E-02 1.23518E-02 6.23302E-04 1.63796E+00 
6.23302E-04 1.58405E-02 8.20352E-02 1.15431E-01 1.42521E-01 4.33949E-01 5.96983E-01 8.20589E-02 1.58405E-02 6.23302E-04 1.65888E+00 
6.23302E-04 1.84921E-02 8.32137E-02 1.16275E-01 1.43303E-01 4.34959E-01 6.00453E-01 8.32418E-02 1.84921E-02 6.23302E-04 1.67261E+00 
6.23302E-04 1.92587E-02 8.35508E-02 1.16513E-01 1.43521E-01 4.35226E-01 6.01434E-01 8.35801E-02 1.92587E-02 6.23302E-04 1.67620E+00 
6.23302E-04 2.28526E-02 8.51057E-02 1.17589E-01 1.44486E-01 4.36325E-01 6.05889E-01 8.51412E-02 2.28526E-02 6.23302E-04 1.69063E+00 
6.23302E-04 2.63378E-02 8.65684E-02 1.18561E-01 1.45324E-01 4.37117E-01 6.09960E-01 8.66101E-02 2.63378E-02 6.23302E-04 1.70050E+00 
6.23302E-04 2.97012E-02 8.79288E-02 1.19419E-01 1.46026E-01 4.37589E-01 6.13622E-01 8.79766E-02 2.97012E-02 6.23302E-04 1.70568E+00 
6.23302E-04 3.29301E-02 8.91772E-02 1.20155E-01 1.46582E-01 4.37726E-01 6.16850E-01 8.92312E-02 3.29301E-02 6.23302E-04 1.70610E+00 
3.42542E-03 3.60262E-02 9.03382E-02 1.20799E-01 1.47024E-01 4.37558E-01 6.19622E-01 9.03983E-02 3.60262E-02 3.42542E-03 1.69418E+00 
7.40376E-03 3.89661E-02 9.13618E-02 1.21294E-01 1.47295E-01 4.37019E-01 6.21917E-01 9.14279E-02 3.89661E-02 7.40376E-03 1.67652E+00 
1.12022E-02 4.17342E-02 9.22306E-02 1.21622E-01 1.47374E-01 4.36085E-01 6.23706E-01 9.23028E-02 4.17342E-02 1.12022E-02 1.65481E+00 
1.48074E-02 4.43189E-02 9.29368E-02 1.21775E-01 1.47256E-01 4.34745E-01 6.24965E-01 9.30150E-02 4.43189E-02 1.48074E-02 1.62913E+00 
1.82075E-02 4.67099E-02 9.34738E-02 1.21749E-01 1.46934E-01 4.32990E-01 6.25672E-01 9.35578E-02 4.67099E-02 1.82075E-02 1.59964E+00 
2.13927E-02 4.88989E-02 9.38364E-02 1.21538E-01 1.46406E-01 4.30814E-01 6.25808E-01 9.39260E-02 4.88989E-02 2.13927E-02 1.56655E+00 
2.43548E-02 5.08790E-02 9.40208E-02 1.21141E-01 1.45668E-01 4.28212E-01 6.25358E-01 9.41159E-02 5.08790E-02 2.43548E-02 1.53009E+00 
2.70876E-02 5.26454E-02 9.40249E-02 1.20555E-01 1.44721E-01 4.25185E-01 6.24310E-01 9.41252E-02 5.26454E-02 2.70876E-02 1.49058E+00 
2.95868E-02 5.41950E-02 9.38481E-02 1.19781E-01 1.43566E-01 4.21735E-01 6.22657E-01 9.39534E-02 5.41950E-02 2.95868E-02 1.44832E+00 
3.18502E-02 5.55265E-02 9.34914E-02 1.18821E-01 1.42206E-01 4.17866E-01 6.20394E-01 9.36014E-02 5.55265E-02 3.18502E-02 1.40367E+00 
3.38774E-02 5.66404E-02 9.29574E-02 1.17679E-01 1.40645E-01 4.13587E-01 6.17521E-01 9.30718E-02 5.66404E-02 3.38774E-02 1.35700E+00 
3.56699E-02 5.75392E-02 9.22500E-02 1.16360E-01 1.38890E-01 4.08908E-01 6.14041E-01 9.23684E-02 5.75392E-02 3.56699E-02 1.30869E+00 
3.72310E-02 5.82267E-02 9.13747E-02 1.14869E-01 1.36948E-01 4.03842E-01 6.09961E-01 9.14967E-02 5.82267E-02 3.72310E-02 1.25911E+00 
5.25640E-04 8.50389E-03 6.17787E-02 9.71071E-02 1.26842E-01 4.33782E-01 5.94946E-01 6.17697E-02 8.50389E-03 5.25640E-04 1.33631E+00 
5.25640E-04 8.50389E-03 6.31533E-02 9.80311E-02 1.27657E-01 4.34949E-01 5.99604E-01 6.31510E-02 8.50389E-03 5.25640E-04 1.37268E+00 
5.25640E-04 1.36625E-03 6.45263E-02 9.89492E-02 1.28447E-01 4.35950E-01 6.04008E-01 6.45307E-02 1.36625E-03 5.25640E-04 1.40305E+00 
5.25640E-04 4.50947E-03 6.58942E-02 9.98574E-02 1.29210E-01 4.36776E-01 6.08150E-01 6.59053E-02 4.50947E-03 5.25640E-04 1.42652E+00 
5.25640E-04 7.61155E-03 6.72252E-02 1.00719E-01 1.29907E-01 4.37397E-01 6.12041E-01 6.72432E-02 7.61155E-03 5.25640E-04 1.44721E+00 
5.25640E-04 1.06618E-02 6.85117E-02 1.01526E-01 1.30531E-01 4.37798E-01 6.15657E-01 6.85367E-02 1.06618E-02 5.25640E-04 1.46488E+00 
5.25640E-04 1.36501E-02 6.97462E-02 1.02271E-01 1.31074E-01 4.37968E-01 6.18977E-01 6.97783E-02 1.36501E-02 5.25640E-04 1.47934E+00 
5.25640E-04 1.59132E-02 7.06610E-02 1.02802E-01 1.31435E-01 4.37932E-01 6.21328E-01 7.06985E-02 1.59132E-02 5.25640E-04 1.48821E+00 
5.25640E-04 1.65661E-02 7.09212E-02 1.02949E-01 1.31530E-01 4.37893E-01 6.21978E-01 7.09603E-02 1.65661E-02 5.25640E-04 1.49041E+00 
5.25640E-04 1.96177E-02 7.21129E-02 1.03595E-01 1.31915E-01 4.37528E-01 6.24833E-01 7.21597E-02 1.96177E-02 5.25640E-04 1.49839E+00 
5.25640E-04 2.25616E-02 7.32178E-02 1.04145E-01 1.32183E-01 4.36854E-01 6.27269E-01 7.32724E-02 2.25616E-02 5.25640E-04 1.50215E+00 
5.25640E-04 2.53863E-02 7.42273E-02 1.04592E-01 1.32325E-01 4.35860E-01 6.29262E-01 7.42895E-02 2.53863E-02 5.25640E-04 1.50161E+00 
5.25640E-04 2.80809E-02 7.51333E-02 1.04927E-01 1.32335E-01 4.34536E-01 6.30793E-01 7.52031E-02 2.80809E-02 5.25640E-04 1.49674E+00 
2.88386E-03 3.06473E-02 7.59581E-02 1.05180E-01 1.32244E-01 4.32924E-01 6.31855E-01 7.60353E-02 3.06473E-02 2.88386E-03 1.48112E+00 
6.21732E-03 3.30657E-02 7.66577E-02 1.05299E-01 1.31999E-01 4.30951E-01 6.32413E-01 7.67422E-02 3.30657E-02 6.21732E-03 1.46045E+00 
9.38223E-03 3.53231E-02 7.72177E-02 1.05269E-01 1.31582E-01 4.28593E-01 6.32442E-01 7.73094E-02 3.53231E-02 9.38223E-03 1.43619E+00 
1.23678E-02 3.74104E-02 7.76324E-02 1.05085E-01 1.30990E-01 4.25845E-01 6.31920E-01 7.77311E-02 3.74104E-02 1.23678E-02 1.40849E+00 
1.51650E-02 3.93199E-02 7.78970E-02 1.04742E-01 1.30219E-01 4.22704E-01 6.30831E-01 7.80025E-02 3.93199E-02 1.51650E-02 1.37752E+00 
1.77664E-02 4.10456E-02 7.80084E-02 1.04240E-01 1.29270E-01 4.19167E-01 6.29162E-01 7.81203E-02 4.10456E-02 1.77664E-02 1.34353E+00 
2.01663E-02 4.25830E-02 7.79647E-02 1.03577E-01 1.28140E-01 4.15236E-01 6.26905E-01 7.80827E-02 4.25830E-02 2.01663E-02 1.30678E+00 
2.23609E-02 4.39295E-02 7.77654E-02 1.02753E-01 1.26834E-01 4.10916E-01 6.24052E-01 7.78892E-02 4.39295E-02 2.23609E-02 1.26759E+00 
2.43481E-02 4.50839E-02 7.74115E-02 1.01770E-01 1.25352E-01 4.06213E-01 6.20603E-01 7.75408E-02 4.50839E-02 2.43481E-02 1.22627E+00 
2.61278E-02 4.60471E-02 7.69056E-02 1.00633E-01 1.23701E-01 4.01137E-01 6.16559E-01 7.70397E-02 4.60471E-02 2.61278E-02 1.18318E+00 
2.77012E-02 4.68212E-02 7.62512E-02 9.93449E-02 1.21887E-01 3.95699E-01 6.11924E-01 7.63898E-02 4.68212E-02 2.77012E-02 1.13868E+00 
2.90714E-02 4.74101E-02 7.54534E-02 9.79126E-02 1.19916E-01 3.89914E-01 6.06709E-01 7.55959E-02 4.74101E-02 2.90714E-02 1.09313E+00 
3.02431E-02 4.78188E-02 7.45184E-02 9.63431E-02 1.17798E-01 3.83797E-01 6.00925E-01 7.46643E-02 4.78188E-02 3.02431E-02 1.04688E+00 
4.44166E-04 7.38425E-03 5.21253E-02 8.63760E-02 1.18006E-01 4.42487E-01 6.23601E-01 5.21176E-02 7.38425E-03 4.44166E-04 1.20552E+00 
4.44166E-04 7.38425E-03 5.32620E-02 8.70140E-02 1.18387E-01 4.42419E-01 6.26959E-01 5.32631E-02 7.38425E-03 4.44166E-04 1.23638E+00 
4.44166E-04 1.19103E-03 5.43949E-02 8.76462E-02 1.18748E-01 4.42184E-01 6.30037E-01 5.44048E-02 1.19103E-03 4.44166E-04 1.26165E+00 
4.44166E-04 3.92466E-03 5.55206E-02 8.82683E-02 1.19082E-01 4.41773E-01 6.32825E-01 5.55393E-02 3.92466E-03 4.44166E-04 1.28057E+00 
4.44166E-04 6.61287E-03 5.66090E-02 8.88446E-02 1.19353E-01 4.41145E-01 6.35323E-01 5.66366E-02 6.61287E-03 4.44166E-04 1.29671E+00 
4.44166E-04 9.24591E-03 5.76533E-02 8.93686E-02 1.19552E-01 4.40289E-01 6.37510E-01 5.76899E-02 9.24591E-03 4.44166E-04 1.30987E+00 
4.44166E-04 1.18145E-02 5.86466E-02 8.98341E-02 1.19676E-01 4.39194E-01 6.39365E-01 5.86922E-02 1.18145E-02 4.44166E-04 1.31989E+00 
4.44166E-04 1.37518E-02 5.93759E-02 9.01501E-02 1.19715E-01 4.38178E-01 6.40561E-01 5.94285E-02 1.37518E-02 4.44166E-04 1.32540E+00 
4.44166E-04 1.43093E-02 5.95822E-02 9.02347E-02 1.19716E-01 4.37852E-01 6.40869E-01 5.96368E-02 1.43093E-02 4.44166E-04 1.32662E+00 
4.44166E-04 1.69066E-02 6.05189E-02 9.05873E-02 1.19662E-01 4.36118E-01 6.42076E-01 6.05832E-02 1.69066E-02 4.44166E-04 1.33008E+00 
4.44166E-04 1.93975E-02 6.13732E-02 9.08505E-02 1.19498E-01 4.34079E-01 6.42831E-01 6.14470E-02 1.93975E-02 4.44166E-04 1.32952E+00 
4.44166E-04 2.17721E-02 6.21378E-02 9.10178E-02 1.19219E-01 4.31725E-01 6.43116E-01 6.22210E-02 2.17721E-02 4.44166E-04 1.32492E+00 
4.44166E-04 2.40214E-02 6.28059E-02 9.10831E-02 1.18821E-01 4.29052E-01 6.42914E-01 6.28983E-02 2.40214E-02 4.44166E-04 1.31631E+00 
2.43243E-03 2.61474E-02 6.33977E-02 9.10734E-02 1.18336E-01 4.26114E-01 6.42238E-01 6.34990E-02 2.61474E-02 2.43243E-03 1.29823E+00 
5.22964E-03 2.81336E-02 6.38749E-02 9.09423E-02 1.17710E-01 4.22828E-01 6.41037E-01 6.39849E-02 2.81336E-02 5.22964E-03 1.27563E+00 
7.86934E-03 2.99694E-02 6.42259E-02 9.06773E-02 1.16933E-01 4.19174E-01 6.39287E-01 6.43442E-02 2.99694E-02 7.86934E-03 1.24982E+00 
1.03431E-02 3.16481E-02 6.44465E-02 9.02753E-02 1.16001E-01 4.15151E-01 6.36972E-01 6.45729E-02 3.16481E-02 1.03431E-02 1.22099E+00 
1.26441E-02 3.31639E-02 6.45338E-02 8.97343E-02 1.14914E-01 4.10760E-01 6.34083E-01 6.46678E-02 3.31639E-02 1.26441E-02 1.18935E+00 
1.47673E-02 3.45131E-02 6.44862E-02 8.90536E-02 1.13673E-01 4.06005E-01 6.30613E-01 6.46274E-02 3.45131E-02 1.47673E-02 1.15517E+00 
1.67090E-02 3.56932E-02 6.43033E-02 8.82340E-02 1.12279E-01 4.00892E-01 6.26557E-01 6.44511E-02 3.56932E-02 1.67090E-02 1.11874E+00 
1.84675E-02 3.67034E-02 6.39861E-02 8.72773E-02 1.10736E-01 3.95429E-01 6.21917E-01 6.41401E-02 3.67034E-02 1.84675E-02 1.08038E+00 
2.00425E-02 3.75445E-02 6.35369E-02 8.61869E-02 1.09050E-01 3.89628E-01 6.16696E-01 6.36963E-02 3.75445E-02 2.00425E-02 1.04044E+00 
2.14353E-02 3.82186E-02 6.29591E-02 8.49672E-02 1.07224E-01 3.83501E-01 6.10903E-01 6.31234E-02 3.82186E-02 2.14353E-02 9.99246E-01 
2.26488E-02 3.87293E-02 6.22574E-02 8.36238E-02 1.05268E-01 3.77064E-01 6.04548E-01 6.24258E-02 3.87293E-02 2.26488E-02 9.57156E-01 
2.36873E-02 3.90814E-02 6.14373E-02 8.21633E-02 1.03189E-01 3.70335E-01 5.97646E-01 6.16092E-02 3.90814E-02 2.36873E-02 9.14507E-01 
2.45561E-02 3.92811E-02 6.05055E-02 8.05933E-02 1.00996E-01 3.63332E-01 5.90215E-01 6.06800E-02 3.92811E-02 2.45561E-02 8.71625E-01 
3.76286E-04 6.45010E-03 4.32869E-02 7.60909E-02 1.08829E-01 4.47910E-01 6.50460E-01 4.32865E-02 6.45010E-03 3.76286E-04 1.08913E+00 
3.76286E-04 6.45010E-03 4.42713E-02 7.65522E-02 1.08893E-01 4.46681E-01 6.52455E-01 4.42824E-02 6.45010E-03 3.76286E-04 1.11625E+00 
3.76286E-04 1.04530E-03 4.52478E-02 7.70049E-02 1.08936E-01 4.45286E-01 6.54146E-01 4.52704E-02 1.04530E-03 3.76286E-04 1.13802E+00 
3.76286E-04 3.43752E-03 4.62133E-02 7.74451E-02 1.08955E-01 4.43718E-01 6.55522E-01 4.62473E-02 3.43752E-03 3.76286E-04 1.15378E+00 
3.76286E-04 5.77993E-03 4.71401E-02 7.78389E-02 1.08910E-01 4.41924E-01 6.56572E-01 4.71854E-02 5.77993E-03 3.76286E-04 1.16668E+00 
3.76286E-04 8.06368E-03 4.80218E-02 7.81805E-02 1.08797E-01 4.39897E-01 6.57276E-01 4.80785E-02 8.06368E-03 3.76286E-04 1.17654E+00 
3.76286E-04 1.02804E-02 4.88524E-02 7.84643E-02 1.08610E-01 4.37628E-01 6.57616E-01 4.89204E-02 1.02804E-02 3.76286E-04 1.18323E+00 
3.76286E-04 1.19446E-02 4.94562E-02 7.86409E-02 1.08413E-01 4.35703E-01 6.57619E-01 4.95329E-02 1.19446E-02 3.76286E-04 1.18616E+00 
3.76286E-04 1.24221E-02 4.96259E-02 7.86850E-02 1.08346E-01 4.35112E-01 6.57576E-01 4.97052E-02 1.24221E-02 3.76286E-04 1.18665E+00 
3.76286E-04 1.46385E-02 5.03896E-02 7.88465E-02 1.07968E-01 4.32116E-01 6.57087E-01 5.04807E-02 1.46385E-02 3.76286E-04 1.18660E+00 
3.76286E-04 1.67497E-02 5.10738E-02 7.89228E-02 1.07490E-01 4.28821E-01 6.56121E-01 5.11765E-02 1.67497E-02 3.76286E-04 1.18267E+00 
3.76286E-04 1.87476E-02 5.16724E-02 7.89087E-02 1.06906E-01 4.25224E-01 6.54663E-01 5.17865E-02 1.87476E-02 3.76286E-04 1.17488E+00 
3.76286E-04 2.06250E-02 5.21802E-02 7.87995E-02 1.06214E-01 4.21323E-01 6.52700E-01 5.23052E-02 2.06250E-02 3.76286E-04 1.16331E+00 
2.05660E-03 2.23844E-02 5.26151E-02 7.86204E-02 1.05446E-01 4.17183E-01 6.50266E-01 5.27504E-02 2.23844E-02 2.05660E-03 1.14335E+00 
4.40842E-03 2.40119E-02 5.29444E-02 7.83302E-02 1.04553E-01 4.12713E-01 6.47293E-01 5.30897E-02 2.40119E-02 4.40842E-03 1.11933E+00 
6.61319E-03 2.54995E-02 5.31589E-02 7.79188E-02 1.03524E-01 4.07898E-01 6.43758E-01 5.33136E-02 2.54995E-02 6.61319E-03 1.09243E+00 
8.66465E-03 2.68421E-02 5.32560E-02 7.73846E-02 1.02361E-01 4.02740E-01 6.39654E-01 5.34195E-02 2.68421E-02 8.66465E-03 1.06288E+00 
1.05580E-02 2.80362E-02 5.32340E-02 7.67272E-02 1.01063E-01 3.97244E-01 6.34975E-01 5.34057E-02 2.80362E-02 1.05580E-02 1.03093E+00 
1.22902E-02 2.90798E-02 5.30929E-02 7.59474E-02 9.96339E-02 3.91419E-01 6.29722E-01 5.32721E-02 2.90798E-02 1.22902E-02 9.96887E-01 
1.38593E-02 2.99722E-02 5.28335E-02 7.50471E-02 9.80760E-02 3.85275E-01 6.23896E-01 5.30195E-02 2.99722E-02 1.38593E-02 9.61053E-01 
1.52654E-02 3.07141E-02 5.24580E-02 7.40295E-02 9.63947E-02 3.78825E-01 6.17505E-01 5.26499E-02 3.07141E-02 1.52654E-02 9.23765E-01 
1.65096E-02 3.13078E-02 5.19695E-02 7.28988E-02 9.45957E-02 3.72082E-01 6.10560E-01 5.21665E-02 3.13078E-02 1.65096E-02 8.85360E-01 
1.75946E-02 3.17567E-02 5.13724E-02 7.16603E-02 9.26859E-02 3.65065E-01 6.03073E-01 5.15735E-02 3.17567E-02 1.75946E-02 8.46176E-01 
1.85244E-02 3.20652E-02 5.06718E-02 7.03203E-02 9.06732E-02 3.57791E-01 5.95063E-01 5.08761E-02 3.20652E-02 1.85244E-02 8.06544E-01 
1.93039E-02 3.22391E-02 4.98738E-02 6.88857E-02 8.85662E-02 3.50280E-01 5.86548E-01 5.00803E-02 3.22391E-02 1.93039E-02 7.66779E-01 
1.99392E-02 3.22850E-02 4.89851E-02 6.73643E-02 8.63743E-02 3.42554E-01 5.77553E-01 4.91929E-02 3.22850E-02 1.99392E-02 7.27180E-01 
3.18662E-04 5.65340E-03 3.53008E-02 6.65028E-02 9.95243E-02 4.50167E-01 6.75434E-01 3.53197E-02 5.65340E-03 3.18662E-04 9.90555E-01 
3.18662E-04 5.65340E-03 3.61937E-02 6.68628E-02 9.93601E-02 4.47838E-01 6.75976E-01 3.62276E-02 5.65340E-03 3.18662E-04 1.01472E+00 
3.18662E-04 9.21467E-04 3.70729E-02 6.72090E-02 9.91744E-02 4.45349E-01 6.76194E-01 3.71214E-02 9.21467E-04 3.18662E-04 1.03362E+00 
3.18662E-04 3.02284E-03 3.79357E-02 6.75378E-02 9.89633E-02 4.42690E-01 6.76076E-01 3.79986E-02 3.02284E-03 3.18662E-04 1.04671E+00 
3.18662E-04 5.06981E-03 3.87570E-02 6.78178E-02 9.86894E-02 4.39801E-01 6.75599E-01 3.88343E-02 5.06981E-03 3.18662E-04 1.05679E+00 
3.18662E-04 7.05456E-03 3.95313E-02 6.80441E-02 9.83486E-02 4.36677E-01 6.74744E-01 3.96226E-02 7.05456E-03 3.18662E-04 1.06372E+00 
3.18662E-04 8.96985E-03 4.02532E-02 6.82118E-02 9.79370E-02 4.33313E-01 6.73497E-01 4.03584E-02 8.96985E-03 3.18662E-04 1.06742E+00 
3.18662E-04 1.03997E-02 4.07726E-02 6.82985E-02 9.75676E-02 4.30543E-01 6.72255E-01 4.08883E-02 1.03997E-02 3.18662E-04 1.06803E+00 
3.18662E-04 1.08088E-02 4.09176E-02 6.83165E-02 9.74509E-02 4.29705E-01 6.71845E-01 4.10363E-02 1.08088E-02 3.18662E-04 1.06784E+00 
3.18662E-04 1.26986E-02 4.15642E-02 6.83540E-02 9.68398E-02 4.25540E-01 6.69596E-01 4.16971E-02 1.26986E-02 3.18662E-04 1.06460E+00 
3.18662E-04 1.44849E-02 4.21331E-02 6.83089E-02 9.61352E-02 4.21089E-01 6.66850E-01 4.22797E-02 1.44849E-02 3.18662E-04 1.05759E+00 
3.18662E-04 1.61613E-02 4.26196E-02 6.81771E-02 9.53343E-02 4.16351E-01 6.63597E-01 4.27792E-02 1.61613E-02 3.18662E-04 1.04688E+00 
3.18662E-04 1.77220E-02 4.30196E-02 6.79553E-02 9.44352E-02 4.11329E-01 6.59830E-01 4.31916E-02 1.77220E-02 3.18662E-04 1.03263E+00 
1.73785E-03 1.91703E-02 4.33493E-02 6.76670E-02 9.34697E-02 4.06100E-01 6.55604E-01 4.35328E-02 1.91703E-02 1.73785E-03 1.01095E+00 
3.71296E-03 2.04950E-02 4.35813E-02 6.72763E-02 9.23932E-02 4.00566E-01 6.50834E-01 4.37755E-02 2.04950E-02 3.71296E-03 9.85639E-01 
5.55124E-03 2.16900E-02 4.37084E-02 6.67753E-02 9.11976E-02 3.94711E-01 6.45500E-01 4.39126E-02 2.16900E-02 5.55124E-03 9.57787E-01 
7.24836E-03 2.27521E-02 4.37294E-02 6.61637E-02 8.98842E-02 3.88545E-01 6.39600E-01 4.39426E-02 2.27521E-02 7.24836E-03 9.27661E-01 
8.80142E-03 2.36797E-02 4.36440E-02 6.54426E-02 8.84558E-02 3.82076E-01 6.33137E-01 4.38654E-02 2.36797E-02 8.80142E-03 8.95553E-01 
1.02089E-02 2.44721E-02 4.34532E-02 6.46139E-02 8.69161E-02 3.75318E-01 6.26115E-01 4.36817E-02 2.44721E-02 1.02089E-02 8.61780E-01 
1.14708E-02 2.51304E-02 4.31591E-02 6.36808E-02 8.52698E-02 3.68283E-01 6.18545E-01 4.33936E-02 2.51304E-02 1.14708E-02 8.26671E-01 
1.25883E-02 2.56566E-02 4.27646E-02 6.26473E-02 8.35228E-02 3.60988E-01 6.10440E-01 4.30040E-02 2.56566E-02 1.25883E-02 7.90561E-01 
1.35639E-02 2.60541E-02 4.22737E-02 6.15185E-02 8.16818E-02 3.53451E-01 6.01816E-01 4.25168E-02 2.60541E-02 1.35639E-02 7.53783E-01 
1.44013E-02 2.63270E-02 4.16913E-02 6.03004E-02 7.97543E-02 3.45692E-01 5.92693E-01 4.19369E-02 2.63270E-02 1.44013E-02 7.16661E-01 
1.51051E-02 2.64808E-02 4.10228E-02 5.89995E-02 7.77485E-02 3.37731E-01 5.83094E-01 4.12698E-02 2.64808E-02 1.51051E-02 6.79502E-01 
1.56811E-02 2.65216E-02 4.02745E-02 5.76232E-02 7.56732E-02 3.29590E-01 5.73045E-01 4.05216E-02 2.65216E-02 1.56811E-02 6.42592E-01 
1.61354E-02 2.64562E-02 3.94532E-02 5.61791E-02 7.35374E-02 3.21291E-01 5.62572E-01 3.96993E-02 2.64562E-02 1.61354E-02 6.06192E-01 
2.69797E-04 4.96852E-03 2.83256E-02 5.79524E-02 9.04482E-02 4.49337E-01 6.97829E-01 2.83849E-02 4.96852E-03 2.69797E-04 9.12481E-01 
2.69797E-04 4.96852E-03 2.91671E-02 5.82568E-02 9.01257E-02 4.45981E-01 6.96836E-01 2.92450E-02 4.96852E-03 2.69797E-04 9.33694E-01 
2.69797E-04 8.15259E-04 2.99880E-02 5.85403E-02 8.97794E-02 4.42472E-01 6.95506E-01 3.00840E-02 8.15259E-04 2.69797E-04 9.49662E-01 
2.69797E-04 2.66675E-03 3.07862E-02 5.88004E-02 8.94062E-02 4.38802E-01 6.93826E-01 3.08997E-02 2.66675E-03 2.69797E-04 9.59949E-01 
2.69797E-04 4.45947E-03 3.15394E-02 5.90081E-02 8.89701E-02 4.34901E-01 6.91757E-01 3.16701E-02 4.45947E-03 2.69797E-04 9.67067E-01 
2.69797E-04 6.18676E-03 3.22429E-02 5.91595E-02 8.84681E-02 4.30766E-01 6.89285E-01 3.23903E-02 6.18676E-03 2.69797E-04 9.70941E-01 
2.69797E-04 7.84252E-03 3.28921E-02 5.92506E-02 8.78973E-02 4.26397E-01 6.86400E-01 3.30557E-02 7.84252E-03 2.69797E-04 9.71534E-01 
2.69797E-04 9.07096E-03 3.33546E-02 5.92775E-02 8.74068E-02 4.22855E-01 6.83878E-01 3.35302E-02 9.07096E-03 2.69797E-04 9.69746E-01 
2.69797E-04 9.42107E-03 3.34829E-02 5.92779E-02 8.72553E-02 4.21793E-01 6.83092E-01 3.36620E-02 9.42107E-03 2.69797E-04 9.68855E-01 
2.69797E-04 1.10307E-02 3.40502E-02 5.92322E-02 8.64810E-02 4.16567E-01 6.79042E-01 3.42453E-02 1.10307E-02 2.69797E-04 9.62355E-01 
2.69797E-04 1.25390E-02 3.45409E-02 5.91054E-02 8.56199E-02 4.11071E-01 6.74485E-01 3.47511E-02 1.25390E-02 2.69797E-04 9.52218E-01 
2.69797E-04 1.39411E-02 3.49518E-02 5.88949E-02 8.46706E-02 4.05309E-01 6.69417E-01 3.51761E-02 1.39411E-02 2.69797E-04 9.38605E-01 
2.69797E-04 1.52329E-02 3.52799E-02 5.85986E-02 8.36327E-02 3.99288E-01 6.63836E-01 3.55172E-02 1.52329E-02 2.69797E-04 9.21724E-01 
1.46790E-03 1.64187E-02 3.55398E-02 5.82386E-02 8.25373E-02 3.93097E-01 6.57819E-01 3.57890E-02 1.64187E-02 1.46790E-03 8.98312E-01 
3.12519E-03 1.74893E-02 3.57091E-02 5.77838E-02 8.13438E-02 3.86628E-01 6.51264E-01 3.59689E-02 1.74893E-02 3.12519E-03 8.71713E-01 
4.65574E-03 1.84406E-02 3.57825E-02 5.72284E-02 8.00459E-02 3.79870E-01 6.44153E-01 3.60517E-02 1.84406E-02 4.65574E-03 8.42947E-01 
6.05695E-03 1.92709E-02 3.57599E-02 5.65734E-02 7.86466E-02 3.72835E-01 6.36490E-01 3.60373E-02 1.92709E-02 6.05695E-03 8.12314E-01 
7.32755E-03 1.99802E-02 3.56422E-02 5.58211E-02 7.71498E-02 3.65536E-01 6.28286E-01 3.59264E-02 1.99802E-02 7.32755E-03 7.80130E-01 
8.46752E-03 2.05693E-02 3.54313E-02 5.49744E-02 7.55603E-02 3.57990E-01 6.19551E-01 3.57210E-02 2.05693E-02 8.46752E-03 7.46726E-01 
9.47809E-03 2.10404E-02 3.51302E-02 5.40375E-02 7.38839E-02 3.50214E-01 6.10303E-01 3.54239E-02 2.10404E-02 9.47809E-03 7.12435E-01 
1.03616E-02 2.13966E-02 3.47425E-02 5.30153E-02 7.21270E-02 3.42227E-01 6.00561E-01 3.50387E-02 2.13966E-02 1.03616E-02 6.77586E-01 
1.11216E-02 2.16420E-02 3.42726E-02 5.19133E-02 7.02970E-02 3.34049E-01 5.90348E-01 3.45700E-02 2.16420E-02 1.11216E-02 6.42497E-01 
1.17623E-02 2.17815E-02 3.37259E-02 5.07380E-02 6.84017E-02 3.25701E-01 5.79688E-01 3.40228E-02 2.17815E-02 1.17623E-02 6.07467E-01 
1.22890E-02 2.18210E-02 3.31079E-02 4.94962E-02 6.64492E-02 3.17208E-01 5.68610E-01 3.34030E-02 2.18210E-02 1.22890E-02 5.72772E-01 
1.27076E-02 2.17668E-02 3.24250E-02 4.81951E-02 6.44484E-02 3.08590E-01 5.57143E-01 3.27168E-02 2.17668E-02 1.27076E-02 5.38661E-01 
1.30245E-02 2.16256E-02 3.16835E-02 4.68424E-02 6.24079E-02 2.99873E-01 5.45320E-01 3.19707E-02 2.16256E-02 1.30245E-02 5.05355E-01 
2.27866E-04 4.36509E-03 2.23577E-02 5.05203E-02 8.17737E-02 4.45583E-01 7.17237E-01 2.24898E-02 4.36509E-03 2.27866E-04 8.53519E-01 
2.27866E-04 4.36509E-03 2.31689E-02 5.07879E-02 8.13405E-02 4.41270E-01 7.14631E-01 2.33229E-02 4.36509E-03 2.27866E-04 8.71242E-01 
2.27866E-04 7.21599E-04 2.39522E-02 5.10275E-02 8.08809E-02 4.36814E-01 7.11680E-01 2.41273E-02 7.21599E-04 2.27866E-04 8.83738E-01 
2.27866E-04 2.35279E-03 2.47065E-02 5.12372E-02 8.03925E-02 4.32209E-01 7.08374E-01 2.49016E-02 2.35279E-03 2.27866E-04 8.90683E-01 
2.27866E-04 3.92163E-03 2.54123E-02 5.13909E-02 7.98412E-02 4.27377E-01 7.04656E-01 2.56268E-02 3.92163E-03 2.27866E-04 8.94354E-01 
2.27866E-04 5.42261E-03 2.60656E-02 5.14856E-02 7.92250E-02 4.22318E-01 7.00518E-01 2.62985E-02 5.42261E-03 2.27866E-04 8.94737E-01 
2.27866E-04 6.85087E-03 2.66628E-02 5.15182E-02 7.85423E-02 4.17034E-01 6.95953E-01 2.69133E-02 6.85087E-03 2.27866E-04 8.91856E-01 
2.27866E-04 7.90324E-03 2.70843E-02 5.14992E-02 7.79675E-02 4.12793E-01 6.92125E-01 2.73477E-02 7.90324E-03 2.27866E-04 8.87429E-01 
2.27866E-04 8.20195E-03 2.72006E-02 5.14862E-02 7.77917E-02 4.11528E-01 6.90956E-01 2.74676E-02 8.20195E-03 2.27866E-04 8.85780E-01 
2.27866E-04 9.56786E-03 2.77108E-02 5.13770E-02 7.69054E-02 4.05346E-01 6.85080E-01 2.79944E-02 9.56786E-03 2.27866E-04 8.75771E-01 
2.27866E-04 1.08355E-02 2.81458E-02 5.11884E-02 7.59388E-02 3.98918E-01 6.78698E-01 2.84446E-02 1.08355E-02 2.27866E-04 8.62352E-01 
2.27866E-04 1.20015E-02 2.85034E-02 5.09190E-02 7.48920E-02 3.92250E-01 6.71811E-01 2.88159E-02 1.20015E-02 2.27866E-04 8.45749E-01 
2.27866E-04 1.30636E-02 2.87818E-02 5.05681E-02 7.37661E-02 3.85352E-01 6.64424E-01 2.91065E-02 1.30636E-02 2.27866E-04 8.26225E-01 
1.23668E-03 1.40266E-02 2.89945E-02 5.01567E-02 7.25910E-02 3.78323E-01 6.56637E-01 2.93297E-02 1.40266E-02 1.23668E-03 8.01047E-01 
2.62313E-03 1.48834E-02 2.91232E-02 4.96580E-02 7.13301E-02 3.71049E-01 6.48329E-01 2.94672E-02 1.48834E-02 2.62313E-03 7.73175E-01 
3.89306E-03 1.56314E-02 2.91643E-02 4.90679E-02 6.99791E-02 3.63521E-01 6.39484E-01 2.95156E-02 1.56314E-02 3.89306E-03 7.43558E-01 
5.04539E-03 1.62705E-02 2.91188E-02 4.83888E-02 6.85419E-02 3.55755E-01 6.30115E-01 2.94757E-02 1.62705E-02 5.04539E-03 7.12517E-01 
6.08018E-03 1.68018E-02 2.89886E-02 4.76238E-02 6.70235E-02 3.47767E-01 6.20237E-01 2.93492E-02 1.68018E-02 6.08018E-03 6.80380E-01 
6.99867E-03 1.72274E-02 2.87763E-02 4.67769E-02 6.54295E-02 3.39577E-01 6.09869E-01 2.91390E-02 1.72274E-02 6.99867E-03 6.47480E-01 
7.80309E-03 1.75503E-02 2.84855E-02 4.58529E-02 6.37663E-02 3.31205E-01 5.99033E-01 2.88484E-02 1.75503E-02 7.80309E-03 6.14141E-01 
8.49668E-03 1.77743E-02 2.81202E-02 4.48572E-02 6.20409E-02 3.22673E-01 5.87756E-01 2.84816E-02 1.77743E-02 8.49668E-03 5.80674E-01 
9.08351E-03 1.79042E-02 2.76854E-02 4.37959E-02 6.02608E-02 3.14002E-01 5.76064E-01 2.80435E-02 1.79042E-02 9.08351E-03 5.47369E-01 
9.56843E-03 1.79453E-02 2.71863E-02 4.26754E-02 5.84339E-02 3.05215E-01 5.63989E-01 2.75394E-02 1.79453E-02 9.56843E-03 5.14493E-01 
9.95686E-03 1.79035E-02 2.66286E-02 4.15029E-02 5.65682E-02 2.96337E-01 5.51563E-01 2.69751E-02 1.79035E-02 9.95686E-03 4.82284E-01 
1.02548E-02 1.77851E-02 2.60184E-02 4.02852E-02 5.46719E-02 2.87390E-01 5.38819E-01 2.63567E-02 1.77851E-02 1.02548E-02 4.50947E-01 
1.04684E-02 1.75966E-02 2.53617E-02 3.90297E-02 5.27535E-02 2.78398E-01 5.25793E-01 2.56903E-02 1.75966E-02 1.04684E-02 4.20657E-01 
1.91628E-04 3.82232E-03 1.73701E-02 4.41938E-02 7.36242E-02 4.39073E-01 7.33173E-01 1.76189E-02 3.82232E-03 1.91628E-04 8.10587E-01 
1.91628E-04 3.82232E-03 1.81576E-02 4.44249E-02 7.31107E-02 4.33872E-01 7.28888E-01 1.84305E-02 3.82232E-03 1.91628E-04 8.24015E-01 
1.91628E-04 6.36931E-04 1.89108E-02 4.46215E-02 7.25686E-02 4.28546E-01 7.24260E-01 1.92061E-02 6.36931E-04 1.91628E-04 8.32298E-01 
1.91628E-04 2.06956E-03 1.96292E-02 4.47829E-02 7.19964E-02 4.23085E-01 7.19282E-01 1.99457E-02 2.06956E-03 1.91628E-04 8.35216E-01 
1.91628E-04 3.43751E-03 2.02962E-02 4.48855E-02 7.13620E-02 4.17406E-01 7.13878E-01 2.06324E-02 3.43751E-03 1.91628E-04 8.34851E-01 
1.91628E-04 4.73646E-03 2.09085E-02 4.49271E-02 7.06645E-02 4.11511E-01 7.08046E-01 2.12632E-02 4.73646E-03 1.91628E-04 8.31250E-01 
1.91628E-04 5.96274E-03 2.14634E-02 4.49058E-02 6.99033E-02 4.05406E-01 7.01783E-01 2.18352E-02 5.96274E-03 1.91628E-04 8.24503E-01 
1.91628E-04 6.85963E-03 2.18520E-02 4.48451E-02 6.92703E-02 4.00541E-01 6.96640E-01 2.22358E-02 6.85963E-03 1.91628E-04 8.17201E-01 
1.91628E-04 7.11310E-03 2.19587E-02 4.48200E-02 6.90780E-02 3.99096E-01 6.95088E-01 2.23459E-02 7.11310E-03 1.91628E-04 8.14735E-01 
1.91628E-04 8.26534E-03 2.24236E-02 4.46542E-02 6.81169E-02 3.92071E-01 6.87389E-01 2.28258E-02 8.26534E-03 1.91628E-04 8.01005E-01 
1.91628E-04 9.32360E-03 2.28152E-02 4.44115E-02 6.70825E-02 3.84826E-01 6.79196E-01 2.32304E-02 9.32360E-03 1.91628E-04 7.84197E-01 
1.91628E-04 1.02861E-02 2.31322E-02 4.40919E-02 6.59763E-02 3.77372E-01 6.70516E-01 2.35584E-02 1.02861E-02 1.91628E-04 7.64589E-01 
1.91628E-04 1.11517E-02 2.33742E-02 4.36960E-02 6.48003E-02 3.69722E-01 6.61362E-01 2.38094E-02 1.11517E-02 1.91628E-04 7.42488E-01 
1.03731E-03 1.19260E-02 2.35532E-02 4.32436E-02 6.35837E-02 3.61982E-01 6.51855E-01 2.39952E-02 1.19260E-02 1.03731E-03 7.15619E-01 
2.19176E-03 1.26035E-02 2.36548E-02 4.27118E-02 6.22933E-02 3.54035E-01 6.41856E-01 2.41015E-02 1.26035E-02 2.19176E-03 6.86593E-01 
3.24016E-03 1.31830E-02 2.36770E-02 4.20982E-02 6.09264E-02 3.45872E-01 6.31352E-01 2.41263E-02 1.31830E-02 3.24016E-03 6.56286E-01 
4.18267E-03 1.36658E-02 2.36216E-02 4.14061E-02 5.94878E-02 3.37513E-01 6.20363E-01 2.40714E-02 1.36658E-02 4.18267E-03 6.25028E-01 
5.02047E-03 1.40538E-02 2.34910E-02 4.06394E-02 5.79832E-02 3.28978E-01 6.08909E-01 2.39393E-02 1.40538E-02 5.02047E-03 5.93145E-01 
5.75571E-03 1.43498E-02 2.32886E-02 3.98027E-02 5.64189E-02 3.20287E-01 5.97017E-01 2.37332E-02 1.43498E-02 5.75571E-03 5.60956E-01 
6.39140E-03 1.45577E-02 2.30183E-02 3.89014E-02 5.48014E-02 3.11463E-01 5.84714E-01 2.34571E-02 1.45577E-02 6.39140E-03 5.28764E-01 
6.93134E-03 1.46817E-02 2.26844E-02 3.79412E-02 5.31381E-02 3.02529E-01 5.72032E-01 2.31155E-02 1.46817E-02 6.93134E-03 4.96848E-01 
7.38000E-03 1.47268E-02 2.22920E-02 3.69283E-02 5.14363E-02 2.93509E-01 5.59002E-01 2.27134E-02 1.47268E-02 7.38000E-03 4.65463E-01 
7.74241E-03 1.46985E-02 2.18461E-02 3.58694E-02 4.97037E-02 2.84426E-01 5.45660E-01 2.22561E-02 1.46985E-02 7.74241E-03 4.34834E-01 
8.02401E-03 1.46025E-02 2.13525E-02 3.47711E-02 4.79480E-02 2.75305E-01 5.32041E-01 2.17492E-02 1.46025E-02 8.02401E-03 4.05153E-01 
8.23061E-03 1.44449E-02 2.08167E-02 3.36402E-02 4.61769E-02 2.66168E-01 5.18183E-01 2.11986E-02 1.44449E-02 8.23061E-03 3.76579E-01 
8.36820E-03 1.42319E-02 2.02444E-02 3.24835E-02 4.43979E-02 2.57039E-01 5.04124E-01 2.06101E-02 1.42319E-02 8.36820E-03 3.49240E-01 
1.60176E-04 3.32639E-03 1.33005E-02 3.88705E-02 6.60570E-02 4.29978E-01 7.45172E-01 1.37198E-02 3.32639E-03 1.60176E-04 7.79423E-01 
1.60176E-04 3.32639E-03 1.40614E-02 3.90545E-02 6.54812E-02 4.23967E-01 7.39167E-01 1.45040E-02 3.32639E-03 1.60176E-04 7.87731E-01 
1.60176E-04 5.58877E-04 1.47828E-02 3.91997E-02 6.48760E-02 4.17848E-01 7.32834E-01 1.52466E-02 5.58877E-04 1.60176E-04 7.91084E-01 
1.60176E-04 1.80945E-03 1.54651E-02 3.93060E-02 6.42406E-02 4.11617E-01 7.26164E-01 1.59480E-02 1.80945E-03 1.60176E-04 7.89359E-01 
1.60176E-04 2.99465E-03 1.60939E-02 3.93523E-02 6.35449E-02 4.05179E-01 7.19065E-01 1.65942E-02 2.99465E-03 1.60176E-04 7.84463E-01 
1.60176E-04 4.11129E-03 1.66670E-02 3.93372E-02 6.27889E-02 3.98543E-01 7.11539E-01 1.71828E-02 4.11129E-03 1.60176E-04 7.76506E-01 
1.60176E-04 5.15679E-03 1.71825E-02 3.92598E-02 6.19730E-02 3.91715E-01 7.03588E-01 1.77118E-02 5.15679E-03 1.60176E-04 7.65633E-01 
1.60176E-04 5.91556E-03 1.75408E-02 3.91568E-02 6.13012E-02 3.86306E-01 6.97147E-01 1.80793E-02 5.91556E-03 1.60176E-04 7.55333E-01 
1.60176E-04 6.12901E-03 1.76389E-02 3.91195E-02 6.10981E-02 3.84704E-01 6.95217E-01 1.81797E-02 6.12901E-03 1.60176E-04 7.52025E-01 
1.60176E-04 7.09336E-03 1.80636E-02 3.88979E-02 6.00898E-02 3.76951E-01 6.85730E-01 1.86145E-02 7.09336E-03 1.60176E-04 7.34528E-01 
1.60176E-04 7.96934E-03 1.84177E-02 3.86035E-02 5.90160E-02 3.69010E-01 6.75773E-01 1.89760E-02 7.96934E-03 1.60176E-04 7.14387E-01 
1.60176E-04 8.75638E-03 1.87009E-02 3.82375E-02 5.78793E-02 3.60895E-01 6.65362E-01 1.92642E-02 8.75638E-03 1.60176E-04 6.91922E-01 
1.60176E-04 9.45460E-03 1.89137E-02 3.78015E-02 5.66826E-02 3.52620E-01 6.54513E-01 1.94795E-02 9.45460E-03 1.60176E-04 6.67467E-01 
8.64752E-04 1.00699E-02 1.90669E-02 3.73144E-02 5.54538E-02 3.44300E-01 6.43370E-01 1.96327E-02 1.00699E-02 8.64752E-04 6.39134E-01 
1.81998E-03 1.05982E-02 1.91495E-02 3.67565E-02 5.41631E-02 3.35812E-01 6.31775E-01 1.97128E-02 1.05982E-02 1.81998E-03 6.09213E-01 
2.67985E-03 1.10398E-02 1.91607E-02 3.61269E-02 5.28092E-02 3.27150E-01 6.19720E-01 1.97190E-02 1.10398E-02 2.67985E-03 5.78503E-01 
3.44552E-03 1.13964E-02 1.91029E-02 3.54294E-02 5.13974E-02 3.18336E-01 6.07228E-01 1.96539E-02 1.13964E-02 3.44552E-03 5.47327E-01 
4.11898E-03 1.16708E-02 1.89791E-02 3.46686E-02 4.99338E-02 3.09391E-01 5.94328E-01 1.95203E-02 1.16708E-02 4.11898E-03 5.15993E-01 
4.70305E-03 1.18665E-02 1.87928E-02 3.38495E-02 4.84250E-02 3.00340E-01 5.81050E-01 1.93221E-02 1.18665E-02 4.70305E-03 4.84792E-01 
5.20123E-03 1.19875E-02 1.85483E-02 3.29778E-02 4.68776E-02 2.91204E-01 5.67429E-01 1.90633E-02 1.19875E-02 5.20123E-03 4.53993E-01 
5.61762E-03 1.20384E-02 1.82499E-02 3.20593E-02 4.52988E-02 2.82009E-01 5.53498E-01 1.87488E-02 1.20384E-02 5.61762E-03 4.23837E-01 
5.95684E-03 1.20242E-02 1.79025E-02 3.11001E-02 4.36958E-02 2.72779E-01 5.39294E-01 1.83833E-02 1.20242E-02 5.95684E-03 3.94532E-01 
6.22389E-03 1.19502E-02 1.75112E-02 3.01067E-02 4.20757E-02 2.63537E-01 5.24856E-01 1.79722E-02 1.19502E-02 6.22389E-03 3.66257E-01 
6.42404E-03 1.18220E-02 1.70812E-02 2.90854E-02 4.04457E-02 2.54306E-01 5.10223E-01 1.75207E-02 1.18220E-02 6.42404E-03 3.39154E-01 
6.56276E-03 1.16450E-02 1.66176E-02 2.80424E-02 3.88128E-02 2.45111E-01 4.95433E-01 1.70344E-02 1.16450E-02 6.56276E-03 3.13335E-01 
6.64560E-03 1.14251E-02 1.61257E-02 2.69840E-02 3.71836E-02 2.35972E-01 4.80527E-01 1.65185E-02 1.14251E-02 6.64560E-03 2.88880E-01 
1.32857E-04 2.86941E-03 1.00640E-02 3.43950E-02 5.90784E-02 4.18480E-01 7.52831E-01 1.07104E-02 2.86941E-03 1.32857E-04 7.55345E-01 
1.32857E-04 2.86941E-03 1.07897E-02 3.45181E-02 5.84515E-02 4.11740E-01 7.45099E-01 1.14545E-02 2.86941E-03 1.32857E-04 7.57885E-01 
1.32857E-04 4.86098E-04 1.14725E-02 3.46003E-02 5.77956E-02 4.04917E-01 7.37062E-01 1.21531E-02 4.86098E-04 1.32857E-04 7.55794E-01 
1.32857E-04 1.56819E-03 1.21135E-02 3.46424E-02 5.71110E-02 3.98004E-01 7.28712E-01 1.28073E-02 1.56819E-03 1.32857E-04 7.49033E-01 
1.32857E-04 2.58598E-03 1.27005E-02 3.46251E-02 5.63695E-02 3.90904E-01 7.19941E-01 1.34051E-02 2.58598E-03 1.32857E-04 7.39343E-01 
1.32857E-04 3.53732E-03 1.32320E-02 3.45481E-02 5.55720E-02 3.83625E-01 7.10755E-01 1.39451E-02 3.53732E-03 1.32857E-04 7.26889E-01 
1.32857E-04 4.42060E-03 1.37070E-02 3.44112E-02 5.47197E-02 3.76178E-01 7.01162E-01 1.44260E-02 4.42060E-03 1.32857E-04 7.11866E-01 
1.32857E-04 5.05656E-03 1.40352E-02 3.42645E-02 5.40236E-02 3.70308E-01 6.93465E-01 1.47571E-02 5.05656E-03 1.32857E-04 6.98618E-01 
1.32857E-04 5.23462E-03 1.41246E-02 3.42149E-02 5.38142E-02 3.68575E-01 6.91171E-01 1.48471E-02 5.23462E-03 1.32857E-04 6.94495E-01 
1.32857E-04 6.03396E-03 1.45103E-02 3.39374E-02 5.27804E-02 3.60214E-01 6.79966E-01 1.52337E-02 6.03396E-03 1.32857E-04 6.73415E-01 
1.32857E-04 6.75176E-03 1.48291E-02 3.35932E-02 5.16899E-02 3.51701E-01 6.68331E-01 1.55504E-02 6.75176E-03 1.32857E-04 6.50216E-01 
1.32857E-04 7.38844E-03 1.50815E-02 3.31840E-02 5.05458E-02 3.43051E-01 6.56283E-01 1.57978E-02 7.38844E-03 1.32857E-04 6.25237E-01 
1.32857E-04 7.94502E-03 1.52688E-02 3.27125E-02 4.93519E-02 3.34283E-01 6.43846E-01 1.59773E-02 7.94502E-03 1.32857E-04 5.98825E-01 
7.15353E-04 8.42754E-03 1.54006E-02 3.21964E-02 4.81343E-02 3.25513E-01 6.31183E-01 1.60986E-02 8.42754E-03 7.15353E-04 5.69415E-01 
1.49960E-03 8.83331E-03 1.54687E-02 3.16190E-02 4.68668E-02 3.16618E-01 6.18121E-01 1.61536E-02 8.83331E-03 1.49960E-03 5.38994E-01 
2.19932E-03 9.16322E-03 1.54733E-02 3.09802E-02 4.55486E-02 3.07592E-01 6.04652E-01 1.61425E-02 9.16322E-03 2.19932E-03 5.08281E-01 
2.81634E-03 9.41980E-03 1.54172E-02 3.02844E-02 4.41857E-02 2.98459E-01 5.90806E-01 1.60682E-02 9.41980E-03 2.81634E-03 4.77572E-01 
3.35325E-03 9.60624E-03 1.53037E-02 2.95366E-02 4.27842E-02 2.89242E-01 5.76616E-01 1.59340E-02 9.60624E-03 3.35325E-03 4.47146E-01 
3.81324E-03 9.72625E-03 1.51364E-02 2.87419E-02 4.13506E-02 2.79965E-01 5.62119E-01 1.57439E-02 9.72625E-03 3.81324E-03 4.17256E-01 
4.20005E-03 9.78403E-03 1.49195E-02 2.79059E-02 3.98915E-02 2.70653E-01 5.47351E-01 1.55022E-02 9.78403E-03 4.20005E-03 3.88126E-01 
4.51788E-03 9.78413E-03 1.46574E-02 2.70344E-02 3.84136E-02 2.61331E-01 5.32351E-01 1.52134E-02 9.78413E-03 4.51788E-03 3.59950E-01 
4.77127E-03 9.73137E-03 1.43547E-02 2.61334E-02 3.69237E-02 2.52021E-01 5.17160E-01 1.48824E-02 9.73137E-03 4.77127E-03 3.32887E-01 
4.96501E-03 9.63075E-03 1.40162E-02 2.52087E-02 3.54283E-02 2.42747E-01 5.01816E-01 1.45141E-02 9.63075E-03 4.96501E-03 3.07064E-01 
5.10404E-03 9.48734E-03 1.36465E-02 2.42662E-02 3.39339E-02 2.33532E-01 4.86362E-01 1.41135E-02 9.48734E-03 5.10404E-03 2.82577E-01 
5.19338E-03 9.30621E-03 1.32504E-02 2.33116E-02 3.24465E-02 2.24398E-01 4.70837E-01 1.36856E-02 9.30621E-03 5.19338E-03 2.59488E-01 
5.23802E-03 9.09237E-03 1.28324E-02 2.23504E-02 3.09721E-02 2.15366E-01 4.55281E-01 1.32351E-02 9.09237E-03 5.23802E-03 2.37835E-01 
1.09407E-04 2.45187E-03 7.58328E-03 3.06276E-02 5.27212E-02 4.04914E-01 7.55833E-01 8.50377E-03 2.45187E-03 1.09407E-04 7.34101E-01 
1.09407E-04 2.45187E-03 8.26357E-03 3.06783E-02 5.20510E-02 3.97542E-01 7.46416E-01 9.19237E-03 2.45187E-03 1.09407E-04 7.30592E-01 
1.09407E-04 4.18701E-04 8.89953E-03 3.06889E-02 5.13545E-02 3.90112E-01 7.36730E-01 9.83362E-03 4.18701E-04 1.09407E-04 7.22908E-01 
1.09407E-04 1.34607E-03 9.49275E-03 3.06604E-02 5.06321E-02 3.82621E-01 7.26765E-01 1.04292E-02 1.34607E-03 1.09407E-04 7.11077E-01 
1.09407E-04 2.21195E-03 1.00330E-02 3.05754E-02 4.98577E-02 3.74964E-01 7.16396E-01 1.09690E-02 2.21195E-03 1.09407E-04 6.96677E-01 
1.09407E-04 3.01501E-03 1.05195E-02 3.04341E-02 4.90328E-02 3.67154E-01 7.05635E-01 1.14521E-02 3.01501E-03 1.09407E-04 6.79916E-01 
1.09407E-04 3.75444E-03 1.09517E-02 3.02374E-02 4.81594E-02 3.59202E-01 6.94493E-01 1.18781E-02 3.75444E-03 1.09407E-04 6.61023E-01 
1.09407E-04 4.28264E-03 1.12487E-02 3.00477E-02 4.74517E-02 3.52961E-01 6.85621E-01 1.21684E-02 4.28264E-03 1.09407E-04 6.45100E-01 
1.09407E-04 4.42984E-03 1.13294E-02 2.99862E-02 4.72396E-02 3.51122E-01 6.82986E-01 1.22468E-02 4.42984E-03 1.09407E-04 6.40248E-01 
1.09407E-04 5.08637E-03 1.16758E-02 2.96559E-02 4.61988E-02 3.42283E-01 6.70188E-01 1.25805E-02 5.08637E-03 1.09407E-04 6.16043E-01 
1.09407E-04 5.66908E-03 1.19600E-02 2.92660E-02 4.51104E-02 3.33328E-01 6.57006E-01 1.28488E-02 5.66908E-03 1.09407E-04 5.90296E-01 
1.09407E-04 6.17911E-03 1.21831E-02 2.88193E-02 4.39782E-02 3.24277E-01 6.43466E-01 1.30529E-02 6.17911E-03 1.09407E-04 5.63349E-01 
1.09407E-04 6.61813E-03 1.23467E-02 2.83188E-02 4.28063E-02 3.15148E-01 6.29595E-01 1.31948E-02 6.61813E-03 1.09407E-04 5.35539E-01 
5.87549E-04 6.99212E-03 1.24595E-02 2.77813E-02 4.16192E-02 3.06063E-01 6.15572E-01 1.32834E-02 6.99212E-03 5.87549E-04 5.05569E-01 
1.22692E-03 7.29938E-03 1.25156E-02 2.71922E-02 4.03934E-02 2.96894E-01 6.01211E-01 1.33126E-02 7.29938E-03 1.22692E-03 4.75146E-01 
1.79237E-03 7.54139E-03 1.25158E-02 2.65522E-02 3.91289E-02 2.87638E-01 5.86505E-01 1.32836E-02 7.54139E-03 1.79237E-03 4.44895E-01 
2.28621E-03 7.72102E-03 1.24631E-02 2.58660E-02 3.78317E-02 2.78319E-01 5.71488E-01 1.31993E-02 7.72102E-03 2.28621E-03 4.15080E-01 
2.71132E-03 7.84163E-03 1.23609E-02 2.51385E-02 3.65078E-02 2.68962E-01 5.56200E-01 1.30634E-02 7.84163E-03 2.71132E-03 3.85937E-01 
3.07105E-03 7.90702E-03 1.22128E-02 2.43749E-02 3.51634E-02 2.59591E-01 5.40679E-01 1.28798E-02 7.90702E-03 3.07105E-03 3.57672E-01 
3.36918E-03 7.92128E-03 1.20229E-02 2.35806E-02 3.38049E-02 2.50230E-01 5.24966E-01 1.26527E-02 7.92128E-03 3.36918E-03 3.30462E-01 
3.60980E-03 7.88875E-03 1.17952E-02 2.27610E-02 3.24383E-02 2.40904E-01 5.09102E-01 1.23866E-02 7.88875E-03 3.60980E-03 3.04448E-01 
3.79720E-03 7.81393E-03 1.15342E-02 2.19217E-02 3.10698E-02 2.31636E-01 4.93129E-01 1.20861E-02 7.81393E-03 3.79720E-03 2.79740E-01 
3.93585E-03 7.70139E-03 1.12440E-02 2.10680E-02 2.97052E-02 2.22447E-01 4.77089E-01 1.17557E-02 7.70139E-03 3.93585E-03 2.56417E-01 
4.03024E-03 7.55566E-03 1.09289E-02 2.02052E-02 2.83501E-02 2.13360E-01 4.61023E-01 1.13998E-02 7.55566E-03 4.03024E-03 2.34527E-01 
4.08485E-03 7.38121E-03 1.05932E-02 1.93382E-02 2.70098E-02 2.04394E-01 4.44971E-01 1.10231E-02 7.38121E-03 4.08485E-03 2.14092E-01 
4.10409E-03 7.18239E-03 1.02407E-02 1.84717E-02 2.56892E-02 1.95569E-01 4.28973E-01 1.06296E-02 7.18239E-03 4.10409E-03 1.95108E-01 
8.90034E-05 2.06506E-03 5.70751E-03 2.73303E-02 4.68172E-02 3.89225E-01 7.54040E-01 6.93575E-03 2.06506E-03 8.90034E-05 7.11525E-01 
8.90034E-05 2.06506E-03 6.33167E-03 2.73011E-02 4.61110E-02 3.81312E-01 7.42989E-01 7.55203E-03 2.06506E-03 8.90034E-05 7.01941E-01 
8.90034E-05 3.55385E-04 6.91200E-03 2.72349E-02 4.53825E-02 3.73372E-01 7.31711E-01 8.12133E-03 3.55385E-04 8.90034E-05 6.88761E-01 
8.90034E-05 1.13870E-03 7.45034E-03 2.71329E-02 4.46325E-02 3.65400E-01 7.20199E-01 8.64562E-03 1.13870E-03 8.90034E-05 6.72062E-01 
8.90034E-05 1.86484E-03 7.93819E-03 2.69792E-02 4.38367E-02 3.57288E-01 7.08311E-01 9.11637E-03 1.86484E-03 8.90034E-05 6.53256E-01 
8.90034E-05 2.53318E-03 8.37517E-03 2.67746E-02 4.29973E-02 3.49051E-01 6.96062E-01 9.53324E-03 2.53318E-03 8.90034E-05 6.32578E-01 
8.90034E-05 3.14353E-03 8.76127E-03 2.65204E-02 4.21166E-02 3.40702E-01 6.83470E-01 9.89631E-03 3.14353E-03 8.90034E-05 6.10279E-01 
8.90034E-05 3.57609E-03 9.02527E-03 2.62906E-02 4.14085E-02 3.34175E-01 6.73503E-01 1.01406E-02 3.57609E-03 8.90034E-05 5.92079E-01 
8.90034E-05 3.69606E-03 9.09678E-03 2.62181E-02 4.11972E-02 3.32257E-01 6.70554E-01 1.02060E-02 3.69606E-03 8.90034E-05 5.86622E-01 
8.90034E-05 4.22770E-03 9.40260E-03 2.58406E-02 4.01658E-02 3.23060E-01 6.56287E-01 1.04809E-02 4.22770E-03 8.90034E-05 5.59898E-01 
8.90034E-05 4.69393E-03 9.65155E-03 2.54121E-02 3.90964E-02 3.13787E-01 6.41696E-01 1.06960E-02 4.69393E-03 8.90034E-05 5.32238E-01 
8.90034E-05 5.09642E-03 9.84524E-03 2.49356E-02 3.79932E-02 3.04460E-01 6.26808E-01 1.08531E-02 5.09642E-03 8.90034E-05 5.03968E-01 
8.90034E-05 5.43721E-03 9.98565E-03 2.44146E-02 3.68604E-02 2.95097E-01 6.11655E-01 1.09545E-02 5.43721E-03 8.90034E-05 4.75400E-01 
4.76741E-04 5.72201E-03 1.00803E-02 2.38647E-02 3.57206E-02 2.85821E-01 5.96434E-01 1.10083E-02 5.72201E-03 4.76741E-04 4.45459E-01 
9.91722E-04 5.94990E-03 1.01252E-02 2.32732E-02 3.45527E-02 2.76503E-01 5.80941E-01 1.10101E-02 5.94990E-03 9.91722E-04 4.15580E-01 
1.44320E-03 6.12272E-03 1.01217E-02 2.26414E-02 3.33574E-02 2.67142E-01 5.65173E-01 1.09615E-02 6.12272E-03 1.44320E-03 3.86296E-01 
1.83371E-03 6.24346E-03 1.00726E-02 2.19737E-02 3.21404E-02 2.57761E-01 5.49168E-01 1.08657E-02 6.24346E-03 1.83371E-03 3.57824E-01 
2.16621E-03 6.31547E-03 9.98138E-03 2.12750E-02 3.09074E-02 2.48386E-01 5.32968E-01 1.07263E-02 6.31547E-03 2.16621E-03 3.30351E-01 
2.44406E-03 6.34240E-03 9.85149E-03 2.05502E-02 2.96641E-02 2.39041E-01 5.16616E-01 1.05471E-02 6.34240E-03 2.44406E-03 3.04034E-01 
2.67087E-03 6.32810E-03 9.68667E-03 1.98045E-02 2.84163E-02 2.29750E-01 5.00154E-01 1.03322E-02 6.32810E-03 2.67087E-03 2.78997E-01 
2.85047E-03 6.27658E-03 9.49074E-03 1.90426E-02 2.71695E-02 2.20535E-01 4.83625E-01 1.00857E-02 6.27658E-03 2.85047E-03 2.55330E-01 
2.98682E-03 6.19188E-03 9.26756E-03 1.82697E-02 2.59290E-02 2.11419E-01 4.67072E-01 9.81180E-03 6.19188E-03 2.98682E-03 2.33095E-01 
3.08392E-03 6.07804E-03 9.02094E-03 1.74903E-02 2.46999E-02 2.02422E-01 4.50536E-01 9.51462E-03 6.07804E-03 3.08392E-03 2.12323E-01 
3.14576E-03 5.93902E-03 8.75463E-03 1.67090E-02 2.34870E-02 1.93564E-01 4.34059E-01 9.19820E-03 5.93902E-03 3.14576E-03 1.93023E-01 
3.17626E-03 5.77866E-03 8.47222E-03 1.59301E-02 2.22945E-02 1.84864E-01 4.17681E-01 8.86641E-03 5.77866E-03 3.17626E-03 1.75177E-01 
3.17919E-03 5.60062E-03 8.17713E-03 1.51575E-02 2.11264E-02 1.76337E-01 4.01439E-01 8.52295E-03 5.60062E-03 3.17919E-03 1.58752E-01 
7.16555E-05 1.71560E-03 4.36731E-03 2.44150E-02 4.14058E-02 3.71847E-01 7.47371E-01 5.90194E-03 1.71560E-03 7.16555E-05 6.85148E-01 
7.16555E-05 1.71560E-03 4.92727E-03 2.43061E-02 4.06726E-02 3.63501E-01 7.34793E-01 6.43227E-03 1.71560E-03 7.16555E-05 6.69919E-01 
7.16555E-05 2.97386E-04 5.44552E-03 2.41650E-02 3.99225E-02 3.55159E-01 7.22041E-01 6.91804E-03 2.97386E-04 7.16555E-05 6.51760E-01 
7.16555E-05 9.49890E-04 5.92401E-03 2.39933E-02 3.91564E-02 3.46817E-01 7.09106E-01 7.36137E-03 9.49890E-04 7.16555E-05 6.30778E-01 
7.16555E-05 1.55071E-03 6.35562E-03 2.37760E-02 3.83517E-02 3.38364E-01 6.95832E-01 7.75486E-03 1.55071E-03 7.16555E-05 6.08211E-01 
7.16555E-05 2.09969E-03 6.74032E-03 2.35145E-02 3.75109E-02 3.29815E-01 6.82237E-01 8.09867E-03 2.09969E-03 7.16555E-05 5.84310E-01 
7.16555E-05 2.59712E-03 7.07846E-03 2.32104E-02 3.66367E-02 3.21185E-01 6.68344E-01 8.39327E-03 2.59712E-03 7.16555E-05 5.59330E-01 
7.16555E-05 2.94696E-03 7.30850E-03 2.29471E-02 3.59390E-02 3.14464E-01 6.57404E-01 8.58794E-03 2.94696E-03 7.16555E-05 5.39425E-01 
7.16555E-05 3.04353E-03 7.37062E-03 2.28656E-02 3.57317E-02 3.12492E-01 6.54175E-01 8.63946E-03 3.04353E-03 7.16555E-05 5.33530E-01 
7.16555E-05 3.46877E-03 7.63516E-03 2.24508E-02 3.47251E-02 3.03066E-01 6.38617E-01 8.85192E-03 3.46877E-03 7.16555E-05 5.05086E-01 
7.16555E-05 3.83726E-03 7.84876E-03 2.19941E-02 3.36901E-02 2.93604E-01 6.22799E-01 9.01113E-03 3.83726E-03 7.16555E-05 4.76295E-01 
7.16555E-05 4.15093E-03 8.01324E-03 2.14988E-02 3.26308E-02 2.84128E-01 6.06754E-01 9.11920E-03 4.15093E-03 7.16555E-05 4.47452E-01 
7.16555E-05 4.41201E-03 8.13073E-03 2.09684E-02 3.15516E-02 2.74657E-01 5.90516E-01 9.17858E-03 4.41201E-03 7.16555E-05 4.18827E-01 
3.82865E-04 4.62574E-03 8.20775E-03 2.04171E-02 3.04728E-02 2.65314E-01 5.74294E-01 9.19673E-03 4.62574E-03 3.82865E-04 3.89529E-01 
7.93513E-04 4.79181E-03 8.24167E-03 1.98339E-02 2.93757E-02 2.55971E-01 5.57874E-01 9.17048E-03 4.79181E-03 7.93513E-04 3.60740E-01 
1.15048E-03 4.91218E-03 8.23405E-03 1.92202E-02 2.82612E-02 2.46625E-01 5.41252E-01 9.10159E-03 4.91218E-03 1.15048E-03 3.32897E-01 
1.45633E-03 4.98980E-03 8.18777E-03 1.85802E-02 2.71346E-02 2.37301E-01 5.24471E-01 8.99328E-03 4.98980E-03 1.45633E-03 3.06168E-01 
1.71397E-03 5.02783E-03 8.10593E-03 1.79187E-02 2.60012E-02 2.28023E-01 5.07574E-01 8.84901E-03 5.02783E-03 1.71397E-03 2.80688E-01 
1.92656E-03 5.02966E-03 7.99180E-03 1.72399E-02 2.48660E-02 2.18815E-01 4.90605E-01 8.67243E-03 5.02966E-03 1.92656E-03 2.56563E-01 
2.09745E-03 4.99878E-03 7.84878E-03 1.65486E-02 2.37342E-02 2.09699E-01 4.73610E-01 8.46726E-03 4.99878E-03 2.09745E-03 2.33865E-01 
2.23013E-03 4.93876E-03 7.68028E-03 1.58490E-02 2.26105E-02 2.00698E-01 4.56630E-01 8.23728E-03 4.93876E-03 2.23013E-03 2.12640E-01 
2.32810E-03 4.85314E-03 7.48970E-03 1.51455E-02 2.14995E-02 1.91832E-01 4.39710E-01 7.98622E-03 4.85314E-03 2.32810E-03 1.92902E-01 
2.39489E-03 4.74541E-03 7.28039E-03 1.44420E-02 2.04055E-02 1.83119E-01 4.22889E-01 7.71772E-03 4.74541E-03 2.39489E-03 1.74647E-01 
2.43393E-03 4.61892E-03 7.05557E-03 1.37423E-02 1.93322E-02 1.74577E-01 4.06209E-01 7.43531E-03 4.61892E-03 2.43393E-03 1.57845E-01 
2.44857E-03 4.47690E-03 6.81830E-03 1.30501E-02 1.82831E-02 1.66222E-01 3.89707E-01 7.14231E-03 4.47690E-03 2.44857E-03 1.42451E-01 
2.44200E-03 4.32237E-03 6.57146E-03 1.23683E-02 1.72614E-02 1.58069E-01 3.73419E-01 6.84183E-03 4.32237E-03 2.44200E-03 1.28407E-01 
5.70027E-05 1.40319E-03 3.45857E-03 2.17635E-02 3.64198E-02 3.52980E-01 7.35895E-01 5.25941E-03 1.40319E-03 5.70027E-05 6.53194E-01 
5.70027E-05 1.40319E-03 3.94880E-03 2.15809E-02 3.56707E-02 3.44310E-01 7.21926E-01 5.69409E-03 1.40319E-03 5.70027E-05 6.33056E-01 
5.70027E-05 2.44851E-04 4.40072E-03 2.13725E-02 3.49109E-02 3.35678E-01 7.07841E-01 6.08843E-03 2.44851E-04 5.70027E-05 6.10702E-01 
5.70027E-05 7.79853E-04 4.81622E-03 2.11395E-02 3.41411E-02 3.27078E-01 6.93632E-01 6.44446E-03 7.79853E-04 5.70027E-05 5.86249E-01 
5.70027E-05 1.26941E-03 5.18929E-03 2.08682E-02 3.33405E-02 3.18396E-01 6.79126E-01 6.75567E-03 1.26941E-03 5.70027E-05 5.60763E-01 
5.70027E-05 1.71371E-03 5.52017E-03 2.05601E-02 3.25118E-02 3.09650E-01 6.64348E-01 7.02252E-03 1.71371E-03 5.70027E-05 5.34490E-01 
5.70027E-05 2.11328E-03 5.80937E-03 2.02170E-02 3.16575E-02 3.00855E-01 6.49322E-01 7.24579E-03 2.11328E-03 5.70027E-05 5.07678E-01 
5.70027E-05 2.39225E-03 6.00503E-03 1.99289E-02 3.09807E-02 2.94028E-01 6.37543E-01 7.38928E-03 2.39225E-03 5.70027E-05 4.86715E-01 
5.70027E-05 2.46892E-03 6.05767E-03 1.98411E-02 3.07805E-02 2.92029E-01 6.34076E-01 7.42650E-03 2.46892E-03 5.70027E-05 4.80567E-01 
5.70027E-05 2.80438E-03 6.28075E-03 1.94014E-02 2.98129E-02 2.82497E-01 6.17420E-01 7.57518E-03 2.80438E-03 5.70027E-05 4.51267E-01 
5.70027E-05 3.09167E-03 6.45903E-03 1.89292E-02 2.88261E-02 2.72969E-01 6.00575E-01 7.67786E-03 3.09167E-03 5.70027E-05 4.22162E-01 
5.70027E-05 3.33277E-03 6.59441E-03 1.84274E-02 2.78241E-02 2.63465E-01 5.83576E-01 7.73679E-03 3.33277E-03 5.70027E-05 3.93501E-01 
5.70027E-05 3.52993E-03 6.68902E-03 1.78995E-02 2.68108E-02 2.54006E-01 5.66461E-01 7.75449E-03 3.52993E-03 5.70027E-05 3.65507E-01 
3.03851E-04 3.68779E-03 6.74840E-03 1.73585E-02 2.58044E-02 2.44713E-01 5.49447E-01 7.73766E-03 3.68779E-03 3.03851E-04 3.37433E-01 
6.27541E-04 3.80646E-03 6.77098E-03 1.67945E-02 2.47885E-02 2.35457E-01 5.32310E-01 7.68397E-03 3.80646E-03 6.27541E-04 3.10233E-01 
9.06623E-04 3.88791E-03 6.75840E-03 1.62088E-02 2.37638E-02 2.26237E-01 5.15048E-01 7.59526E-03 3.88791E-03 9.06623E-04 2.84249E-01 
1.14356E-03 3.93486E-03 6.71333E-03 1.56056E-02 2.27351E-02 2.17077E-01 4.97704E-01 7.47460E-03 3.93486E-03 1.14356E-03 2.59598E-01 
1.34105E-03 3.95021E-03 6.63863E-03 1.49889E-02 2.17070E-02 2.08000E-01 4.80325E-01 7.32521E-03 3.95021E-03 1.34105E-03 2.36365E-01 
1.50199E-03 3.93699E-03 6.53722E-03 1.43626E-02 2.06842E-02 1.99028E-01 4.62955E-01 7.15044E-03 3.93699E-03 1.50199E-03 2.14607E-01 
1.62937E-03 3.89825E-03 6.41212E-03 1.37308E-02 1.96708E-02 1.90184E-01 4.45639E-01 6.95362E-03 3.89825E-03 1.62937E-03 1.94352E-01 
1.72625E-03 3.83709E-03 6.26632E-03 1.30971E-02 1.86709E-02 1.81487E-01 4.28419E-01 6.73811E-03 3.83709E-03 1.72625E-03 1.75602E-01 
1.79568E-03 3.75653E-03 6.10278E-03 1.24652E-02 1.76883E-02 1.72955E-01 4.11339E-01 6.50716E-03 3.75653E-03 1.79568E-03 1.58336E-01 
1.84067E-03 3.65948E-03 5.92437E-03 1.18383E-02 1.67263E-02 1.64605E-01 3.94436E-01 6.26391E-03 3.65948E-03 1.84067E-03 1.42517E-01 
1.86413E-03 3.54875E-03 5.73381E-03 1.12196E-02 1.57881E-02 1.56452E-01 3.77750E-01 6.01134E-03 3.54875E-03 1.86413E-03 1.28088E-01 
1.86884E-03 3.42697E-03 5.53370E-03 1.06118E-02 1.48762E-02 1.48510E-01 3.61316E-01 5.75224E-03 3.42697E-03 1.86884E-03 1.14982E-01 
1.85743E-03 3.29657E-03 5.32642E-03 1.00173E-02 1.39929E-02 1.40791E-01 3.45167E-01 5.48918E-03 3.29657E-03 1.85743E-03 1.03123E-01 
4.47842E-05 1.12877E-03 2.89400E-03 1.93071E-02 3.18277E-02 3.32908E-01 7.19812E-01 4.87744E-03 1.12877E-03 4.47842E-05 6.15046E-01 
4.47842E-05 1.12877E-03 3.31192E-03 1.90621E-02 3.10756E-02 3.24029E-01 7.04617E-01 5.21231E-03 1.12877E-03 4.47842E-05 5.90985E-01 
4.47842E-05 1.98139E-04 3.69581E-03 1.87982E-02 3.03193E-02 3.15219E-01 6.89367E-01 5.51239E-03 1.98139E-04 4.47842E-05 5.65426E-01 
4.47842E-05 6.29470E-04 4.04733E-03 1.85164E-02 2.95591E-02 3.06473E-01 6.74056E-01 5.77950E-03 6.29470E-04 4.47842E-05 5.38483E-01 
4.47842E-05 1.02195E-03 4.36141E-03 1.82038E-02 2.87759E-02 2.97675E-01 6.58497E-01 6.00774E-03 1.02195E-03 4.47842E-05 5.11046E-01 
4.47842E-05 1.37594E-03 4.63839E-03 1.78622E-02 2.79723E-02 2.88844E-01 6.42719E-01 6.19776E-03 1.37594E-03 4.47842E-05 4.83348E-01 
4.47842E-05 1.69209E-03 4.87888E-03 1.74933E-02 2.71510E-02 2.79996E-01 6.26749E-01 6.35052E-03 1.69209E-03 4.47842E-05 4.55614E-01 
4.47842E-05 1.91130E-03 5.04044E-03 1.71905E-02 2.65049E-02 2.73149E-01 6.14279E-01 6.44387E-03 1.91130E-03 4.47842E-05 4.34264E-01 
4.47842E-05 1.97129E-03 5.08371E-03 1.70992E-02 2.63145E-02 2.71149E-01 6.10616E-01 6.46716E-03 1.97129E-03 4.47842E-05 4.28055E-01 
4.47842E-05 2.23219E-03 5.26581E-03 1.66486E-02 2.53988E-02 2.61629E-01 5.93074E-01 6.55406E-03 2.23219E-03 4.47842E-05 3.98766E-01 
4.47842E-05 2.45308E-03 5.40924E-03 1.61741E-02 2.44724E-02 2.52151E-01 5.75416E-01 6.60258E-03 2.45308E-03 4.47842E-05 3.70138E-01 
4.47842E-05 2.63585E-03 5.51581E-03 1.56787E-02 2.35386E-02 2.42734E-01 5.57680E-01 6.61496E-03 2.63585E-03 4.47842E-05 3.42367E-01 
4.47842E-05 2.78262E-03 5.58756E-03 1.51654E-02 2.26012E-02 2.33399E-01 5.39906E-01 6.59362E-03 2.78262E-03 4.47842E-05 3.15625E-01 
2.38188E-04 2.89740E-03 5.62915E-03 1.46457E-02 2.16761E-02 2.24261E-01 5.22316E-01 6.54458E-03 2.89740E-03 2.38188E-04 2.89282E-01 
4.90299E-04 2.98054E-03 5.63973E-03 1.41110E-02 2.07487E-02 2.15196E-01 5.04679E-01 6.46598E-03 2.98054E-03 4.90299E-04 2.64083E-01 
7.05981E-04 3.03391E-03 5.62092E-03 1.35624E-02 1.98197E-02 2.06202E-01 4.86993E-01 6.35961E-03 3.03391E-03 7.05981E-04 2.40284E-01 
8.87486E-04 3.05993E-03 5.57514E-03 1.30036E-02 1.88932E-02 1.97302E-01 4.69304E-01 6.22830E-03 3.05993E-03 8.87486E-04 2.17954E-01 
1.03724E-03 3.06117E-03 5.50490E-03 1.24381E-02 1.79734E-02 1.88517E-01 4.51657E-01 6.07495E-03 3.06117E-03 1.03724E-03 1.97133E-01 
1.15779E-03 3.04022E-03 5.41280E-03 1.18693E-02 1.70640E-02 1.79869E-01 4.34097E-01 5.90251E-03 3.04022E-03 1.15779E-03 1.77832E-01 
1.25173E-03 2.99971E-03 5.30146E-03 1.13005E-02 1.61685E-02 1.71378E-01 4.16669E-01 5.71393E-03 2.99971E-03 1.25173E-03 1.60043E-01 
1.32169E-03 2.94223E-03 5.17346E-03 1.07349E-02 1.52902E-02 1.63060E-01 3.99413E-01 5.51206E-03 2.94223E-03 1.32169E-03 1.43732E-01 
1.37023E-03 2.87030E-03 5.03132E-03 1.01752E-02 1.44321E-02 1.54933E-01 3.82371E-01 5.29967E-03 2.87030E-03 1.37023E-03 1.28851E-01 
1.39988E-03 2.78630E-03 4.87746E-03 9.62425E-03 1.35968E-02 1.47010E-01 3.65578E-01 5.07940E-03 2.78630E-03 1.39988E-03 1.15336E-01 
1.41304E-03 2.69251E-03 4.71419E-03 9.08433E-03 1.27866E-02 1.39305E-01 3.49072E-01 4.85371E-03 2.69251E-03 1.41304E-03 1.03113E-01 
1.41197E-03 2.59104E-03 4.54364E-03 8.55757E-03 1.20034E-02 1.31830E-01 3.32884E-01 4.62485E-03 2.59104E-03 1.41197E-03 9.21019E-02 
1.39882E-03 2.48381E-03 4.36781E-03 8.04577E-03 1.12490E-02 1.24592E-01 3.17043E-01 4.39489E-03 2.48381E-03 1.39882E-03 8.22152E-02 
3.47058E-05 8.91595E-04 2.59467E-03 1.69991E-02 2.75939E-02 3.11860E-01 6.99360E-01 4.63802E-03 8.91595E-04 3.47058E-05 5.70860E-01 
3.47058E-05 8.91595E-04 2.94022E-03 1.67064E-02 2.68528E-02 3.02885E-01 6.83122E-01 4.87460E-03 8.91595E-04 3.47058E-05 5.44005E-01 
3.47058E-05 1.57312E-04 3.25646E-03 1.64016E-02 2.61136E-02 2.94008E-01 6.66895E-01 5.08278E-03 1.57312E-04 3.47058E-05 5.16337E-01 
3.47058E-05 4.98675E-04 3.54478E-03 1.60855E-02 2.53764E-02 2.85225E-01 6.50670E-01 5.26410E-03 4.98675E-04 3.47058E-05 4.87952E-01 
3.47058E-05 8.07761E-04 3.80082E-03 1.57462E-02 2.46237E-02 2.76420E-01 6.34250E-01 5.41306E-03 8.07761E-04 3.47058E-05 4.59572E-01 
3.47058E-05 1.08500E-03 4.02498E-03 1.53852E-02 2.38579E-02 2.67613E-01 6.17668E-01 5.53042E-03 1.08500E-03 3.47058E-05 4.31405E-01 
3.47058E-05 1.33105E-03 4.21786E-03 1.50043E-02 2.30814E-02 2.58818E-01 6.00952E-01 5.61717E-03 1.33105E-03 3.47058E-05 4.03643E-01 
3.47058E-05 1.50057E-03 4.34613E-03 1.46973E-02 2.24748E-02 2.52034E-01 5.87947E-01 5.66402E-03 1.50057E-03 3.47058E-05 3.82552E-01 
3.47058E-05 1.54677E-03 4.38026E-03 1.46056E-02 2.22966E-02 2.50055E-01 5.84136E-01 5.67448E-03 1.54677E-03 3.47058E-05 3.76462E-01 
3.47058E-05 1.74660E-03 4.52236E-03 1.41577E-02 2.14441E-02 2.40660E-01 5.65926E-01 5.70486E-03 1.74660E-03 3.47058E-05 3.47990E-01 
3.47058E-05 1.91391E-03 4.63167E-03 1.36940E-02 2.05879E-02 2.31340E-01 5.47675E-01 5.70451E-03 1.91391E-03 3.47058E-05 3.20551E-01 
3.47058E-05 2.05045E-03 4.70985E-03 1.32168E-02 1.97313E-02 2.22115E-01 5.29423E-01 5.67552E-03 2.05045E-03 3.47058E-05 2.94290E-01 
3.47058E-05 2.15810E-03 4.75876E-03 1.27291E-02 1.88772E-02 2.13004E-01 5.11209E-01 5.62014E-03 2.15810E-03 3.47058E-05 2.69322E-01 
1.84202E-04 2.24020E-03 4.78231E-03 1.22407E-02 1.80397E-02 2.04119E-01 4.93260E-01 5.54368E-03 2.24020E-03 1.84202E-04 2.45114E-01 
3.78000E-04 2.29726E-03 4.78008E-03 1.17440E-02 1.72056E-02 1.95338E-01 4.75339E-01 5.44453E-03 2.29726E-03 3.78000E-04 2.22228E-01 
5.42582E-04 2.33094E-03 4.75361E-03 1.12399E-02 1.63756E-02 1.86659E-01 4.57443E-01 5.32434E-03 2.33094E-03 5.42582E-04 2.00843E-01 
6.79933E-04 2.34335E-03 4.70501E-03 1.07316E-02 1.55533E-02 1.78102E-01 4.39619E-01 5.18560E-03 2.34335E-03 6.79933E-04 1.80984E-01 
7.92155E-04 2.33666E-03 4.63648E-03 1.02220E-02 1.47419E-02 1.69689E-01 4.21912E-01 5.03084E-03 2.33666E-03 7.92155E-04 1.62650E-01 
8.81419E-04 2.31304E-03 4.55026E-03 9.71389E-03 1.39445E-02 1.61438E-01 4.04366E-01 4.86260E-03 2.31304E-03 8.81419E-04 1.45820E-01 
9.49921E-04 2.27469E-03 4.44860E-03 9.21004E-03 1.31640E-02 1.53368E-01 3.87023E-01 4.68335E-03 2.27469E-03 9.49921E-04 1.30451E-01 
9.99841E-04 2.22371E-03 4.33367E-03 8.71289E-03 1.24028E-02 1.45493E-01 3.69924E-01 4.49550E-03 2.22371E-03 9.99841E-04 1.16486E-01 
1.03331E-03 2.16215E-03 4.20762E-03 8.22472E-03 1.16634E-02 1.37829E-01 3.53106E-01 4.30133E-03 2.16215E-03 1.03331E-03 1.03856E-01 
1.05237E-03 2.09194E-03 4.07247E-03 7.74754E-03 1.09476E-02 1.30386E-01 3.36602E-01 4.10295E-03 2.09194E-03 1.05237E-03 9.24798E-02 
1.05898E-03 2.01485E-03 3.93013E-03 7.28313E-03 1.02571E-02 1.23175E-01 3.20447E-01 3.90234E-03 2.01485E-03 1.05898E-03 8.22736E-02 
1.05495E-03 1.93256E-03 3.78236E-03 6.83301E-03 9.59319E-03 1.16206E-01 3.04667E-01 3.70127E-03 1.93256E-03 1.05495E-03 7.31482E-02 
1.04197E-03 1.84655E-03 3.63080E-03 6.39847E-03 8.95687E-03 1.09484E-01 2.89288E-01 3.50135E-03 1.84655E-03 1.04197E-03 6.50139E-02 
2.65210E-05 6.90883E-04 2.49380E-03 1.48252E-02 2.37093E-02 2.90140E-01 6.74917E-01 4.44558E-03 6.90883E-04 2.65210E-05 5.21635E-01 
2.65210E-05 6.90883E-04 2.76917E-03 1.45011E-02 2.29933E-02 2.81178E-01 6.57836E-01 4.59116E-03 6.90883E-04 2.65210E-05 4.93174E-01 
2.65210E-05 1.22413E-04 3.02008E-03 1.41712E-02 2.22846E-02 2.72342E-01 6.40832E-01 4.71511E-03 1.22413E-04 2.65210E-05 4.64517E-01 
2.65210E-05 3.87358E-04 3.24758E-03 1.38361E-02 2.15831E-02 2.63628E-01 6.23896E-01 4.81855E-03 3.87358E-04 2.65210E-05 4.35733E-01 
2.65210E-05 6.26275E-04 3.44789E-03 1.34847E-02 2.08727E-02 2.54920E-01 6.06821E-01 4.89631E-03 6.26275E-04 2.65210E-05 4.07386E-01 
2.65210E-05 8.39559E-04 3.62138E-03 1.31186E-02 2.01557E-02 2.46237E-01 5.89640E-01 4.94913E-03 8.39559E-04 2.65210E-05 3.79650E-01 
2.65210E-05 1.02781E-03 3.76860E-03 1.27392E-02 1.94342E-02 2.37597E-01 5.72387E-01 4.97797E-03 1.02781E-03 2.65210E-05 3.52679E-01 
2.65210E-05 1.15678E-03 3.86494E-03 1.24377E-02 1.88742E-02 2.30951E-01 5.59008E-01 4.98452E-03 1.15678E-03 2.65210E-05 3.32424E-01 
2.65210E-05 1.19180E-03 3.89028E-03 1.23483E-02 1.87103E-02 2.29015E-01 5.55094E-01 4.98393E-03 1.19180E-03 2.65210E-05 3.26612E-01 
2.65210E-05 1.34248E-03 3.99389E-03 1.19159E-02 1.79295E-02 2.19846E-01 5.36442E-01 4.96616E-03 1.34248E-03 2.65210E-05 2.99651E-01 
2.65210E-05 1.46735E-03 4.07017E-03 1.14744E-02 1.71511E-02 2.10782E-01 5.17822E-01 4.92497E-03 1.46735E-03 2.65210E-05 2.73996E-01 
2.65210E-05 1.56789E-03 4.12061E-03 1.10259E-02 1.63777E-02 2.01844E-01 4.99275E-01 4.86223E-03 1.56789E-03 2.65210E-05 2.49738E-01 
2.65210E-05 1.64574E-03 4.14685E-03 1.05728E-02 1.56117E-02 1.93047E-01 4.80840E-01 4.77992E-03 1.64574E-03 2.65210E-05 2.26939E-01 
1.40493E-04 1.70358E-03 4.15216E-03 1.01236E-02 1.48650E-02 1.84499E-01 4.62746E-01 4.68264E-03 1.70358E-03 1.40493E-04 2.05146E-01 
2.87489E-04 1.74197E-03 4.13637E-03 9.67144E-03 1.41262E-02 1.76082E-01 4.44752E-01 4.56890E-03 1.74197E-03 2.87489E-04 1.84767E-01 
4.11479E-04 1.76236E-03 4.10084E-03 9.21711E-03 1.33957E-02 1.67793E-01 4.26854E-01 4.44011E-03 1.76236E-03 4.11479E-04 1.65912E-01 
5.14149E-04 1.76649E-03 4.04741E-03 8.76314E-03 1.26764E-02 1.59651E-01 4.09098E-01 4.29839E-03 1.76649E-03 5.14149E-04 1.48571E-01 
5.97264E-04 1.75616E-03 3.97796E-03 8.31196E-03 1.19709E-02 1.51675E-01 3.91528E-01 4.14589E-03 1.75616E-03 5.97264E-04 1.32711E-01 
6.62626E-04 1.73314E-03 3.89441E-03 7.86581E-03 1.12816E-02 1.43882E-01 3.74188E-01 3.98469E-03 1.73314E-03 6.62626E-04 1.18282E-01 
7.12037E-04 1.69920E-03 3.79863E-03 7.42680E-03 1.06108E-02 1.36288E-01 3.57117E-01 3.81683E-03 1.69920E-03 7.12037E-04 1.05222E-01 
7.47272E-04 1.65604E-03 3.69249E-03 6.99683E-03 9.96027E-03 1.28906E-01 3.40352E-01 3.64424E-03 1.65604E-03 7.47272E-04 9.34548E-02 
7.70046E-04 1.60525E-03 3.57774E-03 6.57760E-03 9.33175E-03 1.21747E-01 3.23927E-01 3.46873E-03 1.60525E-03 7.70046E-04 8.28978E-02 
7.81995E-04 1.54836E-03 3.45608E-03 6.17059E-03 8.72657E-03 1.14822E-01 3.07875E-01 3.29195E-03 1.54836E-03 7.81995E-04 7.34632E-02 
7.84659E-04 1.48674E-03 3.32908E-03 5.77705E-03 8.14581E-03 1.08138E-01 2.92222E-01 3.11543E-03 1.48674E-03 7.84659E-04 6.50609E-02 
7.79467E-04 1.42168E-03 3.19820E-03 5.39803E-03 7.59029E-03 1.01703E-01 2.76994E-01 2.94050E-03 1.42168E-03 7.79467E-04 5.76011E-02 
7.67735E-04 1.35431E-03 3.06477E-03 5.03435E-03 7.06056E-03 9.55193E-02 2.62211E-01 2.76836E-03 1.35431E-03 7.67735E-04 5.09955E-02 
1.99728E-05 5.24527E-04 2.53327E-03 1.27837E-02 2.01662E-02 2.68024E-01 6.46904E-01 4.23029E-03 5.24527E-04 1.99728E-05 4.68809E-01 
1.99728E-05 5.24527E-04 2.74229E-03 1.24443E-02 1.94882E-02 2.59179E-01 6.29192E-01 4.29695E-03 5.24527E-04 1.99728E-05 4.39893E-01 
1.99728E-05 9.32259E-05 2.93154E-03 1.21049E-02 1.88220E-02 2.50487E-01 6.11622E-01 4.34857E-03 9.32259E-05 1.99728E-05 4.11306E-01 
1.99728E-05 2.94627E-04 3.10175E-03 1.17654E-02 1.81671E-02 2.41938E-01 5.94182E-01 4.38589E-03 2.94627E-04 1.99728E-05 3.83083E-01 
1.99728E-05 4.75681E-04 3.24956E-03 1.14157E-02 1.75091E-02 2.33424E-01 5.76660E-01 4.40393E-03 4.75681E-04 1.99728E-05 3.55645E-01 
1.99728E-05 6.36704E-04 3.37528E-03 1.10573E-02 1.68500E-02 2.24960E-01 5.59092E-01 4.40339E-03 6.36704E-04 1.99728E-05 3.29127E-01 
1.99728E-05 7.78185E-04 3.47938E-03 1.06913E-02 1.61914E-02 2.16564E-01 5.41511E-01 4.38512E-03 7.78185E-04 1.99728E-05 3.03644E-01 
1.99728E-05 8.74635E-04 3.54549E-03 1.04039E-02 1.56833E-02 2.10124E-01 5.27920E-01 4.35942E-03 8.74635E-04 1.99728E-05 2.84700E-01 
1.99728E-05 9.00744E-04 3.56250E-03 1.03192E-02 1.55351E-02 2.08251E-01 5.23950E-01 4.35008E-03 9.00744E-04 1.99728E-05 2.79295E-01 
1.99728E-05 1.01256E-03 3.62949E-03 9.91286E-03 1.48322E-02 1.99398E-01 5.05078E-01 4.29475E-03 1.01256E-03 1.99728E-05 2.54397E-01 
1.99728E-05 1.10436E-03 3.67413E-03 9.50293E-03 1.41362E-02 1.90679E-01 4.86309E-01 4.22267E-03 1.10436E-03 1.99728E-05 2.30974E-01 
1.99728E-05 1.17736E-03 3.69771E-03 9.09123E-03 1.34491E-02 1.82108E-01 4.67684E-01 4.13540E-03 1.17736E-03 1.99728E-05 2.09069E-01 
1.99728E-05 1.23291E-03 3.70164E-03 8.67960E-03 1.27731E-02 1.73704E-01 4.49242E-01 4.03460E-03 1.23291E-03 1.99728E-05 1.88700E-01 
1.05624E-04 1.27308E-03 3.68867E-03 8.27517E-03 1.21179E-02 1.65565E-01 4.31208E-01 3.92422E-03 1.27308E-03 1.05624E-04 1.69479E-01 
2.15586E-04 1.29845E-03 3.65873E-03 7.87182E-03 1.14736E-02 1.57579E-01 4.13341E-01 3.80277E-03 1.29845E-03 2.15586E-04 1.51684E-01 
3.07767E-04 1.31022E-03 3.61297E-03 7.47020E-03 1.08405E-02 1.49742E-01 3.95637E-01 3.67138E-03 1.31022E-03 3.07767E-04 1.35373E-01 
3.83555E-04 1.30979E-03 3.55298E-03 7.07230E-03 1.02207E-02 1.42072E-01 3.78139E-01 3.53181E-03 1.30979E-03 3.83555E-04 1.20505E-01 
4.44384E-04 1.29860E-03 3.48035E-03 6.67999E-03 9.61628E-03 1.34586E-01 3.60892E-01 3.38579E-03 1.29860E-03 4.44384E-04 1.07027E-01 
4.91709E-04 1.27807E-03 3.39668E-03 6.29502E-03 9.02913E-03 1.27298E-01 3.43934E-01 3.23499E-03 1.27807E-03 4.91709E-04 9.48683E-02 
5.26975E-04 1.24958E-03 3.30357E-03 5.91896E-03 8.46083E-03 1.20222E-01 3.27303E-01 3.08101E-03 1.24958E-03 5.26975E-04 8.39526E-02 
5.51587E-04 1.21444E-03 3.20254E-03 5.55320E-03 7.91273E-03 1.13368E-01 3.11033E-01 2.92534E-03 1.21444E-03 5.51587E-04 7.41948E-02 
5.66899E-04 1.17391E-03 3.09507E-03 5.19897E-03 7.38595E-03 1.06747E-01 2.95154E-01 2.76936E-03 1.17391E-03 5.66899E-04 6.55062E-02 
5.74188E-04 1.12914E-03 2.98256E-03 4.85728E-03 6.88136E-03 1.00365E-01 2.79694E-01 2.61431E-03 1.12914E-03 5.74188E-04 5.77970E-02 
5.74649E-04 1.08118E-03 2.86629E-03 4.52896E-03 6.39960E-03 9.42290E-02 2.64677E-01 2.46131E-03 1.08118E-03 5.74649E-04 5.09780E-02 
5.69384E-04 1.03100E-03 2.74746E-03 4.21466E-03 5.94108E-03 8.83424E-02 2.50124E-01 2.31133E-03 1.03100E-03 5.69384E-04 4.49626E-02 
5.59396E-04 9.79429E-04 2.62716E-03 3.91484E-03 5.50599E-03 8.27080E-02 2.36052E-01 2.16519E-03 9.79429E-04 5.59396E-04 3.96681E-02 
1.48118E-05 3.89528E-04 2.66387E-03 1.08804E-02 1.69586E-02 2.45764E-01 6.15766E-01 3.95064E-03 3.89528E-04 1.48118E-05 4.14042E-01 
1.48118E-05 3.89528E-04 2.81146E-03 1.05410E-02 1.63297E-02 2.37134E-01 5.97638E-01 3.95374E-03 3.89528E-04 1.48118E-05 3.85716E-01 
1.48118E-05 6.93542E-05 2.94362E-03 1.02059E-02 1.57160E-02 2.28677E-01 5.79714E-01 3.94782E-03 6.93542E-05 1.48118E-05 3.58132E-01 
1.48118E-05 2.19039E-04 3.06076E-03 9.87489E-03 1.51165E-02 2.20385E-01 5.61981E-01 3.93320E-03 2.19039E-04 1.48118E-05 3.31294E-01 
1.48118E-05 3.53350E-04 3.15989E-03 9.53891E-03 1.45186E-02 2.12151E-01 5.44222E-01 3.90515E-03 3.53350E-04 1.48118E-05 3.05494E-01 
1.48118E-05 4.72493E-04 3.24122E-03 9.19900E-03 1.39239E-02 2.03990E-01 5.26475E-01 3.86425E-03 4.72493E-04 1.48118E-05 2.80831E-01 
1.48118E-05 5.76821E-04 3.30515E-03 8.85624E-03 1.33336E-02 1.95918E-01 5.08772E-01 3.81119E-03 5.76821E-04 1.48118E-05 2.57381E-01 
1.48118E-05 6.47670E-04 3.34299E-03 8.58976E-03 1.28808E-02 1.89744E-01 4.95126E-01 3.76229E-03 6.47670E-04 1.48118E-05 2.40107E-01 
1.48118E-05 6.66800E-04 3.35219E-03 8.51172E-03 1.27492E-02 1.87952E-01 4.91148E-01 3.74677E-03 6.66800E-04 1.48118E-05 2.35203E-01 
1.48118E-05 7.48412E-04 3.38474E-03 8.13958E-03 1.21273E-02 1.79495E-01 4.72272E-01 3.66558E-03 7.48412E-04 1.48118E-05 2.12759E-01 
1.48118E-05 8.14872E-04 3.39939E-03 7.76814E-03 1.15155E-02 1.71193E-01 4.53567E-01 3.57338E-03 8.14872E-04 1.48118E-05 1.91865E-01 
1.48118E-05 8.67146E-04 3.39724E-03 7.39882E-03 1.09154E-02 1.63061E-01 4.35073E-01 3.47144E-03 8.67146E-04 1.48118E-05 1.72522E-01 
1.48118E-05 9.06280E-04 3.37948E-03 7.03301E-03 1.03286E-02 1.55113E-01 4.16825E-01 3.36107E-03 9.06280E-04 1.48118E-05 1.54712E-01 
7.82143E-05 9.33840E-04 3.34847E-03 6.67653E-03 9.76301E-03 1.47443E-01 3.99045E-01 3.24556E-03 9.33840E-04 7.82143E-05 1.38102E-01 
1.59286E-04 9.50359E-04 3.30408E-03 6.32406E-03 9.21015E-03 1.39943E-01 3.81493E-01 3.12341E-03 9.50359E-04 1.59286E-04 1.22868E-01 
2.26878E-04 9.56799E-04 3.24731E-03 5.97597E-03 8.66999E-03 1.32609E-01 3.64164E-01 2.99550E-03 9.56799E-04 2.26878E-04 1.09024E-01 
2.82095E-04 9.54265E-04 3.17947E-03 5.63380E-03 8.14424E-03 1.25456E-01 3.47100E-01 2.86319E-03 9.54265E-04 2.82095E-04 9.65121E-02 
3.26071E-04 9.43867E-04 3.10191E-03 5.29896E-03 7.63440E-03 1.18499E-01 3.30342E-01 2.72784E-03 9.43867E-04 3.26071E-04 8.52615E-02 
3.59950E-04 9.26699E-04 3.01597E-03 4.97273E-03 7.14180E-03 1.11750E-01 3.13926E-01 2.59072E-03 9.26699E-04 3.59950E-04 7.51931E-02 
3.84856E-04 9.03820E-04 2.92298E-03 4.65623E-03 6.66755E-03 1.05221E-01 2.97885E-01 2.45303E-03 9.03820E-04 3.84856E-04 6.62223E-02 
4.01882E-04 8.76235E-04 2.82421E-03 4.35044E-03 6.21255E-03 9.89211E-02 2.82252E-01 2.31588E-03 8.76235E-04 4.01882E-04 5.82613E-02 
4.12067E-04 8.44886E-04 2.72088E-03 4.05617E-03 5.77749E-03 9.28563E-02 2.67051E-01 2.18027E-03 8.44886E-04 4.12067E-04 5.12218E-02 
4.16389E-04 8.10637E-04 2.61413E-03 3.77406E-03 5.36285E-03 8.70325E-02 2.52307E-01 2.04708E-03 8.10637E-04 4.16389E-04 4.50167E-02 
4.15758E-04 7.74277E-04 2.50503E-03 3.50461E-03 4.96893E-03 8.14535E-02 2.38039E-01 1.91708E-03 7.74277E-04 4.15758E-04 3.95621E-02 
4.11004E-04 7.36506E-04 2.39454E-03 3.24816E-03 4.59584E-03 7.61213E-02 2.24264E-01 1.79093E-03 7.36506E-04 4.11004E-04 3.47782E-02 
4.02882E-04 6.97946E-04 2.28355E-03 3.00490E-03 4.24351E-03 7.10366E-02 2.10995E-01 1.66917E-03 6.97946E-04 4.02882E-04 3.05903E-02 
1.08161E-05 2.82614E-04 2.84396E-03 9.12960E-03 1.40890E-02 2.23651E-01 5.82055E-01 3.59295E-03 2.82614E-04 1.08161E-05 3.59188E-01 
1.08161E-05 2.82614E-04 2.93579E-03 8.80283E-03 1.35176E-02 2.15322E-01 5.63726E-01 3.54954E-03 2.82614E-04 1.08161E-05 3.32327E-01 
1.08161E-05 5.03227E-05 3.01607E-03 8.48382E-03 1.29634E-02 2.07184E-01 5.45659E-01 3.50220E-03 5.03227E-05 1.08161E-05 3.06507E-01 
1.08161E-05 1.58950E-04 3.08495E-03 8.17195E-03 1.24255E-02 1.99227E-01 5.27840E-01 3.45087E-03 1.58950E-04 1.08161E-05 2.81701E-01 
1.08161E-05 2.56384E-04 3.13969E-03 7.85914E-03 1.18926E-02 1.91348E-01 5.10050E-01 3.39112E-03 2.56384E-04 1.08161E-05 2.58093E-01 
1.08161E-05 3.42719E-04 3.18044E-03 7.54621E-03 1.13660E-02 1.83563E-01 4.92325E-01 3.32339E-03 3.42719E-04 1.08161E-05 2.35747E-01 
1.08161E-05 4.18169E-04 3.20750E-03 7.23394E-03 1.08465E-02 1.75885E-01 4.74700E-01 3.24819E-03 4.18169E-04 1.08161E-05 2.14704E-01 
1.08161E-05 4.69277E-04 3.21932E-03 6.99330E-03 1.04503E-02 1.70028E-01 4.61152E-01 3.18525E-03 4.69277E-04 1.08161E-05 1.99331E-01 
1.08161E-05 4.83051E-04 3.22130E-03 6.92316E-03 1.03354E-02 1.68330E-01 4.57209E-01 3.16612E-03 4.83051E-04 1.08161E-05 1.94988E-01 
1.08161E-05 5.41645E-04 3.22195E-03 6.59072E-03 9.79486E-03 1.60335E-01 4.38536E-01 3.07069E-03 5.41645E-04 1.08161E-05 1.75225E-01 
1.08161E-05 5.89060E-04 3.20862E-03 6.26203E-03 9.26638E-03 1.52512E-01 4.20096E-01 2.96894E-03 5.89060E-04 1.08161E-05 1.57003E-01 
1.08161E-05 6.26015E-04 3.18224E-03 5.93814E-03 8.75111E-03 1.44874E-01 4.01925E-01 2.86181E-03 6.26015E-04 1.08161E-05 1.40291E-01 
1.08161E-05 6.53302E-04 3.14381E-03 5.62004E-03 8.25015E-03 1.37435E-01 3.84059E-01 2.75030E-03 6.53302E-04 1.08161E-05 1.25044E-01 
5.70449E-05 6.72044E-04 3.09539E-03 5.31241E-03 7.76998E-03 1.30279E-01 3.66711E-01 2.63705E-03 6.72044E-04 5.70449E-05 1.10977E-01 
1.15958E-04 6.82717E-04 3.03673E-03 5.01061E-03 7.30324E-03 1.23306E-01 3.49646E-01 2.52060E-03 6.82717E-04 1.15958E-04 9.81869E-02 
1.64848E-04 6.86067E-04 2.96866E-03 4.71484E-03 6.84976E-03 1.16510E-01 3.32856E-01 2.40156E-03 6.86067E-04 1.64848E-04 8.66582E-02 
2.04567E-04 6.82932E-04 2.89227E-03 4.42622E-03 6.41078E-03 1.09905E-01 3.16382E-01 2.28096E-03 6.82932E-04 2.04567E-04 7.63203E-02 
2.35987E-04 6.74148E-04 2.80871E-03 4.14575E-03 5.98738E-03 1.03504E-01 3.00260E-01 2.15980E-03 6.74148E-04 2.35987E-04 6.70952E-02 
2.59982E-04 6.60538E-04 2.71908E-03 3.87432E-03 5.58043E-03 9.73162E-02 2.84525E-01 2.03901E-03 6.60538E-04 2.59982E-04 5.88998E-02 
2.77407E-04 6.42892E-04 2.62449E-03 3.61271E-03 5.19066E-03 9.13516E-02 2.69205E-01 1.91944E-03 6.42892E-04 2.77407E-04 5.16489E-02 
2.89090E-04 6.21957E-04 2.52599E-03 3.36153E-03 4.81860E-03 8.56164E-02 2.54328E-01 1.80187E-03 6.21957E-04 2.89090E-04 4.52571E-02 
2.95812E-04 5.98427E-04 2.42459E-03 3.12128E-03 4.46461E-03 8.01157E-02 2.39916E-01 1.68698E-03 5.98427E-04 2.95812E-04 3.96408E-02 
2.98308E-04 5.72939E-04 2.32121E-03 2.89231E-03 4.12888E-03 7.48530E-02 2.25988E-01 1.57536E-03 5.72939E-04 2.98308E-04 3.47196E-02 
2.97253E-04 5.46065E-04 2.21674E-03 2.67488E-03 3.81147E-03 6.98300E-02 2.12560E-01 1.46751E-03 5.46065E-04 2.97253E-04 3.04174E-02 
2.93267E-04 5.18315E-04 2.11196E-03 2.46909E-03 3.51226E-03 6.50471E-02 1.99643E-01 1.36382E-03 5.18315E-04 2.93267E-04 2.66635E-02 
2.86905E-04 4.90133E-04 2.00757E-03 2.27496E-03 3.23102E-03 6.05032E-02 1.87247E-01 1.26462E-03 4.90133E-04 2.86905E-04 2.33929E-02 
7.76545E-06 1.99701E-04 3.03972E-03 7.53706E-03 1.15448E-02 2.01853E-01 5.46181E-01 3.16436E-03 1.99701E-04 7.76545E-06 3.05744E-01 
7.76545E-06 1.99701E-04 3.08165E-03 7.23327E-03 1.10365E-02 1.93903E-01 5.27862E-01 3.09118E-03 1.99701E-04 7.76545E-06 2.81031E-01 
7.76545E-06 3.54850E-05 3.11542E-03 6.93942E-03 1.05465E-02 1.86157E-01 5.09857E-01 3.01803E-03 3.54850E-05 7.76545E-06 2.57547E-01 
7.76545E-06 1.12207E-04 3.14097E-03 6.65468E-03 1.00735E-02 1.78604E-01 4.92152E-01 2.94458E-03 1.12207E-04 7.76545E-06 2.35237E-01 
7.76545E-06 1.81134E-04 3.15574E-03 6.37199E-03 9.60797E-03 1.71146E-01 4.74527E-01 2.86674E-03 1.81134E-04 7.76545E-06 2.14200E-01 
7.76545E-06 2.42254E-04 3.15984E-03 6.09191E-03 9.15062E-03 1.63797E-01 4.57018E-01 2.78480E-03 2.42254E-04 7.76545E-06 1.94465E-01 
7.76545E-06 2.95658E-04 3.15351E-03 5.81499E-03 8.70225E-03 1.56572E-01 4.39660E-01 2.69910E-03 2.95658E-04 7.76545E-06 1.76045E-01 
7.76545E-06 3.31798E-04 3.14167E-03 5.60325E-03 8.36195E-03 1.51073E-01 4.26354E-01 2.63046E-03 3.31798E-04 7.76545E-06 1.62692E-01 
7.76545E-06 3.41530E-04 3.13709E-03 5.54180E-03 8.26360E-03 1.49482E-01 4.22486E-01 2.61003E-03 3.41530E-04 7.76545E-06 1.58936E-01 
7.76545E-06 3.82857E-04 3.10859E-03 5.25209E-03 7.80235E-03 1.42003E-01 4.04210E-01 2.51076E-03 3.82857E-04 7.76545E-06 1.41937E-01 
7.76545E-06 4.16164E-04 3.06956E-03 4.96810E-03 7.35407E-03 1.34709E-01 3.86221E-01 2.40874E-03 4.16164E-04 7.76545E-06 1.26404E-01 
7.76545E-06 4.41957E-04 3.02077E-03 4.69054E-03 6.91952E-03 1.27610E-01 3.68554E-01 2.30462E-03 4.41957E-04 7.76545E-06 1.12284E-01 
7.76545E-06 4.60804E-04 2.96306E-03 4.42006E-03 6.49939E-03 1.20719E-01 3.51241E-01 2.19909E-03 4.60804E-04 7.76545E-06 9.95100E-02 
4.09167E-05 4.73475E-04 2.89829E-03 4.16033E-03 6.09880E-03 1.14113E-01 3.34488E-01 2.09422E-03 4.73475E-04 4.09167E-05 8.78412E-02 
8.30528E-05 4.80377E-04 2.82602E-03 3.90739E-03 5.71152E-03 1.07697E-01 3.18063E-01 1.98862E-03 4.80377E-04 8.30528E-05 7.73182E-02 
1.17891E-04 4.82069E-04 2.74693E-03 3.66126E-03 5.33728E-03 1.01465E-01 3.01959E-01 1.88267E-03 4.82069E-04 1.17891E-04 6.79046E-02 
1.46066E-04 4.79163E-04 2.66193E-03 3.42272E-03 4.97691E-03 9.54294E-02 2.86213E-01 1.77710E-03 4.79163E-04 1.46066E-04 5.95251E-02 
1.68229E-04 4.72273E-04 2.57198E-03 3.19245E-03 4.63112E-03 8.96004E-02 2.70857E-01 1.67262E-03 4.72273E-04 1.68229E-04 5.21002E-02 
1.85029E-04 4.61998E-04 2.47800E-03 2.97103E-03 4.30047E-03 8.39862E-02 2.55922E-01 1.56985E-03 4.61998E-04 1.85029E-04 4.55485E-02 
1.97100E-04 4.48913E-04 2.38091E-03 2.75893E-03 3.98535E-03 7.85934E-02 2.41434E-01 1.46937E-03 4.48913E-04 1.97100E-04 3.97891E-02 
2.05052E-04 4.33559E-04 2.28158E-03 2.55652E-03 3.68603E-03 7.34268E-02 2.27414E-01 1.37169E-03 4.33559E-04 2.05052E-04 3.47428E-02 
2.09462E-04 4.16436E-04 2.18082E-03 2.36404E-03 3.40262E-03 6.84895E-02 2.13882E-01 1.27723E-03 4.16436E-04 2.09462E-04 3.03337E-02 
2.10867E-04 3.98001E-04 2.07940E-03 2.18165E-03 3.13512E-03 6.37832E-02 2.00852E-01 1.18636E-03 3.98001E-04 2.10867E-04 2.64906E-02 
2.09763E-04 3.78664E-04 1.97802E-03 2.00940E-03 2.88339E-03 5.93081E-02 1.88336E-01 1.09935E-03 3.78664E-04 2.09763E-04 2.31472E-02 
2.06598E-04 3.58785E-04 1.87732E-03 1.84727E-03 2.64721E-03 5.50627E-02 1.76341E-01 1.01643E-03 3.58785E-04 2.06598E-04 2.02427E-02 
2.01778E-04 3.38681E-04 1.77786E-03 1.69514E-03 2.42624E-03 5.10447E-02 1.64871E-01 9.37748E-04 3.38681E-04 2.01778E-04 1.77224E-02 
5.49851E-06 1.37616E-04 3.22131E-03 6.12642E-03 9.34190E-03 1.80808E-01 5.09061E-01 2.69372E-03 1.37616E-04 5.49851E-06 2.55679E-01 
5.49851E-06 1.37616E-04 3.21980E-03 5.85263E-03 8.89871E-03 1.73298E-01 4.90951E-01 2.60593E-03 1.37616E-04 5.49851E-06 2.33560E-01 
5.49851E-06 2.43323E-05 3.21300E-03 5.58991E-03 8.47380E-03 1.65999E-01 4.73201E-01 2.52095E-03 2.43323E-05 5.49851E-06 2.12754E-01 
5.49851E-06 7.71292E-05 3.20071E-03 5.33729E-03 8.06586E-03 1.58903E-01 4.55795E-01 2.43823E-03 7.71292E-05 5.49851E-06 1.93188E-01 
5.49851E-06 1.24759E-04 3.18050E-03 5.08870E-03 7.66663E-03 1.51915E-01 4.38517E-01 2.35411E-03 1.24759E-04 5.49851E-06 1.74892E-01 
5.49851E-06 1.67124E-04 3.15244E-03 4.84447E-03 7.27666E-03 1.45048E-01 4.21401E-01 2.26872E-03 1.67124E-04 5.49851E-06 1.57870E-01 
5.49851E-06 2.04219E-04 3.11673E-03 4.60496E-03 6.89646E-03 1.38316E-01 4.04481E-01 2.18225E-03 2.04219E-04 5.49851E-06 1.42111E-01 
5.49851E-06 2.29349E-04 3.08403E-03 4.42309E-03 6.60929E-03 1.33206E-01 3.91544E-01 2.11475E-03 2.29349E-04 5.49851E-06 1.30769E-01 
5.49851E-06 2.36118E-04 3.07366E-03 4.37051E-03 6.52651E-03 1.31729E-01 3.87789E-01 2.09493E-03 2.36118E-04 5.49851E-06 1.27591E-01 
5.49851E-06 2.64859E-04 3.01940E-03 4.12381E-03 6.13963E-03 1.24802E-01 3.70080E-01 2.00014E-03 2.64859E-04 5.49851E-06 1.13283E-01 
5.49851E-06 2.87994E-04 2.95758E-03 3.88386E-03 5.76572E-03 1.18067E-01 3.52704E-01 1.90507E-03 2.87994E-04 5.49851E-06 1.00316E-01 
5.49851E-06 3.05858E-04 2.88885E-03 3.65108E-03 5.40523E-03 1.11535E-01 3.35695E-01 1.81013E-03 3.05858E-04 5.49851E-06 8.86239E-02 
5.49851E-06 3.18839E-04 2.81392E-03 3.42587E-03 5.05856E-03 1.05214E-01 3.19082E-01 1.71575E-03 3.18839E-04 5.49851E-06 7.81308E-02 
2.89544E-05 3.27434E-04 2.73451E-03 3.21102E-03 4.72966E-03 9.91739E-02 3.03058E-01 1.62349E-03 3.27434E-04 2.89544E-05 6.86323E-02 
5.87146E-05 3.31981E-04 2.65000E-03 3.00321E-03 4.41334E-03 9.33275E-02 2.87400E-01 1.53208E-03 3.31981E-04 5.87146E-05 6.01307E-02 
8.32557E-05 3.32886E-04 2.56089E-03 2.80233E-03 4.10923E-03 8.76682E-02 2.72099E-01 1.44172E-03 3.32886E-04 8.32557E-05 5.25782E-02 
1.03038E-04 3.30582E-04 2.46797E-03 2.60890E-03 3.81788E-03 8.22061E-02 2.57189E-01 1.35290E-03 3.30582E-04 1.03038E-04 4.59004E-02 
1.18531E-04 3.25506E-04 2.37203E-03 2.42334E-03 3.53970E-03 7.69492E-02 2.42698E-01 1.26608E-03 3.25506E-04 1.18531E-04 4.00213E-02 
1.30207E-04 3.18084E-04 2.27386E-03 2.24599E-03 3.27499E-03 7.19038E-02 2.28652E-01 1.18165E-03 3.18084E-04 1.30207E-04 3.48651E-02 
1.38525E-04 3.08722E-04 2.17420E-03 2.07710E-03 3.02393E-03 6.70747E-02 2.15075E-01 1.09998E-03 3.08722E-04 1.38525E-04 3.03582E-02 
1.43925E-04 2.97806E-04 2.07376E-03 1.91684E-03 2.78659E-03 6.24649E-02 2.01983E-01 1.02137E-03 2.97806E-04 1.43925E-04 2.64303E-02 
1.46823E-04 2.85688E-04 1.97321E-03 1.76529E-03 2.56292E-03 5.80758E-02 1.89391E-01 9.46052E-04 2.85688E-04 1.46823E-04 2.30153E-02 
1.47607E-04 2.72690E-04 1.87317E-03 1.62248E-03 2.35278E-03 5.39075E-02 1.77310E-01 8.74227E-04 2.72690E-04 1.47607E-04 2.00519E-02 
1.46633E-04 2.59100E-04 1.77420E-03 1.48832E-03 2.15593E-03 4.99586E-02 1.65747E-01 8.06028E-04 2.59100E-04 1.46633E-04 1.74843E-02 
1.44222E-04 2.45172E-04 1.67679E-03 1.36271E-03 1.97207E-03 4.62266E-02 1.54706E-01 7.41542E-04 2.45172E-04 1.44222E-04 1.52619E-02 
1.40666E-04 2.31128E-04 1.58140E-03 1.24545E-03 1.80082E-03 4.27078E-02 1.44187E-01 6.80812E-04 2.31128E-04 1.40666E-04 1.33397E-02 
3.81485E-06 9.15720E-05 3.36988E-03 4.87769E-03 7.42978E-03 1.60339E-01 4.70572E-01 2.20444E-03 9.15720E-05 3.81485E-06 2.09255E-01 
3.81485E-06 9.15720E-05 3.33065E-03 4.63861E-03 7.05202E-03 1.53326E-01 4.52860E-01 2.11413E-03 9.15720E-05 3.81485E-06 1.90015E-01 
3.81485E-06 1.60447E-05 3.28858E-03 4.41084E-03 6.69171E-03 1.46528E-01 4.35548E-01 2.02832E-03 1.60447E-05 3.81485E-06 1.72088E-01 
3.81485E-06 5.10824E-05 3.24338E-03 4.19335E-03 6.34753E-03 1.39937E-01 4.18619E-01 1.94633E-03 5.10824E-05 3.81485E-06 1.55386E-01 
3.81485E-06 8.29359E-05 3.19269E-03 3.98100E-03 6.01253E-03 1.33463E-01 4.01860E-01 1.86498E-03 8.29359E-05 3.81485E-06 1.39890E-01 
3.81485E-06 1.11448E-04 3.13660E-03 3.77398E-03 5.68707E-03 1.27121E-01 3.85305E-01 1.78427E-03 1.11448E-04 3.81485E-06 1.25586E-01 
3.81485E-06 1.36541E-04 3.07526E-03 3.57246E-03 5.37143E-03 1.20920E-01 3.68985E-01 1.70426E-03 1.36541E-04 3.81485E-06 1.12445E-01 
3.81485E-06 1.53603E-04 3.02436E-03 3.42041E-03 5.13412E-03 1.16226E-01 3.56538E-01 1.64289E-03 1.53603E-04 3.81485E-06 1.03051E-01 
3.81485E-06 1.58206E-04 3.00893E-03 3.37660E-03 5.06589E-03 1.14871E-01 3.52931E-01 1.62504E-03 1.58206E-04 3.81485E-06 1.00429E-01 
3.81485E-06 1.77788E-04 2.93220E-03 3.17199E-03 4.74804E-03 1.08528E-01 3.35950E-01 1.54065E-03 1.77788E-04 3.81485E-06 8.86788E-02 
3.81485E-06 1.93588E-04 2.85051E-03 2.97442E-03 4.44249E-03 1.02382E-01 3.19342E-01 1.45752E-03 1.93588E-04 3.81485E-06 7.81144E-02 
3.81485E-06 2.05806E-04 2.76442E-03 2.78408E-03 4.14945E-03 9.64393E-02 3.03136E-01 1.37587E-03 2.05806E-04 3.81485E-06 6.86611E-02 
3.81485E-06 2.14690E-04 2.67452E-03 2.60118E-03 3.86910E-03 9.07080E-02 2.87358E-01 1.29592E-03 2.14690E-04 3.81485E-06 6.02403E-02 
2.00839E-05 2.20533E-04 2.58247E-03 2.42779E-03 3.60441E-03 8.52505E-02 2.72190E-01 1.21880E-03 2.20533E-04 2.00839E-05 5.26823E-02 
4.07087E-05 2.23608E-04 2.48741E-03 2.26115E-03 3.35113E-03 7.99855E-02 2.57417E-01 1.14340E-03 2.23608E-04 4.07087E-05 4.59650E-02 
5.76923E-05 2.24197E-04 2.38972E-03 2.10110E-03 3.10885E-03 7.49066E-02 2.43029E-01 1.06978E-03 2.24197E-04 5.76923E-05 4.00361E-02 
7.13544E-05 2.22596E-04 2.29007E-03 1.94793E-03 2.87787E-03 7.00217E-02 2.29056E-01 9.98243E-04 2.22596E-04 7.13544E-05 3.48261E-02 
8.20246E-05 2.19102E-04 2.18912E-03 1.80186E-03 2.65840E-03 6.53370E-02 2.15522E-01 9.29057E-04 2.19102E-04 8.20246E-05 3.02659E-02 
9.00325E-05 2.14009E-04 2.08752E-03 1.66307E-03 2.45056E-03 6.08571E-02 2.02450E-01 8.62454E-04 2.14009E-04 9.00325E-05 2.62883E-02 
9.57008E-05 2.07596E-04 1.98587E-03 1.53166E-03 2.25438E-03 5.65848E-02 1.89857E-01 7.98628E-04 2.07596E-04 9.57008E-05 2.28292E-02 
9.93394E-05 2.00128E-04 1.88476E-03 1.40766E-03 2.06977E-03 5.25215E-02 1.77757E-01 7.37732E-04 2.00128E-04 9.93394E-05 1.98283E-02 
1.01241E-04 1.91847E-04 1.78472E-03 1.29103E-03 1.89660E-03 4.86673E-02 1.66162E-01 6.79880E-04 1.91847E-04 1.01241E-04 1.72300E-02 
1.01677E-04 1.82977E-04 1.68622E-03 1.18171E-03 1.73464E-03 4.50208E-02 1.55076E-01 6.25146E-04 1.82977E-04 1.01677E-04 1.49837E-02 
1.00899E-04 1.73714E-04 1.58972E-03 1.07957E-03 1.58362E-03 4.15794E-02 1.44505E-01 5.73570E-04 1.73714E-04 1.00899E-04 1.30437E-02 
9.91348E-05 1.64236E-04 1.49559E-03 9.84413E-04 1.44319E-03 3.83395E-02 1.34447E-01 5.25157E-04 1.64236E-04 9.91348E-05 1.13694E-02 
9.65884E-05 1.54695E-04 1.40416E-03 8.96046E-04 1.31298E-03 3.52966E-02 1.24901E-01 4.79884E-04 1.54695E-04 9.65884E-05 9.92497E-03 
2.60010E-06 5.87552E-05 3.46714E-03 3.80414E-03 5.81227E-03 1.40806E-01 4.31553E-01 1.73288E-03 5.87552E-05 2.60010E-06 1.67732E-01 
2.60010E-06 5.87552E-05 3.39629E-03 3.60160E-03 5.49724E-03 1.34330E-01 4.14414E-01 1.64890E-03 5.87552E-05 2.60010E-06 1.51449E-01 
2.60010E-06 1.01398E-05 3.32467E-03 3.40988E-03 5.19823E-03 1.28069E-01 3.97707E-01 1.57015E-03 1.01398E-05 2.60010E-06 1.36407E-01 
2.60010E-06 3.25188E-05 3.25191E-03 3.22799E-03 4.91394E-03 1.22015E-01 3.81413E-01 1.49592E-03 3.25188E-05 2.60010E-06 1.22516E-01 
2.60010E-06 5.31270E-05 3.17572E-03 3.05166E-03 4.63867E-03 1.16087E-01 3.65325E-01 1.42351E-03 5.31270E-05 2.60010E-06 1.09723E-01 
2.60010E-06 7.17725E-05 3.09620E-03 2.88094E-03 4.37258E-03 1.10294E-01 3.49477E-01 1.35284E-03 7.17725E-05 2.60010E-06 9.80002E-02 
2.60010E-06 8.83307E-05 3.01350E-03 2.71588E-03 4.11581E-03 1.04647E-01 3.33898E-01 1.28386E-03 8.83307E-05 2.60010E-06 8.73081E-02 
2.60010E-06 9.96675E-05 2.94747E-03 2.59207E-03 3.92360E-03 1.00383E-01 3.22046E-01 1.23165E-03 9.96675E-05 2.60010E-06 7.97134E-02 
2.60010E-06 1.02737E-04 2.92784E-03 2.55652E-03 3.86847E-03 9.91538E-02 3.18615E-01 1.21657E-03 1.02737E-04 2.60010E-06 7.76007E-02 
2.60010E-06 1.15851E-04 2.83251E-03 2.39114E-03 3.61245E-03 9.34121E-02 3.02498E-01 1.14592E-03 1.15851E-04 2.60010E-06 6.81771E-02 
2.60010E-06 1.26502E-04 2.73448E-03 2.23252E-03 3.36760E-03 8.78660E-02 2.86785E-01 1.07731E-03 1.26502E-04 2.60010E-06 5.97667E-02 
2.60010E-06 1.34795E-04 2.63423E-03 2.08071E-03 3.13396E-03 8.25219E-02 2.71500E-01 1.01079E-03 1.34795E-04 2.60010E-06 5.22947E-02 
2.60010E-06 1.40873E-04 2.53226E-03 1.93576E-03 2.91153E-03 7.73850E-02 2.56667E-01 9.46471E-04 1.40873E-04 2.60010E-06 4.56847E-02 
1.36916E-05 1.44889E-04 2.43015E-03 1.79916E-03 2.70254E-03 7.25100E-02 2.42453E-01 8.85107E-04 1.44889E-04 1.36916E-05 3.97984E-02 
2.77571E-05 1.47057E-04 2.32686E-03 1.66869E-03 2.50352E-03 6.78231E-02 2.28655E-01 8.25767E-04 1.47057E-04 2.77571E-05 3.46002E-02 
3.93390E-05 1.47563E-04 2.22265E-03 1.54413E-03 2.31406E-03 6.33176E-02 2.15261E-01 7.68437E-04 1.47563E-04 3.93390E-05 3.00390E-02 
4.86508E-05 1.46602E-04 2.11809E-03 1.42562E-03 2.13431E-03 5.89997E-02 2.02296E-01 7.13278E-04 1.46602E-04 4.86508E-05 2.60530E-02 
5.59147E-05 1.44368E-04 2.01373E-03 1.31326E-03 1.96432E-03 5.48737E-02 1.89782E-01 6.60425E-04 1.44368E-04 5.59147E-05 2.25820E-02 
6.13545E-05 1.41055E-04 1.91008E-03 1.20710E-03 1.80409E-03 5.09424E-02 1.77736E-01 6.09990E-04 1.41055E-04 6.13545E-05 1.95686E-02 
6.51903E-05 1.36851E-04 1.80764E-03 1.10712E-03 1.65354E-03 4.72073E-02 1.66173E-01 5.62058E-04 1.36851E-04 6.51903E-05 1.69590E-02 
6.76345E-05 1.31933E-04 1.70688E-03 1.01329E-03 1.51252E-03 4.36683E-02 1.55102E-01 5.16685E-04 1.31933E-04 6.76345E-05 1.47036E-02 
6.88880E-05 1.26465E-04 1.60820E-03 9.25514E-04 1.38083E-03 4.03242E-02 1.44530E-01 4.73903E-04 1.26465E-04 6.88880E-05 1.27572E-02 
6.91385E-05 1.20596E-04 1.51198E-03 8.43658E-04 1.25823E-03 3.71724E-02 1.34460E-01 4.33716E-04 1.20596E-04 6.91385E-05 1.10792E-02 
6.85594E-05 1.14462E-04 1.41853E-03 7.67562E-04 1.14441E-03 3.42096E-02 1.24891E-01 3.96108E-04 1.14462E-04 6.85594E-05 9.63342E-03 
6.73088E-05 1.08183E-04 1.32813E-03 6.97038E-04 1.03904E-03 3.14312E-02 1.15821E-01 3.61041E-04 1.08183E-04 6.73088E-05 8.38817E-03 
6.55301E-05 1.01864E-04 1.24103E-03 6.31873E-04 9.41769E-04 2.88322E-02 1.07244E-01 3.28461E-04 1.01864E-04 6.55301E-05 7.31577E-03 
1.74001E-06 3.61027E-05 3.50193E-03 2.90042E-03 4.46680E-03 1.22338E-01 3.92483E-01 1.30574E-03 3.61027E-05 1.74001E-06 1.31540E-01 
1.74001E-06 3.61027E-05 3.40551E-03 2.73400E-03 4.20994E-03 1.16428E-01 3.76072E-01 1.23348E-03 3.61027E-05 1.74001E-06 1.18133E-01 
1.74001E-06 6.07791E-06 3.31004E-03 2.57741E-03 3.96723E-03 1.10731E-01 3.60116E-01 1.16646E-03 6.07791E-06 1.74001E-06 1.05850E-01 
1.74001E-06 1.97270E-05 3.21511E-03 2.42972E-03 3.73750E-03 1.05236E-01 3.44597E-01 1.10398E-03 1.97270E-05 1.74001E-06 9.45978E-02 
1.74001E-06 3.25578E-05 3.11850E-03 2.28748E-03 3.51614E-03 9.98704E-02 3.29315E-01 1.04383E-03 3.25578E-05 1.74001E-06 8.43081E-02 
1.74001E-06 4.43656E-05 3.02031E-03 2.15066E-03 3.30319E-03 9.46427E-02 3.14301E-01 9.85898E-04 4.43656E-05 1.74001E-06 7.49440E-02 
1.74001E-06 5.50030E-05 2.92070E-03 2.01919E-03 3.09867E-03 8.95611E-02 2.99582E-01 9.30055E-04 5.50030E-05 1.74001E-06 6.64615E-02 
1.74001E-06 6.23680E-05 2.84278E-03 1.92112E-03 2.94620E-03 8.57341E-02 2.88412E-01 8.88231E-04 6.23680E-05 1.74001E-06 6.04722E-02 
1.74001E-06 6.43742E-05 2.81988E-03 1.89304E-03 2.90257E-03 8.46328E-02 2.85184E-01 8.76226E-04 6.43742E-05 1.74001E-06 5.88117E-02 
1.74001E-06 7.30047E-05 2.71011E-03 1.76294E-03 2.70057E-03 7.94976E-02 2.70045E-01 8.20380E-04 7.30047E-05 1.74001E-06 5.14359E-02 
1.74001E-06 8.00984E-05 2.59960E-03 1.63895E-03 2.50832E-03 7.45537E-02 2.55330E-01 7.66773E-04 8.00984E-05 1.74001E-06 4.48984E-02 
1.74001E-06 8.56922E-05 2.48874E-03 1.52101E-03 2.32576E-03 6.98059E-02 2.41062E-01 7.15382E-04 8.56922E-05 1.74001E-06 3.91288E-02 
1.74001E-06 8.98587E-05 2.37794E-03 1.40908E-03 2.15281E-03 6.52578E-02 2.27260E-01 6.66206E-04 8.98587E-05 1.74001E-06 3.40574E-02 
9.16931E-06 9.26591E-05 2.26876E-03 1.30420E-03 1.99104E-03 6.09566E-02 2.14077E-01 6.19735E-04 9.26591E-05 9.16931E-06 2.95732E-02 
1.86060E-05 9.42553E-05 2.15996E-03 1.20461E-03 1.83772E-03 5.68359E-02 2.01322E-01 5.75225E-04 9.42553E-05 1.86060E-05 2.56362E-02 
2.63886E-05 9.47661E-05 2.05170E-03 1.11008E-03 1.69246E-03 5.28889E-02 1.88981E-01 5.32617E-04 9.47661E-05 2.63886E-05 2.21995E-02 
3.26527E-05 9.43098E-05 1.94447E-03 1.02065E-03 1.55527E-03 4.91198E-02 1.77075E-01 4.91975E-04 9.43098E-05 3.26527E-05 1.92104E-02 
3.75420E-05 9.30094E-05 1.83870E-03 9.36319E-04 1.42614E-03 4.55316E-02 1.65623E-01 4.53350E-04 9.30094E-05 3.75420E-05 1.66188E-02 
4.12032E-05 9.09888E-05 1.73481E-03 8.57071E-04 1.30498E-03 4.21255E-02 1.54637E-01 4.16778E-04 9.09888E-05 4.12032E-05 1.43774E-02 
4.37819E-05 8.83688E-05 1.63320E-03 7.82840E-04 1.19164E-03 3.89018E-02 1.44128E-01 3.82275E-04 8.83688E-05 4.37819E-05 1.24428E-02 
4.54195E-05 8.52649E-05 1.53421E-03 7.13531E-04 1.08596E-03 3.58591E-02 1.34102E-01 3.49844E-04 8.52649E-05 4.54195E-05 1.07754E-02 
4.62509E-05 8.17850E-05 1.43815E-03 6.49024E-04 9.87714E-04 3.29952E-02 1.24563E-01 3.19468E-04 8.17850E-05 4.62509E-05 9.33965E-03 
4.64030E-05 7.80288E-05 1.34529E-03 5.89173E-04 8.96643E-04 3.03067E-02 1.15509E-01 2.91118E-04 7.80288E-05 4.64030E-05 8.10408E-03 
4.59939E-05 7.40872E-05 1.25584E-03 5.33812E-04 8.12470E-04 2.77895E-02 1.06938E-01 2.64751E-04 7.40872E-05 4.59939E-05 7.04104E-03 
4.51322E-05 7.00420E-05 1.16999E-03 4.82759E-04 7.34893E-04 2.54386E-02 9.88427E-02 2.40314E-04 7.00420E-05 4.51322E-05 6.12649E-03 
4.39176E-05 6.59665E-05 1.08789E-03 4.35821E-04 6.63593E-04 2.32484E-02 9.12162E-02 2.17745E-04 6.59665E-05 4.39176E-05 5.33970E-03 
1.14292E-06 2.10228E-05 3.46814E-03 2.15706E-03 3.36769E-03 1.05044E-01 3.53810E-01 9.40996E-04 2.10228E-05 1.14292E-06 1.00798E-01 
1.14292E-06 2.10228E-05 3.35214E-03 2.02456E-03 3.16306E-03 9.97183E-02 3.38263E-01 8.82815E-04 2.10228E-05 1.14292E-06 9.00672E-02 
1.14292E-06 3.39517E-06 3.23850E-03 1.90059E-03 2.97053E-03 9.45983E-02 3.23187E-01 8.29388E-04 3.39517E-06 1.14292E-06 8.03115E-02 
1.14292E-06 1.12464E-05 3.12683E-03 1.78430E-03 2.78908E-03 8.96748E-02 3.08562E-01 7.80074E-04 1.12464E-05 1.14292E-06 7.14438E-02 
1.14292E-06 1.88765E-05 3.01493E-03 1.67299E-03 2.61503E-03 8.48801E-02 2.94199E-01 7.33151E-04 1.88765E-05 1.14292E-06 6.33881E-02 
1.14292E-06 2.60859E-05 2.90293E-03 1.56655E-03 2.44835E-03 8.02224E-02 2.80126E-01 6.88451E-04 2.60859E-05 1.14292E-06 5.61050E-02 
1.14292E-06 3.27230E-05 2.79101E-03 1.46488E-03 2.28899E-03 7.57084E-02 2.66367E-01 6.45830E-04 3.27230E-05 1.14292E-06 4.95498E-02 
1.14292E-06 3.73958E-05 2.70458E-03 1.38943E-03 2.17065E-03 7.23179E-02 2.55951E-01 6.14205E-04 3.73958E-05 1.14292E-06 4.49473E-02 
1.14292E-06 3.86798E-05 2.67935E-03 1.36789E-03 2.13687E-03 7.13437E-02 2.52945E-01 6.05173E-04 3.86798E-05 1.14292E-06 4.36753E-02 
1.14292E-06 4.42623E-05 2.55954E-03 1.26844E-03 1.98089E-03 6.68105E-02 2.38875E-01 5.63428E-04 4.42623E-05 1.14292E-06 3.80472E-02 
1.14292E-06 4.89324E-05 2.44062E-03 1.17423E-03 1.83315E-03 6.24610E-02 2.25241E-01 5.23766E-04 4.89324E-05 1.14292E-06 3.30904E-02 
1.14292E-06 5.26863E-05 2.32294E-03 1.08514E-03 1.69350E-03 5.82984E-02 2.12063E-01 4.86114E-04 5.26863E-05 1.14292E-06 2.87425E-02 
1.14292E-06 5.55501E-05 2.20684E-03 1.00108E-03 1.56182E-03 5.43250E-02 1.99356E-01 4.50419E-04 5.55501E-05 1.14292E-06 2.49428E-02 
6.03106E-06 5.75330E-05 2.09380E-03 9.22740E-04 1.43922E-03 5.05807E-02 1.87259E-01 4.16971E-04 5.75330E-05 6.03106E-06 2.16045E-02 
1.22596E-05 5.87524E-05 1.98245E-03 8.48770E-04 1.32355E-03 4.70066E-02 1.75592E-01 3.85209E-04 5.87524E-05 1.22596E-05 1.86882E-02 
1.74136E-05 5.92776E-05 1.87288E-03 7.78942E-04 1.21446E-03 4.35956E-02 1.64342E-01 3.55051E-04 5.92776E-05 1.74136E-05 1.61538E-02 
2.15740E-05 5.91762E-05 1.76546E-03 7.13236E-04 1.11191E-03 4.03507E-02 1.53525E-01 3.26507E-04 5.91762E-05 2.15740E-05 1.39580E-02 
2.48294E-05 5.85214E-05 1.66056E-03 6.51610E-04 1.01582E-03 3.72731E-02 1.43156E-01 2.99577E-04 5.85214E-05 2.48294E-05 1.20606E-02 
2.72718E-05 5.73886E-05 1.55849E-03 5.93994E-04 9.26051E-04 3.43632E-02 1.33244E-01 2.74253E-04 5.73886E-05 2.72718E-05 1.04242E-02 
2.89942E-05 5.58529E-05 1.45955E-03 5.40300E-04 8.42462E-04 3.16198E-02 1.23795E-01 2.50518E-04 5.58529E-05 2.89942E-05 9.01483E-03 
3.00882E-05 5.39876E-05 1.36398E-03 4.90417E-04 7.64861E-04 2.90408E-02 1.14814E-01 2.28346E-04 5.39876E-05 3.00882E-05 7.80213E-03 
3.06421E-05 5.18621E-05 1.27200E-03 4.44219E-04 6.93035E-04 2.66232E-02 1.06299E-01 2.07701E-04 5.18621E-05 3.06421E-05 6.75910E-03 
3.07402E-05 4.95418E-05 1.18378E-03 4.01565E-04 6.26747E-04 2.43629E-02 9.82464E-02 1.88541E-04 4.95418E-05 3.07402E-05 5.86210E-03 
3.04619E-05 4.70877E-05 1.09945E-03 3.62303E-04 5.65748E-04 2.22554E-02 9.06516E-02 1.70820E-04 4.70877E-05 3.04619E-05 5.09064E-03 
2.98814E-05 4.45556E-05 1.01912E-03 3.26274E-04 5.09777E-04 2.02954E-02 8.35059E-02 1.54484E-04 4.45556E-05 2.98814E-05 4.42713E-03 
2.90679E-05 4.19971E-05 9.42830E-04 2.93313E-04 4.58563E-04 1.84770E-02 7.67989E-02 1.39477E-04 4.19971E-05 2.90679E-05 3.85653E-03 
7.36939E-07 1.13992E-05 3.36450E-03 1.56109E-03 2.48717E-03 8.90131E-02 3.15962E-01 6.46915E-04 1.13992E-05 7.36939E-07 7.53617E-02 
7.36939E-07 1.13992E-05 3.23480E-03 1.45902E-03 2.32806E-03 8.42785E-02 3.01393E-01 6.02828E-04 1.13992E-05 7.36939E-07 6.70224E-02 
7.36939E-07 1.70807E-06 3.10863E-03 1.36402E-03 2.17896E-03 7.97401E-02 2.87303E-01 5.62740E-04 1.70807E-06 7.36939E-07 5.94967E-02 
7.36939E-07 5.87573E-06 2.98559E-03 1.27539E-03 2.03900E-03 7.53886E-02 2.73671E-01 5.26099E-04 5.87573E-06 7.36939E-07 5.27061E-02 
7.36939E-07 1.01594E-05 2.86354E-03 1.19102E-03 1.90533E-03 7.11634E-02 2.60318E-01 4.91604E-04 1.01594E-05 7.36939E-07 4.65761E-02 
7.36939E-07 1.43775E-05 2.74264E-03 1.11081E-03 1.77787E-03 6.70713E-02 2.47270E-01 4.59083E-04 1.43775E-05 7.36939E-07 4.10680E-02 
7.36939E-07 1.83877E-05 2.62304E-03 1.03461E-03 1.65653E-03 6.31176E-02 2.34549E-01 4.28383E-04 1.83877E-05 7.36939E-07 3.61403E-02 
7.36939E-07 2.12793E-05 2.53153E-03 9.78329E-04 1.56678E-03 6.01562E-02 2.24943E-01 4.05798E-04 2.12793E-05 7.36939E-07 3.26986E-02 
7.36939E-07 2.20837E-05 2.50495E-03 9.62307E-04 1.54120E-03 5.93067E-02 2.22175E-01 3.99378E-04 2.20837E-05 7.36939E-07 3.17502E-02 
7.36939E-07 2.56323E-05 2.37955E-03 8.88592E-04 1.42347E-03 5.53618E-02 2.09240E-01 3.69881E-04 2.56323E-05 7.36939E-07 2.75688E-02 
7.36939E-07 2.86730E-05 2.25640E-03 8.19149E-04 1.31246E-03 5.15901E-02 1.96746E-01 3.42121E-04 2.86730E-05 7.36939E-07 2.39075E-02 
7.36939E-07 3.11802E-05 2.13579E-03 7.53849E-04 1.20801E-03 4.79934E-02 1.84709E-01 3.16004E-04 3.11802E-05 7.36939E-07 2.07135E-02 
7.36939E-07 3.31528E-05 2.01799E-03 6.92566E-04 1.10997E-03 4.45727E-02 1.73139E-01 2.91454E-04 3.31528E-05 7.36939E-07 1.79363E-02 
3.89693E-06 3.45760E-05 1.90441E-03 6.35761E-04 1.01909E-03 4.13614E-02 1.62160E-01 2.68632E-04 3.45760E-05 3.89693E-06 1.55100E-02 
7.94335E-06 3.55290E-05 1.79358E-03 5.82410E-04 9.33740E-04 3.83073E-02 1.51607E-01 2.47131E-04 3.55290E-05 7.94335E-06 1.33992E-02 
1.13097E-05 3.60476E-05 1.68550E-03 5.32309E-04 8.53609E-04 3.54039E-02 1.41465E-01 2.26868E-04 3.60476E-05 1.13097E-05 1.15711E-02 
1.40402E-05 3.61661E-05 1.58048E-03 4.85408E-04 7.78616E-04 3.26524E-02 1.31747E-01 2.07822E-04 3.61661E-05 1.40402E-05 9.99175E-03 
1.61858E-05 3.59247E-05 1.47878E-03 4.41639E-04 7.08654E-04 3.00533E-02 1.22464E-01 1.89971E-04 3.59247E-05 1.61858E-05 8.63001E-03 
1.78016E-05 3.53665E-05 1.38064E-03 4.00920E-04 6.43591E-04 2.76055E-02 1.13621E-01 1.73286E-04 3.53665E-05 1.78016E-05 7.45741E-03 
1.89447E-05 3.45366E-05 1.28627E-03 3.63156E-04 5.83270E-04 2.53073E-02 1.05221E-01 1.57737E-04 3.45366E-05 1.89447E-05 6.44845E-03 
1.96722E-05 3.34796E-05 1.19582E-03 3.28239E-04 5.27514E-04 2.31558E-02 9.72660E-02 1.43289E-04 3.34796E-05 1.96722E-05 5.58054E-03 
2.00409E-05 3.22397E-05 1.10941E-03 2.96053E-04 4.76132E-04 2.11473E-02 8.97513E-02 1.29902E-04 3.22397E-05 2.00409E-05 4.83392E-03 
2.01057E-05 3.08593E-05 1.02715E-03 2.66476E-04 4.28919E-04 1.92775E-02 8.26717E-02 1.17538E-04 3.08593E-05 2.01057E-05 4.19149E-03 
1.99198E-05 2.93795E-05 9.49073E-04 2.39380E-04 3.85664E-04 1.75416E-02 7.60193E-02 1.06154E-04 2.93795E-05 1.99198E-05 3.63860E-03 
1.95338E-05 2.78390E-05 8.75210E-04 2.14634E-04 3.46150E-04 1.59342E-02 6.97840E-02 9.57080E-05 2.78390E-05 1.95338E-05 3.16280E-03 
1.89962E-05 2.62749E-05 8.05549E-04 1.92108E-04 3.10160E-04 1.44495E-02 6.39539E-02 8.61572E-05 2.62749E-05 1.89962E-05 2.75357E-03 
4.66803E-07 5.56018E-06 3.19421E-03 1.09654E-03 1.79626E-03 7.43083E-02 2.79321E-01 4.22869E-04 5.56018E-06 4.66803E-07 5.48708E-02 
4.66803E-07 5.56018E-06 3.05654E-03 1.02062E-03 1.67565E-03 7.01624E-02 2.65823E-01 3.91350E-04 5.56018E-06 4.66803E-07 4.85901E-02 
4.66803E-07 7.10626E-07 2.92333E-03 9.50328E-04 1.56306E-03 6.62002E-02 2.52803E-01 3.62985E-04 7.10626E-07 4.66803E-07 4.29620E-02 
4.66803E-07 2.66091E-06 2.79418E-03 8.85067E-04 1.45777E-03 6.24128E-02 2.40241E-01 3.37323E-04 2.66091E-06 4.66803E-07 3.79193E-02 
4.66803E-07 4.88540E-06 2.66702E-03 8.23289E-04 1.35763E-03 5.87466E-02 2.27968E-01 3.13419E-04 4.88540E-06 4.66803E-07 3.33939E-02 
4.66803E-07 7.22804E-06 2.54200E-03 7.64856E-04 1.26254E-03 5.52070E-02 2.16009E-01 2.91114E-04 7.22804E-06 4.66803E-07 2.93512E-02 
4.66803E-07 9.56454E-06 2.41930E-03 7.09638E-04 1.17238E-03 5.17981E-02 2.04382E-01 2.70266E-04 9.56454E-06 4.66803E-07 2.57546E-02 
4.66803E-07 1.13066E-05 2.32606E-03 6.69042E-04 1.10593E-03 4.92522E-02 1.95623E-01 2.55058E-04 1.13066E-05 4.66803E-07 2.32547E-02 
4.66803E-07 1.17993E-05 2.29909E-03 6.57514E-04 1.08704E-03 4.85231E-02 1.93103E-01 2.50755E-04 1.17993E-05 4.66803E-07 2.25676E-02 
4.66803E-07 1.40151E-05 2.17248E-03 6.04646E-04 1.00029E-03 4.51447E-02 1.81349E-01 2.31098E-04 1.40151E-05 4.66803E-07 1.95482E-02 
4.66803E-07 1.59728E-05 2.04920E-03 5.55107E-04 9.18851E-04 4.19266E-02 1.70032E-01 2.12768E-04 1.59728E-05 4.66803E-07 1.69180E-02 
4.66803E-07 1.76381E-05 1.92948E-03 5.08767E-04 8.42570E-04 3.88693E-02 1.59163E-01 1.95673E-04 1.76381E-05 4.66803E-07 1.46343E-02 
4.66803E-07 1.89964E-05 1.81350E-03 4.65499E-04 7.71279E-04 3.59726E-02 1.48750E-01 1.79736E-04 1.89964E-05 4.66803E-07 1.26570E-02 
2.47586E-06 2.00280E-05 1.70262E-03 4.25600E-04 7.05498E-04 3.32639E-02 1.38903E-01 1.65038E-04 2.00280E-05 2.47586E-06 1.09373E-02 
5.06654E-06 2.07799E-05 1.59527E-03 3.88315E-04 6.43996E-04 3.06979E-02 1.29469E-01 1.51295E-04 2.07799E-05 5.06654E-06 9.44599E-03 
7.23822E-06 2.12651E-05 1.49141E-03 3.53473E-04 5.86509E-04 2.82682E-02 1.20434E-01 1.38434E-04 2.12651E-05 7.23822E-06 8.15721E-03 
9.01163E-06 2.14976E-05 1.39125E-03 3.21012E-04 5.32945E-04 2.59750E-02 1.11806E-01 1.26422E-04 2.14976E-05 9.01163E-06 7.04556E-03 
1.04134E-05 2.14967E-05 1.29500E-03 2.90859E-04 4.83194E-04 2.38177E-02 1.03592E-01 1.15228E-04 2.14967E-05 1.04134E-05 6.08782E-03 
1.14742E-05 2.12852E-05 1.20280E-03 2.62934E-04 4.37128E-04 2.17946E-02 9.57971E-02 1.04819E-04 2.12852E-05 1.14742E-05 5.26315E-03 
1.22273E-05 2.08883E-05 1.11478E-03 2.37151E-04 3.94605E-04 1.99032E-02 8.84199E-02 9.51638E-05 2.08883E-05 1.22273E-05 4.55311E-03 
1.27074E-05 2.03327E-05 1.03102E-03 2.13417E-04 3.55471E-04 1.81401E-02 8.14582E-02 8.62291E-05 2.03327E-05 1.27074E-05 3.94157E-03 
1.29497E-05 1.96457E-05 9.51567E-04 1.91635E-04 3.19563E-04 1.65015E-02 7.49068E-02 7.79823E-05 1.96457E-05 1.29497E-05 3.41462E-03 
1.29901E-05 1.88552E-05 8.76435E-04 1.71707E-04 2.86714E-04 1.49829E-02 6.87580E-02 7.03914E-05 1.88552E-05 1.29901E-05 2.96035E-03 
1.28639E-05 1.79891E-05 8.05612E-04 1.53532E-04 2.56753E-04 1.35792E-02 6.30023E-02 6.34255E-05 1.79891E-05 1.28639E-05 2.56872E-03 
1.26064E-05 1.70753E-05 7.39056E-04 1.37011E-04 2.29508E-04 1.22853E-02 5.76283E-02 5.70552E-05 1.70753E-05 1.26064E-05 2.23126E-03 
1.22520E-05 1.61414E-05 6.76700E-04 1.22049E-04 2.04809E-04 1.10956E-02 5.26232E-02 5.12533E-05 1.61414E-05 1.22520E-05 1.94091E-03 
2.91184E-07 2.23757E-06 2.96455E-03 7.45697E-04 1.26624E-03 6.09774E-02 2.44241E-01 2.61678E-04 2.23757E-06 2.91184E-07 3.88211E-02 
2.91184E-07 2.23757E-06 2.82438E-03 6.91327E-04 1.17724E-03 5.74081E-02 2.31884E-01 2.40412E-04 2.23757E-06 2.91184E-07 3.42484E-02 
2.91184E-07 1.68834E-07 2.68936E-03 6.41232E-04 1.09446E-03 5.40078E-02 2.19996E-01 2.21491E-04 1.68834E-07 2.91184E-07 3.01784E-02 
2.91184E-07 8.74731E-07 2.55910E-03 5.94945E-04 1.01733E-03 5.07679E-02 2.08557E-01 2.04567E-04 8.74731E-07 2.91184E-07 2.65561E-02 
2.91184E-07 1.89901E-06 2.43160E-03 5.51347E-04 9.44250E-04 4.76419E-02 1.97413E-01 1.88982E-04 1.89901E-06 2.91184E-07 2.33232E-02 
2.91184E-07 3.11457E-06 2.30703E-03 5.10315E-04 8.75127E-04 4.46338E-02 1.86583E-01 1.74597E-04 3.11457E-06 2.91184E-07 2.04505E-02 
2.91184E-07 4.41907E-06 2.18554E-03 4.71726E-04 8.09847E-04 4.17465E-02 1.76083E-01 1.61292E-04 4.41907E-06 2.91184E-07 1.79079E-02 
2.91184E-07 5.43800E-06 2.09375E-03 4.43475E-04 7.61903E-04 3.95969E-02 1.68195E-01 1.51673E-04 5.43800E-06 2.91184E-07 1.61480E-02 
2.91184E-07 5.73255E-06 2.06729E-03 4.35471E-04 7.48300E-04 3.89823E-02 1.65928E-01 1.48965E-04 5.73255E-06 2.91184E-07 1.56655E-02 
2.91184E-07 7.09011E-06 1.94360E-03 3.98875E-04 6.85992E-04 3.61413E-02 1.55377E-01 1.36667E-04 7.09011E-06 2.91184E-07 1.35508E-02 
2.91184E-07 8.33510E-06 1.82404E-03 3.64749E-04 6.27754E-04 3.34455E-02 1.45251E-01 1.25310E-04 8.33510E-06 2.91184E-07 1.17167E-02 
2.91184E-07 9.43314E-06 1.70875E-03 3.32978E-04 5.73436E-04 3.08946E-02 1.35557E-01 1.14813E-04 9.43314E-06 2.91184E-07 1.01302E-02 
2.91184E-07 1.03648E-05 1.59788E-03 3.03451E-04 5.22892E-04 2.84874E-02 1.26302E-01 1.05109E-04 1.03648E-05 2.91184E-07 8.76095E-03 
1.55068E-06 1.11178E-05 1.49264E-03 2.76357E-04 4.76469E-04 2.62457E-02 1.17579E-01 9.62383E-05 1.11178E-05 1.55068E-06 7.57405E-03 
3.19010E-06 1.17110E-05 1.39149E-03 2.51154E-04 4.33259E-04 2.41309E-02 1.09251E-01 8.80081E-05 1.17110E-05 3.19010E-06 6.54653E-03 
4.57811E-06 1.21430E-05 1.29430E-03 2.27705E-04 3.93046E-04 2.21367E-02 1.01301E-01 8.03563E-05 1.21430E-05 4.57811E-06 5.65921E-03 
5.72130E-06 1.24159E-05 1.20123E-03 2.05949E-04 3.55741E-04 2.02627E-02 9.37377E-02 7.32505E-05 1.24159E-05 5.72130E-06 4.89375E-03 
6.63121E-06 1.25365E-05 1.11239E-03 1.85821E-04 3.21242E-04 1.85074E-02 8.65635E-02 6.66598E-05 1.25365E-05 6.63121E-06 4.23362E-03 
7.32317E-06 1.25153E-05 1.02788E-03 1.67254E-04 2.89436E-04 1.68685E-02 7.97792E-02 6.05553E-05 1.25153E-05 7.32317E-06 3.66419E-03 
7.81522E-06 1.23652E-05 9.47743E-04 1.50176E-04 2.60204E-04 1.53432E-02 7.33826E-02 5.49095E-05 1.23652E-05 7.81522E-06 3.17266E-03 
8.12749E-06 1.21016E-05 8.71987E-04 1.34514E-04 2.33418E-04 1.39278E-02 6.73690E-02 4.96967E-05 1.21016E-05 8.12749E-06 2.74803E-03 
8.28172E-06 1.17414E-05 8.00600E-04 1.20194E-04 2.08948E-04 1.26184E-02 6.17315E-02 4.48928E-05 1.17414E-05 8.28172E-06 2.38090E-03 
8.30095E-06 1.13030E-05 7.33537E-04 1.07145E-04 1.86662E-04 1.14105E-02 5.64608E-02 4.04763E-05 1.13030E-05 8.30095E-06 2.06338E-03 
8.20931E-06 1.08063E-05 6.70730E-04 9.52927E-05 1.66428E-04 1.02992E-02 5.15464E-02 3.64279E-05 1.08063E-05 8.20931E-06 1.78887E-03 
8.03183E-06 1.02721E-05 6.12085E-04 8.45689E-05 1.48116E-04 9.27969E-03 4.69761E-02 3.27312E-05 1.02721E-05 8.03183E-06 1.55191E-03 
7.79419E-06 9.72224E-06 5.57493E-04 7.49067E-05 1.31601E-04 8.34675E-03 4.27365E-02 2.93722E-05 9.72224E-06 7.79419E-06 1.34798E-03 
1.79817E-07 5.04830E-07 2.68615E-03 4.89924E-04 8.69419E-04 4.90459E-02 2.11028E-01 1.52256E-04 5.04830E-07 1.79817E-07 2.66147E-02 
1.79817E-07 5.04830E-07 2.54855E-03 4.52565E-04 8.05602E-04 4.60325E-02 1.99857E-01 1.38745E-04 5.04830E-07 1.79817E-07 2.34077E-02 
1.79817E-07 -8.90850E-08 2.41653E-03 4.18298E-04 7.46442E-04 4.31715E-02 1.89140E-01 1.26884E-04 -8.90850E-08 1.79817E-07 2.05716E-02 
1.79817E-07 -1.55245E-08 2.28974E-03 3.86775E-04 6.91504E-04 4.04549E-02 1.78857E-01 1.16417E-04 -1.55245E-08 1.79817E-07 1.80634E-02 
1.79817E-07 3.55693E-07 2.16628E-03 3.57219E-04 6.39644E-04 3.78428E-02 1.68867E-01 1.06904E-04 3.55693E-07 1.79817E-07 1.58361E-02 
1.79817E-07 9.26171E-07 2.04630E-03 3.29523E-04 5.90772E-04 3.53380E-02 1.59186E-01 9.82345E-05 9.26171E-07 1.79817E-07 1.38663E-02 
1.79817E-07 1.61624E-06 1.92994E-03 3.03587E-04 5.44788E-04 3.29426E-02 1.49827E-01 9.03134E-05 1.61624E-06 1.79817E-07 1.21305E-02 
1.79817E-07 2.19185E-06 1.84247E-03 2.84667E-04 5.11130E-04 3.11649E-02 1.42814E-01 8.46455E-05 2.19185E-06 1.79817E-07 1.09335E-02 
1.79817E-07 2.36309E-06 1.81733E-03 2.79318E-04 5.01598E-04 3.06577E-02 1.40801E-01 8.30587E-05 2.36309E-06 1.79817E-07 1.06059E-02 
1.79817E-07 3.17705E-06 1.70025E-03 2.54919E-04 4.58047E-04 2.83184E-02 1.31454E-01 7.59030E-05 3.17705E-06 1.79817E-07 9.17345E-03 
1.79817E-07 3.95746E-06 1.58780E-03 2.32260E-04 4.17509E-04 2.61079E-02 1.22512E-01 6.93668E-05 3.95746E-06 1.79817E-07 7.93511E-03 
1.79817E-07 4.67430E-06 1.48007E-03 2.11246E-04 3.79860E-04 2.40250E-02 1.13981E-01 6.33870E-05 4.67430E-06 1.79817E-07 6.86673E-03 
1.79817E-07 5.30842E-06 1.37714E-03 1.91791E-04 3.44975E-04 2.20679E-02 1.05864E-01 5.79105E-05 5.30842E-06 1.79817E-07 5.94627E-03 
9.62691E-07 5.86177E-06 1.28009E-03 1.74020E-04 3.13091E-04 2.02533E-02 9.82397E-02 5.29630E-05 5.86177E-06 9.62691E-07 5.14974E-03 
1.99403E-06 6.32853E-06 1.18741E-03 1.57551E-04 2.83545E-04 1.85490E-02 9.09861E-02 4.84118E-05 6.32853E-06 1.99403E-06 4.46013E-03 
2.87801E-06 6.69833E-06 1.09894E-03 1.42278E-04 2.56168E-04 1.69490E-02 8.40871E-02 4.42066E-05 6.69833E-06 2.87801E-06 3.86390E-03 
3.61328E-06 6.96694E-06 1.01476E-03 1.28151E-04 2.30880E-04 1.54522E-02 7.75467E-02 4.03192E-05 6.96694E-06 3.61328E-06 3.34838E-03 
4.20255E-06 7.13420E-06 9.34924E-04 1.15119E-04 2.07595E-04 1.40566E-02 7.13659E-02 3.67240E-05 7.13420E-06 4.20255E-06 2.90237E-03 
4.65187E-06 7.20323E-06 8.59460E-04 1.03130E-04 1.86221E-04 1.27598E-02 6.55429E-02 3.33979E-05 7.20323E-06 4.65187E-06 2.51604E-03 
4.96997E-06 7.17994E-06 7.88354E-04 9.21306E-05 1.66661E-04 1.15584E-02 6.00736E-02 3.03205E-05 7.17994E-06 4.96997E-06 2.18096E-03 
5.16795E-06 7.07269E-06 7.21564E-04 8.20700E-05 1.48816E-04 1.04490E-02 5.49516E-02 2.74739E-05 7.07269E-06 5.16795E-06 1.88996E-03 
5.25902E-06 6.89211E-06 6.59022E-04 7.28969E-05 1.32586E-04 9.42762E-03 5.01687E-02 2.48430E-05 6.89211E-06 5.25902E-06 1.63704E-03 
5.25835E-06 6.65095E-06 6.00637E-04 6.45623E-05 1.17873E-04 8.48994E-03 4.57149E-02 2.24158E-05 6.65095E-06 5.25835E-06 1.41725E-03 
5.18294E-06 6.36399E-06 5.46299E-04 5.70196E-05 1.04578E-04 7.63156E-03 4.15788E-02 2.01833E-05 6.36399E-06 5.18294E-06 1.22653E-03 
5.05150E-06 6.04790E-06 4.95880E-04 5.02246E-05 9.26099E-05 6.84790E-03 3.77479E-02 1.81396E-05 6.04790E-06 5.05150E-06 1.06158E-03 
4.88417E-06 5.72098E-06 4.49239E-04 4.41366E-05 8.18775E-05 6.13435E-03 3.42089E-02 1.62818E-05 5.72098E-06 4.88417E-06 9.19694E-04 
1.11042E-07 -2.85093E-07 2.37162E-03 3.10573E-04 5.79685E-04 3.85032E-02 1.79884E-01 8.21679E-05 -2.85093E-07 1.11042E-07 1.76051E-02 
1.11042E-07 -2.85093E-07 2.24108E-03 2.86071E-04 5.35331E-04 3.60181E-02 1.69926E-01 7.41497E-05 -2.85093E-07 1.11042E-07 1.54507E-02 
1.11042E-07 -1.83185E-07 2.11634E-03 2.63684E-04 4.94339E-04 3.36673E-02 1.60400E-01 6.72300E-05 -1.83185E-07 1.11042E-07 1.35569E-02 
1.11042E-07 -3.82070E-07 1.99705E-03 2.43163E-04 4.56389E-04 3.14435E-02 1.51285E-01 6.12287E-05 -3.82070E-07 1.11042E-07 1.18920E-02 
1.11042E-07 -3.34453E-07 1.88143E-03 2.23991E-04 4.20687E-04 2.93131E-02 1.42455E-01 5.58659E-05 -3.34453E-07 1.11042E-07 1.04200E-02 
1.11042E-07 -1.12630E-07 1.76962E-03 2.06085E-04 3.87157E-04 2.72782E-02 1.33923E-01 5.10589E-05 -1.12630E-07 1.11042E-07 9.12341E-03 
1.11042E-07 2.24776E-07 1.66174E-03 1.89368E-04 3.55718E-04 2.53396E-02 1.25700E-01 4.67363E-05 2.24776E-07 1.11042E-07 7.98489E-03 
1.11042E-07 5.35312E-07 1.58103E-03 1.77202E-04 3.32779E-04 2.39060E-02 1.19555E-01 4.36852E-05 5.35312E-07 1.11042E-07 7.20192E-03 
1.11042E-07 6.31339E-07 1.55789E-03 1.73767E-04 3.26295E-04 2.34978E-02 1.17794E-01 4.28373E-05 6.31339E-07 1.11042E-07 6.98793E-03 
1.11042E-07 1.10620E-06 1.45053E-03 1.58125E-04 2.96737E-04 2.16202E-02 1.09632E-01 3.90485E-05 1.10620E-06 1.11042E-07 6.05360E-03 
1.11042E-07 1.58649E-06 1.34801E-03 1.43633E-04 2.69335E-04 1.98538E-02 1.01851E-01 3.56376E-05 1.58649E-06 1.11042E-07 5.24737E-03 
1.11042E-07 2.04845E-06 1.25039E-03 1.30224E-04 2.43990E-04 1.81969E-02 9.44528E-02 3.25583E-05 2.04845E-06 1.11042E-07 4.55244E-03 
1.11042E-07 2.47571E-06 1.15768E-03 1.17833E-04 2.20605E-04 1.66472E-02 8.74381E-02 2.97717E-05 2.47571E-06 1.11042E-07 3.95366E-03 
5.98458E-07 2.88701E-06 1.07083E-03 1.06559E-04 1.99346E-04 1.52172E-02 8.08735E-02 2.73047E-05 2.88701E-06 5.98458E-07 3.43525E-03 
1.25003E-06 3.25513E-06 9.88394E-04 9.61302E-05 1.79736E-04 1.38803E-02 7.46503E-02 2.50594E-05 3.25513E-06 1.25003E-06 2.98534E-03 
1.81647E-06 3.56376E-06 9.10172E-04 8.64699E-05 1.61642E-04 1.26313E-02 6.87531E-02 2.29955E-05 3.56376E-06 1.81647E-06 2.59485E-03 
2.29236E-06 3.80580E-06 8.36200E-04 7.75417E-05 1.45001E-04 1.14684E-02 6.31832E-02 2.10903E-05 3.80580E-06 2.29236E-06 2.25552E-03 
2.67555E-06 3.97748E-06 7.66479E-04 6.93100E-05 1.29744E-04 1.03896E-02 5.79396E-02 1.93242E-05 3.97748E-06 2.67555E-06 1.96012E-03 
2.96676E-06 4.07794E-06 7.00977E-04 6.17396E-05 1.15799E-04 9.39196E-03 5.30187E-02 1.76805E-05 4.07794E-06 2.96676E-06 1.70243E-03 
3.16922E-06 4.10899E-06 6.39634E-04 5.47967E-05 1.03093E-04 8.47246E-03 4.84148E-02 1.61454E-05 4.10899E-06 3.16922E-06 1.47721E-03 
3.28864E-06 4.07503E-06 5.82368E-04 4.84490E-05 9.15521E-05 7.62762E-03 4.41206E-02 1.47082E-05 4.07503E-06 3.28864E-06 1.28008E-03 
3.33309E-06 3.98298E-06 5.29071E-04 4.26657E-05 8.11044E-05 6.85374E-03 4.01268E-02 1.33612E-05 3.98298E-06 3.33309E-06 1.10747E-03 
3.31301E-06 3.84229E-06 4.79621E-04 3.74187E-05 7.16788E-05 6.14692E-03 3.64231E-02 1.21002E-05 3.84229E-06 3.31301E-06 9.56522E-04 
3.24115E-06 3.66488E-06 4.33880E-04 3.26822E-05 6.32079E-05 5.50318E-03 3.29979E-02 1.09241E-05 3.66488E-06 3.24115E-06 8.24955E-04 
3.13246E-06 3.46500E-06 3.91698E-04 2.84331E-05 5.56276E-05 4.91850E-03 2.98388E-02 9.83514E-06 3.46500E-06 3.13246E-06 7.10973E-04 
3.00379E-06 3.25897E-06 3.52919E-04 2.46508E-05 4.88779E-05 4.38884E-03 2.69328E-02 8.83858E-06 3.25897E-06 3.00379E-06 6.13152E-04 
7.02997E-08 -5.57062E-07 2.03883E-03 1.91646E-04 3.75994E-04 2.94247E-02 1.51289E-01 4.02551E-05 -5.57062E-07 7.02997E-08 1.12318E-02 
7.02997E-08 -5.57062E-07 1.91902E-03 1.76323E-04 3.46061E-04 2.74286E-02 1.42536E-01 3.58733E-05 -5.57062E-07 7.02997E-08 9.84939E-03 
7.02997E-08 -1.92457E-07 1.80497E-03 1.62353E-04 3.18468E-04 2.55478E-02 1.34186E-01 3.21834E-05 -1.92457E-07 7.02997E-08 8.64095E-03 
7.02997E-08 -4.69600E-07 1.69637E-03 1.49569E-04 2.92990E-04 2.37759E-02 1.26221E-01 2.90653E-05 -4.69600E-07 7.02997E-08 7.58421E-03 
7.02997E-08 -5.58878E-07 1.59157E-03 1.37642E-04 2.69091E-04 2.20853E-02 1.18528E-01 2.63492E-05 -5.58878E-07 7.02997E-08 6.65310E-03 
7.02997E-08 -5.10697E-07 1.49071E-03 1.26513E-04 2.46714E-04 2.04770E-02 1.11116E-01 2.39763E-05 -5.10697E-07 7.02997E-08 5.83528E-03 
7.02997E-08 -3.65838E-07 1.39385E-03 1.16127E-04 2.25797E-04 1.89514E-02 1.03994E-01 2.18957E-05 -3.65838E-07 7.02997E-08 5.11883E-03 
7.02997E-08 -2.08177E-07 1.32171E-03 1.08568E-04 2.10579E-04 1.78276E-02 9.86862E-02 2.04592E-05 -2.08177E-07 7.02997E-08 4.62686E-03 
7.02997E-08 -1.56608E-07 1.30108E-03 1.06433E-04 2.06284E-04 1.75083E-02 9.71681E-02 2.00648E-05 -1.56608E-07 7.02997E-08 4.49248E-03 
7.02997E-08 1.12410E-07 1.20567E-03 9.67079E-05 1.86751E-04 1.60437E-02 9.01443E-02 1.83289E-05 1.12410E-07 7.02997E-08 3.90598E-03 
7.02997E-08 4.03407E-07 1.11508E-03 8.76888E-05 1.68709E-04 1.46725E-02 8.34717E-02 1.68033E-05 4.03407E-07 7.02997E-08 3.39982E-03 
7.02997E-08 6.98868E-07 1.02931E-03 7.93316E-05 1.52088E-04 1.33926E-02 7.71503E-02 1.54560E-05 6.98868E-07 7.02997E-08 2.96297E-03 
7.02997E-08 9.85935E-07 9.48324E-04 7.15962E-05 1.36815E-04 1.22015E-02 7.11780E-02 1.42602E-05 9.85935E-07 7.02997E-08 2.58557E-03 
3.81793E-07 1.30008E-06 8.72918E-04 6.45709E-05 1.23017E-04 1.11078E-02 6.56096E-02 1.32515E-05 1.30008E-06 3.81793E-07 2.25768E-03 
8.04992E-07 1.59538E-06 8.01761E-04 5.80614E-05 1.10347E-04 1.00906E-02 6.03502E-02 1.23487E-05 1.59538E-06 8.04992E-07 1.97149E-03 
1.17820E-06 1.85159E-06 7.34636E-04 5.20121E-05 9.87062E-05 9.14498E-03 5.53851E-02 1.15181E-05 1.85159E-06 1.17820E-06 1.72128E-03 
1.49422E-06 2.06058E-06 6.71529E-04 4.64012E-05 8.80447E-05 8.26915E-03 5.07136E-02 1.07425E-05 2.06058E-06 1.49422E-06 1.50196E-03 
1.74842E-06 2.21689E-06 6.12398E-04 4.12079E-05 7.83107E-05 7.46078E-03 4.63330E-02 1.00076E-05 2.21689E-06 1.74842E-06 1.30913E-03 
1.93860E-06 2.31763E-06 5.57172E-04 3.64130E-05 6.94517E-05 6.71718E-03 4.22382E-02 9.30202E-06 2.31763E-06 1.93860E-06 1.13910E-03 
2.06495E-06 2.36245E-06 5.05759E-04 3.19989E-05 6.14148E-05 6.03540E-03 3.84228E-02 8.61747E-06 2.36245E-06 2.06495E-06 9.88825E-04 
2.13011E-06 2.35359E-06 4.58045E-04 2.79496E-05 5.41481E-05 5.41228E-03 3.48786E-02 7.94873E-06 2.35359E-06 2.13011E-06 8.55863E-04 
2.13927E-06 2.29601E-06 4.13902E-04 2.42515E-05 4.76014E-05 4.84450E-03 3.15962E-02 7.29393E-06 2.29601E-06 2.13927E-06 7.38298E-04 
2.10021E-06 2.19742E-06 3.73188E-04 2.08928E-05 4.17270E-05 4.32864E-03 2.85649E-02 6.65457E-06 2.19742E-06 2.10021E-06 6.34674E-04 
2.02336E-06 2.06829E-06 3.35752E-04 1.78642E-05 3.64807E-05 3.86128E-03 2.57737E-02 6.03553E-06 2.06829E-06 2.02336E-06 5.43914E-04 
1.92164E-06 1.92171E-06 3.01437E-04 1.51582E-05 3.18214E-05 3.43899E-03 2.32104E-02 5.44491E-06 1.92171E-06 1.92164E-06 4.65234E-04 
1.81016E-06 1.77309E-06 2.70083E-04 1.27695E-05 2.77120E-05 3.05840E-03 2.08627E-02 4.89368E-06 1.77309E-06 1.81016E-06 3.98056E-04 
4.69149E-08 -5.81251E-07 1.69889E-03 1.16330E-04 2.35612E-04 2.16645E-02 1.25033E-01 1.63447E-05 -5.81251E-07 4.69149E-08 6.83174E-03 
4.69149E-08 -5.81251E-07 1.59270E-03 1.07294E-04 2.16114E-04 2.01179E-02 1.17471E-01 1.42914E-05 -5.81251E-07 4.69149E-08 5.99775E-03 
4.69149E-08 -1.65746E-07 1.49204E-03 9.90392E-05 1.98172E-04 1.86672E-02 1.10280E-01 1.26423E-05 -1.65746E-07 4.69149E-08 5.27222E-03 
4.69149E-08 -4.31393E-07 1.39657E-03 9.14615E-05 1.81637E-04 1.73067E-02 1.03441E-01 1.13219E-05 -4.31393E-07 4.69149E-08 4.64065E-03 
4.69149E-08 -5.63168E-07 1.30487E-03 8.43665E-05 1.66162E-04 1.60145E-02 9.68548E-02 1.02346E-05 -5.63168E-07 4.69149E-08 4.08527E-03 
4.69149E-08 -5.94034E-07 1.21700E-03 7.77147E-05 1.51706E-04 1.47909E-02 9.05298E-02 9.34007E-06 -5.94034E-07 4.69149E-08 3.59810E-03 
4.69149E-08 -5.50487E-07 1.13303E-03 7.14713E-05 1.38228E-04 1.36356E-02 8.44716E-02 8.60425E-06 -5.50487E-07 4.69149E-08 3.17153E-03 
4.69149E-08 -4.79181E-07 1.07075E-03 6.69017E-05 1.28445E-04 1.27882E-02 7.99697E-02 8.12545E-06 -4.79181E-07 4.69149E-08 2.87853E-03 
4.69149E-08 -4.53456E-07 1.05299E-03 6.56067E-05 1.25688E-04 1.25480E-02 7.86841E-02 7.99847E-06 -4.53456E-07 4.69149E-08 2.79846E-03 
4.69149E-08 -3.07601E-07 9.71097E-04 5.96791E-05 1.13172E-04 1.14498E-02 7.27493E-02 7.46353E-06 -3.07601E-07 4.69149E-08 2.44859E-03 
4.69149E-08 -1.34279E-07 8.93774E-04 5.41360E-05 1.01651E-04 1.04272E-02 6.71318E-02 7.02687E-06 -1.34279E-07 4.69149E-08 2.14578E-03 
4.69149E-08 5.43570E-08 8.20974E-04 4.89544E-05 9.10767E-05 9.47769E-03 6.18297E-02 6.66743E-06 5.43570E-08 4.69149E-08 1.88325E-03 
4.69149E-08 2.48650E-07 7.52629E-04 4.41145E-05 8.13981E-05 8.59886E-03 5.68392E-02 6.36729E-06 2.48650E-07 4.69149E-08 1.65504E-03 
2.56761E-07 4.99394E-07 6.89380E-04 3.97092E-05 7.27232E-05 7.79644E-03 5.22043E-02 6.17425E-06 4.99394E-07 2.56761E-07 1.45518E-03 
5.46260E-07 7.44153E-07 6.30038E-04 3.55907E-05 6.47965E-05 7.05414E-03 4.78436E-02 6.01163E-06 7.44153E-07 5.46260E-07 1.27894E-03 
8.04499E-07 9.59765E-07 5.74379E-04 3.17213E-05 5.75425E-05 6.36789E-03 4.37430E-02 5.84995E-06 9.59765E-07 8.04499E-07 1.12296E-03 
1.02362E-06 1.13791E-06 5.22353E-04 2.80919E-05 5.09257E-05 5.73578E-03 3.99004E-02 5.67647E-06 1.13791E-06 1.02362E-06 9.84343E-04 
1.19779E-06 1.27244E-06 4.73886E-04 2.46954E-05 4.49092E-05 5.15558E-03 3.63118E-02 5.48119E-06 1.27244E-06 1.19779E-06 8.60621E-04 
1.32331E-06 1.35952E-06 4.28884E-04 2.15259E-05 3.94566E-05 4.62481E-03 3.29713E-02 5.25699E-06 1.35952E-06 1.32331E-06 7.49798E-04 
1.39871E-06 1.39770E-06 3.87232E-04 1.85795E-05 3.45319E-05 4.14084E-03 2.98719E-02 4.99980E-06 1.39770E-06 1.39871E-06 6.50308E-04 
1.42500E-06 1.38822E-06 3.48802E-04 1.58538E-05 3.01005E-05 3.70092E-03 2.70052E-02 4.70876E-06 1.38822E-06 1.42500E-06 5.60978E-04 
1.40587E-06 1.33509E-06 3.13456E-04 1.33481E-05 2.61300E-05 3.30223E-03 2.43618E-02 4.38638E-06 1.33509E-06 1.40587E-06 4.80984E-04 
1.34779E-06 1.24533E-06 2.81047E-04 1.10637E-05 2.25906E-05 2.94192E-03 2.19316E-02 4.03862E-06 1.24533E-06 1.34779E-06 4.09802E-04 
1.26007E-06 1.12891E-06 2.51423E-04 9.00330E-06 1.94559E-05 2.61717E-03 1.97037E-02 3.67481E-06 1.12891E-06 1.26007E-06 3.47144E-04 
1.15477E-06 9.98601E-07 2.24431E-04 7.17117E-06 1.67022E-05 2.32523E-03 1.76671E-02 3.30744E-06 9.98601E-07 1.15477E-06 2.92888E-04 
1.04631E-06 8.69673E-07 1.99920E-04 5.57256E-06 1.43095E-05 2.06342E-03 1.58104E-02 2.95173E-06 8.69673E-07 1.04631E-06 2.47012E-04 
3.45393E-08 -5.08060E-07 1.36898E-03 7.27605E-05 1.43215E-04 1.52445E-02 1.01436E-01 3.60080E-06 -5.08060E-07 3.45393E-08 3.94244E-03 
3.45393E-08 -5.08060E-07 1.27826E-03 6.77234E-05 1.30903E-04 1.40989E-02 9.50224E-02 2.99395E-06 -5.08060E-07 3.45393E-08 3.47543E-03 
3.45393E-08 -1.30058E-07 1.19260E-03 6.30613E-05 1.19577E-04 1.30299E-02 8.89424E-02 2.59681E-06 -1.30058E-07 3.45393E-08 3.07063E-03 
3.45393E-08 -3.52466E-07 1.11171E-03 5.87178E-05 1.09144E-04 1.20325E-02 8.31787E-02 2.36470E-06 -3.52466E-07 3.45393E-08 2.71943E-03 
3.45393E-08 -4.83932E-07 1.03435E-03 5.45866E-05 9.93900E-05 1.10900E-02 7.76459E-02 2.24960E-06 -4.83932E-07 3.45393E-08 2.41049E-03 
3.45393E-08 -5.44461E-07 9.60567E-04 5.06457E-05 9.02884E-05 1.02022E-02 7.23499E-02 2.22496E-06 -5.44461E-07 3.45393E-08 2.13917E-03 
3.45393E-08 -5.49941E-07 8.90389E-04 4.68775E-05 8.18139E-05 9.36838E-03 6.72940E-02 2.26854E-06 -5.49941E-07 3.45393E-08 1.90105E-03 
3.45393E-08 -5.24428E-07 8.38566E-04 4.40720E-05 7.56716E-05 8.75969E-03 6.35483E-02 2.33726E-06 -5.24428E-07 3.45393E-08 1.73702E-03 
3.45393E-08 -5.12857E-07 8.23820E-04 4.32691E-05 7.39422E-05 8.58763E-03 6.24805E-02 2.36191E-06 -5.12857E-07 3.45393E-08 1.69210E-03 
3.45393E-08 -4.36436E-07 7.56066E-04 3.95463E-05 6.61021E-05 7.80372E-03 5.75622E-02 2.50086E-06 -4.36436E-07 3.45393E-08 1.49516E-03 
3.45393E-08 -3.31772E-07 6.92442E-04 3.59899E-05 5.89043E-05 7.07801E-03 5.29247E-02 2.66400E-06 -3.31772E-07 3.45393E-08 1.32352E-03 
3.45393E-08 -2.07040E-07 6.32874E-04 3.25946E-05 5.23179E-05 6.40824E-03 4.85644E-02 2.83794E-06 -2.07040E-07 3.45393E-08 1.17337E-03 
3.45393E-08 -6.95210E-08 5.77269E-04 2.93571E-05 4.63117E-05 5.79199E-03 4.44767E-02 3.01106E-06 -6.95210E-08 3.45393E-08 1.04134E-03 
1.90086E-07 1.44604E-07 5.26131E-04 2.63824E-05 4.09866E-05 5.23270E-03 4.06954E-02 3.24332E-06 1.44604E-07 1.90086E-07 9.24015E-04 
4.06801E-07 3.58438E-07 4.78427E-04 2.35480E-05 3.61454E-05 4.71835E-03 3.71523E-02 3.45605E-06 3.58438E-07 4.06801E-07 8.18781E-04 
6.00895E-07 5.46443E-07 4.33937E-04 2.08291E-05 3.17311E-05 4.24561E-03 3.38342E-02 3.62201E-06 5.46443E-07 6.00895E-07 7.23851E-04 
7.64314E-07 7.00388E-07 3.92589E-04 1.82279E-05 2.77192E-05 3.81266E-03 3.07379E-02 3.73201E-06 7.00388E-07 7.64314E-07 6.37699E-04 
8.90676E-07 8.13909E-07 3.54289E-04 1.57486E-05 2.40854E-05 3.41753E-03 2.78586E-02 3.77948E-06 8.13909E-07 8.90676E-07 5.59093E-04 
9.75510E-07 8.82747E-07 3.18930E-04 1.33965E-05 2.08055E-05 3.05809E-03 2.51901E-02 3.76076E-06 8.82747E-07 9.75510E-07 4.87098E-04 
1.01655E-06 9.05051E-07 2.86390E-04 1.11783E-05 1.78566E-05 2.73213E-03 2.27252E-02 3.67525E-06 9.05051E-07 1.01655E-06 4.21068E-04 
1.01405E-06 8.81686E-07 2.56539E-04 9.10207E-06 1.52174E-05 2.43740E-03 2.04555E-02 3.52565E-06 8.81686E-07 1.01405E-06 3.60625E-04 
9.71072E-07 8.16495E-07 2.29240E-04 7.17729E-06 1.28686E-05 2.17164E-03 1.83722E-02 3.31811E-06 8.16495E-07 9.71072E-07 3.05630E-04 
8.93662E-07 7.16461E-07 2.04353E-04 5.41442E-06 1.07938E-05 1.93264E-03 1.64657E-02 3.06227E-06 7.16461E-07 8.93662E-07 2.56140E-04 
7.90887E-07 5.91720E-07 1.81737E-04 3.82502E-06 8.97925E-06 1.71821E-03 1.47263E-02 2.77114E-06 5.91720E-07 7.90887E-07 2.12367E-04 
6.74692E-07 4.55382E-07 1.61252E-04 2.42122E-06 7.41396E-06 1.52626E-03 1.31437E-02 2.46081E-06 4.55382E-07 6.74692E-07 1.74609E-04 
5.59539E-07 3.23135E-07 1.42764E-04 1.21535E-06 6.08974E-06 1.35479E-03 1.17079E-02 2.14995E-06 3.23135E-07 5.59539E-07 1.43199E-04 
2.89015E-08 -4.15273E-07 1.06233E-03 5.08016E-05 8.50456E-05 1.01025E-02 8.05549E-02 -2.78039E-06 -4.15273E-07 2.89015E-08 2.13315E-03 
2.89015E-08 -4.15273E-07 9.87827E-04 4.80904E-05 7.74463E-05 9.30482E-03 7.52281E-02 -2.46554E-06 -4.15273E-07 2.89015E-08 1.89717E-03 
2.89015E-08 -9.83108E-08 9.17787E-04 4.54787E-05 7.04387E-05 8.56490E-03 7.01953E-02 -2.07233E-06 -9.83108E-08 2.89015E-08 1.69294E-03 
2.89015E-08 -2.75024E-07 8.51942E-04 4.29435E-05 6.39709E-05 7.87865E-03 6.54402E-02 -1.62486E-06 -2.75024E-07 2.89015E-08 1.51598E-03 
2.89015E-08 -3.91215E-07 7.89250E-04 4.04338E-05 5.79149E-05 7.23406E-03 6.08910E-02 -1.14115E-06 -3.91215E-07 2.89015E-08 1.35964E-03 
2.89015E-08 -4.57867E-07 7.29737E-04 3.79418E-05 5.22575E-05 6.63055E-03 5.65513E-02 -6.38569E-07 -4.57867E-07 2.89015E-08 1.22158E-03 
2.89015E-08 -4.83531E-07 6.73403E-04 3.54639E-05 4.69860E-05 6.06718E-03 5.24230E-02 -1.31289E-07 -4.83531E-07 2.89015E-08 1.09962E-03 
2.89015E-08 -4.79556E-07 6.31985E-04 3.35564E-05 4.31643E-05 5.65814E-03 4.93741E-02 2.57022E-07 -4.79556E-07 2.89015E-08 1.01501E-03 
2.89015E-08 -4.74896E-07 6.20230E-04 3.30005E-05 4.20883E-05 5.54287E-03 4.85066E-02 3.69116E-07 -4.74896E-07 2.89015E-08 9.91733E-04 
2.89015E-08 -4.33380E-07 5.66394E-04 3.03639E-05 3.72122E-05 5.01976E-03 4.45200E-02 8.90159E-07 -4.33380E-07 2.89015E-08 8.89024E-04 
2.89015E-08 -3.64197E-07 5.16122E-04 2.77546E-05 3.27408E-05 4.53867E-03 4.07760E-02 1.38251E-06 -3.64197E-07 2.89015E-08 7.98347E-04 
2.89015E-08 -2.72984E-07 4.69322E-04 2.51814E-05 2.86577E-05 4.09756E-03 3.72702E-02 1.83796E-06 -2.72984E-07 2.89015E-08 7.17750E-04 
2.89015E-08 -1.65621E-07 4.25889E-04 2.26546E-05 2.49452E-05 3.69430E-03 3.39972E-02 2.24931E-06 -1.65621E-07 2.89015E-08 6.45490E-04 
1.59302E-07 3.22020E-08 3.86204E-04 2.02950E-05 2.17052E-05 3.33067E-03 3.09824E-02 2.68768E-06 3.22020E-08 1.59302E-07 5.79606E-04 
3.41127E-07 2.30985E-07 3.49400E-04 1.79904E-05 1.87756E-05 2.99829E-03 2.81695E-02 3.06943E-06 2.30985E-07 3.41127E-07 5.18867E-04 
5.02984E-07 4.03056E-07 3.15271E-04 1.57255E-05 1.61114E-05 2.69459E-03 2.55466E-02 3.36865E-06 4.03056E-07 5.02984E-07 4.62429E-04 
6.36711E-07 5.40270E-07 2.83731E-04 1.35121E-05 1.36973E-05 2.41802E-03 2.31098E-02 3.57918E-06 5.40270E-07 6.36711E-07 4.09576E-04 
7.35614E-07 6.36176E-07 2.54682E-04 1.13637E-05 1.15180E-05 2.16696E-03 2.08540E-02 3.69752E-06 6.36176E-07 7.35614E-07 3.59785E-04 
7.94840E-07 6.86396E-07 2.28014E-04 9.29443E-06 9.55860E-06 1.93971E-03 1.87729E-02 3.72315E-06 6.86396E-07 7.94840E-07 3.12741E-04 
8.11785E-07 6.89027E-07 2.03609E-04 7.31964E-06 7.80571E-06 1.73459E-03 1.68595E-02 3.65874E-06 6.89027E-07 8.11785E-07 2.68338E-04 
7.86495E-07 6.45034E-07 1.81345E-04 5.45540E-06 6.24742E-06 1.54988E-03 1.51061E-02 3.51038E-06 6.45034E-07 7.86495E-07 2.26667E-04 
7.21991E-07 5.58548E-07 1.61097E-04 3.71848E-06 4.87399E-06 1.38394E-03 1.35043E-02 3.28769E-06 5.58548E-07 7.21991E-07 1.87997E-04 
6.24465E-07 4.37039E-07 1.42739E-04 2.12611E-06 3.67803E-06 1.23515E-03 1.20457E-02 3.00383E-06 4.37039E-07 6.24465E-07 1.52743E-04 
5.03310E-07 2.91311E-07 1.26150E-04 6.95789E-07 2.65476E-06 1.10198E-03 1.07215E-02 2.67533E-06 2.91311E-07 5.03310E-07 1.21423E-04 
3.70929E-07 1.35274E-07 1.11213E-04 -5.55204E-07 1.80181E-06 9.82982E-04 9.52270E-03 2.32165E-06 1.35274E-07 3.70929E-07 9.46016E-05 
2.42323E-07 -1.45147E-08 9.78128E-05 -1.61027E-06 1.11900E-06 8.76793E-04 8.44066E-03 1.96467E-06 -1.45147E-08 2.42323E-07 7.28354E-05 
2.73642E-08 -3.34727E-07 7.89640E-04 4.29699E-05 5.03842E-05 6.16236E-03 6.24059E-02 -5.62614E-06 -3.34727E-07 2.73642E-08 1.06110E-03 
2.73642E-08 -3.34727E-07 7.31112E-04 4.14182E-05 4.56924E-05 5.65562E-03 5.80874E-02 -4.66843E-06 -3.34727E-07 2.73642E-08 9.59808E-04 
2.73642E-08 -7.48204E-08 6.76334E-04 3.97854E-05 4.13343E-05 5.18902E-03 5.40216E-02 -3.72598E-06 -7.48204E-08 2.73642E-08 8.71885E-04 
2.73642E-08 -2.14710E-07 6.25073E-04 3.80720E-05 3.72858E-05 4.75941E-03 5.01938E-02 -2.80954E-06 -2.14710E-07 2.73642E-08 7.95531E-04 
2.73642E-08 -3.13126E-07 5.76496E-04 3.62587E-05 3.34740E-05 4.35875E-03 4.65447E-02 -1.91803E-06 -3.13126E-07 2.73642E-08 7.27218E-04 
2.73642E-08 -3.75229E-07 5.30605E-04 3.43494E-05 2.98954E-05 3.98630E-03 4.30763E-02 -1.06299E-06 -3.75229E-07 2.73642E-08 6.66097E-04 
2.73642E-08 -4.04899E-07 4.87381E-04 3.23518E-05 2.65467E-05 3.64108E-03 3.97890E-02 -2.53462E-07 -4.04899E-07 2.73642E-08 6.11347E-04 
2.73642E-08 -4.07575E-07 4.55746E-04 3.07524E-05 2.41117E-05 3.39198E-03 3.73694E-02 3.37132E-07 -4.07575E-07 2.73642E-08 5.72848E-04 
2.73642E-08 -4.05226E-07 4.46791E-04 3.02768E-05 2.34252E-05 3.32202E-03 3.66822E-02 5.03475E-07 -4.05226E-07 2.73642E-08 5.62169E-04 
2.73642E-08 -3.75910E-07 4.05920E-04 2.79681E-05 2.03101E-05 3.00596E-03 3.35325E-02 1.25440E-06 -3.75910E-07 2.73642E-08 5.14493E-04 
2.73642E-08 -3.19423E-07 3.67974E-04 2.56042E-05 1.74504E-05 2.71736E-03 3.05868E-02 1.93234E-06 -3.19423E-07 2.73642E-08 4.71446E-04 
2.73642E-08 -2.40149E-07 3.32858E-04 2.32055E-05 1.48398E-05 2.45455E-03 2.78405E-02 2.53288E-06 -2.40149E-07 2.73642E-08 4.32117E-04 
2.73642E-08 -1.43490E-07 3.00462E-04 2.07933E-05 1.24703E-05 2.21584E-03 2.52878E-02 3.05219E-06 -1.43490E-07 2.73642E-08 3.95654E-04 
1.50470E-07 5.29344E-08 2.71071E-04 1.85061E-05 1.04485E-05 2.00194E-03 2.29470E-02 3.57154E-06 5.29344E-08 1.50470E-07 3.60814E-04 
3.20831E-07 2.48672E-07 2.43978E-04 1.62326E-05 8.63038E-06 1.80747E-03 2.07728E-02 4.00170E-06 2.48672E-07 3.20831E-07 3.27188E-04 
4.70300E-07 4.14035E-07 2.18996E-04 1.39643E-05 6.97913E-06 1.63061E-03 1.87547E-02 4.31798E-06 4.14035E-07 4.70300E-07 2.94434E-04 
5.90511E-07 5.40822E-07 1.96040E-04 1.17212E-05 5.48561E-06 1.47019E-03 1.68886E-02 4.51728E-06 5.40822E-07 5.90511E-07 2.62255E-04 
6.74509E-07 6.22512E-07 1.75015E-04 9.52466E-06 4.14089E-06 1.32503E-03 1.51693E-02 4.59930E-06 6.22512E-07 6.74509E-07 2.30499E-04 
7.17239E-07 6.54746E-07 1.55818E-04 7.39619E-06 2.93674E-06 1.19392E-03 1.35908E-02 4.56694E-06 6.54746E-07 7.17239E-07 1.99177E-04 
7.16033E-07 6.35815E-07 1.38344E-04 5.35790E-06 1.86609E-06 1.07570E-03 1.21467E-02 4.42641E-06 6.35815E-07 7.16033E-07 1.68475E-04 
6.71071E-07 5.67094E-07 1.22486E-04 3.43206E-06 9.23513E-07 9.69254E-04 1.08300E-02 4.18751E-06 5.67094E-07 6.71071E-07 1.38749E-04 
5.85726E-07 4.53368E-07 1.08137E-04 1.64091E-06 1.05551E-07 8.73497E-04 9.63330E-03 3.86368E-06 4.53368E-07 5.85726E-07 1.10506E-04 
4.66753E-07 3.02987E-07 9.51949E-05 6.43481E-09 -5.89027E-07 7.87418E-04 8.54918E-03 3.47187E-06 3.02987E-07 4.66753E-07 8.43756E-05 
3.24288E-07 1.27818E-07 8.35610E-05 -1.44996E-06 -1.15916E-06 7.10076E-04 7.57011E-03 3.03234E-06 1.27818E-07 3.24288E-07 6.10669E-05 
1.71596E-07 -5.70462E-08 7.31425E-05 -2.70794E-06 -1.60168E-06 6.40599E-04 6.68856E-03 2.56812E-06 -5.70462E-08 1.71596E-07 4.13146E-05 
2.45930E-08 -2.33820E-07 6.38528E-05 -3.74875E-06 -1.91167E-06 5.78193E-04 5.89716E-03 2.10435E-06 -2.33820E-07 2.45930E-08 2.58206E-05 
2.83440E-08 -2.73229E-07 5.58265E-04 4.41026E-05 3.11664E-05 3.33031E-03 4.69499E-02 -6.32385E-06 -2.73229E-07 2.83440E-08 4.65747E-04 
2.83440E-08 -2.73229E-07 5.14550E-04 4.29253E-05 2.81219E-05 3.05501E-03 4.35468E-02 -4.85320E-06 -2.73229E-07 2.83440E-08 4.35192E-04 
2.83440E-08 -5.93499E-08 4.73830E-04 4.15509E-05 2.52541E-05 2.80395E-03 4.03547E-02 -3.47349E-06 -5.93499E-08 2.83440E-08 4.08218E-04 
2.83440E-08 -1.72920E-07 4.35910E-04 3.99958E-05 2.25568E-05 2.57495E-03 3.73609E-02 -2.18667E-06 -1.72920E-07 2.83440E-08 3.84558E-04 
2.83440E-08 -2.55008E-07 4.00153E-04 3.82578E-05 1.99895E-05 2.36329E-03 3.45177E-02 -9.78641E-07 -2.55008E-07 2.83440E-08 3.62606E-04 
2.83440E-08 -3.07361E-07 3.66546E-04 3.63503E-05 1.75559E-05 2.16822E-03 3.18257E-02 1.42655E-07 -3.07361E-07 2.83440E-08 3.42325E-04 
2.83440E-08 -3.31221E-07 3.35059E-04 3.42901E-05 1.52596E-05 1.98889E-03 2.92843E-02 1.17155E-06 -3.31221E-07 2.83440E-08 3.23617E-04 
2.83440E-08 -3.30865E-07 3.12125E-04 3.26038E-05 1.35794E-05 1.86037E-03 2.74204E-02 1.90170E-06 -3.30865E-07 2.83440E-08 3.10118E-04 
2.83440E-08 -3.27761E-07 3.05651E-04 3.20972E-05 1.31043E-05 1.82441E-03 2.68921E-02 2.10410E-06 -3.27761E-07 2.83440E-08 3.06316E-04 
2.83440E-08 -2.95188E-07 2.76211E-04 2.96097E-05 1.09418E-05 1.66263E-03 2.44771E-02 2.99873E-06 -2.95188E-07 2.83440E-08 2.88965E-04 
2.83440E-08 -2.35489E-07 2.49046E-04 2.70235E-05 8.94925E-06 1.51586E-03 2.22288E-02 3.77643E-06 -2.35489E-07 2.83440E-08 2.72604E-04 
2.83440E-08 -1.52843E-07 2.24065E-04 2.43691E-05 7.12718E-06 1.38292E-03 2.01423E-02 4.43613E-06 -1.52843E-07 2.83440E-08 2.56801E-04 
2.83440E-08 -5.29447E-08 2.01164E-04 2.16770E-05 5.47405E-06 1.26263E-03 1.82119E-02 4.97726E-06 -5.29447E-08 2.83440E-08 2.41098E-04 
1.55163E-07 1.52538E-07 1.80555E-04 1.91043E-05 4.10231E-06 1.15514E-03 1.64503E-02 5.49078E-06 1.52538E-07 1.55163E-07 2.24505E-04 
3.28577E-07 3.53628E-07 1.61676E-04 1.65347E-05 2.87525E-06 1.05747E-03 1.48218E-02 5.88252E-06 3.53628E-07 3.28577E-07 2.07046E-04 
4.77931E-07 5.18687E-07 1.44367E-04 1.39650E-05 1.76046E-06 9.68483E-04 1.33177E-02 6.12953E-06 5.18687E-07 4.77931E-07 1.88601E-04 
5.94495E-07 6.39297E-07 1.28551E-04 1.14228E-05 7.53040E-07 8.87458E-04 1.19337E-02 6.23229E-06 6.39297E-07 5.94495E-07 1.69045E-04 
6.71035E-07 7.08841E-07 1.14141E-04 8.93613E-06 -1.51732E-07 8.13675E-04 1.06651E-02 6.19438E-06 7.08841E-07 6.71035E-07 1.48385E-04 
7.02378E-07 7.23072E-07 1.01051E-04 6.53289E-06 -9.57902E-07 7.46451E-04 9.50646E-03 6.02275E-06 7.23072E-07 7.02378E-07 1.26785E-04 
6.85976E-07 6.80655E-07 8.91916E-05 4.24085E-06 -1.66836E-06 6.85148E-04 8.45199E-03 5.72790E-06 6.80655E-07 6.85976E-07 1.04579E-04 
6.22385E-07 5.83635E-07 7.84767E-05 2.08716E-06 -2.28446E-06 6.29175E-04 7.49568E-03 5.32401E-06 5.83635E-07 6.22385E-07 8.22650E-05 
5.15626E-07 4.37753E-07 6.88232E-05 9.82398E-08 -2.80563E-06 5.77994E-04 6.63130E-03 4.82895E-06 4.37753E-07 5.15626E-07 6.04912E-05 
3.73339E-07 2.52568E-07 6.01526E-05 -1.70065E-06 -3.22926E-06 5.31121E-04 5.85259E-03 4.26403E-06 2.52568E-07 3.73339E-07 4.00213E-05 
2.06728E-07 4.13477E-08 5.23923E-05 -3.28569E-06 -3.55065E-06 4.88125E-04 5.15329E-03 3.65370E-06 4.13477E-08 2.06728E-07 2.16902E-05 
3.02373E-08 -1.79304E-07 4.54760E-05 -4.63507E-06 -3.76327E-06 4.48628E-04 4.52727E-03 3.02489E-06 -1.79304E-07 3.02373E-08 6.34756E-06 
-1.39016E-07 -3.90074E-07 3.93435E-05 -5.72950E-06 -3.85922E-06 4.12297E-04 3.96855E-03 2.40620E-06 -3.90074E-07 -1.39016E-07 -5.20468E-06 
3.09199E-08 -2.26178E-07 3.71975E-04 5.09168E-05 2.15958E-05 1.49680E-03 3.41072E-02 -5.29855E-06 -2.26178E-07 3.09199E-08 1.59864E-04 
3.09199E-08 -2.26178E-07 3.41187E-04 4.95871E-05 1.93599E-05 1.39204E-03 3.15143E-02 -3.37162E-06 -2.26178E-07 3.09199E-08 1.60828E-04 
3.09199E-08 -4.97739E-08 3.12655E-04 4.79850E-05 1.72141E-05 1.29797E-03 2.90920E-02 -1.60765E-06 -4.97739E-08 3.09199E-08 1.61173E-04 
3.09199E-08 -1.44872E-07 2.86225E-04 4.61391E-05 1.51636E-05 1.21334E-03 2.68295E-02 -1.97909E-09 -1.44872E-07 3.09199E-08 1.61368E-04 
3.09199E-08 -2.11935E-07 2.61437E-04 4.40542E-05 1.31852E-05 1.13604E-03 2.46894E-02 1.46951E-06 -2.11935E-07 3.09199E-08 1.60849E-04 
3.09199E-08 -2.51007E-07 2.38269E-04 4.17521E-05 1.12874E-05 1.06547E-03 2.26715E-02 2.80140E-06 -2.51007E-07 3.09199E-08 1.59926E-04 
3.09199E-08 -2.62148E-07 2.16688E-04 3.92581E-05 9.47885E-06 1.00103E-03 2.07745E-02 3.99069E-06 -2.62148E-07 3.09199E-08 1.58790E-04 
3.09199E-08 -2.51878E-07 2.01052E-04 3.72146E-05 8.14583E-06 9.55005E-04 1.93886E-02 4.81222E-06 -2.51878E-07 3.09199E-08 1.57811E-04 
3.09199E-08 -2.45834E-07 1.96652E-04 3.66006E-05 7.76757E-06 9.42134E-04 1.89967E-02 5.03616E-06 -2.45834E-07 3.09199E-08 1.57506E-04 
3.09199E-08 -1.98967E-07 1.76721E-04 3.35867E-05 6.03968E-06 8.84174E-04 1.72101E-02 6.00267E-06 -1.98967E-07 3.09199E-08 1.55894E-04 
3.09199E-08 -1.24704E-07 1.58456E-04 3.04573E-05 4.44053E-06 8.31302E-04 1.55548E-02 6.80409E-06 -1.24704E-07 3.09199E-08 1.53847E-04 
3.09199E-08 -2.78167E-08 1.41774E-04 2.72521E-05 2.97495E-06 7.82876E-04 1.40262E-02 7.44316E-06 -2.78167E-08 3.09199E-08 1.51061E-04 
3.09199E-08 8.51071E-08 1.26589E-04 2.40102E-05 1.64521E-06 7.38308E-04 1.26190E-02 7.92326E-06 8.51071E-08 3.09199E-08 1.47167E-04 
1.68430E-07 3.06603E-07 1.13056E-04 2.09080E-05 5.69745E-07 6.97613E-04 1.13416E-02 8.34548E-06 3.06603E-07 1.68430E-07 1.41161E-04 
3.54043E-07 5.18367E-07 1.00742E-04 1.78208E-05 -3.87976E-07 6.59532E-04 1.01667E-02 8.61178E-06 5.18367E-07 3.54043E-07 1.33258E-04 
5.10861E-07 6.86861E-07 8.95156E-05 1.47498E-05 -1.25832E-06 6.23586E-04 9.08723E-03 8.70194E-06 6.86861E-07 5.10861E-07 1.23393E-04 
6.29645E-07 8.03318E-07 7.93097E-05 1.17298E-05 -2.04364E-06 5.89482E-04 8.09929E-03 8.62102E-06 8.03318E-07 6.29645E-07 1.11474E-04 
7.02843E-07 8.61015E-07 7.00540E-05 8.79513E-06 -2.74612E-06 5.56972E-04 7.19861E-03 8.37748E-06 8.61015E-07 7.02843E-07 9.75539E-05 
7.25234E-07 8.55904E-07 6.16789E-05 5.97938E-06 -3.36733E-06 5.25848E-04 6.38057E-03 7.98336E-06 8.55904E-07 7.25234E-07 8.18540E-05 
6.94527E-07 7.87198E-07 5.41163E-05 3.31520E-06 -3.90767E-06 4.95944E-04 5.64031E-03 7.45441E-06 7.87198E-07 6.94527E-07 6.47776E-05 
6.11869E-07 6.57847E-07 4.73021E-05 8.33840E-07 -4.36605E-06 4.67136E-04 4.97284E-03 6.81009E-06 6.57847E-07 6.11869E-07 4.69052E-05 
4.82173E-07 4.74824E-07 4.11766E-05 -1.43516E-06 -4.73954E-06 4.39335E-04 4.37309E-03 6.07349E-06 4.74824E-07 4.82173E-07 2.89744E-05 
3.14234E-07 2.49199E-07 3.56862E-05 -3.46432E-06 -5.02324E-06 4.12486E-04 3.83602E-03 5.27093E-06 2.49199E-07 3.14234E-07 1.18426E-05 
1.20600E-07 -4.05549E-09 3.07834E-05 -5.22864E-06 -5.21039E-06 3.86560E-04 3.35668E-03 4.43156E-06 -4.05549E-09 1.20600E-07 -3.56267E-06 
-8.28414E-08 -2.66535E-07 2.64271E-05 -6.70613E-06 -5.29259E-06 3.61553E-04 2.93025E-03 3.58653E-06 -2.66535E-07 -8.28414E-08 -1.63054E-05 
-2.77531E-07 -5.17141E-07 2.25819E-05 -7.87835E-06 -5.26037E-06 3.37478E-04 2.55210E-03 2.76809E-06 -5.17141E-07 -2.77531E-07 -2.55076E-05 
3.45882E-08 -1.85293E-07 2.30258E-04 6.15586E-05 1.76829E-05 5.30109E-04 2.37110E-02 -2.35834E-06 -1.85293E-07 3.45882E-08 1.61174E-05 
3.45882E-08 -1.85293E-07 2.10073E-04 5.97004E-05 1.57253E-05 5.35653E-04 2.18170E-02 -1.20492E-08 -1.85293E-07 3.45882E-08 2.69499E-05 
3.45882E-08 -4.35773E-08 1.91473E-04 5.75194E-05 1.38181E-05 5.41221E-04 2.00554E-02 2.09317E-06 -4.35773E-08 3.45882E-08 3.62115E-05 
3.45882E-08 -1.24162E-07 1.74346E-04 5.50544E-05 1.19733E-05 5.46409E-04 1.84172E-02 3.96814E-06 -1.24162E-07 3.45882E-08 4.46096E-05 
3.45882E-08 -1.75795E-07 1.58382E-04 5.23111E-05 1.01753E-05 5.50989E-04 1.68745E-02 5.64591E-06 -1.75795E-07 3.45882E-08 5.20433E-05 
3.45882E-08 -1.97972E-07 1.43556E-04 4.93197E-05 8.43630E-06 5.54653E-04 1.54264E-02 7.12357E-06 -1.97972E-07 3.45882E-08 5.88859E-05 
3.45882E-08 -1.90565E-07 1.29838E-04 4.61138E-05 6.76804E-06 5.57136E-04 1.40713E-02 8.40102E-06 -1.90565E-07 3.45882E-08 6.53568E-05 
3.45882E-08 -1.64899E-07 1.19961E-04 4.35093E-05 5.53287E-06 5.58107E-04 1.30854E-02 9.25332E-06 -1.64899E-07 3.45882E-08 7.01555E-05 
3.45882E-08 -1.54209E-07 1.17191E-04 4.27301E-05 5.18167E-06 5.58221E-04 1.28073E-02 9.48034E-06 -1.54209E-07 3.45882E-08 7.15215E-05 
3.45882E-08 -8.45984E-08 1.04703E-04 3.89267E-05 3.57419E-06 5.57632E-04 1.15432E-02 1.04266E-05 -8.45984E-08 3.45882E-08 7.77341E-05 
3.45882E-08 1.26830E-08 9.33505E-05 3.50105E-05 2.08343E-06 5.55074E-04 1.03783E-02 1.11535E-05 1.26830E-08 3.45882E-08 8.32463E-05 
3.45882E-08 1.31679E-07 8.30657E-05 3.10303E-05 7.16632E-07 5.50459E-04 9.30820E-03 1.16689E-05 1.31679E-07 3.45882E-08 8.76842E-05 
3.45882E-08 2.64454E-07 7.37789E-05 2.70341E-05 -5.21984E-07 5.43758E-04 8.32849E-03 1.19816E-05 2.64454E-07 3.45882E-08 9.06062E-05 
1.87523E-07 5.06383E-07 6.56126E-05 2.32183E-05 -1.50847E-06 5.35184E-04 7.44404E-03 1.22042E-05 5.06383E-07 1.87523E-07 9.08606E-05 
3.91370E-07 7.31759E-07 5.82358E-05 1.94477E-05 -2.38342E-06 5.24595E-04 6.63517E-03 1.22359E-05 7.31759E-07 3.91370E-07 8.87178E-05 
5.60404E-07 9.05199E-07 5.15446E-05 1.57276E-05 -3.17679E-06 5.12027E-04 5.89617E-03 1.20605E-05 9.05199E-07 5.60404E-07 8.40795E-05 
6.84760E-07 1.01751E-06 4.54851E-05 1.20999E-05 -3.88959E-06 4.97599E-04 5.22375E-03 1.16889E-05 1.01751E-06 6.84760E-07 7.68222E-05 
7.56554E-07 1.06187E-06 4.00038E-05 8.60500E-06 -4.52267E-06 4.81470E-04 4.61435E-03 1.11359E-05 1.06187E-06 7.56554E-07 6.69886E-05 
7.70590E-07 1.03455E-06 3.50495E-05 5.28192E-06 -5.07626E-06 4.63831E-04 4.06421E-03 1.04199E-05 1.03455E-06 7.70590E-07 5.48139E-05 
7.24984E-07 9.35501E-07 3.05743E-05 2.16769E-06 -5.54946E-06 4.44895E-04 3.56945E-03 9.56295E-06 9.35501E-07 7.24984E-07 4.07376E-05 
6.21668E-07 7.68818E-07 2.65354E-05 -7.03080E-07 -5.93986E-06 4.24894E-04 3.12615E-03 8.59089E-06 7.68818E-07 6.21668E-07 2.53954E-05 
4.66688E-07 5.42987E-07 2.28953E-05 -3.29851E-06 -6.24322E-06 4.04070E-04 2.73041E-03 7.53281E-06 5.42987E-07 4.66688E-07 9.59394E-06 
2.70250E-07 2.70881E-07 1.96229E-05 -5.58994E-06 -6.45347E-06 3.82667E-04 2.37837E-03 6.42068E-06 2.70881E-07 2.70250E-07 -5.73242E-06 
4.65010E-08 -3.05266E-08 1.66932E-05 -7.55226E-06 -6.56274E-06 3.60931E-04 2.06630E-03 5.28876E-06 -3.05266E-08 4.65010E-08 -1.95774E-05 
-1.86988E-07 -3.40757E-07 1.40872E-05 -9.16456E-06 -6.56181E-06 3.39096E-04 1.79061E-03 4.17263E-06 -3.40757E-07 -1.86988E-07 -3.09306E-05 
-4.10005E-07 -6.36680E-07 1.17910E-05 -1.04106E-05 -6.44059E-06 3.17384E-04 1.54788E-03 3.10826E-06 -6.36680E-07 -4.10005E-07 -3.88493E-05 
3.90489E-08 -1.43060E-07 1.30426E-04 7.50021E-05 1.68683E-05 2.86437E-04 1.56411E-02 3.03838E-06 -1.43060E-07 3.90489E-08 -4.47574E-05 
3.90489E-08 -1.43060E-07 1.18266E-04 7.23144E-05 1.48679E-05 3.43761E-04 1.43258E-02 5.74217E-06 -1.43060E-07 3.90489E-08 -3.43740E-05 
3.90489E-08 -3.86677E-08 1.07137E-04 6.92699E-05 1.29079E-05 3.93910E-04 1.31083E-02 8.11543E-06 -3.86677E-08 3.90489E-08 -2.49105E-05 
3.90489E-08 -1.05292E-07 9.69633E-05 6.59168E-05 1.10046E-05 4.37208E-04 1.19814E-02 1.01761E-05 -1.05292E-07 3.90489E-08 -1.56851E-05 
3.90489E-08 -1.39333E-07 8.75512E-05 6.22576E-05 9.14406E-06 4.74546E-04 1.09253E-02 1.19658E-05 -1.39333E-07 3.90489E-08 -6.67238E-06 
3.90489E-08 -1.40500E-07 7.88803E-05 5.83315E-05 7.34103E-06 5.05975E-04 9.93877E-03 1.34852E-05 -1.40500E-07 3.90489E-08 2.42163E-06 
3.90489E-08 -1.09153E-07 7.09248E-05 5.41812E-05 5.60953E-06 5.31620E-04 9.02020E-03 1.47382E-05 -1.09153E-07 3.90489E-08 1.17189E-05 
3.90489E-08 -6.34172E-08 6.52415E-05 5.08448E-05 4.32721E-06 5.47605E-04 8.35485E-03 1.55289E-05 -6.34172E-08 3.90489E-08 1.90284E-05 
3.90489E-08 -4.66736E-08 6.36552E-05 4.98522E-05 3.96264E-06 5.51660E-04 8.16763E-03 1.57313E-05 -4.66736E-08 3.90489E-08 2.11730E-05 
3.90489E-08 5.24281E-08 5.65468E-05 4.50384E-05 2.29484E-06 5.67261E-04 7.31967E-03 1.65212E-05 5.24281E-08 3.90489E-08 3.13117E-05 
3.90489E-08 1.79150E-07 5.01508E-05 4.01312E-05 7.50347E-07 5.76978E-04 6.54259E-03 1.70326E-05 1.79150E-07 3.90489E-08 4.09902E-05 
3.90489E-08 3.25922E-07 4.44169E-05 3.51892E-05 -6.62489E-07 5.81218E-04 5.83290E-03 1.72802E-05 3.25922E-07 3.90489E-08 4.96795E-05 
3.90489E-08 4.83130E-07 3.92924E-05 3.02692E-05 -1.93875E-06 5.80429E-04 5.18696E-03 1.72801E-05 4.83130E-07 3.90489E-08 5.67923E-05 
2.10774E-07 7.47939E-07 3.48815E-05 2.55891E-05 -2.94972E-06 5.75229E-04 4.60738E-03 1.71592E-05 7.47939E-07 2.10774E-07 6.09791E-05 
4.36944E-07 9.87980E-07 3.09293E-05 2.10013E-05 -3.84242E-06 5.65991E-04 4.08053E-03 1.68143E-05 9.87980E-07 4.36944E-07 6.24949E-05 
6.21123E-07 1.16609E-06 2.73545E-05 1.65152E-05 -4.64744E-06 5.53108E-04 3.60212E-03 1.62345E-05 1.16609E-06 6.21123E-07 6.11739E-05 
7.52757E-07 1.27262E-06 2.41168E-05 1.21798E-05 -5.36524E-06 5.37025E-04 3.16955E-03 1.54387E-05 1.27262E-06 7.52757E-07 5.68345E-05 
8.23657E-07 1.30073E-06 2.11782E-05 8.04151E-06 -5.99618E-06 5.18199E-04 2.78004E-03 1.44492E-05 1.30073E-06 8.23657E-07 4.94903E-05 
8.28748E-07 1.24716E-06 1.85040E-05 4.14447E-06 -6.53994E-06 4.97096E-04 2.43072E-03 1.32921E-05 1.24716E-06 8.28748E-07 3.93763E-05 
7.66713E-07 1.11278E-06 1.60642E-05 5.29554E-07 -6.99505E-06 4.74172E-04 2.11869E-03 1.19970E-05 1.11278E-06 7.66713E-07 2.69579E-05 
6.40478E-07 9.03097E-07 1.38343E-05 -2.76596E-06 -7.35851E-06 4.49875E-04 1.84105E-03 1.05970E-05 9.03097E-07 6.40478E-07 1.29190E-05 
4.57450E-07 6.28383E-07 1.17956E-05 -5.70876E-06 -7.62552E-06 4.24629E-04 1.59497E-03 9.12784E-06 6.28383E-07 4.57450E-07 -1.86995E-06 
2.29489E-07 3.03603E-07 9.93560E-06 -8.27003E-06 -7.78948E-06 3.98831E-04 1.37767E-03 7.62756E-06 3.03603E-07 2.29489E-07 -1.64011E-05 
-2.74210E-08 -5.19945E-08 8.24775E-06 -1.04258E-05 -7.84214E-06 3.72848E-04 1.18652E-03 6.13572E-06 -5.19945E-08 -2.74210E-08 -2.95928E-05 
-2.93813E-07 -4.15604E-07 6.73086E-06 -1.21576E-05 -7.77405E-06 3.47013E-04 1.01900E-03 4.69226E-06 -4.15604E-07 -2.93813E-07 -4.03637E-05 
-5.47637E-07 -7.61849E-07 5.38819E-06 -1.34527E-05 -7.57521E-06 3.21617E-04 8.72741E-04 3.33651E-06 -7.61849E-07 -5.47637E-07 -4.77107E-05 
4.41780E-08 -9.33190E-08 6.56495E-05 9.08866E-05 1.75708E-05 5.91409E-04 9.62773E-03 1.17199E-05 -9.33190E-08 4.41780E-08 -6.95230E-05 
4.41780E-08 -9.33190E-08 5.90769E-05 8.70822E-05 1.53405E-05 6.47254E-04 8.77330E-03 1.46652E-05 -9.33190E-08 4.41780E-08 -6.33162E-05 
4.41780E-08 -3.34788E-08 5.31149E-05 8.28995E-05 1.31591E-05 6.92601E-04 7.98643E-03 1.71763E-05 -3.34788E-08 4.41780E-08 -5.67967E-05 
4.41780E-08 -8.40069E-08 4.77201E-05 7.83965E-05 1.10453E-05 7.28309E-04 7.26195E-03 1.92803E-05 -8.40069E-08 4.41780E-08 -4.94087E-05 
4.41780E-08 -9.66884E-08 4.27831E-05 7.35694E-05 8.98351E-06 7.55641E-04 6.58645E-03 2.10275E-05 -9.66884E-08 4.41780E-08 -4.11633E-05 
4.41780E-08 -7.19607E-08 3.82885E-05 6.84675E-05 6.99054E-06 7.75028E-04 5.95881E-03 2.24237E-05 -7.19607E-08 4.41780E-08 -3.18929E-05 
4.41780E-08 -1.11469E-08 3.42173E-05 6.31436E-05 5.08201E-06 7.86965E-04 5.37754E-03 2.34788E-05 -1.11469E-08 4.41780E-08 -2.16145E-05 
4.41780E-08 5.91013E-08 3.13443E-05 5.89069E-05 3.67244E-06 7.91430E-04 4.95857E-03 2.40694E-05 5.91013E-08 4.41780E-08 -1.30869E-05 
4.41780E-08 8.31960E-08 3.05482E-05 5.76531E-05 3.27234E-06 7.91992E-04 4.84100E-03 2.42061E-05 8.31960E-08 4.41780E-08 -1.05219E-05 
4.41780E-08 2.17779E-07 2.70147E-05 5.16115E-05 1.44602E-06 7.90338E-04 4.31044E-03 2.46411E-05 2.17779E-07 4.41780E-08 1.94534E-06 
4.41780E-08 3.79327E-07 2.38874E-05 4.55130E-05 -2.38666E-07 7.82081E-04 3.82720E-03 2.47360E-05 3.79327E-07 4.41780E-08 1.43494E-05 
4.41780E-08 5.58316E-07 2.11299E-05 3.94269E-05 -1.77313E-06 7.67996E-04 3.38862E-03 2.45150E-05 5.58316E-07 4.41780E-08 2.59782E-05 
4.41780E-08 7.43196E-07 1.87041E-05 3.34193E-05 -3.15261E-06 7.48857E-04 2.99197E-03 2.40038E-05 7.43196E-07 4.41780E-08 3.60754E-05 
2.37458E-07 1.03216E-06 1.67065E-05 2.77313E-05 -4.24435E-06 7.25758E-04 2.63842E-03 2.33475E-05 1.03216E-06 2.37458E-07 4.30817E-05 
4.89070E-07 1.28667E-06 1.49334E-05 2.22006E-05 -5.20306E-06 6.99045E-04 2.31913E-03 2.24399E-05 1.28667E-06 4.89070E-07 4.72069E-05 
6.90307E-07 1.46786E-06 1.33203E-05 1.68411E-05 -6.06060E-06 6.69278E-04 2.03113E-03 2.12777E-05 1.46786E-06 6.90307E-07 4.82074E-05 
8.29908E-07 1.56565E-06 1.18385E-05 1.17087E-05 -6.81747E-06 6.37087E-04 1.77249E-03 1.98888E-05 1.56565E-06 8.29908E-07 4.58382E-05 
8.99440E-07 1.57330E-06 1.04625E-05 6.85601E-06 -7.47400E-06 6.03083E-04 1.54123E-03 1.83051E-05 1.57330E-06 8.99440E-07 4.00811E-05 
8.94081E-07 1.48819E-06 9.17119E-06 2.33165E-06 -8.02986E-06 5.67843E-04 1.33532E-03 1.65617E-05 1.48819E-06 8.94081E-07 3.11707E-05 
8.13271E-07 1.31237E-06 7.94859E-06 -1.82023E-06 -8.48350E-06 5.31910E-04 1.15278E-03 1.46969E-05 1.31237E-06 8.13271E-07 1.96004E-05 
6.61150E-07 1.05301E-06 6.78455E-06 -5.56053E-06 -8.83181E-06 4.95780E-04 9.91612E-04 1.27517E-05 1.05301E-06 6.61150E-07 6.10475E-06 
4.46742E-07 7.22490E-07 5.67497E-06 -8.85561E-06 -9.06987E-06 4.59900E-04 8.49925E-04 1.07689E-05 7.22490E-07 4.46742E-07 -8.37779E-06 
1.83810E-07 3.38160E-07 4.62175E-06 -1.16777E-05 -9.19101E-06 4.24664E-04 7.25883E-04 8.79280E-06 3.38160E-07 1.83810E-07 -2.27624E-05 
-1.09582E-07 -7.81671E-08 3.63236E-06 -1.40055E-05 -9.18702E-06 3.90413E-04 6.17754E-04 6.86810E-06 -7.81671E-08 -1.09582E-07 -3.58890E-05 
-4.11851E-07 -5.01103E-07 2.71899E-06 -1.58244E-05 -9.04871E-06 3.57433E-04 5.23904E-04 5.03865E-06 -5.01103E-07 -4.11851E-07 -4.66033E-05 
-6.98935E-07 -9.02814E-07 1.89748E-06 -1.71269E-05 -8.76658E-06 3.25960E-04 4.42814E-04 3.34642E-06 -9.02814E-07 -6.98935E-07 -5.38412E-05 
4.99100E-08 -3.18541E-08 2.80770E-05 1.09078E-04 1.89084E-05 1.25135E-03 5.40966E-03 2.46934E-05 -3.18541E-08 4.99100E-08 -8.19376E-05 
4.99100E-08 -3.18541E-08 2.49815E-05 1.03851E-04 1.63370E-05 1.26036E-03 4.90182E-03 2.76767E-05 -3.18541E-08 4.99100E-08 -8.04792E-05 
4.99100E-08 -2.69959E-08 2.22160E-05 9.82377E-05 1.38348E-05 1.25973E-03 4.43670E-03 3.01085E-05 -2.69959E-08 4.99100E-08 -7.74078E-05 
4.99100E-08 -5.74882E-08 1.97593E-05 9.23062E-05 1.14219E-05 1.25059E-03 4.01084E-03 3.20277E-05 -5.74882E-08 4.99100E-08 -7.23006E-05 
4.99100E-08 -4.38817E-08 1.75571E-05 8.60433E-05 9.07915E-06 1.23386E-03 3.61595E-03 3.34932E-05 -4.38817E-08 4.99100E-08 -6.52640E-05 
4.99100E-08 1.22662E-08 1.55989E-05 7.95102E-05 6.82491E-06 1.21028E-03 3.25108E-03 3.45185E-05 1.22662E-08 4.99100E-08 -5.62535E-05 
4.99100E-08 1.08300E-07 1.38716E-05 7.27709E-05 4.67611E-06 1.18063E-03 2.91508E-03 3.51222E-05 1.08300E-07 4.99100E-08 -4.54225E-05 
4.99100E-08 2.07447E-07 1.26845E-05 6.74571E-05 3.09561E-06 1.15403E-03 2.67413E-03 3.53142E-05 2.07447E-07 4.99100E-08 -3.60026E-05 
4.99100E-08 2.40140E-07 1.23607E-05 6.58921E-05 2.64805E-06 1.14570E-03 2.60671E-03 3.53268E-05 2.40140E-07 4.99100E-08 -3.31116E-05 
4.99100E-08 4.15786E-07 1.09546E-05 5.83962E-05 6.11322E-07 1.10303E-03 2.30362E-03 3.51298E-05 4.15786E-07 4.99100E-08 -1.87606E-05 
4.99100E-08 6.16897E-07 9.75669E-06 5.08999E-05 -1.25764E-06 1.05610E-03 2.02932E-03 3.45336E-05 6.16897E-07 4.99100E-08 -4.06958E-06 
4.99100E-08 8.31718E-07 8.74087E-06 4.34836E-05 -2.95060E-06 1.00585E-03 1.78198E-03 3.35752E-05 8.31718E-07 4.99100E-08 1.00625E-05 
4.99100E-08 1.04655E-06 7.87921E-06 3.62237E-05 -4.46352E-06 9.53158E-04 1.55976E-03 3.22929E-05 1.04655E-06 4.99100E-08 2.27062E-05 
2.67166E-07 1.36006E-06 7.26636E-06 2.93857E-05 -5.66028E-06 8.99522E-04 1.36309E-03 3.08543E-05 1.36006E-06 2.67166E-07 3.20915E-05 
5.46733E-07 1.62787E-06 6.72812E-06 2.27909E-05 -6.70399E-06 8.44796E-04 1.18668E-03 2.91495E-05 1.62787E-06 5.46733E-07 3.83736E-05 
7.66257E-07 1.80950E-06 6.21108E-06 1.64572E-05 -7.62819E-06 7.89494E-04 1.02865E-03 2.71836E-05 1.80950E-06 7.66257E-07 4.12300E-05 
9.13796E-07 1.89453E-06 5.69482E-06 1.04477E-05 -8.43376E-06 7.34251E-04 8.87752E-04 2.49963E-05 1.89453E-06 9.13796E-07 4.03539E-05 
9.80778E-07 1.87646E-06 5.16290E-06 4.82052E-06 -9.12140E-06 6.79643E-04 7.62707E-04 2.26302E-05 1.87646E-06 9.80778E-07 3.56993E-05 
9.62801E-07 1.75352E-06 4.60380E-06 -3.71727E-07 -9.69111E-06 6.26184E-04 6.52245E-04 2.01307E-05 1.75352E-06 9.62801E-07 2.75057E-05 
8.60273E-07 1.52925E-06 4.01163E-06 -5.08251E-06 -1.01416E-05 5.74320E-04 5.55124E-04 1.75455E-05 1.52925E-06 8.60273E-07 1.63008E-05 
6.78804E-07 1.21278E-06 3.38654E-06 -9.27207E-06 -1.04699E-05 5.24429E-04 4.70138E-04 1.49239E-05 1.21278E-06 6.78804E-07 2.87796E-06 
4.29296E-07 8.18901E-07 2.73485E-06 -1.29078E-05 -1.06714E-05 4.76820E-04 3.96138E-04 1.23160E-05 8.18901E-07 4.29296E-07 -1.17488E-05 
1.27683E-07 3.67674E-07 2.06872E-06 -1.59647E-05 -1.07397E-05 4.31735E-04 3.32032E-04 9.77195E-06 3.67674E-07 1.27683E-07 -2.64101E-05 
-2.05645E-07 -1.16231E-07 1.40557E-06 -1.84255E-05 -1.06668E-05 3.89355E-04 2.76800E-04 7.34075E-06 -1.16231E-07 -2.05645E-07 -3.98606E-05 
-5.46777E-07 -6.04587E-07 7.67034E-07 -2.02816E-05 -1.04443E-05 3.49803E-04 2.29488E-04 5.06924E-06 -6.04587E-07 -5.46777E-07 -5.08682E-05 
-8.69463E-07 -1.06690E-06 1.77714E-07 -2.15328E-05 -1.00635E-05 3.13148E-04 1.89216E-04 3.00082E-06 -1.06690E-06 -8.69463E-07 -5.83043E-05 
5.62163E-08 4.43376E-08 9.33486E-06 1.29533E-04 2.04138E-05 2.04289E-03 2.68885E-03 4.31142E-05 4.43376E-08 5.62163E-08 -9.25366E-05 
5.62163E-08 4.43376E-08 8.10373E-06 1.22542E-04 1.74289E-05 1.97206E-03 2.42196E-03 4.58122E-05 4.43376E-08 5.62163E-08 -9.53287E-05 
5.62163E-08 -1.85569E-08 7.04360E-06 1.15172E-04 1.45418E-05 1.89668E-03 2.17882E-03 4.78313E-05 -1.85569E-08 5.62163E-08 -9.53032E-05 
5.62163E-08 -2.38259E-08 6.14742E-06 1.07503E-04 1.17736E-05 1.81779E-03 1.95736E-03 4.92261E-05 -2.38259E-08 5.62163E-08 -9.21417E-05 
5.62163E-08 2.18904E-08 5.39089E-06 9.95086E-05 9.10027E-06 1.73530E-03 1.75305E-03 5.00623E-05 2.18904E-08 5.62163E-08 -8.60545E-05 
5.62163E-08 1.15570E-07 4.76679E-06 9.12643E-05 6.54143E-06 1.65014E-03 1.56524E-03 5.03648E-05 1.15570E-07 5.62163E-08 -7.71018E-05 
5.62163E-08 2.52894E-07 4.26619E-06 8.28467E-05 4.11510E-06 1.56317E-03 1.39318E-03 5.01645E-05 2.52894E-07 5.62163E-08 -6.55604E-05 
5.62163E-08 3.85408E-07 3.95686E-06 7.62649E-05 2.33883E-06 1.49516E-03 1.27034E-03 4.96865E-05 3.85408E-07 5.62163E-08 -5.51510E-05 
5.62163E-08 4.27947E-07 3.87836E-06 7.43351E-05 1.83718E-06 1.47522E-03 1.23606E-03 4.94964E-05 4.27947E-07 5.62163E-08 -5.19092E-05 
5.62163E-08 6.50095E-07 3.57192E-06 6.51432E-05 -4.37764E-07 1.38020E-03 1.08246E-03 4.82963E-05 6.50095E-07 5.62163E-08 -3.55784E-05 
5.62163E-08 8.95156E-07 3.36348E-06 5.60310E-05 -2.51289E-06 1.28586E-03 9.44209E-04 4.66486E-05 8.95156E-07 5.62163E-08 -1.85400E-05 
5.62163E-08 1.14890E-06 3.23237E-06 4.70912E-05 -4.38077E-06 1.19303E-03 8.20245E-04 4.46063E-05 1.14890E-06 5.62163E-08 -1.88118E-06 
5.62163E-08 1.39529E-06 3.15618E-06 3.84110E-05 -6.03855E-06 1.10242E-03 7.09504E-04 4.22232E-05 1.39529E-06 5.62163E-08 1.32925E-05 
2.99689E-07 1.73306E-06 3.22997E-06 3.02815E-05 -7.34734E-06 1.01568E-03 6.12132E-04 3.96954E-05 1.73306E-06 2.99689E-07 2.49960E-05 
6.09345E-07 2.01220E-06 3.29272E-06 2.25050E-05 -8.47914E-06 9.31852E-04 5.25313E-04 3.69064E-05 2.01220E-06 6.09345E-07 3.33284E-05 
8.47900E-07 2.19075E-06 3.29680E-06 1.51032E-05 -9.46943E-06 8.51173E-04 4.48013E-04 3.38716E-05 2.19075E-06 8.47900E-07 3.78884E-05 
1.00281E-06 2.25804E-06 3.22676E-06 8.14581E-06 -1.03198E-05 7.74080E-04 3.79539E-04 3.06438E-05 2.25804E-06 1.00281E-06 3.83105E-05 
1.06549E-06 2.20804E-06 3.07175E-06 1.69606E-06 -1.10315E-05 7.00921E-04 3.19196E-04 2.72778E-05 2.20804E-06 1.06549E-06 3.45256E-05 
1.03218E-06 2.04011E-06 2.82636E-06 -4.19043E-06 -1.16053E-05 6.31959E-04 2.66307E-04 2.38302E-05 2.04011E-06 1.03218E-06 2.67849E-05 
9.04488E-07 1.75954E-06 2.49126E-06 -9.46604E-06 -1.20403E-05 5.67376E-04 2.20217E-04 2.03584E-05 1.75954E-06 9.04488E-07 1.56596E-05 
6.89773E-07 1.37778E-06 2.07349E-06 -1.40919E-05 -1.23341E-05 5.07279E-04 1.80299E-04 1.69200E-05 1.37778E-06 6.89773E-07 2.01188E-06 
4.01100E-07 9.12387E-07 1.58638E-06 -1.80382E-05 -1.24824E-05 4.51706E-04 1.45960E-04 1.35715E-05 9.12387E-07 4.01100E-07 -1.30582E-05 
5.68548E-08 3.86452E-07 1.04913E-06 -2.12846E-05 -1.24795E-05 4.00632E-04 1.16644E-04 1.03681E-05 3.86452E-07 5.68548E-08 -2.82863E-05 
-3.19993E-07 -1.72194E-07 4.85982E-07 -2.38203E-05 -1.23181E-05 3.53982E-04 9.18307E-05 7.36164E-06 -1.72194E-07 -3.19993E-07 -4.23331E-05 
-7.02988E-07 -7.32225E-07 -7.49729E-08 -2.56446E-05 -1.19907E-05 3.11631E-04 7.10405E-05 4.60036E-06 -7.32225E-07 -7.02988E-07 -5.38809E-05 
-1.06353E-06 -1.26028E-06 -6.03220E-07 -2.67668E-05 -1.14897E-05 2.73421E-04 5.38292E-05 2.12709E-06 -1.26028E-06 -1.06353E-06 -6.17320E-05 
6.30796E-08 1.37609E-07 1.79494E-06 1.52191E-04 2.18455E-05 2.70304E-03 1.14199E-03 6.82328E-05 1.37609E-07 6.30796E-08 -1.05025E-04 
6.30796E-08 1.37609E-07 1.37227E-06 1.43048E-04 1.83911E-05 2.53874E-03 1.02397E-03 7.01684E-05 1.37609E-07 6.30796E-08 -1.11551E-04 
6.30796E-08 -7.68905E-09 1.05246E-06 1.33554E-04 1.50702E-05 2.37868E-03 9.16663E-04 7.12952E-05 -7.68905E-09 6.30796E-08 -1.14111E-04 
6.30796E-08 1.84033E-08 8.34936E-07 1.23802E-04 1.19050E-05 2.22334E-03 8.19090E-04 7.16872E-05 1.84033E-08 6.30796E-08 -1.12468E-04 
6.30796E-08 1.02800E-07 7.07999E-07 1.13750E-04 8.86486E-06 2.07119E-03 7.29193E-04 7.14144E-05 1.02800E-07 6.30796E-08 -1.06933E-04 
6.30796E-08 2.40676E-07 6.65579E-07 1.03488E-04 5.97099E-06 1.92301E-03 6.46630E-04 7.05176E-05 2.40676E-07 6.30796E-08 -9.76602E-05 
6.30796E-08 4.25718E-07 6.99937E-07 9.31062E-05 3.24213E-06 1.77948E-03 5.71034E-04 6.90436E-05 4.25718E-07 6.30796E-08 -8.50472E-05 
6.30796E-08 5.96216E-07 7.73179E-07 8.50510E-05 1.25432E-06 1.67201E-03 5.17084E-04 6.75398E-05 5.96216E-07 6.30796E-08 -7.33807E-05 
6.30796E-08 6.49868E-07 8.01457E-07 8.26990E-05 6.94529E-07 1.64121E-03 5.02029E-04 6.70443E-05 6.49868E-07 6.30796E-08 -6.97120E-05 
6.30796E-08 9.23937E-07 9.72782E-07 7.15543E-05 -1.83454E-06 1.49859E-03 4.34570E-04 6.43634E-05 9.23937E-07 6.30796E-08 -5.10554E-05 
6.30796E-08 1.21712E-06 1.19159E-06 6.05984E-05 -4.12645E-06 1.36315E-03 3.73848E-04 6.12078E-05 1.21712E-06 6.30796E-08 -3.13574E-05 
6.30796E-08 1.51247E-06 1.43853E-06 4.99366E-05 -6.17498E-06 1.23528E-03 3.19389E-04 5.76500E-05 1.51247E-06 6.30796E-08 -1.19030E-05 
6.30796E-08 1.79148E-06 1.69257E-06 3.96669E-05 -7.97891E-06 1.11521E-03 2.70730E-04 5.37626E-05 1.79148E-06 6.30796E-08 6.01716E-06 
3.34888E-07 2.15259E-06 2.04930E-06 3.01078E-05 -9.39724E-06 1.00441E-03 2.28019E-04 4.97763E-05 2.15259E-06 3.34888E-07 2.01908E-05 
6.76465E-07 2.44037E-06 2.35020E-06 2.10391E-05 -1.06112E-05 9.00947E-04 1.89952E-04 4.55640E-05 2.44037E-06 6.76465E-07 3.06613E-05 
9.34397E-07 2.61145E-06 2.54959E-06 1.24856E-05 -1.16584E-05 8.04608E-04 1.56078E-04 4.11524E-05 2.61145E-06 9.34397E-07 3.69486E-05 
1.09564E-06 2.65516E-06 2.63436E-06 4.52309E-06 -1.25414E-05 7.15432E-04 1.26117E-04 3.66087E-05 2.65516E-06 1.09564E-06 3.86300E-05 
1.15179E-06 2.56614E-06 2.59663E-06 -2.78119E-06 -1.32625E-05 6.33369E-04 9.97934E-05 3.20011E-05 2.56614E-06 1.15179E-06 3.56182E-05 
1.09993E-06 2.34519E-06 2.43461E-06 -9.37000E-06 -1.38231E-05 5.58287E-04 7.68374E-05 2.73974E-05 2.34519E-06 1.09993E-06 2.81848E-05 
9.43174E-07 1.99968E-06 2.15309E-06 -1.51964E-05 -1.42234E-05 4.89986E-04 5.69907E-05 2.28643E-05 1.99968E-06 9.43174E-07 1.69548E-05 
6.90926E-07 1.54378E-06 1.76366E-06 -2.02243E-05 -1.44615E-05 4.28208E-04 4.00054E-05 1.84666E-05 1.54378E-06 6.90926E-07 2.87138E-06 
3.58722E-07 9.98137E-07 1.28453E-06 -2.44290E-05 -1.45340E-05 3.72647E-04 2.56462E-05 1.42662E-05 9.98137E-07 3.58722E-07 -1.28664E-05 
-3.23116E-08 3.89255E-07 7.39844E-07 -2.77972E-05 -1.44359E-05 3.22966E-04 1.36902E-05 1.03209E-05 3.89255E-07 -3.23116E-08 -2.88874E-05 
-4.56362E-07 -2.51571E-07 1.58738E-07 -3.03271E-05 -1.41611E-05 2.78802E-04 3.92627E-06 6.68361E-06 -2.51571E-07 -4.56362E-07 -4.37468E-05 
-8.84211E-07 -8.89660E-07 -4.26056E-07 -3.20285E-05 -1.37030E-05 2.39776E-04 -3.84528E-06 3.40114E-06 -8.89660E-07 -8.84211E-07 -5.60328E-05 
-1.28474E-06 -1.48858E-06 -9.79806E-07 -3.29229E-05 -1.30560E-05 2.05503E-04 -9.81399E-06 5.13072E-07 -1.48858E-06 -1.28474E-06 -6.44715E-05 
7.04832E-08 2.50105E-07 -4.20766E-07 1.76917E-04 2.30619E-05 2.91987E-03 4.32210E-04 1.01333E-04 2.50105E-07 7.04832E-08 -1.20342E-04 
7.04832E-08 2.50105E-07 -5.87474E-07 1.65185E-04 1.90873E-05 2.67957E-03 3.89471E-04 1.01840E-04 2.50105E-07 7.04832E-08 -1.30381E-04 
7.04832E-08 6.01384E-09 -6.65229E-07 1.53159E-04 1.52895E-05 2.45413E-03 3.49962E-04 1.01418E-04 6.01384E-09 7.04832E-08 -1.35248E-04 
7.04832E-08 7.04565E-08 -6.53239E-07 1.40944E-04 1.16908E-05 2.24300E-03 3.13401E-04 1.00164E-04 7.04565E-08 7.04832E-08 -1.34787E-04 
7.04832E-08 2.00815E-07 -5.60819E-07 1.28475E-04 8.25357E-06 2.04309E-03 2.79098E-04 9.81469E-05 2.00815E-07 7.04832E-08 -1.29418E-04 
7.04832E-08 3.90104E-07 -3.94951E-07 1.15861E-04 5.00002E-06 1.85467E-03 2.46984E-04 9.54296E-05 3.90104E-07 7.04832E-08 -1.19404E-04 
7.04832E-08 6.29677E-07 -1.64439E-07 1.03209E-04 1.94949E-06 1.67790E-03 2.16990E-04 9.20794E-05 6.29677E-07 7.04832E-08 -1.05273E-04 
7.04832E-08 8.42954E-07 5.14841E-08 9.34615E-05 -2.61061E-07 1.54915E-03 1.95194E-04 8.90990E-05 8.42954E-07 7.04832E-08 -9.19975E-05 
7.04832E-08 9.09022E-07 1.19885E-07 9.06266E-05 -8.81684E-07 1.51282E-03 1.89048E-04 8.81692E-05 9.09022E-07 7.04832E-08 -8.77993E-05 
7.04832E-08 1.24046E-06 4.71864E-07 7.72609E-05 -3.67432E-06 1.34782E-03 1.61144E-04 8.34127E-05 1.24046E-06 7.04832E-08 -6.63367E-05 
7.04832E-08 1.58577E-06 8.52637E-07 6.42271E-05 -6.18712E-06 1.19607E-03 1.35468E-04 7.81897E-05 1.58577E-06 7.04832E-08 -4.35285E-05 
7.04832E-08 1.92507E-06 1.24128E-06 5.16439E-05 -8.41555E-06 1.05722E-03 1.11937E-04 7.25963E-05 1.92507E-06 7.04832E-08 -2.08758E-05 
7.04832E-08 2.23723E-06 1.61540E-06 3.96196E-05 -1.03605E-05 9.30809E-04 9.04747E-05 6.67263E-05 2.23723E-06 7.04832E-08 1.30943E-07 
3.72627E-07 2.62013E-06 2.07028E-06 2.85009E-05 -1.18794E-05 8.17651E-04 7.13407E-05 6.08515E-05 2.62013E-06 3.72627E-07 1.70342E-05 
7.47679E-07 2.91307E-06 2.44450E-06 1.80418E-05 -1.31632E-05 7.15083E-04 5.39863E-05 5.48286E-05 2.91307E-06 7.47679E-07 2.98242E-05 
1.02495E-06 3.07150E-06 2.69215E-06 8.26880E-06 -1.42519E-05 6.22340E-04 3.82935E-05 4.86956E-05 3.07150E-06 1.02495E-06 3.79410E-05 
1.19105E-06 3.08489E-06 2.80092E-06 -7.37113E-07 -1.51493E-05 5.38968E-04 2.42318E-05 4.25352E-05 3.08489E-06 1.19105E-06 4.09068E-05 
1.23795E-06 2.94887E-06 2.76450E-06 -8.90644E-06 -1.58590E-05 4.64455E-04 1.17662E-05 3.64287E-05 2.94887E-06 1.23795E-06 3.86226E-05 
1.16388E-06 2.66600E-06 2.58338E-06 -1.61822E-05 -1.63836E-05 3.98244E-04 8.57220E-07 3.04544E-05 2.66600E-06 1.16388E-06 3.13904E-05 
9.73740E-07 2.24615E-06 2.26533E-06 -2.25202E-05 -1.67241E-05 3.39750E-04 -8.53899E-06 2.46871E-05 2.24615E-06 9.73740E-07 1.99020E-05 
6.79312E-07 1.70656E-06 1.82541E-06 -2.78899E-05 -1.68800E-05 2.88378E-04 -1.64714E-05 1.91968E-05 1.70656E-06 6.79312E-07 5.19564E-06 
2.98930E-07 1.07140E-06 1.28570E-06 -3.22743E-05 -1.68488E-05 2.43531E-04 -2.29941E-05 1.40479E-05 1.07140E-06 2.98930E-07 -1.14159E-05 
-1.43228E-07 3.70924E-07 6.74419E-07 -3.56700E-05 -1.66266E-05 2.04621E-04 -2.81666E-05 9.29823E-06 3.70924E-07 -1.43228E-07 -2.84402E-05 
-6.18239E-07 -3.59779E-07 2.47685E-08 -3.80873E-05 -1.62087E-05 1.71082E-04 -3.20544E-05 4.99814E-06 -3.59779E-07 -6.18239E-07 -4.43150E-05 
-1.09390E-06 -1.08241E-06 -6.26651E-07 -3.95495E-05 -1.55902E-05 1.42373E-04 -3.47289E-05 1.18946E-06 -1.08241E-06 -1.09390E-06 -5.75241E-05 
-1.53643E-06 -1.75729E-06 -1.24163E-06 -4.00933E-05 -1.47672E-05 1.17982E-04 -3.62680E-05 -2.09521E-06 -1.75729E-06 -1.53643E-06 -6.67100E-05 
7.84071E-08 3.84013E-07 -9.09031E-07 2.03474E-04 2.39499E-05 2.36449E-03 2.28788E-04 1.43645E-04 3.84013E-07 7.84071E-08 -1.38866E-04 
7.84071E-08 3.84013E-07 -1.01694E-06 1.88668E-04 1.94059E-05 2.11272E-03 2.10570E-04 1.41834E-04 3.84013E-07 7.84071E-08 -1.52342E-04 
7.84071E-08 2.29597E-08 -1.02679E-06 1.73658E-04 1.50897E-05 1.88370E-03 1.92586E-04 1.38999E-04 2.29597E-08 7.84071E-08 -1.59291E-04 
7.84071E-08 1.33606E-07 -9.39071E-07 1.58562E-04 1.10238E-05 1.67571E-03 1.74900E-04 1.35264E-04 1.33606E-07 7.84071E-08 -1.59671E-04 
7.84071E-08 3.17937E-07 -7.65048E-07 1.43289E-04 7.16206E-06 1.48462E-03 1.57342E-04 1.30692E-04 3.17937E-07 7.84071E-08 -1.54038E-04 
7.84071E-08 5.66434E-07 -5.13964E-07 1.27966E-04 3.52763E-06 1.30992E-03 1.40013E-04 1.25372E-04 5.66434E-07 7.84071E-08 -1.42789E-04 
7.84071E-08 8.67762E-07 -1.97062E-07 1.12719E-04 1.40194E-07 1.15097E-03 1.23010E-04 1.19397E-04 8.67762E-07 7.84071E-08 -1.26613E-04 
7.84071E-08 1.12881E-06 8.48878E-08 1.01052E-04 -2.30099E-06 1.03833E-03 1.10141E-04 1.14387E-04 1.12881E-06 7.84071E-08 -1.11314E-04 
7.84071E-08 1.20863E-06 1.72263E-07 9.76713E-05 -2.98415E-06 1.00705E-03 1.06433E-04 1.12866E-04 1.20863E-06 7.84071E-08 -1.06465E-04 
7.84071E-08 1.60293E-06 6.11344E-07 8.18093E-05 -6.04481E-06 8.67796E-04 8.91477E-05 1.05316E-04 1.60293E-06 7.84071E-08 -8.16357E-05 
7.84071E-08 2.00421E-06 1.07137E-06 6.64631E-05 -8.77733E-06 7.44025E-04 7.25844E-05 9.73620E-05 2.00421E-06 7.84071E-08 -5.51981E-05 
7.84071E-08 2.38944E-06 1.52844E-06 5.17638E-05 -1.11793E-05 6.34618E-04 5.68486E-05 8.91255E-05 2.38944E-06 7.84071E-08 -2.88902E-05 
7.84071E-08 2.73477E-06 1.95749E-06 3.78300E-05 -1.32543E-05 5.38440E-04 4.20351E-05 8.07244E-05 2.73477E-06 7.84071E-08 -4.41774E-06 
4.12758E-07 3.13723E-06 2.45277E-06 2.50366E-05 -1.48592E-05 4.55406E-04 2.85048E-05 7.24777E-05 3.13723E-06 4.12758E-07 1.55008E-05 
8.22551E-07 3.43108E-06 2.84814E-06 1.31077E-05 -1.61946E-05 3.82789E-04 1.59503E-05 6.42178E-05 3.43108E-06 8.22551E-07 3.08048E-05 
1.11876E-06 3.57076E-06 3.09673E-06 2.06977E-06 -1.73034E-05 3.19471E-04 4.38211E-06 5.59932E-05 3.57076E-06 1.11876E-06 4.08556E-05 
1.28779E-06 3.54618E-06 3.18656E-06 -7.99261E-06 -1.81911E-05 2.64634E-04 -6.12824E-06 4.79020E-05 3.54618E-06 1.28779E-06 4.51245E-05 
1.32228E-06 3.35427E-06 3.11253E-06 -1.70097E-05 -1.88627E-05 2.17467E-04 -1.55226E-05 4.00373E-05 3.35427E-06 1.32228E-06 4.35100E-05 
1.22187E-06 2.99973E-06 2.87713E-06 -2.49273E-05 -1.93224E-05 1.77179E-04 -2.37570E-05 3.24861E-05 2.99973E-06 1.22187E-06 3.63566E-05 
9.93609E-07 2.49533E-06 2.49091E-06 -3.17070E-05 -1.95726E-05 1.43016E-04 -3.08022E-05 2.53283E-05 2.49533E-06 9.93609E-07 2.44379E-05 
6.52002E-07 1.86183E-06 1.97230E-06 -3.73267E-05 -1.96142E-05 1.14268E-04 -3.66441E-05 1.86357E-05 1.86183E-06 6.52002E-07 8.90353E-06 
2.18532E-07 1.12733E-06 1.34715E-06 -4.17806E-05 -1.94461E-05 9.02765E-05 -4.12837E-05 1.24714E-05 1.12733E-06 2.18532E-07 -8.80367E-06 
-2.79250E-07 3.26210E-07 6.47693E-07 -4.50786E-05 -1.90660E-05 7.04383E-05 -4.47368E-05 6.88861E-06 3.26210E-07 -2.79250E-07 -2.70552E-05 
-8.09032E-07 -5.02311E-07 -8.88638E-08 -4.72463E-05 -1.84709E-05 5.42065E-05 -4.70338E-05 1.93059E-06 -5.02311E-07 -8.09032E-07 -4.41576E-05 
-1.33541E-06 -1.31605E-06 -8.22141E-07 -4.83243E-05 -1.76577E-05 4.10903E-05 -4.82195E-05 -2.37058E-06 -1.31605E-06 -1.33541E-06 -5.84802E-05 
-1.82178E-06 -2.07190E-06 -1.51056E-06 -4.83676E-05 -1.66250E-05 3.06528E-05 -4.83519E-05 -5.99412E-06 -2.07190E-06 -1.82178E-06 -6.85748E-05 
8.68225E-08 5.41482E-07 -1.14509E-06 2.31460E-04 2.43906E-05 8.79941E-04 2.38964E-04 1.96154E-04 5.41482E-07 8.68225E-08 -1.61329E-04 
8.68225E-08 5.41482E-07 -1.22249E-06 2.13053E-04 1.92295E-05 7.34089E-04 2.19624E-04 1.90882E-04 5.41482E-07 8.68225E-08 -1.77915E-04 
8.68225E-08 4.35611E-08 -1.18753E-06 1.94571E-04 1.43560E-05 6.08096E-04 2.00293E-04 1.84539E-04 4.35611E-08 8.68225E-08 -1.86495E-04 
8.68225E-08 2.09122E-07 -1.04286E-06 1.76149E-04 9.79199E-06 4.99653E-04 1.81101E-04 1.77284E-04 2.09122E-07 8.68225E-08 -1.87178E-04 
8.68225E-08 4.56144E-07 -8.02831E-07 1.57663E-04 5.48186E-06 4.05418E-04 1.61912E-04 1.69159E-04 4.56144E-07 8.68225E-08 -1.80697E-04 
8.68225E-08 7.72177E-07 -4.79592E-07 1.39259E-04 1.44948E-06 3.24206E-04 1.42873E-04 1.60285E-04 7.72177E-07 8.68225E-08 -1.67607E-04 
8.68225E-08 1.14284E-06 -8.74212E-08 1.21083E-04 -2.28551E-06 2.54815E-04 1.24128E-04 1.50789E-04 1.14284E-06 8.68225E-08 -1.48786E-04 
8.68225E-08 1.45678E-06 2.52923E-07 1.07265E-04 -4.96141E-06 2.08483E-04 1.09913E-04 1.43096E-04 1.45678E-06 8.68225E-08 -1.31013E-04 
8.68225E-08 1.55171E-06 3.57162E-07 1.03276E-04 -5.70764E-06 1.96062E-04 1.05815E-04 1.40799E-04 1.55171E-06 8.68225E-08 -1.25387E-04 
8.68225E-08 2.01436E-06 8.73802E-07 8.46465E-05 -9.03501E-06 1.43309E-04 8.67069E-05 1.29622E-04 2.01436E-06 8.68225E-08 -9.66164E-05 
8.68225E-08 2.47520E-06 1.40401E-06 6.67628E-05 -1.19800E-05 1.00208E-04 6.84100E-05 1.18178E-04 2.47520E-06 8.68225E-08 -6.60422E-05 
8.68225E-08 2.90793E-06 1.92042E-06 4.97686E-05 -1.45429E-05 6.54623E-05 5.10622E-05 1.06617E-04 2.90793E-06 8.68225E-08 -3.56521E-05 
8.68225E-08 3.28584E-06 2.39502E-06 3.37910E-05 -1.67305E-05 3.78715E-05 3.47852E-05 9.50822E-05 3.28584E-06 8.68225E-08 -7.37656E-06 
4.55088E-07 3.70489E-06 2.92057E-06 1.92324E-05 -1.84001E-05 1.67267E-05 1.99771E-05 8.39448E-05 3.70489E-06 4.55088E-07 1.57973E-05 
9.00568E-07 3.99455E-06 3.32618E-06 5.78259E-06 -1.97624E-05 4.53889E-07 6.31827E-06 7.30024E-05 3.99455E-06 9.00568E-07 3.37604E-05 
1.21490E-06 4.10853E-06 3.56403E-06 -6.53394E-06 -2.08634E-05 -1.18088E-05 -6.17191E-06 6.23118E-05 4.10853E-06 1.21490E-06 4.57989E-05 
1.38453E-06 4.03744E-06 3.62263E-06 -1.76316E-05 -2.17106E-05 -2.07395E-05 -1.74125E-05 5.19845E-05 4.03744E-06 1.38453E-06 5.13405E-05 
1.40300E-06 3.77988E-06 3.49827E-06 -2.74432E-05 -2.23111E-05 -2.69422E-05 -2.73408E-05 4.21229E-05 3.77988E-06 1.40300E-06 5.02921E-05 
1.27171E-06 3.34312E-06 3.19578E-06 -3.59204E-05 -2.26708E-05 -3.09447E-05 -3.59128E-05 3.28185E-05 3.34312E-06 1.27171E-06 4.30547E-05 
1.00023E-06 2.74328E-06 2.72876E-06 -4.30341E-05 -2.27942E-05 -3.31992E-05 -4.31029E-05 2.41521E-05 2.74328E-06 1.00023E-06 3.04993E-05 
6.06166E-07 2.00507E-06 2.11936E-06 -4.87745E-05 -2.26837E-05 -3.40855E-05 -4.89049E-05 1.61922E-05 2.00507E-06 6.06166E-07 1.39037E-05 
1.14516E-07 1.16096E-06 1.39757E-06 -5.31507E-05 -2.23402E-05 -3.39159E-05 -5.33307E-05 8.99457E-06 1.16096E-06 1.14516E-07 -5.14279E-06 
-4.43468E-07 2.49877E-07 5.99905E-07 -5.61900E-05 -2.17633E-05 -3.29422E-05 -5.64100E-05 2.60224E-06 2.49877E-07 -4.43468E-07 -2.48603E-05 
-1.03180E-06 -6.84514E-07 -2.32153E-07 -5.79374E-05 -2.09521E-05 -3.13631E-05 -5.81898E-05 -2.95498E-06 -6.84514E-07 -1.03180E-06 -4.34118E-05 
-1.61167E-06 -1.59590E-06 -1.05425E-06 -5.84544E-05 -1.99060E-05 -2.93321E-05 -5.87331E-05 -7.66083E-06 -1.59590E-06 -1.61167E-06 -5.90418E-05 
-2.14350E-06 -2.43754E-06 -1.82134E-06 -5.78180E-05 -1.86262E-05 -2.69659E-05 -5.81178E-05 -1.15124E-05 -2.43754E-06 -2.14350E-06 -7.02051E-05 
---
