PdfType: replica
Format: lhagrid1
---
1.00000E-06 1.28121E-06 1.64152E-06 2.10317E-06 2.69463E-06 3.45242E-06 4.42329E-06 5.66715E-06 7.26076E-06 9.30241E-06 1.19180E-05 1.52689E-05 1.95617E-05 2.50609E-05 3.21053E-05 4.11287E-05 5.26863E-05 6.74889E-05 8.64459E-05 1.10720E-04 1.41800E-04 1.81585E-04 2.32503E-04 2.97652E-04 3.80981E-04 4.87518E-04 6.26039E-04 8.00452E-04 1.02297E-03 1.30657E-03 1.66759E-03 2.12729E-03 2.71054E-03 3.44865E-03 4.37927E-03 5.54908E-03 7.01192E-03 8.83064E-03 1.10763E-02 1.38266E-02 1.71641E-02 2.11717E-02 2.59364E-02 3.15062E-02 3.79623E-02 4.53425E-02 5.36750E-02 6.29705E-02 7.32221E-02 8.44039E-02 9.64793E-02 1.09332E-01 1.23067E-01 1.37507E-01 1.52639E-01 1.68416E-01 1.84794E-01 2.01731E-01 2.19016E-01 2.36948E-01 2.55242E-01 2.73927E-01 2.92954E-01 3.12340E-01 3.32036E-01 3.52019E-01 3.72282E-01 3.92772E-01 4.13533E-01 4.34326E-01 4.55495E-01 4.76836E-01 4.98342E-01 5.20006E-01 5.41818E-01 5.63773E-01 5.85861E-01 6.08077E-01 6.30459E-01 6.52800E-01 6.75387E-01 6.98063E-01 7.20830E-01 7.43683E-01 7.66623E-01 7.89636E-01 8.12791E-01 8.35940E-01 8.59175E-01 8.82485E-01 9.05866E-01 9.29311E-01 9.52817E-01 9.76387E-01 1.00000E+00 
1.14018E+00 1.22539E+00 1.32482E+00 1.44156E+00 1.57954E+00 1.74381E+00 1.94091E+00 2.12132E+00 2.17945E+00 2.49622E+00 2.89383E+00 3.39925E+00 4.05063E+00 4.90286E+00 6.03623E+00 7.57063E+00 9.68869E+00 1.26749E+01 1.69835E+01 2.33578E+01 3.30501E+01 4.82334E+01 7.28041E+01 1.13998E+02 1.85779E+02 3.16228E+02 
-5 -4 -3 -2 -1 1 2 3 4 5 21 
5.69905E-02 1.68441E-01 1.43041E-01 1.53780E+00 1.53756E+00 1.53751E+00 1.53821E+00 1.43039E-01 1.68441E-01 5.69905E-02 -1.20524E+00 
5.69905E-02 1.68441E-01 1.67988E-01 1.55044E+00 1.55019E+00 1.55015E+00 1.55088E+00 1.67986E-01 1.68441E-01 5.69905E-02 -4.30704E-01 
5.69905E-02 1.80252E-02 2.05952E-01 1.57614E+00 1.57589E+00 1.57585E+00 1.57662E+00 2.05950E-01 1.80252E-02 5.69905E-02 5.57262E-01 
5.69905E-02 7.14370E-02 2.59061E-01 1.61700E+00 1.61675E+00 1.61673E+00 1.61752E+00 2.59060E-01 7.14370E-02 5.69905E-02 1.79256E+00 
5.69905E-02 1.43523E-01 3.30842E-01 1.67642E+00 1.67616E+00 1.67615E+00 1.67698E+00 3.30841E-01 1.43523E-01 5.69905E-02 3.39102E+00 
5.69905E-02 2.37601E-01 4.24611E-01 1.75772E+00 1.75746E+00 1.75746E+00 1.75832E+00 4.24610E-01 2.37601E-01 5.69905E-02 5.45191E+00 
5.69905E-02 3.57438E-01 5.44135E-01 1.86468E+00 1.86442E+00 1.86443E+00 1.86532E+00 5.44134E-01 3.57438E-01 5.69905E-02 8.09601E+00 
5.69905E-02 4.70520E-01 6.56974E-01 1.96774E+00 1.96747E+00 1.96749E+00 1.96842E+00 6.56973E-01 4.70520E-01 5.69905E-02 1.06330E+01 
5.69905E-02 5.07291E-01 6.93674E-01 2.00157E+00 2.00131E+00 2.00133E+00 2.00226E+00 6.93673E-01 5.07291E-01 5.69905E-02 1.14681E+01 
5.69905E-02 7.08067E-01 8.94107E-01 2.18829E+00 2.18802E+00 2.18805E+00 2.18903E+00 8.94106E-01 7.08067E-01 5.69905E-02 1.61183E+01 
5.69905E-02 9.56254E-01 1.14195E+00 2.42235E+00 2.42207E+00 2.42212E+00 2.42314E+00 1.14195E+00 9.56254E-01 5.69905E-02 2.20704E+01 
5.69905E-02 1.25974E+00 1.44509E+00 2.71165E+00 2.71137E+00 2.71143E+00 2.71249E+00 1.44509E+00 1.25974E+00 5.69905E-02 2.96249E+01 
5.69905E-02 1.62754E+00 1.81254E+00 3.06521E+00 3.06492E+00 3.06500E+00 3.06611E+00 1.81254E+00 1.62754E+00 5.69905E-02 3.91307E+01 
3.40315E-01 2.02595E+00 2.21060E+00 3.44948E+00 3.44919E+00 3.44929E+00 3.45045E+00 2.21059E+00 2.02595E+00 3.40315E-01 5.08959E+01 
8.32340E-01 2.50359E+00 2.68788E+00 3.91289E+00 3.91260E+00 3.91271E+00 3.91392E+00 2.68788E+00 2.50359E+00 8.32340E-01 6.53437E+01 
1.42762E+00 3.08434E+00 3.26828E+00 4.47930E+00 4.47901E+00 4.47914E+00 4.48040E+00 3.26828E+00 3.08434E+00 1.42762E+00 8.29987E+01 
2.14289E+00 3.78495E+00 3.96853E+00 5.16548E+00 5.16518E+00 5.16533E+00 5.16665E+00 3.96853E+00 3.78495E+00 2.14289E+00 1.04445E+02 
2.99711E+00 4.62441E+00 4.80762E+00 5.99043E+00 5.99012E+00 5.99029E+00 5.99167E+00 4.80762E+00 4.62441E+00 2.99711E+00 1.30341E+02 
4.01172E+00 5.62416E+00 5.80700E+00 6.97561E+00 6.97530E+00 6.97550E+00 6.97693E+00 5.80700E+00 5.62416E+00 4.01172E+00 1.61419E+02 
5.21086E+00 6.80835E+00 6.99082E+00 8.14518E+00 8.14487E+00 8.14509E+00 8.14659E+00 6.99082E+00 6.80835E+00 5.21086E+00 1.98489E+02 
6.62157E+00 8.20406E+00 8.38615E+00 9.52624E+00 9.52592E+00 9.52617E+00 9.52773E+00 8.38615E+00 8.20406E+00 6.62157E+00 2.42435E+02 
8.27404E+00 9.84146E+00 1.00232E+01 1.11490E+01 1.11486E+01 1.11489E+01 1.11506E+01 1.00232E+01 9.84146E+00 8.27404E+00 2.94217E+02 
1.02018E+01 1.17541E+01 1.19354E+01 1.30469E+01 1.30466E+01 1.30469E+01 1.30486E+01 1.19354E+01 1.17541E+01 1.02018E+01 3.54866E+02 
1.24418E+01 1.39790E+01 1.41599E+01 1.52572E+01 1.52568E+01 1.52572E+01 1.52589E+01 1.41599E+01 1.39790E+01 1.24418E+01 4.25479E+02 
1.50348E+01 1.65568E+01 1.67373E+01 1.78203E+01 1.78200E+01 1.78203E+01 1.78222E+01 1.67373E+01 1.65568E+01 1.50348E+01 5.07214E+02 
1.80250E+01 1.95318E+01 1.97120E+01 2.07807E+01 2.07804E+01 2.07808E+01 2.07827E+01 1.97120E+01 1.95318E+01 1.80250E+01 6.01278E+02 
5.38226E-02 1.62718E-01 1.42031E-01 1.43957E+00 1.43931E+00 1.43929E+00 1.44011E+00 1.42031E-01 1.62718E-01 5.38226E-02 -1.16192E+00 
5.38226E-02 1.62718E-01 1.66587E-01 1.45262E+00 1.45235E+00 1.45234E+00 1.45319E+00 1.66586E-01 1.62718E-01 5.38226E-02 -4.13784E-01 
5.38226E-02 1.75437E-02 2.03602E-01 1.47816E+00 1.47789E+00 1.47789E+00 1.47878E+00 2.03602E-01 1.75437E-02 5.38226E-02 5.40794E-01 
5.38226E-02 6.92904E-02 2.55050E-01 1.51817E+00 1.51789E+00 1.51790E+00 1.51883E+00 2.55050E-01 6.92904E-02 5.38226E-02 1.73374E+00 
5.38226E-02 1.38769E-01 3.24226E-01 1.57578E+00 1.57550E+00 1.57553E+00 1.57649E+00 3.24226E-01 1.38769E-01 5.38226E-02 3.27589E+00 
5.38226E-02 2.29050E-01 4.14201E-01 1.65410E+00 1.65382E+00 1.65385E+00 1.65485E+00 4.14201E-01 2.29050E-01 5.38226E-02 5.26104E+00 
5.38226E-02 3.43609E-01 5.28451E-01 1.75660E+00 1.75632E+00 1.75636E+00 1.75741E+00 5.28451E-01 3.43609E-01 5.38226E-02 7.80260E+00 
5.38226E-02 4.51380E-01 6.35982E-01 1.85499E+00 1.85470E+00 1.85476E+00 1.85584E+00 6.35982E-01 4.51380E-01 5.38226E-02 1.02360E+01 
5.38226E-02 4.86368E-01 6.70899E-01 1.88723E+00 1.88694E+00 1.88700E+00 1.88808E+00 6.70899E-01 4.86368E-01 5.38226E-02 1.10359E+01 
5.38226E-02 6.77003E-01 8.61195E-01 2.06470E+00 2.06441E+00 2.06448E+00 2.06562E+00 8.61195E-01 6.77003E-01 5.38226E-02 1.54816E+01 
5.38226E-02 9.11903E-01 1.09575E+00 2.28637E+00 2.28608E+00 2.28616E+00 2.28735E+00 1.09575E+00 9.11903E-01 5.38226E-02 2.11535E+01 
5.38226E-02 1.19828E+00 1.38178E+00 2.55947E+00 2.55916E+00 2.55927E+00 2.56050E+00 1.38178E+00 1.19828E+00 5.38226E-02 2.83276E+01 
5.38226E-02 1.54434E+00 1.72750E+00 2.89220E+00 2.89189E+00 2.89202E+00 2.89330E+00 1.72750E+00 1.54434E+00 5.38226E-02 3.73230E+01 
3.20989E-01 1.91975E+00 2.10256E+00 3.25438E+00 3.25406E+00 3.25421E+00 3.25555E+00 2.10256E+00 1.91975E+00 3.20989E-01 4.83909E+01 
7.83579E-01 2.36864E+00 2.55110E+00 3.68994E+00 3.68963E+00 3.68979E+00 3.69119E+00 2.55110E+00 2.36864E+00 7.83579E-01 6.19307E+01 
1.34138E+00 2.91260E+00 3.09471E+00 4.22048E+00 4.22016E+00 4.22035E+00 4.22181E+00 3.09471E+00 2.91260E+00 1.34138E+00 7.84198E+01 
2.00945E+00 3.56672E+00 3.74847E+00 4.86109E+00 4.86076E+00 4.86097E+00 4.86249E+00 3.74847E+00 3.56672E+00 2.00945E+00 9.83814E+01 
2.80483E+00 4.34803E+00 4.52942E+00 5.62882E+00 5.62849E+00 5.62872E+00 5.63031E+00 4.52942E+00 4.34803E+00 2.80483E+00 1.22401E+02 
3.74669E+00 5.27574E+00 5.45677E+00 6.54289E+00 6.54256E+00 6.54282E+00 6.54447E+00 5.45677E+00 5.27574E+00 3.74669E+00 1.51128E+02 
4.85655E+00 6.37137E+00 6.55203E+00 7.62484E+00 7.62450E+00 7.62479E+00 7.62651E+00 6.55203E+00 6.37137E+00 4.85655E+00 1.85274E+02 
6.15844E+00 7.65896E+00 7.83924E+00 8.89871E+00 8.89837E+00 8.89869E+00 8.90048E+00 7.83924E+00 7.65896E+00 6.15844E+00 2.25614E+02 
7.67905E+00 9.16522E+00 9.34513E+00 1.03912E+01 1.03909E+01 1.03912E+01 1.03931E+01 9.34513E+00 9.16522E+00 7.67905E+00 2.72983E+02 
9.44793E+00 1.09197E+01 1.10992E+01 1.21320E+01 1.21317E+01 1.21320E+01 1.21340E+01 1.10992E+01 1.09197E+01 9.44793E+00 3.28274E+02 
1.14976E+01 1.29549E+01 1.31341E+01 1.41535E+01 1.41531E+01 1.41535E+01 1.41556E+01 1.31341E+01 1.29549E+01 1.14976E+01 3.92426E+02 
1.38635E+01 1.53064E+01 1.54851E+01 1.64912E+01 1.64909E+01 1.64913E+01 1.64935E+01 1.54852E+01 1.53064E+01 1.38635E+01 4.66430E+02 
1.65842E+01 1.80127E+01 1.81911E+01 1.91839E+01 1.91835E+01 1.91840E+01 1.91862E+01 1.81911E+01 1.80127E+01 1.65842E+01 5.51308E+02 
5.08047E-02 1.57226E-01 1.40987E-01 1.34758E+00 1.34729E+00 1.34731E+00 1.34827E+00 1.40988E-01 1.57226E-01 5.08047E-02 -1.12106E+00 
5.08047E-02 1.57226E-01 1.65183E-01 1.36102E+00 1.36073E+00 1.36075E+00 1.36176E+00 1.65184E-01 1.57226E-01 5.08047E-02 -3.97518E-01 
5.08047E-02 1.70839E-02 2.01296E-01 1.38641E+00 1.38612E+00 1.38615E+00 1.38720E+00 2.01297E-01 1.70839E-02 5.08047E-02 5.25713E-01 
5.08047E-02 6.72337E-02 2.51150E-01 1.42557E+00 1.42527E+00 1.42531E+00 1.42640E+00 2.51151E-01 6.72337E-02 5.08047E-02 1.67859E+00 
5.08047E-02 1.34208E-01 3.17825E-01 1.48144E+00 1.48113E+00 1.48119E+00 1.48232E+00 3.17825E-01 1.34208E-01 5.08047E-02 3.16717E+00 
5.08047E-02 2.20843E-01 4.04157E-01 1.55687E+00 1.55656E+00 1.55664E+00 1.55781E+00 4.04157E-01 2.20843E-01 5.08047E-02 5.07988E+00 
5.08047E-02 3.30342E-01 5.13351E-01 1.65509E+00 1.65477E+00 1.65486E+00 1.65608E+00 5.13351E-01 3.30342E-01 5.08047E-02 7.52309E+00 
5.08047E-02 4.33030E-01 6.15800E-01 1.74899E+00 1.74868E+00 1.74877E+00 1.75003E+00 6.15801E-01 4.33030E-01 5.08047E-02 9.85689E+00 
5.08047E-02 4.66312E-01 6.49012E-01 1.77970E+00 1.77938E+00 1.77948E+00 1.78075E+00 6.49013E-01 4.66312E-01 5.08047E-02 1.06230E+01 
5.08047E-02 6.47267E-01 8.29631E-01 1.94833E+00 1.94801E+00 1.94813E+00 1.94945E+00 8.29631E-01 6.47267E-01 5.08047E-02 1.48723E+01 
5.08047E-02 8.69509E-01 1.05153E+00 2.15819E+00 2.15786E+00 2.15800E+00 2.15937E+00 1.05154E+00 8.69509E-01 5.08047E-02 2.02751E+01 
5.08047E-02 1.13962E+00 1.32131E+00 2.41587E+00 2.41554E+00 2.41569E+00 2.41712E+00 1.32131E+00 1.13962E+00 5.08047E-02 2.70847E+01 
5.08047E-02 1.46508E+00 1.64642E+00 2.72885E+00 2.72851E+00 2.72869E+00 2.73018E+00 1.64642E+00 1.46508E+00 5.08047E-02 3.55918E+01 
3.02601E-01 1.81863E+00 1.99962E+00 3.07001E+00 3.06967E+00 3.06987E+00 3.07142E+00 1.99962E+00 1.81863E+00 3.02601E-01 4.59969E+01 
7.37265E-01 2.24024E+00 2.42089E+00 3.47915E+00 3.47881E+00 3.47903E+00 3.48065E+00 2.42089E+00 2.24024E+00 7.37265E-01 5.86763E+01 
1.25961E+00 2.74941E+00 2.92971E+00 3.97576E+00 3.97541E+00 3.97566E+00 3.97734E+00 2.92971E+00 2.74941E+00 1.25961E+00 7.40640E+01 
1.88319E+00 3.35970E+00 3.53964E+00 4.57340E+00 4.57305E+00 4.57332E+00 4.57507E+00 3.53964E+00 3.35970E+00 1.88319E+00 9.26271E+01 
2.62325E+00 4.08637E+00 4.26595E+00 5.28736E+00 5.28700E+00 5.28730E+00 5.28912E+00 4.26595E+00 4.08637E+00 2.62325E+00 1.14885E+02 
3.49693E+00 4.94656E+00 5.12579E+00 6.13478E+00 6.13442E+00 6.13475E+00 6.13665E+00 5.12579E+00 4.94656E+00 3.49693E+00 1.41412E+02 
4.52334E+00 5.95942E+00 6.13828E+00 7.13484E+00 7.13447E+00 7.13484E+00 7.13681E+00 6.13828E+00 5.95942E+00 4.52334E+00 1.72832E+02 
5.72379E+00 7.14626E+00 7.32474E+00 8.30884E+00 8.30846E+00 8.30886E+00 8.31092E+00 7.32474E+00 7.14626E+00 5.72379E+00 2.09821E+02 
7.12184E+00 8.53064E+00 8.70875E+00 9.68037E+00 9.67999E+00 9.68042E+00 9.68257E+00 8.70875E+00 8.53064E+00 7.12184E+00 2.53102E+02 
8.74346E+00 1.01386E+01 1.03163E+01 1.12754E+01 1.12750E+01 1.12755E+01 1.12777E+01 1.03163E+01 1.01386E+01 8.74346E+00 3.03444E+02 
1.06171E+01 1.19984E+01 1.21758E+01 1.31225E+01 1.31221E+01 1.31226E+01 1.31249E+01 1.21758E+01 1.19984E+01 1.06171E+01 3.61652E+02 
1.27736E+01 1.41412E+01 1.43182E+01 1.52524E+01 1.52521E+01 1.52526E+01 1.52550E+01 1.43182E+01 1.41412E+01 1.27736E+01 4.28565E+02 
1.52467E+01 1.66005E+01 1.67771E+01 1.76989E+01 1.76985E+01 1.76991E+01 1.77016E+01 1.67771E+01 1.66005E+01 1.52467E+01 5.05046E+02 
4.79302E-02 1.51951E-01 1.39914E-01 1.26145E+00 1.26113E+00 1.26118E+00 1.26232E+00 1.39915E-01 1.51951E-01 4.79302E-02 -1.08248E+00 
4.79302E-02 1.51951E-01 1.63779E-01 1.27526E+00 1.27494E+00 1.27500E+00 1.27618E+00 1.63780E-01 1.51951E-01 4.79302E-02 -3.81806E-01 
4.79302E-02 1.66442E-02 1.99031E-01 1.30049E+00 1.30017E+00 1.30024E+00 1.30147E+00 1.99032E-01 1.66442E-02 4.79302E-02 5.11997E-01 
4.79302E-02 6.52608E-02 2.47355E-01 1.33881E+00 1.33849E+00 1.33857E+00 1.33984E+00 2.47356E-01 6.52608E-02 4.79302E-02 1.62697E+00 
4.79302E-02 1.29827E-01 3.11625E-01 1.39299E+00 1.39266E+00 1.39275E+00 1.39407E+00 3.11625E-01 1.29827E-01 4.79302E-02 3.06452E+00 
4.79302E-02 2.12960E-01 3.94458E-01 1.46564E+00 1.46530E+00 1.46541E+00 1.46678E+00 3.94458E-01 2.12960E-01 4.79302E-02 4.90791E+00 
4.79302E-02 3.17608E-01 4.98803E-01 1.55972E+00 1.55938E+00 1.55951E+00 1.56093E+00 4.98803E-01 3.17608E-01 4.79302E-02 7.25673E+00 
4.79302E-02 4.15429E-01 5.96388E-01 1.64932E+00 1.64898E+00 1.64912E+00 1.65058E+00 5.96389E-01 4.15429E-01 4.79302E-02 9.49481E+00 
4.79302E-02 4.47080E-01 6.27970E-01 1.67856E+00 1.67822E+00 1.67836E+00 1.67983E+00 6.27971E-01 4.47080E-01 4.79302E-02 1.02284E+01 
4.79302E-02 6.18791E-01 7.99348E-01 1.83874E+00 1.83839E+00 1.83855E+00 1.84009E+00 7.99349E-01 6.18791E-01 4.79302E-02 1.42888E+01 
4.79302E-02 8.28978E-01 1.00920E+00 2.03733E+00 2.03698E+00 2.03717E+00 2.03876E+00 1.00920E+00 8.28978E-01 4.79302E-02 1.94334E+01 
4.79302E-02 1.08364E+00 1.26352E+00 2.28036E+00 2.28000E+00 2.28021E+00 2.28186E+00 1.26352E+00 1.08364E+00 4.79302E-02 2.58935E+01 
4.79302E-02 1.38957E+00 1.56911E+00 2.57461E+00 2.57424E+00 2.57447E+00 2.57620E+00 1.56911E+00 1.38957E+00 4.79302E-02 3.39338E+01 
2.85107E-01 1.72233E+00 1.90154E+00 2.89578E+00 2.89541E+00 2.89567E+00 2.89746E+00 1.90154E+00 1.72233E+00 2.85107E-01 4.37090E+01 
6.93288E-01 2.11809E+00 2.29695E+00 3.27986E+00 3.27949E+00 3.27977E+00 3.28163E+00 2.29695E+00 2.11809E+00 6.93288E-01 5.55735E+01 
1.18212E+00 2.59437E+00 2.77288E+00 3.74439E+00 3.74401E+00 3.74432E+00 3.74626E+00 2.77289E+00 2.59437E+00 1.18212E+00 6.99212E+01 
1.76377E+00 3.16336E+00 3.34152E+00 4.30154E+00 4.30115E+00 4.30150E+00 4.30351E+00 3.34152E+00 3.16336E+00 1.76377E+00 8.71680E+01 
2.45186E+00 3.83869E+00 4.01649E+00 4.96497E+00 4.96459E+00 4.96496E+00 4.96705E+00 4.01649E+00 3.83869E+00 2.45186E+00 1.07774E+02 
3.26165E+00 4.63564E+00 4.81309E+00 5.74998E+00 5.74958E+00 5.74999E+00 5.75217E+00 4.81309E+00 4.63564E+00 3.26165E+00 1.32243E+02 
4.21011E+00 5.57120E+00 5.74828E+00 6.67355E+00 6.67315E+00 6.67360E+00 6.67586E+00 5.74828E+00 5.57120E+00 4.21011E+00 1.61123E+02 
5.31607E+00 6.66419E+00 6.84090E+00 7.75453E+00 7.75412E+00 7.75461E+00 7.75696E+00 6.84090E+00 6.66419E+00 5.31607E+00 1.94999E+02 
6.60026E+00 7.93536E+00 8.11171E+00 9.01368E+00 9.01327E+00 9.01380E+00 9.01624E+00 8.11171E+00 7.93536E+00 6.60026E+00 2.34496E+02 
8.08547E+00 9.40751E+00 9.58348E+00 1.04738E+01 1.04734E+01 1.04740E+01 1.04765E+01 9.58348E+00 9.40751E+00 8.08547E+00 2.80274E+02 
9.79647E+00 1.11054E+01 1.12810E+01 1.21597E+01 1.21593E+01 1.21599E+01 1.21626E+01 1.12810E+01 1.11054E+01 9.79647E+00 3.33016E+02 
1.17602E+01 1.30561E+01 1.32313E+01 1.40983E+01 1.40979E+01 1.40986E+01 1.41013E+01 1.32313E+01 1.30561E+01 1.17602E+01 3.93433E+02 
1.40056E+01 1.52884E+01 1.54632E+01 1.63187E+01 1.63182E+01 1.63190E+01 1.63218E+01 1.54632E+01 1.52884E+01 1.40056E+01 4.62247E+02 
4.51930E-02 1.46879E-01 1.38816E-01 1.18081E+00 1.18047E+00 1.18055E+00 1.18188E+00 1.38817E-01 1.46879E-01 4.51930E-02 -1.04596E+00 
4.51930E-02 1.46879E-01 1.62375E-01 1.19497E+00 1.19462E+00 1.19472E+00 1.19610E+00 1.62376E-01 1.46879E-01 4.51930E-02 -3.66541E-01 
4.51930E-02 1.62228E-02 1.96805E-01 1.22004E+00 1.21969E+00 1.21979E+00 1.22122E+00 1.96806E-01 1.62228E-02 4.51930E-02 4.99636E-01 
4.51930E-02 6.33655E-02 2.43658E-01 1.25755E+00 1.25719E+00 1.25731E+00 1.25879E+00 2.43659E-01 6.33655E-02 4.51930E-02 1.57873E+00 
4.51930E-02 1.25615E-01 3.05614E-01 1.31007E+00 1.30971E+00 1.30985E+00 1.31138E+00 3.05615E-01 1.25615E-01 4.51930E-02 2.96764E+00 
4.51930E-02 2.05383E-01 3.85084E-01 1.38003E+00 1.37966E+00 1.37981E+00 1.38140E+00 3.85085E-01 2.05383E-01 4.51930E-02 4.74465E+00 
4.51930E-02 3.05377E-01 4.84778E-01 1.47013E+00 1.46976E+00 1.46993E+00 1.47158E+00 4.84779E-01 3.05377E-01 4.51930E-02 7.00280E+00 
4.51930E-02 3.98540E-01 5.77707E-01 1.55560E+00 1.55523E+00 1.55541E+00 1.55710E+00 5.77708E-01 3.98540E-01 4.51930E-02 9.14886E+00 
4.51930E-02 4.28631E-01 6.07729E-01 1.58343E+00 1.58306E+00 1.58325E+00 1.58495E+00 6.07730E-01 4.28631E-01 4.51930E-02 9.85123E+00 
4.51930E-02 5.91515E-01 7.70284E-01 1.73553E+00 1.73514E+00 1.73536E+00 1.73713E+00 7.70285E-01 5.91515E-01 4.51930E-02 1.37300E+01 
4.51930E-02 7.90221E-01 9.68658E-01 1.92338E+00 1.92300E+00 1.92324E+00 1.92507E+00 9.68659E-01 7.90221E-01 4.51930E-02 1.86264E+01 
4.51930E-02 1.03020E+00 1.20831E+00 2.15247E+00 2.15208E+00 2.15235E+00 2.15425E+00 1.20831E+00 1.03020E+00 4.51930E-02 2.47517E+01 
4.51930E-02 1.31763E+00 1.49539E+00 2.42897E+00 2.42857E+00 2.42886E+00 2.43084E+00 1.49539E+00 1.31763E+00 4.51930E-02 3.23459E+01 
2.68470E-01 1.63065E+00 1.80808E+00 2.73114E+00 2.73074E+00 2.73106E+00 2.73311E+00 1.80808E+00 1.63065E+00 2.68470E-01 4.15224E+01 
6.51542E-01 2.00189E+00 2.17897E+00 3.09146E+00 3.09105E+00 3.09140E+00 3.09353E+00 2.17897E+00 2.00189E+00 6.51542E-01 5.26155E+01 
1.10871E+00 2.44710E+00 2.62384E+00 3.52567E+00 3.52526E+00 3.52564E+00 3.52785E+00 2.62384E+00 2.44710E+00 1.10871E+00 6.59818E+01 
1.65085E+00 2.97718E+00 3.15357E+00 4.04467E+00 4.04426E+00 4.04468E+00 4.04697E+00 3.15358E+00 2.97718E+00 1.65085E+00 8.19903E+01 
2.29013E+00 3.60432E+00 3.78035E+00 4.66067E+00 4.66025E+00 4.66071E+00 4.66309E+00 3.78035E+00 3.60432E+00 2.29013E+00 1.01047E+02 
3.04011E+00 4.34206E+00 4.51774E+00 5.38724E+00 5.38681E+00 5.38731E+00 5.38979E+00 4.51774E+00 4.34206E+00 3.04011E+00 1.23594E+02 
3.91580E+00 5.20546E+00 5.38077E+00 6.23942E+00 6.23899E+00 6.23953E+00 6.24210E+00 5.38077E+00 5.20546E+00 3.91580E+00 1.50108E+02 
4.93379E+00 6.21110E+00 6.38605E+00 7.23382E+00 7.23339E+00 7.23397E+00 7.23665E+00 6.38605E+00 6.21110E+00 4.93379E+00 1.81095E+02 
6.11230E+00 7.37721E+00 7.55180E+00 8.38868E+00 8.38824E+00 8.38888E+00 8.39166E+00 7.55180E+00 7.37721E+00 6.11230E+00 2.17094E+02 
7.47123E+00 8.72370E+00 8.89792E+00 9.72392E+00 9.72348E+00 9.72416E+00 9.72705E+00 8.89792E+00 8.72370E+00 7.47123E+00 2.58665E+02 
9.03215E+00 1.02722E+01 1.04460E+01 1.12611E+01 1.12607E+01 1.12614E+01 1.12644E+01 1.04460E+01 1.02722E+01 9.03215E+00 3.06388E+02 
1.08184E+01 1.20459E+01 1.22194E+01 1.30236E+01 1.30232E+01 1.30240E+01 1.30271E+01 1.22194E+01 1.20459E+01 1.08184E+01 3.60860E+02 
1.28548E+01 1.40699E+01 1.42430E+01 1.50364E+01 1.50360E+01 1.50368E+01 1.50401E+01 1.42430E+01 1.40699E+01 1.28548E+01 4.22681E+02 
4.25871E-02 1.41997E-01 1.37698E-01 1.10533E+00 1.10495E+00 1.10505E+00 1.10660E+00 1.37700E-01 1.41997E-01 4.25871E-02 -1.01129E+00 
4.25871E-02 1.41997E-01 1.60973E-01 1.11982E+00 1.11944E+00 1.11956E+00 1.12116E+00 1.60975E-01 1.41997E-01 4.25871E-02 -3.51609E-01 
4.25871E-02 1.58183E-02 1.94616E-01 1.14472E+00 1.14433E+00 1.14447E+00 1.14612E+00 1.94617E-01 1.58183E-02 4.25871E-02 4.88637E-01 
4.25871E-02 6.15420E-02 2.40052E-01 1.18142E+00 1.18103E+00 1.18119E+00 1.18290E+00 2.40053E-01 6.15420E-02 4.25871E-02 1.53374E+00 
4.25871E-02 1.21561E-01 2.99780E-01 1.23234E+00 1.23194E+00 1.23212E+00 1.23388E+00 2.99781E-01 1.21561E-01 4.25871E-02 2.87626E+00 
4.25871E-02 1.98093E-01 3.76017E-01 1.29969E+00 1.29929E+00 1.29948E+00 1.30131E+00 3.76018E-01 1.98093E-01 4.25871E-02 4.58965E+00 
4.25871E-02 2.93621E-01 4.71248E-01 1.38596E+00 1.38556E+00 1.38577E+00 1.38766E+00 4.71249E-01 2.93621E-01 4.25871E-02 6.76067E+00 
4.25871E-02 3.82323E-01 5.59718E-01 1.46746E+00 1.46705E+00 1.46729E+00 1.46923E+00 5.59719E-01 3.82323E-01 4.25871E-02 8.81817E+00 
4.25871E-02 4.10923E-01 5.88249E-01 1.49395E+00 1.49354E+00 1.49378E+00 1.49573E+00 5.88250E-01 4.10923E-01 4.25871E-02 9.49047E+00 
4.25871E-02 5.65379E-01 7.42379E-01 1.63831E+00 1.63789E+00 1.63816E+00 1.64018E+00 7.42380E-01 5.65379E-01 4.25871E-02 1.31946E+01 
4.25871E-02 7.53152E-01 9.29822E-01 1.81593E+00 1.81551E+00 1.81580E+00 1.81790E+00 9.29823E-01 7.53152E-01 4.25871E-02 1.78527E+01 
4.25871E-02 9.79193E-01 1.15553E+00 2.03178E+00 2.03135E+00 2.03167E+00 2.03385E+00 1.15553E+00 9.79193E-01 4.25871E-02 2.36571E+01 
4.25871E-02 1.24908E+00 1.42509E+00 2.29144E+00 2.29101E+00 2.29136E+00 2.29362E+00 1.42509E+00 1.24908E+00 4.25871E-02 3.08248E+01 
2.52650E-01 1.54335E+00 1.71902E+00 2.57556E+00 2.57512E+00 2.57551E+00 2.57785E+00 1.71902E+00 1.54335E+00 2.52650E-01 3.94328E+01 
6.11924E-01 1.89135E+00 2.06668E+00 2.91334E+00 2.91290E+00 2.91332E+00 2.91575E+00 2.06668E+00 1.89135E+00 6.11924E-01 4.97957E+01 
1.03918E+00 2.30722E+00 2.48221E+00 3.31891E+00 3.31846E+00 3.31892E+00 3.32144E+00 2.48221E+00 2.30722E+00 1.03918E+00 6.22362E+01 
1.54412E+00 2.80068E+00 2.97532E+00 3.80201E+00 3.80155E+00 3.80206E+00 3.80467E+00 2.97532E+00 2.80068E+00 1.54412E+00 7.70806E+01 
2.13759E+00 3.38257E+00 3.55686E+00 4.37348E+00 4.37302E+00 4.37357E+00 4.37629E+00 3.55686E+00 3.38257E+00 2.13759E+00 9.46859E+01 
2.83158E+00 4.06492E+00 4.23885E+00 5.04537E+00 5.04491E+00 5.04550E+00 5.04832E+00 4.23885E+00 4.06492E+00 2.83158E+00 1.15438E+02 
3.63937E+00 4.86099E+00 5.03457E+00 5.83095E+00 5.83048E+00 5.83113E+00 5.83405E+00 5.03457E+00 4.86099E+00 3.63937E+00 1.39750E+02 
4.57553E+00 5.78539E+00 5.95860E+00 6.74483E+00 6.74436E+00 6.74505E+00 6.74809E+00 5.95860E+00 5.78539E+00 4.57553E+00 1.68059E+02 
5.65600E+00 6.85405E+00 7.02689E+00 7.80296E+00 7.80249E+00 7.80324E+00 7.80639E+00 7.02689E+00 6.85405E+00 5.65600E+00 2.00825E+02 
6.89812E+00 8.08432E+00 8.25680E+00 9.02271E+00 9.02223E+00 9.02305E+00 9.02632E+00 8.25680E+00 8.08432E+00 6.89812E+00 2.38523E+02 
8.32059E+00 9.49493E+00 9.66703E+00 1.04228E+01 1.04223E+01 1.04232E+01 1.04266E+01 9.66703E+00 9.49493E+00 8.32059E+00 2.81642E+02 
9.94353E+00 1.11060E+01 1.12777E+01 1.20233E+01 1.20228E+01 1.20238E+01 1.20273E+01 1.12777E+01 1.11060E+01 9.94353E+00 3.30678E+02 
1.17884E+01 1.29389E+01 1.31103E+01 1.38458E+01 1.38453E+01 1.38463E+01 1.38500E+01 1.31103E+01 1.29389E+01 1.17884E+01 3.86128E+02 
4.01066E-02 1.37294E-01 1.36565E-01 1.03467E+00 1.03425E+00 1.03439E+00 1.03617E+00 1.36566E-01 1.37294E-01 4.01066E-02 -9.78283E-01 
4.01066E-02 1.37294E-01 1.59575E-01 1.04948E+00 1.04906E+00 1.04921E+00 1.05105E+00 1.59576E-01 1.37294E-01 4.01066E-02 -3.36889E-01 
4.01066E-02 1.54291E-02 1.92461E-01 1.07420E+00 1.07377E+00 1.07395E+00 1.07584E+00 1.92462E-01 1.54291E-02 4.01066E-02 4.79017E-01 
4.01066E-02 5.97849E-02 2.36532E-01 1.11012E+00 1.10969E+00 1.10988E+00 1.11184E+00 2.36533E-01 5.97849E-02 4.01066E-02 1.49190E+00 
4.01066E-02 1.17655E-01 2.94113E-01 1.15947E+00 1.15903E+00 1.15925E+00 1.16127E+00 2.94114E-01 1.17655E-01 4.01066E-02 2.79015E+00 
4.01066E-02 1.91073E-01 3.67239E-01 1.22429E+00 1.22385E+00 1.22409E+00 1.22618E+00 3.67240E-01 1.91073E-01 4.01066E-02 4.44250E+00 
4.01066E-02 2.82316E-01 4.58187E-01 1.30688E+00 1.30643E+00 1.30669E+00 1.30886E+00 4.58188E-01 2.82316E-01 4.01066E-02 6.52971E+00 
4.01066E-02 3.66745E-01 5.42386E-01 1.38457E+00 1.38412E+00 1.38440E+00 1.38662E+00 5.42387E-01 3.66745E-01 4.01066E-02 8.50198E+00 
4.01066E-02 3.93918E-01 5.69491E-01 1.40976E+00 1.40932E+00 1.40960E+00 1.41184E+00 5.69492E-01 3.93918E-01 4.01066E-02 9.14532E+00 
4.01066E-02 5.40327E-01 7.15576E-01 1.54672E+00 1.54627E+00 1.54659E+00 1.54890E+00 7.15577E-01 5.40327E-01 4.01066E-02 1.26814E+01 
4.01066E-02 7.17688E-01 8.92610E-01 1.71459E+00 1.71413E+00 1.71448E+00 1.71687E+00 8.92611E-01 7.17688E-01 4.01066E-02 1.71106E+01 
4.01066E-02 9.30491E-01 1.10508E+00 1.91785E+00 1.91739E+00 1.91777E+00 1.92026E+00 1.10508E+00 9.30491E-01 4.01066E-02 2.26074E+01 
4.01066E-02 1.18378E+00 1.35803E+00 2.16157E+00 2.16110E+00 2.16152E+00 2.16410E+00 1.35804E+00 1.18378E+00 4.01066E-02 2.93677E+01 
2.37612E-01 1.46023E+00 1.63416E+00 2.42853E+00 2.42805E+00 2.42851E+00 2.43118E+00 1.63416E+00 1.46023E+00 2.37612E-01 3.74358E+01 
5.74338E-01 1.78622E+00 1.95981E+00 2.74495E+00 2.74447E+00 2.74498E+00 2.74774E+00 1.95981E+00 1.78622E+00 5.74338E-01 4.71081E+01 
9.73342E-01 2.17438E+00 2.34763E+00 3.12348E+00 3.12300E+00 3.12354E+00 3.12641E+00 2.34763E+00 2.17438E+00 9.73342E-01 5.86756E+01 
1.44328E+00 2.63338E+00 2.80628E+00 3.57278E+00 3.57229E+00 3.57289E+00 3.57586E+00 2.80628E+00 2.63338E+00 1.44328E+00 7.24261E+01 
1.99376E+00 3.17283E+00 3.34538E+00 4.10249E+00 4.10200E+00 4.10265E+00 4.10573E+00 3.34539E+00 3.17283E+00 1.99376E+00 8.86723E+01 
2.63539E+00 3.80337E+00 3.97557E+00 4.72325E+00 4.72275E+00 4.72345E+00 4.72665E+00 3.97557E+00 3.80337E+00 2.63539E+00 1.07750E+02 
3.37986E+00 4.53668E+00 4.70852E+00 5.44674E+00 5.44624E+00 5.44700E+00 5.45031E+00 4.70852E+00 4.53668E+00 3.37986E+00 1.30015E+02 
4.23993E+00 5.38554E+00 5.55703E+00 6.28577E+00 6.28526E+00 6.28609E+00 6.28953E+00 5.55703E+00 5.38554E+00 4.23993E+00 1.55843E+02 
5.22952E+00 6.36388E+00 6.53500E+00 7.25426E+00 7.25375E+00 7.25464E+00 7.25821E+00 6.53500E+00 6.36388E+00 5.22952E+00 1.85624E+02 
6.36367E+00 7.48675E+00 7.65750E+00 8.36728E+00 8.36676E+00 8.36773E+00 8.37143E+00 7.65750E+00 7.48675E+00 6.36367E+00 2.19760E+02 
7.65854E+00 8.77031E+00 8.94070E+00 9.64101E+00 9.64049E+00 9.64153E+00 9.64537E+00 8.94070E+00 8.77031E+00 7.65854E+00 2.58658E+02 
9.13142E+00 1.02319E+01 1.04019E+01 1.10927E+01 1.10922E+01 1.10933E+01 1.10973E+01 1.04019E+01 1.02319E+01 9.13142E+00 3.02731E+02 
1.08006E+01 1.18898E+01 1.20594E+01 1.27408E+01 1.27403E+01 1.27415E+01 1.27456E+01 1.20594E+01 1.18898E+01 1.08006E+01 3.52384E+02 
3.77461E-02 1.32757E-01 1.35420E-01 9.68550E-01 9.68094E-01 9.68254E-01 9.70287E-01 1.35421E-01 1.32757E-01 3.77461E-02 -9.46717E-01 
3.77461E-02 1.32757E-01 1.58182E-01 9.83655E-01 9.83195E-01 9.83376E-01 9.85475E-01 1.58182E-01 1.32757E-01 3.77461E-02 -3.22252E-01 
3.77461E-02 1.50537E-02 1.90339E-01 1.00819E+00 1.00772E+00 1.00792E+00 1.01009E+00 1.90340E-01 1.50537E-02 3.77461E-02 4.70811E-01 
3.77461E-02 5.80888E-02 2.33091E-01 1.04333E+00 1.04286E+00 1.04308E+00 1.04532E+00 2.33092E-01 5.80888E-02 3.77461E-02 1.45315E+00 
3.77461E-02 1.13885E-01 2.88601E-01 1.09115E+00 1.09068E+00 1.09093E+00 1.09324E+00 2.88602E-01 1.13885E-01 3.77461E-02 2.70908E+00 
3.77461E-02 1.84308E-01 3.58733E-01 1.15353E+00 1.15305E+00 1.15334E+00 1.15572E+00 3.58734E-01 1.84308E-01 3.77461E-02 4.30283E+00 
3.77461E-02 2.71435E-01 4.45568E-01 1.23256E+00 1.23208E+00 1.23239E+00 1.23485E+00 4.45569E-01 2.71435E-01 3.77461E-02 6.30938E+00 
3.77461E-02 3.51772E-01 5.25676E-01 1.30659E+00 1.30611E+00 1.30644E+00 1.30896E+00 5.25677E-01 3.51772E-01 3.77461E-02 8.19955E+00 
3.77461E-02 3.77580E-01 5.51417E-01 1.33055E+00 1.33006E+00 1.33041E+00 1.33295E+00 5.51418E-01 3.77580E-01 3.77461E-02 8.81501E+00 
3.77461E-02 5.16306E-01 6.89821E-01 1.46044E+00 1.45994E+00 1.46032E+00 1.46295E+00 6.89822E-01 5.16306E-01 3.77461E-02 1.21894E+01 
3.77461E-02 6.83754E-01 8.56944E-01 1.61900E+00 1.61850E+00 1.61891E+00 1.62164E+00 8.56944E-01 6.83754E-01 3.77461E-02 1.63986E+01 
3.77461E-02 8.83985E-01 1.05685E+00 1.81031E+00 1.80981E+00 1.81026E+00 1.81308E+00 1.05685E+00 8.83985E-01 3.77461E-02 2.16008E+01 
3.77461E-02 1.12155E+00 1.29408E+00 2.03892E+00 2.03841E+00 2.03891E+00 2.04183E+00 1.29408E+00 1.12155E+00 3.77461E-02 2.79718E+01 
2.23321E-01 1.38109E+00 1.55329E+00 2.28958E+00 2.28907E+00 2.28961E+00 2.29264E+00 1.55330E+00 1.38109E+00 2.23321E-01 3.55274E+01 
5.38689E-01 1.68623E+00 1.85810E+00 2.58578E+00 2.58526E+00 2.58585E+00 2.58899E+00 1.85810E+00 1.68623E+00 5.38689E-01 4.45466E+01 
9.11029E-01 2.04824E+00 2.21977E+00 2.93878E+00 2.93825E+00 2.93890E+00 2.94215E+00 2.21977E+00 2.04824E+00 9.11029E-01 5.52915E+01 
1.34803E+00 2.47482E+00 2.64601E+00 3.35629E+00 3.35576E+00 3.35647E+00 3.35983E+00 2.64601E+00 2.47482E+00 1.34803E+00 6.80148E+01 
1.85820E+00 2.97449E+00 3.14533E+00 3.84685E+00 3.84631E+00 3.84708E+00 3.85056E+00 3.14533E+00 2.97449E+00 1.85820E+00 8.29891E+01 
2.45089E+00 3.55661E+00 3.72710E+00 4.41982E+00 4.41928E+00 4.42011E+00 4.42372E+00 3.72710E+00 3.55661E+00 2.45089E+00 1.00505E+02 
3.13635E+00 4.23144E+00 4.40157E+00 5.08546E+00 5.08492E+00 5.08582E+00 5.08957E+00 4.40157E+00 4.23144E+00 3.13635E+00 1.20869E+02 
3.92573E+00 5.01014E+00 5.17991E+00 5.85497E+00 5.85442E+00 5.85540E+00 5.85928E+00 5.17991E+00 5.01014E+00 3.92573E+00 1.44400E+02 
4.83112E+00 5.90481E+00 6.07422E+00 6.74043E+00 6.73988E+00 6.74094E+00 6.74496E+00 6.07422E+00 5.90481E+00 4.83112E+00 1.71429E+02 
5.86554E+00 6.92849E+00 7.09753E+00 7.75490E+00 7.75434E+00 7.75548E+00 7.75966E+00 7.09753E+00 6.92849E+00 5.86554E+00 2.02292E+02 
7.04290E+00 8.09508E+00 8.26375E+00 8.91229E+00 8.91173E+00 8.91296E+00 8.91729E+00 8.26375E+00 8.09508E+00 7.04290E+00 2.37327E+02 
8.37800E+00 9.41939E+00 9.58769E+00 1.02274E+01 1.02268E+01 1.02282E+01 1.02327E+01 9.58769E+00 9.41939E+00 8.37800E+00 2.76871E+02 
9.88641E+00 1.09170E+01 1.10849E+01 1.17159E+01 1.17153E+01 1.17167E+01 1.17214E+01 1.10849E+01 1.09170E+01 9.88641E+00 3.21256E+02 
3.55005E-02 1.28376E-01 1.34267E-01 9.06683E-01 9.06183E-01 9.06368E-01 9.08685E-01 1.34268E-01 1.28376E-01 3.55005E-02 -9.16380E-01 
3.55005E-02 1.28376E-01 1.56794E-01 9.22063E-01 9.21558E-01 9.21768E-01 9.24159E-01 1.56794E-01 1.28376E-01 3.55005E-02 -3.07557E-01 
3.55005E-02 1.46908E-02 1.88247E-01 9.46396E-01 9.45887E-01 9.46125E-01 9.48591E-01 1.88247E-01 1.46908E-02 3.55005E-02 4.64065E-01 
3.55005E-02 5.64487E-02 2.29724E-01 9.80769E-01 9.80255E-01 9.80521E-01 9.83066E-01 2.29724E-01 5.64487E-02 3.55005E-02 1.41741E+00 
3.55005E-02 1.10244E-01 2.83234E-01 1.02711E+00 1.02659E+00 1.02689E+00 1.02951E+00 2.83235E-01 1.10244E-01 3.55005E-02 2.63287E+00 
3.55005E-02 1.77780E-01 3.50483E-01 1.08712E+00 1.08660E+00 1.08693E+00 1.08964E+00 3.50484E-01 1.77780E-01 3.55005E-02 4.17031E+00 
3.55005E-02 2.60956E-01 4.33368E-01 1.16272E+00 1.16219E+00 1.16256E+00 1.16535E+00 4.33369E-01 2.60956E-01 3.55005E-02 6.09916E+00 
3.55005E-02 3.37373E-01 5.09558E-01 1.23324E+00 1.23271E+00 1.23310E+00 1.23597E+00 5.09558E-01 3.37373E-01 3.55005E-02 7.91021E+00 
3.55005E-02 3.61875E-01 5.33993E-01 1.25602E+00 1.25548E+00 1.25588E+00 1.25877E+00 5.33994E-01 3.61875E-01 3.55005E-02 8.49881E+00 
3.55005E-02 4.93264E-01 6.65062E-01 1.37913E+00 1.37860E+00 1.37904E+00 1.38202E+00 6.65062E-01 4.93264E-01 3.55005E-02 1.17174E+01 
3.55005E-02 6.51274E-01 8.22749E-01 1.52883E+00 1.52829E+00 1.52878E+00 1.53187E+00 8.22749E-01 6.51274E-01 3.55005E-02 1.57154E+01 
3.55005E-02 8.39572E-01 1.01072E+00 1.70879E+00 1.70824E+00 1.70877E+00 1.71197E+00 1.01072E+00 8.39572E-01 3.55005E-02 2.06352E+01 
3.55005E-02 1.06225E+00 1.23307E+00 1.92309E+00 1.92254E+00 1.92313E+00 1.92644E+00 1.23307E+00 1.06225E+00 3.55005E-02 2.66345E+01 
2.09742E-01 1.30574E+00 1.47624E+00 2.15828E+00 2.15772E+00 2.15836E+00 2.16179E+00 1.47624E+00 1.30574E+00 2.09742E-01 3.37039E+01 
5.04888E-01 1.59114E+00 1.76130E+00 2.43532E+00 2.43475E+00 2.43546E+00 2.43900E+00 1.76130E+00 1.59114E+00 5.04888E-01 4.21058E+01 
8.52072E-01 1.92849E+00 2.09831E+00 2.76423E+00 2.76366E+00 2.76443E+00 2.76810E+00 2.09831E+00 1.92849E+00 8.52072E-01 5.20758E+01 
1.25811E+00 2.32459E+00 2.49407E+00 3.15186E+00 3.15129E+00 3.15212E+00 3.15592E+00 2.49407E+00 2.32459E+00 1.25811E+00 6.38351E+01 
1.73049E+00 2.78698E+00 2.95611E+00 3.60572E+00 3.60514E+00 3.60605E+00 3.60999E+00 2.95611E+00 2.78698E+00 1.73049E+00 7.76201E+01 
2.27746E+00 3.32387E+00 3.49266E+00 4.13406E+00 4.13348E+00 4.13446E+00 4.13854E+00 3.49266E+00 3.32387E+00 2.27746E+00 9.36812E+01 
2.90795E+00 3.94424E+00 4.11267E+00 4.74584E+00 4.74526E+00 4.74632E+00 4.75055E+00 4.11267E+00 3.94424E+00 2.90795E+00 1.12280E+02 
3.63169E+00 4.65781E+00 4.82588E+00 5.45081E+00 5.45022E+00 5.45138E+00 5.45575E+00 4.82588E+00 4.65781E+00 3.63169E+00 1.33688E+02 
4.45914E+00 5.47505E+00 5.64276E+00 6.25945E+00 6.25885E+00 6.26010E+00 6.26464E+00 5.64276E+00 5.47505E+00 4.45914E+00 1.58181E+02 
5.40153E+00 6.40720E+00 6.57454E+00 7.18298E+00 7.18239E+00 7.18373E+00 7.18843E+00 6.57454E+00 6.40720E+00 5.40153E+00 1.86039E+02 
6.47076E+00 7.46617E+00 7.63314E+00 8.23335E+00 8.23275E+00 8.23420E+00 8.23907E+00 7.63314E+00 7.46617E+00 6.47076E+00 2.17541E+02 
7.67944E+00 8.66458E+00 8.83117E+00 9.42317E+00 9.42257E+00 9.42413E+00 9.42918E+00 8.83118E+00 8.66458E+00 7.67944E+00 2.52961E+02 
9.04078E+00 1.00156E+01 1.01818E+01 1.07656E+01 1.07650E+01 1.07667E+01 1.07720E+01 1.01818E+01 1.00156E+01 9.04078E+00 2.92563E+02 
3.33646E-02 1.24139E-01 1.33111E-01 8.48809E-01 8.48261E-01 8.48475E-01 8.51107E-01 1.33112E-01 1.24139E-01 3.33646E-02 -8.87051E-01 
3.33646E-02 1.24139E-01 1.55412E-01 8.64441E-01 8.63888E-01 8.64133E-01 8.66848E-01 1.55413E-01 1.24139E-01 3.33646E-02 -2.92655E-01 
3.33646E-02 1.43390E-02 1.86183E-01 8.88570E-01 8.88012E-01 8.88289E-01 8.91089E-01 1.86184E-01 1.43390E-02 3.33646E-02 4.58843E-01 
3.33646E-02 5.48599E-02 2.26425E-01 9.22183E-01 9.21621E-01 9.21932E-01 9.24819E-01 2.26425E-01 5.48599E-02 3.33646E-02 1.38464E+00 
3.33646E-02 1.06721E-01 2.78003E-01 9.67069E-01 9.66503E-01 9.66851E-01 9.69828E-01 2.78003E-01 1.06721E-01 3.33646E-02 2.56136E+00 
3.33646E-02 1.71477E-01 3.42473E-01 1.02479E+00 1.02422E+00 1.02461E+00 1.02768E+00 3.42474E-01 1.71477E-01 3.33646E-02 4.04464E+00 
3.33646E-02 2.50857E-01 4.21564E-01 1.09709E+00 1.09651E+00 1.09694E+00 1.10011E+00 4.21564E-01 2.50857E-01 3.33646E-02 5.89859E+00 
3.33646E-02 3.23517E-01 4.93998E-01 1.16423E+00 1.16365E+00 1.16411E+00 1.16736E+00 4.93999E-01 3.23517E-01 3.33646E-02 7.63336E+00 
3.33646E-02 3.46770E-01 5.17185E-01 1.18587E+00 1.18529E+00 1.18576E+00 1.18903E+00 5.17185E-01 3.46770E-01 3.33646E-02 8.19606E+00 
3.33646E-02 4.71153E-01 6.41250E-01 1.30252E+00 1.30193E+00 1.30245E+00 1.30583E+00 6.41250E-01 4.71153E-01 3.33646E-02 1.12647E+01 
3.33646E-02 6.20180E-01 7.89955E-01 1.44377E+00 1.44318E+00 1.44376E+00 1.44725E+00 7.89955E-01 6.20180E-01 3.33646E-02 1.50597E+01 
3.33646E-02 7.97151E-01 9.66602E-01 1.61294E+00 1.61234E+00 1.61298E+00 1.61660E+00 9.66602E-01 7.97151E-01 3.33646E-02 1.97089E+01 
3.33646E-02 1.00574E+00 1.17486E+00 1.81370E+00 1.81310E+00 1.81380E+00 1.81754E+00 1.17486E+00 1.00574E+00 3.33646E-02 2.53533E+01 
1.96846E-01 1.23401E+00 1.40280E+00 2.03420E+00 2.03359E+00 2.03435E+00 2.03822E+00 1.40280E+00 1.23401E+00 1.96846E-01 3.19614E+01 
4.72852E-01 1.50073E+00 1.66919E+00 2.29310E+00 2.29249E+00 2.29332E+00 2.29733E+00 1.66919E+00 1.50073E+00 4.72852E-01 3.97802E+01 
7.96310E-01 1.81481E+00 1.98294E+00 2.59930E+00 2.59869E+00 2.59960E+00 2.60374E+00 1.98294E+00 1.81481E+00 7.96310E-01 4.90209E+01 
1.17324E+00 2.18228E+00 2.35007E+00 2.95885E+00 2.95823E+00 2.95922E+00 2.96351E+00 2.35007E+00 2.18228E+00 1.17324E+00 5.98760E+01 
1.61024E+00 2.60975E+00 2.77719E+00 3.37835E+00 3.37773E+00 3.37880E+00 3.38324E+00 2.77719E+00 2.60975E+00 1.61024E+00 7.25498E+01 
2.11451E+00 3.10443E+00 3.27152E+00 3.86503E+00 3.86440E+00 3.86556E+00 3.87016E+00 3.27152E+00 3.10443E+00 2.11451E+00 8.72566E+01 
2.69385E+00 3.67413E+00 3.84086E+00 4.42670E+00 4.42607E+00 4.42733E+00 4.43209E+00 3.84086E+00 3.67413E+00 2.69385E+00 1.04219E+02 
3.35669E+00 4.32727E+00 4.49365E+00 5.07180E+00 5.07117E+00 5.07254E+00 5.07747E+00 4.49365E+00 4.32727E+00 3.35669E+00 1.23664E+02 
4.11205E+00 5.07291E+00 5.23892E+00 5.80939E+00 5.80876E+00 5.81023E+00 5.81534E+00 5.23892E+00 5.07291E+00 4.11205E+00 1.45824E+02 
4.96956E+00 5.92066E+00 6.08631E+00 6.64910E+00 6.64846E+00 6.65005E+00 6.65534E+00 6.08631E+00 5.92066E+00 4.96956E+00 1.70928E+02 
5.93938E+00 6.88070E+00 7.04598E+00 7.60110E+00 7.60046E+00 7.60218E+00 7.60765E+00 7.04598E+00 6.88070E+00 5.93938E+00 1.99203E+02 
7.03219E+00 7.96373E+00 8.12863E+00 8.67610E+00 8.67546E+00 8.67730E+00 8.68297E+00 8.12863E+00 7.96373E+00 7.03219E+00 2.30869E+02 
8.25911E+00 9.18086E+00 9.34538E+00 9.88521E+00 9.88457E+00 9.88655E+00 9.89243E+00 9.34538E+00 9.18086E+00 8.25911E+00 2.66136E+02 
3.13338E-02 1.20037E-01 1.31956E-01 7.94684E-01 7.94084E-01 7.94332E-01 7.97319E-01 1.31956E-01 1.20037E-01 3.13338E-02 -8.58501E-01 
3.13338E-02 1.20037E-01 1.54039E-01 8.10547E-01 8.09942E-01 8.10227E-01 8.13307E-01 1.54039E-01 1.20037E-01 3.13338E-02 -2.77382E-01 
3.13338E-02 1.39971E-02 1.84146E-01 8.34458E-01 8.33849E-01 8.34174E-01 8.37348E-01 1.84146E-01 1.39971E-02 3.13338E-02 4.55225E-01 
3.13338E-02 5.33177E-02 2.23189E-01 8.67319E-01 8.66706E-01 8.67072E-01 8.70344E-01 2.23189E-01 5.33177E-02 3.13338E-02 1.35484E+00 
3.13338E-02 1.03308E-01 2.72898E-01 9.10788E-01 9.10170E-01 9.10580E-01 9.13953E-01 2.72898E-01 1.03308E-01 3.13338E-02 2.49442E+00 
3.13338E-02 1.65384E-01 3.34689E-01 9.66287E-01 9.65664E-01 9.66121E-01 9.69599E-01 3.34689E-01 1.65384E-01 3.13338E-02 3.92554E+00 
3.13338E-02 2.41116E-01 4.10133E-01 1.03539E+00 1.03477E+00 1.03527E+00 1.03886E+00 4.10134E-01 2.41116E-01 3.13338E-02 5.70725E+00 
3.13338E-02 3.10177E-01 4.78970E-01 1.09930E+00 1.09867E+00 1.09921E+00 1.10289E+00 4.78970E-01 3.10177E-01 3.13338E-02 7.36841E+00 
3.13338E-02 3.32235E-01 5.00962E-01 1.11984E+00 1.11921E+00 1.11977E+00 1.12347E+00 5.00962E-01 3.32235E-01 3.13338E-02 7.90614E+00 
3.13338E-02 4.49929E-01 6.18339E-01 1.23031E+00 1.22967E+00 1.23029E+00 1.23411E+00 6.18339E-01 4.49929E-01 3.13338E-02 1.08304E+01 
3.13338E-02 5.90405E-01 7.58495E-01 1.36352E+00 1.36288E+00 1.36356E+00 1.36751E+00 7.58495E-01 5.90405E-01 3.13338E-02 1.44302E+01 
3.13338E-02 7.56629E-01 9.24396E-01 1.52245E+00 1.52180E+00 1.52255E+00 1.52664E+00 9.24396E-01 7.56629E-01 3.13338E-02 1.88204E+01 
3.13338E-02 9.51891E-01 1.11933E+00 1.71039E+00 1.70974E+00 1.71057E+00 1.71479E+00 1.11933E+00 9.51891E-01 3.13338E-02 2.41260E+01 
1.84601E-01 1.16571E+00 1.33282E+00 1.91694E+00 1.91629E+00 1.91719E+00 1.92156E+00 1.33282E+00 1.16571E+00 1.84601E-01 3.02967E+01 
4.42500E-01 1.41476E+00 1.58155E+00 2.15869E+00 2.15803E+00 2.15902E+00 2.16354E+00 1.58155E+00 1.41476E+00 4.42500E-01 3.75649E+01 
7.43594E-01 1.70693E+00 1.87337E+00 2.44349E+00 2.44283E+00 2.44390E+00 2.44858E+00 1.87337E+00 1.70693E+00 7.43594E-01 4.61195E+01 
1.09318E+00 2.04751E+00 2.21361E+00 2.77666E+00 2.77599E+00 2.77716E+00 2.78200E+00 2.21361E+00 2.04751E+00 1.09318E+00 5.61272E+01 
1.49705E+00 2.44230E+00 2.60806E+00 3.16400E+00 3.16333E+00 3.16460E+00 3.16961E+00 2.60806E+00 2.44230E+00 1.49705E+00 6.77633E+01 
1.96149E+00 2.89759E+00 3.06300E+00 3.61181E+00 3.61114E+00 3.61252E+00 3.61770E+00 3.06300E+00 2.89759E+00 1.96149E+00 8.12106E+01 
2.49325E+00 3.42017E+00 3.58522E+00 4.12689E+00 4.12622E+00 4.12771E+00 4.13307E+00 3.58522E+00 3.42017E+00 2.49325E+00 9.66564E+01 
3.09962E+00 4.01731E+00 4.18200E+00 4.71652E+00 4.71584E+00 4.71746E+00 4.72300E+00 4.18200E+00 4.01731E+00 3.09962E+00 1.14291E+02 
3.78835E+00 4.69677E+00 4.86110E+00 5.38846E+00 5.38778E+00 5.38953E+00 5.39527E+00 4.86110E+00 4.69677E+00 3.78835E+00 1.34305E+02 
4.56766E+00 5.46678E+00 5.63075E+00 6.15095E+00 6.15028E+00 6.15216E+00 6.15810E+00 5.63075E+00 5.46678E+00 4.56766E+00 1.56887E+02 
5.44617E+00 6.33598E+00 6.49957E+00 7.01263E+00 7.01195E+00 7.01398E+00 7.02013E+00 6.49957E+00 6.33598E+00 5.44617E+00 1.82218E+02 
6.43288E+00 7.31336E+00 7.47658E+00 7.98251E+00 7.98183E+00 7.98401E+00 7.99038E+00 7.47658E+00 7.31336E+00 6.43288E+00 2.10474E+02 
7.53710E+00 8.40824E+00 8.57108E+00 9.06991E+00 9.06923E+00 9.07157E+00 9.07817E+00 8.57108E+00 8.40824E+00 7.53710E+00 2.41818E+02 
2.94035E-02 1.16060E-01 1.30804E-01 7.44077E-01 7.43421E-01 7.43714E-01 7.47101E-01 1.30804E-01 1.16060E-01 2.94035E-02 -8.30486E-01 
2.94035E-02 1.16060E-01 1.52674E-01 7.60147E-01 7.59487E-01 7.59824E-01 7.63315E-01 1.52673E-01 1.16060E-01 2.94035E-02 -2.61559E-01 
2.94035E-02 1.36637E-02 1.82133E-01 7.83831E-01 7.83166E-01 7.83551E-01 7.87148E-01 1.82133E-01 1.36637E-02 2.94035E-02 4.53311E-01 
2.94035E-02 5.18177E-02 2.20011E-01 8.15945E-01 8.15277E-01 8.15711E-01 8.19418E-01 2.20011E-01 5.18177E-02 2.94035E-02 1.32801E+00 
2.94035E-02 9.99962E-02 2.67909E-01 8.58027E-01 8.57354E-01 8.57842E-01 8.61661E-01 2.67909E-01 9.99962E-02 2.94035E-02 2.43194E+00 
2.94035E-02 1.59487E-01 3.27116E-01 9.11369E-01 9.10692E-01 9.11236E-01 9.15172E-01 3.27116E-01 1.59487E-01 2.94035E-02 3.81278E+00 
2.94035E-02 2.31713E-01 3.99055E-01 9.77401E-01 9.76719E-01 9.77323E-01 9.81381E-01 3.99055E-01 2.31713E-01 2.94035E-02 5.52473E+00 
2.94035E-02 2.97325E-01 4.64443E-01 1.03819E+00 1.03751E+00 1.03816E+00 1.04231E+00 4.64443E-01 2.97325E-01 2.94035E-02 7.11485E+00 
2.94035E-02 3.18239E-01 4.85292E-01 1.05769E+00 1.05701E+00 1.05768E+00 1.06186E+00 4.85292E-01 3.18239E-01 2.94035E-02 7.62849E+00 
2.94035E-02 4.29547E-01 5.96284E-01 1.16224E+00 1.16155E+00 1.16229E+00 1.16661E+00 5.96284E-01 4.29547E-01 2.94035E-02 1.04135E+01 
2.94035E-02 5.61886E-01 7.28303E-01 1.28779E+00 1.28709E+00 1.28791E+00 1.29238E+00 7.28303E-01 5.61886E-01 2.94035E-02 1.38259E+01 
2.94035E-02 7.17914E-01 8.84009E-01 1.43700E+00 1.43630E+00 1.43720E+00 1.44182E+00 8.84009E-01 7.17914E-01 2.94035E-02 1.79678E+01 
2.94035E-02 9.00570E-01 1.06634E+00 1.61282E+00 1.61211E+00 1.61310E+00 1.61787E+00 1.06634E+00 9.00570E-01 2.94035E-02 2.29501E+01 
1.72979E-01 1.10069E+00 1.26613E+00 1.80615E+00 1.80544E+00 1.80652E+00 1.81145E+00 1.26613E+00 1.10069E+00 1.72979E-01 2.87064E+01 
4.13753E-01 1.33304E+00 1.49815E+00 2.03166E+00 2.03095E+00 2.03213E+00 2.03723E+00 1.49815E+00 1.33304E+00 4.13753E-01 3.54549E+01 
6.93776E-01 1.60455E+00 1.76933E+00 2.29629E+00 2.29558E+00 2.29686E+00 2.30213E+00 1.76933E+00 1.60455E+00 6.93776E-01 4.33644E+01 
1.01770E+00 1.91989E+00 2.08432E+00 2.60471E+00 2.60399E+00 2.60539E+00 2.61084E+00 2.08432E+00 1.91989E+00 1.01770E+00 5.25784E+01 
1.39057E+00 2.28412E+00 2.44820E+00 2.96197E+00 2.96126E+00 2.96277E+00 2.96841E+00 2.44820E+00 2.28412E+00 1.39057E+00 6.32466E+01 
1.81786E+00 2.70269E+00 2.86643E+00 3.37356E+00 3.37284E+00 3.37448E+00 3.38031E+00 2.86643E+00 2.70269E+00 1.81786E+00 7.55234E+01 
2.30540E+00 3.18148E+00 3.34486E+00 3.84534E+00 3.84462E+00 3.84640E+00 3.85243E+00 3.34486E+00 3.18148E+00 2.30540E+00 8.95656E+01 
2.85946E+00 3.72675E+00 3.88977E+00 4.38359E+00 4.38287E+00 4.38478E+00 4.39103E+00 3.88977E+00 3.72675E+00 2.85946E+00 1.05531E+02 
3.48666E+00 4.34511E+00 4.50777E+00 4.99493E+00 4.99421E+00 4.99628E+00 5.00274E+00 4.50777E+00 4.34511E+00 3.48666E+00 1.23575E+02 
4.19398E+00 5.04358E+00 5.20586E+00 5.68637E+00 5.68565E+00 5.68787E+00 5.69455E+00 5.20586E+00 5.04358E+00 4.19398E+00 1.43850E+02 
4.98869E+00 5.82941E+00 5.99132E+00 6.46518E+00 6.46446E+00 6.46686E+00 6.47377E+00 5.99132E+00 5.82941E+00 4.98869E+00 1.66499E+02 
5.87833E+00 6.71016E+00 6.87169E+00 7.33892E+00 7.33820E+00 7.34078E+00 7.34793E+00 6.87170E+00 6.71016E+00 5.87833E+00 1.91661E+02 
6.87064E+00 7.69357E+00 7.85473E+00 8.31534E+00 8.31463E+00 8.31739E+00 8.32479E+00 7.85473E+00 7.69357E+00 6.87064E+00 2.19457E+02 
2.75693E-02 1.12199E-01 1.29661E-01 6.96776E-01 6.96060E-01 6.96410E-01 7.00250E-01 1.29660E-01 1.12199E-01 2.75693E-02 -8.02747E-01 
2.75693E-02 1.12199E-01 1.51318E-01 7.13029E-01 7.12308E-01 7.12713E-01 7.16669E-01 1.51318E-01 1.12199E-01 2.75693E-02 -2.44990E-01 
2.75693E-02 1.33378E-02 1.80143E-01 7.36471E-01 7.35747E-01 7.36209E-01 7.40284E-01 1.80142E-01 1.33378E-02 2.75693E-02 4.53219E-01 
2.75693E-02 5.03557E-02 2.16885E-01 7.67844E-01 7.67117E-01 7.67639E-01 7.71836E-01 2.16885E-01 5.03557E-02 2.75693E-02 1.30417E+00 
2.75693E-02 9.67787E-02 2.63029E-01 8.08569E-01 8.07837E-01 8.08423E-01 8.12746E-01 2.63029E-01 9.67787E-02 2.75693E-02 2.37384E+00 
2.75693E-02 1.53774E-01 3.19741E-01 8.59817E-01 8.59082E-01 8.59735E-01 8.64190E-01 3.19741E-01 1.53774E-01 2.75693E-02 3.70617E+00 
2.75693E-02 2.22629E-01 3.88310E-01 9.22883E-01 9.22145E-01 9.22869E-01 9.27459E-01 3.88310E-01 2.22629E-01 2.75693E-02 5.35071E+00 
2.75693E-02 2.84935E-01 4.50393E-01 9.80685E-01 9.79943E-01 9.80726E-01 9.85424E-01 4.50392E-01 2.84935E-01 2.75693E-02 6.87220E+00 
2.75693E-02 3.04756E-01 4.70147E-01 9.99184E-01 9.98442E-01 9.99242E-01 1.00397E+00 4.70147E-01 3.04756E-01 2.75693E-02 7.36258E+00 
2.75693E-02 4.09967E-01 5.75043E-01 1.09808E+00 1.09733E+00 1.09822E+00 1.10310E+00 5.75043E-01 4.09967E-01 2.75693E-02 1.00135E+01 
2.75693E-02 5.34563E-01 6.99320E-01 1.21633E+00 1.21558E+00 1.21656E+00 1.22160E+00 6.99320E-01 5.34563E-01 2.75693E-02 1.32456E+01 
2.75693E-02 6.80921E-01 8.45355E-01 1.35631E+00 1.35556E+00 1.35664E+00 1.36185E+00 8.45355E-01 6.80921E-01 2.75693E-02 1.71499E+01 
2.75693E-02 8.51657E-01 1.01576E+00 1.52066E+00 1.51990E+00 1.52108E+00 1.52647E+00 1.01576E+00 8.51657E-01 2.75693E-02 2.18238E+01 
1.61953E-01 1.03879E+00 1.20257E+00 1.70145E+00 1.70069E+00 1.70198E+00 1.70754E+00 1.20257E+00 1.03879E+00 1.61953E-01 2.71874E+01 
3.86538E-01 1.25535E+00 1.41880E+00 1.91163E+00 1.91087E+00 1.91227E+00 1.91802E+00 1.41880E+00 1.25535E+00 3.86538E-01 3.34457E+01 
6.46718E-01 1.50742E+00 1.67053E+00 2.15727E+00 2.15651E+00 2.15804E+00 2.16398E+00 1.67053E+00 1.50742E+00 6.46718E-01 4.07490E+01 
9.46558E-01 1.79908E+00 1.96185E+00 2.44246E+00 2.44170E+00 2.44336E+00 2.44950E+00 1.96185E+00 1.79908E+00 9.46558E-01 4.92202E+01 
1.29045E+00 2.13474E+00 2.29716E+00 2.77161E+00 2.77085E+00 2.77265E+00 2.77900E+00 2.29716E+00 2.13474E+00 1.29045E+00 5.89861E+01 
1.68312E+00 2.51911E+00 2.68118E+00 3.14945E+00 3.14869E+00 3.15064E+00 3.15720E+00 2.68118E+00 2.51911E+00 1.68312E+00 7.01762E+01 
2.12960E+00 2.95724E+00 3.11895E+00 3.58104E+00 3.58028E+00 3.58239E+00 3.58917E+00 3.11896E+00 2.95724E+00 2.12960E+00 8.29207E+01 
2.63523E+00 3.45450E+00 3.61585E+00 4.07174E+00 4.07098E+00 4.07326E+00 4.08027E+00 3.61585E+00 3.45450E+00 2.63523E+00 9.73486E+01 
3.20566E+00 4.01651E+00 4.17749E+00 4.62719E+00 4.62643E+00 4.62888E+00 4.63613E+00 4.17749E+00 4.01651E+00 3.20566E+00 1.13586E+02 
3.84676E+00 4.64917E+00 4.80978E+00 5.25329E+00 5.25253E+00 5.25517E+00 5.26267E+00 4.80978E+00 4.64917E+00 3.84676E+00 1.31753E+02 
4.56464E+00 5.35859E+00 5.51883E+00 5.95615E+00 5.95540E+00 5.95824E+00 5.96599E+00 5.51883E+00 5.35859E+00 4.56464E+00 1.51963E+02 
5.36557E+00 6.15105E+00 6.31090E+00 6.74207E+00 6.74132E+00 6.74437E+00 6.75239E+00 6.31091E+00 6.15105E+00 5.36557E+00 1.74320E+02 
6.25593E+00 7.03294E+00 7.19240E+00 7.61742E+00 7.61668E+00 7.61995E+00 7.62824E+00 7.19240E+00 7.03294E+00 6.25593E+00 1.98915E+02 
2.58271E-02 1.08446E-01 1.28528E-01 6.52580E-01 6.51800E-01 6.52227E-01 6.56580E-01 1.28528E-01 1.08446E-01 2.58271E-02 -7.75006E-01 
2.58271E-02 1.08446E-01 1.49972E-01 6.68991E-01 6.68207E-01 6.68699E-01 6.73183E-01 1.49971E-01 1.08446E-01 2.58271E-02 -2.27456E-01 
2.58271E-02 1.30181E-02 1.78172E-01 6.92179E-01 6.91392E-01 6.91952E-01 6.96569E-01 1.78172E-01 1.30181E-02 2.58271E-02 4.55092E-01 
2.58271E-02 4.89279E-02 2.13807E-01 7.22814E-01 7.22023E-01 7.22657E-01 7.27409E-01 2.13807E-01 4.89279E-02 2.58271E-02 1.28337E+00 
2.58271E-02 9.36478E-02 2.58248E-01 7.62209E-01 7.61415E-01 7.62125E-01 7.67019E-01 2.58248E-01 9.36478E-02 2.58271E-02 2.32007E+00 
2.58271E-02 1.48234E-01 3.12551E-01 8.11425E-01 8.10629E-01 8.11419E-01 8.16459E-01 3.12551E-01 1.48234E-01 2.58271E-02 3.60552E+00 
2.58271E-02 2.13847E-01 3.77879E-01 8.71630E-01 8.70831E-01 8.71706E-01 8.76897E-01 3.77878E-01 2.13847E-01 2.58271E-02 5.18486E+00 
2.58271E-02 2.72985E-01 4.36793E-01 9.26559E-01 9.25757E-01 9.26702E-01 9.32013E-01 4.36792E-01 2.72985E-01 2.58271E-02 6.64003E+00 
2.58271E-02 2.91758E-01 4.55500E-01 9.44098E-01 9.43296E-01 9.44262E-01 9.49608E-01 4.55500E-01 2.91758E-01 2.58271E-02 7.10795E+00 
2.58271E-02 3.91149E-01 5.54575E-01 1.03759E+00 1.03678E+00 1.03785E+00 1.04337E+00 5.54575E-01 3.91149E-01 2.58271E-02 9.62947E+00 
2.58271E-02 5.08380E-01 6.71486E-01 1.14889E+00 1.14808E+00 1.14926E+00 1.15496E+00 6.71486E-01 5.08380E-01 2.58271E-02 1.26885E+01 
2.58271E-02 6.45569E-01 8.08352E-01 1.28013E+00 1.27932E+00 1.28061E+00 1.28649E+00 8.08352E-01 6.45569E-01 2.58271E-02 1.63652E+01 
2.58271E-02 8.05038E-01 9.67494E-01 1.43363E+00 1.43281E+00 1.43423E+00 1.44031E+00 9.67494E-01 8.05038E-01 2.58271E-02 2.07449E+01 
1.51495E-01 9.79871E-01 1.14200E+00 1.60253E+00 1.60172E+00 1.60327E+00 1.60954E+00 1.14200E+00 9.79871E-01 1.51495E-01 2.57367E+01 
3.60784E-01 1.18151E+00 1.34331E+00 1.79821E+00 1.79740E+00 1.79908E+00 1.80556E+00 1.34331E+00 1.18151E+00 3.60784E-01 3.15329E+01 
6.02288E-01 1.41529E+00 1.57675E+00 2.02598E+00 2.02517E+00 2.02700E+00 2.03369E+00 1.57675E+00 1.41529E+00 6.02288E-01 3.82671E+01 
8.79545E-01 1.68476E+00 1.84587E+00 2.28941E+00 2.28859E+00 2.29058E+00 2.29749E+00 1.84587E+00 1.68476E+00 8.79545E-01 4.60436E+01 
1.19636E+00 1.99372E+00 2.15448E+00 2.59229E+00 2.59148E+00 2.59363E+00 2.60078E+00 2.15448E+00 1.99372E+00 1.19636E+00 5.49692E+01 
1.55679E+00 2.34625E+00 2.50665E+00 2.93873E+00 2.93792E+00 2.94025E+00 2.94763E+00 2.50665E+00 2.34625E+00 1.55679E+00 6.51514E+01 
1.96516E+00 2.74666E+00 2.90671E+00 3.33303E+00 3.33223E+00 3.33474E+00 3.34236E+00 2.90671E+00 2.74666E+00 1.96516E+00 7.66972E+01 
2.42601E+00 3.19953E+00 3.35921E+00 3.77977E+00 3.77897E+00 3.78168E+00 3.78956E+00 3.35921E+00 3.19953E+00 2.42601E+00 8.97111E+01 
2.94410E+00 3.70959E+00 3.86890E+00 4.28371E+00 4.28291E+00 4.28583E+00 4.29397E+00 3.86890E+00 3.70959E+00 2.94410E+00 1.04293E+02 
3.52436E+00 4.28181E+00 4.44075E+00 4.84980E+00 4.84901E+00 4.85214E+00 4.86056E+00 4.44075E+00 4.28181E+00 3.52436E+00 1.20538E+02 
4.17187E+00 4.92126E+00 5.07982E+00 5.48314E+00 5.48235E+00 5.48571E+00 5.49441E+00 5.07982E+00 4.92126E+00 4.17187E+00 1.38532E+02 
4.89182E+00 5.63314E+00 5.79131E+00 6.18890E+00 6.18811E+00 6.19172E+00 6.20071E+00 5.79131E+00 5.63314E+00 4.89182E+00 1.58351E+02 
5.68941E+00 6.42265E+00 6.58043E+00 6.97232E+00 6.97154E+00 6.97541E+00 6.98469E+00 6.58043E+00 6.42265E+00 5.68941E+00 1.80062E+02 
2.41730E-02 1.04793E-01 1.27409E-01 6.11304E-01 6.10455E-01 6.10981E-01 6.15918E-01 1.27409E-01 1.04793E-01 2.41730E-02 -7.46959E-01 
2.41730E-02 1.04793E-01 1.48636E-01 6.27846E-01 6.26994E-01 6.27599E-01 6.32681E-01 1.48636E-01 1.04793E-01 2.41730E-02 -2.08715E-01 
2.41730E-02 1.27037E-02 1.76219E-01 6.50765E-01 6.49910E-01 6.50597E-01 6.55827E-01 1.76219E-01 1.27037E-02 2.41730E-02 4.59095E-01 
2.41730E-02 4.75305E-02 2.10771E-01 6.80664E-01 6.79807E-01 6.80581E-01 6.85963E-01 2.10771E-01 4.75305E-02 2.41730E-02 1.26570E+00 
2.41730E-02 9.05967E-02 2.53558E-01 7.18756E-01 7.17897E-01 7.18762E-01 7.24301E-01 2.53558E-01 9.05967E-02 2.41730E-02 2.27062E+00 
2.41730E-02 1.42855E-01 3.05534E-01 7.65998E-01 7.65137E-01 7.66099E-01 7.71801E-01 3.05533E-01 1.42855E-01 2.41730E-02 3.51070E+00 
2.41730E-02 2.05350E-01 3.67742E-01 8.23442E-01 8.22579E-01 8.23642E-01 8.29512E-01 3.67742E-01 2.05350E-01 2.41730E-02 5.02693E+00 
2.41730E-02 2.61451E-01 4.23619E-01 8.75611E-01 8.74747E-01 8.75893E-01 8.81896E-01 4.23619E-01 2.61451E-01 2.41730E-02 6.41794E+00 
2.41730E-02 2.79222E-01 4.41325E-01 8.92230E-01 8.91366E-01 8.92537E-01 8.98579E-01 4.41325E-01 2.79222E-01 2.41730E-02 6.86416E+00 
2.41730E-02 3.73058E-01 5.34843E-01 9.80553E-01 9.79688E-01 9.80981E-01 9.87216E-01 5.34843E-01 3.73058E-01 2.41730E-02 9.26093E+00 
2.41730E-02 4.83283E-01 6.44748E-01 1.08524E+00 1.08437E+00 1.08580E+00 1.09223E+00 6.44748E-01 4.83283E-01 2.41730E-02 1.21535E+01 
2.41730E-02 6.11781E-01 7.72921E-01 1.20818E+00 1.20731E+00 1.20887E+00 1.21551E+00 7.72921E-01 6.11781E-01 2.41730E-02 1.56123E+01 
2.41730E-02 7.60604E-01 9.21416E-01 1.35143E+00 1.35056E+00 1.35227E+00 1.35912E+00 9.21416E-01 7.60604E-01 2.41730E-02 1.97116E+01 
1.41580E-01 9.23786E-01 1.08427E+00 1.50908E+00 1.50821E+00 1.51007E+00 1.51714E+00 1.08427E+00 9.23786E-01 1.41580E-01 2.43515E+01 
3.36425E-01 1.11134E+00 1.27149E+00 1.69107E+00 1.69020E+00 1.69222E+00 1.69952E+00 1.27149E+00 1.11134E+00 3.36425E-01 2.97123E+01 
5.60362E-01 1.32792E+00 1.48772E+00 1.90203E+00 1.90117E+00 1.90336E+00 1.91090E+00 1.48772E+00 1.32792E+00 5.60362E-01 3.59125E+01 
8.16455E-01 1.57659E+00 1.73604E+00 2.14506E+00 2.14420E+00 2.14658E+00 2.15435E+00 1.73605E+00 1.57659E+00 8.16455E-01 4.30400E+01 
1.10798E+00 1.86063E+00 2.01974E+00 2.42344E+00 2.42258E+00 2.42515E+00 2.43318E+00 2.01974E+00 1.86063E+00 1.10798E+00 5.11837E+01 
1.43843E+00 2.18354E+00 2.34229E+00 2.74066E+00 2.73980E+00 2.74258E+00 2.75087E+00 2.34229E+00 2.18354E+00 1.43843E+00 6.04321E+01 
1.81146E+00 2.54900E+00 2.70738E+00 3.10040E+00 3.09956E+00 3.10255E+00 3.11111E+00 2.70738E+00 2.54900E+00 1.81146E+00 7.08720E+01 
2.23092E+00 2.96084E+00 3.11886E+00 3.50654E+00 3.50569E+00 3.50892E+00 3.51776E+00 3.11886E+00 2.96084E+00 2.23092E+00 8.25867E+01 
2.70080E+00 3.42308E+00 3.58072E+00 3.96305E+00 3.96222E+00 3.96568E+00 3.97482E+00 3.58072E+00 3.42308E+00 2.70080E+00 9.56548E+01 
3.22521E+00 3.93983E+00 4.09709E+00 4.47408E+00 4.47326E+00 4.47697E+00 4.48641E+00 4.09709E+00 3.93983E+00 3.22521E+00 1.10148E+02 
3.80834E+00 4.51528E+00 4.67215E+00 5.04382E+00 5.04300E+00 5.04699E+00 5.05673E+00 4.67215E+00 4.51528E+00 3.80834E+00 1.26132E+02 
4.45444E+00 5.15368E+00 5.31016E+00 5.67652E+00 5.67571E+00 5.67998E+00 5.69004E+00 5.31016E+00 5.15368E+00 4.45444E+00 1.43659E+02 
5.16771E+00 5.85926E+00 6.01534E+00 6.37641E+00 6.37561E+00 6.38018E+00 6.39057E+00 6.01534E+00 5.85926E+00 5.16771E+00 1.62776E+02 
2.26032E-02 1.01232E-01 1.26308E-01 5.72771E-01 5.71850E-01 5.72505E-01 5.78103E-01 1.26307E-01 1.01232E-01 2.26032E-02 -7.18276E-01 
2.26032E-02 1.01232E-01 1.47311E-01 5.89418E-01 5.88494E-01 5.89243E-01 5.95003E-01 1.47311E-01 1.01232E-01 2.26032E-02 -1.88498E-01 
2.26032E-02 1.23935E-02 1.74282E-01 6.12051E-01 6.11126E-01 6.11974E-01 6.17899E-01 1.74282E-01 1.23935E-02 2.26032E-02 4.65425E-01 
2.26032E-02 4.61600E-02 2.07773E-01 6.41216E-01 6.40290E-01 6.41241E-01 6.47335E-01 2.07773E-01 4.61600E-02 2.26032E-02 1.25127E+00 
2.26032E-02 8.76187E-02 2.48953E-01 6.78030E-01 6.77103E-01 6.78162E-01 6.84431E-01 2.48952E-01 8.76187E-02 2.26032E-02 2.22548E+00 
2.26032E-02 1.37627E-01 2.98677E-01 7.23355E-01 7.22426E-01 7.23601E-01 7.30050E-01 2.98677E-01 1.37627E-01 2.26032E-02 3.42161E+00 
2.26032E-02 1.97122E-01 3.57885E-01 7.78133E-01 7.77204E-01 7.78500E-01 7.85135E-01 3.57884E-01 1.97122E-01 2.26032E-02 4.87667E+00 
2.26032E-02 2.50311E-01 4.10849E-01 8.27651E-01 8.26722E-01 8.28117E-01 8.34900E-01 4.10849E-01 2.50311E-01 2.26032E-02 6.20559E+00 
2.26032E-02 2.67125E-01 4.27596E-01 8.43388E-01 8.42459E-01 8.43884E-01 8.50710E-01 4.27596E-01 2.67125E-01 2.26032E-02 6.63083E+00 
2.26032E-02 3.55657E-01 5.15810E-01 9.26775E-01 9.25846E-01 9.27415E-01 9.34456E-01 5.15810E-01 3.55657E-01 2.26032E-02 8.90724E+00 
2.26032E-02 4.59221E-01 6.19051E-01 1.02517E+00 1.02424E+00 1.02596E+00 1.03322E+00 6.19051E-01 4.59221E-01 2.26032E-02 1.16398E+01 
2.26032E-02 5.79482E-01 7.38985E-01 1.14024E+00 1.13931E+00 1.14120E+00 1.14869E+00 7.38985E-01 5.79482E-01 2.26032E-02 1.48900E+01 
2.26032E-02 7.18251E-01 8.77423E-01 1.27381E+00 1.27288E+00 1.27494E+00 1.28266E+00 8.77423E-01 7.18251E-01 2.26032E-02 1.87221E+01 
1.32186E-01 8.70403E-01 1.02924E+00 1.42079E+00 1.41987E+00 1.42211E+00 1.43007E+00 1.02924E+00 8.70403E-01 1.32186E-01 2.30291E+01 
3.13396E-01 1.04467E+00 1.20317E+00 1.58986E+00 1.58894E+00 1.59137E+00 1.59959E+00 1.20317E+00 1.04467E+00 3.13396E-01 2.79800E+01 
5.20817E-01 1.24507E+00 1.40323E+00 1.78503E+00 1.78412E+00 1.78675E+00 1.79523E+00 1.40323E+00 1.24507E+00 5.20817E-01 3.36795E+01 
7.57090E-01 1.47427E+00 1.63208E+00 2.00896E+00 2.00805E+00 2.01090E+00 2.01965E+00 1.63208E+00 1.47427E+00 7.57090E-01 4.02010E+01 
1.02502E+00 1.73507E+00 1.89252E+00 2.26448E+00 2.26357E+00 2.26665E+00 2.27567E+00 1.89252E+00 1.73507E+00 1.02502E+00 4.76179E+01 
1.32759E+00 2.03046E+00 2.18754E+00 2.55455E+00 2.55365E+00 2.55696E+00 2.56628E+00 2.18754E+00 2.03046E+00 1.32759E+00 5.60020E+01 
1.66788E+00 2.36353E+00 2.52024E+00 2.88229E+00 2.88140E+00 2.88497E+00 2.89458E+00 2.52024E+00 2.36353E+00 1.66788E+00 6.54228E+01 
2.04912E+00 2.73752E+00 2.89386E+00 3.25095E+00 3.25007E+00 3.25390E+00 3.26382E+00 2.89386E+00 2.73752E+00 2.04912E+00 7.59455E+01 
2.47465E+00 3.15576E+00 3.31171E+00 3.66385E+00 3.66298E+00 3.66710E+00 3.67734E+00 3.31172E+00 3.15576E+00 2.47465E+00 8.76305E+01 
2.94784E+00 3.62165E+00 3.77722E+00 4.12441E+00 4.12355E+00 4.12796E+00 4.13853E+00 3.77722E+00 3.62165E+00 2.94784E+00 1.00531E+02 
3.47214E+00 4.13862E+00 4.29380E+00 4.63605E+00 4.63521E+00 4.63993E+00 4.65084E+00 4.29380E+00 4.13862E+00 3.47214E+00 1.14694E+02 
4.05097E+00 4.71012E+00 4.86490E+00 5.20222E+00 5.20140E+00 5.20645E+00 5.21770E+00 4.86490E+00 4.71012E+00 4.05097E+00 1.30155E+02 
4.68770E+00 5.33951E+00 5.49389E+00 5.82631E+00 5.82550E+00 5.83089E+00 5.84251E+00 5.49389E+00 5.33951E+00 4.68770E+00 1.46941E+02 
2.11139E-02 9.77559E-02 1.25226E-01 5.36821E-01 5.35822E-01 5.36641E-01 5.42989E-01 1.25225E-01 9.77559E-02 2.11139E-02 -6.88591E-01 
2.11139E-02 9.77559E-02 1.45996E-01 5.53543E-01 5.52544E-01 5.53475E-01 5.60002E-01 1.45996E-01 9.77559E-02 2.11139E-02 -1.66503E-01 
2.11139E-02 1.20865E-02 1.72359E-01 5.75875E-01 5.74876E-01 5.75925E-01 5.82635E-01 1.72359E-01 1.20865E-02 2.11139E-02 4.74303E-01 
2.11139E-02 4.48131E-02 2.04809E-01 6.04306E-01 6.03306E-01 6.04479E-01 6.11377E-01 2.04809E-01 4.48131E-02 2.11139E-02 1.24020E+00 
2.11139E-02 8.47080E-02 2.44423E-01 6.39865E-01 6.38866E-01 6.40169E-01 6.47259E-01 2.44422E-01 8.47080E-02 2.11139E-02 2.18470E+00 
2.11139E-02 1.32540E-01 2.91969E-01 6.83325E-01 6.82327E-01 6.83767E-01 6.91057E-01 2.91969E-01 1.32540E-01 2.11139E-02 3.33817E+00 
2.11139E-02 1.89149E-01 3.48288E-01 7.35530E-01 7.34533E-01 7.36117E-01 7.43614E-01 3.48288E-01 1.89149E-01 2.11139E-02 4.73388E+00 
2.11139E-02 2.39547E-01 3.98459E-01 7.82502E-01 7.81507E-01 7.83207E-01 7.90868E-01 3.98459E-01 2.39547E-01 2.11139E-02 6.00266E+00 
2.11139E-02 2.55443E-01 4.14289E-01 7.97394E-01 7.96399E-01 7.98135E-01 8.05843E-01 4.14289E-01 2.55443E-01 2.11139E-02 6.40761E+00 
2.11139E-02 3.38915E-01 4.97440E-01 8.76063E-01 8.75070E-01 8.76978E-01 8.84923E-01 4.97440E-01 3.38915E-01 2.11139E-02 8.56785E+00 
2.11139E-02 4.36146E-01 5.94345E-01 9.68468E-01 9.67478E-01 9.69568E-01 9.77757E-01 5.94345E-01 4.36146E-01 2.11139E-02 1.11466E+01 
2.11139E-02 5.48604E-01 7.06474E-01 1.07608E+00 1.07510E+00 1.07738E+00 1.08582E+00 7.06474E-01 5.48604E-01 2.11139E-02 1.41972E+01 
2.11139E-02 6.77879E-01 8.35415E-01 1.20050E+00 1.19952E+00 1.20200E+00 1.21070E+00 8.35415E-01 6.77879E-01 2.11139E-02 1.77747E+01 
1.23288E-01 8.19595E-01 9.76794E-01 1.33740E+00 1.33642E+00 1.33912E+00 1.34808E+00 9.76794E-01 8.19595E-01 1.23288E-01 2.17669E+01 
2.91636E-01 9.81325E-01 1.13818E+00 1.49428E+00 1.49331E+00 1.49623E+00 1.50547E+00 1.13818E+00 9.81325E-01 2.91636E-01 2.63322E+01 
4.83539E-01 1.16654E+00 1.32305E+00 1.67461E+00 1.67365E+00 1.67681E+00 1.68634E+00 1.32305E+00 1.16654E+00 4.83539E-01 3.15626E+01 
7.01263E-01 1.37752E+00 1.53367E+00 1.88068E+00 1.87973E+00 1.88314E+00 1.89296E+00 1.53367E+00 1.37752E+00 7.01263E-01 3.75189E+01 
9.47200E-01 1.61666E+00 1.77245E+00 2.11488E+00 2.11394E+00 2.11762E+00 2.12774E+00 1.77245E+00 1.61666E+00 9.47200E-01 4.42608E+01 
1.22386E+00 1.88648E+00 2.04190E+00 2.37974E+00 2.37881E+00 2.38277E+00 2.39321E+00 2.04190E+00 1.88648E+00 1.22386E+00 5.18459E+01 
1.53384E+00 2.18958E+00 2.34462E+00 2.67788E+00 2.67696E+00 2.68121E+00 2.69198E+00 2.34462E+00 2.18958E+00 1.53384E+00 6.03287E+01 
1.87984E+00 2.52866E+00 2.68332E+00 3.01198E+00 3.01108E+00 3.01564E+00 3.02675E+00 2.68332E+00 2.52866E+00 1.87984E+00 6.97593E+01 
2.26459E+00 2.90647E+00 3.06074E+00 3.38481E+00 3.38392E+00 3.38881E+00 3.40027E+00 3.06074E+00 2.90647E+00 2.26459E+00 8.01826E+01 
2.69088E+00 3.32579E+00 3.47967E+00 3.79916E+00 3.79828E+00 3.80352E+00 3.81534E+00 3.47967E+00 3.32579E+00 2.69088E+00 9.16368E+01 
3.16147E+00 3.78940E+00 3.94287E+00 4.25779E+00 4.25694E+00 4.26253E+00 4.27472E+00 3.94287E+00 3.78940E+00 3.16147E+00 1.04153E+02 
3.67910E+00 4.30004E+00 4.45310E+00 4.76347E+00 4.76263E+00 4.76861E+00 4.78118E+00 4.45310E+00 4.30004E+00 3.67910E+00 1.17753E+02 
4.24644E+00 4.86038E+00 5.01303E+00 5.31886E+00 5.31805E+00 5.32442E+00 5.33739E+00 5.01303E+00 4.86038E+00 4.24644E+00 1.32452E+02 
1.97018E-02 9.43587E-02 1.24165E-01 5.03299E-01 5.02220E-01 5.03248E-01 5.10442E-01 1.24164E-01 9.43587E-02 1.97018E-02 -6.57501E-01 
1.97018E-02 9.43587E-02 1.44691E-01 5.20067E-01 5.18989E-01 5.20151E-01 5.27543E-01 1.44691E-01 9.43587E-02 1.97018E-02 -1.42393E-01 
1.97018E-02 1.17819E-02 1.70446E-01 5.42081E-01 5.41004E-01 5.42307E-01 5.49901E-01 1.70446E-01 1.17819E-02 1.97018E-02 4.85987E-01 
1.97018E-02 4.34869E-02 2.01872E-01 5.69777E-01 5.68702E-01 5.70152E-01 5.77954E-01 2.01872E-01 4.34869E-02 1.97018E-02 1.23268E+00 
1.97018E-02 8.18589E-02 2.39961E-01 6.04103E-01 6.03030E-01 6.04635E-01 6.12650E-01 2.39961E-01 8.18589E-02 1.97018E-02 2.14833E+00 
1.97018E-02 1.27586E-01 2.85400E-01 6.45750E-01 6.44680E-01 6.46448E-01 6.54684E-01 2.85400E-01 1.27586E-01 1.97018E-02 3.26034E+00 
1.97018E-02 1.81415E-01 3.38937E-01 6.95471E-01 6.94405E-01 6.96344E-01 7.04807E-01 3.38937E-01 1.81415E-01 1.97018E-02 4.59839E+00 
1.97018E-02 2.29138E-01 3.86430E-01 7.39997E-01 7.38934E-01 7.41011E-01 7.49655E-01 3.86430E-01 2.29138E-01 1.97018E-02 5.80888E+00 
1.97018E-02 2.44157E-01 4.01382E-01 7.54079E-01 7.53017E-01 7.55135E-01 7.63833E-01 4.01382E-01 2.44157E-01 1.97018E-02 6.19418E+00 
1.97018E-02 3.22800E-01 4.79700E-01 8.28241E-01 8.27184E-01 8.29506E-01 8.38464E-01 4.79701E-01 3.22800E-01 1.97018E-02 8.24225E+00 
1.97018E-02 4.14011E-01 5.70582E-01 9.14950E-01 9.13899E-01 9.16436E-01 9.25662E-01 5.70582E-01 4.14011E-01 1.97018E-02 1.06731E+01 
1.97018E-02 5.19080E-01 6.75316E-01 1.01550E+00 1.01446E+00 1.01722E+00 1.02672E+00 6.75317E-01 5.19080E-01 1.97018E-02 1.35327E+01 
1.97018E-02 6.39395E-01 7.95293E-01 1.13129E+00 1.13025E+00 1.13325E+00 1.14304E+00 7.95293E-01 6.39395E-01 1.97018E-02 1.68678E+01 
1.14864E-01 7.71241E-01 9.26797E-01 1.25864E+00 1.25761E+00 1.26086E+00 1.27094E+00 9.26797E-01 7.71241E-01 1.14864E-01 2.05626E+01 
2.71085E-01 9.21154E-01 1.07636E+00 1.40403E+00 1.40301E+00 1.40652E+00 1.41691E+00 1.07636E+00 9.21154E-01 2.71085E-01 2.47651E+01 
4.48418E-01 1.09211E+00 1.24697E+00 1.57043E+00 1.56943E+00 1.57322E+00 1.58392E+00 1.24697E+00 1.09211E+00 4.48418E-01 2.95565E+01 
6.48794E-01 1.28606E+00 1.44055E+00 1.75980E+00 1.75880E+00 1.76289E+00 1.77391E+00 1.44055E+00 1.28606E+00 6.48794E-01 3.49860E+01 
8.74237E-01 1.50503E+00 1.65914E+00 1.97416E+00 1.97318E+00 1.97758E+00 1.98893E+00 1.65915E+00 1.50503E+00 8.74237E-01 4.11018E+01 
1.12685E+00 1.75112E+00 1.90486E+00 2.21563E+00 2.21467E+00 2.21939E+00 2.23109E+00 1.90486E+00 1.75112E+00 1.12685E+00 4.79491E+01 
1.40881E+00 2.02651E+00 2.17987E+00 2.48639E+00 2.48545E+00 2.49051E+00 2.50257E+00 2.17987E+00 2.02651E+00 1.40881E+00 5.55698E+01 
1.72232E+00 2.33344E+00 2.48640E+00 2.78868E+00 2.78775E+00 2.79318E+00 2.80561E+00 2.48640E+00 2.33344E+00 1.72232E+00 6.40011E+01 
2.06964E+00 2.67413E+00 2.82670E+00 3.12473E+00 3.12382E+00 3.12963E+00 3.14244E+00 2.82670E+00 2.67413E+00 2.06964E+00 7.32752E+01 
2.45300E+00 3.05085E+00 3.20301E+00 3.49681E+00 3.49592E+00 3.50213E+00 3.51533E+00 3.20301E+00 3.05085E+00 2.45300E+00 8.34179E+01 
2.87461E+00 3.46581E+00 3.61756E+00 3.90713E+00 3.90627E+00 3.91289E+00 3.92650E+00 3.61756E+00 3.46581E+00 2.87461E+00 9.44481E+01 
3.33665E+00 3.92118E+00 4.07250E+00 4.35787E+00 4.35703E+00 4.36409E+00 4.37812E+00 4.07251E+00 3.92118E+00 3.33665E+00 1.06377E+02 
3.84115E+00 4.41901E+00 4.56991E+00 4.85109E+00 4.85028E+00 4.85780E+00 4.87226E+00 4.56992E+00 4.41901E+00 3.84115E+00 1.19208E+02 
1.83636E-02 9.10345E-02 1.23127E-01 4.72064E-01 4.70900E-01 4.72193E-01 4.80340E-01 1.23126E-01 9.10345E-02 1.83636E-02 -6.24558E-01 
1.83636E-02 9.10345E-02 1.43396E-01 4.88848E-01 4.87687E-01 4.89140E-01 4.97506E-01 1.43395E-01 9.10345E-02 1.83636E-02 -1.15795E-01 
1.83636E-02 1.14790E-02 1.68541E-01 5.10524E-01 5.09368E-01 5.10988E-01 5.19577E-01 1.68541E-01 1.14790E-02 1.83636E-02 5.00767E-01 
1.83636E-02 4.21786E-02 1.98959E-01 5.37485E-01 5.36332E-01 5.38127E-01 5.46944E-01 1.98959E-01 4.21786E-02 1.83636E-02 1.22888E+00 
1.83636E-02 7.90663E-02 2.35560E-01 5.70598E-01 5.69451E-01 5.71430E-01 5.80482E-01 2.35560E-01 7.90663E-02 1.83636E-02 2.11648E+00 
1.83636E-02 1.22755E-01 2.78957E-01 6.10482E-01 6.09340E-01 6.11512E-01 6.20807E-01 2.78957E-01 1.22755E-01 1.83636E-02 3.18809E+00 
1.83636E-02 1.73910E-01 3.29816E-01 6.57805E-01 6.56669E-01 6.59044E-01 6.68589E-01 3.29816E-01 1.73910E-01 1.83636E-02 4.47006E+00 
1.83636E-02 2.19067E-01 3.74741E-01 6.99981E-01 6.98851E-01 7.01389E-01 7.11132E-01 3.74741E-01 2.19067E-01 1.83636E-02 5.62399E+00 
1.83636E-02 2.33247E-01 3.88852E-01 7.13287E-01 7.12158E-01 7.14745E-01 7.24548E-01 3.88852E-01 2.33247E-01 1.83636E-02 5.99028E+00 
1.83636E-02 3.07283E-01 4.62558E-01 7.83144E-01 7.82024E-01 7.84851E-01 7.94939E-01 4.62559E-01 3.07283E-01 1.83636E-02 7.93000E+00 
1.83636E-02 3.92773E-01 5.47714E-01 8.64437E-01 8.63326E-01 8.66406E-01 8.76789E-01 5.47715E-01 3.92773E-01 1.83636E-02 1.02187E+01 
1.83636E-02 4.90847E-01 6.45447E-01 9.58298E-01 9.57197E-01 9.60543E-01 9.71230E-01 6.45448E-01 4.90847E-01 1.83636E-02 1.28956E+01 
1.83636E-02 6.02710E-01 7.56965E-01 1.06594E+00 1.06485E+00 1.06847E+00 1.07947E+00 7.56966E-01 6.02710E-01 1.83636E-02 1.59999E+01 
1.06894E-01 7.25225E-01 8.79133E-01 1.18426E+00 1.18318E+00 1.18710E+00 1.19842E+00 8.79133E-01 7.25225E-01 1.06894E-01 1.94137E+01 
2.51688E-01 8.64006E-01 1.01756E+00 1.31882E+00 1.31776E+00 1.32199E+00 1.33364E+00 1.01756E+00 8.64006E-01 2.51688E-01 2.32754E+01 
4.15350E-01 1.02159E+00 1.17478E+00 1.47217E+00 1.47112E+00 1.47567E+00 1.48767E+00 1.17478E+00 1.02159E+00 4.15350E-01 2.76561E+01 
5.99514E-01 1.19963E+00 1.35245E+00 1.64593E+00 1.64490E+00 1.64980E+00 1.66215E+00 1.35245E+00 1.19963E+00 5.99514E-01 3.25953E+01 
8.05879E-01 1.39982E+00 1.55225E+00 1.84182E+00 1.84082E+00 1.84607E+00 1.85879E+00 1.55226E+00 1.39982E+00 8.05879E-01 3.81309E+01 
1.03620E+00 1.62392E+00 1.77597E+00 2.06162E+00 2.06063E+00 2.06627E+00 2.07936E+00 1.77597E+00 1.62392E+00 1.03620E+00 4.42978E+01 
1.29226E+00 1.87372E+00 2.02538E+00 2.30710E+00 2.30614E+00 2.31218E+00 2.32566E+00 2.02538E+00 1.87372E+00 1.29226E+00 5.11271E+01 
1.57587E+00 2.15105E+00 2.30230E+00 2.58011E+00 2.57916E+00 2.58562E+00 2.59951E+00 2.30230E+00 2.15105E+00 1.57587E+00 5.86455E+01 
1.88885E+00 2.45771E+00 2.60856E+00 2.88244E+00 2.88153E+00 2.88842E+00 2.90273E+00 2.60856E+00 2.45771E+00 1.88885E+00 6.68747E+01 
2.23298E+00 2.79551E+00 2.94594E+00 3.21591E+00 3.21503E+00 3.22238E+00 3.23712E+00 2.94594E+00 2.79551E+00 2.23298E+00 7.58304E+01 
2.61000E+00 3.16618E+00 3.31618E+00 3.58226E+00 3.58141E+00 3.58925E+00 3.60442E+00 3.31619E+00 3.16618E+00 2.61000E+00 8.55219E+01 
3.02158E+00 3.57141E+00 3.72097E+00 3.98317E+00 3.98235E+00 3.99069E+00 4.00632E+00 3.72097E+00 3.57141E+00 3.02158E+00 9.59519E+01 
3.46928E+00 4.01274E+00 4.16186E+00 4.42021E+00 4.41942E+00 4.42829E+00 4.44438E+00 4.16187E+00 4.01274E+00 3.46928E+00 1.07116E+02 
1.70960E-02 8.77777E-02 1.22112E-01 4.42983E-01 4.41733E-01 4.43359E-01 4.52575E-01 1.22112E-01 8.77777E-02 1.70960E-02 -5.89267E-01 
1.70960E-02 8.77777E-02 1.42108E-01 4.59751E-01 4.58507E-01 4.60323E-01 4.69781E-01 1.42108E-01 8.77777E-02 1.70960E-02 -8.62912E-02 
1.70960E-02 1.11769E-02 1.66641E-01 4.81073E-01 4.79835E-01 4.81850E-01 4.91553E-01 1.66641E-01 1.11769E-02 1.70960E-02 5.18969E-01 
1.70960E-02 4.08859E-02 1.96064E-01 5.07295E-01 5.06064E-01 5.08287E-01 5.18240E-01 1.96064E-01 4.08859E-02 1.70960E-02 1.22905E+00 
1.70960E-02 7.63258E-02 2.31213E-01 5.39216E-01 5.37993E-01 5.40434E-01 5.50646E-01 2.31213E-01 7.63258E-02 1.70960E-02 2.08927E+00 
1.70960E-02 1.18041E-01 2.72632E-01 5.77384E-01 5.76170E-01 5.78839E-01 5.89317E-01 2.72632E-01 1.18041E-01 1.70960E-02 3.12145E+00 
1.70960E-02 1.66620E-01 3.20910E-01 6.22391E-01 6.21187E-01 6.24095E-01 6.34848E-01 3.20910E-01 1.66620E-01 1.70960E-02 4.34880E+00 
1.70960E-02 2.09318E-01 3.63371E-01 6.62310E-01 6.61114E-01 6.64215E-01 6.75185E-01 3.63371E-01 2.09318E-01 1.70960E-02 5.44780E+00 
1.70960E-02 2.22695E-01 3.76678E-01 6.74872E-01 6.73679E-01 6.76838E-01 6.87872E-01 3.76679E-01 2.22695E-01 1.70960E-02 5.79565E+00 
1.70960E-02 2.92336E-01 4.45983E-01 7.40617E-01 7.39437E-01 7.42879E-01 7.54227E-01 4.45984E-01 2.92336E-01 1.70960E-02 7.63067E+00 
1.70960E-02 3.72392E-01 5.25698E-01 8.16761E-01 8.15594E-01 8.19334E-01 8.31004E-01 5.25699E-01 3.72392E-01 1.70960E-02 9.78270E+00 
1.70960E-02 4.63845E-01 6.16803E-01 9.04287E-01 9.03136E-01 9.07188E-01 9.19190E-01 6.16804E-01 4.63845E-01 1.70960E-02 1.22847E+01 
1.70960E-02 5.67739E-01 7.20343E-01 1.00424E+00 1.00311E+00 1.00749E+00 1.01983E+00 7.20344E-01 5.67739E-01 1.70960E-02 1.51695E+01 
9.93574E-02 6.81440E-01 8.33688E-01 1.11404E+00 1.11292E+00 1.11764E+00 1.13034E+00 8.33689E-01 6.81440E-01 9.93574E-02 1.83181E+01 
2.33391E-01 8.09741E-01 9.61624E-01 1.23841E+00 1.23731E+00 1.24239E+00 1.25545E+00 9.61625E-01 8.09741E-01 2.33391E-01 2.18598E+01 
3.84235E-01 9.54793E-01 1.10630E+00 1.37950E+00 1.37843E+00 1.38389E+00 1.39732E+00 1.10631E+00 9.54793E-01 3.84235E-01 2.58567E+01 
5.53261E-01 1.11798E+00 1.26910E+00 1.53870E+00 1.53765E+00 1.54351E+00 1.55733E+00 1.26911E+00 1.11798E+00 5.53261E-01 3.03399E+01 
7.41881E-01 1.30071E+00 1.45144E+00 1.71743E+00 1.71641E+00 1.72269E+00 1.73691E+00 1.45145E+00 1.30071E+00 7.41881E-01 3.53387E+01 
9.51541E-01 1.50444E+00 1.65478E+00 1.91715E+00 1.91615E+00 1.92287E+00 1.93750E+00 1.65478E+00 1.50444E+00 9.51541E-01 4.08789E+01 
1.18370E+00 1.73063E+00 1.88056E+00 2.13932E+00 2.13835E+00 2.14554E+00 2.16059E+00 1.88056E+00 1.73063E+00 1.18370E+00 4.69829E+01 
1.43982E+00 1.98075E+00 2.13027E+00 2.38541E+00 2.38447E+00 2.39214E+00 2.40764E+00 2.13027E+00 1.98075E+00 1.43982E+00 5.36686E+01 
1.72133E+00 2.25625E+00 2.40534E+00 2.65687E+00 2.65597E+00 2.66415E+00 2.68009E+00 2.40534E+00 2.25625E+00 1.72133E+00 6.09493E+01 
2.02965E+00 2.55853E+00 2.70719E+00 2.95512E+00 2.95426E+00 2.96297E+00 2.97938E+00 2.70719E+00 2.55853E+00 2.02965E+00 6.88326E+01 
2.36612E+00 2.88894E+00 3.03716E+00 3.28150E+00 3.28068E+00 3.28994E+00 3.30683E+00 3.03716E+00 2.88894E+00 2.36612E+00 7.73206E+01 
2.73198E+00 3.24874E+00 3.39650E+00 3.63728E+00 3.63650E+00 3.64634E+00 3.66372E+00 3.39651E+00 3.24874E+00 2.73198E+00 8.64094E+01 
3.12840E+00 3.63909E+00 3.78639E+00 4.02362E+00 4.02288E+00 4.03333E+00 4.05121E+00 3.78639E+00 3.63909E+00 3.12840E+00 9.60887E+01 
1.58960E-02 8.45835E-02 1.21121E-01 4.15932E-01 4.14593E-01 4.16637E-01 4.27050E-01 1.21121E-01 8.45835E-02 1.58960E-02 -5.51080E-01 
1.58960E-02 8.45835E-02 1.40826E-01 4.32652E-01 4.31323E-01 4.33593E-01 4.44270E-01 1.40826E-01 8.45835E-02 1.58960E-02 -5.34207E-02 
1.58960E-02 1.08751E-02 1.64741E-01 4.53598E-01 4.52279E-01 4.54786E-01 4.65732E-01 1.64741E-01 1.08751E-02 1.58960E-02 5.40958E-01 
1.58960E-02 3.96063E-02 1.93181E-01 4.79080E-01 4.77772E-01 4.80524E-01 4.91745E-01 1.93181E-01 3.96063E-02 1.58960E-02 1.23345E+00 
1.58960E-02 7.36329E-02 2.26911E-01 5.09827E-01 5.08531E-01 5.11541E-01 5.23044E-01 2.26911E-01 7.36329E-02 1.58960E-02 2.06686E+00 
1.58960E-02 1.13436E-01 2.66412E-01 5.46325E-01 5.45042E-01 5.48321E-01 5.60116E-01 2.66412E-01 1.13436E-01 1.58960E-02 3.06045E+00 
1.58960E-02 1.59535E-01 3.12203E-01 5.89095E-01 5.87826E-01 5.91388E-01 6.03482E-01 3.12204E-01 1.59535E-01 1.58960E-02 4.23451E+00 
1.58960E-02 1.99876E-01 3.52301E-01 6.26846E-01 6.25589E-01 6.29378E-01 6.41710E-01 3.52302E-01 1.99876E-01 1.58960E-02 5.28012E+00 
1.58960E-02 2.12484E-01 3.64839E-01 6.38695E-01 6.37442E-01 6.41299E-01 6.53701E-01 3.64839E-01 2.12484E-01 1.58960E-02 5.61008E+00 
1.58960E-02 2.77933E-01 4.29944E-01 7.00515E-01 6.99279E-01 7.03469E-01 7.16214E-01 4.29944E-01 2.77933E-01 1.58960E-02 7.34386E+00 
1.58960E-02 3.52829E-01 5.04488E-01 7.71764E-01 7.70547E-01 7.75087E-01 7.88184E-01 5.04489E-01 3.52829E-01 1.58960E-02 9.36441E+00 
1.58960E-02 4.38018E-01 5.89321E-01 8.53295E-01 8.52099E-01 8.57006E-01 8.70464E-01 5.89322E-01 4.38018E-01 1.58960E-02 1.16992E+01 
1.58960E-02 5.34399E-01 6.85339E-01 9.46008E-01 9.44835E-01 9.50124E-01 9.63955E-01 6.85340E-01 5.34399E-01 1.58960E-02 1.43752E+01 
9.22346E-02 6.39778E-01 7.90351E-01 1.04775E+00 1.04660E+00 1.05229E+00 1.06650E+00 7.90352E-01 6.39778E-01 9.22346E-02 1.72736E+01 
2.16141E-01 7.58218E-01 9.08415E-01 1.16253E+00 1.16140E+00 1.16751E+00 1.18212E+00 9.08417E-01 7.58218E-01 2.16141E-01 2.05151E+01 
3.54975E-01 8.91529E-01 1.04134E+00 1.29215E+00 1.29105E+00 1.29761E+00 1.31262E+00 1.04134E+00 8.91529E-01 3.54975E-01 2.41536E+01 
5.09875E-01 1.04086E+00 1.19027E+00 1.43777E+00 1.43670E+00 1.44372E+00 1.45915E+00 1.19028E+00 1.04086E+00 5.09875E-01 2.82133E+01 
6.82006E-01 1.20737E+00 1.35638E+00 1.60055E+00 1.59952E+00 1.60703E+00 1.62289E+00 1.35638E+00 1.20737E+00 6.82006E-01 3.27157E+01 
8.72544E-01 1.39225E+00 1.54085E+00 1.78169E+00 1.78070E+00 1.78871E+00 1.80503E+00 1.54085E+00 1.39225E+00 8.72544E-01 3.76796E+01 
1.08266E+00 1.59668E+00 1.74486E+00 1.98237E+00 1.98142E+00 1.98997E+00 2.00674E+00 1.74486E+00 1.59668E+00 1.08266E+00 4.31198E+01 
1.31352E+00 1.82182E+00 1.96957E+00 2.20376E+00 2.20284E+00 2.21195E+00 2.22920E+00 1.96957E+00 1.82182E+00 1.31352E+00 4.90473E+01 
1.56625E+00 2.06881E+00 2.21611E+00 2.44699E+00 2.44611E+00 2.45581E+00 2.47355E+00 2.21612E+00 2.06881E+00 1.56625E+00 5.54685E+01 
1.84193E+00 2.33872E+00 2.48558E+00 2.71314E+00 2.71232E+00 2.72262E+00 2.74087E+00 2.48558E+00 2.33872E+00 1.84193E+00 6.23850E+01 
2.14155E+00 2.63257E+00 2.77897E+00 3.00324E+00 3.00246E+00 3.01341E+00 3.03217E+00 2.77897E+00 2.63257E+00 2.14155E+00 6.97932E+01 
2.46606E+00 2.95129E+00 3.09721E+00 3.31821E+00 3.31748E+00 3.32909E+00 3.34838E+00 3.09722E+00 2.95129E+00 2.46606E+00 7.76845E+01 
2.81624E+00 3.29568E+00 3.44112E+00 3.65886E+00 3.65819E+00 3.67049E+00 3.69033E+00 3.44113E+00 3.29568E+00 2.81624E+00 8.60447E+01 
1.47608E-02 8.14478E-02 1.20152E-01 3.90795E-01 3.89368E-01 3.91935E-01 4.03682E-01 1.20152E-01 8.14478E-02 1.47608E-02 -5.09395E-01 
1.47608E-02 8.14478E-02 1.39547E-01 4.07434E-01 4.06022E-01 4.08858E-01 4.20893E-01 1.39547E-01 8.14478E-02 1.47608E-02 -1.66793E-02 
1.47608E-02 1.05731E-02 1.62839E-01 4.27987E-01 4.26589E-01 4.29704E-01 4.42033E-01 1.62839E-01 1.05731E-02 1.47608E-02 5.67134E-01 
1.47608E-02 3.83383E-02 1.90306E-01 4.52725E-01 4.51342E-01 4.54749E-01 4.67376E-01 1.90306E-01 3.83383E-02 1.47608E-02 1.24236E+00 
1.47608E-02 7.09843E-02 2.22647E-01 4.82316E-01 4.80950E-01 4.84661E-01 4.97597E-01 2.22648E-01 7.09843E-02 1.47608E-02 2.04942E+00 
1.47608E-02 1.08935E-01 2.60288E-01 5.17187E-01 5.15840E-01 5.19868E-01 5.33122E-01 2.60288E-01 1.08935E-01 1.47608E-02 3.00516E+00 
1.47608E-02 1.52645E-01 3.03682E-01 5.57797E-01 5.56469E-01 5.60830E-01 5.74410E-01 3.03682E-01 1.52645E-01 1.47608E-02 4.12715E+00 
1.47608E-02 1.90725E-01 3.41513E-01 5.93465E-01 5.92153E-01 5.96781E-01 6.10620E-01 3.41514E-01 1.90725E-01 1.47608E-02 5.12078E+00 
1.47608E-02 2.02600E-01 3.53314E-01 6.04632E-01 6.03325E-01 6.08033E-01 6.21948E-01 3.53315E-01 2.02600E-01 1.47608E-02 5.43337E+00 
1.47608E-02 2.64051E-01 4.14411E-01 6.62703E-01 6.61419E-01 6.66519E-01 6.80806E-01 4.14412E-01 2.64051E-01 1.47608E-02 7.06921E+00 
1.47608E-02 3.34046E-01 4.84045E-01 7.29302E-01 7.28044E-01 7.33553E-01 7.48224E-01 4.84046E-01 3.34046E-01 1.47608E-02 8.96331E+00 
1.47608E-02 4.13313E-01 5.62943E-01 8.05161E-01 8.03931E-01 8.09868E-01 8.24932E-01 5.62944E-01 4.13313E-01 1.47608E-02 1.11382E+01 
1.47608E-02 5.02616E-01 6.51871E-01 8.91048E-01 8.89848E-01 8.96232E-01 9.11701E-01 6.51872E-01 5.02616E-01 1.47608E-02 1.36156E+01 
8.55075E-02 6.00142E-01 7.49017E-01 9.85183E-01 9.84015E-01 9.90866E-01 1.00675E+00 7.49018E-01 6.00142E-01 8.55075E-02 1.62782E+01 
1.99891E-01 7.09311E-01 8.57797E-01 1.09094E+00 1.08981E+00 1.09715E+00 1.11346E+00 8.57799E-01 7.09311E-01 1.99891E-01 1.92382E+01 
3.27481E-01 8.31633E-01 9.79718E-01 1.20983E+00 1.20873E+00 1.21658E+00 1.23334E+00 9.79721E-01 8.31633E-01 3.27481E-01 2.25426E+01 
4.69213E-01 9.68049E-01 1.11572E+00 1.34279E+00 1.34173E+00 1.35012E+00 1.36733E+00 1.11573E+00 9.68049E-01 4.69213E-01 2.62092E+01 
6.26035E-01 1.11951E+00 1.26677E+00 1.49078E+00 1.48976E+00 1.49872E+00 1.51640E+00 1.26677E+00 1.11951E+00 6.26035E-01 3.02536E+01 
7.98891E-01 1.28697E+00 1.43380E+00 1.65476E+00 1.65378E+00 1.66333E+00 1.68149E+00 1.43380E+00 1.28697E+00 7.98891E-01 3.46881E+01 
9.88711E-01 1.47136E+00 1.61775E+00 1.83565E+00 1.83473E+00 1.84489E+00 1.86355E+00 1.61775E+00 1.47136E+00 9.88711E-01 3.95220E+01 
1.19640E+00 1.67360E+00 1.81953E+00 2.03439E+00 2.03351E+00 2.04432E+00 2.06350E+00 1.81953E+00 1.67360E+00 1.19640E+00 4.47603E+01 
1.42282E+00 1.89454E+00 2.04001E+00 2.25183E+00 2.25101E+00 2.26249E+00 2.28219E+00 2.04001E+00 1.89454E+00 1.42282E+00 5.04043E+01 
1.66878E+00 2.13499E+00 2.27999E+00 2.48878E+00 2.48802E+00 2.50020E+00 2.52045E+00 2.28000E+00 2.13499E+00 1.66878E+00 5.64509E+01 
1.93500E+00 2.39570E+00 2.54022E+00 2.74600E+00 2.74529E+00 2.75820E+00 2.77901E+00 2.54023E+00 2.39570E+00 1.93500E+00 6.28926E+01 
2.22213E+00 2.67732E+00 2.82134E+00 3.02412E+00 3.02347E+00 3.03715E+00 3.05853E+00 2.82134E+00 2.67732E+00 2.22213E+00 6.97173E+01 
2.53072E+00 2.98037E+00 3.12389E+00 3.32368E+00 3.32311E+00 3.33757E+00 3.35954E+00 3.12389E+00 2.98037E+00 2.53072E+00 7.69086E+01 
1.36874E-02 7.83666E-02 1.19203E-01 3.67463E-01 3.65951E-01 3.69173E-01 3.82400E-01 1.19203E-01 7.83666E-02 1.36874E-02 -4.63548E-01 
1.36874E-02 7.83666E-02 1.38267E-01 3.83990E-01 3.82497E-01 3.86038E-01 3.99578E-01 1.38267E-01 7.83666E-02 1.36874E-02 2.44845E-02 
1.36874E-02 1.02704E-02 1.60928E-01 4.04128E-01 4.02655E-01 4.06526E-01 4.20385E-01 1.60928E-01 1.02704E-02 1.36874E-02 5.97932E-01 
1.36874E-02 3.70802E-02 1.87431E-01 4.28119E-01 4.26668E-01 4.30881E-01 4.45066E-01 1.87431E-01 3.70802E-02 1.36874E-02 1.25612E+00 
1.36874E-02 6.83766E-02 2.18413E-01 4.56571E-01 4.55142E-01 4.59714E-01 4.74234E-01 2.18414E-01 6.83766E-02 1.36874E-02 2.03716E+00 
1.36874E-02 1.04531E-01 2.54248E-01 4.89858E-01 4.88454E-01 4.93399E-01 5.08264E-01 2.54248E-01 1.04531E-01 1.36874E-02 2.95566E+00 
1.36874E-02 1.45941E-01 2.95331E-01 5.28381E-01 5.27003E-01 5.32339E-01 5.47557E-01 2.95331E-01 1.45941E-01 1.36874E-02 4.02666E+00 
1.36874E-02 1.81854E-01 3.30987E-01 5.62048E-01 5.60691E-01 5.66340E-01 5.81840E-01 3.30987E-01 1.81854E-01 1.36874E-02 4.96965E+00 
1.36874E-02 1.93026E-01 3.42083E-01 5.72562E-01 5.71211E-01 5.76954E-01 5.92537E-01 3.42083E-01 1.93026E-01 1.36874E-02 5.26537E+00 
1.36874E-02 2.50666E-01 3.99356E-01 6.27053E-01 6.25735E-01 6.31936E-01 6.47922E-01 3.99357E-01 2.50666E-01 1.36874E-02 6.80639E+00 
1.36874E-02 3.16009E-01 4.64324E-01 6.89235E-01 6.87950E-01 6.94630E-01 7.11031E-01 4.64325E-01 3.16009E-01 1.36874E-02 8.57884E+00 
1.36874E-02 3.89677E-01 5.37609E-01 7.59730E-01 7.58481E-01 7.65660E-01 7.82488E-01 5.37611E-01 3.89677E-01 1.36874E-02 1.06009E+01 
1.36874E-02 4.72315E-01 6.19857E-01 8.39187E-01 8.37976E-01 8.45677E-01 8.62943E-01 6.19859E-01 4.72315E-01 1.36874E-02 1.28896E+01 
7.91582E-02 5.62435E-01 7.09581E-01 9.26150E-01 9.24980E-01 9.33223E-01 9.50937E-01 7.09583E-01 5.62435E-01 7.91582E-02 1.53300E+01 
1.84593E-01 6.62895E-01 8.09635E-01 1.02343E+00 1.02231E+00 1.03112E+00 1.04929E+00 8.09638E-01 6.62895E-01 1.84593E-01 1.80264E+01 
3.01665E-01 7.74940E-01 9.21262E-01 1.13228E+00 1.13120E+00 1.14060E+00 1.15926E+00 9.21265E-01 7.74940E-01 3.01665E-01 2.10194E+01 
4.31132E-01 8.99334E-01 1.04523E+00 1.25346E+00 1.25243E+00 1.26245E+00 1.28160E+00 1.04523E+00 8.99334E-01 4.31132E-01 2.43217E+01 
5.73754E-01 1.03684E+00 1.18230E+00 1.38773E+00 1.38675E+00 1.39743E+00 1.41708E+00 1.18230E+00 1.03684E+00 5.73754E-01 2.79439E+01 
7.30278E-01 1.18821E+00 1.33322E+00 1.53586E+00 1.53493E+00 1.54629E+00 1.56647E+00 1.33322E+00 1.18821E+00 7.30278E-01 3.18932E+01 
9.01424E-01 1.35418E+00 1.49872E+00 1.69857E+00 1.69770E+00 1.70977E+00 1.73049E+00 1.49873E+00 1.35418E+00 9.01424E-01 3.61740E+01 
1.08788E+00 1.53543E+00 1.67950E+00 1.87656E+00 1.87575E+00 1.88856E+00 1.90983E+00 1.67950E+00 1.53543E+00 1.08788E+00 4.07871E+01 
1.29029E+00 1.73260E+00 1.87619E+00 2.07047E+00 2.06973E+00 2.08331E+00 2.10515E+00 1.87619E+00 1.73260E+00 1.29029E+00 4.57298E+01 
1.50923E+00 1.94630E+00 2.08938E+00 2.28090E+00 2.28023E+00 2.29461E+00 2.31704E+00 2.08939E+00 1.94630E+00 1.50923E+00 5.09955E+01 
1.74520E+00 2.17701E+00 2.31958E+00 2.50835E+00 2.50776E+00 2.52297E+00 2.54600E+00 2.31959E+00 2.17701E+00 1.74520E+00 5.65740E+01 
1.99864E+00 2.42517E+00 2.56722E+00 2.75325E+00 2.75274E+00 2.76881E+00 2.79246E+00 2.56723E+00 2.42517E+00 1.99864E+00 6.24512E+01 
2.26984E+00 2.69109E+00 2.83262E+00 3.01593E+00 3.01549E+00 3.03247E+00 3.05675E+00 2.83262E+00 2.69109E+00 2.26984E+00 6.86094E+01 
1.26732E-02 7.53368E-02 1.18271E-01 3.45836E-01 3.44245E-01 3.48283E-01 3.63144E-01 1.18270E-01 7.53368E-02 1.26732E-02 -4.12822E-01 
1.26732E-02 7.53368E-02 1.36982E-01 3.62216E-01 3.60650E-01 3.65065E-01 3.80267E-01 1.36982E-01 7.53368E-02 1.26732E-02 7.06644E-02 
1.26732E-02 9.96670E-03 1.59002E-01 3.81920E-01 3.80381E-01 3.85185E-01 4.00732E-01 1.59002E-01 9.96670E-03 1.26732E-02 6.33818E-01 
1.26732E-02 3.58306E-02 1.84548E-01 4.05160E-01 4.03650E-01 4.08857E-01 4.24757E-01 1.84549E-01 3.58306E-02 1.26732E-02 1.27505E+00 
1.26732E-02 6.58072E-02 2.14200E-01 4.32489E-01 4.31009E-01 4.36637E-01 4.52899E-01 2.14200E-01 6.58072E-02 1.26732E-02 2.03030E+00 
1.26732E-02 1.00220E-01 2.48280E-01 4.64233E-01 4.62785E-01 4.68852E-01 4.85487E-01 2.48281E-01 1.00220E-01 1.26732E-02 2.91204E+00 
1.26732E-02 1.39414E-01 2.87134E-01 5.00739E-01 4.99325E-01 5.05849E-01 5.22868E-01 2.87135E-01 1.39414E-01 1.26732E-02 3.93302E+00 
1.26732E-02 1.73250E-01 3.20702E-01 5.32485E-01 5.31098E-01 5.37989E-01 5.55311E-01 3.20703E-01 1.73250E-01 1.26732E-02 4.82660E+00 
1.26732E-02 1.83750E-01 3.31124E-01 5.42372E-01 5.40994E-01 5.47994E-01 5.65406E-01 3.31125E-01 1.83750E-01 1.26732E-02 5.10590E+00 
1.26732E-02 2.37756E-01 3.84747E-01 5.93448E-01 5.92110E-01 5.99646E-01 6.17494E-01 3.84749E-01 2.37756E-01 1.26732E-02 6.55508E+00 
1.26732E-02 2.98685E-01 4.45285E-01 6.51434E-01 6.50139E-01 6.58233E-01 6.76530E-01 4.45287E-01 2.98685E-01 1.26732E-02 8.21046E+00 
1.26732E-02 3.67061E-01 5.13262E-01 7.16856E-01 7.15608E-01 7.24283E-01 7.43040E-01 5.13264E-01 3.67061E-01 1.26732E-02 1.00864E+01 
1.26732E-02 4.43425E-01 5.89218E-01 7.90259E-01 7.89059E-01 7.98340E-01 8.17570E-01 5.89220E-01 4.43425E-01 1.26732E-02 1.21959E+01 
7.31695E-02 5.26566E-01 6.71944E-01 8.70460E-01 8.69312E-01 8.79220E-01 8.98934E-01 6.71946E-01 5.26566E-01 7.31695E-02 1.44270E+01 
1.70202E-01 6.18850E-01 7.63801E-01 9.59787E-01 9.58692E-01 9.69257E-01 9.89469E-01 7.63804E-01 6.18850E-01 1.70202E-01 1.68767E+01 
2.77442E-01 7.21291E-01 8.65804E-01 1.05925E+00 1.05821E+00 1.06946E+00 1.09019E+00 8.65808E-01 7.21291E-01 2.77442E-01 1.95800E+01 
3.95496E-01 8.34502E-01 9.78565E-01 1.16946E+00 1.16849E+00 1.18046E+00 1.20171E+00 9.78569E-01 8.34502E-01 3.95496E-01 2.25453E+01 
5.24961E-01 9.59085E-01 1.10269E+00 1.29103E+00 1.29012E+00 1.30284E+00 1.32464E+00 1.10269E+00 9.59085E-01 5.24961E-01 2.57787E+01 
6.66415E-01 1.09562E+00 1.23875E+00 1.42455E+00 1.42370E+00 1.43720E+00 1.45957E+00 1.23875E+00 1.09562E+00 6.66415E-01 2.92839E+01 
8.20402E-01 1.24466E+00 1.38730E+00 1.57055E+00 1.56978E+00 1.58409E+00 1.60704E+00 1.38730E+00 1.24466E+00 8.20402E-01 3.30613E+01 
9.87429E-01 1.40671E+00 1.54885E+00 1.72957E+00 1.72887E+00 1.74403E+00 1.76757E+00 1.54886E+00 1.40671E+00 9.87429E-01 3.71084E+01 
1.16795E+00 1.58224E+00 1.72387E+00 1.90205E+00 1.90144E+00 1.91748E+00 1.94163E+00 1.72387E+00 1.58224E+00 1.16795E+00 4.14196E+01 
1.36237E+00 1.77164E+00 1.91274E+00 2.08842E+00 2.08788E+00 2.10484E+00 2.12962E+00 1.91275E+00 1.77164E+00 1.36237E+00 4.59861E+01 
1.57100E+00 1.97525E+00 2.11581E+00 2.28898E+00 2.28853E+00 2.30643E+00 2.33187E+00 2.11581E+00 1.97525E+00 1.57100E+00 5.07957E+01 
1.79409E+00 2.19330E+00 2.33330E+00 2.50399E+00 2.50364E+00 2.52252E+00 2.54862E+00 2.33331E+00 2.19330E+00 1.79409E+00 5.58335E+01 
2.03178E+00 2.42594E+00 2.56538E+00 2.73360E+00 2.73335E+00 2.75325E+00 2.78003E+00 2.56539E+00 2.42594E+00 2.03178E+00 6.10814E+01 
1.17155E-02 7.23553E-02 1.17349E-01 3.25819E-01 3.24157E-01 3.29213E-01 3.45871E-01 1.17349E-01 7.23553E-02 1.17155E-02 -3.56445E-01 
1.17155E-02 7.23553E-02 1.35684E-01 3.42019E-01 3.40391E-01 3.45890E-01 3.62915E-01 1.35684E-01 7.23553E-02 1.17155E-02 1.22490E-01 
1.17155E-02 9.66169E-03 1.57055E-01 3.61269E-01 3.59676E-01 3.65633E-01 3.83031E-01 1.57055E-01 9.66169E-03 1.17155E-02 6.75283E-01 
1.17155E-02 3.45885E-02 1.81650E-01 3.83754E-01 3.82198E-01 3.88628E-01 4.06407E-01 1.81651E-01 3.45885E-02 1.17155E-02 1.29952E+00 
1.17155E-02 6.32737E-02 2.09996E-01 4.09975E-01 4.08459E-01 4.15381E-01 4.33551E-01 2.09997E-01 6.32737E-02 1.17155E-02 2.02904E+00 
1.17155E-02 9.59970E-02 2.42372E-01 4.40215E-01 4.38739E-01 4.46176E-01 4.64747E-01 2.42373E-01 9.59970E-02 1.17155E-02 2.87441E+00 
1.17155E-02 1.33056E-01 2.79075E-01 4.74772E-01 4.73340E-01 4.81311E-01 5.00296E-01 2.79076E-01 1.33056E-01 1.17155E-02 3.84620E+00 
1.17155E-02 1.64900E-01 3.10639E-01 5.04672E-01 5.03275E-01 5.11673E-01 5.30985E-01 3.10641E-01 1.64900E-01 1.17155E-02 4.69149E+00 
1.17155E-02 1.74759E-01 3.20414E-01 5.13959E-01 5.12573E-01 5.21099E-01 5.40508E-01 3.20416E-01 1.74759E-01 1.17155E-02 4.95480E+00 
1.17155E-02 2.25301E-01 3.70556E-01 5.61774E-01 5.60440E-01 5.69589E-01 5.89468E-01 3.70557E-01 2.25301E-01 1.17155E-02 6.31494E+00 
1.17155E-02 2.82042E-01 4.26886E-01 6.15775E-01 6.14495E-01 6.24293E-01 6.44655E-01 4.26888E-01 2.82042E-01 1.17155E-02 7.85766E+00 
1.17155E-02 3.45419E-01 4.89843E-01 6.76403E-01 6.75181E-01 6.85654E-01 7.06511E-01 4.89845E-01 3.45419E-01 1.17155E-02 9.59391E+00 
1.17155E-02 4.15880E-01 5.59874E-01 7.44107E-01 7.42946E-01 7.54120E-01 7.75487E-01 5.59877E-01 4.15880E-01 1.17155E-02 1.15334E+01 
6.75250E-02 4.92447E-01 6.36004E-01 8.17937E-01 8.16839E-01 8.28740E-01 8.50626E-01 6.36008E-01 4.92447E-01 6.75250E-02 1.35676E+01 
1.56673E-01 5.77060E-01 7.20168E-01 8.99796E-01 8.98766E-01 9.11423E-01 9.33845E-01 7.20171E-01 5.77060E-01 1.56673E-01 1.57866E+01 
2.54732E-01 6.70536E-01 8.13181E-01 9.90497E-01 9.89538E-01 1.00299E+00 1.02596E+00 8.13185E-01 6.70536E-01 2.54732E-01 1.82205E+01 
3.62176E-01 7.73354E-01 9.15523E-01 1.09052E+00 1.08964E+00 1.10391E+00 1.12746E+00 9.15527E-01 7.73354E-01 3.62176E-01 2.08743E+01 
4.79464E-01 8.85978E-01 1.02766E+00 1.20034E+00 1.19954E+00 1.21467E+00 1.23880E+00 1.02766E+00 8.85978E-01 4.79464E-01 2.37507E+01 
6.07029E-01 1.00884E+00 1.15002E+00 1.32039E+00 1.31967E+00 1.33569E+00 1.36043E+00 1.15003E+00 1.00884E+00 6.07029E-01 2.68501E+01 
7.45269E-01 1.14236E+00 1.28301E+00 1.45107E+00 1.45044E+00 1.46739E+00 1.49275E+00 1.28302E+00 1.14236E+00 7.45269E-01 3.01701E+01 
8.94540E-01 1.28688E+00 1.42700E+00 1.59276E+00 1.59222E+00 1.61013E+00 1.63614E+00 1.42701E+00 1.28688E+00 8.94540E-01 3.37060E+01 
1.05515E+00 1.44271E+00 1.58229E+00 1.74576E+00 1.74531E+00 1.76423E+00 1.79089E+00 1.58230E+00 1.44271E+00 1.05515E+00 3.74500E+01 
1.22734E+00 1.61011E+00 1.74913E+00 1.91032E+00 1.90997E+00 1.92993E+00 1.95726E+00 1.74914E+00 1.61011E+00 1.22734E+00 4.13918E+01 
1.41129E+00 1.78926E+00 1.92770E+00 2.08663E+00 2.08639E+00 2.10742E+00 2.13544E+00 1.92771E+00 1.78926E+00 1.41129E+00 4.55186E+01 
1.60710E+00 1.98026E+00 2.11811E+00 2.27479E+00 2.27466E+00 2.29680E+00 2.32554E+00 2.11812E+00 1.98026E+00 1.60710E+00 4.98150E+01 
1.81480E+00 2.18313E+00 2.32038E+00 2.47483E+00 2.47481E+00 2.49810E+00 2.52757E+00 2.32039E+00 2.18313E+00 1.81480E+00 5.42631E+01 
1.08120E-02 6.94194E-02 1.16431E-01 3.07324E-01 3.05606E-01 3.11925E-01 3.30547E-01 1.16431E-01 6.94194E-02 1.08120E-02 -2.93603E-01 
1.08120E-02 6.94194E-02 1.34367E-01 3.23311E-01 3.21637E-01 3.28477E-01 3.47493E-01 1.34367E-01 6.94194E-02 1.08120E-02 1.80616E-01 
1.08120E-02 9.35518E-03 1.55077E-01 3.42086E-01 3.40458E-01 3.47834E-01 3.67251E-01 1.55077E-01 9.35518E-03 1.08120E-02 7.22826E-01 
1.08120E-02 3.33529E-02 1.78727E-01 3.63812E-01 3.62231E-01 3.70161E-01 3.89987E-01 1.78727E-01 3.33529E-02 1.08120E-02 1.32987E+00 
1.08120E-02 6.07738E-02 2.05791E-01 3.88940E-01 3.87409E-01 3.95915E-01 4.16161E-01 2.05791E-01 6.07738E-02 1.08120E-02 2.03362E+00 
1.08120E-02 9.18578E-02 2.36509E-01 4.17713E-01 4.16234E-01 4.25339E-01 4.46017E-01 2.36510E-01 9.18578E-02 1.08120E-02 2.84283E+00 
1.08120E-02 1.26859E-01 2.71135E-01 4.50386E-01 4.48962E-01 4.58689E-01 4.79811E-01 2.71137E-01 1.26859E-01 1.08120E-02 3.76616E+00 
1.08120E-02 1.56795E-01 3.00775E-01 4.78511E-01 4.77131E-01 4.87356E-01 5.08829E-01 3.00777E-01 1.56795E-01 1.08120E-02 4.56418E+00 
1.08120E-02 1.66039E-01 3.09932E-01 4.87224E-01 4.85857E-01 4.96231E-01 5.17808E-01 3.09933E-01 1.66039E-01 1.08120E-02 4.81191E+00 
1.08120E-02 2.13279E-01 3.56749E-01 5.31926E-01 5.30624E-01 5.41721E-01 5.63803E-01 3.56751E-01 2.13279E-01 1.08120E-02 6.08566E+00 
1.08120E-02 2.66047E-01 4.09083E-01 5.82143E-01 5.80909E-01 5.92758E-01 6.15358E-01 4.09085E-01 2.66047E-01 1.08120E-02 7.51990E+00 
1.08120E-02 3.24703E-01 4.67294E-01 6.38239E-01 6.37077E-01 6.49706E-01 6.72838E-01 4.67297E-01 3.24703E-01 1.08120E-02 9.12269E+00 
1.08120E-02 3.89612E-01 5.31748E-01 7.00581E-01 6.99494E-01 7.12934E-01 7.36612E-01 5.31751E-01 3.89612E-01 1.08120E-02 1.09008E+01 
6.22089E-02 4.59993E-01 6.01665E-01 7.68411E-01 7.67403E-01 7.81678E-01 8.05913E-01 6.01668E-01 4.59993E-01 6.22089E-02 1.27499E+01 
1.43966E-01 5.37416E-01 6.78610E-01 8.43268E-01 8.42342E-01 8.57487E-01 8.82297E-01 6.78615E-01 5.37416E-01 1.43966E-01 1.47535E+01 
2.33459E-01 6.22529E-01 7.63231E-01 9.25795E-01 9.24956E-01 9.41007E-01 9.66410E-01 7.63236E-01 6.22529E-01 2.33459E-01 1.69374E+01 
3.31049E-01 7.15698E-01 8.55894E-01 1.01636E+00 1.01561E+00 1.03261E+00 1.05862E+00 8.55899E-01 7.15698E-01 3.31049E-01 1.93037E+01 
4.37079E-01 8.17269E-01 9.56943E-01 1.11532E+00 1.11466E+00 1.13264E+00 1.15928E+00 9.56949E-01 8.17269E-01 4.37079E-01 2.18525E+01 
5.51859E-01 9.27558E-01 1.06670E+00 1.22298E+00 1.22242E+00 1.24142E+00 1.26871E+00 1.06670E+00 9.27558E-01 5.51859E-01 2.45819E+01 
6.75667E-01 1.04685E+00 1.18543E+00 1.33963E+00 1.33918E+00 1.35923E+00 1.38719E+00 1.18544E+00 1.04685E+00 6.75667E-01 2.74874E+01 
8.08735E-01 1.17537E+00 1.31339E+00 1.46551E+00 1.46517E+00 1.48632E+00 1.51496E+00 1.31340E+00 1.17537E+00 8.08735E-01 3.05626E+01 
9.51248E-01 1.31332E+00 1.45075E+00 1.60080E+00 1.60058E+00 1.62286E+00 1.65221E+00 1.45076E+00 1.31332E+00 9.51248E-01 3.37984E+01 
1.10333E+00 1.46082E+00 1.59766E+00 1.74565E+00 1.74555E+00 1.76901E+00 1.79908E+00 1.59767E+00 1.46082E+00 1.10333E+00 3.71840E+01 
1.26505E+00 1.61794E+00 1.75417E+00 1.90012E+00 1.90014E+00 1.92481E+00 1.95563E+00 1.75418E+00 1.61794E+00 1.26505E+00 4.07060E+01 
1.43640E+00 1.78469E+00 1.92028E+00 2.06422E+00 2.06437E+00 2.09028E+00 2.12186E+00 1.92030E+00 1.78469E+00 1.43640E+00 4.43496E+01 
1.61730E+00 1.96098E+00 2.09593E+00 2.23786E+00 2.23814E+00 2.26535E+00 2.29771E+00 2.09594E+00 1.96098E+00 1.61730E+00 4.80977E+01 
9.94725E-03 6.64821E-02 1.15492E-01 2.90012E-01 2.88262E-01 2.96174E-01 3.16961E-01 1.15492E-01 6.64821E-02 9.94725E-03 -2.22304E-01 
9.94725E-03 6.64821E-02 1.32997E-01 3.05749E-01 3.04054E-01 3.12578E-01 3.33788E-01 1.32997E-01 6.64821E-02 9.94725E-03 2.46772E-01 
9.94725E-03 9.04222E-03 1.53025E-01 3.24023E-01 3.22385E-01 3.31537E-01 3.53177E-01 1.53025E-01 9.04222E-03 9.94725E-03 7.77831E-01 
9.94725E-03 3.21041E-02 1.75719E-01 3.44973E-01 3.43395E-01 3.53195E-01 3.75272E-01 1.75719E-01 3.21041E-02 9.94725E-03 1.36706E+00 
9.94725E-03 5.82674E-02 2.01504E-01 3.69005E-01 3.67489E-01 3.77962E-01 4.00490E-01 2.01504E-01 5.82674E-02 9.94725E-03 2.04442E+00 
9.94725E-03 8.77359E-02 2.30584E-01 3.96324E-01 3.94874E-01 4.06045E-01 4.29036E-01 2.30585E-01 8.77359E-02 9.94725E-03 2.81702E+00 
9.94725E-03 1.20723E-01 2.63174E-01 4.27147E-01 4.25766E-01 4.37660E-01 4.61127E-01 2.63175E-01 1.20723E-01 9.94725E-03 3.69173E+00 
9.94725E-03 1.48801E-01 2.90937E-01 4.53541E-01 4.52214E-01 4.64686E-01 4.88530E-01 2.90939E-01 1.48801E-01 9.94725E-03 4.44271E+00 
9.94725E-03 1.57449E-01 2.99492E-01 4.61694E-01 4.60384E-01 4.73029E-01 4.96984E-01 2.99493E-01 1.57449E-01 9.94725E-03 4.67498E+00 
9.94725E-03 2.01495E-01 3.43087E-01 5.03379E-01 5.02150E-01 5.15633E-01 5.40128E-01 3.43089E-01 2.01495E-01 9.94725E-03 5.86357E+00 
9.94725E-03 2.50437E-01 3.91567E-01 5.49948E-01 5.48803E-01 5.63156E-01 5.88207E-01 3.91570E-01 2.50437E-01 9.94725E-03 7.19177E+00 
9.94725E-03 3.04568E-01 4.45224E-01 6.01697E-01 6.00640E-01 6.15895E-01 6.41515E-01 4.45227E-01 3.04568E-01 9.94725E-03 8.66511E+00 
9.94725E-03 3.64180E-01 5.04349E-01 6.58918E-01 6.57954E-01 6.74142E-01 7.00348E-01 5.04353E-01 3.64180E-01 9.94725E-03 1.02878E+01 
5.71306E-02 4.28653E-01 5.68327E-01 7.21017E-01 7.20148E-01 7.37296E-01 7.64099E-01 5.68331E-01 4.28653E-01 5.71306E-02 1.19605E+01 
1.31860E-01 4.99241E-01 6.38405E-01 7.89214E-01 7.88445E-01 8.06592E-01 8.34010E-01 6.38410E-01 4.99241E-01 1.31860E-01 1.37601E+01 
2.13249E-01 5.76444E-01 7.15081E-01 8.64007E-01 8.63343E-01 8.82527E-01 9.10580E-01 7.15086E-01 5.76444E-01 2.13249E-01 1.57087E+01 
3.01562E-01 6.60530E-01 7.98624E-01 9.45667E-01 9.45113E-01 9.65375E-01 9.94082E-01 7.98631E-01 6.60530E-01 3.01562E-01 1.78063E+01 
3.97040E-01 7.51746E-01 8.89281E-01 1.03444E+00 1.03400E+00 1.05538E+00 1.08476E+00 8.89288E-01 7.51746E-01 3.97040E-01 2.00508E+01 
4.99894E-01 8.50306E-01 9.87265E-01 1.13055E+00 1.13023E+00 1.15277E+00 1.18285E+00 9.87273E-01 8.50306E-01 4.99894E-01 2.24386E+01 
6.10298E-01 9.56388E-01 1.09276E+00 1.23417E+00 1.23397E+00 1.25771E+00 1.28850E+00 1.09276E+00 9.56388E-01 6.10298E-01 2.49638E+01 
7.28385E-01 1.07013E+00 1.20589E+00 1.34544E+00 1.34538E+00 1.37036E+00 1.40188E+00 1.20590E+00 1.07013E+00 7.28385E-01 2.76187E+01 
8.54240E-01 1.19162E+00 1.32675E+00 1.46445E+00 1.46453E+00 1.49079E+00 1.52307E+00 1.32676E+00 1.19162E+00 8.54240E-01 3.03940E+01 
9.87899E-01 1.32090E+00 1.45539E+00 1.59125E+00 1.59146E+00 1.61905E+00 1.65210E+00 1.45540E+00 1.32090E+00 9.87899E-01 3.32784E+01 
1.12934E+00 1.45794E+00 1.59177E+00 1.72581E+00 1.72617E+00 1.75512E+00 1.78897E+00 1.59178E+00 1.45794E+00 1.12934E+00 3.62589E+01 
1.27847E+00 1.60266E+00 1.73582E+00 1.86805E+00 1.86856E+00 1.89892E+00 1.93358E+00 1.73583E+00 1.60266E+00 1.27847E+00 3.93214E+01 
1.43514E+00 1.75493E+00 1.88739E+00 2.01783E+00 2.01850E+00 2.05030E+00 2.08580E+00 1.88740E+00 1.75493E+00 1.43514E+00 4.24502E+01 
9.14571E-03 6.36318E-02 1.14549E-01 2.74342E-01 2.72590E-01 2.82444E-01 3.05528E-01 1.14549E-01 6.36318E-02 9.14571E-03 -1.43909E-01 
9.14571E-03 6.36318E-02 1.31605E-01 2.89800E-01 2.88117E-01 2.98684E-01 3.22220E-01 1.31605E-01 6.36318E-02 9.14571E-03 3.19553E-01 
9.14571E-03 8.73234E-03 1.50949E-01 3.07560E-01 3.05948E-01 3.17247E-01 3.41241E-01 1.50949E-01 8.73234E-03 9.14571E-03 8.39052E-01 
9.14571E-03 3.08799E-02 1.72704E-01 3.27741E-01 3.26204E-01 3.38255E-01 3.62717E-01 1.72705E-01 3.08799E-02 9.14571E-03 1.41022E+00 
9.14571E-03 5.58302E-02 1.97251E-01 3.50706E-01 3.49247E-01 3.62078E-01 3.87020E-01 1.97252E-01 5.58302E-02 9.14571E-03 2.06125E+00 
9.14571E-03 8.37546E-02 2.24761E-01 3.76629E-01 3.75250E-01 3.88890E-01 4.14327E-01 2.24763E-01 8.37546E-02 9.14571E-03 2.79777E+00 
9.14571E-03 1.14832E-01 2.55413E-01 4.05689E-01 4.04395E-01 4.18871E-01 4.44816E-01 2.55415E-01 1.14832E-01 9.14571E-03 3.62508E+00 
9.14571E-03 1.41156E-01 2.81401E-01 4.30444E-01 4.29217E-01 4.44361E-01 4.70707E-01 2.81403E-01 1.41156E-01 9.14571E-03 4.33060E+00 
9.14571E-03 1.49242E-01 2.89388E-01 4.38070E-01 4.36864E-01 4.52205E-01 4.78671E-01 2.89390E-01 1.49242E-01 9.14571E-03 4.54800E+00 
9.14571E-03 1.90292E-01 3.29955E-01 4.76918E-01 4.75811E-01 4.92119E-01 5.19161E-01 3.29958E-01 1.90292E-01 9.14571E-03 5.65515E+00 
9.14571E-03 2.35664E-01 3.74832E-01 5.20078E-01 5.19073E-01 5.36381E-01 5.64017E-01 3.74836E-01 2.35664E-01 9.14571E-03 6.88284E+00 
9.14571E-03 2.85593E-01 4.24253E-01 5.67784E-01 5.66887E-01 5.85229E-01 6.13474E-01 4.24257E-01 2.85593E-01 9.14571E-03 8.23452E+00 
9.14571E-03 3.40306E-01 4.78444E-01 6.20267E-01 6.19481E-01 6.38893E-01 6.67762E-01 4.78448E-01 3.40306E-01 9.14571E-03 9.71239E+00 
5.24324E-02 3.99316E-01 5.36922E-01 6.77060E-01 6.76389E-01 6.96898E-01 7.26404E-01 5.36927E-01 3.99316E-01 5.24324E-02 1.12221E+01 
1.20692E-01 4.63612E-01 6.00669E-01 7.39123E-01 7.38572E-01 7.60218E-01 7.90381E-01 6.00675E-01 4.63612E-01 1.20692E-01 1.28347E+01 
1.94657E-01 5.33569E-01 6.70060E-01 8.06828E-01 8.06403E-01 8.29229E-01 8.60070E-01 6.70067E-01 5.33569E-01 1.94657E-01 1.45691E+01 
2.74512E-01 6.09378E-01 7.45285E-01 8.80368E-01 8.80074E-01 9.04123E-01 9.35664E-01 7.45293E-01 6.09378E-01 2.74512E-01 1.64236E+01 
3.60417E-01 6.91201E-01 8.26507E-01 9.59908E-01 9.59751E-01 9.85067E-01 1.01733E+00 8.26516E-01 6.91201E-01 3.60417E-01 1.83947E+01 
4.52501E-01 7.79174E-01 9.13860E-01 1.04558E+00 1.04557E+00 1.07219E+00 1.10520E+00 9.13870E-01 7.79174E-01 4.52501E-01 2.04775E+01 
5.50858E-01 8.73392E-01 1.00744E+00 1.13750E+00 1.13763E+00 1.16561E+00 1.19937E+00 1.00745E+00 8.73392E-01 5.50858E-01 2.26653E+01 
6.55542E-01 9.73914E-01 1.10731E+00 1.23570E+00 1.23599E+00 1.26536E+00 1.29991E+00 1.10732E+00 9.73914E-01 6.55542E-01 2.49499E+01 
7.66564E-01 1.08075E+00 1.21347E+00 1.34022E+00 1.34066E+00 1.37148E+00 1.40684E+00 1.21349E+00 1.08075E+00 7.66564E-01 2.73218E+01 
8.83889E-01 1.19388E+00 1.32591E+00 1.45102E+00 1.45163E+00 1.48392E+00 1.52011E+00 1.32592E+00 1.19388E+00 8.83889E-01 2.97700E+01 
1.00743E+00 1.31321E+00 1.44452E+00 1.56801E+00 1.56879E+00 1.60261E+00 1.63965E+00 1.44454E+00 1.31321E+00 1.00743E+00 3.22823E+01 
1.13704E+00 1.43861E+00 1.56919E+00 1.69107E+00 1.69203E+00 1.72741E+00 1.76532E+00 1.56921E+00 1.43861E+00 1.13704E+00 3.48454E+01 
1.27254E+00 1.56988E+00 1.69971E+00 1.82000E+00 1.82114E+00 1.85813E+00 1.89693E+00 1.69973E+00 1.56988E+00 1.27254E+00 3.74454E+01 
8.39106E-03 6.08187E-02 1.13572E-01 2.59956E-01 2.58245E-01 2.70490E-01 2.96029E-01 1.13571E-01 6.08187E-02 8.39106E-03 -5.65486E-02 
8.39106E-03 6.08187E-02 1.30153E-01 2.75102E-01 2.73476E-01 2.86550E-01 3.12569E-01 1.30152E-01 6.08187E-02 8.39106E-03 4.00529E-01 
8.39106E-03 8.42046E-03 1.48800E-01 2.92327E-01 2.90790E-01 3.04712E-01 3.31219E-01 1.48800E-01 8.42046E-03 8.39106E-03 9.07685E-01 
8.39106E-03 2.96596E-02 1.69617E-01 3.11734E-01 3.10288E-01 3.25080E-01 3.52085E-01 1.69618E-01 2.96596E-02 8.39106E-03 1.46010E+00 
8.39106E-03 5.34200E-02 1.92945E-01 3.33643E-01 3.32293E-01 3.47986E-01 3.75502E-01 1.92946E-01 5.34200E-02 8.39106E-03 2.08428E+00 
8.39106E-03 7.98436E-02 2.18923E-01 3.58200E-01 3.56949E-01 3.73574E-01 4.01616E-01 2.18925E-01 7.98436E-02 8.39106E-03 2.78452E+00 
8.39106E-03 1.09077E-01 2.47700E-01 3.85553E-01 3.84404E-01 4.01992E-01 4.30576E-01 2.47702E-01 1.09077E-01 8.39106E-03 3.56477E+00 
8.39106E-03 1.33719E-01 2.71979E-01 4.08730E-01 4.07663E-01 4.26018E-01 4.55029E-01 2.71981E-01 1.33719E-01 8.39106E-03 4.22557E+00 
8.39106E-03 1.41268E-01 2.79421E-01 4.15849E-01 4.14807E-01 4.33390E-01 4.62528E-01 2.79424E-01 1.41268E-01 8.39106E-03 4.42842E+00 
8.39106E-03 1.79461E-01 3.17094E-01 4.51987E-01 4.51064E-01 4.70755E-01 5.00508E-01 3.17097E-01 1.79461E-01 8.39106E-03 5.45635E+00 
8.39106E-03 2.21447E-01 3.58546E-01 4.91906E-01 4.91108E-01 5.11943E-01 5.42328E-01 3.58550E-01 2.21447E-01 8.39106E-03 6.58720E+00 
8.39106E-03 2.67409E-01 4.03960E-01 5.35791E-01 5.35122E-01 5.57139E-01 5.88173E-01 4.03964E-01 2.67409E-01 8.39106E-03 7.82269E+00 
8.39106E-03 3.17519E-01 4.53507E-01 5.83816E-01 5.83280E-01 6.06516E-01 6.38217E-01 4.53512E-01 3.17519E-01 8.39106E-03 9.16341E+00 
4.80174E-02 3.71397E-01 5.06811E-01 6.35620E-01 6.35222E-01 6.59704E-01 6.92084E-01 5.06817E-01 3.71397E-01 4.80174E-02 1.05203E+01 
1.10227E-01 4.29808E-01 5.64629E-01 6.91941E-01 6.91685E-01 7.17457E-01 7.50538E-01 5.64637E-01 4.29808E-01 1.10227E-01 1.19589E+01 
1.77286E-01 4.93026E-01 6.27236E-01 7.53049E-01 7.52942E-01 7.80049E-01 8.13854E-01 6.27244E-01 4.93026E-01 1.77286E-01 1.34954E+01 
2.49312E-01 5.61174E-01 6.94753E-01 8.19069E-01 8.19118E-01 8.47606E-01 8.82157E-01 6.94762E-01 5.61174E-01 2.49312E-01 1.51268E+01 
3.26398E-01 6.34348E-01 7.67277E-01 8.90102E-01 8.90310E-01 9.20226E-01 9.55546E-01 7.67287E-01 6.34348E-01 3.26398E-01 1.68486E+01 
4.08609E-01 7.12618E-01 8.44876E-01 9.66215E-01 9.66590E-01 9.97979E-01 1.03409E+00 8.44888E-01 7.12618E-01 4.08609E-01 1.86552E+01 
4.95974E-01 7.96015E-01 9.27584E-01 1.04744E+00 1.04799E+00 1.08090E+00 1.11783E+00 9.27597E-01 7.96015E-01 4.95974E-01 2.05395E+01 
5.88487E-01 8.84538E-01 1.01540E+00 1.13379E+00 1.13452E+00 1.16898E+00 1.20675E+00 1.01541E+00 8.84538E-01 5.88487E-01 2.24934E+01 
6.86102E-01 9.78145E-01 1.10828E+00 1.22521E+00 1.22612E+00 1.26220E+00 1.30082E+00 1.10829E+00 9.78145E-01 6.86102E-01 2.45072E+01 
7.88734E-01 1.07675E+00 1.20613E+00 1.32162E+00 1.32272E+00 1.36045E+00 1.39996E+00 1.20615E+00 1.07675E+00 7.88734E-01 2.65708E+01 
8.96249E-01 1.18023E+00 1.30884E+00 1.42290E+00 1.42420E+00 1.46361E+00 1.50403E+00 1.30886E+00 1.18023E+00 8.96249E-01 2.86728E+01 
1.00847E+00 1.28841E+00 1.41623E+00 1.52887E+00 1.53037E+00 1.57152E+00 1.61287E+00 1.41625E+00 1.28841E+00 1.00847E+00 3.08014E+01 
1.12519E+00 1.40107E+00 1.52808E+00 1.63932E+00 1.64103E+00 1.68396E+00 1.72626E+00 1.52811E+00 1.40107E+00 1.12519E+00 3.29440E+01 
7.68105E-03 5.80395E-02 1.12540E-01 2.46785E-01 2.45171E-01 2.60351E-01 2.88487E-01 1.12540E-01 5.80395E-02 7.68105E-03 4.04924E-02 
7.68105E-03 5.80395E-02 1.28620E-01 2.61586E-01 2.60077E-01 2.76215E-01 3.04860E-01 1.28620E-01 5.80395E-02 7.68105E-03 4.90174E-01 
7.68105E-03 8.10631E-03 1.46556E-01 2.78255E-01 2.76855E-01 2.93971E-01 3.23135E-01 1.46556E-01 8.10631E-03 7.68105E-03 9.83991E-01 
7.68105E-03 2.84420E-02 1.66436E-01 2.96880E-01 2.95591E-01 3.13709E-01 3.43402E-01 1.66437E-01 2.84420E-02 7.68105E-03 1.51676E+00 
7.68105E-03 5.10338E-02 1.88560E-01 3.17743E-01 3.16570E-01 3.35724E-01 3.65960E-01 1.88561E-01 5.10338E-02 7.68105E-03 2.11342E+00 
7.68105E-03 7.59973E-02 2.13042E-01 3.40963E-01 3.39909E-01 3.60132E-01 3.90928E-01 2.13044E-01 7.59973E-02 7.68105E-03 2.77707E+00 
7.68105E-03 1.03451E-01 2.40001E-01 3.66658E-01 3.65728E-01 3.87055E-01 4.18426E-01 2.40003E-01 1.03451E-01 7.68105E-03 3.51046E+00 
7.68105E-03 1.26477E-01 2.62634E-01 3.88314E-01 3.87483E-01 4.09686E-01 4.41513E-01 2.62637E-01 1.26477E-01 7.68105E-03 4.12720E+00 
7.68105E-03 1.33512E-01 2.69553E-01 3.94947E-01 3.94146E-01 4.16609E-01 4.48571E-01 2.69557E-01 1.33512E-01 7.68105E-03 4.31579E+00 
7.68105E-03 1.68979E-01 3.04457E-01 4.28491E-01 4.27833E-01 4.51560E-01 4.84176E-01 3.04461E-01 1.68979E-01 7.68105E-03 5.26659E+00 
7.68105E-03 2.07753E-01 3.42652E-01 4.65329E-01 4.64819E-01 4.89849E-01 5.23139E-01 3.42657E-01 2.07753E-01 7.68105E-03 6.30413E+00 
7.68105E-03 2.49970E-01 3.84274E-01 5.05600E-01 5.05244E-01 5.31616E-01 5.65598E-01 3.84280E-01 2.49970E-01 7.68105E-03 7.42872E+00 
7.68105E-03 2.95756E-01 4.29450E-01 5.49430E-01 5.49233E-01 5.76987E-01 6.11680E-01 4.29457E-01 2.95756E-01 7.68105E-03 8.63966E+00 
4.38719E-02 3.44816E-01 4.77887E-01 5.96544E-01 5.96509E-01 6.25672E-01 6.61089E-01 4.77895E-01 3.44816E-01 4.38719E-02 9.85348E+00 
1.00430E-01 3.97729E-01 5.30157E-01 6.47493E-01 6.47627E-01 6.78244E-01 7.14409E-01 5.30166E-01 3.97729E-01 1.00430E-01 1.11304E+01 
1.61070E-01 4.54685E-01 5.86449E-01 7.02465E-01 7.02773E-01 7.34893E-01 7.71831E-01 5.86460E-01 4.54685E-01 1.61070E-01 1.24843E+01 
2.25857E-01 5.15751E-01 6.46831E-01 7.61529E-01 7.62019E-01 7.95690E-01 8.33424E-01 6.46843E-01 5.15751E-01 2.25857E-01 1.39113E+01 
2.94832E-01 5.80971E-01 7.11346E-01 8.24732E-01 8.25409E-01 8.60678E-01 8.99234E-01 7.11359E-01 5.80971E-01 2.94832E-01 1.54065E+01 
3.68005E-01 6.50362E-01 7.80010E-01 8.92090E-01 8.92961E-01 9.29876E-01 9.69278E-01 7.80025E-01 6.50362E-01 3.68005E-01 1.69638E+01 
4.45358E-01 7.23908E-01 8.52808E-01 9.63590E-01 9.64661E-01 1.00327E+00 1.04354E+00 8.52824E-01 7.23908E-01 4.45358E-01 1.85760E+01 
5.26839E-01 8.01560E-01 9.29691E-01 1.03918E+00 1.04046E+00 1.08080E+00 1.12197E+00 9.29709E-01 8.01560E-01 5.26839E-01 2.02352E+01 
6.12363E-01 8.83237E-01 1.01058E+00 1.11879E+00 1.12028E+00 1.16241E+00 1.20450E+00 1.01060E+00 8.83237E-01 6.12363E-01 2.19325E+01 
7.01807E-01 9.68819E-01 1.09535E+00 1.20230E+00 1.20400E+00 1.24795E+00 1.29099E+00 1.09537E+00 9.68819E-01 7.01807E-01 2.36583E+01 
7.95012E-01 1.05815E+00 1.18385E+00 1.28954E+00 1.29147E+00 1.33729E+00 1.38129E+00 1.18387E+00 1.05815E+00 7.95012E-01 2.54025E+01 
8.91782E-01 1.15104E+00 1.27588E+00 1.38033E+00 1.38249E+00 1.43022E+00 1.47522E+00 1.27590E+00 1.15104E+00 8.91782E-01 2.71545E+01 
9.91883E-01 1.24725E+00 1.37122E+00 1.47444E+00 1.47684E+00 1.52651E+00 1.57253E+00 1.37124E+00 1.24725E+00 9.91883E-01 2.89037E+01 
7.01348E-03 5.52893E-02 1.11432E-01 2.34761E-01 2.33319E-01 2.52084E-01 2.82940E-01 1.11431E-01 5.52893E-02 7.01348E-03 1.47777E-01 
7.01348E-03 5.52893E-02 1.26983E-01 2.49183E-01 2.47869E-01 2.67736E-01 2.99132E-01 1.26983E-01 5.52893E-02 7.01348E-03 5.88793E-01 
7.01348E-03 7.78948E-03 1.44192E-01 2.65275E-01 2.64092E-01 2.85082E-01 3.17029E-01 1.44192E-01 7.78948E-03 7.01348E-03 1.06805E+00 
7.01348E-03 2.72253E-02 1.63133E-01 2.83110E-01 2.82061E-01 3.04198E-01 3.36706E-01 1.63134E-01 2.72253E-02 7.01348E-03 1.58011E+00 
7.01348E-03 4.86678E-02 1.84065E-01 3.02933E-01 3.02023E-01 3.25344E-01 3.58430E-01 1.84067E-01 4.86678E-02 7.01348E-03 2.14839E+00 
7.01348E-03 7.22091E-02 2.07083E-01 3.24840E-01 3.24073E-01 3.48614E-01 3.82295E-01 2.07085E-01 7.22091E-02 7.01348E-03 2.77500E+00 
7.01348E-03 9.79425E-02 2.32277E-01 3.48924E-01 3.48305E-01 3.74103E-01 4.08395E-01 2.32281E-01 9.79425E-02 7.01348E-03 3.46164E+00 
7.01348E-03 1.19415E-01 2.53323E-01 3.69111E-01 3.68611E-01 3.95405E-01 4.30183E-01 2.53327E-01 1.19415E-01 7.01348E-03 4.03490E+00 
7.01348E-03 1.25958E-01 2.59739E-01 3.75276E-01 3.74811E-01 4.01901E-01 4.36822E-01 2.59744E-01 1.25958E-01 7.01348E-03 4.20949E+00 
7.01348E-03 1.58823E-01 2.91992E-01 4.06335E-01 4.06040E-01 4.34563E-01 4.70182E-01 2.91997E-01 1.58823E-01 7.01348E-03 5.08517E+00 
7.01348E-03 1.94548E-01 3.27086E-01 4.40240E-01 4.40121E-01 4.70119E-01 5.06456E-01 3.27092E-01 1.94548E-01 7.01348E-03 6.03278E+00 
7.01348E-03 2.33230E-01 3.65119E-01 4.77091E-01 4.77153E-01 5.08666E-01 5.45742E-01 3.65127E-01 2.33230E-01 7.01348E-03 7.05156E+00 
7.01348E-03 2.74954E-01 4.06178E-01 5.16974E-01 5.17223E-01 5.50292E-01 5.88127E-01 4.06187E-01 2.74954E-01 7.01348E-03 8.13982E+00 
3.99819E-02 3.19493E-01 4.50040E-01 5.59678E-01 5.60117E-01 5.94770E-01 6.33378E-01 4.50049E-01 3.19493E-01 3.99819E-02 9.21979E+00 
9.12635E-02 3.67274E-01 4.97120E-01 6.05605E-01 6.06241E-01 6.42523E-01 6.81931E-01 4.97131E-01 3.67274E-01 9.12635E-02 1.03467E+01 
1.45945E-01 4.18415E-01 5.47540E-01 6.54873E-01 6.55712E-01 6.93674E-01 7.33908E-01 5.47552E-01 4.18415E-01 1.45945E-01 1.15325E+01 
2.04049E-01 4.72944E-01 6.01323E-01 7.07508E-01 7.08557E-01 7.48249E-01 7.89335E-01 6.01337E-01 4.72944E-01 2.04049E-01 1.27729E+01 
2.65571E-01 5.30860E-01 6.58472E-01 7.63513E-01 7.64780E-01 8.06250E-01 8.48214E-01 6.58488E-01 5.30860E-01 2.65571E-01 1.40626E+01 
3.30485E-01 5.92140E-01 7.18962E-01 8.22867E-01 8.24356E-01 8.67652E-01 9.10522E-01 7.18980E-01 5.92140E-01 3.30485E-01 1.53954E+01 
3.98735E-01 6.56733E-01 7.82742E-01 8.85517E-01 8.87236E-01 9.32405E-01 9.76207E-01 7.82761E-01 6.56733E-01 3.98735E-01 1.67646E+01 
4.70238E-01 7.24557E-01 8.49731E-01 9.51385E-01 9.53339E-01 1.00043E+00 1.04519E+00 8.49752E-01 7.24557E-01 4.70238E-01 1.81624E+01 
5.44879E-01 7.95503E-01 9.19819E-01 1.02036E+00 1.02256E+00 1.07161E+00 1.11736E+00 9.19842E-01 7.95503E-01 5.44879E-01 1.95809E+01 
6.22516E-01 8.69430E-01 9.92865E-01 1.09231E+00 1.09475E+00 1.14580E+00 1.19257E+00 9.92890E-01 8.69430E-01 6.22516E-01 2.10113E+01 
7.02972E-01 9.46166E-01 1.06870E+00 1.16705E+00 1.16975E+00 1.22285E+00 1.27065E+00 1.06872E+00 9.46166E-01 7.02972E-01 2.24448E+01 
7.86043E-01 1.02551E+00 1.14711E+00 1.24439E+00 1.24734E+00 1.30253E+00 1.35140E+00 1.14714E+00 1.02551E+00 7.86043E-01 2.38723E+01 
8.71496E-01 1.10723E+00 1.22789E+00 1.32410E+00 1.32731E+00 1.38462E+00 1.43458E+00 1.22792E+00 1.10723E+00 8.71496E-01 2.52848E+01 
6.38527E-03 5.25584E-02 1.10215E-01 2.23803E-01 2.22631E-01 2.45762E-01 2.79437E-01 1.10213E-01 5.25584E-02 6.38527E-03 2.65804E-01 
6.38527E-03 5.25584E-02 1.25208E-01 2.37811E-01 2.36792E-01 2.61183E-01 2.95432E-01 1.25208E-01 5.25584E-02 6.38527E-03 6.96599E-01 
6.38527E-03 7.46887E-03 1.41672E-01 2.53302E-01 2.52439E-01 2.78111E-01 3.12945E-01 1.41672E-01 7.46887E-03 6.38527E-03 1.15982E+00 
6.38527E-03 2.60052E-02 1.59667E-01 2.70333E-01 2.69631E-01 2.96609E-01 3.32040E-01 1.59668E-01 2.60052E-02 6.38527E-03 1.64987E+00 
6.38527E-03 4.63135E-02 1.79418E-01 2.89118E-01 2.88582E-01 3.16905E-01 3.52951E-01 1.79420E-01 4.63135E-02 6.38527E-03 2.18874E+00 
6.38527E-03 6.84649E-02 2.00996E-01 3.09731E-01 3.09365E-01 3.39071E-01 3.75752E-01 2.00999E-01 6.84649E-02 6.38527E-03 2.77767E+00 
6.38527E-03 9.25304E-02 2.24472E-01 3.32242E-01 3.32052E-01 3.63179E-01 4.00513E-01 2.24476E-01 9.25304E-02 6.38527E-03 3.41749E+00 
6.38527E-03 1.12507E-01 2.43982E-01 3.51007E-01 3.50956E-01 3.83209E-01 4.21060E-01 2.43986E-01 1.12507E-01 6.38527E-03 3.94771E+00 
6.38527E-03 1.18577E-01 2.49913E-01 3.56721E-01 3.56711E-01 3.89297E-01 4.27302E-01 2.49918E-01 1.18577E-01 6.38527E-03 4.10855E+00 
6.38527E-03 1.48953E-01 2.79618E-01 3.85392E-01 3.85582E-01 4.19784E-01 4.58534E-01 2.79624E-01 1.48953E-01 6.38527E-03 4.91089E+00 
6.38527E-03 1.81777E-01 3.11753E-01 4.16497E-01 4.16894E-01 4.52753E-01 4.92271E-01 3.11761E-01 1.81777E-01 6.38527E-03 5.77173E+00 
6.38527E-03 2.17115E-01 3.46383E-01 4.50103E-01 4.50712E-01 4.88271E-01 5.28579E-01 3.46392E-01 2.17115E-01 6.38527E-03 6.68948E+00 
6.38527E-03 2.55019E-01 3.83559E-01 4.86263E-01 4.87089E-01 5.26390E-01 5.67511E-01 3.83570E-01 2.55019E-01 6.38527E-03 7.66175E+00 
3.63290E-02 2.95313E-01 4.23113E-01 5.24816E-01 5.25864E-01 5.66931E-01 6.08881E-01 4.23124E-01 2.95313E-01 3.63290E-02 8.61651E+00 
8.26824E-02 3.38299E-01 4.65335E-01 5.66042E-01 5.67317E-01 6.10198E-01 6.53004E-01 4.65348E-01 3.38299E-01 8.26824E-02 9.60435E+00 
1.31830E-01 3.84042E-01 5.10290E-01 6.10004E-01 6.11513E-01 6.56259E-01 6.99951E-01 5.10305E-01 3.84042E-01 1.31830E-01 1.06356E+01 
1.83760E-01 4.32533E-01 5.57969E-01 6.56693E-01 6.58443E-01 7.05104E-01 7.49710E-01 5.57986E-01 4.32533E-01 1.83760E-01 1.17056E+01 
2.38437E-01 4.83742E-01 6.08342E-01 7.06080E-01 7.08078E-01 7.56704E-01 8.02253E-01 6.08360E-01 4.83742E-01 2.38437E-01 1.28093E+01 
2.95806E-01 5.37616E-01 6.61355E-01 7.58114E-01 7.60367E-01 8.11003E-01 8.57526E-01 6.61376E-01 5.37616E-01 2.95806E-01 1.39405E+01 
3.55784E-01 5.94077E-01 7.16932E-01 8.12718E-01 8.15231E-01 8.67925E-01 9.15449E-01 7.16955E-01 5.94077E-01 3.55784E-01 1.50930E+01 
4.18266E-01 6.53024E-01 7.74969E-01 8.69791E-01 8.72570E-01 9.27365E-01 9.75921E-01 7.74995E-01 6.53024E-01 4.18266E-01 1.62597E+01 
4.83123E-01 7.14328E-01 8.35341E-01 9.29207E-01 9.32258E-01 9.89196E-01 1.03881E+00 8.35369E-01 7.14328E-01 4.83123E-01 1.74333E+01 
5.50199E-01 7.77839E-01 8.97896E-01 9.90813E-01 9.94142E-01 1.05326E+00 1.10397E+00 8.97926E-01 7.77839E-01 5.50199E-01 1.86064E+01 
6.19313E-01 8.43378E-01 9.62456E-01 1.05444E+00 1.05805E+00 1.11939E+00 1.17121E+00 9.62488E-01 8.43378E-01 6.19313E-01 1.97712E+01 
6.90263E-01 9.10746E-01 1.02882E+00 1.11987E+00 1.12377E+00 1.18737E+00 1.24034E+00 1.02886E+00 9.10746E-01 6.90263E-01 2.09203E+01 
7.62823E-01 9.79720E-01 1.09677E+00 1.18690E+00 1.19109E+00 1.25698E+00 1.31113E+00 1.09681E+00 9.79720E-01 7.62823E-01 2.20460E+01 
5.79562E-03 4.98450E-02 1.08857E-01 2.13870E-01 2.13091E-01 2.41496E-01 2.78054E-01 1.08856E-01 4.98450E-02 5.79562E-03 3.94307E-01 
5.79562E-03 4.98450E-02 1.23263E-01 2.27428E-01 2.26831E-01 2.56666E-01 2.93836E-01 1.23263E-01 4.98450E-02 5.79562E-03 8.13068E-01 
5.79562E-03 7.14426E-03 1.38962E-01 2.42290E-01 2.41879E-01 2.73166E-01 3.10959E-01 1.38963E-01 7.14426E-03 5.79562E-03 1.25858E+00 
5.79562E-03 2.47810E-02 1.56004E-01 2.58504E-01 2.58282E-01 2.91045E-01 3.29476E-01 1.56006E-01 2.47810E-02 5.79562E-03 1.72518E+00 
5.79562E-03 4.39695E-02 1.74581E-01 2.76252E-01 2.76225E-01 3.10505E-01 3.49594E-01 1.74583E-01 4.39695E-02 5.79562E-03 2.23353E+00 
5.79562E-03 6.47624E-02 1.94744E-01 2.95587E-01 2.95761E-01 3.31597E-01 3.71365E-01 1.94748E-01 6.47624E-02 5.79562E-03 2.78411E+00 
5.79562E-03 8.72112E-02 2.16546E-01 3.16563E-01 3.16942E-01 3.54375E-01 3.94842E-01 2.16551E-01 8.72112E-02 5.79562E-03 3.37706E+00 
5.79562E-03 1.05747E-01 2.34569E-01 3.33948E-01 3.34490E-01 3.73185E-01 4.14208E-01 2.34575E-01 1.05747E-01 5.79562E-03 3.86475E+00 
5.79562E-03 1.11362E-01 2.40033E-01 3.39226E-01 3.39816E-01 3.78884E-01 4.20072E-01 2.40039E-01 1.11362E-01 5.79562E-03 4.01206E+00 
5.79562E-03 1.39359E-01 2.67294E-01 3.65602E-01 3.66425E-01 4.07300E-01 4.49287E-01 2.67301E-01 1.39359E-01 5.79562E-03 4.74296E+00 
5.79562E-03 1.69429E-01 2.96608E-01 3.94037E-01 3.95099E-01 4.37823E-01 4.80635E-01 2.96617E-01 1.69429E-01 5.79562E-03 5.52028E+00 
5.79562E-03 2.01611E-01 3.28013E-01 4.24567E-01 4.25875E-01 4.70491E-01 5.14153E-01 3.28024E-01 2.01611E-01 5.79562E-03 6.34184E+00 
5.79562E-03 2.35928E-01 3.61534E-01 4.57220E-01 4.58779E-01 5.05329E-01 5.49865E-01 3.61546E-01 2.35928E-01 5.79562E-03 7.20483E+00 
3.29077E-02 2.72245E-01 3.97041E-01 4.91875E-01 4.93687E-01 5.42191E-01 5.87620E-01 3.97055E-01 2.72245E-01 3.29077E-02 8.04293E+00 
7.46715E-02 3.10766E-01 4.34727E-01 5.28711E-01 5.30783E-01 5.81289E-01 6.27641E-01 4.34743E-01 3.10766E-01 7.46715E-02 8.90235E+00 
1.18696E-01 3.51512E-01 4.74612E-01 5.67749E-01 5.70089E-01 6.22648E-01 6.69953E-01 4.74630E-01 3.51512E-01 1.18696E-01 9.79208E+00 
1.64943E-01 3.94449E-01 5.16662E-01 6.08956E-01 6.11569E-01 6.66231E-01 7.14522E-01 5.16683E-01 3.94449E-01 1.64943E-01 1.07075E+01 
2.13356E-01 4.39523E-01 5.60825E-01 6.52278E-01 6.55171E-01 7.11984E-01 7.61293E-01 5.60847E-01 4.39523E-01 2.13356E-01 1.16437E+01 
2.63857E-01 4.86661E-01 6.07025E-01 6.97644E-01 7.00824E-01 7.59832E-01 8.10191E-01 6.07050E-01 4.86661E-01 2.63857E-01 1.25950E+01 
3.16349E-01 5.35769E-01 6.55170E-01 7.44960E-01 7.48432E-01 8.09679E-01 8.61120E-01 6.55198E-01 5.35769E-01 3.16349E-01 1.35555E+01 
3.70714E-01 5.86732E-01 7.05146E-01 7.94112E-01 7.97882E-01 8.61410E-01 9.13964E-01 7.05176E-01 5.86732E-01 3.70714E-01 1.45190E+01 
4.26814E-01 6.39415E-01 7.56817E-01 8.44966E-01 8.49039E-01 9.14886E-01 9.68584E-01 7.56850E-01 6.39415E-01 4.26814E-01 1.54793E+01 
4.84491E-01 6.93664E-01 8.10029E-01 8.97368E-01 9.01749E-01 9.69951E-01 1.02483E+00 8.10065E-01 6.93664E-01 4.84491E-01 1.64299E+01 
5.43567E-01 7.49304E-01 8.64609E-01 9.51145E-01 9.55838E-01 1.02643E+00 1.08251E+00 8.64648E-01 7.49304E-01 5.43567E-01 1.73643E+01 
6.03849E-01 8.06144E-01 9.20364E-01 1.00610E+00 1.01111E+00 1.08412E+00 1.14144E+00 9.20406E-01 8.06144E-01 6.03849E-01 1.82764E+01 
6.65125E-01 8.63975E-01 9.77088E-01 1.06204E+00 1.06737E+00 1.14282E+00 1.20141E+00 9.77134E-01 8.63975E-01 6.65125E-01 1.91600E+01 
5.24265E-03 4.71416E-02 1.07320E-01 2.04898E-01 2.04667E-01 2.39398E-01 2.78866E-01 1.07319E-01 4.71416E-02 5.24265E-03 5.32664E-01 
5.24265E-03 4.71416E-02 1.21106E-01 2.17966E-01 2.17949E-01 2.54291E-01 2.94415E-01 1.21105E-01 4.71416E-02 5.24265E-03 9.37325E-01 
5.24265E-03 6.81466E-03 1.36019E-01 2.32171E-01 2.32372E-01 2.70344E-01 3.11139E-01 1.36020E-01 6.81466E-03 5.24265E-03 1.36327E+00 
5.24265E-03 2.35490E-02 1.52098E-01 2.47550E-01 2.47973E-01 2.87599E-01 3.29080E-01 1.52100E-01 2.35490E-02 5.24265E-03 1.80484E+00 
5.24265E-03 4.16291E-02 1.69504E-01 2.64256E-01 2.64906E-01 3.06229E-01 3.48419E-01 1.69507E-01 4.16291E-02 5.24265E-03 2.28144E+00 
5.24265E-03 6.10914E-02 1.88273E-01 2.82327E-01 2.83209E-01 3.26270E-01 3.69191E-01 1.88278E-01 6.10914E-02 5.24265E-03 2.79295E+00 
5.24265E-03 8.19705E-02 2.08441E-01 3.01797E-01 3.02918E-01 3.47757E-01 3.91432E-01 2.08447E-01 8.19705E-02 5.24265E-03 3.33896E+00 
5.24265E-03 9.91169E-02 2.25023E-01 3.17843E-01 3.19151E-01 3.65393E-01 4.09668E-01 2.25031E-01 9.91169E-02 5.24265E-03 3.78460E+00 
5.24265E-03 1.04296E-01 2.30035E-01 3.22698E-01 3.24062E-01 3.70718E-01 4.15171E-01 2.30043E-01 1.04296E-01 5.24265E-03 3.91864E+00 
5.24265E-03 1.30016E-01 2.54948E-01 3.46865E-01 3.48497E-01 3.97156E-01 4.42474E-01 2.54957E-01 1.30016E-01 5.24265E-03 4.57998E+00 
5.24265E-03 1.57469E-01 2.81571E-01 3.72747E-01 3.74654E-01 4.25358E-01 4.71568E-01 2.81582E-01 1.57469E-01 5.24265E-03 5.27699E+00 
5.24265E-03 1.86670E-01 3.09920E-01 4.00360E-01 4.02548E-01 4.55339E-01 5.02469E-01 3.09934E-01 1.86670E-01 5.24265E-03 6.00716E+00 
5.24265E-03 2.17622E-01 3.39999E-01 4.29709E-01 4.32182E-01 4.87100E-01 5.35178E-01 3.40015E-01 2.17622E-01 5.24265E-03 6.76741E+00 
2.97065E-02 2.50220E-01 3.71710E-01 4.60702E-01 4.63462E-01 5.20523E-01 5.69569E-01 3.71728E-01 2.50220E-01 2.97065E-02 7.49709E+00 
6.72011E-02 2.84588E-01 4.05166E-01 4.93442E-01 4.96496E-01 5.55746E-01 6.05793E-01 4.05186E-01 2.84588E-01 6.72011E-02 8.23832E+00 
1.06490E-01 3.20717E-01 4.40355E-01 5.27917E-01 5.31272E-01 5.92761E-01 6.43843E-01 4.40377E-01 3.20717E-01 1.06490E-01 8.99897E+00 
1.47516E-01 3.58554E-01 4.77225E-01 5.64076E-01 5.67737E-01 6.31513E-01 6.83664E-01 4.77250E-01 3.58554E-01 1.47516E-01 9.77468E+00 
1.90207E-01 3.98029E-01 5.15707E-01 6.01849E-01 6.05823E-01 6.71930E-01 7.25186E-01 5.15734E-01 3.98029E-01 1.90207E-01 1.05607E+01 
2.34473E-01 4.39057E-01 5.55715E-01 6.41152E-01 6.45445E-01 7.13925E-01 7.68321E-01 5.55745E-01 4.39057E-01 2.34473E-01 1.13521E+01 
2.80209E-01 4.81535E-01 5.97146E-01 6.81881E-01 6.86499E-01 7.57391E-01 8.12961E-01 5.97180E-01 4.81535E-01 2.80209E-01 1.21435E+01 
3.27290E-01 5.25343E-01 6.39882E-01 7.23920E-01 7.28865E-01 8.02207E-01 8.58985E-01 6.39919E-01 5.25343E-01 3.27290E-01 1.29296E+01 
3.75578E-01 5.70345E-01 6.83787E-01 7.67131E-01 7.72409E-01 8.48233E-01 9.06254E-01 6.83827E-01 5.70345E-01 3.75578E-01 1.37050E+01 
4.24919E-01 6.16390E-01 7.28711E-01 8.11365E-01 8.16980E-01 8.95316E-01 9.54612E-01 7.28754E-01 6.16390E-01 4.24919E-01 1.44644E+01 
4.75144E-01 6.63313E-01 7.74488E-01 8.56457E-01 8.62412E-01 9.43286E-01 1.00389E+00 7.74535E-01 6.63313E-01 4.75144E-01 1.52026E+01 
5.26073E-01 7.10936E-01 8.20942E-01 9.02230E-01 9.08528E-01 9.91962E-01 1.05391E+00 8.20993E-01 7.10936E-01 5.26073E-01 1.59145E+01 
5.77515E-01 7.59070E-01 8.67885E-01 9.48496E-01 9.55138E-01 1.04115E+00 1.10447E+00 8.67939E-01 7.59070E-01 5.77515E-01 1.65956E+01 
4.72486E-03 4.44411E-02 1.05558E-01 1.96824E-01 1.97331E-01 2.39580E-01 2.81953E-01 1.05556E-01 4.44411E-02 4.72486E-03 6.79496E-01 
4.72486E-03 4.44411E-02 1.18689E-01 2.09359E-01 2.10116E-01 2.54161E-01 2.97246E-01 1.18689E-01 4.44411E-02 4.72486E-03 1.06777E+00 
4.72486E-03 6.47905E-03 1.32792E-01 2.22874E-01 2.23883E-01 2.69744E-01 3.13556E-01 1.32793E-01 6.47905E-03 4.72486E-03 1.47212E+00 
4.72486E-03 2.23059E-02 1.47896E-01 2.37397E-01 2.38662E-01 2.86360E-01 3.30917E-01 1.47898E-01 2.23059E-02 4.72486E-03 1.88700E+00 
4.72486E-03 3.92863E-02 1.64133E-01 2.53054E-01 2.54580E-01 3.04157E-01 3.49485E-01 1.64137E-01 3.92863E-02 4.72486E-03 2.33060E+00 
4.72486E-03 5.74428E-02 1.81526E-01 2.69867E-01 2.71660E-01 3.23159E-01 3.69283E-01 1.81532E-01 5.74428E-02 4.72486E-03 2.80234E+00 
4.72486E-03 7.67958E-02 2.00096E-01 2.87859E-01 2.89924E-01 3.43384E-01 3.90331E-01 2.00103E-01 7.67958E-02 4.72486E-03 3.30139E+00 
4.72486E-03 9.26010E-02 2.15281E-01 3.02599E-01 3.04879E-01 3.59883E-01 4.07483E-01 2.15290E-01 9.26010E-02 4.72486E-03 3.70552E+00 
4.72486E-03 9.73602E-02 2.19857E-01 3.07045E-01 3.09388E-01 3.64847E-01 4.12642E-01 2.19867E-01 9.73602E-02 4.72486E-03 3.82655E+00 
4.72486E-03 1.20902E-01 2.42511E-01 3.29081E-01 3.31729E-01 3.89386E-01 4.38125E-01 2.42523E-01 1.20902E-01 4.72486E-03 4.42030E+00 
4.72486E-03 1.45870E-01 2.66568E-01 3.52522E-01 3.55481E-01 4.15378E-01 4.65091E-01 2.66582E-01 1.45870E-01 4.72486E-03 5.04031E+00 
4.72486E-03 1.72259E-01 2.92024E-01 3.77368E-01 3.80642E-01 4.42817E-01 4.93536E-01 2.92040E-01 1.72259E-01 4.72486E-03 5.68388E+00 
4.72486E-03 2.00056E-01 3.18866E-01 4.03603E-01 4.07199E-01 4.71689E-01 5.23444E-01 3.18885E-01 2.00056E-01 4.72486E-03 6.34789E+00 
2.67162E-02 2.29181E-01 3.47021E-01 4.31160E-01 4.35078E-01 5.01893E-01 5.54706E-01 3.47042E-01 2.29181E-01 2.67162E-02 6.97719E+00 
6.02473E-02 2.59697E-01 3.76541E-01 4.60084E-01 4.64329E-01 5.33513E-01 5.87419E-01 3.76565E-01 2.59697E-01 6.02473E-02 7.61010E+00 
9.51679E-02 2.91572E-01 4.07391E-01 4.90338E-01 4.94917E-01 5.66515E-01 6.21554E-01 4.07418E-01 2.91572E-01 9.51679E-02 8.25357E+00 
1.31410E-01 3.24740E-01 4.39506E-01 5.21859E-01 5.26777E-01 6.00834E-01 6.57042E-01 4.39536E-01 3.24740E-01 1.31410E-01 8.90358E+00 
1.68890E-01 3.59123E-01 4.72809E-01 5.54568E-01 5.59830E-01 6.36386E-01 6.93802E-01 4.72843E-01 3.59123E-01 1.68890E-01 9.55583E+00 
2.07514E-01 3.94630E-01 5.07209E-01 5.88374E-01 5.93985E-01 6.73076E-01 7.31738E-01 5.07246E-01 3.94630E-01 2.07514E-01 1.02059E+01 
2.47172E-01 4.31153E-01 5.42598E-01 6.23172E-01 6.29137E-01 7.10796E-01 7.70741E-01 5.42639E-01 4.31153E-01 2.47172E-01 1.08493E+01 
2.87742E-01 4.68574E-01 5.78861E-01 6.58843E-01 6.65165E-01 7.49423E-01 8.10687E-01 5.78905E-01 4.68574E-01 2.87742E-01 1.14815E+01 
3.29090E-01 5.06762E-01 6.15864E-01 6.95258E-01 7.01939E-01 7.88821E-01 8.51442E-01 6.15913E-01 5.06762E-01 3.29090E-01 1.20980E+01 
3.71070E-01 5.45576E-01 6.53469E-01 7.32274E-01 7.39317E-01 8.28845E-01 8.92857E-01 6.53521E-01 5.45576E-01 3.71070E-01 1.26945E+01 
4.13527E-01 5.84862E-01 6.91523E-01 7.69740E-01 7.77147E-01 8.69338E-01 9.34776E-01 6.91579E-01 5.84862E-01 4.13527E-01 1.32670E+01 
4.56298E-01 6.24461E-01 7.29867E-01 8.07497E-01 8.15268E-01 9.10135E-01 9.77033E-01 7.29927E-01 6.24461E-01 4.56298E-01 1.38115E+01 
4.99213E-01 6.64205E-01 7.68333E-01 8.45377E-01 8.53513E-01 9.51066E-01 1.01946E+00 7.68399E-01 6.64205E-01 4.99213E-01 1.43246E+01 
4.24023E-03 4.17328E-02 1.03518E-01 1.89567E-01 1.91045E-01 2.42146E-01 2.87399E-01 1.03516E-01 4.17328E-02 4.24023E-03 8.32773E-01 
4.24023E-03 4.17328E-02 1.15958E-01 2.01522E-01 2.03286E-01 2.56371E-01 3.02407E-01 1.15957E-01 4.17328E-02 4.24023E-03 1.20221E+00 
4.24023E-03 6.13586E-03 1.29223E-01 2.14309E-01 2.16362E-01 2.71447E-01 3.18282E-01 1.29224E-01 6.13586E-03 4.24023E-03 1.58283E+00 
4.24023E-03 2.10462E-02 1.43336E-01 2.27950E-01 2.30293E-01 2.87397E-01 3.35052E-01 1.43339E-01 2.10462E-02 4.24023E-03 1.96929E+00 
4.24023E-03 3.69315E-02 1.58402E-01 2.42544E-01 2.45183E-01 3.04347E-01 3.52852E-01 1.58407E-01 3.69315E-02 4.24023E-03 2.37862E+00 
4.24023E-03 5.38027E-02 1.74433E-01 2.58103E-01 2.61044E-01 3.22309E-01 3.71692E-01 1.74440E-01 5.38027E-02 4.24023E-03 2.80991E+00 
4.24023E-03 7.16683E-02 1.91437E-01 2.74636E-01 2.77885E-01 3.41289E-01 3.91578E-01 1.91447E-01 7.16683E-02 4.24023E-03 3.26203E+00 
4.24023E-03 8.61766E-02 2.05265E-01 2.88100E-01 2.91590E-01 3.56674E-01 4.07685E-01 2.05276E-01 8.61766E-02 4.24023E-03 3.62525E+00 
4.24023E-03 9.05316E-02 2.09419E-01 2.92147E-01 2.95708E-01 3.61288E-01 4.12514E-01 2.09430E-01 9.05316E-02 4.24023E-03 3.73355E+00 
4.24023E-03 1.11987E-01 2.29900E-01 3.12123E-01 3.16026E-01 3.83991E-01 4.36258E-01 2.29914E-01 1.11987E-01 4.24023E-03 4.26174E+00 
4.24023E-03 1.34591E-01 2.51506E-01 3.33226E-01 3.37475E-01 4.07864E-01 4.61208E-01 2.51523E-01 1.34591E-01 4.24023E-03 4.80808E+00 
4.24023E-03 1.58327E-01 2.74222E-01 3.55441E-01 3.60041E-01 4.32888E-01 4.87342E-01 2.74242E-01 1.58327E-01 4.24023E-03 5.36983E+00 
4.24023E-03 1.83170E-01 2.98021E-01 3.78741E-01 3.83696E-01 4.59034E-01 5.14633E-01 2.98044E-01 1.83170E-01 4.24023E-03 5.94394E+00 
2.39243E-02 2.09055E-01 3.22849E-01 4.03075E-01 4.08385E-01 4.86216E-01 5.42982E-01 3.22875E-01 2.09055E-01 2.39243E-02 6.48064E+00 
5.37792E-02 2.36003E-01 3.48713E-01 4.28445E-01 4.34114E-01 5.14476E-01 5.72449E-01 3.48742E-01 2.36003E-01 5.37792E-02 7.01465E+00 
8.46763E-02 2.63965E-01 3.75561E-01 4.54798E-01 4.60831E-01 5.43765E-01 6.02987E-01 3.75594E-01 2.63965E-01 8.46763E-02 7.55222E+00 
1.16541E-01 2.92869E-01 4.03324E-01 4.82064E-01 4.88465E-01 5.74009E-01 6.34521E-01 4.03361E-01 2.92869E-01 1.16541E-01 8.08971E+00 
1.49286E-01 3.22634E-01 4.31919E-01 5.10159E-01 5.16934E-01 6.05121E-01 6.66964E-01 4.31959E-01 3.22634E-01 1.49286E-01 8.62338E+00 
1.82816E-01 3.53164E-01 4.61253E-01 5.38993E-01 5.46143E-01 6.37003E-01 7.00218E-01 4.61298E-01 3.53164E-01 1.82816E-01 9.14943E+00 
2.17022E-01 3.84358E-01 4.91223E-01 5.68461E-01 5.75990E-01 6.69548E-01 7.34174E-01 4.91272E-01 3.84358E-01 2.17022E-01 9.66409E+00 
2.51789E-01 4.16100E-01 5.21718E-01 5.98450E-01 6.06359E-01 7.02636E-01 7.68713E-01 5.21771E-01 4.16100E-01 2.51789E-01 1.01636E+01 
2.86990E-01 4.48269E-01 5.52614E-01 6.28840E-01 6.37130E-01 7.36142E-01 8.03707E-01 5.52672E-01 4.48269E-01 2.86990E-01 1.06445E+01 
3.22494E-01 4.80735E-01 5.83784E-01 6.59500E-01 6.68172E-01 7.69930E-01 8.39020E-01 5.83847E-01 4.80735E-01 3.22494E-01 1.11034E+01 
3.58159E-01 5.13363E-01 6.15093E-01 6.90296E-01 6.99349E-01 8.03860E-01 8.74510E-01 6.15161E-01 5.13363E-01 3.58159E-01 1.15371E+01 
3.93843E-01 5.46010E-01 6.46400E-01 7.21086E-01 7.30519E-01 8.37784E-01 9.10030E-01 6.46473E-01 5.46010E-01 3.93843E-01 1.19429E+01 
4.29399E-01 5.78533E-01 6.77562E-01 7.51727E-01 7.61539E-01 8.71555E-01 9.45428E-01 6.77640E-01 5.78533E-01 4.29399E-01 1.23182E+01 
3.78768E-03 3.90113E-02 1.01144E-01 1.83048E-01 1.85771E-01 2.47171E-01 2.95281E-01 1.01141E-01 3.90113E-02 3.78768E-03 9.89276E-01 
3.78768E-03 3.90113E-02 1.12854E-01 1.94372E-01 1.97418E-01 2.60984E-01 3.09967E-01 1.12853E-01 3.90113E-02 3.78768E-03 1.33733E+00 
3.78768E-03 5.78408E-03 1.25253E-01 2.06391E-01 2.09761E-01 2.75503E-01 3.25380E-01 1.25255E-01 5.78408E-03 3.78768E-03 1.69210E+00 
3.78768E-03 1.97668E-02 1.38358E-01 2.19119E-01 2.22814E-01 2.90747E-01 3.41541E-01 1.38362E-01 1.97668E-02 3.78768E-03 2.04849E+00 
3.78768E-03 3.45597E-02 1.52251E-01 2.32633E-01 2.36660E-01 3.06824E-01 3.58566E-01 1.52257E-01 3.45597E-02 3.78768E-03 2.42242E+00 
3.78768E-03 5.01643E-02 1.66933E-01 2.46937E-01 2.51299E-01 3.23733E-01 3.76455E-01 1.66941E-01 5.01643E-02 3.78768E-03 2.81275E+00 
3.78768E-03 6.65797E-02 1.82404E-01 2.62029E-01 2.66732E-01 3.41470E-01 3.95206E-01 1.82415E-01 6.65797E-02 3.78768E-03 3.21818E+00 
3.78768E-03 7.98339E-02 1.94913E-01 2.74244E-01 2.79214E-01 3.55758E-01 4.10301E-01 1.94926E-01 7.98339E-02 3.78768E-03 3.54126E+00 
3.78768E-03 8.37998E-02 1.98658E-01 2.77904E-01 2.82952E-01 3.60028E-01 4.14810E-01 1.98673E-01 8.37998E-02 3.78768E-03 3.63715E+00 
3.78768E-03 1.03257E-01 2.17051E-01 2.95886E-01 3.01311E-01 3.80942E-01 4.36889E-01 2.17068E-01 1.03257E-01 3.78768E-03 4.10207E+00 
3.78768E-03 1.23618E-01 2.36323E-01 3.14749E-01 3.20553E-01 4.02772E-01 4.59922E-01 2.36344E-01 1.23618E-01 3.78768E-03 4.57827E+00 
3.78768E-03 1.44856E-01 2.56449E-01 3.34465E-01 3.40652E-01 4.25489E-01 4.83879E-01 2.56473E-01 1.44856E-01 3.78768E-03 5.06311E+00 
3.78768E-03 1.66937E-01 2.77395E-01 3.55000E-01 3.61573E-01 4.49054E-01 5.08722E-01 2.77424E-01 1.66937E-01 3.78768E-03 5.55375E+00 
2.13242E-02 1.89811E-01 2.99122E-01 3.76318E-01 3.83274E-01 4.73392E-01 5.34360E-01 2.99154E-01 1.89811E-01 2.13242E-02 6.00552E+00 
4.77789E-02 2.13467E-01 3.21603E-01 3.98388E-01 4.05730E-01 4.98514E-01 5.60826E-01 3.21640E-01 2.13467E-01 4.77789E-02 6.44985E+00 
7.49818E-02 2.37846E-01 3.44779E-01 4.21146E-01 4.28879E-01 5.24364E-01 5.88065E-01 3.44819E-01 2.37846E-01 7.49818E-02 6.89237E+00 
1.02856E-01 2.62874E-01 3.68575E-01 4.44521E-01 4.52647E-01 5.50862E-01 6.15997E-01 3.68620E-01 2.62874E-01 1.02856E-01 7.32992E+00 
1.31314E-01 2.88468E-01 3.92910E-01 4.68430E-01 4.76951E-01 5.77922E-01 6.44534E-01 3.92960E-01 2.88468E-01 1.31314E-01 7.75932E+00 
1.60264E-01 3.14540E-01 4.17696E-01 4.92784E-01 5.01702E-01 6.05447E-01 6.73579E-01 4.17750E-01 3.14540E-01 1.60264E-01 8.17741E+00 
1.89604E-01 3.40989E-01 4.42834E-01 5.17486E-01 5.26800E-01 6.33335E-01 7.03029E-01 4.42893E-01 3.40989E-01 1.89604E-01 8.58112E+00 
2.19224E-01 3.67711E-01 4.68221E-01 5.42430E-01 5.52141E-01 6.61475E-01 7.32771E-01 4.68286E-01 3.67711E-01 2.19224E-01 8.96752E+00 
2.49012E-01 3.94597E-01 4.93748E-01 5.67507E-01 5.77613E-01 6.89750E-01 7.62688E-01 4.93818E-01 3.94597E-01 2.49012E-01 9.33387E+00 
2.78849E-01 4.21529E-01 5.19300E-01 5.92603E-01 6.03102E-01 7.18041E-01 7.92658E-01 5.19376E-01 4.21529E-01 2.78849E-01 9.67765E+00 
3.08613E-01 4.48390E-01 5.44760E-01 6.17599E-01 6.28488E-01 7.46223E-01 8.22553E-01 5.44842E-01 4.48390E-01 3.08613E-01 9.99660E+00 
3.38180E-01 4.75059E-01 5.70008E-01 6.42375E-01 6.53650E-01 7.74169E-01 8.52246E-01 5.70096E-01 4.75059E-01 3.38180E-01 1.02888E+01 
3.67427E-01 5.01414E-01 5.94925E-01 6.66811E-01 6.78468E-01 8.01752E-01 8.81607E-01 5.95018E-01 5.01414E-01 3.67427E-01 1.05525E+01 
3.36615E-03 3.62727E-02 9.83776E-02 1.77174E-01 1.81457E-01 2.54679E-01 3.05661E-01 9.83738E-02 3.62727E-02 3.36615E-03 1.14479E+00 
3.36615E-03 3.62727E-02 1.09317E-01 1.87812E-01 1.92453E-01 2.68006E-01 3.19980E-01 1.09316E-01 3.62727E-02 3.36615E-03 1.46899E+00 
3.36615E-03 5.42290E-03 1.20822E-01 1.99017E-01 2.04016E-01 2.81907E-01 3.34895E-01 1.20824E-01 5.42290E-03 3.36615E-03 1.79589E+00 
3.36615E-03 1.84653E-02 1.32902E-01 2.10799E-01 2.16156E-01 2.96393E-01 3.50420E-01 1.32907E-01 1.84653E-02 3.36615E-03 2.12073E+00 
3.36615E-03 3.21674E-02 1.45619E-01 2.23215E-01 2.28935E-01 3.11554E-01 3.66656E-01 1.45627E-01 3.21674E-02 3.36615E-03 2.45834E+00 
3.36615E-03 4.65233E-02 1.58967E-01 2.36260E-01 2.42347E-01 3.27383E-01 3.83596E-01 1.58978E-01 4.65233E-02 3.36615E-03 2.80747E+00 
3.36615E-03 6.15248E-02 1.72939E-01 2.49926E-01 2.56383E-01 3.43867E-01 4.01228E-01 1.72953E-01 6.15248E-02 3.36615E-03 3.16674E+00 
3.36615E-03 7.35672E-02 1.84169E-01 2.60919E-01 2.67665E-01 3.57062E-01 4.15336E-01 1.84186E-01 7.35672E-02 3.36615E-03 3.45068E+00 
3.36615E-03 7.71588E-02 1.87521E-01 2.64201E-01 2.71032E-01 3.60991E-01 4.19536E-01 1.87539E-01 7.71588E-02 3.36615E-03 3.53456E+00 
3.36615E-03 9.47055E-02 2.03910E-01 2.80255E-01 2.87492E-01 3.80149E-01 4.40011E-01 2.03932E-01 9.47055E-02 3.36615E-03 3.93878E+00 
3.36615E-03 1.12941E-01 2.20964E-01 2.96972E-01 3.04616E-01 3.99997E-01 4.61217E-01 2.20990E-01 1.12941E-01 3.36615E-03 4.34863E+00 
3.36615E-03 1.31833E-01 2.38652E-01 3.14318E-01 3.22372E-01 4.20498E-01 4.83117E-01 2.38682E-01 1.31833E-01 3.36615E-03 4.76166E+00 
3.36615E-03 1.51342E-01 2.56934E-01 3.32255E-01 3.40719E-01 4.41609E-01 5.05666E-01 2.56969E-01 1.51342E-01 3.36615E-03 5.17532E+00 
1.89092E-02 1.71429E-01 2.75783E-01 3.50757E-01 3.59626E-01 4.63260E-01 5.28780E-01 2.75823E-01 1.71429E-01 1.89092E-02 5.54980E+00 
4.22286E-02 1.92060E-01 2.95151E-01 3.69771E-01 3.79046E-01 4.85445E-01 5.52474E-01 2.95196E-01 1.92060E-01 4.22286E-02 5.91343E+00 
6.60514E-02 2.13173E-01 3.14972E-01 3.89229E-01 3.98913E-01 5.08102E-01 5.76686E-01 3.15021E-01 2.13173E-01 6.60514E-02 6.27135E+00 
9.03014E-02 2.34695E-01 3.35174E-01 4.09061E-01 4.19154E-01 5.31151E-01 6.01339E-01 3.35229E-01 2.34695E-01 9.03014E-02 6.62090E+00 
1.14896E-01 2.56546E-01 3.55680E-01 4.29188E-01 4.39689E-01 5.54509E-01 6.26346E-01 3.55740E-01 2.56546E-01 1.14896E-01 6.95945E+00 
1.39748E-01 2.78644E-01 3.76406E-01 4.49526E-01 4.60435E-01 5.78085E-01 6.51615E-01 3.76473E-01 2.78644E-01 1.39748E-01 7.28448E+00 
1.64764E-01 3.00897E-01 3.97265E-01 4.69987E-01 4.81301E-01 6.01783E-01 6.77049E-01 3.97337E-01 3.00897E-01 1.64764E-01 7.59357E+00 
1.89845E-01 3.23212E-01 4.18163E-01 4.90476E-01 5.02192E-01 6.25502E-01 7.02544E-01 4.18241E-01 3.23212E-01 1.89845E-01 7.88450E+00 
2.14891E-01 3.45491E-01 4.39004E-01 5.10897E-01 5.23012E-01 6.49140E-01 7.27996E-01 4.39088E-01 3.45491E-01 2.14891E-01 8.15525E+00 
2.39801E-01 3.67634E-01 4.59689E-01 5.31152E-01 5.43659E-01 6.72589E-01 7.53296E-01 4.59781E-01 3.67634E-01 2.39801E-01 8.40403E+00 
2.64468E-01 3.89541E-01 4.80120E-01 5.51139E-01 5.64034E-01 6.95744E-01 7.78335E-01 4.80218E-01 3.89541E-01 2.64468E-01 8.62932E+00 
2.88791E-01 4.11110E-01 5.00198E-01 5.70760E-01 5.84034E-01 7.18498E-01 8.03002E-01 5.00302E-01 4.11110E-01 2.88791E-01 8.82988E+00 
3.12666E-01 4.32242E-01 5.19823E-01 5.89915E-01 6.03562E-01 7.40744E-01 8.27190E-01 5.19934E-01 4.32242E-01 3.12666E-01 9.00475E+00 
2.97491E-03 3.35184E-02 9.51598E-02 1.71832E-01 1.78026E-01 2.64612E-01 3.18575E-01 9.51551E-02 3.35184E-02 2.97491E-03 1.29409E+00 
2.97491E-03 3.35184E-02 1.05292E-01 1.81728E-01 1.88309E-01 2.77368E-01 3.32474E-01 1.05290E-01 3.35184E-02 2.97491E-03 1.59214E+00 
2.97491E-03 5.05226E-03 1.15876E-01 1.92074E-01 1.99042E-01 2.90573E-01 3.46846E-01 1.15878E-01 5.05226E-03 2.97491E-03 1.88943E+00 
2.97491E-03 1.71419E-02 1.26917E-01 2.02876E-01 2.10230E-01 3.04234E-01 3.61701E-01 1.26923E-01 1.71419E-02 2.97491E-03 2.18156E+00 
2.97491E-03 2.97556E-02 1.38460E-01 2.14175E-01 2.21917E-01 3.18426E-01 3.77128E-01 1.38470E-01 2.97556E-02 2.97491E-03 2.48230E+00 
2.97491E-03 4.28820E-02 1.50493E-01 2.25959E-01 2.34093E-01 3.33135E-01 3.93111E-01 1.50506E-01 4.28820E-02 2.97491E-03 2.79039E+00 
2.97491E-03 5.65074E-02 1.63002E-01 2.38215E-01 2.46743E-01 3.48344E-01 4.09633E-01 1.63020E-01 5.65074E-02 2.97491E-03 3.10442E+00 
2.97491E-03 6.73815E-02 1.72998E-01 2.48012E-01 2.56845E-01 3.60440E-01 4.22773E-01 1.73019E-01 6.73815E-02 2.97491E-03 3.35052E+00 
2.97491E-03 7.06141E-02 1.75972E-01 2.50927E-01 2.59849E-01 3.64030E-01 4.26672E-01 1.75994E-01 7.06141E-02 2.97491E-03 3.42287E+00 
2.97491E-03 8.63398E-02 1.90448E-01 2.65118E-01 2.74468E-01 3.81451E-01 4.45595E-01 1.90475E-01 8.63398E-02 2.97491E-03 3.76935E+00 
2.97491E-03 1.02569E-01 2.05405E-01 2.79784E-01 2.89562E-01 3.99362E-01 4.65053E-01 2.05438E-01 1.02569E-01 2.97491E-03 4.11697E+00 
2.97491E-03 1.19267E-01 2.20809E-01 2.94889E-01 3.05093E-01 4.17723E-01 4.85004E-01 2.20846E-01 1.19267E-01 2.97491E-03 4.46355E+00 
2.97491E-03 1.36390E-01 2.36617E-01 3.10391E-01 3.21020E-01 4.36488E-01 5.05401E-01 2.36660E-01 1.36390E-01 2.97491E-03 4.80685E+00 
1.66741E-02 1.53909E-01 2.52813E-01 3.26275E-01 3.37321E-01 4.55594E-01 5.26161E-01 2.52862E-01 1.53909E-01 1.66741E-02 5.11164E+00 
3.71143E-02 1.71778E-01 2.69334E-01 3.42472E-01 3.53934E-01 4.75022E-01 5.47291E-01 2.69388E-01 1.71778E-01 3.71143E-02 5.40338E+00 
5.78580E-02 1.89932E-01 2.86113E-01 3.58916E-01 3.70793E-01 4.94708E-01 5.68728E-01 2.86173E-01 1.89932E-01 5.78580E-02 5.68679E+00 
7.88331E-02 2.08303E-01 3.03083E-01 3.75538E-01 3.87828E-01 5.14577E-01 5.90397E-01 3.03150E-01 2.08303E-01 7.88331E-02 5.95969E+00 
9.99632E-02 2.26818E-01 3.20172E-01 3.92267E-01 4.04967E-01 5.34550E-01 6.12216E-01 3.20246E-01 2.26818E-01 9.99632E-02 6.22000E+00 
1.21168E-01 2.45401E-01 3.37307E-01 4.09027E-01 4.22133E-01 5.54543E-01 6.34098E-01 3.37387E-01 2.45401E-01 1.21168E-01 6.46576E+00 
1.42364E-01 2.63971E-01 3.54407E-01 4.25738E-01 4.39245E-01 5.74469E-01 6.55955E-01 3.54495E-01 2.63971E-01 1.42364E-01 6.69517E+00 
1.63467E-01 2.82446E-01 3.71393E-01 4.42320E-01 4.56220E-01 5.94239E-01 6.77695E-01 3.71488E-01 2.82446E-01 1.63467E-01 6.90662E+00 
1.84388E-01 3.00742E-01 3.88183E-01 4.58689E-01 4.72976E-01 6.13764E-01 6.99225E-01 3.88285E-01 3.00742E-01 1.84388E-01 7.09870E+00 
2.05041E-01 3.18776E-01 4.04694E-01 4.74764E-01 4.89429E-01 6.32953E-01 7.20451E-01 4.04803E-01 3.18776E-01 2.05041E-01 7.27025E+00 
2.25339E-01 3.36463E-01 4.20844E-01 4.90460E-01 5.05494E-01 6.51715E-01 7.41280E-01 4.20961E-01 3.36463E-01 2.25339E-01 7.42033E+00 
2.45199E-01 3.53722E-01 4.36553E-01 5.05698E-01 5.21090E-01 6.69964E-01 7.61620E-01 4.36678E-01 3.53722E-01 2.45199E-01 7.54828E+00 
2.64537E-01 3.70474E-01 4.51743E-01 5.20400E-01 5.36139E-01 6.87612E-01 7.81381E-01 4.51877E-01 3.70474E-01 2.64537E-01 7.65366E+00 
2.61352E-03 3.07571E-02 9.14392E-02 1.66895E-01 1.75371E-01 2.76808E-01 3.34023E-01 9.14336E-02 3.07571E-02 2.61352E-03 1.43113E+00 
2.61352E-03 3.07571E-02 1.00730E-01 1.75990E-01 1.84878E-01 2.88894E-01 3.47441E-01 1.00729E-01 3.07571E-02 2.61352E-03 1.70115E+00 
2.61352E-03 4.67320E-03 1.10373E-01 1.85433E-01 1.94728E-01 3.01314E-01 3.61218E-01 1.10376E-01 4.67320E-03 2.61352E-03 1.96752E+00 
2.61352E-03 1.58007E-02 1.20369E-01 1.95225E-01 2.04924E-01 3.14073E-01 3.75362E-01 1.20376E-01 1.58007E-02 2.61352E-03 2.22624E+00 
2.61352E-03 2.73321E-02 1.30746E-01 2.05391E-01 2.15495E-01 3.27232E-01 3.89949E-01 1.30758E-01 2.73321E-02 2.61352E-03 2.49008E+00 
2.61352E-03 3.92520E-02 1.41489E-01 2.15916E-01 2.26426E-01 3.40772E-01 4.04961E-01 1.41506E-01 3.92520E-02 2.61352E-03 2.75777E+00 
2.61352E-03 5.15436E-02 1.52583E-01 2.26783E-01 2.37700E-01 3.54672E-01 4.20375E-01 1.52605E-01 5.15436E-02 2.61352E-03 3.02801E+00 
2.61352E-03 6.12963E-02 1.61395E-01 2.35414E-01 2.46645E-01 3.65658E-01 4.32562E-01 1.61421E-01 6.12963E-02 2.61352E-03 3.23795E+00 
2.61352E-03 6.41861E-02 1.64007E-01 2.37973E-01 2.49296E-01 3.68906E-01 4.36166E-01 1.64035E-01 6.41861E-02 2.61352E-03 3.29937E+00 
2.61352E-03 7.81842E-02 1.76670E-01 2.50373E-01 2.62132E-01 3.84598E-01 4.53581E-01 1.76704E-01 7.81842E-02 2.61352E-03 3.59155E+00 
2.61352E-03 9.25299E-02 1.89660E-01 2.63088E-01 2.75281E-01 4.00608E-01 4.71360E-01 1.89699E-01 9.25299E-02 2.61352E-03 3.88148E+00 
2.61352E-03 1.07186E-01 2.02939E-01 2.76082E-01 2.88706E-01 4.16893E-01 4.89460E-01 2.02985E-01 1.07186E-01 2.61352E-03 4.16725E+00 
2.61352E-03 1.22112E-01 2.16469E-01 2.89315E-01 3.02365E-01 4.33407E-01 5.07831E-01 2.16522E-01 1.22112E-01 2.61352E-03 4.44697E+00 
1.46160E-02 1.37283E-01 2.30239E-01 3.02778E-01 3.16244E-01 4.50095E-01 5.26394E-01 2.30300E-01 1.37283E-01 1.46160E-02 4.68969E+00 
3.24258E-02 1.52646E-01 2.44180E-01 3.16395E-01 3.30273E-01 4.66928E-01 5.45150E-01 2.44247E-01 1.52646E-01 3.24258E-02 4.91820E+00 
5.03804E-02 1.68141E-01 2.58226E-01 3.30103E-01 3.44387E-01 4.83846E-01 5.64040E-01 2.58301E-01 1.68141E-01 5.03804E-02 5.13681E+00 
6.84134E-02 1.83703E-01 2.72318E-01 3.43837E-01 3.58523E-01 5.00778E-01 5.82992E-01 2.72400E-01 1.83703E-01 6.84134E-02 5.34385E+00 
8.64559E-02 1.99268E-01 2.86390E-01 3.57535E-01 3.72616E-01 5.17650E-01 6.01928E-01 2.86480E-01 1.99268E-01 8.64559E-02 5.53770E+00 
1.04437E-01 2.14768E-01 3.00377E-01 3.71130E-01 3.86599E-01 5.34389E-01 6.20773E-01 3.00475E-01 2.14768E-01 1.04437E-01 5.71694E+00 
1.22283E-01 2.30133E-01 3.14212E-01 3.84553E-01 4.00400E-01 5.50918E-01 6.39444E-01 3.14319E-01 2.30133E-01 1.22283E-01 5.88027E+00 
1.39922E-01 2.45294E-01 3.27827E-01 3.97736E-01 4.13952E-01 5.67159E-01 6.57863E-01 3.27942E-01 2.45294E-01 1.39922E-01 6.02661E+00 
1.57281E-01 2.60180E-01 3.41153E-01 4.10610E-01 4.27183E-01 5.83037E-01 6.75947E-01 3.41277E-01 2.60180E-01 1.57281E-01 6.15507E+00 
1.74287E-01 2.74723E-01 3.54124E-01 4.23107E-01 4.40026E-01 5.98476E-01 6.93617E-01 3.54256E-01 2.74723E-01 1.74287E-01 6.26497E+00 
1.90870E-01 2.88855E-01 3.66674E-01 4.35162E-01 4.52414E-01 6.13401E-01 7.10796E-01 3.66815E-01 2.88855E-01 1.90870E-01 6.35586E+00 
2.06964E-01 3.02511E-01 3.78740E-01 4.46711E-01 4.64281E-01 6.27742E-01 7.27406E-01 3.78890E-01 3.02511E-01 2.06964E-01 6.42748E+00 
2.22503E-01 3.15630E-01 3.90262E-01 4.57695E-01 4.75568E-01 6.41432E-01 7.43377E-01 3.90422E-01 3.15630E-01 2.22503E-01 6.47982E+00 
2.28174E-03 2.80060E-02 8.71771E-02 1.62211E-01 1.73346E-01 2.90980E-01 3.51958E-01 8.71707E-02 2.80060E-02 2.28174E-03 1.54953E+00 
2.28174E-03 2.80060E-02 9.56036E-02 1.70457E-01 1.82013E-01 3.02287E-01 3.64825E-01 9.56024E-02 2.80060E-02 2.28174E-03 1.79020E+00 
2.28174E-03 4.28814E-03 1.04293E-01 1.78958E-01 1.90929E-01 3.13826E-01 3.77950E-01 1.04297E-01 4.28814E-03 2.28174E-03 2.02495E+00 
2.28174E-03 1.44501E-02 1.13247E-01 1.87715E-01 2.00096E-01 3.25598E-01 3.91335E-01 1.13257E-01 1.44501E-02 2.28174E-03 2.25020E+00 
2.28174E-03 2.49118E-02 1.22478E-01 1.96740E-01 2.09530E-01 3.37654E-01 4.05050E-01 1.22494E-01 2.49118E-02 2.28174E-03 2.47770E+00 
2.28174E-03 3.56555E-02 1.31970E-01 2.06015E-01 2.19212E-01 3.49970E-01 4.19072E-01 1.31992E-01 3.56555E-02 2.28174E-03 2.70630E+00 
2.28174E-03 4.66623E-02 1.41706E-01 2.15521E-01 2.29125E-01 3.62524E-01 4.33374E-01 1.41734E-01 4.66623E-02 2.28174E-03 2.93477E+00 
2.28174E-03 5.53456E-02 1.49393E-01 2.23023E-01 2.36938E-01 3.72383E-01 4.44616E-01 1.49426E-01 5.53456E-02 2.28174E-03 3.11068E+00 
2.28174E-03 5.79104E-02 1.51664E-01 2.25239E-01 2.39245E-01 3.75288E-01 4.47930E-01 1.51699E-01 5.79104E-02 2.28174E-03 3.16187E+00 
2.28174E-03 7.02810E-02 1.62624E-01 2.35926E-01 2.50361E-01 3.89253E-01 4.63874E-01 1.62666E-01 7.02810E-02 2.28174E-03 3.40373E+00 
2.28174E-03 8.28707E-02 1.73784E-01 2.46798E-01 2.61657E-01 4.03389E-01 4.80035E-01 1.73834E-01 8.28707E-02 2.28174E-03 3.64091E+00 
2.28174E-03 9.56432E-02 1.85109E-01 2.57819E-01 2.73096E-01 4.17655E-01 4.96368E-01 1.85167E-01 9.56432E-02 2.28174E-03 3.87182E+00 
2.28174E-03 1.08559E-01 1.96561E-01 2.68950E-01 2.84638E-01 4.32005E-01 5.12827E-01 1.96627E-01 1.08559E-01 2.28174E-03 4.09492E+00 
1.27324E-02 1.21600E-01 2.08139E-01 2.80193E-01 2.96276E-01 4.46390E-01 5.29333E-01 2.08214E-01 1.21600E-01 1.27324E-02 4.28318E+00 
2.81547E-02 1.34712E-01 2.19768E-01 2.91466E-01 3.07937E-01 4.60778E-01 5.45887E-01 2.19851E-01 1.34712E-01 2.81547E-02 4.45689E+00 
4.35997E-02 1.47837E-01 2.31387E-01 3.02709E-01 3.19561E-01 4.75111E-01 5.62433E-01 2.31479E-01 1.47837E-01 4.35997E-02 4.62006E+00 
5.90080E-02 1.60919E-01 2.42944E-01 3.13868E-01 3.31091E-01 4.89326E-01 5.78903E-01 2.43045E-01 1.60919E-01 5.90080E-02 4.77141E+00 
7.43188E-02 1.73900E-01 2.54382E-01 3.24886E-01 3.42470E-01 5.03356E-01 5.95229E-01 2.54492E-01 1.73900E-01 7.43188E-02 4.90977E+00 
8.94707E-02 1.86723E-01 2.65646E-01 3.35706E-01 3.53641E-01 5.17137E-01 6.11341E-01 2.65766E-01 1.86723E-01 8.94707E-02 5.03414E+00 
1.04402E-01 1.99328E-01 2.76679E-01 3.46272E-01 3.64544E-01 5.30602E-01 6.27168E-01 2.76809E-01 1.99328E-01 1.04402E-01 5.14368E+00 
1.19051E-01 2.11658E-01 2.87426E-01 3.56527E-01 3.75122E-01 5.43687E-01 6.42640E-01 2.87565E-01 2.11658E-01 1.19051E-01 5.23772E+00 
1.33358E-01 2.23656E-01 2.97831E-01 3.66415E-01 3.85319E-01 5.56328E-01 6.57688E-01 2.97980E-01 2.23656E-01 1.33358E-01 5.31578E+00 
1.47265E-01 2.35266E-01 3.07841E-01 3.75883E-01 3.95080E-01 5.68463E-01 6.72245E-01 3.08001E-01 2.35266E-01 1.47265E-01 5.37756E+00 
1.60717E-01 2.46436E-01 3.17406E-01 3.84881E-01 4.04354E-01 5.80034E-01 6.86247E-01 3.17576E-01 2.46436E-01 1.60717E-01 5.42296E+00 
1.73662E-01 2.57116E-01 3.26478E-01 3.93360E-01 4.13091E-01 5.90985E-01 6.99633E-01 3.26658E-01 2.57116E-01 1.73662E-01 5.45205E+00 
1.86050E-01 2.67260E-01 3.35012E-01 4.01276E-01 4.21247E-01 6.01264E-01 7.12344E-01 3.35204E-01 2.67260E-01 1.86050E-01 5.46506E+00 
1.97955E-03 2.52918E-02 8.23577E-02 1.57617E-01 1.71757E-01 3.06706E-01 3.72270E-01 8.23506E-02 2.52918E-02 1.97955E-03 1.64316E+00 
1.97955E-03 2.52918E-02 8.99088E-02 1.64972E-01 1.79527E-01 3.17124E-01 3.84516E-01 8.99084E-02 2.52918E-02 1.97955E-03 1.85392E+00 
1.97955E-03 3.90115E-03 9.76487E-02 1.72505E-01 1.87467E-01 3.27684E-01 3.96927E-01 9.76552E-02 3.90115E-03 1.97955E-03 2.05711E+00 
1.97955E-03 1.31040E-02 1.05577E-01 1.80215E-01 1.95576E-01 3.38385E-01 4.09503E-01 1.05591E-01 1.31040E-02 1.97955E-03 2.24955E+00 
1.97955E-03 2.25185E-02 1.13697E-01 1.88102E-01 2.03859E-01 3.49267E-01 4.22309E-01 1.13718E-01 2.25185E-02 1.97955E-03 2.44205E+00 
1.97955E-03 3.21260E-02 1.21991E-01 1.96149E-01 2.12297E-01 3.60306E-01 4.35316E-01 1.22020E-01 3.21260E-02 1.97955E-03 2.63353E+00 
1.97955E-03 4.19070E-02 1.30441E-01 2.04336E-01 2.20871E-01 3.71477E-01 4.48500E-01 1.30477E-01 4.19070E-02 1.97955E-03 2.82294E+00 
1.97955E-03 4.95801E-02 1.37073E-01 2.10755E-01 2.27585E-01 3.80193E-01 4.58802E-01 1.37115E-01 4.95801E-02 1.97955E-03 2.96738E+00 
1.97955E-03 5.18393E-02 1.39026E-01 2.12643E-01 2.29559E-01 3.82752E-01 4.61829E-01 1.39070E-01 5.18393E-02 1.97955E-03 3.00919E+00 
1.97955E-03 6.26912E-02 1.48407E-01 2.21707E-01 2.39026E-01 3.94993E-01 4.76331E-01 1.48461E-01 6.26912E-02 1.97955E-03 3.20524E+00 
1.97955E-03 7.36595E-02 1.57890E-01 2.30853E-01 2.48566E-01 4.07284E-01 4.90924E-01 1.57953E-01 7.36595E-02 1.97955E-03 3.39504E+00 
1.97955E-03 8.47101E-02 1.67440E-01 2.40046E-01 2.58143E-01 4.19584E-01 5.05566E-01 1.67513E-01 8.47101E-02 1.97955E-03 3.57732E+00 
1.97955E-03 9.58064E-02 1.77024E-01 2.49252E-01 2.67721E-01 4.31850E-01 5.20211E-01 1.77106E-01 9.58064E-02 1.97955E-03 3.75086E+00 
1.10222E-02 1.06936E-01 1.86646E-01 2.58477E-01 2.77302E-01 4.44042E-01 5.34784E-01 1.86738E-01 1.06936E-01 1.10222E-02 3.89219E+00 
2.42947E-02 1.18045E-01 1.96230E-01 2.67641E-01 2.86810E-01 4.56125E-01 5.49286E-01 1.96333E-01 1.18045E-01 2.42947E-02 4.01933E+00 
3.75000E-02 1.29081E-01 2.05724E-01 2.76688E-01 2.96190E-01 4.68044E-01 5.63666E-01 2.05837E-01 1.29081E-01 3.75000E-02 4.13595E+00 
5.05861E-02 1.39996E-01 2.15080E-01 2.85572E-01 3.05393E-01 4.79744E-01 5.77862E-01 2.15205E-01 1.39996E-01 5.05861E-02 4.24114E+00 
6.35005E-02 1.50739E-01 2.24252E-01 2.94245E-01 3.14372E-01 4.91166E-01 5.91811E-01 2.24388E-01 1.50739E-01 6.35005E-02 4.33410E+00 
7.61914E-02 1.61263E-01 2.33194E-01 3.02660E-01 3.23077E-01 5.02256E-01 6.05453E-01 2.33341E-01 1.61263E-01 7.61914E-02 4.41418E+00 
8.86072E-02 1.71519E-01 2.41859E-01 3.10771E-01 3.31461E-01 5.12957E-01 6.18726E-01 2.42017E-01 1.71519E-01 8.86072E-02 4.48090E+00 
1.00698E-01 1.81459E-01 2.50203E-01 3.18532E-01 3.39479E-01 5.23216E-01 6.31569E-01 2.50373E-01 1.81459E-01 1.00698E-01 4.53391E+00 
1.12416E-01 1.91040E-01 2.58182E-01 3.25900E-01 3.47085E-01 5.32982E-01 6.43925E-01 2.58363E-01 1.91040E-01 1.12416E-01 4.57304E+00 
1.23715E-01 2.00217E-01 2.65756E-01 3.32835E-01 3.54239E-01 5.42205E-01 6.55739E-01 2.65949E-01 2.00217E-01 1.23715E-01 4.59828E+00 
1.34553E-01 2.08950E-01 2.72887E-01 3.39298E-01 3.60901E-01 5.50840E-01 6.66957E-01 2.73092E-01 2.08950E-01 1.34553E-01 4.60977E+00 
1.44890E-01 2.17203E-01 2.79541E-01 3.45256E-01 3.67037E-01 5.58845E-01 6.77531E-01 2.79758E-01 2.17203E-01 1.44890E-01 4.60779E+00 
1.54692E-01 2.24943E-01 2.85685E-01 3.50677E-01 3.72614E-01 5.66183E-01 6.87417E-01 2.85914E-01 2.24943E-01 1.54692E-01 4.59274E+00 
1.70647E-03 2.26450E-02 7.69864E-02 1.52933E-01 1.70366E-01 3.23469E-01 3.94826E-01 7.69796E-02 2.26450E-02 1.70647E-03 1.70703E+00 
1.70647E-03 2.26450E-02 8.36683E-02 1.59370E-01 1.77193E-01 3.32893E-01 4.06375E-01 8.36699E-02 2.26450E-02 1.70647E-03 1.88815E+00 
1.70647E-03 3.51720E-03 9.04785E-02 1.65922E-01 1.84124E-01 3.42381E-01 4.18007E-01 9.04888E-02 3.51720E-03 1.70647E-03 2.06064E+00 
1.70647E-03 1.17788E-02 9.74165E-02 1.72587E-01 1.91157E-01 3.51933E-01 4.29723E-01 9.74356E-02 1.17788E-02 1.70647E-03 2.22173E+00 
1.70647E-03 2.01798E-02 1.04476E-01 1.79356E-01 1.98287E-01 3.61578E-01 4.41577E-01 1.04504E-01 2.01798E-02 1.70647E-03 2.38124E+00 
1.70647E-03 2.87017E-02 1.11640E-01 1.86210E-01 2.05497E-01 3.71290E-01 4.53544E-01 1.11677E-01 2.87017E-02 1.70647E-03 2.53826E+00 
1.70647E-03 3.73250E-02 1.18890E-01 1.93133E-01 2.12766E-01 3.81046E-01 4.65595E-01 1.18937E-01 3.73250E-02 1.70647E-03 2.69189E+00 
1.70647E-03 4.40536E-02 1.24546E-01 1.98523E-01 2.18418E-01 3.88608E-01 4.74958E-01 1.24602E-01 4.40536E-02 1.70647E-03 2.80785E+00 
1.70647E-03 4.60286E-02 1.26207E-01 2.00103E-01 2.20074E-01 3.90819E-01 4.77700E-01 1.26264E-01 4.60286E-02 1.70647E-03 2.84121E+00 
1.70647E-03 5.54774E-02 1.34147E-01 2.07647E-01 2.27971E-01 4.01343E-01 4.90779E-01 1.34216E-01 5.54774E-02 1.70647E-03 2.99637E+00 
1.70647E-03 6.49636E-02 1.42113E-01 2.15193E-01 2.35857E-01 4.11818E-01 5.03845E-01 1.42193E-01 6.49636E-02 1.70647E-03 3.14445E+00 
1.70647E-03 7.44561E-02 1.50075E-01 2.22711E-01 2.43701E-01 4.22205E-01 5.16856E-01 1.50167E-01 7.44561E-02 1.70647E-03 3.28444E+00 
1.70647E-03 8.39219E-02 1.58002E-01 2.30169E-01 2.51471E-01 4.32467E-01 5.29768E-01 1.58106E-01 8.39219E-02 1.70647E-03 3.41542E+00 
9.48172E-03 9.33535E-02 1.65904E-01 2.37581E-01 2.59175E-01 4.42571E-01 5.42511E-01 1.66020E-01 9.33535E-02 9.48172E-03 3.51715E+00 
2.08337E-02 1.02699E-01 1.73708E-01 2.44867E-01 2.66738E-01 4.52479E-01 5.55086E-01 1.73836E-01 1.02699E-01 2.08337E-02 3.60552E+00 
3.20558E-02 1.11912E-01 1.81367E-01 2.51978E-01 2.74111E-01 4.62142E-01 5.67447E-01 1.81508E-01 1.11912E-01 3.20558E-02 3.68389E+00 
4.31033E-02 1.20952E-01 1.88842E-01 2.58875E-01 2.81252E-01 4.71511E-01 5.79539E-01 1.88995E-01 1.20952E-01 4.31033E-02 3.75165E+00 
5.39321E-02 1.29777E-01 1.96094E-01 2.65519E-01 2.88123E-01 4.80538E-01 5.91305E-01 1.96260E-01 1.29777E-01 5.39321E-02 3.80830E+00 
6.44990E-02 1.38348E-01 2.03085E-01 2.71872E-01 2.94684E-01 4.89176E-01 6.02692E-01 2.03265E-01 1.38348E-01 6.44990E-02 3.85348E+00 
7.47621E-02 1.46624E-01 2.09779E-01 2.77896E-01 3.00897E-01 4.97378E-01 6.13647E-01 2.09973E-01 1.46624E-01 7.47621E-02 3.88696E+00 
8.46815E-02 1.54570E-01 2.16142E-01 2.83559E-01 3.06727E-01 5.05102E-01 6.24119E-01 2.16349E-01 1.54570E-01 8.46815E-02 3.90865E+00 
9.42195E-02 1.62149E-01 2.22140E-01 2.88826E-01 3.12140E-01 5.12307E-01 6.34059E-01 2.22360E-01 1.62149E-01 9.42195E-02 3.91859E+00 
1.03341E-01 1.69331E-01 2.27743E-01 2.93668E-01 3.17106E-01 5.18956E-01 6.43423E-01 2.27977E-01 1.69331E-01 1.03341E-01 3.91698E+00 
1.12015E-01 1.76084E-01 2.32925E-01 2.98058E-01 3.21597E-01 5.25014E-01 6.52168E-01 2.33172E-01 1.76084E-01 1.12015E-01 3.90410E+00 
1.20213E-01 1.82382E-01 2.37660E-01 3.01973E-01 3.25590E-01 5.30451E-01 6.60256E-01 2.37921E-01 1.82382E-01 1.20213E-01 3.88037E+00 
1.27910E-01 1.88205E-01 2.41930E-01 3.05393E-01 3.29064E-01 5.35242E-01 6.67654E-01 2.42203E-01 1.88205E-01 1.27910E-01 3.84629E+00 
1.46337E-03 2.01163E-02 7.11391E-02 1.48009E-01 1.68908E-01 3.40569E-01 4.19283E-01 7.11342E-02 2.01163E-02 1.46337E-03 1.73770E+00 
1.46337E-03 2.01163E-02 7.69821E-02 1.53527E-01 1.74767E-01 3.48912E-01 4.30065E-01 7.69878E-02 2.01163E-02 1.46337E-03 1.89051E+00 
1.46337E-03 3.14456E-03 8.29066E-02 1.59111E-01 1.80678E-01 3.57257E-01 4.40859E-01 8.29232E-02 3.14456E-03 1.46337E-03 2.03416E+00 
1.46337E-03 1.05016E-02 8.89114E-02 1.64757E-01 1.86639E-01 3.65601E-01 4.51664E-01 8.89391E-02 1.05016E-02 1.46337E-03 2.16626E+00 
1.46337E-03 1.79412E-02 9.49837E-02 1.70450E-01 1.92636E-01 3.73964E-01 4.62531E-01 9.50228E-02 1.79412E-02 1.46337E-03 2.29570E+00 
1.46337E-03 2.54453E-02 1.01107E-01 1.76172E-01 1.98653E-01 3.82322E-01 4.73432E-01 1.01158E-01 2.54453E-02 1.46337E-03 2.42171E+00 
1.46337E-03 3.29957E-02 1.07265E-01 1.81906E-01 2.04672E-01 3.90651E-01 4.84339E-01 1.07328E-01 3.29957E-02 1.46337E-03 2.54353E+00 
1.46337E-03 3.88569E-02 1.12042E-01 1.86340E-01 2.09317E-01 3.97060E-01 4.92763E-01 1.12115E-01 3.88569E-02 1.46337E-03 2.63444E+00 
1.46337E-03 4.05723E-02 1.13440E-01 1.87634E-01 2.10672E-01 3.98927E-01 4.95222E-01 1.13515E-01 4.05723E-02 1.46337E-03 2.66042E+00 
1.46337E-03 4.87475E-02 1.20093E-01 1.93781E-01 2.17097E-01 4.07759E-01 5.06897E-01 1.20182E-01 4.87475E-02 1.46337E-03 2.78013E+00 
1.46337E-03 5.69021E-02 1.26719E-01 1.99873E-01 2.23451E-01 4.16464E-01 5.18470E-01 1.26822E-01 5.69021E-02 1.46337E-03 2.89248E+00 
1.46337E-03 6.50084E-02 1.33291E-01 2.05884E-01 2.29707E-01 4.25009E-01 5.29903E-01 1.33408E-01 6.50084E-02 1.46337E-03 2.99672E+00 
1.46337E-03 7.30374E-02 1.39782E-01 2.11785E-01 2.35836E-01 4.33358E-01 5.41154E-01 1.39914E-01 7.30374E-02 1.46337E-03 3.09216E+00 
8.11447E-03 8.09848E-02 1.46206E-01 2.17597E-01 2.41853E-01 4.41488E-01 5.52157E-01 1.46352E-01 8.09848E-02 8.11447E-03 3.16144E+00 
1.77757E-02 8.88027E-02 1.52493E-01 2.23242E-01 2.47684E-01 4.49359E-01 5.62914E-01 1.52654E-01 8.88027E-02 1.77757E-02 3.21849E+00 
2.72668E-02 9.64516E-02 1.58604E-01 2.28677E-01 2.53287E-01 4.56927E-01 5.73384E-01 1.58779E-01 9.64516E-02 2.72668E-02 3.26638E+00 
3.65502E-02 1.03897E-01 1.64505E-01 2.33869E-01 2.58627E-01 4.64151E-01 5.83516E-01 1.64696E-01 1.03897E-01 3.65502E-02 3.30473E+00 
4.55892E-02 1.11105E-01 1.70166E-01 2.38789E-01 2.63673E-01 4.70988E-01 5.93262E-01 1.70372E-01 1.11105E-01 4.55892E-02 3.33328E+00 
5.43486E-02 1.18042E-01 1.75556E-01 2.43406E-01 2.68395E-01 4.77402E-01 6.02574E-01 1.75778E-01 1.18042E-01 5.43486E-02 3.35186E+00 
6.27948E-02 1.24679E-01 1.80648E-01 2.47692E-01 2.72763E-01 4.83355E-01 6.11407E-01 1.80885E-01 1.24679E-01 6.27948E-02 3.36045E+00 
7.08966E-02 1.30987E-01 1.85415E-01 2.51621E-01 2.76751E-01 4.88813E-01 6.19718E-01 1.85668E-01 1.30987E-01 7.08966E-02 3.35913E+00 
7.86252E-02 1.36938E-01 1.89833E-01 2.55170E-01 2.80335E-01 4.93745E-01 6.27468E-01 1.90101E-01 1.36938E-01 7.86252E-02 3.34810E+00 
8.59548E-02 1.42510E-01 1.93881E-01 2.58317E-01 2.83494E-01 4.98124E-01 6.34619E-01 1.94164E-01 1.42510E-01 8.59548E-02 3.32766E+00 
9.28625E-02 1.47681E-01 1.97540E-01 2.61046E-01 2.86210E-01 5.01926E-01 6.41140E-01 1.97838E-01 1.47681E-01 9.28625E-02 3.29819E+00 
9.93288E-02 1.52433E-01 2.00794E-01 2.63342E-01 2.88467E-01 5.05130E-01 6.47001E-01 2.01106E-01 1.52433E-01 9.93288E-02 3.26018E+00 
1.05338E-01 1.56753E-01 2.03631E-01 2.65192E-01 2.90256E-01 5.07721E-01 6.52178E-01 2.03958E-01 1.56753E-01 1.05338E-01 3.21418E+00 
1.24841E-03 1.77333E-02 6.48800E-02 1.42673E-01 1.67084E-01 3.57429E-01 4.45451E-01 6.48804E-02 1.77333E-02 1.24841E-03 1.73462E+00 
1.24841E-03 1.77333E-02 6.99318E-02 1.47289E-01 1.71969E-01 3.64622E-01 4.55394E-01 6.99455E-02 1.77333E-02 1.24841E-03 1.86118E+00 
1.24841E-03 2.78840E-03 7.50302E-02 1.51935E-01 1.76868E-01 3.71767E-01 4.65288E-01 7.50575E-02 2.78840E-03 1.24841E-03 1.97850E+00 
1.24841E-03 9.28848E-03 8.01738E-02 1.56606E-01 1.81776E-01 3.78860E-01 4.75130E-01 8.02149E-02 9.28848E-03 1.24841E-03 2.08452E+00 
1.24841E-03 1.58278E-02 8.53450E-02 1.61280E-01 1.86675E-01 3.85912E-01 4.84966E-01 8.54002E-02 1.58278E-02 1.24841E-03 2.18725E+00 
1.24841E-03 2.23894E-02 9.05286E-02 1.65942E-01 1.91549E-01 3.92900E-01 4.94769E-01 9.05984E-02 2.23894E-02 1.24841E-03 2.28602E+00 
1.24841E-03 2.89561E-02 9.57094E-02 1.70576E-01 1.96381E-01 3.99803E-01 5.04511E-01 9.57940E-02 2.89561E-02 1.24841E-03 2.38024E+00 
1.24841E-03 3.40291E-02 9.97057E-02 1.74133E-01 2.00080E-01 4.05069E-01 5.11988E-01 9.98020E-02 3.40291E-02 1.24841E-03 2.44964E+00 
1.24841E-03 3.55097E-02 1.00871E-01 1.75166E-01 2.01154E-01 4.06595E-01 5.14162E-01 1.00971E-01 3.55097E-02 1.24841E-03 2.46931E+00 
1.24841E-03 4.25400E-02 1.06395E-01 1.80046E-01 2.06214E-01 4.13769E-01 5.24435E-01 1.06512E-01 4.25400E-02 1.24841E-03 2.55897E+00 
1.24841E-03 4.95092E-02 1.11856E-01 1.84832E-01 2.11160E-01 4.20757E-01 5.34532E-01 1.11989E-01 4.95092E-02 1.24841E-03 2.64140E+00 
1.24841E-03 5.63929E-02 1.17230E-01 1.89502E-01 2.15971E-01 4.27529E-01 5.44417E-01 1.17381E-01 5.63929E-02 1.24841E-03 2.71605E+00 
1.24841E-03 6.31660E-02 1.22495E-01 1.94034E-01 2.20622E-01 4.34054E-01 5.54051E-01 1.22663E-01 6.31660E-02 1.24841E-03 2.78245E+00 
6.90899E-03 6.98266E-02 1.27666E-01 1.98449E-01 2.25134E-01 4.40320E-01 5.63374E-01 1.27851E-01 6.98266E-02 6.90899E-03 2.82574E+00 
1.50909E-02 7.63318E-02 1.32681E-01 2.02674E-01 2.29435E-01 4.46282E-01 5.72388E-01 1.32883E-01 7.63318E-02 1.50909E-02 2.85810E+00 
2.30801E-02 8.26478E-02 1.37503E-01 2.06673E-01 2.33487E-01 4.51902E-01 5.81054E-01 1.37723E-01 8.26478E-02 2.30801E-02 2.88230E+00 
3.08451E-02 8.87462E-02 1.42107E-01 2.10420E-01 2.37265E-01 4.57143E-01 5.89328E-01 1.42345E-01 8.87462E-02 3.08451E-02 2.89814E+00 
3.83561E-02 9.45995E-02 1.46469E-01 2.13891E-01 2.40743E-01 4.61974E-01 5.97167E-01 1.46725E-01 9.45995E-02 3.83561E-02 2.90552E+00 
4.55848E-02 1.00182E-01 1.50565E-01 2.17063E-01 2.43899E-01 4.66364E-01 6.04530E-01 1.50838E-01 1.00182E-01 4.55848E-02 2.90444E+00 
5.25047E-02 1.05470E-01 1.54374E-01 2.19916E-01 2.46710E-01 4.70283E-01 6.11379E-01 1.54665E-01 1.05470E-01 5.25047E-02 2.89500E+00 
5.90921E-02 1.10441E-01 1.57876E-01 2.22431E-01 2.49160E-01 4.73706E-01 6.17678E-01 1.58185E-01 1.10441E-01 5.90921E-02 2.87740E+00 
6.53253E-02 1.15076E-01 1.61055E-01 2.24592E-01 2.51231E-01 4.76610E-01 6.23395E-01 1.61380E-01 1.15076E-01 6.53253E-02 2.85192E+00 
7.11859E-02 1.19359E-01 1.63896E-01 2.26385E-01 2.52909E-01 4.78977E-01 6.28501E-01 1.64238E-01 1.19359E-01 7.11859E-02 2.81894E+00 
7.66581E-02 1.23275E-01 1.66386E-01 2.27801E-01 2.54186E-01 4.80790E-01 6.32971E-01 1.66745E-01 1.23275E-01 7.66581E-02 2.77890E+00 
8.17294E-02 1.26814E-01 1.68518E-01 2.28832E-01 2.55052E-01 4.82039E-01 6.36785E-01 1.68893E-01 1.26814E-01 8.17294E-02 2.73229E+00 
8.63902E-02 1.29967E-01 1.70285E-01 2.29473E-01 2.55505E-01 4.82713E-01 6.39924E-01 1.70675E-01 1.29967E-01 8.63902E-02 2.67966E+00 
1.06072E-03 1.55329E-02 5.83396E-02 1.36809E-01 1.64613E-01 3.73408E-01 4.72954E-01 5.83508E-02 1.55329E-02 1.06072E-03 1.69966E+00 
1.06072E-03 1.55329E-02 6.26678E-02 1.40566E-01 1.68543E-01 3.79411E-01 4.81989E-01 6.26959E-02 1.55329E-02 1.06072E-03 1.80276E+00 
1.06072E-03 2.45551E-03 6.70181E-02 1.44327E-01 1.72459E-01 3.85327E-01 4.90923E-01 6.70631E-02 2.45551E-03 1.06072E-03 1.89687E+00 
1.06072E-03 8.16072E-03 7.13888E-02 1.48088E-01 1.76358E-01 3.91152E-01 4.99750E-01 7.14509E-02 8.16072E-03 1.06072E-03 1.98025E+00 
1.06072E-03 1.38734E-02 7.57589E-02 1.51822E-01 1.80215E-01 3.96888E-01 5.08513E-01 7.58385E-02 1.38734E-02 1.06072E-03 2.06001E+00 
1.06072E-03 1.95779E-02 8.01148E-02 1.55515E-01 1.84016E-01 4.02514E-01 5.17182E-01 8.02122E-02 1.95779E-02 1.06072E-03 2.13564E+00 
1.06072E-03 2.52584E-02 8.44427E-02 1.59153E-01 1.87745E-01 4.08009E-01 5.25732E-01 8.45582E-02 2.52584E-02 1.06072E-03 2.20665E+00 
1.06072E-03 2.96269E-02 8.77629E-02 1.61922E-01 1.90572E-01 4.12158E-01 5.32248E-01 8.78927E-02 2.96269E-02 1.06072E-03 2.25814E+00 
1.06072E-03 3.08985E-02 8.87279E-02 1.62722E-01 1.91387E-01 4.13352E-01 5.34135E-01 8.88619E-02 3.08985E-02 1.06072E-03 2.27259E+00 
1.06072E-03 3.69155E-02 9.32836E-02 1.66476E-01 1.95200E-01 4.18918E-01 5.42998E-01 9.34377E-02 3.69155E-02 1.06072E-03 2.33751E+00 
1.06072E-03 4.28448E-02 9.77535E-02 1.70112E-01 1.98875E-01 4.24255E-01 5.51623E-01 9.79279E-02 4.28448E-02 1.06072E-03 2.39560E+00 
1.06072E-03 4.86652E-02 1.02118E-01 1.73614E-01 2.02393E-01 4.29337E-01 5.59974E-01 1.02313E-01 4.86652E-02 1.06072E-03 2.44647E+00 
1.06072E-03 5.43551E-02 1.06359E-01 1.76961E-01 2.05733E-01 4.34138E-01 5.68017E-01 1.06575E-01 5.43551E-02 1.06072E-03 2.48981E+00 
5.85922E-03 5.99144E-02 1.10492E-01 1.80180E-01 2.08923E-01 4.38653E-01 5.75699E-01 1.10728E-01 5.99144E-02 5.85922E-03 2.51295E+00 
1.27621E-02 6.53053E-02 1.14459E-01 1.83201E-01 2.11891E-01 4.42836E-01 5.83019E-01 1.14716E-01 6.53053E-02 1.27621E-02 2.52648E+00 
1.94626E-02 7.04993E-02 1.18233E-01 1.85993E-01 2.14606E-01 4.46652E-01 5.89941E-01 1.18510E-01 7.04993E-02 1.94626E-02 2.53288E+00 
2.59350E-02 7.54732E-02 1.21790E-01 1.88535E-01 2.17048E-01 4.50072E-01 5.96426E-01 1.22088E-01 7.54732E-02 2.59350E-02 2.53209E+00 
3.21550E-02 8.02051E-02 1.25114E-01 1.90811E-01 2.19198E-01 4.53069E-01 6.02437E-01 1.25432E-01 8.02051E-02 3.21550E-02 2.52412E+00 
3.81003E-02 8.46750E-02 1.28185E-01 1.92803E-01 2.21040E-01 4.55620E-01 6.07939E-01 1.28523E-01 8.46750E-02 3.81003E-02 2.50909E+00 
4.37505E-02 8.88647E-02 1.30988E-01 1.94496E-01 2.22559E-01 4.57703E-01 6.12900E-01 1.31346E-01 8.88647E-02 4.37505E-02 2.48718E+00 
4.90877E-02 9.27581E-02 1.33510E-01 1.95880E-01 2.23743E-01 4.59300E-01 6.17290E-01 1.33887E-01 9.27581E-02 4.90877E-02 2.45867E+00 
5.40965E-02 9.63417E-02 1.35739E-01 1.96942E-01 2.24582E-01 4.60396E-01 6.21085E-01 1.36135E-01 9.63417E-02 5.40965E-02 2.42388E+00 
5.87640E-02 9.96043E-02 1.37665E-01 1.97677E-01 2.25069E-01 4.60979E-01 6.24263E-01 1.38080E-01 9.96043E-02 5.87640E-02 2.38322E+00 
6.30801E-02 1.02537E-01 1.39283E-01 1.98080E-01 2.25200E-01 4.61040E-01 6.26805E-01 1.39715E-01 1.02537E-01 6.30801E-02 2.33715E+00 
6.70375E-02 1.05135E-01 1.40587E-01 1.98147E-01 2.24973E-01 4.60574E-01 6.28697E-01 1.41036E-01 1.05135E-01 6.70375E-02 2.28615E+00 
7.06318E-02 1.07393E-01 1.41577E-01 1.97879E-01 2.24388E-01 4.59579E-01 6.29928E-01 1.42041E-01 1.07393E-01 7.06318E-02 2.23075E+00 
8.98542E-04 1.35393E-02 5.16672E-02 1.30341E-01 1.61241E-01 3.87981E-01 5.01404E-01 5.16988E-02 1.35393E-02 8.98542E-04 1.63722E+00 
8.98542E-04 1.35393E-02 5.53541E-02 1.33304E-01 1.64260E-01 3.92779E-01 5.09463E-01 5.54065E-02 1.35393E-02 8.98542E-04 1.72011E+00 
8.98542E-04 2.15080E-03 5.90463E-02 1.36254E-01 1.67249E-01 3.97462E-01 5.17375E-01 5.91197E-02 2.15080E-03 8.98542E-04 1.79448E+00 
8.98542E-04 7.13311E-03 6.27421E-02 1.39188E-01 1.70203E-01 4.02025E-01 5.25134E-01 6.28365E-02 7.13311E-03 8.98542E-04 1.85885E+00 
8.98542E-04 1.21005E-02 6.64187E-02 1.42075E-01 1.73093E-01 4.06462E-01 5.32774E-01 6.65346E-02 1.21005E-02 8.98542E-04 1.91953E+00 
8.98542E-04 1.70385E-02 7.00638E-02 1.44902E-01 1.75907E-01 4.10753E-01 5.40270E-01 7.02013E-02 1.70385E-02 8.98542E-04 1.97611E+00 
8.98542E-04 2.19328E-02 7.36649E-02 1.47658E-01 1.78630E-01 4.14880E-01 5.47594E-01 7.38244E-02 2.19328E-02 8.98542E-04 2.02819E+00 
8.98542E-04 2.56806E-02 7.64129E-02 1.49734E-01 1.80668E-01 4.17947E-01 5.53127E-01 7.65897E-02 2.56806E-02 8.98542E-04 2.06519E+00 
8.98542E-04 2.67688E-02 7.72092E-02 1.50331E-01 1.81251E-01 4.18822E-01 5.54721E-01 7.73909E-02 2.67688E-02 8.98542E-04 2.07544E+00 
8.98542E-04 3.19007E-02 8.09522E-02 1.53104E-01 1.83947E-01 4.22845E-01 5.62153E-01 8.11581E-02 3.19007E-02 8.98542E-04 2.12060E+00 
8.98542E-04 3.69288E-02 8.45977E-02 1.55749E-01 1.86493E-01 4.26609E-01 5.69292E-01 8.48278E-02 3.69288E-02 8.98542E-04 2.15944E+00 
8.98542E-04 4.18348E-02 8.81294E-02 1.58251E-01 1.88873E-01 4.30092E-01 5.76105E-01 8.83838E-02 4.18348E-02 8.98542E-04 2.19171E+00 
8.98542E-04 4.66003E-02 9.15311E-02 1.60594E-01 1.91071E-01 4.33270E-01 5.82562E-01 9.18097E-02 4.66003E-02 8.98542E-04 2.21723E+00 
4.95439E-03 5.12263E-02 9.48195E-02 1.62808E-01 1.93117E-01 4.36152E-01 5.88618E-01 9.51219E-02 5.12263E-02 4.95439E-03 2.22522E+00 
1.07619E-02 5.56801E-02 9.79434E-02 1.64825E-01 1.94943E-01 4.38684E-01 5.94267E-01 9.82694E-02 5.56801E-02 1.07619E-02 2.22485E+00 
1.63667E-02 5.99378E-02 1.00878E-01 1.66620E-01 1.96523E-01 4.40835E-01 5.99476E-01 1.01228E-01 5.99378E-02 1.63667E-02 2.21834E+00 
2.17476E-02 6.39807E-02 1.03607E-01 1.68179E-01 1.97841E-01 4.42583E-01 6.04211E-01 1.03980E-01 6.39807E-02 2.17476E-02 2.20571E+00 
2.68853E-02 6.77916E-02 1.06116E-01 1.69487E-01 1.98885E-01 4.43908E-01 6.08440E-01 1.06512E-01 6.77916E-02 2.68853E-02 2.18708E+00 
3.17626E-02 7.13551E-02 1.08392E-01 1.70533E-01 1.99643E-01 4.44791E-01 6.12133E-01 1.08810E-01 7.13551E-02 3.17626E-02 2.16261E+00 
3.63638E-02 7.46577E-02 1.10423E-01 1.71308E-01 2.00106E-01 4.45218E-01 6.15265E-01 1.10863E-01 7.46577E-02 3.63638E-02 2.13255E+00 
4.06760E-02 7.76881E-02 1.12201E-01 1.71805E-01 2.00268E-01 4.45177E-01 6.17812E-01 1.12662E-01 7.76881E-02 4.06760E-02 2.09722E+00 
4.46885E-02 8.04372E-02 1.13717E-01 1.72019E-01 2.00123E-01 4.44659E-01 6.19756E-01 1.14198E-01 8.04372E-02 4.46885E-02 2.05697E+00 
4.83929E-02 8.28981E-02 1.14968E-01 1.71946E-01 1.99670E-01 4.43658E-01 6.21080E-01 1.15468E-01 8.28981E-02 4.83929E-02 2.01222E+00 
5.17835E-02 8.50664E-02 1.15949E-01 1.71586E-01 1.98909E-01 4.42172E-01 6.21773E-01 1.16468E-01 8.50664E-02 5.17835E-02 1.96340E+00 
5.48571E-02 8.69401E-02 1.16661E-01 1.70940E-01 1.97842E-01 4.40201E-01 6.21826E-01 1.17196E-01 8.69401E-02 5.48571E-02 1.91099E+00 
5.76127E-02 8.85192E-02 1.17105E-01 1.70013E-01 1.96475E-01 4.37749E-01 6.21236E-01 1.17656E-01 8.85192E-02 5.76127E-02 1.85549E+00 
7.59714E-04 1.17649E-02 4.50271E-02 1.23246E-01 1.56777E-01 4.00745E-01 5.30372E-01 4.50932E-02 1.17649E-02 7.59714E-04 1.55364E+00 
7.59714E-04 1.17649E-02 4.81628E-02 1.25496E-01 1.58952E-01 4.04348E-01 5.37386E-01 4.82546E-02 1.17649E-02 7.59714E-04 1.61972E+00 
7.59714E-04 1.87737E-03 5.12929E-02 1.27725E-01 1.61088E-01 4.07818E-01 5.44211E-01 5.14104E-02 1.87737E-03 7.59714E-04 1.67786E+00 
7.59714E-04 6.21428E-03 5.44156E-02 1.29927E-01 1.63180E-01 4.11146E-01 5.50843E-01 5.45587E-02 6.21428E-03 7.59714E-04 1.72681E+00 
7.59714E-04 1.05208E-02 5.75073E-02 1.32071E-01 1.65195E-01 4.14320E-01 5.57308E-01 5.76762E-02 1.05208E-02 7.59714E-04 1.77214E+00 
7.59714E-04 1.47838E-02 6.05567E-02 1.34145E-01 1.67122E-01 4.17320E-01 5.63580E-01 6.07518E-02 1.47838E-02 7.59714E-04 1.81350E+00 
7.59714E-04 1.89904E-02 6.35529E-02 1.36139E-01 1.68950E-01 4.20129E-01 5.69635E-01 6.37744E-02 1.89904E-02 7.59714E-04 1.85060E+00 
7.59714E-04 2.21981E-02 6.58275E-02 1.37620E-01 1.70289E-01 4.22162E-01 5.74155E-01 6.60694E-02 2.21981E-02 7.59714E-04 1.87620E+00 
7.59714E-04 2.31273E-02 6.64846E-02 1.38043E-01 1.70667E-01 4.22732E-01 5.75447E-01 6.67324E-02 2.31273E-02 7.59714E-04 1.88316E+00 
7.59714E-04 2.74949E-02 6.95602E-02 1.39981E-01 1.72384E-01 4.25288E-01 5.81413E-01 6.98366E-02 2.74949E-02 7.59714E-04 1.91294E+00 
7.59714E-04 3.17500E-02 7.25336E-02 1.41789E-01 1.73947E-01 4.27565E-01 5.87038E-01 7.28384E-02 3.17500E-02 7.59714E-04 1.93696E+00 
7.59714E-04 3.58769E-02 7.53908E-02 1.43455E-01 1.75345E-01 4.29542E-01 5.92292E-01 7.57239E-02 3.58769E-02 7.59714E-04 1.95506E+00 
7.59714E-04 3.98602E-02 7.81185E-02 1.44965E-01 1.76566E-01 4.31204E-01 5.97148E-01 7.84794E-02 3.98602E-02 7.59714E-04 1.96715E+00 
4.18146E-03 4.37015E-02 8.07326E-02 1.46350E-01 1.77642E-01 4.32567E-01 6.01572E-01 8.11208E-02 4.37015E-02 4.18146E-03 1.96408E+00 
9.05867E-03 4.73726E-02 8.31882E-02 1.47548E-01 1.78508E-01 4.33572E-01 6.05551E-01 8.36032E-02 4.73726E-02 9.05867E-03 1.95379E+00 
1.37386E-02 5.08539E-02 8.54646E-02 1.48538E-01 1.79142E-01 4.34192E-01 6.09054E-01 8.59060E-02 5.08539E-02 1.37386E-02 1.93824E+00 
1.82044E-02 5.41305E-02 8.75493E-02 1.49308E-01 1.79534E-01 4.34410E-01 6.12052E-01 8.80165E-02 5.41305E-02 1.82044E-02 1.91753E+00 
2.24406E-02 5.71889E-02 8.94313E-02 1.49850E-01 1.79674E-01 4.34210E-01 6.14517E-01 8.99235E-02 5.71889E-02 2.24406E-02 1.89182E+00 
2.64340E-02 6.00178E-02 9.11010E-02 1.50156E-01 1.79556E-01 4.33582E-01 6.16427E-01 9.16175E-02 6.00178E-02 2.64340E-02 1.86134E+00 
3.01732E-02 6.26074E-02 9.25509E-02 1.50221E-01 1.79177E-01 4.32516E-01 6.17760E-01 9.30905E-02 6.26074E-02 3.01732E-02 1.82636E+00 
3.36492E-02 6.49501E-02 9.37749E-02 1.50041E-01 1.78532E-01 4.31005E-01 6.18500E-01 9.43365E-02 6.49501E-02 3.36492E-02 1.78721E+00 
3.68548E-02 6.70403E-02 9.47692E-02 1.49616E-01 1.77622E-01 4.29046E-01 6.18634E-01 9.53516E-02 6.70403E-02 3.68548E-02 1.74427E+00 
3.97855E-02 6.88747E-02 9.55318E-02 1.48945E-01 1.76448E-01 4.26640E-01 6.18150E-01 9.61335E-02 6.88747E-02 3.97855E-02 1.69794E+00 
4.24386E-02 7.04518E-02 9.60627E-02 1.48031E-01 1.75013E-01 4.23787E-01 6.17045E-01 9.66821E-02 7.04518E-02 4.24386E-02 1.64864E+00 
4.48140E-02 7.17724E-02 9.63636E-02 1.46879E-01 1.73325E-01 4.20495E-01 6.15315E-01 9.69990E-02 7.17724E-02 4.48140E-02 1.59683E+00 
4.69134E-02 7.28392E-02 9.64382E-02 1.45495E-01 1.71390E-01 4.16771E-01 6.12962E-01 9.70879E-02 7.28392E-02 4.69134E-02 1.54296E+00 
6.41746E-04 1.02096E-02 3.85839E-02 1.15560E-01 1.51110E-01 4.11438E-01 5.59393E-01 3.87052E-02 1.02096E-02 6.41746E-04 1.45634E+00 
6.41746E-04 1.02096E-02 4.12600E-02 1.17191E-01 1.52526E-01 4.13877E-01 5.65287E-01 4.14125E-02 1.02096E-02 6.41746E-04 1.50889E+00 
6.41746E-04 1.63625E-03 4.39234E-02 1.18795E-01 1.53900E-01 4.16169E-01 5.70958E-01 4.41068E-02 1.63625E-03 6.41746E-04 1.55409E+00 
6.41746E-04 5.40616E-03 4.65718E-02 1.20369E-01 1.55228E-01 4.18305E-01 5.76398E-01 4.67860E-02 5.40616E-03 6.41746E-04 1.59090E+00 
6.41746E-04 9.13518E-03 4.91820E-02 1.21879E-01 1.56472E-01 4.20263E-01 5.81626E-01 4.94270E-02 9.13518E-03 6.41746E-04 1.62420E+00 
6.41746E-04 1.28113E-02 5.17437E-02 1.23314E-01 1.57623E-01 4.22026E-01 5.86619E-01 5.20197E-02 1.28113E-02 6.41746E-04 1.65373E+00 
6.41746E-04 1.64230E-02 5.42472E-02 1.24666E-01 1.58671E-01 4.23581E-01 5.91351E-01 5.45542E-02 1.64230E-02 6.41746E-04 1.67924E+00 
6.41746E-04 1.91658E-02 5.61380E-02 1.25649E-01 1.59407E-01 4.24632E-01 5.94819E-01 5.64688E-02 1.91658E-02 6.41746E-04 1.69610E+00 
6.41746E-04 1.99583E-02 5.66824E-02 1.25926E-01 1.59609E-01 4.24913E-01 5.95799E-01 5.70203E-02 1.99583E-02 6.41746E-04 1.70054E+00 
6.41746E-04 2.36717E-02 5.92205E-02 1.27171E-01 1.60487E-01 4.26083E-01 6.00252E-01 5.95913E-02 2.36717E-02 6.41746E-04 1.71861E+00 
6.41746E-04 2.72689E-02 6.16556E-02 1.28290E-01 1.61216E-01 4.26960E-01 6.04321E-01 6.20591E-02 2.72689E-02 6.41746E-04 1.73144E+00 
6.41746E-04 3.07366E-02 6.39761E-02 1.29271E-01 1.61786E-01 4.27530E-01 6.07980E-01 6.44118E-02 3.07366E-02 6.41746E-04 1.73895E+00 
6.41746E-04 3.40617E-02 6.61709E-02 1.30105E-01 1.62190E-01 4.27778E-01 6.11204E-01 6.66382E-02 3.40617E-02 6.41746E-04 1.74112E+00 
3.52588E-03 3.72465E-02 6.82551E-02 1.30823E-01 1.62463E-01 4.27734E-01 6.13975E-01 6.87527E-02 3.72465E-02 3.52588E-03 1.73020E+00 
7.61799E-03 4.02669E-02 7.01894E-02 1.31369E-01 1.62541E-01 4.27331E-01 6.16268E-01 7.07166E-02 4.02669E-02 7.61799E-03 1.71304E+00 
1.15219E-02 4.31069E-02 7.19569E-02 1.31722E-01 1.62406E-01 4.26544E-01 6.18055E-01 7.25130E-02 4.31069E-02 1.15219E-02 1.69139E+00 
1.52241E-02 4.57547E-02 7.35481E-02 1.31877E-01 1.62052E-01 4.25363E-01 6.19311E-01 7.41319E-02 4.57547E-02 1.52241E-02 1.66539E+00 
1.87127E-02 4.82003E-02 7.49549E-02 1.31828E-01 1.61474E-01 4.23778E-01 6.20015E-01 7.55652E-02 4.82003E-02 1.87127E-02 1.63524E+00 
2.19778E-02 5.04354E-02 7.61706E-02 1.31571E-01 1.60669E-01 4.21781E-01 6.20148E-01 7.68062E-02 5.04354E-02 2.19778E-02 1.60121E+00 
2.50113E-02 5.24533E-02 7.71904E-02 1.31103E-01 1.59636E-01 4.19370E-01 6.19695E-01 7.78496E-02 5.24533E-02 2.50113E-02 1.56359E+00 
2.78073E-02 5.42494E-02 7.80111E-02 1.30424E-01 1.58376E-01 4.16541E-01 6.18647E-01 7.86923E-02 5.42494E-02 2.78073E-02 1.52273E+00 
3.03618E-02 5.58210E-02 7.86313E-02 1.29536E-01 1.56891E-01 4.13298E-01 6.16994E-01 7.93326E-02 5.58210E-02 3.03618E-02 1.47900E+00 
3.26727E-02 5.71672E-02 7.90511E-02 1.28441E-01 1.55187E-01 4.09645E-01 6.14734E-01 7.97706E-02 5.71672E-02 3.26727E-02 1.43278E+00 
3.47401E-02 5.82890E-02 7.92727E-02 1.27145E-01 1.53268E-01 4.05588E-01 6.11866E-01 8.00081E-02 5.82890E-02 3.47401E-02 1.38449E+00 
3.65660E-02 5.91893E-02 7.92994E-02 1.25654E-01 1.51144E-01 4.01137E-01 6.08394E-01 8.00487E-02 5.91893E-02 3.65660E-02 1.33453E+00 
3.81539E-02 5.98724E-02 7.91365E-02 1.23976E-01 1.48823E-01 3.96305E-01 6.04325E-01 7.98973E-02 5.98724E-02 3.81539E-02 1.28332E+00 
5.42025E-04 8.86261E-03 3.24894E-02 1.07371E-01 1.44222E-01 4.19928E-01 5.87963E-01 3.26944E-02 8.86261E-03 5.42025E-04 1.35288E+00 
5.42025E-04 8.86261E-03 3.47928E-02 1.08480E-01 1.44978E-01 4.21245E-01 5.92660E-01 3.50350E-02 8.86261E-03 5.42025E-04 1.39479E+00 
5.42025E-04 1.42656E-03 3.70782E-02 1.09562E-01 1.45693E-01 4.22404E-01 5.97102E-01 3.73569E-02 1.42656E-03 5.42025E-04 1.42991E+00 
5.42025E-04 4.70464E-03 3.93432E-02 1.10613E-01 1.46363E-01 4.23399E-01 6.01280E-01 3.96580E-02 4.70464E-03 5.42025E-04 1.45736E+00 
5.42025E-04 7.93450E-03 4.15653E-02 1.11596E-01 1.46947E-01 4.24197E-01 6.05205E-01 4.19162E-02 7.93450E-03 5.42025E-04 1.48144E+00 
5.42025E-04 1.11053E-02 4.37353E-02 1.12504E-01 1.47438E-01 4.24785E-01 6.08854E-01 4.41222E-02 1.11053E-02 5.42025E-04 1.50191E+00 
5.42025E-04 1.42065E-02 4.58446E-02 1.13330E-01 1.47829E-01 4.25151E-01 6.12203E-01 4.62671E-02 1.42065E-02 5.42025E-04 1.51860E+00 
5.42025E-04 1.65519E-02 4.74293E-02 1.13908E-01 1.48058E-01 4.25274E-01 6.14576E-01 4.78791E-02 1.65519E-02 5.42025E-04 1.52883E+00 
5.42025E-04 1.72279E-02 4.78842E-02 1.14066E-01 1.48113E-01 4.25283E-01 6.15232E-01 4.83420E-02 1.72279E-02 5.42025E-04 1.53137E+00 
5.42025E-04 2.03847E-02 4.99957E-02 1.14751E-01 1.48292E-01 4.25148E-01 6.18115E-01 5.04908E-02 2.03847E-02 5.42025E-04 1.54061E+00 
5.42025E-04 2.34247E-02 5.20059E-02 1.15315E-01 1.48331E-01 4.24715E-01 6.20577E-01 5.25376E-02 2.34247E-02 5.42025E-04 1.54508E+00 
5.42025E-04 2.63367E-02 5.39051E-02 1.15751E-01 1.48224E-01 4.23972E-01 6.22595E-01 5.44725E-02 2.63367E-02 5.42025E-04 1.54475E+00 
5.42025E-04 2.91098E-02 5.56841E-02 1.16052E-01 1.47965E-01 4.22907E-01 6.24149E-01 5.62860E-02 2.91098E-02 5.42025E-04 1.53967E+00 
2.97260E-03 3.17467E-02 5.73567E-02 1.16248E-01 1.47591E-01 4.21561E-01 6.25236E-01 5.79916E-02 3.17467E-02 2.97260E-03 1.52327E+00 
6.40504E-03 3.42272E-02 5.88894E-02 1.16287E-01 1.47042E-01 4.19862E-01 6.25818E-01 5.95558E-02 3.42272E-02 6.40504E-03 1.50146E+00 
9.66020E-03 3.65383E-02 6.02683E-02 1.16153E-01 1.46302E-01 4.17787E-01 6.25870E-01 6.09650E-02 3.65383E-02 9.66020E-03 1.47580E+00 
1.27275E-02 3.86711E-02 6.14864E-02 1.15843E-01 1.45368E-01 4.15330E-01 6.25371E-01 6.22117E-02 3.86711E-02 1.27275E-02 1.44649E+00 
1.55979E-02 4.06181E-02 6.25379E-02 1.15353E-01 1.44240E-01 4.12485E-01 6.24306E-01 6.32900E-02 4.06181E-02 1.55979E-02 1.41376E+00 
1.82644E-02 4.23736E-02 6.34185E-02 1.14682E-01 1.42916E-01 4.09252E-01 6.22663E-01 6.41955E-02 4.23736E-02 1.82644E-02 1.37789E+00 
2.07215E-02 4.39336E-02 6.41257E-02 1.13830E-01 1.41398E-01 4.05630E-01 6.20432E-01 6.49254E-02 4.39336E-02 2.07215E-02 1.33920E+00 
2.29659E-02 4.52960E-02 6.46583E-02 1.12800E-01 1.39691E-01 4.01623E-01 6.17609E-01 6.54784E-02 4.52960E-02 2.29659E-02 1.29802E+00 
2.49959E-02 4.64600E-02 6.50167E-02 1.11595E-01 1.37798E-01 3.97238E-01 6.14191E-01 6.58546E-02 4.64600E-02 2.49959E-02 1.25473E+00 
2.68117E-02 4.74270E-02 6.52028E-02 1.10220E-01 1.35728E-01 3.92482E-01 6.10181E-01 6.60560E-02 4.74270E-02 2.68117E-02 1.20970E+00 
2.84151E-02 4.81995E-02 6.52201E-02 1.08681E-01 1.33486E-01 3.87367E-01 6.05585E-01 6.60858E-02 4.81995E-02 2.84151E-02 1.16331E+00 
2.98097E-02 4.87820E-02 6.50733E-02 1.06985E-01 1.31083E-01 3.81906E-01 6.00412E-01 6.59487E-02 4.87820E-02 2.98097E-02 1.11595E+00 
3.10004E-02 4.91801E-02 6.47683E-02 1.05142E-01 1.28530E-01 3.76113E-01 5.94674E-01 6.56504E-02 4.91801E-02 3.10004E-02 1.06797E+00 
4.57921E-04 7.70429E-03 2.68670E-02 9.88057E-02 1.36185E-01 4.26189E-01 6.15568E-01 2.71930E-02 7.70429E-03 4.57921E-04 1.25001E+00 
4.57921E-04 7.70429E-03 2.88747E-02 9.94912E-02 1.36387E-01 4.26428E-01 6.18985E-01 2.92439E-02 7.70429E-03 4.57921E-04 1.28365E+00 
4.57921E-04 1.24579E-03 3.08596E-02 1.00150E-01 1.36550E-01 4.26506E-01 6.22120E-01 3.12712E-02 1.24579E-03 4.57921E-04 1.31098E+00 
4.57921E-04 4.10050E-03 3.28198E-02 1.00778E-01 1.36673E-01 4.26412E-01 6.24963E-01 3.32728E-02 4.10050E-03 4.57921E-04 1.33126E+00 
4.57921E-04 6.90163E-03 3.47337E-02 1.01338E-01 1.36711E-01 4.26109E-01 6.27513E-01 3.52279E-02 6.90163E-03 4.57921E-04 1.34825E+00 
4.57921E-04 9.63943E-03 3.65933E-02 1.01825E-01 1.36660E-01 4.25583E-01 6.29749E-01 3.71281E-02 9.63943E-03 4.57921E-04 1.36179E+00 
4.57921E-04 1.23046E-02 3.83908E-02 1.02232E-01 1.36514E-01 4.24825E-01 6.31651E-01 3.89655E-02 1.23046E-02 4.57921E-04 1.37174E+00 
4.57921E-04 1.43112E-02 3.97341E-02 1.02489E-01 1.36332E-01 4.24074E-01 6.32881E-01 4.03391E-02 1.43112E-02 4.57921E-04 1.37692E+00 
4.57921E-04 1.48881E-02 4.01185E-02 1.02554E-01 1.36267E-01 4.23826E-01 6.33199E-01 4.07322E-02 1.48881E-02 4.57921E-04 1.37801E+00 
4.57921E-04 1.75722E-02 4.18946E-02 1.02798E-01 1.35883E-01 4.22468E-01 6.34452E-01 4.25494E-02 1.75722E-02 4.57921E-04 1.38056E+00 
4.57921E-04 2.01410E-02 4.35722E-02 1.02931E-01 1.35372E-01 4.20809E-01 6.35253E-01 4.42667E-02 2.01410E-02 4.57921E-04 1.37874E+00 
4.57921E-04 2.25849E-02 4.51432E-02 1.02945E-01 1.34730E-01 4.18841E-01 6.35583E-01 4.58758E-02 2.25849E-02 4.57921E-04 1.37257E+00 
4.57921E-04 2.48952E-02 4.66000E-02 1.02837E-01 1.33951E-01 4.16559E-01 6.35425E-01 4.73690E-02 2.48952E-02 4.57921E-04 1.36215E+00 
2.50663E-03 2.70751E-02 4.79553E-02 1.02637E-01 1.33076E-01 4.14011E-01 6.34795E-01 4.87585E-02 2.70751E-02 2.50663E-03 1.34191E+00 
5.38574E-03 2.91075E-02 4.91806E-02 1.02297E-01 1.32047E-01 4.11120E-01 6.33640E-01 5.00160E-02 2.91075E-02 5.38574E-03 1.31699E+00 
8.09927E-03 3.09822E-02 5.02651E-02 1.01803E-01 1.30851E-01 4.07865E-01 6.31937E-01 5.11306E-02 3.09822E-02 8.09927E-03 1.28877E+00 
1.06391E-02 3.26926E-02 5.12034E-02 1.01154E-01 1.29487E-01 4.04245E-01 6.29671E-01 5.20968E-02 3.26926E-02 1.06391E-02 1.25750E+00 
1.29988E-02 3.42337E-02 5.19920E-02 1.00350E-01 1.27957E-01 4.00260E-01 6.26833E-01 5.29107E-02 3.42337E-02 1.29988E-02 1.22342E+00 
1.51736E-02 3.56019E-02 5.26285E-02 9.93918E-02 1.26263E-01 3.95911E-01 6.23416E-01 5.35697E-02 3.56019E-02 1.51736E-02 1.18684E+00 
1.71604E-02 3.67953E-02 5.31119E-02 9.82808E-02 1.24410E-01 3.91204E-01 6.19418E-01 5.40729E-02 3.67953E-02 1.71604E-02 1.14808E+00 
1.89577E-02 3.78136E-02 5.34428E-02 9.70212E-02 1.22401E-01 3.86148E-01 6.14838E-01 5.44204E-02 3.78136E-02 1.89577E-02 1.10748E+00 
2.05658E-02 3.86580E-02 5.36229E-02 9.56179E-02 1.20245E-01 3.80751E-01 6.09682E-01 5.46139E-02 3.86580E-02 2.05658E-02 1.06539E+00 
2.19865E-02 3.93311E-02 5.36554E-02 9.40769E-02 1.17949E-01 3.75026E-01 6.03958E-01 5.46566E-02 3.93311E-02 2.19865E-02 1.02219E+00 
2.32230E-02 3.98371E-02 5.35447E-02 9.24057E-02 1.15522E-01 3.68988E-01 5.97676E-01 5.45526E-02 3.98371E-02 2.32230E-02 9.78211E-01 
2.42800E-02 4.01811E-02 5.32963E-02 9.06124E-02 1.12973E-01 3.62652E-01 5.90853E-01 5.43074E-02 4.01811E-02 2.42800E-02 9.33808E-01 
2.51632E-02 4.03696E-02 5.29167E-02 8.87063E-02 1.10314E-01 3.56037E-01 5.83505E-01 5.39274E-02 4.03696E-02 2.51632E-02 8.89307E-01 
3.87308E-04 6.71492E-03 2.18305E-02 9.00682E-02 1.27204E-01 4.30243E-01 6.41552E-01 2.23232E-02 6.71492E-03 3.87308E-04 1.15357E+00 
3.87308E-04 6.71492E-03 2.36075E-02 9.04226E-02 1.26959E-01 4.29457E-01 6.43612E-01 2.41491E-02 6.71492E-03 3.87308E-04 1.18071E+00 
3.87308E-04 1.09119E-03 2.53572E-02 9.07508E-02 1.26682E-01 4.28506E-01 6.45367E-01 2.59464E-02 1.09119E-03 3.87308E-04 1.20195E+00 
3.87308E-04 3.58405E-03 2.70779E-02 9.10498E-02 1.26368E-01 4.27381E-01 6.46806E-01 2.77133E-02 3.58405E-03 3.87308E-04 1.21663E+00 
3.87308E-04 6.01924E-03 2.87498E-02 9.12828E-02 1.25974E-01 4.26036E-01 6.47917E-01 2.94306E-02 6.01924E-03 3.87308E-04 1.22809E+00 
3.87308E-04 8.38807E-03 3.03656E-02 9.14449E-02 1.25496E-01 4.24460E-01 6.48680E-01 3.10908E-02 8.38807E-03 3.87308E-04 1.23621E+00 
3.87308E-04 1.06824E-02 3.19185E-02 9.15312E-02 1.24929E-01 4.22646E-01 6.49079E-01 3.26870E-02 1.06824E-02 3.87308E-04 1.24090E+00 
3.87308E-04 1.24016E-02 3.30727E-02 9.15431E-02 1.24428E-01 4.21075E-01 6.49126E-01 3.38736E-02 1.24016E-02 3.87308E-04 1.24213E+00 
3.87308E-04 1.28944E-02 3.34019E-02 9.15372E-02 1.24271E-01 4.20587E-01 6.49096E-01 3.42121E-02 1.28944E-02 3.87308E-04 1.24210E+00 
3.87308E-04 1.51788E-02 3.49161E-02 9.14490E-02 1.23455E-01 4.18086E-01 6.48671E-01 3.57697E-02 1.51788E-02 3.87308E-04 1.23946E+00 
3.87308E-04 1.73503E-02 3.63349E-02 9.12580E-02 1.22525E-01 4.15287E-01 6.47768E-01 3.72297E-02 1.73503E-02 3.87308E-04 1.23279E+00 
3.87308E-04 1.94013E-02 3.76516E-02 9.09604E-02 1.21479E-01 4.12186E-01 6.46374E-01 3.85853E-02 1.94013E-02 3.87308E-04 1.22217E+00 
3.87308E-04 2.13247E-02 3.88602E-02 9.05528E-02 1.20316E-01 4.08779E-01 6.44477E-01 3.98305E-02 2.13247E-02 3.87308E-04 1.20772E+00 
2.11594E-03 2.31243E-02 3.99723E-02 9.00662E-02 1.19074E-01 4.05129E-01 6.42111E-01 4.09760E-02 2.31243E-02 2.11594E-03 1.18475E+00 
4.53290E-03 2.47859E-02 4.09641E-02 8.94553E-02 1.17699E-01 4.01150E-01 6.39210E-01 4.19985E-02 2.47859E-02 4.53290E-03 1.15773E+00 
6.79613E-03 2.63018E-02 4.18270E-02 8.87102E-02 1.16180E-01 3.96823E-01 6.35750E-01 4.28892E-02 2.63018E-02 6.79613E-03 1.12791E+00 
8.89973E-03 2.76672E-02 4.25577E-02 8.78312E-02 1.14521E-01 3.92152E-01 6.31724E-01 4.36445E-02 2.76672E-02 8.89973E-03 1.09555E+00 
1.08393E-02 2.88792E-02 4.31540E-02 8.68194E-02 1.12722E-01 3.87141E-01 6.27127E-01 4.42622E-02 2.88792E-02 1.08393E-02 1.06092E+00 
1.26121E-02 2.99360E-02 4.36151E-02 8.56774E-02 1.10790E-01 3.81796E-01 6.21960E-01 4.47412E-02 2.99360E-02 1.26121E-02 1.02435E+00 
1.42167E-02 3.08375E-02 4.39415E-02 8.44088E-02 1.08729E-01 3.76128E-01 6.16226E-01 4.50817E-02 3.08375E-02 1.42167E-02 9.86149E-01 
1.56534E-02 3.15848E-02 4.41348E-02 8.30186E-02 1.06546E-01 3.70146E-01 6.09932E-01 4.52853E-02 3.15848E-02 1.56534E-02 9.46666E-01 
1.69240E-02 3.21804E-02 4.41981E-02 8.15127E-02 1.04249E-01 3.63866E-01 6.03088E-01 4.53549E-02 3.21804E-02 1.69240E-02 9.06238E-01 
1.80313E-02 3.26282E-02 4.41352E-02 7.98979E-02 1.01846E-01 3.57301E-01 5.95708E-01 4.52942E-02 3.26282E-02 1.80313E-02 8.65203E-01 
1.89796E-02 3.29331E-02 4.39511E-02 7.81821E-02 9.93471E-02 3.50471E-01 5.87809E-01 4.51083E-02 3.29331E-02 1.89796E-02 8.23884E-01 
1.97743E-02 3.31010E-02 4.36518E-02 7.63739E-02 9.67617E-02 3.43393E-01 5.79412E-01 4.48031E-02 3.31010E-02 1.97743E-02 7.82590E-01 
2.04219E-02 3.31388E-02 4.32439E-02 7.44822E-02 9.41009E-02 3.36088E-01 5.70538E-01 4.43851E-02 3.31388E-02 2.04219E-02 7.41608E-01 
3.27160E-04 5.85692E-03 1.73717E-02 8.12195E-02 1.17381E-01 4.32201E-01 6.65707E-01 1.80879E-02 5.85692E-03 3.27160E-04 1.06596E+00 
3.27160E-04 5.85692E-03 1.89663E-02 8.13222E-02 1.16790E-01 4.30424E-01 6.66318E-01 1.97362E-02 5.85692E-03 3.27160E-04 1.08772E+00 
3.27160E-04 9.56985E-04 2.05291E-02 8.13997E-02 1.16172E-01 4.28482E-01 6.66606E-01 2.13508E-02 9.56985E-04 3.27160E-04 1.10389E+00 
3.27160E-04 3.13590E-03 2.20586E-02 8.14491E-02 1.15522E-01 4.26367E-01 6.66559E-01 2.29300E-02 3.13590E-03 3.27160E-04 1.11393E+00 
3.27160E-04 5.25388E-03 2.35370E-02 8.14348E-02 1.14797E-01 4.24023E-01 6.66153E-01 2.44568E-02 5.25388E-03 3.27160E-04 1.12079E+00 
3.27160E-04 7.30337E-03 2.49579E-02 8.13531E-02 1.13995E-01 4.21444E-01 6.65371E-01 2.59243E-02 7.30337E-03 3.27160E-04 1.12440E+00 
3.27160E-04 9.27739E-03 2.63155E-02 8.12001E-02 1.13113E-01 4.18625E-01 6.64198E-01 2.73266E-02 9.27739E-03 3.27160E-04 1.12471E+00 
3.27160E-04 1.07488E-02 2.73187E-02 8.10308E-02 1.12374E-01 4.16275E-01 6.63014E-01 2.83631E-02 1.07488E-02 3.27160E-04 1.12267E+00 
3.27160E-04 1.11693E-02 2.76039E-02 8.09726E-02 1.12149E-01 4.15561E-01 6.62621E-01 2.86578E-02 1.11693E-02 3.27160E-04 1.12170E+00 
3.27160E-04 1.31102E-02 2.89098E-02 8.06405E-02 1.11015E-01 4.11980E-01 6.60456E-01 3.00071E-02 1.31102E-02 3.27160E-04 1.11479E+00 
3.27160E-04 1.49417E-02 3.01235E-02 8.02154E-02 1.09782E-01 4.08108E-01 6.57798E-01 3.12612E-02 1.49417E-02 3.27160E-04 1.10416E+00 
3.27160E-04 1.66577E-02 3.12397E-02 7.96948E-02 1.08448E-01 4.03945E-01 6.54635E-01 3.24147E-02 1.66577E-02 3.27160E-04 1.08994E+00 
3.27160E-04 1.82529E-02 3.22539E-02 7.90770E-02 1.07015E-01 3.99492E-01 6.50963E-01 3.34628E-02 1.82529E-02 3.27160E-04 1.07230E+00 
1.78362E-03 1.97316E-02 3.31765E-02 7.83922E-02 1.05521E-01 3.94821E-01 6.46836E-01 3.44154E-02 1.97316E-02 1.78362E-03 1.04729E+00 
3.80907E-03 2.10822E-02 3.39881E-02 7.75990E-02 1.03915E-01 3.89839E-01 6.42171E-01 3.52534E-02 2.10822E-02 3.80907E-03 1.01879E+00 
5.69269E-03 2.22989E-02 3.46823E-02 7.66900E-02 1.02189E-01 3.84531E-01 6.36946E-01 3.59701E-02 2.22989E-02 5.69269E-03 9.87962E-01 
7.43045E-03 2.33791E-02 3.52571E-02 7.56667E-02 1.00347E-01 3.78904E-01 6.31160E-01 3.65634E-02 2.33791E-02 7.43045E-03 9.55067E-01 
9.01979E-03 2.43211E-02 3.57118E-02 7.45319E-02 9.83921E-02 3.72966E-01 6.24817E-01 3.70324E-02 2.43211E-02 9.01979E-03 9.20408E-01 
1.04595E-02 2.51249E-02 3.60467E-02 7.32891E-02 9.63310E-02 3.66728E-01 6.17920E-01 3.73772E-02 2.51249E-02 1.04595E-02 8.84302E-01 
1.17499E-02 2.57917E-02 3.62636E-02 7.19433E-02 9.41701E-02 3.60204E-01 6.10482E-01 3.75994E-02 2.57917E-02 1.17499E-02 8.47075E-01 
1.28924E-02 2.63239E-02 3.63649E-02 7.05000E-02 9.19167E-02 3.53407E-01 6.02513E-01 3.77013E-02 2.63239E-02 1.28924E-02 8.09053E-01 
1.38898E-02 2.67250E-02 3.63543E-02 6.89659E-02 8.95791E-02 3.46356E-01 5.94032E-01 3.76867E-02 2.67250E-02 1.38898E-02 7.70558E-01 
1.47460E-02 2.69995E-02 3.62364E-02 6.73482E-02 8.71662E-02 3.39067E-01 5.85056E-01 3.75600E-02 2.69995E-02 1.47460E-02 7.31900E-01 
1.54660E-02 2.71531E-02 3.60164E-02 6.56548E-02 8.46874E-02 3.31562E-01 5.75610E-01 3.73265E-02 2.71531E-02 1.54660E-02 6.93372E-01 
1.60555E-02 2.71919E-02 3.57005E-02 6.38941E-02 8.21526E-02 3.23860E-01 5.65718E-01 3.69924E-02 2.71919E-02 1.60555E-02 6.55243E-01 
1.65212E-02 2.71230E-02 3.52953E-02 6.20750E-02 7.95720E-02 3.15984E-01 5.55406E-01 3.65644E-02 2.71230E-02 1.65212E-02 6.17760E-01 
2.76224E-04 5.11443E-03 1.35513E-02 7.25072E-02 1.07056E-01 4.32094E-01 6.87299E-01 1.45543E-02 5.11443E-03 2.76224E-04 9.89802E-01 
2.76224E-04 5.11443E-03 1.50006E-02 7.24286E-02 1.06214E-01 4.29365E-01 6.86388E-01 1.60602E-02 5.11443E-03 2.76224E-04 1.00684E+00 
2.76224E-04 8.40687E-04 1.64135E-02 7.23255E-02 1.05350E-01 4.26475E-01 6.85141E-01 1.75271E-02 8.40687E-04 2.76224E-04 1.01854E+00 
2.76224E-04 2.74771E-03 1.77892E-02 7.21955E-02 1.04460E-01 4.23416E-01 6.83549E-01 1.89539E-02 2.74771E-03 2.76224E-04 1.02447E+00 
2.76224E-04 4.59140E-03 1.91117E-02 7.20047E-02 1.03501E-01 4.20123E-01 6.81570E-01 2.03254E-02 4.59140E-03 2.76224E-04 1.02728E+00 
2.76224E-04 6.36528E-03 2.03757E-02 7.17501E-02 1.02472E-01 4.16595E-01 6.79193E-01 2.16358E-02 6.36528E-03 2.76224E-04 1.02691E+00 
2.76224E-04 8.06353E-03 2.15761E-02 7.14291E-02 1.01371E-01 4.12827E-01 6.76407E-01 2.28800E-02 8.06353E-03 2.76224E-04 1.02338E+00 
2.76224E-04 9.32218E-03 2.24582E-02 7.11338E-02 1.00470E-01 4.09747E-01 6.73964E-01 2.37940E-02 9.32218E-03 2.76224E-04 1.01850E+00 
2.76224E-04 9.68070E-03 2.27082E-02 7.10395E-02 1.00198E-01 4.08820E-01 6.73201E-01 2.40529E-02 9.68070E-03 2.76224E-04 1.01672E+00 
2.76224E-04 1.13279E-02 2.38476E-02 7.05406E-02 9.88515E-02 4.04229E-01 6.69268E-01 2.52328E-02 1.13279E-02 2.76224E-04 1.00612E+00 
2.76224E-04 1.28699E-02 2.48981E-02 6.99581E-02 9.74199E-02 3.99361E-01 6.64832E-01 2.63198E-02 1.28699E-02 2.76224E-04 9.92113E-01 
2.76224E-04 1.43020E-02 2.58558E-02 6.92910E-02 9.59041E-02 3.94217E-01 6.59891E-01 2.73098E-02 1.43020E-02 2.76224E-04 9.74875E-01 
2.76224E-04 1.56207E-02 2.67176E-02 6.85391E-02 9.43052E-02 3.88803E-01 6.54442E-01 2.81994E-02 1.56207E-02 2.76224E-04 9.54628E-01 
1.50264E-03 1.68306E-02 2.74929E-02 6.77310E-02 9.26622E-02 3.83200E-01 6.48563E-01 2.89977E-02 1.68306E-02 1.50264E-03 9.28029E-01 
3.19854E-03 1.79225E-02 2.81660E-02 6.68296E-02 9.09269E-02 3.77308E-01 6.42153E-01 2.96893E-02 1.79225E-02 3.19854E-03 8.98492E-01 
4.76434E-03 1.88924E-02 2.87324E-02 6.58294E-02 8.90933E-02 3.71118E-01 6.35192E-01 3.02694E-02 1.88924E-02 4.76434E-03 8.67057E-01 
6.19764E-03 1.97390E-02 2.91915E-02 6.47330E-02 8.71662E-02 3.64637E-01 6.27686E-01 3.07371E-02 1.97390E-02 6.19764E-03 8.34015E-01 
7.49737E-03 2.04623E-02 2.95434E-02 6.35443E-02 8.51510E-02 3.57879E-01 6.19645E-01 3.10925E-02 2.04623E-02 7.49737E-03 7.99674E-01 
8.66371E-03 2.10634E-02 2.97898E-02 6.22677E-02 8.30542E-02 3.50859E-01 6.11080E-01 3.13370E-02 2.10634E-02 8.66371E-03 7.64351E-01 
9.69805E-03 2.15446E-02 2.99328E-02 6.09087E-02 8.08830E-02 3.43592E-01 6.02006E-01 3.14729E-02 2.15446E-02 9.69805E-03 7.28362E-01 
1.06029E-02 2.19091E-02 2.99758E-02 5.94735E-02 7.86452E-02 3.36097E-01 5.92444E-01 3.15033E-02 2.19091E-02 1.06029E-02 6.92017E-01 
1.13819E-02 2.21611E-02 2.99229E-02 5.79689E-02 7.63491E-02 3.28393E-01 5.82415E-01 3.14325E-02 2.21611E-02 1.13819E-02 6.55613E-01 
1.20395E-02 2.23059E-02 2.97790E-02 5.64021E-02 7.40036E-02 3.20500E-01 5.71944E-01 3.12652E-02 2.23059E-02 1.20395E-02 6.19429E-01 
1.25810E-02 2.23491E-02 2.95495E-02 5.47810E-02 7.16177E-02 3.12441E-01 5.61059E-01 3.10072E-02 2.23491E-02 1.25810E-02 5.83722E-01 
1.30125E-02 2.22972E-02 2.92403E-02 5.31136E-02 6.92008E-02 3.04237E-01 5.49788E-01 3.06645E-02 2.22972E-02 1.30125E-02 5.48721E-01 
1.33403E-02 2.21570E-02 2.88579E-02 5.14081E-02 6.67621E-02 2.95913E-01 5.38163E-01 3.02436E-02 2.21570E-02 1.33403E-02 5.14629E-01 
2.32758E-04 4.46325E-03 1.03406E-02 6.40562E-02 9.64660E-02 4.29969E-01 7.05935E-01 1.17005E-02 4.46325E-03 2.32758E-04 9.24983E-01 
2.32758E-04 4.46325E-03 1.16694E-02 6.38537E-02 9.54572E-02 4.26322E-01 7.03434E-01 1.30861E-02 4.46325E-03 2.32758E-04 9.37542E-01 
2.32758E-04 7.38416E-04 1.29578E-02 6.36272E-02 9.44303E-02 4.22520E-01 7.00594E-01 1.44277E-02 7.38416E-04 2.32758E-04 9.44999E-01 
2.32758E-04 2.40672E-03 1.42055E-02 6.33751E-02 9.33829E-02 4.18558E-01 6.97405E-01 1.57249E-02 2.40672E-03 2.32758E-04 9.47034E-01 
2.32758E-04 4.01017E-03 1.53985E-02 6.30651E-02 9.22733E-02 4.14362E-01 6.93810E-01 1.69642E-02 4.01017E-03 2.32758E-04 9.46005E-01 
2.32758E-04 5.54342E-03 1.65324E-02 6.26954E-02 9.11010E-02 4.09934E-01 6.89801E-01 1.81410E-02 5.54342E-03 2.32758E-04 9.41922E-01 
2.32758E-04 7.00174E-03 1.76029E-02 6.22643E-02 8.98659E-02 4.05272E-01 6.85371E-01 1.92508E-02 7.00174E-03 2.32758E-04 9.34832E-01 
2.32758E-04 8.07596E-03 1.83854E-02 6.18878E-02 8.88672E-02 4.01506E-01 6.81651E-01 2.00610E-02 8.07596E-03 2.32758E-04 9.27334E-01 
2.32758E-04 8.38083E-03 1.86064E-02 6.17706E-02 8.85681E-02 4.00379E-01 6.80515E-01 2.02896E-02 8.38083E-03 2.32758E-04 9.24818E-01 
2.32758E-04 9.77477E-03 1.96096E-02 6.11671E-02 8.70990E-02 3.94847E-01 6.74798E-01 2.13262E-02 9.77477E-03 2.32758E-04 9.10882E-01 
2.32758E-04 1.10684E-02 2.05276E-02 6.04894E-02 8.55588E-02 3.89055E-01 6.68581E-01 2.22726E-02 1.10684E-02 2.32758E-04 8.93871E-01 
2.32758E-04 1.22585E-02 2.13578E-02 5.97374E-02 8.39492E-02 3.83008E-01 6.61866E-01 2.31259E-02 1.22585E-02 2.32758E-04 8.74010E-01 
2.32758E-04 1.33429E-02 2.20982E-02 5.89121E-02 8.22724E-02 3.76715E-01 6.54658E-01 2.38838E-02 1.33429E-02 2.32758E-04 8.51556E-01 
1.26330E-03 1.43269E-02 2.27572E-02 5.80405E-02 8.05661E-02 3.70267E-01 6.47054E-01 2.45547E-02 1.43269E-02 1.26330E-03 8.23700E-01 
2.67995E-03 1.52030E-02 2.33228E-02 5.70897E-02 7.87857E-02 3.63560E-01 6.38937E-01 2.51265E-02 1.52030E-02 2.67995E-03 7.93433E-01 
3.97807E-03 1.59688E-02 2.37919E-02 5.60556E-02 7.69270E-02 3.56582E-01 6.30289E-01 2.55960E-02 1.59688E-02 3.97807E-03 7.61703E-01 
5.15665E-03 1.66244E-02 2.41648E-02 5.49419E-02 7.49954E-02 3.49349E-01 6.21122E-01 2.59633E-02 1.66244E-02 5.15665E-03 7.28810E-01 
6.21584E-03 1.71708E-02 2.44427E-02 5.37529E-02 7.29972E-02 3.41876E-01 6.11453E-01 2.62296E-02 1.71708E-02 6.21584E-03 6.95062E-01 
7.15690E-03 1.76100E-02 2.46277E-02 5.24939E-02 7.09392E-02 3.34181E-01 6.01298E-01 2.63970E-02 1.76100E-02 7.15690E-03 6.60766E-01 
7.98214E-03 1.79452E-02 2.47228E-02 5.11706E-02 6.88288E-02 3.26283E-01 5.90681E-01 2.64683E-02 1.79452E-02 7.98214E-03 6.26222E-01 
8.69480E-03 1.81803E-02 2.47317E-02 4.97892E-02 6.66738E-02 3.18203E-01 5.79626E-01 2.64475E-02 1.81803E-02 8.69480E-03 5.91716E-01 
9.29900E-03 1.83199E-02 2.46588E-02 4.83567E-02 6.44825E-02 3.09962E-01 5.68159E-01 2.63388E-02 1.83199E-02 9.29900E-03 5.57516E-01 
9.79958E-03 1.83694E-02 2.45089E-02 4.68800E-02 6.22631E-02 3.01583E-01 5.56311E-01 2.61475E-02 1.83694E-02 9.79958E-03 5.23864E-01 
1.02020E-02 1.83347E-02 2.42874E-02 4.53666E-02 6.00241E-02 2.93089E-01 5.44113E-01 2.58792E-02 1.83347E-02 1.02020E-02 4.90978E-01 
1.05122E-02 1.82219E-02 2.40001E-02 4.38240E-02 5.77741E-02 2.84503E-01 5.31599E-01 2.55398E-02 1.82219E-02 1.05122E-02 4.59045E-01 
1.07366E-02 1.80378E-02 2.36529E-02 4.22595E-02 5.55214E-02 2.75848E-01 5.18803E-01 2.51356E-02 1.80378E-02 1.07366E-02 4.28226E-01 
1.95513E-04 3.88588E-03 7.70090E-03 5.59948E-02 8.58692E-02 4.25831E-01 7.21191E-01 9.49159E-03 3.88588E-03 1.95513E-04 8.70395E-01 
1.95513E-04 3.88588E-03 8.92522E-03 5.57139E-02 8.47649E-02 4.21300E-01 7.17051E-01 1.07690E-02 3.88588E-03 1.95513E-04 8.78471E-01 
1.95513E-04 6.47322E-04 1.01059E-02 5.54097E-02 8.36468E-02 4.16626E-01 7.12577E-01 1.19980E-02 6.47322E-04 1.95513E-04 8.81702E-01 
1.95513E-04 2.10356E-03 1.12431E-02 5.50811E-02 8.25129E-02 4.11802E-01 7.07757E-01 1.31789E-02 2.10356E-03 1.95513E-04 8.79861E-01 
1.95513E-04 3.49450E-03 1.23250E-02 5.46980E-02 8.13236E-02 4.06750E-01 7.02520E-01 1.43002E-02 3.49450E-03 1.95513E-04 8.75066E-01 
1.95513E-04 4.81584E-03 1.33477E-02 5.42594E-02 8.00793E-02 4.01473E-01 6.96861E-01 1.53579E-02 4.81584E-03 1.95513E-04 8.67376E-01 
1.95513E-04 6.06392E-03 1.43080E-02 5.37645E-02 7.87807E-02 3.95974E-01 6.90778E-01 1.63485E-02 6.06392E-03 1.95513E-04 8.56883E-01 
1.95513E-04 6.97730E-03 1.50065E-02 5.33426E-02 7.77392E-02 3.91569E-01 6.85780E-01 1.70670E-02 6.97730E-03 1.95513E-04 8.46919E-01 
1.95513E-04 7.23552E-03 1.52032E-02 5.32129E-02 7.74287E-02 3.90257E-01 6.84271E-01 1.72689E-02 7.23552E-03 1.95513E-04 8.43713E-01 
1.95513E-04 8.41005E-03 1.60926E-02 5.25547E-02 7.59128E-02 3.83856E-01 6.76781E-01 1.81798E-02 8.41005E-03 1.95513E-04 8.26694E-01 
1.95513E-04 9.48995E-03 1.69012E-02 5.18311E-02 7.43385E-02 3.77216E-01 6.68804E-01 1.90035E-02 9.48995E-03 1.95513E-04 8.06975E-01 
1.95513E-04 1.04734E-02 1.76272E-02 5.10431E-02 7.27086E-02 3.70348E-01 6.60348E-01 1.97382E-02 1.04734E-02 1.95513E-04 7.84816E-01 
1.95513E-04 1.13594E-02 1.82696E-02 5.01924E-02 7.10260E-02 3.63263E-01 6.51423E-01 2.03829E-02 1.13594E-02 1.95513E-04 7.60500E-01 
1.05865E-03 1.21535E-02 1.88362E-02 4.93044E-02 6.93262E-02 3.56062E-01 6.42148E-01 2.09452E-02 1.21535E-02 1.05865E-03 7.31675E-01 
2.23792E-03 1.28501E-02 1.93178E-02 4.83499E-02 6.75689E-02 3.48633E-01 6.32386E-01 2.14158E-02 1.28501E-02 2.23792E-03 7.00960E-01 
3.31009E-03 1.34479E-02 1.97127E-02 4.73263E-02 6.57510E-02 3.40969E-01 6.22126E-01 2.17930E-02 1.34479E-02 3.31009E-03 6.69214E-01 
4.27526E-03 1.39481E-02 2.00219E-02 4.62379E-02 6.38786E-02 3.33087E-01 6.11384E-01 2.20777E-02 1.39481E-02 4.27526E-03 6.36738E-01 
5.13457E-03 1.43525E-02 2.02472E-02 4.50894E-02 6.19580E-02 3.25007E-01 6.00182E-01 2.22718E-02 1.43525E-02 5.13457E-03 6.03831E-01 
5.89009E-03 1.46639E-02 2.03914E-02 4.38862E-02 5.99963E-02 3.16748E-01 5.88545E-01 2.23780E-02 1.46639E-02 5.89009E-03 5.70780E-01 
6.54476E-03 1.48860E-02 2.04576E-02 4.26343E-02 5.80007E-02 3.08333E-01 5.76499E-01 2.23996E-02 1.48860E-02 6.54476E-03 5.37863E-01 
7.10234E-03 1.50231E-02 2.04499E-02 4.13398E-02 5.59788E-02 2.99784E-01 5.64074E-01 2.23409E-02 1.50231E-02 7.10234E-03 5.05335E-01 
7.56721E-03 1.50800E-02 2.03725E-02 4.00092E-02 5.39383E-02 2.91123E-01 5.51303E-01 2.22063E-02 1.50800E-02 7.56721E-03 4.73426E-01 
7.94435E-03 1.50621E-02 2.02303E-02 3.86494E-02 5.18868E-02 2.82375E-01 5.38219E-01 2.20012E-02 1.50621E-02 7.94435E-03 4.42342E-01 
8.23917E-03 1.49751E-02 2.00284E-02 3.72670E-02 4.98322E-02 2.73564E-01 5.24857E-01 2.17309E-02 1.49751E-02 8.23917E-03 4.12257E-01 
8.45743E-03 1.48250E-02 1.97722E-02 3.58688E-02 4.77818E-02 2.64712E-01 5.11255E-01 2.14012E-02 1.48250E-02 8.45743E-03 3.83318E-01 
8.60512E-03 1.46180E-02 1.94671E-02 3.44615E-02 4.57430E-02 2.55845E-01 4.97448E-01 2.10180E-02 1.46180E-02 8.60512E-03 3.55639E-01 
1.63504E-04 3.36907E-03 5.57818E-03 4.84261E-02 7.55019E-02 4.19662E-01 7.32694E-01 7.87370E-03 3.36907E-03 1.63504E-04 8.24109E-01 
1.63504E-04 3.36907E-03 6.70781E-03 4.81019E-02 7.43614E-02 4.14284E-01 7.26887E-01 9.04750E-03 3.36907E-03 1.63504E-04 8.27590E-01 
1.63504E-04 5.65242E-04 7.79159E-03 4.77551E-02 7.32108E-02 4.08779E-01 7.20757E-01 1.01697E-02 5.65242E-04 1.63504E-04 8.26527E-01 
1.63504E-04 1.83118E-03 8.83034E-03 4.73853E-02 7.20490E-02 4.03143E-01 7.14296E-01 1.12411E-02 1.83118E-03 1.63504E-04 8.20773E-01 
1.63504E-04 3.03252E-03 9.81382E-03 4.69648E-02 7.08384E-02 3.97288E-01 7.07414E-01 1.22519E-02 3.03252E-03 1.63504E-04 8.12238E-01 
1.63504E-04 4.16596E-03 1.07391E-02 4.64932E-02 6.95803E-02 3.91220E-01 7.00112E-01 1.31988E-02 4.16596E-03 1.63504E-04 8.01024E-01 
1.63504E-04 5.22884E-03 1.16039E-02 4.59706E-02 6.82760E-02 3.84946E-01 6.92393E-01 1.40793E-02 5.22884E-03 1.63504E-04 7.87267E-01 
1.63504E-04 6.00138E-03 1.22301E-02 4.55314E-02 6.72363E-02 3.79954E-01 6.86136E-01 1.47136E-02 6.00138E-03 1.63504E-04 7.74980E-01 
1.63504E-04 6.21890E-03 1.24060E-02 4.53973E-02 6.69273E-02 3.78472E-01 6.84260E-01 1.48911E-02 6.21890E-03 1.63504E-04 7.71130E-01 
1.63504E-04 7.20288E-03 1.31988E-02 4.47230E-02 6.54255E-02 3.71279E-01 6.75034E-01 1.56875E-02 7.20288E-03 1.63504E-04 7.51281E-01 
1.63504E-04 8.09875E-03 1.39156E-02 4.39918E-02 6.38772E-02 3.63876E-01 6.65346E-01 1.64004E-02 8.09875E-03 1.63504E-04 7.29149E-01 
1.63504E-04 8.90580E-03 1.45555E-02 4.32054E-02 6.22855E-02 3.56275E-01 6.55207E-01 1.70290E-02 8.90580E-03 1.63504E-04 7.05017E-01 
1.63504E-04 9.62397E-03 1.51185E-02 4.23662E-02 6.06540E-02 3.48492E-01 6.44635E-01 1.75731E-02 9.62397E-03 1.63504E-04 6.79188E-01 
8.83199E-04 1.02591E-02 1.56112E-02 4.14976E-02 5.90156E-02 3.40634E-01 6.33769E-01 1.80398E-02 1.02591E-02 8.83199E-04 6.49699E-01 
1.86032E-03 1.08069E-02 1.60273E-02 4.05740E-02 5.73341E-02 3.32586E-01 6.22455E-01 1.84224E-02 1.08069E-02 1.86032E-03 6.18829E-01 
2.74158E-03 1.12674E-02 1.63659E-02 3.95941E-02 5.56075E-02 3.24341E-01 6.10683E-01 1.87201E-02 1.12674E-02 2.74158E-03 5.87357E-01 
3.52794E-03 1.16423E-02 1.66287E-02 3.85623E-02 5.38420E-02 3.15920E-01 5.98477E-01 1.89345E-02 1.16423E-02 3.52794E-03 5.55570E-01 
4.22127E-03 1.19341E-02 1.68180E-02 3.74837E-02 5.20440E-02 3.07344E-01 5.85864E-01 1.90680E-02 1.19341E-02 4.22127E-03 5.23748E-01 
4.82424E-03 1.21462E-02 1.69367E-02 3.63636E-02 5.02204E-02 2.98636E-01 5.72874E-01 1.91239E-02 1.21462E-02 4.82424E-03 4.92156E-01 
5.34019E-03 1.22824E-02 1.69881E-02 3.52078E-02 4.83779E-02 2.89820E-01 5.59539E-01 1.91056E-02 1.22824E-02 5.34019E-03 4.61037E-01 
5.77313E-03 1.23472E-02 1.69762E-02 3.40221E-02 4.65238E-02 2.80918E-01 5.45892E-01 1.90177E-02 1.23472E-02 5.77313E-03 4.30610E-01 
6.12754E-03 1.23455E-02 1.69052E-02 3.28129E-02 4.46649E-02 2.71957E-01 5.31971E-01 1.88646E-02 1.23455E-02 6.12754E-03 4.01067E-01 
6.40834E-03 1.22824E-02 1.67798E-02 3.15861E-02 4.28082E-02 2.62958E-01 5.17812E-01 1.86515E-02 1.22824E-02 6.40834E-03 3.72571E-01 
6.62073E-03 1.21635E-02 1.66046E-02 3.03479E-02 4.09605E-02 2.53948E-01 5.03453E-01 1.83836E-02 1.21635E-02 6.62073E-03 3.45254E-01 
6.77014E-03 1.19943E-02 1.63845E-02 2.91042E-02 3.91283E-02 2.44948E-01 4.88933E-01 1.80664E-02 1.19943E-02 6.77014E-03 3.19220E-01 
6.86208E-03 1.17803E-02 1.61244E-02 2.78609E-02 3.73177E-02 2.35983E-01 4.74290E-01 1.77052E-02 1.17803E-02 6.86208E-03 2.94543E-01 
1.35968E-04 2.90347E-03 3.91014E-03 4.14269E-02 6.55692E-02 4.11426E-01 7.40130E-01 6.78034E-03 2.90347E-03 1.35968E-04 7.83780E-01 
1.35968E-04 2.90347E-03 4.95121E-03 4.10852E-02 6.44395E-02 4.05249E-01 7.32651E-01 7.85036E-03 2.90347E-03 1.35968E-04 7.82563E-01 
1.35968E-04 4.90670E-04 5.94554E-03 4.07222E-02 6.33033E-02 3.98966E-01 7.24871E-01 8.86685E-03 4.90670E-04 1.35968E-04 7.77162E-01 
1.35968E-04 1.58461E-03 6.89437E-03 4.03378E-02 6.21596E-02 3.92572E-01 7.16783E-01 9.83100E-03 1.58461E-03 1.35968E-04 7.67500E-01 
1.35968E-04 2.61586E-03 7.78916E-03 3.99068E-02 6.09738E-02 3.85975E-01 7.08281E-01 1.07345E-02 2.61586E-03 1.35968E-04 7.55298E-01 
1.35968E-04 3.58204E-03 8.62770E-03 3.94294E-02 5.97477E-02 3.79184E-01 6.99370E-01 1.15751E-02 3.58204E-03 1.35968E-04 7.40699E-01 
1.35968E-04 4.48134E-03 9.40829E-03 3.89064E-02 5.84832E-02 3.72206E-01 6.90056E-01 1.23507E-02 4.48134E-03 1.35968E-04 7.23872E-01 
1.35968E-04 5.13037E-03 9.97162E-03 3.84708E-02 5.74798E-02 3.66686E-01 6.82579E-01 1.29053E-02 5.13037E-03 1.35968E-04 7.09446E-01 
1.35968E-04 5.31235E-03 1.01296E-02 3.83385E-02 5.71825E-02 3.65053E-01 6.80349E-01 1.30599E-02 5.31235E-03 1.35968E-04 7.05011E-01 
1.35968E-04 6.13087E-03 1.08397E-02 3.76772E-02 5.57421E-02 3.57156E-01 6.69455E-01 1.37490E-02 6.13087E-03 1.35968E-04 6.82642E-01 
1.35968E-04 6.86847E-03 1.14792E-02 3.69672E-02 5.42656E-02 3.49082E-01 6.58132E-01 1.43590E-02 6.86847E-03 1.35968E-04 6.58443E-01 
1.35968E-04 7.52531E-03 1.20478E-02 3.62105E-02 5.27566E-02 3.40847E-01 6.46400E-01 1.48899E-02 7.52531E-03 1.35968E-04 6.32712E-01 
1.35968E-04 8.10217E-03 1.25462E-02 3.54100E-02 5.12189E-02 3.32467E-01 6.34279E-01 1.53422E-02 8.10217E-03 1.35968E-04 6.05756E-01 
7.32659E-04 8.60488E-03 1.29802E-02 3.45868E-02 4.96824E-02 3.24057E-01 6.21929E-01 1.57227E-02 8.60488E-03 7.32659E-04 5.75942E-01 
1.53763E-03 9.03053E-03 1.33456E-02 3.37192E-02 4.81152E-02 3.15497E-01 6.09181E-01 1.60265E-02 9.03053E-03 1.53763E-03 5.45244E-01 
2.25768E-03 9.37973E-03 1.36423E-02 3.28064E-02 4.65162E-02 3.06783E-01 5.96025E-01 1.62537E-02 9.37973E-03 2.25768E-03 5.14353E-01 
2.89445E-03 9.65481E-03 1.38724E-02 3.18531E-02 4.48912E-02 2.97937E-01 5.82491E-01 1.64064E-02 9.65481E-03 2.89445E-03 4.83539E-01 
3.45029E-03 9.85873E-03 1.40383E-02 3.08641E-02 4.32465E-02 2.88983E-01 5.68612E-01 1.64875E-02 9.85873E-03 3.45029E-03 4.53053E-01 
3.92823E-03 9.99503E-03 1.41430E-02 2.98448E-02 4.15886E-02 2.79944E-01 5.54421E-01 1.65003E-02 9.99503E-03 3.92823E-03 4.23127E-01 
4.33184E-03 1.00677E-02 1.41899E-02 2.88005E-02 3.99237E-02 2.70846E-01 5.39957E-01 1.64487E-02 1.00677E-02 4.33184E-03 3.93967E-01 
4.66515E-03 1.00812E-02 1.41826E-02 2.77368E-02 3.82583E-02 2.61712E-01 5.25255E-01 1.63369E-02 1.00812E-02 4.66515E-03 3.65753E-01 
4.93261E-03 1.00402E-02 1.41253E-02 2.66593E-02 3.65985E-02 2.52568E-01 5.10356E-01 1.61696E-02 1.00402E-02 4.93261E-03 3.38634E-01 
5.13890E-03 9.94962E-03 1.40221E-02 2.55733E-02 3.49505E-02 2.43438E-01 4.95299E-01 1.59515E-02 9.94962E-03 5.13890E-03 3.12729E-01 
5.28891E-03 9.81448E-03 1.38773E-02 2.44843E-02 3.33200E-02 2.34345E-01 4.80124E-01 1.56877E-02 9.81448E-03 5.28891E-03 2.88131E-01 
5.38762E-03 9.63983E-03 1.36952E-02 2.33975E-02 3.17125E-02 2.25311E-01 4.64871E-01 1.53830E-02 9.63983E-03 5.38762E-03 2.64901E-01 
5.44001E-03 9.43066E-03 1.34800E-02 2.23176E-02 3.01330E-02 2.16360E-01 4.49578E-01 1.50426E-02 9.43066E-03 5.44001E-03 2.43077E-01 
1.12514E-04 2.48677E-03 2.64302E-03 3.51064E-02 5.63244E-02 4.01205E-01 7.43243E-01 6.14198E-03 2.48677E-03 1.12514E-04 7.47342E-01 
1.12514E-04 2.48677E-03 3.60097E-03 3.47657E-02 5.52406E-02 3.94293E-01 7.34132E-01 7.10643E-03 2.48677E-03 1.12514E-04 7.41465E-01 
1.12514E-04 4.23272E-04 4.51260E-03 3.44053E-02 5.41533E-02 3.87302E-01 7.24752E-01 8.01681E-03 4.23272E-04 1.12514E-04 7.31826E-01 
1.12514E-04 1.36272E-03 5.37946E-03 3.40253E-02 5.30620E-02 3.80226E-01 7.15095E-01 8.87467E-03 1.36272E-03 1.12514E-04 7.18407E-01 
1.12514E-04 2.24250E-03 6.19450E-03 3.36032E-02 5.19350E-02 3.72967E-01 7.05039E-01 9.67301E-03 2.24250E-03 1.12514E-04 7.02751E-01 
1.12514E-04 3.06103E-03 6.95612E-03 3.31397E-02 5.07745E-02 3.65536E-01 6.94594E-01 1.04101E-02 3.06103E-03 1.12514E-04 6.85034E-01 
1.12514E-04 3.81721E-03 7.66318E-03 3.26358E-02 4.95826E-02 3.57944E-01 6.83771E-01 1.10847E-02 3.81721E-03 1.12514E-04 6.65454E-01 
1.12514E-04 4.35908E-03 8.17229E-03 3.22190E-02 4.86404E-02 3.51967E-01 6.75146E-01 1.15632E-02 4.35908E-03 1.12514E-04 6.49160E-01 
1.12514E-04 4.51036E-03 8.31485E-03 3.20928E-02 4.83618E-02 3.50204E-01 6.72584E-01 1.16960E-02 4.51036E-03 1.12514E-04 6.44224E-01 
1.12514E-04 5.18687E-03 8.95494E-03 3.14653E-02 4.70162E-02 3.41707E-01 6.60132E-01 1.22836E-02 5.18687E-03 1.12514E-04 6.19748E-01 
1.12514E-04 5.79008E-03 9.53005E-03 3.07964E-02 4.56436E-02 3.33070E-01 6.47296E-01 1.27971E-02 5.79008E-03 1.12514E-04 5.93915E-01 
1.12514E-04 6.32085E-03 1.00406E-02 3.00887E-02 4.42476E-02 3.24312E-01 6.34100E-01 1.32372E-02 6.32085E-03 1.12514E-04 5.67027E-01 
1.12514E-04 6.78053E-03 1.04875E-02 2.93452E-02 4.28322E-02 3.15451E-01 6.20570E-01 1.36049E-02 6.78053E-03 1.12514E-04 5.39382E-01 
6.04809E-04 7.17486E-03 1.08759E-02 2.85850E-02 4.14242E-02 3.06606E-01 6.06882E-01 1.39068E-02 7.17486E-03 6.04809E-04 5.09621E-01 
1.26473E-03 7.50189E-03 1.12031E-02 2.77893E-02 3.99956E-02 2.97653E-01 5.92853E-01 1.41393E-02 7.50189E-03 1.26473E-03 4.79440E-01 
1.85022E-03 7.76284E-03 1.14698E-02 2.69581E-02 3.85459E-02 2.88590E-01 5.78475E-01 1.43031E-02 7.76284E-03 1.85022E-03 4.49446E-01 
2.36332E-03 7.96032E-03 1.16781E-02 2.60959E-02 3.70808E-02 2.79441E-01 5.63782E-01 1.44009E-02 7.96032E-03 2.36332E-03 4.19879E-01 
2.80671E-03 8.09751E-03 1.18305E-02 2.52075E-02 3.56060E-02 2.70231E-01 5.48813E-01 1.44356E-02 8.09751E-03 2.80671E-03 3.90959E-01 
3.18355E-03 8.17800E-03 1.19299E-02 2.42977E-02 3.41273E-02 2.60984E-01 5.33604E-01 1.44107E-02 8.17800E-03 3.18355E-03 3.62877E-01 
3.49746E-03 8.20573E-03 1.19794E-02 2.33716E-02 3.26506E-02 2.51726E-01 5.18196E-01 1.43300E-02 8.20573E-03 3.49746E-03 3.35800E-01 
3.75239E-03 8.18495E-03 1.19826E-02 2.24342E-02 3.11813E-02 2.42481E-01 5.02630E-01 1.41979E-02 8.18495E-03 3.75239E-03 3.09866E-01 
3.95256E-03 8.12005E-03 1.19431E-02 2.14903E-02 2.97249E-02 2.33274E-01 4.86946E-01 1.40186E-02 8.12005E-03 3.95256E-03 2.85182E-01 
4.10234E-03 8.01555E-03 1.18645E-02 2.05447E-02 2.82866E-02 2.24128E-01 4.71186E-01 1.37967E-02 8.01555E-03 4.10234E-03 2.61826E-01 
4.20620E-03 7.87598E-03 1.17507E-02 1.96022E-02 2.68712E-02 2.15066E-01 4.55391E-01 1.35367E-02 7.87598E-03 4.20620E-03 2.39851E-01 
4.26863E-03 7.70583E-03 1.16054E-02 1.86669E-02 2.54831E-02 2.06108E-01 4.39601E-01 1.32434E-02 7.70583E-03 4.26863E-03 2.19283E-01 
4.29405E-03 7.50947E-03 1.14323E-02 1.77429E-02 2.41264E-02 1.97275E-01 4.23854E-01 1.29211E-02 7.50947E-03 4.29405E-03 2.00125E-01 
9.22112E-05 2.10702E-03 1.69127E-03 2.93675E-02 4.77111E-02 3.88789E-01 7.41926E-01 5.86993E-03 2.10702E-03 9.22112E-05 7.11896E-01 
9.22112E-05 2.10702E-03 2.57007E-03 2.90403E-02 4.66990E-02 3.81210E-01 7.31221E-01 6.72409E-03 2.10702E-03 9.22112E-05 7.01460E-01 
9.22112E-05 3.61193E-04 3.40417E-03 2.86954E-02 4.56862E-02 3.73580E-01 7.20288E-01 7.52506E-03 3.61193E-04 9.22112E-05 6.87749E-01 
9.22112E-05 1.15928E-03 4.19530E-03 2.83334E-02 4.46724E-02 3.65897E-01 7.09119E-01 8.27462E-03 1.15928E-03 9.22112E-05 6.70792E-01 
9.22112E-05 1.90179E-03 4.93776E-03 2.79339E-02 4.36291E-02 3.58055E-01 6.97574E-01 8.96683E-03 1.90179E-03 9.22112E-05 6.51962E-01 
9.22112E-05 2.58777E-03 5.63043E-03 2.74980E-02 4.25585E-02 3.50069E-01 6.85670E-01 9.60055E-03 2.58777E-03 9.22112E-05 6.31458E-01 
9.22112E-05 3.21674E-03 6.27259E-03 2.70272E-02 4.14631E-02 3.41951E-01 6.73421E-01 1.01751E-02 3.21674E-03 9.22112E-05 6.09496E-01 
9.22112E-05 3.66419E-03 6.73451E-03 2.66398E-02 4.06001E-02 3.35589E-01 6.63719E-01 1.05788E-02 3.66419E-03 9.22112E-05 5.91644E-01 
9.22112E-05 3.78856E-03 6.86381E-03 2.65229E-02 4.03455E-02 3.33717E-01 6.60847E-01 1.06901E-02 3.78856E-03 9.22112E-05 5.86301E-01 
9.22112E-05 4.34143E-03 7.44412E-03 2.59437E-02 3.91185E-02 3.24725E-01 6.46946E-01 1.11789E-02 4.34143E-03 9.22112E-05 5.60177E-01 
9.22112E-05 4.82902E-03 7.96542E-03 2.53302E-02 3.78724E-02 3.15634E-01 6.32715E-01 1.15993E-02 4.82902E-03 9.22112E-05 5.33183E-01 
9.22112E-05 5.25266E-03 8.42847E-03 2.46850E-02 3.66107E-02 3.06464E-01 6.18183E-01 1.19523E-02 5.25266E-03 9.22112E-05 5.05609E-01 
9.22112E-05 5.61413E-03 8.83438E-03 2.40113E-02 3.53372E-02 2.97235E-01 6.03380E-01 1.22396E-02 5.61413E-03 9.22112E-05 4.77734E-01 
4.94463E-04 5.91887E-03 9.18734E-03 2.33257E-02 3.40755E-02 2.88069E-01 5.88498E-01 1.24673E-02 5.91887E-03 4.94463E-04 4.48431E-01 
1.03024E-03 6.16575E-03 9.48620E-03 2.26126E-02 3.28015E-02 2.78842E-01 5.73339E-01 1.26329E-02 6.16575E-03 1.03024E-03 4.19138E-01 
1.50166E-03 6.35635E-03 9.73199E-03 2.18724E-02 3.15151E-02 2.69549E-01 5.57897E-01 1.27378E-02 6.35635E-03 1.50166E-03 3.90374E-01 
1.91103E-03 6.49343E-03 9.92673E-03 2.11093E-02 3.02215E-02 2.60216E-01 5.42212E-01 1.27846E-02 6.49343E-03 1.91103E-03 3.62346E-01 
2.26112E-03 6.58019E-03 1.00728E-02 2.03277E-02 2.89258E-02 2.50870E-01 5.26323E-01 1.27765E-02 6.58019E-03 2.26112E-03 3.35232E-01 
2.55511E-03 6.62012E-03 1.01729E-02 1.95321E-02 2.76334E-02 2.41535E-01 5.10273E-01 1.27169E-02 6.62012E-03 2.55511E-03 3.09185E-01 
2.79652E-03 6.61698E-03 1.02298E-02 1.87269E-02 2.63491E-02 2.32236E-01 4.94103E-01 1.26096E-02 6.61698E-03 2.79652E-03 2.84329E-01 
2.98907E-03 6.57470E-03 1.02468E-02 1.79166E-02 2.50778E-02 2.22997E-01 4.77857E-01 1.24586E-02 6.57470E-03 2.98907E-03 2.60758E-01 
3.13666E-03 6.49730E-03 1.02270E-02 1.71054E-02 2.38240E-02 2.13842E-01 4.61576E-01 1.22681E-02 6.49730E-03 3.13666E-03 2.38538E-01 
3.24328E-03 6.38881E-03 1.01737E-02 1.62973E-02 2.25921E-02 2.04793E-01 4.45302E-01 1.20423E-02 6.38881E-03 3.24328E-03 2.17711E-01 
3.31292E-03 6.25323E-03 1.00900E-02 1.54963E-02 2.13859E-02 1.95870E-01 4.29076E-01 1.17853E-02 6.25323E-03 3.31292E-03 1.98292E-01 
3.34954E-03 6.09446E-03 9.97911E-03 1.47059E-02 2.02089E-02 1.87094E-01 4.12938E-01 1.15012E-02 6.09446E-03 3.34954E-03 1.80274E-01 
3.35697E-03 5.91625E-03 9.84416E-03 1.39292E-02 1.90643E-02 1.78482E-01 3.96925E-01 1.11942E-02 5.91625E-03 3.35697E-03 1.63635E-01 
7.49781E-05 1.76760E-03 1.01747E-03 2.43003E-02 3.99383E-02 3.74367E-01 7.36078E-01 5.89540E-03 1.76760E-03 7.49781E-05 6.76170E-01 
7.49781E-05 1.76760E-03 1.82343E-03 2.39947E-02 3.90141E-02 3.66211E-01 7.23870E-01 6.63648E-03 1.76760E-03 7.49781E-05 6.61513E-01 
7.49781E-05 3.05086E-04 2.58725E-03 2.36738E-02 3.80917E-02 3.58039E-01 7.11482E-01 7.32656E-03 3.05086E-04 7.49781E-05 6.44118E-01 
7.49781E-05 9.76317E-04 3.31070E-03 2.33383E-02 3.71709E-02 3.49846E-01 6.98907E-01 7.96755E-03 9.76317E-04 7.49781E-05 6.24044E-01 
7.49781E-05 1.59684E-03 3.98929E-03 2.29702E-02 3.62262E-02 3.41523E-01 6.85989E-01 8.55429E-03 1.59684E-03 7.49781E-05 6.02500E-01 
7.49781E-05 2.16621E-03 4.62222E-03 2.25709E-02 3.52601E-02 3.33087E-01 6.72748E-01 9.08614E-03 2.16621E-03 7.49781E-05 5.79701E-01 
7.49781E-05 2.68440E-03 5.20905E-03 2.21418E-02 3.42748E-02 3.24552E-01 6.59204E-01 9.56287E-03 2.68440E-03 7.49781E-05 5.55866E-01 
7.49781E-05 3.05040E-03 5.63135E-03 2.17904E-02 3.35010E-02 3.17891E-01 6.48531E-01 9.89398E-03 3.05040E-03 7.49781E-05 5.36858E-01 
7.49781E-05 3.15170E-03 5.74960E-03 2.16846E-02 3.32731E-02 3.15935E-01 6.45381E-01 9.98459E-03 3.15170E-03 7.49781E-05 5.31224E-01 
7.49781E-05 3.59927E-03 6.28074E-03 2.11623E-02 3.21775E-02 3.06569E-01 6.30188E-01 1.03782E-02 3.59927E-03 7.49781E-05 5.04008E-01 
7.49781E-05 3.98961E-03 6.75872E-03 2.06121E-02 3.10691E-02 2.97148E-01 6.14727E-01 1.07095E-02 3.98961E-03 7.49781E-05 4.76395E-01 
7.49781E-05 4.32437E-03 7.18443E-03 2.00366E-02 2.99515E-02 2.87692E-01 5.99031E-01 1.09799E-02 4.32437E-03 7.49781E-05 4.48652E-01 
7.49781E-05 4.60554E-03 7.55907E-03 1.94389E-02 2.88281E-02 2.78223E-01 5.83133E-01 1.11913E-02 4.60554E-03 7.49781E-05 4.21030E-01 
4.01094E-04 4.83818E-03 7.88583E-03 1.88333E-02 2.77192E-02 2.68863E-01 5.67237E-01 1.13496E-02 4.83818E-03 4.01094E-04 3.92593E-01 
8.32738E-04 5.02176E-03 8.16476E-03 1.82070E-02 2.66045E-02 2.59486E-01 5.51135E-01 1.14530E-02 5.02176E-03 8.32738E-04 3.64540E-01 
1.20943E-03 5.15805E-03 8.39705E-03 1.75605E-02 2.54841E-02 2.50088E-01 5.34821E-01 1.15031E-02 5.15805E-03 1.20943E-03 3.37308E-01 
1.53356E-03 5.24982E-03 8.58454E-03 1.68977E-02 2.43625E-02 2.40698E-01 5.18338E-01 1.15028E-02 5.24982E-03 1.53356E-03 3.11063E-01 
1.80788E-03 5.30014E-03 8.72939E-03 1.62227E-02 2.32445E-02 2.31339E-01 5.01729E-01 1.14551E-02 5.30014E-03 1.80788E-03 2.85943E-01 
2.03546E-03 5.31230E-03 8.83396E-03 1.55393E-02 2.21343E-02 2.22036E-01 4.85039E-01 1.13634E-02 5.31230E-03 2.03546E-03 2.62058E-01 
2.21958E-03 5.28976E-03 8.90081E-03 1.48514E-02 2.10364E-02 2.12814E-01 4.68310E-01 1.12313E-02 5.28976E-03 2.21958E-03 2.39491E-01 
2.36367E-03 5.23606E-03 8.93260E-03 1.41629E-02 1.99547E-02 2.03696E-01 4.51586E-01 1.10626E-02 5.23606E-03 2.36367E-03 2.18296E-01 
2.47125E-03 5.15479E-03 8.93206E-03 1.34772E-02 1.88931E-02 1.94704E-01 4.34909E-01 1.08611E-02 5.15479E-03 2.47125E-03 1.98503E-01 
2.54586E-03 5.04947E-03 8.90195E-03 1.27979E-02 1.78548E-02 1.85857E-01 4.18322E-01 1.06307E-02 5.04947E-03 2.54586E-03 1.80117E-01 
2.59100E-03 4.92357E-03 8.84498E-03 1.21280E-02 1.68430E-02 1.77176E-01 4.01863E-01 1.03751E-02 4.92357E-03 2.59100E-03 1.63125E-01 
2.61010E-03 4.78040E-03 8.76381E-03 1.14704E-02 1.58605E-02 1.68676E-01 3.85572E-01 1.00980E-02 4.78040E-03 2.61010E-03 1.47492E-01 
2.60642E-03 4.62312E-03 8.66102E-03 1.08276E-02 1.49096E-02 1.60375E-01 3.69484E-01 9.80301E-03 4.62312E-03 2.60642E-03 1.33174E-01 
6.03925E-05 1.46548E-03 5.74431E-04 1.98675E-02 3.30144E-02 3.57980E-01 7.25713E-01 6.14366E-03 1.46548E-03 6.03925E-05 6.38755E-01 
6.03925E-05 1.46548E-03 1.31516E-03 1.95883E-02 3.21872E-02 3.49352E-01 7.12117E-01 6.76977E-03 1.46548E-03 6.03925E-05 6.20372E-01 
6.03925E-05 2.54588E-04 2.01694E-03 1.92965E-02 3.13639E-02 3.40743E-01 6.98396E-01 7.34820E-03 2.54588E-04 6.03925E-05 5.99816E-01 
6.03925E-05 8.12438E-04 2.68140E-03 1.89927E-02 3.05444E-02 3.32149E-01 6.84542E-01 7.88084E-03 8.12438E-04 6.03925E-05 5.77167E-01 
6.03925E-05 1.32502E-03 3.30515E-03 1.86612E-02 2.97062E-02 3.23457E-01 6.70385E-01 8.36315E-03 1.32502E-03 6.03925E-05 5.53472E-01 
6.03925E-05 1.79225E-03 3.88758E-03 1.83034E-02 2.88516E-02 3.14685E-01 6.55951E-01 8.79487E-03 1.79225E-03 6.03925E-05 5.28950E-01 
6.03925E-05 2.21442E-03 4.42839E-03 1.79209E-02 2.79830E-02 3.05848E-01 6.41261E-01 9.17612E-03 2.21442E-03 6.03925E-05 5.03818E-01 
6.03925E-05 2.51050E-03 4.81823E-03 1.76091E-02 2.73028E-02 2.98978E-01 6.29737E-01 9.43673E-03 2.51050E-03 6.03925E-05 4.84091E-01 
6.03925E-05 2.59209E-03 4.92751E-03 1.75154E-02 2.71027E-02 2.96966E-01 6.26343E-01 9.50731E-03 2.59209E-03 6.03925E-05 4.78293E-01 
6.03925E-05 2.95043E-03 5.41919E-03 1.70544E-02 2.61434E-02 2.87356E-01 6.10033E-01 9.80922E-03 2.95043E-03 6.03925E-05 4.50576E-01 
6.03925E-05 3.25947E-03 5.86316E-03 1.65712E-02 2.51765E-02 2.77734E-01 5.93523E-01 1.00552E-02 3.25947E-03 6.03925E-05 4.22902E-01 
6.03925E-05 3.52096E-03 6.26028E-03 1.60684E-02 2.42052E-02 2.68121E-01 5.76847E-01 1.02469E-02 3.52096E-03 6.03925E-05 3.95507E-01 
6.03925E-05 3.73699E-03 6.61169E-03 1.55487E-02 2.32327E-02 2.58540E-01 5.60044E-01 1.03864E-02 3.73699E-03 6.03925E-05 3.68607E-01 
3.22315E-04 3.91213E-03 6.91960E-03 1.50244E-02 2.22762E-02 2.49112E-01 5.43327E-01 1.04794E-02 3.91213E-03 3.22315E-04 3.41421E-01 
6.66863E-04 4.04629E-03 7.18499E-03 1.44849E-02 2.13187E-02 2.39711E-01 5.26477E-01 1.05244E-02 4.04629E-03 6.66863E-04 3.14934E-01 
9.65128E-04 4.14130E-03 7.40906E-03 1.39310E-02 2.03603E-02 2.30334E-01 5.09490E-01 1.05234E-02 4.14130E-03 9.65128E-04 2.89502E-01 
1.21946E-03 4.19980E-03 7.59342E-03 1.33661E-02 1.94051E-02 2.21006E-01 4.92412E-01 1.04790E-02 4.19980E-03 1.21946E-03 2.65247E-01 
1.43248E-03 4.22465E-03 7.73989E-03 1.27937E-02 1.84571E-02 2.11754E-01 4.75286E-01 1.03942E-02 4.22465E-03 1.43248E-03 2.42269E-01 
1.60703E-03 4.21884E-03 7.85051E-03 1.22172E-02 1.75199E-02 2.02600E-01 4.58158E-01 1.02723E-02 4.21884E-03 1.60703E-03 2.20635E-01 
1.74611E-03 4.18548E-03 7.92741E-03 1.16399E-02 1.65972E-02 1.93568E-01 4.41073E-01 1.01168E-02 4.18548E-03 1.74611E-03 2.00391E-01 
1.85278E-03 4.12768E-03 7.97286E-03 1.10650E-02 1.56922E-02 1.84678E-01 4.24073E-01 9.93096E-03 4.12768E-03 1.85278E-03 1.81554E-01 
1.93015E-03 4.04856E-03 7.98913E-03 1.04954E-02 1.48079E-02 1.75951E-01 4.07200E-01 9.71842E-03 4.04856E-03 1.93015E-03 1.64121E-01 
1.98130E-03 3.95115E-03 7.97852E-03 9.93393E-03 1.39470E-02 1.67405E-01 3.90495E-01 9.48259E-03 3.95115E-03 1.98130E-03 1.48070E-01 
2.00924E-03 3.83836E-03 7.94331E-03 9.38303E-03 1.31119E-02 1.59057E-01 3.73996E-01 9.22686E-03 3.83836E-03 2.00924E-03 1.33360E-01 
2.01686E-03 3.71297E-03 7.88572E-03 8.84494E-03 1.23047E-02 1.50921E-01 3.57738E-01 8.95451E-03 3.71297E-03 2.01686E-03 1.19938E-01 
2.00693E-03 3.57759E-03 7.80789E-03 8.32162E-03 1.15269E-02 1.43010E-01 3.41756E-01 8.66864E-03 3.57759E-03 2.00693E-03 1.07741E-01 
4.81588E-05 1.19957E-03 3.32413E-04 1.60420E-02 2.69507E-02 3.39785E-01 7.10943E-01 6.54639E-03 1.19957E-03 4.81588E-05 5.98949E-01 
4.81588E-05 1.19957E-03 1.01710E-03 1.57916E-02 2.62236E-02 3.30802E-01 6.96103E-01 7.05747E-03 1.19957E-03 4.81588E-05 5.77481E-01 
4.81588E-05 2.09660E-04 1.66619E-03 1.55313E-02 2.55020E-02 3.21874E-01 6.81196E-01 7.52508E-03 2.09660E-04 4.81588E-05 5.54413E-01 
4.81588E-05 6.67323E-04 2.28111E-03 1.52618E-02 2.47860E-02 3.12998E-01 6.66216E-01 7.95102E-03 6.67323E-04 4.81588E-05 5.29831E-01 
4.81588E-05 1.08544E-03 2.85946E-03 1.49693E-02 2.40560E-02 3.04057E-01 6.50979E-01 8.33113E-03 1.08544E-03 4.81588E-05 5.04629E-01 
4.81588E-05 1.46419E-03 3.40068E-03 1.46553E-02 2.33140E-02 2.95071E-01 6.35515E-01 8.66545E-03 1.46419E-03 4.81588E-05 4.79018E-01 
4.81588E-05 1.80405E-03 3.90449E-03 1.43213E-02 2.25622E-02 2.86056E-01 6.19850E-01 8.95436E-03 1.80405E-03 4.81588E-05 4.53204E-01 
4.81588E-05 2.04077E-03 4.26858E-03 1.40501E-02 2.19752E-02 2.79074E-01 6.07610E-01 9.14713E-03 2.04077E-03 4.81588E-05 4.33218E-01 
4.81588E-05 2.10572E-03 4.37080E-03 1.39689E-02 2.18028E-02 2.77032E-01 6.04014E-01 9.19850E-03 2.10572E-03 4.81588E-05 4.27386E-01 
4.81588E-05 2.38933E-03 4.83175E-03 1.35701E-02 2.09781E-02 2.67310E-01 5.86779E-01 9.41267E-03 2.38933E-03 4.81588E-05 3.99762E-01 
4.81588E-05 2.63117E-03 5.24973E-03 1.31542E-02 2.01498E-02 2.57620E-01 5.69416E-01 9.57742E-03 2.63117E-03 4.81588E-05 3.72573E-01 
4.81588E-05 2.83303E-03 5.62545E-03 1.27235E-02 1.93208E-02 2.47982E-01 5.51963E-01 9.69461E-03 2.83303E-03 4.81588E-05 3.46017E-01 
4.81588E-05 2.99693E-03 5.95989E-03 1.22804E-02 1.84938E-02 2.38417E-01 5.34459E-01 9.76641E-03 2.99693E-03 4.81588E-05 3.20271E-01 
2.56444E-04 3.12690E-03 6.25432E-03 1.18352E-02 1.76834E-02 2.29048E-01 5.17124E-01 9.79805E-03 3.12690E-03 2.56444E-04 2.94679E-01 
5.28799E-04 3.22316E-03 6.51042E-03 1.13794E-02 1.68752E-02 2.19746E-01 4.99731E-01 9.78857E-03 3.22316E-03 5.28799E-04 2.70034E-01 
7.62718E-04 3.28750E-03 6.72934E-03 1.09137E-02 1.60695E-02 2.10509E-01 4.82278E-01 9.73969E-03 3.28750E-03 7.62718E-04 2.46613E-01 
9.60408E-04 3.32234E-03 6.91237E-03 1.04410E-02 1.52699E-02 2.01362E-01 4.64810E-01 9.65411E-03 3.32234E-03 9.60408E-04 2.24501E-01 
1.12429E-03 3.33024E-03 7.06100E-03 9.96452E-03 1.44795E-02 1.92329E-01 4.47373E-01 9.53471E-03 3.33024E-03 1.12429E-03 2.03756E-01 
1.25691E-03 3.31388E-03 7.17691E-03 9.48693E-03 1.37014E-02 1.83433E-01 4.30013E-01 9.38452E-03 3.31388E-03 1.25691E-03 1.84410E-01 
1.36094E-03 3.27594E-03 7.26186E-03 9.01102E-03 1.29386E-02 1.74694E-01 4.12773E-01 9.20669E-03 3.27594E-03 1.36094E-03 1.66473E-01 
1.43905E-03 3.21913E-03 7.31770E-03 8.53939E-03 1.21937E-02 1.66131E-01 3.95696E-01 9.00436E-03 3.21913E-03 1.43905E-03 1.49932E-01 
1.49393E-03 3.14608E-03 7.34635E-03 8.07441E-03 1.14689E-02 1.57762E-01 3.78822E-01 8.78071E-03 3.14608E-03 1.49393E-03 1.34756E-01 
1.52820E-03 3.05934E-03 7.34972E-03 7.61826E-03 1.07664E-02 1.49603E-01 3.62188E-01 8.53883E-03 3.05934E-03 1.52820E-03 1.20901E-01 
1.54440E-03 2.96133E-03 7.32971E-03 7.17288E-03 1.00879E-02 1.41668E-01 3.45832E-01 8.28171E-03 2.96133E-03 1.54440E-03 1.08307E-01 
1.54494E-03 2.85432E-03 7.28820E-03 6.73997E-03 9.43487E-03 1.33969E-01 3.29784E-01 8.01223E-03 2.85432E-03 1.54494E-03 9.69064E-02 
1.53210E-03 2.74042E-03 7.22702E-03 6.32096E-03 8.80843E-03 1.26517E-01 3.14077E-01 7.73308E-03 2.74042E-03 1.53210E-03 8.66247E-02 
3.79706E-05 9.67862E-04 2.76000E-04 1.27742E-02 2.17108E-02 3.19931E-01 6.91910E-01 7.04307E-03 9.67862E-04 3.79706E-05 5.56429E-01 
3.79706E-05 9.67862E-04 9.14612E-04 1.25534E-02 2.10823E-02 3.10719E-01 6.75987E-01 7.44074E-03 9.67862E-04 3.79706E-05 5.32613E-01 
3.79706E-05 1.70105E-04 1.52075E-03 1.23255E-02 2.04609E-02 3.01599E-01 6.60061E-01 7.79980E-03 1.70105E-04 3.79706E-05 5.07757E-01 
3.79706E-05 5.40139E-04 2.09556E-03 1.20910E-02 1.98463E-02 2.92566E-01 6.44125E-01 8.12188E-03 5.40139E-04 3.79706E-05 4.81942E-01 
3.79706E-05 8.76420E-04 2.63757E-03 1.18380E-02 1.92217E-02 2.83504E-01 6.27985E-01 8.40304E-03 8.76420E-04 3.79706E-05 4.55914E-01 
3.79706E-05 1.17925E-03 3.14616E-03 1.15680E-02 1.85890E-02 2.74430E-01 6.11672E-01 8.64354E-03 1.17925E-03 3.79706E-05 4.29868E-01 
3.79706E-05 1.44920E-03 3.62097E-03 1.12821E-02 1.79499E-02 2.65363E-01 5.95216E-01 8.84392E-03 1.44920E-03 3.79706E-05 4.03990E-01 
3.79706E-05 1.63599E-03 3.96505E-03 1.10511E-02 1.74524E-02 2.58365E-01 5.82404E-01 8.97194E-03 1.63599E-03 3.79706E-05 3.84193E-01 
3.79706E-05 1.68704E-03 4.06181E-03 1.09820E-02 1.73065E-02 2.56323E-01 5.78647E-01 9.00499E-03 1.68704E-03 3.79706E-05 3.78455E-01 
3.79706E-05 1.90863E-03 4.49909E-03 1.06441E-02 1.66101E-02 2.46623E-01 5.60694E-01 9.13582E-03 1.90863E-03 3.79706E-05 3.51491E-01 
3.79706E-05 2.09548E-03 4.89717E-03 1.02933E-02 1.59132E-02 2.36996E-01 5.42687E-01 9.22379E-03 2.09548E-03 3.79706E-05 3.25294E-01 
3.79706E-05 2.24930E-03 5.25656E-03 9.93172E-03 1.52182E-02 2.27462E-01 5.24666E-01 9.27081E-03 2.24930E-03 3.79706E-05 3.00021E-01 
3.79706E-05 2.37195E-03 5.57800E-03 9.56149E-03 1.45274E-02 2.18041E-01 5.06670E-01 9.27902E-03 2.37195E-03 3.79706E-05 2.75803E-01 
2.01754E-04 2.46692E-03 5.86190E-03 9.19104E-03 1.38527E-02 2.08850E-01 4.88925E-01 9.25345E-03 2.46692E-03 2.01754E-04 2.52092E-01 
4.14684E-04 2.53460E-03 6.11050E-03 8.81346E-03 1.31824E-02 1.99765E-01 4.71198E-01 9.19315E-03 2.53460E-03 4.14684E-04 2.29505E-01 
5.96169E-04 2.57665E-03 6.32481E-03 8.42954E-03 1.25169E-02 1.90783E-01 4.53486E-01 9.09979E-03 2.57665E-03 5.96169E-04 2.08251E-01 
7.48213E-04 2.59524E-03 6.50582E-03 8.04182E-03 1.18589E-02 1.81926E-01 4.35835E-01 8.97593E-03 2.59524E-03 7.48213E-04 1.88378E-01 
8.72969E-04 2.59261E-03 6.65471E-03 7.65273E-03 1.12112E-02 1.73218E-01 4.18291E-01 8.82428E-03 2.59261E-03 8.72969E-04 1.69906E-01 
9.72683E-04 2.57105E-03 6.77281E-03 7.26462E-03 1.05761E-02 1.64678E-01 4.00899E-01 8.64762E-03 2.57105E-03 9.72683E-04 1.52837E-01 
1.04965E-03 2.53286E-03 6.86158E-03 6.87971E-03 9.95605E-03 1.56325E-01 3.83702E-01 8.44884E-03 2.53286E-03 1.04965E-03 1.37151E-01 
1.10616E-03 2.48032E-03 6.92253E-03 6.50006E-03 9.35299E-03 1.48177E-01 3.66739E-01 8.23078E-03 2.48032E-03 1.10616E-03 1.22810E-01 
1.14449E-03 2.41562E-03 6.95728E-03 6.12754E-03 8.76872E-03 1.40248E-01 3.50048E-01 7.99626E-03 2.41562E-03 1.14449E-03 1.09764E-01 
1.16683E-03 2.34085E-03 6.96745E-03 5.76382E-03 8.20476E-03 1.32551E-01 3.33666E-01 7.74803E-03 2.34085E-03 1.16683E-03 9.79481E-02 
1.17527E-03 2.25799E-03 6.95470E-03 5.41035E-03 7.66235E-03 1.25098E-01 3.17623E-01 7.48872E-03 2.25799E-03 1.17527E-03 8.72922E-02 
1.17180E-03 2.16885E-03 6.92066E-03 5.06839E-03 7.14249E-03 1.17898E-01 3.01951E-01 7.22082E-03 2.16885E-03 1.17180E-03 7.77188E-02 
1.15826E-03 2.07510E-03 6.86696E-03 4.73897E-03 6.64592E-03 1.10959E-01 2.86674E-01 6.94668E-03 2.07510E-03 1.15826E-03 6.91476E-02 
2.95869E-05 7.69041E-04 4.05897E-04 1.00214E-02 1.72580E-02 2.98689E-01 6.68879E-01 7.57874E-03 7.69041E-04 2.95869E-05 5.11456E-01 
2.95869E-05 7.69041E-04 1.00837E-03 9.82991E-03 1.67235E-02 2.89381E-01 6.52058E-01 7.86669E-03 7.69041E-04 2.95869E-05 4.86092E-01 
2.95869E-05 1.35832E-04 1.58087E-03 9.63392E-03 1.61970E-02 2.80200E-01 6.35301E-01 8.12130E-03 1.35832E-04 2.95869E-05 4.60212E-01 
2.95869E-05 4.30404E-04 2.12422E-03 9.43371E-03 1.56782E-02 2.71140E-01 6.18598E-01 8.34395E-03 4.30404E-04 2.95869E-05 4.33883E-01 
2.95869E-05 6.96838E-04 2.63783E-03 9.21925E-03 1.51529E-02 2.62084E-01 6.01746E-01 8.53080E-03 6.96838E-04 2.95869E-05 4.07710E-01 
2.95869E-05 9.35486E-04 3.12095E-03 8.99164E-03 1.46225E-02 2.53051E-01 5.84779E-01 8.68227E-03 9.35486E-04 2.95869E-05 3.81867E-01 
2.95869E-05 1.14692E-03 3.57305E-03 8.75204E-03 1.40886E-02 2.44059E-01 5.67728E-01 8.79899E-03 1.14692E-03 2.95869E-05 3.56513E-01 
2.95869E-05 1.29232E-03 3.90135E-03 8.55922E-03 1.36741E-02 2.37140E-01 5.54500E-01 8.86603E-03 1.29232E-03 2.95869E-05 3.37324E-01 
2.95869E-05 1.33189E-03 3.99379E-03 8.50171E-03 1.35529E-02 2.35125E-01 5.50628E-01 8.88187E-03 1.33189E-03 2.95869E-05 3.31795E-01 
2.95869E-05 1.50274E-03 4.41213E-03 8.22126E-03 1.29750E-02 2.25580E-01 5.32172E-01 8.93458E-03 1.50274E-03 2.95869E-05 3.06003E-01 
2.95869E-05 1.64524E-03 4.79389E-03 7.93156E-03 1.23987E-02 2.16143E-01 5.13737E-01 8.95086E-03 1.64524E-03 2.95869E-05 2.81240E-01 
2.95869E-05 1.76093E-03 5.13935E-03 7.63435E-03 1.18261E-02 2.06837E-01 4.95363E-01 8.93259E-03 1.76093E-03 2.95869E-05 2.57620E-01 
2.95869E-05 1.85148E-03 5.44900E-03 7.33141E-03 1.12591E-02 1.97678E-01 4.77091E-01 8.88186E-03 1.85148E-03 2.95869E-05 2.35232E-01 
1.56883E-04 1.91979E-03 5.72253E-03 7.02951E-03 1.07070E-02 1.88781E-01 4.59147E-01 8.80354E-03 1.91979E-03 1.56883E-04 2.13612E-01 
3.21466E-04 1.96638E-03 5.96260E-03 6.72321E-03 1.01606E-02 1.80021E-01 4.41294E-01 8.69648E-03 1.96638E-03 3.21466E-04 1.93228E-01 
4.60714E-04 1.99273E-03 6.17008E-03 6.41322E-03 9.62015E-03 1.71397E-01 4.23529E-01 8.56228E-03 1.99273E-03 4.60714E-04 1.74227E-01 
5.76389E-04 2.00071E-03 6.34569E-03 6.10160E-03 9.08787E-03 1.62929E-01 4.05898E-01 8.40332E-03 2.00071E-03 5.76389E-04 1.56622E-01 
6.70356E-04 1.99221E-03 6.49034E-03 5.79033E-03 8.56591E-03 1.54638E-01 3.88445E-01 8.22209E-03 1.99221E-03 6.70356E-04 1.40405E-01 
7.44535E-04 1.96919E-03 6.60512E-03 5.48127E-03 8.05618E-03 1.46541E-01 3.71215E-01 8.02116E-03 1.96919E-03 7.44535E-04 1.25550E-01 
8.00867E-04 1.93355E-03 6.69123E-03 5.17617E-03 7.56046E-03 1.38656E-01 3.54247E-01 7.80312E-03 1.93355E-03 8.00867E-04 1.12015E-01 
8.41273E-04 1.88717E-03 6.74999E-03 4.87662E-03 7.08026E-03 1.30996E-01 3.37579E-01 7.57051E-03 1.88717E-03 8.41273E-04 9.97421E-02 
8.67627E-04 1.83182E-03 6.78279E-03 4.58405E-03 6.61688E-03 1.23574E-01 3.21246E-01 7.32584E-03 1.83182E-03 8.67627E-04 8.86664E-02 
8.81727E-04 1.76920E-03 6.79109E-03 4.29971E-03 6.17143E-03 1.16400E-01 3.05279E-01 7.07152E-03 1.76920E-03 8.81727E-04 7.87134E-02 
8.85277E-04 1.70088E-03 6.77639E-03 4.02465E-03 5.74474E-03 1.09482E-01 2.89709E-01 6.80982E-03 1.70088E-03 8.85277E-04 6.98044E-02 
8.79869E-04 1.62829E-03 6.74024E-03 3.75976E-03 5.33746E-03 1.02828E-01 2.74559E-01 6.54292E-03 1.62829E-03 8.79869E-04 6.18581E-02 
8.66974E-04 1.55274E-03 6.68417E-03 3.50574E-03 4.95001E-03 9.64420E-02 2.59852E-01 6.27280E-03 1.55274E-03 8.66974E-04 5.47927E-02 
2.27673E-05 6.01041E-04 7.36493E-04 7.73156E-03 1.35317E-02 2.76353E-01 6.42170E-01 8.10622E-03 6.01041E-04 2.27673E-05 4.64590E-01 
2.27673E-05 6.01041E-04 1.31133E-03 7.56842E-03 1.30840E-02 2.67084E-01 6.24653E-01 8.28992E-03 6.01041E-04 2.27673E-05 4.38490E-01 
2.27673E-05 1.06609E-04 1.85774E-03 7.40308E-03 1.26449E-02 2.57974E-01 6.07264E-01 8.44574E-03 1.06609E-04 2.27673E-05 4.12341E-01 
2.27673E-05 3.37205E-04 2.37625E-03 7.23565E-03 1.22142E-02 2.49016E-01 5.89995E-01 8.57476E-03 3.37205E-04 2.27673E-05 3.86191E-01 
2.27673E-05 5.44919E-04 2.86710E-03 7.05763E-03 1.17795E-02 2.40093E-01 5.72634E-01 8.67314E-03 5.44919E-04 2.27673E-05 3.60516E-01 
2.27673E-05 7.30089E-04 3.32934E-03 6.86992E-03 1.13424E-02 2.31225E-01 5.55217E-01 8.74139E-03 7.30089E-04 2.27673E-05 3.35462E-01 
2.27673E-05 8.93238E-04 3.76230E-03 6.67348E-03 1.09039E-02 2.22429E-01 5.37777E-01 8.78023E-03 8.93238E-04 2.27673E-05 3.11160E-01 
2.27673E-05 1.00478E-03 4.07687E-03 6.51613E-03 1.05646E-02 2.15683E-01 5.24290E-01 8.79068E-03 1.00478E-03 2.27673E-05 2.92945E-01 
2.27673E-05 1.03503E-03 4.16545E-03 6.46932E-03 1.04654E-02 2.13722E-01 5.20350E-01 8.79058E-03 1.03503E-03 2.27673E-05 2.87724E-01 
2.27673E-05 1.16494E-03 4.56637E-03 6.24178E-03 9.99410E-03 2.04454E-01 5.01612E-01 8.77109E-03 1.16494E-03 2.27673E-05 2.63536E-01 
2.27673E-05 1.27215E-03 4.93208E-03 6.00790E-03 9.52584E-03 1.95328E-01 4.82968E-01 8.72138E-03 1.27215E-03 2.27673E-05 2.40565E-01 
2.27673E-05 1.35800E-03 5.26267E-03 5.76909E-03 9.06219E-03 1.86363E-01 4.64458E-01 8.64326E-03 1.35800E-03 2.27673E-05 2.18884E-01 
2.27673E-05 1.42394E-03 5.55843E-03 5.52680E-03 8.60467E-03 1.77577E-01 4.46123E-01 8.53870E-03 1.42394E-03 2.27673E-05 1.98543E-01 
1.20489E-04 1.47232E-03 5.81852E-03 5.28632E-03 8.16074E-03 1.69074E-01 4.28187E-01 8.41245E-03 1.47232E-03 1.20489E-04 1.79147E-01 
2.46174E-04 1.50369E-03 6.04590E-03 5.04343E-03 7.72295E-03 1.60737E-01 4.10411E-01 8.26308E-03 1.50369E-03 2.46174E-04 1.61038E-01 
3.51769E-04 1.51934E-03 6.24132E-03 4.79873E-03 7.29152E-03 1.52562E-01 3.92792E-01 8.09202E-03 1.51934E-03 3.51769E-04 1.44307E-01 
4.38776E-04 1.52083E-03 6.40531E-03 4.55386E-03 6.86824E-03 1.44568E-01 3.75375E-01 7.90149E-03 1.52083E-03 4.38776E-04 1.28941E-01 
5.08770E-04 1.50975E-03 6.53862E-03 4.31036E-03 6.45472E-03 1.36773E-01 3.58203E-01 7.69378E-03 1.50975E-03 5.08770E-04 1.14908E-01 
5.63352E-04 1.48768E-03 6.64217E-03 4.06969E-03 6.05246E-03 1.29193E-01 3.41315E-01 7.47119E-03 1.48768E-03 5.63352E-04 1.02160E-01 
6.04127E-04 1.45619E-03 6.71704E-03 3.83316E-03 5.66275E-03 1.21840E-01 3.24751E-01 7.23604E-03 1.45619E-03 6.04127E-04 9.06395E-02 
6.32667E-04 1.41677E-03 6.76444E-03 3.60199E-03 5.28670E-03 1.14727E-01 3.08545E-01 6.99059E-03 1.41677E-03 6.32667E-04 8.02762E-02 
6.50493E-04 1.37087E-03 6.78568E-03 3.37721E-03 4.92526E-03 1.07864E-01 2.92727E-01 6.73703E-03 1.37087E-03 6.50493E-04 7.09950E-02 
6.59051E-04 1.31980E-03 6.78218E-03 3.15972E-03 4.57916E-03 1.01258E-01 2.77327E-01 6.47746E-03 1.31980E-03 6.59051E-04 6.27163E-02 
6.59701E-04 1.26479E-03 6.75542E-03 2.95028E-03 4.24895E-03 9.49151E-02 2.62367E-01 6.21385E-03 1.26479E-03 6.59701E-04 5.53586E-02 
6.53700E-04 1.20697E-03 6.70692E-03 2.74948E-03 3.93501E-03 8.88390E-02 2.47871E-01 5.94805E-03 1.20697E-03 6.53700E-04 4.88407E-02 
6.42203E-04 1.14734E-03 6.63827E-03 2.55778E-03 3.63754E-03 8.30321E-02 2.33854E-01 5.68175E-03 1.14734E-03 6.42203E-04 4.30833E-02 
1.72854E-05 4.61336E-04 1.29394E-03 5.85031E-03 1.04589E-02 2.53240E-01 6.12145E-01 8.58611E-03 4.61336E-04 1.72854E-05 4.16607E-01 
1.72854E-05 4.61336E-04 1.84663E-03 5.71407E-03 1.00894E-02 2.44143E-01 5.94141E-01 8.67254E-03 4.61336E-04 1.72854E-05 3.90546E-01 
1.72854E-05 8.21044E-05 2.37132E-03 5.57760E-03 9.72903E-03 2.35231E-01 5.76331E-01 8.73653E-03 8.21044E-05 1.72854E-05 3.64833E-01 
1.72854E-05 2.59338E-04 2.86825E-03 5.44080E-03 9.37707E-03 2.26498E-01 5.58703E-01 8.77886E-03 2.59338E-04 1.72854E-05 3.39494E-01 
1.72854E-05 4.18453E-04 3.33845E-03 5.29656E-03 9.02344E-03 2.17829E-01 5.41041E-01 8.79563E-03 4.18453E-04 1.72854E-05 3.14889E-01 
1.72854E-05 5.59730E-04 3.78082E-03 5.14554E-03 8.66915E-03 2.09243E-01 5.23383E-01 8.78739E-03 5.59730E-04 1.72854E-05 2.91134E-01 
1.72854E-05 6.83606E-04 4.19449E-03 4.98850E-03 8.31516E-03 2.00757E-01 5.05762E-01 8.75489E-03 6.83606E-04 1.72854E-05 2.68328E-01 
1.72854E-05 7.67864E-04 4.49446E-03 4.86334E-03 8.04208E-03 1.94270E-01 4.92176E-01 8.71368E-03 7.67864E-04 1.72854E-05 2.51386E-01 
1.72854E-05 7.90639E-04 4.57881E-03 4.82621E-03 7.96245E-03 1.92387E-01 4.88214E-01 8.69905E-03 7.90639E-04 1.72854E-05 2.46554E-01 
1.72854E-05 8.87963E-04 4.95976E-03 4.64630E-03 7.58471E-03 1.83509E-01 4.69413E-01 8.61395E-03 8.87963E-04 1.72854E-05 2.24307E-01 
1.72854E-05 9.67488E-04 5.30572E-03 4.46232E-03 7.21082E-03 1.74802E-01 4.50776E-01 8.50453E-03 9.67488E-04 1.72854E-05 2.03393E-01 
1.72854E-05 1.03032E-03 5.61663E-03 4.27538E-03 6.84195E-03 1.66282E-01 4.32343E-01 8.37250E-03 1.03032E-03 1.72854E-05 1.83849E-01 
1.72854E-05 1.07767E-03 5.89267E-03 4.08659E-03 6.47928E-03 1.57963E-01 4.14152E-01 8.21969E-03 1.07767E-03 1.72854E-05 1.65688E-01 
9.13122E-05 1.11141E-03 6.13272E-03 3.89997E-03 6.12854E-03 1.49944E-01 3.96424E-01 8.05075E-03 1.11141E-03 9.13122E-05 1.48572E-01 
1.86059E-04 1.13206E-03 6.33990E-03 3.71232E-03 5.78391E-03 1.42113E-01 3.78921E-01 7.86390E-03 1.13206E-03 1.86059E-04 1.32739E-01 
2.65134E-04 1.14071E-03 6.51493E-03 3.52411E-03 5.44554E-03 1.34464E-01 3.61637E-01 7.66040E-03 1.14071E-03 2.65134E-04 1.18236E-01 
3.29788E-04 1.13862E-03 6.65825E-03 3.33661E-03 5.11479E-03 1.27014E-01 3.44616E-01 7.44227E-03 1.13862E-03 3.29788E-04 1.05028E-01 
3.81313E-04 1.12710E-03 6.77055E-03 3.15098E-03 4.79287E-03 1.19779E-01 3.27899E-01 7.21159E-03 1.12710E-03 3.81313E-04 9.30638E-02 
4.21016E-04 1.10740E-03 6.85274E-03 2.96831E-03 4.48089E-03 1.12771E-01 3.11522E-01 6.97042E-03 1.10740E-03 4.21016E-04 8.22826E-02 
4.50191E-04 1.08077E-03 6.90587E-03 2.78958E-03 4.17978E-03 1.06002E-01 2.95521E-01 6.72081E-03 1.08077E-03 4.50191E-04 7.26146E-02 
4.70101E-04 1.04840E-03 6.93119E-03 2.61565E-03 3.89034E-03 9.94800E-02 2.79926E-01 6.46476E-03 1.04840E-03 4.70101E-04 6.39835E-02 
4.81953E-04 1.01140E-03 6.93004E-03 2.44727E-03 3.61319E-03 9.32128E-02 2.64765E-01 6.20417E-03 1.01140E-03 4.81953E-04 5.63100E-02 
4.86891E-04 9.70799E-04 6.90391E-03 2.28507E-03 3.34883E-03 8.72052E-02 2.50061E-01 5.94083E-03 9.70799E-04 4.86891E-04 4.95133E-02 
4.85977E-04 9.27546E-04 6.85437E-03 2.12954E-03 3.09758E-03 8.14607E-02 2.35834E-01 5.67643E-03 9.27546E-04 4.85977E-04 4.35135E-02 
4.80191E-04 8.82488E-04 6.78305E-03 1.98107E-03 2.85963E-03 7.59808E-02 2.22101E-01 5.41254E-03 8.82488E-04 4.80191E-04 3.82328E-02 
4.70423E-04 8.36376E-04 6.69163E-03 1.83993E-03 2.63504E-03 7.07654E-02 2.08875E-01 5.15055E-03 8.36376E-04 4.70423E-04 3.35967E-02 
1.29440E-05 3.47396E-04 2.10941E-03 4.32804E-03 7.96780E-03 2.29745E-01 5.79287E-01 8.98536E-03 3.47396E-04 1.29440E-05 3.68533E-01 
1.29440E-05 3.47396E-04 2.64097E-03 4.21698E-03 7.66743E-03 2.20943E-01 5.61015E-01 8.98298E-03 3.47396E-04 1.29440E-05 3.43209E-01 
1.29440E-05 6.19685E-05 3.14373E-03 4.10722E-03 7.37606E-03 2.12350E-01 5.42997E-01 8.96341E-03 6.19685E-05 1.29440E-05 3.18554E-01 
1.29440E-05 1.95560E-04 3.61781E-03 3.99850E-03 7.09301E-03 2.03956E-01 5.25221E-01 8.92718E-03 1.95560E-04 1.29440E-05 2.94569E-01 
1.29440E-05 3.15211E-04 4.06491E-03 3.88492E-03 6.80993E-03 1.95651E-01 5.07469E-01 8.87023E-03 3.15211E-04 1.29440E-05 2.71508E-01 
1.29440E-05 4.21120E-04 4.48381E-03 3.76694E-03 6.52754E-03 1.87454E-01 4.89777E-01 8.79316E-03 4.21120E-04 1.29440E-05 2.49461E-01 
1.29440E-05 5.13617E-04 4.87356E-03 3.64509E-03 6.24655E-03 1.79379E-01 4.72180E-01 8.69672E-03 5.13617E-04 1.29440E-05 2.28494E-01 
1.29440E-05 5.76258E-04 5.15464E-03 3.54850E-03 6.03053E-03 1.73225E-01 4.58652E-01 8.60937E-03 5.76258E-04 1.29440E-05 2.13047E-01 
1.29440E-05 5.93140E-04 5.23340E-03 3.51992E-03 5.96765E-03 1.71442E-01 4.54714E-01 8.58181E-03 5.93140E-04 1.29440E-05 2.08661E-01 
1.29440E-05 6.64970E-04 5.58728E-03 3.38195E-03 5.67011E-03 1.63054E-01 4.36064E-01 8.43843E-03 6.64970E-04 1.29440E-05 1.88587E-01 
1.29440E-05 7.23133E-04 5.90539E-03 3.24160E-03 5.37674E-03 1.54857E-01 4.17645E-01 8.27625E-03 7.23133E-04 1.29440E-05 1.69895E-01 
1.29440E-05 7.68518E-04 6.18765E-03 3.09969E-03 5.08839E-03 1.46867E-01 3.99492E-01 8.09687E-03 7.68518E-04 1.29440E-05 1.52589E-01 
1.29440E-05 8.02088E-04 6.43426E-03 2.95704E-03 4.80592E-03 1.39096E-01 3.81642E-01 7.90198E-03 8.02088E-04 1.29440E-05 1.36653E-01 
6.82656E-05 8.25281E-04 6.64411E-03 2.81661E-03 4.53366E-03 1.31633E-01 3.64309E-01 7.69612E-03 8.25281E-04 6.82656E-05 1.21798E-01 
1.38754E-04 8.38588E-04 6.82039E-03 2.67602E-03 4.26710E-03 1.24373E-01 3.47259E-01 7.47713E-03 8.38588E-04 1.38754E-04 1.08177E-01 
1.97224E-04 8.42890E-04 6.96380E-03 2.53562E-03 4.00635E-03 1.17309E-01 3.30485E-01 7.24609E-03 8.42890E-04 1.97224E-04 9.58014E-02 
2.44685E-04 8.39197E-04 7.07487E-03 2.39635E-03 3.75240E-03 1.10456E-01 3.14027E-01 7.00482E-03 8.39197E-04 2.44685E-04 8.46204E-02 
2.82172E-04 8.28524E-04 7.15435E-03 2.25906E-03 3.50614E-03 1.03826E-01 2.97922E-01 6.75520E-03 8.28524E-04 2.82172E-04 7.45720E-02 
3.10726E-04 8.11867E-04 7.20324E-03 2.12453E-03 3.26837E-03 9.74309E-02 2.82206E-01 6.49905E-03 8.11867E-04 3.10726E-04 6.55861E-02 
3.31371E-04 7.90192E-04 7.22273E-03 1.99346E-03 3.03972E-03 9.12778E-02 2.66907E-01 6.23818E-03 7.90192E-04 3.31371E-04 5.75874E-02 
3.45097E-04 7.64414E-04 7.21420E-03 1.86644E-03 2.82075E-03 8.53735E-02 2.52054E-01 5.97431E-03 7.64414E-04 3.45097E-04 5.04979E-02 
3.52848E-04 7.35386E-04 7.17915E-03 1.74400E-03 2.61187E-03 7.97227E-02 2.37669E-01 5.70909E-03 7.35386E-04 3.52848E-04 4.42384E-02 
3.55507E-04 7.03894E-04 7.11925E-03 1.62653E-03 2.41337E-03 7.43281E-02 2.23771E-01 5.44404E-03 7.03894E-04 3.55507E-04 3.87309E-02 
3.53893E-04 6.70649E-04 7.03622E-03 1.51436E-03 2.22542E-03 6.91907E-02 2.10376E-01 5.18057E-03 6.70649E-04 3.53893E-04 3.39000E-02 
3.48754E-04 6.36283E-04 6.93189E-03 1.40771E-03 2.04809E-03 6.43100E-02 1.97496E-01 4.91998E-03 6.36283E-04 3.48754E-04 2.96735E-02 
3.40765E-04 6.01355E-04 6.80814E-03 1.30673E-03 1.88136E-03 5.96841E-02 1.85140E-01 4.66343E-03 6.01355E-04 3.40765E-04 2.59843E-02 
9.54424E-06 2.55959E-04 3.21785E-03 3.11051E-03 5.97413E-03 2.06167E-01 5.43970E-01 9.28003E-03 2.55959E-04 9.54424E-06 3.21215E-01 
9.54424E-06 2.55959E-04 3.72325E-03 3.02277E-03 5.73363E-03 1.97774E-01 5.25647E-01 9.19809E-03 2.55959E-04 9.54424E-06 2.97228E-01 
9.54424E-06 4.57018E-05 4.19806E-03 2.93746E-03 5.50181E-03 1.89606E-01 5.07635E-01 9.10394E-03 4.57018E-05 9.54424E-06 2.74147E-01 
9.54424E-06 1.44185E-04 4.64232E-03 2.85415E-03 5.27793E-03 1.81653E-01 4.89920E-01 8.99788E-03 1.44185E-04 9.54424E-06 2.51951E-01 
9.54424E-06 2.32287E-04 5.05834E-03 2.76802E-03 5.05518E-03 1.73811E-01 4.72283E-01 8.87566E-03 2.32287E-04 9.54424E-06 2.30807E-01 
9.54424E-06 3.10119E-04 5.44485E-03 2.67935E-03 4.83403E-03 1.66095E-01 4.54762E-01 8.73790E-03 3.10119E-04 9.54424E-06 2.10773E-01 
9.54424E-06 3.77903E-04 5.80088E-03 2.58844E-03 4.61495E-03 1.58520E-01 4.37389E-01 8.58536E-03 3.77903E-04 9.54424E-06 1.91889E-01 
9.54424E-06 4.23650E-04 6.05496E-03 2.51680E-03 4.44715E-03 1.52763E-01 4.24071E-01 8.45773E-03 4.23650E-04 9.54424E-06 1.78084E-01 
9.54424E-06 4.35950E-04 6.12568E-03 2.49567E-03 4.39841E-03 1.51099E-01 4.20200E-01 8.41890E-03 4.35950E-04 9.54424E-06 1.74181E-01 
9.54424E-06 4.88094E-04 6.44037E-03 2.39401E-03 4.16833E-03 1.43283E-01 4.01907E-01 8.22497E-03 4.88094E-04 9.54424E-06 1.56415E-01 
9.54424E-06 5.29984E-04 6.71791E-03 2.29116E-03 3.94239E-03 1.35674E-01 3.83903E-01 8.01737E-03 5.29984E-04 9.54424E-06 1.40022E-01 
9.54424E-06 5.62303E-04 6.95832E-03 2.18769E-03 3.72119E-03 1.28284E-01 3.66222E-01 7.79756E-03 5.62303E-04 9.54424E-06 1.24978E-01 
9.54424E-06 5.85796E-04 7.16194E-03 2.08416E-03 3.50530E-03 1.21124E-01 3.48897E-01 7.56708E-03 5.85796E-04 9.54424E-06 1.11244E-01 
5.02614E-05 6.01529E-04 7.32804E-03 1.98265E-03 3.29792E-03 1.14273E-01 3.32135E-01 7.33039E-03 6.01529E-04 5.02614E-05 9.85731E-02 
1.01932E-04 6.09937E-04 7.45968E-03 1.88144E-03 3.09563E-03 1.07634E-01 3.15704E-01 7.08494E-03 6.09937E-04 1.01932E-04 8.70509E-02 
1.44554E-04 6.11715E-04 7.55769E-03 1.78080E-03 2.89847E-03 1.01198E-01 2.99597E-01 6.83159E-03 6.11715E-04 1.44554E-04 7.66644E-02 
1.78918E-04 6.07643E-04 7.62276E-03 1.68137E-03 2.70716E-03 9.49795E-02 2.83852E-01 6.57202E-03 6.07643E-04 1.78918E-04 6.73522E-02 
2.05836E-04 5.98500E-04 7.65587E-03 1.58375E-03 2.52232E-03 8.89869E-02 2.68501E-01 6.30786E-03 5.98500E-04 2.05836E-04 5.90459E-02 
2.26114E-04 5.85049E-04 7.65824E-03 1.48847E-03 2.34449E-03 8.32285E-02 2.53576E-01 6.04075E-03 5.85049E-04 2.26114E-04 5.16718E-02 
2.40546E-04 5.68022E-04 7.63128E-03 1.39600E-03 2.17412E-03 7.77102E-02 2.39102E-01 5.77223E-03 5.68022E-04 2.40546E-04 4.51542E-02 
2.49890E-04 5.48111E-04 7.57663E-03 1.30676E-03 2.01156E-03 7.24363E-02 2.25101E-01 5.50378E-03 5.48111E-04 2.49890E-04 3.94166E-02 
2.54868E-04 5.25956E-04 7.49603E-03 1.22105E-03 1.85704E-03 6.74090E-02 2.11594E-01 5.23680E-03 5.25956E-04 2.54868E-04 3.43838E-02 
2.56152E-04 5.02140E-04 7.39139E-03 1.13913E-03 1.71075E-03 6.26290E-02 1.98593E-01 4.97256E-03 5.02140E-04 2.56152E-04 2.99831E-02 
2.54358E-04 4.77190E-04 7.26468E-03 1.06120E-03 1.57274E-03 5.80954E-02 1.86111E-01 4.71223E-03 4.77190E-04 2.54358E-04 2.61458E-02 
2.50050E-04 4.51570E-04 7.11796E-03 9.87365E-04 1.44301E-03 5.38060E-02 1.74154E-01 4.45685E-03 4.51570E-04 2.50050E-04 2.28076E-02 
2.43731E-04 4.25685E-04 6.95332E-03 9.17692E-04 1.32149E-03 4.97571E-02 1.62728E-01 4.20734E-03 4.25685E-04 2.43731E-04 1.99089E-02 
6.94692E-06 1.84768E-04 4.62757E-03 2.16156E-03 4.41949E-03 1.83117E-01 5.07094E-01 9.45042E-03 1.84768E-04 6.94692E-06 2.76082E-01 
6.94692E-06 1.84768E-04 5.09541E-03 2.09498E-03 4.22939E-03 1.75226E-01 4.88932E-01 9.29971E-03 1.84768E-04 6.94692E-06 2.53888E-01 
6.94692E-06 3.29654E-05 5.53019E-03 2.03153E-03 4.04746E-03 1.67570E-01 4.71131E-01 9.14137E-03 3.29654E-05 6.94692E-06 2.32757E-01 
6.94692E-06 1.04055E-04 5.93205E-03 1.97066E-03 3.87290E-03 1.60139E-01 4.53677E-01 8.97548E-03 1.04055E-04 6.94692E-06 2.12646E-01 
6.94692E-06 1.67677E-04 6.30367E-03 1.90848E-03 3.70020E-03 1.52835E-01 4.36351E-01 8.79762E-03 1.67677E-04 6.94692E-06 1.93650E-01 
6.94692E-06 2.23855E-04 6.64387E-03 1.84510E-03 3.52963E-03 1.45671E-01 4.19189E-01 8.60842E-03 2.23855E-04 6.94692E-06 1.75801E-01 
6.94692E-06 2.72710E-04 6.95179E-03 1.78065E-03 3.36146E-03 1.38660E-01 4.02225E-01 8.40862E-03 2.72710E-04 6.94692E-06 1.59116E-01 
6.94692E-06 3.05612E-04 7.16751E-03 1.73019E-03 3.23317E-03 1.33348E-01 3.89256E-01 8.24727E-03 3.05612E-04 6.94692E-06 1.47006E-01 
6.94692E-06 3.14444E-04 7.22684E-03 1.71535E-03 3.19599E-03 1.31814E-01 3.85492E-01 8.19905E-03 3.14444E-04 6.94692E-06 1.43596E-01 
6.94692E-06 3.51783E-04 7.48621E-03 1.64422E-03 3.02093E-03 1.24629E-01 3.67742E-01 7.96321E-03 3.51783E-04 6.94692E-06 1.28155E-01 
6.94692E-06 3.81595E-04 7.70692E-03 1.57267E-03 2.84975E-03 1.17659E-01 3.50330E-01 7.71835E-03 3.81595E-04 6.94692E-06 1.14027E-01 
6.94692E-06 4.04380E-04 7.88928E-03 1.50102E-03 2.68282E-03 1.10914E-01 3.33290E-01 7.46579E-03 4.04380E-04 6.94692E-06 1.01170E-01 
6.94692E-06 4.20694E-04 8.03386E-03 1.42965E-03 2.52053E-03 1.04402E-01 3.16650E-01 7.20691E-03 4.20694E-04 6.94692E-06 8.95279E-02 
3.65376E-05 4.31300E-04 8.14070E-03 1.35994E-03 2.36517E-03 9.81949E-02 3.00606E-01 6.94609E-03 4.31300E-04 3.65376E-05 7.88896E-02 
7.39578E-05 4.36569E-04 8.21253E-03 1.29070E-03 2.21418E-03 9.22012E-02 2.84934E-01 6.68040E-03 4.36569E-04 7.39578E-05 6.92922E-02 
1.04673E-04 4.37036E-04 8.25035E-03 1.22209E-03 2.06755E-03 8.64138E-02 2.69625E-01 6.41052E-03 4.37036E-04 1.04673E-04 6.07048E-02 
1.29290E-04 4.33285E-04 8.25518E-03 1.15455E-03 1.92580E-03 8.08421E-02 2.54713E-01 6.13795E-03 4.33285E-04 1.29290E-04 5.30614E-02 
1.48427E-04 4.25903E-04 8.22831E-03 1.08846E-03 1.78933E-03 7.54936E-02 2.40226E-01 5.86413E-03 4.25903E-04 1.48427E-04 4.62917E-02 
1.62697E-04 4.15459E-04 8.17128E-03 1.02418E-03 1.65850E-03 7.03739E-02 2.26192E-01 5.59047E-03 4.15459E-04 1.62697E-04 4.03229E-02 
1.72702E-04 4.02498E-04 8.08583E-03 9.62004E-04 1.53361E-03 6.54869E-02 2.12633E-01 5.31830E-03 4.02498E-04 1.72702E-04 3.50822E-02 
1.79012E-04 3.87531E-04 7.97389E-03 9.02181E-04 1.41486E-03 6.08346E-02 1.99565E-01 5.04888E-03 3.87531E-04 1.79012E-04 3.04978E-02 
1.82170E-04 3.71030E-04 7.83752E-03 8.44908E-04 1.30240E-03 5.64174E-02 1.87004E-01 4.78335E-03 3.71030E-04 1.82170E-04 2.65009E-02 
1.82677E-04 3.53423E-04 7.67890E-03 7.90330E-04 1.19630E-03 5.22343E-02 1.74960E-01 4.52276E-03 3.53423E-04 1.82677E-04 2.30260E-02 
1.80992E-04 3.35091E-04 7.50028E-03 7.38545E-04 1.09656E-03 4.82827E-02 1.63439E-01 4.26805E-03 3.35091E-04 1.80992E-04 2.00124E-02 
1.77531E-04 3.16370E-04 7.30392E-03 6.89605E-04 1.00315E-03 4.45589E-02 1.52446E-01 4.02003E-03 3.16370E-04 1.77531E-04 1.74039E-02 
1.72667E-04 2.97553E-04 7.09213E-03 6.43525E-04 9.15960E-04 4.10582E-02 1.41980E-01 3.77941E-03 2.97553E-04 1.72667E-04 1.51499E-02 
4.95947E-06 1.29593E-04 6.36791E-03 1.42262E-03 3.20627E-03 1.60542E-01 4.68547E-01 9.48856E-03 1.29593E-04 4.95947E-06 2.33193E-01 
4.95947E-06 1.29593E-04 6.77912E-03 1.37535E-03 3.05861E-03 1.53236E-01 4.50752E-01 9.27922E-03 1.29593E-04 4.95947E-06 2.13147E-01 
4.95947E-06 2.30500E-05 7.15467E-03 1.33151E-03 2.91841E-03 1.46170E-01 4.33363E-01 9.06646E-03 2.30500E-05 4.95947E-06 1.94246E-01 
4.95947E-06 7.28735E-05 7.49487E-03 1.29052E-03 2.78486E-03 1.39333E-01 4.16361E-01 8.85015E-03 7.28735E-05 4.95947E-06 1.76432E-01 
4.95947E-06 1.17572E-04 7.80255E-03 1.24926E-03 2.65358E-03 1.32633E-01 3.99534E-01 8.62572E-03 1.17572E-04 4.95947E-06 1.59740E-01 
4.95947E-06 1.57098E-04 8.07676E-03 1.20771E-03 2.52467E-03 1.26083E-01 3.82915E-01 8.39381E-03 1.57098E-04 4.95947E-06 1.44181E-01 
4.95947E-06 1.91485E-04 8.31690E-03 1.16588E-03 2.39825E-03 1.19693E-01 3.66538E-01 8.15512E-03 1.91485E-04 4.95947E-06 1.29750E-01 
4.95947E-06 2.14630E-04 8.47911E-03 1.13336E-03 2.30222E-03 1.14865E-01 3.54050E-01 7.96629E-03 2.14630E-04 4.95947E-06 1.19348E-01 
4.95947E-06 2.20838E-04 8.52264E-03 1.12383E-03 2.27446E-03 1.13473E-01 3.50431E-01 7.91046E-03 2.20838E-04 4.95947E-06 1.16431E-01 
4.95947E-06 2.47044E-04 8.70590E-03 1.07832E-03 2.14411E-03 1.06967E-01 3.33401E-01 7.64096E-03 2.47044E-04 4.95947E-06 1.03286E-01 
4.95947E-06 2.67883E-04 8.84947E-03 1.03280E-03 2.01722E-03 1.00679E-01 3.16751E-01 7.36665E-03 2.67883E-04 4.95947E-06 9.13564E-02 
4.95947E-06 2.83702E-04 8.95402E-03 9.87419E-04 1.89402E-03 9.46151E-02 3.00511E-01 7.08873E-03 2.83702E-04 4.95947E-06 8.05863E-02 
4.95947E-06 2.94895E-04 9.02059E-03 9.42380E-04 1.77471E-03 8.87825E-02 2.84707E-01 6.80842E-03 2.94895E-04 4.95947E-06 7.09114E-02 
2.60577E-05 3.01982E-04 9.05023E-03 8.98525E-04 1.66091E-03 8.32435E-02 2.69522E-01 6.52998E-03 3.01982E-04 2.60577E-05 6.21510E-02 
5.26605E-05 3.05272E-04 9.04515E-03 8.55077E-04 1.55072E-03 7.79145E-02 2.54740E-01 6.25016E-03 3.05272E-04 5.26605E-05 5.43078E-02 
7.44049E-05 3.05159E-04 9.00660E-03 8.12132E-04 1.44412E-03 7.27880E-02 2.40351E-01 5.96946E-03 3.05159E-04 7.44049E-05 4.73400E-02 
9.17406E-05 3.02071E-04 8.93598E-03 7.69951E-04 1.34144E-03 6.78713E-02 2.26384E-01 5.68919E-03 3.02071E-04 9.17406E-05 4.11813E-02 
1.05126E-04 2.96432E-04 8.83501E-03 7.28767E-04 1.24295E-03 6.31696E-02 2.12865E-01 5.41062E-03 2.96432E-04 1.05126E-04 3.57634E-02 
1.15015E-04 2.88658E-04 8.70559E-03 6.88788E-04 1.14886E-03 5.86865E-02 1.99816E-01 5.13494E-03 2.88658E-04 1.15015E-04 3.10176E-02 
1.21849E-04 2.79142E-04 8.54986E-03 6.50187E-04 1.05937E-03 5.44238E-02 1.87254E-01 4.86327E-03 2.79142E-04 1.21849E-04 2.68766E-02 
1.26051E-04 2.68254E-04 8.37007E-03 6.13104E-04 9.74569E-04 5.03819E-02 1.75193E-01 4.59665E-03 2.68254E-04 1.26051E-04 2.32758E-02 
1.28017E-04 2.56332E-04 8.16860E-03 5.77645E-04 8.94543E-04 4.65595E-02 1.63642E-01 4.33600E-03 2.56332E-04 1.28017E-04 2.01541E-02 
1.28113E-04 2.43683E-04 7.94790E-03 5.43885E-04 8.19308E-04 4.29540E-02 1.52608E-01 4.08215E-03 2.43683E-04 1.28113E-04 1.74545E-02 
1.26673E-04 2.30579E-04 7.71045E-03 5.11866E-04 7.48837E-04 3.95620E-02 1.42094E-01 3.83582E-03 2.30579E-04 1.26673E-04 1.51249E-02 
1.24001E-04 2.17258E-04 7.45873E-03 4.81605E-04 6.83067E-04 3.63785E-02 1.32100E-01 3.59763E-03 2.17258E-04 1.24001E-04 1.31179E-02 
1.20366E-04 2.03926E-04 7.19519E-03 4.53094E-04 6.21899E-04 3.33979E-02 1.22621E-01 3.36806E-03 2.03926E-04 1.20366E-04 1.13910E-02 
3.47911E-06 8.82646E-05 8.40419E-03 8.65455E-04 2.28512E-03 1.38973E-01 4.29198E-01 9.38806E-03 8.82646E-05 3.47911E-06 1.93654E-01 
3.47911E-06 8.82646E-05 8.73376E-03 8.35409E-04 2.17222E-03 1.32312E-01 4.11963E-01 9.13122E-03 8.82646E-05 3.47911E-06 1.75962E-01 
3.47911E-06 1.55999E-05 9.02561E-03 8.08780E-04 2.06596E-03 1.25890E-01 3.95168E-01 8.87470E-03 1.55999E-05 3.47911E-06 1.59432E-01 
3.47911E-06 4.94738E-05 9.28035E-03 7.84938E-04 1.96555E-03 1.19694E-01 3.78795E-01 8.61820E-03 4.94738E-05 3.47911E-06 1.43993E-01 
3.47911E-06 8.00252E-05 9.50061E-03 7.61481E-04 1.86754E-03 1.13641E-01 3.62637E-01 8.35703E-03 8.00252E-05 3.47911E-06 1.29636E-01 
3.47911E-06 1.07149E-04 9.68583E-03 7.38274E-04 1.77193E-03 1.07741E-01 3.46725E-01 8.09183E-03 1.07149E-04 3.47911E-06 1.16355E-01 
3.47911E-06 1.30813E-04 9.83576E-03 7.15221E-04 1.67870E-03 1.02004E-01 3.31089E-01 7.82328E-03 1.30813E-04 3.47911E-06 1.04129E-01 
3.47911E-06 1.46765E-04 9.92761E-03 6.97454E-04 1.60823E-03 9.76811E-02 3.19199E-01 7.61367E-03 1.46765E-04 3.47911E-06 9.53755E-02 
3.47911E-06 1.51045E-04 9.95050E-03 6.92267E-04 1.58790E-03 9.64371E-02 3.15759E-01 7.55214E-03 1.51045E-04 3.47911E-06 9.29297E-02 
3.47911E-06 1.69116E-04 1.00352E-02 6.67604E-04 1.49278E-03 9.06342E-02 2.99600E-01 7.25778E-03 1.69116E-04 3.47911E-06 8.19596E-02 
3.47911E-06 1.83468E-04 1.00803E-02 6.43043E-04 1.40064E-03 8.50450E-02 2.83855E-01 6.96236E-03 1.83468E-04 3.47911E-06 7.20819E-02 
3.47911E-06 1.94327E-04 1.00870E-02 6.18628E-04 1.31156E-03 7.96748E-02 2.68548E-01 6.66693E-03 1.94327E-04 3.47911E-06 6.32324E-02 
3.47911E-06 2.01959E-04 1.00567E-02 5.94426E-04 1.22567E-03 7.45278E-02 2.53703E-01 6.37254E-03 2.01959E-04 3.47911E-06 5.53425E-02 
1.82661E-05 2.06699E-04 9.99203E-03 5.70871E-04 1.14404E-03 6.96577E-02 2.39488E-01 6.08333E-03 2.06699E-04 1.82661E-05 4.82602E-02 
3.68697E-05 2.08794E-04 9.89422E-03 5.47509E-04 1.06531E-03 6.49894E-02 2.25698E-01 5.79577E-03 2.08794E-04 3.68697E-05 4.19651E-02 
5.20250E-05 2.08527E-04 9.76479E-03 5.24383E-04 9.89431E-04 6.05153E-02 2.12320E-01 5.51020E-03 2.08527E-04 5.20250E-05 3.64106E-02 
6.40553E-05 2.06199E-04 9.60565E-03 5.01628E-04 9.16612E-04 5.62403E-02 1.99382E-01 5.22775E-03 2.06199E-04 6.40553E-05 3.15335E-02 
7.32903E-05 2.02110E-04 9.41893E-03 4.79364E-04 8.47015E-04 5.21678E-02 1.86903E-01 4.94951E-03 2.02110E-04 7.32903E-05 2.72701E-02 
8.00574E-05 1.96554E-04 9.20695E-03 4.57698E-04 7.80770E-04 4.82996E-02 1.74900E-01 4.67646E-03 1.96554E-04 8.00574E-05 2.35584E-02 
8.46746E-05 1.89809E-04 8.97219E-03 4.36717E-04 7.17973E-04 4.46360E-02 1.63389E-01 4.40954E-03 1.89809E-04 8.46746E-05 2.03385E-02 
8.74453E-05 1.82134E-04 8.71724E-03 4.16490E-04 6.58682E-04 4.11757E-02 1.52376E-01 4.14956E-03 1.82134E-04 8.74453E-05 1.75539E-02 
8.86536E-05 1.73769E-04 8.44474E-03 3.97067E-04 6.02918E-04 3.79164E-02 1.41870E-01 3.89725E-03 1.73769E-04 8.86536E-05 1.51522E-02 
8.85622E-05 1.64927E-04 8.15735E-03 3.78479E-04 5.50672E-04 3.48544E-02 1.31871E-01 3.65323E-03 1.64927E-04 8.85622E-05 1.30851E-02 
8.74106E-05 1.55801E-04 7.85773E-03 3.60743E-04 5.01904E-04 3.19853E-02 1.22379E-01 3.41802E-03 1.55801E-04 8.74106E-05 1.13092E-02 
8.54147E-05 1.46556E-04 7.54847E-03 3.43860E-04 4.56545E-04 2.93035E-02 1.13391E-01 3.19203E-03 1.46556E-04 8.54147E-05 9.78545E-03 
8.27672E-05 1.37337E-04 7.23207E-03 3.27819E-04 4.14509E-04 2.68029E-02 1.04899E-01 2.97560E-03 1.37337E-04 8.27672E-05 8.47946E-03 
2.39538E-06 5.80991E-05 1.06784E-02 4.56936E-04 1.59798E-03 1.18680E-01 3.89572E-01 9.15073E-03 5.80991E-05 2.39538E-06 1.57953E-01 
2.39538E-06 5.80991E-05 1.08969E-02 4.42032E-04 1.51307E-03 1.12703E-01 3.73071E-01 8.85758E-03 5.80991E-05 2.39538E-06 1.42698E-01 
2.39538E-06 1.01549E-05 1.10770E-02 4.30252E-04 1.43392E-03 1.06956E-01 3.57037E-01 8.56799E-03 1.01549E-05 2.39538E-06 1.28567E-01 
2.39538E-06 3.23797E-05 1.12196E-02 4.20971E-04 1.35979E-03 1.01429E-01 3.41450E-01 8.28156E-03 3.23797E-05 2.39538E-06 1.15479E-01 
2.39538E-06 5.26137E-05 1.13267E-02 4.12381E-04 1.28800E-03 9.60458E-02 3.26110E-01 7.99349E-03 5.26137E-05 2.39538E-06 1.03398E-01 
2.39538E-06 7.07146E-05 1.13983E-02 4.04273E-04 1.21847E-03 9.08150E-02 3.11048E-01 7.70443E-03 7.07146E-05 2.39538E-06 9.23031E-02 
2.39538E-06 8.66017E-05 1.14347E-02 3.96477E-04 1.15111E-03 8.57440E-02 2.96291E-01 7.41503E-03 8.66017E-05 2.39538E-06 8.21629E-02 
2.39538E-06 9.73567E-05 1.14390E-02 3.90574E-04 1.10046E-03 8.19343E-02 2.85099E-01 7.19131E-03 9.73567E-05 2.39538E-06 7.49485E-02 
2.39538E-06 1.00249E-04 1.14364E-02 3.88862E-04 1.08589E-03 8.08396E-02 2.81865E-01 7.12599E-03 1.00249E-04 2.39538E-06 7.29399E-02 
2.39538E-06 1.12481E-04 1.14003E-02 3.80742E-04 1.01794E-03 7.57439E-02 2.66706E-01 6.81556E-03 1.12481E-04 2.39538E-06 6.39720E-02 
2.39538E-06 1.22222E-04 1.13264E-02 3.72641E-04 9.52463E-04 7.08530E-02 2.51984E-01 6.50731E-03 1.22222E-04 2.39538E-06 5.59574E-02 
2.39538E-06 1.29602E-04 1.12165E-02 3.64511E-04 8.89469E-04 6.61704E-02 2.37720E-01 6.20214E-03 1.29602E-04 2.39538E-06 4.88297E-02 
2.39538E-06 1.34789E-04 1.10725E-02 3.56333E-04 8.28998E-04 6.16985E-02 2.23932E-01 5.90097E-03 1.34789E-04 2.39538E-06 4.25206E-02 
1.25710E-05 1.37983E-04 1.08986E-02 3.48247E-04 7.71739E-04 5.74827E-02 2.10774E-01 5.60775E-03 1.37983E-04 1.25710E-05 3.69037E-02 
2.53553E-05 1.39376E-04 1.06949E-02 3.40043E-04 7.16737E-04 5.34563E-02 1.98053E-01 5.31875E-03 1.39376E-04 2.53553E-05 3.19454E-02 
3.57457E-05 1.39165E-04 1.04631E-02 3.31730E-04 6.63938E-04 4.96116E-02 1.85756E-01 5.03415E-03 1.39165E-04 3.57457E-05 2.75985E-02 
4.39666E-05 1.37553E-04 1.02057E-02 3.23353E-04 6.13455E-04 4.59519E-02 1.73904E-01 4.75492E-03 1.37553E-04 4.39666E-05 2.38052E-02 
5.02481E-05 1.34746E-04 9.92511E-03 3.14958E-04 5.65380E-04 4.24788E-02 1.62514E-01 4.48196E-03 1.34746E-04 5.02481E-05 2.05090E-02 
5.48195E-05 1.30944E-04 9.62410E-03 3.06585E-04 5.19782E-04 3.91926E-02 1.51599E-01 4.21609E-03 1.30944E-04 5.48195E-05 1.76554E-02 
5.79039E-05 1.26339E-04 9.30542E-03 2.98268E-04 4.76706E-04 3.60924E-02 1.41167E-01 3.95802E-03 1.26339E-04 5.79039E-05 1.51930E-02 
5.97141E-05 1.21111E-04 8.97190E-03 2.90033E-04 4.36172E-04 3.31757E-02 1.31226E-01 3.70840E-03 1.21111E-04 5.97141E-05 1.30739E-02 
6.04498E-05 1.15422E-04 8.62635E-03 2.81900E-04 3.98177E-04 3.04394E-02 1.21776E-01 3.46774E-03 1.15422E-04 6.04498E-05 1.12546E-02 
6.02954E-05 1.09421E-04 8.27155E-03 2.73882E-04 3.62697E-04 2.78791E-02 1.12817E-01 3.23649E-03 1.09421E-04 6.02954E-05 9.69525E-03 
5.94193E-05 1.03240E-04 7.91020E-03 2.65986E-04 3.29690E-04 2.54898E-02 1.04344E-01 3.01498E-03 1.03240E-04 5.94193E-05 8.36072E-03 
5.79735E-05 9.69934E-05 7.54489E-03 2.58215E-04 2.99095E-04 2.32655E-02 9.63519E-02 2.80346E-03 9.69934E-05 5.79735E-05 7.21977E-03 
5.60940E-05 9.07816E-05 7.17807E-03 2.50571E-04 2.70839E-04 2.12002E-02 8.88301E-02 2.60207E-03 9.07816E-05 5.60940E-05 6.24511E-03 
1.61657E-06 3.67128E-05 1.30926E-02 1.68969E-04 1.09491E-03 9.98859E-02 3.50179E-01 8.78384E-03 3.67128E-05 1.61657E-06 1.26391E-01 
1.61657E-06 3.67128E-05 1.31694E-02 1.67132E-04 1.03215E-03 9.46096E-02 3.34567E-01 8.46541E-03 3.67128E-05 1.61657E-06 1.13546E-01 
1.61657E-06 6.29864E-06 1.32090E-02 1.67917E-04 9.74270E-04 8.95518E-02 3.19438E-01 8.15329E-03 6.29864E-06 1.61657E-06 1.01742E-01 
1.61657E-06 2.02655E-05 1.32128E-02 1.70735E-04 9.20588E-04 8.47022E-02 3.04774E-01 7.84699E-03 2.02655E-05 1.61657E-06 9.08993E-02 
1.61657E-06 3.31809E-05 1.31818E-02 1.74283E-04 8.69057E-04 7.99925E-02 2.90382E-01 7.54169E-03 3.31809E-05 1.61657E-06 8.09604E-02 
1.61657E-06 4.48826E-05 1.31164E-02 1.78303E-04 8.19537E-04 7.54303E-02 2.76291E-01 7.23801E-03 4.48826E-05 1.61657E-06 7.18959E-02 
1.61657E-06 5.52612E-05 1.30176E-02 1.82579E-04 7.71912E-04 7.10213E-02 2.62525E-01 6.93658E-03 5.52612E-05 1.61657E-06 6.36689E-02 
1.61657E-06 6.23429E-05 1.29189E-02 1.85949E-04 7.36308E-04 6.77181E-02 2.52112E-01 6.70528E-03 6.23429E-05 1.61657E-06 5.78514E-02 
1.61657E-06 6.42548E-05 1.28864E-02 1.86933E-04 7.26098E-04 6.67705E-02 2.49108E-01 6.63802E-03 6.42548E-05 1.61657E-06 5.62373E-02 
1.61657E-06 7.23790E-05 1.27105E-02 1.91550E-04 6.78657E-04 6.23685E-02 2.35053E-01 6.32008E-03 7.23790E-05 1.61657E-06 4.90619E-02 
1.61657E-06 7.88950E-05 1.25006E-02 1.95951E-04 6.33198E-04 5.81583E-02 2.21448E-01 6.00705E-03 7.88950E-05 1.61657E-06 4.26953E-02 
1.61657E-06 8.38673E-05 1.22593E-02 2.00035E-04 5.89692E-04 5.41416E-02 2.08309E-01 5.69969E-03 8.38673E-05 1.61657E-06 3.70731E-02 
1.61657E-06 8.73919E-05 1.19889E-02 2.03728E-04 5.48124E-04 5.03195E-02 1.95652E-01 5.39877E-03 8.73919E-05 1.61657E-06 3.21307E-02 
8.48359E-06 8.95751E-05 1.16953E-02 2.06967E-04 5.08920E-04 4.67294E-02 1.83615E-01 5.10802E-03 8.95751E-05 8.48359E-06 2.77646E-02 
1.71076E-05 9.05625E-05 1.13773E-02 2.09729E-04 4.71419E-04 4.33131E-02 1.72017E-01 4.82359E-03 9.05625E-05 1.71076E-05 2.39355E-02 
2.41086E-05 9.04834E-05 1.10366E-02 2.11999E-04 4.35565E-04 4.00631E-02 1.60845E-01 4.54553E-03 9.04834E-05 2.41086E-05 2.05987E-02 
2.96363E-05 8.94706E-05 1.06761E-02 2.13771E-04 4.01414E-04 3.69811E-02 1.50115E-01 4.27464E-03 8.94706E-05 2.96363E-05 1.77036E-02 
3.38460E-05 8.76593E-05 1.02987E-02 2.15042E-04 3.69010E-04 3.40674E-02 1.39840E-01 4.01164E-03 8.76593E-05 3.38460E-05 1.52016E-02 
3.68933E-05 8.51826E-05 9.90721E-03 2.15814E-04 3.38382E-04 3.13212E-02 1.30029E-01 3.75718E-03 8.51826E-05 3.68933E-05 1.30465E-02 
3.89304E-05 8.21685E-05 9.50469E-03 2.16093E-04 3.09546E-04 2.87405E-02 1.20688E-01 3.51179E-03 8.21685E-05 3.89304E-05 1.11957E-02 
4.01029E-05 7.87370E-05 9.09406E-03 2.15887E-04 2.82501E-04 2.63222E-02 1.11818E-01 3.27593E-03 7.87370E-05 4.01029E-05 9.60976E-03 
4.05479E-05 7.49988E-05 8.67816E-03 2.15203E-04 2.57232E-04 2.40626E-02 1.03419E-01 3.04995E-03 7.49988E-05 4.05479E-05 8.25343E-03 
4.03926E-05 7.10541E-05 8.25973E-03 2.14054E-04 2.33711E-04 2.19568E-02 9.54858E-02 2.83411E-03 7.10541E-05 4.03926E-05 7.09509E-03 
3.97532E-05 6.69925E-05 7.84139E-03 2.12454E-04 2.11901E-04 1.99997E-02 8.80124E-02 2.62859E-03 6.69925E-05 3.97532E-05 6.10692E-03 
3.87356E-05 6.28930E-05 7.42556E-03 2.10418E-04 1.91753E-04 1.81854E-02 8.09895E-02 2.43348E-03 6.28930E-05 3.87356E-05 5.26460E-03 
3.74347E-05 5.88247E-05 7.01448E-03 2.07965E-04 1.73209E-04 1.65076E-02 7.44060E-02 2.24879E-03 5.88247E-05 3.74347E-05 4.54710E-03 
1.06800E-06 2.20487E-05 1.55094E-02 -2.18691E-05 7.33936E-04 8.27619E-02 3.11516E-01 8.29959E-03 2.20487E-05 1.06800E-06 9.90883E-02 
1.06800E-06 2.20487E-05 1.54162E-02 -1.27007E-05 6.88410E-04 7.81844E-02 2.96923E-01 7.96654E-03 2.20487E-05 1.06800E-06 8.85333E-02 
1.06800E-06 3.66604E-06 1.52899E-02 -1.55469E-06 6.46895E-04 7.38096E-02 2.82822E-01 7.64207E-03 3.66604E-06 1.06800E-06 7.89093E-02 
1.06800E-06 1.19773E-05 1.51319E-02 1.10397E-05 6.08806E-04 6.96273E-02 2.69191E-01 7.32560E-03 1.19773E-05 1.06800E-06 7.01376E-02 
1.06800E-06 1.98621E-05 1.49418E-02 2.41964E-05 5.72598E-04 6.55778E-02 2.55852E-01 7.01236E-03 1.98621E-05 1.06800E-06 6.21514E-02 
1.06800E-06 2.71536E-05 1.47207E-02 3.76373E-05 5.38111E-04 6.16671E-02 2.42829E-01 6.70292E-03 2.71536E-05 1.06800E-06 5.49168E-02 
1.06800E-06 3.37302E-05 1.44702E-02 5.11242E-05 5.05209E-04 5.78994E-02 2.30143E-01 6.39788E-03 3.37302E-05 1.06800E-06 4.83944E-02 
1.06800E-06 3.82755E-05 1.42573E-02 6.14621E-05 4.80770E-04 5.50846E-02 2.20572E-01 6.16524E-03 3.82755E-05 1.06800E-06 4.38094E-02 
1.06800E-06 3.95108E-05 1.41920E-02 6.44554E-05 4.73786E-04 5.42783E-02 2.17815E-01 6.09781E-03 3.95108E-05 1.06800E-06 4.25415E-02 
1.06800E-06 4.48012E-05 1.38630E-02 7.84636E-05 4.41465E-04 5.05410E-02 2.04941E-01 5.78049E-03 4.48012E-05 1.06800E-06 3.69286E-02 
1.06800E-06 4.90997E-05 1.35066E-02 9.19279E-05 4.10689E-04 4.69789E-02 1.92520E-01 5.47028E-03 4.90997E-05 1.06800E-06 3.19825E-02 
1.06800E-06 5.24259E-05 1.31256E-02 1.04717E-04 3.81399E-04 4.35928E-02 1.80566E-01 5.16783E-03 5.24259E-05 1.06800E-06 2.76442E-02 
1.06800E-06 5.48266E-05 1.27229E-02 1.16730E-04 3.53556E-04 4.03822E-02 1.69088E-01 4.87374E-03 5.48266E-05 1.06800E-06 2.38552E-02 
5.60727E-06 5.63479E-05 1.23059E-02 1.27782E-04 3.27407E-04 3.73776E-02 1.58210E-01 4.59149E-03 5.63479E-05 5.60727E-06 2.05324E-02 
1.13122E-05 5.70956E-05 1.18717E-02 1.37980E-04 3.02505E-04 3.45290E-02 1.47765E-01 4.31720E-03 5.70956E-05 1.13122E-05 1.76361E-02 
1.59445E-05 5.71507E-05 1.14221E-02 1.47305E-04 2.78795E-04 3.18291E-02 1.37739E-01 4.05079E-03 5.71507E-05 1.59445E-05 1.51261E-02 
1.95993E-05 5.65949E-05 1.09603E-02 1.55720E-04 2.56299E-04 2.92784E-02 1.28144E-01 3.79289E-03 5.65949E-05 1.95993E-05 1.29599E-02 
2.23775E-05 5.55136E-05 1.04892E-02 1.63199E-04 2.35032E-04 2.68763E-02 1.18988E-01 3.54407E-03 5.55136E-05 2.23775E-05 1.10968E-02 
2.43810E-05 5.39919E-05 1.00119E-02 1.69730E-04 2.14999E-04 2.46211E-02 1.10278E-01 3.30480E-03 5.39919E-05 2.43810E-05 9.49923E-03 
2.57106E-05 5.21128E-05 9.53146E-03 1.75310E-04 1.96200E-04 2.25102E-02 1.02016E-01 3.07545E-03 5.21128E-05 2.57106E-05 8.13272E-03 
2.64634E-05 4.99547E-05 9.05067E-03 1.79942E-04 1.78624E-04 2.05401E-02 9.42001E-02 2.85632E-03 4.99547E-05 2.64634E-05 6.96605E-03 
2.67314E-05 4.75907E-05 8.57228E-03 1.83642E-04 1.62253E-04 1.87066E-02 8.68269E-02 2.64759E-03 4.75907E-05 2.67314E-05 5.97144E-03 
2.66005E-05 4.50876E-05 8.09882E-03 1.86431E-04 1.47062E-04 1.70050E-02 7.98897E-02 2.44939E-03 4.50876E-05 2.66005E-05 5.12441E-03 
2.61501E-05 4.25058E-05 7.63264E-03 1.88337E-04 1.33020E-04 1.54300E-02 7.33797E-02 2.26173E-03 4.25058E-05 2.61501E-05 4.40365E-03 
2.54529E-05 3.98995E-05 7.17586E-03 1.89397E-04 1.20090E-04 1.39760E-02 6.72861E-02 2.08458E-03 3.98995E-05 2.54529E-05 3.79074E-03 
2.45749E-05 3.73168E-05 6.73036E-03 1.89653E-04 1.08232E-04 1.26371E-02 6.15961E-02 1.91781E-03 3.73168E-05 2.45749E-05 3.26994E-03 
6.89772E-07 1.23773E-05 1.77593E-02 -1.34864E-04 4.80391E-04 6.74198E-02 2.74038E-01 7.71425E-03 1.23773E-05 6.89772E-07 7.59896E-02 
6.89772E-07 1.23773E-05 1.74750E-02 -1.16730E-04 4.48017E-04 6.35210E-02 2.60569E-01 7.37668E-03 1.23773E-05 6.89772E-07 6.75363E-02 
6.89772E-07 1.94601E-06 1.71644E-02 -9.73474E-05 4.18858E-04 5.98058E-02 2.47591E-01 7.04945E-03 1.94601E-06 6.89772E-07 5.98865E-02 
6.89772E-07 6.53764E-06 1.68292E-02 -7.71693E-05 3.92419E-04 5.62647E-02 2.35083E-01 6.73193E-03 6.53764E-06 6.89772E-07 5.29665E-02 
6.89772E-07 1.10869E-05 1.64671E-02 -5.67383E-05 3.67556E-04 5.28465E-02 2.22875E-01 6.41943E-03 1.10869E-05 6.89772E-07 4.67074E-02 
6.89772E-07 1.54347E-05 1.60799E-02 -3.63339E-05 3.44108E-04 4.95554E-02 2.10991E-01 6.11252E-03 1.54347E-05 6.89772E-07 4.10743E-02 
6.89772E-07 1.94600E-05 1.56694E-02 -1.61965E-05 3.21939E-04 4.63946E-02 1.99450E-01 5.81172E-03 1.94600E-05 6.89772E-07 3.60285E-02 
6.89772E-07 2.22970E-05 1.53374E-02 -9.29871E-07 3.05590E-04 4.40398E-02 1.90764E-01 5.58350E-03 2.22970E-05 6.89772E-07 3.25017E-02 
6.89772E-07 2.30758E-05 1.52380E-02 3.46840E-06 3.00936E-04 4.33664E-02 1.88266E-01 5.51755E-03 2.30758E-05 6.89772E-07 3.15295E-02 
6.89772E-07 2.64513E-05 1.47521E-02 2.39456E-05 2.79495E-04 4.02514E-02 1.76625E-01 5.20832E-03 2.64513E-05 6.89772E-07 2.72428E-02 
6.89772E-07 2.92486E-05 1.42475E-02 4.34985E-05 2.59220E-04 3.72930E-02 1.65430E-01 4.90791E-03 2.92486E-05 6.89772E-07 2.34904E-02 
6.89772E-07 3.14602E-05 1.37274E-02 6.19896E-05 2.40043E-04 3.44908E-02 1.54691E-01 4.61682E-03 3.14602E-05 6.89772E-07 2.02199E-02 
6.89772E-07 3.31012E-05 1.31951E-02 7.93129E-05 2.21914E-04 3.18435E-02 1.44416E-01 4.33552E-03 3.31012E-05 6.89772E-07 1.73811E-02 
3.62518E-06 3.41832E-05 1.26593E-02 9.52197E-05 2.04967E-04 2.93752E-02 1.34712E-01 4.06717E-03 3.41832E-05 3.62518E-06 1.49086E-02 
7.32227E-06 3.47790E-05 1.21151E-02 1.09911E-04 1.88904E-04 2.70437E-02 1.25427E-01 3.80795E-03 3.47790E-05 7.32227E-06 1.27655E-02 
1.03295E-05 3.49353E-05 1.15644E-02 1.23369E-04 1.73677E-04 2.48423E-02 1.16545E-01 3.55766E-03 3.49353E-05 1.03295E-05 1.09176E-02 
1.27041E-05 3.46993E-05 1.10103E-02 1.35550E-04 1.59287E-04 2.27705E-02 1.08075E-01 3.31679E-03 3.46993E-05 1.27041E-05 9.33004E-03 
1.45083E-05 3.41219E-05 1.04558E-02 1.46424E-04 1.45732E-04 2.08270E-02 1.00024E-01 3.08576E-03 3.41219E-05 1.45083E-05 7.97046E-03 
1.58066E-05 3.32554E-05 9.90396E-03 1.55979E-04 1.33006E-04 1.90095E-02 9.23921E-02 2.86486E-03 3.32554E-05 1.58066E-05 6.80900E-03 
1.66633E-05 3.21518E-05 9.35755E-03 1.64218E-04 1.21102E-04 1.73151E-02 8.51798E-02 2.65434E-03 3.21518E-05 1.66633E-05 5.81872E-03 
1.71416E-05 3.08609E-05 8.81919E-03 1.71156E-04 1.10004E-04 1.57401E-02 7.83831E-02 2.45434E-03 3.08609E-05 1.71416E-05 4.97560E-03 
1.73017E-05 2.94301E-05 8.29129E-03 1.76822E-04 9.96979E-05 1.42803E-02 7.19960E-02 2.26490E-03 2.94301E-05 1.73017E-05 4.25851E-03 
1.72009E-05 2.79035E-05 7.77601E-03 1.81257E-04 9.01619E-05 1.29311E-02 6.60099E-02 2.08601E-03 2.79035E-05 1.72009E-05 3.64905E-03 
1.68925E-05 2.63218E-05 7.27528E-03 1.84509E-04 8.13736E-05 1.16876E-02 6.04144E-02 1.91757E-03 2.63218E-05 1.68925E-05 3.13139E-03 
1.64264E-05 2.47225E-05 6.79074E-03 1.86639E-04 7.33081E-05 1.05444E-02 5.51975E-02 1.75944E-03 2.47225E-05 1.64264E-05 2.69202E-03 
1.58486E-05 2.31396E-05 6.32381E-03 1.87714E-04 6.59390E-05 9.49618E-03 5.03457E-02 1.61140E-03 2.31396E-05 1.58486E-05 2.31948E-03 
4.35014E-07 6.29387E-06 1.96536E-02 -1.85589E-04 3.06398E-04 5.39179E-02 2.38170E-01 7.04759E-03 6.29387E-06 4.35014E-07 5.69010E-02 
4.35014E-07 6.29387E-06 1.91685E-02 -1.60510E-04 2.83868E-04 5.06617E-02 2.25905E-01 6.71480E-03 6.29387E-06 4.35014E-07 5.03130E-02 
4.35014E-07 8.82823E-07 1.86670E-02 -1.34941E-04 2.63844E-04 4.75681E-02 2.14120E-01 6.39361E-03 8.82823E-07 4.35014E-07 4.43946E-02 
4.35014E-07 3.14696E-06 1.81506E-02 -1.09253E-04 2.45919E-04 4.46284E-02 2.02793E-01 6.08336E-03 3.14696E-06 4.35014E-07 3.90800E-02 
4.35014E-07 5.57749E-06 1.76148E-02 -8.37111E-05 2.29264E-04 4.17993E-02 1.91771E-01 5.77953E-03 5.57749E-06 4.35014E-07 3.43036E-02 
4.35014E-07 8.03178E-06 1.70619E-02 -5.85811E-05 2.13729E-04 3.90838E-02 1.81072E-01 5.48264E-03 8.03178E-06 4.35014E-07 3.00319E-02 
4.35014E-07 1.03983E-05 1.64944E-02 -3.40897E-05 1.99188E-04 3.64840E-02 1.70712E-01 5.19315E-03 1.03983E-05 4.35014E-07 2.62294E-02 
4.35014E-07 1.21153E-05 1.60468E-02 -1.57022E-05 1.88553E-04 3.45526E-02 1.62936E-01 4.97450E-03 1.21153E-05 4.35014E-07 2.35861E-02 
4.35014E-07 1.25935E-05 1.59147E-02 -1.04314E-05 1.85538E-04 3.40012E-02 1.60703E-01 4.91148E-03 1.25935E-05 4.35014E-07 2.28597E-02 
4.35014E-07 1.47019E-05 1.52791E-02 1.39596E-05 1.71721E-04 3.14559E-02 1.50318E-01 4.61701E-03 1.47019E-05 4.35014E-07 1.96689E-02 
4.35014E-07 1.64980E-05 1.46357E-02 3.70309E-05 1.58756E-04 2.90472E-02 1.40365E-01 4.33255E-03 1.64980E-05 4.35014E-07 1.68932E-02 
4.35014E-07 1.79601E-05 1.39878E-02 5.86561E-05 1.46579E-04 2.67739E-02 1.30849E-01 4.05845E-03 1.79601E-05 4.35014E-07 1.44885E-02 
4.35014E-07 1.90851E-05 1.33385E-02 7.87404E-05 1.35137E-04 2.46342E-02 1.21777E-01 3.79506E-03 1.90851E-05 4.35014E-07 1.24131E-02 
2.29022E-06 1.98685E-05 1.26977E-02 9.70212E-05 1.24497E-04 2.26467E-02 1.13238E-01 3.54522E-03 1.98685E-05 2.29022E-06 1.06169E-02 
4.63562E-06 2.03558E-05 1.20586E-02 1.13757E-04 1.14465E-04 2.07763E-02 1.05097E-01 3.30521E-03 2.03558E-05 4.63562E-06 9.06763E-03 
6.55012E-06 2.05707E-05 1.14227E-02 1.28944E-04 1.04999E-04 1.90171E-02 9.73369E-02 3.07476E-03 2.05707E-05 6.55012E-06 7.73766E-03 
8.06546E-06 2.05377E-05 1.07931E-02 1.42543E-04 9.60887E-05 1.73678E-02 8.99643E-02 2.85420E-03 2.05377E-05 8.06546E-06 6.59956E-03 
9.21791E-06 2.02851E-05 1.01725E-02 1.54535E-04 8.77252E-05 1.58268E-02 8.29814E-02 2.64382E-03 2.02851E-05 9.21791E-06 5.62815E-03 
1.00462E-05 1.98436E-05 9.56367E-03 1.64923E-04 7.98984E-05 1.43914E-02 7.63877E-02 2.44378E-03 1.98436E-05 1.00462E-05 4.80063E-03 
1.05902E-05 1.92443E-05 8.96906E-03 1.73725E-04 7.25973E-05 1.30587E-02 7.01799E-02 2.25418E-03 1.92443E-05 1.05902E-05 4.09668E-03 
1.08896E-05 1.85183E-05 8.39084E-03 1.80976E-04 6.58096E-05 1.18250E-02 6.43526E-02 2.07504E-03 1.85183E-05 1.08896E-05 3.49841E-03 
1.09832E-05 1.76958E-05 7.83094E-03 1.86727E-04 5.95218E-05 1.06864E-02 5.88977E-02 1.90628E-03 1.76958E-05 1.09832E-05 2.99026E-03 
1.09084E-05 1.68059E-05 7.29097E-03 1.91039E-04 5.37192E-05 9.63838E-03 5.38054E-02 1.74779E-03 1.68059E-05 1.09084E-05 2.55888E-03 
1.07012E-05 1.58762E-05 6.77231E-03 1.93989E-04 4.83869E-05 8.67656E-03 4.90645E-02 1.59937E-03 1.58762E-05 1.07012E-05 2.19288E-03 
1.03958E-05 1.49331E-05 6.27603E-03 1.95660E-04 4.35097E-05 7.79618E-03 4.46621E-02 1.46078E-03 1.49331E-05 1.03958E-05 1.88268E-03 
1.00248E-05 1.40016E-05 5.80295E-03 1.96145E-04 3.90727E-05 6.99243E-03 4.05844E-02 1.33173E-03 1.40016E-05 1.00248E-05 1.62022E-03 
2.67700E-07 2.68966E-06 2.10056E-02 -1.86497E-04 1.89948E-04 4.22563E-02 2.04283E-01 6.32173E-03 2.68966E-06 2.67700E-07 4.15094E-02 
2.67700E-07 2.68966E-06 2.03251E-02 -1.56470E-04 1.74635E-04 3.95938E-02 1.93272E-01 6.00200E-03 2.68966E-06 2.67700E-07 3.65238E-02 
2.67700E-07 2.72731E-07 1.96405E-02 -1.26702E-04 1.61216E-04 3.70719E-02 1.82722E-01 5.69466E-03 2.72731E-07 2.67700E-07 3.20769E-02 
2.67700E-07 1.17101E-06 1.89530E-02 -9.74755E-05 1.49370E-04 3.46828E-02 1.72612E-01 5.39902E-03 1.17101E-06 2.67700E-07 2.81121E-02 
2.67700E-07 2.32455E-06 1.82556E-02 -6.88398E-05 1.38508E-04 3.23906E-02 1.62802E-01 5.11080E-03 2.32455E-06 2.67700E-07 2.45708E-02 
2.67700E-07 3.61202E-06 1.75510E-02 -4.10341E-05 1.28502E-04 3.01974E-02 1.53308E-01 4.83046E-03 3.61202E-06 2.67700E-07 2.14230E-02 
2.67700E-07 4.93708E-06 1.68420E-02 -1.42608E-05 1.19241E-04 2.81042E-02 1.44141E-01 4.55837E-03 4.93708E-06 2.67700E-07 1.86377E-02 
2.67700E-07 5.94051E-06 1.62920E-02 5.63666E-06 1.12531E-04 2.65538E-02 1.37281E-01 4.35373E-03 5.94051E-06 2.67700E-07 1.67116E-02 
2.67700E-07 6.22582E-06 1.61312E-02 1.13084E-05 1.10638E-04 2.61118E-02 1.35314E-01 4.29489E-03 6.22582E-06 2.67700E-07 1.61838E-02 
2.67700E-07 7.51310E-06 1.53658E-02 3.73689E-05 1.02012E-04 2.40763E-02 1.26183E-01 4.02081E-03 7.51310E-06 2.67700E-07 1.38739E-02 
2.67700E-07 8.65010E-06 1.46047E-02 6.17289E-05 9.39904E-05 2.21569E-02 1.17462E-01 3.75742E-03 8.65010E-06 2.67700E-07 1.18762E-02 
2.67700E-07 9.61013E-06 1.38510E-02 8.42863E-05 8.65145E-05 2.03521E-02 1.09154E-01 3.50498E-03 9.61013E-06 2.67700E-07 1.01551E-02 
2.67700E-07 1.03813E-05 1.31077E-02 1.04970E-04 7.95386E-05 1.86598E-02 1.01260E-01 3.26367E-03 1.03813E-05 2.67700E-07 8.67733E-03 
1.41300E-06 1.09553E-05 1.23850E-02 1.23542E-04 7.30949E-05 1.70938E-02 9.38566E-02 3.03600E-03 1.09553E-05 1.41300E-06 7.40551E-03 
2.86919E-06 1.13555E-05 1.16745E-02 1.40290E-04 6.70540E-05 1.56258E-02 8.68238E-02 2.81845E-03 1.13555E-05 2.86919E-06 6.31328E-03 
4.06436E-06 1.15904E-05 1.09771E-02 1.55228E-04 6.13812E-05 1.42503E-02 8.01449E-02 2.61066E-03 1.15904E-05 4.06436E-06 5.37894E-03 
5.01399E-06 1.16706E-05 1.02956E-02 1.68336E-04 5.60634E-05 1.29659E-02 7.38228E-02 2.41286E-03 1.16706E-05 5.01399E-06 4.58175E-03 
5.73756E-06 1.16103E-05 9.63235E-03 1.79616E-04 5.10887E-05 1.17706E-02 6.78574E-02 2.22518E-03 1.16103E-05 5.73756E-06 3.90290E-03 
6.25709E-06 1.14263E-05 8.98958E-03 1.89093E-04 4.64464E-05 1.06619E-02 6.22460E-02 2.04768E-03 1.14263E-05 6.25709E-06 3.32558E-03 
6.59614E-06 1.11366E-05 8.36919E-03 1.96808E-04 4.21262E-05 9.63668E-03 5.69836E-02 1.88035E-03 1.11366E-05 6.59614E-06 2.83501E-03 
6.77900E-06 1.07601E-05 7.77279E-03 2.02822E-04 3.81182E-05 8.69162E-03 5.20630E-02 1.72308E-03 1.07601E-05 6.77900E-06 2.41832E-03 
6.83021E-06 1.03160E-05 7.20168E-03 2.07211E-04 3.44128E-05 7.82307E-03 4.74754E-02 1.57573E-03 1.03160E-05 6.83021E-06 2.06449E-03 
6.77428E-06 9.82357E-06 6.65683E-03 2.10061E-04 3.10008E-05 7.02713E-03 4.32099E-02 1.43808E-03 9.82357E-06 6.77428E-06 1.76416E-03 
6.63550E-06 9.30202E-06 6.13898E-03 2.11475E-04 2.78739E-05 6.29981E-03 3.92548E-02 1.30988E-03 9.30202E-06 6.63550E-06 1.50947E-03 
6.43783E-06 8.77056E-06 5.64854E-03 2.11560E-04 2.50246E-05 5.63700E-03 3.55973E-02 1.19081E-03 8.77056E-06 6.43783E-06 1.29386E-03 
6.20483E-06 8.24822E-06 5.18570E-03 2.10432E-04 2.24463E-05 5.03457E-03 3.22234E-02 1.08053E-03 8.24822E-06 6.20483E-06 1.11191E-03 
1.60671E-07 7.19425E-07 2.16545E-02 -1.47317E-04 1.14004E-04 3.23675E-02 1.72639E-01 5.55874E-03 7.19425E-07 1.60671E-07 2.94007E-02 
1.60671E-07 7.19425E-07 2.08014E-02 -1.14321E-04 1.03871E-04 3.02411E-02 1.62906E-01 5.25923E-03 7.19425E-07 1.60671E-07 2.57496E-02 
1.60671E-07 -4.07379E-08 1.99576E-02 -8.22862E-05 9.51237E-05 2.82332E-02 1.53608E-01 4.97242E-03 -4.07379E-08 1.60671E-07 2.25157E-02 
1.60671E-07 1.24211E-07 1.91242E-02 -5.14098E-05 8.75171E-05 2.63370E-02 1.44725E-01 4.69763E-03 1.24211E-07 1.60671E-07 1.96526E-02 
1.60671E-07 5.57649E-07 1.82917E-02 -2.15773E-05 8.06431E-05 2.45234E-02 1.36131E-01 4.43085E-03 5.57649E-07 1.60671E-07 1.71106E-02 
1.60671E-07 1.16150E-06 1.74631E-02 7.00627E-06 7.43975E-05 2.27936E-02 1.27838E-01 4.17248E-03 1.16150E-06 1.60671E-07 1.48643E-02 
1.60671E-07 1.85714E-06 1.66411E-02 3.41713E-05 6.86917E-05 2.11481E-02 1.19856E-01 3.92283E-03 1.85714E-06 1.60671E-07 1.28880E-02 
1.60671E-07 2.41905E-06 1.60112E-02 5.41269E-05 6.46006E-05 1.99329E-02 1.13899E-01 3.73581E-03 2.41905E-06 1.60671E-07 1.15281E-02 
1.60671E-07 2.58347E-06 1.58283E-02 5.97775E-05 6.34529E-05 1.95871E-02 1.12193E-01 3.68216E-03 2.58347E-06 1.60671E-07 1.11565E-02 
1.60671E-07 3.34870E-06 1.49650E-02 8.55145E-05 5.82588E-05 1.79978E-02 1.04294E-01 3.43299E-03 3.34870E-06 1.60671E-07 9.53553E-03 
1.60671E-07 4.05618E-06 1.41184E-02 1.09209E-04 5.34782E-05 1.65048E-02 9.67746E-02 3.19475E-03 4.05618E-06 1.60671E-07 8.14115E-03 
1.60671E-07 4.67994E-06 1.32910E-02 1.30792E-04 4.90633E-05 1.51062E-02 8.96370E-02 2.96755E-03 4.67994E-06 1.60671E-07 6.94580E-03 
1.60671E-07 5.20528E-06 1.24854E-02 1.50227E-04 4.49769E-05 1.37998E-02 8.28797E-02 2.75148E-03 5.20528E-06 1.60671E-07 5.92403E-03 
8.51149E-07 5.62804E-06 1.17119E-02 1.67327E-04 4.12363E-05 1.25957E-02 7.65660E-02 2.54868E-03 5.62804E-06 8.51149E-07 5.04886E-03 
1.73601E-06 5.95325E-06 1.09604E-02 1.82390E-04 3.77534E-05 1.14713E-02 7.05900E-02 2.35589E-03 5.95325E-06 1.73601E-06 4.29976E-03 
2.46767E-06 6.17984E-06 1.02314E-02 1.95448E-04 3.44993E-05 1.04220E-02 6.49359E-02 2.17269E-03 6.17984E-06 2.46767E-06 3.66052E-03 
3.05190E-06 6.31051E-06 9.52685E-03 2.06509E-04 3.14608E-05 9.44613E-03 5.96041E-02 1.99921E-03 6.31051E-06 3.05190E-06 3.11606E-03 
3.49784E-06 6.35116E-06 8.84879E-03 2.15605E-04 2.86267E-05 8.54171E-03 5.45926E-02 1.83546E-03 6.35116E-06 3.49784E-06 2.65287E-03 
3.81704E-06 6.31010E-06 8.19873E-03 2.22786E-04 2.59875E-05 7.70629E-03 4.98969E-02 1.68141E-03 6.31010E-06 3.81704E-06 2.25905E-03 
4.02274E-06 6.19730E-06 7.57791E-03 2.28124E-04 2.35349E-05 6.93709E-03 4.55108E-02 1.53695E-03 6.19730E-06 4.02274E-06 1.92427E-03 
4.12943E-06 6.02403E-06 6.98725E-03 2.31706E-04 2.12618E-05 6.23109E-03 4.14262E-02 1.40190E-03 6.02403E-06 4.12943E-06 1.63965E-03 
4.15248E-06 5.80256E-06 6.42734E-03 2.33635E-04 1.91625E-05 5.58508E-03 3.76333E-02 1.27604E-03 5.80256E-06 4.15248E-06 1.39771E-03 
4.10806E-06 5.54604E-06 5.89849E-03 2.34024E-04 1.72322E-05 4.99570E-03 3.41214E-02 1.15910E-03 5.54604E-06 4.10806E-06 1.19218E-03 
4.01295E-06 5.26843E-06 5.40073E-03 2.32998E-04 1.54678E-05 4.45953E-03 3.08787E-02 1.05076E-03 5.26843E-06 4.01295E-06 1.01785E-03 
3.88452E-06 4.98437E-06 4.93383E-03 2.30688E-04 1.38673E-05 3.97313E-03 2.78924E-02 9.50683E-04 4.98437E-06 3.88452E-06 8.70481E-04 
3.74057E-06 4.70916E-06 4.49734E-03 2.27231E-04 1.24305E-05 3.53308E-03 2.51495E-02 8.58506E-04 4.70916E-06 3.74057E-06 7.46562E-04 
9.48261E-08 -2.22977E-07 2.14915E-02 -7.64100E-05 6.63364E-05 2.42329E-02 1.43761E-01 4.78960E-03 -2.22977E-07 9.48261E-08 2.02197E-02 
9.48261E-08 -2.22977E-07 2.05065E-02 -4.24271E-05 5.98006E-05 2.25743E-02 1.35292E-01 4.51587E-03 -2.22977E-07 9.48261E-08 1.76335E-02 
9.48261E-08 -1.70857E-07 1.95447E-02 -1.00268E-05 5.42453E-05 2.10131E-02 1.27227E-01 4.25472E-03 -1.70857E-07 9.48261E-08 1.53585E-02 
9.48261E-08 -3.43486E-07 1.86062E-02 2.06721E-05 4.94907E-05 1.95435E-02 1.19544E-01 4.00547E-03 -3.43486E-07 9.48261E-08 1.33579E-02 
9.48261E-08 -2.76283E-07 1.76797E-02 4.98988E-05 4.52615E-05 1.81423E-02 1.12133E-01 3.76447E-03 -2.76283E-07 9.48261E-08 1.15918E-02 
9.48261E-08 -4.48093E-08 1.67680E-02 7.74883E-05 4.14772E-05 1.68102E-02 1.05005E-01 3.53201E-03 -4.48093E-08 9.48261E-08 1.00398E-02 
9.48261E-08 2.90114E-07 1.58737E-02 1.03309E-04 3.80696E-05 1.55472E-02 9.81649E-02 3.30835E-03 2.90114E-07 9.48261E-08 8.68169E-03 
9.48261E-08 5.89594E-07 1.51951E-02 1.22008E-04 3.56558E-05 1.46173E-02 9.30742E-02 3.14145E-03 5.89594E-07 9.48261E-08 7.75138E-03 
9.48261E-08 6.80838E-07 1.49990E-02 1.27258E-04 3.49830E-05 1.43531E-02 9.16191E-02 3.09368E-03 6.80838E-07 9.48261E-08 7.49779E-03 
9.48261E-08 1.12329E-06 1.40804E-02 1.50899E-04 3.19620E-05 1.31417E-02 8.48939E-02 2.87243E-03 1.12329E-06 9.48261E-08 6.39491E-03 
9.48261E-08 1.55590E-06 1.31896E-02 1.72216E-04 2.92152E-05 1.20081E-02 7.85154E-02 2.66191E-03 1.55590E-06 9.48261E-08 5.45065E-03 
9.48261E-08 1.95646E-06 1.23287E-02 1.91183E-04 2.67061E-05 1.09502E-02 7.24822E-02 2.46213E-03 1.95646E-06 9.48261E-08 4.64453E-03 
9.48261E-08 2.31099E-06 1.14995E-02 2.07802E-04 2.44061E-05 9.96586E-03 6.67915E-02 2.27307E-03 2.31099E-06 9.48261E-08 3.95788E-03 
5.04738E-07 2.62365E-06 1.07118E-02 2.21960E-04 2.23306E-05 9.06225E-03 6.14942E-02 2.09653E-03 2.62365E-06 5.04738E-07 3.37187E-03 
1.03538E-06 2.88424E-06 9.95447E-03 2.33941E-04 2.04141E-05 8.22187E-03 5.64990E-02 1.92954E-03 2.88424E-06 1.03538E-06 2.87129E-03 
1.47810E-06 3.08605E-06 9.22707E-03 2.43803E-04 1.86327E-05 7.44077E-03 5.17909E-02 1.77167E-03 3.08605E-06 1.47810E-06 2.44454E-03 
1.83335E-06 3.22773E-06 8.53118E-03 2.51584E-04 1.69749E-05 6.71737E-03 4.73682E-02 1.62292E-03 3.22773E-06 1.83335E-06 2.08108E-03 
2.10437E-06 3.31065E-06 7.86801E-03 2.57349E-04 1.54315E-05 6.04975E-03 4.32276E-02 1.48324E-03 3.31065E-06 2.10437E-06 1.77162E-03 
2.29651E-06 3.33831E-06 7.23839E-03 2.61179E-04 1.39947E-05 5.43569E-03 3.93633E-02 1.35252E-03 3.33831E-06 2.29651E-06 1.50808E-03 
2.41683E-06 3.31600E-06 6.64286E-03 2.63177E-04 1.26587E-05 4.87276E-03 3.57685E-02 1.23057E-03 3.31600E-06 2.41683E-06 1.28352E-03 
2.47384E-06 3.25045E-06 6.08162E-03 2.63456E-04 1.14191E-05 4.35837E-03 3.24344E-02 1.11717E-03 3.25045E-06 2.47384E-06 1.09210E-03 
2.47732E-06 3.14981E-06 5.55457E-03 2.62147E-04 1.02730E-05 3.88978E-03 2.93513E-02 1.01205E-03 3.14981E-06 2.47732E-06 9.28952E-04 
2.43826E-06 3.02352E-06 5.06134E-03 2.59386E-04 9.21925E-06 3.46421E-03 2.65086E-02 9.14895E-04 3.02352E-06 2.43826E-06 7.90088E-04 
2.36886E-06 2.88229E-06 4.60133E-03 2.55319E-04 8.25836E-06 3.07884E-03 2.38948E-02 8.25373E-04 2.88229E-06 2.36886E-06 6.72264E-04 
2.28239E-06 2.73806E-06 4.17373E-03 2.50095E-04 7.39248E-06 2.73086E-03 2.14981E-02 7.43127E-04 2.73806E-06 2.28239E-06 5.72862E-04 
2.19308E-06 2.60380E-06 3.77755E-03 2.43868E-04 6.62539E-06 2.41752E-03 1.93062E-02 6.67786E-04 2.60380E-06 2.19308E-06 4.89773E-04 
5.51909E-08 -5.81051E-07 2.04802E-02 2.09153E-05 3.70119E-05 1.76124E-02 1.17465E-01 4.02765E-03 -5.81051E-07 5.51909E-08 1.33822E-02 
5.51909E-08 -5.81051E-07 1.94171E-02 5.39219E-05 3.29383E-05 1.63566E-02 1.10237E-01 3.78411E-03 -5.81051E-07 5.51909E-08 1.16265E-02 
5.51909E-08 -1.99742E-07 1.83896E-02 8.48162E-05 2.95304E-05 1.51784E-02 1.03375E-01 3.55262E-03 -1.99742E-07 5.51909E-08 1.00924E-02 
5.51909E-08 -4.86967E-07 1.73970E-02 1.13553E-04 2.66623E-05 1.40729E-02 9.68581E-02 3.33254E-03 -4.86967E-07 5.51909E-08 8.75234E-03 
5.51909E-08 -5.81521E-07 1.64266E-02 1.40434E-04 2.41544E-05 1.30224E-02 9.05919E-02 3.12058E-03 -5.81521E-07 5.51909E-08 7.57577E-03 
5.51909E-08 -5.38586E-07 1.54809E-02 1.65339E-04 2.19480E-05 1.20271E-02 8.45833E-02 2.91697E-03 -5.38586E-07 5.51909E-08 6.54721E-03 
5.51909E-08 -4.02588E-07 1.45619E-02 1.88178E-04 1.99936E-05 1.10866E-02 7.88368E-02 2.72189E-03 -4.02588E-07 5.51909E-08 5.65152E-03 
5.51909E-08 -2.55945E-07 1.38704E-02 2.04392E-04 1.86285E-05 1.03963E-02 7.45722E-02 2.57687E-03 -2.55945E-07 5.51909E-08 5.04048E-03 
5.51909E-08 -2.08425E-07 1.36715E-02 2.08889E-04 1.82509E-05 1.02006E-02 7.33554E-02 2.53545E-03 -2.08425E-07 5.51909E-08 4.87428E-03 
5.51909E-08 3.55669E-08 1.27455E-02 2.28798E-04 1.65715E-05 9.30505E-03 6.77433E-02 2.34418E-03 3.55669E-08 5.51909E-08 4.15331E-03 
5.51909E-08 2.91641E-07 1.18563E-02 2.46181E-04 1.50672E-05 8.47025E-03 6.24400E-02 2.16305E-03 2.91641E-07 5.51909E-08 3.53838E-03 
5.51909E-08 5.42569E-07 1.10054E-02 2.61056E-04 1.37121E-05 7.69438E-03 5.74427E-02 1.99201E-03 5.42569E-07 5.51909E-08 3.01504E-03 
5.51909E-08 7.76779E-07 1.01938E-02 2.73467E-04 1.24855E-05 6.97541E-03 5.27469E-02 1.83095E-03 7.76779E-07 5.51909E-08 2.57025E-03 
2.95514E-07 1.00832E-06 9.43010E-03 2.83397E-04 1.14071E-05 6.31814E-03 4.83926E-02 1.68133E-03 1.00832E-06 2.95514E-07 2.19142E-03 
6.10376E-07 1.21429E-06 8.70274E-03 2.91094E-04 1.04226E-05 5.70941E-03 4.43026E-02 1.54051E-03 1.21429E-06 6.10376E-07 1.86787E-03 
8.75527E-07 1.38462E-06 8.01061E-03 2.96641E-04 9.51188E-06 5.14600E-03 4.04626E-02 1.40804E-03 1.38462E-06 8.75527E-07 1.59175E-03 
1.08885E-06 1.51620E-06 7.35456E-03 3.00114E-04 8.66579E-06 4.62646E-03 3.68700E-02 1.28388E-03 1.51620E-06 1.08885E-06 1.35606E-03 
1.25042E-06 1.60813E-06 6.73507E-03 3.01610E-04 7.87703E-06 4.14908E-03 3.35200E-02 1.16789E-03 1.60813E-06 1.25042E-06 1.15471E-03 
1.36211E-06 1.66139E-06 6.15227E-03 3.01244E-04 7.14012E-06 3.71195E-03 3.04066E-02 1.05991E-03 1.66139E-06 1.36211E-06 9.82514E-04 
1.42740E-06 1.67859E-06 5.60601E-03 2.99146E-04 6.45119E-06 3.31304E-03 2.75223E-02 9.59716E-04 1.67859E-06 1.42740E-06 8.35073E-04 
1.45127E-06 1.66391E-06 5.09580E-03 2.95459E-04 5.80806E-06 2.95019E-03 2.48586E-02 8.67039E-04 1.66391E-06 1.45127E-06 7.08762E-04 
1.44018E-06 1.62306E-06 4.62094E-03 2.90335E-04 5.21024E-06 2.62120E-03 2.24060E-02 7.81589E-04 1.62306E-06 1.44018E-06 6.00631E-04 
1.40206E-06 1.56331E-06 4.18049E-03 2.83932E-04 4.65901E-06 2.32382E-03 2.01543E-02 7.03044E-04 1.56331E-06 1.40206E-06 5.08320E-04 
1.34633E-06 1.49349E-06 3.77331E-03 2.76413E-04 4.15749E-06 2.05582E-03 1.80931E-02 6.31068E-04 1.49349E-06 1.34633E-06 4.29971E-04 
1.28383E-06 1.42389E-06 3.39811E-03 2.67941E-04 3.71056E-06 1.81499E-03 1.62114E-02 5.65308E-04 1.42389E-06 1.28383E-06 3.64130E-04 
1.22666E-06 1.36612E-06 3.05349E-03 2.58679E-04 3.32475E-06 1.59921E-03 1.44982E-02 5.05407E-04 1.36612E-06 1.22666E-06 3.09658E-04 
3.25007E-08 -6.32106E-07 1.86746E-02 1.39104E-04 1.97844E-05 1.24039E-02 9.40836E-02 3.29990E-03 -6.32106E-07 3.25007E-08 8.50119E-03 
3.25007E-08 -6.32106E-07 1.75971E-02 1.69155E-04 1.73310E-05 1.14826E-02 8.80396E-02 3.08922E-03 -6.32106E-07 3.25007E-08 7.36335E-03 
3.25007E-08 -1.79255E-07 1.65647E-02 1.96680E-04 1.53104E-05 1.06211E-02 8.23190E-02 2.88972E-03 -1.79255E-07 3.25007E-08 6.37566E-03 
3.25007E-08 -4.66476E-07 1.55760E-02 2.21701E-04 1.36385E-05 9.81560E-03 7.69043E-02 2.70079E-03 -4.66476E-07 3.25007E-08 5.51851E-03 
3.25007E-08 -6.11144E-07 1.46175E-02 2.44550E-04 1.22025E-05 9.05275E-03 7.17145E-02 2.51955E-03 -6.11144E-07 3.25007E-08 4.76965E-03 
3.25007E-08 -6.51338E-07 1.36913E-02 2.65155E-04 1.09618E-05 8.33249E-03 6.67543E-02 2.34618E-03 -6.51338E-07 3.25007E-08 4.11803E-03 
3.25007E-08 -6.17601E-07 1.27988E-02 2.83472E-04 9.88274E-06 7.65440E-03 6.20262E-02 2.18076E-03 -6.17601E-07 3.25007E-08 3.55298E-03 
3.25007E-08 -5.56166E-07 1.21322E-02 2.96063E-04 9.14117E-06 7.15825E-03 5.85280E-02 2.05826E-03 -5.56166E-07 3.25007E-08 3.16881E-03 
3.25007E-08 -5.33879E-07 1.19413E-02 2.99484E-04 8.93795E-06 7.01782E-03 5.75316E-02 2.02335E-03 -5.33879E-07 3.25007E-08 3.06450E-03 
3.25007E-08 -4.08607E-07 1.10571E-02 3.14175E-04 8.04437E-06 6.37695E-03 5.29464E-02 1.86260E-03 -4.08607E-07 3.25007E-08 2.61283E-03 
3.25007E-08 -2.63612E-07 1.02158E-02 3.26233E-04 7.25919E-06 5.78196E-03 4.86298E-02 1.71111E-03 -2.63612E-07 3.25007E-08 2.22858E-03 
3.25007E-08 -1.11194E-07 9.41781E-03 3.35725E-04 6.56496E-06 5.23127E-03 4.45780E-02 1.56876E-03 -1.11194E-07 3.25007E-08 1.90204E-03 
3.25007E-08 3.99294E-08 8.66335E-03 3.42739E-04 5.94776E-06 4.72312E-03 4.07855E-02 1.43539E-03 3.99294E-08 3.25007E-08 1.62462E-03 
1.75146E-07 2.13562E-07 7.95980E-03 3.47362E-04 5.43421E-06 4.26060E-03 3.72828E-02 1.31212E-03 2.13562E-07 1.75146E-07 1.38821E-03 
3.64288E-07 3.76183E-07 7.29550E-03 3.49794E-04 4.97376E-06 3.83409E-03 3.40058E-02 1.19671E-03 3.76183E-07 3.64288E-07 1.18581E-03 
5.24648E-07 5.15754E-07 6.66885E-03 3.50139E-04 4.54880E-06 3.44107E-03 3.09416E-02 1.08869E-03 5.15754E-07 5.24648E-07 1.01237E-03 
6.53114E-07 6.28704E-07 6.07999E-03 3.48512E-04 4.15236E-06 3.08028E-03 2.80865E-02 9.87973E-04 6.28704E-07 6.53114E-07 8.63504E-04 
7.48260E-07 7.13194E-07 5.52875E-03 3.45042E-04 3.77913E-06 2.75026E-03 2.54354E-02 8.94382E-04 7.13194E-07 7.48260E-07 7.35463E-04 
8.10178E-07 7.68954E-07 5.01464E-03 3.39875E-04 3.42536E-06 2.44948E-03 2.29820E-02 8.07713E-04 7.68954E-07 8.10178E-07 6.25095E-04 
8.40424E-07 7.97236E-07 4.53689E-03 3.33170E-04 3.08886E-06 2.17629E-03 2.07188E-02 7.27724E-04 7.97236E-07 8.40424E-07 5.29814E-04 
8.42041E-07 8.00839E-07 4.09452E-03 3.25091E-04 2.76911E-06 1.92898E-03 1.86378E-02 6.54140E-04 8.00839E-07 8.42041E-07 4.47537E-04 
8.19632E-07 7.84170E-07 3.68632E-03 3.15811E-04 2.46727E-06 1.70583E-03 1.67301E-02 5.86667E-04 7.84170E-07 8.19632E-07 3.76639E-04 
7.79423E-07 7.53318E-07 3.31093E-03 3.05502E-04 2.18638E-06 1.50512E-03 1.49866E-02 5.24990E-04 7.53318E-07 7.79423E-07 3.15878E-04 
7.29300E-07 7.16069E-07 2.96686E-03 2.94340E-04 1.93128E-06 1.32513E-03 1.33977E-02 4.68788E-04 7.16069E-07 7.29300E-07 2.64338E-04 
6.78758E-07 6.81852E-07 2.65250E-03 2.82496E-04 1.70866E-06 1.16422E-03 1.19537E-02 4.17732E-04 6.81852E-07 6.78758E-07 2.21347E-04 
6.38729E-07 6.61554E-07 2.36620E-03 2.70136E-04 1.52681E-06 1.02079E-03 1.06450E-02 3.71494E-04 6.61554E-07 6.38729E-07 1.86414E-04 
2.01768E-08 -5.52002E-07 1.62202E-02 2.73710E-04 1.00854E-05 8.42474E-03 7.36680E-02 2.62525E-03 -5.52002E-07 2.01768E-08 5.14905E-03 
2.01768E-08 -5.52002E-07 1.51935E-02 2.98819E-04 8.66092E-06 7.77280E-03 6.87290E-02 2.44850E-03 -5.52002E-07 2.01768E-08 4.45130E-03 
2.01768E-08 -1.41652E-07 1.42175E-02 3.21121E-04 7.50418E-06 7.16533E-03 6.40696E-02 2.28180E-03 -1.41652E-07 2.01768E-08 3.84947E-03 
2.01768E-08 -3.82580E-07 1.32900E-02 3.40695E-04 6.56238E-06 6.59934E-03 5.96742E-02 2.12455E-03 -3.82580E-07 2.01768E-08 3.33041E-03 
2.01768E-08 -5.25288E-07 1.23977E-02 3.57871E-04 5.76745E-06 6.06524E-03 5.54752E-02 1.97432E-03 -5.25288E-07 2.01768E-08 2.87888E-03 
2.01768E-08 -5.94387E-07 1.15420E-02 3.72627E-04 5.09316E-06 5.56280E-03 5.14756E-02 1.83121E-03 -5.94387E-07 2.01768E-08 2.48748E-03 
2.01768E-08 -6.09439E-07 1.07238E-02 3.84965E-04 4.51806E-06 5.09153E-03 4.76764E-02 1.69526E-03 -6.09439E-07 2.01768E-08 2.14919E-03 
2.01768E-08 -5.93794E-07 1.01169E-02 3.92871E-04 4.13007E-06 4.74789E-03 4.48742E-02 1.59497E-03 -5.93794E-07 2.01768E-08 1.91972E-03 
2.01768E-08 -5.85673E-07 9.94381E-03 3.94915E-04 4.02491E-06 4.65081E-03 4.40774E-02 1.56645E-03 -5.85673E-07 2.01768E-08 1.85747E-03 
2.01768E-08 -5.29891E-07 9.14597E-03 4.03028E-04 3.56919E-06 4.20889E-03 4.04195E-02 1.43553E-03 -5.29891E-07 2.01768E-08 1.58820E-03 
2.01768E-08 -4.53451E-07 8.39307E-03 4.08514E-04 3.17900E-06 3.80037E-03 3.69894E-02 1.31275E-03 -4.53451E-07 2.01768E-08 1.35925E-03 
2.01768E-08 -3.64473E-07 7.68491E-03 4.11489E-04 2.84343E-06 3.42390E-03 3.37824E-02 1.19796E-03 -3.64473E-07 2.01768E-08 1.16452E-03 
2.01768E-08 -2.69085E-07 7.02096E-03 4.12087E-04 2.55355E-06 3.07806E-03 3.07928E-02 1.09096E-03 -2.69085E-07 2.01768E-08 9.98647E-04 
1.09300E-07 -1.34893E-07 6.40700E-03 4.10504E-04 2.34340E-06 2.76471E-03 2.80431E-02 9.92599E-04 -1.34893E-07 1.09300E-07 8.56678E-04 
2.28405E-07 -4.23959E-09 5.83208E-03 4.06876E-04 2.16178E-06 2.47707E-03 2.54810E-02 9.00976E-04 -4.23959E-09 2.28405E-07 7.34322E-04 
3.29282E-07 1.09625E-07 5.29421E-03 4.01329E-04 1.99260E-06 2.21324E-03 2.30953E-02 8.15680E-04 1.09625E-07 3.29282E-07 6.28565E-04 
4.08634E-07 2.03244E-07 4.79297E-03 3.94010E-04 1.83072E-06 1.97216E-03 2.08818E-02 7.36565E-04 2.03244E-07 4.08634E-07 5.36840E-04 
4.64450E-07 2.74506E-07 4.32765E-03 3.85081E-04 1.67236E-06 1.75271E-03 1.88353E-02 6.63446E-04 2.74506E-07 4.64450E-07 4.56999E-04 
4.95993E-07 3.22633E-07 3.89729E-03 3.74716E-04 1.51512E-06 1.55367E-03 1.69496E-02 5.96104E-04 3.22633E-07 4.95993E-07 3.87290E-04 
5.03869E-07 3.48243E-07 3.50071E-03 3.63095E-04 1.35805E-06 1.37377E-03 1.52178E-02 5.34293E-04 3.48243E-07 5.03869E-07 3.26331E-04 
4.90143E-07 3.53472E-07 3.13656E-03 3.50401E-04 1.20179E-06 1.21174E-03 1.36325E-02 4.77750E-04 3.53472E-07 4.90143E-07 2.73074E-04 
4.58478E-07 3.42101E-07 2.80336E-03 3.36819E-04 1.04870E-06 1.06628E-03 1.21859E-02 4.26193E-04 3.42101E-07 4.58478E-07 2.26766E-04 
4.14247E-07 3.19659E-07 2.49950E-03 3.22531E-04 9.02963E-07 9.36112E-04 1.08697E-02 3.79334E-04 3.19659E-07 4.14247E-07 1.86902E-04 
3.64586E-07 2.93467E-07 2.22332E-03 3.07717E-04 7.70643E-07 8.20006E-04 9.67573E-03 3.36881E-04 2.93467E-07 3.64586E-07 1.53178E-04 
3.18343E-07 2.72576E-07 1.97311E-03 2.92548E-04 6.59589E-07 7.16757E-04 8.59572E-03 2.98542E-04 2.72576E-07 3.18343E-07 1.25430E-04 
2.85898E-07 2.67569E-07 1.74715E-03 2.77187E-04 5.79248E-07 6.25220E-04 7.62148E-03 2.64029E-04 2.67569E-07 2.85898E-07 1.03585E-04 
1.39768E-08 -4.38512E-07 1.33408E-02 4.20523E-04 4.89044E-06 5.48613E-03 5.62104E-02 2.01925E-03 -4.38512E-07 1.39768E-08 2.94752E-03 
1.39768E-08 -4.38512E-07 1.24230E-02 4.38701E-04 4.09273E-06 5.04359E-03 5.22789E-02 1.87599E-03 -4.38512E-07 1.39768E-08 2.54783E-03 
1.39768E-08 -1.04299E-07 1.15570E-02 4.53940E-04 3.45149E-06 4.63278E-03 4.85829E-02 1.74142E-03 -1.04299E-07 1.39768E-08 2.20516E-03 
1.39768E-08 -2.90243E-07 1.07399E-02 4.66369E-04 2.93607E-06 4.25144E-03 4.51082E-02 1.61502E-03 -2.90243E-07 1.39768E-08 1.91132E-03 
1.39768E-08 -4.12663E-07 9.95951E-03 4.76282E-04 2.50717E-06 3.89295E-03 4.18003E-02 1.49477E-03 -4.12663E-07 1.39768E-08 1.65655E-03 
1.39768E-08 -4.86207E-07 9.21646E-03 4.83707E-04 2.14917E-06 3.55699E-03 3.86605E-02 1.38070E-03 -4.86207E-07 1.39768E-08 1.43627E-03 
1.39768E-08 -5.22316E-07 8.51111E-03 4.88698E-04 1.84954E-06 3.24312E-03 3.56887E-02 1.27282E-03 -5.22316E-07 1.39768E-08 1.24620E-03 
1.39768E-08 -5.30215E-07 7.99130E-03 4.90937E-04 1.65141E-06 3.01506E-03 3.35038E-02 1.19357E-03 -5.30215E-07 1.39768E-08 1.11735E-03 
1.39768E-08 -5.29766E-07 7.84358E-03 4.91331E-04 1.59840E-06 2.95077E-03 3.28837E-02 1.17108E-03 -5.29766E-07 1.39768E-08 1.08240E-03 
1.39768E-08 -5.13332E-07 7.16599E-03 4.91636E-04 1.37298E-06 2.65887E-03 3.00437E-02 1.06816E-03 -5.13332E-07 1.39768E-08 9.31100E-04 
1.39768E-08 -4.77696E-07 6.53166E-03 4.89452E-04 1.18707E-06 2.39025E-03 2.73914E-02 9.72143E-04 -4.77696E-07 1.39768E-08 8.02127E-04 
1.39768E-08 -4.27827E-07 5.93979E-03 4.84940E-04 1.03431E-06 2.14384E-03 2.49217E-02 8.82836E-04 -4.27827E-07 1.39768E-08 6.91906E-04 
1.39768E-08 -3.67867E-07 5.38932E-03 4.78278E-04 9.09250E-07 1.91853E-03 2.26290E-02 8.00030E-04 -3.67867E-07 1.39768E-08 5.97323E-04 
7.58114E-08 -2.58462E-07 4.88443E-03 4.69775E-04 8.52457E-07 1.71539E-03 2.05292E-02 7.24334E-04 -2.58462E-07 7.58114E-08 5.15475E-04 
1.58306E-07 -1.49231E-07 4.41542E-03 4.59488E-04 8.09944E-07 1.52981E-03 1.85810E-02 6.54203E-04 -1.49231E-07 1.58306E-07 4.43991E-04 
2.27189E-07 -5.42613E-08 3.98016E-03 4.47555E-04 7.66315E-07 1.36041E-03 1.67747E-02 5.89268E-04 -5.42613E-08 2.27189E-07 3.81225E-04 
2.79298E-07 2.32871E-08 3.57782E-03 4.34158E-04 7.17789E-07 1.20639E-03 1.51060E-02 5.29368E-04 2.32871E-08 2.79298E-07 3.25803E-04 
3.12475E-07 8.13228E-08 3.20736E-03 4.19484E-04 6.61700E-07 1.06689E-03 1.35700E-02 4.74316E-04 8.13228E-08 3.12475E-07 2.76615E-04 
3.25656E-07 1.18918E-07 2.86753E-03 4.03727E-04 5.96596E-07 9.41012E-04 1.21610E-02 4.23898E-04 1.18918E-07 3.25656E-07 2.32806E-04 
3.19040E-07 1.36462E-07 2.55695E-03 3.87084E-04 5.22399E-07 8.27832E-04 1.08728E-02 3.77884E-04 1.36462E-07 3.19040E-07 1.93765E-04 
2.94269E-07 1.35846E-07 2.27413E-03 3.69748E-04 4.40581E-07 7.26428E-04 9.69905E-03 3.36033E-04 1.35846E-07 2.94269E-07 1.59097E-04 
2.54616E-07 1.20639E-07 2.01749E-03 3.51910E-04 3.54336E-07 6.35883E-04 8.63283E-03 2.98095E-04 1.20639E-07 2.54616E-07 1.28600E-04 
2.05127E-07 9.62118E-08 1.78540E-03 3.33753E-04 2.68694E-07 5.55304E-04 7.66729E-03 2.63817E-04 9.62118E-08 2.05127E-07 1.02229E-04 
1.52677E-07 6.97916E-08 1.57621E-03 3.15451E-04 1.90561E-07 4.83827E-04 6.79552E-03 2.32949E-04 6.97916E-08 1.52677E-07 8.00621E-05 
1.05916E-07 5.03864E-08 1.38828E-03 2.97168E-04 1.28630E-07 4.20627E-04 6.01067E-03 2.05242E-04 5.03864E-08 1.05916E-07 6.22546E-05 
7.50712E-08 4.85722E-08 1.21998E-03 2.79056E-04 9.31552E-08 3.64923E-04 5.30604E-03 1.80459E-04 4.85722E-08 7.50712E-08 4.89909E-05 
1.12647E-08 -3.37933E-07 1.03084E-02 5.75262E-04 2.26863E-06 3.39890E-03 4.16319E-02 1.49311E-03 -3.37933E-07 1.12647E-08 1.57467E-03 
1.12647E-08 -3.37933E-07 9.54292E-03 5.84526E-04 1.83457E-06 3.11287E-03 3.85962E-02 1.38149E-03 -3.37933E-07 1.12647E-08 1.36527E-03 
1.12647E-08 -7.47260E-08 8.82556E-03 5.90890E-04 1.48612E-06 2.84838E-03 3.57524E-02 1.27709E-03 -7.47260E-08 1.12647E-08 1.18674E-03 
1.12647E-08 -2.14331E-07 8.15348E-03 5.94523E-04 1.20741E-06 2.60385E-03 3.30885E-02 1.17946E-03 -2.14331E-07 1.12647E-08 1.03444E-03 
1.12647E-08 -3.14875E-07 7.51595E-03 5.95652E-04 9.76779E-07 2.37487E-03 3.05615E-02 1.08699E-03 -3.14875E-07 1.12647E-08 9.02583E-04 
1.12647E-08 -3.84108E-07 6.91316E-03 5.94356E-04 7.85910E-07 2.16118E-03 2.81716E-02 9.99671E-04 -3.84108E-07 1.12647E-08 7.88627E-04 
1.12647E-08 -4.27867E-07 6.34496E-03 5.90740E-04 6.28362E-07 1.96236E-03 2.59178E-02 9.17473E-04 -4.27867E-07 1.12647E-08 6.90213E-04 
1.12647E-08 -4.47037E-07 5.92885E-03 5.86425E-04 5.26163E-07 1.81845E-03 2.42664E-02 8.57338E-04 -4.47037E-07 1.12647E-08 6.23356E-04 
1.12647E-08 -4.50488E-07 5.81103E-03 5.84924E-04 4.99219E-07 1.77796E-03 2.37986E-02 8.40320E-04 -4.50488E-07 1.12647E-08 6.05187E-04 
1.12647E-08 -4.54951E-07 5.27308E-03 5.76348E-04 3.87413E-07 1.59469E-03 2.16614E-02 7.62669E-04 -4.54951E-07 1.12647E-08 5.26268E-04 
1.12647E-08 -4.41907E-07 4.77340E-03 5.65567E-04 3.00294E-07 1.42683E-03 1.96738E-02 6.90610E-04 -4.41907E-07 1.12647E-08 4.58459E-04 
1.12647E-08 -4.14218E-07 4.31080E-03 5.52785E-04 2.34436E-07 1.27361E-03 1.78308E-02 6.23955E-04 -4.14218E-07 1.12647E-08 3.99834E-04 
1.12647E-08 -3.74725E-07 3.88396E-03 5.38216E-04 1.86526E-07 1.13421E-03 1.61272E-02 5.62495E-04 -3.74725E-07 1.12647E-08 3.48727E-04 
6.08718E-08 -2.78830E-07 3.49561E-03 5.22284E-04 2.02327E-07 1.00919E-03 1.45737E-02 5.06648E-04 -2.78830E-07 6.08718E-08 3.03472E-04 
1.26220E-07 -1.82098E-07 3.13771E-03 5.04948E-04 2.24196E-07 8.95568E-04 1.31386E-02 4.55197E-04 -1.82098E-07 1.26220E-07 2.62968E-04 
1.79333E-07 -9.92846E-08 2.80820E-03 4.86355E-04 2.36925E-07 7.92384E-04 1.18138E-02 4.07827E-04 -9.92846E-08 1.79333E-07 2.26429E-04 
2.17243E-07 -3.32715E-08 2.50606E-03 4.66711E-04 2.37631E-07 6.99062E-04 1.05953E-02 3.64381E-04 -3.32715E-08 2.17243E-07 1.93206E-04 
2.37798E-07 1.39546E-08 2.23012E-03 4.46223E-04 2.24385E-07 6.14989E-04 9.47880E-03 3.24681E-04 1.39546E-08 2.37798E-07 1.62819E-04 
2.39849E-07 4.14776E-08 1.97906E-03 4.25097E-04 1.96385E-07 5.39537E-04 8.45924E-03 2.88536E-04 4.14776E-08 2.39849E-07 1.34956E-04 
2.23468E-07 4.96716E-08 1.75150E-03 4.03536E-04 1.54171E-07 4.72072E-04 7.53140E-03 2.55743E-04 4.96716E-08 2.23468E-07 1.09464E-04 
1.90190E-07 4.04306E-08 1.54599E-03 3.81735E-04 9.98350E-08 4.11966E-04 6.68983E-03 2.26095E-04 4.04306E-08 1.90190E-07 8.63404E-05 
1.43226E-07 1.73715E-08 1.36106E-03 3.59880E-04 3.72121E-08 3.58604E-04 5.92895E-03 1.99381E-04 1.73715E-08 1.43226E-07 6.57124E-05 
8.76129E-08 -1.40262E-08 1.19523E-03 3.38144E-04 -2.79974E-08 3.11391E-04 5.24315E-03 1.75392E-04 -1.40262E-08 8.76129E-08 4.78126E-05 
3.02771E-08 -4.63768E-08 1.04701E-03 3.16690E-04 -8.82021E-08 2.69762E-04 4.62688E-03 1.53924E-04 -4.63768E-08 3.02771E-08 3.29481E-05 
-2.00424E-08 -7.04769E-08 9.14989E-04 2.95663E-04 -1.34027E-07 2.33181E-04 4.07468E-03 1.34780E-04 -7.04769E-08 -2.00424E-08 2.14635E-05 
-5.30142E-08 -7.55455E-08 7.97768E-04 2.75195E-04 -1.54571E-07 2.01145E-04 3.58129E-03 1.17771E-04 -7.55455E-08 -5.30142E-08 1.36980E-05 
1.04763E-08 -2.65601E-07 7.40544E-03 7.33059E-04 1.04259E-06 1.98389E-03 2.97992E-02 1.05363E-03 -2.65601E-07 1.04763E-08 7.70232E-04 
1.04763E-08 -2.65601E-07 6.81464E-03 7.31474E-04 8.07589E-07 1.80948E-03 2.75364E-02 9.70593E-04 -2.65601E-07 1.04763E-08 6.73796E-04 
1.04763E-08 -5.46045E-08 6.26475E-03 7.27220E-04 6.16010E-07 1.64889E-03 2.54243E-02 8.93283E-04 -5.46045E-08 1.04763E-08 5.91967E-04 
1.04763E-08 -1.61705E-07 5.75310E-03 7.20498E-04 4.61267E-07 1.50106E-03 2.34532E-02 8.21319E-04 -1.61705E-07 1.04763E-08 5.22472E-04 
1.04763E-08 -2.45239E-07 5.27102E-03 7.11435E-04 3.31863E-07 1.36322E-03 2.15902E-02 7.53477E-04 -2.45239E-07 1.04763E-08 4.62192E-04 
1.04763E-08 -3.08512E-07 4.81834E-03 7.00165E-04 2.24130E-07 1.23514E-03 1.98348E-02 6.89730E-04 -3.08512E-07 1.04763E-08 4.09912E-04 
1.04763E-08 -3.53775E-07 4.39460E-03 6.86838E-04 1.35480E-07 1.11651E-03 1.81856E-02 6.30014E-04 -3.53775E-07 1.04763E-08 3.64505E-04 
1.04763E-08 -3.77432E-07 4.08622E-03 6.75220E-04 7.88085E-08 1.03099E-03 1.69813E-02 5.86523E-04 -3.77432E-07 1.04763E-08 3.33432E-04 
1.04763E-08 -3.82568E-07 3.99922E-03 6.71620E-04 6.40922E-08 1.00699E-03 1.66408E-02 5.74247E-04 -3.82568E-07 1.04763E-08 3.24943E-04 
1.04763E-08 -3.96499E-07 3.60380E-03 6.53297E-04 4.85945E-09 8.98664E-04 1.50892E-02 5.18421E-04 -3.96499E-07 1.04763E-08 2.87752E-04 
1.04763E-08 -3.94026E-07 3.23936E-03 6.33216E-04 -3.75154E-08 7.99969E-04 1.36522E-02 4.66911E-04 -3.94026E-07 1.04763E-08 2.55202E-04 
1.04763E-08 -3.76804E-07 2.90462E-03 6.11616E-04 -6.47968E-08 7.10357E-04 1.23256E-02 4.19542E-04 -3.76804E-07 1.04763E-08 2.26349E-04 
1.04763E-08 -3.46999E-07 2.59819E-03 5.88740E-04 -7.91604E-08 6.29269E-04 1.11045E-02 3.76123E-04 -3.46999E-07 1.04763E-08 2.00379E-04 
5.62510E-08 -2.56345E-07 2.32165E-03 5.65119E-04 -3.10771E-08 5.56976E-04 9.99593E-03 3.36926E-04 -2.56345E-07 5.62510E-08 1.76300E-04 
1.15492E-07 -1.65212E-07 2.06882E-03 5.40598E-04 1.80984E-08 4.91634E-04 8.97628E-03 3.01031E-04 -1.65212E-07 1.15492E-07 1.53787E-04 
1.62176E-07 -8.89551E-08 1.83792E-03 5.15323E-04 5.30204E-08 4.32627E-04 8.03913E-03 2.68180E-04 -8.89551E-08 1.62176E-07 1.32549E-04 
1.93458E-07 -3.02772E-08 1.62791E-03 4.89516E-04 7.13419E-08 3.79561E-04 7.18105E-03 2.38232E-04 -3.02772E-08 1.93458E-07 1.12342E-04 
2.07222E-07 8.93238E-09 1.43769E-03 4.63392E-04 7.16006E-08 3.32029E-04 6.39825E-03 2.11031E-04 8.93238E-09 2.07222E-07 9.30368E-05 
2.02319E-07 2.78341E-08 1.26605E-03 4.37160E-04 5.34444E-08 2.89620E-04 5.68666E-03 1.86418E-04 2.78341E-08 2.02319E-07 7.46229E-05 
1.78845E-07 2.69039E-08 1.11177E-03 4.11016E-04 1.78808E-08 2.51924E-04 5.04205E-03 1.64224E-04 2.69039E-08 1.78845E-07 5.72066E-05 
1.38403E-07 8.19243E-09 9.73622E-04 3.85146E-04 -3.24836E-08 2.18543E-04 4.46004E-03 1.44283E-04 8.19243E-09 1.38403E-07 4.10052E-05 
8.43365E-08 -2.44586E-08 8.50358E-04 3.59720E-04 -9.32462E-08 1.89089E-04 3.93625E-03 1.26428E-04 -2.44586E-08 8.43365E-08 2.63335E-05 
2.18812E-08 -6.52780E-08 7.40765E-04 3.34891E-04 -1.58093E-07 1.63194E-04 3.46633E-03 1.10497E-04 -6.52780E-08 2.18812E-08 1.35827E-05 
-4.17880E-08 -1.06537E-07 6.43663E-04 3.10796E-04 -2.18791E-07 1.40511E-04 3.04601E-03 9.63336E-05 -1.06537E-07 -4.17880E-08 3.19298E-06 
-9.76536E-08 -1.38662E-07 5.57919E-04 2.87555E-04 -2.65325E-07 1.20714E-04 2.67115E-03 8.37904E-05 -1.38662E-07 -9.76536E-08 -4.38152E-06 
-1.35107E-07 -1.50509E-07 4.82460E-04 2.65269E-04 -2.86187E-07 1.03505E-04 2.33778E-03 7.27278E-05 -1.50509E-07 -1.35107E-07 -8.71199E-06 
1.07310E-08 -2.20370E-07 4.86781E-03 8.88729E-04 5.27648E-07 1.07408E-03 2.04852E-02 7.01408E-04 -2.20370E-07 1.07310E-08 3.31929E-04 
1.07310E-08 -2.20370E-07 4.45178E-03 8.74415E-04 3.94687E-07 9.75235E-04 1.88686E-02 6.43046E-04 -2.20370E-07 1.07310E-08 2.96748E-04 
1.07310E-08 -4.25715E-08 4.06722E-03 8.57888E-04 2.81987E-07 8.84637E-04 1.73652E-02 5.88979E-04 -4.25715E-08 1.07310E-08 2.67015E-04 
1.07310E-08 -1.29784E-07 3.71186E-03 8.39366E-04 1.88415E-07 8.01621E-04 1.59674E-02 5.38905E-04 -1.29784E-07 1.07310E-08 2.41868E-04 
1.07310E-08 -2.02057E-07 3.37933E-03 8.18847E-04 1.07864E-07 7.24578E-04 1.46511E-02 4.91940E-04 -2.02057E-07 1.07310E-08 2.19840E-04 
1.07310E-08 -2.60048E-07 3.06925E-03 7.96514E-04 3.94127E-08 6.53331E-04 1.34154E-02 4.48040E-04 -2.60048E-07 1.07310E-08 2.00492E-04 
1.07310E-08 -3.03918E-07 2.78105E-03 7.72563E-04 -1.72998E-08 5.87665E-04 1.22589E-02 4.07136E-04 -3.03918E-07 1.07310E-08 1.83403E-04 
1.07310E-08 -3.28136E-07 2.57265E-03 7.53049E-04 -5.31794E-08 5.40539E-04 1.14173E-02 3.77492E-04 -3.28136E-07 1.07310E-08 1.71475E-04 
1.07310E-08 -3.33610E-07 2.51406E-03 7.47197E-04 -6.23542E-08 5.27347E-04 1.11798E-02 3.69147E-04 -3.33610E-07 1.07310E-08 1.68172E-04 
1.07310E-08 -3.49770E-07 2.24907E-03 7.18505E-04 -9.79687E-08 4.68007E-04 1.01002E-02 3.31341E-04 -3.49770E-07 1.07310E-08 1.53388E-04 
1.07310E-08 -3.49922E-07 2.00677E-03 6.88680E-04 -1.20548E-07 4.14251E-04 9.10449E-03 2.96675E-04 -3.49922E-07 1.07310E-08 1.39862E-04 
1.07310E-08 -3.35204E-07 1.78601E-03 6.57986E-04 -1.31097E-07 3.65728E-04 8.18915E-03 2.64997E-04 -3.35204E-07 1.07310E-08 1.27170E-04 
1.07310E-08 -3.07600E-07 1.58556E-03 6.26683E-04 -1.31356E-07 3.22085E-04 7.35023E-03 2.36150E-04 -3.07600E-07 1.07310E-08 1.14937E-04 
5.72773E-08 -2.16488E-07 1.40618E-03 5.95393E-04 -6.92836E-08 2.83444E-04 6.59190E-03 2.10299E-04 -2.16488E-07 5.72773E-08 1.02489E-04 
1.16568E-07 -1.26117E-07 1.24352E-03 5.63832E-04 -9.62796E-09 2.48734E-04 5.89735E-03 1.86781E-04 -1.26117E-07 1.16568E-07 8.99331E-05 
1.62082E-07 -5.24036E-08 1.09620E-03 5.32135E-04 3.19521E-08 2.17580E-04 5.26171E-03 1.65394E-04 -5.24036E-08 1.62082E-07 7.72307E-05 
1.90995E-07 2.01541E-09 9.63332E-04 5.00525E-04 5.33991E-08 1.89735E-04 4.68219E-03 1.46022E-04 2.01541E-09 1.90995E-07 6.43416E-05 
2.01195E-07 3.53146E-08 8.43993E-04 4.69212E-04 5.35456E-08 1.64950E-04 4.15580E-03 1.28539E-04 3.53146E-08 2.01195E-07 5.13127E-05 
1.91570E-07 4.67596E-08 7.37236E-04 4.38392E-04 3.23785E-08 1.42977E-04 3.67936E-03 1.12821E-04 4.67596E-08 1.91570E-07 3.82867E-05 
1.62309E-07 3.70037E-08 6.42108E-04 4.08244E-04 -8.68454E-09 1.23571E-04 3.24964E-03 9.87384E-05 3.70037E-08 1.62309E-07 2.55050E-05 
1.15194E-07 8.36314E-09 5.57662E-04 3.78928E-04 -6.65438E-08 1.06499E-04 2.86334E-03 8.61660E-05 8.36314E-09 1.15194E-07 1.33028E-05 
5.38303E-08 -3.49644E-08 4.82976E-04 3.50587E-04 -1.36224E-07 9.15365E-05 2.51720E-03 7.49813E-05 -3.49644E-08 5.38303E-08 2.09814E-06 
-1.62094E-08 -8.67745E-08 4.17162E-04 3.23340E-04 -2.10773E-07 7.84736E-05 2.20801E-03 6.50677E-05 -8.67745E-08 -1.62094E-08 -7.62882E-06 
-8.73613E-08 -1.38852E-07 3.59371E-04 2.97291E-04 -2.81287E-07 6.71156E-05 1.93266E-03 5.63150E-05 -1.38852E-07 -8.73613E-08 -1.53622E-05 
-1.50196E-07 -1.81116E-07 3.08804E-04 2.72521E-04 -3.37076E-07 5.72830E-05 1.68817E-03 4.86209E-05 -1.81116E-07 -1.50196E-07 -2.05848E-05 
-1.93707E-07 -2.01935E-07 2.64714E-04 2.49093E-04 -3.66000E-07 4.88124E-05 1.47168E-03 4.18908E-05 -2.01935E-07 -1.93707E-07 -2.28175E-05 
1.15592E-08 -1.94873E-07 2.87563E-03 1.03433E-03 3.53915E-07 5.31271E-04 1.34925E-02 4.35306E-04 -1.94873E-07 1.15592E-08 1.15920E-04 
1.15592E-08 -1.94873E-07 2.61280E-03 1.00568E-03 2.69127E-07 4.79944E-04 1.23907E-02 3.96982E-04 -1.94873E-07 1.15592E-08 1.09724E-04 
1.15592E-08 -3.62946E-08 2.37155E-03 9.75528E-04 1.93303E-07 4.33132E-04 1.13698E-02 3.61673E-04 -3.62946E-08 1.15592E-08 1.04534E-04 
1.15592E-08 -1.12718E-07 2.15021E-03 9.44089E-04 1.28256E-07 3.90455E-04 1.04238E-02 3.29153E-04 -1.12718E-07 1.15592E-08 1.00226E-04 
1.15592E-08 -1.78061E-07 1.94455E-03 9.11201E-04 7.03993E-08 3.51051E-04 9.53612E-03 2.98823E-04 -1.78061E-07 1.15592E-08 9.62329E-05 
1.15592E-08 -2.31573E-07 1.75415E-03 8.77093E-04 2.02618E-08 3.14802E-04 8.70574E-03 2.70634E-04 -2.31573E-07 1.15592E-08 9.24993E-05 
1.15592E-08 -2.72340E-07 1.57849E-03 8.41996E-04 -2.13921E-08 2.81575E-04 7.93131E-03 2.44526E-04 -2.72340E-07 1.15592E-08 8.89436E-05 
1.15592E-08 -2.94612E-07 1.45230E-03 8.14310E-04 -4.73183E-08 2.57847E-04 7.36948E-03 2.25707E-04 -2.94612E-07 1.15592E-08 8.62466E-05 
1.15592E-08 -2.99549E-07 1.41696E-03 8.06144E-04 -5.38145E-08 2.51224E-04 7.21122E-03 2.20426E-04 -2.99549E-07 1.15592E-08 8.54574E-05 
1.15592E-08 -3.13179E-07 1.25790E-03 7.66909E-04 -7.78849E-08 2.21545E-04 6.49350E-03 1.96598E-04 -3.13179E-07 1.15592E-08 8.16229E-05 
1.15592E-08 -3.10674E-07 1.11367E-03 7.27350E-04 -9.06779E-08 1.94833E-04 5.83414E-03 1.74900E-04 -3.10674E-07 1.15592E-08 7.75244E-05 
1.15592E-08 -2.93149E-07 9.83355E-04 6.87739E-04 -9.30367E-08 1.70882E-04 5.23032E-03 1.55214E-04 -2.93149E-07 1.15592E-08 7.29618E-05 
1.15592E-08 -2.62763E-07 8.66042E-04 6.48333E-04 -8.67265E-08 1.49488E-04 4.67905E-03 1.37417E-04 -2.62763E-07 1.15592E-08 6.77426E-05 
6.14293E-08 -1.67564E-07 7.61990E-04 6.09826E-04 -1.81990E-08 1.30712E-04 4.18268E-03 1.21609E-04 -1.67564E-07 6.14293E-08 6.12961E-05 
1.24211E-07 -7.49268E-08 6.68451E-04 5.71792E-04 4.48728E-08 1.13967E-04 3.72980E-03 1.07331E-04 -7.49268E-08 1.24211E-07 5.39449E-05 
1.71484E-07 -1.30094E-09 5.84460E-04 5.34336E-04 8.64487E-08 9.90384E-05 3.31689E-03 9.44360E-05 -1.30094E-09 1.71484E-07 4.57584E-05 
2.00349E-07 5.06560E-08 5.09368E-04 4.97667E-04 1.04609E-07 8.57866E-05 2.94187E-03 8.28342E-05 5.06560E-08 2.00349E-07 3.67792E-05 
2.08661E-07 7.91549E-08 4.42518E-04 4.61973E-04 9.83915E-08 7.40720E-05 2.60251E-03 7.24345E-05 7.91549E-08 2.08661E-07 2.71300E-05 
1.95354E-07 8.35892E-08 3.83246E-04 4.27422E-04 6.80842E-08 6.37576E-05 2.29652E-03 6.31448E-05 8.35892E-08 1.95354E-07 1.70236E-05 
1.60766E-07 6.48503E-08 3.30902E-04 3.94159E-04 1.55173E-08 5.47119E-05 2.02157E-03 5.48754E-05 6.48503E-08 1.60766E-07 6.76681E-06 
1.06933E-07 2.56092E-08 2.84856E-04 3.62305E-04 -5.56839E-08 4.68102E-05 1.77532E-03 4.75391E-05 2.56092E-08 1.06933E-07 -3.24382E-06 
3.78153E-08 -2.94744E-08 2.44502E-04 3.31959E-04 -1.39917E-07 3.99361E-05 1.55550E-03 4.10539E-05 -2.94744E-08 3.78153E-08 -1.25341E-05 
-4.05743E-08 -9.36480E-08 2.09267E-04 3.03197E-04 -2.29531E-07 3.39823E-05 1.35987E-03 3.53430E-05 -9.36480E-08 -4.05743E-08 -2.05730E-05 
-1.20178E-07 -1.58094E-07 1.78617E-04 2.76075E-04 -3.14879E-07 2.88515E-05 1.18630E-03 3.03363E-05 -1.58094E-07 -1.20178E-07 -2.68002E-05 
-1.91058E-07 -2.12117E-07 1.52056E-04 2.50629E-04 -3.84534E-07 2.44563E-05 1.03274E-03 2.59700E-05 -2.12117E-07 -1.91058E-07 -3.06619E-05 
-2.41719E-07 -2.43497E-07 1.29126E-04 2.26874E-04 -4.25670E-07 2.07186E-05 8.97287E-04 2.21871E-05 -2.43497E-07 -2.41719E-07 -3.16503E-05 
1.27314E-08 -1.80363E-07 1.47814E-03 1.16170E-03 3.31080E-07 2.32937E-04 8.48340E-03 2.46136E-04 -1.80363E-07 1.27314E-08 2.11159E-05 
1.27314E-08 -1.80363E-07 1.33361E-03 1.11740E-03 2.67711E-07 2.09186E-04 7.77235E-03 2.23116E-04 -1.80363E-07 1.27314E-08 2.60546E-05 
1.27314E-08 -3.33727E-08 1.20195E-03 1.07259E-03 2.08667E-07 1.87643E-04 7.11543E-03 2.02037E-04 -3.33727E-08 1.27314E-08 3.03217E-05 
1.27314E-08 -1.04178E-07 1.08206E-03 1.02747E-03 1.57238E-07 1.68114E-04 6.50854E-03 1.82747E-04 -1.04178E-07 1.27314E-08 3.41004E-05 
1.27314E-08 -1.64836E-07 9.71510E-04 9.81689E-04 1.10791E-07 1.50185E-04 5.94064E-03 1.64869E-04 -1.64836E-07 1.27314E-08 3.72427E-05 
1.27314E-08 -2.13949E-07 8.69948E-04 9.35503E-04 7.05047E-08 1.33790E-04 5.41093E-03 1.48363E-04 -2.13949E-07 1.27314E-08 3.98361E-05 
1.27314E-08 -2.50169E-07 7.76979E-04 8.89170E-04 3.75977E-08 1.18855E-04 4.91831E-03 1.33179E-04 -2.50169E-07 1.27314E-08 4.19172E-05 
1.27314E-08 -2.68662E-07 7.10672E-04 8.53375E-04 1.78582E-08 1.08251E-04 4.56182E-03 1.22303E-04 -2.68662E-07 1.27314E-08 4.31689E-05 
1.27314E-08 -2.72445E-07 6.92179E-04 8.42937E-04 1.30865E-08 1.05302E-04 4.46155E-03 1.19263E-04 -2.72445E-07 1.27314E-08 4.34723E-05 
1.27314E-08 -2.80261E-07 6.09378E-04 7.93471E-04 -3.27542E-09 9.21423E-05 4.00763E-03 1.05608E-04 -2.80261E-07 1.27314E-08 4.44928E-05 
1.27314E-08 -2.71563E-07 5.34966E-04 7.44678E-04 -9.26918E-09 8.03905E-05 3.59187E-03 9.32751E-05 -2.71563E-07 1.27314E-08 4.47174E-05 
1.27314E-08 -2.47761E-07 4.68347E-04 6.96812E-04 -5.94115E-09 6.99398E-05 3.21225E-03 8.21799E-05 -2.47761E-07 1.27314E-08 4.40018E-05 
1.27314E-08 -2.11429E-07 4.08927E-04 6.50108E-04 4.63994E-09 6.06847E-05 2.86670E-03 7.22350E-05 -2.11429E-07 1.27314E-08 4.21963E-05 
6.74466E-08 -1.10033E-07 3.56748E-04 6.05293E-04 7.67996E-08 5.26704E-05 2.55650E-03 6.35046E-05 -1.10033E-07 6.74466E-08 3.87264E-05 
1.35725E-07 -1.35209E-08 3.10277E-04 5.61792E-04 1.40375E-07 4.55863E-05 2.27426E-03 5.56854E-05 -1.35209E-08 1.35725E-07 3.40052E-05 
1.86386E-07 6.11579E-08 2.68932E-04 5.19659E-04 1.78941E-07 3.93200E-05 2.01766E-03 4.86754E-05 6.11579E-08 1.86386E-07 2.81337E-05 
2.16384E-07 1.11269E-07 2.32312E-04 4.79071E-04 1.90643E-07 3.38004E-05 1.78524E-03 4.24130E-05 1.11269E-07 2.16384E-07 2.11770E-05 
2.23521E-07 1.35053E-07 2.00014E-04 4.40174E-04 1.74698E-07 2.89579E-05 1.57548E-03 3.68366E-05 1.35053E-07 2.23521E-07 1.32832E-05 
2.06795E-07 1.32063E-07 1.71644E-04 4.03087E-04 1.31712E-07 2.47259E-05 1.38686E-03 3.18862E-05 1.32063E-07 2.06795E-07 4.69393E-06 
1.66737E-07 1.03492E-07 1.46823E-04 3.67904E-04 6.39747E-08 2.10419E-05 1.21781E-03 2.75044E-05 1.03492E-07 1.66737E-07 -4.25198E-06 
1.05705E-07 5.24499E-08 1.25192E-04 3.34691E-04 -2.42913E-08 1.78482E-05 1.06681E-03 2.36378E-05 5.24499E-08 1.05705E-07 -1.31242E-05 
2.81008E-08 -1.58422E-08 1.06413E-04 3.03492E-04 -1.26772E-07 1.50928E-05 9.32361E-04 2.02373E-05 -1.58422E-08 2.81008E-08 -2.14146E-05 
-5.95352E-08 -9.39786E-08 9.01711E-05 2.74325E-04 -2.35023E-07 1.27293E-05 8.13014E-04 1.72591E-05 -9.39786E-08 -5.95352E-08 -2.85594E-05 
-1.48563E-07 -1.72436E-07 7.61802E-05 2.47190E-04 -3.38565E-07 1.07177E-05 7.07396E-04 1.46648E-05 -1.72436E-07 -1.48563E-07 -3.39693E-05 
-2.28449E-07 -2.39807E-07 6.41790E-05 2.22067E-04 -4.25153E-07 9.02352E-06 6.14203E-04 1.24213E-05 -2.39807E-07 -2.28449E-07 -3.70664E-05 
-2.87142E-07 -2.83203E-07 5.39327E-05 1.98922E-04 -4.81200E-07 7.61797E-06 5.32214E-04 1.05007E-05 -2.83203E-07 -2.87142E-07 -3.73255E-05 
1.41418E-08 -1.70015E-07 6.30111E-04 1.25933E-03 3.72992E-07 8.68188E-05 5.12679E-03 1.22629E-04 -1.70015E-07 1.41418E-08 -1.42879E-05 
1.41418E-08 -1.70015E-07 5.64029E-04 1.19865E-03 3.19335E-07 7.73723E-05 4.69195E-03 1.10356E-04 -1.70015E-07 1.41418E-08 -6.86825E-06 
1.41418E-08 -3.20143E-08 5.04327E-04 1.13877E-03 2.68776E-07 6.88542E-05 4.29081E-03 9.91980E-05 -3.20143E-08 1.41418E-08 -3.93111E-07 
1.41418E-08 -9.93616E-08 4.50418E-04 1.07985E-03 2.25298E-07 6.11824E-05 3.92075E-03 8.90644E-05 -9.93616E-08 1.41418E-08 5.39666E-06 
1.41418E-08 -1.55861E-07 4.01125E-04 1.02131E-03 1.86419E-07 5.41842E-05 3.57495E-03 7.97446E-05 -1.55861E-07 1.41418E-08 1.04995E-05 
1.41418E-08 -1.99907E-07 3.56230E-04 9.63430E-04 1.53514E-07 4.78288E-05 3.25282E-03 7.12091E-05 -1.99907E-07 1.41418E-08 1.50189E-05 
1.41418E-08 -2.30087E-07 3.15496E-04 9.06464E-04 1.27867E-07 4.20826E-05 2.95363E-03 6.34235E-05 -2.30087E-07 1.41418E-08 1.89956E-05 
1.41418E-08 -2.43284E-07 2.86677E-04 8.63166E-04 1.13629E-07 3.80325E-05 2.73736E-03 5.78908E-05 -2.43284E-07 1.41418E-08 2.16904E-05 
1.41418E-08 -2.45428E-07 2.78676E-04 8.50652E-04 1.10437E-07 3.69109E-05 2.67656E-03 5.63511E-05 -2.45428E-07 1.41418E-08 2.24111E-05 
1.41418E-08 -2.45001E-07 2.43069E-04 7.92015E-04 1.01316E-07 3.19366E-05 2.40156E-03 4.94787E-05 -2.45001E-07 1.41418E-08 2.53839E-05 
1.41418E-08 -2.27651E-07 2.11396E-04 7.35218E-04 1.01827E-07 2.75418E-05 2.14999E-03 4.33372E-05 -2.27651E-07 1.41418E-08 2.74844E-05 
1.41418E-08 -1.95294E-07 1.83335E-04 6.80469E-04 1.10507E-07 2.36792E-05 1.92057E-03 3.78724E-05 -1.95294E-07 1.41418E-08 2.85443E-05 
1.41418E-08 -1.51071E-07 1.58571E-04 6.27945E-04 1.24820E-07 2.03019E-05 1.71198E-03 3.30292E-05 -1.51071E-07 1.41418E-08 2.83905E-05 
7.47280E-08 -4.23983E-08 1.37092E-04 5.78368E-04 1.99360E-07 1.74570E-05 1.52497E-03 2.88558E-05 -4.23983E-08 7.47280E-08 2.63985E-05 
1.49772E-07 5.85996E-08 1.18163E-04 5.31000E-04 2.61831E-07 1.49763E-05 1.35499E-03 2.51569E-05 5.85996E-08 1.49772E-07 2.30103E-05 
2.04738E-07 1.34510E-07 1.01492E-04 4.85829E-04 2.95455E-07 1.28029E-05 1.20061E-03 2.18665E-05 1.34510E-07 2.04738E-07 1.83240E-05 
2.36397E-07 1.82501E-07 8.68708E-05 4.42972E-04 2.98423E-07 1.09054E-05 1.06091E-03 1.89464E-05 1.82501E-07 2.36397E-07 1.24010E-05 
2.42498E-07 2.00857E-07 7.41002E-05 4.02510E-04 2.70154E-07 9.25398E-06 9.34955E-04 1.63596E-05 2.00857E-07 2.42498E-07 5.39365E-06 
2.22131E-07 1.89336E-07 6.29879E-05 3.64496E-04 2.11623E-07 7.82106E-06 8.21796E-04 1.40716E-05 1.89336E-07 2.22131E-07 -2.44404E-06 
1.76072E-07 1.49503E-07 5.33542E-05 3.28953E-04 1.25657E-07 6.58195E-06 7.20479E-04 1.20506E-05 1.49503E-07 1.76072E-07 -1.07549E-05 
1.07073E-07 8.49949E-08 4.50320E-05 2.95878E-04 1.71679E-08 5.51526E-06 6.30064E-04 1.02687E-05 8.49949E-08 1.07073E-07 -1.90855E-05 
2.00575E-08 1.69157E-09 3.78691E-05 2.65246E-04 -1.06715E-07 4.60323E-06 5.49640E-04 8.70184E-06 1.69157E-09 2.00575E-08 -2.69022E-05 
-7.78214E-08 -9.22482E-08 3.17280E-05 2.37007E-04 -2.36649E-07 3.83179E-06 4.78330E-04 7.33044E-06 -9.22482E-08 -7.78214E-08 -3.36156E-05 
-1.77258E-07 -1.86499E-07 2.64868E-05 2.11100E-04 -3.61223E-07 3.19057E-06 4.15299E-04 6.13924E-06 -1.86499E-07 -1.77258E-07 -3.86134E-05 
-2.67053E-07 -2.68854E-07 2.20381E-05 1.87444E-04 -4.67281E-07 2.67260E-06 3.59759E-04 5.11706E-06 -2.68854E-07 -2.67053E-07 -4.12991E-05 
-3.34532E-07 -3.25681E-07 1.82885E-05 1.65949E-04 -5.40408E-07 2.27383E-06 3.10974E-04 4.25640E-06 -3.25681E-07 -3.34532E-07 -4.11346E-05 
1.57434E-08 -1.59374E-07 2.04963E-04 1.31155E-03 4.45003E-07 2.57787E-05 3.06262E-03 5.08004E-05 -1.59374E-07 1.57434E-08 -2.50451E-05 
1.57434E-08 -1.59374E-07 1.81723E-04 1.23472E-03 3.97078E-07 2.26881E-05 2.80453E-03 4.52694E-05 -1.59374E-07 1.57434E-08 -1.85134E-05 
1.57434E-08 -3.10742E-08 1.60934E-04 1.16038E-03 3.52582E-07 1.99159E-05 2.56615E-03 4.02877E-05 -3.10742E-08 1.57434E-08 -1.26281E-05 
1.57434E-08 -9.51780E-08 1.42352E-04 1.08857E-03 3.15819E-07 1.74370E-05 2.34596E-03 3.58092E-05 -9.51780E-08 1.57434E-08 -7.15454E-06 
1.57434E-08 -1.46897E-07 1.25536E-04 1.01847E-03 2.84072E-07 1.51913E-05 2.13994E-03 3.17329E-05 -1.46897E-07 1.57434E-08 -2.07599E-06 
1.57434E-08 -1.84659E-07 1.10382E-04 9.50340E-04 2.58663E-07 1.31691E-05 1.94778E-03 2.80414E-05 -1.84659E-07 1.57434E-08 2.67509E-06 
1.57434E-08 -2.07207E-07 9.67850E-05 8.84399E-04 2.40728E-07 1.13596E-05 1.76908E-03 2.47153E-05 -2.07207E-07 1.57434E-08 7.09859E-06 
1.57434E-08 -2.13735E-07 8.72632E-05 8.35005E-04 2.32452E-07 1.00982E-05 1.63977E-03 2.23795E-05 -2.13735E-07 1.57434E-08 1.02583E-05 
1.57434E-08 -2.13829E-07 8.46355E-05 8.20844E-04 2.30979E-07 9.75139E-06 1.60340E-03 2.17340E-05 -2.13829E-07 1.57434E-08 1.11312E-05 
1.57434E-08 -2.03203E-07 7.30315E-05 7.55179E-04 2.29728E-07 8.22910E-06 1.43875E-03 1.88804E-05 -2.03203E-07 1.57434E-08 1.49068E-05 
1.57434E-08 -1.75381E-07 6.28468E-05 6.92645E-04 2.37197E-07 6.91078E-06 1.28794E-03 1.63730E-05 -1.75381E-07 1.57434E-08 1.78969E-05 
1.57434E-08 -1.32915E-07 5.39471E-05 6.33365E-04 2.51374E-07 5.77935E-06 1.15026E-03 1.41817E-05 -1.32915E-07 1.57434E-08 1.98789E-05 
1.57434E-08 -7.96199E-08 4.62027E-05 5.77421E-04 2.69166E-07 4.81707E-06 1.02494E-03 1.22756E-05 -7.96199E-08 1.57434E-08 2.06317E-05 
8.29907E-08 3.67595E-08 3.96204E-05 5.25467E-04 3.45080E-07 4.07692E-06 9.12505E-04 1.06992E-05 3.67595E-08 8.29907E-08 1.94655E-05 
1.65683E-07 1.42199E-07 3.38964E-05 4.76607E-04 4.04957E-07 3.45252E-06 8.10226E-04 9.32396E-06 1.42199E-07 1.65683E-07 1.68267E-05 
2.25466E-07 2.18868E-07 2.89091E-05 4.30738E-04 4.31719E-07 2.91310E-06 7.17254E-04 8.10850E-06 2.18868E-07 2.25466E-07 1.27985E-05 
2.58921E-07 2.63838E-07 2.45768E-05 3.87890E-04 4.23625E-07 2.44664E-06 6.33071E-04 7.03187E-06 2.63838E-07 2.58921E-07 7.43040E-06 
2.63759E-07 2.75474E-07 2.08228E-05 3.48058E-04 3.80346E-07 2.04240E-06 5.57133E-04 6.07486E-06 2.75474E-07 2.63759E-07 8.73612E-07 
2.39204E-07 2.53800E-07 1.75760E-05 3.11206E-04 3.03302E-07 1.69134E-06 4.88884E-04 5.22061E-06 2.53800E-07 2.39204E-07 -6.61027E-06 
1.86342E-07 2.00831E-07 1.47725E-05 2.77274E-04 1.95953E-07 1.38653E-06 4.27769E-04 4.45506E-06 2.00831E-07 1.86342E-07 -1.46485E-05 
1.08396E-07 1.20824E-07 1.23560E-05 2.46175E-04 6.40100E-08 1.12340E-06 3.73235E-04 3.76744E-06 1.20824E-07 1.08396E-07 -2.27666E-05 
1.08914E-08 2.04181E-08 1.02779E-05 2.17806E-04 -8.44675E-08 8.99916E-07 3.24743E-04 3.15042E-06 2.04181E-08 1.08914E-08 -3.04066E-05 
-9.83184E-08 -9.13746E-08 8.49729E-06 1.92047E-04 -2.39125E-07 7.16626E-07 2.81774E-04 2.60024E-06 -9.13746E-08 -9.83184E-08 -3.69550E-05 
-2.09183E-07 -2.03332E-07 6.98100E-06 1.68769E-04 -3.87516E-07 5.76505E-07 2.43833E-04 2.11657E-06 -2.03332E-07 -2.09183E-07 -4.17771E-05 
-3.09764E-07 -3.02366E-07 5.70274E-06 1.47835E-04 -5.15485E-07 4.84657E-07 2.10451E-04 1.70210E-06 -3.02366E-07 -3.09764E-07 -4.42589E-05 
-3.86711E-07 -3.74035E-07 4.64242E-06 1.29103E-04 -6.07713E-07 4.47852E-07 1.81188E-04 1.36211E-06 -3.74035E-07 -3.86711E-07 -4.38510E-05 
1.75120E-08 -1.45995E-07 4.25716E-05 1.29458E-03 5.36084E-07 5.65139E-06 1.91643E-03 1.55360E-05 -1.45995E-07 1.75120E-08 -2.79807E-05 
1.75120E-08 -1.45995E-07 3.71767E-05 1.20380E-03 4.93383E-07 4.80265E-06 1.75600E-03 1.35957E-05 -1.45995E-07 1.75120E-08 -2.31813E-05 
1.75120E-08 -2.99336E-08 3.24245E-05 1.11750E-03 4.55096E-07 4.04008E-06 1.60731E-03 1.18735E-05 -2.99336E-08 1.75120E-08 -1.85754E-05 
1.75120E-08 -8.99443E-08 2.82490E-05 1.03560E-03 4.25669E-07 3.36235E-06 1.46952E-03 1.03533E-05 -8.99443E-08 1.75120E-08 -1.39814E-05 
1.75120E-08 -1.35617E-07 2.45356E-05 9.57000E-04 4.01961E-07 2.75141E-06 1.34023E-03 8.99557E-06 -1.35617E-07 1.75120E-08 -9.41025E-06 
1.75120E-08 -1.65562E-07 2.12527E-05 8.81874E-04 3.85101E-07 2.20710E-06 1.21932E-03 7.79301E-06 -1.65562E-07 1.75120E-08 -4.84405E-06 
1.75120E-08 -1.78804E-07 1.83679E-05 8.10367E-04 3.75943E-07 1.72880E-06 1.10662E-03 6.73738E-06 -1.78804E-07 1.75120E-08 -3.36345E-07 
1.75120E-08 -1.77354E-07 1.63882E-05 7.57588E-04 3.74387E-07 1.40331E-06 1.02492E-03 6.01572E-06 -1.77354E-07 1.75120E-08 3.03799E-06 
1.75120E-08 -1.75021E-07 1.58485E-05 7.42582E-04 3.74836E-07 1.31536E-06 1.00192E-03 5.81966E-06 -1.75021E-07 1.75120E-08 3.99399E-06 
1.75120E-08 -1.52492E-07 1.35040E-05 6.73737E-04 3.82252E-07 9.39927E-07 8.97694E-04 4.97317E-06 -1.52492E-07 1.75120E-08 8.26590E-06 
1.75120E-08 -1.12727E-07 1.15056E-05 6.09325E-04 3.97125E-07 6.33879E-07 8.02106E-04 4.26177E-06 -1.12727E-07 1.75120E-08 1.18684E-05 
1.75120E-08 -5.90160E-08 9.81304E-06 5.49330E-04 4.16808E-07 3.92161E-07 7.14754E-04 3.67067E-06 -5.90160E-08 1.75120E-08 1.45168E-05 
1.75120E-08 4.07792E-09 8.38727E-06 4.93697E-04 4.37592E-07 2.08453E-07 6.35212E-04 3.18419E-06 4.07792E-09 1.75120E-08 1.59356E-05 
9.20822E-08 1.28194E-07 7.26145E-06 4.42932E-04 5.13646E-07 1.39546E-07 5.63862E-04 2.84812E-06 1.28194E-07 9.20822E-08 1.53663E-05 
1.83075E-07 2.37614E-07 6.30804E-06 3.96008E-04 5.69151E-07 9.95980E-08 4.98983E-04 2.56851E-06 2.37614E-07 1.83075E-07 1.32542E-05 
2.47934E-07 3.14134E-07 5.48273E-06 3.52706E-04 5.86796E-07 6.74829E-08 4.40052E-04 2.31804E-06 3.14134E-07 2.47934E-07 9.66519E-06 
2.83057E-07 3.54759E-07 4.76195E-06 3.12947E-04 5.64953E-07 3.86815E-08 3.86754E-04 2.08629E-06 3.54759E-07 2.83057E-07 4.63724E-06 
2.86152E-07 3.57982E-07 4.12509E-06 2.76618E-04 5.03619E-07 9.78416E-09 3.38755E-04 1.86458E-06 3.57982E-07 2.86152E-07 -1.67941E-06 
2.56633E-07 3.24166E-07 3.55499E-06 2.43583E-04 4.04752E-07 -2.11559E-08 2.95707E-04 1.64647E-06 3.24166E-07 2.56633E-07 -9.01396E-06 
1.95968E-07 2.55866E-07 3.03836E-06 2.13685E-04 2.72559E-07 -5.43114E-08 2.57258E-04 1.42814E-06 2.55866E-07 1.95968E-07 -1.69763E-05 
1.07933E-07 1.58061E-07 2.56602E-06 1.86753E-04 1.13670E-07 -8.78526E-08 2.23054E-04 1.20865E-06 1.58061E-07 1.07933E-07 -2.50686E-05 
-1.25491E-09 3.82505E-08 2.13298E-06 1.62607E-04 -6.28049E-08 -1.17829E-07 1.92750E-04 9.90122E-07 3.82505E-08 -1.25491E-09 -3.27066E-05 
-1.22956E-07 -9.35962E-08 1.73829E-06 1.41062E-04 -2.45381E-07 -1.38193E-07 1.66011E-04 7.77677E-07 -9.35962E-08 -1.22956E-07 -3.92506E-05 
-2.46295E-07 -2.25266E-07 1.38477E-06 1.21930E-04 -4.20468E-07 -1.40972E-07 1.42516E-04 5.79237E-07 -2.25266E-07 -2.46295E-07 -4.40422E-05 
-3.58527E-07 -3.42711E-07 1.07844E-06 1.05028E-04 -5.72820E-07 -1.16606E-07 1.21960E-04 4.05113E-07 -3.42711E-07 -3.58527E-07 -4.64488E-05 
-4.45569E-07 -4.30613E-07 8.27873E-07 9.01756E-05 -6.86145E-07 -5.44433E-08 1.04059E-04 2.67428E-07 -4.30613E-07 -4.45569E-07 -4.59094E-05 
1.94304E-08 -1.28679E-07 1.88627E-06 1.16952E-03 6.44635E-07 1.18599E-06 1.31149E-03 2.36312E-06 -1.28679E-07 1.94304E-08 -2.96572E-05 
1.94304E-08 -1.28679E-07 1.39651E-06 1.07114E-03 6.07993E-07 8.72082E-07 1.19560E-03 1.88842E-06 -1.28679E-07 1.94304E-08 -2.65450E-05 
1.94304E-08 -2.83011E-08 1.00324E-06 9.79402E-04 5.77022E-07 5.84156E-07 1.08839E-03 1.48365E-06 -2.83011E-08 1.94304E-08 -2.31574E-05 
1.94304E-08 -8.28550E-08 6.99514E-07 8.93970E-04 5.56214E-07 3.28064E-07 9.89279E-04 1.14776E-06 -8.28550E-08 1.94304E-08 -1.93704E-05 
1.94304E-08 -1.20891E-07 4.68333E-07 8.13481E-04 5.41894E-07 9.62643E-08 8.96555E-04 8.68106E-07 -1.20891E-07 1.94304E-08 -1.52355E-05 
1.94304E-08 -1.41305E-07 3.04168E-07 7.37977E-04 5.34890E-07 -1.08308E-07 8.10153E-04 6.43211E-07 -1.41305E-07 1.94304E-08 -1.07877E-05 
1.94304E-08 -1.43511E-07 2.01122E-07 6.67445E-04 5.35678E-07 -2.83186E-07 7.29955E-04 4.70935E-07 -1.43511E-07 1.94304E-08 -6.13754E-06 
1.94304E-08 -1.32794E-07 1.59299E-07 6.16252E-04 5.41594E-07 -3.96976E-07 6.72063E-04 3.71909E-07 -1.32794E-07 1.94304E-08 -2.51123E-06 
1.94304E-08 -1.27672E-07 1.52807E-07 6.01834E-04 5.44153E-07 -4.26614E-07 6.55807E-04 3.48333E-07 -1.27672E-07 1.94304E-08 -1.46262E-06 
1.94304E-08 -9.16546E-08 1.53974E-07 5.36495E-04 5.60903E-07 -5.45134E-07 5.82411E-04 2.67269E-07 -9.16546E-08 1.94304E-08 3.34025E-06 
1.94304E-08 -3.86610E-08 2.01006E-07 4.76608E-04 5.83400E-07 -6.26627E-07 5.15539E-04 2.33124E-07 -3.86610E-08 1.94304E-08 7.57093E-06 
1.94304E-08 2.71946E-08 2.83456E-07 4.21969E-04 6.08300E-07 -6.73129E-07 4.54871E-04 2.38263E-07 2.71946E-08 1.94304E-08 1.08810E-05 
1.94304E-08 1.00542E-07 3.90232E-07 3.72343E-04 6.31237E-07 -6.88190E-07 4.00064E-04 2.73857E-07 1.00542E-07 1.94304E-08 1.29398E-05 
1.01893E-07 2.32161E-07 5.66136E-07 3.28009E-04 7.05838E-07 -6.13869E-07 3.51344E-04 3.87150E-07 2.32161E-07 1.01893E-07 1.29207E-05 
2.01674E-07 3.44810E-07 7.30169E-07 2.87869E-04 7.54801E-07 -5.32342E-07 3.07443E-04 4.97251E-07 3.44810E-07 2.01674E-07 1.12688E-05 
2.71680E-07 4.19973E-07 8.60351E-07 2.51590E-04 7.60659E-07 -4.62407E-07 2.67946E-04 5.82898E-07 4.19973E-07 2.71680E-07 8.03491E-06 
3.08148E-07 4.54622E-07 9.50471E-07 2.18969E-04 7.21960E-07 -4.06549E-07 2.32585E-04 6.38383E-07 4.54622E-07 3.08148E-07 3.24778E-06 
3.08828E-07 4.47446E-07 9.96485E-07 1.89784E-04 6.39116E-07 -3.66113E-07 2.01079E-04 6.59776E-07 4.47446E-07 3.08828E-07 -2.93987E-06 
2.73392E-07 3.99228E-07 9.96906E-07 1.63802E-04 5.14735E-07 -3.40964E-07 1.73139E-04 6.45349E-07 3.99228E-07 2.73392E-07 -1.02443E-05 
2.03768E-07 3.13163E-07 9.53099E-07 1.40783E-04 3.53889E-07 -3.29196E-07 1.48477E-04 5.95923E-07 3.13163E-07 2.03768E-07 -1.82539E-05 
1.04374E-07 1.95056E-07 8.69464E-07 1.20487E-04 1.64259E-07 -3.26929E-07 1.26808E-04 5.15103E-07 1.95056E-07 1.04374E-07 -2.64436E-05 
-1.77853E-08 5.33813E-08 7.53466E-07 1.02680E-04 -4.38618E-08 -3.28235E-07 1.07856E-04 4.09366E-07 5.33813E-08 -1.77853E-08 -3.41993E-05 
-1.53196E-07 -1.00831E-07 6.15485E-07 8.71340E-05 -2.57737E-07 -3.25201E-07 9.13594E-05 2.87970E-07 -1.00831E-07 -1.53196E-07 -4.08515E-05 
-2.90075E-07 -2.54283E-07 4.68493E-07 7.36326E-05 -4.62523E-07 -3.08155E-07 7.70708E-05 1.62691E-07 -2.54283E-07 -2.90075E-07 -4.57156E-05 
-4.14802E-07 -3.91883E-07 3.27540E-07 6.19727E-05 -6.41793E-07 -2.66046E-07 6.47604E-05 4.73561E-08 -3.91883E-07 -4.14802E-07 -4.81387E-05 
-5.12513E-07 -4.97381E-07 2.09079E-07 5.19656E-05 -7.78215E-07 -1.86985E-07 5.42167E-05 -4.27757E-08 -4.97381E-07 -5.12513E-07 -4.75469E-05 
2.14826E-08 -1.06796E-07 -3.17875E-06 8.78566E-04 7.72249E-07 8.14184E-07 8.90714E-04 -6.12097E-07 -1.06796E-07 2.14826E-08 -3.19360E-05 
2.14826E-08 -1.06796E-07 -2.97108E-06 7.87546E-04 7.42975E-07 5.46732E-07 7.98052E-04 -7.28887E-07 -1.06796E-07 2.14826E-08 -3.02821E-05 
2.14826E-08 -2.60358E-08 -2.74838E-06 7.04662E-04 7.20758E-07 2.99703E-07 7.13740E-04 -8.13193E-07 -2.60358E-08 2.14826E-08 -2.78770E-05 
2.14826E-08 -7.35059E-08 -2.50778E-06 6.29296E-04 7.10071E-07 8.02495E-08 6.37134E-04 -8.61489E-07 -7.35059E-08 2.14826E-08 -2.46626E-05 
2.14826E-08 -1.02129E-07 -2.25203E-06 5.59959E-04 7.06601E-07 -1.18498E-07 5.66705E-04 -8.79742E-07 -1.02129E-07 2.14826E-08 -2.07391E-05 
2.14826E-08 -1.11181E-07 -1.98243E-06 4.96472E-04 7.10790E-07 -2.93149E-07 5.02264E-04 -8.67691E-07 -1.11181E-07 2.14826E-08 -1.62016E-05 
2.14826E-08 -1.00562E-07 -1.70079E-06 4.38610E-04 7.22643E-07 -4.40890E-07 4.43571E-04 -8.25816E-07 -1.00562E-07 2.14826E-08 -1.12229E-05 
2.14826E-08 -7.92805E-08 -1.47617E-06 3.97541E-04 7.36696E-07 -5.35442E-07 4.01935E-04 -7.73829E-07 -7.92805E-08 2.14826E-08 -7.21833E-06 
2.14826E-08 -7.10115E-08 -1.40962E-06 3.86121E-04 7.41521E-07 -5.59734E-07 3.90361E-04 -7.55565E-07 -7.10115E-08 2.14826E-08 -6.04332E-06 
2.14826E-08 -1.99718E-08 -1.08892E-06 3.35220E-04 7.68069E-07 -6.54471E-07 3.38794E-04 -6.50996E-07 -1.99718E-08 2.14826E-08 -5.68922E-07 
2.14826E-08 4.74319E-08 -7.66547E-07 2.89858E-04 7.98146E-07 -7.14980E-07 2.92866E-04 -5.21191E-07 4.74319E-08 2.14826E-08 4.39564E-06 
2.14826E-08 1.26186E-07 -4.49073E-07 2.49638E-04 8.27655E-07 -7.43359E-07 2.52170E-04 -3.72448E-07 1.26186E-07 2.14826E-08 8.43805E-06 
2.14826E-08 2.10056E-07 -1.44046E-07 2.14157E-04 8.51540E-07 -7.43274E-07 2.16288E-04 -2.12394E-07 2.10056E-07 2.14826E-08 1.11736E-05 
1.12327E-07 3.48740E-07 1.94516E-07 1.83408E-04 9.22710E-07 -6.57049E-07 1.85206E-04 5.90018E-09 3.48740E-07 1.12327E-07 1.17102E-05 
2.21245E-07 4.63641E-07 4.90870E-07 1.56381E-04 9.62551E-07 -5.67824E-07 1.57900E-04 2.03645E-07 4.63641E-07 2.21245E-07 1.04956E-05 
2.96315E-07 5.35993E-07 7.26077E-07 1.32674E-04 9.53525E-07 -4.94241E-07 1.33958E-04 3.60873E-07 5.35993E-07 2.96315E-07 7.56904E-06 
3.33644E-07 5.62789E-07 8.96532E-07 1.11995E-04 8.94439E-07 -4.38417E-07 1.13083E-04 4.73024E-07 5.62789E-07 3.33644E-07 2.95401E-06 
3.31080E-07 5.42983E-07 1.00088E-06 9.40558E-05 7.86219E-07 -4.01182E-07 9.49792E-05 5.37474E-07 5.42983E-07 3.31080E-07 -3.18967E-06 
2.88624E-07 4.77874E-07 1.04041E-06 7.85748E-05 6.32243E-07 -3.81742E-07 7.93611E-05 5.53956E-07 4.77874E-07 2.88624E-07 -1.05604E-05 
2.08754E-07 3.71404E-07 1.01930E-06 6.52848E-05 4.38586E-07 -3.77400E-07 6.59560E-05 5.24891E-07 3.71404E-07 2.08754E-07 -1.87202E-05 
9.66278E-08 2.30321E-07 9.44776E-07 5.39348E-05 2.14117E-07 -3.83396E-07 5.45087E-05 4.55598E-07 2.30321E-07 9.66278E-08 -2.71123E-05 
-3.98679E-08 6.41872E-08 8.27112E-07 4.42933E-05 -2.95505E-08 -3.92864E-07 4.47841E-05 3.54329E-07 6.41872E-08 -3.98679E-08 -3.50882E-05 
-1.90249E-07 -1.14796E-07 6.79395E-07 3.61493E-05 -2.78298E-07 -3.96962E-07 3.65684E-05 2.32128E-07 -1.14796E-07 -1.90249E-07 -4.19450E-05 
-3.41743E-07 -2.92147E-07 5.17149E-07 2.93140E-05 -5.15915E-07 -3.85146E-07 2.96701E-05 1.02502E-07 -2.92147E-07 -3.41743E-07 -4.69692E-05 
-4.79788E-07 -4.51653E-07 3.57759E-07 2.36196E-05 -7.24706E-07 -3.45619E-07 2.39194E-05 -1.91046E-08 -4.51653E-07 -4.79788E-07 -4.94853E-05 
-5.88689E-07 -5.76073E-07 2.19730E-07 1.89186E-05 -8.86231E-07 -2.65920E-07 1.91675E-05 -1.15999E-07 -5.76073E-07 -5.88689E-07 -4.89058E-05 
2.36528E-08 -7.98931E-08 -2.67035E-06 3.74497E-04 9.21292E-07 9.95997E-07 3.77759E-04 -1.02600E-06 -7.98931E-08 2.36528E-08 -3.53006E-05 
2.36528E-08 -7.98931E-08 -2.49654E-06 3.18841E-04 9.00912E-07 7.02975E-07 3.21542E-04 -1.10816E-06 -7.98931E-08 2.36528E-08 -3.47687E-05 
2.36528E-08 -2.30440E-08 -2.30072E-06 2.70324E-04 8.89036E-07 4.33683E-07 2.72543E-04 -1.15608E-06 -2.30440E-08 2.36528E-08 -3.30123E-05 
2.36528E-08 -6.16180E-08 -2.08002E-06 2.28161E-04 8.90050E-07 1.95542E-07 2.29968E-04 -1.16622E-06 -6.16180E-08 2.36528E-08 -3.00512E-05 
2.36528E-08 -7.89107E-08 -1.83841E-06 1.91142E-04 8.98913E-07 -1.92831E-08 1.92597E-04 -1.14489E-06 -7.89107E-08 2.36528E-08 -2.60482E-05 
2.36528E-08 -7.46734E-08 -1.57762E-06 1.58879E-04 9.15589E-07 -2.07476E-07 1.60036E-04 -1.09230E-06 -7.46734E-08 2.36528E-08 -2.11656E-05 
2.36528E-08 -4.93851E-08 -1.30018E-06 1.30970E-04 9.39530E-07 -3.66412E-07 1.31879E-04 -1.00949E-06 -4.93851E-08 2.36528E-08 -1.56427E-05 
2.36528E-08 -1.62315E-08 -1.07623E-06 1.12109E-04 9.62270E-07 -4.68196E-07 1.12857E-04 -9.25985E-07 -1.62315E-08 2.36528E-08 -1.11213E-05 
2.36528E-08 -4.45936E-09 -1.00954E-06 1.07014E-04 9.69477E-07 -4.94395E-07 1.07720E-04 -8.98586E-07 -4.45936E-09 2.36528E-08 -9.78408E-06 
2.36528E-08 6.31015E-08 -6.86526E-07 8.51580E-05 1.00607E-06 -5.97115E-07 8.56887E-05 -7.51356E-07 6.31015E-08 2.36528E-08 -3.49597E-06 
2.36528E-08 1.46016E-07 -3.60302E-07 6.69552E-05 1.04340E-06 -6.64211E-07 6.73512E-05 -5.81076E-07 1.46016E-07 2.36528E-08 2.29945E-06 
2.36528E-08 2.38298E-07 -3.89850E-08 5.19461E-05 1.07658E-06 -6.98383E-07 5.22415E-05 -3.95042E-07 2.38298E-07 2.36528E-08 7.12952E-06 
2.36528E-08 3.32800E-07 2.68391E-07 3.96989E-05 1.09985E-06 -7.03897E-07 3.99222E-05 -2.01834E-07 3.32800E-07 2.36528E-08 1.05600E-05 
1.23290E-07 4.77923E-07 6.05986E-07 2.99852E-05 1.16522E-06 -6.23765E-07 3.01586E-05 4.38741E-08 4.77923E-07 1.23290E-07 1.16404E-05 
2.41571E-07 5.93893E-07 8.96276E-07 2.21784E-05 1.19296E-06 -5.42607E-07 2.23193E-05 2.62428E-07 5.93893E-07 2.41571E-07 1.08235E-05 
3.21490E-07 6.61768E-07 1.11970E-06 1.59517E-05 1.16555E-06 -4.79170E-07 1.60738E-05 4.33668E-07 6.61768E-07 3.21490E-07 8.14134E-06 
3.59062E-07 6.78618E-07 1.27237E-06 1.10513E-05 1.08214E-06 -4.35411E-07 1.11646E-05 5.53029E-07 6.78618E-07 3.59062E-07 3.61749E-06 
3.52294E-07 6.43746E-07 1.35300E-06 7.24822E-06 9.44294E-07 -4.11810E-07 7.35948E-06 6.18156E-07 6.43746E-07 3.52294E-07 -2.57603E-06 
3.01598E-07 5.59068E-07 1.36326E-06 4.34000E-06 7.56290E-07 -4.07044E-07 4.45336E-06 6.29328E-07 5.59068E-07 3.01598E-07 -1.01147E-05 
2.10096E-07 4.29387E-07 1.30809E-06 2.15173E-06 5.25348E-07 -4.17736E-07 2.26892E-06 5.89767E-07 4.29387E-07 2.10096E-07 -1.85296E-05 
8.37868E-08 2.62518E-07 1.19574E-06 5.35551E-07 2.61675E-07 -4.38326E-07 6.56391E-07 5.05808E-07 2.62518E-07 8.37868E-08 -2.72276E-05 
-6.84569E-08 6.92324E-08 1.03774E-06 -6.30400E-07 -2.16490E-08 -4.61084E-07 -5.07571E-07 3.86877E-07 6.92324E-08 -6.84569E-08 -3.55220E-05 
-2.35087E-07 -1.36985E-07 8.48551E-07 -1.44387E-06 -3.08994E-07 -4.76303E-07 -1.32179E-06 2.45288E-07 -1.36985E-07 -2.35087E-07 -4.26737E-05 
-4.02257E-07 -3.40370E-07 6.45152E-07 -1.98082E-06 -5.82669E-07 -4.72634E-07 -1.86292E-06 9.58332E-08 -3.40370E-07 -4.02257E-07 -4.79375E-05 
-5.54398E-07 -5.23510E-07 4.46320E-07 -2.29824E-06 -8.23617E-07 -4.37607E-07 -2.18830E-06 -4.48203E-08 -5.23510E-07 -5.54398E-07 -5.06140E-05 
-6.74938E-07 -6.68118E-07 2.71836E-07 -2.43708E-06 -1.01223E-06 -3.58266E-07 -2.33891E-06 -1.58886E-07 -6.68118E-07 -6.74938E-07 -5.01011E-05 
---
