PdfType: replica
Format: lhagrid1
---
1.00000E-06 1.28121E-06 1.64152E-06 2.10317E-06 2.69463E-06 3.45242E-06 4.42329E-06 5.66715E-06 7.26076E-06 9.30241E-06 1.19180E-05 1.52689E-05 1.95617E-05 2.50609E-05 3.21053E-05 4.11287E-05 5.26863E-05 6.74889E-05 8.64459E-05 1.10720E-04 1.41800E-04 1.81585E-04 2.32503E-04 2.97652E-04 3.80981E-04 4.87518E-04 6.26039E-04 8.00452E-04 1.02297E-03 1.30657E-03 1.66759E-03 2.12729E-03 2.71054E-03 3.44865E-03 4.37927E-03 5.54908E-03 7.01192E-03 8.83064E-03 1.10763E-02 1.38266E-02 1.71641E-02 2.11717E-02 2.59364E-02 3.15062E-02 3.79623E-02 4.53425E-02 5.36750E-02 6.29705E-02 7.32221E-02 8.44039E-02 9.64793E-02 1.09332E-01 1.23067E-01 1.37507E-01 1.52639E-01 1.68416E-01 1.84794E-01 2.01731E-01 2.19016E-01 2.36948E-01 2.55242E-01 2.73927E-01 2.92954E-01 3.12340E-01 3.32036E-01 3.52019E-01 3.72282E-01 3.92772E-01 4.13533E-01 4.34326E-01 4.55495E-01 4.76836E-01 4.98342E-01 5.20006E-01 5.41818E-01 5.63773E-01 5.85861E-01 6.08077E-01 6.30459E-01 6.52800E-01 6.75387E-01 6.98063E-01 7.20830E-01 7.43683E-01 7.66623E-01 7.89636E-01 8.12791E-01 8.35940E-01 8.59175E-01 8.82485E-01 9.05866E-01 9.29311E-01 9.52817E-01 9.76387E-01 1.00000E+00 
1.14018E+00 1.22539E+00 1.32482E+00 1.44156E+00 1.57954E+00 1.74381E+00 1.94091E+00 2.12132E+00 2.17945E+00 2.49622E+00 2.89383E+00 3.39925E+00 4.05063E+00 4.90286E+00 6.03623E+00 7.57063E+00 9.68869E+00 1.26749E+01 1.69835E+01 2.33578E+01 3.30501E+01 4.82334E+01 7.28041E+01 1.13998E+02 1.85779E+02 3.16228E+02 
-5 -4 -3 -2 -1 1 2 3 4 5 21 
6.01950E-02 1.85649E-01 5.57478E+00 6.15460E-01 6.15548E-01 6.14910E-01 6.17328E-01 5.57521E+00 1.85649E-01 6.01950E-02 -1.66046E+00 
6.01950E-02 1.85649E-01 5.54048E+00 6.41422E-01 6.41517E-01 6.40880E-01 6.43343E-01 5.54092E+00 1.85649E-01 6.01950E-02 -5.83273E-01 
6.01950E-02 2.02323E-02 5.52048E+00 6.81298E-01 6.81400E-01 6.80764E-01 6.83272E-01 5.52092E+00 2.02323E-02 6.01950E-02 7.17636E-01 
6.01950E-02 7.94925E-02 5.51687E+00 7.37261E-01 7.37371E-01 7.36737E-01 7.39290E-01 5.51731E+00 7.94925E-02 6.01950E-02 2.27504E+00 
6.01950E-02 1.58506E-01 5.53255E+00 8.12938E-01 8.13056E-01 8.12423E-01 8.15023E-01 5.53299E+00 1.58506E-01 6.01950E-02 4.21513E+00 
6.01950E-02 2.60659E-01 5.57099E+00 9.11719E-01 9.11844E-01 9.11214E-01 9.13862E-01 5.57144E+00 2.60659E-01 6.01950E-02 6.63886E+00 
6.01950E-02 3.89792E-01 5.63610E+00 1.03744E+00 1.03758E+00 1.03695E+00 1.03965E+00 5.63655E+00 3.89792E-01 6.01950E-02 9.66885E+00 
6.01950E-02 5.10955E-01 5.70755E+00 1.15595E+00 1.15609E+00 1.15546E+00 1.15820E+00 5.70800E+00 5.10955E-01 6.01950E-02 1.25216E+01 
6.01950E-02 5.50240E-01 5.73227E+00 1.19445E+00 1.19460E+00 1.19397E+00 1.19672E+00 5.73273E+00 5.50240E-01 6.01950E-02 1.34520E+01 
6.01950E-02 7.63985E-01 5.87651E+00 1.40446E+00 1.40461E+00 1.40399E+00 1.40680E+00 5.87698E+00 7.63985E-01 6.01950E-02 1.85758E+01 
6.01950E-02 1.02685E+00 6.06974E+00 1.66356E+00 1.66372E+00 1.66310E+00 1.66597E+00 6.07021E+00 1.02685E+00 6.01950E-02 2.50364E+01 
6.01950E-02 1.34684E+00 6.32002E+00 1.97975E+00 1.97992E+00 1.97931E+00 1.98223E+00 6.32050E+00 1.34684E+00 6.01950E-02 3.31371E+01 
6.01950E-02 1.73307E+00 6.63657E+00 2.36217E+00 2.36235E+00 2.36174E+00 2.36473E+00 6.63704E+00 1.73307E+00 6.01950E-02 4.32306E+01 
3.58775E-01 2.15168E+00 6.98621E+00 2.77697E+00 2.77717E+00 2.77657E+00 2.77961E+00 6.98670E+00 2.15168E+00 3.58775E-01 5.55927E+01 
8.75153E-01 2.65172E+00 7.41710E+00 3.27317E+00 3.27338E+00 3.27279E+00 3.27590E+00 7.41758E+00 2.65172E+00 8.75153E-01 7.06778E+01 
1.49723E+00 3.25732E+00 7.95325E+00 3.87489E+00 3.87511E+00 3.87452E+00 3.87770E+00 7.95374E+00 3.25732E+00 1.49723E+00 8.90218E+01 
2.24190E+00 3.98539E+00 8.61167E+00 4.59903E+00 4.59926E+00 4.59868E+00 4.60193E+00 8.61216E+00 3.98539E+00 2.24190E+00 1.11214E+02 
3.12830E+00 4.85508E+00 9.41160E+00 5.46476E+00 5.46501E+00 5.46444E+00 5.46776E+00 9.41211E+00 4.85508E+00 3.12830E+00 1.37915E+02 
4.17808E+00 5.88805E+00 1.03748E+01 6.49374E+00 6.49401E+00 6.49345E+00 6.49684E+00 1.03753E+01 5.88805E+00 4.17808E+00 1.69865E+02 
5.41554E+00 7.10864E+00 1.15257E+01 7.71031E+00 7.71060E+00 7.71005E+00 7.71351E+00 1.15262E+01 7.10864E+00 5.41554E+00 2.07875E+02 
6.86796E+00 8.54412E+00 1.28915E+01 9.14176E+00 9.14206E+00 9.14152E+00 9.14506E+00 1.28921E+01 8.54412E+00 6.86796E+00 2.52837E+02 
8.56573E+00 1.02249E+01 1.45029E+01 1.08185E+01 1.08188E+01 1.08183E+01 1.08219E+01 1.45035E+01 1.02249E+01 8.56573E+00 3.05714E+02 
1.05426E+01 1.21848E+01 1.63937E+01 1.27743E+01 1.27746E+01 1.27741E+01 1.27778E+01 1.63942E+01 1.21848E+01 1.05426E+01 3.67541E+02 
1.28358E+01 1.44609E+01 1.86010E+01 1.50463E+01 1.50467E+01 1.50462E+01 1.50500E+01 1.86016E+01 1.44609E+01 1.28358E+01 4.39420E+02 
1.54862E+01 1.70943E+01 2.11660E+01 1.76756E+01 1.76760E+01 1.76755E+01 1.76793E+01 2.11665E+01 1.70943E+01 1.54862E+01 5.22510E+02 
1.85383E+01 2.01294E+01 2.41331E+01 2.07066E+01 2.07070E+01 2.07066E+01 2.07105E+01 2.41337E+01 2.01294E+01 1.85383E+01 6.18025E+02 
5.66275E-02 1.77787E-01 5.04315E+00 5.93132E-01 5.93238E-01 5.92591E-01 5.95240E-01 5.04361E+00 1.77787E-01 5.66275E-02 -1.56728E+00 
5.66275E-02 1.77787E-01 5.01398E+00 6.18315E-01 6.18430E-01 6.17784E-01 6.20481E-01 5.01444E+00 1.77787E-01 5.66275E-02 -5.50389E-01 
5.66275E-02 1.94755E-02 4.99841E+00 6.56746E-01 6.56869E-01 6.56225E-01 6.58971E-01 4.99887E+00 1.94755E-02 5.66275E-02 6.81770E-01 
5.66275E-02 7.63430E-02 4.99836E+00 7.10436E-01 7.10567E-01 7.09925E-01 7.12721E-01 4.99882E+00 7.63430E-02 5.66275E-02 2.16010E+00 
5.66275E-02 1.51889E-01 5.01658E+00 7.82766E-01 7.82906E-01 7.82267E-01 7.85114E-01 5.01705E+00 1.51889E-01 5.66275E-02 4.00458E+00 
5.66275E-02 2.49243E-01 5.05626E+00 8.76869E-01 8.77019E-01 8.76382E-01 8.79281E-01 5.05673E+00 2.49243E-01 5.66275E-02 6.31040E+00 
5.66275E-02 3.71945E-01 5.12101E+00 9.96287E-01 9.96447E-01 9.95814E-01 9.98767E-01 5.12148E+00 3.71945E-01 5.66275E-02 9.19260E+00 
5.66275E-02 4.86793E-01 5.19085E+00 1.10857E+00 1.10874E+00 1.10811E+00 1.11111E+00 5.19133E+00 4.86793E-01 5.66275E-02 1.19043E+01 
5.66275E-02 5.23983E-01 5.21486E+00 1.14501E+00 1.14518E+00 1.14455E+00 1.14756E+00 5.21535E+00 5.23983E-01 5.66275E-02 1.27882E+01 
5.66275E-02 7.25974E-01 5.35394E+00 1.34340E+00 1.34358E+00 1.34295E+00 1.34602E+00 5.35443E+00 7.25974E-01 5.66275E-02 1.76510E+01 
5.66275E-02 9.73720E-01 5.53865E+00 1.58751E+00 1.58771E+00 1.58709E+00 1.59022E+00 5.53914E+00 9.73720E-01 5.66275E-02 2.37700E+01 
5.66275E-02 1.27453E+00 5.77637E+00 1.88467E+00 1.88487E+00 1.88426E+00 1.88745E+00 5.77686E+00 1.27453E+00 5.66275E-02 3.14239E+01 
5.66275E-02 1.63671E+00 6.07546E+00 2.24317E+00 2.24339E+00 2.24278E+00 2.24604E+00 6.07597E+00 1.63671E+00 5.66275E-02 4.09346E+01 
3.37144E-01 2.02978E+00 6.40611E+00 2.63257E+00 2.63281E+00 2.63220E+00 2.63553E+00 6.40662E+00 2.02978E+00 3.37144E-01 5.25253E+01 
8.21032E-01 2.49825E+00 6.81197E+00 3.09734E+00 3.09758E+00 3.09699E+00 3.10039E+00 6.81248E+00 2.49825E+00 8.21032E-01 6.66224E+01 
1.40225E+00 3.06391E+00 7.31476E+00 3.65925E+00 3.65951E+00 3.65892E+00 3.66240E+00 7.31528E+00 3.06391E+00 1.40225E+00 8.37133E+01 
2.09599E+00 3.74197E+00 7.92979E+00 4.33353E+00 4.33381E+00 4.33324E+00 4.33678E+00 7.93031E+00 3.74197E+00 2.09599E+00 1.04325E+02 
2.91945E+00 4.54965E+00 8.67432E+00 5.13740E+00 5.13769E+00 5.13713E+00 5.14075E+00 8.67485E+00 4.54965E+00 2.91945E+00 1.29046E+02 
3.89197E+00 5.50630E+00 9.56780E+00 6.09020E+00 6.09051E+00 6.08996E+00 6.09366E+00 9.56834E+00 5.50630E+00 3.89197E+00 1.58531E+02 
5.03521E+00 6.63360E+00 1.06320E+01 7.21363E+00 7.21396E+00 7.21342E+00 7.21720E+00 1.06325E+01 6.63360E+00 5.03521E+00 1.93494E+02 
6.37338E+00 7.95577E+00 1.18912E+01 8.53191E+00 8.53226E+00 8.53174E+00 8.53560E+00 1.18917E+01 7.95577E+00 6.37338E+00 2.34715E+02 
7.93336E+00 9.49971E+00 1.33723E+01 1.00719E+01 1.00723E+01 1.00718E+01 1.00757E+01 1.33728E+01 9.49971E+00 7.93336E+00 2.83032E+02 
9.74488E+00 1.12952E+01 1.51052E+01 1.18635E+01 1.18638E+01 1.18634E+01 1.18674E+01 1.51057E+01 1.12952E+01 9.74488E+00 3.39340E+02 
1.18406E+01 1.33748E+01 1.71225E+01 1.39391E+01 1.39396E+01 1.39391E+01 1.39432E+01 1.71231E+01 1.33748E+01 1.18406E+01 4.04584E+02 
1.42562E+01 1.57743E+01 1.94601E+01 1.63347E+01 1.63352E+01 1.63347E+01 1.63389E+01 1.94607E+01 1.57743E+01 1.42562E+01 4.79754E+02 
1.70306E+01 1.85326E+01 2.21568E+01 1.90890E+01 1.90895E+01 1.90891E+01 1.90934E+01 2.21574E+01 1.85326E+01 1.70306E+01 5.65877E+02 
5.32565E-02 1.70394E-01 4.56192E+00 5.71524E-01 5.71652E-01 5.70997E-01 5.73909E-01 4.56240E+00 1.70394E-01 5.32565E-02 -1.48197E+00 
5.32565E-02 1.70394E-01 4.53739E+00 5.96010E-01 5.96148E-01 5.95494E-01 5.98458E-01 4.53787E+00 1.70394E-01 5.32565E-02 -5.19998E-01 
5.32565E-02 1.87708E-02 4.52579E+00 6.33105E-01 6.33252E-01 6.32601E-01 6.35617E-01 4.52627E+00 1.87708E-02 5.32565E-02 6.49193E-01 
5.32565E-02 7.33945E-02 4.52889E+00 6.84666E-01 6.84823E-01 6.84175E-01 6.87244E-01 4.52938E+00 7.33945E-02 5.32565E-02 2.05467E+00 
5.32565E-02 1.45672E-01 4.54928E+00 7.53844E-01 7.54011E-01 7.53366E-01 7.56490E-01 4.54977E+00 1.45672E-01 5.32565E-02 3.81047E+00 
5.32565E-02 2.38492E-01 4.58989E+00 8.43530E-01 8.43707E-01 8.43066E-01 8.46246E-01 4.59039E+00 2.38492E-01 5.32565E-02 6.00628E+00 
5.32565E-02 3.55112E-01 4.65405E+00 9.56985E-01 9.57174E-01 9.56536E-01 9.59774E-01 4.65455E+00 3.55112E-01 5.32565E-02 8.74983E+00 
5.32565E-02 4.63987E-01 4.72219E+00 1.06339E+00 1.06359E+00 1.06295E+00 1.06624E+00 4.72270E+00 4.63987E-01 5.32565E-02 1.13288E+01 
5.32565E-02 4.99194E-01 4.74547E+00 1.09787E+00 1.09807E+00 1.09744E+00 1.10074E+00 4.74598E+00 4.99194E-01 5.32565E-02 1.21688E+01 
5.32565E-02 6.90076E-01 4.87940E+00 1.28528E+00 1.28550E+00 1.28487E+00 1.28823E+00 4.87991E+00 6.90076E-01 5.32565E-02 1.67849E+01 
5.32565E-02 9.23545E-01 5.05581E+00 1.51525E+00 1.51548E+00 1.51486E+00 1.51829E+00 5.05633E+00 9.23545E-01 5.32565E-02 2.25804E+01 
5.32565E-02 1.20627E+00 5.28142E+00 1.79445E+00 1.79469E+00 1.79408E+00 1.79757E+00 5.28194E+00 1.20627E+00 5.32565E-02 2.98108E+01 
5.32565E-02 1.54580E+00 5.56385E+00 2.13044E+00 2.13069E+00 2.13009E+00 2.13366E+00 5.56438E+00 1.54580E+00 5.32565E-02 3.87694E+01 
3.16719E-01 1.91477E+00 5.87631E+00 2.49587E+00 2.49614E+00 2.49554E+00 2.49918E+00 5.87684E+00 1.91477E+00 3.16719E-01 4.96319E+01 
7.69985E-01 2.35347E+00 6.25834E+00 2.93100E+00 2.93129E+00 2.93070E+00 2.93442E+00 6.25888E+00 2.35347E+00 7.69985E-01 6.27982E+01 
1.31277E+00 2.88156E+00 6.72952E+00 3.45548E+00 3.45578E+00 3.45521E+00 3.45900E+00 6.73007E+00 2.88156E+00 1.31277E+00 7.87110E+01 
1.95874E+00 3.51271E+00 7.30361E+00 4.08299E+00 4.08331E+00 4.08275E+00 4.08662E+00 7.30416E+00 3.51271E+00 1.95874E+00 9.78405E+01 
2.72327E+00 4.26234E+00 7.99608E+00 4.82894E+00 4.82928E+00 4.82873E+00 4.83268E+00 7.99664E+00 4.26234E+00 2.72327E+00 1.20710E+02 
3.62363E+00 5.14770E+00 8.82427E+00 5.71060E+00 5.71096E+00 5.71043E+00 5.71446E+00 8.82483E+00 5.14770E+00 3.62363E+00 1.47895E+02 
4.67909E+00 6.18809E+00 9.80753E+00 6.74726E+00 6.74764E+00 6.74712E+00 6.75125E+00 9.80809E+00 6.18809E+00 4.67909E+00 1.80023E+02 
5.91107E+00 7.40496E+00 1.09674E+01 7.96037E+00 7.96077E+00 7.96028E+00 7.96449E+00 1.09679E+01 7.40496E+00 5.91107E+00 2.17775E+02 
7.34328E+00 8.82202E+00 1.23276E+01 9.37366E+00 9.37409E+00 9.37361E+00 9.37791E+00 1.23281E+01 8.82202E+00 7.34328E+00 2.61876E+02 
9.00187E+00 1.04654E+01 1.39143E+01 1.10133E+01 1.10137E+01 1.10133E+01 1.10177E+01 1.39149E+01 1.04654E+01 9.00187E+00 3.13096E+02 
1.09154E+01 1.23637E+01 1.57563E+01 1.29078E+01 1.29083E+01 1.29078E+01 1.29123E+01 1.57569E+01 1.23637E+01 1.09154E+01 3.72244E+02 
1.31150E+01 1.45481E+01 1.78846E+01 1.50884E+01 1.50889E+01 1.50885E+01 1.50930E+01 1.78852E+01 1.45481E+01 1.31150E+01 4.40159E+02 
1.56343E+01 1.70522E+01 2.03330E+01 1.75886E+01 1.75892E+01 1.75888E+01 1.75935E+01 2.03336E+01 1.70522E+01 1.56343E+01 5.17708E+02 
5.00704E-02 1.63431E-01 4.12633E+00 5.50621E-01 5.50774E-01 5.50108E-01 5.53309E-01 4.12683E+00 1.63431E-01 5.00704E-02 -1.40379E+00 
5.00704E-02 1.63431E-01 4.10600E+00 5.74483E-01 5.74647E-01 5.73983E-01 5.77239E-01 4.10650E+00 1.63431E-01 5.00704E-02 -4.91826E-01 
5.00704E-02 1.81132E-02 4.09796E+00 6.10340E-01 6.10515E-01 6.09854E-01 6.13166E-01 4.09846E+00 1.81132E-02 5.00704E-02 6.19667E-01 
5.00704E-02 7.06290E-02 4.10384E+00 6.59904E-01 6.60089E-01 6.59432E-01 6.62801E-01 4.10435E+00 7.06290E-02 5.00704E-02 1.95794E+00 
5.00704E-02 1.39821E-01 4.12605E+00 7.26108E-01 7.26305E-01 7.25652E-01 7.29080E-01 4.12657E+00 1.39821E-01 5.00704E-02 3.63143E+00 
5.00704E-02 2.28350E-01 4.16733E+00 8.11617E-01 8.11827E-01 8.11178E-01 8.14665E-01 4.16785E+00 2.28350E-01 5.00704E-02 5.72443E+00 
5.00704E-02 3.39213E-01 4.23070E+00 9.19429E-01 9.19651E-01 9.19007E-01 9.22556E-01 4.23123E+00 3.39213E-01 5.00704E-02 8.33772E+00 
5.00704E-02 4.42435E-01 4.29705E+00 1.02027E+00 1.02050E+00 1.01986E+00 1.02346E+00 4.29758E+00 4.42435E-01 5.00704E-02 1.07914E+01 
5.00704E-02 4.75766E-01 4.31958E+00 1.05290E+00 1.05314E+00 1.05250E+00 1.05611E+00 4.32012E+00 4.75766E-01 5.00704E-02 1.15900E+01 
5.00704E-02 6.56140E-01 4.44841E+00 1.22993E+00 1.23018E+00 1.22955E+00 1.23323E+00 4.44894E+00 6.56140E-01 5.00704E-02 1.59727E+01 
5.00704E-02 8.76124E-01 4.61674E+00 1.44654E+00 1.44681E+00 1.44618E+00 1.44994E+00 4.61728E+00 8.76124E-01 5.00704E-02 2.14617E+01 
5.00704E-02 1.14178E+00 4.83070E+00 1.70880E+00 1.70909E+00 1.70847E+00 1.71230E+00 4.83125E+00 1.14178E+00 5.00704E-02 2.82905E+01 
5.00704E-02 1.45999E+00 5.09721E+00 2.02359E+00 2.02389E+00 2.02328E+00 2.02719E+00 5.09776E+00 1.45999E+00 5.00704E-02 3.67260E+01 
2.97429E-01 1.80620E+00 5.39227E+00 2.36639E+00 2.36671E+00 2.36611E+00 2.37009E+00 5.39283E+00 1.80620E+00 2.97429E-01 4.69007E+01 
7.21835E-01 2.21684E+00 5.75161E+00 2.77359E+00 2.77393E+00 2.77335E+00 2.77740E+00 5.75218E+00 2.21684E+00 7.21835E-01 5.91902E+01 
1.22848E+00 2.70960E+00 6.19286E+00 3.26287E+00 3.26323E+00 3.26266E+00 3.26680E+00 6.19343E+00 2.70960E+00 1.22848E+00 7.39956E+01 
1.82963E+00 3.29674E+00 6.72835E+00 3.84651E+00 3.84689E+00 3.84633E+00 3.85056E+00 6.72893E+00 3.29674E+00 1.82963E+00 9.17354E+01 
2.53902E+00 3.99204E+00 7.37191E+00 4.53826E+00 4.53866E+00 4.53812E+00 4.54243E+00 7.37249E+00 3.99204E+00 2.53902E+00 1.12872E+02 
3.37202E+00 4.81086E+00 8.13897E+00 5.35351E+00 5.35393E+00 5.35342E+00 5.35782E+00 8.13956E+00 4.81086E+00 3.37202E+00 1.37913E+02 
4.34571E+00 5.77031E+00 9.04671E+00 6.30937E+00 6.30982E+00 6.30932E+00 6.31381E+00 9.04730E+00 5.77031E+00 4.34571E+00 1.67407E+02 
5.47903E+00 6.88935E+00 1.01141E+01 7.42479E+00 7.42526E+00 7.42478E+00 7.42937E+00 1.01147E+01 6.88935E+00 5.47903E+00 2.01943E+02 
6.79285E+00 8.18884E+00 1.13621E+01 8.72065E+00 8.72114E+00 8.72069E+00 8.72537E+00 1.13627E+01 8.18884E+00 6.79285E+00 2.42148E+02 
8.31007E+00 9.69170E+00 1.28137E+01 1.02199E+01 1.02204E+01 1.02200E+01 1.02247E+01 1.28143E+01 9.69170E+00 8.31007E+00 2.88683E+02 
1.00556E+01 1.14229E+01 1.44938E+01 1.19473E+01 1.19479E+01 1.19475E+01 1.19524E+01 1.44945E+01 1.14229E+01 1.00556E+01 3.42234E+02 
1.20565E+01 1.34094E+01 1.64296E+01 1.39302E+01 1.39308E+01 1.39304E+01 1.39354E+01 1.64302E+01 1.34094E+01 1.20565E+01 4.03511E+02 
1.43418E+01 1.56803E+01 1.86501E+01 1.61974E+01 1.61980E+01 1.61977E+01 1.62028E+01 1.86507E+01 1.56803E+01 1.43418E+01 4.73238E+02 
4.70585E-02 1.56863E-01 3.73206E+00 5.30407E-01 5.30588E-01 5.29906E-01 5.33418E-01 3.73258E+00 1.56863E-01 4.70585E-02 -1.33204E+00 
4.70585E-02 1.56863E-01 3.71554E+00 5.53710E-01 5.53904E-01 5.53225E-01 5.56796E-01 3.71607E+00 1.56863E-01 4.70585E-02 -4.65614E-01 
4.70585E-02 1.74984E-02 3.71068E+00 5.88418E-01 5.88624E-01 5.87949E-01 5.91580E-01 3.71121E+00 1.74984E-02 4.70585E-02 5.92993E-01 
4.70585E-02 6.80302E-02 3.71900E+00 6.36104E-01 6.36323E-01 6.35652E-01 6.39344E-01 3.71953E+00 6.80302E-02 4.70585E-02 1.86924E+00 
4.70585E-02 1.34305E-01 3.74275E+00 6.99499E-01 6.99731E-01 6.99066E-01 7.02819E-01 3.74329E+00 1.34305E-01 4.70585E-02 3.46619E+00 
4.70585E-02 2.18771E-01 3.78444E+00 7.81054E-01 7.81300E-01 7.80640E-01 7.84458E-01 3.78499E+00 2.18771E-01 4.70585E-02 5.46300E+00 
4.70585E-02 3.24177E-01 3.84686E+00 8.83520E-01 8.83782E-01 8.83128E-01 8.87011E-01 3.84741E+00 3.24177E-01 4.70585E-02 7.95375E+00 
4.70585E-02 4.22045E-01 3.91135E+00 9.79095E-01 9.79368E-01 9.78719E-01 9.82654E-01 3.91191E+00 4.22045E-01 4.70585E-02 1.02892E+01 
4.70585E-02 4.53600E-01 3.93313E+00 1.00998E+00 1.01025E+00 1.00961E+00 1.01356E+00 3.93369E+00 4.53600E-01 4.70585E-02 1.10486E+01 
4.70585E-02 6.24032E-01 4.05690E+00 1.17718E+00 1.17748E+00 1.17684E+00 1.18086E+00 4.05746E+00 6.24032E-01 4.70585E-02 1.52101E+01 
4.70585E-02 8.31272E-01 4.21738E+00 1.38117E+00 1.38148E+00 1.38085E+00 1.38495E+00 4.21795E+00 8.31272E-01 4.70585E-02 2.04084E+01 
4.70585E-02 1.08083E+00 4.42014E+00 1.62746E+00 1.62779E+00 1.62717E+00 1.63135E+00 4.42072E+00 1.08083E+00 4.70585E-02 2.68564E+01 
4.70585E-02 1.37894E+00 4.67146E+00 1.92227E+00 1.92262E+00 1.92202E+00 1.92627E+00 4.67204E+00 1.37894E+00 4.70585E-02 3.47959E+01 
2.79207E-01 1.70367E+00 4.94988E+00 2.24372E+00 2.24409E+00 2.24349E+00 2.24783E+00 4.95047E+00 1.70367E+00 2.79207E-01 4.43213E+01 
6.76412E-01 2.08786E+00 5.28764E+00 2.62459E+00 2.62498E+00 2.62440E+00 2.62883E+00 5.28823E+00 2.08786E+00 6.76412E-01 5.57848E+01 
1.14909E+00 2.54740E+00 5.70055E+00 3.08078E+00 3.08119E+00 3.08063E+00 3.08514E+00 5.70115E+00 2.54740E+00 1.14909E+00 6.95496E+01 
1.70819E+00 3.09327E+00 6.19966E+00 3.62326E+00 3.62370E+00 3.62316E+00 3.62776E+00 6.20026E+00 3.09327E+00 1.70819E+00 8.59869E+01 
2.36599E+00 3.73773E+00 6.79729E+00 4.26432E+00 4.26478E+00 4.26426E+00 4.26895E+00 6.79790E+00 3.73773E+00 2.36599E+00 1.05505E+02 
3.13611E+00 4.49446E+00 7.50716E+00 5.01760E+00 5.01809E+00 5.01759E+00 5.02238E+00 7.50778E+00 4.49446E+00 3.13611E+00 1.28547E+02 
4.03369E+00 5.37857E+00 8.34446E+00 5.89825E+00 5.89877E+00 5.89829E+00 5.90318E+00 8.34509E+00 5.37857E+00 4.03369E+00 1.55593E+02 
5.07541E+00 6.40678E+00 9.32593E+00 6.92297E+00 6.92351E+00 6.92307E+00 6.92805E+00 9.32656E+00 6.40678E+00 5.07541E+00 1.87151E+02 
6.27958E+00 7.59739E+00 1.04699E+01 8.11008E+00 8.11065E+00 8.11024E+00 8.11532E+00 1.04706E+01 7.59739E+00 6.27958E+00 2.23759E+02 
7.66619E+00 8.97042E+00 1.17966E+01 9.47960E+00 9.48020E+00 9.47982E+00 9.48501E+00 1.17972E+01 8.97042E+00 7.66619E+00 2.65982E+02 
9.25692E+00 1.05476E+01 1.33275E+01 1.10532E+01 1.10538E+01 1.10535E+01 1.10588E+01 1.33282E+01 1.05476E+01 9.25692E+00 3.14400E+02 
1.10752E+01 1.23522E+01 1.50862E+01 1.28543E+01 1.28550E+01 1.28547E+01 1.28601E+01 1.50869E+01 1.23522E+01 1.10752E+01 3.69609E+02 
1.31460E+01 1.44095E+01 1.70978E+01 1.49080E+01 1.49087E+01 1.49084E+01 1.49140E+01 1.70985E+01 1.44095E+01 1.31460E+01 4.32211E+02 
4.42105E-02 1.50655E-01 3.37519E+00 5.10863E-01 5.11078E-01 5.10373E-01 5.14217E-01 3.37574E+00 1.50655E-01 4.42105E-02 -1.26609E+00 
4.42105E-02 1.50655E-01 3.36211E+00 5.33667E-01 5.33895E-01 5.33195E-01 5.37101E-01 3.36267E+00 1.50655E-01 4.42105E-02 -4.41109E-01 
4.42105E-02 1.69222E-02 3.36010E+00 5.67304E-01 5.67547E-01 5.66851E-01 5.70822E-01 3.36066E+00 1.69222E-02 4.42105E-02 5.69000E-01 
4.42105E-02 6.55830E-02 3.37055E+00 6.13223E-01 6.13480E-01 6.12790E-01 6.16825E-01 3.37111E+00 6.55830E-02 4.42105E-02 1.78793E+00 
4.42105E-02 1.29095E-01 3.39557E+00 6.73959E-01 6.74232E-01 6.73548E-01 6.77649E-01 3.39614E+00 1.29095E-01 4.42105E-02 3.31363E+00 
4.42105E-02 2.09707E-01 3.43746E+00 7.51766E-01 7.52055E-01 7.51379E-01 7.55547E-01 3.43804E+00 2.09707E-01 4.42105E-02 5.22029E+00 
4.42105E-02 3.09940E-01 3.49878E+00 8.49165E-01 8.49471E-01 8.48802E-01 8.53040E-01 3.49936E+00 3.09940E-01 4.42105E-02 7.59559E+00 
4.42105E-02 4.02731E-01 3.56136E+00 9.39746E-01 9.40066E-01 9.39404E-01 9.43697E-01 3.56194E+00 4.02731E-01 4.42105E-02 9.81928E+00 
4.42105E-02 4.32604E-01 3.58238E+00 9.68970E-01 9.69293E-01 9.68634E-01 9.72943E-01 3.58297E+00 4.32604E-01 4.42105E-02 1.05416E+01 
4.42105E-02 5.93623E-01 3.70116E+00 1.12688E+00 1.12722E+00 1.12657E+00 1.13096E+00 3.70175E+00 5.93623E-01 4.42105E-02 1.44934E+01 
4.42105E-02 7.88815E-01 3.85403E+00 1.31894E+00 1.31930E+00 1.31867E+00 1.32313E+00 3.85462E+00 7.88815E-01 4.42105E-02 1.94156E+01 
4.42105E-02 1.02319E+00 4.04603E+00 1.55015E+00 1.55054E+00 1.54992E+00 1.55447E+00 4.04664E+00 1.02319E+00 4.42105E-02 2.55021E+01 
4.42105E-02 1.30236E+00 4.28285E+00 1.82616E+00 1.82656E+00 1.82596E+00 1.83059E+00 4.28346E+00 1.30236E+00 4.42105E-02 3.29713E+01 
2.61993E-01 1.60680E+00 4.54538E+00 2.12743E+00 2.12786E+00 2.12727E+00 2.13200E+00 4.54600E+00 1.60680E+00 2.61993E-01 4.18835E+01 
6.33558E-01 1.96606E+00 4.86260E+00 2.48349E+00 2.48395E+00 2.48338E+00 2.48819E+00 4.86322E+00 1.96606E+00 6.33558E-01 5.25691E+01 
1.07429E+00 2.39437E+00 5.24870E+00 2.90857E+00 2.90905E+00 2.90850E+00 2.91341E+00 5.24933E+00 2.39437E+00 1.07429E+00 6.53561E+01 
1.59397E+00 2.90153E+00 5.71353E+00 3.41247E+00 3.41298E+00 3.41245E+00 3.41745E+00 5.71416E+00 2.90153E+00 1.59397E+00 8.05730E+01 
2.20350E+00 3.49845E+00 6.26806E+00 4.00611E+00 4.00664E+00 4.00614E+00 4.01124E+00 6.26870E+00 3.49845E+00 2.20350E+00 9.85783E+01 
2.91498E+00 4.19725E+00 6.92444E+00 4.70159E+00 4.70215E+00 4.70168E+00 4.70688E+00 6.92509E+00 4.19725E+00 2.91498E+00 1.19760E+02 
3.74173E+00 5.01126E+00 7.69607E+00 5.51226E+00 5.51286E+00 5.51242E+00 5.51772E+00 7.69673E+00 5.01126E+00 3.74173E+00 1.44532E+02 
4.69843E+00 5.95517E+00 8.59768E+00 6.45281E+00 6.45344E+00 6.45303E+00 6.45844E+00 8.59835E+00 5.95517E+00 4.69843E+00 1.73333E+02 
5.80108E+00 7.04500E+00 9.64533E+00 7.53927E+00 7.53993E+00 7.53956E+00 7.54508E+00 9.64600E+00 7.04500E+00 5.80108E+00 2.06625E+02 
7.06712E+00 8.29819E+00 1.08565E+01 8.78906E+00 8.78976E+00 8.78943E+00 8.79506E+00 1.08572E+01 8.29819E+00 7.06712E+00 2.44883E+02 
8.51531E+00 9.73352E+00 1.22500E+01 1.02210E+01 1.02217E+01 1.02214E+01 1.02272E+01 1.22507E+01 9.73352E+00 8.51531E+00 2.88598E+02 
1.01659E+01 1.13712E+01 1.38461E+01 1.18553E+01 1.18560E+01 1.18558E+01 1.18616E+01 1.38468E+01 1.13712E+01 1.01659E+01 3.38265E+02 
1.20402E+01 1.32327E+01 1.56663E+01 1.37134E+01 1.37142E+01 1.37140E+01 1.37200E+01 1.56670E+01 1.32327E+01 1.20402E+01 3.94381E+02 
4.15170E-02 1.44778E-01 3.05219E+00 4.91976E-01 4.92229E-01 4.91494E-01 4.95690E-01 3.05277E+00 1.44778E-01 4.15170E-02 -1.20534E+00 
4.15170E-02 1.44778E-01 3.04222E+00 5.14330E-01 5.14599E-01 5.13870E-01 5.18133E-01 3.04280E+00 1.44778E-01 4.15170E-02 -4.18070E-01 
4.15170E-02 1.63809E-02 3.04275E+00 5.46969E-01 5.47255E-01 5.46532E-01 5.50862E-01 3.04334E+00 1.63809E-02 4.15170E-02 5.47548E-01 
4.15170E-02 6.32735E-02 3.05505E+00 5.91219E-01 5.91521E-01 5.90806E-01 5.95204E-01 3.05564E+00 6.32735E-02 4.15170E-02 1.71346E+00 
4.15170E-02 1.24165E-01 3.08110E+00 6.49436E-01 6.49756E-01 6.49049E-01 6.53517E-01 3.08170E+00 1.24165E-01 4.15170E-02 3.17274E+00 
4.15170E-02 2.01119E-01 3.12300E+00 7.23685E-01 7.24024E-01 7.23327E-01 7.27867E-01 3.12360E+00 2.01119E-01 4.15170E-02 4.99479E+00 
4.15170E-02 2.96440E-01 3.18309E+00 8.16275E-01 8.16634E-01 8.15947E-01 8.20561E-01 3.18371E+00 2.96440E-01 4.15170E-02 7.26114E+00 
4.15170E-02 3.84417E-01 3.24372E+00 9.02122E-01 9.02496E-01 9.01818E-01 9.06490E-01 3.24434E+00 3.84417E-01 4.15170E-02 9.37900E+00 
4.15170E-02 4.12694E-01 3.26399E+00 9.29774E-01 9.30152E-01 9.29478E-01 9.34167E-01 3.26460E+00 4.12694E-01 4.15170E-02 1.00661E+01 
4.15170E-02 5.64798E-01 3.37785E+00 1.07888E+00 1.07928E+00 1.07862E+00 1.08339E+00 3.37848E+00 5.64798E-01 4.15170E-02 1.38189E+01 
4.15170E-02 7.48598E-01 3.52334E+00 1.25966E+00 1.26009E+00 1.25944E+00 1.26430E+00 3.52397E+00 7.48598E-01 4.15170E-02 1.84789E+01 
4.15170E-02 9.68628E-01 3.70502E+00 1.47665E+00 1.47710E+00 1.47647E+00 1.48142E+00 3.70566E+00 9.68628E-01 4.15170E-02 2.42220E+01 
4.15170E-02 1.22997E+00 3.92802E+00 1.73494E+00 1.73541E+00 1.73480E+00 1.73984E+00 3.92866E+00 1.22997E+00 4.15170E-02 3.12452E+01 
2.45728E-01 1.51526E+00 4.17536E+00 2.01717E+00 2.01767E+00 2.01709E+00 2.02221E+00 4.17601E+00 1.51526E+00 2.45728E-01 3.95783E+01 
5.93127E-01 1.85101E+00 4.47306E+00 2.34984E+00 2.35037E+00 2.34981E+00 2.35503E+00 4.47372E+00 1.85101E+00 5.93127E-01 4.95313E+01 
1.00383E+00 2.24995E+00 4.83379E+00 2.74568E+00 2.74623E+00 2.74570E+00 2.75102E+00 4.83446E+00 2.24995E+00 1.00383E+00 6.14000E+01 
1.48655E+00 2.72082E+00 5.26635E+00 3.21340E+00 3.21399E+00 3.21349E+00 3.21891E+00 5.26702E+00 2.72082E+00 1.48655E+00 7.54737E+01 
2.05096E+00 3.27330E+00 5.78044E+00 3.76271E+00 3.76333E+00 3.76286E+00 3.76838E+00 5.78112E+00 3.27330E+00 2.05096E+00 9.20665E+01 
2.70773E+00 3.91807E+00 6.38682E+00 4.40429E+00 4.40495E+00 4.40451E+00 4.41014E+00 6.38751E+00 3.91807E+00 2.70773E+00 1.11515E+02 
3.46861E+00 4.66690E+00 7.09728E+00 5.14990E+00 5.15059E+00 5.15019E+00 5.15593E+00 7.09797E+00 4.66690E+00 3.46861E+00 1.34178E+02 
4.34644E+00 5.53262E+00 7.92471E+00 6.01239E+00 6.01311E+00 6.01275E+00 6.01861E+00 7.92541E+00 5.53262E+00 4.34644E+00 1.60430E+02 
5.35518E+00 6.52923E+00 8.88313E+00 7.00574E+00 7.00650E+00 7.00619E+00 7.01216E+00 8.88384E+00 6.52923E+00 5.35518E+00 1.90664E+02 
6.50996E+00 7.67184E+00 9.98770E+00 8.14509E+00 8.14589E+00 8.14563E+00 8.15172E+00 9.98842E+00 7.67184E+00 6.50996E+00 2.25281E+02 
7.82699E+00 8.97669E+00 1.12547E+01 9.44667E+00 9.44751E+00 9.44730E+00 9.45351E+00 1.12554E+01 8.97669E+00 7.82699E+00 2.64690E+02 
9.32362E+00 1.04611E+01 1.27015E+01 1.09278E+01 1.09287E+01 1.09286E+01 1.09349E+01 1.27022E+01 1.04611E+01 9.32362E+00 3.09302E+02 
1.10182E+01 1.21436E+01 1.43465E+01 1.26069E+01 1.26079E+01 1.26078E+01 1.26143E+01 1.43472E+01 1.21436E+01 1.10182E+01 3.59523E+02 
3.89695E-02 1.39204E-01 2.75983E+00 4.73728E-01 4.74026E-01 4.73255E-01 4.77823E-01 2.76044E+00 1.39204E-01 3.89695E-02 -1.14924E+00 
3.89695E-02 1.39204E-01 2.75267E+00 4.95678E-01 4.95995E-01 4.95232E-01 4.99870E-01 2.75329E+00 1.39204E-01 3.89695E-02 -3.96260E-01 
3.89695E-02 1.58709E-02 2.75546E+00 5.27382E-01 5.27717E-01 5.26964E-01 5.31673E-01 2.75608E+00 1.58709E-02 3.89695E-02 5.28526E-01 
3.89695E-02 6.10889E-02 2.76937E+00 5.70053E-01 5.70408E-01 5.69664E-01 5.74446E-01 2.76999E+00 6.10889E-02 3.89695E-02 1.64535E+00 
3.89695E-02 1.19492E-01 2.79623E+00 6.25878E-01 6.26253E-01 6.25521E-01 6.30377E-01 2.79686E+00 1.19492E-01 3.89695E-02 3.04261E+00 
3.89695E-02 1.92968E-01 2.83797E+00 6.96748E-01 6.97145E-01 6.96425E-01 7.01358E-01 2.83861E+00 1.92968E-01 3.89695E-02 4.78513E+00 
3.89695E-02 2.83622E-01 2.89674E+00 7.84770E-01 7.85189E-01 7.84484E-01 7.89495E-01 2.89739E+00 2.83622E-01 3.89695E-02 6.94852E+00 
3.89695E-02 3.67029E-01 2.95539E+00 8.66124E-01 8.66561E-01 8.65868E-01 8.70940E-01 2.95604E+00 3.67029E-01 3.89695E-02 8.96604E+00 
3.89695E-02 3.93792E-01 2.97490E+00 8.92285E-01 8.92727E-01 8.92038E-01 8.97129E-01 2.97555E+00 3.93792E-01 3.89695E-02 9.61979E+00 
3.89695E-02 5.37449E-01 3.08394E+00 1.03305E+00 1.03352E+00 1.03285E+00 1.03803E+00 3.08460E+00 5.37449E-01 3.89695E-02 1.31835E+01 
3.89695E-02 7.10473E-01 3.22228E+00 1.20317E+00 1.20366E+00 1.20301E+00 1.20828E+00 3.22295E+00 7.10473E-01 3.89695E-02 1.75942E+01 
3.89695E-02 9.16965E-01 3.39406E+00 1.40673E+00 1.40725E+00 1.40662E+00 1.41199E+00 3.39473E+00 9.16965E-01 3.89695E-02 2.30110E+01 
3.89695E-02 1.16151E+00 3.60389E+00 1.64832E+00 1.64888E+00 1.64827E+00 1.65373E+00 3.60457E+00 1.16151E+00 3.89695E-02 2.96112E+01 
2.30359E-01 1.42870E+00 3.83674E+00 1.91258E+00 1.91316E+00 1.91258E+00 1.91814E+00 3.83742E+00 1.42870E+00 2.30359E-01 3.73973E+01 
5.54981E-01 1.74229E+00 4.11588E+00 2.22321E+00 2.22382E+00 2.22328E+00 2.22894E+00 4.11657E+00 1.74229E+00 5.54981E-01 4.66605E+01 
9.37459E-01 2.11364E+00 4.45264E+00 2.59156E+00 2.59221E+00 2.59169E+00 2.59746E+00 4.45334E+00 2.11364E+00 9.37459E-01 5.76668E+01 
1.38553E+00 2.55050E+00 4.85481E+00 3.02539E+00 3.02607E+00 3.02559E+00 3.03146E+00 4.85551E+00 2.55050E+00 1.38553E+00 7.06704E+01 
1.90776E+00 3.06143E+00 5.33099E+00 3.53326E+00 3.53398E+00 3.53354E+00 3.53952E+00 5.33171E+00 3.06143E+00 1.90776E+00 8.59448E+01 
2.51354E+00 3.65585E+00 5.89066E+00 4.12461E+00 4.12537E+00 4.12497E+00 4.13107E+00 5.89138E+00 3.65585E+00 2.51354E+00 1.03782E+02 
3.21318E+00 4.34408E+00 6.54415E+00 4.80973E+00 4.81053E+00 4.81018E+00 4.81639E+00 6.54488E+00 4.34408E+00 3.21318E+00 1.24488E+02 
4.01789E+00 5.13733E+00 7.30273E+00 5.59986E+00 5.60070E+00 5.60041E+00 5.60674E+00 7.30347E+00 5.13733E+00 4.01789E+00 1.48386E+02 
4.93980E+00 6.04774E+00 8.17858E+00 6.50715E+00 6.50803E+00 6.50779E+00 6.51425E+00 8.17932E+00 6.04774E+00 4.93980E+00 1.75803E+02 
5.99200E+00 7.08842E+00 9.18482E+00 7.54468E+00 7.54561E+00 7.54543E+00 7.55201E+00 9.18557E+00 7.08842E+00 5.99200E+00 2.07079E+02 
7.18842E+00 8.27331E+00 1.03354E+01 8.72642E+00 8.72739E+00 8.72727E+00 8.73398E+00 1.03362E+01 8.27331E+00 7.18842E+00 2.42550E+02 
8.54392E+00 9.61727E+00 1.16453E+01 1.00672E+01 1.00682E+01 1.00682E+01 1.00750E+01 1.16461E+01 9.61727E+00 8.54392E+00 2.82555E+02 
1.00741E+01 1.11359E+01 1.31301E+01 1.15827E+01 1.15838E+01 1.15838E+01 1.15908E+01 1.31309E+01 1.11359E+01 1.00741E+01 3.27423E+02 
3.65596E-02 1.33907E-01 2.49521E+00 4.56105E-01 4.56456E-01 4.55645E-01 4.60605E-01 2.49585E+00 1.33907E-01 3.65596E-02 -1.09728E+00 
3.65596E-02 1.33907E-01 2.49060E+00 4.77689E-01 4.78062E-01 4.77262E-01 4.82297E-01 2.49124E+00 1.33907E-01 3.65596E-02 -3.75447E-01 
3.65596E-02 1.53891E-02 2.49540E+00 5.08514E-01 5.08908E-01 5.08121E-01 5.13232E-01 2.49605E+00 1.53891E-02 3.65596E-02 5.11851E-01 
3.65596E-02 5.90176E-02 2.51068E+00 5.49688E-01 5.50105E-01 5.49331E-01 5.54519E-01 2.51134E+00 5.90176E-02 3.65596E-02 1.58317E+00 
3.65596E-02 1.15052E-01 2.53816E+00 6.03238E-01 6.03679E-01 6.02920E-01 6.08188E-01 2.53883E+00 1.15052E-01 3.65596E-02 2.92245E+00 
3.65596E-02 1.85218E-01 2.57960E+00 6.70893E-01 6.71358E-01 6.70617E-01 6.75965E-01 2.58027E+00 1.85218E-01 3.65596E-02 4.59007E+00 
3.65596E-02 2.71435E-01 2.63695E+00 7.54574E-01 7.55064E-01 7.54341E-01 7.59773E-01 2.63763E+00 2.71435E-01 3.65596E-02 6.65603E+00 
3.65596E-02 3.50501E-01 2.69361E+00 8.31662E-01 8.32173E-01 8.31465E-01 8.36962E-01 2.69429E+00 3.50501E-01 3.65596E-02 8.57830E+00 
3.65596E-02 3.75829E-01 2.71237E+00 8.56409E-01 8.56925E-01 8.56222E-01 8.61739E-01 2.71305E+00 3.75829E-01 3.65596E-02 9.20032E+00 
3.65596E-02 5.11476E-01 2.81668E+00 9.89274E-01 9.89820E-01 9.89141E-01 9.94753E-01 2.81737E+00 5.11476E-01 3.65596E-02 1.25841E+01 
3.65596E-02 6.74306E-01 2.94811E+00 1.14930E+00 1.14988E+00 1.14922E+00 1.15493E+00 2.94881E+00 6.74306E-01 3.65596E-02 1.67577E+01 
3.65596E-02 8.68015E-01 3.11039E+00 1.34019E+00 1.34079E+00 1.34017E+00 1.34598E+00 3.11110E+00 8.68015E-01 3.65596E-02 2.18645E+01 
3.65596E-02 1.09673E+00 3.30768E+00 1.56606E+00 1.56670E+00 1.56611E+00 1.57202E+00 3.30839E+00 1.09673E+00 3.65596E-02 2.80631E+01 
2.15836E-01 1.34683E+00 3.52669E+00 1.81333E+00 1.81401E+00 1.81345E+00 1.81947E+00 3.52741E+00 1.34683E+00 2.15836E-01 3.53328E+01 
5.18991E-01 1.63955E+00 3.78822E+00 2.10319E+00 2.10390E+00 2.10338E+00 2.10950E+00 3.78895E+00 1.63955E+00 5.18991E-01 4.39465E+01 
8.74946E-01 1.98496E+00 4.10232E+00 2.44572E+00 2.44647E+00 2.44599E+00 2.45222E+00 4.10306E+00 1.98496E+00 8.74946E-01 5.41434E+01 
1.29055E+00 2.38995E+00 4.47590E+00 2.84778E+00 2.84858E+00 2.84814E+00 2.85449E+00 4.47664E+00 2.38995E+00 1.29055E+00 6.61454E+01 
1.77336E+00 2.86206E+00 4.91656E+00 3.31695E+00 3.31779E+00 3.31740E+00 3.32386E+00 4.91731E+00 2.86206E+00 1.77336E+00 8.01900E+01 
2.33164E+00 3.40957E+00 5.43261E+00 3.86150E+00 3.86238E+00 3.86204E+00 3.86863E+00 5.43336E+00 3.40957E+00 2.33164E+00 9.65284E+01 
2.97437E+00 4.04149E+00 6.03309E+00 4.49044E+00 4.49136E+00 4.49108E+00 4.49779E+00 6.03385E+00 4.04149E+00 2.97437E+00 1.15423E+02 
3.71133E+00 4.76759E+00 6.72780E+00 5.21353E+00 5.21450E+00 5.21429E+00 5.22113E+00 6.72857E+00 4.76759E+00 3.71133E+00 1.37145E+02 
4.55301E+00 5.59839E+00 7.52730E+00 6.04131E+00 6.04233E+00 6.04219E+00 6.04915E+00 7.52808E+00 5.59839E+00 4.55301E+00 1.61972E+02 
5.51068E+00 6.54515E+00 8.44288E+00 6.98504E+00 6.98611E+00 6.98604E+00 6.99314E+00 8.44367E+00 6.54515E+00 5.51068E+00 1.90184E+02 
6.59629E+00 7.61983E+00 9.48653E+00 8.05668E+00 8.05781E+00 8.05781E+00 8.06505E+00 9.48733E+00 7.61983E+00 6.59629E+00 2.22059E+02 
7.82247E+00 8.83508E+00 1.06709E+01 9.26888E+00 9.27006E+00 9.27015E+00 9.27753E+00 1.06717E+01 8.83508E+00 7.82247E+00 2.57871E+02 
9.20245E+00 1.02041E+01 1.20093E+01 1.06349E+01 1.06361E+01 1.06363E+01 1.06438E+01 1.20101E+01 1.02041E+01 9.20245E+00 2.97883E+02 
3.42799E-02 1.28865E-01 2.25571E+00 4.39090E-01 4.39504E-01 4.38651E-01 4.44028E-01 2.25638E+00 1.28865E-01 3.42799E-02 -1.04895E+00 
3.42799E-02 1.28865E-01 2.25339E+00 4.60342E-01 4.60781E-01 4.59943E-01 4.65400E-01 2.25407E+00 1.28865E-01 3.42799E-02 -3.55399E-01 
3.42799E-02 1.49325E-02 2.25997E+00 4.90338E-01 4.90802E-01 4.89981E-01 4.95518E-01 2.26066E+00 1.49325E-02 3.42799E-02 4.97471E-01 
3.42799E-02 5.70488E-02 2.27642E+00 5.30089E-01 5.30579E-01 5.29776E-01 5.35395E-01 2.27712E+00 5.70488E-02 3.42799E-02 1.52656E+00 
3.42799E-02 1.10826E-01 2.30435E+00 5.81473E-01 5.81990E-01 5.81208E-01 5.86911E-01 2.30505E+00 1.10826E-01 3.42799E-02 2.81154E+00 
3.42799E-02 1.77839E-01 2.34536E+00 6.46066E-01 6.46611E-01 6.45851E-01 6.51640E-01 2.34607E+00 1.77839E-01 3.42799E-02 4.40853E+00 
3.42799E-02 2.59833E-01 2.40122E+00 7.25616E-01 7.26190E-01 7.25454E-01 7.31332E-01 2.40193E+00 2.59833E-01 3.42799E-02 6.38212E+00 
3.42799E-02 3.34773E-01 2.45587E+00 7.98651E-01 7.99248E-01 7.98532E-01 8.04480E-01 2.45659E+00 3.34773E-01 3.42799E-02 8.21386E+00 
3.42799E-02 3.58737E-01 2.47389E+00 8.22055E-01 8.22659E-01 8.21949E-01 8.27918E-01 2.47461E+00 3.58737E-01 3.42799E-02 8.80570E+00 
3.42799E-02 4.86790E-01 2.57358E+00 9.47427E-01 9.48065E-01 9.47385E-01 9.53455E-01 2.57430E+00 4.86790E-01 3.42799E-02 1.20183E+01 
3.42799E-02 6.39971E-01 2.69833E+00 1.09791E+00 1.09858E+00 1.09793E+00 1.10411E+00 2.69907E+00 6.39971E-01 3.42799E-02 1.59661E+01 
3.42799E-02 8.21611E-01 2.85152E+00 1.27683E+00 1.27754E+00 1.27693E+00 1.28320E+00 2.85226E+00 8.21611E-01 3.42799E-02 2.07780E+01 
3.42799E-02 1.03541E+00 3.03687E+00 1.48789E+00 1.48863E+00 1.48806E+00 1.49445E+00 3.03762E+00 1.03541E+00 3.42799E-02 2.65956E+01 
2.02112E-01 1.26938E+00 3.24269E+00 1.71913E+00 1.71992E+00 1.71939E+00 1.72589E+00 3.24345E+00 1.26938E+00 2.02112E-01 3.33777E+01 
4.85039E-01 1.54242E+00 3.48750E+00 1.98941E+00 1.99024E+00 1.98976E+00 1.99638E+00 3.48826E+00 1.54242E+00 4.85039E-01 4.13802E+01 
8.16073E-01 1.86347E+00 3.78020E+00 2.30768E+00 2.30856E+00 2.30813E+00 2.31486E+00 3.78097E+00 1.86347E+00 8.16073E-01 5.08175E+01 
1.20127E+00 2.23860E+00 4.12690E+00 2.68001E+00 2.68092E+00 2.68055E+00 2.68740E+00 4.12768E+00 2.23860E+00 1.20127E+00 6.18827E+01 
1.64726E+00 2.67446E+00 4.53428E+00 3.11303E+00 3.11399E+00 3.11368E+00 3.12066E+00 4.53507E+00 2.67446E+00 1.64726E+00 7.47808E+01 
2.16128E+00 3.17828E+00 5.00962E+00 3.61400E+00 3.61501E+00 3.61477E+00 3.62187E+00 5.01041E+00 3.17828E+00 2.16128E+00 8.97269E+01 
2.75117E+00 3.75793E+00 5.56080E+00 4.19077E+00 4.19184E+00 4.19166E+00 4.19889E+00 5.56160E+00 3.75793E+00 2.75117E+00 1.06944E+02 
3.42539E+00 4.42186E+00 6.19631E+00 4.85181E+00 4.85293E+00 4.85282E+00 4.86020E+00 6.19712E+00 4.42186E+00 3.42539E+00 1.26660E+02 
4.19299E+00 5.17914E+00 6.92526E+00 5.60618E+00 5.60736E+00 5.60734E+00 5.61485E+00 6.92608E+00 5.17914E+00 4.19299E+00 1.49106E+02 
5.06363E+00 6.03944E+00 7.75733E+00 6.46357E+00 6.46480E+00 6.46486E+00 6.47252E+00 7.75816E+00 6.03944E+00 5.06363E+00 1.74512E+02 
6.04750E+00 7.01295E+00 8.70275E+00 7.43415E+00 7.43544E+00 7.43560E+00 7.44341E+00 8.70359E+00 7.01295E+00 6.04750E+00 2.03105E+02 
7.15530E+00 8.11039E+00 9.77225E+00 8.52865E+00 8.53001E+00 8.53027E+00 8.53823E+00 9.77310E+00 8.11039E+00 7.15530E+00 2.35105E+02 
8.39817E+00 9.34289E+00 1.09770E+01 9.75822E+00 9.75964E+00 9.76000E+00 9.76812E+00 1.09778E+01 9.34289E+00 8.39817E+00 2.70720E+02 
3.21233E-02 1.24055E-01 2.03894E+00 4.22670E-01 4.23158E-01 4.22265E-01 4.28085E-01 2.03966E+00 1.24055E-01 3.21233E-02 -1.00379E+00 
3.21233E-02 1.24055E-01 2.03869E+00 4.43617E-01 4.44134E-01 4.43261E-01 4.49165E-01 2.03941E+00 1.24055E-01 3.21233E-02 -3.35880E-01 
3.21233E-02 1.44984E-02 2.04684E+00 4.72829E-01 4.73374E-01 4.72524E-01 4.78513E-01 2.04756E+00 1.44984E-02 3.21233E-02 4.85359E-01 
3.21233E-02 5.51725E-02 2.06428E+00 5.11224E-01 5.11799E-01 5.10973E-01 5.17049E-01 2.06501E+00 5.51725E-02 3.21233E-02 1.47520E+00 
3.21233E-02 1.06796E-01 2.09251E+00 5.60541E-01 5.61147E-01 5.60347E-01 5.66513E-01 2.09324E+00 1.06796E-01 3.21233E-02 2.70925E+00 
3.21233E-02 1.70801E-01 2.13297E+00 6.22214E-01 6.22853E-01 6.22081E-01 6.28339E-01 2.13371E+00 1.70801E-01 3.21233E-02 4.23950E+00 
3.21233E-02 2.48772E-01 2.18728E+00 6.97832E-01 6.98503E-01 6.97762E-01 7.04115E-01 2.18803E+00 2.48772E-01 3.21233E-02 6.12542E+00 
3.21233E-02 3.19790E-01 2.23993E+00 7.67013E-01 7.67712E-01 7.66996E-01 7.73423E-01 2.24068E+00 3.19790E-01 3.21233E-02 7.87101E+00 
3.21233E-02 3.42458E-01 2.25722E+00 7.89142E-01 7.89849E-01 7.89140E-01 7.95590E-01 2.25797E+00 3.42458E-01 3.21233E-02 8.43409E+00 
3.21233E-02 4.63306E-01 2.35238E+00 9.07407E-01 9.08152E-01 9.07483E-01 9.14039E-01 2.35315E+00 4.63306E-01 3.21233E-02 1.14835E+01 
3.21233E-02 6.07355E-01 2.47070E+00 1.04885E+00 1.04964E+00 1.04901E+00 1.05568E+00 2.47147E+00 6.07355E-01 3.21233E-02 1.52162E+01 
3.21233E-02 7.77597E-01 2.61518E+00 1.21648E+00 1.21730E+00 1.21672E+00 1.22350E+00 2.61596E+00 7.77597E-01 3.21233E-02 1.97477E+01 
3.21233E-02 9.77343E-01 2.78917E+00 1.41359E+00 1.41446E+00 1.41392E+00 1.42082E+00 2.78996E+00 9.77343E-01 3.21233E-02 2.52037E+01 
1.89144E-01 1.19608E+00 2.98242E+00 1.62969E+00 1.63061E+00 1.63013E+00 1.63714E+00 2.98322E+00 1.19608E+00 1.89144E-01 3.15255E+01 
4.53011E-01 1.45057E+00 3.21136E+00 1.88154E+00 1.88250E+00 1.88208E+00 1.88921E+00 3.21216E+00 1.45057E+00 4.53011E-01 3.89529E+01 
7.60639E-01 1.74874E+00 3.48386E+00 2.17702E+00 2.17804E+00 2.17768E+00 2.18494E+00 3.48467E+00 1.74874E+00 7.60639E-01 4.76777E+01 
1.11736E+00 2.09592E+00 3.80530E+00 2.52150E+00 2.52256E+00 2.52227E+00 2.52966E+00 3.80612E+00 2.09592E+00 1.11736E+00 5.78670E+01 
1.52898E+00 2.49794E+00 4.18153E+00 2.92078E+00 2.92190E+00 2.92168E+00 2.92921E+00 4.18236E+00 2.49794E+00 1.52898E+00 6.96970E+01 
2.00181E+00 2.96110E+00 4.61891E+00 3.38120E+00 3.38237E+00 3.38224E+00 3.38990E+00 4.61974E+00 2.96110E+00 2.00181E+00 8.33506E+01 
2.54265E+00 3.49224E+00 5.12427E+00 3.90956E+00 3.91080E+00 3.91074E+00 3.91854E+00 5.12511E+00 3.49224E+00 2.54265E+00 9.90157E+01 
3.15880E+00 4.09864E+00 5.70494E+00 4.51318E+00 4.51448E+00 4.51452E+00 4.52246E+00 5.70579E+00 4.09864E+00 3.15880E+00 1.16883E+02 
3.85805E+00 4.78810E+00 6.36875E+00 5.19985E+00 5.20120E+00 5.20134E+00 5.20944E+00 6.36961E+00 4.78810E+00 3.85805E+00 1.37142E+02 
4.64862E+00 5.56887E+00 7.12396E+00 5.97781E+00 5.97923E+00 5.97947E+00 5.98772E+00 7.12483E+00 5.56887E+00 4.64862E+00 1.59982E+02 
5.53916E+00 6.44959E+00 7.97925E+00 6.85571E+00 6.85720E+00 6.85755E+00 6.86596E+00 7.98012E+00 6.44959E+00 5.53916E+00 1.85585E+02 
6.53868E+00 7.43929E+00 8.94365E+00 7.84259E+00 7.84415E+00 7.84462E+00 7.85319E+00 8.94454E+00 7.43929E+00 6.53868E+00 2.14123E+02 
7.65651E+00 8.54730E+00 1.00265E+01 8.94776E+00 8.94939E+00 8.94999E+00 8.95873E+00 1.00274E+01 8.54730E+00 7.65651E+00 2.45761E+02 
3.00831E-02 1.19457E-01 1.84276E+00 4.06830E-01 4.07406E-01 4.06477E-01 4.12768E-01 1.84351E+00 1.19457E-01 3.00831E-02 -9.61336E-01 
3.00831E-02 1.19457E-01 1.84436E+00 4.27495E-01 4.28103E-01 4.27201E-01 4.33582E-01 1.84512E+00 1.19457E-01 3.00831E-02 -3.16648E-01 
3.00831E-02 1.40842E-02 1.85389E+00 4.55960E-01 4.56602E-01 4.55729E-01 4.62200E-01 1.85465E+00 1.40842E-02 3.00831E-02 4.75517E-01 
3.00831E-02 5.33796E-02 1.87216E+00 4.93060E-01 4.93736E-01 4.92894E-01 4.99458E-01 1.87292E+00 5.33796E-02 3.00831E-02 1.42884E+00 
3.00831E-02 1.02943E-01 1.90053E+00 5.40402E-01 5.41113E-01 5.40304E-01 5.46964E-01 1.90131E+00 1.02943E-01 3.00831E-02 2.61503E+00 
3.00831E-02 1.64075E-01 1.94035E+00 5.99288E-01 6.00036E-01 5.99264E-01 6.06021E-01 1.94113E+00 1.64075E-01 3.00831E-02 4.08213E+00 
3.00831E-02 2.38213E-01 1.99307E+00 6.71158E-01 6.71944E-01 6.71211E-01 6.78069E-01 1.99386E+00 2.38213E-01 3.00831E-02 5.88469E+00 
3.00831E-02 3.05498E-01 2.04373E+00 7.36675E-01 7.37492E-01 7.36790E-01 7.43727E-01 2.04452E+00 3.05498E-01 3.00831E-02 7.54819E+00 
3.00831E-02 3.26935E-01 2.06029E+00 7.57592E-01 7.58418E-01 7.57726E-01 7.64687E-01 2.06109E+00 3.26935E-01 3.00831E-02 8.08385E+00 
3.00831E-02 4.40945E-01 2.15105E+00 8.69115E-01 8.69985E-01 8.69341E-01 8.76416E-01 2.15185E+00 4.40945E-01 3.00831E-02 1.09776E+01 
3.00831E-02 5.76350E-01 2.26316E+00 1.00201E+00 1.00293E+00 1.00234E+00 1.00953E+00 2.26397E+00 5.76350E-01 3.00831E-02 1.45054E+01 
3.00831E-02 7.35828E-01 2.39931E+00 1.15897E+00 1.15993E+00 1.15940E+00 1.16671E+00 2.40013E+00 7.35828E-01 3.00831E-02 1.87700E+01 
3.00831E-02 9.22336E-01 2.56250E+00 1.34294E+00 1.34395E+00 1.34348E+00 1.35091E+00 2.56333E+00 9.22336E-01 3.00831E-02 2.38828E+01 
1.76890E-01 1.12669E+00 2.74378E+00 1.54476E+00 1.54582E+00 1.54541E+00 1.55297E+00 2.74461E+00 1.12669E+00 1.76890E-01 2.97700E+01 
4.22802E-01 1.36371E+00 2.95767E+00 1.77923E+00 1.78035E+00 1.78001E+00 1.78770E+00 2.95851E+00 1.36371E+00 4.22802E-01 3.66564E+01 
7.08450E-01 1.64039E+00 3.21111E+00 2.05333E+00 2.05450E+00 2.05425E+00 2.06207E+00 3.21196E+00 1.64039E+00 7.08450E-01 4.47132E+01 
1.03851E+00 1.96141E+00 3.50882E+00 2.37174E+00 2.37297E+00 2.37280E+00 2.38076E+00 3.50967E+00 1.96141E+00 1.03851E+00 5.40842E+01 
1.41805E+00 2.33185E+00 3.85591E+00 2.73955E+00 2.74084E+00 2.74075E+00 2.74886E+00 3.85678E+00 2.33185E+00 1.41805E+00 6.49197E+01 
1.85256E+00 2.75719E+00 4.25790E+00 3.16224E+00 3.16360E+00 3.16361E+00 3.17186E+00 4.25878E+00 2.75719E+00 1.85256E+00 7.73743E+01 
2.34790E+00 3.24333E+00 4.72070E+00 3.64572E+00 3.64714E+00 3.64725E+00 3.65565E+00 4.72159E+00 3.24333E+00 2.34790E+00 9.16050E+01 
2.91036E+00 3.79655E+00 5.25062E+00 4.19625E+00 4.19774E+00 4.19796E+00 4.20652E+00 5.25152E+00 3.79655E+00 2.91036E+00 1.07770E+02 
3.54658E+00 4.42349E+00 5.85434E+00 4.82050E+00 4.82206E+00 4.82240E+00 4.83111E+00 5.85524E+00 4.42349E+00 3.54658E+00 1.26024E+02 
4.26354E+00 5.13115E+00 6.53886E+00 5.52546E+00 5.52710E+00 5.52756E+00 5.53644E+00 6.53977E+00 5.13115E+00 4.26354E+00 1.46519E+02 
5.06854E+00 5.92684E+00 7.31152E+00 6.31844E+00 6.32015E+00 6.32075E+00 6.32979E+00 7.31243E+00 5.92684E+00 5.06854E+00 1.69399E+02 
5.96912E+00 6.81811E+00 8.17988E+00 7.20698E+00 7.20877E+00 7.20952E+00 7.21873E+00 8.18080E+00 6.81811E+00 5.96912E+00 1.94800E+02 
6.97303E+00 7.81270E+00 9.15171E+00 8.19885E+00 8.20072E+00 8.20161E+00 8.21101E+00 9.15264E+00 7.81270E+00 6.97303E+00 2.22844E+02 
2.81532E-02 1.15054E-01 1.66520E+00 3.91555E-01 3.92236E-01 3.91279E-01 3.98072E-01 1.66599E+00 1.15054E-01 2.81532E-02 -9.21147E-01 
2.81532E-02 1.15054E-01 1.66847E+00 4.11957E-01 4.12674E-01 4.11752E-01 4.18641E-01 1.66927E+00 1.15054E-01 2.81532E-02 -2.97452E-01 
2.81532E-02 1.36876E-02 1.67921E+00 4.39710E-01 4.40465E-01 4.39579E-01 4.46565E-01 1.68001E+00 1.36876E-02 2.81532E-02 4.67980E-01 
2.81532E-02 5.16616E-02 1.69814E+00 4.75568E-01 4.76363E-01 4.75517E-01 4.82601E-01 1.69895E+00 5.16616E-02 2.81532E-02 1.38728E+00 
2.81532E-02 9.92524E-02 1.72655E+00 5.21019E-01 5.21854E-01 5.21050E-01 5.28236E-01 1.72737E+00 9.92524E-02 2.81532E-02 2.52842E+00 
2.81532E-02 1.57639E-01 1.76564E+00 5.77242E-01 5.78119E-01 5.77361E-01 5.84651E-01 1.76646E+00 1.57639E-01 2.81532E-02 3.93563E+00 
2.81532E-02 2.28119E-01 1.81673E+00 6.45539E-01 6.46459E-01 6.45750E-01 6.53147E-01 1.81756E+00 2.28119E-01 2.81532E-02 5.65882E+00 
2.81532E-02 2.91852E-01 1.86541E+00 7.07568E-01 7.08523E-01 7.07854E-01 7.15335E-01 1.86624E+00 2.91852E-01 2.81532E-02 7.24398E+00 
2.81532E-02 3.12118E-01 1.88126E+00 7.27334E-01 7.28299E-01 7.27642E-01 7.35149E-01 1.88210E+00 3.12118E-01 2.81532E-02 7.75347E+00 
2.81532E-02 4.19637E-01 1.96773E+00 8.32457E-01 8.33474E-01 8.32877E-01 8.40504E-01 1.96857E+00 4.19637E-01 2.81532E-02 1.04987E+01 
2.81532E-02 5.46857E-01 2.07385E+00 9.57263E-01 9.58332E-01 9.57800E-01 9.65552E-01 2.07470E+00 5.46857E-01 2.81532E-02 1.38310E+01 
2.81532E-02 6.96171E-01 2.20205E+00 1.10415E+00 1.10527E+00 1.10481E+00 1.11269E+00 2.20291E+00 6.96171E-01 2.81532E-02 1.78416E+01 
2.81532E-02 8.70210E-01 2.35498E+00 1.27574E+00 1.27692E+00 1.27653E+00 1.28454E+00 2.35585E+00 8.70210E-01 2.81532E-02 2.26286E+01 
1.65313E-01 1.06098E+00 2.52485E+00 1.46407E+00 1.46531E+00 1.46500E+00 1.47315E+00 2.52573E+00 1.06098E+00 1.65313E-01 2.81056E+01 
3.94314E-01 1.28155E+00 2.72448E+00 1.68219E+00 1.68349E+00 1.68327E+00 1.69155E+00 2.72536E+00 1.28155E+00 3.94314E-01 3.44834E+01 
6.59329E-01 1.53806E+00 2.95995E+00 1.93622E+00 1.93758E+00 1.93745E+00 1.94588E+00 2.96084E+00 1.53806E+00 6.59329E-01 4.19142E+01 
9.64441E-01 1.83460E+00 3.23538E+00 2.23025E+00 2.23167E+00 2.23165E+00 2.24022E+00 3.23628E+00 1.83460E+00 9.64441E-01 5.05210E+01 
1.31406E+00 2.17559E+00 3.55523E+00 2.56870E+00 2.57020E+00 2.57028E+00 2.57900E+00 3.55614E+00 2.17559E+00 1.31406E+00 6.04312E+01 
1.71293E+00 2.56577E+00 3.92426E+00 2.95633E+00 2.95790E+00 2.95810E+00 2.96698E+00 3.92518E+00 2.56577E+00 1.71293E+00 7.17744E+01 
2.16610E+00 3.01021E+00 4.34757E+00 3.39821E+00 3.39985E+00 3.40017E+00 3.40921E+00 4.34850E+00 3.01021E+00 2.16610E+00 8.46809E+01 
2.67894E+00 3.51428E+00 4.83055E+00 3.89970E+00 3.90142E+00 3.90187E+00 3.91107E+00 4.83148E+00 3.51428E+00 2.67894E+00 9.92797E+01 
3.25708E+00 4.08362E+00 5.37886E+00 4.46645E+00 4.46825E+00 4.46884E+00 4.47822E+00 5.37980E+00 4.08362E+00 3.25708E+00 1.15696E+02 
3.90644E+00 4.72416E+00 5.99844E+00 5.10438E+00 5.10627E+00 5.10701E+00 5.11656E+00 5.99939E+00 4.72416E+00 3.90644E+00 1.34051E+02 
4.63310E+00 5.44199E+00 6.69542E+00 5.81961E+00 5.82157E+00 5.82248E+00 5.83220E+00 6.69638E+00 5.44199E+00 4.63310E+00 1.54457E+02 
5.44336E+00 6.24341E+00 7.47609E+00 6.61841E+00 6.62046E+00 6.62154E+00 6.63145E+00 7.47706E+00 6.24341E+00 5.44336E+00 1.77016E+02 
6.34359E+00 7.13480E+00 8.34687E+00 7.50717E+00 7.50932E+00 7.51057E+00 7.52067E+00 8.34785E+00 7.13480E+00 6.34359E+00 2.01820E+02 
2.63277E-02 1.10828E-01 1.50452E+00 3.76835E-01 3.77638E-01 3.76665E-01 3.83995E-01 1.50535E+00 1.10828E-01 2.63277E-02 -8.82774E-01 
2.63277E-02 1.10828E-01 1.50928E+00 3.96986E-01 3.97831E-01 3.96902E-01 4.04333E-01 1.51012E+00 1.10828E-01 2.63277E-02 -2.78024E-01 
2.63277E-02 1.33064E-02 1.52107E+00 4.24054E-01 4.24943E-01 4.24060E-01 4.31594E-01 1.52191E+00 1.33064E-02 2.63277E-02 4.62813E-01 
2.63277E-02 5.00106E-02 1.54053E+00 4.58721E-01 4.59655E-01 4.58821E-01 4.66461E-01 1.54138E+00 5.00106E-02 2.63277E-02 1.35036E+00 
2.63277E-02 9.57093E-02 1.56886E+00 5.02359E-01 5.03339E-01 5.02559E-01 5.10306E-01 1.56972E+00 9.57093E-02 2.63277E-02 2.44899E+00 
2.63277E-02 1.51468E-01 1.60715E+00 5.56035E-01 5.57063E-01 5.56339E-01 5.64197E-01 1.60801E+00 1.51468E-01 2.63277E-02 3.79933E+00 
2.63277E-02 2.18458E-01 1.65658E+00 6.20921E-01 6.21999E-01 6.21336E-01 6.29307E-01 1.65745E+00 2.18458E-01 2.63277E-02 5.44682E+00 
2.63277E-02 2.78807E-01 1.70329E+00 6.79630E-01 6.80747E-01 6.80134E-01 6.88195E-01 1.70417E+00 2.78807E-01 2.63277E-02 6.95715E+00 
2.63277E-02 2.97959E-01 1.71845E+00 6.98301E-01 6.99430E-01 6.98831E-01 7.06919E-01 1.71933E+00 2.97959E-01 2.63277E-02 7.44163E+00 
2.63277E-02 3.99315E-01 1.80075E+00 7.97351E-01 7.98537E-01 7.98013E-01 8.06230E-01 1.80163E+00 3.99315E-01 2.63277E-02 1.00449E+01 
2.63277E-02 5.18785E-01 1.90111E+00 9.14497E-01 9.15743E-01 9.15299E-01 9.23647E-01 1.90201E+00 5.18785E-01 2.63277E-02 1.31907E+01 
2.63277E-02 6.58500E-01 2.02171E+00 1.05187E+00 1.05318E+00 1.05282E+00 1.06131E+00 2.02261E+00 6.58500E-01 2.63277E-02 1.69596E+01 
2.63277E-02 8.20796E-01 2.16489E+00 1.21181E+00 1.21319E+00 1.21292E+00 1.22154E+00 2.16580E+00 8.20796E-01 2.63277E-02 2.14373E+01 
1.54376E-01 9.98740E-01 2.32392E+00 1.38741E+00 1.38885E+00 1.38868E+00 1.39745E+00 2.32483E+00 9.98740E-01 1.54376E-01 2.65274E+01 
3.67455E-01 1.20383E+00 2.51003E+00 1.59014E+00 1.59164E+00 1.59158E+00 1.60049E+00 2.51096E+00 1.20383E+00 3.67455E-01 3.24270E+01 
6.13107E-01 1.44142E+00 2.72856E+00 1.82533E+00 1.82691E+00 1.82696E+00 1.83602E+00 2.72950E+00 1.44142E+00 6.13107E-01 3.92714E+01 
8.94888E-01 1.71506E+00 2.98310E+00 2.09656E+00 2.09822E+00 2.09839E+00 2.10761E+00 2.98404E+00 1.71506E+00 8.94888E-01 4.71651E+01 
1.21661E+00 2.02860E+00 3.27749E+00 2.40766E+00 2.40939E+00 2.40969E+00 2.41908E+00 3.27845E+00 2.02860E+00 1.21661E+00 5.62151E+01 
1.58237E+00 2.38611E+00 3.61586E+00 2.76272E+00 2.76453E+00 2.76497E+00 2.77452E+00 3.61682E+00 2.38611E+00 1.58237E+00 6.65291E+01 
1.99647E+00 2.79193E+00 4.00254E+00 3.16607E+00 3.16797E+00 3.16855E+00 3.17827E+00 4.00351E+00 2.79193E+00 1.99647E+00 7.82140E+01 
2.46348E+00 3.25062E+00 4.44213E+00 3.62228E+00 3.62426E+00 3.62501E+00 3.63490E+00 4.44311E+00 3.25062E+00 2.46348E+00 9.13742E+01 
2.98817E+00 3.76696E+00 4.93942E+00 4.13613E+00 4.13820E+00 4.13911E+00 4.14918E+00 4.94041E+00 3.76696E+00 2.98817E+00 1.06110E+02 
3.57548E+00 4.34590E+00 5.49938E+00 4.71256E+00 4.71473E+00 4.71582E+00 4.72608E+00 5.50038E+00 4.34590E+00 3.57548E+00 1.22514E+02 
4.23048E+00 4.99253E+00 6.12712E+00 5.35668E+00 5.35894E+00 5.36021E+00 5.37066E+00 6.12812E+00 4.99253E+00 4.23048E+00 1.40674E+02 
4.95836E+00 5.71202E+00 6.82783E+00 6.07365E+00 6.07601E+00 6.07749E+00 6.08814E+00 6.82884E+00 5.71202E+00 4.95836E+00 1.60664E+02 
5.76434E+00 6.50961E+00 7.60674E+00 6.86872E+00 6.87118E+00 6.87287E+00 6.88372E+00 7.60777E+00 6.50961E+00 5.76434E+00 1.82550E+02 
2.46014E-02 1.06765E-01 1.35910E+00 3.62655E-01 3.63602E-01 3.62629E-01 3.70531E-01 1.35997E+00 1.06765E-01 2.46014E-02 -8.45766E-01 
2.46014E-02 1.06765E-01 1.36520E+00 3.82565E-01 3.83561E-01 3.82643E-01 3.90652E-01 1.36608E+00 1.06765E-01 2.46014E-02 -2.58078E-01 
2.46014E-02 1.29385E-02 1.37788E+00 4.08973E-01 4.10019E-01 4.09158E-01 4.17277E-01 1.37877E+00 1.29385E-02 2.46014E-02 4.60117E-01 
2.46014E-02 4.84196E-02 1.39775E+00 4.42493E-01 4.43589E-01 4.42790E-01 4.51021E-01 1.39864E+00 4.84196E-02 2.46014E-02 1.31797E+00 
2.46014E-02 9.23005E-02 1.42591E+00 4.84390E-01 4.85539E-01 4.84806E-01 4.93150E-01 1.42681E+00 9.23005E-02 2.46014E-02 2.37644E+00 
2.46014E-02 1.45542E-01 1.46333E+00 5.35626E-01 5.36830E-01 5.36166E-01 5.44629E-01 1.46423E+00 1.45542E-01 2.46014E-02 3.67264E+00 
2.46014E-02 2.09197E-01 1.51108E+00 5.97256E-01 5.98517E-01 5.97928E-01 6.06511E-01 1.51200E+00 2.09197E-01 2.46014E-02 5.24781E+00 
2.46014E-02 2.66322E-01 1.55586E+00 6.52803E-01 6.54108E-01 6.53581E-01 6.62259E-01 1.55678E+00 2.66322E-01 2.46014E-02 6.68657E+00 
2.46014E-02 2.84415E-01 1.57034E+00 6.70432E-01 6.71751E-01 6.71242E-01 6.79948E-01 1.57126E+00 2.84415E-01 2.46014E-02 7.14713E+00 
2.46014E-02 3.79919E-01 1.64858E+00 7.63716E-01 7.65100E-01 7.64682E-01 7.73525E-01 1.64951E+00 3.79919E-01 2.46014E-02 9.61469E+00 
2.46014E-02 4.92049E-01 1.74342E+00 8.73609E-01 8.75062E-01 8.74741E-01 8.83725E-01 1.74435E+00 4.92049E-01 2.46014E-02 1.25824E+01 
2.46014E-02 6.22701E-01 1.85675E+00 1.00201E+00 1.00353E+00 1.00331E+00 1.01244E+00 1.85770E+00 6.22701E-01 2.46014E-02 1.61210E+01 
2.46014E-02 7.73938E-01 1.99068E+00 1.15098E+00 1.15258E+00 1.15247E+00 1.16175E+00 1.99163E+00 7.73938E-01 2.46014E-02 2.03053E+01 
1.44047E-01 9.39782E-01 2.13939E+00 1.31457E+00 1.31624E+00 1.31625E+00 1.32568E+00 2.14035E+00 9.39782E-01 1.44047E-01 2.50303E+01 
3.42137E-01 1.13029E+00 2.31272E+00 1.50280E+00 1.50455E+00 1.50469E+00 1.51427E+00 2.31369E+00 1.13029E+00 3.42137E-01 3.04807E+01 
5.69627E-01 1.35013E+00 2.51530E+00 1.72034E+00 1.72216E+00 1.72244E+00 1.73218E+00 2.51628E+00 1.35013E+00 5.69627E-01 3.67762E+01 
8.29596E-01 1.60238E+00 2.75024E+00 1.97027E+00 1.97218E+00 1.97260E+00 1.98251E+00 2.75123E+00 1.60238E+00 8.29596E-01 4.40049E+01 
1.12533E+00 1.89034E+00 3.02087E+00 2.25589E+00 2.25789E+00 2.25846E+00 2.26854E+00 3.02187E+00 1.89034E+00 1.12533E+00 5.22558E+01 
1.46033E+00 2.21752E+00 3.33071E+00 2.58070E+00 2.58279E+00 2.58354E+00 2.59379E+00 3.33172E+00 2.21752E+00 1.46033E+00 6.16176E+01 
1.83827E+00 2.58760E+00 3.68345E+00 2.94841E+00 2.95059E+00 2.95151E+00 2.96195E+00 3.68447E+00 2.58760E+00 1.83827E+00 7.21769E+01 
2.26300E+00 3.00443E+00 4.08298E+00 3.36285E+00 3.36513E+00 3.36624E+00 3.37686E+00 4.08401E+00 3.00443E+00 2.26300E+00 8.40168E+01 
2.73851E+00 3.47203E+00 4.53333E+00 3.82805E+00 3.83043E+00 3.83173E+00 3.84255E+00 4.53436E+00 3.47203E+00 2.73851E+00 9.72156E+01 
3.26893E+00 3.99450E+00 5.03862E+00 4.34812E+00 4.35060E+00 4.35211E+00 4.36313E+00 5.03966E+00 3.99450E+00 3.26893E+00 1.11845E+02 
3.85845E+00 4.57606E+00 5.60306E+00 4.92726E+00 4.92985E+00 4.93159E+00 4.94281E+00 5.60412E+00 4.57606E+00 3.85845E+00 1.27968E+02 
4.51129E+00 5.22094E+00 6.23092E+00 5.56971E+00 5.57242E+00 5.57439E+00 5.58582E+00 6.23199E+00 5.22094E+00 4.51129E+00 1.45640E+02 
5.23167E+00 5.93335E+00 6.92643E+00 6.27970E+00 6.28252E+00 6.28474E+00 6.29639E+00 6.92750E+00 5.93335E+00 5.23167E+00 1.64903E+02 
2.29690E-02 1.02849E-01 1.22751E+00 3.49004E-01 3.50122E-01 3.49169E-01 3.57680E-01 1.22843E+00 1.02849E-01 2.29690E-02 -8.09655E-01 
2.29690E-02 1.02849E-01 1.23479E+00 3.68679E-01 3.69852E-01 3.68967E-01 3.77593E-01 1.23571E+00 1.02849E-01 2.29690E-02 -2.37302E-01 
2.29690E-02 1.25822E-02 1.24824E+00 3.94447E-01 3.95676E-01 3.94863E-01 4.03604E-01 1.24917E+00 1.25822E-02 2.29690E-02 4.60029E-01 
2.29690E-02 4.68820E-02 1.26840E+00 4.26859E-01 4.28146E-01 4.27409E-01 4.36268E-01 1.26934E+00 4.68820E-02 2.29690E-02 1.29006E+00 
2.29690E-02 8.90136E-02 1.29630E+00 4.67081E-01 4.68428E-01 4.67771E-01 4.76752E-01 1.29724E+00 8.90136E-02 2.29690E-02 2.31047E+00 
2.29690E-02 1.39841E-01 1.33280E+00 5.15978E-01 5.17388E-01 5.16817E-01 5.25922E-01 1.33375E+00 1.39841E-01 2.29690E-02 3.55505E+00 
2.29690E-02 2.00309E-01 1.37887E+00 5.74498E-01 5.75972E-01 5.75493E-01 5.84726E-01 1.37983E+00 2.00309E-01 2.29690E-02 5.06103E+00 
2.29690E-02 2.54361E-01 1.42174E+00 6.27031E-01 6.28557E-01 6.28151E-01 6.37485E-01 1.42270E+00 2.54361E-01 2.29690E-02 6.43124E+00 
2.29690E-02 2.71446E-01 1.43555E+00 6.43670E-01 6.45210E-01 6.44827E-01 6.54191E-01 1.43652E+00 2.71446E-01 2.29690E-02 6.86888E+00 
2.29690E-02 3.61390E-01 1.50986E+00 7.31478E-01 7.33092E-01 7.32820E-01 7.42330E-01 1.51084E+00 3.61390E-01 2.29690E-02 9.20654E+00 
2.29690E-02 4.66571E-01 1.59938E+00 8.34507E-01 8.36198E-01 8.36044E-01 8.45702E-01 1.60036E+00 4.66571E-01 2.29690E-02 1.20042E+01 
2.29690E-02 5.88664E-01 1.70579E+00 9.54434E-01 9.56204E-01 9.56176E-01 9.65987E-01 1.70678E+00 5.88664E-01 2.29690E-02 1.53236E+01 
2.29690E-02 7.29490E-01 1.83094E+00 1.09308E+00 1.09493E+00 1.09504E+00 1.10501E+00 1.83194E+00 7.29490E-01 2.29690E-02 1.92293E+01 
1.34293E-01 8.83916E-01 1.96985E+00 1.24534E+00 1.24727E+00 1.24752E+00 1.25765E+00 1.97086E+00 8.83916E-01 1.34293E-01 2.36100E+01 
3.18278E-01 1.06071E+00 2.13107E+00 1.41994E+00 1.42196E+00 1.42236E+00 1.43266E+00 2.13209E+00 1.06071E+00 3.18278E-01 2.86385E+01 
5.28738E-01 1.26390E+00 2.31864E+00 1.62092E+00 1.62304E+00 1.62360E+00 1.63407E+00 2.31967E+00 1.26390E+00 5.28738E-01 3.44204E+01 
7.68328E-01 1.49617E+00 2.53523E+00 1.85095E+00 1.85316E+00 1.85390E+00 1.86454E+00 2.53627E+00 1.49617E+00 7.68328E-01 4.10294E+01 
1.03986E+00 1.76033E+00 2.78369E+00 2.11286E+00 2.11516E+00 2.11608E+00 2.12691E+00 2.78474E+00 1.76033E+00 1.03986E+00 4.85387E+01 
1.34632E+00 2.05936E+00 3.06701E+00 2.40962E+00 2.41203E+00 2.41315E+00 2.42416E+00 3.06807E+00 2.05936E+00 1.34632E+00 5.70204E+01 
1.69080E+00 2.39638E+00 3.38833E+00 2.74436E+00 2.74687E+00 2.74820E+00 2.75940E+00 3.38940E+00 2.39638E+00 1.69080E+00 6.65435E+01 
2.07655E+00 2.77463E+00 3.75091E+00 3.12031E+00 3.12293E+00 3.12448E+00 3.13588E+00 3.75199E+00 2.77463E+00 2.07655E+00 7.71734E+01 
2.50688E+00 3.19744E+00 4.15809E+00 3.54081E+00 3.54355E+00 3.54533E+00 3.55694E+00 4.15918E+00 3.19744E+00 2.50688E+00 8.89696E+01 
2.98519E+00 3.66821E+00 4.61330E+00 4.00927E+00 4.01212E+00 4.01415E+00 4.02597E+00 4.61439E+00 3.66821E+00 2.98519E+00 1.01986E+02 
3.51491E+00 4.19038E+00 5.11996E+00 4.52912E+00 4.53208E+00 4.53438E+00 4.54642E+00 5.12106E+00 4.19038E+00 3.51491E+00 1.16266E+02 
4.09946E+00 4.76737E+00 5.68153E+00 5.10377E+00 5.10687E+00 5.10944E+00 5.12170E+00 5.68264E+00 4.76737E+00 4.09946E+00 1.31848E+02 
4.74221E+00 5.40255E+00 6.30140E+00 5.73662E+00 5.73984E+00 5.74271E+00 5.75520E+00 6.30252E+00 5.40255E+00 4.74221E+00 1.48757E+02 
2.14259E-02 9.90691E-02 1.10844E+00 3.35872E-01 3.37190E-01 3.36283E-01 3.45441E-01 1.10941E+00 9.90691E-02 2.14259E-02 -7.73956E-01 
2.14259E-02 9.90691E-02 1.11676E+00 3.55314E-01 3.56695E-01 3.55872E-01 3.65151E-01 1.11773E+00 9.90691E-02 2.14259E-02 -2.15354E-01 
2.14259E-02 1.22357E-02 1.13086E+00 3.80457E-01 3.81902E-01 3.81167E-01 3.90568E-01 1.13184E+00 1.22357E-02 2.14259E-02 4.62726E-01 
2.14259E-02 4.53917E-02 1.15121E+00 4.11797E-01 4.13308E-01 4.12665E-01 4.22192E-01 1.15220E+00 4.53917E-02 2.14259E-02 1.26663E+00 
2.14259E-02 8.58375E-02 1.17876E+00 4.50406E-01 4.51985E-01 4.51441E-01 4.61096E-01 1.17975E+00 8.58375E-02 2.14259E-02 2.25090E+00 
2.14259E-02 1.34348E-01 1.21429E+00 4.97059E-01 4.98709E-01 4.98270E-01 5.08057E-01 1.21530E+00 1.34348E-01 2.14259E-02 3.44614E+00 
2.14259E-02 1.91768E-01 1.25867E+00 5.52606E-01 5.54328E-01 5.54000E-01 5.63922E-01 1.25968E+00 1.91768E-01 2.14259E-02 4.88581E+00 
2.14259E-02 2.42891E-01 1.29967E+00 6.02267E-01 6.04047E-01 6.03809E-01 6.13838E-01 1.30069E+00 2.42891E-01 2.14259E-02 6.19026E+00 
2.14259E-02 2.59015E-01 1.31283E+00 6.17962E-01 6.19760E-01 6.19549E-01 6.29610E-01 1.31385E+00 2.59015E-01 2.14259E-02 6.60593E+00 
2.14259E-02 3.43678E-01 1.38333E+00 7.00570E-01 7.02451E-01 7.02375E-01 7.12590E-01 1.38436E+00 3.43678E-01 2.14259E-02 8.81918E+00 
2.14259E-02 4.42277E-01 1.46774E+00 7.97100E-01 7.99068E-01 7.99134E-01 8.09507E-01 1.46878E+00 4.42277E-01 2.14259E-02 1.14543E+01 
2.14259E-02 5.56291E-01 1.56756E+00 9.09031E-01 9.11088E-01 9.11306E-01 9.21841E-01 1.56860E+00 5.56291E-01 2.14259E-02 1.45649E+01 
2.14259E-02 6.87317E-01 1.68438E+00 1.03796E+00 1.04011E+00 1.04049E+00 1.05119E+00 1.68543E+00 6.87317E-01 2.14259E-02 1.82063E+01 
1.25085E-01 8.30973E-01 1.81398E+00 1.17953E+00 1.18178E+00 1.18233E+00 1.19320E+00 1.81504E+00 8.30973E-01 1.25085E-01 2.22624E+01 
2.95802E-01 9.94860E-01 1.96377E+00 1.34131E+00 1.34366E+00 1.34439E+00 1.35544E+00 1.96484E+00 9.94860E-01 2.95802E-01 2.68948E+01 
4.90302E-01 1.18246E+00 2.13722E+00 1.52679E+00 1.52923E+00 1.53016E+00 1.54139E+00 2.13830E+00 1.18246E+00 4.90302E-01 3.21966E+01 
7.10860E-01 1.39607E+00 2.33662E+00 1.73824E+00 1.74079E+00 1.74193E+00 1.75334E+00 2.33771E+00 1.39607E+00 7.10860E-01 3.82285E+01 
9.59875E-01 1.63808E+00 2.56441E+00 1.97809E+00 1.98075E+00 1.98210E+00 1.99371E+00 2.56550E+00 1.63808E+00 9.59875E-01 4.50502E+01 
1.23986E+00 1.91101E+00 2.82311E+00 2.24884E+00 2.25162E+00 2.25320E+00 2.26501E+00 2.82422E+00 1.91101E+00 1.23986E+00 5.27192E+01 
1.55343E+00 2.21749E+00 3.11537E+00 2.55313E+00 2.55602E+00 2.55785E+00 2.56986E+00 3.11648E+00 2.21749E+00 1.55343E+00 6.12898E+01 
1.90326E+00 2.56021E+00 3.44389E+00 2.89364E+00 2.89665E+00 2.89874E+00 2.91097E+00 3.44501E+00 2.56021E+00 1.90326E+00 7.08119E+01 
2.29211E+00 2.94191E+00 3.81143E+00 3.27312E+00 3.27626E+00 3.27862E+00 3.29107E+00 3.81256E+00 2.94191E+00 2.29211E+00 8.13298E+01 
2.72274E+00 3.36538E+00 4.22080E+00 3.69437E+00 3.69764E+00 3.70029E+00 3.71297E+00 4.22194E+00 3.36538E+00 2.72274E+00 9.28815E+01 
3.19793E+00 3.83340E+00 4.67477E+00 4.16015E+00 4.16355E+00 4.16652E+00 4.17942E+00 4.67592E+00 3.83340E+00 3.19793E+00 1.05497E+02 
3.72041E+00 4.34869E+00 5.17609E+00 4.67321E+00 4.67674E+00 4.68004E+00 4.69318E+00 5.17725E+00 4.34869E+00 3.72041E+00 1.19199E+02 
4.29282E+00 4.91392E+00 5.72744E+00 5.23620E+00 5.23987E+00 5.24351E+00 5.25690E+00 5.72861E+00 4.91392E+00 4.29282E+00 1.33999E+02 
1.99674E-02 9.54123E-02 1.00070E+00 3.23248E-01 3.24801E-01 3.23973E-01 3.33816E-01 1.00172E+00 9.54123E-02 1.99674E-02 -7.38153E-01 
1.99674E-02 9.54123E-02 1.00994E+00 3.42456E-01 3.44080E-01 3.43354E-01 3.53325E-01 1.01096E+00 9.54123E-02 1.99674E-02 -1.91857E-01 
1.99674E-02 1.18975E-02 1.02457E+00 3.66987E-01 3.68684E-01 3.68066E-01 3.78166E-01 1.02560E+00 1.18975E-02 1.99674E-02 4.68429E-01 
1.99674E-02 4.39433E-02 1.04501E+00 3.97287E-01 3.99058E-01 3.98553E-01 4.08785E-01 1.04605E+00 4.39433E-02 1.99674E-02 1.24773E+00 
1.99674E-02 8.27620E-02 1.07215E+00 4.34339E-01 4.36188E-01 4.35802E-01 4.46170E-01 1.07320E+00 8.27620E-02 1.99674E-02 2.19758E+00 
1.99674E-02 1.29046E-01 1.10668E+00 4.78838E-01 4.80767E-01 4.80508E-01 4.91015E-01 1.10774E+00 1.29046E-01 1.99674E-02 3.34555E+00 
1.99674E-02 1.83551E-01 1.14937E+00 5.31540E-01 5.33551E-01 5.33427E-01 5.44077E-01 1.15043E+00 1.83551E-01 1.99674E-02 4.72154E+00 
1.99674E-02 2.31878E-01 1.18853E+00 5.78463E-01 5.80539E-01 5.80524E-01 5.91288E-01 1.18960E+00 2.31878E-01 1.99674E-02 5.96286E+00 
1.99674E-02 2.47088E-01 1.20105E+00 5.93261E-01 5.95356E-01 5.95374E-01 6.06171E-01 1.20212E+00 2.47088E-01 1.99674E-02 6.35745E+00 
1.99674E-02 3.26733E-01 1.26787E+00 6.70930E-01 6.73120E-01 6.73300E-01 6.84260E-01 1.26895E+00 3.26733E-01 1.99674E-02 8.45142E+00 
1.99674E-02 4.19100E-01 1.34738E+00 7.61308E-01 7.63595E-01 7.63946E-01 7.75074E-01 1.34847E+00 4.19100E-01 1.99674E-02 1.09312E+01 
1.99674E-02 5.25488E-01 1.44091E+00 8.65693E-01 8.68081E-01 8.68614E-01 8.79914E-01 1.44200E+00 5.25488E-01 1.99674E-02 1.38428E+01 
1.99674E-02 6.47291E-01 1.54984E+00 9.85484E-01 9.87975E-01 9.88700E-01 1.00018E+00 1.55095E+00 6.47291E-01 1.99674E-02 1.72334E+01 
1.16395E-01 7.80791E-01 1.67061E+00 1.11698E+00 1.11958E+00 1.12050E+00 1.13216E+00 1.67172E+00 7.80791E-01 1.16395E-01 2.09836E+01 
2.74636E-01 9.32546E-01 1.80959E+00 1.26671E+00 1.26942E+00 1.27056E+00 1.28241E+00 1.81072E+00 9.32546E-01 2.74636E-01 2.52444E+01 
4.54186E-01 1.10555E+00 1.96977E+00 1.43767E+00 1.44049E+00 1.44186E+00 1.45390E+00 1.97090E+00 1.10555E+00 4.54186E-01 3.00976E+01 
6.56982E-01 1.30174E+00 2.15309E+00 1.63179E+00 1.63473E+00 1.63635E+00 1.64859E+00 2.15423E+00 1.30174E+00 6.56982E-01 3.55926E+01 
8.85052E-01 1.52315E+00 2.36162E+00 1.85113E+00 1.85419E+00 1.85607E+00 1.86851E+00 2.36277E+00 1.52315E+00 8.85052E-01 4.17772E+01 
1.14051E+00 1.77191E+00 2.59749E+00 2.09779E+00 2.10098E+00 2.10314E+00 2.11579E+00 2.59865E+00 1.77191E+00 1.14051E+00 4.86967E+01 
1.42552E+00 2.05019E+00 2.86288E+00 2.37396E+00 2.37728E+00 2.37973E+00 2.39260E+00 2.86405E+00 2.05019E+00 1.42552E+00 5.63926E+01 
1.74230E+00 2.36021E+00 3.16004E+00 2.68187E+00 2.68532E+00 2.68807E+00 2.70117E+00 3.16121E+00 2.36021E+00 1.74230E+00 6.49021E+01 
2.09310E+00 2.70423E+00 3.49122E+00 3.02375E+00 3.02734E+00 3.03041E+00 3.04375E+00 3.49240E+00 2.70423E+00 2.09310E+00 7.42566E+01 
2.48015E+00 3.08448E+00 3.85868E+00 3.40186E+00 3.40559E+00 3.40901E+00 3.42259E+00 3.85987E+00 3.08448E+00 2.48015E+00 8.44817E+01 
2.90567E+00 3.50317E+00 4.26465E+00 3.81842E+00 3.82229E+00 3.82607E+00 3.83990E+00 4.26585E+00 3.50317E+00 2.90567E+00 9.55956E+01 
3.37179E+00 3.96247E+00 4.71130E+00 4.27557E+00 4.27960E+00 4.28375E+00 4.29784E+00 4.71250E+00 3.96247E+00 3.37179E+00 1.07609E+02 
3.88058E+00 4.46443E+00 5.20068E+00 4.77538E+00 4.77956E+00 4.78412E+00 4.79846E+00 5.20189E+00 4.46443E+00 3.88058E+00 1.20524E+02 
1.85895E-02 9.18683E-02 9.03222E-01 3.11124E-01 3.12952E-01 3.12243E-01 3.22809E-01 9.04289E-01 9.18683E-02 1.85895E-02 -7.01692E-01 
1.85895E-02 9.18683E-02 9.13255E-01 3.30093E-01 3.32002E-01 3.31418E-01 3.42117E-01 9.14330E-01 9.18683E-02 1.85895E-02 -1.66393E-01 
1.85895E-02 1.15663E-02 9.28310E-01 3.54023E-01 3.56014E-01 3.55560E-01 3.66397E-01 9.29393E-01 1.15663E-02 1.85895E-02 4.77403E-01 
1.85895E-02 4.25319E-02 9.48769E-01 3.83309E-01 3.85385E-01 3.85069E-01 3.96044E-01 9.49860E-01 4.25319E-02 1.85895E-02 1.23346E+00 
1.85895E-02 7.97780E-02 9.75432E-01 4.18858E-01 4.21020E-01 4.20849E-01 4.31968E-01 9.76530E-01 7.97780E-02 1.85895E-02 2.15042E+00 
1.85895E-02 1.23922E-01 1.00893E+00 4.61286E-01 4.63539E-01 4.63521E-01 4.74787E-01 1.01003E+00 1.23922E-01 1.85895E-02 3.25301E+00 
1.85895E-02 1.75634E-01 1.04994E+00 5.11267E-01 5.13612E-01 5.13756E-01 5.25173E-01 1.05105E+00 1.75634E-01 1.85895E-02 4.56774E+00 
1.85895E-02 2.21295E-01 1.08729E+00 5.55578E-01 5.57997E-01 5.58272E-01 5.69809E-01 1.08841E+00 2.21295E-01 1.85895E-02 5.74835E+00 
1.85895E-02 2.35635E-01 1.09919E+00 5.69521E-01 5.71962E-01 5.72276E-01 5.83849E-01 1.10032E+00 2.35635E-01 1.85895E-02 6.12266E+00 
1.85895E-02 3.10511E-01 1.16245E+00 6.42500E-01 6.45047E-01 6.45555E-01 6.57300E-01 1.16358E+00 3.10511E-01 1.85895E-02 8.10220E+00 
1.85895E-02 3.96976E-01 1.23727E+00 7.27054E-01 7.29711E-01 7.30424E-01 7.42347E-01 1.23841E+00 3.96976E-01 1.85895E-02 1.04334E+01 
1.85895E-02 4.96166E-01 1.32480E+00 8.24321E-01 8.27090E-01 8.28021E-01 8.40126E-01 1.32595E+00 4.96166E-01 1.85895E-02 1.31555E+01 
1.85895E-02 6.09293E-01 1.42627E+00 9.35514E-01 9.38400E-01 9.39559E-01 9.51851E-01 1.42743E+00 6.09293E-01 1.85895E-02 1.63080E+01 
1.08197E-01 7.33219E-01 1.53866E+00 1.05751E+00 1.06052E+00 1.06192E+00 1.07440E+00 1.53983E+00 7.33219E-01 1.08197E-01 1.97701E+01 
2.54712E-01 8.73573E-01 1.66744E+00 1.19593E+00 1.19905E+00 1.20071E+00 1.21339E+00 1.66862E+00 8.73573E-01 2.54712E-01 2.36825E+01 
4.20265E-01 1.03290E+00 1.81515E+00 1.35329E+00 1.35655E+00 1.35848E+00 1.37137E+00 1.81633E+00 1.03290E+00 4.20265E-01 2.81168E+01 
6.06494E-01 1.21286E+00 1.98344E+00 1.53127E+00 1.53465E+00 1.53687E+00 1.54997E+00 1.98464E+00 1.21286E+00 6.06494E-01 3.31127E+01 
8.15101E-01 1.41514E+00 2.17405E+00 1.73155E+00 1.73507E+00 1.73760E+00 1.75092E+00 2.17525E+00 1.41514E+00 8.15101E-01 3.87078E+01 
1.04784E+00 1.64152E+00 2.38874E+00 1.95592E+00 1.95958E+00 1.96243E+00 1.97598E+00 2.38995E+00 1.64152E+00 1.04784E+00 4.49368E+01 
1.30650E+00 1.89379E+00 2.62933E+00 2.20616E+00 2.20996E+00 2.21316E+00 2.22694E+00 2.63054E+00 1.89379E+00 1.30650E+00 5.18306E+01 
1.59290E+00 2.17376E+00 2.89764E+00 2.48410E+00 2.48805E+00 2.49160E+00 2.50563E+00 2.89886E+00 2.17376E+00 1.59290E+00 5.94157E+01 
1.90884E+00 2.48325E+00 3.19549E+00 2.79154E+00 2.79564E+00 2.79957E+00 2.81385E+00 3.19673E+00 2.48325E+00 1.90884E+00 6.77131E+01 
2.25610E+00 2.82404E+00 3.52470E+00 3.13028E+00 3.13455E+00 3.13888E+00 3.15341E+00 3.52594E+00 2.82404E+00 2.25610E+00 7.67383E+01 
2.63642E+00 3.19788E+00 3.88700E+00 3.50207E+00 3.50649E+00 3.51124E+00 3.52604E+00 3.88825E+00 3.19788E+00 2.63642E+00 8.65000E+01 
3.05145E+00 3.60643E+00 4.28408E+00 3.90855E+00 3.91314E+00 3.91833E+00 3.93340E+00 4.28533E+00 3.60643E+00 3.05145E+00 9.70002E+01 
3.50275E+00 4.05124E+00 4.71748E+00 4.35130E+00 4.35605E+00 4.36171E+00 4.37707E+00 4.71874E+00 4.05124E+00 3.50275E+00 1.08234E+02 
1.72880E-02 8.84276E-02 8.15033E-01 2.99491E-01 3.01641E-01 3.01103E-01 3.12427E-01 8.16155E-01 8.84276E-02 1.72880E-02 -6.63976E-01 
1.72880E-02 8.84276E-02 8.25751E-01 3.18214E-01 3.20455E-01 3.20068E-01 3.31533E-01 8.26882E-01 8.84276E-02 1.72880E-02 -1.38497E-01 
1.72880E-02 1.12406E-02 8.41137E-01 3.41549E-01 3.43883E-01 3.43654E-01 3.55263E-01 8.42275E-01 1.12406E-02 1.72880E-02 4.89964E-01 
1.72880E-02 4.11530E-02 8.61529E-01 3.69849E-01 3.72278E-01 3.72215E-01 3.83970E-01 8.62675E-01 4.11530E-02 1.72880E-02 1.22396E+00 
1.72880E-02 7.68773E-02 8.87663E-01 4.03943E-01 4.06470E-01 4.06581E-01 4.18488E-01 8.88817E-01 7.68773E-02 1.72880E-02 2.10942E+00 
1.72880E-02 1.18962E-01 9.20098E-01 4.44380E-01 4.47008E-01 4.47303E-01 4.59366E-01 9.21261E-01 1.18962E-01 1.72880E-02 3.16829E+00 
1.72880E-02 1.68000E-01 9.59438E-01 4.91755E-01 4.94487E-01 4.94977E-01 5.07199E-01 9.60608E-01 1.68000E-01 1.72880E-02 4.42398E+00 
1.72880E-02 2.11116E-01 9.95023E-01 5.33575E-01 5.36390E-01 5.37036E-01 5.49386E-01 9.96200E-01 2.11116E-01 1.72880E-02 5.54612E+00 
1.72880E-02 2.24626E-01 1.00633E+00 5.46705E-01 5.49544E-01 5.50238E-01 5.62624E-01 1.00751E+00 2.24626E-01 1.72880E-02 5.90094E+00 
1.72880E-02 2.94970E-01 1.06614E+00 6.15228E-01 6.18186E-01 6.19112E-01 6.31681E-01 1.06733E+00 2.94970E-01 1.72880E-02 7.77057E+00 
1.72880E-02 3.75849E-01 1.13647E+00 6.94271E-01 6.97352E-01 6.98523E-01 7.11280E-01 1.13766E+00 3.75849E-01 1.72880E-02 9.95958E+00 
1.72880E-02 4.68247E-01 1.21830E+00 7.84824E-01 7.88030E-01 7.89459E-01 8.02409E-01 1.21950E+00 4.68247E-01 1.72880E-02 1.25011E+01 
1.72880E-02 5.73214E-01 1.31270E+00 8.87934E-01 8.91270E-01 8.92971E-01 9.06121E-01 1.31391E+00 5.73214E-01 1.72880E-02 1.54279E+01 
1.00466E-01 6.88118E-01 1.41715E+00 1.00099E+00 1.00446E+00 1.00645E+00 1.01980E+00 1.41837E+00 6.88118E-01 1.00466E-01 1.86186E+01 
2.35965E-01 8.17763E-01 1.53630E+00 1.12877E+00 1.13237E+00 1.13467E+00 1.14823E+00 1.53753E+00 8.17763E-01 2.35965E-01 2.22045E+01 
3.88422E-01 9.64307E-01 1.67231E+00 1.27343E+00 1.27718E+00 1.27979E+00 1.29357E+00 1.67355E+00 9.64307E-01 3.88422E-01 2.62480E+01 
5.59209E-01 1.12913E+00 1.82657E+00 1.43635E+00 1.44024E+00 1.44320E+00 1.45721E+00 1.82781E+00 1.12913E+00 5.59209E-01 3.07803E+01 
7.49742E-01 1.31366E+00 2.00050E+00 1.61896E+00 1.62300E+00 1.62632E+00 1.64056E+00 2.00176E+00 1.31366E+00 7.49742E-01 3.58305E+01 
9.61468E-01 1.51933E+00 2.19559E+00 1.82271E+00 1.82690E+00 1.83060E+00 1.84508E+00 2.19685E+00 1.51933E+00 9.61468E-01 4.14242E+01 
1.19584E+00 1.74763E+00 2.41329E+00 2.04906E+00 2.05341E+00 2.05751E+00 2.07225E+00 2.41456E+00 1.74763E+00 1.19584E+00 4.75835E+01 
1.45433E+00 2.00000E+00 2.65510E+00 2.29948E+00 2.30400E+00 2.30851E+00 2.32351E+00 2.65638E+00 2.00000E+00 1.45433E+00 5.43260E+01 
1.73836E+00 2.27790E+00 2.92245E+00 2.57542E+00 2.58011E+00 2.58506E+00 2.60033E+00 2.92374E+00 2.27790E+00 1.73836E+00 6.16645E+01 
2.04933E+00 2.58273E+00 3.21677E+00 2.87828E+00 2.88314E+00 2.88856E+00 2.90410E+00 3.21806E+00 2.58273E+00 2.04933E+00 6.96064E+01 
2.38858E+00 2.91582E+00 3.53940E+00 3.20939E+00 3.21443E+00 3.22034E+00 3.23617E+00 3.54070E+00 2.91582E+00 2.38858E+00 7.81530E+01 
2.75736E+00 3.27842E+00 3.89160E+00 3.57002E+00 3.57523E+00 3.58166E+00 3.59778E+00 3.89290E+00 3.27842E+00 2.75736E+00 8.72999E+01 
3.15680E+00 3.67169E+00 4.27452E+00 3.96130E+00 3.96670E+00 3.97366E+00 3.99009E+00 4.27583E+00 3.67169E+00 3.15680E+00 9.70364E+01 
1.60593E-02 8.50815E-02 7.35250E-01 2.88343E-01 2.90868E-01 2.90566E-01 3.02680E-01 7.36431E-01 8.50815E-02 1.60593E-02 -6.24348E-01 
1.60593E-02 8.50815E-02 7.46551E-01 3.06811E-01 3.09439E-01 3.09318E-01 3.21581E-01 7.47739E-01 8.50815E-02 1.60593E-02 -1.07652E-01 
1.60593E-02 1.09196E-02 7.62177E-01 3.29556E-01 3.32288E-01 3.32357E-01 3.44772E-01 7.63373E-01 1.09196E-02 1.60593E-02 5.06478E-01 
1.60593E-02 3.98027E-02 7.82432E-01 3.56891E-01 3.59731E-01 3.59998E-01 3.72569E-01 7.83636E-01 3.98027E-02 1.60593E-02 1.21946E+00 
1.60593E-02 7.40523E-02 8.07989E-01 3.89576E-01 3.92525E-01 3.93003E-01 4.05732E-01 8.09201E-01 7.40523E-02 1.60593E-02 2.07458E+00 
1.60593E-02 1.14153E-01 8.39344E-01 4.28096E-01 4.31159E-01 4.31857E-01 4.44751E-01 8.40564E-01 1.14153E-01 1.60593E-02 3.09126E+00 
1.60593E-02 1.60628E-01 8.77029E-01 4.72976E-01 4.76155E-01 4.77085E-01 4.90148E-01 8.78257E-01 1.60628E-01 1.60593E-02 4.28991E+00 
1.60593E-02 2.01315E-01 9.10890E-01 5.12420E-01 5.15691E-01 5.16808E-01 5.30006E-01 9.12124E-01 2.01315E-01 1.60593E-02 5.35564E+00 
1.60593E-02 2.14035E-01 9.21610E-01 5.24774E-01 5.28073E-01 5.29247E-01 5.42484E-01 9.22846E-01 2.14035E-01 1.60593E-02 5.69168E+00 
1.60593E-02 2.80073E-01 9.78102E-01 5.89065E-01 5.92496E-01 5.93947E-01 6.07377E-01 9.79347E-01 2.80073E-01 1.60593E-02 7.45567E+00 
1.60593E-02 3.55662E-01 1.04412E+00 6.62893E-01 6.66461E-01 6.68203E-01 6.81833E-01 1.04538E+00 3.55662E-01 1.60593E-02 9.50857E+00 
1.60593E-02 4.41652E-01 1.12054E+00 7.47113E-01 7.50821E-01 7.52870E-01 7.66705E-01 1.12180E+00 4.41652E-01 1.60593E-02 1.18779E+01 
1.60593E-02 5.38946E-01 1.20825E+00 8.42627E-01 8.46478E-01 8.48849E-01 8.62896E-01 1.20952E+00 5.38946E-01 1.60593E-02 1.45907E+01 
9.31777E-02 6.45353E-01 1.30518E+00 9.47261E-01 9.51259E-01 9.53970E-01 9.68234E-01 1.30646E+00 6.45353E-01 9.31777E-02 1.75259E+01 
2.18334E-01 7.64944E-01 1.41526E+00 1.06506E+00 1.06921E+00 1.07228E+00 1.08677E+00 1.41654E+00 7.64944E-01 2.18334E-01 2.08060E+01 
3.58544E-01 8.99533E-01 1.54029E+00 1.19784E+00 1.20215E+00 1.20560E+00 1.22032E+00 1.54159E+00 8.99533E-01 3.58544E-01 2.44852E+01 
5.14947E-01 1.05027E+00 1.68144E+00 1.34676E+00 1.35122E+00 1.35507E+00 1.37003E+00 1.68275E+00 1.05027E+00 5.14947E-01 2.85875E+01 
6.88710E-01 1.21832E+00 1.83989E+00 1.51297E+00 1.51760E+00 1.52187E+00 1.53708E+00 1.84120E+00 1.21832E+00 6.88710E-01 3.31344E+01 
8.81010E-01 1.40487E+00 2.01684E+00 1.69766E+00 1.70246E+00 1.70718E+00 1.72265E+00 2.01815E+00 1.40487E+00 8.81010E-01 3.81444E+01 
1.09302E+00 1.61109E+00 2.21346E+00 1.90203E+00 1.90700E+00 1.91218E+00 1.92793E+00 2.21478E+00 1.61109E+00 1.09302E+00 4.36320E+01 
1.32589E+00 1.83815E+00 2.43093E+00 2.12722E+00 2.13237E+00 2.13804E+00 2.15407E+00 2.43226E+00 1.83815E+00 1.32589E+00 4.96079E+01 
1.58075E+00 2.08718E+00 2.67040E+00 2.37437E+00 2.37970E+00 2.38589E+00 2.40220E+00 2.67174E+00 2.08718E+00 1.58075E+00 5.60780E+01 
1.85868E+00 2.35926E+00 2.93294E+00 2.64455E+00 2.65008E+00 2.65680E+00 2.67342E+00 2.93428E+00 2.35926E+00 1.85868E+00 6.30436E+01 
2.16066E+00 2.65538E+00 3.21957E+00 2.93878E+00 2.94449E+00 2.95179E+00 2.96871E+00 3.22092E+00 2.65538E+00 2.16066E+00 7.05006E+01 
2.48761E+00 2.97645E+00 3.53121E+00 3.25796E+00 3.26387E+00 3.27175E+00 3.28900E+00 3.53256E+00 2.97645E+00 2.48761E+00 7.84398E+01 
2.84032E+00 3.32330E+00 3.86867E+00 3.60290E+00 3.60901E+00 3.61752E+00 3.63509E+00 3.87002E+00 3.32330E+00 2.84032E+00 8.68466E+01 
1.48998E-02 8.18227E-02 6.63083E-01 2.77675E-01 2.80637E-01 2.80649E-01 2.93585E-01 6.64324E-01 8.18227E-02 1.48998E-02 -5.82099E-01 
1.48998E-02 8.18227E-02 6.74867E-01 2.95876E-01 2.98953E-01 2.99183E-01 3.12277E-01 6.76117E-01 8.18227E-02 1.48998E-02 -7.32851E-02 
1.48998E-02 1.06021E-02 6.90652E-01 3.18033E-01 3.21228E-01 3.21686E-01 3.34939E-01 6.91910E-01 1.06021E-02 1.48998E-02 5.27367E-01 
1.48998E-02 3.84776E-02 7.10706E-01 3.44425E-01 3.47739E-01 3.48435E-01 3.61852E-01 7.11971E-01 3.84776E-02 1.48998E-02 1.22020E+00 
1.48998E-02 7.12967E-02 7.35644E-01 3.75743E-01 3.79180E-01 3.80127E-01 3.93713E-01 7.36917E-01 7.12967E-02 1.48998E-02 2.04602E+00 
1.48998E-02 1.09486E-01 7.65904E-01 4.12417E-01 4.15980E-01 4.17190E-01 4.30950E-01 7.67185E-01 1.09486E-01 1.48998E-02 3.02181E+00 
1.48998E-02 1.53505E-01 8.01953E-01 4.54907E-01 4.58600E-01 4.60086E-01 4.74025E-01 8.03241E-01 1.53505E-01 1.48998E-02 4.16524E+00 
1.48998E-02 1.91873E-01 8.34130E-01 4.92082E-01 4.95878E-01 4.97588E-01 5.11669E-01 8.35425E-01 1.91873E-01 1.48998E-02 5.17649E+00 
1.48998E-02 2.03840E-01 8.44284E-01 5.03699E-01 5.07526E-01 5.09302E-01 5.23426E-01 8.45580E-01 2.03840E-01 1.48998E-02 5.49441E+00 
1.48998E-02 2.65785E-01 8.97574E-01 5.63970E-01 5.67944E-01 5.70049E-01 5.84378E-01 8.98878E-01 2.65785E-01 1.48998E-02 7.15676E+00 
1.48998E-02 3.36366E-01 9.59479E-01 6.32864E-01 6.36989E-01 6.39439E-01 6.53980E-01 9.60791E-01 3.36366E-01 1.48998E-02 9.07929E+00 
1.48998E-02 4.16313E-01 1.03074E+00 7.11114E-01 7.15394E-01 7.18208E-01 7.32967E-01 1.03206E+00 4.16313E-01 1.48998E-02 1.12846E+01 
1.48998E-02 5.06395E-01 1.11214E+00 7.99490E-01 8.03929E-01 8.07124E-01 8.22109E-01 1.11346E+00 5.06395E-01 1.48998E-02 1.37943E+01 
8.63113E-02 6.04802E-01 1.20194E+00 8.96198E-01 9.00799E-01 9.04394E-01 9.19611E-01 1.20328E+00 6.04802E-01 8.63113E-02 1.64893E+01 
2.01762E-01 7.14960E-01 1.30347E+00 1.00464E+00 1.00941E+00 1.01342E+00 1.02888E+00 1.30482E+00 7.14960E-01 2.01762E-01 1.94831E+01 
3.30527E-01 8.38379E-01 1.41823E+00 1.12633E+00 1.13127E+00 1.13573E+00 1.15144E+00 1.41958E+00 8.38379E-01 3.30527E-01 2.28230E+01 
4.73544E-01 9.76003E-01 1.54716E+00 1.26221E+00 1.26732E+00 1.27225E+00 1.28822E+00 1.54852E+00 9.76003E-01 4.73544E-01 2.65268E+01 
6.31760E-01 1.12878E+00 1.69123E+00 1.41323E+00 1.41852E+00 1.42394E+00 1.44018E+00 1.69260E+00 1.12878E+00 6.31760E-01 3.06097E+01 
8.06119E-01 1.29767E+00 1.85140E+00 1.58034E+00 1.58582E+00 1.59176E+00 1.60828E+00 1.85277E+00 1.29767E+00 8.06119E-01 3.50840E+01 
9.97550E-01 1.48360E+00 2.02862E+00 1.76448E+00 1.77015E+00 1.77664E+00 1.79344E+00 2.03000E+00 1.48360E+00 9.97550E-01 3.99584E+01 
1.20695E+00 1.68747E+00 2.22379E+00 1.96656E+00 1.97243E+00 1.97948E+00 1.99659E+00 2.22518E+00 1.68747E+00 1.20695E+00 4.52379E+01 
1.43518E+00 1.91015E+00 2.43779E+00 2.18744E+00 2.19350E+00 2.20115E+00 2.21857E+00 2.43918E+00 1.91015E+00 1.43518E+00 5.09232E+01 
1.68304E+00 2.15244E+00 2.67144E+00 2.42792E+00 2.43419E+00 2.44246E+00 2.46021E+00 2.67283E+00 2.15244E+00 1.68304E+00 5.70109E+01 
1.95124E+00 2.41507E+00 2.92545E+00 2.68873E+00 2.69521E+00 2.70414E+00 2.72221E+00 2.92685E+00 2.41507E+00 1.95124E+00 6.34930E+01 
2.24043E+00 2.69867E+00 3.20048E+00 2.97051E+00 2.97720E+00 2.98681E+00 3.00523E+00 3.20188E+00 2.69867E+00 2.24043E+00 7.03570E+01 
2.55113E+00 3.00377E+00 3.49707E+00 3.27379E+00 3.28070E+00 3.29102E+00 3.30980E+00 3.49847E+00 3.00377E+00 2.55113E+00 7.75859E+01 
1.38061E-02 7.86444E-02 5.97807E-01 2.67483E-01 2.70952E-01 2.71377E-01 2.85162E-01 5.99112E-01 7.86444E-02 1.38061E-02 -5.36445E-01 
1.38061E-02 7.86444E-02 6.09985E-01 2.85403E-01 2.89001E-01 2.89688E-01 3.03639E-01 6.11298E-01 7.86444E-02 1.38061E-02 -3.47635E-02 
1.38061E-02 1.02874E-02 6.25853E-01 3.06974E-01 3.10703E-01 3.11662E-01 3.25782E-01 6.27173E-01 1.02874E-02 1.38061E-02 5.53104E-01 
1.38061E-02 3.71749E-02 6.45646E-01 3.32440E-01 3.36302E-01 3.37545E-01 3.51838E-01 6.46974E-01 3.71749E-02 1.38061E-02 1.22650E+00 
1.38061E-02 6.86047E-02 6.69928E-01 3.62432E-01 3.66431E-01 3.67973E-01 3.82445E-01 6.71264E-01 6.86047E-02 1.38061E-02 2.02387E+00 
1.38061E-02 1.04951E-01 6.99082E-01 3.97327E-01 4.01466E-01 4.03322E-01 4.17978E-01 7.00425E-01 1.04951E-01 1.38061E-02 2.95991E+00 
1.38061E-02 1.46614E-01 7.33516E-01 4.37525E-01 4.41809E-01 4.43993E-01 4.58839E-01 7.34866E-01 1.46614E-01 1.38061E-02 4.04975E+00 
1.38061E-02 1.82767E-01 7.64054E-01 4.72537E-01 4.76934E-01 4.79383E-01 4.94381E-01 7.65410E-01 1.82767E-01 1.38061E-02 5.00827E+00 
1.38061E-02 1.94017E-01 7.73659E-01 4.83451E-01 4.87882E-01 4.90410E-01 5.05453E-01 7.75017E-01 1.94017E-01 1.38061E-02 5.30869E+00 
1.38061E-02 2.52073E-01 8.23863E-01 5.39904E-01 5.44498E-01 5.47415E-01 5.62676E-01 8.25228E-01 2.52073E-01 1.38061E-02 6.87314E+00 
1.38061E-02 3.17914E-01 8.81833E-01 6.04129E-01 6.08890E-01 6.12216E-01 6.27703E-01 8.83206E-01 3.17914E-01 1.38061E-02 8.67074E+00 
1.38061E-02 3.92162E-01 9.48202E-01 6.76753E-01 6.81685E-01 6.85439E-01 7.01160E-01 9.49582E-01 3.92162E-01 1.38061E-02 1.07197E+01 
1.38061E-02 4.75467E-01 1.02362E+00 7.58425E-01 7.63532E-01 7.67734E-01 7.83697E-01 1.02501E+00 4.75467E-01 1.38061E-02 1.30370E+01 
7.98451E-02 5.66346E-01 1.10670E+00 8.47677E-01 8.52962E-01 8.57633E-01 8.73845E-01 1.10810E+00 5.66346E-01 7.98451E-02 1.55059E+01 
1.86193E-01 6.67658E-01 1.20019E+00 9.47347E-01 9.52815E-01 9.57980E-01 9.74450E-01 1.20159E+00 6.67658E-01 1.86193E-01 1.82321E+01 
3.04271E-01 7.80649E-01 1.30531E+00 1.05868E+00 1.06433E+00 1.07002E+00 1.08676E+00 1.30672E+00 7.80649E-01 3.04271E-01 2.12562E+01 
4.34838E-01 9.06084E-01 1.42286E+00 1.18244E+00 1.18829E+00 1.19452E+00 1.21154E+00 1.42427E+00 9.06084E-01 4.34838E-01 2.45910E+01 
5.78654E-01 1.04473E+00 1.55360E+00 1.31940E+00 1.32544E+00 1.33225E+00 1.34956E+00 1.55502E+00 1.04473E+00 5.78654E-01 2.82466E+01 
7.36462E-01 1.19733E+00 1.69829E+00 1.47030E+00 1.47654E+00 1.48395E+00 1.50156E+00 1.69971E+00 1.19733E+00 7.36462E-01 3.22302E+01 
9.08981E-01 1.36461E+00 1.85766E+00 1.63587E+00 1.64232E+00 1.65036E+00 1.66829E+00 1.85909E+00 1.36461E+00 9.08981E-01 3.65458E+01 
1.09690E+00 1.54726E+00 2.03241E+00 1.81680E+00 1.82347E+00 1.83217E+00 1.85041E+00 2.03385E+00 1.54726E+00 1.09690E+00 4.11938E+01 
1.30084E+00 1.74592E+00 2.22319E+00 2.01373E+00 2.02061E+00 2.03000E+00 2.04859E+00 2.22463E+00 1.74592E+00 1.30084E+00 4.61713E+01 
1.52138E+00 1.96116E+00 2.43058E+00 2.22724E+00 2.23434E+00 2.24446E+00 2.26339E+00 2.43203E+00 1.96116E+00 1.52138E+00 5.14713E+01 
1.75903E+00 2.19349E+00 2.65509E+00 2.45783E+00 2.46515E+00 2.47602E+00 2.49532E+00 2.65654E+00 2.19349E+00 1.75903E+00 5.70830E+01 
2.01418E+00 2.44332E+00 2.89714E+00 2.70592E+00 2.71347E+00 2.72512E+00 2.74480E+00 2.89859E+00 2.44332E+00 2.01418E+00 6.29922E+01 
2.28715E+00 2.71096E+00 3.15705E+00 2.97181E+00 2.97959E+00 2.99207E+00 3.01213E+00 3.15850E+00 2.71096E+00 2.28715E+00 6.91806E+01 
1.27751E-02 7.55407E-02 5.38769E-01 2.57764E-01 2.61821E-01 2.62782E-01 2.77438E-01 5.40141E-01 7.55407E-02 1.27751E-02 -4.86533E-01 
1.27751E-02 7.55407E-02 5.51255E-01 2.75389E-01 2.79589E-01 2.80863E-01 2.95695E-01 5.52635E-01 7.55407E-02 1.27751E-02 8.60663E-03 
1.27751E-02 9.97493E-03 5.67134E-01 2.96372E-01 3.00718E-01 3.02316E-01 3.17327E-01 5.68521E-01 9.97493E-03 1.27751E-02 5.84217E-01 
1.27751E-02 3.58920E-02 5.86614E-01 3.20929E-01 3.25422E-01 3.27360E-01 3.42554E-01 5.88008E-01 3.58920E-02 1.27751E-02 1.23872E+00 
1.27751E-02 6.59715E-02 6.10208E-01 3.49634E-01 3.54278E-01 3.56570E-01 3.71955E-01 6.11609E-01 6.59715E-02 1.27751E-02 2.00831E+00 
1.27751E-02 1.00539E-01 6.38250E-01 3.82813E-01 3.87612E-01 3.90276E-01 4.05857E-01 6.39658E-01 1.00539E-01 1.27751E-02 2.90556E+00 
1.27751E-02 1.39943E-01 6.71092E-01 4.20815E-01 4.25773E-01 4.28827E-01 4.44610E-01 6.72507E-01 1.39943E-01 1.27751E-02 3.94326E+00 
1.27751E-02 1.73980E-01 7.00034E-01 4.53761E-01 4.58844E-01 4.62211E-01 4.78156E-01 7.01454E-01 1.73980E-01 1.27751E-02 4.85066E+00 
1.27751E-02 1.84546E-01 7.09108E-01 4.64006E-01 4.69127E-01 4.72587E-01 4.88580E-01 7.10529E-01 1.84546E-01 1.27751E-02 5.13414E+00 
1.27751E-02 2.38907E-01 7.56341E-01 5.16832E-01 5.22132E-01 5.26051E-01 5.42279E-01 7.57770E-01 2.38907E-01 1.27751E-02 6.60421E+00 
1.27751E-02 3.00261E-01 8.10552E-01 5.76642E-01 5.82125E-01 5.86526E-01 6.02995E-01 8.11988E-01 3.00261E-01 1.27751E-02 8.28202E+00 
1.27751E-02 3.69137E-01 8.72275E-01 6.43963E-01 6.49634E-01 6.54538E-01 6.71258E-01 8.73718E-01 3.69137E-01 1.27751E-02 1.01819E+01 
1.27751E-02 4.46077E-01 9.42060E-01 7.19340E-01 7.25203E-01 7.30634E-01 7.47614E-01 9.43509E-01 4.46077E-01 1.27751E-02 1.23169E+01 
7.37591E-02 5.29875E-01 1.01878E+00 8.01582E-01 8.07639E-01 8.13619E-01 8.30867E-01 1.02023E+00 5.29875E-01 7.37591E-02 1.45733E+01 
1.71576E-01 6.22897E-01 1.10469E+00 8.93033E-01 8.99289E-01 9.05847E-01 9.23373E-01 1.10615E+00 6.22897E-01 1.71576E-01 1.70493E+01 
2.79681E-01 7.26159E-01 1.20081E+00 9.94708E-01 1.00117E+00 1.00833E+00 1.02615E+00 1.20228E+00 7.26159E-01 2.79681E-01 1.97799E+01 
3.98680E-01 8.40271E-01 1.30776E+00 1.10722E+00 1.11389E+00 1.12169E+00 1.13981E+00 1.30923E+00 8.40271E-01 3.98680E-01 2.27736E+01 
5.29169E-01 9.65834E-01 1.42614E+00 1.23117E+00 1.23805E+00 1.24651E+00 1.26495E+00 1.42762E+00 9.65834E-01 5.29169E-01 2.60362E+01 
6.71723E-01 1.10343E+00 1.55655E+00 1.36713E+00 1.37423E+00 1.38340E+00 1.40216E+00 1.55803E+00 1.10343E+00 6.71723E-01 2.95709E+01 
8.26883E-01 1.25360E+00 1.69954E+00 1.51566E+00 1.52299E+00 1.53288E+00 1.55199E+00 1.70102E+00 1.25360E+00 8.26883E-01 3.33780E+01 
9.95151E-01 1.41685E+00 1.85562E+00 1.67727E+00 1.68482E+00 1.69548E+00 1.71494E+00 1.85710E+00 1.41685E+00 9.95151E-01 3.74548E+01 
1.17698E+00 1.59364E+00 2.02525E+00 1.85241E+00 1.86019E+00 1.87165E+00 1.89147E+00 2.02674E+00 1.59364E+00 1.17698E+00 4.17952E+01 
1.37275E+00 1.78436E+00 2.20884E+00 2.04147E+00 2.04948E+00 2.06177E+00 2.08198E+00 2.21033E+00 1.78436E+00 1.37275E+00 4.63900E+01 
1.58278E+00 1.98933E+00 2.40670E+00 2.24476E+00 2.25302E+00 2.26618E+00 2.28678E+00 2.40819E+00 1.98933E+00 1.58278E+00 5.12269E+01 
1.80731E+00 2.20878E+00 2.61909E+00 2.46254E+00 2.47104E+00 2.48510E+00 2.50611E+00 2.62057E+00 2.20878E+00 1.80731E+00 5.62904E+01 
2.04646E+00 2.44286E+00 2.84613E+00 2.69494E+00 2.70369E+00 2.71868E+00 2.74012E+00 2.84762E+00 2.44286E+00 2.04646E+00 6.15621E+01 
1.18036E-02 7.25065E-02 4.85376E-01 2.48519E-01 2.53254E-01 2.54903E-01 2.70448E-01 4.86817E-01 7.25065E-02 1.18036E-02 -4.31436E-01 
1.18036E-02 7.25065E-02 4.98090E-01 2.65832E-01 2.70726E-01 2.72748E-01 2.88479E-01 4.99539E-01 7.25065E-02 1.18036E-02 5.75773E-02 
1.18036E-02 9.66400E-03 5.13916E-01 2.86227E-01 2.91281E-01 2.93689E-01 3.09611E-01 5.15372E-01 9.66400E-03 1.18036E-02 6.21280E-01 
1.18036E-02 3.46268E-02 5.33035E-01 3.09890E-01 3.15106E-01 3.17916E-01 3.34034E-01 5.34497E-01 3.46268E-02 1.18036E-02 1.25725E+00 
1.18036E-02 6.33927E-02 5.55912E-01 3.37342E-01 3.42724E-01 3.45955E-01 3.62276E-01 5.57381E-01 6.33927E-02 1.18036E-02 1.99956E+00 
1.18036E-02 9.62437E-02 5.82837E-01 3.68865E-01 3.74419E-01 3.78089E-01 3.94620E-01 5.84313E-01 9.62437E-02 1.18036E-02 2.85880E+00 
1.18036E-02 1.33479E-01 6.14115E-01 4.04762E-01 4.10489E-01 4.14619E-01 4.31368E-01 6.15597E-01 1.33479E-01 1.18036E-02 3.84563E+00 
1.18036E-02 1.65496E-01 6.41505E-01 4.35735E-01 4.41600E-01 4.46099E-01 4.63021E-01 6.42991E-01 1.65496E-01 1.18036E-02 4.70335E+00 
1.18036E-02 1.75410E-01 6.50064E-01 4.45343E-01 4.51248E-01 4.55858E-01 4.72832E-01 6.51551E-01 1.75410E-01 1.18036E-02 4.97044E+00 
1.18036E-02 2.26257E-01 6.94439E-01 4.94724E-01 5.00825E-01 5.05976E-01 5.23201E-01 6.95932E-01 2.26257E-01 1.18036E-02 6.34938E+00 
1.18036E-02 2.83367E-01 7.45061E-01 5.50357E-01 5.56658E-01 5.62374E-01 5.79860E-01 7.46560E-01 2.83367E-01 1.18036E-02 7.91228E+00 
1.18036E-02 3.47179E-01 8.02376E-01 6.12683E-01 6.19189E-01 6.25495E-01 6.43252E-01 8.03881E-01 3.47179E-01 1.18036E-02 9.67003E+00 
1.18036E-02 4.18141E-01 8.66839E-01 6.82152E-01 6.88866E-01 6.95789E-01 7.13827E-01 8.68349E-01 4.18141E-01 1.18036E-02 1.16322E+01 
6.80345E-02 4.95283E-01 9.37547E-01 7.57805E-01 7.64730E-01 7.72295E-01 7.90622E-01 9.39061E-01 4.95283E-01 6.80345E-02 1.36891E+01 
1.57861E-01 5.80541E-01 1.01635E+00 8.41561E-01 8.48701E-01 8.56938E-01 8.75569E-01 1.01787E+00 5.80541E-01 1.57861E-01 1.59314E+01 
2.56667E-01 6.74732E-01 1.10405E+00 9.34234E-01 9.41594E-01 9.50536E-01 9.69483E-01 1.10557E+00 6.74732E-01 2.56667E-01 1.83896E+01 
3.64926E-01 7.78334E-01 1.20115E+00 1.03630E+00 1.04389E+00 1.05357E+00 1.07284E+00 1.20267E+00 7.78334E-01 3.64926E-01 2.10682E+01 
4.83096E-01 8.91809E-01 1.30810E+00 1.14823E+00 1.15605E+00 1.16650E+00 1.18612E+00 1.30962E+00 8.91809E-01 4.83096E-01 2.39699E+01 
6.11605E-01 1.01559E+00 1.42535E+00 1.27046E+00 1.27851E+00 1.28977E+00 1.30974E+00 1.42688E+00 1.01559E+00 6.11605E-01 2.70948E+01 
7.50848E-01 1.15008E+00 1.55331E+00 1.40337E+00 1.41166E+00 1.42377E+00 1.44411E+00 1.55484E+00 1.15008E+00 7.50848E-01 3.04403E+01 
9.01177E-01 1.29562E+00 1.69233E+00 1.54734E+00 1.55588E+00 1.56886E+00 1.58959E+00 1.69386E+00 1.29562E+00 9.01177E-01 3.40011E+01 
1.06289E+00 1.45254E+00 1.84274E+00 1.70267E+00 1.71145E+00 1.72535E+00 1.74649E+00 1.84427E+00 1.45254E+00 1.06289E+00 3.77695E+01 
1.23623E+00 1.62106E+00 2.00477E+00 1.86959E+00 1.87862E+00 1.89348E+00 1.91503E+00 2.00630E+00 1.62106E+00 1.23623E+00 4.17347E+01 
1.42136E+00 1.80135E+00 2.17861E+00 2.04829E+00 2.05757E+00 2.07342E+00 2.09541E+00 2.18014E+00 1.80135E+00 1.42136E+00 4.58836E+01 
1.61837E+00 1.99353E+00 2.36435E+00 2.23886E+00 2.24840E+00 2.26527E+00 2.28772E+00 2.36588E+00 1.99353E+00 1.61837E+00 5.02004E+01 
1.82728E+00 2.19759E+00 2.56202E+00 2.44130E+00 2.45110E+00 2.46905E+00 2.49197E+00 2.56355E+00 2.19759E+00 1.82728E+00 5.46671E+01 
1.08887E-02 6.95372E-02 4.37089E-01 2.39749E-01 2.45264E-01 2.47789E-01 2.64235E-01 4.38604E-01 6.95372E-02 1.08887E-02 -3.70160E-01 
1.08887E-02 6.95372E-02 4.49957E-01 2.56735E-01 2.62424E-01 2.65392E-01 2.82037E-01 4.51478E-01 6.95372E-02 1.08887E-02 1.12952E-01 
1.08887E-02 9.35423E-03 4.65670E-01 2.76537E-01 2.82401E-01 2.85828E-01 3.02677E-01 4.67197E-01 9.35423E-03 1.08887E-02 6.64905E-01 
1.08887E-02 3.33776E-02 4.84384E-01 2.99320E-01 3.05362E-01 3.09264E-01 3.26324E-01 4.85917E-01 3.33776E-02 1.08887E-02 1.28253E+00 
1.08887E-02 6.08645E-02 5.06521E-01 3.25552E-01 3.31777E-01 3.36176E-01 3.53453E-01 5.08060E-01 6.08645E-02 1.08887E-02 1.99786E+00 
1.08887E-02 9.20571E-02 5.32329E-01 3.55478E-01 3.61888E-01 3.66806E-01 3.84310E-01 5.33874E-01 9.20571E-02 1.08887E-02 2.81970E+00 
1.08887E-02 1.27211E-01 5.62070E-01 3.89354E-01 3.95954E-01 4.01412E-01 4.19151E-01 5.63619E-01 1.27211E-01 1.08887E-02 3.75673E+00 
1.08887E-02 1.57297E-01 5.87951E-01 4.18443E-01 4.25192E-01 4.31086E-01 4.49012E-01 5.89504E-01 1.57297E-01 1.08887E-02 4.56610E+00 
1.08887E-02 1.66590E-01 5.96013E-01 4.27444E-01 4.34237E-01 4.40260E-01 4.58242E-01 5.97567E-01 1.66590E-01 1.08887E-02 4.81726E+00 
1.08887E-02 2.14098E-01 6.37639E-01 4.73552E-01 4.80559E-01 4.87215E-01 5.05471E-01 6.39198E-01 2.14098E-01 1.08887E-02 6.10814E+00 
1.08887E-02 2.67191E-01 6.84835E-01 5.25234E-01 5.32458E-01 5.39777E-01 5.58315E-01 6.86399E-01 2.67191E-01 1.08887E-02 7.56072E+00 
1.08887E-02 3.26230E-01 7.37969E-01 5.82854E-01 5.90299E-01 5.98309E-01 6.17141E-01 7.39537E-01 3.26230E-01 1.08887E-02 9.18297E+00 
1.08887E-02 3.91582E-01 7.97413E-01 6.46779E-01 6.54448E-01 6.63178E-01 6.82316E-01 7.98984E-01 3.91582E-01 1.08887E-02 1.09815E+01 
6.26530E-02 4.62469E-01 8.62451E-01 7.16244E-01 7.24140E-01 7.33616E-01 7.53071E-01 8.64025E-01 4.62469E-01 6.26530E-02 1.28510E+01 
1.45000E-01 5.40461E-01 9.34573E-01 7.92799E-01 8.00927E-01 8.11183E-01 8.30969E-01 9.36149E-01 5.40461E-01 1.45000E-01 1.48754E+01 
2.35143E-01 6.26202E-01 1.01442E+00 8.77089E-01 8.85452E-01 8.96526E-01 9.16657E-01 1.01599E+00 6.26202E-01 2.35143E-01 1.70807E+01 
3.33441E-01 7.20058E-01 1.10235E+00 9.69478E-01 9.78082E-01 9.90010E-01 1.01050E+00 1.10393E+00 7.20058E-01 3.33441E-01 1.94688E+01 
4.40232E-01 8.22370E-01 1.19873E+00 1.07031E+00 1.07916E+00 1.09198E+00 1.11285E+00 1.20031E+00 8.22370E-01 4.40232E-01 2.20397E+01 
5.55827E-01 9.33454E-01 1.30388E+00 1.17990E+00 1.18900E+00 1.20275E+00 1.22401E+00 1.30546E+00 9.33454E-01 5.55827E-01 2.47910E+01 
6.80495E-01 1.05358E+00 1.41807E+00 1.29853E+00 1.30788E+00 1.32260E+00 1.34427E+00 1.41965E+00 1.05358E+00 6.80495E-01 2.77182E+01 
8.14467E-01 1.18299E+00 1.54155E+00 1.42643E+00 1.43604E+00 1.45177E+00 1.47386E+00 1.54312E+00 1.18299E+00 8.14467E-01 3.08144E+01 
9.57917E-01 1.32186E+00 1.67449E+00 1.56377E+00 1.57364E+00 1.59042E+00 1.61296E+00 1.67607E+00 1.32186E+00 9.57917E-01 3.40705E+01 
1.11097E+00 1.47031E+00 1.81704E+00 1.71069E+00 1.72083E+00 1.73870E+00 1.76170E+00 1.81861E+00 1.47031E+00 1.11097E+00 3.74751E+01 
1.27367E+00 1.62841E+00 1.96926E+00 1.86725E+00 1.87765E+00 1.89665E+00 1.92014E+00 1.97082E+00 1.62841E+00 1.27367E+00 4.10149E+01 
1.44602E+00 1.79613E+00 2.13113E+00 2.03343E+00 2.04410E+00 2.06428E+00 2.08826E+00 2.13269E+00 1.79613E+00 1.44602E+00 4.46744E+01 
1.62792E+00 1.97341E+00 2.30259E+00 2.20915E+00 2.22009E+00 2.24148E+00 2.26599E+00 2.30414E+00 1.97341E+00 1.62792E+00 4.84367E+01 
1.00148E-02 6.65839E-02 3.92778E-01 2.31334E-01 2.37755E-01 2.41408E-01 2.58776E-01 3.94370E-01 6.65839E-02 1.00148E-02 -3.00528E-01 
1.00148E-02 6.65839E-02 4.05731E-01 2.47970E-01 2.54580E-01 2.58760E-01 2.76342E-01 4.07329E-01 6.65839E-02 1.00148E-02 1.76604E-01 
1.00148E-02 9.04045E-03 4.21272E-01 2.67167E-01 2.73969E-01 2.78692E-01 2.96495E-01 4.22874E-01 9.04045E-03 1.00148E-02 7.16576E-01 
1.00148E-02 3.21236E-02 4.39535E-01 2.89068E-01 2.96064E-01 3.01349E-01 3.19380E-01 4.41142E-01 3.21236E-02 1.00148E-02 1.31555E+00 
1.00148E-02 5.83451E-02 4.60899E-01 3.14094E-01 3.21288E-01 3.27160E-01 3.45428E-01 4.62511E-01 5.83451E-02 1.00148E-02 2.00361E+00 
1.00148E-02 8.79104E-02 4.85576E-01 3.42452E-01 3.49848E-01 3.56331E-01 3.74845E-01 4.87191E-01 8.79104E-02 1.00148E-02 2.78789E+00 
1.00148E-02 1.21035E-01 5.13785E-01 3.74358E-01 3.81959E-01 3.89079E-01 4.07849E-01 5.15404E-01 1.21035E-01 1.00148E-02 3.67527E+00 
1.00148E-02 1.49247E-01 5.38178E-01 4.01621E-01 4.09383E-01 4.17013E-01 4.35988E-01 5.39800E-01 1.49247E-01 1.00148E-02 4.43673E+00 
1.00148E-02 1.57939E-01 5.45751E-01 4.10034E-01 4.17844E-01 4.25626E-01 4.44662E-01 5.47374E-01 1.57939E-01 1.00148E-02 4.67217E+00 
1.00148E-02 2.02225E-01 5.84696E-01 4.52985E-01 4.61025E-01 4.69550E-01 4.88885E-01 5.86322E-01 2.02225E-01 1.00148E-02 5.87653E+00 
1.00148E-02 2.51459E-01 6.28574E-01 5.00873E-01 5.09147E-01 5.18447E-01 5.38092E-01 6.30203E-01 2.51459E-01 1.00148E-02 7.22154E+00 
1.00148E-02 3.05933E-01 6.77684E-01 5.53994E-01 5.62504E-01 5.72612E-01 5.92580E-01 6.79315E-01 3.05933E-01 1.00148E-02 8.71262E+00 
1.00148E-02 3.65940E-01 7.32324E-01 6.12638E-01 6.21390E-01 6.32336E-01 6.52640E-01 7.33956E-01 3.65940E-01 1.00148E-02 1.03539E+01 
5.75213E-02 4.30865E-01 7.91934E-01 6.76205E-01 6.85198E-01 6.97013E-01 7.17666E-01 7.93567E-01 4.30865E-01 5.75213E-02 1.20448E+01 
1.32769E-01 5.01959E-01 8.57694E-01 7.45926E-01 7.55166E-01 7.67886E-01 7.88904E-01 8.59327E-01 5.01959E-01 1.32769E-01 1.38630E+01 
2.14726E-01 5.79717E-01 9.30092E-01 8.22296E-01 8.31787E-01 8.45454E-01 8.66853E-01 9.31724E-01 5.79717E-01 2.14726E-01 1.58306E+01 
3.03655E-01 6.64408E-01 1.00940E+00 9.05584E-01 9.15330E-01 9.29984E-01 9.51783E-01 1.01103E+00 6.64408E-01 3.03655E-01 1.79473E+01 
3.99794E-01 7.56273E-01 1.09588E+00 9.96033E-01 1.00604E+00 1.02172E+00 1.04394E+00 1.09750E+00 7.56273E-01 3.99794E-01 2.02110E+01 
5.03351E-01 8.55524E-01 1.18973E+00 1.09385E+00 1.10412E+00 1.12088E+00 1.14353E+00 1.19135E+00 8.55524E-01 5.03351E-01 2.26176E+01 
6.14494E-01 9.62335E-01 1.29114E+00 1.19922E+00 1.20976E+00 1.22763E+00 1.25073E+00 1.29276E+00 9.62335E-01 6.14494E-01 2.51611E+01 
7.33351E-01 1.07684E+00 1.40025E+00 1.31227E+00 1.32308E+00 1.34211E+00 1.36568E+00 1.40186E+00 1.07684E+00 7.33351E-01 2.78336E+01 
8.60002E-01 1.19911E+00 1.51714E+00 1.43309E+00 1.44417E+00 1.46439E+00 1.48846E+00 1.51875E+00 1.19911E+00 8.60002E-01 3.06255E+01 
9.94473E-01 1.32919E+00 1.64185E+00 1.56170E+00 1.57305E+00 1.59452E+00 1.61911E+00 1.64345E+00 1.32919E+00 9.94473E-01 3.35252E+01 
1.13673E+00 1.46704E+00 1.77436E+00 1.69807E+00 1.70970E+00 1.73246E+00 1.75758E+00 1.77595E+00 1.46704E+00 1.13673E+00 3.65196E+01 
1.28669E+00 1.61259E+00 1.91458E+00 1.84212E+00 1.85403E+00 1.87812E+00 1.90380E+00 1.91616E+00 1.61259E+00 1.28669E+00 3.95942E+01 
1.44418E+00 1.76566E+00 2.06236E+00 1.99370E+00 2.00589E+00 2.03136E+00 2.05762E+00 2.06393E+00 1.76566E+00 1.44418E+00 4.27334E+01 
9.20613E-03 6.37338E-02 3.53366E-01 2.23542E-01 2.30978E-01 2.36031E-01 2.54308E-01 3.55036E-01 6.37338E-02 9.20613E-03 -2.23599E-01 
9.20613E-03 6.37338E-02 3.66337E-01 2.39814E-01 2.47456E-01 2.53129E-01 2.71640E-01 3.68012E-01 6.37338E-02 9.20613E-03 2.47421E-01 
9.20613E-03 8.73207E-03 3.81656E-01 2.58412E-01 2.66260E-01 2.72573E-01 2.91325E-01 3.83335E-01 8.73207E-03 9.20613E-03 7.75324E-01 
9.20613E-03 3.09023E-02 3.99440E-01 2.79456E-01 2.87513E-01 2.94487E-01 3.13488E-01 4.01121E-01 3.09023E-02 9.20613E-03 1.35570E+00 
9.20613E-03 5.59092E-02 4.20026E-01 3.03324E-01 3.11594E-01 3.19257E-01 3.38517E-01 4.21710E-01 5.59092E-02 9.20613E-03 2.01685E+00 
9.20613E-03 8.39255E-02 4.43592E-01 3.30190E-01 3.38676E-01 3.47055E-01 3.66586E-01 4.45279E-01 8.39255E-02 9.20613E-03 2.76440E+00 
9.20613E-03 1.15131E-01 4.70323E-01 3.60234E-01 3.68940E-01 3.78064E-01 3.97876E-01 4.72012E-01 1.15131E-01 9.20613E-03 3.60363E+00 
9.20613E-03 1.41580E-01 4.93296E-01 3.85777E-01 3.94656E-01 4.04376E-01 4.24414E-01 4.94986E-01 1.41580E-01 9.20613E-03 4.31898E+00 
9.20613E-03 1.49708E-01 5.00405E-01 3.93638E-01 4.02569E-01 4.12466E-01 4.32571E-01 5.02095E-01 1.49708E-01 9.20613E-03 4.53935E+00 
9.20613E-03 1.90980E-01 5.36813E-01 4.33636E-01 4.42812E-01 4.53576E-01 4.74010E-01 5.38504E-01 1.90980E-01 9.20613E-03 5.66120E+00 
9.20613E-03 2.36620E-01 5.77576E-01 4.77993E-01 4.87417E-01 4.99083E-01 5.19860E-01 5.79268E-01 2.36620E-01 9.20613E-03 6.90445E+00 
9.20613E-03 2.86863E-01 6.22934E-01 5.26942E-01 5.36618E-01 5.49221E-01 5.70356E-01 6.24625E-01 2.86863E-01 9.20613E-03 8.27244E+00 
9.20613E-03 3.41935E-01 6.73118E-01 5.80712E-01 5.90644E-01 6.04220E-01 6.25727E-01 6.74808E-01 3.41935E-01 9.20613E-03 9.76726E+00 
5.27813E-02 4.01355E-01 7.27697E-01 6.38833E-01 6.49020E-01 6.63599E-01 6.85493E-01 7.29385E-01 4.01355E-01 5.27813E-02 1.12935E+01 
1.21502E-01 4.66106E-01 7.87588E-01 7.02269E-01 7.12717E-01 7.28340E-01 7.50639E-01 7.89273E-01 4.66106E-01 1.21502E-01 1.29228E+01 
1.95970E-01 5.36560E-01 8.53159E-01 7.71394E-01 7.82105E-01 7.98818E-01 8.21541E-01 8.54840E-01 5.36560E-01 1.95970E-01 1.46741E+01 
2.76367E-01 6.12906E-01 9.24603E-01 8.46395E-01 8.57374E-01 8.75220E-01 8.98387E-01 9.26279E-01 6.12906E-01 2.76367E-01 1.65454E+01 
3.62850E-01 6.95302E-01 1.00209E+00 9.27432E-01 9.38683E-01 9.57708E-01 9.81340E-01 1.00376E+00 6.95302E-01 3.62850E-01 1.85331E+01 
4.55545E-01 7.83880E-01 1.08574E+00 1.01464E+00 1.02616E+00 1.04641E+00 1.07053E+00 1.08741E+00 7.83880E-01 4.55545E-01 2.06320E+01 
5.54539E-01 8.78731E-01 1.17567E+00 1.10810E+00 1.11991E+00 1.14143E+00 1.16605E+00 1.17733E+00 8.78731E-01 5.54539E-01 2.28352E+01 
6.59883E-01 9.79908E-01 1.27193E+00 1.20788E+00 1.21997E+00 1.24280E+00 1.26796E+00 1.27358E+00 9.79908E-01 6.59883E-01 2.51344E+01 
7.71580E-01 1.08742E+00 1.37454E+00 1.31398E+00 1.32635E+00 1.35055E+00 1.37626E+00 1.37617E+00 1.08742E+00 7.71580E-01 2.75198E+01 
8.89589E-01 1.20123E+00 1.48345E+00 1.42637E+00 1.43902E+00 1.46464E+00 1.49091E+00 1.48507E+00 1.20123E+00 8.89589E-01 2.99801E+01 
1.01381E+00 1.32124E+00 1.59858E+00 1.54495E+00 1.55789E+00 1.58496E+00 1.61184E+00 1.60019E+00 1.32124E+00 1.01381E+00 3.25030E+01 
1.14411E+00 1.44731E+00 1.71980E+00 1.66958E+00 1.68280E+00 1.71138E+00 1.73888E+00 1.72140E+00 1.44731E+00 1.14411E+00 3.50752E+01 
1.28027E+00 1.57924E+00 1.84691E+00 1.80006E+00 1.81357E+00 1.84370E+00 1.87184E+00 1.84848E+00 1.57924E+00 1.28027E+00 3.76824E+01 
8.44593E-03 6.09355E-02 3.17718E-01 2.16247E-01 2.24830E-01 2.31633E-01 2.50817E-01 3.19470E-01 6.09355E-02 8.44593E-03 -1.37250E-01 
8.44593E-03 6.09355E-02 3.30647E-01 2.32137E-01 2.40940E-01 2.48474E-01 2.67915E-01 3.32401E-01 6.09355E-02 8.44593E-03 3.27175E-01 
8.44593E-03 8.42378E-03 3.45697E-01 2.50128E-01 2.59153E-01 2.67438E-01 2.87145E-01 3.47453E-01 8.42378E-03 8.44593E-03 8.42493E-01 
8.44593E-03 2.96922E-02 3.62969E-01 2.70324E-01 2.79572E-01 2.88631E-01 3.08614E-01 3.64726E-01 2.96922E-02 8.44593E-03 1.40383E+00 
8.44593E-03 5.35131E-02 3.82761E-01 2.93060E-01 3.02534E-01 3.12399E-01 3.32670E-01 3.84519E-01 5.35131E-02 8.44593E-03 2.03778E+00 
8.44593E-03 8.00297E-02 4.05222E-01 3.18480E-01 3.28184E-01 3.38886E-01 3.59457E-01 4.06981E-01 8.00297E-02 8.44593E-03 2.74861E+00 
8.44593E-03 1.09390E-01 4.30504E-01 3.46732E-01 3.56670E-01 3.68240E-01 3.89123E-01 4.32262E-01 1.09390E-01 8.44593E-03 3.54025E+00 
8.44593E-03 1.34152E-01 4.52098E-01 3.70630E-01 3.80751E-01 3.93015E-01 4.14149E-01 4.53855E-01 1.34152E-01 8.44593E-03 4.21038E+00 
8.44593E-03 1.41741E-01 4.58758E-01 3.77965E-01 3.88140E-01 4.00610E-01 4.21819E-01 4.60515E-01 1.41741E-01 8.44593E-03 4.41604E+00 
8.44593E-03 1.80145E-01 4.92729E-01 4.15153E-01 4.25587E-01 4.39063E-01 4.60640E-01 4.94484E-01 1.80145E-01 8.44593E-03 5.45781E+00 
8.44593E-03 2.22384E-01 5.30522E-01 4.56165E-01 4.66860E-01 4.81382E-01 5.03342E-01 5.32274E-01 2.22384E-01 8.44593E-03 6.60319E+00 
8.44593E-03 2.68638E-01 5.72322E-01 5.01182E-01 5.12143E-01 5.27749E-01 5.50108E-01 5.74071E-01 2.68638E-01 8.44593E-03 7.85379E+00 
8.44593E-03 3.19081E-01 6.18307E-01 5.50379E-01 5.61607E-01 5.78336E-01 6.01111E-01 6.20051E-01 3.19081E-01 8.44593E-03 9.21002E+00 
4.83335E-02 3.73335E-01 6.68146E-01 6.03388E-01 6.14883E-01 6.32766E-01 6.55975E-01 6.69885E-01 3.73335E-01 4.83335E-02 1.05820E+01 
1.10958E-01 4.32160E-01 7.22539E-01 6.60952E-01 6.72718E-01 6.91802E-01 7.15465E-01 7.24272E-01 4.32160E-01 1.10958E-01 1.20356E+01 
1.78466E-01 4.95826E-01 7.81751E-01 7.23342E-01 7.35383E-01 7.55714E-01 7.79853E-01 7.83476E-01 4.95826E-01 1.78466E-01 1.35870E+01 
2.50973E-01 5.64454E-01 8.45908E-01 7.90677E-01 8.02995E-01 8.24624E-01 8.49261E-01 8.47624E-01 5.64454E-01 2.50973E-01 1.52331E+01 
3.28569E-01 6.38137E-01 9.15107E-01 8.63052E-01 8.75651E-01 8.98626E-01 9.23784E-01 9.16813E-01 6.38137E-01 3.28569E-01 1.69692E+01 
4.11313E-01 7.16938E-01 9.89419E-01 9.40530E-01 9.53412E-01 9.77782E-01 1.00349E+00 9.91114E-01 7.16938E-01 4.11313E-01 1.87895E+01 
4.99229E-01 8.00886E-01 1.06888E+00 1.02314E+00 1.03631E+00 1.06212E+00 1.08840E+00 1.07056E+00 8.00886E-01 4.99229E-01 2.06868E+01 
5.92308E-01 8.89973E-01 1.15348E+00 1.11088E+00 1.12433E+00 1.15164E+00 1.17851E+00 1.15514E+00 8.89973E-01 5.92308E-01 2.26525E+01 
6.90497E-01 9.84152E-01 1.24318E+00 1.20369E+00 1.21744E+00 1.24629E+00 1.27377E+00 1.24483E+00 9.84152E-01 6.90497E-01 2.46771E+01 
7.93703E-01 1.08333E+00 1.33789E+00 1.30150E+00 1.31553E+00 1.34597E+00 1.37410E+00 1.33952E+00 1.08333E+00 7.93703E-01 2.67500E+01 
9.01788E-01 1.18738E+00 1.43749E+00 1.40415E+00 1.41848E+00 1.45056E+00 1.47936E+00 1.43910E+00 1.18738E+00 9.01788E-01 2.88600E+01 
1.01457E+00 1.29611E+00 1.54179E+00 1.51149E+00 1.52610E+00 1.55987E+00 1.58937E+00 1.54338E+00 1.29611E+00 1.01457E+00 3.09948E+01 
1.13182E+00 1.40931E+00 1.65058E+00 1.62327E+00 1.63817E+00 1.67368E+00 1.70391E+00 1.65215E+00 1.40931E+00 1.13182E+00 3.31421E+01 
7.73168E-03 5.81839E-02 2.85471E-01 2.09460E-01 2.19330E-01 2.28313E-01 2.48402E-01 2.87306E-01 5.81839E-02 7.73168E-03 -4.04405E-02 
7.73168E-03 5.81839E-02 2.98300E-01 2.24949E-01 2.35051E-01 2.44891E-01 2.65268E-01 3.00135E-01 5.81839E-02 7.73168E-03 4.16621E-01 
7.73168E-03 8.11516E-03 3.13038E-01 2.42326E-01 2.52663E-01 2.63382E-01 2.84056E-01 3.14872E-01 8.11516E-03 7.73168E-03 9.18579E-01 
7.73168E-03 2.84914E-02 3.29768E-01 2.61681E-01 2.72252E-01 2.83876E-01 3.04859E-01 3.31601E-01 2.84914E-02 7.73168E-03 1.46018E+00 
7.73168E-03 5.11525E-02 3.48753E-01 2.83308E-01 2.94118E-01 3.06680E-01 3.27986E-01 3.50585E-01 5.11525E-02 7.73168E-03 2.06643E+00 
7.73168E-03 7.62152E-02 3.70116E-01 3.07324E-01 3.18376E-01 3.31911E-01 3.53554E-01 3.71944E-01 7.62152E-02 7.73168E-03 2.74042E+00 
7.73168E-03 1.03799E-01 3.93977E-01 3.33849E-01 3.45146E-01 3.59690E-01 3.81684E-01 3.95803E-01 1.03799E-01 7.73168E-03 3.48482E+00 
7.73168E-03 1.26945E-01 4.14232E-01 3.56170E-01 3.67658E-01 3.83006E-01 4.05283E-01 4.16054E-01 1.26945E-01 7.73168E-03 4.11051E+00 
7.73168E-03 1.34020E-01 4.20459E-01 3.63002E-01 3.74546E-01 3.90133E-01 4.12495E-01 4.22280E-01 1.34020E-01 7.73168E-03 4.30178E+00 
7.73168E-03 1.69694E-01 4.52086E-01 3.97512E-01 4.09327E-01 4.26079E-01 4.48853E-01 4.53902E-01 1.69694E-01 7.73168E-03 5.26572E+00 
7.73168E-03 2.08711E-01 4.87044E-01 4.35354E-01 4.47441E-01 4.65400E-01 4.88606E-01 4.88854E-01 2.08711E-01 7.73168E-03 6.31691E+00 
7.73168E-03 2.51206E-01 5.25473E-01 4.76663E-01 4.89025E-01 5.08233E-01 5.31890E-01 5.27275E-01 2.51206E-01 7.73168E-03 7.45552E+00 
7.73168E-03 2.97304E-01 5.67501E-01 5.21565E-01 5.34204E-01 5.54703E-01 5.78831E-01 5.69295E-01 2.97304E-01 7.73168E-03 8.68070E+00 
4.41625E-02 3.46713E-01 6.12879E-01 5.69777E-01 5.82692E-01 6.04514E-01 6.29132E-01 6.14663E-01 3.46713E-01 4.41625E-02 9.90816E+00 
1.01098E-01 4.00006E-01 6.62125E-01 6.21857E-01 6.35050E-01 6.58245E-01 6.83376E-01 6.63898E-01 4.00006E-01 1.01098E-01 1.11985E+01 
1.62145E-01 4.57369E-01 7.15419E-01 6.77989E-01 6.91464E-01 7.16083E-01 7.41753E-01 7.17180E-01 4.57369E-01 1.62145E-01 1.25656E+01 
2.27362E-01 5.18867E-01 7.72833E-01 7.38239E-01 7.51997E-01 7.78094E-01 8.04327E-01 7.74580E-01 5.18867E-01 2.27362E-01 1.40055E+01 
2.96787E-01 5.84540E-01 8.34410E-01 8.02647E-01 8.16691E-01 8.44317E-01 8.71139E-01 8.36142E-01 5.84540E-01 2.96787E-01 1.55129E+01 
3.70428E-01 6.54399E-01 9.00168E-01 8.71225E-01 8.85557E-01 9.14764E-01 9.42203E-01 9.01883E-01 6.54399E-01 3.70428E-01 1.70817E+01 
4.48259E-01 7.28424E-01 9.70090E-01 9.43953E-01 9.58573E-01 9.89415E-01 1.01750E+00 9.71787E-01 7.28424E-01 4.48259E-01 1.87046E+01 
5.30226E-01 8.06562E-01 1.04413E+00 1.02078E+00 1.03569E+00 1.06821E+00 1.09697E+00 1.04580E+00 8.06562E-01 5.30226E-01 2.03733E+01 
6.16235E-01 8.88724E-01 1.12220E+00 1.10161E+00 1.11681E+00 1.15107E+00 1.18053E+00 1.12385E+00 8.88724E-01 6.16235E-01 2.20789E+01 
7.06160E-01 9.74786E-01 1.20418E+00 1.18633E+00 1.20182E+00 1.23787E+00 1.26805E+00 1.20581E+00 9.74786E-01 7.06160E-01 2.38117E+01 
7.99834E-01 1.06459E+00 1.28991E+00 1.27477E+00 1.29055E+00 1.32844E+00 1.35938E+00 1.29151E+00 1.06459E+00 7.99834E-01 2.55614E+01 
8.97056E-01 1.15792E+00 1.37919E+00 1.36674E+00 1.38280E+00 1.42257E+00 1.45431E+00 1.38077E+00 1.15792E+00 8.97056E-01 2.73175E+01 
9.97586E-01 1.25456E+00 1.47180E+00 1.46199E+00 1.47834E+00 1.52005E+00 1.55259E+00 1.47335E+00 1.25456E+00 9.97586E-01 2.90691E+01 
7.06089E-03 5.54728E-02 2.56293E-01 2.03196E-01 2.14495E-01 2.26182E-01 2.47178E-01 2.58212E-01 5.54728E-02 7.06089E-03 6.77465E-02 
7.06089E-03 5.54728E-02 2.68970E-01 2.18262E-01 2.29804E-01 2.42492E-01 2.63814E-01 2.70885E-01 5.54728E-02 7.06089E-03 5.16372E-01 
7.06089E-03 7.80560E-03 2.83353E-01 2.35016E-01 2.46803E-01 2.60515E-01 2.82174E-01 2.85265E-01 7.80560E-03 7.06089E-03 1.00392E+00 
7.06089E-03 2.72973E-02 2.99513E-01 2.53532E-01 2.65564E-01 2.80328E-01 3.02337E-01 3.01421E-01 2.72973E-02 7.06089E-03 1.52487E+00 
7.06089E-03 4.88222E-02 3.17679E-01 2.74069E-01 2.86348E-01 3.02201E-01 3.24578E-01 3.19582E-01 4.88222E-02 7.06089E-03 2.10271E+00 
7.06089E-03 7.24730E-02 3.37948E-01 2.96718E-01 3.09248E-01 3.26229E-01 3.48989E-01 3.39845E-01 7.24730E-02 7.06089E-03 2.73950E+00 
7.06089E-03 9.83433E-02 3.60417E-01 3.21575E-01 3.34358E-01 3.52505E-01 3.75665E-01 3.62307E-01 9.83433E-02 7.06089E-03 3.43688E+00 
7.06089E-03 1.19941E-01 3.79372E-01 3.42381E-01 3.55361E-01 3.74437E-01 3.97918E-01 3.81255E-01 1.19941E-01 7.06089E-03 4.01877E+00 
7.06089E-03 1.26523E-01 3.85179E-01 3.48731E-01 3.61769E-01 3.81120E-01 4.04698E-01 3.87061E-01 1.26523E-01 7.06089E-03 4.19594E+00 
7.06089E-03 1.59596E-01 4.14553E-01 3.80686E-01 3.94002E-01 4.14695E-01 4.38744E-01 4.16425E-01 1.59596E-01 7.06089E-03 5.08414E+00 
7.06089E-03 1.95559E-01 4.46805E-01 4.15519E-01 4.29114E-01 4.51195E-01 4.75735E-01 4.48666E-01 1.95559E-01 7.06089E-03 6.04460E+00 
7.06089E-03 2.34509E-01 4.82037E-01 4.53327E-01 4.67203E-01 4.90716E-01 5.15771E-01 4.83886E-01 2.34509E-01 7.06089E-03 7.07641E+00 
7.06089E-03 2.76530E-01 5.20337E-01 4.94194E-01 5.08353E-01 5.33343E-01 5.58935E-01 5.22172E-01 2.76530E-01 7.06089E-03 8.17774E+00 
4.02530E-02 3.21396E-01 5.61517E-01 5.37904E-01 5.52342E-01 5.78843E-01 6.04993E-01 5.63337E-01 3.21396E-01 4.02530E-02 9.27005E+00 
9.18832E-02 3.69528E-01 6.05947E-01 5.84861E-01 5.99582E-01 6.27645E-01 6.54379E-01 6.07751E-01 3.69528E-01 9.18832E-02 1.04089E+01 
1.46935E-01 4.21042E-01 6.53740E-01 6.35181E-01 6.50186E-01 6.79867E-01 7.07214E-01 6.55526E-01 4.21042E-01 1.46935E-01 1.16064E+01 
2.05425E-01 4.75960E-01 7.04922E-01 6.88886E-01 7.04176E-01 7.35531E-01 7.63519E-01 7.06688E-01 4.75960E-01 2.05425E-01 1.28578E+01 
2.67349E-01 5.34279E-01 7.59495E-01 7.45974E-01 7.61550E-01 7.94634E-01 8.23293E-01 7.61239E-01 5.34279E-01 2.67349E-01 1.41578E+01 
3.32673E-01 5.95971E-01 8.17435E-01 8.06416E-01 8.22279E-01 8.57146E-01 8.86506E-01 8.19156E-01 5.95971E-01 3.32673E-01 1.55002E+01 
4.01339E-01 6.60979E-01 8.78689E-01 8.70156E-01 8.86306E-01 9.23011E-01 9.53103E-01 8.80386E-01 6.60979E-01 4.01339E-01 1.68779E+01 
4.73257E-01 7.29219E-01 9.43177E-01 9.37110E-01 9.53546E-01 9.92141E-01 1.02300E+00 9.44847E-01 7.29219E-01 4.73257E-01 1.82831E+01 
5.48308E-01 8.00574E-01 1.01079E+00 1.00716E+00 1.02388E+00 1.06442E+00 1.09607E+00 1.01243E+00 8.00574E-01 5.48308E-01 1.97078E+01 
6.26343E-01 8.74898E-01 1.08137E+00 1.08016E+00 1.09717E+00 1.13970E+00 1.17218E+00 1.08298E+00 8.74898E-01 6.26343E-01 2.11430E+01 
7.07182E-01 9.52014E-01 1.15477E+00 1.15594E+00 1.17323E+00 1.21780E+00 1.25114E+00 1.15635E+00 9.52014E-01 7.07182E-01 2.25800E+01 
7.90616E-01 1.03172E+00 1.23076E+00 1.23429E+00 1.25185E+00 1.29852E+00 1.33275E+00 1.23231E+00 1.03172E+00 7.90616E-01 2.40097E+01 
8.76404E-01 1.11377E+00 1.30913E+00 1.31496E+00 1.33280E+00 1.38161E+00 1.41677E+00 1.31063E+00 1.11377E+00 8.76404E-01 2.54228E+01 
6.43021E-03 5.27903E-02 2.29846E-01 1.97462E-01 2.10334E-01 2.25367E-01 2.47285E-01 2.31849E-01 5.27903E-02 6.43021E-03 1.88199E-01 
6.43021E-03 5.27903E-02 2.42317E-01 2.12080E-01 2.25203E-01 2.41399E-01 2.63691E-01 2.44314E-01 5.27903E-02 6.43021E-03 6.26975E-01 
6.43021E-03 7.49377E-03 2.56306E-01 2.28197E-01 2.41571E-01 2.58957E-01 2.81636E-01 2.58295E-01 7.49377E-03 6.43021E-03 1.09875E+00 
6.43021E-03 2.61048E-02 2.71868E-01 2.45873E-01 2.59498E-01 2.78101E-01 3.01184E-01 2.73849E-01 2.61048E-02 6.43021E-03 1.59783E+00 
6.43021E-03 4.65120E-02 2.89202E-01 2.65331E-01 2.79209E-01 2.99072E-01 3.22577E-01 2.91173E-01 4.65120E-02 6.43021E-03 2.14631E+00 
6.43021E-03 6.87867E-02 3.08382E-01 2.86643E-01 3.00777E-01 3.21940E-01 3.45886E-01 3.10342E-01 6.87867E-02 6.43021E-03 2.74532E+00 
6.43021E-03 9.29996E-02 3.29481E-01 3.09881E-01 3.24271E-01 3.46777E-01 3.71183E-01 3.31430E-01 9.29996E-02 6.43021E-03 3.39564E+00 
6.43021E-03 1.13107E-01 3.47169E-01 3.29224E-01 3.43815E-01 3.67388E-01 3.92165E-01 3.49108E-01 1.13107E-01 6.43021E-03 3.93423E+00 
6.43021E-03 1.19217E-01 3.52571E-01 3.35110E-01 3.49760E-01 3.73650E-01 3.98536E-01 3.54506E-01 1.19217E-01 6.43021E-03 4.09753E+00 
6.43021E-03 1.49805E-01 3.79771E-01 3.64618E-01 3.79548E-01 4.04976E-01 4.30405E-01 3.81691E-01 1.49805E-01 6.43021E-03 4.91181E+00 
6.43021E-03 1.82866E-01 4.09436E-01 3.96586E-01 4.11798E-01 4.38813E-01 4.64808E-01 4.11340E-01 1.82866E-01 6.43021E-03 5.78473E+00 
6.43021E-03 2.18466E-01 4.41631E-01 4.31077E-01 4.46572E-01 4.75222E-01 5.01809E-01 4.43517E-01 2.18466E-01 6.43021E-03 6.71454E+00 
6.43021E-03 2.56653E-01 4.76412E-01 4.68144E-01 4.83921E-01 5.14254E-01 5.41458E-01 4.78277E-01 2.56653E-01 6.43021E-03 7.69874E+00 
3.65846E-02 2.97256E-01 5.13638E-01 5.07620E-01 5.23676E-01 5.55723E-01 5.83568E-01 5.15482E-01 2.97256E-01 3.65846E-02 8.66457E+00 
8.32625E-02 3.40568E-01 5.53561E-01 5.49785E-01 5.66122E-01 5.99938E-01 6.28453E-01 5.55382E-01 3.40568E-01 8.32625E-02 9.66298E+00 
1.32750E-01 3.86652E-01 5.96236E-01 5.94701E-01 6.11318E-01 6.46963E-01 6.76180E-01 5.98033E-01 3.86652E-01 1.32750E-01 1.07043E+01 
1.85030E-01 4.35494E-01 6.41657E-01 6.42354E-01 6.59252E-01 6.96783E-01 7.26736E-01 6.43426E-01 4.35494E-01 1.85030E-01 1.17837E+01 
2.40065E-01 4.87061E-01 6.89792E-01 6.92710E-01 7.09889E-01 7.49364E-01 7.80084E-01 6.91533E-01 4.87061E-01 2.40065E-01 1.28959E+01 
2.97794E-01 5.41295E-01 7.40590E-01 7.45713E-01 7.63172E-01 8.04646E-01 8.36169E-01 7.42299E-01 5.41295E-01 2.97794E-01 1.40348E+01 
3.58132E-01 5.98114E-01 7.93970E-01 8.01279E-01 8.19018E-01 8.62546E-01 8.94905E-01 7.95647E-01 5.98114E-01 3.58132E-01 1.51939E+01 
4.20968E-01 6.57411E-01 8.49831E-01 8.59304E-01 8.77319E-01 9.22956E-01 9.56185E-01 8.51473E-01 6.57411E-01 4.20968E-01 1.63660E+01 
4.86167E-01 7.19055E-01 9.08043E-01 9.19653E-01 9.37944E-01 9.85741E-01 1.01988E+00 9.09648E-01 7.19055E-01 4.86167E-01 1.75439E+01 
5.53571E-01 7.82889E-01 9.68454E-01 9.82172E-01 1.00073E+00 1.05074E+00 1.08582E+00 9.70020E-01 7.82889E-01 5.53571E-01 1.87200E+01 
6.22993E-01 8.48731E-01 1.03089E+00 1.04668E+00 1.06551E+00 1.11778E+00 1.15383E+00 1.03241E+00 8.48731E-01 6.22993E-01 1.98866E+01 
6.94226E-01 9.16376E-01 1.09513E+00 1.11296E+00 1.13206E+00 1.18664E+00 1.22370E+00 1.09661E+00 9.16376E-01 6.94226E-01 2.10360E+01 
7.67042E-01 9.85598E-01 1.16098E+00 1.18081E+00 1.20017E+00 1.25709E+00 1.29520E+00 1.16241E+00 9.85598E-01 7.67042E-01 2.21608E+01 
5.83860E-03 5.01322E-02 2.05912E-01 1.92285E-01 2.06862E-01 2.26010E-01 2.48884E-01 2.07997E-01 5.01322E-02 5.83860E-03 3.21040E-01 
5.83860E-03 5.01322E-02 2.18129E-01 2.06427E-01 2.21259E-01 2.41753E-01 2.65063E-01 2.20203E-01 5.01322E-02 5.83860E-03 7.48229E-01 
5.83860E-03 7.17913E-03 2.31684E-01 2.21889E-01 2.36974E-01 2.58842E-01 2.82603E-01 2.33745E-01 7.17913E-03 5.83860E-03 1.20262E+00 
5.83860E-03 2.49121E-02 2.46622E-01 2.38719E-01 2.54057E-01 2.77327E-01 3.01557E-01 2.48670E-01 2.49121E-02 5.83860E-03 1.67843E+00 
5.83860E-03 4.42184E-02 2.63111E-01 2.57108E-01 2.72699E-01 2.97418E-01 3.22138E-01 2.65143E-01 4.42184E-02 5.83860E-03 2.19641E+00 
5.83860E-03 6.51505E-02 2.81206E-01 2.77107E-01 2.92954E-01 3.19165E-01 3.44398E-01 2.83221E-01 6.51505E-02 5.83860E-03 2.75699E+00 
5.83860E-03 8.77594E-02 3.00960E-01 2.98768E-01 3.14872E-01 3.42620E-01 3.68388E-01 3.02958E-01 8.77594E-02 5.83860E-03 3.36019E+00 
5.83860E-03 1.06433E-01 3.17415E-01 3.16699E-01 3.33002E-01 3.61970E-01 3.88168E-01 3.19399E-01 1.06433E-01 5.83860E-03 3.85594E+00 
5.83860E-03 1.12091E-01 3.22423E-01 3.22138E-01 3.38499E-01 3.67829E-01 3.94155E-01 3.24402E-01 1.12091E-01 5.83860E-03 4.00562E+00 
5.83860E-03 1.40304E-01 3.47531E-01 3.49298E-01 3.65937E-01 3.97021E-01 4.23976E-01 3.49488E-01 1.40304E-01 5.83860E-03 4.74784E+00 
5.83860E-03 1.70612E-01 3.74723E-01 3.78537E-01 3.95454E-01 4.28343E-01 4.55955E-01 3.76656E-01 1.70612E-01 5.83860E-03 5.53642E+00 
5.83860E-03 2.03049E-01 4.04039E-01 4.09889E-01 4.27084E-01 4.61828E-01 4.90125E-01 4.05947E-01 2.03049E-01 5.83860E-03 6.36907E+00 
5.83860E-03 2.37639E-01 4.35504E-01 4.43378E-01 4.60849E-01 4.97498E-01 5.26510E-01 4.37384E-01 2.37639E-01 5.83860E-03 7.24282E+00 
3.31507E-02 2.74248E-01 4.69016E-01 4.78876E-01 4.96620E-01 5.35204E-01 5.64956E-01 4.70868E-01 2.74248E-01 3.31507E-02 8.09073E+00 
7.52183E-02 3.13072E-01 5.04731E-01 5.16568E-01 5.34583E-01 5.75159E-01 6.05684E-01 5.06551E-01 3.13072E-01 7.52183E-02 8.95932E+00 
1.19555E-01 3.54128E-01 5.42661E-01 5.56468E-01 5.74755E-01 6.17382E-01 6.48718E-01 5.44449E-01 3.54128E-01 1.19555E-01 9.85757E+00 
1.66120E-01 3.97380E-01 5.82775E-01 5.98539E-01 6.17096E-01 6.61836E-01 6.94017E-01 5.84527E-01 3.97380E-01 1.66120E-01 1.07808E+01 
2.14852E-01 4.42769E-01 6.25016E-01 6.42724E-01 6.61550E-01 7.08459E-01 7.41523E-01 6.26731E-01 4.42769E-01 2.14852E-01 1.17238E+01 
2.65669E-01 4.90219E-01 6.69314E-01 6.88945E-01 7.08038E-01 7.57173E-01 7.91158E-01 6.70988E-01 4.90219E-01 2.65669E-01 1.26810E+01 
3.18471E-01 5.39630E-01 7.15571E-01 7.37103E-01 7.56460E-01 8.07877E-01 8.42819E-01 7.17203E-01 5.39630E-01 3.18471E-01 1.36463E+01 
3.73134E-01 5.90885E-01 7.63673E-01 7.87080E-01 8.06699E-01 8.60449E-01 8.96388E-01 7.65261E-01 5.90885E-01 3.73134E-01 1.46136E+01 
4.29518E-01 6.43844E-01 8.13485E-01 8.38737E-01 8.58613E-01 9.14749E-01 9.51721E-01 8.15026E-01 6.43844E-01 4.29518E-01 1.55763E+01 
4.87459E-01 6.98348E-01 8.64850E-01 8.91915E-01 9.12044E-01 9.70613E-01 1.00866E+00 8.66341E-01 6.98348E-01 4.87459E-01 1.65282E+01 
5.46777E-01 7.54219E-01 9.17593E-01 9.46435E-01 9.66813E-01 1.02786E+00 1.06701E+00 9.19033E-01 7.54219E-01 5.46777E-01 1.74628E+01 
6.07273E-01 8.11263E-01 9.71522E-01 1.00210E+00 1.02272E+00 1.08629E+00 1.12660E+00 9.72908E-01 8.11263E-01 6.07273E-01 1.83739E+01 
6.68734E-01 8.69267E-01 1.02643E+00 1.05871E+00 1.07956E+00 1.14570E+00 1.18718E+00 1.02776E+00 8.69267E-01 6.68734E-01 1.92554E+01 
5.28390E-03 4.74879E-02 1.84249E-01 1.87675E-01 2.04073E-01 2.28256E-01 2.52157E-01 1.86411E-01 4.74879E-02 5.28390E-03 4.66019E-01 
5.28390E-03 4.74879E-02 1.96163E-01 2.01309E-01 2.17959E-01 2.43692E-01 2.68106E-01 1.98307E-01 4.74879E-02 5.28390E-03 8.79556E-01 
5.28390E-03 6.86028E-03 2.09245E-01 2.16093E-01 2.32994E-01 2.60303E-01 2.85248E-01 2.11371E-01 6.86028E-03 5.28390E-03 1.31466E+00 
5.28390E-03 2.37139E-02 2.23532E-01 2.32065E-01 2.49214E-01 2.78131E-01 3.03625E-01 2.25637E-01 2.37139E-02 5.28390E-03 1.76558E+00 
5.28390E-03 4.19319E-02 2.39162E-01 2.49385E-01 2.66782E-01 2.97354E-01 3.23424E-01 2.41245E-01 4.19319E-02 5.28390E-03 2.25181E+00 
5.28390E-03 6.15502E-02 2.56174E-01 2.68088E-01 2.85735E-01 3.18009E-01 3.44681E-01 2.58234E-01 6.15502E-02 5.28390E-03 2.77315E+00 
5.28390E-03 8.26028E-02 2.74605E-01 2.88209E-01 3.06106E-01 3.40130E-01 3.67428E-01 2.76640E-01 8.26028E-02 5.28390E-03 3.32909E+00 
5.28390E-03 9.98947E-02 2.89859E-01 3.04769E-01 3.22859E-01 3.58268E-01 3.86069E-01 2.91874E-01 9.98947E-02 5.28390E-03 3.78243E+00 
5.28390E-03 1.05118E-01 2.94485E-01 3.09776E-01 3.27923E-01 3.63742E-01 3.91693E-01 2.96494E-01 1.05118E-01 5.28390E-03 3.91871E+00 
5.28390E-03 1.31060E-01 3.17575E-01 3.34677E-01 3.53093E-01 3.90900E-01 4.19586E-01 3.19553E-01 1.31060E-01 5.28390E-03 4.59066E+00 
5.28390E-03 1.58751E-01 3.42404E-01 3.61308E-01 3.79991E-01 4.19838E-01 4.49290E-01 3.44349E-01 1.58751E-01 5.28390E-03 5.29807E+00 
5.28390E-03 1.88202E-01 3.68988E-01 3.89681E-01 4.08631E-01 4.50569E-01 4.80820E-01 3.70899E-01 1.88202E-01 5.28390E-03 6.03826E+00 
5.28390E-03 2.19416E-01 3.97330E-01 4.19797E-01 4.39011E-01 4.83090E-01 5.14172E-01 3.99205E-01 2.19416E-01 5.28390E-03 6.80805E+00 
2.99383E-02 2.52287E-01 4.27357E-01 4.51559E-01 4.71031E-01 5.17279E-01 5.49220E-01 4.29194E-01 2.52287E-01 2.99383E-02 7.54622E+00 
6.77178E-02 2.86934E-01 4.59149E-01 4.85072E-01 5.04800E-01 5.53274E-01 5.86111E-01 4.60945E-01 2.86934E-01 6.77178E-02 8.29520E+00 
1.07294E-01 3.23344E-01 4.92688E-01 5.20320E-01 5.40302E-01 5.91063E-01 6.24836E-01 4.94441E-01 3.23344E-01 1.07294E-01 9.06284E+00 
1.48608E-01 3.61460E-01 5.27921E-01 5.57246E-01 5.77481E-01 6.30588E-01 6.65338E-01 5.29628E-01 3.61460E-01 1.48608E-01 9.84469E+00 
1.91582E-01 4.01209E-01 5.64779E-01 5.95778E-01 6.16262E-01 6.71774E-01 7.07540E-01 5.66439E-01 4.01209E-01 1.91582E-01 1.06359E+01 
2.36123E-01 4.42502E-01 6.03177E-01 6.35825E-01 6.56556E-01 7.14527E-01 7.51352E-01 6.04786E-01 4.42502E-01 2.36123E-01 1.14315E+01 
2.82122E-01 4.85232E-01 6.43010E-01 6.77281E-01 6.98254E-01 7.58738E-01 7.96661E-01 6.44566E-01 4.85232E-01 2.82122E-01 1.22260E+01 
3.29451E-01 5.29275E-01 6.84159E-01 7.20023E-01 7.41233E-01 8.04280E-01 8.43343E-01 6.85659E-01 5.29275E-01 3.29451E-01 1.30142E+01 
3.77969E-01 5.74492E-01 7.26486E-01 7.63910E-01 7.85353E-01 8.51009E-01 8.91253E-01 7.27928E-01 5.74492E-01 3.77969E-01 1.37906E+01 
4.27517E-01 6.20730E-01 7.69841E-01 8.08789E-01 8.30459E-01 8.98769E-01 9.40234E-01 7.71223E-01 6.20730E-01 4.27517E-01 1.45499E+01 
4.77925E-01 6.67818E-01 8.14059E-01 8.54491E-01 8.76382E-01 9.47386E-01 9.90113E-01 8.15377E-01 6.67818E-01 4.77925E-01 1.52868E+01 
5.29009E-01 7.15579E-01 8.58960E-01 9.00835E-01 9.22940E-01 9.96677E-01 1.04071E+00 8.60213E-01 7.15579E-01 5.29009E-01 1.59966E+01 
5.80575E-01 7.63819E-01 9.04357E-01 9.47631E-01 9.69943E-01 1.04645E+00 1.09181E+00 9.05542E-01 7.63819E-01 5.80575E-01 1.66745E+01 
4.76437E-03 4.48467E-02 1.64648E-01 1.83637E-01 2.01941E-01 2.32250E-01 2.57302E-01 1.66877E-01 4.48467E-02 4.76437E-03 6.22060E-01 
4.76437E-03 4.48467E-02 1.76209E-01 1.96724E-01 2.15271E-01 2.47351E-01 2.73012E-01 1.78413E-01 4.48467E-02 4.76437E-03 1.01958E+00 
4.76437E-03 6.53564E-03 1.88780E-01 2.10800E-01 2.29588E-01 2.63467E-01 2.89756E-01 1.90957E-01 6.53564E-03 4.76437E-03 1.43329E+00 
4.76437E-03 2.25050E-02 2.02388E-01 2.25895E-01 2.44920E-01 2.80627E-01 3.07568E-01 2.04536E-01 2.25050E-02 4.76437E-03 1.85754E+00 
4.76437E-03 3.96432E-02 2.17145E-01 2.42139E-01 2.61402E-01 2.98988E-01 3.26608E-01 2.19263E-01 3.96432E-02 4.76437E-03 2.31063E+00 
4.76437E-03 5.79721E-02 2.33075E-01 2.59555E-01 2.79055E-01 3.18570E-01 3.46898E-01 2.35162E-01 5.79721E-02 4.76437E-03 2.79190E+00 
4.76437E-03 7.75109E-02 2.50202E-01 2.78162E-01 2.97898E-01 3.39390E-01 3.68456E-01 2.52254E-01 7.75109E-02 4.76437E-03 3.30042E+00 
4.76437E-03 9.34683E-02 2.64284E-01 2.93386E-01 3.13304E-01 3.56358E-01 3.86016E-01 2.66309E-01 9.34683E-02 4.76437E-03 3.71178E+00 
4.76437E-03 9.82733E-02 2.68539E-01 2.97974E-01 3.17945E-01 3.61462E-01 3.91296E-01 2.70556E-01 9.82733E-02 4.76437E-03 3.83490E+00 
4.76437E-03 1.22041E-01 2.89682E-01 3.20695E-01 3.40918E-01 3.86670E-01 4.17366E-01 2.91659E-01 1.22041E-01 4.76437E-03 4.43842E+00 
4.76437E-03 1.47244E-01 3.12252E-01 3.44829E-01 3.65302E-01 4.13342E-01 4.44935E-01 3.14186E-01 1.47244E-01 4.76437E-03 5.06781E+00 
4.76437E-03 1.73877E-01 3.36247E-01 3.70371E-01 3.91091E-01 4.41469E-01 4.73996E-01 3.38135E-01 1.73877E-01 4.76437E-03 5.72024E+00 
4.76437E-03 2.01923E-01 3.61652E-01 3.97304E-01 4.18267E-01 4.71034E-01 5.04531E-01 3.63493E-01 2.01923E-01 4.76437E-03 6.39247E+00 
2.69367E-02 2.31301E-01 3.88415E-01 4.25553E-01 4.46754E-01 5.01931E-01 5.36427E-01 3.90206E-01 2.31301E-01 2.69367E-02 7.02888E+00 
6.07340E-02 2.62071E-01 4.16558E-01 4.55166E-01 4.76600E-01 5.34244E-01 5.69779E-01 4.18297E-01 2.62071E-01 6.07340E-02 7.66804E+00 
9.59182E-02 2.94196E-01 4.46042E-01 4.86102E-01 5.07766E-01 5.67938E-01 6.04556E-01 4.47727E-01 2.94196E-01 9.59182E-02 8.31695E+00 
1.32418E-01 3.27607E-01 4.76802E-01 5.18292E-01 5.40183E-01 6.02940E-01 6.40686E-01 4.78429E-01 3.27607E-01 1.32418E-01 8.97149E+00 
1.70147E-01 3.62222E-01 5.08760E-01 5.51655E-01 5.73769E-01 6.39166E-01 6.78084E-01 5.10327E-01 3.62222E-01 1.70147E-01 9.62733E+00 
2.09007E-01 3.97947E-01 5.41823E-01 5.86096E-01 6.08427E-01 6.76517E-01 7.16651E-01 5.43327E-01 3.97947E-01 2.09007E-01 1.02800E+01 
2.48885E-01 4.34672E-01 5.75885E-01 6.21504E-01 6.44048E-01 7.14879E-01 7.56272E-01 5.77324E-01 4.34672E-01 2.48885E-01 1.09250E+01 
2.89657E-01 4.72274E-01 6.10827E-01 6.57758E-01 6.80508E-01 7.54125E-01 7.96822E-01 6.12198E-01 4.72274E-01 2.89657E-01 1.15577E+01 
3.31184E-01 5.10621E-01 6.46519E-01 6.94724E-01 7.17674E-01 7.94119E-01 8.38162E-01 6.47819E-01 5.10621E-01 3.31184E-01 1.21738E+01 
3.73320E-01 5.49568E-01 6.82818E-01 7.32257E-01 7.55400E-01 8.34710E-01 8.80143E-01 6.84045E-01 5.49568E-01 3.73320E-01 1.27689E+01 
4.15906E-01 5.88960E-01 7.19573E-01 7.70203E-01 7.93532E-01 8.75740E-01 9.22603E-01 7.20724E-01 5.88960E-01 4.15906E-01 1.33390E+01 
4.58779E-01 6.28636E-01 7.56624E-01 8.08399E-01 8.31906E-01 9.17041E-01 9.65375E-01 7.57696E-01 6.28636E-01 4.58779E-01 1.38803E+01 
5.01766E-01 6.68426E-01 7.93803E-01 8.46677E-01 8.70354E-01 9.58440E-01 1.00829E+00 7.94795E-01 6.68426E-01 5.01766E-01 1.43895E+01 
4.27774E-03 4.21936E-02 1.46897E-01 1.80154E-01 2.00409E-01 2.38129E-01 2.64535E-01 1.49179E-01 4.21936E-02 4.27774E-03 7.87333E-01 
4.27774E-03 4.21936E-02 1.58056E-01 1.92645E-01 2.13127E-01 2.52859E-01 2.79990E-01 1.60302E-01 4.21936E-02 4.27774E-03 1.16621E+00 
4.27774E-03 6.20298E-03 1.70074E-01 2.05975E-01 2.26680E-01 2.68448E-01 2.96328E-01 1.72283E-01 6.20298E-03 4.27774E-03 1.55622E+00 
4.27774E-03 2.12777E-02 1.82972E-01 2.20164E-01 2.41089E-01 2.84921E-01 3.13574E-01 1.85142E-01 2.12777E-02 4.27774E-03 1.95188E+00 
4.27774E-03 3.73390E-02 1.96839E-01 2.35317E-01 2.56461E-01 3.02410E-01 3.31868E-01 1.98968E-01 3.73390E-02 4.27774E-03 2.37038E+00 
4.27774E-03 5.43967E-02 2.11686E-01 2.51445E-01 2.72807E-01 3.20922E-01 3.51219E-01 2.13773E-01 5.43967E-02 4.27774E-03 2.81070E+00 
4.27774E-03 7.24580E-02 2.27524E-01 2.68555E-01 2.90132E-01 3.40463E-01 3.71631E-01 2.29567E-01 7.24580E-02 4.27774E-03 3.27164E+00 
4.27774E-03 8.71229E-02 2.40462E-01 2.82468E-01 3.04211E-01 3.56290E-01 3.88155E-01 2.42468E-01 8.71229E-02 4.27774E-03 3.64149E+00 
4.27774E-03 9.15245E-02 2.44357E-01 2.86648E-01 3.08439E-01 3.61033E-01 3.93106E-01 2.46353E-01 9.15245E-02 4.27774E-03 3.75168E+00 
4.27774E-03 1.13206E-01 2.63620E-01 3.07254E-01 3.29272E-01 3.84360E-01 4.17445E-01 2.65563E-01 1.13206E-01 4.27774E-03 4.28862E+00 
4.27774E-03 1.36040E-01 2.84029E-01 3.28988E-01 3.51230E-01 4.08861E-01 4.42999E-01 2.85917E-01 1.36040E-01 4.27774E-03 4.84314E+00 
4.27774E-03 1.60009E-01 3.05569E-01 3.51830E-01 3.74292E-01 4.34517E-01 4.69747E-01 3.07398E-01 1.60009E-01 4.27774E-03 5.41243E+00 
4.27774E-03 1.85084E-01 3.28212E-01 3.75752E-01 3.98429E-01 4.61294E-01 4.97655E-01 3.29980E-01 1.85084E-01 4.27774E-03 5.99334E+00 
2.41322E-02 2.11201E-01 3.51919E-01 4.00697E-01 4.23582E-01 4.89101E-01 5.26624E-01 3.53626E-01 2.11201E-01 2.41322E-02 6.53564E+00 
5.42332E-02 2.38374E-01 3.76675E-01 4.26667E-01 4.49754E-01 5.17982E-01 5.56710E-01 3.78316E-01 2.38374E-01 5.42332E-02 7.07437E+00 
8.53687E-02 2.66553E-01 4.02424E-01 4.53605E-01 4.76891E-01 5.47884E-01 5.87866E-01 4.03997E-01 2.66553E-01 8.53687E-02 7.61579E+00 
1.17461E-01 2.95662E-01 4.29093E-01 4.81438E-01 5.04917E-01 5.78731E-01 6.20013E-01 4.30595E-01 2.95662E-01 1.17461E-01 8.15621E+00 
1.50420E-01 3.25616E-01 4.56602E-01 5.10079E-01 5.33747E-01 6.10430E-01 6.53060E-01 4.58030E-01 3.25616E-01 1.50420E-01 8.69187E+00 
1.84148E-01 3.56319E-01 4.84856E-01 5.39433E-01 5.63283E-01 6.42882E-01 6.86907E-01 4.86208E-01 3.56319E-01 1.84148E-01 9.21897E+00 
2.18533E-01 3.87664E-01 5.13753E-01 5.69393E-01 5.93419E-01 6.75975E-01 7.21441E-01 5.15025E-01 3.87664E-01 2.18533E-01 9.73372E+00 
2.53457E-01 4.19536E-01 5.43179E-01 5.99843E-01 6.24037E-01 7.09589E-01 7.56540E-01 5.44369E-01 4.19536E-01 2.53457E-01 1.02324E+01 
2.88793E-01 4.51809E-01 5.73013E-01 6.30659E-01 6.55013E-01 7.43593E-01 7.92075E-01 5.74117E-01 4.51809E-01 2.88793E-01 1.07116E+01 
3.24405E-01 4.84354E-01 6.03125E-01 6.61709E-01 6.86215E-01 7.77850E-01 8.27906E-01 6.04142E-01 4.84354E-01 3.24405E-01 1.11679E+01 
3.60152E-01 5.17032E-01 6.33380E-01 6.92855E-01 7.17505E-01 8.12219E-01 8.63890E-01 6.34307E-01 5.17032E-01 3.60152E-01 1.15983E+01 
3.95891E-01 5.49701E-01 6.63639E-01 7.23956E-01 7.48741E-01 8.46551E-01 8.99877E-01 6.64474E-01 5.49701E-01 3.95891E-01 1.20001E+01 
4.31473E-01 5.82216E-01 6.93758E-01 7.54867E-01 7.79777E-01 8.80695E-01 9.35716E-01 6.94499E-01 5.82216E-01 4.31473E-01 1.23708E+01 
3.82273E-03 3.95179E-02 1.30837E-01 1.77188E-01 1.99384E-01 2.46004E-01 2.74069E-01 1.33145E-01 3.95179E-02 3.82273E-03 9.58623E-01 
3.82273E-03 3.95179E-02 1.41540E-01 1.89028E-01 2.11427E-01 2.60310E-01 2.89243E-01 1.43800E-01 3.95179E-02 3.82273E-03 1.31608E+00 
3.82273E-03 5.86048E-03 1.52964E-01 2.01563E-01 2.24162E-01 2.75330E-01 3.05155E-01 1.55175E-01 5.86048E-03 3.82273E-03 1.67999E+00 
3.82273E-03 2.00262E-02 1.65121E-01 2.14810E-01 2.37603E-01 2.91080E-01 3.21825E-01 1.67281E-01 2.00262E-02 3.82273E-03 2.04517E+00 
3.82273E-03 3.50097E-02 1.78079E-01 2.28849E-01 2.51835E-01 3.07674E-01 3.39374E-01 1.80186E-01 3.50097E-02 3.82273E-03 2.42767E+00 
3.82273E-03 5.08109E-02 1.91841E-01 2.43680E-01 2.66857E-01 3.25108E-01 3.57800E-01 1.93893E-01 5.08109E-02 3.82273E-03 2.82630E+00 
3.82273E-03 6.74275E-02 2.06407E-01 2.59302E-01 2.82667E-01 3.43378E-01 3.77098E-01 2.08401E-01 6.74275E-02 3.82273E-03 3.23967E+00 
3.82273E-03 8.08394E-02 2.18226E-01 2.71926E-01 2.95434E-01 3.58081E-01 3.92621E-01 2.20173E-01 8.08394E-02 3.82273E-03 3.56859E+00 
3.82273E-03 8.48517E-02 2.21772E-01 2.75705E-01 2.99255E-01 3.62472E-01 3.97257E-01 2.23705E-01 8.48517E-02 3.82273E-03 3.66613E+00 
3.82273E-03 1.04530E-01 2.39220E-01 2.94255E-01 3.17999E-01 3.83968E-01 4.19943E-01 2.41086E-01 1.04530E-01 3.82273E-03 4.13854E+00 
3.82273E-03 1.25111E-01 2.57566E-01 3.13677E-01 3.37612E-01 4.06380E-01 4.43587E-01 2.59361E-01 1.25111E-01 3.82273E-03 4.62155E+00 
3.82273E-03 1.46567E-01 2.76782E-01 3.33942E-01 3.58063E-01 4.29677E-01 4.68159E-01 2.78504E-01 1.46567E-01 3.82273E-03 5.11245E+00 
3.82273E-03 1.68860E-01 2.96834E-01 3.55015E-01 3.79315E-01 4.53816E-01 4.93616E-01 2.98480E-01 1.68860E-01 3.82273E-03 5.60833E+00 
2.15170E-02 1.91939E-01 3.17694E-01 3.76852E-01 4.01323E-01 4.78717E-01 5.19863E-01 3.19263E-01 1.91939E-01 2.15170E-02 6.06413E+00 
4.81952E-02 2.15789E-01 3.39317E-01 3.99423E-01 4.24060E-01 5.04393E-01 5.46934E-01 3.40806E-01 2.15789E-01 4.81952E-02 6.51156E+00 
7.56093E-02 2.40348E-01 3.61639E-01 4.22663E-01 4.47460E-01 5.30785E-01 5.74770E-01 3.63044E-01 2.40348E-01 7.56093E-02 6.95631E+00 
1.03680E-01 2.65541E-01 3.84587E-01 4.46496E-01 4.71446E-01 5.57810E-01 6.03291E-01 3.85905E-01 2.65541E-01 1.03680E-01 7.39520E+00 
1.32318E-01 2.91282E-01 4.08078E-01 4.70837E-01 4.95933E-01 5.85379E-01 6.32404E-01 4.09307E-01 2.91282E-01 1.32318E-01 7.82504E+00 
1.61428E-01 3.17479E-01 4.32023E-01 4.95592E-01 5.20828E-01 6.13393E-01 6.62011E-01 4.33160E-01 3.17479E-01 1.61428E-01 8.24269E+00 
1.90905E-01 3.44031E-01 4.56325E-01 5.20663E-01 5.46031E-01 6.41746E-01 6.92004E-01 4.57366E-01 3.44031E-01 1.90905E-01 8.64513E+00 
2.20642E-01 3.70833E-01 4.80878E-01 5.45942E-01 5.71433E-01 6.70326E-01 7.22269E-01 4.81822E-01 3.70833E-01 2.20642E-01 9.02945E+00 
2.50520E-01 3.97771E-01 5.05575E-01 5.71318E-01 5.96924E-01 6.99015E-01 7.52688E-01 5.06419E-01 3.97771E-01 2.50520E-01 9.39297E+00 
2.80423E-01 4.24731E-01 5.30301E-01 5.96675E-01 6.22387E-01 7.27690E-01 7.83136E-01 5.31042E-01 4.24731E-01 2.80423E-01 9.73325E+00 
3.10227E-01 4.51593E-01 5.54939E-01 6.21894E-01 6.47701E-01 7.56226E-01 8.13485E-01 5.55576E-01 4.51593E-01 3.10227E-01 1.00481E+01 
3.39808E-01 4.78235E-01 5.79370E-01 6.46853E-01 6.72747E-01 7.84497E-01 8.43606E-01 5.79900E-01 4.78235E-01 3.39808E-01 1.03357E+01 
3.69042E-01 5.04536E-01 6.03474E-01 6.71433E-01 6.97403E-01 8.12373E-01 8.73369E-01 6.03895E-01 5.04536E-01 3.69042E-01 1.05944E+01 
3.39811E-03 3.68106E-02 1.16321E-01 1.74667E-01 1.98728E-01 2.55943E-01 2.86108E-01 1.18615E-01 3.68106E-02 3.39811E-03 1.13147E+00 
3.39811E-03 3.68106E-02 1.26515E-01 1.85789E-01 2.10023E-01 2.69758E-01 3.00959E-01 1.28747E-01 3.68106E-02 3.39811E-03 1.46469E+00 
3.39811E-03 5.50644E-03 1.37300E-01 1.97475E-01 2.21878E-01 2.84150E-01 3.16413E-01 1.39468E-01 5.50644E-03 3.39811E-03 1.80017E+00 
3.39811E-03 1.87453E-02 1.48684E-01 2.09735E-01 2.34301E-01 2.99129E-01 3.32483E-01 1.50786E-01 1.87453E-02 3.39811E-03 2.13307E+00 
3.39811E-03 3.26470E-02 1.60716E-01 2.22628E-01 2.47355E-01 3.14791E-01 3.49275E-01 1.62750E-01 3.26470E-02 3.39811E-03 2.47838E+00 
3.39811E-03 4.72039E-02 1.73391E-01 2.36148E-01 2.61032E-01 3.31123E-01 3.66778E-01 1.75354E-01 4.72039E-02 3.39811E-03 2.83479E+00 
3.39811E-03 6.24063E-02 1.86701E-01 2.50285E-01 2.75322E-01 3.48114E-01 3.84978E-01 1.88591E-01 6.24063E-02 3.39811E-03 3.20083E+00 
3.39811E-03 7.46030E-02 1.97428E-01 2.61636E-01 2.86790E-01 3.61701E-01 3.99529E-01 1.99259E-01 7.46030E-02 3.39811E-03 3.48964E+00 
3.39811E-03 7.82395E-02 2.00634E-01 2.65022E-01 2.90210E-01 3.65745E-01 4.03859E-01 2.02448E-01 7.82395E-02 3.39811E-03 3.57487E+00 
3.39811E-03 9.59970E-02 2.16336E-01 2.81566E-01 3.06909E-01 3.85447E-01 4.24952E-01 2.18065E-01 9.59970E-02 3.39811E-03 3.98510E+00 
3.39811E-03 1.14437E-01 2.32715E-01 2.98758E-01 3.24251E-01 4.05834E-01 4.46777E-01 2.34356E-01 1.14437E-01 3.39811E-03 4.40019E+00 
3.39811E-03 1.33525E-01 2.49739E-01 3.16563E-01 3.42201E-01 4.26867E-01 4.69293E-01 2.51290E-01 1.33525E-01 3.39811E-03 4.81764E+00 
3.39811E-03 1.53220E-01 2.67369E-01 3.34940E-01 3.60716E-01 4.48499E-01 4.92452E-01 2.68827E-01 1.53220E-01 3.39811E-03 5.23485E+00 
1.90835E-02 1.73480E-01 2.85586E-01 3.53858E-01 3.79763E-01 4.70657E-01 5.16164E-01 2.86949E-01 1.73480E-01 1.90835E-02 5.61169E+00 
4.26004E-02 1.94271E-01 3.04327E-01 3.73265E-01 3.99292E-01 4.93335E-01 5.40447E-01 3.05593E-01 1.94271E-01 4.26004E-02 5.97677E+00 
6.66045E-02 2.15526E-01 3.23523E-01 3.93092E-01 4.19233E-01 5.16470E-01 5.65238E-01 3.24688E-01 2.15526E-01 6.66045E-02 6.33531E+00 
9.10180E-02 2.37171E-01 3.43103E-01 4.13263E-01 4.39513E-01 5.39979E-01 5.90456E-01 3.44164E-01 2.37171E-01 9.10180E-02 6.68463E+00 
1.15756E-01 2.59125E-01 3.62988E-01 4.33699E-01 4.60049E-01 5.63777E-01 6.16012E-01 3.63943E-01 2.59125E-01 1.15756E-01 7.02215E+00 
1.40730E-01 2.81302E-01 3.83096E-01 4.54314E-01 4.80755E-01 5.87770E-01 6.41812E-01 3.83942E-01 2.81302E-01 1.40730E-01 7.34537E+00 
1.65845E-01 3.03612E-01 4.03337E-01 4.75016E-01 5.01541E-01 6.11860E-01 6.67756E-01 4.04072E-01 3.03612E-01 1.65845E-01 7.65194E+00 
1.91002E-01 3.25958E-01 4.23620E-01 4.95711E-01 5.22310E-01 6.35947E-01 6.93741E-01 4.24241E-01 3.25958E-01 1.91002E-01 7.93970E+00 
2.16100E-01 3.48243E-01 4.43848E-01 5.16302E-01 5.42965E-01 6.59924E-01 7.19659E-01 4.44352E-01 3.48243E-01 2.16100E-01 8.20668E+00 
2.41037E-01 3.70368E-01 4.63923E-01 5.36688E-01 5.63407E-01 6.83686E-01 7.45401E-01 4.64310E-01 3.70368E-01 2.41037E-01 8.45119E+00 
2.65707E-01 3.92230E-01 4.83747E-01 5.56771E-01 5.83534E-01 7.07125E-01 7.70858E-01 4.84014E-01 3.92230E-01 2.65707E-01 8.67180E+00 
2.90008E-01 4.13731E-01 5.03222E-01 5.76449E-01 6.03247E-01 7.30135E-01 7.95918E-01 5.03367E-01 4.13731E-01 2.90008E-01 8.86734E+00 
3.13838E-01 4.34770E-01 5.22249E-01 5.95626E-01 6.22447E-01 7.52609E-01 8.20474E-01 5.22273E-01 4.34770E-01 3.13838E-01 9.03695E+00 
3.00304E-03 3.40682E-02 1.03223E-01 1.72470E-01 1.98250E-01 2.67951E-01 3.00818E-01 1.05444E-01 3.40682E-02 3.00304E-03 1.30008E+00 
3.00304E-03 3.40682E-02 1.12854E-01 1.82802E-01 2.08720E-01 2.81193E-01 3.15291E-01 1.14996E-01 3.40682E-02 3.00304E-03 1.60639E+00 
3.00304E-03 5.13991E-03 1.22958E-01 1.93577E-01 2.19628E-01 2.94883E-01 3.30239E-01 1.25018E-01 5.13991E-03 3.00304E-03 1.91134E+00 
3.00304E-03 1.74324E-02 1.33538E-01 2.04801E-01 2.30978E-01 3.09028E-01 3.45672E-01 1.35515E-01 1.74324E-02 3.00304E-03 2.21043E+00 
3.00304E-03 3.02474E-02 1.44628E-01 2.16514E-01 2.42814E-01 3.23706E-01 3.61680E-01 1.46519E-01 3.02474E-02 3.00304E-03 2.51767E+00 
3.00304E-03 4.35719E-02 1.56217E-01 2.28703E-01 2.55122E-01 3.38901E-01 3.78248E-01 1.58019E-01 4.35719E-02 3.00304E-03 2.83170E+00 
3.00304E-03 5.73908E-02 1.68291E-01 2.41355E-01 2.67888E-01 3.54592E-01 3.95356E-01 1.70001E-01 5.73908E-02 3.00304E-03 3.15109E+00 
3.00304E-03 6.84105E-02 1.77955E-01 2.51448E-01 2.78067E-01 3.67060E-01 4.08948E-01 1.79594E-01 6.84105E-02 3.00304E-03 3.40089E+00 
3.00304E-03 7.16849E-02 1.80833E-01 2.54448E-01 2.81091E-01 3.70758E-01 4.12979E-01 1.82450E-01 7.16849E-02 3.00304E-03 3.47425E+00 
3.00304E-03 8.76037E-02 1.94857E-01 2.69035E-01 2.95790E-01 3.88689E-01 4.32528E-01 1.96370E-01 8.76037E-02 3.00304E-03 3.82504E+00 
3.00304E-03 1.04015E-01 2.09370E-01 2.84077E-01 3.10937E-01 4.07101E-01 4.52606E-01 2.10776E-01 1.04015E-01 3.00304E-03 4.17615E+00 
3.00304E-03 1.20882E-01 2.24336E-01 2.99535E-01 3.26494E-01 4.25951E-01 4.73168E-01 2.25632E-01 1.20882E-01 3.00304E-03 4.52537E+00 
3.00304E-03 1.38160E-01 2.39714E-01 3.15365E-01 3.42416E-01 4.45190E-01 4.94165E-01 2.40898E-01 1.38160E-01 3.00304E-03 4.87045E+00 
1.68262E-02 1.55818E-01 2.55493E-01 3.31550E-01 3.58683E-01 4.64752E-01 5.15509E-01 2.56563E-01 1.55818E-01 1.68262E-02 5.17590E+00 
3.74339E-02 1.73808E-01 2.71598E-01 3.48021E-01 3.75229E-01 4.84620E-01 5.37208E-01 2.72553E-01 1.73808E-01 3.74339E-02 5.46744E+00 
5.83263E-02 1.92064E-01 2.87962E-01 3.64709E-01 3.91984E-01 5.04727E-01 5.59200E-01 2.88798E-01 1.92064E-01 5.83263E-02 5.74988E+00 
7.94299E-02 2.10516E-01 3.04517E-01 3.81544E-01 4.08878E-01 5.24998E-01 5.81407E-01 3.05231E-01 2.10516E-01 7.94299E-02 6.02107E+00 
1.00667E-01 2.29089E-01 3.21191E-01 3.98453E-01 4.25837E-01 5.45349E-01 6.03744E-01 3.21781E-01 2.29089E-01 1.00667E-01 6.27899E+00 
1.21957E-01 2.47707E-01 3.37910E-01 4.15358E-01 4.42783E-01 5.65698E-01 6.26125E-01 3.38373E-01 2.47707E-01 1.21957E-01 6.52172E+00 
1.43215E-01 2.66289E-01 3.54595E-01 4.32180E-01 4.59637E-01 5.85955E-01 6.48458E-01 3.54930E-01 2.66289E-01 1.43215E-01 6.74753E+00 
1.64355E-01 2.84752E-01 3.71166E-01 4.48836E-01 4.76316E-01 6.06031E-01 6.70652E-01 3.71371E-01 2.84752E-01 1.64355E-01 6.95488E+00 
1.85292E-01 3.03012E-01 3.87542E-01 4.65244E-01 4.92737E-01 6.25835E-01 6.92612E-01 3.87615E-01 3.03012E-01 1.85292E-01 7.14246E+00 
2.05938E-01 3.20987E-01 4.03642E-01 4.81323E-01 5.08817E-01 6.45278E-01 7.14244E-01 4.03582E-01 3.20987E-01 2.05938E-01 7.30917E+00 
2.26207E-01 3.38594E-01 4.19383E-01 4.96989E-01 5.24475E-01 6.64267E-01 7.35455E-01 4.19189E-01 3.38594E-01 2.26207E-01 7.45419E+00 
2.46016E-01 3.55751E-01 4.34687E-01 5.12163E-01 5.39630E-01 6.82717E-01 7.56153E-01 4.34359E-01 3.55751E-01 2.46016E-01 7.57690E+00 
2.65283E-01 3.72380E-01 4.49478E-01 5.26768E-01 5.54205E-01 7.00542E-01 7.76249E-01 4.49015E-01 3.72380E-01 2.65283E-01 7.67699E+00 
2.63709E-03 3.12952E-02 9.14426E-02 1.70422E-01 1.97709E-01 2.81947E-01 3.18305E-01 9.35047E-02 3.12952E-02 2.63709E-03 1.45750E+00 
2.63709E-03 3.12952E-02 1.00460E-01 1.79888E-01 2.07274E-01 2.94519E-01 3.32330E-01 1.02422E-01 3.12952E-02 2.63709E-03 1.73459E+00 
2.63709E-03 4.76115E-03 1.09842E-01 1.89689E-01 2.17167E-01 3.07421E-01 3.46710E-01 1.11702E-01 4.76115E-03 2.63709E-03 2.00730E+00 
2.63709E-03 1.60890E-02 1.19591E-01 1.99826E-01 2.27391E-01 3.20656E-01 3.61453E-01 1.21349E-01 1.60890E-02 2.63709E-03 2.27156E+00 
2.63709E-03 2.78149E-02 1.29727E-01 2.10324E-01 2.37971E-01 3.34289E-01 3.76640E-01 1.31379E-01 2.78149E-02 2.63709E-03 2.54037E+00 
2.63709E-03 3.99219E-02 1.40236E-01 2.21167E-01 2.48891E-01 3.48298E-01 3.92248E-01 1.41778E-01 3.99219E-02 2.63709E-03 2.81240E+00 
2.63709E-03 5.23917E-02 1.51099E-01 2.32336E-01 2.60133E-01 3.62661E-01 4.08254E-01 1.52530E-01 5.23917E-02 2.63709E-03 3.08632E+00 
2.63709E-03 6.22754E-02 1.59735E-01 2.41189E-01 2.69037E-01 3.74000E-01 4.20894E-01 1.61079E-01 6.22754E-02 2.63709E-03 3.29864E+00 
2.63709E-03 6.52024E-02 1.62297E-01 2.43810E-01 2.71673E-01 3.77351E-01 4.24629E-01 1.63615E-01 6.52024E-02 2.63709E-03 3.36067E+00 
2.63709E-03 7.93688E-02 1.74721E-01 2.56494E-01 2.84423E-01 3.93522E-01 4.42666E-01 1.75913E-01 7.93688E-02 2.63709E-03 3.65530E+00 
2.63709E-03 9.38678E-02 1.87474E-01 2.69468E-01 2.97456E-01 4.09998E-01 4.61055E-01 1.88538E-01 9.38678E-02 2.63709E-03 3.94683E+00 
2.63709E-03 1.08661E-01 2.00521E-01 2.82695E-01 3.10734E-01 4.26734E-01 4.79751E-01 2.01455E-01 1.08661E-01 2.63709E-03 4.23340E+00 
2.63709E-03 1.23705E-01 2.13820E-01 2.96131E-01 3.24214E-01 4.43682E-01 4.98702E-01 2.14621E-01 1.23705E-01 2.63709E-03 4.51311E+00 
1.47419E-02 1.38978E-01 2.27367E-01 3.09769E-01 3.37885E-01 4.60781E-01 5.17823E-01 2.28035E-01 1.38978E-01 1.47419E-02 4.75479E+00 
3.26857E-02 1.54423E-01 2.41083E-01 3.23530E-01 3.51673E-01 4.78007E-01 5.37120E-01 2.41616E-01 1.54423E-01 3.26857E-02 4.98151E+00 
5.07539E-02 1.69978E-01 2.54903E-01 3.37349E-01 3.65510E-01 4.95297E-01 5.56533E-01 2.55299E-01 1.69978E-01 5.07539E-02 5.19768E+00 
6.88792E-02 1.85579E-01 2.68765E-01 3.51163E-01 3.79333E-01 5.12580E-01 5.75988E-01 2.69022E-01 1.85579E-01 6.88792E-02 5.40166E+00 
8.69921E-02 2.01160E-01 2.82607E-01 3.64907E-01 3.93076E-01 5.29780E-01 5.95406E-01 2.82722E-01 2.01160E-01 8.69921E-02 5.59192E+00 
1.05021E-01 2.16654E-01 2.96363E-01 3.78513E-01 4.06673E-01 5.46823E-01 6.14710E-01 2.96334E-01 2.16654E-01 1.05021E-01 5.76709E+00 
1.22894E-01 2.31991E-01 3.09965E-01 3.91914E-01 4.20055E-01 5.63632E-01 6.33818E-01 3.09792E-01 2.31991E-01 1.22894E-01 5.92595E+00 
1.40538E-01 2.47102E-01 3.23346E-01 4.05041E-01 4.33153E-01 5.80129E-01 6.52650E-01 3.23028E-01 2.47102E-01 1.40538E-01 6.06751E+00 
1.57880E-01 2.61917E-01 3.36439E-01 4.17827E-01 4.45899E-01 5.96237E-01 6.71124E-01 3.35975E-01 2.61917E-01 1.57880E-01 6.19095E+00 
1.74849E-01 2.76368E-01 3.49177E-01 4.30205E-01 4.58226E-01 6.11882E-01 6.89161E-01 3.48567E-01 2.76368E-01 1.74849E-01 6.29569E+00 
1.91377E-01 2.90391E-01 3.61497E-01 4.42110E-01 4.70071E-01 6.26990E-01 7.06683E-01 3.60742E-01 2.90391E-01 1.91377E-01 6.38134E+00 
2.07397E-01 3.03920E-01 3.73336E-01 4.53481E-01 4.81371E-01 6.41490E-01 7.23615E-01 3.72436E-01 3.03920E-01 2.07397E-01 6.44774E+00 
2.22847E-01 3.16896E-01 3.84637E-01 4.64261E-01 4.92067E-01 6.55317E-01 7.39886E-01 3.83592E-01 3.16896E-01 2.22847E-01 6.49493E+00 
2.30011E-03 2.85064E-02 8.08977E-02 1.68290E-01 1.96817E-01 2.97752E-01 3.38591E-01 8.26785E-02 2.85064E-02 2.30011E-03 1.59609E+00 
2.30011E-03 2.85064E-02 8.92537E-02 1.76818E-01 2.05403E-01 3.09546E-01 3.52082E-01 9.09118E-02 2.85064E-02 2.30011E-03 1.84224E+00 
2.30011E-03 4.37207E-03 9.78809E-02 1.85586E-01 2.14222E-01 3.21563E-01 3.65820E-01 9.94153E-02 4.37207E-03 2.30011E-03 2.08165E+00 
2.30011E-03 1.47223E-02 1.06780E-01 1.94591E-01 2.23274E-01 3.33805E-01 3.79810E-01 1.08189E-01 1.47223E-02 2.30011E-03 2.31070E+00 
2.30011E-03 2.53623E-02 1.15959E-01 2.03847E-01 2.32571E-01 3.46323E-01 3.94124E-01 1.17241E-01 2.53623E-02 2.30011E-03 2.54137E+00 
2.30011E-03 3.62734E-02 1.25401E-01 2.13334E-01 2.42093E-01 3.59094E-01 4.08736E-01 1.26553E-01 3.62734E-02 2.30011E-03 2.77247E+00 
2.30011E-03 4.74354E-02 1.35087E-01 2.23032E-01 2.51822E-01 3.72092E-01 4.23620E-01 1.36107E-01 4.74354E-02 2.30011E-03 3.00278E+00 
2.30011E-03 5.62297E-02 1.42737E-01 2.30667E-01 2.59476E-01 3.82287E-01 4.35305E-01 1.43653E-01 5.62297E-02 2.30011E-03 3.17962E+00 
2.30011E-03 5.88253E-02 1.44997E-01 2.32919E-01 2.61733E-01 3.85289E-01 4.38747E-01 1.45883E-01 5.88253E-02 2.30011E-03 3.23102E+00 
2.30011E-03 7.13328E-02 1.55906E-01 2.43762E-01 2.72596E-01 3.99706E-01 4.55291E-01 1.56644E-01 7.13328E-02 2.30011E-03 3.47335E+00 
2.30011E-03 8.40416E-02 1.67014E-01 2.54762E-01 2.83609E-01 4.14278E-01 4.72036E-01 1.67603E-01 8.40416E-02 2.30011E-03 3.71022E+00 
2.30011E-03 9.69144E-02 1.78286E-01 2.65883E-01 2.94733E-01 4.28960E-01 4.88935E-01 1.78725E-01 9.69144E-02 2.30011E-03 3.94008E+00 
2.30011E-03 1.09911E-01 1.89684E-01 2.77083E-01 3.05930E-01 4.43706E-01 5.05939E-01 1.89970E-01 1.09911E-01 2.30011E-03 4.16143E+00 
1.28290E-02 1.23014E-01 2.01208E-01 2.88365E-01 3.17199E-01 4.58463E-01 5.22965E-01 2.01342E-01 1.23014E-01 1.28290E-02 4.34706E+00 
2.83490E-02 1.36168E-01 2.12779E-01 2.99646E-01 3.28459E-01 4.73204E-01 5.40019E-01 2.12760E-01 1.36168E-01 2.83490E-02 4.51754E+00 
4.38709E-02 1.49313E-01 2.24338E-01 3.10865E-01 3.39648E-01 4.87867E-01 5.57045E-01 2.24164E-01 1.49313E-01 4.38709E-02 4.67697E+00 
5.93349E-02 1.62394E-01 2.35830E-01 3.21968E-01 3.50711E-01 5.02389E-01 5.73973E-01 2.35500E-01 1.62394E-01 5.93349E-02 4.82412E+00 
7.46805E-02 1.75353E-01 2.47201E-01 3.32897E-01 3.61592E-01 5.16705E-01 5.90735E-01 2.46714E-01 1.75353E-01 7.46805E-02 4.95792E+00 
8.98463E-02 1.88134E-01 2.58394E-01 3.43598E-01 3.72234E-01 5.30747E-01 6.07259E-01 2.57750E-01 1.88134E-01 8.98463E-02 5.07743E+00 
1.04771E-01 2.00677E-01 2.69354E-01 3.54013E-01 3.82581E-01 5.44450E-01 6.23475E-01 2.68553E-01 2.00677E-01 1.04771E-01 5.18189E+00 
1.19395E-01 2.12926E-01 2.80026E-01 3.64089E-01 3.92578E-01 5.57750E-01 6.39313E-01 2.79068E-01 2.12926E-01 1.19395E-01 5.27071E+00 
1.33659E-01 2.24825E-01 2.90356E-01 3.73770E-01 4.02170E-01 5.70582E-01 6.54704E-01 2.89241E-01 2.24825E-01 1.33659E-01 5.34350E+00 
1.47506E-01 2.36320E-01 3.00291E-01 3.83005E-01 4.11305E-01 5.82886E-01 6.69582E-01 2.99022E-01 2.36320E-01 1.47506E-01 5.40003E+00 
1.60882E-01 2.47361E-01 3.09782E-01 3.91745E-01 4.19935E-01 5.94603E-01 6.83884E-01 3.08360E-01 2.47361E-01 1.60882E-01 5.44027E+00 
1.73737E-01 2.57899E-01 3.18782E-01 3.99946E-01 4.28014E-01 6.05680E-01 6.97549E-01 3.17209E-01 2.57899E-01 1.73737E-01 5.46434E+00 
1.86025E-01 2.67889E-01 3.27249E-01 4.07564E-01 4.35500E-01 6.16065E-01 7.10521E-01 3.25527E-01 2.67889E-01 1.86025E-01 5.47256E+00 
1.99225E-03 2.57289E-02 7.15263E-02 1.65793E-01 1.95263E-01 3.15070E-01 3.61581E-01 7.28620E-02 2.57289E-02 1.99225E-03 1.70821E+00 
1.99225E-03 2.57289E-02 7.91837E-02 1.73321E-01 2.02810E-01 3.25975E-01 3.74443E-01 8.03735E-02 2.57289E-02 1.99225E-03 1.92250E+00 
1.99225E-03 3.97658E-03 8.70321E-02 1.81007E-01 2.10510E-01 3.37008E-01 3.87456E-01 8.80755E-02 3.97658E-03 1.99225E-03 2.12839E+00 
1.99225E-03 1.33457E-02 9.50711E-02 1.88851E-01 2.18362E-01 3.48170E-01 4.00620E-01 9.59677E-02 1.33457E-02 1.99225E-03 2.32267E+00 
1.99225E-03 2.29136E-02 1.03301E-01 1.96851E-01 2.26364E-01 3.59503E-01 4.14003E-01 1.04048E-01 2.29136E-02 1.99225E-03 2.51636E+00 
1.99225E-03 3.26608E-02 1.11703E-01 2.04988E-01 2.34498E-01 3.70980E-01 4.27575E-01 1.12299E-01 3.26608E-02 1.99225E-03 2.70838E+00 
1.99225E-03 4.25668E-02 1.20258E-01 2.13242E-01 2.42743E-01 3.82576E-01 4.41310E-01 1.20702E-01 4.25668E-02 1.99225E-03 2.89768E+00 
1.99225E-03 5.03262E-02 1.26970E-01 2.19695E-01 2.49186E-01 3.91612E-01 4.52029E-01 1.27295E-01 5.03262E-02 1.99225E-03 3.04160E+00 
1.99225E-03 5.26088E-02 1.28947E-01 2.21592E-01 2.51078E-01 3.94262E-01 4.55176E-01 1.29236E-01 5.26088E-02 1.99225E-03 3.08319E+00 
1.99225E-03 6.35610E-02 1.38437E-01 2.30674E-01 2.60137E-01 4.06929E-01 4.70237E-01 1.38559E-01 6.35610E-02 1.99225E-03 3.27775E+00 
1.99225E-03 7.46105E-02 1.48023E-01 2.39808E-01 2.69240E-01 4.19625E-01 4.85370E-01 1.47977E-01 7.46105E-02 1.99225E-03 3.46540E+00 
1.99225E-03 8.57227E-02 1.57673E-01 2.48961E-01 2.78353E-01 4.32310E-01 5.00530E-01 1.57457E-01 8.57227E-02 1.99225E-03 3.64491E+00 
1.99225E-03 9.68607E-02 1.67351E-01 2.58096E-01 2.87441E-01 4.44939E-01 5.15669E-01 1.66966E-01 9.68607E-02 1.99225E-03 3.81510E+00 
1.10873E-02 1.08014E-01 1.77063E-01 2.67223E-01 2.96513E-01 4.57468E-01 5.30710E-01 1.76510E-01 1.08014E-01 1.10873E-02 3.95243E+00 
2.44199E-02 1.19126E-01 1.86732E-01 2.76260E-01 3.05484E-01 4.69866E-01 5.45657E-01 1.86011E-01 1.19126E-01 2.44199E-02 4.07512E+00 
3.76652E-02 1.30146E-01 1.96304E-01 2.85150E-01 3.14300E-01 4.82078E-01 5.60460E-01 1.95415E-01 1.30146E-01 3.76652E-02 4.18695E+00 
5.07716E-02 1.41024E-01 2.05735E-01 2.93847E-01 3.22914E-01 4.94048E-01 5.75056E-01 2.04677E-01 1.41024E-01 5.07716E-02 4.28708E+00 
6.36873E-02 1.51713E-01 2.14976E-01 3.02306E-01 3.31278E-01 5.05718E-01 5.89384E-01 2.13751E-01 1.51713E-01 6.36873E-02 4.37480E+00 
7.63612E-02 1.62165E-01 2.23983E-01 3.10479E-01 3.39348E-01 5.17032E-01 6.03382E-01 2.22592E-01 1.62165E-01 7.63612E-02 4.44952E+00 
8.87427E-02 1.72332E-01 2.32709E-01 3.18323E-01 3.47079E-01 5.27935E-01 6.16987E-01 2.31153E-01 1.72332E-01 8.87427E-02 4.51084E+00 
1.00783E-01 1.82169E-01 2.41112E-01 3.25794E-01 3.54425E-01 5.38374E-01 6.30141E-01 2.39393E-01 1.82169E-01 1.00783E-01 4.55849E+00 
1.12436E-01 1.91632E-01 2.49148E-01 3.32851E-01 3.61348E-01 5.48297E-01 6.42786E-01 2.47268E-01 1.91632E-01 1.12436E-01 4.59237E+00 
1.23657E-01 2.00680E-01 2.56777E-01 3.39456E-01 3.67807E-01 5.57656E-01 6.54869E-01 2.54741E-01 2.00680E-01 1.23657E-01 4.61253E+00 
1.34406E-01 2.09274E-01 2.63964E-01 3.45573E-01 3.73768E-01 5.66407E-01 6.66336E-01 2.61774E-01 2.09274E-01 1.34406E-01 4.61916E+00 
1.44645E-01 2.17380E-01 2.70674E-01 3.51170E-01 3.79198E-01 5.74508E-01 6.77142E-01 2.68334E-01 2.17380E-01 1.44645E-01 4.61259E+00 
1.54341E-01 2.24966E-01 2.76877E-01 3.56220E-01 3.84069E-01 5.81925E-01 6.87243E-01 2.74392E-01 2.24966E-01 1.54341E-01 4.59328E+00 
1.71334E-03 2.29962E-02 6.32671E-02 1.62614E-01 1.92737E-01 3.33529E-01 3.87098E-01 6.39491E-02 2.29962E-02 1.71334E-03 1.78729E+00 
1.71334E-03 2.29962E-02 7.02006E-02 1.69098E-01 1.99207E-01 3.43433E-01 3.99231E-01 7.07146E-02 2.29962E-02 1.71334E-03 1.96977E+00 
1.71334E-03 3.58000E-03 7.72590E-02 1.75676E-01 2.05765E-01 3.53385E-01 4.11427E-01 7.76058E-02 3.58000E-03 1.71334E-03 2.14282E+00 
1.71334E-03 1.19770E-02 8.44416E-02 1.82346E-01 2.12409E-01 3.63385E-01 4.23689E-01 8.46217E-02 1.19770E-02 1.71334E-03 2.30368E+00 
1.71334E-03 2.04988E-02 9.17417E-02 1.89098E-01 2.19129E-01 3.73463E-01 4.36075E-01 9.17538E-02 2.04988E-02 1.71334E-03 2.46235E+00 
1.71334E-03 2.91261E-02 9.91417E-02 1.95912E-01 2.25906E-01 3.83595E-01 4.48558E-01 9.89846E-02 2.91261E-02 1.71334E-03 2.61795E+00 
1.71334E-03 3.78391E-02 1.06623E-01 2.02769E-01 2.32720E-01 3.93754E-01 4.61108E-01 1.06296E-01 3.78391E-02 1.71334E-03 2.76957E+00 
1.71334E-03 4.46260E-02 1.12455E-01 2.08093E-01 2.38005E-01 4.01616E-01 4.70846E-01 1.11996E-01 4.46260E-02 1.71334E-03 2.88361E+00 
1.71334E-03 4.66162E-02 1.14166E-01 2.09650E-01 2.39551E-01 4.03913E-01 4.73695E-01 1.13668E-01 4.66162E-02 1.71334E-03 2.91635E+00 
1.71334E-03 5.61259E-02 1.22342E-01 2.17071E-01 2.46910E-01 4.14833E-01 4.87272E-01 1.21661E-01 5.61259E-02 1.71334E-03 3.06823E+00 
1.71334E-03 6.56540E-02 1.30537E-01 2.24466E-01 2.54236E-01 4.25682E-01 5.00813E-01 1.29673E-01 6.56540E-02 1.71334E-03 3.21249E+00 
1.71334E-03 7.51692E-02 1.38720E-01 2.31805E-01 2.61498E-01 4.36422E-01 5.14275E-01 1.37673E-01 7.51692E-02 1.71334E-03 3.34821E+00 
1.71334E-03 8.46391E-02 1.46860E-01 2.39058E-01 2.68665E-01 4.47012E-01 5.27614E-01 1.45632E-01 8.46391E-02 1.71334E-03 3.47453E+00 
9.51466E-03 9.40576E-02 1.54966E-01 2.46242E-01 2.75754E-01 4.57417E-01 5.40756E-01 1.53560E-01 9.40576E-02 9.51466E-03 3.57117E+00 
2.08895E-02 1.03372E-01 1.62967E-01 2.53275E-01 2.82683E-01 4.67604E-01 5.53708E-01 1.61385E-01 1.03372E-01 2.08895E-02 3.65419E+00 
3.21164E-02 1.12537E-01 1.70816E-01 2.60107E-01 2.89402E-01 4.77524E-01 5.66424E-01 1.69059E-01 1.12537E-01 3.21164E-02 3.72706E+00 
4.31515E-02 1.21513E-01 1.78474E-01 2.66702E-01 2.95873E-01 4.87127E-01 5.78847E-01 1.76544E-01 1.21513E-01 4.31515E-02 3.78924E+00 
5.39518E-02 1.30258E-01 1.85903E-01 2.73020E-01 3.02058E-01 4.96365E-01 5.90924E-01 1.83802E-01 1.30258E-01 5.39518E-02 3.84029E+00 
6.44752E-02 1.38735E-01 1.93066E-01 2.79028E-01 3.07921E-01 5.05191E-01 6.02600E-01 1.90797E-01 1.38735E-01 6.44752E-02 3.87994E+00 
7.46811E-02 1.46905E-01 1.99927E-01 2.84689E-01 3.13428E-01 5.13559E-01 6.13823E-01 1.97494E-01 1.46905E-01 7.46811E-02 3.90802E+00 
8.45312E-02 1.54734E-01 2.06452E-01 2.89973E-01 3.18546E-01 5.21428E-01 6.24543E-01 2.03859E-01 1.54734E-01 8.45312E-02 3.92450E+00 
9.39893E-02 1.62187E-01 2.12609E-01 2.94848E-01 3.23245E-01 5.28756E-01 6.34712E-01 2.09861E-01 1.62187E-01 9.39893E-02 3.92948E+00 
1.03022E-01 1.69235E-01 2.18369E-01 2.99287E-01 3.27497E-01 5.35508E-01 6.44286E-01 2.15470E-01 1.69235E-01 1.03022E-01 3.92320E+00 
1.11600E-01 1.75848E-01 2.23704E-01 3.03267E-01 3.31278E-01 5.41650E-01 6.53225E-01 2.20661E-01 1.75848E-01 1.11600E-01 3.90598E+00 
1.19697E-01 1.82004E-01 2.28593E-01 3.06766E-01 3.34568E-01 5.47152E-01 6.61492E-01 2.25410E-01 1.82004E-01 1.19697E-01 3.87827E+00 
1.27289E-01 1.87681E-01 2.33016E-01 3.09767E-01 3.37348E-01 5.51991E-01 6.69054E-01 2.29700E-01 1.87681E-01 1.27289E-01 3.84060E+00 
1.46459E-03 2.03653E-02 5.61089E-02 1.58462E-01 1.88991E-01 3.52555E-01 4.14685E-01 5.58938E-02 2.03653E-02 1.46459E-03 1.82836E+00 
1.46459E-03 2.03653E-02 6.23124E-02 1.63893E-01 1.94379E-01 3.61363E-01 4.25990E-01 6.19124E-02 2.03653E-02 1.46459E-03 1.98030E+00 
1.46459E-03 3.19151E-03 6.85890E-02 1.69370E-01 1.99808E-01 3.70152E-01 4.37285E-01 6.80059E-02 3.19151E-03 1.46459E-03 2.12239E+00 
1.46459E-03 1.06466E-02 7.49377E-02 1.74891E-01 2.05275E-01 3.78921E-01 4.48570E-01 7.41737E-02 1.06466E-02 1.46459E-03 2.25225E+00 
1.46459E-03 1.81690E-02 8.13473E-02 1.80435E-01 2.10760E-01 3.87693E-01 4.59901E-01 8.04021E-02 1.81690E-02 1.46459E-03 2.37893E+00 
1.46459E-03 2.57405E-02 8.78009E-02 1.85986E-01 2.16245E-01 3.96444E-01 4.71247E-01 8.66746E-02 2.57405E-02 1.46459E-03 2.50169E+00 
1.46459E-03 3.33425E-02 9.42811E-02 1.91527E-01 2.21714E-01 4.05147E-01 4.82581E-01 9.29744E-02 3.33425E-02 1.46459E-03 2.61982E+00 
1.46459E-03 3.92329E-02 9.93018E-02 1.95797E-01 2.25922E-01 4.11833E-01 4.91323E-01 9.78561E-02 3.92329E-02 1.46459E-03 2.70760E+00 
1.46459E-03 4.09551E-02 1.00769E-01 1.97040E-01 2.27147E-01 4.13777E-01 4.93872E-01 9.92833E-02 4.09551E-02 1.46459E-03 2.73262E+00 
1.46459E-03 4.91518E-02 1.07752E-01 2.02932E-01 2.32945E-01 4.22970E-01 5.05964E-01 1.06074E-01 4.91518E-02 1.46459E-03 2.84753E+00 
1.46459E-03 5.73103E-02 1.14697E-01 2.08744E-01 2.38655E-01 4.32013E-01 5.17931E-01 1.12829E-01 5.73103E-02 1.46459E-03 2.95473E+00 
1.46459E-03 6.54034E-02 1.21577E-01 2.14451E-01 2.44253E-01 4.40871E-01 5.29733E-01 1.19522E-01 6.54034E-02 1.46459E-03 3.05356E+00 
1.46459E-03 7.34028E-02 1.28366E-01 2.20029E-01 2.49711E-01 4.49509E-01 5.41330E-01 1.26127E-01 7.34028E-02 1.46459E-03 3.14339E+00 
8.11664E-03 8.13060E-02 1.35074E-01 2.25501E-01 2.55055E-01 4.57900E-01 5.52651E-01 1.32657E-01 8.13060E-02 8.11664E-03 3.20687E+00 
1.77660E-02 8.90651E-02 1.41637E-01 2.30787E-01 2.60203E-01 4.66009E-01 5.63705E-01 1.39046E-01 8.90651E-02 1.77660E-02 3.25805E+00 
2.72304E-02 9.66412E-02 1.48015E-01 2.35844E-01 2.65111E-01 4.73792E-01 5.74451E-01 1.45252E-01 9.66412E-02 2.72304E-02 3.30011E+00 
3.64731E-02 1.04001E-01 1.54176E-01 2.40642E-01 2.69751E-01 4.81208E-01 5.84839E-01 1.51245E-01 1.04001E-01 3.64731E-02 3.33272E+00 
4.54589E-02 1.11112E-01 1.60089E-01 2.45152E-01 2.74091E-01 4.88215E-01 5.94820E-01 1.56995E-01 1.11112E-01 4.54589E-02 3.35569E+00 
5.41539E-02 1.17943E-01 1.65724E-01 2.49347E-01 2.78106E-01 4.94776E-01 6.04348E-01 1.62473E-01 1.17943E-01 5.41539E-02 3.36891E+00 
6.25260E-02 1.24466E-01 1.71055E-01 2.53202E-01 2.81769E-01 5.00854E-01 6.13378E-01 1.67651E-01 1.24466E-01 6.25260E-02 3.37241E+00 
7.05456E-02 1.30652E-01 1.76055E-01 2.56693E-01 2.85057E-01 5.06415E-01 6.21870E-01 1.72505E-01 1.30652E-01 7.05456E-02 3.36631E+00 
7.81855E-02 1.36477E-01 1.80700E-01 2.59799E-01 2.87949E-01 5.11431E-01 6.29783E-01 1.77011E-01 1.36477E-01 7.81855E-02 3.35086E+00 
8.54215E-02 1.41919E-01 1.84971E-01 2.62503E-01 2.90427E-01 5.15873E-01 6.37084E-01 1.81149E-01 1.41919E-01 8.54215E-02 3.32637E+00 
9.22323E-02 1.46959E-01 1.88848E-01 2.64789E-01 2.92475E-01 5.19718E-01 6.43739E-01 1.84902E-01 1.46959E-01 9.22323E-02 3.29326E+00 
9.85999E-02 1.51581E-01 1.92317E-01 2.66644E-01 2.94081E-01 5.22947E-01 6.49722E-01 1.88254E-01 1.51581E-01 9.85999E-02 3.25202E+00 
1.04510E-01 1.55772E-01 1.95367E-01 2.68060E-01 2.95237E-01 5.25545E-01 6.55009E-01 1.91195E-01 1.55772E-01 1.04510E-01 3.20320E+00 
1.24447E-03 1.78715E-02 4.99636E-02 1.53067E-01 1.83831E-01 3.71685E-01 4.44015E-01 4.85853E-02 1.78715E-02 1.24447E-03 1.82984E+00 
1.24447E-03 1.78715E-02 5.54455E-02 1.57466E-01 1.88165E-01 3.79311E-01 4.54396E-01 5.38739E-02 1.78715E-02 1.24447E-03 1.95343E+00 
1.24447E-03 2.81749E-03 6.09614E-02 1.61878E-01 1.92507E-01 3.86868E-01 4.64705E-01 5.92002E-02 2.81749E-03 1.24447E-03 2.06723E+00 
1.24447E-03 9.37458E-03 6.65104E-02 1.66300E-01 1.96853E-01 3.94350E-01 4.74942E-01 6.45634E-02 9.37458E-03 1.24447E-03 2.16922E+00 
1.24447E-03 1.59564E-02 7.20781E-02 1.70705E-01 2.01175E-01 4.01774E-01 4.85154E-01 6.99465E-02 1.59564E-02 1.24447E-03 2.26752E+00 
1.24447E-03 2.25459E-02 7.76487E-02 1.75079E-01 2.05459E-01 4.09115E-01 4.95314E-01 7.53343E-02 2.25459E-02 1.24447E-03 2.36154E+00 
1.24447E-03 2.91263E-02 8.32065E-02 1.79407E-01 2.09689E-01 4.16350E-01 5.05394E-01 8.07117E-02 2.91263E-02 1.24447E-03 2.45070E+00 
1.24447E-03 3.42004E-02 8.74875E-02 1.82714E-01 2.12916E-01 4.21859E-01 5.13121E-01 8.48549E-02 3.42004E-02 1.24447E-03 2.51603E+00 
1.24447E-03 3.56798E-02 8.87348E-02 1.83672E-01 2.13850E-01 4.23454E-01 5.15365E-01 8.60622E-02 3.56798E-02 1.24447E-03 2.53448E+00 
1.24447E-03 4.26948E-02 9.46427E-02 1.88184E-01 2.18241E-01 4.30941E-01 5.25960E-01 9.17821E-02 4.26948E-02 1.24447E-03 2.61823E+00 
1.24447E-03 4.96338E-02 1.00474E-01 1.92584E-01 2.22511E-01 4.38217E-01 5.36357E-01 9.74297E-02 4.96338E-02 1.24447E-03 2.69461E+00 
1.24447E-03 5.64731E-02 1.06207E-01 1.96853E-01 2.26640E-01 4.45252E-01 5.46518E-01 1.02983E-01 5.64731E-02 1.24447E-03 2.76313E+00 
1.24447E-03 6.31887E-02 1.11817E-01 2.00969E-01 2.30606E-01 4.52015E-01 5.56407E-01 1.08420E-01 6.31887E-02 1.24447E-03 2.82340E+00 
6.88340E-03 6.97806E-02 1.17318E-01 2.04961E-01 2.34440E-01 4.58490E-01 5.65961E-01 1.13756E-01 6.97806E-02 6.88340E-03 2.86061E+00 
1.50232E-02 7.62062E-02 1.22652E-01 2.08752E-01 2.38062E-01 4.64638E-01 5.75185E-01 1.18929E-01 7.62062E-02 1.50232E-02 2.88702E+00 
2.29589E-02 8.24327E-02 1.27784E-01 2.12305E-01 2.41435E-01 4.70420E-01 5.84043E-01 1.23906E-01 8.24327E-02 2.29589E-02 2.90545E+00 
3.06606E-02 8.84329E-02 1.32689E-01 2.15598E-01 2.44536E-01 4.75802E-01 5.92491E-01 1.28663E-01 8.84329E-02 3.06606E-02 2.91578E+00 
3.80996E-02 9.41810E-02 1.37343E-01 2.18609E-01 2.47344E-01 4.80749E-01 6.00486E-01 1.33174E-01 9.41810E-02 3.80996E-02 2.91793E+00 
4.52491E-02 9.96527E-02 1.41722E-01 2.21319E-01 2.49837E-01 4.85232E-01 6.07989E-01 1.37419E-01 9.96527E-02 4.52491E-02 2.91197E+00 
5.20842E-02 1.04826E-01 1.45805E-01 2.23708E-01 2.51999E-01 4.89222E-01 6.14963E-01 1.41376E-01 1.04826E-01 5.20842E-02 2.89803E+00 
5.85825E-02 1.09680E-01 1.49575E-01 2.25761E-01 2.53812E-01 4.92695E-01 6.21373E-01 1.45027E-01 1.09680E-01 5.85825E-02 2.87632E+00 
6.47241E-02 1.14197E-01 1.53014E-01 2.27465E-01 2.55264E-01 4.95629E-01 6.27187E-01 1.48355E-01 1.14197E-01 6.47241E-02 2.84717E+00 
7.04918E-02 1.18362E-01 1.56108E-01 2.28808E-01 2.56343E-01 4.98004E-01 6.32379E-01 1.51348E-01 1.18362E-01 7.04918E-02 2.81093E+00 
7.58712E-02 1.22162E-01 1.58846E-01 2.29783E-01 2.57042E-01 4.99807E-01 6.36924E-01 1.53994E-01 1.22162E-01 7.58712E-02 2.76806E+00 
8.08511E-02 1.25589E-01 1.61219E-01 2.30384E-01 2.57355E-01 5.01025E-01 6.40802E-01 1.56285E-01 1.25589E-01 8.08511E-02 2.71905E+00 
8.54231E-02 1.28634E-01 1.63221E-01 2.30609E-01 2.57278E-01 5.01652E-01 6.43997E-01 1.58215E-01 1.28634E-01 8.54231E-02 2.66443E+00 
1.05241E-03 1.55608E-02 4.47663E-02 1.46270E-01 1.77191E-01 3.90330E-01 4.74546E-01 4.19706E-02 1.55608E-02 1.05241E-03 1.79307E+00 
1.05241E-03 1.55608E-02 4.95526E-02 1.49697E-01 1.80536E-01 3.96715E-01 4.83917E-01 4.65686E-02 1.55608E-02 1.05241E-03 1.89141E+00 
1.05241E-03 2.46624E-03 5.43451E-02 1.53117E-01 1.83866E-01 4.02990E-01 4.93165E-01 5.11783E-02 2.46624E-03 1.05241E-03 1.98040E+00 
1.05241E-03 8.18710E-03 5.91431E-02 1.56527E-01 1.87179E-01 4.09150E-01 5.02286E-01 5.57989E-02 8.18710E-03 1.05241E-03 2.05833E+00 
1.05241E-03 1.39028E-02 6.39299E-02 1.59894E-01 1.90443E-01 4.15202E-01 5.11325E-01 6.04115E-02 1.39028E-02 1.05241E-03 2.13242E+00 
1.05241E-03 1.95978E-02 6.86913E-02 1.63207E-01 1.93644E-01 4.21123E-01 5.20253E-01 6.50023E-02 1.95978E-02 1.05241E-03 2.20220E+00 
1.05241E-03 2.52571E-02 7.34130E-02 1.66452E-01 1.96769E-01 4.26892E-01 5.29043E-01 6.95576E-02 2.52571E-02 1.05241E-03 2.26724E+00 
1.05241E-03 2.96013E-02 7.70298E-02 1.68908E-01 1.99127E-01 4.31237E-01 5.35733E-01 7.30488E-02 2.96013E-02 1.05241E-03 2.31405E+00 
1.05241E-03 3.08647E-02 7.80801E-02 1.69616E-01 1.99805E-01 4.32487E-01 5.37668E-01 7.40631E-02 3.08647E-02 1.05241E-03 2.32713E+00 
1.05241E-03 3.68346E-02 8.30341E-02 1.72922E-01 2.02963E-01 4.38300E-01 5.46751E-01 7.88484E-02 3.68346E-02 1.05241E-03 2.38554E+00 
1.05241E-03 4.27055E-02 8.78879E-02 1.76101E-01 2.05985E-01 4.43858E-01 5.55576E-01 8.35401E-02 4.27055E-02 1.05241E-03 2.43715E+00 
1.05241E-03 4.84570E-02 9.26227E-02 1.79138E-01 2.08853E-01 4.49135E-01 5.64106E-01 8.81197E-02 4.84570E-02 1.05241E-03 2.48166E+00 
1.05241E-03 5.40688E-02 9.72190E-02 1.82015E-01 2.11551E-01 4.54105E-01 5.72310E-01 9.25683E-02 5.40688E-02 1.05241E-03 2.51882E+00 
5.81043E-03 5.95425E-02 1.01690E-01 1.84765E-01 2.14112E-01 4.58761E-01 5.80132E-01 9.69009E-02 5.95425E-02 5.81043E-03 2.53603E+00 
1.26467E-02 6.48408E-02 1.05984E-01 1.87314E-01 2.16460E-01 4.63061E-01 5.87574E-01 1.01064E-01 6.48408E-02 1.26467E-02 2.54392E+00 
1.92734E-02 6.99365E-02 1.10072E-01 1.89632E-01 2.18565E-01 4.66969E-01 5.94604E-01 1.05030E-01 6.99365E-02 1.92734E-02 2.54500E+00 
2.56659E-02 7.48076E-02 1.13935E-01 1.91701E-01 2.20408E-01 4.70458E-01 6.01182E-01 1.08779E-01 7.48076E-02 2.56659E-02 2.53926E+00 
3.18014E-02 7.94336E-02 1.17554E-01 1.93507E-01 2.21974E-01 4.73501E-01 6.07272E-01 1.12291E-01 7.94336E-02 3.18014E-02 2.52674E+00 
3.76590E-02 8.37960E-02 1.20910E-01 1.95034E-01 2.23250E-01 4.76074E-01 6.12840E-01 1.15551E-01 8.37960E-02 3.76590E-02 2.50757E+00 
4.32196E-02 8.78779E-02 1.23989E-01 1.96271E-01 2.24222E-01 4.78158E-01 6.17856E-01 1.18542E-01 8.78779E-02 4.32196E-02 2.48196E+00 
4.84666E-02 9.16647E-02 1.26776E-01 1.97208E-01 2.24880E-01 4.79733E-01 6.22290E-01 1.21253E-01 9.16647E-02 4.84666E-02 2.45019E+00 
5.33858E-02 9.51439E-02 1.29262E-01 1.97837E-01 2.25218E-01 4.80785E-01 6.26119E-01 1.23671E-01 9.51439E-02 5.33858E-02 2.41259E+00 
5.79656E-02 9.83056E-02 1.31438E-01 1.98153E-01 2.25229E-01 4.81304E-01 6.29322E-01 1.25790E-01 9.83056E-02 5.79656E-02 2.36956E+00 
6.21969E-02 1.01142E-01 1.33296E-01 1.98152E-01 2.24911E-01 4.81281E-01 6.31881E-01 1.27601E-01 1.01142E-01 6.21969E-02 2.32154E+00 
6.60733E-02 1.03649E-01 1.34832E-01 1.97835E-01 2.24264E-01 4.80711E-01 6.33782E-01 1.29102E-01 1.03649E-01 6.60733E-02 2.26899E+00 
6.95913E-02 1.05823E-01 1.36047E-01 1.97202E-01 2.23288E-01 4.79594E-01 6.35018E-01 1.30290E-01 1.05823E-01 6.95913E-02 2.21242E+00 
8.86878E-04 1.34660E-02 4.04111E-02 1.38035E-01 1.69126E-01 4.07948E-01 5.05736E-01 3.59968E-02 1.34660E-02 8.86878E-04 1.72263E+00 
8.86878E-04 1.34660E-02 4.45423E-02 1.40585E-01 1.71574E-01 4.13054E-01 5.14020E-01 3.99613E-02 1.34660E-02 8.86878E-04 1.79943E+00 
8.86878E-04 2.14419E-03 4.86612E-02 1.43119E-01 1.73998E-01 4.18019E-01 5.22138E-01 4.39208E-02 2.14419E-03 8.86878E-04 1.86755E+00 
8.86878E-04 7.10377E-03 5.27671E-02 1.45632E-01 1.76394E-01 4.22840E-01 5.30085E-01 4.78742E-02 7.10377E-03 8.86878E-04 1.92556E+00 
8.86878E-04 1.20384E-02 5.68419E-02 1.48090E-01 1.78726E-01 4.27514E-01 5.37897E-01 5.18016E-02 1.20384E-02 8.86878E-04 1.97983E+00 
8.86878E-04 1.69343E-02 6.08728E-02 1.50480E-01 1.80981E-01 4.32020E-01 5.45549E-01 5.56908E-02 1.69343E-02 8.86878E-04 2.02998E+00 
8.86878E-04 2.17777E-02 6.48471E-02 1.52794E-01 1.83150E-01 4.36339E-01 5.53014E-01 5.95294E-02 2.17777E-02 8.86878E-04 2.07568E+00 
8.86878E-04 2.54804E-02 6.78752E-02 1.54524E-01 1.84762E-01 4.39540E-01 5.58645E-01 6.24568E-02 2.54804E-02 8.86878E-04 2.10780E+00 
8.86878E-04 2.65546E-02 6.87518E-02 1.55019E-01 1.85222E-01 4.40451E-01 5.60266E-01 6.33048E-02 2.65546E-02 8.86878E-04 2.11663E+00 
8.86878E-04 3.16146E-02 7.28688E-02 1.57307E-01 1.87333E-01 4.44632E-01 5.67816E-01 6.72902E-02 3.16146E-02 8.86878E-04 2.15518E+00 
8.86878E-04 3.65633E-02 7.68732E-02 1.59467E-01 1.89303E-01 4.48528E-01 5.75056E-01 7.11714E-02 3.65633E-02 8.86878E-04 2.18763E+00 
8.86878E-04 4.13834E-02 8.07487E-02 1.61484E-01 1.91120E-01 4.52115E-01 5.81955E-01 7.49326E-02 4.13834E-02 8.86878E-04 2.21379E+00 
8.86878E-04 4.60578E-02 8.44792E-02 1.63346E-01 1.92769E-01 4.55372E-01 5.88481E-01 7.85581E-02 4.60578E-02 8.86878E-04 2.23351E+00 
4.88798E-03 5.05891E-02 8.80779E-02 1.65087E-01 1.94287E-01 4.58304E-01 5.94591E-01 8.20624E-02 5.05891E-02 4.88798E-03 2.23613E+00 
1.06113E-02 5.49449E-02 9.14996E-02 1.66639E-01 1.95601E-01 4.60862E-01 6.00280E-01 8.53991E-02 5.49449E-02 1.06113E-02 2.23079E+00 
1.61284E-02 5.91027E-02 9.47205E-02 1.67974E-01 1.96686E-01 4.63015E-01 6.05518E-01 8.85445E-02 5.91027E-02 1.61284E-02 2.21972E+00 
2.14195E-02 6.30450E-02 9.77247E-02 1.69082E-01 1.97529E-01 4.64740E-01 6.10270E-01 9.14831E-02 6.30450E-02 2.14195E-02 2.20298E+00 
2.64664E-02 6.67559E-02 1.00498E-01 1.69951E-01 1.98119E-01 4.66018E-01 6.14506E-01 9.42005E-02 6.67559E-02 2.64664E-02 2.18068E+00 
3.12530E-02 7.02211E-02 1.03026E-01 1.70571E-01 1.98446E-01 4.66832E-01 6.18198E-01 9.66843E-02 7.02211E-02 3.12530E-02 2.15300E+00 
3.57650E-02 7.34282E-02 1.05300E-01 1.70936E-01 1.98503E-01 4.67166E-01 6.21319E-01 9.89234E-02 7.34282E-02 3.57650E-02 2.12019E+00 
3.99903E-02 7.63670E-02 1.07309E-01 1.71040E-01 1.98286E-01 4.67010E-01 6.23849E-01 1.00909E-01 7.63670E-02 3.99903E-02 2.08255E+00 
4.39192E-02 7.90292E-02 1.09048E-01 1.70880E-01 1.97789E-01 4.66356E-01 6.25769E-01 1.02635E-01 7.90292E-02 4.39192E-02 2.04043E+00 
4.75444E-02 8.14089E-02 1.10510E-01 1.70453E-01 1.97013E-01 4.65198E-01 6.27063E-01 1.04095E-01 8.14089E-02 4.75444E-02 1.99420E+00 
5.08606E-02 8.35024E-02 1.11694E-01 1.69761E-01 1.95958E-01 4.63535E-01 6.27721E-01 1.05287E-01 8.35024E-02 5.08606E-02 1.94429E+00 
5.38653E-02 8.53082E-02 1.12599E-01 1.68806E-01 1.94627E-01 4.61368E-01 6.27735E-01 1.06212E-01 8.53082E-02 5.38653E-02 1.89115E+00 
5.65582E-02 8.68268E-02 1.13227E-01 1.67592E-01 1.93025E-01 4.58701E-01 6.27102E-01 1.06869E-01 8.68268E-02 5.65582E-02 1.83523E+00 
7.45770E-04 1.16064E-02 3.67584E-02 1.28471E-01 1.59810E-01 4.24041E-01 5.37039E-01 3.06210E-02 1.16064E-02 7.45770E-04 1.62570E+00 
7.45770E-04 1.16064E-02 4.02860E-02 1.30267E-01 1.61479E-01 4.27849E-01 5.44168E-01 3.40221E-02 1.16064E-02 7.45770E-04 1.68493E+00 
7.45770E-04 1.85572E-03 4.37901E-02 1.32044E-01 1.63120E-01 4.31498E-01 5.51094E-01 3.74080E-02 1.85572E-03 7.45770E-04 1.73626E+00 
7.45770E-04 6.13724E-03 4.72694E-02 1.33799E-01 1.64731E-01 4.34981E-01 5.57811E-01 4.07775E-02 6.13724E-03 7.45770E-04 1.77849E+00 
7.45770E-04 1.03816E-02 5.07053E-02 1.35492E-01 1.66270E-01 4.38286E-01 5.64347E-01 4.41103E-02 1.03816E-02 7.45770E-04 1.81720E+00 
7.45770E-04 1.45763E-02 5.40862E-02 1.37116E-01 1.67729E-01 4.41396E-01 5.70679E-01 4.73954E-02 1.45763E-02 7.45770E-04 1.85209E+00 
7.45770E-04 1.87090E-02 5.74010E-02 1.38661E-01 1.69098E-01 4.44293E-01 5.76780E-01 5.06218E-02 1.87090E-02 7.45770E-04 1.88291E+00 
7.45770E-04 2.18564E-02 5.99131E-02 1.39797E-01 1.70091E-01 4.46377E-01 5.81328E-01 5.30711E-02 2.18564E-02 7.45770E-04 1.90382E+00 
7.45770E-04 2.27674E-02 6.06381E-02 1.40119E-01 1.70369E-01 4.46959E-01 5.82627E-01 5.37786E-02 2.27674E-02 7.45770E-04 1.90943E+00 
7.45770E-04 2.70459E-02 6.40283E-02 1.41582E-01 1.71618E-01 4.49558E-01 5.88617E-01 5.70914E-02 2.70459E-02 7.45770E-04 1.93300E+00 
7.45770E-04 3.12084E-02 6.73010E-02 1.42922E-01 1.72731E-01 4.51851E-01 5.94253E-01 6.02964E-02 3.12084E-02 7.45770E-04 1.95116E+00 
7.45770E-04 3.52401E-02 7.04423E-02 1.44128E-01 1.73697E-01 4.53818E-01 5.99506E-01 6.33804E-02 3.52401E-02 7.45770E-04 1.96381E+00 
7.45770E-04 3.91266E-02 7.34391E-02 1.45191E-01 1.74505E-01 4.55443E-01 6.04350E-01 6.63302E-02 3.91266E-02 7.45770E-04 1.97086E+00 
4.10340E-03 4.28708E-02 7.63042E-02 1.46145E-01 1.75194E-01 4.56743E-01 6.08751E-01 6.91593E-02 4.28708E-02 4.10340E-03 1.96331E+00 
8.88563E-03 4.64451E-02 7.89981E-02 1.46925E-01 1.75694E-01 4.57661E-01 6.12696E-01 7.18275E-02 4.64451E-02 8.88563E-03 1.94899E+00 
1.34707E-02 4.98310E-02 8.15011E-02 1.47511E-01 1.75984E-01 4.58168E-01 6.16159E-01 7.43154E-02 4.98310E-02 1.34707E-02 1.92988E+00 
1.78426E-02 5.30146E-02 8.38008E-02 1.47893E-01 1.76055E-01 4.58249E-01 6.19108E-01 7.66106E-02 5.30146E-02 1.78426E-02 1.90606E+00 
2.19871E-02 5.59835E-02 8.58864E-02 1.48065E-01 1.75900E-01 4.57890E-01 6.21519E-01 7.87024E-02 5.59835E-02 2.19871E-02 1.87771E+00 
2.58919E-02 5.87270E-02 8.77485E-02 1.48021E-01 1.75514E-01 4.57079E-01 6.23367E-01 8.05817E-02 5.87270E-02 2.58919E-02 1.84503E+00 
2.95463E-02 6.12364E-02 8.93798E-02 1.47756E-01 1.74893E-01 4.55807E-01 6.24635E-01 8.22408E-02 6.12364E-02 2.95463E-02 1.80829E+00 
3.29421E-02 6.35048E-02 9.07747E-02 1.47269E-01 1.74034E-01 4.54069E-01 6.25304E-01 8.36742E-02 6.35048E-02 3.29421E-02 1.76780E+00 
3.60729E-02 6.55271E-02 9.19294E-02 1.46560E-01 1.72939E-01 4.51862E-01 6.25364E-01 8.48779E-02 6.55271E-02 3.60729E-02 1.72389E+00 
3.89345E-02 6.73004E-02 9.28423E-02 1.45629E-01 1.71607E-01 4.49188E-01 6.24804E-01 8.58499E-02 6.73004E-02 3.89345E-02 1.67694E+00 
4.15248E-02 6.88238E-02 9.35136E-02 1.44479E-01 1.70044E-01 4.46049E-01 6.23619E-01 8.65903E-02 6.88238E-02 4.15248E-02 1.62735E+00 
4.38439E-02 7.00983E-02 9.39454E-02 1.43116E-01 1.68254E-01 4.42452E-01 6.21807E-01 8.71006E-02 7.00983E-02 4.38439E-02 1.57553E+00 
4.58938E-02 7.11266E-02 9.41415E-02 1.41545E-01 1.66245E-01 4.38406E-01 6.19371E-01 8.73845E-02 7.11266E-02 4.58938E-02 1.52188E+00 
6.26583E-04 9.98654E-03 3.36406E-02 1.17827E-01 1.49511E-01 4.38175E-01 5.67927E-01 2.58095E-02 9.98654E-03 6.26583E-04 1.51109E+00 
6.26583E-04 9.98654E-03 3.66240E-02 1.19008E-01 1.50531E-01 4.40688E-01 5.73836E-01 2.87239E-02 9.98654E-03 6.26583E-04 1.55661E+00 
6.26583E-04 1.60275E-03 3.95773E-02 1.20172E-01 1.51525E-01 4.43028E-01 5.79511E-01 3.16170E-02 1.60275E-03 6.26583E-04 1.59502E+00 
6.26583E-04 5.29215E-03 4.24990E-02 1.21316E-01 1.52488E-01 4.45189E-01 5.84943E-01 3.44874E-02 5.29215E-03 6.26583E-04 1.62531E+00 
6.26583E-04 8.93713E-03 4.53703E-02 1.22400E-01 1.53380E-01 4.47149E-01 5.90154E-01 3.73154E-02 8.93713E-03 6.26583E-04 1.65233E+00 
6.26583E-04 1.25264E-02 4.81807E-02 1.23416E-01 1.54191E-01 4.48892E-01 5.95120E-01 4.00907E-02 1.25264E-02 6.26583E-04 1.67583E+00 
6.26583E-04 1.60489E-02 5.09203E-02 1.24356E-01 1.54915E-01 4.50404E-01 5.99816E-01 4.28038E-02 1.60489E-02 6.26583E-04 1.69564E+00 
6.26583E-04 1.87217E-02 5.29852E-02 1.25028E-01 1.55410E-01 4.51405E-01 6.03250E-01 4.48541E-02 1.87217E-02 6.26583E-04 1.70830E+00 
6.26583E-04 1.94936E-02 5.35791E-02 1.25215E-01 1.55544E-01 4.51669E-01 6.04220E-01 4.54448E-02 1.94936E-02 6.26583E-04 1.71156E+00 
6.26583E-04 2.31084E-02 5.63440E-02 1.26040E-01 1.56107E-01 4.52742E-01 6.08615E-01 4.82004E-02 2.31084E-02 6.26583E-04 1.72423E+00 
6.26583E-04 2.66070E-02 5.89914E-02 1.26752E-01 1.56543E-01 4.53496E-01 6.12618E-01 5.08490E-02 2.66070E-02 6.26583E-04 1.73212E+00 
6.26583E-04 2.99768E-02 6.15099E-02 1.27343E-01 1.56843E-01 4.53917E-01 6.16203E-01 5.33793E-02 2.99768E-02 6.26583E-04 1.73515E+00 
6.26583E-04 3.32058E-02 6.38886E-02 1.27804E-01 1.56999E-01 4.53992E-01 6.19346E-01 5.57803E-02 3.32058E-02 6.26583E-04 1.73332E+00 
3.44192E-03 3.62968E-02 6.61402E-02 1.28172E-01 1.57049E-01 4.53749E-01 6.22029E-01 5.80643E-02 3.62968E-02 3.44192E-03 1.71900E+00 
7.43473E-03 3.92266E-02 6.82298E-02 1.28385E-01 1.56929E-01 4.53124E-01 6.24228E-01 6.01969E-02 3.92266E-02 7.43473E-03 1.69892E+00 
1.12423E-02 4.19799E-02 7.01414E-02 1.28426E-01 1.56620E-01 4.52092E-01 6.25917E-01 6.21620E-02 4.19799E-02 1.12423E-02 1.67481E+00 
1.48518E-02 4.45459E-02 7.18657E-02 1.28289E-01 1.56116E-01 4.50642E-01 6.27070E-01 6.39501E-02 4.45459E-02 1.48518E-02 1.64679E+00 
1.82522E-02 4.69150E-02 7.33947E-02 1.27970E-01 1.55415E-01 4.48764E-01 6.27668E-01 6.55533E-02 4.69150E-02 1.82522E-02 1.61506E+00 
2.14342E-02 4.90797E-02 7.47221E-02 1.27465E-01 1.54513E-01 4.46454E-01 6.27692E-01 6.69650E-02 4.90797E-02 2.14342E-02 1.57985E+00 
2.43903E-02 5.10337E-02 7.58433E-02 1.26775E-01 1.53408E-01 4.43708E-01 6.27128E-01 6.81804E-02 5.10337E-02 2.43903E-02 1.54144E+00 
2.71150E-02 5.27730E-02 7.67554E-02 1.25898E-01 1.52103E-01 4.40526E-01 6.25966E-01 6.91961E-02 5.27730E-02 2.71150E-02 1.50012E+00 
2.96046E-02 5.42949E-02 7.74573E-02 1.24836E-01 1.50599E-01 4.36910E-01 6.24199E-01 7.00107E-02 5.42949E-02 2.96046E-02 1.45624E+00 
3.18574E-02 5.55989E-02 7.79495E-02 1.23593E-01 1.48899E-01 4.32867E-01 6.21823E-01 7.06242E-02 5.55989E-02 3.18574E-02 1.41016E+00 
3.38736E-02 5.66861E-02 7.82344E-02 1.22172E-01 1.47010E-01 4.28403E-01 6.18840E-01 7.10386E-02 5.66861E-02 3.38736E-02 1.36224E+00 
3.56551E-02 5.75592E-02 7.83158E-02 1.20581E-01 1.44938E-01 4.23530E-01 6.15252E-01 7.12570E-02 5.75592E-02 3.56551E-02 1.31286E+00 
3.72056E-02 5.82225E-02 7.81991E-02 1.18827E-01 1.42691E-01 4.18261E-01 6.11066E-01 7.12844E-02 5.82225E-02 3.72056E-02 1.26239E+00 
5.26586E-04 8.59723E-03 3.08789E-02 1.06461E-01 1.38567E-01 4.49986E-01 5.97887E-01 2.15354E-02 8.59723E-03 5.26586E-04 1.38807E+00 
5.26586E-04 8.59723E-03 3.33818E-02 1.07171E-01 1.39069E-01 4.51221E-01 6.02514E-01 2.40398E-02 8.59723E-03 5.26586E-04 1.42336E+00 
5.26586E-04 1.38485E-03 3.58510E-02 1.07868E-01 1.39548E-01 4.52275E-01 6.06878E-01 2.65192E-02 1.38485E-03 5.26586E-04 1.45223E+00 
5.26586E-04 4.56557E-03 3.82850E-02 1.08549E-01 1.39999E-01 4.53143E-01 6.10971E-01 2.89720E-02 4.56557E-03 5.26586E-04 1.47384E+00 
5.26586E-04 7.69757E-03 4.06648E-02 1.09173E-01 1.40381E-01 4.53791E-01 6.14805E-01 3.13790E-02 7.69757E-03 5.26586E-04 1.49239E+00 
5.26586E-04 1.07706E-02 4.29813E-02 1.09734E-01 1.40685E-01 4.54208E-01 6.18355E-01 3.37312E-02 1.07706E-02 5.26586E-04 1.50770E+00 
5.26586E-04 1.37748E-02 4.52255E-02 1.10226E-01 1.40907E-01 4.54380E-01 6.21601E-01 3.60198E-02 1.37748E-02 5.26586E-04 1.51961E+00 
5.26586E-04 1.60458E-02 4.69068E-02 1.10556E-01 1.41018E-01 4.54337E-01 6.23890E-01 3.77415E-02 1.60458E-02 5.26586E-04 1.52641E+00 
5.26586E-04 1.67003E-02 4.73887E-02 1.10643E-01 1.41040E-01 4.54295E-01 6.24521E-01 3.82362E-02 1.67003E-02 5.26586E-04 1.52799E+00 
5.26586E-04 1.97558E-02 4.96207E-02 1.11001E-01 1.41078E-01 4.53904E-01 6.27281E-01 4.05352E-02 1.97558E-02 5.26586E-04 1.53296E+00 
5.26586E-04 2.26974E-02 5.17386E-02 1.11259E-01 1.40998E-01 4.53189E-01 6.29615E-01 4.27301E-02 2.26974E-02 5.26586E-04 1.53364E+00 
5.26586E-04 2.55145E-02 5.37330E-02 1.11408E-01 1.40795E-01 4.52140E-01 6.31501E-01 4.48112E-02 2.55145E-02 5.26586E-04 1.53001E+00 
5.26586E-04 2.81969E-02 5.55948E-02 1.11443E-01 1.40462E-01 4.50747E-01 6.32920E-01 4.67695E-02 2.81969E-02 5.26586E-04 1.52211E+00 
2.88779E-03 3.07475E-02 5.73367E-02 1.11398E-01 1.40038E-01 4.49053E-01 6.33868E-01 4.86161E-02 3.07475E-02 2.88779E-03 1.50347E+00 
6.22203E-03 3.31469E-02 5.89279E-02 1.11217E-01 1.39462E-01 4.46983E-01 6.34309E-01 5.03215E-02 3.31469E-02 6.22203E-03 1.47990E+00 
9.38401E-03 3.53826E-02 6.03556E-02 1.10887E-01 1.38718E-01 4.44515E-01 6.34217E-01 5.18729E-02 3.53826E-02 9.38401E-03 1.45291E+00 
1.23637E-02 3.74462E-02 6.16127E-02 1.10402E-01 1.37804E-01 4.41645E-01 6.33574E-01 5.32629E-02 3.74462E-02 1.23637E-02 1.42265E+00 
1.51525E-02 3.93307E-02 6.26939E-02 1.09762E-01 1.36719E-01 4.38366E-01 6.32363E-01 5.44858E-02 3.93307E-02 1.51525E-02 1.38933E+00 
1.77439E-02 4.10308E-02 6.35954E-02 1.08965E-01 1.35461E-01 4.34680E-01 6.30573E-01 5.55372E-02 4.10308E-02 1.77439E-02 1.35321E+00 
2.01327E-02 4.25427E-02 6.43146E-02 1.08012E-01 1.34032E-01 4.30588E-01 6.28195E-01 5.64144E-02 4.25427E-02 2.01327E-02 1.31457E+00 
2.23156E-02 4.38643E-02 6.48510E-02 1.06905E-01 1.32434E-01 4.26095E-01 6.25225E-01 5.71160E-02 4.38643E-02 2.23156E-02 1.27371E+00 
2.42911E-02 4.49949E-02 6.52052E-02 1.05646E-01 1.30672E-01 4.21208E-01 6.21661E-01 5.76423E-02 4.49949E-02 2.42911E-02 1.23097E+00 
2.60594E-02 4.59358E-02 6.53797E-02 1.04239E-01 1.28751E-01 4.15936E-01 6.17506E-01 5.79949E-02 4.59358E-02 2.60594E-02 1.18667E+00 
2.76223E-02 4.66895E-02 6.53782E-02 1.02692E-01 1.26677E-01 4.10293E-01 6.12766E-01 5.81771E-02 4.66895E-02 2.76223E-02 1.14118E+00 
2.89831E-02 4.72601E-02 6.52058E-02 1.01010E-01 1.24458E-01 4.04293E-01 6.07449E-01 5.81933E-02 4.72601E-02 2.89831E-02 1.09483E+00 
3.01466E-02 4.76530E-02 6.48690E-02 9.92001E-02 1.22102E-01 3.97952E-01 6.01569E-01 5.80492E-02 4.76530E-02 3.01466E-02 1.04796E+00 
4.42966E-04 7.41793E-03 2.83045E-02 9.47929E-02 1.27329E-01 4.59194E-01 6.26443E-01 1.77728E-02 7.41793E-03 4.42966E-04 1.26519E+00 
4.42966E-04 7.41793E-03 3.03915E-02 9.51689E-02 1.27436E-01 4.59178E-01 6.29723E-01 1.99387E-02 7.41793E-03 4.42966E-04 1.29307E+00 
4.42966E-04 1.19950E-03 3.24432E-02 9.55355E-02 1.27523E-01 4.58979E-01 6.32716E-01 2.20765E-02 1.19950E-03 4.42966E-04 1.31511E+00 
4.42966E-04 3.94807E-03 3.44579E-02 9.58890E-02 1.27586E-01 4.58591E-01 6.35413E-01 2.41847E-02 3.94807E-03 4.42966E-04 1.33058E+00 
4.42966E-04 6.64508E-03 3.64166E-02 9.61900E-02 1.27581E-01 4.57970E-01 6.37814E-01 2.62451E-02 6.64508E-03 4.42966E-04 1.34315E+00 
4.42966E-04 9.28125E-03 3.83114E-02 9.64334E-02 1.27505E-01 4.57107E-01 6.39898E-01 2.82495E-02 9.28125E-03 4.42966E-04 1.35266E+00 
4.42966E-04 1.18478E-02 4.01344E-02 9.66139E-02 1.27351E-01 4.55992E-01 6.41644E-01 3.01901E-02 1.18478E-02 4.42966E-04 1.35900E+00 
4.42966E-04 1.37804E-02 4.14910E-02 9.67072E-02 1.27176E-01 4.54949E-01 6.42753E-01 3.16430E-02 1.37804E-02 4.42966E-04 1.36166E+00 
4.42966E-04 1.43361E-02 4.18781E-02 9.67265E-02 1.27115E-01 4.54614E-01 6.43035E-01 3.20592E-02 1.43361E-02 4.42966E-04 1.36206E+00 
4.42966E-04 1.69218E-02 4.36613E-02 9.67663E-02 1.26763E-01 4.52827E-01 6.44116E-01 3.39860E-02 1.69218E-02 4.42966E-04 1.36162E+00 
4.42966E-04 1.93972E-02 4.53355E-02 9.67158E-02 1.26305E-01 4.50718E-01 6.44742E-01 3.58123E-02 1.93972E-02 4.42966E-04 1.35728E+00 
4.42966E-04 2.17531E-02 4.68930E-02 9.65700E-02 1.25735E-01 4.48280E-01 6.44896E-01 3.75300E-02 2.17531E-02 4.42966E-04 1.34905E+00 
4.42966E-04 2.39813E-02 4.83268E-02 9.63242E-02 1.25051E-01 4.45507E-01 6.44562E-01 3.91317E-02 2.39813E-02 4.42966E-04 1.33700E+00 
2.42500E-03 2.60848E-02 4.96492E-02 9.60099E-02 1.24287E-01 4.42455E-01 6.43755E-01 4.06275E-02 2.60848E-02 2.42500E-03 1.31569E+00 
5.21116E-03 2.80471E-02 5.08332E-02 9.55773E-02 1.23390E-01 4.39040E-01 6.42423E-01 4.19924E-02 2.80471E-02 5.21116E-03 1.29010E+00 
7.83811E-03 2.98586E-02 5.18685E-02 9.50145E-02 1.22345E-01 4.35243E-01 6.40543E-01 4.32162E-02 2.98586E-02 7.83811E-03 1.26158E+00 
1.02981E-02 3.15129E-02 5.27503E-02 9.43198E-02 1.21153E-01 4.31064E-01 6.38102E-01 4.42935E-02 3.15129E-02 1.02981E-02 1.23031E+00 
1.25848E-02 3.30050E-02 5.34754E-02 9.34924E-02 1.19813E-01 4.26502E-01 6.35088E-01 4.52203E-02 3.30050E-02 1.25848E-02 1.19652E+00 
1.46937E-02 3.43316E-02 5.40416E-02 9.25329E-02 1.18326E-01 4.21564E-01 6.31497E-01 4.59942E-02 3.43316E-02 1.46937E-02 1.16047E+00 
1.66217E-02 3.54907E-02 5.44487E-02 9.14432E-02 1.16696E-01 4.16254E-01 6.27325E-01 4.66140E-02 3.54907E-02 1.66217E-02 1.12246E+00 
1.83674E-02 3.64819E-02 5.46973E-02 9.02260E-02 1.14926E-01 4.10583E-01 6.22573E-01 4.70800E-02 3.64819E-02 1.83674E-02 1.08279E+00 
1.99308E-02 3.73062E-02 5.47900E-02 8.88855E-02 1.13021E-01 4.04561E-01 6.17247E-01 4.73937E-02 3.73062E-02 1.99308E-02 1.04178E+00 
2.13137E-02 3.79661E-02 5.47302E-02 8.74267E-02 1.10989E-01 3.98204E-01 6.11354E-01 4.75581E-02 3.79661E-02 2.13137E-02 9.99753E-01 
2.25190E-02 3.84653E-02 5.45229E-02 8.58558E-02 1.08835E-01 3.91526E-01 6.04907E-01 4.75773E-02 3.84653E-02 2.25190E-02 9.57035E-01 
2.35510E-02 3.88088E-02 5.41739E-02 8.41798E-02 1.06569E-01 3.84545E-01 5.97919E-01 4.74564E-02 3.88088E-02 2.35510E-02 9.13942E-01 
2.44154E-02 3.90025E-02 5.36902E-02 8.24064E-02 1.04200E-01 3.77282E-01 5.90409E-01 4.72019E-02 3.90025E-02 2.44154E-02 8.70773E-01 
3.73381E-04 6.42602E-03 2.57950E-02 8.33107E-02 1.16188E-01 4.65563E-01 6.53007E-01 1.45114E-02 6.42602E-03 3.73381E-04 1.14999E+00 
3.73381E-04 6.42602E-03 2.75315E-02 8.34726E-02 1.16009E-01 4.64339E-01 6.54880E-01 1.64022E-02 6.42602E-03 3.73381E-04 1.17256E+00 
3.73381E-04 1.04355E-03 2.92315E-02 8.36269E-02 1.15812E-01 4.62935E-01 6.56446E-01 1.82619E-02 1.04355E-03 3.73381E-04 1.18972E+00 
3.73381E-04 3.42856E-03 3.08937E-02 8.37700E-02 1.15592E-01 4.61342E-01 6.57696E-01 2.00890E-02 3.42856E-03 3.73381E-04 1.20086E+00 
3.73381E-04 5.75977E-03 3.24995E-02 8.38644E-02 1.15309E-01 4.59508E-01 6.58616E-01 2.18666E-02 5.75977E-03 3.73381E-04 1.20917E+00 
3.73381E-04 8.02887E-03 3.40417E-02 8.39055E-02 1.14957E-01 4.57427E-01 6.59187E-01 2.35873E-02 8.02887E-03 3.73381E-04 1.21453E+00 
3.73381E-04 1.02281E-02 3.55137E-02 8.38891E-02 1.14534E-01 4.55089E-01 6.59393E-01 2.52443E-02 1.02281E-02 3.73381E-04 1.21686E+00 
3.73381E-04 1.18770E-02 3.66004E-02 8.38342E-02 1.14155E-01 4.53101E-01 6.59292E-01 2.64784E-02 1.18770E-02 3.73381E-04 1.21654E+00 
3.73381E-04 1.23498E-02 3.69091E-02 8.38109E-02 1.14035E-01 4.52490E-01 6.59218E-01 2.68308E-02 1.23498E-02 3.73381E-04 1.21609E+00 
3.73381E-04 1.45427E-02 3.83211E-02 8.36528E-02 1.13407E-01 4.49389E-01 6.58584E-01 2.84552E-02 1.45427E-02 3.73381E-04 1.21176E+00 
3.73381E-04 1.66290E-02 3.96302E-02 8.34137E-02 1.12683E-01 4.45973E-01 6.57474E-01 2.99828E-02 1.66290E-02 3.73381E-04 1.20381E+00 
3.73381E-04 1.86013E-02 4.08303E-02 8.30898E-02 1.11859E-01 4.42239E-01 6.55873E-01 3.14071E-02 1.86013E-02 3.73381E-04 1.19231E+00 
3.73381E-04 2.04528E-02 4.19160E-02 8.26775E-02 1.10933E-01 4.38185E-01 6.53770E-01 3.27220E-02 2.04528E-02 3.73381E-04 1.17736E+00 
2.04030E-03 2.21869E-02 4.28995E-02 8.22061E-02 1.09940E-01 4.33881E-01 6.51201E-01 3.39368E-02 2.21869E-02 2.04030E-03 1.15436E+00 
4.37232E-03 2.37899E-02 4.37572E-02 8.16311E-02 1.08828E-01 4.29232E-01 6.48098E-01 3.50306E-02 2.37899E-02 4.37232E-03 1.12763E+00 
6.55763E-03 2.52543E-02 4.44808E-02 8.09430E-02 1.07588E-01 4.24223E-01 6.44437E-01 3.59953E-02 2.52543E-02 6.55763E-03 1.09837E+00 
8.59046E-03 2.65756E-02 4.50675E-02 8.01411E-02 1.06219E-01 4.18858E-01 6.40212E-01 3.68272E-02 2.65756E-02 8.59046E-03 1.06680E+00 
1.04665E-02 2.77505E-02 4.55156E-02 7.92262E-02 1.04725E-01 4.13141E-01 6.35419E-01 3.75240E-02 2.77505E-02 1.04665E-02 1.03315E+00 
1.21828E-02 2.87774E-02 4.58249E-02 7.81999E-02 1.03107E-01 4.07083E-01 6.30057E-01 3.80848E-02 2.87774E-02 1.21828E-02 9.97720E-01 
1.37381E-02 2.96559E-02 4.59962E-02 7.70648E-02 1.01369E-01 4.00693E-01 6.24130E-01 3.85096E-02 2.96559E-02 1.37381E-02 9.60791E-01 
1.51323E-02 3.03869E-02 4.60318E-02 7.58247E-02 9.95171E-02 3.93985E-01 6.17645E-01 3.88000E-02 3.03869E-02 1.51323E-02 9.22671E-01 
1.63669E-02 3.09726E-02 4.59351E-02 7.44843E-02 9.75565E-02 3.86975E-01 6.10613E-01 3.89587E-02 3.09726E-02 1.63669E-02 8.83671E-01 
1.74447E-02 3.14165E-02 4.57106E-02 7.30490E-02 9.54943E-02 3.79680E-01 6.03048E-01 3.89894E-02 3.14165E-02 1.74447E-02 8.44099E-01 
1.83695E-02 3.17232E-02 4.53638E-02 7.15253E-02 9.33383E-02 3.72118E-01 5.94967E-01 3.88969E-02 3.17232E-02 1.83695E-02 8.04255E-01 
1.91463E-02 3.18981E-02 4.49011E-02 6.99202E-02 9.10968E-02 3.64311E-01 5.86389E-01 3.86870E-02 3.18981E-02 1.91463E-02 7.64425E-01 
1.97812E-02 3.19477E-02 4.43296E-02 6.82412E-02 8.87790E-02 3.56280E-01 5.77338E-01 3.83661E-02 3.19477E-02 1.97812E-02 7.24878E-01 
3.14613E-04 5.57991E-03 2.32349E-02 7.22637E-02 1.05293E-01 4.69022E-01 6.77456E-01 1.16843E-02 5.57991E-03 3.14613E-04 1.04591E+00 
3.14613E-04 5.57991E-03 2.46783E-02 7.23059E-02 1.04914E-01 4.66627E-01 6.77845E-01 1.33488E-02 5.57991E-03 3.14613E-04 1.06447E+00 
3.14613E-04 9.10618E-04 2.60847E-02 7.23401E-02 1.04516E-01 4.64058E-01 6.77911E-01 1.49789E-02 9.10618E-04 3.14613E-04 1.07793E+00 
3.14613E-04 2.98554E-03 2.74526E-02 7.23629E-02 1.04098E-01 4.61305E-01 6.77645E-01 1.65732E-02 2.98554E-03 3.14613E-04 1.08576E+00 
3.14613E-04 5.00462E-03 2.87642E-02 7.23394E-02 1.03619E-01 4.58308E-01 6.77019E-01 1.81163E-02 5.00462E-03 3.14613E-04 1.09080E+00 
3.14613E-04 6.96055E-03 3.00132E-02 7.22659E-02 1.03075E-01 4.55061E-01 6.76017E-01 1.96017E-02 6.96055E-03 3.14613E-04 1.09294E+00 
3.14613E-04 8.84655E-03 3.11942E-02 7.21385E-02 1.02463E-01 4.51560E-01 6.74625E-01 2.10234E-02 8.84655E-03 3.14613E-04 1.09213E+00 
3.14613E-04 1.02538E-02 3.20580E-02 7.20009E-02 1.01942E-01 4.48676E-01 6.73273E-01 2.20761E-02 1.02538E-02 3.14613E-04 1.08946E+00 
3.14613E-04 1.06562E-02 3.23019E-02 7.19539E-02 1.01781E-01 4.47803E-01 6.72831E-01 2.23756E-02 1.06562E-02 3.14613E-04 1.08835E+00 
3.14613E-04 1.25149E-02 3.34085E-02 7.16872E-02 1.00964E-01 4.43462E-01 6.70433E-01 2.37496E-02 1.25149E-02 3.14613E-04 1.08096E+00 
3.14613E-04 1.42712E-02 3.44188E-02 7.13467E-02 1.00059E-01 4.38819E-01 6.67544E-01 2.50306E-02 1.42712E-02 3.14613E-04 1.07018E+00 
3.14613E-04 1.59190E-02 3.53282E-02 7.09297E-02 9.90653E-02 4.33875E-01 6.64153E-01 2.62133E-02 1.59190E-02 3.14613E-04 1.05614E+00 
3.14613E-04 1.74531E-02 3.61326E-02 7.04336E-02 9.79801E-02 4.28633E-01 6.60255E-01 2.72930E-02 1.74531E-02 3.14613E-04 1.03896E+00 
1.71576E-03 1.88771E-02 3.68443E-02 6.98852E-02 9.68376E-02 4.23174E-01 6.55905E-01 2.82784E-02 1.88771E-02 1.71576E-03 1.01478E+00 
3.66587E-03 2.01800E-02 3.74426E-02 6.92455E-02 9.55914E-02 4.17396E-01 6.51020E-01 2.91523E-02 2.01800E-02 3.66587E-03 9.87363E-01 
5.48129E-03 2.13560E-02 3.79211E-02 6.85069E-02 9.42334E-02 4.11284E-01 6.45577E-01 2.99085E-02 2.13560E-02 5.48129E-03 9.57774E-01 
7.15795E-03 2.24024E-02 3.82787E-02 6.76700E-02 9.27653E-02 4.04848E-01 6.39576E-01 3.05448E-02 2.24024E-02 7.15795E-03 9.26260E-01 
8.69318E-03 2.33174E-02 3.85150E-02 6.67363E-02 9.11902E-02 3.98097E-01 6.33020E-01 3.10602E-02 2.33174E-02 8.69318E-03 8.93091E-01 
1.00857E-02 2.41008E-02 3.86310E-02 6.57084E-02 8.95119E-02 3.91045E-01 6.25914E-01 3.14550E-02 2.41008E-02 1.00857E-02 8.58549E-01 
1.13353E-02 2.47534E-02 3.86290E-02 6.45895E-02 8.77353E-02 3.83705E-01 6.18268E-01 3.17306E-02 2.47534E-02 1.13353E-02 8.22934E-01 
1.24435E-02 2.52773E-02 3.85120E-02 6.33840E-02 8.58662E-02 3.76096E-01 6.10095E-01 3.18893E-02 2.52773E-02 1.24435E-02 7.86545E-01 
1.34126E-02 2.56757E-02 3.82842E-02 6.20970E-02 8.39112E-02 3.68236E-01 6.01413E-01 3.19348E-02 2.56757E-02 1.34126E-02 7.49679E-01 
1.42461E-02 2.59527E-02 3.79508E-02 6.07342E-02 8.18774E-02 3.60145E-01 5.92240E-01 3.18713E-02 2.59527E-02 1.42461E-02 7.12627E-01 
1.49487E-02 2.61134E-02 3.75175E-02 5.93020E-02 7.97729E-02 3.51844E-01 5.82599E-01 3.17041E-02 2.61134E-02 1.49487E-02 6.75662E-01 
1.55257E-02 2.61637E-02 3.69909E-02 5.78072E-02 7.76060E-02 3.43356E-01 5.72515E-01 3.14393E-02 2.61637E-02 1.55257E-02 6.39040E-01 
1.59832E-02 2.61101E-02 3.63781E-02 5.62573E-02 7.53855E-02 3.34704E-01 5.62014E-01 3.10833E-02 2.61101E-02 1.59832E-02 6.02995E-01 
2.65216E-04 4.85933E-03 2.06179E-02 6.20694E-02 9.49648E-02 4.69441E-01 6.99126E-01 9.28839E-03 4.85933E-03 2.65216E-04 9.56600E-01 
2.65216E-04 4.85933E-03 2.18237E-02 6.20618E-02 9.44519E-02 4.65930E-01 6.97968E-01 1.07663E-02 4.85933E-03 2.65216E-04 9.71822E-01 
2.65216E-04 7.97483E-04 2.29917E-02 6.20438E-02 9.39211E-02 4.62255E-01 6.96478E-01 1.22062E-02 7.97483E-04 2.65216E-04 9.82153E-01 
2.65216E-04 2.60834E-03 2.41209E-02 6.20124E-02 9.33691E-02 4.58407E-01 6.94645E-01 1.36072E-02 2.60834E-03 2.65216E-04 9.87177E-01 
2.65216E-04 4.36152E-03 2.51941E-02 6.19358E-02 9.27582E-02 4.54315E-01 6.92427E-01 1.49552E-02 4.36152E-03 2.65216E-04 9.89389E-01 
2.65216E-04 6.05073E-03 2.62062E-02 6.18107E-02 9.20859E-02 4.49977E-01 6.89812E-01 1.62447E-02 6.05073E-03 2.65216E-04 9.88737E-01 
2.65216E-04 7.67023E-03 2.71527E-02 6.16341E-02 9.13497E-02 4.45391E-01 6.86790E-01 1.74705E-02 7.67023E-03 2.65216E-04 9.85204E-01 
2.65216E-04 8.87206E-03 2.78373E-02 6.14604E-02 9.07352E-02 4.41674E-01 6.84165E-01 1.83723E-02 8.87206E-03 2.65216E-04 9.80504E-01 
2.65216E-04 9.21464E-03 2.80293E-02 6.14033E-02 9.05479E-02 4.40559E-01 6.83350E-01 1.86279E-02 9.21464E-03 2.65216E-04 9.78809E-01 
2.65216E-04 1.07902E-02 2.88920E-02 6.10908E-02 8.96080E-02 4.35074E-01 6.79166E-01 1.97942E-02 1.07902E-02 2.65216E-04 9.68766E-01 
2.65216E-04 1.22675E-02 2.96651E-02 6.07101E-02 8.85884E-02 4.29306E-01 6.74484E-01 2.08712E-02 1.22675E-02 2.65216E-04 9.55564E-01 
2.65216E-04 1.36419E-02 3.03452E-02 6.02589E-02 8.74882E-02 4.23260E-01 6.69298E-01 2.18548E-02 1.36419E-02 2.65216E-04 9.39353E-01 
2.65216E-04 1.49097E-02 3.09298E-02 5.97358E-02 8.63074E-02 4.16943E-01 6.63609E-01 2.27418E-02 1.49097E-02 2.65216E-04 9.20321E-01 
1.44331E-03 1.60750E-02 3.14308E-02 5.91652E-02 8.50780E-02 4.10447E-01 6.57495E-01 2.35403E-02 1.60750E-02 1.44331E-03 8.95216E-01 
3.07398E-03 1.71288E-02 3.18303E-02 5.85133E-02 8.37579E-02 4.03663E-01 6.50851E-01 2.42364E-02 1.71288E-02 3.07398E-03 8.67315E-01 
4.58137E-03 1.80671E-02 3.21237E-02 5.77742E-02 8.23410E-02 3.96578E-01 6.43660E-01 2.48254E-02 1.80671E-02 4.58137E-03 8.37600E-01 
5.96294E-03 1.88885E-02 3.23110E-02 5.69495E-02 8.08301E-02 3.89205E-01 6.35928E-01 2.53066E-02 1.88885E-02 5.96294E-03 8.06335E-01 
7.21743E-03 1.95927E-02 3.23931E-02 5.60414E-02 7.92292E-02 3.81558E-01 6.27662E-01 2.56801E-02 1.95927E-02 7.21743E-03 7.73800E-01 
8.34479E-03 2.01805E-02 3.23721E-02 5.50530E-02 7.75431E-02 3.73654E-01 6.18876E-01 2.59472E-02 2.01805E-02 8.34479E-03 7.40288E-01 
9.34610E-03 2.06537E-02 3.22508E-02 5.39883E-02 7.57772E-02 3.65512E-01 6.09586E-01 2.61102E-02 2.06537E-02 9.34610E-03 7.06091E-01 
1.02236E-02 2.10154E-02 3.20332E-02 5.28519E-02 7.39379E-02 3.57151E-01 5.99809E-01 2.61723E-02 2.10154E-02 1.02236E-02 6.71500E-01 
1.09804E-02 2.12694E-02 3.17240E-02 5.16491E-02 7.20320E-02 3.48592E-01 5.89570E-01 2.61376E-02 2.12694E-02 1.09804E-02 6.36795E-01 
1.16208E-02 2.14204E-02 3.13284E-02 5.03858E-02 7.00669E-02 3.39858E-01 5.78892E-01 2.60108E-02 2.14204E-02 1.16208E-02 6.02241E-01 
1.21496E-02 2.14736E-02 3.08524E-02 4.90682E-02 6.80506E-02 3.30973E-01 5.67803E-01 2.57974E-02 2.14736E-02 1.21496E-02 5.68085E-01 
1.25723E-02 2.14352E-02 3.03025E-02 4.77030E-02 6.59912E-02 3.21959E-01 5.56333E-01 2.55035E-02 2.14352E-02 1.25723E-02 5.34548E-01 
1.28953E-02 2.13115E-02 2.96855E-02 4.62970E-02 6.38969E-02 3.12842E-01 5.44512E-01 2.51354E-02 2.13115E-02 1.28953E-02 5.01825E-01 
2.23311E-04 4.23595E-03 1.79569E-02 5.29097E-02 8.53140E-02 4.66807E-01 7.17679E-01 7.27933E-03 4.23595E-03 2.23311E-04 8.82255E-01 
2.23311E-04 4.23595E-03 1.89727E-02 5.28968E-02 8.47157E-02 4.62242E-01 7.14917E-01 8.59894E-03 4.23595E-03 2.23311E-04 8.94288E-01 
2.23311E-04 6.99561E-04 1.99499E-02 5.28694E-02 8.40984E-02 4.57527E-01 7.11819E-01 9.87712E-03 6.99561E-04 2.23311E-04 9.01602E-01 
2.23311E-04 2.28187E-03 2.08880E-02 5.28254E-02 8.34594E-02 4.52653E-01 7.08375E-01 1.11135E-02 2.28187E-03 2.23311E-04 9.03870E-01 
2.23311E-04 3.80510E-03 2.17707E-02 5.27361E-02 8.27631E-02 4.47541E-01 7.04527E-01 1.22954E-02 3.80510E-03 2.23311E-04 9.03322E-01 
2.23311E-04 5.26395E-03 2.25941E-02 5.25987E-02 8.20080E-02 4.42191E-01 7.00267E-01 1.34181E-02 5.26395E-03 2.23311E-04 8.99950E-01 
2.23311E-04 6.65372E-03 2.33546E-02 5.24111E-02 8.11926E-02 4.36606E-01 6.95589E-01 1.44776E-02 6.65372E-03 2.23311E-04 8.93779E-01 
2.23311E-04 7.67892E-03 2.38978E-02 5.22300E-02 8.05196E-02 4.32125E-01 6.91678E-01 1.52514E-02 7.67892E-03 2.23311E-04 8.87120E-01 
2.23311E-04 7.97012E-03 2.40489E-02 5.21710E-02 8.03158E-02 4.30789E-01 6.90487E-01 1.54699E-02 7.97012E-03 2.23311E-04 8.84870E-01 
2.23311E-04 9.30298E-03 2.47202E-02 5.18515E-02 7.93009E-02 4.24262E-01 6.84508E-01 1.64608E-02 9.30298E-03 2.23311E-04 8.72304E-01 
2.23311E-04 1.05421E-02 2.53085E-02 5.14675E-02 7.82136E-02 4.17478E-01 6.78033E-01 1.73663E-02 1.05421E-02 2.23311E-04 8.56821E-01 
2.23311E-04 1.16844E-02 2.58118E-02 5.10179E-02 7.70541E-02 4.10444E-01 6.71063E-01 1.81835E-02 1.16844E-02 2.23311E-04 8.38615E-01 
2.23311E-04 1.27273E-02 2.62285E-02 5.05021E-02 7.58232E-02 4.03172E-01 6.63604E-01 1.89105E-02 1.27273E-02 2.23311E-04 8.17913E-01 
1.21253E-03 1.36753E-02 2.65704E-02 4.99420E-02 7.45516E-02 3.95763E-01 6.55755E-01 1.95550E-02 1.36753E-02 1.21253E-03 7.91990E-01 
2.57380E-03 1.45215E-02 2.68221E-02 4.93089E-02 7.32014E-02 3.88101E-01 6.47395E-01 2.01059E-02 1.45215E-02 2.57380E-03 7.63715E-01 
3.82279E-03 1.52632E-02 2.69805E-02 4.85985E-02 7.17679E-02 3.80176E-01 6.38509E-01 2.05600E-02 1.52632E-02 3.82279E-03 7.33988E-01 
4.95828E-03 1.59002E-02 2.70466E-02 4.78130E-02 7.02550E-02 3.72005E-01 6.29107E-01 2.09177E-02 1.59002E-02 4.95828E-03 7.03085E-01 
5.98018E-03 1.64334E-02 2.70222E-02 4.69552E-02 6.86675E-02 3.63604E-01 6.19205E-01 2.11800E-02 1.64334E-02 5.98018E-03 6.71295E-01 
6.88949E-03 1.68644E-02 2.69101E-02 4.60289E-02 6.70105E-02 3.54995E-01 6.08823E-01 2.13492E-02 1.68644E-02 6.88949E-03 6.38904E-01 
7.68817E-03 1.71960E-02 2.67138E-02 4.50383E-02 6.52903E-02 3.46198E-01 5.97981E-01 2.14282E-02 1.71960E-02 7.68817E-03 6.06198E-01 
8.37914E-03 1.74317E-02 2.64376E-02 4.39883E-02 6.35132E-02 3.37235E-01 5.86704E-01 2.14206E-02 1.74317E-02 8.37914E-03 5.73450E-01 
8.96616E-03 1.75758E-02 2.60864E-02 4.28843E-02 6.16863E-02 3.28130E-01 5.75021E-01 2.13310E-02 1.75758E-02 8.96616E-03 5.40916E-01 
9.45369E-03 1.76333E-02 2.56656E-02 4.17320E-02 5.98169E-02 3.18907E-01 5.62960E-01 2.11643E-02 1.76333E-02 9.45369E-03 5.08833E-01 
9.84683E-03 1.76096E-02 2.51811E-02 4.05375E-02 5.79128E-02 3.09589E-01 5.50554E-01 2.09260E-02 1.76096E-02 9.84683E-03 4.77413E-01 
1.01512E-02 1.75107E-02 2.46389E-02 3.93073E-02 5.59816E-02 3.00203E-01 5.37835E-01 2.06220E-02 1.75107E-02 1.01512E-02 4.46842E-01 
1.03727E-02 1.73426E-02 2.40456E-02 3.80476E-02 5.40311E-02 2.90771E-01 5.24839E-01 2.02585E-02 1.73426E-02 1.03727E-02 4.17277E-01 
1.87547E-04 3.68875E-03 1.53083E-02 4.48990E-02 7.64170E-02 4.61147E-01 7.32728E-01 5.61876E-03 3.68875E-03 1.87547E-04 8.21762E-01 
1.87547E-04 3.68875E-03 1.61738E-02 4.49031E-02 7.57650E-02 4.55599E-01 7.28316E-01 6.79966E-03 3.68875E-03 1.87547E-04 8.30418E-01 
1.87547E-04 6.13377E-04 1.70001E-02 4.48882E-02 7.50928E-02 4.49918E-01 7.23573E-01 7.93624E-03 6.13377E-04 1.87547E-04 8.34525E-01 
1.87547E-04 1.99484E-03 1.77871E-02 4.48528E-02 7.43982E-02 4.44099E-01 7.18489E-01 9.02865E-03 1.99484E-03 1.87547E-04 8.33846E-01 
1.87547E-04 3.31648E-03 1.85198E-02 4.47714E-02 7.36482E-02 4.38051E-01 7.12990E-01 1.00656E-02 3.31648E-03 1.87547E-04 8.30384E-01 
1.87547E-04 4.57401E-03 1.91952E-02 4.46418E-02 7.28419E-02 4.31781E-01 7.07072E-01 1.10435E-02 4.57401E-03 1.87547E-04 8.24177E-01 
1.87547E-04 5.76375E-03 1.98105E-02 4.44625E-02 7.19788E-02 4.25291E-01 7.00732E-01 1.19588E-02 5.76375E-03 1.87547E-04 8.15296E-01 
1.87547E-04 6.63570E-03 2.02438E-02 4.42887E-02 7.12718E-02 4.20124E-01 6.95537E-01 1.26224E-02 6.63570E-03 1.87547E-04 8.06653E-01 
1.87547E-04 6.88242E-03 2.03634E-02 4.42321E-02 7.10586E-02 4.18590E-01 6.93971E-01 1.28089E-02 6.88242E-03 1.87547E-04 8.03844E-01 
1.87547E-04 8.00585E-03 2.08875E-02 4.39251E-02 7.00026E-02 4.11136E-01 6.86210E-01 1.36495E-02 8.00585E-03 1.87547E-04 7.88770E-01 
1.87547E-04 9.04072E-03 2.13353E-02 4.35568E-02 6.88812E-02 4.03454E-01 6.77967E-01 1.44091E-02 9.04072E-03 1.87547E-04 7.71066E-01 
1.87547E-04 9.98504E-03 2.17057E-02 4.31267E-02 6.76955E-02 3.95557E-01 6.69248E-01 1.50859E-02 9.98504E-03 1.87547E-04 7.50965E-01 
1.87547E-04 1.08375E-02 2.19981E-02 4.26352E-02 6.64474E-02 3.87458E-01 6.60064E-01 1.56789E-02 1.08375E-02 1.87547E-04 7.28727E-01 
1.01594E-03 1.16031E-02 2.22239E-02 4.21020E-02 6.51658E-02 3.79269E-01 6.50537E-01 1.61959E-02 1.16031E-02 1.01594E-03 7.02075E-01 
2.14893E-03 1.22763E-02 2.23701E-02 4.15030E-02 6.38167E-02 3.70866E-01 6.40528E-01 1.66278E-02 1.22763E-02 2.14893E-03 6.73525E-01 
3.18035E-03 1.28558E-02 2.24348E-02 4.08352E-02 6.23971E-02 3.62242E-01 6.30023E-01 1.69731E-02 1.28558E-02 3.18035E-03 6.43896E-01 
4.11007E-03 1.33425E-02 2.24197E-02 4.01014E-02 6.09114E-02 3.53416E-01 6.19041E-01 1.72327E-02 1.33425E-02 4.11007E-03 6.13472E-01 
4.93897E-03 1.37379E-02 2.23275E-02 3.93050E-02 5.93648E-02 3.44409E-01 6.07602E-01 1.74086E-02 1.37379E-02 4.93897E-03 5.82537E-01 
5.66884E-03 1.40446E-02 2.21614E-02 3.84499E-02 5.77631E-02 3.35243E-01 5.95731E-01 1.75036E-02 1.40446E-02 5.66884E-03 5.51369E-01 
6.30231E-03 1.42657E-02 2.19252E-02 3.75407E-02 5.61126E-02 3.25943E-01 5.83457E-01 1.75212E-02 1.42657E-02 6.30231E-03 5.20234E-01 
6.84279E-03 1.44053E-02 2.16234E-02 3.65824E-02 5.44198E-02 3.16531E-01 5.70808E-01 1.74653E-02 1.44053E-02 6.84279E-03 4.89379E-01 
7.29436E-03 1.44679E-02 2.12609E-02 3.55803E-02 5.26918E-02 3.07032E-01 5.57818E-01 1.73405E-02 1.44679E-02 7.29436E-03 4.59034E-01 
7.66163E-03 1.44585E-02 2.08430E-02 3.45401E-02 5.09355E-02 2.97472E-01 5.44519E-01 1.71520E-02 1.44585E-02 7.66163E-03 4.29400E-01 
7.94968E-03 1.43824E-02 2.03753E-02 3.34676E-02 4.91583E-02 2.87874E-01 5.30946E-01 1.69049E-02 1.43824E-02 7.94968E-03 4.00652E-01 
8.16395E-03 1.42453E-02 1.98635E-02 3.23687E-02 4.73674E-02 2.78263E-01 5.17138E-01 1.66050E-02 1.42453E-02 8.16395E-03 3.72937E-01 
8.31009E-03 1.40530E-02 1.93134E-02 3.12494E-02 4.55698E-02 2.68665E-01 5.03130E-01 1.62580E-02 1.40530E-02 8.31009E-03 3.46376E-01 
1.56879E-04 3.20180E-03 1.27480E-02 3.80610E-02 6.82941E-02 4.52537E-01 7.43917E-01 4.26697E-03 3.20180E-03 1.56879E-04 7.72869E-01 
1.56879E-04 3.20180E-03 1.34947E-02 3.80876E-02 6.76081E-02 4.46087E-01 7.37830E-01 5.32217E-03 3.20180E-03 1.56879E-04 7.77797E-01 
1.56879E-04 5.36281E-04 1.42019E-02 3.80907E-02 6.69009E-02 4.39528E-01 7.31424E-01 6.33106E-03 5.36281E-04 1.56879E-04 7.78383E-01 
1.56879E-04 1.73864E-03 1.48699E-02 3.80695E-02 6.61713E-02 4.32854E-01 7.24692E-01 7.29436E-03 1.73864E-03 1.56879E-04 7.74475E-01 
1.56879E-04 2.88135E-03 1.54852E-02 3.80016E-02 6.53884E-02 4.25967E-01 7.17542E-01 8.20213E-03 2.88135E-03 1.56879E-04 7.67881E-01 
1.56879E-04 3.96112E-03 1.60454E-02 3.78855E-02 6.45522E-02 4.18876E-01 7.09974E-01 9.05147E-03 3.96112E-03 1.56879E-04 7.58684E-01 
1.56879E-04 4.97521E-03 1.65487E-02 3.77202E-02 6.36629E-02 4.11589E-01 7.01991E-01 9.84000E-03 4.97521E-03 1.56879E-04 7.46998E-01 
1.56879E-04 5.71331E-03 1.68981E-02 3.75581E-02 6.29387E-02 4.05821E-01 6.95533E-01 1.04071E-02 5.71331E-03 1.56879E-04 7.36338E-01 
1.56879E-04 5.92130E-03 1.69935E-02 3.75050E-02 6.27210E-02 4.04114E-01 6.93599E-01 1.05657E-02 5.92130E-03 1.56879E-04 7.32967E-01 
1.56879E-04 6.86314E-03 1.74066E-02 3.72166E-02 6.16477E-02 3.95856E-01 6.84097E-01 1.12760E-02 6.86314E-03 1.56879E-04 7.15407E-01 
1.56879E-04 7.72219E-03 1.77497E-02 3.68696E-02 6.05159E-02 3.87406E-01 6.74137E-01 1.19102E-02 7.72219E-03 1.56879E-04 6.95560E-01 
1.56879E-04 8.49754E-03 1.80227E-02 3.64647E-02 5.93278E-02 3.78778E-01 6.63731E-01 1.24676E-02 8.49754E-03 1.56879E-04 6.73690E-01 
1.56879E-04 9.18892E-03 1.82261E-02 3.60028E-02 5.80859E-02 3.69990E-01 6.52897E-01 1.29482E-02 9.18892E-03 1.56879E-04 6.50079E-01 
8.47744E-04 9.80143E-03 1.83703E-02 3.55017E-02 5.68174E-02 3.61160E-01 6.41775E-01 1.33592E-02 9.80143E-03 8.47744E-04 6.22834E-01 
1.78665E-03 1.03312E-02 1.84447E-02 3.49413E-02 5.54921E-02 3.52159E-01 6.30211E-01 1.36938E-02 1.03312E-02 1.78665E-03 5.94151E-01 
2.63445E-03 1.07778E-02 1.84485E-02 3.43199E-02 5.41081E-02 3.42981E-01 6.18192E-01 1.39514E-02 1.07778E-02 2.63445E-03 5.64776E-01 
3.39190E-03 1.11428E-02 1.83840E-02 3.36406E-02 5.26703E-02 3.33649E-01 6.05743E-01 1.41338E-02 1.11428E-02 3.39190E-03 5.34986E-01 
4.06062E-03 1.14286E-02 1.82542E-02 3.29072E-02 5.11843E-02 3.24186E-01 5.92892E-01 1.42436E-02 1.14286E-02 4.06062E-03 5.05053E-01 
4.64298E-03 1.16381E-02 1.80625E-02 3.21240E-02 4.96560E-02 3.14616E-01 5.79668E-01 1.42837E-02 1.16381E-02 4.64298E-03 4.75235E-01 
5.14206E-03 1.17749E-02 1.78130E-02 3.12954E-02 4.80917E-02 3.04964E-01 5.66104E-01 1.42580E-02 1.17749E-02 5.14206E-03 4.45772E-01 
5.56154E-03 1.18431E-02 1.75102E-02 3.04267E-02 4.64979E-02 2.95254E-01 5.52234E-01 1.41707E-02 1.18431E-02 5.56154E-03 4.16882E-01 
5.90564E-03 1.18473E-02 1.71588E-02 2.95228E-02 4.48814E-02 2.85512E-01 5.38094E-01 1.40263E-02 1.18473E-02 5.90564E-03 3.88755E-01 
6.17894E-03 1.17923E-02 1.67638E-02 2.85894E-02 4.32487E-02 2.75763E-01 5.23721E-01 1.38297E-02 1.17923E-02 6.17894E-03 3.61558E-01 
6.38638E-03 1.16835E-02 1.63305E-02 2.76318E-02 4.16067E-02 2.66031E-01 5.09154E-01 1.35861E-02 1.16835E-02 6.38638E-03 3.35426E-01 
6.53307E-03 1.15259E-02 1.58639E-02 2.66555E-02 3.99620E-02 2.56340E-01 4.94430E-01 1.33005E-02 1.15259E-02 6.53307E-03 3.10467E-01 
6.62427E-03 1.13249E-02 1.53694E-02 2.56659E-02 3.83208E-02 2.46713E-01 4.79590E-01 1.29783E-02 1.13249E-02 6.62427E-03 2.86761E-01 
1.30513E-04 2.76394E-03 1.03539E-02 3.23457E-02 6.09249E-02 4.41101E-01 7.50934E-01 3.18424E-03 2.76394E-03 1.30513E-04 7.32701E-01 
1.30513E-04 2.76394E-03 1.10055E-02 3.23883E-02 6.02161E-02 4.33844E-01 7.43169E-01 4.12233E-03 2.76394E-03 1.30513E-04 7.33536E-01 
1.30513E-04 4.66416E-04 1.16176E-02 3.24039E-02 5.94860E-02 4.26504E-01 7.35110E-01 5.01335E-03 4.66416E-04 1.30513E-04 7.30305E-01 
1.30513E-04 1.50724E-03 1.21912E-02 3.23922E-02 5.87342E-02 4.19078E-01 7.26747E-01 5.85848E-03 1.50724E-03 1.30513E-04 7.22927E-01 
1.30513E-04 2.48970E-03 1.27141E-02 3.23336E-02 5.79320E-02 4.11459E-01 7.17972E-01 6.64898E-03 2.48970E-03 1.30513E-04 7.13036E-01 
1.30513E-04 3.41138E-03 1.31846E-02 3.22272E-02 5.70802E-02 4.03659E-01 7.08791E-01 7.38278E-03 3.41138E-03 1.30513E-04 7.00758E-01 
1.30513E-04 4.27042E-03 1.36017E-02 3.20727E-02 5.61796E-02 3.95689E-01 6.99211E-01 8.05826E-03 4.27042E-03 1.30513E-04 6.86247E-01 
1.30513E-04 4.89116E-03 1.38872E-02 3.19199E-02 5.54500E-02 3.89413E-01 6.91531E-01 8.54011E-03 4.89116E-03 1.30513E-04 6.73598E-01 
1.30513E-04 5.06533E-03 1.39645E-02 3.18698E-02 5.52314E-02 3.87561E-01 6.89242E-01 8.67420E-03 5.06533E-03 1.30513E-04 6.69680E-01 
1.30513E-04 5.84944E-03 1.42944E-02 3.15972E-02 5.41576E-02 3.78632E-01 6.78069E-01 9.27074E-03 5.84944E-03 1.30513E-04 6.49742E-01 
1.30513E-04 6.55717E-03 1.45609E-02 3.12694E-02 5.30327E-02 3.69551E-01 6.66474E-01 9.79672E-03 6.55717E-03 1.30513E-04 6.27915E-01 
1.30513E-04 7.18851E-03 1.47643E-02 3.08875E-02 5.18594E-02 3.60334E-01 6.54473E-01 1.02523E-02 7.18851E-03 1.30513E-04 6.04482E-01 
1.30513E-04 7.74402E-03 1.49059E-02 3.04533E-02 5.06408E-02 3.51000E-01 6.42090E-01 1.06382E-02 7.74402E-03 1.30513E-04 5.79737E-01 
7.03506E-04 8.22891E-03 1.49952E-02 2.99827E-02 4.94025E-02 3.41673E-01 6.29485E-01 1.09614E-02 8.22891E-03 7.03506E-04 5.52110E-01 
1.47717E-03 8.64046E-03 1.50238E-02 2.94591E-02 4.81176E-02 3.32221E-01 6.16487E-01 1.12168E-02 8.64046E-03 1.47717E-03 5.23507E-01 
2.16996E-03 8.97915E-03 1.49916E-02 2.88818E-02 4.67851E-02 3.22639E-01 6.03086E-01 1.14046E-02 8.97915E-03 2.16996E-03 4.94599E-01 
2.78329E-03 9.24706E-03 1.49013E-02 2.82543E-02 4.54102E-02 3.12951E-01 5.89311E-01 1.15271E-02 9.24706E-03 2.78329E-03 4.65646E-01 
3.31928E-03 9.44690E-03 1.47561E-02 2.75805E-02 4.39985E-02 3.03181E-01 5.75197E-01 1.15871E-02 9.44690E-03 3.31928E-03 4.36900E-01 
3.78071E-03 9.58195E-03 1.45596E-02 2.68647E-02 4.25561E-02 2.93356E-01 5.60776E-01 1.15881E-02 9.58195E-03 3.78071E-03 4.08588E-01 
4.17090E-03 9.65594E-03 1.43158E-02 2.61117E-02 4.10891E-02 2.83501E-01 5.46087E-01 1.15338E-02 9.65594E-03 4.17090E-03 3.80919E-01 
4.49362E-03 9.67302E-03 1.40291E-02 2.53262E-02 3.96036E-02 2.73641E-01 5.31166E-01 1.14284E-02 9.67302E-03 4.49362E-03 3.54073E-01 
4.75305E-03 9.63762E-03 1.37038E-02 2.45132E-02 3.81061E-02 2.63801E-01 5.16054E-01 1.12764E-02 9.63762E-03 4.75305E-03 3.28204E-01 
4.95362E-03 9.55440E-03 1.33447E-02 2.36779E-02 3.66027E-02 2.54005E-01 5.00789E-01 1.10823E-02 9.55440E-03 4.95362E-03 3.03435E-01 
5.09996E-03 9.42811E-03 1.29564E-02 2.28253E-02 3.50995E-02 2.44277E-01 4.85412E-01 1.08508E-02 9.42811E-03 5.09996E-03 2.79864E-01 
5.19681E-03 9.26357E-03 1.25436E-02 2.19604E-02 3.36023E-02 2.34639E-01 4.69962E-01 1.05867E-02 9.26357E-03 5.19681E-03 2.57560E-01 
5.24892E-03 9.06556E-03 1.21107E-02 2.10880E-02 3.21168E-02 2.25113E-01 4.54479E-01 1.02946E-02 9.06556E-03 5.24892E-03 2.36566E-01 
1.08043E-04 2.37159E-03 8.21182E-03 2.76899E-02 5.43223E-02 4.27165E-01 7.53525E-01 2.33907E-03 2.37159E-03 1.08043E-04 6.98521E-01 
1.08043E-04 2.37159E-03 8.78551E-03 2.77356E-02 5.35971E-02 4.19212E-01 7.44127E-01 3.16725E-03 2.37159E-03 1.08043E-04 6.95050E-01 
1.08043E-04 4.03200E-04 9.32058E-03 2.77519E-02 5.28518E-02 4.11208E-01 7.34465E-01 3.94890E-03 4.03200E-04 1.08043E-04 6.87862E-01 
1.08043E-04 1.29876E-03 9.81822E-03 2.77393E-02 5.20863E-02 4.03146E-01 7.24533E-01 4.68556E-03 1.29876E-03 1.08043E-04 6.76938E-01 
1.08043E-04 2.13832E-03 1.02676E-02 2.76804E-02 5.12743E-02 3.94918E-01 7.14205E-01 5.36958E-03 2.13832E-03 1.08043E-04 6.63753E-01 
1.08043E-04 2.92027E-03 1.06679E-02 2.75751E-02 5.04170E-02 3.86535E-01 7.03491E-01 5.99957E-03 2.92027E-03 1.08043E-04 6.48467E-01 
1.08043E-04 3.64346E-03 1.10185E-02 2.74234E-02 4.95159E-02 3.78011E-01 6.92403E-01 6.57461E-03 3.64346E-03 1.08043E-04 6.31266E-01 
1.08043E-04 4.16222E-03 1.12555E-02 2.72744E-02 4.87897E-02 3.71328E-01 6.83576E-01 6.98147E-03 4.16222E-03 1.08043E-04 6.16770E-01 
1.08043E-04 4.30713E-03 1.13192E-02 2.72257E-02 4.85727E-02 3.69360E-01 6.80955E-01 7.09413E-03 4.30713E-03 1.08043E-04 6.12352E-01 
1.08043E-04 4.95566E-03 1.15876E-02 2.69619E-02 4.75110E-02 3.59907E-01 6.68227E-01 7.59191E-03 4.95566E-03 1.08043E-04 5.90289E-01 
1.08043E-04 5.53471E-03 1.17987E-02 2.66467E-02 4.64057E-02 3.50342E-01 6.55121E-01 8.02523E-03 5.53471E-03 1.08043E-04 5.66774E-01 
1.08043E-04 6.04497E-03 1.19536E-02 2.62820E-02 4.52600E-02 3.40685E-01 6.41661E-01 8.39489E-03 6.04497E-03 1.08043E-04 5.42096E-01 
1.08043E-04 6.48760E-03 1.20538E-02 2.58697E-02 4.40774E-02 3.30955E-01 6.27873E-01 8.70218E-03 6.48760E-03 1.08043E-04 5.16549E-01 
5.80937E-04 6.86782E-03 1.21081E-02 2.54246E-02 4.28818E-02 3.21280E-01 6.13935E-01 8.95372E-03 6.86782E-03 5.80937E-04 4.88829E-01 
1.21531E-03 7.18382E-03 1.21099E-02 2.49327E-02 4.16492E-02 3.11527E-01 5.99662E-01 9.14574E-03 7.18382E-03 1.21531E-03 4.60582E-01 
1.77861E-03 7.43670E-03 1.20598E-02 2.43942E-02 4.03792E-02 3.01689E-01 5.85045E-01 9.27912E-03 7.43670E-03 1.77861E-03 4.32396E-01 
2.27273E-03 7.62887E-03 1.19605E-02 2.38127E-02 3.90773E-02 2.91794E-01 5.70119E-01 9.35643E-03 7.62887E-03 2.27273E-03 4.04511E-01 
2.70010E-03 7.76327E-03 1.18153E-02 2.31922E-02 3.77490E-02 2.81867E-01 5.54921E-01 9.38071E-03 7.76327E-03 2.70010E-03 3.77146E-01 
3.06370E-03 7.84328E-03 1.16279E-02 2.25371E-02 3.64000E-02 2.71933E-01 5.39490E-01 9.35539E-03 7.84328E-03 3.06370E-03 3.50495E-01 
3.36690E-03 7.87261E-03 1.14020E-02 2.18518E-02 3.50363E-02 2.62018E-01 5.23867E-01 9.28422E-03 7.87261E-03 3.36690E-03 3.24729E-01 
3.61345E-03 7.85526E-03 1.11416E-02 2.11411E-02 3.36636E-02 2.52147E-01 5.08091E-01 9.17120E-03 7.85526E-03 3.61345E-03 2.99989E-01 
3.80732E-03 7.79540E-03 1.08510E-02 2.04095E-02 3.22878E-02 2.42344E-01 4.92203E-01 9.02049E-03 7.79540E-03 3.80732E-03 2.76387E-01 
3.95269E-03 7.69734E-03 1.05343E-02 1.96619E-02 3.09144E-02 2.32632E-01 4.76245E-01 8.83632E-03 7.69734E-03 3.95269E-03 2.54009E-01 
4.05381E-03 7.56539E-03 1.01957E-02 1.89028E-02 2.95489E-02 2.23034E-01 4.60259E-01 8.62293E-03 7.56539E-03 4.05381E-03 2.32912E-01 
4.11496E-03 7.40385E-03 9.83911E-03 1.81366E-02 2.81963E-02 2.13570E-01 4.44283E-01 8.38453E-03 7.40385E-03 4.11496E-03 2.13131E-01 
4.14037E-03 7.21691E-03 9.46859E-03 1.73677E-02 2.68614E-02 2.04261E-01 4.28357E-01 8.12518E-03 7.21691E-03 4.14037E-03 1.94676E-01 
8.85649E-05 2.01286E-03 6.32523E-03 2.38661E-02 4.82946E-02 4.10680E-01 7.51572E-01 1.67854E-03 2.01286E-03 8.85649E-05 6.66818E-01 
8.85649E-05 2.01286E-03 6.83114E-03 2.38996E-02 4.75570E-02 4.02140E-01 7.40583E-01 2.40087E-03 2.01286E-03 8.85649E-05 6.58926E-01 
8.85649E-05 3.44759E-04 7.29996E-03 2.39030E-02 4.68017E-02 3.93582E-01 7.29372E-01 3.07854E-03 3.44759E-04 8.85649E-05 6.47748E-01 
8.85649E-05 1.10695E-03 7.73313E-03 2.38772E-02 4.60289E-02 3.85000E-01 7.17932E-01 3.71331E-03 1.10695E-03 8.85649E-05 6.33316E-01 
8.85649E-05 1.81661E-03 8.12124E-03 2.38070E-02 4.52142E-02 3.76279E-01 7.06120E-01 4.29847E-03 1.81661E-03 8.85649E-05 6.16946E-01 
8.85649E-05 2.47276E-03 8.46385E-03 2.36927E-02 4.43595E-02 3.67434E-01 6.93952E-01 4.83325E-03 2.47276E-03 8.85649E-05 5.98831E-01 
8.85649E-05 3.07488E-03 8.76090E-03 2.35348E-02 4.34666E-02 3.58481E-01 6.81445E-01 5.31728E-03 3.07488E-03 8.85649E-05 5.79173E-01 
8.85649E-05 3.50355E-03 8.95960E-03 2.33832E-02 4.27508E-02 3.51489E-01 6.71546E-01 5.65693E-03 3.50355E-03 8.85649E-05 5.63044E-01 
8.85649E-05 3.62277E-03 9.01259E-03 2.33341E-02 4.25377E-02 3.49435E-01 6.68616E-01 5.75051E-03 3.62277E-03 8.85649E-05 5.58193E-01 
8.85649E-05 4.15299E-03 9.23377E-03 2.30712E-02 4.14985E-02 3.39596E-01 6.54448E-01 6.16109E-03 4.15299E-03 8.85649E-05 5.34349E-01 
8.85649E-05 4.62110E-03 9.40387E-03 2.27616E-02 4.04235E-02 3.29688E-01 6.39956E-01 6.51380E-03 4.62110E-03 8.85649E-05 5.09518E-01 
8.85649E-05 5.02828E-03 9.52435E-03 2.24075E-02 3.93162E-02 3.19732E-01 6.25169E-01 6.80993E-03 5.02828E-03 8.85649E-05 4.83984E-01 
8.85649E-05 5.37614E-03 9.59699E-03 2.20114E-02 3.81805E-02 3.09749E-01 6.10119E-01 7.05114E-03 5.37614E-03 8.85649E-05 4.58024E-01 
4.75014E-04 5.66969E-03 9.62969E-03 2.15865E-02 3.70381E-02 2.99869E-01 5.94998E-01 7.24356E-03 5.66969E-03 4.75014E-04 4.30564E-01 
9.90026E-04 5.90792E-03 9.61737E-03 2.11213E-02 3.58679E-02 2.89955E-01 5.79606E-01 7.38459E-03 5.90792E-03 9.90026E-04 4.02998E-01 
1.44347E-03 6.09229E-03 9.56109E-03 2.06164E-02 3.46700E-02 2.80004E-01 5.63937E-01 7.47553E-03 6.09229E-03 1.44347E-03 3.75838E-01 
1.83749E-03 6.22540E-03 9.46370E-03 2.00757E-02 3.34497E-02 2.70042E-01 5.48030E-01 7.51907E-03 6.22540E-03 1.83749E-03 3.49289E-01 
2.17469E-03 6.31025E-03 9.32836E-03 1.95030E-02 3.22123E-02 2.60095E-01 5.31927E-01 7.51827E-03 6.31025E-03 2.17469E-03 3.23534E-01 
2.45807E-03 6.35015E-03 9.15848E-03 1.89026E-02 3.09633E-02 2.50188E-01 5.15668E-01 7.47647E-03 6.35015E-03 2.45807E-03 2.98729E-01 
2.69094E-03 6.34865E-03 8.95764E-03 1.82787E-02 2.97081E-02 2.40347E-01 4.99296E-01 7.39725E-03 6.34865E-03 2.69094E-03 2.75002E-01 
2.87685E-03 6.30948E-03 8.72953E-03 1.76356E-02 2.84520E-02 2.30595E-01 4.82854E-01 7.28431E-03 6.30948E-03 2.87685E-03 2.52454E-01 
3.01951E-03 6.23649E-03 8.47787E-03 1.69778E-02 2.72002E-02 2.20955E-01 4.66383E-01 7.14145E-03 6.23649E-03 3.01951E-03 2.31158E-01 
3.12273E-03 6.13352E-03 8.20635E-03 1.63094E-02 2.59575E-02 2.11448E-01 4.49926E-01 6.97246E-03 6.13352E-03 3.12273E-03 2.11160E-01 
3.19031E-03 6.00440E-03 7.91859E-03 1.56345E-02 2.47288E-02 2.02096E-01 4.33523E-01 6.78110E-03 6.00440E-03 3.19031E-03 1.92483E-01 
3.22606E-03 5.85287E-03 7.61807E-03 1.49571E-02 2.35182E-02 1.92916E-01 4.17213E-01 6.57100E-03 5.85287E-03 3.22606E-03 1.75129E-01 
3.23364E-03 5.68252E-03 7.30809E-03 1.42809E-02 2.23298E-02 1.83927E-01 4.01036E-01 6.34565E-03 5.68252E-03 3.23364E-03 1.59079E-01 
7.20048E-05 1.69082E-03 4.74428E-03 2.07845E-02 4.28636E-02 3.92124E-01 7.44988E-01 1.17983E-03 1.69082E-03 7.20048E-05 6.35666E-01 
7.20048E-05 1.69082E-03 5.18944E-03 2.07916E-02 4.21178E-02 3.83123E-01 7.32506E-01 1.80202E-03 1.69082E-03 7.20048E-05 6.23518E-01 
7.20048E-05 2.91676E-04 5.59978E-03 2.07696E-02 4.13576E-02 3.74139E-01 7.19850E-01 2.38256E-03 2.91676E-04 7.20048E-05 6.08581E-01 
7.20048E-05 9.33622E-04 5.97685E-03 2.07196E-02 4.05834E-02 3.65166E-01 7.07014E-01 2.92329E-03 9.33622E-04 7.20048E-05 5.90922E-01 
7.20048E-05 1.52737E-03 6.31254E-03 2.06282E-02 3.97729E-02 3.56084E-01 6.93840E-01 3.41834E-03 1.52737E-03 7.20048E-05 5.71706E-01 
7.20048E-05 2.07245E-03 6.60680E-03 2.04960E-02 3.89281E-02 3.46910E-01 6.80348E-01 3.86740E-03 2.07245E-03 7.20048E-05 5.51141E-01 
7.20048E-05 2.56882E-03 6.85988E-03 2.03240E-02 3.80512E-02 3.37662E-01 6.66558E-01 4.27052E-03 2.56882E-03 7.20048E-05 5.29443E-01 
7.20048E-05 2.91957E-03 7.02777E-03 2.01643E-02 3.73523E-02 3.30466E-01 6.55698E-01 4.55112E-03 2.91957E-03 7.20048E-05 5.12018E-01 
7.20048E-05 3.01668E-03 7.07231E-03 2.01134E-02 3.71447E-02 3.28357E-01 6.52493E-01 4.62805E-03 3.01668E-03 7.20048E-05 5.06834E-01 
7.20048E-05 3.44591E-03 7.25673E-03 1.98445E-02 3.61370E-02 3.18278E-01 6.37048E-01 4.96322E-03 3.44591E-03 7.20048E-05 4.81693E-01 
7.20048E-05 3.82052E-03 7.39615E-03 1.95344E-02 3.51014E-02 3.08174E-01 6.21341E-01 5.24734E-03 3.82052E-03 7.20048E-05 4.56030E-01 
7.20048E-05 4.14203E-03 7.49221E-03 1.91855E-02 3.40413E-02 2.98065E-01 6.05406E-01 5.48196E-03 4.14203E-03 7.20048E-05 4.30111E-01 
7.20048E-05 4.41230E-03 7.54687E-03 1.88003E-02 3.29608E-02 2.87973E-01 5.89276E-01 5.66900E-03 4.41230E-03 7.20048E-05 4.04189E-01 
3.85245E-04 4.63604E-03 7.56702E-03 1.83910E-02 3.18798E-02 2.78029E-01 5.73159E-01 5.81400E-03 4.63604E-03 3.85245E-04 3.77372E-01 
7.99998E-04 4.81278E-03 7.54897E-03 1.79479E-02 3.07793E-02 2.68094E-01 5.56841E-01 5.91527E-03 4.81278E-03 7.99998E-04 3.50830E-01 
1.16211E-03 4.94424E-03 7.49405E-03 1.74720E-02 2.96598E-02 2.58166E-01 5.40317E-01 5.97436E-03 4.94424E-03 1.16211E-03 3.24990E-01 
1.47382E-03 5.03302E-03 7.40500E-03 1.69671E-02 2.85265E-02 2.48271E-01 5.23631E-01 5.99395E-03 5.03302E-03 1.47382E-03 3.00024E-01 
1.73775E-03 5.08203E-03 7.28481E-03 1.64368E-02 2.73842E-02 2.38435E-01 5.06826E-01 5.97698E-03 5.08203E-03 1.73775E-03 2.76072E-01 
1.95680E-03 5.09440E-03 7.13664E-03 1.58851E-02 2.62380E-02 2.28682E-01 4.89944E-01 5.92660E-03 5.09440E-03 1.95680E-03 2.53250E-01 
2.13410E-03 5.07343E-03 6.96374E-03 1.53160E-02 2.50927E-02 2.19036E-01 4.73031E-01 5.84609E-03 5.07343E-03 2.13410E-03 2.31645E-01 
2.27292E-03 5.02251E-03 6.76939E-03 1.47336E-02 2.39531E-02 2.09520E-01 4.56129E-01 5.73881E-03 5.02251E-03 2.27292E-03 2.11320E-01 
2.37663E-03 4.94505E-03 6.55688E-03 1.41416E-02 2.28237E-02 2.00154E-01 4.39281E-01 5.60814E-03 4.94505E-03 2.37663E-03 1.92308E-01 
2.44860E-03 4.84443E-03 6.32939E-03 1.35438E-02 2.17086E-02 1.90958E-01 4.22528E-01 5.45740E-03 4.84443E-03 2.44860E-03 1.74622E-01 
2.49221E-03 4.72398E-03 6.09003E-03 1.29439E-02 2.06120E-02 1.81950E-01 4.05910E-01 5.28982E-03 4.72398E-03 2.49221E-03 1.58254E-01 
2.51073E-03 4.58687E-03 5.84173E-03 1.23452E-02 1.95372E-02 1.73146E-01 3.89465E-01 5.10850E-03 4.58687E-03 2.51073E-03 1.43178E-01 
2.50730E-03 4.43614E-03 5.58723E-03 1.17508E-02 1.84875E-02 1.64562E-01 3.73228E-01 4.91638E-03 4.43614E-03 2.50730E-03 1.29353E-01 
5.79655E-05 1.40285E-03 3.45965E-03 1.82785E-02 3.79396E-02 3.71748E-01 7.33804E-01 8.09593E-04 1.40285E-03 5.79655E-05 6.03146E-01 
5.79655E-05 1.40285E-03 3.84820E-03 1.82483E-02 3.71905E-02 3.62417E-01 7.19950E-01 1.33765E-03 1.40285E-03 5.79655E-05 5.87112E-01 
5.79655E-05 2.43645E-04 4.20489E-03 1.81915E-02 3.64311E-02 3.53136E-01 7.05979E-01 1.82797E-03 2.43645E-04 5.79655E-05 5.68834E-01 
5.79655E-05 7.77603E-04 4.53126E-03 1.81093E-02 3.56620E-02 3.43900E-01 6.91881E-01 2.28238E-03 7.77603E-04 5.79655E-05 5.48397E-01 
5.79655E-05 1.26835E-03 4.82035E-03 1.79897E-02 3.48626E-02 3.34588E-01 6.77487E-01 2.69570E-03 1.26835E-03 5.79655E-05 5.26818E-01 
5.79655E-05 1.71579E-03 5.07238E-03 1.78336E-02 3.40350E-02 3.25218E-01 6.62819E-01 3.06797E-03 1.71579E-03 5.79655E-05 5.04312E-01 
5.79655E-05 2.12019E-03 5.28784E-03 1.76422E-02 3.31818E-02 3.15808E-01 6.47903E-01 3.39953E-03 2.12019E-03 5.79655E-05 4.81094E-01 
5.79655E-05 2.40387E-03 5.42989E-03 1.74707E-02 3.25056E-02 3.08510E-01 6.36207E-01 3.62851E-03 2.40387E-03 5.79655E-05 4.62777E-01 
5.79655E-05 2.48206E-03 5.46743E-03 1.74169E-02 3.23054E-02 3.06375E-01 6.32764E-01 3.69097E-03 2.48206E-03 5.79655E-05 4.57379E-01 
5.79655E-05 2.82553E-03 5.62198E-03 1.71378E-02 3.13376E-02 2.96199E-01 6.16223E-01 3.96128E-03 2.82553E-03 5.79655E-05 4.31495E-01 
5.79655E-05 3.12184E-03 5.73741E-03 1.68235E-02 3.03493E-02 2.86039E-01 5.99488E-01 4.18736E-03 3.12184E-03 5.79655E-05 4.05534E-01 
5.79655E-05 3.37265E-03 5.81546E-03 1.64763E-02 2.93443E-02 2.75916E-01 5.82597E-01 4.37091E-03 3.37265E-03 5.79655E-05 3.79733E-01 
5.79655E-05 3.57993E-03 5.85811E-03 1.60991E-02 2.83262E-02 2.65853E-01 5.65584E-01 4.51392E-03 3.57993E-03 5.79655E-05 3.54310E-01 
3.09386E-04 3.74796E-03 5.87126E-03 1.57027E-02 2.73132E-02 2.55976E-01 5.48668E-01 4.62131E-03 3.74796E-03 3.09386E-04 3.28524E-01 
6.40181E-04 3.87672E-03 5.85236E-03 1.52789E-02 2.62883E-02 2.46150E-01 5.31625E-01 4.69208E-03 3.87672E-03 6.40181E-04 3.03336E-01 
9.26601E-04 3.96797E-03 5.80285E-03 1.48289E-02 2.52522E-02 2.36372E-01 5.14451E-01 4.72788E-03 3.96797E-03 9.26601E-04 2.79097E-01 
1.17087E-03 4.02423E-03 5.72531E-03 1.43563E-02 2.42096E-02 2.26667E-01 4.97191E-01 4.73126E-03 4.02423E-03 1.17087E-03 2.55934E-01 
1.37550E-03 4.04820E-03 5.62247E-03 1.38646E-02 2.31650E-02 2.17060E-01 4.79891E-01 4.70495E-03 4.04820E-03 1.37550E-03 2.33950E-01 
1.54320E-03 4.04277E-03 5.49717E-03 1.33573E-02 2.21228E-02 2.07575E-01 4.62595E-01 4.65181E-03 4.04277E-03 1.54320E-03 2.13218E-01 
1.67682E-03 4.01088E-03 5.35228E-03 1.28382E-02 2.10874E-02 1.98232E-01 4.45347E-01 4.57480E-03 4.01088E-03 1.67682E-03 1.93789E-01 
1.77931E-03 3.95553E-03 5.19069E-03 1.23108E-02 2.00628E-02 1.89054E-01 4.28190E-01 4.47686E-03 3.95553E-03 1.77931E-03 1.75686E-01 
1.85364E-03 3.87970E-03 5.01522E-03 1.17784E-02 1.90529E-02 1.80058E-01 4.11166E-01 4.36094E-03 3.87970E-03 1.85364E-03 1.58912E-01 
1.90277E-03 3.78629E-03 4.82858E-03 1.12443E-02 1.80612E-02 1.71263E-01 3.94316E-01 4.22986E-03 3.78629E-03 1.90277E-03 1.43450E-01 
1.92957E-03 3.67811E-03 4.63337E-03 1.07117E-02 1.70909E-02 1.62683E-01 3.77676E-01 4.08638E-03 3.67811E-03 1.92957E-03 1.29265E-01 
1.93684E-03 3.55781E-03 4.43203E-03 1.01833E-02 1.61449E-02 1.54332E-01 3.61283E-01 3.93308E-03 3.55781E-03 1.93684E-03 1.16311E-01 
1.92722E-03 3.42790E-03 4.22681E-03 9.66169E-03 1.52256E-02 1.46223E-01 3.45170E-01 3.77235E-03 3.42790E-03 1.92722E-03 1.04528E-01 
4.61739E-05 1.14832E-03 2.45181E-03 1.62116E-02 3.34665E-02 3.49905E-01 7.18161E-01 5.41161E-04 1.14832E-03 4.61739E-05 5.68149E-01 
4.61739E-05 1.14832E-03 2.78667E-03 1.61378E-02 3.27202E-02 3.40374E-01 7.03086E-01 9.82104E-04 1.14832E-03 4.61739E-05 5.48794E-01 
4.61739E-05 2.00702E-04 3.09316E-03 1.60410E-02 3.19685E-02 3.30927E-01 6.87953E-01 1.38985E-03 2.00702E-04 4.61739E-05 5.27760E-01 
4.61739E-05 6.38810E-04 3.37272E-03 1.59224E-02 3.12117E-02 3.21559E-01 6.72755E-01 1.76609E-03 6.38810E-04 4.61739E-05 5.05140E-01 
4.61739E-05 1.03907E-03 3.61940E-03 1.57712E-02 3.04307E-02 3.12147E-01 6.57306E-01 2.10627E-03 1.03907E-03 4.61739E-05 4.81805E-01 
4.61739E-05 1.40165E-03 3.83358E-03 1.55886E-02 2.96280E-02 3.02710E-01 6.41635E-01 2.41062E-03 1.40165E-03 4.61739E-05 4.57963E-01 
4.61739E-05 1.72700E-03 4.01586E-03 1.53757E-02 2.88060E-02 2.93266E-01 6.25769E-01 2.67966E-03 1.72700E-03 4.61739E-05 4.33820E-01 
4.61739E-05 1.95362E-03 4.13552E-03 1.51913E-02 2.81583E-02 2.85966E-01 6.13378E-01 2.86408E-03 1.95362E-03 4.61739E-05 4.15060E-01 
4.61739E-05 2.01580E-03 4.16705E-03 1.51342E-02 2.79671E-02 2.83833E-01 6.09738E-01 2.91415E-03 2.01580E-03 4.61739E-05 4.09576E-01 
4.61739E-05 2.28732E-03 4.29639E-03 1.48436E-02 2.70468E-02 2.73696E-01 5.92300E-01 3.12935E-03 2.28732E-03 4.61739E-05 3.83539E-01 
4.61739E-05 2.51884E-03 4.39225E-03 1.45239E-02 2.61132E-02 2.63613E-01 5.74741E-01 3.30696E-03 2.51884E-03 4.61739E-05 3.57828E-01 
4.61739E-05 2.71208E-03 4.45633E-03 1.41777E-02 2.51699E-02 2.53608E-01 5.57100E-01 3.44868E-03 2.71208E-03 4.61739E-05 3.32642E-01 
4.61739E-05 2.86895E-03 4.49056E-03 1.38076E-02 2.42202E-02 2.43700E-01 5.39414E-01 3.55646E-03 2.86895E-03 4.61739E-05 3.08161E-01 
2.45878E-04 2.99326E-03 4.49988E-03 1.34233E-02 2.32803E-02 2.34012E-01 5.21907E-01 3.63455E-03 2.99326E-03 2.45878E-04 2.83766E-01 
5.07016E-04 3.08526E-03 4.48264E-03 1.30178E-02 2.23353E-02 2.24413E-01 5.04348E-01 3.68248E-03 3.08526E-03 5.07016E-04 2.60228E-01 
7.31299E-04 3.14669E-03 4.44031E-03 1.25923E-02 2.13858E-02 2.14898E-01 4.86733E-01 3.70187E-03 3.14669E-03 7.31299E-04 2.37822E-01 
9.20836E-04 3.17987E-03 4.37520E-03 1.21502E-02 2.04360E-02 2.05492E-01 4.69110E-01 3.69507E-03 3.17987E-03 9.20836E-04 2.16636E-01 
1.07794E-03 3.18724E-03 4.28976E-03 1.16946E-02 1.94898E-02 1.96219E-01 4.51524E-01 3.66452E-03 3.18724E-03 1.07794E-03 1.96734E-01 
1.20505E-03 3.17136E-03 4.18647E-03 1.12288E-02 1.85512E-02 1.87099E-01 4.34020E-01 3.61278E-03 3.17136E-03 1.20505E-03 1.78152E-01 
1.30472E-03 3.13481E-03 4.06784E-03 1.07560E-02 1.76239E-02 1.78153E-01 4.16641E-01 3.54239E-03 3.13481E-03 1.30472E-03 1.60904E-01 
1.37952E-03 3.08017E-03 3.93631E-03 1.02792E-02 1.67112E-02 1.69399E-01 3.99430E-01 3.45592E-03 3.08017E-03 1.37952E-03 1.44983E-01 
1.43202E-03 3.00998E-03 3.79428E-03 9.80145E-03 1.58164E-02 1.60853E-01 3.82427E-01 3.35583E-03 3.00998E-03 1.43202E-03 1.30364E-01 
1.46475E-03 2.92667E-03 3.64402E-03 9.32542E-03 1.49423E-02 1.52531E-01 3.65668E-01 3.24453E-03 2.92667E-03 1.46475E-03 1.17005E-01 
1.48013E-03 2.83256E-03 3.48767E-03 8.85367E-03 1.40915E-02 1.44446E-01 3.49191E-01 3.12428E-03 2.83256E-03 1.48013E-03 1.04854E-01 
1.48048E-03 2.72985E-03 3.32721E-03 8.38853E-03 1.32661E-02 1.36609E-01 3.33027E-01 2.99718E-03 2.72985E-03 1.48048E-03 9.38473E-02 
1.46800E-03 2.62054E-03 3.16446E-03 7.93206E-03 1.24680E-02 1.29028E-01 3.17207E-01 2.86518E-03 2.62054E-03 1.46800E-03 8.39145E-02 
3.63454E-05 9.25774E-04 1.68583E-03 1.44613E-02 2.93836E-02 3.26889E-01 6.98235E-01 3.50966E-04 9.25774E-04 3.63454E-05 5.30078E-01 
3.63454E-05 9.25774E-04 1.96955E-03 1.43421E-02 2.86480E-02 3.17288E-01 6.82110E-01 7.12528E-04 9.25774E-04 3.63454E-05 5.08108E-01 
3.63454E-05 1.62740E-04 2.22874E-03 1.42044E-02 2.79117E-02 3.07804E-01 6.65991E-01 1.04577E-03 1.62740E-04 3.63454E-05 4.85019E-01 
3.63454E-05 5.16706E-04 2.46467E-03 1.40493E-02 2.71749E-02 2.98430E-01 6.49868E-01 1.35219E-03 5.16706E-04 3.63454E-05 4.60902E-01 
3.63454E-05 8.38327E-04 2.67226E-03 1.38669E-02 2.64203E-02 2.89043E-01 6.33547E-01 1.62771E-03 8.38327E-04 3.63454E-05 4.36484E-01 
3.63454E-05 1.12791E-03 2.85196E-03 1.36583E-02 2.56501E-02 2.79663E-01 6.17059E-01 1.87271E-03 1.12791E-03 3.63454E-05 4.11960E-01 
3.63454E-05 1.38599E-03 3.00441E-03 1.34250E-02 2.48667E-02 2.70307E-01 6.00433E-01 2.08779E-03 1.38599E-03 3.63454E-05 3.87516E-01 
3.63454E-05 1.56454E-03 3.10418E-03 1.32285E-02 2.42530E-02 2.63097E-01 5.87495E-01 2.23415E-03 1.56454E-03 3.63454E-05 3.68769E-01 
3.63454E-05 1.61333E-03 3.13043E-03 1.31685E-02 2.40725E-02 2.60995E-01 5.83702E-01 2.27371E-03 1.61333E-03 3.63454E-05 3.63328E-01 
3.63454E-05 1.82507E-03 3.23781E-03 1.28678E-02 2.32067E-02 2.51023E-01 5.65578E-01 2.44263E-03 1.82507E-03 3.63454E-05 3.37721E-01 
3.63454E-05 2.00356E-03 3.31703E-03 1.25444E-02 2.23343E-02 2.41142E-01 5.47408E-01 2.58021E-03 2.00356E-03 3.63454E-05 3.12785E-01 
3.63454E-05 2.15042E-03 3.36970E-03 1.22004E-02 2.14583E-02 2.31373E-01 5.29231E-01 2.68808E-03 2.15042E-03 3.63454E-05 2.88679E-01 
3.63454E-05 2.26745E-03 3.39757E-03 1.18385E-02 2.05818E-02 2.21735E-01 5.11085E-01 2.76804E-03 2.26745E-03 3.63454E-05 2.65538E-01 
1.93110E-04 2.35792E-03 3.40473E-03 1.14674E-02 1.97192E-02 2.12347E-01 4.93198E-01 2.82370E-03 2.35792E-03 1.93110E-04 2.42844E-01 
3.96886E-04 2.42227E-03 3.39019E-03 1.10808E-02 1.88570E-02 2.03079E-01 4.75334E-01 2.85494E-03 2.42227E-03 3.96886E-04 2.21198E-01 
5.70533E-04 2.46211E-03 3.35535E-03 1.06801E-02 1.79959E-02 1.93928E-01 4.57489E-01 2.86329E-03 2.46211E-03 5.70533E-04 2.00806E-01 
7.15969E-04 2.47951E-03 3.30226E-03 1.02680E-02 1.71395E-02 1.84916E-01 4.39711E-01 2.85082E-03 2.47951E-03 7.15969E-04 1.81718E-01 
8.35258E-04 2.47662E-03 3.23303E-03 9.84746E-03 1.62913E-02 1.76065E-01 4.22044E-01 2.81967E-03 2.47662E-03 8.35258E-04 1.63962E-01 
9.30552E-04 2.45563E-03 3.14980E-03 9.42134E-03 1.54545E-02 1.67394E-01 4.04533E-01 2.77204E-03 2.45563E-03 9.30552E-04 1.47541E-01 
1.00405E-03 2.41875E-03 3.05467E-03 8.99236E-03 1.46323E-02 1.58922E-01 3.87220E-01 2.71010E-03 2.41875E-03 1.00405E-03 1.32439E-01 
1.05796E-03 2.36816E-03 2.94972E-03 8.56313E-03 1.38274E-02 1.50663E-01 3.70146E-01 2.63598E-03 2.36816E-03 1.05796E-03 1.18624E-01 
1.09445E-03 2.30595E-03 2.83691E-03 8.13611E-03 1.30423E-02 1.42633E-01 3.53348E-01 2.55176E-03 2.30595E-03 1.09445E-03 1.06049E-01 
1.11563E-03 2.23414E-03 2.71811E-03 7.71355E-03 1.22793E-02 1.34843E-01 3.36861E-01 2.45940E-03 2.23414E-03 1.11563E-03 9.46542E-02 
1.12350E-03 2.15461E-03 2.59505E-03 7.29752E-03 1.15404E-02 1.27304E-01 3.20717E-01 2.36072E-03 2.15461E-03 1.12350E-03 8.43733E-02 
1.11997E-03 2.06910E-03 2.46932E-03 6.88985E-03 1.08271E-02 1.20024E-01 3.04945E-01 2.25742E-03 2.06910E-03 1.11997E-03 7.51331E-02 
1.10680E-03 1.97923E-03 2.34236E-03 6.49215E-03 1.01407E-02 1.13010E-01 2.89572E-01 2.15103E-03 1.97923E-03 1.10680E-03 6.68572E-02 
2.82559E-05 7.34351E-04 1.12409E-03 1.29364E-02 2.56573E-02 3.03081E-01 6.74340E-01 2.20200E-04 7.34351E-04 2.82559E-05 4.89022E-01 
2.82559E-05 7.34351E-04 1.35967E-03 1.27745E-02 2.49408E-02 2.93537E-01 6.57356E-01 5.10953E-04 7.34351E-04 2.82559E-05 4.65237E-01 
2.82559E-05 1.29749E-04 1.57471E-03 1.25990E-02 2.42283E-02 2.84138E-01 6.40442E-01 7.78322E-04 1.29749E-04 2.82559E-05 4.40865E-01 
2.82559E-05 4.11068E-04 1.77026E-03 1.24107E-02 2.35197E-02 2.74876E-01 6.23590E-01 1.02352E-03 4.11068E-04 2.82559E-05 4.15983E-01 
2.82559E-05 6.65433E-04 1.94199E-03 1.22006E-02 2.27992E-02 2.65632E-01 6.06594E-01 1.24294E-03 6.65433E-04 2.82559E-05 3.91180E-01 
2.82559E-05 8.93196E-04 2.09032E-03 1.19699E-02 2.20690E-02 2.56425E-01 5.89488E-01 1.43698E-03 8.93196E-04 2.82559E-05 3.66632E-01 
2.82559E-05 1.09492E-03 2.21589E-03 1.17198E-02 2.13311E-02 2.47272E-01 5.72303E-01 1.60622E-03 1.09492E-03 2.82559E-05 3.42498E-01 
2.82559E-05 1.23358E-03 2.29789E-03 1.15140E-02 2.07563E-02 2.40238E-01 5.58975E-01 1.72063E-03 1.23358E-03 2.82559E-05 3.24202E-01 
2.82559E-05 1.27131E-03 2.31944E-03 1.14519E-02 2.05878E-02 2.38191E-01 5.55075E-01 1.75142E-03 1.27131E-03 2.82559E-05 3.18925E-01 
2.82559E-05 1.43415E-03 2.40747E-03 1.11449E-02 1.97828E-02 2.28499E-01 5.36485E-01 1.88208E-03 1.43415E-03 2.82559E-05 2.94287E-01 
2.82559E-05 1.56989E-03 2.47225E-03 1.08211E-02 1.89767E-02 2.18930E-01 5.17923E-01 1.98714E-03 1.56989E-03 2.82559E-05 2.70597E-01 
2.82559E-05 1.67998E-03 2.51522E-03 1.04826E-02 1.81724E-02 2.09504E-01 4.99427E-01 2.06807E-03 1.67998E-03 2.82559E-05 2.47970E-01 
2.82559E-05 1.76605E-03 2.53796E-03 1.01317E-02 1.73725E-02 2.00237E-01 4.81037E-01 2.12648E-03 1.76605E-03 2.82559E-05 2.26499E-01 
1.49811E-04 1.83082E-03 2.54375E-03 9.77605E-03 1.65896E-02 1.91243E-01 4.62982E-01 2.16536E-03 1.83082E-03 1.49811E-04 2.05745E-01 
3.06928E-04 1.87484E-03 2.53209E-03 9.41020E-03 1.58116E-02 1.82397E-01 4.45022E-01 2.18480E-03 1.87484E-03 3.06928E-04 1.86163E-01 
4.39807E-04 1.89955E-03 2.50425E-03 9.03520E-03 1.50391E-02 1.73694E-01 4.27153E-01 2.18620E-03 1.89955E-03 4.39807E-04 1.67896E-01 
5.50138E-04 1.90672E-03 2.46200E-03 8.65358E-03 1.42752E-02 1.65155E-01 4.09421E-01 2.17132E-03 1.90672E-03 5.50138E-04 1.50961E-01 
6.39707E-04 1.89819E-03 2.40711E-03 8.26784E-03 1.35228E-02 1.56800E-01 3.91871E-01 2.14199E-03 1.89819E-03 6.39707E-04 1.35354E-01 
7.10356E-04 1.87580E-03 2.34137E-03 7.88037E-03 1.27846E-02 1.48645E-01 3.74545E-01 2.10005E-03 1.87580E-03 7.10356E-04 1.21052E-01 
7.63944E-04 1.84140E-03 2.26654E-03 7.49348E-03 1.20630E-02 1.40706E-01 3.57485E-01 2.04730E-03 1.84140E-03 7.63944E-04 1.08015E-01 
8.02313E-04 1.79677E-03 2.18431E-03 7.10932E-03 1.13603E-02 1.32997E-01 3.40726E-01 1.98550E-03 1.79677E-03 8.02313E-04 9.61905E-02 
8.27257E-04 1.74361E-03 2.09627E-03 6.72988E-03 1.06785E-02 1.25530E-01 3.24305E-01 1.91633E-03 1.74361E-03 8.27257E-04 8.55165E-02 
8.40501E-04 1.68354E-03 2.00394E-03 6.35696E-03 1.00191E-02 1.18313E-01 3.08252E-01 1.84135E-03 1.68354E-03 8.40501E-04 7.59223E-02 
8.43676E-04 1.61807E-03 1.90869E-03 5.99218E-03 9.38369E-03 1.11356E-01 2.92595E-01 1.76204E-03 1.61807E-03 8.43676E-04 6.73327E-02 
8.38306E-04 1.54857E-03 1.81176E-03 5.63692E-03 8.77324E-03 1.04663E-01 2.77361E-01 1.67971E-03 1.54857E-03 8.38306E-04 5.96698E-02 
8.25799E-04 1.47629E-03 1.71429E-03 5.29241E-03 8.18864E-03 9.82388E-02 2.62571E-01 1.59556E-03 1.47629E-03 8.25799E-04 5.28555E-02 
2.16791E-05 5.72406E-04 7.26187E-04 1.15670E-02 2.22575E-02 2.78833E-01 6.46844E-01 1.33208E-04 5.72406E-04 2.16791E-05 4.45475E-01 
2.16791E-05 5.72406E-04 9.17326E-04 1.13685E-02 2.15690E-02 2.69463E-01 6.29206E-01 3.62130E-04 5.72406E-04 2.16791E-05 4.20710E-01 
2.16791E-05 1.01573E-04 1.09188E-03 1.11614E-02 2.08886E-02 2.60263E-01 6.11702E-01 5.72408E-04 1.01573E-04 2.16791E-05 3.95837E-01 
2.16791E-05 3.21216E-04 1.25063E-03 1.09461E-02 2.02162E-02 2.51225E-01 5.94323E-01 7.64951E-04 3.21216E-04 2.16791E-05 3.70912E-01 
2.16791E-05 5.18986E-04 1.38987E-03 1.07143E-02 1.95372E-02 2.42233E-01 5.76857E-01 9.36556E-04 5.18986E-04 2.16791E-05 3.46399E-01 
2.16791E-05 6.95213E-04 1.50999E-03 1.04672E-02 1.88536E-02 2.33303E-01 5.59339E-01 1.08758E-03 6.95213E-04 2.16791E-05 3.22445E-01 
2.16791E-05 8.50409E-04 1.61152E-03 1.02060E-02 1.81674E-02 2.24454E-01 5.41803E-01 1.21857E-03 8.50409E-04 2.16791E-05 2.99179E-01 
2.16791E-05 9.56463E-04 1.67774E-03 9.99510E-03 1.76357E-02 2.17673E-01 5.28243E-01 1.30658E-03 9.56463E-04 2.16791E-05 2.81725E-01 
2.16791E-05 9.85216E-04 1.69513E-03 9.93208E-03 1.74803E-02 2.15702E-01 5.24282E-01 1.33017E-03 9.85216E-04 2.16791E-05 2.76719E-01 
2.16791E-05 1.10863E-03 1.76610E-03 9.62402E-03 1.67409E-02 2.06392E-01 5.05448E-01 1.42969E-03 1.10863E-03 2.16791E-05 2.53515E-01 
2.16791E-05 1.21039E-03 1.81827E-03 9.30464E-03 1.60051E-02 1.97232E-01 4.86711E-01 1.50874E-03 1.21039E-03 2.16791E-05 2.31461E-01 
2.16791E-05 1.29178E-03 1.85289E-03 8.97583E-03 1.52754E-02 1.88240E-01 4.68113E-01 1.56859E-03 1.29178E-03 2.16791E-05 2.10630E-01 
2.16791E-05 1.35417E-03 1.87128E-03 8.63954E-03 1.45539E-02 1.79430E-01 4.49693E-01 1.61061E-03 1.35417E-03 2.16791E-05 1.91076E-01 
1.14714E-04 1.39979E-03 1.87605E-03 8.30249E-03 1.38515E-02 1.70910E-01 4.31675E-01 1.63721E-03 1.39979E-03 1.14714E-04 1.72422E-01 
2.34325E-04 1.42922E-03 1.86702E-03 7.95973E-03 1.31576E-02 1.62559E-01 4.13820E-01 1.64863E-03 1.42922E-03 2.34325E-04 1.55000E-01 
3.34761E-04 1.44368E-03 1.84532E-03 7.61215E-03 1.24724E-02 1.54372E-01 3.96124E-01 1.64606E-03 1.44368E-03 3.34761E-04 1.38900E-01 
4.17462E-04 1.44468E-03 1.81240E-03 7.26190E-03 1.17987E-02 1.46369E-01 3.78630E-01 1.63099E-03 1.44468E-03 4.17462E-04 1.24111E-01 
4.83935E-04 1.43373E-03 1.76974E-03 6.91106E-03 1.11386E-02 1.38566E-01 3.61383E-01 1.60492E-03 1.43373E-03 4.83935E-04 1.10601E-01 
5.35715E-04 1.41234E-03 1.71880E-03 6.56163E-03 1.04944E-02 1.30978E-01 3.44421E-01 1.56936E-03 1.41234E-03 5.35715E-04 9.83287E-02 
5.74333E-04 1.38201E-03 1.66099E-03 6.21547E-03 9.86804E-03 1.23618E-01 3.27784E-01 1.52577E-03 1.38201E-03 5.74333E-04 8.72360E-02 
6.01297E-04 1.34418E-03 1.59769E-03 5.87431E-03 9.26114E-03 1.16497E-01 3.11504E-01 1.47557E-03 1.34418E-03 6.01297E-04 7.72575E-02 
6.18059E-04 1.30019E-03 1.53017E-03 5.53970E-03 8.67518E-03 1.09625E-01 2.95614E-01 1.42008E-03 1.30019E-03 6.18059E-04 6.83208E-02 
6.26002E-04 1.25133E-03 1.45961E-03 5.21304E-03 8.11131E-03 1.03008E-01 2.80140E-01 1.36055E-03 1.25133E-03 6.26002E-04 6.03494E-02 
6.26425E-04 1.19877E-03 1.38708E-03 4.89553E-03 7.57050E-03 9.66519E-02 2.65108E-01 1.29810E-03 1.19877E-03 6.26425E-04 5.32650E-02 
6.20529E-04 1.14356E-03 1.31356E-03 4.58819E-03 7.05342E-03 9.05606E-02 2.50537E-01 1.23376E-03 1.14356E-03 6.20529E-04 4.69894E-02 
6.09417E-04 1.08667E-03 1.23990E-03 4.29188E-03 6.56053E-03 8.47360E-02 2.36447E-01 1.16845E-03 1.08667E-03 6.09417E-04 4.14461E-02 
1.63994E-05 4.37740E-04 4.54047E-04 1.03046E-02 1.91605E-02 2.54467E-01 6.16152E-01 7.75086E-05 4.37740E-04 1.63994E-05 4.00220E-01 
1.63994E-05 4.37740E-04 6.05152E-04 1.00780E-02 1.85085E-02 2.45380E-01 5.98071E-01 2.53610E-04 4.37740E-04 1.63994E-05 3.75286E-01 
1.63994E-05 7.79384E-05 7.43400E-04 9.84744E-03 1.78682E-02 2.36483E-01 5.80188E-01 4.15423E-04 7.79384E-05 1.63994E-05 3.50656E-01 
1.63994E-05 2.46134E-04 8.69313E-04 9.61309E-03 1.72391E-02 2.27769E-01 5.62490E-01 5.63556E-04 2.46134E-04 1.63994E-05 3.26360E-01 
1.63994E-05 3.97073E-04 9.79703E-04 9.36725E-03 1.66081E-02 2.19124E-01 5.44762E-01 6.95165E-04 3.97073E-04 1.63994E-05 3.02746E-01 
1.63994E-05 5.31028E-04 1.07488E-03 9.11095E-03 1.59769E-02 2.10565E-01 5.27040E-01 8.10544E-04 5.31028E-04 1.63994E-05 2.79931E-01 
1.63994E-05 6.48419E-04 1.15527E-03 8.84530E-03 1.53471E-02 2.02108E-01 5.09358E-01 9.10126E-04 6.48419E-04 1.63994E-05 2.58014E-01 
1.63994E-05 7.28221E-04 1.20766E-03 8.63406E-03 1.48618E-02 1.95645E-01 4.95726E-01 9.76680E-04 7.28221E-04 1.63994E-05 2.41726E-01 
1.63994E-05 7.49784E-04 1.22142E-03 8.57145E-03 1.47204E-02 1.93770E-01 4.91751E-01 9.94456E-04 7.49784E-04 1.63994E-05 2.37079E-01 
1.63994E-05 8.41875E-04 1.27753E-03 8.26841E-03 1.40499E-02 1.84929E-01 4.72888E-01 1.06905E-03 8.41875E-04 1.63994E-05 2.15680E-01 
1.63994E-05 9.17041E-04 1.31878E-03 7.95887E-03 1.33868E-02 1.76259E-01 4.54192E-01 1.12763E-03 9.17041E-04 1.63994E-05 1.95558E-01 
1.63994E-05 9.76341E-04 1.34617E-03 7.64442E-03 1.27331E-02 1.67776E-01 4.35701E-01 1.17124E-03 9.76341E-04 1.63994E-05 1.76748E-01 
1.63994E-05 1.02093E-03 1.36083E-03 7.32672E-03 1.20904E-02 1.59495E-01 4.17453E-01 1.20102E-03 1.02093E-03 1.63994E-05 1.59268E-01 
8.66167E-05 1.05255E-03 1.36474E-03 7.01155E-03 1.14680E-02 1.51511E-01 3.99669E-01 1.21885E-03 1.05255E-03 8.66167E-05 1.42796E-01 
1.76445E-04 1.07176E-03 1.35795E-03 6.69441E-03 1.08565E-02 1.43714E-01 3.82110E-01 1.22505E-03 1.07176E-03 1.76445E-04 1.27560E-01 
2.51365E-04 1.07959E-03 1.34140E-03 6.37598E-03 1.02561E-02 1.36096E-01 3.64770E-01 1.22060E-03 1.07959E-03 2.51365E-04 1.13604E-01 
3.12571E-04 1.07725E-03 1.31627E-03 6.05806E-03 9.66878E-03 1.28675E-01 3.47693E-01 1.20671E-03 1.07725E-03 3.12571E-04 1.00895E-01 
3.61297E-04 1.06598E-03 1.28375E-03 5.74232E-03 9.09647E-03 1.21465E-01 3.30919E-01 1.18460E-03 1.06598E-03 3.61297E-04 8.93846E-02 
3.98791E-04 1.04698E-03 1.24501E-03 5.43038E-03 8.54080E-03 1.14479E-01 3.14484E-01 1.15547E-03 1.04698E-03 3.98791E-04 7.90144E-02 
4.26289E-04 1.02143E-03 1.20117E-03 5.12369E-03 8.00322E-03 1.07727E-01 2.98424E-01 1.12048E-03 1.02143E-03 4.26289E-04 6.97164E-02 
4.44993E-04 9.90466E-04 1.15331E-03 4.82358E-03 7.48494E-03 1.01218E-01 2.82768E-01 1.08073E-03 9.90466E-04 4.44993E-04 6.14175E-02 
4.56056E-04 9.55144E-04 1.10242E-03 4.53124E-03 6.98697E-03 9.49586E-02 2.67545E-01 1.03726E-03 9.55144E-04 4.56056E-04 5.40409E-02 
4.60565E-04 9.16445E-04 1.04942E-03 4.24769E-03 6.51008E-03 8.89539E-02 2.52777E-01 9.91018E-04 9.16445E-04 4.60565E-04 4.75085E-02 
4.59535E-04 8.75265E-04 9.95130E-04 3.97379E-03 6.05484E-03 8.32071E-02 2.38485E-01 9.42881E-04 8.75265E-04 4.59535E-04 4.17432E-02 
4.53896E-04 8.32408E-04 9.40284E-04 3.71024E-03 5.62159E-03 7.77199E-02 2.24685E-01 8.93619E-04 8.32408E-04 4.53896E-04 3.66698E-02 
4.44496E-04 7.88588E-04 8.85527E-04 3.45760E-03 5.21050E-03 7.24921E-02 2.11390E-01 8.43915E-04 7.88588E-04 4.44496E-04 3.22167E-02 
1.22272E-05 3.28058E-04 2.74957E-04 9.12231E-03 1.63556E-02 2.30347E-01 5.82789E-01 4.35420E-05 3.28058E-04 1.22272E-05 3.54339E-01 
1.22272E-05 3.28058E-04 3.91073E-04 8.87750E-03 1.57477E-02 2.21637E-01 5.64480E-01 1.75646E-04 3.28058E-04 1.22272E-05 3.29980E-01 
1.22272E-05 5.85391E-05 4.97692E-04 8.63283E-03 1.51542E-02 2.13134E-01 5.46429E-01 2.97293E-04 5.85391E-05 1.22272E-05 3.06255E-01 
1.22272E-05 1.84712E-04 5.95085E-04 8.38818E-03 1.45742E-02 2.04828E-01 5.28621E-01 4.08816E-04 1.84712E-04 1.22272E-05 2.83169E-01 
1.22272E-05 2.97679E-04 6.80513E-04 8.13648E-03 1.39963E-02 1.96612E-01 5.10837E-01 5.07698E-04 2.97679E-04 1.22272E-05 2.60967E-01 
1.22272E-05 3.97629E-04 7.54184E-04 7.87860E-03 1.34216E-02 1.88502E-01 4.93115E-01 5.94141E-04 3.97629E-04 1.22272E-05 2.39736E-01 
1.22272E-05 4.84877E-04 8.16417E-04 7.61547E-03 1.28517E-02 1.80512E-01 4.75489E-01 6.68467E-04 4.84877E-04 1.22272E-05 2.19543E-01 
1.22272E-05 5.43928E-04 8.56982E-04 7.40888E-03 1.24148E-02 1.74422E-01 4.61938E-01 7.17926E-04 5.43928E-04 1.22272E-05 2.04666E-01 
1.22272E-05 5.59837E-04 8.67627E-04 7.34807E-03 1.22878E-02 1.72657E-01 4.57993E-01 7.31096E-04 5.59837E-04 1.22272E-05 2.00442E-01 
1.22272E-05 6.27485E-04 9.11075E-04 7.05613E-03 1.16880E-02 1.64354E-01 4.39311E-01 7.86111E-04 6.27485E-04 1.22272E-05 1.81110E-01 
1.22272E-05 6.82194E-04 9.43024E-04 6.76172E-03 1.10983E-02 1.56238E-01 4.20859E-01 8.28871E-04 6.82194E-04 1.22272E-05 1.63111E-01 
1.22272E-05 7.24809E-04 9.64292E-04 6.46614E-03 1.05201E-02 1.48324E-01 4.02672E-01 8.60212E-04 7.24809E-04 1.22272E-05 1.46449E-01 
1.22272E-05 7.56248E-04 9.75761E-04 6.17072E-03 9.95491E-03 1.40623E-01 3.84788E-01 8.81041E-04 7.56248E-04 1.22272E-05 1.31111E-01 
6.44729E-05 7.77851E-04 9.78928E-04 5.88039E-03 9.41032E-03 1.33224E-01 3.67419E-01 8.92790E-04 7.77851E-04 6.44729E-05 1.16821E-01 
1.31007E-04 7.90116E-04 9.73947E-04 5.59103E-03 8.87816E-03 1.26021E-01 3.50331E-01 8.95779E-04 7.90116E-04 1.31007E-04 1.03722E-01 
1.86154E-04 7.93885E-04 9.61589E-04 5.30315E-03 8.35842E-03 1.19008E-01 3.33517E-01 8.90820E-04 7.93885E-04 1.86154E-04 9.18247E-02 
2.30875E-04 7.90116E-04 9.42788E-04 5.01815E-03 7.85269E-03 1.12199E-01 3.17016E-01 8.78864E-04 7.90116E-04 2.30875E-04 8.10802E-02 
2.66156E-04 7.79771E-04 9.18478E-04 4.73739E-03 7.36237E-03 1.05607E-01 3.00866E-01 8.60862E-04 7.79771E-04 2.66156E-04 7.14278E-02 
2.92987E-04 7.63798E-04 8.89569E-04 4.46209E-03 6.88869E-03 9.92421E-02 2.85101E-01 8.37749E-04 7.63798E-04 2.92987E-04 6.27995E-02 
3.12340E-04 7.43109E-04 8.56935E-04 4.19337E-03 6.43268E-03 9.31118E-02 2.69752E-01 8.10423E-04 7.43109E-04 3.12340E-04 5.51224E-02 
3.25156E-04 7.18571E-04 8.21399E-04 3.93221E-03 5.99517E-03 8.72230E-02 2.54844E-01 7.79732E-04 7.18571E-04 3.25156E-04 4.83206E-02 
3.32331E-04 6.90994E-04 7.83722E-04 3.67947E-03 5.57680E-03 8.15804E-02 2.40402E-01 7.46465E-04 6.90994E-04 3.32331E-04 4.23175E-02 
3.34703E-04 6.61119E-04 7.44598E-04 3.43585E-03 5.17801E-03 7.61867E-02 2.26443E-01 7.11342E-04 6.61119E-04 3.34703E-04 3.70376E-02 
3.33049E-04 6.29618E-04 7.04648E-04 3.20192E-03 4.79908E-03 7.10433E-02 2.12985E-01 6.75014E-04 6.29618E-04 3.33049E-04 3.24079E-02 
3.28078E-04 5.97089E-04 6.64420E-04 2.97814E-03 4.44008E-03 6.61500E-02 2.00039E-01 6.38054E-04 5.97089E-04 3.28078E-04 2.83589E-02 
3.20430E-04 5.64056E-04 6.24388E-04 2.76482E-03 4.10098E-03 6.15051E-02 1.87614E-01 6.00965E-04 5.64056E-04 3.20430E-04 2.48257E-02 
8.96995E-06 2.40273E-04 1.61253E-04 8.00264E-03 1.38232E-02 2.06697E-01 5.47153E-01 2.39656E-05 2.40273E-04 8.96995E-06 3.08777E-01 
8.96995E-06 2.40273E-04 2.47627E-04 7.74970E-03 1.32656E-02 1.98446E-01 5.28831E-01 1.20220E-04 2.40273E-04 8.96995E-06 2.85633E-01 
8.96995E-06 4.29071E-05 3.27409E-04 7.50030E-03 1.27241E-02 1.90413E-01 5.10818E-01 2.09264E-04 4.29071E-05 8.96995E-06 2.63369E-01 
8.96995E-06 1.35362E-04 4.00650E-04 7.25406E-03 1.21980E-02 1.82590E-01 4.93102E-01 2.91187E-04 1.35362E-04 8.96995E-06 2.41964E-01 
8.96995E-06 2.18058E-04 4.65000E-04 7.00451E-03 1.16767E-02 1.74871E-01 4.75463E-01 3.63778E-04 2.18058E-04 8.96995E-06 2.21578E-01 
8.96995E-06 2.91093E-04 5.20567E-04 6.75237E-03 1.11614E-02 1.67274E-01 4.57938E-01 4.27145E-04 2.91093E-04 8.96995E-06 2.02266E-01 
8.96995E-06 3.54672E-04 5.67556E-04 6.49838E-03 1.06532E-02 1.59810E-01 4.40560E-01 4.81496E-04 3.54672E-04 8.96995E-06 1.84069E-01 
8.96995E-06 3.97561E-04 5.98209E-04 6.30109E-03 1.02656E-02 1.54136E-01 4.27237E-01 5.17547E-04 3.97561E-04 8.96995E-06 1.70770E-01 
8.96995E-06 4.09088E-04 6.06257E-04 6.24334E-03 1.01532E-02 1.52494E-01 4.23364E-01 5.27126E-04 4.09088E-04 8.96995E-06 1.67011E-01 
8.96995E-06 4.57928E-04 6.39124E-04 5.96807E-03 9.62426E-03 1.44784E-01 4.05061E-01 5.66986E-04 4.57928E-04 8.96995E-06 1.49905E-01 
8.96995E-06 4.97115E-04 6.63329E-04 5.69354E-03 9.10714E-03 1.37273E-01 3.87043E-01 5.97701E-04 4.97115E-04 8.96995E-06 1.34127E-01 
8.96995E-06 5.27295E-04 6.79496E-04 5.42077E-03 8.60292E-03 1.29970E-01 3.69345E-01 6.19909E-04 5.27295E-04 8.96995E-06 1.19656E-01 
8.96995E-06 5.49169E-04 6.88298E-04 5.15076E-03 8.11266E-03 1.22888E-01 3.52001E-01 6.34302E-04 5.49169E-04 8.96995E-06 1.06452E-01 
4.72276E-05 5.63729E-04 6.90825E-04 4.88765E-03 7.64262E-03 1.16106E-01 3.35214E-01 6.41930E-04 5.63729E-04 4.72276E-05 9.42804E-02 
9.57498E-05 5.71407E-04 6.87281E-04 4.62772E-03 7.18569E-03 1.09525E-01 3.18756E-01 6.43103E-04 5.71407E-04 9.57498E-05 8.32192E-02 
1.35741E-04 5.72864E-04 6.78276E-04 4.37127E-03 6.74173E-03 1.03139E-01 3.02617E-01 6.38456E-04 5.72864E-04 1.35741E-04 7.32542E-02 
1.67953E-04 5.68836E-04 6.64528E-04 4.11939E-03 6.31191E-03 9.69608E-02 2.86835E-01 6.28718E-04 5.68836E-04 1.67953E-04 6.43254E-02 
1.93151E-04 5.60057E-04 6.46748E-04 3.87311E-03 5.89726E-03 9.09990E-02 2.71443E-01 6.14615E-04 5.60057E-04 1.93151E-04 5.63658E-02 
2.12100E-04 5.47248E-04 6.25629E-04 3.63333E-03 5.49864E-03 8.52620E-02 2.56472E-01 5.96857E-04 5.47248E-04 2.12100E-04 4.93038E-02 
2.25548E-04 5.31099E-04 6.01834E-04 3.40087E-03 5.11672E-03 7.97560E-02 2.41948E-01 5.76121E-04 5.31099E-04 2.25548E-04 4.30657E-02 
2.34216E-04 5.12261E-04 5.75979E-04 3.17641E-03 4.75203E-03 7.44855E-02 2.27894E-01 5.53043E-04 5.12261E-04 2.34216E-04 3.75773E-02 
2.38782E-04 4.91337E-04 5.48635E-04 2.96055E-03 4.40491E-03 6.94531E-02 2.14328E-01 5.28210E-04 4.91337E-04 2.38782E-04 3.27656E-02 
2.39882E-04 4.68875E-04 5.20315E-04 2.75371E-03 4.07556E-03 6.46599E-02 2.01264E-01 5.02156E-04 4.68875E-04 2.39882E-04 2.85605E-02 
2.38099E-04 4.45371E-04 4.91480E-04 2.55626E-03 3.76402E-03 6.01055E-02 1.88716E-01 4.75357E-04 4.45371E-04 2.38099E-04 2.48954E-02 
2.33962E-04 4.21259E-04 4.62528E-04 2.36843E-03 3.47019E-03 5.57881E-02 1.76690E-01 4.48232E-04 4.21259E-04 2.33962E-04 2.17084E-02 
2.27948E-04 3.96921E-04 4.33806E-04 2.19035E-03 3.19387E-03 5.17047E-02 1.65191E-01 4.21144E-04 3.96921E-04 2.27948E-04 1.89423E-02 
6.49127E-06 1.72200E-04 9.25643E-05 6.95338E-03 1.15778E-02 1.84025E-01 5.10162E-01 1.36197E-05 1.72200E-04 6.49127E-06 2.65050E-01 
6.49127E-06 1.72200E-04 1.54709E-04 6.70181E-03 1.10743E-02 1.76295E-01 4.92028E-01 8.17105E-05 1.72200E-04 6.49127E-06 2.43615E-01 
6.49127E-06 3.07166E-05 2.12638E-04 6.45633E-03 1.05880E-02 1.68789E-01 4.74252E-01 1.45196E-04 3.07166E-05 6.49127E-06 2.23218E-01 
6.49127E-06 9.69691E-05 2.66224E-04 6.21638E-03 1.01178E-02 1.61499E-01 4.56818E-01 2.03976E-04 9.69691E-05 6.49127E-06 2.03821E-01 
6.49127E-06 1.56270E-04 3.13455E-04 5.97609E-03 9.65450E-03 1.54325E-01 4.39510E-01 2.56123E-04 1.56270E-04 6.49127E-06 1.85509E-01 
6.49127E-06 2.08631E-04 3.54350E-04 5.73604E-03 9.19908E-03 1.47284E-01 4.22362E-01 3.01654E-04 2.08631E-04 6.49127E-06 1.68313E-01 
6.49127E-06 2.54160E-04 3.89012E-04 5.49677E-03 8.75229E-03 1.40386E-01 4.05409E-01 3.40678E-04 2.54160E-04 6.49127E-06 1.52248E-01 
6.49127E-06 2.84811E-04 4.11667E-04 5.31257E-03 8.41301E-03 1.35155E-01 3.92444E-01 3.66520E-04 2.84811E-04 6.49127E-06 1.40594E-01 
6.49127E-06 2.93036E-04 4.17621E-04 5.25890E-03 8.31492E-03 1.33643E-01 3.88681E-01 3.73376E-04 2.93036E-04 6.49127E-06 1.37315E-01 
6.49127E-06 3.27795E-04 4.41971E-04 5.00468E-03 7.85472E-03 1.26558E-01 3.70933E-01 4.01836E-04 3.27795E-04 6.49127E-06 1.22468E-01 
6.49127E-06 3.55517E-04 4.59956E-04 4.75356E-03 7.40719E-03 1.19677E-01 3.53518E-01 4.23630E-04 3.55517E-04 6.49127E-06 1.08894E-01 
6.49127E-06 3.76669E-04 4.72027E-04 4.50630E-03 6.97310E-03 1.13009E-01 3.36468E-01 4.39219E-04 3.76669E-04 6.49127E-06 9.65507E-02 
6.49127E-06 3.91770E-04 4.78684E-04 4.26363E-03 6.55318E-03 1.06562E-01 3.19813E-01 4.49114E-04 3.91770E-04 6.49127E-06 8.53836E-02 
3.41344E-05 4.01524E-04 4.80690E-04 4.02899E-03 6.15251E-03 1.00408E-01 3.03748E-01 4.54058E-04 4.01524E-04 3.41344E-05 7.51901E-02 
6.90721E-05 4.06297E-04 4.78261E-04 3.79900E-03 5.76496E-03 9.44554E-02 2.88050E-01 4.54329E-04 4.06297E-04 6.90721E-05 6.60018E-02 
9.77260E-05 4.06590E-04 4.71863E-04 3.57380E-03 5.39027E-03 8.86986E-02 2.72709E-01 4.50410E-04 4.06590E-04 9.77260E-05 5.77870E-02 
1.20667E-04 4.02954E-04 4.62032E-04 3.35422E-03 5.02927E-03 8.31468E-02 2.57758E-01 4.42845E-04 4.02954E-04 1.20667E-04 5.04810E-02 
1.38476E-04 3.95937E-04 4.49299E-04 3.14100E-03 4.68268E-03 7.78078E-02 2.43228E-01 4.32176E-04 3.95937E-04 1.38476E-04 4.40152E-02 
1.51731E-04 3.86073E-04 4.34179E-04 2.93478E-03 4.35105E-03 7.26875E-02 2.29144E-01 4.18926E-04 3.86073E-04 1.51731E-04 3.83186E-02 
1.60995E-04 3.73871E-04 4.17160E-04 2.73612E-03 4.03479E-03 6.77901E-02 2.15529E-01 4.03597E-04 3.73871E-04 1.60995E-04 3.33205E-02 
1.66808E-04 3.59812E-04 3.98699E-04 2.54548E-03 3.73418E-03 6.31184E-02 2.02401E-01 3.86655E-04 3.59812E-04 1.66808E-04 2.89514E-02 
1.69677E-04 3.44335E-04 3.79211E-04 2.36321E-03 3.44934E-03 5.86733E-02 1.89774E-01 3.68531E-04 3.44335E-04 1.69677E-04 2.51447E-02 
1.70073E-04 3.27842E-04 3.59073E-04 2.18956E-03 3.18028E-03 5.44542E-02 1.77660E-01 3.49611E-04 3.27842E-04 1.70073E-04 2.18371E-02 
1.68427E-04 3.10688E-04 3.38617E-04 2.02470E-03 2.92690E-03 5.04596E-02 1.66065E-01 3.30239E-04 3.10688E-04 1.68427E-04 1.89702E-02 
1.65130E-04 2.93187E-04 3.18131E-04 1.86872E-03 2.68896E-03 4.66864E-02 1.54994E-01 3.10717E-04 2.93187E-04 1.65130E-04 1.64901E-02 
1.60530E-04 2.75612E-04 2.97862E-04 1.72160E-03 2.46615E-03 4.31305E-02 1.44447E-01 2.91302E-04 2.75612E-04 1.60530E-04 1.43480E-02 
4.60372E-06 1.19728E-04 5.20548E-05 5.95960E-03 9.57111E-03 1.62169E-01 4.71701E-01 8.62308E-06 1.19728E-04 4.60372E-06 2.23341E-01 
4.60372E-06 1.19728E-04 9.47930E-05 5.71765E-03 9.12468E-03 1.55015E-01 4.53950E-01 5.48361E-05 1.19728E-04 4.60372E-06 2.03993E-01 
4.60372E-06 2.12785E-05 1.35196E-04 5.48357E-03 8.69561E-03 1.48086E-01 4.36599E-01 9.84773E-05 2.12785E-05 4.60372E-06 1.85770E-01 
4.60372E-06 6.72996E-05 1.73006E-04 5.25665E-03 8.28271E-03 1.41374E-01 4.19630E-01 1.39303E-04 6.72996E-05 4.60372E-06 1.68611E-01 
4.60372E-06 1.08614E-04 2.06513E-04 5.03166E-03 7.87808E-03 1.34788E-01 4.02829E-01 1.75654E-04 1.08614E-04 4.60372E-06 1.52546E-01 
4.60372E-06 1.45162E-04 2.35662E-04 4.80899E-03 7.48236E-03 1.28340E-01 3.86232E-01 2.07475E-04 1.45162E-04 4.60372E-06 1.37585E-01 
4.60372E-06 1.76965E-04 2.60472E-04 4.58907E-03 7.09609E-03 1.22041E-01 3.69869E-01 2.34786E-04 1.76965E-04 4.60372E-06 1.23721E-01 
4.60372E-06 1.98370E-04 2.76742E-04 4.42105E-03 6.80407E-03 1.17276E-01 3.57389E-01 2.52878E-04 1.98370E-04 4.60372E-06 1.13736E-01 
4.60372E-06 2.04111E-04 2.81027E-04 4.37231E-03 6.71985E-03 1.15901E-01 3.53772E-01 2.57676E-04 2.04111E-04 4.60372E-06 1.10937E-01 
4.60372E-06 2.28338E-04 2.98593E-04 4.14263E-03 6.32596E-03 1.09469E-01 3.36745E-01 2.77575E-04 2.28338E-04 4.60372E-06 9.83317E-02 
4.60372E-06 2.47588E-04 3.11632E-04 3.91767E-03 5.94489E-03 1.03240E-01 3.20090E-01 2.92763E-04 2.47588E-04 4.60372E-06 8.69037E-02 
4.60372E-06 2.62181E-04 3.20453E-04 3.69796E-03 5.57713E-03 9.72233E-02 3.03838E-01 3.03554E-04 2.62181E-04 4.60372E-06 7.65968E-02 
4.60372E-06 2.72480E-04 3.25406E-04 3.48402E-03 5.22314E-03 9.14246E-02 2.88015E-01 3.10305E-04 2.72480E-04 4.60372E-06 6.73475E-02 
2.41843E-05 2.78963E-04 3.27002E-04 3.27861E-03 4.88697E-03 8.59069E-02 2.72803E-01 3.13519E-04 2.78963E-04 2.41843E-05 5.89832E-02 
4.88607E-05 2.81926E-04 3.25442E-04 3.07873E-03 4.56339E-03 8.05876E-02 2.57988E-01 3.13432E-04 2.81926E-04 4.88607E-05 5.15024E-02 
6.90145E-05 2.81738E-04 3.21071E-04 2.88439E-03 4.25204E-03 7.54596E-02 2.43558E-01 3.10399E-04 2.81738E-04 6.90145E-05 4.48629E-02 
8.50655E-05 2.78797E-04 3.14275E-04 2.69618E-03 3.95351E-03 7.05306E-02 2.29543E-01 3.04811E-04 2.78797E-04 8.50655E-05 3.89999E-02 
9.74412E-05 2.73497E-04 3.05436E-04 2.51460E-03 3.66822E-03 6.58064E-02 2.15970E-01 2.97059E-04 2.73497E-04 9.74412E-05 3.38468E-02 
1.06566E-04 2.66225E-04 2.94926E-04 2.34008E-03 3.39651E-03 6.12910E-02 2.02859E-01 2.87520E-04 2.66225E-04 1.06566E-04 2.93369E-02 
1.12853E-04 2.57345E-04 2.83096E-04 2.17298E-03 3.13858E-03 5.69872E-02 1.90230E-01 2.76553E-04 2.57345E-04 1.12853E-04 2.54050E-02 
1.16695E-04 2.47203E-04 2.70271E-04 2.01356E-03 2.89451E-03 5.28958E-02 1.78096E-01 2.64494E-04 2.47203E-04 1.16695E-04 2.19887E-02 
1.18462E-04 2.36112E-04 2.56751E-04 1.86200E-03 2.66429E-03 4.90165E-02 1.66468E-01 2.51647E-04 2.36112E-04 1.18462E-04 1.90290E-02 
1.18497E-04 2.24357E-04 2.42801E-04 1.71840E-03 2.44777E-03 4.53476E-02 1.55352E-01 2.38289E-04 2.24357E-04 1.18497E-04 1.64712E-02 
1.17110E-04 2.12190E-04 2.28657E-04 1.58281E-03 2.24475E-03 4.18862E-02 1.44751E-01 2.24661E-04 2.12190E-04 1.17110E-04 1.42653E-02 
1.14584E-04 1.99833E-04 2.14522E-04 1.45518E-03 2.05494E-03 3.86284E-02 1.34667E-01 2.10977E-04 1.99833E-04 1.14584E-04 1.23659E-02 
1.11171E-04 1.87476E-04 2.00571E-04 1.33543E-03 1.87796E-03 3.55693E-02 1.25096E-01 1.97417E-04 1.87476E-04 1.11171E-04 1.07325E-02 
3.20583E-06 8.06958E-05 2.93649E-05 5.03764E-03 7.81406E-03 1.41532E-01 4.32626E-01 6.59571E-06 8.06958E-05 3.20583E-06 1.84827E-01 
3.20583E-06 8.06958E-05 5.72693E-05 4.81193E-03 7.42520E-03 1.34988E-01 4.15438E-01 3.65111E-05 8.06958E-05 3.20583E-06 1.67792E-01 
3.20583E-06 1.42377E-05 8.42331E-05 4.59511E-03 7.05317E-03 1.28668E-01 3.98682E-01 6.53414E-05 1.42377E-05 3.20583E-06 1.51895E-01 
3.20583E-06 4.51918E-05 1.09911E-04 4.38640E-03 6.69679E-03 1.22560E-01 3.82341E-01 9.27501E-05 4.51918E-05 3.20583E-06 1.37066E-01 
3.20583E-06 7.31500E-05 1.32867E-04 4.18115E-03 6.34927E-03 1.16583E-01 3.66206E-01 1.17329E-04 7.31500E-05 3.20583E-06 1.23291E-01 
3.20583E-06 9.79991E-05 1.52989E-04 3.97966E-03 6.01104E-03 1.10747E-01 3.50311E-01 1.38968E-04 9.79991E-05 3.20583E-06 1.10562E-01 
3.20583E-06 1.19695E-04 1.70231E-04 3.78219E-03 5.68249E-03 1.05061E-01 3.34685E-01 1.57620E-04 1.19695E-04 3.20583E-06 9.88570E-02 
3.20583E-06 1.34327E-04 1.81603E-04 3.63232E-03 5.43514E-03 1.00770E-01 3.22796E-01 1.70011E-04 1.34327E-04 3.20583E-06 9.04845E-02 
3.20583E-06 1.38254E-04 1.84607E-04 3.58901E-03 5.36397E-03 9.95342E-02 3.19356E-01 1.73302E-04 1.38254E-04 3.20583E-06 8.81465E-02 
3.20583E-06 1.54831E-04 1.96974E-04 3.38586E-03 5.03213E-03 9.37607E-02 3.03190E-01 1.86962E-04 1.54831E-04 3.20583E-06 7.76677E-02 
3.20583E-06 1.67995E-04 2.06230E-04 3.18838E-03 4.71265E-03 8.81874E-02 2.87428E-01 1.97394E-04 1.67995E-04 3.20583E-06 6.82436E-02 
3.20583E-06 1.77947E-04 2.12569E-04 2.99691E-03 4.40584E-03 8.28203E-02 2.72096E-01 2.04798E-04 1.77947E-04 3.20583E-06 5.98108E-02 
3.20583E-06 1.84929E-04 2.16222E-04 2.81177E-03 4.11192E-03 7.76640E-02 2.57218E-01 2.09408E-04 1.84929E-04 3.20583E-06 5.23012E-02 
1.68289E-05 1.89246E-04 2.17514E-04 2.63517E-03 3.83408E-03 7.27733E-02 2.42961E-01 2.11546E-04 1.89246E-04 1.68289E-05 4.55701E-02 
3.39609E-05 1.91132E-04 2.16618E-04 2.46447E-03 3.56789E-03 6.80734E-02 2.29121E-01 2.11405E-04 1.91132E-04 3.39609E-05 3.95943E-02 
4.79075E-05 1.90847E-04 2.13778E-04 2.29958E-03 3.31297E-03 6.35573E-02 2.15687E-01 2.09235E-04 1.90847E-04 4.79075E-05 3.43271E-02 
5.89675E-05 1.88670E-04 2.09262E-04 2.14088E-03 3.06966E-03 5.92308E-02 2.02683E-01 2.05310E-04 1.88670E-04 5.89675E-05 2.97070E-02 
6.74461E-05 1.84877E-04 2.03339E-04 1.98870E-03 2.83821E-03 5.50979E-02 1.90133E-01 1.99901E-04 1.84877E-04 6.74461E-05 2.56725E-02 
7.36465E-05 1.79736E-04 1.96266E-04 1.84331E-03 2.61876E-03 5.11611E-02 1.78053E-01 1.93273E-04 1.79736E-04 7.36465E-05 2.21632E-02 
7.78632E-05 1.73506E-04 1.88290E-04 1.70488E-03 2.41138E-03 4.74216E-02 1.66457E-01 1.85678E-04 1.73506E-04 7.78632E-05 1.91217E-02 
8.03772E-05 1.66426E-04 1.79637E-04 1.57355E-03 2.21600E-03 4.38790E-02 1.55355E-01 1.77347E-04 1.66426E-04 8.03772E-05 1.64935E-02 
8.14516E-05 1.58715E-04 1.70515E-04 1.44938E-03 2.03251E-03 4.05319E-02 1.44754E-01 1.68496E-04 1.58715E-04 8.14516E-05 1.42283E-02 
8.13297E-05 1.50572E-04 1.61109E-04 1.33235E-03 1.86069E-03 3.73775E-02 1.34657E-01 1.59315E-04 1.50572E-04 8.13297E-05 1.22800E-02 
8.02334E-05 1.42173E-04 1.51583E-04 1.22241E-03 1.70028E-03 3.44121E-02 1.25064E-01 1.49973E-04 1.42173E-04 8.02334E-05 1.06072E-02 
7.83627E-05 1.33672E-04 1.42078E-04 1.11946E-03 1.55094E-03 3.16312E-02 1.15972E-01 1.40618E-04 1.33672E-04 7.83627E-05 9.17279E-03 
7.58959E-05 1.25200E-04 1.32714E-04 1.02335E-03 1.41229E-03 2.90294E-02 1.07374E-01 1.31375E-04 1.25200E-04 7.58959E-05 7.94397E-03 
2.18925E-06 5.24491E-05 1.70108E-05 4.19443E-03 6.29368E-03 1.22262E-01 3.93431E-01 5.95446E-06 5.24491E-05 2.18925E-06 1.50064E-01 
2.18925E-06 5.24491E-05 3.40199E-05 3.98976E-03 5.96110E-03 1.16348E-01 3.76967E-01 2.41523E-05 5.24491E-05 2.18925E-06 1.35431E-01 
2.18925E-06 9.13792E-06 5.10520E-05 3.79433E-03 5.64429E-03 1.10650E-01 3.60960E-01 4.22811E-05 9.13792E-06 2.18925E-06 1.21895E-01 
2.18925E-06 2.91827E-05 6.77178E-05 3.60733E-03 5.34209E-03 1.05159E-01 3.45391E-01 5.99558E-05 2.91827E-05 2.18925E-06 1.09377E-01 
2.18925E-06 4.74811E-05 8.28247E-05 3.42473E-03 5.04878E-03 9.97989E-02 3.30061E-01 7.60009E-05 4.74811E-05 2.18925E-06 9.78366E-02 
2.18925E-06 6.38854E-05 9.62260E-05 3.24671E-03 4.76462E-03 9.45793E-02 3.14999E-01 9.02689E-05 6.38854E-05 2.18925E-06 8.72511E-02 
2.18925E-06 7.83071E-05 1.07832E-04 3.07341E-03 4.48985E-03 8.95079E-02 3.00234E-01 1.02671E-04 7.83071E-05 2.18925E-06 7.75888E-02 
2.18925E-06 8.80811E-05 1.15556E-04 2.94266E-03 4.28381E-03 8.56900E-02 2.89028E-01 1.10961E-04 8.80811E-05 2.18925E-06 7.07222E-02 
2.18925E-06 9.07106E-05 1.17607E-04 2.90500E-03 4.22466E-03 8.45916E-02 2.85790E-01 1.13170E-04 9.07106E-05 2.18925E-06 6.88117E-02 
2.18925E-06 1.01838E-04 1.26104E-04 2.72907E-03 3.94964E-03 7.94709E-02 2.70603E-01 1.22371E-04 1.01838E-04 2.18925E-06 6.02885E-02 
2.18925E-06 1.10704E-04 1.32546E-04 2.55922E-03 3.68614E-03 7.45428E-02 2.55843E-01 1.29439E-04 1.10704E-04 2.18925E-06 5.26817E-02 
2.18925E-06 1.17421E-04 1.37041E-04 2.39561E-03 3.43425E-03 6.98117E-02 2.41531E-01 1.34483E-04 1.17421E-04 2.18925E-06 4.59259E-02 
2.18925E-06 1.22140E-04 1.39731E-04 2.23841E-03 3.19406E-03 6.52808E-02 2.27687E-01 1.37650E-04 1.22140E-04 2.18925E-06 3.99538E-02 
1.14883E-05 1.25040E-04 1.40807E-04 2.08938E-03 2.96802E-03 6.09968E-02 2.14465E-01 1.39129E-04 1.25040E-04 1.14883E-05 3.46452E-02 
2.31678E-05 1.26302E-04 1.40409E-04 1.94621E-03 2.75245E-03 5.68933E-02 2.01672E-01 1.39072E-04 1.26302E-04 2.31678E-05 2.99651E-02 
3.26549E-05 1.26101E-04 1.38702E-04 1.80874E-03 2.54694E-03 5.29630E-02 1.89295E-01 1.37648E-04 1.26101E-04 3.26549E-05 2.58668E-02 
4.01546E-05 1.24624E-04 1.35866E-04 1.67720E-03 2.35166E-03 4.92101E-02 1.77356E-01 1.35042E-04 1.24624E-04 4.01546E-05 2.22944E-02 
4.58779E-05 1.22059E-04 1.32080E-04 1.55179E-03 2.16673E-03 4.56372E-02 1.65872E-01 1.31435E-04 1.22059E-04 4.58779E-05 1.91934E-02 
5.00349E-05 1.18587E-04 1.27518E-04 1.43264E-03 1.99217E-03 4.22453E-02 1.54857E-01 1.27008E-04 1.18587E-04 5.00349E-05 1.65114E-02 
5.28303E-05 1.14383E-04 1.22346E-04 1.31981E-03 1.82792E-03 3.90346E-02 1.44320E-01 1.21931E-04 1.14383E-04 5.28303E-05 1.41991E-02 
5.44596E-05 1.09612E-04 1.16718E-04 1.21334E-03 1.67385E-03 3.60035E-02 1.34270E-01 1.16363E-04 1.09612E-04 5.44596E-05 1.22109E-02 
5.51061E-05 1.04424E-04 1.10775E-04 1.11318E-03 1.52977E-03 3.31497E-02 1.24707E-01 1.10449E-04 1.04424E-04 5.51061E-05 1.05050E-02 
5.49393E-05 9.89531E-05 1.04642E-04 1.01927E-03 1.39544E-03 3.04699E-02 1.15632E-01 1.04320E-04 9.89531E-05 5.49393E-05 9.04388E-03 
5.41141E-05 9.33207E-05 9.84295E-05 9.31501E-04 1.27056E-03 2.79597E-02 1.07041E-01 9.80926E-05 9.33207E-05 5.41141E-05 7.79409E-03 
5.27703E-05 8.76323E-05 9.22343E-05 8.49710E-04 1.15478E-03 2.56142E-02 9.89289E-02 9.18671E-05 8.76323E-05 5.27703E-05 6.72614E-03 
5.10331E-05 8.19793E-05 8.61386E-05 7.73722E-04 1.04776E-03 2.34279E-02 9.12868E-02 8.57308E-05 8.19793E-05 5.10331E-05 5.81431E-03 
1.46421E-06 3.26296E-05 1.02278E-05 3.43592E-03 4.99524E-03 1.04468E-01 3.54588E-01 5.77905E-06 3.26296E-05 1.46421E-06 1.19396E-01 
1.46421E-06 3.26296E-05 1.95896E-05 3.25524E-03 4.71612E-03 9.91892E-02 3.38989E-01 1.58972E-05 3.26296E-05 1.46421E-06 1.07138E-01 
1.46421E-06 5.56589E-06 2.95788E-05 3.08362E-03 4.45132E-03 9.41164E-02 3.23862E-01 2.65762E-05 5.56589E-06 1.46421E-06 9.58927E-02 
1.46421E-06 1.79586E-05 3.97973E-05 2.92025E-03 4.19974E-03 8.92400E-02 3.09190E-01 3.74201E-05 1.79586E-05 1.46421E-06 8.55793E-02 
1.46421E-06 2.94728E-05 4.92711E-05 2.76171E-03 3.95663E-03 8.44925E-02 2.94781E-01 4.74655E-05 2.94728E-05 1.46421E-06 7.61388E-02 
1.46421E-06 3.99438E-05 5.78362E-05 2.60807E-03 3.72213E-03 7.98817E-02 2.80663E-01 5.65475E-05 3.99438E-05 1.46421E-06 6.75409E-02 
1.46421E-06 4.92582E-05 6.53790E-05 2.45940E-03 3.49636E-03 7.54139E-02 2.66862E-01 6.45520E-05 4.92582E-05 1.46421E-06 5.97483E-02 
1.46421E-06 5.56270E-05 7.04684E-05 2.34782E-03 3.32770E-03 7.20586E-02 2.56414E-01 6.99609E-05 5.56270E-05 1.46421E-06 5.42448E-02 
1.46421E-06 5.73482E-05 7.18304E-05 2.31577E-03 3.27938E-03 7.10946E-02 2.53399E-01 7.14101E-05 5.73482E-05 1.46421E-06 5.27189E-02 
1.46421E-06 6.46698E-05 7.75316E-05 2.16662E-03 3.05536E-03 6.66087E-02 2.39286E-01 7.74891E-05 6.46698E-05 1.46421E-06 4.59416E-02 
1.46421E-06 7.05508E-05 8.19404E-05 2.02350E-03 2.84169E-03 6.23048E-02 2.25612E-01 8.22140E-05 7.05508E-05 1.46421E-06 3.99372E-02 
1.46421E-06 7.50439E-05 8.51043E-05 1.88647E-03 2.63836E-03 5.81858E-02 2.12395E-01 8.56345E-05 7.50439E-05 1.46421E-06 3.46425E-02 
1.46421E-06 7.82320E-05 8.71004E-05 1.75559E-03 2.44534E-03 5.42533E-02 1.99652E-01 8.78304E-05 7.82320E-05 1.46421E-06 2.99945E-02 
7.68400E-06 8.02117E-05 8.80304E-05 1.63221E-03 2.26448E-03 5.05472E-02 1.87522E-01 8.89045E-05 8.02117E-05 7.68400E-06 2.58953E-02 
1.54943E-05 8.11142E-05 8.79995E-05 1.51435E-03 2.09276E-03 4.70086E-02 1.75824E-01 8.89694E-05 8.11142E-05 1.54943E-05 2.23051E-02 
2.18323E-05 8.10542E-05 8.71143E-05 1.40181E-03 1.92978E-03 4.36304E-02 1.64544E-01 8.81352E-05 8.10542E-05 2.18323E-05 1.91802E-02 
2.68332E-05 8.01507E-05 8.54877E-05 1.29473E-03 1.77559E-03 4.04154E-02 1.53701E-01 8.65187E-05 8.01507E-05 2.68332E-05 1.64720E-02 
3.06373E-05 7.85251E-05 8.32346E-05 1.19319E-03 1.63020E-03 3.73649E-02 1.43306E-01 8.42387E-05 7.85251E-05 3.06373E-05 1.41339E-02 
3.33858E-05 7.62976E-05 8.04676E-05 1.09722E-03 1.49356E-03 3.44790E-02 1.33371E-01 8.14125E-05 7.62976E-05 3.33858E-05 1.21219E-02 
3.52170E-05 7.35837E-05 7.72945E-05 1.00681E-03 1.36554E-03 3.17566E-02 1.23902E-01 7.81526E-05 7.35837E-05 3.52170E-05 1.03953E-02 
3.62632E-05 7.04921E-05 7.38157E-05 9.21933E-04 1.24597E-03 2.91956E-02 1.14901E-01 7.45647E-05 7.04921E-05 3.62632E-05 8.91701E-03 
3.66491E-05 6.71230E-05 7.01232E-05 8.42492E-04 1.13463E-03 2.67929E-02 1.06369E-01 7.07458E-05 6.71230E-05 3.66491E-05 7.65347E-03 
3.64907E-05 6.35674E-05 6.62998E-05 7.68375E-04 1.03125E-03 2.45448E-02 9.83015E-02 6.67836E-05 6.35674E-05 3.64907E-05 6.57494E-03 
3.58941E-05 5.99069E-05 6.24187E-05 6.99437E-04 9.35558E-04 2.24467E-02 9.06932E-02 6.27565E-05 5.99069E-05 3.58941E-05 5.65527E-03 
3.49559E-05 5.62135E-05 5.85445E-05 6.35509E-04 8.47218E-04 2.04935E-02 8.35355E-02 5.87336E-05 5.62135E-05 3.49559E-05 4.87167E-03 
3.37632E-05 5.25506E-05 5.47329E-05 5.76402E-04 7.65894E-04 1.86796E-02 7.68182E-02 5.47751E-05 5.25506E-05 3.37632E-05 4.20450E-03 
9.57821E-07 1.92085E-05 6.13914E-06 2.76595E-03 3.90228E-03 8.82261E-02 3.16542E-01 5.59905E-06 1.92085E-05 9.57821E-07 9.29673E-02 
9.57821E-07 1.92085E-05 1.04178E-05 2.61054E-03 3.67258E-03 8.35747E-02 3.01926E-01 1.04256E-05 1.92085E-05 9.57821E-07 8.29611E-02 
9.57821E-07 3.16038E-06 1.56464E-05 2.46360E-03 3.45550E-03 7.91164E-02 2.87791E-01 1.61441E-05 3.16038E-06 9.57821E-07 7.38536E-02 
9.57821E-07 1.03794E-05 2.14457E-05 2.32436E-03 3.25004E-03 7.48419E-02 2.74117E-01 2.23763E-05 1.03794E-05 9.57821E-07 6.55671E-02 
9.57821E-07 1.72851E-05 2.70344E-05 2.18997E-03 3.05232E-03 7.06911E-02 2.60725E-01 2.83484E-05 1.72851E-05 9.57821E-07 5.80341E-02 
9.57821E-07 2.37114E-05 3.22474E-05 2.06042E-03 2.86239E-03 6.66705E-02 2.47638E-01 3.38942E-05 2.37114E-05 9.57821E-07 5.12203E-02 
9.57821E-07 2.95357E-05 3.69621E-05 1.93573E-03 2.68026E-03 6.27852E-02 2.34881E-01 3.88905E-05 2.95357E-05 9.57821E-07 4.50866E-02 
9.57821E-07 3.35749E-05 4.02132E-05 1.84259E-03 2.54471E-03 5.98744E-02 2.25248E-01 4.23243E-05 3.35749E-05 9.57821E-07 4.07806E-02 
9.57821E-07 3.46745E-05 4.10939E-05 1.81590E-03 2.50596E-03 5.90393E-02 2.22472E-01 4.32527E-05 3.46745E-05 9.57821E-07 3.95907E-02 
9.57821E-07 3.93924E-05 4.48389E-05 1.69216E-03 2.32676E-03 5.51603E-02 2.09502E-01 4.71895E-05 3.93924E-05 9.57821E-07 3.43282E-02 
9.57821E-07 4.32361E-05 4.78235E-05 1.57407E-03 2.15658E-03 5.14502E-02 1.96976E-01 5.03088E-05 4.32361E-05 9.57821E-07 2.96983E-02 
9.57821E-07 4.62178E-05 5.00557E-05 1.46163E-03 1.99534E-03 4.79104E-02 1.84907E-01 5.26205E-05 4.62178E-05 9.57821E-07 2.56434E-02 
9.57821E-07 4.83755E-05 5.15684E-05 1.35482E-03 1.84294E-03 4.45418E-02 1.73309E-01 5.41604E-05 4.83755E-05 9.57821E-07 2.21071E-02 
5.02933E-06 4.97537E-05 5.24063E-05 1.25467E-03 1.70076E-03 4.13773E-02 1.62305E-01 5.49766E-05 4.97537E-05 5.02933E-06 1.90112E-02 
1.01471E-05 5.04436E-05 5.26439E-05 1.15951E-03 1.56634E-03 3.83656E-02 1.51728E-01 5.51485E-05 5.04436E-05 1.01471E-05 1.63161E-02 
1.43020E-05 5.05146E-05 5.23436E-05 1.06913E-03 1.43931E-03 3.54999E-02 1.41564E-01 5.47423E-05 5.05146E-05 1.43020E-05 1.39834E-02 
1.75788E-05 5.00387E-05 5.15715E-05 9.83577E-04 1.31965E-03 3.27818E-02 1.31826E-01 5.38285E-05 5.00387E-05 1.75788E-05 1.19723E-02 
2.00671E-05 4.90913E-05 5.03966E-05 9.02863E-04 1.20730E-03 3.02116E-02 1.22525E-01 5.24805E-05 4.90913E-05 2.00671E-05 1.02443E-02 
2.18583E-05 4.77481E-05 4.88873E-05 8.26964E-04 1.10216E-03 2.77884E-02 1.13666E-01 5.07723E-05 4.77481E-05 2.18583E-05 8.76378E-03 
2.30427E-05 4.60833E-05 4.71102E-05 7.55825E-04 1.00407E-03 2.55106E-02 1.05252E-01 4.87757E-05 4.60833E-05 2.30427E-05 7.49828E-03 
2.37078E-05 4.41669E-05 4.51278E-05 6.89361E-04 9.12843E-04 2.33755E-02 9.72845E-02 4.65588E-05 4.41669E-05 2.37078E-05 6.41845E-03 
2.39364E-05 4.20646E-05 4.29978E-05 6.27459E-04 8.28250E-04 2.13796E-02 8.97588E-02 4.41852E-05 4.20646E-05 2.39364E-05 5.49828E-03 
2.38062E-05 3.98367E-05 4.07727E-05 5.69983E-04 7.50040E-04 1.95189E-02 8.26698E-02 4.17129E-05 3.98367E-05 2.38062E-05 4.71491E-03 
2.33889E-05 3.75378E-05 3.85000E-05 5.16780E-04 6.77943E-04 1.77888E-02 7.60093E-02 3.91945E-05 3.75378E-05 2.33889E-05 4.04850E-03 
2.27507E-05 3.52172E-05 3.62217E-05 4.67679E-04 6.11668E-04 1.61842E-02 6.97672E-02 3.66773E-05 3.52172E-05 2.27507E-05 3.48199E-03 
2.19519E-05 3.29191E-05 3.39756E-05 4.22498E-04 5.50916E-04 1.46996E-02 6.39316E-02 3.42034E-05 3.29191E-05 2.19519E-05 3.00079E-03 
6.11941E-07 1.04899E-05 3.10386E-06 2.18546E-03 2.99642E-03 7.35736E-02 2.79695E-01 5.23031E-06 1.04899E-05 6.11941E-07 7.07270E-02 
6.11941E-07 1.04899E-05 4.23243E-06 2.05516E-03 2.81124E-03 6.95308E-02 2.66158E-01 6.81748E-06 1.04899E-05 6.11941E-07 6.27771E-02 
6.11941E-07 1.61528E-06 6.42731E-06 1.93246E-03 2.63686E-03 6.56657E-02 2.53101E-01 9.41041E-06 1.61528E-06 6.11941E-07 5.55961E-02 
6.11941E-07 5.48469E-06 9.34699E-06 1.81667E-03 2.47240E-03 6.19695E-02 2.40505E-01 1.26685E-05 5.48469E-06 6.11941E-07 4.91124E-02 
6.11941E-07 9.37741E-06 1.23780E-05 1.70544E-03 2.31476E-03 5.83899E-02 2.28201E-01 1.59845E-05 9.37741E-06 6.11941E-07 4.32572E-02 
6.11941E-07 1.31378E-05 1.53655E-05 1.59874E-03 2.16392E-03 5.49318E-02 2.16211E-01 1.92025E-05 1.31378E-05 6.11941E-07 3.79961E-02 
6.11941E-07 1.66465E-05 1.81901E-05 1.49654E-03 2.01985E-03 5.15991E-02 2.04556E-01 2.22025E-05 1.66465E-05 6.11941E-07 3.32909E-02 
6.11941E-07 1.91325E-05 2.02070E-05 1.42051E-03 1.91299E-03 4.91086E-02 1.95777E-01 2.43177E-05 1.91325E-05 6.11941E-07 3.00068E-02 
6.11941E-07 1.98168E-05 2.07639E-05 1.39879E-03 1.88251E-03 4.83950E-02 1.93251E-01 2.48972E-05 1.98168E-05 6.11941E-07 2.91022E-02 
6.11941E-07 2.27906E-05 2.31908E-05 1.29834E-03 1.74188E-03 4.50868E-02 1.81471E-01 2.73941E-05 2.27906E-05 6.11941E-07 2.51176E-02 
6.11941E-07 2.52651E-05 2.52150E-05 1.20299E-03 1.60889E-03 4.19324E-02 1.70130E-01 2.94278E-05 2.52651E-05 6.11941E-07 2.16351E-02 
6.11941E-07 2.72288E-05 2.68206E-05 1.11266E-03 1.48343E-03 3.89325E-02 1.59239E-01 3.09852E-05 2.72288E-05 6.11941E-07 1.86047E-02 
6.11941E-07 2.86919E-05 2.80126E-05 1.02730E-03 1.36535E-03 3.60867E-02 1.48806E-01 3.20750E-05 2.86919E-05 6.11941E-07 1.59782E-02 
3.21693E-06 2.96707E-05 2.88038E-05 9.47655E-04 1.25564E-03 3.34221E-02 1.38942E-01 3.27154E-05 2.96707E-05 3.21693E-06 1.36943E-02 
6.49935E-06 3.02232E-05 2.92409E-05 8.72368E-04 1.15237E-03 3.08946E-02 1.29492E-01 3.29570E-05 3.02232E-05 6.49935E-06 1.17172E-02 
9.16981E-06 3.03871E-05 2.93551E-05 8.01221E-04 1.05519E-03 2.84976E-02 1.20442E-01 3.28358E-05 3.03871E-05 9.16981E-06 1.00143E-02 
1.12780E-05 3.02030E-05 2.91803E-05 7.34207E-04 9.64028E-04 2.62319E-02 1.11802E-01 3.23908E-05 3.02030E-05 1.12780E-05 8.55279E-03 
1.28785E-05 2.97149E-05 2.87535E-05 6.71295E-04 8.78803E-04 2.40968E-02 1.03578E-01 3.16651E-05 2.97149E-05 1.28785E-05 7.30212E-03 
1.40280E-05 2.89686E-05 2.81130E-05 6.12424E-04 7.99378E-04 2.20909E-02 9.57735E-02 3.07031E-05 2.89686E-05 1.40280E-05 6.23437E-03 
1.47835E-05 2.80098E-05 2.72963E-05 5.57511E-04 7.25590E-04 2.02121E-02 8.83886E-02 2.95490E-05 2.80098E-05 1.47835E-05 5.32440E-03 
1.52010E-05 2.68827E-05 2.63396E-05 5.06451E-04 6.57251E-04 1.84574E-02 8.14204E-02 2.82456E-05 2.68827E-05 1.52010E-05 4.54989E-03 
1.53342E-05 2.56293E-05 2.52770E-05 4.59123E-04 5.94147E-04 1.68231E-02 7.48638E-02 2.68337E-05 2.56293E-05 1.53342E-05 3.89126E-03 
1.52345E-05 2.42892E-05 2.41402E-05 4.15387E-04 5.36051E-04 1.53053E-02 6.87110E-02 2.53514E-05 2.42892E-05 1.52345E-05 3.33151E-03 
1.49498E-05 2.28990E-05 2.29585E-05 3.75094E-04 4.82720E-04 1.38992E-02 6.29522E-02 2.38340E-05 2.28990E-05 1.49498E-05 2.85609E-03 
1.45253E-05 2.14930E-05 2.17592E-05 3.38084E-04 4.33903E-04 1.26001E-02 5.75762E-02 2.23143E-05 2.14930E-05 1.45253E-05 2.45262E-03 
1.40029E-05 2.01024E-05 2.05674E-05 3.04195E-04 3.89347E-04 1.14028E-02 5.25698E-02 2.08225E-05 2.01024E-05 1.40029E-05 2.11064E-03 
3.81379E-07 5.10754E-06 2.43496E-07 1.69267E-03 2.25828E-03 6.05190E-02 2.44417E-01 4.65454E-06 5.10754E-06 3.81379E-07 5.24737E-02 
3.81379E-07 5.10754E-06 -3.90148E-07 1.58619E-03 2.11217E-03 5.70557E-02 2.32030E-01 4.44448E-06 5.10754E-06 3.81379E-07 4.63363E-02 
3.81379E-07 6.81070E-07 2.08398E-08 1.48628E-03 1.97505E-03 5.37532E-02 2.20115E-01 5.20894E-06 6.81070E-07 3.81379E-07 4.08333E-02 
3.81379E-07 2.49549E-06 1.18379E-06 1.39235E-03 1.84618E-03 5.06035E-02 2.08652E-01 6.65651E-06 2.49549E-06 3.81379E-07 3.59013E-02 
3.81379E-07 4.50659E-06 2.62806E-06 1.30250E-03 1.72310E-03 4.75611E-02 1.97485E-01 8.32254E-06 4.50659E-06 3.81379E-07 3.14761E-02 
3.81379E-07 6.57699E-06 4.21682E-06 1.21669E-03 1.60578E-03 4.46301E-02 1.86634E-01 1.00694E-05 6.57699E-06 3.81379E-07 2.75251E-02 
3.81379E-07 8.59894E-06 5.84189E-06 1.13485E-03 1.49414E-03 4.18131E-02 1.76116E-01 1.17888E-05 8.59894E-06 3.81379E-07 2.40138E-02 
3.81379E-07 1.00779E-05 7.07110E-06 1.07422E-03 1.41161E-03 3.97132E-02 1.68214E-01 1.30479E-05 1.00779E-05 3.81379E-07 2.15764E-02 
3.81379E-07 1.04914E-05 7.42090E-06 1.05693E-03 1.38811E-03 3.91125E-02 1.65943E-01 1.33994E-05 1.04914E-05 3.81379E-07 2.09072E-02 
3.81379E-07 1.23214E-05 9.00387E-06 9.77228E-04 1.27998E-03 3.63325E-02 1.55375E-01 1.49477E-05 1.23214E-05 3.81379E-07 1.79703E-02 
3.81379E-07 1.38891E-05 1.04150E-05 9.01930E-04 1.17814E-03 3.36901E-02 1.45234E-01 1.62560E-05 1.38891E-05 3.81379E-07 1.54195E-02 
3.81379E-07 1.51716E-05 1.16263E-05 8.30946E-04 1.08246E-03 3.11851E-02 1.35528E-01 1.73003E-05 1.51716E-05 3.81379E-07 1.32131E-02 
3.81379E-07 1.61635E-05 1.26266E-05 7.64183E-04 9.92786E-04 2.88167E-02 1.26261E-01 1.80742E-05 1.61635E-05 3.81379E-07 1.13115E-02 
2.00873E-06 1.68698E-05 1.34137E-05 7.02203E-04 9.09826E-04 2.66065E-02 1.17529E-01 1.85838E-05 1.68698E-05 2.00873E-06 9.66831E-03 
4.06786E-06 1.73214E-05 1.40102E-05 6.43896E-04 8.32057E-04 2.45170E-02 1.09192E-01 1.88553E-05 1.73214E-05 4.06786E-06 8.25267E-03 
5.74971E-06 1.75349E-05 1.44257E-05 5.89059E-04 7.59176E-04 2.25422E-02 1.01236E-01 1.89042E-05 1.75349E-05 5.74971E-06 7.03850E-03 
7.08095E-06 1.75303E-05 1.46729E-05 5.37656E-04 6.91102E-04 2.06820E-02 9.36676E-02 1.87499E-05 1.75303E-05 7.08095E-06 6.00025E-03 
8.09256E-06 1.73317E-05 1.47673E-05 4.89627E-04 6.27723E-04 1.89352E-02 8.64893E-02 1.84154E-05 1.73317E-05 8.09256E-06 5.11453E-03 
8.81802E-06 1.69651E-05 1.47263E-05 4.44896E-04 5.68904E-04 1.73001E-02 7.97021E-02 1.79260E-05 1.69651E-05 8.81802E-06 4.36024E-03 
9.29195E-06 1.64576E-05 1.45680E-05 4.03369E-04 5.14488E-04 1.57742E-02 7.33036E-02 1.73077E-05 1.64576E-05 9.29195E-06 3.71863E-03 
9.54908E-06 1.58363E-05 1.43106E-05 3.64937E-04 4.64300E-04 1.43542E-02 6.72891E-02 1.65869E-05 1.58363E-05 9.54908E-06 3.17328E-03 
9.62361E-06 1.51278E-05 1.39718E-05 3.29480E-04 4.18152E-04 1.30368E-02 6.16514E-02 1.57893E-05 1.51278E-05 9.62361E-06 2.70995E-03 
9.54883E-06 1.43580E-05 1.35693E-05 2.96869E-04 3.75843E-04 1.18178E-02 5.63814E-02 1.49398E-05 1.43580E-05 9.54883E-06 2.31648E-03 
9.35694E-06 1.35518E-05 1.31201E-05 2.66967E-04 3.37169E-04 1.06930E-02 5.14682E-02 1.40626E-05 1.35518E-05 9.35694E-06 1.98255E-03 
9.07892E-06 1.27334E-05 1.26414E-05 2.39634E-04 3.01922E-04 9.65771E-03 4.68997E-02 1.31810E-05 1.27334E-05 9.07892E-06 1.69950E-03 
8.74454E-06 1.19260E-05 1.21500E-05 2.14728E-04 2.69892E-04 8.70736E-03 4.26624E-02 1.23174E-05 1.19260E-05 8.74454E-06 1.46009E-03 
2.31682E-07 1.99464E-06 -2.88763E-06 1.28313E-03 1.66759E-03 4.90379E-02 2.11025E-01 3.93458E-06 1.99464E-06 2.31682E-07 3.78783E-02 
2.31682E-07 1.99464E-06 -4.34097E-06 1.19834E-03 1.55492E-03 4.61169E-02 1.99836E-01 2.88395E-06 1.99464E-06 2.31682E-07 3.32846E-02 
2.31682E-07 1.61154E-07 -4.85209E-06 1.11906E-03 1.44953E-03 4.33390E-02 1.89103E-01 2.69102E-06 1.61154E-07 2.31682E-07 2.91953E-02 
2.31682E-07 8.00566E-07 -4.66073E-06 1.04476E-03 1.35079E-03 4.06968E-02 1.78805E-01 3.11806E-06 8.00566E-07 2.31682E-07 2.55566E-02 
2.31682E-07 1.70104E-06 -4.11888E-06 9.73979E-04 1.25682E-03 3.81515E-02 1.68802E-01 3.81942E-06 1.70104E-06 2.31682E-07 2.23120E-02 
2.31682E-07 2.74767E-06 -3.34139E-06 9.06644E-04 1.16757E-03 3.57061E-02 1.59109E-01 4.68001E-06 2.74767E-06 2.31682E-07 1.94330E-02 
2.31682E-07 3.84916E-06 -2.42058E-06 8.42686E-04 1.08295E-03 3.33626E-02 1.49740E-01 5.60820E-06 3.84916E-06 2.31682E-07 1.68896E-02 
2.31682E-07 4.69393E-06 -1.65620E-06 7.95474E-04 1.02060E-03 3.16201E-02 1.42720E-01 6.32740E-06 4.69393E-06 2.31682E-07 1.51333E-02 
2.31682E-07 4.93543E-06 -1.42862E-06 7.82040E-04 1.00288E-03 3.11223E-02 1.40706E-01 6.53356E-06 4.93543E-06 2.31682E-07 1.46525E-02 
2.31682E-07 6.03098E-06 -3.41539E-07 7.20277E-04 9.21528E-04 2.88232E-02 1.31351E-01 7.46900E-06 6.03098E-06 2.31682E-07 1.25499E-02 
2.31682E-07 7.00573E-06 7.16429E-07 6.62190E-04 8.45226E-04 2.66450E-02 1.22403E-01 8.29695E-06 7.00573E-06 2.31682E-07 1.07344E-02 
2.31682E-07 7.83370E-06 1.71293E-06 6.07683E-04 7.73828E-04 2.45869E-02 1.13868E-01 8.99077E-06 7.83370E-06 2.31682E-07 9.17250E-03 
2.31682E-07 8.50268E-06 2.62832E-06 5.56653E-04 7.07182E-04 2.26475E-02 1.05747E-01 9.53757E-06 8.50268E-06 2.31682E-07 7.83317E-03 
1.22375E-06 9.01745E-06 3.45642E-06 5.09508E-04 6.45793E-04 2.08439E-02 9.81208E-02 9.94253E-06 9.01745E-06 1.22375E-06 6.68205E-03 
2.48693E-06 9.38648E-06 4.19939E-06 4.65365E-04 5.88486E-04 1.91445E-02 9.08662E-02 1.02116E-05 9.38648E-06 2.48693E-06 5.69436E-03 
3.52485E-06 9.61269E-06 4.85213E-06 4.24042E-04 5.35004E-04 1.75441E-02 8.39672E-02 1.03470E-05 9.61269E-06 3.52485E-06 4.84998E-03 
4.34976E-06 9.70402E-06 5.41323E-06 3.85485E-04 4.85256E-04 1.60419E-02 7.74277E-02 1.03560E-05 9.70402E-06 4.34976E-06 4.12979E-03 
4.97769E-06 9.67191E-06 5.88417E-06 3.49627E-04 4.39133E-04 1.46365E-02 7.12486E-02 1.02497E-05 9.67191E-06 4.97769E-06 3.51656E-03 
5.42711E-06 9.53015E-06 6.26842E-06 3.16386E-04 3.96507E-04 1.33257E-02 6.54280E-02 1.00411E-05 9.53015E-06 5.42711E-06 2.99494E-03 
5.71803E-06 9.29401E-06 6.57084E-06 2.85668E-04 3.57236E-04 1.21070E-02 5.99617E-02 9.74515E-06 9.29401E-06 5.71803E-06 2.55148E-03 
5.87135E-06 8.97969E-06 6.79734E-06 2.57372E-04 3.21168E-04 1.09773E-02 5.48434E-02 9.37733E-06 8.97969E-06 5.87135E-06 2.17453E-03 
5.90842E-06 8.60396E-06 6.95480E-06 2.31388E-04 2.88143E-04 9.93320E-03 5.00645E-02 8.95387E-06 8.60396E-06 5.90842E-06 1.85417E-03 
5.85086E-06 8.18397E-06 7.05106E-06 2.07602E-04 2.57994E-04 8.97088E-03 4.56150E-02 8.49141E-06 8.18397E-06 5.85086E-06 1.58201E-03 
5.72041E-06 7.73723E-06 7.09513E-06 1.85896E-04 2.30553E-04 8.08640E-03 4.14836E-02 8.00691E-06 7.73723E-06 5.72041E-06 1.35103E-03 
5.53887E-06 7.28150E-06 7.09724E-06 1.66154E-04 2.05653E-04 7.27563E-03 3.76576E-02 7.51763E-06 7.28150E-06 5.53887E-06 1.15544E-03 
5.32800E-06 6.83475E-06 7.06895E-06 1.48257E-04 1.83129E-04 6.53436E-03 3.41235E-02 7.04108E-06 6.83475E-06 5.32800E-06 9.90437E-04 
1.37146E-07 3.49142E-07 -6.52072E-06 9.49715E-04 1.20332E-03 3.90621E-02 1.79733E-01 3.15769E-06 3.49142E-07 1.37146E-07 2.65093E-02 
1.37146E-07 3.49142E-07 -8.19298E-06 8.84037E-04 1.11859E-03 3.66409E-02 1.69766E-01 1.85487E-06 3.49142E-07 1.37146E-07 2.31878E-02 
1.37146E-07 -9.32810E-08 -9.06185E-06 8.22800E-04 1.03956E-03 3.43447E-02 1.60233E-01 1.25291E-06 -9.32810E-08 1.37146E-07 2.02518E-02 
1.37146E-07 -6.14328E-08 -9.31545E-06 7.65599E-04 9.65765E-04 3.21667E-02 1.51114E-01 1.16687E-06 -6.14328E-08 1.37146E-07 1.76576E-02 
1.37146E-07 2.29522E-07 -9.20970E-06 7.11297E-04 8.95772E-04 3.00744E-02 1.42280E-01 1.34776E-06 2.29522E-07 1.37146E-07 1.53583E-02 
1.37146E-07 6.88366E-07 -8.83658E-06 6.59830E-04 8.29519E-04 2.80699E-02 1.33745E-01 1.70420E-06 6.88366E-07 1.37146E-07 1.33298E-02 
1.37146E-07 1.24211E-06 -8.27112E-06 6.11130E-04 7.66926E-04 2.61545E-02 1.25521E-01 2.16301E-06 1.24211E-06 1.37146E-07 1.15481E-02 
1.37146E-07 1.69923E-06 -7.74011E-06 5.75304E-04 7.20952E-04 2.47341E-02 1.19375E-01 2.55163E-06 1.69923E-06 1.37146E-07 1.03238E-02 
1.37146E-07 1.83411E-06 -7.57324E-06 5.65129E-04 7.07908E-04 2.43290E-02 1.17614E-01 2.66729E-06 1.83411E-06 1.37146E-07 9.98947E-03 
1.37146E-07 2.46691E-06 -6.72588E-06 5.18473E-04 6.48175E-04 2.24614E-02 1.09453E-01 3.21327E-06 2.46691E-06 1.37146E-07 8.53247E-03 
1.37146E-07 3.05776E-06 -5.82313E-06 4.74784E-04 5.92371E-04 2.06979E-02 1.01673E-01 3.72500E-06 3.05776E-06 1.37146E-07 7.28095E-03 
1.37146E-07 3.58257E-06 -4.89743E-06 4.33968E-04 5.40365E-04 1.90373E-02 9.42781E-02 4.17798E-06 3.58257E-06 1.37146E-07 6.20941E-03 
1.37146E-07 4.02757E-06 -3.97210E-06 3.95926E-04 4.92020E-04 1.74779E-02 8.72670E-02 4.55799E-06 4.02757E-06 1.37146E-07 5.29443E-03 
7.27334E-07 4.40415E-06 -3.05119E-06 3.60953E-04 4.47687E-04 1.60327E-02 8.07066E-02 4.87655E-06 4.40415E-06 7.27334E-07 4.51153E-03 
1.48540E-06 4.70216E-06 -2.14997E-06 3.28358E-04 4.06477E-04 1.46760E-02 7.44883E-02 5.12214E-06 4.70216E-06 1.48540E-06 3.84175E-03 
2.11336E-06 4.91595E-06 -1.28373E-06 2.97983E-04 3.68176E-04 1.34029E-02 6.85965E-02 5.28862E-06 4.91595E-06 2.11336E-06 3.27026E-03 
2.61504E-06 5.04665E-06 -4.62925E-07 2.69771E-04 3.32700E-04 1.22122E-02 6.30326E-02 5.37681E-06 5.04665E-06 2.61504E-06 2.78338E-03 
2.99739E-06 5.09843E-06 3.04503E-07 2.43653E-04 2.99945E-04 1.11024E-02 5.77954E-02 5.39054E-06 5.09843E-06 2.99739E-06 2.36894E-03 
3.26960E-06 5.07772E-06 1.01262E-06 2.19552E-04 2.69802E-04 1.00713E-02 5.28811E-02 5.33587E-06 5.07772E-06 3.26960E-06 2.01622E-03 
3.44256E-06 4.99263E-06 1.65726E-06 1.97384E-04 2.42148E-04 9.11639E-03 4.82841E-02 5.22056E-06 4.99263E-06 3.44256E-06 1.71597E-03 
3.52841E-06 4.85265E-06 2.23597E-06 1.77058E-04 2.16857E-04 8.23467E-03 4.39969E-02 5.05376E-06 4.85265E-06 3.52841E-06 1.46032E-03 
3.54040E-06 4.66844E-06 2.74809E-06 1.58481E-04 1.93797E-04 7.42297E-03 4.00103E-02 4.84577E-06 4.66844E-06 3.54040E-06 1.24262E-03 
3.49271E-06 4.45175E-06 3.19496E-06 1.41556E-04 1.72837E-04 6.67789E-03 3.63137E-02 4.60800E-06 4.45175E-06 3.49271E-06 1.05738E-03 
3.40044E-06 4.21540E-06 3.58007E-06 1.26189E-04 1.53844E-04 5.99588E-03 3.28956E-02 4.35297E-06 4.21540E-06 3.40044E-06 9.00079E-04 
3.27958E-06 3.97324E-06 3.90923E-06 1.12284E-04 1.36687E-04 5.37331E-03 2.97434E-02 4.09419E-06 3.97324E-06 3.27958E-06 7.67022E-04 
3.14682E-06 3.73998E-06 4.19055E-06 9.97477E-05 1.21242E-04 4.80648E-03 2.68442E-02 3.84613E-06 3.73998E-06 3.14682E-06 6.55211E-04 
7.98541E-08 -3.96290E-07 -1.07462E-05 6.86877E-04 8.49113E-04 3.05972E-02 1.51024E-01 2.41278E-06 -3.96290E-07 7.98541E-08 1.79876E-02 
7.98541E-08 -3.96290E-07 -1.22825E-05 6.37319E-04 7.86919E-04 2.86246E-02 1.42272E-01 1.18100E-06 -3.96290E-07 7.98541E-08 1.56690E-02 
7.98541E-08 -1.88414E-07 -1.31574E-05 5.91237E-04 7.29083E-04 2.67591E-02 1.33925E-01 4.87419E-07 -1.88414E-07 7.98541E-08 1.36335E-02 
7.98541E-08 -4.18418E-07 -1.35132E-05 5.48316E-04 6.75229E-04 2.49946E-02 1.25963E-01 1.94676E-07 -4.18418E-07 7.98541E-08 1.18472E-02 
7.98541E-08 -4.25715E-07 -1.35309E-05 5.07704E-04 6.24319E-04 2.33044E-02 1.18274E-01 1.29131E-07 -4.25715E-07 7.98541E-08 1.02728E-02 
7.98541E-08 -2.79189E-07 -1.32814E-05 4.69344E-04 5.76290E-04 2.16899E-02 1.10867E-01 2.21804E-07 -2.79189E-07 7.98541E-08 8.89146E-03 
7.98541E-08 -3.40587E-08 -1.28234E-05 4.33173E-04 5.31068E-04 2.01518E-02 1.03751E-01 4.17347E-07 -3.40587E-08 7.98541E-08 7.68447E-03 
7.98541E-08 1.95572E-07 -1.23568E-05 4.06649E-04 4.97956E-04 1.90142E-02 9.84476E-02 6.11441E-07 1.95572E-07 7.98541E-08 6.85873E-03 
7.98541E-08 2.66628E-07 -1.22049E-05 3.99131E-04 4.88578E-04 1.86902E-02 9.69310E-02 6.72561E-07 2.66628E-07 7.98541E-08 6.63380E-03 
7.98541E-08 6.15919E-07 -1.14027E-05 3.64737E-04 4.45734E-04 1.71998E-02 8.99147E-02 9.77233E-07 6.15919E-07 7.98541E-08 5.65630E-03 
7.98541E-08 9.62819E-07 -1.04977E-05 3.32665E-04 4.05866E-04 1.57973E-02 8.32502E-02 1.28386E-06 9.62819E-07 7.98541E-08 4.82038E-03 
7.98541E-08 1.28758E-06 -9.52061E-06 3.02828E-04 3.68862E-04 1.44813E-02 7.69374E-02 1.57245E-06 1.28758E-06 7.98541E-08 4.10741E-03 
7.98541E-08 1.57779E-06 -8.49615E-06 2.75140E-04 3.34605E-04 1.32498E-02 7.09740E-02 1.83032E-06 1.57779E-06 7.98541E-08 3.50052E-03 
4.25787E-07 1.85471E-06 -7.42382E-06 2.49816E-04 3.03339E-04 1.21127E-02 6.54147E-02 2.07870E-06 1.85471E-06 4.25787E-07 2.98283E-03 
8.75228E-07 2.09272E-06 -6.33345E-06 2.26321E-04 2.74400E-04 1.10491E-02 6.01648E-02 2.29123E-06 2.09272E-06 8.75228E-07 2.54055E-03 
1.25127E-06 2.28093E-06 -5.24763E-06 2.04523E-04 2.47618E-04 1.00547E-02 5.52093E-02 2.45678E-06 2.28093E-06 1.25127E-06 2.16327E-03 
1.55325E-06 2.41711E-06 -4.18290E-06 1.84368E-04 2.22914E-04 9.12822E-03 5.05475E-02 2.57289E-06 2.41711E-06 1.55325E-06 1.84158E-03 
1.78297E-06 2.50153E-06 -3.15368E-06 1.65793E-04 2.00202E-04 8.26799E-03 4.61765E-02 2.63962E-06 2.50153E-06 1.78297E-06 1.56725E-03 
1.94425E-06 2.53648E-06 -2.17246E-06 1.48730E-04 1.79388E-04 7.47190E-03 4.20914E-02 2.65901E-06 2.53648E-06 1.94425E-06 1.33312E-03 
2.04252E-06 2.52596E-06 -1.24973E-06 1.33108E-04 1.60374E-04 6.73752E-03 3.82856E-02 2.63483E-06 2.52596E-06 2.04252E-06 1.13313E-03 
2.08468E-06 2.47549E-06 -3.93755E-07 1.18851E-04 1.43059E-04 6.06220E-03 3.47508E-02 2.57241E-06 2.47549E-06 2.08468E-06 9.62171E-04 
2.07904E-06 2.39214E-06 3.89630E-07 1.05882E-04 1.27339E-04 5.44306E-03 3.14775E-02 2.47855E-06 2.39214E-06 2.07904E-06 8.16056E-04 
2.03529E-06 2.28443E-06 1.09735E-06 9.41256E-05 1.13113E-04 4.87711E-03 2.84551E-02 2.36159E-06 2.28443E-06 2.03529E-06 6.91368E-04 
1.96454E-06 2.16241E-06 1.72928E-06 8.35061E-05 1.00279E-04 4.36125E-03 2.56723E-02 2.23136E-06 2.16241E-06 1.96454E-06 5.85373E-04 
1.87922E-06 2.03759E-06 2.28847E-06 7.39504E-05 8.87414E-05 3.89235E-03 2.31172E-02 2.09920E-06 2.03759E-06 1.87922E-06 4.95892E-04 
1.79301E-06 1.92280E-06 2.78106E-06 6.53884E-05 7.84074E-05 3.46729E-03 2.07774E-02 1.97775E-06 1.92280E-06 1.79301E-06 4.21190E-04 
4.60162E-08 -6.45902E-07 -1.57177E-05 4.82181E-04 5.81611E-04 2.34382E-02 1.24692E-01 1.74957E-06 -6.45902E-07 4.60162E-08 1.17238E-02 
4.60162E-08 -6.45902E-07 -1.69228E-05 4.45954E-04 5.37335E-04 2.18661E-02 1.17139E-01 7.34164E-07 -6.45902E-07 4.60162E-08 1.01765E-02 
4.60162E-08 -1.99055E-07 -1.75934E-05 4.12352E-04 4.96276E-04 2.03836E-02 1.09957E-01 1.07197E-07 -1.99055E-07 4.60162E-08 8.82709E-03 
4.60162E-08 -5.02655E-07 -1.78333E-05 3.81138E-04 4.58156E-04 1.89856E-02 1.03128E-01 -2.27983E-07 -5.02655E-07 4.60162E-08 7.65068E-03 
4.60162E-08 -6.33147E-07 -1.77662E-05 3.51693E-04 4.22234E-04 1.76505E-02 9.65519E-02 -3.87507E-07 -6.33147E-07 4.60162E-08 6.61929E-03 
4.60162E-08 -6.39668E-07 -1.74452E-05 3.23969E-04 3.88456E-04 1.63790E-02 9.02378E-02 -4.20569E-07 -6.39668E-07 4.60162E-08 5.71890E-03 
4.60162E-08 -5.61494E-07 -1.69150E-05 2.97915E-04 3.56760E-04 1.51715E-02 8.41909E-02 -3.66523E-07 -5.61494E-07 4.60162E-08 4.93583E-03 
4.60162E-08 -4.62569E-07 -1.63854E-05 2.78869E-04 3.33625E-04 1.42810E-02 7.96979E-02 -2.84667E-07 -4.62569E-07 4.60162E-08 4.40216E-03 
4.60162E-08 -4.29209E-07 -1.62134E-05 2.73480E-04 3.27084E-04 1.40277E-02 7.84149E-02 -2.56043E-07 -4.29209E-07 4.60162E-08 4.25708E-03 
4.60162E-08 -2.52442E-07 -1.53014E-05 2.48885E-04 2.97273E-04 1.28654E-02 7.24928E-02 -1.00300E-07 -2.52442E-07 4.60162E-08 3.62809E-03 
4.60162E-08 -6.07405E-08 -1.42611E-05 2.26042E-04 2.69645E-04 1.17755E-02 6.68881E-02 7.28145E-08 -6.07405E-08 4.60162E-08 3.09203E-03 
4.60162E-08 1.31251E-07 -1.31213E-05 2.04881E-04 2.44109E-04 1.07564E-02 6.15989E-02 2.48501E-07 1.31251E-07 4.60162E-08 2.63601E-03 
4.60162E-08 3.13742E-07 -1.19075E-05 1.85329E-04 2.20570E-04 9.80645E-03 5.66213E-02 4.16804E-07 3.13742E-07 4.60162E-08 2.24846E-03 
2.47080E-07 5.18900E-07 -1.06148E-05 1.67546E-04 1.99201E-04 8.93265E-03 5.19990E-02 6.09776E-07 5.18900E-07 2.47080E-07 1.91828E-03 
5.12025E-07 7.07899E-07 -9.28525E-06 1.51124E-04 1.79511E-04 8.11840E-03 4.76507E-02 7.88252E-07 7.07899E-07 5.12025E-07 1.63597E-03 
7.36159E-07 8.66655E-07 -7.94706E-06 1.35956E-04 1.61368E-04 7.36009E-03 4.35625E-02 9.37986E-07 8.66655E-07 7.36159E-07 1.39462E-03 
9.16655E-07 9.91520E-07 -6.62146E-06 1.21993E-04 1.44704E-04 6.65639E-03 3.97320E-02 1.05518E-06 9.91520E-07 9.16655E-07 1.18811E-03 
1.05263E-06 1.08084E-06 -5.32783E-06 1.09184E-04 1.29451E-04 6.00564E-03 3.61552E-02 1.13803E-06 1.08084E-06 1.05263E-06 1.01115E-03 
1.14485E-06 1.13468E-06 -4.08361E-06 9.74721E-05 1.15534E-04 5.40586E-03 3.28263E-02 1.18645E-06 1.13468E-06 1.14485E-06 8.59239E-04 
1.19565E-06 1.15476E-06 -2.90401E-06 8.67987E-05 1.02875E-04 4.85490E-03 2.97380E-02 1.20199E-06 1.15476E-06 1.19565E-06 7.28618E-04 
1.20887E-06 1.14437E-06 -1.80161E-06 7.71047E-05 9.13967E-05 4.35038E-03 2.68820E-02 1.18779E-06 1.14437E-06 1.20887E-06 6.16216E-04 
1.18992E-06 1.10849E-06 -7.85925E-07 6.83307E-05 8.10216E-05 3.88983E-03 2.42488E-02 1.14866E-06 1.10849E-06 1.18992E-06 5.19573E-04 
1.14588E-06 1.05383E-06 1.36937E-07 6.04187E-05 7.16741E-05 3.47068E-03 2.18283E-02 1.09118E-06 1.05383E-06 1.14588E-06 4.36757E-04 
1.08551E-06 9.88852E-07 9.64576E-07 5.33126E-05 6.32814E-05 3.09032E-03 1.96096E-02 1.02368E-06 9.88852E-07 1.08551E-06 3.66284E-04 
1.01923E-06 9.23781E-07 1.69847E-06 4.69588E-05 5.57746E-05 2.74614E-03 1.75817E-02 9.56252E-07 9.23781E-07 1.01923E-06 3.07025E-04 
9.58972E-07 8.70385E-07 2.34390E-06 4.13072E-05 4.90891E-05 2.43555E-03 1.57331E-02 9.00550E-07 8.70385E-07 9.58972E-07 2.58118E-04 
2.71752E-08 -6.47751E-07 -2.15083E-05 3.28280E-04 3.86241E-04 1.75369E-02 1.01053E-01 1.20594E-06 -6.47751E-07 2.71752E-08 7.31913E-03 
2.71752E-08 -6.47751E-07 -2.22805E-05 3.02634E-04 3.55695E-04 1.63127E-02 9.46539E-02 4.41391E-07 -6.47751E-07 2.71752E-08 6.33620E-03 
2.71752E-08 -1.71494E-07 -2.26187E-05 2.78900E-04 3.27447E-04 1.51619E-02 8.85887E-02 -5.92726E-08 -1.71494E-07 2.71752E-08 5.48450E-03 
2.71752E-08 -4.57317E-07 -2.25966E-05 2.56906E-04 3.01295E-04 1.40800E-02 8.28398E-02 -3.60136E-07 -4.57317E-07 2.71752E-08 4.74664E-03 
2.71752E-08 -6.19098E-07 -2.22962E-05 2.36216E-04 2.76728E-04 1.30501E-02 7.73220E-02 -5.35455E-07 -6.19098E-07 2.71752E-08 4.10275E-03 
2.71752E-08 -6.89775E-07 -2.17565E-05 2.16794E-04 2.53702E-04 1.20723E-02 7.20411E-02 -6.18199E-07 -6.89775E-07 2.71752E-08 3.54307E-03 
2.71752E-08 -6.95451E-07 -2.10120E-05 1.98598E-04 2.32170E-04 1.11467E-02 6.70004E-02 -6.34514E-07 -6.95451E-07 2.71752E-08 3.05818E-03 
2.71752E-08 -6.68221E-07 -2.03146E-05 1.85335E-04 2.16503E-04 1.04662E-02 6.32663E-02 -6.14569E-07 -6.68221E-07 2.71752E-08 2.72871E-03 
2.71752E-08 -6.56296E-07 -2.00928E-05 1.81588E-04 2.12082E-04 1.02730E-02 6.22019E-02 -6.04623E-07 -6.56296E-07 2.71752E-08 2.63928E-03 
2.71752E-08 -5.81258E-07 -1.89371E-05 1.64530E-04 1.91981E-04 9.38817E-03 5.72997E-02 -5.38106E-07 -5.81258E-07 2.71752E-08 2.25215E-03 
2.71752E-08 -4.85689E-07 -1.76405E-05 1.48749E-04 1.73431E-04 8.56160E-03 5.26780E-02 -4.49623E-07 -4.85689E-07 2.71752E-08 1.92285E-03 
2.71752E-08 -3.79484E-07 -1.62312E-05 1.34191E-04 1.56360E-04 7.79175E-03 4.83333E-02 -3.49172E-07 -3.79484E-07 2.71752E-08 1.64294E-03 
2.71752E-08 -2.69651E-07 -1.47361E-05 1.20799E-04 1.40696E-04 7.07684E-03 4.42607E-02 -2.43875E-07 -2.69651E-07 2.71752E-08 1.40494E-03 
1.47088E-07 -1.13647E-07 -1.31473E-05 1.08697E-04 1.26567E-04 6.42191E-03 4.04941E-02 -9.13428E-08 -1.13647E-07 1.47088E-07 1.20181E-03 
3.07520E-07 3.84705E-08 -1.15169E-05 9.75736E-05 1.13611E-04 5.81405E-03 3.69652E-02 5.82261E-08 3.84705E-08 3.07520E-07 1.02747E-03 
4.44508E-07 1.70561E-07 -9.87812E-06 8.73456E-05 1.01727E-04 5.25024E-03 3.36609E-02 1.88586E-07 1.70561E-07 4.44508E-07 8.77563E-04 
5.54395E-07 2.78593E-07 -8.25622E-06 7.79731E-05 9.08613E-05 4.72920E-03 3.05780E-02 2.95594E-07 2.78593E-07 5.54395E-07 7.48335E-04 
6.34999E-07 3.60087E-07 -6.67478E-06 6.94141E-05 8.09601E-05 4.24940E-03 2.77115E-02 3.76649E-07 3.60087E-07 6.34999E-07 6.36598E-04 
6.85536E-07 4.14043E-07 -5.15535E-06 6.16245E-05 7.19659E-05 3.80908E-03 2.50553E-02 4.30626E-07 4.14043E-07 6.85536E-07 5.39700E-04 
7.06647E-07 4.40972E-07 -3.71692E-06 5.45598E-05 6.38210E-05 3.40636E-03 2.26020E-02 4.57911E-07 4.40972E-07 7.06647E-07 4.55492E-04 
7.00506E-07 4.43006E-07 -2.37535E-06 4.81752E-05 5.64680E-05 3.03923E-03 2.03435E-02 4.60511E-07 4.43006E-07 7.00506E-07 3.82284E-04 
6.70965E-07 4.24033E-07 -1.14282E-06 4.24272E-05 4.98510E-05 2.70560E-03 1.82706E-02 4.42194E-07 4.24033E-07 6.70965E-07 3.18797E-04 
6.23682E-07 3.89819E-07 -2.74030E-08 3.72737E-05 4.39166E-05 2.40335E-03 1.63740E-02 4.08614E-07 3.89819E-07 6.23682E-07 2.64095E-04 
5.66198E-07 3.48076E-07 9.67250E-07 3.26754E-05 3.86147E-05 2.13034E-03 1.46437E-02 3.67374E-07 3.48076E-07 5.66198E-07 2.17532E-04 
5.07904E-07 3.08412E-07 1.84208E-06 2.85955E-05 3.38986E-05 1.88446E-03 1.30696E-02 3.27987E-07 3.08412E-07 5.07904E-07 1.78677E-04 
4.59872E-07 2.82148E-07 2.60249E-06 2.50004E-05 2.97262E-05 1.66365E-03 1.16417E-02 3.01692E-07 2.82148E-07 4.59872E-07 1.47245E-04 
1.74290E-08 -5.53508E-07 -2.82278E-05 2.16017E-04 2.47555E-04 1.27700E-02 8.01615E-02 7.89875E-07 -5.53508E-07 1.74290E-08 4.34542E-03 
1.74290E-08 -5.53508E-07 -2.85066E-05 1.98484E-04 2.27208E-04 1.18418E-02 7.48531E-02 2.50659E-07 -5.53508E-07 1.74290E-08 3.75677E-03 
1.74290E-08 -1.33334E-07 -2.84224E-05 1.82288E-04 2.08440E-04 1.09721E-02 6.98383E-02 -1.20316E-07 -1.33334E-07 1.74290E-08 3.24977E-03 
1.74290E-08 -3.68778E-07 -2.80277E-05 1.67310E-04 1.91115E-04 1.01571E-02 6.51011E-02 -3.62546E-07 -3.68778E-07 1.74290E-08 2.81310E-03 
1.74290E-08 -5.21557E-07 -2.73746E-05 1.53256E-04 1.74890E-04 9.38380E-03 6.05695E-02 -5.21108E-07 -5.21557E-07 1.74290E-08 2.43347E-03 
1.74290E-08 -6.12139E-07 -2.64929E-05 1.40097E-04 1.59734E-04 8.65216E-03 5.62474E-02 -6.16483E-07 -6.12139E-07 1.74290E-08 2.10457E-03 
1.74290E-08 -6.56462E-07 -2.54101E-05 1.27805E-04 1.45611E-04 7.96196E-03 5.21363E-02 -6.64634E-07 -6.56462E-07 1.74290E-08 1.82037E-03 
1.74290E-08 -6.66809E-07 -2.44508E-05 1.18869E-04 1.35370E-04 7.45603E-03 4.91005E-02 -6.77303E-07 -6.66809E-07 1.74290E-08 1.62762E-03 
1.74290E-08 -6.66629E-07 -2.41522E-05 1.16349E-04 1.32485E-04 7.31268E-03 4.82367E-02 -6.77699E-07 -6.66629E-07 1.74290E-08 1.57533E-03 
1.74290E-08 -6.49642E-07 -2.26278E-05 1.04901E-04 1.19405E-04 6.65762E-03 4.42679E-02 -6.62843E-07 -6.49642E-07 1.74290E-08 1.34910E-03 
1.74290E-08 -6.11681E-07 -2.09581E-05 9.43510E-05 1.07389E-04 6.04810E-03 4.05412E-02 -6.26046E-07 -6.11681E-07 1.74290E-08 1.15663E-03 
1.74290E-08 -5.58808E-07 -1.91725E-05 8.46591E-05 9.63851E-05 5.48270E-03 3.70522E-02 -5.73449E-07 -5.58808E-07 1.74290E-08 9.92725E-04 
1.74290E-08 -4.95691E-07 -1.73001E-05 7.57832E-05 8.63395E-05 4.95981E-03 3.37953E-02 -5.09808E-07 -4.95691E-07 1.74290E-08 8.52826E-04 
9.49973E-08 -3.70758E-07 -1.53332E-05 6.78248E-05 7.73519E-05 4.48281E-03 3.07959E-02 -3.83737E-07 -3.70758E-07 9.49973E-08 7.32693E-04 
2.00001E-07 -2.43663E-07 -1.33315E-05 6.05479E-05 6.91570E-05 4.04197E-03 2.79977E-02 -2.54933E-07 -2.43663E-07 2.00001E-07 6.28681E-04 
2.89899E-07 -1.32008E-07 -1.13329E-05 5.38861E-05 6.16760E-05 3.63482E-03 2.53890E-02 -1.41075E-07 -1.32008E-07 2.89899E-07 5.38253E-04 
3.60831E-07 -3.97720E-08 -9.36669E-06 4.78091E-05 5.48696E-05 3.26020E-03 2.29658E-02 -4.62462E-08 -3.97720E-08 3.60831E-07 4.59262E-04 
4.10063E-07 3.02826E-08 -7.46048E-06 4.22852E-05 4.86962E-05 2.91675E-03 2.07228E-02 2.66807E-08 3.02826E-08 4.10063E-07 3.89925E-04 
4.36052E-07 7.66775E-08 -5.63949E-06 3.72817E-05 4.31140E-05 2.60300E-03 1.86540E-02 7.61132E-08 7.66775E-08 4.36052E-07 3.28817E-04 
4.38596E-07 9.93684E-08 -3.92591E-06 3.27663E-05 3.80814E-05 2.31736E-03 1.67521E-02 1.01891E-07 9.93684E-08 4.38596E-07 2.74844E-04 
4.19038E-07 9.99424E-08 -2.33817E-06 2.87070E-05 3.35577E-05 2.05818E-03 1.50094E-02 1.05488E-07 9.99424E-08 4.19038E-07 2.27223E-04 
3.80471E-07 8.18164E-08 -8.90347E-07 2.50738E-05 2.95047E-05 1.82377E-03 1.34177E-02 9.02101E-08 8.18164E-08 3.80471E-07 1.85435E-04 
3.27911E-07 5.03967E-08 4.08403E-07 2.18381E-05 2.58863E-05 1.61242E-03 1.19685E-02 6.13592E-08 5.03967E-08 3.27911E-07 1.49192E-04 
2.68383E-07 1.31530E-08 1.55409E-06 1.89743E-05 2.26703E-05 1.42246E-03 1.06528E-02 2.63100E-08 1.31530E-08 2.68383E-07 1.18386E-04 
2.10890E-07 -2.04346E-08 2.54805E-06 1.64593E-05 1.98277E-05 1.25223E-03 9.46200E-03 -5.54153E-09 -2.04346E-08 2.10890E-07 9.30320E-05 
1.66219E-07 -3.90856E-08 3.39677E-06 1.42726E-05 1.73331E-05 1.10012E-03 8.38719E-03 -2.29867E-08 -3.90856E-08 1.66219E-07 7.32146E-05 
1.30282E-08 -4.43512E-07 -3.59871E-05 1.36914E-04 1.52265E-04 9.00920E-03 6.20275E-02 4.91443E-07 -4.43512E-07 1.30282E-08 2.43016E-03 
1.30282E-08 -4.43512E-07 -3.57164E-05 1.25367E-04 1.39232E-04 8.32681E-03 5.77290E-02 1.26909E-07 -4.43512E-07 1.30282E-08 2.10242E-03 
1.30282E-08 -9.85613E-08 -3.51269E-05 1.14715E-04 1.27241E-04 7.68959E-03 5.36827E-02 -1.37398E-07 -9.85613E-08 1.30282E-08 1.82163E-03 
1.30282E-08 -2.81727E-07 -3.42575E-05 1.04881E-04 1.16205E-04 7.09460E-03 4.98739E-02 -3.23483E-07 -2.81727E-07 1.30282E-08 1.58105E-03 
1.30282E-08 -4.13252E-07 -3.31394E-05 9.56701E-05 1.05903E-04 6.53195E-03 4.62435E-02 -4.57104E-07 -4.13252E-07 1.30282E-08 1.37239E-03 
1.30282E-08 -5.04604E-07 -3.17978E-05 8.70651E-05 9.63125E-05 6.00154E-03 4.27933E-02 -5.49734E-07 -5.04604E-07 1.30282E-08 1.19192E-03 
1.30282E-08 -5.64395E-07 -3.02568E-05 7.90463E-05 8.74102E-05 5.50298E-03 3.95238E-02 -6.10003E-07 -5.64395E-07 1.30282E-08 1.03613E-03 
1.30282E-08 -5.93066E-07 -2.89433E-05 7.32315E-05 8.09780E-05 5.13875E-03 3.71176E-02 -6.38510E-07 -5.93066E-07 1.30282E-08 9.30470E-04 
1.30282E-08 -5.98927E-07 -2.85411E-05 7.15940E-05 7.91705E-05 5.03575E-03 3.64343E-02 -6.44238E-07 -5.98927E-07 1.30282E-08 9.01799E-04 
1.30282E-08 -6.13089E-07 -2.65235E-05 6.41699E-05 7.09981E-05 4.56621E-03 3.33026E-02 -6.57255E-07 -6.13089E-07 1.30282E-08 7.77602E-04 
1.30282E-08 -6.07403E-07 -2.43630E-05 5.73542E-05 6.35303E-05 4.13116E-03 3.03744E-02 -6.49626E-07 -6.07403E-07 1.30282E-08 6.71582E-04 
1.30282E-08 -5.85200E-07 -2.20916E-05 5.11187E-05 5.67306E-05 3.72932E-03 2.76448E-02 -6.24754E-07 -5.85200E-07 1.30282E-08 5.80773E-04 
1.30282E-08 -5.49495E-07 -1.97425E-05 4.54346E-05 5.05610E-05 3.35932E-03 2.51080E-02 -5.85736E-07 -5.49495E-07 1.30282E-08 5.02580E-04 
7.11973E-08 -4.41382E-07 -1.73107E-05 4.03914E-05 4.51060E-05 3.02333E-03 2.27823E-02 -4.73885E-07 -4.41382E-07 7.11973E-08 4.34505E-04 
1.50111E-07 -3.28708E-07 -1.48616E-05 3.58056E-05 4.01660E-05 2.71419E-03 2.06224E-02 -3.57043E-07 -3.28708E-07 1.50111E-07 3.74595E-04 
2.17105E-07 -2.30259E-07 -1.24379E-05 3.16258E-05 3.56813E-05 2.42997E-03 1.86180E-02 -2.54067E-07 -2.30259E-07 2.17105E-07 3.21497E-04 
2.68337E-07 -1.49856E-07 -1.00730E-05 2.78300E-05 3.16225E-05 2.16968E-03 1.67648E-02 -1.68889E-07 -1.49856E-07 2.68337E-07 2.74077E-04 
3.00851E-07 -9.03304E-08 -7.79857E-06 2.43954E-05 2.79597E-05 1.93217E-03 1.50578E-02 -1.04455E-07 -9.03304E-08 3.00851E-07 2.31440E-04 
3.12757E-07 -5.33430E-08 -5.64329E-06 2.12994E-05 2.46631E-05 1.71624E-03 1.34908E-02 -6.25418E-08 -5.33430E-08 3.12757E-07 1.92926E-04 
3.03475E-07 -3.91451E-08 -3.63216E-06 1.85198E-05 2.17040E-05 1.52061E-03 1.20574E-02 -4.35226E-08 -3.91451E-08 3.03475E-07 1.58099E-04 
2.73999E-07 -4.63165E-08 -1.78560E-06 1.60353E-05 1.90550E-05 1.34399E-03 1.07507E-02 -4.60950E-08 -4.63165E-08 2.73999E-07 1.26732E-04 
2.27158E-07 -7.15234E-08 -1.18819E-07 1.38265E-05 1.66910E-05 1.18505E-03 9.56324E-03 -6.70387E-08 -7.15234E-08 2.27158E-07 9.87805E-05 
1.67803E-07 -1.09340E-07 1.35874E-06 1.18760E-05 1.45898E-05 1.04248E-03 8.48762E-03 -1.01034E-07 -1.09340E-07 1.67803E-07 7.43564E-05 
1.02903E-07 -1.52173E-07 2.64366E-06 1.01688E-05 1.27323E-05 9.15003E-04 7.51632E-03 -1.40584E-07 -1.52173E-07 1.02903E-07 5.36843E-05 
4.14906E-08 -1.90337E-07 3.73866E-06 8.69221E-06 1.11026E-05 8.01368E-04 6.64183E-03 -1.76087E-07 -1.90337E-07 4.14906E-08 3.70581E-05 
-5.55549E-09 -2.12292E-07 4.65229E-06 7.43626E-06 9.68829E-06 7.00378E-04 5.85678E-03 -1.96071E-07 -2.12292E-07 -5.55549E-09 2.47902E-05 
1.16741E-08 -3.52659E-07 -4.48905E-05 8.33569E-05 8.91804E-05 6.12177E-03 4.66043E-02 2.89825E-07 -3.52659E-07 1.16741E-08 1.26229E-03 
1.16741E-08 -3.52659E-07 -4.39948E-05 7.60455E-05 8.11915E-05 5.63801E-03 4.32212E-02 4.58955E-08 -3.52659E-07 1.16741E-08 1.09638E-03 
1.16741E-08 -7.24937E-08 -4.28035E-05 6.93025E-05 7.38615E-05 5.18794E-03 4.00484E-02 -1.42390E-07 -7.24937E-08 1.16741E-08 9.54854E-04 
1.16741E-08 -2.14308E-07 -4.13479E-05 6.30808E-05 6.71353E-05 4.76926E-03 3.70733E-02 -2.85358E-07 -2.14308E-07 1.16741E-08 8.34104E-04 
1.16741E-08 -3.25341E-07 -3.96454E-05 5.72594E-05 6.08785E-05 4.37481E-03 3.42482E-02 -3.96725E-07 -3.25341E-07 1.16741E-08 7.29398E-04 
1.16741E-08 -4.10995E-07 -3.77195E-05 5.18275E-05 5.50769E-05 4.00439E-03 3.15739E-02 -4.81898E-07 -4.10995E-07 1.16741E-08 6.38793E-04 
1.16741E-08 -4.74975E-07 -3.55950E-05 4.67739E-05 4.97150E-05 3.65759E-03 2.90497E-02 -5.44598E-07 -4.74975E-07 1.16741E-08 5.60468E-04 
1.16741E-08 -5.11192E-07 -3.38312E-05 4.31159E-05 4.58578E-05 3.40512E-03 2.71986E-02 -5.79293E-07 -5.11192E-07 1.16741E-08 5.07221E-04 
1.16741E-08 -5.19729E-07 -3.32977E-05 4.20869E-05 4.47768E-05 3.33387E-03 2.66741E-02 -5.87300E-07 -5.19729E-07 1.16741E-08 4.92745E-04 
1.16741E-08 -5.48337E-07 -3.06581E-05 3.74302E-05 3.99073E-05 3.00994E-03 2.42763E-02 -6.12877E-07 -5.48337E-07 1.16741E-08 4.29831E-04 
1.16741E-08 -5.58130E-07 -2.78846E-05 3.31695E-05 3.54876E-05 2.71115E-03 2.20445E-02 -6.18853E-07 -5.58130E-07 1.16741E-08 3.75696E-04 
1.16741E-08 -5.50754E-07 -2.50142E-05 2.92873E-05 3.14934E-05 2.43644E-03 1.99737E-02 -6.06952E-07 -5.50754E-07 1.16741E-08 3.28765E-04 
1.16741E-08 -5.28283E-07 -2.20852E-05 2.57652E-05 2.78990E-05 2.18468E-03 1.80583E-02 -5.79337E-07 -5.28283E-07 1.16741E-08 2.87654E-04 
6.36272E-08 -4.26192E-07 -1.90987E-05 2.26874E-05 2.47812E-05 1.95719E-03 1.63107E-02 -4.71735E-07 -4.26192E-07 6.36272E-08 2.50863E-04 
1.33531E-07 -3.19302E-07 -1.61235E-05 1.99063E-05 2.19846E-05 1.74889E-03 1.46955E-02 -3.58943E-07 -3.19302E-07 1.33531E-07 2.17523E-04 
1.91862E-07 -2.27464E-07 -1.32070E-05 1.73817E-05 1.94627E-05 1.55831E-03 1.32040E-02 -2.60891E-07 -2.27464E-07 1.91862E-07 1.86992E-04 
2.34795E-07 -1.54400E-07 -1.03873E-05 1.50986E-05 1.71945E-05 1.38464E-03 1.18319E-02 -1.81424E-07 -1.54400E-07 2.34795E-07 1.58732E-04 
2.59264E-07 -1.02958E-07 -7.69997E-06 1.30418E-05 1.51589E-05 1.22697E-03 1.05745E-02 -1.23517E-07 -1.02958E-07 2.59264E-07 1.32363E-04 
2.63219E-07 -7.48453E-08 -5.17708E-06 1.11964E-05 1.33353E-05 1.08436E-03 9.42622E-03 -8.90103E-08 -7.48453E-08 2.63219E-07 1.07671E-04 
2.45945E-07 -7.03276E-08 -2.84595E-06 9.54848E-06 1.17045E-05 9.55837E-04 8.38142E-03 -7.83016E-08 -7.03276E-08 2.45945E-07 8.46005E-05 
2.08374E-07 -8.79161E-08 -7.28406E-07 8.08512E-06 1.02490E-05 8.40412E-04 7.43403E-03 -9.00323E-08 -8.79161E-08 2.08374E-07 6.32533E-05 
1.53370E-07 -1.24102E-07 1.15996E-06 6.79520E-06 8.95380E-06 7.37103E-04 6.57784E-03 -1.20818E-07 -1.24102E-07 1.53370E-07 4.38667E-05 
8.59288E-08 -1.73172E-07 2.81033E-06 5.66957E-06 7.80644E-06 6.44943E-04 5.80658E-03 -1.65060E-07 -1.73172E-07 8.59288E-08 2.67897E-05 
1.32610E-08 -2.27149E-07 4.22085E-06 4.70132E-06 6.79757E-06 5.62995E-04 5.11403E-03 -2.14884E-07 -2.27149E-07 1.32610E-08 1.24489E-05 
-5.52882E-08 -2.75891E-07 5.39667E-06 3.88573E-06 5.92083E-06 4.90360E-04 4.49406E-03 -2.60237E-07 -2.75891E-07 -5.52882E-08 1.30692E-06 
-1.08491E-07 -3.07371E-07 6.34947E-06 3.22016E-06 5.17277E-06 4.26183E-04 3.94072E-03 -2.89163E-07 -3.07371E-07 -1.08491E-07 -6.18448E-06 
1.20162E-08 -2.89778E-07 -5.50131E-05 4.88128E-05 4.92165E-05 3.97650E-03 3.38045E-02 1.60118E-07 -2.89778E-07 1.20162E-08 5.95487E-04 
1.20162E-08 -2.89778E-07 -5.33851E-05 4.43508E-05 4.45518E-05 3.64815E-03 3.12302E-02 -9.32225E-09 -2.89778E-07 1.20162E-08 5.22114E-04 
1.20162E-08 -5.55559E-08 -5.14704E-05 4.02279E-05 4.02834E-05 3.34387E-03 2.88258E-02 -1.49638E-07 -5.55559E-08 1.20162E-08 4.59684E-04 
1.20162E-08 -1.69572E-07 -4.92987E-05 3.64186E-05 3.63807E-05 3.06196E-03 2.65805E-02 -2.63880E-07 -1.69572E-07 1.20162E-08 4.06605E-04 
1.20162E-08 -2.65183E-07 -4.68765E-05 3.28508E-05 3.27649E-05 2.79745E-03 2.44571E-02 -3.58808E-07 -2.65183E-07 1.20162E-08 3.60448E-04 
1.20162E-08 -3.44008E-07 -4.42297E-05 2.95197E-05 2.94282E-05 2.55008E-03 2.24555E-02 -4.36049E-07 -3.44008E-07 1.20162E-08 3.20384E-04 
1.20162E-08 -4.06733E-07 -4.13860E-05 2.64205E-05 2.63620E-05 2.31946E-03 2.05743E-02 -4.96310E-07 -4.06733E-07 1.20162E-08 2.85618E-04 
1.20162E-08 -4.44309E-07 -3.90694E-05 2.41783E-05 2.41693E-05 2.15222E-03 1.92001E-02 -5.31397E-07 -4.44309E-07 1.20162E-08 2.61872E-04 
1.20162E-08 -4.53486E-07 -3.83752E-05 2.35479E-05 2.35570E-05 2.10512E-03 1.88115E-02 -5.39754E-07 -4.53486E-07 1.20162E-08 2.55393E-04 
1.20162E-08 -4.85958E-07 -3.49778E-05 2.06981E-05 2.08136E-05 1.89164E-03 1.70406E-02 -5.67766E-07 -4.85958E-07 1.20162E-08 2.27061E-04 
1.20162E-08 -5.00009E-07 -3.14644E-05 1.80972E-05 1.83482E-05 1.69569E-03 1.54003E-02 -5.76507E-07 -5.00009E-07 1.20162E-08 2.02313E-04 
1.20162E-08 -4.96474E-07 -2.78782E-05 1.57358E-05 1.61454E-05 1.51644E-03 1.38859E-02 -5.66903E-07 -4.96474E-07 1.20162E-08 1.80357E-04 
1.20162E-08 -4.77100E-07 -2.42641E-05 1.36035E-05 1.41883E-05 1.35299E-03 1.24923E-02 -5.40811E-07 -4.77100E-07 1.20162E-08 1.60471E-04 
6.51590E-08 -3.73292E-07 -2.06322E-05 1.17834E-05 1.25508E-05 1.20610E-03 1.12274E-02 -4.29922E-07 -3.73292E-07 6.51590E-08 1.41649E-04 
1.35779E-07 -2.65791E-07 -1.70523E-05 1.01507E-05 1.11051E-05 1.07231E-03 1.00645E-02 -3.14946E-07 -2.65791E-07 1.35779E-07 1.23663E-04 
1.93624E-07 -1.75461E-07 -1.35767E-05 8.67303E-06 9.81365E-06 9.50543E-04 8.99629E-03 -2.16840E-07 -1.75461E-07 1.93624E-07 1.06258E-04 
2.34798E-07 -1.06035E-07 -1.02483E-05 7.34100E-06 8.66153E-06 8.40174E-04 8.01893E-03 -1.39480E-07 -1.06035E-07 2.34798E-07 8.92085E-05 
2.56123E-07 -6.03922E-08 -7.10669E-06 6.14528E-06 7.63397E-06 7.40523E-04 7.12813E-03 -8.58906E-08 -6.03922E-08 2.56123E-07 7.24075E-05 
2.55472E-07 -4.02276E-08 -4.18691E-06 5.07701E-06 6.71711E-06 6.50890E-04 6.31927E-03 -5.79190E-08 -4.02276E-08 2.55472E-07 5.58774E-05 
2.32123E-07 -4.56998E-08 -1.51812E-06 4.12823E-06 5.89855E-06 5.70564E-04 5.58749E-03 -5.58743E-08 -4.56998E-08 2.32123E-07 3.97739E-05 
1.87119E-07 -7.50914E-08 8.77179E-07 3.29227E-06 5.16779E-06 4.98836E-04 4.92779E-03 -7.81855E-08 -7.50914E-08 1.87119E-07 2.43812E-05 
1.23556E-07 -1.24531E-07 2.98392E-06 2.56413E-06 4.51672E-06 4.35007E-04 4.33511E-03 -1.21120E-07 -1.24531E-07 1.23556E-07 1.00980E-05 
4.67825E-08 -1.87818E-07 4.79493E-06 1.94070E-06 3.93994E-06 3.78402E-04 3.80442E-03 -1.78604E-07 -1.87818E-07 4.67825E-08 -2.58638E-06 
-3.55436E-08 -2.56385E-07 6.31106E-06 1.42088E-06 3.43489E-06 3.28371E-04 3.33079E-03 -2.42184E-07 -2.56385E-07 -3.55436E-08 -1.31240E-05 
-1.13565E-07 -3.19442E-07 7.54107E-06 1.00552E-06 3.00180E-06 2.84299E-04 2.90941E-03 -3.01163E-07 -3.19442E-07 -1.13565E-07 -2.09496E-05 
-1.75522E-07 -3.64295E-07 8.50103E-06 6.97157E-07 2.64352E-06 2.45606E-04 2.53568E-03 -3.42923E-07 -3.64295E-07 -1.75522E-07 -2.55262E-05 
1.33000E-08 -2.50806E-07 -6.64335E-05 2.77800E-05 2.51189E-05 2.43969E-03 2.34541E-02 7.79158E-08 -2.50806E-07 1.33000E-08 2.43019E-04 
1.33000E-08 -2.50806E-07 -6.39250E-05 2.51249E-05 2.25353E-05 2.22869E-03 2.15765E-02 -5.07460E-08 -2.50806E-07 1.33000E-08 2.17243E-04 
1.33000E-08 -4.58607E-08 -6.11327E-05 2.26562E-05 2.01784E-05 2.03402E-03 1.98307E-02 -1.64114E-07 -4.58607E-08 1.33000E-08 1.95338E-04 
1.33000E-08 -1.43289E-07 -5.80878E-05 2.03633E-05 1.80334E-05 1.85447E-03 1.82076E-02 -2.61020E-07 -1.43289E-07 1.33000E-08 1.76840E-04 
1.33000E-08 -2.28428E-07 -5.47884E-05 1.82052E-05 1.60569E-05 1.68674E-03 1.66796E-02 -3.44591E-07 -2.28428E-07 1.33000E-08 1.60680E-04 
1.33000E-08 -3.00746E-07 -5.12651E-05 1.61819E-05 1.42455E-05 1.53060E-03 1.52458E-02 -4.14310E-07 -3.00746E-07 1.33000E-08 1.46630E-04 
1.33000E-08 -3.59264E-07 -4.75513E-05 1.42932E-05 1.25954E-05 1.38572E-03 1.39046E-02 -4.69228E-07 -3.59264E-07 1.33000E-08 1.34429E-04 
1.33000E-08 -3.94379E-07 -4.45694E-05 1.29240E-05 1.14265E-05 1.28110E-03 1.29290E-02 -5.00899E-07 -3.94379E-07 1.33000E-08 1.26077E-04 
1.33000E-08 -4.02897E-07 -4.36824E-05 1.25388E-05 1.11021E-05 1.25171E-03 1.26539E-02 -5.08306E-07 -4.02897E-07 1.33000E-08 1.23790E-04 
1.33000E-08 -4.32303E-07 -3.93807E-05 1.07966E-05 9.66181E-06 1.11892E-03 1.14037E-02 -5.31798E-07 -4.32303E-07 1.33000E-08 1.13705E-04 
1.33000E-08 -4.43064E-07 -3.49921E-05 9.20747E-06 8.38994E-06 9.97690E-04 1.02519E-02 -5.35701E-07 -4.43064E-07 1.33000E-08 1.04648E-04 
1.33000E-08 -4.35858E-07 -3.05678E-05 7.76808E-06 7.27711E-06 8.87406E-04 9.19444E-03 -5.20804E-07 -4.35858E-07 1.33000E-08 9.61901E-05 
1.33000E-08 -4.12586E-07 -2.61599E-05 6.47363E-06 6.31240E-06 7.87418E-04 8.22666E-03 -4.89138E-07 -4.12586E-07 1.33000E-08 8.79166E-05 
7.17749E-08 -3.01868E-07 -2.17903E-05 5.40818E-06 5.56906E-06 6.98111E-04 7.35333E-03 -3.69654E-07 -3.01868E-07 7.17749E-08 7.90023E-05 
1.48594E-07 -1.89491E-07 -1.75277E-05 4.46021E-06 4.93513E-06 6.17237E-04 6.55497E-03 -2.48103E-07 -1.89491E-07 1.48594E-07 6.95670E-05 
2.10543E-07 -9.72989E-08 -1.34287E-05 3.60272E-06 4.37889E-06 5.44063E-04 5.82587E-03 -1.46443E-07 -9.72989E-08 2.10543E-07 5.95363E-05 
2.53546E-07 -2.91454E-08 -9.54131E-06 2.83040E-06 3.88935E-06 4.78128E-04 5.16274E-03 -6.86926E-08 -2.91454E-08 2.53546E-07 4.88256E-05 
2.74283E-07 1.20316E-08 -5.90908E-06 2.13812E-06 3.45607E-06 4.18952E-04 4.56199E-03 -1.79597E-08 1.20316E-08 2.74283E-07 3.74554E-05 
2.70576E-07 2.45871E-08 -2.56937E-06 1.52133E-06 3.06966E-06 3.66047E-04 4.01986E-03 3.93652E-09 2.45871E-08 2.70576E-07 2.55650E-05 
2.41784E-07 8.55779E-09 4.47441E-07 9.76430E-07 2.72231E-06 3.18925E-04 3.53246E-03 -3.13932E-09 8.55779E-09 2.41784E-07 1.34188E-05 
1.89174E-07 -3.39825E-08 3.11914E-06 5.01119E-07 2.40825E-06 2.77107E-04 3.09586E-03 -3.72792E-08 -3.39825E-08 1.89174E-07 1.40222E-06 
1.16220E-07 -9.86461E-08 5.43227E-06 9.46957E-08 2.12410E-06 2.40129E-04 2.70616E-03 -9.42509E-08 -9.86461E-08 1.16220E-07 -9.99232E-06 
2.87745E-08 -1.78577E-07 7.38255E-06 -2.41765E-07 1.86917E-06 2.07544E-04 2.35952E-03 -1.67340E-07 -1.78577E-07 2.87745E-08 -2.01900E-05 
-6.48940E-08 -2.64451E-07 8.97485E-06 -5.05356E-07 1.64554E-06 1.78933E-04 2.05222E-03 -2.47344E-07 -2.64451E-07 -6.48940E-08 -2.85668E-05 
-1.54265E-07 -3.44662E-07 1.02229E-05 -6.91470E-07 1.45793E-06 1.53900E-04 1.78067E-03 -3.22761E-07 -3.44662E-07 -1.54265E-07 -3.44917E-05 
-2.26911E-07 -4.05704E-07 1.11486E-05 -7.94090E-07 1.31339E-06 1.32080E-04 1.54150E-03 -3.80162E-07 -4.05704E-07 -2.26911E-07 -3.73738E-05 
1.51123E-08 -2.27658E-07 -7.90703E-05 1.60389E-05 1.15600E-05 1.39743E-03 1.54261E-02 2.34135E-08 -2.27658E-07 1.51123E-08 7.52943E-05 
1.51123E-08 -2.27658E-07 -7.55004E-05 1.44318E-05 1.01880E-05 1.27048E-03 1.41247E-02 -8.62777E-08 -2.27658E-07 1.51123E-08 7.02258E-05 
1.51123E-08 -4.09865E-08 -7.16506E-05 1.29168E-05 8.94123E-06 1.15392E-03 1.29206E-02 -1.86268E-07 -4.09865E-08 1.51123E-08 6.60102E-05 
1.51123E-08 -1.29268E-07 -6.75565E-05 1.14929E-05 7.81477E-06 1.04694E-03 1.18067E-02 -2.73148E-07 -1.29268E-07 1.51123E-08 6.27050E-05 
1.51123E-08 -2.07180E-07 -6.32074E-05 1.01378E-05 6.78588E-06 9.47509E-04 1.07632E-02 -3.48451E-07 -2.07180E-07 1.51123E-08 5.99334E-05 
1.51123E-08 -2.73129E-07 -5.86415E-05 8.85471E-06 5.85421E-06 8.55414E-04 9.78897E-03 -4.10607E-07 -2.73129E-07 1.51123E-08 5.77155E-05 
1.51123E-08 -3.25379E-07 -5.38992E-05 7.64692E-06 5.01901E-06 7.70404E-04 8.88239E-03 -4.57923E-07 -3.25379E-07 1.51123E-08 5.60032E-05 
1.51123E-08 -3.55409E-07 -5.01361E-05 6.76604E-06 4.43819E-06 7.09313E-04 8.22607E-03 -4.83390E-07 -3.55409E-07 1.51123E-08 5.49551E-05 
1.51123E-08 -3.62381E-07 -4.90238E-05 6.51752E-06 4.27900E-06 6.92200E-04 8.04144E-03 -4.88910E-07 -3.62381E-07 1.51123E-08 5.46825E-05 
1.51123E-08 -3.84003E-07 -4.36699E-05 5.39050E-06 3.58522E-06 6.15147E-04 7.20556E-03 -5.02922E-07 -3.84003E-07 1.51123E-08 5.34978E-05 
1.51123E-08 -3.86377E-07 -3.82727E-05 4.35968E-06 2.99545E-06 5.45235E-04 6.44007E-03 -4.96636E-07 -3.86377E-07 1.51123E-08 5.22917E-05 
1.51123E-08 -3.70483E-07 -3.28920E-05 3.42572E-06 2.50391E-06 4.82032E-04 5.74146E-03 -4.71170E-07 -3.70483E-07 1.51123E-08 5.07510E-05 
1.51123E-08 -3.38718E-07 -2.75881E-05 2.58769E-06 2.10315E-06 4.25096E-04 5.10605E-03 -4.29076E-07 -3.38718E-07 1.51123E-08 4.85539E-05 
8.12472E-08 -2.17943E-07 -2.23966E-05 1.93156E-06 1.86682E-06 3.74613E-04 4.53629E-03 -2.97597E-07 -2.17943E-07 8.12472E-08 4.48853E-05 
1.67322E-07 -9.82510E-08 -1.73825E-05 1.35223E-06 1.69080E-06 3.29197E-04 4.01873E-03 -1.66789E-07 -9.82510E-08 1.67322E-07 4.00323E-05 
2.35857E-07 -2.43093E-09 -1.26068E-05 8.25957E-07 1.54652E-06 2.88371E-04 3.54909E-03 -5.95736E-08 -2.43093E-09 2.35857E-07 3.39856E-05 
2.82502E-07 6.54642E-08 -8.12241E-06 3.50205E-07 1.42542E-06 2.51824E-04 3.12475E-03 1.98038E-08 6.54642E-08 2.82502E-07 2.67076E-05 
3.03766E-07 1.02421E-07 -3.97604E-06 -7.72936E-08 1.31967E-06 2.19240E-04 2.74288E-03 6.81321E-08 1.02421E-07 3.03766E-07 1.82682E-05 
2.97444E-07 1.06883E-07 -2.06903E-07 -4.58186E-07 1.22263E-06 1.90302E-04 2.40062E-03 8.36553E-08 1.06883E-07 2.97444E-07 8.85999E-06 
2.63037E-07 7.91628E-08 3.15447E-06 -7.93142E-07 1.12939E-06 1.64699E-04 2.09504E-03 6.64907E-08 7.91628E-08 2.63037E-07 -1.19599E-06 
2.02133E-07 2.18042E-08 6.08728E-06 -1.08154E-06 1.03715E-06 1.42129E-04 1.82324E-03 1.89948E-08 2.18042E-08 2.02133E-07 -1.14556E-05 
1.18697E-07 -6.01552E-08 8.58102E-06 -1.32122E-06 9.45638E-07 1.22306E-04 1.58237E-03 -5.39682E-08 -6.01552E-08 1.18697E-07 -2.13673E-05 
1.92169E-08 -1.59060E-07 1.06358E-05 -1.50834E-06 8.57247E-07 1.04959E-04 1.36968E-03 -1.44899E-07 -1.59060E-07 1.92169E-08 -3.02990E-05 
-8.73063E-08 -2.64683E-07 1.22619E-05 -1.63737E-06 7.77108E-07 8.98361E-05 1.18252E-03 -2.43703E-07 -2.64683E-07 -8.73063E-08 -3.75741E-05 
-1.89567E-07 -3.64468E-07 1.34797E-05 -1.70130E-06 7.12905E-07 7.67043E-05 1.01840E-03 -3.37933E-07 -3.64468E-07 -1.89567E-07 -4.25155E-05 
-2.74363E-07 -4.43972E-07 1.43185E-05 -1.69195E-06 6.74505E-07 6.53518E-05 8.74957E-04 -4.13230E-07 -4.43972E-07 -2.74363E-07 -4.44950E-05 
1.72567E-08 -2.12062E-07 -9.28975E-05 1.02008E-05 4.46176E-06 7.29819E-04 9.44610E-03 -1.88156E-08 -2.12062E-07 1.72567E-08 4.31727E-06 
1.72567E-08 -2.12062E-07 -8.80462E-05 9.13104E-06 3.74015E-06 6.59848E-04 8.60322E-03 -1.21473E-07 -2.12062E-07 1.72567E-08 5.95976E-06 
1.72567E-08 -3.86954E-08 -8.29263E-05 8.10006E-06 3.08849E-06 5.95962E-04 7.82763E-03 -2.15221E-07 -3.86954E-08 1.72567E-08 7.66647E-06 
1.72567E-08 -1.21579E-07 -7.75797E-05 7.11297E-06 2.50775E-06 5.37656E-04 7.11417E-03 -2.95538E-07 -1.21579E-07 1.72567E-08 9.65313E-06 
1.72567E-08 -1.93500E-07 -7.19862E-05 6.15742E-06 1.98627E-06 4.83769E-04 6.44955E-03 -3.63508E-07 -1.93500E-07 1.72567E-08 1.18250E-05 
1.72567E-08 -2.52461E-07 -6.61927E-05 5.23904E-06 1.52554E-06 4.34152E-04 5.83260E-03 -4.17167E-07 -2.52461E-07 1.72567E-08 1.42473E-05 
1.72567E-08 -2.96529E-07 -6.02490E-05 4.36347E-06 1.12665E-06 3.88630E-04 5.26182E-03 -4.54643E-07 -2.96529E-07 1.72567E-08 1.68997E-05 
1.72567E-08 -3.19403E-07 -5.55799E-05 3.71886E-06 8.60765E-07 3.56098E-04 4.85080E-03 -4.71577E-07 -3.19403E-07 1.72567E-08 1.90487E-05 
1.72567E-08 -3.24156E-07 -5.42072E-05 3.53618E-06 7.90059E-07 3.47014E-04 4.73553E-03 -4.74463E-07 -3.24156E-07 1.72567E-08 1.96816E-05 
1.72567E-08 -3.34554E-07 -4.76449E-05 2.70374E-06 4.96338E-07 3.06285E-04 4.21571E-03 -4.75194E-07 -3.34554E-07 1.72567E-08 2.26293E-05 
1.72567E-08 -3.24978E-07 -4.11005E-05 1.93780E-06 2.72272E-07 2.69596E-04 3.74284E-03 -4.54797E-07 -3.24978E-07 1.72567E-08 2.52467E-05 
1.72567E-08 -2.97024E-07 -3.46432E-05 1.24153E-06 1.13882E-07 2.36673E-04 3.31423E-03 -4.15035E-07 -2.97024E-07 1.72567E-08 2.72080E-05 
1.72567E-08 -2.53816E-07 -2.83418E-05 6.16345E-07 1.53531E-08 2.07240E-04 2.92711E-03 -3.59215E-07 -2.53816E-07 1.72567E-08 2.81776E-05 
9.24921E-08 -1.21227E-07 -2.22474E-05 1.50459E-07 5.08827E-08 1.81388E-04 2.58249E-03 -2.13656E-07 -1.21227E-07 9.24921E-08 2.72753E-05 
1.89630E-07 6.90226E-09 -1.64189E-05 -2.59356E-07 1.19114E-07 1.58312E-04 2.27167E-03 -7.21521E-08 6.90226E-09 1.89630E-07 2.48587E-05 
2.66084E-07 1.06876E-07 -1.09210E-05 -6.35108E-07 1.92847E-07 1.37723E-04 1.99167E-03 4.14419E-08 1.06876E-07 2.66084E-07 2.09278E-05 
3.17165E-07 1.74394E-07 -5.81094E-06 -9.77556E-07 2.64746E-07 1.19429E-04 1.74054E-03 1.22603E-07 1.74394E-07 3.17165E-07 1.54496E-05 
3.39197E-07 2.06373E-07 -1.13812E-06 -1.28714E-06 3.28352E-07 1.03239E-04 1.51625E-03 1.68020E-07 2.06373E-07 3.39197E-07 8.50908E-06 
3.29977E-07 2.01394E-07 3.05750E-06 -1.56364E-06 3.78579E-07 8.89652E-05 1.31676E-03 1.76048E-07 2.01394E-07 3.29977E-07 3.24487E-07 
2.89212E-07 1.60133E-07 6.74651E-06 -1.80585E-06 4.12206E-07 7.64277E-05 1.14005E-03 1.47140E-07 1.60133E-07 2.89212E-07 -8.74895E-06 
2.18906E-07 8.57178E-08 9.91101E-06 -2.01126E-06 4.28302E-07 6.54545E-05 9.84125E-04 8.42162E-08 8.57178E-08 2.18906E-07 -1.82263E-05 
1.23622E-07 -1.60328E-08 1.25451E-05 -2.17584E-06 4.28540E-07 5.58853E-05 8.47067E-04 -7.09845E-09 -1.60328E-08 1.23622E-07 -2.75114E-05 
1.05977E-08 -1.36526E-07 1.46548E-05 -2.29399E-06 4.17355E-07 4.75722E-05 7.27045E-04 -1.18381E-07 -1.36526E-07 1.05977E-08 -3.59273E-05 
-1.10312E-07 -2.64492E-07 1.62579E-05 -2.35852E-06 4.01925E-07 4.03810E-05 6.22330E-04 -2.38506E-07 -2.64492E-07 -1.10312E-07 -4.27548E-05 
-2.26911E-07 -3.86298E-07 1.73830E-05 -2.36094E-06 3.91940E-07 3.41905E-05 5.31300E-04 -3.53954E-07 -3.86298E-07 -2.26911E-07 -4.72803E-05 
-3.25125E-07 -4.86455E-07 1.80684E-05 -2.29184E-06 3.99166E-07 2.88932E-05 4.52453E-04 -4.49321E-07 -4.86455E-07 -3.25125E-07 -4.88466E-05 
1.96417E-08 -1.97954E-07 -1.07763E-04 7.89296E-06 1.07964E-06 3.35963E-04 5.24958E-03 -5.87878E-08 -1.97954E-07 1.96417E-08 -2.18440E-05 
1.96417E-08 -1.97954E-07 -1.01379E-04 7.03512E-06 6.67197E-07 3.01699E-04 4.75161E-03 -1.59719E-07 -1.97954E-07 1.96417E-08 -1.95808E-05 
1.96417E-08 -3.74075E-08 -9.47510E-05 6.19003E-06 2.99223E-07 2.70617E-04 4.29630E-03 -2.49937E-07 -3.74075E-08 1.96417E-08 -1.70351E-05 
1.96417E-08 -1.15977E-07 -8.79287E-05 5.36651E-06 -2.01799E-08 2.42439E-04 3.88016E-03 -3.24411E-07 -1.15977E-07 1.96417E-08 -1.40101E-05 
1.96417E-08 -1.81601E-07 -8.08798E-05 4.55669E-06 -2.97481E-07 2.16573E-04 3.49501E-03 -3.84362E-07 -1.81601E-07 1.96417E-08 -1.05383E-05 
1.96417E-08 -2.32258E-07 -7.36623E-05 3.76791E-06 -5.30213E-07 1.92926E-04 3.13983E-03 -4.27822E-07 -2.32258E-07 1.96417E-08 -6.60300E-06 
1.96417E-08 -2.66152E-07 -6.63361E-05 3.00747E-06 -7.16382E-07 1.71390E-04 2.81345E-03 -4.53071E-07 -2.66152E-07 1.96417E-08 -2.27787E-06 
1.96417E-08 -2.80047E-07 -6.06323E-05 2.44298E-06 -8.27666E-07 1.56105E-04 2.57985E-03 -4.59345E-07 -2.80047E-07 1.96417E-08 1.23945E-06 
1.96417E-08 -2.82023E-07 -5.89635E-05 2.28236E-06 -8.54766E-07 1.51855E-04 2.51457E-03 -4.58948E-07 -2.82023E-07 1.96417E-08 2.28035E-06 
1.96417E-08 -2.78473E-07 -5.10351E-05 1.54727E-06 -9.50312E-07 1.32896E-04 2.22151E-03 -4.43248E-07 -2.78473E-07 1.96417E-08 7.19447E-06 
1.96417E-08 -2.54317E-07 -4.32069E-05 8.66917E-07 -9.91712E-07 1.15974E-04 1.95699E-03 -4.05690E-07 -2.54317E-07 1.96417E-08 1.17642E-05 
1.96417E-08 -2.11970E-07 -3.55581E-05 2.45914E-07 -9.82469E-07 1.00934E-04 1.71911E-03 -3.48889E-07 -2.11970E-07 1.96417E-08 1.56008E-05 
1.96417E-08 -1.55447E-07 -2.81658E-05 -3.13081E-07 -9.28049E-07 8.76208E-05 1.50599E-03 -2.77079E-07 -1.55447E-07 1.96417E-08 1.83135E-05 
1.04986E-07 -1.02034E-08 -2.10978E-05 -7.19695E-07 -7.53985E-07 7.60934E-05 1.31786E-03 -1.16226E-07 -1.02034E-08 1.04986E-07 1.89352E-05 
2.14345E-07 1.26587E-07 -1.44043E-05 -1.07810E-06 -5.61882E-07 6.59087E-05 1.14958E-03 3.65469E-08 1.26587E-07 2.14345E-07 1.78487E-05 
2.99416E-07 2.30362E-07 -8.15286E-06 -1.40958E-06 -3.78737E-07 5.69035E-05 9.99255E-04 1.56494E-07 2.30362E-07 2.99416E-07 1.50420E-05 
3.55135E-07 2.96556E-07 -2.40442E-06 -1.71384E-06 -2.11501E-07 4.89723E-05 8.65573E-04 2.38792E-07 2.96556E-07 3.55135E-07 1.04725E-05 
3.77649E-07 3.22044E-07 2.79015E-06 -1.99021E-06 -6.60726E-08 4.20119E-05 7.47218E-04 2.80056E-07 3.22044E-07 3.77649E-07 4.22954E-06 
3.64798E-07 3.05612E-07 7.39150E-06 -2.23732E-06 5.32167E-08 3.59236E-05 6.42884E-04 2.78815E-07 3.05612E-07 3.64798E-07 -3.45195E-06 
3.16573E-07 2.48396E-07 1.13729E-05 -2.45277E-06 1.44096E-07 3.06148E-05 5.51297E-04 2.35955E-07 2.48396E-07 3.16573E-07 -1.21893E-05 
2.35485E-07 1.54227E-07 1.47212E-05 -2.63285E-06 2.06771E-07 2.59998E-05 4.71230E-04 1.55075E-07 1.54227E-07 2.35485E-07 -2.14621E-05 
1.26806E-07 2.98381E-08 1.74369E-05 -2.77236E-06 2.44206E-07 2.20016E-05 4.01519E-04 4.26963E-08 2.98381E-08 1.26806E-07 -3.06343E-05 
-1.35977E-09 -1.15102E-07 1.95342E-05 -2.86454E-06 2.62241E-07 1.85517E-05 3.41067E-04 -9.16967E-08 -1.15102E-07 -1.35977E-09 -3.89876E-05 
-1.38194E-07 -2.68150E-07 2.10402E-05 -2.90120E-06 2.69513E-07 1.55905E-05 2.88854E-04 -2.35815E-07 -2.68150E-07 -1.38194E-07 -4.57641E-05 
-2.70506E-07 -4.14473E-07 2.19938E-05 -2.87298E-06 2.77164E-07 1.30670E-05 2.43940E-04 -3.74945E-07 -4.14473E-07 -2.70506E-07 -5.02170E-05 
-3.83268E-07 -5.37435E-07 2.24443E-05 -2.76981E-06 2.98339E-07 1.09384E-05 2.05464E-04 -4.92531E-07 -5.37435E-07 -3.83268E-07 -5.16640E-05 
2.22331E-08 -1.81472E-07 -1.23429E-04 7.50846E-06 -3.77361E-07 1.28573E-04 2.53717E-03 -1.02513E-07 -1.81472E-07 2.22331E-08 -3.10849E-05 
2.22331E-08 -1.81472E-07 -1.15235E-04 6.67095E-06 -6.68960E-07 1.14378E-04 2.27942E-03 -2.03071E-07 -1.81472E-07 2.22331E-08 -3.00143E-05 
2.22331E-08 -3.61485E-08 -1.06840E-04 5.83694E-06 -9.23966E-07 1.01604E-04 2.04552E-03 -2.89784E-07 -3.61485E-08 2.22331E-08 -2.81512E-05 
2.22331E-08 -1.09812E-07 -9.83026E-05 5.01751E-06 -1.13675E-06 9.01228E-05 1.83337E-03 -3.57393E-07 -1.09812E-07 2.22331E-08 -2.53740E-05 
2.22331E-08 -1.67818E-07 -8.95758E-05 4.20603E-06 -1.31197E-06 7.96770E-05 1.63851E-03 -4.07566E-07 -1.67818E-07 2.22331E-08 -2.17446E-05 
2.22331E-08 -2.08342E-07 -8.07296E-05 3.41107E-06 -1.44679E-06 7.02174E-05 1.46022E-03 -4.38551E-07 -2.08342E-07 2.22331E-08 -1.73188E-05 
2.22331E-08 -2.29927E-07 -7.18356E-05 2.64107E-06 -1.53898E-06 6.16906E-05 1.29769E-03 -4.48989E-07 -2.29927E-07 2.22331E-08 -1.22423E-05 
2.22331E-08 -2.33104E-07 -6.49674E-05 2.06754E-06 -1.58019E-06 5.56979E-05 1.18220E-03 -4.42515E-07 -2.33104E-07 2.22331E-08 -8.01005E-06 
2.22331E-08 -2.31791E-07 -6.29670E-05 1.90407E-06 -1.58724E-06 5.40411E-05 1.15006E-03 -4.38222E-07 -2.31791E-07 2.22331E-08 -6.74336E-06 
2.22331E-08 -2.11923E-07 -5.35179E-05 1.15452E-06 -1.59000E-06 4.67095E-05 1.00657E-03 -4.03244E-07 -2.11923E-07 2.22331E-08 -6.81839E-07 
2.22331E-08 -1.71055E-07 -4.42759E-05 4.58905E-07 -1.54345E-06 4.02564E-05 8.78228E-04 -3.45924E-07 -1.71055E-07 2.22331E-08 5.09446E-06 
2.22331E-08 -1.12576E-07 -3.53301E-05 -1.77470E-07 -1.45148E-06 3.46067E-05 7.63899E-04 -2.69891E-07 -1.12576E-07 2.22331E-08 1.01236E-05 
2.22331E-08 -4.15065E-08 -2.67661E-05 -7.51409E-07 -1.32008E-06 2.96854E-05 6.62446E-04 -1.80426E-07 -4.15065E-08 2.22331E-08 1.39521E-05 
1.18518E-07 1.16696E-07 -1.86685E-05 -1.17061E-06 -1.07493E-06 2.55491E-05 5.73819E-04 -3.57135E-09 1.16696E-07 1.18518E-07 1.55280E-05 
2.40945E-07 2.61810E-07 -1.10761E-05 -1.54179E-06 -8.19489E-07 2.19556E-05 4.95321E-04 1.60513E-07 2.61810E-07 2.40945E-07 1.52413E-05 
3.34993E-07 3.68452E-07 -4.05838E-06 -1.88614E-06 -5.81243E-07 1.88181E-05 4.25890E-04 2.86229E-07 3.68452E-07 3.34993E-07 1.30637E-05 
3.95214E-07 4.31803E-07 2.32129E-06 -2.20273E-06 -3.67274E-07 1.60856E-05 3.64770E-04 3.68464E-07 4.31803E-07 3.95214E-07 8.94166E-06 
4.17599E-07 4.48742E-07 8.01199E-06 -2.49022E-06 -1.83408E-07 1.37095E-05 3.11215E-04 4.03800E-07 4.48742E-07 4.17599E-07 2.96774E-06 
4.00093E-07 4.18343E-07 1.29767E-05 -2.74654E-06 -3.36714E-08 1.16454E-05 2.64502E-04 3.91023E-07 4.18343E-07 4.00093E-07 -4.60673E-06 
3.43053E-07 3.42313E-07 1.71935E-05 -2.96851E-06 8.02057E-08 9.85315E-06 2.23939E-04 3.31560E-07 3.42313E-07 3.43053E-07 -1.33716E-05 
2.49603E-07 2.25315E-07 2.06560E-05 -3.15161E-06 1.59192E-07 8.29826E-06 1.88873E-04 2.29818E-07 2.25315E-07 2.49603E-07 -2.27708E-05 
1.25839E-07 7.51366E-08 2.33735E-05 -3.28985E-06 2.07204E-07 6.95187E-06 1.58694E-04 9.33530E-08 7.51366E-08 1.25839E-07 -3.21279E-05 
-1.91500E-08 -9.73372E-08 2.53705E-05 -3.37572E-06 2.31179E-07 5.79106E-06 1.32840E-04 -6.71474E-08 -9.73372E-08 -1.91500E-08 -4.06833E-05 
-1.73473E-07 -2.78356E-07 2.66857E-05 -3.40039E-06 2.40929E-07 4.79869E-06 1.10796E-04 -2.38095E-07 -2.78356E-07 -1.73473E-07 -4.76406E-05 
-3.22844E-07 -4.51769E-07 2.73708E-05 -3.35400E-06 2.48781E-07 3.96290E-06 9.20960E-05 -4.03461E-07 -4.51769E-07 -3.22844E-07 -5.22202E-05 
-4.51202E-07 -5.99694E-07 2.74880E-05 -3.22619E-06 2.69008E-07 3.27649E-06 7.63207E-05 -5.45439E-07 -5.99694E-07 -4.51202E-07 -5.37164E-05 
2.50241E-08 -1.60413E-07 -1.39558E-04 8.05493E-06 -9.80058E-07 3.63011E-05 9.85990E-04 -1.53277E-07 -1.60413E-07 2.50241E-08 -3.60894E-05 
2.50241E-08 -1.60413E-07 -1.29255E-04 7.13423E-06 -1.24157E-06 3.17000E-05 8.77487E-04 -2.52763E-07 -1.60413E-07 2.50241E-08 -3.62082E-05 
2.50241E-08 -3.43902E-08 -1.18819E-04 6.21720E-06 -1.46496E-06 2.76056E-05 7.79925E-04 -3.34530E-07 -3.43902E-08 2.50241E-08 -3.50568E-05 
2.50241E-08 -1.01617E-07 -1.08316E-04 5.31644E-06 -1.64395E-06 2.39752E-05 6.92249E-04 -3.93253E-07 -1.01617E-07 2.50241E-08 -3.25815E-05 
2.50241E-08 -1.50072E-07 -9.76820E-05 4.42468E-06 -1.78314E-06 2.07195E-05 6.12463E-04 -4.31213E-07 -1.50072E-07 2.50241E-08 -2.88967E-05 
2.50241E-08 -1.78279E-07 -8.70002E-05 3.55151E-06 -1.87976E-06 1.78203E-05 5.40151E-04 -4.47032E-07 -1.78279E-07 2.50241E-08 -2.41198E-05 
2.50241E-08 -1.85264E-07 -7.63544E-05 2.70622E-06 -1.93175E-06 1.52576E-05 4.74869E-04 -4.39862E-07 -1.85264E-07 2.50241E-08 -1.84597E-05 
2.50241E-08 -1.75965E-07 -6.81959E-05 2.07689E-06 -1.94073E-06 1.34923E-05 4.28891E-04 -4.18493E-07 -1.75965E-07 2.50241E-08 -1.36564E-05 
2.50241E-08 -1.70862E-07 -6.58298E-05 1.89755E-06 -1.93821E-06 1.30104E-05 4.16161E-04 -4.09691E-07 -1.70862E-07 2.50241E-08 -1.22077E-05 
2.50241E-08 -1.32434E-07 -5.47143E-05 1.07541E-06 -1.89470E-06 1.09152E-05 3.59695E-04 -3.52657E-07 -1.32434E-07 2.50241E-08 -5.21605E-06 
2.50241E-08 -7.29500E-08 -4.39409E-05 3.12522E-07 -1.80143E-06 9.13171E-06 3.09760E-04 -2.73155E-07 -7.29500E-08 2.50241E-08 1.54055E-06 
2.50241E-08 3.10066E-09 -3.36085E-05 -3.85528E-07 -1.66329E-06 7.62930E-06 2.65786E-04 -1.75955E-07 3.10066E-09 2.50241E-08 7.53189E-06 
2.50241E-08 8.95911E-08 -2.38100E-05 -1.01542E-06 -1.48729E-06 6.37665E-06 2.27223E-04 -6.74884E-08 8.95911E-08 2.50241E-08 1.22448E-05 
1.33026E-07 2.60750E-07 -1.46470E-05 -1.48318E-06 -1.19969E-06 5.43835E-06 1.93998E-04 1.25803E-07 2.60750E-07 1.33026E-07 1.45504E-05 
2.69233E-07 4.13502E-07 -6.14406E-06 -1.89885E-06 -9.06518E-07 4.66574E-06 1.64927E-04 3.00919E-07 4.13502E-07 2.69233E-07 1.48401E-05 
3.72439E-07 5.21689E-07 1.62900E-06 -2.28385E-06 -6.36107E-07 4.01100E-06 1.39522E-04 4.31454E-07 5.21689E-07 3.72439E-07 1.30697E-05 
4.36817E-07 5.80268E-07 8.60791E-06 -2.63685E-06 -3.95945E-07 3.45195E-06 1.17431E-04 5.12031E-07 5.80268E-07 4.36817E-07 9.17675E-06 
4.58248E-07 5.86193E-07 1.47436E-05 -2.95610E-06 -1.92022E-07 2.96869E-06 9.83166E-05 5.39269E-07 5.86193E-07 4.58248E-07 3.25931E-06 
4.34856E-07 5.38926E-07 2.00038E-05 -3.23898E-06 -2.82597E-08 2.54434E-06 8.18591E-05 5.12306E-07 5.38926E-07 4.34856E-07 -4.41276E-06 
3.67461E-07 4.40868E-07 2.43733E-05 -3.48177E-06 9.39849E-08 2.16566E-06 6.77603E-05 4.33234E-07 4.40868E-07 3.67461E-07 -1.33995E-05 
2.59914E-07 2.97655E-07 2.78553E-05 -3.67934E-06 1.76308E-07 1.82341E-06 5.57449E-05 3.07408E-07 2.97655E-07 2.59914E-07 -2.31068E-05 
1.19259E-07 1.18278E-07 3.04705E-05 -3.82511E-06 2.23470E-07 1.51261E-06 4.55627E-05 1.43569E-07 1.18278E-07 1.19259E-07 -3.28156E-05 
-4.43125E-08 -8.50170E-08 3.22563E-05 -3.91102E-06 2.43407E-07 1.23252E-06 3.69882E-05 -4.62478E-08 -8.50170E-08 -4.43125E-08 -4.17229E-05 
-2.17718E-07 -2.97033E-07 3.32658E-05 -3.92780E-06 2.47024E-07 9.86394E-07 2.98205E-05 -2.47014E-07 -2.97033E-07 -2.17718E-07 -4.89922E-05 
-3.85481E-07 -5.00185E-07 3.35654E-05 -3.86530E-06 2.47758E-07 7.80961E-07 2.38823E-05 -4.41265E-07 -5.00185E-07 -3.85481E-07 -5.38105E-05 
-5.30427E-07 -6.75247E-07 3.32328E-05 -3.71312E-06 2.60925E-07 6.25717E-07 1.90178E-05 -6.09846E-07 -6.75247E-07 -5.30427E-07 -5.54478E-05 
2.80200E-08 -1.33489E-07 -1.55700E-04 8.99411E-06 -1.29457E-06 5.08993E-06 2.61152E-04 -2.12871E-07 -1.33489E-07 2.80200E-08 -4.13016E-05 
2.80200E-08 -1.33489E-07 -1.42976E-04 7.93742E-06 -1.56136E-06 3.99814E-06 2.29465E-04 -3.09593E-07 -1.33489E-07 2.80200E-08 -4.21804E-05 
2.80200E-08 -3.18567E-08 -1.30216E-04 6.88945E-06 -1.78402E-06 3.04774E-06 2.01267E-04 -3.84202E-07 -3.18567E-08 2.80200E-08 -4.14165E-05 
2.80200E-08 -9.05885E-08 -1.17493E-04 5.86392E-06 -1.95613E-06 2.23377E-06 1.76192E-04 -4.31414E-07 -9.05885E-08 2.80200E-08 -3.89986E-05 
2.80200E-08 -1.27168E-07 -1.04723E-04 4.85206E-06 -2.08303E-06 1.53337E-06 1.53609E-04 -4.54267E-07 -1.27168E-07 2.80200E-08 -3.50893E-05 
2.80200E-08 -1.40596E-07 -9.20021E-05 3.86430E-06 -2.16225E-06 9.43626E-07 1.33357E-04 -4.51886E-07 -1.40596E-07 2.80200E-08 -2.98502E-05 
2.80200E-08 -1.30513E-07 -7.94284E-05 2.91067E-06 -2.19223E-06 4.60644E-07 1.15271E-04 -4.24070E-07 -1.30513E-07 2.80200E-08 -2.35389E-05 
2.80200E-08 -1.06905E-07 -6.98620E-05 2.20214E-06 -2.18142E-06 1.57086E-07 1.02658E-04 -3.85538E-07 -1.06905E-07 2.80200E-08 -1.81352E-05 
2.80200E-08 -9.74993E-08 -6.70988E-05 2.00044E-06 -2.17271E-06 7.94456E-08 9.91860E-05 -3.71586E-07 -9.74993E-08 2.80200E-08 -1.64991E-05 
2.80200E-08 -3.82553E-08 -5.41871E-05 1.07684E-06 -2.09769E-06 -2.24858E-07 8.38985E-05 -2.89652E-07 -3.82553E-08 2.80200E-08 -8.56670E-06 
2.80200E-08 4.16777E-08 -4.17841E-05 2.21069E-07 -1.97046E-06 -4.28053E-07 7.05509E-05 -1.85565E-07 4.16777E-08 2.80200E-08 -8.40268E-07 
2.80200E-08 1.36598E-07 -2.99975E-05 -5.61203E-07 -1.79717E-06 -5.41932E-07 5.89519E-05 -6.53569E-08 1.36598E-07 2.80200E-08 6.08638E-06 
2.80200E-08 2.39183E-07 -1.89265E-05 -1.26676E-06 -1.58620E-06 -5.80021E-07 4.89198E-05 6.32981E-08 2.39183E-07 2.80200E-08 1.16434E-05 
1.48516E-07 4.23101E-07 -8.68869E-06 -1.80010E-06 -1.26473E-06 -4.71719E-07 4.04652E-05 2.73299E-07 4.23101E-07 1.48516E-07 1.46288E-05 
2.99163E-07 5.82556E-07 7.08402E-07 -2.27499E-06 -9.41623E-07 -3.33654E-07 3.31752E-05 4.58943E-07 5.82556E-07 2.99163E-07 1.54329E-05 
4.11600E-07 6.90665E-07 9.19662E-06 -2.71317E-06 -6.46167E-07 -1.98863E-07 2.68854E-05 5.93067E-07 6.90665E-07 4.11600E-07 1.39966E-05 
4.79650E-07 7.42215E-07 1.67128E-05 -3.11304E-06 -3.86377E-07 -7.81270E-08 2.14871E-05 6.70078E-07 7.42215E-07 4.79650E-07 1.02502E-05 
4.99144E-07 7.34321E-07 2.32122E-05 -3.47245E-06 -1.68479E-07 1.98272E-08 1.68795E-05 6.86716E-07 7.34321E-07 4.99144E-07 4.29885E-06 
4.68470E-07 6.66948E-07 2.86696E-05 -3.78838E-06 3.66513E-09 8.89285E-08 1.29702E-05 6.42583E-07 6.66948E-07 4.68470E-07 -3.56634E-06 
3.89024E-07 5.43331E-07 3.30799E-05 -4.05660E-06 1.29063E-07 1.26259E-07 9.67662E-06 5.40577E-07 5.43331E-07 3.89024E-07 -1.28728E-05 
2.65509E-07 3.70232E-07 3.64584E-05 -4.27148E-06 2.09948E-07 1.32406E-07 6.92586E-06 3.87154E-07 3.70232E-07 2.65509E-07 -2.29851E-05 
1.06045E-07 1.58002E-07 3.88402E-05 -4.42590E-06 2.51949E-07 1.11612E-07 4.65485E-06 1.92395E-07 1.58002E-07 1.06045E-07 -3.31382E-05 
-7.79405E-08 -7.95918E-08 4.02786E-05 -4.51138E-06 2.64038E-07 7.17073E-08 2.80997E-06 -3.01550E-08 -7.95918E-08 -7.79405E-08 -4.24829E-05 
-2.72060E-07 -3.25770E-07 4.08436E-05 -4.51831E-06 2.58245E-07 2.37938E-08 1.34636E-06 -2.63887E-07 -3.25770E-07 -2.72060E-07 -5.01396E-05 
-4.59545E-07 -5.61390E-07 4.06193E-05 -4.43641E-06 2.49137E-07 -1.82985E-08 2.26915E-07 -4.89775E-07 -5.61390E-07 -4.59545E-07 -5.52601E-05 
-6.22031E-07 -7.65788E-07 3.97012E-05 -4.25537E-06 2.53091E-07 -3.87735E-08 -5.78915E-07 -6.87218E-07 -7.65788E-07 -6.22031E-07 -5.70889E-05 
3.12300E-08 -9.97618E-08 -1.71291E-04 1.00878E-05 -1.56733E-06 -1.27615E-06 3.50664E-05 -2.82463E-07 -9.97618E-08 3.12300E-08 -4.76438E-05 
3.12300E-08 -9.97618E-08 -1.55826E-04 8.86555E-06 -1.84867E-06 -1.61446E-06 3.04717E-05 -3.74183E-07 -9.97618E-08 3.12300E-08 -4.89961E-05 
3.12300E-08 -2.83748E-08 -1.40457E-04 7.65968E-06 -2.07790E-06 -1.89467E-06 2.63270E-05 -4.38920E-07 -2.83748E-08 3.12300E-08 -4.83941E-05 
3.12300E-08 -7.61858E-08 -1.25262E-04 6.48492E-06 -2.24870E-06 -2.11134E-06 2.25922E-05 -4.71550E-07 -7.61858E-08 3.12300E-08 -4.58498E-05 
3.12300E-08 -9.82510E-08 -1.10132E-04 5.33042E-06 -2.36753E-06 -2.27225E-06 1.91792E-05 -4.76007E-07 -9.82510E-08 3.12300E-08 -4.15672E-05 
3.12300E-08 -9.41784E-08 -9.51808E-05 4.20748E-06 -2.43241E-06 -2.37592E-06 1.60723E-05 -4.52059E-07 -9.41784E-08 3.12300E-08 -3.57418E-05 
3.12300E-08 -6.43587E-08 -8.05179E-05 3.12679E-06 -2.44245E-06 -2.42201E-06 1.32557E-05 -4.00290E-07 -6.43587E-08 3.12300E-08 -2.86724E-05 
3.12300E-08 -2.44968E-08 -6.94400E-05 2.32583E-06 -2.41291E-06 -2.41876E-06 1.12659E-05 -3.42166E-07 -2.44968E-08 3.12300E-08 -2.25941E-05 
3.12300E-08 -1.02484E-08 -6.62530E-05 2.09811E-06 -2.39825E-06 -2.41156E-06 1.07141E-05 -3.22385E-07 -1.02484E-08 3.12300E-08 -2.07501E-05 
3.12300E-08 7.21423E-08 -5.14389E-05 1.05678E-06 -2.29247E-06 -2.34007E-06 8.26401E-06 -2.12567E-07 7.21423E-08 3.12300E-08 -1.17860E-05 
3.12300E-08 1.74362E-07 -3.73348E-05 9.38278E-08 -2.13153E-06 -2.21169E-06 6.09597E-06 -8.14325E-08 1.74362E-07 3.12300E-08 -3.00967E-06 
3.12300E-08 2.89380E-07 -2.40560E-05 -7.85120E-07 -1.92313E-06 -2.03443E-06 4.18998E-06 6.36051E-08 2.89380E-07 3.12300E-08 4.92071E-06 
3.12300E-08 4.08599E-07 -1.17065E-05 -1.57702E-06 -1.67714E-06 -1.81847E-06 2.52573E-06 2.13539E-07 4.08599E-07 3.12300E-08 1.13768E-05 
1.65020E-07 6.04912E-07 -4.17546E-07 -2.18501E-06 -1.32200E-06 -1.49197E-06 1.18610E-06 4.40390E-07 6.04912E-07 1.65020E-07 1.50824E-05 
3.30739E-07 7.69905E-07 9.82306E-06 -2.72670E-06 -9.69379E-07 -1.16694E-06 2.26417E-08 6.35857E-07 7.69905E-07 3.30739E-07 1.64248E-05 
4.52404E-07 8.76034E-07 1.89511E-05 -3.22419E-06 -6.49581E-07 -8.73757E-07 -1.00280E-06 7.72081E-07 8.76034E-07 4.52404E-07 1.53291E-05 
5.23524E-07 9.17985E-07 2.69072E-05 -3.67558E-06 -3.71151E-07 -6.20894E-07 -1.90097E-06 8.43317E-07 9.17985E-07 5.23524E-07 1.17185E-05 
5.39956E-07 8.93135E-07 3.36537E-05 -4.07839E-06 -1.40540E-07 -4.14660E-07 -2.68078E-06 8.46526E-07 8.93135E-07 5.39956E-07 5.70720E-06 
5.00456E-07 8.02087E-07 3.91757E-05 -4.42916E-06 3.85009E-08 -2.58598E-07 -3.34899E-06 7.81910E-07 8.02087E-07 5.00456E-07 -2.39040E-06 
4.07116E-07 6.49063E-07 4.34812E-05 -4.72318E-06 1.65412E-07 -1.52999E-07 -3.90984E-06 6.53322E-07 6.49063E-07 4.07116E-07 -1.20656E-05 
2.65627E-07 4.42120E-07 4.66013E-05 -4.95433E-06 2.43153E-07 -9.45870E-08 -4.36502E-06 4.68487E-07 4.42120E-07 2.65627E-07 -2.26382E-05 
8.53304E-08 1.93138E-07 4.85884E-05 -5.11502E-06 2.78315E-07 -7.64062E-08 -4.71367E-06 2.39001E-07 1.93138E-07 8.53304E-08 -3.32929E-05 
-1.20980E-07 -8.24341E-08 4.95153E-05 -5.19639E-06 2.81001E-07 -8.79608E-08 -4.95261E-06 -1.99187E-08 -8.24341E-08 -1.20980E-07 -4.31301E-05 
-3.37486E-07 -3.66085E-07 4.94717E-05 -5.18859E-06 2.64454E-07 -1.15594E-07 -5.07675E-06 -2.89932E-07 -3.66085E-07 -3.37486E-07 -5.12242E-05 
-5.46027E-07 -6.36990E-07 4.85624E-05 -5.08132E-06 2.44446E-07 -1.43110E-07 -5.07973E-06 -5.50324E-07 -6.36990E-07 -5.46027E-07 -5.66885E-05 
-7.26970E-07 -8.72956E-07 4.69029E-05 -4.86448E-06 2.38467E-07 -1.52605E-07 -4.95466E-06 -7.78948E-07 -8.72956E-07 -7.26970E-07 -5.87404E-05 
3.46588E-08 -5.84001E-08 -1.85616E-04 1.12598E-05 -1.87473E-06 -2.07955E-06 1.86248E-05 -3.62966E-07 -5.84001E-08 3.46588E-08 -5.50889E-05 
3.46588E-08 -5.84001E-08 -1.67097E-04 9.84907E-06 -2.17107E-06 -2.37229E-06 1.62952E-05 -4.47000E-07 -5.84001E-08 3.46588E-08 -5.68416E-05 
3.46588E-08 -2.37980E-08 -1.48842E-04 8.46422E-06 -2.40628E-06 -2.60449E-06 1.40728E-05 -4.98719E-07 -2.37980E-08 3.46588E-08 -5.63255E-05 
3.46588E-08 -5.79406E-08 -1.30938E-04 7.12099E-06 -2.57427E-06 -2.77035E-06 1.19703E-05 -5.13291E-07 -5.79406E-08 3.46588E-08 -5.35700E-05 
3.46588E-08 -6.25629E-08 -1.13246E-04 5.80609E-06 -2.68284E-06 -2.87781E-06 9.96219E-06 -4.95697E-07 -6.25629E-08 3.46588E-08 -4.88214E-05 
3.46588E-08 -3.80247E-08 -9.58941E-05 4.53169E-06 -2.73062E-06 -2.92579E-06 8.06028E-06 -4.46498E-07 -3.80247E-08 3.46588E-08 -4.23074E-05 
3.46588E-08 1.43908E-08 -7.90071E-05 3.30911E-06 -2.71760E-06 -2.91450E-06 6.27459E-06 -3.67213E-07 1.43908E-08 3.46588E-08 -3.43693E-05 
3.46588E-08 7.25582E-08 -6.63368E-05 2.40527E-06 -2.66675E-06 -2.86616E-06 4.97779E-06 -2.86911E-07 7.25582E-08 3.46588E-08 -2.75267E-05 
3.46588E-08 9.22129E-08 -6.27061E-05 2.14862E-06 -2.64538E-06 -2.84572E-06 4.61308E-06 -2.60585E-07 9.22129E-08 3.46588E-08 -2.54480E-05 
3.46588E-08 2.00151E-07 -4.59183E-05 9.76763E-07 -2.50516E-06 -2.71127E-06 2.96700E-06 -1.19771E-07 2.00151E-07 3.46588E-08 -1.53243E-05 
3.46588E-08 3.26488E-07 -3.00794E-05 -1.04559E-07 -2.30696E-06 -2.52104E-06 1.47535E-06 4.09181E-08 3.26488E-07 3.46588E-08 -5.37275E-06 
3.46588E-08 4.62755E-07 -1.53102E-05 -1.08980E-06 -2.06013E-06 -2.28436E-06 1.38384E-07 2.12570E-07 4.62755E-07 3.46588E-08 3.67847E-06 
3.46588E-08 5.98999E-07 -1.71712E-06 -1.97615E-06 -1.77621E-06 -2.01268E-06 -1.04674E-06 3.84762E-07 5.98999E-07 3.46588E-08 1.11376E-05 
1.82546E-07 8.07146E-07 1.05575E-05 -2.66547E-06 -1.38516E-06 -1.63550E-06 -1.98605E-06 6.28432E-07 8.07146E-07 1.82546E-07 1.56489E-05 
3.63930E-07 9.76264E-07 2.15488E-05 -3.27932E-06 -1.00140E-06 -1.26695E-06 -2.81014E-06 8.32788E-07 9.76264E-07 3.63930E-07 1.75947E-05 
4.94731E-07 1.07822E-06 3.11991E-05 -3.84014E-06 -6.56212E-07 -9.38091E-07 -3.54661E-06 9.69345E-07 1.07822E-06 4.94731E-07 1.68829E-05 
5.68204E-07 1.10769E-06 3.94560E-05 -4.34573E-06 -3.58652E-07 -6.57658E-07 -4.19778E-06 1.03229E-06 1.10769E-06 5.68204E-07 1.34297E-05 
5.80316E-07 1.06243E-06 4.62925E-05 -4.79325E-06 -1.15340E-07 -4.31876E-07 -4.76516E-06 1.01892E-06 1.06243E-06 5.80316E-07 7.35934E-06 
5.30305E-07 9.43827E-07 5.17073E-05 -5.17879E-06 7.01649E-08 -2.63857E-07 -5.24892E-06 9.30186E-07 9.43827E-07 5.30305E-07 -9.87659E-07 
4.21097E-07 7.57260E-07 5.57256E-05 -5.49719E-06 1.97840E-07 -1.53134E-07 -5.64759E-06 7.71065E-07 7.57260E-07 4.21097E-07 -1.10628E-05 
2.59520E-07 5.12259E-07 5.83976E-05 -5.74182E-06 2.71487E-07 -9.53743E-08 -5.95781E-06 5.50732E-07 5.12259E-07 2.59520E-07 -2.21363E-05 
5.62805E-08 2.22417E-07 5.97970E-05 -5.90469E-06 2.98785E-07 -8.23476E-08 -6.17438E-06 2.82479E-07 2.22417E-07 5.62805E-08 -3.33384E-05 
-1.74315E-07 -9.49693E-08 6.00190E-05 -5.97660E-06 2.91084E-07 -1.02136E-07 -6.29041E-06 -1.66313E-08 -9.49693E-08 -1.74315E-07 -4.37143E-05 
-4.14894E-07 -4.19503E-07 5.91768E-05 -5.94756E-06 2.62943E-07 -1.39611E-07 -6.29776E-06 -3.26372E-07 -4.19503E-07 -4.14894E-07 -5.22881E-05 
-6.45800E-07 -7.28556E-07 5.73981E-05 -5.80737E-06 2.31428E-07 -1.77149E-07 -6.18762E-06 -6.24211E-07 -7.28556E-07 -6.45800E-07 -5.81317E-05 
-8.46059E-07 -9.98312E-07 5.48216E-05 -5.54632E-06 2.15201E-07 -1.95555E-07 -5.95125E-06 -8.86360E-07 -9.98312E-07 -8.46059E-07 -6.04331E-05 
---
