==============================================================
 campaign : singlet_serial   (SERIAL)
 suites   : closure_NNPDF_truth_small closure_JAM_truth_small
 kernel fp: 75dff92b8e3480d4
 pixel    : 2ee2ca1 (6 uncommitted src files)
 started  : 2026-08-20 23:59:13
==============================================================
[resume] keeping existing truth + kernels; running the campaign only

### CAMPAIGN closure_NNPDF_truth_small 23:59:13
[campaign] RCOND override: 1e-16 -> 1e-12
[campaign] closure_NNPDF_truth_small: 60 cells (2 priors x 6 Q x 5 modes)
[4/60] closure_NNPDF_truth_small Q=mc mode=exp prior=const_logrbf
/Users/jkarpie-admin/work/building/pixel/src/pixel/kernels/_cache.py:1504: RuntimeWarning: LOUD WARNING: kernel cache /Users/jkarpie-admin/work/building/pixel_closure/closure_NNPDF_truth_small/data/_kernel_cache/exp/slac_p_f2__F2_u_minus_d.npz could not be reused (kernel source fingerprint mismatch); recomputing and overwriting it.
  (matrix,) = cached_arrays(
/Users/jkarpie-admin/work/building/pixel/src/pixel/kernels/evolution/matrices.py:860: RuntimeWarning: LOUD WARNING: kernel cache /Users/jkarpie-admin/work/building/pixel_closure/closure_NNPDF_truth_small/data/_kernel_cache/exp/slac_p_f2__F2_u_minus_d__evolution.npz could not be reused (kernel source fingerprint mismatch); recomputing and overwriting it.
  (matrix,) = cached_arrays(
/Users/jkarpie-admin/work/building/pixel/src/pixel/kernels/evolution/assembly.py:751: RuntimeWarning: LOUD WARNING: kernel cache /Users/jkarpie-admin/work/building/pixel_closure/closure_NNPDF_truth_small/data/_kernel_cache/exp/slac_p_f2__F2_u_minus_d__evolution__evolution_q2_1.66.npz could not be reused (kernel source fingerprint mismatch); recomputing and overwriting it.
  matrix, convergence = cached_arrays(
/Users/jkarpie-admin/work/building/pixel/src/pixel/kernels/evolution/assembly.py:751: RuntimeWarning: LOUD WARNING: kernel cache /Users/jkarpie-admin/work/building/pixel_closure/closure_NNPDF_truth_small/data/_kernel_cache/exp/slac_p_f2__F2_u_minus_d__evolution__evolution_q2_2.02.npz could not be reused (kernel source fingerprint mismatch); recomputing and overwriting it.
  matrix, convergence = cached_arrays(
/Users/jkarpie-admin/work/building/pixel/src/pixel/kernels/evolution/assembly.py:751: RuntimeWarning: LOUD WARNING: kernel cache /Users/jkarpie-admin/work/building/pixel_closure/closure_NNPDF_truth_small/data/_kernel_cache/exp/slac_p_f2__F2_u_minus_d__evolution__evolution_q2_3.25.npz could not be reused (kernel source fingerprint mismatch); recomputing and overwriting it.
  matrix, convergence = cached_arrays(
/Users/jkarpie-admin/work/building/pixel/src/pixel/kernels/evolution/assembly.py:751: RuntimeWarning: LOUD WARNING: kernel cache /Users/jkarpie-admin/work/building/pixel_closure/closure_NNPDF_truth_small/data/_kernel_cache/exp/slac_p_f2__F2_u_minus_d__evolution__evolution_q2_3.36.npz could not be reused (kernel source fingerprint mismatch); recomputing and overwriting it.
  matrix, convergence = cached_arrays(
/Users/jkarpie-admin/work/building/pixel/src/pixel/kernels/evolution/assembly.py:751: RuntimeWarning: LOUD WARNING: kernel cache /Users/jkarpie-admin/work/building/pixel_closure/closure_NNPDF_truth_small/data/_kernel_cache/exp/slac_p_f2__F2_u_minus_d__evolution__evolution_q2_3.62.npz could not be reused (kernel source fingerprint mismatch); recomputing and overwriting it.
  matrix, convergence = cached_arrays(
/Users/jkarpie-admin/work/building/pixel/src/pixel/kernels/evolution/assembly.py:751: RuntimeWarning: LOUD WARNING: kernel cache /Users/jkarpie-admin/work/building/pixel_closure/closure_NNPDF_truth_small/data/_kernel_cache/exp/slac_p_f2__F2_u_minus_d__evolution__evolution_q2_4.02.npz could not be reused (kernel source fingerprint mismatch); recomputing and overwriting it.
  matrix, convergence = cached_arrays(
/Users/jkarpie-admin/work/building/pixel/src/pixel/kernels/evolution/assembly.py:751: RuntimeWarning: LOUD WARNING: kernel cache /Users/jkarpie-admin/work/building/pixel_closure/closure_NNPDF_truth_small/data/_kernel_cache/exp/slac_p_f2__F2_u_minus_d__evolution__evolution_q2_4.18.npz could not be reused (kernel source fingerprint mismatch); recomputing and overwriting it.
  matrix, convergence = cached_arrays(
/Users/jkarpie-admin/work/building/pixel/src/pixel/kernels/evolution/assembly.py:751: RuntimeWarning: LOUD WARNING: kernel cache /Users/jkarpie-admin/work/building/pixel_closure/closure_NNPDF_truth_small/data/_kernel_cache/exp/slac_p_f2__F2_u_minus_d__evolution__evolution_q2_4.77.npz could not be reused (kernel source fingerprint mismatch); recomputing and overwriting it.
  matrix, convergence = cached_arrays(
/Users/jkarpie-admin/work/building/pixel/src/pixel/kernels/evolution/assembly.py:751: RuntimeWarning: LOUD WARNING: kernel cache /Users/jkarpie-admin/work/building/pixel_closure/closure_NNPDF_truth_small/data/_kernel_cache/exp/slac_p_f2__F2_u_minus_d__evolution__evolution_q2_5.06.npz could not be reused (kernel source fingerprint mismatch); recomputing and overwriting it.
  matrix, convergence = cached_arrays(
/Users/jkarpie-admin/work/building/pixel/src/pixel/kernels/evolution/assembly.py:751: RuntimeWarning: LOUD WARNING: kernel cache /Users/jkarpie-admin/work/building/pixel_closure/closure_NNPDF_truth_small/data/_kernel_cache/exp/slac_p_f2__F2_u_minus_d__evolution__evolution_q2_5.84.npz could not be reused (kernel source fingerprint mismatch); recomputing and overwriting it.
  matrix, convergence = cached_arrays(
/Users/jkarpie-admin/work/building/pixel/src/pixel/kernels/evolution/assembly.py:751: RuntimeWarning: LOUD WARNING: kernel cache /Users/jkarpie-admin/work/building/pixel_closure/closure_NNPDF_truth_small/data/_kernel_cache/exp/slac_p_f2__F2_u_minus_d__evolution__evolution_q2_8.56.npz could not be reused (kernel source fingerprint mismatch); recomputing and overwriting it.
  matrix, convergence = cached_arrays(
/Users/jkarpie-admin/work/building/pixel/src/pixel/kernels/evolution/assembly.py:751: RuntimeWarning: LOUD WARNING: kernel cache /Users/jkarpie-admin/work/building/pixel_closure/closure_NNPDF_truth_small/data/_kernel_cache/exp/slac_p_f2__F2_u_minus_d__evolution__evolution_q2_11.39.npz could not be reused (kernel source fingerprint mismatch); recomputing and overwriting it.
  matrix, convergence = cached_arrays(
/Users/jkarpie-admin/work/building/pixel/src/pixel/kernels/evolution/assembly.py:751: RuntimeWarning: LOUD WARNING: kernel cache /Users/jkarpie-admin/work/building/pixel_closure/closure_NNPDF_truth_small/data/_kernel_cache/exp/slac_p_f2__F2_u_minus_d__evolution__evolution_q2_11.56.npz could not be reused (kernel source fingerprint mismatch); recomputing and overwriting it.
  matrix, convergence = cached_arrays(
/Users/jkarpie-admin/work/building/pixel/src/pixel/kernels/evolution/assembly.py:751: RuntimeWarning: LOUD WARNING: kernel cache /Users/jkarpie-admin/work/building/pixel_closure/closure_NNPDF_truth_small/data/_kernel_cache/exp/slac_p_f2__F2_u_minus_d__evolution__evolution_q2_17.89.npz could not be reused (kernel source fingerprint mismatch); recomputing and overwriting it.
  matrix, convergence = cached_arrays(
/Users/jkarpie-admin/work/building/pixel/src/pixel/kernels/evolution/assembly.py:751: RuntimeWarning: LOUD WARNING: kernel cache /Users/jkarpie-admin/work/building/pixel_closure/closure_NNPDF_truth_small/data/_kernel_cache/exp/slac_p_f2__F2_u_minus_d__evolution__evolution_q2_20.23.npz could not be reused (kernel source fingerprint mismatch); recomputing and overwriting it.
  matrix, convergence = cached_arrays(
/Users/jkarpie-admin/work/building/pixel/src/pixel/kernels/evolution/assembly.py:751: RuntimeWarning: LOUD WARNING: kernel cache /Users/jkarpie-admin/work/building/pixel_closure/closure_NNPDF_truth_small/data/_kernel_cache/exp/slac_p_f2__F2_u_minus_d__evolution__evolution_q2_24.85.npz could not be reused (kernel source fingerprint mismatch); recomputing and overwriting it.
  matrix, convergence = cached_arrays(
/Users/jkarpie-admin/work/building/pixel/src/pixel/kernels/_cache.py:1504: RuntimeWarning: LOUD WARNING: kernel cache /Users/jkarpie-admin/work/building/pixel_closure/closure_NNPDF_truth_small/data/_kernel_cache/exp/slac_p_f2__F2_u_plus_d_minus_2s.npz could not be reused (kernel source fingerprint mismatch); recomputing and overwriting it.
  (matrix,) = cached_arrays(
/Users/jkarpie-admin/work/building/pixel/src/pixel/kernels/evolution/matrices.py:860: RuntimeWarning: LOUD WARNING: kernel cache /Users/jkarpie-admin/work/building/pixel_closure/closure_NNPDF_truth_small/data/_kernel_cache/exp/slac_p_f2__F2_u_plus_d_minus_2s__evolution.npz could not be reused (kernel source fingerprint mismatch); recomputing and overwriting it.
  (matrix,) = cached_arrays(
/Users/jkarpie-admin/work/building/pixel/src/pixel/kernels/evolution/assembly.py:751: RuntimeWarning: LOUD WARNING: kernel cache /Users/jkarpie-admin/work/building/pixel_closure/closure_NNPDF_truth_small/data/_kernel_cache/exp/slac_p_f2__F2_u_plus_d_minus_2s__evolution__evolution_q2_1.66.npz could not be reused (kernel source fingerprint mismatch); recomputing and overwriting it.
  matrix, convergence = cached_arrays(
/Users/jkarpie-admin/work/building/pixel/src/pixel/kernels/evolution/assembly.py:751: RuntimeWarning: LOUD WARNING: kernel cache /Users/jkarpie-admin/work/building/pixel_closure/closure_NNPDF_truth_small/data/_kernel_cache/exp/slac_p_f2__F2_u_plus_d_minus_2s__evolution__evolution_q2_2.02.npz could not be reused (kernel source fingerprint mismatch); recomputing and overwriting it.
  matrix, convergence = cached_arrays(
/Users/jkarpie-admin/work/building/pixel/src/pixel/kernels/evolution/assembly.py:751: RuntimeWarning: LOUD WARNING: kernel cache /Users/jkarpie-admin/work/building/pixel_closure/closure_NNPDF_truth_small/data/_kernel_cache/exp/slac_p_f2__F2_u_plus_d_minus_2s__evolution__evolution_q2_3.25.npz could not be reused (kernel source fingerprint mismatch); recomputing and overwriting it.
  matrix, convergence = cached_arrays(
/Users/jkarpie-admin/work/building/pixel/src/pixel/kernels/evolution/assembly.py:751: RuntimeWarning: LOUD WARNING: kernel cache /Users/jkarpie-admin/work/building/pixel_closure/closure_NNPDF_truth_small/data/_kernel_cache/exp/slac_p_f2__F2_u_plus_d_minus_2s__evolution__evolution_q2_3.36.npz could not be reused (kernel source fingerprint mismatch); recomputing and overwriting it.
  matrix, convergence = cached_arrays(
/Users/jkarpie-admin/work/building/pixel/src/pixel/kernels/evolution/assembly.py:751: RuntimeWarning: LOUD WARNING: kernel cache /Users/jkarpie-admin/work/building/pixel_closure/closure_NNPDF_truth_small/data/_kernel_cache/exp/slac_p_f2__F2_u_plus_d_minus_2s__evolution__evolution_q2_3.62.npz could not be reused (kernel source fingerprint mismatch); recomputing and overwriting it.
  matrix, convergence = cached_arrays(
/Users/jkarpie-admin/work/building/pixel/src/pixel/kernels/evolution/assembly.py:751: RuntimeWarning: LOUD WARNING: kernel cache /Users/jkarpie-admin/work/building/pixel_closure/closure_NNPDF_truth_small/data/_kernel_cache/exp/slac_p_f2__F2_u_plus_d_minus_2s__evolution__evolution_q2_4.02.npz could not be reused (kernel source fingerprint mismatch); recomputing and overwriting it.
  matrix, convergence = cached_arrays(
/Users/jkarpie-admin/work/building/pixel/src/pixel/kernels/evolution/assembly.py:751: RuntimeWarning: LOUD WARNING: kernel cache /Users/jkarpie-admin/work/building/pixel_closure/closure_NNPDF_truth_small/data/_kernel_cache/exp/slac_p_f2__F2_u_plus_d_minus_2s__evolution__evolution_q2_4.18.npz could not be reused (kernel source fingerprint mismatch); recomputing and overwriting it.
  matrix, convergence = cached_arrays(
/Users/jkarpie-admin/work/building/pixel/src/pixel/kernels/evolution/assembly.py:751: RuntimeWarning: LOUD WARNING: kernel cache /Users/jkarpie-admin/work/building/pixel_closure/closure_NNPDF_truth_small/data/_kernel_cache/exp/slac_p_f2__F2_u_plus_d_minus_2s__evolution__evolution_q2_4.77.npz could not be reused (kernel source fingerprint mismatch); recomputing and overwriting it.
  matrix, convergence = cached_arrays(
/Users/jkarpie-admin/work/building/pixel/src/pixel/kernels/evolution/assembly.py:751: RuntimeWarning: LOUD WARNING: kernel cache /Users/jkarpie-admin/work/building/pixel_closure/closure_NNPDF_truth_small/data/_kernel_cache/exp/slac_p_f2__F2_u_plus_d_minus_2s__evolution__evolution_q2_5.06.npz could not be reused (kernel source fingerprint mismatch); recomputing and overwriting it.
  matrix, convergence = cached_arrays(
/Users/jkarpie-admin/work/building/pixel/src/pixel/kernels/evolution/assembly.py:751: RuntimeWarning: LOUD WARNING: kernel cache /Users/jkarpie-admin/work/building/pixel_closure/closure_NNPDF_truth_small/data/_kernel_cache/exp/slac_p_f2__F2_u_plus_d_minus_2s__evolution__evolution_q2_5.84.npz could not be reused (kernel source fingerprint mismatch); recomputing and overwriting it.
  matrix, convergence = cached_arrays(
/Users/jkarpie-admin/work/building/pixel/src/pixel/kernels/evolution/assembly.py:751: RuntimeWarning: LOUD WARNING: kernel cache /Users/jkarpie-admin/work/building/pixel_closure/closure_NNPDF_truth_small/data/_kernel_cache/exp/slac_p_f2__F2_u_plus_d_minus_2s__evolution__evolution_q2_8.56.npz could not be reused (kernel source fingerprint mismatch); recomputing and overwriting it.
  matrix, convergence = cached_arrays(
/Users/jkarpie-admin/work/building/pixel/src/pixel/kernels/evolution/assembly.py:751: RuntimeWarning: LOUD WARNING: kernel cache /Users/jkarpie-admin/work/building/pixel_closure/closure_NNPDF_truth_small/data/_kernel_cache/exp/slac_p_f2__F2_u_plus_d_minus_2s__evolution__evolution_q2_11.39.npz could not be reused (kernel source fingerprint mismatch); recomputing and overwriting it.
  matrix, convergence = cached_arrays(
/Users/jkarpie-admin/work/building/pixel/src/pixel/kernels/evolution/assembly.py:751: RuntimeWarning: LOUD WARNING: kernel cache /Users/jkarpie-admin/work/building/pixel_closure/closure_NNPDF_truth_small/data/_kernel_cache/exp/slac_p_f2__F2_u_plus_d_minus_2s__evolution__evolution_q2_11.56.npz could not be reused (kernel source fingerprint mismatch); recomputing and overwriting it.
  matrix, convergence = cached_arrays(
/Users/jkarpie-admin/work/building/pixel/src/pixel/kernels/evolution/assembly.py:751: RuntimeWarning: LOUD WARNING: kernel cache /Users/jkarpie-admin/work/building/pixel_closure/closure_NNPDF_truth_small/data/_kernel_cache/exp/slac_p_f2__F2_u_plus_d_minus_2s__evolution__evolution_q2_17.89.npz could not be reused (kernel source fingerprint mismatch); recomputing and overwriting it.
  matrix, convergence = cached_arrays(
/Users/jkarpie-admin/work/building/pixel/src/pixel/kernels/evolution/assembly.py:751: RuntimeWarning: LOUD WARNING: kernel cache /Users/jkarpie-admin/work/building/pixel_closure/closure_NNPDF_truth_small/data/_kernel_cache/exp/slac_p_f2__F2_u_plus_d_minus_2s__evolution__evolution_q2_20.23.npz could not be reused (kernel source fingerprint mismatch); recomputing and overwriting it.
  matrix, convergence = cached_arrays(
/Users/jkarpie-admin/work/building/pixel/src/pixel/kernels/evolution/assembly.py:751: RuntimeWarning: LOUD WARNING: kernel cache /Users/jkarpie-admin/work/building/pixel_closure/closure_NNPDF_truth_small/data/_kernel_cache/exp/slac_p_f2__F2_u_plus_d_minus_2s__evolution__evolution_q2_24.85.npz could not be reused (kernel source fingerprint mismatch); recomputing and overwriting it.
  matrix, convergence = cached_arrays(
/Users/jkarpie-admin/work/building/pixel/src/pixel/kernels/_cache.py:1504: RuntimeWarning: LOUD WARNING: kernel cache /Users/jkarpie-admin/work/building/pixel_closure/closure_NNPDF_truth_small/data/_kernel_cache/exp/slac_p_f2__F2_u_plus_d_plus_s_minus_3c.npz could not be reused (kernel source fingerprint mismatch); recomputing and overwriting it.
  (matrix,) = cached_arrays(
/Users/jkarpie-admin/work/building/pixel/src/pixel/kernels/evolution/matrices.py:860: RuntimeWarning: LOUD WARNING: kernel cache /Users/jkarpie-admin/work/building/pixel_closure/closure_NNPDF_truth_small/data/_kernel_cache/exp/slac_p_f2__F2_u_plus_d_plus_s_minus_3c__evolution.npz could not be reused (kernel source fingerprint mismatch); recomputing and overwriting it.
  (matrix,) = cached_arrays(
/Users/jkarpie-admin/work/building/pixel/src/pixel/kernels/evolution/assembly.py:751: RuntimeWarning: LOUD WARNING: kernel cache /Users/jkarpie-admin/work/building/pixel_closure/closure_NNPDF_truth_small/data/_kernel_cache/exp/slac_p_f2__F2_u_plus_d_plus_s_minus_3c__evolution__evolution_q2_1.66.npz could not be reused (kernel source fingerprint mismatch); recomputing and overwriting it.
  matrix, convergence = cached_arrays(
/Users/jkarpie-admin/work/building/pixel/src/pixel/kernels/evolution/assembly.py:751: RuntimeWarning: LOUD WARNING: kernel cache /Users/jkarpie-admin/work/building/pixel_closure/closure_NNPDF_truth_small/data/_kernel_cache/exp/slac_p_f2__F2_u_plus_d_plus_s_minus_3c__evolution__evolution_q2_2.02.npz could not be reused (kernel source fingerprint mismatch); recomputing and overwriting it.
  matrix, convergence = cached_arrays(
/Users/jkarpie-admin/work/building/pixel/src/pixel/kernels/evolution/assembly.py:751: RuntimeWarning: LOUD WARNING: kernel cache /Users/jkarpie-admin/work/building/pixel_closure/closure_NNPDF_truth_small/data/_kernel_cache/exp/slac_p_f2__F2_u_plus_d_plus_s_minus_3c__evolution__evolution_q2_3.25.npz could not be reused (kernel source fingerprint mismatch); recomputing and overwriting it.
  matrix, convergence = cached_arrays(
/Users/jkarpie-admin/work/building/pixel/src/pixel/kernels/evolution/assembly.py:751: RuntimeWarning: LOUD WARNING: kernel cache /Users/jkarpie-admin/work/building/pixel_closure/closure_NNPDF_truth_small/data/_kernel_cache/exp/slac_p_f2__F2_u_plus_d_plus_s_minus_3c__evolution__evolution_q2_3.36.npz could not be reused (kernel source fingerprint mismatch); recomputing and overwriting it.
  matrix, convergence = cached_arrays(
/Users/jkarpie-admin/work/building/pixel/src/pixel/kernels/evolution/assembly.py:751: RuntimeWarning: LOUD WARNING: kernel cache /Users/jkarpie-admin/work/building/pixel_closure/closure_NNPDF_truth_small/data/_kernel_cache/exp/slac_p_f2__F2_u_plus_d_plus_s_minus_3c__evolution__evolution_q2_3.62.npz could not be reused (kernel source fingerprint mismatch); recomputing and overwriting it.
  matrix, convergence = cached_arrays(
/Users/jkarpie-admin/work/building/pixel/src/pixel/kernels/evolution/assembly.py:751: RuntimeWarning: LOUD WARNING: kernel cache /Users/jkarpie-admin/work/building/pixel_closure/closure_NNPDF_truth_small/data/_kernel_cache/exp/slac_p_f2__F2_u_plus_d_plus_s_minus_3c__evolution__evolution_q2_4.02.npz could not be reused (kernel source fingerprint mismatch); recomputing and overwriting it.
  matrix, convergence = cached_arrays(
/Users/jkarpie-admin/work/building/pixel/src/pixel/kernels/evolution/assembly.py:751: RuntimeWarning: LOUD WARNING: kernel cache /Users/jkarpie-admin/work/building/pixel_closure/closure_NNPDF_truth_small/data/_kernel_cache/exp/slac_p_f2__F2_u_plus_d_plus_s_minus_3c__evolution__evolution_q2_4.18.npz could not be reused (kernel source fingerprint mismatch); recomputing and overwriting it.
  matrix, convergence = cached_arrays(
/Users/jkarpie-admin/work/building/pixel/src/pixel/kernels/evolution/assembly.py:751: RuntimeWarning: LOUD WARNING: kernel cache /Users/jkarpie-admin/work/building/pixel_closure/closure_NNPDF_truth_small/data/_kernel_cache/exp/slac_p_f2__F2_u_plus_d_plus_s_minus_3c__evolution__evolution_q2_4.77.npz could not be reused (kernel source fingerprint mismatch); recomputing and overwriting it.
  matrix, convergence = cached_arrays(
/Users/jkarpie-admin/work/building/pixel/src/pixel/kernels/evolution/assembly.py:751: RuntimeWarning: LOUD WARNING: kernel cache /Users/jkarpie-admin/work/building/pixel_closure/closure_NNPDF_truth_small/data/_kernel_cache/exp/slac_p_f2__F2_u_plus_d_plus_s_minus_3c__evolution__evolution_q2_5.06.npz could not be reused (kernel source fingerprint mismatch); recomputing and overwriting it.
  matrix, convergence = cached_arrays(
/Users/jkarpie-admin/work/building/pixel/src/pixel/kernels/evolution/assembly.py:751: RuntimeWarning: LOUD WARNING: kernel cache /Users/jkarpie-admin/work/building/pixel_closure/closure_NNPDF_truth_small/data/_kernel_cache/exp/slac_p_f2__F2_u_plus_d_plus_s_minus_3c__evolution__evolution_q2_5.84.npz could not be reused (kernel source fingerprint mismatch); recomputing and overwriting it.
  matrix, convergence = cached_arrays(
/Users/jkarpie-admin/work/building/pixel/src/pixel/kernels/evolution/assembly.py:751: RuntimeWarning: LOUD WARNING: kernel cache /Users/jkarpie-admin/work/building/pixel_closure/closure_NNPDF_truth_small/data/_kernel_cache/exp/slac_p_f2__F2_u_plus_d_plus_s_minus_3c__evolution__evolution_q2_8.56.npz could not be reused (kernel source fingerprint mismatch); recomputing and overwriting it.
  matrix, convergence = cached_arrays(
/Users/jkarpie-admin/work/building/pixel/src/pixel/kernels/evolution/assembly.py:751: RuntimeWarning: LOUD WARNING: kernel cache /Users/jkarpie-admin/work/building/pixel_closure/closure_NNPDF_truth_small/data/_kernel_cache/exp/slac_p_f2__F2_u_plus_d_plus_s_minus_3c__evolution__evolution_q2_11.39.npz could not be reused (kernel source fingerprint mismatch); recomputing and overwriting it.
  matrix, convergence = cached_arrays(
/Users/jkarpie-admin/work/building/pixel/src/pixel/kernels/evolution/assembly.py:751: RuntimeWarning: LOUD WARNING: kernel cache /Users/jkarpie-admin/work/building/pixel_closure/closure_NNPDF_truth_small/data/_kernel_cache/exp/slac_p_f2__F2_u_plus_d_plus_s_minus_3c__evolution__evolution_q2_11.56.npz could not be reused (kernel source fingerprint mismatch); recomputing and overwriting it.
  matrix, convergence = cached_arrays(
/Users/jkarpie-admin/work/building/pixel/src/pixel/kernels/evolution/assembly.py:751: RuntimeWarning: LOUD WARNING: kernel cache /Users/jkarpie-admin/work/building/pixel_closure/closure_NNPDF_truth_small/data/_kernel_cache/exp/slac_p_f2__F2_u_plus_d_plus_s_minus_3c__evolution__evolution_q2_17.89.npz could not be reused (kernel source fingerprint mismatch); recomputing and overwriting it.
  matrix, convergence = cached_arrays(
/Users/jkarpie-admin/work/building/pixel/src/pixel/kernels/evolution/assembly.py:751: RuntimeWarning: LOUD WARNING: kernel cache /Users/jkarpie-admin/work/building/pixel_closure/closure_NNPDF_truth_small/data/_kernel_cache/exp/slac_p_f2__F2_u_plus_d_plus_s_minus_3c__evolution__evolution_q2_20.23.npz could not be reused (kernel source fingerprint mismatch); recomputing and overwriting it.
  matrix, convergence = cached_arrays(
/Users/jkarpie-admin/work/building/pixel/src/pixel/kernels/evolution/assembly.py:751: RuntimeWarning: LOUD WARNING: kernel cache /Users/jkarpie-admin/work/building/pixel_closure/closure_NNPDF_truth_small/data/_kernel_cache/exp/slac_p_f2__F2_u_plus_d_plus_s_minus_3c__evolution__evolution_q2_24.85.npz could not be reused (kernel source fingerprint mismatch); recomputing and overwriting it.
  matrix, convergence = cached_arrays(
/Users/jkarpie-admin/work/building/pixel/src/pixel/kernels/_cache.py:1504: RuntimeWarning: LOUD WARNING: kernel cache /Users/jkarpie-admin/work/building/pixel_closure/closure_NNPDF_truth_small/data/_kernel_cache/exp/slac_p_f2__F2_singlet.npz could not be reused (kernel source fingerprint mismatch); recomputing and overwriting it.
  (matrix,) = cached_arrays(
/Users/jkarpie-admin/work/building/pixel/src/pixel/kernels/evolution/matrices.py:1200: RuntimeWarning: LOUD WARNING: kernel cache /Users/jkarpie-admin/work/building/pixel_closure/closure_NNPDF_truth_small/data/_kernel_cache/exp/slac_p_f2__F2_singlet__evolution.npz could not be reused (kernel source fingerprint mismatch); recomputing and overwriting it.
  (matrix,) = cached_arrays(
/Users/jkarpie-admin/work/building/pixel/src/pixel/kernels/evolution/assembly.py:994: RuntimeWarning: LOUD WARNING: kernel cache /Users/jkarpie-admin/work/building/pixel_closure/closure_NNPDF_truth_small/data/_kernel_cache/exp/slac_p_f2__F2_singlet__evolution__evolution_q2_1.66.npz could not be reused (kernel source fingerprint mismatch); recomputing and overwriting it.
  matrix, convergence = cached_arrays(
/Users/jkarpie-admin/work/building/pixel/src/pixel/kernels/evolution/assembly.py:994: RuntimeWarning: LOUD WARNING: kernel cache /Users/jkarpie-admin/work/building/pixel_closure/closure_NNPDF_truth_small/data/_kernel_cache/exp/slac_p_f2__F2_singlet__evolution__evolution_q2_2.02.npz could not be reused (kernel source fingerprint mismatch); recomputing and overwriting it.
  matrix, convergence = cached_arrays(
/Users/jkarpie-admin/work/building/pixel/src/pixel/kernels/evolution/assembly.py:994: RuntimeWarning: LOUD WARNING: kernel cache /Users/jkarpie-admin/work/building/pixel_closure/closure_NNPDF_truth_small/data/_kernel_cache/exp/slac_p_f2__F2_singlet__evolution__evolution_q2_3.25.npz could not be reused (kernel source fingerprint mismatch); recomputing and overwriting it.
  matrix, convergence = cached_arrays(
/Users/jkarpie-admin/work/building/pixel/src/pixel/kernels/evolution/assembly.py:994: RuntimeWarning: LOUD WARNING: kernel cache /Users/jkarpie-admin/work/building/pixel_closure/closure_NNPDF_truth_small/data/_kernel_cache/exp/slac_p_f2__F2_singlet__evolution__evolution_q2_3.36.npz could not be reused (kernel source fingerprint mismatch); recomputing and overwriting it.
  matrix, convergence = cached_arrays(
/Users/jkarpie-admin/work/building/pixel/src/pixel/kernels/evolution/assembly.py:994: RuntimeWarning: LOUD WARNING: kernel cache /Users/jkarpie-admin/work/building/pixel_closure/closure_NNPDF_truth_small/data/_kernel_cache/exp/slac_p_f2__F2_singlet__evolution__evolution_q2_3.62.npz could not be reused (kernel source fingerprint mismatch); recomputing and overwriting it.
  matrix, convergence = cached_arrays(
/Users/jkarpie-admin/work/building/pixel/src/pixel/kernels/evolution/assembly.py:994: RuntimeWarning: LOUD WARNING: kernel cache /Users/jkarpie-admin/work/building/pixel_closure/closure_NNPDF_truth_small/data/_kernel_cache/exp/slac_p_f2__F2_singlet__evolution__evolution_q2_4.02.npz could not be reused (kernel source fingerprint mismatch); recomputing and overwriting it.
  matrix, convergence = cached_arrays(
/Users/jkarpie-admin/work/building/pixel/src/pixel/kernels/evolution/assembly.py:994: RuntimeWarning: LOUD WARNING: kernel cache /Users/jkarpie-admin/work/building/pixel_closure/closure_NNPDF_truth_small/data/_kernel_cache/exp/slac_p_f2__F2_singlet__evolution__evolution_q2_4.18.npz could not be reused (kernel source fingerprint mismatch); recomputing and overwriting it.
  matrix, convergence = cached_arrays(
/Users/jkarpie-admin/work/building/pixel/src/pixel/kernels/evolution/assembly.py:994: RuntimeWarning: LOUD WARNING: kernel cache /Users/jkarpie-admin/work/building/pixel_closure/closure_NNPDF_truth_small/data/_kernel_cache/exp/slac_p_f2__F2_singlet__evolution__evolution_q2_4.77.npz could not be reused (kernel source fingerprint mismatch); recomputing and overwriting it.
  matrix, convergence = cached_arrays(
/Users/jkarpie-admin/work/building/pixel/src/pixel/kernels/evolution/assembly.py:994: RuntimeWarning: LOUD WARNING: kernel cache /Users/jkarpie-admin/work/building/pixel_closure/closure_NNPDF_truth_small/data/_kernel_cache/exp/slac_p_f2__F2_singlet__evolution__evolution_q2_5.06.npz could not be reused (kernel source fingerprint mismatch); recomputing and overwriting it.
  matrix, convergence = cached_arrays(
/Users/jkarpie-admin/work/building/pixel/src/pixel/kernels/evolution/assembly.py:994: RuntimeWarning: LOUD WARNING: kernel cache /Users/jkarpie-admin/work/building/pixel_closure/closure_NNPDF_truth_small/data/_kernel_cache/exp/slac_p_f2__F2_singlet__evolution__evolution_q2_5.84.npz could not be reused (kernel source fingerprint mismatch); recomputing and overwriting it.
  matrix, convergence = cached_arrays(
/Users/jkarpie-admin/work/building/pixel/src/pixel/kernels/evolution/assembly.py:994: RuntimeWarning: LOUD WARNING: kernel cache /Users/jkarpie-admin/work/building/pixel_closure/closure_NNPDF_truth_small/data/_kernel_cache/exp/slac_p_f2__F2_singlet__evolution__evolution_q2_8.56.npz could not be reused (kernel source fingerprint mismatch); recomputing and overwriting it.
  matrix, convergence = cached_arrays(
/Users/jkarpie-admin/work/building/pixel/src/pixel/kernels/evolution/assembly.py:994: RuntimeWarning: LOUD WARNING: kernel cache /Users/jkarpie-admin/work/building/pixel_closure/closure_NNPDF_truth_small/data/_kernel_cache/exp/slac_p_f2__F2_singlet__evolution__evolution_q2_11.39.npz could not be reused (kernel source fingerprint mismatch); recomputing and overwriting it.
  matrix, convergence = cached_arrays(
/Users/jkarpie-admin/work/building/pixel/src/pixel/kernels/evolution/assembly.py:994: RuntimeWarning: LOUD WARNING: kernel cache /Users/jkarpie-admin/work/building/pixel_closure/closure_NNPDF_truth_small/data/_kernel_cache/exp/slac_p_f2__F2_singlet__evolution__evolution_q2_11.56.npz could not be reused (kernel source fingerprint mismatch); recomputing and overwriting it.
  matrix, convergence = cached_arrays(
/Users/jkarpie-admin/work/building/pixel/src/pixel/kernels/evolution/assembly.py:994: RuntimeWarning: LOUD WARNING: kernel cache /Users/jkarpie-admin/work/building/pixel_closure/closure_NNPDF_truth_small/data/_kernel_cache/exp/slac_p_f2__F2_singlet__evolution__evolution_q2_17.89.npz could not be reused (kernel source fingerprint mismatch); recomputing and overwriting it.
  matrix, convergence = cached_arrays(
/Users/jkarpie-admin/work/building/pixel/src/pixel/kernels/evolution/assembly.py:994: RuntimeWarning: LOUD WARNING: kernel cache /Users/jkarpie-admin/work/building/pixel_closure/closure_NNPDF_truth_small/data/_kernel_cache/exp/slac_p_f2__F2_singlet__evolution__evolution_q2_20.23.npz could not be reused (kernel source fingerprint mismatch); recomputing and overwriting it.
  matrix, convergence = cached_arrays(
/Users/jkarpie-admin/work/building/pixel/src/pixel/kernels/evolution/assembly.py:994: RuntimeWarning: LOUD WARNING: kernel cache /Users/jkarpie-admin/work/building/pixel_closure/closure_NNPDF_truth_small/data/_kernel_cache/exp/slac_p_f2__F2_singlet__evolution__evolution_q2_24.85.npz could not be reused (kernel source fingerprint mismatch); recomputing and overwriting it.
  matrix, convergence = cached_arrays(
/Users/jkarpie-admin/work/building/pixel/src/pixel/kernels/_cache.py:1504: RuntimeWarning: LOUD WARNING: kernel cache /Users/jkarpie-admin/work/building/pixel_closure/closure_NNPDF_truth_small/data/_kernel_cache/exp/slac_p_f2__F2_gluon.npz could not be reused (kernel source fingerprint mismatch); recomputing and overwriting it.
  (matrix,) = cached_arrays(
/Users/jkarpie-admin/work/building/pixel/src/pixel/kernels/evolution/matrices.py:1200: RuntimeWarning: LOUD WARNING: kernel cache /Users/jkarpie-admin/work/building/pixel_closure/closure_NNPDF_truth_small/data/_kernel_cache/exp/slac_p_f2__F2_gluon__evolution.npz could not be reused (kernel source fingerprint mismatch); recomputing and overwriting it.
  (matrix,) = cached_arrays(
/Users/jkarpie-admin/work/building/pixel/src/pixel/kernels/evolution/assembly.py:994: RuntimeWarning: LOUD WARNING: kernel cache /Users/jkarpie-admin/work/building/pixel_closure/closure_NNPDF_truth_small/data/_kernel_cache/exp/slac_p_f2__F2_gluon__evolution__evolution_q2_1.66.npz could not be reused (kernel source fingerprint mismatch); recomputing and overwriting it.
  matrix, convergence = cached_arrays(
/Users/jkarpie-admin/work/building/pixel/src/pixel/kernels/evolution/assembly.py:994: RuntimeWarning: LOUD WARNING: kernel cache /Users/jkarpie-admin/work/building/pixel_closure/closure_NNPDF_truth_small/data/_kernel_cache/exp/slac_p_f2__F2_gluon__evolution__evolution_q2_2.02.npz could not be reused (kernel source fingerprint mismatch); recomputing and overwriting it.
  matrix, convergence = cached_arrays(
/Users/jkarpie-admin/work/building/pixel/src/pixel/kernels/evolution/assembly.py:994: RuntimeWarning: LOUD WARNING: kernel cache /Users/jkarpie-admin/work/building/pixel_closure/closure_NNPDF_truth_small/data/_kernel_cache/exp/slac_p_f2__F2_gluon__evolution__evolution_q2_3.25.npz could not be reused (kernel source fingerprint mismatch); recomputing and overwriting it.
  matrix, convergence = cached_arrays(
/Users/jkarpie-admin/work/building/pixel/src/pixel/kernels/evolution/assembly.py:994: RuntimeWarning: LOUD WARNING: kernel cache /Users/jkarpie-admin/work/building/pixel_closure/closure_NNPDF_truth_small/data/_kernel_cache/exp/slac_p_f2__F2_gluon__evolution__evolution_q2_3.36.npz could not be reused (kernel source fingerprint mismatch); recomputing and overwriting it.
  matrix, convergence = cached_arrays(
/Users/jkarpie-admin/work/building/pixel/src/pixel/kernels/evolution/assembly.py:994: RuntimeWarning: LOUD WARNING: kernel cache /Users/jkarpie-admin/work/building/pixel_closure/closure_NNPDF_truth_small/data/_kernel_cache/exp/slac_p_f2__F2_gluon__evolution__evolution_q2_3.62.npz could not be reused (kernel source fingerprint mismatch); recomputing and overwriting it.
  matrix, convergence = cached_arrays(
/Users/jkarpie-admin/work/building/pixel/src/pixel/kernels/evolution/assembly.py:994: RuntimeWarning: LOUD WARNING: kernel cache /Users/jkarpie-admin/work/building/pixel_closure/closure_NNPDF_truth_small/data/_kernel_cache/exp/slac_p_f2__F2_gluon__evolution__evolution_q2_4.02.npz could not be reused (kernel source fingerprint mismatch); recomputing and overwriting it.
  matrix, convergence = cached_arrays(
/Users/jkarpie-admin/work/building/pixel/src/pixel/kernels/evolution/assembly.py:994: RuntimeWarning: LOUD WARNING: kernel cache /Users/jkarpie-admin/work/building/pixel_closure/closure_NNPDF_truth_small/data/_kernel_cache/exp/slac_p_f2__F2_gluon__evolution__evolution_q2_4.18.npz could not be reused (kernel source fingerprint mismatch); recomputing and overwriting it.
  matrix, convergence = cached_arrays(
/Users/jkarpie-admin/work/building/pixel/src/pixel/kernels/evolution/assembly.py:994: RuntimeWarning: LOUD WARNING: kernel cache /Users/jkarpie-admin/work/building/pixel_closure/closure_NNPDF_truth_small/data/_kernel_cache/exp/slac_p_f2__F2_gluon__evolution__evolution_q2_4.77.npz could not be reused (kernel source fingerprint mismatch); recomputing and overwriting it.
  matrix, convergence = cached_arrays(
/Users/jkarpie-admin/work/building/pixel/src/pixel/kernels/evolution/assembly.py:994: RuntimeWarning: LOUD WARNING: kernel cache /Users/jkarpie-admin/work/building/pixel_closure/closure_NNPDF_truth_small/data/_kernel_cache/exp/slac_p_f2__F2_gluon__evolution__evolution_q2_5.06.npz could not be reused (kernel source fingerprint mismatch); recomputing and overwriting it.
  matrix, convergence = cached_arrays(
/Users/jkarpie-admin/work/building/pixel/src/pixel/kernels/evolution/assembly.py:994: RuntimeWarning: LOUD WARNING: kernel cache /Users/jkarpie-admin/work/building/pixel_closure/closure_NNPDF_truth_small/data/_kernel_cache/exp/slac_p_f2__F2_gluon__evolution__evolution_q2_5.84.npz could not be reused (kernel source fingerprint mismatch); recomputing and overwriting it.
  matrix, convergence = cached_arrays(
/Users/jkarpie-admin/work/building/pixel/src/pixel/kernels/evolution/assembly.py:994: RuntimeWarning: LOUD WARNING: kernel cache /Users/jkarpie-admin/work/building/pixel_closure/closure_NNPDF_truth_small/data/_kernel_cache/exp/slac_p_f2__F2_gluon__evolution__evolution_q2_8.56.npz could not be reused (kernel source fingerprint mismatch); recomputing and overwriting it.
  matrix, convergence = cached_arrays(
/Users/jkarpie-admin/work/building/pixel/src/pixel/kernels/evolution/assembly.py:994: RuntimeWarning: LOUD WARNING: kernel cache /Users/jkarpie-admin/work/building/pixel_closure/closure_NNPDF_truth_small/data/_kernel_cache/exp/slac_p_f2__F2_gluon__evolution__evolution_q2_11.39.npz could not be reused (kernel source fingerprint mismatch); recomputing and overwriting it.
  matrix, convergence = cached_arrays(
/Users/jkarpie-admin/work/building/pixel/src/pixel/kernels/evolution/assembly.py:994: RuntimeWarning: LOUD WARNING: kernel cache /Users/jkarpie-admin/work/building/pixel_closure/closure_NNPDF_truth_small/data/_kernel_cache/exp/slac_p_f2__F2_gluon__evolution__evolution_q2_11.56.npz could not be reused (kernel source fingerprint mismatch); recomputing and overwriting it.
  matrix, convergence = cached_arrays(
/Users/jkarpie-admin/work/building/pixel/src/pixel/kernels/evolution/assembly.py:994: RuntimeWarning: LOUD WARNING: kernel cache /Users/jkarpie-admin/work/building/pixel_closure/closure_NNPDF_truth_small/data/_kernel_cache/exp/slac_p_f2__F2_gluon__evolution__evolution_q2_17.89.npz could not be reused (kernel source fingerprint mismatch); recomputing and overwriting it.
  matrix, convergence = cached_arrays(
/Users/jkarpie-admin/work/building/pixel/src/pixel/kernels/evolution/assembly.py:994: RuntimeWarning: LOUD WARNING: kernel cache /Users/jkarpie-admin/work/building/pixel_closure/closure_NNPDF_truth_small/data/_kernel_cache/exp/slac_p_f2__F2_gluon__evolution__evolution_q2_20.23.npz could not be reused (kernel source fingerprint mismatch); recomputing and overwriting it.
  matrix, convergence = cached_arrays(
/Users/jkarpie-admin/work/building/pixel/src/pixel/kernels/evolution/assembly.py:994: RuntimeWarning: LOUD WARNING: kernel cache /Users/jkarpie-admin/work/building/pixel_closure/closure_NNPDF_truth_small/data/_kernel_cache/exp/slac_p_f2__F2_gluon__evolution__evolution_q2_24.85.npz could not be reused (kernel source fingerprint mismatch); recomputing and overwriting it.
  matrix, convergence = cached_arrays(
/Users/jkarpie-admin/work/building/pixel/src/pixel/kernels/_cache.py:1504: RuntimeWarning: LOUD WARNING: kernel cache /Users/jkarpie-admin/work/building/pixel_closure/closure_NNPDF_truth_small/data/_kernel_cache/exp/bcdms_p_f2__F2_u_minus_d.npz could not be reused (kernel source fingerprint mismatch); recomputing and overwriting it.
  (matrix,) = cached_arrays(
/Users/jkarpie-admin/work/building/pixel/src/pixel/kernels/evolution/matrices.py:860: RuntimeWarning: LOUD WARNING: kernel cache /Users/jkarpie-admin/work/building/pixel_closure/closure_NNPDF_truth_small/data/_kernel_cache/exp/bcdms_p_f2__F2_u_minus_d__evolution.npz could not be reused (kernel source fingerprint mismatch); recomputing and overwriting it.
  (matrix,) = cached_arrays(
/Users/jkarpie-admin/work/building/pixel/src/pixel/kernels/evolution/assembly.py:751: RuntimeWarning: LOUD WARNING: kernel cache /Users/jkarpie-admin/work/building/pixel_closure/closure_NNPDF_truth_small/data/_kernel_cache/exp/bcdms_p_f2__F2_u_minus_d__evolution__evolution_q2_7.5.npz could not be reused (kernel source fingerprint mismatch); recomputing and overwriting it.
  matrix, convergence = cached_arrays(
/Users/jkarpie-admin/work/building/pixel/src/pixel/kernels/evolution/assembly.py:751: RuntimeWarning: LOUD WARNING: kernel cache /Users/jkarpie-admin/work/building/pixel_closure/closure_NNPDF_truth_small/data/_kernel_cache/exp/bcdms_p_f2__F2_u_minus_d__evolution__evolution_q2_10.25.npz could not be reused (kernel source fingerprint mismatch); recomputing and overwriting it.
  matrix, convergence = cached_arrays(
/Users/jkarpie-admin/work/building/pixel/src/pixel/kernels/evolution/assembly.py:751: RuntimeWarning: LOUD WARNING: kernel cache /Users/jkarpie-admin/work/building/pixel_closure/closure_NNPDF_truth_small/data/_kernel_cache/exp/bcdms_p_f2__F2_u_minus_d__evolution__evolution_q2_11.75.npz could not be reused (kernel source fingerprint mismatch); recomputing and overwriting it.
  matrix, convergence = cached_arrays(
/Users/jkarpie-admin/work/building/pixel/src/pixel/kernels/evolution/assembly.py:751: RuntimeWarning: LOUD WARNING: kernel cache /Users/jkarpie-admin/work/building/pixel_closure/closure_NNPDF_truth_small/data/_kernel_cache/exp/bcdms_p_f2__F2_u_minus_d__evolution__evolution_q2_15.npz could not be reused (kernel source fingerprint mismatch); recomputing and overwriting it.
  matrix, convergence = cached_arrays(
/Users/jkarpie-admin/work/building/pixel/src/pixel/kernels/evolution/assembly.py:751: RuntimeWarning: LOUD WARNING: kernel cache /Users/jkarpie-admin/work/building/pixel_closure/closure_NNPDF_truth_small/data/_kernel_cache/exp/bcdms_p_f2__F2_u_minus_d__evolution__evolution_q2_17.npz could not be reused (kernel source fingerprint mismatch); recomputing and overwriting it.
  matrix, convergence = cached_arrays(
/Users/jkarpie-admin/work/building/pixel/src/pixel/kernels/evolution/assembly.py:751: RuntimeWarning: LOUD WARNING: kernel cache /Users/jkarpie-admin/work/building/pixel_closure/closure_NNPDF_truth_small/data/_kernel_cache/exp/bcdms_p_f2__F2_u_minus_d__evolution__evolution_q2_24.5.npz could not be reused (kernel source fingerprint mismatch); recomputing and overwriting it.
  matrix, convergence = cached_arrays(
/Users/jkarpie-admin/work/building/pixel/src/pixel/kernels/evolution/assembly.py:751: RuntimeWarning: LOUD WARNING: kernel cache /Users/jkarpie-admin/work/building/pixel_closure/closure_NNPDF_truth_small/data/_kernel_cache/exp/bcdms_p_f2__F2_u_minus_d__evolution__evolution_q2_28.npz could not be reused (kernel source fingerprint mismatch); recomputing and overwriting it.
  matrix, convergence = cached_arrays(
/Users/jkarpie-admin/work/building/pixel/src/pixel/kernels/evolution/assembly.py:751: RuntimeWarning: LOUD WARNING: kernel cache /Users/jkarpie-admin/work/building/pixel_closure/closure_NNPDF_truth_small/data/_kernel_cache/exp/bcdms_p_f2__F2_u_minus_d__evolution__evolution_q2_37.5.npz could not be reused (kernel source fingerprint mismatch); recomputing and overwriting it.
  matrix, convergence = cached_arrays(
/Users/jkarpie-admin/work/building/pixel/src/pixel/kernels/evolution/assembly.py:751: RuntimeWarning: LOUD WARNING: kernel cache /Users/jkarpie-admin/work/building/pixel_closure/closure_NNPDF_truth_small/data/_kernel_cache/exp/bcdms_p_f2__F2_u_minus_d__evolution__evolution_q2_43.npz could not be reused (kernel source fingerprint mismatch); recomputing and overwriting it.
  matrix, convergence = cached_arrays(
/Users/jkarpie-admin/work/building/pixel/src/pixel/kernels/evolution/assembly.py:751: RuntimeWarning: LOUD WARNING: kernel cache /Users/jkarpie-admin/work/building/pixel_closure/closure_NNPDF_truth_small/data/_kernel_cache/exp/bcdms_p_f2__F2_u_minus_d__evolution__evolution_q2_49.5.npz could not be reused (kernel source fingerprint mismatch); recomputing and overwriting it.
  matrix, convergence = cached_arrays(
/Users/jkarpie-admin/work/building/pixel/src/pixel/kernels/evolution/assembly.py:751: RuntimeWarning: LOUD WARNING: kernel cache /Users/jkarpie-admin/work/building/pixel_closure/closure_NNPDF_truth_small/data/_kernel_cache/exp/bcdms_p_f2__F2_u_minus_d__evolution__evolution_q2_65.5.npz could not be reused (kernel source fingerprint mismatch); recomputing and overwriting it.
  matrix, convergence = cached_arrays(
/Users/jkarpie-admin/work/building/pixel/src/pixel/kernels/evolution/assembly.py:751: RuntimeWarning: LOUD WARNING: kernel cache /Users/jkarpie-admin/work/building/pixel_closure/closure_NNPDF_truth_small/data/_kernel_cache/exp/bcdms_p_f2__F2_u_minus_d__evolution__evolution_q2_86.npz could not be reused (kernel source fingerprint mismatch); recomputing and overwriting it.
  matrix, convergence = cached_arrays(
/Users/jkarpie-admin/work/building/pixel/src/pixel/kernels/evolution/assembly.py:751: RuntimeWarning: LOUD WARNING: kernel cache /Users/jkarpie-admin/work/building/pixel_closure/closure_NNPDF_truth_small/data/_kernel_cache/exp/bcdms_p_f2__F2_u_minus_d__evolution__evolution_q2_115.5.npz could not be reused (kernel source fingerprint mismatch); recomputing and overwriting it.
  matrix, convergence = cached_arrays(
/Users/jkarpie-admin/work/building/pixel/src/pixel/kernels/evolution/assembly.py:751: RuntimeWarning: LOUD WARNING: kernel cache /Users/jkarpie-admin/work/building/pixel_closure/closure_NNPDF_truth_small/data/_kernel_cache/exp/bcdms_p_f2__F2_u_minus_d__evolution__evolution_q2_230.npz could not be reused (kernel source fingerprint mismatch); recomputing and overwriting it.
  matrix, convergence = cached_arrays(
/Users/jkarpie-admin/work/building/pixel/src/pixel/kernels/_cache.py:1504: RuntimeWarning: LOUD WARNING: kernel cache /Users/jkarpie-admin/work/building/pixel_closure/closure_NNPDF_truth_small/data/_kernel_cache/exp/bcdms_p_f2__F2_u_plus_d_minus_2s.npz could not be reused (kernel source fingerprint mismatch); recomputing and overwriting it.
  (matrix,) = cached_arrays(
/Users/jkarpie-admin/work/building/pixel/src/pixel/kernels/evolution/matrices.py:860: RuntimeWarning: LOUD WARNING: kernel cache /Users/jkarpie-admin/work/building/pixel_closure/closure_NNPDF_truth_small/data/_kernel_cache/exp/bcdms_p_f2__F2_u_plus_d_minus_2s__evolution.npz could not be reused (kernel source fingerprint mismatch); recomputing and overwriting it.
  (matrix,) = cached_arrays(
/Users/jkarpie-admin/work/building/pixel/src/pixel/kernels/evolution/assembly.py:751: RuntimeWarning: LOUD WARNING: kernel cache /Users/jkarpie-admin/work/building/pixel_closure/closure_NNPDF_truth_small/data/_kernel_cache/exp/bcdms_p_f2__F2_u_plus_d_minus_2s__evolution__evolution_q2_7.5.npz could not be reused (kernel source fingerprint mismatch); recomputing and overwriting it.
  matrix, convergence = cached_arrays(
/Users/jkarpie-admin/work/building/pixel/src/pixel/kernels/evolution/assembly.py:751: RuntimeWarning: LOUD WARNING: kernel cache /Users/jkarpie-admin/work/building/pixel_closure/closure_NNPDF_truth_small/data/_kernel_cache/exp/bcdms_p_f2__F2_u_plus_d_minus_2s__evolution__evolution_q2_10.25.npz could not be reused (kernel source fingerprint mismatch); recomputing and overwriting it.
  matrix, convergence = cached_arrays(
/Users/jkarpie-admin/work/building/pixel/src/pixel/kernels/evolution/assembly.py:751: RuntimeWarning: LOUD WARNING: kernel cache /Users/jkarpie-admin/work/building/pixel_closure/closure_NNPDF_truth_small/data/_kernel_cache/exp/bcdms_p_f2__F2_u_plus_d_minus_2s__evolution__evolution_q2_11.75.npz could not be reused (kernel source fingerprint mismatch); recomputing and overwriting it.
  matrix, convergence = cached_arrays(
/Users/jkarpie-admin/work/building/pixel/src/pixel/kernels/evolution/assembly.py:751: RuntimeWarning: LOUD WARNING: kernel cache /Users/jkarpie-admin/work/building/pixel_closure/closure_NNPDF_truth_small/data/_kernel_cache/exp/bcdms_p_f2__F2_u_plus_d_minus_2s__evolution__evolution_q2_15.npz could not be reused (kernel source fingerprint mismatch); recomputing and overwriting it.
  matrix, convergence = cached_arrays(
/Users/jkarpie-admin/work/building/pixel/src/pixel/kernels/evolution/assembly.py:751: RuntimeWarning: LOUD WARNING: kernel cache /Users/jkarpie-admin/work/building/pixel_closure/closure_NNPDF_truth_small/data/_kernel_cache/exp/bcdms_p_f2__F2_u_plus_d_minus_2s__evolution__evolution_q2_17.npz could not be reused (kernel source fingerprint mismatch); recomputing and overwriting it.
  matrix, convergence = cached_arrays(
/Users/jkarpie-admin/work/building/pixel/src/pixel/kernels/evolution/assembly.py:751: RuntimeWarning: LOUD WARNING: kernel cache /Users/jkarpie-admin/work/building/pixel_closure/closure_NNPDF_truth_small/data/_kernel_cache/exp/bcdms_p_f2__F2_u_plus_d_minus_2s__evolution__evolution_q2_24.5.npz could not be reused (kernel source fingerprint mismatch); recomputing and overwriting it.
  matrix, convergence = cached_arrays(
/Users/jkarpie-admin/work/building/pixel/src/pixel/kernels/evolution/assembly.py:751: RuntimeWarning: LOUD WARNING: kernel cache /Users/jkarpie-admin/work/building/pixel_closure/closure_NNPDF_truth_small/data/_kernel_cache/exp/bcdms_p_f2__F2_u_plus_d_minus_2s__evolution__evolution_q2_28.npz could not be reused (kernel source fingerprint mismatch); recomputing and overwriting it.
  matrix, convergence = cached_arrays(
/Users/jkarpie-admin/work/building/pixel/src/pixel/kernels/evolution/assembly.py:751: RuntimeWarning: LOUD WARNING: kernel cache /Users/jkarpie-admin/work/building/pixel_closure/closure_NNPDF_truth_small/data/_kernel_cache/exp/bcdms_p_f2__F2_u_plus_d_minus_2s__evolution__evolution_q2_37.5.npz could not be reused (kernel source fingerprint mismatch); recomputing and overwriting it.
  matrix, convergence = cached_arrays(
/Users/jkarpie-admin/work/building/pixel/src/pixel/kernels/evolution/assembly.py:751: RuntimeWarning: LOUD WARNING: kernel cache /Users/jkarpie-admin/work/building/pixel_closure/closure_NNPDF_truth_small/data/_kernel_cache/exp/bcdms_p_f2__F2_u_plus_d_minus_2s__evolution__evolution_q2_43.npz could not be reused (kernel source fingerprint mismatch); recomputing and overwriting it.
  matrix, convergence = cached_arrays(
/Users/jkarpie-admin/work/building/pixel/src/pixel/kernels/evolution/assembly.py:751: RuntimeWarning: LOUD WARNING: kernel cache /Users/jkarpie-admin/work/building/pixel_closure/closure_NNPDF_truth_small/data/_kernel_cache/exp/bcdms_p_f2__F2_u_plus_d_minus_2s__evolution__evolution_q2_49.5.npz could not be reused (kernel source fingerprint mismatch); recomputing and overwriting it.
  matrix, convergence = cached_arrays(
/Users/jkarpie-admin/work/building/pixel/src/pixel/kernels/evolution/assembly.py:751: RuntimeWarning: LOUD WARNING: kernel cache /Users/jkarpie-admin/work/building/pixel_closure/closure_NNPDF_truth_small/data/_kernel_cache/exp/bcdms_p_f2__F2_u_plus_d_minus_2s__evolution__evolution_q2_65.5.npz could not be reused (kernel source fingerprint mismatch); recomputing and overwriting it.
  matrix, convergence = cached_arrays(
/Users/jkarpie-admin/work/building/pixel/src/pixel/kernels/evolution/assembly.py:751: RuntimeWarning: LOUD WARNING: kernel cache /Users/jkarpie-admin/work/building/pixel_closure/closure_NNPDF_truth_small/data/_kernel_cache/exp/bcdms_p_f2__F2_u_plus_d_minus_2s__evolution__evolution_q2_86.npz could not be reused (kernel source fingerprint mismatch); recomputing and overwriting it.
  matrix, convergence = cached_arrays(
/Users/jkarpie-admin/work/building/pixel/src/pixel/kernels/evolution/assembly.py:751: RuntimeWarning: LOUD WARNING: kernel cache /Users/jkarpie-admin/work/building/pixel_closure/closure_NNPDF_truth_small/data/_kernel_cache/exp/bcdms_p_f2__F2_u_plus_d_minus_2s__evolution__evolution_q2_115.5.npz could not be reused (kernel source fingerprint mismatch); recomputing and overwriting it.
  matrix, convergence = cached_arrays(
/Users/jkarpie-admin/work/building/pixel/src/pixel/kernels/evolution/assembly.py:751: RuntimeWarning: LOUD WARNING: kernel cache /Users/jkarpie-admin/work/building/pixel_closure/closure_NNPDF_truth_small/data/_kernel_cache/exp/bcdms_p_f2__F2_u_plus_d_minus_2s__evolution__evolution_q2_230.npz could not be reused (kernel source fingerprint mismatch); recomputing and overwriting it.
  matrix, convergence = cached_arrays(
/Users/jkarpie-admin/work/building/pixel/src/pixel/kernels/_cache.py:1504: RuntimeWarning: LOUD WARNING: kernel cache /Users/jkarpie-admin/work/building/pixel_closure/closure_NNPDF_truth_small/data/_kernel_cache/exp/bcdms_p_f2__F2_u_plus_d_plus_s_minus_3c.npz could not be reused (kernel source fingerprint mismatch); recomputing and overwriting it.
  (matrix,) = cached_arrays(
/Users/jkarpie-admin/work/building/pixel/src/pixel/kernels/evolution/matrices.py:860: RuntimeWarning: LOUD WARNING: kernel cache /Users/jkarpie-admin/work/building/pixel_closure/closure_NNPDF_truth_small/data/_kernel_cache/exp/bcdms_p_f2__F2_u_plus_d_plus_s_minus_3c__evolution.npz could not be reused (kernel source fingerprint mismatch); recomputing and overwriting it.
  (matrix,) = cached_arrays(
/Users/jkarpie-admin/work/building/pixel/src/pixel/kernels/evolution/assembly.py:751: RuntimeWarning: LOUD WARNING: kernel cache /Users/jkarpie-admin/work/building/pixel_closure/closure_NNPDF_truth_small/data/_kernel_cache/exp/bcdms_p_f2__F2_u_plus_d_plus_s_minus_3c__evolution__evolution_q2_7.5.npz could not be reused (kernel source fingerprint mismatch); recomputing and overwriting it.
  matrix, convergence = cached_arrays(
/Users/jkarpie-admin/work/building/pixel/src/pixel/kernels/evolution/assembly.py:751: RuntimeWarning: LOUD WARNING: kernel cache /Users/jkarpie-admin/work/building/pixel_closure/closure_NNPDF_truth_small/data/_kernel_cache/exp/bcdms_p_f2__F2_u_plus_d_plus_s_minus_3c__evolution__evolution_q2_10.25.npz could not be reused (kernel source fingerprint mismatch); recomputing and overwriting it.
  matrix, convergence = cached_arrays(
/Users/jkarpie-admin/work/building/pixel/src/pixel/kernels/evolution/assembly.py:751: RuntimeWarning: LOUD WARNING: kernel cache /Users/jkarpie-admin/work/building/pixel_closure/closure_NNPDF_truth_small/data/_kernel_cache/exp/bcdms_p_f2__F2_u_plus_d_plus_s_minus_3c__evolution__evolution_q2_11.75.npz could not be reused (kernel source fingerprint mismatch); recomputing and overwriting it.
  matrix, convergence = cached_arrays(
/Users/jkarpie-admin/work/building/pixel/src/pixel/kernels/evolution/assembly.py:751: RuntimeWarning: LOUD WARNING: kernel cache /Users/jkarpie-admin/work/building/pixel_closure/closure_NNPDF_truth_small/data/_kernel_cache/exp/bcdms_p_f2__F2_u_plus_d_plus_s_minus_3c__evolution__evolution_q2_15.npz could not be reused (kernel source fingerprint mismatch); recomputing and overwriting it.
  matrix, convergence = cached_arrays(
/Users/jkarpie-admin/work/building/pixel/src/pixel/kernels/evolution/assembly.py:751: RuntimeWarning: LOUD WARNING: kernel cache /Users/jkarpie-admin/work/building/pixel_closure/closure_NNPDF_truth_small/data/_kernel_cache/exp/bcdms_p_f2__F2_u_plus_d_plus_s_minus_3c__evolution__evolution_q2_17.npz could not be reused (kernel source fingerprint mismatch); recomputing and overwriting it.
  matrix, convergence = cached_arrays(
/Users/jkarpie-admin/work/building/pixel/src/pixel/kernels/evolution/assembly.py:751: RuntimeWarning: LOUD WARNING: kernel cache /Users/jkarpie-admin/work/building/pixel_closure/closure_NNPDF_truth_small/data/_kernel_cache/exp/bcdms_p_f2__F2_u_plus_d_plus_s_minus_3c__evolution__evolution_q2_24.5.npz could not be reused (kernel source fingerprint mismatch); recomputing and overwriting it.
  matrix, convergence = cached_arrays(
/Users/jkarpie-admin/work/building/pixel/src/pixel/kernels/evolution/assembly.py:751: RuntimeWarning: LOUD WARNING: kernel cache /Users/jkarpie-admin/work/building/pixel_closure/closure_NNPDF_truth_small/data/_kernel_cache/exp/bcdms_p_f2__F2_u_plus_d_plus_s_minus_3c__evolution__evolution_q2_28.npz could not be reused (kernel source fingerprint mismatch); recomputing and overwriting it.
  matrix, convergence = cached_arrays(
/Users/jkarpie-admin/work/building/pixel/src/pixel/kernels/evolution/assembly.py:751: RuntimeWarning: LOUD WARNING: kernel cache /Users/jkarpie-admin/work/building/pixel_closure/closure_NNPDF_truth_small/data/_kernel_cache/exp/bcdms_p_f2__F2_u_plus_d_plus_s_minus_3c__evolution__evolution_q2_37.5.npz could not be reused (kernel source fingerprint mismatch); recomputing and overwriting it.
  matrix, convergence = cached_arrays(
/Users/jkarpie-admin/work/building/pixel/src/pixel/kernels/evolution/assembly.py:751: RuntimeWarning: LOUD WARNING: kernel cache /Users/jkarpie-admin/work/building/pixel_closure/closure_NNPDF_truth_small/data/_kernel_cache/exp/bcdms_p_f2__F2_u_plus_d_plus_s_minus_3c__evolution__evolution_q2_43.npz could not be reused (kernel source fingerprint mismatch); recomputing and overwriting it.
  matrix, convergence = cached_arrays(
/Users/jkarpie-admin/work/building/pixel/src/pixel/kernels/evolution/assembly.py:751: RuntimeWarning: LOUD WARNING: kernel cache /Users/jkarpie-admin/work/building/pixel_closure/closure_NNPDF_truth_small/data/_kernel_cache/exp/bcdms_p_f2__F2_u_plus_d_plus_s_minus_3c__evolution__evolution_q2_49.5.npz could not be reused (kernel source fingerprint mismatch); recomputing and overwriting it.
  matrix, convergence = cached_arrays(
/Users/jkarpie-admin/work/building/pixel/src/pixel/kernels/evolution/assembly.py:751: RuntimeWarning: LOUD WARNING: kernel cache /Users/jkarpie-admin/work/building/pixel_closure/closure_NNPDF_truth_small/data/_kernel_cache/exp/bcdms_p_f2__F2_u_plus_d_plus_s_minus_3c__evolution__evolution_q2_65.5.npz could not be reused (kernel source fingerprint mismatch); recomputing and overwriting it.
  matrix, convergence = cached_arrays(
/Users/jkarpie-admin/work/building/pixel/src/pixel/kernels/evolution/assembly.py:751: RuntimeWarning: LOUD WARNING: kernel cache /Users/jkarpie-admin/work/building/pixel_closure/closure_NNPDF_truth_small/data/_kernel_cache/exp/bcdms_p_f2__F2_u_plus_d_plus_s_minus_3c__evolution__evolution_q2_86.npz could not be reused (kernel source fingerprint mismatch); recomputing and overwriting it.
  matrix, convergence = cached_arrays(
/Users/jkarpie-admin/work/building/pixel/src/pixel/kernels/evolution/assembly.py:751: RuntimeWarning: LOUD WARNING: kernel cache /Users/jkarpie-admin/work/building/pixel_closure/closure_NNPDF_truth_small/data/_kernel_cache/exp/bcdms_p_f2__F2_u_plus_d_plus_s_minus_3c__evolution__evolution_q2_115.5.npz could not be reused (kernel source fingerprint mismatch); recomputing and overwriting it.
  matrix, convergence = cached_arrays(
/Users/jkarpie-admin/work/building/pixel/src/pixel/kernels/evolution/assembly.py:751: RuntimeWarning: LOUD WARNING: kernel cache /Users/jkarpie-admin/work/building/pixel_closure/closure_NNPDF_truth_small/data/_kernel_cache/exp/bcdms_p_f2__F2_u_plus_d_plus_s_minus_3c__evolution__evolution_q2_230.npz could not be reused (kernel source fingerprint mismatch); recomputing and overwriting it.
  matrix, convergence = cached_arrays(
/Users/jkarpie-admin/work/building/pixel/src/pixel/kernels/_cache.py:1504: RuntimeWarning: LOUD WARNING: kernel cache /Users/jkarpie-admin/work/building/pixel_closure/closure_NNPDF_truth_small/data/_kernel_cache/exp/bcdms_p_f2__F2_singlet.npz could not be reused (kernel source fingerprint mismatch); recomputing and overwriting it.
  (matrix,) = cached_arrays(
/Users/jkarpie-admin/work/building/pixel/src/pixel/kernels/evolution/matrices.py:1200: RuntimeWarning: LOUD WARNING: kernel cache /Users/jkarpie-admin/work/building/pixel_closure/closure_NNPDF_truth_small/data/_kernel_cache/exp/bcdms_p_f2__F2_singlet__evolution.npz could not be reused (kernel source fingerprint mismatch); recomputing and overwriting it.
  (matrix,) = cached_arrays(
/Users/jkarpie-admin/work/building/pixel/src/pixel/kernels/evolution/assembly.py:994: RuntimeWarning: LOUD WARNING: kernel cache /Users/jkarpie-admin/work/building/pixel_closure/closure_NNPDF_truth_small/data/_kernel_cache/exp/bcdms_p_f2__F2_singlet__evolution__evolution_q2_7.5.npz could not be reused (kernel source fingerprint mismatch); recomputing and overwriting it.
  matrix, convergence = cached_arrays(
/Users/jkarpie-admin/work/building/pixel/src/pixel/kernels/evolution/assembly.py:994: RuntimeWarning: LOUD WARNING: kernel cache /Users/jkarpie-admin/work/building/pixel_closure/closure_NNPDF_truth_small/data/_kernel_cache/exp/bcdms_p_f2__F2_singlet__evolution__evolution_q2_10.25.npz could not be reused (kernel source fingerprint mismatch); recomputing and overwriting it.
  matrix, convergence = cached_arrays(
/Users/jkarpie-admin/work/building/pixel/src/pixel/kernels/evolution/assembly.py:994: RuntimeWarning: LOUD WARNING: kernel cache /Users/jkarpie-admin/work/building/pixel_closure/closure_NNPDF_truth_small/data/_kernel_cache/exp/bcdms_p_f2__F2_singlet__evolution__evolution_q2_11.75.npz could not be reused (kernel source fingerprint mismatch); recomputing and overwriting it.
  matrix, convergence = cached_arrays(
/Users/jkarpie-admin/work/building/pixel/src/pixel/kernels/evolution/assembly.py:994: RuntimeWarning: LOUD WARNING: kernel cache /Users/jkarpie-admin/work/building/pixel_closure/closure_NNPDF_truth_small/data/_kernel_cache/exp/bcdms_p_f2__F2_singlet__evolution__evolution_q2_15.npz could not be reused (kernel source fingerprint mismatch); recomputing and overwriting it.
  matrix, convergence = cached_arrays(
/Users/jkarpie-admin/work/building/pixel/src/pixel/kernels/evolution/assembly.py:994: RuntimeWarning: LOUD WARNING: kernel cache /Users/jkarpie-admin/work/building/pixel_closure/closure_NNPDF_truth_small/data/_kernel_cache/exp/bcdms_p_f2__F2_singlet__evolution__evolution_q2_17.npz could not be reused (kernel source fingerprint mismatch); recomputing and overwriting it.
  matrix, convergence = cached_arrays(
/Users/jkarpie-admin/work/building/pixel/src/pixel/kernels/evolution/assembly.py:994: RuntimeWarning: LOUD WARNING: kernel cache /Users/jkarpie-admin/work/building/pixel_closure/closure_NNPDF_truth_small/data/_kernel_cache/exp/bcdms_p_f2__F2_singlet__evolution__evolution_q2_24.5.npz could not be reused (kernel source fingerprint mismatch); recomputing and overwriting it.
  matrix, convergence = cached_arrays(
/Users/jkarpie-admin/work/building/pixel/src/pixel/kernels/evolution/assembly.py:994: RuntimeWarning: LOUD WARNING: kernel cache /Users/jkarpie-admin/work/building/pixel_closure/closure_NNPDF_truth_small/data/_kernel_cache/exp/bcdms_p_f2__F2_singlet__evolution__evolution_q2_28.npz could not be reused (kernel source fingerprint mismatch); recomputing and overwriting it.
  matrix, convergence = cached_arrays(
/Users/jkarpie-admin/work/building/pixel/src/pixel/kernels/evolution/assembly.py:994: RuntimeWarning: LOUD WARNING: kernel cache /Users/jkarpie-admin/work/building/pixel_closure/closure_NNPDF_truth_small/data/_kernel_cache/exp/bcdms_p_f2__F2_singlet__evolution__evolution_q2_37.5.npz could not be reused (kernel source fingerprint mismatch); recomputing and overwriting it.
  matrix, convergence = cached_arrays(
/Users/jkarpie-admin/work/building/pixel/src/pixel/kernels/evolution/assembly.py:994: RuntimeWarning: LOUD WARNING: kernel cache /Users/jkarpie-admin/work/building/pixel_closure/closure_NNPDF_truth_small/data/_kernel_cache/exp/bcdms_p_f2__F2_singlet__evolution__evolution_q2_43.npz could not be reused (kernel source fingerprint mismatch); recomputing and overwriting it.
  matrix, convergence = cached_arrays(
/Users/jkarpie-admin/work/building/pixel/src/pixel/kernels/evolution/assembly.py:994: RuntimeWarning: LOUD WARNING: kernel cache /Users/jkarpie-admin/work/building/pixel_closure/closure_NNPDF_truth_small/data/_kernel_cache/exp/bcdms_p_f2__F2_singlet__evolution__evolution_q2_49.5.npz could not be reused (kernel source fingerprint mismatch); recomputing and overwriting it.
  matrix, convergence = cached_arrays(
/Users/jkarpie-admin/work/building/pixel/src/pixel/kernels/evolution/assembly.py:994: RuntimeWarning: LOUD WARNING: kernel cache /Users/jkarpie-admin/work/building/pixel_closure/closure_NNPDF_truth_small/data/_kernel_cache/exp/bcdms_p_f2__F2_singlet__evolution__evolution_q2_65.5.npz could not be reused (kernel source fingerprint mismatch); recomputing and overwriting it.
  matrix, convergence = cached_arrays(
/Users/jkarpie-admin/work/building/pixel/src/pixel/kernels/evolution/assembly.py:994: RuntimeWarning: LOUD WARNING: kernel cache /Users/jkarpie-admin/work/building/pixel_closure/closure_NNPDF_truth_small/data/_kernel_cache/exp/bcdms_p_f2__F2_singlet__evolution__evolution_q2_86.npz could not be reused (kernel source fingerprint mismatch); recomputing and overwriting it.
  matrix, convergence = cached_arrays(
/Users/jkarpie-admin/work/building/pixel/src/pixel/kernels/evolution/assembly.py:994: RuntimeWarning: LOUD WARNING: kernel cache /Users/jkarpie-admin/work/building/pixel_closure/closure_NNPDF_truth_small/data/_kernel_cache/exp/bcdms_p_f2__F2_singlet__evolution__evolution_q2_115.5.npz could not be reused (kernel source fingerprint mismatch); recomputing and overwriting it.
  matrix, convergence = cached_arrays(
/Users/jkarpie-admin/work/building/pixel/src/pixel/kernels/evolution/assembly.py:994: RuntimeWarning: LOUD WARNING: kernel cache /Users/jkarpie-admin/work/building/pixel_closure/closure_NNPDF_truth_small/data/_kernel_cache/exp/bcdms_p_f2__F2_singlet__evolution__evolution_q2_230.npz could not be reused (kernel source fingerprint mismatch); recomputing and overwriting it.
  matrix, convergence = cached_arrays(
/Users/jkarpie-admin/work/building/pixel/src/pixel/kernels/_cache.py:1504: RuntimeWarning: LOUD WARNING: kernel cache /Users/jkarpie-admin/work/building/pixel_closure/closure_NNPDF_truth_small/data/_kernel_cache/exp/bcdms_p_f2__F2_gluon.npz could not be reused (kernel source fingerprint mismatch); recomputing and overwriting it.
  (matrix,) = cached_arrays(
/Users/jkarpie-admin/work/building/pixel/src/pixel/kernels/evolution/matrices.py:1200: RuntimeWarning: LOUD WARNING: kernel cache /Users/jkarpie-admin/work/building/pixel_closure/closure_NNPDF_truth_small/data/_kernel_cache/exp/bcdms_p_f2__F2_gluon__evolution.npz could not be reused (kernel source fingerprint mismatch); recomputing and overwriting it.
  (matrix,) = cached_arrays(
/Users/jkarpie-admin/work/building/pixel/src/pixel/kernels/evolution/assembly.py:994: RuntimeWarning: LOUD WARNING: kernel cache /Users/jkarpie-admin/work/building/pixel_closure/closure_NNPDF_truth_small/data/_kernel_cache/exp/bcdms_p_f2__F2_gluon__evolution__evolution_q2_7.5.npz could not be reused (kernel source fingerprint mismatch); recomputing and overwriting it.
  matrix, convergence = cached_arrays(
/Users/jkarpie-admin/work/building/pixel/src/pixel/kernels/evolution/assembly.py:994: RuntimeWarning: LOUD WARNING: kernel cache /Users/jkarpie-admin/work/building/pixel_closure/closure_NNPDF_truth_small/data/_kernel_cache/exp/bcdms_p_f2__F2_gluon__evolution__evolution_q2_10.25.npz could not be reused (kernel source fingerprint mismatch); recomputing and overwriting it.
  matrix, convergence = cached_arrays(
/Users/jkarpie-admin/work/building/pixel/src/pixel/kernels/evolution/assembly.py:994: RuntimeWarning: LOUD WARNING: kernel cache /Users/jkarpie-admin/work/building/pixel_closure/closure_NNPDF_truth_small/data/_kernel_cache/exp/bcdms_p_f2__F2_gluon__evolution__evolution_q2_11.75.npz could not be reused (kernel source fingerprint mismatch); recomputing and overwriting it.
  matrix, convergence = cached_arrays(
/Users/jkarpie-admin/work/building/pixel/src/pixel/kernels/evolution/assembly.py:994: RuntimeWarning: LOUD WARNING: kernel cache /Users/jkarpie-admin/work/building/pixel_closure/closure_NNPDF_truth_small/data/_kernel_cache/exp/bcdms_p_f2__F2_gluon__evolution__evolution_q2_15.npz could not be reused (kernel source fingerprint mismatch); recomputing and overwriting it.
  matrix, convergence = cached_arrays(
/Users/jkarpie-admin/work/building/pixel/src/pixel/kernels/evolution/assembly.py:994: RuntimeWarning: LOUD WARNING: kernel cache /Users/jkarpie-admin/work/building/pixel_closure/closure_NNPDF_truth_small/data/_kernel_cache/exp/bcdms_p_f2__F2_gluon__evolution__evolution_q2_17.npz could not be reused (kernel source fingerprint mismatch); recomputing and overwriting it.
  matrix, convergence = cached_arrays(
/Users/jkarpie-admin/work/building/pixel/src/pixel/kernels/evolution/assembly.py:994: RuntimeWarning: LOUD WARNING: kernel cache /Users/jkarpie-admin/work/building/pixel_closure/closure_NNPDF_truth_small/data/_kernel_cache/exp/bcdms_p_f2__F2_gluon__evolution__evolution_q2_24.5.npz could not be reused (kernel source fingerprint mismatch); recomputing and overwriting it.
  matrix, convergence = cached_arrays(
/Users/jkarpie-admin/work/building/pixel/src/pixel/kernels/evolution/assembly.py:994: RuntimeWarning: LOUD WARNING: kernel cache /Users/jkarpie-admin/work/building/pixel_closure/closure_NNPDF_truth_small/data/_kernel_cache/exp/bcdms_p_f2__F2_gluon__evolution__evolution_q2_28.npz could not be reused (kernel source fingerprint mismatch); recomputing and overwriting it.
  matrix, convergence = cached_arrays(
/Users/jkarpie-admin/work/building/pixel/src/pixel/kernels/evolution/assembly.py:994: RuntimeWarning: LOUD WARNING: kernel cache /Users/jkarpie-admin/work/building/pixel_closure/closure_NNPDF_truth_small/data/_kernel_cache/exp/bcdms_p_f2__F2_gluon__evolution__evolution_q2_37.5.npz could not be reused (kernel source fingerprint mismatch); recomputing and overwriting it.
  matrix, convergence = cached_arrays(
/Users/jkarpie-admin/work/building/pixel/src/pixel/kernels/evolution/assembly.py:994: RuntimeWarning: LOUD WARNING: kernel cache /Users/jkarpie-admin/work/building/pixel_closure/closure_NNPDF_truth_small/data/_kernel_cache/exp/bcdms_p_f2__F2_gluon__evolution__evolution_q2_43.npz could not be reused (kernel source fingerprint mismatch); recomputing and overwriting it.
  matrix, convergence = cached_arrays(
/Users/jkarpie-admin/work/building/pixel/src/pixel/kernels/evolution/assembly.py:994: RuntimeWarning: LOUD WARNING: kernel cache /Users/jkarpie-admin/work/building/pixel_closure/closure_NNPDF_truth_small/data/_kernel_cache/exp/bcdms_p_f2__F2_gluon__evolution__evolution_q2_49.5.npz could not be reused (kernel source fingerprint mismatch); recomputing and overwriting it.
  matrix, convergence = cached_arrays(
/Users/jkarpie-admin/work/building/pixel/src/pixel/kernels/evolution/assembly.py:994: RuntimeWarning: LOUD WARNING: kernel cache /Users/jkarpie-admin/work/building/pixel_closure/closure_NNPDF_truth_small/data/_kernel_cache/exp/bcdms_p_f2__F2_gluon__evolution__evolution_q2_65.5.npz could not be reused (kernel source fingerprint mismatch); recomputing and overwriting it.
  matrix, convergence = cached_arrays(
/Users/jkarpie-admin/work/building/pixel/src/pixel/kernels/evolution/assembly.py:994: RuntimeWarning: LOUD WARNING: kernel cache /Users/jkarpie-admin/work/building/pixel_closure/closure_NNPDF_truth_small/data/_kernel_cache/exp/bcdms_p_f2__F2_gluon__evolution__evolution_q2_86.npz could not be reused (kernel source fingerprint mismatch); recomputing and overwriting it.
  matrix, convergence = cached_arrays(
/Users/jkarpie-admin/work/building/pixel/src/pixel/kernels/evolution/assembly.py:994: RuntimeWarning: LOUD WARNING: kernel cache /Users/jkarpie-admin/work/building/pixel_closure/closure_NNPDF_truth_small/data/_kernel_cache/exp/bcdms_p_f2__F2_gluon__evolution__evolution_q2_115.5.npz could not be reused (kernel source fingerprint mismatch); recomputing and overwriting it.
  matrix, convergence = cached_arrays(
/Users/jkarpie-admin/work/building/pixel/src/pixel/kernels/evolution/assembly.py:994: RuntimeWarning: LOUD WARNING: kernel cache /Users/jkarpie-admin/work/building/pixel_closure/closure_NNPDF_truth_small/data/_kernel_cache/exp/bcdms_p_f2__F2_gluon__evolution__evolution_q2_230.npz could not be reused (kernel source fingerprint mismatch); recomputing and overwriting it.
  matrix, convergence = cached_arrays(
/Users/jkarpie-admin/work/building/pixel/src/pixel/kernels/_cache.py:1504: RuntimeWarning: LOUD WARNING: kernel cache /Users/jkarpie-admin/work/building/pixel_closure/closure_NNPDF_truth_small/data/_kernel_cache/exp/nmc_p_f2__F2_u_minus_d.npz could not be reused (kernel source fingerprint mismatch); recomputing and overwriting it.
  (matrix,) = cached_arrays(
/Users/jkarpie-admin/work/building/pixel/src/pixel/kernels/evolution/matrices.py:860: RuntimeWarning: LOUD WARNING: kernel cache /Users/jkarpie-admin/work/building/pixel_closure/closure_NNPDF_truth_small/data/_kernel_cache/exp/nmc_p_f2__F2_u_minus_d__evolution.npz could not be reused (kernel source fingerprint mismatch); recomputing and overwriting it.
  (matrix,) = cached_arrays(
/Users/jkarpie-admin/work/building/pixel/src/pixel/kernels/evolution/assembly.py:751: RuntimeWarning: LOUD WARNING: kernel cache /Users/jkarpie-admin/work/building/pixel_closure/closure_NNPDF_truth_small/data/_kernel_cache/exp/nmc_p_f2__F2_u_minus_d__evolution__evolution_q2_1.71.npz could not be reused (kernel source fingerprint mismatch); recomputing and overwriting it.
  matrix, convergence = cached_arrays(
/Users/jkarpie-admin/work/building/pixel/src/pixel/kernels/evolution/assembly.py:751: RuntimeWarning: LOUD WARNING: kernel cache /Users/jkarpie-admin/work/building/pixel_closure/closure_NNPDF_truth_small/data/_kernel_cache/exp/nmc_p_f2__F2_u_minus_d__evolution__evolution_q2_1.75.npz could not be reused (kernel source fingerprint mismatch); recomputing and overwriting it.
  matrix, convergence = cached_arrays(
/Users/jkarpie-admin/work/building/pixel/src/pixel/kernels/evolution/assembly.py:751: RuntimeWarning: LOUD WARNING: kernel cache /Users/jkarpie-admin/work/building/pixel_closure/closure_NNPDF_truth_small/data/_kernel_cache/exp/nmc_p_f2__F2_u_minus_d__evolution__evolution_q2_1.76.npz could not be reused (kernel source fingerprint mismatch); recomputing and overwriting it.
  matrix, convergence = cached_arrays(
/Users/jkarpie-admin/work/building/pixel/src/pixel/kernels/evolution/assembly.py:751: RuntimeWarning: LOUD WARNING: kernel cache /Users/jkarpie-admin/work/building/pixel_closure/closure_NNPDF_truth_small/data/_kernel_cache/exp/nmc_p_f2__F2_u_minus_d__evolution__evolution_q2_2.51.npz could not be reused (kernel source fingerprint mismatch); recomputing and overwriting it.
  matrix, convergence = cached_arrays(
/Users/jkarpie-admin/work/building/pixel/src/pixel/kernels/evolution/assembly.py:751: RuntimeWarning: LOUD WARNING: kernel cache /Users/jkarpie-admin/work/building/pixel_closure/closure_NNPDF_truth_small/data/_kernel_cache/exp/nmc_p_f2__F2_u_minus_d__evolution__evolution_q2_2.59.npz could not be reused (kernel source fingerprint mismatch); recomputing and overwriting it.
  matrix, convergence = cached_arrays(
/Users/jkarpie-admin/work/building/pixel/src/pixel/kernels/evolution/assembly.py:751: RuntimeWarning: LOUD WARNING: kernel cache /Users/jkarpie-admin/work/building/pixel_closure/closure_NNPDF_truth_small/data/_kernel_cache/exp/nmc_p_f2__F2_u_minus_d__evolution__evolution_q2_3.62.npz could not be reused (kernel source fingerprint mismatch); recomputing and overwriting it.
  matrix, convergence = cached_arrays(
/Users/jkarpie-admin/work/building/pixel/src/pixel/kernels/evolution/assembly.py:751: RuntimeWarning: LOUD WARNING: kernel cache /Users/jkarpie-admin/work/building/pixel_closure/closure_NNPDF_truth_small/data/_kernel_cache/exp/nmc_p_f2__F2_u_minus_d__evolution__evolution_q2_6.81.npz could not be reused (kernel source fingerprint mismatch); recomputing and overwriting it.
  matrix, convergence = cached_arrays(
/Users/jkarpie-admin/work/building/pixel/src/pixel/kernels/evolution/assembly.py:751: RuntimeWarning: LOUD WARNING: kernel cache /Users/jkarpie-admin/work/building/pixel_closure/closure_NNPDF_truth_small/data/_kernel_cache/exp/nmc_p_f2__F2_u_minus_d__evolution__evolution_q2_6.97.npz could not be reused (kernel source fingerprint mismatch); recomputing and overwriting it.
  matrix, convergence = cached_arrays(
/Users/jkarpie-admin/work/building/pixel/src/pixel/kernels/evolution/assembly.py:751: RuntimeWarning: LOUD WARNING: kernel cache /Users/jkarpie-admin/work/building/pixel_closure/closure_NNPDF_truth_small/data/_kernel_cache/exp/nmc_p_f2__F2_u_minus_d__evolution__evolution_q2_7.15.npz could not be reused (kernel source fingerprint mismatch); recomputing and overwriting it.
  matrix, convergence = cached_arrays(
/Users/jkarpie-admin/work/building/pixel/src/pixel/kernels/evolution/assembly.py:751: RuntimeWarning: LOUD WARNING: kernel cache /Users/jkarpie-admin/work/building/pixel_closure/closure_NNPDF_truth_small/data/_kernel_cache/exp/nmc_p_f2__F2_u_minus_d__evolution__evolution_q2_8.5.npz could not be reused (kernel source fingerprint mismatch); recomputing and overwriting it.
  matrix, convergence = cached_arrays(
/Users/jkarpie-admin/work/building/pixel/src/pixel/kernels/evolution/assembly.py:751: RuntimeWarning: LOUD WARNING: kernel cache /Users/jkarpie-admin/work/building/pixel_closure/closure_NNPDF_truth_small/data/_kernel_cache/exp/nmc_p_f2__F2_u_minus_d__evolution__evolution_q2_8.99.npz could not be reused (kernel source fingerprint mismatch); recomputing and overwriting it.
  matrix, convergence = cached_arrays(
/Users/jkarpie-admin/work/building/pixel/src/pixel/kernels/evolution/assembly.py:751: RuntimeWarning: LOUD WARNING: kernel cache /Users/jkarpie-admin/work/building/pixel_closure/closure_NNPDF_truth_small/data/_kernel_cache/exp/nmc_p_f2__F2_u_minus_d__evolution__evolution_q2_11.24.npz could not be reused (kernel source fingerprint mismatch); recomputing and overwriting it.
  matrix, convergence = cached_arrays(
/Users/jkarpie-admin/work/building/pixel/src/pixel/kernels/evolution/assembly.py:751: RuntimeWarning: LOUD WARNING: kernel cache /Users/jkarpie-admin/work/building/pixel_closure/closure_NNPDF_truth_small/data/_kernel_cache/exp/nmc_p_f2__F2_u_minus_d__evolution__evolution_q2_19.65.npz could not be reused (kernel source fingerprint mismatch); recomputing and overwriting it.
  matrix, convergence = cached_arrays(
/Users/jkarpie-admin/work/building/pixel/src/pixel/kernels/evolution/assembly.py:751: RuntimeWarning: LOUD WARNING: kernel cache /Users/jkarpie-admin/work/building/pixel_closure/closure_NNPDF_truth_small/data/_kernel_cache/exp/nmc_p_f2__F2_u_minus_d__evolution__evolution_q2_25.56.npz could not be reused (kernel source fingerprint mismatch); recomputing and overwriting it.
  matrix, convergence = cached_arrays(
/Users/jkarpie-admin/work/building/pixel/src/pixel/kernels/evolution/assembly.py:751: RuntimeWarning: LOUD WARNING: kernel cache /Users/jkarpie-admin/work/building/pixel_closure/closure_NNPDF_truth_small/data/_kernel_cache/exp/nmc_p_f2__F2_u_minus_d__evolution__evolution_q2_26.49.npz could not be reused (kernel source fingerprint mismatch); recomputing and overwriting it.
  matrix, convergence = cached_arrays(
/Users/jkarpie-admin/work/building/pixel/src/pixel/kernels/evolution/assembly.py:751: RuntimeWarning: LOUD WARNING: kernel cache /Users/jkarpie-admin/work/building/pixel_closure/closure_NNPDF_truth_small/data/_kernel_cache/exp/nmc_p_f2__F2_u_minus_d__evolution__evolution_q2_62.34.npz could not be reused (kernel source fingerprint mismatch); recomputing and overwriting it.
  matrix, convergence = cached_arrays(
/Users/jkarpie-admin/work/building/pixel/src/pixel/kernels/_cache.py:1504: RuntimeWarning: LOUD WARNING: kernel cache /Users/jkarpie-admin/work/building/pixel_closure/closure_NNPDF_truth_small/data/_kernel_cache/exp/nmc_p_f2__F2_u_plus_d_minus_2s.npz could not be reused (kernel source fingerprint mismatch); recomputing and overwriting it.
  (matrix,) = cached_arrays(
/Users/jkarpie-admin/work/building/pixel/src/pixel/kernels/evolution/matrices.py:860: RuntimeWarning: LOUD WARNING: kernel cache /Users/jkarpie-admin/work/building/pixel_closure/closure_NNPDF_truth_small/data/_kernel_cache/exp/nmc_p_f2__F2_u_plus_d_minus_2s__evolution.npz could not be reused (kernel source fingerprint mismatch); recomputing and overwriting it.
  (matrix,) = cached_arrays(
/Users/jkarpie-admin/work/building/pixel/src/pixel/kernels/evolution/assembly.py:751: RuntimeWarning: LOUD WARNING: kernel cache /Users/jkarpie-admin/work/building/pixel_closure/closure_NNPDF_truth_small/data/_kernel_cache/exp/nmc_p_f2__F2_u_plus_d_minus_2s__evolution__evolution_q2_1.71.npz could not be reused (kernel source fingerprint mismatch); recomputing and overwriting it.
  matrix, convergence = cached_arrays(
/Users/jkarpie-admin/work/building/pixel/src/pixel/kernels/evolution/assembly.py:751: RuntimeWarning: LOUD WARNING: kernel cache /Users/jkarpie-admin/work/building/pixel_closure/closure_NNPDF_truth_small/data/_kernel_cache/exp/nmc_p_f2__F2_u_plus_d_minus_2s__evolution__evolution_q2_1.75.npz could not be reused (kernel source fingerprint mismatch); recomputing and overwriting it.
  matrix, convergence = cached_arrays(
/Users/jkarpie-admin/work/building/pixel/src/pixel/kernels/evolution/assembly.py:751: RuntimeWarning: LOUD WARNING: kernel cache /Users/jkarpie-admin/work/building/pixel_closure/closure_NNPDF_truth_small/data/_kernel_cache/exp/nmc_p_f2__F2_u_plus_d_minus_2s__evolution__evolution_q2_1.76.npz could not be reused (kernel source fingerprint mismatch); recomputing and overwriting it.
  matrix, convergence = cached_arrays(
/Users/jkarpie-admin/work/building/pixel/src/pixel/kernels/evolution/assembly.py:751: RuntimeWarning: LOUD WARNING: kernel cache /Users/jkarpie-admin/work/building/pixel_closure/closure_NNPDF_truth_small/data/_kernel_cache/exp/nmc_p_f2__F2_u_plus_d_minus_2s__evolution__evolution_q2_2.51.npz could not be reused (kernel source fingerprint mismatch); recomputing and overwriting it.
  matrix, convergence = cached_arrays(
/Users/jkarpie-admin/work/building/pixel/src/pixel/kernels/evolution/assembly.py:751: RuntimeWarning: LOUD WARNING: kernel cache /Users/jkarpie-admin/work/building/pixel_closure/closure_NNPDF_truth_small/data/_kernel_cache/exp/nmc_p_f2__F2_u_plus_d_minus_2s__evolution__evolution_q2_2.59.npz could not be reused (kernel source fingerprint mismatch); recomputing and overwriting it.
  matrix, convergence = cached_arrays(
/Users/jkarpie-admin/work/building/pixel/src/pixel/kernels/evolution/assembly.py:751: RuntimeWarning: LOUD WARNING: kernel cache /Users/jkarpie-admin/work/building/pixel_closure/closure_NNPDF_truth_small/data/_kernel_cache/exp/nmc_p_f2__F2_u_plus_d_minus_2s__evolution__evolution_q2_3.62.npz could not be reused (kernel source fingerprint mismatch); recomputing and overwriting it.
  matrix, convergence = cached_arrays(
/Users/jkarpie-admin/work/building/pixel/src/pixel/kernels/evolution/assembly.py:751: RuntimeWarning: LOUD WARNING: kernel cache /Users/jkarpie-admin/work/building/pixel_closure/closure_NNPDF_truth_small/data/_kernel_cache/exp/nmc_p_f2__F2_u_plus_d_minus_2s__evolution__evolution_q2_6.81.npz could not be reused (kernel source fingerprint mismatch); recomputing and overwriting it.
  matrix, convergence = cached_arrays(
/Users/jkarpie-admin/work/building/pixel/src/pixel/kernels/evolution/assembly.py:751: RuntimeWarning: LOUD WARNING: kernel cache /Users/jkarpie-admin/work/building/pixel_closure/closure_NNPDF_truth_small/data/_kernel_cache/exp/nmc_p_f2__F2_u_plus_d_minus_2s__evolution__evolution_q2_6.97.npz could not be reused (kernel source fingerprint mismatch); recomputing and overwriting it.
  matrix, convergence = cached_arrays(
/Users/jkarpie-admin/work/building/pixel/src/pixel/kernels/evolution/assembly.py:751: RuntimeWarning: LOUD WARNING: kernel cache /Users/jkarpie-admin/work/building/pixel_closure/closure_NNPDF_truth_small/data/_kernel_cache/exp/nmc_p_f2__F2_u_plus_d_minus_2s__evolution__evolution_q2_7.15.npz could not be reused (kernel source fingerprint mismatch); recomputing and overwriting it.
  matrix, convergence = cached_arrays(
/Users/jkarpie-admin/work/building/pixel/src/pixel/kernels/evolution/assembly.py:751: RuntimeWarning: LOUD WARNING: kernel cache /Users/jkarpie-admin/work/building/pixel_closure/closure_NNPDF_truth_small/data/_kernel_cache/exp/nmc_p_f2__F2_u_plus_d_minus_2s__evolution__evolution_q2_8.5.npz could not be reused (kernel source fingerprint mismatch); recomputing and overwriting it.
  matrix, convergence = cached_arrays(
/Users/jkarpie-admin/work/building/pixel/src/pixel/kernels/evolution/assembly.py:751: RuntimeWarning: LOUD WARNING: kernel cache /Users/jkarpie-admin/work/building/pixel_closure/closure_NNPDF_truth_small/data/_kernel_cache/exp/nmc_p_f2__F2_u_plus_d_minus_2s__evolution__evolution_q2_8.99.npz could not be reused (kernel source fingerprint mismatch); recomputing and overwriting it.
  matrix, convergence = cached_arrays(
/Users/jkarpie-admin/work/building/pixel/src/pixel/kernels/evolution/assembly.py:751: RuntimeWarning: LOUD WARNING: kernel cache /Users/jkarpie-admin/work/building/pixel_closure/closure_NNPDF_truth_small/data/_kernel_cache/exp/nmc_p_f2__F2_u_plus_d_minus_2s__evolution__evolution_q2_11.24.npz could not be reused (kernel source fingerprint mismatch); recomputing and overwriting it.
  matrix, convergence = cached_arrays(
/Users/jkarpie-admin/work/building/pixel/src/pixel/kernels/evolution/assembly.py:751: RuntimeWarning: LOUD WARNING: kernel cache /Users/jkarpie-admin/work/building/pixel_closure/closure_NNPDF_truth_small/data/_kernel_cache/exp/nmc_p_f2__F2_u_plus_d_minus_2s__evolution__evolution_q2_19.65.npz could not be reused (kernel source fingerprint mismatch); recomputing and overwriting it.
  matrix, convergence = cached_arrays(
/Users/jkarpie-admin/work/building/pixel/src/pixel/kernels/evolution/assembly.py:751: RuntimeWarning: LOUD WARNING: kernel cache /Users/jkarpie-admin/work/building/pixel_closure/closure_NNPDF_truth_small/data/_kernel_cache/exp/nmc_p_f2__F2_u_plus_d_minus_2s__evolution__evolution_q2_25.56.npz could not be reused (kernel source fingerprint mismatch); recomputing and overwriting it.
  matrix, convergence = cached_arrays(
/Users/jkarpie-admin/work/building/pixel/src/pixel/kernels/evolution/assembly.py:751: RuntimeWarning: LOUD WARNING: kernel cache /Users/jkarpie-admin/work/building/pixel_closure/closure_NNPDF_truth_small/data/_kernel_cache/exp/nmc_p_f2__F2_u_plus_d_minus_2s__evolution__evolution_q2_26.49.npz could not be reused (kernel source fingerprint mismatch); recomputing and overwriting it.
  matrix, convergence = cached_arrays(
/Users/jkarpie-admin/work/building/pixel/src/pixel/kernels/evolution/assembly.py:751: RuntimeWarning: LOUD WARNING: kernel cache /Users/jkarpie-admin/work/building/pixel_closure/closure_NNPDF_truth_small/data/_kernel_cache/exp/nmc_p_f2__F2_u_plus_d_minus_2s__evolution__evolution_q2_62.34.npz could not be reused (kernel source fingerprint mismatch); recomputing and overwriting it.
  matrix, convergence = cached_arrays(
/Users/jkarpie-admin/work/building/pixel/src/pixel/kernels/_cache.py:1504: RuntimeWarning: LOUD WARNING: kernel cache /Users/jkarpie-admin/work/building/pixel_closure/closure_NNPDF_truth_small/data/_kernel_cache/exp/nmc_p_f2__F2_u_plus_d_plus_s_minus_3c.npz could not be reused (kernel source fingerprint mismatch); recomputing and overwriting it.
  (matrix,) = cached_arrays(
/Users/jkarpie-admin/work/building/pixel/src/pixel/kernels/evolution/matrices.py:860: RuntimeWarning: LOUD WARNING: kernel cache /Users/jkarpie-admin/work/building/pixel_closure/closure_NNPDF_truth_small/data/_kernel_cache/exp/nmc_p_f2__F2_u_plus_d_plus_s_minus_3c__evolution.npz could not be reused (kernel source fingerprint mismatch); recomputing and overwriting it.
  (matrix,) = cached_arrays(
/Users/jkarpie-admin/work/building/pixel/src/pixel/kernels/evolution/assembly.py:751: RuntimeWarning: LOUD WARNING: kernel cache /Users/jkarpie-admin/work/building/pixel_closure/closure_NNPDF_truth_small/data/_kernel_cache/exp/nmc_p_f2__F2_u_plus_d_plus_s_minus_3c__evolution__evolution_q2_1.71.npz could not be reused (kernel source fingerprint mismatch); recomputing and overwriting it.
  matrix, convergence = cached_arrays(
/Users/jkarpie-admin/work/building/pixel/src/pixel/kernels/evolution/assembly.py:751: RuntimeWarning: LOUD WARNING: kernel cache /Users/jkarpie-admin/work/building/pixel_closure/closure_NNPDF_truth_small/data/_kernel_cache/exp/nmc_p_f2__F2_u_plus_d_plus_s_minus_3c__evolution__evolution_q2_1.75.npz could not be reused (kernel source fingerprint mismatch); recomputing and overwriting it.
  matrix, convergence = cached_arrays(
/Users/jkarpie-admin/work/building/pixel/src/pixel/kernels/evolution/assembly.py:751: RuntimeWarning: LOUD WARNING: kernel cache /Users/jkarpie-admin/work/building/pixel_closure/closure_NNPDF_truth_small/data/_kernel_cache/exp/nmc_p_f2__F2_u_plus_d_plus_s_minus_3c__evolution__evolution_q2_1.76.npz could not be reused (kernel source fingerprint mismatch); recomputing and overwriting it.
  matrix, convergence = cached_arrays(
/Users/jkarpie-admin/work/building/pixel/src/pixel/kernels/evolution/assembly.py:751: RuntimeWarning: LOUD WARNING: kernel cache /Users/jkarpie-admin/work/building/pixel_closure/closure_NNPDF_truth_small/data/_kernel_cache/exp/nmc_p_f2__F2_u_plus_d_plus_s_minus_3c__evolution__evolution_q2_2.51.npz could not be reused (kernel source fingerprint mismatch); recomputing and overwriting it.
  matrix, convergence = cached_arrays(
/Users/jkarpie-admin/work/building/pixel/src/pixel/kernels/evolution/assembly.py:751: RuntimeWarning: LOUD WARNING: kernel cache /Users/jkarpie-admin/work/building/pixel_closure/closure_NNPDF_truth_small/data/_kernel_cache/exp/nmc_p_f2__F2_u_plus_d_plus_s_minus_3c__evolution__evolution_q2_2.59.npz could not be reused (kernel source fingerprint mismatch); recomputing and overwriting it.
  matrix, convergence = cached_arrays(
/Users/jkarpie-admin/work/building/pixel/src/pixel/kernels/evolution/assembly.py:751: RuntimeWarning: LOUD WARNING: kernel cache /Users/jkarpie-admin/work/building/pixel_closure/closure_NNPDF_truth_small/data/_kernel_cache/exp/nmc_p_f2__F2_u_plus_d_plus_s_minus_3c__evolution__evolution_q2_3.62.npz could not be reused (kernel source fingerprint mismatch); recomputing and overwriting it.
  matrix, convergence = cached_arrays(
/Users/jkarpie-admin/work/building/pixel/src/pixel/kernels/evolution/assembly.py:751: RuntimeWarning: LOUD WARNING: kernel cache /Users/jkarpie-admin/work/building/pixel_closure/closure_NNPDF_truth_small/data/_kernel_cache/exp/nmc_p_f2__F2_u_plus_d_plus_s_minus_3c__evolution__evolution_q2_6.81.npz could not be reused (kernel source fingerprint mismatch); recomputing and overwriting it.
  matrix, convergence = cached_arrays(
/Users/jkarpie-admin/work/building/pixel/src/pixel/kernels/evolution/assembly.py:751: RuntimeWarning: LOUD WARNING: kernel cache /Users/jkarpie-admin/work/building/pixel_closure/closure_NNPDF_truth_small/data/_kernel_cache/exp/nmc_p_f2__F2_u_plus_d_plus_s_minus_3c__evolution__evolution_q2_6.97.npz could not be reused (kernel source fingerprint mismatch); recomputing and overwriting it.
  matrix, convergence = cached_arrays(
/Users/jkarpie-admin/work/building/pixel/src/pixel/kernels/evolution/assembly.py:751: RuntimeWarning: LOUD WARNING: kernel cache /Users/jkarpie-admin/work/building/pixel_closure/closure_NNPDF_truth_small/data/_kernel_cache/exp/nmc_p_f2__F2_u_plus_d_plus_s_minus_3c__evolution__evolution_q2_7.15.npz could not be reused (kernel source fingerprint mismatch); recomputing and overwriting it.
  matrix, convergence = cached_arrays(
/Users/jkarpie-admin/work/building/pixel/src/pixel/kernels/evolution/assembly.py:751: RuntimeWarning: LOUD WARNING: kernel cache /Users/jkarpie-admin/work/building/pixel_closure/closure_NNPDF_truth_small/data/_kernel_cache/exp/nmc_p_f2__F2_u_plus_d_plus_s_minus_3c__evolution__evolution_q2_8.5.npz could not be reused (kernel source fingerprint mismatch); recomputing and overwriting it.
  matrix, convergence = cached_arrays(
/Users/jkarpie-admin/work/building/pixel/src/pixel/kernels/evolution/assembly.py:751: RuntimeWarning: LOUD WARNING: kernel cache /Users/jkarpie-admin/work/building/pixel_closure/closure_NNPDF_truth_small/data/_kernel_cache/exp/nmc_p_f2__F2_u_plus_d_plus_s_minus_3c__evolution__evolution_q2_8.99.npz could not be reused (kernel source fingerprint mismatch); recomputing and overwriting it.
  matrix, convergence = cached_arrays(
/Users/jkarpie-admin/work/building/pixel/src/pixel/kernels/evolution/assembly.py:751: RuntimeWarning: LOUD WARNING: kernel cache /Users/jkarpie-admin/work/building/pixel_closure/closure_NNPDF_truth_small/data/_kernel_cache/exp/nmc_p_f2__F2_u_plus_d_plus_s_minus_3c__evolution__evolution_q2_11.24.npz could not be reused (kernel source fingerprint mismatch); recomputing and overwriting it.
  matrix, convergence = cached_arrays(
/Users/jkarpie-admin/work/building/pixel/src/pixel/kernels/evolution/assembly.py:751: RuntimeWarning: LOUD WARNING: kernel cache /Users/jkarpie-admin/work/building/pixel_closure/closure_NNPDF_truth_small/data/_kernel_cache/exp/nmc_p_f2__F2_u_plus_d_plus_s_minus_3c__evolution__evolution_q2_19.65.npz could not be reused (kernel source fingerprint mismatch); recomputing and overwriting it.
  matrix, convergence = cached_arrays(
/Users/jkarpie-admin/work/building/pixel/src/pixel/kernels/evolution/assembly.py:751: RuntimeWarning: LOUD WARNING: kernel cache /Users/jkarpie-admin/work/building/pixel_closure/closure_NNPDF_truth_small/data/_kernel_cache/exp/nmc_p_f2__F2_u_plus_d_plus_s_minus_3c__evolution__evolution_q2_25.56.npz could not be reused (kernel source fingerprint mismatch); recomputing and overwriting it.
  matrix, convergence = cached_arrays(
/Users/jkarpie-admin/work/building/pixel/src/pixel/kernels/evolution/assembly.py:751: RuntimeWarning: LOUD WARNING: kernel cache /Users/jkarpie-admin/work/building/pixel_closure/closure_NNPDF_truth_small/data/_kernel_cache/exp/nmc_p_f2__F2_u_plus_d_plus_s_minus_3c__evolution__evolution_q2_26.49.npz could not be reused (kernel source fingerprint mismatch); recomputing and overwriting it.
  matrix, convergence = cached_arrays(
/Users/jkarpie-admin/work/building/pixel/src/pixel/kernels/evolution/assembly.py:751: RuntimeWarning: LOUD WARNING: kernel cache /Users/jkarpie-admin/work/building/pixel_closure/closure_NNPDF_truth_small/data/_kernel_cache/exp/nmc_p_f2__F2_u_plus_d_plus_s_minus_3c__evolution__evolution_q2_62.34.npz could not be reused (kernel source fingerprint mismatch); recomputing and overwriting it.
  matrix, convergence = cached_arrays(
/Users/jkarpie-admin/work/building/pixel/src/pixel/kernels/_cache.py:1504: RuntimeWarning: LOUD WARNING: kernel cache /Users/jkarpie-admin/work/building/pixel_closure/closure_NNPDF_truth_small/data/_kernel_cache/exp/nmc_p_f2__F2_singlet.npz could not be reused (kernel source fingerprint mismatch); recomputing and overwriting it.
  (matrix,) = cached_arrays(
/Users/jkarpie-admin/work/building/pixel/src/pixel/kernels/evolution/matrices.py:1200: RuntimeWarning: LOUD WARNING: kernel cache /Users/jkarpie-admin/work/building/pixel_closure/closure_NNPDF_truth_small/data/_kernel_cache/exp/nmc_p_f2__F2_singlet__evolution.npz could not be reused (kernel source fingerprint mismatch); recomputing and overwriting it.
  (matrix,) = cached_arrays(
/Users/jkarpie-admin/work/building/pixel/src/pixel/kernels/evolution/assembly.py:994: RuntimeWarning: LOUD WARNING: kernel cache /Users/jkarpie-admin/work/building/pixel_closure/closure_NNPDF_truth_small/data/_kernel_cache/exp/nmc_p_f2__F2_singlet__evolution__evolution_q2_1.71.npz could not be reused (kernel source fingerprint mismatch); recomputing and overwriting it.
  matrix, convergence = cached_arrays(
/Users/jkarpie-admin/work/building/pixel/src/pixel/kernels/evolution/assembly.py:994: RuntimeWarning: LOUD WARNING: kernel cache /Users/jkarpie-admin/work/building/pixel_closure/closure_NNPDF_truth_small/data/_kernel_cache/exp/nmc_p_f2__F2_singlet__evolution__evolution_q2_1.75.npz could not be reused (kernel source fingerprint mismatch); recomputing and overwriting it.
  matrix, convergence = cached_arrays(
/Users/jkarpie-admin/work/building/pixel/src/pixel/kernels/evolution/assembly.py:994: RuntimeWarning: LOUD WARNING: kernel cache /Users/jkarpie-admin/work/building/pixel_closure/closure_NNPDF_truth_small/data/_kernel_cache/exp/nmc_p_f2__F2_singlet__evolution__evolution_q2_1.76.npz could not be reused (kernel source fingerprint mismatch); recomputing and overwriting it.
  matrix, convergence = cached_arrays(
/Users/jkarpie-admin/work/building/pixel/src/pixel/kernels/evolution/assembly.py:994: RuntimeWarning: LOUD WARNING: kernel cache /Users/jkarpie-admin/work/building/pixel_closure/closure_NNPDF_truth_small/data/_kernel_cache/exp/nmc_p_f2__F2_singlet__evolution__evolution_q2_2.51.npz could not be reused (kernel source fingerprint mismatch); recomputing and overwriting it.
  matrix, convergence = cached_arrays(
/Users/jkarpie-admin/work/building/pixel/src/pixel/kernels/evolution/assembly.py:994: RuntimeWarning: LOUD WARNING: kernel cache /Users/jkarpie-admin/work/building/pixel_closure/closure_NNPDF_truth_small/data/_kernel_cache/exp/nmc_p_f2__F2_singlet__evolution__evolution_q2_2.59.npz could not be reused (kernel source fingerprint mismatch); recomputing and overwriting it.
  matrix, convergence = cached_arrays(
/Users/jkarpie-admin/work/building/pixel/src/pixel/kernels/evolution/assembly.py:994: RuntimeWarning: LOUD WARNING: kernel cache /Users/jkarpie-admin/work/building/pixel_closure/closure_NNPDF_truth_small/data/_kernel_cache/exp/nmc_p_f2__F2_singlet__evolution__evolution_q2_3.62.npz could not be reused (kernel source fingerprint mismatch); recomputing and overwriting it.
  matrix, convergence = cached_arrays(
/Users/jkarpie-admin/work/building/pixel/src/pixel/kernels/evolution/assembly.py:994: RuntimeWarning: LOUD WARNING: kernel cache /Users/jkarpie-admin/work/building/pixel_closure/closure_NNPDF_truth_small/data/_kernel_cache/exp/nmc_p_f2__F2_singlet__evolution__evolution_q2_6.81.npz could not be reused (kernel source fingerprint mismatch); recomputing and overwriting it.
  matrix, convergence = cached_arrays(
/Users/jkarpie-admin/work/building/pixel/src/pixel/kernels/evolution/assembly.py:994: RuntimeWarning: LOUD WARNING: kernel cache /Users/jkarpie-admin/work/building/pixel_closure/closure_NNPDF_truth_small/data/_kernel_cache/exp/nmc_p_f2__F2_singlet__evolution__evolution_q2_6.97.npz could not be reused (kernel source fingerprint mismatch); recomputing and overwriting it.
  matrix, convergence = cached_arrays(
/Users/jkarpie-admin/work/building/pixel/src/pixel/kernels/evolution/assembly.py:994: RuntimeWarning: LOUD WARNING: kernel cache /Users/jkarpie-admin/work/building/pixel_closure/closure_NNPDF_truth_small/data/_kernel_cache/exp/nmc_p_f2__F2_singlet__evolution__evolution_q2_7.15.npz could not be reused (kernel source fingerprint mismatch); recomputing and overwriting it.
  matrix, convergence = cached_arrays(
/Users/jkarpie-admin/work/building/pixel/src/pixel/kernels/evolution/assembly.py:994: RuntimeWarning: LOUD WARNING: kernel cache /Users/jkarpie-admin/work/building/pixel_closure/closure_NNPDF_truth_small/data/_kernel_cache/exp/nmc_p_f2__F2_singlet__evolution__evolution_q2_8.5.npz could not be reused (kernel source fingerprint mismatch); recomputing and overwriting it.
  matrix, convergence = cached_arrays(
/Users/jkarpie-admin/work/building/pixel/src/pixel/kernels/evolution/assembly.py:994: RuntimeWarning: LOUD WARNING: kernel cache /Users/jkarpie-admin/work/building/pixel_closure/closure_NNPDF_truth_small/data/_kernel_cache/exp/nmc_p_f2__F2_singlet__evolution__evolution_q2_8.99.npz could not be reused (kernel source fingerprint mismatch); recomputing and overwriting it.
  matrix, convergence = cached_arrays(
/Users/jkarpie-admin/work/building/pixel/src/pixel/kernels/evolution/assembly.py:994: RuntimeWarning: LOUD WARNING: kernel cache /Users/jkarpie-admin/work/building/pixel_closure/closure_NNPDF_truth_small/data/_kernel_cache/exp/nmc_p_f2__F2_singlet__evolution__evolution_q2_11.24.npz could not be reused (kernel source fingerprint mismatch); recomputing and overwriting it.
  matrix, convergence = cached_arrays(
/Users/jkarpie-admin/work/building/pixel/src/pixel/kernels/evolution/assembly.py:994: RuntimeWarning: LOUD WARNING: kernel cache /Users/jkarpie-admin/work/building/pixel_closure/closure_NNPDF_truth_small/data/_kernel_cache/exp/nmc_p_f2__F2_singlet__evolution__evolution_q2_19.65.npz could not be reused (kernel source fingerprint mismatch); recomputing and overwriting it.
  matrix, convergence = cached_arrays(
/Users/jkarpie-admin/work/building/pixel/src/pixel/kernels/evolution/assembly.py:994: RuntimeWarning: LOUD WARNING: kernel cache /Users/jkarpie-admin/work/building/pixel_closure/closure_NNPDF_truth_small/data/_kernel_cache/exp/nmc_p_f2__F2_singlet__evolution__evolution_q2_25.56.npz could not be reused (kernel source fingerprint mismatch); recomputing and overwriting it.
  matrix, convergence = cached_arrays(
/Users/jkarpie-admin/work/building/pixel/src/pixel/kernels/evolution/assembly.py:994: RuntimeWarning: LOUD WARNING: kernel cache /Users/jkarpie-admin/work/building/pixel_closure/closure_NNPDF_truth_small/data/_kernel_cache/exp/nmc_p_f2__F2_singlet__evolution__evolution_q2_26.49.npz could not be reused (kernel source fingerprint mismatch); recomputing and overwriting it.
  matrix, convergence = cached_arrays(
/Users/jkarpie-admin/work/building/pixel/src/pixel/kernels/evolution/assembly.py:994: RuntimeWarning: LOUD WARNING: kernel cache /Users/jkarpie-admin/work/building/pixel_closure/closure_NNPDF_truth_small/data/_kernel_cache/exp/nmc_p_f2__F2_singlet__evolution__evolution_q2_62.34.npz could not be reused (kernel source fingerprint mismatch); recomputing and overwriting it.
  matrix, convergence = cached_arrays(
/Users/jkarpie-admin/work/building/pixel/src/pixel/kernels/_cache.py:1504: RuntimeWarning: LOUD WARNING: kernel cache /Users/jkarpie-admin/work/building/pixel_closure/closure_NNPDF_truth_small/data/_kernel_cache/exp/nmc_p_f2__F2_gluon.npz could not be reused (kernel source fingerprint mismatch); recomputing and overwriting it.
  (matrix,) = cached_arrays(
/Users/jkarpie-admin/work/building/pixel/src/pixel/kernels/evolution/matrices.py:1200: RuntimeWarning: LOUD WARNING: kernel cache /Users/jkarpie-admin/work/building/pixel_closure/closure_NNPDF_truth_small/data/_kernel_cache/exp/nmc_p_f2__F2_gluon__evolution.npz could not be reused (kernel source fingerprint mismatch); recomputing and overwriting it.
  (matrix,) = cached_arrays(
/Users/jkarpie-admin/work/building/pixel/src/pixel/kernels/evolution/assembly.py:994: RuntimeWarning: LOUD WARNING: kernel cache /Users/jkarpie-admin/work/building/pixel_closure/closure_NNPDF_truth_small/data/_kernel_cache/exp/nmc_p_f2__F2_gluon__evolution__evolution_q2_1.71.npz could not be reused (kernel source fingerprint mismatch); recomputing and overwriting it.
  matrix, convergence = cached_arrays(
/Users/jkarpie-admin/work/building/pixel/src/pixel/kernels/evolution/assembly.py:994: RuntimeWarning: LOUD WARNING: kernel cache /Users/jkarpie-admin/work/building/pixel_closure/closure_NNPDF_truth_small/data/_kernel_cache/exp/nmc_p_f2__F2_gluon__evolution__evolution_q2_1.75.npz could not be reused (kernel source fingerprint mismatch); recomputing and overwriting it.
  matrix, convergence = cached_arrays(
/Users/jkarpie-admin/work/building/pixel/src/pixel/kernels/evolution/assembly.py:994: RuntimeWarning: LOUD WARNING: kernel cache /Users/jkarpie-admin/work/building/pixel_closure/closure_NNPDF_truth_small/data/_kernel_cache/exp/nmc_p_f2__F2_gluon__evolution__evolution_q2_1.76.npz could not be reused (kernel source fingerprint mismatch); recomputing and overwriting it.
  matrix, convergence = cached_arrays(
/Users/jkarpie-admin/work/building/pixel/src/pixel/kernels/evolution/assembly.py:994: RuntimeWarning: LOUD WARNING: kernel cache /Users/jkarpie-admin/work/building/pixel_closure/closure_NNPDF_truth_small/data/_kernel_cache/exp/nmc_p_f2__F2_gluon__evolution__evolution_q2_2.51.npz could not be reused (kernel source fingerprint mismatch); recomputing and overwriting it.
  matrix, convergence = cached_arrays(
/Users/jkarpie-admin/work/building/pixel/src/pixel/kernels/evolution/assembly.py:994: RuntimeWarning: LOUD WARNING: kernel cache /Users/jkarpie-admin/work/building/pixel_closure/closure_NNPDF_truth_small/data/_kernel_cache/exp/nmc_p_f2__F2_gluon__evolution__evolution_q2_2.59.npz could not be reused (kernel source fingerprint mismatch); recomputing and overwriting it.
  matrix, convergence = cached_arrays(
/Users/jkarpie-admin/work/building/pixel/src/pixel/kernels/evolution/assembly.py:994: RuntimeWarning: LOUD WARNING: kernel cache /Users/jkarpie-admin/work/building/pixel_closure/closure_NNPDF_truth_small/data/_kernel_cache/exp/nmc_p_f2__F2_gluon__evolution__evolution_q2_3.62.npz could not be reused (kernel source fingerprint mismatch); recomputing and overwriting it.
  matrix, convergence = cached_arrays(
/Users/jkarpie-admin/work/building/pixel/src/pixel/kernels/evolution/assembly.py:994: RuntimeWarning: LOUD WARNING: kernel cache /Users/jkarpie-admin/work/building/pixel_closure/closure_NNPDF_truth_small/data/_kernel_cache/exp/nmc_p_f2__F2_gluon__evolution__evolution_q2_6.81.npz could not be reused (kernel source fingerprint mismatch); recomputing and overwriting it.
  matrix, convergence = cached_arrays(
/Users/jkarpie-admin/work/building/pixel/src/pixel/kernels/evolution/assembly.py:994: RuntimeWarning: LOUD WARNING: kernel cache /Users/jkarpie-admin/work/building/pixel_closure/closure_NNPDF_truth_small/data/_kernel_cache/exp/nmc_p_f2__F2_gluon__evolution__evolution_q2_6.97.npz could not be reused (kernel source fingerprint mismatch); recomputing and overwriting it.
  matrix, convergence = cached_arrays(
/Users/jkarpie-admin/work/building/pixel/src/pixel/kernels/evolution/assembly.py:994: RuntimeWarning: LOUD WARNING: kernel cache /Users/jkarpie-admin/work/building/pixel_closure/closure_NNPDF_truth_small/data/_kernel_cache/exp/nmc_p_f2__F2_gluon__evolution__evolution_q2_7.15.npz could not be reused (kernel source fingerprint mismatch); recomputing and overwriting it.
  matrix, convergence = cached_arrays(
/Users/jkarpie-admin/work/building/pixel/src/pixel/kernels/evolution/assembly.py:994: RuntimeWarning: LOUD WARNING: kernel cache /Users/jkarpie-admin/work/building/pixel_closure/closure_NNPDF_truth_small/data/_kernel_cache/exp/nmc_p_f2__F2_gluon__evolution__evolution_q2_8.5.npz could not be reused (kernel source fingerprint mismatch); recomputing and overwriting it.
  matrix, convergence = cached_arrays(
/Users/jkarpie-admin/work/building/pixel/src/pixel/kernels/evolution/assembly.py:994: RuntimeWarning: LOUD WARNING: kernel cache /Users/jkarpie-admin/work/building/pixel_closure/closure_NNPDF_truth_small/data/_kernel_cache/exp/nmc_p_f2__F2_gluon__evolution__evolution_q2_8.99.npz could not be reused (kernel source fingerprint mismatch); recomputing and overwriting it.
  matrix, convergence = cached_arrays(
/Users/jkarpie-admin/work/building/pixel/src/pixel/kernels/evolution/assembly.py:994: RuntimeWarning: LOUD WARNING: kernel cache /Users/jkarpie-admin/work/building/pixel_closure/closure_NNPDF_truth_small/data/_kernel_cache/exp/nmc_p_f2__F2_gluon__evolution__evolution_q2_11.24.npz could not be reused (kernel source fingerprint mismatch); recomputing and overwriting it.
  matrix, convergence = cached_arrays(
/Users/jkarpie-admin/work/building/pixel/src/pixel/kernels/evolution/assembly.py:994: RuntimeWarning: LOUD WARNING: kernel cache /Users/jkarpie-admin/work/building/pixel_closure/closure_NNPDF_truth_small/data/_kernel_cache/exp/nmc_p_f2__F2_gluon__evolution__evolution_q2_19.65.npz could not be reused (kernel source fingerprint mismatch); recomputing and overwriting it.
  matrix, convergence = cached_arrays(
/Users/jkarpie-admin/work/building/pixel/src/pixel/kernels/evolution/assembly.py:994: RuntimeWarning: LOUD WARNING: kernel cache /Users/jkarpie-admin/work/building/pixel_closure/closure_NNPDF_truth_small/data/_kernel_cache/exp/nmc_p_f2__F2_gluon__evolution__evolution_q2_25.56.npz could not be reused (kernel source fingerprint mismatch); recomputing and overwriting it.
  matrix, convergence = cached_arrays(
/Users/jkarpie-admin/work/building/pixel/src/pixel/kernels/evolution/assembly.py:994: RuntimeWarning: LOUD WARNING: kernel cache /Users/jkarpie-admin/work/building/pixel_closure/closure_NNPDF_truth_small/data/_kernel_cache/exp/nmc_p_f2__F2_gluon__evolution__evolution_q2_26.49.npz could not be reused (kernel source fingerprint mismatch); recomputing and overwriting it.
  matrix, convergence = cached_arrays(
/Users/jkarpie-admin/work/building/pixel/src/pixel/kernels/evolution/assembly.py:994: RuntimeWarning: LOUD WARNING: kernel cache /Users/jkarpie-admin/work/building/pixel_closure/closure_NNPDF_truth_small/data/_kernel_cache/exp/nmc_p_f2__F2_gluon__evolution__evolution_q2_62.34.npz could not be reused (kernel source fingerprint mismatch); recomputing and overwriting it.
  matrix, convergence = cached_arrays(
/Users/jkarpie-admin/work/building/pixel/src/pixel/kernels/_cache.py:1504: RuntimeWarning: LOUD WARNING: kernel cache /Users/jkarpie-admin/work/building/pixel_closure/closure_NNPDF_truth_small/data/_kernel_cache/exp/slac_d_f2__F2_u_plus_d_minus_2s.npz could not be reused (kernel source fingerprint mismatch); recomputing and overwriting it.
  (matrix,) = cached_arrays(
/Users/jkarpie-admin/work/building/pixel/src/pixel/kernels/evolution/matrices.py:860: RuntimeWarning: LOUD WARNING: kernel cache /Users/jkarpie-admin/work/building/pixel_closure/closure_NNPDF_truth_small/data/_kernel_cache/exp/slac_d_f2__F2_u_plus_d_minus_2s__evolution.npz could not be reused (kernel source fingerprint mismatch); recomputing and overwriting it.
  (matrix,) = cached_arrays(
/Users/jkarpie-admin/work/building/pixel/src/pixel/kernels/evolution/assembly.py:751: RuntimeWarning: LOUD WARNING: kernel cache /Users/jkarpie-admin/work/building/pixel_closure/closure_NNPDF_truth_small/data/_kernel_cache/exp/slac_d_f2__F2_u_plus_d_minus_2s__evolution__evolution_q2_1.66.npz could not be reused (kernel source fingerprint mismatch); recomputing and overwriting it.
  matrix, convergence = cached_arrays(
/Users/jkarpie-admin/work/building/pixel/src/pixel/kernels/evolution/assembly.py:751: RuntimeWarning: LOUD WARNING: kernel cache /Users/jkarpie-admin/work/building/pixel_closure/closure_NNPDF_truth_small/data/_kernel_cache/exp/slac_d_f2__F2_u_plus_d_minus_2s__evolution__evolution_q2_2.14.npz could not be reused (kernel source fingerprint mismatch); recomputing and overwriting it.
  matrix, convergence = cached_arrays(
/Users/jkarpie-admin/work/building/pixel/src/pixel/kernels/evolution/assembly.py:751: RuntimeWarning: LOUD WARNING: kernel cache /Users/jkarpie-admin/work/building/pixel_closure/closure_NNPDF_truth_small/data/_kernel_cache/exp/slac_d_f2__F2_u_plus_d_minus_2s__evolution__evolution_q2_2.36.npz could not be reused (kernel source fingerprint mismatch); recomputing and overwriting it.
  matrix, convergence = cached_arrays(
/Users/jkarpie-admin/work/building/pixel/src/pixel/kernels/evolution/assembly.py:751: RuntimeWarning: LOUD WARNING: kernel cache /Users/jkarpie-admin/work/building/pixel_closure/closure_NNPDF_truth_small/data/_kernel_cache/exp/slac_d_f2__F2_u_plus_d_minus_2s__evolution__evolution_q2_2.51.npz could not be reused (kernel source fingerprint mismatch); recomputing and overwriting it.
  matrix, convergence = cached_arrays(
/Users/jkarpie-admin/work/building/pixel/src/pixel/kernels/evolution/assembly.py:751: RuntimeWarning: LOUD WARNING: kernel cache /Users/jkarpie-admin/work/building/pixel_closure/closure_NNPDF_truth_small/data/_kernel_cache/exp/slac_d_f2__F2_u_plus_d_minus_2s__evolution__evolution_q2_3.36.npz could not be reused (kernel source fingerprint mismatch); recomputing and overwriting it.
  matrix, convergence = cached_arrays(
/Users/jkarpie-admin/work/building/pixel/src/pixel/kernels/evolution/assembly.py:751: RuntimeWarning: LOUD WARNING: kernel cache /Users/jkarpie-admin/work/building/pixel_closure/closure_NNPDF_truth_small/data/_kernel_cache/exp/slac_d_f2__F2_u_plus_d_minus_2s__evolution__evolution_q2_3.62.npz could not be reused (kernel source fingerprint mismatch); recomputing and overwriting it.
  matrix, convergence = cached_arrays(
/Users/jkarpie-admin/work/building/pixel/src/pixel/kernels/evolution/assembly.py:751: RuntimeWarning: LOUD WARNING: kernel cache /Users/jkarpie-admin/work/building/pixel_closure/closure_NNPDF_truth_small/data/_kernel_cache/exp/slac_d_f2__F2_u_plus_d_minus_2s__evolution__evolution_q2_5.09.npz could not be reused (kernel source fingerprint mismatch); recomputing and overwriting it.
  matrix, convergence = cached_arrays(
/Users/jkarpie-admin/work/building/pixel/src/pixel/kernels/evolution/assembly.py:751: RuntimeWarning: LOUD WARNING: kernel cache /Users/jkarpie-admin/work/building/pixel_closure/closure_NNPDF_truth_small/data/_kernel_cache/exp/slac_d_f2__F2_u_plus_d_minus_2s__evolution__evolution_q2_5.14.npz could not be reused (kernel source fingerprint mismatch); recomputing and overwriting it.
  matrix, convergence = cached_arrays(
/Users/jkarpie-admin/work/building/pixel/src/pixel/kernels/evolution/assembly.py:751: RuntimeWarning: LOUD WARNING: kernel cache /Users/jkarpie-admin/work/building/pixel_closure/closure_NNPDF_truth_small/data/_kernel_cache/exp/slac_d_f2__F2_u_plus_d_minus_2s__evolution__evolution_q2_6.68.npz could not be reused (kernel source fingerprint mismatch); recomputing and overwriting it.
  matrix, convergence = cached_arrays(
/Users/jkarpie-admin/work/building/pixel/src/pixel/kernels/evolution/assembly.py:751: RuntimeWarning: LOUD WARNING: kernel cache /Users/jkarpie-admin/work/building/pixel_closure/closure_NNPDF_truth_small/data/_kernel_cache/exp/slac_d_f2__F2_u_plus_d_minus_2s__evolution__evolution_q2_7.31.npz could not be reused (kernel source fingerprint mismatch); recomputing and overwriting it.
  matrix, convergence = cached_arrays(
/Users/jkarpie-admin/work/building/pixel/src/pixel/kernels/evolution/assembly.py:751: RuntimeWarning: LOUD WARNING: kernel cache /Users/jkarpie-admin/work/building/pixel_closure/closure_NNPDF_truth_small/data/_kernel_cache/exp/slac_d_f2__F2_u_plus_d_minus_2s__evolution__evolution_q2_8.56.npz could not be reused (kernel source fingerprint mismatch); recomputing and overwriting it.
  matrix, convergence = cached_arrays(
/Users/jkarpie-admin/work/building/pixel/src/pixel/kernels/evolution/assembly.py:751: RuntimeWarning: LOUD WARNING: kernel cache /Users/jkarpie-admin/work/building/pixel_closure/closure_NNPDF_truth_small/data/_kernel_cache/exp/slac_d_f2__F2_u_plus_d_minus_2s__evolution__evolution_q2_11.39.npz could not be reused (kernel source fingerprint mismatch); recomputing and overwriting it.
  matrix, convergence = cached_arrays(
/Users/jkarpie-admin/work/building/pixel/src/pixel/kernels/evolution/assembly.py:751: RuntimeWarning: LOUD WARNING: kernel cache /Users/jkarpie-admin/work/building/pixel_closure/closure_NNPDF_truth_small/data/_kernel_cache/exp/slac_d_f2__F2_u_plus_d_minus_2s__evolution__evolution_q2_11.56.npz could not be reused (kernel source fingerprint mismatch); recomputing and overwriting it.
  matrix, convergence = cached_arrays(
/Users/jkarpie-admin/work/building/pixel/src/pixel/kernels/evolution/assembly.py:751: RuntimeWarning: LOUD WARNING: kernel cache /Users/jkarpie-admin/work/building/pixel_closure/closure_NNPDF_truth_small/data/_kernel_cache/exp/slac_d_f2__F2_u_plus_d_minus_2s__evolution__evolution_q2_13.52.npz could not be reused (kernel source fingerprint mismatch); recomputing and overwriting it.
  matrix, convergence = cached_arrays(
/Users/jkarpie-admin/work/building/pixel/src/pixel/kernels/evolution/assembly.py:751: RuntimeWarning: LOUD WARNING: kernel cache /Users/jkarpie-admin/work/building/pixel_closure/closure_NNPDF_truth_small/data/_kernel_cache/exp/slac_d_f2__F2_u_plus_d_minus_2s__evolution__evolution_q2_13.91.npz could not be reused (kernel source fingerprint mismatch); recomputing and overwriting it.
  matrix, convergence = cached_arrays(
/Users/jkarpie-admin/work/building/pixel/src/pixel/kernels/evolution/assembly.py:751: RuntimeWarning: LOUD WARNING: kernel cache /Users/jkarpie-admin/work/building/pixel_closure/closure_NNPDF_truth_small/data/_kernel_cache/exp/slac_d_f2__F2_u_plus_d_minus_2s__evolution__evolution_q2_24.84.npz could not be reused (kernel source fingerprint mismatch); recomputing and overwriting it.
  matrix, convergence = cached_arrays(
/Users/jkarpie-admin/work/building/pixel/src/pixel/kernels/_cache.py:1504: RuntimeWarning: LOUD WARNING: kernel cache /Users/jkarpie-admin/work/building/pixel_closure/closure_NNPDF_truth_small/data/_kernel_cache/exp/slac_d_f2__F2_u_plus_d_plus_s_minus_3c.npz could not be reused (kernel source fingerprint mismatch); recomputing and overwriting it.
  (matrix,) = cached_arrays(
/Users/jkarpie-admin/work/building/pixel/src/pixel/kernels/evolution/matrices.py:860: RuntimeWarning: LOUD WARNING: kernel cache /Users/jkarpie-admin/work/building/pixel_closure/closure_NNPDF_truth_small/data/_kernel_cache/exp/slac_d_f2__F2_u_plus_d_plus_s_minus_3c__evolution.npz could not be reused (kernel source fingerprint mismatch); recomputing and overwriting it.
  (matrix,) = cached_arrays(
/Users/jkarpie-admin/work/building/pixel/src/pixel/kernels/evolution/assembly.py:751: RuntimeWarning: LOUD WARNING: kernel cache /Users/jkarpie-admin/work/building/pixel_closure/closure_NNPDF_truth_small/data/_kernel_cache/exp/slac_d_f2__F2_u_plus_d_plus_s_minus_3c__evolution__evolution_q2_1.66.npz could not be reused (kernel source fingerprint mismatch); recomputing and overwriting it.
  matrix, convergence = cached_arrays(
/Users/jkarpie-admin/work/building/pixel/src/pixel/kernels/evolution/assembly.py:751: RuntimeWarning: LOUD WARNING: kernel cache /Users/jkarpie-admin/work/building/pixel_closure/closure_NNPDF_truth_small/data/_kernel_cache/exp/slac_d_f2__F2_u_plus_d_plus_s_minus_3c__evolution__evolution_q2_2.14.npz could not be reused (kernel source fingerprint mismatch); recomputing and overwriting it.
  matrix, convergence = cached_arrays(
/Users/jkarpie-admin/work/building/pixel/src/pixel/kernels/evolution/assembly.py:751: RuntimeWarning: LOUD WARNING: kernel cache /Users/jkarpie-admin/work/building/pixel_closure/closure_NNPDF_truth_small/data/_kernel_cache/exp/slac_d_f2__F2_u_plus_d_plus_s_minus_3c__evolution__evolution_q2_2.36.npz could not be reused (kernel source fingerprint mismatch); recomputing and overwriting it.
  matrix, convergence = cached_arrays(
/Users/jkarpie-admin/work/building/pixel/src/pixel/kernels/evolution/assembly.py:751: RuntimeWarning: LOUD WARNING: kernel cache /Users/jkarpie-admin/work/building/pixel_closure/closure_NNPDF_truth_small/data/_kernel_cache/exp/slac_d_f2__F2_u_plus_d_plus_s_minus_3c__evolution__evolution_q2_2.51.npz could not be reused (kernel source fingerprint mismatch); recomputing and overwriting it.
  matrix, convergence = cached_arrays(
/Users/jkarpie-admin/work/building/pixel/src/pixel/kernels/evolution/assembly.py:751: RuntimeWarning: LOUD WARNING: kernel cache /Users/jkarpie-admin/work/building/pixel_closure/closure_NNPDF_truth_small/data/_kernel_cache/exp/slac_d_f2__F2_u_plus_d_plus_s_minus_3c__evolution__evolution_q2_3.36.npz could not be reused (kernel source fingerprint mismatch); recomputing and overwriting it.
  matrix, convergence = cached_arrays(
/Users/jkarpie-admin/work/building/pixel/src/pixel/kernels/evolution/assembly.py:751: RuntimeWarning: LOUD WARNING: kernel cache /Users/jkarpie-admin/work/building/pixel_closure/closure_NNPDF_truth_small/data/_kernel_cache/exp/slac_d_f2__F2_u_plus_d_plus_s_minus_3c__evolution__evolution_q2_3.62.npz could not be reused (kernel source fingerprint mismatch); recomputing and overwriting it.
  matrix, convergence = cached_arrays(
/Users/jkarpie-admin/work/building/pixel/src/pixel/kernels/evolution/assembly.py:751: RuntimeWarning: LOUD WARNING: kernel cache /Users/jkarpie-admin/work/building/pixel_closure/closure_NNPDF_truth_small/data/_kernel_cache/exp/slac_d_f2__F2_u_plus_d_plus_s_minus_3c__evolution__evolution_q2_5.09.npz could not be reused (kernel source fingerprint mismatch); recomputing and overwriting it.
  matrix, convergence = cached_arrays(
/Users/jkarpie-admin/work/building/pixel/src/pixel/kernels/evolution/assembly.py:751: RuntimeWarning: LOUD WARNING: kernel cache /Users/jkarpie-admin/work/building/pixel_closure/closure_NNPDF_truth_small/data/_kernel_cache/exp/slac_d_f2__F2_u_plus_d_plus_s_minus_3c__evolution__evolution_q2_5.14.npz could not be reused (kernel source fingerprint mismatch); recomputing and overwriting it.
  matrix, convergence = cached_arrays(
/Users/jkarpie-admin/work/building/pixel/src/pixel/kernels/evolution/assembly.py:751: RuntimeWarning: LOUD WARNING: kernel cache /Users/jkarpie-admin/work/building/pixel_closure/closure_NNPDF_truth_small/data/_kernel_cache/exp/slac_d_f2__F2_u_plus_d_plus_s_minus_3c__evolution__evolution_q2_6.68.npz could not be reused (kernel source fingerprint mismatch); recomputing and overwriting it.
  matrix, convergence = cached_arrays(
/Users/jkarpie-admin/work/building/pixel/src/pixel/kernels/evolution/assembly.py:751: RuntimeWarning: LOUD WARNING: kernel cache /Users/jkarpie-admin/work/building/pixel_closure/closure_NNPDF_truth_small/data/_kernel_cache/exp/slac_d_f2__F2_u_plus_d_plus_s_minus_3c__evolution__evolution_q2_7.31.npz could not be reused (kernel source fingerprint mismatch); recomputing and overwriting it.
  matrix, convergence = cached_arrays(
/Users/jkarpie-admin/work/building/pixel/src/pixel/kernels/evolution/assembly.py:751: RuntimeWarning: LOUD WARNING: kernel cache /Users/jkarpie-admin/work/building/pixel_closure/closure_NNPDF_truth_small/data/_kernel_cache/exp/slac_d_f2__F2_u_plus_d_plus_s_minus_3c__evolution__evolution_q2_8.56.npz could not be reused (kernel source fingerprint mismatch); recomputing and overwriting it.
  matrix, convergence = cached_arrays(
/Users/jkarpie-admin/work/building/pixel/src/pixel/kernels/evolution/assembly.py:751: RuntimeWarning: LOUD WARNING: kernel cache /Users/jkarpie-admin/work/building/pixel_closure/closure_NNPDF_truth_small/data/_kernel_cache/exp/slac_d_f2__F2_u_plus_d_plus_s_minus_3c__evolution__evolution_q2_11.39.npz could not be reused (kernel source fingerprint mismatch); recomputing and overwriting it.
  matrix, convergence = cached_arrays(
/Users/jkarpie-admin/work/building/pixel/src/pixel/kernels/evolution/assembly.py:751: RuntimeWarning: LOUD WARNING: kernel cache /Users/jkarpie-admin/work/building/pixel_closure/closure_NNPDF_truth_small/data/_kernel_cache/exp/slac_d_f2__F2_u_plus_d_plus_s_minus_3c__evolution__evolution_q2_11.56.npz could not be reused (kernel source fingerprint mismatch); recomputing and overwriting it.
  matrix, convergence = cached_arrays(
/Users/jkarpie-admin/work/building/pixel/src/pixel/kernels/evolution/assembly.py:751: RuntimeWarning: LOUD WARNING: kernel cache /Users/jkarpie-admin/work/building/pixel_closure/closure_NNPDF_truth_small/data/_kernel_cache/exp/slac_d_f2__F2_u_plus_d_plus_s_minus_3c__evolution__evolution_q2_13.52.npz could not be reused (kernel source fingerprint mismatch); recomputing and overwriting it.
  matrix, convergence = cached_arrays(
/Users/jkarpie-admin/work/building/pixel/src/pixel/kernels/evolution/assembly.py:751: RuntimeWarning: LOUD WARNING: kernel cache /Users/jkarpie-admin/work/building/pixel_closure/closure_NNPDF_truth_small/data/_kernel_cache/exp/slac_d_f2__F2_u_plus_d_plus_s_minus_3c__evolution__evolution_q2_13.91.npz could not be reused (kernel source fingerprint mismatch); recomputing and overwriting it.
  matrix, convergence = cached_arrays(
/Users/jkarpie-admin/work/building/pixel/src/pixel/kernels/evolution/assembly.py:751: RuntimeWarning: LOUD WARNING: kernel cache /Users/jkarpie-admin/work/building/pixel_closure/closure_NNPDF_truth_small/data/_kernel_cache/exp/slac_d_f2__F2_u_plus_d_plus_s_minus_3c__evolution__evolution_q2_24.84.npz could not be reused (kernel source fingerprint mismatch); recomputing and overwriting it.
  matrix, convergence = cached_arrays(
/Users/jkarpie-admin/work/building/pixel/src/pixel/kernels/_cache.py:1504: RuntimeWarning: LOUD WARNING: kernel cache /Users/jkarpie-admin/work/building/pixel_closure/closure_NNPDF_truth_small/data/_kernel_cache/exp/slac_d_f2__F2_singlet.npz could not be reused (kernel source fingerprint mismatch); recomputing and overwriting it.
  (matrix,) = cached_arrays(
/Users/jkarpie-admin/work/building/pixel/src/pixel/kernels/evolution/matrices.py:1200: RuntimeWarning: LOUD WARNING: kernel cache /Users/jkarpie-admin/work/building/pixel_closure/closure_NNPDF_truth_small/data/_kernel_cache/exp/slac_d_f2__F2_singlet__evolution.npz could not be reused (kernel source fingerprint mismatch); recomputing and overwriting it.
  (matrix,) = cached_arrays(
/Users/jkarpie-admin/work/building/pixel/src/pixel/kernels/evolution/assembly.py:994: RuntimeWarning: LOUD WARNING: kernel cache /Users/jkarpie-admin/work/building/pixel_closure/closure_NNPDF_truth_small/data/_kernel_cache/exp/slac_d_f2__F2_singlet__evolution__evolution_q2_1.66.npz could not be reused (kernel source fingerprint mismatch); recomputing and overwriting it.
  matrix, convergence = cached_arrays(
/Users/jkarpie-admin/work/building/pixel/src/pixel/kernels/evolution/assembly.py:994: RuntimeWarning: LOUD WARNING: kernel cache /Users/jkarpie-admin/work/building/pixel_closure/closure_NNPDF_truth_small/data/_kernel_cache/exp/slac_d_f2__F2_singlet__evolution__evolution_q2_2.14.npz could not be reused (kernel source fingerprint mismatch); recomputing and overwriting it.
  matrix, convergence = cached_arrays(
/Users/jkarpie-admin/work/building/pixel/src/pixel/kernels/evolution/assembly.py:994: RuntimeWarning: LOUD WARNING: kernel cache /Users/jkarpie-admin/work/building/pixel_closure/closure_NNPDF_truth_small/data/_kernel_cache/exp/slac_d_f2__F2_singlet__evolution__evolution_q2_2.36.npz could not be reused (kernel source fingerprint mismatch); recomputing and overwriting it.
  matrix, convergence = cached_arrays(
/Users/jkarpie-admin/work/building/pixel/src/pixel/kernels/evolution/assembly.py:994: RuntimeWarning: LOUD WARNING: kernel cache /Users/jkarpie-admin/work/building/pixel_closure/closure_NNPDF_truth_small/data/_kernel_cache/exp/slac_d_f2__F2_singlet__evolution__evolution_q2_2.51.npz could not be reused (kernel source fingerprint mismatch); recomputing and overwriting it.
  matrix, convergence = cached_arrays(
/Users/jkarpie-admin/work/building/pixel/src/pixel/kernels/evolution/assembly.py:994: RuntimeWarning: LOUD WARNING: kernel cache /Users/jkarpie-admin/work/building/pixel_closure/closure_NNPDF_truth_small/data/_kernel_cache/exp/slac_d_f2__F2_singlet__evolution__evolution_q2_3.36.npz could not be reused (kernel source fingerprint mismatch); recomputing and overwriting it.
  matrix, convergence = cached_arrays(
/Users/jkarpie-admin/work/building/pixel/src/pixel/kernels/evolution/assembly.py:994: RuntimeWarning: LOUD WARNING: kernel cache /Users/jkarpie-admin/work/building/pixel_closure/closure_NNPDF_truth_small/data/_kernel_cache/exp/slac_d_f2__F2_singlet__evolution__evolution_q2_3.62.npz could not be reused (kernel source fingerprint mismatch); recomputing and overwriting it.
  matrix, convergence = cached_arrays(
/Users/jkarpie-admin/work/building/pixel/src/pixel/kernels/evolution/assembly.py:994: RuntimeWarning: LOUD WARNING: kernel cache /Users/jkarpie-admin/work/building/pixel_closure/closure_NNPDF_truth_small/data/_kernel_cache/exp/slac_d_f2__F2_singlet__evolution__evolution_q2_5.09.npz could not be reused (kernel source fingerprint mismatch); recomputing and overwriting it.
  matrix, convergence = cached_arrays(
/Users/jkarpie-admin/work/building/pixel/src/pixel/kernels/evolution/assembly.py:994: RuntimeWarning: LOUD WARNING: kernel cache /Users/jkarpie-admin/work/building/pixel_closure/closure_NNPDF_truth_small/data/_kernel_cache/exp/slac_d_f2__F2_singlet__evolution__evolution_q2_5.14.npz could not be reused (kernel source fingerprint mismatch); recomputing and overwriting it.
  matrix, convergence = cached_arrays(
/Users/jkarpie-admin/work/building/pixel/src/pixel/kernels/evolution/assembly.py:994: RuntimeWarning: LOUD WARNING: kernel cache /Users/jkarpie-admin/work/building/pixel_closure/closure_NNPDF_truth_small/data/_kernel_cache/exp/slac_d_f2__F2_singlet__evolution__evolution_q2_6.68.npz could not be reused (kernel source fingerprint mismatch); recomputing and overwriting it.
  matrix, convergence = cached_arrays(
/Users/jkarpie-admin/work/building/pixel/src/pixel/kernels/evolution/assembly.py:994: RuntimeWarning: LOUD WARNING: kernel cache /Users/jkarpie-admin/work/building/pixel_closure/closure_NNPDF_truth_small/data/_kernel_cache/exp/slac_d_f2__F2_singlet__evolution__evolution_q2_7.31.npz could not be reused (kernel source fingerprint mismatch); recomputing and overwriting it.
  matrix, convergence = cached_arrays(
/Users/jkarpie-admin/work/building/pixel/src/pixel/kernels/evolution/assembly.py:994: RuntimeWarning: LOUD WARNING: kernel cache /Users/jkarpie-admin/work/building/pixel_closure/closure_NNPDF_truth_small/data/_kernel_cache/exp/slac_d_f2__F2_singlet__evolution__evolution_q2_8.56.npz could not be reused (kernel source fingerprint mismatch); recomputing and overwriting it.
  matrix, convergence = cached_arrays(
/Users/jkarpie-admin/work/building/pixel/src/pixel/kernels/evolution/assembly.py:994: RuntimeWarning: LOUD WARNING: kernel cache /Users/jkarpie-admin/work/building/pixel_closure/closure_NNPDF_truth_small/data/_kernel_cache/exp/slac_d_f2__F2_singlet__evolution__evolution_q2_11.39.npz could not be reused (kernel source fingerprint mismatch); recomputing and overwriting it.
  matrix, convergence = cached_arrays(
/Users/jkarpie-admin/work/building/pixel/src/pixel/kernels/evolution/assembly.py:994: RuntimeWarning: LOUD WARNING: kernel cache /Users/jkarpie-admin/work/building/pixel_closure/closure_NNPDF_truth_small/data/_kernel_cache/exp/slac_d_f2__F2_singlet__evolution__evolution_q2_11.56.npz could not be reused (kernel source fingerprint mismatch); recomputing and overwriting it.
  matrix, convergence = cached_arrays(
/Users/jkarpie-admin/work/building/pixel/src/pixel/kernels/evolution/assembly.py:994: RuntimeWarning: LOUD WARNING: kernel cache /Users/jkarpie-admin/work/building/pixel_closure/closure_NNPDF_truth_small/data/_kernel_cache/exp/slac_d_f2__F2_singlet__evolution__evolution_q2_13.52.npz could not be reused (kernel source fingerprint mismatch); recomputing and overwriting it.
  matrix, convergence = cached_arrays(
/Users/jkarpie-admin/work/building/pixel/src/pixel/kernels/evolution/assembly.py:994: RuntimeWarning: LOUD WARNING: kernel cache /Users/jkarpie-admin/work/building/pixel_closure/closure_NNPDF_truth_small/data/_kernel_cache/exp/slac_d_f2__F2_singlet__evolution__evolution_q2_13.91.npz could not be reused (kernel source fingerprint mismatch); recomputing and overwriting it.
  matrix, convergence = cached_arrays(
/Users/jkarpie-admin/work/building/pixel/src/pixel/kernels/evolution/assembly.py:994: RuntimeWarning: LOUD WARNING: kernel cache /Users/jkarpie-admin/work/building/pixel_closure/closure_NNPDF_truth_small/data/_kernel_cache/exp/slac_d_f2__F2_singlet__evolution__evolution_q2_24.84.npz could not be reused (kernel source fingerprint mismatch); recomputing and overwriting it.
  matrix, convergence = cached_arrays(
/Users/jkarpie-admin/work/building/pixel/src/pixel/kernels/_cache.py:1504: RuntimeWarning: LOUD WARNING: kernel cache /Users/jkarpie-admin/work/building/pixel_closure/closure_NNPDF_truth_small/data/_kernel_cache/exp/slac_d_f2__F2_gluon.npz could not be reused (kernel source fingerprint mismatch); recomputing and overwriting it.
  (matrix,) = cached_arrays(
/Users/jkarpie-admin/work/building/pixel/src/pixel/kernels/evolution/matrices.py:1200: RuntimeWarning: LOUD WARNING: kernel cache /Users/jkarpie-admin/work/building/pixel_closure/closure_NNPDF_truth_small/data/_kernel_cache/exp/slac_d_f2__F2_gluon__evolution.npz could not be reused (kernel source fingerprint mismatch); recomputing and overwriting it.
  (matrix,) = cached_arrays(
/Users/jkarpie-admin/work/building/pixel/src/pixel/kernels/evolution/assembly.py:994: RuntimeWarning: LOUD WARNING: kernel cache /Users/jkarpie-admin/work/building/pixel_closure/closure_NNPDF_truth_small/data/_kernel_cache/exp/slac_d_f2__F2_gluon__evolution__evolution_q2_1.66.npz could not be reused (kernel source fingerprint mismatch); recomputing and overwriting it.
  matrix, convergence = cached_arrays(
/Users/jkarpie-admin/work/building/pixel/src/pixel/kernels/evolution/assembly.py:994: RuntimeWarning: LOUD WARNING: kernel cache /Users/jkarpie-admin/work/building/pixel_closure/closure_NNPDF_truth_small/data/_kernel_cache/exp/slac_d_f2__F2_gluon__evolution__evolution_q2_2.14.npz could not be reused (kernel source fingerprint mismatch); recomputing and overwriting it.
  matrix, convergence = cached_arrays(
/Users/jkarpie-admin/work/building/pixel/src/pixel/kernels/evolution/assembly.py:994: RuntimeWarning: LOUD WARNING: kernel cache /Users/jkarpie-admin/work/building/pixel_closure/closure_NNPDF_truth_small/data/_kernel_cache/exp/slac_d_f2__F2_gluon__evolution__evolution_q2_2.36.npz could not be reused (kernel source fingerprint mismatch); recomputing and overwriting it.
  matrix, convergence = cached_arrays(
/Users/jkarpie-admin/work/building/pixel/src/pixel/kernels/evolution/assembly.py:994: RuntimeWarning: LOUD WARNING: kernel cache /Users/jkarpie-admin/work/building/pixel_closure/closure_NNPDF_truth_small/data/_kernel_cache/exp/slac_d_f2__F2_gluon__evolution__evolution_q2_2.51.npz could not be reused (kernel source fingerprint mismatch); recomputing and overwriting it.
  matrix, convergence = cached_arrays(
/Users/jkarpie-admin/work/building/pixel/src/pixel/kernels/evolution/assembly.py:994: RuntimeWarning: LOUD WARNING: kernel cache /Users/jkarpie-admin/work/building/pixel_closure/closure_NNPDF_truth_small/data/_kernel_cache/exp/slac_d_f2__F2_gluon__evolution__evolution_q2_3.36.npz could not be reused (kernel source fingerprint mismatch); recomputing and overwriting it.
  matrix, convergence = cached_arrays(
/Users/jkarpie-admin/work/building/pixel/src/pixel/kernels/evolution/assembly.py:994: RuntimeWarning: LOUD WARNING: kernel cache /Users/jkarpie-admin/work/building/pixel_closure/closure_NNPDF_truth_small/data/_kernel_cache/exp/slac_d_f2__F2_gluon__evolution__evolution_q2_3.62.npz could not be reused (kernel source fingerprint mismatch); recomputing and overwriting it.
  matrix, convergence = cached_arrays(
/Users/jkarpie-admin/work/building/pixel/src/pixel/kernels/evolution/assembly.py:994: RuntimeWarning: LOUD WARNING: kernel cache /Users/jkarpie-admin/work/building/pixel_closure/closure_NNPDF_truth_small/data/_kernel_cache/exp/slac_d_f2__F2_gluon__evolution__evolution_q2_5.09.npz could not be reused (kernel source fingerprint mismatch); recomputing and overwriting it.
  matrix, convergence = cached_arrays(
/Users/jkarpie-admin/work/building/pixel/src/pixel/kernels/evolution/assembly.py:994: RuntimeWarning: LOUD WARNING: kernel cache /Users/jkarpie-admin/work/building/pixel_closure/closure_NNPDF_truth_small/data/_kernel_cache/exp/slac_d_f2__F2_gluon__evolution__evolution_q2_5.14.npz could not be reused (kernel source fingerprint mismatch); recomputing and overwriting it.
  matrix, convergence = cached_arrays(
/Users/jkarpie-admin/work/building/pixel/src/pixel/kernels/evolution/assembly.py:994: RuntimeWarning: LOUD WARNING: kernel cache /Users/jkarpie-admin/work/building/pixel_closure/closure_NNPDF_truth_small/data/_kernel_cache/exp/slac_d_f2__F2_gluon__evolution__evolution_q2_6.68.npz could not be reused (kernel source fingerprint mismatch); recomputing and overwriting it.
  matrix, convergence = cached_arrays(
/Users/jkarpie-admin/work/building/pixel/src/pixel/kernels/evolution/assembly.py:994: RuntimeWarning: LOUD WARNING: kernel cache /Users/jkarpie-admin/work/building/pixel_closure/closure_NNPDF_truth_small/data/_kernel_cache/exp/slac_d_f2__F2_gluon__evolution__evolution_q2_7.31.npz could not be reused (kernel source fingerprint mismatch); recomputing and overwriting it.
  matrix, convergence = cached_arrays(
/Users/jkarpie-admin/work/building/pixel/src/pixel/kernels/evolution/assembly.py:994: RuntimeWarning: LOUD WARNING: kernel cache /Users/jkarpie-admin/work/building/pixel_closure/closure_NNPDF_truth_small/data/_kernel_cache/exp/slac_d_f2__F2_gluon__evolution__evolution_q2_8.56.npz could not be reused (kernel source fingerprint mismatch); recomputing and overwriting it.
  matrix, convergence = cached_arrays(
/Users/jkarpie-admin/work/building/pixel/src/pixel/kernels/evolution/assembly.py:994: RuntimeWarning: LOUD WARNING: kernel cache /Users/jkarpie-admin/work/building/pixel_closure/closure_NNPDF_truth_small/data/_kernel_cache/exp/slac_d_f2__F2_gluon__evolution__evolution_q2_11.39.npz could not be reused (kernel source fingerprint mismatch); recomputing and overwriting it.
  matrix, convergence = cached_arrays(
/Users/jkarpie-admin/work/building/pixel/src/pixel/kernels/evolution/assembly.py:994: RuntimeWarning: LOUD WARNING: kernel cache /Users/jkarpie-admin/work/building/pixel_closure/closure_NNPDF_truth_small/data/_kernel_cache/exp/slac_d_f2__F2_gluon__evolution__evolution_q2_11.56.npz could not be reused (kernel source fingerprint mismatch); recomputing and overwriting it.
  matrix, convergence = cached_arrays(
/Users/jkarpie-admin/work/building/pixel/src/pixel/kernels/evolution/assembly.py:994: RuntimeWarning: LOUD WARNING: kernel cache /Users/jkarpie-admin/work/building/pixel_closure/closure_NNPDF_truth_small/data/_kernel_cache/exp/slac_d_f2__F2_gluon__evolution__evolution_q2_13.52.npz could not be reused (kernel source fingerprint mismatch); recomputing and overwriting it.
  matrix, convergence = cached_arrays(
/Users/jkarpie-admin/work/building/pixel/src/pixel/kernels/evolution/assembly.py:994: RuntimeWarning: LOUD WARNING: kernel cache /Users/jkarpie-admin/work/building/pixel_closure/closure_NNPDF_truth_small/data/_kernel_cache/exp/slac_d_f2__F2_gluon__evolution__evolution_q2_13.91.npz could not be reused (kernel source fingerprint mismatch); recomputing and overwriting it.
  matrix, convergence = cached_arrays(
/Users/jkarpie-admin/work/building/pixel/src/pixel/kernels/evolution/assembly.py:994: RuntimeWarning: LOUD WARNING: kernel cache /Users/jkarpie-admin/work/building/pixel_closure/closure_NNPDF_truth_small/data/_kernel_cache/exp/slac_d_f2__F2_gluon__evolution__evolution_q2_24.84.npz could not be reused (kernel source fingerprint mismatch); recomputing and overwriting it.
  matrix, convergence = cached_arrays(
/Users/jkarpie-admin/work/building/pixel/src/pixel/kernels/_cache.py:1504: RuntimeWarning: LOUD WARNING: kernel cache /Users/jkarpie-admin/work/building/pixel_closure/closure_NNPDF_truth_small/data/_kernel_cache/exp/bcdms_d_f2__F2_u_plus_d_minus_2s.npz could not be reused (kernel source fingerprint mismatch); recomputing and overwriting it.
  (matrix,) = cached_arrays(
/Users/jkarpie-admin/work/building/pixel/src/pixel/kernels/evolution/matrices.py:860: RuntimeWarning: LOUD WARNING: kernel cache /Users/jkarpie-admin/work/building/pixel_closure/closure_NNPDF_truth_small/data/_kernel_cache/exp/bcdms_d_f2__F2_u_plus_d_minus_2s__evolution.npz could not be reused (kernel source fingerprint mismatch); recomputing and overwriting it.
  (matrix,) = cached_arrays(
/Users/jkarpie-admin/work/building/pixel/src/pixel/kernels/evolution/assembly.py:751: RuntimeWarning: LOUD WARNING: kernel cache /Users/jkarpie-admin/work/building/pixel_closure/closure_NNPDF_truth_small/data/_kernel_cache/exp/bcdms_d_f2__F2_u_plus_d_minus_2s__evolution__evolution_q2_8.75.npz could not be reused (kernel source fingerprint mismatch); recomputing and overwriting it.
  matrix, convergence = cached_arrays(
/Users/jkarpie-admin/work/building/pixel/src/pixel/kernels/evolution/assembly.py:751: RuntimeWarning: LOUD WARNING: kernel cache /Users/jkarpie-admin/work/building/pixel_closure/closure_NNPDF_truth_small/data/_kernel_cache/exp/bcdms_d_f2__F2_u_plus_d_minus_2s__evolution__evolution_q2_11.75.npz could not be reused (kernel source fingerprint mismatch); recomputing and overwriting it.
  matrix, convergence = cached_arrays(
/Users/jkarpie-admin/work/building/pixel/src/pixel/kernels/evolution/assembly.py:751: RuntimeWarning: LOUD WARNING: kernel cache /Users/jkarpie-admin/work/building/pixel_closure/closure_NNPDF_truth_small/data/_kernel_cache/exp/bcdms_d_f2__F2_u_plus_d_minus_2s__evolution__evolution_q2_13.25.npz could not be reused (kernel source fingerprint mismatch); recomputing and overwriting it.
  matrix, convergence = cached_arrays(
/Users/jkarpie-admin/work/building/pixel/src/pixel/kernels/evolution/assembly.py:751: RuntimeWarning: LOUD WARNING: kernel cache /Users/jkarpie-admin/work/building/pixel_closure/closure_NNPDF_truth_small/data/_kernel_cache/exp/bcdms_d_f2__F2_u_plus_d_minus_2s__evolution__evolution_q2_15.npz could not be reused (kernel source fingerprint mismatch); recomputing and overwriting it.
  matrix, convergence = cached_arrays(
/Users/jkarpie-admin/work/building/pixel/src/pixel/kernels/evolution/assembly.py:751: RuntimeWarning: LOUD WARNING: kernel cache /Users/jkarpie-admin/work/building/pixel_closure/closure_NNPDF_truth_small/data/_kernel_cache/exp/bcdms_d_f2__F2_u_plus_d_minus_2s__evolution__evolution_q2_19.npz could not be reused (kernel source fingerprint mismatch); recomputing and overwriting it.
  matrix, convergence = cached_arrays(
/Users/jkarpie-admin/work/building/pixel/src/pixel/kernels/evolution/assembly.py:751: RuntimeWarning: LOUD WARNING: kernel cache /Users/jkarpie-admin/work/building/pixel_closure/closure_NNPDF_truth_small/data/_kernel_cache/exp/bcdms_d_f2__F2_u_plus_d_minus_2s__evolution__evolution_q2_24.5.npz could not be reused (kernel source fingerprint mismatch); recomputing and overwriting it.
  matrix, convergence = cached_arrays(
/Users/jkarpie-admin/work/building/pixel/src/pixel/kernels/evolution/assembly.py:751: RuntimeWarning: LOUD WARNING: kernel cache /Users/jkarpie-admin/work/building/pixel_closure/closure_NNPDF_truth_small/data/_kernel_cache/exp/bcdms_d_f2__F2_u_plus_d_minus_2s__evolution__evolution_q2_37.5.npz could not be reused (kernel source fingerprint mismatch); recomputing and overwriting it.
  matrix, convergence = cached_arrays(
/Users/jkarpie-admin/work/building/pixel/src/pixel/kernels/evolution/assembly.py:751: RuntimeWarning: LOUD WARNING: kernel cache /Users/jkarpie-admin/work/building/pixel_closure/closure_NNPDF_truth_small/data/_kernel_cache/exp/bcdms_d_f2__F2_u_plus_d_minus_2s__evolution__evolution_q2_43.npz could not be reused (kernel source fingerprint mismatch); recomputing and overwriting it.
  matrix, convergence = cached_arrays(
/Users/jkarpie-admin/work/building/pixel/src/pixel/kernels/evolution/assembly.py:751: RuntimeWarning: LOUD WARNING: kernel cache /Users/jkarpie-admin/work/building/pixel_closure/closure_NNPDF_truth_small/data/_kernel_cache/exp/bcdms_d_f2__F2_u_plus_d_minus_2s__evolution__evolution_q2_49.5.npz could not be reused (kernel source fingerprint mismatch); recomputing and overwriting it.
  matrix, convergence = cached_arrays(
/Users/jkarpie-admin/work/building/pixel/src/pixel/kernels/evolution/assembly.py:751: RuntimeWarning: LOUD WARNING: kernel cache /Users/jkarpie-admin/work/building/pixel_closure/closure_NNPDF_truth_small/data/_kernel_cache/exp/bcdms_d_f2__F2_u_plus_d_minus_2s__evolution__evolution_q2_57.npz could not be reused (kernel source fingerprint mismatch); recomputing and overwriting it.
  matrix, convergence = cached_arrays(
/Users/jkarpie-admin/work/building/pixel/src/pixel/kernels/evolution/assembly.py:751: RuntimeWarning: LOUD WARNING: kernel cache /Users/jkarpie-admin/work/building/pixel_closure/closure_NNPDF_truth_small/data/_kernel_cache/exp/bcdms_d_f2__F2_u_plus_d_minus_2s__evolution__evolution_q2_65.5.npz could not be reused (kernel source fingerprint mismatch); recomputing and overwriting it.
  matrix, convergence = cached_arrays(
/Users/jkarpie-admin/work/building/pixel/src/pixel/kernels/evolution/assembly.py:751: RuntimeWarning: LOUD WARNING: kernel cache /Users/jkarpie-admin/work/building/pixel_closure/closure_NNPDF_truth_small/data/_kernel_cache/exp/bcdms_d_f2__F2_u_plus_d_minus_2s__evolution__evolution_q2_115.5.npz could not be reused (kernel source fingerprint mismatch); recomputing and overwriting it.
  matrix, convergence = cached_arrays(
/Users/jkarpie-admin/work/building/pixel/src/pixel/kernels/evolution/assembly.py:751: RuntimeWarning: LOUD WARNING: kernel cache /Users/jkarpie-admin/work/building/pixel_closure/closure_NNPDF_truth_small/data/_kernel_cache/exp/bcdms_d_f2__F2_u_plus_d_minus_2s__evolution__evolution_q2_175.npz could not be reused (kernel source fingerprint mismatch); recomputing and overwriting it.
  matrix, convergence = cached_arrays(
/Users/jkarpie-admin/work/building/pixel/src/pixel/kernels/evolution/assembly.py:751: RuntimeWarning: LOUD WARNING: kernel cache /Users/jkarpie-admin/work/building/pixel_closure/closure_NNPDF_truth_small/data/_kernel_cache/exp/bcdms_d_f2__F2_u_plus_d_minus_2s__evolution__evolution_q2_230.npz could not be reused (kernel source fingerprint mismatch); recomputing and overwriting it.
  matrix, convergence = cached_arrays(
/Users/jkarpie-admin/work/building/pixel/src/pixel/kernels/_cache.py:1504: RuntimeWarning: LOUD WARNING: kernel cache /Users/jkarpie-admin/work/building/pixel_closure/closure_NNPDF_truth_small/data/_kernel_cache/exp/bcdms_d_f2__F2_u_plus_d_plus_s_minus_3c.npz could not be reused (kernel source fingerprint mismatch); recomputing and overwriting it.
  (matrix,) = cached_arrays(
/Users/jkarpie-admin/work/building/pixel/src/pixel/kernels/evolution/matrices.py:860: RuntimeWarning: LOUD WARNING: kernel cache /Users/jkarpie-admin/work/building/pixel_closure/closure_NNPDF_truth_small/data/_kernel_cache/exp/bcdms_d_f2__F2_u_plus_d_plus_s_minus_3c__evolution.npz could not be reused (kernel source fingerprint mismatch); recomputing and overwriting it.
  (matrix,) = cached_arrays(
/Users/jkarpie-admin/work/building/pixel/src/pixel/kernels/evolution/assembly.py:751: RuntimeWarning: LOUD WARNING: kernel cache /Users/jkarpie-admin/work/building/pixel_closure/closure_NNPDF_truth_small/data/_kernel_cache/exp/bcdms_d_f2__F2_u_plus_d_plus_s_minus_3c__evolution__evolution_q2_8.75.npz could not be reused (kernel source fingerprint mismatch); recomputing and overwriting it.
  matrix, convergence = cached_arrays(
/Users/jkarpie-admin/work/building/pixel/src/pixel/kernels/evolution/assembly.py:751: RuntimeWarning: LOUD WARNING: kernel cache /Users/jkarpie-admin/work/building/pixel_closure/closure_NNPDF_truth_small/data/_kernel_cache/exp/bcdms_d_f2__F2_u_plus_d_plus_s_minus_3c__evolution__evolution_q2_11.75.npz could not be reused (kernel source fingerprint mismatch); recomputing and overwriting it.
  matrix, convergence = cached_arrays(
/Users/jkarpie-admin/work/building/pixel/src/pixel/kernels/evolution/assembly.py:751: RuntimeWarning: LOUD WARNING: kernel cache /Users/jkarpie-admin/work/building/pixel_closure/closure_NNPDF_truth_small/data/_kernel_cache/exp/bcdms_d_f2__F2_u_plus_d_plus_s_minus_3c__evolution__evolution_q2_13.25.npz could not be reused (kernel source fingerprint mismatch); recomputing and overwriting it.
  matrix, convergence = cached_arrays(
/Users/jkarpie-admin/work/building/pixel/src/pixel/kernels/evolution/assembly.py:751: RuntimeWarning: LOUD WARNING: kernel cache /Users/jkarpie-admin/work/building/pixel_closure/closure_NNPDF_truth_small/data/_kernel_cache/exp/bcdms_d_f2__F2_u_plus_d_plus_s_minus_3c__evolution__evolution_q2_15.npz could not be reused (kernel source fingerprint mismatch); recomputing and overwriting it.
  matrix, convergence = cached_arrays(
/Users/jkarpie-admin/work/building/pixel/src/pixel/kernels/evolution/assembly.py:751: RuntimeWarning: LOUD WARNING: kernel cache /Users/jkarpie-admin/work/building/pixel_closure/closure_NNPDF_truth_small/data/_kernel_cache/exp/bcdms_d_f2__F2_u_plus_d_plus_s_minus_3c__evolution__evolution_q2_19.npz could not be reused (kernel source fingerprint mismatch); recomputing and overwriting it.
  matrix, convergence = cached_arrays(
/Users/jkarpie-admin/work/building/pixel/src/pixel/kernels/evolution/assembly.py:751: RuntimeWarning: LOUD WARNING: kernel cache /Users/jkarpie-admin/work/building/pixel_closure/closure_NNPDF_truth_small/data/_kernel_cache/exp/bcdms_d_f2__F2_u_plus_d_plus_s_minus_3c__evolution__evolution_q2_24.5.npz could not be reused (kernel source fingerprint mismatch); recomputing and overwriting it.
  matrix, convergence = cached_arrays(
/Users/jkarpie-admin/work/building/pixel/src/pixel/kernels/evolution/assembly.py:751: RuntimeWarning: LOUD WARNING: kernel cache /Users/jkarpie-admin/work/building/pixel_closure/closure_NNPDF_truth_small/data/_kernel_cache/exp/bcdms_d_f2__F2_u_plus_d_plus_s_minus_3c__evolution__evolution_q2_37.5.npz could not be reused (kernel source fingerprint mismatch); recomputing and overwriting it.
  matrix, convergence = cached_arrays(
/Users/jkarpie-admin/work/building/pixel/src/pixel/kernels/evolution/assembly.py:751: RuntimeWarning: LOUD WARNING: kernel cache /Users/jkarpie-admin/work/building/pixel_closure/closure_NNPDF_truth_small/data/_kernel_cache/exp/bcdms_d_f2__F2_u_plus_d_plus_s_minus_3c__evolution__evolution_q2_43.npz could not be reused (kernel source fingerprint mismatch); recomputing and overwriting it.
  matrix, convergence = cached_arrays(
/Users/jkarpie-admin/work/building/pixel/src/pixel/kernels/evolution/assembly.py:751: RuntimeWarning: LOUD WARNING: kernel cache /Users/jkarpie-admin/work/building/pixel_closure/closure_NNPDF_truth_small/data/_kernel_cache/exp/bcdms_d_f2__F2_u_plus_d_plus_s_minus_3c__evolution__evolution_q2_49.5.npz could not be reused (kernel source fingerprint mismatch); recomputing and overwriting it.
  matrix, convergence = cached_arrays(
/Users/jkarpie-admin/work/building/pixel/src/pixel/kernels/evolution/assembly.py:751: RuntimeWarning: LOUD WARNING: kernel cache /Users/jkarpie-admin/work/building/pixel_closure/closure_NNPDF_truth_small/data/_kernel_cache/exp/bcdms_d_f2__F2_u_plus_d_plus_s_minus_3c__evolution__evolution_q2_57.npz could not be reused (kernel source fingerprint mismatch); recomputing and overwriting it.
  matrix, convergence = cached_arrays(
/Users/jkarpie-admin/work/building/pixel/src/pixel/kernels/evolution/assembly.py:751: RuntimeWarning: LOUD WARNING: kernel cache /Users/jkarpie-admin/work/building/pixel_closure/closure_NNPDF_truth_small/data/_kernel_cache/exp/bcdms_d_f2__F2_u_plus_d_plus_s_minus_3c__evolution__evolution_q2_65.5.npz could not be reused (kernel source fingerprint mismatch); recomputing and overwriting it.
  matrix, convergence = cached_arrays(
/Users/jkarpie-admin/work/building/pixel/src/pixel/kernels/evolution/assembly.py:751: RuntimeWarning: LOUD WARNING: kernel cache /Users/jkarpie-admin/work/building/pixel_closure/closure_NNPDF_truth_small/data/_kernel_cache/exp/bcdms_d_f2__F2_u_plus_d_plus_s_minus_3c__evolution__evolution_q2_115.5.npz could not be reused (kernel source fingerprint mismatch); recomputing and overwriting it.
  matrix, convergence = cached_arrays(
/Users/jkarpie-admin/work/building/pixel/src/pixel/kernels/evolution/assembly.py:751: RuntimeWarning: LOUD WARNING: kernel cache /Users/jkarpie-admin/work/building/pixel_closure/closure_NNPDF_truth_small/data/_kernel_cache/exp/bcdms_d_f2__F2_u_plus_d_plus_s_minus_3c__evolution__evolution_q2_175.npz could not be reused (kernel source fingerprint mismatch); recomputing and overwriting it.
  matrix, convergence = cached_arrays(
/Users/jkarpie-admin/work/building/pixel/src/pixel/kernels/evolution/assembly.py:751: RuntimeWarning: LOUD WARNING: kernel cache /Users/jkarpie-admin/work/building/pixel_closure/closure_NNPDF_truth_small/data/_kernel_cache/exp/bcdms_d_f2__F2_u_plus_d_plus_s_minus_3c__evolution__evolution_q2_230.npz could not be reused (kernel source fingerprint mismatch); recomputing and overwriting it.
  matrix, convergence = cached_arrays(
/Users/jkarpie-admin/work/building/pixel/src/pixel/kernels/_cache.py:1504: RuntimeWarning: LOUD WARNING: kernel cache /Users/jkarpie-admin/work/building/pixel_closure/closure_NNPDF_truth_small/data/_kernel_cache/exp/bcdms_d_f2__F2_singlet.npz could not be reused (kernel source fingerprint mismatch); recomputing and overwriting it.
  (matrix,) = cached_arrays(
/Users/jkarpie-admin/work/building/pixel/src/pixel/kernels/evolution/matrices.py:1200: RuntimeWarning: LOUD WARNING: kernel cache /Users/jkarpie-admin/work/building/pixel_closure/closure_NNPDF_truth_small/data/_kernel_cache/exp/bcdms_d_f2__F2_singlet__evolution.npz could not be reused (kernel source fingerprint mismatch); recomputing and overwriting it.
  (matrix,) = cached_arrays(
/Users/jkarpie-admin/work/building/pixel/src/pixel/kernels/evolution/assembly.py:994: RuntimeWarning: LOUD WARNING: kernel cache /Users/jkarpie-admin/work/building/pixel_closure/closure_NNPDF_truth_small/data/_kernel_cache/exp/bcdms_d_f2__F2_singlet__evolution__evolution_q2_8.75.npz could not be reused (kernel source fingerprint mismatch); recomputing and overwriting it.
  matrix, convergence = cached_arrays(
/Users/jkarpie-admin/work/building/pixel/src/pixel/kernels/evolution/assembly.py:994: RuntimeWarning: LOUD WARNING: kernel cache /Users/jkarpie-admin/work/building/pixel_closure/closure_NNPDF_truth_small/data/_kernel_cache/exp/bcdms_d_f2__F2_singlet__evolution__evolution_q2_11.75.npz could not be reused (kernel source fingerprint mismatch); recomputing and overwriting it.
  matrix, convergence = cached_arrays(
/Users/jkarpie-admin/work/building/pixel/src/pixel/kernels/evolution/assembly.py:994: RuntimeWarning: LOUD WARNING: kernel cache /Users/jkarpie-admin/work/building/pixel_closure/closure_NNPDF_truth_small/data/_kernel_cache/exp/bcdms_d_f2__F2_singlet__evolution__evolution_q2_13.25.npz could not be reused (kernel source fingerprint mismatch); recomputing and overwriting it.
  matrix, convergence = cached_arrays(
/Users/jkarpie-admin/work/building/pixel/src/pixel/kernels/evolution/assembly.py:994: RuntimeWarning: LOUD WARNING: kernel cache /Users/jkarpie-admin/work/building/pixel_closure/closure_NNPDF_truth_small/data/_kernel_cache/exp/bcdms_d_f2__F2_singlet__evolution__evolution_q2_15.npz could not be reused (kernel source fingerprint mismatch); recomputing and overwriting it.
  matrix, convergence = cached_arrays(
/Users/jkarpie-admin/work/building/pixel/src/pixel/kernels/evolution/assembly.py:994: RuntimeWarning: LOUD WARNING: kernel cache /Users/jkarpie-admin/work/building/pixel_closure/closure_NNPDF_truth_small/data/_kernel_cache/exp/bcdms_d_f2__F2_singlet__evolution__evolution_q2_19.npz could not be reused (kernel source fingerprint mismatch); recomputing and overwriting it.
  matrix, convergence = cached_arrays(
/Users/jkarpie-admin/work/building/pixel/src/pixel/kernels/evolution/assembly.py:994: RuntimeWarning: LOUD WARNING: kernel cache /Users/jkarpie-admin/work/building/pixel_closure/closure_NNPDF_truth_small/data/_kernel_cache/exp/bcdms_d_f2__F2_singlet__evolution__evolution_q2_24.5.npz could not be reused (kernel source fingerprint mismatch); recomputing and overwriting it.
  matrix, convergence = cached_arrays(
/Users/jkarpie-admin/work/building/pixel/src/pixel/kernels/evolution/assembly.py:994: RuntimeWarning: LOUD WARNING: kernel cache /Users/jkarpie-admin/work/building/pixel_closure/closure_NNPDF_truth_small/data/_kernel_cache/exp/bcdms_d_f2__F2_singlet__evolution__evolution_q2_37.5.npz could not be reused (kernel source fingerprint mismatch); recomputing and overwriting it.
  matrix, convergence = cached_arrays(
/Users/jkarpie-admin/work/building/pixel/src/pixel/kernels/evolution/assembly.py:994: RuntimeWarning: LOUD WARNING: kernel cache /Users/jkarpie-admin/work/building/pixel_closure/closure_NNPDF_truth_small/data/_kernel_cache/exp/bcdms_d_f2__F2_singlet__evolution__evolution_q2_43.npz could not be reused (kernel source fingerprint mismatch); recomputing and overwriting it.
  matrix, convergence = cached_arrays(
/Users/jkarpie-admin/work/building/pixel/src/pixel/kernels/evolution/assembly.py:994: RuntimeWarning: LOUD WARNING: kernel cache /Users/jkarpie-admin/work/building/pixel_closure/closure_NNPDF_truth_small/data/_kernel_cache/exp/bcdms_d_f2__F2_singlet__evolution__evolution_q2_49.5.npz could not be reused (kernel source fingerprint mismatch); recomputing and overwriting it.
  matrix, convergence = cached_arrays(
/Users/jkarpie-admin/work/building/pixel/src/pixel/kernels/evolution/assembly.py:994: RuntimeWarning: LOUD WARNING: kernel cache /Users/jkarpie-admin/work/building/pixel_closure/closure_NNPDF_truth_small/data/_kernel_cache/exp/bcdms_d_f2__F2_singlet__evolution__evolution_q2_57.npz could not be reused (kernel source fingerprint mismatch); recomputing and overwriting it.
  matrix, convergence = cached_arrays(
/Users/jkarpie-admin/work/building/pixel/src/pixel/kernels/evolution/assembly.py:994: RuntimeWarning: LOUD WARNING: kernel cache /Users/jkarpie-admin/work/building/pixel_closure/closure_NNPDF_truth_small/data/_kernel_cache/exp/bcdms_d_f2__F2_singlet__evolution__evolution_q2_65.5.npz could not be reused (kernel source fingerprint mismatch); recomputing and overwriting it.
  matrix, convergence = cached_arrays(
/Users/jkarpie-admin/work/building/pixel/src/pixel/kernels/evolution/assembly.py:994: RuntimeWarning: LOUD WARNING: kernel cache /Users/jkarpie-admin/work/building/pixel_closure/closure_NNPDF_truth_small/data/_kernel_cache/exp/bcdms_d_f2__F2_singlet__evolution__evolution_q2_115.5.npz could not be reused (kernel source fingerprint mismatch); recomputing and overwriting it.
  matrix, convergence = cached_arrays(
/Users/jkarpie-admin/work/building/pixel/src/pixel/kernels/evolution/assembly.py:994: RuntimeWarning: LOUD WARNING: kernel cache /Users/jkarpie-admin/work/building/pixel_closure/closure_NNPDF_truth_small/data/_kernel_cache/exp/bcdms_d_f2__F2_singlet__evolution__evolution_q2_175.npz could not be reused (kernel source fingerprint mismatch); recomputing and overwriting it.
  matrix, convergence = cached_arrays(
/Users/jkarpie-admin/work/building/pixel/src/pixel/kernels/evolution/assembly.py:994: RuntimeWarning: LOUD WARNING: kernel cache /Users/jkarpie-admin/work/building/pixel_closure/closure_NNPDF_truth_small/data/_kernel_cache/exp/bcdms_d_f2__F2_singlet__evolution__evolution_q2_230.npz could not be reused (kernel source fingerprint mismatch); recomputing and overwriting it.
  matrix, convergence = cached_arrays(
/Users/jkarpie-admin/work/building/pixel/src/pixel/kernels/_cache.py:1504: RuntimeWarning: LOUD WARNING: kernel cache /Users/jkarpie-admin/work/building/pixel_closure/closure_NNPDF_truth_small/data/_kernel_cache/exp/bcdms_d_f2__F2_gluon.npz could not be reused (kernel source fingerprint mismatch); recomputing and overwriting it.
  (matrix,) = cached_arrays(
/Users/jkarpie-admin/work/building/pixel/src/pixel/kernels/evolution/matrices.py:1200: RuntimeWarning: LOUD WARNING: kernel cache /Users/jkarpie-admin/work/building/pixel_closure/closure_NNPDF_truth_small/data/_kernel_cache/exp/bcdms_d_f2__F2_gluon__evolution.npz could not be reused (kernel source fingerprint mismatch); recomputing and overwriting it.
  (matrix,) = cached_arrays(
/Users/jkarpie-admin/work/building/pixel/src/pixel/kernels/evolution/assembly.py:994: RuntimeWarning: LOUD WARNING: kernel cache /Users/jkarpie-admin/work/building/pixel_closure/closure_NNPDF_truth_small/data/_kernel_cache/exp/bcdms_d_f2__F2_gluon__evolution__evolution_q2_8.75.npz could not be reused (kernel source fingerprint mismatch); recomputing and overwriting it.
  matrix, convergence = cached_arrays(
/Users/jkarpie-admin/work/building/pixel/src/pixel/kernels/evolution/assembly.py:994: RuntimeWarning: LOUD WARNING: kernel cache /Users/jkarpie-admin/work/building/pixel_closure/closure_NNPDF_truth_small/data/_kernel_cache/exp/bcdms_d_f2__F2_gluon__evolution__evolution_q2_11.75.npz could not be reused (kernel source fingerprint mismatch); recomputing and overwriting it.
  matrix, convergence = cached_arrays(
/Users/jkarpie-admin/work/building/pixel/src/pixel/kernels/evolution/assembly.py:994: RuntimeWarning: LOUD WARNING: kernel cache /Users/jkarpie-admin/work/building/pixel_closure/closure_NNPDF_truth_small/data/_kernel_cache/exp/bcdms_d_f2__F2_gluon__evolution__evolution_q2_13.25.npz could not be reused (kernel source fingerprint mismatch); recomputing and overwriting it.
  matrix, convergence = cached_arrays(
/Users/jkarpie-admin/work/building/pixel/src/pixel/kernels/evolution/assembly.py:994: RuntimeWarning: LOUD WARNING: kernel cache /Users/jkarpie-admin/work/building/pixel_closure/closure_NNPDF_truth_small/data/_kernel_cache/exp/bcdms_d_f2__F2_gluon__evolution__evolution_q2_15.npz could not be reused (kernel source fingerprint mismatch); recomputing and overwriting it.
  matrix, convergence = cached_arrays(
/Users/jkarpie-admin/work/building/pixel/src/pixel/kernels/evolution/assembly.py:994: RuntimeWarning: LOUD WARNING: kernel cache /Users/jkarpie-admin/work/building/pixel_closure/closure_NNPDF_truth_small/data/_kernel_cache/exp/bcdms_d_f2__F2_gluon__evolution__evolution_q2_19.npz could not be reused (kernel source fingerprint mismatch); recomputing and overwriting it.
  matrix, convergence = cached_arrays(
/Users/jkarpie-admin/work/building/pixel/src/pixel/kernels/evolution/assembly.py:994: RuntimeWarning: LOUD WARNING: kernel cache /Users/jkarpie-admin/work/building/pixel_closure/closure_NNPDF_truth_small/data/_kernel_cache/exp/bcdms_d_f2__F2_gluon__evolution__evolution_q2_24.5.npz could not be reused (kernel source fingerprint mismatch); recomputing and overwriting it.
  matrix, convergence = cached_arrays(
/Users/jkarpie-admin/work/building/pixel/src/pixel/kernels/evolution/assembly.py:994: RuntimeWarning: LOUD WARNING: kernel cache /Users/jkarpie-admin/work/building/pixel_closure/closure_NNPDF_truth_small/data/_kernel_cache/exp/bcdms_d_f2__F2_gluon__evolution__evolution_q2_37.5.npz could not be reused (kernel source fingerprint mismatch); recomputing and overwriting it.
  matrix, convergence = cached_arrays(
/Users/jkarpie-admin/work/building/pixel/src/pixel/kernels/evolution/assembly.py:994: RuntimeWarning: LOUD WARNING: kernel cache /Users/jkarpie-admin/work/building/pixel_closure/closure_NNPDF_truth_small/data/_kernel_cache/exp/bcdms_d_f2__F2_gluon__evolution__evolution_q2_43.npz could not be reused (kernel source fingerprint mismatch); recomputing and overwriting it.
  matrix, convergence = cached_arrays(
/Users/jkarpie-admin/work/building/pixel/src/pixel/kernels/evolution/assembly.py:994: RuntimeWarning: LOUD WARNING: kernel cache /Users/jkarpie-admin/work/building/pixel_closure/closure_NNPDF_truth_small/data/_kernel_cache/exp/bcdms_d_f2__F2_gluon__evolution__evolution_q2_49.5.npz could not be reused (kernel source fingerprint mismatch); recomputing and overwriting it.
  matrix, convergence = cached_arrays(
/Users/jkarpie-admin/work/building/pixel/src/pixel/kernels/evolution/assembly.py:994: RuntimeWarning: LOUD WARNING: kernel cache /Users/jkarpie-admin/work/building/pixel_closure/closure_NNPDF_truth_small/data/_kernel_cache/exp/bcdms_d_f2__F2_gluon__evolution__evolution_q2_57.npz could not be reused (kernel source fingerprint mismatch); recomputing and overwriting it.
  matrix, convergence = cached_arrays(
/Users/jkarpie-admin/work/building/pixel/src/pixel/kernels/evolution/assembly.py:994: RuntimeWarning: LOUD WARNING: kernel cache /Users/jkarpie-admin/work/building/pixel_closure/closure_NNPDF_truth_small/data/_kernel_cache/exp/bcdms_d_f2__F2_gluon__evolution__evolution_q2_65.5.npz could not be reused (kernel source fingerprint mismatch); recomputing and overwriting it.
  matrix, convergence = cached_arrays(
/Users/jkarpie-admin/work/building/pixel/src/pixel/kernels/evolution/assembly.py:994: RuntimeWarning: LOUD WARNING: kernel cache /Users/jkarpie-admin/work/building/pixel_closure/closure_NNPDF_truth_small/data/_kernel_cache/exp/bcdms_d_f2__F2_gluon__evolution__evolution_q2_115.5.npz could not be reused (kernel source fingerprint mismatch); recomputing and overwriting it.
  matrix, convergence = cached_arrays(
/Users/jkarpie-admin/work/building/pixel/src/pixel/kernels/evolution/assembly.py:994: RuntimeWarning: LOUD WARNING: kernel cache /Users/jkarpie-admin/work/building/pixel_closure/closure_NNPDF_truth_small/data/_kernel_cache/exp/bcdms_d_f2__F2_gluon__evolution__evolution_q2_175.npz could not be reused (kernel source fingerprint mismatch); recomputing and overwriting it.
  matrix, convergence = cached_arrays(
/Users/jkarpie-admin/work/building/pixel/src/pixel/kernels/evolution/assembly.py:994: RuntimeWarning: LOUD WARNING: kernel cache /Users/jkarpie-admin/work/building/pixel_closure/closure_NNPDF_truth_small/data/_kernel_cache/exp/bcdms_d_f2__F2_gluon__evolution__evolution_q2_230.npz could not be reused (kernel source fingerprint mismatch); recomputing and overwriting it.
  matrix, convergence = cached_arrays(
/Users/jkarpie-admin/work/building/pixel/src/pixel/kernels/matching.py:2809: RuntimeWarning: LOUD WARNING: kernel cache /Users/jkarpie-admin/work/building/pixel_closure/closure_NNPDF_truth_small/data/_kernel_cache/exp/hera_nc_ep_318_sigmar__f2_u_minus_d.npz could not be reused (kernel source fingerprint mismatch); recomputing and overwriting it.
  (matrix,) = cached_arrays(
/Users/jkarpie-admin/work/building/pixel/src/pixel/kernels/matching.py:2809: RuntimeWarning: LOUD WARNING: kernel cache /Users/jkarpie-admin/work/building/pixel_closure/closure_NNPDF_truth_small/data/_kernel_cache/exp/hera_nc_ep_318_sigmar__f2_u_plus_d_minus_2s.npz could not be reused (kernel source fingerprint mismatch); recomputing and overwriting it.
  (matrix,) = cached_arrays(
/Users/jkarpie-admin/work/building/pixel/src/pixel/kernels/matching.py:2809: RuntimeWarning: LOUD WARNING: kernel cache /Users/jkarpie-admin/work/building/pixel_closure/closure_NNPDF_truth_small/data/_kernel_cache/exp/hera_nc_ep_318_sigmar__f2_u_plus_d_plus_s_minus_3c.npz could not be reused (kernel source fingerprint mismatch); recomputing and overwriting it.
  (matrix,) = cached_arrays(
/Users/jkarpie-admin/work/building/pixel/src/pixel/kernels/matching.py:2809: RuntimeWarning: LOUD WARNING: kernel cache /Users/jkarpie-admin/work/building/pixel_closure/closure_NNPDF_truth_small/data/_kernel_cache/exp/hera_nc_ep_318_sigmar__f2_singlet.npz could not be reused (kernel source fingerprint mismatch); recomputing and overwriting it.
  (matrix,) = cached_arrays(
/Users/jkarpie-admin/work/building/pixel/src/pixel/kernels/matching.py:2809: RuntimeWarning: LOUD WARNING: kernel cache /Users/jkarpie-admin/work/building/pixel_closure/closure_NNPDF_truth_small/data/_kernel_cache/exp/hera_nc_ep_318_sigmar__f2_gluon.npz could not be reused (kernel source fingerprint mismatch); recomputing and overwriting it.
  (matrix,) = cached_arrays(
/Users/jkarpie-admin/work/building/pixel/src/pixel/kernels/matching.py:2809: RuntimeWarning: LOUD WARNING: kernel cache /Users/jkarpie-admin/work/building/pixel_closure/closure_NNPDF_truth_small/data/_kernel_cache/exp/hera_nc_ep_318_sigmar__fl_u_minus_d.npz could not be reused (kernel source fingerprint mismatch); recomputing and overwriting it.
  (matrix,) = cached_arrays(
/Users/jkarpie-admin/work/building/pixel/src/pixel/kernels/matching.py:2809: RuntimeWarning: LOUD WARNING: kernel cache /Users/jkarpie-admin/work/building/pixel_closure/closure_NNPDF_truth_small/data/_kernel_cache/exp/hera_nc_ep_318_sigmar__fl_u_plus_d_minus_2s.npz could not be reused (kernel source fingerprint mismatch); recomputing and overwriting it.
  (matrix,) = cached_arrays(
/Users/jkarpie-admin/work/building/pixel/src/pixel/kernels/matching.py:2809: RuntimeWarning: LOUD WARNING: kernel cache /Users/jkarpie-admin/work/building/pixel_closure/closure_NNPDF_truth_small/data/_kernel_cache/exp/hera_nc_ep_318_sigmar__fl_u_plus_d_plus_s_minus_3c.npz could not be reused (kernel source fingerprint mismatch); recomputing and overwriting it.
  (matrix,) = cached_arrays(
/Users/jkarpie-admin/work/building/pixel/src/pixel/kernels/matching.py:2809: RuntimeWarning: LOUD WARNING: kernel cache /Users/jkarpie-admin/work/building/pixel_closure/closure_NNPDF_truth_small/data/_kernel_cache/exp/hera_nc_ep_318_sigmar__fl_singlet.npz could not be reused (kernel source fingerprint mismatch); recomputing and overwriting it.
  (matrix,) = cached_arrays(
/Users/jkarpie-admin/work/building/pixel/src/pixel/kernels/matching.py:2809: RuntimeWarning: LOUD WARNING: kernel cache /Users/jkarpie-admin/work/building/pixel_closure/closure_NNPDF_truth_small/data/_kernel_cache/exp/hera_nc_ep_318_sigmar__fl_gluon.npz could not be reused (kernel source fingerprint mismatch); recomputing and overwriting it.
  (matrix,) = cached_arrays(
/Users/jkarpie-admin/work/building/pixel/src/pixel/kernels/matching.py:2809: RuntimeWarning: LOUD WARNING: kernel cache /Users/jkarpie-admin/work/building/pixel_closure/closure_NNPDF_truth_small/data/_kernel_cache/exp/hera_nc_em_318_sigmar__f2_u_minus_d.npz could not be reused (kernel source fingerprint mismatch); recomputing and overwriting it.
  (matrix,) = cached_arrays(
/Users/jkarpie-admin/work/building/pixel/src/pixel/kernels/matching.py:2809: RuntimeWarning: LOUD WARNING: kernel cache /Users/jkarpie-admin/work/building/pixel_closure/closure_NNPDF_truth_small/data/_kernel_cache/exp/hera_nc_em_318_sigmar__f2_u_plus_d_minus_2s.npz could not be reused (kernel source fingerprint mismatch); recomputing and overwriting it.
  (matrix,) = cached_arrays(
/Users/jkarpie-admin/work/building/pixel/src/pixel/kernels/matching.py:2809: RuntimeWarning: LOUD WARNING: kernel cache /Users/jkarpie-admin/work/building/pixel_closure/closure_NNPDF_truth_small/data/_kernel_cache/exp/hera_nc_em_318_sigmar__f2_u_plus_d_plus_s_minus_3c.npz could not be reused (kernel source fingerprint mismatch); recomputing and overwriting it.
  (matrix,) = cached_arrays(
/Users/jkarpie-admin/work/building/pixel/src/pixel/kernels/matching.py:2809: RuntimeWarning: LOUD WARNING: kernel cache /Users/jkarpie-admin/work/building/pixel_closure/closure_NNPDF_truth_small/data/_kernel_cache/exp/hera_nc_em_318_sigmar__f2_singlet.npz could not be reused (kernel source fingerprint mismatch); recomputing and overwriting it.
  (matrix,) = cached_arrays(
/Users/jkarpie-admin/work/building/pixel/src/pixel/kernels/matching.py:2809: RuntimeWarning: LOUD WARNING: kernel cache /Users/jkarpie-admin/work/building/pixel_closure/closure_NNPDF_truth_small/data/_kernel_cache/exp/hera_nc_em_318_sigmar__f2_gluon.npz could not be reused (kernel source fingerprint mismatch); recomputing and overwriting it.
  (matrix,) = cached_arrays(
/Users/jkarpie-admin/work/building/pixel/src/pixel/kernels/matching.py:2809: RuntimeWarning: LOUD WARNING: kernel cache /Users/jkarpie-admin/work/building/pixel_closure/closure_NNPDF_truth_small/data/_kernel_cache/exp/hera_nc_em_318_sigmar__fl_u_minus_d.npz could not be reused (kernel source fingerprint mismatch); recomputing and overwriting it.
  (matrix,) = cached_arrays(
/Users/jkarpie-admin/work/building/pixel/src/pixel/kernels/matching.py:2809: RuntimeWarning: LOUD WARNING: kernel cache /Users/jkarpie-admin/work/building/pixel_closure/closure_NNPDF_truth_small/data/_kernel_cache/exp/hera_nc_em_318_sigmar__fl_u_plus_d_minus_2s.npz could not be reused (kernel source fingerprint mismatch); recomputing and overwriting it.
  (matrix,) = cached_arrays(
/Users/jkarpie-admin/work/building/pixel/src/pixel/kernels/matching.py:2809: RuntimeWarning: LOUD WARNING: kernel cache /Users/jkarpie-admin/work/building/pixel_closure/closure_NNPDF_truth_small/data/_kernel_cache/exp/hera_nc_em_318_sigmar__fl_u_plus_d_plus_s_minus_3c.npz could not be reused (kernel source fingerprint mismatch); recomputing and overwriting it.
  (matrix,) = cached_arrays(
/Users/jkarpie-admin/work/building/pixel/src/pixel/kernels/matching.py:2809: RuntimeWarning: LOUD WARNING: kernel cache /Users/jkarpie-admin/work/building/pixel_closure/closure_NNPDF_truth_small/data/_kernel_cache/exp/hera_nc_em_318_sigmar__fl_singlet.npz could not be reused (kernel source fingerprint mismatch); recomputing and overwriting it.
  (matrix,) = cached_arrays(
/Users/jkarpie-admin/work/building/pixel/src/pixel/kernels/matching.py:2809: RuntimeWarning: LOUD WARNING: kernel cache /Users/jkarpie-admin/work/building/pixel_closure/closure_NNPDF_truth_small/data/_kernel_cache/exp/hera_nc_em_318_sigmar__fl_gluon.npz could not be reused (kernel source fingerprint mismatch); recomputing and overwriting it.
  (matrix,) = cached_arrays(
/Users/jkarpie-admin/work/building/pixel/src/pixel/kernels/matching.py:2809: RuntimeWarning: LOUD WARNING: kernel cache /Users/jkarpie-admin/work/building/pixel_closure/closure_NNPDF_truth_small/data/_kernel_cache/exp/hera_cc_ep_318_sigmar__cc_w2_plus__f2_u_minus_d.npz could not be reused (kernel source fingerprint mismatch); recomputing and overwriting it.
  (matrix,) = cached_arrays(
/Users/jkarpie-admin/work/building/pixel/src/pixel/kernels/matching.py:2809: RuntimeWarning: LOUD WARNING: kernel cache /Users/jkarpie-admin/work/building/pixel_closure/closure_NNPDF_truth_small/data/_kernel_cache/exp/hera_cc_ep_318_sigmar__cc_w2_plus__f2_u_plus_d_minus_2s.npz could not be reused (kernel source fingerprint mismatch); recomputing and overwriting it.
  (matrix,) = cached_arrays(
/Users/jkarpie-admin/work/building/pixel/src/pixel/kernels/matching.py:2809: RuntimeWarning: LOUD WARNING: kernel cache /Users/jkarpie-admin/work/building/pixel_closure/closure_NNPDF_truth_small/data/_kernel_cache/exp/hera_cc_ep_318_sigmar__cc_w2_plus__f2_u_plus_d_plus_s_minus_3c.npz could not be reused (kernel source fingerprint mismatch); recomputing and overwriting it.
  (matrix,) = cached_arrays(
/Users/jkarpie-admin/work/building/pixel/src/pixel/kernels/matching.py:2809: RuntimeWarning: LOUD WARNING: kernel cache /Users/jkarpie-admin/work/building/pixel_closure/closure_NNPDF_truth_small/data/_kernel_cache/exp/hera_cc_ep_318_sigmar__cc_w2_plus__f2_singlet.npz could not be reused (kernel source fingerprint mismatch); recomputing and overwriting it.
  (matrix,) = cached_arrays(
/Users/jkarpie-admin/work/building/pixel/src/pixel/kernels/matching.py:2809: RuntimeWarning: LOUD WARNING: kernel cache /Users/jkarpie-admin/work/building/pixel_closure/closure_NNPDF_truth_small/data/_kernel_cache/exp/hera_cc_ep_318_sigmar__cc_w2_plus__f2_gluon.npz could not be reused (kernel source fingerprint mismatch); recomputing and overwriting it.
  (matrix,) = cached_arrays(
/Users/jkarpie-admin/work/building/pixel/src/pixel/kernels/matching.py:2809: RuntimeWarning: LOUD WARNING: kernel cache /Users/jkarpie-admin/work/building/pixel_closure/closure_NNPDF_truth_small/data/_kernel_cache/exp/hera_cc_ep_318_sigmar__cc_w2_minus__f2_u_minus_d.npz could not be reused (kernel source fingerprint mismatch); recomputing and overwriting it.
  (matrix,) = cached_arrays(
/Users/jkarpie-admin/work/building/pixel/src/pixel/kernels/matching.py:2809: RuntimeWarning: LOUD WARNING: kernel cache /Users/jkarpie-admin/work/building/pixel_closure/closure_NNPDF_truth_small/data/_kernel_cache/exp/hera_cc_ep_318_sigmar__cc_w2_minus__f2_u_plus_d_minus_2s.npz could not be reused (kernel source fingerprint mismatch); recomputing and overwriting it.
  (matrix,) = cached_arrays(
/Users/jkarpie-admin/work/building/pixel/src/pixel/kernels/matching.py:2809: RuntimeWarning: LOUD WARNING: kernel cache /Users/jkarpie-admin/work/building/pixel_closure/closure_NNPDF_truth_small/data/_kernel_cache/exp/hera_cc_ep_318_sigmar__cc_w2_minus__f2_u_plus_d_plus_s_minus_3c.npz could not be reused (kernel source fingerprint mismatch); recomputing and overwriting it.
  (matrix,) = cached_arrays(
/Users/jkarpie-admin/work/building/pixel/src/pixel/kernels/matching.py:2809: RuntimeWarning: LOUD WARNING: kernel cache /Users/jkarpie-admin/work/building/pixel_closure/closure_NNPDF_truth_small/data/_kernel_cache/exp/hera_cc_ep_318_sigmar__cc_wl_plus__fl_u_minus_d.npz could not be reused (kernel source fingerprint mismatch); recomputing and overwriting it.
  (matrix,) = cached_arrays(
/Users/jkarpie-admin/work/building/pixel/src/pixel/kernels/matching.py:2809: RuntimeWarning: LOUD WARNING: kernel cache /Users/jkarpie-admin/work/building/pixel_closure/closure_NNPDF_truth_small/data/_kernel_cache/exp/hera_cc_ep_318_sigmar__cc_wl_plus__fl_u_plus_d_minus_2s.npz could not be reused (kernel source fingerprint mismatch); recomputing and overwriting it.
  (matrix,) = cached_arrays(
/Users/jkarpie-admin/work/building/pixel/src/pixel/kernels/matching.py:2809: RuntimeWarning: LOUD WARNING: kernel cache /Users/jkarpie-admin/work/building/pixel_closure/closure_NNPDF_truth_small/data/_kernel_cache/exp/hera_cc_ep_318_sigmar__cc_wl_plus__fl_u_plus_d_plus_s_minus_3c.npz could not be reused (kernel source fingerprint mismatch); recomputing and overwriting it.
  (matrix,) = cached_arrays(
/Users/jkarpie-admin/work/building/pixel/src/pixel/kernels/matching.py:2809: RuntimeWarning: LOUD WARNING: kernel cache /Users/jkarpie-admin/work/building/pixel_closure/closure_NNPDF_truth_small/data/_kernel_cache/exp/hera_cc_ep_318_sigmar__cc_wl_plus__fl_singlet.npz could not be reused (kernel source fingerprint mismatch); recomputing and overwriting it.
  (matrix,) = cached_arrays(
/Users/jkarpie-admin/work/building/pixel/src/pixel/kernels/matching.py:2809: RuntimeWarning: LOUD WARNING: kernel cache /Users/jkarpie-admin/work/building/pixel_closure/closure_NNPDF_truth_small/data/_kernel_cache/exp/hera_cc_ep_318_sigmar__cc_wl_plus__fl_gluon.npz could not be reused (kernel source fingerprint mismatch); recomputing and overwriting it.
  (matrix,) = cached_arrays(
/Users/jkarpie-admin/work/building/pixel/src/pixel/kernels/matching.py:2809: RuntimeWarning: LOUD WARNING: kernel cache /Users/jkarpie-admin/work/building/pixel_closure/closure_NNPDF_truth_small/data/_kernel_cache/exp/hera_cc_ep_318_sigmar__cc_wl_minus__fl_u_minus_d.npz could not be reused (kernel source fingerprint mismatch); recomputing and overwriting it.
  (matrix,) = cached_arrays(
/Users/jkarpie-admin/work/building/pixel/src/pixel/kernels/matching.py:2809: RuntimeWarning: LOUD WARNING: kernel cache /Users/jkarpie-admin/work/building/pixel_closure/closure_NNPDF_truth_small/data/_kernel_cache/exp/hera_cc_ep_318_sigmar__cc_wl_minus__fl_u_plus_d_minus_2s.npz could not be reused (kernel source fingerprint mismatch); recomputing and overwriting it.
  (matrix,) = cached_arrays(
/Users/jkarpie-admin/work/building/pixel/src/pixel/kernels/matching.py:2809: RuntimeWarning: LOUD WARNING: kernel cache /Users/jkarpie-admin/work/building/pixel_closure/closure_NNPDF_truth_small/data/_kernel_cache/exp/hera_cc_ep_318_sigmar__cc_wl_minus__fl_u_plus_d_plus_s_minus_3c.npz could not be reused (kernel source fingerprint mismatch); recomputing and overwriting it.
  (matrix,) = cached_arrays(
/Users/jkarpie-admin/work/building/pixel/src/pixel/kernels/matching.py:2809: RuntimeWarning: LOUD WARNING: kernel cache /Users/jkarpie-admin/work/building/pixel_closure/closure_NNPDF_truth_small/data/_kernel_cache/exp/hera_cc_ep_318_sigmar__cc_w3_plus__f3_u_minus_d.npz could not be reused (kernel source fingerprint mismatch); recomputing and overwriting it.
  (matrix,) = cached_arrays(
/Users/jkarpie-admin/work/building/pixel/src/pixel/kernels/matching.py:2809: RuntimeWarning: LOUD WARNING: kernel cache /Users/jkarpie-admin/work/building/pixel_closure/closure_NNPDF_truth_small/data/_kernel_cache/exp/hera_cc_ep_318_sigmar__cc_w3_plus__f3_u_plus_d_minus_2s.npz could not be reused (kernel source fingerprint mismatch); recomputing and overwriting it.
  (matrix,) = cached_arrays(
/Users/jkarpie-admin/work/building/pixel/src/pixel/kernels/matching.py:2809: RuntimeWarning: LOUD WARNING: kernel cache /Users/jkarpie-admin/work/building/pixel_closure/closure_NNPDF_truth_small/data/_kernel_cache/exp/hera_cc_ep_318_sigmar__cc_w3_plus__f3_u_plus_d_plus_s_minus_3c.npz could not be reused (kernel source fingerprint mismatch); recomputing and overwriting it.
  (matrix,) = cached_arrays(
/Users/jkarpie-admin/work/building/pixel/src/pixel/kernels/matching.py:2809: RuntimeWarning: LOUD WARNING: kernel cache /Users/jkarpie-admin/work/building/pixel_closure/closure_NNPDF_truth_small/data/_kernel_cache/exp/hera_cc_ep_318_sigmar__cc_w3_minus__f3_u_minus_d.npz could not be reused (kernel source fingerprint mismatch); recomputing and overwriting it.
  (matrix,) = cached_arrays(
/Users/jkarpie-admin/work/building/pixel/src/pixel/kernels/matching.py:2809: RuntimeWarning: LOUD WARNING: kernel cache /Users/jkarpie-admin/work/building/pixel_closure/closure_NNPDF_truth_small/data/_kernel_cache/exp/hera_cc_ep_318_sigmar__cc_w3_minus__f3_u_plus_d_minus_2s.npz could not be reused (kernel source fingerprint mismatch); recomputing and overwriting it.
  (matrix,) = cached_arrays(
/Users/jkarpie-admin/work/building/pixel/src/pixel/kernels/matching.py:2809: RuntimeWarning: LOUD WARNING: kernel cache /Users/jkarpie-admin/work/building/pixel_closure/closure_NNPDF_truth_small/data/_kernel_cache/exp/hera_cc_ep_318_sigmar__cc_w3_minus__f3_u_plus_d_plus_s_minus_3c.npz could not be reused (kernel source fingerprint mismatch); recomputing and overwriting it.
  (matrix,) = cached_arrays(
/Users/jkarpie-admin/work/building/pixel/src/pixel/kernels/matching.py:2809: RuntimeWarning: LOUD WARNING: kernel cache /Users/jkarpie-admin/work/building/pixel_closure/closure_NNPDF_truth_small/data/_kernel_cache/exp/hera_cc_ep_318_sigmar__cc_w3_minus__f3_singlet.npz could not be reused (kernel source fingerprint mismatch); recomputing and overwriting it.
  (matrix,) = cached_arrays(
/Users/jkarpie-admin/work/building/pixel/src/pixel/kernels/matching.py:2809: RuntimeWarning: LOUD WARNING: kernel cache /Users/jkarpie-admin/work/building/pixel_closure/closure_NNPDF_truth_small/data/_kernel_cache/exp/hera_cc_em_318_sigmar__cc_w2_plus__f2_u_minus_d.npz could not be reused (kernel source fingerprint mismatch); recomputing and overwriting it.
  (matrix,) = cached_arrays(
/Users/jkarpie-admin/work/building/pixel/src/pixel/kernels/matching.py:2809: RuntimeWarning: LOUD WARNING: kernel cache /Users/jkarpie-admin/work/building/pixel_closure/closure_NNPDF_truth_small/data/_kernel_cache/exp/hera_cc_em_318_sigmar__cc_w2_plus__f2_u_plus_d_minus_2s.npz could not be reused (kernel source fingerprint mismatch); recomputing and overwriting it.
  (matrix,) = cached_arrays(
/Users/jkarpie-admin/work/building/pixel/src/pixel/kernels/matching.py:2809: RuntimeWarning: LOUD WARNING: kernel cache /Users/jkarpie-admin/work/building/pixel_closure/closure_NNPDF_truth_small/data/_kernel_cache/exp/hera_cc_em_318_sigmar__cc_w2_plus__f2_u_plus_d_plus_s_minus_3c.npz could not be reused (kernel source fingerprint mismatch); recomputing and overwriting it.
  (matrix,) = cached_arrays(
/Users/jkarpie-admin/work/building/pixel/src/pixel/kernels/matching.py:2809: RuntimeWarning: LOUD WARNING: kernel cache /Users/jkarpie-admin/work/building/pixel_closure/closure_NNPDF_truth_small/data/_kernel_cache/exp/hera_cc_em_318_sigmar__cc_w2_plus__f2_singlet.npz could not be reused (kernel source fingerprint mismatch); recomputing and overwriting it.
  (matrix,) = cached_arrays(
/Users/jkarpie-admin/work/building/pixel/src/pixel/kernels/matching.py:2809: RuntimeWarning: LOUD WARNING: kernel cache /Users/jkarpie-admin/work/building/pixel_closure/closure_NNPDF_truth_small/data/_kernel_cache/exp/hera_cc_em_318_sigmar__cc_w2_plus__f2_gluon.npz could not be reused (kernel source fingerprint mismatch); recomputing and overwriting it.
  (matrix,) = cached_arrays(
/Users/jkarpie-admin/work/building/pixel/src/pixel/kernels/matching.py:2809: RuntimeWarning: LOUD WARNING: kernel cache /Users/jkarpie-admin/work/building/pixel_closure/closure_NNPDF_truth_small/data/_kernel_cache/exp/hera_cc_em_318_sigmar__cc_w2_minus__f2_u_minus_d.npz could not be reused (kernel source fingerprint mismatch); recomputing and overwriting it.
  (matrix,) = cached_arrays(
/Users/jkarpie-admin/work/building/pixel/src/pixel/kernels/matching.py:2809: RuntimeWarning: LOUD WARNING: kernel cache /Users/jkarpie-admin/work/building/pixel_closure/closure_NNPDF_truth_small/data/_kernel_cache/exp/hera_cc_em_318_sigmar__cc_w2_minus__f2_u_plus_d_minus_2s.npz could not be reused (kernel source fingerprint mismatch); recomputing and overwriting it.
  (matrix,) = cached_arrays(
/Users/jkarpie-admin/work/building/pixel/src/pixel/kernels/matching.py:2809: RuntimeWarning: LOUD WARNING: kernel cache /Users/jkarpie-admin/work/building/pixel_closure/closure_NNPDF_truth_small/data/_kernel_cache/exp/hera_cc_em_318_sigmar__cc_w2_minus__f2_u_plus_d_plus_s_minus_3c.npz could not be reused (kernel source fingerprint mismatch); recomputing and overwriting it.
  (matrix,) = cached_arrays(
/Users/jkarpie-admin/work/building/pixel/src/pixel/kernels/matching.py:2809: RuntimeWarning: LOUD WARNING: kernel cache /Users/jkarpie-admin/work/building/pixel_closure/closure_NNPDF_truth_small/data/_kernel_cache/exp/hera_cc_em_318_sigmar__cc_wl_plus__fl_u_minus_d.npz could not be reused (kernel source fingerprint mismatch); recomputing and overwriting it.
  (matrix,) = cached_arrays(
/Users/jkarpie-admin/work/building/pixel/src/pixel/kernels/matching.py:2809: RuntimeWarning: LOUD WARNING: kernel cache /Users/jkarpie-admin/work/building/pixel_closure/closure_NNPDF_truth_small/data/_kernel_cache/exp/hera_cc_em_318_sigmar__cc_wl_plus__fl_u_plus_d_minus_2s.npz could not be reused (kernel source fingerprint mismatch); recomputing and overwriting it.
  (matrix,) = cached_arrays(
/Users/jkarpie-admin/work/building/pixel/src/pixel/kernels/matching.py:2809: RuntimeWarning: LOUD WARNING: kernel cache /Users/jkarpie-admin/work/building/pixel_closure/closure_NNPDF_truth_small/data/_kernel_cache/exp/hera_cc_em_318_sigmar__cc_wl_plus__fl_u_plus_d_plus_s_minus_3c.npz could not be reused (kernel source fingerprint mismatch); recomputing and overwriting it.
  (matrix,) = cached_arrays(
/Users/jkarpie-admin/work/building/pixel/src/pixel/kernels/matching.py:2809: RuntimeWarning: LOUD WARNING: kernel cache /Users/jkarpie-admin/work/building/pixel_closure/closure_NNPDF_truth_small/data/_kernel_cache/exp/hera_cc_em_318_sigmar__cc_wl_plus__fl_singlet.npz could not be reused (kernel source fingerprint mismatch); recomputing and overwriting it.
  (matrix,) = cached_arrays(
/Users/jkarpie-admin/work/building/pixel/src/pixel/kernels/matching.py:2809: RuntimeWarning: LOUD WARNING: kernel cache /Users/jkarpie-admin/work/building/pixel_closure/closure_NNPDF_truth_small/data/_kernel_cache/exp/hera_cc_em_318_sigmar__cc_wl_plus__fl_gluon.npz could not be reused (kernel source fingerprint mismatch); recomputing and overwriting it.
  (matrix,) = cached_arrays(
/Users/jkarpie-admin/work/building/pixel/src/pixel/kernels/matching.py:2809: RuntimeWarning: LOUD WARNING: kernel cache /Users/jkarpie-admin/work/building/pixel_closure/closure_NNPDF_truth_small/data/_kernel_cache/exp/hera_cc_em_318_sigmar__cc_wl_minus__fl_u_minus_d.npz could not be reused (kernel source fingerprint mismatch); recomputing and overwriting it.
  (matrix,) = cached_arrays(
/Users/jkarpie-admin/work/building/pixel/src/pixel/kernels/matching.py:2809: RuntimeWarning: LOUD WARNING: kernel cache /Users/jkarpie-admin/work/building/pixel_closure/closure_NNPDF_truth_small/data/_kernel_cache/exp/hera_cc_em_318_sigmar__cc_wl_minus__fl_u_plus_d_minus_2s.npz could not be reused (kernel source fingerprint mismatch); recomputing and overwriting it.
  (matrix,) = cached_arrays(
/Users/jkarpie-admin/work/building/pixel/src/pixel/kernels/matching.py:2809: RuntimeWarning: LOUD WARNING: kernel cache /Users/jkarpie-admin/work/building/pixel_closure/closure_NNPDF_truth_small/data/_kernel_cache/exp/hera_cc_em_318_sigmar__cc_wl_minus__fl_u_plus_d_plus_s_minus_3c.npz could not be reused (kernel source fingerprint mismatch); recomputing and overwriting it.
  (matrix,) = cached_arrays(
/Users/jkarpie-admin/work/building/pixel/src/pixel/kernels/matching.py:2809: RuntimeWarning: LOUD WARNING: kernel cache /Users/jkarpie-admin/work/building/pixel_closure/closure_NNPDF_truth_small/data/_kernel_cache/exp/hera_cc_em_318_sigmar__cc_w3_plus__f3_u_minus_d.npz could not be reused (kernel source fingerprint mismatch); recomputing and overwriting it.
  (matrix,) = cached_arrays(
/Users/jkarpie-admin/work/building/pixel/src/pixel/kernels/matching.py:2809: RuntimeWarning: LOUD WARNING: kernel cache /Users/jkarpie-admin/work/building/pixel_closure/closure_NNPDF_truth_small/data/_kernel_cache/exp/hera_cc_em_318_sigmar__cc_w3_plus__f3_u_plus_d_minus_2s.npz could not be reused (kernel source fingerprint mismatch); recomputing and overwriting it.
  (matrix,) = cached_arrays(
/Users/jkarpie-admin/work/building/pixel/src/pixel/kernels/matching.py:2809: RuntimeWarning: LOUD WARNING: kernel cache /Users/jkarpie-admin/work/building/pixel_closure/closure_NNPDF_truth_small/data/_kernel_cache/exp/hera_cc_em_318_sigmar__cc_w3_plus__f3_u_plus_d_plus_s_minus_3c.npz could not be reused (kernel source fingerprint mismatch); recomputing and overwriting it.
  (matrix,) = cached_arrays(
/Users/jkarpie-admin/work/building/pixel/src/pixel/kernels/matching.py:2809: RuntimeWarning: LOUD WARNING: kernel cache /Users/jkarpie-admin/work/building/pixel_closure/closure_NNPDF_truth_small/data/_kernel_cache/exp/hera_cc_em_318_sigmar__cc_w3_minus__f3_u_minus_d.npz could not be reused (kernel source fingerprint mismatch); recomputing and overwriting it.
  (matrix,) = cached_arrays(
/Users/jkarpie-admin/work/building/pixel/src/pixel/kernels/matching.py:2809: RuntimeWarning: LOUD WARNING: kernel cache /Users/jkarpie-admin/work/building/pixel_closure/closure_NNPDF_truth_small/data/_kernel_cache/exp/hera_cc_em_318_sigmar__cc_w3_minus__f3_u_plus_d_minus_2s.npz could not be reused (kernel source fingerprint mismatch); recomputing and overwriting it.
  (matrix,) = cached_arrays(
/Users/jkarpie-admin/work/building/pixel/src/pixel/kernels/matching.py:2809: RuntimeWarning: LOUD WARNING: kernel cache /Users/jkarpie-admin/work/building/pixel_closure/closure_NNPDF_truth_small/data/_kernel_cache/exp/hera_cc_em_318_sigmar__cc_w3_minus__f3_u_plus_d_plus_s_minus_3c.npz could not be reused (kernel source fingerprint mismatch); recomputing and overwriting it.
  (matrix,) = cached_arrays(
/Users/jkarpie-admin/work/building/pixel/src/pixel/kernels/matching.py:2809: RuntimeWarning: LOUD WARNING: kernel cache /Users/jkarpie-admin/work/building/pixel_closure/closure_NNPDF_truth_small/data/_kernel_cache/exp/hera_cc_em_318_sigmar__cc_w3_minus__f3_singlet.npz could not be reused (kernel source fingerprint mismatch); recomputing and overwriting it.
  (matrix,) = cached_arrays(
/Users/jkarpie-admin/work/building/pixel/src/pixel/kernels/drell_yan/kernel.py:529: RuntimeWarning: LOUD WARNING: kernel cache /Users/jkarpie-admin/work/building/pixel_closure/closure_NNPDF_truth_small/data/_kernel_cache/dy/dy_e866_pp_qAqbB_u_ub_f8b62dbdd575.npz could not be reused (kernel source fingerprint mismatch); recomputing and overwriting it.
  (tensor,) = cached_arrays(
/Users/jkarpie-admin/work/building/pixel/src/pixel/kernels/drell_yan/kernel.py:529: RuntimeWarning: LOUD WARNING: kernel cache /Users/jkarpie-admin/work/building/pixel_closure/closure_NNPDF_truth_small/data/_kernel_cache/dy/dy_e866_pp_qAqbB_d_db_4cbdced5a97e.npz could not be reused (kernel source fingerprint mismatch); recomputing and overwriting it.
  (tensor,) = cached_arrays(
/Users/jkarpie-admin/work/building/pixel/src/pixel/kernels/drell_yan/kernel.py:529: RuntimeWarning: LOUD WARNING: kernel cache /Users/jkarpie-admin/work/building/pixel_closure/closure_NNPDF_truth_small/data/_kernel_cache/dy/dy_e866_pp_qAqbB_s_sb_e0d41ba473cb.npz could not be reused (kernel source fingerprint mismatch); recomputing and overwriting it.
  (tensor,) = cached_arrays(
/Users/jkarpie-admin/work/building/pixel/src/pixel/kernels/drell_yan/kernel.py:529: RuntimeWarning: LOUD WARNING: kernel cache /Users/jkarpie-admin/work/building/pixel_closure/closure_NNPDF_truth_small/data/_kernel_cache/dy/dy_e866_pp_qAqbB_c_cb_7a691926a9ac.npz could not be reused (kernel source fingerprint mismatch); recomputing and overwriting it.
  (tensor,) = cached_arrays(
/Users/jkarpie-admin/work/building/pixel/src/pixel/kernels/drell_yan/kernel.py:529: RuntimeWarning: LOUD WARNING: kernel cache /Users/jkarpie-admin/work/building/pixel_closure/closure_NNPDF_truth_small/data/_kernel_cache/dy/dy_e866_pp_qbAqB_ub_u_99df92305119.npz could not be reused (kernel source fingerprint mismatch); recomputing and overwriting it.
  (tensor,) = cached_arrays(
/Users/jkarpie-admin/work/building/pixel/src/pixel/kernels/drell_yan/kernel.py:529: RuntimeWarning: LOUD WARNING: kernel cache /Users/jkarpie-admin/work/building/pixel_closure/closure_NNPDF_truth_small/data/_kernel_cache/dy/dy_e866_pp_qbAqB_db_d_2846a583cb55.npz could not be reused (kernel source fingerprint mismatch); recomputing and overwriting it.
  (tensor,) = cached_arrays(
/Users/jkarpie-admin/work/building/pixel/src/pixel/kernels/drell_yan/kernel.py:529: RuntimeWarning: LOUD WARNING: kernel cache /Users/jkarpie-admin/work/building/pixel_closure/closure_NNPDF_truth_small/data/_kernel_cache/dy/dy_e866_pp_qbAqB_sb_s_2fd4f10061f8.npz could not be reused (kernel source fingerprint mismatch); recomputing and overwriting it.
  (tensor,) = cached_arrays(
/Users/jkarpie-admin/work/building/pixel/src/pixel/kernels/drell_yan/kernel.py:529: RuntimeWarning: LOUD WARNING: kernel cache /Users/jkarpie-admin/work/building/pixel_closure/closure_NNPDF_truth_small/data/_kernel_cache/dy/dy_e866_pp_qbAqB_cb_c_bb4a7d7bb535.npz could not be reused (kernel source fingerprint mismatch); recomputing and overwriting it.
  (tensor,) = cached_arrays(
/Users/jkarpie-admin/work/building/pixel/src/pixel/kernels/drell_yan/kernel.py:529: RuntimeWarning: LOUD WARNING: kernel cache /Users/jkarpie-admin/work/building/pixel_closure/closure_NNPDF_truth_small/data/_kernel_cache/dy/dy_e866_pd_qAqbB_u_ub_f8b62dbdd575.npz could not be reused (kernel source fingerprint mismatch); recomputing and overwriting it.
  (tensor,) = cached_arrays(
/Users/jkarpie-admin/work/building/pixel/src/pixel/kernels/drell_yan/kernel.py:529: RuntimeWarning: LOUD WARNING: kernel cache /Users/jkarpie-admin/work/building/pixel_closure/closure_NNPDF_truth_small/data/_kernel_cache/dy/dy_e866_pd_qAqbB_d_db_4cbdced5a97e.npz could not be reused (kernel source fingerprint mismatch); recomputing and overwriting it.
  (tensor,) = cached_arrays(
/Users/jkarpie-admin/work/building/pixel/src/pixel/kernels/drell_yan/kernel.py:529: RuntimeWarning: LOUD WARNING: kernel cache /Users/jkarpie-admin/work/building/pixel_closure/closure_NNPDF_truth_small/data/_kernel_cache/dy/dy_e866_pd_qAqbB_s_sb_e0d41ba473cb.npz could not be reused (kernel source fingerprint mismatch); recomputing and overwriting it.
  (tensor,) = cached_arrays(
/Users/jkarpie-admin/work/building/pixel/src/pixel/kernels/drell_yan/kernel.py:529: RuntimeWarning: LOUD WARNING: kernel cache /Users/jkarpie-admin/work/building/pixel_closure/closure_NNPDF_truth_small/data/_kernel_cache/dy/dy_e866_pd_qAqbB_c_cb_7a691926a9ac.npz could not be reused (kernel source fingerprint mismatch); recomputing and overwriting it.
  (tensor,) = cached_arrays(
/Users/jkarpie-admin/work/building/pixel/src/pixel/kernels/drell_yan/kernel.py:529: RuntimeWarning: LOUD WARNING: kernel cache /Users/jkarpie-admin/work/building/pixel_closure/closure_NNPDF_truth_small/data/_kernel_cache/dy/dy_e866_pd_qbAqB_ub_u_99df92305119.npz could not be reused (kernel source fingerprint mismatch); recomputing and overwriting it.
  (tensor,) = cached_arrays(
/Users/jkarpie-admin/work/building/pixel/src/pixel/kernels/drell_yan/kernel.py:529: RuntimeWarning: LOUD WARNING: kernel cache /Users/jkarpie-admin/work/building/pixel_closure/closure_NNPDF_truth_small/data/_kernel_cache/dy/dy_e866_pd_qbAqB_db_d_2846a583cb55.npz could not be reused (kernel source fingerprint mismatch); recomputing and overwriting it.
  (tensor,) = cached_arrays(
/Users/jkarpie-admin/work/building/pixel/src/pixel/kernels/drell_yan/kernel.py:529: RuntimeWarning: LOUD WARNING: kernel cache /Users/jkarpie-admin/work/building/pixel_closure/closure_NNPDF_truth_small/data/_kernel_cache/dy/dy_e866_pd_qbAqB_sb_s_2fd4f10061f8.npz could not be reused (kernel source fingerprint mismatch); recomputing and overwriting it.
  (tensor,) = cached_arrays(
/Users/jkarpie-admin/work/building/pixel/src/pixel/kernels/drell_yan/kernel.py:529: RuntimeWarning: LOUD WARNING: kernel cache /Users/jkarpie-admin/work/building/pixel_closure/closure_NNPDF_truth_small/data/_kernel_cache/dy/dy_e866_pd_qbAqB_cb_c_bb4a7d7bb535.npz could not be reused (kernel source fingerprint mismatch); recomputing and overwriting it.
  (tensor,) = cached_arrays(
   [time] build+kernels 1m 24s  mcmc 2m 09s  marginal 0.00s  chi2 0.35s  fit total 3m 34s
   [time] fit 3m 34s  summary 0.92s  pdf-plot 0.97s  data-plot 0.96s  run total 3m 37s
[5/60] closure_NNPDF_truth_small Q=mc mode=both prior=const_logrbf
/Users/jkarpie-admin/work/building/pixel/src/pixel/kernels/evolution/_factors.py:397: RuntimeWarning: LOUD WARNING: kernel cache /Users/jkarpie-admin/work/building/pixel_closure/closure_NNPDF_truth_small/data/_kernel_cache/lattice/moments_t3__cp_even__evolution.npz could not be reused (kernel source fingerprint mismatch); recomputing and overwriting it.
  (vector,) = cached_arrays(
/Users/jkarpie-admin/work/building/pixel/src/pixel/kernels/evolution/_factors.py:397: RuntimeWarning: LOUD WARNING: kernel cache /Users/jkarpie-admin/work/building/pixel_closure/closure_NNPDF_truth_small/data/_kernel_cache/lattice/moments_t8__cp_even__evolution.npz could not be reused (kernel source fingerprint mismatch); recomputing and overwriting it.
  (vector,) = cached_arrays(
/Users/jkarpie-admin/work/building/pixel/src/pixel/kernels/evolution/_factors.py:397: RuntimeWarning: LOUD WARNING: kernel cache /Users/jkarpie-admin/work/building/pixel_closure/closure_NNPDF_truth_small/data/_kernel_cache/lattice/moments_sigma__cp_even__evolution.npz could not be reused (kernel source fingerprint mismatch); recomputing and overwriting it.
  (vector,) = cached_arrays(
/Users/jkarpie-admin/work/building/pixel/src/pixel/kernels/evolution/_factors.py:397: RuntimeWarning: LOUD WARNING: kernel cache /Users/jkarpie-admin/work/building/pixel_closure/closure_NNPDF_truth_small/data/_kernel_cache/lattice/moments_t15__cp_even__evolution.npz could not be reused (kernel source fingerprint mismatch); recomputing and overwriting it.
  (vector,) = cached_arrays(
/Users/jkarpie-admin/work/building/pixel/src/pixel/kernels/evolution/_factors.py:397: RuntimeWarning: LOUD WARNING: kernel cache /Users/jkarpie-admin/work/building/pixel_closure/closure_NNPDF_truth_small/data/_kernel_cache/lattice/moments_g__cp_even__evolution.npz could not be reused (kernel source fingerprint mismatch); recomputing and overwriting it.
  (vector,) = cached_arrays(
/Users/jkarpie-admin/work/building/pixel/src/pixel/kernels/evolution/_factors.py:397: RuntimeWarning: LOUD WARNING: kernel cache /Users/jkarpie-admin/work/building/pixel_closure/closure_NNPDF_truth_small/data/_kernel_cache/lattice/moments_v3__cp_odd__evolution.npz could not be reused (kernel source fingerprint mismatch); recomputing and overwriting it.
  (vector,) = cached_arrays(
/Users/jkarpie-admin/work/building/pixel/src/pixel/kernels/evolution/_factors.py:397: RuntimeWarning: LOUD WARNING: kernel cache /Users/jkarpie-admin/work/building/pixel_closure/closure_NNPDF_truth_small/data/_kernel_cache/lattice/moments_v8__cp_odd__evolution.npz could not be reused (kernel source fingerprint mismatch); recomputing and overwriting it.
  (vector,) = cached_arrays(
/Users/jkarpie-admin/work/building/pixel/src/pixel/kernels/evolution/_factors.py:397: RuntimeWarning: LOUD WARNING: kernel cache /Users/jkarpie-admin/work/building/pixel_closure/closure_NNPDF_truth_small/data/_kernel_cache/lattice/moments_v__cp_odd__evolution.npz could not be reused (kernel source fingerprint mismatch); recomputing and overwriting it.
  (vector,) = cached_arrays(
/Users/jkarpie-admin/work/building/pixel/src/pixel/kernels/evolution/_factors.py:397: RuntimeWarning: LOUD WARNING: kernel cache /Users/jkarpie-admin/work/building/pixel_closure/closure_NNPDF_truth_small/data/_kernel_cache/lattice/moments_v15__cp_odd__evolution.npz could not be reused (kernel source fingerprint mismatch); recomputing and overwriting it.
  (vector,) = cached_arrays(
/Users/jkarpie-admin/work/building/pixel/src/pixel/kernels/_cache.py:1504: RuntimeWarning: LOUD WARNING: kernel cache /Users/jkarpie-admin/work/building/pixel_closure/closure_NNPDF_truth_small/data/_kernel_cache/lattice/itd_t3_imag.npz could not be reused (kernel source fingerprint mismatch); recomputing and overwriting it.
  (matrix,) = cached_arrays(
/Users/jkarpie-admin/work/building/pixel/src/pixel/kernels/_cache.py:1504: RuntimeWarning: LOUD WARNING: kernel cache /Users/jkarpie-admin/work/building/pixel_closure/closure_NNPDF_truth_small/data/_kernel_cache/lattice/itd_t8_imag.npz could not be reused (kernel source fingerprint mismatch); recomputing and overwriting it.
  (matrix,) = cached_arrays(
/Users/jkarpie-admin/work/building/pixel/src/pixel/kernels/_cache.py:1504: RuntimeWarning: LOUD WARNING: kernel cache /Users/jkarpie-admin/work/building/pixel_closure/closure_NNPDF_truth_small/data/_kernel_cache/lattice/itd_sigma_imag.npz could not be reused (kernel source fingerprint mismatch); recomputing and overwriting it.
  (matrix,) = cached_arrays(
/Users/jkarpie-admin/work/building/pixel/src/pixel/kernels/_cache.py:1504: RuntimeWarning: LOUD WARNING: kernel cache /Users/jkarpie-admin/work/building/pixel_closure/closure_NNPDF_truth_small/data/_kernel_cache/lattice/itd_t15_imag.npz could not be reused (kernel source fingerprint mismatch); recomputing and overwriting it.
  (matrix,) = cached_arrays(
/Users/jkarpie-admin/work/building/pixel/src/pixel/kernels/_cache.py:1504: RuntimeWarning: LOUD WARNING: kernel cache /Users/jkarpie-admin/work/building/pixel_closure/closure_NNPDF_truth_small/data/_kernel_cache/lattice/itd_g_imag.npz could not be reused (kernel source fingerprint mismatch); recomputing and overwriting it.
  (matrix,) = cached_arrays(
/Users/jkarpie-admin/work/building/pixel/src/pixel/kernels/_cache.py:1504: RuntimeWarning: LOUD WARNING: kernel cache /Users/jkarpie-admin/work/building/pixel_closure/closure_NNPDF_truth_small/data/_kernel_cache/lattice/itd_v3_real.npz could not be reused (kernel source fingerprint mismatch); recomputing and overwriting it.
  (matrix,) = cached_arrays(
/Users/jkarpie-admin/work/building/pixel/src/pixel/kernels/_cache.py:1504: RuntimeWarning: LOUD WARNING: kernel cache /Users/jkarpie-admin/work/building/pixel_closure/closure_NNPDF_truth_small/data/_kernel_cache/lattice/itd_v8_real.npz could not be reused (kernel source fingerprint mismatch); recomputing and overwriting it.
  (matrix,) = cached_arrays(
/Users/jkarpie-admin/work/building/pixel/src/pixel/kernels/_cache.py:1504: RuntimeWarning: LOUD WARNING: kernel cache /Users/jkarpie-admin/work/building/pixel_closure/closure_NNPDF_truth_small/data/_kernel_cache/lattice/itd_v_real.npz could not be reused (kernel source fingerprint mismatch); recomputing and overwriting it.
  (matrix,) = cached_arrays(
/Users/jkarpie-admin/work/building/pixel/src/pixel/kernels/_cache.py:1504: RuntimeWarning: LOUD WARNING: kernel cache /Users/jkarpie-admin/work/building/pixel_closure/closure_NNPDF_truth_small/data/_kernel_cache/lattice/itd_v15_real.npz could not be reused (kernel source fingerprint mismatch); recomputing and overwriting it.
  (matrix,) = cached_arrays(
/Users/jkarpie-admin/work/building/pixel/src/pixel/kernels/_cache.py:1504: RuntimeWarning: LOUD WARNING: kernel cache /Users/jkarpie-admin/work/building/pixel_closure/closure_NNPDF_truth_small/data/_kernel_cache/lattice/moments_t3__cp_even.npz could not be reused (kernel source fingerprint mismatch); recomputing and overwriting it.
  (matrix,) = cached_arrays(
/Users/jkarpie-admin/work/building/pixel/src/pixel/kernels/_cache.py:1504: RuntimeWarning: LOUD WARNING: kernel cache /Users/jkarpie-admin/work/building/pixel_closure/closure_NNPDF_truth_small/data/_kernel_cache/lattice/moments_t8__cp_even.npz could not be reused (kernel source fingerprint mismatch); recomputing and overwriting it.
  (matrix,) = cached_arrays(
/Users/jkarpie-admin/work/building/pixel/src/pixel/kernels/_cache.py:1504: RuntimeWarning: LOUD WARNING: kernel cache /Users/jkarpie-admin/work/building/pixel_closure/closure_NNPDF_truth_small/data/_kernel_cache/lattice/moments_sigma__cp_even.npz could not be reused (kernel source fingerprint mismatch); recomputing and overwriting it.
  (matrix,) = cached_arrays(
/Users/jkarpie-admin/work/building/pixel/src/pixel/kernels/_cache.py:1504: RuntimeWarning: LOUD WARNING: kernel cache /Users/jkarpie-admin/work/building/pixel_closure/closure_NNPDF_truth_small/data/_kernel_cache/lattice/moments_t15__cp_even.npz could not be reused (kernel source fingerprint mismatch); recomputing and overwriting it.
  (matrix,) = cached_arrays(
/Users/jkarpie-admin/work/building/pixel/src/pixel/kernels/_cache.py:1504: RuntimeWarning: LOUD WARNING: kernel cache /Users/jkarpie-admin/work/building/pixel_closure/closure_NNPDF_truth_small/data/_kernel_cache/lattice/moments_g__cp_even.npz could not be reused (kernel source fingerprint mismatch); recomputing and overwriting it.
  (matrix,) = cached_arrays(
/Users/jkarpie-admin/work/building/pixel/src/pixel/kernels/_cache.py:1504: RuntimeWarning: LOUD WARNING: kernel cache /Users/jkarpie-admin/work/building/pixel_closure/closure_NNPDF_truth_small/data/_kernel_cache/lattice/moments_v3__cp_odd.npz could not be reused (kernel source fingerprint mismatch); recomputing and overwriting it.
  (matrix,) = cached_arrays(
/Users/jkarpie-admin/work/building/pixel/src/pixel/kernels/_cache.py:1504: RuntimeWarning: LOUD WARNING: kernel cache /Users/jkarpie-admin/work/building/pixel_closure/closure_NNPDF_truth_small/data/_kernel_cache/lattice/moments_v8__cp_odd.npz could not be reused (kernel source fingerprint mismatch); recomputing and overwriting it.
  (matrix,) = cached_arrays(
/Users/jkarpie-admin/work/building/pixel/src/pixel/kernels/_cache.py:1504: RuntimeWarning: LOUD WARNING: kernel cache /Users/jkarpie-admin/work/building/pixel_closure/closure_NNPDF_truth_small/data/_kernel_cache/lattice/moments_v__cp_odd.npz could not be reused (kernel source fingerprint mismatch); recomputing and overwriting it.
  (matrix,) = cached_arrays(
/Users/jkarpie-admin/work/building/pixel/src/pixel/kernels/_cache.py:1504: RuntimeWarning: LOUD WARNING: kernel cache /Users/jkarpie-admin/work/building/pixel_closure/closure_NNPDF_truth_small/data/_kernel_cache/lattice/moments_v15__cp_odd.npz could not be reused (kernel source fingerprint mismatch); recomputing and overwriting it.
  (matrix,) = cached_arrays(
/Users/jkarpie-admin/work/building/pixel/src/pixel/infer/nested_vegas.py:1692: RuntimeWarning: overflow encountered in exp
  np.exp(production_shift)
   [time] build+kernels 7.88s  mcmc 2m 19s  marginal 0.00s  chi2 0.15s  fit total 2m 27s
   [time] fit 2m 27s  summary 0.56s  pdf-plot 0.54s  data-plot 2.01s  run total 2m 30s
[6/60] closure_NNPDF_truth_small Q=1 mode=lattice prior=const_logrbf
   [time] build+kernels 0.31s  mcmc 0.66s  marginal 0.00s  chi2 0.05s  fit total 1.01s
   [time] fit 1.33s  summary 0.04s  pdf-plot 0.52s  data-plot 1.32s  run total 3.21s
[7/60] closure_NNPDF_truth_small Q=1 mode=dis prior=const_logrbf
   [time] build+kernels 3.85s  mcmc 5.21s  marginal 27.4s  chi2 0.03s  fit total 36.5s
   [time] fit 36.5s  summary 0.07s  pdf-plot 0.56s  data-plot 0.94s  run total 38.1s
[8/60] closure_NNPDF_truth_small Q=1 mode=dy prior=const_logrbf
   [time] build+kernels 1.74s  mcmc 1m 30s  marginal 0.00s  chi2 0.13s  fit total 1m 32s
   [time] fit 1m 32s  summary 0.66s  pdf-plot 0.63s  data-plot 0.27s  run total 1m 34s
[9/60] closure_NNPDF_truth_small Q=1 mode=exp prior=const_logrbf
   [time] build+kernels 7.91s  mcmc 2m 18s  marginal 0.00s  chi2 0.24s  fit total 2m 26s
   [time] fit 2m 27s  summary 0.64s  pdf-plot 0.60s  data-plot 1.01s  run total 2m 29s
[10/60] closure_NNPDF_truth_small Q=1 mode=both prior=const_logrbf
/Users/jkarpie-admin/work/building/pixel/src/pixel/infer/nested_vegas.py:1692: RuntimeWarning: overflow encountered in exp
  np.exp(production_shift)
   [time] build+kernels 7.68s  mcmc 2m 29s  marginal 0.00s  chi2 0.19s  fit total 2m 37s
   [time] fit 2m 37s  summary 0.73s  pdf-plot 0.60s  data-plot 2.29s  run total 2m 41s
[11/60] closure_NNPDF_truth_small Q=2 mode=lattice prior=const_logrbf
   [time] build+kernels 0.18s  mcmc 0.36s  marginal 0.00s  chi2 0.02s  fit total 0.57s
   [time] fit 0.61s  summary 0.17s  pdf-plot 0.54s  data-plot 1.54s  run total 2.86s
[12/60] closure_NNPDF_truth_small Q=2 mode=dis prior=const_logrbf
   [time] build+kernels 4.07s  mcmc 5.12s  marginal 30.1s  chi2 0.03s  fit total 39.3s
   [time] fit 39.3s  summary 0.08s  pdf-plot 0.59s  data-plot 1.10s  run total 41.1s
[13/60] closure_NNPDF_truth_small Q=2 mode=dy prior=const_logrbf
   [time] build+kernels 1.71s  mcmc 1m 38s  marginal 0.00s  chi2 0.10s  fit total 1m 40s
   [time] fit 1m 40s  summary 0.51s  pdf-plot 0.60s  data-plot 0.25s  run total 1m 42s
[14/60] closure_NNPDF_truth_small Q=2 mode=exp prior=const_logrbf
   [time] build+kernels 8.11s  mcmc 11m 34s  marginal 0.03s  chi2 3.70s  fit total 11m 46s
   [time] fit 11m 46s  summary 4.07s  pdf-plot 18.7s  data-plot 5.85s  run total 12m 15s
[16/60] closure_NNPDF_truth_small Q=3 mode=lattice prior=const_logrbf
   [time] build+kernels 4.97s  mcmc 5.66s  marginal 0.01s  chi2 0.18s  fit total 10.8s
   [time] fit 11.1s  summary 0.33s  pdf-plot 3.43s  data-plot 12.9s  run total 27.7s
[17/60] closure_NNPDF_truth_small Q=3 mode=dis prior=const_logrbf
   [time] build+kernels 27.8s  mcmc 42.6s  marginal 2m 44s  chi2 0.14s  fit total 3m 55s
   [time] fit 3m 55s  summary 0.53s  pdf-plot 2.15s  data-plot 3.55s  run total 4m 01s
[18/60] closure_NNPDF_truth_small Q=3 mode=dy prior=const_logrbf
   [time] build+kernels 4.27s  mcmc 14m 23s  marginal 0.00s  chi2 0.33s  fit total 14m 27s
   [time] fit 14m 27s  summary 3.37s  pdf-plot 2.87s  data-plot 1.13s  run total 14m 35s
[19/60] closure_NNPDF_truth_small Q=3 mode=exp prior=const_logrbf
   [time] build+kernels 37.7s  mcmc 40m 30s  marginal 0.01s  chi2 2.42s  fit total 41m 11s
   [time] fit 41m 11s  summary 19.0s  pdf-plot 19.1s  data-plot 19.7s  run total 42m 09s
[20/60] closure_NNPDF_truth_small Q=3 mode=both prior=const_logrbf
E0821 01:37:48.554061 1046785 slow_operation_alarm.cc:73] Constant folding an instruction is taking > 1s:

  %reshape.715 = f64[1327104,12]{1,0} reshape(%constant.1196)

This isn't necessarily a bug; constant-folding is inherently a trade-off between compilation time and speed at runtime. XLA has some guards that attempt to keep constant folding from taking too long, but fundamentally you'll always be able to come up with an input program that takes a long time.

If you'd like to file a bug, run with envvar XLA_FLAGS=--xla_dump_to=/tmp/foo and attach the results.
E0821 01:37:48.721405 1046754 slow_operation_alarm.cc:140] The operation took 2.142975s
Constant folding an instruction is taking > 1s:

  %reshape.715 = f64[1327104,12]{1,0} reshape(%constant.1196)

This isn't necessarily a bug; constant-folding is inherently a trade-off between compilation time and speed at runtime. XLA has some guards that attempt to keep constant folding from taking too long, but fundamentally you'll always be able to come up with an input program that takes a long time.

If you'd like to file a bug, run with envvar XLA_FLAGS=--xla_dump_to=/tmp/foo and attach the results.
   [time] build+kernels 3m 45s  mcmc 1h 36m  marginal 0.02s  chi2 4.00s  fit total 1h 40m
   [time] fit 1h 40m  summary 17.2s  pdf-plot 10.7s  data-plot 42.8s  run total 1h 41m
[21/60] closure_NNPDF_truth_small Q=4 mode=lattice prior=const_logrbf
   [time] build+kernels 2.50s  mcmc 8.11s  marginal 0.02s  chi2 0.11s  fit total 10.7s
   [time] fit 10.9s  summary 1.80s  pdf-plot 8.88s  data-plot 23.5s  run total 45.1s
[22/60] closure_NNPDF_truth_small Q=4 mode=dis prior=const_logrbf
   [time] build+kernels 1m 35s  mcmc 2m 44s  marginal 12m 15s  chi2 0.17s  fit total 16m 36s
   [time] fit 16m 36s  summary 2.01s  pdf-plot 8.73s  data-plot 12.7s  run total 17m 00s
[23/60] closure_NNPDF_truth_small Q=4 mode=dy prior=const_logrbf
   [time] build+kernels 19.0s  mcmc 51m 36s  marginal 0.00s  chi2 0.08s  fit total 51m 55s
   [time] fit 51m 55s  summary 13.2s  pdf-plot 10.5s  data-plot 4.03s  run total 52m 22s
[24/60] closure_NNPDF_truth_small Q=4 mode=exp prior=const_logrbf
   [time] build+kernels 2m 12s  mcmc 1h 20m  marginal 0.00s  chi2 1.73s  fit total 1h 22m
   [time] fit 1h 22m  summary 15.1s  pdf-plot 12.6s  data-plot 15.3s  run total 1h 23m
[25/60] closure_NNPDF_truth_small Q=4 mode=both prior=const_logrbf
   [time] build+kernels 2m 12s  mcmc 1h 21m  marginal 0.00s  chi2 1.75s  fit total 1h 24m
   [time] fit 1h 24m  summary 15.2s  pdf-plot 10.3s  data-plot 36.2s  run total 1h 25m
[26/60] closure_NNPDF_truth_small Q=5 mode=lattice prior=const_logrbf
   [time] build+kernels 3.80s  mcmc 4.47s  marginal 0.01s  chi2 0.11s  fit total 8.39s
   [time] fit 8.54s  summary 1.80s  pdf-plot 8.69s  data-plot 21.4s  run total 40.4s
[27/60] closure_NNPDF_truth_small Q=5 mode=dis prior=const_logrbf
   [time] build+kernels 1m 05s  mcmc 2m 37s  marginal 10m 33s  chi2 0.09s  fit total 14m 17s
   [time] fit 14m 17s  summary 1.83s  pdf-plot 8.43s  data-plot 13.2s  run total 14m 41s
[28/60] closure_NNPDF_truth_small Q=5 mode=dy prior=const_logrbf
E0821 07:28:16.187408 1046785 slow_operation_alarm.cc:73] Constant folding an instruction is taking > 2s:

  %reshape.317 = f64[1327104,12]{1,0} reshape(%constant.679)

This isn't necessarily a bug; constant-folding is inherently a trade-off between compilation time and speed at runtime. XLA has some guards that attempt to keep constant folding from taking too long, but fundamentally you'll always be able to come up with an input program that takes a long time.

If you'd like to file a bug, run with envvar XLA_FLAGS=--xla_dump_to=/tmp/foo and attach the results.
E0821 07:28:16.268383 1046754 slow_operation_alarm.cc:140] The operation took 2.179745s
Constant folding an instruction is taking > 2s:

  %reshape.317 = f64[1327104,12]{1,0} reshape(%constant.679)

This isn't necessarily a bug; constant-folding is inherently a trade-off between compilation time and speed at runtime. XLA has some guards that attempt to keep constant folding from taking too long, but fundamentally you'll always be able to come up with an input program that takes a long time.

If you'd like to file a bug, run with envvar XLA_FLAGS=--xla_dump_to=/tmp/foo and attach the results.
   [time] build+kernels 19.4s  mcmc 52m 55s  marginal 0.00s  chi2 0.07s  fit total 53m 14s
   [time] fit 53m 14s  summary 12.9s  pdf-plot 10.3s  data-plot 2.43s  run total 53m 40s
[29/60] closure_NNPDF_truth_small Q=5 mode=exp prior=const_logrbf
   [time] build+kernels 1m 49s  mcmc 1h 14m  marginal 0.00s  chi2 1.78s  fit total 1h 16m
   [time] fit 1h 16m  summary 17.5s  pdf-plot 12.5s  data-plot 19.8s  run total 1h 16m
[30/60] closure_NNPDF_truth_small Q=5 mode=both prior=const_logrbf
/Users/jkarpie-admin/work/building/pixel/src/pixel/infer/nested_vegas.py:1692: RuntimeWarning: overflow encountered in exp
  np.exp(production_shift)
   [time] build+kernels 2m 21s  mcmc 5m 27s  marginal 0.00s  chi2 0.04s  fit total 7m 48s
   [time] fit 7m 48s  summary 0.53s  pdf-plot 0.47s  data-plot 1.84s  run total 7m 51s
[31/60] closure_NNPDF_truth_small Q=mc mode=lattice prior=beta_envelope
   [time] build+kernels 0.11s  mcmc 0.31s  marginal 0.00s  chi2 0.02s  fit total 0.44s
   [time] fit 0.47s  summary 0.04s  pdf-plot 0.62s  data-plot 1.16s  run total 2.29s
[32/60] closure_NNPDF_truth_small Q=mc mode=dis prior=beta_envelope
   [time] build+kernels 3.12s  mcmc 3.90s  marginal 25.1s  chi2 0.03s  fit total 32.1s
   [time] fit 32.1s  summary 0.06s  pdf-plot 0.50s  data-plot 0.85s  run total 33.5s
[33/60] closure_NNPDF_truth_small Q=mc mode=dy prior=beta_envelope
   [time] build+kernels 1.29s  mcmc 1m 21s  marginal 0.00s  chi2 0.02s  fit total 1m 23s
   [time] fit 1m 23s  summary 0.45s  pdf-plot 0.46s  data-plot 0.16s  run total 1m 24s
[34/60] closure_NNPDF_truth_small Q=mc mode=exp prior=beta_envelope
   [time] build+kernels 5.70s  mcmc 1m 51s  marginal 0.00s  chi2 0.03s  fit total 1m 56s
   [time] fit 1m 56s  summary 0.51s  pdf-plot 0.75s  data-plot 0.89s  run total 1m 59s
[35/60] closure_NNPDF_truth_small Q=mc mode=both prior=beta_envelope
   [time] build+kernels 5.86s  mcmc 1m 54s  marginal 0.00s  chi2 0.03s  fit total 2m 00s
   [time] fit 2m 00s  summary 0.53s  pdf-plot 0.49s  data-plot 1.73s  run total 2m 03s
[36/60] closure_NNPDF_truth_small Q=1 mode=lattice prior=beta_envelope
   [time] build+kernels 0.21s  mcmc 0.25s  marginal 0.00s  chi2 0.02s  fit total 0.48s
   [time] fit 0.51s  summary 0.04s  pdf-plot 0.51s  data-plot 1.15s  run total 2.20s
[37/60] closure_NNPDF_truth_small Q=1 mode=dis prior=beta_envelope
   [time] build+kernels 2.89s  mcmc 3.95s  marginal 25.3s  chi2 0.02s  fit total 32.1s
   [time] fit 32.1s  summary 0.06s  pdf-plot 0.53s  data-plot 0.82s  run total 33.5s
[38/60] closure_NNPDF_truth_small Q=1 mode=dy prior=beta_envelope
   [time] build+kernels 1.34s  mcmc 1m 20s  marginal 0.00s  chi2 0.02s  fit total 1m 21s
   [time] fit 1m 21s  summary 0.44s  pdf-plot 0.47s  data-plot 0.16s  run total 1m 22s
[39/60] closure_NNPDF_truth_small Q=1 mode=exp prior=beta_envelope
   [time] build+kernels 5.35s  mcmc 1m 43s  marginal 0.00s  chi2 0.03s  fit total 1m 48s
   [time] fit 1m 48s  summary 0.47s  pdf-plot 0.49s  data-plot 0.79s  run total 1m 50s
[40/60] closure_NNPDF_truth_small Q=1 mode=both prior=beta_envelope
/Users/jkarpie-admin/work/building/pixel/src/pixel/infer/nested_vegas.py:1692: RuntimeWarning: overflow encountered in exp
  np.exp(production_shift)
   [time] build+kernels 5.41s  mcmc 1m 44s  marginal 0.00s  chi2 0.03s  fit total 1m 49s
   [time] fit 1m 49s  summary 0.49s  pdf-plot 0.44s  data-plot 1.67s  run total 1m 52s
[41/60] closure_NNPDF_truth_small Q=2 mode=lattice prior=beta_envelope
   [time] build+kernels 0.08s  mcmc 0.21s  marginal 0.00s  chi2 0.02s  fit total 0.31s
   [time] fit 0.34s  summary 0.04s  pdf-plot 0.44s  data-plot 1.04s  run total 1.85s
[42/60] closure_NNPDF_truth_small Q=2 mode=dis prior=beta_envelope
   [time] build+kernels 2.67s  mcmc 3.79s  marginal 22.5s  chi2 0.02s  fit total 29.0s
   [time] fit 29.0s  summary 0.06s  pdf-plot 0.45s  data-plot 0.70s  run total 30.2s
[43/60] closure_NNPDF_truth_small Q=2 mode=dy prior=beta_envelope
   [time] build+kernels 1.10s  mcmc 1m 14s  marginal 0.00s  chi2 0.01s  fit total 1m 15s
   [time] fit 1m 15s  summary 0.42s  pdf-plot 0.43s  data-plot 0.15s  run total 1m 16s
[44/60] closure_NNPDF_truth_small Q=2 mode=exp prior=beta_envelope
   [time] build+kernels 4.86s  mcmc 1m 41s  marginal 0.00s  chi2 0.03s  fit total 1m 45s
   [time] fit 1m 45s  summary 0.49s  pdf-plot 0.46s  data-plot 0.75s  run total 1m 47s
[46/60] closure_NNPDF_truth_small Q=3 mode=lattice prior=beta_envelope
   [time] build+kernels 0.09s  mcmc 0.21s  marginal 0.00s  chi2 0.02s  fit total 0.32s
   [time] fit 0.34s  summary 0.04s  pdf-plot 0.55s  data-plot 1.11s  run total 2.04s
[47/60] closure_NNPDF_truth_small Q=3 mode=dis prior=beta_envelope
   [time] build+kernels 2.98s  mcmc 3.80s  marginal 24.3s  chi2 0.03s  fit total 31.1s
   [time] fit 31.2s  summary 0.06s  pdf-plot 0.49s  data-plot 0.82s  run total 32.5s
[48/60] closure_NNPDF_truth_small Q=3 mode=dy prior=beta_envelope
   [time] build+kernels 1.25s  mcmc 1m 15s  marginal 0.00s  chi2 0.01s  fit total 1m 16s
   [time] fit 1m 16s  summary 0.42s  pdf-plot 0.47s  data-plot 0.17s  run total 1m 17s
[49/60] closure_NNPDF_truth_small Q=3 mode=exp prior=beta_envelope
   [time] build+kernels 5.16s  mcmc 1m 47s  marginal 0.00s  chi2 0.03s  fit total 1m 52s
   [time] fit 1m 52s  summary 0.51s  pdf-plot 0.64s  data-plot 0.82s  run total 1m 54s
[50/60] closure_NNPDF_truth_small Q=3 mode=both prior=beta_envelope
   [time] build+kernels 5.08s  mcmc 1m 57s  marginal 0.00s  chi2 0.07s  fit total 2m 02s
   [time] fit 2m 02s  summary 0.56s  pdf-plot 0.68s  data-plot 1.74s  run total 2m 05s
[51/60] closure_NNPDF_truth_small Q=4 mode=lattice prior=beta_envelope
   [time] build+kernels 0.10s  mcmc 0.36s  marginal 0.00s  chi2 0.02s  fit total 0.48s
   [time] fit 0.51s  summary 0.04s  pdf-plot 0.50s  data-plot 1.12s  run total 2.17s
[52/60] closure_NNPDF_truth_small Q=4 mode=dis prior=beta_envelope
   [time] build+kernels 2.94s  mcmc 4.16s  marginal 26.6s  chi2 0.03s  fit total 33.7s
   [time] fit 33.7s  summary 0.07s  pdf-plot 0.63s  data-plot 0.71s  run total 35.1s
[53/60] closure_NNPDF_truth_small Q=4 mode=dy prior=beta_envelope
   [time] build+kernels 1.31s  mcmc 1m 19s  marginal 0.00s  chi2 0.02s  fit total 1m 20s
   [time] fit 1m 20s  summary 0.46s  pdf-plot 0.48s  data-plot 0.16s  run total 1m 22s
[54/60] closure_NNPDF_truth_small Q=4 mode=exp prior=beta_envelope
   [time] build+kernels 5.26s  mcmc 1m 45s  marginal 0.00s  chi2 0.03s  fit total 1m 51s
   [time] fit 1m 51s  summary 0.51s  pdf-plot 0.47s  data-plot 0.78s  run total 1m 52s
[55/60] closure_NNPDF_truth_small Q=4 mode=both prior=beta_envelope
   [time] build+kernels 5.19s  mcmc 1m 54s  marginal 0.00s  chi2 0.03s  fit total 1m 59s
   [time] fit 1m 59s  summary 0.57s  pdf-plot 0.46s  data-plot 1.80s  run total 2m 02s
[56/60] closure_NNPDF_truth_small Q=5 mode=lattice prior=beta_envelope
   [time] build+kernels 0.09s  mcmc 0.21s  marginal 0.00s  chi2 0.02s  fit total 0.32s
   [time] fit 0.34s  summary 0.04s  pdf-plot 0.45s  data-plot 1.05s  run total 1.88s
[57/60] closure_NNPDF_truth_small Q=5 mode=dis prior=beta_envelope
   [time] build+kernels 2.76s  mcmc 4.13s  marginal 25.4s  chi2 0.02s  fit total 32.4s
   [time] fit 32.4s  summary 0.06s  pdf-plot 0.60s  data-plot 0.67s  run total 33.7s
[58/60] closure_NNPDF_truth_small Q=5 mode=dy prior=beta_envelope
   [time] build+kernels 1.28s  mcmc 1m 17s  marginal 0.00s  chi2 0.01s  fit total 1m 18s
   [time] fit 1m 18s  summary 0.41s  pdf-plot 0.43s  data-plot 0.16s  run total 1m 19s
[59/60] closure_NNPDF_truth_small Q=5 mode=exp prior=beta_envelope
   [time] build+kernels 5.12s  mcmc 1m 37s  marginal 0.00s  chi2 0.05s  fit total 1m 42s
   [time] fit 1m 42s  summary 0.46s  pdf-plot 0.46s  data-plot 0.78s  run total 1m 44s
[60/60] closure_NNPDF_truth_small Q=5 mode=both prior=beta_envelope
   [time] build+kernels 5.07s  mcmc 1m 51s  marginal 0.00s  chi2 0.04s  fit total 1m 56s
   [time] fit 1m 57s  summary 0.54s  pdf-plot 0.57s  data-plot 1.86s  run total 1m 59s

[campaign] closure_NNPDF_truth_small: 55 ok, 0 failed, 5 skipped in 616.6 min -> /Users/jkarpie-admin/work/building/pixel_closure/campaign/singlet_serial

### CAMPAIGN closure_JAM_truth_small 10:15:53
[campaign] RCOND override: 1e-16 -> 1e-12
[campaign] closure_JAM_truth_small: 60 cells (2 priors x 6 Q x 5 modes)
[1/60] closure_JAM_truth_small Q=mc mode=lattice prior=const_logrbf
/Users/jkarpie-admin/work/building/pixel/src/pixel/kernels/evolution/_factors.py:397: RuntimeWarning: LOUD WARNING: kernel cache /Users/jkarpie-admin/work/building/pixel_closure/closure_JAM_truth_small/data/_kernel_cache/lattice/moments_t3__cp_even__evolution.npz could not be reused (kernel source fingerprint mismatch); recomputing and overwriting it.
  (vector,) = cached_arrays(
/Users/jkarpie-admin/work/building/pixel/src/pixel/kernels/evolution/_factors.py:397: RuntimeWarning: LOUD WARNING: kernel cache /Users/jkarpie-admin/work/building/pixel_closure/closure_JAM_truth_small/data/_kernel_cache/lattice/moments_t8__cp_even__evolution.npz could not be reused (kernel source fingerprint mismatch); recomputing and overwriting it.
  (vector,) = cached_arrays(
/Users/jkarpie-admin/work/building/pixel/src/pixel/kernels/evolution/_factors.py:397: RuntimeWarning: LOUD WARNING: kernel cache /Users/jkarpie-admin/work/building/pixel_closure/closure_JAM_truth_small/data/_kernel_cache/lattice/moments_sigma__cp_even__evolution.npz could not be reused (kernel source fingerprint mismatch); recomputing and overwriting it.
  (vector,) = cached_arrays(
/Users/jkarpie-admin/work/building/pixel/src/pixel/kernels/evolution/_factors.py:397: RuntimeWarning: LOUD WARNING: kernel cache /Users/jkarpie-admin/work/building/pixel_closure/closure_JAM_truth_small/data/_kernel_cache/lattice/moments_t15__cp_even__evolution.npz could not be reused (kernel source fingerprint mismatch); recomputing and overwriting it.
  (vector,) = cached_arrays(
/Users/jkarpie-admin/work/building/pixel/src/pixel/kernels/evolution/_factors.py:397: RuntimeWarning: LOUD WARNING: kernel cache /Users/jkarpie-admin/work/building/pixel_closure/closure_JAM_truth_small/data/_kernel_cache/lattice/moments_g__cp_even__evolution.npz could not be reused (kernel source fingerprint mismatch); recomputing and overwriting it.
  (vector,) = cached_arrays(
/Users/jkarpie-admin/work/building/pixel/src/pixel/kernels/evolution/_factors.py:397: RuntimeWarning: LOUD WARNING: kernel cache /Users/jkarpie-admin/work/building/pixel_closure/closure_JAM_truth_small/data/_kernel_cache/lattice/moments_v3__cp_odd__evolution.npz could not be reused (kernel source fingerprint mismatch); recomputing and overwriting it.
  (vector,) = cached_arrays(
/Users/jkarpie-admin/work/building/pixel/src/pixel/kernels/evolution/_factors.py:397: RuntimeWarning: LOUD WARNING: kernel cache /Users/jkarpie-admin/work/building/pixel_closure/closure_JAM_truth_small/data/_kernel_cache/lattice/moments_v8__cp_odd__evolution.npz could not be reused (kernel source fingerprint mismatch); recomputing and overwriting it.
  (vector,) = cached_arrays(
/Users/jkarpie-admin/work/building/pixel/src/pixel/kernels/evolution/_factors.py:397: RuntimeWarning: LOUD WARNING: kernel cache /Users/jkarpie-admin/work/building/pixel_closure/closure_JAM_truth_small/data/_kernel_cache/lattice/moments_v__cp_odd__evolution.npz could not be reused (kernel source fingerprint mismatch); recomputing and overwriting it.
  (vector,) = cached_arrays(
/Users/jkarpie-admin/work/building/pixel/src/pixel/kernels/evolution/_factors.py:397: RuntimeWarning: LOUD WARNING: kernel cache /Users/jkarpie-admin/work/building/pixel_closure/closure_JAM_truth_small/data/_kernel_cache/lattice/moments_v15__cp_odd__evolution.npz could not be reused (kernel source fingerprint mismatch); recomputing and overwriting it.
  (vector,) = cached_arrays(
/Users/jkarpie-admin/work/building/pixel/src/pixel/kernels/_cache.py:1504: RuntimeWarning: LOUD WARNING: kernel cache /Users/jkarpie-admin/work/building/pixel_closure/closure_JAM_truth_small/data/_kernel_cache/lattice/itd_t3_imag.npz could not be reused (kernel source fingerprint mismatch); recomputing and overwriting it.
  (matrix,) = cached_arrays(
/Users/jkarpie-admin/work/building/pixel/src/pixel/kernels/_cache.py:1504: RuntimeWarning: LOUD WARNING: kernel cache /Users/jkarpie-admin/work/building/pixel_closure/closure_JAM_truth_small/data/_kernel_cache/lattice/itd_t8_imag.npz could not be reused (kernel source fingerprint mismatch); recomputing and overwriting it.
  (matrix,) = cached_arrays(
/Users/jkarpie-admin/work/building/pixel/src/pixel/kernels/_cache.py:1504: RuntimeWarning: LOUD WARNING: kernel cache /Users/jkarpie-admin/work/building/pixel_closure/closure_JAM_truth_small/data/_kernel_cache/lattice/itd_sigma_imag.npz could not be reused (kernel source fingerprint mismatch); recomputing and overwriting it.
  (matrix,) = cached_arrays(
/Users/jkarpie-admin/work/building/pixel/src/pixel/kernels/_cache.py:1504: RuntimeWarning: LOUD WARNING: kernel cache /Users/jkarpie-admin/work/building/pixel_closure/closure_JAM_truth_small/data/_kernel_cache/lattice/itd_t15_imag.npz could not be reused (kernel source fingerprint mismatch); recomputing and overwriting it.
  (matrix,) = cached_arrays(
/Users/jkarpie-admin/work/building/pixel/src/pixel/kernels/_cache.py:1504: RuntimeWarning: LOUD WARNING: kernel cache /Users/jkarpie-admin/work/building/pixel_closure/closure_JAM_truth_small/data/_kernel_cache/lattice/itd_g_imag.npz could not be reused (kernel source fingerprint mismatch); recomputing and overwriting it.
  (matrix,) = cached_arrays(
/Users/jkarpie-admin/work/building/pixel/src/pixel/kernels/_cache.py:1504: RuntimeWarning: LOUD WARNING: kernel cache /Users/jkarpie-admin/work/building/pixel_closure/closure_JAM_truth_small/data/_kernel_cache/lattice/itd_v3_real.npz could not be reused (kernel source fingerprint mismatch); recomputing and overwriting it.
  (matrix,) = cached_arrays(
/Users/jkarpie-admin/work/building/pixel/src/pixel/kernels/_cache.py:1504: RuntimeWarning: LOUD WARNING: kernel cache /Users/jkarpie-admin/work/building/pixel_closure/closure_JAM_truth_small/data/_kernel_cache/lattice/itd_v8_real.npz could not be reused (kernel source fingerprint mismatch); recomputing and overwriting it.
  (matrix,) = cached_arrays(
/Users/jkarpie-admin/work/building/pixel/src/pixel/kernels/_cache.py:1504: RuntimeWarning: LOUD WARNING: kernel cache /Users/jkarpie-admin/work/building/pixel_closure/closure_JAM_truth_small/data/_kernel_cache/lattice/itd_v_real.npz could not be reused (kernel source fingerprint mismatch); recomputing and overwriting it.
  (matrix,) = cached_arrays(
/Users/jkarpie-admin/work/building/pixel/src/pixel/kernels/_cache.py:1504: RuntimeWarning: LOUD WARNING: kernel cache /Users/jkarpie-admin/work/building/pixel_closure/closure_JAM_truth_small/data/_kernel_cache/lattice/itd_v15_real.npz could not be reused (kernel source fingerprint mismatch); recomputing and overwriting it.
  (matrix,) = cached_arrays(
/Users/jkarpie-admin/work/building/pixel/src/pixel/kernels/_cache.py:1504: RuntimeWarning: LOUD WARNING: kernel cache /Users/jkarpie-admin/work/building/pixel_closure/closure_JAM_truth_small/data/_kernel_cache/lattice/moments_t3__cp_even.npz could not be reused (kernel source fingerprint mismatch); recomputing and overwriting it.
  (matrix,) = cached_arrays(
/Users/jkarpie-admin/work/building/pixel/src/pixel/kernels/_cache.py:1504: RuntimeWarning: LOUD WARNING: kernel cache /Users/jkarpie-admin/work/building/pixel_closure/closure_JAM_truth_small/data/_kernel_cache/lattice/moments_t8__cp_even.npz could not be reused (kernel source fingerprint mismatch); recomputing and overwriting it.
  (matrix,) = cached_arrays(
/Users/jkarpie-admin/work/building/pixel/src/pixel/kernels/_cache.py:1504: RuntimeWarning: LOUD WARNING: kernel cache /Users/jkarpie-admin/work/building/pixel_closure/closure_JAM_truth_small/data/_kernel_cache/lattice/moments_sigma__cp_even.npz could not be reused (kernel source fingerprint mismatch); recomputing and overwriting it.
  (matrix,) = cached_arrays(
/Users/jkarpie-admin/work/building/pixel/src/pixel/kernels/_cache.py:1504: RuntimeWarning: LOUD WARNING: kernel cache /Users/jkarpie-admin/work/building/pixel_closure/closure_JAM_truth_small/data/_kernel_cache/lattice/moments_t15__cp_even.npz could not be reused (kernel source fingerprint mismatch); recomputing and overwriting it.
  (matrix,) = cached_arrays(
/Users/jkarpie-admin/work/building/pixel/src/pixel/kernels/_cache.py:1504: RuntimeWarning: LOUD WARNING: kernel cache /Users/jkarpie-admin/work/building/pixel_closure/closure_JAM_truth_small/data/_kernel_cache/lattice/moments_g__cp_even.npz could not be reused (kernel source fingerprint mismatch); recomputing and overwriting it.
  (matrix,) = cached_arrays(
/Users/jkarpie-admin/work/building/pixel/src/pixel/kernels/_cache.py:1504: RuntimeWarning: LOUD WARNING: kernel cache /Users/jkarpie-admin/work/building/pixel_closure/closure_JAM_truth_small/data/_kernel_cache/lattice/moments_v3__cp_odd.npz could not be reused (kernel source fingerprint mismatch); recomputing and overwriting it.
  (matrix,) = cached_arrays(
/Users/jkarpie-admin/work/building/pixel/src/pixel/kernels/_cache.py:1504: RuntimeWarning: LOUD WARNING: kernel cache /Users/jkarpie-admin/work/building/pixel_closure/closure_JAM_truth_small/data/_kernel_cache/lattice/moments_v8__cp_odd.npz could not be reused (kernel source fingerprint mismatch); recomputing and overwriting it.
  (matrix,) = cached_arrays(
/Users/jkarpie-admin/work/building/pixel/src/pixel/kernels/_cache.py:1504: RuntimeWarning: LOUD WARNING: kernel cache /Users/jkarpie-admin/work/building/pixel_closure/closure_JAM_truth_small/data/_kernel_cache/lattice/moments_v__cp_odd.npz could not be reused (kernel source fingerprint mismatch); recomputing and overwriting it.
  (matrix,) = cached_arrays(
/Users/jkarpie-admin/work/building/pixel/src/pixel/kernels/_cache.py:1504: RuntimeWarning: LOUD WARNING: kernel cache /Users/jkarpie-admin/work/building/pixel_closure/closure_JAM_truth_small/data/_kernel_cache/lattice/moments_v15__cp_odd.npz could not be reused (kernel source fingerprint mismatch); recomputing and overwriting it.
  (matrix,) = cached_arrays(
   [time] build+kernels 1.01s  mcmc 1.10s  marginal 0.00s  chi2 0.05s  fit total 2.15s
   [time] fit 2.43s  summary 0.04s  pdf-plot 0.76s  data-plot 1.12s  run total 4.35s
[2/60] closure_JAM_truth_small Q=mc mode=dis prior=const_logrbf
/Users/jkarpie-admin/work/building/pixel/src/pixel/kernels/_cache.py:1504: RuntimeWarning: LOUD WARNING: kernel cache /Users/jkarpie-admin/work/building/pixel_closure/closure_JAM_truth_small/data/_kernel_cache/exp/slac_p_f2__F2_u_minus_d.npz could not be reused (kernel source fingerprint mismatch); recomputing and overwriting it.
  (matrix,) = cached_arrays(
/Users/jkarpie-admin/work/building/pixel/src/pixel/kernels/evolution/matrices.py:860: RuntimeWarning: LOUD WARNING: kernel cache /Users/jkarpie-admin/work/building/pixel_closure/closure_JAM_truth_small/data/_kernel_cache/exp/slac_p_f2__F2_u_minus_d__evolution.npz could not be reused (kernel source fingerprint mismatch); recomputing and overwriting it.
  (matrix,) = cached_arrays(
/Users/jkarpie-admin/work/building/pixel/src/pixel/kernels/evolution/assembly.py:751: RuntimeWarning: LOUD WARNING: kernel cache /Users/jkarpie-admin/work/building/pixel_closure/closure_JAM_truth_small/data/_kernel_cache/exp/slac_p_f2__F2_u_minus_d__evolution__evolution_q2_1.66.npz could not be reused (kernel source fingerprint mismatch); recomputing and overwriting it.
  matrix, convergence = cached_arrays(
/Users/jkarpie-admin/work/building/pixel/src/pixel/kernels/evolution/assembly.py:751: RuntimeWarning: LOUD WARNING: kernel cache /Users/jkarpie-admin/work/building/pixel_closure/closure_JAM_truth_small/data/_kernel_cache/exp/slac_p_f2__F2_u_minus_d__evolution__evolution_q2_2.02.npz could not be reused (kernel source fingerprint mismatch); recomputing and overwriting it.
  matrix, convergence = cached_arrays(
/Users/jkarpie-admin/work/building/pixel/src/pixel/kernels/evolution/assembly.py:751: RuntimeWarning: LOUD WARNING: kernel cache /Users/jkarpie-admin/work/building/pixel_closure/closure_JAM_truth_small/data/_kernel_cache/exp/slac_p_f2__F2_u_minus_d__evolution__evolution_q2_3.25.npz could not be reused (kernel source fingerprint mismatch); recomputing and overwriting it.
  matrix, convergence = cached_arrays(
/Users/jkarpie-admin/work/building/pixel/src/pixel/kernels/evolution/assembly.py:751: RuntimeWarning: LOUD WARNING: kernel cache /Users/jkarpie-admin/work/building/pixel_closure/closure_JAM_truth_small/data/_kernel_cache/exp/slac_p_f2__F2_u_minus_d__evolution__evolution_q2_3.36.npz could not be reused (kernel source fingerprint mismatch); recomputing and overwriting it.
  matrix, convergence = cached_arrays(
/Users/jkarpie-admin/work/building/pixel/src/pixel/kernels/evolution/assembly.py:751: RuntimeWarning: LOUD WARNING: kernel cache /Users/jkarpie-admin/work/building/pixel_closure/closure_JAM_truth_small/data/_kernel_cache/exp/slac_p_f2__F2_u_minus_d__evolution__evolution_q2_3.62.npz could not be reused (kernel source fingerprint mismatch); recomputing and overwriting it.
  matrix, convergence = cached_arrays(
/Users/jkarpie-admin/work/building/pixel/src/pixel/kernels/evolution/assembly.py:751: RuntimeWarning: LOUD WARNING: kernel cache /Users/jkarpie-admin/work/building/pixel_closure/closure_JAM_truth_small/data/_kernel_cache/exp/slac_p_f2__F2_u_minus_d__evolution__evolution_q2_4.02.npz could not be reused (kernel source fingerprint mismatch); recomputing and overwriting it.
  matrix, convergence = cached_arrays(
/Users/jkarpie-admin/work/building/pixel/src/pixel/kernels/evolution/assembly.py:751: RuntimeWarning: LOUD WARNING: kernel cache /Users/jkarpie-admin/work/building/pixel_closure/closure_JAM_truth_small/data/_kernel_cache/exp/slac_p_f2__F2_u_minus_d__evolution__evolution_q2_4.18.npz could not be reused (kernel source fingerprint mismatch); recomputing and overwriting it.
  matrix, convergence = cached_arrays(
/Users/jkarpie-admin/work/building/pixel/src/pixel/kernels/evolution/assembly.py:751: RuntimeWarning: LOUD WARNING: kernel cache /Users/jkarpie-admin/work/building/pixel_closure/closure_JAM_truth_small/data/_kernel_cache/exp/slac_p_f2__F2_u_minus_d__evolution__evolution_q2_4.77.npz could not be reused (kernel source fingerprint mismatch); recomputing and overwriting it.
  matrix, convergence = cached_arrays(
/Users/jkarpie-admin/work/building/pixel/src/pixel/kernels/evolution/assembly.py:751: RuntimeWarning: LOUD WARNING: kernel cache /Users/jkarpie-admin/work/building/pixel_closure/closure_JAM_truth_small/data/_kernel_cache/exp/slac_p_f2__F2_u_minus_d__evolution__evolution_q2_5.06.npz could not be reused (kernel source fingerprint mismatch); recomputing and overwriting it.
  matrix, convergence = cached_arrays(
/Users/jkarpie-admin/work/building/pixel/src/pixel/kernels/evolution/assembly.py:751: RuntimeWarning: LOUD WARNING: kernel cache /Users/jkarpie-admin/work/building/pixel_closure/closure_JAM_truth_small/data/_kernel_cache/exp/slac_p_f2__F2_u_minus_d__evolution__evolution_q2_5.84.npz could not be reused (kernel source fingerprint mismatch); recomputing and overwriting it.
  matrix, convergence = cached_arrays(
/Users/jkarpie-admin/work/building/pixel/src/pixel/kernels/evolution/assembly.py:751: RuntimeWarning: LOUD WARNING: kernel cache /Users/jkarpie-admin/work/building/pixel_closure/closure_JAM_truth_small/data/_kernel_cache/exp/slac_p_f2__F2_u_minus_d__evolution__evolution_q2_8.56.npz could not be reused (kernel source fingerprint mismatch); recomputing and overwriting it.
  matrix, convergence = cached_arrays(
/Users/jkarpie-admin/work/building/pixel/src/pixel/kernels/evolution/assembly.py:751: RuntimeWarning: LOUD WARNING: kernel cache /Users/jkarpie-admin/work/building/pixel_closure/closure_JAM_truth_small/data/_kernel_cache/exp/slac_p_f2__F2_u_minus_d__evolution__evolution_q2_11.39.npz could not be reused (kernel source fingerprint mismatch); recomputing and overwriting it.
  matrix, convergence = cached_arrays(
/Users/jkarpie-admin/work/building/pixel/src/pixel/kernels/evolution/assembly.py:751: RuntimeWarning: LOUD WARNING: kernel cache /Users/jkarpie-admin/work/building/pixel_closure/closure_JAM_truth_small/data/_kernel_cache/exp/slac_p_f2__F2_u_minus_d__evolution__evolution_q2_11.56.npz could not be reused (kernel source fingerprint mismatch); recomputing and overwriting it.
  matrix, convergence = cached_arrays(
/Users/jkarpie-admin/work/building/pixel/src/pixel/kernels/evolution/assembly.py:751: RuntimeWarning: LOUD WARNING: kernel cache /Users/jkarpie-admin/work/building/pixel_closure/closure_JAM_truth_small/data/_kernel_cache/exp/slac_p_f2__F2_u_minus_d__evolution__evolution_q2_17.89.npz could not be reused (kernel source fingerprint mismatch); recomputing and overwriting it.
  matrix, convergence = cached_arrays(
/Users/jkarpie-admin/work/building/pixel/src/pixel/kernels/evolution/assembly.py:751: RuntimeWarning: LOUD WARNING: kernel cache /Users/jkarpie-admin/work/building/pixel_closure/closure_JAM_truth_small/data/_kernel_cache/exp/slac_p_f2__F2_u_minus_d__evolution__evolution_q2_20.23.npz could not be reused (kernel source fingerprint mismatch); recomputing and overwriting it.
  matrix, convergence = cached_arrays(
/Users/jkarpie-admin/work/building/pixel/src/pixel/kernels/evolution/assembly.py:751: RuntimeWarning: LOUD WARNING: kernel cache /Users/jkarpie-admin/work/building/pixel_closure/closure_JAM_truth_small/data/_kernel_cache/exp/slac_p_f2__F2_u_minus_d__evolution__evolution_q2_24.85.npz could not be reused (kernel source fingerprint mismatch); recomputing and overwriting it.
  matrix, convergence = cached_arrays(
/Users/jkarpie-admin/work/building/pixel/src/pixel/kernels/_cache.py:1504: RuntimeWarning: LOUD WARNING: kernel cache /Users/jkarpie-admin/work/building/pixel_closure/closure_JAM_truth_small/data/_kernel_cache/exp/slac_p_f2__F2_u_plus_d_minus_2s.npz could not be reused (kernel source fingerprint mismatch); recomputing and overwriting it.
  (matrix,) = cached_arrays(
/Users/jkarpie-admin/work/building/pixel/src/pixel/kernels/evolution/matrices.py:860: RuntimeWarning: LOUD WARNING: kernel cache /Users/jkarpie-admin/work/building/pixel_closure/closure_JAM_truth_small/data/_kernel_cache/exp/slac_p_f2__F2_u_plus_d_minus_2s__evolution.npz could not be reused (kernel source fingerprint mismatch); recomputing and overwriting it.
  (matrix,) = cached_arrays(
/Users/jkarpie-admin/work/building/pixel/src/pixel/kernels/evolution/assembly.py:751: RuntimeWarning: LOUD WARNING: kernel cache /Users/jkarpie-admin/work/building/pixel_closure/closure_JAM_truth_small/data/_kernel_cache/exp/slac_p_f2__F2_u_plus_d_minus_2s__evolution__evolution_q2_1.66.npz could not be reused (kernel source fingerprint mismatch); recomputing and overwriting it.
  matrix, convergence = cached_arrays(
/Users/jkarpie-admin/work/building/pixel/src/pixel/kernels/evolution/assembly.py:751: RuntimeWarning: LOUD WARNING: kernel cache /Users/jkarpie-admin/work/building/pixel_closure/closure_JAM_truth_small/data/_kernel_cache/exp/slac_p_f2__F2_u_plus_d_minus_2s__evolution__evolution_q2_2.02.npz could not be reused (kernel source fingerprint mismatch); recomputing and overwriting it.
  matrix, convergence = cached_arrays(
/Users/jkarpie-admin/work/building/pixel/src/pixel/kernels/evolution/assembly.py:751: RuntimeWarning: LOUD WARNING: kernel cache /Users/jkarpie-admin/work/building/pixel_closure/closure_JAM_truth_small/data/_kernel_cache/exp/slac_p_f2__F2_u_plus_d_minus_2s__evolution__evolution_q2_3.25.npz could not be reused (kernel source fingerprint mismatch); recomputing and overwriting it.
  matrix, convergence = cached_arrays(
/Users/jkarpie-admin/work/building/pixel/src/pixel/kernels/evolution/assembly.py:751: RuntimeWarning: LOUD WARNING: kernel cache /Users/jkarpie-admin/work/building/pixel_closure/closure_JAM_truth_small/data/_kernel_cache/exp/slac_p_f2__F2_u_plus_d_minus_2s__evolution__evolution_q2_3.36.npz could not be reused (kernel source fingerprint mismatch); recomputing and overwriting it.
  matrix, convergence = cached_arrays(
/Users/jkarpie-admin/work/building/pixel/src/pixel/kernels/evolution/assembly.py:751: RuntimeWarning: LOUD WARNING: kernel cache /Users/jkarpie-admin/work/building/pixel_closure/closure_JAM_truth_small/data/_kernel_cache/exp/slac_p_f2__F2_u_plus_d_minus_2s__evolution__evolution_q2_3.62.npz could not be reused (kernel source fingerprint mismatch); recomputing and overwriting it.
  matrix, convergence = cached_arrays(
/Users/jkarpie-admin/work/building/pixel/src/pixel/kernels/evolution/assembly.py:751: RuntimeWarning: LOUD WARNING: kernel cache /Users/jkarpie-admin/work/building/pixel_closure/closure_JAM_truth_small/data/_kernel_cache/exp/slac_p_f2__F2_u_plus_d_minus_2s__evolution__evolution_q2_4.02.npz could not be reused (kernel source fingerprint mismatch); recomputing and overwriting it.
  matrix, convergence = cached_arrays(
/Users/jkarpie-admin/work/building/pixel/src/pixel/kernels/evolution/assembly.py:751: RuntimeWarning: LOUD WARNING: kernel cache /Users/jkarpie-admin/work/building/pixel_closure/closure_JAM_truth_small/data/_kernel_cache/exp/slac_p_f2__F2_u_plus_d_minus_2s__evolution__evolution_q2_4.18.npz could not be reused (kernel source fingerprint mismatch); recomputing and overwriting it.
  matrix, convergence = cached_arrays(
/Users/jkarpie-admin/work/building/pixel/src/pixel/kernels/evolution/assembly.py:751: RuntimeWarning: LOUD WARNING: kernel cache /Users/jkarpie-admin/work/building/pixel_closure/closure_JAM_truth_small/data/_kernel_cache/exp/slac_p_f2__F2_u_plus_d_minus_2s__evolution__evolution_q2_4.77.npz could not be reused (kernel source fingerprint mismatch); recomputing and overwriting it.
  matrix, convergence = cached_arrays(
/Users/jkarpie-admin/work/building/pixel/src/pixel/kernels/evolution/assembly.py:751: RuntimeWarning: LOUD WARNING: kernel cache /Users/jkarpie-admin/work/building/pixel_closure/closure_JAM_truth_small/data/_kernel_cache/exp/slac_p_f2__F2_u_plus_d_minus_2s__evolution__evolution_q2_5.06.npz could not be reused (kernel source fingerprint mismatch); recomputing and overwriting it.
  matrix, convergence = cached_arrays(
/Users/jkarpie-admin/work/building/pixel/src/pixel/kernels/evolution/assembly.py:751: RuntimeWarning: LOUD WARNING: kernel cache /Users/jkarpie-admin/work/building/pixel_closure/closure_JAM_truth_small/data/_kernel_cache/exp/slac_p_f2__F2_u_plus_d_minus_2s__evolution__evolution_q2_5.84.npz could not be reused (kernel source fingerprint mismatch); recomputing and overwriting it.
  matrix, convergence = cached_arrays(
/Users/jkarpie-admin/work/building/pixel/src/pixel/kernels/evolution/assembly.py:751: RuntimeWarning: LOUD WARNING: kernel cache /Users/jkarpie-admin/work/building/pixel_closure/closure_JAM_truth_small/data/_kernel_cache/exp/slac_p_f2__F2_u_plus_d_minus_2s__evolution__evolution_q2_8.56.npz could not be reused (kernel source fingerprint mismatch); recomputing and overwriting it.
  matrix, convergence = cached_arrays(
/Users/jkarpie-admin/work/building/pixel/src/pixel/kernels/evolution/assembly.py:751: RuntimeWarning: LOUD WARNING: kernel cache /Users/jkarpie-admin/work/building/pixel_closure/closure_JAM_truth_small/data/_kernel_cache/exp/slac_p_f2__F2_u_plus_d_minus_2s__evolution__evolution_q2_11.39.npz could not be reused (kernel source fingerprint mismatch); recomputing and overwriting it.
  matrix, convergence = cached_arrays(
/Users/jkarpie-admin/work/building/pixel/src/pixel/kernels/evolution/assembly.py:751: RuntimeWarning: LOUD WARNING: kernel cache /Users/jkarpie-admin/work/building/pixel_closure/closure_JAM_truth_small/data/_kernel_cache/exp/slac_p_f2__F2_u_plus_d_minus_2s__evolution__evolution_q2_11.56.npz could not be reused (kernel source fingerprint mismatch); recomputing and overwriting it.
  matrix, convergence = cached_arrays(
/Users/jkarpie-admin/work/building/pixel/src/pixel/kernels/evolution/assembly.py:751: RuntimeWarning: LOUD WARNING: kernel cache /Users/jkarpie-admin/work/building/pixel_closure/closure_JAM_truth_small/data/_kernel_cache/exp/slac_p_f2__F2_u_plus_d_minus_2s__evolution__evolution_q2_17.89.npz could not be reused (kernel source fingerprint mismatch); recomputing and overwriting it.
  matrix, convergence = cached_arrays(
/Users/jkarpie-admin/work/building/pixel/src/pixel/kernels/evolution/assembly.py:751: RuntimeWarning: LOUD WARNING: kernel cache /Users/jkarpie-admin/work/building/pixel_closure/closure_JAM_truth_small/data/_kernel_cache/exp/slac_p_f2__F2_u_plus_d_minus_2s__evolution__evolution_q2_20.23.npz could not be reused (kernel source fingerprint mismatch); recomputing and overwriting it.
  matrix, convergence = cached_arrays(
/Users/jkarpie-admin/work/building/pixel/src/pixel/kernels/evolution/assembly.py:751: RuntimeWarning: LOUD WARNING: kernel cache /Users/jkarpie-admin/work/building/pixel_closure/closure_JAM_truth_small/data/_kernel_cache/exp/slac_p_f2__F2_u_plus_d_minus_2s__evolution__evolution_q2_24.85.npz could not be reused (kernel source fingerprint mismatch); recomputing and overwriting it.
  matrix, convergence = cached_arrays(
/Users/jkarpie-admin/work/building/pixel/src/pixel/kernels/_cache.py:1504: RuntimeWarning: LOUD WARNING: kernel cache /Users/jkarpie-admin/work/building/pixel_closure/closure_JAM_truth_small/data/_kernel_cache/exp/slac_p_f2__F2_u_plus_d_plus_s_minus_3c.npz could not be reused (kernel source fingerprint mismatch); recomputing and overwriting it.
  (matrix,) = cached_arrays(
/Users/jkarpie-admin/work/building/pixel/src/pixel/kernels/evolution/matrices.py:860: RuntimeWarning: LOUD WARNING: kernel cache /Users/jkarpie-admin/work/building/pixel_closure/closure_JAM_truth_small/data/_kernel_cache/exp/slac_p_f2__F2_u_plus_d_plus_s_minus_3c__evolution.npz could not be reused (kernel source fingerprint mismatch); recomputing and overwriting it.
  (matrix,) = cached_arrays(
/Users/jkarpie-admin/work/building/pixel/src/pixel/kernels/evolution/assembly.py:751: RuntimeWarning: LOUD WARNING: kernel cache /Users/jkarpie-admin/work/building/pixel_closure/closure_JAM_truth_small/data/_kernel_cache/exp/slac_p_f2__F2_u_plus_d_plus_s_minus_3c__evolution__evolution_q2_1.66.npz could not be reused (kernel source fingerprint mismatch); recomputing and overwriting it.
  matrix, convergence = cached_arrays(
/Users/jkarpie-admin/work/building/pixel/src/pixel/kernels/evolution/assembly.py:751: RuntimeWarning: LOUD WARNING: kernel cache /Users/jkarpie-admin/work/building/pixel_closure/closure_JAM_truth_small/data/_kernel_cache/exp/slac_p_f2__F2_u_plus_d_plus_s_minus_3c__evolution__evolution_q2_2.02.npz could not be reused (kernel source fingerprint mismatch); recomputing and overwriting it.
  matrix, convergence = cached_arrays(
/Users/jkarpie-admin/work/building/pixel/src/pixel/kernels/evolution/assembly.py:751: RuntimeWarning: LOUD WARNING: kernel cache /Users/jkarpie-admin/work/building/pixel_closure/closure_JAM_truth_small/data/_kernel_cache/exp/slac_p_f2__F2_u_plus_d_plus_s_minus_3c__evolution__evolution_q2_3.25.npz could not be reused (kernel source fingerprint mismatch); recomputing and overwriting it.
  matrix, convergence = cached_arrays(
/Users/jkarpie-admin/work/building/pixel/src/pixel/kernels/evolution/assembly.py:751: RuntimeWarning: LOUD WARNING: kernel cache /Users/jkarpie-admin/work/building/pixel_closure/closure_JAM_truth_small/data/_kernel_cache/exp/slac_p_f2__F2_u_plus_d_plus_s_minus_3c__evolution__evolution_q2_3.36.npz could not be reused (kernel source fingerprint mismatch); recomputing and overwriting it.
  matrix, convergence = cached_arrays(
/Users/jkarpie-admin/work/building/pixel/src/pixel/kernels/evolution/assembly.py:751: RuntimeWarning: LOUD WARNING: kernel cache /Users/jkarpie-admin/work/building/pixel_closure/closure_JAM_truth_small/data/_kernel_cache/exp/slac_p_f2__F2_u_plus_d_plus_s_minus_3c__evolution__evolution_q2_3.62.npz could not be reused (kernel source fingerprint mismatch); recomputing and overwriting it.
  matrix, convergence = cached_arrays(
/Users/jkarpie-admin/work/building/pixel/src/pixel/kernels/evolution/assembly.py:751: RuntimeWarning: LOUD WARNING: kernel cache /Users/jkarpie-admin/work/building/pixel_closure/closure_JAM_truth_small/data/_kernel_cache/exp/slac_p_f2__F2_u_plus_d_plus_s_minus_3c__evolution__evolution_q2_4.02.npz could not be reused (kernel source fingerprint mismatch); recomputing and overwriting it.
  matrix, convergence = cached_arrays(
/Users/jkarpie-admin/work/building/pixel/src/pixel/kernels/evolution/assembly.py:751: RuntimeWarning: LOUD WARNING: kernel cache /Users/jkarpie-admin/work/building/pixel_closure/closure_JAM_truth_small/data/_kernel_cache/exp/slac_p_f2__F2_u_plus_d_plus_s_minus_3c__evolution__evolution_q2_4.18.npz could not be reused (kernel source fingerprint mismatch); recomputing and overwriting it.
  matrix, convergence = cached_arrays(
/Users/jkarpie-admin/work/building/pixel/src/pixel/kernels/evolution/assembly.py:751: RuntimeWarning: LOUD WARNING: kernel cache /Users/jkarpie-admin/work/building/pixel_closure/closure_JAM_truth_small/data/_kernel_cache/exp/slac_p_f2__F2_u_plus_d_plus_s_minus_3c__evolution__evolution_q2_4.77.npz could not be reused (kernel source fingerprint mismatch); recomputing and overwriting it.
  matrix, convergence = cached_arrays(
/Users/jkarpie-admin/work/building/pixel/src/pixel/kernels/evolution/assembly.py:751: RuntimeWarning: LOUD WARNING: kernel cache /Users/jkarpie-admin/work/building/pixel_closure/closure_JAM_truth_small/data/_kernel_cache/exp/slac_p_f2__F2_u_plus_d_plus_s_minus_3c__evolution__evolution_q2_5.06.npz could not be reused (kernel source fingerprint mismatch); recomputing and overwriting it.
  matrix, convergence = cached_arrays(
/Users/jkarpie-admin/work/building/pixel/src/pixel/kernels/evolution/assembly.py:751: RuntimeWarning: LOUD WARNING: kernel cache /Users/jkarpie-admin/work/building/pixel_closure/closure_JAM_truth_small/data/_kernel_cache/exp/slac_p_f2__F2_u_plus_d_plus_s_minus_3c__evolution__evolution_q2_5.84.npz could not be reused (kernel source fingerprint mismatch); recomputing and overwriting it.
  matrix, convergence = cached_arrays(
/Users/jkarpie-admin/work/building/pixel/src/pixel/kernels/evolution/assembly.py:751: RuntimeWarning: LOUD WARNING: kernel cache /Users/jkarpie-admin/work/building/pixel_closure/closure_JAM_truth_small/data/_kernel_cache/exp/slac_p_f2__F2_u_plus_d_plus_s_minus_3c__evolution__evolution_q2_8.56.npz could not be reused (kernel source fingerprint mismatch); recomputing and overwriting it.
  matrix, convergence = cached_arrays(
/Users/jkarpie-admin/work/building/pixel/src/pixel/kernels/evolution/assembly.py:751: RuntimeWarning: LOUD WARNING: kernel cache /Users/jkarpie-admin/work/building/pixel_closure/closure_JAM_truth_small/data/_kernel_cache/exp/slac_p_f2__F2_u_plus_d_plus_s_minus_3c__evolution__evolution_q2_11.39.npz could not be reused (kernel source fingerprint mismatch); recomputing and overwriting it.
  matrix, convergence = cached_arrays(
/Users/jkarpie-admin/work/building/pixel/src/pixel/kernels/evolution/assembly.py:751: RuntimeWarning: LOUD WARNING: kernel cache /Users/jkarpie-admin/work/building/pixel_closure/closure_JAM_truth_small/data/_kernel_cache/exp/slac_p_f2__F2_u_plus_d_plus_s_minus_3c__evolution__evolution_q2_11.56.npz could not be reused (kernel source fingerprint mismatch); recomputing and overwriting it.
  matrix, convergence = cached_arrays(
/Users/jkarpie-admin/work/building/pixel/src/pixel/kernels/evolution/assembly.py:751: RuntimeWarning: LOUD WARNING: kernel cache /Users/jkarpie-admin/work/building/pixel_closure/closure_JAM_truth_small/data/_kernel_cache/exp/slac_p_f2__F2_u_plus_d_plus_s_minus_3c__evolution__evolution_q2_17.89.npz could not be reused (kernel source fingerprint mismatch); recomputing and overwriting it.
  matrix, convergence = cached_arrays(
/Users/jkarpie-admin/work/building/pixel/src/pixel/kernels/evolution/assembly.py:751: RuntimeWarning: LOUD WARNING: kernel cache /Users/jkarpie-admin/work/building/pixel_closure/closure_JAM_truth_small/data/_kernel_cache/exp/slac_p_f2__F2_u_plus_d_plus_s_minus_3c__evolution__evolution_q2_20.23.npz could not be reused (kernel source fingerprint mismatch); recomputing and overwriting it.
  matrix, convergence = cached_arrays(
/Users/jkarpie-admin/work/building/pixel/src/pixel/kernels/evolution/assembly.py:751: RuntimeWarning: LOUD WARNING: kernel cache /Users/jkarpie-admin/work/building/pixel_closure/closure_JAM_truth_small/data/_kernel_cache/exp/slac_p_f2__F2_u_plus_d_plus_s_minus_3c__evolution__evolution_q2_24.85.npz could not be reused (kernel source fingerprint mismatch); recomputing and overwriting it.
  matrix, convergence = cached_arrays(
/Users/jkarpie-admin/work/building/pixel/src/pixel/kernels/_cache.py:1504: RuntimeWarning: LOUD WARNING: kernel cache /Users/jkarpie-admin/work/building/pixel_closure/closure_JAM_truth_small/data/_kernel_cache/exp/slac_p_f2__F2_singlet.npz could not be reused (kernel source fingerprint mismatch); recomputing and overwriting it.
  (matrix,) = cached_arrays(
/Users/jkarpie-admin/work/building/pixel/src/pixel/kernels/evolution/matrices.py:1200: RuntimeWarning: LOUD WARNING: kernel cache /Users/jkarpie-admin/work/building/pixel_closure/closure_JAM_truth_small/data/_kernel_cache/exp/slac_p_f2__F2_singlet__evolution.npz could not be reused (kernel source fingerprint mismatch); recomputing and overwriting it.
  (matrix,) = cached_arrays(
/Users/jkarpie-admin/work/building/pixel/src/pixel/kernels/evolution/assembly.py:994: RuntimeWarning: LOUD WARNING: kernel cache /Users/jkarpie-admin/work/building/pixel_closure/closure_JAM_truth_small/data/_kernel_cache/exp/slac_p_f2__F2_singlet__evolution__evolution_q2_1.66.npz could not be reused (kernel source fingerprint mismatch); recomputing and overwriting it.
  matrix, convergence = cached_arrays(
/Users/jkarpie-admin/work/building/pixel/src/pixel/kernels/evolution/assembly.py:994: RuntimeWarning: LOUD WARNING: kernel cache /Users/jkarpie-admin/work/building/pixel_closure/closure_JAM_truth_small/data/_kernel_cache/exp/slac_p_f2__F2_singlet__evolution__evolution_q2_2.02.npz could not be reused (kernel source fingerprint mismatch); recomputing and overwriting it.
  matrix, convergence = cached_arrays(
/Users/jkarpie-admin/work/building/pixel/src/pixel/kernels/evolution/assembly.py:994: RuntimeWarning: LOUD WARNING: kernel cache /Users/jkarpie-admin/work/building/pixel_closure/closure_JAM_truth_small/data/_kernel_cache/exp/slac_p_f2__F2_singlet__evolution__evolution_q2_3.25.npz could not be reused (kernel source fingerprint mismatch); recomputing and overwriting it.
  matrix, convergence = cached_arrays(
/Users/jkarpie-admin/work/building/pixel/src/pixel/kernels/evolution/assembly.py:994: RuntimeWarning: LOUD WARNING: kernel cache /Users/jkarpie-admin/work/building/pixel_closure/closure_JAM_truth_small/data/_kernel_cache/exp/slac_p_f2__F2_singlet__evolution__evolution_q2_3.36.npz could not be reused (kernel source fingerprint mismatch); recomputing and overwriting it.
  matrix, convergence = cached_arrays(
/Users/jkarpie-admin/work/building/pixel/src/pixel/kernels/evolution/assembly.py:994: RuntimeWarning: LOUD WARNING: kernel cache /Users/jkarpie-admin/work/building/pixel_closure/closure_JAM_truth_small/data/_kernel_cache/exp/slac_p_f2__F2_singlet__evolution__evolution_q2_3.62.npz could not be reused (kernel source fingerprint mismatch); recomputing and overwriting it.
  matrix, convergence = cached_arrays(
/Users/jkarpie-admin/work/building/pixel/src/pixel/kernels/evolution/assembly.py:994: RuntimeWarning: LOUD WARNING: kernel cache /Users/jkarpie-admin/work/building/pixel_closure/closure_JAM_truth_small/data/_kernel_cache/exp/slac_p_f2__F2_singlet__evolution__evolution_q2_4.02.npz could not be reused (kernel source fingerprint mismatch); recomputing and overwriting it.
  matrix, convergence = cached_arrays(
/Users/jkarpie-admin/work/building/pixel/src/pixel/kernels/evolution/assembly.py:994: RuntimeWarning: LOUD WARNING: kernel cache /Users/jkarpie-admin/work/building/pixel_closure/closure_JAM_truth_small/data/_kernel_cache/exp/slac_p_f2__F2_singlet__evolution__evolution_q2_4.18.npz could not be reused (kernel source fingerprint mismatch); recomputing and overwriting it.
  matrix, convergence = cached_arrays(
/Users/jkarpie-admin/work/building/pixel/src/pixel/kernels/evolution/assembly.py:994: RuntimeWarning: LOUD WARNING: kernel cache /Users/jkarpie-admin/work/building/pixel_closure/closure_JAM_truth_small/data/_kernel_cache/exp/slac_p_f2__F2_singlet__evolution__evolution_q2_4.77.npz could not be reused (kernel source fingerprint mismatch); recomputing and overwriting it.
  matrix, convergence = cached_arrays(
/Users/jkarpie-admin/work/building/pixel/src/pixel/kernels/evolution/assembly.py:994: RuntimeWarning: LOUD WARNING: kernel cache /Users/jkarpie-admin/work/building/pixel_closure/closure_JAM_truth_small/data/_kernel_cache/exp/slac_p_f2__F2_singlet__evolution__evolution_q2_5.06.npz could not be reused (kernel source fingerprint mismatch); recomputing and overwriting it.
  matrix, convergence = cached_arrays(
/Users/jkarpie-admin/work/building/pixel/src/pixel/kernels/evolution/assembly.py:994: RuntimeWarning: LOUD WARNING: kernel cache /Users/jkarpie-admin/work/building/pixel_closure/closure_JAM_truth_small/data/_kernel_cache/exp/slac_p_f2__F2_singlet__evolution__evolution_q2_5.84.npz could not be reused (kernel source fingerprint mismatch); recomputing and overwriting it.
  matrix, convergence = cached_arrays(
/Users/jkarpie-admin/work/building/pixel/src/pixel/kernels/evolution/assembly.py:994: RuntimeWarning: LOUD WARNING: kernel cache /Users/jkarpie-admin/work/building/pixel_closure/closure_JAM_truth_small/data/_kernel_cache/exp/slac_p_f2__F2_singlet__evolution__evolution_q2_8.56.npz could not be reused (kernel source fingerprint mismatch); recomputing and overwriting it.
  matrix, convergence = cached_arrays(
/Users/jkarpie-admin/work/building/pixel/src/pixel/kernels/evolution/assembly.py:994: RuntimeWarning: LOUD WARNING: kernel cache /Users/jkarpie-admin/work/building/pixel_closure/closure_JAM_truth_small/data/_kernel_cache/exp/slac_p_f2__F2_singlet__evolution__evolution_q2_11.39.npz could not be reused (kernel source fingerprint mismatch); recomputing and overwriting it.
  matrix, convergence = cached_arrays(
/Users/jkarpie-admin/work/building/pixel/src/pixel/kernels/evolution/assembly.py:994: RuntimeWarning: LOUD WARNING: kernel cache /Users/jkarpie-admin/work/building/pixel_closure/closure_JAM_truth_small/data/_kernel_cache/exp/slac_p_f2__F2_singlet__evolution__evolution_q2_11.56.npz could not be reused (kernel source fingerprint mismatch); recomputing and overwriting it.
  matrix, convergence = cached_arrays(
/Users/jkarpie-admin/work/building/pixel/src/pixel/kernels/evolution/assembly.py:994: RuntimeWarning: LOUD WARNING: kernel cache /Users/jkarpie-admin/work/building/pixel_closure/closure_JAM_truth_small/data/_kernel_cache/exp/slac_p_f2__F2_singlet__evolution__evolution_q2_17.89.npz could not be reused (kernel source fingerprint mismatch); recomputing and overwriting it.
  matrix, convergence = cached_arrays(
/Users/jkarpie-admin/work/building/pixel/src/pixel/kernels/evolution/assembly.py:994: RuntimeWarning: LOUD WARNING: kernel cache /Users/jkarpie-admin/work/building/pixel_closure/closure_JAM_truth_small/data/_kernel_cache/exp/slac_p_f2__F2_singlet__evolution__evolution_q2_20.23.npz could not be reused (kernel source fingerprint mismatch); recomputing and overwriting it.
  matrix, convergence = cached_arrays(
/Users/jkarpie-admin/work/building/pixel/src/pixel/kernels/evolution/assembly.py:994: RuntimeWarning: LOUD WARNING: kernel cache /Users/jkarpie-admin/work/building/pixel_closure/closure_JAM_truth_small/data/_kernel_cache/exp/slac_p_f2__F2_singlet__evolution__evolution_q2_24.85.npz could not be reused (kernel source fingerprint mismatch); recomputing and overwriting it.
  matrix, convergence = cached_arrays(
/Users/jkarpie-admin/work/building/pixel/src/pixel/kernels/_cache.py:1504: RuntimeWarning: LOUD WARNING: kernel cache /Users/jkarpie-admin/work/building/pixel_closure/closure_JAM_truth_small/data/_kernel_cache/exp/slac_p_f2__F2_gluon.npz could not be reused (kernel source fingerprint mismatch); recomputing and overwriting it.
  (matrix,) = cached_arrays(
/Users/jkarpie-admin/work/building/pixel/src/pixel/kernels/evolution/matrices.py:1200: RuntimeWarning: LOUD WARNING: kernel cache /Users/jkarpie-admin/work/building/pixel_closure/closure_JAM_truth_small/data/_kernel_cache/exp/slac_p_f2__F2_gluon__evolution.npz could not be reused (kernel source fingerprint mismatch); recomputing and overwriting it.
  (matrix,) = cached_arrays(
/Users/jkarpie-admin/work/building/pixel/src/pixel/kernels/evolution/assembly.py:994: RuntimeWarning: LOUD WARNING: kernel cache /Users/jkarpie-admin/work/building/pixel_closure/closure_JAM_truth_small/data/_kernel_cache/exp/slac_p_f2__F2_gluon__evolution__evolution_q2_1.66.npz could not be reused (kernel source fingerprint mismatch); recomputing and overwriting it.
  matrix, convergence = cached_arrays(
/Users/jkarpie-admin/work/building/pixel/src/pixel/kernels/evolution/assembly.py:994: RuntimeWarning: LOUD WARNING: kernel cache /Users/jkarpie-admin/work/building/pixel_closure/closure_JAM_truth_small/data/_kernel_cache/exp/slac_p_f2__F2_gluon__evolution__evolution_q2_2.02.npz could not be reused (kernel source fingerprint mismatch); recomputing and overwriting it.
  matrix, convergence = cached_arrays(
/Users/jkarpie-admin/work/building/pixel/src/pixel/kernels/evolution/assembly.py:994: RuntimeWarning: LOUD WARNING: kernel cache /Users/jkarpie-admin/work/building/pixel_closure/closure_JAM_truth_small/data/_kernel_cache/exp/slac_p_f2__F2_gluon__evolution__evolution_q2_3.25.npz could not be reused (kernel source fingerprint mismatch); recomputing and overwriting it.
  matrix, convergence = cached_arrays(
/Users/jkarpie-admin/work/building/pixel/src/pixel/kernels/evolution/assembly.py:994: RuntimeWarning: LOUD WARNING: kernel cache /Users/jkarpie-admin/work/building/pixel_closure/closure_JAM_truth_small/data/_kernel_cache/exp/slac_p_f2__F2_gluon__evolution__evolution_q2_3.36.npz could not be reused (kernel source fingerprint mismatch); recomputing and overwriting it.
  matrix, convergence = cached_arrays(
/Users/jkarpie-admin/work/building/pixel/src/pixel/kernels/evolution/assembly.py:994: RuntimeWarning: LOUD WARNING: kernel cache /Users/jkarpie-admin/work/building/pixel_closure/closure_JAM_truth_small/data/_kernel_cache/exp/slac_p_f2__F2_gluon__evolution__evolution_q2_3.62.npz could not be reused (kernel source fingerprint mismatch); recomputing and overwriting it.
  matrix, convergence = cached_arrays(
/Users/jkarpie-admin/work/building/pixel/src/pixel/kernels/evolution/assembly.py:994: RuntimeWarning: LOUD WARNING: kernel cache /Users/jkarpie-admin/work/building/pixel_closure/closure_JAM_truth_small/data/_kernel_cache/exp/slac_p_f2__F2_gluon__evolution__evolution_q2_4.02.npz could not be reused (kernel source fingerprint mismatch); recomputing and overwriting it.
  matrix, convergence = cached_arrays(
/Users/jkarpie-admin/work/building/pixel/src/pixel/kernels/evolution/assembly.py:994: RuntimeWarning: LOUD WARNING: kernel cache /Users/jkarpie-admin/work/building/pixel_closure/closure_JAM_truth_small/data/_kernel_cache/exp/slac_p_f2__F2_gluon__evolution__evolution_q2_4.18.npz could not be reused (kernel source fingerprint mismatch); recomputing and overwriting it.
  matrix, convergence = cached_arrays(
/Users/jkarpie-admin/work/building/pixel/src/pixel/kernels/evolution/assembly.py:994: RuntimeWarning: LOUD WARNING: kernel cache /Users/jkarpie-admin/work/building/pixel_closure/closure_JAM_truth_small/data/_kernel_cache/exp/slac_p_f2__F2_gluon__evolution__evolution_q2_4.77.npz could not be reused (kernel source fingerprint mismatch); recomputing and overwriting it.
  matrix, convergence = cached_arrays(
/Users/jkarpie-admin/work/building/pixel/src/pixel/kernels/evolution/assembly.py:994: RuntimeWarning: LOUD WARNING: kernel cache /Users/jkarpie-admin/work/building/pixel_closure/closure_JAM_truth_small/data/_kernel_cache/exp/slac_p_f2__F2_gluon__evolution__evolution_q2_5.06.npz could not be reused (kernel source fingerprint mismatch); recomputing and overwriting it.
  matrix, convergence = cached_arrays(
/Users/jkarpie-admin/work/building/pixel/src/pixel/kernels/evolution/assembly.py:994: RuntimeWarning: LOUD WARNING: kernel cache /Users/jkarpie-admin/work/building/pixel_closure/closure_JAM_truth_small/data/_kernel_cache/exp/slac_p_f2__F2_gluon__evolution__evolution_q2_5.84.npz could not be reused (kernel source fingerprint mismatch); recomputing and overwriting it.
  matrix, convergence = cached_arrays(
/Users/jkarpie-admin/work/building/pixel/src/pixel/kernels/evolution/assembly.py:994: RuntimeWarning: LOUD WARNING: kernel cache /Users/jkarpie-admin/work/building/pixel_closure/closure_JAM_truth_small/data/_kernel_cache/exp/slac_p_f2__F2_gluon__evolution__evolution_q2_8.56.npz could not be reused (kernel source fingerprint mismatch); recomputing and overwriting it.
  matrix, convergence = cached_arrays(
/Users/jkarpie-admin/work/building/pixel/src/pixel/kernels/evolution/assembly.py:994: RuntimeWarning: LOUD WARNING: kernel cache /Users/jkarpie-admin/work/building/pixel_closure/closure_JAM_truth_small/data/_kernel_cache/exp/slac_p_f2__F2_gluon__evolution__evolution_q2_11.39.npz could not be reused (kernel source fingerprint mismatch); recomputing and overwriting it.
  matrix, convergence = cached_arrays(
/Users/jkarpie-admin/work/building/pixel/src/pixel/kernels/evolution/assembly.py:994: RuntimeWarning: LOUD WARNING: kernel cache /Users/jkarpie-admin/work/building/pixel_closure/closure_JAM_truth_small/data/_kernel_cache/exp/slac_p_f2__F2_gluon__evolution__evolution_q2_11.56.npz could not be reused (kernel source fingerprint mismatch); recomputing and overwriting it.
  matrix, convergence = cached_arrays(
/Users/jkarpie-admin/work/building/pixel/src/pixel/kernels/evolution/assembly.py:994: RuntimeWarning: LOUD WARNING: kernel cache /Users/jkarpie-admin/work/building/pixel_closure/closure_JAM_truth_small/data/_kernel_cache/exp/slac_p_f2__F2_gluon__evolution__evolution_q2_17.89.npz could not be reused (kernel source fingerprint mismatch); recomputing and overwriting it.
  matrix, convergence = cached_arrays(
/Users/jkarpie-admin/work/building/pixel/src/pixel/kernels/evolution/assembly.py:994: RuntimeWarning: LOUD WARNING: kernel cache /Users/jkarpie-admin/work/building/pixel_closure/closure_JAM_truth_small/data/_kernel_cache/exp/slac_p_f2__F2_gluon__evolution__evolution_q2_20.23.npz could not be reused (kernel source fingerprint mismatch); recomputing and overwriting it.
  matrix, convergence = cached_arrays(
/Users/jkarpie-admin/work/building/pixel/src/pixel/kernels/evolution/assembly.py:994: RuntimeWarning: LOUD WARNING: kernel cache /Users/jkarpie-admin/work/building/pixel_closure/closure_JAM_truth_small/data/_kernel_cache/exp/slac_p_f2__F2_gluon__evolution__evolution_q2_24.85.npz could not be reused (kernel source fingerprint mismatch); recomputing and overwriting it.
  matrix, convergence = cached_arrays(
/Users/jkarpie-admin/work/building/pixel/src/pixel/kernels/_cache.py:1504: RuntimeWarning: LOUD WARNING: kernel cache /Users/jkarpie-admin/work/building/pixel_closure/closure_JAM_truth_small/data/_kernel_cache/exp/bcdms_p_f2__F2_u_minus_d.npz could not be reused (kernel source fingerprint mismatch); recomputing and overwriting it.
  (matrix,) = cached_arrays(
/Users/jkarpie-admin/work/building/pixel/src/pixel/kernels/evolution/matrices.py:860: RuntimeWarning: LOUD WARNING: kernel cache /Users/jkarpie-admin/work/building/pixel_closure/closure_JAM_truth_small/data/_kernel_cache/exp/bcdms_p_f2__F2_u_minus_d__evolution.npz could not be reused (kernel source fingerprint mismatch); recomputing and overwriting it.
  (matrix,) = cached_arrays(
/Users/jkarpie-admin/work/building/pixel/src/pixel/kernels/evolution/assembly.py:751: RuntimeWarning: LOUD WARNING: kernel cache /Users/jkarpie-admin/work/building/pixel_closure/closure_JAM_truth_small/data/_kernel_cache/exp/bcdms_p_f2__F2_u_minus_d__evolution__evolution_q2_7.5.npz could not be reused (kernel source fingerprint mismatch); recomputing and overwriting it.
  matrix, convergence = cached_arrays(
/Users/jkarpie-admin/work/building/pixel/src/pixel/kernels/evolution/assembly.py:751: RuntimeWarning: LOUD WARNING: kernel cache /Users/jkarpie-admin/work/building/pixel_closure/closure_JAM_truth_small/data/_kernel_cache/exp/bcdms_p_f2__F2_u_minus_d__evolution__evolution_q2_10.25.npz could not be reused (kernel source fingerprint mismatch); recomputing and overwriting it.
  matrix, convergence = cached_arrays(
/Users/jkarpie-admin/work/building/pixel/src/pixel/kernels/evolution/assembly.py:751: RuntimeWarning: LOUD WARNING: kernel cache /Users/jkarpie-admin/work/building/pixel_closure/closure_JAM_truth_small/data/_kernel_cache/exp/bcdms_p_f2__F2_u_minus_d__evolution__evolution_q2_11.75.npz could not be reused (kernel source fingerprint mismatch); recomputing and overwriting it.
  matrix, convergence = cached_arrays(
/Users/jkarpie-admin/work/building/pixel/src/pixel/kernels/evolution/assembly.py:751: RuntimeWarning: LOUD WARNING: kernel cache /Users/jkarpie-admin/work/building/pixel_closure/closure_JAM_truth_small/data/_kernel_cache/exp/bcdms_p_f2__F2_u_minus_d__evolution__evolution_q2_15.npz could not be reused (kernel source fingerprint mismatch); recomputing and overwriting it.
  matrix, convergence = cached_arrays(
/Users/jkarpie-admin/work/building/pixel/src/pixel/kernels/evolution/assembly.py:751: RuntimeWarning: LOUD WARNING: kernel cache /Users/jkarpie-admin/work/building/pixel_closure/closure_JAM_truth_small/data/_kernel_cache/exp/bcdms_p_f2__F2_u_minus_d__evolution__evolution_q2_17.npz could not be reused (kernel source fingerprint mismatch); recomputing and overwriting it.
  matrix, convergence = cached_arrays(
/Users/jkarpie-admin/work/building/pixel/src/pixel/kernels/evolution/assembly.py:751: RuntimeWarning: LOUD WARNING: kernel cache /Users/jkarpie-admin/work/building/pixel_closure/closure_JAM_truth_small/data/_kernel_cache/exp/bcdms_p_f2__F2_u_minus_d__evolution__evolution_q2_24.5.npz could not be reused (kernel source fingerprint mismatch); recomputing and overwriting it.
  matrix, convergence = cached_arrays(
/Users/jkarpie-admin/work/building/pixel/src/pixel/kernels/evolution/assembly.py:751: RuntimeWarning: LOUD WARNING: kernel cache /Users/jkarpie-admin/work/building/pixel_closure/closure_JAM_truth_small/data/_kernel_cache/exp/bcdms_p_f2__F2_u_minus_d__evolution__evolution_q2_28.npz could not be reused (kernel source fingerprint mismatch); recomputing and overwriting it.
  matrix, convergence = cached_arrays(
/Users/jkarpie-admin/work/building/pixel/src/pixel/kernels/evolution/assembly.py:751: RuntimeWarning: LOUD WARNING: kernel cache /Users/jkarpie-admin/work/building/pixel_closure/closure_JAM_truth_small/data/_kernel_cache/exp/bcdms_p_f2__F2_u_minus_d__evolution__evolution_q2_37.5.npz could not be reused (kernel source fingerprint mismatch); recomputing and overwriting it.
  matrix, convergence = cached_arrays(
/Users/jkarpie-admin/work/building/pixel/src/pixel/kernels/evolution/assembly.py:751: RuntimeWarning: LOUD WARNING: kernel cache /Users/jkarpie-admin/work/building/pixel_closure/closure_JAM_truth_small/data/_kernel_cache/exp/bcdms_p_f2__F2_u_minus_d__evolution__evolution_q2_43.npz could not be reused (kernel source fingerprint mismatch); recomputing and overwriting it.
  matrix, convergence = cached_arrays(
/Users/jkarpie-admin/work/building/pixel/src/pixel/kernels/evolution/assembly.py:751: RuntimeWarning: LOUD WARNING: kernel cache /Users/jkarpie-admin/work/building/pixel_closure/closure_JAM_truth_small/data/_kernel_cache/exp/bcdms_p_f2__F2_u_minus_d__evolution__evolution_q2_49.5.npz could not be reused (kernel source fingerprint mismatch); recomputing and overwriting it.
  matrix, convergence = cached_arrays(
/Users/jkarpie-admin/work/building/pixel/src/pixel/kernels/evolution/assembly.py:751: RuntimeWarning: LOUD WARNING: kernel cache /Users/jkarpie-admin/work/building/pixel_closure/closure_JAM_truth_small/data/_kernel_cache/exp/bcdms_p_f2__F2_u_minus_d__evolution__evolution_q2_65.5.npz could not be reused (kernel source fingerprint mismatch); recomputing and overwriting it.
  matrix, convergence = cached_arrays(
/Users/jkarpie-admin/work/building/pixel/src/pixel/kernels/evolution/assembly.py:751: RuntimeWarning: LOUD WARNING: kernel cache /Users/jkarpie-admin/work/building/pixel_closure/closure_JAM_truth_small/data/_kernel_cache/exp/bcdms_p_f2__F2_u_minus_d__evolution__evolution_q2_86.npz could not be reused (kernel source fingerprint mismatch); recomputing and overwriting it.
  matrix, convergence = cached_arrays(
/Users/jkarpie-admin/work/building/pixel/src/pixel/kernels/evolution/assembly.py:751: RuntimeWarning: LOUD WARNING: kernel cache /Users/jkarpie-admin/work/building/pixel_closure/closure_JAM_truth_small/data/_kernel_cache/exp/bcdms_p_f2__F2_u_minus_d__evolution__evolution_q2_115.5.npz could not be reused (kernel source fingerprint mismatch); recomputing and overwriting it.
  matrix, convergence = cached_arrays(
/Users/jkarpie-admin/work/building/pixel/src/pixel/kernels/evolution/assembly.py:751: RuntimeWarning: LOUD WARNING: kernel cache /Users/jkarpie-admin/work/building/pixel_closure/closure_JAM_truth_small/data/_kernel_cache/exp/bcdms_p_f2__F2_u_minus_d__evolution__evolution_q2_230.npz could not be reused (kernel source fingerprint mismatch); recomputing and overwriting it.
  matrix, convergence = cached_arrays(
/Users/jkarpie-admin/work/building/pixel/src/pixel/kernels/_cache.py:1504: RuntimeWarning: LOUD WARNING: kernel cache /Users/jkarpie-admin/work/building/pixel_closure/closure_JAM_truth_small/data/_kernel_cache/exp/bcdms_p_f2__F2_u_plus_d_minus_2s.npz could not be reused (kernel source fingerprint mismatch); recomputing and overwriting it.
  (matrix,) = cached_arrays(
/Users/jkarpie-admin/work/building/pixel/src/pixel/kernels/evolution/matrices.py:860: RuntimeWarning: LOUD WARNING: kernel cache /Users/jkarpie-admin/work/building/pixel_closure/closure_JAM_truth_small/data/_kernel_cache/exp/bcdms_p_f2__F2_u_plus_d_minus_2s__evolution.npz could not be reused (kernel source fingerprint mismatch); recomputing and overwriting it.
  (matrix,) = cached_arrays(
/Users/jkarpie-admin/work/building/pixel/src/pixel/kernels/evolution/assembly.py:751: RuntimeWarning: LOUD WARNING: kernel cache /Users/jkarpie-admin/work/building/pixel_closure/closure_JAM_truth_small/data/_kernel_cache/exp/bcdms_p_f2__F2_u_plus_d_minus_2s__evolution__evolution_q2_7.5.npz could not be reused (kernel source fingerprint mismatch); recomputing and overwriting it.
  matrix, convergence = cached_arrays(
/Users/jkarpie-admin/work/building/pixel/src/pixel/kernels/evolution/assembly.py:751: RuntimeWarning: LOUD WARNING: kernel cache /Users/jkarpie-admin/work/building/pixel_closure/closure_JAM_truth_small/data/_kernel_cache/exp/bcdms_p_f2__F2_u_plus_d_minus_2s__evolution__evolution_q2_10.25.npz could not be reused (kernel source fingerprint mismatch); recomputing and overwriting it.
  matrix, convergence = cached_arrays(
/Users/jkarpie-admin/work/building/pixel/src/pixel/kernels/evolution/assembly.py:751: RuntimeWarning: LOUD WARNING: kernel cache /Users/jkarpie-admin/work/building/pixel_closure/closure_JAM_truth_small/data/_kernel_cache/exp/bcdms_p_f2__F2_u_plus_d_minus_2s__evolution__evolution_q2_11.75.npz could not be reused (kernel source fingerprint mismatch); recomputing and overwriting it.
  matrix, convergence = cached_arrays(
/Users/jkarpie-admin/work/building/pixel/src/pixel/kernels/evolution/assembly.py:751: RuntimeWarning: LOUD WARNING: kernel cache /Users/jkarpie-admin/work/building/pixel_closure/closure_JAM_truth_small/data/_kernel_cache/exp/bcdms_p_f2__F2_u_plus_d_minus_2s__evolution__evolution_q2_15.npz could not be reused (kernel source fingerprint mismatch); recomputing and overwriting it.
  matrix, convergence = cached_arrays(
/Users/jkarpie-admin/work/building/pixel/src/pixel/kernels/evolution/assembly.py:751: RuntimeWarning: LOUD WARNING: kernel cache /Users/jkarpie-admin/work/building/pixel_closure/closure_JAM_truth_small/data/_kernel_cache/exp/bcdms_p_f2__F2_u_plus_d_minus_2s__evolution__evolution_q2_17.npz could not be reused (kernel source fingerprint mismatch); recomputing and overwriting it.
  matrix, convergence = cached_arrays(
/Users/jkarpie-admin/work/building/pixel/src/pixel/kernels/evolution/assembly.py:751: RuntimeWarning: LOUD WARNING: kernel cache /Users/jkarpie-admin/work/building/pixel_closure/closure_JAM_truth_small/data/_kernel_cache/exp/bcdms_p_f2__F2_u_plus_d_minus_2s__evolution__evolution_q2_24.5.npz could not be reused (kernel source fingerprint mismatch); recomputing and overwriting it.
  matrix, convergence = cached_arrays(
/Users/jkarpie-admin/work/building/pixel/src/pixel/kernels/evolution/assembly.py:751: RuntimeWarning: LOUD WARNING: kernel cache /Users/jkarpie-admin/work/building/pixel_closure/closure_JAM_truth_small/data/_kernel_cache/exp/bcdms_p_f2__F2_u_plus_d_minus_2s__evolution__evolution_q2_28.npz could not be reused (kernel source fingerprint mismatch); recomputing and overwriting it.
  matrix, convergence = cached_arrays(
/Users/jkarpie-admin/work/building/pixel/src/pixel/kernels/evolution/assembly.py:751: RuntimeWarning: LOUD WARNING: kernel cache /Users/jkarpie-admin/work/building/pixel_closure/closure_JAM_truth_small/data/_kernel_cache/exp/bcdms_p_f2__F2_u_plus_d_minus_2s__evolution__evolution_q2_37.5.npz could not be reused (kernel source fingerprint mismatch); recomputing and overwriting it.
  matrix, convergence = cached_arrays(
/Users/jkarpie-admin/work/building/pixel/src/pixel/kernels/evolution/assembly.py:751: RuntimeWarning: LOUD WARNING: kernel cache /Users/jkarpie-admin/work/building/pixel_closure/closure_JAM_truth_small/data/_kernel_cache/exp/bcdms_p_f2__F2_u_plus_d_minus_2s__evolution__evolution_q2_43.npz could not be reused (kernel source fingerprint mismatch); recomputing and overwriting it.
  matrix, convergence = cached_arrays(
/Users/jkarpie-admin/work/building/pixel/src/pixel/kernels/evolution/assembly.py:751: RuntimeWarning: LOUD WARNING: kernel cache /Users/jkarpie-admin/work/building/pixel_closure/closure_JAM_truth_small/data/_kernel_cache/exp/bcdms_p_f2__F2_u_plus_d_minus_2s__evolution__evolution_q2_49.5.npz could not be reused (kernel source fingerprint mismatch); recomputing and overwriting it.
  matrix, convergence = cached_arrays(
/Users/jkarpie-admin/work/building/pixel/src/pixel/kernels/evolution/assembly.py:751: RuntimeWarning: LOUD WARNING: kernel cache /Users/jkarpie-admin/work/building/pixel_closure/closure_JAM_truth_small/data/_kernel_cache/exp/bcdms_p_f2__F2_u_plus_d_minus_2s__evolution__evolution_q2_65.5.npz could not be reused (kernel source fingerprint mismatch); recomputing and overwriting it.
  matrix, convergence = cached_arrays(
/Users/jkarpie-admin/work/building/pixel/src/pixel/kernels/evolution/assembly.py:751: RuntimeWarning: LOUD WARNING: kernel cache /Users/jkarpie-admin/work/building/pixel_closure/closure_JAM_truth_small/data/_kernel_cache/exp/bcdms_p_f2__F2_u_plus_d_minus_2s__evolution__evolution_q2_86.npz could not be reused (kernel source fingerprint mismatch); recomputing and overwriting it.
  matrix, convergence = cached_arrays(
/Users/jkarpie-admin/work/building/pixel/src/pixel/kernels/evolution/assembly.py:751: RuntimeWarning: LOUD WARNING: kernel cache /Users/jkarpie-admin/work/building/pixel_closure/closure_JAM_truth_small/data/_kernel_cache/exp/bcdms_p_f2__F2_u_plus_d_minus_2s__evolution__evolution_q2_115.5.npz could not be reused (kernel source fingerprint mismatch); recomputing and overwriting it.
  matrix, convergence = cached_arrays(
/Users/jkarpie-admin/work/building/pixel/src/pixel/kernels/evolution/assembly.py:751: RuntimeWarning: LOUD WARNING: kernel cache /Users/jkarpie-admin/work/building/pixel_closure/closure_JAM_truth_small/data/_kernel_cache/exp/bcdms_p_f2__F2_u_plus_d_minus_2s__evolution__evolution_q2_230.npz could not be reused (kernel source fingerprint mismatch); recomputing and overwriting it.
  matrix, convergence = cached_arrays(
/Users/jkarpie-admin/work/building/pixel/src/pixel/kernels/_cache.py:1504: RuntimeWarning: LOUD WARNING: kernel cache /Users/jkarpie-admin/work/building/pixel_closure/closure_JAM_truth_small/data/_kernel_cache/exp/bcdms_p_f2__F2_u_plus_d_plus_s_minus_3c.npz could not be reused (kernel source fingerprint mismatch); recomputing and overwriting it.
  (matrix,) = cached_arrays(
/Users/jkarpie-admin/work/building/pixel/src/pixel/kernels/evolution/matrices.py:860: RuntimeWarning: LOUD WARNING: kernel cache /Users/jkarpie-admin/work/building/pixel_closure/closure_JAM_truth_small/data/_kernel_cache/exp/bcdms_p_f2__F2_u_plus_d_plus_s_minus_3c__evolution.npz could not be reused (kernel source fingerprint mismatch); recomputing and overwriting it.
  (matrix,) = cached_arrays(
/Users/jkarpie-admin/work/building/pixel/src/pixel/kernels/evolution/assembly.py:751: RuntimeWarning: LOUD WARNING: kernel cache /Users/jkarpie-admin/work/building/pixel_closure/closure_JAM_truth_small/data/_kernel_cache/exp/bcdms_p_f2__F2_u_plus_d_plus_s_minus_3c__evolution__evolution_q2_7.5.npz could not be reused (kernel source fingerprint mismatch); recomputing and overwriting it.
  matrix, convergence = cached_arrays(
/Users/jkarpie-admin/work/building/pixel/src/pixel/kernels/evolution/assembly.py:751: RuntimeWarning: LOUD WARNING: kernel cache /Users/jkarpie-admin/work/building/pixel_closure/closure_JAM_truth_small/data/_kernel_cache/exp/bcdms_p_f2__F2_u_plus_d_plus_s_minus_3c__evolution__evolution_q2_10.25.npz could not be reused (kernel source fingerprint mismatch); recomputing and overwriting it.
  matrix, convergence = cached_arrays(
/Users/jkarpie-admin/work/building/pixel/src/pixel/kernels/evolution/assembly.py:751: RuntimeWarning: LOUD WARNING: kernel cache /Users/jkarpie-admin/work/building/pixel_closure/closure_JAM_truth_small/data/_kernel_cache/exp/bcdms_p_f2__F2_u_plus_d_plus_s_minus_3c__evolution__evolution_q2_11.75.npz could not be reused (kernel source fingerprint mismatch); recomputing and overwriting it.
  matrix, convergence = cached_arrays(
/Users/jkarpie-admin/work/building/pixel/src/pixel/kernels/evolution/assembly.py:751: RuntimeWarning: LOUD WARNING: kernel cache /Users/jkarpie-admin/work/building/pixel_closure/closure_JAM_truth_small/data/_kernel_cache/exp/bcdms_p_f2__F2_u_plus_d_plus_s_minus_3c__evolution__evolution_q2_15.npz could not be reused (kernel source fingerprint mismatch); recomputing and overwriting it.
  matrix, convergence = cached_arrays(
/Users/jkarpie-admin/work/building/pixel/src/pixel/kernels/evolution/assembly.py:751: RuntimeWarning: LOUD WARNING: kernel cache /Users/jkarpie-admin/work/building/pixel_closure/closure_JAM_truth_small/data/_kernel_cache/exp/bcdms_p_f2__F2_u_plus_d_plus_s_minus_3c__evolution__evolution_q2_17.npz could not be reused (kernel source fingerprint mismatch); recomputing and overwriting it.
  matrix, convergence = cached_arrays(
/Users/jkarpie-admin/work/building/pixel/src/pixel/kernels/evolution/assembly.py:751: RuntimeWarning: LOUD WARNING: kernel cache /Users/jkarpie-admin/work/building/pixel_closure/closure_JAM_truth_small/data/_kernel_cache/exp/bcdms_p_f2__F2_u_plus_d_plus_s_minus_3c__evolution__evolution_q2_24.5.npz could not be reused (kernel source fingerprint mismatch); recomputing and overwriting it.
  matrix, convergence = cached_arrays(
/Users/jkarpie-admin/work/building/pixel/src/pixel/kernels/evolution/assembly.py:751: RuntimeWarning: LOUD WARNING: kernel cache /Users/jkarpie-admin/work/building/pixel_closure/closure_JAM_truth_small/data/_kernel_cache/exp/bcdms_p_f2__F2_u_plus_d_plus_s_minus_3c__evolution__evolution_q2_28.npz could not be reused (kernel source fingerprint mismatch); recomputing and overwriting it.
  matrix, convergence = cached_arrays(
/Users/jkarpie-admin/work/building/pixel/src/pixel/kernels/evolution/assembly.py:751: RuntimeWarning: LOUD WARNING: kernel cache /Users/jkarpie-admin/work/building/pixel_closure/closure_JAM_truth_small/data/_kernel_cache/exp/bcdms_p_f2__F2_u_plus_d_plus_s_minus_3c__evolution__evolution_q2_37.5.npz could not be reused (kernel source fingerprint mismatch); recomputing and overwriting it.
  matrix, convergence = cached_arrays(
/Users/jkarpie-admin/work/building/pixel/src/pixel/kernels/evolution/assembly.py:751: RuntimeWarning: LOUD WARNING: kernel cache /Users/jkarpie-admin/work/building/pixel_closure/closure_JAM_truth_small/data/_kernel_cache/exp/bcdms_p_f2__F2_u_plus_d_plus_s_minus_3c__evolution__evolution_q2_43.npz could not be reused (kernel source fingerprint mismatch); recomputing and overwriting it.
  matrix, convergence = cached_arrays(
/Users/jkarpie-admin/work/building/pixel/src/pixel/kernels/evolution/assembly.py:751: RuntimeWarning: LOUD WARNING: kernel cache /Users/jkarpie-admin/work/building/pixel_closure/closure_JAM_truth_small/data/_kernel_cache/exp/bcdms_p_f2__F2_u_plus_d_plus_s_minus_3c__evolution__evolution_q2_49.5.npz could not be reused (kernel source fingerprint mismatch); recomputing and overwriting it.
  matrix, convergence = cached_arrays(
/Users/jkarpie-admin/work/building/pixel/src/pixel/kernels/evolution/assembly.py:751: RuntimeWarning: LOUD WARNING: kernel cache /Users/jkarpie-admin/work/building/pixel_closure/closure_JAM_truth_small/data/_kernel_cache/exp/bcdms_p_f2__F2_u_plus_d_plus_s_minus_3c__evolution__evolution_q2_65.5.npz could not be reused (kernel source fingerprint mismatch); recomputing and overwriting it.
  matrix, convergence = cached_arrays(
/Users/jkarpie-admin/work/building/pixel/src/pixel/kernels/evolution/assembly.py:751: RuntimeWarning: LOUD WARNING: kernel cache /Users/jkarpie-admin/work/building/pixel_closure/closure_JAM_truth_small/data/_kernel_cache/exp/bcdms_p_f2__F2_u_plus_d_plus_s_minus_3c__evolution__evolution_q2_86.npz could not be reused (kernel source fingerprint mismatch); recomputing and overwriting it.
  matrix, convergence = cached_arrays(
/Users/jkarpie-admin/work/building/pixel/src/pixel/kernels/evolution/assembly.py:751: RuntimeWarning: LOUD WARNING: kernel cache /Users/jkarpie-admin/work/building/pixel_closure/closure_JAM_truth_small/data/_kernel_cache/exp/bcdms_p_f2__F2_u_plus_d_plus_s_minus_3c__evolution__evolution_q2_115.5.npz could not be reused (kernel source fingerprint mismatch); recomputing and overwriting it.
  matrix, convergence = cached_arrays(
/Users/jkarpie-admin/work/building/pixel/src/pixel/kernels/evolution/assembly.py:751: RuntimeWarning: LOUD WARNING: kernel cache /Users/jkarpie-admin/work/building/pixel_closure/closure_JAM_truth_small/data/_kernel_cache/exp/bcdms_p_f2__F2_u_plus_d_plus_s_minus_3c__evolution__evolution_q2_230.npz could not be reused (kernel source fingerprint mismatch); recomputing and overwriting it.
  matrix, convergence = cached_arrays(
/Users/jkarpie-admin/work/building/pixel/src/pixel/kernels/_cache.py:1504: RuntimeWarning: LOUD WARNING: kernel cache /Users/jkarpie-admin/work/building/pixel_closure/closure_JAM_truth_small/data/_kernel_cache/exp/bcdms_p_f2__F2_singlet.npz could not be reused (kernel source fingerprint mismatch); recomputing and overwriting it.
  (matrix,) = cached_arrays(
/Users/jkarpie-admin/work/building/pixel/src/pixel/kernels/evolution/matrices.py:1200: RuntimeWarning: LOUD WARNING: kernel cache /Users/jkarpie-admin/work/building/pixel_closure/closure_JAM_truth_small/data/_kernel_cache/exp/bcdms_p_f2__F2_singlet__evolution.npz could not be reused (kernel source fingerprint mismatch); recomputing and overwriting it.
  (matrix,) = cached_arrays(
/Users/jkarpie-admin/work/building/pixel/src/pixel/kernels/evolution/assembly.py:994: RuntimeWarning: LOUD WARNING: kernel cache /Users/jkarpie-admin/work/building/pixel_closure/closure_JAM_truth_small/data/_kernel_cache/exp/bcdms_p_f2__F2_singlet__evolution__evolution_q2_7.5.npz could not be reused (kernel source fingerprint mismatch); recomputing and overwriting it.
  matrix, convergence = cached_arrays(
/Users/jkarpie-admin/work/building/pixel/src/pixel/kernels/evolution/assembly.py:994: RuntimeWarning: LOUD WARNING: kernel cache /Users/jkarpie-admin/work/building/pixel_closure/closure_JAM_truth_small/data/_kernel_cache/exp/bcdms_p_f2__F2_singlet__evolution__evolution_q2_10.25.npz could not be reused (kernel source fingerprint mismatch); recomputing and overwriting it.
  matrix, convergence = cached_arrays(
/Users/jkarpie-admin/work/building/pixel/src/pixel/kernels/evolution/assembly.py:994: RuntimeWarning: LOUD WARNING: kernel cache /Users/jkarpie-admin/work/building/pixel_closure/closure_JAM_truth_small/data/_kernel_cache/exp/bcdms_p_f2__F2_singlet__evolution__evolution_q2_11.75.npz could not be reused (kernel source fingerprint mismatch); recomputing and overwriting it.
  matrix, convergence = cached_arrays(
/Users/jkarpie-admin/work/building/pixel/src/pixel/kernels/evolution/assembly.py:994: RuntimeWarning: LOUD WARNING: kernel cache /Users/jkarpie-admin/work/building/pixel_closure/closure_JAM_truth_small/data/_kernel_cache/exp/bcdms_p_f2__F2_singlet__evolution__evolution_q2_15.npz could not be reused (kernel source fingerprint mismatch); recomputing and overwriting it.
  matrix, convergence = cached_arrays(
/Users/jkarpie-admin/work/building/pixel/src/pixel/kernels/evolution/assembly.py:994: RuntimeWarning: LOUD WARNING: kernel cache /Users/jkarpie-admin/work/building/pixel_closure/closure_JAM_truth_small/data/_kernel_cache/exp/bcdms_p_f2__F2_singlet__evolution__evolution_q2_17.npz could not be reused (kernel source fingerprint mismatch); recomputing and overwriting it.
  matrix, convergence = cached_arrays(
/Users/jkarpie-admin/work/building/pixel/src/pixel/kernels/evolution/assembly.py:994: RuntimeWarning: LOUD WARNING: kernel cache /Users/jkarpie-admin/work/building/pixel_closure/closure_JAM_truth_small/data/_kernel_cache/exp/bcdms_p_f2__F2_singlet__evolution__evolution_q2_24.5.npz could not be reused (kernel source fingerprint mismatch); recomputing and overwriting it.
  matrix, convergence = cached_arrays(
/Users/jkarpie-admin/work/building/pixel/src/pixel/kernels/evolution/assembly.py:994: RuntimeWarning: LOUD WARNING: kernel cache /Users/jkarpie-admin/work/building/pixel_closure/closure_JAM_truth_small/data/_kernel_cache/exp/bcdms_p_f2__F2_singlet__evolution__evolution_q2_28.npz could not be reused (kernel source fingerprint mismatch); recomputing and overwriting it.
  matrix, convergence = cached_arrays(
/Users/jkarpie-admin/work/building/pixel/src/pixel/kernels/evolution/assembly.py:994: RuntimeWarning: LOUD WARNING: kernel cache /Users/jkarpie-admin/work/building/pixel_closure/closure_JAM_truth_small/data/_kernel_cache/exp/bcdms_p_f2__F2_singlet__evolution__evolution_q2_37.5.npz could not be reused (kernel source fingerprint mismatch); recomputing and overwriting it.
  matrix, convergence = cached_arrays(
/Users/jkarpie-admin/work/building/pixel/src/pixel/kernels/evolution/assembly.py:994: RuntimeWarning: LOUD WARNING: kernel cache /Users/jkarpie-admin/work/building/pixel_closure/closure_JAM_truth_small/data/_kernel_cache/exp/bcdms_p_f2__F2_singlet__evolution__evolution_q2_43.npz could not be reused (kernel source fingerprint mismatch); recomputing and overwriting it.
  matrix, convergence = cached_arrays(
/Users/jkarpie-admin/work/building/pixel/src/pixel/kernels/evolution/assembly.py:994: RuntimeWarning: LOUD WARNING: kernel cache /Users/jkarpie-admin/work/building/pixel_closure/closure_JAM_truth_small/data/_kernel_cache/exp/bcdms_p_f2__F2_singlet__evolution__evolution_q2_49.5.npz could not be reused (kernel source fingerprint mismatch); recomputing and overwriting it.
  matrix, convergence = cached_arrays(
/Users/jkarpie-admin/work/building/pixel/src/pixel/kernels/evolution/assembly.py:994: RuntimeWarning: LOUD WARNING: kernel cache /Users/jkarpie-admin/work/building/pixel_closure/closure_JAM_truth_small/data/_kernel_cache/exp/bcdms_p_f2__F2_singlet__evolution__evolution_q2_65.5.npz could not be reused (kernel source fingerprint mismatch); recomputing and overwriting it.
  matrix, convergence = cached_arrays(
/Users/jkarpie-admin/work/building/pixel/src/pixel/kernels/evolution/assembly.py:994: RuntimeWarning: LOUD WARNING: kernel cache /Users/jkarpie-admin/work/building/pixel_closure/closure_JAM_truth_small/data/_kernel_cache/exp/bcdms_p_f2__F2_singlet__evolution__evolution_q2_86.npz could not be reused (kernel source fingerprint mismatch); recomputing and overwriting it.
  matrix, convergence = cached_arrays(
/Users/jkarpie-admin/work/building/pixel/src/pixel/kernels/evolution/assembly.py:994: RuntimeWarning: LOUD WARNING: kernel cache /Users/jkarpie-admin/work/building/pixel_closure/closure_JAM_truth_small/data/_kernel_cache/exp/bcdms_p_f2__F2_singlet__evolution__evolution_q2_115.5.npz could not be reused (kernel source fingerprint mismatch); recomputing and overwriting it.
  matrix, convergence = cached_arrays(
/Users/jkarpie-admin/work/building/pixel/src/pixel/kernels/evolution/assembly.py:994: RuntimeWarning: LOUD WARNING: kernel cache /Users/jkarpie-admin/work/building/pixel_closure/closure_JAM_truth_small/data/_kernel_cache/exp/bcdms_p_f2__F2_singlet__evolution__evolution_q2_230.npz could not be reused (kernel source fingerprint mismatch); recomputing and overwriting it.
  matrix, convergence = cached_arrays(
/Users/jkarpie-admin/work/building/pixel/src/pixel/kernels/_cache.py:1504: RuntimeWarning: LOUD WARNING: kernel cache /Users/jkarpie-admin/work/building/pixel_closure/closure_JAM_truth_small/data/_kernel_cache/exp/bcdms_p_f2__F2_gluon.npz could not be reused (kernel source fingerprint mismatch); recomputing and overwriting it.
  (matrix,) = cached_arrays(
/Users/jkarpie-admin/work/building/pixel/src/pixel/kernels/evolution/matrices.py:1200: RuntimeWarning: LOUD WARNING: kernel cache /Users/jkarpie-admin/work/building/pixel_closure/closure_JAM_truth_small/data/_kernel_cache/exp/bcdms_p_f2__F2_gluon__evolution.npz could not be reused (kernel source fingerprint mismatch); recomputing and overwriting it.
  (matrix,) = cached_arrays(
/Users/jkarpie-admin/work/building/pixel/src/pixel/kernels/evolution/assembly.py:994: RuntimeWarning: LOUD WARNING: kernel cache /Users/jkarpie-admin/work/building/pixel_closure/closure_JAM_truth_small/data/_kernel_cache/exp/bcdms_p_f2__F2_gluon__evolution__evolution_q2_7.5.npz could not be reused (kernel source fingerprint mismatch); recomputing and overwriting it.
  matrix, convergence = cached_arrays(
/Users/jkarpie-admin/work/building/pixel/src/pixel/kernels/evolution/assembly.py:994: RuntimeWarning: LOUD WARNING: kernel cache /Users/jkarpie-admin/work/building/pixel_closure/closure_JAM_truth_small/data/_kernel_cache/exp/bcdms_p_f2__F2_gluon__evolution__evolution_q2_10.25.npz could not be reused (kernel source fingerprint mismatch); recomputing and overwriting it.
  matrix, convergence = cached_arrays(
/Users/jkarpie-admin/work/building/pixel/src/pixel/kernels/evolution/assembly.py:994: RuntimeWarning: LOUD WARNING: kernel cache /Users/jkarpie-admin/work/building/pixel_closure/closure_JAM_truth_small/data/_kernel_cache/exp/bcdms_p_f2__F2_gluon__evolution__evolution_q2_11.75.npz could not be reused (kernel source fingerprint mismatch); recomputing and overwriting it.
  matrix, convergence = cached_arrays(
/Users/jkarpie-admin/work/building/pixel/src/pixel/kernels/evolution/assembly.py:994: RuntimeWarning: LOUD WARNING: kernel cache /Users/jkarpie-admin/work/building/pixel_closure/closure_JAM_truth_small/data/_kernel_cache/exp/bcdms_p_f2__F2_gluon__evolution__evolution_q2_15.npz could not be reused (kernel source fingerprint mismatch); recomputing and overwriting it.
  matrix, convergence = cached_arrays(
/Users/jkarpie-admin/work/building/pixel/src/pixel/kernels/evolution/assembly.py:994: RuntimeWarning: LOUD WARNING: kernel cache /Users/jkarpie-admin/work/building/pixel_closure/closure_JAM_truth_small/data/_kernel_cache/exp/bcdms_p_f2__F2_gluon__evolution__evolution_q2_17.npz could not be reused (kernel source fingerprint mismatch); recomputing and overwriting it.
  matrix, convergence = cached_arrays(
/Users/jkarpie-admin/work/building/pixel/src/pixel/kernels/evolution/assembly.py:994: RuntimeWarning: LOUD WARNING: kernel cache /Users/jkarpie-admin/work/building/pixel_closure/closure_JAM_truth_small/data/_kernel_cache/exp/bcdms_p_f2__F2_gluon__evolution__evolution_q2_24.5.npz could not be reused (kernel source fingerprint mismatch); recomputing and overwriting it.
  matrix, convergence = cached_arrays(
/Users/jkarpie-admin/work/building/pixel/src/pixel/kernels/evolution/assembly.py:994: RuntimeWarning: LOUD WARNING: kernel cache /Users/jkarpie-admin/work/building/pixel_closure/closure_JAM_truth_small/data/_kernel_cache/exp/bcdms_p_f2__F2_gluon__evolution__evolution_q2_28.npz could not be reused (kernel source fingerprint mismatch); recomputing and overwriting it.
  matrix, convergence = cached_arrays(
/Users/jkarpie-admin/work/building/pixel/src/pixel/kernels/evolution/assembly.py:994: RuntimeWarning: LOUD WARNING: kernel cache /Users/jkarpie-admin/work/building/pixel_closure/closure_JAM_truth_small/data/_kernel_cache/exp/bcdms_p_f2__F2_gluon__evolution__evolution_q2_37.5.npz could not be reused (kernel source fingerprint mismatch); recomputing and overwriting it.
  matrix, convergence = cached_arrays(
/Users/jkarpie-admin/work/building/pixel/src/pixel/kernels/evolution/assembly.py:994: RuntimeWarning: LOUD WARNING: kernel cache /Users/jkarpie-admin/work/building/pixel_closure/closure_JAM_truth_small/data/_kernel_cache/exp/bcdms_p_f2__F2_gluon__evolution__evolution_q2_43.npz could not be reused (kernel source fingerprint mismatch); recomputing and overwriting it.
  matrix, convergence = cached_arrays(
/Users/jkarpie-admin/work/building/pixel/src/pixel/kernels/evolution/assembly.py:994: RuntimeWarning: LOUD WARNING: kernel cache /Users/jkarpie-admin/work/building/pixel_closure/closure_JAM_truth_small/data/_kernel_cache/exp/bcdms_p_f2__F2_gluon__evolution__evolution_q2_49.5.npz could not be reused (kernel source fingerprint mismatch); recomputing and overwriting it.
  matrix, convergence = cached_arrays(
/Users/jkarpie-admin/work/building/pixel/src/pixel/kernels/evolution/assembly.py:994: RuntimeWarning: LOUD WARNING: kernel cache /Users/jkarpie-admin/work/building/pixel_closure/closure_JAM_truth_small/data/_kernel_cache/exp/bcdms_p_f2__F2_gluon__evolution__evolution_q2_65.5.npz could not be reused (kernel source fingerprint mismatch); recomputing and overwriting it.
  matrix, convergence = cached_arrays(
/Users/jkarpie-admin/work/building/pixel/src/pixel/kernels/evolution/assembly.py:994: RuntimeWarning: LOUD WARNING: kernel cache /Users/jkarpie-admin/work/building/pixel_closure/closure_JAM_truth_small/data/_kernel_cache/exp/bcdms_p_f2__F2_gluon__evolution__evolution_q2_86.npz could not be reused (kernel source fingerprint mismatch); recomputing and overwriting it.
  matrix, convergence = cached_arrays(
/Users/jkarpie-admin/work/building/pixel/src/pixel/kernels/evolution/assembly.py:994: RuntimeWarning: LOUD WARNING: kernel cache /Users/jkarpie-admin/work/building/pixel_closure/closure_JAM_truth_small/data/_kernel_cache/exp/bcdms_p_f2__F2_gluon__evolution__evolution_q2_115.5.npz could not be reused (kernel source fingerprint mismatch); recomputing and overwriting it.
  matrix, convergence = cached_arrays(
/Users/jkarpie-admin/work/building/pixel/src/pixel/kernels/evolution/assembly.py:994: RuntimeWarning: LOUD WARNING: kernel cache /Users/jkarpie-admin/work/building/pixel_closure/closure_JAM_truth_small/data/_kernel_cache/exp/bcdms_p_f2__F2_gluon__evolution__evolution_q2_230.npz could not be reused (kernel source fingerprint mismatch); recomputing and overwriting it.
  matrix, convergence = cached_arrays(
/Users/jkarpie-admin/work/building/pixel/src/pixel/kernels/_cache.py:1504: RuntimeWarning: LOUD WARNING: kernel cache /Users/jkarpie-admin/work/building/pixel_closure/closure_JAM_truth_small/data/_kernel_cache/exp/nmc_p_f2__F2_u_minus_d.npz could not be reused (kernel source fingerprint mismatch); recomputing and overwriting it.
  (matrix,) = cached_arrays(
/Users/jkarpie-admin/work/building/pixel/src/pixel/kernels/evolution/matrices.py:860: RuntimeWarning: LOUD WARNING: kernel cache /Users/jkarpie-admin/work/building/pixel_closure/closure_JAM_truth_small/data/_kernel_cache/exp/nmc_p_f2__F2_u_minus_d__evolution.npz could not be reused (kernel source fingerprint mismatch); recomputing and overwriting it.
  (matrix,) = cached_arrays(
/Users/jkarpie-admin/work/building/pixel/src/pixel/kernels/evolution/assembly.py:751: RuntimeWarning: LOUD WARNING: kernel cache /Users/jkarpie-admin/work/building/pixel_closure/closure_JAM_truth_small/data/_kernel_cache/exp/nmc_p_f2__F2_u_minus_d__evolution__evolution_q2_1.71.npz could not be reused (kernel source fingerprint mismatch); recomputing and overwriting it.
  matrix, convergence = cached_arrays(
/Users/jkarpie-admin/work/building/pixel/src/pixel/kernels/evolution/assembly.py:751: RuntimeWarning: LOUD WARNING: kernel cache /Users/jkarpie-admin/work/building/pixel_closure/closure_JAM_truth_small/data/_kernel_cache/exp/nmc_p_f2__F2_u_minus_d__evolution__evolution_q2_1.75.npz could not be reused (kernel source fingerprint mismatch); recomputing and overwriting it.
  matrix, convergence = cached_arrays(
/Users/jkarpie-admin/work/building/pixel/src/pixel/kernels/evolution/assembly.py:751: RuntimeWarning: LOUD WARNING: kernel cache /Users/jkarpie-admin/work/building/pixel_closure/closure_JAM_truth_small/data/_kernel_cache/exp/nmc_p_f2__F2_u_minus_d__evolution__evolution_q2_1.76.npz could not be reused (kernel source fingerprint mismatch); recomputing and overwriting it.
  matrix, convergence = cached_arrays(
/Users/jkarpie-admin/work/building/pixel/src/pixel/kernels/evolution/assembly.py:751: RuntimeWarning: LOUD WARNING: kernel cache /Users/jkarpie-admin/work/building/pixel_closure/closure_JAM_truth_small/data/_kernel_cache/exp/nmc_p_f2__F2_u_minus_d__evolution__evolution_q2_2.51.npz could not be reused (kernel source fingerprint mismatch); recomputing and overwriting it.
  matrix, convergence = cached_arrays(
/Users/jkarpie-admin/work/building/pixel/src/pixel/kernels/evolution/assembly.py:751: RuntimeWarning: LOUD WARNING: kernel cache /Users/jkarpie-admin/work/building/pixel_closure/closure_JAM_truth_small/data/_kernel_cache/exp/nmc_p_f2__F2_u_minus_d__evolution__evolution_q2_2.59.npz could not be reused (kernel source fingerprint mismatch); recomputing and overwriting it.
  matrix, convergence = cached_arrays(
/Users/jkarpie-admin/work/building/pixel/src/pixel/kernels/evolution/assembly.py:751: RuntimeWarning: LOUD WARNING: kernel cache /Users/jkarpie-admin/work/building/pixel_closure/closure_JAM_truth_small/data/_kernel_cache/exp/nmc_p_f2__F2_u_minus_d__evolution__evolution_q2_3.62.npz could not be reused (kernel source fingerprint mismatch); recomputing and overwriting it.
  matrix, convergence = cached_arrays(
/Users/jkarpie-admin/work/building/pixel/src/pixel/kernels/evolution/assembly.py:751: RuntimeWarning: LOUD WARNING: kernel cache /Users/jkarpie-admin/work/building/pixel_closure/closure_JAM_truth_small/data/_kernel_cache/exp/nmc_p_f2__F2_u_minus_d__evolution__evolution_q2_6.81.npz could not be reused (kernel source fingerprint mismatch); recomputing and overwriting it.
  matrix, convergence = cached_arrays(
/Users/jkarpie-admin/work/building/pixel/src/pixel/kernels/evolution/assembly.py:751: RuntimeWarning: LOUD WARNING: kernel cache /Users/jkarpie-admin/work/building/pixel_closure/closure_JAM_truth_small/data/_kernel_cache/exp/nmc_p_f2__F2_u_minus_d__evolution__evolution_q2_6.97.npz could not be reused (kernel source fingerprint mismatch); recomputing and overwriting it.
  matrix, convergence = cached_arrays(
/Users/jkarpie-admin/work/building/pixel/src/pixel/kernels/evolution/assembly.py:751: RuntimeWarning: LOUD WARNING: kernel cache /Users/jkarpie-admin/work/building/pixel_closure/closure_JAM_truth_small/data/_kernel_cache/exp/nmc_p_f2__F2_u_minus_d__evolution__evolution_q2_7.15.npz could not be reused (kernel source fingerprint mismatch); recomputing and overwriting it.
  matrix, convergence = cached_arrays(
/Users/jkarpie-admin/work/building/pixel/src/pixel/kernels/evolution/assembly.py:751: RuntimeWarning: LOUD WARNING: kernel cache /Users/jkarpie-admin/work/building/pixel_closure/closure_JAM_truth_small/data/_kernel_cache/exp/nmc_p_f2__F2_u_minus_d__evolution__evolution_q2_8.5.npz could not be reused (kernel source fingerprint mismatch); recomputing and overwriting it.
  matrix, convergence = cached_arrays(
/Users/jkarpie-admin/work/building/pixel/src/pixel/kernels/evolution/assembly.py:751: RuntimeWarning: LOUD WARNING: kernel cache /Users/jkarpie-admin/work/building/pixel_closure/closure_JAM_truth_small/data/_kernel_cache/exp/nmc_p_f2__F2_u_minus_d__evolution__evolution_q2_8.99.npz could not be reused (kernel source fingerprint mismatch); recomputing and overwriting it.
  matrix, convergence = cached_arrays(
/Users/jkarpie-admin/work/building/pixel/src/pixel/kernels/evolution/assembly.py:751: RuntimeWarning: LOUD WARNING: kernel cache /Users/jkarpie-admin/work/building/pixel_closure/closure_JAM_truth_small/data/_kernel_cache/exp/nmc_p_f2__F2_u_minus_d__evolution__evolution_q2_11.24.npz could not be reused (kernel source fingerprint mismatch); recomputing and overwriting it.
  matrix, convergence = cached_arrays(
/Users/jkarpie-admin/work/building/pixel/src/pixel/kernels/evolution/assembly.py:751: RuntimeWarning: LOUD WARNING: kernel cache /Users/jkarpie-admin/work/building/pixel_closure/closure_JAM_truth_small/data/_kernel_cache/exp/nmc_p_f2__F2_u_minus_d__evolution__evolution_q2_19.65.npz could not be reused (kernel source fingerprint mismatch); recomputing and overwriting it.
  matrix, convergence = cached_arrays(
/Users/jkarpie-admin/work/building/pixel/src/pixel/kernels/evolution/assembly.py:751: RuntimeWarning: LOUD WARNING: kernel cache /Users/jkarpie-admin/work/building/pixel_closure/closure_JAM_truth_small/data/_kernel_cache/exp/nmc_p_f2__F2_u_minus_d__evolution__evolution_q2_25.56.npz could not be reused (kernel source fingerprint mismatch); recomputing and overwriting it.
  matrix, convergence = cached_arrays(
/Users/jkarpie-admin/work/building/pixel/src/pixel/kernels/evolution/assembly.py:751: RuntimeWarning: LOUD WARNING: kernel cache /Users/jkarpie-admin/work/building/pixel_closure/closure_JAM_truth_small/data/_kernel_cache/exp/nmc_p_f2__F2_u_minus_d__evolution__evolution_q2_26.49.npz could not be reused (kernel source fingerprint mismatch); recomputing and overwriting it.
  matrix, convergence = cached_arrays(
/Users/jkarpie-admin/work/building/pixel/src/pixel/kernels/evolution/assembly.py:751: RuntimeWarning: LOUD WARNING: kernel cache /Users/jkarpie-admin/work/building/pixel_closure/closure_JAM_truth_small/data/_kernel_cache/exp/nmc_p_f2__F2_u_minus_d__evolution__evolution_q2_62.34.npz could not be reused (kernel source fingerprint mismatch); recomputing and overwriting it.
  matrix, convergence = cached_arrays(
/Users/jkarpie-admin/work/building/pixel/src/pixel/kernels/_cache.py:1504: RuntimeWarning: LOUD WARNING: kernel cache /Users/jkarpie-admin/work/building/pixel_closure/closure_JAM_truth_small/data/_kernel_cache/exp/nmc_p_f2__F2_u_plus_d_minus_2s.npz could not be reused (kernel source fingerprint mismatch); recomputing and overwriting it.
  (matrix,) = cached_arrays(
/Users/jkarpie-admin/work/building/pixel/src/pixel/kernels/evolution/matrices.py:860: RuntimeWarning: LOUD WARNING: kernel cache /Users/jkarpie-admin/work/building/pixel_closure/closure_JAM_truth_small/data/_kernel_cache/exp/nmc_p_f2__F2_u_plus_d_minus_2s__evolution.npz could not be reused (kernel source fingerprint mismatch); recomputing and overwriting it.
  (matrix,) = cached_arrays(
/Users/jkarpie-admin/work/building/pixel/src/pixel/kernels/evolution/assembly.py:751: RuntimeWarning: LOUD WARNING: kernel cache /Users/jkarpie-admin/work/building/pixel_closure/closure_JAM_truth_small/data/_kernel_cache/exp/nmc_p_f2__F2_u_plus_d_minus_2s__evolution__evolution_q2_1.71.npz could not be reused (kernel source fingerprint mismatch); recomputing and overwriting it.
  matrix, convergence = cached_arrays(
/Users/jkarpie-admin/work/building/pixel/src/pixel/kernels/evolution/assembly.py:751: RuntimeWarning: LOUD WARNING: kernel cache /Users/jkarpie-admin/work/building/pixel_closure/closure_JAM_truth_small/data/_kernel_cache/exp/nmc_p_f2__F2_u_plus_d_minus_2s__evolution__evolution_q2_1.75.npz could not be reused (kernel source fingerprint mismatch); recomputing and overwriting it.
  matrix, convergence = cached_arrays(
/Users/jkarpie-admin/work/building/pixel/src/pixel/kernels/evolution/assembly.py:751: RuntimeWarning: LOUD WARNING: kernel cache /Users/jkarpie-admin/work/building/pixel_closure/closure_JAM_truth_small/data/_kernel_cache/exp/nmc_p_f2__F2_u_plus_d_minus_2s__evolution__evolution_q2_1.76.npz could not be reused (kernel source fingerprint mismatch); recomputing and overwriting it.
  matrix, convergence = cached_arrays(
/Users/jkarpie-admin/work/building/pixel/src/pixel/kernels/evolution/assembly.py:751: RuntimeWarning: LOUD WARNING: kernel cache /Users/jkarpie-admin/work/building/pixel_closure/closure_JAM_truth_small/data/_kernel_cache/exp/nmc_p_f2__F2_u_plus_d_minus_2s__evolution__evolution_q2_2.51.npz could not be reused (kernel source fingerprint mismatch); recomputing and overwriting it.
  matrix, convergence = cached_arrays(
/Users/jkarpie-admin/work/building/pixel/src/pixel/kernels/evolution/assembly.py:751: RuntimeWarning: LOUD WARNING: kernel cache /Users/jkarpie-admin/work/building/pixel_closure/closure_JAM_truth_small/data/_kernel_cache/exp/nmc_p_f2__F2_u_plus_d_minus_2s__evolution__evolution_q2_2.59.npz could not be reused (kernel source fingerprint mismatch); recomputing and overwriting it.
  matrix, convergence = cached_arrays(
/Users/jkarpie-admin/work/building/pixel/src/pixel/kernels/evolution/assembly.py:751: RuntimeWarning: LOUD WARNING: kernel cache /Users/jkarpie-admin/work/building/pixel_closure/closure_JAM_truth_small/data/_kernel_cache/exp/nmc_p_f2__F2_u_plus_d_minus_2s__evolution__evolution_q2_3.62.npz could not be reused (kernel source fingerprint mismatch); recomputing and overwriting it.
  matrix, convergence = cached_arrays(
/Users/jkarpie-admin/work/building/pixel/src/pixel/kernels/evolution/assembly.py:751: RuntimeWarning: LOUD WARNING: kernel cache /Users/jkarpie-admin/work/building/pixel_closure/closure_JAM_truth_small/data/_kernel_cache/exp/nmc_p_f2__F2_u_plus_d_minus_2s__evolution__evolution_q2_6.81.npz could not be reused (kernel source fingerprint mismatch); recomputing and overwriting it.
  matrix, convergence = cached_arrays(
/Users/jkarpie-admin/work/building/pixel/src/pixel/kernels/evolution/assembly.py:751: RuntimeWarning: LOUD WARNING: kernel cache /Users/jkarpie-admin/work/building/pixel_closure/closure_JAM_truth_small/data/_kernel_cache/exp/nmc_p_f2__F2_u_plus_d_minus_2s__evolution__evolution_q2_6.97.npz could not be reused (kernel source fingerprint mismatch); recomputing and overwriting it.
  matrix, convergence = cached_arrays(
/Users/jkarpie-admin/work/building/pixel/src/pixel/kernels/evolution/assembly.py:751: RuntimeWarning: LOUD WARNING: kernel cache /Users/jkarpie-admin/work/building/pixel_closure/closure_JAM_truth_small/data/_kernel_cache/exp/nmc_p_f2__F2_u_plus_d_minus_2s__evolution__evolution_q2_7.15.npz could not be reused (kernel source fingerprint mismatch); recomputing and overwriting it.
  matrix, convergence = cached_arrays(
/Users/jkarpie-admin/work/building/pixel/src/pixel/kernels/evolution/assembly.py:751: RuntimeWarning: LOUD WARNING: kernel cache /Users/jkarpie-admin/work/building/pixel_closure/closure_JAM_truth_small/data/_kernel_cache/exp/nmc_p_f2__F2_u_plus_d_minus_2s__evolution__evolution_q2_8.5.npz could not be reused (kernel source fingerprint mismatch); recomputing and overwriting it.
  matrix, convergence = cached_arrays(
/Users/jkarpie-admin/work/building/pixel/src/pixel/kernels/evolution/assembly.py:751: RuntimeWarning: LOUD WARNING: kernel cache /Users/jkarpie-admin/work/building/pixel_closure/closure_JAM_truth_small/data/_kernel_cache/exp/nmc_p_f2__F2_u_plus_d_minus_2s__evolution__evolution_q2_8.99.npz could not be reused (kernel source fingerprint mismatch); recomputing and overwriting it.
  matrix, convergence = cached_arrays(
/Users/jkarpie-admin/work/building/pixel/src/pixel/kernels/evolution/assembly.py:751: RuntimeWarning: LOUD WARNING: kernel cache /Users/jkarpie-admin/work/building/pixel_closure/closure_JAM_truth_small/data/_kernel_cache/exp/nmc_p_f2__F2_u_plus_d_minus_2s__evolution__evolution_q2_11.24.npz could not be reused (kernel source fingerprint mismatch); recomputing and overwriting it.
  matrix, convergence = cached_arrays(
/Users/jkarpie-admin/work/building/pixel/src/pixel/kernels/evolution/assembly.py:751: RuntimeWarning: LOUD WARNING: kernel cache /Users/jkarpie-admin/work/building/pixel_closure/closure_JAM_truth_small/data/_kernel_cache/exp/nmc_p_f2__F2_u_plus_d_minus_2s__evolution__evolution_q2_19.65.npz could not be reused (kernel source fingerprint mismatch); recomputing and overwriting it.
  matrix, convergence = cached_arrays(
/Users/jkarpie-admin/work/building/pixel/src/pixel/kernels/evolution/assembly.py:751: RuntimeWarning: LOUD WARNING: kernel cache /Users/jkarpie-admin/work/building/pixel_closure/closure_JAM_truth_small/data/_kernel_cache/exp/nmc_p_f2__F2_u_plus_d_minus_2s__evolution__evolution_q2_25.56.npz could not be reused (kernel source fingerprint mismatch); recomputing and overwriting it.
  matrix, convergence = cached_arrays(
/Users/jkarpie-admin/work/building/pixel/src/pixel/kernels/evolution/assembly.py:751: RuntimeWarning: LOUD WARNING: kernel cache /Users/jkarpie-admin/work/building/pixel_closure/closure_JAM_truth_small/data/_kernel_cache/exp/nmc_p_f2__F2_u_plus_d_minus_2s__evolution__evolution_q2_26.49.npz could not be reused (kernel source fingerprint mismatch); recomputing and overwriting it.
  matrix, convergence = cached_arrays(
/Users/jkarpie-admin/work/building/pixel/src/pixel/kernels/evolution/assembly.py:751: RuntimeWarning: LOUD WARNING: kernel cache /Users/jkarpie-admin/work/building/pixel_closure/closure_JAM_truth_small/data/_kernel_cache/exp/nmc_p_f2__F2_u_plus_d_minus_2s__evolution__evolution_q2_62.34.npz could not be reused (kernel source fingerprint mismatch); recomputing and overwriting it.
  matrix, convergence = cached_arrays(
/Users/jkarpie-admin/work/building/pixel/src/pixel/kernels/_cache.py:1504: RuntimeWarning: LOUD WARNING: kernel cache /Users/jkarpie-admin/work/building/pixel_closure/closure_JAM_truth_small/data/_kernel_cache/exp/nmc_p_f2__F2_u_plus_d_plus_s_minus_3c.npz could not be reused (kernel source fingerprint mismatch); recomputing and overwriting it.
  (matrix,) = cached_arrays(
/Users/jkarpie-admin/work/building/pixel/src/pixel/kernels/evolution/matrices.py:860: RuntimeWarning: LOUD WARNING: kernel cache /Users/jkarpie-admin/work/building/pixel_closure/closure_JAM_truth_small/data/_kernel_cache/exp/nmc_p_f2__F2_u_plus_d_plus_s_minus_3c__evolution.npz could not be reused (kernel source fingerprint mismatch); recomputing and overwriting it.
  (matrix,) = cached_arrays(
/Users/jkarpie-admin/work/building/pixel/src/pixel/kernels/evolution/assembly.py:751: RuntimeWarning: LOUD WARNING: kernel cache /Users/jkarpie-admin/work/building/pixel_closure/closure_JAM_truth_small/data/_kernel_cache/exp/nmc_p_f2__F2_u_plus_d_plus_s_minus_3c__evolution__evolution_q2_1.71.npz could not be reused (kernel source fingerprint mismatch); recomputing and overwriting it.
  matrix, convergence = cached_arrays(
/Users/jkarpie-admin/work/building/pixel/src/pixel/kernels/evolution/assembly.py:751: RuntimeWarning: LOUD WARNING: kernel cache /Users/jkarpie-admin/work/building/pixel_closure/closure_JAM_truth_small/data/_kernel_cache/exp/nmc_p_f2__F2_u_plus_d_plus_s_minus_3c__evolution__evolution_q2_1.75.npz could not be reused (kernel source fingerprint mismatch); recomputing and overwriting it.
  matrix, convergence = cached_arrays(
/Users/jkarpie-admin/work/building/pixel/src/pixel/kernels/evolution/assembly.py:751: RuntimeWarning: LOUD WARNING: kernel cache /Users/jkarpie-admin/work/building/pixel_closure/closure_JAM_truth_small/data/_kernel_cache/exp/nmc_p_f2__F2_u_plus_d_plus_s_minus_3c__evolution__evolution_q2_1.76.npz could not be reused (kernel source fingerprint mismatch); recomputing and overwriting it.
  matrix, convergence = cached_arrays(
/Users/jkarpie-admin/work/building/pixel/src/pixel/kernels/evolution/assembly.py:751: RuntimeWarning: LOUD WARNING: kernel cache /Users/jkarpie-admin/work/building/pixel_closure/closure_JAM_truth_small/data/_kernel_cache/exp/nmc_p_f2__F2_u_plus_d_plus_s_minus_3c__evolution__evolution_q2_2.51.npz could not be reused (kernel source fingerprint mismatch); recomputing and overwriting it.
  matrix, convergence = cached_arrays(
/Users/jkarpie-admin/work/building/pixel/src/pixel/kernels/evolution/assembly.py:751: RuntimeWarning: LOUD WARNING: kernel cache /Users/jkarpie-admin/work/building/pixel_closure/closure_JAM_truth_small/data/_kernel_cache/exp/nmc_p_f2__F2_u_plus_d_plus_s_minus_3c__evolution__evolution_q2_2.59.npz could not be reused (kernel source fingerprint mismatch); recomputing and overwriting it.
  matrix, convergence = cached_arrays(
/Users/jkarpie-admin/work/building/pixel/src/pixel/kernels/evolution/assembly.py:751: RuntimeWarning: LOUD WARNING: kernel cache /Users/jkarpie-admin/work/building/pixel_closure/closure_JAM_truth_small/data/_kernel_cache/exp/nmc_p_f2__F2_u_plus_d_plus_s_minus_3c__evolution__evolution_q2_3.62.npz could not be reused (kernel source fingerprint mismatch); recomputing and overwriting it.
  matrix, convergence = cached_arrays(
/Users/jkarpie-admin/work/building/pixel/src/pixel/kernels/evolution/assembly.py:751: RuntimeWarning: LOUD WARNING: kernel cache /Users/jkarpie-admin/work/building/pixel_closure/closure_JAM_truth_small/data/_kernel_cache/exp/nmc_p_f2__F2_u_plus_d_plus_s_minus_3c__evolution__evolution_q2_6.81.npz could not be reused (kernel source fingerprint mismatch); recomputing and overwriting it.
  matrix, convergence = cached_arrays(
/Users/jkarpie-admin/work/building/pixel/src/pixel/kernels/evolution/assembly.py:751: RuntimeWarning: LOUD WARNING: kernel cache /Users/jkarpie-admin/work/building/pixel_closure/closure_JAM_truth_small/data/_kernel_cache/exp/nmc_p_f2__F2_u_plus_d_plus_s_minus_3c__evolution__evolution_q2_6.97.npz could not be reused (kernel source fingerprint mismatch); recomputing and overwriting it.
  matrix, convergence = cached_arrays(
/Users/jkarpie-admin/work/building/pixel/src/pixel/kernels/evolution/assembly.py:751: RuntimeWarning: LOUD WARNING: kernel cache /Users/jkarpie-admin/work/building/pixel_closure/closure_JAM_truth_small/data/_kernel_cache/exp/nmc_p_f2__F2_u_plus_d_plus_s_minus_3c__evolution__evolution_q2_7.15.npz could not be reused (kernel source fingerprint mismatch); recomputing and overwriting it.
  matrix, convergence = cached_arrays(
/Users/jkarpie-admin/work/building/pixel/src/pixel/kernels/evolution/assembly.py:751: RuntimeWarning: LOUD WARNING: kernel cache /Users/jkarpie-admin/work/building/pixel_closure/closure_JAM_truth_small/data/_kernel_cache/exp/nmc_p_f2__F2_u_plus_d_plus_s_minus_3c__evolution__evolution_q2_8.5.npz could not be reused (kernel source fingerprint mismatch); recomputing and overwriting it.
  matrix, convergence = cached_arrays(
/Users/jkarpie-admin/work/building/pixel/src/pixel/kernels/evolution/assembly.py:751: RuntimeWarning: LOUD WARNING: kernel cache /Users/jkarpie-admin/work/building/pixel_closure/closure_JAM_truth_small/data/_kernel_cache/exp/nmc_p_f2__F2_u_plus_d_plus_s_minus_3c__evolution__evolution_q2_8.99.npz could not be reused (kernel source fingerprint mismatch); recomputing and overwriting it.
  matrix, convergence = cached_arrays(
/Users/jkarpie-admin/work/building/pixel/src/pixel/kernels/evolution/assembly.py:751: RuntimeWarning: LOUD WARNING: kernel cache /Users/jkarpie-admin/work/building/pixel_closure/closure_JAM_truth_small/data/_kernel_cache/exp/nmc_p_f2__F2_u_plus_d_plus_s_minus_3c__evolution__evolution_q2_11.24.npz could not be reused (kernel source fingerprint mismatch); recomputing and overwriting it.
  matrix, convergence = cached_arrays(
/Users/jkarpie-admin/work/building/pixel/src/pixel/kernels/evolution/assembly.py:751: RuntimeWarning: LOUD WARNING: kernel cache /Users/jkarpie-admin/work/building/pixel_closure/closure_JAM_truth_small/data/_kernel_cache/exp/nmc_p_f2__F2_u_plus_d_plus_s_minus_3c__evolution__evolution_q2_19.65.npz could not be reused (kernel source fingerprint mismatch); recomputing and overwriting it.
  matrix, convergence = cached_arrays(
/Users/jkarpie-admin/work/building/pixel/src/pixel/kernels/evolution/assembly.py:751: RuntimeWarning: LOUD WARNING: kernel cache /Users/jkarpie-admin/work/building/pixel_closure/closure_JAM_truth_small/data/_kernel_cache/exp/nmc_p_f2__F2_u_plus_d_plus_s_minus_3c__evolution__evolution_q2_25.56.npz could not be reused (kernel source fingerprint mismatch); recomputing and overwriting it.
  matrix, convergence = cached_arrays(
/Users/jkarpie-admin/work/building/pixel/src/pixel/kernels/evolution/assembly.py:751: RuntimeWarning: LOUD WARNING: kernel cache /Users/jkarpie-admin/work/building/pixel_closure/closure_JAM_truth_small/data/_kernel_cache/exp/nmc_p_f2__F2_u_plus_d_plus_s_minus_3c__evolution__evolution_q2_26.49.npz could not be reused (kernel source fingerprint mismatch); recomputing and overwriting it.
  matrix, convergence = cached_arrays(
/Users/jkarpie-admin/work/building/pixel/src/pixel/kernels/evolution/assembly.py:751: RuntimeWarning: LOUD WARNING: kernel cache /Users/jkarpie-admin/work/building/pixel_closure/closure_JAM_truth_small/data/_kernel_cache/exp/nmc_p_f2__F2_u_plus_d_plus_s_minus_3c__evolution__evolution_q2_62.34.npz could not be reused (kernel source fingerprint mismatch); recomputing and overwriting it.
  matrix, convergence = cached_arrays(
/Users/jkarpie-admin/work/building/pixel/src/pixel/kernels/_cache.py:1504: RuntimeWarning: LOUD WARNING: kernel cache /Users/jkarpie-admin/work/building/pixel_closure/closure_JAM_truth_small/data/_kernel_cache/exp/nmc_p_f2__F2_singlet.npz could not be reused (kernel source fingerprint mismatch); recomputing and overwriting it.
  (matrix,) = cached_arrays(
/Users/jkarpie-admin/work/building/pixel/src/pixel/kernels/evolution/matrices.py:1200: RuntimeWarning: LOUD WARNING: kernel cache /Users/jkarpie-admin/work/building/pixel_closure/closure_JAM_truth_small/data/_kernel_cache/exp/nmc_p_f2__F2_singlet__evolution.npz could not be reused (kernel source fingerprint mismatch); recomputing and overwriting it.
  (matrix,) = cached_arrays(
/Users/jkarpie-admin/work/building/pixel/src/pixel/kernels/evolution/assembly.py:994: RuntimeWarning: LOUD WARNING: kernel cache /Users/jkarpie-admin/work/building/pixel_closure/closure_JAM_truth_small/data/_kernel_cache/exp/nmc_p_f2__F2_singlet__evolution__evolution_q2_1.71.npz could not be reused (kernel source fingerprint mismatch); recomputing and overwriting it.
  matrix, convergence = cached_arrays(
/Users/jkarpie-admin/work/building/pixel/src/pixel/kernels/evolution/assembly.py:994: RuntimeWarning: LOUD WARNING: kernel cache /Users/jkarpie-admin/work/building/pixel_closure/closure_JAM_truth_small/data/_kernel_cache/exp/nmc_p_f2__F2_singlet__evolution__evolution_q2_1.75.npz could not be reused (kernel source fingerprint mismatch); recomputing and overwriting it.
  matrix, convergence = cached_arrays(
/Users/jkarpie-admin/work/building/pixel/src/pixel/kernels/evolution/assembly.py:994: RuntimeWarning: LOUD WARNING: kernel cache /Users/jkarpie-admin/work/building/pixel_closure/closure_JAM_truth_small/data/_kernel_cache/exp/nmc_p_f2__F2_singlet__evolution__evolution_q2_1.76.npz could not be reused (kernel source fingerprint mismatch); recomputing and overwriting it.
  matrix, convergence = cached_arrays(
/Users/jkarpie-admin/work/building/pixel/src/pixel/kernels/evolution/assembly.py:994: RuntimeWarning: LOUD WARNING: kernel cache /Users/jkarpie-admin/work/building/pixel_closure/closure_JAM_truth_small/data/_kernel_cache/exp/nmc_p_f2__F2_singlet__evolution__evolution_q2_2.51.npz could not be reused (kernel source fingerprint mismatch); recomputing and overwriting it.
  matrix, convergence = cached_arrays(
/Users/jkarpie-admin/work/building/pixel/src/pixel/kernels/evolution/assembly.py:994: RuntimeWarning: LOUD WARNING: kernel cache /Users/jkarpie-admin/work/building/pixel_closure/closure_JAM_truth_small/data/_kernel_cache/exp/nmc_p_f2__F2_singlet__evolution__evolution_q2_2.59.npz could not be reused (kernel source fingerprint mismatch); recomputing and overwriting it.
  matrix, convergence = cached_arrays(
/Users/jkarpie-admin/work/building/pixel/src/pixel/kernels/evolution/assembly.py:994: RuntimeWarning: LOUD WARNING: kernel cache /Users/jkarpie-admin/work/building/pixel_closure/closure_JAM_truth_small/data/_kernel_cache/exp/nmc_p_f2__F2_singlet__evolution__evolution_q2_3.62.npz could not be reused (kernel source fingerprint mismatch); recomputing and overwriting it.
  matrix, convergence = cached_arrays(
/Users/jkarpie-admin/work/building/pixel/src/pixel/kernels/evolution/assembly.py:994: RuntimeWarning: LOUD WARNING: kernel cache /Users/jkarpie-admin/work/building/pixel_closure/closure_JAM_truth_small/data/_kernel_cache/exp/nmc_p_f2__F2_singlet__evolution__evolution_q2_6.81.npz could not be reused (kernel source fingerprint mismatch); recomputing and overwriting it.
  matrix, convergence = cached_arrays(
/Users/jkarpie-admin/work/building/pixel/src/pixel/kernels/evolution/assembly.py:994: RuntimeWarning: LOUD WARNING: kernel cache /Users/jkarpie-admin/work/building/pixel_closure/closure_JAM_truth_small/data/_kernel_cache/exp/nmc_p_f2__F2_singlet__evolution__evolution_q2_6.97.npz could not be reused (kernel source fingerprint mismatch); recomputing and overwriting it.
  matrix, convergence = cached_arrays(
/Users/jkarpie-admin/work/building/pixel/src/pixel/kernels/evolution/assembly.py:994: RuntimeWarning: LOUD WARNING: kernel cache /Users/jkarpie-admin/work/building/pixel_closure/closure_JAM_truth_small/data/_kernel_cache/exp/nmc_p_f2__F2_singlet__evolution__evolution_q2_7.15.npz could not be reused (kernel source fingerprint mismatch); recomputing and overwriting it.
  matrix, convergence = cached_arrays(
/Users/jkarpie-admin/work/building/pixel/src/pixel/kernels/evolution/assembly.py:994: RuntimeWarning: LOUD WARNING: kernel cache /Users/jkarpie-admin/work/building/pixel_closure/closure_JAM_truth_small/data/_kernel_cache/exp/nmc_p_f2__F2_singlet__evolution__evolution_q2_8.5.npz could not be reused (kernel source fingerprint mismatch); recomputing and overwriting it.
  matrix, convergence = cached_arrays(
/Users/jkarpie-admin/work/building/pixel/src/pixel/kernels/evolution/assembly.py:994: RuntimeWarning: LOUD WARNING: kernel cache /Users/jkarpie-admin/work/building/pixel_closure/closure_JAM_truth_small/data/_kernel_cache/exp/nmc_p_f2__F2_singlet__evolution__evolution_q2_8.99.npz could not be reused (kernel source fingerprint mismatch); recomputing and overwriting it.
  matrix, convergence = cached_arrays(
/Users/jkarpie-admin/work/building/pixel/src/pixel/kernels/evolution/assembly.py:994: RuntimeWarning: LOUD WARNING: kernel cache /Users/jkarpie-admin/work/building/pixel_closure/closure_JAM_truth_small/data/_kernel_cache/exp/nmc_p_f2__F2_singlet__evolution__evolution_q2_11.24.npz could not be reused (kernel source fingerprint mismatch); recomputing and overwriting it.
  matrix, convergence = cached_arrays(
/Users/jkarpie-admin/work/building/pixel/src/pixel/kernels/evolution/assembly.py:994: RuntimeWarning: LOUD WARNING: kernel cache /Users/jkarpie-admin/work/building/pixel_closure/closure_JAM_truth_small/data/_kernel_cache/exp/nmc_p_f2__F2_singlet__evolution__evolution_q2_19.65.npz could not be reused (kernel source fingerprint mismatch); recomputing and overwriting it.
  matrix, convergence = cached_arrays(
/Users/jkarpie-admin/work/building/pixel/src/pixel/kernels/evolution/assembly.py:994: RuntimeWarning: LOUD WARNING: kernel cache /Users/jkarpie-admin/work/building/pixel_closure/closure_JAM_truth_small/data/_kernel_cache/exp/nmc_p_f2__F2_singlet__evolution__evolution_q2_25.56.npz could not be reused (kernel source fingerprint mismatch); recomputing and overwriting it.
  matrix, convergence = cached_arrays(
/Users/jkarpie-admin/work/building/pixel/src/pixel/kernels/evolution/assembly.py:994: RuntimeWarning: LOUD WARNING: kernel cache /Users/jkarpie-admin/work/building/pixel_closure/closure_JAM_truth_small/data/_kernel_cache/exp/nmc_p_f2__F2_singlet__evolution__evolution_q2_26.49.npz could not be reused (kernel source fingerprint mismatch); recomputing and overwriting it.
  matrix, convergence = cached_arrays(
/Users/jkarpie-admin/work/building/pixel/src/pixel/kernels/evolution/assembly.py:994: RuntimeWarning: LOUD WARNING: kernel cache /Users/jkarpie-admin/work/building/pixel_closure/closure_JAM_truth_small/data/_kernel_cache/exp/nmc_p_f2__F2_singlet__evolution__evolution_q2_62.34.npz could not be reused (kernel source fingerprint mismatch); recomputing and overwriting it.
  matrix, convergence = cached_arrays(
/Users/jkarpie-admin/work/building/pixel/src/pixel/kernels/_cache.py:1504: RuntimeWarning: LOUD WARNING: kernel cache /Users/jkarpie-admin/work/building/pixel_closure/closure_JAM_truth_small/data/_kernel_cache/exp/nmc_p_f2__F2_gluon.npz could not be reused (kernel source fingerprint mismatch); recomputing and overwriting it.
  (matrix,) = cached_arrays(
/Users/jkarpie-admin/work/building/pixel/src/pixel/kernels/evolution/matrices.py:1200: RuntimeWarning: LOUD WARNING: kernel cache /Users/jkarpie-admin/work/building/pixel_closure/closure_JAM_truth_small/data/_kernel_cache/exp/nmc_p_f2__F2_gluon__evolution.npz could not be reused (kernel source fingerprint mismatch); recomputing and overwriting it.
  (matrix,) = cached_arrays(
/Users/jkarpie-admin/work/building/pixel/src/pixel/kernels/evolution/assembly.py:994: RuntimeWarning: LOUD WARNING: kernel cache /Users/jkarpie-admin/work/building/pixel_closure/closure_JAM_truth_small/data/_kernel_cache/exp/nmc_p_f2__F2_gluon__evolution__evolution_q2_1.71.npz could not be reused (kernel source fingerprint mismatch); recomputing and overwriting it.
  matrix, convergence = cached_arrays(
/Users/jkarpie-admin/work/building/pixel/src/pixel/kernels/evolution/assembly.py:994: RuntimeWarning: LOUD WARNING: kernel cache /Users/jkarpie-admin/work/building/pixel_closure/closure_JAM_truth_small/data/_kernel_cache/exp/nmc_p_f2__F2_gluon__evolution__evolution_q2_1.75.npz could not be reused (kernel source fingerprint mismatch); recomputing and overwriting it.
  matrix, convergence = cached_arrays(
/Users/jkarpie-admin/work/building/pixel/src/pixel/kernels/evolution/assembly.py:994: RuntimeWarning: LOUD WARNING: kernel cache /Users/jkarpie-admin/work/building/pixel_closure/closure_JAM_truth_small/data/_kernel_cache/exp/nmc_p_f2__F2_gluon__evolution__evolution_q2_1.76.npz could not be reused (kernel source fingerprint mismatch); recomputing and overwriting it.
  matrix, convergence = cached_arrays(
/Users/jkarpie-admin/work/building/pixel/src/pixel/kernels/evolution/assembly.py:994: RuntimeWarning: LOUD WARNING: kernel cache /Users/jkarpie-admin/work/building/pixel_closure/closure_JAM_truth_small/data/_kernel_cache/exp/nmc_p_f2__F2_gluon__evolution__evolution_q2_2.51.npz could not be reused (kernel source fingerprint mismatch); recomputing and overwriting it.
  matrix, convergence = cached_arrays(
/Users/jkarpie-admin/work/building/pixel/src/pixel/kernels/evolution/assembly.py:994: RuntimeWarning: LOUD WARNING: kernel cache /Users/jkarpie-admin/work/building/pixel_closure/closure_JAM_truth_small/data/_kernel_cache/exp/nmc_p_f2__F2_gluon__evolution__evolution_q2_2.59.npz could not be reused (kernel source fingerprint mismatch); recomputing and overwriting it.
  matrix, convergence = cached_arrays(
/Users/jkarpie-admin/work/building/pixel/src/pixel/kernels/evolution/assembly.py:994: RuntimeWarning: LOUD WARNING: kernel cache /Users/jkarpie-admin/work/building/pixel_closure/closure_JAM_truth_small/data/_kernel_cache/exp/nmc_p_f2__F2_gluon__evolution__evolution_q2_3.62.npz could not be reused (kernel source fingerprint mismatch); recomputing and overwriting it.
  matrix, convergence = cached_arrays(
/Users/jkarpie-admin/work/building/pixel/src/pixel/kernels/evolution/assembly.py:994: RuntimeWarning: LOUD WARNING: kernel cache /Users/jkarpie-admin/work/building/pixel_closure/closure_JAM_truth_small/data/_kernel_cache/exp/nmc_p_f2__F2_gluon__evolution__evolution_q2_6.81.npz could not be reused (kernel source fingerprint mismatch); recomputing and overwriting it.
  matrix, convergence = cached_arrays(
/Users/jkarpie-admin/work/building/pixel/src/pixel/kernels/evolution/assembly.py:994: RuntimeWarning: LOUD WARNING: kernel cache /Users/jkarpie-admin/work/building/pixel_closure/closure_JAM_truth_small/data/_kernel_cache/exp/nmc_p_f2__F2_gluon__evolution__evolution_q2_6.97.npz could not be reused (kernel source fingerprint mismatch); recomputing and overwriting it.
  matrix, convergence = cached_arrays(
/Users/jkarpie-admin/work/building/pixel/src/pixel/kernels/evolution/assembly.py:994: RuntimeWarning: LOUD WARNING: kernel cache /Users/jkarpie-admin/work/building/pixel_closure/closure_JAM_truth_small/data/_kernel_cache/exp/nmc_p_f2__F2_gluon__evolution__evolution_q2_7.15.npz could not be reused (kernel source fingerprint mismatch); recomputing and overwriting it.
  matrix, convergence = cached_arrays(
/Users/jkarpie-admin/work/building/pixel/src/pixel/kernels/evolution/assembly.py:994: RuntimeWarning: LOUD WARNING: kernel cache /Users/jkarpie-admin/work/building/pixel_closure/closure_JAM_truth_small/data/_kernel_cache/exp/nmc_p_f2__F2_gluon__evolution__evolution_q2_8.5.npz could not be reused (kernel source fingerprint mismatch); recomputing and overwriting it.
  matrix, convergence = cached_arrays(
/Users/jkarpie-admin/work/building/pixel/src/pixel/kernels/evolution/assembly.py:994: RuntimeWarning: LOUD WARNING: kernel cache /Users/jkarpie-admin/work/building/pixel_closure/closure_JAM_truth_small/data/_kernel_cache/exp/nmc_p_f2__F2_gluon__evolution__evolution_q2_8.99.npz could not be reused (kernel source fingerprint mismatch); recomputing and overwriting it.
  matrix, convergence = cached_arrays(
/Users/jkarpie-admin/work/building/pixel/src/pixel/kernels/evolution/assembly.py:994: RuntimeWarning: LOUD WARNING: kernel cache /Users/jkarpie-admin/work/building/pixel_closure/closure_JAM_truth_small/data/_kernel_cache/exp/nmc_p_f2__F2_gluon__evolution__evolution_q2_11.24.npz could not be reused (kernel source fingerprint mismatch); recomputing and overwriting it.
  matrix, convergence = cached_arrays(
/Users/jkarpie-admin/work/building/pixel/src/pixel/kernels/evolution/assembly.py:994: RuntimeWarning: LOUD WARNING: kernel cache /Users/jkarpie-admin/work/building/pixel_closure/closure_JAM_truth_small/data/_kernel_cache/exp/nmc_p_f2__F2_gluon__evolution__evolution_q2_19.65.npz could not be reused (kernel source fingerprint mismatch); recomputing and overwriting it.
  matrix, convergence = cached_arrays(
/Users/jkarpie-admin/work/building/pixel/src/pixel/kernels/evolution/assembly.py:994: RuntimeWarning: LOUD WARNING: kernel cache /Users/jkarpie-admin/work/building/pixel_closure/closure_JAM_truth_small/data/_kernel_cache/exp/nmc_p_f2__F2_gluon__evolution__evolution_q2_25.56.npz could not be reused (kernel source fingerprint mismatch); recomputing and overwriting it.
  matrix, convergence = cached_arrays(
/Users/jkarpie-admin/work/building/pixel/src/pixel/kernels/evolution/assembly.py:994: RuntimeWarning: LOUD WARNING: kernel cache /Users/jkarpie-admin/work/building/pixel_closure/closure_JAM_truth_small/data/_kernel_cache/exp/nmc_p_f2__F2_gluon__evolution__evolution_q2_26.49.npz could not be reused (kernel source fingerprint mismatch); recomputing and overwriting it.
  matrix, convergence = cached_arrays(
/Users/jkarpie-admin/work/building/pixel/src/pixel/kernels/evolution/assembly.py:994: RuntimeWarning: LOUD WARNING: kernel cache /Users/jkarpie-admin/work/building/pixel_closure/closure_JAM_truth_small/data/_kernel_cache/exp/nmc_p_f2__F2_gluon__evolution__evolution_q2_62.34.npz could not be reused (kernel source fingerprint mismatch); recomputing and overwriting it.
  matrix, convergence = cached_arrays(
/Users/jkarpie-admin/work/building/pixel/src/pixel/kernels/_cache.py:1504: RuntimeWarning: LOUD WARNING: kernel cache /Users/jkarpie-admin/work/building/pixel_closure/closure_JAM_truth_small/data/_kernel_cache/exp/slac_d_f2__F2_u_plus_d_minus_2s.npz could not be reused (kernel source fingerprint mismatch); recomputing and overwriting it.
  (matrix,) = cached_arrays(
/Users/jkarpie-admin/work/building/pixel/src/pixel/kernels/evolution/matrices.py:860: RuntimeWarning: LOUD WARNING: kernel cache /Users/jkarpie-admin/work/building/pixel_closure/closure_JAM_truth_small/data/_kernel_cache/exp/slac_d_f2__F2_u_plus_d_minus_2s__evolution.npz could not be reused (kernel source fingerprint mismatch); recomputing and overwriting it.
  (matrix,) = cached_arrays(
/Users/jkarpie-admin/work/building/pixel/src/pixel/kernels/evolution/assembly.py:751: RuntimeWarning: LOUD WARNING: kernel cache /Users/jkarpie-admin/work/building/pixel_closure/closure_JAM_truth_small/data/_kernel_cache/exp/slac_d_f2__F2_u_plus_d_minus_2s__evolution__evolution_q2_1.66.npz could not be reused (kernel source fingerprint mismatch); recomputing and overwriting it.
  matrix, convergence = cached_arrays(
/Users/jkarpie-admin/work/building/pixel/src/pixel/kernels/evolution/assembly.py:751: RuntimeWarning: LOUD WARNING: kernel cache /Users/jkarpie-admin/work/building/pixel_closure/closure_JAM_truth_small/data/_kernel_cache/exp/slac_d_f2__F2_u_plus_d_minus_2s__evolution__evolution_q2_2.14.npz could not be reused (kernel source fingerprint mismatch); recomputing and overwriting it.
  matrix, convergence = cached_arrays(
/Users/jkarpie-admin/work/building/pixel/src/pixel/kernels/evolution/assembly.py:751: RuntimeWarning: LOUD WARNING: kernel cache /Users/jkarpie-admin/work/building/pixel_closure/closure_JAM_truth_small/data/_kernel_cache/exp/slac_d_f2__F2_u_plus_d_minus_2s__evolution__evolution_q2_2.36.npz could not be reused (kernel source fingerprint mismatch); recomputing and overwriting it.
  matrix, convergence = cached_arrays(
/Users/jkarpie-admin/work/building/pixel/src/pixel/kernels/evolution/assembly.py:751: RuntimeWarning: LOUD WARNING: kernel cache /Users/jkarpie-admin/work/building/pixel_closure/closure_JAM_truth_small/data/_kernel_cache/exp/slac_d_f2__F2_u_plus_d_minus_2s__evolution__evolution_q2_2.51.npz could not be reused (kernel source fingerprint mismatch); recomputing and overwriting it.
  matrix, convergence = cached_arrays(
/Users/jkarpie-admin/work/building/pixel/src/pixel/kernels/evolution/assembly.py:751: RuntimeWarning: LOUD WARNING: kernel cache /Users/jkarpie-admin/work/building/pixel_closure/closure_JAM_truth_small/data/_kernel_cache/exp/slac_d_f2__F2_u_plus_d_minus_2s__evolution__evolution_q2_3.36.npz could not be reused (kernel source fingerprint mismatch); recomputing and overwriting it.
  matrix, convergence = cached_arrays(
/Users/jkarpie-admin/work/building/pixel/src/pixel/kernels/evolution/assembly.py:751: RuntimeWarning: LOUD WARNING: kernel cache /Users/jkarpie-admin/work/building/pixel_closure/closure_JAM_truth_small/data/_kernel_cache/exp/slac_d_f2__F2_u_plus_d_minus_2s__evolution__evolution_q2_3.62.npz could not be reused (kernel source fingerprint mismatch); recomputing and overwriting it.
  matrix, convergence = cached_arrays(
/Users/jkarpie-admin/work/building/pixel/src/pixel/kernels/evolution/assembly.py:751: RuntimeWarning: LOUD WARNING: kernel cache /Users/jkarpie-admin/work/building/pixel_closure/closure_JAM_truth_small/data/_kernel_cache/exp/slac_d_f2__F2_u_plus_d_minus_2s__evolution__evolution_q2_5.09.npz could not be reused (kernel source fingerprint mismatch); recomputing and overwriting it.
  matrix, convergence = cached_arrays(
/Users/jkarpie-admin/work/building/pixel/src/pixel/kernels/evolution/assembly.py:751: RuntimeWarning: LOUD WARNING: kernel cache /Users/jkarpie-admin/work/building/pixel_closure/closure_JAM_truth_small/data/_kernel_cache/exp/slac_d_f2__F2_u_plus_d_minus_2s__evolution__evolution_q2_5.14.npz could not be reused (kernel source fingerprint mismatch); recomputing and overwriting it.
  matrix, convergence = cached_arrays(
/Users/jkarpie-admin/work/building/pixel/src/pixel/kernels/evolution/assembly.py:751: RuntimeWarning: LOUD WARNING: kernel cache /Users/jkarpie-admin/work/building/pixel_closure/closure_JAM_truth_small/data/_kernel_cache/exp/slac_d_f2__F2_u_plus_d_minus_2s__evolution__evolution_q2_6.68.npz could not be reused (kernel source fingerprint mismatch); recomputing and overwriting it.
  matrix, convergence = cached_arrays(
/Users/jkarpie-admin/work/building/pixel/src/pixel/kernels/evolution/assembly.py:751: RuntimeWarning: LOUD WARNING: kernel cache /Users/jkarpie-admin/work/building/pixel_closure/closure_JAM_truth_small/data/_kernel_cache/exp/slac_d_f2__F2_u_plus_d_minus_2s__evolution__evolution_q2_7.31.npz could not be reused (kernel source fingerprint mismatch); recomputing and overwriting it.
  matrix, convergence = cached_arrays(
/Users/jkarpie-admin/work/building/pixel/src/pixel/kernels/evolution/assembly.py:751: RuntimeWarning: LOUD WARNING: kernel cache /Users/jkarpie-admin/work/building/pixel_closure/closure_JAM_truth_small/data/_kernel_cache/exp/slac_d_f2__F2_u_plus_d_minus_2s__evolution__evolution_q2_8.56.npz could not be reused (kernel source fingerprint mismatch); recomputing and overwriting it.
  matrix, convergence = cached_arrays(
/Users/jkarpie-admin/work/building/pixel/src/pixel/kernels/evolution/assembly.py:751: RuntimeWarning: LOUD WARNING: kernel cache /Users/jkarpie-admin/work/building/pixel_closure/closure_JAM_truth_small/data/_kernel_cache/exp/slac_d_f2__F2_u_plus_d_minus_2s__evolution__evolution_q2_11.39.npz could not be reused (kernel source fingerprint mismatch); recomputing and overwriting it.
  matrix, convergence = cached_arrays(
/Users/jkarpie-admin/work/building/pixel/src/pixel/kernels/evolution/assembly.py:751: RuntimeWarning: LOUD WARNING: kernel cache /Users/jkarpie-admin/work/building/pixel_closure/closure_JAM_truth_small/data/_kernel_cache/exp/slac_d_f2__F2_u_plus_d_minus_2s__evolution__evolution_q2_11.56.npz could not be reused (kernel source fingerprint mismatch); recomputing and overwriting it.
  matrix, convergence = cached_arrays(
/Users/jkarpie-admin/work/building/pixel/src/pixel/kernels/evolution/assembly.py:751: RuntimeWarning: LOUD WARNING: kernel cache /Users/jkarpie-admin/work/building/pixel_closure/closure_JAM_truth_small/data/_kernel_cache/exp/slac_d_f2__F2_u_plus_d_minus_2s__evolution__evolution_q2_13.52.npz could not be reused (kernel source fingerprint mismatch); recomputing and overwriting it.
  matrix, convergence = cached_arrays(
/Users/jkarpie-admin/work/building/pixel/src/pixel/kernels/evolution/assembly.py:751: RuntimeWarning: LOUD WARNING: kernel cache /Users/jkarpie-admin/work/building/pixel_closure/closure_JAM_truth_small/data/_kernel_cache/exp/slac_d_f2__F2_u_plus_d_minus_2s__evolution__evolution_q2_13.91.npz could not be reused (kernel source fingerprint mismatch); recomputing and overwriting it.
  matrix, convergence = cached_arrays(
/Users/jkarpie-admin/work/building/pixel/src/pixel/kernels/evolution/assembly.py:751: RuntimeWarning: LOUD WARNING: kernel cache /Users/jkarpie-admin/work/building/pixel_closure/closure_JAM_truth_small/data/_kernel_cache/exp/slac_d_f2__F2_u_plus_d_minus_2s__evolution__evolution_q2_24.84.npz could not be reused (kernel source fingerprint mismatch); recomputing and overwriting it.
  matrix, convergence = cached_arrays(
/Users/jkarpie-admin/work/building/pixel/src/pixel/kernels/_cache.py:1504: RuntimeWarning: LOUD WARNING: kernel cache /Users/jkarpie-admin/work/building/pixel_closure/closure_JAM_truth_small/data/_kernel_cache/exp/slac_d_f2__F2_u_plus_d_plus_s_minus_3c.npz could not be reused (kernel source fingerprint mismatch); recomputing and overwriting it.
  (matrix,) = cached_arrays(
/Users/jkarpie-admin/work/building/pixel/src/pixel/kernels/evolution/matrices.py:860: RuntimeWarning: LOUD WARNING: kernel cache /Users/jkarpie-admin/work/building/pixel_closure/closure_JAM_truth_small/data/_kernel_cache/exp/slac_d_f2__F2_u_plus_d_plus_s_minus_3c__evolution.npz could not be reused (kernel source fingerprint mismatch); recomputing and overwriting it.
  (matrix,) = cached_arrays(
/Users/jkarpie-admin/work/building/pixel/src/pixel/kernels/evolution/assembly.py:751: RuntimeWarning: LOUD WARNING: kernel cache /Users/jkarpie-admin/work/building/pixel_closure/closure_JAM_truth_small/data/_kernel_cache/exp/slac_d_f2__F2_u_plus_d_plus_s_minus_3c__evolution__evolution_q2_1.66.npz could not be reused (kernel source fingerprint mismatch); recomputing and overwriting it.
  matrix, convergence = cached_arrays(
/Users/jkarpie-admin/work/building/pixel/src/pixel/kernels/evolution/assembly.py:751: RuntimeWarning: LOUD WARNING: kernel cache /Users/jkarpie-admin/work/building/pixel_closure/closure_JAM_truth_small/data/_kernel_cache/exp/slac_d_f2__F2_u_plus_d_plus_s_minus_3c__evolution__evolution_q2_2.14.npz could not be reused (kernel source fingerprint mismatch); recomputing and overwriting it.
  matrix, convergence = cached_arrays(
/Users/jkarpie-admin/work/building/pixel/src/pixel/kernels/evolution/assembly.py:751: RuntimeWarning: LOUD WARNING: kernel cache /Users/jkarpie-admin/work/building/pixel_closure/closure_JAM_truth_small/data/_kernel_cache/exp/slac_d_f2__F2_u_plus_d_plus_s_minus_3c__evolution__evolution_q2_2.36.npz could not be reused (kernel source fingerprint mismatch); recomputing and overwriting it.
  matrix, convergence = cached_arrays(
/Users/jkarpie-admin/work/building/pixel/src/pixel/kernels/evolution/assembly.py:751: RuntimeWarning: LOUD WARNING: kernel cache /Users/jkarpie-admin/work/building/pixel_closure/closure_JAM_truth_small/data/_kernel_cache/exp/slac_d_f2__F2_u_plus_d_plus_s_minus_3c__evolution__evolution_q2_2.51.npz could not be reused (kernel source fingerprint mismatch); recomputing and overwriting it.
  matrix, convergence = cached_arrays(
/Users/jkarpie-admin/work/building/pixel/src/pixel/kernels/evolution/assembly.py:751: RuntimeWarning: LOUD WARNING: kernel cache /Users/jkarpie-admin/work/building/pixel_closure/closure_JAM_truth_small/data/_kernel_cache/exp/slac_d_f2__F2_u_plus_d_plus_s_minus_3c__evolution__evolution_q2_3.36.npz could not be reused (kernel source fingerprint mismatch); recomputing and overwriting it.
  matrix, convergence = cached_arrays(
/Users/jkarpie-admin/work/building/pixel/src/pixel/kernels/evolution/assembly.py:751: RuntimeWarning: LOUD WARNING: kernel cache /Users/jkarpie-admin/work/building/pixel_closure/closure_JAM_truth_small/data/_kernel_cache/exp/slac_d_f2__F2_u_plus_d_plus_s_minus_3c__evolution__evolution_q2_3.62.npz could not be reused (kernel source fingerprint mismatch); recomputing and overwriting it.
  matrix, convergence = cached_arrays(
/Users/jkarpie-admin/work/building/pixel/src/pixel/kernels/evolution/assembly.py:751: RuntimeWarning: LOUD WARNING: kernel cache /Users/jkarpie-admin/work/building/pixel_closure/closure_JAM_truth_small/data/_kernel_cache/exp/slac_d_f2__F2_u_plus_d_plus_s_minus_3c__evolution__evolution_q2_5.09.npz could not be reused (kernel source fingerprint mismatch); recomputing and overwriting it.
  matrix, convergence = cached_arrays(
/Users/jkarpie-admin/work/building/pixel/src/pixel/kernels/evolution/assembly.py:751: RuntimeWarning: LOUD WARNING: kernel cache /Users/jkarpie-admin/work/building/pixel_closure/closure_JAM_truth_small/data/_kernel_cache/exp/slac_d_f2__F2_u_plus_d_plus_s_minus_3c__evolution__evolution_q2_5.14.npz could not be reused (kernel source fingerprint mismatch); recomputing and overwriting it.
  matrix, convergence = cached_arrays(
/Users/jkarpie-admin/work/building/pixel/src/pixel/kernels/evolution/assembly.py:751: RuntimeWarning: LOUD WARNING: kernel cache /Users/jkarpie-admin/work/building/pixel_closure/closure_JAM_truth_small/data/_kernel_cache/exp/slac_d_f2__F2_u_plus_d_plus_s_minus_3c__evolution__evolution_q2_6.68.npz could not be reused (kernel source fingerprint mismatch); recomputing and overwriting it.
  matrix, convergence = cached_arrays(
/Users/jkarpie-admin/work/building/pixel/src/pixel/kernels/evolution/assembly.py:751: RuntimeWarning: LOUD WARNING: kernel cache /Users/jkarpie-admin/work/building/pixel_closure/closure_JAM_truth_small/data/_kernel_cache/exp/slac_d_f2__F2_u_plus_d_plus_s_minus_3c__evolution__evolution_q2_7.31.npz could not be reused (kernel source fingerprint mismatch); recomputing and overwriting it.
  matrix, convergence = cached_arrays(
/Users/jkarpie-admin/work/building/pixel/src/pixel/kernels/evolution/assembly.py:751: RuntimeWarning: LOUD WARNING: kernel cache /Users/jkarpie-admin/work/building/pixel_closure/closure_JAM_truth_small/data/_kernel_cache/exp/slac_d_f2__F2_u_plus_d_plus_s_minus_3c__evolution__evolution_q2_8.56.npz could not be reused (kernel source fingerprint mismatch); recomputing and overwriting it.
  matrix, convergence = cached_arrays(
/Users/jkarpie-admin/work/building/pixel/src/pixel/kernels/evolution/assembly.py:751: RuntimeWarning: LOUD WARNING: kernel cache /Users/jkarpie-admin/work/building/pixel_closure/closure_JAM_truth_small/data/_kernel_cache/exp/slac_d_f2__F2_u_plus_d_plus_s_minus_3c__evolution__evolution_q2_11.39.npz could not be reused (kernel source fingerprint mismatch); recomputing and overwriting it.
  matrix, convergence = cached_arrays(
/Users/jkarpie-admin/work/building/pixel/src/pixel/kernels/evolution/assembly.py:751: RuntimeWarning: LOUD WARNING: kernel cache /Users/jkarpie-admin/work/building/pixel_closure/closure_JAM_truth_small/data/_kernel_cache/exp/slac_d_f2__F2_u_plus_d_plus_s_minus_3c__evolution__evolution_q2_11.56.npz could not be reused (kernel source fingerprint mismatch); recomputing and overwriting it.
  matrix, convergence = cached_arrays(
/Users/jkarpie-admin/work/building/pixel/src/pixel/kernels/evolution/assembly.py:751: RuntimeWarning: LOUD WARNING: kernel cache /Users/jkarpie-admin/work/building/pixel_closure/closure_JAM_truth_small/data/_kernel_cache/exp/slac_d_f2__F2_u_plus_d_plus_s_minus_3c__evolution__evolution_q2_13.52.npz could not be reused (kernel source fingerprint mismatch); recomputing and overwriting it.
  matrix, convergence = cached_arrays(
/Users/jkarpie-admin/work/building/pixel/src/pixel/kernels/evolution/assembly.py:751: RuntimeWarning: LOUD WARNING: kernel cache /Users/jkarpie-admin/work/building/pixel_closure/closure_JAM_truth_small/data/_kernel_cache/exp/slac_d_f2__F2_u_plus_d_plus_s_minus_3c__evolution__evolution_q2_13.91.npz could not be reused (kernel source fingerprint mismatch); recomputing and overwriting it.
  matrix, convergence = cached_arrays(
/Users/jkarpie-admin/work/building/pixel/src/pixel/kernels/evolution/assembly.py:751: RuntimeWarning: LOUD WARNING: kernel cache /Users/jkarpie-admin/work/building/pixel_closure/closure_JAM_truth_small/data/_kernel_cache/exp/slac_d_f2__F2_u_plus_d_plus_s_minus_3c__evolution__evolution_q2_24.84.npz could not be reused (kernel source fingerprint mismatch); recomputing and overwriting it.
  matrix, convergence = cached_arrays(
/Users/jkarpie-admin/work/building/pixel/src/pixel/kernels/_cache.py:1504: RuntimeWarning: LOUD WARNING: kernel cache /Users/jkarpie-admin/work/building/pixel_closure/closure_JAM_truth_small/data/_kernel_cache/exp/slac_d_f2__F2_singlet.npz could not be reused (kernel source fingerprint mismatch); recomputing and overwriting it.
  (matrix,) = cached_arrays(
/Users/jkarpie-admin/work/building/pixel/src/pixel/kernels/evolution/matrices.py:1200: RuntimeWarning: LOUD WARNING: kernel cache /Users/jkarpie-admin/work/building/pixel_closure/closure_JAM_truth_small/data/_kernel_cache/exp/slac_d_f2__F2_singlet__evolution.npz could not be reused (kernel source fingerprint mismatch); recomputing and overwriting it.
  (matrix,) = cached_arrays(
/Users/jkarpie-admin/work/building/pixel/src/pixel/kernels/evolution/assembly.py:994: RuntimeWarning: LOUD WARNING: kernel cache /Users/jkarpie-admin/work/building/pixel_closure/closure_JAM_truth_small/data/_kernel_cache/exp/slac_d_f2__F2_singlet__evolution__evolution_q2_1.66.npz could not be reused (kernel source fingerprint mismatch); recomputing and overwriting it.
  matrix, convergence = cached_arrays(
/Users/jkarpie-admin/work/building/pixel/src/pixel/kernels/evolution/assembly.py:994: RuntimeWarning: LOUD WARNING: kernel cache /Users/jkarpie-admin/work/building/pixel_closure/closure_JAM_truth_small/data/_kernel_cache/exp/slac_d_f2__F2_singlet__evolution__evolution_q2_2.14.npz could not be reused (kernel source fingerprint mismatch); recomputing and overwriting it.
  matrix, convergence = cached_arrays(
/Users/jkarpie-admin/work/building/pixel/src/pixel/kernels/evolution/assembly.py:994: RuntimeWarning: LOUD WARNING: kernel cache /Users/jkarpie-admin/work/building/pixel_closure/closure_JAM_truth_small/data/_kernel_cache/exp/slac_d_f2__F2_singlet__evolution__evolution_q2_2.36.npz could not be reused (kernel source fingerprint mismatch); recomputing and overwriting it.
  matrix, convergence = cached_arrays(
/Users/jkarpie-admin/work/building/pixel/src/pixel/kernels/evolution/assembly.py:994: RuntimeWarning: LOUD WARNING: kernel cache /Users/jkarpie-admin/work/building/pixel_closure/closure_JAM_truth_small/data/_kernel_cache/exp/slac_d_f2__F2_singlet__evolution__evolution_q2_2.51.npz could not be reused (kernel source fingerprint mismatch); recomputing and overwriting it.
  matrix, convergence = cached_arrays(
/Users/jkarpie-admin/work/building/pixel/src/pixel/kernels/evolution/assembly.py:994: RuntimeWarning: LOUD WARNING: kernel cache /Users/jkarpie-admin/work/building/pixel_closure/closure_JAM_truth_small/data/_kernel_cache/exp/slac_d_f2__F2_singlet__evolution__evolution_q2_3.36.npz could not be reused (kernel source fingerprint mismatch); recomputing and overwriting it.
  matrix, convergence = cached_arrays(
/Users/jkarpie-admin/work/building/pixel/src/pixel/kernels/evolution/assembly.py:994: RuntimeWarning: LOUD WARNING: kernel cache /Users/jkarpie-admin/work/building/pixel_closure/closure_JAM_truth_small/data/_kernel_cache/exp/slac_d_f2__F2_singlet__evolution__evolution_q2_3.62.npz could not be reused (kernel source fingerprint mismatch); recomputing and overwriting it.
  matrix, convergence = cached_arrays(
/Users/jkarpie-admin/work/building/pixel/src/pixel/kernels/evolution/assembly.py:994: RuntimeWarning: LOUD WARNING: kernel cache /Users/jkarpie-admin/work/building/pixel_closure/closure_JAM_truth_small/data/_kernel_cache/exp/slac_d_f2__F2_singlet__evolution__evolution_q2_5.09.npz could not be reused (kernel source fingerprint mismatch); recomputing and overwriting it.
  matrix, convergence = cached_arrays(
/Users/jkarpie-admin/work/building/pixel/src/pixel/kernels/evolution/assembly.py:994: RuntimeWarning: LOUD WARNING: kernel cache /Users/jkarpie-admin/work/building/pixel_closure/closure_JAM_truth_small/data/_kernel_cache/exp/slac_d_f2__F2_singlet__evolution__evolution_q2_5.14.npz could not be reused (kernel source fingerprint mismatch); recomputing and overwriting it.
  matrix, convergence = cached_arrays(
/Users/jkarpie-admin/work/building/pixel/src/pixel/kernels/evolution/assembly.py:994: RuntimeWarning: LOUD WARNING: kernel cache /Users/jkarpie-admin/work/building/pixel_closure/closure_JAM_truth_small/data/_kernel_cache/exp/slac_d_f2__F2_singlet__evolution__evolution_q2_6.68.npz could not be reused (kernel source fingerprint mismatch); recomputing and overwriting it.
  matrix, convergence = cached_arrays(
/Users/jkarpie-admin/work/building/pixel/src/pixel/kernels/evolution/assembly.py:994: RuntimeWarning: LOUD WARNING: kernel cache /Users/jkarpie-admin/work/building/pixel_closure/closure_JAM_truth_small/data/_kernel_cache/exp/slac_d_f2__F2_singlet__evolution__evolution_q2_7.31.npz could not be reused (kernel source fingerprint mismatch); recomputing and overwriting it.
  matrix, convergence = cached_arrays(
/Users/jkarpie-admin/work/building/pixel/src/pixel/kernels/evolution/assembly.py:994: RuntimeWarning: LOUD WARNING: kernel cache /Users/jkarpie-admin/work/building/pixel_closure/closure_JAM_truth_small/data/_kernel_cache/exp/slac_d_f2__F2_singlet__evolution__evolution_q2_8.56.npz could not be reused (kernel source fingerprint mismatch); recomputing and overwriting it.
  matrix, convergence = cached_arrays(
/Users/jkarpie-admin/work/building/pixel/src/pixel/kernels/evolution/assembly.py:994: RuntimeWarning: LOUD WARNING: kernel cache /Users/jkarpie-admin/work/building/pixel_closure/closure_JAM_truth_small/data/_kernel_cache/exp/slac_d_f2__F2_singlet__evolution__evolution_q2_11.39.npz could not be reused (kernel source fingerprint mismatch); recomputing and overwriting it.
  matrix, convergence = cached_arrays(
/Users/jkarpie-admin/work/building/pixel/src/pixel/kernels/evolution/assembly.py:994: RuntimeWarning: LOUD WARNING: kernel cache /Users/jkarpie-admin/work/building/pixel_closure/closure_JAM_truth_small/data/_kernel_cache/exp/slac_d_f2__F2_singlet__evolution__evolution_q2_11.56.npz could not be reused (kernel source fingerprint mismatch); recomputing and overwriting it.
  matrix, convergence = cached_arrays(
/Users/jkarpie-admin/work/building/pixel/src/pixel/kernels/evolution/assembly.py:994: RuntimeWarning: LOUD WARNING: kernel cache /Users/jkarpie-admin/work/building/pixel_closure/closure_JAM_truth_small/data/_kernel_cache/exp/slac_d_f2__F2_singlet__evolution__evolution_q2_13.52.npz could not be reused (kernel source fingerprint mismatch); recomputing and overwriting it.
  matrix, convergence = cached_arrays(
/Users/jkarpie-admin/work/building/pixel/src/pixel/kernels/evolution/assembly.py:994: RuntimeWarning: LOUD WARNING: kernel cache /Users/jkarpie-admin/work/building/pixel_closure/closure_JAM_truth_small/data/_kernel_cache/exp/slac_d_f2__F2_singlet__evolution__evolution_q2_13.91.npz could not be reused (kernel source fingerprint mismatch); recomputing and overwriting it.
  matrix, convergence = cached_arrays(
/Users/jkarpie-admin/work/building/pixel/src/pixel/kernels/evolution/assembly.py:994: RuntimeWarning: LOUD WARNING: kernel cache /Users/jkarpie-admin/work/building/pixel_closure/closure_JAM_truth_small/data/_kernel_cache/exp/slac_d_f2__F2_singlet__evolution__evolution_q2_24.84.npz could not be reused (kernel source fingerprint mismatch); recomputing and overwriting it.
  matrix, convergence = cached_arrays(
/Users/jkarpie-admin/work/building/pixel/src/pixel/kernels/_cache.py:1504: RuntimeWarning: LOUD WARNING: kernel cache /Users/jkarpie-admin/work/building/pixel_closure/closure_JAM_truth_small/data/_kernel_cache/exp/slac_d_f2__F2_gluon.npz could not be reused (kernel source fingerprint mismatch); recomputing and overwriting it.
  (matrix,) = cached_arrays(
/Users/jkarpie-admin/work/building/pixel/src/pixel/kernels/evolution/matrices.py:1200: RuntimeWarning: LOUD WARNING: kernel cache /Users/jkarpie-admin/work/building/pixel_closure/closure_JAM_truth_small/data/_kernel_cache/exp/slac_d_f2__F2_gluon__evolution.npz could not be reused (kernel source fingerprint mismatch); recomputing and overwriting it.
  (matrix,) = cached_arrays(
/Users/jkarpie-admin/work/building/pixel/src/pixel/kernels/evolution/assembly.py:994: RuntimeWarning: LOUD WARNING: kernel cache /Users/jkarpie-admin/work/building/pixel_closure/closure_JAM_truth_small/data/_kernel_cache/exp/slac_d_f2__F2_gluon__evolution__evolution_q2_1.66.npz could not be reused (kernel source fingerprint mismatch); recomputing and overwriting it.
  matrix, convergence = cached_arrays(
/Users/jkarpie-admin/work/building/pixel/src/pixel/kernels/evolution/assembly.py:994: RuntimeWarning: LOUD WARNING: kernel cache /Users/jkarpie-admin/work/building/pixel_closure/closure_JAM_truth_small/data/_kernel_cache/exp/slac_d_f2__F2_gluon__evolution__evolution_q2_2.14.npz could not be reused (kernel source fingerprint mismatch); recomputing and overwriting it.
  matrix, convergence = cached_arrays(
/Users/jkarpie-admin/work/building/pixel/src/pixel/kernels/evolution/assembly.py:994: RuntimeWarning: LOUD WARNING: kernel cache /Users/jkarpie-admin/work/building/pixel_closure/closure_JAM_truth_small/data/_kernel_cache/exp/slac_d_f2__F2_gluon__evolution__evolution_q2_2.36.npz could not be reused (kernel source fingerprint mismatch); recomputing and overwriting it.
  matrix, convergence = cached_arrays(
/Users/jkarpie-admin/work/building/pixel/src/pixel/kernels/evolution/assembly.py:994: RuntimeWarning: LOUD WARNING: kernel cache /Users/jkarpie-admin/work/building/pixel_closure/closure_JAM_truth_small/data/_kernel_cache/exp/slac_d_f2__F2_gluon__evolution__evolution_q2_2.51.npz could not be reused (kernel source fingerprint mismatch); recomputing and overwriting it.
  matrix, convergence = cached_arrays(
/Users/jkarpie-admin/work/building/pixel/src/pixel/kernels/evolution/assembly.py:994: RuntimeWarning: LOUD WARNING: kernel cache /Users/jkarpie-admin/work/building/pixel_closure/closure_JAM_truth_small/data/_kernel_cache/exp/slac_d_f2__F2_gluon__evolution__evolution_q2_3.36.npz could not be reused (kernel source fingerprint mismatch); recomputing and overwriting it.
  matrix, convergence = cached_arrays(
/Users/jkarpie-admin/work/building/pixel/src/pixel/kernels/evolution/assembly.py:994: RuntimeWarning: LOUD WARNING: kernel cache /Users/jkarpie-admin/work/building/pixel_closure/closure_JAM_truth_small/data/_kernel_cache/exp/slac_d_f2__F2_gluon__evolution__evolution_q2_3.62.npz could not be reused (kernel source fingerprint mismatch); recomputing and overwriting it.
  matrix, convergence = cached_arrays(
/Users/jkarpie-admin/work/building/pixel/src/pixel/kernels/evolution/assembly.py:994: RuntimeWarning: LOUD WARNING: kernel cache /Users/jkarpie-admin/work/building/pixel_closure/closure_JAM_truth_small/data/_kernel_cache/exp/slac_d_f2__F2_gluon__evolution__evolution_q2_5.09.npz could not be reused (kernel source fingerprint mismatch); recomputing and overwriting it.
  matrix, convergence = cached_arrays(
/Users/jkarpie-admin/work/building/pixel/src/pixel/kernels/evolution/assembly.py:994: RuntimeWarning: LOUD WARNING: kernel cache /Users/jkarpie-admin/work/building/pixel_closure/closure_JAM_truth_small/data/_kernel_cache/exp/slac_d_f2__F2_gluon__evolution__evolution_q2_5.14.npz could not be reused (kernel source fingerprint mismatch); recomputing and overwriting it.
  matrix, convergence = cached_arrays(
/Users/jkarpie-admin/work/building/pixel/src/pixel/kernels/evolution/assembly.py:994: RuntimeWarning: LOUD WARNING: kernel cache /Users/jkarpie-admin/work/building/pixel_closure/closure_JAM_truth_small/data/_kernel_cache/exp/slac_d_f2__F2_gluon__evolution__evolution_q2_6.68.npz could not be reused (kernel source fingerprint mismatch); recomputing and overwriting it.
  matrix, convergence = cached_arrays(
/Users/jkarpie-admin/work/building/pixel/src/pixel/kernels/evolution/assembly.py:994: RuntimeWarning: LOUD WARNING: kernel cache /Users/jkarpie-admin/work/building/pixel_closure/closure_JAM_truth_small/data/_kernel_cache/exp/slac_d_f2__F2_gluon__evolution__evolution_q2_7.31.npz could not be reused (kernel source fingerprint mismatch); recomputing and overwriting it.
  matrix, convergence = cached_arrays(
/Users/jkarpie-admin/work/building/pixel/src/pixel/kernels/evolution/assembly.py:994: RuntimeWarning: LOUD WARNING: kernel cache /Users/jkarpie-admin/work/building/pixel_closure/closure_JAM_truth_small/data/_kernel_cache/exp/slac_d_f2__F2_gluon__evolution__evolution_q2_8.56.npz could not be reused (kernel source fingerprint mismatch); recomputing and overwriting it.
  matrix, convergence = cached_arrays(
/Users/jkarpie-admin/work/building/pixel/src/pixel/kernels/evolution/assembly.py:994: RuntimeWarning: LOUD WARNING: kernel cache /Users/jkarpie-admin/work/building/pixel_closure/closure_JAM_truth_small/data/_kernel_cache/exp/slac_d_f2__F2_gluon__evolution__evolution_q2_11.39.npz could not be reused (kernel source fingerprint mismatch); recomputing and overwriting it.
  matrix, convergence = cached_arrays(
/Users/jkarpie-admin/work/building/pixel/src/pixel/kernels/evolution/assembly.py:994: RuntimeWarning: LOUD WARNING: kernel cache /Users/jkarpie-admin/work/building/pixel_closure/closure_JAM_truth_small/data/_kernel_cache/exp/slac_d_f2__F2_gluon__evolution__evolution_q2_11.56.npz could not be reused (kernel source fingerprint mismatch); recomputing and overwriting it.
  matrix, convergence = cached_arrays(
/Users/jkarpie-admin/work/building/pixel/src/pixel/kernels/evolution/assembly.py:994: RuntimeWarning: LOUD WARNING: kernel cache /Users/jkarpie-admin/work/building/pixel_closure/closure_JAM_truth_small/data/_kernel_cache/exp/slac_d_f2__F2_gluon__evolution__evolution_q2_13.52.npz could not be reused (kernel source fingerprint mismatch); recomputing and overwriting it.
  matrix, convergence = cached_arrays(
/Users/jkarpie-admin/work/building/pixel/src/pixel/kernels/evolution/assembly.py:994: RuntimeWarning: LOUD WARNING: kernel cache /Users/jkarpie-admin/work/building/pixel_closure/closure_JAM_truth_small/data/_kernel_cache/exp/slac_d_f2__F2_gluon__evolution__evolution_q2_13.91.npz could not be reused (kernel source fingerprint mismatch); recomputing and overwriting it.
  matrix, convergence = cached_arrays(
/Users/jkarpie-admin/work/building/pixel/src/pixel/kernels/evolution/assembly.py:994: RuntimeWarning: LOUD WARNING: kernel cache /Users/jkarpie-admin/work/building/pixel_closure/closure_JAM_truth_small/data/_kernel_cache/exp/slac_d_f2__F2_gluon__evolution__evolution_q2_24.84.npz could not be reused (kernel source fingerprint mismatch); recomputing and overwriting it.
  matrix, convergence = cached_arrays(
/Users/jkarpie-admin/work/building/pixel/src/pixel/kernels/_cache.py:1504: RuntimeWarning: LOUD WARNING: kernel cache /Users/jkarpie-admin/work/building/pixel_closure/closure_JAM_truth_small/data/_kernel_cache/exp/bcdms_d_f2__F2_u_plus_d_minus_2s.npz could not be reused (kernel source fingerprint mismatch); recomputing and overwriting it.
  (matrix,) = cached_arrays(
/Users/jkarpie-admin/work/building/pixel/src/pixel/kernels/evolution/matrices.py:860: RuntimeWarning: LOUD WARNING: kernel cache /Users/jkarpie-admin/work/building/pixel_closure/closure_JAM_truth_small/data/_kernel_cache/exp/bcdms_d_f2__F2_u_plus_d_minus_2s__evolution.npz could not be reused (kernel source fingerprint mismatch); recomputing and overwriting it.
  (matrix,) = cached_arrays(
/Users/jkarpie-admin/work/building/pixel/src/pixel/kernels/evolution/assembly.py:751: RuntimeWarning: LOUD WARNING: kernel cache /Users/jkarpie-admin/work/building/pixel_closure/closure_JAM_truth_small/data/_kernel_cache/exp/bcdms_d_f2__F2_u_plus_d_minus_2s__evolution__evolution_q2_8.75.npz could not be reused (kernel source fingerprint mismatch); recomputing and overwriting it.
  matrix, convergence = cached_arrays(
/Users/jkarpie-admin/work/building/pixel/src/pixel/kernels/evolution/assembly.py:751: RuntimeWarning: LOUD WARNING: kernel cache /Users/jkarpie-admin/work/building/pixel_closure/closure_JAM_truth_small/data/_kernel_cache/exp/bcdms_d_f2__F2_u_plus_d_minus_2s__evolution__evolution_q2_11.75.npz could not be reused (kernel source fingerprint mismatch); recomputing and overwriting it.
  matrix, convergence = cached_arrays(
/Users/jkarpie-admin/work/building/pixel/src/pixel/kernels/evolution/assembly.py:751: RuntimeWarning: LOUD WARNING: kernel cache /Users/jkarpie-admin/work/building/pixel_closure/closure_JAM_truth_small/data/_kernel_cache/exp/bcdms_d_f2__F2_u_plus_d_minus_2s__evolution__evolution_q2_13.25.npz could not be reused (kernel source fingerprint mismatch); recomputing and overwriting it.
  matrix, convergence = cached_arrays(
/Users/jkarpie-admin/work/building/pixel/src/pixel/kernels/evolution/assembly.py:751: RuntimeWarning: LOUD WARNING: kernel cache /Users/jkarpie-admin/work/building/pixel_closure/closure_JAM_truth_small/data/_kernel_cache/exp/bcdms_d_f2__F2_u_plus_d_minus_2s__evolution__evolution_q2_15.npz could not be reused (kernel source fingerprint mismatch); recomputing and overwriting it.
  matrix, convergence = cached_arrays(
/Users/jkarpie-admin/work/building/pixel/src/pixel/kernels/evolution/assembly.py:751: RuntimeWarning: LOUD WARNING: kernel cache /Users/jkarpie-admin/work/building/pixel_closure/closure_JAM_truth_small/data/_kernel_cache/exp/bcdms_d_f2__F2_u_plus_d_minus_2s__evolution__evolution_q2_19.npz could not be reused (kernel source fingerprint mismatch); recomputing and overwriting it.
  matrix, convergence = cached_arrays(
/Users/jkarpie-admin/work/building/pixel/src/pixel/kernels/evolution/assembly.py:751: RuntimeWarning: LOUD WARNING: kernel cache /Users/jkarpie-admin/work/building/pixel_closure/closure_JAM_truth_small/data/_kernel_cache/exp/bcdms_d_f2__F2_u_plus_d_minus_2s__evolution__evolution_q2_24.5.npz could not be reused (kernel source fingerprint mismatch); recomputing and overwriting it.
  matrix, convergence = cached_arrays(
/Users/jkarpie-admin/work/building/pixel/src/pixel/kernels/evolution/assembly.py:751: RuntimeWarning: LOUD WARNING: kernel cache /Users/jkarpie-admin/work/building/pixel_closure/closure_JAM_truth_small/data/_kernel_cache/exp/bcdms_d_f2__F2_u_plus_d_minus_2s__evolution__evolution_q2_37.5.npz could not be reused (kernel source fingerprint mismatch); recomputing and overwriting it.
  matrix, convergence = cached_arrays(
/Users/jkarpie-admin/work/building/pixel/src/pixel/kernels/evolution/assembly.py:751: RuntimeWarning: LOUD WARNING: kernel cache /Users/jkarpie-admin/work/building/pixel_closure/closure_JAM_truth_small/data/_kernel_cache/exp/bcdms_d_f2__F2_u_plus_d_minus_2s__evolution__evolution_q2_43.npz could not be reused (kernel source fingerprint mismatch); recomputing and overwriting it.
  matrix, convergence = cached_arrays(
/Users/jkarpie-admin/work/building/pixel/src/pixel/kernels/evolution/assembly.py:751: RuntimeWarning: LOUD WARNING: kernel cache /Users/jkarpie-admin/work/building/pixel_closure/closure_JAM_truth_small/data/_kernel_cache/exp/bcdms_d_f2__F2_u_plus_d_minus_2s__evolution__evolution_q2_49.5.npz could not be reused (kernel source fingerprint mismatch); recomputing and overwriting it.
  matrix, convergence = cached_arrays(
/Users/jkarpie-admin/work/building/pixel/src/pixel/kernels/evolution/assembly.py:751: RuntimeWarning: LOUD WARNING: kernel cache /Users/jkarpie-admin/work/building/pixel_closure/closure_JAM_truth_small/data/_kernel_cache/exp/bcdms_d_f2__F2_u_plus_d_minus_2s__evolution__evolution_q2_57.npz could not be reused (kernel source fingerprint mismatch); recomputing and overwriting it.
  matrix, convergence = cached_arrays(
/Users/jkarpie-admin/work/building/pixel/src/pixel/kernels/evolution/assembly.py:751: RuntimeWarning: LOUD WARNING: kernel cache /Users/jkarpie-admin/work/building/pixel_closure/closure_JAM_truth_small/data/_kernel_cache/exp/bcdms_d_f2__F2_u_plus_d_minus_2s__evolution__evolution_q2_65.5.npz could not be reused (kernel source fingerprint mismatch); recomputing and overwriting it.
  matrix, convergence = cached_arrays(
/Users/jkarpie-admin/work/building/pixel/src/pixel/kernels/evolution/assembly.py:751: RuntimeWarning: LOUD WARNING: kernel cache /Users/jkarpie-admin/work/building/pixel_closure/closure_JAM_truth_small/data/_kernel_cache/exp/bcdms_d_f2__F2_u_plus_d_minus_2s__evolution__evolution_q2_115.5.npz could not be reused (kernel source fingerprint mismatch); recomputing and overwriting it.
  matrix, convergence = cached_arrays(
/Users/jkarpie-admin/work/building/pixel/src/pixel/kernels/evolution/assembly.py:751: RuntimeWarning: LOUD WARNING: kernel cache /Users/jkarpie-admin/work/building/pixel_closure/closure_JAM_truth_small/data/_kernel_cache/exp/bcdms_d_f2__F2_u_plus_d_minus_2s__evolution__evolution_q2_175.npz could not be reused (kernel source fingerprint mismatch); recomputing and overwriting it.
  matrix, convergence = cached_arrays(
/Users/jkarpie-admin/work/building/pixel/src/pixel/kernels/evolution/assembly.py:751: RuntimeWarning: LOUD WARNING: kernel cache /Users/jkarpie-admin/work/building/pixel_closure/closure_JAM_truth_small/data/_kernel_cache/exp/bcdms_d_f2__F2_u_plus_d_minus_2s__evolution__evolution_q2_230.npz could not be reused (kernel source fingerprint mismatch); recomputing and overwriting it.
  matrix, convergence = cached_arrays(
/Users/jkarpie-admin/work/building/pixel/src/pixel/kernels/_cache.py:1504: RuntimeWarning: LOUD WARNING: kernel cache /Users/jkarpie-admin/work/building/pixel_closure/closure_JAM_truth_small/data/_kernel_cache/exp/bcdms_d_f2__F2_u_plus_d_plus_s_minus_3c.npz could not be reused (kernel source fingerprint mismatch); recomputing and overwriting it.
  (matrix,) = cached_arrays(
/Users/jkarpie-admin/work/building/pixel/src/pixel/kernels/evolution/matrices.py:860: RuntimeWarning: LOUD WARNING: kernel cache /Users/jkarpie-admin/work/building/pixel_closure/closure_JAM_truth_small/data/_kernel_cache/exp/bcdms_d_f2__F2_u_plus_d_plus_s_minus_3c__evolution.npz could not be reused (kernel source fingerprint mismatch); recomputing and overwriting it.
  (matrix,) = cached_arrays(
/Users/jkarpie-admin/work/building/pixel/src/pixel/kernels/evolution/assembly.py:751: RuntimeWarning: LOUD WARNING: kernel cache /Users/jkarpie-admin/work/building/pixel_closure/closure_JAM_truth_small/data/_kernel_cache/exp/bcdms_d_f2__F2_u_plus_d_plus_s_minus_3c__evolution__evolution_q2_8.75.npz could not be reused (kernel source fingerprint mismatch); recomputing and overwriting it.
  matrix, convergence = cached_arrays(
/Users/jkarpie-admin/work/building/pixel/src/pixel/kernels/evolution/assembly.py:751: RuntimeWarning: LOUD WARNING: kernel cache /Users/jkarpie-admin/work/building/pixel_closure/closure_JAM_truth_small/data/_kernel_cache/exp/bcdms_d_f2__F2_u_plus_d_plus_s_minus_3c__evolution__evolution_q2_11.75.npz could not be reused (kernel source fingerprint mismatch); recomputing and overwriting it.
  matrix, convergence = cached_arrays(
/Users/jkarpie-admin/work/building/pixel/src/pixel/kernels/evolution/assembly.py:751: RuntimeWarning: LOUD WARNING: kernel cache /Users/jkarpie-admin/work/building/pixel_closure/closure_JAM_truth_small/data/_kernel_cache/exp/bcdms_d_f2__F2_u_plus_d_plus_s_minus_3c__evolution__evolution_q2_13.25.npz could not be reused (kernel source fingerprint mismatch); recomputing and overwriting it.
  matrix, convergence = cached_arrays(
/Users/jkarpie-admin/work/building/pixel/src/pixel/kernels/evolution/assembly.py:751: RuntimeWarning: LOUD WARNING: kernel cache /Users/jkarpie-admin/work/building/pixel_closure/closure_JAM_truth_small/data/_kernel_cache/exp/bcdms_d_f2__F2_u_plus_d_plus_s_minus_3c__evolution__evolution_q2_15.npz could not be reused (kernel source fingerprint mismatch); recomputing and overwriting it.
  matrix, convergence = cached_arrays(
/Users/jkarpie-admin/work/building/pixel/src/pixel/kernels/evolution/assembly.py:751: RuntimeWarning: LOUD WARNING: kernel cache /Users/jkarpie-admin/work/building/pixel_closure/closure_JAM_truth_small/data/_kernel_cache/exp/bcdms_d_f2__F2_u_plus_d_plus_s_minus_3c__evolution__evolution_q2_19.npz could not be reused (kernel source fingerprint mismatch); recomputing and overwriting it.
  matrix, convergence = cached_arrays(
/Users/jkarpie-admin/work/building/pixel/src/pixel/kernels/evolution/assembly.py:751: RuntimeWarning: LOUD WARNING: kernel cache /Users/jkarpie-admin/work/building/pixel_closure/closure_JAM_truth_small/data/_kernel_cache/exp/bcdms_d_f2__F2_u_plus_d_plus_s_minus_3c__evolution__evolution_q2_24.5.npz could not be reused (kernel source fingerprint mismatch); recomputing and overwriting it.
  matrix, convergence = cached_arrays(
/Users/jkarpie-admin/work/building/pixel/src/pixel/kernels/evolution/assembly.py:751: RuntimeWarning: LOUD WARNING: kernel cache /Users/jkarpie-admin/work/building/pixel_closure/closure_JAM_truth_small/data/_kernel_cache/exp/bcdms_d_f2__F2_u_plus_d_plus_s_minus_3c__evolution__evolution_q2_37.5.npz could not be reused (kernel source fingerprint mismatch); recomputing and overwriting it.
  matrix, convergence = cached_arrays(
/Users/jkarpie-admin/work/building/pixel/src/pixel/kernels/evolution/assembly.py:751: RuntimeWarning: LOUD WARNING: kernel cache /Users/jkarpie-admin/work/building/pixel_closure/closure_JAM_truth_small/data/_kernel_cache/exp/bcdms_d_f2__F2_u_plus_d_plus_s_minus_3c__evolution__evolution_q2_43.npz could not be reused (kernel source fingerprint mismatch); recomputing and overwriting it.
  matrix, convergence = cached_arrays(
/Users/jkarpie-admin/work/building/pixel/src/pixel/kernels/evolution/assembly.py:751: RuntimeWarning: LOUD WARNING: kernel cache /Users/jkarpie-admin/work/building/pixel_closure/closure_JAM_truth_small/data/_kernel_cache/exp/bcdms_d_f2__F2_u_plus_d_plus_s_minus_3c__evolution__evolution_q2_49.5.npz could not be reused (kernel source fingerprint mismatch); recomputing and overwriting it.
  matrix, convergence = cached_arrays(
/Users/jkarpie-admin/work/building/pixel/src/pixel/kernels/evolution/assembly.py:751: RuntimeWarning: LOUD WARNING: kernel cache /Users/jkarpie-admin/work/building/pixel_closure/closure_JAM_truth_small/data/_kernel_cache/exp/bcdms_d_f2__F2_u_plus_d_plus_s_minus_3c__evolution__evolution_q2_57.npz could not be reused (kernel source fingerprint mismatch); recomputing and overwriting it.
  matrix, convergence = cached_arrays(
/Users/jkarpie-admin/work/building/pixel/src/pixel/kernels/evolution/assembly.py:751: RuntimeWarning: LOUD WARNING: kernel cache /Users/jkarpie-admin/work/building/pixel_closure/closure_JAM_truth_small/data/_kernel_cache/exp/bcdms_d_f2__F2_u_plus_d_plus_s_minus_3c__evolution__evolution_q2_65.5.npz could not be reused (kernel source fingerprint mismatch); recomputing and overwriting it.
  matrix, convergence = cached_arrays(
/Users/jkarpie-admin/work/building/pixel/src/pixel/kernels/evolution/assembly.py:751: RuntimeWarning: LOUD WARNING: kernel cache /Users/jkarpie-admin/work/building/pixel_closure/closure_JAM_truth_small/data/_kernel_cache/exp/bcdms_d_f2__F2_u_plus_d_plus_s_minus_3c__evolution__evolution_q2_115.5.npz could not be reused (kernel source fingerprint mismatch); recomputing and overwriting it.
  matrix, convergence = cached_arrays(
/Users/jkarpie-admin/work/building/pixel/src/pixel/kernels/evolution/assembly.py:751: RuntimeWarning: LOUD WARNING: kernel cache /Users/jkarpie-admin/work/building/pixel_closure/closure_JAM_truth_small/data/_kernel_cache/exp/bcdms_d_f2__F2_u_plus_d_plus_s_minus_3c__evolution__evolution_q2_175.npz could not be reused (kernel source fingerprint mismatch); recomputing and overwriting it.
  matrix, convergence = cached_arrays(
/Users/jkarpie-admin/work/building/pixel/src/pixel/kernels/evolution/assembly.py:751: RuntimeWarning: LOUD WARNING: kernel cache /Users/jkarpie-admin/work/building/pixel_closure/closure_JAM_truth_small/data/_kernel_cache/exp/bcdms_d_f2__F2_u_plus_d_plus_s_minus_3c__evolution__evolution_q2_230.npz could not be reused (kernel source fingerprint mismatch); recomputing and overwriting it.
  matrix, convergence = cached_arrays(
/Users/jkarpie-admin/work/building/pixel/src/pixel/kernels/_cache.py:1504: RuntimeWarning: LOUD WARNING: kernel cache /Users/jkarpie-admin/work/building/pixel_closure/closure_JAM_truth_small/data/_kernel_cache/exp/bcdms_d_f2__F2_singlet.npz could not be reused (kernel source fingerprint mismatch); recomputing and overwriting it.
  (matrix,) = cached_arrays(
/Users/jkarpie-admin/work/building/pixel/src/pixel/kernels/evolution/matrices.py:1200: RuntimeWarning: LOUD WARNING: kernel cache /Users/jkarpie-admin/work/building/pixel_closure/closure_JAM_truth_small/data/_kernel_cache/exp/bcdms_d_f2__F2_singlet__evolution.npz could not be reused (kernel source fingerprint mismatch); recomputing and overwriting it.
  (matrix,) = cached_arrays(
/Users/jkarpie-admin/work/building/pixel/src/pixel/kernels/evolution/assembly.py:994: RuntimeWarning: LOUD WARNING: kernel cache /Users/jkarpie-admin/work/building/pixel_closure/closure_JAM_truth_small/data/_kernel_cache/exp/bcdms_d_f2__F2_singlet__evolution__evolution_q2_8.75.npz could not be reused (kernel source fingerprint mismatch); recomputing and overwriting it.
  matrix, convergence = cached_arrays(
/Users/jkarpie-admin/work/building/pixel/src/pixel/kernels/evolution/assembly.py:994: RuntimeWarning: LOUD WARNING: kernel cache /Users/jkarpie-admin/work/building/pixel_closure/closure_JAM_truth_small/data/_kernel_cache/exp/bcdms_d_f2__F2_singlet__evolution__evolution_q2_11.75.npz could not be reused (kernel source fingerprint mismatch); recomputing and overwriting it.
  matrix, convergence = cached_arrays(
/Users/jkarpie-admin/work/building/pixel/src/pixel/kernels/evolution/assembly.py:994: RuntimeWarning: LOUD WARNING: kernel cache /Users/jkarpie-admin/work/building/pixel_closure/closure_JAM_truth_small/data/_kernel_cache/exp/bcdms_d_f2__F2_singlet__evolution__evolution_q2_13.25.npz could not be reused (kernel source fingerprint mismatch); recomputing and overwriting it.
  matrix, convergence = cached_arrays(
/Users/jkarpie-admin/work/building/pixel/src/pixel/kernels/evolution/assembly.py:994: RuntimeWarning: LOUD WARNING: kernel cache /Users/jkarpie-admin/work/building/pixel_closure/closure_JAM_truth_small/data/_kernel_cache/exp/bcdms_d_f2__F2_singlet__evolution__evolution_q2_15.npz could not be reused (kernel source fingerprint mismatch); recomputing and overwriting it.
  matrix, convergence = cached_arrays(
/Users/jkarpie-admin/work/building/pixel/src/pixel/kernels/evolution/assembly.py:994: RuntimeWarning: LOUD WARNING: kernel cache /Users/jkarpie-admin/work/building/pixel_closure/closure_JAM_truth_small/data/_kernel_cache/exp/bcdms_d_f2__F2_singlet__evolution__evolution_q2_19.npz could not be reused (kernel source fingerprint mismatch); recomputing and overwriting it.
  matrix, convergence = cached_arrays(
/Users/jkarpie-admin/work/building/pixel/src/pixel/kernels/evolution/assembly.py:994: RuntimeWarning: LOUD WARNING: kernel cache /Users/jkarpie-admin/work/building/pixel_closure/closure_JAM_truth_small/data/_kernel_cache/exp/bcdms_d_f2__F2_singlet__evolution__evolution_q2_24.5.npz could not be reused (kernel source fingerprint mismatch); recomputing and overwriting it.
  matrix, convergence = cached_arrays(
/Users/jkarpie-admin/work/building/pixel/src/pixel/kernels/evolution/assembly.py:994: RuntimeWarning: LOUD WARNING: kernel cache /Users/jkarpie-admin/work/building/pixel_closure/closure_JAM_truth_small/data/_kernel_cache/exp/bcdms_d_f2__F2_singlet__evolution__evolution_q2_37.5.npz could not be reused (kernel source fingerprint mismatch); recomputing and overwriting it.
  matrix, convergence = cached_arrays(
/Users/jkarpie-admin/work/building/pixel/src/pixel/kernels/evolution/assembly.py:994: RuntimeWarning: LOUD WARNING: kernel cache /Users/jkarpie-admin/work/building/pixel_closure/closure_JAM_truth_small/data/_kernel_cache/exp/bcdms_d_f2__F2_singlet__evolution__evolution_q2_43.npz could not be reused (kernel source fingerprint mismatch); recomputing and overwriting it.
  matrix, convergence = cached_arrays(
/Users/jkarpie-admin/work/building/pixel/src/pixel/kernels/evolution/assembly.py:994: RuntimeWarning: LOUD WARNING: kernel cache /Users/jkarpie-admin/work/building/pixel_closure/closure_JAM_truth_small/data/_kernel_cache/exp/bcdms_d_f2__F2_singlet__evolution__evolution_q2_49.5.npz could not be reused (kernel source fingerprint mismatch); recomputing and overwriting it.
  matrix, convergence = cached_arrays(
/Users/jkarpie-admin/work/building/pixel/src/pixel/kernels/evolution/assembly.py:994: RuntimeWarning: LOUD WARNING: kernel cache /Users/jkarpie-admin/work/building/pixel_closure/closure_JAM_truth_small/data/_kernel_cache/exp/bcdms_d_f2__F2_singlet__evolution__evolution_q2_57.npz could not be reused (kernel source fingerprint mismatch); recomputing and overwriting it.
  matrix, convergence = cached_arrays(
/Users/jkarpie-admin/work/building/pixel/src/pixel/kernels/evolution/assembly.py:994: RuntimeWarning: LOUD WARNING: kernel cache /Users/jkarpie-admin/work/building/pixel_closure/closure_JAM_truth_small/data/_kernel_cache/exp/bcdms_d_f2__F2_singlet__evolution__evolution_q2_65.5.npz could not be reused (kernel source fingerprint mismatch); recomputing and overwriting it.
  matrix, convergence = cached_arrays(
/Users/jkarpie-admin/work/building/pixel/src/pixel/kernels/evolution/assembly.py:994: RuntimeWarning: LOUD WARNING: kernel cache /Users/jkarpie-admin/work/building/pixel_closure/closure_JAM_truth_small/data/_kernel_cache/exp/bcdms_d_f2__F2_singlet__evolution__evolution_q2_115.5.npz could not be reused (kernel source fingerprint mismatch); recomputing and overwriting it.
  matrix, convergence = cached_arrays(
/Users/jkarpie-admin/work/building/pixel/src/pixel/kernels/evolution/assembly.py:994: RuntimeWarning: LOUD WARNING: kernel cache /Users/jkarpie-admin/work/building/pixel_closure/closure_JAM_truth_small/data/_kernel_cache/exp/bcdms_d_f2__F2_singlet__evolution__evolution_q2_175.npz could not be reused (kernel source fingerprint mismatch); recomputing and overwriting it.
  matrix, convergence = cached_arrays(
/Users/jkarpie-admin/work/building/pixel/src/pixel/kernels/evolution/assembly.py:994: RuntimeWarning: LOUD WARNING: kernel cache /Users/jkarpie-admin/work/building/pixel_closure/closure_JAM_truth_small/data/_kernel_cache/exp/bcdms_d_f2__F2_singlet__evolution__evolution_q2_230.npz could not be reused (kernel source fingerprint mismatch); recomputing and overwriting it.
  matrix, convergence = cached_arrays(
/Users/jkarpie-admin/work/building/pixel/src/pixel/kernels/_cache.py:1504: RuntimeWarning: LOUD WARNING: kernel cache /Users/jkarpie-admin/work/building/pixel_closure/closure_JAM_truth_small/data/_kernel_cache/exp/bcdms_d_f2__F2_gluon.npz could not be reused (kernel source fingerprint mismatch); recomputing and overwriting it.
  (matrix,) = cached_arrays(
/Users/jkarpie-admin/work/building/pixel/src/pixel/kernels/evolution/matrices.py:1200: RuntimeWarning: LOUD WARNING: kernel cache /Users/jkarpie-admin/work/building/pixel_closure/closure_JAM_truth_small/data/_kernel_cache/exp/bcdms_d_f2__F2_gluon__evolution.npz could not be reused (kernel source fingerprint mismatch); recomputing and overwriting it.
  (matrix,) = cached_arrays(
/Users/jkarpie-admin/work/building/pixel/src/pixel/kernels/evolution/assembly.py:994: RuntimeWarning: LOUD WARNING: kernel cache /Users/jkarpie-admin/work/building/pixel_closure/closure_JAM_truth_small/data/_kernel_cache/exp/bcdms_d_f2__F2_gluon__evolution__evolution_q2_8.75.npz could not be reused (kernel source fingerprint mismatch); recomputing and overwriting it.
  matrix, convergence = cached_arrays(
/Users/jkarpie-admin/work/building/pixel/src/pixel/kernels/evolution/assembly.py:994: RuntimeWarning: LOUD WARNING: kernel cache /Users/jkarpie-admin/work/building/pixel_closure/closure_JAM_truth_small/data/_kernel_cache/exp/bcdms_d_f2__F2_gluon__evolution__evolution_q2_11.75.npz could not be reused (kernel source fingerprint mismatch); recomputing and overwriting it.
  matrix, convergence = cached_arrays(
/Users/jkarpie-admin/work/building/pixel/src/pixel/kernels/evolution/assembly.py:994: RuntimeWarning: LOUD WARNING: kernel cache /Users/jkarpie-admin/work/building/pixel_closure/closure_JAM_truth_small/data/_kernel_cache/exp/bcdms_d_f2__F2_gluon__evolution__evolution_q2_13.25.npz could not be reused (kernel source fingerprint mismatch); recomputing and overwriting it.
  matrix, convergence = cached_arrays(
/Users/jkarpie-admin/work/building/pixel/src/pixel/kernels/evolution/assembly.py:994: RuntimeWarning: LOUD WARNING: kernel cache /Users/jkarpie-admin/work/building/pixel_closure/closure_JAM_truth_small/data/_kernel_cache/exp/bcdms_d_f2__F2_gluon__evolution__evolution_q2_15.npz could not be reused (kernel source fingerprint mismatch); recomputing and overwriting it.
  matrix, convergence = cached_arrays(
/Users/jkarpie-admin/work/building/pixel/src/pixel/kernels/evolution/assembly.py:994: RuntimeWarning: LOUD WARNING: kernel cache /Users/jkarpie-admin/work/building/pixel_closure/closure_JAM_truth_small/data/_kernel_cache/exp/bcdms_d_f2__F2_gluon__evolution__evolution_q2_19.npz could not be reused (kernel source fingerprint mismatch); recomputing and overwriting it.
  matrix, convergence = cached_arrays(
/Users/jkarpie-admin/work/building/pixel/src/pixel/kernels/evolution/assembly.py:994: RuntimeWarning: LOUD WARNING: kernel cache /Users/jkarpie-admin/work/building/pixel_closure/closure_JAM_truth_small/data/_kernel_cache/exp/bcdms_d_f2__F2_gluon__evolution__evolution_q2_24.5.npz could not be reused (kernel source fingerprint mismatch); recomputing and overwriting it.
  matrix, convergence = cached_arrays(
/Users/jkarpie-admin/work/building/pixel/src/pixel/kernels/evolution/assembly.py:994: RuntimeWarning: LOUD WARNING: kernel cache /Users/jkarpie-admin/work/building/pixel_closure/closure_JAM_truth_small/data/_kernel_cache/exp/bcdms_d_f2__F2_gluon__evolution__evolution_q2_37.5.npz could not be reused (kernel source fingerprint mismatch); recomputing and overwriting it.
  matrix, convergence = cached_arrays(
/Users/jkarpie-admin/work/building/pixel/src/pixel/kernels/evolution/assembly.py:994: RuntimeWarning: LOUD WARNING: kernel cache /Users/jkarpie-admin/work/building/pixel_closure/closure_JAM_truth_small/data/_kernel_cache/exp/bcdms_d_f2__F2_gluon__evolution__evolution_q2_43.npz could not be reused (kernel source fingerprint mismatch); recomputing and overwriting it.
  matrix, convergence = cached_arrays(
/Users/jkarpie-admin/work/building/pixel/src/pixel/kernels/evolution/assembly.py:994: RuntimeWarning: LOUD WARNING: kernel cache /Users/jkarpie-admin/work/building/pixel_closure/closure_JAM_truth_small/data/_kernel_cache/exp/bcdms_d_f2__F2_gluon__evolution__evolution_q2_49.5.npz could not be reused (kernel source fingerprint mismatch); recomputing and overwriting it.
  matrix, convergence = cached_arrays(
/Users/jkarpie-admin/work/building/pixel/src/pixel/kernels/evolution/assembly.py:994: RuntimeWarning: LOUD WARNING: kernel cache /Users/jkarpie-admin/work/building/pixel_closure/closure_JAM_truth_small/data/_kernel_cache/exp/bcdms_d_f2__F2_gluon__evolution__evolution_q2_57.npz could not be reused (kernel source fingerprint mismatch); recomputing and overwriting it.
  matrix, convergence = cached_arrays(
/Users/jkarpie-admin/work/building/pixel/src/pixel/kernels/evolution/assembly.py:994: RuntimeWarning: LOUD WARNING: kernel cache /Users/jkarpie-admin/work/building/pixel_closure/closure_JAM_truth_small/data/_kernel_cache/exp/bcdms_d_f2__F2_gluon__evolution__evolution_q2_65.5.npz could not be reused (kernel source fingerprint mismatch); recomputing and overwriting it.
  matrix, convergence = cached_arrays(
/Users/jkarpie-admin/work/building/pixel/src/pixel/kernels/evolution/assembly.py:994: RuntimeWarning: LOUD WARNING: kernel cache /Users/jkarpie-admin/work/building/pixel_closure/closure_JAM_truth_small/data/_kernel_cache/exp/bcdms_d_f2__F2_gluon__evolution__evolution_q2_115.5.npz could not be reused (kernel source fingerprint mismatch); recomputing and overwriting it.
  matrix, convergence = cached_arrays(
/Users/jkarpie-admin/work/building/pixel/src/pixel/kernels/evolution/assembly.py:994: RuntimeWarning: LOUD WARNING: kernel cache /Users/jkarpie-admin/work/building/pixel_closure/closure_JAM_truth_small/data/_kernel_cache/exp/bcdms_d_f2__F2_gluon__evolution__evolution_q2_175.npz could not be reused (kernel source fingerprint mismatch); recomputing and overwriting it.
  matrix, convergence = cached_arrays(
/Users/jkarpie-admin/work/building/pixel/src/pixel/kernels/evolution/assembly.py:994: RuntimeWarning: LOUD WARNING: kernel cache /Users/jkarpie-admin/work/building/pixel_closure/closure_JAM_truth_small/data/_kernel_cache/exp/bcdms_d_f2__F2_gluon__evolution__evolution_q2_230.npz could not be reused (kernel source fingerprint mismatch); recomputing and overwriting it.
  matrix, convergence = cached_arrays(
/Users/jkarpie-admin/work/building/pixel/src/pixel/kernels/matching.py:2809: RuntimeWarning: LOUD WARNING: kernel cache /Users/jkarpie-admin/work/building/pixel_closure/closure_JAM_truth_small/data/_kernel_cache/exp/hera_nc_ep_318_sigmar__f2_u_minus_d.npz could not be reused (kernel source fingerprint mismatch); recomputing and overwriting it.
  (matrix,) = cached_arrays(
/Users/jkarpie-admin/work/building/pixel/src/pixel/kernels/matching.py:2809: RuntimeWarning: LOUD WARNING: kernel cache /Users/jkarpie-admin/work/building/pixel_closure/closure_JAM_truth_small/data/_kernel_cache/exp/hera_nc_ep_318_sigmar__f2_u_plus_d_minus_2s.npz could not be reused (kernel source fingerprint mismatch); recomputing and overwriting it.
  (matrix,) = cached_arrays(
/Users/jkarpie-admin/work/building/pixel/src/pixel/kernels/matching.py:2809: RuntimeWarning: LOUD WARNING: kernel cache /Users/jkarpie-admin/work/building/pixel_closure/closure_JAM_truth_small/data/_kernel_cache/exp/hera_nc_ep_318_sigmar__f2_u_plus_d_plus_s_minus_3c.npz could not be reused (kernel source fingerprint mismatch); recomputing and overwriting it.
  (matrix,) = cached_arrays(
/Users/jkarpie-admin/work/building/pixel/src/pixel/kernels/matching.py:2809: RuntimeWarning: LOUD WARNING: kernel cache /Users/jkarpie-admin/work/building/pixel_closure/closure_JAM_truth_small/data/_kernel_cache/exp/hera_nc_ep_318_sigmar__f2_singlet.npz could not be reused (kernel source fingerprint mismatch); recomputing and overwriting it.
  (matrix,) = cached_arrays(
/Users/jkarpie-admin/work/building/pixel/src/pixel/kernels/matching.py:2809: RuntimeWarning: LOUD WARNING: kernel cache /Users/jkarpie-admin/work/building/pixel_closure/closure_JAM_truth_small/data/_kernel_cache/exp/hera_nc_ep_318_sigmar__f2_gluon.npz could not be reused (kernel source fingerprint mismatch); recomputing and overwriting it.
  (matrix,) = cached_arrays(
/Users/jkarpie-admin/work/building/pixel/src/pixel/kernels/matching.py:2809: RuntimeWarning: LOUD WARNING: kernel cache /Users/jkarpie-admin/work/building/pixel_closure/closure_JAM_truth_small/data/_kernel_cache/exp/hera_nc_ep_318_sigmar__fl_u_minus_d.npz could not be reused (kernel source fingerprint mismatch); recomputing and overwriting it.
  (matrix,) = cached_arrays(
/Users/jkarpie-admin/work/building/pixel/src/pixel/kernels/matching.py:2809: RuntimeWarning: LOUD WARNING: kernel cache /Users/jkarpie-admin/work/building/pixel_closure/closure_JAM_truth_small/data/_kernel_cache/exp/hera_nc_ep_318_sigmar__fl_u_plus_d_minus_2s.npz could not be reused (kernel source fingerprint mismatch); recomputing and overwriting it.
  (matrix,) = cached_arrays(
/Users/jkarpie-admin/work/building/pixel/src/pixel/kernels/matching.py:2809: RuntimeWarning: LOUD WARNING: kernel cache /Users/jkarpie-admin/work/building/pixel_closure/closure_JAM_truth_small/data/_kernel_cache/exp/hera_nc_ep_318_sigmar__fl_u_plus_d_plus_s_minus_3c.npz could not be reused (kernel source fingerprint mismatch); recomputing and overwriting it.
  (matrix,) = cached_arrays(
/Users/jkarpie-admin/work/building/pixel/src/pixel/kernels/matching.py:2809: RuntimeWarning: LOUD WARNING: kernel cache /Users/jkarpie-admin/work/building/pixel_closure/closure_JAM_truth_small/data/_kernel_cache/exp/hera_nc_ep_318_sigmar__fl_singlet.npz could not be reused (kernel source fingerprint mismatch); recomputing and overwriting it.
  (matrix,) = cached_arrays(
/Users/jkarpie-admin/work/building/pixel/src/pixel/kernels/matching.py:2809: RuntimeWarning: LOUD WARNING: kernel cache /Users/jkarpie-admin/work/building/pixel_closure/closure_JAM_truth_small/data/_kernel_cache/exp/hera_nc_ep_318_sigmar__fl_gluon.npz could not be reused (kernel source fingerprint mismatch); recomputing and overwriting it.
  (matrix,) = cached_arrays(
/Users/jkarpie-admin/work/building/pixel/src/pixel/kernels/matching.py:2809: RuntimeWarning: LOUD WARNING: kernel cache /Users/jkarpie-admin/work/building/pixel_closure/closure_JAM_truth_small/data/_kernel_cache/exp/hera_nc_em_318_sigmar__f2_u_minus_d.npz could not be reused (kernel source fingerprint mismatch); recomputing and overwriting it.
  (matrix,) = cached_arrays(
/Users/jkarpie-admin/work/building/pixel/src/pixel/kernels/matching.py:2809: RuntimeWarning: LOUD WARNING: kernel cache /Users/jkarpie-admin/work/building/pixel_closure/closure_JAM_truth_small/data/_kernel_cache/exp/hera_nc_em_318_sigmar__f2_u_plus_d_minus_2s.npz could not be reused (kernel source fingerprint mismatch); recomputing and overwriting it.
  (matrix,) = cached_arrays(
/Users/jkarpie-admin/work/building/pixel/src/pixel/kernels/matching.py:2809: RuntimeWarning: LOUD WARNING: kernel cache /Users/jkarpie-admin/work/building/pixel_closure/closure_JAM_truth_small/data/_kernel_cache/exp/hera_nc_em_318_sigmar__f2_u_plus_d_plus_s_minus_3c.npz could not be reused (kernel source fingerprint mismatch); recomputing and overwriting it.
  (matrix,) = cached_arrays(
/Users/jkarpie-admin/work/building/pixel/src/pixel/kernels/matching.py:2809: RuntimeWarning: LOUD WARNING: kernel cache /Users/jkarpie-admin/work/building/pixel_closure/closure_JAM_truth_small/data/_kernel_cache/exp/hera_nc_em_318_sigmar__f2_singlet.npz could not be reused (kernel source fingerprint mismatch); recomputing and overwriting it.
  (matrix,) = cached_arrays(
/Users/jkarpie-admin/work/building/pixel/src/pixel/kernels/matching.py:2809: RuntimeWarning: LOUD WARNING: kernel cache /Users/jkarpie-admin/work/building/pixel_closure/closure_JAM_truth_small/data/_kernel_cache/exp/hera_nc_em_318_sigmar__f2_gluon.npz could not be reused (kernel source fingerprint mismatch); recomputing and overwriting it.
  (matrix,) = cached_arrays(
/Users/jkarpie-admin/work/building/pixel/src/pixel/kernels/matching.py:2809: RuntimeWarning: LOUD WARNING: kernel cache /Users/jkarpie-admin/work/building/pixel_closure/closure_JAM_truth_small/data/_kernel_cache/exp/hera_nc_em_318_sigmar__fl_u_minus_d.npz could not be reused (kernel source fingerprint mismatch); recomputing and overwriting it.
  (matrix,) = cached_arrays(
/Users/jkarpie-admin/work/building/pixel/src/pixel/kernels/matching.py:2809: RuntimeWarning: LOUD WARNING: kernel cache /Users/jkarpie-admin/work/building/pixel_closure/closure_JAM_truth_small/data/_kernel_cache/exp/hera_nc_em_318_sigmar__fl_u_plus_d_minus_2s.npz could not be reused (kernel source fingerprint mismatch); recomputing and overwriting it.
  (matrix,) = cached_arrays(
/Users/jkarpie-admin/work/building/pixel/src/pixel/kernels/matching.py:2809: RuntimeWarning: LOUD WARNING: kernel cache /Users/jkarpie-admin/work/building/pixel_closure/closure_JAM_truth_small/data/_kernel_cache/exp/hera_nc_em_318_sigmar__fl_u_plus_d_plus_s_minus_3c.npz could not be reused (kernel source fingerprint mismatch); recomputing and overwriting it.
  (matrix,) = cached_arrays(
/Users/jkarpie-admin/work/building/pixel/src/pixel/kernels/matching.py:2809: RuntimeWarning: LOUD WARNING: kernel cache /Users/jkarpie-admin/work/building/pixel_closure/closure_JAM_truth_small/data/_kernel_cache/exp/hera_nc_em_318_sigmar__fl_singlet.npz could not be reused (kernel source fingerprint mismatch); recomputing and overwriting it.
  (matrix,) = cached_arrays(
/Users/jkarpie-admin/work/building/pixel/src/pixel/kernels/matching.py:2809: RuntimeWarning: LOUD WARNING: kernel cache /Users/jkarpie-admin/work/building/pixel_closure/closure_JAM_truth_small/data/_kernel_cache/exp/hera_nc_em_318_sigmar__fl_gluon.npz could not be reused (kernel source fingerprint mismatch); recomputing and overwriting it.
  (matrix,) = cached_arrays(
/Users/jkarpie-admin/work/building/pixel/src/pixel/kernels/matching.py:2809: RuntimeWarning: LOUD WARNING: kernel cache /Users/jkarpie-admin/work/building/pixel_closure/closure_JAM_truth_small/data/_kernel_cache/exp/hera_cc_ep_318_sigmar__cc_w2_plus__f2_u_minus_d.npz could not be reused (kernel source fingerprint mismatch); recomputing and overwriting it.
  (matrix,) = cached_arrays(
/Users/jkarpie-admin/work/building/pixel/src/pixel/kernels/matching.py:2809: RuntimeWarning: LOUD WARNING: kernel cache /Users/jkarpie-admin/work/building/pixel_closure/closure_JAM_truth_small/data/_kernel_cache/exp/hera_cc_ep_318_sigmar__cc_w2_plus__f2_u_plus_d_minus_2s.npz could not be reused (kernel source fingerprint mismatch); recomputing and overwriting it.
  (matrix,) = cached_arrays(
/Users/jkarpie-admin/work/building/pixel/src/pixel/kernels/matching.py:2809: RuntimeWarning: LOUD WARNING: kernel cache /Users/jkarpie-admin/work/building/pixel_closure/closure_JAM_truth_small/data/_kernel_cache/exp/hera_cc_ep_318_sigmar__cc_w2_plus__f2_u_plus_d_plus_s_minus_3c.npz could not be reused (kernel source fingerprint mismatch); recomputing and overwriting it.
  (matrix,) = cached_arrays(
/Users/jkarpie-admin/work/building/pixel/src/pixel/kernels/matching.py:2809: RuntimeWarning: LOUD WARNING: kernel cache /Users/jkarpie-admin/work/building/pixel_closure/closure_JAM_truth_small/data/_kernel_cache/exp/hera_cc_ep_318_sigmar__cc_w2_plus__f2_singlet.npz could not be reused (kernel source fingerprint mismatch); recomputing and overwriting it.
  (matrix,) = cached_arrays(
/Users/jkarpie-admin/work/building/pixel/src/pixel/kernels/matching.py:2809: RuntimeWarning: LOUD WARNING: kernel cache /Users/jkarpie-admin/work/building/pixel_closure/closure_JAM_truth_small/data/_kernel_cache/exp/hera_cc_ep_318_sigmar__cc_w2_plus__f2_gluon.npz could not be reused (kernel source fingerprint mismatch); recomputing and overwriting it.
  (matrix,) = cached_arrays(
/Users/jkarpie-admin/work/building/pixel/src/pixel/kernels/matching.py:2809: RuntimeWarning: LOUD WARNING: kernel cache /Users/jkarpie-admin/work/building/pixel_closure/closure_JAM_truth_small/data/_kernel_cache/exp/hera_cc_ep_318_sigmar__cc_w2_minus__f2_u_minus_d.npz could not be reused (kernel source fingerprint mismatch); recomputing and overwriting it.
  (matrix,) = cached_arrays(
/Users/jkarpie-admin/work/building/pixel/src/pixel/kernels/matching.py:2809: RuntimeWarning: LOUD WARNING: kernel cache /Users/jkarpie-admin/work/building/pixel_closure/closure_JAM_truth_small/data/_kernel_cache/exp/hera_cc_ep_318_sigmar__cc_w2_minus__f2_u_plus_d_minus_2s.npz could not be reused (kernel source fingerprint mismatch); recomputing and overwriting it.
  (matrix,) = cached_arrays(
/Users/jkarpie-admin/work/building/pixel/src/pixel/kernels/matching.py:2809: RuntimeWarning: LOUD WARNING: kernel cache /Users/jkarpie-admin/work/building/pixel_closure/closure_JAM_truth_small/data/_kernel_cache/exp/hera_cc_ep_318_sigmar__cc_w2_minus__f2_u_plus_d_plus_s_minus_3c.npz could not be reused (kernel source fingerprint mismatch); recomputing and overwriting it.
  (matrix,) = cached_arrays(
/Users/jkarpie-admin/work/building/pixel/src/pixel/kernels/matching.py:2809: RuntimeWarning: LOUD WARNING: kernel cache /Users/jkarpie-admin/work/building/pixel_closure/closure_JAM_truth_small/data/_kernel_cache/exp/hera_cc_ep_318_sigmar__cc_wl_plus__fl_u_minus_d.npz could not be reused (kernel source fingerprint mismatch); recomputing and overwriting it.
  (matrix,) = cached_arrays(
/Users/jkarpie-admin/work/building/pixel/src/pixel/kernels/matching.py:2809: RuntimeWarning: LOUD WARNING: kernel cache /Users/jkarpie-admin/work/building/pixel_closure/closure_JAM_truth_small/data/_kernel_cache/exp/hera_cc_ep_318_sigmar__cc_wl_plus__fl_u_plus_d_minus_2s.npz could not be reused (kernel source fingerprint mismatch); recomputing and overwriting it.
  (matrix,) = cached_arrays(
/Users/jkarpie-admin/work/building/pixel/src/pixel/kernels/matching.py:2809: RuntimeWarning: LOUD WARNING: kernel cache /Users/jkarpie-admin/work/building/pixel_closure/closure_JAM_truth_small/data/_kernel_cache/exp/hera_cc_ep_318_sigmar__cc_wl_plus__fl_u_plus_d_plus_s_minus_3c.npz could not be reused (kernel source fingerprint mismatch); recomputing and overwriting it.
  (matrix,) = cached_arrays(
/Users/jkarpie-admin/work/building/pixel/src/pixel/kernels/matching.py:2809: RuntimeWarning: LOUD WARNING: kernel cache /Users/jkarpie-admin/work/building/pixel_closure/closure_JAM_truth_small/data/_kernel_cache/exp/hera_cc_ep_318_sigmar__cc_wl_plus__fl_singlet.npz could not be reused (kernel source fingerprint mismatch); recomputing and overwriting it.
  (matrix,) = cached_arrays(
/Users/jkarpie-admin/work/building/pixel/src/pixel/kernels/matching.py:2809: RuntimeWarning: LOUD WARNING: kernel cache /Users/jkarpie-admin/work/building/pixel_closure/closure_JAM_truth_small/data/_kernel_cache/exp/hera_cc_ep_318_sigmar__cc_wl_plus__fl_gluon.npz could not be reused (kernel source fingerprint mismatch); recomputing and overwriting it.
  (matrix,) = cached_arrays(
/Users/jkarpie-admin/work/building/pixel/src/pixel/kernels/matching.py:2809: RuntimeWarning: LOUD WARNING: kernel cache /Users/jkarpie-admin/work/building/pixel_closure/closure_JAM_truth_small/data/_kernel_cache/exp/hera_cc_ep_318_sigmar__cc_wl_minus__fl_u_minus_d.npz could not be reused (kernel source fingerprint mismatch); recomputing and overwriting it.
  (matrix,) = cached_arrays(
/Users/jkarpie-admin/work/building/pixel/src/pixel/kernels/matching.py:2809: RuntimeWarning: LOUD WARNING: kernel cache /Users/jkarpie-admin/work/building/pixel_closure/closure_JAM_truth_small/data/_kernel_cache/exp/hera_cc_ep_318_sigmar__cc_wl_minus__fl_u_plus_d_minus_2s.npz could not be reused (kernel source fingerprint mismatch); recomputing and overwriting it.
  (matrix,) = cached_arrays(
/Users/jkarpie-admin/work/building/pixel/src/pixel/kernels/matching.py:2809: RuntimeWarning: LOUD WARNING: kernel cache /Users/jkarpie-admin/work/building/pixel_closure/closure_JAM_truth_small/data/_kernel_cache/exp/hera_cc_ep_318_sigmar__cc_wl_minus__fl_u_plus_d_plus_s_minus_3c.npz could not be reused (kernel source fingerprint mismatch); recomputing and overwriting it.
  (matrix,) = cached_arrays(
/Users/jkarpie-admin/work/building/pixel/src/pixel/kernels/matching.py:2809: RuntimeWarning: LOUD WARNING: kernel cache /Users/jkarpie-admin/work/building/pixel_closure/closure_JAM_truth_small/data/_kernel_cache/exp/hera_cc_ep_318_sigmar__cc_w3_plus__f3_u_minus_d.npz could not be reused (kernel source fingerprint mismatch); recomputing and overwriting it.
  (matrix,) = cached_arrays(
/Users/jkarpie-admin/work/building/pixel/src/pixel/kernels/matching.py:2809: RuntimeWarning: LOUD WARNING: kernel cache /Users/jkarpie-admin/work/building/pixel_closure/closure_JAM_truth_small/data/_kernel_cache/exp/hera_cc_ep_318_sigmar__cc_w3_plus__f3_u_plus_d_minus_2s.npz could not be reused (kernel source fingerprint mismatch); recomputing and overwriting it.
  (matrix,) = cached_arrays(
/Users/jkarpie-admin/work/building/pixel/src/pixel/kernels/matching.py:2809: RuntimeWarning: LOUD WARNING: kernel cache /Users/jkarpie-admin/work/building/pixel_closure/closure_JAM_truth_small/data/_kernel_cache/exp/hera_cc_ep_318_sigmar__cc_w3_plus__f3_u_plus_d_plus_s_minus_3c.npz could not be reused (kernel source fingerprint mismatch); recomputing and overwriting it.
  (matrix,) = cached_arrays(
/Users/jkarpie-admin/work/building/pixel/src/pixel/kernels/matching.py:2809: RuntimeWarning: LOUD WARNING: kernel cache /Users/jkarpie-admin/work/building/pixel_closure/closure_JAM_truth_small/data/_kernel_cache/exp/hera_cc_ep_318_sigmar__cc_w3_minus__f3_u_minus_d.npz could not be reused (kernel source fingerprint mismatch); recomputing and overwriting it.
  (matrix,) = cached_arrays(
/Users/jkarpie-admin/work/building/pixel/src/pixel/kernels/matching.py:2809: RuntimeWarning: LOUD WARNING: kernel cache /Users/jkarpie-admin/work/building/pixel_closure/closure_JAM_truth_small/data/_kernel_cache/exp/hera_cc_ep_318_sigmar__cc_w3_minus__f3_u_plus_d_minus_2s.npz could not be reused (kernel source fingerprint mismatch); recomputing and overwriting it.
  (matrix,) = cached_arrays(
/Users/jkarpie-admin/work/building/pixel/src/pixel/kernels/matching.py:2809: RuntimeWarning: LOUD WARNING: kernel cache /Users/jkarpie-admin/work/building/pixel_closure/closure_JAM_truth_small/data/_kernel_cache/exp/hera_cc_ep_318_sigmar__cc_w3_minus__f3_u_plus_d_plus_s_minus_3c.npz could not be reused (kernel source fingerprint mismatch); recomputing and overwriting it.
  (matrix,) = cached_arrays(
/Users/jkarpie-admin/work/building/pixel/src/pixel/kernels/matching.py:2809: RuntimeWarning: LOUD WARNING: kernel cache /Users/jkarpie-admin/work/building/pixel_closure/closure_JAM_truth_small/data/_kernel_cache/exp/hera_cc_ep_318_sigmar__cc_w3_minus__f3_singlet.npz could not be reused (kernel source fingerprint mismatch); recomputing and overwriting it.
  (matrix,) = cached_arrays(
/Users/jkarpie-admin/work/building/pixel/src/pixel/kernels/matching.py:2809: RuntimeWarning: LOUD WARNING: kernel cache /Users/jkarpie-admin/work/building/pixel_closure/closure_JAM_truth_small/data/_kernel_cache/exp/hera_cc_em_318_sigmar__cc_w2_plus__f2_u_minus_d.npz could not be reused (kernel source fingerprint mismatch); recomputing and overwriting it.
  (matrix,) = cached_arrays(
/Users/jkarpie-admin/work/building/pixel/src/pixel/kernels/matching.py:2809: RuntimeWarning: LOUD WARNING: kernel cache /Users/jkarpie-admin/work/building/pixel_closure/closure_JAM_truth_small/data/_kernel_cache/exp/hera_cc_em_318_sigmar__cc_w2_plus__f2_u_plus_d_minus_2s.npz could not be reused (kernel source fingerprint mismatch); recomputing and overwriting it.
  (matrix,) = cached_arrays(
/Users/jkarpie-admin/work/building/pixel/src/pixel/kernels/matching.py:2809: RuntimeWarning: LOUD WARNING: kernel cache /Users/jkarpie-admin/work/building/pixel_closure/closure_JAM_truth_small/data/_kernel_cache/exp/hera_cc_em_318_sigmar__cc_w2_plus__f2_u_plus_d_plus_s_minus_3c.npz could not be reused (kernel source fingerprint mismatch); recomputing and overwriting it.
  (matrix,) = cached_arrays(
/Users/jkarpie-admin/work/building/pixel/src/pixel/kernels/matching.py:2809: RuntimeWarning: LOUD WARNING: kernel cache /Users/jkarpie-admin/work/building/pixel_closure/closure_JAM_truth_small/data/_kernel_cache/exp/hera_cc_em_318_sigmar__cc_w2_plus__f2_singlet.npz could not be reused (kernel source fingerprint mismatch); recomputing and overwriting it.
  (matrix,) = cached_arrays(
/Users/jkarpie-admin/work/building/pixel/src/pixel/kernels/matching.py:2809: RuntimeWarning: LOUD WARNING: kernel cache /Users/jkarpie-admin/work/building/pixel_closure/closure_JAM_truth_small/data/_kernel_cache/exp/hera_cc_em_318_sigmar__cc_w2_plus__f2_gluon.npz could not be reused (kernel source fingerprint mismatch); recomputing and overwriting it.
  (matrix,) = cached_arrays(
/Users/jkarpie-admin/work/building/pixel/src/pixel/kernels/matching.py:2809: RuntimeWarning: LOUD WARNING: kernel cache /Users/jkarpie-admin/work/building/pixel_closure/closure_JAM_truth_small/data/_kernel_cache/exp/hera_cc_em_318_sigmar__cc_w2_minus__f2_u_minus_d.npz could not be reused (kernel source fingerprint mismatch); recomputing and overwriting it.
  (matrix,) = cached_arrays(
/Users/jkarpie-admin/work/building/pixel/src/pixel/kernels/matching.py:2809: RuntimeWarning: LOUD WARNING: kernel cache /Users/jkarpie-admin/work/building/pixel_closure/closure_JAM_truth_small/data/_kernel_cache/exp/hera_cc_em_318_sigmar__cc_w2_minus__f2_u_plus_d_minus_2s.npz could not be reused (kernel source fingerprint mismatch); recomputing and overwriting it.
  (matrix,) = cached_arrays(
/Users/jkarpie-admin/work/building/pixel/src/pixel/kernels/matching.py:2809: RuntimeWarning: LOUD WARNING: kernel cache /Users/jkarpie-admin/work/building/pixel_closure/closure_JAM_truth_small/data/_kernel_cache/exp/hera_cc_em_318_sigmar__cc_w2_minus__f2_u_plus_d_plus_s_minus_3c.npz could not be reused (kernel source fingerprint mismatch); recomputing and overwriting it.
  (matrix,) = cached_arrays(
/Users/jkarpie-admin/work/building/pixel/src/pixel/kernels/matching.py:2809: RuntimeWarning: LOUD WARNING: kernel cache /Users/jkarpie-admin/work/building/pixel_closure/closure_JAM_truth_small/data/_kernel_cache/exp/hera_cc_em_318_sigmar__cc_wl_plus__fl_u_minus_d.npz could not be reused (kernel source fingerprint mismatch); recomputing and overwriting it.
  (matrix,) = cached_arrays(
/Users/jkarpie-admin/work/building/pixel/src/pixel/kernels/matching.py:2809: RuntimeWarning: LOUD WARNING: kernel cache /Users/jkarpie-admin/work/building/pixel_closure/closure_JAM_truth_small/data/_kernel_cache/exp/hera_cc_em_318_sigmar__cc_wl_plus__fl_u_plus_d_minus_2s.npz could not be reused (kernel source fingerprint mismatch); recomputing and overwriting it.
  (matrix,) = cached_arrays(
/Users/jkarpie-admin/work/building/pixel/src/pixel/kernels/matching.py:2809: RuntimeWarning: LOUD WARNING: kernel cache /Users/jkarpie-admin/work/building/pixel_closure/closure_JAM_truth_small/data/_kernel_cache/exp/hera_cc_em_318_sigmar__cc_wl_plus__fl_u_plus_d_plus_s_minus_3c.npz could not be reused (kernel source fingerprint mismatch); recomputing and overwriting it.
  (matrix,) = cached_arrays(
/Users/jkarpie-admin/work/building/pixel/src/pixel/kernels/matching.py:2809: RuntimeWarning: LOUD WARNING: kernel cache /Users/jkarpie-admin/work/building/pixel_closure/closure_JAM_truth_small/data/_kernel_cache/exp/hera_cc_em_318_sigmar__cc_wl_plus__fl_singlet.npz could not be reused (kernel source fingerprint mismatch); recomputing and overwriting it.
  (matrix,) = cached_arrays(
/Users/jkarpie-admin/work/building/pixel/src/pixel/kernels/matching.py:2809: RuntimeWarning: LOUD WARNING: kernel cache /Users/jkarpie-admin/work/building/pixel_closure/closure_JAM_truth_small/data/_kernel_cache/exp/hera_cc_em_318_sigmar__cc_wl_plus__fl_gluon.npz could not be reused (kernel source fingerprint mismatch); recomputing and overwriting it.
  (matrix,) = cached_arrays(
/Users/jkarpie-admin/work/building/pixel/src/pixel/kernels/matching.py:2809: RuntimeWarning: LOUD WARNING: kernel cache /Users/jkarpie-admin/work/building/pixel_closure/closure_JAM_truth_small/data/_kernel_cache/exp/hera_cc_em_318_sigmar__cc_wl_minus__fl_u_minus_d.npz could not be reused (kernel source fingerprint mismatch); recomputing and overwriting it.
  (matrix,) = cached_arrays(
/Users/jkarpie-admin/work/building/pixel/src/pixel/kernels/matching.py:2809: RuntimeWarning: LOUD WARNING: kernel cache /Users/jkarpie-admin/work/building/pixel_closure/closure_JAM_truth_small/data/_kernel_cache/exp/hera_cc_em_318_sigmar__cc_wl_minus__fl_u_plus_d_minus_2s.npz could not be reused (kernel source fingerprint mismatch); recomputing and overwriting it.
  (matrix,) = cached_arrays(
/Users/jkarpie-admin/work/building/pixel/src/pixel/kernels/matching.py:2809: RuntimeWarning: LOUD WARNING: kernel cache /Users/jkarpie-admin/work/building/pixel_closure/closure_JAM_truth_small/data/_kernel_cache/exp/hera_cc_em_318_sigmar__cc_wl_minus__fl_u_plus_d_plus_s_minus_3c.npz could not be reused (kernel source fingerprint mismatch); recomputing and overwriting it.
  (matrix,) = cached_arrays(
/Users/jkarpie-admin/work/building/pixel/src/pixel/kernels/matching.py:2809: RuntimeWarning: LOUD WARNING: kernel cache /Users/jkarpie-admin/work/building/pixel_closure/closure_JAM_truth_small/data/_kernel_cache/exp/hera_cc_em_318_sigmar__cc_w3_plus__f3_u_minus_d.npz could not be reused (kernel source fingerprint mismatch); recomputing and overwriting it.
  (matrix,) = cached_arrays(
/Users/jkarpie-admin/work/building/pixel/src/pixel/kernels/matching.py:2809: RuntimeWarning: LOUD WARNING: kernel cache /Users/jkarpie-admin/work/building/pixel_closure/closure_JAM_truth_small/data/_kernel_cache/exp/hera_cc_em_318_sigmar__cc_w3_plus__f3_u_plus_d_minus_2s.npz could not be reused (kernel source fingerprint mismatch); recomputing and overwriting it.
  (matrix,) = cached_arrays(
/Users/jkarpie-admin/work/building/pixel/src/pixel/kernels/matching.py:2809: RuntimeWarning: LOUD WARNING: kernel cache /Users/jkarpie-admin/work/building/pixel_closure/closure_JAM_truth_small/data/_kernel_cache/exp/hera_cc_em_318_sigmar__cc_w3_plus__f3_u_plus_d_plus_s_minus_3c.npz could not be reused (kernel source fingerprint mismatch); recomputing and overwriting it.
  (matrix,) = cached_arrays(
/Users/jkarpie-admin/work/building/pixel/src/pixel/kernels/matching.py:2809: RuntimeWarning: LOUD WARNING: kernel cache /Users/jkarpie-admin/work/building/pixel_closure/closure_JAM_truth_small/data/_kernel_cache/exp/hera_cc_em_318_sigmar__cc_w3_minus__f3_u_minus_d.npz could not be reused (kernel source fingerprint mismatch); recomputing and overwriting it.
  (matrix,) = cached_arrays(
/Users/jkarpie-admin/work/building/pixel/src/pixel/kernels/matching.py:2809: RuntimeWarning: LOUD WARNING: kernel cache /Users/jkarpie-admin/work/building/pixel_closure/closure_JAM_truth_small/data/_kernel_cache/exp/hera_cc_em_318_sigmar__cc_w3_minus__f3_u_plus_d_minus_2s.npz could not be reused (kernel source fingerprint mismatch); recomputing and overwriting it.
  (matrix,) = cached_arrays(
/Users/jkarpie-admin/work/building/pixel/src/pixel/kernels/matching.py:2809: RuntimeWarning: LOUD WARNING: kernel cache /Users/jkarpie-admin/work/building/pixel_closure/closure_JAM_truth_small/data/_kernel_cache/exp/hera_cc_em_318_sigmar__cc_w3_minus__f3_u_plus_d_plus_s_minus_3c.npz could not be reused (kernel source fingerprint mismatch); recomputing and overwriting it.
  (matrix,) = cached_arrays(
/Users/jkarpie-admin/work/building/pixel/src/pixel/kernels/matching.py:2809: RuntimeWarning: LOUD WARNING: kernel cache /Users/jkarpie-admin/work/building/pixel_closure/closure_JAM_truth_small/data/_kernel_cache/exp/hera_cc_em_318_sigmar__cc_w3_minus__f3_singlet.npz could not be reused (kernel source fingerprint mismatch); recomputing and overwriting it.
  (matrix,) = cached_arrays(
   [time] build+kernels 1m 18s  mcmc 4.73s  marginal 27.5s  chi2 0.03s  fit total 1m 51s
   [time] fit 1m 51s  summary 0.36s  pdf-plot 0.55s  data-plot 0.82s  run total 1m 52s
[3/60] closure_JAM_truth_small Q=mc mode=dy prior=const_logrbf
/Users/jkarpie-admin/work/building/pixel/src/pixel/kernels/drell_yan/kernel.py:529: RuntimeWarning: LOUD WARNING: kernel cache /Users/jkarpie-admin/work/building/pixel_closure/closure_JAM_truth_small/data/_kernel_cache/dy/dy_e866_pp_qAqbB_u_ub_f8b62dbdd575.npz could not be reused (kernel source fingerprint mismatch); recomputing and overwriting it.
  (tensor,) = cached_arrays(
/Users/jkarpie-admin/work/building/pixel/src/pixel/kernels/drell_yan/kernel.py:529: RuntimeWarning: LOUD WARNING: kernel cache /Users/jkarpie-admin/work/building/pixel_closure/closure_JAM_truth_small/data/_kernel_cache/dy/dy_e866_pp_qAqbB_d_db_4cbdced5a97e.npz could not be reused (kernel source fingerprint mismatch); recomputing and overwriting it.
  (tensor,) = cached_arrays(
/Users/jkarpie-admin/work/building/pixel/src/pixel/kernels/drell_yan/kernel.py:529: RuntimeWarning: LOUD WARNING: kernel cache /Users/jkarpie-admin/work/building/pixel_closure/closure_JAM_truth_small/data/_kernel_cache/dy/dy_e866_pp_qAqbB_s_sb_e0d41ba473cb.npz could not be reused (kernel source fingerprint mismatch); recomputing and overwriting it.
  (tensor,) = cached_arrays(
/Users/jkarpie-admin/work/building/pixel/src/pixel/kernels/drell_yan/kernel.py:529: RuntimeWarning: LOUD WARNING: kernel cache /Users/jkarpie-admin/work/building/pixel_closure/closure_JAM_truth_small/data/_kernel_cache/dy/dy_e866_pp_qAqbB_c_cb_7a691926a9ac.npz could not be reused (kernel source fingerprint mismatch); recomputing and overwriting it.
  (tensor,) = cached_arrays(
/Users/jkarpie-admin/work/building/pixel/src/pixel/kernels/drell_yan/kernel.py:529: RuntimeWarning: LOUD WARNING: kernel cache /Users/jkarpie-admin/work/building/pixel_closure/closure_JAM_truth_small/data/_kernel_cache/dy/dy_e866_pp_qbAqB_ub_u_99df92305119.npz could not be reused (kernel source fingerprint mismatch); recomputing and overwriting it.
  (tensor,) = cached_arrays(
/Users/jkarpie-admin/work/building/pixel/src/pixel/kernels/drell_yan/kernel.py:529: RuntimeWarning: LOUD WARNING: kernel cache /Users/jkarpie-admin/work/building/pixel_closure/closure_JAM_truth_small/data/_kernel_cache/dy/dy_e866_pp_qbAqB_db_d_2846a583cb55.npz could not be reused (kernel source fingerprint mismatch); recomputing and overwriting it.
  (tensor,) = cached_arrays(
/Users/jkarpie-admin/work/building/pixel/src/pixel/kernels/drell_yan/kernel.py:529: RuntimeWarning: LOUD WARNING: kernel cache /Users/jkarpie-admin/work/building/pixel_closure/closure_JAM_truth_small/data/_kernel_cache/dy/dy_e866_pp_qbAqB_sb_s_2fd4f10061f8.npz could not be reused (kernel source fingerprint mismatch); recomputing and overwriting it.
  (tensor,) = cached_arrays(
/Users/jkarpie-admin/work/building/pixel/src/pixel/kernels/drell_yan/kernel.py:529: RuntimeWarning: LOUD WARNING: kernel cache /Users/jkarpie-admin/work/building/pixel_closure/closure_JAM_truth_small/data/_kernel_cache/dy/dy_e866_pp_qbAqB_cb_c_bb4a7d7bb535.npz could not be reused (kernel source fingerprint mismatch); recomputing and overwriting it.
  (tensor,) = cached_arrays(
/Users/jkarpie-admin/work/building/pixel/src/pixel/kernels/drell_yan/kernel.py:529: RuntimeWarning: LOUD WARNING: kernel cache /Users/jkarpie-admin/work/building/pixel_closure/closure_JAM_truth_small/data/_kernel_cache/dy/dy_e866_pd_qAqbB_u_ub_f8b62dbdd575.npz could not be reused (kernel source fingerprint mismatch); recomputing and overwriting it.
  (tensor,) = cached_arrays(
/Users/jkarpie-admin/work/building/pixel/src/pixel/kernels/drell_yan/kernel.py:529: RuntimeWarning: LOUD WARNING: kernel cache /Users/jkarpie-admin/work/building/pixel_closure/closure_JAM_truth_small/data/_kernel_cache/dy/dy_e866_pd_qAqbB_d_db_4cbdced5a97e.npz could not be reused (kernel source fingerprint mismatch); recomputing and overwriting it.
  (tensor,) = cached_arrays(
/Users/jkarpie-admin/work/building/pixel/src/pixel/kernels/drell_yan/kernel.py:529: RuntimeWarning: LOUD WARNING: kernel cache /Users/jkarpie-admin/work/building/pixel_closure/closure_JAM_truth_small/data/_kernel_cache/dy/dy_e866_pd_qAqbB_s_sb_e0d41ba473cb.npz could not be reused (kernel source fingerprint mismatch); recomputing and overwriting it.
  (tensor,) = cached_arrays(
/Users/jkarpie-admin/work/building/pixel/src/pixel/kernels/drell_yan/kernel.py:529: RuntimeWarning: LOUD WARNING: kernel cache /Users/jkarpie-admin/work/building/pixel_closure/closure_JAM_truth_small/data/_kernel_cache/dy/dy_e866_pd_qAqbB_c_cb_7a691926a9ac.npz could not be reused (kernel source fingerprint mismatch); recomputing and overwriting it.
  (tensor,) = cached_arrays(
/Users/jkarpie-admin/work/building/pixel/src/pixel/kernels/drell_yan/kernel.py:529: RuntimeWarning: LOUD WARNING: kernel cache /Users/jkarpie-admin/work/building/pixel_closure/closure_JAM_truth_small/data/_kernel_cache/dy/dy_e866_pd_qbAqB_ub_u_99df92305119.npz could not be reused (kernel source fingerprint mismatch); recomputing and overwriting it.
  (tensor,) = cached_arrays(
/Users/jkarpie-admin/work/building/pixel/src/pixel/kernels/drell_yan/kernel.py:529: RuntimeWarning: LOUD WARNING: kernel cache /Users/jkarpie-admin/work/building/pixel_closure/closure_JAM_truth_small/data/_kernel_cache/dy/dy_e866_pd_qbAqB_db_d_2846a583cb55.npz could not be reused (kernel source fingerprint mismatch); recomputing and overwriting it.
  (tensor,) = cached_arrays(
/Users/jkarpie-admin/work/building/pixel/src/pixel/kernels/drell_yan/kernel.py:529: RuntimeWarning: LOUD WARNING: kernel cache /Users/jkarpie-admin/work/building/pixel_closure/closure_JAM_truth_small/data/_kernel_cache/dy/dy_e866_pd_qbAqB_sb_s_2fd4f10061f8.npz could not be reused (kernel source fingerprint mismatch); recomputing and overwriting it.
  (tensor,) = cached_arrays(
/Users/jkarpie-admin/work/building/pixel/src/pixel/kernels/drell_yan/kernel.py:529: RuntimeWarning: LOUD WARNING: kernel cache /Users/jkarpie-admin/work/building/pixel_closure/closure_JAM_truth_small/data/_kernel_cache/dy/dy_e866_pd_qbAqB_cb_c_bb4a7d7bb535.npz could not be reused (kernel source fingerprint mismatch); recomputing and overwriting it.
  (tensor,) = cached_arrays(
   [time] build+kernels 1.87s  mcmc 1m 24s  marginal 0.00s  chi2 0.28s  fit total 1m 26s
   [time] fit 1m 26s  summary 0.47s  pdf-plot 0.53s  data-plot 0.18s  run total 1m 27s
[4/60] closure_JAM_truth_small Q=mc mode=exp prior=const_logrbf
   [time] build+kernels 6.15s  mcmc 1m 48s  marginal 0.00s  chi2 0.05s  fit total 1m 55s
   [time] fit 1m 55s  summary 0.46s  pdf-plot 0.46s  data-plot 0.82s  run total 1m 56s
[5/60] closure_JAM_truth_small Q=mc mode=both prior=const_logrbf
   [time] build+kernels 5.08s  mcmc 1m 38s  marginal 0.00s  chi2 0.05s  fit total 1m 43s
   [time] fit 1m 43s  summary 0.49s  pdf-plot 0.44s  data-plot 1.63s  run total 1m 45s
[6/60] closure_JAM_truth_small Q=1 mode=lattice prior=const_logrbf
   [time] build+kernels 0.11s  mcmc 0.19s  marginal 0.00s  chi2 0.02s  fit total 0.32s
   [time] fit 0.35s  summary 0.03s  pdf-plot 0.43s  data-plot 1.10s  run total 1.91s
[7/60] closure_JAM_truth_small Q=1 mode=dis prior=const_logrbf
   [time] build+kernels 3.02s  mcmc 3.63s  marginal 22.7s  chi2 0.02s  fit total 29.4s
   [time] fit 29.4s  summary 0.05s  pdf-plot 0.43s  data-plot 0.60s  run total 30.5s
[8/60] closure_JAM_truth_small Q=1 mode=dy prior=const_logrbf
   [time] build+kernels 1.09s  mcmc 1m 10s  marginal 0.00s  chi2 0.01s  fit total 1m 11s
   [time] fit 1m 11s  summary 0.39s  pdf-plot 0.44s  data-plot 0.15s  run total 1m 12s
[9/60] closure_JAM_truth_small Q=1 mode=exp prior=const_logrbf
   [time] build+kernels 5.37s  mcmc 1m 33s  marginal 0.00s  chi2 0.03s  fit total 1m 38s
   [time] fit 1m 38s  summary 0.46s  pdf-plot 0.43s  data-plot 0.80s  run total 1m 40s
[10/60] closure_JAM_truth_small Q=1 mode=both prior=const_logrbf
   [time] build+kernels 5.54s  mcmc 2m 01s  marginal 0.00s  chi2 0.03s  fit total 2m 06s
   [time] fit 2m 06s  summary 0.49s  pdf-plot 0.43s  data-plot 1.64s  run total 2m 09s
[11/60] closure_JAM_truth_small Q=2 mode=lattice prior=const_logrbf
   [time] build+kernels 0.11s  mcmc 0.19s  marginal 0.00s  chi2 0.02s  fit total 0.32s
   [time] fit 0.34s  summary 0.03s  pdf-plot 0.42s  data-plot 1.00s  run total 1.80s
[12/60] closure_JAM_truth_small Q=2 mode=dis prior=const_logrbf
   [time] build+kernels 2.46s  mcmc 3.67s  marginal 22.8s  chi2 0.02s  fit total 29.0s
   [time] fit 29.0s  summary 0.06s  pdf-plot 0.43s  data-plot 0.68s  run total 30.1s
[13/60] closure_JAM_truth_small Q=2 mode=dy prior=const_logrbf
   [time] build+kernels 1.10s  mcmc 1m 09s  marginal 0.00s  chi2 0.01s  fit total 1m 10s
   [time] fit 1m 10s  summary 0.39s  pdf-plot 0.43s  data-plot 0.14s  run total 1m 11s
[14/60] closure_JAM_truth_small Q=2 mode=exp prior=const_logrbf
   [time] build+kernels 4.86s  mcmc 1m 33s  marginal 0.00s  chi2 0.03s  fit total 1m 38s
   [time] fit 1m 38s  summary 0.46s  pdf-plot 0.44s  data-plot 0.83s  run total 1m 39s
[16/60] closure_JAM_truth_small Q=3 mode=lattice prior=const_logrbf
   [time] build+kernels 0.11s  mcmc 0.19s  marginal 0.00s  chi2 0.02s  fit total 0.32s
   [time] fit 0.34s  summary 0.03s  pdf-plot 0.42s  data-plot 0.99s  run total 1.78s
[17/60] closure_JAM_truth_small Q=3 mode=dis prior=const_logrbf
   [time] build+kernels 3.07s  mcmc 3.59s  marginal 22.7s  chi2 0.02s  fit total 29.4s
   [time] fit 29.4s  summary 0.07s  pdf-plot 0.44s  data-plot 0.59s  run total 30.5s
[18/60] closure_JAM_truth_small Q=3 mode=dy prior=const_logrbf
   [time] build+kernels 1.09s  mcmc 1m 09s  marginal 0.00s  chi2 0.01s  fit total 1m 11s
   [time] fit 1m 11s  summary 0.39s  pdf-plot 0.53s  data-plot 0.15s  run total 1m 12s
[19/60] closure_JAM_truth_small Q=3 mode=exp prior=const_logrbf
   [time] build+kernels 5.33s  mcmc 1m 37s  marginal 0.00s  chi2 0.03s  fit total 1m 42s
   [time] fit 1m 42s  summary 0.45s  pdf-plot 0.43s  data-plot 0.80s  run total 1m 44s
[20/60] closure_JAM_truth_small Q=3 mode=both prior=const_logrbf
   [time] build+kernels 5.45s  mcmc 1m 42s  marginal 0.00s  chi2 0.03s  fit total 1m 47s
   [time] fit 1m 47s  summary 0.48s  pdf-plot 0.51s  data-plot 1.54s  run total 1m 50s
[21/60] closure_JAM_truth_small Q=4 mode=lattice prior=const_logrbf
   [time] build+kernels 0.21s  mcmc 0.19s  marginal 0.00s  chi2 0.02s  fit total 0.42s
   [time] fit 0.44s  summary 0.03s  pdf-plot 0.42s  data-plot 0.99s  run total 1.88s
[22/60] closure_JAM_truth_small Q=4 mode=dis prior=const_logrbf
   [time] build+kernels 2.46s  mcmc 3.59s  marginal 22.7s  chi2 0.02s  fit total 28.8s
   [time] fit 28.8s  summary 0.05s  pdf-plot 0.42s  data-plot 0.70s  run total 30.0s
[23/60] closure_JAM_truth_small Q=4 mode=dy prior=const_logrbf
   [time] build+kernels 1.09s  mcmc 1m 09s  marginal 0.00s  chi2 0.01s  fit total 1m 11s
   [time] fit 1m 11s  summary 0.39s  pdf-plot 0.43s  data-plot 0.14s  run total 1m 11s
[24/60] closure_JAM_truth_small Q=4 mode=exp prior=const_logrbf
   [time] build+kernels 4.83s  mcmc 1m 33s  marginal 0.00s  chi2 0.03s  fit total 1m 37s
   [time] fit 1m 37s  summary 0.46s  pdf-plot 0.43s  data-plot 0.82s  run total 1m 39s
[25/60] closure_JAM_truth_small Q=4 mode=both prior=const_logrbf
   [time] build+kernels 4.81s  mcmc 1m 42s  marginal 0.00s  chi2 0.03s  fit total 1m 47s
   [time] fit 1m 47s  summary 0.49s  pdf-plot 0.42s  data-plot 1.66s  run total 1m 49s
[26/60] closure_JAM_truth_small Q=5 mode=lattice prior=const_logrbf
   [time] build+kernels 0.11s  mcmc 0.18s  marginal 0.00s  chi2 0.02s  fit total 0.31s
   [time] fit 0.33s  summary 0.03s  pdf-plot 0.41s  data-plot 1.12s  run total 1.90s
[27/60] closure_JAM_truth_small Q=5 mode=dis prior=const_logrbf
   [time] build+kernels 2.47s  mcmc 3.48s  marginal 22.7s  chi2 0.02s  fit total 28.7s
   [time] fit 28.7s  summary 0.05s  pdf-plot 0.51s  data-plot 0.59s  run total 29.8s
[28/60] closure_JAM_truth_small Q=5 mode=dy prior=const_logrbf
   [time] build+kernels 1.09s  mcmc 1m 09s  marginal 0.00s  chi2 0.01s  fit total 1m 10s
   [time] fit 1m 10s  summary 0.39s  pdf-plot 0.44s  data-plot 0.15s  run total 1m 11s
[29/60] closure_JAM_truth_small Q=5 mode=exp prior=const_logrbf
   [time] build+kernels 4.79s  mcmc 1m 33s  marginal 0.00s  chi2 0.03s  fit total 1m 37s
   [time] fit 1m 37s  summary 0.45s  pdf-plot 0.43s  data-plot 0.72s  run total 1m 39s
[30/60] closure_JAM_truth_small Q=5 mode=both prior=const_logrbf
   [time] build+kernels 4.91s  mcmc 1m 47s  marginal 0.00s  chi2 0.03s  fit total 1m 52s
   [time] fit 1m 52s  summary 0.49s  pdf-plot 0.42s  data-plot 1.66s  run total 1m 55s
[31/60] closure_JAM_truth_small Q=mc mode=lattice prior=beta_envelope
   [time] build+kernels 0.08s  mcmc 0.27s  marginal 0.00s  chi2 0.02s  fit total 0.36s
   [time] fit 0.39s  summary 0.03s  pdf-plot 0.41s  data-plot 0.97s  run total 1.81s
[32/60] closure_JAM_truth_small Q=mc mode=dis prior=beta_envelope
   [time] build+kernels 1.93s  mcmc 3.54s  marginal 21.8s  chi2 0.02s  fit total 27.3s
   [time] fit 27.3s  summary 0.05s  pdf-plot 0.43s  data-plot 0.67s  run total 28.4s
[33/60] closure_JAM_truth_small Q=mc mode=dy prior=beta_envelope
   [time] build+kernels 1.06s  mcmc 1m 09s  marginal 0.00s  chi2 0.01s  fit total 1m 10s
   [time] fit 1m 10s  summary 0.39s  pdf-plot 0.42s  data-plot 0.15s  run total 1m 11s
[34/60] closure_JAM_truth_small Q=mc mode=exp prior=beta_envelope
   [time] build+kernels 4.12s  mcmc 1m 32s  marginal 0.00s  chi2 0.03s  fit total 1m 36s
   [time] fit 1m 36s  summary 0.45s  pdf-plot 0.44s  data-plot 0.82s  run total 1m 38s
[35/60] closure_JAM_truth_small Q=mc mode=both prior=beta_envelope
   [time] build+kernels 4.09s  mcmc 1m 37s  marginal 0.00s  chi2 0.03s  fit total 1m 41s
   [time] fit 1m 41s  summary 0.48s  pdf-plot 0.42s  data-plot 1.62s  run total 1m 43s
[36/60] closure_JAM_truth_small Q=1 mode=lattice prior=beta_envelope
   [time] build+kernels 0.08s  mcmc 0.19s  marginal 0.00s  chi2 0.02s  fit total 0.29s
   [time] fit 0.31s  summary 0.04s  pdf-plot 0.44s  data-plot 1.09s  run total 1.87s
[37/60] closure_JAM_truth_small Q=1 mode=dis prior=beta_envelope
   [time] build+kernels 1.83s  mcmc 3.66s  marginal 21.8s  chi2 0.02s  fit total 27.3s
   [time] fit 27.3s  summary 0.05s  pdf-plot 0.43s  data-plot 0.59s  run total 28.4s
[38/60] closure_JAM_truth_small Q=1 mode=dy prior=beta_envelope
   [time] build+kernels 1.06s  mcmc 1m 09s  marginal 0.00s  chi2 0.01s  fit total 1m 10s
   [time] fit 1m 10s  summary 0.40s  pdf-plot 0.42s  data-plot 0.14s  run total 1m 11s
[39/60] closure_JAM_truth_small Q=1 mode=exp prior=beta_envelope
   [time] build+kernels 3.98s  mcmc 1m 32s  marginal 0.00s  chi2 0.03s  fit total 1m 36s
   [time] fit 1m 36s  summary 0.45s  pdf-plot 0.43s  data-plot 0.72s  run total 1m 38s
[40/60] closure_JAM_truth_small Q=1 mode=both prior=beta_envelope
   [time] build+kernels 4.20s  mcmc 1m 37s  marginal 0.00s  chi2 0.03s  fit total 1m 41s
   [time] fit 1m 41s  summary 0.48s  pdf-plot 0.43s  data-plot 1.63s  run total 1m 44s
[41/60] closure_JAM_truth_small Q=2 mode=lattice prior=beta_envelope
   [time] build+kernels 0.08s  mcmc 0.20s  marginal 0.00s  chi2 0.02s  fit total 0.30s
   [time] fit 0.32s  summary 0.04s  pdf-plot 0.43s  data-plot 0.99s  run total 1.77s
[42/60] closure_JAM_truth_small Q=2 mode=dis prior=beta_envelope
   [time] build+kernels 2.01s  mcmc 3.53s  marginal 21.8s  chi2 0.02s  fit total 27.3s
   [time] fit 27.3s  summary 0.05s  pdf-plot 0.43s  data-plot 0.68s  run total 28.5s
[43/60] closure_JAM_truth_small Q=2 mode=dy prior=beta_envelope
   [time] build+kernels 1.07s  mcmc 1m 09s  marginal 0.00s  chi2 0.01s  fit total 1m 10s
   [time] fit 1m 10s  summary 0.39s  pdf-plot 0.42s  data-plot 0.14s  run total 1m 11s
[44/60] closure_JAM_truth_small Q=2 mode=exp prior=beta_envelope
   [time] build+kernels 4.17s  mcmc 1m 32s  marginal 0.00s  chi2 0.02s  fit total 1m 37s
   [time] fit 1m 37s  summary 0.45s  pdf-plot 0.43s  data-plot 0.73s  run total 1m 38s
[46/60] closure_JAM_truth_small Q=3 mode=lattice prior=beta_envelope
   [time] build+kernels 0.08s  mcmc 0.19s  marginal 0.00s  chi2 0.02s  fit total 0.29s
   [time] fit 0.31s  summary 0.04s  pdf-plot 0.42s  data-plot 1.09s  run total 1.86s
[47/60] closure_JAM_truth_small Q=3 mode=dis prior=beta_envelope
   [time] build+kernels 2.26s  mcmc 3.69s  marginal 21.6s  chi2 0.02s  fit total 27.6s
   [time] fit 27.6s  summary 0.05s  pdf-plot 0.42s  data-plot 0.58s  run total 28.6s
[48/60] closure_JAM_truth_small Q=3 mode=dy prior=beta_envelope
   [time] build+kernels 1.06s  mcmc 1m 09s  marginal 0.00s  chi2 0.01s  fit total 1m 10s
   [time] fit 1m 10s  summary 0.39s  pdf-plot 0.43s  data-plot 0.15s  run total 1m 11s
[49/60] closure_JAM_truth_small Q=3 mode=exp prior=beta_envelope
   [time] build+kernels 4.57s  mcmc 1m 32s  marginal 0.00s  chi2 0.03s  fit total 1m 37s
   [time] fit 1m 37s  summary 0.45s  pdf-plot 0.53s  data-plot 0.71s  run total 1m 38s
[50/60] closure_JAM_truth_small Q=3 mode=both prior=beta_envelope
   [time] build+kernels 4.60s  mcmc 1m 37s  marginal 0.00s  chi2 0.03s  fit total 1m 41s
   [time] fit 1m 41s  summary 0.48s  pdf-plot 0.55s  data-plot 1.54s  run total 1m 44s
[51/60] closure_JAM_truth_small Q=4 mode=lattice prior=beta_envelope
   [time] build+kernels 0.08s  mcmc 0.29s  marginal 0.00s  chi2 0.02s  fit total 0.39s
   [time] fit 0.41s  summary 0.04s  pdf-plot 0.45s  data-plot 1.00s  run total 1.89s
[52/60] closure_JAM_truth_small Q=4 mode=dis prior=beta_envelope
   [time] build+kernels 1.97s  mcmc 3.51s  marginal 21.9s  chi2 0.02s  fit total 27.4s
   [time] fit 27.4s  summary 0.05s  pdf-plot 0.41s  data-plot 0.69s  run total 28.5s
[53/60] closure_JAM_truth_small Q=4 mode=dy prior=beta_envelope
   [time] build+kernels 1.07s  mcmc 1m 09s  marginal 0.00s  chi2 0.01s  fit total 1m 10s
   [time] fit 1m 10s  summary 0.39s  pdf-plot 0.41s  data-plot 0.14s  run total 1m 11s
[54/60] closure_JAM_truth_small Q=4 mode=exp prior=beta_envelope
   [time] build+kernels 4.10s  mcmc 1m 32s  marginal 0.00s  chi2 0.03s  fit total 1m 36s
   [time] fit 1m 36s  summary 0.45s  pdf-plot 0.41s  data-plot 0.86s  run total 1m 38s
[55/60] closure_JAM_truth_small Q=4 mode=both prior=beta_envelope
   [time] build+kernels 4.06s  mcmc 1m 37s  marginal 0.00s  chi2 0.03s  fit total 1m 41s
   [time] fit 1m 41s  summary 0.48s  pdf-plot 0.42s  data-plot 1.67s  run total 1m 43s
[56/60] closure_JAM_truth_small Q=5 mode=lattice prior=beta_envelope
   [time] build+kernels 0.08s  mcmc 0.20s  marginal 0.00s  chi2 0.02s  fit total 0.30s
   [time] fit 0.32s  summary 0.04s  pdf-plot 0.43s  data-plot 1.00s  run total 1.79s
[57/60] closure_JAM_truth_small Q=5 mode=dis prior=beta_envelope
   [time] build+kernels 2.06s  mcmc 3.68s  marginal 21.7s  chi2 0.02s  fit total 27.5s
   [time] fit 27.5s  summary 0.05s  pdf-plot 0.50s  data-plot 0.60s  run total 28.6s
[58/60] closure_JAM_truth_small Q=5 mode=dy prior=beta_envelope
   [time] build+kernels 1.07s  mcmc 1m 09s  marginal 0.00s  chi2 0.01s  fit total 1m 10s
   [time] fit 1m 10s  summary 0.39s  pdf-plot 0.41s  data-plot 0.15s  run total 1m 11s
[59/60] closure_JAM_truth_small Q=5 mode=exp prior=beta_envelope
   [time] build+kernels 4.21s  mcmc 1m 32s  marginal 0.00s  chi2 0.03s  fit total 1m 37s
   [time] fit 1m 37s  summary 0.45s  pdf-plot 0.42s  data-plot 0.73s  run total 1m 38s
[60/60] closure_JAM_truth_small Q=5 mode=both prior=beta_envelope
   [time] build+kernels 4.27s  mcmc 1m 37s  marginal 0.00s  chi2 0.03s  fit total 1m 41s
   [time] fit 1m 41s  summary 0.48s  pdf-plot 0.55s  data-plot 1.56s  run total 1m 43s

[campaign] closure_JAM_truth_small: 58 ok, 0 failed, 2 skipped in 60.7 min -> /Users/jkarpie-admin/work/building/pixel_closure/campaign/singlet_serial

### COMPARISONS 11:16:38
closure_JAM_truth_small      const_logrbf    30 summaries, 0 failed -> cross_Q_coverage, 5 ratio grid(s)
closure_JAM_truth_small      beta_envelope   30 summaries, 0 failed -> cross_Q_coverage, 5 ratio grid(s)
closure_NNPDF_truth_small    const_logrbf    30 summaries, 0 failed -> cross_Q_coverage, 5 ratio grid(s)
closure_NNPDF_truth_small    beta_envelope   30 summaries, 0 failed -> cross_Q_coverage, 5 ratio grid(s)

Ratio grids come from the saved posteriors; a run made before those were persisted reports 0 of them.

==============================================================================
singlet_serial: 120 rows, 120 ok, 0 failed

suite                       prior              ran  endpoint worst  sumrule worst
------------------------------------------------------------------------------
closure_JAM_truth_small     const_logrbf     30/30        3.95e-04       2.37e-05
closure_JAM_truth_small     beta_envelope    30/30        6.76e-04       4.15e-06
closure_NNPDF_truth_small   const_logrbf     30/30        1.11e-03       4.91e-05
closure_NNPDF_truth_small   beta_envelope    30/30        1.06e-03       6.37e-05

cells whose worst ABSOLUTE constraint residual exceeds the 1e-04 constraint SD:
   const_logrbf      12/60    JAM:5, NNPDF:7
   beta_envelope     39/60    JAM:30, NNPDF:9

mode                       n  median s  total min
lattice                   24       1.9        2.7
dis                       24      31.6       49.4
dy                        24      77.2      148.2
exp                       24     106.2      252.5
both                      24     121.3      236.4

### ALL DONE 11:16:52
