PdfType: replica
Format: lhagrid1
---
1.00000E-06 1.28121E-06 1.64152E-06 2.10317E-06 2.69463E-06 3.45242E-06 4.42329E-06 5.66715E-06 7.26076E-06 9.30241E-06 1.19180E-05 1.52689E-05 1.95617E-05 2.50609E-05 3.21053E-05 4.11287E-05 5.26863E-05 6.74889E-05 8.64459E-05 1.10720E-04 1.41800E-04 1.81585E-04 2.32503E-04 2.97652E-04 3.80981E-04 4.87518E-04 6.26039E-04 8.00452E-04 1.02297E-03 1.30657E-03 1.66759E-03 2.12729E-03 2.71054E-03 3.44865E-03 4.37927E-03 5.54908E-03 7.01192E-03 8.83064E-03 1.10763E-02 1.38266E-02 1.71641E-02 2.11717E-02 2.59364E-02 3.15062E-02 3.79623E-02 4.53425E-02 5.36750E-02 6.29705E-02 7.32221E-02 8.44039E-02 9.64793E-02 1.09332E-01 1.23067E-01 1.37507E-01 1.52639E-01 1.68416E-01 1.84794E-01 2.01731E-01 2.19016E-01 2.36948E-01 2.55242E-01 2.73927E-01 2.92954E-01 3.12340E-01 3.32036E-01 3.52019E-01 3.72282E-01 3.92772E-01 4.13533E-01 4.34326E-01 4.55495E-01 4.76836E-01 4.98342E-01 5.20006E-01 5.41818E-01 5.63773E-01 5.85861E-01 6.08077E-01 6.30459E-01 6.52800E-01 6.75387E-01 6.98063E-01 7.20830E-01 7.43683E-01 7.66623E-01 7.89636E-01 8.12791E-01 8.35940E-01 8.59175E-01 8.82485E-01 9.05866E-01 9.29311E-01 9.52817E-01 9.76387E-01 1.00000E+00 
1.14018E+00 1.22539E+00 1.32482E+00 1.44156E+00 1.57954E+00 1.74381E+00 1.94091E+00 2.12132E+00 2.17945E+00 2.49622E+00 2.89383E+00 3.39925E+00 4.05063E+00 4.90286E+00 6.03623E+00 7.57063E+00 9.68869E+00 1.26749E+01 1.69835E+01 2.33578E+01 3.30501E+01 4.82334E+01 7.28041E+01 1.13998E+02 1.85779E+02 3.16228E+02 
-5 -4 -3 -2 -1 1 2 3 4 5 21 
7.02239E-02 2.46765E-01 4.03711E+01 -6.15711E+00 -6.15722E+00 -6.15726E+00 -6.15709E+00 4.03692E+01 2.46765E-01 7.02239E-02 -3.72038E+00 
7.02239E-02 2.46765E-01 3.98112E+01 -6.01100E+00 -6.01111E+00 -6.01114E+00 -6.01096E+00 3.98093E+01 2.46765E-01 7.02239E-02 -1.24821E+00 
7.02239E-02 2.82244E-02 3.92739E+01 -5.84899E+00 -5.84911E+00 -5.84913E+00 -5.84893E+00 3.92720E+01 2.82244E-02 7.02239E-02 1.45711E+00 
7.02239E-02 1.08428E-01 3.87606E+01 -5.66868E+00 -5.66880E+00 -5.66881E+00 -5.66859E+00 3.87586E+01 1.08428E-01 7.02239E-02 4.42171E+00 
7.02239E-02 2.11859E-01 3.82680E+01 -5.46481E+00 -5.46494E+00 -5.46494E+00 -5.46470E+00 3.82661E+01 2.11859E-01 7.02239E-02 7.80969E+00 
7.02239E-02 3.42007E-01 3.78006E+01 -5.23405E+00 -5.23417E+00 -5.23416E+00 -5.23390E+00 3.77986E+01 3.42007E-01 7.02239E-02 1.17227E+01 
7.02239E-02 5.02814E-01 3.73629E+01 -4.97255E+00 -4.97268E+00 -4.97266E+00 -4.97238E+00 3.73609E+01 5.02814E-01 7.02239E-02 1.62842E+01 
7.02239E-02 6.51069E-01 3.70478E+01 -4.74642E+00 -4.74655E+00 -4.74652E+00 -4.74623E+00 3.70458E+01 6.51069E-01 7.02239E-02 2.03513E+01 
7.02239E-02 6.98709E-01 3.69600E+01 -4.67602E+00 -4.67616E+00 -4.67612E+00 -4.67582E+00 3.69580E+01 6.98709E-01 7.02239E-02 2.16417E+01 
7.02239E-02 9.55001E-01 3.65711E+01 -4.31141E+00 -4.31155E+00 -4.31150E+00 -4.31117E+00 3.65692E+01 9.55001E-01 7.02239E-02 2.85116E+01 
7.02239E-02 1.26500E+00 3.62372E+01 -3.89342E+00 -3.89356E+00 -3.89350E+00 -3.89314E+00 3.62352E+01 1.26500E+00 7.02239E-02 3.67691E+01 
7.02239E-02 1.63680E+00 3.59671E+01 -3.41407E+00 -3.41421E+00 -3.41414E+00 -3.41376E+00 3.59651E+01 1.63680E+00 7.02239E-02 4.67178E+01 
7.02239E-02 2.07962E+00 3.57707E+01 -2.86428E+00 -2.86443E+00 -2.86433E+00 -2.86393E+00 3.57687E+01 2.07962E+00 7.02239E-02 5.87102E+01 
4.16015E-01 2.55933E+00 3.56207E+01 -2.27932E+00 -2.27947E+00 -2.27936E+00 -2.27893E+00 3.56187E+01 2.55933E+00 4.16015E-01 7.28977E+01 
1.00602E+00 3.12543E+00 3.55580E+01 -1.60823E+00 -1.60839E+00 -1.60826E+00 -1.60779E+00 3.55560E+01 3.12543E+00 1.00602E+00 8.98361E+01 
1.70683E+00 3.80221E+00 3.56061E+01 -8.26621E-01 -8.26790E-01 -8.26639E-01 -8.26138E-01 3.56041E+01 3.80221E+00 1.70683E+00 1.10086E+02 
2.53538E+00 4.60664E+00 3.57829E+01 8.23285E-02 8.21525E-02 8.23255E-02 8.28611E-02 3.57809E+01 4.60664E+00 2.53538E+00 1.34236E+02 
3.51086E+00 5.55791E+00 3.61084E+01 1.13768E+00 1.13750E+00 1.13770E+00 1.13827E+00 3.61064E+01 5.55791E+00 3.51086E+00 1.62945E+02 
4.65491E+00 6.67772E+00 3.66052E+01 2.36098E+00 2.36079E+00 2.36102E+00 2.36162E+00 3.66031E+01 6.67772E+00 4.65491E+00 1.96950E+02 
5.99187E+00 7.99041E+00 3.72983E+01 3.77645E+00 3.77626E+00 3.77650E+00 3.77715E+00 3.72962E+01 7.99041E+00 5.99187E+00 2.37062E+02 
7.54898E+00 9.52326E+00 3.82157E+01 5.41124E+00 5.41104E+00 5.41131E+00 5.41201E+00 3.82136E+01 9.52326E+00 7.54898E+00 2.84168E+02 
9.35660E+00 1.13066E+01 3.93885E+01 7.29563E+00 7.29542E+00 7.29572E+00 7.29646E+00 3.93864E+01 1.13066E+01 9.35660E+00 3.39230E+02 
1.14484E+01 1.33743E+01 4.08509E+01 9.46324E+00 9.46302E+00 9.46336E+00 9.46414E+00 4.08488E+01 1.33743E+01 1.14484E+01 4.03278E+02 
1.38616E+01 1.57634E+01 4.26408E+01 1.19511E+01 1.19509E+01 1.19513E+01 1.19521E+01 4.26386E+01 1.57634E+01 1.38616E+01 4.77410E+02 
1.66370E+01 1.85147E+01 4.47994E+01 1.48001E+01 1.47998E+01 1.48002E+01 1.48011E+01 4.47972E+01 1.85147E+01 1.66370E+01 5.62783E+02 
1.98190E+01 2.16728E+01 4.73716E+01 1.80545E+01 1.80542E+01 1.80547E+01 1.80556E+01 4.73695E+01 2.16728E+01 1.98190E+01 6.60604E+02 
6.50798E-02 2.29550E-01 3.49456E+01 -5.21721E+00 -5.21733E+00 -5.21734E+00 -5.21711E+00 3.49437E+01 2.29550E-01 6.50798E-02 -3.32943E+00 
6.50798E-02 2.29550E-01 3.44637E+01 -5.08905E+00 -5.08917E+00 -5.08917E+00 -5.08893E+00 3.44617E+01 2.29550E-01 6.50798E-02 -1.11881E+00 
6.50798E-02 2.62497E-02 3.40024E+01 -4.94599E+00 -4.94611E+00 -4.94610E+00 -4.94584E+00 3.40005E+01 2.62497E-02 6.50798E-02 1.31414E+00 
6.50798E-02 1.00861E-01 3.35632E+01 -4.78580E+00 -4.78593E+00 -4.78591E+00 -4.78562E+00 3.35612E+01 1.00861E-01 6.50798E-02 3.99459E+00 
6.50798E-02 1.97081E-01 3.31435E+01 -4.60373E+00 -4.60387E+00 -4.60383E+00 -4.60352E+00 3.31415E+01 1.97081E-01 6.50798E-02 7.07464E+00 
6.50798E-02 3.18123E-01 3.27471E+01 -4.39668E+00 -4.39682E+00 -4.39678E+00 -4.39644E+00 3.27451E+01 3.18123E-01 6.50798E-02 1.06499E+01 
6.50798E-02 4.67608E-01 3.23785E+01 -4.16114E+00 -4.16128E+00 -4.16122E+00 -4.16087E+00 3.23765E+01 4.67608E-01 6.50798E-02 1.48359E+01 
6.50798E-02 6.05351E-01 3.21151E+01 -3.95683E+00 -3.95698E+00 -3.95691E+00 -3.95654E+00 3.21131E+01 6.05351E-01 6.50798E-02 1.85801E+01 
6.50798E-02 6.49597E-01 3.20421E+01 -3.89314E+00 -3.89329E+00 -3.89321E+00 -3.89283E+00 3.20401E+01 6.49597E-01 6.50798E-02 1.97699E+01 
6.50798E-02 8.87512E-01 3.17215E+01 -3.56264E+00 -3.56280E+00 -3.56271E+00 -3.56230E+00 3.17194E+01 8.87512E-01 6.50798E-02 2.61148E+01 
6.50798E-02 1.17502E+00 3.14515E+01 -3.18284E+00 -3.18300E+00 -3.18289E+00 -3.18245E+00 3.14495E+01 1.17502E+00 6.50798E-02 3.37564E+01 
6.50798E-02 1.51950E+00 3.12403E+01 -2.74645E+00 -2.74661E+00 -2.74649E+00 -2.74602E+00 3.12383E+01 1.51950E+00 6.50798E-02 4.29732E+01 
6.50798E-02 1.92933E+00 3.10967E+01 -2.24520E+00 -2.24537E+00 -2.24523E+00 -2.24473E+00 3.10947E+01 1.92933E+00 6.50798E-02 5.40868E+01 
3.85367E-01 2.37381E+00 3.09961E+01 -1.71078E+00 -1.71096E+00 -1.71080E+00 -1.71026E+00 3.09940E+01 2.37381E+00 3.85367E-01 6.72148E+01 
9.31217E-01 2.89780E+00 3.09757E+01 -1.09709E+00 -1.09728E+00 -1.09709E+00 -1.09652E+00 3.09736E+01 2.89780E+00 9.31217E-01 8.28691E+01 
1.57861E+00 3.52321E+00 3.10569E+01 -3.82110E-01 -3.82303E-01 -3.82094E-01 -3.81484E-01 3.10548E+01 3.52321E+00 1.57861E+00 1.01558E+02 
2.34278E+00 4.26530E+00 3.12556E+01 4.49285E-01 4.49085E-01 4.49318E-01 4.49968E-01 3.12535E+01 4.26530E+00 2.34278E+00 1.23807E+02 
3.24092E+00 5.14129E+00 3.15898E+01 1.41419E+00 1.41398E+00 1.41424E+00 1.41494E+00 3.15877E+01 5.14129E+00 3.24092E+00 1.50203E+02 
4.29238E+00 6.17054E+00 3.20797E+01 2.53186E+00 2.53165E+00 2.53193E+00 2.53267E+00 3.20776E+01 6.17054E+00 4.29238E+00 1.81398E+02 
5.51881E+00 7.37474E+00 3.27475E+01 3.82386E+00 3.82364E+00 3.82396E+00 3.82474E+00 3.27453E+01 7.37474E+00 5.51881E+00 2.18105E+02 
6.94438E+00 8.77809E+00 3.36180E+01 5.31429E+00 5.31406E+00 5.31441E+00 5.31524E+00 3.36159E+01 8.77809E+00 6.94438E+00 2.61100E+02 
8.59594E+00 1.04074E+01 3.47187E+01 7.02991E+00 7.02967E+00 7.03005E+00 7.03093E+00 3.47166E+01 1.04074E+01 8.59594E+00 3.11219E+02 
1.05031E+01 1.22925E+01 3.60798E+01 9.00032E+00 9.00007E+00 9.00049E+00 9.00142E+00 3.60777E+01 1.22925E+01 1.05031E+01 3.69354E+02 
1.26986E+01 1.44658E+01 3.77344E+01 1.12580E+01 1.12578E+01 1.12582E+01 1.12592E+01 3.77322E+01 1.44658E+01 1.26986E+01 4.36446E+02 
1.52179E+01 1.69631E+01 3.97185E+01 1.38387E+01 1.38384E+01 1.38389E+01 1.38399E+01 3.97163E+01 1.69631E+01 1.52179E+01 5.13482E+02 
1.80997E+01 1.98230E+01 4.20713E+01 1.67808E+01 1.67805E+01 1.67811E+01 1.67822E+01 4.20691E+01 1.98230E+01 1.80997E+01 6.01485E+02 
6.03665E-02 2.14159E-01 3.02485E+01 -4.41301E+00 -4.41315E+00 -4.41312E+00 -4.41282E+00 3.02465E+01 2.14159E-01 6.03665E-02 -2.98795E+00 
6.03665E-02 2.14159E-01 2.98340E+01 -4.30028E+00 -4.30042E+00 -4.30039E+00 -4.30006E+00 2.98320E+01 2.14159E-01 6.03665E-02 -1.00539E+00 
6.03665E-02 2.45028E-02 2.94385E+01 -4.17356E+00 -4.17371E+00 -4.17366E+00 -4.17331E+00 2.94365E+01 2.45028E-02 6.03665E-02 1.18950E+00 
6.03665E-02 9.41344E-02 2.90633E+01 -4.03081E+00 -4.03096E+00 -4.03090E+00 -4.03053E+00 2.90613E+01 9.41344E-02 6.03665E-02 3.62084E+00 
6.03665E-02 1.83886E-01 2.87064E+01 -3.86771E+00 -3.86787E+00 -3.86779E+00 -3.86739E+00 2.87043E+01 1.83886E-01 6.03665E-02 6.42988E+00 
6.03665E-02 2.96714E-01 2.83713E+01 -3.68140E+00 -3.68156E+00 -3.68148E+00 -3.68105E+00 2.83693E+01 2.96714E-01 6.03665E-02 9.70645E+00 
6.03665E-02 4.35941E-01 2.80620E+01 -3.46865E+00 -3.46882E+00 -3.46872E+00 -3.46826E+00 2.80599E+01 4.35941E-01 6.03665E-02 1.35585E+01 
6.03665E-02 5.64129E-01 2.78429E+01 -3.28360E+00 -3.28377E+00 -3.28366E+00 -3.28318E+00 2.78409E+01 5.64129E-01 6.03665E-02 1.70142E+01 
6.03665E-02 6.05287E-01 2.77826E+01 -3.22583E+00 -3.22600E+00 -3.22588E+00 -3.22540E+00 2.77805E+01 6.05287E-01 6.03665E-02 1.81137E+01 
6.03665E-02 8.26444E-01 2.75202E+01 -2.92558E+00 -2.92576E+00 -2.92562E+00 -2.92511E+00 2.75181E+01 8.26444E-01 6.03665E-02 2.39860E+01 
6.03665E-02 1.09340E+00 2.73046E+01 -2.57979E+00 -2.57997E+00 -2.57982E+00 -2.57927E+00 2.73025E+01 1.09340E+00 6.03665E-02 3.10697E+01 
6.03665E-02 1.41286E+00 2.71429E+01 -2.18182E+00 -2.18201E+00 -2.18183E+00 -2.18125E+00 2.71408E+01 1.41286E+00 6.03665E-02 3.96198E+01 
6.03665E-02 1.79243E+00 2.70434E+01 -1.72416E+00 -1.72436E+00 -1.72416E+00 -1.72354E+00 2.70413E+01 1.79243E+00 6.03665E-02 4.99290E+01 
3.57267E-01 2.20457E+00 2.69836E+01 -1.23521E+00 -1.23541E+00 -1.23519E+00 -1.23453E+00 2.69815E+01 2.20457E+00 3.57267E-01 6.20836E+01 
8.62579E-01 2.68984E+00 2.69976E+01 -6.73326E-01 -6.73538E-01 -6.73293E-01 -6.72595E-01 2.69955E+01 2.68984E+00 8.62579E-01 7.65558E+01 
1.46088E+00 3.26798E+00 2.71046E+01 -1.86882E-02 -1.89081E-02 -1.86366E-02 -1.78961E-02 2.71024E+01 3.26798E+00 1.46088E+00 9.38052E+01 
2.16585E+00 3.95270E+00 2.73189E+01 7.42292E-01 7.42064E-01 7.42364E-01 7.43149E-01 2.73167E+01 3.95270E+00 2.16585E+00 1.14301E+02 
2.99288E+00 4.75939E+00 2.76566E+01 1.62492E+00 1.62468E+00 1.62501E+00 1.62584E+00 2.76544E+01 4.75939E+00 2.99288E+00 1.38564E+02 
3.95919E+00 5.70534E+00 2.81356E+01 2.64635E+00 2.64611E+00 2.64647E+00 2.64735E+00 2.81334E+01 5.70534E+00 3.95919E+00 1.67168E+02 
5.08405E+00 6.80979E+00 2.87756E+01 3.82576E+00 3.82551E+00 3.82591E+00 3.82684E+00 2.87734E+01 6.80979E+00 5.08405E+00 2.00740E+02 
6.38883E+00 8.09416E+00 2.95987E+01 5.18449E+00 5.18422E+00 5.18466E+00 5.18564E+00 2.95965E+01 8.09416E+00 6.38883E+00 2.39955E+02 
7.89721E+00 9.58214E+00 3.06291E+01 6.74612E+00 6.74585E+00 6.74632E+00 6.74736E+00 3.06269E+01 9.58214E+00 7.89721E+00 2.85538E+02 
9.63525E+00 1.12998E+01 3.18932E+01 8.53667E+00 8.53638E+00 8.53690E+00 8.53800E+00 3.18909E+01 1.12998E+01 9.63525E+00 3.38256E+02 
1.16314E+01 1.32757E+01 3.34199E+01 1.05846E+01 1.05843E+01 1.05848E+01 1.05860E+01 3.34177E+01 1.32757E+01 1.16314E+01 3.98915E+02 
1.39168E+01 1.55408E+01 3.52408E+01 1.29208E+01 1.29205E+01 1.29211E+01 1.29223E+01 3.52385E+01 1.55408E+01 1.39168E+01 4.68350E+02 
1.65249E+01 1.81287E+01 3.73896E+01 1.55789E+01 1.55786E+01 1.55792E+01 1.55805E+01 3.73874E+01 1.81287E+01 1.65249E+01 5.47425E+02 
5.60391E-02 2.00366E-01 2.61820E+01 -3.72518E+00 -3.72533E+00 -3.72527E+00 -3.72488E+00 2.61800E+01 2.00366E-01 5.60391E-02 -2.68951E+00 
5.60391E-02 2.00366E-01 2.58260E+01 -3.62571E+00 -3.62587E+00 -3.62580E+00 -3.62537E+00 2.58239E+01 2.00366E-01 5.60391E-02 -9.05834E-01 
5.60391E-02 2.29545E-02 2.54874E+01 -3.51309E+00 -3.51325E+00 -3.51317E+00 -3.51272E+00 2.54853E+01 2.29545E-02 5.60391E-02 1.08090E+00 
5.60391E-02 8.81400E-02 2.51674E+01 -3.38546E+00 -3.38563E+00 -3.38553E+00 -3.38506E+00 2.51653E+01 8.81400E-02 5.60391E-02 3.29367E+00 
5.60391E-02 1.72074E-01 2.48647E+01 -3.23889E+00 -3.23907E+00 -3.23895E+00 -3.23845E+00 2.48626E+01 1.72074E-01 5.60391E-02 5.86390E+00 
5.60391E-02 2.77472E-01 2.45823E+01 -3.07074E+00 -3.07093E+00 -3.07080E+00 -3.07026E+00 2.45802E+01 2.77472E-01 5.60391E-02 8.87588E+00 
5.60391E-02 4.07380E-01 2.43239E+01 -2.87806E+00 -2.87825E+00 -2.87810E+00 -2.87753E+00 2.43218E+01 4.07380E-01 5.60391E-02 1.24304E+01 
5.60391E-02 5.26861E-01 2.41428E+01 -2.71002E+00 -2.71022E+00 -2.71005E+00 -2.70946E+00 2.41406E+01 5.26861E-01 5.60391E-02 1.56275E+01 
5.60391E-02 5.65200E-01 2.40932E+01 -2.65749E+00 -2.65769E+00 -2.65752E+00 -2.65693E+00 2.40911E+01 5.65200E-01 5.60391E-02 1.66460E+01 
5.60391E-02 7.71040E-01 2.38805E+01 -2.38413E+00 -2.38433E+00 -2.38415E+00 -2.38351E+00 2.38783E+01 7.71040E-01 5.60391E-02 2.20917E+01 
5.60391E-02 1.01916E+00 2.37108E+01 -2.06870E+00 -2.06891E+00 -2.06870E+00 -2.06803E+00 2.37087E+01 1.01916E+00 5.60391E-02 2.86687E+01 
5.60391E-02 1.31566E+00 2.35908E+01 -1.70517E+00 -1.70539E+00 -1.70515E+00 -1.70444E+00 2.35887E+01 1.31566E+00 5.60391E-02 3.66099E+01 
5.60391E-02 1.66745E+00 2.35278E+01 -1.28673E+00 -1.28695E+00 -1.28670E+00 -1.28595E+00 2.35257E+01 1.66745E+00 5.60391E-02 4.61812E+01 
3.31453E-01 2.04983E+00 2.35017E+01 -8.38771E-01 -8.39006E-01 -8.38724E-01 -8.37929E-01 2.34995E+01 2.04983E+00 3.31453E-01 5.74398E+01 
7.99482E-01 2.49944E+00 2.35433E+01 -3.23764E-01 -3.24007E-01 -3.23697E-01 -3.22856E-01 2.35411E+01 2.49944E+00 7.99482E-01 7.08219E+01 
1.35261E+00 3.03404E+00 2.36700E+01 2.76121E-01 2.75869E-01 2.76210E-01 2.77098E-01 2.36678E+01 3.03404E+00 1.35261E+00 8.67429E+01 
2.00308E+00 3.66589E+00 2.38946E+01 9.73060E-01 9.72800E-01 9.73173E-01 9.74111E-01 2.38924E+01 3.66589E+00 2.00308E+00 1.05620E+02 
2.76463E+00 4.40875E+00 2.42314E+01 1.78072E+00 1.78045E+00 1.78086E+00 1.78185E+00 2.42292E+01 4.40875E+00 2.76463E+00 1.27914E+02 
3.65261E+00 5.27799E+00 2.46964E+01 2.71438E+00 2.71410E+00 2.71454E+00 2.71559E+00 2.46941E+01 5.27799E+00 3.65261E+00 1.54129E+02 
4.68406E+00 6.29067E+00 2.53070E+01 3.79103E+00 3.79074E+00 3.79122E+00 3.79233E+00 2.53048E+01 6.29067E+00 4.68406E+00 1.84813E+02 
5.87789E+00 7.46571E+00 2.60828E+01 5.02951E+00 5.02921E+00 5.02973E+00 5.03090E+00 2.60805E+01 7.46571E+00 5.87789E+00 2.20553E+02 
7.25489E+00 8.82395E+00 2.70448E+01 6.45057E+00 6.45026E+00 6.45083E+00 6.45206E+00 2.70425E+01 8.82395E+00 7.25489E+00 2.61974E+02 
8.83791E+00 1.03882E+01 2.82164E+01 8.07701E+00 8.07669E+00 8.07731E+00 8.07860E+00 2.82141E+01 1.03882E+01 8.83791E+00 3.09733E+02 
1.06518E+01 1.21834E+01 2.96227E+01 9.93361E+00 9.93328E+00 9.93395E+00 9.93531E+00 2.96204E+01 1.21834E+01 1.06518E+01 3.64514E+02 
1.27234E+01 1.42364E+01 3.12911E+01 1.20473E+01 1.20470E+01 1.20477E+01 1.20491E+01 3.12888E+01 1.42364E+01 1.27234E+01 4.27026E+02 
1.50819E+01 1.65762E+01 3.32509E+01 1.44470E+01 1.44467E+01 1.44474E+01 1.44489E+01 3.32486E+01 1.65762E+01 1.50819E+01 4.97988E+02 
5.20579E-02 1.87968E-01 2.26618E+01 -3.13711E+00 -3.13729E+00 -3.13720E+00 -3.13670E+00 2.26597E+01 1.87968E-01 5.20579E-02 -2.42852E+00 
5.20579E-02 1.87968E-01 2.23563E+01 -3.04903E+00 -3.04922E+00 -3.04911E+00 -3.04858E+00 2.23542E+01 1.87968E-01 5.20579E-02 -8.18292E-01 
5.20579E-02 2.15789E-02 2.20669E+01 -2.94859E+00 -2.94879E+00 -2.94866E+00 -2.94810E+00 2.20647E+01 2.15789E-02 5.20579E-02 9.86355E-01 
5.20579E-02 8.27846E-02 2.17947E+01 -2.83409E+00 -2.83429E+00 -2.83415E+00 -2.83356E+00 2.17925E+01 8.27846E-02 5.20579E-02 3.00720E+00 
5.20579E-02 1.61471E-01 2.15386E+01 -2.70195E+00 -2.70215E+00 -2.70200E+00 -2.70138E+00 2.15364E+01 1.61471E-01 5.20579E-02 5.36670E+00 
5.20579E-02 2.60129E-01 2.13016E+01 -2.54974E+00 -2.54995E+00 -2.54978E+00 -2.54912E+00 2.12994E+01 2.60129E-01 5.20579E-02 8.14388E+00 
5.20579E-02 3.81547E-01 2.10868E+01 -2.37474E+00 -2.37496E+00 -2.37477E+00 -2.37408E+00 2.10846E+01 3.81547E-01 5.20579E-02 1.14326E+01 
5.20579E-02 4.93074E-01 2.09381E+01 -2.22178E+00 -2.22201E+00 -2.22180E+00 -2.22108E+00 2.09359E+01 4.93074E-01 5.20579E-02 1.43975E+01 
5.20579E-02 5.28835E-01 2.08977E+01 -2.17392E+00 -2.17414E+00 -2.17393E+00 -2.17320E+00 2.08956E+01 5.28835E-01 5.20579E-02 1.53429E+01 
5.20579E-02 7.20640E-01 2.07272E+01 -1.92449E+00 -1.92473E+00 -1.92449E+00 -1.92372E+00 2.07250E+01 7.20640E-01 5.20579E-02 2.04025E+01 
5.20579E-02 9.51473E-01 2.05963E+01 -1.63622E+00 -1.63647E+00 -1.63620E+00 -1.63539E+00 2.05941E+01 9.51473E-01 5.20579E-02 2.65181E+01 
5.20579E-02 1.22687E+00 2.05111E+01 -1.30364E+00 -1.30389E+00 -1.30360E+00 -1.30275E+00 2.05089E+01 1.22687E+00 5.20579E-02 3.39018E+01 
5.20579E-02 1.55308E+00 2.04783E+01 -9.20562E-01 -9.20822E-01 -9.20505E-01 -9.19605E-01 2.04760E+01 1.55308E+00 5.20579E-02 4.27946E+01 
3.07695E-01 1.90804E+00 2.04795E+01 -5.09659E-01 -5.09928E-01 -5.09580E-01 -5.08632E-01 2.04773E+01 1.90804E+00 3.07695E-01 5.32272E+01 
7.41380E-01 2.32477E+00 2.05430E+01 -3.71486E-02 -3.74273E-02 -3.70463E-02 -3.60472E-02 2.05408E+01 2.32477E+00 7.41380E-01 6.56028E+01 
1.25287E+00 2.81919E+00 2.06843E+01 5.12962E-01 5.12674E-01 5.13090E-01 5.14143E-01 2.06821E+01 2.81919E+00 1.25287E+00 8.02963E+01 
1.85311E+00 3.40228E+00 2.09148E+01 1.15157E+00 1.15127E+00 1.15172E+00 1.15283E+00 2.09126E+01 3.40228E+00 1.85311E+00 9.76776E+01 
2.55434E+00 4.08629E+00 2.12474E+01 1.89084E+00 1.89053E+00 1.89102E+00 1.89219E+00 2.12451E+01 4.08629E+00 2.55434E+00 1.18153E+02 
3.37019E+00 4.88486E+00 2.16959E+01 2.74435E+00 2.74403E+00 2.74456E+00 2.74579E+00 2.16936E+01 4.88486E+00 3.37019E+00 1.42165E+02 
4.31572E+00 5.81309E+00 2.22761E+01 3.72712E+00 3.72679E+00 3.72737E+00 3.72866E+00 2.22738E+01 5.81309E+00 4.31572E+00 1.70190E+02 
5.40758E+00 6.88763E+00 2.30050E+01 4.85575E+00 4.85541E+00 4.85604E+00 4.85740E+00 2.30026E+01 6.88763E+00 5.40758E+00 2.02735E+02 
6.66403E+00 8.12676E+00 2.39011E+01 6.14845E+00 6.14809E+00 6.14877E+00 6.15021E+00 2.38987E+01 8.12676E+00 6.66403E+00 2.40337E+02 
8.10499E+00 9.55042E+00 2.49848E+01 7.62511E+00 7.62474E+00 7.62548E+00 7.62699E+00 2.49824E+01 9.55042E+00 8.10499E+00 2.83557E+02 
9.75207E+00 1.11802E+01 2.62780E+01 9.30730E+00 9.30692E+00 9.30772E+00 9.30930E+00 2.62756E+01 1.11802E+01 9.75207E+00 3.32974E+02 
1.16286E+01 1.30395E+01 2.78043E+01 1.12183E+01 1.12179E+01 1.12188E+01 1.12204E+01 2.78019E+01 1.30395E+01 1.16286E+01 3.89181E+02 
1.37595E+01 1.51533E+01 2.95890E+01 1.33831E+01 1.33827E+01 1.33836E+01 1.33853E+01 2.95866E+01 1.51533E+01 1.37595E+01 4.52778E+02 
4.83879E-02 1.76792E-01 1.96144E+01 -2.63454E+00 -2.63475E+00 -2.63462E+00 -2.63401E+00 1.96122E+01 1.76792E-01 4.83879E-02 -2.20007E+00 
4.83879E-02 1.76792E-01 1.93526E+01 -2.55625E+00 -2.55647E+00 -2.55632E+00 -2.55568E+00 1.93504E+01 1.76792E-01 4.83879E-02 -7.41125E-01 
4.83879E-02 2.03537E-02 1.91057E+01 -2.46633E+00 -2.46656E+00 -2.46640E+00 -2.46572E+00 1.91035E+01 2.03537E-02 4.83879E-02 9.04151E-01 
4.83879E-02 7.79865E-02 1.88747E+01 -2.36324E+00 -2.36347E+00 -2.36330E+00 -2.36258E+00 1.88724E+01 7.79865E-02 4.83879E-02 2.75628E+00 
4.83879E-02 1.51924E-01 1.86588E+01 -2.24371E+00 -2.24395E+00 -2.24375E+00 -2.24300E+00 1.86566E+01 1.51924E-01 4.83879E-02 4.92955E+00 
4.83879E-02 2.44449E-01 1.84607E+01 -2.10551E+00 -2.10576E+00 -2.10554E+00 -2.10475E+00 1.84585E+01 2.44449E-01 4.83879E-02 7.49791E+00 
4.83879E-02 3.58112E-01 1.82833E+01 -1.94616E+00 -1.94641E+00 -1.94617E+00 -1.94534E+00 1.82811E+01 3.58112E-01 4.83879E-02 1.05487E+01 
4.83879E-02 4.62352E-01 1.81622E+01 -1.80658E+00 -1.80684E+00 -1.80658E+00 -1.80573E+00 1.81600E+01 4.62352E-01 4.83879E-02 1.33044E+01 
4.83879E-02 4.95748E-01 1.81298E+01 -1.76286E+00 -1.76313E+00 -1.76286E+00 -1.76199E+00 1.81275E+01 4.95748E-01 4.83879E-02 1.41837E+01 
4.83879E-02 6.74665E-01 1.79949E+01 -1.53481E+00 -1.53508E+00 -1.53479E+00 -1.53388E+00 1.79927E+01 6.74665E-01 4.83879E-02 1.88930E+01 
4.83879E-02 8.89592E-01 1.78968E+01 -1.27091E+00 -1.27119E+00 -1.27087E+00 -1.26991E+00 1.78945E+01 8.89592E-01 4.83879E-02 2.45871E+01 
4.83879E-02 1.14555E+00 1.78405E+01 -9.66195E-01 -9.66485E-01 -9.66133E-01 -9.65122E-01 1.78383E+01 1.14555E+00 4.83879E-02 3.14591E+01 
4.83879E-02 1.44818E+00 1.78323E+01 -6.15079E-01 -6.15378E-01 -6.14994E-01 -6.13930E-01 1.78300E+01 1.44818E+00 4.83879E-02 3.97266E+01 
2.85786E-01 1.77783E+00 1.78558E+01 -2.37740E-01 -2.38049E-01 -2.37629E-01 -2.36512E-01 1.78535E+01 1.77783E+00 2.85786E-01 4.93962E+01 
6.87783E-01 2.16418E+00 1.79363E+01 1.96158E-01 1.95838E-01 1.96297E-01 1.97472E-01 1.79340E+01 2.16418E+00 6.87783E-01 6.08413E+01 
1.16085E+00 2.62149E+00 1.80879E+01 7.00936E-01 7.00605E-01 7.01105E-01 7.02340E-01 1.80856E+01 2.62149E+00 1.16085E+00 7.43995E+01 
1.71475E+00 3.15956E+00 1.83207E+01 1.28631E+00 1.28597E+00 1.28651E+00 1.28781E+00 1.83184E+01 3.15956E+00 1.71475E+00 9.03978E+01 
2.36036E+00 3.78926E+00 1.86461E+01 1.96312E+00 1.96276E+00 1.96335E+00 1.96472E+00 1.86438E+01 3.78926E+00 2.36036E+00 1.09193E+02 
3.10974E+00 4.52269E+00 1.90766E+01 2.74336E+00 2.74299E+00 2.74363E+00 2.74507E+00 1.90742E+01 4.52269E+00 3.10974E+00 1.31172E+02 
3.97620E+00 5.37316E+00 1.96257E+01 3.64030E+00 3.63992E+00 3.64062E+00 3.64212E+00 1.96233E+01 5.37316E+00 3.97620E+00 1.56747E+02 
4.97434E+00 6.35530E+00 2.03086E+01 4.66851E+00 4.66812E+00 4.66888E+00 4.67046E+00 2.03062E+01 6.35530E+00 4.97434E+00 1.86355E+02 
6.12013E+00 7.48508E+00 2.11414E+01 5.84393E+00 5.84353E+00 5.84434E+00 5.84600E+00 2.11390E+01 7.48508E+00 6.12013E+00 2.20455E+02 
7.43092E+00 8.77987E+00 2.21419E+01 7.18387E+00 7.18345E+00 7.18433E+00 7.18608E+00 2.21394E+01 8.77987E+00 7.43092E+00 2.59523E+02 
8.92544E+00 1.02584E+01 2.33290E+01 8.70702E+00 8.70659E+00 8.70754E+00 8.70937E+00 2.33266E+01 1.02584E+01 8.92544E+00 3.04045E+02 
1.06238E+01 1.19408E+01 2.47231E+01 1.04335E+01 1.04330E+01 1.04340E+01 1.04360E+01 2.47207E+01 1.19408E+01 1.06238E+01 3.54516E+02 
1.25474E+01 1.38485E+01 2.63459E+01 1.23846E+01 1.23841E+01 1.23852E+01 1.23873E+01 2.63435E+01 1.38485E+01 1.25474E+01 4.11431E+02 
4.49985E-02 1.66684E-01 1.69762E+01 -2.20523E+00 -2.20548E+00 -2.20532E+00 -2.20458E+00 1.69740E+01 1.66684E-01 4.49985E-02 -1.99988E+00 
4.49985E-02 1.66684E-01 1.67523E+01 -2.13536E+00 -2.13561E+00 -2.13544E+00 -2.13466E+00 1.67500E+01 1.66684E-01 4.49985E-02 -6.72892E-01 
4.49985E-02 1.92592E-02 1.65421E+01 -2.05455E+00 -2.05481E+00 -2.05461E+00 -2.05380E+00 1.65398E+01 1.92592E-02 4.49985E-02 8.32818E-01 
4.49985E-02 7.36741E-02 1.63466E+01 -1.96139E+00 -1.96165E+00 -1.96144E+00 -1.96059E+00 1.63444E+01 7.36741E-02 4.49985E-02 2.53647E+00 
4.49985E-02 1.43301E-01 1.61654E+01 -1.85290E+00 -1.85317E+00 -1.85294E+00 -1.85204E+00 1.61631E+01 1.43301E-01 4.49985E-02 4.54487E+00 
4.49985E-02 2.30229E-01 1.60007E+01 -1.72705E+00 -1.72733E+00 -1.72707E+00 -1.72613E+00 1.59984E+01 2.30229E-01 4.49985E-02 6.92711E+00 
4.49985E-02 3.36786E-01 1.58553E+01 -1.58155E+00 -1.58185E+00 -1.58156E+00 -1.58058E+00 1.58530E+01 3.36786E-01 4.49985E-02 9.76434E+00 
4.49985E-02 4.34335E-01 1.57578E+01 -1.45390E+00 -1.45420E+00 -1.45389E+00 -1.45287E+00 1.57555E+01 4.34335E-01 4.49985E-02 1.23310E+01 
4.49985E-02 4.65556E-01 1.57320E+01 -1.41388E+00 -1.41418E+00 -1.41386E+00 -1.41284E+00 1.57296E+01 4.65556E-01 4.49985E-02 1.31505E+01 
4.49985E-02 6.32607E-01 1.56274E+01 -1.20496E+00 -1.20527E+00 -1.20492E+00 -1.20385E+00 1.56251E+01 6.32607E-01 4.49985E-02 1.75408E+01 
4.49985E-02 8.32873E-01 1.55566E+01 -9.62969E-01 -9.63292E-01 -9.62908E-01 -9.61779E-01 1.55542E+01 8.32873E-01 4.49985E-02 2.28489E+01 
4.49985E-02 1.07090E+00 1.55244E+01 -6.83409E-01 -6.83742E-01 -6.83322E-01 -6.82137E-01 1.55220E+01 1.07090E+00 4.49985E-02 2.92499E+01 
4.49985E-02 1.35176E+00 1.55361E+01 -3.61239E-01 -3.61583E-01 -3.61124E-01 -3.59881E-01 1.55337E+01 1.35176E+00 4.49985E-02 3.69400E+01 
2.65548E-01 1.65801E+00 1.55772E+01 -1.43749E-02 -1.47302E-02 -1.42296E-02 -1.29241E-02 1.55749E+01 1.65801E+00 2.65548E-01 4.59039E+01 
6.38264E-01 2.01625E+00 1.56707E+01 3.84369E-01 3.84002E-01 3.84548E-01 3.85918E-01 1.56684E+01 2.01625E+00 6.38264E-01 5.64875E+01 
1.07583E+00 2.43924E+00 1.58291E+01 8.47785E-01 8.47406E-01 8.48000E-01 8.49438E-01 1.58267E+01 2.43924E+00 1.07583E+00 6.89946E+01 
1.58693E+00 2.93570E+00 1.60613E+01 1.38453E+00 1.38414E+00 1.38478E+00 1.38629E+00 1.60589E+01 2.93570E+00 1.58693E+00 8.37133E+01 
2.18122E+00 3.51526E+00 1.63774E+01 2.00420E+00 2.00379E+00 2.00449E+00 2.00608E+00 1.63750E+01 3.51526E+00 2.18122E+00 1.00956E+02 
2.86934E+00 4.18862E+00 1.67884E+01 2.71741E+00 2.71699E+00 2.71775E+00 2.71941E+00 1.67860E+01 4.18862E+00 2.86934E+00 1.21059E+02 
3.66299E+00 4.96747E+00 1.73064E+01 3.53582E+00 3.53539E+00 3.53621E+00 3.53795E+00 1.73039E+01 4.96747E+00 3.66299E+00 1.44377E+02 
4.57497E+00 5.86463E+00 1.79444E+01 4.47220E+00 4.47175E+00 4.47264E+00 4.47447E+00 1.79420E+01 5.86463E+00 4.57497E+00 1.71286E+02 
5.61919E+00 6.89402E+00 1.87167E+01 5.54043E+00 5.53997E+00 5.54093E+00 5.54285E+00 1.87143E+01 6.89402E+00 5.61919E+00 2.02176E+02 
6.81071E+00 8.07072E+00 1.96386E+01 6.75555E+00 6.75507E+00 6.75611E+00 6.75813E+00 1.96361E+01 8.07072E+00 6.81071E+00 2.37447E+02 
8.16570E+00 9.41090E+00 2.07265E+01 8.13369E+00 8.13320E+00 8.13431E+00 8.13643E+00 2.07240E+01 9.41090E+00 8.16570E+00 2.77505E+02 
9.70142E+00 1.09318E+01 2.19979E+01 9.69210E+00 9.69160E+00 9.69280E+00 9.69502E+00 2.19954E+01 1.09318E+01 9.70142E+00 3.22762E+02 
1.14362E+01 1.26519E+01 2.34713E+01 1.14491E+01 1.14485E+01 1.14498E+01 1.14522E+01 2.34687E+01 1.26519E+01 1.14362E+01 3.73621E+02 
4.18625E-02 1.57512E-01 1.46924E+01 -1.83871E+00 -1.83899E+00 -1.83881E+00 -1.83794E+00 1.46901E+01 1.57512E-01 4.18625E-02 -1.82421E+00 
4.18625E-02 1.57512E-01 1.45012E+01 -1.77607E+00 -1.77636E+00 -1.77616E+00 -1.77524E+00 1.44989E+01 1.57512E-01 4.18625E-02 -6.12321E-01 
4.18625E-02 1.82783E-02 1.43228E+01 -1.70314E+00 -1.70344E+00 -1.70321E+00 -1.70225E+00 1.43205E+01 1.82783E-02 4.18625E-02 7.71088E-01 
4.18625E-02 6.97852E-02 1.41580E+01 -1.61864E+00 -1.61895E+00 -1.61869E+00 -1.61769E+00 1.41556E+01 6.97852E-02 4.18625E-02 2.34391E+00 
4.18625E-02 1.35486E-01 1.40064E+01 -1.51984E+00 -1.52016E+00 -1.51988E+00 -1.51883E+00 1.40041E+01 1.35486E-01 4.18625E-02 4.20609E+00 
4.18625E-02 2.17290E-01 1.38704E+01 -1.40490E+00 -1.40522E+00 -1.40491E+00 -1.40382E+00 1.38681E+01 2.17290E-01 4.18625E-02 6.42203E+00 
4.18625E-02 3.17318E-01 1.37523E+01 -1.27171E+00 -1.27205E+00 -1.27171E+00 -1.27057E+00 1.37499E+01 3.17318E-01 4.18625E-02 9.06698E+00 
4.18625E-02 4.08704E-01 1.36748E+01 -1.15469E+00 -1.15504E+00 -1.15467E+00 -1.15349E+00 1.36724E+01 4.08704E-01 4.18625E-02 1.14624E+01 
4.18625E-02 4.37922E-01 1.36547E+01 -1.11799E+00 -1.11834E+00 -1.11796E+00 -1.11676E+00 1.36523E+01 4.37922E-01 4.18625E-02 1.22274E+01 
4.18625E-02 5.94026E-01 1.35756E+01 -9.26243E-01 -9.26602E-01 -9.26188E-01 -9.24934E-01 1.35732E+01 5.94026E-01 4.18625E-02 1.63265E+01 
4.18625E-02 7.80748E-01 1.35277E+01 -7.04002E-01 -7.04373E-01 -7.03919E-01 -7.02604E-01 1.35253E+01 7.80748E-01 4.18625E-02 2.12802E+01 
4.18625E-02 1.00219E+00 1.35151E+01 -4.47204E-01 -4.47587E-01 -4.47090E-01 -4.45711E-01 1.35127E+01 1.00219E+00 4.18625E-02 2.72468E+01 
4.18625E-02 1.26294E+00 1.35429E+01 -1.51307E-01 -1.51702E-01 -1.51159E-01 -1.49714E-01 1.35405E+01 1.26294E+00 4.18625E-02 3.44025E+01 
2.46821E-01 1.54750E+00 1.35979E+01 1.67826E-01 1.67418E-01 1.68010E-01 1.69525E-01 1.35955E+01 1.54750E+00 2.46821E-01 4.27126E+01 
5.92443E-01 1.87971E+00 1.37009E+01 5.34499E-01 5.34079E-01 5.34724E-01 5.36313E-01 1.36985E+01 1.87971E+00 5.92443E-01 5.24978E+01 
9.97166E-01 2.27094E+00 1.38630E+01 9.60113E-01 9.59679E-01 9.60382E-01 9.62047E-01 1.38606E+01 2.27094E+00 9.97166E-01 6.40310E+01 
1.46871E+00 2.72890E+00 1.40922E+01 1.45235E+00 1.45190E+00 1.45267E+00 1.45441E+00 1.40897E+01 2.72890E+00 1.46871E+00 7.75650E+01 
2.01560E+00 3.26215E+00 1.43973E+01 2.01971E+00 2.01925E+00 2.02007E+00 2.02191E+00 1.43949E+01 3.26215E+00 2.01560E+00 9.33722E+01 
2.64722E+00 3.88007E+00 1.47882E+01 2.67153E+00 2.67106E+00 2.67195E+00 2.67387E+00 1.47857E+01 3.88007E+00 2.64722E+00 1.11743E+02 
3.37383E+00 4.59294E+00 1.52752E+01 3.41805E+00 3.41756E+00 3.41853E+00 3.42054E+00 1.52727E+01 4.59294E+00 3.37383E+00 1.32984E+02 
4.20658E+00 5.41195E+00 1.58699E+01 4.27040E+00 4.26989E+00 4.27094E+00 4.27305E+00 1.58673E+01 5.41195E+00 4.20658E+00 1.57413E+02 
5.15758E+00 6.34918E+00 1.65845E+01 5.24066E+00 5.24013E+00 5.24127E+00 5.24348E+00 1.65820E+01 6.34918E+00 5.15758E+00 1.85361E+02 
6.23984E+00 7.41768E+00 1.74324E+01 6.34181E+00 6.34127E+00 6.34249E+00 6.34482E+00 1.74299E+01 7.41768E+00 6.23984E+00 2.17162E+02 
7.46725E+00 8.63135E+00 1.84276E+01 7.58775E+00 7.58719E+00 7.58851E+00 7.59094E+00 1.84251E+01 8.63135E+00 7.46725E+00 2.53154E+02 
8.85460E+00 1.00050E+01 1.95852E+01 8.99322E+00 8.99265E+00 8.99406E+00 8.99661E+00 1.95826E+01 1.00050E+01 8.85460E+00 2.93673E+02 
1.04174E+01 1.15541E+01 2.09208E+01 1.05738E+01 1.05732E+01 1.05747E+01 1.05774E+01 2.09182E+01 1.15541E+01 1.04174E+01 3.39048E+02 
3.89559E-02 1.49159E-01 1.27153E+01 -1.52597E+00 -1.52630E+00 -1.52609E+00 -1.52506E+00 1.27129E+01 1.49159E-01 3.89559E-02 -1.66978E+00 
3.89559E-02 1.49159E-01 1.25525E+01 -1.46955E+00 -1.46989E+00 -1.46965E+00 -1.46858E+00 1.25501E+01 1.49159E-01 3.89559E-02 -5.58285E-01 
3.89559E-02 1.73960E-02 1.24014E+01 -1.40345E+00 -1.40380E+00 -1.40353E+00 -1.40242E+00 1.23990E+01 1.73960E-02 3.89559E-02 7.17881E-01 
3.89559E-02 6.62652E-02 1.22630E+01 -1.32651E+00 -1.32687E+00 -1.32657E+00 -1.32540E+00 1.22606E+01 6.62652E-02 3.89559E-02 2.17527E+00 
3.89559E-02 1.28378E-01 1.21371E+01 -1.23624E+00 -1.23661E+00 -1.23628E+00 -1.23506E+00 1.21347E+01 1.28378E-01 3.89559E-02 3.90748E+00 
3.89559E-02 2.05475E-01 1.20256E+01 -1.13095E+00 -1.13133E+00 -1.13097E+00 -1.12969E+00 1.20232E+01 2.05475E-01 3.89559E-02 5.97446E+00 
3.89559E-02 2.99488E-01 1.19307E+01 -1.00874E+00 -1.00913E+00 -1.00873E+00 -1.00740E+00 1.19283E+01 2.99488E-01 3.89559E-02 8.44579E+00 
3.89559E-02 3.85185E-01 1.18702E+01 -9.01242E-01 -9.01640E-01 -9.01206E-01 -8.99832E-01 1.18678E+01 3.85185E-01 3.89559E-02 1.06855E+01 
3.89559E-02 4.12551E-01 1.18549E+01 -8.67506E-01 -8.67907E-01 -8.67464E-01 -8.66076E-01 1.18524E+01 4.12551E-01 3.89559E-02 1.14010E+01 
3.89559E-02 5.58531E-01 1.17973E+01 -6.91216E-01 -6.91629E-01 -6.91141E-01 -6.89687E-01 1.17948E+01 5.58531E-01 3.89559E-02 1.52334E+01 
3.89559E-02 7.32719E-01 1.17683E+01 -4.86824E-01 -4.87251E-01 -4.86714E-01 -4.85191E-01 1.17658E+01 7.32719E-01 3.89559E-02 1.98607E+01 
3.89559E-02 9.38812E-01 1.17718E+01 -2.50670E-01 -2.51110E-01 -2.50523E-01 -2.48927E-01 1.17693E+01 9.38812E-01 3.89559E-02 2.54255E+01 
3.89559E-02 1.18093E+00 1.18122E+01 2.13295E-02 2.08760E-02 2.15178E-02 2.31894E-02 1.18097E+01 1.18093E+00 3.89559E-02 3.20856E+01 
2.29465E-01 1.44538E+00 1.18779E+01 3.15171E-01 3.14704E-01 3.15404E-01 3.17155E-01 1.18754E+01 1.44538E+00 2.29465E-01 3.97891E+01 
5.49982E-01 1.75345E+00 1.19876E+01 6.52531E-01 6.52049E-01 6.52813E-01 6.54647E-01 1.19851E+01 1.75345E+00 5.49982E-01 4.88337E+01 
9.24299E-01 2.11523E+00 1.21510E+01 1.04354E+00 1.04304E+00 1.04387E+00 1.04580E+00 1.21484E+01 2.11523E+00 9.24299E-01 5.94638E+01 
1.35925E+00 2.53757E+00 1.23752E+01 1.49500E+00 1.49449E+00 1.49539E+00 1.49741E+00 1.23727E+01 2.53757E+00 1.35925E+00 7.19005E+01 
1.86236E+00 3.02800E+00 1.26682E+01 2.01441E+00 2.01389E+00 2.01486E+00 2.01697E+00 1.26656E+01 3.02800E+00 1.86236E+00 8.63802E+01 
2.44185E+00 3.59476E+00 1.30383E+01 2.60998E+00 2.60943E+00 2.61049E+00 2.61270E+00 1.30358E+01 3.59476E+00 2.44185E+00 1.03153E+02 
3.10669E+00 4.24684E+00 1.34949E+01 3.29063E+00 3.29007E+00 3.29122E+00 3.29354E+00 1.34923E+01 4.24684E+00 3.10669E+00 1.22480E+02 
3.86659E+00 4.99397E+00 1.40477E+01 4.06608E+00 4.06550E+00 4.06674E+00 4.06917E+00 1.40452E+01 4.99397E+00 3.86659E+00 1.44632E+02 
4.73203E+00 5.84661E+00 1.47077E+01 4.94676E+00 4.94616E+00 4.94750E+00 4.95004E+00 1.47051E+01 5.84661E+00 4.73203E+00 1.69885E+02 
5.71421E+00 6.81599E+00 1.54861E+01 5.94387E+00 5.94325E+00 5.94469E+00 5.94736E+00 1.54835E+01 6.81599E+00 5.71421E+00 1.98518E+02 
6.82503E+00 7.91402E+00 1.63950E+01 7.06928E+00 7.06866E+00 7.07021E+00 7.07300E+00 1.63924E+01 7.91402E+00 6.82503E+00 2.30808E+02 
8.07707E+00 9.15330E+00 1.74472E+01 8.33559E+00 8.33494E+00 8.33661E+00 8.33953E+00 1.74446E+01 9.15330E+00 8.07707E+00 2.67028E+02 
9.48350E+00 1.05470E+01 1.86560E+01 9.75592E+00 9.75526E+00 9.75705E+00 9.76011E+00 1.86534E+01 1.05470E+01 9.48350E+00 3.07442E+02 
3.62578E-02 1.41524E-01 1.10037E+01 -1.25931E+00 -1.25969E+00 -1.25944E+00 -1.25826E+00 1.10013E+01 1.41524E-01 3.62578E-02 -1.53370E+00 
3.62578E-02 1.41524E-01 1.08655E+01 -1.20824E+00 -1.20863E+00 -1.20835E+00 -1.20711E+00 1.08630E+01 1.41524E-01 3.62578E-02 -5.09779E-01 
3.62578E-02 1.65993E-02 1.07381E+01 -1.14807E+00 -1.14848E+00 -1.14816E+00 -1.14687E+00 1.07356E+01 1.65993E-02 3.62578E-02 6.72280E-01 
3.62578E-02 6.30667E-02 1.06224E+01 -1.07775E+00 -1.07816E+00 -1.07781E+00 -1.07646E+00 1.06199E+01 6.30667E-02 3.62578E-02 2.02766E+00 
3.62578E-02 1.21889E-01 1.05184E+01 -9.95002E-01 -9.95427E-01 -9.95036E-01 -9.93625E-01 1.05159E+01 1.21889E-01 3.62578E-02 3.64409E+00 
3.62578E-02 1.94649E-01 1.04279E+01 -8.98285E-01 -8.98722E-01 -8.98290E-01 -8.96817E-01 1.04254E+01 1.94649E-01 3.62578E-02 5.57726E+00 
3.62578E-02 2.83103E-01 1.03528E+01 -7.85872E-01 -7.86321E-01 -7.85845E-01 -7.84308E-01 1.03503E+01 2.83103E-01 3.62578E-02 7.89134E+00 
3.62578E-02 3.63535E-01 1.03067E+01 -6.86918E-01 -6.87377E-01 -6.86865E-01 -6.85275E-01 1.03042E+01 3.63535E-01 3.62578E-02 9.98919E+00 
3.62578E-02 3.89185E-01 1.02953E+01 -6.55856E-01 -6.56318E-01 -6.55795E-01 -6.54190E-01 1.02928E+01 3.89185E-01 3.62578E-02 1.06592E+01 
3.62578E-02 5.25785E-01 1.02557E+01 -4.93510E-01 -4.93985E-01 -4.93408E-01 -4.91728E-01 1.02532E+01 5.25785E-01 3.62578E-02 1.42467E+01 
3.62578E-02 6.88352E-01 1.02423E+01 -3.05290E-01 -3.05780E-01 -3.05145E-01 -3.03386E-01 1.02398E+01 6.88352E-01 3.62578E-02 1.85726E+01 
3.62578E-02 8.80210E-01 1.02588E+01 -8.79013E-02 -8.84058E-02 -8.77109E-02 -8.58688E-02 1.02563E+01 8.80210E-01 3.62578E-02 2.37650E+01 
3.62578E-02 1.10505E+00 1.03090E+01 1.62318E-01 1.61799E-01 1.62558E-01 1.64487E-01 1.03065E+01 1.10505E+00 3.62578E-02 2.99648E+01 
2.13355E-01 1.35083E+00 1.03828E+01 4.33047E-01 4.32512E-01 4.33341E-01 4.35360E-01 1.03802E+01 1.35083E+00 2.13355E-01 3.71048E+01 
5.10584E-01 1.63649E+00 1.04966E+01 7.43562E-01 7.43012E-01 7.43915E-01 7.46029E-01 1.04940E+01 1.63649E+00 5.10584E-01 4.54616E+01 
8.56721E-01 1.97096E+00 1.06593E+01 1.10284E+00 1.10228E+00 1.10326E+00 1.10547E+00 1.06567E+01 1.97096E+00 8.56721E-01 5.52538E+01 
1.25780E+00 2.36030E+00 1.08772E+01 1.51690E+00 1.51632E+00 1.51739E+00 1.51971E+00 1.08746E+01 2.36030E+00 1.25780E+00 6.66738E+01 
1.72043E+00 2.81113E+00 1.11570E+01 1.99233E+00 1.99173E+00 1.99288E+00 1.99531E+00 1.11544E+01 2.81113E+00 1.72043E+00 7.99257E+01 
2.25181E+00 3.33067E+00 1.15063E+01 2.53629E+00 2.53568E+00 2.53693E+00 2.53947E+00 1.15037E+01 3.33067E+00 2.25181E+00 9.52235E+01 
2.85975E+00 3.92673E+00 1.19331E+01 3.15659E+00 3.15596E+00 3.15731E+00 3.15998E+00 1.19304E+01 3.92673E+00 2.85975E+00 1.12789E+02 
3.55267E+00 4.60775E+00 1.24459E+01 3.86163E+00 3.86098E+00 3.86244E+00 3.86523E+00 1.24433E+01 4.60775E+00 3.55267E+00 1.32851E+02 
4.33960E+00 5.38275E+00 1.30541E+01 4.66041E+00 4.65974E+00 4.66132E+00 4.66424E+00 1.30514E+01 5.38275E+00 4.33960E+00 1.55637E+02 
5.23013E+00 6.26137E+00 1.37673E+01 5.56253E+00 5.56184E+00 5.56354E+00 5.56660E+00 1.37647E+01 6.26137E+00 5.23013E+00 1.81379E+02 
6.23443E+00 7.25374E+00 1.45960E+01 6.57812E+00 6.57741E+00 6.57924E+00 6.58244E+00 1.45933E+01 7.25374E+00 6.23443E+00 2.10301E+02 
7.36314E+00 8.37056E+00 1.55508E+01 7.71783E+00 7.71710E+00 7.71907E+00 7.72242E+00 1.55481E+01 8.37056E+00 7.36314E+00 2.42624E+02 
8.62734E+00 9.62289E+00 1.66431E+01 8.99274E+00 8.99199E+00 8.99410E+00 8.99761E+00 1.66404E+01 9.62289E+00 8.62734E+00 2.78554E+02 
3.37493E-02 1.34519E-01 9.52208E+00 -1.03212E+00 -1.03256E+00 -1.03227E+00 -1.03089E+00 9.51956E+00 1.34519E-01 3.37493E-02 -1.41346E+00 
3.37493E-02 1.34519E-01 9.40502E+00 -9.85651E-01 -9.86104E-01 -9.85776E-01 -9.84341E-01 9.40250E+00 1.34519E-01 3.37493E-02 -4.65900E-01 
3.37493E-02 1.58766E-02 9.29807E+00 -9.30639E-01 -9.31104E-01 -9.30734E-01 -9.29236E-01 9.29554E+00 1.58766E-02 3.37493E-02 6.33510E-01 
3.37493E-02 6.01481E-02 9.20195E+00 -8.66117E-01 -8.66595E-01 -8.66181E-01 -8.64617E-01 9.19941E+00 6.01481E-02 3.37493E-02 1.89859E+00 
3.37493E-02 1.15940E-01 9.11678E+00 -7.90022E-01 -7.90512E-01 -7.90051E-01 -7.88420E-01 9.11423E+00 1.15940E-01 3.37493E-02 3.41165E+00 
3.37493E-02 1.84692E-01 9.04418E+00 -7.00941E-01 -7.01445E-01 -7.00933E-01 -6.99232E-01 9.04162E+00 1.84692E-01 3.37493E-02 5.22425E+00 
3.37493E-02 2.67996E-01 8.98591E+00 -5.97308E-01 -5.97825E-01 -5.97261E-01 -5.95485E-01 8.98334E+00 2.67996E-01 3.37493E-02 7.39545E+00 
3.37493E-02 3.43542E-01 8.95187E+00 -5.06047E-01 -5.06575E-01 -5.05967E-01 -5.04133E-01 8.94929E+00 3.43542E-01 3.37493E-02 9.36348E+00 
3.37493E-02 3.67601E-01 8.94388E+00 -4.77398E-01 -4.77928E-01 -4.77308E-01 -4.75456E-01 8.94130E+00 3.67601E-01 3.37493E-02 9.99185E+00 
3.37493E-02 4.95490E-01 8.91917E+00 -3.27667E-01 -3.28213E-01 -3.27529E-01 -3.25590E-01 8.91658E+00 4.95490E-01 3.37493E-02 1.33537E+01 
3.37493E-02 6.47263E-01 8.91863E+00 -1.54136E-01 -1.54697E-01 -1.53945E-01 -1.51916E-01 8.91603E+00 6.47263E-01 3.37493E-02 1.74005E+01 
3.37493E-02 8.25904E-01 8.94543E+00 4.61562E-02 4.55785E-02 4.64034E-02 4.85269E-02 8.94282E+00 8.25904E-01 3.37493E-02 2.22470E+01 
3.37493E-02 1.03472E+00 9.00304E+00 2.76486E-01 2.75892E-01 2.76793E-01 2.79015E-01 9.00041E+00 1.03472E+00 3.37493E-02 2.80183E+01 
1.98381E-01 1.26313E+00 9.08249E+00 5.26048E-01 5.25437E-01 5.26421E-01 5.28746E-01 9.07986E+00 1.26313E+00 1.98381E-01 3.46343E+01 
4.73983E-01 1.52794E+00 9.19856E+00 8.11939E-01 8.11311E-01 8.12383E-01 8.14816E-01 9.19591E+00 1.52794E+00 4.73983E-01 4.23519E+01 
7.93981E-01 1.83707E+00 9.35897E+00 1.14209E+00 1.14145E+00 1.14261E+00 1.14516E+00 9.35631E+00 1.83707E+00 7.93981E-01 5.13663E+01 
1.16368E+00 2.19583E+00 9.56925E+00 1.52180E+00 1.52114E+00 1.52240E+00 1.52507E+00 9.56658E+00 2.19583E+00 1.16368E+00 6.18440E+01 
1.58888E+00 2.61003E+00 9.83542E+00 1.95684E+00 1.95615E+00 1.95752E+00 1.96031E+00 9.83274E+00 2.61003E+00 1.58888E+00 7.39602E+01 
2.07586E+00 3.08596E+00 1.01639E+01 2.45346E+00 2.45276E+00 2.45424E+00 2.45716E+00 1.01613E+01 3.08596E+00 2.07586E+00 8.78973E+01 
2.63138E+00 3.63040E+00 1.05618E+01 3.01843E+00 3.01771E+00 3.01931E+00 3.02237E+00 1.05591E+01 3.63040E+00 2.63138E+00 1.03842E+02 
3.26271E+00 4.25063E+00 1.10364E+01 3.65900E+00 3.65826E+00 3.65999E+00 3.66319E+00 1.10337E+01 4.25063E+00 3.26271E+00 1.21985E+02 
3.97761E+00 4.95440E+00 1.15957E+01 4.38290E+00 4.38214E+00 4.38400E+00 4.38735E+00 1.15930E+01 4.95440E+00 3.97761E+00 1.42516E+02 
4.78426E+00 5.74993E+00 1.22481E+01 5.19832E+00 5.19754E+00 5.19955E+00 5.20305E+00 1.22454E+01 5.74993E+00 4.78426E+00 1.65622E+02 
5.69127E+00 6.64582E+00 1.30022E+01 6.11385E+00 6.11305E+00 6.11521E+00 6.11887E+00 1.29995E+01 6.64582E+00 5.69127E+00 1.91484E+02 
6.70763E+00 7.65107E+00 1.38672E+01 7.13847E+00 7.13765E+00 7.13997E+00 7.14380E+00 1.38645E+01 7.65107E+00 6.70763E+00 2.20276E+02 
7.84260E+00 8.77495E+00 1.48525E+01 8.28143E+00 8.28059E+00 8.28308E+00 8.28709E+00 1.48497E+01 8.77495E+00 7.84260E+00 2.52160E+02 
3.14139E-02 1.28064E-01 8.23941E+00 -8.38710E-01 -8.39220E-01 -8.38879E-01 -8.37288E-01 8.23682E+00 1.28064E-01 3.14139E-02 -1.30680E+00 
3.14139E-02 1.28064E-01 8.14070E+00 -7.96214E-01 -7.96738E-01 -7.96348E-01 -7.94688E-01 8.13811E+00 1.28064E-01 3.14139E-02 -4.25831E-01 
3.14139E-02 1.52181E-02 8.05137E+00 -7.45693E-01 -7.46229E-01 -7.45790E-01 -7.44058E-01 8.04876E+00 1.52181E-02 3.14139E-02 6.00928E-01 
3.14139E-02 5.74730E-02 7.97207E+00 -6.86276E-01 -6.86826E-01 -6.86333E-01 -6.84527E-01 7.96945E+00 5.74730E-02 3.14139E-02 1.78593E+00 
3.14139E-02 1.10465E-01 7.90301E+00 -6.16078E-01 -6.16643E-01 -6.16093E-01 -6.14209E-01 7.90039E+00 1.10465E-01 3.14139E-02 3.20643E+00 
3.14139E-02 1.75500E-01 7.84566E+00 -5.33819E-01 -5.34397E-01 -5.33788E-01 -5.31823E-01 7.84303E+00 1.75500E-01 3.14139E-02 4.91006E+00 
3.14139E-02 2.54018E-01 7.80161E+00 -4.38077E-01 -4.38671E-01 -4.37998E-01 -4.35949E-01 7.79896E+00 2.54018E-01 3.14139E-02 6.95098E+00 
3.14139E-02 3.25022E-01 7.77772E+00 -3.53762E-01 -3.54367E-01 -3.53643E-01 -3.51526E-01 7.77507E+00 3.25022E-01 3.14139E-02 8.79987E+00 
3.14139E-02 3.47600E-01 7.77256E+00 -3.27295E-01 -3.27904E-01 -3.27164E-01 -3.25027E-01 7.76991E+00 3.47600E-01 3.14139E-02 9.38987E+00 
3.14139E-02 4.67384E-01 7.76021E+00 -1.89011E-01 -1.89637E-01 -1.88821E-01 -1.86585E-01 7.75755E+00 4.67384E-01 3.14139E-02 1.25432E+01 
3.14139E-02 6.09116E-01 7.77007E+00 -2.88540E-02 -2.94968E-02 -2.85996E-02 -2.62605E-02 7.76740E+00 6.09116E-01 3.14139E-02 1.63309E+01 
3.14139E-02 7.75465E-01 7.80495E+00 1.55828E-01 1.55167E-01 1.56151E-01 1.58597E-01 7.80227E+00 7.75465E-01 3.14139E-02 2.08554E+01 
3.14139E-02 9.69380E-01 7.86795E+00 3.67959E-01 3.67281E-01 3.68355E-01 3.70914E-01 7.86525E+00 9.69380E-01 3.14139E-02 2.62274E+01 
1.84446E-01 1.18162E+00 7.95121E+00 5.98099E-01 5.97403E-01 5.98575E-01 6.01251E-01 7.94851E+00 1.18162E+00 1.84446E-01 3.23554E+01 
4.39942E-01 1.42705E+00 8.06785E+00 8.61363E-01 8.60648E-01 8.61924E-01 8.64723E-01 8.06514E+00 1.42705E+00 4.39942E-01 3.94784E+01 
7.35676E-01 1.71263E+00 8.22467E+00 1.16474E+00 1.16401E+00 1.16539E+00 1.16832E+00 8.22194E+00 1.71263E+00 7.35676E-01 4.77704E+01 
1.07630E+00 2.04305E+00 8.42652E+00 1.51287E+00 1.51212E+00 1.51362E+00 1.51668E+00 8.42379E+00 2.04305E+00 1.07630E+00 5.73746E+01 
1.46688E+00 2.42335E+00 8.67865E+00 1.91079E+00 1.91002E+00 1.91165E+00 1.91485E+00 8.67590E+00 2.42335E+00 1.46688E+00 6.84406E+01 
1.91285E+00 2.85900E+00 8.98668E+00 2.36395E+00 2.36315E+00 2.36492E+00 2.36827E+00 8.98392E+00 2.85900E+00 1.91285E+00 8.11225E+01 
2.42008E+00 3.35588E+00 9.35663E+00 2.87817E+00 2.87736E+00 2.87926E+00 2.88277E+00 9.35387E+00 3.35588E+00 2.42008E+00 9.55768E+01 
2.99480E+00 3.92022E+00 9.79490E+00 3.45971E+00 3.45887E+00 3.46092E+00 3.46459E+00 9.79213E+00 3.92022E+00 2.99480E+00 1.11961E+02 
3.64362E+00 4.55866E+00 1.03082E+01 4.11515E+00 4.11429E+00 4.11650E+00 4.12034E+00 1.03055E+01 4.55866E+00 3.64362E+00 1.30429E+02 
4.37352E+00 5.27815E+00 1.09038E+01 4.85145E+00 4.85057E+00 4.85295E+00 4.85696E+00 1.09010E+01 5.27815E+00 4.37352E+00 1.51133E+02 
5.19174E+00 6.08598E+00 1.15888E+01 5.67586E+00 5.67496E+00 5.67751E+00 5.68171E+00 1.15860E+01 6.08598E+00 5.19174E+00 1.74217E+02 
6.10581E+00 6.98965E+00 1.23711E+01 6.59589E+00 6.59496E+00 6.59770E+00 6.60209E+00 1.23683E+01 6.98965E+00 6.10581E+00 1.99816E+02 
7.12341E+00 7.99689E+00 1.32583E+01 7.61923E+00 7.61829E+00 7.62122E+00 7.62581E+00 1.32555E+01 7.99689E+00 7.12341E+00 2.28052E+02 
2.92368E-02 1.22093E-01 7.12901E+00 -6.74234E-01 -6.74823E-01 -6.74413E-01 -6.72573E-01 7.12635E+00 1.22093E-01 2.92368E-02 -1.21176E+00 
2.92368E-02 1.22093E-01 7.04617E+00 -6.35162E-01 -6.35766E-01 -6.35298E-01 -6.33378E-01 7.04350E+00 1.22093E-01 2.92368E-02 -3.88827E-01 
2.92368E-02 1.46149E-02 6.97202E+00 -5.88561E-01 -5.89180E-01 -5.88651E-01 -5.86649E-01 6.96934E+00 1.46149E-02 2.92368E-02 5.74009E-01 
2.92368E-02 5.50095E-02 6.90717E+00 -5.33646E-01 -5.34280E-01 -5.33687E-01 -5.31600E-01 6.90448E+00 5.50095E-02 2.92368E-02 1.68784E+00 
2.92368E-02 1.05405E-01 6.85189E+00 -4.68696E-01 -4.69345E-01 -4.68685E-01 -4.66508E-01 6.84919E+00 1.05405E-01 2.92368E-02 3.02523E+00 
2.92368E-02 1.66982E-01 6.80750E+00 -3.92550E-01 -3.93214E-01 -3.92483E-01 -3.90214E-01 6.80480E+00 1.66982E-01 2.92368E-02 4.63002E+00 
2.92368E-02 2.41042E-01 6.77543E+00 -3.03924E-01 -3.04604E-01 -3.03797E-01 -3.01432E-01 6.77271E+00 2.41042E-01 2.92368E-02 6.55175E+00 
2.92368E-02 3.07811E-01 6.76004E+00 -2.25898E-01 -2.26592E-01 -2.25723E-01 -2.23280E-01 6.75732E+00 3.07811E-01 2.92368E-02 8.29092E+00 
2.92368E-02 3.29009E-01 6.75722E+00 -2.01413E-01 -2.02110E-01 -2.01223E-01 -1.98757E-01 6.75449E+00 3.29009E-01 2.92368E-02 8.84548E+00 
2.92368E-02 4.41239E-01 6.75504E+00 -7.35427E-02 -7.42586E-02 -7.32806E-02 -7.07015E-02 6.75231E+00 4.41239E-01 2.92368E-02 1.18055E+01 
2.92368E-02 5.73614E-01 6.77323E+00 7.44078E-02 7.36732E-02 7.47477E-02 7.74445E-02 6.77049E+00 5.73614E-01 2.92368E-02 1.53521E+01 
2.92368E-02 7.28520E-01 6.81430E+00 2.44806E-01 2.44053E-01 2.45229E-01 2.48049E-01 6.81155E+00 7.28520E-01 2.92368E-02 1.95763E+01 
2.92368E-02 9.08578E-01 6.88100E+00 4.40257E-01 4.39484E-01 4.40769E-01 4.43716E-01 6.87824E+00 9.08578E-01 2.92368E-02 2.45754E+01 
1.71462E-01 1.10574E+00 6.96649E+00 6.52543E-01 6.51750E-01 6.53151E-01 6.56231E-01 6.96372E+00 1.10574E+00 1.71462E-01 3.02487E+01 
4.08251E-01 1.33312E+00 7.08235E+00 8.94985E-01 8.94171E-01 8.95695E-01 8.98915E-01 7.07957E+00 1.33312E+00 4.08251E-01 3.68184E+01 
6.81447E-01 1.59683E+00 7.23456E+00 1.17371E+00 1.17288E+00 1.17453E+00 1.17790E+00 7.23177E+00 1.59683E+00 6.81447E-01 4.44392E+01 
9.95117E-01 1.90094E+00 7.42736E+00 1.49279E+00 1.49193E+00 1.49373E+00 1.49725E+00 7.42456E+00 1.90094E+00 9.95117E-01 5.32336E+01 
1.35365E+00 2.24987E+00 7.66530E+00 1.85659E+00 1.85571E+00 1.85765E+00 1.86133E+00 7.66249E+00 2.24987E+00 1.35365E+00 6.33284E+01 
1.76177E+00 2.64834E+00 7.95326E+00 2.26982E+00 2.26892E+00 2.27102E+00 2.27487E+00 7.95044E+00 2.64834E+00 1.76177E+00 7.48528E+01 
2.22451E+00 3.10139E+00 8.29640E+00 2.73751E+00 2.73659E+00 2.73885E+00 2.74287E+00 8.29358E+00 3.10139E+00 2.22451E+00 8.79366E+01 
2.74719E+00 3.61436E+00 8.70021E+00 3.26498E+00 3.26404E+00 3.26647E+00 3.27067E+00 8.69738E+00 3.61436E+00 2.74719E+00 1.02708E+02 
3.33545E+00 4.19289E+00 9.17042E+00 3.85784E+00 3.85688E+00 3.85949E+00 3.86389E+00 9.16758E+00 4.19289E+00 3.33545E+00 1.19294E+02 
3.99515E+00 4.84286E+00 9.71303E+00 4.52197E+00 4.52098E+00 4.52379E+00 4.52839E+00 9.71018E+00 4.84286E+00 3.99515E+00 1.37812E+02 
4.73237E+00 5.57034E+00 1.03342E+01 5.26342E+00 5.26242E+00 5.26544E+00 5.27024E+00 1.03314E+01 5.57034E+00 4.73237E+00 1.58377E+02 
5.55337E+00 6.38161E+00 1.10403E+01 6.08846E+00 6.08743E+00 6.09067E+00 6.09569E+00 1.10375E+01 6.38161E+00 5.55337E+00 1.81089E+02 
6.46449E+00 7.28301E+00 1.18378E+01 7.00343E+00 7.00238E+00 7.00584E+00 7.01109E+00 1.18349E+01 7.28301E+00 6.46449E+00 2.06041E+02 
2.72051E-02 1.16547E-01 6.16777E+00 -5.34521E-01 -5.35200E-01 -5.34702E-01 -5.32570E-01 6.16504E+00 1.16547E-01 2.72051E-02 -1.12656E+00 
2.72051E-02 1.16547E-01 6.09864E+00 -4.98408E-01 -4.99103E-01 -4.98535E-01 -4.96312E-01 6.09589E+00 1.16547E-01 2.72051E-02 -3.54195E-01 
2.72051E-02 1.40593E-02 6.03756E+00 -4.55239E-01 -4.55950E-01 -4.55310E-01 -4.52992E-01 6.03481E+00 1.40593E-02 2.72051E-02 5.52333E-01 
2.72051E-02 5.27300E-02 5.98510E+00 -4.04307E-01 -4.05035E-01 -4.04318E-01 -4.01903E-01 5.98234E+00 5.27300E-02 2.72051E-02 1.60277E+00 
2.72051E-02 1.00707E-01 5.94158E+00 -3.44042E-01 -3.44787E-01 -3.43989E-01 -3.41472E-01 5.93881E+00 1.00707E-01 2.72051E-02 2.86529E+00 
2.72051E-02 1.59058E-01 5.90818E+00 -2.73393E-01 -2.74155E-01 -2.73271E-01 -2.70649E-01 5.90540E+00 1.59058E-01 2.72051E-02 4.38014E+00 
2.72051E-02 2.28955E-01 5.88617E+00 -1.91203E-01 -1.91983E-01 -1.91009E-01 -1.88276E-01 5.88339E+00 2.28955E-01 2.72051E-02 6.19242E+00 
2.72051E-02 2.91768E-01 5.87785E+00 -1.18891E-01 -1.19685E-01 -1.18638E-01 -1.15817E-01 5.87505E+00 2.91768E-01 2.72051E-02 7.83020E+00 
2.72051E-02 3.11677E-01 5.87696E+00 -9.62084E-02 -9.70063E-02 -9.59374E-02 -9.30902E-02 5.87416E+00 3.11677E-01 2.72051E-02 8.35192E+00 
2.72051E-02 4.16853E-01 5.88307E+00 2.21625E-02 2.13447E-02 2.25220E-02 2.54978E-02 5.88027E+00 4.16853E-01 2.72051E-02 1.11322E+01 
2.72051E-02 5.40498E-01 5.90784E+00 1.58945E-01 1.58107E-01 1.59399E-01 1.62509E-01 5.90503E+00 5.40498E-01 2.72051E-02 1.44540E+01 
2.72051E-02 6.84737E-01 5.95351E+00 3.16249E-01 3.15390E-01 3.16803E-01 3.20052E-01 5.95069E+00 6.84737E-01 2.72051E-02 1.83975E+01 
2.72051E-02 8.51894E-01 6.02251E+00 4.96383E-01 4.95503E-01 4.97045E-01 5.00439E-01 6.01968E+00 8.51894E-01 2.72051E-02 2.30479E+01 
1.59352E-01 1.03499E+00 6.10891E+00 6.92229E-01 6.91328E-01 6.93006E-01 6.96552E-01 6.10607E+00 1.03499E+00 1.59352E-01 2.82971E+01 
3.78722E-01 1.24555E+00 6.22290E+00 9.15481E-01 9.14558E-01 9.16380E-01 9.20085E-01 6.22005E+00 1.24555E+00 3.78722E-01 3.43516E+01 
6.30972E-01 1.48892E+00 6.36972E+00 1.17150E+00 1.17056E+00 1.17253E+00 1.17640E+00 6.36686E+00 1.48892E+00 6.30972E-01 4.13487E+01 
9.19640E-01 1.76864E+00 6.55304E+00 1.46382E+00 1.46285E+00 1.46499E+00 1.46903E+00 6.55018E+00 1.76864E+00 9.19640E-01 4.93924E+01 
1.24853E+00 2.08853E+00 6.77682E+00 1.79623E+00 1.79524E+00 1.79755E+00 1.80178E+00 6.77395E+00 2.08853E+00 1.24853E+00 5.85893E+01 
1.62170E+00 2.45266E+00 7.04525E+00 2.17278E+00 2.17177E+00 2.17426E+00 2.17868E+00 7.04238E+00 2.45266E+00 1.62170E+00 6.90468E+01 
2.04345E+00 2.86534E+00 7.36276E+00 2.59778E+00 2.59674E+00 2.59943E+00 2.60404E+00 7.35988E+00 2.86534E+00 2.04345E+00 8.08715E+01 
2.51833E+00 3.33111E+00 7.73400E+00 3.07575E+00 3.07469E+00 3.07758E+00 3.08240E+00 7.73111E+00 3.33111E+00 2.51833E+00 9.41674E+01 
3.05108E+00 3.85474E+00 8.16383E+00 3.61142E+00 3.61034E+00 3.61345E+00 3.61848E+00 8.16093E+00 3.85474E+00 3.05108E+00 1.09034E+02 
3.64661E+00 4.44115E+00 8.65727E+00 4.20973E+00 4.20863E+00 4.21196E+00 4.21722E+00 8.65436E+00 4.44115E+00 3.64661E+00 1.25566E+02 
4.31000E+00 5.09540E+00 9.21946E+00 4.87573E+00 4.87460E+00 4.87817E+00 4.88366E+00 9.21655E+00 5.09540E+00 4.31000E+00 1.43848E+02 
5.04639E+00 5.82266E+00 9.85566E+00 5.61456E+00 5.61340E+00 5.61723E+00 5.62296E+00 9.85274E+00 5.82266E+00 5.04639E+00 1.63957E+02 
5.86097E+00 6.62813E+00 1.05711E+01 6.43141E+00 6.43023E+00 6.43432E+00 6.44031E+00 1.05682E+01 6.62813E+00 5.86097E+00 1.85956E+02 
2.53070E-02 1.11373E-01 5.33564E+00 -4.15995E-01 -4.16777E-01 -4.16164E-01 -4.13693E-01 5.33284E+00 1.11373E-01 2.53070E-02 -1.04962E+00 
2.53070E-02 1.11373E-01 5.27835E+00 -3.82444E-01 -3.83243E-01 -3.82547E-01 -3.79971E-01 5.27553E+00 1.11373E-01 2.53070E-02 -3.21286E-01 
2.53070E-02 1.35445E-02 5.22853E+00 -3.42289E-01 -3.43106E-01 -3.42323E-01 -3.39639E-01 5.22570E+00 1.35445E-02 2.53070E-02 5.35581E-01 
2.53070E-02 5.06099E-02 5.18668E+00 -2.94894E-01 -2.95729E-01 -2.94855E-01 -2.92059E-01 5.18385E+00 5.06099E-02 2.53070E-02 1.52941E+00 
2.53070E-02 9.63277E-02 5.15316E+00 -2.38827E-01 -2.39680E-01 -2.38709E-01 -2.35798E-01 5.15032E+00 9.63277E-02 2.53070E-02 2.72427E+00 
2.53070E-02 1.51659E-01 5.12904E+00 -1.73139E-01 -1.74011E-01 -1.72938E-01 -1.69906E-01 5.12620E+00 1.51659E-01 2.53070E-02 4.15693E+00 
2.53070E-02 2.17658E-01 5.11546E+00 -9.67895E-02 -9.76812E-02 -9.65009E-02 -9.33432E-02 5.11261E+00 2.17658E-01 2.53070E-02 5.86834E+00 
2.53070E-02 2.76769E-01 5.11297E+00 -2.96828E-02 -3.05896E-02 -2.93222E-02 -2.60640E-02 5.11011E+00 2.76769E-01 2.53070E-02 7.41212E+00 
2.53070E-02 2.95471E-01 5.11366E+00 -8.64612E-03 -9.55742E-03 -8.26396E-03 -4.97580E-03 5.11080E+00 2.95471E-01 2.53070E-02 7.90330E+00 
2.53070E-02 3.94050E-01 5.12646E+00 1.01037E-01 1.00104E-01 1.01526E-01 1.04961E-01 5.12359E+00 3.94050E-01 2.53070E-02 1.05161E+01 
2.53070E-02 5.09539E-01 5.15633E+00 2.27579E-01 2.26624E-01 2.28182E-01 2.31769E-01 5.15345E+00 5.09539E-01 2.53070E-02 1.36276E+01 
2.53070E-02 6.43823E-01 5.20526E+00 3.72853E-01 3.71876E-01 3.73578E-01 3.77323E-01 5.20237E+00 6.43823E-01 2.53070E-02 1.73083E+01 
2.53070E-02 7.98960E-01 5.27539E+00 5.38903E-01 5.37903E-01 5.39756E-01 5.43666E-01 5.27249E+00 7.98960E-01 2.53070E-02 2.16324E+01 
1.48046E-01 9.68928E-01 5.36162E+00 7.19585E-01 7.18563E-01 7.20576E-01 7.24658E-01 5.35871E+00 9.68928E-01 1.48046E-01 2.64856E+01 
3.51184E-01 1.16380E+00 5.47287E+00 9.25128E-01 9.24083E-01 9.26267E-01 9.30529E-01 5.46996E+00 1.16380E+00 3.51184E-01 3.20602E+01 
5.83959E-01 1.38825E+00 5.61370E+00 1.16020E+00 1.15913E+00 1.16150E+00 1.16595E+00 5.61078E+00 1.38825E+00 5.83959E-01 3.84776E+01 
8.49435E-01 1.64533E+00 5.78731E+00 1.42787E+00 1.42677E+00 1.42933E+00 1.43397E+00 5.78438E+00 1.64533E+00 8.49435E-01 4.58254E+01 
1.15089E+00 1.93834E+00 5.99709E+00 1.73139E+00 1.73027E+00 1.73303E+00 1.73788E+00 5.99416E+00 1.93834E+00 1.15089E+00 5.41925E+01 
1.49179E+00 2.27077E+00 6.24664E+00 2.07424E+00 2.07310E+00 2.07607E+00 2.08113E+00 6.24370E+00 2.27077E+00 1.49179E+00 6.36671E+01 
1.87581E+00 2.64627E+00 6.53972E+00 2.46007E+00 2.45891E+00 2.46210E+00 2.46739E+00 6.53677E+00 2.64627E+00 1.87581E+00 7.43358E+01 
2.30678E+00 3.06869E+00 6.88027E+00 2.89272E+00 2.89153E+00 2.89497E+00 2.90049E+00 6.87732E+00 3.06869E+00 2.30678E+00 8.62815E+01 
2.78868E+00 3.54203E+00 7.27237E+00 3.37616E+00 3.37494E+00 3.37863E+00 3.38439E+00 7.26942E+00 3.54203E+00 2.78868E+00 9.95822E+01 
3.32560E+00 4.07038E+00 7.72021E+00 3.91448E+00 3.91324E+00 3.91719E+00 3.92321E+00 7.71725E+00 4.07038E+00 3.32560E+00 1.14310E+02 
3.92172E+00 4.65792E+00 8.22803E+00 4.51185E+00 4.51059E+00 4.51482E+00 4.52110E+00 8.22506E+00 4.65792E+00 3.92172E+00 1.30527E+02 
4.58125E+00 5.30888E+00 8.80011E+00 5.17250E+00 5.17121E+00 5.17573E+00 5.18228E+00 8.79715E+00 5.30888E+00 4.58125E+00 1.48289E+02 
5.30839E+00 6.02746E+00 9.44074E+00 5.90060E+00 5.89929E+00 5.90412E+00 5.91095E+00 9.43777E+00 6.02746E+00 5.30839E+00 1.67639E+02 
2.35320E-02 1.06527E-01 4.61529E+00 -3.15590E-01 -3.16489E-01 -3.15730E-01 -3.12862E-01 4.61240E+00 1.06527E-01 2.35320E-02 -9.79484E-01 
2.35320E-02 1.06527E-01 4.56821E+00 -2.84263E-01 -2.85181E-01 -2.84323E-01 -2.81335E-01 4.56532E+00 1.06527E-01 2.35320E-02 -2.89478E-01 
2.35320E-02 1.30648E-02 4.52806E+00 -2.46764E-01 -2.47702E-01 -2.46739E-01 -2.43629E-01 4.52516E+00 1.30648E-02 2.35320E-02 5.23524E-01 
2.35320E-02 4.86280E-02 4.49529E+00 -2.02523E-01 -2.03480E-01 -2.02409E-01 -1.99171E-01 4.49238E+00 4.86280E-02 2.35320E-02 1.46666E+00 
2.35320E-02 9.22264E-02 4.47027E+00 -1.50231E-01 -1.51209E-01 -1.50022E-01 -1.46652E-01 4.46736E+00 9.22264E-02 2.35320E-02 2.60012E+00 
2.35320E-02 1.44724E-01 4.45396E+00 -8.90371E-02 -9.00345E-02 -8.87267E-02 -8.52197E-02 4.45104E+00 1.44724E-01 2.35320E-02 3.95742E+00 
2.35320E-02 2.07065E-01 4.44739E+00 -1.80065E-02 -1.90247E-02 -1.75894E-02 -1.39397E-02 4.44446E+00 2.07065E-01 2.35320E-02 5.57549E+00 
2.35320E-02 2.62704E-01 4.44968E+00 4.43435E-02 4.33091E-02 4.48477E-02 4.86115E-02 4.44674E+00 2.62704E-01 2.35320E-02 7.03182E+00 
2.35320E-02 2.80274E-01 4.45165E+00 6.38738E-02 6.28346E-02 6.44041E-02 6.82020E-02 4.44872E+00 2.80274E-01 2.35320E-02 7.49452E+00 
2.35320E-02 3.72674E-01 4.46976E+00 1.65591E-01 1.64528E-01 1.66250E-01 1.70214E-01 4.46682E+00 3.72674E-01 2.35320E-02 9.95072E+00 
2.35320E-02 4.80533E-01 4.50347E+00 2.82722E-01 2.81636E-01 2.83519E-01 2.87656E-01 4.50052E+00 4.80533E-01 2.35320E-02 1.28652E+01 
2.35320E-02 6.05520E-01 4.55454E+00 4.16925E-01 4.15815E-01 4.17868E-01 4.22184E-01 4.55158E+00 6.05520E-01 2.35320E-02 1.62994E+01 
2.35320E-02 7.49448E-01 4.62485E+00 5.70001E-01 5.68867E-01 5.71098E-01 5.75602E-01 4.62189E+00 7.49448E-01 2.35320E-02 2.03176E+01 
1.37482E-01 9.07145E-01 4.71003E+00 7.36676E-01 7.35519E-01 7.37939E-01 7.42637E-01 4.70706E+00 9.07145E-01 1.37482E-01 2.48010E+01 
3.25487E-01 1.08739E+00 4.81785E+00 9.25859E-01 9.24678E-01 9.27298E-01 9.32199E-01 4.81487E+00 1.08739E+00 3.25487E-01 2.99285E+01 
5.40148E-01 1.29423E+00 4.95228E+00 1.14160E+00 1.14039E+00 1.14322E+00 1.14834E+00 4.94929E+00 1.29423E+00 5.40148E-01 3.58070E+01 
7.84106E-01 1.53031E+00 5.11606E+00 1.38653E+00 1.38530E+00 1.38836E+00 1.39369E+00 5.11307E+00 1.53031E+00 7.84106E-01 4.25099E+01 
1.06017E+00 1.79844E+00 5.31210E+00 1.66345E+00 1.66220E+00 1.66549E+00 1.67106E+00 5.30911E+00 1.79844E+00 1.06017E+00 5.01103E+01 
1.37129E+00 2.10159E+00 5.54348E+00 1.97533E+00 1.97405E+00 1.97759E+00 1.98340E+00 5.54048E+00 2.10159E+00 1.37129E+00 5.86800E+01 
1.72057E+00 2.44287E+00 5.81337E+00 2.32524E+00 2.32394E+00 2.32774E+00 2.33380E+00 5.81037E+00 2.44287E+00 1.72057E+00 6.82881E+01 
2.11123E+00 2.82550E+00 6.12509E+00 2.71641E+00 2.71508E+00 2.71916E+00 2.72548E+00 6.12209E+00 2.82550E+00 2.11123E+00 7.89996E+01 
2.54657E+00 3.25280E+00 6.48203E+00 3.15214E+00 3.15079E+00 3.15516E+00 3.16175E+00 6.47902E+00 3.25280E+00 2.54657E+00 9.08743E+01 
3.02999E+00 3.72815E+00 6.88765E+00 3.63582E+00 3.63444E+00 3.63912E+00 3.64600E+00 6.88464E+00 3.72815E+00 3.02999E+00 1.03965E+02 
3.56488E+00 4.25498E+00 7.34542E+00 4.17085E+00 4.16945E+00 4.17445E+00 4.18162E+00 7.34241E+00 4.25498E+00 3.56488E+00 1.18318E+02 
4.15465E+00 4.83669E+00 7.85882E+00 4.76063E+00 4.75921E+00 4.76455E+00 4.77202E+00 7.85581E+00 4.83669E+00 4.15465E+00 1.33968E+02 
4.80267E+00 5.47666E+00 8.43126E+00 5.40853E+00 5.40708E+00 5.41278E+00 5.42057E+00 8.42825E+00 5.47666E+00 4.80267E+00 1.50942E+02 
2.18710E-02 1.01967E-01 3.99169E+00 -2.30679E-01 -2.31712E-01 -2.30767E-01 -2.27437E-01 3.98873E+00 1.01967E-01 2.18710E-02 -9.14837E-01 
2.18710E-02 1.01967E-01 3.95343E+00 -2.01290E-01 -2.02343E-01 -2.01280E-01 -1.97814E-01 3.95047E+00 1.01967E-01 2.18710E-02 -2.58168E-01 
2.18710E-02 1.26148E-02 3.92158E+00 -1.66142E-01 -1.67216E-01 -1.66029E-01 -1.62423E-01 3.91861E+00 1.26148E-02 2.18710E-02 5.16021E-01 
2.18710E-02 4.67657E-02 3.89655E+00 -1.24724E-01 -1.25819E-01 -1.24502E-01 -1.20752E-01 3.89357E+00 4.67657E-02 2.18710E-02 1.41360E+00 
2.18710E-02 8.83690E-02 3.87873E+00 -7.58424E-02 -7.69592E-02 -7.55053E-02 -7.16052E-02 3.87574E+00 8.83690E-02 2.18710E-02 2.49115E+00 
2.18710E-02 1.38199E-01 3.86897E+00 -1.87334E-02 -1.98720E-02 -1.82743E-02 -1.42183E-02 3.86597E+00 1.38199E-01 2.18710E-02 3.77902E+00 
2.18710E-02 1.97100E-01 3.86818E+00 4.74382E-02 4.62775E-02 4.80265E-02 5.22443E-02 3.86518E+00 1.97100E-01 2.18710E-02 5.31043E+00 
2.18710E-02 2.49476E-01 3.87435E+00 1.05429E-01 1.04251E-01 1.06122E-01 1.10469E-01 3.87135E+00 2.49476E-01 2.18710E-02 6.68510E+00 
2.18710E-02 2.65985E-01 3.87735E+00 1.23576E-01 1.22393E-01 1.24301E-01 1.28687E-01 3.87435E+00 2.65985E-01 2.18710E-02 7.12116E+00 
2.18710E-02 3.52588E-01 3.89962E+00 2.17970E-01 2.16762E-01 2.18851E-01 2.23425E-01 3.89660E+00 3.52588E-01 2.18710E-02 9.43055E+00 
2.18710E-02 4.53302E-01 3.93611E+00 3.26434E-01 3.25202E-01 3.27480E-01 3.32250E-01 3.93309E+00 4.53302E-01 2.18710E-02 1.21600E+01 
2.18710E-02 5.69599E-01 3.98838E+00 4.50431E-01 4.49174E-01 4.51652E-01 4.56625E-01 3.98536E+00 5.69599E-01 2.18710E-02 1.53627E+01 
2.18710E-02 7.03068E-01 4.05809E+00 5.91541E-01 5.90259E-01 5.92947E-01 5.98131E-01 4.05506E+00 7.03068E-01 2.18710E-02 1.90939E+01 
1.27605E-01 8.49291E-01 4.14150E+00 7.45261E-01 7.43953E-01 7.46863E-01 7.52267E-01 4.13847E+00 8.49291E-01 1.27605E-01 2.32317E+01 
3.01494E-01 1.01589E+00 4.24537E+00 9.19313E-01 9.17981E-01 9.21125E-01 9.26757E-01 4.24233E+00 1.01589E+00 3.01494E-01 2.79423E+01 
4.99303E-01 1.20634E+00 4.37310E+00 1.11719E+00 1.11583E+00 1.11922E+00 1.12510E+00 4.37006E+00 1.20634E+00 4.99303E-01 3.33200E+01 
7.23295E-01 1.42292E+00 4.52706E+00 1.34115E+00 1.33977E+00 1.34342E+00 1.34954E+00 4.52401E+00 1.42292E+00 7.23295E-01 3.94254E+01 
9.75861E-01 1.66803E+00 4.70973E+00 1.59359E+00 1.59218E+00 1.59611E+00 1.60249E+00 4.70668E+00 1.66803E+00 9.75861E-01 4.63178E+01 
1.25950E+00 1.94417E+00 4.92370E+00 1.87699E+00 1.87556E+00 1.87978E+00 1.88643E+00 4.92065E+00 1.94417E+00 1.25950E+00 5.40550E+01 
1.57682E+00 2.25396E+00 5.17165E+00 2.19397E+00 2.19251E+00 2.19703E+00 2.20397E+00 5.16860E+00 2.25396E+00 1.57682E+00 6.26910E+01 
1.93048E+00 2.60007E+00 5.45634E+00 2.54718E+00 2.54570E+00 2.55055E+00 2.55777E+00 5.45329E+00 2.60007E+00 1.93048E+00 7.22756E+01 
2.32324E+00 2.98525E+00 5.78057E+00 2.93937E+00 2.93786E+00 2.94305E+00 2.95058E+00 5.77752E+00 2.98525E+00 2.32324E+00 8.28534E+01 
2.75784E+00 3.41227E+00 6.14718E+00 3.37330E+00 3.37177E+00 3.37731E+00 3.38516E+00 6.14412E+00 3.41227E+00 2.75784E+00 9.44622E+01 
3.23704E+00 3.88388E+00 6.55897E+00 3.85172E+00 3.85016E+00 3.85608E+00 3.86426E+00 6.55592E+00 3.88388E+00 3.23704E+00 1.07132E+02 
3.76357E+00 4.40282E+00 7.01873E+00 4.37735E+00 4.37577E+00 4.38208E+00 4.39060E+00 7.01568E+00 4.40282E+00 3.76357E+00 1.20886E+02 
4.34007E+00 4.97173E+00 7.52915E+00 4.95284E+00 4.95124E+00 4.95796E+00 4.96683E+00 7.52610E+00 4.97173E+00 4.34007E+00 1.35735E+02 
2.03155E-02 9.76611E-02 3.45186E+00 -1.59007E-01 -1.60192E-01 -1.59013E-01 -1.55148E-01 3.44882E+00 9.76611E-02 2.03155E-02 -8.54446E-01 
2.03155E-02 9.76611E-02 3.42119E+00 -1.31314E-01 -1.32521E-01 -1.31201E-01 -1.27181E-01 3.41815E+00 9.76611E-02 2.03155E-02 -2.26756E-01 
2.03155E-02 1.21901E-02 3.39645E+00 -9.82560E-02 -9.94854E-02 -9.80176E-02 -9.38388E-02 3.39341E+00 1.21901E-02 2.03155E-02 5.13012E-01 
2.03155E-02 4.50066E-02 3.37801E+00 -5.93775E-02 -6.06292E-02 -5.90072E-02 -5.46646E-02 3.37496E+00 4.50066E-02 2.03155E-02 1.36951E+00 
2.03155E-02 8.47252E-02 3.36625E+00 -1.35895E-02 -1.48639E-02 -1.30797E-02 -8.56707E-03 3.36320E+00 8.47252E-02 2.03155E-02 2.39591E+00 
2.03155E-02 1.32038E-01 3.36195E+00 3.97911E-02 3.84936E-02 4.04483E-02 4.51374E-02 3.35889E+00 1.32038E-01 2.03155E-02 3.61956E+00 
2.03155E-02 1.87697E-01 3.36591E+00 1.01509E-01 1.00188E-01 1.02322E-01 1.07194E-01 3.36284E+00 1.87697E-01 2.03155E-02 5.07016E+00 
2.03155E-02 2.37003E-01 3.37520E+00 1.55492E-01 1.54153E-01 1.56431E-01 1.61450E-01 3.37213E+00 2.37003E-01 2.03155E-02 6.36834E+00 
2.03155E-02 2.52513E-01 3.37901E+00 1.72367E-01 1.71023E-01 1.73344E-01 1.78407E-01 3.37593E+00 2.52513E-01 2.03155E-02 6.77939E+00 
2.03155E-02 3.33671E-01 3.40443E+00 2.60013E-01 2.58643E-01 2.61177E-01 2.66452E-01 3.40136E+00 3.33671E-01 2.03155E-02 8.95078E+00 
2.03155E-02 4.27687E-01 3.44282E+00 3.60480E-01 3.59084E-01 3.61842E-01 3.67338E-01 3.43974E+00 4.27687E-01 2.03155E-02 1.15061E+01 
2.03155E-02 5.35854E-01 3.49553E+00 4.75052E-01 4.73630E-01 4.76624E-01 4.82349E-01 3.49244E+00 5.35854E-01 2.03155E-02 1.44911E+01 
2.03155E-02 6.59559E-01 3.56400E+00 6.05111E-01 6.03663E-01 6.06903E-01 6.12867E-01 3.56091E+00 6.59559E-01 2.03155E-02 1.79528E+01 
1.18365E-01 7.95049E-01 3.64508E+00 7.46831E-01 7.45357E-01 7.48858E-01 7.55068E-01 3.64199E+00 7.95049E-01 1.18365E-01 2.17673E+01 
2.79081E-01 9.48902E-01 3.74460E+00 9.06876E-01 9.05377E-01 9.09152E-01 9.15619E-01 3.74150E+00 9.48902E-01 2.79081E-01 2.60894E+01 
4.61208E-01 1.12410E+00 3.86547E+00 1.08824E+00 1.08672E+00 1.09078E+00 1.09752E+00 3.86237E+00 1.12410E+00 4.61208E-01 3.10017E+01 
6.66675E-01 1.32259E+00 4.00971E+00 1.29285E+00 1.29130E+00 1.29567E+00 1.30269E+00 4.00661E+00 1.32259E+00 6.66675E-01 3.65536E+01 
8.97503E-01 1.54640E+00 4.17942E+00 1.52273E+00 1.52116E+00 1.52585E+00 1.53316E+00 4.17632E+00 1.54640E+00 8.97503E-01 4.27928E+01 
1.15579E+00 1.79763E+00 4.37679E+00 1.77998E+00 1.77838E+00 1.78341E+00 1.79102E+00 4.37369E+00 1.79763E+00 1.15579E+00 4.97645E+01 
1.44370E+00 2.07845E+00 4.60404E+00 2.06675E+00 2.06512E+00 2.07051E+00 2.07843E+00 4.60094E+00 2.07845E+00 1.44370E+00 5.75103E+01 
1.76345E+00 2.39107E+00 4.86346E+00 2.38525E+00 2.38360E+00 2.38936E+00 2.39762E+00 4.86036E+00 2.39107E+00 1.76345E+00 6.60672E+01 
2.11726E+00 2.73775E+00 5.15733E+00 2.73772E+00 2.73605E+00 2.74220E+00 2.75080E+00 5.15423E+00 2.73775E+00 2.11726E+00 7.54670E+01 
2.50737E+00 3.12071E+00 5.48795E+00 3.12639E+00 3.12469E+00 3.13126E+00 3.14021E+00 5.48486E+00 3.12071E+00 2.50737E+00 8.57351E+01 
2.93597E+00 3.54216E+00 5.85757E+00 3.55345E+00 3.55173E+00 3.55873E+00 3.56805E+00 5.85448E+00 3.54216E+00 2.93597E+00 9.68898E+01 
3.40521E+00 4.00424E+00 6.26838E+00 4.02105E+00 4.01931E+00 4.02676E+00 4.03646E+00 6.26529E+00 4.00424E+00 3.40521E+00 1.08942E+02 
3.91713E+00 4.50901E+00 6.72247E+00 4.53124E+00 4.52948E+00 4.53739E+00 4.54749E+00 6.71939E+00 4.50901E+00 3.91713E+00 1.21894E+02 
1.88580E-02 9.35774E-02 2.98453E+00 -9.86430E-02 -1.00000E-01 -9.85277E-02 -9.40421E-02 2.98143E+00 9.35774E-02 1.88580E-02 -7.97148E-01 
1.88580E-02 9.35774E-02 2.96040E+00 -7.24419E-02 -7.38227E-02 -7.21817E-02 -6.75210E-02 2.95729E+00 9.35774E-02 1.88580E-02 -1.94641E-01 
1.88580E-02 1.17868E-02 2.94174E+00 -4.12528E-02 -4.26572E-02 -4.08409E-02 -3.60005E-02 2.93862E+00 1.17868E-02 1.88580E-02 5.14521E-01 
1.88580E-02 4.33367E-02 2.92889E+00 -4.66939E-03 -6.09737E-03 -4.09816E-03 9.27470E-04 2.92576E+00 4.33367E-02 1.88580E-02 1.33380E+00 
1.88580E-02 8.12689E-02 2.92223E+00 3.83003E-02 3.68485E-02 3.90398E-02 4.42577E-02 2.91910E+00 8.12689E-02 1.88580E-02 2.31318E+00 
1.88580E-02 1.26199E-01 2.92245E+00 8.82651E-02 8.67892E-02 8.91822E-02 9.45995E-02 2.91932E+00 1.26199E-01 1.88580E-02 3.47717E+00 
1.88580E-02 1.78797E-01 2.93026E+00 1.45887E-01 1.44387E-01 1.46991E-01 1.52615E-01 2.92712E+00 1.78797E-01 1.88580E-02 4.85212E+00 
1.88580E-02 2.25209E-01 2.94200E+00 1.96176E-01 1.94657E-01 1.97432E-01 2.03221E-01 2.93886E+00 2.25209E-01 1.88580E-02 6.07840E+00 
1.88580E-02 2.39779E-01 2.94643E+00 2.11877E-01 2.10352E-01 2.13178E-01 2.19017E-01 2.94330E+00 2.39779E-01 1.88580E-02 6.46591E+00 
1.88580E-02 3.15817E-01 2.97419E+00 2.93290E-01 2.91739E-01 2.94816E-01 3.00894E-01 2.97105E+00 3.15817E-01 1.88580E-02 8.50725E+00 
1.88580E-02 4.03549E-01 3.01373E+00 3.86364E-01 3.84786E-01 3.88126E-01 3.94453E-01 3.01059E+00 4.03549E-01 1.88580E-02 1.08984E+01 
1.88580E-02 5.04104E-01 3.06624E+00 4.92220E-01 4.90616E-01 4.94232E-01 5.00818E-01 3.06309E+00 5.04104E-01 1.88580E-02 1.36784E+01 
1.88580E-02 6.18689E-01 3.13298E+00 6.12060E-01 6.10429E-01 6.14335E-01 6.21188E-01 3.12983E+00 6.18689E-01 1.88580E-02 1.68867E+01 
1.09716E-01 7.44136E-01 3.21128E+00 7.42654E-01 7.40998E-01 7.45208E-01 7.52338E-01 3.20813E+00 7.44136E-01 1.09716E-01 2.03989E+01 
2.58137E-01 8.86089E-01 3.30616E+00 8.89721E-01 8.88039E-01 8.92570E-01 8.99989E-01 3.30301E+00 8.86089E-01 2.58137E-01 2.43588E+01 
4.25672E-01 1.04710E+00 3.42009E+00 1.05581E+00 1.05411E+00 1.05898E+00 1.06670E+00 3.41694E+00 1.04710E+00 4.25672E-01 2.88387E+01 
6.13951E-01 1.22880E+00 3.55479E+00 1.24257E+00 1.24083E+00 1.24606E+00 1.25409E+00 3.55164E+00 1.22880E+00 6.13951E-01 3.38781E+01 
8.24672E-01 1.43290E+00 3.71202E+00 1.45167E+00 1.44991E+00 1.45551E+00 1.46387E+00 3.70888E+00 1.43290E+00 8.24672E-01 3.95148E+01 
1.05958E+00 1.66115E+00 3.89361E+00 1.68488E+00 1.68309E+00 1.68908E+00 1.69779E+00 3.89046E+00 1.66115E+00 1.05958E+00 4.57834E+01 
1.32046E+00 1.91535E+00 4.10139E+00 1.94396E+00 1.94216E+00 1.94856E+00 1.95761E+00 4.09825E+00 1.91535E+00 1.32046E+00 5.27149E+01 
1.60912E+00 2.19729E+00 4.33722E+00 2.23073E+00 2.22891E+00 2.23574E+00 2.24516E+00 4.33409E+00 2.19729E+00 1.60912E+00 6.03357E+01 
1.92736E+00 2.50879E+00 4.60297E+00 2.54699E+00 2.54515E+00 2.55243E+00 2.56224E+00 4.59984E+00 2.50879E+00 1.92736E+00 6.86671E+01 
2.27695E+00 2.85164E+00 4.90046E+00 2.89452E+00 2.89265E+00 2.90041E+00 2.91061E+00 4.89734E+00 2.85164E+00 2.27695E+00 7.77244E+01 
2.65962E+00 3.22756E+00 5.23147E+00 3.27504E+00 3.27315E+00 3.28141E+00 3.29202E+00 5.22835E+00 3.22756E+00 2.65962E+00 8.75166E+01 
3.07702E+00 3.63821E+00 5.59768E+00 3.69020E+00 3.68829E+00 3.69707E+00 3.70810E+00 5.59458E+00 3.63821E+00 3.07702E+00 9.80457E+01 
3.53071E+00 4.08514E+00 6.00070E+00 4.14156E+00 4.13963E+00 4.14895E+00 4.16042E+00 5.99760E+00 4.08514E+00 3.53071E+00 1.09307E+02 
1.74917E-02 8.96903E-02 2.57999E+00 -4.79324E-02 -4.94848E-02 -4.76443E-02 -4.24434E-02 2.57681E+00 8.96903E-02 1.74917E-02 -7.41830E-01 
1.74917E-02 8.96903E-02 2.56147E+00 -2.30519E-02 -2.46289E-02 -2.25885E-02 -1.71898E-02 2.55828E+00 8.96903E-02 1.74917E-02 -1.61208E-01 
1.74917E-02 1.14015E-02 2.54799E+00 6.45673E-03 4.85516E-03 7.10330E-03 1.27050E-02 2.54480E+00 1.14015E-02 1.74917E-02 5.20643E-01 
1.74917E-02 4.17437E-02 2.53986E+00 4.09546E-02 3.93287E-02 4.17934E-02 4.76040E-02 2.53667E+00 4.17437E-02 1.74917E-02 1.30606E+00 
1.74917E-02 7.79772E-02 2.53746E+00 8.13451E-02 7.96945E-02 8.23864E-02 8.84137E-02 2.53427E+00 7.79772E-02 1.74917E-02 2.24199E+00 
1.74917E-02 1.20649E-01 2.54139E+00 1.28169E-01 1.26493E-01 1.29423E-01 1.35675E-01 2.53820E+00 1.20649E-01 1.74917E-02 3.35026E+00 
1.74917E-02 1.70350E-01 2.55229E+00 1.82012E-01 1.80312E-01 1.83491E-01 1.89976E-01 2.54909E+00 1.70350E-01 1.74917E-02 4.65411E+00 
1.74917E-02 2.14030E-01 2.56593E+00 2.28886E-01 2.27167E-01 2.30547E-01 2.37218E-01 2.56273E+00 2.14030E-01 1.74917E-02 5.81259E+00 
1.74917E-02 2.27714E-01 2.57083E+00 2.43501E-01 2.41776E-01 2.45216E-01 2.51943E-01 2.56763E+00 2.27714E-01 1.74917E-02 6.17788E+00 
1.74917E-02 2.98933E-01 2.60022E+00 3.19145E-01 3.17394E-01 3.21128E-01 3.28124E-01 2.59701E+00 2.98933E-01 1.74917E-02 8.09635E+00 
1.74917E-02 3.80764E-01 2.64029E+00 4.05372E-01 4.03593E-01 4.07637E-01 4.14913E-01 2.63709E+00 3.80764E-01 1.74917E-02 1.03324E+01 
1.74917E-02 4.74190E-01 2.69208E+00 5.03156E-01 5.01351E-01 5.05719E-01 5.13284E-01 2.68888E+00 4.74190E-01 1.74917E-02 1.29190E+01 
1.74917E-02 5.80254E-01 2.75668E+00 6.13536E-01 6.11705E-01 6.16412E-01 6.24278E-01 2.75348E+00 5.80254E-01 1.74917E-02 1.58891E+01 
1.01617E-01 6.96297E-01 2.83188E+00 7.33804E-01 7.31948E-01 7.37010E-01 7.45187E-01 2.82868E+00 6.96297E-01 1.01617E-01 1.91184E+01 
2.38560E-01 8.27139E-01 2.92192E+00 8.68839E-01 8.66958E-01 8.72393E-01 8.80894E-01 2.91873E+00 8.27139E-01 2.38560E-01 2.27407E+01 
3.92516E-01 9.74937E-01 3.02893E+00 1.02080E+00 1.01890E+00 1.02473E+00 1.03356E+00 3.02573E+00 9.74937E-01 3.92516E-01 2.68189E+01 
5.64853E-01 1.14107E+00 3.15433E+00 1.19107E+00 1.18914E+00 1.19538E+00 1.20457E+00 3.15114E+00 1.14107E+00 5.64853E-01 3.13843E+01 
7.56982E-01 1.32695E+00 3.29959E+00 1.38104E+00 1.37909E+00 1.38576E+00 1.39531E+00 3.29641E+00 1.32695E+00 7.56982E-01 3.64657E+01 
9.70344E-01 1.53403E+00 3.46622E+00 1.59216E+00 1.59018E+00 1.59731E+00 1.60725E+00 3.46304E+00 1.53403E+00 9.70344E-01 4.20891E+01 
1.20639E+00 1.76376E+00 3.65573E+00 1.82588E+00 1.82389E+00 1.83149E+00 1.84182E+00 3.65256E+00 1.76376E+00 1.20639E+00 4.82766E+01 
1.46658E+00 2.01761E+00 3.86962E+00 2.08367E+00 2.08165E+00 2.08976E+00 2.10049E+00 3.86645E+00 2.01761E+00 1.46658E+00 5.50458E+01 
1.75234E+00 2.29701E+00 4.10936E+00 2.36694E+00 2.36490E+00 2.37353E+00 2.38469E+00 4.10621E+00 2.29701E+00 1.75234E+00 6.24095E+01 
2.06507E+00 2.60337E+00 4.37641E+00 2.67710E+00 2.67505E+00 2.68422E+00 2.69582E+00 4.37326E+00 2.60337E+00 2.06507E+00 7.03753E+01 
2.40609E+00 2.93801E+00 4.67212E+00 3.01547E+00 3.01340E+00 3.02315E+00 3.03520E+00 4.66899E+00 2.93801E+00 2.40609E+00 7.89447E+01 
2.77665E+00 3.30219E+00 4.99779E+00 3.38330E+00 3.38122E+00 3.39156E+00 3.40409E+00 4.99467E+00 3.30219E+00 2.77665E+00 8.81131E+01 
3.17788E+00 3.69704E+00 5.35457E+00 3.78173E+00 3.77963E+00 3.79059E+00 3.80361E+00 5.35146E+00 3.69704E+00 3.17788E+00 9.78700E+01 
1.62104E-02 8.59766E-02 2.22976E+00 -5.45345E-03 -7.22572E-03 -4.92633E-03 1.09693E-03 2.22651E+00 8.59766E-02 1.62104E-02 -6.87403E-01 
1.62104E-02 8.59766E-02 2.21605E+00 1.82493E-02 1.64517E-02 1.89881E-02 2.52343E-02 2.21280E+00 8.59766E-02 1.62104E-02 -1.25816E-01 
1.62104E-02 1.10311E-02 2.20699E+00 4.62368E-02 4.44142E-02 4.71964E-02 5.36712E-02 2.20373E+00 1.10311E-02 1.62104E-02 5.31554E-01 
1.62104E-02 4.02169E-02 2.20283E+00 7.88293E-02 7.69820E-02 8.00201E-02 8.67300E-02 2.19958E+00 4.02169E-02 1.62104E-02 1.28596E+00 
1.62104E-02 7.48303E-02 2.20397E+00 1.16848E-01 1.14976E-01 1.18282E-01 1.25236E-01 2.20071E+00 7.48303E-02 1.62104E-02 2.18152E+00 
1.62104E-02 1.15355E-01 2.21092E+00 1.60772E-01 1.58875E-01 1.62462E-01 1.69668E-01 2.20766E+00 1.15355E-01 1.62104E-02 3.23751E+00 
1.62104E-02 1.62312E-01 2.22425E+00 2.11118E-01 2.09196E-01 2.13076E-01 2.20544E-01 2.22099E+00 1.62312E-01 1.62104E-02 4.47426E+00 
1.62104E-02 2.03410E-01 2.23931E+00 2.54827E-01 2.52886E-01 2.57002E-01 2.64679E-01 2.23605E+00 2.03410E-01 1.62104E-02 5.56857E+00 
1.62104E-02 2.16256E-01 2.24455E+00 2.68435E-01 2.66489E-01 2.70675E-01 2.78414E-01 2.24129E+00 2.16256E-01 1.62104E-02 5.91281E+00 
1.62104E-02 2.82934E-01 2.27497E+00 3.38728E-01 3.36755E-01 3.41287E-01 3.49329E-01 2.27171E+00 2.82934E-01 1.62104E-02 7.71492E+00 
1.62104E-02 3.59221E-01 2.31507E+00 4.18601E-01 4.16602E-01 4.21497E-01 4.29852E-01 2.31181E+00 3.59221E-01 1.62104E-02 9.80426E+00 
1.62104E-02 4.45966E-01 2.36573E+00 5.08899E-01 5.06875E-01 5.12148E-01 5.20828E-01 2.36248E+00 4.45966E-01 1.62104E-02 1.22084E+01 
1.62104E-02 5.44064E-01 2.42789E+00 6.10514E-01 6.08465E-01 6.14134E-01 6.23151E-01 2.42464E+00 5.44064E-01 1.62104E-02 1.49541E+01 
9.40318E-02 6.51303E-01 2.49972E+00 7.21190E-01 7.19117E-01 7.25200E-01 7.34564E-01 2.49648E+00 6.51303E-01 9.40318E-02 1.79187E+01 
2.20259E-01 7.71767E-01 2.58482E+00 8.45061E-01 8.42965E-01 8.49483E-01 8.59208E-01 2.58159E+00 7.71767E-01 2.20259E-01 2.12263E+01 
3.61579E-01 9.07272E-01 2.68497E+00 9.83947E-01 9.81829E-01 9.88803E-01 9.98904E-01 2.68174E+00 9.07272E-01 3.61579E-01 2.49315E+01 
5.19131E-01 1.05896E+00 2.80135E+00 1.13898E+00 1.13685E+00 1.14430E+00 1.15479E+00 2.79813E+00 1.05896E+00 5.19131E-01 2.90585E+01 
6.94076E-01 1.22800E+00 2.93518E+00 1.31134E+00 1.30918E+00 1.31713E+00 1.32803E+00 2.93197E+00 1.22800E+00 6.94076E-01 3.36287E+01 
8.87587E-01 1.41557E+00 3.08770E+00 1.50218E+00 1.50000E+00 1.50848E+00 1.51980E+00 3.08449E+00 1.41557E+00 8.87587E-01 3.86607E+01 
1.10083E+00 1.62285E+00 3.26010E+00 1.71268E+00 1.71048E+00 1.71951E+00 1.73127E+00 3.25691E+00 1.62285E+00 1.10083E+00 4.41692E+01 
1.33497E+00 1.85100E+00 3.45360E+00 1.94399E+00 1.94178E+00 1.95138E+00 1.96360E+00 3.45042E+00 1.85100E+00 1.33497E+00 5.01648E+01 
1.59111E+00 2.10113E+00 3.66936E+00 2.19724E+00 2.19501E+00 2.20521E+00 2.21790E+00 3.66619E+00 2.10113E+00 1.59111E+00 5.66536E+01 
1.87034E+00 2.37433E+00 3.90847E+00 2.47349E+00 2.47124E+00 2.48208E+00 2.49526E+00 3.90532E+00 2.37433E+00 1.87034E+00 6.36370E+01 
2.17363E+00 2.67159E+00 4.17198E+00 2.77374E+00 2.77148E+00 2.78297E+00 2.79665E+00 4.16885E+00 2.67159E+00 2.17363E+00 7.11109E+01 
2.50191E+00 2.99383E+00 4.46083E+00 3.09890E+00 3.09664E+00 3.10880E+00 3.12301E+00 4.45771E+00 2.99383E+00 2.50191E+00 7.90662E+01 
2.85596E+00 3.34185E+00 4.77584E+00 3.44977E+00 3.44750E+00 3.46038E+00 3.47512E+00 4.77274E+00 3.34185E+00 2.85596E+00 8.74883E+01 
1.50086E-02 8.24168E-02 1.92658E+00 3.00069E-02 2.79881E-02 3.08589E-02 3.78244E-02 1.92326E+00 8.24168E-02 1.50086E-02 -6.32795E-01 
1.50086E-02 8.24168E-02 1.91698E+00 5.26506E-02 5.06064E-02 5.37575E-02 6.09736E-02 1.91366E+00 8.24168E-02 1.50086E-02 -8.78008E-02 
1.50086E-02 1.06732E-02 1.91165E+00 7.92518E-02 7.71827E-02 8.06242E-02 8.80971E-02 1.90833E+00 1.06732E-02 1.50086E-02 5.47497E-01 
1.50086E-02 3.87472E-02 1.91083E+00 1.10094E-01 1.08000E-01 1.11743E-01 1.19480E-01 1.90751E+00 3.87472E-02 1.50086E-02 1.27334E+00 
1.50086E-02 7.18111E-02 1.91487E+00 1.45922E-01 1.43804E-01 1.47863E-01 1.55874E-01 1.91156E+00 7.18111E-02 1.50086E-02 2.13115E+00 
1.50086E-02 1.10291E-01 1.92425E+00 1.87159E-01 1.85017E-01 1.89406E-01 1.97699E-01 1.92094E+00 1.10291E-01 1.50086E-02 3.13783E+00 
1.50086E-02 1.54643E-01 1.93945E+00 2.34258E-01 2.32092E-01 2.36825E-01 2.45411E-01 1.93614E+00 1.54643E-01 1.50086E-02 4.31097E+00 
1.50086E-02 1.93298E-01 1.95554E+00 2.75027E-01 2.72843E-01 2.77852E-01 2.86673E-01 1.95223E+00 1.93298E-01 1.50086E-02 5.34437E+00 
1.50086E-02 2.05353E-01 1.96099E+00 2.87699E-01 2.85509E-01 2.90602E-01 2.99492E-01 1.95769E+00 2.05353E-01 1.50086E-02 5.66863E+00 
1.50086E-02 2.67749E-01 1.99196E+00 3.53017E-01 3.50803E-01 3.56300E-01 3.65529E-01 1.98866E+00 2.67749E-01 1.50086E-02 7.36026E+00 
1.50086E-02 3.38822E-01 2.03166E+00 4.26988E-01 4.24749E-01 4.30670E-01 4.40249E-01 2.02836E+00 3.38822E-01 1.50086E-02 9.31057E+00 
1.50086E-02 4.19303E-01 2.08086E+00 5.10336E-01 5.08073E-01 5.14436E-01 5.24379E-01 2.07756E+00 4.19303E-01 1.50086E-02 1.15421E+01 
1.50086E-02 5.09956E-01 2.14036E+00 6.03821E-01 6.01536E-01 6.08361E-01 6.18679E-01 2.13707E+00 5.09956E-01 1.50086E-02 1.40767E+01 
8.69265E-02 6.08950E-01 2.20865E+00 7.05579E-01 7.03273E-01 7.10579E-01 7.21284E-01 2.20537E+00 6.08950E-01 8.69265E-02 1.67936E+01 
2.03148E-01 7.19724E-01 2.28877E+00 8.19090E-01 8.16763E-01 8.24573E-01 8.35682E-01 2.28550E+00 7.19724E-01 2.03148E-01 1.98078E+01 
3.32715E-01 8.43791E-01 2.38217E+00 9.45867E-01 9.43522E-01 9.51860E-01 9.63388E-01 2.37892E+00 8.43791E-01 3.32715E-01 2.31669E+01 
4.76561E-01 9.82092E-01 2.48986E+00 1.08685E+00 1.08449E+00 1.09338E+00 1.10534E+00 2.48661E+00 9.82092E-01 4.76561E-01 2.68889E+01 
6.35630E-01 1.13558E+00 2.61282E+00 1.24298E+00 1.24060E+00 1.25007E+00 1.26249E+00 2.60958E+00 1.13558E+00 6.35630E-01 3.09889E+01 
8.10867E-01 1.30520E+00 2.75203E+00 1.41520E+00 1.41281E+00 1.42289E+00 1.43577E+00 2.74881E+00 1.30520E+00 8.10867E-01 3.54794E+01 
1.00319E+00 1.49188E+00 2.90847E+00 1.60445E+00 1.60204E+00 1.61275E+00 1.62613E+00 2.90527E+00 1.49188E+00 1.00319E+00 4.03691E+01 
1.21351E+00 1.69653E+00 3.08308E+00 1.81161E+00 1.80919E+00 1.82057E+00 1.83444E+00 3.07989E+00 1.69653E+00 1.21351E+00 4.56631E+01 
1.44267E+00 1.92000E+00 3.27674E+00 2.03755E+00 2.03512E+00 2.04718E+00 2.06159E+00 3.27357E+00 1.92000E+00 1.44267E+00 5.13622E+01 
1.69148E+00 2.16310E+00 3.49028E+00 2.28306E+00 2.28063E+00 2.29341E+00 2.30835E+00 3.48713E+00 2.16310E+00 1.69148E+00 5.74631E+01 
1.96065E+00 2.42656E+00 3.72447E+00 2.54887E+00 2.54644E+00 2.55996E+00 2.57546E+00 3.72134E+00 2.42656E+00 1.96065E+00 6.39579E+01 
2.25081E+00 2.71101E+00 3.97995E+00 2.83561E+00 2.83317E+00 2.84748E+00 2.86356E+00 3.97685E+00 2.71101E+00 2.25081E+00 7.08340E+01 
2.56250E+00 3.01698E+00 4.25729E+00 3.14381E+00 3.14137E+00 3.15648E+00 3.17317E+00 4.25421E+00 3.01698E+00 2.56250E+00 7.80747E+01 
1.38812E-02 7.89939E-02 1.66412E+00 5.94912E-02 5.71975E-02 6.07783E-02 6.88198E-02 1.66073E+00 7.89939E-02 1.38812E-02 -5.76928E-01 
1.38812E-02 7.89939E-02 1.65802E+00 8.11735E-02 7.88552E-02 8.27669E-02 9.10894E-02 1.65464E+00 7.89939E-02 1.38812E-02 -4.64590E-02 
1.38812E-02 1.03255E-02 1.65584E+00 1.06502E-01 1.04160E-01 1.08414E-01 1.17024E-01 1.65246E+00 1.03255E-02 1.38812E-02 5.68789E-01 
1.38812E-02 3.73266E-02 1.65778E+00 1.35726E-01 1.33361E-01 1.37970E-01 1.46875E-01 1.65441E+00 3.73266E-02 1.38812E-02 1.26810E+00 
1.38812E-02 6.89048E-02 1.66420E+00 1.69523E-01 1.67134E-01 1.72114E-01 1.81325E-01 1.66083E+00 6.89048E-02 1.38812E-02 2.09039E+00 
1.38812E-02 1.05433E-01 1.67549E+00 2.08260E-01 2.05849E-01 2.11216E-01 2.20744E-01 1.67213E+00 1.05433E-01 1.38812E-02 3.05029E+00 
1.38812E-02 1.47311E-01 1.69209E+00 2.52336E-01 2.49902E-01 2.55673E-01 2.65529E-01 1.68873E+00 1.47311E-01 1.38812E-02 4.16291E+00 
1.38812E-02 1.83650E-01 1.70886E+00 2.90366E-01 2.87916E-01 2.94010E-01 3.04127E-01 1.70550E+00 1.83650E-01 1.38812E-02 5.13827E+00 
1.38812E-02 1.94958E-01 1.71444E+00 3.02166E-01 2.99711E-01 3.05902E-01 3.16097E-01 1.71109E+00 1.94958E-01 1.38812E-02 5.44349E+00 
1.38812E-02 2.53312E-01 1.74554E+00 3.62852E-01 3.60375E-01 3.67039E-01 3.77612E-01 1.74220E+00 2.53312E-01 1.38812E-02 7.03000E+00 
1.38812E-02 3.19481E-01 1.78450E+00 4.31330E-01 4.28832E-01 4.35989E-01 4.46953E-01 1.78117E+00 3.19481E-01 1.38812E-02 8.84835E+00 
1.38812E-02 3.94087E-01 1.83198E+00 5.08217E-01 5.05698E-01 5.13371E-01 5.24740E-01 1.82865E+00 3.94087E-01 1.38812E-02 1.09167E+01 
1.38812E-02 4.77778E-01 1.88865E+00 5.94157E-01 5.91619E-01 5.99828E-01 6.11616E-01 1.88533E+00 4.77778E-01 1.38812E-02 1.32523E+01 
8.02702E-02 5.69050E-01 1.95330E+00 6.87618E-01 6.85064E-01 6.93831E-01 7.06050E-01 1.94999E+00 5.69050E-01 8.02702E-02 1.57373E+01 
1.87153E-01 6.70776E-01 2.02843E+00 7.91508E-01 7.88938E-01 7.98288E-01 8.10955E-01 2.02514E+00 6.70776E-01 1.87153E-01 1.84783E+01 
3.05787E-01 7.84205E-01 2.11527E+00 9.07075E-01 9.04491E-01 9.14452E-01 9.27585E-01 2.11199E+00 7.84205E-01 3.05787E-01 2.15164E+01 
4.36932E-01 9.10101E-01 2.21461E+00 1.03508E+00 1.03248E+00 1.04308E+00 1.05670E+00 2.21135E+00 9.10101E-01 4.36932E-01 2.48644E+01 
5.81345E-01 1.04923E+00 2.32725E+00 1.17628E+00 1.17367E+00 1.18494E+00 1.19906E+00 2.32401E+00 1.04923E+00 5.81345E-01 2.85323E+01 
7.39768E-01 1.20233E+00 2.45398E+00 1.33142E+00 1.32881E+00 1.34077E+00 1.35541E+00 2.45076E+00 1.20233E+00 7.39768E-01 3.25277E+01 
9.12920E-01 1.37013E+00 2.59555E+00 1.50123E+00 1.49861E+00 1.51130E+00 1.52648E+00 2.59235E+00 1.37013E+00 9.12920E-01 3.68544E+01 
1.10148E+00 1.55332E+00 2.75268E+00 1.68637E+00 1.68375E+00 1.69720E+00 1.71294E+00 2.74950E+00 1.55332E+00 1.10148E+00 4.15131E+01 
1.30609E+00 1.75254E+00 2.92603E+00 1.88750E+00 1.88488E+00 1.89911E+00 1.91543E+00 2.92288E+00 1.75254E+00 1.30609E+00 4.65009E+01 
1.52732E+00 1.96837E+00 3.11621E+00 2.10518E+00 2.10256E+00 2.11762E+00 2.13453E+00 3.11308E+00 1.96837E+00 1.52732E+00 5.18108E+01 
1.76565E+00 2.20129E+00 3.32373E+00 2.33992E+00 2.33730E+00 2.35321E+00 2.37074E+00 3.32063E+00 2.20129E+00 1.76565E+00 5.74323E+01 
2.02151E+00 2.45173E+00 3.54904E+00 2.59211E+00 2.58950E+00 2.60629E+00 2.62447E+00 3.54597E+00 2.45173E+00 2.02151E+00 6.33508E+01 
2.29521E+00 2.72000E+00 3.79247E+00 2.86208E+00 2.85948E+00 2.87719E+00 2.89603E+00 3.78943E+00 2.72000E+00 2.29521E+00 6.95484E+01 
1.28236E-02 7.56932E-02 1.43689E+00 8.38912E-02 8.12929E-02 8.57545E-02 9.50204E-02 1.43344E+00 7.56932E-02 1.28236E-02 -5.18707E-01 
1.28236E-02 7.56932E-02 1.43376E+00 1.04692E-01 1.02071E-01 1.06922E-01 1.16502E-01 1.43032E+00 7.56932E-02 1.28236E-02 -1.05019E-03 
1.28236E-02 9.98636E-03 1.43422E+00 1.28843E-01 1.26200E-01 1.31454E-01 1.41356E-01 1.43079E+00 9.98636E-03 1.28236E-02 5.95809E-01 
1.28236E-02 3.59486E-02 1.43845E+00 1.56564E-01 1.53900E-01 1.59570E-01 1.69802E-01 1.43502E+00 3.59486E-02 1.28236E-02 1.27028E+00 
1.28236E-02 6.60989E-02 1.44677E+00 1.88465E-01 1.85781E-01 1.91886E-01 2.02459E-01 1.44336E+00 6.60989E-02 1.28236E-02 2.05888E+00 
1.28236E-02 1.00762E-01 1.45954E+00 2.24870E-01 2.22167E-01 2.28725E-01 2.39651E-01 1.45614E+00 1.00762E-01 1.28236E-02 2.97417E+00 
1.28236E-02 1.40284E-01 1.47714E+00 2.66122E-01 2.63400E-01 2.70430E-01 2.81721E-01 1.47374E+00 1.40284E-01 1.28236E-02 4.02892E+00 
1.28236E-02 1.74429E-01 1.49431E+00 3.01595E-01 2.98859E-01 3.06267E-01 3.17849E-01 1.49091E+00 1.74429E-01 1.28236E-02 4.94881E+00 
1.28236E-02 1.85029E-01 1.49994E+00 3.12581E-01 3.09841E-01 3.17361E-01 3.29031E-01 1.49655E+00 1.85029E-01 1.28236E-02 5.23584E+00 
1.28236E-02 2.39565E-01 1.53083E+00 3.68946E-01 3.66188E-01 3.74259E-01 3.86350E-01 1.52745E+00 2.39565E-01 1.28236E-02 6.72210E+00 
1.28236E-02 3.01118E-01 1.56878E+00 4.32305E-01 4.29530E-01 4.38176E-01 4.50701E-01 1.56542E+00 3.01118E-01 1.28236E-02 8.41500E+00 
1.28236E-02 3.70213E-01 1.61434E+00 5.03180E-01 5.00390E-01 5.09634E-01 5.22610E-01 1.61099E+00 3.70213E-01 1.28236E-02 1.03289E+01 
1.28236E-02 4.47393E-01 1.66807E+00 5.82110E-01 5.79307E-01 5.89173E-01 6.02614E-01 1.66474E+00 4.47393E-01 1.28236E-02 1.24769E+01 
7.40347E-02 5.31433E-01 1.72901E+00 6.67849E-01 6.65035E-01 6.75546E-01 6.89466E-01 1.72570E+00 5.31433E-01 7.40347E-02 1.47448E+01 
1.72200E-01 6.24713E-01 1.79922E+00 7.62802E-01 7.59979E-01 7.71163E-01 7.85580E-01 1.79592E+00 6.24713E-01 1.72200E-01 1.72314E+01 
2.80671E-01 7.28251E-01 1.87968E+00 8.67988E-01 8.65158E-01 8.77046E-01 8.91980E-01 1.87640E+00 7.28251E-01 2.80671E-01 1.99720E+01 
4.00053E-01 8.42658E-01 1.97104E+00 9.84015E-01 9.81181E-01 9.93803E-01 1.00927E+00 1.96779E+00 8.42658E-01 4.00053E-01 2.29750E+01 
5.30941E-01 9.68534E-01 2.07394E+00 1.11148E+00 1.10864E+00 1.12203E+00 1.13806E+00 2.07070E+00 9.68534E-01 5.30941E-01 2.62465E+01 
6.73909E-01 1.10646E+00 2.18897E+00 1.25096E+00 1.24812E+00 1.26231E+00 1.27891E+00 2.18576E+00 1.10646E+00 6.73909E-01 2.97897E+01 
8.29499E-01 1.25698E+00 2.31672E+00 1.40299E+00 1.40016E+00 1.41518E+00 1.43238E+00 2.31354E+00 1.25698E+00 8.29499E-01 3.36050E+01 
9.98212E-01 1.42060E+00 2.45772E+00 1.56809E+00 1.56526E+00 1.58115E+00 1.59896E+00 2.45457E+00 1.42060E+00 9.98212E-01 3.76897E+01 
1.18050E+00 1.59777E+00 2.61244E+00 1.74669E+00 1.74388E+00 1.76066E+00 1.77912E+00 2.60932E+00 1.59777E+00 1.18050E+00 4.20378E+01 
1.37675E+00 1.78889E+00 2.78130E+00 1.93921E+00 1.93640E+00 1.95412E+00 1.97324E+00 2.77822E+00 1.78889E+00 1.37675E+00 4.66403E+01 
1.58727E+00 1.99428E+00 2.96464E+00 2.14594E+00 2.14315E+00 2.16183E+00 2.18163E+00 2.96159E+00 1.99428E+00 1.58727E+00 5.14848E+01 
1.81231E+00 2.21417E+00 3.16271E+00 2.36712E+00 2.36435E+00 2.38404E+00 2.40454E+00 3.15970E+00 2.21417E+00 1.81231E+00 5.65558E+01 
2.05198E+00 2.44870E+00 3.37568E+00 2.60289E+00 2.60015E+00 2.62087E+00 2.64210E+00 3.37270E+00 2.44870E+00 2.05198E+00 6.18350E+01 
1.18315E-02 7.25020E-02 1.24015E+00 1.03970E-01 1.01037E-01 1.06589E-01 1.17243E-01 1.23666E+00 7.25020E-02 1.18315E-02 -4.57021E-01 
1.18315E-02 7.25020E-02 1.23954E+00 1.23954E-01 1.21002E-01 1.27012E-01 1.38016E-01 1.23605E+00 7.25020E-02 1.18315E-02 4.92036E-02 
1.18315E-02 9.65413E-03 1.24220E+00 1.47007E-01 1.44037E-01 1.50519E-01 1.61881E-01 1.23872E+00 9.65413E-03 1.18315E-02 6.28995E-01 
1.18315E-02 3.46075E-02 1.24829E+00 1.73322E-01 1.70334E-01 1.77304E-01 1.89034E-01 1.24482E+00 3.46075E-02 1.18315E-02 1.27995E+00 
1.18315E-02 6.33823E-02 1.25812E+00 2.03450E-01 2.00446E-01 2.07924E-01 2.20034E-01 1.25467E+00 6.33823E-02 1.18315E-02 2.03637E+00 
1.18315E-02 9.62597E-02 1.27200E+00 2.37669E-01 2.34651E-01 2.42658E-01 2.55161E-01 1.26856E+00 9.62597E-02 1.18315E-02 2.90885E+00 
1.18315E-02 1.33538E-01 1.29025E+00 2.76277E-01 2.73246E-01 2.81802E-01 2.94711E-01 1.28682E+00 1.33538E-01 1.18315E-02 3.90803E+00 
1.18315E-02 1.65599E-01 1.30757E+00 3.09357E-01 3.06315E-01 3.15312E-01 3.28544E-01 1.30416E+00 1.65599E-01 1.18315E-02 4.77473E+00 
1.18315E-02 1.75528E-01 1.31319E+00 3.19582E-01 3.16538E-01 3.25665E-01 3.38994E-01 1.30978E+00 1.75528E-01 1.18315E-02 5.04434E+00 
1.18315E-02 2.26456E-01 1.34360E+00 3.71908E-01 3.68852E-01 3.78619E-01 3.92416E-01 1.34020E+00 2.26456E-01 1.18315E-02 6.43477E+00 
1.18315E-02 2.83663E-01 1.38031E+00 4.30490E-01 4.27424E-01 4.37858E-01 4.52138E-01 1.37694E+00 2.83663E-01 1.18315E-02 8.00825E+00 
1.18315E-02 3.47587E-01 1.42381E+00 4.95765E-01 4.92691E-01 5.03817E-01 5.18597E-01 1.42045E+00 3.47587E-01 1.18315E-02 9.77577E+00 
1.18315E-02 4.18677E-01 1.47454E+00 5.68178E-01 5.65099E-01 5.76944E-01 5.92240E-01 1.47121E+00 4.18677E-01 1.18315E-02 1.17470E+01 
6.81942E-02 4.95945E-01 1.53176E+00 6.46725E-01 6.43643E-01 6.56232E-01 6.72058E-01 1.52844E+00 4.95945E-01 6.81942E-02 1.38118E+01 
1.58226E-01 5.81343E-01 1.59712E+00 7.33375E-01 7.30294E-01 7.43657E-01 7.60034E-01 1.59383E+00 5.81343E-01 1.58226E-01 1.60615E+01 
2.57251E-01 6.75689E-01 1.67143E+00 8.28949E-01 8.25870E-01 8.40042E-01 8.56990E-01 1.66817E+00 6.75689E-01 2.57251E-01 1.85265E+01 
3.65745E-01 7.79461E-01 1.75520E+00 9.33922E-01 9.30849E-01 9.45863E-01 9.63404E-01 1.75196E+00 7.79461E-01 3.65745E-01 2.12117E+01 
4.84162E-01 8.93122E-01 1.84890E+00 1.04875E+00 1.04569E+00 1.06158E+00 1.07973E+00 1.84570E+00 8.93122E-01 4.84162E-01 2.41198E+01 
6.12935E-01 1.01711E+00 1.95301E+00 1.17387E+00 1.17082E+00 1.18763E+00 1.20642E+00 1.94984E+00 1.01711E+00 6.12935E-01 2.72508E+01 
7.52456E-01 1.15181E+00 2.06795E+00 1.30968E+00 1.30665E+00 1.32440E+00 1.34385E+00 2.06481E+00 1.15181E+00 7.52456E-01 3.06024E+01 
9.03079E-01 1.29760E+00 2.19409E+00 1.45653E+00 1.45351E+00 1.47225E+00 1.49238E+00 2.19099E+00 1.29760E+00 9.03079E-01 3.41693E+01 
1.06510E+00 1.45477E+00 2.33176E+00 1.61472E+00 1.61173E+00 1.63148E+00 1.65232E+00 2.32869E+00 1.45477E+00 1.06510E+00 3.79437E+01 
1.23877E+00 1.62356E+00 2.48122E+00 1.78450E+00 1.78153E+00 1.80234E+00 1.82391E+00 2.47819E+00 1.62356E+00 1.23877E+00 4.19151E+01 
1.42424E+00 1.80415E+00 2.64266E+00 1.96603E+00 1.96310E+00 1.98500E+00 2.00731E+00 2.63968E+00 1.80415E+00 1.42424E+00 4.60701E+01 
1.62161E+00 1.99664E+00 2.81619E+00 2.15941E+00 2.15651E+00 2.17955E+00 2.20263E+00 2.81326E+00 1.99664E+00 1.62161E+00 5.03932E+01 
1.83090E+00 2.20103E+00 3.00185E+00 2.36465E+00 2.36180E+00 2.38600E+00 2.40988E+00 2.99897E+00 2.20103E+00 1.83090E+00 5.48663E+01 
1.09010E-02 6.94093E-02 1.06981E+00 1.20379E-01 1.17083E-01 1.23983E-01 1.36203E-01 1.06628E+00 6.94093E-02 1.09010E-02 -3.90730E-01 
1.09010E-02 6.94093E-02 1.07130E+00 1.39598E-01 1.36287E-01 1.43724E-01 1.56334E-01 1.06778E+00 6.94093E-02 1.09010E-02 1.05114E-01 
1.09010E-02 9.32754E-03 1.07578E+00 1.61620E-01 1.58297E-01 1.66285E-01 1.79294E-01 1.07227E+00 9.32754E-03 1.09010E-02 6.68831E-01 
1.09010E-02 3.32985E-02 1.08337E+00 1.86612E-01 1.83278E-01 1.91836E-01 2.05253E-01 1.07988E+00 3.32985E-02 1.09010E-02 1.29729E+00 
1.09010E-02 6.07458E-02 1.09437E+00 2.15072E-01 2.11728E-01 2.20878E-01 2.34717E-01 1.09089E+00 6.07458E-02 1.09010E-02 2.02269E+00 
1.09010E-02 9.19110E-02 1.10904E+00 2.47237E-01 2.43886E-01 2.53651E-01 2.67926E-01 1.10558E+00 9.19110E-02 1.09010E-02 2.85383E+00 
1.09010E-02 1.27049E-01 1.12765E+00 2.83362E-01 2.80004E-01 2.90408E-01 3.05134E-01 1.12421E+00 1.27049E-01 1.09010E-02 3.79943E+00 
1.09010E-02 1.57131E-01 1.14493E+00 3.14197E-01 3.10835E-01 3.21749E-01 3.36834E-01 1.14151E+00 1.57131E-01 1.09010E-02 4.61493E+00 
1.09010E-02 1.66424E-01 1.15048E+00 3.23709E-01 3.20346E-01 3.31412E-01 3.46603E-01 1.14706E+00 1.66424E-01 1.09010E-02 4.86781E+00 
1.09010E-02 2.13940E-01 1.18017E+00 3.72253E-01 3.68888E-01 3.80695E-01 3.96404E-01 1.17678E+00 2.13940E-01 1.09010E-02 6.16645E+00 
1.09010E-02 2.67051E-01 1.21549E+00 4.26372E-01 4.23006E-01 4.35583E-01 4.51828E-01 1.21212E+00 2.67051E-01 1.09010E-02 7.62609E+00 
1.09010E-02 3.26121E-01 1.25681E+00 4.86424E-01 4.83061E-01 4.96437E-01 5.13235E-01 1.25346E+00 3.26121E-01 1.09010E-02 9.25480E+00 
1.09010E-02 3.91516E-01 1.30453E+00 5.52775E-01 5.49417E-01 5.63622E-01 5.80991E-01 1.30121E+00 3.91516E-01 1.09010E-02 1.10593E+01 
6.27246E-02 4.62444E-01 1.35804E+00 6.24621E-01 6.21271E-01 6.36330E-01 6.54285E-01 1.35474E+00 4.62444E-01 6.27246E-02 1.29340E+01 
1.45169E-01 5.40488E-01 1.41868E+00 7.03556E-01 7.00218E-01 7.16165E-01 7.34729E-01 1.41542E+00 5.40488E-01 1.45169E-01 1.49634E+01 
2.35422E-01 6.26294E-01 1.48708E+00 7.90229E-01 7.86906E-01 8.03779E-01 8.22973E-01 1.48385E+00 6.26294E-01 2.35422E-01 1.71734E+01 
3.33842E-01 7.20230E-01 1.56363E+00 8.85004E-01 8.81700E-01 8.99535E-01 9.19383E-01 1.56044E+00 7.20230E-01 3.33842E-01 1.95662E+01 
4.40771E-01 8.22638E-01 1.64870E+00 9.88221E-01 9.84941E-01 1.00378E+00 1.02430E+00 1.64555E+00 8.22638E-01 4.40771E-01 2.21416E+01 
5.56517E-01 9.33834E-01 1.74263E+00 1.10019E+00 1.09694E+00 1.11681E+00 1.13804E+00 1.73951E+00 9.33834E-01 5.56517E-01 2.48976E+01 
6.81353E-01 1.05409E+00 1.84571E+00 1.22120E+00 1.21797E+00 1.23892E+00 1.26088E+00 1.84264E+00 1.05409E+00 6.81353E-01 2.78294E+01 
8.15507E-01 1.18365E+00 1.95819E+00 1.35146E+00 1.34827E+00 1.37034E+00 1.39304E+00 1.95516E+00 1.18365E+00 8.15507E-01 3.09305E+01 
9.59158E-01 1.32268E+00 2.08028E+00 1.49116E+00 1.48802E+00 1.51124E+00 1.53471E+00 2.07730E+00 1.32268E+00 9.59158E-01 3.41915E+01 
1.11243E+00 1.47132E+00 2.21211E+00 1.64043E+00 1.63733E+00 1.66174E+00 1.68602E+00 2.20919E+00 1.47132E+00 1.11243E+00 3.76013E+01 
1.27537E+00 1.62962E+00 2.35377E+00 1.79932E+00 1.79627E+00 1.82191E+00 1.84701E+00 2.35089E+00 1.62962E+00 1.27537E+00 4.11463E+01 
1.44797E+00 1.79758E+00 2.50525E+00 1.96782E+00 1.96483E+00 1.99174E+00 2.01769E+00 2.50243E+00 1.79758E+00 1.44797E+00 4.48113E+01 
1.63015E+00 1.97510E+00 2.66649E+00 2.14585E+00 2.14292E+00 2.17114E+00 2.19796E+00 2.66373E+00 1.97510E+00 1.63015E+00 4.85792E+01 
1.00153E-02 6.63596E-02 9.20178E-01 1.33859E-01 1.30167E-01 1.38758E-01 1.52769E-01 9.16616E-01 6.63596E-02 1.00153E-02 -3.17509E-01 
1.00153E-02 6.63596E-02 9.23453E-01 1.52343E-01 1.48644E-01 1.57862E-01 1.72306E-01 9.19909E-01 6.63596E-02 1.00153E-02 1.68536E-01 
1.00153E-02 9.00055E-03 9.29428E-01 1.73374E-01 1.69671E-01 1.79534E-01 1.94420E-01 9.25903E-01 9.00055E-03 1.00153E-02 7.16617E-01 
1.00153E-02 3.19976E-02 9.38224E-01 1.97097E-01 1.93392E-01 2.03919E-01 2.19258E-01 9.34720E-01 3.19976E-02 1.00153E-02 1.32296E+00 
1.00153E-02 5.81417E-02 9.50107E-01 2.23956E-01 2.20250E-01 2.31467E-01 2.47274E-01 9.46623E-01 5.81417E-02 1.00153E-02 2.01773E+00 
1.00153E-02 8.76380E-02 9.65298E-01 2.54155E-01 2.50451E-01 2.62382E-01 2.78673E-01 9.61837E-01 8.76380E-02 1.00153E-02 2.80809E+00 
1.00153E-02 1.20701E-01 9.84029E-01 2.87907E-01 2.84207E-01 2.96879E-01 3.13670E-01 9.80593E-01 1.20701E-01 1.00153E-02 3.70096E+00 
1.00153E-02 1.48872E-01 1.00110E+00 3.16599E-01 3.12904E-01 3.26167E-01 3.43356E-01 9.97686E-01 1.48872E-01 1.00153E-02 4.46629E+00 
1.00153E-02 1.57552E-01 1.00654E+00 3.25431E-01 3.21737E-01 3.35176E-01 3.52483E-01 1.00313E+00 1.57552E-01 1.00153E-02 4.70281E+00 
1.00153E-02 2.01791E-01 1.03532E+00 3.70375E-01 3.66691E-01 3.80988E-01 3.98868E-01 1.03194E+00 2.01791E-01 1.00153E-02 5.91197E+00 
1.00153E-02 2.50985E-01 1.06908E+00 4.20254E-01 4.16582E-01 4.31768E-01 4.50241E-01 1.06573E+00 2.50985E-01 1.00153E-02 7.26129E+00 
1.00153E-02 3.05430E-01 1.10813E+00 4.75360E-01 4.71704E-01 4.87810E-01 5.06895E-01 1.10481E+00 3.05430E-01 1.00153E-02 8.75631E+00 
1.00153E-02 3.65416E-01 1.15278E+00 5.35983E-01 5.32346E-01 5.49405E-01 5.69122E-01 1.14950E+00 3.65416E-01 1.00153E-02 1.04012E+01 
5.75268E-02 4.30320E-01 1.20258E+00 6.01487E-01 5.97874E-01 6.15913E-01 6.36277E-01 1.19933E+00 4.30320E-01 5.75268E-02 1.20955E+01 
1.32792E-01 5.01403E-01 1.25856E+00 6.73145E-01 6.69559E-01 6.88614E-01 7.09650E-01 1.25536E+00 5.01403E-01 1.32792E-01 1.39170E+01 
2.14778E-01 5.79163E-01 1.32122E+00 7.51455E-01 7.47901E-01 7.68013E-01 7.89744E-01 1.31806E+00 5.79163E-01 2.14778E-01 1.58878E+01 
3.03749E-01 6.63870E-01 1.39085E+00 8.36684E-01 8.33167E-01 8.54376E-01 8.76828E-01 1.38773E+00 6.63870E-01 3.03749E-01 1.80078E+01 
3.99944E-01 7.55767E-01 1.46771E+00 9.29073E-01 9.25597E-01 9.47944E-01 9.71142E-01 1.46463E+00 7.55767E-01 3.99944E-01 2.02748E+01 
5.03572E-01 8.55068E-01 1.55202E+00 1.02883E+00 1.02540E+00 1.04893E+00 1.07290E+00 1.54900E+00 8.55068E-01 5.03572E-01 2.26850E+01 
6.14803E-01 9.61945E-01 1.64399E+00 1.13614E+00 1.13276E+00 1.15751E+00 1.18227E+00 1.64102E+00 9.61945E-01 6.14803E-01 2.52323E+01 
7.33765E-01 1.07653E+00 1.74377E+00 1.25112E+00 1.24780E+00 1.27380E+00 1.29940E+00 1.74085E+00 1.07653E+00 7.33765E-01 2.79089E+01 
8.60540E-01 1.19891E+00 1.85144E+00 1.37386E+00 1.37060E+00 1.39791E+00 1.42435E+00 1.84858E+00 1.19891E+00 8.60540E-01 3.07050E+01 
9.95155E-01 1.32912E+00 1.96707E+00 1.50439E+00 1.50119E+00 1.52984E+00 1.55716E+00 1.96426E+00 1.32912E+00 9.95155E-01 3.36093E+01 
1.13758E+00 1.46712E+00 2.09063E+00 1.64267E+00 1.63955E+00 1.66958E+00 1.69780E+00 2.08789E+00 1.46712E+00 1.13758E+00 3.66085E+01 
1.28772E+00 1.61283E+00 2.22204E+00 1.78862E+00 1.78559E+00 1.81704E+00 1.84619E+00 2.21937E+00 1.61283E+00 1.28772E+00 3.96882E+01 
1.44541E+00 1.76610E+00 2.36117E+00 1.94209E+00 1.93914E+00 1.97205E+00 2.00216E+00 2.35857E+00 1.76610E+00 1.44541E+00 4.28325E+01 
9.19834E-03 6.34385E-02 7.92767E-01 1.44476E-01 1.40374E-01 1.51012E-01 1.66996E-01 7.89192E-01 6.34385E-02 9.19834E-03 -2.38457E-01 
9.19834E-03 6.34385E-02 7.97485E-01 1.62266E-01 1.58168E-01 1.69537E-01 1.86000E-01 7.93935E-01 6.34385E-02 9.19834E-03 2.38345E-01 
9.19834E-03 8.68237E-03 8.04647E-01 1.82367E-01 1.78275E-01 1.90393E-01 2.07345E-01 8.01121E-01 8.68237E-03 9.19834E-03 7.71393E-01 
9.19834E-03 3.07416E-02 8.14356E-01 2.04902E-01 2.00820E-01 2.13707E-01 2.31159E-01 8.10857E-01 3.07416E-02 9.19834E-03 1.35636E+00 
9.19834E-03 5.56434E-02 8.26853E-01 2.30267E-01 2.26197E-01 2.39881E-01 2.57852E-01 8.23382E-01 5.56434E-02 9.19834E-03 2.02156E+00 
9.19834E-03 8.35604E-02 8.42328E-01 2.58634E-01 2.54578E-01 2.69089E-01 2.87593E-01 8.38886E-01 8.35604E-02 9.19834E-03 2.77266E+00 
9.19834E-03 1.14672E-01 8.60974E-01 2.90181E-01 2.86142E-01 3.01507E-01 3.20564E-01 8.57563E-01 1.14672E-01 9.19834E-03 3.61502E+00 
9.19834E-03 1.41053E-01 8.77701E-01 3.16888E-01 3.12864E-01 3.28910E-01 3.48405E-01 8.74315E-01 1.41053E-01 9.19834E-03 4.33251E+00 
9.19834E-03 1.49161E-01 8.82987E-01 3.25089E-01 3.21070E-01 3.37319E-01 3.56944E-01 8.79608E-01 1.49161E-01 9.19834E-03 4.55348E+00 
9.19834E-03 1.90346E-01 9.10724E-01 3.66706E-01 3.62713E-01 3.79947E-01 4.00205E-01 9.07383E-01 1.90346E-01 9.19834E-03 5.67793E+00 
9.19834E-03 2.35907E-01 9.42858E-01 4.12677E-01 4.08713E-01 4.26966E-01 4.47878E-01 9.39555E-01 2.35907E-01 9.19834E-03 6.92351E+00 
9.19834E-03 2.86077E-01 9.79637E-01 4.63235E-01 4.59304E-01 4.78611E-01 5.00198E-01 9.76376E-01 2.86077E-01 9.19834E-03 8.29365E+00 
9.19834E-03 3.41087E-01 1.02131E+00 5.18607E-01 5.14714E-01 5.35110E-01 5.57392E-01 1.01809E+00 3.41087E-01 9.19834E-03 9.79052E+00 
5.27408E-02 4.00444E-01 1.06751E+00 5.78295E-01 5.74444E-01 5.95956E-01 6.18951E-01 1.06434E+00 4.00444E-01 5.27408E-02 1.13188E+01 
1.21423E-01 4.65142E-01 1.11908E+00 6.43298E-01 6.39494E-01 6.62162E-01 6.85895E-01 1.11595E+00 4.65142E-01 1.21423E-01 1.29503E+01 
1.95865E-01 5.35558E-01 1.17635E+00 7.13992E-01 7.10241E-01 7.34107E-01 7.58606E-01 1.17328E+00 5.35558E-01 1.95865E-01 1.47038E+01 
2.76250E-01 6.11880E-01 1.23955E+00 7.90564E-01 7.86870E-01 8.11980E-01 8.37270E-01 1.23653E+00 6.11880E-01 2.76250E-01 1.65775E+01 
3.62735E-01 6.94269E-01 1.30885E+00 8.73174E-01 8.69544E-01 8.95939E-01 9.22049E-01 1.30589E+00 6.94269E-01 3.62735E-01 1.85679E+01 
4.55449E-01 7.82857E-01 1.38440E+00 9.61951E-01 9.58391E-01 9.86114E-01 1.01307E+00 1.38149E+00 7.82857E-01 4.55449E-01 2.06698E+01 
5.54479E-01 8.77738E-01 1.46631E+00 1.05699E+00 1.05350E+00 1.08260E+00 1.11043E+00 1.46346E+00 8.77738E-01 5.54479E-01 2.28764E+01 
6.59878E-01 9.78964E-01 1.55464E+00 1.15834E+00 1.15493E+00 1.18544E+00 1.21418E+00 1.55186E+00 9.78964E-01 6.59878E-01 2.51793E+01 
7.71650E-01 1.08655E+00 1.64942E+00 1.26601E+00 1.26269E+00 1.29466E+00 1.32433E+00 1.64671E+00 1.08655E+00 7.71650E-01 2.75686E+01 
8.89755E-01 1.20045E+00 1.75063E+00 1.37996E+00 1.37674E+00 1.41020E+00 1.44083E+00 1.74799E+00 1.20045E+00 8.89755E-01 3.00333E+01 
1.01410E+00 1.32057E+00 1.85818E+00 1.50010E+00 1.49698E+00 1.53199E+00 1.56360E+00 1.85561E+00 1.32057E+00 1.01410E+00 3.25607E+01 
1.14453E+00 1.44678E+00 1.97194E+00 1.62628E+00 1.62327E+00 1.65986E+00 1.69249E+00 1.96945E+00 1.44678E+00 1.14453E+00 3.51377E+01 
1.28085E+00 1.57887E+00 2.09173E+00 1.75831E+00 1.75541E+00 1.79362E+00 1.82730E+00 2.08932E+00 1.57887E+00 1.28085E+00 3.77498E+01 
8.43263E-03 6.05893E-02 6.82389E-01 1.52866E-01 1.48341E-01 1.61491E-01 1.79669E-01 6.78822E-01 6.05893E-02 8.43263E-03 -1.51338E-01 
8.43263E-03 6.05893E-02 6.88284E-01 1.69986E-01 1.65480E-01 1.79475E-01 1.98182E-01 6.84748E-01 6.05893E-02 8.43263E-03 3.16288E-01 
8.43263E-03 8.36695E-03 6.96381E-01 1.89192E-01 1.84707E-01 1.99569E-01 2.18816E-01 6.92876E-01 8.36695E-03 8.43263E-03 8.34341E-01 
8.43263E-03 2.95064E-02 7.06769E-01 2.10590E-01 2.06130E-01 2.21879E-01 2.41679E-01 7.03298E-01 2.95064E-02 8.43263E-03 1.39803E+00 
8.43263E-03 5.32024E-02 7.19666E-01 2.34531E-01 2.30099E-01 2.46767E-01 2.67137E-01 7.16230E-01 5.32024E-02 8.43263E-03 2.03393E+00 
8.43263E-03 7.95982E-02 7.35229E-01 2.61157E-01 2.56756E-01 2.74374E-01 2.95334E-01 7.31830E-01 7.95982E-02 8.43263E-03 2.74637E+00 
8.43263E-03 1.08842E-01 7.53619E-01 2.90616E-01 2.86250E-01 3.04848E-01 3.26416E-01 7.50258E-01 1.08842E-01 8.43263E-03 3.53933E+00 
8.43263E-03 1.33518E-01 7.69889E-01 3.15446E-01 3.11109E-01 3.30489E-01 3.52540E-01 7.66560E-01 1.33518E-01 8.43263E-03 4.21032E+00 
8.43263E-03 1.41082E-01 7.74996E-01 3.23053E-01 3.18726E-01 3.38337E-01 3.60532E-01 7.71676E-01 1.41082E-01 8.43263E-03 4.41622E+00 
8.43263E-03 1.79372E-01 8.01577E-01 3.61537E-01 3.57255E-01 3.77993E-01 4.00885E-01 7.98303E-01 1.79372E-01 8.43263E-03 5.45900E+00 
8.43263E-03 2.21504E-01 8.32016E-01 4.03840E-01 3.99609E-01 4.21511E-01 4.45122E-01 8.28790E-01 2.21504E-01 8.43263E-03 6.60531E+00 
8.43263E-03 2.67660E-01 8.66510E-01 4.50143E-01 4.45967E-01 4.69070E-01 4.93424E-01 8.63335E-01 2.67660E-01 8.43263E-03 7.85682E+00 
8.43263E-03 3.18012E-01 9.05244E-01 5.00619E-01 4.96504E-01 5.20845E-01 5.45964E-01 9.02121E-01 3.18012E-01 8.43263E-03 9.21406E+00 
4.82626E-02 3.72179E-01 9.47960E-01 5.54880E-01 5.50830E-01 5.76436E-01 6.02338E-01 9.44892E-01 3.72179E-01 4.82626E-02 1.05872E+01 
1.10813E-01 4.30927E-01 9.95269E-01 6.13696E-01 6.09717E-01 6.36631E-01 6.63345E-01 9.92259E-01 4.30927E-01 1.10813E-01 1.20423E+01 
1.78259E-01 4.94532E-01 1.04743E+00 6.77341E-01 6.73439E-01 7.01708E-01 7.29260E-01 1.04448E+00 4.94532E-01 1.78259E-01 1.35955E+01 
2.50719E-01 5.63114E-01 1.10458E+00 7.45934E-01 7.42117E-01 7.71784E-01 8.00206E-01 1.10169E+00 5.63114E-01 2.50719E-01 1.52436E+01 
3.28284E-01 6.36768E-01 1.16683E+00 8.19569E-01 8.15842E-01 8.46955E-01 8.76276E-01 1.16401E+00 6.36768E-01 3.28284E-01 1.69822E+01 
4.11015E-01 7.15560E-01 1.23426E+00 8.98310E-01 8.94681E-01 9.27284E-01 9.57533E-01 1.23151E+00 7.15560E-01 4.11015E-01 1.88053E+01 
4.98937E-01 7.99518E-01 1.30692E+00 9.82186E-01 9.78661E-01 1.01280E+00 1.04401E+00 1.30424E+00 7.99518E-01 4.98937E-01 2.07057E+01 
5.92041E-01 8.88637E-01 1.38481E+00 1.07119E+00 1.06777E+00 1.10349E+00 1.13569E+00 1.38221E+00 8.88637E-01 5.92041E-01 2.26749E+01 
6.90276E-01 9.82869E-01 1.46789E+00 1.16527E+00 1.16197E+00 1.19931E+00 1.23253E+00 1.46537E+00 9.82869E-01 6.90276E-01 2.47034E+01 
7.93549E-01 1.08212E+00 1.55609E+00 1.26434E+00 1.26117E+00 1.30018E+00 1.33443E+00 1.55365E+00 1.08212E+00 7.93549E-01 2.67806E+01 
9.01722E-01 1.18627E+00 1.64928E+00 1.36826E+00 1.36522E+00 1.40594E+00 1.44128E+00 1.64692E+00 1.18627E+00 9.01722E-01 2.88949E+01 
1.01461E+00 1.29512E+00 1.74729E+00 1.47685E+00 1.47396E+00 1.51642E+00 1.55287E+00 1.74503E+00 1.29512E+00 1.01461E+00 3.10344E+01 
1.13200E+00 1.40846E+00 1.84991E+00 1.58989E+00 1.58714E+00 1.63140E+00 1.66898E+00 1.84774E+00 1.40846E+00 1.13200E+00 3.31865E+01 
7.71513E-03 5.78038E-02 5.86745E-01 1.59370E-01 1.54425E-01 1.70639E-01 1.91247E-01 5.83211E-01 5.78038E-02 7.71513E-03 -5.50831E-02 
7.71513E-03 5.78038E-02 5.93582E-01 1.75834E-01 1.70927E-01 1.88117E-01 2.09307E-01 5.90086E-01 5.78038E-02 7.71513E-03 4.03093E-01 
7.71513E-03 8.05348E-03 6.02395E-01 1.94174E-01 1.89307E-01 2.07494E-01 2.29279E-01 5.98939E-01 8.05348E-03 7.71513E-03 9.05869E-01 
7.71513E-03 2.82887E-02 6.13260E-01 2.14478E-01 2.09656E-01 2.28862E-01 2.51255E-01 6.09846E-01 2.82887E-02 7.71513E-03 1.44808E+00 
7.71513E-03 5.08119E-02 6.26372E-01 2.37055E-01 2.32281E-01 2.52541E-01 2.75563E-01 6.23000E-01 5.08119E-02 7.71513E-03 2.05469E+00 
7.71513E-03 7.57400E-02 6.41858E-01 2.62021E-01 2.57300E-01 2.78647E-01 3.02317E-01 6.38532E-01 7.57400E-02 7.71513E-03 2.72882E+00 
7.71513E-03 1.03193E-01 6.59850E-01 2.89495E-01 2.84831E-01 3.07298E-01 3.31638E-01 6.56572E-01 1.03193E-01 7.71513E-03 3.47324E+00 
7.71513E-03 1.26242E-01 6.75573E-01 3.12548E-01 3.07931E-01 3.31289E-01 3.56160E-01 6.72332E-01 1.26242E-01 7.71513E-03 4.09888E+00 
7.71513E-03 1.33288E-01 6.80477E-01 3.19593E-01 3.14991E-01 3.38613E-01 3.63642E-01 6.77248E-01 1.33288E-01 7.71513E-03 4.29013E+00 
7.71513E-03 1.68833E-01 7.05814E-01 3.55121E-01 3.50589E-01 3.75494E-01 4.01290E-01 7.02641E-01 1.68833E-01 7.71513E-03 5.25401E+00 
7.71513E-03 2.07727E-01 7.34517E-01 3.93975E-01 3.89521E-01 4.15748E-01 4.42335E-01 7.31401E-01 2.07727E-01 7.71513E-03 6.30521E+00 
7.71513E-03 2.50109E-01 7.66731E-01 4.36293E-01 4.31921E-01 4.59509E-01 4.86912E-01 7.63677E-01 2.50109E-01 7.71513E-03 7.44400E+00 
7.71513E-03 2.96103E-01 8.02597E-01 4.82199E-01 4.77916E-01 5.06904E-01 5.35147E-01 7.99606E-01 2.96103E-01 7.71513E-03 8.66960E+00 
4.40738E-02 3.45413E-01 8.41924E-01 5.31394E-01 5.27205E-01 5.57619E-01 5.86722E-01 8.38999E-01 3.45413E-01 4.40738E-02 9.89789E+00 
1.00914E-01 3.98620E-01 8.85156E-01 5.84457E-01 5.80369E-01 6.12255E-01 6.42247E-01 8.82300E-01 3.98620E-01 1.00914E-01 1.11894E+01 
1.61880E-01 4.55912E-01 9.32470E-01 6.41577E-01 6.37597E-01 6.71004E-01 7.01916E-01 9.29687E-01 4.55912E-01 1.61880E-01 1.25581E+01 
2.27032E-01 5.17356E-01 9.83948E-01 7.02819E-01 6.98955E-01 7.33929E-01 7.65794E-01 9.81239E-01 5.17356E-01 2.27032E-01 1.39999E+01 
2.96410E-01 5.82994E-01 1.03964E+00 7.68224E-01 7.64483E-01 8.01072E-01 8.33920E-01 1.03701E+00 5.82994E-01 2.96410E-01 1.55097E+01 
3.70021E-01 6.52837E-01 1.09958E+00 8.37803E-01 8.34192E-01 8.72443E-01 9.06307E-01 1.09703E+00 6.52837E-01 3.70021E-01 1.70813E+01 
4.47844E-01 7.26868E-01 1.16376E+00 9.11536E-01 9.08063E-01 9.48022E-01 9.82933E-01 1.16129E+00 7.26868E-01 4.47844E-01 1.87074E+01 
5.29822E-01 8.05033E-01 1.23213E+00 9.89369E-01 9.86043E-01 1.02775E+00 1.06374E+00 1.22975E+00 8.05033E-01 5.29822E-01 2.03797E+01 
6.15864E-01 8.87244E-01 1.30462E+00 1.07121E+00 1.06804E+00 1.11155E+00 1.14865E+00 1.30233E+00 8.87244E-01 6.15864E-01 2.20892E+01 
7.05842E-01 9.73379E-01 1.38111E+00 1.15695E+00 1.15394E+00 1.19928E+00 1.23753E+00 1.37892E+00 9.73379E-01 7.05842E-01 2.38262E+01 
7.99592E-01 1.06327E+00 1.46145E+00 1.24640E+00 1.24356E+00 1.29079E+00 1.33021E+00 1.45936E+00 1.06327E+00 7.99592E-01 2.55804E+01 
8.96910E-01 1.15673E+00 1.54545E+00 1.33938E+00 1.33672E+00 1.38587E+00 1.42649E+00 1.54347E+00 1.15673E+00 8.96910E-01 2.73410E+01 
9.97556E-01 1.25350E+00 1.63288E+00 1.43564E+00 1.43317E+00 1.48428E+00 1.52614E+00 1.63100E+00 1.25350E+00 9.97556E-01 2.90973E+01 
7.04294E-03 5.50736E-02 5.03837E-01 1.64275E-01 1.58931E-01 1.78873E-01 2.02152E-01 5.00365E-01 5.50736E-02 7.04294E-03 5.12472E-02 
7.04294E-03 5.50736E-02 5.11411E-01 1.80093E-01 1.74811E-01 1.95872E-01 2.19792E-01 5.07986E-01 5.50736E-02 7.04294E-03 4.99352E-01 
7.04294E-03 7.74105E-03 5.20750E-01 1.97587E-01 1.92370E-01 2.14572E-01 2.39146E-01 5.17374E-01 7.74105E-03 7.04294E-03 9.86251E-01 
7.04294E-03 2.70848E-02 5.31918E-01 2.16831E-01 2.11684E-01 2.35051E-01 2.60294E-01 5.28593E-01 2.70848E-02 7.04294E-03 1.50651E+00 
7.04294E-03 4.84645E-02 5.45084E-01 2.38094E-01 2.33022E-01 2.57590E-01 2.83525E-01 5.41812E-01 4.84645E-02 7.04294E-03 2.08355E+00 
7.04294E-03 7.19736E-02 5.60354E-01 2.61470E-01 2.56477E-01 2.82282E-01 3.08930E-01 5.57137E-01 7.19736E-02 7.04294E-03 2.71947E+00 
7.04294E-03 9.77064E-02 5.77830E-01 2.87052E-01 2.82143E-01 3.09221E-01 3.36605E-01 5.74671E-01 9.77064E-02 7.04294E-03 3.41598E+00 
7.04294E-03 1.19201E-01 5.92931E-01 3.08416E-01 3.03577E-01 3.31664E-01 3.59633E-01 5.89818E-01 1.19201E-01 7.04294E-03 3.99726E+00 
7.04294E-03 1.25754E-01 5.97614E-01 3.14929E-01 3.10111E-01 3.38497E-01 3.66639E-01 5.94514E-01 1.25754E-01 7.04294E-03 4.17426E+00 
7.04294E-03 1.58691E-01 6.21643E-01 3.47661E-01 3.42945E-01 3.72783E-01 4.01767E-01 6.18610E-01 1.58691E-01 7.04294E-03 5.06176E+00 
7.04294E-03 1.94526E-01 6.48583E-01 3.83267E-01 3.78661E-01 4.09991E-01 4.39845E-01 6.45619E-01 1.94526E-01 7.04294E-03 6.02175E+00 
7.04294E-03 2.33358E-01 6.78541E-01 4.21846E-01 4.17356E-01 4.50219E-01 4.80968E-01 6.75651E-01 2.33358E-01 7.04294E-03 7.05340E+00 
7.04294E-03 2.75272E-01 7.11614E-01 4.63482E-01 4.59114E-01 4.93551E-01 5.25222E-01 7.08799E-01 2.75272E-01 7.04294E-03 8.15492E+00 
4.01568E-02 3.20039E-01 7.47668E-01 5.07944E-01 5.03705E-01 5.39741E-01 5.72355E-01 7.44931E-01 3.20039E-01 4.01568E-02 9.24797E+00 
9.16841E-02 3.68086E-01 7.87009E-01 5.55658E-01 5.51555E-01 5.89237E-01 6.22825E-01 7.84353E-01 3.68086E-01 9.16841E-02 1.03881E+01 
1.46648E-01 4.19531E-01 8.29746E-01 6.06740E-01 6.02781E-01 6.42159E-01 6.76755E-01 8.27174E-01 4.19531E-01 1.46648E-01 1.15871E+01 
2.05069E-01 4.74398E-01 8.75914E-01 6.61213E-01 6.57407E-01 6.98529E-01 7.34167E-01 8.73431E-01 4.74398E-01 2.05069E-01 1.28406E+01 
2.66940E-01 5.32687E-01 9.25524E-01 7.19074E-01 7.15430E-01 7.58345E-01 7.95059E-01 9.23133E-01 5.32687E-01 2.66940E-01 1.41432E+01 
3.32233E-01 5.94369E-01 9.78561E-01 7.80297E-01 7.76822E-01 8.21577E-01 8.59401E-01 9.76265E-01 5.94369E-01 3.32233E-01 1.54885E+01 
4.00887E-01 6.59388E-01 1.03498E+00 8.44824E-01 8.41526E-01 8.88168E-01 9.27136E-01 1.03278E+00 6.59388E-01 4.00887E-01 1.68696E+01 
4.72814E-01 7.27661E-01 1.09470E+00 9.12569E-01 9.09458E-01 9.58030E-01 9.98176E-01 1.09261E+00 7.27661E-01 4.72814E-01 1.82786E+01 
5.47896E-01 7.99072E-01 1.15763E+00 9.83416E-01 9.80500E-01 1.03105E+00 1.07240E+00 1.15564E+00 7.99072E-01 5.47896E-01 1.97073E+01 
6.25984E-01 8.73474E-01 1.22362E+00 1.05722E+00 1.05451E+00 1.10707E+00 1.14967E+00 1.22174E+00 8.73474E-01 6.25984E-01 2.11469E+01 
7.06895E-01 9.50690E-01 1.29250E+00 1.13380E+00 1.13130E+00 1.18592E+00 1.22980E+00 1.29073E+00 9.50690E-01 7.06895E-01 2.25884E+01 
7.90422E-01 1.03051E+00 1.36407E+00 1.21295E+00 1.21067E+00 1.26738E+00 1.31257E+00 1.36242E+00 1.03051E+00 7.90422E-01 2.40226E+01 
8.76322E-01 1.11270E+00 1.43810E+00 1.29443E+00 1.29238E+00 1.35122E+00 1.39775E+00 1.43657E+00 1.11270E+00 8.76322E-01 2.54403E+01 
6.41240E-03 5.23851E-02 4.31835E-01 1.67826E-01 1.62133E-01 1.86592E-01 2.12797E-01 4.28463E-01 5.23851E-02 6.41240E-03 1.68566E-01 
6.41240E-03 5.23851E-02 4.39966E-01 1.82998E-01 1.77397E-01 2.03133E-01 2.30042E-01 4.36652E-01 5.23851E-02 6.41240E-03 6.05604E-01 
6.41240E-03 7.42813E-03 4.49665E-01 1.99659E-01 1.94154E-01 2.21187E-01 2.48817E-01 4.46410E-01 7.42813E-03 6.41240E-03 1.07568E+00 
6.41240E-03 2.58889E-02 4.60983E-01 2.17868E-01 2.12464E-01 2.40820E-01 2.69186E-01 4.57789E-01 2.58889E-02 6.41240E-03 1.57318E+00 
6.41240E-03 4.61490E-02 4.74068E-01 2.37859E-01 2.32561E-01 2.62278E-01 2.91404E-01 4.70938E-01 4.61490E-02 6.41240E-03 2.12008E+00 
6.41240E-03 6.82805E-02 4.89001E-01 2.59702E-01 2.54517E-01 2.85633E-01 3.15543E-01 4.85937E-01 6.82805E-02 6.41240E-03 2.71761E+00 
6.41240E-03 9.23554E-02 5.05863E-01 2.83469E-01 2.78402E-01 3.10955E-01 3.41674E-01 5.02867E-01 9.23554E-02 6.41240E-03 3.36659E+00 
6.41240E-03 1.12360E-01 5.20281E-01 3.03222E-01 2.98251E-01 3.31941E-01 3.63303E-01 5.17341E-01 1.12360E-01 6.41240E-03 3.90427E+00 
6.41240E-03 1.18441E-01 5.24729E-01 3.09227E-01 3.04285E-01 3.38312E-01 3.69864E-01 5.21804E-01 1.18441E-01 6.41240E-03 4.06733E+00 
6.41240E-03 1.48894E-01 5.47399E-01 3.39304E-01 3.34502E-01 3.70161E-01 4.02639E-01 5.44554E-01 1.48894E-01 6.41240E-03 4.88066E+00 
6.41240E-03 1.81831E-01 5.72564E-01 3.71840E-01 3.67187E-01 4.04519E-01 4.37951E-01 5.69802E-01 1.81831E-01 6.41240E-03 5.75299E+00 
6.41240E-03 2.17317E-01 6.00297E-01 4.06900E-01 4.02402E-01 4.41450E-01 4.75865E-01 5.97621E-01 2.17317E-01 6.41240E-03 6.68263E+00 
6.41240E-03 2.55403E-01 6.30660E-01 4.44534E-01 4.40200E-01 4.81005E-01 5.16432E-01 6.28073E-01 2.55403E-01 6.41240E-03 7.66711E+00 
3.64896E-02 2.95915E-01 6.63560E-01 4.84568E-01 4.80403E-01 5.22988E-01 5.59448E-01 6.61063E-01 2.95915E-01 3.64896E-02 8.63386E+00 
8.30671E-02 3.39152E-01 6.99191E-01 5.27297E-01 5.23310E-01 5.67723E-01 6.05250E-01 6.96790E-01 3.39152E-01 8.30671E-02 9.63369E+00 
1.32471E-01 3.85178E-01 7.37610E-01 5.72784E-01 5.68983E-01 6.15274E-01 6.53905E-01 7.35307E-01 3.85178E-01 1.32471E-01 1.06769E+01 
1.84686E-01 4.33983E-01 7.78815E-01 6.21016E-01 6.17411E-01 6.65630E-01 7.05401E-01 7.76614E-01 4.33983E-01 1.84686E-01 1.17587E+01 
2.39675E-01 4.85532E-01 8.22783E-01 6.71960E-01 6.68559E-01 7.18754E-01 7.59701E-01 8.20689E-01 4.85532E-01 2.39675E-01 1.28737E+01 
2.97379E-01 5.39769E-01 8.69470E-01 7.25558E-01 7.22371E-01 7.74588E-01 8.16748E-01 8.67485E-01 5.39769E-01 2.97379E-01 1.40159E+01 
3.57712E-01 5.96614E-01 9.18801E-01 7.81728E-01 7.78763E-01 8.33048E-01 8.76457E-01 9.16930E-01 5.96614E-01 3.57712E-01 1.51786E+01 
4.20564E-01 6.55958E-01 9.70680E-01 8.40362E-01 8.37630E-01 8.94024E-01 9.38718E-01 9.68926E-01 6.55958E-01 4.20564E-01 1.63547E+01 
4.85801E-01 7.17671E-01 1.02498E+00 9.01329E-01 8.98837E-01 9.57383E-01 1.00340E+00 1.02335E+00 7.17671E-01 4.85801E-01 1.75369E+01 
5.53262E-01 7.81594E-01 1.08156E+00 9.64470E-01 9.62228E-01 1.02296E+00 1.07033E+00 1.08005E+00 7.81594E-01 5.53262E-01 1.87174E+01 
6.22762E-01 8.47546E-01 1.14023E+00 1.02960E+00 1.02762E+00 1.09058E+00 1.13934E+00 1.13885E+00 8.47546E-01 6.22762E-01 1.98885E+01 
6.94091E-01 9.15321E-01 1.20081E+00 1.09652E+00 1.09480E+00 1.16003E+00 1.21021E+00 1.19956E+00 9.15321E-01 6.94091E-01 2.10424E+01 
7.67019E-01 9.84690E-01 1.26305E+00 1.16499E+00 1.16355E+00 1.23107E+00 1.28271E+00 1.26194E+00 9.84690E-01 7.67019E-01 2.21717E+01 
5.82217E-03 4.97334E-02 3.69399E-01 1.70213E-01 1.64259E-01 1.94151E-01 2.23534E-01 3.66173E-01 4.97334E-02 5.82217E-03 2.97057E-01 
5.82217E-03 4.97334E-02 3.77929E-01 1.84736E-01 1.78910E-01 2.10248E-01 2.40407E-01 3.74771E-01 4.97334E-02 5.82217E-03 7.21693E-01 
5.82217E-03 7.11407E-03 3.87841E-01 2.00570E-01 1.94878E-01 2.27682E-01 2.58634E-01 3.84754E-01 7.11407E-03 5.82217E-03 1.17372E+00 
5.82217E-03 2.46986E-02 3.99176E-01 2.17764E-01 2.12210E-01 2.46505E-01 2.78267E-01 3.96162E-01 2.46986E-02 5.82217E-03 1.64743E+00 
5.82217E-03 4.38606E-02 4.12060E-01 2.36515E-01 2.31106E-01 2.66932E-01 2.99531E-01 4.09122E-01 4.38606E-02 5.82217E-03 2.16347E+00 
5.82217E-03 6.46535E-02 4.26555E-01 2.56877E-01 2.51620E-01 2.89017E-01 3.22479E-01 4.23696E-01 6.46535E-02 5.82217E-03 2.72229E+00 
5.82217E-03 8.71295E-02 4.42721E-01 2.78901E-01 2.73803E-01 3.12810E-01 3.47161E-01 4.39942E-01 8.71295E-02 5.82217E-03 3.32402E+00 
5.82217E-03 1.05705E-01 4.56410E-01 2.97113E-01 2.92142E-01 3.32421E-01 3.67478E-01 4.53696E-01 1.05705E-01 5.82217E-03 3.81882E+00 
5.82217E-03 1.11336E-01 4.60611E-01 3.02634E-01 2.97701E-01 3.38357E-01 3.73623E-01 4.57916E-01 1.11336E-01 5.82217E-03 3.96827E+00 
5.82217E-03 1.39423E-01 4.81889E-01 3.30187E-01 3.25439E-01 3.67915E-01 4.04199E-01 4.79288E-01 1.39423E-01 5.82217E-03 4.70962E+00 
5.82217E-03 1.69616E-01 5.05283E-01 3.59819E-01 3.55265E-01 3.99605E-01 4.36937E-01 5.02779E-01 1.69616E-01 5.82217E-03 5.49780E+00 
5.82217E-03 2.01951E-01 5.30837E-01 3.91568E-01 3.87216E-01 4.33460E-01 4.71872E-01 5.28433E-01 2.01951E-01 5.82217E-03 6.33054E+00 
5.82217E-03 2.36454E-01 5.58584E-01 4.25456E-01 4.21314E-01 4.69504E-01 5.09026E-01 5.56283E-01 2.36454E-01 5.82217E-03 7.20491E+00 
3.30638E-02 2.72988E-01 5.88460E-01 4.61351E-01 4.57425E-01 5.07580E-01 5.48236E-01 5.86265E-01 2.72988E-01 3.30638E-02 8.05412E+00 
7.50420E-02 3.11754E-01 6.20574E-01 4.99445E-01 4.95744E-01 5.47912E-01 5.89737E-01 6.18488E-01 3.11754E-01 7.50420E-02 8.92454E+00 
1.19308E-01 3.52771E-01 6.54938E-01 5.39758E-01 5.36292E-01 5.90523E-01 6.33556E-01 6.52966E-01 3.52771E-01 1.19308E-01 9.82510E+00 
1.65820E-01 3.96004E-01 6.91526E-01 5.82252E-01 5.79030E-01 6.35373E-01 6.79653E-01 6.89672E-01 3.96004E-01 1.65820E-01 1.07511E+01 
2.14519E-01 4.41395E-01 7.30289E-01 6.26869E-01 6.23901E-01 6.82402E-01 7.27969E-01 7.28556E-01 4.41395E-01 2.14519E-01 1.16973E+01 
2.65325E-01 4.88867E-01 7.71160E-01 6.73532E-01 6.70827E-01 7.31531E-01 7.78423E-01 7.69553E-01 4.88867E-01 2.65325E-01 1.26581E+01 
3.18135E-01 5.38323E-01 8.14049E-01 7.22142E-01 7.19710E-01 7.82660E-01 8.30913E-01 8.12571E-01 5.38323E-01 3.18135E-01 1.36274E+01 
3.72828E-01 5.89643E-01 8.58844E-01 7.72580E-01 7.70430E-01 8.35664E-01 8.85319E-01 8.57499E-01 5.89643E-01 3.72828E-01 1.45989E+01 
4.29261E-01 6.42688E-01 9.05413E-01 8.24706E-01 8.22846E-01 8.90403E-01 9.41496E-01 9.04205E-01 6.42688E-01 4.29261E-01 1.55661E+01 
4.87271E-01 6.97298E-01 9.53603E-01 8.78359E-01 8.76799E-01 9.46713E-01 9.99280E-01 9.52536E-01 6.97298E-01 4.87271E-01 1.65225E+01 
5.46675E-01 7.53293E-01 1.00324E+00 9.33361E-01 9.32108E-01 1.00441E+00 1.05849E+00 1.00232E+00 7.53293E-01 5.46675E-01 1.74616E+01 
6.07275E-01 8.10478E-01 1.05414E+00 9.89514E-01 9.88577E-01 1.06330E+00 1.11892E+00 1.05336E+00 8.10478E-01 6.07275E-01 1.83771E+01 
6.68854E-01 8.68638E-01 1.10608E+00 1.04660E+00 1.04599E+00 1.12315E+00 1.18036E+00 1.10545E+00 8.68638E-01 6.68854E-01 1.92629E+01 
5.26990E-03 4.71072E-02 3.15241E-01 1.71600E-01 1.65521E-01 2.01902E-01 2.34720E-01 3.12214E-01 4.71072E-02 5.26990E-03 4.36578E-01 
5.26990E-03 4.71072E-02 3.24027E-01 1.85463E-01 1.79557E-01 2.17561E-01 2.51235E-01 3.21082E-01 4.71072E-02 5.26990E-03 8.47134E-01 
5.26990E-03 6.79744E-03 3.34022E-01 2.00470E-01 1.94741E-01 2.34389E-01 2.68937E-01 3.31161E-01 6.79744E-03 5.26990E-03 1.27959E+00 
5.26990E-03 2.35087E-02 3.45257E-01 2.16660E-01 2.11114E-01 2.52429E-01 2.87870E-01 3.42482E-01 2.35087E-02 5.26990E-03 1.72825E+00 
5.26990E-03 4.15899E-02 3.57838E-01 2.34198E-01 2.28842E-01 2.71866E-01 3.08228E-01 3.55152E-01 4.15899E-02 5.26990E-03 2.21248E+00 
5.26990E-03 6.10779E-02 3.71808E-01 2.53121E-01 2.47963E-01 2.92735E-01 3.30048E-01 3.69214E-01 6.10779E-02 5.26990E-03 2.73214E+00 
5.26990E-03 8.20078E-02 3.87210E-01 2.73463E-01 2.68510E-01 3.15072E-01 3.53364E-01 3.84710E-01 8.20078E-02 5.26990E-03 3.28677E+00 
5.26990E-03 9.92108E-02 4.00132E-01 2.90195E-01 2.85406E-01 3.33379E-01 3.72449E-01 3.97708E-01 9.92108E-02 5.26990E-03 3.73936E+00 
5.26990E-03 1.04409E-01 4.04078E-01 2.95253E-01 2.90513E-01 3.38903E-01 3.78203E-01 4.01676E-01 1.04409E-01 5.26990E-03 3.87548E+00 
5.26990E-03 1.30240E-01 4.23945E-01 3.20399E-01 3.15896E-01 3.66299E-01 4.06719E-01 4.21652E-01 1.30240E-01 5.26990E-03 4.54693E+00 
5.26990E-03 1.57832E-01 4.45582E-01 3.47280E-01 3.43023E-01 3.95481E-01 4.37054E-01 4.43402E-01 1.57832E-01 5.26990E-03 5.25437E+00 
5.26990E-03 1.87200E-01 4.69011E-01 3.75907E-01 3.71905E-01 4.26460E-01 4.69219E-01 4.66947E-01 1.87200E-01 5.26990E-03 5.99515E+00 
5.26990E-03 2.18346E-01 4.94241E-01 4.06284E-01 4.02545E-01 4.59235E-01 5.03215E-01 4.92296E-01 2.18346E-01 5.26990E-03 6.76610E+00 
2.98652E-02 2.51164E-01 5.21229E-01 4.38309E-01 4.34838E-01 4.93679E-01 5.38901E-01 5.19405E-01 2.51164E-01 2.98652E-02 7.50609E+00 
6.75729E-02 2.85776E-01 5.50019E-01 4.72095E-01 4.68902E-01 5.29938E-01 5.76442E-01 5.48320E-01 2.85776E-01 6.75729E-02 8.25742E+00 
1.07096E-01 3.22170E-01 5.80590E-01 5.07626E-01 5.04721E-01 5.68002E-01 6.15830E-01 5.79021E-01 3.22170E-01 1.07096E-01 9.02789E+00 
1.48376E-01 3.60291E-01 6.12895E-01 5.44848E-01 5.42241E-01 6.07813E-01 6.57006E-01 6.11460E-01 3.60291E-01 1.48376E-01 9.81300E+00 
1.91337E-01 4.00065E-01 6.46870E-01 5.83687E-01 5.81388E-01 6.49294E-01 6.99894E-01 6.45573E-01 4.00065E-01 1.91337E-01 1.06079E+01 
2.35885E-01 4.41404E-01 6.82434E-01 6.24054E-01 6.22071E-01 6.92353E-01 7.44400E-01 6.81279E-01 4.41404E-01 2.35885E-01 1.14074E+01 
2.81910E-01 4.84200E-01 7.19487E-01 6.65840E-01 6.64183E-01 7.36878E-01 7.90413E-01 7.18477E-01 4.84200E-01 2.81910E-01 1.22062E+01 
3.29286E-01 5.28329E-01 7.57911E-01 7.08921E-01 7.07599E-01 7.82743E-01 8.37804E-01 7.57050E-01 5.28329E-01 3.29286E-01 1.29988E+01 
3.77868E-01 5.73651E-01 7.97572E-01 7.53158E-01 7.52179E-01 8.29803E-01 8.86430E-01 7.96865E-01 5.73651E-01 3.77868E-01 1.37797E+01 
4.27498E-01 6.20011E-01 8.38322E-01 7.98395E-01 7.97767E-01 8.77900E-01 9.36129E-01 8.37771E-01 6.20011E-01 4.27498E-01 1.45435E+01 
4.78004E-01 6.67239E-01 8.79996E-01 8.44460E-01 8.44191E-01 9.26858E-01 9.86726E-01 8.79604E-01 6.67239E-01 4.78004E-01 1.52849E+01 
5.29200E-01 7.15152E-01 9.22416E-01 8.91174E-01 8.91270E-01 9.76491E-01 1.03803E+00 9.22188E-01 7.15152E-01 5.29200E-01 1.59990E+01 
5.80890E-01 7.63557E-01 9.65394E-01 9.38341E-01 9.38809E-01 1.02660E+00 1.08985E+00 9.65332E-01 7.63557E-01 5.80890E-01 1.66810E+01 
4.75362E-03 4.44958E-02 2.68271E-01 1.72117E-01 1.66112E-01 2.10172E-01 2.46684E-01 2.65509E-01 4.44958E-02 4.75362E-03 5.86241E-01 
4.75362E-03 4.44958E-02 2.77186E-01 1.85303E-01 1.79521E-01 2.25390E-01 2.62848E-01 2.74520E-01 4.44958E-02 4.75362E-03 9.80728E-01 
4.75362E-03 6.47672E-03 2.87148E-01 1.99477E-01 1.93924E-01 2.41618E-01 2.80041E-01 2.84580E-01 6.47672E-03 4.75362E-03 1.39185E+00 
4.75362E-03 2.23140E-02 2.98180E-01 2.14667E-01 2.09348E-01 2.58888E-01 2.98298E-01 2.95712E-01 2.23140E-02 4.75362E-03 1.81401E+00 
4.75362E-03 3.93272E-02 3.10367E-01 2.31009E-01 2.25932E-01 2.77361E-01 3.17789E-01 3.08003E-01 3.93272E-02 4.75362E-03 2.26538E+00 
4.75362E-03 5.75393E-02 3.23739E-01 2.48527E-01 2.43699E-01 2.97058E-01 3.38535E-01 3.21481E-01 5.75393E-02 4.75362E-03 2.74533E+00 
4.75362E-03 7.69708E-02 3.38321E-01 2.67239E-01 2.62670E-01 3.17997E-01 3.60555E-01 3.36173E-01 7.69708E-02 4.75362E-03 3.25298E+00 
4.75362E-03 9.28523E-02 3.50447E-01 2.82547E-01 2.78183E-01 3.35059E-01 3.78475E-01 3.48386E-01 9.28523E-02 4.75362E-03 3.66399E+00 
4.75362E-03 9.76364E-02 3.54133E-01 2.87161E-01 2.82857E-01 3.40191E-01 3.83861E-01 3.52098E-01 9.76364E-02 4.75362E-03 3.78706E+00 
4.75362E-03 1.21313E-01 3.72579E-01 3.10007E-01 3.05999E-01 3.65537E-01 4.10441E-01 3.70670E-01 1.21313E-01 4.75362E-03 4.39069E+00 
4.75362E-03 1.46439E-01 3.92484E-01 3.34275E-01 3.30570E-01 3.92353E-01 4.38528E-01 3.90704E-01 1.46439E-01 4.75362E-03 5.02076E+00 
4.75362E-03 1.73011E-01 4.13851E-01 3.59958E-01 3.56566E-01 4.20633E-01 4.68114E-01 4.12202E-01 1.73011E-01 4.75362E-03 5.67445E+00 
4.75362E-03 2.01014E-01 4.36668E-01 3.87042E-01 3.83972E-01 4.50358E-01 4.99181E-01 4.35156E-01 2.01014E-01 4.75362E-03 6.34851E+00 
2.68819E-02 2.30365E-01 4.60911E-01 4.15451E-01 4.12705E-01 4.81420E-01 5.31609E-01 4.59537E-01 2.30365E-01 2.68819E-02 6.98737E+00 
6.06301E-02 2.61126E-01 4.86572E-01 4.45234E-01 4.42824E-01 5.13907E-01 5.65504E-01 4.85339E-01 2.61126E-01 6.06301E-02 7.62949E+00 
9.57843E-02 2.93262E-01 5.13607E-01 4.76354E-01 4.74288E-01 5.47787E-01 6.00835E-01 5.12521E-01 2.93262E-01 9.57843E-02 8.28178E+00 
1.32273E-01 3.26704E-01 5.41958E-01 5.08741E-01 5.07030E-01 5.82987E-01 6.37531E-01 5.41022E-01 3.26704E-01 1.32273E-01 8.94007E+00 
1.70011E-01 3.61370E-01 5.71548E-01 5.42315E-01 5.40968E-01 6.19421E-01 6.75504E-01 5.70767E-01 3.61370E-01 1.70011E-01 9.59998E+00 
2.08900E-01 3.97166E-01 6.02290E-01 5.76979E-01 5.76005E-01 6.56990E-01 7.14654E-01 6.01668E-01 3.97166E-01 2.08900E-01 1.02570E+01 
2.48825E-01 4.33980E-01 6.34080E-01 6.12623E-01 6.12030E-01 6.95579E-01 7.54866E-01 6.33620E-01 4.33980E-01 2.48825E-01 1.09064E+01 
2.89661E-01 4.71690E-01 6.66801E-01 6.49124E-01 6.48920E-01 7.35061E-01 7.96011E-01 6.66507E-01 4.71690E-01 2.89661E-01 1.15437E+01 
3.31269E-01 5.10161E-01 7.00324E-01 6.86348E-01 6.86540E-01 7.75296E-01 8.37950E-01 7.00199E-01 5.10161E-01 3.31269E-01 1.21643E+01 
3.73501E-01 5.49247E-01 7.34508E-01 7.24147E-01 7.24742E-01 8.16134E-01 8.80529E-01 7.34556E-01 5.49247E-01 3.73501E-01 1.27639E+01 
4.16197E-01 5.88791E-01 7.69202E-01 7.62366E-01 7.63369E-01 8.57413E-01 9.23586E-01 7.69425E-01 5.88791E-01 4.16197E-01 1.33383E+01 
4.59190E-01 6.28629E-01 8.04245E-01 8.00840E-01 8.02258E-01 8.98966E-01 9.66951E-01 8.04647E-01 6.28629E-01 4.59190E-01 1.38838E+01 
5.02306E-01 6.68590E-01 8.39470E-01 8.39399E-01 8.41236E-01 9.40615E-01 1.01045E+00 8.40054E-01 6.68590E-01 5.02306E-01 1.43967E+01 
4.27089E-03 4.18845E-02 2.27495E-01 1.71864E-01 1.66206E-01 2.19277E-01 2.59755E-01 2.25072E-01 4.18845E-02 4.27089E-03 7.44496E-01 
4.27089E-03 4.18845E-02 2.36423E-01 1.84349E-01 1.78972E-01 2.34035E-01 2.75564E-01 2.34113E-01 4.18845E-02 4.27089E-03 1.12065E+00 
4.27089E-03 6.14979E-03 2.46248E-01 1.97675E-01 1.92584E-01 2.49653E-01 2.92252E-01 2.44051E-01 6.14979E-03 4.27089E-03 1.50846E+00 
4.27089E-03 2.11070E-02 2.56984E-01 2.11861E-01 2.07061E-01 2.66154E-01 3.09847E-01 2.54903E-01 2.11070E-02 4.27089E-03 1.90252E+00 
4.27089E-03 3.70597E-02 2.68698E-01 2.27017E-01 2.22516E-01 2.83675E-01 3.28496E-01 2.66736E-01 3.70597E-02 4.27089E-03 2.31985E+00 
4.27089E-03 5.40188E-02 2.81406E-01 2.43154E-01 2.38961E-01 3.02225E-01 3.48208E-01 2.79567E-01 5.40188E-02 4.27089E-03 2.75949E+00 
4.27089E-03 7.19926E-02 2.95123E-01 2.60279E-01 2.56402E-01 3.21808E-01 3.68988E-01 2.93409E-01 7.19926E-02 4.27089E-03 3.22024E+00 
4.27089E-03 8.65981E-02 3.06432E-01 2.74210E-01 2.70582E-01 3.37672E-01 3.85800E-01 3.04818E-01 8.65981E-02 4.27089E-03 3.59029E+00 
4.27089E-03 9.09838E-02 3.09854E-01 2.78396E-01 2.74841E-01 3.42427E-01 3.90836E-01 3.08269E-01 9.09838E-02 4.27089E-03 3.70059E+00 
4.27089E-03 1.12598E-01 3.26879E-01 2.99037E-01 2.95840E-01 3.65813E-01 4.15587E-01 3.25437E-01 1.12598E-01 4.27089E-03 4.23844E+00 
4.27089E-03 1.35382E-01 3.45083E-01 3.20817E-01 3.17986E-01 3.90383E-01 4.41560E-01 3.43787E-01 1.35382E-01 4.27089E-03 4.79446E+00 
4.27089E-03 1.59318E-01 3.64452E-01 3.43718E-01 3.41261E-01 4.16115E-01 4.68735E-01 3.63307E-01 1.59318E-01 4.27089E-03 5.36579E+00 
4.27089E-03 1.84378E-01 3.84966E-01 3.67710E-01 3.65635E-01 4.42980E-01 4.97079E-01 3.83974E-01 1.84378E-01 4.27089E-03 5.94929E+00 
2.40993E-02 2.10496E-01 4.06607E-01 3.92738E-01 3.91048E-01 4.70883E-01 5.26485E-01 4.05770E-01 2.10496E-01 2.40993E-02 6.49473E+00 
5.41776E-02 2.37690E-01 4.29332E-01 4.18804E-01 4.17508E-01 4.99869E-01 5.57019E-01 4.28655E-01 2.37690E-01 5.41776E-02 7.03704E+00 
8.53093E-02 2.65908E-01 4.53084E-01 4.45854E-01 4.44962E-01 5.29890E-01 5.88633E-01 4.52570E-01 2.65908E-01 8.53093E-02 7.58238E+00 
1.17416E-01 2.95076E-01 4.77794E-01 4.73814E-01 4.73334E-01 5.60864E-01 6.21247E-01 4.77447E-01 2.95076E-01 1.17416E-01 8.12702E+00 
1.50409E-01 3.25107E-01 5.03384E-01 5.02597E-01 5.02538E-01 5.92703E-01 6.54770E-01 5.03208E-01 3.25107E-01 1.50409E-01 8.66712E+00 
1.84188E-01 3.55904E-01 5.29762E-01 5.32107E-01 5.32475E-01 6.25303E-01 6.89100E-01 5.29762E-01 3.55904E-01 1.84188E-01 9.19880E+00 
2.18641E-01 3.87361E-01 5.56826E-01 5.62236E-01 5.63039E-01 6.58553E-01 7.24121E-01 5.57005E-01 3.87361E-01 2.18641E-01 9.71819E+00 
2.53649E-01 4.19360E-01 5.84465E-01 5.92866E-01 5.94111E-01 6.92330E-01 7.59710E-01 5.84826E-01 4.19360E-01 2.53649E-01 1.02215E+01 
2.89081E-01 4.51774E-01 6.12558E-01 6.23873E-01 6.25564E-01 7.26503E-01 7.95734E-01 6.13104E-01 4.51774E-01 2.89081E-01 1.07052E+01 
3.24802E-01 4.84471E-01 6.40977E-01 6.55123E-01 6.57266E-01 7.60933E-01 8.32054E-01 6.41711E-01 4.84471E-01 3.24802E-01 1.11659E+01 
3.60670E-01 5.17311E-01 6.69585E-01 6.86477E-01 6.89075E-01 7.95475E-01 8.68522E-01 6.70510E-01 5.17311E-01 3.60670E-01 1.16004E+01 
3.96536E-01 5.50149E-01 6.98242E-01 7.17791E-01 7.20846E-01 8.29981E-01 9.04985E-01 6.99361E-01 5.50149E-01 3.96536E-01 1.20059E+01 
4.32250E-01 5.82838E-01 7.26806E-01 7.48918E-01 7.52434E-01 8.64296E-01 9.41291E-01 7.28119E-01 5.82838E-01 4.32250E-01 1.23800E+01 
3.82025E-03 3.92630E-02 1.92120E-01 1.70913E-01 1.65962E-01 2.29482E-01 2.74219E-01 1.90126E-01 3.92630E-02 3.82025E-03 9.08547E-01 
3.82025E-03 3.92630E-02 2.00957E-01 1.82667E-01 1.78059E-01 2.43748E-01 2.89657E-01 1.99092E-01 3.92630E-02 3.82025E-03 1.26392E+00 
3.82025E-03 5.81496E-03 2.10549E-01 1.95124E-01 1.90863E-01 2.58730E-01 3.05833E-01 2.08814E-01 5.81496E-03 3.82025E-03 1.62636E+00 
3.82025E-03 1.98823E-02 2.20906E-01 2.08297E-01 2.04388E-01 2.74447E-01 3.22767E-01 2.19303E-01 1.98823E-02 3.82025E-03 1.99068E+00 
3.82025E-03 3.47781E-02 2.32077E-01 2.22270E-01 2.18721E-01 2.91012E-01 3.40588E-01 2.30610E-01 3.47781E-02 3.82025E-03 2.37284E+00 
3.82025E-03 5.05033E-02 2.44068E-01 2.37045E-01 2.33864E-01 3.08424E-01 3.59291E-01 2.42739E-01 5.05033E-02 3.82025E-03 2.77163E+00 
3.82025E-03 6.70565E-02 2.56882E-01 2.52620E-01 2.49815E-01 3.26678E-01 3.78874E-01 2.55696E-01 6.70565E-02 3.82025E-03 3.18567E+00 
3.82025E-03 8.04286E-02 2.67360E-01 2.65216E-01 2.62708E-01 3.41374E-01 3.94624E-01 2.66287E-01 8.04286E-02 3.82025E-03 3.51547E+00 
3.82025E-03 8.44308E-02 2.70516E-01 2.68988E-01 2.66567E-01 3.45765E-01 3.99327E-01 2.69476E-01 8.44308E-02 3.82025E-03 3.61333E+00 
3.82025E-03 1.04071E-01 2.86129E-01 2.87511E-01 2.85512E-01 3.67262E-01 4.22337E-01 2.85249E-01 1.04071E-01 3.82025E-03 4.08758E+00 
3.82025E-03 1.24632E-01 3.02671E-01 3.06922E-01 3.05353E-01 3.89685E-01 4.46314E-01 3.01956E-01 1.24632E-01 3.82025E-03 4.57299E+00 
3.82025E-03 1.46084E-01 3.20119E-01 3.27192E-01 3.26059E-01 4.13004E-01 4.71227E-01 3.19572E-01 1.46084E-01 3.82025E-03 5.06680E+00 
3.82025E-03 1.68391E-01 3.38442E-01 3.48285E-01 3.47595E-01 4.37175E-01 4.97034E-01 3.38066E-01 1.68391E-01 3.82025E-03 5.56606E+00 
2.15084E-02 1.91502E-01 3.57631E-01 3.70157E-01 3.69912E-01 4.62119E-01 5.23635E-01 3.57427E-01 1.91502E-01 2.15084E-02 6.02569E+00 
4.81927E-02 2.15403E-01 3.77618E-01 3.92780E-01 3.92986E-01 4.87849E-01 5.51068E-01 3.77591E-01 2.15403E-01 4.81927E-02 6.47729E+00 
7.56310E-02 2.40030E-01 3.98337E-01 4.16088E-01 4.16754E-01 5.14305E-01 5.79276E-01 3.98490E-01 2.40030E-01 7.56310E-02 6.92647E+00 
1.03743E-01 2.65308E-01 4.19716E-01 4.40005E-01 4.41138E-01 5.41405E-01 6.08175E-01 4.20053E-01 2.65308E-01 1.03743E-01 7.36997E+00 
1.32439E-01 2.91151E-01 4.41676E-01 4.64445E-01 4.66052E-01 5.69058E-01 6.37673E-01 4.42202E-01 2.91151E-01 1.32439E-01 7.80453E+00 
1.61623E-01 3.17465E-01 4.64129E-01 4.89316E-01 4.91401E-01 5.97165E-01 6.67669E-01 4.64846E-01 3.17465E-01 1.61623E-01 8.22694E+00 
1.91189E-01 3.44149E-01 4.86978E-01 5.14514E-01 5.17083E-01 6.25617E-01 6.98054E-01 4.87889E-01 3.44149E-01 1.91189E-01 8.63407E+00 
2.21025E-01 3.71094E-01 5.10119E-01 5.39934E-01 5.42990E-01 6.54302E-01 7.28711E-01 5.11228E-01 3.71094E-01 2.21025E-01 9.02295E+00 
2.51016E-01 3.98186E-01 5.33444E-01 5.65461E-01 5.69007E-01 6.83099E-01 7.59518E-01 5.34753E-01 3.98186E-01 2.51016E-01 9.39083E+00 
2.81039E-01 4.25308E-01 5.56837E-01 5.90977E-01 5.95016E-01 7.11884E-01 7.90350E-01 5.58349E-01 4.25308E-01 2.81039E-01 9.73520E+00 
3.10969E-01 4.52336E-01 5.80182E-01 6.16362E-01 6.20894E-01 7.40529E-01 8.21076E-01 5.81898E-01 4.52336E-01 3.10969E-01 1.00538E+01 
3.40681E-01 4.79149E-01 6.03359E-01 6.41493E-01 6.46517E-01 7.68907E-01 8.51564E-01 6.05281E-01 4.79149E-01 3.40681E-01 1.03447E+01 
3.70048E-01 5.05623E-01 6.26247E-01 6.66248E-01 6.71763E-01 7.96887E-01 8.81681E-01 6.28376E-01 5.05623E-01 3.70048E-01 1.06064E+01 
3.40031E-03 3.66222E-02 1.61454E-01 1.69313E-01 1.65520E-01 2.40998E-01 2.90334E-01 1.59990E-01 3.66222E-02 3.40031E-03 1.07449E+00 
3.40031E-03 3.66222E-02 1.70103E-01 1.80299E-01 1.76914E-01 2.54722E-01 3.05372E-01 1.68785E-01 3.66222E-02 3.40031E-03 1.40658E+00 
3.40031E-03 5.47066E-03 1.79376E-01 1.91860E-01 1.88886E-01 2.69027E-01 3.21015E-01 1.78205E-01 5.47066E-03 3.40031E-03 1.74157E+00 
3.40031E-03 1.86349E-02 1.89279E-01 2.04004E-01 2.01443E-01 2.83927E-01 3.37276E-01 1.88257E-01 1.86349E-02 3.40031E-03 2.07461E+00 
3.40031E-03 3.24742E-02 1.99845E-01 2.16793E-01 2.14654E-01 2.99515E-01 3.54266E-01 1.98976E-01 3.24742E-02 3.40031E-03 2.42058E+00 
3.40031E-03 4.69819E-02 2.11073E-01 2.30220E-01 2.28510E-01 3.15782E-01 3.71976E-01 2.10360E-01 4.69819E-02 3.40031E-03 2.77817E+00 
3.40031E-03 6.21487E-02 2.22958E-01 2.44277E-01 2.43003E-01 3.32716E-01 3.90391E-01 2.22403E-01 6.21487E-02 3.40031E-03 3.14590E+00 
3.40031E-03 7.43277E-02 2.32597E-01 2.55577E-01 2.54645E-01 3.46265E-01 4.05112E-01 2.32169E-01 7.43277E-02 3.40031E-03 3.43635E+00 
3.40031E-03 7.79606E-02 2.35488E-01 2.58950E-01 2.58118E-01 3.50299E-01 4.09493E-01 2.35096E-01 7.79606E-02 3.40031E-03 3.52212E+00 
3.40031E-03 9.57117E-02 2.49706E-01 2.75439E-01 2.75091E-01 3.69959E-01 4.30836E-01 2.49494E-01 9.57117E-02 3.40031E-03 3.93521E+00 
3.40031E-03 1.14163E-01 2.64635E-01 2.92594E-01 2.92736E-01 3.90316E-01 4.52918E-01 2.64605E-01 1.14163E-01 3.40031E-03 4.35364E+00 
3.40031E-03 1.33280E-01 2.80245E-01 3.10380E-01 3.11017E-01 4.11330E-01 4.75700E-01 2.80400E-01 1.33280E-01 3.40031E-03 4.77487E+00 
3.40031E-03 1.53020E-01 2.96496E-01 3.28755E-01 3.29893E-01 4.32954E-01 4.99133E-01 2.96840E-01 1.53020E-01 3.40031E-03 5.19623E+00 
1.91006E-02 1.73343E-01 3.13388E-01 3.47691E-01 3.49327E-01 4.55115E-01 5.23124E-01 3.13921E-01 1.73343E-01 1.91006E-02 5.57753E+00 
4.26535E-02 1.94213E-01 3.30837E-01 3.67133E-01 3.69272E-01 4.77807E-01 5.47692E-01 3.31562E-01 1.94213E-01 4.26535E-02 5.94731E+00 
6.67101E-02 2.15563E-01 3.48771E-01 3.87012E-01 3.89661E-01 5.00965E-01 5.72775E-01 3.49694E-01 2.15563E-01 6.67101E-02 6.31067E+00 
9.11913E-02 2.37317E-01 3.67122E-01 4.07252E-01 4.10415E-01 5.24507E-01 5.98290E-01 3.68245E-01 2.37317E-01 9.11913E-02 6.66488E+00 
1.16012E-01 2.59395E-01 3.85813E-01 4.27773E-01 4.31454E-01 5.48344E-01 6.24147E-01 3.87139E-01 2.59395E-01 1.16012E-01 7.00728E+00 
1.41081E-01 2.81709E-01 4.04760E-01 4.48488E-01 4.52690E-01 5.72383E-01 6.50250E-01 4.06293E-01 2.81709E-01 1.41081E-01 7.33528E+00 
1.66301E-01 3.04164E-01 4.23876E-01 4.69303E-01 4.74027E-01 5.96525E-01 6.76496E-01 4.25617E-01 3.04164E-01 1.66301E-01 7.64646E+00 
1.91573E-01 3.26665E-01 4.43068E-01 4.90123E-01 4.95370E-01 6.20665E-01 7.02779E-01 4.45020E-01 3.26665E-01 1.91573E-01 7.93859E+00 
2.16794E-01 3.49112E-01 4.62238E-01 5.10848E-01 5.16617E-01 6.44698E-01 7.28991E-01 4.64403E-01 3.49112E-01 2.16794E-01 8.20964E+00 
2.41857E-01 3.71402E-01 4.81290E-01 5.31378E-01 5.37667E-01 6.68516E-01 7.55019E-01 4.83670E-01 3.71402E-01 2.41857E-01 8.45785E+00 
2.66658E-01 3.93431E-01 5.00124E-01 5.51610E-01 5.58416E-01 6.92008E-01 7.80750E-01 5.02719E-01 3.93431E-01 2.66658E-01 8.68174E+00 
2.91090E-01 4.15098E-01 5.18639E-01 5.71442E-01 5.78760E-01 7.15066E-01 8.06074E-01 5.21450E-01 4.15098E-01 2.91090E-01 8.88012E+00 
3.15049E-01 4.36302E-01 5.36737E-01 5.90775E-01 5.98600E-01 7.37583E-01 8.30877E-01 5.39765E-01 4.36302E-01 3.15049E-01 9.05209E+00 
3.01000E-03 3.39579E-02 1.34912E-01 1.67087E-01 1.64995E-01 2.53957E-01 3.08312E-01 1.34090E-01 3.39579E-02 3.01000E-03 1.23724E+00 
3.01000E-03 3.39579E-02 1.43283E-01 1.77265E-01 1.75644E-01 2.67071E-01 3.22906E-01 1.42624E-01 3.39579E-02 3.01000E-03 1.54363E+00 
3.01000E-03 5.11593E-03 1.52158E-01 1.87901E-01 1.86750E-01 2.80641E-01 3.37980E-01 1.51664E-01 5.11593E-03 3.01000E-03 1.84929E+00 
3.01000E-03 1.73621E-02 1.61541E-01 1.98998E-01 1.98320E-01 2.94674E-01 3.53541E-01 1.61212E-01 1.73621E-02 3.01000E-03 2.14969E+00 
3.01000E-03 3.01442E-02 1.71451E-01 2.10599E-01 2.10400E-01 3.09248E-01 3.69688E-01 1.71292E-01 3.01442E-02 3.01000E-03 2.45875E+00 
3.01000E-03 4.34497E-02 1.81880E-01 2.22692E-01 2.22978E-01 3.24348E-01 3.86402E-01 1.81894E-01 4.34497E-02 3.01000E-03 2.77509E+00 
3.01000E-03 5.72638E-02 1.92817E-01 2.35262E-01 2.36039E-01 3.39953E-01 4.03663E-01 1.93007E-01 5.72638E-02 3.01000E-03 3.09724E+00 
3.01000E-03 6.82898E-02 2.01618E-01 2.45304E-01 2.46464E-01 3.52361E-01 4.17380E-01 2.01946E-01 6.82898E-02 3.01000E-03 3.34948E+00 
3.01000E-03 7.15677E-02 2.04246E-01 2.48291E-01 2.49563E-01 3.56042E-01 4.21449E-01 2.04615E-01 7.15677E-02 3.01000E-03 3.42360E+00 
3.01000E-03 8.75134E-02 2.17099E-01 2.62827E-01 2.64638E-01 3.73902E-01 4.41182E-01 2.17665E-01 8.75134E-02 3.01000E-03 3.77826E+00 
3.01000E-03 1.03969E-01 2.30474E-01 2.77837E-01 2.80191E-01 3.92253E-01 4.61451E-01 2.31238E-01 1.03969E-01 3.01000E-03 4.13364E+00 
3.01000E-03 1.20896E-01 2.44334E-01 2.93284E-01 2.96183E-01 4.11054E-01 4.82214E-01 2.45302E-01 1.20896E-01 3.01000E-03 4.48744E+00 
3.01000E-03 1.38250E-01 2.58642E-01 3.09123E-01 3.12569E-01 4.30254E-01 5.03417E-01 2.59814E-01 1.38250E-01 3.01000E-03 4.83735E+00 
1.68693E-02 1.55999E-01 2.73397E-01 3.25335E-01 3.29323E-01 4.49789E-01 5.24972E-01 2.74774E-01 1.55999E-01 1.68693E-02 5.14778E+00 
3.75426E-02 1.74095E-01 2.88509E-01 3.41852E-01 3.46384E-01 4.69639E-01 5.46887E-01 2.90094E-01 1.74095E-01 3.75426E-02 5.44439E+00 
5.85146E-02 1.92469E-01 3.03909E-01 3.58604E-01 3.63682E-01 4.89736E-01 5.69099E-01 3.05705E-01 1.92469E-01 5.85146E-02 5.73190E+00 
7.97104E-02 2.11051E-01 3.19528E-01 3.75520E-01 3.81146E-01 5.10002E-01 5.91528E-01 3.21539E-01 2.11051E-01 7.97104E-02 6.00811E+00 
1.01051E-01 2.29766E-01 3.35298E-01 3.92524E-01 3.98699E-01 5.30356E-01 6.14088E-01 3.37524E-01 2.29766E-01 1.01051E-01 6.27088E+00 
1.22453E-01 2.48533E-01 3.51141E-01 4.09539E-01 4.16261E-01 5.50711E-01 6.36691E-01 3.53587E-01 2.48533E-01 1.22453E-01 6.51826E+00 
1.43831E-01 2.67270E-01 3.66981E-01 4.26484E-01 4.33750E-01 5.70976E-01 6.59242E-01 3.69647E-01 2.67270E-01 1.43831E-01 6.74844E+00 
1.65098E-01 2.85893E-01 3.82735E-01 4.43273E-01 4.51080E-01 5.91062E-01 6.81647E-01 3.85623E-01 2.85893E-01 1.65098E-01 6.95981E+00 
1.86163E-01 3.04316E-01 3.98322E-01 4.59824E-01 4.68167E-01 6.10875E-01 7.03810E-01 4.01433E-01 3.04316E-01 1.86163E-01 7.15101E+00 
2.06940E-01 3.22454E-01 4.13660E-01 4.76051E-01 4.84923E-01 6.30323E-01 7.25634E-01 4.16994E-01 3.22454E-01 2.06940E-01 7.32092E+00 
2.27338E-01 3.40220E-01 4.28666E-01 4.91871E-01 5.01265E-01 6.49315E-01 7.47025E-01 4.32224E-01 3.40220E-01 2.27338E-01 7.46865E+00 
2.47274E-01 3.57533E-01 4.43259E-01 5.07202E-01 5.17108E-01 6.67762E-01 7.67887E-01 4.47041E-01 3.57533E-01 2.47274E-01 7.59360E+00 
2.66663E-01 3.74312E-01 4.57363E-01 5.21966E-01 5.32374E-01 6.85577E-01 7.88131E-01 4.61367E-01 3.74312E-01 2.66663E-01 7.69541E+00 
2.64868E-03 3.12732E-02 1.12001E-01 1.64241E-01 1.64470E-01 2.68385E-01 3.28299E-01 1.11943E-01 3.12732E-02 2.64868E-03 1.39065E+00 
2.64868E-03 3.12732E-02 1.20013E-01 1.73571E-01 1.74324E-01 2.80804E-01 3.42392E-01 1.20135E-01 3.12732E-02 2.64868E-03 1.66922E+00 
2.64868E-03 4.75089E-03 1.28421E-01 1.83251E-01 1.84528E-01 2.93563E-01 3.56847E-01 1.28725E-01 4.75089E-03 2.64868E-03 1.94398E+00 
2.64868E-03 1.60647E-02 1.37227E-01 1.93284E-01 1.95083E-01 3.06665E-01 3.71670E-01 1.37713E-01 1.60647E-02 2.64868E-03 2.21082E+00 
2.64868E-03 2.77904E-02 1.46438E-01 2.03695E-01 2.06021E-01 3.20173E-01 3.86944E-01 1.47110E-01 2.77904E-02 2.64868E-03 2.48266E+00 
2.64868E-03 3.99113E-02 1.56043E-01 2.14469E-01 2.17325E-01 3.34068E-01 4.02649E-01 1.56904E-01 3.99113E-02 2.64868E-03 2.75815E+00 
2.64868E-03 5.24090E-02 1.66026E-01 2.25587E-01 2.28977E-01 3.48325E-01 4.18760E-01 1.67078E-01 5.24090E-02 2.64868E-03 3.03590E+00 
2.64868E-03 6.23239E-02 1.73998E-01 2.34412E-01 2.38217E-01 3.59588E-01 4.31486E-01 1.75200E-01 6.23239E-02 2.64868E-03 3.25143E+00 
2.64868E-03 6.52615E-02 1.76368E-01 2.37027E-01 2.40953E-01 3.62918E-01 4.35248E-01 1.77615E-01 6.52615E-02 2.64868E-03 3.31443E+00 
2.64868E-03 7.94884E-02 1.87896E-01 2.49696E-01 2.54202E-01 3.78996E-01 4.53413E-01 1.89355E-01 7.94884E-02 2.64868E-03 3.61387E+00 
2.64868E-03 9.40633E-02 1.99785E-01 2.62675E-01 2.67762E-01 3.95389E-01 4.71938E-01 2.01459E-01 9.40633E-02 2.64868E-03 3.91047E+00 
2.64868E-03 1.08947E-01 2.11998E-01 2.75928E-01 2.81594E-01 4.12052E-01 4.90777E-01 2.13890E-01 1.08947E-01 2.64868E-03 4.20229E+00 
2.64868E-03 1.24095E-01 2.24496E-01 2.89411E-01 2.95654E-01 4.28936E-01 5.09875E-01 2.26606E-01 1.24095E-01 2.64868E-03 4.48735E+00 
1.48101E-02 1.39484E-01 2.37282E-01 3.03114E-01 3.09925E-01 4.45982E-01 5.29147E-01 2.39610E-01 1.39484E-01 1.48101E-02 4.73436E+00 
3.28472E-02 1.55056E-01 2.50264E-01 3.16959E-01 3.24336E-01 4.63163E-01 5.48597E-01 2.52814E-01 1.55056E-01 3.28472E-02 4.96632E+00 
5.10194E-02 1.70749E-01 2.63376E-01 3.30879E-01 3.38821E-01 4.80413E-01 5.68164E-01 2.66149E-01 1.70749E-01 5.10194E-02 5.18762E+00 
6.92581E-02 1.86495E-01 2.76556E-01 3.44809E-01 3.53313E-01 4.97660E-01 5.87772E-01 2.79554E-01 1.86495E-01 6.92581E-02 5.39653E+00 
8.74918E-02 2.02228E-01 2.89741E-01 3.58683E-01 3.67745E-01 5.14829E-01 6.07342E-01 2.92966E-01 2.02228E-01 8.74918E-02 5.59145E+00 
1.05647E-01 2.17878E-01 3.02864E-01 3.72432E-01 3.82046E-01 5.31841E-01 6.26791E-01 3.06317E-01 2.17878E-01 1.05647E-01 5.77094E+00 
1.23650E-01 2.33373E-01 3.15858E-01 3.85986E-01 3.96145E-01 5.48619E-01 6.46038E-01 3.19540E-01 2.33373E-01 1.23650E-01 5.93374E+00 
1.41425E-01 2.48643E-01 3.28655E-01 3.99276E-01 4.09970E-01 5.65085E-01 6.65000E-01 3.32566E-01 2.48643E-01 1.41425E-01 6.07880E+00 
1.58898E-01 2.63614E-01 3.41185E-01 4.12231E-01 4.23450E-01 5.81159E-01 6.83592E-01 3.45325E-01 2.63614E-01 1.58898E-01 6.20528E+00 
1.75996E-01 2.78219E-01 3.53383E-01 4.24782E-01 4.36516E-01 5.96765E-01 7.01734E-01 3.57751E-01 2.78219E-01 1.75996E-01 6.31256E+00 
1.92648E-01 2.92387E-01 3.65182E-01 4.36864E-01 4.49099E-01 6.11829E-01 7.19345E-01 3.69777E-01 2.92387E-01 1.92648E-01 6.40025E+00 
2.08786E-01 3.06055E-01 3.76519E-01 4.48414E-01 4.61136E-01 6.26279E-01 7.36350E-01 3.81340E-01 3.06055E-01 2.08786E-01 6.46818E+00 
2.24346E-01 3.19161E-01 3.87335E-01 4.59370E-01 4.72564E-01 6.40048E-01 7.52675E-01 3.92380E-01 3.19161E-01 2.24346E-01 6.51640E+00 
2.31595E-03 2.85798E-02 9.23021E-02 1.60767E-01 1.63980E-01 2.84177E-01 3.50367E-01 9.31380E-02 2.85798E-02 2.31595E-03 1.52795E+00 
2.31595E-03 2.85798E-02 9.98836E-02 1.69208E-01 1.72987E-01 2.95804E-01 3.63887E-01 1.00916E-01 2.85798E-02 2.31595E-03 1.77706E+00 
2.31595E-03 4.37704E-03 1.07766E-01 1.77908E-01 1.82247E-01 3.07664E-01 3.77662E-01 1.08995E-01 4.37704E-03 2.31595E-03 2.01990E+00 
2.31595E-03 1.47484E-02 1.15949E-01 1.86865E-01 1.91760E-01 3.19759E-01 3.91695E-01 1.17375E-01 1.47484E-02 2.31595E-03 2.25280E+00 
2.31595E-03 2.54231E-02 1.24432E-01 1.96091E-01 2.01543E-01 3.32140E-01 4.06060E-01 1.26059E-01 2.54231E-02 2.31595E-03 2.48769E+00 
2.31595E-03 3.63821E-02 1.33200E-01 2.05567E-01 2.11578E-01 3.44782E-01 4.20731E-01 1.35029E-01 3.63821E-02 2.31595E-03 2.72332E+00 
2.31595E-03 4.76050E-02 1.42234E-01 2.15273E-01 2.21844E-01 3.57660E-01 4.35680E-01 1.44269E-01 4.76050E-02 2.31595E-03 2.95843E+00 
2.31595E-03 5.64551E-02 1.49395E-01 2.22927E-01 2.29929E-01 3.67768E-01 4.47420E-01 1.51591E-01 5.64551E-02 2.31595E-03 3.13914E+00 
2.31595E-03 5.90684E-02 1.51515E-01 2.25187E-01 2.32315E-01 3.70745E-01 4.50879E-01 1.53758E-01 5.90684E-02 2.31595E-03 3.19169E+00 
2.31595E-03 7.16684E-02 1.61772E-01 2.36080E-01 2.43808E-01 3.85052E-01 4.67506E-01 1.64241E-01 7.16684E-02 2.31595E-03 3.43960E+00 
2.31595E-03 8.44825E-02 1.72256E-01 2.47151E-01 2.55474E-01 3.99522E-01 4.84340E-01 1.74953E-01 8.44825E-02 2.31595E-03 3.68215E+00 
2.31595E-03 9.74724E-02 1.82932E-01 2.58361E-01 2.67275E-01 4.14111E-01 5.01333E-01 1.85858E-01 9.74724E-02 2.31595E-03 3.91771E+00 
2.31595E-03 1.10596E-01 1.93762E-01 2.69671E-01 2.79169E-01 4.28772E-01 5.18433E-01 1.96918E-01 1.10596E-01 2.31595E-03 4.14470E+00 
1.29199E-02 1.23836E-01 2.04752E-01 2.81080E-01 2.91148E-01 4.43454E-01 5.35556E-01 2.08137E-01 1.23836E-01 1.29199E-02 4.33576E+00 
2.85575E-02 1.37133E-01 2.15814E-01 2.92504E-01 3.03135E-01 4.58123E-01 5.52707E-01 2.19429E-01 1.37133E-01 2.85575E-02 4.51144E+00 
4.42040E-02 1.50428E-01 2.26884E-01 3.03882E-01 3.15070E-01 4.72719E-01 5.69827E-01 2.30730E-01 1.50428E-01 4.42040E-02 4.67581E+00 
5.97981E-02 1.63662E-01 2.37909E-01 3.15156E-01 3.26894E-01 4.87176E-01 5.86846E-01 2.41988E-01 1.63662E-01 5.97981E-02 4.82757E+00 
7.52771E-02 1.76777E-01 2.48834E-01 3.26269E-01 3.38547E-01 5.01427E-01 6.03691E-01 2.53145E-01 1.76777E-01 7.52771E-02 4.96559E+00 
9.05779E-02 1.89713E-01 2.59601E-01 3.37163E-01 3.49969E-01 5.15404E-01 6.20291E-01 2.64146E-01 1.89713E-01 9.05779E-02 5.08890E+00 
1.05637E-01 2.02410E-01 2.70153E-01 3.47780E-01 3.61102E-01 5.29040E-01 6.36573E-01 2.74931E-01 2.02410E-01 1.05637E-01 5.19668E+00 
1.20393E-01 2.14809E-01 2.80436E-01 3.58062E-01 3.71886E-01 5.42270E-01 6.52464E-01 2.85445E-01 2.14809E-01 1.20393E-01 5.28832E+00 
1.34785E-01 2.26851E-01 2.90393E-01 3.67954E-01 3.82265E-01 5.55028E-01 6.67895E-01 2.95632E-01 2.26851E-01 1.34785E-01 5.36342E+00 
1.48754E-01 2.38483E-01 2.99971E-01 3.77402E-01 3.92182E-01 5.67253E-01 6.82797E-01 3.05438E-01 2.38483E-01 1.48754E-01 5.42173E+00 
1.62244E-01 2.49650E-01 3.09119E-01 3.86355E-01 4.01587E-01 5.78886E-01 6.97106E-01 3.14812E-01 2.49650E-01 1.62244E-01 5.46324E+00 
1.75205E-01 2.60303E-01 3.17791E-01 3.94767E-01 4.10431E-01 5.89871E-01 7.10759E-01 3.23706E-01 2.60303E-01 1.75205E-01 5.48808E+00 
1.87587E-01 2.70398E-01 3.25942E-01 4.02593E-01 4.18669E-01 6.00159E-01 7.23700E-01 3.32075E-01 2.70398E-01 1.87587E-01 5.49658E+00 
2.01173E-03 2.59001E-02 7.54635E-02 1.56644E-01 1.63504E-01 3.01086E-01 3.74492E-01 7.73261E-02 2.59001E-02 2.01173E-03 1.64229E+00 
2.01173E-03 2.59001E-02 8.25557E-02 1.64169E-01 1.71612E-01 3.11814E-01 3.87359E-01 8.46287E-02 2.59001E-02 2.01173E-03 1.86100E+00 
2.01173E-03 3.99766E-03 8.98667E-02 1.71873E-01 1.79890E-01 3.22682E-01 4.00383E-01 9.21496E-02 3.99766E-03 2.01173E-03 2.07162E+00 
2.01173E-03 1.34245E-02 9.73948E-02 1.79752E-01 1.88335E-01 3.33689E-01 4.13565E-01 9.98876E-02 1.34245E-02 2.01173E-03 2.27090E+00 
2.01173E-03 2.30623E-02 1.05133E-01 1.87807E-01 1.96955E-01 3.44874E-01 4.26972E-01 1.07838E-01 2.30623E-02 2.01173E-03 2.46983E+00 
2.01173E-03 3.28908E-02 1.13065E-01 1.96018E-01 2.05729E-01 3.56213E-01 4.40575E-01 1.15984E-01 3.28908E-02 2.01173E-03 2.66729E+00 
2.01173E-03 4.28892E-02 1.21171E-01 2.04365E-01 2.14634E-01 3.67678E-01 4.54346E-01 1.24306E-01 4.28892E-02 2.01173E-03 2.86215E+00 
2.01173E-03 5.07271E-02 1.27549E-01 2.10903E-01 2.21601E-01 3.76617E-01 4.65096E-01 1.30853E-01 5.07271E-02 2.01173E-03 3.01044E+00 
2.01173E-03 5.30338E-02 1.29430E-01 2.12826E-01 2.23649E-01 3.79240E-01 4.68253E-01 1.32784E-01 5.30338E-02 2.01173E-03 3.05330E+00 
2.01173E-03 6.41069E-02 1.38482E-01 2.22047E-01 2.33460E-01 3.91781E-01 4.83361E-01 1.42071E-01 6.41069E-02 2.01173E-03 3.25395E+00 
2.01173E-03 7.52868E-02 1.47654E-01 2.31339E-01 2.43334E-01 4.04359E-01 4.98544E-01 1.51481E-01 7.52868E-02 2.01173E-03 3.44761E+00 
2.01173E-03 8.65374E-02 1.56914E-01 2.40667E-01 2.53233E-01 4.16932E-01 5.13755E-01 1.60978E-01 8.65374E-02 2.01173E-03 3.63298E+00 
2.01173E-03 9.78204E-02 1.66226E-01 2.49994E-01 2.63121E-01 4.29455E-01 5.28945E-01 1.70527E-01 9.78204E-02 2.01173E-03 3.80883E+00 
1.11973E-02 1.09123E-01 1.75599E-01 2.59327E-01 2.72995E-01 4.41886E-01 5.44035E-01 1.80135E-01 1.09123E-01 1.11973E-02 3.95140E+00 
2.46669E-02 1.20388E-01 1.84949E-01 2.68582E-01 2.82779E-01 4.54189E-01 5.59028E-01 1.89719E-01 1.20388E-01 2.46669E-02 4.07896E+00 
3.80522E-02 1.31562E-01 1.94220E-01 2.77703E-01 2.92418E-01 4.66307E-01 5.73871E-01 1.99225E-01 1.31562E-01 3.80522E-02 4.19528E+00 
5.12997E-02 1.42595E-01 2.03366E-01 2.86641E-01 3.01860E-01 4.78183E-01 5.88500E-01 2.08606E-01 1.42595E-01 5.12997E-02 4.29946E+00 
6.43558E-02 1.53435E-01 2.12339E-01 2.95348E-01 3.11057E-01 4.89758E-01 6.02851E-01 2.17812E-01 1.53435E-01 6.43558E-02 4.39073E+00 
7.71675E-02 1.64035E-01 2.21092E-01 3.03776E-01 3.19958E-01 5.00975E-01 6.16859E-01 2.26798E-01 1.64035E-01 7.71675E-02 4.46852E+00 
8.96825E-02 1.74343E-01 2.29578E-01 3.11878E-01 3.28515E-01 5.11778E-01 6.30463E-01 2.35515E-01 1.74343E-01 8.96825E-02 4.53236E+00 
1.01850E-01 1.84314E-01 2.37753E-01 3.19610E-01 3.36682E-01 5.22113E-01 6.43601E-01 2.43919E-01 1.84314E-01 1.01850E-01 4.58200E+00 
1.13623E-01 1.93902E-01 2.45574E-01 3.26928E-01 3.44415E-01 5.31928E-01 6.56213E-01 2.51965E-01 1.93902E-01 1.13623E-01 4.61734E+00 
1.24955E-01 2.03063E-01 2.53000E-01 3.33791E-01 3.51671E-01 5.41174E-01 6.68246E-01 2.59611E-01 2.03063E-01 1.24955E-01 4.63843E+00 
1.35804E-01 2.11759E-01 2.59992E-01 3.40163E-01 3.58412E-01 5.49807E-01 6.79645E-01 2.66821E-01 2.11759E-01 1.35804E-01 4.64549E+00 
1.46132E-01 2.19953E-01 2.66517E-01 3.46011E-01 3.64605E-01 5.57786E-01 6.90364E-01 2.73558E-01 2.19953E-01 1.46132E-01 4.63888E+00 
1.55904E-01 2.27613E-01 2.72543E-01 3.51304E-01 3.70218E-01 5.65073E-01 7.00358E-01 2.79792E-01 2.27613E-01 1.55904E-01 4.61910E+00 
1.73560E-03 2.32619E-02 6.11611E-02 1.51849E-01 1.62951E-01 3.18747E-01 4.00589E-01 6.41820E-02 2.32619E-02 1.73560E-03 1.72772E+00 
1.73560E-03 2.32619E-02 6.77195E-02 1.58440E-01 1.70115E-01 3.28470E-01 4.12713E-01 7.09615E-02 2.32619E-02 1.73560E-03 1.91589E+00 
1.73560E-03 3.61715E-03 7.44277E-02 1.65144E-01 1.77377E-01 3.38251E-01 4.24907E-01 7.78895E-02 3.61715E-03 1.73560E-03 2.09478E+00 
1.73560E-03 1.21077E-02 8.12838E-02 1.71958E-01 1.84737E-01 3.48089E-01 4.37172E-01 8.49645E-02 1.21077E-02 1.73560E-03 2.26155E+00 
1.73560E-03 2.07327E-02 8.82759E-02 1.78870E-01 1.92191E-01 3.58014E-01 4.49566E-01 9.21772E-02 2.07327E-02 1.73560E-03 2.42624E+00 
1.73560E-03 2.94722E-02 9.53863E-02 1.85863E-01 1.99718E-01 3.67999E-01 4.62060E-01 9.95096E-02 2.94722E-02 1.73560E-03 2.58789E+00 
1.73560E-03 3.83055E-02 1.02597E-01 1.92915E-01 2.07297E-01 3.78017E-01 4.74625E-01 1.06943E-01 3.83055E-02 1.73560E-03 2.74554E+00 
1.73560E-03 4.51904E-02 1.08231E-01 1.98400E-01 2.13184E-01 3.85774E-01 4.84375E-01 1.12751E-01 4.51904E-02 1.73560E-03 2.86419E+00 
1.73560E-03 4.72100E-02 1.09887E-01 2.00007E-01 2.14906E-01 3.88041E-01 4.87228E-01 1.14456E-01 4.72100E-02 1.73560E-03 2.89827E+00 
1.73560E-03 5.68635E-02 1.17811E-01 2.07671E-01 2.23117E-01 3.98822E-01 5.00822E-01 1.22622E-01 5.68635E-02 1.73560E-03 3.05639E+00 
1.73560E-03 6.65408E-02 1.25774E-01 2.15325E-01 2.31302E-01 4.09537E-01 5.14380E-01 1.30826E-01 6.65408E-02 1.73560E-03 3.20665E+00 
1.73560E-03 7.62091E-02 1.33745E-01 2.22936E-01 2.39431E-01 4.20147E-01 5.27857E-01 1.39037E-01 7.62091E-02 1.73560E-03 3.34806E+00 
1.73560E-03 8.58341E-02 1.41691E-01 2.30473E-01 2.47469E-01 4.30612E-01 5.41208E-01 1.47223E-01 8.58341E-02 1.73560E-03 3.47970E+00 
9.63900E-03 9.54081E-02 1.49625E-01 2.37950E-01 2.55422E-01 4.40898E-01 5.54357E-01 1.55392E-01 9.54081E-02 9.63900E-03 3.58108E+00 
2.11641E-02 1.04877E-01 1.57469E-01 2.45284E-01 2.63216E-01 4.50968E-01 5.67308E-01 1.63469E-01 1.04877E-01 2.11641E-02 3.66836E+00 
3.25400E-02 1.14194E-01 1.65173E-01 2.52425E-01 2.70800E-01 4.60769E-01 5.80014E-01 1.71406E-01 1.14194E-01 3.25400E-02 3.74499E+00 
4.37212E-02 1.23316E-01 1.72700E-01 2.59333E-01 2.78132E-01 4.70253E-01 5.92417E-01 1.79164E-01 1.23316E-01 4.37212E-02 3.81040E+00 
5.46627E-02 1.32202E-01 1.80009E-01 2.65969E-01 2.85171E-01 4.79370E-01 6.04460E-01 1.86701E-01 1.32202E-01 5.46627E-02 3.86415E+00 
6.53209E-02 1.40811E-01 1.87062E-01 2.72294E-01 2.91879E-01 4.88072E-01 6.16088E-01 1.93980E-01 1.40811E-01 6.53209E-02 3.90594E+00 
7.56538E-02 1.49104E-01 1.93823E-01 2.78273E-01 2.98216E-01 4.96315E-01 6.27248E-01 2.00963E-01 1.49104E-01 7.56538E-02 3.93560E+00 
8.56214E-02 1.57045E-01 2.00256E-01 2.83871E-01 3.04148E-01 5.04053E-01 6.37887E-01 2.07614E-01 1.57045E-01 8.56214E-02 3.95312E+00 
9.51865E-02 1.64598E-01 2.06328E-01 2.89055E-01 3.09642E-01 5.11249E-01 6.47959E-01 2.13900E-01 1.64598E-01 9.51865E-02 3.95863E+00 
1.04315E-01 1.71732E-01 2.12010E-01 2.93798E-01 3.14667E-01 5.17864E-01 6.57417E-01 2.19790E-01 1.71732E-01 1.04315E-01 3.95237E+00 
1.12976E-01 1.78418E-01 2.17275E-01 2.98073E-01 3.19198E-01 5.23866E-01 6.66221E-01 2.25256E-01 1.78418E-01 1.12976E-01 3.93473E+00 
1.21143E-01 1.84632E-01 2.22098E-01 3.01859E-01 3.23211E-01 5.29227E-01 6.74334E-01 2.30275E-01 1.84632E-01 1.21143E-01 3.90618E+00 
1.28792E-01 1.90352E-01 2.26459E-01 3.05137E-01 3.26688E-01 5.33921E-01 6.81724E-01 2.34825E-01 1.90352E-01 1.28792E-01 3.86731E+00 
1.48860E-03 2.07153E-02 4.91832E-02 1.46393E-01 1.62170E-01 3.36576E-01 4.28309E-01 5.34788E-02 2.07153E-02 1.48860E-03 1.77950E+00 
1.48860E-03 2.07153E-02 5.51831E-02 1.52057E-01 1.68359E-01 3.45199E-01 4.39602E-01 5.97062E-02 2.07153E-02 1.48860E-03 1.93809E+00 
1.48860E-03 3.24353E-03 6.12771E-02 1.57782E-01 1.74592E-01 3.53815E-01 4.50890E-01 6.60256E-02 3.24353E-03 1.48860E-03 2.08678E+00 
1.48860E-03 1.08245E-02 6.74635E-02 1.63564E-01 1.80866E-01 3.62421E-01 4.62172E-01 7.24354E-02 1.08245E-02 1.48860E-03 2.22311E+00 
1.48860E-03 1.84793E-02 7.37269E-02 1.69385E-01 1.87170E-01 3.71034E-01 4.73499E-01 7.89230E-02 1.84793E-02 1.48860E-03 2.35621E+00 
1.48860E-03 2.61888E-02 8.00501E-02 1.75227E-01 1.93483E-01 3.79632E-01 4.84844E-01 8.54709E-02 2.61888E-02 1.48860E-03 2.48527E+00 
1.48860E-03 3.39333E-02 8.64155E-02 1.81072E-01 1.99787E-01 3.88187E-01 4.96175E-01 9.20610E-02 3.39333E-02 1.48860E-03 2.60951E+00 
1.48860E-03 3.99364E-02 9.13577E-02 1.85584E-01 2.04645E-01 3.94761E-01 5.04914E-01 9.71768E-02 3.99364E-02 1.48860E-03 2.70185E+00 
1.48860E-03 4.16919E-02 9.28040E-02 1.86900E-01 2.06061E-01 3.96673E-01 5.07463E-01 9.86738E-02 4.16919E-02 1.48860E-03 2.72818E+00 
1.48860E-03 5.00481E-02 9.96954E-02 1.93143E-01 2.12767E-01 4.05715E-01 5.19547E-01 1.05806E-01 5.00481E-02 1.48860E-03 2.84909E+00 
1.48860E-03 5.83671E-02 1.06564E-01 1.99316E-01 2.19384E-01 4.14611E-01 5.31502E-01 1.12914E-01 5.83671E-02 1.48860E-03 2.96190E+00 
1.48860E-03 6.66199E-02 1.13384E-01 2.05393E-01 2.25886E-01 4.23325E-01 5.43287E-01 1.19971E-01 6.66199E-02 1.48860E-03 3.06586E+00 
1.48860E-03 7.47765E-02 1.20125E-01 2.11346E-01 2.32242E-01 4.31822E-01 5.54858E-01 1.26947E-01 7.47765E-02 1.48860E-03 3.16034E+00 
8.24949E-03 8.28332E-02 1.26802E-01 2.17194E-01 2.38466E-01 4.40079E-01 5.66147E-01 1.33852E-01 8.28332E-02 8.24949E-03 3.22775E+00 
1.80555E-02 9.07405E-02 1.33344E-01 2.22860E-01 2.44485E-01 4.48053E-01 5.77158E-01 1.40620E-01 9.07405E-02 1.80555E-02 3.28229E+00 
2.76712E-02 9.84580E-02 1.39709E-01 2.28298E-01 2.50255E-01 4.55701E-01 5.87848E-01 1.47209E-01 9.84580E-02 2.76712E-02 3.32714E+00 
3.70584E-02 1.05951E-01 1.45866E-01 2.33476E-01 2.55742E-01 4.62980E-01 5.98165E-01 1.53586E-01 1.05951E-01 3.70584E-02 3.36197E+00 
4.61801E-02 1.13184E-01 1.51782E-01 2.38364E-01 2.60913E-01 4.69849E-01 6.08060E-01 1.59719E-01 1.13184E-01 4.61801E-02 3.38658E+00 
5.50014E-02 1.20127E-01 1.57428E-01 2.42933E-01 2.65739E-01 4.76270E-01 6.17486E-01 1.65576E-01 1.20127E-01 5.50014E-02 3.40088E+00 
6.34890E-02 1.26749E-01 1.62773E-01 2.47154E-01 2.70190E-01 4.82207E-01 6.26397E-01 1.71128E-01 1.26749E-01 6.34890E-02 3.40493E+00 
7.16122E-02 1.33021E-01 1.67793E-01 2.51004E-01 2.74241E-01 4.87626E-01 6.34751E-01 1.76348E-01 1.33021E-01 7.16122E-02 3.39887E+00 
7.93430E-02 1.38918E-01 1.72463E-01 2.54459E-01 2.77869E-01 4.92497E-01 6.42509E-01 1.81212E-01 1.38918E-01 7.93430E-02 3.38297E+00 
8.66568E-02 1.44418E-01 1.76761E-01 2.57500E-01 2.81054E-01 4.96795E-01 6.49635E-01 1.85697E-01 1.44418E-01 8.66568E-02 3.35761E+00 
9.35318E-02 1.49500E-01 1.80669E-01 2.60111E-01 2.83779E-01 5.00497E-01 6.56098E-01 1.89785E-01 1.49500E-01 9.35318E-02 3.32325E+00 
9.99501E-02 1.54149E-01 1.84173E-01 2.62279E-01 2.86030E-01 5.03584E-01 6.61871E-01 1.93460E-01 1.54149E-01 9.99501E-02 3.28043E+00 
1.05897E-01 1.58353E-01 1.87259E-01 2.63994E-01 2.87798E-01 5.06041E-01 6.66929E-01 1.96709E-01 1.58353E-01 1.05897E-01 3.22976E+00 
1.26909E-03 1.82894E-02 3.92241E-02 1.40261E-01 1.60947E-01 3.54074E-01 4.57451E-01 4.48997E-02 1.82894E-02 1.26909E-03 1.79589E+00 
1.26909E-03 1.82894E-02 4.46569E-02 1.45021E-01 1.66146E-01 3.61520E-01 4.67822E-01 5.05611E-02 1.82894E-02 1.26909E-03 1.92666E+00 
1.26909E-03 2.88212E-03 5.01404E-02 1.49803E-01 1.71349E-01 3.68904E-01 4.78123E-01 5.62702E-02 2.88212E-03 1.26909E-03 2.04738E+00 
1.26909E-03 9.59168E-03 5.56731E-02 1.54604E-01 1.76550E-01 3.76224E-01 4.88351E-01 6.20254E-02 9.59168E-03 1.26909E-03 2.15597E+00 
1.26909E-03 1.63288E-02 6.12377E-02 1.59399E-01 1.81731E-01 3.83489E-01 4.98553E-01 6.78122E-02 1.63288E-02 1.26909E-03 2.26065E+00 
1.26909E-03 2.30753E-02 6.68177E-02 1.64172E-01 1.86875E-01 3.90675E-01 5.08699E-01 7.36139E-02 2.30753E-02 1.26909E-03 2.36076E+00 
1.26909E-03 2.98133E-02 7.23970E-02 1.68906E-01 1.91963E-01 3.97759E-01 5.18762E-01 7.94137E-02 2.98133E-02 1.26909E-03 2.45569E+00 
1.26909E-03 3.50089E-02 7.67025E-02 1.72531E-01 1.95851E-01 4.03154E-01 5.26471E-01 8.38887E-02 3.50089E-02 1.26909E-03 2.52522E+00 
1.26909E-03 3.65237E-02 7.79581E-02 1.73583E-01 1.96978E-01 4.04716E-01 5.28710E-01 8.51937E-02 3.65237E-02 1.26909E-03 2.54486E+00 
1.26909E-03 4.37057E-02 8.39132E-02 1.78544E-01 2.02281E-01 4.12046E-01 5.39274E-01 9.13824E-02 4.37057E-02 1.26909E-03 2.63394E+00 
1.26909E-03 5.08081E-02 8.98030E-02 1.83397E-01 2.07453E-01 4.19169E-01 5.49630E-01 9.75029E-02 5.08081E-02 1.26909E-03 2.71512E+00 
1.26909E-03 5.78057E-02 9.56041E-02 1.88119E-01 2.12470E-01 4.26054E-01 5.59742E-01 1.03531E-01 5.78057E-02 1.26909E-03 2.78788E+00 
1.26909E-03 6.46729E-02 1.01292E-01 1.92687E-01 2.17307E-01 4.32670E-01 5.69570E-01 1.09442E-01 6.46729E-02 1.26909E-03 2.85180E+00 
7.01853E-03 7.14088E-02 1.06880E-01 1.97125E-01 2.21985E-01 4.39004E-01 5.79052E-01 1.15246E-01 7.14088E-02 7.01853E-03 2.89185E+00 
1.53142E-02 7.79694E-02 1.12307E-01 2.01358E-01 2.26432E-01 4.45012E-01 5.88192E-01 1.20884E-01 7.79694E-02 1.53142E-02 2.92046E+00 
2.33968E-02 8.43205E-02 1.17538E-01 2.05349E-01 2.30611E-01 4.50654E-01 5.96949E-01 1.26322E-01 8.43205E-02 2.33968E-02 2.94052E+00 
3.12351E-02 9.04337E-02 1.22547E-01 2.09072E-01 2.34495E-01 4.55894E-01 6.05280E-01 1.31533E-01 9.04337E-02 3.12351E-02 2.95189E+00 
3.87994E-02 9.62821E-02 1.27307E-01 2.12505E-01 2.38059E-01 4.60701E-01 6.13141E-01 1.36490E-01 9.62821E-02 3.87994E-02 2.95453E+00 
4.60619E-02 1.01841E-01 1.31797E-01 2.15625E-01 2.41282E-01 4.65045E-01 6.20492E-01 1.41169E-01 1.01841E-01 4.60619E-02 2.94853E+00 
5.29971E-02 1.07086E-01 1.35993E-01 2.18412E-01 2.44143E-01 4.68897E-01 6.27295E-01 1.45548E-01 1.07086E-01 5.29971E-02 2.93405E+00 
5.95820E-02 1.11998E-01 1.39877E-01 2.20850E-01 2.46624E-01 4.72233E-01 6.33516E-01 1.49608E-01 1.11998E-01 5.95820E-02 2.91137E+00 
6.57963E-02 1.16558E-01 1.43432E-01 2.22923E-01 2.48710E-01 4.75033E-01 6.39124E-01 1.53330E-01 1.16558E-01 6.57963E-02 2.88085E+00 
7.16227E-02 1.20752E-01 1.46643E-01 2.24621E-01 2.50389E-01 4.77279E-01 6.44091E-01 1.56699E-01 1.20752E-01 7.16227E-02 2.84290E+00 
7.70471E-02 1.24566E-01 1.49499E-01 2.25933E-01 2.51653E-01 4.78956E-01 6.48394E-01 1.59704E-01 1.24566E-01 7.70471E-02 2.79804E+00 
8.20583E-02 1.27991E-01 1.51991E-01 2.26855E-01 2.52495E-01 4.80055E-01 6.52015E-01 1.62336E-01 1.27991E-01 8.20583E-02 2.74681E+00 
8.66486E-02 1.31022E-01 1.54113E-01 2.27382E-01 2.52913E-01 4.80570E-01 6.54937E-01 1.64587E-01 1.31022E-01 8.66486E-02 2.68980E+00 
1.07651E-03 1.60250E-02 3.10672E-02 1.33488E-01 1.59037E-01 3.70634E-01 4.87584E-01 3.82038E-02 1.60250E-02 1.07651E-03 1.77754E+00 
1.07651E-03 1.60250E-02 3.59427E-02 1.37392E-01 1.63258E-01 3.76848E-01 4.96946E-01 4.33030E-02 1.60250E-02 1.07651E-03 1.88306E+00 
1.07651E-03 2.54019E-03 4.08365E-02 1.41290E-01 1.67452E-01 3.82961E-01 5.06182E-01 4.84163E-02 2.54019E-03 1.07651E-03 1.97878E+00 
1.07651E-03 8.43226E-03 4.57474E-02 1.45180E-01 1.71615E-01 3.88967E-01 5.15289E-01 5.35425E-02 8.43226E-03 1.07651E-03 2.06294E+00 
1.07651E-03 1.43180E-02 5.06568E-02 1.49033E-01 1.75723E-01 3.94868E-01 5.24308E-01 5.86659E-02 1.43180E-02 1.07651E-03 2.14289E+00 
1.07651E-03 2.01808E-02 5.55499E-02 1.52833E-01 1.79761E-01 4.00641E-01 5.33208E-01 6.37710E-02 2.01808E-02 1.07651E-03 2.21812E+00 
1.07651E-03 2.60044E-02 6.04116E-02 1.56567E-01 1.83711E-01 4.06266E-01 5.41964E-01 6.88425E-02 2.60044E-02 1.07651E-03 2.28814E+00 
1.07651E-03 3.04727E-02 6.41420E-02 1.59401E-01 1.86699E-01 4.10502E-01 5.48620E-01 7.27332E-02 3.04727E-02 1.07651E-03 2.33848E+00 
1.07651E-03 3.17718E-02 6.52264E-02 1.60219E-01 1.87560E-01 4.11720E-01 5.50545E-01 7.38640E-02 3.17718E-02 1.07651E-03 2.35253E+00 
1.07651E-03 3.79077E-02 7.03470E-02 1.64049E-01 1.91576E-01 4.17383E-01 5.59570E-01 7.92038E-02 3.79077E-02 1.07651E-03 2.41520E+00 
1.07651E-03 4.39366E-02 7.53744E-02 1.67748E-01 1.95435E-01 4.22796E-01 5.68323E-01 8.44458E-02 4.39366E-02 1.07651E-03 2.47047E+00 
1.07651E-03 4.98371E-02 8.02883E-02 1.71297E-01 1.99118E-01 4.27931E-01 5.76770E-01 8.95691E-02 4.98371E-02 1.07651E-03 2.51799E+00 
1.07651E-03 5.55877E-02 8.50685E-02 1.74678E-01 2.02604E-01 4.32762E-01 5.84876E-01 9.45530E-02 5.55877E-02 1.07651E-03 2.55752E+00 
5.94164E-03 6.11896E-02 8.97270E-02 1.77918E-01 2.05919E-01 4.37287E-01 5.92588E-01 9.94064E-02 6.11896E-02 5.94164E-03 2.57628E+00 
1.29261E-02 6.66041E-02 9.42117E-02 1.80946E-01 2.08995E-01 4.41458E-01 5.99904E-01 1.04080E-01 6.66041E-02 1.29261E-02 2.58506E+00 
1.96891E-02 7.18030E-02 9.84934E-02 1.83731E-01 2.11798E-01 4.45240E-01 6.06790E-01 1.08545E-01 7.18030E-02 1.96891E-02 2.58648E+00 
2.62052E-02 7.67635E-02 1.02551E-01 1.86255E-01 2.14311E-01 4.48605E-01 6.13206E-01 1.12779E-01 7.67635E-02 2.62052E-02 2.58054E+00 
3.24509E-02 8.14646E-02 1.06365E-01 1.88499E-01 2.16514E-01 4.51527E-01 6.19116E-01 1.16761E-01 8.14646E-02 3.24509E-02 2.56731E+00 
3.84047E-02 8.58873E-02 1.09916E-01 1.90448E-01 2.18393E-01 4.53984E-01 6.24485E-01 1.20474E-01 8.58873E-02 3.84047E-02 2.54698E+00 
4.40474E-02 9.00145E-02 1.13191E-01 1.92089E-01 2.19933E-01 4.55956E-01 6.29284E-01 1.23900E-01 9.00145E-02 4.40474E-02 2.51981E+00 
4.93622E-02 9.38316E-02 1.16174E-01 1.93412E-01 2.21124E-01 4.57425E-01 6.33484E-01 1.27026E-01 9.38316E-02 4.93622E-02 2.48613E+00 
5.43351E-02 9.73265E-02 1.18854E-01 1.94407E-01 2.21957E-01 4.58380E-01 6.37062E-01 1.29839E-01 9.73265E-02 5.43351E-02 2.44633E+00 
5.89548E-02 1.00490E-01 1.21223E-01 1.95069E-01 2.22427E-01 4.58809E-01 6.39998E-01 1.32331E-01 1.00490E-01 5.89548E-02 2.40087E+00 
6.32126E-02 1.03314E-01 1.23274E-01 1.95394E-01 2.22532E-01 4.58706E-01 6.42276E-01 1.34493E-01 1.03314E-01 6.32126E-02 2.35024E+00 
6.71030E-02 1.05796E-01 1.25003E-01 1.95382E-01 2.22270E-01 4.58068E-01 6.43882E-01 1.36323E-01 1.05796E-01 6.71030E-02 2.29498E+00 
7.06229E-02 1.07933E-01 1.26410E-01 1.95034E-01 2.21645E-01 4.56895E-01 6.44811E-01 1.37819E-01 1.07933E-01 7.06229E-02 2.23564E+00 
9.09381E-04 1.39516E-02 2.44888E-02 1.26131E-01 1.56199E-01 3.85720E-01 5.18257E-01 3.31391E-02 1.39516E-02 9.09381E-04 1.72789E+00 
9.09381E-04 1.39516E-02 2.88323E-02 1.29245E-01 1.59476E-01 3.90677E-01 5.26527E-01 3.76947E-02 1.39516E-02 9.09381E-04 1.81131E+00 
9.09381E-04 2.22345E-03 3.31708E-02 1.32336E-01 1.62708E-01 3.95502E-01 5.34624E-01 4.22400E-02 2.22345E-03 9.09381E-04 1.88545E+00 
9.09381E-04 7.36375E-03 3.75032E-02 1.35402E-01 1.65891E-01 4.00191E-01 5.42544E-01 4.67738E-02 7.36375E-03 9.09381E-04 1.94882E+00 
9.09381E-04 1.24741E-02 4.18108E-02 1.38410E-01 1.68995E-01 4.04735E-01 5.50320E-01 5.12802E-02 1.24741E-02 9.09381E-04 2.00797E+00 
9.09381E-04 1.75396E-02 4.60800E-02 1.41346E-01 1.72006E-01 4.09116E-01 5.57924E-01 5.57451E-02 1.75396E-02 9.09381E-04 2.06248E+00 
9.09381E-04 2.25455E-02 5.02975E-02 1.44200E-01 1.74913E-01 4.13313E-01 5.65331E-01 6.01544E-02 2.25455E-02 9.09381E-04 2.11200E+00 
9.09381E-04 2.63686E-02 5.35163E-02 1.46343E-01 1.77081E-01 4.16422E-01 5.70908E-01 6.35188E-02 2.63686E-02 9.09381E-04 2.14668E+00 
9.09381E-04 2.74770E-02 5.44492E-02 1.46958E-01 1.77701E-01 4.17307E-01 5.72512E-01 6.44937E-02 2.74770E-02 9.09381E-04 2.15621E+00 
9.09381E-04 3.26937E-02 5.88360E-02 1.49810E-01 1.80558E-01 4.21365E-01 5.79972E-01 6.90775E-02 3.26937E-02 9.09381E-04 2.19762E+00 
9.09381E-04 3.77879E-02 6.31128E-02 1.52521E-01 1.83247E-01 4.25141E-01 5.87107E-01 7.35452E-02 3.77879E-02 9.09381E-04 2.23229E+00 
9.09381E-04 4.27413E-02 6.72625E-02 1.55075E-01 1.85751E-01 4.28615E-01 5.93884E-01 7.78788E-02 4.27413E-02 9.09381E-04 2.26001E+00 
9.09381E-04 4.75361E-02 7.12679E-02 1.57458E-01 1.88055E-01 4.31764E-01 6.00273E-01 8.20611E-02 4.75361E-02 9.09381E-04 2.28066E+00 
5.00963E-03 5.21749E-02 7.51406E-02 1.59699E-01 1.90189E-01 4.34597E-01 6.06232E-01 8.61005E-02 5.21749E-02 5.00963E-03 2.28340E+00 
1.08675E-02 5.66244E-02 7.88363E-02 1.61733E-01 1.92087E-01 4.37062E-01 6.11753E-01 8.99553E-02 5.66244E-02 1.08675E-02 2.27759E+00 
1.65053E-02 6.08614E-02 8.23309E-02 1.63533E-01 1.93722E-01 4.39127E-01 6.16804E-01 9.36012E-02 6.08614E-02 1.65053E-02 2.26555E+00 
2.19029E-02 6.48680E-02 8.56076E-02 1.65086E-01 1.95080E-01 4.40771E-01 6.21351E-01 9.70209E-02 6.48680E-02 2.19029E-02 2.24738E+00 
2.70418E-02 6.86281E-02 8.86516E-02 1.66379E-01 1.96149E-01 4.41974E-01 6.25364E-01 1.00199E-01 6.86281E-02 2.70418E-02 2.22324E+00 
3.19058E-02 7.21275E-02 9.14495E-02 1.67403E-01 1.96919E-01 4.42722E-01 6.28815E-01 1.03121E-01 7.21275E-02 3.19058E-02 2.19337E+00 
3.64807E-02 7.53542E-02 9.39901E-02 1.68149E-01 1.97383E-01 4.43000E-01 6.31679E-01 1.05775E-01 7.53542E-02 3.64807E-02 2.15808E+00 
4.07549E-02 7.82983E-02 9.62642E-02 1.68611E-01 1.97534E-01 4.42799E-01 6.33936E-01 1.08152E-01 7.82983E-02 4.07549E-02 2.11773E+00 
4.47192E-02 8.09523E-02 9.82648E-02 1.68785E-01 1.97370E-01 4.42111E-01 6.35568E-01 1.10245E-01 8.09523E-02 4.47192E-02 2.07273E+00 
4.83667E-02 8.33109E-02 9.99873E-02 1.68670E-01 1.96891E-01 4.40934E-01 6.36562E-01 1.12048E-01 8.33109E-02 4.83667E-02 2.02352E+00 
5.16933E-02 8.53713E-02 1.01429E-01 1.68267E-01 1.96097E-01 4.39265E-01 6.36908E-01 1.13558E-01 8.53713E-02 5.16933E-02 1.97059E+00 
5.46971E-02 8.71330E-02 1.02590E-01 1.67578E-01 1.94993E-01 4.37108E-01 6.36600E-01 1.14774E-01 8.71330E-02 5.46971E-02 1.91441E+00 
5.73789E-02 8.85977E-02 1.03472E-01 1.66609E-01 1.93586E-01 4.34469E-01 6.35637E-01 1.15700E-01 8.85977E-02 5.73789E-02 1.85551E+00 
7.65813E-04 1.20876E-02 1.92744E-02 1.18275E-01 1.52228E-01 3.98893E-01 5.48975E-01 2.94593E-02 1.20876E-02 7.65813E-04 1.65265E+00 
7.65813E-04 1.20876E-02 2.31229E-02 1.20682E-01 1.54621E-01 4.02592E-01 5.56074E-01 3.35013E-02 1.20876E-02 7.65813E-04 1.71740E+00 
7.65813E-04 1.93597E-03 2.69502E-02 1.23056E-01 1.56959E-01 4.06140E-01 5.62960E-01 3.75156E-02 1.93597E-03 7.65813E-04 1.77354E+00 
7.65813E-04 6.39800E-03 3.07551E-02 1.25395E-01 1.59239E-01 4.09532E-01 5.69627E-01 4.15012E-02 6.39800E-03 7.65813E-04 1.81984E+00 
7.65813E-04 1.08145E-02 3.45196E-02 1.27664E-01 1.61426E-01 4.12749E-01 5.76102E-01 4.54422E-02 1.08145E-02 7.65813E-04 1.86205E+00 
7.65813E-04 1.51720E-02 3.82312E-02 1.29852E-01 1.63511E-01 4.15775E-01 5.82358E-01 4.93260E-02 1.51720E-02 7.65813E-04 1.89987E+00 
7.65813E-04 1.94576E-02 4.18780E-02 1.31949E-01 1.65480E-01 4.18593E-01 5.88370E-01 5.31398E-02 1.94576E-02 7.65813E-04 1.93303E+00 
7.65813E-04 2.27160E-02 4.46475E-02 1.33502E-01 1.66919E-01 4.20620E-01 5.92839E-01 5.60346E-02 2.27160E-02 7.65813E-04 1.95535E+00 
7.65813E-04 2.36582E-02 4.54477E-02 1.33944E-01 1.67325E-01 4.21186E-01 5.94113E-01 5.68709E-02 2.36582E-02 7.65813E-04 1.96131E+00 
7.65813E-04 2.80774E-02 4.91963E-02 1.35969E-01 1.69162E-01 4.23712E-01 5.99975E-01 6.07867E-02 2.80774E-02 7.65813E-04 1.98613E+00 
7.65813E-04 3.23668E-02 5.28263E-02 1.37852E-01 1.70828E-01 4.25938E-01 6.05466E-01 6.45761E-02 3.23668E-02 7.65813E-04 2.00490E+00 
7.65813E-04 3.65112E-02 5.63230E-02 1.39579E-01 1.72312E-01 4.27847E-01 6.10557E-01 6.82241E-02 3.65112E-02 7.65813E-04 2.01755E+00 
7.65813E-04 4.04958E-02 5.96726E-02 1.41140E-01 1.73603E-01 4.29422E-01 6.15221E-01 7.17160E-02 4.04958E-02 7.65813E-04 2.02403E+00 
4.21092E-03 4.43243E-02 6.28854E-02 1.42567E-01 1.74734E-01 4.30683E-01 6.19430E-01 7.50601E-02 4.43243E-02 4.21092E-03 2.01517E+00 
9.10949E-03 4.79683E-02 6.59242E-02 1.43796E-01 1.75641E-01 4.31570E-01 6.23166E-01 7.82211E-02 4.79683E-02 9.10949E-03 1.99905E+00 
1.37961E-02 5.14087E-02 6.87696E-02 1.44809E-01 1.76303E-01 4.32058E-01 6.26400E-01 8.11792E-02 5.14087E-02 1.37961E-02 1.97774E+00 
1.82548E-02 5.46320E-02 7.14085E-02 1.45594E-01 1.76710E-01 4.32129E-01 6.29104E-01 8.39209E-02 5.46320E-02 1.82548E-02 1.95138E+00 
2.24716E-02 5.76259E-02 7.38297E-02 1.46143E-01 1.76855E-01 4.31771E-01 6.31253E-01 8.64343E-02 5.76259E-02 2.24716E-02 1.92019E+00 
2.64342E-02 6.03803E-02 7.60237E-02 1.46452E-01 1.76732E-01 4.30974E-01 6.32825E-01 8.87094E-02 6.03803E-02 2.64342E-02 1.88446E+00 
3.01328E-02 6.28870E-02 7.79828E-02 1.46515E-01 1.76339E-01 4.29731E-01 6.33801E-01 9.07380E-02 6.28870E-02 3.01328E-02 1.84451E+00 
3.35597E-02 6.51399E-02 7.97015E-02 1.46331E-01 1.75674E-01 4.28036E-01 6.34167E-01 9.25142E-02 6.51399E-02 3.35597E-02 1.80070E+00 
3.67092E-02 6.71349E-02 8.11762E-02 1.45899E-01 1.74738E-01 4.25890E-01 6.33911E-01 9.40339E-02 6.71349E-02 3.67092E-02 1.75345E+00 
3.95782E-02 6.88701E-02 8.24050E-02 1.45220E-01 1.73535E-01 4.23293E-01 6.33026E-01 9.52953E-02 6.88701E-02 3.95782E-02 1.70317E+00 
4.21656E-02 7.03457E-02 8.33885E-02 1.44300E-01 1.72069E-01 4.20250E-01 6.31509E-01 9.62983E-02 7.03457E-02 4.21656E-02 1.65031E+00 
4.44724E-02 7.15637E-02 8.41289E-02 1.43142E-01 1.70347E-01 4.16768E-01 6.29359E-01 9.70452E-02 7.15637E-02 4.44724E-02 1.59532E+00 
4.65019E-02 7.25282E-02 8.46303E-02 1.41755E-01 1.68379E-01 4.12857E-01 6.26581E-01 9.75399E-02 7.25282E-02 4.65019E-02 1.53865E+00 
6.43536E-04 1.04392E-02 1.52194E-02 1.10032E-01 1.46990E-01 4.09838E-01 5.79219E-01 2.69257E-02 1.04392E-02 6.43536E-04 1.55896E+00 
6.43536E-04 1.04392E-02 1.86173E-02 1.11824E-01 1.48580E-01 4.12304E-01 5.85069E-01 3.04913E-02 1.04392E-02 6.43536E-04 1.60848E+00 
6.43536E-04 1.67979E-03 2.19827E-02 1.13579E-01 1.50113E-01 4.14606E-01 5.90674E-01 3.40171E-02 1.67979E-03 6.43536E-04 1.65011E+00 
6.43536E-04 5.54029E-03 2.53147E-02 1.15294E-01 1.51585E-01 4.16738E-01 5.96024E-01 3.75021E-02 5.54029E-03 6.43536E-04 1.68283E+00 
6.43536E-04 9.34543E-03 2.85959E-02 1.16933E-01 1.52960E-01 4.18675E-01 6.01139E-01 4.09309E-02 9.34543E-03 6.43536E-04 1.71168E+00 
6.43536E-04 1.30833E-02 3.18153E-02 1.18488E-01 1.54228E-01 4.20401E-01 6.05993E-01 4.42921E-02 1.30833E-02 6.43536E-04 1.73645E+00 
6.43536E-04 1.67423E-02 3.49621E-02 1.19949E-01 1.55380E-01 4.21902E-01 6.10562E-01 4.75742E-02 1.67423E-02 6.43536E-04 1.75693E+00 
6.43536E-04 1.95122E-02 3.73403E-02 1.21011E-01 1.56186E-01 4.22900E-01 6.13888E-01 5.00525E-02 1.95122E-02 6.43536E-04 1.76975E+00 
6.43536E-04 2.03112E-02 3.80256E-02 1.21309E-01 1.56407E-01 4.23164E-01 6.14824E-01 5.07662E-02 2.03112E-02 6.43536E-04 1.77298E+00 
6.43536E-04 2.40455E-02 4.12233E-02 1.22651E-01 1.57366E-01 4.24242E-01 6.19048E-01 5.40941E-02 2.40455E-02 6.43536E-04 1.78520E+00 
6.43536E-04 2.76486E-02 4.42991E-02 1.23854E-01 1.58162E-01 4.25011E-01 6.22863E-01 5.72911E-02 2.76486E-02 6.43536E-04 1.79206E+00 
6.43536E-04 3.11078E-02 4.72410E-02 1.24910E-01 1.58786E-01 4.25457E-01 6.26243E-01 6.03444E-02 3.11078E-02 6.43536E-04 1.79355E+00 
6.43536E-04 3.44111E-02 5.00374E-02 1.25810E-01 1.59229E-01 4.25568E-01 6.29165E-01 6.32421E-02 3.44111E-02 6.43536E-04 1.78970E+00 
3.53211E-03 3.75625E-02 5.26979E-02 1.26585E-01 1.59530E-01 4.25376E-01 6.31615E-01 6.59920E-02 3.75625E-02 3.53211E-03 1.77276E+00 
7.62011E-03 4.05382E-02 5.51914E-02 1.27180E-01 1.59625E-01 4.24813E-01 6.33565E-01 6.85644E-02 4.05382E-02 7.62011E-03 1.74970E+00 
1.15082E-02 4.33230E-02 5.75023E-02 1.27577E-01 1.59498E-01 4.23857E-01 6.34989E-01 7.09433E-02 4.33230E-02 1.15082E-02 1.72233E+00 
1.51839E-02 4.59064E-02 5.96207E-02 1.27769E-01 1.59142E-01 4.22497E-01 6.35862E-01 7.31184E-02 4.59064E-02 1.51839E-02 1.69085E+00 
1.86367E-02 4.82796E-02 6.15384E-02 1.27752E-01 1.58556E-01 4.20726E-01 6.36166E-01 7.50809E-02 4.82796E-02 1.86367E-02 1.65551E+00 
2.18579E-02 5.04357E-02 6.32489E-02 1.27523E-01 1.57736E-01 4.18538E-01 6.35884E-01 7.68241E-02 5.04357E-02 2.18579E-02 1.61661E+00 
2.48409E-02 5.23695E-02 6.47475E-02 1.27082E-01 1.56683E-01 4.15932E-01 6.35004E-01 7.83427E-02 5.23695E-02 2.48409E-02 1.57448E+00 
2.75809E-02 5.40778E-02 6.60313E-02 1.26429E-01 1.55400E-01 4.12908E-01 6.33517E-01 7.96336E-02 5.40778E-02 2.75809E-02 1.52948E+00 
3.00754E-02 5.55592E-02 6.70992E-02 1.25566E-01 1.53890E-01 4.09470E-01 6.31417E-01 8.06954E-02 5.55592E-02 3.00754E-02 1.48201E+00 
3.23236E-02 5.68142E-02 6.79518E-02 1.24497E-01 1.52160E-01 4.05624E-01 6.28704E-01 8.15286E-02 5.68142E-02 3.23236E-02 1.43246E+00 
3.43269E-02 5.78451E-02 6.85916E-02 1.23228E-01 1.50216E-01 4.01378E-01 6.25380E-01 8.21356E-02 5.78451E-02 3.43269E-02 1.38123E+00 
3.60883E-02 5.86559E-02 6.90226E-02 1.21767E-01 1.48068E-01 3.96745E-01 6.21449E-01 8.25204E-02 5.86559E-02 3.60883E-02 1.32874E+00 
3.76126E-02 5.92520E-02 6.92504E-02 1.20121E-01 1.45726E-01 3.91737E-01 6.16922E-01 8.26886E-02 5.92520E-02 3.76126E-02 1.27538E+00 
5.40097E-04 9.00140E-03 1.21323E-02 1.01535E-01 1.40447E-01 4.18369E-01 6.08451E-01 2.53118E-02 9.00140E-03 5.40097E-04 1.45453E+00 
5.40097E-04 9.00140E-03 1.51266E-02 1.02808E-01 1.41333E-01 4.19643E-01 6.12980E-01 2.84416E-02 9.00140E-03 5.40097E-04 1.49196E+00 
5.40097E-04 1.45503E-03 1.80808E-02 1.04043E-01 1.42164E-01 4.20746E-01 6.17234E-01 3.15230E-02 1.45503E-03 5.40097E-04 1.52221E+00 
5.40097E-04 4.78967E-03 2.09939E-02 1.05237E-01 1.42938E-01 4.21672E-01 6.21205E-01 3.45550E-02 4.78967E-03 5.40097E-04 1.54442E+00 
5.40097E-04 8.06305E-03 2.38496E-02 1.06354E-01 1.43614E-01 4.22387E-01 6.24901E-01 3.75231E-02 8.06305E-03 5.40097E-04 1.56301E+00 
5.40097E-04 1.12646E-02 2.66382E-02 1.07387E-01 1.44185E-01 4.22878E-01 6.28298E-01 4.04168E-02 1.12646E-02 5.40097E-04 1.57782E+00 
5.40097E-04 1.43842E-02 2.93499E-02 1.08328E-01 1.44645E-01 4.23134E-01 6.31375E-01 4.32262E-02 1.43842E-02 5.40097E-04 1.58871E+00 
5.40097E-04 1.67355E-02 3.13895E-02 1.08989E-01 1.44919E-01 4.23162E-01 6.33523E-01 4.53357E-02 1.67355E-02 5.40097E-04 1.59439E+00 
5.40097E-04 1.74120E-02 3.19755E-02 1.09170E-01 1.44985E-01 4.23142E-01 6.34111E-01 4.59412E-02 1.74120E-02 5.40097E-04 1.59560E+00 
5.40097E-04 2.05629E-02 3.46996E-02 1.09960E-01 1.45214E-01 4.22862E-01 6.36657E-01 4.87523E-02 2.05629E-02 5.40097E-04 1.59846E+00 
5.40097E-04 2.35848E-02 3.73023E-02 1.10621E-01 1.45291E-01 4.22272E-01 6.38760E-01 5.14314E-02 2.35848E-02 5.40097E-04 1.59658E+00 
5.40097E-04 2.64672E-02 3.97734E-02 1.11144E-01 1.45210E-01 4.21359E-01 6.40400E-01 5.39683E-02 2.64672E-02 5.40097E-04 1.58999E+00 
5.40097E-04 2.92004E-02 4.21037E-02 1.11524E-01 1.44968E-01 4.20117E-01 6.41559E-01 5.63531E-02 2.92004E-02 5.40097E-04 1.57880E+00 
2.95896E-03 3.17888E-02 4.43020E-02 1.11793E-01 1.44602E-01 4.18588E-01 6.42238E-01 5.85934E-02 3.17888E-02 2.95896E-03 1.55645E+00 
6.36609E-03 3.42125E-02 4.63425E-02 1.11899E-01 1.44054E-01 4.16699E-01 6.42397E-01 6.06642E-02 3.42125E-02 6.36609E-03 1.52894E+00 
9.58728E-03 3.64594E-02 4.82127E-02 1.11827E-01 1.43309E-01 4.14429E-01 6.42010E-01 6.25529E-02 3.64594E-02 9.58728E-03 1.49788E+00 
1.26131E-02 3.85220E-02 4.99056E-02 1.11574E-01 1.42365E-01 4.11773E-01 6.41060E-01 6.42518E-02 3.85220E-02 1.26131E-02 1.46350E+00 
1.54358E-02 4.03940E-02 5.14153E-02 1.11140E-01 1.41221E-01 4.08728E-01 6.39533E-01 6.57547E-02 4.03940E-02 1.54358E-02 1.42606E+00 
1.80495E-02 4.20711E-02 5.27378E-02 1.10522E-01 1.39880E-01 4.05293E-01 6.37419E-01 6.70574E-02 4.20711E-02 1.80495E-02 1.38587E+00 
2.04502E-02 4.35505E-02 5.38706E-02 1.09723E-01 1.38344E-01 4.01473E-01 6.34711E-01 6.81572E-02 4.35505E-02 2.04502E-02 1.34327E+00 
2.26355E-02 4.48313E-02 5.48131E-02 1.08745E-01 1.36618E-01 3.97271E-01 6.31407E-01 6.90531E-02 4.48313E-02 2.26355E-02 1.29860E+00 
2.46051E-02 4.59140E-02 5.55660E-02 1.07593E-01 1.34707E-01 3.92695E-01 6.27506E-01 6.97458E-02 4.59140E-02 2.46051E-02 1.25223E+00 
2.63601E-02 4.68010E-02 5.61316E-02 1.06272E-01 1.32620E-01 3.87756E-01 6.23013E-01 7.02378E-02 4.68010E-02 2.63601E-02 1.20453E+00 
2.79036E-02 4.74960E-02 5.65138E-02 1.04789E-01 1.30365E-01 3.82467E-01 6.17936E-01 7.05329E-02 4.74960E-02 2.79036E-02 1.15588E+00 
2.92399E-02 4.80042E-02 5.67179E-02 1.03152E-01 1.27952E-01 3.76840E-01 6.12286E-01 7.06365E-02 4.80042E-02 2.92399E-02 1.10664E+00 
3.03748E-02 4.83320E-02 5.67502E-02 1.01371E-01 1.25393E-01 3.70894E-01 6.06078E-01 7.05552E-02 4.83320E-02 3.03748E-02 1.05714E+00 
4.52953E-04 7.75902E-03 9.83494E-03 9.29262E-02 1.32663E-01 4.24425E-01 6.36151E-01 2.44072E-02 7.75902E-03 4.52953E-04 1.34656E+00 
4.52953E-04 7.75902E-03 1.24718E-02 9.37734E-02 1.32954E-01 4.24557E-01 6.39286E-01 2.71413E-02 7.75902E-03 4.52953E-04 1.37457E+00 
4.52953E-04 1.26000E-03 1.50630E-02 9.45837E-02 1.33197E-01 4.24518E-01 6.42124E-01 2.98208E-02 1.26000E-03 4.52953E-04 1.39605E+00 
4.52953E-04 4.13952E-03 1.76078E-02 9.53545E-02 1.33388E-01 4.24299E-01 6.44655E-01 3.24447E-02 4.13952E-03 4.52953E-04 1.41027E+00 
4.52953E-04 6.95439E-03 2.00910E-02 9.60495E-02 1.33485E-01 4.23857E-01 6.46875E-01 3.49994E-02 6.95439E-03 4.52953E-04 1.42109E+00 
4.52953E-04 9.69527E-03 2.25039E-02 9.66628E-02 1.33482E-01 4.23184E-01 6.48762E-01 3.74755E-02 9.69527E-03 4.52953E-04 1.42841E+00 
4.52953E-04 1.23534E-02 2.48381E-02 9.71884E-02 1.33376E-01 4.22269E-01 6.50299E-01 3.98641E-02 1.23534E-02 4.52953E-04 1.43213E+00 
4.52953E-04 1.43480E-02 2.65850E-02 9.75315E-02 1.33218E-01 4.21389E-01 6.51235E-01 4.16470E-02 1.43480E-02 4.52953E-04 1.43251E+00 
4.52953E-04 1.49203E-02 2.70854E-02 9.76210E-02 1.33160E-01 4.21103E-01 6.51466E-01 4.21569E-02 1.49203E-02 4.52953E-04 1.43221E+00 
4.52953E-04 1.75766E-02 2.94025E-02 9.79774E-02 1.32801E-01 4.19558E-01 6.52292E-01 4.45123E-02 1.75766E-02 4.52953E-04 1.42820E+00 
4.52953E-04 2.01082E-02 3.16006E-02 9.82141E-02 1.32306E-01 4.17705E-01 6.52650E-01 4.67374E-02 2.01082E-02 4.52953E-04 1.41997E+00 
4.52953E-04 2.25065E-02 3.36718E-02 9.83261E-02 1.31672E-01 4.15537E-01 6.52524E-01 4.88237E-02 2.25065E-02 4.52953E-04 1.40763E+00 
4.52953E-04 2.47639E-02 3.56084E-02 9.83090E-02 1.30896E-01 4.13050E-01 6.51899E-01 5.07635E-02 2.47639E-02 4.52953E-04 1.39129E+00 
2.47692E-03 2.68851E-02 3.74186E-02 9.81941E-02 1.30018E-01 4.10298E-01 6.50796E-01 5.25643E-02 2.68851E-02 2.47692E-03 1.36545E+00 
5.31410E-03 2.88536E-02 3.90814E-02 9.79342E-02 1.28981E-01 4.07201E-01 6.49160E-01 5.42052E-02 2.88536E-02 5.31410E-03 1.33526E+00 
7.98005E-03 3.06601E-02 4.05871E-02 9.75182E-02 1.27775E-01 4.03740E-01 6.46966E-01 5.56761E-02 3.06601E-02 7.98005E-03 1.30216E+00 
1.04678E-02 3.22992E-02 4.19306E-02 9.69448E-02 1.26399E-01 3.99915E-01 6.44203E-01 5.69718E-02 3.22992E-02 1.04678E-02 1.26640E+00 
1.27720E-02 3.37670E-02 4.31082E-02 9.62144E-02 1.24856E-01 3.95728E-01 6.40864E-01 5.80882E-02 3.37670E-02 1.27720E-02 1.22824E+00 
1.48891E-02 3.50612E-02 4.41179E-02 9.53286E-02 1.23150E-01 3.91182E-01 6.36944E-01 5.90232E-02 3.50612E-02 1.48891E-02 1.18802E+00 
1.68169E-02 3.61809E-02 4.49591E-02 9.42903E-02 1.21285E-01 3.86286E-01 6.32441E-01 5.97761E-02 3.61809E-02 1.68169E-02 1.14604E+00 
1.85552E-02 3.71268E-02 4.56326E-02 9.31038E-02 1.19267E-01 3.81047E-01 6.27360E-01 6.03478E-02 3.71268E-02 1.85552E-02 1.10265E+00 
2.01050E-02 3.79012E-02 4.61407E-02 9.17748E-02 1.17105E-01 3.75477E-01 6.21706E-01 6.07406E-02 3.79012E-02 2.01050E-02 1.05819E+00 
2.14692E-02 3.85074E-02 4.64870E-02 9.03097E-02 1.14806E-01 3.69591E-01 6.15489E-01 6.09582E-02 3.85074E-02 2.14692E-02 1.01301E+00 
2.26516E-02 3.89504E-02 4.66763E-02 8.87163E-02 1.12380E-01 3.63403E-01 6.08723E-01 6.10057E-02 3.89504E-02 2.26516E-02 9.67439E-01 
2.36577E-02 3.92360E-02 4.67146E-02 8.70032E-02 1.09838E-01 3.56931E-01 6.01424E-01 6.08894E-02 3.92360E-02 2.36577E-02 9.21791E-01 
2.44938E-02 3.93712E-02 4.66088E-02 8.51798E-02 1.07191E-01 3.50193E-01 5.93611E-01 6.06165E-02 3.93712E-02 2.44938E-02 8.76366E-01 
3.80017E-04 6.69608E-03 8.17533E-03 8.43924E-02 1.23847E-01 4.28016E-01 6.61689E-01 2.40244E-02 6.69608E-03 3.80017E-04 1.24160E+00 
3.80017E-04 6.69608E-03 1.04985E-02 8.49024E-02 1.23659E-01 4.27070E-01 6.63372E-01 2.64015E-02 6.69608E-03 3.80017E-04 1.26234E+00 
3.80017E-04 1.09263E-03 1.27719E-02 8.53774E-02 1.23429E-01 4.25953E-01 6.64739E-01 2.87195E-02 1.09263E-03 3.80017E-04 1.27708E+00 
3.80017E-04 3.58228E-03 1.49949E-02 8.58147E-02 1.23156E-01 4.24657E-01 6.65780E-01 3.09776E-02 3.58228E-03 3.80017E-04 1.28523E+00 
3.80017E-04 6.00546E-03 1.71537E-02 8.61790E-02 1.22794E-01 4.23133E-01 6.66479E-01 3.31627E-02 6.00546E-03 3.80017E-04 1.29018E+00 
3.80017E-04 8.35401E-03 1.92406E-02 8.64656E-02 1.22342E-01 4.21372E-01 6.66817E-01 3.52667E-02 8.35401E-03 3.80017E-04 1.29185E+00 
3.80017E-04 1.06204E-02 2.12483E-02 8.66700E-02 1.21794E-01 4.19367E-01 6.66778E-01 3.72819E-02 1.06204E-02 3.80017E-04 1.29020E+00 
3.80017E-04 1.23131E-02 2.27430E-02 8.67690E-02 1.21304E-01 4.17645E-01 6.66479E-01 3.87756E-02 1.23131E-02 3.80017E-04 1.28664E+00 
3.80017E-04 1.27974E-02 2.31698E-02 8.67879E-02 1.21150E-01 4.17113E-01 6.66347E-01 3.92011E-02 1.27974E-02 3.80017E-04 1.28522E+00 
3.80017E-04 1.50370E-02 2.51378E-02 8.68139E-02 1.20342E-01 4.14398E-01 6.65427E-01 4.11551E-02 1.50370E-02 3.80017E-04 1.27615E+00 
3.80017E-04 1.71573E-02 2.69908E-02 8.67312E-02 1.19416E-01 4.11384E-01 6.64022E-01 4.29820E-02 1.71573E-02 3.80017E-04 1.26332E+00 
3.80017E-04 1.91516E-02 2.87223E-02 8.65363E-02 1.18369E-01 4.08067E-01 6.62119E-01 4.46751E-02 1.91516E-02 3.80017E-04 1.24686E+00 
3.80017E-04 2.10140E-02 3.03266E-02 8.62267E-02 1.17201E-01 4.04445E-01 6.59707E-01 4.62283E-02 2.10140E-02 3.80017E-04 1.22694E+00 
2.07410E-03 2.27494E-02 3.18113E-02 8.58328E-02 1.15953E-01 4.00585E-01 6.56829E-01 4.76498E-02 2.27494E-02 2.07410E-03 1.19892E+00 
4.43711E-03 2.43444E-02 3.31593E-02 8.53116E-02 1.14570E-01 3.96398E-01 6.53411E-01 4.89216E-02 2.43444E-02 4.43711E-03 1.16725E+00 
6.64350E-03 2.57920E-02 3.43633E-02 8.46545E-02 1.13044E-01 3.91870E-01 6.49432E-01 5.00359E-02 2.57920E-02 6.64350E-03 1.13321E+00 
8.68839E-03 2.70887E-02 3.54199E-02 8.38620E-02 1.11377E-01 3.87002E-01 6.44887E-01 5.09895E-02 2.70887E-02 8.68839E-03 1.09706E+00 
1.05684E-02 2.82323E-02 3.63273E-02 8.29361E-02 1.09574E-01 3.81803E-01 6.39773E-01 5.17803E-02 2.82323E-02 1.05684E-02 1.05909E+00 
1.22817E-02 2.92222E-02 3.70850E-02 8.18798E-02 1.07638E-01 3.76279E-01 6.34092E-01 5.24079E-02 2.92222E-02 1.22817E-02 1.01960E+00 
1.38278E-02 3.00591E-02 3.76937E-02 8.06973E-02 1.05578E-01 3.70442E-01 6.27850E-01 5.28731E-02 3.00591E-02 1.38278E-02 9.78924E-01 
1.52078E-02 3.07448E-02 3.81557E-02 7.93940E-02 1.03399E-01 3.64304E-01 6.21054E-01 5.31782E-02 3.07448E-02 1.52078E-02 9.37372E-01 
1.64242E-02 3.12828E-02 3.84742E-02 7.79761E-02 1.01110E-01 3.57880E-01 6.13718E-01 5.33269E-02 3.12828E-02 1.64242E-02 8.95268E-01 
1.74805E-02 3.16773E-02 3.86537E-02 7.64508E-02 9.87209E-02 3.51186E-01 6.05857E-01 5.33239E-02 3.16773E-02 1.74805E-02 8.52922E-01 
1.83816E-02 3.19338E-02 3.86997E-02 7.48261E-02 9.62406E-02 3.44241E-01 5.97488E-01 5.31750E-02 3.19338E-02 1.83816E-02 8.10630E-01 
1.91333E-02 3.20587E-02 3.86184E-02 7.31107E-02 9.36797E-02 3.37064E-01 5.88634E-01 5.28871E-02 3.20587E-02 1.91333E-02 7.68669E-01 
1.97423E-02 3.20590E-02 3.84172E-02 7.13137E-02 9.10490E-02 3.29675E-01 5.79318E-01 5.24677E-02 3.20590E-02 1.97423E-02 7.27293E-01 
3.18212E-04 5.77614E-03 6.99593E-03 7.59647E-02 1.14123E-01 4.29261E-01 6.84903E-01 2.39963E-02 5.77614E-03 3.18212E-04 1.14274E+00 
3.18212E-04 5.77614E-03 9.03993E-03 7.62120E-02 1.13563E-01 4.27284E-01 6.85061E-01 2.60467E-02 5.77614E-03 3.18212E-04 1.15767E+00 
3.18212E-04 9.47428E-04 1.10310E-02 7.64262E-02 1.12970E-01 4.25142E-01 6.84890E-01 2.80347E-02 9.47428E-04 3.18212E-04 1.16705E+00 
3.18212E-04 3.09932E-03 1.29689E-02 7.66049E-02 1.12340E-01 4.22825E-01 6.84382E-01 2.99596E-02 3.09932E-03 3.18212E-04 1.17042E+00 
3.18212E-04 5.18392E-03 1.48409E-02 7.67144E-02 1.11630E-01 4.20276E-01 6.83504E-01 3.18090E-02 5.18392E-03 3.18212E-04 1.17074E+00 
3.18212E-04 7.19421E-03 1.66404E-02 7.67509E-02 1.10838E-01 4.17490E-01 6.82241E-01 3.35760E-02 7.19421E-03 3.18212E-04 1.16798E+00 
3.18212E-04 9.12385E-03 1.83612E-02 7.67110E-02 1.09963E-01 4.14462E-01 6.80582E-01 3.52541E-02 9.12385E-03 3.18212E-04 1.16213E+00 
3.18212E-04 1.05577E-02 1.96349E-02 7.66259E-02 1.09227E-01 4.11952E-01 6.79017E-01 3.64876E-02 1.05577E-02 3.18212E-04 1.15551E+00 
3.18212E-04 1.09668E-02 1.99974E-02 7.65918E-02 1.09002E-01 4.11190E-01 6.78513E-01 3.68372E-02 1.09668E-02 3.18212E-04 1.15323E+00 
3.18212E-04 1.28507E-02 2.16610E-02 7.63715E-02 1.07869E-01 4.07386E-01 6.75813E-01 3.84316E-02 1.28507E-02 3.18212E-04 1.14028E+00 
3.18212E-04 1.46216E-02 2.32145E-02 7.60535E-02 1.06635E-01 4.03294E-01 6.72617E-01 3.99034E-02 1.46216E-02 3.18212E-04 1.12398E+00 
3.18212E-04 1.62743E-02 2.46528E-02 7.56359E-02 1.05299E-01 3.98916E-01 6.68916E-01 4.12473E-02 1.62743E-02 3.18212E-04 1.10449E+00 
3.18212E-04 1.78044E-02 2.59719E-02 7.51176E-02 1.03862E-01 3.94254E-01 6.64707E-01 4.24592E-02 1.78044E-02 3.18212E-04 1.08201E+00 
1.73330E-03 1.92173E-02 2.71790E-02 7.45278E-02 1.02365E-01 3.89382E-01 6.60051E-01 4.35477E-02 1.92173E-02 1.73330E-03 1.05265E+00 
3.69690E-03 2.05021E-02 2.82604E-02 7.38277E-02 1.00757E-01 3.84207E-01 6.54858E-01 4.44972E-02 2.05021E-02 3.69690E-03 1.02026E+00 
5.51822E-03 2.16537E-02 2.92107E-02 7.30108E-02 9.90311E-02 3.78716E-01 6.49109E-01 4.53021E-02 2.16537E-02 5.51822E-03 9.85972E-01 
7.19411E-03 2.26702E-02 3.00281E-02 7.20792E-02 9.71913E-02 3.72916E-01 6.42805E-01 4.59608E-02 2.26702E-02 7.19411E-03 9.50068E-01 
8.72282E-03 2.35510E-02 3.07123E-02 7.10358E-02 9.52430E-02 3.66817E-01 6.35950E-01 4.64730E-02 2.35510E-02 8.72282E-03 9.12837E-01 
1.01039E-02 2.42968E-02 3.12639E-02 6.98849E-02 9.31922E-02 3.60430E-01 6.28551E-01 4.68394E-02 2.42968E-02 1.01039E-02 8.74583E-01 
1.13384E-02 2.49093E-02 3.16850E-02 6.86314E-02 9.10462E-02 3.53771E-01 6.20619E-01 4.70625E-02 2.49093E-02 1.13384E-02 8.35611E-01 
1.24283E-02 2.53915E-02 3.19787E-02 6.72813E-02 8.88126E-02 3.46855E-01 6.12170E-01 4.71455E-02 2.53915E-02 1.24283E-02 7.96225E-01 
1.33769E-02 2.57474E-02 3.21489E-02 6.58413E-02 8.65000E-02 3.39699E-01 6.03221E-01 4.70931E-02 2.57474E-02 1.33769E-02 7.56717E-01 
1.41885E-02 2.59820E-02 3.22008E-02 6.43189E-02 8.41176E-02 3.32323E-01 5.93792E-01 4.69106E-02 2.59820E-02 1.41885E-02 7.17365E-01 
1.48685E-02 2.61011E-02 3.21401E-02 6.27219E-02 8.16749E-02 3.24746E-01 5.83907E-01 4.66044E-02 2.61011E-02 1.48685E-02 6.78430E-01 
1.54227E-02 2.61111E-02 3.19734E-02 6.10587E-02 7.91818E-02 3.16989E-01 5.73592E-01 4.61817E-02 2.61111E-02 1.54227E-02 6.40147E-01 
1.58580E-02 2.60190E-02 3.17077E-02 5.93381E-02 7.66482E-02 3.09075E-01 5.62875E-01 4.56501E-02 2.60190E-02 1.58580E-02 6.02727E-01 
2.66246E-04 4.98484E-03 6.19324E-03 6.78411E-02 1.03857E-01 4.28230E-01 7.05135E-01 2.41884E-02 4.98484E-03 2.66246E-04 1.05355E+00 
2.66246E-04 4.98484E-03 7.98961E-03 6.78914E-02 1.03029E-01 4.25280E-01 7.03720E-01 2.59409E-02 4.98484E-03 2.66246E-04 1.06364E+00 
2.66246E-04 8.22222E-04 9.73077E-03 6.79106E-02 1.02175E-01 4.22172E-01 7.01970E-01 2.76286E-02 8.22222E-04 2.66246E-04 1.06860E+00 
2.66246E-04 2.68328E-03 1.14167E-02 6.78967E-02 1.01292E-01 4.18897E-01 6.99875E-01 2.92513E-02 2.68328E-03 2.66246E-04 1.06802E+00 
2.66246E-04 4.47700E-03 1.30361E-02 6.78175E-02 1.00338E-01 4.15390E-01 6.97390E-01 3.07972E-02 4.47700E-03 2.66246E-04 1.06454E+00 
2.66246E-04 6.19750E-03 1.45831E-02 6.76705E-02 9.93121E-02 4.11649E-01 6.94503E-01 3.22604E-02 6.19750E-03 2.66246E-04 1.05815E+00 
2.66246E-04 7.83953E-03 1.60528E-02 6.74531E-02 9.82131E-02 4.07673E-01 6.91205E-01 3.36356E-02 7.83953E-03 2.66246E-04 1.04889E+00 
2.66246E-04 9.05312E-03 1.71338E-02 6.72355E-02 9.73124E-02 4.04434E-01 6.88366E-01 3.46362E-02 9.05312E-03 2.66246E-04 1.03980E+00 
2.66246E-04 9.39825E-03 1.74403E-02 6.71636E-02 9.70408E-02 4.03460E-01 6.87488E-01 3.49180E-02 9.39825E-03 2.66246E-04 1.03683E+00 
2.66246E-04 1.09807E-02 1.88398E-02 6.67689E-02 9.56946E-02 3.98655E-01 6.83003E-01 3.61920E-02 1.09807E-02 2.66246E-04 1.02080E+00 
2.66246E-04 1.24568E-02 2.01346E-02 6.62873E-02 9.42638E-02 3.93579E-01 6.78020E-01 3.73487E-02 1.24568E-02 2.66246E-04 1.00180E+00 
2.66246E-04 1.38229E-02 2.13213E-02 6.57181E-02 9.27496E-02 3.88237E-01 6.72537E-01 3.83847E-02 1.38229E-02 2.66246E-04 9.80013E-01 
2.66246E-04 1.50760E-02 2.23969E-02 6.50616E-02 9.11540E-02 3.82635E-01 6.66553E-01 3.92972E-02 1.50760E-02 2.66246E-04 9.55681E-01 
1.44722E-03 1.62216E-02 2.33689E-02 6.43452E-02 8.95158E-02 3.76856E-01 6.60151E-01 4.00953E-02 1.62216E-02 1.44722E-03 9.25534E-01 
3.07709E-03 1.72511E-02 2.42260E-02 6.35345E-02 8.77882E-02 3.70801E-01 6.53225E-01 4.07657E-02 1.72511E-02 3.07709E-03 8.92912E-01 
4.57844E-03 1.81611E-02 2.49646E-02 6.26246E-02 8.59660E-02 3.64459E-01 6.45758E-01 4.13045E-02 1.81611E-02 4.57844E-03 8.58833E-01 
5.94957E-03 1.89510E-02 2.55843E-02 6.16187E-02 8.40544E-02 3.57841E-01 6.37755E-01 4.17113E-02 1.89510E-02 5.94957E-03 8.23578E-01 
7.19004E-03 1.96214E-02 2.60858E-02 6.05206E-02 8.20594E-02 3.50961E-01 6.29227E-01 4.19872E-02 1.96214E-02 7.19004E-03 7.87438E-01 
8.30059E-03 2.01739E-02 2.64710E-02 5.93352E-02 7.99878E-02 3.43833E-01 6.20189E-01 4.21344E-02 2.01739E-02 8.30059E-03 7.50705E-01 
9.28310E-03 2.06113E-02 2.67425E-02 5.80680E-02 7.78468E-02 3.36475E-01 6.10656E-01 4.21560E-02 2.06113E-02 9.28310E-03 7.13669E-01 
1.01405E-02 2.09372E-02 2.69042E-02 5.67252E-02 7.56446E-02 3.28906E-01 6.00650E-01 4.20564E-02 2.09372E-02 1.01405E-02 6.76611E-01 
1.08767E-02 2.11560E-02 2.69606E-02 5.53138E-02 7.33896E-02 3.21145E-01 5.90193E-01 4.18407E-02 2.11560E-02 1.08767E-02 6.39792E-01 
1.14963E-02 2.12730E-02 2.69171E-02 5.38410E-02 7.10905E-02 3.13212E-01 5.79311E-01 4.15147E-02 2.12730E-02 1.14963E-02 6.03458E-01 
1.20048E-02 2.12941E-02 2.67796E-02 5.23145E-02 6.87562E-02 3.05131E-01 5.68031E-01 4.10852E-02 2.12941E-02 1.20048E-02 5.67831E-01 
1.24083E-02 2.12256E-02 2.65545E-02 5.07422E-02 6.63960E-02 2.96922E-01 5.56384E-01 4.05593E-02 2.12256E-02 1.24083E-02 5.33105E-01 
1.27132E-02 2.10744E-02 2.62487E-02 4.91321E-02 6.40187E-02 2.88609E-01 5.44401E-01 3.99446E-02 2.10744E-02 1.27132E-02 4.99449E-01 
2.22288E-04 4.29769E-03 5.66669E-03 6.00944E-02 9.33171E-02 4.25022E-01 7.22080E-01 2.44895E-02 4.29769E-03 2.22288E-04 9.74654E-01 
2.22288E-04 4.29769E-03 7.24054E-03 6.00013E-02 9.23125E-02 4.21150E-01 7.19051E-01 2.59674E-02 4.29769E-03 2.22288E-04 9.80471E-01 
2.22288E-04 7.13151E-04 8.75774E-03 5.98788E-02 9.12884E-02 4.17130E-01 7.15688E-01 2.73794E-02 7.13151E-04 2.22288E-04 9.81495E-01 
2.22288E-04 2.32132E-03 1.02187E-02 5.97256E-02 9.02429E-02 4.12956E-01 7.11981E-01 2.87257E-02 2.32132E-03 2.22288E-04 9.77435E-01 
2.22288E-04 3.86286E-03 1.16131E-02 5.95114E-02 8.91350E-02 4.08554E-01 7.07868E-01 2.99948E-02 3.86286E-03 2.22288E-04 9.70611E-01 
2.22288E-04 5.33295E-03 1.29363E-02 5.92346E-02 8.79645E-02 4.03924E-01 7.03343E-01 3.11822E-02 5.33295E-03 2.22288E-04 9.61063E-01 
2.22288E-04 6.72740E-03 1.41843E-02 5.88936E-02 8.67317E-02 3.99069E-01 6.98400E-01 3.22835E-02 6.72740E-03 2.22288E-04 9.48865E-01 
2.22288E-04 7.75206E-03 1.50959E-02 5.85852E-02 8.57354E-02 3.95159E-01 6.94287E-01 3.30743E-02 7.75206E-03 2.22288E-04 9.37673E-01 
2.22288E-04 8.04246E-03 1.53533E-02 5.84876E-02 8.54372E-02 3.93990E-01 6.93036E-01 3.32952E-02 8.04246E-03 2.22288E-04 9.34120E-01 
2.22288E-04 9.36781E-03 1.65218E-02 5.79763E-02 8.39733E-02 3.88268E-01 6.86777E-01 3.42821E-02 9.36781E-03 2.22288E-04 9.15521E-01 
2.22288E-04 1.05939E-02 1.75918E-02 5.73884E-02 8.24404E-02 3.82297E-01 6.80028E-01 3.51582E-02 1.05939E-02 2.22288E-04 8.94315E-01 
2.22288E-04 1.17183E-02 1.85611E-02 5.67244E-02 8.08407E-02 3.76084E-01 6.72790E-01 3.59215E-02 1.17183E-02 2.22288E-04 8.70731E-01 
2.22288E-04 1.27394E-02 1.94280E-02 5.59854E-02 7.91770E-02 3.69638E-01 6.65069E-01 3.65704E-02 1.27394E-02 2.22288E-04 8.45022E-01 
1.20566E-03 1.36627E-02 2.01999E-02 5.51973E-02 7.74862E-02 3.63053E-01 6.56971E-01 3.71149E-02 1.36627E-02 1.20566E-03 8.14461E-01 
2.55521E-03 1.44816E-02 2.08677E-02 5.43295E-02 7.57255E-02 3.56222E-01 6.48369E-01 3.75431E-02 1.44816E-02 2.55521E-03 7.81941E-01 
3.78939E-03 1.51942E-02 2.14294E-02 5.33787E-02 7.38911E-02 3.49137E-01 6.39250E-01 3.78526E-02 1.51942E-02 3.78939E-03 7.48375E-01 
4.90773E-03 1.58008E-02 2.18855E-02 5.23487E-02 7.19887E-02 3.41812E-01 6.29626E-01 3.80443E-02 1.58008E-02 4.90773E-03 7.14044E-01 
5.91081E-03 1.63031E-02 2.22377E-02 5.12440E-02 7.00248E-02 3.34264E-01 6.19512E-01 3.81204E-02 1.63031E-02 5.91081E-03 6.79230E-01 
6.80027E-03 1.67033E-02 2.24885E-02 5.00698E-02 6.80063E-02 3.26512E-01 6.08930E-01 3.80839E-02 1.67033E-02 6.80027E-03 6.44211E-01 
7.57870E-03 1.70049E-02 2.26414E-02 4.88319E-02 6.59407E-02 3.18574E-01 5.97901E-01 3.79388E-02 1.70049E-02 7.57870E-03 6.09255E-01 
8.24956E-03 1.72118E-02 2.27005E-02 4.75366E-02 6.38356E-02 3.10471E-01 5.86451E-01 3.76899E-02 1.72118E-02 8.24956E-03 5.74614E-01 
8.81706E-03 1.73288E-02 2.26707E-02 4.61906E-02 6.16992E-02 3.02226E-01 5.74608E-01 3.73429E-02 1.73288E-02 8.81706E-03 5.40518E-01 
9.28610E-03 1.73612E-02 2.25574E-02 4.48008E-02 5.95395E-02 2.93859E-01 5.62401E-01 3.69038E-02 1.73612E-02 9.28610E-03 5.07176E-01 
9.66210E-03 1.73148E-02 2.23665E-02 4.33746E-02 5.73649E-02 2.85394E-01 5.49862E-01 3.63794E-02 1.73148E-02 9.66210E-03 4.74770E-01 
9.95092E-03 1.71957E-02 2.21041E-02 4.19190E-02 5.51833E-02 2.76854E-01 5.37026E-01 3.57767E-02 1.71957E-02 9.95092E-03 4.43456E-01 
1.01587E-02 1.70103E-02 2.17768E-02 4.04415E-02 5.30028E-02 2.68262E-01 5.23925E-01 3.51029E-02 1.70103E-02 1.01587E-02 4.13361E-01 
1.84998E-04 3.69637E-03 5.33874E-03 5.28001E-02 8.27894E-02 4.19705E-01 7.35415E-01 2.48127E-02 3.69637E-03 1.84998E-04 9.05669E-01 
1.84998E-04 3.69637E-03 6.71053E-03 5.26060E-02 8.16860E-02 4.14963E-01 7.30746E-01 2.60360E-02 3.69637E-03 1.84998E-04 9.07458E-01 
1.84998E-04 6.17282E-04 8.02523E-03 5.23845E-02 8.05691E-02 4.10087E-01 7.25752E-01 2.71935E-02 6.17282E-04 1.84998E-04 9.04798E-01 
1.84998E-04 2.00376E-03 9.28370E-03 5.21347E-02 7.94370E-02 4.05072E-01 7.20423E-01 2.82858E-02 2.00376E-03 1.84998E-04 8.97480E-01 
1.84998E-04 3.32511E-03 1.04766E-02 5.18285E-02 7.82509E-02 3.99837E-01 7.14681E-01 2.93019E-02 3.32511E-03 1.84998E-04 8.87564E-01 
1.84998E-04 4.57751E-03 1.16002E-02 5.14650E-02 7.70115E-02 3.94386E-01 7.08523E-01 3.02381E-02 4.57751E-03 1.84998E-04 8.75130E-01 
1.84998E-04 5.75777E-03 1.26514E-02 5.10436E-02 7.57198E-02 3.88723E-01 7.01949E-01 3.10914E-02 5.75777E-03 1.84998E-04 8.60286E-01 
1.84998E-04 6.61970E-03 1.34134E-02 5.06777E-02 7.46853E-02 3.84199E-01 6.96576E-01 3.16931E-02 6.61970E-03 1.84998E-04 8.47233E-01 
1.84998E-04 6.86310E-03 1.36276E-02 5.05641E-02 7.43771E-02 3.82853E-01 6.94958E-01 3.18592E-02 6.86310E-03 1.84998E-04 8.43169E-01 
1.84998E-04 7.96843E-03 1.45937E-02 4.99822E-02 7.28742E-02 3.76300E-01 6.86958E-01 3.25890E-02 7.96843E-03 1.84998E-04 8.22353E-01 
1.84998E-04 8.98198E-03 1.54681E-02 4.93337E-02 7.13164E-02 3.69523E-01 6.78483E-01 3.32155E-02 8.98198E-03 1.84998E-04 7.99312E-01 
1.84998E-04 9.90245E-03 1.62496E-02 4.86199E-02 6.97065E-02 3.62533E-01 6.69542E-01 3.37376E-02 9.90245E-03 1.84998E-04 7.74299E-01 
1.84998E-04 1.07292E-02 1.69376E-02 4.78425E-02 6.80480E-02 3.55342E-01 6.60147E-01 3.41554E-02 1.07292E-02 1.84998E-04 7.47585E-01 
1.00116E-03 1.14680E-02 1.75395E-02 4.70257E-02 6.63754E-02 3.48051E-01 6.50422E-01 3.44791E-02 1.14680E-02 1.00116E-03 7.16897E-01 
2.11472E-03 1.21137E-02 1.80480E-02 4.61426E-02 6.46498E-02 3.40550E-01 6.40225E-01 3.46982E-02 1.21137E-02 2.11472E-03 6.84739E-01 
3.12551E-03 1.26655E-02 1.84624E-02 4.51911E-02 6.28686E-02 3.32830E-01 6.29544E-01 3.48115E-02 1.26655E-02 3.12551E-03 6.51927E-01 
4.03400E-03 1.31248E-02 1.87839E-02 4.41754E-02 6.10380E-02 3.24910E-01 6.18397E-01 3.48209E-02 1.31248E-02 4.03400E-03 6.18736E-01 
4.84157E-03 1.34937E-02 1.90149E-02 4.31003E-02 5.91643E-02 3.16809E-01 6.06806E-01 3.47294E-02 1.34937E-02 4.84157E-03 5.85432E-01 
5.55051E-03 1.37751E-02 1.91586E-02 4.19713E-02 5.72545E-02 3.08547E-01 5.94797E-01 3.45407E-02 1.37751E-02 5.55051E-03 5.52271E-01 
6.16388E-03 1.39728E-02 1.92186E-02 4.07941E-02 5.53156E-02 3.00147E-01 5.82397E-01 3.42594E-02 1.39728E-02 6.16388E-03 5.19495E-01 
6.68545E-03 1.40910E-02 1.91995E-02 3.95748E-02 5.33550E-02 2.91630E-01 5.69637E-01 3.38906E-02 1.40910E-02 6.68545E-03 4.87322E-01 
7.11959E-03 1.41344E-02 1.91061E-02 3.83198E-02 5.13801E-02 2.83019E-01 5.56548E-01 3.34402E-02 1.41344E-02 7.11959E-03 4.55949E-01 
7.47116E-03 1.41083E-02 1.89438E-02 3.70356E-02 4.93982E-02 2.74337E-01 5.43164E-01 3.29143E-02 1.41083E-02 7.47116E-03 4.25546E-01 
7.74543E-03 1.40182E-02 1.87181E-02 3.57289E-02 4.74167E-02 2.65608E-01 5.29521E-01 3.23194E-02 1.40182E-02 7.74543E-03 3.96255E-01 
7.94792E-03 1.38698E-02 1.84350E-02 3.44060E-02 4.54426E-02 2.56855E-01 5.15654E-01 3.16624E-02 1.38698E-02 7.94792E-03 3.68193E-01 
8.08436E-03 1.36689E-02 1.81004E-02 3.30735E-02 4.34827E-02 2.48099E-01 5.01599E-01 3.09499E-02 1.36689E-02 8.08436E-03 3.41448E-01 
1.53297E-04 3.16636E-03 5.14864E-03 4.60122E-02 7.25323E-02 4.12327E-01 7.44868E-01 2.50926E-02 3.16636E-03 1.53297E-04 8.45267E-01 
1.53297E-04 3.16636E-03 6.33533E-03 4.57505E-02 7.13935E-02 4.06767E-01 7.38554E-01 2.60789E-02 3.16636E-03 1.53297E-04 8.43119E-01 
1.53297E-04 5.32285E-04 7.46562E-03 4.54634E-02 7.02463E-02 4.01093E-01 7.31931E-01 2.70008E-02 5.32285E-04 1.53297E-04 8.36883E-01 
1.53297E-04 1.72292E-03 8.54070E-03 4.51506E-02 6.90894E-02 3.95299E-01 7.24990E-01 2.78593E-02 1.72292E-03 1.53297E-04 8.26424E-01 
1.53297E-04 2.85077E-03 9.55215E-03 4.47862E-02 6.78864E-02 3.89298E-01 7.17637E-01 2.86438E-02 2.85077E-03 1.53297E-04 8.13572E-01 
1.53297E-04 3.91295E-03 1.04972E-02 4.43700E-02 6.66388E-02 3.83096E-01 7.09873E-01 2.93515E-02 3.91295E-03 1.53297E-04 7.98443E-01 
1.53297E-04 4.90713E-03 1.13736E-02 4.39022E-02 6.53480E-02 3.76700E-01 7.01701E-01 2.99805E-02 4.90713E-03 1.53297E-04 7.81179E-01 
1.53297E-04 5.62852E-03 1.20034E-02 4.35049E-02 6.43209E-02 3.71623E-01 6.95102E-01 3.04121E-02 5.62852E-03 1.53297E-04 7.66459E-01 
1.53297E-04 5.83144E-03 1.21795E-02 4.33830E-02 6.40160E-02 3.70118E-01 6.93128E-01 3.05291E-02 5.83144E-03 1.53297E-04 7.61944E-01 
1.53297E-04 6.74818E-03 1.29681E-02 4.27668E-02 6.25361E-02 3.62823E-01 6.83441E-01 3.10295E-02 6.74818E-03 1.53297E-04 7.39209E-01 
1.53297E-04 7.58097E-03 1.36723E-02 4.20934E-02 6.10137E-02 3.55334E-01 6.73307E-01 3.14347E-02 7.58097E-03 1.53297E-04 7.14651E-01 
1.53297E-04 8.32943E-03 1.42919E-02 4.13647E-02 5.94522E-02 3.47665E-01 6.62739E-01 3.17450E-02 8.32943E-03 1.53297E-04 6.88539E-01 
1.53297E-04 8.99379E-03 1.48272E-02 4.05830E-02 5.78552E-02 3.39831E-01 6.51754E-01 3.19611E-02 8.99379E-03 1.53297E-04 6.61151E-01 
8.27705E-04 9.57974E-03 1.52852E-02 3.97706E-02 5.62543E-02 3.31939E-01 6.40496E-01 3.20941E-02 9.57974E-03 8.27705E-04 6.30601E-01 
1.74237E-03 1.00836E-02 1.56606E-02 3.89039E-02 5.46150E-02 3.23874E-01 6.28807E-01 3.21343E-02 1.00836E-02 1.74237E-03 5.99046E-01 
2.56628E-03 1.05055E-02 1.59532E-02 3.79819E-02 5.29356E-02 3.15630E-01 6.16676E-01 3.20814E-02 1.05055E-02 2.56628E-03 5.67212E-01 
3.30061E-03 1.08473E-02 1.61650E-02 3.70090E-02 5.12221E-02 3.07228E-01 6.04127E-01 3.19381E-02 1.08473E-02 3.30061E-03 5.35356E-01 
3.94732E-03 1.11116E-02 1.62989E-02 3.59901E-02 4.94808E-02 2.98689E-01 5.91189E-01 3.17080E-02 1.11116E-02 3.94732E-03 5.03725E-01 
4.50913E-03 1.13017E-02 1.63583E-02 3.49305E-02 4.77182E-02 2.90035E-01 5.77891E-01 3.13953E-02 1.13017E-02 4.50913E-03 4.72547E-01 
4.98937E-03 1.14215E-02 1.63472E-02 3.38358E-02 4.59410E-02 2.81290E-01 5.64266E-01 3.10050E-02 1.14215E-02 4.98937E-03 4.42030E-01 
5.39193E-03 1.14753E-02 1.62701E-02 3.27118E-02 4.41558E-02 2.72477E-01 5.50347E-01 3.05422E-02 1.14753E-02 5.39193E-03 4.12359E-01 
5.72115E-03 1.14676E-02 1.61316E-02 3.15645E-02 4.23693E-02 2.63619E-01 5.36170E-01 3.00129E-02 1.14676E-02 5.72115E-03 3.83692E-01 
5.98174E-03 1.14034E-02 1.59371E-02 3.03996E-02 4.05879E-02 2.54739E-01 5.21773E-01 2.94230E-02 1.14034E-02 5.98174E-03 3.56160E-01 
6.17864E-03 1.12880E-02 1.56916E-02 2.92232E-02 3.88181E-02 2.45862E-01 5.07193E-01 2.87788E-02 1.12880E-02 6.17864E-03 3.29867E-01 
6.31698E-03 1.11264E-02 1.54007E-02 2.80408E-02 3.70657E-02 2.37008E-01 4.92467E-01 2.80866E-02 1.11264E-02 6.31698E-03 3.04892E-01 
6.40195E-03 1.09239E-02 1.50696E-02 2.68581E-02 3.53365E-02 2.28201E-01 4.77633E-01 2.73528E-02 1.09239E-02 6.40195E-03 2.81284E-01 
1.26332E-04 2.69680E-03 5.04977E-03 3.97660E-02 6.27633E-02 4.02917E-01 7.50224E-01 2.52816E-02 2.69680E-03 1.26332E-04 7.91592E-01 
1.26332E-04 2.69680E-03 6.06601E-03 3.94620E-02 6.16386E-02 3.96600E-01 7.42281E-01 2.60472E-02 2.69680E-03 1.26332E-04 7.85556E-01 
1.26332E-04 4.56425E-04 7.02766E-03 3.91350E-02 6.05097E-02 3.90192E-01 7.34054E-01 2.67512E-02 4.56425E-04 1.26332E-04 7.75827E-01 
1.26332E-04 1.47305E-03 7.93623E-03 3.87852E-02 5.93756E-02 3.83687E-01 7.25535E-01 2.73950E-02 1.47305E-03 1.26332E-04 7.62331E-01 
1.26332E-04 2.43012E-03 8.78407E-03 3.83888E-02 5.82029E-02 3.76991E-01 7.16611E-01 2.79681E-02 2.43012E-03 1.26332E-04 7.46696E-01 
1.26332E-04 3.32554E-03 9.56923E-03 3.79463E-02 5.69934E-02 3.70115E-01 7.07290E-01 2.84687E-02 3.32554E-03 1.26332E-04 7.29069E-01 
1.26332E-04 4.15778E-03 1.02902E-02 3.74584E-02 5.57492E-02 3.63067E-01 6.97580E-01 2.88957E-02 4.15778E-03 1.26332E-04 7.09617E-01 
1.26332E-04 4.75763E-03 1.08034E-02 3.70502E-02 5.47639E-02 3.57502E-01 6.89805E-01 2.91752E-02 4.75763E-03 1.26332E-04 6.93432E-01 
1.26332E-04 4.92569E-03 1.09461E-02 3.69259E-02 5.44723E-02 3.55858E-01 6.87489E-01 2.92485E-02 4.92569E-03 1.26332E-04 6.88528E-01 
1.26332E-04 5.68082E-03 1.15795E-02 3.63033E-02 5.30618E-02 3.47916E-01 6.76197E-01 2.95453E-02 5.68082E-03 1.26332E-04 6.64186E-01 
1.26332E-04 6.36011E-03 1.21363E-02 3.56324E-02 5.16196E-02 3.39816E-01 6.64494E-01 2.97560E-02 6.36011E-03 1.26332E-04 6.38441E-01 
1.26332E-04 6.96389E-03 1.26170E-02 3.49155E-02 5.01492E-02 3.31572E-01 6.52399E-01 2.98816E-02 6.96389E-03 1.26332E-04 6.11568E-01 
1.26332E-04 7.49308E-03 1.30226E-02 3.41553E-02 4.86543E-02 3.23201E-01 6.39933E-01 2.99237E-02 7.49308E-03 1.26332E-04 5.83843E-01 
6.80528E-04 7.95320E-03 1.33599E-02 3.33720E-02 4.71635E-02 3.14816E-01 6.27258E-01 2.98937E-02 7.95320E-03 6.80528E-04 5.53705E-01 
1.42761E-03 8.34174E-03 1.36247E-02 3.25453E-02 4.56463E-02 3.06299E-01 6.14202E-01 2.97826E-02 8.34174E-03 1.42761E-03 5.23001E-01 
2.09532E-03 8.65946E-03 1.38178E-02 3.16747E-02 4.41018E-02 2.97645E-01 6.00755E-01 2.95908E-02 8.65946E-03 2.09532E-03 4.92368E-01 
2.68534E-03 8.90867E-03 1.39414E-02 3.07647E-02 4.25356E-02 2.88876E-01 5.86947E-01 2.93218E-02 8.90867E-03 2.68534E-03 4.62042E-01 
3.20002E-03 9.09226E-03 1.39987E-02 2.98203E-02 4.09538E-02 2.80016E-01 5.72810E-01 2.89793E-02 9.09226E-03 3.20002E-03 4.32239E-01 
3.64230E-03 9.21363E-03 1.39934E-02 2.88464E-02 3.93622E-02 2.71088E-01 5.58379E-01 2.85679E-02 9.21363E-03 3.64230E-03 4.03157E-01 
4.01560E-03 9.27659E-03 1.39292E-02 2.78483E-02 3.77671E-02 2.62116E-01 5.43689E-01 2.80927E-02 9.27659E-03 4.01560E-03 3.74967E-01 
4.32378E-03 9.28531E-03 1.38107E-02 2.68313E-02 3.61742E-02 2.53123E-01 5.28780E-01 2.75589E-02 9.28531E-03 4.32378E-03 3.47817E-01 
4.57102E-03 9.24419E-03 1.36423E-02 2.58008E-02 3.45895E-02 2.44134E-01 5.13688E-01 2.69721E-02 9.24419E-03 4.57102E-03 3.21825E-01 
4.76174E-03 9.15782E-03 1.34289E-02 2.47619E-02 3.30184E-02 2.35172E-01 4.98453E-01 2.63381E-02 9.15782E-03 4.76174E-03 2.97085E-01 
4.90049E-03 9.03084E-03 1.31753E-02 2.37199E-02 3.14663E-02 2.26258E-01 4.83115E-01 2.56627E-02 9.03084E-03 4.90049E-03 2.73664E-01 
4.99191E-03 8.86794E-03 1.28863E-02 2.26795E-02 2.99382E-02 2.17415E-01 4.67711E-01 2.49518E-02 8.86794E-03 4.99191E-03 2.51603E-01 
5.04063E-03 8.67371E-03 1.25666E-02 2.16454E-02 2.84386E-02 2.08663E-01 4.52282E-01 2.42111E-02 8.67371E-03 5.04063E-03 2.30922E-01 
1.03626E-04 2.28364E-03 5.00730E-03 3.41313E-02 5.37365E-02 3.91622E-01 7.51341E-01 2.53474E-02 2.28364E-03 1.03626E-04 7.43068E-01 
1.03626E-04 2.28364E-03 5.86784E-03 3.38044E-02 5.26616E-02 3.84624E-01 7.41825E-01 2.59101E-02 2.28364E-03 1.03626E-04 7.33274E-01 
1.03626E-04 3.89104E-04 6.67668E-03 3.34573E-02 5.15859E-02 3.77560E-01 7.32058E-01 2.64154E-02 3.89104E-04 1.03626E-04 7.20218E-01 
1.03626E-04 1.25214E-03 7.43553E-03 3.30904E-02 5.05088E-02 3.70425E-01 7.22030E-01 2.68647E-02 1.25214E-03 1.03626E-04 7.03880E-01 
1.03626E-04 2.05960E-03 8.13745E-03 3.26821E-02 4.93998E-02 3.63123E-01 7.11615E-01 2.72478E-02 2.05960E-03 1.03626E-04 6.85700E-01 
1.03626E-04 2.81009E-03 8.78115E-03 3.22335E-02 4.82611E-02 3.55662E-01 7.00825E-01 2.75636E-02 2.81009E-03 1.03626E-04 6.65849E-01 
1.03626E-04 3.50271E-03 9.36583E-03 3.17455E-02 4.70949E-02 3.48056E-01 6.89671E-01 2.78119E-02 3.50271E-03 1.03626E-04 6.44516E-01 
1.03626E-04 3.99855E-03 9.77743E-03 3.13417E-02 4.61752E-02 3.42079E-01 6.80799E-01 2.79576E-02 3.99855E-03 1.03626E-04 6.27118E-01 
1.03626E-04 4.13691E-03 9.89105E-03 3.12194E-02 4.59036E-02 3.40317E-01 6.78167E-01 2.79926E-02 4.13691E-03 1.03626E-04 6.21900E-01 
1.03626E-04 4.75515E-03 1.03907E-02 3.06113E-02 4.45939E-02 3.31838E-01 6.65389E-01 2.81123E-02 4.75515E-03 1.03626E-04 5.96321E-01 
1.03626E-04 5.30570E-03 1.08218E-02 2.99632E-02 4.32615E-02 3.23236E-01 6.52245E-01 2.81553E-02 5.30570E-03 1.03626E-04 5.69764E-01 
1.03626E-04 5.78946E-03 1.11852E-02 2.92775E-02 4.19097E-02 3.14531E-01 6.38758E-01 2.81232E-02 5.78946E-03 1.03626E-04 5.42500E-01 
1.03626E-04 6.20782E-03 1.14825E-02 2.85571E-02 4.05425E-02 3.05739E-01 6.24955E-01 2.80183E-02 6.20782E-03 1.03626E-04 5.14795E-01 
5.56926E-04 6.56602E-03 1.17203E-02 2.78202E-02 3.91850E-02 2.96978E-01 6.11014E-01 2.78521E-02 6.56602E-03 5.56926E-04 4.85354E-01 
1.16431E-03 6.86248E-03 1.18954E-02 2.70493E-02 3.78108E-02 2.88127E-01 5.96748E-01 2.76164E-02 6.86248E-03 1.16431E-03 4.55750E-01 
1.70293E-03 7.09842E-03 1.20088E-02 2.62446E-02 3.64193E-02 2.79182E-01 5.82148E-01 2.73119E-02 7.09842E-03 1.70293E-03 4.26533E-01 
2.17480E-03 7.27636E-03 1.20633E-02 2.54103E-02 3.50161E-02 2.70166E-01 5.67249E-01 2.69423E-02 7.27636E-03 2.17480E-03 3.97908E-01 
2.58245E-03 7.39929E-03 1.20619E-02 2.45511E-02 3.36063E-02 2.61104E-01 5.52089E-01 2.65117E-02 7.39929E-03 2.58245E-03 3.70062E-01 
2.92889E-03 7.47057E-03 1.20084E-02 2.36716E-02 3.21956E-02 2.52021E-01 5.36704E-01 2.60249E-02 7.47057E-03 2.92889E-03 3.43155E-01 
3.21751E-03 7.49388E-03 1.19066E-02 2.27767E-02 3.07891E-02 2.42940E-01 5.21135E-01 2.54867E-02 7.49388E-03 3.21751E-03 3.17321E-01 
3.45198E-03 7.47313E-03 1.17605E-02 2.18710E-02 2.93921E-02 2.33884E-01 5.05421E-01 2.49022E-02 7.47313E-03 3.45198E-03 2.92669E-01 
3.63622E-03 7.41238E-03 1.15744E-02 2.09594E-02 2.80095E-02 2.24878E-01 4.89603E-01 2.42769E-02 7.41238E-03 3.63622E-03 2.69281E-01 
3.77428E-03 7.31578E-03 1.13526E-02 2.00464E-02 2.66460E-02 2.15942E-01 4.73721E-01 2.36160E-02 7.31578E-03 3.77428E-03 2.47214E-01 
3.87028E-03 7.18747E-03 1.10996E-02 1.91362E-02 2.53059E-02 2.07100E-01 4.57816E-01 2.29250E-02 7.18747E-03 3.87028E-03 2.26501E-01 
3.92834E-03 7.03154E-03 1.08195E-02 1.82331E-02 2.39934E-02 1.98370E-01 4.41925E-01 2.22091E-02 7.03154E-03 3.92834E-03 2.07151E-01 
3.95251E-03 6.85197E-03 1.05166E-02 1.73408E-02 2.27119E-02 1.89772E-01 4.26089E-01 2.14734E-02 6.85197E-03 3.95251E-03 1.89158E-01 
8.41904E-05 1.91339E-03 4.99474E-03 2.90011E-02 4.53945E-02 3.78261E-01 7.48155E-01 2.52714E-02 1.91339E-03 8.41904E-05 6.96835E-01 
8.41904E-05 1.91339E-03 5.71071E-03 2.86655E-02 4.43945E-02 3.70653E-01 7.37116E-01 2.56454E-02 1.91339E-03 8.41904E-05 6.83444E-01 
8.41904E-05 3.28202E-04 6.37888E-03 2.83128E-02 4.33966E-02 3.63011E-01 7.25866E-01 2.59673E-02 3.28202E-04 8.41904E-05 6.67267E-01 
8.41904E-05 1.05312E-03 7.00104E-03 2.79435E-02 4.24004E-02 3.55328E-01 7.14397E-01 2.62386E-02 1.05312E-03 8.41904E-05 6.48325E-01 
8.41904E-05 1.72716E-03 7.57085E-03 2.75384E-02 4.13786E-02 3.47502E-01 7.02566E-01 2.64490E-02 1.72716E-03 8.41904E-05 6.27881E-01 
8.41904E-05 2.34951E-03 8.08761E-03 2.70986E-02 4.03334E-02 3.39546E-01 6.90388E-01 2.65985E-02 2.34951E-03 8.41904E-05 6.06125E-01 
8.41904E-05 2.91977E-03 8.55104E-03 2.66255E-02 3.92671E-02 3.31473E-01 6.77880E-01 2.66871E-02 2.91977E-03 8.41904E-05 5.83254E-01 
8.41904E-05 3.32522E-03 8.87302E-03 2.62376E-02 3.84292E-02 3.25157E-01 6.67988E-01 2.67143E-02 3.32522E-03 8.41904E-05 5.64924E-01 
8.41904E-05 3.43788E-03 8.96117E-03 2.61206E-02 3.81822E-02 3.23299E-01 6.65061E-01 2.67155E-02 3.43788E-03 8.41904E-05 5.59476E-01 
8.41904E-05 3.93845E-03 9.34416E-03 2.55427E-02 3.69945E-02 3.14388E-01 6.50912E-01 2.66800E-02 3.93845E-03 8.41904E-05 5.33061E-01 
8.41904E-05 4.37956E-03 9.66664E-03 2.49322E-02 3.57915E-02 3.05395E-01 6.36450E-01 2.65774E-02 4.37956E-03 8.41904E-05 5.06095E-01 
8.41904E-05 4.76250E-03 9.93004E-03 2.42920E-02 3.45766E-02 2.96339E-01 6.21703E-01 2.64101E-02 4.76250E-03 8.41904E-05 4.78835E-01 
8.41904E-05 5.08893E-03 1.01362E-02 2.36250E-02 3.33533E-02 2.87240E-01 6.06701E-01 2.61807E-02 5.08893E-03 8.41904E-05 4.51523E-01 
4.51421E-04 5.36376E-03 1.02913E-02 2.29470E-02 3.21436E-02 2.78217E-01 5.91637E-01 2.59008E-02 5.36376E-03 4.51421E-04 4.23094E-01 
9.40488E-04 5.58611E-03 1.03930E-02 2.22433E-02 3.09248E-02 2.69146E-01 5.76311E-01 2.55624E-02 5.58611E-03 9.40488E-04 3.94864E-01 
1.37078E-03 5.75750E-03 1.04426E-02 2.15143E-02 2.96969E-02 2.60026E-01 5.60716E-01 2.51667E-02 5.75750E-03 1.37078E-03 3.67299E-01 
1.74445E-03 5.88050E-03 1.04428E-02 2.07642E-02 2.84646E-02 2.50879E-01 5.44890E-01 2.47175E-02 5.88050E-03 1.74445E-03 3.40572E-01 
2.06409E-03 5.95805E-03 1.03969E-02 1.99971E-02 2.72327E-02 2.41732E-01 5.28875E-01 2.42190E-02 5.95805E-03 2.06409E-03 3.14832E-01 
2.33264E-03 5.99336E-03 1.03081E-02 1.92173E-02 2.60060E-02 2.32608E-01 5.12710E-01 2.36758E-02 5.99336E-03 2.33264E-03 2.90201E-01 
2.55332E-03 5.98987E-03 1.01803E-02 1.84290E-02 2.47890E-02 2.23531E-01 4.96438E-01 2.30927E-02 5.98987E-03 2.55332E-03 2.66776E-01 
2.72955E-03 5.95114E-03 1.00171E-02 1.76365E-02 2.35862E-02 2.14524E-01 4.80099E-01 2.24745E-02 5.95114E-03 2.72955E-03 2.44628E-01 
2.86490E-03 5.88083E-03 9.82250E-03 1.68436E-02 2.24016E-02 2.05610E-01 4.63736E-01 2.18261E-02 5.88083E-03 2.86490E-03 2.23803E-01 
2.96299E-03 5.78258E-03 9.60023E-03 1.60543E-02 2.12391E-02 1.96808E-01 4.47390E-01 2.11524E-02 5.78258E-03 2.96299E-03 2.04325E-01 
3.02746E-03 5.66002E-03 9.35417E-03 1.52722E-02 2.01023E-02 1.88139E-01 4.31099E-01 2.04584E-02 5.66002E-03 3.02746E-03 1.86195E-01 
3.06191E-03 5.51665E-03 9.08801E-03 1.45006E-02 1.89941E-02 1.79621E-01 4.14904E-01 1.97487E-02 5.51665E-03 3.06191E-03 1.69398E-01 
3.06981E-03 5.35585E-03 8.80533E-03 1.37426E-02 1.79175E-02 1.71271E-01 3.98841E-01 1.90278E-02 5.35585E-03 3.06981E-03 1.53901E-01 
6.78753E-05 1.58776E-03 4.99409E-03 2.44423E-02 3.79309E-02 3.63070E-01 7.40659E-01 2.50433E-02 1.58776E-03 6.78753E-05 6.51962E-01 
6.78753E-05 1.58776E-03 5.57864E-03 2.41088E-02 3.70205E-02 3.54949E-01 7.28195E-01 2.52462E-02 1.58776E-03 6.78753E-05 6.35319E-01 
6.78753E-05 2.74104E-04 6.12003E-03 2.37616E-02 3.61147E-02 3.46825E-01 7.15568E-01 2.54032E-02 2.74104E-04 6.78753E-05 6.16395E-01 
6.78753E-05 8.77093E-04 6.62005E-03 2.34012E-02 3.52130E-02 3.38693E-01 7.02768E-01 2.55157E-02 8.77093E-04 6.78753E-05 5.95239E-01 
6.78753E-05 1.43441E-03 7.07287E-03 2.30104E-02 3.42913E-02 3.30446E-01 6.89638E-01 2.55735E-02 1.43441E-03 6.78753E-05 5.72949E-01 
6.78753E-05 1.94568E-03 7.47824E-03 2.25905E-02 3.33517E-02 3.22100E-01 6.76198E-01 2.55771E-02 1.94568E-03 6.78753E-05 5.49720E-01 
6.78753E-05 2.41087E-03 7.83625E-03 2.21432E-02 3.23966E-02 3.13669E-01 6.62470E-01 2.55272E-02 2.41087E-03 6.78753E-05 5.25754E-01 
6.78753E-05 2.73936E-03 8.08101E-03 2.17791E-02 3.16483E-02 3.07098E-01 6.51662E-01 2.54524E-02 2.73936E-03 6.78753E-05 5.06833E-01 
6.78753E-05 2.83026E-03 8.14730E-03 2.16699E-02 3.14282E-02 3.05170E-01 6.48474E-01 2.54247E-02 2.83026E-03 6.78753E-05 5.01253E-01 
6.78753E-05 3.23183E-03 8.43089E-03 2.11327E-02 3.03722E-02 2.95947E-01 6.33110E-01 2.52571E-02 3.23183E-03 6.78753E-05 4.74467E-01 
6.78753E-05 3.58196E-03 8.66199E-03 2.05699E-02 2.93069E-02 2.86684E-01 6.17493E-01 2.50322E-02 3.58196E-03 6.78753E-05 4.47537E-01 
6.78753E-05 3.88214E-03 8.84225E-03 1.99843E-02 2.82353E-02 2.77400E-01 6.01654E-01 2.47527E-02 3.88214E-03 6.78753E-05 4.20695E-01 
6.78753E-05 4.13420E-03 8.97366E-03 1.93785E-02 2.71609E-02 2.68115E-01 5.85628E-01 2.44215E-02 4.13420E-03 6.78753E-05 3.94155E-01 
3.63114E-04 4.34259E-03 9.06207E-03 1.87665E-02 2.61023E-02 2.58951E-01 5.69618E-01 2.40502E-02 4.34259E-03 3.63114E-04 3.67037E-01 
7.53956E-04 4.50696E-03 9.10551E-03 1.81358E-02 2.50405E-02 2.49782E-01 5.53413E-01 2.36307E-02 4.50696E-03 7.53956E-04 3.40427E-01 
1.09515E-03 4.62897E-03 9.10552E-03 1.74871E-02 2.39755E-02 2.40606E-01 5.37009E-01 2.31646E-02 4.62897E-03 1.09515E-03 3.14713E-01 
1.38888E-03 4.71114E-03 9.06484E-03 1.68240E-02 2.29115E-02 2.31447E-01 5.20445E-01 2.26556E-02 4.71114E-03 1.38888E-03 2.90031E-01 
1.63767E-03 4.75623E-03 8.98645E-03 1.61503E-02 2.18527E-02 2.22331E-01 5.03767E-01 2.21080E-02 4.75623E-03 1.63767E-03 2.66490E-01 
1.84427E-03 4.76723E-03 8.87356E-03 1.54698E-02 2.08032E-02 2.13280E-01 4.87015E-01 2.15261E-02 4.76723E-03 1.84427E-03 2.44176E-01 
2.01167E-03 4.74723E-03 8.72949E-03 1.47862E-02 1.97668E-02 2.04319E-01 4.70234E-01 2.09144E-02 4.74723E-03 2.01167E-03 2.23151E-01 
2.14296E-03 4.69942E-03 8.55765E-03 1.41029E-02 1.87471E-02 1.95468E-01 4.53465E-01 2.02773E-02 4.69942E-03 2.14296E-03 2.03450E-01 
2.24132E-03 4.62700E-03 8.36147E-03 1.34234E-02 1.77475E-02 1.86747E-01 4.36751E-01 1.96194E-02 4.62700E-03 2.24132E-03 1.85087E-01 
2.30993E-03 4.53313E-03 8.14433E-03 1.27508E-02 1.67711E-02 1.78177E-01 4.20131E-01 1.89451E-02 4.53313E-03 2.30993E-03 1.68056E-01 
2.35195E-03 4.42090E-03 7.90951E-03 1.20881E-02 1.58206E-02 1.69775E-01 4.03645E-01 1.82586E-02 4.42090E-03 2.35195E-03 1.52334E-01 
2.37043E-03 4.29326E-03 7.66019E-03 1.14379E-02 1.48983E-02 1.61557E-01 3.87330E-01 1.75642E-02 4.29326E-03 2.37043E-03 1.37883E-01 
2.36833E-03 4.15302E-03 7.39937E-03 1.08027E-02 1.40064E-02 1.53538E-01 3.71222E-01 1.68656E-02 4.15302E-03 2.36833E-03 1.24652E-01 
5.42143E-05 1.30233E-03 4.99239E-03 2.04141E-02 3.13392E-02 3.46113E-01 7.28913E-01 2.46613E-02 1.30233E-03 5.42143E-05 6.07092E-01 
5.42143E-05 1.30233E-03 5.45820E-03 2.00910E-02 3.05258E-02 3.37582E-01 7.15141E-01 2.47106E-02 1.30233E-03 5.42143E-05 5.87662E-01 
5.42143E-05 2.26205E-04 5.88603E-03 1.97574E-02 2.97187E-02 3.29082E-01 7.01258E-01 2.47208E-02 2.26205E-04 5.42143E-05 5.66472E-01 
5.42143E-05 7.21920E-04 6.27754E-03 1.94140E-02 2.89178E-02 3.20608E-01 6.87255E-01 2.46932E-02 7.21920E-04 5.42143E-05 5.43585E-01 
5.42143E-05 1.17748E-03 6.62737E-03 1.90456E-02 2.81017E-02 3.12050E-01 6.72961E-01 2.46176E-02 1.17748E-03 5.42143E-05 5.19941E-01 
5.42143E-05 1.59279E-03 6.93557E-03 1.86536E-02 2.72726E-02 3.03425E-01 6.58400E-01 2.44949E-02 1.59279E-03 5.42143E-05 4.95736E-01 
5.42143E-05 1.96810E-03 7.20250E-03 1.82395E-02 2.64326E-02 2.94749E-01 6.43597E-01 2.43262E-02 1.96810E-03 5.42143E-05 4.71163E-01 
5.42143E-05 2.23135E-03 7.38112E-03 1.79049E-02 2.57765E-02 2.88012E-01 6.31992E-01 2.41649E-02 2.23135E-03 5.42143E-05 4.52019E-01 
5.42143E-05 2.30390E-03 7.42880E-03 1.78049E-02 2.55839E-02 2.86039E-01 6.28576E-01 2.41128E-02 2.30390E-03 5.42143E-05 4.46415E-01 
5.42143E-05 2.62258E-03 7.62830E-03 1.73154E-02 2.46617E-02 2.76628E-01 6.12167E-01 2.38345E-02 2.62258E-03 5.42143E-05 4.19744E-01 
5.42143E-05 2.89746E-03 7.78302E-03 1.68065E-02 2.37348E-02 2.67219E-01 5.95570E-01 2.35086E-02 2.89746E-03 5.42143E-05 3.93301E-01 
5.42143E-05 3.13014E-03 7.89473E-03 1.62808E-02 2.28062E-02 2.57830E-01 5.78820E-01 2.31379E-02 3.13014E-03 5.42143E-05 3.67286E-01 
5.42143E-05 3.32246E-03 7.96545E-03 1.57407E-02 2.18786E-02 2.48484E-01 5.61953E-01 2.27253E-02 3.32246E-03 5.42143E-05 3.41881E-01 
2.89389E-04 3.47834E-03 8.00053E-03 1.51981E-02 2.09680E-02 2.39299E-01 5.45182E-01 2.22822E-02 3.47834E-03 2.89389E-04 3.16354E-01 
5.98899E-04 3.59785E-03 7.99840E-03 1.46426E-02 2.00583E-02 2.30150E-01 5.28286E-01 2.18008E-02 3.59785E-03 5.98899E-04 2.91590E-01 
8.67029E-04 3.68266E-03 7.96062E-03 1.40750E-02 1.91497E-02 2.21035E-01 5.11263E-01 2.12825E-02 3.68266E-03 8.67029E-04 2.67897E-01 
1.09588E-03 3.73512E-03 7.88979E-03 1.34986E-02 1.82459E-02 2.11979E-01 4.94154E-01 2.07310E-02 3.73512E-03 1.09588E-03 2.45375E-01 
1.28780E-03 3.75776E-03 7.78866E-03 1.29165E-02 1.73504E-02 2.03005E-01 4.77006E-01 2.01504E-02 3.75776E-03 1.28780E-03 2.24098E-01 
1.44533E-03 3.75324E-03 7.66016E-03 1.23321E-02 1.64665E-02 1.94136E-01 4.59862E-01 1.95448E-02 3.75324E-03 1.44533E-03 2.04116E-01 
1.57113E-03 3.72432E-03 7.50724E-03 1.17484E-02 1.55974E-02 1.85394E-01 4.42764E-01 1.89181E-02 3.72432E-03 1.57113E-03 1.85455E-01 
1.66794E-03 3.67376E-03 7.33293E-03 1.11683E-02 1.47461E-02 1.76798E-01 4.25757E-01 1.82746E-02 3.67376E-03 1.66794E-03 1.68122E-01 
1.73853E-03 3.60431E-03 7.14019E-03 1.05946E-02 1.39152E-02 1.68367E-01 4.08880E-01 1.76183E-02 3.60431E-03 1.73853E-03 1.52103E-01 
1.78564E-03 3.51865E-03 6.93193E-03 1.00300E-02 1.31071E-02 1.60119E-01 3.92173E-01 1.69531E-02 3.51865E-03 1.78564E-03 1.37368E-01 
1.81194E-03 3.41935E-03 6.71095E-03 9.47657E-03 1.23239E-02 1.52068E-01 3.75673E-01 1.62826E-02 3.41935E-03 1.81194E-03 1.23874E-01 
1.82000E-03 3.30886E-03 6.47990E-03 8.93652E-03 1.15673E-02 1.44228E-01 3.59415E-01 1.56105E-02 3.30886E-03 1.82000E-03 1.11566E-01 
1.81229E-03 3.18948E-03 6.24127E-03 8.41161E-03 1.08387E-02 1.36612E-01 3.43433E-01 1.49400E-02 3.18948E-03 1.81229E-03 1.00381E-01 
4.28751E-05 1.05472E-03 4.98109E-03 1.68908E-02 2.56128E-02 3.27558E-01 7.13065E-01 2.41298E-02 1.05472E-03 4.28751E-05 5.61551E-01 
4.28751E-05 1.05472E-03 5.34102E-03 1.65840E-02 2.48975E-02 3.18731E-01 6.98125E-01 2.40437E-02 1.05472E-03 4.28751E-05 5.39914E-01 
4.28751E-05 1.84240E-04 5.66841E-03 1.62702E-02 2.41901E-02 3.09970E-01 6.83130E-01 2.39257E-02 1.84240E-04 4.28751E-05 5.17032E-01 
4.28751E-05 5.86563E-04 5.96473E-03 1.59497E-02 2.34903E-02 3.01269E-01 6.68071E-01 2.37767E-02 5.86563E-04 4.28751E-05 4.92974E-01 
4.28751E-05 9.54316E-04 6.22499E-03 1.56093E-02 2.27796E-02 2.92517E-01 6.52767E-01 2.35868E-02 9.54316E-04 4.28751E-05 4.68529E-01 
4.28751E-05 1.28761E-03 6.44948E-03 1.52503E-02 2.20599E-02 2.83731E-01 6.37245E-01 2.33570E-02 1.28761E-03 4.28751E-05 4.43885E-01 
4.28751E-05 1.58684E-03 6.63870E-03 1.48743E-02 2.13332E-02 2.74927E-01 6.21531E-01 2.30886E-02 1.58684E-03 4.28751E-05 4.19221E-01 
4.28751E-05 1.79537E-03 6.76138E-03 1.45725E-02 2.07674E-02 2.68115E-01 6.09259E-01 2.28555E-02 1.79537E-03 4.28751E-05 4.00233E-01 
4.28751E-05 1.85261E-03 6.79340E-03 1.44826E-02 2.06015E-02 2.66124E-01 6.05654E-01 2.27832E-02 1.85261E-03 4.28751E-05 3.94709E-01 
4.28751E-05 2.10262E-03 6.92266E-03 1.40447E-02 1.98091E-02 2.56652E-01 5.88385E-01 2.24145E-02 2.10262E-03 4.28751E-05 3.68636E-01 
4.28751E-05 2.31600E-03 7.01441E-03 1.35928E-02 1.90157E-02 2.47222E-01 5.70997E-01 2.20075E-02 2.31600E-03 4.28751E-05 3.43114E-01 
4.28751E-05 2.49427E-03 7.07039E-03 1.31290E-02 1.82237E-02 2.37853E-01 5.53527E-01 2.15648E-02 2.49427E-03 4.28751E-05 3.18308E-01 
4.28751E-05 2.63922E-03 7.09256E-03 1.26557E-02 1.74356E-02 2.28566E-01 5.36012E-01 2.10894E-02 2.63922E-03 4.28751E-05 2.94362E-01 
2.28373E-04 2.75424E-03 7.08576E-03 1.21829E-02 1.66646E-02 2.19478E-01 5.18673E-01 2.05924E-02 2.75424E-03 2.28373E-04 2.70667E-01 
4.71122E-04 2.83965E-03 7.04867E-03 1.17019E-02 1.58974E-02 2.10464E-01 5.01282E-01 2.00660E-02 2.83965E-03 4.71122E-04 2.47927E-01 
6.79853E-04 2.89703E-03 6.98279E-03 1.12135E-02 1.51341E-02 2.01523E-01 4.83835E-01 1.95115E-02 2.89703E-03 6.79853E-04 2.26380E-01 
8.56507E-04 2.92853E-03 6.89050E-03 1.07204E-02 1.43780E-02 1.92678E-01 4.66378E-01 1.89326E-02 2.92853E-03 8.56507E-04 2.06089E-01 
1.00321E-03 2.93638E-03 6.77430E-03 1.02255E-02 1.36318E-02 1.83951E-01 4.48955E-01 1.83329E-02 2.93638E-03 1.00321E-03 1.87094E-01 
1.12222E-03 2.92292E-03 6.63675E-03 9.73137E-03 1.28984E-02 1.75364E-01 4.31611E-01 1.77162E-02 2.92292E-03 1.12222E-03 1.69414E-01 
1.21587E-03 2.89051E-03 6.48048E-03 9.24062E-03 1.21803E-02 1.66936E-01 4.14389E-01 1.70862E-02 2.89051E-03 1.21587E-03 1.53047E-01 
1.28653E-03 2.84151E-03 6.30807E-03 8.75563E-03 1.14798E-02 1.58686E-01 3.97330E-01 1.64466E-02 2.84151E-03 1.28653E-03 1.37972E-01 
1.33654E-03 2.77821E-03 6.12208E-03 8.27858E-03 1.07989E-02 1.50629E-01 3.80474E-01 1.58009E-02 2.77821E-03 1.33654E-03 1.24153E-01 
1.36824E-03 2.70286E-03 5.92495E-03 7.81147E-03 1.01395E-02 1.42780E-01 3.63858E-01 1.51525E-02 2.70286E-03 1.36824E-03 1.11543E-01 
1.38383E-03 2.61756E-03 5.71902E-03 7.35608E-03 9.50306E-03 1.35153E-01 3.47518E-01 1.45046E-02 2.61756E-03 1.38383E-03 1.00083E-01 
1.38546E-03 2.52429E-03 5.50649E-03 6.91395E-03 8.89083E-03 1.27758E-01 3.31485E-01 1.38602E-02 2.52429E-03 1.38546E-03 8.97078E-02 
1.37513E-03 2.42491E-03 5.28939E-03 6.48637E-03 8.30378E-03 1.20605E-01 3.15789E-01 1.32220E-02 2.42491E-03 1.37513E-03 8.03462E-02 
3.35273E-05 8.41943E-04 4.95479E-03 1.38301E-02 2.06995E-02 3.07556E-01 6.93269E-01 2.34560E-02 8.41943E-04 3.35273E-05 5.14964E-01 
3.35273E-05 8.41943E-04 5.22143E-03 1.35442E-02 2.00796E-02 2.98555E-01 6.77317E-01 2.32528E-02 8.41943E-04 3.35273E-05 4.91773E-01 
3.35273E-05 1.47830E-04 5.46101E-03 1.32544E-02 1.94687E-02 2.89654E-01 6.61370E-01 2.30247E-02 1.47830E-04 3.35273E-05 4.67831E-01 
3.35273E-05 4.69612E-04 5.67472E-03 1.29610E-02 1.88663E-02 2.80847E-01 6.45420E-01 2.27727E-02 4.69612E-04 3.35273E-05 4.43200E-01 
3.35273E-05 7.62306E-04 5.85795E-03 1.26523E-02 1.82568E-02 2.72021E-01 6.29273E-01 2.24866E-02 7.62306E-04 3.35273E-05 4.18532E-01 
3.35273E-05 1.02613E-03 6.01106E-03 1.23297E-02 1.76417E-02 2.63193E-01 6.12960E-01 2.21679E-02 1.02613E-03 3.35273E-05 3.93995E-01 
3.35273E-05 1.26153E-03 6.13466E-03 1.19943E-02 1.70227E-02 2.54382E-01 5.96510E-01 2.18178E-02 1.26153E-03 3.35273E-05 3.69749E-01 
3.35273E-05 1.42456E-03 6.21054E-03 1.17271E-02 1.65421E-02 2.47586E-01 5.83708E-01 2.15265E-02 1.42456E-03 3.35273E-05 3.51282E-01 
3.35273E-05 1.46914E-03 6.22953E-03 1.16477E-02 1.64015E-02 2.45604E-01 5.79954E-01 2.14381E-02 1.46914E-03 3.35273E-05 3.45942E-01 
3.35273E-05 1.66280E-03 6.30076E-03 1.12630E-02 1.57312E-02 2.36197E-01 5.62020E-01 2.09976E-02 1.66280E-03 3.35273E-05 3.20919E-01 
3.35273E-05 1.82635E-03 6.34116E-03 1.08687E-02 1.50625E-02 2.26869E-01 5.44038E-01 2.05274E-02 1.82635E-03 3.35273E-05 2.96714E-01 
3.35273E-05 1.96122E-03 6.35238E-03 1.04668E-02 1.43974E-02 2.17641E-01 5.26045E-01 2.00301E-02 1.96122E-03 3.35273E-05 2.73453E-01 
3.35273E-05 2.06903E-03 6.33624E-03 1.00593E-02 1.37381E-02 2.08531E-01 5.08082E-01 1.95086E-02 2.06903E-03 3.35273E-05 2.51241E-01 
1.78217E-04 2.15265E-03 6.29706E-03 9.65434E-03 1.30952E-02 1.99652E-01 4.90372E-01 1.89734E-02 2.15265E-03 1.78217E-04 2.29570E-01 
3.66533E-04 2.21253E-03 6.23367E-03 9.24490E-03 1.24579E-02 1.90883E-01 4.72681E-01 1.84168E-02 2.21253E-03 3.66533E-04 2.08985E-01 
5.27294E-04 2.25014E-03 6.14745E-03 8.83164E-03 1.18264E-02 1.82221E-01 4.55007E-01 1.78400E-02 2.25014E-03 5.27294E-04 1.89659E-01 
6.62235E-04 2.26736E-03 6.04051E-03 8.41692E-03 1.12033E-02 1.73687E-01 4.37394E-01 1.72465E-02 2.26736E-03 6.62235E-04 1.71624E-01 
7.73226E-04 2.26611E-03 5.91507E-03 8.00300E-03 1.05908E-02 1.65304E-01 4.19889E-01 1.66394E-02 2.26611E-03 7.73226E-04 1.54890E-01 
8.62218E-04 2.24838E-03 5.77335E-03 7.59205E-03 9.99117E-03 1.57090E-01 4.02535E-01 1.60223E-02 2.24838E-03 8.62218E-04 1.39449E-01 
9.31205E-04 2.21616E-03 5.61760E-03 7.18612E-03 9.40642E-03 1.49062E-01 3.85373E-01 1.53985E-02 2.21616E-03 9.31205E-04 1.25273E-01 
9.82186E-04 2.17141E-03 5.45003E-03 6.78707E-03 8.83830E-03 1.41236E-01 3.68443E-01 1.47712E-02 2.17141E-03 9.82186E-04 1.12322E-01 
1.01713E-03 2.11603E-03 5.27277E-03 6.39662E-03 8.28837E-03 1.33626E-01 3.51783E-01 1.41434E-02 2.11603E-03 1.01713E-03 1.00545E-01 
1.03795E-03 2.05182E-03 5.08786E-03 6.01627E-03 7.75791E-03 1.26245E-01 3.35427E-01 1.35180E-02 2.05182E-03 1.03795E-03 8.98797E-02 
1.04647E-03 1.98048E-03 4.89722E-03 5.64733E-03 7.24801E-03 1.19102E-01 3.19408E-01 1.28977E-02 1.98048E-03 1.04647E-03 8.02585E-02 
1.04443E-03 1.90361E-03 4.70266E-03 5.29091E-03 6.75950E-03 1.12206E-01 3.03754E-01 1.22850E-02 1.90361E-03 1.04443E-03 7.16094E-02 
1.03342E-03 1.82264E-03 4.50580E-03 4.94791E-03 6.29298E-03 1.05564E-01 2.88491E-01 1.16822E-02 1.82264E-03 1.03342E-03 6.38584E-02 
2.59110E-05 6.61781E-04 4.91052E-03 1.11995E-02 1.65482E-02 2.86372E-01 6.69795E-01 2.26522E-02 6.61781E-04 2.59110E-05 4.67513E-01 
2.59110E-05 6.61781E-04 5.09639E-03 1.09378E-02 1.60178E-02 2.77324E-01 6.53006E-01 2.23501E-02 6.61781E-04 2.59110E-05 4.43463E-01 
2.59110E-05 1.16721E-04 5.26045E-03 1.06750E-02 1.54972E-02 2.68407E-01 6.36283E-01 2.20302E-02 1.16721E-04 2.59110E-05 4.19114E-01 
2.59110E-05 3.70082E-04 5.40364E-03 1.04112E-02 1.49858E-02 2.59616E-01 6.19619E-01 2.16930E-02 3.70082E-04 2.59110E-05 3.94517E-01 
2.59110E-05 5.99543E-04 5.52163E-03 1.01363E-02 1.44702E-02 2.50837E-01 6.02810E-01 2.13285E-02 5.99543E-04 2.59110E-05 3.70192E-01 
2.59110E-05 8.05353E-04 5.61485E-03 9.85154E-03 1.39519E-02 2.42088E-01 5.85890E-01 2.09382E-02 8.05353E-04 2.59110E-05 3.46286E-01 
2.59110E-05 9.87956E-04 5.68389E-03 9.55790E-03 1.34321E-02 2.33387E-01 5.68890E-01 2.05234E-02 9.87956E-04 2.59110E-05 3.22934E-01 
2.59110E-05 1.11369E-03 5.72120E-03 9.32537E-03 1.30298E-02 2.26698E-01 5.55703E-01 2.01868E-02 1.11369E-03 2.59110E-05 3.05322E-01 
2.59110E-05 1.14795E-03 5.72952E-03 9.25660E-03 1.29123E-02 2.24750E-01 5.51844E-01 2.00860E-02 1.14795E-03 2.59110E-05 3.00256E-01 
2.59110E-05 1.29599E-03 5.75355E-03 8.92456E-03 1.23535E-02 2.15530E-01 5.33447E-01 1.95909E-02 1.29599E-03 2.59110E-05 2.76682E-01 
2.59110E-05 1.41974E-03 5.75276E-03 8.58665E-03 1.17981E-02 2.06424E-01 5.15073E-01 1.90740E-02 1.41974E-03 2.59110E-05 2.54127E-01 
2.59110E-05 1.52048E-03 5.72864E-03 8.24447E-03 1.12477E-02 1.97450E-01 4.96762E-01 1.85378E-02 1.52048E-03 2.59110E-05 2.32681E-01 
2.59110E-05 1.59963E-03 5.68282E-03 7.89966E-03 1.07040E-02 1.88628E-01 4.78551E-01 1.79850E-02 1.59963E-03 2.59110E-05 2.12411E-01 
1.37466E-04 1.65952E-03 5.61915E-03 7.55887E-03 1.01757E-02 1.80063E-01 4.60667E-01 1.74255E-02 1.65952E-03 1.37466E-04 1.92890E-01 
2.81907E-04 1.70071E-03 5.53650E-03 7.21636E-03 9.65403E-03 1.71638E-01 4.42873E-01 1.68517E-02 1.70071E-03 2.81907E-04 1.74527E-01 
4.04364E-04 1.72449E-03 5.43610E-03 6.87269E-03 9.13906E-03 1.63350E-01 4.25164E-01 1.62646E-02 1.72449E-03 4.04364E-04 1.57440E-01 
5.06343E-04 1.73244E-03 5.31980E-03 6.52977E-03 8.63285E-03 1.55218E-01 4.07587E-01 1.56673E-02 1.73244E-03 5.06343E-04 1.41633E-01 
5.89439E-04 1.72619E-03 5.18949E-03 6.18942E-03 8.13726E-03 1.47262E-01 3.90186E-01 1.50629E-02 1.72619E-03 5.89439E-04 1.27091E-01 
6.55301E-04 1.70739E-03 5.04708E-03 5.85334E-03 7.65397E-03 1.39499E-01 3.73002E-01 1.44543E-02 1.70739E-03 6.55301E-04 1.13782E-01 
7.05594E-04 1.67767E-03 4.89447E-03 5.52311E-03 7.18450E-03 1.31943E-01 3.56076E-01 1.38444E-02 1.67767E-03 7.05594E-04 1.01663E-01 
7.41972E-04 1.63863E-03 4.73350E-03 5.20018E-03 6.73018E-03 1.24608E-01 3.39446E-01 1.32360E-02 1.63863E-03 7.41972E-04 9.06778E-02 
7.66047E-04 1.59180E-03 4.56594E-03 4.88580E-03 6.29213E-03 1.17505E-01 3.23145E-01 1.26318E-02 1.59180E-03 7.66047E-04 8.07633E-02 
7.79370E-04 1.53862E-03 4.39346E-03 4.58108E-03 5.87127E-03 1.10644E-01 3.07205E-01 1.20341E-02 1.53862E-03 7.79370E-04 7.18503E-02 
7.83412E-04 1.48044E-03 4.21763E-03 4.28696E-03 5.46831E-03 1.04033E-01 2.91654E-01 1.14452E-02 1.48044E-03 7.83412E-04 6.38663E-02 
7.79549E-04 1.41849E-03 4.03988E-03 4.00419E-03 5.08378E-03 9.76770E-02 2.76519E-01 1.08671E-02 1.41849E-03 7.79549E-04 5.67374E-02 
7.69055E-04 1.35389E-03 3.86153E-03 3.73336E-03 4.71801E-03 9.15804E-02 2.61820E-01 1.03015E-02 1.35389E-03 7.69055E-04 5.03899E-02 
1.97759E-05 5.11515E-04 4.84705E-03 8.96003E-03 1.30871E-02 2.64289E-01 6.42950E-01 2.17323E-02 5.11515E-04 1.97759E-05 4.19633E-01 
1.97759E-05 5.11515E-04 4.96417E-03 8.72474E-03 1.26387E-02 2.55320E-01 6.25511E-01 2.13494E-02 5.11515E-04 1.97759E-05 3.95414E-01 
1.97759E-05 9.05540E-05 5.06439E-03 8.49075E-03 1.22005E-02 2.46511E-01 6.08201E-01 2.09552E-02 9.05540E-05 1.97759E-05 3.71294E-01 
1.97759E-05 2.86670E-04 5.14833E-03 8.25794E-03 1.17719E-02 2.37855E-01 5.91010E-01 2.05500E-02 2.86670E-04 1.97759E-05 3.47304E-01 
1.97759E-05 4.63642E-04 5.21196E-03 8.01770E-03 1.13415E-02 2.29241E-01 5.73729E-01 2.01238E-02 4.63642E-04 1.97759E-05 3.23846E-01 
1.97759E-05 6.21698E-04 5.25569E-03 7.77091E-03 1.09105E-02 2.20687E-01 5.56393E-01 1.96782E-02 6.21698E-04 1.97759E-05 3.01042E-01 
1.97759E-05 7.61230E-04 5.28006E-03 7.51849E-03 1.04800E-02 2.12209E-01 5.39035E-01 1.92145E-02 7.61230E-04 1.97759E-05 2.79000E-01 
1.97759E-05 8.56806E-04 5.28608E-03 7.31991E-03 1.01478E-02 2.05712E-01 5.25610E-01 1.88443E-02 8.56806E-04 1.97759E-05 2.62525E-01 
1.97759E-05 8.82756E-04 5.28579E-03 7.26138E-03 1.00510E-02 2.03824E-01 5.21688E-01 1.87344E-02 8.82756E-04 1.97759E-05 2.57811E-01 
1.97759E-05 9.94368E-04 5.27202E-03 6.98007E-03 9.59154E-03 1.94905E-01 5.03036E-01 1.82003E-02 9.94368E-04 1.97759E-05 2.36008E-01 
1.97759E-05 1.08676E-03 5.23871E-03 6.69576E-03 9.13660E-03 1.86130E-01 4.84476E-01 1.76516E-02 1.08676E-03 1.97759E-05 2.15362E-01 
1.97759E-05 1.16104E-03 5.18717E-03 6.40973E-03 8.68751E-03 1.77517E-01 4.66047E-01 1.70904E-02 1.16104E-03 1.97759E-05 1.95925E-01 
1.97759E-05 1.21839E-03 5.11884E-03 6.12330E-03 8.24557E-03 1.69081E-01 4.47789E-01 1.65192E-02 1.21839E-03 1.97759E-05 1.77732E-01 
1.04728E-04 1.26067E-03 5.03706E-03 5.84173E-03 7.81757E-03 1.60924E-01 4.29925E-01 1.59476E-02 1.26067E-03 1.04728E-04 1.60421E-01 
2.14192E-04 1.28846E-03 4.94075E-03 5.56040E-03 7.39648E-03 1.52932E-01 4.12217E-01 1.53677E-02 1.28846E-03 2.14192E-04 1.44287E-01 
3.06391E-04 1.30286E-03 4.83095E-03 5.27974E-03 6.98244E-03 1.45100E-01 3.94661E-01 1.47805E-02 1.30286E-03 3.06391E-04 1.29403E-01 
3.82595E-04 1.30517E-03 4.70923E-03 5.00127E-03 6.57701E-03 1.37447E-01 3.77302E-01 1.41887E-02 1.30517E-03 3.82595E-04 1.15747E-01 
4.44132E-04 1.29673E-03 4.57721E-03 4.72638E-03 6.18160E-03 1.29989E-01 3.60181E-01 1.35951E-02 1.29673E-03 4.44132E-04 1.03286E-01 
4.92359E-04 1.27888E-03 4.43649E-03 4.45638E-03 5.79749E-03 1.22741E-01 3.43339E-01 1.30022E-02 1.27888E-03 4.92359E-04 9.19730E-02 
5.28637E-04 1.25293E-03 4.28863E-03 4.19245E-03 5.42581E-03 1.15715E-01 3.26813E-01 1.24125E-02 1.25293E-03 5.28637E-04 8.17500E-02 
5.54305E-04 1.22016E-03 4.13517E-03 3.93566E-03 5.06750E-03 1.08923E-01 3.10639E-01 1.18284E-02 1.22016E-03 5.54305E-04 7.25529E-02 
5.70658E-04 1.18176E-03 3.97755E-03 3.68691E-03 4.72336E-03 1.02373E-01 2.94845E-01 1.12521E-02 1.18176E-03 5.70658E-04 6.43121E-02 
5.78930E-04 1.13887E-03 3.81712E-03 3.44698E-03 4.39399E-03 9.60719E-02 2.79462E-01 1.06856E-02 1.13887E-03 5.78930E-04 5.69552E-02 
5.80283E-04 1.09253E-03 3.65513E-03 3.21650E-03 4.07986E-03 9.00248E-02 2.64512E-01 1.01307E-02 1.09253E-03 5.80283E-04 5.04090E-02 
5.75798E-04 1.04369E-03 3.49274E-03 2.99595E-03 3.78124E-03 8.42353E-02 2.50017E-01 9.58897E-03 1.04369E-03 5.75798E-04 4.46010E-02 
5.66464E-04 9.93196E-04 3.33098E-03 2.78569E-03 3.49829E-03 7.87051E-02 2.35996E-01 9.06184E-03 9.93196E-04 5.66464E-04 3.94610E-02 
1.48915E-05 3.88152E-04 4.76432E-03 7.07134E-03 1.02366E-02 2.41604E-01 6.13068E-01 2.07112E-02 3.88152E-04 1.48915E-05 3.71937E-01 
1.48915E-05 3.88152E-04 4.82402E-03 6.86382E-03 9.86186E-03 2.32837E-01 5.95174E-01 2.02647E-02 3.88152E-04 1.48915E-05 3.48198E-01 
1.48915E-05 6.89046E-05 4.87119E-03 6.65949E-03 9.49740E-03 2.24254E-01 5.77472E-01 1.98129E-02 6.89046E-05 1.48915E-05 3.24887E-01 
1.48915E-05 2.17891E-04 4.90620E-03 6.45803E-03 9.14254E-03 2.15849E-01 5.59948E-01 1.93558E-02 2.17891E-04 1.48915E-05 3.02016E-01 
1.48915E-05 3.51962E-04 4.92526E-03 6.25212E-03 8.78780E-03 2.07512E-01 5.42389E-01 1.88835E-02 3.51962E-04 1.48915E-05 2.79880E-01 
1.48915E-05 4.71291E-04 4.92875E-03 6.04245E-03 8.43404E-03 1.99261E-01 5.24831E-01 1.83975E-02 4.71291E-04 1.48915E-05 2.58576E-01 
1.48915E-05 5.76190E-04 4.91714E-03 5.82970E-03 8.08209E-03 1.91111E-01 5.07308E-01 1.78992E-02 5.76190E-04 1.48915E-05 2.38182E-01 
1.48915E-05 6.47717E-04 4.89819E-03 5.66344E-03 7.81157E-03 1.84885E-01 4.93795E-01 1.75062E-02 6.47717E-04 1.48915E-05 2.23068E-01 
1.48915E-05 6.67080E-04 4.89105E-03 5.61461E-03 7.73283E-03 1.83078E-01 4.89854E-01 1.73902E-02 6.67080E-04 1.48915E-05 2.18763E-01 
1.48915E-05 7.49994E-04 4.84752E-03 5.38096E-03 7.36019E-03 1.74564E-01 4.71150E-01 1.68311E-02 7.49994E-04 1.48915E-05 1.98971E-01 
1.48915E-05 8.18021E-04 4.78899E-03 5.14645E-03 6.99269E-03 1.66220E-01 4.52606E-01 1.62636E-02 8.18021E-04 1.48915E-05 1.80410E-01 
1.48915E-05 8.72054E-04 4.71660E-03 4.91207E-03 6.63133E-03 1.58059E-01 4.34259E-01 1.56897E-02 8.72054E-04 1.48915E-05 1.63100E-01 
1.48915E-05 9.13071E-04 4.63154E-03 4.67882E-03 6.27708E-03 1.50098E-01 4.16147E-01 1.51116E-02 9.13071E-04 1.48915E-05 1.47045E-01 
7.87308E-05 9.42505E-04 4.53676E-03 4.45075E-03 5.93518E-03 1.42428E-01 3.98491E-01 1.45381E-02 9.42505E-04 7.87308E-05 1.31941E-01 
1.60623E-04 9.60901E-04 4.43116E-03 4.22420E-03 5.60009E-03 1.34943E-01 3.81052E-01 1.39616E-02 9.60901E-04 1.60623E-04 1.17986E-01 
2.29182E-04 9.69175E-04 4.31557E-03 3.99949E-03 5.27188E-03 1.27636E-01 3.63826E-01 1.33828E-02 9.69175E-04 2.29182E-04 1.05217E-01 
2.85446E-04 9.68376E-04 4.19134E-03 3.77775E-03 4.95173E-03 1.20524E-01 3.46855E-01 1.28042E-02 9.68376E-04 2.85446E-04 9.35965E-02 
3.30492E-04 9.59570E-04 4.05981E-03 3.56003E-03 4.64068E-03 1.13620E-01 3.30179E-01 1.22281E-02 9.59570E-04 3.30492E-04 8.30748E-02 
3.65414E-04 9.43816E-04 3.92229E-03 3.34730E-03 4.33968E-03 1.06938E-01 3.13836E-01 1.16567E-02 9.43816E-04 3.65414E-04 7.35945E-02 
3.91297E-04 9.22146E-04 3.78009E-03 3.14041E-03 4.04953E-03 1.00487E-01 2.97861E-01 1.10921E-02 9.22146E-04 3.91297E-04 6.50910E-02 
4.09204E-04 8.95549E-04 3.63443E-03 2.94010E-03 3.77088E-03 9.42744E-02 2.82283E-01 1.05364E-02 8.95549E-04 4.09204E-04 5.74952E-02 
4.20152E-04 8.64960E-04 3.48650E-03 2.74700E-03 3.50427E-03 8.83079E-02 2.67130E-01 9.99136E-03 8.64960E-04 4.20152E-04 5.07358E-02 
4.25107E-04 8.31243E-04 3.33737E-03 2.56163E-03 3.25007E-03 8.25914E-02 2.52427E-01 9.45855E-03 8.31243E-04 4.25107E-04 4.47410E-02 
4.24971E-04 7.95194E-04 3.18804E-03 2.38438E-03 3.00855E-03 7.71279E-02 2.38192E-01 8.93943E-03 7.95194E-04 4.24971E-04 3.94403E-02 
4.20576E-04 7.57525E-04 3.03942E-03 2.21554E-03 2.77983E-03 7.19185E-02 2.24444E-01 8.43524E-03 7.57525E-04 4.20576E-04 3.47655E-02 
4.12681E-04 7.18875E-04 2.89232E-03 2.05528E-03 2.56393E-03 6.69627E-02 2.11195E-01 7.94702E-03 7.18875E-04 4.12681E-04 3.06516E-02 
1.10601E-05 2.88826E-04 4.66336E-03 5.49803E-03 7.92183E-03 2.18690E-01 5.80595E-01 1.96071E-02 2.88826E-04 1.10601E-05 3.25267E-01 
1.10601E-05 2.88826E-04 4.67613E-03 5.31875E-03 7.61196E-03 2.10238E-01 5.62450E-01 1.91135E-02 2.88826E-04 1.10601E-05 3.02578E-01 
1.10601E-05 5.13523E-05 4.68016E-03 5.14401E-03 7.31220E-03 2.01992E-01 5.44553E-01 1.86197E-02 5.13523E-05 1.10601E-05 2.80574E-01 
1.10601E-05 1.62295E-04 4.67559E-03 4.97332E-03 7.02180E-03 1.93942E-01 5.26892E-01 1.81255E-02 1.62295E-04 1.10601E-05 2.59245E-01 
1.10601E-05 2.61962E-04 4.65886E-03 4.80055E-03 6.73289E-03 1.85983E-01 5.09250E-01 1.76214E-02 2.61962E-04 1.10601E-05 2.38796E-01 
1.10601E-05 3.50457E-04 4.63029E-03 4.62617E-03 6.44611E-03 1.78132E-01 4.91664E-01 1.71088E-02 3.50457E-04 1.10601E-05 2.19296E-01 
1.10601E-05 4.28001E-04 4.59028E-03 4.45065E-03 6.16204E-03 1.70402E-01 4.74168E-01 1.65889E-02 4.28001E-04 1.10601E-05 2.00797E-01 
1.10601E-05 4.80680E-04 4.55180E-03 4.31441E-03 5.94449E-03 1.64515E-01 4.60714E-01 1.61825E-02 4.80680E-04 1.10601E-05 1.87195E-01 
1.10601E-05 4.94905E-04 4.53934E-03 4.27454E-03 5.88130E-03 1.62809E-01 4.56796E-01 1.60631E-02 4.94905E-04 1.10601E-05 1.83337E-01 
1.10601E-05 5.55591E-04 4.47286E-03 4.08460E-03 5.58302E-03 1.54790E-01 4.38241E-01 1.54915E-02 5.55591E-04 1.10601E-05 1.65702E-01 
1.10601E-05 6.04989E-04 4.39522E-03 3.89531E-03 5.29008E-03 1.46958E-01 4.19907E-01 1.49167E-02 6.04989E-04 1.10601E-05 1.49313E-01 
1.10601E-05 6.43800E-04 4.30735E-03 3.70736E-03 5.00318E-03 1.39328E-01 4.01832E-01 1.43406E-02 6.43800E-04 1.10601E-05 1.34165E-01 
1.10601E-05 6.72791E-04 4.21025E-03 3.52146E-03 4.72304E-03 1.31912E-01 3.84052E-01 1.37652E-02 6.72791E-04 1.10601E-05 1.20237E-01 
5.83883E-05 6.93030E-04 4.10652E-03 3.34068E-03 4.45363E-03 1.24794E-01 3.66778E-01 1.31988E-02 6.93030E-04 5.83883E-05 1.07271E-01 
1.18855E-04 7.05016E-04 3.99498E-03 3.16214E-03 4.19060E-03 1.17873E-01 3.49778E-01 1.26337E-02 7.05016E-04 1.18855E-04 9.53929E-02 
1.69199E-04 7.09482E-04 3.87632E-03 2.98604E-03 3.93398E-03 1.11143E-01 3.33045E-01 1.20704E-02 7.09482E-04 1.69199E-04 8.46081E-02 
2.10244E-04 7.07249E-04 3.75165E-03 2.81321E-03 3.68462E-03 1.04618E-01 3.16619E-01 1.15111E-02 7.07249E-04 2.10244E-04 7.48678E-02 
2.42844E-04 6.99147E-04 3.62206E-03 2.64441E-03 3.44329E-03 9.83090E-02 3.00538E-01 1.09579E-02 6.99147E-04 2.42844E-04 6.61144E-02 
2.67857E-04 6.85993E-04 3.48865E-03 2.48030E-03 3.21064E-03 9.22255E-02 2.84835E-01 1.04125E-02 6.85993E-04 2.67857E-04 5.82843E-02 
2.86132E-04 6.68582E-04 3.35247E-03 2.32149E-03 2.98722E-03 8.63755E-02 2.69541E-01 9.87692E-03 6.68582E-04 2.86132E-04 5.13099E-02 
2.98493E-04 6.47667E-04 3.21451E-03 2.16846E-03 2.77347E-03 8.07648E-02 2.54684E-01 9.35262E-03 6.47667E-04 2.98493E-04 4.51220E-02 
3.05726E-04 6.23957E-04 3.07571E-03 2.02163E-03 2.56972E-03 7.53975E-02 2.40285E-01 8.84110E-03 6.23957E-04 3.05726E-04 3.96510E-02 
3.08571E-04 5.98102E-04 2.93693E-03 1.88131E-03 2.37619E-03 7.02758E-02 2.26366E-01 8.34364E-03 5.98102E-04 3.08571E-04 3.48286E-02 
3.07717E-04 5.70695E-04 2.79897E-03 1.74773E-03 2.19300E-03 6.54005E-02 2.12941E-01 7.86133E-03 5.70695E-04 3.07717E-04 3.05895E-02 
3.03794E-04 5.42266E-04 2.66252E-03 1.62102E-03 2.02016E-03 6.07707E-02 2.00024E-01 7.39510E-03 5.42266E-04 3.03794E-04 2.68716E-02 
2.97374E-04 5.13283E-04 2.52822E-03 1.50126E-03 1.85762E-03 5.63843E-02 1.87623E-01 6.94569E-03 5.13283E-04 2.97374E-04 2.36169E-02 
8.08836E-06 2.10150E-04 4.54529E-03 4.19896E-03 6.05934E-03 1.95819E-01 5.45861E-01 1.84337E-02 2.10150E-04 8.08836E-06 2.80275E-01 
8.08836E-06 2.10150E-04 4.52046E-03 4.04770E-03 5.80598E-03 1.87788E-01 5.27666E-01 1.79078E-02 2.10150E-04 8.08836E-06 2.59111E-01 
8.08836E-06 3.73650E-05 4.49007E-03 3.90181E-03 5.56231E-03 1.79976E-01 5.09774E-01 1.73862E-02 3.73650E-05 8.08836E-06 2.38813E-01 
8.08836E-06 1.18105E-04 4.45405E-03 3.76070E-03 5.32752E-03 1.72374E-01 4.92170E-01 1.68686E-02 1.18105E-04 8.08836E-06 2.19354E-01 
8.08836E-06 1.90617E-04 4.40909E-03 3.61925E-03 5.09517E-03 1.64882E-01 4.74638E-01 1.63455E-02 1.90617E-04 8.08836E-06 2.00861E-01 
8.08836E-06 2.54930E-04 4.35544E-03 3.47777E-03 4.86567E-03 1.57514E-01 4.57213E-01 1.58183E-02 2.54930E-04 8.08836E-06 1.83377E-01 
8.08836E-06 3.11172E-04 4.29341E-03 3.33654E-03 4.63940E-03 1.50285E-01 4.39930E-01 1.52882E-02 3.11172E-04 8.08836E-06 1.66931E-01 
8.08836E-06 3.49282E-04 4.23994E-03 3.22766E-03 4.46680E-03 1.44794E-01 4.26675E-01 1.48769E-02 3.49282E-04 8.08836E-06 1.54929E-01 
8.08836E-06 3.59554E-04 4.22343E-03 3.19592E-03 4.41677E-03 1.43206E-01 4.22821E-01 1.47566E-02 3.59554E-04 8.08836E-06 1.51538E-01 
8.08836E-06 4.03246E-04 4.13961E-03 3.04537E-03 4.18128E-03 1.35756E-01 4.04607E-01 1.41831E-02 4.03246E-04 8.08836E-06 1.36123E-01 
8.08836E-06 4.38581E-04 4.04781E-03 2.89639E-03 3.95101E-03 1.28506E-01 3.86671E-01 1.36109E-02 4.38581E-04 8.08836E-06 1.21921E-01 
8.08836E-06 4.66084E-04 3.94877E-03 2.74944E-03 3.72645E-03 1.21469E-01 3.69048E-01 1.30419E-02 4.66084E-04 8.08836E-06 1.08905E-01 
8.08836E-06 4.86336E-04 3.84333E-03 2.60501E-03 3.50807E-03 1.14654E-01 3.51771E-01 1.24774E-02 4.86336E-04 8.08836E-06 9.70369E-02 
4.26451E-05 5.00097E-04 3.73375E-03 2.46531E-03 3.29881E-03 1.08137E-01 3.35045E-01 1.19254E-02 5.00097E-04 4.26451E-05 8.60972E-02 
8.66392E-05 5.07807E-04 3.61882E-03 2.32813E-03 3.09533E-03 1.01824E-01 3.18641E-01 1.13782E-02 5.07807E-04 8.66392E-05 7.61554E-02 
1.23088E-04 5.10036E-04 3.49906E-03 2.19357E-03 2.89759E-03 9.57081E-02 3.02550E-01 1.08363E-02 5.10036E-04 1.23088E-04 6.71962E-02 
1.52630E-04 5.07408E-04 3.37538E-03 2.06222E-03 2.70620E-03 8.98008E-02 2.86811E-01 1.03015E-02 5.07408E-04 1.52630E-04 5.91635E-02 
1.75921E-04 5.00551E-04 3.24869E-03 1.93458E-03 2.52169E-03 8.41112E-02 2.71457E-01 9.77542E-03 5.00551E-04 1.75921E-04 5.19959E-02 
1.93621E-04 4.90080E-04 3.11987E-03 1.81110E-03 2.34449E-03 7.86464E-02 2.56519E-01 9.25977E-03 4.90080E-04 1.93621E-04 4.56282E-02 
2.06376E-04 4.76592E-04 2.98976E-03 1.69216E-03 2.17498E-03 7.34118E-02 2.42023E-01 8.75597E-03 4.76592E-04 2.06376E-04 3.99940E-02 
2.14814E-04 4.60650E-04 2.85917E-03 1.57808E-03 2.01341E-03 6.84111E-02 2.27991E-01 8.26534E-03 4.60650E-04 2.14814E-04 3.50267E-02 
2.19528E-04 4.42777E-04 2.72884E-03 1.46910E-03 1.85997E-03 6.36464E-02 2.14444E-01 7.78900E-03 4.42777E-04 2.19528E-04 3.06613E-02 
2.21074E-04 4.23454E-04 2.59945E-03 1.36539E-03 1.71477E-03 5.91178E-02 2.01396E-01 7.32795E-03 4.23454E-04 2.21074E-04 2.68356E-02 
2.19969E-04 4.03116E-04 2.47162E-03 1.26705E-03 1.57784E-03 5.48244E-02 1.88859E-01 6.88299E-03 4.03116E-04 2.19969E-04 2.34907E-02 
2.16682E-04 3.82148E-04 2.34590E-03 1.17415E-03 1.44913E-03 5.07637E-02 1.76841E-01 6.45478E-03 3.82148E-04 2.16682E-04 2.05720E-02 
2.11636E-04 3.60888E-04 2.22277E-03 1.08666E-03 1.32853E-03 4.69321E-02 1.65347E-01 6.04380E-03 3.60888E-04 2.11636E-04 1.80290E-02 
5.83963E-06 1.49707E-04 4.41328E-03 3.15086E-03 4.59315E-03 1.73567E-01 5.09707E-01 1.72207E-02 1.49707E-04 5.83963E-06 2.38154E-01 
5.83963E-06 1.49707E-04 4.35935E-03 3.02644E-03 4.38790E-03 1.66039E-01 4.91660E-01 1.66763E-02 1.49707E-04 5.83963E-06 2.18854E-01 
5.83963E-06 2.65661E-05 4.30242E-03 2.90775E-03 4.19172E-03 1.58740E-01 4.73964E-01 1.61400E-02 2.65661E-05 5.83963E-06 2.00531E-01 
5.83963E-06 8.40602E-05 4.24225E-03 2.79411E-03 4.00376E-03 1.51658E-01 4.56603E-01 1.56109E-02 8.40602E-05 5.83963E-06 1.83139E-01 
5.83963E-06 1.35770E-04 4.17576E-03 2.68134E-03 3.81879E-03 1.44700E-01 4.39362E-01 1.50804E-02 1.35770E-04 5.83963E-06 1.66744E-01 
5.83963E-06 1.81660E-04 4.10314E-03 2.56956E-03 3.63705E-03 1.37879E-01 4.22276E-01 1.45494E-02 1.81660E-04 5.83963E-06 1.51370E-01 
5.83963E-06 2.21777E-04 4.02463E-03 2.45893E-03 3.45876E-03 1.31207E-01 4.05379E-01 1.40192E-02 2.21777E-04 5.83963E-06 1.37023E-01 
5.83963E-06 2.48929E-04 3.96006E-03 2.37423E-03 3.32333E-03 1.26153E-01 3.92454E-01 1.36101E-02 2.48929E-04 5.83963E-06 1.26625E-01 
5.83963E-06 2.56239E-04 3.94057E-03 2.34963E-03 3.28416E-03 1.24695E-01 3.88702E-01 1.34908E-02 2.56239E-04 5.83963E-06 1.23699E-01 
5.83963E-06 2.87277E-04 3.84416E-03 2.23347E-03 3.10033E-03 1.17863E-01 3.71003E-01 1.29247E-02 2.87277E-04 5.83963E-06 1.10462E-01 
5.83963E-06 3.12265E-04 3.74231E-03 2.11935E-03 2.92138E-03 1.11239E-01 3.53631E-01 1.23636E-02 3.12265E-04 5.83963E-06 9.83673E-02 
5.83963E-06 3.31577E-04 3.63563E-03 2.00754E-03 2.74764E-03 1.04832E-01 3.36619E-01 1.18090E-02 3.31577E-04 5.83963E-06 8.73712E-02 
5.83963E-06 3.45634E-04 3.52478E-03 1.89832E-03 2.57938E-03 9.86497E-02 3.19996E-01 1.12622E-02 3.45634E-04 5.83963E-06 7.74231E-02 
3.07568E-05 3.54956E-04 3.41179E-03 1.79323E-03 2.41876E-03 9.27594E-02 3.03958E-01 1.07305E-02 3.54956E-04 3.07568E-05 6.83378E-02 
6.23860E-05 3.59915E-04 3.29539E-03 1.69061E-03 2.26321E-03 8.70739E-02 2.88282E-01 1.02064E-02 3.59915E-04 6.23860E-05 6.01436E-02 
8.84817E-05 3.60943E-04 3.17596E-03 1.59050E-03 2.11265E-03 8.15865E-02 2.72958E-01 9.69028E-03 3.60943E-04 8.84817E-05 5.28113E-02 
1.09525E-04 3.58502E-04 3.05425E-03 1.49326E-03 1.96750E-03 7.63058E-02 2.58020E-01 9.18356E-03 3.58502E-04 1.09525E-04 4.62824E-02 
1.26008E-04 3.53054E-04 2.93100E-03 1.39923E-03 1.82811E-03 7.12389E-02 2.43500E-01 8.68773E-03 3.53054E-04 1.26008E-04 4.04953E-02 
1.38426E-04 3.45054E-04 2.80692E-03 1.30867E-03 1.69476E-03 6.63907E-02 2.29422E-01 8.20411E-03 3.45054E-04 1.38426E-04 3.53870E-02 
1.47263E-04 3.34939E-04 2.68270E-03 1.22182E-03 1.56767E-03 6.17647E-02 2.15809E-01 7.73388E-03 3.34939E-04 1.47263E-04 3.08948E-02 
1.52985E-04 3.23120E-04 2.55897E-03 1.13886E-03 1.44699E-03 5.73625E-02 2.02681E-01 7.27806E-03 3.23120E-04 1.52985E-04 2.69575E-02 
1.56034E-04 3.09980E-04 2.43633E-03 1.05991E-03 1.33281E-03 5.31844E-02 1.90052E-01 6.83754E-03 3.09980E-04 1.56034E-04 2.35164E-02 
1.56821E-04 2.95867E-04 2.31531E-03 9.85052E-04 1.22515E-03 4.92291E-02 1.77933E-01 6.41302E-03 2.95867E-04 1.56821E-04 2.05164E-02 
1.55726E-04 2.81094E-04 2.19641E-03 9.14318E-04 1.12399E-03 4.54941E-02 1.66331E-01 6.00507E-03 2.81094E-04 1.55726E-04 1.79062E-02 
1.53095E-04 2.65938E-04 2.08003E-03 8.47697E-04 1.02925E-03 4.19757E-02 1.55251E-01 5.61413E-03 2.65938E-04 1.53095E-04 1.56387E-02 
1.49238E-04 2.50642E-04 1.96657E-03 7.85144E-04 9.40809E-04 3.86691E-02 1.44694E-01 5.24046E-03 2.50642E-04 1.49238E-04 1.36716E-02 
4.13531E-06 1.03508E-04 4.26699E-03 2.30345E-03 3.43258E-03 1.51866E-01 4.71981E-01 1.59640E-02 1.03508E-04 4.13531E-06 1.98809E-01 
4.13531E-06 1.03508E-04 4.19080E-03 2.20456E-03 3.26850E-03 1.44918E-01 4.54274E-01 1.54129E-02 1.03508E-04 4.13531E-06 1.81625E-01 
4.13531E-06 1.82817E-05 4.11362E-03 2.11134E-03 3.11270E-03 1.38200E-01 4.36960E-01 1.48729E-02 1.82817E-05 4.13531E-06 1.65463E-01 
4.13531E-06 5.79822E-05 4.03508E-03 2.02308E-03 2.96434E-03 1.31702E-01 4.20022E-01 1.43430E-02 5.79822E-05 4.13531E-06 1.50266E-01 
4.13531E-06 9.38279E-05 3.95235E-03 1.93642E-03 2.81922E-03 1.25337E-01 4.03249E-01 1.38148E-02 9.38279E-05 4.13531E-06 1.36052E-01 
4.13531E-06 1.25728E-04 3.86556E-03 1.85136E-03 2.67743E-03 1.19117E-01 3.86674E-01 1.32893E-02 1.25728E-04 4.13531E-06 1.22825E-01 
4.13531E-06 1.53663E-04 3.77489E-03 1.76792E-03 2.53907E-03 1.13051E-01 3.70330E-01 1.27675E-02 1.53663E-04 4.13531E-06 1.10576E-01 
4.13531E-06 1.72582E-04 3.70223E-03 1.70449E-03 2.43444E-03 1.08470E-01 3.57861E-01 1.23670E-02 1.72582E-04 4.13531E-06 1.01757E-01 
4.13531E-06 1.77675E-04 3.68060E-03 1.68614E-03 2.40426E-03 1.07150E-01 3.54247E-01 1.22505E-02 1.77675E-04 4.13531E-06 9.92854E-02 
4.13531E-06 1.99290E-04 3.57524E-03 1.59991E-03 2.26300E-03 1.00979E-01 3.37230E-01 1.16995E-02 1.99290E-04 4.13531E-06 8.81551E-02 
4.13531E-06 2.16656E-04 3.46648E-03 1.51581E-03 2.12617E-03 9.50180E-02 3.20583E-01 1.11566E-02 2.16656E-04 4.13531E-06 7.80647E-02 
4.13531E-06 2.30021E-04 3.35482E-03 1.43397E-03 1.99392E-03 8.92720E-02 3.04334E-01 1.06229E-02 2.30021E-04 4.13531E-06 6.89617E-02 
4.13531E-06 2.39675E-04 3.24078E-03 1.35452E-03 1.86642E-03 8.37472E-02 2.88510E-01 1.00997E-02 2.39675E-04 4.13531E-06 6.07885E-02 
2.17632E-05 2.45951E-04 3.12619E-03 1.27848E-03 1.74518E-03 7.85026E-02 2.73293E-01 9.59327E-03 2.45951E-04 2.17632E-05 5.33897E-02 
4.40888E-05 2.49155E-04 3.00973E-03 1.20462E-03 1.62825E-03 7.34588E-02 2.58470E-01 9.09681E-03 2.49155E-04 4.40888E-05 4.67648E-02 
6.24468E-05 2.49602E-04 2.89167E-03 1.13293E-03 1.51555E-03 6.86086E-02 2.44030E-01 8.61024E-03 2.49602E-04 6.24468E-05 4.08768E-02 
7.71869E-05 2.47623E-04 2.77261E-03 1.06362E-03 1.40735E-03 6.39587E-02 2.30004E-01 8.13489E-03 2.47623E-04 7.71869E-05 3.56682E-02 
8.86691E-05 2.43549E-04 2.65317E-03 9.96886E-04 1.30384E-03 5.95138E-02 2.16416E-01 7.67195E-03 2.43549E-04 8.86691E-05 3.10804E-02 
9.72533E-05 2.37703E-04 2.53392E-03 9.32878E-04 1.20521E-03 5.52770E-02 2.03289E-01 7.22250E-03 2.37703E-04 9.72533E-05 2.70553E-02 
1.03292E-04 2.30399E-04 2.41541E-03 8.71716E-04 1.11157E-03 5.12501E-02 1.90642E-01 6.78745E-03 2.30399E-04 1.03292E-04 2.35358E-02 
1.07125E-04 2.21929E-04 2.29814E-03 8.13484E-04 1.02298E-03 4.74329E-02 1.78489E-01 6.36759E-03 2.21929E-04 1.07125E-04 2.04678E-02 
1.09071E-04 2.12565E-04 2.18260E-03 7.58232E-04 9.39477E-04 4.38243E-02 1.66841E-01 5.96357E-03 2.12565E-04 1.09071E-04 1.78000E-02 
1.09428E-04 2.02554E-04 2.06919E-03 7.05980E-04 8.61037E-04 4.04217E-02 1.55704E-01 5.57586E-03 2.02554E-04 1.09428E-04 1.54850E-02 
1.08472E-04 1.92119E-04 1.95831E-03 6.56717E-04 7.87602E-04 3.72215E-02 1.45083E-01 5.20483E-03 1.92119E-04 1.08472E-04 1.34796E-02 
1.06452E-04 1.81454E-04 1.85027E-03 6.10405E-04 7.19079E-04 3.42189E-02 1.34978E-01 4.85071E-03 1.81454E-04 1.06452E-04 1.17447E-02 
1.03591E-04 1.70730E-04 1.74537E-03 5.66987E-04 6.55342E-04 3.14086E-02 1.25385E-01 4.51360E-03 1.70730E-04 1.03591E-04 1.02451E-02 
2.87805E-06 6.94064E-05 4.10955E-03 1.63736E-03 2.53391E-03 1.31212E-01 4.33490E-01 1.46904E-02 6.94064E-05 2.87805E-06 1.63122E-01 
2.87805E-06 6.94064E-05 4.01708E-03 1.56194E-03 2.40434E-03 1.24894E-01 4.16304E-01 1.41433E-02 6.94064E-05 2.87805E-06 1.48172E-01 
2.87805E-06 1.21537E-05 3.92511E-03 1.49179E-03 2.28213E-03 1.18804E-01 3.99545E-01 1.36094E-02 1.21537E-05 2.87805E-06 1.34235E-01 
2.87805E-06 3.87079E-05 3.83323E-03 1.42623E-03 2.16651E-03 1.12931E-01 3.83197E-01 1.30878E-02 3.87079E-05 2.87805E-06 1.21245E-01 
2.87805E-06 6.28584E-05 3.73880E-03 1.36259E-03 2.05413E-03 1.07195E-01 3.67052E-01 1.25704E-02 6.28584E-05 2.87805E-06 1.09184E-01 
2.87805E-06 8.44750E-05 3.64192E-03 1.30077E-03 1.94498E-03 1.01606E-01 3.51144E-01 1.20582E-02 8.44750E-05 2.87805E-06 9.80435E-02 
2.87805E-06 1.03490E-04 3.54272E-03 1.24071E-03 1.83906E-03 9.61739E-02 3.35501E-01 1.15521E-02 1.03490E-04 2.87805E-06 8.78009E-02 
2.87805E-06 1.16406E-04 3.46452E-03 1.19541E-03 1.75934E-03 9.20823E-02 3.23599E-01 1.11653E-02 1.16406E-04 2.87805E-06 8.04743E-02 
2.87805E-06 1.19888E-04 3.44143E-03 1.18236E-03 1.73640E-03 9.09049E-02 3.20154E-01 1.10531E-02 1.19888E-04 2.87805E-06 7.84282E-02 
2.87805E-06 1.34683E-04 3.33014E-03 1.12132E-03 1.62938E-03 8.54142E-02 3.03965E-01 1.05239E-02 1.34683E-04 2.87805E-06 6.92563E-02 
2.87805E-06 1.46582E-04 3.21705E-03 1.06225E-03 1.52625E-03 8.01276E-02 2.88178E-01 1.00049E-02 1.46582E-04 2.87805E-06 6.10036E-02 
2.87805E-06 1.55737E-04 3.10257E-03 1.00514E-03 1.42704E-03 7.50500E-02 2.72820E-01 9.49735E-03 1.55737E-04 2.87805E-06 5.36133E-02 
2.87805E-06 1.62336E-04 2.98711E-03 9.50028E-04 1.33184E-03 7.01852E-02 2.57912E-01 9.00203E-03 1.62336E-04 2.87805E-06 4.70255E-02 
1.51395E-05 1.66572E-04 2.87233E-03 8.97539E-04 1.24167E-03 6.55839E-02 2.43626E-01 8.52488E-03 1.66572E-04 1.51395E-05 4.11113E-02 
3.06454E-05 1.68692E-04 2.75689E-03 8.46800E-04 1.15509E-03 6.11747E-02 2.29755E-01 8.05925E-03 1.68692E-04 3.06454E-05 3.58520E-02 
4.33652E-05 1.68919E-04 2.64094E-03 7.97765E-04 1.07200E-03 5.69503E-02 2.16289E-01 7.60498E-03 1.68919E-04 4.33652E-05 3.12073E-02 
5.35451E-05 1.67480E-04 2.52501E-03 7.50540E-04 9.92545E-04 5.29154E-02 2.03253E-01 7.16316E-03 1.67480E-04 5.35451E-05 2.71238E-02 
6.14396E-05 1.64602E-04 2.40958E-03 7.05216E-04 9.16853E-04 4.90729E-02 1.90670E-01 6.73477E-03 1.64602E-04 6.14396E-05 2.35481E-02 
6.73041E-05 1.60513E-04 2.29512E-03 6.61861E-04 8.45007E-04 4.54243E-02 1.78557E-01 6.32064E-03 1.60513E-04 6.73041E-05 2.04282E-02 
7.13889E-05 1.55430E-04 2.18208E-03 6.20523E-04 7.77057E-04 4.19698E-02 1.66928E-01 5.92149E-03 1.55430E-04 7.13889E-05 1.77145E-02 
7.39345E-05 1.49555E-04 2.07086E-03 5.81231E-04 7.13021E-04 3.87080E-02 1.55794E-01 5.53788E-03 1.49555E-04 7.39345E-05 1.53604E-02 
7.51684E-05 1.43080E-04 1.96184E-03 5.43989E-04 6.52885E-04 3.56366E-02 1.45161E-01 5.17024E-03 1.43080E-04 7.51684E-05 1.33225E-02 
7.53023E-05 1.36175E-04 1.85535E-03 5.08787E-04 5.96603E-04 3.27520E-02 1.35034E-01 4.81889E-03 1.36175E-04 7.53023E-05 1.15614E-02 
7.45311E-05 1.28996E-04 1.75168E-03 4.75596E-04 5.44105E-04 3.00499E-02 1.25410E-01 4.48400E-03 1.28996E-04 7.45311E-05 1.00416E-02 
7.30319E-05 1.21678E-04 1.65109E-03 4.44375E-04 4.95297E-04 2.75249E-02 1.16289E-01 4.16563E-03 1.21678E-04 7.30319E-05 8.73126E-03 
7.09640E-05 1.14340E-04 1.55379E-03 4.15067E-04 4.50066E-04 2.51711E-02 1.07663E-01 3.86374E-03 1.14340E-04 7.09640E-05 7.60239E-03 
1.96648E-06 4.49006E-05 3.94280E-03 1.12535E-03 1.84614E-03 1.11848E-01 3.94706E-01 1.34150E-02 4.49006E-05 1.96648E-06 1.31402E-01 
1.96648E-06 4.49006E-05 3.83894E-03 1.07095E-03 1.74517E-03 1.06192E-01 3.78206E-01 1.28807E-02 4.49006E-05 1.96648E-06 1.18697E-01 
1.96648E-06 7.74990E-06 3.73666E-03 1.02119E-03 1.65060E-03 1.00757E-01 3.62161E-01 1.23612E-02 7.74990E-06 1.96648E-06 1.06952E-01 
1.96648E-06 2.48550E-05 3.63551E-03 9.75400E-04 1.56171E-03 9.55303E-02 3.46552E-01 1.18556E-02 2.48550E-05 1.96648E-06 9.60953E-02 
1.96648E-06 4.06020E-05 3.53305E-03 9.31546E-04 1.47588E-03 9.04412E-02 3.31180E-01 1.13561E-02 4.06020E-05 1.96648E-06 8.60873E-02 
1.96648E-06 5.48377E-05 3.42937E-03 8.89463E-04 1.39304E-03 8.54978E-02 3.16075E-01 1.08638E-02 5.48377E-05 1.96648E-06 7.69071E-02 
1.96648E-06 6.74627E-05 3.32457E-03 8.49014E-04 1.31312E-03 8.07071E-02 3.01265E-01 1.03794E-02 6.74627E-05 1.96648E-06 6.85257E-02 
1.96648E-06 7.60910E-05 3.24284E-03 8.18766E-04 1.25326E-03 7.71089E-02 2.90025E-01 1.00106E-02 7.60910E-05 1.96648E-06 6.25673E-02 
1.96648E-06 7.84243E-05 3.21884E-03 8.10088E-04 1.23608E-03 7.60751E-02 2.86776E-01 9.90377E-03 7.84243E-05 1.96648E-06 6.09090E-02 
1.96648E-06 8.83708E-05 3.10402E-03 7.69726E-04 1.15621E-03 7.12640E-02 2.71540E-01 9.40155E-03 8.83708E-05 1.96648E-06 5.35078E-02 
1.96648E-06 9.64114E-05 2.98864E-03 7.30956E-04 1.07963E-03 6.66478E-02 2.56730E-01 8.91129E-03 9.64114E-05 1.96648E-06 4.68961E-02 
1.96648E-06 1.02626E-04 2.87302E-03 6.93720E-04 1.00635E-03 6.22297E-02 2.42369E-01 8.43382E-03 1.02626E-04 1.96648E-06 4.10170E-02 
1.96648E-06 1.07126E-04 2.75751E-03 6.57979E-04 9.36348E-04 5.80117E-02 2.28475E-01 7.96992E-03 1.07126E-04 1.96648E-06 3.58120E-02 
1.03433E-05 1.10010E-04 2.64364E-03 6.24064E-04 8.70332E-04 5.40365E-02 2.15204E-01 7.52493E-03 1.10010E-04 1.03433E-05 3.11756E-02 
2.09308E-05 1.11469E-04 2.53002E-03 5.91390E-04 8.07225E-04 5.02411E-02 2.02364E-01 7.09254E-03 1.11469E-04 2.09308E-05 2.70792E-02 
2.96048E-05 1.11655E-04 2.41677E-03 5.59894E-04 7.46926E-04 4.66180E-02 1.89940E-01 6.67247E-03 1.11655E-04 2.96048E-05 2.34830E-02 
3.65322E-05 1.10716E-04 2.30430E-03 5.29612E-04 6.89514E-04 4.31704E-02 1.77954E-01 6.26562E-03 1.10716E-04 3.65322E-05 2.03391E-02 
4.18872E-05 1.08808E-04 2.19301E-03 5.00570E-04 6.35043E-04 3.98995E-02 1.66425E-01 5.87276E-03 1.08808E-04 4.18872E-05 1.76010E-02 
4.58455E-05 1.06081E-04 2.08331E-03 4.72786E-04 5.83544E-04 3.68055E-02 1.55367E-01 5.49454E-03 1.06081E-04 4.58455E-05 1.52238E-02 
4.85802E-05 1.02682E-04 1.97553E-03 4.46265E-04 5.35028E-04 3.38875E-02 1.44789E-01 5.13146E-03 1.02682E-04 4.85802E-05 1.31657E-02 
5.02580E-05 9.87501E-05 1.87002E-03 4.21006E-04 4.89480E-04 3.11430E-02 1.34698E-01 4.78392E-03 9.87501E-05 5.02580E-05 1.13878E-02 
5.10370E-05 9.44144E-05 1.76707E-03 3.96996E-04 4.46865E-04 2.85689E-02 1.25097E-01 4.45217E-03 9.44144E-05 5.10370E-05 9.85459E-03 
5.10647E-05 8.97923E-05 1.66694E-03 3.74214E-04 4.07129E-04 2.61610E-02 1.15985E-01 4.13637E-03 8.97923E-05 5.10647E-05 8.53424E-03 
5.04772E-05 8.49900E-05 1.56986E-03 3.52632E-04 3.70201E-04 2.39144E-02 1.07361E-01 3.83653E-03 8.49900E-05 5.04772E-05 7.39832E-03 
4.93987E-05 8.01017E-05 1.47602E-03 3.32216E-04 3.35994E-04 2.18237E-02 9.92163E-02 3.55260E-03 8.01017E-05 4.93987E-05 6.42178E-03 
4.79416E-05 7.52101E-05 1.38558E-03 3.12928E-04 3.04413E-04 1.98827E-02 9.15443E-02 3.28440E-03 7.52101E-05 4.79416E-05 5.58274E-03 
1.31765E-06 2.78163E-05 3.76847E-03 7.43209E-04 1.32617E-03 9.39707E-02 3.56092E-01 1.21517E-02 2.78163E-05 1.31765E-06 1.03788E-01 
1.31765E-06 2.78163E-05 3.65712E-03 7.07103E-04 1.24862E-03 8.89903E-02 3.40427E-01 1.16376E-02 2.78163E-05 1.31765E-06 9.32500E-02 
1.31765E-06 4.68836E-06 3.54809E-03 6.74828E-04 1.17650E-03 8.42173E-02 3.25235E-01 1.11393E-02 4.68836E-06 1.31765E-06 8.35844E-02 
1.31765E-06 1.52106E-05 3.44092E-03 6.45787E-04 1.10918E-03 7.96418E-02 3.10497E-01 1.06560E-02 1.52106E-05 1.31765E-06 7.47211E-02 
1.31765E-06 2.50898E-05 3.33337E-03 6.18456E-04 1.04461E-03 7.51995E-02 2.96022E-01 1.01803E-02 2.50898E-05 1.31765E-06 6.66061E-02 
1.31765E-06 3.41651E-05 3.22550E-03 5.92635E-04 9.82684E-04 7.08975E-02 2.81839E-01 9.71322E-03 3.41651E-05 1.31765E-06 5.92125E-02 
1.31765E-06 4.23209E-05 3.11742E-03 5.68150E-04 9.23306E-04 6.67410E-02 2.67972E-01 9.25531E-03 4.23209E-05 1.31765E-06 5.25074E-02 
1.31765E-06 4.79516E-05 3.03375E-03 5.50028E-04 8.79057E-04 6.36278E-02 2.57475E-01 8.90780E-03 4.79516E-05 1.31765E-06 4.77687E-02 
1.31765E-06 4.94823E-05 3.00929E-03 5.44855E-04 8.66393E-04 6.27347E-02 2.54446E-01 8.80735E-03 4.94823E-05 1.31765E-06 4.64543E-02 
1.31765E-06 5.60473E-05 2.89283E-03 5.20930E-04 8.07717E-04 5.85872E-02 2.40264E-01 8.33623E-03 5.60473E-05 1.31765E-06 4.06120E-02 
1.31765E-06 6.14074E-05 2.77675E-03 4.98123E-04 7.51771E-04 5.46214E-02 2.26524E-01 7.87819E-03 6.14074E-05 1.31765E-06 3.54287E-02 
1.31765E-06 6.55927E-05 2.66133E-03 4.76334E-04 6.98504E-04 5.08391E-02 2.13243E-01 7.43391E-03 6.55927E-05 1.31765E-06 3.08503E-02 
1.31765E-06 6.86619E-05 2.54684E-03 4.55486E-04 6.47877E-04 4.72410E-02 2.00438E-01 7.00399E-03 6.86619E-05 1.31765E-06 2.68231E-02 
6.93292E-06 7.06502E-05 2.43473E-03 4.35710E-04 6.00339E-04 4.38622E-02 1.88248E-01 6.59323E-03 7.06502E-05 6.93292E-06 2.32621E-02 
1.40338E-05 7.17029E-05 2.32359E-03 4.16646E-04 5.55105E-04 4.06478E-02 1.76492E-01 6.19570E-03 7.17029E-05 1.40338E-05 2.01346E-02 
1.98512E-05 7.19177E-05 2.21348E-03 3.98230E-04 5.12079E-04 3.75908E-02 1.65157E-01 5.81102E-03 7.19177E-05 1.98512E-05 1.74040E-02 
2.44936E-05 7.13887E-05 2.10474E-03 3.80453E-04 4.71290E-04 3.46925E-02 1.54260E-01 5.43993E-03 7.13887E-05 2.44936E-05 1.50291E-02 
2.80755E-05 7.02142E-05 1.99772E-03 3.63307E-04 4.32751E-04 3.19533E-02 1.43816E-01 5.08301E-03 7.02142E-05 2.80755E-05 1.29705E-02 
3.07141E-05 6.84930E-05 1.89274E-03 3.46783E-04 3.96462E-04 2.93722E-02 1.33833E-01 4.74074E-03 6.84930E-05 3.07141E-05 1.11911E-02 
3.25257E-05 6.63214E-05 1.79009E-03 3.30871E-04 3.62409E-04 2.69473E-02 1.24318E-01 4.41346E-03 6.63214E-05 3.25257E-05 9.65654E-03 
3.36229E-05 6.37915E-05 1.69005E-03 3.15558E-04 3.30560E-04 2.46755E-02 1.15275E-01 4.10140E-03 6.37915E-05 3.36229E-05 8.33556E-03 
3.41132E-05 6.09894E-05 1.59283E-03 3.00830E-04 3.00874E-04 2.25533E-02 1.06703E-01 3.80468E-03 6.09894E-05 3.41132E-05 7.19994E-03 
3.40976E-05 5.79942E-05 1.49866E-03 2.86672E-04 2.73296E-04 2.05761E-02 9.85988E-02 3.52330E-03 5.79942E-05 3.40976E-05 6.22462E-03 
3.36696E-05 5.48781E-05 1.40770E-03 2.73068E-04 2.47761E-04 1.87389E-02 9.09563E-02 3.25719E-03 5.48781E-05 3.36696E-05 5.38755E-03 
3.29154E-05 5.17059E-05 1.32010E-03 2.60003E-04 2.24197E-04 1.70360E-02 8.37672E-02 3.00616E-03 5.17059E-05 3.29154E-05 4.66955E-03 
3.19137E-05 4.85353E-05 1.23597E-03 2.47461E-04 2.02524E-04 1.54617E-02 7.70211E-02 2.76997E-03 4.85353E-05 3.19137E-05 4.05401E-03 
8.64908E-07 1.63155E-05 3.58812E-03 4.69580E-04 9.38146E-04 7.77304E-02 3.18101E-01 1.09134E-02 1.63155E-05 8.64908E-07 8.02660E-02 
8.64908E-07 1.63155E-05 3.47234E-03 4.48869E-04 8.79544E-04 7.34192E-02 3.03398E-01 1.04256E-02 1.63155E-05 8.64908E-07 7.17428E-02 
8.64908E-07 2.64151E-06 3.35935E-03 4.31097E-04 8.25435E-04 6.92996E-02 2.89178E-01 9.95409E-03 2.64151E-06 8.64908E-07 6.39844E-02 
8.64908E-07 8.74115E-06 3.24872E-03 4.15743E-04 7.75258E-04 6.53620E-02 2.75422E-01 9.49806E-03 8.74115E-06 8.64908E-07 5.69240E-02 
8.64908E-07 1.46550E-05 3.13837E-03 4.01722E-04 7.27472E-04 6.15505E-02 2.61949E-01 9.05078E-03 1.46550E-05 8.64908E-07 5.05021E-02 
8.64908E-07 2.02264E-05 3.02837E-03 3.88818E-04 6.81944E-04 5.78703E-02 2.48784E-01 8.61298E-03 2.02264E-05 8.64908E-07 4.46891E-02 
8.64908E-07 2.53368E-05 2.91884E-03 3.76842E-04 6.38558E-04 5.43256E-02 2.35950E-01 8.18528E-03 2.53368E-05 8.64908E-07 3.94513E-02 
8.64908E-07 2.89202E-05 2.83449E-03 3.68111E-04 6.06396E-04 5.16779E-02 2.26259E-01 7.86168E-03 2.89202E-05 8.64908E-07 3.57704E-02 
8.64908E-07 2.99022E-05 2.80991E-03 3.65635E-04 5.97217E-04 5.09196E-02 2.23466E-01 7.76832E-03 2.99022E-05 8.64908E-07 3.47526E-02 
8.64908E-07 3.41541E-05 2.69331E-03 3.54256E-04 5.54840E-04 4.74051E-02 2.10419E-01 7.33137E-03 3.41541E-05 8.64908E-07 3.02468E-02 
8.64908E-07 3.76803E-05 2.57780E-03 3.43471E-04 5.14663E-04 4.40562E-02 1.97818E-01 6.90816E-03 3.76803E-05 8.64908E-07 2.62752E-02 
8.64908E-07 4.04800E-05 2.46363E-03 3.33167E-04 4.76614E-04 4.08735E-02 1.85679E-01 6.49922E-03 4.04800E-05 8.64908E-07 2.27892E-02 
8.64908E-07 4.25761E-05 2.35104E-03 3.23251E-04 4.40634E-04 3.78566E-02 1.74013E-01 6.10499E-03 4.25761E-05 8.64908E-07 1.97413E-02 
4.55472E-06 4.39683E-05 2.24138E-03 3.13731E-04 4.07002E-04 3.50339E-02 1.62945E-01 5.72977E-03 4.39683E-05 4.55472E-06 1.70645E-02 
9.22902E-06 4.47621E-05 2.13324E-03 3.04418E-04 3.75154E-04 3.23584E-02 1.52308E-01 5.36800E-03 4.47621E-05 9.22902E-06 1.47265E-02 
1.30640E-05 4.50168E-05 2.02664E-03 2.95253E-04 3.45001E-04 2.98231E-02 1.42087E-01 5.01927E-03 4.50168E-05 1.30640E-05 1.26951E-02 
1.61261E-05 4.47880E-05 1.92188E-03 2.86210E-04 3.16540E-04 2.74286E-02 1.32296E-01 4.68414E-03 4.47880E-05 1.61261E-05 1.09363E-02 
1.84877E-05 4.41356E-05 1.81925E-03 2.77268E-04 2.89763E-04 2.51741E-02 1.22944E-01 4.36304E-03 4.41356E-05 1.84877E-05 9.41788E-03 
2.02241E-05 4.31212E-05 1.71901E-03 2.68411E-04 2.64652E-04 2.30580E-02 1.14038E-01 4.05629E-03 4.31212E-05 2.02241E-05 8.11016E-03 
2.14108E-05 4.18063E-05 1.62141E-03 2.59628E-04 2.41181E-04 2.10777E-02 1.05582E-01 3.76409E-03 4.18063E-05 2.14108E-05 6.98592E-03 
2.21221E-05 4.02501E-05 1.52667E-03 2.50911E-04 2.19313E-04 1.92299E-02 9.75736E-02 3.48656E-03 4.02501E-05 2.21221E-05 6.02070E-03 
2.24294E-05 3.85091E-05 1.43497E-03 2.42258E-04 1.99006E-04 1.75106E-02 9.00112E-02 3.22367E-03 3.85091E-05 2.24294E-05 5.19277E-03 
2.24006E-05 3.66360E-05 1.34647E-03 2.33667E-04 1.80210E-04 1.59152E-02 8.28887E-02 2.97534E-03 3.66360E-05 2.24006E-05 4.48303E-03 
2.20995E-05 3.46796E-05 1.26130E-03 2.25144E-04 1.62873E-04 1.44389E-02 7.61978E-02 2.74139E-03 3.46796E-05 2.20995E-05 3.87493E-03 
2.15853E-05 3.26846E-05 1.17957E-03 2.16694E-04 1.46934E-04 1.30763E-02 6.99282E-02 2.52155E-03 3.26846E-05 2.15853E-05 3.35417E-03 
2.09131E-05 3.06918E-05 1.10136E-03 2.08329E-04 1.32333E-04 1.18218E-02 6.40679E-02 2.31549E-03 3.06918E-05 2.09131E-05 2.90853E-03 
5.55573E-07 8.88493E-06 3.40306E-03 2.85664E-04 6.52544E-04 6.32197E-02 2.81152E-01 9.71197E-03 8.88493E-06 5.55573E-07 6.06750E-02 
5.55573E-07 8.88493E-06 3.28519E-03 2.77374E-04 6.09055E-04 5.95553E-02 2.67518E-01 9.25498E-03 8.88493E-06 5.55573E-07 5.39626E-02 
5.55573E-07 1.33629E-06 3.17040E-03 2.71112E-04 5.69181E-04 5.60640E-02 2.54368E-01 8.81453E-03 1.33629E-06 5.55573E-07 4.78974E-02 
5.55573E-07 4.58977E-06 3.05830E-03 2.66445E-04 5.32454E-04 5.27368E-02 2.41683E-01 8.38967E-03 4.58977E-06 5.55573E-07 4.24184E-02 
5.55573E-07 7.92271E-06 2.94694E-03 2.62643E-04 4.97722E-04 4.95257E-02 2.29292E-01 7.97423E-03 7.92271E-06 5.55573E-07 3.74664E-02 
5.55573E-07 1.11917E-05 2.83642E-03 2.59497E-04 4.64850E-04 4.64346E-02 2.17219E-01 7.56885E-03 1.11917E-05 5.55573E-07 3.30120E-02 
5.55573E-07 1.42848E-05 2.72687E-03 2.56823E-04 4.33722E-04 4.34665E-02 2.05484E-01 7.17409E-03 1.42848E-05 5.55573E-07 2.90230E-02 
5.55573E-07 1.65037E-05 2.64284E-03 2.54975E-04 4.10770E-04 4.12556E-02 1.96645E-01 6.87627E-03 1.65037E-05 5.55573E-07 2.62349E-02 
5.55573E-07 1.71189E-05 2.61840E-03 2.54461E-04 4.04239E-04 4.06234E-02 1.94102E-01 6.79047E-03 1.71189E-05 5.55573E-07 2.54662E-02 
5.55573E-07 1.98190E-05 2.50285E-03 2.52115E-04 3.74195E-04 3.76995E-02 1.82244E-01 6.38985E-03 1.98190E-05 5.55573E-07 2.20762E-02 
5.55573E-07 2.21084E-05 2.38894E-03 2.49843E-04 3.45875E-04 3.49231E-02 1.70828E-01 6.00320E-03 2.21084E-05 5.55573E-07 1.91065E-02 
5.55573E-07 2.39690E-05 2.27689E-03 2.47535E-04 3.19202E-04 3.22938E-02 1.59868E-01 5.63093E-03 2.39690E-05 5.55573E-07 1.65151E-02 
5.55573E-07 2.54022E-05 2.16689E-03 2.45106E-04 2.94111E-04 2.98105E-02 1.49370E-01 5.27336E-03 2.54022E-05 5.55573E-07 1.42620E-02 
2.93007E-06 2.63912E-05 2.06026E-03 2.42497E-04 2.70770E-04 2.74956E-02 1.39445E-01 4.93429E-03 2.63912E-05 2.93007E-06 1.22954E-02 
5.94786E-06 2.70087E-05 1.95557E-03 2.39643E-04 2.48776E-04 2.53094E-02 1.29939E-01 4.60858E-03 2.70087E-05 5.94786E-06 1.05860E-02 
8.43133E-06 2.72872E-05 1.85282E-03 2.36501E-04 2.28049E-04 2.32457E-02 1.20836E-01 4.29577E-03 2.72872E-05 8.43133E-06 9.10698E-03 
1.04184E-05 2.72565E-05 1.75227E-03 2.33044E-04 2.08574E-04 2.13038E-02 1.12147E-01 3.99627E-03 2.72565E-05 1.04184E-05 7.83122E-03 
1.19523E-05 2.69509E-05 1.65417E-03 2.29253E-04 1.90330E-04 1.94825E-02 1.03878E-01 3.71038E-03 2.69509E-05 1.19523E-05 6.73341E-03 
1.30792E-05 2.64071E-05 1.55874E-03 2.25119E-04 1.73290E-04 1.77797E-02 9.60329E-02 3.43830E-03 2.64071E-05 1.30792E-05 5.79044E-03 
1.38468E-05 2.56629E-05 1.46618E-03 2.20643E-04 1.57424E-04 1.61925E-02 8.86106E-02 3.18012E-03 2.56629E-05 1.38468E-05 4.98150E-03 
1.43026E-05 2.47555E-05 1.37666E-03 2.15831E-04 1.42699E-04 1.47175E-02 8.16086E-02 2.93582E-03 2.47555E-05 1.43026E-05 4.28813E-03 
1.44932E-05 2.37214E-05 1.29035E-03 2.10698E-04 1.29076E-04 1.33507E-02 7.50216E-02 2.70531E-03 2.37214E-05 1.44932E-05 3.69411E-03 
1.44635E-05 2.25953E-05 1.20735E-03 2.05264E-04 1.16514E-04 1.20876E-02 6.88416E-02 2.48839E-03 2.25953E-05 1.44635E-05 3.18539E-03 
1.42566E-05 2.14105E-05 1.12776E-03 1.99556E-04 1.04969E-04 1.09236E-02 6.30588E-02 2.28482E-03 2.14105E-05 1.42566E-05 2.74990E-03 
1.39134E-05 2.01982E-05 1.05165E-03 1.93604E-04 9.43987E-05 9.85377E-03 5.76615E-02 2.09428E-03 2.01982E-05 1.39134E-05 2.37736E-03 
1.34726E-05 1.89877E-05 9.79068E-04 1.87445E-04 8.47569E-05 8.87297E-03 5.26365E-02 1.91638E-03 1.89877E-05 1.34726E-05 2.05906E-03 
3.48986E-07 4.32035E-06 3.21447E-03 1.75097E-04 4.45509E-04 5.04820E-02 2.45645E-01 8.55789E-03 4.32035E-06 3.48986E-07 4.47432E-02 
3.48986E-07 4.32035E-06 3.09629E-03 1.76265E-04 4.13881E-04 4.74275E-02 2.33161E-01 8.13527E-03 4.32035E-06 3.48986E-07 3.96058E-02 
3.48986E-07 5.53155E-07 2.98134E-03 1.78588E-04 3.85081E-04 4.45258E-02 2.21154E-01 7.72897E-03 5.53155E-07 3.48986E-07 3.49968E-02 
3.48986E-07 2.07065E-06 2.86927E-03 1.81726E-04 3.58732E-04 4.17689E-02 2.09604E-01 7.33807E-03 2.07065E-06 3.48986E-07 3.08630E-02 
3.48986E-07 3.79763E-06 2.75830E-03 1.85232E-04 3.33985E-04 3.91161E-02 1.98354E-01 6.95693E-03 3.79763E-06 3.48986E-07 2.71494E-02 
3.48986E-07 5.60959E-06 2.64852E-03 1.88915E-04 3.10721E-04 3.65702E-02 1.87424E-01 6.58612E-03 5.60959E-06 3.48986E-07 2.38291E-02 
3.48986E-07 7.40770E-06 2.54008E-03 1.92609E-04 2.88831E-04 3.41332E-02 1.76831E-01 6.22611E-03 7.40770E-06 3.48986E-07 2.08731E-02 
3.48986E-07 8.74071E-06 2.45716E-03 1.95384E-04 2.72777E-04 3.23230E-02 1.68873E-01 5.95525E-03 8.74071E-06 3.48986E-07 1.88176E-02 
3.48986E-07 9.11629E-06 2.43309E-03 1.96172E-04 2.68222E-04 3.18062E-02 1.66587E-01 5.87735E-03 9.11629E-06 3.48986E-07 1.82525E-02 
3.48986E-07 1.07956E-05 2.31955E-03 1.99735E-04 2.47346E-04 2.94212E-02 1.55947E-01 5.51431E-03 1.07956E-05 3.48986E-07 1.57690E-02 
3.48986E-07 1.22617E-05 2.20807E-03 2.02895E-04 2.27784E-04 2.71644E-02 1.45740E-01 5.16514E-03 1.22617E-05 3.48986E-07 1.36058E-02 
3.48986E-07 1.34890E-05 2.09883E-03 2.05560E-04 2.09463E-04 2.50350E-02 1.35972E-01 4.83014E-03 1.34890E-05 3.48986E-07 1.17282E-02 
3.48986E-07 1.44679E-05 1.99204E-03 2.07664E-04 1.92320E-04 2.30311E-02 1.26648E-01 4.50953E-03 1.44679E-05 3.48986E-07 1.01038E-02 
1.84464E-06 1.51784E-05 1.88893E-03 2.09131E-04 1.76455E-04 2.11700E-02 1.17864E-01 4.20659E-03 1.51784E-05 1.84464E-06 8.69373E-03 
3.75488E-06 1.56657E-05 1.78810E-03 2.09977E-04 1.61581E-04 1.94190E-02 1.09480E-01 3.91664E-03 1.56657E-05 3.75488E-06 7.47301E-03 
5.33441E-06 1.59443E-05 1.68951E-03 2.10181E-04 1.47631E-04 1.77722E-02 1.01480E-01 3.63918E-03 1.59443E-05 5.33441E-06 6.42037E-03 
6.60263E-06 1.60280E-05 1.59341E-03 2.09726E-04 1.34583E-04 1.62287E-02 9.38721E-02 3.37452E-03 1.60280E-05 6.60263E-06 5.51488E-03 
7.58351E-06 1.59347E-05 1.50000E-03 2.08606E-04 1.22410E-04 1.47868E-02 8.66582E-02 3.12282E-03 1.59347E-05 7.58351E-06 4.73735E-03 
8.30407E-06 1.56850E-05 1.40947E-03 2.06831E-04 1.11088E-04 1.34440E-02 7.98391E-02 2.88418E-03 1.56850E-05 8.30407E-06 4.07050E-03 
8.79308E-06 1.53012E-05 1.32199E-03 2.04417E-04 1.00586E-04 1.21974E-02 7.34124E-02 2.65859E-03 1.53012E-05 8.79308E-06 3.49899E-03 
9.08016E-06 1.48061E-05 1.23769E-03 2.01392E-04 9.08748E-05 1.10436E-02 6.73729E-02 2.44594E-03 1.48061E-05 9.08016E-06 3.00934E-03 
9.19513E-06 1.42230E-05 1.15670E-03 1.97791E-04 8.19235E-05 9.97888E-03 6.17134E-02 2.24607E-03 1.42230E-05 9.19513E-06 2.58989E-03 
9.16756E-06 1.35751E-05 1.07910E-03 1.93657E-04 7.36997E-05 8.99912E-03 5.64245E-02 2.05872E-03 1.35751E-05 9.16756E-06 2.23064E-03 
9.02659E-06 1.28850E-05 1.00495E-03 1.89039E-04 6.61715E-05 8.10004E-03 5.14952E-02 1.88358E-03 1.28850E-05 9.02659E-06 1.92314E-03 
8.80070E-06 1.21754E-05 9.34302E-04 1.83992E-04 5.93072E-05 7.27722E-03 4.69130E-02 1.72029E-03 1.21754E-05 8.80070E-06 1.66025E-03 
8.51761E-06 1.14682E-05 8.67166E-04 1.78573E-04 5.30760E-05 6.52615E-03 4.26642E-02 1.56845E-03 1.14682E-05 8.51761E-06 1.43600E-03 
2.14340E-07 1.69207E-06 3.02330E-03 1.23610E-04 2.97899E-04 3.95066E-02 2.11934E-01 7.46037E-03 1.69207E-06 2.14340E-07 3.21096E-02 
2.14340E-07 1.69207E-06 2.90612E-03 1.31363E-04 2.75415E-04 3.70134E-02 2.00656E-01 7.07451E-03 1.69207E-06 2.14340E-07 2.82982E-02 
2.14340E-07 1.21175E-07 2.79226E-03 1.39481E-04 2.55078E-04 3.46522E-02 1.89841E-01 6.70445E-03 1.21175E-07 2.14340E-07 2.49024E-02 
2.14340E-07 6.51780E-07 2.68141E-03 1.47715E-04 2.36591E-04 3.24156E-02 1.79467E-01 6.34935E-03 6.51780E-07 2.14340E-07 2.18777E-02 
2.14340E-07 1.43318E-06 2.57189E-03 1.55837E-04 2.19348E-04 3.02699E-02 1.69392E-01 6.00406E-03 1.43318E-06 2.14340E-07 1.91764E-02 
2.14340E-07 2.36255E-06 2.46385E-03 1.63681E-04 2.03244E-04 2.82171E-02 1.59631E-01 5.66909E-03 2.36255E-06 2.14340E-07 1.67749E-02 
2.14340E-07 3.35734E-06 2.35742E-03 1.71109E-04 1.88187E-04 2.62583E-02 1.50199E-01 5.34483E-03 3.35734E-06 2.14340E-07 1.46488E-02 
2.14340E-07 4.13059E-06 2.27626E-03 1.76499E-04 1.77203E-04 2.48075E-02 1.43133E-01 5.10152E-03 4.13059E-06 2.14340E-07 1.31774E-02 
2.14340E-07 4.35330E-06 2.25273E-03 1.78009E-04 1.74097E-04 2.43940E-02 1.41106E-01 5.03165E-03 4.35330E-06 2.14340E-07 1.27739E-02 
2.14340E-07 5.37369E-06 2.14199E-03 1.84750E-04 1.59909E-04 2.24896E-02 1.31693E-01 4.70669E-03 5.37369E-06 2.14340E-07 1.10065E-02 
2.14340E-07 6.29787E-06 2.03363E-03 1.90682E-04 1.46693E-04 2.06942E-02 1.22691E-01 4.39522E-03 6.29787E-06 2.14340E-07 9.47482E-03 
2.14340E-07 7.09941E-06 1.92783E-03 1.95743E-04 1.34385E-04 1.90062E-02 1.14107E-01 4.09742E-03 7.09941E-06 2.14340E-07 8.15165E-03 
2.14340E-07 7.76422E-06 1.82476E-03 1.99893E-04 1.22931E-04 1.74237E-02 1.05943E-01 3.81341E-03 7.76422E-06 2.14340E-07 7.01169E-03 
1.13646E-06 8.27761E-06 1.72561E-03 2.03073E-04 1.12392E-04 1.59595E-02 9.82777E-02 3.54603E-03 8.27761E-06 1.13646E-06 6.02659E-03 
2.32225E-06 8.66202E-06 1.62901E-03 2.05350E-04 1.02562E-04 1.45872E-02 9.09882E-02 3.29103E-03 8.66202E-06 2.32225E-06 5.17642E-03 
3.30920E-06 8.92049E-06 1.53489E-03 2.06722E-04 9.33866E-05 1.33015E-02 8.40582E-02 3.04791E-03 8.92049E-06 3.30920E-06 4.44492E-03 
4.10530E-06 9.05729E-06 1.44347E-03 2.07192E-04 8.48422E-05 1.21012E-02 7.74913E-02 2.81686E-03 9.05729E-06 4.10530E-06 3.81661E-03 
4.72247E-06 9.08038E-06 1.35493E-03 2.06777E-04 7.69045E-05 1.09843E-02 7.12883E-02 2.59795E-03 9.08038E-06 4.72247E-06 3.27753E-03 
5.17541E-06 9.00038E-06 1.26944E-03 2.05504E-04 6.95494E-05 9.94845E-03 6.54472E-02 2.39118E-03 9.00038E-06 5.17541E-06 2.81522E-03 
5.48076E-06 8.82981E-06 1.18711E-03 2.03414E-04 6.27525E-05 8.99077E-03 5.99634E-02 2.19646E-03 8.82981E-06 5.48076E-06 2.41879E-03 
5.65648E-06 8.58252E-06 1.10807E-03 2.00555E-04 5.64896E-05 8.10809E-03 5.48303E-02 2.01362E-03 8.58252E-06 5.65648E-06 2.07880E-03 
5.72144E-06 8.27335E-06 1.03240E-03 1.96985E-04 5.07368E-05 7.29698E-03 5.00393E-02 1.84244E-03 8.27335E-06 5.72144E-06 1.78719E-03 
5.69512E-06 7.91787E-06 9.60155E-04 1.92768E-04 4.54706E-05 6.55380E-03 4.55801E-02 1.68262E-03 7.91787E-06 5.69512E-06 1.53714E-03 
5.59751E-06 7.53233E-06 8.91377E-04 1.87973E-04 4.06690E-05 5.87477E-03 4.14410E-02 1.53381E-03 7.53233E-06 5.59751E-06 1.32298E-03 
5.44896E-06 7.13350E-06 8.26079E-04 1.82675E-04 3.63110E-05 5.25605E-03 3.76091E-02 1.39563E-03 7.13350E-06 5.44896E-06 1.13996E-03 
5.27001E-06 6.73854E-06 7.64255E-04 1.76949E-04 3.23771E-05 4.69379E-03 3.40708E-02 1.26766E-03 6.73854E-06 5.27001E-06 9.84175E-04 
1.28759E-07 3.07774E-07 2.82997E-03 1.18856E-04 1.94443E-04 3.02202E-02 1.80269E-01 6.42534E-03 3.07774E-07 1.28759E-07 2.23435E-02 
1.28759E-07 3.07774E-07 2.71479E-03 1.30475E-04 1.78876E-04 2.82324E-02 1.70232E-01 6.07774E-03 3.07774E-07 1.28759E-07 1.96133E-02 
1.28759E-07 -8.76335E-08 2.60297E-03 1.41785E-04 1.64884E-04 2.63556E-02 1.60635E-01 5.74519E-03 -8.76335E-08 1.28759E-07 1.71973E-02 
1.28759E-07 -6.42603E-08 2.49425E-03 1.52622E-04 1.52245E-04 2.45832E-02 1.51455E-01 5.42690E-03 -6.42603E-08 1.28759E-07 1.50597E-02 
1.28759E-07 1.98498E-07 2.38706E-03 1.62914E-04 1.40534E-04 2.28883E-02 1.42567E-01 5.11826E-03 1.98498E-07 1.28759E-07 1.31613E-02 
1.28759E-07 6.19751E-07 2.28155E-03 1.72531E-04 1.29667E-04 2.12718E-02 1.33981E-01 4.81969E-03 6.19751E-07 1.28759E-07 1.14825E-02 
1.28759E-07 1.13416E-06 2.17788E-03 1.81370E-04 1.19569E-04 1.97343E-02 1.25710E-01 4.53152E-03 1.13416E-06 1.28759E-07 1.00039E-02 
1.28759E-07 1.56310E-06 2.09901E-03 1.87623E-04 1.12242E-04 1.85989E-02 1.19531E-01 4.31586E-03 1.56310E-06 1.28759E-07 8.98496E-03 
1.28759E-07 1.69042E-06 2.07618E-03 1.89349E-04 1.10175E-04 1.82758E-02 1.17762E-01 4.25403E-03 1.69042E-06 1.28759E-07 8.70625E-03 
1.28759E-07 2.29252E-06 1.96890E-03 1.96918E-04 1.00773E-04 1.67912E-02 1.09559E-01 3.96703E-03 2.29252E-06 1.28759E-07 7.48868E-03 
1.28759E-07 2.86291E-06 1.86427E-03 2.03364E-04 9.20658E-05 1.53967E-02 1.01744E-01 3.69288E-03 2.86291E-06 1.28759E-07 6.43811E-03 
1.28759E-07 3.37808E-06 1.76244E-03 2.08661E-04 8.40031E-05 1.40905E-02 9.43165E-02 3.43167E-03 3.37808E-06 1.28759E-07 5.53403E-03 
1.28759E-07 3.82368E-06 1.66358E-03 2.12801E-04 7.65406E-05 1.28705E-02 8.72776E-02 3.18344E-03 3.82368E-06 1.28759E-07 4.75761E-03 
6.85523E-07 4.19501E-06 1.56881E-03 2.15767E-04 6.97192E-05 1.17463E-02 8.06937E-02 2.95061E-03 4.19501E-06 6.85523E-07 4.08891E-03 
1.40787E-06 4.49555E-06 1.47678E-03 2.17644E-04 6.33911E-05 1.06966E-02 7.44553E-02 2.72936E-03 4.49555E-06 1.40787E-06 3.51280E-03 
2.01402E-06 4.72109E-06 1.38744E-03 2.18454E-04 5.75119E-05 9.71710E-03 6.85466E-02 2.51920E-03 4.72109E-06 2.01402E-06 3.01745E-03 
2.50548E-06 4.87083E-06 1.30096E-03 2.18223E-04 5.20600E-05 8.80633E-03 6.29688E-02 2.32021E-03 4.87083E-06 2.50548E-06 2.59192E-03 
2.88699E-06 4.94709E-06 1.21750E-03 2.16990E-04 4.70145E-05 7.96233E-03 5.77204E-02 2.13240E-03 4.94709E-06 2.88699E-06 2.22645E-03 
3.16574E-06 4.95462E-06 1.13719E-03 2.14807E-04 4.23557E-05 7.18280E-03 5.27976E-02 1.95569E-03 4.95462E-06 3.16574E-06 1.91248E-03 
3.35083E-06 4.90010E-06 1.06014E-03 2.11736E-04 3.80645E-05 6.46516E-03 4.81943E-02 1.78992E-03 4.90010E-06 3.35083E-06 1.64260E-03 
3.45288E-06 4.79180E-06 9.86424E-04 2.07847E-04 3.41225E-05 5.80656E-03 4.39029E-02 1.63490E-03 4.79180E-06 3.45288E-06 1.41050E-03 
3.48382E-06 4.63935E-06 9.16110E-04 2.03218E-04 3.05129E-05 5.20400E-03 3.99138E-02 1.49033E-03 4.63935E-06 3.48382E-06 1.21087E-03 
3.45672E-06 4.45365E-06 8.49226E-04 1.97931E-04 2.72200E-05 4.65432E-03 3.62163E-02 1.35590E-03 4.45365E-06 3.45672E-06 1.03929E-03 
3.38574E-06 4.24679E-06 7.85786E-04 1.92073E-04 2.42299E-05 4.15433E-03 3.27986E-02 1.23125E-03 4.24679E-06 3.38574E-06 8.92160E-04 
3.28601E-06 4.03197E-06 7.25781E-04 1.85733E-04 2.15302E-05 3.70081E-03 2.96481E-02 1.11598E-03 4.03197E-06 3.28601E-06 7.66503E-04 
3.17347E-06 3.82332E-06 6.69182E-04 1.79001E-04 1.91108E-05 3.29055E-03 2.67513E-02 1.00968E-03 3.82332E-06 3.17347E-06 6.59909E-04 
7.63644E-08 -3.18109E-07 2.63688E-03 1.49841E-04 1.24038E-04 2.25969E-02 1.51181E-01 5.46814E-03 -3.18109E-07 7.63644E-08 1.50745E-02 
7.63644E-08 -3.18109E-07 2.52444E-03 1.62789E-04 1.13539E-04 2.10488E-02 1.42380E-01 5.15907E-03 -3.18109E-07 7.63644E-08 1.31884E-02 
7.63644E-08 -1.63758E-07 2.41539E-03 1.74898E-04 1.04158E-04 1.95917E-02 1.33990E-01 4.86414E-03 -1.63758E-07 7.63644E-08 1.15302E-02 
7.63644E-08 -3.57449E-07 2.30951E-03 1.86077E-04 9.57316E-05 1.82201E-02 1.25990E-01 4.58259E-03 -3.57449E-07 7.63644E-08 1.00725E-02 
7.63644E-08 -3.49324E-07 2.20532E-03 1.96358E-04 8.79733E-05 1.69125E-02 1.18266E-01 4.31032E-03 -3.49324E-07 7.63644E-08 8.78438E-03 
7.63644E-08 -2.00097E-07 2.10299E-03 2.05650E-04 8.08174E-05 1.56695E-02 1.10829E-01 4.04769E-03 -2.00097E-07 7.63644E-08 7.65085E-03 
7.63644E-08 4.11074E-08 2.00267E-03 2.13886E-04 7.42065E-05 1.44911E-02 1.03686E-01 3.79495E-03 4.11074E-08 7.63644E-08 6.65693E-03 
7.63644E-08 2.65938E-07 1.92652E-03 2.19503E-04 6.94339E-05 1.36234E-02 9.83654E-02 3.60631E-03 2.65938E-07 7.63644E-08 5.97455E-03 
7.63644E-08 3.35544E-07 1.90451E-03 2.21018E-04 6.80916E-05 1.33770E-02 9.68439E-02 3.55231E-03 3.35544E-07 7.63644E-08 5.78826E-03 
7.63644E-08 6.78706E-07 1.80126E-03 2.27440E-04 6.20054E-05 1.22469E-02 8.98066E-02 3.30217E-03 6.78706E-07 7.63644E-08 4.97626E-03 
7.63644E-08 1.02205E-06 1.70085E-03 2.32535E-04 5.64015E-05 1.11894E-02 8.31248E-02 3.06405E-03 1.02205E-06 7.63644E-08 4.27796E-03 
7.63644E-08 1.34666E-06 1.60345E-03 2.36312E-04 5.12409E-05 1.02027E-02 7.67981E-02 2.83797E-03 1.34666E-06 7.63644E-08 3.67859E-03 
7.63644E-08 1.64014E-06 1.50918E-03 2.38796E-04 4.64898E-05 9.28474E-03 7.08242E-02 2.62390E-03 1.64014E-06 7.63644E-08 3.16477E-03 
4.08683E-07 1.90955E-06 1.41913E-03 2.40030E-04 4.21825E-05 8.44213E-03 6.52572E-02 2.42385E-03 1.90955E-06 4.08683E-07 2.72298E-03 
8.44499E-07 2.14264E-06 1.33198E-03 2.40094E-04 3.82082E-05 7.65856E-03 6.00022E-02 2.23445E-03 2.14264E-06 8.44499E-07 2.34232E-03 
1.21354E-06 2.33081E-06 1.24766E-03 2.39027E-04 3.45312E-05 6.93033E-03 5.50439E-02 2.05522E-03 2.33081E-06 1.21354E-06 2.01458E-03 
1.51403E-06 2.47092E-06 1.16632E-03 2.36882E-04 3.11337E-05 6.25597E-03 5.03814E-02 1.88616E-03 2.47092E-06 1.51403E-06 1.73238E-03 
1.74677E-06 2.56238E-06 1.08809E-03 2.33721E-04 2.79992E-05 5.63367E-03 4.60116E-02 1.72721E-03 2.56238E-06 1.74677E-06 1.48921E-03 
1.91462E-06 2.60674E-06 1.01309E-03 2.29619E-04 2.51125E-05 5.06135E-03 4.19292E-02 1.57824E-03 2.60674E-06 1.91462E-06 1.27943E-03 
2.02225E-06 2.60735E-06 9.41385E-04 2.24657E-04 2.24596E-05 4.53675E-03 3.81275E-02 1.43906E-03 2.60735E-06 2.02225E-06 1.09825E-03 
2.07587E-06 2.56919E-06 8.73040E-04 2.18924E-04 2.00279E-05 4.05742E-03 3.45979E-02 1.30942E-03 2.56919E-06 2.07587E-06 9.41681E-04 
2.08321E-06 2.49882E-06 8.08085E-04 2.12515E-04 1.78063E-05 3.62082E-03 3.13307E-02 1.18902E-03 2.49882E-06 2.08321E-06 8.06401E-04 
2.05344E-06 2.40434E-06 7.46531E-04 2.05524E-04 1.57855E-05 3.22433E-03 2.83152E-02 1.07753E-03 2.40434E-06 2.05344E-06 6.89732E-04 
1.99714E-06 2.29534E-06 6.88367E-04 1.98052E-04 1.39581E-05 2.86534E-03 2.55398E-02 9.74581E-04 2.29534E-06 1.99714E-06 5.89529E-04 
1.92624E-06 2.18285E-06 6.33564E-04 1.90197E-04 1.23188E-05 2.54121E-03 2.29925E-02 8.79789E-04 2.18285E-06 1.92624E-06 5.04082E-04 
1.85389E-06 2.07916E-06 5.82074E-04 1.82057E-04 1.08640E-05 2.24938E-03 2.06606E-02 7.92749E-04 2.07916E-06 1.85389E-06 4.32029E-04 
4.49306E-08 -5.28623E-07 2.44208E-03 2.07512E-04 7.66572E-05 1.64043E-02 1.24492E-01 4.58139E-03 -5.28623E-07 4.49306E-08 9.76703E-03 
4.49306E-08 -5.28623E-07 2.33300E-03 2.19508E-04 6.98200E-05 1.52339E-02 1.16916E-01 4.31087E-03 -5.28623E-07 4.49306E-08 8.52378E-03 
4.49306E-08 -1.70263E-07 2.22735E-03 2.30284E-04 6.37429E-05 1.41357E-02 1.09716E-01 4.05340E-03 -1.70263E-07 4.49306E-08 7.43754E-03 
4.49306E-08 -4.24161E-07 2.12493E-03 2.39813E-04 5.83129E-05 1.31054E-02 1.02872E-01 3.80829E-03 -4.24161E-07 4.49306E-08 6.48848E-03 
4.49306E-08 -5.22713E-07 2.02435E-03 2.48182E-04 5.33415E-05 1.21264E-02 9.62845E-02 3.57194E-03 -5.22713E-07 4.49306E-08 5.65364E-03 
4.49306E-08 -5.09101E-07 1.92578E-03 2.55342E-04 4.87812E-05 1.11988E-02 8.99618E-02 3.34462E-03 -5.09101E-07 4.49306E-08 4.92201E-03 
4.49306E-08 -4.18190E-07 1.82938E-03 2.61263E-04 4.45905E-05 1.03225E-02 8.39089E-02 3.12653E-03 -4.18190E-07 4.49306E-08 4.28284E-03 
4.49306E-08 -3.12475E-07 1.75637E-03 2.64987E-04 4.15790E-05 9.67926E-03 7.94131E-02 2.96421E-03 -3.12475E-07 4.49306E-08 3.84527E-03 
4.49306E-08 -2.77461E-07 1.73529E-03 2.65934E-04 4.07342E-05 9.49687E-03 7.81296E-02 2.91781E-03 -2.77461E-07 4.49306E-08 3.72598E-03 
4.49306E-08 -9.40767E-08 1.63661E-03 2.69577E-04 3.69161E-05 8.66250E-03 7.22066E-02 2.70336E-03 -9.40767E-08 4.49306E-08 3.20680E-03 
4.49306E-08 1.03097E-07 1.54094E-03 2.71800E-04 3.34192E-05 7.88476E-03 6.66035E-02 2.49994E-03 1.03097E-07 4.49306E-08 2.76115E-03 
4.49306E-08 3.00111E-07 1.44842E-03 2.72648E-04 3.02156E-05 7.16197E-03 6.13182E-02 2.30751E-03 3.00111E-07 4.49306E-08 2.37899E-03 
4.49306E-08 4.87358E-07 1.35917E-03 2.72180E-04 2.72812E-05 6.49225E-03 5.63464E-02 2.12597E-03 4.87358E-07 4.49306E-08 2.05130E-03 
2.41944E-07 6.83743E-07 1.27422E-03 2.70508E-04 2.46507E-05 5.88005E-03 5.17315E-02 1.95698E-03 6.83743E-07 2.41944E-07 1.76937E-03 
5.03457E-07 8.63773E-07 1.19229E-03 2.67684E-04 2.22366E-05 5.31311E-03 4.73922E-02 1.79761E-03 8.63773E-07 5.03457E-07 1.52578E-03 
7.26813E-07 1.01609E-06 1.11328E-03 2.63765E-04 2.00100E-05 4.78842E-03 4.33140E-02 1.64737E-03 1.01609E-06 7.26813E-07 1.31519E-03 
9.08812E-07 1.13676E-06 1.03734E-03 2.58826E-04 1.79574E-05 4.30462E-03 3.94946E-02 1.50622E-03 1.13676E-06 9.08812E-07 1.13288E-03 
1.04825E-06 1.22388E-06 9.64567E-04 2.52952E-04 1.60664E-05 3.86011E-03 3.59297E-02 1.37404E-03 1.22388E-06 1.04825E-06 9.74760E-04 
1.14565E-06 1.27734E-06 8.95047E-04 2.46237E-04 1.43262E-05 3.45312E-03 3.26132E-02 1.25066E-03 1.27734E-06 1.14565E-06 8.37349E-04 
1.20313E-06 1.29865E-06 8.28836E-04 2.38778E-04 1.27275E-05 3.08174E-03 2.95377E-02 1.13587E-03 1.29865E-06 1.20313E-06 7.17757E-04 
1.22438E-06 1.29098E-06 7.65966E-04 2.30680E-04 1.12623E-05 2.74396E-03 2.66947E-02 1.02940E-03 1.29098E-06 1.22438E-06 6.13621E-04 
1.21464E-06 1.25911E-06 7.06444E-04 2.22046E-04 9.92455E-06 2.43771E-03 2.40745E-02 9.30937E-04 1.25911E-06 1.21464E-06 5.23057E-04 
1.18076E-06 1.20951E-06 6.50259E-04 2.12983E-04 8.70994E-06 2.16091E-03 2.16668E-02 8.40154E-04 1.20951E-06 1.18076E-06 4.44597E-04 
1.13123E-06 1.15030E-06 5.97378E-04 2.03596E-04 7.61620E-06 1.91148E-03 1.94608E-02 7.56697E-04 1.15030E-06 1.13123E-06 3.77119E-04 
1.07609E-06 1.09128E-06 5.47754E-04 1.93986E-04 6.64304E-06 1.68736E-03 1.74451E-02 6.80195E-04 1.09128E-06 1.07609E-06 3.19780E-04 
1.02680E-06 1.04367E-06 5.01322E-04 1.84252E-04 5.79201E-06 1.48657E-03 1.56083E-02 6.10267E-04 1.04367E-06 1.02680E-06 2.71939E-04 
2.69879E-08 -5.32736E-07 2.24735E-03 2.83357E-04 4.59230E-05 1.15410E-02 1.00556E-01 3.77564E-03 -5.32736E-07 2.69879E-08 6.05857E-03 
2.69879E-08 -5.32736E-07 2.14216E-03 2.92373E-04 4.16310E-05 1.06834E-02 9.41603E-02 3.54272E-03 -5.32736E-07 2.69879E-08 5.28117E-03 
2.69879E-08 -1.45856E-07 2.04043E-03 2.99947E-04 3.78320E-05 9.88153E-03 8.81009E-02 3.32167E-03 -1.45856E-07 2.69879E-08 4.60590E-03 
2.69879E-08 -3.84509E-07 1.94201E-03 3.06102E-04 3.44516E-05 9.13172E-03 8.23600E-02 3.11183E-03 -3.84509E-07 2.69879E-08 4.01922E-03 
2.69879E-08 -5.12156E-07 1.84556E-03 3.10946E-04 3.13709E-05 8.42164E-03 7.68522E-02 2.91009E-03 -5.12156E-07 2.69879E-08 3.50499E-03 
2.69879E-08 -5.57775E-07 1.75126E-03 3.14465E-04 2.85574E-05 7.75123E-03 7.15831E-02 2.71665E-03 -5.57775E-07 2.69879E-08 3.05568E-03 
2.69879E-08 -5.44608E-07 1.65926E-03 3.16669E-04 2.59829E-05 7.12008E-03 6.65558E-02 2.53166E-03 -5.44608E-07 2.69879E-08 2.66411E-03 
2.69879E-08 -5.05797E-07 1.58976E-03 3.17485E-04 2.41396E-05 6.65831E-03 6.28330E-02 2.39437E-03 -5.05797E-07 2.69879E-08 2.39644E-03 
2.69879E-08 -4.90873E-07 1.56972E-03 3.17580E-04 2.36236E-05 6.52761E-03 6.17721E-02 2.35519E-03 -4.90873E-07 2.69879E-08 2.32351E-03 
2.69879E-08 -4.03478E-07 1.47608E-03 3.17157E-04 2.12976E-05 5.93116E-03 5.68872E-02 2.17451E-03 -4.03478E-07 2.69879E-08 2.00621E-03 
2.69879E-08 -2.98200E-07 1.38558E-03 3.15340E-04 1.91766E-05 5.37744E-03 5.22839E-02 2.00375E-03 -2.98200E-07 2.69879E-08 1.73378E-03 
2.69879E-08 -1.84532E-07 1.29835E-03 3.12206E-04 1.72421E-05 4.86497E-03 4.79585E-02 1.84283E-03 -1.84532E-07 2.69879E-08 1.49977E-03 
2.69879E-08 -6.93452E-08 1.21450E-03 3.07844E-04 1.54778E-05 4.39212E-03 4.39059E-02 1.69161E-03 -6.93452E-08 2.69879E-08 1.29851E-03 
1.46256E-07 7.70361E-08 1.13496E-03 3.02439E-04 1.39226E-05 3.96176E-03 4.01593E-02 1.55141E-03 7.70361E-08 1.46256E-07 1.12460E-03 
3.06372E-07 2.17972E-07 1.05852E-03 2.95998E-04 1.25024E-05 3.56492E-03 3.66506E-02 1.41971E-03 2.17972E-07 3.06372E-07 9.73386E-04 
4.43809E-07 3.40331E-07 9.85082E-04 2.88589E-04 1.11933E-05 3.19926E-03 3.33668E-02 1.29606E-03 3.40331E-07 4.43809E-07 8.41583E-04 
5.54963E-07 4.40163E-07 9.14746E-04 2.80308E-04 9.98536E-06 2.86360E-03 3.03041E-02 1.18036E-03 4.40163E-07 5.54963E-07 7.26374E-04 
6.37751E-07 5.15096E-07 8.47598E-04 2.71259E-04 8.87025E-06 2.55659E-03 2.74577E-02 1.07247E-03 5.15096E-07 6.37751E-07 6.25365E-04 
6.91525E-07 5.64249E-07 7.83696E-04 2.61548E-04 7.84082E-06 2.27679E-03 2.48211E-02 9.72200E-04 5.64249E-07 6.91525E-07 5.36571E-04 
7.17069E-07 5.88241E-07 7.23072E-04 2.51287E-04 6.89139E-06 2.02266E-03 2.23868E-02 8.79303E-04 5.88241E-07 7.17069E-07 4.58395E-04 
7.16671E-07 5.89258E-07 6.65734E-04 2.40586E-04 6.01788E-06 1.79262E-03 2.01466E-02 7.93513E-04 5.89258E-07 7.16671E-07 3.89591E-04 
6.94220E-07 5.71151E-07 6.11669E-04 2.29556E-04 5.21801E-06 1.58506E-03 1.80913E-02 7.14532E-04 5.71151E-07 6.94220E-07 3.29230E-04 
6.55307E-07 5.39523E-07 5.60842E-04 2.18304E-04 4.49134E-06 1.39838E-03 1.62114E-02 6.42038E-04 5.39523E-07 6.55307E-07 2.76650E-04 
6.07266E-07 5.01770E-07 5.13205E-04 2.06937E-04 3.83944E-06 1.23100E-03 1.44968E-02 5.75699E-04 5.01770E-07 6.07266E-07 2.31415E-04 
5.59133E-07 4.67028E-07 4.68691E-04 1.95552E-04 3.26580E-06 1.08136E-03 1.29376E-02 5.15172E-04 4.67028E-07 5.59133E-07 1.93248E-04 
5.21485E-07 4.45992E-07 4.27221E-04 1.84246E-04 2.77564E-06 9.47977E-04 1.15235E-02 4.60110E-04 4.45992E-07 5.21485E-07 1.61985E-04 
1.73078E-08 -4.57242E-07 2.05307E-03 3.69872E-04 2.66547E-05 7.83161E-03 7.94512E-02 3.05312E-03 -4.57242E-07 1.73078E-08 3.57067E-03 
1.73078E-08 -4.57242E-07 1.95225E-03 3.74170E-04 2.40690E-05 7.22543E-03 7.41695E-02 2.85627E-03 -4.57242E-07 1.73078E-08 3.11523E-03 
1.73078E-08 -1.13352E-07 1.85495E-03 3.76965E-04 2.17857E-05 6.66059E-03 6.91821E-02 2.66999E-03 -1.13352E-07 1.73078E-08 2.72165E-03 
1.73078E-08 -3.10250E-07 1.76101E-03 3.78320E-04 1.97585E-05 6.13431E-03 6.44728E-02 2.49372E-03 -3.10250E-07 1.73078E-08 2.38134E-03 
1.73078E-08 -4.32846E-07 1.66917E-03 3.78322E-04 1.79160E-05 5.63769E-03 5.99699E-02 2.32478E-03 -4.32846E-07 1.73078E-08 2.08366E-03 
1.73078E-08 -4.99291E-07 1.57962E-03 3.76998E-04 1.62372E-05 5.17051E-03 5.56769E-02 2.16332E-03 -4.99291E-07 1.73078E-08 1.82388E-03 
1.73078E-08 -5.23944E-07 1.49250E-03 3.74390E-04 1.47044E-05 4.73232E-03 5.15953E-02 2.00942E-03 -5.23944E-07 1.73078E-08 1.59755E-03 
1.73078E-08 -5.21494E-07 1.42684E-03 3.71526E-04 1.36091E-05 4.41279E-03 4.85824E-02 1.89555E-03 -5.21494E-07 1.73078E-08 1.44276E-03 
1.73078E-08 -5.17921E-07 1.40794E-03 3.70554E-04 1.33028E-05 4.32253E-03 4.77254E-02 1.86312E-03 -5.17921E-07 1.73078E-08 1.40056E-03 
1.73078E-08 -4.86747E-07 1.31978E-03 3.65118E-04 1.19239E-05 3.91164E-03 4.37884E-02 1.71387E-03 -4.86747E-07 1.73078E-08 1.21668E-03 
1.73078E-08 -4.37688E-07 1.23486E-03 3.58429E-04 1.06697E-05 3.53181E-03 4.00933E-02 1.57336E-03 -4.37688E-07 1.73078E-08 1.05822E-03 
1.73078E-08 -3.76701E-07 1.15330E-03 3.50592E-04 9.52865E-06 3.18179E-03 3.66352E-02 1.44148E-03 -3.76701E-07 1.73078E-08 9.21373E-04 
1.73078E-08 -3.08413E-07 1.07518E-03 3.41721E-04 8.49067E-06 2.86025E-03 3.34086E-02 1.31805E-03 -3.08413E-07 1.73078E-08 8.02786E-04 
9.42485E-08 -1.94037E-07 1.00136E-03 3.32073E-04 7.60040E-06 2.56893E-03 3.04383E-02 1.20411E-03 -1.94037E-07 9.42485E-08 6.99323E-04 
1.98218E-07 -7.95834E-08 9.30679E-04 3.21595E-04 6.78998E-06 2.30152E-03 2.76683E-02 1.09752E-03 -7.95834E-08 1.98218E-07 6.08269E-04 
2.87170E-07 2.05533E-08 8.63024E-04 3.10360E-04 6.03899E-06 2.05624E-03 2.50869E-02 9.97865E-04 2.05533E-08 2.87170E-07 5.27788E-04 
3.57548E-07 1.02692E-07 7.98479E-04 2.98482E-04 5.34082E-06 1.83213E-03 2.26899E-02 9.05021E-04 1.02692E-07 3.57548E-07 4.56334E-04 
4.06964E-07 1.64389E-07 7.37104E-04 2.86076E-04 4.69001E-06 1.62812E-03 2.04719E-02 8.18822E-04 1.64389E-07 4.06964E-07 3.92632E-04 
4.34236E-07 2.04474E-07 6.78929E-04 2.73256E-04 4.08240E-06 1.44308E-03 1.84268E-02 7.39062E-04 2.04474E-07 4.34236E-07 3.35671E-04 
4.39493E-07 2.23162E-07 6.23965E-04 2.60139E-04 3.51524E-06 1.27585E-03 1.65473E-02 6.65504E-04 2.23162E-07 4.39493E-07 2.84695E-04 
4.24330E-07 2.22197E-07 5.72196E-04 2.46838E-04 2.98736E-06 1.12521E-03 1.48256E-02 5.97884E-04 2.22197E-07 4.24330E-07 2.39177E-04 
3.91968E-07 2.05011E-07 5.23590E-04 2.33462E-04 2.49936E-06 9.89991E-04 1.32535E-02 5.35919E-04 2.05011E-07 3.91968E-07 1.98799E-04 
3.47388E-07 1.76847E-07 4.78093E-04 2.20114E-04 2.05371E-06 8.68991E-04 1.18223E-02 4.79314E-04 1.76847E-07 3.47388E-07 1.63417E-04 
2.97398E-07 1.44812E-07 4.35639E-04 2.06892E-04 1.65479E-06 7.61063E-04 1.05234E-02 4.27763E-04 1.44812E-07 2.97398E-07 1.33028E-04 
2.50592E-07 1.17826E-07 3.96146E-04 1.93889E-04 1.30885E-06 6.65091E-04 9.34794E-03 3.80959E-04 1.17826E-07 2.50592E-07 1.07720E-04 
2.17175E-07 1.06429E-07 3.59523E-04 1.81187E-04 1.02376E-06 5.80013E-04 8.28711E-03 3.38596E-04 1.06429E-07 2.17175E-07 8.76270E-05 
1.25566E-08 -3.68746E-07 1.85966E-03 4.60169E-04 1.50779E-05 5.09616E-03 6.12031E-02 2.41502E-03 -3.68746E-07 1.25566E-08 1.97862E-03 
1.25566E-08 -3.68746E-07 1.76369E-03 4.58329E-04 1.35886E-05 4.68509E-03 5.69497E-02 2.25214E-03 -3.68746E-07 1.25566E-08 1.73357E-03 
1.25566E-08 -8.41394E-08 1.67129E-03 4.55083E-04 1.22718E-05 4.30347E-03 5.29475E-02 2.09852E-03 -8.41394E-08 1.25566E-08 1.52260E-03 
1.25566E-08 -2.38076E-07 1.58232E-03 4.50520E-04 1.11011E-05 3.94922E-03 4.91818E-02 1.95362E-03 -2.38076E-07 1.25566E-08 1.34081E-03 
1.25566E-08 -3.44956E-07 1.49557E-03 4.44680E-04 1.00358E-05 3.61617E-03 4.55938E-02 1.81522E-03 -3.44956E-07 1.25566E-08 1.18166E-03 
1.25566E-08 -4.15170E-07 1.41122E-03 4.37626E-04 9.06349E-06 3.30407E-03 4.21854E-02 1.68340E-03 -4.15170E-07 1.25566E-08 1.04253E-03 
1.25566E-08 -4.56720E-07 1.32940E-03 4.29429E-04 8.17398E-06 3.01248E-03 3.89567E-02 1.55820E-03 -4.56720E-07 1.25566E-08 9.20927E-04 
1.25566E-08 -4.73090E-07 1.26792E-03 4.22357E-04 7.53721E-06 2.80060E-03 3.65813E-02 1.46586E-03 -4.73090E-07 1.25566E-08 8.37435E-04 
1.25566E-08 -4.75647E-07 1.25024E-03 4.20175E-04 7.35896E-06 2.74087E-03 3.59069E-02 1.43961E-03 -4.75647E-07 1.25566E-08 8.14608E-04 
1.25566E-08 -4.75898E-07 1.16799E-03 4.09116E-04 6.55574E-06 2.46967E-03 3.28165E-02 1.31911E-03 -4.75898E-07 1.25566E-08 7.14721E-04 
1.25566E-08 -4.59429E-07 1.08905E-03 3.97056E-04 5.82389E-06 2.22010E-03 2.99280E-02 1.20613E-03 -4.59429E-07 1.25566E-08 6.27873E-04 
1.25566E-08 -4.29690E-07 1.01351E-03 3.84122E-04 5.15711E-06 1.99116E-03 2.72364E-02 1.10054E-03 -4.29690E-07 1.25566E-08 5.52001E-04 
1.25566E-08 -3.89730E-07 9.41430E-04 3.70444E-04 4.54969E-06 1.78181E-03 2.47358E-02 1.00214E-03 -3.89730E-07 1.25566E-08 4.85297E-04 
6.84345E-08 -2.93472E-07 8.73599E-04 3.56346E-04 4.05205E-06 1.59307E-03 2.24440E-02 9.11714E-04 -2.93472E-07 6.84345E-08 4.26005E-04 
1.43744E-07 -1.94790E-07 8.08910E-04 3.41706E-04 3.59827E-06 1.42064E-03 2.03162E-02 8.27503E-04 -1.94790E-07 1.43744E-07 3.72741E-04 
2.07208E-07 -1.09095E-07 7.47237E-04 3.26596E-04 3.17015E-06 1.26324E-03 1.83420E-02 7.49119E-04 -1.09095E-07 2.07208E-07 3.24589E-04 
2.55448E-07 -3.97699E-08 6.88641E-04 3.11136E-04 2.76347E-06 1.12012E-03 1.65173E-02 6.76424E-04 -3.97699E-08 2.55448E-07 2.80795E-04 
2.86010E-07 1.08114E-08 6.33155E-04 2.95448E-04 2.37508E-06 9.90491E-04 1.48368E-02 6.09241E-04 1.08114E-08 2.86010E-07 2.40774E-04 
2.97497E-07 4.14118E-08 5.80788E-04 2.79649E-04 2.00304E-06 8.73509E-04 1.32945E-02 5.47368E-04 4.14118E-08 2.97497E-07 2.04112E-04 
2.89757E-07 5.21162E-08 5.31527E-04 2.63852E-04 1.64680E-06 7.68324E-04 1.18839E-02 4.90577E-04 5.21162E-08 2.89757E-07 1.70564E-04 
2.64097E-07 4.45400E-08 4.85335E-04 2.48163E-04 1.30738E-06 6.74077E-04 1.05981E-02 4.38622E-04 4.45400E-08 2.64097E-07 1.40042E-04 
2.23486E-07 2.20231E-08 4.42160E-04 2.32685E-04 9.87549E-07 5.89921E-04 9.42969E-03 3.91245E-04 2.20231E-08 2.23486E-07 1.12601E-04 
1.72712E-07 -1.02244E-08 4.01934E-04 2.17510E-04 6.91911E-07 5.15024E-04 8.37140E-03 3.48180E-04 -1.02244E-08 1.72712E-07 8.84127E-05 
1.18454E-07 -4.50638E-08 3.64574E-04 2.02723E-04 4.26972E-07 4.48587E-04 7.41574E-03 3.09160E-04 -4.50638E-08 1.18454E-07 6.77391E-05 
6.92381E-08 -7.34919E-08 3.29987E-04 1.88400E-04 2.00999E-07 3.89845E-04 6.55529E-03 2.73918E-04 -7.34919E-08 6.92381E-08 5.08921E-05 
3.52347E-08 -8.48550E-08 2.98072E-04 1.74609E-04 2.37903E-08 3.38075E-04 5.78279E-03 2.42190E-04 -8.48550E-08 3.52347E-08 3.81919E-05 
1.06764E-08 -2.95864E-07 1.66750E-03 5.47808E-04 8.49559E-06 3.15574E-03 4.57699E-02 1.86108E-03 -2.95864E-07 1.06764E-08 1.01458E-03 
1.06764E-08 -2.95864E-07 1.57688E-03 5.38756E-04 7.67605E-06 2.89026E-03 4.24436E-02 1.72962E-03 -2.95864E-07 1.06764E-08 8.97923E-04 
1.06764E-08 -6.24109E-08 1.48987E-03 5.28546E-04 6.94512E-06 2.64476E-03 3.93252E-02 1.60608E-03 -6.24109E-08 1.06764E-08 7.97602E-04 
1.06764E-08 -1.82577E-07 1.40634E-03 5.17282E-04 6.28961E-06 2.41776E-03 3.64020E-02 1.48997E-03 -1.82577E-07 1.06764E-08 7.11203E-04 
1.06764E-08 -2.73934E-07 1.32515E-03 5.04934E-04 5.68770E-06 2.20520E-03 3.36271E-02 1.37946E-03 -2.73934E-07 1.06764E-08 6.35094E-04 
1.06764E-08 -3.41666E-07 1.24646E-03 4.91596E-04 5.13295E-06 2.00681E-03 3.10010E-02 1.27460E-03 -3.41666E-07 1.06764E-08 5.68036E-04 
1.06764E-08 -3.89536E-07 1.17038E-03 4.77364E-04 4.62032E-06 1.82221E-03 2.85230E-02 1.17539E-03 -3.89536E-07 1.06764E-08 5.08880E-04 
1.06764E-08 -4.14675E-07 1.11337E-03 4.65807E-04 4.25009E-06 1.68859E-03 2.67063E-02 1.10247E-03 -4.14675E-07 1.06764E-08 4.67856E-04 
1.06764E-08 -4.20224E-07 1.09702E-03 4.62346E-04 4.14595E-06 1.65100E-03 2.61916E-02 1.08179E-03 -4.20224E-07 1.06764E-08 4.56569E-04 
1.06764E-08 -4.36308E-07 1.02107E-03 4.45397E-04 3.67384E-06 1.48081E-03 2.38389E-02 9.87066E-04 -4.36308E-07 1.06764E-08 4.06718E-04 
1.06764E-08 -4.36674E-07 9.48477E-04 4.27802E-04 3.23952E-06 1.32493E-03 2.16497E-02 8.98660E-04 -4.36674E-07 1.06764E-08 3.62588E-04 
1.06764E-08 -4.23215E-07 8.79288E-04 4.09701E-04 2.84013E-06 1.18262E-03 1.96188E-02 8.16403E-04 -4.23215E-07 1.06764E-08 3.23184E-04 
1.06764E-08 -3.98052E-07 8.13538E-04 3.91234E-04 2.47283E-06 1.05314E-03 1.77405E-02 7.40102E-04 -3.98052E-07 1.06764E-08 2.87627E-04 
5.79778E-08 -3.09562E-07 7.51938E-04 3.72779E-04 2.19322E-06 9.37019E-04 1.60271E-02 6.70337E-04 -3.09562E-07 5.79778E-08 2.54922E-04 
1.20990E-07 -2.18196E-07 6.93443E-04 3.54136E-04 1.93467E-06 8.31464E-04 1.44437E-02 6.05671E-04 -2.18196E-07 1.20990E-07 2.24523E-04 
1.72828E-07 -1.40272E-07 6.37916E-04 3.35368E-04 1.68021E-06 7.35598E-04 1.29816E-02 5.45764E-04 -1.40272E-07 1.72828E-07 1.96055E-04 
2.10251E-07 -7.89579E-08 5.85392E-04 3.16597E-04 1.42736E-06 6.48881E-04 1.16366E-02 4.90473E-04 -7.89579E-08 2.10251E-07 1.69214E-04 
2.30801E-07 -3.65438E-08 5.35881E-04 2.97943E-04 1.17464E-06 5.70748E-04 1.04039E-02 4.39624E-04 -3.65438E-08 2.30801E-07 1.43802E-04 
2.33009E-07 -1.42419E-08 4.89367E-04 2.79514E-04 9.21749E-07 5.00615E-04 9.27825E-03 3.93026E-04 -1.42419E-08 2.33009E-07 1.19745E-04 
2.16638E-07 -1.19435E-08 4.45816E-04 2.61415E-04 6.69777E-07 4.37896E-04 8.25389E-03 3.50470E-04 -1.19435E-08 2.16638E-07 9.70875E-05 
1.82940E-07 -2.79703E-08 4.05173E-04 2.43739E-04 4.21385E-07 3.82009E-04 7.32488E-03 3.11736E-04 -2.79703E-08 1.82940E-07 7.59934E-05 
1.34889E-07 -5.88556E-08 3.67369E-04 2.26572E-04 1.80992E-07 3.32386E-04 6.48512E-03 2.76597E-04 -5.88556E-08 1.34889E-07 5.67332E-05 
7.73470E-08 -9.91918E-08 3.32321E-04 2.09990E-04 -4.51429E-08 2.88476E-04 5.72846E-03 2.44824E-04 -9.91918E-08 7.73470E-08 3.96652E-05 
1.71287E-08 -1.41579E-07 2.99935E-04 1.94057E-04 -2.48905E-07 2.49757E-04 5.04879E-03 2.16190E-04 -1.41579E-07 1.71287E-08 2.52095E-05 
-3.70604E-08 -1.76710E-07 2.70107E-04 1.78832E-04 -4.20477E-07 2.15732E-04 4.44012E-03 1.90472E-04 -1.76710E-07 -3.70604E-08 1.38120E-05 
-7.48479E-08 -1.93612E-07 2.42731E-04 1.64360E-04 -5.48616E-07 1.85938E-04 3.89661E-03 1.67451E-04 -1.93612E-07 -7.48479E-08 5.90511E-06 
1.04439E-08 -2.45629E-07 1.47712E-03 6.26539E-04 5.03873E-06 1.84175E-03 3.30582E-02 1.39008E-03 -2.45629E-07 1.04439E-08 4.68610E-04 
1.04439E-08 -2.45629E-07 1.39237E-03 6.09591E-04 4.60354E-06 1.67998E-03 3.05446E-02 1.28708E-03 -2.45629E-07 1.04439E-08 4.23623E-04 
1.04439E-08 -4.83550E-08 1.31127E-03 5.91878E-04 4.20597E-06 1.53101E-03 2.81973E-02 1.19066E-03 -4.83550E-08 1.04439E-08 3.84704E-04 
1.04439E-08 -1.45928E-07 1.23367E-03 5.73503E-04 3.84097E-06 1.39384E-03 2.60057E-02 1.10039E-03 -1.45928E-07 1.04439E-08 3.50986E-04 
1.04439E-08 -2.25552E-07 1.15850E-03 5.54352E-04 3.49775E-06 1.26594E-03 2.39334E-02 1.01482E-03 -2.25552E-07 1.04439E-08 3.20688E-04 
1.04439E-08 -2.89176E-07 1.08591E-03 5.34540E-04 3.17363E-06 1.14707E-03 2.19801E-02 9.33952E-04 -2.89176E-07 1.04439E-08 2.93424E-04 
1.04439E-08 -3.37955E-07 1.01598E-03 5.14183E-04 2.86689E-06 1.03697E-03 2.01445E-02 8.57756E-04 -3.37955E-07 1.04439E-08 2.68817E-04 
1.04439E-08 -3.65937E-07 9.63767E-04 4.98136E-04 2.64079E-06 9.57578E-04 1.88037E-02 8.01971E-04 -3.65937E-07 1.04439E-08 2.51369E-04 
1.04439E-08 -3.72545E-07 9.48816E-04 4.93404E-04 2.57648E-06 9.35297E-04 1.84245E-02 7.86176E-04 -3.72545E-07 1.04439E-08 2.46502E-04 
1.04439E-08 -3.94466E-07 8.79562E-04 4.70665E-04 2.28092E-06 8.34720E-04 1.66967E-02 7.14070E-04 -3.94466E-07 1.04439E-08 2.24598E-04 
1.04439E-08 -4.01099E-07 8.13650E-04 4.47724E-04 2.00298E-06 7.43064E-04 1.50962E-02 6.47093E-04 -4.01099E-07 1.04439E-08 2.04502E-04 
1.04439E-08 -3.93550E-07 7.51109E-04 4.24725E-04 1.74193E-06 6.59826E-04 1.36185E-02 5.85081E-04 -3.93550E-07 1.04439E-08 1.85793E-04 
1.04439E-08 -3.73569E-07 6.91947E-04 4.01805E-04 1.49666E-06 5.84486E-04 1.22585E-02 5.27847E-04 -3.73569E-07 1.04439E-08 1.68078E-04 
5.63987E-08 -2.85510E-07 6.36787E-04 3.79383E-04 1.32706E-06 5.17311E-04 1.10239E-02 4.75801E-04 -2.85510E-07 5.63987E-08 1.50716E-04 
1.16719E-07 -1.95309E-07 5.84651E-04 3.57177E-04 1.16433E-06 4.56580E-04 9.88858E-03 4.27805E-04 -1.95309E-07 1.16719E-07 1.33643E-04 
1.65145E-07 -1.20133E-07 5.35393E-04 3.35234E-04 9.92058E-07 4.01720E-04 8.84541E-03 3.83568E-04 -1.20133E-07 1.65145E-07 1.16765E-04 
1.98475E-07 -6.30566E-08 4.89024E-04 3.13668E-04 8.08979E-07 3.52367E-04 7.89066E-03 3.42949E-04 -6.30566E-08 1.98475E-07 1.00000E-04 
2.14231E-07 -2.63182E-08 4.45528E-04 2.92587E-04 6.14810E-07 3.08144E-04 7.02014E-03 3.05788E-04 -2.63182E-08 2.14231E-07 8.33483E-05 
2.10921E-07 -1.10669E-08 4.04868E-04 2.72085E-04 4.10463E-07 2.68673E-04 6.22932E-03 2.71913E-04 -1.10669E-08 2.10921E-07 6.69057E-05 
1.88327E-07 -1.70780E-08 3.66991E-04 2.52247E-04 1.98272E-07 2.33576E-04 5.51347E-03 2.41140E-04 -1.70780E-08 1.88327E-07 5.08709E-05 
1.47793E-07 -4.24782E-08 3.31826E-04 2.33149E-04 -1.78095E-08 2.02483E-04 4.86775E-03 2.13281E-04 -4.24782E-08 1.47793E-07 3.55432E-05 
9.24642E-08 -8.35156E-08 2.99289E-04 2.14852E-04 -2.32044E-07 1.75039E-04 4.28723E-03 1.88146E-04 -8.35156E-08 9.24642E-08 2.13143E-05 
2.74538E-08 -1.34412E-07 2.69285E-04 1.97408E-04 -4.36832E-07 1.50903E-04 3.76703E-03 1.65545E-04 -1.34412E-07 2.74538E-08 8.64958E-06 
-4.01030E-08 -1.87331E-07 2.41711E-04 1.80861E-04 -6.22744E-07 1.29757E-04 3.30237E-03 1.45293E-04 -1.87331E-07 -4.01030E-08 -1.93725E-06 
-1.01143E-07 -2.32488E-07 2.16459E-04 1.65240E-04 -7.78698E-07 1.11301E-04 2.88858E-03 1.27210E-04 -2.32488E-07 -1.01143E-07 -9.91932E-06 
-1.44930E-07 -2.58434E-07 1.93417E-04 1.50570E-04 -8.92287E-07 9.52583E-05 2.52119E-03 1.11126E-04 -2.58434E-07 -1.44930E-07 -1.47966E-05 
1.11609E-08 -2.14536E-07 1.28842E-03 6.90440E-04 3.44860E-06 9.97752E-04 2.28779E-02 9.98093E-04 -2.14536E-07 1.11609E-08 1.83056E-04 
1.11609E-08 -2.14536E-07 1.21012E-03 6.65332E-04 3.21752E-06 9.06103E-04 2.10568E-02 9.20344E-04 -2.14536E-07 1.11609E-08 1.73428E-04 
1.11609E-08 -4.03061E-08 1.13548E-03 6.39982E-04 2.99492E-06 8.22081E-04 1.93633E-02 8.47863E-04 -4.03061E-08 1.11609E-08 1.64724E-04 
1.11609E-08 -1.24412E-07 1.06434E-03 6.14486E-04 2.78055E-06 7.45070E-04 1.77886E-02 7.80307E-04 -1.24412E-07 1.11609E-08 1.56913E-04 
1.11609E-08 -1.96034E-07 9.95701E-04 5.88624E-04 2.56951E-06 6.73584E-04 1.63059E-02 7.16544E-04 -1.96034E-07 1.11609E-08 1.49287E-04 
1.11609E-08 -2.55280E-07 9.29672E-04 5.62530E-04 2.36138E-06 6.07457E-04 1.49143E-02 6.56556E-04 -2.55280E-07 1.11609E-08 1.41893E-04 
1.11609E-08 -3.01868E-07 8.66337E-04 5.36331E-04 2.15636E-06 5.46492E-04 1.36122E-02 6.00295E-04 -3.01868E-07 1.11609E-08 1.34736E-04 
1.11609E-08 -3.28961E-07 8.19222E-04 5.16069E-04 2.00024E-06 5.02726E-04 1.26649E-02 5.59276E-04 -3.28961E-07 1.11609E-08 1.29340E-04 
1.11609E-08 -3.35379E-07 8.05761E-04 5.10155E-04 1.95507E-06 4.90472E-04 1.23976E-02 5.47690E-04 -3.35379E-07 1.11609E-08 1.27781E-04 
1.11609E-08 -3.56545E-07 7.43585E-04 4.82097E-04 1.74307E-06 4.35339E-04 1.11831E-02 4.94963E-04 -3.56545E-07 1.11609E-08 1.20417E-04 
1.11609E-08 -3.62326E-07 6.84696E-04 4.54353E-04 1.53708E-06 3.85372E-04 1.00636E-02 4.46248E-04 -3.62326E-07 1.11609E-08 1.13052E-04 
1.11609E-08 -3.53613E-07 6.29095E-04 4.27058E-04 1.33750E-06 3.40246E-04 9.03526E-03 4.01388E-04 -3.53613E-07 1.11609E-08 1.05509E-04 
1.11609E-08 -3.32210E-07 5.76763E-04 4.00337E-04 1.14420E-06 2.99635E-04 8.09357E-03 3.60212E-04 -3.32210E-07 1.11609E-08 9.75969E-05 
5.99642E-08 -2.39685E-07 5.28234E-04 3.74629E-04 1.02043E-06 2.63668E-04 7.24319E-03 3.22999E-04 -2.39685E-07 5.99642E-08 8.87779E-05 
1.23210E-07 -1.46572E-07 4.82602E-04 3.49570E-04 8.94565E-07 2.31342E-04 6.46523E-03 2.88874E-04 -1.46572E-07 1.23210E-07 7.92398E-05 
1.73027E-07 -7.08494E-08 4.39714E-04 3.25182E-04 7.50349E-07 2.02306E-04 5.75417E-03 2.57594E-04 -7.08494E-08 1.73027E-07 6.90067E-05 
2.06139E-07 -1.56051E-08 3.99554E-04 3.01564E-04 5.87350E-07 1.76334E-04 5.10686E-03 2.29031E-04 -1.56051E-08 2.06139E-07 5.80848E-05 
2.20010E-07 1.69363E-08 3.62086E-04 2.78800E-04 4.06169E-07 1.53196E-04 4.51985E-03 2.03046E-04 1.69363E-08 2.20010E-07 4.65570E-05 
2.13146E-07 2.57119E-08 3.27253E-04 2.56963E-04 2.08663E-07 1.32665E-04 3.98952E-03 1.79491E-04 2.57119E-08 2.13146E-07 3.45973E-05 
1.85413E-07 1.11321E-08 2.94985E-04 2.36112E-04 -1.81316E-09 1.14517E-04 3.51215E-03 1.58213E-04 1.11321E-08 1.85413E-07 2.24783E-05 
1.38342E-07 -2.46296E-08 2.65196E-04 2.16294E-04 -2.20212E-07 9.85354E-05 3.08397E-03 1.39059E-04 -2.46296E-08 1.38342E-07 1.05710E-05 
7.53727E-08 -7.74069E-08 2.37792E-04 1.97545E-04 -4.39643E-07 8.45170E-05 2.70123E-03 1.21877E-04 -7.74069E-08 7.53727E-08 -6.64855E-07 
2.00694E-09 -1.40909E-07 2.12669E-04 1.79887E-04 -6.51325E-07 7.22694E-05 2.36024E-03 1.06517E-04 -1.40909E-07 2.00694E-09 -1.06999E-05 
-7.41631E-08 -2.06715E-07 1.89721E-04 1.63334E-04 -8.44653E-07 6.16145E-05 2.05744E-03 9.28365E-05 -2.06715E-07 -7.41631E-08 -1.89625E-05 
-1.43582E-07 -2.64425E-07 1.68834E-04 1.47892E-04 -1.00742E-06 5.23885E-05 1.78939E-03 8.06998E-05 -2.64425E-07 -1.43582E-07 -2.48746E-05 
-1.95026E-07 -3.01979E-07 1.49898E-04 1.33556E-04 -1.12621E-06 4.44425E-05 1.55283E-03 6.99789E-05 -3.01979E-07 -1.95026E-07 -2.78935E-05 
1.24365E-08 -1.95875E-07 1.10317E-03 7.33022E-04 2.92964E-06 4.94677E-04 1.50749E-02 6.83454E-04 -1.95875E-07 1.24365E-08 4.93549E-05 
1.24365E-08 -1.95875E-07 1.03191E-03 7.00062E-04 2.79459E-06 4.47086E-04 1.38183E-02 6.27330E-04 -1.95875E-07 1.24365E-08 5.37332E-05 
1.24365E-08 -3.62091E-08 9.64267E-04 6.67496E-04 2.65258E-06 4.03663E-04 1.26549E-02 5.75259E-04 -3.62091E-08 1.24365E-08 5.70972E-05 
1.24365E-08 -1.12811E-07 9.00087E-04 6.35392E-04 2.50597E-06 3.64055E-04 1.15779E-02 5.26963E-04 -1.12811E-07 1.24365E-08 5.97674E-05 
1.24365E-08 -1.78797E-07 8.38438E-04 6.03425E-04 2.35266E-06 3.27465E-04 1.05683E-02 4.81601E-04 -1.78797E-07 1.24365E-08 6.15668E-05 
1.24365E-08 -2.33366E-07 7.79406E-04 5.71733E-04 2.19343E-06 2.93784E-04 9.62502E-03 4.39138E-04 -2.33366E-07 1.24365E-08 6.26961E-05 
1.24365E-08 -2.75570E-07 7.23047E-04 5.40443E-04 2.02953E-06 2.62889E-04 8.74643E-03 3.99516E-04 -2.75570E-07 1.24365E-08 6.32863E-05 
1.24365E-08 -2.99194E-07 6.81300E-04 5.16587E-04 1.90045E-06 2.40811E-04 8.10985E-03 3.70764E-04 -2.99194E-07 1.24365E-08 6.34144E-05 
1.24365E-08 -3.04565E-07 6.69403E-04 5.09679E-04 1.86244E-06 2.34647E-04 7.93068E-03 3.62665E-04 -3.04565E-07 1.24365E-08 6.33989E-05 
1.24365E-08 -3.20477E-07 6.14624E-04 4.77227E-04 1.68036E-06 2.07004E-04 7.11899E-03 3.25934E-04 -3.20477E-07 1.24365E-08 6.29808E-05 
1.24365E-08 -3.20586E-07 5.63023E-04 4.45647E-04 1.49773E-06 1.82097E-04 6.37475E-03 2.92199E-04 -3.20586E-07 1.24365E-08 6.19290E-05 
1.24365E-08 -3.05977E-07 5.14574E-04 4.15051E-04 1.31549E-06 1.59738E-04 5.69465E-03 2.61321E-04 -3.05977E-07 1.24365E-08 6.01163E-05 
1.24365E-08 -2.78803E-07 4.69232E-04 3.85539E-04 1.13390E-06 1.39739E-04 5.07521E-03 2.33153E-04 -2.78803E-07 1.24365E-08 5.73873E-05 
6.65591E-08 -1.78828E-07 4.27439E-04 3.57549E-04 1.01884E-06 1.22174E-04 4.51891E-03 2.07876E-04 -1.78828E-07 6.65591E-08 5.31764E-05 
1.36023E-07 -8.04446E-08 3.88368E-04 3.30639E-04 8.95670E-07 1.06485E-04 4.01274E-03 1.84839E-04 -8.04446E-08 1.36023E-07 4.77827E-05 
1.89985E-07 -2.40015E-09 3.51859E-04 3.04799E-04 7.48064E-07 9.24725E-05 3.55265E-03 1.63848E-04 -2.40015E-09 1.89985E-07 4.12602E-05 
2.25011E-07 5.21240E-08 3.17873E-04 2.80100E-04 5.76204E-07 8.00100E-05 3.13614E-03 1.44794E-04 5.21240E-08 2.25011E-07 3.36329E-05 
2.38470E-07 8.08963E-08 2.86355E-04 2.56599E-04 3.81391E-07 6.89696E-05 2.76057E-03 1.27562E-04 8.08963E-08 2.38470E-07 2.50071E-05 
2.28882E-07 8.29660E-08 2.57230E-04 2.34336E-04 1.66292E-07 5.92269E-05 2.42321E-03 1.12031E-04 8.29660E-08 2.28882E-07 1.55864E-05 
1.96247E-07 5.89940E-08 2.30416E-04 2.13340E-04 -6.48203E-08 5.06627E-05 2.12131E-03 9.80839E-05 5.89940E-08 1.96247E-07 5.67865E-06 
1.42365E-07 1.15476E-08 2.05816E-04 1.93624E-04 -3.05882E-07 4.31641E-05 1.85211E-03 8.56008E-05 1.15476E-08 1.42365E-07 -4.30555E-06 
7.10693E-08 -5.46805E-08 1.83328E-04 1.75192E-04 -5.48908E-07 3.66262E-05 1.61292E-03 7.44675E-05 -5.46805E-08 7.10693E-08 -1.38644E-05 
-1.16429E-08 -1.32765E-07 1.62846E-04 1.58037E-04 -7.83983E-07 3.09526E-05 1.40110E-03 6.45741E-05 -1.32765E-07 -1.16429E-08 -2.24264E-05 
-9.76110E-08 -2.13576E-07 1.44260E-04 1.42141E-04 -9.99372E-07 2.60559E-05 1.21414E-03 5.58175E-05 -2.13576E-07 -9.76110E-08 -2.93796E-05 
-1.76682E-07 -2.85980E-07 1.27460E-04 1.27482E-04 -1.18180E-06 2.18581E-05 1.04966E-03 4.81016E-05 -2.85980E-07 -1.76682E-07 -3.41107E-05 
-2.37047E-07 -3.37204E-07 1.12338E-04 1.14028E-04 -1.31687E-06 1.82896E-05 9.05413E-04 4.13377E-05 -3.37204E-07 -2.37047E-07 -3.60475E-05 
1.40699E-08 -1.82887E-07 9.21283E-04 7.48423E-04 2.98982E-06 2.18473E-04 9.34145E-03 4.39214E-04 -1.82887E-07 1.40699E-08 -5.54737E-06 
1.40699E-08 -1.82887E-07 8.57711E-04 7.08512E-04 2.89165E-06 1.96436E-04 8.52607E-03 4.01050E-04 -1.82887E-07 1.40699E-08 2.00711E-06 
1.40699E-08 -3.41959E-08 7.97677E-04 6.69713E-04 2.77872E-06 1.76426E-04 7.77464E-03 3.65835E-04 -3.41959E-08 1.40699E-08 8.32558E-06 
1.40699E-08 -1.06213E-07 7.41008E-04 6.32052E-04 2.65479E-06 1.58264E-04 7.08228E-03 3.33354E-04 -1.06213E-07 1.40699E-08 1.37984E-05 
1.40699E-08 -1.67331E-07 6.86853E-04 5.95098E-04 2.51882E-06 1.41568E-04 6.43625E-03 3.03017E-04 -1.67331E-07 1.40699E-08 1.84485E-05 
1.40699E-08 -2.16402E-07 6.35271E-04 5.58981E-04 2.37219E-06 1.26277E-04 5.83548E-03 2.74781E-04 -2.16402E-07 1.40699E-08 2.24738E-05 
1.40699E-08 -2.52295E-07 5.86292E-04 5.23815E-04 2.21664E-06 1.12322E-04 5.27862E-03 2.48590E-04 -2.52295E-07 1.40699E-08 2.59901E-05 
1.40699E-08 -2.70457E-07 5.50191E-04 4.97327E-04 2.09134E-06 1.02397E-04 4.87690E-03 2.29685E-04 -2.70457E-07 1.40699E-08 2.83871E-05 
1.40699E-08 -2.74142E-07 5.39931E-04 4.89708E-04 2.05402E-06 9.96330E-05 4.76411E-03 2.24376E-04 -2.74142E-07 1.40699E-08 2.90335E-05 
1.40699E-08 -2.81552E-07 4.92868E-04 4.54224E-04 1.87274E-06 8.72830E-05 4.25480E-03 2.00396E-04 -2.81552E-07 1.40699E-08 3.17432E-05 
1.40699E-08 -2.72652E-07 4.48813E-04 4.20173E-04 1.68697E-06 7.62222E-05 3.79036E-03 1.78521E-04 -2.72652E-07 1.40699E-08 3.37419E-05 
1.40699E-08 -2.48988E-07 4.07713E-04 3.87635E-04 1.49779E-06 6.63543E-05 3.36828E-03 1.58637E-04 -2.48988E-07 1.40699E-08 3.48560E-05 
1.40699E-08 -2.13261E-07 3.69498E-04 3.56669E-04 1.30556E-06 5.75835E-05 2.98599E-03 1.40625E-04 -2.13261E-07 1.40699E-08 3.48876E-05 
7.50744E-08 -1.04165E-07 3.34521E-04 3.27687E-04 1.17818E-06 4.99690E-05 2.64465E-03 1.24601E-04 -1.04165E-07 7.50744E-08 3.31867E-05 
1.52766E-07 6.08511E-10 3.02036E-04 3.00180E-04 1.03810E-06 4.32104E-05 2.33583E-03 1.10097E-04 6.08511E-10 1.52766E-07 3.00917E-05 
2.12447E-07 8.15835E-08 2.71881E-04 2.74099E-04 8.68811E-07 3.72024E-05 2.05672E-03 9.69650E-05 8.15835E-08 2.12447E-07 2.56461E-05 
2.50459E-07 1.35438E-07 2.43998E-04 2.49481E-04 6.71016E-07 3.18812E-05 1.80551E-03 8.51190E-05 1.35438E-07 2.50459E-07 1.98618E-05 
2.64068E-07 1.59934E-07 2.18312E-04 2.26345E-04 4.46654E-07 2.71851E-05 1.58033E-03 7.44697E-05 1.59934E-07 2.64068E-07 1.28445E-05 
2.51825E-07 1.54271E-07 1.94739E-04 2.04695E-04 1.99170E-07 2.30551E-05 1.37925E-03 6.49280E-05 1.54271E-07 2.51825E-07 4.80793E-06 
2.13922E-07 1.19431E-07 1.73185E-04 1.84522E-04 -6.62465E-08 1.94364E-05 1.20038E-03 5.64065E-05 1.19431E-07 2.13922E-07 -3.91999E-06 
1.52503E-07 5.84712E-08 1.53548E-04 1.65805E-04 -3.42494E-07 1.62786E-05 1.04186E-03 4.88209E-05 5.84712E-08 1.52503E-07 -1.29015E-05 
7.18862E-08 -2.32813E-08 1.35724E-04 1.48514E-04 -6.20464E-07 1.35370E-05 9.01859E-04 4.20916E-05 -2.32813E-08 7.18862E-08 -2.16030E-05 
-2.13334E-08 -1.18149E-07 1.19607E-04 1.32610E-04 -8.89074E-07 1.11718E-05 7.78651E-04 3.61448E-05 -1.18149E-07 -2.13334E-08 -2.94191E-05 
-1.18327E-07 -2.16180E-07 1.05091E-04 1.18047E-04 -1.13543E-06 9.14936E-06 6.70588E-04 3.09128E-05 -2.16180E-07 -1.18327E-07 -3.57055E-05 
-2.08251E-07 -3.05398E-07 9.20712E-05 1.04774E-04 -1.34516E-06 7.44090E-06 5.76122E-04 2.63345E-05 -3.05398E-07 -2.08251E-07 -3.98200E-05 
-2.78631E-07 -3.72223E-07 8.04472E-05 9.27386E-05 -1.50290E-06 6.02268E-06 4.93811E-04 2.23553E-05 -3.72223E-07 -2.78631E-07 -4.11678E-05 
1.59578E-08 -1.70669E-07 7.43699E-04 7.30471E-04 3.35873E-06 8.34456E-05 5.37463E-03 2.58956E-04 -1.70669E-07 1.59578E-08 -2.44307E-05 
1.59578E-08 -1.70669E-07 6.88524E-04 6.85279E-04 3.26721E-06 7.46555E-05 4.88395E-03 2.35027E-04 -1.70669E-07 1.59578E-08 -1.81605E-05 
1.59578E-08 -3.29614E-08 6.36733E-04 6.41949E-04 3.15700E-06 6.67049E-05 4.43389E-03 2.13088E-04 -3.29614E-08 1.59578E-08 -1.26129E-05 
1.59578E-08 -1.01136E-07 5.88142E-04 6.00458E-04 3.03260E-06 5.95182E-05 4.02118E-03 1.92986E-04 -1.01136E-07 1.59578E-08 -7.46069E-06 
1.59578E-08 -1.56939E-07 5.41992E-04 5.60271E-04 2.89315E-06 5.29369E-05 3.63792E-03 1.74334E-04 -1.56939E-07 1.59578E-08 -2.65385E-06 
1.59578E-08 -1.99204E-07 4.98308E-04 5.21497E-04 2.74029E-06 4.69328E-05 3.28323E-03 1.57092E-04 -1.99204E-07 1.59578E-08 1.93399E-06 
1.59578E-08 -2.26901E-07 4.57094E-04 4.84224E-04 2.57593E-06 4.14752E-05 2.95608E-03 1.41209E-04 -2.26901E-07 1.59578E-08 6.34406E-06 
1.59578E-08 -2.37906E-07 4.26893E-04 4.56462E-04 2.44211E-06 3.76076E-05 2.72112E-03 1.29817E-04 -2.37906E-07 1.59578E-08 9.61194E-06 
1.59578E-08 -2.39387E-07 4.18339E-04 4.48527E-04 2.40203E-06 3.65329E-05 2.65533E-03 1.26630E-04 -2.39387E-07 1.59578E-08 1.05368E-05 
1.59578E-08 -2.35785E-07 3.79271E-04 4.11869E-04 2.20587E-06 3.17441E-05 2.35917E-03 1.12301E-04 -2.35785E-07 1.59578E-08 1.46871E-05 
1.59578E-08 -2.15456E-07 3.42969E-04 3.77161E-04 2.00239E-06 2.74757E-05 2.09061E-03 9.93350E-05 -2.15456E-07 1.59578E-08 1.82490E-05 
1.59578E-08 -1.80582E-07 3.09356E-04 3.44432E-04 1.79262E-06 2.36862E-05 1.84791E-03 8.76449E-05 -1.80582E-07 1.59578E-08 2.09685E-05 
1.59578E-08 -1.34556E-07 2.78341E-04 3.13692E-04 1.57683E-06 2.03343E-05 1.62934E-03 7.71419E-05 -1.34556E-07 1.59578E-08 2.25771E-05 
8.49251E-08 -1.55346E-08 2.50188E-04 2.85300E-04 1.42457E-06 1.74823E-05 1.43534E-03 6.79033E-05 -1.55346E-08 8.49251E-08 2.23275E-05 
1.72139E-07 9.59011E-08 2.24243E-04 2.58697E-04 1.25549E-06 1.49611E-05 1.26084E-03 5.96058E-05 9.59011E-08 1.72139E-07 2.05660E-05 
2.38419E-07 1.79593E-07 2.00341E-04 2.33791E-04 1.05297E-06 1.27168E-05 1.10403E-03 5.21422E-05 1.79593E-07 2.38419E-07 1.73128E-05 
2.79855E-07 2.32061E-07 1.78409E-04 2.10578E-04 8.18175E-07 1.07229E-05 9.63710E-04 4.54496E-05 2.32061E-07 2.79855E-07 1.25598E-05 
2.93607E-07 2.51080E-07 1.58363E-04 1.89034E-04 5.53720E-07 8.95475E-06 8.38667E-04 3.94652E-05 2.51080E-07 2.93607E-07 6.40631E-06 
2.78295E-07 2.36055E-07 1.40107E-04 1.69125E-04 2.63872E-07 7.39018E-06 7.27674E-04 3.41284E-05 2.36055E-07 2.78295E-07 -9.27815E-07 
2.34365E-07 1.88370E-07 1.23545E-04 1.50804E-04 -4.51932E-08 6.00978E-06 6.29531E-04 2.93811E-05 1.88370E-07 2.34365E-07 -9.09804E-06 
1.64386E-07 1.11668E-07 1.08575E-04 1.34016E-04 -3.65259E-07 4.79738E-06 5.43072E-04 2.51699E-05 1.11668E-07 1.64386E-07 -1.76418E-05 
7.32536E-08 1.20235E-08 9.50949E-05 1.18696E-04 -6.86006E-07 3.74027E-06 4.67182E-04 2.14460E-05 1.20235E-08 7.32536E-08 -2.59956E-05 
-3.17429E-08 -1.02020E-07 8.30044E-05 1.04778E-04 -9.95101E-07 2.82920E-06 4.00805E-04 1.81660E-05 -1.02020E-07 -3.17429E-08 -3.35222E-05 
-1.41013E-07 -2.19579E-07 7.22062E-05 9.21921E-05 -1.27842E-06 2.05823E-06 3.42951E-04 1.52924E-05 -2.19579E-07 -1.41013E-07 -3.95472E-05 
-2.42933E-07 -3.27732E-07 6.26069E-05 8.08651E-05 -1.52044E-06 1.42441E-06 2.92700E-04 1.27931E-05 -3.27732E-07 -2.42933E-07 -4.34017E-05 
-3.24295E-07 -4.12008E-07 5.41178E-05 7.07251E-05 -1.70481E-06 9.27207E-07 2.49206E-04 1.06410E-05 -4.12008E-07 -3.24295E-07 -4.44709E-05 
1.80502E-08 -1.56147E-07 5.71540E-04 6.73105E-04 3.90101E-06 2.73328E-05 2.83573E-03 1.34866E-04 -1.56147E-07 1.80502E-08 -3.00692E-05 
1.80502E-08 -1.56147E-07 5.25534E-04 6.25261E-04 3.80160E-06 2.44207E-05 2.56578E-03 1.21524E-04 -1.56147E-07 1.80502E-08 -2.61647E-05 
1.80502E-08 -3.17081E-08 4.82667E-04 5.79993E-04 3.68121E-06 2.17805E-05 2.31930E-03 1.09388E-04 -3.17081E-08 1.80502E-08 -2.22954E-05 
1.80502E-08 -9.54318E-08 4.42750E-04 5.37209E-04 3.54481E-06 1.93897E-05 2.09432E-03 9.83589E-05 -9.54318E-08 1.80502E-08 -1.82346E-05 
1.80502E-08 -1.44691E-07 4.05119E-04 4.96295E-04 3.39131E-06 1.71938E-05 1.88634E-03 8.82083E-05 -1.44691E-07 1.80502E-08 -1.39756E-05 
1.80502E-08 -1.78487E-07 3.69772E-04 4.57322E-04 3.22240E-06 1.51843E-05 1.69477E-03 7.89038E-05 -1.78487E-07 1.80502E-08 -9.47798E-06 
1.80502E-08 -1.96072E-07 3.36686E-04 4.20333E-04 3.04001E-06 1.33517E-05 1.51892E-03 7.04074E-05 -1.96072E-07 1.80502E-08 -4.78601E-06 
1.80502E-08 -1.98365E-07 3.12612E-04 3.93096E-04 2.89087E-06 1.20492E-05 1.39316E-03 6.43620E-05 -1.98365E-07 1.80502E-08 -1.09782E-06 
1.80502E-08 -1.97186E-07 3.05821E-04 3.85360E-04 2.84607E-06 1.16867E-05 1.35802E-03 6.26783E-05 -1.97186E-07 1.80502E-08 -2.28332E-08 
1.80502E-08 -1.80464E-07 2.74972E-04 3.49921E-04 2.62595E-06 1.00679E-05 1.20041E-03 5.51542E-05 -1.80464E-07 1.80502E-08 4.97394E-06 
1.80502E-08 -1.46808E-07 2.46564E-04 3.16827E-04 2.39595E-06 8.61972E-06 1.05824E-03 4.84141E-05 -1.46808E-07 1.80502E-08 9.53163E-06 
1.80502E-08 -9.91697E-08 2.20500E-04 2.86050E-04 2.15693E-06 7.32892E-06 9.30462E-04 4.23987E-05 -9.91697E-08 1.80502E-08 1.33127E-05 
1.80502E-08 -4.17331E-08 1.96674E-04 2.57540E-04 1.90903E-06 6.18175E-06 8.16029E-04 3.70481E-05 -4.17331E-08 1.80502E-08 1.59764E-05 
9.58161E-08 8.74872E-08 1.75266E-04 2.31578E-04 1.72317E-06 5.24720E-06 7.15064E-04 3.24209E-05 8.74872E-08 9.58161E-08 1.66831E-05 
1.93455E-07 2.05318E-07 1.55719E-04 2.07580E-04 1.51640E-06 4.41256E-06 6.24748E-04 2.83002E-05 2.05318E-07 1.93455E-07 1.57776E-05 
2.66812E-07 2.90965E-07 1.37875E-04 1.85416E-04 1.27203E-06 3.64831E-06 5.44039E-04 2.46129E-05 2.90965E-07 2.66812E-07 1.32565E-05 
3.11712E-07 3.40797E-07 1.21649E-04 1.65034E-04 9.91761E-07 2.94646E-06 4.72220E-04 2.13182E-05 3.40797E-07 3.11712E-07 9.09371E-06 
3.25233E-07 3.52642E-07 1.06951E-04 1.46372E-04 6.78942E-07 2.30056E-06 4.08576E-04 1.83768E-05 3.52642E-07 3.25233E-07 3.38424E-06 
3.06116E-07 3.26178E-07 9.36872E-05 1.29357E-04 3.38768E-07 1.70602E-06 3.52400E-04 1.57526E-05 3.26178E-07 3.06116E-07 -3.64385E-06 
2.55128E-07 2.63283E-07 8.17605E-05 1.13908E-04 -2.14875E-08 1.16043E-06 3.03007E-04 1.34129E-05 2.63283E-07 2.55128E-07 -1.16272E-05 
1.75351E-07 1.68293E-07 7.10760E-05 9.99383E-05 -3.92369E-07 6.63705E-07 2.59740E-04 1.13292E-05 1.68293E-07 1.75351E-07 -2.00765E-05 
7.23563E-08 4.81448E-08 6.15413E-05 8.73612E-05 -7.62229E-07 2.18203E-07 2.21979E-04 9.47780E-06 4.81448E-08 7.23563E-08 -2.83967E-05 
-4.57765E-08 -8.76382E-08 5.30676E-05 7.60879E-05 -1.11737E-06 -1.71375E-07 1.89144E-04 7.83977E-06 -8.76382E-08 -4.57765E-08 -3.59179E-05 
-1.68600E-07 -2.27127E-07 4.55718E-05 6.60313E-05 -1.44235E-06 -4.98196E-07 1.60697E-04 6.40087E-06 -2.27127E-07 -1.68600E-07 -4.19343E-05 
-2.83633E-07 -3.56364E-07 3.89761E-05 5.71067E-05 -1.72043E-06 -7.53708E-07 1.36145E-04 5.15125E-06 -3.56364E-07 -2.83633E-07 -4.57511E-05 
-3.76861E-07 -4.59904E-07 3.32090E-05 4.92328E-05 -1.93420E-06 -9.28180E-07 1.15040E-04 4.08483E-06 -4.59904E-07 -3.76861E-07 -4.67339E-05 
2.03236E-08 -1.37601E-07 4.06415E-04 5.70778E-04 4.56033E-06 9.21608E-06 1.36703E-03 5.78717E-05 -1.37601E-07 2.03236E-08 -3.27109E-05 
2.03236E-08 -1.37601E-07 3.70438E-04 5.24158E-04 4.44568E-06 8.36573E-06 1.23186E-03 5.16931E-05 -1.37601E-07 2.03236E-08 -3.08635E-05 
2.03236E-08 -3.00072E-08 3.37231E-04 4.80663E-04 4.30832E-06 7.56921E-06 1.10893E-03 4.61321E-05 -3.00072E-08 2.03236E-08 -2.84338E-05 
2.03236E-08 -8.79276E-08 3.06606E-04 4.40124E-04 4.15358E-06 6.82627E-06 9.97181E-04 4.11344E-05 -8.79276E-08 2.03236E-08 -2.52859E-05 
2.03236E-08 -1.28953E-07 2.78012E-04 4.01889E-04 3.97990E-06 6.12153E-06 8.94293E-04 3.65865E-05 -1.28953E-07 2.03236E-08 -2.14723E-05 
2.03236E-08 -1.52385E-07 2.51416E-04 3.65969E-04 3.78896E-06 5.45528E-06 7.99918E-04 3.24663E-05 -1.52385E-07 2.03236E-08 -1.70281E-05 
2.03236E-08 -1.57881E-07 2.26772E-04 3.32353E-04 3.58259E-06 4.82782E-06 7.13655E-04 2.87498E-05 -1.57881E-07 2.03236E-08 -1.20733E-05 
2.03236E-08 -1.49953E-07 2.09005E-04 3.07909E-04 3.41350E-06 4.36906E-06 6.52211E-04 2.61352E-05 -1.49953E-07 2.03236E-08 -8.01185E-06 
2.03236E-08 -1.45685E-07 2.04019E-04 3.01016E-04 3.36264E-06 4.23933E-06 6.35086E-04 2.54117E-05 -1.45685E-07 2.03236E-08 -6.80521E-06 
2.03236E-08 -1.13924E-07 1.81524E-04 2.69728E-04 3.11202E-06 3.64824E-06 5.58479E-04 2.22058E-05 -1.13924E-07 2.03236E-08 -1.07519E-06 
2.03236E-08 -6.53214E-08 1.61048E-04 2.40960E-04 2.84879E-06 3.10131E-06 4.89733E-04 1.93747E-05 -6.53214E-08 2.03236E-08 4.32975E-06 
2.03236E-08 -3.70014E-09 1.42481E-04 2.14620E-04 2.57362E-06 2.59669E-06 4.28270E-04 1.68830E-05 -3.70014E-09 2.03236E-08 8.99610E-06 
2.03236E-08 6.58849E-08 1.25707E-04 1.90601E-04 2.28651E-06 2.13170E-06 3.73519E-04 1.46956E-05 6.58849E-08 2.03236E-08 1.25176E-05 
1.07600E-07 2.05258E-07 1.10837E-04 1.69084E-04 2.05957E-06 1.78031E-06 3.25512E-04 1.28664E-05 2.05258E-07 1.07600E-07 1.39722E-05 
2.16346E-07 3.28869E-07 9.74165E-05 1.49502E-04 1.80745E-06 1.44800E-06 2.82802E-04 1.12490E-05 3.28869E-07 2.16346E-07 1.37019E-05 
2.97010E-07 4.15338E-07 8.53009E-05 1.31692E-04 1.51345E-06 1.11439E-06 2.44835E-04 9.79629E-06 4.15338E-07 2.97010E-07 1.16835E-05 
3.45160E-07 4.60908E-07 7.44043E-05 1.15564E-04 1.17993E-06 7.78980E-07 2.11228E-04 8.48551E-06 4.60908E-07 3.45160E-07 7.87746E-06 
3.57830E-07 4.63519E-07 6.46388E-05 1.01022E-04 8.11066E-07 4.42639E-07 1.81603E-04 7.29636E-06 4.63519E-07 3.57830E-07 2.37872E-06 
3.33941E-07 4.23204E-07 5.59170E-05 8.79641E-05 4.13122E-07 1.07908E-07 1.55591E-04 6.21163E-06 4.23204E-07 3.33941E-07 -4.57240E-06 
2.74666E-07 3.42434E-07 4.81536E-05 7.62861E-05 -5.38776E-09 -2.20803E-07 1.32839E-04 5.21775E-06 3.42434E-07 2.74666E-07 -1.25899E-05 
1.83695E-07 2.26358E-07 4.12672E-05 6.58854E-05 -4.33625E-07 -5.37098E-07 1.13014E-04 4.30508E-06 2.26358E-07 1.83695E-07 -2.11544E-05 
6.73730E-08 8.28932E-08 3.51817E-05 5.66621E-05 -8.58473E-07 -8.32575E-07 9.58042E-05 3.46806E-06 8.28932E-08 6.73730E-08 -2.96362E-05 
-6.53265E-08 -7.73341E-08 2.98272E-05 4.85201E-05 -1.26475E-06 -1.09697E-06 8.09223E-05 2.70521E-06 -7.73341E-08 -6.53265E-08 -3.73300E-05 
-2.03008E-07 -2.41242E-07 2.51403E-05 4.13696E-05 -1.63558E-06 -1.31841E-06 6.81066E-05 2.01878E-06 -2.41242E-07 -2.03008E-07 -4.34972E-05 
-3.32247E-07 -3.93737E-07 2.10645E-05 3.51265E-05 -1.95294E-06 -1.48392E-06 5.71201E-05 1.41431E-06 -3.93737E-07 -3.32247E-07 -4.74154E-05 
-4.38164E-07 -5.18325E-07 1.75494E-05 2.97137E-05 -2.19832E-06 -1.57993E-06 4.77505E-05 8.99873E-07 -5.18325E-07 -4.38164E-07 -4.84307E-05 
2.27679E-08 -1.14051E-07 2.51238E-04 4.20443E-04 5.32153E-06 5.70833E-06 6.11485E-04 1.76421E-05 -1.14051E-07 2.27679E-08 -3.59054E-05 
2.27679E-08 -1.14051E-07 2.26223E-04 3.80483E-04 5.18672E-06 5.33161E-06 5.48081E-04 1.56121E-05 -1.14051E-07 2.27679E-08 -3.55070E-05 
2.27679E-08 -2.76368E-08 2.03437E-04 3.43816E-04 5.02758E-06 4.95003E-06 4.90664E-04 1.38170E-05 -2.76368E-08 2.27679E-08 -3.40272E-05 
2.27679E-08 -7.79905E-08 1.82701E-04 3.10208E-04 4.84976E-06 4.57026E-06 4.38703E-04 1.22361E-05 -7.79905E-08 2.27679E-08 -3.13993E-05 
2.27679E-08 -1.08809E-07 1.63599E-04 2.79031E-04 4.65106E-06 4.18659E-06 3.91090E-04 1.08265E-05 -1.08809E-07 2.27679E-08 -2.77315E-05 
2.27679E-08 -1.19804E-07 1.46076E-04 2.50231E-04 4.43309E-06 3.80235E-06 3.47635E-04 9.57733E-06 -1.19804E-07 2.27679E-08 -2.31193E-05 
2.27679E-08 -1.11145E-07 1.30066E-04 2.23739E-04 4.19757E-06 3.42088E-06 3.08130E-04 8.47698E-06 -1.11145E-07 2.27679E-08 -1.77453E-05 
2.27679E-08 -9.14721E-08 1.18671E-04 2.04770E-04 4.00437E-06 3.12964E-06 2.80133E-04 7.72002E-06 -9.14721E-08 2.27679E-08 -1.32276E-05 
2.27679E-08 -8.36895E-08 1.15497E-04 1.99468E-04 3.94618E-06 3.04535E-06 2.72353E-04 7.51331E-06 -8.36895E-08 2.27679E-08 -1.18705E-05 
2.27679E-08 -3.50328E-08 1.01312E-04 1.75677E-04 3.65891E-06 2.65013E-06 2.37690E-04 6.61270E-06 -3.50328E-08 2.27679E-08 -5.34767E-06 
2.27679E-08 3.00084E-08 8.86072E-05 1.54222E-04 3.35597E-06 2.26737E-06 2.06799E-04 5.83947E-06 3.00084E-08 2.27679E-08 9.21118E-07 
2.27679E-08 1.06648E-07 7.72740E-05 1.34959E-04 3.03782E-06 1.89846E-06 1.79381E-04 5.17628E-06 1.06648E-07 2.27679E-08 6.45403E-06 
2.27679E-08 1.88891E-07 6.72025E-05 1.17736E-04 2.70433E-06 1.54372E-06 1.55143E-04 4.60551E-06 1.88891E-07 2.27679E-08 1.07854E-05 
1.20205E-07 3.38159E-07 5.84482E-05 1.02636E-04 2.42876E-06 1.27979E-06 1.34099E-04 4.18362E-06 3.38159E-07 1.20205E-07 1.29178E-05 
2.40610E-07 4.66689E-07 5.06702E-05 8.91609E-05 2.12346E-06 1.01464E-06 1.15523E-04 3.80391E-06 4.66689E-07 2.40610E-07 1.31921E-05 
3.28650E-07 5.52567E-07 4.37469E-05 7.71383E-05 1.77185E-06 7.30323E-07 9.91310E-05 3.43580E-06 5.52567E-07 3.28650E-07 1.15687E-05 
3.79658E-07 5.91954E-07 3.76025E-05 6.64569E-05 1.37706E-06 4.28790E-07 8.47279E-05 3.06909E-06 5.91954E-07 3.79658E-07 7.99874E-06 
3.90674E-07 5.82973E-07 3.21634E-05 5.70052E-05 9.44242E-07 1.13434E-07 7.21222E-05 2.69615E-06 5.82973E-07 3.90674E-07 2.58087E-06 
3.60874E-07 5.26109E-07 2.73594E-05 4.86735E-05 4.80885E-07 -2.10670E-07 6.11312E-05 2.31237E-06 5.26109E-07 3.60874E-07 -4.42817E-06 
2.91925E-07 4.24544E-07 2.31260E-05 4.13567E-05 -3.09626E-09 -5.36580E-07 5.15831E-05 1.91652E-06 4.24544E-07 2.91925E-07 -1.26158E-05 
1.88231E-07 2.84358E-07 1.94045E-05 3.49557E-05 -4.95318E-07 -8.55419E-07 4.33185E-05 1.51092E-06 2.84358E-07 1.88231E-07 -2.14284E-05 
5.70201E-08 1.14585E-07 1.61431E-05 2.93792E-05 -9.81045E-07 -1.15641E-06 3.61923E-05 1.10144E-06 1.14585E-07 5.70201E-08 -3.01983E-05 
-9.17385E-08 -7.29252E-08 1.32973E-05 2.45439E-05 -1.44348E-06 -1.42709E-06 3.00740E-05 6.97349E-07 -7.29252E-08 -9.17385E-08 -3.81816E-05 
-2.45603E-07 -2.63823E-07 1.08295E-05 2.03756E-05 -1.86421E-06 -1.65360E-06 2.48479E-05 3.10933E-07 -2.63823E-07 -2.45603E-07 -4.46043E-05 
-3.90129E-07 -4.41782E-07 8.70880E-06 1.68089E-05 -2.22383E-06 -1.82128E-06 2.04122E-05 -4.31189E-08 -4.41782E-07 -3.90129E-07 -4.87147E-05 
-5.09506E-07 -5.89186E-07 6.91004E-06 1.37865E-05 -2.50273E-06 -1.91520E-06 1.66786E-05 -3.48459E-07 -5.89186E-07 -5.09506E-07 -4.98384E-05 
2.53800E-08 -8.47900E-08 1.12878E-04 2.28678E-04 6.18761E-06 6.09023E-06 2.45856E-04 2.74911E-06 -8.47900E-08 2.53800E-08 -4.04003E-05 
2.53800E-08 -8.47900E-08 9.95678E-05 2.02221E-04 6.02793E-06 5.72779E-06 2.17052E-04 2.48625E-06 -8.47900E-08 2.53800E-08 -4.09557E-05 
2.53800E-08 -2.44575E-08 8.77081E-05 1.78520E-04 5.84226E-06 5.35237E-06 1.91307E-04 2.27059E-06 -2.44575E-08 2.53800E-08 -4.00174E-05 
2.53800E-08 -6.51977E-08 7.71584E-05 1.57320E-04 5.63651E-06 4.97214E-06 1.68328E-04 2.10076E-06 -6.51977E-08 2.53800E-08 -3.75707E-05 
2.53800E-08 -8.36071E-08 6.76602E-05 1.38132E-04 5.40777E-06 4.58187E-06 1.47573E-04 1.96726E-06 -8.36071E-08 2.53800E-08 -3.37747E-05 
2.53800E-08 -7.99163E-08 5.91516E-05 1.20851E-04 5.15749E-06 4.18550E-06 1.28917E-04 1.86692E-06 -7.99163E-08 2.53800E-08 -2.87755E-05 
2.53800E-08 -5.49194E-08 5.15661E-05 1.05364E-04 4.88724E-06 3.78696E-06 1.12230E-04 1.79622E-06 -5.49194E-08 2.53800E-08 -2.28098E-05 
2.53800E-08 -2.19236E-08 4.62872E-05 9.45367E-05 4.66539E-06 3.47944E-06 1.00583E-04 1.75932E-06 -2.19236E-08 2.53800E-08 -1.77292E-05 
2.53800E-08 -1.01915E-08 4.48357E-05 9.15521E-05 4.59852E-06 3.38991E-06 9.73748E-05 1.75112E-06 -1.01915E-08 2.53800E-08 -1.61946E-05 
2.53800E-08 5.72251E-08 3.84569E-05 7.83947E-05 4.26787E-06 2.96701E-06 8.32498E-05 1.72572E-06 5.72251E-08 2.53800E-08 -8.77241E-06 
2.53800E-08 1.40146E-07 3.29044E-05 6.68862E-05 3.91806E-06 2.55237E-06 7.09178E-05 1.71770E-06 1.40146E-07 2.53800E-08 -1.56695E-06 
2.53800E-08 2.32732E-07 2.80917E-05 5.68712E-05 3.54940E-06 2.14783E-06 6.02054E-05 1.71927E-06 2.32732E-07 2.53800E-08 4.87574E-06 
2.53800E-08 3.27984E-07 2.39352E-05 4.81976E-05 3.16166E-06 1.75410E-06 5.09443E-05 1.72189E-06 3.27984E-07 2.53800E-08 1.00338E-05 
1.33598E-07 4.86717E-07 2.04629E-05 4.08708E-05 2.82921E-06 1.44930E-06 4.31302E-05 1.78564E-06 4.86717E-07 1.33598E-07 1.28384E-05 
2.66134E-07 6.19089E-07 1.74535E-05 3.45362E-05 2.46222E-06 1.13957E-06 3.63864E-05 1.81923E-06 6.19089E-07 2.66134E-07 1.36302E-05 
3.61503E-07 7.02713E-07 1.48228E-05 2.90490E-05 2.04436E-06 8.07389E-07 3.05566E-05 1.79982E-06 7.02713E-07 3.61503E-07 1.23554E-05 
4.14839E-07 7.33727E-07 1.25194E-05 2.43113E-05 1.57964E-06 4.55703E-07 2.55337E-05 1.72353E-06 7.33727E-07 4.14839E-07 8.95854E-06 
4.23248E-07 7.10520E-07 1.04968E-05 2.02308E-05 1.07440E-06 8.90424E-08 2.12172E-05 1.58907E-06 7.10520E-07 4.23248E-07 3.54570E-06 
3.86247E-07 6.34141E-07 8.71446E-06 1.67231E-05 5.37489E-07 -2.86238E-07 1.75154E-05 1.39808E-06 6.34141E-07 3.86247E-07 -3.60646E-06 
3.06103E-07 5.08607E-07 7.13822E-06 1.37129E-05 -1.95837E-08 -6.61811E-07 1.43460E-05 1.15544E-06 5.08607E-07 3.06103E-07 -1.20548E-05 
1.88040E-07 3.41069E-07 5.74077E-06 1.11342E-05 -5.82722E-07 -1.02736E-06 1.16374E-05 8.69381E-07 3.41069E-07 1.88040E-07 -2.12076E-05 
4.02865E-08 1.41812E-07 4.50158E-06 8.93093E-06 -1.13541E-06 -1.37067E-06 9.32848E-06 5.51422E-07 1.41812E-07 4.02865E-08 -3.03552E-05 
-1.26082E-07 -7.59591E-08 3.40668E-06 7.05669E-06 -1.65911E-06 -1.67792E-06 7.36843E-06 2.16138E-07 -7.59591E-08 -1.26082E-07 -3.87118E-05 
-2.97481E-07 -2.96508E-07 2.44803E-06 5.47433E-06 -2.13376E-06 -1.93405E-06 5.71645E-06 -1.19295E-07 -2.96508E-07 -2.97481E-07 -4.54649E-05 
-4.58362E-07 -5.02180E-07 1.62273E-06 4.15493E-06 -2.53851E-06 -2.12339E-06 4.34058E-06 -4.35766E-07 -5.02180E-07 -4.58362E-07 -4.98318E-05 
-5.91925E-07 -6.74162E-07 9.31936E-07 3.07672E-06 -2.85259E-06 -2.23032E-06 3.21655E-06 -7.13029E-07 -6.74162E-07 -5.91925E-07 -5.11161E-05 
2.81574E-08 -4.91778E-08 7.51860E-06 2.90329E-05 7.16663E-06 7.07890E-06 3.40864E-05 1.19767E-06 -4.91778E-08 2.81574E-08 -4.62205E-05 
2.81574E-08 -4.91778E-08 5.42303E-06 2.21676E-05 6.97678E-06 6.65729E-06 2.64268E-05 1.20696E-06 -4.91778E-08 2.81574E-08 -4.73691E-05 
2.81574E-08 -2.03515E-08 3.76729E-06 1.65223E-05 6.75919E-06 6.22270E-06 2.00824E-05 1.22754E-06 -2.03515E-08 2.81574E-08 -4.66669E-05 
2.81574E-08 -4.91795E-08 2.48691E-06 1.19277E-05 6.52005E-06 5.78388E-06 1.48762E-05 1.26318E-06 -4.91795E-08 2.81574E-08 -4.41404E-05 
2.81574E-08 -5.27625E-08 1.50557E-06 8.17751E-06 6.25553E-06 5.33446E-06 1.05869E-05 1.31037E-06 -5.27625E-08 2.81574E-08 -3.99979E-05 
2.81574E-08 -3.19657E-08 7.82599E-07 5.17355E-06 5.96691E-06 4.87858E-06 7.11276E-06 1.36811E-06 -3.19657E-08 2.81574E-08 -3.44292E-05 
2.81574E-08 1.16774E-08 2.79066E-07 2.82065E-06 5.65558E-06 4.42028E-06 4.35429E-06 1.43485E-06 1.16774E-08 2.81574E-08 -2.77194E-05 
2.81574E-08 5.96343E-08 1.65874E-08 1.38926E-06 5.39993E-06 4.06637E-06 2.65042E-06 1.49119E-06 5.96343E-08 2.81574E-08 -2.19764E-05 
2.81574E-08 7.57627E-08 -4.18691E-08 1.02833E-06 5.32283E-06 3.96326E-06 2.21625E-06 1.50822E-06 7.57627E-08 2.81574E-08 -2.02378E-05 
2.81574E-08 1.63822E-07 -2.23114E-07 -3.74013E-07 4.94117E-06 3.47552E-06 5.02325E-07 1.59101E-06 1.63822E-07 2.81574E-08 -1.18059E-05 
2.81574E-08 2.66021E-07 -2.72727E-07 -1.32276E-06 4.53646E-06 2.99585E-06 -7.00983E-07 1.67243E-06 2.66021E-07 2.81574E-08 -3.57754E-06 
2.81574E-08 3.75381E-07 -2.27817E-07 -1.90847E-06 4.10885E-06 2.52606E-06 -1.49093E-06 1.74601E-06 3.75381E-07 2.81574E-08 3.83864E-06 
2.81574E-08 4.83842E-07 -1.22014E-07 -2.21268E-06 3.65808E-06 2.06691E-06 -1.95562E-06 1.80438E-06 4.83842E-07 2.81574E-08 9.86552E-06 
1.47753E-07 6.51434E-07 8.26789E-08 -2.23557E-06 3.25969E-06 1.69778E-06 -2.10027E-06 1.90842E-06 6.51434E-07 1.47753E-07 1.33648E-05 
2.92821E-07 7.86356E-07 2.77836E-07 -2.13003E-06 2.82170E-06 1.32237E-06 -2.08604E-06 1.96732E-06 7.86356E-07 2.92821E-07 1.46761E-05 
3.95371E-07 8.65820E-07 4.28037E-07 -1.96129E-06 2.32819E-06 9.23447E-07 -1.98333E-06 1.95930E-06 8.65820E-07 3.95371E-07 1.37332E-05 
4.50383E-07 8.86010E-07 5.19490E-07 -1.76811E-06 1.78423E-06 5.04800E-07 -1.83534E-06 1.88175E-06 8.86010E-07 4.50383E-07 1.04760E-05 
4.55105E-07 8.45683E-07 5.43531E-07 -1.58074E-06 1.19749E-06 7.20259E-08 -1.67646E-06 1.73482E-06 8.45683E-07 4.55105E-07 5.02049E-06 
4.09488E-07 7.46572E-07 4.96787E-07 -1.42094E-06 5.78398E-07 -3.67300E-07 -1.53217E-06 1.52183E-06 7.46572E-07 4.09488E-07 -2.33351E-06 
3.16510E-07 5.93668E-07 3.81175E-07 -1.30213E-06 -5.97709E-08 -8.03511E-07 -1.41918E-06 1.24950E-06 5.93668E-07 3.16510E-07 -1.11086E-05 
1.82340E-07 3.95341E-07 2.03708E-07 -1.22991E-06 -7.01025E-07 -1.22488E-06 -1.34589E-06 9.28044E-07 3.95341E-07 1.82340E-07 -2.06711E-05 
1.63235E-08 1.63269E-07 -2.38858E-08 -1.20265E-06 -1.32691E-06 -1.61781E-06 -1.31307E-06 5.71050E-07 1.63269E-07 1.63235E-08 -3.02655E-05 
-1.69242E-07 -8.78489E-08 -2.85762E-07 -1.21251E-06 -1.91700E-06 -1.96715E-06 -1.31475E-06 1.95172E-07 -8.78489E-08 -1.69242E-07 -3.90604E-05 
-3.59527E-07 -3.40773E-07 -5.62731E-07 -1.24644E-06 -2.44950E-06 -2.25670E-06 -1.33936E-06 -1.80410E-07 -3.40773E-07 -3.59527E-07 -4.62021E-05 
-5.37802E-07 -5.76419E-07 -8.33212E-07 -1.28744E-06 -2.90205E-06 -2.46988E-06 -1.37101E-06 -5.34727E-07 -5.76419E-07 -5.37802E-07 -5.08742E-05 
-6.86218E-07 -7.74710E-07 -1.07432E-06 -1.31597E-06 -3.25269E-06 -2.59047E-06 -1.39086E-06 -8.45912E-07 -7.74710E-07 -6.86218E-07 -5.23572E-05 
---
