PdfType: replica
Format: lhagrid1
---
1.00000E-06 1.28121E-06 1.64152E-06 2.10317E-06 2.69463E-06 3.45242E-06 4.42329E-06 5.66715E-06 7.26076E-06 9.30241E-06 1.19180E-05 1.52689E-05 1.95617E-05 2.50609E-05 3.21053E-05 4.11287E-05 5.26863E-05 6.74889E-05 8.64459E-05 1.10720E-04 1.41800E-04 1.81585E-04 2.32503E-04 2.97652E-04 3.80981E-04 4.87518E-04 6.26039E-04 8.00452E-04 1.02297E-03 1.30657E-03 1.66759E-03 2.12729E-03 2.71054E-03 3.44865E-03 4.37927E-03 5.54908E-03 7.01192E-03 8.83064E-03 1.10763E-02 1.38266E-02 1.71641E-02 2.11717E-02 2.59364E-02 3.15062E-02 3.79623E-02 4.53425E-02 5.36750E-02 6.29705E-02 7.32221E-02 8.44039E-02 9.64793E-02 1.09332E-01 1.23067E-01 1.37507E-01 1.52639E-01 1.68416E-01 1.84794E-01 2.01731E-01 2.19016E-01 2.36948E-01 2.55242E-01 2.73927E-01 2.92954E-01 3.12340E-01 3.32036E-01 3.52019E-01 3.72282E-01 3.92772E-01 4.13533E-01 4.34326E-01 4.55495E-01 4.76836E-01 4.98342E-01 5.20006E-01 5.41818E-01 5.63773E-01 5.85861E-01 6.08077E-01 6.30459E-01 6.52800E-01 6.75387E-01 6.98063E-01 7.20830E-01 7.43683E-01 7.66623E-01 7.89636E-01 8.12791E-01 8.35940E-01 8.59175E-01 8.82485E-01 9.05866E-01 9.29311E-01 9.52817E-01 9.76387E-01 1.00000E+00 
1.14018E+00 1.22539E+00 1.32482E+00 1.44156E+00 1.57954E+00 1.74381E+00 1.94091E+00 2.12132E+00 2.17945E+00 2.49622E+00 2.89383E+00 3.39925E+00 4.05063E+00 4.90286E+00 6.03623E+00 7.57063E+00 9.68869E+00 1.26749E+01 1.69835E+01 2.33578E+01 3.30501E+01 4.82334E+01 7.28041E+01 1.13998E+02 1.85779E+02 3.16228E+02 
-5 -4 -3 -2 -1 1 2 3 4 5 21 
5.65493E-02 1.64761E-01 3.41896E-02 1.36545E+00 1.36581E+00 1.36573E+00 1.36636E+00 3.41910E-02 1.64761E-01 5.65493E-02 -1.14943E+00 
5.65493E-02 1.64761E-01 5.87548E-02 1.37991E+00 1.38028E+00 1.38021E+00 1.38085E+00 5.87564E-02 1.64761E-01 5.65493E-02 -4.17973E-01 
5.65493E-02 1.75271E-02 9.61835E-02 1.40725E+00 1.40763E+00 1.40758E+00 1.40824E+00 9.61852E-02 1.75271E-02 5.65493E-02 5.24670E-01 
5.65493E-02 6.96615E-02 1.48606E-01 1.44959E+00 1.44999E+00 1.44994E+00 1.45062E+00 1.48607E-01 6.96615E-02 5.65493E-02 1.71279E+00 
5.65493E-02 1.40297E-01 2.19536E-01 1.51032E+00 1.51074E+00 1.51070E+00 1.51140E+00 2.19538E-01 1.40297E-01 5.65493E-02 3.26055E+00 
5.65493E-02 2.32751E-01 3.12291E-01 1.59277E+00 1.59321E+00 1.59318E+00 1.59391E+00 3.12293E-01 2.32751E-01 5.65493E-02 5.26715E+00 
5.65493E-02 3.50792E-01 4.30639E-01 1.70073E+00 1.70119E+00 1.70116E+00 1.70191E+00 4.30641E-01 3.50792E-01 5.65493E-02 7.85338E+00 
5.65493E-02 4.62369E-01 5.42459E-01 1.80445E+00 1.80492E+00 1.80490E+00 1.80567E+00 5.42461E-01 4.62369E-01 5.65493E-02 1.03433E+01 
5.65493E-02 4.98681E-01 5.78843E-01 1.83845E+00 1.83893E+00 1.83891E+00 1.83969E+00 5.78845E-01 4.98681E-01 5.65493E-02 1.11642E+01 
5.65493E-02 6.97154E-01 7.77662E-01 2.02589E+00 2.02639E+00 2.02638E+00 2.02719E+00 7.77664E-01 6.97154E-01 5.65493E-02 1.57448E+01 
5.65493E-02 9.42859E-01 1.02372E+00 2.26048E+00 2.26101E+00 2.26101E+00 2.26184E+00 1.02372E+00 9.42859E-01 5.65493E-02 2.16243E+01 
5.65493E-02 1.24370E+00 1.32492E+00 2.55015E+00 2.55070E+00 2.55072E+00 2.55158E+00 1.32492E+00 1.24370E+00 5.65493E-02 2.91039E+01 
5.65493E-02 1.60870E+00 1.69028E+00 2.90393E+00 2.90450E+00 2.90453E+00 2.90542E+00 1.69029E+00 1.60870E+00 5.65493E-02 3.85339E+01 
3.37826E-01 2.00436E+00 2.08632E+00 3.28843E+00 3.28903E+00 3.28907E+00 3.28999E+00 2.08632E+00 2.00436E+00 3.37826E-01 5.02265E+01 
8.26762E-01 2.47919E+00 2.56153E+00 3.75201E+00 3.75264E+00 3.75269E+00 3.75365E+00 2.56153E+00 2.47919E+00 8.26762E-01 6.46038E+01 
1.41890E+00 3.05707E+00 3.13980E+00 4.31854E+00 4.31920E+00 4.31927E+00 4.32026E+00 3.13981E+00 3.05707E+00 1.41890E+00 8.21916E+01 
2.13100E+00 3.75480E+00 3.83793E+00 5.00482E+00 5.00551E+00 5.00560E+00 5.00662E+00 3.83793E+00 3.75480E+00 2.13100E+00 1.03577E+02 
2.98209E+00 4.59142E+00 4.67495E+00 5.82991E+00 5.83063E+00 5.83073E+00 5.83179E+00 4.67496E+00 4.59142E+00 2.98209E+00 1.29419E+02 
3.99370E+00 5.58844E+00 5.67239E+00 6.81535E+00 6.81610E+00 6.81622E+00 6.81731E+00 5.67240E+00 5.58844E+00 3.99370E+00 1.60456E+02 
5.19001E+00 6.77010E+00 6.85447E+00 7.98535E+00 7.98614E+00 7.98628E+00 7.98741E+00 6.85447E+00 6.77010E+00 5.19001E+00 1.97498E+02 
6.59818E+00 8.16354E+00 8.24834E+00 9.36710E+00 9.36792E+00 9.36808E+00 9.36926E+00 8.24835E+00 8.16354E+00 6.59818E+00 2.41435E+02 
8.24850E+00 9.79907E+00 9.88431E+00 1.09909E+01 1.09918E+01 1.09919E+01 1.09932E+01 9.88431E+00 9.79907E+00 8.24850E+00 2.93231E+02 
1.01746E+01 1.17103E+01 1.17960E+01 1.28904E+01 1.28913E+01 1.28915E+01 1.28928E+01 1.17960E+01 1.17103E+01 1.01746E+01 3.53921E+02 
1.24136E+01 1.39345E+01 1.40206E+01 1.51028E+01 1.51037E+01 1.51040E+01 1.51053E+01 1.40206E+01 1.39345E+01 1.24136E+01 4.24605E+02 
1.50063E+01 1.65123E+01 1.65989E+01 1.76688E+01 1.76698E+01 1.76701E+01 1.76714E+01 1.65989E+01 1.65123E+01 1.50063E+01 5.06445E+02 
1.79972E+01 1.94883E+01 1.95754E+01 2.06331E+01 2.06341E+01 2.06344E+01 2.06358E+01 1.95754E+01 1.94883E+01 1.79972E+01 6.00655E+02 
5.34359E-02 1.59320E-01 3.68818E-02 1.29111E+00 1.29152E+00 1.29148E+00 1.29219E+00 3.68848E-02 1.59320E-01 5.34359E-02 -1.11367E+00 
5.34359E-02 1.59320E-01 6.11152E-02 1.30574E+00 1.30617E+00 1.30613E+00 1.30687E+00 6.11183E-02 1.59320E-01 5.34359E-02 -4.04349E-01 
5.34359E-02 1.70795E-02 9.76747E-02 1.33271E+00 1.33316E+00 1.33313E+00 1.33389E+00 9.76778E-02 1.70795E-02 5.34359E-02 5.09395E-01 
5.34359E-02 6.76427E-02 1.48534E-01 1.37399E+00 1.37446E+00 1.37444E+00 1.37522E+00 1.48537E-01 6.76427E-02 5.34359E-02 1.65986E+00 
5.34359E-02 1.35787E-01 2.16982E-01 1.43275E+00 1.43324E+00 1.43323E+00 1.43404E+00 2.16985E-01 1.35787E-01 5.34359E-02 3.15641E+00 
5.34359E-02 2.24585E-01 3.06089E-01 1.51207E+00 1.51258E+00 1.51258E+00 1.51341E+00 3.06092E-01 2.24585E-01 5.34359E-02 5.09280E+00 
5.34359E-02 3.37513E-01 4.19334E-01 1.61544E+00 1.61597E+00 1.61598E+00 1.61684E+00 4.19337E-01 3.37513E-01 5.34359E-02 7.58254E+00 
5.34359E-02 4.43924E-01 5.25995E-01 1.71440E+00 1.71496E+00 1.71497E+00 1.71585E+00 5.25998E-01 4.43924E-01 5.34359E-02 9.97383E+00 
5.34359E-02 4.78498E-01 5.60642E-01 1.74679E+00 1.74735E+00 1.74736E+00 1.74825E+00 5.60645E-01 4.78498E-01 5.34359E-02 1.07611E+01 
5.34359E-02 6.67069E-01 7.49568E-01 1.92490E+00 1.92548E+00 1.92551E+00 1.92643E+00 7.49571E-01 6.67069E-01 5.34359E-02 1.51451E+01 
5.34359E-02 8.99754E-01 9.82617E-01 2.14706E+00 2.14767E+00 2.14770E+00 2.14865E+00 9.82620E-01 8.99754E-01 5.34359E-02 2.07529E+01 
5.34359E-02 1.18378E+00 1.26701E+00 2.42050E+00 2.42113E+00 2.42118E+00 2.42217E+00 1.26702E+00 1.18378E+00 5.34359E-02 2.78615E+01 
5.34359E-02 1.52738E+00 1.61099E+00 2.75346E+00 2.75413E+00 2.75419E+00 2.75520E+00 1.61099E+00 1.52738E+00 5.34359E-02 3.67909E+01 
3.18814E-01 1.90039E+00 1.98438E+00 3.11589E+00 3.11659E+00 3.11667E+00 3.11772E+00 1.98439E+00 1.90039E+00 3.18814E-01 4.77968E+01 
7.78723E-01 2.34685E+00 2.43123E+00 3.55169E+00 3.55241E+00 3.55251E+00 3.55359E+00 2.43123E+00 2.34685E+00 7.78723E-01 6.12771E+01 
1.33382E+00 2.88835E+00 2.97314E+00 4.08243E+00 4.08319E+00 4.08330E+00 4.08442E+00 2.97314E+00 2.88835E+00 1.33382E+00 7.77106E+01 
1.99920E+00 3.54003E+00 3.62522E+00 4.72326E+00 4.72406E+00 4.72418E+00 4.72534E+00 3.62523E+00 3.54003E+00 1.99920E+00 9.76228E+01 
2.79196E+00 4.31898E+00 4.40459E+00 5.49129E+00 5.49212E+00 5.49226E+00 5.49346E+00 4.40460E+00 4.31898E+00 2.79196E+00 1.21602E+02 
3.73135E+00 5.24447E+00 5.33050E+00 6.40578E+00 6.40665E+00 6.40682E+00 6.40806E+00 5.33051E+00 5.24447E+00 3.73135E+00 1.50299E+02 
4.83894E+00 6.33808E+00 6.42455E+00 7.48835E+00 7.48926E+00 7.48945E+00 7.49073E+00 6.42455E+00 6.33808E+00 4.83894E+00 1.84430E+02 
6.13885E+00 7.62394E+00 7.71085E+00 8.76313E+00 8.76408E+00 8.76429E+00 8.76562E+00 7.71086E+00 7.62394E+00 6.13885E+00 2.24774E+02 
7.65787E+00 9.12887E+00 9.21623E+00 1.02569E+01 1.02579E+01 1.02582E+01 1.02595E+01 9.21624E+00 9.12887E+00 7.65787E+00 2.72167E+02 
9.42567E+00 1.08825E+01 1.09703E+01 1.19995E+01 1.20005E+01 1.20008E+01 1.20022E+01 1.09704E+01 1.08825E+01 9.42567E+00 3.27506E+02 
1.14748E+01 1.29175E+01 1.30058E+01 1.40233E+01 1.40244E+01 1.40247E+01 1.40261E+01 1.30058E+01 1.29175E+01 1.14748E+01 3.91737E+02 
1.38410E+01 1.52695E+01 1.53582E+01 1.63641E+01 1.63652E+01 1.63655E+01 1.63671E+01 1.53583E+01 1.52695E+01 1.38410E+01 4.65850E+02 
1.65629E+01 1.79772E+01 1.80665E+01 1.90607E+01 1.90618E+01 1.90622E+01 1.90638E+01 1.80665E+01 1.79772E+01 1.65629E+01 5.50873E+02 
5.04662E-02 1.54080E-01 3.95882E-02 1.22066E+00 1.22114E+00 1.22112E+00 1.22195E+00 3.95920E-02 1.54080E-01 5.04662E-02 -1.07982E+00 
5.04662E-02 1.54080E-01 6.35150E-02 1.23546E+00 1.23596E+00 1.23595E+00 1.23680E+00 6.35187E-02 1.54080E-01 5.04662E-02 -3.91293E-01 
5.04662E-02 1.66497E-02 9.92425E-02 1.26208E+00 1.26260E+00 1.26260E+00 1.26348E+00 9.92462E-02 1.66497E-02 5.04662E-02 4.95083E-01 
5.04662E-02 6.56994E-02 1.48597E-01 1.30233E+00 1.30287E+00 1.30288E+00 1.30379E+00 1.48600E-01 6.56994E-02 5.04662E-02 1.60967E+00 
5.04662E-02 1.31443E-01 2.14652E-01 1.35918E+00 1.35975E+00 1.35976E+00 1.36069E+00 2.14656E-01 1.31443E-01 5.04662E-02 3.05717E+00 
5.04662E-02 2.16720E-01 3.00247E-01 1.43547E+00 1.43606E+00 1.43609E+00 1.43705E+00 3.00251E-01 2.16720E-01 5.04662E-02 4.92606E+00 
5.04662E-02 3.24736E-01 4.08589E-01 1.53443E+00 1.53504E+00 1.53508E+00 1.53607E+00 4.08593E-01 3.24736E-01 5.04662E-02 7.32284E+00 
5.04662E-02 4.26193E-01 5.10303E-01 1.62882E+00 1.62946E+00 1.62951E+00 1.63052E+00 5.10307E-01 4.26193E-01 5.04662E-02 9.61905E+00 
5.04662E-02 4.59102E-01 5.43288E-01 1.65966E+00 1.66031E+00 1.66036E+00 1.66137E+00 5.43291E-01 4.59102E-01 5.04662E-02 1.03739E+01 
5.04662E-02 6.38201E-01 7.22752E-01 1.82885E+00 1.82952E+00 1.82958E+00 1.83063E+00 7.22756E-01 6.38201E-01 5.04662E-02 1.45683E+01 
5.04662E-02 8.58468E-01 9.43392E-01 2.03913E+00 2.03984E+00 2.03991E+00 2.04100E+00 9.43396E-01 8.58468E-01 5.04662E-02 1.99147E+01 
5.04662E-02 1.12650E+00 1.21180E+00 2.29713E+00 2.29786E+00 2.29795E+00 2.29907E+00 1.21181E+00 1.12650E+00 5.04662E-02 2.66671E+01 
5.04662E-02 1.44979E+00 1.53548E+00 2.61034E+00 2.61110E+00 2.61121E+00 2.61237E+00 1.53549E+00 1.44979E+00 5.04662E-02 3.51173E+01 
3.00702E-01 1.80124E+00 1.88733E+00 2.95177E+00 2.95257E+00 2.95269E+00 2.95388E+00 1.88733E+00 1.80124E+00 3.00702E-01 4.54695E+01 
7.33047E-01 2.22076E+00 2.30725E+00 3.36118E+00 3.36201E+00 3.36215E+00 3.36338E+00 2.30725E+00 2.22076E+00 7.33047E-01 5.80992E+01 
1.25308E+00 2.72784E+00 2.81473E+00 3.85805E+00 3.85892E+00 3.85908E+00 3.86035E+00 2.81474E+00 2.72784E+00 1.25308E+00 7.34416E+01 
1.87438E+00 3.33607E+00 3.42339E+00 4.45600E+00 4.45691E+00 4.45709E+00 4.45841E+00 3.42339E+00 3.33607E+00 1.87438E+00 9.19658E+01 
2.61227E+00 4.06079E+00 4.14854E+00 5.17036E+00 5.17132E+00 5.17152E+00 5.17287E+00 4.14854E+00 4.06079E+00 2.61227E+00 1.14194E+02 
3.48392E+00 4.91919E+00 5.00737E+00 6.01835E+00 6.01934E+00 6.01956E+00 6.02097E+00 5.00737E+00 4.91919E+00 3.48392E+00 1.40702E+02 
4.50854E+00 5.93048E+00 6.01910E+00 7.01917E+00 7.02021E+00 7.02045E+00 7.02190E+00 6.01911E+00 5.93048E+00 4.50854E+00 1.72117E+02 
5.70750E+00 7.11604E+00 7.20512E+00 8.19422E+00 8.19531E+00 8.19558E+00 8.19708E+00 7.20512E+00 7.11604E+00 5.70750E+00 2.09119E+02 
7.10444E+00 8.49954E+00 8.58908E+00 9.56718E+00 9.56831E+00 9.56862E+00 9.57016E+00 8.58909E+00 8.49954E+00 7.10444E+00 2.52433E+02 
8.72545E+00 1.01071E+01 1.01971E+01 1.11641E+01 1.11653E+01 1.11657E+01 1.11673E+01 1.01971E+01 1.01071E+01 8.72545E+00 3.02830E+02 
1.05990E+01 1.19671E+01 1.20576E+01 1.30136E+01 1.30149E+01 1.30152E+01 1.30169E+01 1.20576E+01 1.19671E+01 1.05990E+01 3.61120E+02 
1.27563E+01 1.41109E+01 1.42018E+01 1.51468E+01 1.51481E+01 1.51485E+01 1.51502E+01 1.42018E+01 1.41109E+01 1.27563E+01 4.28144E+02 
1.52308E+01 1.65719E+01 1.66633E+01 1.75972E+01 1.75985E+01 1.75990E+01 1.76007E+01 1.66633E+01 1.65719E+01 1.52308E+01 5.04769E+02 
4.76343E-02 1.49028E-01 4.23142E-02 1.15389E+00 1.15445E+00 1.15447E+00 1.15542E+00 4.23180E-02 1.49028E-01 4.76343E-02 -1.04773E+00 
4.76343E-02 1.49028E-01 6.59570E-02 1.16886E+00 1.16944E+00 1.16947E+00 1.17045E+00 6.59608E-02 1.49028E-01 4.76343E-02 -3.78746E-01 
4.76343E-02 1.62365E-02 1.00887E-01 1.19514E+00 1.19574E+00 1.19577E+00 1.19678E+00 1.00891E-01 1.62365E-02 4.76343E-02 4.81720E-01 
4.76343E-02 6.38270E-02 1.48791E-01 1.23439E+00 1.23502E+00 1.23506E+00 1.23610E+00 1.48794E-01 6.38270E-02 4.76343E-02 1.56210E+00 
4.76343E-02 1.27255E-01 2.12539E-01 1.28938E+00 1.29004E+00 1.29009E+00 1.29116E+00 2.12543E-01 1.27255E-01 4.76343E-02 2.96261E+00 
4.76343E-02 2.09141E-01 2.94752E-01 1.36275E+00 1.36344E+00 1.36350E+00 1.36460E+00 2.94756E-01 2.09141E-01 4.76343E-02 4.76657E+00 
4.76343E-02 3.12437E-01 3.98383E-01 1.45746E+00 1.45817E+00 1.45825E+00 1.45938E+00 3.98386E-01 3.12437E-01 4.76343E-02 7.07376E+00 
4.76343E-02 4.09143E-01 4.95353E-01 1.54748E+00 1.54821E+00 1.54830E+00 1.54945E+00 4.95356E-01 4.09143E-01 4.76343E-02 9.27830E+00 
4.76343E-02 4.40458E-01 5.26745E-01 1.57683E+00 1.57757E+00 1.57766E+00 1.57882E+00 5.26748E-01 4.40458E-01 4.76343E-02 1.00019E+01 
4.76343E-02 6.10499E-01 6.97162E-01 1.73747E+00 1.73824E+00 1.73834E+00 1.73954E+00 6.97166E-01 6.10499E-01 4.76343E-02 1.40137E+01 
4.76343E-02 8.18923E-01 9.05969E-01 1.93643E+00 1.93724E+00 1.93736E+00 1.93859E+00 9.05972E-01 8.18923E-01 4.76343E-02 1.91085E+01 
4.76343E-02 1.07174E+00 1.15918E+00 2.17974E+00 2.18058E+00 2.18071E+00 2.18199E+00 1.15918E+00 1.07174E+00 4.76343E-02 2.55188E+01 
4.76343E-02 1.37576E+00 1.46360E+00 2.47420E+00 2.47508E+00 2.47523E+00 2.47654E+00 1.46360E+00 1.37576E+00 4.76343E-02 3.35102E+01 
2.83452E-01 1.70671E+00 1.79494E+00 2.79564E+00 2.79656E+00 2.79673E+00 2.79808E+00 1.79495E+00 1.70671E+00 2.83452E-01 4.32406E+01 
6.89630E-01 2.10065E+00 2.18930E+00 3.18001E+00 3.18097E+00 3.18115E+00 3.18255E+00 2.18931E+00 2.10065E+00 6.89630E-01 5.50640E+01 
1.17649E+00 2.57516E+00 2.66423E+00 3.64484E+00 3.64585E+00 3.64605E+00 3.64749E+00 2.66424E+00 2.57516E+00 1.17649E+00 6.93754E+01 
1.75622E+00 3.14243E+00 3.23193E+00 4.20237E+00 4.20341E+00 4.20364E+00 4.20513E+00 3.23194E+00 3.14243E+00 1.75622E+00 8.65925E+01 
2.44252E+00 3.81617E+00 3.90611E+00 4.86629E+00 4.86738E+00 4.86763E+00 4.86916E+00 3.90611E+00 3.81617E+00 2.44252E+00 1.07178E+02 
3.25068E+00 4.61170E+00 4.70208E+00 5.65194E+00 5.65308E+00 5.65336E+00 5.65494E+00 4.70209E+00 4.61170E+00 3.25068E+00 1.31637E+02 
4.19776E+00 5.54606E+00 5.63690E+00 6.57638E+00 6.57757E+00 6.57788E+00 6.57951E+00 5.63691E+00 5.54606E+00 4.19776E+00 1.60521E+02 
5.30263E+00 6.63816E+00 6.72947E+00 7.65852E+00 7.65976E+00 7.66010E+00 7.66178E+00 6.72948E+00 6.63816E+00 5.30263E+00 1.94417E+02 
6.58613E+00 7.90884E+00 8.00062E+00 8.91921E+00 8.92050E+00 8.92087E+00 8.92261E+00 8.00063E+00 7.90884E+00 6.58613E+00 2.33953E+02 
8.07111E+00 9.38096E+00 9.47322E+00 1.03813E+01 1.03827E+01 1.03831E+01 1.03849E+01 9.47323E+00 9.38096E+00 8.07111E+00 2.79791E+02 
9.78246E+00 1.10794E+01 1.11722E+01 1.20698E+01 1.20712E+01 1.20716E+01 1.20735E+01 1.11722E+01 1.10794E+01 9.78246E+00 3.32619E+02 
1.17472E+01 1.30313E+01 1.31245E+01 1.40115E+01 1.40130E+01 1.40135E+01 1.40154E+01 1.31245E+01 1.30313E+01 1.17472E+01 3.93146E+02 
1.39944E+01 1.52655E+01 1.53593E+01 1.62358E+01 1.62373E+01 1.62378E+01 1.62398E+01 1.53593E+01 1.52655E+01 1.39944E+01 4.62100E+02 
4.49346E-02 1.44154E-01 4.50648E-02 1.09062E+00 1.09127E+00 1.09131E+00 1.09241E+00 4.50681E-02 1.44154E-01 4.49346E-02 -1.01730E+00 
4.49346E-02 1.44154E-01 6.84439E-02 1.10576E+00 1.10643E+00 1.10648E+00 1.10761E+00 6.84472E-02 1.44154E-01 4.49346E-02 -3.66640E-01 
4.49346E-02 1.58386E-02 1.02608E-01 1.13169E+00 1.13239E+00 1.13245E+00 1.13361E+00 1.02612E-01 1.58386E-02 4.49346E-02 4.69305E-01 
4.49346E-02 6.20210E-02 1.49112E-01 1.16997E+00 1.17070E+00 1.17077E+00 1.17195E+00 1.49116E-01 6.20210E-02 4.49346E-02 1.51708E+00 
4.49346E-02 1.23215E-01 2.10636E-01 1.22317E+00 1.22393E+00 1.22401E+00 1.22523E+00 2.10639E-01 1.23215E-01 4.49346E-02 2.87253E+00 
4.49346E-02 2.01835E-01 2.89592E-01 1.29372E+00 1.29451E+00 1.29460E+00 1.29585E+00 2.89595E-01 2.01835E-01 4.49346E-02 4.61403E+00 
4.49346E-02 3.00593E-01 3.88694E-01 1.38433E+00 1.38516E+00 1.38526E+00 1.38655E+00 3.88697E-01 3.00593E-01 4.49346E-02 6.83485E+00 
4.49346E-02 3.92744E-01 4.81115E-01 1.47014E+00 1.47099E+00 1.47111E+00 1.47242E+00 4.81118E-01 3.92744E-01 4.49346E-02 8.95095E+00 
4.49346E-02 4.22531E-01 5.10981E-01 1.49806E+00 1.49892E+00 1.49904E+00 1.50036E+00 5.10985E-01 4.22531E-01 4.49346E-02 9.64442E+00 
4.49346E-02 5.83912E-01 6.72749E-01 1.65054E+00 1.65143E+00 1.65157E+00 1.65292E+00 6.72752E-01 5.83912E-01 4.49346E-02 1.34801E+01 
4.49346E-02 7.81042E-01 8.70272E-01 1.83870E+00 1.83963E+00 1.83978E+00 1.84118E+00 8.70275E-01 7.81042E-01 4.49346E-02 1.83329E+01 
4.49346E-02 1.01939E+00 1.10902E+00 2.06803E+00 2.06900E+00 2.06917E+00 2.07061E+00 1.10902E+00 1.01939E+00 4.49346E-02 2.44150E+01 
4.49346E-02 1.30514E+00 1.39518E+00 2.34471E+00 2.34573E+00 2.34592E+00 2.34740E+00 1.39518E+00 1.30514E+00 4.49346E-02 3.19673E+01 
2.67030E-01 1.61658E+00 1.70703E+00 2.64714E+00 2.64820E+00 2.64841E+00 2.64994E+00 1.70703E+00 1.61658E+00 2.67030E-01 4.11063E+01 
6.48378E-01 1.98627E+00 2.07714E+00 3.00775E+00 3.00885E+00 3.00908E+00 3.01065E+00 2.07714E+00 1.98627E+00 6.48378E-01 5.21658E+01 
1.10387E+00 2.42998E+00 2.52128E+00 3.44229E+00 3.44344E+00 3.44370E+00 3.44531E+00 2.52129E+00 2.42998E+00 1.10387E+00 6.55035E+01 
1.64441E+00 2.95864E+00 3.05039E+00 3.96171E+00 3.96291E+00 3.96319E+00 3.96486E+00 3.05039E+00 2.95864E+00 1.64441E+00 8.14904E+01 
2.28223E+00 3.58448E+00 3.67668E+00 4.57824E+00 4.57949E+00 4.57981E+00 4.58152E+00 3.67668E+00 3.58448E+00 2.28223E+00 1.00534E+02 
3.03092E+00 4.32112E+00 4.41378E+00 5.30552E+00 5.30682E+00 5.30717E+00 5.30894E+00 4.41378E+00 4.32112E+00 3.03092E+00 1.23079E+02 
3.90556E+00 5.18365E+00 5.27677E+00 6.15864E+00 6.16000E+00 6.16037E+00 6.16220E+00 5.27677E+00 5.18365E+00 3.90556E+00 1.49604E+02 
4.92282E+00 6.18873E+00 6.28233E+00 7.15427E+00 7.15569E+00 7.15610E+00 7.15798E+00 6.28233E+00 6.18873E+00 4.92282E+00 1.80618E+02 
6.10097E+00 7.35465E+00 7.44874E+00 8.31073E+00 8.31220E+00 8.31265E+00 8.31459E+00 7.44874E+00 7.35465E+00 6.10097E+00 2.16660E+02 
7.45999E+00 8.70141E+00 8.79599E+00 9.64799E+00 9.64953E+00 9.65002E+00 9.65202E+00 8.79599E+00 8.70141E+00 7.45999E+00 2.58295E+02 
9.02154E+00 1.02507E+01 1.03457E+01 1.11877E+01 1.11893E+01 1.11899E+01 1.11919E+01 1.03458E+01 1.02507E+01 9.02154E+00 3.06104E+02 
1.08090E+01 1.20258E+01 1.21214E+01 1.29534E+01 1.29551E+01 1.29556E+01 1.29578E+01 1.21214E+01 1.20258E+01 1.08090E+01 3.60685E+02 
1.28474E+01 1.40520E+01 1.41481E+01 1.49700E+01 1.49718E+01 1.49724E+01 1.49746E+01 1.41481E+01 1.40520E+01 1.28474E+01 4.22641E+02 
4.23616E-02 1.39450E-01 4.78451E-02 1.03066E+00 1.03141E+00 1.03147E+00 1.03272E+00 4.78478E-02 1.39450E-01 4.23616E-02 -9.88402E-01 
4.23616E-02 1.39450E-01 7.09787E-02 1.04595E+00 1.04673E+00 1.04681E+00 1.04808E+00 7.09812E-02 1.39450E-01 4.23616E-02 -3.54903E-01 
4.23616E-02 1.54549E-02 1.04406E-01 1.07155E+00 1.07236E+00 1.07245E+00 1.07376E+00 1.04409E-01 1.54549E-02 4.23616E-02 4.57843E-01 
4.23616E-02 6.02770E-02 1.49559E-01 1.10888E+00 1.10972E+00 1.10982E+00 1.11116E+00 1.49561E-01 6.02770E-02 4.23616E-02 1.47453E+00 
4.23616E-02 1.19314E-01 2.08934E-01 1.16034E+00 1.16121E+00 1.16132E+00 1.16270E+00 2.08936E-01 1.19314E-01 4.23616E-02 2.78677E+00 
4.23616E-02 1.94786E-01 2.84751E-01 1.22816E+00 1.22907E+00 1.22919E+00 1.23060E+00 2.84754E-01 1.94786E-01 4.23616E-02 4.46813E+00 
4.23616E-02 2.89183E-01 3.79501E-01 1.31484E+00 1.31578E+00 1.31592E+00 1.31737E+00 3.79503E-01 2.89183E-01 4.23616E-02 6.60564E+00 
4.23616E-02 3.76964E-01 4.67560E-01 1.39660E+00 1.39758E+00 1.39773E+00 1.39920E+00 4.67562E-01 3.76964E-01 4.23616E-02 8.63641E+00 
4.23616E-02 4.05288E-01 4.95965E-01 1.42316E+00 1.42415E+00 1.42430E+00 1.42578E+00 4.95967E-01 4.05288E-01 4.23616E-02 9.30079E+00 
4.23616E-02 5.58389E-01 6.49462E-01 1.56781E+00 1.56884E+00 1.56901E+00 1.57054E+00 6.49465E-01 5.58389E-01 4.23616E-02 1.29668E+01 
4.23616E-02 7.44751E-01 8.36228E-01 1.74567E+00 1.74674E+00 1.74694E+00 1.74850E+00 8.36231E-01 7.44751E-01 4.23616E-02 1.75867E+01 
4.23616E-02 9.69344E-01 1.06123E+00 1.96171E+00 1.96283E+00 1.96304E+00 1.96466E+00 1.06123E+00 9.69344E-01 4.23616E-02 2.33537E+01 
4.23616E-02 1.23776E+00 1.33007E+00 2.22154E+00 2.22271E+00 2.22294E+00 2.22460E+00 1.33007E+00 1.23776E+00 4.23616E-02 3.04859E+01 
2.51399E-01 1.53066E+00 1.62339E+00 2.50590E+00 2.50711E+00 2.50737E+00 2.50907E+00 1.62339E+00 1.53066E+00 2.51399E-01 3.90628E+01 
6.09193E-01 1.87733E+00 1.97050E+00 2.84396E+00 2.84522E+00 2.84551E+00 2.84726E+00 1.97050E+00 1.87733E+00 6.09193E-01 4.93988E+01 
1.03503E+00 2.29194E+00 2.38554E+00 3.24987E+00 3.25118E+00 3.25150E+00 3.25330E+00 2.38554E+00 2.29194E+00 1.03503E+00 6.18174E+01 
1.53865E+00 2.78423E+00 2.87829E+00 3.73340E+00 3.73477E+00 3.73511E+00 3.73698E+00 2.87829E+00 2.78423E+00 1.53865E+00 7.66471E+01 
2.13093E+00 3.36510E+00 3.45962E+00 4.30544E+00 4.30687E+00 4.30725E+00 4.30916E+00 3.45962E+00 3.36510E+00 2.13093E+00 9.42462E+01 
2.82393E+00 4.04661E+00 4.14160E+00 4.97807E+00 4.97956E+00 4.97997E+00 4.98195E+00 4.14160E+00 4.04661E+00 2.82393E+00 1.15003E+02 
3.63097E+00 4.84209E+00 4.93755E+00 5.76463E+00 5.76618E+00 5.76663E+00 5.76867E+00 4.93756E+00 4.84209E+00 3.63097E+00 1.39331E+02 
4.56667E+00 5.76619E+00 5.86214E+00 6.67978E+00 6.68139E+00 6.68188E+00 6.68398E+00 5.86214E+00 5.76619E+00 4.56667E+00 1.67672E+02 
5.64706E+00 6.83492E+00 6.93136E+00 7.73952E+00 7.74120E+00 7.74174E+00 7.74390E+00 6.93137E+00 6.83492E+00 5.64706E+00 2.00485E+02 
6.88953E+00 8.06570E+00 8.16265E+00 8.96130E+00 8.96305E+00 8.96363E+00 8.96586E+00 8.16265E+00 8.06570E+00 6.88953E+00 2.38248E+02 
8.31285E+00 9.47731E+00 9.57477E+00 1.03639E+01 1.03657E+01 1.03664E+01 1.03687E+01 9.57477E+00 9.47731E+00 8.31285E+00 2.81452E+02 
9.93723E+00 1.10900E+01 1.11879E+01 1.19675E+01 1.19694E+01 1.19701E+01 1.19725E+01 1.11879E+01 1.10900E+01 9.93723E+00 3.30595E+02 
1.17842E+01 1.29251E+01 1.30236E+01 1.37937E+01 1.37957E+01 1.37964E+01 1.37989E+01 1.30237E+01 1.29251E+01 1.17842E+01 3.86175E+02 
3.99102E-02 1.34904E-01 5.06604E-02 9.73833E-01 9.74699E-01 9.74778E-01 9.76179E-01 5.06622E-02 1.34904E-01 3.99102E-02 -9.60904E-01 
3.99102E-02 1.34904E-01 7.35639E-02 9.89274E-01 9.90176E-01 9.90267E-01 9.91701E-01 7.35656E-02 1.34904E-01 3.99102E-02 -3.43453E-01 
3.99102E-02 1.50843E-02 1.06282E-01 1.01454E+00 1.01548E+00 1.01559E+00 1.01705E+00 1.06283E-01 1.50843E-02 3.99102E-02 4.47353E-01 
3.99102E-02 5.85907E-02 1.50127E-01 1.05094E+00 1.05192E+00 1.05203E+00 1.05354E+00 1.50129E-01 5.85907E-02 3.99102E-02 1.43439E+00 
3.99102E-02 1.15544E-01 2.07427E-01 1.10071E+00 1.10172E+00 1.10186E+00 1.10340E+00 2.07428E-01 1.15544E-01 3.99102E-02 2.70516E+00 
3.99102E-02 1.87982E-01 2.80219E-01 1.16589E+00 1.16695E+00 1.16709E+00 1.16867E+00 2.80221E-01 1.87982E-01 3.99102E-02 4.32860E+00 
3.99102E-02 2.78186E-01 3.70785E-01 1.24878E+00 1.24987E+00 1.25004E+00 1.25166E+00 3.70786E-01 2.78186E-01 3.99102E-02 6.38573E+00 
3.99102E-02 3.61776E-01 4.54659E-01 1.32666E+00 1.32779E+00 1.32797E+00 1.32962E+00 4.54661E-01 3.61776E-01 3.99102E-02 8.33414E+00 
3.99102E-02 3.88698E-01 4.81666E-01 1.35191E+00 1.35305E+00 1.35323E+00 1.35489E+00 4.81667E-01 3.88698E-01 3.99102E-02 8.97045E+00 
3.99102E-02 5.33883E-01 6.27257E-01 1.48909E+00 1.49027E+00 1.49048E+00 1.49218E+00 6.27258E-01 5.33883E-01 3.99102E-02 1.24729E+01 
3.99102E-02 7.09982E-01 8.03769E-01 1.65712E+00 1.65836E+00 1.65858E+00 1.66033E+00 8.03771E-01 7.09982E-01 3.99102E-02 1.68687E+01 
3.99102E-02 9.21498E-01 1.01571E+00 1.86053E+00 1.86182E+00 1.86207E+00 1.86387E+00 1.01571E+00 9.21498E-01 3.99102E-02 2.23334E+01 
3.99102E-02 1.17349E+00 1.26813E+00 2.10438E+00 2.10572E+00 2.10600E+00 2.10785E+00 1.26813E+00 1.17349E+00 3.99102E-02 2.90638E+01 
2.36527E-01 1.44876E+00 1.54383E+00 2.37155E+00 2.37294E+00 2.37324E+00 2.37515E+00 1.54383E+00 1.44876E+00 2.36527E-01 3.71064E+01 
5.71985E-01 1.77362E+00 1.86913E+00 2.68824E+00 2.68969E+00 2.69002E+00 2.69198E+00 1.86913E+00 1.77362E+00 5.71985E-01 4.67576E+01 
9.69796E-01 2.16072E+00 2.25669E+00 3.06710E+00 3.06861E+00 3.06898E+00 3.07099E+00 2.25669E+00 2.16072E+00 9.69796E-01 5.83093E+01 
1.43865E+00 2.61878E+00 2.71520E+00 3.51684E+00 3.51841E+00 3.51882E+00 3.52089E+00 2.71521E+00 2.61878E+00 1.43865E+00 7.20509E+01 
1.98819E+00 3.15743E+00 3.25433E+00 4.04713E+00 4.04876E+00 4.04921E+00 4.05134E+00 3.25433E+00 3.15743E+00 1.98819E+00 8.82965E+01 
2.62908E+00 3.78737E+00 3.88475E+00 4.66864E+00 4.67034E+00 4.67083E+00 4.67302E+00 3.88475E+00 3.78737E+00 2.62908E+00 1.07383E+02 
3.37303E+00 4.52031E+00 4.61818E+00 5.39313E+00 5.39489E+00 5.39543E+00 5.39769E+00 4.61818E+00 4.52031E+00 3.37303E+00 1.29670E+02 
4.23290E+00 5.36910E+00 5.46747E+00 6.23343E+00 6.23527E+00 6.23585E+00 6.23817E+00 5.46747E+00 5.36910E+00 4.23290E+00 1.55533E+02 
5.22262E+00 6.34771E+00 6.44658E+00 7.20352E+00 7.20543E+00 7.20607E+00 7.20846E+00 6.44659E+00 6.34771E+00 5.22262E+00 1.85363E+02 
6.35732E+00 7.47127E+00 7.57065E+00 8.31854E+00 8.32053E+00 8.32122E+00 8.32369E+00 7.57066E+00 7.47127E+00 6.35732E+00 2.19566E+02 
7.65322E+00 8.75600E+00 8.85590E+00 9.59472E+00 9.59679E+00 9.59754E+00 9.60009E+00 8.85591E+00 8.75600E+00 7.65322E+00 2.58548E+02 
9.12767E+00 1.02193E+01 1.03197E+01 1.10494E+01 1.10516E+01 1.10524E+01 1.10550E+01 1.03197E+01 1.02193E+01 9.12767E+00 3.02724E+02 
1.07991E+01 1.18795E+01 1.19804E+01 1.27011E+01 1.27033E+01 1.27042E+01 1.27069E+01 1.19804E+01 1.18795E+01 1.07991E+01 3.52501E+02 
3.75753E-02 1.30509E-01 5.35157E-02 9.19969E-01 9.20971E-01 9.21061E-01 9.22626E-01 5.35166E-02 1.30509E-01 3.75753E-02 -9.34674E-01 
3.75753E-02 1.30509E-01 7.62023E-02 9.35554E-01 9.36595E-01 9.36700E-01 9.38302E-01 7.62032E-02 1.30509E-01 3.75753E-02 -3.32203E-01 
3.75753E-02 1.47255E-02 1.08234E-01 9.60497E-01 9.61579E-01 9.61698E-01 9.63338E-01 1.08235E-01 1.47255E-02 3.75753E-02 4.37864E-01 
3.75753E-02 5.69579E-02 1.50814E-01 9.95989E-01 9.97113E-01 9.97249E-01 9.98927E-01 1.50815E-01 5.69579E-02 3.75753E-02 1.39662E+00 
3.75753E-02 1.11896E-01 2.06108E-01 1.04411E+00 1.04528E+00 1.04543E+00 1.04715E+00 2.06109E-01 1.11896E-01 3.75753E-02 2.62758E+00 
3.75753E-02 1.81409E-01 2.75983E-01 1.10675E+00 1.10796E+00 1.10813E+00 1.10989E+00 2.75984E-01 1.81409E-01 3.75753E-02 4.19520E+00 
3.75753E-02 2.67580E-01 3.62526E-01 1.18598E+00 1.18723E+00 1.18743E+00 1.18923E+00 3.62527E-01 2.67580E-01 3.75753E-02 6.17473E+00 
3.75753E-02 3.47150E-01 4.42388E-01 1.26014E+00 1.26143E+00 1.26164E+00 1.26348E+00 4.42389E-01 3.47150E-01 3.75753E-02 8.04364E+00 
3.75753E-02 3.72730E-01 4.68054E-01 1.28413E+00 1.28544E+00 1.28565E+00 1.28750E+00 4.68055E-01 3.72730E-01 3.75753E-02 8.65286E+00 
3.75753E-02 5.10349E-01 6.06087E-01 1.41415E+00 1.41551E+00 1.41575E+00 1.41765E+00 6.06089E-01 5.10349E-01 3.75753E-02 1.19975E+01 
3.75753E-02 6.76665E-01 7.72827E-01 1.57282E+00 1.57424E+00 1.57450E+00 1.57645E+00 7.72829E-01 6.76665E-01 3.75753E-02 1.61778E+01 
3.75753E-02 8.75756E-01 9.72350E-01 1.76422E+00 1.76570E+00 1.76599E+00 1.76799E+00 9.72351E-01 8.75756E-01 3.75753E-02 2.13525E+01 
3.75753E-02 1.11218E+00 1.20922E+00 1.99293E+00 1.99446E+00 1.99479E+00 1.99684E+00 1.20922E+00 1.11218E+00 3.75753E-02 2.76986E+01 
2.22381E-01 1.37070E+00 1.46818E+00 2.24376E+00 2.24536E+00 2.24572E+00 2.24783E+00 1.46818E+00 1.37070E+00 2.22381E-01 3.52338E+01 
5.36669E-01 1.67489E+00 1.77281E+00 2.54020E+00 2.54186E+00 2.54226E+00 2.54442E+00 1.77282E+00 1.67489E+00 5.36669E-01 4.42370E+01 
9.08012E-01 2.03602E+00 2.13441E+00 2.89352E+00 2.89524E+00 2.89568E+00 2.89791E+00 2.13442E+00 2.03602E+00 9.08012E-01 5.49712E+01 
1.34413E+00 2.46185E+00 2.56071E+00 3.31146E+00 3.31326E+00 3.31374E+00 3.31603E+00 2.56071E+00 2.46185E+00 1.34413E+00 6.76907E+01 
1.85357E+00 2.96091E+00 3.06026E+00 3.80259E+00 3.80445E+00 3.80498E+00 3.80734E+00 3.06026E+00 2.96091E+00 1.85357E+00 8.26692E+01 
2.44572E+00 3.54262E+00 3.64246E+00 4.37632E+00 4.37825E+00 4.37883E+00 4.38126E+00 3.64246E+00 3.54262E+00 2.44572E+00 1.00199E+02 
3.13088E+00 4.21727E+00 4.31760E+00 5.04294E+00 5.04496E+00 5.04559E+00 5.04809E+00 4.31761E+00 4.21727E+00 3.13088E+00 1.20588E+02 
3.92024E+00 4.99608E+00 5.09692E+00 5.81370E+00 5.81579E+00 5.81648E+00 5.81906E+00 5.09693E+00 4.99608E+00 3.92024E+00 1.44156E+02 
4.82595E+00 5.89120E+00 5.99255E+00 6.70074E+00 6.70291E+00 6.70366E+00 6.70632E+00 5.99256E+00 5.89120E+00 4.82595E+00 1.71236E+02 
5.86108E+00 6.91571E+00 7.01758E+00 7.71715E+00 7.71941E+00 7.72023E+00 7.72296E+00 7.01759E+00 6.91571E+00 5.86108E+00 2.02165E+02 
7.03959E+00 8.08358E+00 8.18598E+00 8.87691E+00 8.87926E+00 8.88015E+00 8.88296E+00 8.18598E+00 8.08358E+00 7.03959E+00 2.37282E+02 
8.37634E+00 9.40966E+00 9.51260E+00 1.01949E+01 1.01973E+01 1.01983E+01 1.02012E+01 9.51261E+00 9.40966E+00 8.37634E+00 2.76926E+02 
9.88696E+00 1.09096E+01 1.10131E+01 1.16867E+01 1.16893E+01 1.16903E+01 1.16933E+01 1.10131E+01 1.09096E+01 9.88696E+00 3.21427E+02 
3.53521E-02 1.26254E-01 5.64163E-02 8.68912E-01 8.70070E-01 8.70169E-01 8.71907E-01 5.64163E-02 1.26254E-01 3.53521E-02 -9.09575E-01 
3.53521E-02 1.26254E-01 7.88966E-02 8.84631E-01 8.85834E-01 8.85950E-01 8.87728E-01 7.88967E-02 1.26254E-01 3.53521E-02 -3.21054E-01 
3.53521E-02 1.43775E-02 1.10263E-01 9.09249E-01 9.10497E-01 9.10631E-01 9.12451E-01 1.10263E-01 1.43775E-02 3.53521E-02 4.29418E-01 
3.53521E-02 5.53747E-02 1.51617E-01 9.43853E-01 9.45150E-01 9.45303E-01 9.47165E-01 1.51617E-01 5.53747E-02 3.53521E-02 1.36118E+00 
3.53521E-02 1.08364E-01 2.04970E-01 9.90380E-01 9.91725E-01 9.91900E-01 9.93805E-01 2.04970E-01 1.08364E-01 3.53521E-02 2.55390E+00 
3.53521E-02 1.75054E-01 2.72032E-01 1.05054E+00 1.05194E+00 1.05214E+00 1.05409E+00 2.72032E-01 1.75054E-01 3.53521E-02 4.06770E+00 
3.53521E-02 2.57348E-01 3.54706E-01 1.12626E+00 1.12770E+00 1.12793E+00 1.12992E+00 3.54706E-01 2.57348E-01 3.53521E-02 5.97230E+00 
3.53521E-02 3.33062E-01 4.30719E-01 1.19684E+00 1.19833E+00 1.19857E+00 1.20061E+00 4.30719E-01 3.33062E-01 3.53521E-02 7.76441E+00 
3.53521E-02 3.57357E-01 4.55101E-01 1.21963E+00 1.22113E+00 1.22138E+00 1.22342E+00 4.55102E-01 3.57357E-01 3.53521E-02 8.34748E+00 
3.53521E-02 4.87742E-01 5.85912E-01 1.34281E+00 1.34437E+00 1.34465E+00 1.34675E+00 5.85912E-01 4.87742E-01 3.53521E-02 1.15400E+01 
3.53521E-02 6.44736E-01 7.43340E-01 1.49255E+00 1.49418E+00 1.49449E+00 1.49664E+00 7.43341E-01 6.44736E-01 3.53521E-02 1.55129E+01 
3.53521E-02 8.32022E-01 9.31066E-01 1.67255E+00 1.67423E+00 1.67458E+00 1.67679E+00 9.31067E-01 8.32022E-01 3.53521E-02 2.04095E+01 
3.53521E-02 1.05371E+00 1.15320E+00 1.88690E+00 1.88866E+00 1.88904E+00 1.89131E+00 1.15320E+00 1.05371E+00 3.53521E-02 2.63883E+01 
2.08931E-01 1.29632E+00 1.39626E+00 2.12222E+00 2.12405E+00 2.12447E+00 2.12680E+00 1.39626E+00 1.29632E+00 2.08931E-01 3.34417E+01 
5.03159E-01 1.58091E+00 1.68132E+00 2.39947E+00 2.40137E+00 2.40184E+00 2.40423E+00 1.68132E+00 1.58091E+00 5.03159E-01 4.18320E+01 
8.49515E-01 1.91754E+00 2.01842E+00 2.72868E+00 2.73065E+00 2.73117E+00 2.73363E+00 2.01842E+00 1.91754E+00 8.49515E-01 5.17959E+01 
1.25484E+00 2.31305E+00 2.41441E+00 3.11672E+00 3.11877E+00 3.11934E+00 3.12187E+00 2.41441E+00 2.31305E+00 1.25484E+00 6.35556E+01 
1.72668E+00 2.77500E+00 2.87685E+00 3.57114E+00 3.57327E+00 3.57389E+00 3.57650E+00 2.87685E+00 2.77500E+00 1.72668E+00 7.73489E+01 
2.27328E+00 3.31164E+00 3.41399E+00 4.10022E+00 4.10242E+00 4.10310E+00 4.10579E+00 3.41400E+00 3.31164E+00 2.27328E+00 9.34274E+01 
2.90364E+00 3.93199E+00 4.03485E+00 4.71296E+00 4.71525E+00 4.71600E+00 4.71876E+00 4.03486E+00 3.93199E+00 2.90364E+00 1.12054E+02 
3.62753E+00 4.64582E+00 4.74919E+00 5.41914E+00 5.42152E+00 5.42234E+00 5.42518E+00 4.74920E+00 4.64582E+00 3.62753E+00 1.33501E+02 
4.45544E+00 5.46363E+00 5.56753E+00 6.22929E+00 6.23177E+00 6.23265E+00 6.23558E+00 5.56754E+00 5.46363E+00 4.45544E+00 1.58045E+02 
5.39865E+00 6.39672E+00 6.50114E+00 7.15470E+00 7.15727E+00 7.15823E+00 7.16125E+00 6.50115E+00 6.39672E+00 5.39865E+00 1.85969E+02 
6.46912E+00 7.45703E+00 7.56200E+00 8.20733E+00 8.20999E+00 8.21104E+00 8.21415E+00 7.56201E+00 7.45703E+00 6.46912E+00 2.17550E+02 
7.67950E+00 8.65725E+00 8.76276E+00 9.39985E+00 9.40262E+00 9.40375E+00 9.40695E+00 8.76277E+00 8.65725E+00 7.67950E+00 2.53065E+02 
9.04303E+00 1.00106E+01 1.01167E+01 1.07455E+01 1.07484E+01 1.07496E+01 1.07529E+01 1.01167E+01 1.00106E+01 9.04303E+00 2.92776E+02 
3.32360E-02 1.22131E-01 5.93670E-02 8.20514E-01 8.21853E-01 8.21958E-01 8.23881E-01 5.93664E-02 1.22131E-01 3.32360E-02 -8.85459E-01 
3.32360E-02 1.22131E-01 8.16494E-02 8.36357E-01 8.37746E-01 8.37872E-01 8.39838E-01 8.16490E-02 1.22131E-01 3.32360E-02 -3.09899E-01 
3.32360E-02 1.40392E-02 1.12370E-01 8.60649E-01 8.62090E-01 8.62238E-01 8.64249E-01 1.12369E-01 1.40392E-02 3.32360E-02 4.22070E-01 
3.32360E-02 5.38372E-02 1.52532E-01 8.94384E-01 8.95878E-01 8.96050E-01 8.98107E-01 1.52532E-01 5.38372E-02 3.32360E-02 1.32807E+00 
3.32360E-02 1.04939E-01 2.04007E-01 9.39356E-01 9.40905E-01 9.41103E-01 9.43208E-01 2.04007E-01 1.04939E-01 3.32360E-02 2.48404E+00 
3.32360E-02 1.68906E-01 2.68355E-01 9.97133E-01 9.98739E-01 9.98964E-01 1.00112E+00 2.68354E-01 1.68906E-01 3.32360E-02 3.94591E+00 
3.32360E-02 2.47470E-01 3.47307E-01 1.06945E+00 1.07112E+00 1.07137E+00 1.07358E+00 3.47307E-01 2.47470E-01 3.32360E-02 5.77810E+00 
3.32360E-02 3.19486E-01 4.19629E-01 1.13660E+00 1.13832E+00 1.13859E+00 1.14084E+00 4.19629E-01 3.19486E-01 3.32360E-02 7.49604E+00 
3.32360E-02 3.42549E-01 4.42782E-01 1.15824E+00 1.15996E+00 1.16025E+00 1.16251E+00 4.42782E-01 3.42549E-01 3.32360E-02 8.05386E+00 
3.32360E-02 4.66021E-01 5.66688E-01 1.27488E+00 1.27667E+00 1.27699E+00 1.27931E+00 5.66689E-01 4.66021E-01 3.32360E-02 1.10997E+01 
3.32360E-02 6.14135E-01 7.15245E-01 1.41611E+00 1.41797E+00 1.41834E+00 1.42071E+00 7.15246E-01 6.14135E-01 3.32360E-02 1.48731E+01 
3.32360E-02 7.90208E-01 8.91769E-01 1.58527E+00 1.58720E+00 1.58761E+00 1.59005E+00 8.91769E-01 7.90208E-01 3.32360E-02 1.95030E+01 
3.32360E-02 9.97927E-01 1.09995E+00 1.78604E+00 1.78805E+00 1.78849E+00 1.79100E+00 1.09995E+00 9.97927E-01 3.32360E-02 2.51308E+01 
1.96147E-01 1.22543E+00 1.32791E+00 2.00663E+00 2.00871E+00 2.00921E+00 2.01179E+00 1.32791E+00 1.22543E+00 1.96147E-01 3.17268E+01 
4.71377E-01 1.49148E+00 1.59443E+00 2.26571E+00 2.26787E+00 2.26842E+00 2.27107E+00 1.59443E+00 1.49148E+00 4.71377E-01 3.95380E+01 
7.94155E-01 1.80498E+00 1.90842E+00 2.57218E+00 2.57443E+00 2.57503E+00 2.57775E+00 1.90842E+00 1.80498E+00 7.94155E-01 4.87764E+01 
1.17053E+00 2.17200E+00 2.27592E+00 2.93210E+00 2.93444E+00 2.93511E+00 2.93790E+00 2.27593E+00 2.17200E+00 1.17053E+00 5.96356E+01 
1.60713E+00 2.59917E+00 2.70359E+00 3.35213E+00 3.35456E+00 3.35529E+00 3.35817E+00 2.70360E+00 2.59917E+00 1.60713E+00 7.23209E+01 
2.11118E+00 3.09374E+00 3.19867E+00 3.83952E+00 3.84203E+00 3.84284E+00 3.84579E+00 3.19867E+00 3.09374E+00 2.11118E+00 8.70479E+01 
2.69053E+00 3.66354E+00 3.76899E+00 4.40210E+00 4.40471E+00 4.40559E+00 4.40864E+00 3.76899E+00 3.66354E+00 2.69053E+00 1.04040E+02 
3.35364E+00 4.31706E+00 4.42303E+00 5.04838E+00 5.05108E+00 5.05205E+00 5.05518E+00 4.42304E+00 4.31706E+00 3.35364E+00 1.23525E+02 
4.10957E+00 5.06337E+00 5.16987E+00 5.78742E+00 5.79022E+00 5.79127E+00 5.79450E+00 5.16987E+00 5.06337E+00 4.10957E+00 1.45737E+02 
4.96799E+00 5.91213E+00 6.01918E+00 6.62890E+00 6.63181E+00 6.63295E+00 6.63628E+00 6.01918E+00 5.91213E+00 4.96799E+00 1.70904E+02 
5.93910E+00 6.87357E+00 6.98116E+00 7.58304E+00 7.58606E+00 7.58730E+00 7.59073E+00 6.98116E+00 6.87357E+00 5.93910E+00 1.99256E+02 
7.03362E+00 7.95840E+00 8.06654E+00 8.66058E+00 8.66371E+00 8.66505E+00 8.66859E+00 8.06655E+00 7.95840E+00 7.03362E+00 2.31011E+02 
8.26271E+00 9.17780E+00 9.28649E+00 9.87267E+00 9.87592E+00 9.87737E+00 9.88102E+00 9.28650E+00 9.17780E+00 8.26271E+00 2.66381E+02 
3.12225E-02 1.18132E-01 6.23730E-02 7.74635E-01 7.76181E-01 7.76294E-01 7.78414E-01 6.23720E-02 1.18132E-01 3.12225E-02 -8.62168E-01 
3.12225E-02 1.18132E-01 8.44633E-02 7.90589E-01 7.92192E-01 7.92331E-01 7.94499E-01 8.44624E-02 1.18132E-01 3.12225E-02 -2.98615E-01 
3.12225E-02 1.37096E-02 1.14553E-01 8.14554E-01 8.16216E-01 8.16382E-01 8.18599E-01 1.14553E-01 1.37096E-02 3.12225E-02 4.15891E-01 
3.12225E-02 5.23417E-02 1.53559E-01 8.47434E-01 8.49156E-01 8.49351E-01 8.51619E-01 1.53558E-01 5.23417E-02 3.12225E-02 1.29729E+00 
3.12225E-02 1.01616E-01 2.03214E-01 8.90893E-01 8.92677E-01 8.92903E-01 8.95223E-01 2.03213E-01 1.01616E-01 3.12225E-02 2.41792E+00 
3.12225E-02 1.62953E-01 2.64940E-01 9.46359E-01 9.48206E-01 9.48466E-01 9.50840E-01 2.64940E-01 1.62953E-01 3.12225E-02 3.82965E+00 
3.12225E-02 2.37929E-01 3.40313E-01 1.01541E+00 1.01732E+00 1.01762E+00 1.02005E+00 3.40313E-01 2.37929E-01 3.12225E-02 5.59186E+00 
3.12225E-02 3.06398E-01 4.09094E-01 1.07926E+00 1.08123E+00 1.08155E+00 1.08403E+00 4.09094E-01 3.06398E-01 3.12225E-02 7.23811E+00 
3.12225E-02 3.28282E-01 4.31070E-01 1.09979E+00 1.10178E+00 1.10211E+00 1.10460E+00 4.31070E-01 3.28282E-01 3.12225E-02 7.77154E+00 
3.12225E-02 4.45147E-01 5.48379E-01 1.21018E+00 1.21223E+00 1.21261E+00 1.21516E+00 5.48379E-01 4.45147E-01 3.12225E-02 1.06759E+01 
3.12225E-02 5.84802E-01 6.88486E-01 1.34331E+00 1.34544E+00 1.34587E+00 1.34849E+00 6.88487E-01 5.84802E-01 3.12225E-02 1.42574E+01 
3.12225E-02 7.50228E-01 8.54371E-01 1.50217E+00 1.50438E+00 1.50486E+00 1.50755E+00 8.54372E-01 7.50228E-01 3.12225E-02 1.86316E+01 
3.12225E-02 9.44727E-01 1.04934E+00 1.69008E+00 1.69237E+00 1.69290E+00 1.69567E+00 1.04934E+00 9.44727E-01 3.12225E-02 2.39242E+01 
1.84001E-01 1.15789E+00 1.26298E+00 1.89668E+00 1.89907E+00 1.89966E+00 1.90249E+00 1.26298E+00 1.15789E+00 1.84001E-01 3.00863E+01 
4.41246E-01 1.40639E+00 1.51195E+00 2.13857E+00 2.14104E+00 2.14169E+00 2.14461E+00 1.51195E+00 1.40639E+00 4.41246E-01 3.73503E+01 
7.41788E-01 1.69809E+00 1.80414E+00 2.42360E+00 2.42616E+00 2.42688E+00 2.42988E+00 1.80414E+00 1.69809E+00 7.41788E-01 4.59059E+01 
1.09095E+00 2.03833E+00 2.14488E+00 2.75711E+00 2.75977E+00 2.76057E+00 2.76365E+00 2.14489E+00 2.03833E+00 1.09095E+00 5.59208E+01 
1.49455E+00 2.43294E+00 2.54000E+00 3.14495E+00 3.14771E+00 3.14858E+00 3.15175E+00 2.54000E+00 2.43294E+00 1.49455E+00 6.75712E+01 
1.95889E+00 2.88824E+00 2.99581E+00 3.59343E+00 3.59629E+00 3.59725E+00 3.60051E+00 2.99581E+00 2.88824E+00 1.95889E+00 8.10408E+01 
2.49078E+00 3.41103E+00 3.51912E+00 4.10938E+00 4.11234E+00 4.11338E+00 4.11674E+00 3.51913E+00 3.41103E+00 2.49078E+00 9.65177E+01 
3.09752E+00 4.00863E+00 4.11726E+00 4.70010E+00 4.70318E+00 4.70432E+00 4.70778E+00 4.11726E+00 4.00863E+00 3.09752E+00 1.14193E+02 
3.78690E+00 4.68884E+00 4.79801E+00 5.37342E+00 5.37660E+00 5.37785E+00 5.38141E+00 4.79801E+00 4.68884E+00 3.78690E+00 1.34258E+02 
4.56718E+00 5.45991E+00 5.56963E+00 6.13758E+00 6.14088E+00 6.14224E+00 6.14591E+00 5.56963E+00 5.45991E+00 4.56718E+00 1.56902E+02 
5.44700E+00 6.33051E+00 6.44078E+00 7.00127E+00 7.00468E+00 7.00615E+00 7.00993E+00 6.44078E+00 6.33051E+00 5.44700E+00 1.82306E+02 
6.43541E+00 7.30968E+00 7.42051E+00 7.97352E+00 7.97706E+00 7.97865E+00 7.98255E+00 7.42051E+00 7.30968E+00 6.43541E+00 2.10646E+02 
7.54173E+00 8.40677E+00 8.51815E+00 9.06368E+00 9.06734E+00 9.06907E+00 9.07309E+00 8.51816E+00 8.40677E+00 7.54173E+00 2.42084E+02 
2.93074E-02 1.14249E-01 6.54395E-02 7.31138E-01 7.32924E-01 7.33048E-01 7.35382E-01 6.54382E-02 1.14249E-01 2.93074E-02 -8.39531E-01 
2.93074E-02 1.14249E-01 8.73407E-02 7.47191E-01 7.49041E-01 7.49196E-01 7.51584E-01 8.73396E-02 1.14249E-01 2.93074E-02 -2.87064E-01 
2.93074E-02 1.33875E-02 1.16815E-01 7.70826E-01 7.72742E-01 7.72931E-01 7.75372E-01 1.16814E-01 1.33875E-02 2.93074E-02 4.10970E-01 
2.93074E-02 5.08843E-02 1.54693E-01 8.02866E-01 8.04849E-01 8.05073E-01 8.07570E-01 1.54692E-01 5.08843E-02 2.93074E-02 1.26887E+00 
2.93074E-02 9.83856E-02 2.02583E-01 8.44850E-01 8.46902E-01 8.47165E-01 8.49720E-01 2.02583E-01 9.83856E-02 2.93074E-02 2.35548E+00 
2.93074E-02 1.57184E-01 2.61778E-01 8.98077E-01 9.00201E-01 9.00504E-01 9.03119E-01 2.61778E-01 1.57184E-01 2.93074E-02 3.71878E+00 
2.93074E-02 2.28707E-01 3.33707E-01 9.63981E-01 9.66178E-01 9.66525E-01 9.69201E-01 3.33707E-01 2.28707E-01 2.93074E-02 5.41330E+00 
2.93074E-02 2.93773E-01 3.99091E-01 1.02467E+00 1.02692E+00 1.02731E+00 1.03003E+00 3.99091E-01 2.93773E-01 2.93074E-02 6.99025E+00 
2.93074E-02 3.14528E-01 4.19940E-01 1.04414E+00 1.04641E+00 1.04680E+00 1.04954E+00 4.19940E-01 3.14528E-01 2.93074E-02 7.50013E+00 
2.93074E-02 4.25081E-01 5.30945E-01 1.14854E+00 1.15090E+00 1.15134E+00 1.15416E+00 5.30946E-01 4.25081E-01 2.93074E-02 1.02680E+01 
2.93074E-02 5.56681E-01 6.63005E-01 1.27395E+00 1.27639E+00 1.27690E+00 1.27978E+00 6.63006E-01 5.56681E-01 2.93074E-02 1.36650E+01 
2.93074E-02 7.11999E-01 8.18792E-01 1.42304E+00 1.42558E+00 1.42614E+00 1.42910E+00 8.18793E-01 7.11999E-01 2.93074E-02 1.77940E+01 
2.93074E-02 8.93987E-01 1.00126E+00 1.59877E+00 1.60140E+00 1.60203E+00 1.60507E+00 1.00126E+00 8.93987E-01 2.93074E-02 2.27664E+01 
1.72465E-01 1.09355E+00 1.20130E+00 1.79212E+00 1.79484E+00 1.79554E+00 1.79867E+00 1.20130E+00 1.09355E+00 1.72465E-01 2.85172E+01 
4.12693E-01 1.32544E+00 1.43367E+00 2.01773E+00 2.02055E+00 2.02133E+00 2.02454E+00 1.43367E+00 1.32544E+00 4.12693E-01 3.52645E+01 
6.92272E-01 1.59659E+00 1.70532E+00 2.28255E+00 2.28548E+00 2.28634E+00 2.28964E+00 1.70532E+00 1.59659E+00 6.92272E-01 4.31779E+01 
1.01588E+00 1.91170E+00 2.02093E+00 2.59128E+00 2.59431E+00 2.59525E+00 2.59865E+00 2.02094E+00 1.91170E+00 1.01588E+00 5.24016E+01 
1.38859E+00 2.27584E+00 2.38559E+00 2.94900E+00 2.95213E+00 2.95317E+00 2.95666E+00 2.38559E+00 2.27584E+00 1.38859E+00 6.30863E+01 
1.81588E+00 2.69451E+00 2.80478E+00 3.36120E+00 3.36445E+00 3.36559E+00 3.36918E+00 2.80479E+00 2.69451E+00 1.81588E+00 7.53870E+01 
2.30364E+00 3.17360E+00 3.28440E+00 3.83380E+00 3.83716E+00 3.83840E+00 3.84211E+00 3.28441E+00 3.17360E+00 2.30364E+00 8.94613E+01 
2.85815E+00 3.71939E+00 3.83074E+00 4.37307E+00 4.37656E+00 4.37791E+00 4.38173E+00 3.83074E+00 3.71939E+00 2.85815E+00 1.05467E+02 
3.48606E+00 4.33856E+00 4.45045E+00 4.98570E+00 4.98931E+00 4.99078E+00 4.99471E+00 4.45045E+00 4.33856E+00 3.48606E+00 1.23561E+02 
4.19438E+00 5.03810E+00 5.15054E+00 5.67869E+00 5.68243E+00 5.68403E+00 5.68808E+00 5.15055E+00 5.03810E+00 4.19438E+00 1.43895E+02 
4.99040E+00 5.82534E+00 5.93833E+00 6.45937E+00 6.46323E+00 6.46497E+00 6.46914E+00 5.93834E+00 5.82534E+00 4.99040E+00 1.66614E+02 
5.88171E+00 6.70784E+00 6.82140E+00 7.33530E+00 7.33930E+00 7.34119E+00 7.34549E+00 6.82141E+00 6.70784E+00 5.88171E+00 1.91853E+02 
6.87605E+00 7.69337E+00 7.80750E+00 8.31427E+00 8.31840E+00 8.32045E+00 8.32488E+00 7.80751E+00 7.69337E+00 6.87605E+00 2.19737E+02 
2.74866E-02 1.10475E-01 6.85712E-02 6.89899E-01 6.91960E-01 6.92102E-01 6.94670E-01 6.85698E-02 1.10475E-01 2.74866E-02 -8.17357E-01 
2.74866E-02 1.10475E-01 9.02842E-02 7.06035E-01 7.08168E-01 7.08349E-01 7.10975E-01 9.02830E-02 1.10475E-01 2.74866E-02 -2.75088E-01 
2.74866E-02 1.30720E-02 1.19153E-01 7.29337E-01 7.31544E-01 7.31765E-01 7.34451E-01 1.19152E-01 1.30720E-02 2.74866E-02 4.07417E-01 
2.74866E-02 4.94617E-02 1.55931E-01 7.60549E-01 7.62830E-01 7.63095E-01 7.65842E-01 1.55931E-01 4.94617E-02 2.74866E-02 1.24285E+00 
2.74866E-02 9.52429E-02 2.02110E-01 8.01095E-01 8.03454E-01 8.03765E-01 8.06576E-01 2.02109E-01 9.52429E-02 2.74866E-02 2.29670E+00 
2.74866E-02 1.51588E-01 2.58859E-01 8.52154E-01 8.54593E-01 8.54953E-01 8.57830E-01 2.58859E-01 1.51588E-01 2.74866E-02 3.61318E+00 
2.74866E-02 2.19789E-01 3.27473E-01 9.15023E-01 9.17544E-01 9.17957E-01 9.20902E-01 3.27473E-01 2.19789E-01 2.74866E-02 5.24219E+00 
2.74866E-02 2.81591E-01 3.89599E-01 9.72670E-01 9.75257E-01 9.75712E-01 9.78712E-01 3.89599E-01 2.81591E-01 2.74866E-02 6.75213E+00 
2.74866E-02 3.01265E-01 4.09368E-01 9.91124E-01 9.93731E-01 9.94199E-01 9.97215E-01 4.09369E-01 3.01265E-01 2.74866E-02 7.23924E+00 
2.74866E-02 4.05787E-01 5.14351E-01 1.08981E+00 1.09251E+00 1.09304E+00 1.09614E+00 5.14352E-01 4.05787E-01 2.74866E-02 9.87544E+00 
2.74866E-02 5.29717E-01 6.38749E-01 1.20787E+00 1.21066E+00 1.21126E+00 1.21444E+00 6.38750E-01 5.29717E-01 2.74866E-02 1.30949E+01 
2.74866E-02 6.75444E-01 7.84952E-01 1.34769E+00 1.35058E+00 1.35126E+00 1.35452E+00 7.84953E-01 6.75444E-01 2.74866E-02 1.69890E+01 
2.74866E-02 8.45597E-01 9.55588E-01 1.51190E+00 1.51491E+00 1.51566E+00 1.51901E+00 9.55590E-01 8.45597E-01 2.74866E-02 2.16559E+01 
1.61513E-01 1.03226E+00 1.14274E+00 1.69267E+00 1.69577E+00 1.69661E+00 1.70005E+00 1.14274E+00 1.03226E+00 1.61513E-01 2.70167E+01 
3.85646E-01 1.24844E+00 1.35941E+00 1.90290E+00 1.90611E+00 1.90704E+00 1.91058E+00 1.35942E+00 1.24844E+00 3.85646E-01 3.32764E+01 
6.45477E-01 1.50024E+00 1.61172E+00 2.14869E+00 2.15202E+00 2.15304E+00 2.15668E+00 1.61172E+00 1.50024E+00 6.45477E-01 4.05861E+01 
9.45093E-01 1.79176E+00 1.90374E+00 2.43415E+00 2.43760E+00 2.43872E+00 2.44246E+00 1.90375E+00 1.79176E+00 9.45093E-01 4.90693E+01 
1.28891E+00 2.12741E+00 2.23991E+00 2.76371E+00 2.76727E+00 2.76851E+00 2.77236E+00 2.23992E+00 2.12741E+00 1.28891E+00 5.88534E+01 
1.68167E+00 2.51195E+00 2.62498E+00 3.14212E+00 3.14580E+00 3.14716E+00 3.15112E+00 2.62499E+00 2.51195E+00 1.68167E+00 7.00686E+01 
2.12843E+00 2.95045E+00 3.06402E+00 3.57446E+00 3.57827E+00 3.57975E+00 3.58383E+00 3.06402E+00 2.95045E+00 2.12843E+00 8.28455E+01 
2.63457E+00 3.44828E+00 3.56240E+00 4.06611E+00 4.07005E+00 4.07167E+00 4.07587E+00 3.56241E+00 3.44828E+00 2.63457E+00 9.73137E+01 
3.20575E+00 4.01112E+00 4.12578E+00 4.62274E+00 4.62682E+00 4.62858E+00 4.63291E+00 4.12579E+00 4.01112E+00 3.20575E+00 1.13599E+02 
3.84787E+00 4.64488E+00 4.76009E+00 5.25028E+00 5.25450E+00 5.25642E+00 5.26088E+00 4.76010E+00 4.64488E+00 3.84787E+00 1.31823E+02 
4.56705E+00 5.35568E+00 5.47146E+00 5.95487E+00 5.95923E+00 5.96130E+00 5.96590E+00 5.47147E+00 5.35568E+00 4.56705E+00 1.52098E+02 
5.36959E+00 6.14983E+00 6.26617E+00 6.74279E+00 6.74730E+00 6.74954E+00 6.75429E+00 6.26619E+00 6.14983E+00 5.36959E+00 1.74528E+02 
6.26190E+00 7.03374E+00 7.15065E+00 7.62047E+00 7.62513E+00 7.62755E+00 7.63245E+00 7.15066E+00 7.03374E+00 6.26190E+00 1.99203E+02 
2.57561E-02 1.06802E-01 7.17731E-02 6.50798E-01 6.53175E-01 6.53344E-01 6.56168E-01 7.17716E-02 1.06802E-01 2.57561E-02 -7.95432E-01 
2.57561E-02 1.06802E-01 9.32959E-02 6.67002E-01 6.69460E-01 6.69676E-01 6.72564E-01 9.32947E-02 1.06802E-01 2.57561E-02 -2.62507E-01 
2.57561E-02 1.27621E-02 1.21568E-01 6.89965E-01 6.92505E-01 6.92770E-01 6.95724E-01 1.21567E-01 1.27621E-02 2.57561E-02 4.05366E-01 
2.57561E-02 4.80705E-02 1.57273E-01 7.20360E-01 7.22983E-01 7.23301E-01 7.26323E-01 1.57272E-01 4.80705E-02 2.57561E-02 1.21932E+00 
2.57561E-02 9.21812E-02 2.01788E-01 7.59503E-01 7.62213E-01 7.62587E-01 7.65679E-01 2.01787E-01 9.21812E-02 2.57561E-02 2.24157E+00 
2.57561E-02 1.46155E-01 2.56173E-01 8.08461E-01 8.11260E-01 8.11694E-01 8.14859E-01 2.56173E-01 1.46155E-01 2.57561E-02 3.51275E+00 
2.57561E-02 2.11159E-01 3.21596E-01 8.68405E-01 8.71296E-01 8.71792E-01 8.75033E-01 3.21596E-01 2.11159E-01 2.57561E-02 5.07833E+00 
2.57561E-02 2.69830E-01 3.80597E-01 9.23134E-01 9.26097E-01 9.26646E-01 9.29947E-01 3.80598E-01 2.69830E-01 2.57561E-02 6.52344E+00 
2.57561E-02 2.88469E-01 3.99333E-01 9.40615E-01 9.43600E-01 9.44165E-01 9.47484E-01 3.99334E-01 2.88469E-01 2.57561E-02 6.98855E+00 
2.57561E-02 3.87230E-01 4.98561E-01 1.03384E+00 1.03693E+00 1.03757E+00 1.04098E+00 4.98563E-01 3.87230E-01 2.57561E-02 9.49769E+00 
2.57561E-02 5.03860E-01 6.15666E-01 1.14489E+00 1.14809E+00 1.14882E+00 1.15231E+00 6.15668E-01 5.03860E-01 2.57561E-02 1.25464E+01 
2.57561E-02 6.40488E-01 7.52777E-01 1.27592E+00 1.27923E+00 1.28004E+00 1.28363E+00 7.52779E-01 6.40488E-01 2.57561E-02 1.62154E+01 
2.57561E-02 7.99449E-01 9.12227E-01 1.42925E+00 1.43267E+00 1.43358E+00 1.43727E+00 9.12230E-01 7.99449E-01 2.57561E-02 2.05908E+01 
1.51121E-01 9.73885E-01 1.08716E+00 1.59808E+00 1.60162E+00 1.60263E+00 1.60642E+00 1.08716E+00 9.73885E-01 1.51121E-01 2.55822E+01 
3.60040E-01 1.17522E+00 1.28899E+00 1.79378E+00 1.79744E+00 1.79855E+00 1.80245E+00 1.28900E+00 1.17522E+00 3.60040E-01 3.13822E+01 
6.01275E-01 1.40881E+00 1.52308E+00 2.02166E+00 2.02545E+00 2.02668E+00 2.03068E+00 1.52309E+00 1.40881E+00 6.01275E-01 3.81249E+01 
8.78386E-01 1.67819E+00 1.79299E+00 2.28531E+00 2.28922E+00 2.29057E+00 2.29470E+00 1.79300E+00 1.67819E+00 8.78386E-01 4.59151E+01 
1.19520E+00 1.98722E+00 2.10254E+00 2.58855E+00 2.59260E+00 2.59408E+00 2.59832E+00 2.10255E+00 1.98722E+00 1.19520E+00 5.48602E+01 
1.55579E+00 2.33998E+00 2.45584E+00 2.93550E+00 2.93968E+00 2.94130E+00 2.94567E+00 2.45584E+00 2.33998E+00 1.55579E+00 6.50683E+01 
1.96450E+00 2.74081E+00 2.85721E+00 3.33049E+00 3.33480E+00 3.33658E+00 3.34108E+00 2.85721E+00 2.74081E+00 1.96450E+00 7.66466E+01 
2.42589E+00 3.19429E+00 3.31123E+00 3.77810E+00 3.78256E+00 3.78449E+00 3.78913E+00 3.31124E+00 3.19429E+00 2.42589E+00 8.97000E+01 
2.94475E+00 3.70520E+00 3.82269E+00 4.28313E+00 4.28774E+00 4.28984E+00 4.29461E+00 3.82270E+00 3.70520E+00 2.94475E+00 1.04329E+02 
3.52603E+00 4.27851E+00 4.39655E+00 4.85054E+00 4.85530E+00 4.85758E+00 4.86250E+00 4.39656E+00 4.27851E+00 3.52603E+00 1.20627E+02 
4.17481E+00 4.91931E+00 5.03791E+00 5.48544E+00 5.49035E+00 5.49282E+00 5.49790E+00 5.03793E+00 4.91931E+00 4.17481E+00 1.38682E+02 
4.89631E+00 5.63281E+00 5.75197E+00 6.19303E+00 6.19811E+00 6.20078E+00 6.20601E+00 5.75199E+00 5.63281E+00 4.89631E+00 1.58568E+02 
5.69574E+00 6.42423E+00 6.54397E+00 6.97856E+00 6.98379E+00 6.98668E+00 6.99208E+00 6.54399E+00 6.42423E+00 5.69574E+00 1.80353E+02 
2.41123E-02 1.03223E-01 7.50496E-02 6.13724E-01 6.16463E-01 6.16671E-01 6.19776E-01 7.50483E-02 1.03223E-01 2.41123E-02 -7.73516E-01 
2.41123E-02 1.03223E-01 9.63779E-02 6.29978E-01 6.32807E-01 6.33072E-01 6.36248E-01 9.63768E-02 1.03223E-01 2.41123E-02 -2.49111E-01 
2.41123E-02 1.24569E-02 1.24061E-01 6.52595E-01 6.55515E-01 6.55840E-01 6.59089E-01 1.24060E-01 1.24569E-02 2.41123E-02 4.04979E-01 
2.41123E-02 4.67074E-02 1.58714E-01 6.82182E-01 6.85196E-01 6.85585E-01 6.88909E-01 1.58713E-01 4.67074E-02 2.41123E-02 1.19837E+00 
2.41123E-02 8.91947E-02 2.01611E-01 7.19956E-01 7.23066E-01 7.23522E-01 7.26924E-01 2.01611E-01 8.91947E-02 2.41123E-02 2.19014E+00 
2.41123E-02 1.40876E-01 2.53711E-01 7.66877E-01 7.70086E-01 7.70615E-01 7.74097E-01 2.53711E-01 1.40876E-01 2.41123E-02 3.41743E+00 
2.41123E-02 2.02802E-01 3.16062E-01 8.24001E-01 8.27312E-01 8.27917E-01 8.31483E-01 3.16063E-01 2.02802E-01 2.41123E-02 4.92157E+00 
2.41123E-02 2.58471E-01 3.72065E-01 8.75929E-01 8.79320E-01 8.79988E-01 8.83621E-01 3.72066E-01 2.58471E-01 2.41123E-02 6.30393E+00 
2.41123E-02 2.76118E-01 3.89811E-01 8.92479E-01 8.95894E-01 8.96581E-01 9.00233E-01 3.89812E-01 2.76118E-01 2.41123E-02 6.74777E+00 
2.41123E-02 3.69378E-01 4.83544E-01 9.80483E-01 9.84014E-01 9.84794E-01 9.88543E-01 4.83545E-01 3.69378E-01 2.41123E-02 9.13429E+00 
2.41123E-02 4.79060E-01 5.93707E-01 1.08488E+00 1.08853E+00 1.08941E+00 1.09326E+00 5.93710E-01 4.79060E-01 2.41123E-02 1.20188E+01 
2.41123E-02 6.07059E-01 7.22195E-01 1.20756E+00 1.21133E+00 1.21232E+00 1.21627E+00 7.22198E-01 6.07059E-01 2.41123E-02 1.54723E+01 
2.41123E-02 7.55441E-01 8.71071E-01 1.35060E+00 1.35450E+00 1.35559E+00 1.35966E+00 8.71075E-01 7.55441E-01 2.41123E-02 1.95696E+01 
1.41265E-01 9.18291E-01 1.03442E+00 1.50814E+00 1.51216E+00 1.51338E+00 1.51755E+00 1.03442E+00 9.18291E-01 1.41265E-01 2.42112E+01 
3.35809E-01 1.10561E+00 1.22224E+00 1.69010E+00 1.69426E+00 1.69561E+00 1.69990E+00 1.22225E+00 1.10561E+00 3.35809E-01 2.95779E+01 
5.59546E-01 1.32205E+00 1.43920E+00 1.90114E+00 1.90543E+00 1.90692E+00 1.91133E+00 1.43920E+00 1.32205E+00 5.59546E-01 3.57883E+01 
8.15559E-01 1.57071E+00 1.68837E+00 2.14435E+00 2.14878E+00 2.15041E+00 2.15495E+00 1.68838E+00 1.57071E+00 8.15559E-01 4.29310E+01 
1.10714E+00 1.85487E+00 1.97306E+00 2.42303E+00 2.42761E+00 2.42939E+00 2.43407E+00 1.97307E+00 1.85487E+00 1.10714E+00 5.10952E+01 
1.43780E+00 2.17806E+00 2.29679E+00 2.74070E+00 2.74543E+00 2.74738E+00 2.75219E+00 2.29680E+00 2.17806E+00 1.43780E+00 6.03699E+01 
1.81121E+00 2.54397E+00 2.66323E+00 3.10106E+00 3.10594E+00 3.10807E+00 3.11303E+00 2.66324E+00 2.54397E+00 1.81121E+00 7.08420E+01 
2.23124E+00 2.95645E+00 3.07626E+00 3.50799E+00 3.51302E+00 3.51534E+00 3.52045E+00 3.07628E+00 2.95645E+00 2.23124E+00 8.25951E+01 
2.70190E+00 3.41954E+00 3.53990E+00 3.96549E+00 3.97069E+00 3.97320E+00 3.97847E+00 3.53991E+00 3.41954E+00 2.70190E+00 9.57077E+01 
3.22732E+00 3.93735E+00 4.05827E+00 4.47772E+00 4.48308E+00 4.48580E+00 4.49123E+00 4.05828E+00 3.93735E+00 3.22732E+00 1.10252E+02 
3.81168E+00 4.51411E+00 4.63558E+00 5.04888E+00 5.05441E+00 5.05735E+00 5.06295E+00 4.63560E+00 4.51411E+00 3.81168E+00 1.26292E+02 
4.45926E+00 5.15406E+00 5.27609E+00 5.68323E+00 5.68893E+00 5.69211E+00 5.69789E+00 5.27611E+00 5.15406E+00 4.45926E+00 1.43881E+02 
5.17427E+00 5.86144E+00 5.98403E+00 6.38502E+00 6.39089E+00 6.39432E+00 6.40028E+00 5.98405E+00 5.86144E+00 5.17427E+00 1.63065E+02 
2.25515E-02 9.97316E-02 7.84052E-02 5.78570E-01 5.81723E-01 5.81986E-01 5.85400E-01 7.84039E-02 9.97316E-02 2.25515E-02 -7.51332E-01 
2.25515E-02 9.97316E-02 9.95321E-02 5.94854E-01 5.98107E-01 5.98439E-01 6.01932E-01 9.95312E-02 9.97316E-02 2.25515E-02 -2.34657E-01 
2.25515E-02 1.21555E-02 1.26629E-01 6.17117E-01 6.20472E-01 6.20877E-01 6.24451E-01 1.26629E-01 1.21555E-02 2.25515E-02 4.06450E-01 
2.25515E-02 4.53694E-02 1.60251E-01 6.45906E-01 6.49364E-01 6.49846E-01 6.53503E-01 1.60251E-01 4.53694E-02 2.25515E-02 1.18014E+00 
2.25515E-02 8.62776E-02 2.01575E-01 6.82341E-01 6.85906E-01 6.86470E-01 6.90212E-01 2.01576E-01 8.62776E-02 2.25515E-02 2.14244E+00 
2.25515E-02 1.35742E-01 2.51463E-01 7.27288E-01 7.30962E-01 7.31613E-01 7.35445E-01 2.51463E-01 1.35742E-01 2.25515E-02 3.32721E+00 
2.25515E-02 1.94705E-01 3.10856E-01 7.81695E-01 7.85482E-01 7.86225E-01 7.90149E-01 3.10857E-01 1.94705E-01 2.25515E-02 4.77175E+00 
2.25515E-02 2.47494E-01 3.63983E-01 8.30935E-01 8.34810E-01 8.35628E-01 8.39626E-01 3.63985E-01 2.47494E-01 2.25515E-02 6.09336E+00 
2.25515E-02 2.64193E-01 3.80781E-01 8.46592E-01 8.50493E-01 8.51334E-01 8.55354E-01 3.80783E-01 2.64193E-01 2.25515E-02 6.51662E+00 
2.25515E-02 3.52198E-01 4.69265E-01 9.29611E-01 9.33640E-01 9.34593E-01 9.38720E-01 4.69268E-01 3.52198E-01 2.25515E-02 8.78478E+00 
2.25515E-02 4.55272E-01 5.72824E-01 1.02767E+00 1.03183E+00 1.03290E+00 1.03714E+00 5.72828E-01 4.55272E-01 2.25515E-02 1.15114E+01 
2.25515E-02 5.75091E-01 6.93136E-01 1.14244E+00 1.14674E+00 1.14794E+00 1.15229E+00 6.93140E-01 5.75091E-01 2.25515E-02 1.47584E+01 
2.25515E-02 7.13477E-01 8.32019E-01 1.27576E+00 1.28019E+00 1.28153E+00 1.28600E+00 8.32024E-01 7.13477E-01 2.25515E-02 1.85906E+01 
1.31921E-01 8.65355E-01 9.84396E-01 1.42260E+00 1.42717E+00 1.42865E+00 1.43325E+00 9.84402E-01 8.65355E-01 1.31921E-01 2.29013E+01 
3.12891E-01 1.03944E+00 1.15899E+00 1.59161E+00 1.59632E+00 1.59795E+00 1.60268E+00 1.15900E+00 1.03944E+00 3.12891E-01 2.78598E+01 
5.20172E-01 1.23977E+00 1.35983E+00 1.78681E+00 1.79167E+00 1.79346E+00 1.79833E+00 1.35984E+00 1.23977E+00 5.20172E-01 3.35710E+01 
7.56420E-01 1.46900E+00 1.58958E+00 2.01087E+00 2.01589E+00 2.01786E+00 2.02286E+00 1.58959E+00 1.46900E+00 7.56420E-01 4.01089E+01 
1.02446E+00 1.72997E+00 1.85108E+00 2.26664E+00 2.27182E+00 2.27397E+00 2.27912E+00 1.85109E+00 1.72997E+00 1.02446E+00 4.75470E+01 
1.32727E+00 2.02567E+00 2.14731E+00 2.55711E+00 2.56245E+00 2.56479E+00 2.57010E+00 2.14733E+00 2.02567E+00 1.32727E+00 5.59575E+01 
1.66798E+00 2.35922E+00 2.48140E+00 2.88540E+00 2.89090E+00 2.89346E+00 2.89892E+00 2.48141E+00 2.35922E+00 1.66798E+00 6.54100E+01 
2.04981E+00 2.73386E+00 2.85658E+00 3.25477E+00 3.26044E+00 3.26321E+00 3.26885E+00 2.85660E+00 2.73386E+00 2.04981E+00 7.59699E+01 
2.47611E+00 3.15294E+00 3.27621E+00 3.66856E+00 3.67441E+00 3.67741E+00 3.68322E+00 3.27623E+00 3.15294E+00 2.47611E+00 8.76971E+01 
2.95028E+00 3.61987E+00 3.74369E+00 4.13019E+00 4.13622E+00 4.13947E+00 4.14546E+00 3.74371E+00 3.61987E+00 2.95028E+00 1.00645E+02 
3.47576E+00 4.13809E+00 4.26247E+00 4.64312E+00 4.64932E+00 4.65283E+00 4.65902E+00 4.26249E+00 4.13809E+00 3.47576E+00 1.14860E+02 
4.05599E+00 4.71105E+00 4.83598E+00 5.21077E+00 5.21716E+00 5.22095E+00 5.22733E+00 4.83600E+00 4.71105E+00 4.05599E+00 1.30378E+02 
4.69435E+00 5.34213E+00 5.46762E+00 5.83655E+00 5.84313E+00 5.84721E+00 5.85379E+00 5.46764E+00 5.34213E+00 4.69435E+00 1.47225E+02 
2.10703E-02 9.63223E-02 8.18437E-02 5.45236E-01 5.48862E-01 5.49200E-01 5.52954E-01 8.18425E-02 9.63223E-02 2.10703E-02 -7.28560E-01 
2.10703E-02 9.63223E-02 1.02760E-01 5.61531E-01 5.65267E-01 5.65689E-01 5.69530E-01 1.02759E-01 9.63223E-02 2.10703E-02 -2.18862E-01 
2.10703E-02 1.18570E-02 1.29273E-01 5.83432E-01 5.87280E-01 5.87790E-01 5.91720E-01 1.29273E-01 1.18570E-02 2.10703E-02 4.10009E-01 
2.10703E-02 4.40538E-02 1.61883E-01 6.11429E-01 6.15392E-01 6.15995E-01 6.20017E-01 1.61883E-01 4.40538E-02 2.10703E-02 1.16479E+00 
2.10703E-02 8.34249E-02 2.01674E-01 6.46556E-01 6.50636E-01 6.51338E-01 6.55455E-01 2.01675E-01 8.34249E-02 2.10703E-02 2.09858E+00 
2.10703E-02 1.30744E-01 2.49420E-01 6.89589E-01 6.93789E-01 6.94596E-01 6.98812E-01 2.49421E-01 1.30744E-01 2.10703E-02 3.24206E+00 
2.10703E-02 1.86854E-01 3.05965E-01 7.41377E-01 7.45701E-01 7.46618E-01 7.50936E-01 3.05967E-01 1.86854E-01 2.10703E-02 4.62879E+00 
2.10703E-02 2.36882E-01 3.56332E-01 7.88036E-01 7.92458E-01 7.93466E-01 7.97866E-01 3.56335E-01 2.36882E-01 2.10703E-02 5.89153E+00 
2.10703E-02 2.52672E-01 3.72223E-01 8.02838E-01 8.07289E-01 8.08324E-01 8.12748E-01 3.72226E-01 2.52672E-01 2.10703E-02 6.29488E+00 
2.10703E-02 3.35662E-01 4.55694E-01 8.81098E-01 8.85689E-01 8.86858E-01 8.91401E-01 4.55698E-01 3.35662E-01 2.10703E-02 8.44878E+00 
2.10703E-02 4.32451E-01 5.52971E-01 9.73127E-01 9.77862E-01 9.79173E-01 9.83839E-01 5.52975E-01 4.32451E-01 2.10703E-02 1.10236E+01 
2.10703E-02 5.44518E-01 6.65533E-01 1.08041E+00 1.08529E+00 1.08675E+00 1.09155E+00 6.65538E-01 5.44518E-01 2.10703E-02 1.40730E+01 
2.10703E-02 6.73463E-01 7.94977E-01 1.20455E+00 1.20958E+00 1.21120E+00 1.21613E+00 7.94984E-01 6.73463E-01 2.10703E-02 1.76525E+01 
1.23067E-01 8.14956E-01 9.36970E-01 1.34126E+00 1.34645E+00 1.34824E+00 1.35330E+00 9.36977E-01 8.14956E-01 1.23067E-01 2.16501E+01 
2.91228E-01 9.76556E-01 1.09908E+00 1.49804E+00 1.50339E+00 1.50536E+00 1.51057E+00 1.09908E+00 9.76556E-01 2.91228E-01 2.62244E+01 
4.83042E-01 1.16174E+00 1.28478E+00 1.67837E+00 1.68388E+00 1.68604E+00 1.69140E+00 1.28478E+00 1.16174E+00 4.83042E-01 3.14679E+01 
7.00788E-01 1.37280E+00 1.49635E+00 1.88453E+00 1.89020E+00 1.89257E+00 1.89809E+00 1.49636E+00 1.37280E+00 7.00788E-01 3.74414E+01 
9.46870E-01 1.61215E+00 1.73622E+00 2.11895E+00 2.12479E+00 2.12738E+00 2.13306E+00 1.73624E+00 1.61215E+00 9.46870E-01 4.42050E+01 
1.22381E+00 1.88230E+00 2.00691E+00 2.38415E+00 2.39016E+00 2.39298E+00 2.39883E+00 2.00693E+00 1.88230E+00 1.22381E+00 5.18164E+01 
1.53423E+00 2.18590E+00 2.31104E+00 2.68276E+00 2.68895E+00 2.69202E+00 2.69805E+00 2.31106E+00 2.18590E+00 1.53423E+00 6.03302E+01 
1.88082E+00 2.52563E+00 2.65131E+00 3.01749E+00 3.02387E+00 3.02719E+00 3.03341E+00 2.65133E+00 2.52563E+00 1.88082E+00 6.97964E+01 
2.26633E+00 2.90427E+00 3.03049E+00 3.39112E+00 3.39768E+00 3.40128E+00 3.40769E+00 3.03051E+00 2.90427E+00 2.26633E+00 8.02597E+01 
2.69356E+00 3.32459E+00 3.45135E+00 3.80642E+00 3.81318E+00 3.81706E+00 3.82368E+00 3.45138E+00 3.32459E+00 2.69356E+00 9.17581E+01 
3.16527E+00 3.78939E+00 3.91669E+00 4.26619E+00 4.27314E+00 4.27733E+00 4.28416E+00 3.91672E+00 3.78939E+00 3.16527E+00 1.04322E+02 
3.68422E+00 4.30141E+00 4.42926E+00 4.77319E+00 4.78034E+00 4.78485E+00 4.79189E+00 4.42928E+00 4.30141E+00 3.68422E+00 1.17974E+02 
4.25307E+00 4.86332E+00 4.99171E+00 5.33008E+00 5.33743E+00 5.34228E+00 5.34955E+00 4.99174E+00 4.86332E+00 4.25307E+00 1.32727E+02 
1.96654E-02 9.29891E-02 8.53683E-02 5.13630E-01 5.17793E-01 5.18232E-01 5.22359E-01 8.53672E-02 9.29891E-02 1.96654E-02 -7.04833E-01 
1.96654E-02 9.29891E-02 1.06062E-01 5.29913E-01 5.34198E-01 5.34738E-01 5.38961E-01 1.06061E-01 9.29891E-02 1.96654E-02 -2.01400E-01 
1.96654E-02 1.15608E-02 1.31992E-01 5.51442E-01 5.55850E-01 5.56497E-01 5.60818E-01 1.31992E-01 1.15608E-02 1.96654E-02 4.15930E-01 
1.96654E-02 4.27580E-02 1.63604E-01 5.78655E-01 5.83189E-01 5.83948E-01 5.88371E-01 1.63605E-01 4.27580E-02 1.96654E-02 1.15253E+00 
1.96654E-02 8.06317E-02 2.01901E-01 6.12501E-01 6.17164E-01 6.18042E-01 6.22570E-01 2.01902E-01 8.06317E-02 1.96654E-02 2.05868E+00 
1.96654E-02 1.25874E-01 2.47573E-01 6.53678E-01 6.58473E-01 6.59477E-01 6.64114E-01 2.47575E-01 1.25874E-01 1.96654E-02 3.16205E+00 
1.96654E-02 1.79238E-01 3.01373E-01 7.02942E-01 7.07872E-01 7.09009E-01 7.13760E-01 3.01376E-01 1.79238E-01 1.96654E-02 4.49261E+00 
1.96654E-02 2.26617E-01 3.49094E-01 7.47126E-01 7.52163E-01 7.53408E-01 7.58250E-01 3.49097E-01 2.26617E-01 1.96654E-02 5.69829E+00 
1.96654E-02 2.41539E-01 3.64116E-01 7.61110E-01 7.66179E-01 7.67457E-01 7.72326E-01 3.64119E-01 2.41539E-01 1.96654E-02 6.08237E+00 
1.96654E-02 3.19741E-01 4.42800E-01 8.34826E-01 8.40048E-01 8.41486E-01 8.46487E-01 4.42805E-01 3.19741E-01 1.96654E-02 8.12591E+00 
1.96654E-02 4.10554E-01 5.34102E-01 9.21126E-01 9.26505E-01 9.28112E-01 9.33249E-01 5.34108E-01 4.10554E-01 1.96654E-02 1.05547E+01 
1.96654E-02 5.15279E-01 6.39321E-01 1.02131E+00 1.02685E+00 1.02864E+00 1.03392E+00 6.39327E-01 5.15279E-01 1.96654E-02 1.34149E+01 
1.96654E-02 6.35312E-01 7.59852E-01 1.13679E+00 1.14249E+00 1.14447E+00 1.14990E+00 7.59860E-01 6.35312E-01 1.96654E-02 1.67538E+01 
1.14683E-01 7.66980E-01 8.92018E-01 1.26393E+00 1.26979E+00 1.27197E+00 1.27755E+00 8.92027E-01 7.66980E-01 1.14683E-01 2.04555E+01 
2.70763E-01 9.16807E-01 1.04235E+00 1.40919E+00 1.41523E+00 1.41762E+00 1.42336E+00 1.04236E+00 9.16807E-01 2.70763E-01 2.46684E+01 
4.48050E-01 1.08778E+00 1.21383E+00 1.57555E+00 1.58176E+00 1.58439E+00 1.59029E+00 1.21384E+00 1.08778E+00 4.48050E-01 2.94738E+01 
6.48486E-01 1.28184E+00 1.40841E+00 1.76497E+00 1.77136E+00 1.77423E+00 1.78031E+00 1.40842E+00 1.28184E+00 6.48486E-01 3.49213E+01 
8.74106E-01 1.50104E+00 1.62812E+00 1.97950E+00 1.98607E+00 1.98919E+00 1.99546E+00 1.62814E+00 1.50104E+00 8.74106E-01 4.10590E+01 
1.12703E+00 1.74749E+00 1.87510E+00 2.22125E+00 2.22802E+00 2.23141E+00 2.23787E+00 1.87512E+00 1.74749E+00 1.12703E+00 4.79323E+01 
1.40943E+00 2.02339E+00 2.15152E+00 2.49243E+00 2.49939E+00 2.50307E+00 2.50972E+00 2.15154E+00 2.02339E+00 1.40943E+00 5.55830E+01 
1.72353E+00 2.33096E+00 2.45962E+00 2.79526E+00 2.80242E+00 2.80640E+00 2.81327E+00 2.45964E+00 2.33096E+00 1.72353E+00 6.40483E+01 
2.07159E+00 2.67246E+00 2.80165E+00 3.13202E+00 3.13937E+00 3.14367E+00 3.15075E+00 2.80167E+00 2.67246E+00 2.07159E+00 7.33600E+01 
2.45585E+00 3.05014E+00 3.17986E+00 3.50494E+00 3.51250E+00 3.51714E+00 3.52445E+00 3.17989E+00 3.05014E+00 2.45585E+00 8.35437E+01 
2.87853E+00 3.46622E+00 3.59648E+00 3.91627E+00 3.92404E+00 3.92903E+00 3.93658E+00 3.59650E+00 3.46622E+00 2.87853E+00 9.46178E+01 
3.34179E+00 3.92288E+00 4.05366E+00 4.36817E+00 4.37615E+00 4.38152E+00 4.38930E+00 4.05369E+00 3.92288E+00 3.34179E+00 1.06593E+02 
3.84769E+00 4.42216E+00 4.55347E+00 4.86270E+00 4.87090E+00 4.87666E+00 4.88470E+00 4.55351E+00 4.42216E+00 3.84769E+00 1.19473E+02 
1.83335E-02 8.97271E-02 8.89816E-02 4.83663E-01 4.88436E-01 4.89008E-01 4.93543E-01 8.89804E-02 8.97271E-02 1.83335E-02 -6.79723E-01 
1.83335E-02 8.97271E-02 1.09438E-01 4.99913E-01 5.04819E-01 5.05514E-01 5.10155E-01 1.09438E-01 8.97271E-02 1.83335E-02 -1.81887E-01 
1.83335E-02 1.12662E-02 1.34782E-01 5.21058E-01 5.26100E-01 5.26923E-01 5.31674E-01 1.34783E-01 1.12662E-02 1.83335E-02 4.24534E-01 
1.83335E-02 4.14795E-02 1.65413E-01 5.47493E-01 5.52672E-01 5.53630E-01 5.58493E-01 1.65414E-01 4.14795E-02 1.83335E-02 1.14361E+00 
1.83335E-02 7.78936E-02 2.02251E-01 5.80087E-01 5.85407E-01 5.86508E-01 5.91488E-01 2.02252E-01 7.78936E-02 1.83335E-02 2.02292E+00 
1.83335E-02 1.21126E-01 2.45913E-01 6.19464E-01 6.24928E-01 6.26180E-01 6.31281E-01 2.45915E-01 1.21126E-01 1.83335E-02 3.08723E+00 
1.83335E-02 1.71846E-01 2.97069E-01 6.66295E-01 6.71907E-01 6.73318E-01 6.78545E-01 2.97072E-01 1.71846E-01 1.83335E-02 4.36319E+00 
1.83335E-02 2.16685E-01 3.42249E-01 7.08105E-01 7.13833E-01 7.15374E-01 7.20702E-01 3.42253E-01 2.16685E-01 1.83335E-02 5.51351E+00 
1.83335E-02 2.30775E-01 3.56439E-01 7.21307E-01 7.27069E-01 7.28649E-01 7.34006E-01 3.56444E-01 2.30775E-01 1.83335E-02 5.87893E+00 
1.83335E-02 3.04409E-01 4.30554E-01 7.90687E-01 7.96616E-01 7.98387E-01 8.03891E-01 4.30560E-01 3.04409E-01 1.83335E-02 7.81587E+00 
1.83335E-02 3.89543E-01 5.16174E-01 8.71542E-01 8.77641E-01 8.79615E-01 8.85270E-01 5.16181E-01 3.89543E-01 1.83335E-02 1.01042E+01 
1.83335E-02 4.87314E-01 6.14437E-01 9.65013E-01 9.71286E-01 9.73473E-01 9.79286E-01 6.14445E-01 4.87314E-01 1.83335E-02 1.27834E+01 
1.83335E-02 5.98939E-01 7.26555E-01 1.07232E+00 1.07877E+00 1.08118E+00 1.08716E+00 7.26565E-01 5.98939E-01 1.83335E-02 1.58932E+01 
1.06748E-01 7.21318E-01 8.49427E-01 1.19040E+00 1.19703E+00 1.19969E+00 1.20583E+00 8.49438E-01 7.21318E-01 1.06748E-01 1.93153E+01 
2.51441E-01 8.60051E-01 9.88657E-01 1.32481E+00 1.33162E+00 1.33453E+00 1.34086E+00 9.88669E-01 8.60051E-01 2.51441E-01 2.31886E+01 
4.15094E-01 1.01768E+00 1.14679E+00 1.47808E+00 1.48508E+00 1.48826E+00 1.49477E+00 1.14681E+00 1.01768E+00 4.15094E-01 2.75841E+01 
5.99349E-01 1.19586E+00 1.32548E+00 1.65186E+00 1.65906E+00 1.66252E+00 1.66922E+00 1.32550E+00 1.19586E+00 5.99349E-01 3.25417E+01 
8.05916E-01 1.39631E+00 1.52643E+00 1.84788E+00 1.85527E+00 1.85904E+00 1.86595E+00 1.52645E+00 1.39631E+00 8.05916E-01 3.80993E+01 
1.03655E+00 1.62078E+00 1.75142E+00 2.06791E+00 2.07550E+00 2.07958E+00 2.08671E+00 1.75144E+00 1.62078E+00 1.03655E+00 4.42917E+01 
1.29306E+00 1.87109E+00 2.00224E+00 2.31375E+00 2.32155E+00 2.32596E+00 2.33331E+00 2.00227E+00 1.87109E+00 1.29306E+00 5.11499E+01 
1.57725E+00 2.14906E+00 2.28072E+00 2.58723E+00 2.59524E+00 2.60001E+00 2.60759E+00 2.28075E+00 2.14906E+00 1.57725E+00 5.87005E+01 
1.89095E+00 2.45649E+00 2.58867E+00 2.89018E+00 2.89840E+00 2.90355E+00 2.91136E+00 2.58870E+00 2.45649E+00 1.89095E+00 6.69648E+01 
2.23593E+00 2.79521E+00 2.92790E+00 3.22439E+00 3.23283E+00 3.23837E+00 3.24644E+00 2.92793E+00 2.79521E+00 2.23593E+00 7.59583E+01 
2.61395E+00 3.16694E+00 3.30014E+00 3.59162E+00 3.60028E+00 3.60624E+00 3.61457E+00 3.30018E+00 3.16694E+00 2.61395E+00 8.56898E+01 
3.02667E+00 3.57336E+00 3.70707E+00 3.99354E+00 4.00242E+00 4.00882E+00 4.01742E+00 3.70711E+00 3.57336E+00 3.02667E+00 9.61616E+01 
3.47565E+00 4.01603E+00 4.15025E+00 4.43172E+00 4.44083E+00 4.44768E+00 4.45657E+00 4.15029E+00 4.01603E+00 3.47565E+00 1.07368E+02 
1.70716E-02 8.65318E-02 9.26847E-02 4.55256E-01 4.60718E-01 4.61465E-01 4.66446E-01 9.26836E-02 8.65318E-02 1.70716E-02 -6.52738E-01 
1.70716E-02 8.65318E-02 1.12889E-01 4.71449E-01 4.77056E-01 4.77951E-01 4.83050E-01 1.12888E-01 8.65318E-02 1.70716E-02 -1.59885E-01 
1.70716E-02 1.09724E-02 1.37643E-01 4.92200E-01 4.97956E-01 4.99005E-01 5.04225E-01 1.37643E-01 1.09724E-02 1.70716E-02 4.36194E-01 
1.70716E-02 4.02164E-02 1.67303E-01 5.17861E-01 5.23766E-01 5.24977E-01 5.30322E-01 1.67304E-01 4.02164E-02 1.70716E-02 1.13833E+00 
1.70716E-02 7.52069E-02 2.02716E-01 5.49231E-01 5.55288E-01 5.56671E-01 5.62146E-01 2.02718E-01 7.52069E-02 1.70716E-02 1.99149E+00 
1.70716E-02 1.16492E-01 2.44429E-01 5.86861E-01 5.93075E-01 5.94639E-01 6.00248E-01 2.44433E-01 1.16492E-01 1.70716E-02 3.01774E+00 
1.70716E-02 1.64667E-01 2.93037E-01 6.31350E-01 6.37724E-01 6.39479E-01 6.45228E-01 2.93041E-01 1.64667E-01 1.70716E-02 4.24053E+00 
1.70716E-02 2.07071E-01 3.35779E-01 6.70884E-01 6.77384E-01 6.79293E-01 6.85154E-01 3.35785E-01 2.07071E-01 1.70716E-02 5.33711E+00 
1.70716E-02 2.20366E-01 3.49174E-01 6.83337E-01 6.89874E-01 6.91829E-01 6.97723E-01 3.49179E-01 2.20366E-01 1.70716E-02 5.68444E+00 
1.70716E-02 2.89641E-01 4.18925E-01 7.48582E-01 7.55299E-01 7.57482E-01 7.63539E-01 4.18932E-01 2.89641E-01 1.70716E-02 7.51837E+00 
1.70716E-02 3.69380E-01 4.99144E-01 8.24266E-01 8.31167E-01 8.33591E-01 8.39817E-01 4.99153E-01 3.69380E-01 1.70716E-02 9.67172E+00 
1.70716E-02 4.60570E-01 5.90819E-01 9.11382E-01 9.18470E-01 9.21149E-01 9.27550E-01 5.90829E-01 4.60570E-01 1.70716E-02 1.21777E+01 
1.70716E-02 5.64264E-01 6.95000E-01 1.01099E+00 1.01826E+00 1.02121E+00 1.02779E+00 6.95012E-01 5.64264E-01 1.70716E-02 1.50693E+01 
9.92426E-02 6.77866E-01 8.09085E-01 1.12052E+00 1.12799E+00 1.13122E+00 1.13800E+00 8.09099E-01 6.77866E-01 9.92426E-02 1.82275E+01 
2.33210E-01 8.06153E-01 9.37859E-01 1.24471E+00 1.25238E+00 1.25591E+00 1.26288E+00 9.37874E-01 8.06153E-01 2.33210E-01 2.17817E+01 
3.84077E-01 9.51281E-01 1.08348E+00 1.38571E+00 1.39358E+00 1.39742E+00 1.40460E+00 1.08349E+00 9.51281E-01 3.84077E-01 2.57942E+01 
5.53220E-01 1.11463E+00 1.24732E+00 1.54490E+00 1.55297E+00 1.55716E+00 1.56455E+00 1.24734E+00 1.11463E+00 5.53220E-01 3.02961E+01 
7.42060E-01 1.29764E+00 1.43082E+00 1.72371E+00 1.73200E+00 1.73654E+00 1.74416E+00 1.43084E+00 1.29764E+00 7.42060E-01 3.53167E+01 
9.52051E-01 1.50175E+00 1.63543E+00 1.92362E+00 1.93212E+00 1.93703E+00 1.94489E+00 1.63546E+00 1.50175E+00 9.52051E-01 4.08817E+01 
1.18465E+00 1.72845E+00 1.86262E+00 2.14609E+00 2.15481E+00 2.16011E+00 2.16822E+00 1.86265E+00 1.72845E+00 1.18465E+00 4.70134E+01 
1.44134E+00 1.97919E+00 2.11386E+00 2.39259E+00 2.40153E+00 2.40725E+00 2.41562E+00 2.11389E+00 1.97919E+00 1.44134E+00 5.37295E+01 
1.72354E+00 2.25543E+00 2.39059E+00 2.66458E+00 2.67375E+00 2.67991E+00 2.68854E+00 2.39063E+00 2.25543E+00 1.72354E+00 6.10428E+01 
2.03267E+00 2.55858E+00 2.69423E+00 2.96348E+00 2.97287E+00 2.97949E+00 2.98840E+00 2.69427E+00 2.55858E+00 2.03267E+00 6.89608E+01 
2.37006E+00 2.88997E+00 3.02611E+00 3.29062E+00 3.30025E+00 3.30735E+00 3.31655E+00 3.02616E+00 2.88997E+00 2.37006E+00 7.74850E+01 
2.73698E+00 3.25088E+00 3.38750E+00 3.64728E+00 3.65714E+00 3.66474E+00 3.67425E+00 3.38755E+00 3.25088E+00 2.73698E+00 8.66110E+01 
3.13456E+00 3.64245E+00 3.77955E+00 4.03460E+00 4.04470E+00 4.05283E+00 4.06266E+00 3.77959E+00 3.64245E+00 3.13456E+00 9.63281E+01 
1.58768E-02 8.33991E-02 9.64780E-02 4.28333E-01 4.34571E-01 4.35545E-01 4.41014E-01 9.64768E-02 8.33991E-02 1.58768E-02 -6.23303E-01 
1.58768E-02 8.33991E-02 1.16411E-01 4.44444E-01 4.50840E-01 4.51993E-01 4.57592E-01 1.16411E-01 8.33991E-02 1.58768E-02 -1.34884E-01 
1.58768E-02 1.06791E-02 1.40569E-01 4.64790E-01 4.71346E-01 4.72685E-01 4.78418E-01 1.40570E-01 1.06791E-02 1.58768E-02 4.51344E-01 
1.58768E-02 3.89668E-02 1.69270E-01 4.89683E-01 4.96401E-01 4.97934E-01 5.03806E-01 1.69271E-01 3.89668E-02 1.58768E-02 1.13704E+00 
1.58768E-02 7.25681E-02 2.03289E-01 5.19854E-01 5.26736E-01 5.28475E-01 5.34491E-01 2.03292E-01 7.25681E-02 1.58768E-02 1.96467E+00 
1.58768E-02 1.11968E-01 2.43112E-01 5.55792E-01 5.62843E-01 5.64798E-01 5.70964E-01 2.43116E-01 1.11968E-01 1.58768E-02 2.95371E+00 
1.58768E-02 1.57691E-01 2.89262E-01 5.98024E-01 6.05248E-01 6.07431E-01 6.13752E-01 2.89268E-01 1.57691E-01 1.58768E-02 4.12469E+00 
1.58768E-02 1.97762E-01 3.29665E-01 6.35376E-01 6.42735E-01 6.45102E-01 6.51548E-01 3.29672E-01 1.97762E-01 1.58768E-02 5.16903E+00 
1.58768E-02 2.10296E-01 3.42297E-01 6.47113E-01 6.54512E-01 6.56934E-01 6.63417E-01 3.42304E-01 2.10296E-01 1.58768E-02 5.49882E+00 
1.58768E-02 2.75414E-01 4.07884E-01 7.08415E-01 7.16007E-01 7.18701E-01 7.25365E-01 4.07892E-01 2.75414E-01 1.58768E-02 7.23315E+00 
1.58768E-02 3.50028E-01 4.82968E-01 7.79191E-01 7.86980E-01 7.89960E-01 7.96812E-01 4.82979E-01 3.50028E-01 1.58768E-02 9.25664E+00 
1.58768E-02 4.34992E-01 5.68406E-01 8.60299E-01 8.68289E-01 8.71570E-01 8.78618E-01 5.68419E-01 4.34992E-01 1.58768E-02 1.15969E+01 
1.58768E-02 5.31210E-01 6.65099E-01 9.52646E-01 9.60839E-01 9.64439E-01 9.71690E-01 6.65114E-01 5.31210E-01 1.58768E-02 1.42811E+01 
9.21478E-02 6.36524E-01 7.70882E-01 1.05411E+00 1.06251E+00 1.06644E+00 1.07391E+00 7.70899E-01 6.36524E-01 9.21478E-02 1.71901E+01 
2.16020E-01 7.54981E-01 8.89810E-01 1.16869E+00 1.17730E+00 1.18159E+00 1.18927E+00 8.89829E-01 7.54981E-01 2.16020E-01 2.04450E+01 
3.54903E-01 8.88393E-01 1.02370E+00 1.29820E+00 1.30702E+00 1.31168E+00 1.31960E+00 1.02372E+00 8.88393E-01 3.54903E-01 2.40996E+01 
5.09942E-01 1.03791E+00 1.17369E+00 1.44378E+00 1.45282E+00 1.45788E+00 1.46603E+00 1.17371E+00 1.03791E+00 5.09942E-01 2.81781E+01 
6.82307E-01 1.20471E+00 1.34097E+00 1.60662E+00 1.61589E+00 1.62135E+00 1.62977E+00 1.34099E+00 1.20471E+00 6.82307E-01 3.27020E+01 
8.73179E-01 1.38998E+00 1.52671E+00 1.78791E+00 1.79740E+00 1.80331E+00 1.81199E+00 1.52674E+00 1.38998E+00 8.73179E-01 3.76899E+01 
1.08374E+00 1.59490E+00 1.73210E+00 1.98884E+00 1.99856E+00 2.00493E+00 2.01388E+00 1.73214E+00 1.59490E+00 1.08374E+00 4.31565E+01 
1.31514E+00 1.82065E+00 1.95832E+00 2.21058E+00 2.22053E+00 2.22738E+00 2.23663E+00 1.95835E+00 1.82065E+00 1.31514E+00 4.91125E+01 
1.56852E+00 2.06834E+00 2.20647E+00 2.45426E+00 2.46445E+00 2.47181E+00 2.48135E+00 2.20652E+00 2.06834E+00 1.56852E+00 5.55638E+01 
1.84496E+00 2.33907E+00 2.47766E+00 2.72098E+00 2.73140E+00 2.73930E+00 2.74915E+00 2.47771E+00 2.33907E+00 1.84496E+00 6.25118E+01 
2.14545E+00 2.63384E+00 2.77289E+00 3.01173E+00 3.02240E+00 3.03085E+00 3.04103E+00 2.77294E+00 2.63384E+00 2.14545E+00 6.99525E+01 
2.47091E+00 2.95357E+00 3.09307E+00 3.32745E+00 3.33836E+00 3.34740E+00 3.35792E+00 3.09312E+00 2.95357E+00 2.47091E+00 7.78767E+01 
2.82215E+00 3.29908E+00 3.43901E+00 3.66894E+00 3.68011E+00 3.68976E+00 3.70063E+00 3.43906E+00 3.29908E+00 2.82215E+00 8.62699E+01 
1.47462E-02 8.03259E-02 1.00359E-01 4.02826E-01 4.09934E-01 4.11204E-01 4.17204E-01 1.00358E-01 8.03259E-02 1.47462E-02 -5.90760E-01 
1.47462E-02 8.03259E-02 1.20001E-01 4.18832E-01 4.26111E-01 4.27594E-01 4.33739E-01 1.20001E-01 8.03259E-02 1.47462E-02 -1.06301E-01 
1.47462E-02 1.03858E-02 1.43556E-01 4.38762E-01 4.46213E-01 4.47920E-01 4.54214E-01 1.43558E-01 1.03858E-02 1.47462E-02 4.70479E-01 
1.47462E-02 3.77295E-02 1.71306E-01 4.62892E-01 4.70516E-01 4.72456E-01 4.78904E-01 1.71308E-01 3.77295E-02 1.47462E-02 1.14013E+00 
1.47462E-02 6.99745E-02 2.03961E-01 4.91890E-01 4.99691E-01 5.01877E-01 5.08486E-01 2.03965E-01 6.99745E-02 1.47462E-02 1.94274E+00 
1.47462E-02 1.07549E-01 2.41949E-01 5.26187E-01 5.34169E-01 5.36613E-01 5.43389E-01 2.41954E-01 1.07549E-01 1.47462E-02 2.89536E+00 
1.47462E-02 1.50912E-01 2.85729E-01 5.66247E-01 5.74413E-01 5.77129E-01 5.84078E-01 2.85736E-01 1.50912E-01 1.47462E-02 4.01574E+00 
1.47462E-02 1.88745E-01 3.23887E-01 6.01509E-01 6.09820E-01 6.12755E-01 6.19842E-01 3.23895E-01 1.88745E-01 1.47462E-02 5.00927E+00 
1.47462E-02 2.00552E-01 3.35789E-01 6.12561E-01 6.20914E-01 6.23915E-01 6.31044E-01 3.35798E-01 2.00552E-01 1.47462E-02 5.32204E+00 
1.47462E-02 2.61707E-01 3.97399E-01 6.70107E-01 6.78666E-01 6.81990E-01 6.89321E-01 3.97410E-01 2.61707E-01 1.47462E-02 6.96003E+00 
1.47462E-02 3.31455E-01 4.67604E-01 7.36226E-01 7.44994E-01 7.48658E-01 7.56199E-01 4.67617E-01 3.31455E-01 1.47462E-02 8.85860E+00 
1.47462E-02 4.10532E-01 5.47138E-01 8.11657E-01 8.20638E-01 8.24659E-01 8.32419E-01 5.47153E-01 4.10532E-01 1.47462E-02 1.10404E+01 
1.47462E-02 4.99707E-01 6.36770E-01 8.97173E-01 9.06370E-01 9.10766E-01 9.18754E-01 6.36788E-01 4.99707E-01 1.47462E-02 1.35272E+01 
8.54463E-02 5.97198E-01 7.34712E-01 9.91028E-01 1.00044E+00 1.00523E+00 1.01346E+00 7.34733E-01 5.97198E-01 8.54463E-02 1.62014E+01 
1.99824E-01 7.06412E-01 8.44377E-01 1.09658E+00 1.10622E+00 1.11142E+00 1.11989E+00 8.44400E-01 7.06412E-01 1.99824E-01 1.91754E+01 
3.27486E-01 8.28858E-01 9.67273E-01 1.21534E+00 1.22520E+00 1.23084E+00 1.23957E+00 9.67299E-01 8.28858E-01 3.27486E-01 2.24962E+01 
4.69374E-01 9.65482E-01 1.10435E+00 1.34824E+00 1.35833E+00 1.36444E+00 1.37344E+00 1.10438E+00 9.65482E-01 4.69374E-01 2.61817E+01 
6.26439E-01 1.11724E+00 1.25656E+00 1.49626E+00 1.50659E+00 1.51318E+00 1.52247E+00 1.25659E+00 1.11724E+00 6.26439E-01 3.02471E+01 
7.99631E-01 1.28509E+00 1.42485E+00 1.66036E+00 1.67092E+00 1.67802E+00 1.68760E+00 1.42489E+00 1.28509E+00 7.99631E-01 3.47048E+01 
9.89880E-01 1.46996E+00 1.61016E+00 1.84146E+00 1.85226E+00 1.85990E+00 1.86979E+00 1.61020E+00 1.46996E+00 9.89880E-01 3.95636E+01 
1.19809E+00 1.67277E+00 1.81341E+00 2.04049E+00 2.05154E+00 2.05974E+00 2.06995E+00 1.81345E+00 1.67277E+00 1.19809E+00 4.48284E+01 
1.42513E+00 1.89438E+00 2.03545E+00 2.25832E+00 2.26961E+00 2.27840E+00 2.28895E+00 2.03550E+00 1.89438E+00 1.42513E+00 5.05001E+01 
1.67179E+00 2.13560E+00 2.27709E+00 2.49575E+00 2.50729E+00 2.51670E+00 2.52760E+00 2.27714E+00 2.13560E+00 1.67179E+00 5.65752E+01 
1.93880E+00 2.39716E+00 2.53906E+00 2.75353E+00 2.76531E+00 2.77537E+00 2.78664E+00 2.53912E+00 2.39716E+00 1.93880E+00 6.30458E+01 
2.22681E+00 2.67970E+00 2.82201E+00 3.03228E+00 3.04432E+00 3.05506E+00 3.06671E+00 2.82207E+00 2.67970E+00 2.22681E+00 6.98994E+01 
2.53634E+00 2.98376E+00 3.12645E+00 3.33256E+00 3.34486E+00 3.35630E+00 3.36835E+00 3.12652E+00 2.98376E+00 2.53634E+00 7.71191E+01 
1.36772E-02 7.73093E-02 1.04325E-01 3.78675E-01 3.86754E-01 3.88406E-01 3.94984E-01 1.04323E-01 7.73093E-02 1.36772E-02 -5.54353E-01 
1.36772E-02 7.73093E-02 1.23654E-01 3.94552E-01 4.02813E-01 4.04721E-01 4.11461E-01 1.23654E-01 7.73093E-02 1.36772E-02 -7.34705E-02 
1.36772E-02 1.00923E-02 1.46597E-01 4.14055E-01 4.22499E-01 4.24675E-01 4.31581E-01 1.46599E-01 1.00923E-02 1.36772E-02 4.94164E-01 
1.36772E-02 3.65033E-02 1.73403E-01 4.37426E-01 4.46056E-01 4.48511E-01 4.55590E-01 1.73406E-01 3.65033E-02 1.36772E-02 1.14808E+00 
1.36772E-02 6.74238E-02 2.04721E-01 4.65277E-01 4.74095E-01 4.76843E-01 4.84101E-01 2.04726E-01 6.74238E-02 1.36772E-02 1.92607E+00 
1.36772E-02 1.03229E-01 2.40926E-01 4.97985E-01 5.06995E-01 5.10051E-01 5.17496E-01 2.40933E-01 1.03229E-01 1.36772E-02 2.84291E+00 
1.36772E-02 1.44320E-01 2.82420E-01 5.35955E-01 5.45160E-01 5.48539E-01 5.56177E-01 2.82429E-01 1.44320E-01 1.36772E-02 3.91380E+00 
1.36772E-02 1.80010E-01 3.18422E-01 5.69215E-01 5.78573E-01 5.82213E-01 5.90006E-01 3.18433E-01 1.80010E-01 1.36772E-02 4.85785E+00 
1.36772E-02 1.91121E-01 3.29625E-01 5.79613E-01 5.89016E-01 5.92735E-01 6.00574E-01 3.29636E-01 1.91121E-01 1.36772E-02 5.15408E+00 
1.36772E-02 2.48498E-01 3.87438E-01 6.33581E-01 6.43202E-01 6.47303E-01 6.55368E-01 3.87452E-01 2.48498E-01 1.36772E-02 6.69883E+00 
1.36772E-02 3.13629E-01 4.53006E-01 6.95285E-01 7.05126E-01 7.09630E-01 7.17931E-01 4.53022E-01 3.13629E-01 1.36772E-02 8.47720E+00 
1.36772E-02 3.87140E-01 5.26952E-01 7.65354E-01 7.75419E-01 7.80345E-01 7.88891E-01 5.26971E-01 3.87140E-01 1.36772E-02 1.05075E+01 
1.36772E-02 4.69683E-01 6.09929E-01 8.44443E-01 8.54735E-01 8.60104E-01 8.68905E-01 6.09951E-01 4.69683E-01 1.36772E-02 1.28067E+01 
7.91203E-02 5.59798E-01 7.00468E-01 9.31127E-01 9.41647E-01 9.47479E-01 9.56544E-01 7.00493E-01 5.59798E-01 7.91203E-02 1.52595E+01 
1.84574E-01 6.60327E-01 8.01420E-01 1.02820E+00 1.03895E+00 1.04527E+00 1.05462E+00 8.01448E-01 6.60327E-01 1.84574E-01 1.79705E+01 
3.01737E-01 7.72515E-01 9.14029E-01 1.13691E+00 1.14790E+00 1.15473E+00 1.16436E+00 9.14061E-01 7.72515E-01 3.01737E-01 2.09801E+01 
4.31375E-01 8.97132E-01 1.03906E+00 1.25802E+00 1.26925E+00 1.27662E+00 1.28656E+00 1.03910E+00 8.97132E-01 4.31375E-01 2.43012E+01 
5.74248E-01 1.03494E+00 1.17729E+00 1.39231E+00 1.40378E+00 1.41172E+00 1.42197E+00 1.17733E+00 1.03494E+00 5.74248E-01 2.79438E+01 
7.31104E-01 1.18670E+00 1.32946E+00 1.54053E+00 1.55224E+00 1.56078E+00 1.57137E+00 1.32950E+00 1.18670E+00 7.31104E-01 3.19152E+01 
9.02665E-01 1.35314E+00 1.49629E+00 1.70341E+00 1.71537E+00 1.72453E+00 1.73547E+00 1.49634E+00 1.35314E+00 9.02665E-01 3.62195E+01 
1.08962E+00 1.53494E+00 1.67848E+00 1.88165E+00 1.89387E+00 1.90368E+00 1.91498E+00 1.67854E+00 1.53494E+00 1.08962E+00 4.08571E+01 
1.29260E+00 1.73274E+00 1.87668E+00 2.07590E+00 2.08836E+00 2.09886E+00 2.11054E+00 1.87674E+00 1.73274E+00 1.29260E+00 4.58250E+01 
1.51220E+00 1.94714E+00 2.09145E+00 2.28673E+00 2.29945E+00 2.31067E+00 2.32273E+00 2.09151E+00 1.94714E+00 1.51220E+00 5.11163E+01 
1.74890E+00 2.17863E+00 2.32330E+00 2.51466E+00 2.52764E+00 2.53960E+00 2.55207E+00 2.32337E+00 2.17863E+00 1.74890E+00 5.67203E+01 
2.00311E+00 2.42764E+00 2.57265E+00 2.76010E+00 2.77334E+00 2.78608E+00 2.79898E+00 2.57273E+00 2.42764E+00 2.00311E+00 6.26226E+01 
2.27517E+00 2.69446E+00 2.83982E+00 3.02338E+00 3.03687E+00 3.05042E+00 3.06377E+00 2.83990E+00 2.69446E+00 2.27517E+00 6.88050E+01 
1.26671E-02 7.43470E-02 1.08368E-01 3.55826E-01 3.64981E-01 3.67126E-01 3.74334E-01 1.08366E-01 7.43470E-02 1.26671E-02 -5.13221E-01 
1.26671E-02 7.43470E-02 1.27361E-01 3.71550E-01 3.80898E-01 3.83350E-01 3.90740E-01 1.27361E-01 7.43470E-02 1.26671E-02 -3.56424E-02 
1.26671E-02 9.79829E-03 1.49682E-01 3.90615E-01 4.00157E-01 4.02929E-01 4.10505E-01 1.49684E-01 9.79829E-03 1.26671E-02 5.23035E-01 
1.26671E-02 3.52875E-02 1.75549E-01 4.13234E-01 4.22972E-01 4.26077E-01 4.33846E-01 1.75553E-01 3.52875E-02 1.26671E-02 1.16139E+00 
1.26671E-02 6.49141E-02 2.05556E-01 4.39964E-01 4.49900E-01 4.53355E-01 4.61324E-01 2.05562E-01 6.49141E-02 1.26671E-02 1.91505E+00 
1.26671E-02 9.90051E-02 2.40028E-01 4.71132E-01 4.81270E-01 4.85092E-01 4.93270E-01 2.40037E-01 9.90051E-02 1.26671E-02 2.79664E+00 
1.26671E-02 1.37909E-01 2.79314E-01 5.07091E-01 5.17435E-01 5.21640E-01 5.30035E-01 2.79326E-01 1.37909E-01 1.26671E-02 3.81902E+00 
1.26671E-02 1.71546E-01 3.13246E-01 5.38436E-01 5.48940E-01 5.53454E-01 5.62023E-01 3.13260E-01 1.71546E-01 1.26671E-02 4.71482E+00 
1.26671E-02 1.81992E-01 3.23779E-01 5.48210E-01 5.58761E-01 5.63368E-01 5.71989E-01 3.23793E-01 1.81992E-01 1.26671E-02 4.99496E+00 
1.26671E-02 2.35769E-01 3.77967E-01 5.98772E-01 6.09551E-01 6.14611E-01 6.23486E-01 3.77984E-01 2.35769E-01 1.26671E-02 6.44938E+00 
1.26671E-02 2.96519E-01 4.39126E-01 6.56292E-01 6.67301E-01 6.72837E-01 6.81975E-01 4.39146E-01 2.96519E-01 1.26671E-02 8.11209E+00 
1.26671E-02 3.64772E-01 5.07785E-01 7.21301E-01 7.32544E-01 7.38577E-01 7.47991E-01 5.07809E-01 3.64772E-01 1.26671E-02 9.99744E+00 
1.26671E-02 4.41073E-01 5.84488E-01 7.94348E-01 8.05826E-01 8.12381E-01 8.22081E-01 5.84515E-01 4.41073E-01 1.26671E-02 1.21185E+01 
7.31534E-02 5.24235E-01 6.68042E-01 8.74278E-01 8.85993E-01 8.93091E-01 9.03089E-01 6.68072E-01 5.24235E-01 7.31534E-02 1.43628E+01 
1.70227E-01 6.16610E-01 7.60804E-01 9.63401E-01 9.75355E-01 9.83025E-01 9.93334E-01 7.60839E-01 6.16610E-01 1.70227E-01 1.68274E+01 
2.77577E-01 7.19213E-01 8.63789E-01 1.06273E+00 1.07492E+00 1.08319E+00 1.09383E+00 8.63828E-01 7.19213E-01 2.77577E-01 1.95474E+01 
3.95812E-01 8.32658E-01 9.77611E-01 1.17287E+00 1.18532E+00 1.19422E+00 1.20519E+00 9.77655E-01 8.32658E-01 3.95812E-01 2.25311E+01 
5.25532E-01 9.57547E-01 1.10287E+00 1.29445E+00 1.30714E+00 1.31670E+00 1.32803E+00 1.10292E+00 9.57547E-01 5.25532E-01 2.57843E+01 
6.67312E-01 1.09446E+00 1.24015E+00 1.42804E+00 1.44098E+00 1.45123E+00 1.46294E+00 1.24020E+00 1.09446E+00 6.67312E-01 2.93105E+01 
8.21699E-01 1.24395E+00 1.38999E+00 1.57419E+00 1.58739E+00 1.59837E+00 1.61046E+00 1.39005E+00 1.24395E+00 8.21699E-01 3.31098E+01 
9.89196E-01 1.40653E+00 1.55291E+00 1.73342E+00 1.74687E+00 1.75861E+00 1.77111E+00 1.55298E+00 1.40653E+00 9.89196E-01 3.71794E+01 
1.17026E+00 1.58265E+00 1.72936E+00 1.90619E+00 1.91990E+00 1.93243E+00 1.94535E+00 1.72943E+00 1.58265E+00 1.17026E+00 4.15133E+01 
1.36527E+00 1.77271E+00 1.91973E+00 2.09290E+00 2.10687E+00 2.12022E+00 2.13358E+00 1.91981E+00 1.77271E+00 1.36527E+00 4.61025E+01 
1.57456E+00 1.97702E+00 2.12434E+00 2.29386E+00 2.30809E+00 2.32230E+00 2.33613E+00 2.12443E+00 1.97702E+00 1.57456E+00 5.09345E+01 
1.79835E+00 2.19583E+00 2.34344E+00 2.50933E+00 2.52382E+00 2.53893E+00 2.55323E+00 2.34353E+00 2.19583E+00 1.79835E+00 5.59938E+01 
2.03678E+00 2.42927E+00 2.57715E+00 2.73944E+00 2.75419E+00 2.77023E+00 2.78503E+00 2.57725E+00 2.42927E+00 2.03678E+00 6.12620E+01 
1.17133E-02 7.14373E-02 1.12477E-01 3.34233E-01 3.44574E-01 3.47352E-01 3.55249E-01 1.12475E-01 7.14373E-02 1.17133E-02 -4.66395E-01 
1.17133E-02 7.14373E-02 1.31109E-01 3.49781E-01 3.60325E-01 3.63471E-01 3.71570E-01 1.31110E-01 7.14373E-02 1.17133E-02 8.02195E-03 
1.17133E-02 9.50376E-03 1.52796E-01 3.68399E-01 3.79145E-01 3.82673E-01 3.90982E-01 1.52799E-01 9.50376E-03 1.17133E-02 5.57795E-01 
1.17133E-02 3.40815E-02 1.77730E-01 3.90273E-01 4.01223E-01 4.05148E-01 4.13674E-01 1.77735E-01 3.40815E-02 1.17133E-02 1.18063E+00 
1.17133E-02 6.24441E-02 2.06449E-01 4.15906E-01 4.27064E-01 4.31405E-01 4.40155E-01 2.06457E-01 6.24441E-02 1.17133E-02 1.91011E+00 
1.17133E-02 9.48746E-02 2.39235E-01 4.45584E-01 4.56952E-01 4.61729E-01 4.70714E-01 2.39246E-01 9.48746E-02 1.17133E-02 2.75686E+00 
1.17133E-02 1.31674E-01 2.76389E-01 4.79611E-01 4.91192E-01 4.96423E-01 5.05652E-01 2.76403E-01 1.31674E-01 1.17133E-02 3.73159E+00 
1.17133E-02 1.63343E-01 3.08332E-01 5.09123E-01 5.20871E-01 5.26468E-01 5.35892E-01 3.08348E-01 1.63343E-01 1.17133E-02 4.58023E+00 
1.17133E-02 1.73154E-01 3.18222E-01 5.18301E-01 5.30098E-01 5.35804E-01 5.45288E-01 3.18239E-01 1.73154E-01 1.17133E-02 4.84471E+00 
1.17133E-02 2.23501E-01 3.68947E-01 5.65624E-01 5.77656E-01 5.83898E-01 5.93666E-01 3.68968E-01 2.23501E-01 1.17133E-02 6.21157E+00 
1.17133E-02 2.80097E-01 4.25916E-01 6.19180E-01 6.31451E-01 6.38253E-01 6.48318E-01 4.25940E-01 2.80097E-01 1.17133E-02 7.76292E+00 
1.17133E-02 3.43383E-01 4.89570E-01 6.79416E-01 6.91928E-01 6.99316E-01 7.09690E-01 4.89599E-01 3.43383E-01 1.17133E-02 9.50972E+00 
1.17133E-02 4.13811E-01 5.60360E-01 7.46786E-01 7.59540E-01 7.67539E-01 7.78236E-01 5.60394E-01 4.13811E-01 1.17133E-02 1.14616E+01 
6.75295E-02 4.90425E-01 6.37323E-01 8.20363E-01 8.33359E-01 8.41995E-01 8.53027E-01 6.37361E-01 4.90425E-01 6.75295E-02 1.35095E+01 
1.56739E-01 5.75151E-01 7.22390E-01 9.02034E-01 9.15274E-01 9.24578E-01 9.35960E-01 7.22433E-01 5.75151E-01 1.56739E-01 1.57438E+01 
2.54924E-01 6.68804E-01 8.16377E-01 9.92609E-01 1.00610E+00 1.01610E+00 1.02785E+00 8.16425E-01 6.68804E-01 2.54924E-01 1.81943E+01 
3.62558E-01 7.71864E-01 9.19763E-01 1.09257E+00 1.10631E+00 1.11705E+00 1.12918E+00 9.19817E-01 7.71864E-01 3.62558E-01 2.08660E+01 
4.80101E-01 8.84795E-01 1.03301E+00 1.20239E+00 1.21638E+00 1.22789E+00 1.24042E+00 1.03307E+00 8.84795E-01 4.80101E-01 2.37614E+01 
6.07985E-01 1.00803E+00 1.15655E+00 1.32251E+00 1.33675E+00 1.34906E+00 1.36201E+00 1.15662E+00 1.00803E+00 6.07985E-01 2.68806E+01 
7.46606E-01 1.14198E+00 1.29079E+00 1.45332E+00 1.46782E+00 1.48097E+00 1.49436E+00 1.29086E+00 1.14198E+00 7.46606E-01 3.02209E+01 
8.96318E-01 1.28699E+00 1.43608E+00 1.59520E+00 1.60996E+00 1.62398E+00 1.63782E+00 1.43616E+00 1.28699E+00 8.96318E-01 3.37772E+01 
1.05742E+00 1.44338E+00 1.59273E+00 1.74844E+00 1.76346E+00 1.77839E+00 1.79271E+00 1.59281E+00 1.44338E+00 1.05742E+00 3.75416E+01 
1.23016E+00 1.61138E+00 1.76097E+00 1.91330E+00 1.92858E+00 1.94446E+00 1.95928E+00 1.76106E+00 1.61138E+00 1.23016E+00 4.15035E+01 
1.41470E+00 1.79116E+00 1.94098E+00 2.08995E+00 2.10549E+00 2.12236E+00 2.13769E+00 1.94109E+00 1.79116E+00 1.41470E+00 4.56495E+01 
1.61114E+00 1.98284E+00 2.13287E+00 2.27850E+00 2.29429E+00 2.31218E+00 2.32805E+00 2.13298E+00 1.98284E+00 1.61114E+00 4.99640E+01 
1.81948E+00 2.18641E+00 2.33663E+00 2.47895E+00 2.49500E+00 2.51396E+00 2.53038E+00 2.33675E+00 2.18641E+00 1.81948E+00 5.44290E+01 
1.08134E-02 6.85786E-02 1.16637E-01 3.13860E-01 3.25497E-01 3.29089E-01 3.37737E-01 1.16635E-01 6.85786E-02 1.08134E-02 -4.12796E-01 
1.08134E-02 6.85786E-02 1.34883E-01 3.29211E-01 3.41057E-01 3.45088E-01 3.53965E-01 1.34884E-01 6.85786E-02 1.08134E-02 5.84451E-02 
1.08134E-02 9.20866E-03 1.55924E-01 3.47372E-01 3.59428E-01 3.63914E-01 3.73027E-01 1.55928E-01 9.20866E-03 1.08134E-02 5.99210E-01 
1.08134E-02 3.28851E-02 1.79926E-01 3.68507E-01 3.80774E-01 3.85732E-01 3.95089E-01 1.79933E-01 3.28851E-02 1.08134E-02 1.20643E+00 
1.08134E-02 6.00125E-02 2.07378E-01 3.93070E-01 4.05551E-01 4.11002E-01 4.20613E-01 2.07389E-01 6.00125E-02 1.08134E-02 1.91172E+00 
1.08134E-02 9.08344E-02 2.38523E-01 4.21307E-01 4.34004E-01 4.39971E-01 4.49846E-01 2.38537E-01 9.08344E-02 1.08134E-02 2.72390E+00 
1.08134E-02 1.25607E-01 2.73615E-01 4.53477E-01 4.66392E-01 4.72897E-01 4.83047E-01 2.73632E-01 1.25607E-01 1.08134E-02 3.65168E+00 
1.08134E-02 1.55392E-01 3.03644E-01 4.81236E-01 4.94323E-01 5.01259E-01 5.11630E-01 3.03665E-01 1.55392E-01 1.08134E-02 4.45418E+00 
1.08134E-02 1.64596E-01 3.12919E-01 4.89847E-01 5.02984E-01 5.10048E-01 5.20485E-01 3.12941E-01 1.64596E-01 1.08134E-02 4.70339E+00 
1.08134E-02 2.11676E-01 3.60334E-01 5.34088E-01 5.47466E-01 5.55161E-01 5.65919E-01 3.60360E-01 2.11676E-01 1.08134E-02 5.98527E+00 
1.08134E-02 2.64332E-01 4.13318E-01 5.83894E-01 5.97514E-01 6.05868E-01 6.16961E-01 4.13348E-01 2.64332E-01 1.08134E-02 7.42938E+00 
1.08134E-02 3.22930E-01 4.72235E-01 6.39630E-01 6.53495E-01 6.62537E-01 6.73979E-01 4.72271E-01 3.22930E-01 1.08134E-02 9.04370E+00 
1.08134E-02 3.87836E-01 5.37452E-01 7.01669E-01 7.15779E-01 7.25538E-01 7.37344E-01 5.37493E-01 3.87836E-01 1.08134E-02 1.08349E+01 
6.22328E-02 4.58286E-01 6.08198E-01 7.69274E-01 7.83629E-01 7.94131E-01 8.06314E-01 6.08245E-01 4.58286E-01 6.22328E-02 1.26982E+01 
1.44071E-01 5.35842E-01 6.86038E-01 8.43966E-01 8.58568E-01 8.69847E-01 8.82426E-01 6.86091E-01 5.35842E-01 1.44071E-01 1.47171E+01 
2.33702E-01 6.21144E-01 7.71616E-01 9.26386E-01 9.41238E-01 9.53331E-01 9.66323E-01 7.71675E-01 6.21144E-01 2.33702E-01 1.69174E+01 
3.31490E-01 7.14562E-01 8.65296E-01 1.01690E+00 1.03201E+00 1.04495E+00 1.05838E+00 8.65362E-01 7.14562E-01 3.31490E-01 1.93011E+01 
4.37773E-01 8.16438E-01 9.67422E-01 1.11587E+00 1.13122E+00 1.14506E+00 1.15893E+00 9.67494E-01 8.16438E-01 4.37773E-01 2.18680E+01 
5.52863E-01 9.27089E-01 1.07831E+00 1.22360E+00 1.23921E+00 1.25397E+00 1.26831E+00 1.07839E+00 9.27089E-01 5.52863E-01 2.46158E+01 
6.77033E-01 1.04679E+00 1.19823E+00 1.34037E+00 1.35623E+00 1.37196E+00 1.38680E+00 1.19831E+00 1.04679E+00 6.77033E-01 2.75400E+01 
8.10511E-01 1.17578E+00 1.32741E+00 1.46642E+00 1.48254E+00 1.49927E+00 1.51463E+00 1.32751E+00 1.17578E+00 8.10511E-01 3.06336E+01 
9.53477E-01 1.31423E+00 1.46605E+00 1.60194E+00 1.61831E+00 1.63609E+00 1.65198E+00 1.46615E+00 1.31423E+00 9.53477E-01 3.38875E+01 
1.10605E+00 1.46228E+00 1.61425E+00 1.74705E+00 1.76368E+00 1.78254E+00 1.79899E+00 1.61437E+00 1.46228E+00 1.10605E+00 3.72904E+01 
1.26829E+00 1.61997E+00 1.77209E+00 1.90181E+00 1.91870E+00 1.93869E+00 1.95572E+00 1.77221E+00 1.61997E+00 1.26829E+00 4.08288E+01 
1.44019E+00 1.78732E+00 1.93955E+00 2.06623E+00 2.08336E+00 2.10453E+00 2.12215E+00 1.93968E+00 1.78732E+00 1.44019E+00 4.44874E+01 
1.62165E+00 1.96422E+00 2.11654E+00 2.24021E+00 2.25760E+00 2.27997E+00 2.29822E+00 2.11668E+00 1.96422E+00 1.62165E+00 4.82491E+01 
9.95232E-03 6.57262E-02 1.20892E-01 2.94393E-01 3.07454E-01 3.12106E-01 3.21593E-01 1.20890E-01 6.57262E-02 9.95232E-03 -3.50220E-01 
9.95232E-03 6.57262E-02 1.38718E-01 3.09522E-01 3.22797E-01 3.27974E-01 3.37719E-01 1.38720E-01 6.57262E-02 9.95232E-03 1.17591E-01 
9.95232E-03 8.90845E-03 1.59088E-01 3.27212E-01 3.40702E-01 3.46420E-01 3.56432E-01 1.59094E-01 8.90845E-03 9.95232E-03 6.48920E-01 
9.95232E-03 3.16796E-02 1.82146E-01 3.47605E-01 3.61309E-01 3.67588E-01 3.77876E-01 1.82156E-01 3.16796E-02 9.95232E-03 1.24001E+00 
9.95232E-03 5.75816E-02 2.08332E-01 3.71107E-01 3.85029E-01 3.91893E-01 4.02468E-01 2.08345E-01 5.75816E-02 9.95232E-03 1.92057E+00 
9.95232E-03 8.68208E-02 2.37850E-01 3.97928E-01 4.12069E-01 4.19543E-01 4.30418E-01 2.37867E-01 8.68208E-02 9.95232E-03 2.69774E+00 
9.95232E-03 1.19614E-01 2.70916E-01 4.28287E-01 4.42649E-01 4.50759E-01 4.61946E-01 2.70938E-01 1.19614E-01 9.95232E-03 3.57842E+00 
9.95232E-03 1.47566E-01 2.99075E-01 4.54347E-01 4.68881E-01 4.77500E-01 4.88937E-01 2.99102E-01 1.47566E-01 9.95232E-03 4.33498E+00 
9.95232E-03 1.56182E-01 3.07751E-01 4.62407E-01 4.76992E-01 4.85763E-01 4.97275E-01 3.07778E-01 1.56182E-01 9.95232E-03 4.56904E+00 
9.95232E-03 2.00102E-01 3.51951E-01 5.03676E-01 5.18503E-01 5.28016E-01 5.39892E-01 3.51984E-01 2.00102E-01 9.95232E-03 5.76710E+00 
9.95232E-03 2.48968E-01 4.01086E-01 5.49878E-01 5.64949E-01 5.75236E-01 5.87492E-01 4.01125E-01 2.48968E-01 9.95232E-03 7.10629E+00 
9.95232E-03 3.03072E-01 4.55450E-01 6.01311E-01 6.16627E-01 6.27720E-01 6.40372E-01 4.55495E-01 3.03072E-01 9.95232E-03 8.59203E+00 
9.95232E-03 3.62709E-01 5.15334E-01 6.58271E-01 6.73833E-01 6.85764E-01 6.98828E-01 5.15385E-01 3.62709E-01 9.95232E-03 1.02284E+01 
5.71734E-02 4.27276E-01 5.80129E-01 7.20182E-01 7.35987E-01 7.48785E-01 7.62276E-01 5.80187E-01 4.27276E-01 5.71734E-02 1.19155E+01 
1.32002E-01 4.98013E-01 6.51081E-01 7.88248E-01 8.04298E-01 8.18001E-01 8.31940E-01 6.51146E-01 4.98013E-01 1.32002E-01 1.37304E+01 
2.13542E-01 5.75417E-01 7.28685E-01 8.62963E-01 8.79259E-01 8.93908E-01 9.08314E-01 7.28758E-01 5.75417E-01 2.13542E-01 1.56951E+01 
3.02056E-01 6.59755E-01 8.13209E-01 9.44599E-01 9.61142E-01 9.76776E-01 9.91672E-01 8.13289E-01 6.59755E-01 3.02056E-01 1.78093E+01 
3.97785E-01 7.51272E-01 9.04893E-01 1.03340E+00 1.05019E+00 1.06685E+00 1.08226E+00 9.04982E-01 7.51272E-01 3.97785E-01 2.00709E+01 
5.00936E-01 8.50179E-01 1.00395E+00 1.12958E+00 1.14662E+00 1.16436E+00 1.18030E+00 1.00405E+00 8.50179E-01 5.00936E-01 2.24757E+01 
6.11680E-01 9.56652E-01 1.11055E+00 1.23333E+00 1.25061E+00 1.26946E+00 1.28596E+00 1.11066E+00 9.56652E-01 6.11680E-01 2.50177E+01 
7.30145E-01 1.07082E+00 1.22483E+00 1.34476E+00 1.36230E+00 1.38230E+00 1.39938E+00 1.22494E+00 1.07082E+00 7.30145E-01 2.76891E+01 
8.56411E-01 1.19277E+00 1.34686E+00 1.46398E+00 1.48176E+00 1.50296E+00 1.52064E+00 1.34699E+00 1.19277E+00 8.56411E-01 3.04801E+01 
9.90507E-01 1.32254E+00 1.47669E+00 1.59101E+00 1.60904E+00 1.63148E+00 1.64979E+00 1.47682E+00 1.32254E+00 9.90507E-01 3.33792E+01 
1.13240E+00 1.46008E+00 1.61427E+00 1.72583E+00 1.74410E+00 1.76782E+00 1.78679E+00 1.61441E+00 1.46008E+00 1.13240E+00 3.63733E+01 
1.28200E+00 1.60533E+00 1.75952E+00 1.86834E+00 1.88686E+00 1.91191E+00 1.93155E+00 1.75968E+00 1.60533E+00 1.28200E+00 3.94479E+01 
1.43915E+00 1.75811E+00 1.91228E+00 2.01841E+00 2.03717E+00 2.06359E+00 2.08394E+00 1.91245E+00 1.75811E+00 1.43915E+00 4.25873E+01 
9.15421E-03 6.29667E-02 1.25081E-01 2.76419E-01 2.90980E-01 2.96967E-01 3.07361E-01 1.25080E-01 6.29667E-02 9.15421E-03 -2.79334E-01 
9.15421E-03 6.29667E-02 1.42466E-01 2.91309E-01 3.06087E-01 3.12696E-01 3.23383E-01 1.42470E-01 6.29667E-02 9.15421E-03 1.84682E-01 
9.15421E-03 8.61245E-03 1.62160E-01 3.08529E-01 3.23522E-01 3.30772E-01 3.41762E-01 1.62168E-01 8.61245E-03 9.15421E-03 7.06229E-01 
9.15421E-03 3.05023E-02 1.84288E-01 3.28199E-01 3.43406E-01 3.51319E-01 3.62622E-01 1.84301E-01 3.05023E-02 9.15421E-03 1.28096E+00 
9.15421E-03 5.52252E-02 2.09243E-01 3.50683E-01 3.66107E-01 3.74710E-01 3.86340E-01 2.09260E-01 5.52252E-02 9.15421E-03 1.93685E+00 
9.15421E-03 8.29549E-02 2.37197E-01 3.76157E-01 3.91799E-01 4.01120E-01 4.13090E-01 2.37220E-01 8.29549E-02 9.15421E-03 2.67950E+00 
9.15421E-03 1.13872E-01 2.68330E-01 4.04804E-01 4.20666E-01 4.30734E-01 4.43057E-01 2.68359E-01 1.13872E-01 9.15421E-03 3.51424E+00 
9.15421E-03 1.40097E-01 2.94717E-01 4.29265E-01 4.45298E-01 4.55963E-01 4.68570E-01 2.94750E-01 1.40097E-01 9.15421E-03 4.22636E+00 
9.15421E-03 1.48159E-01 3.02825E-01 4.36809E-01 4.52893E-01 4.63735E-01 4.76427E-01 3.02859E-01 1.48159E-01 9.15421E-03 4.44584E+00 
9.15421E-03 1.89119E-01 3.43997E-01 4.75298E-01 4.91621E-01 5.03332E-01 5.16438E-01 3.44039E-01 1.89119E-01 9.15421E-03 5.56366E+00 
9.15421E-03 2.34449E-01 3.89526E-01 5.18146E-01 5.34709E-01 5.47324E-01 5.60861E-01 3.89575E-01 2.34449E-01 9.15421E-03 6.80330E+00 
9.15421E-03 2.84382E-01 4.39644E-01 5.65592E-01 5.82395E-01 5.95949E-01 6.09934E-01 4.39700E-01 2.84382E-01 9.15421E-03 8.16808E+00 
9.15421E-03 3.39147E-01 4.94580E-01 6.17865E-01 6.34909E-01 6.49438E-01 6.63890E-01 4.94644E-01 3.39147E-01 9.15421E-03 9.66004E+00 
5.24928E-02 3.98272E-01 5.53853E-01 6.74517E-01 6.91798E-01 7.07332E-01 7.22269E-01 5.53925E-01 3.98272E-01 5.24928E-02 1.11843E+01 
1.20868E-01 4.62731E-01 6.18443E-01 7.36491E-01 7.54010E-01 7.70591E-01 7.86034E-01 6.18524E-01 4.62731E-01 1.20868E-01 1.28120E+01 
1.94994E-01 5.32898E-01 6.88723E-01 8.04156E-01 8.21914E-01 8.39585E-01 8.55558E-01 6.88812E-01 5.32898E-01 1.94994E-01 1.45620E+01 
2.75053E-01 6.08959E-01 7.64877E-01 8.77702E-01 8.95699E-01 9.14506E-01 9.31032E-01 7.64976E-01 6.08959E-01 2.75053E-01 1.64322E+01 
3.61204E-01 6.91076E-01 8.47066E-01 9.57294E-01 9.75530E-01 9.95517E-01 1.01262E+00 8.47175E-01 6.91076E-01 3.61204E-01 1.84191E+01 
4.53571E-01 7.79380E-01 9.35419E-01 1.04306E+00 1.06154E+00 1.08275E+00 1.10046E+00 9.35538E-01 7.79380E-01 4.53571E-01 2.05174E+01 
5.52244E-01 8.73962E-01 1.03003E+00 1.13511E+00 1.15382E+00 1.17630E+00 1.19464E+00 1.03016E+00 8.73962E-01 5.52244E-01 2.27203E+01 
6.57273E-01 9.74876E-01 1.13094E+00 1.23348E+00 1.25243E+00 1.27623E+00 1.29522E+00 1.13108E+00 9.74876E-01 6.57273E-01 2.50193E+01 
7.68663E-01 1.08213E+00 1.23817E+00 1.33819E+00 1.35737E+00 1.38254E+00 1.40221E+00 1.23832E+00 1.08213E+00 7.68663E-01 2.74047E+01 
8.86372E-01 1.19569E+00 1.35167E+00 1.44921E+00 1.46862E+00 1.49520E+00 1.51558E+00 1.35183E+00 1.19569E+00 8.86372E-01 2.98652E+01 
1.01030E+00 1.31546E+00 1.47135E+00 1.56644E+00 1.58608E+00 1.61411E+00 1.63523E+00 1.47153E+00 1.31546E+00 1.01030E+00 3.23884E+01 
1.14032E+00 1.44129E+00 1.59706E+00 1.68974E+00 1.70961E+00 1.73914E+00 1.76102E+00 1.59726E+00 1.44129E+00 1.14032E+00 3.49610E+01 
1.27621E+00 1.57300E+00 1.72862E+00 1.81892E+00 1.83901E+00 1.87009E+00 1.89276E+00 1.72883E+00 1.57300E+00 1.27621E+00 3.75689E+01 
8.40283E-03 6.02525E-02 1.29233E-01 2.59618E-01 2.75763E-01 2.83449E-01 2.94846E-01 1.29234E-01 6.02525E-02 8.40283E-03 -1.97910E-01 
8.40283E-03 6.02525E-02 1.46148E-01 2.74252E-01 2.90610E-01 2.99031E-01 3.10763E-01 1.46154E-01 6.02525E-02 8.40283E-03 2.61641E-01 
8.40283E-03 8.31591E-03 1.65149E-01 2.90995E-01 3.07565E-01 3.16742E-01 3.28818E-01 1.65161E-01 8.31591E-03 8.40283E-03 7.72685E-01 
8.40283E-03 2.93335E-02 1.86343E-01 3.09950E-01 3.26730E-01 3.36687E-01 3.49120E-01 1.86361E-01 2.93335E-02 8.40283E-03 1.33039E+00 
8.40283E-03 5.29031E-02 2.10080E-01 3.31439E-01 3.48432E-01 3.59200E-01 3.72004E-01 2.10104E-01 5.29031E-02 8.40283E-03 1.96106E+00 
8.40283E-03 7.91687E-02 2.36503E-01 3.55610E-01 3.72815E-01 3.84425E-01 3.97617E-01 2.36533E-01 7.91687E-02 8.40283E-03 2.66896E+00 
8.40283E-03 1.08279E-01 2.65759E-01 3.82612E-01 4.00032E-01 4.12515E-01 4.26110E-01 2.65796E-01 1.08279E-01 8.40283E-03 3.45800E+00 
8.40283E-03 1.32849E-01 2.90434E-01 4.05544E-01 4.23130E-01 4.36311E-01 4.50228E-01 2.90477E-01 1.32849E-01 8.40283E-03 4.12634E+00 
8.40283E-03 1.40381E-01 2.97996E-01 4.12597E-01 4.30231E-01 4.43620E-01 4.57633E-01 2.98040E-01 1.40381E-01 8.40283E-03 4.33151E+00 
8.40283E-03 1.78521E-01 3.36265E-01 4.48442E-01 4.66308E-01 4.80710E-01 4.95194E-01 3.36318E-01 1.78521E-01 8.40283E-03 5.37117E+00 
8.40283E-03 2.20497E-01 3.78355E-01 4.88117E-01 5.06215E-01 5.21667E-01 5.36641E-01 3.78417E-01 2.20497E-01 8.40283E-03 6.51476E+00 
8.40283E-03 2.66493E-01 4.24447E-01 5.31806E-01 5.50134E-01 5.66676E-01 5.82161E-01 4.24518E-01 2.66493E-01 8.40283E-03 7.76386E+00 
8.40283E-03 3.16682E-01 4.74712E-01 5.79683E-01 5.98241E-01 6.15912E-01 6.31927E-01 4.74792E-01 3.16682E-01 8.40283E-03 9.11887E+00 
4.80946E-02 3.70693E-01 5.28776E-01 6.31402E-01 6.50186E-01 6.69017E-01 6.85582E-01 5.28866E-01 3.70693E-01 4.80946E-02 1.04902E+01 
1.10435E-01 4.29279E-01 5.87393E-01 6.87684E-01 7.06695E-01 7.26731E-01 7.43870E-01 5.87494E-01 4.29279E-01 1.10435E-01 1.19435E+01 
1.77662E-01 4.92712E-01 6.50834E-01 7.48798E-01 7.68034E-01 7.89323E-01 8.07063E-01 6.50945E-01 4.92712E-01 1.77662E-01 1.34948E+01 
2.49893E-01 5.61110E-01 7.19216E-01 8.14864E-01 8.34326E-01 8.56916E-01 8.75283E-01 7.19339E-01 5.61110E-01 2.49893E-01 1.51409E+01 
3.27217E-01 6.34567E-01 7.92632E-01 8.85981E-01 9.05666E-01 9.29607E-01 9.48628E-01 7.92766E-01 6.34567E-01 3.27217E-01 1.68772E+01 
4.09695E-01 7.13147E-01 8.71144E-01 9.62213E-01 9.82121E-01 1.00746E+00 1.02716E+00 8.71291E-01 7.13147E-01 4.09695E-01 1.86978E+01 
4.97352E-01 7.96880E-01 9.54779E-01 1.04359E+00 1.06372E+00 1.09051E+00 1.11092E+00 9.54939E-01 7.96880E-01 4.97352E-01 2.05954E+01 
5.90175E-01 8.85757E-01 1.04353E+00 1.13011E+00 1.15046E+00 1.17874E+00 1.19989E+00 1.04370E+00 8.85757E-01 5.90175E-01 2.25616E+01 
6.88115E-01 9.79730E-01 1.13734E+00 1.22173E+00 1.24229E+00 1.27212E+00 1.29404E+00 1.13753E+00 9.79730E-01 6.88115E-01 2.45867E+01 
7.91078E-01 1.07871E+00 1.23613E+00 1.31835E+00 1.33912E+00 1.37054E+00 1.39326E+00 1.23633E+00 1.07871E+00 7.91078E-01 2.66602E+01 
8.98926E-01 1.18256E+00 1.33976E+00 1.41985E+00 1.44083E+00 1.47389E+00 1.49743E+00 1.33997E+00 1.18256E+00 8.98926E-01 2.87707E+01 
1.01148E+00 1.29111E+00 1.44804E+00 1.52604E+00 1.54723E+00 1.58197E+00 1.60637E+00 1.44827E+00 1.29111E+00 1.01148E+00 3.09063E+01 
1.12851E+00 1.40412E+00 1.56076E+00 1.63671E+00 1.65809E+00 1.69457E+00 1.71986E+00 1.56101E+00 1.40412E+00 1.12851E+00 3.30544E+01 
7.69589E-03 5.75801E-02 1.33300E-01 2.44002E-01 2.61790E-01 2.71628E-01 2.84142E-01 1.33303E-01 5.75801E-02 7.69589E-03 -1.04650E-01 
7.69589E-03 5.75801E-02 1.49713E-01 2.58361E-01 2.76354E-01 2.87059E-01 2.99954E-01 1.49723E-01 5.75801E-02 7.69589E-03 3.49484E-01 
7.69589E-03 8.01864E-03 1.68002E-01 2.74620E-01 2.92817E-01 3.04410E-01 3.17700E-01 1.68019E-01 8.01864E-03 7.69589E-03 8.49041E-01 
7.69589E-03 2.81721E-02 1.88256E-01 2.92866E-01 3.11265E-01 3.23772E-01 3.37469E-01 1.88280E-01 2.81721E-02 7.69589E-03 1.38880E+00 
7.69589E-03 5.06124E-02 2.10784E-01 3.13383E-01 3.31985E-01 3.45440E-01 3.59562E-01 2.10816E-01 5.06124E-02 7.69589E-03 1.99351E+00 
7.69589E-03 7.54566E-02 2.35703E-01 3.36292E-01 3.55096E-01 3.69534E-01 3.84097E-01 2.35744E-01 7.54566E-02 7.69589E-03 2.66625E+00 
7.69589E-03 1.02824E-01 2.63132E-01 3.61712E-01 3.80719E-01 3.96175E-01 4.11198E-01 2.63181E-01 1.02824E-01 7.69589E-03 3.40967E+00 
7.69589E-03 1.25807E-01 2.86151E-01 3.83181E-01 4.02345E-01 4.18613E-01 4.34004E-01 2.86206E-01 1.25807E-01 7.69589E-03 4.03477E+00 
7.69589E-03 1.32833E-01 2.93186E-01 3.89764E-01 4.08974E-01 4.25483E-01 4.40984E-01 2.93244E-01 1.32833E-01 7.69589E-03 4.22589E+00 
7.69589E-03 1.68283E-01 3.28666E-01 4.23095E-01 4.42523E-01 4.60207E-01 4.76245E-01 3.28734E-01 1.68283E-01 7.69589E-03 5.18928E+00 
7.69589E-03 2.07080E-01 3.67473E-01 4.59766E-01 4.79411E-01 4.98312E-01 5.14908E-01 3.67552E-01 2.07080E-01 7.69589E-03 6.24015E+00 
7.69589E-03 2.49359E-01 4.09742E-01 4.99915E-01 5.19776E-01 5.39935E-01 5.57112E-01 4.09831E-01 2.49359E-01 7.69589E-03 7.37862E+00 
7.69589E-03 2.95247E-01 4.55595E-01 5.43668E-01 5.63743E-01 5.85203E-01 6.02985E-01 4.55696E-01 2.95247E-01 7.69589E-03 8.60383E+00 
4.39644E-02 3.44455E-01 5.04742E-01 5.90759E-01 6.11044E-01 6.33836E-01 6.52243E-01 5.04855E-01 3.44455E-01 4.39644E-02 9.83175E+00 
1.00665E-01 3.97552E-01 5.57752E-01 6.41728E-01 6.62221E-01 6.86395E-01 7.05454E-01 5.57877E-01 3.97552E-01 1.00665E-01 1.11227E+01 
1.61480E-01 4.54723E-01 6.14808E-01 6.96757E-01 7.17458E-01 7.43064E-01 7.62804E-01 6.14947E-01 4.54723E-01 1.61480E-01 1.24906E+01 
2.26471E-01 5.16033E-01 6.75975E-01 7.55914E-01 7.76820E-01 8.03910E-01 8.24361E-01 6.76127E-01 5.16033E-01 2.26471E-01 1.39312E+01 
2.95673E-01 5.81522E-01 7.41290E-01 8.19240E-01 8.40349E-01 8.68975E-01 8.90167E-01 7.41456E-01 5.81522E-01 2.95673E-01 1.54394E+01 
3.69095E-01 6.51200E-01 8.10763E-01 8.86748E-01 9.08058E-01 9.38271E-01 9.60235E-01 8.10944E-01 6.51200E-01 3.69095E-01 1.70090E+01 
4.46713E-01 7.25049E-01 8.84373E-01 9.58421E-01 9.79928E-01 1.01178E+00 1.03455E+00 8.84569E-01 7.25049E-01 4.46713E-01 1.86326E+01 
5.28469E-01 8.03014E-01 9.62065E-01 1.03421E+00 1.05591E+00 1.08945E+00 1.11305E+00 9.62277E-01 8.03014E-01 5.28469E-01 2.03021E+01 
6.14273E-01 8.85006E-01 1.04375E+00 1.11402E+00 1.13591E+00 1.17119E+00 1.19566E+00 1.04398E+00 8.85006E-01 6.14273E-01 2.20084E+01 
7.03996E-01 9.70903E-01 1.12930E+00 1.19773E+00 1.21981E+00 1.25688E+00 1.28224E+00 1.12955E+00 9.70903E-01 7.03996E-01 2.37419E+01 
7.97474E-01 1.06054E+00 1.21855E+00 1.28519E+00 1.30745E+00 1.34635E+00 1.37265E+00 1.21882E+00 1.06054E+00 7.97474E-01 2.54923E+01 
8.94503E-01 1.15372E+00 1.31131E+00 1.37619E+00 1.39863E+00 1.43941E+00 1.46667E+00 1.31159E+00 1.15372E+00 8.94503E-01 2.72491E+01 
9.94846E-01 1.25021E+00 1.40733E+00 1.47049E+00 1.49311E+00 1.53582E+00 1.56407E+00 1.40763E+00 1.25021E+00 9.94846E-01 2.90015E+01 
7.03110E-03 5.49441E-02 1.37219E-01 2.29590E-01 2.49050E-01 2.61606E-01 2.75370E-01 1.37226E-01 5.49441E-02 7.03110E-03 1.65322E-03 
7.03110E-03 5.49441E-02 1.53096E-01 2.43656E-01 2.63308E-01 2.76879E-01 2.91081E-01 1.53112E-01 5.49441E-02 7.03110E-03 4.49100E-01 
7.03110E-03 7.72019E-03 1.70650E-01 2.59424E-01 2.79266E-01 2.93875E-01 3.08529E-01 1.70675E-01 7.72019E-03 7.03110E-03 9.35903E-01 
7.03110E-03 2.70161E-02 1.89954E-01 2.76966E-01 2.96995E-01 3.12671E-01 3.27791E-01 1.89989E-01 2.70161E-02 7.03110E-03 1.45656E+00 
7.03110E-03 4.83488E-02 2.11279E-01 2.96531E-01 3.16747E-01 3.33527E-01 3.49133E-01 2.11323E-01 4.83488E-02 7.03110E-03 2.03435E+00 
7.03110E-03 7.18110E-02 2.34717E-01 3.18213E-01 3.38616E-01 3.56538E-01 3.72650E-01 2.34772E-01 7.18110E-02 7.03110E-03 2.67130E+00 
7.03110E-03 9.74967E-02 2.60361E-01 3.42108E-01 3.62698E-01 3.81800E-01 3.98438E-01 2.60426E-01 9.74967E-02 7.03110E-03 3.36902E+00 
7.03110E-03 1.18954E-01 2.81773E-01 3.62175E-01 3.82908E-01 4.02949E-01 4.20009E-01 2.81846E-01 1.18954E-01 7.03110E-03 3.95129E+00 
7.03110E-03 1.25496E-01 2.88300E-01 3.68309E-01 3.89084E-01 4.09404E-01 4.26589E-01 2.88375E-01 1.25496E-01 7.03110E-03 4.12859E+00 
7.03110E-03 1.58379E-01 3.21095E-01 3.99244E-01 4.20218E-01 4.41894E-01 4.59693E-01 3.21183E-01 1.58379E-01 7.03110E-03 5.01747E+00 
7.03110E-03 1.94158E-01 3.56761E-01 4.33068E-01 4.54239E-01 4.77316E-01 4.95752E-01 3.56862E-01 1.94158E-01 7.03110E-03 5.97873E+00 
7.03110E-03 2.32928E-01 3.95393E-01 4.69878E-01 4.91244E-01 5.15767E-01 5.34867E-01 3.95507E-01 2.32928E-01 7.03110E-03 7.01141E+00 
7.03110E-03 2.74773E-01 4.37073E-01 5.09761E-01 5.31319E-01 5.57332E-01 5.77121E-01 4.37201E-01 2.74773E-01 7.03110E-03 8.11366E+00 
4.00881E-02 3.19473E-01 4.81578E-01 5.52512E-01 5.74258E-01 6.01793E-01 6.22293E-01 4.81720E-01 3.19473E-01 4.00881E-02 9.20715E+00 
9.15228E-02 3.67442E-01 5.29321E-01 5.98522E-01 6.20453E-01 6.49562E-01 6.70803E-01 5.29479E-01 3.67442E-01 9.15228E-02 1.03473E+01 
1.46382E-01 4.18796E-01 5.80418E-01 6.47904E-01 6.70017E-01 7.00754E-01 7.22770E-01 5.80591E-01 4.18796E-01 1.46382E-01 1.15459E+01 
2.04684E-01 4.73557E-01 6.34888E-01 7.00681E-01 7.22974E-01 7.55394E-01 7.78216E-01 6.35077E-01 4.73557E-01 2.04684E-01 1.27985E+01 
2.66422E-01 5.31721E-01 6.92726E-01 7.56852E-01 7.79322E-01 8.13479E-01 8.37141E-01 6.92932E-01 5.31721E-01 2.66422E-01 1.40996E+01 
3.31563E-01 5.93262E-01 7.53905E-01 8.16390E-01 8.39035E-01 8.74981E-01 8.99516E-01 7.54128E-01 5.93262E-01 3.31563E-01 1.54430E+01 
4.00049E-01 6.58120E-01 8.18364E-01 8.79241E-01 9.02056E-01 9.39844E-01 9.65286E-01 8.18605E-01 6.58120E-01 4.00049E-01 1.68216E+01 
4.71790E-01 7.26213E-01 8.86018E-01 9.45320E-01 9.68300E-01 1.00798E+00 1.03437E+00 8.86278E-01 7.26213E-01 4.71790E-01 1.82277E+01 
5.46666E-01 7.97422E-01 9.56749E-01 1.01451E+00 1.03765E+00 1.07928E+00 1.10664E+00 9.57028E-01 7.97422E-01 5.46666E-01 1.96530E+01 
6.24530E-01 8.71603E-01 1.03041E+00 1.08667E+00 1.10997E+00 1.15359E+00 1.18196E+00 1.03071E+00 8.71603E-01 6.24530E-01 2.10890E+01 
7.05200E-01 9.48578E-01 1.10682E+00 1.16163E+00 1.18508E+00 1.23074E+00 1.26015E+00 1.10714E+00 9.48578E-01 7.05200E-01 2.25266E+01 
7.88467E-01 1.02814E+00 1.18578E+00 1.23917E+00 1.26276E+00 1.31051E+00 1.34101E+00 1.18612E+00 1.02814E+00 7.88467E-01 2.39569E+01 
8.74093E-01 1.11006E+00 1.26705E+00 1.31906E+00 1.34279E+00 1.39268E+00 1.42429E+00 1.26741E+00 1.11006E+00 8.74093E-01 2.53706E+01 
6.40525E-03 5.23333E-02 1.40915E-01 2.16401E-01 2.37521E-01 2.53494E-01 2.68671E-01 1.40931E-01 5.23333E-02 6.40525E-03 1.22190E-01 
6.40525E-03 5.23333E-02 1.56220E-01 2.30152E-01 2.51445E-01 2.68601E-01 2.84283E-01 1.56247E-01 5.23333E-02 6.40525E-03 5.61315E-01 
6.40525E-03 7.41931E-03 1.73012E-01 2.45417E-01 2.66880E-01 2.85245E-01 3.01447E-01 1.73049E-01 7.41931E-03 6.40525E-03 1.03377E+00 
6.40525E-03 2.58607E-02 1.91351E-01 2.62254E-01 2.83885E-01 3.03487E-01 3.20225E-01 1.91400E-01 2.58607E-02 6.40525E-03 1.53386E+00 
6.40525E-03 4.61024E-02 2.11470E-01 2.80879E-01 3.02676E-01 3.23557E-01 3.40853E-01 2.11531E-01 4.61024E-02 6.40525E-03 2.08350E+00 
6.40525E-03 6.82158E-02 2.33441E-01 3.01364E-01 3.23327E-01 3.45527E-01 3.63404E-01 2.33514E-01 6.82158E-02 6.40525E-03 2.68380E+00 
6.40525E-03 9.22719E-02 2.57333E-01 3.23783E-01 3.45910E-01 3.69470E-01 3.87950E-01 2.57419E-01 9.22719E-02 6.40525E-03 3.33551E+00 
6.40525E-03 1.12261E-01 2.77180E-01 3.42498E-01 3.64752E-01 3.89393E-01 4.08356E-01 2.77276E-01 1.12261E-01 6.40525E-03 3.87520E+00 
6.40525E-03 1.18337E-01 2.83212E-01 3.48201E-01 3.70492E-01 3.95453E-01 4.14560E-01 2.83311E-01 1.18337E-01 6.40525E-03 4.03884E+00 
6.40525E-03 1.48764E-01 3.13411E-01 3.76846E-01 3.99309E-01 4.25827E-01 4.45636E-01 3.13525E-01 1.48764E-01 6.40525E-03 4.85470E+00 
6.40525E-03 1.81671E-01 3.46061E-01 4.07962E-01 4.30596E-01 4.58718E-01 4.79257E-01 3.46191E-01 1.81671E-01 6.40525E-03 5.72920E+00 
6.40525E-03 2.17119E-01 3.81222E-01 4.41615E-01 4.64417E-01 4.94190E-01 5.15486E-01 3.81369E-01 2.17119E-01 6.40525E-03 6.66056E+00 
6.40525E-03 2.55159E-01 4.18945E-01 4.77855E-01 5.00823E-01 5.32293E-01 5.54376E-01 4.19109E-01 2.55159E-01 6.40525E-03 7.64623E+00 
3.64464E-02 2.95620E-01 4.59057E-01 5.16529E-01 5.39655E-01 5.72854E-01 5.95747E-01 4.59237E-01 2.95620E-01 3.64464E-02 8.61367E+00 
8.29599E-02 3.38794E-01 5.01845E-01 5.57904E-01 5.81186E-01 6.16166E-01 6.39903E-01 5.02044E-01 3.38794E-01 8.29599E-02 9.61362E+00 
1.32285E-01 3.84741E-01 5.47370E-01 6.02038E-01 6.25473E-01 6.62292E-01 6.86908E-01 5.47587E-01 3.84741E-01 1.32285E-01 1.06563E+01 
1.84405E-01 4.33448E-01 5.95617E-01 6.48920E-01 6.72505E-01 7.11219E-01 7.36750E-01 5.95854E-01 4.33448E-01 1.84405E-01 1.17370E+01 
2.39281E-01 4.84881E-01 6.46551E-01 6.98516E-01 7.22248E-01 7.62912E-01 7.89395E-01 6.46807E-01 4.84881E-01 2.39281E-01 1.28504E+01 
2.96853E-01 5.38982E-01 7.00112E-01 7.50772E-01 7.74645E-01 8.17314E-01 8.44785E-01 7.00388E-01 5.38982E-01 2.96853E-01 1.39903E+01 
3.57035E-01 5.95669E-01 7.56216E-01 8.05604E-01 8.29615E-01 8.74342E-01 9.02838E-01 7.56514E-01 5.95669E-01 3.57035E-01 1.51502E+01 
4.19717E-01 6.54834E-01 8.14757E-01 8.62909E-01 8.87052E-01 9.33888E-01 9.63446E-01 8.15077E-01 6.54834E-01 4.19717E-01 1.63231E+01 
4.84763E-01 7.16347E-01 8.75601E-01 9.22554E-01 9.46824E-01 9.95819E-01 1.02648E+00 8.75943E-01 7.16347E-01 4.84763E-01 1.75015E+01 
5.52014E-01 7.80050E-01 9.38592E-01 9.84384E-01 1.00878E+00 1.05998E+00 1.09177E+00 9.38957E-01 7.80050E-01 5.52014E-01 1.86781E+01 
6.21285E-01 8.45762E-01 1.00355E+00 1.04822E+00 1.07273E+00 1.12618E+00 1.15915E+00 1.00393E+00 8.45762E-01 6.21285E-01 1.98451E+01 
6.92369E-01 9.13278E-01 1.07026E+00 1.11385E+00 1.13847E+00 1.19422E+00 1.22840E+00 1.07067E+00 9.13278E-01 6.92369E-01 2.09949E+01 
7.65037E-01 9.82373E-01 1.13850E+00 1.18106E+00 1.20578E+00 1.26387E+00 1.29930E+00 1.13894E+00 9.82373E-01 7.65037E-01 2.21201E+01 
5.81739E-03 4.97427E-02 1.44283E-01 2.04505E-01 2.27218E-01 2.47457E-01 2.64244E-01 1.44312E-01 4.97427E-02 5.81739E-03 2.57365E-01 
5.81739E-03 4.97427E-02 1.58975E-01 2.17917E-01 2.40778E-01 2.62389E-01 2.79758E-01 1.59017E-01 4.97427E-02 5.81739E-03 6.86176E-01 
5.81739E-03 7.11533E-03 1.74974E-01 2.32664E-01 2.55670E-01 2.78678E-01 2.96646E-01 1.75030E-01 7.11533E-03 5.81739E-03 1.14239E+00 
5.81739E-03 2.47034E-02 1.92329E-01 2.48792E-01 2.71941E-01 2.96374E-01 3.14960E-01 1.92399E-01 2.47034E-02 5.81739E-03 1.62024E+00 
5.81739E-03 4.38690E-02 2.11237E-01 2.66486E-01 2.89775E-01 3.15679E-01 3.34907E-01 2.11322E-01 4.38690E-02 5.81739E-03 2.14032E+00 
5.81739E-03 6.46645E-02 2.31751E-01 2.85798E-01 3.09226E-01 3.36644E-01 3.56540E-01 2.31851E-01 6.46645E-02 5.81739E-03 2.70300E+00 
5.81739E-03 8.71407E-02 2.53920E-01 3.06781E-01 3.30347E-01 3.59322E-01 3.79911E-01 2.54036E-01 8.71407E-02 5.81739E-03 3.30832E+00 
5.81739E-03 1.05714E-01 2.72238E-01 3.24194E-01 3.47864E-01 3.78074E-01 3.99217E-01 2.72367E-01 1.05714E-01 5.81739E-03 3.80567E+00 
5.81739E-03 1.11343E-01 2.77789E-01 3.29482E-01 3.53183E-01 3.83759E-01 4.05066E-01 2.77921E-01 1.11343E-01 5.81739E-03 3.95581E+00 
5.81739E-03 1.39421E-01 3.05476E-01 3.55932E-01 3.79775E-01 4.12125E-01 4.34237E-01 3.05627E-01 1.39421E-01 5.81739E-03 4.70018E+00 
5.81739E-03 1.69597E-01 3.35229E-01 3.84472E-01 4.08455E-01 4.42628E-01 4.65575E-01 3.35398E-01 1.69597E-01 5.81739E-03 5.49080E+00 
5.81739E-03 2.01905E-01 3.67080E-01 4.15138E-01 4.39257E-01 4.75302E-01 4.99116E-01 3.67269E-01 2.01905E-01 5.81739E-03 6.32534E+00 
5.81739E-03 2.36369E-01 4.01051E-01 4.47953E-01 4.72205E-01 5.10169E-01 5.34881E-01 4.01261E-01 2.36369E-01 5.81739E-03 7.20082E+00 
3.30330E-02 2.72854E-01 4.37010E-01 4.82799E-01 5.07177E-01 5.47089E-01 5.72724E-01 4.37240E-01 2.72854E-01 3.30330E-02 8.05044E+00 
7.49595E-02 3.11556E-01 4.75145E-01 5.19848E-01 5.44349E-01 5.86263E-01 6.12858E-01 4.75397E-01 3.11556E-01 7.49595E-02 8.92061E+00 
1.19156E-01 3.52491E-01 5.15473E-01 5.59116E-01 5.83736E-01 6.27710E-01 6.55304E-01 5.15746E-01 3.52491E-01 1.19156E-01 9.82023E+00 
1.65581E-01 3.95621E-01 5.57952E-01 6.00564E-01 6.25299E-01 6.71391E-01 7.00024E-01 5.58248E-01 3.95621E-01 1.65581E-01 1.07446E+01 
2.14173E-01 4.40888E-01 6.02525E-01 6.44137E-01 6.68983E-01 7.17248E-01 7.46958E-01 6.02845E-01 4.40888E-01 2.14173E-01 1.16886E+01 
2.64851E-01 4.88215E-01 6.49113E-01 6.89758E-01 7.14710E-01 7.65202E-01 7.96028E-01 6.49457E-01 4.88215E-01 2.64851E-01 1.26466E+01 
3.17512E-01 5.37503E-01 6.97617E-01 7.37328E-01 7.62382E-01 8.15152E-01 8.47136E-01 6.97985E-01 5.37503E-01 3.17512E-01 1.36125E+01 
3.72035E-01 5.88634E-01 7.47917E-01 7.86731E-01 8.11880E-01 8.66979E-01 9.00159E-01 7.48311E-01 5.88634E-01 3.72035E-01 1.45802E+01 
4.28278E-01 6.41468E-01 7.99873E-01 8.37827E-01 8.63067E-01 9.20542E-01 9.54958E-01 8.00293E-01 6.41468E-01 4.28278E-01 1.55433E+01 
4.86079E-01 6.95847E-01 8.53327E-01 8.90459E-01 9.15784E-01 9.75680E-01 1.01137E+00 8.53773E-01 6.95847E-01 4.86079E-01 1.64954E+01 
5.45257E-01 7.51593E-01 9.08101E-01 9.44449E-01 9.69853E-01 1.03221E+00 1.06922E+00 9.08573E-01 7.51593E-01 5.45257E-01 1.74302E+01 
6.05615E-01 8.08511E-01 9.63999E-01 9.99603E-01 1.02508E+00 1.08994E+00 1.12830E+00 9.64498E-01 8.08511E-01 6.05615E-01 1.83413E+01 
6.66938E-01 8.66391E-01 1.02081E+00 1.05571E+00 1.08125E+00 1.14866E+00 1.18840E+00 1.02134E+00 8.66391E-01 6.66938E-01 1.92230E+01 
5.26543E-03 4.71602E-02 1.47199E-01 1.93957E-01 2.18132E-01 2.43660E-01 2.62294E-01 1.47249E-01 4.71602E-02 5.26543E-03 4.07139E-01 
5.26543E-03 4.71602E-02 1.61234E-01 2.06998E-01 2.31293E-01 2.58397E-01 2.77705E-01 1.61300E-01 4.71602E-02 5.26543E-03 8.23272E-01 
5.26543E-03 6.80660E-03 1.76405E-01 2.21204E-01 2.45614E-01 2.74321E-01 2.94321E-01 1.76488E-01 6.80660E-03 5.26543E-03 1.26105E+00 
5.26543E-03 2.35384E-02 1.92750E-01 2.36611E-01 2.61134E-01 2.91473E-01 3.12184E-01 1.92851E-01 2.35384E-02 5.26543E-03 1.71472E+00 
5.26543E-03 4.16380E-02 2.10436E-01 2.53373E-01 2.78007E-01 3.10023E-01 3.31475E-01 2.10555E-01 4.16380E-02 5.26543E-03 2.20364E+00 
5.26543E-03 6.11411E-02 2.29496E-01 2.71527E-01 2.96269E-01 3.30010E-01 3.52230E-01 2.29634E-01 6.11411E-02 5.26543E-03 2.72760E+00 
5.26543E-03 8.20813E-02 2.49965E-01 2.91108E-01 3.15956E-01 3.51466E-01 3.74483E-01 2.50122E-01 8.20813E-02 5.26543E-03 3.28606E+00 
5.26543E-03 9.92879E-02 2.66785E-01 3.07256E-01 3.32184E-01 3.69094E-01 3.92746E-01 2.66958E-01 9.92879E-02 5.26543E-03 3.74124E+00 
5.26543E-03 1.04486E-01 2.71868E-01 3.12144E-01 3.37095E-01 3.74419E-01 3.98261E-01 2.72045E-01 1.04486E-01 5.26543E-03 3.87805E+00 
5.26543E-03 1.30312E-01 2.97117E-01 3.36483E-01 3.61542E-01 4.00872E-01 4.25636E-01 2.97317E-01 1.30312E-01 5.26543E-03 4.55238E+00 
5.26543E-03 1.57888E-01 3.24080E-01 3.62562E-01 3.87726E-01 4.29112E-01 4.54832E-01 3.24302E-01 1.57888E-01 5.26543E-03 5.26195E+00 
5.26543E-03 1.87227E-01 3.52768E-01 3.90396E-01 4.15660E-01 4.59150E-01 4.85861E-01 3.53013E-01 1.87227E-01 5.26543E-03 6.00406E+00 
5.26543E-03 2.18327E-01 3.83179E-01 4.19983E-01 4.45344E-01 4.90986E-01 5.18722E-01 3.83449E-01 2.18327E-01 5.26543E-03 6.77553E+00 
2.98354E-02 2.51087E-01 4.15213E-01 4.51234E-01 4.76686E-01 5.24503E-01 5.53291E-01 4.15508E-01 2.51087E-01 2.98354E-02 7.51527E+00 
6.74902E-02 2.85622E-01 4.48979E-01 4.84245E-01 5.09784E-01 5.59831E-01 5.89710E-01 4.49299E-01 2.85622E-01 6.74902E-02 8.26559E+00 
1.06941E-01 3.21918E-01 4.84461E-01 5.19000E-01 5.44621E-01 5.96957E-01 6.27969E-01 4.84807E-01 3.21918E-01 1.06941E-01 9.03434E+00 
1.48128E-01 3.59919E-01 5.21600E-01 5.55443E-01 5.81142E-01 6.35822E-01 6.68011E-01 5.21973E-01 3.59919E-01 1.48128E-01 9.81706E+00 
1.90974E-01 3.99551E-01 5.60323E-01 5.93501E-01 6.19273E-01 6.76353E-01 7.09759E-01 5.60723E-01 3.99551E-01 1.90974E-01 1.06089E+01 
2.35386E-01 4.40725E-01 6.00540E-01 6.33085E-01 6.58926E-01 7.18456E-01 7.53124E-01 6.00968E-01 4.40725E-01 2.35386E-01 1.14049E+01 
2.81253E-01 4.83334E-01 6.42143E-01 6.74090E-01 6.99994E-01 7.62024E-01 7.97994E-01 6.42600E-01 4.83334E-01 2.81253E-01 1.21997E+01 
3.28451E-01 5.27255E-01 6.85009E-01 7.16392E-01 7.42354E-01 8.06929E-01 8.44244E-01 6.85495E-01 5.27255E-01 3.28451E-01 1.29880E+01 
3.76835E-01 5.72348E-01 7.28999E-01 7.59853E-01 7.85868E-01 8.53031E-01 8.91731E-01 7.29514E-01 5.72348E-01 3.76835E-01 1.37643E+01 
4.26249E-01 6.18460E-01 7.73959E-01 8.04319E-01 8.30380E-01 9.00172E-01 9.40299E-01 7.74504E-01 6.18460E-01 4.26249E-01 1.45235E+01 
4.76523E-01 6.65424E-01 8.19720E-01 8.49622E-01 8.75725E-01 9.48181E-01 9.89774E-01 8.20295E-01 6.65424E-01 4.76523E-01 1.52603E+01 
5.27473E-01 7.13059E-01 8.66104E-01 8.95584E-01 9.21722E-01 9.96875E-01 1.03997E+00 8.66710E-01 7.13059E-01 5.27473E-01 1.59699E+01 
5.78907E-01 7.61174E-01 9.12921E-01 9.42013E-01 9.68180E-01 1.04606E+00 1.09070E+00 9.13557E-01 7.61174E-01 5.78907E-01 1.66476E+01 
4.74769E-03 4.45727E-02 1.49516E-01 1.84808E-01 2.10250E-01 2.42273E-01 2.63045E-01 1.49598E-01 4.45727E-02 4.74769E-03 5.70507E-01 
4.74769E-03 4.45727E-02 1.62843E-01 1.97439E-01 2.22967E-01 2.56789E-01 2.78340E-01 1.62945E-01 4.45727E-02 4.74769E-03 9.71252E-01 
4.74769E-03 6.49113E-03 1.77145E-01 2.11072E-01 2.36684E-01 2.72328E-01 2.94679E-01 1.77269E-01 6.49113E-03 4.74769E-03 1.38812E+00 
4.74769E-03 2.23590E-02 1.92452E-01 2.25736E-01 2.51428E-01 2.88922E-01 3.12095E-01 1.92597E-01 2.23590E-02 4.74769E-03 1.81549E+00 
4.74769E-03 3.93978E-02 2.08897E-01 2.41558E-01 2.67327E-01 3.06719E-01 3.30745E-01 2.09065E-01 3.93978E-02 4.74769E-03 2.27154E+00 
4.74769E-03 5.76290E-02 2.26503E-01 2.58558E-01 2.84403E-01 3.25740E-01 3.50650E-01 2.26694E-01 5.76290E-02 4.74769E-03 2.75559E+00 
4.74769E-03 7.70713E-02 2.45287E-01 2.76758E-01 3.02674E-01 3.46004E-01 3.71829E-01 2.45501E-01 7.70713E-02 4.74769E-03 3.26670E+00 
4.74769E-03 9.29546E-02 2.60638E-01 2.91671E-01 3.17642E-01 3.62544E-01 3.89099E-01 2.60871E-01 9.29546E-02 4.74769E-03 3.67990E+00 
4.74769E-03 9.77380E-02 2.65262E-01 2.96170E-01 3.22156E-01 3.67523E-01 3.94295E-01 2.65500E-01 9.77380E-02 4.74769E-03 3.80353E+00 
4.74769E-03 1.21403E-01 2.88142E-01 3.18469E-01 3.44527E-01 3.92140E-01 4.19969E-01 2.88407E-01 1.21403E-01 4.74769E-03 4.40932E+00 
4.74769E-03 1.46502E-01 3.12416E-01 3.42191E-01 3.68317E-01 4.18225E-01 4.47148E-01 3.12709E-01 1.46502E-01 4.74769E-03 5.04068E+00 
4.74769E-03 1.73031E-01 3.38079E-01 3.67331E-01 3.93520E-01 4.45771E-01 4.75826E-01 3.38400E-01 1.73031E-01 4.74769E-03 5.69477E+00 
4.74769E-03 2.00972E-01 3.65112E-01 3.93871E-01 4.20119E-01 4.74760E-01 5.05983E-01 3.65461E-01 2.00972E-01 4.74769E-03 6.36835E+00 
2.68433E-02 2.30244E-01 3.93440E-01 4.21741E-01 4.48044E-01 5.05092E-01 5.37510E-01 3.93819E-01 2.30244E-01 2.68433E-02 7.00593E+00 
6.05258E-02 2.60905E-01 4.23110E-01 4.50983E-01 4.77335E-01 5.36842E-01 5.70499E-01 4.23518E-01 2.60905E-01 6.05258E-02 7.64602E+00 
9.55928E-02 2.92918E-01 4.54082E-01 4.81556E-01 5.07953E-01 5.69976E-01 6.04917E-01 4.54521E-01 2.92918E-01 9.55928E-02 8.29558E+00 
1.31972E-01 3.26214E-01 4.86288E-01 5.13391E-01 5.39830E-01 6.04421E-01 6.40691E-01 4.86758E-01 3.26214E-01 1.31972E-01 8.95052E+00 
1.69579E-01 3.60712E-01 5.19645E-01 5.46408E-01 5.72883E-01 6.40095E-01 6.77739E-01 5.20147E-01 3.60712E-01 1.69579E-01 9.60654E+00 
2.08314E-01 3.96317E-01 5.54058E-01 5.80512E-01 6.07019E-01 6.76897E-01 7.15960E-01 5.54592E-01 3.96317E-01 2.08314E-01 1.02592E+01 
2.48066E-01 4.32919E-01 5.89418E-01 6.15594E-01 6.42127E-01 7.14716E-01 7.55242E-01 5.89985E-01 4.32919E-01 2.48066E-01 1.09040E+01 
2.88708E-01 4.70396E-01 6.25604E-01 6.51533E-01 6.78087E-01 7.53426E-01 7.95459E-01 6.26203E-01 4.70396E-01 2.88708E-01 1.15364E+01 
3.30105E-01 5.08617E-01 6.62482E-01 6.88195E-01 7.14765E-01 7.92891E-01 8.36473E-01 6.63115E-01 5.08617E-01 3.30105E-01 1.21520E+01 
3.72110E-01 5.47436E-01 6.99909E-01 7.25437E-01 7.52018E-01 8.32963E-01 8.78135E-01 7.00575E-01 5.47436E-01 3.72110E-01 1.27467E+01 
4.14565E-01 5.86700E-01 7.37732E-01 7.63106E-01 7.89691E-01 8.73483E-01 9.20287E-01 7.38432E-01 5.86700E-01 4.14565E-01 1.33163E+01 
4.57307E-01 6.26248E-01 7.75791E-01 8.01039E-01 8.27624E-01 9.14286E-01 9.62760E-01 7.76524E-01 6.26248E-01 4.57307E-01 1.38572E+01 
5.00165E-01 6.65912E-01 8.13918E-01 8.39070E-01 8.65648E-01 9.55200E-01 1.00538E+00 8.14685E-01 6.65912E-01 5.00165E-01 1.43659E+01 
4.26195E-03 4.19623E-02 1.51062E-01 1.77086E-01 2.03532E-01 2.43464E-01 2.66729E-01 1.51193E-01 4.19623E-02 4.26195E-03 7.45519E-01 
4.26195E-03 4.19623E-02 1.63625E-01 1.89254E-01 2.15753E-01 2.57715E-01 2.81882E-01 1.63782E-01 4.19623E-02 4.26195E-03 1.12785E+00 
4.26195E-03 6.16614E-03 1.77012E-01 2.02271E-01 2.28821E-01 2.72835E-01 2.97925E-01 1.77195E-01 6.16614E-03 4.26195E-03 1.52113E+00 
4.26195E-03 2.11559E-02 1.91244E-01 2.16158E-01 2.42754E-01 2.88845E-01 3.14884E-01 1.91454E-01 2.11559E-02 4.26195E-03 1.91990E+00 
4.26195E-03 3.71324E-02 2.06428E-01 2.31015E-01 2.57656E-01 3.05873E-01 3.32894E-01 2.06664E-01 3.71324E-02 4.26195E-03 2.34125E+00 
4.26195E-03 5.41050E-02 2.22571E-01 2.46853E-01 2.73536E-01 3.23926E-01 3.51965E-01 2.22835E-01 5.41050E-02 4.26195E-03 2.78417E+00 
4.26195E-03 7.20806E-02 2.39682E-01 2.63680E-01 2.90402E-01 3.43011E-01 3.72101E-01 2.39974E-01 7.20806E-02 4.26195E-03 3.24743E+00 
4.26195E-03 8.66784E-02 2.53585E-01 2.77379E-01 3.04129E-01 3.58486E-01 3.88413E-01 2.53900E-01 8.66784E-02 4.26195E-03 3.61886E+00 
4.26195E-03 9.10603E-02 2.57759E-01 2.81496E-01 3.08254E-01 3.63127E-01 3.93303E-01 2.58081E-01 9.10603E-02 4.26195E-03 3.72948E+00 
4.26195E-03 1.12646E-01 2.78331E-01 3.01812E-01 3.28605E-01 3.85967E-01 4.17351E-01 2.78685E-01 1.12646E-01 4.26195E-03 4.26826E+00 
4.26195E-03 1.35382E-01 3.00010E-01 3.23262E-01 3.50088E-01 4.09984E-01 4.42619E-01 3.00397E-01 1.35382E-01 4.26195E-03 4.82426E+00 
4.26195E-03 1.59251E-01 3.22778E-01 3.45828E-01 3.72682E-01 4.35159E-01 4.69083E-01 3.23198E-01 1.59251E-01 4.26195E-03 5.39468E+00 
4.26195E-03 1.84222E-01 3.46604E-01 3.69481E-01 3.96360E-01 4.61459E-01 4.96713E-01 3.47058E-01 1.84222E-01 4.26195E-03 5.97638E+00 
2.40433E-02 2.10232E-01 3.71435E-01 3.94168E-01 4.21065E-01 4.88797E-01 5.25407E-01 3.71922E-01 2.10232E-01 2.40433E-02 6.51927E+00 
5.40336E-02 2.37295E-01 3.97269E-01 4.19885E-01 4.46798E-01 5.17210E-01 5.55222E-01 3.97791E-01 2.37295E-01 5.40336E-02 7.05832E+00 
8.50548E-02 2.65359E-01 4.24052E-01 4.46578E-01 4.73502E-01 5.46646E-01 5.86109E-01 4.24609E-01 2.65359E-01 8.50548E-02 7.59979E+00 
1.17029E-01 2.94350E-01 4.51709E-01 4.74172E-01 5.01103E-01 5.77029E-01 6.17989E-01 4.52302E-01 2.94350E-01 1.17029E-01 8.14005E+00 
1.49867E-01 3.24182E-01 4.80156E-01 5.02583E-01 5.29516E-01 6.08267E-01 6.50774E-01 4.80785E-01 3.24182E-01 1.49867E-01 8.67534E+00 
1.83470E-01 3.54760E-01 5.09297E-01 5.31715E-01 5.58646E-01 6.40263E-01 6.84361E-01 5.09963E-01 3.54760E-01 1.83470E-01 9.20190E+00 
2.17729E-01 3.85977E-01 5.39027E-01 5.61462E-01 5.88386E-01 6.72905E-01 7.18640E-01 5.39729E-01 3.85977E-01 2.17729E-01 9.71600E+00 
2.52524E-01 4.17719E-01 5.69230E-01 5.91709E-01 6.18621E-01 7.06073E-01 7.53489E-01 5.69970E-01 4.17719E-01 2.52524E-01 1.02140E+01 
2.87730E-01 4.49862E-01 5.99785E-01 6.22332E-01 6.49228E-01 7.39639E-01 7.88780E-01 6.00562E-01 4.49862E-01 2.87730E-01 1.06924E+01 
3.23211E-01 4.82276E-01 6.30563E-01 6.53201E-01 6.80075E-01 7.73468E-01 8.24374E-01 6.31376E-01 4.82276E-01 3.23211E-01 1.11480E+01 
3.58829E-01 5.14823E-01 6.61426E-01 6.84179E-01 7.11026E-01 8.07417E-01 8.60129E-01 6.62276E-01 5.14823E-01 3.58829E-01 1.15776E+01 
3.94440E-01 5.47363E-01 6.92236E-01 7.15125E-01 7.41941E-01 8.41342E-01 8.95896E-01 6.93123E-01 5.47363E-01 3.94440E-01 1.19787E+01 
4.29897E-01 5.79752E-01 7.22850E-01 7.45896E-01 7.72675E-01 8.75091E-01 9.31525E-01 7.23773E-01 5.79752E-01 4.29897E-01 1.23489E+01 
3.80698E-03 3.93148E-02 1.51640E-01 1.70795E-01 1.97927E-01 2.47375E-01 2.73563E-01 1.51846E-01 3.93148E-02 3.80698E-03 9.28539E-01 
3.80698E-03 3.93148E-02 1.63380E-01 1.82435E-01 2.09590E-01 2.61303E-01 2.88534E-01 1.63617E-01 3.93148E-02 3.80698E-03 1.28925E+00 
3.80698E-03 5.82916E-03 1.75802E-01 1.94779E-01 2.21954E-01 2.75950E-01 3.04248E-01 1.76071E-01 5.82916E-03 3.80698E-03 1.65613E+00 
3.80698E-03 1.99212E-02 1.88921E-01 2.07841E-01 2.35032E-01 2.91333E-01 3.20724E-01 1.89222E-01 1.99212E-02 3.80698E-03 2.02401E+00 
3.80698E-03 3.48290E-02 2.02817E-01 2.21700E-01 2.48905E-01 3.07559E-01 3.38080E-01 2.03151E-01 3.48290E-02 3.80698E-03 2.40891E+00 
3.80698E-03 5.05522E-02 2.17490E-01 2.36356E-01 2.63574E-01 3.24626E-01 3.56315E-01 2.17857E-01 5.05522E-02 3.80698E-03 2.80960E+00 
3.80698E-03 6.70881E-02 2.32937E-01 2.51807E-01 2.79034E-01 3.42529E-01 3.75423E-01 2.33338E-01 6.70881E-02 3.80698E-03 3.22468E+00 
3.80698E-03 8.04356E-02 2.45416E-01 2.64302E-01 2.91535E-01 3.56948E-01 3.90800E-01 2.45843E-01 8.04356E-02 3.80698E-03 3.55470E+00 
3.80698E-03 8.44286E-02 2.49150E-01 2.68044E-01 2.95278E-01 3.61257E-01 3.95393E-01 2.49585E-01 8.44286E-02 3.80698E-03 3.65252E+00 
3.80698E-03 1.04013E-01 2.67475E-01 2.86419E-01 3.13657E-01 3.82359E-01 4.17876E-01 2.67948E-01 1.04013E-01 3.80698E-03 4.12605E+00 
3.80698E-03 1.24496E-01 2.86653E-01 3.05672E-01 3.32911E-01 4.04378E-01 4.41319E-01 2.87165E-01 1.24496E-01 3.80698E-03 4.60980E+00 
3.80698E-03 1.45849E-01 3.06656E-01 3.25774E-01 3.53011E-01 4.27283E-01 4.65690E-01 3.07207E-01 1.45849E-01 3.80698E-03 5.10107E+00 
3.80698E-03 1.68034E-01 3.27447E-01 3.46687E-01 3.73919E-01 4.51031E-01 4.90947E-01 3.28037E-01 1.68034E-01 3.80698E-03 5.59699E+00 
2.14280E-02 1.91001E-01 3.48988E-01 3.68372E-01 3.95593E-01 4.75547E-01 5.16997E-01 3.49617E-01 1.91001E-01 2.14280E-02 6.05264E+00 
4.79945E-02 2.14735E-01 3.71245E-01 3.90796E-01 4.18003E-01 5.00839E-01 5.43870E-01 3.71914E-01 2.14735E-01 4.79945E-02 6.49969E+00 
7.52926E-02 2.39174E-01 3.94153E-01 4.13894E-01 4.41084E-01 5.26847E-01 5.71511E-01 3.94862E-01 2.39174E-01 7.52926E-02 6.94383E+00 
1.03243E-01 2.64242E-01 4.17638E-01 4.37590E-01 4.64759E-01 5.53491E-01 5.99836E-01 4.18387E-01 2.64242E-01 1.03243E-01 7.38193E+00 
1.31757E-01 2.89854E-01 4.41616E-01 4.61802E-01 4.88945E-01 5.80681E-01 6.28756E-01 4.42406E-01 2.89854E-01 1.31757E-01 7.81084E+00 
1.60741E-01 3.15920E-01 4.65996E-01 4.86436E-01 5.13550E-01 6.08320E-01 6.58173E-01 4.66826E-01 3.15920E-01 1.60741E-01 8.22748E+00 
1.90090E-01 3.42340E-01 4.90679E-01 5.11393E-01 5.38473E-01 6.36303E-01 6.87979E-01 4.91551E-01 3.42340E-01 1.90090E-01 8.62883E+00 
2.19696E-01 3.69008E-01 5.15563E-01 5.36567E-01 5.63610E-01 6.64519E-01 7.18062E-01 5.16474E-01 3.69008E-01 2.19696E-01 9.01206E+00 
2.49445E-01 3.95812E-01 5.40536E-01 5.61849E-01 5.88849E-01 6.92852E-01 7.48304E-01 5.41488E-01 3.95812E-01 2.49445E-01 9.37453E+00 
2.79218E-01 4.22639E-01 5.65486E-01 5.87122E-01 6.14076E-01 7.21180E-01 7.78581E-01 5.66477E-01 4.22639E-01 2.79218E-01 9.71382E+00 
3.08894E-01 4.49369E-01 5.90295E-01 6.12268E-01 6.39171E-01 7.49380E-01 8.08766E-01 5.91326E-01 4.49369E-01 3.08894E-01 1.00278E+01 
3.38350E-01 4.75883E-01 6.14847E-01 6.37169E-01 6.64015E-01 7.77325E-01 8.38733E-01 6.15916E-01 4.75883E-01 3.38350E-01 1.03146E+01 
3.67462E-01 5.02061E-01 6.39022E-01 6.61702E-01 6.88488E-01 8.04889E-01 8.68351E-01 6.40129E-01 5.02061E-01 3.67462E-01 1.05728E+01 
3.38167E-03 3.66183E-02 1.51038E-01 1.65883E-01 1.93353E-01 2.54098E-01 2.83728E-01 1.51355E-01 3.66183E-02 3.38167E-03 1.11434E+00 
3.38167E-03 3.66183E-02 1.61894E-01 1.76915E-01 2.04383E-01 2.67622E-01 2.98458E-01 1.62248E-01 3.66183E-02 3.38167E-03 1.45017E+00 
3.38167E-03 5.47787E-03 1.73301E-01 1.88516E-01 2.15979E-01 2.81726E-01 3.13791E-01 1.73693E-01 5.47787E-03 3.38167E-03 1.78791E+00 
3.38167E-03 1.86479E-02 1.85268E-01 2.00694E-01 2.28150E-01 2.96420E-01 3.29741E-01 1.85698E-01 1.86479E-02 3.38167E-03 2.12273E+00 
3.38167E-03 3.24766E-02 1.97854E-01 2.13508E-01 2.40955E-01 3.11794E-01 3.46412E-01 1.98323E-01 3.24766E-02 3.38167E-03 2.46961E+00 
3.38167E-03 4.69564E-02 2.11050E-01 2.26951E-01 2.54388E-01 3.27837E-01 3.63792E-01 2.11558E-01 4.69564E-02 3.38167E-03 2.82722E+00 
3.38167E-03 6.20771E-02 2.24847E-01 2.41013E-01 2.68436E-01 3.44537E-01 3.81869E-01 2.25395E-01 6.20771E-02 3.38167E-03 3.19411E+00 
3.38167E-03 7.42074E-02 2.35926E-01 2.52309E-01 2.79721E-01 3.57898E-01 3.96323E-01 2.36505E-01 7.42074E-02 3.38167E-03 3.48332E+00 
3.38167E-03 7.78239E-02 2.39231E-01 2.55679E-01 2.83087E-01 3.61876E-01 4.00625E-01 2.39819E-01 7.78239E-02 3.38167E-03 3.56864E+00 
3.38167E-03 9.54829E-02 2.55375E-01 2.72147E-01 2.99537E-01 3.81262E-01 4.21583E-01 2.56007E-01 9.54829E-02 3.38167E-03 3.97903E+00 
3.38167E-03 1.13819E-01 2.72151E-01 2.89267E-01 3.16635E-01 4.01333E-01 4.43270E-01 2.72828E-01 1.13819E-01 3.38167E-03 4.39392E+00 
3.38167E-03 1.32798E-01 2.89525E-01 3.07003E-01 3.34347E-01 4.22048E-01 4.65646E-01 2.90247E-01 1.32798E-01 3.38167E-03 4.81084E+00 
3.38167E-03 1.52377E-01 3.07456E-01 3.25313E-01 3.52630E-01 4.43363E-01 4.88665E-01 3.08223E-01 1.52377E-01 3.38167E-03 5.22723E+00 
1.89905E-02 1.72518E-01 3.25921E-01 3.44169E-01 3.71455E-01 4.65207E-01 5.12237E-01 3.26731E-01 1.72518E-01 1.89905E-02 5.60313E+00 
4.23907E-02 1.93185E-01 3.44861E-01 3.63517E-01 3.90769E-01 4.87572E-01 5.36378E-01 3.45716E-01 1.93185E-01 4.23907E-02 5.96709E+00 
6.62738E-02 2.14311E-01 3.64209E-01 3.83289E-01 4.10504E-01 5.10393E-01 5.61028E-01 3.65108E-01 2.14311E-01 6.62738E-02 6.32436E+00 
9.05623E-02 2.35824E-01 3.83891E-01 4.03411E-01 4.30586E-01 5.33591E-01 5.86104E-01 3.84835E-01 2.35824E-01 9.05623E-02 6.67231E+00 
1.15173E-01 2.57644E-01 4.03830E-01 4.23803E-01 4.50934E-01 5.57080E-01 6.11520E-01 4.04819E-01 2.57644E-01 1.15173E-01 7.00840E+00 
1.40017E-01 2.79685E-01 4.23943E-01 4.44381E-01 4.71465E-01 5.80769E-01 6.37183E-01 4.24975E-01 2.79685E-01 1.40017E-01 7.33018E+00 
1.65001E-01 3.01858E-01 4.44140E-01 4.65054E-01 4.92087E-01 6.04560E-01 6.62992E-01 4.45216E-01 3.01858E-01 1.65001E-01 7.63535E+00 
1.90027E-01 3.24068E-01 4.64330E-01 4.85729E-01 5.12707E-01 6.28354E-01 6.88846E-01 4.65450E-01 3.24068E-01 1.90027E-01 7.92177E+00 
2.14995E-01 3.46219E-01 4.84419E-01 5.06308E-01 5.33227E-01 6.52048E-01 7.14639E-01 4.85580E-01 3.46219E-01 2.14995E-01 8.18753E+00 
2.39804E-01 3.68212E-01 5.04309E-01 5.26694E-01 5.53550E-01 6.75535E-01 7.40263E-01 5.05512E-01 3.68212E-01 2.39804E-01 8.43097E+00 
2.64350E-01 3.89947E-01 5.23903E-01 5.46786E-01 5.73575E-01 6.98711E-01 7.65608E-01 5.25147E-01 3.89947E-01 2.64350E-01 8.65067E+00 
2.88531E-01 4.11325E-01 5.43105E-01 5.66487E-01 5.93203E-01 7.21468E-01 7.90565E-01 5.44388E-01 4.11325E-01 2.88531E-01 8.84551E+00 
3.12247E-01 4.32248E-01 5.61820E-01 5.85698E-01 6.12338E-01 7.43704E-01 8.15028E-01 5.63140E-01 4.32248E-01 3.12247E-01 9.01462E+00 
2.98534E-03 3.38673E-02 1.49044E-01 1.62220E-01 1.89686E-01 2.63639E-01 2.97333E-01 1.49519E-01 3.38673E-02 2.98534E-03 1.29596E+00 
2.98534E-03 3.38673E-02 1.58956E-01 1.72553E-01 2.00002E-01 2.76661E-01 3.11743E-01 1.59475E-01 3.38673E-02 2.98534E-03 1.60383E+00 
2.98534E-03 5.11086E-03 1.69301E-01 1.83329E-01 2.10760E-01 2.90131E-01 3.26625E-01 1.69865E-01 5.11086E-03 2.98534E-03 1.90994E+00 
2.98534E-03 1.73320E-02 1.80084E-01 1.94554E-01 2.21964E-01 3.04055E-01 3.41988E-01 1.80693E-01 1.73320E-02 2.98534E-03 2.20987E+00 
2.98534E-03 3.00700E-02 1.91343E-01 2.06268E-01 2.33657E-01 3.18509E-01 3.57925E-01 1.91996E-01 3.00700E-02 2.98534E-03 2.51756E+00 
2.98534E-03 4.33118E-02 2.03064E-01 2.18460E-01 2.45825E-01 3.33475E-01 3.74417E-01 2.03763E-01 4.33118E-02 2.98534E-03 2.83169E+00 
2.98534E-03 5.70423E-02 2.15234E-01 2.31114E-01 2.58454E-01 3.48936E-01 3.91445E-01 2.15978E-01 5.70423E-02 2.98534E-03 3.15082E+00 
2.98534E-03 6.79896E-02 2.24946E-01 2.41209E-01 2.68530E-01 3.61223E-01 4.04974E-01 2.25726E-01 6.79896E-02 2.98534E-03 3.40021E+00 
2.98534E-03 7.12422E-02 2.27833E-01 2.44210E-01 2.71524E-01 3.64868E-01 4.08986E-01 2.28624E-01 7.12422E-02 2.98534E-03 3.47342E+00 
2.98534E-03 8.70533E-02 2.41875E-01 2.58801E-01 2.86085E-01 3.82544E-01 4.28443E-01 2.42716E-01 8.70533E-02 2.98534E-03 3.82327E+00 
2.98534E-03 1.03351E-01 2.56361E-01 2.73847E-01 3.01099E-01 4.00699E-01 4.48425E-01 2.57251E-01 1.03351E-01 2.98534E-03 4.17315E+00 
2.98534E-03 1.20098E-01 2.71252E-01 2.89311E-01 3.16528E-01 4.19291E-01 4.68889E-01 2.72193E-01 1.20098E-01 2.98534E-03 4.52089E+00 
2.98534E-03 1.37252E-01 2.86509E-01 3.05149E-01 3.32329E-01 4.38271E-01 4.89784E-01 2.87500E-01 1.37252E-01 2.98534E-03 4.86429E+00 
1.67263E-02 1.54782E-01 3.02121E-01 3.21342E-01 3.48482E-01 4.57576E-01 5.11025E-01 3.03160E-01 1.54782E-01 1.67263E-02 5.16802E+00 
3.72095E-02 1.72639E-01 3.18013E-01 3.37825E-01 3.64922E-01 4.77186E-01 5.32619E-01 3.19101E-01 1.72639E-01 3.72095E-02 5.45777E+00 
5.79739E-02 1.90760E-01 3.34118E-01 3.54528E-01 3.81580E-01 4.97038E-01 5.54506E-01 3.35254E-01 1.90760E-01 5.79739E-02 5.73837E+00 
7.89469E-02 2.09074E-01 3.50369E-01 3.71383E-01 3.98387E-01 5.17054E-01 5.76608E-01 3.51552E-01 2.09074E-01 7.89469E-02 6.00773E+00 
1.00052E-01 2.27509E-01 3.66694E-01 3.88318E-01 4.15270E-01 5.37156E-01 5.98842E-01 3.67925E-01 2.27509E-01 1.00052E-01 6.26384E+00 
1.21209E-01 2.45989E-01 3.83021E-01 4.05255E-01 4.32153E-01 5.57259E-01 6.21122E-01 3.84298E-01 2.45989E-01 1.21209E-01 6.50487E+00 
1.42335E-01 2.64433E-01 3.99272E-01 4.22117E-01 4.48956E-01 5.77277E-01 6.43358E-01 4.00594E-01 2.64433E-01 1.42335E-01 6.72911E+00 
1.63345E-01 2.82762E-01 4.15368E-01 4.38821E-01 4.65598E-01 5.97122E-01 6.65459E-01 4.16735E-01 2.82762E-01 1.63345E-01 6.93505E+00 
1.84154E-01 3.00893E-01 4.31231E-01 4.55287E-01 4.81998E-01 6.16704E-01 6.87332E-01 4.32640E-01 3.00893E-01 1.84154E-01 7.12142E+00 
2.04677E-01 3.18743E-01 4.46780E-01 4.71432E-01 4.98073E-01 6.35934E-01 7.08885E-01 4.48230E-01 3.18743E-01 2.04677E-01 7.28714E+00 
2.24829E-01 3.36230E-01 4.61937E-01 4.87175E-01 5.13742E-01 6.54724E-01 7.30023E-01 4.63426E-01 3.36230E-01 2.24829E-01 7.43139E+00 
2.44526E-01 3.53276E-01 4.76625E-01 5.02438E-01 5.28925E-01 6.72987E-01 7.50658E-01 4.78152E-01 3.53276E-01 2.44526E-01 7.55359E+00 
2.63689E-01 3.69802E-01 4.90769E-01 5.17143E-01 5.43546E-01 6.90639E-01 7.70700E-01 4.92331E-01 3.69802E-01 2.63689E-01 7.65341E+00 
2.61781E-03 3.10670E-02 1.45463E-01 1.59582E-01 1.86761E-01 2.75890E-01 3.14385E-01 1.46159E-01 3.10670E-02 2.61781E-03 1.46495E+00 
2.61781E-03 3.10670E-02 1.54381E-01 1.69115E-01 1.96276E-01 2.88292E-01 3.28378E-01 1.55129E-01 3.10670E-02 2.61781E-03 1.74220E+00 
2.61781E-03 4.72826E-03 1.63628E-01 1.78980E-01 2.06121E-01 3.01019E-01 3.42721E-01 1.64427E-01 4.72826E-03 2.61781E-03 2.01471E+00 
2.61781E-03 1.59751E-02 1.73206E-01 1.89177E-01 2.16298E-01 3.14078E-01 3.57421E-01 1.74056E-01 1.59751E-02 2.61781E-03 2.27847E+00 
2.61781E-03 2.76134E-02 1.83135E-01 1.99735E-01 2.26835E-01 3.27529E-01 3.72560E-01 1.84035E-01 2.76134E-02 2.61781E-03 2.54643E+00 
2.61781E-03 3.96264E-02 1.93398E-01 2.10637E-01 2.37714E-01 3.41352E-01 3.88115E-01 1.94349E-01 3.96264E-02 2.61781E-03 2.81731E+00 
2.61781E-03 5.19962E-02 2.03979E-01 2.21863E-01 2.48917E-01 3.55525E-01 4.04064E-01 2.04981E-01 5.19962E-02 2.61781E-03 3.08979E+00 
2.61781E-03 6.17985E-02 2.12371E-01 2.30759E-01 2.57794E-01 3.66714E-01 4.16656E-01 2.13413E-01 6.17985E-02 2.61781E-03 3.30083E+00 
2.61781E-03 6.47010E-02 2.14857E-01 2.33393E-01 2.60422E-01 3.70021E-01 4.20378E-01 2.15911E-01 6.47010E-02 2.61781E-03 3.36247E+00 
2.61781E-03 7.87474E-02 2.26894E-01 2.46137E-01 2.73138E-01 3.85980E-01 4.38343E-01 2.28003E-01 7.87474E-02 2.61781E-03 3.65505E+00 
2.61781E-03 9.31210E-02 2.39217E-01 2.59172E-01 2.86143E-01 4.02241E-01 4.56657E-01 2.40381E-01 9.31210E-02 2.61781E-03 3.94436E+00 
2.61781E-03 1.07784E-01 2.51792E-01 2.72459E-01 2.99398E-01 4.18761E-01 4.75274E-01 2.53009E-01 1.07784E-01 2.61781E-03 4.22856E+00 
2.61781E-03 1.22694E-01 2.64577E-01 2.85956E-01 3.12862E-01 4.35491E-01 4.94143E-01 2.65848E-01 1.22694E-01 2.61781E-03 4.50582E+00 
1.46336E-02 1.37830E-01 2.77575E-01 2.99655E-01 3.26523E-01 4.52374E-01 5.13180E-01 2.78897E-01 1.37830E-01 1.46336E-02 4.74517E+00 
3.24442E-02 1.53136E-01 2.90700E-01 3.13480E-01 3.40309E-01 4.69387E-01 5.32393E-01 2.92074E-01 1.53136E-01 3.24442E-02 4.96959E+00 
5.03773E-02 1.68552E-01 3.03889E-01 3.27367E-01 3.54154E-01 4.86464E-01 5.51721E-01 3.05313E-01 1.68552E-01 5.03773E-02 5.18355E+00 
6.83668E-02 1.84013E-01 3.17083E-01 3.41254E-01 3.67996E-01 5.03538E-01 5.71092E-01 3.18555E-01 1.84013E-01 6.83668E-02 5.38543E+00 
8.63444E-02 1.99456E-01 3.30218E-01 3.55076E-01 3.81770E-01 5.20535E-01 5.90430E-01 3.31738E-01 1.99456E-01 8.63444E-02 5.57374E+00 
1.04240E-01 2.14815E-01 3.43232E-01 3.68768E-01 3.95409E-01 5.37380E-01 6.09657E-01 3.44799E-01 2.14815E-01 1.04240E-01 5.74716E+00 
1.21982E-01 2.30020E-01 3.56061E-01 3.82262E-01 4.08847E-01 5.53999E-01 6.28692E-01 3.57671E-01 2.30020E-01 1.21982E-01 5.90451E+00 
1.39499E-01 2.45005E-01 3.68638E-01 3.95490E-01 4.22015E-01 5.70316E-01 6.47457E-01 3.70291E-01 2.45005E-01 1.39499E-01 6.04479E+00 
1.56720E-01 2.59700E-01 3.80899E-01 4.08386E-01 4.34846E-01 5.86254E-01 6.65871E-01 3.82592E-01 2.59700E-01 1.56720E-01 6.16723E+00 
1.73574E-01 2.74040E-01 3.92781E-01 4.20883E-01 4.47273E-01 6.01740E-01 6.83856E-01 3.94512E-01 2.74040E-01 1.73574E-01 6.27123E+00 
1.89994E-01 2.87958E-01 4.04221E-01 4.32917E-01 4.59233E-01 6.16702E-01 7.01335E-01 4.05988E-01 2.87958E-01 1.89994E-01 6.35643E+00 
2.05915E-01 3.01392E-01 4.15162E-01 4.44428E-01 4.70663E-01 6.31071E-01 7.18233E-01 4.16961E-01 3.01392E-01 2.05915E-01 6.42266E+00 
2.21274E-01 3.14284E-01 4.25547E-01 4.55358E-01 4.81506E-01 6.44781E-01 7.34480E-01 4.27376E-01 3.14284E-01 2.21274E-01 6.46995E+00 
2.27924E-03 2.82353E-02 1.40149E-01 1.57638E-01 1.84363E-01 2.90598E-01 3.34761E-01 1.41145E-01 2.82353E-02 2.27924E-03 1.61196E+00 
2.27924E-03 2.82353E-02 1.48041E-01 1.66272E-01 1.92992E-01 3.02247E-01 3.48225E-01 1.49094E-01 2.82353E-02 2.27924E-03 1.85667E+00 
2.27924E-03 4.33235E-03 1.56172E-01 1.75139E-01 2.01854E-01 3.14113E-01 3.61929E-01 1.57282E-01 4.33235E-03 2.27924E-03 2.09437E+00 
2.27924E-03 1.45856E-02 1.64543E-01 1.84241E-01 2.10950E-01 3.26200E-01 3.75878E-01 1.65709E-01 1.45856E-02 2.27924E-03 2.32150E+00 
2.27924E-03 2.51224E-02 1.73158E-01 1.93591E-01 2.20292E-01 3.38558E-01 3.90146E-01 1.74380E-01 2.51224E-02 2.27924E-03 2.55000E+00 
2.27924E-03 3.59242E-02 1.82002E-01 2.03169E-01 2.29863E-01 3.51164E-01 4.04706E-01 1.83279E-01 3.59242E-02 2.27924E-03 2.77871E+00 
2.27924E-03 4.69716E-02 1.91055E-01 2.12958E-01 2.39642E-01 3.63993E-01 4.19534E-01 1.92388E-01 4.69716E-02 2.27924E-03 3.00645E+00 
2.27924E-03 5.56739E-02 1.98192E-01 2.20662E-01 2.47338E-01 3.74055E-01 4.31172E-01 1.99567E-01 5.56739E-02 2.27924E-03 3.18122E+00 
2.27924E-03 5.82421E-02 2.00298E-01 2.22934E-01 2.49608E-01 3.77018E-01 4.34599E-01 2.01685E-01 5.82421E-02 2.27924E-03 3.23200E+00 
2.27924E-03 7.06165E-02 2.10451E-01 2.33873E-01 2.60534E-01 3.91246E-01 4.51073E-01 2.11896E-01 7.06165E-02 2.27924E-03 3.47133E+00 
2.27924E-03 8.31884E-02 2.20766E-01 2.44967E-01 2.71614E-01 4.05627E-01 4.67745E-01 2.22269E-01 8.31884E-02 2.27924E-03 3.70515E+00 
2.27924E-03 9.59217E-02 2.31211E-01 2.56183E-01 2.82812E-01 4.20119E-01 4.84568E-01 2.32769E-01 9.59217E-02 2.27924E-03 3.93198E+00 
2.27924E-03 1.08777E-01 2.41748E-01 2.67479E-01 2.94089E-01 4.34674E-01 5.01494E-01 2.43361E-01 1.08777E-01 2.27924E-03 4.15036E+00 
1.27125E-02 1.21739E-01 2.52388E-01 2.78856E-01 3.05444E-01 4.49244E-01 5.18442E-01 2.54053E-01 1.21739E-01 1.27125E-02 4.33330E+00 
2.80916E-02 1.34752E-01 2.63043E-01 2.90237E-01 3.16798E-01 4.63800E-01 5.35418E-01 2.64758E-01 1.34752E-01 2.80916E-02 4.50126E+00 
4.34731E-02 1.47758E-01 2.73653E-01 3.01560E-01 3.28091E-01 4.78283E-01 5.52367E-01 2.75418E-01 1.47758E-01 4.34731E-02 4.65837E+00 
5.87986E-02 1.60702E-01 2.84168E-01 3.12771E-01 3.39270E-01 4.92630E-01 5.69222E-01 2.85980E-01 1.60702E-01 5.87986E-02 4.80344E+00 
7.40088E-02 1.73530E-01 2.94535E-01 3.23817E-01 3.50277E-01 5.06777E-01 5.85915E-01 2.96391E-01 1.73530E-01 7.40088E-02 4.93542E+00 
8.90437E-02 1.86184E-01 3.04701E-01 3.34641E-01 3.61059E-01 5.20659E-01 6.02375E-01 3.06600E-01 1.86184E-01 8.90437E-02 5.05340E+00 
1.03843E-01 1.98608E-01 3.14613E-01 3.45187E-01 3.71558E-01 5.34212E-01 6.18534E-01 3.16552E-01 1.98608E-01 1.03843E-01 5.15664E+00 
1.18348E-01 2.10745E-01 3.24219E-01 3.55402E-01 3.81719E-01 5.47373E-01 6.34323E-01 3.26195E-01 2.10745E-01 1.18348E-01 5.24456E+00 
1.32500E-01 2.22541E-01 3.33467E-01 3.65231E-01 3.91489E-01 5.60078E-01 6.49673E-01 3.35477E-01 2.22541E-01 1.32500E-01 5.31676E+00 
1.46244E-01 2.33943E-01 3.42310E-01 3.74624E-01 4.00816E-01 5.72268E-01 6.64520E-01 3.44350E-01 2.33943E-01 1.46244E-01 5.37301E+00 
1.59526E-01 2.44900E-01 3.50699E-01 3.83531E-01 4.09650E-01 5.83886E-01 6.78800E-01 3.52767E-01 2.44900E-01 1.59526E-01 5.41327E+00 
1.72297E-01 2.55366E-01 3.58592E-01 3.91907E-01 4.17946E-01 5.94878E-01 6.92453E-01 3.60683E-01 2.55366E-01 1.72297E-01 5.43765E+00 
1.84511E-01 2.65295E-01 3.65947E-01 3.99711E-01 4.25662E-01 6.05194E-01 7.05424E-01 3.68059E-01 2.65295E-01 1.84511E-01 5.44643E+00 
1.97015E-03 2.54059E-02 1.33040E-01 1.55961E-01 1.82238E-01 3.07347E-01 3.58188E-01 1.34428E-01 2.54059E-02 1.97015E-03 1.72768E+00 
1.97015E-03 2.54059E-02 1.39895E-01 1.63607E-01 1.89906E-01 3.18106E-01 3.71004E-01 1.41345E-01 2.54059E-02 1.97015E-03 1.93895E+00 
1.97015E-03 3.92799E-03 1.46918E-01 1.71407E-01 1.97727E-01 3.28989E-01 3.83963E-01 1.48428E-01 3.92799E-03 1.97015E-03 2.14167E+00 
1.97015E-03 1.31805E-02 1.54108E-01 1.79358E-01 2.05698E-01 3.39997E-01 3.97069E-01 1.55676E-01 1.31805E-02 1.97015E-03 2.33273E+00 
1.97015E-03 2.26267E-02 1.61456E-01 1.87464E-01 2.13822E-01 3.51170E-01 4.10388E-01 1.63083E-01 2.26267E-02 1.97015E-03 2.52307E+00 
1.97015E-03 3.22480E-02 1.68947E-01 1.95706E-01 2.22081E-01 3.62485E-01 4.23892E-01 1.70631E-01 3.22480E-02 1.97015E-03 2.71166E+00 
1.97015E-03 4.20245E-02 1.76562E-01 2.04064E-01 2.30454E-01 3.73915E-01 4.37555E-01 1.78302E-01 4.20245E-02 1.97015E-03 2.89750E+00 
1.97015E-03 4.96819E-02 1.82528E-01 2.10597E-01 2.36997E-01 3.82822E-01 4.48216E-01 1.84311E-01 4.96819E-02 1.97015E-03 3.03875E+00 
1.97015E-03 5.19344E-02 1.84283E-01 2.12516E-01 2.38920E-01 3.85434E-01 4.51346E-01 1.86078E-01 5.19344E-02 1.97015E-03 3.07956E+00 
1.97015E-03 6.27423E-02 1.92701E-01 2.21709E-01 2.48125E-01 3.97919E-01 4.66324E-01 1.94555E-01 6.27423E-02 1.97015E-03 3.27048E+00 
1.97015E-03 7.36465E-02 2.01189E-01 2.30955E-01 2.57380E-01 4.10435E-01 4.81372E-01 2.03099E-01 7.36465E-02 1.97015E-03 3.45460E+00 
1.97015E-03 8.46137E-02 2.09716E-01 2.40220E-01 2.66651E-01 4.22940E-01 4.96447E-01 2.11680E-01 8.46137E-02 1.97015E-03 3.63075E+00 
1.97015E-03 9.56083E-02 2.18249E-01 2.49470E-01 2.75903E-01 4.35393E-01 5.11503E-01 2.20265E-01 9.56083E-02 1.97015E-03 3.79782E+00 
1.09648E-02 1.06621E-01 2.26807E-01 2.58712E-01 2.85142E-01 4.47751E-01 5.26460E-01 2.28871E-01 1.06621E-01 1.09648E-02 3.93245E+00 
2.41518E-02 1.17596E-01 2.35301E-01 2.67869E-01 2.94290E-01 4.59983E-01 5.41328E-01 2.37412E-01 1.17596E-01 2.41518E-02 4.05276E+00 
3.72552E-02 1.28483E-01 2.43679E-01 2.76884E-01 3.03293E-01 4.72036E-01 5.56056E-01 2.45833E-01 1.28483E-01 3.72552E-02 4.16252E+00 
5.02246E-02 1.39235E-01 2.51896E-01 2.85714E-01 3.12104E-01 4.83855E-01 5.70584E-01 2.54092E-01 1.39235E-01 5.02246E-02 4.26092E+00 
6.30092E-02 1.49805E-01 2.59911E-01 2.94312E-01 3.20677E-01 4.95384E-01 5.84849E-01 2.62145E-01 1.49805E-01 6.30092E-02 4.34725E+00 
7.55590E-02 1.60147E-01 2.67681E-01 3.02633E-01 3.28966E-01 5.06568E-01 5.98792E-01 2.69949E-01 1.60147E-01 7.55590E-02 4.42096E+00 
8.78245E-02 1.70212E-01 2.75163E-01 3.10633E-01 3.36927E-01 5.17353E-01 6.12352E-01 2.77462E-01 1.70212E-01 8.78245E-02 4.48161E+00 
9.97578E-02 1.79958E-01 2.82316E-01 3.18269E-01 3.44515E-01 5.27687E-01 6.25469E-01 2.84642E-01 1.79958E-01 9.97578E-02 4.52894E+00 
1.11313E-01 1.89340E-01 2.89102E-01 3.25499E-01 3.51690E-01 5.37519E-01 6.38088E-01 2.91451E-01 1.89340E-01 1.11313E-01 4.56284E+00 
1.22447E-01 1.98319E-01 2.95484E-01 3.32286E-01 3.58412E-01 5.46802E-01 6.50155E-01 2.97852E-01 1.98319E-01 1.22447E-01 4.58332E+00 
1.33118E-01 2.06855E-01 3.01428E-01 3.38593E-01 3.64644E-01 5.55492E-01 6.61618E-01 3.03810E-01 2.06855E-01 1.33118E-01 4.59057E+00 
1.43291E-01 2.14915E-01 3.06903E-01 3.44389E-01 3.70355E-01 5.63549E-01 6.72430E-01 3.09295E-01 2.14915E-01 1.43291E-01 4.58486E+00 
1.52931E-01 2.22467E-01 3.11881E-01 3.49644E-01 3.75516E-01 5.70936E-01 6.82548E-01 3.14279E-01 2.22467E-01 1.52931E-01 4.56664E+00 
1.69070E-03 2.26213E-02 1.24169E-01 1.54058E-01 1.80095E-01 3.25592E-01 3.84292E-01 1.26050E-01 2.26213E-02 1.69070E-03 1.80424E+00 
1.69070E-03 2.26213E-02 1.30010E-01 1.60653E-01 1.86746E-01 3.35330E-01 3.96342E-01 1.31954E-01 2.26213E-02 1.69070E-03 1.98236E+00 
1.69070E-03 3.52196E-03 1.35963E-01 1.67336E-01 1.93485E-01 3.45113E-01 4.08452E-01 1.37967E-01 3.52196E-03 1.69070E-03 2.15109E+00 
1.69070E-03 1.17822E-02 1.42027E-01 1.74108E-01 2.00308E-01 3.54940E-01 4.20624E-01 1.44089E-01 1.17822E-02 1.69070E-03 2.30775E+00 
1.69070E-03 2.01647E-02 1.48184E-01 1.80960E-01 2.07210E-01 3.64845E-01 4.32918E-01 1.50302E-01 2.01647E-02 1.69070E-03 2.46226E+00 
1.69070E-03 2.86511E-02 1.54418E-01 1.87875E-01 2.14171E-01 3.74802E-01 4.45306E-01 1.56591E-01 2.86511E-02 1.69070E-03 2.61377E+00 
1.69070E-03 3.72226E-02 1.60713E-01 1.94834E-01 2.21174E-01 3.84786E-01 4.57760E-01 1.62940E-01 3.72226E-02 1.69070E-03 2.76145E+00 
1.69070E-03 4.39002E-02 1.65615E-01 2.00236E-01 2.26608E-01 3.92513E-01 4.67423E-01 1.67882E-01 4.39002E-02 1.69070E-03 2.87255E+00 
1.69070E-03 4.58586E-02 1.67051E-01 2.01817E-01 2.28197E-01 3.94770E-01 4.70251E-01 1.69330E-01 4.58586E-02 1.69070E-03 2.90446E+00 
1.69070E-03 5.52175E-02 1.73913E-01 2.09350E-01 2.35769E-01 4.05505E-01 4.83725E-01 1.76245E-01 5.52175E-02 1.69070E-03 3.05250E+00 
1.69070E-03 6.45975E-02 1.80777E-01 2.16859E-01 2.43313E-01 4.16172E-01 4.97165E-01 1.83159E-01 6.45975E-02 1.69070E-03 3.19323E+00 
1.69070E-03 7.39686E-02 1.87618E-01 2.24316E-01 2.50798E-01 4.26735E-01 5.10529E-01 1.90048E-01 7.39686E-02 1.69070E-03 3.32574E+00 
1.69070E-03 8.32993E-02 1.94408E-01 2.31691E-01 2.58195E-01 4.37155E-01 5.23776E-01 1.96882E-01 8.32993E-02 1.69070E-03 3.44922E+00 
9.39006E-03 9.25844E-02 2.01171E-01 2.38998E-01 2.65517E-01 4.47398E-01 5.36829E-01 2.03684E-01 9.25844E-02 9.39006E-03 3.54358E+00 
2.06198E-02 1.01772E-01 2.07820E-01 2.46160E-01 2.72686E-01 4.57432E-01 5.49699E-01 2.10371E-01 1.01772E-01 2.06198E-02 3.62476E+00 
3.17085E-02 1.10819E-01 2.14310E-01 2.53130E-01 2.79655E-01 4.67209E-01 5.62340E-01 2.16893E-01 1.10819E-01 3.17085E-02 3.69618E+00 
4.26132E-02 1.19685E-01 2.20605E-01 2.59869E-01 2.86384E-01 4.76680E-01 5.74699E-01 2.23217E-01 1.19685E-01 4.26132E-02 3.75731E+00 
5.32917E-02 1.28331E-01 2.26670E-01 2.66341E-01 2.92837E-01 4.85800E-01 5.86719E-01 2.29308E-01 1.28331E-01 5.32917E-02 3.80772E+00 
6.37027E-02 1.36718E-01 2.32473E-01 2.72509E-01 2.98978E-01 4.94520E-01 5.98350E-01 2.35132E-01 1.36718E-01 6.37027E-02 3.84710E+00 
7.38064E-02 1.44811E-01 2.37980E-01 2.78341E-01 3.04770E-01 5.02799E-01 6.09538E-01 2.40655E-01 1.44811E-01 7.38064E-02 3.87528E+00 
8.35649E-02 1.52573E-01 2.43161E-01 2.83803E-01 3.10181E-01 5.10592E-01 6.20234E-01 2.45847E-01 1.52573E-01 8.35649E-02 3.89221E+00 
9.29423E-02 1.59972E-01 2.47986E-01 2.88864E-01 3.15179E-01 5.17861E-01 6.30391E-01 2.50678E-01 1.59972E-01 9.29423E-02 3.89794E+00 
1.01906E-01 1.66977E-01 2.52430E-01 2.93498E-01 3.19738E-01 5.24570E-01 6.39966E-01 2.55123E-01 1.66977E-01 1.01906E-01 3.89268E+00 
1.10425E-01 1.73560E-01 2.56467E-01 2.97679E-01 3.23831E-01 5.30686E-01 6.48917E-01 2.59157E-01 1.73560E-01 1.10425E-01 3.87673E+00 
1.18474E-01 1.79697E-01 2.60079E-01 3.01386E-01 3.27436E-01 5.36179E-01 6.57207E-01 2.62758E-01 1.79697E-01 1.18474E-01 3.85048E+00 
1.26029E-01 1.85366E-01 2.63246E-01 3.04602E-01 3.30535E-01 5.41025E-01 6.64803E-01 2.65911E-01 1.85366E-01 1.26029E-01 3.81442E+00 
1.44238E-03 1.99493E-02 1.13763E-01 1.51444E-01 1.77649E-01 3.44557E-01 4.12424E-01 1.16235E-01 1.99493E-02 1.44238E-03 1.83620E+00 
1.44238E-03 1.99493E-02 1.18653E-01 1.56963E-01 1.83258E-01 3.53164E-01 4.23605E-01 1.21182E-01 1.99493E-02 1.44238E-03 1.98293E+00 
1.44238E-03 3.12527E-03 1.23614E-01 1.62525E-01 1.88906E-01 3.61753E-01 4.34777E-01 1.26199E-01 3.12527E-03 1.44238E-03 2.12006E+00 
1.44238E-03 1.04270E-02 1.28646E-01 1.68128E-01 1.94591E-01 3.70324E-01 4.45938E-01 1.31282E-01 1.04270E-02 1.44238E-03 2.24528E+00 
1.44238E-03 1.77970E-02 1.33723E-01 1.73758E-01 2.00297E-01 3.78899E-01 4.57145E-01 1.36410E-01 1.77970E-02 1.44238E-03 2.36753E+00 
1.44238E-03 2.52179E-02 1.38832E-01 1.79396E-01 2.06007E-01 3.87454E-01 4.68370E-01 1.41567E-01 2.52179E-02 1.44238E-03 2.48612E+00 
1.44238E-03 3.26722E-02 1.43959E-01 1.85028E-01 2.11705E-01 3.95966E-01 4.79584E-01 1.46738E-01 3.26722E-02 1.44238E-03 2.60036E+00 
1.44238E-03 3.84509E-02 1.47927E-01 1.89369E-01 2.16093E-01 4.02507E-01 4.88237E-01 1.50740E-01 3.84509E-02 1.44238E-03 2.68535E+00 
1.44238E-03 4.01409E-02 1.49087E-01 1.90634E-01 2.17372E-01 4.04410E-01 4.90760E-01 1.51908E-01 4.01409E-02 1.44238E-03 2.70960E+00 
1.44238E-03 4.81876E-02 1.54598E-01 1.96630E-01 2.23426E-01 4.13409E-01 5.02732E-01 1.57462E-01 4.81876E-02 1.44238E-03 2.82106E+00 
1.44238E-03 5.62027E-02 1.60070E-01 2.02552E-01 2.29398E-01 4.22265E-01 5.14586E-01 1.62972E-01 5.62027E-02 1.44238E-03 2.92526E+00 
1.44238E-03 6.41598E-02 1.65480E-01 2.08376E-01 2.35262E-01 4.30946E-01 5.26282E-01 1.68417E-01 6.41598E-02 1.44238E-03 3.02153E+00 
1.44238E-03 7.20315E-02 1.70805E-01 2.14075E-01 2.40992E-01 4.39418E-01 5.37781E-01 1.73771E-01 7.20315E-02 1.44238E-03 3.10927E+00 
7.99534E-03 7.98158E-02 1.76071E-01 2.19672E-01 2.46609E-01 4.47655E-01 5.49013E-01 1.79062E-01 7.98158E-02 7.99534E-03 3.17132E+00 
1.75065E-02 8.74656E-02 1.81198E-01 2.25090E-01 2.52035E-01 4.55623E-01 5.59987E-01 1.84210E-01 8.74656E-02 1.75065E-02 3.22157E+00 
2.68422E-02 9.49431E-02 1.86145E-01 2.30288E-01 2.57230E-01 4.63279E-01 5.70665E-01 1.89173E-01 9.49431E-02 2.68422E-02 3.26313E+00 
3.59666E-02 1.02215E-01 1.90884E-01 2.35236E-01 2.62162E-01 4.70582E-01 5.80995E-01 1.93923E-01 1.02215E-01 3.59666E-02 3.29566E+00 
4.48448E-02 1.09251E-01 1.95388E-01 2.39905E-01 2.66803E-01 4.77493E-01 5.90931E-01 1.98434E-01 1.09251E-01 4.48448E-02 3.31893E+00 
5.34434E-02 1.16018E-01 1.99632E-01 2.44267E-01 2.71123E-01 4.83974E-01 6.00426E-01 2.02678E-01 1.16018E-01 5.34434E-02 3.33283E+00 
6.17307E-02 1.22489E-01 2.03590E-01 2.48297E-01 2.75095E-01 4.89988E-01 6.09437E-01 2.06630E-01 1.22489E-01 6.17307E-02 3.33733E+00 
6.96770E-02 1.28636E-01 2.07239E-01 2.51971E-01 2.78697E-01 4.95505E-01 6.17921E-01 2.10269E-01 1.28636E-01 6.96770E-02 3.33252E+00 
7.72551E-02 1.34433E-01 2.10558E-01 2.55267E-01 2.81905E-01 5.00492E-01 6.25840E-01 2.13572E-01 1.34433E-01 7.72551E-02 3.31859E+00 
8.44406E-02 1.39860E-01 2.13530E-01 2.58167E-01 2.84700E-01 5.04924E-01 6.33158E-01 2.16522E-01 1.39860E-01 8.44406E-02 3.29583E+00 
9.12117E-02 1.44895E-01 2.16138E-01 2.60654E-01 2.87065E-01 5.08777E-01 6.39843E-01 2.19101E-01 1.44895E-01 9.12117E-02 3.26460E+00 
9.75502E-02 1.49523E-01 2.18369E-01 2.62716E-01 2.88989E-01 5.12031E-01 6.45867E-01 2.21298E-01 1.49523E-01 9.75502E-02 3.22534E+00 
1.03441E-01 1.53730E-01 2.20213E-01 2.64343E-01 2.90459E-01 5.14671E-01 6.51205E-01 2.23102E-01 1.53730E-01 1.03441E-01 3.17858E+00 
1.22380E-03 1.74348E-02 1.02101E-01 1.47679E-01 1.74608E-01 3.63565E-01 4.42117E-01 1.05246E-01 1.74348E-02 1.22380E-03 1.82246E+00 
1.22380E-03 1.74348E-02 1.06130E-01 1.52138E-01 1.79180E-01 3.70954E-01 4.52339E-01 1.09322E-01 1.74348E-02 1.22380E-03 1.94068E+00 
1.22380E-03 2.74610E-03 1.10204E-01 1.56610E-01 1.83757E-01 3.78279E-01 4.62494E-01 1.13440E-01 2.74610E-03 1.22380E-03 2.04958E+00 
1.22380E-03 9.14060E-03 1.14323E-01 1.61094E-01 1.88336E-01 3.85536E-01 4.72580E-01 1.17599E-01 9.14060E-03 1.22380E-03 2.14717E+00 
1.22380E-03 1.55645E-02 1.18456E-01 1.65566E-01 1.92897E-01 3.92739E-01 4.82647E-01 1.21769E-01 1.55645E-02 1.22380E-03 2.24144E+00 
1.22380E-03 2.20018E-02 1.22592E-01 1.70011E-01 1.97423E-01 3.99867E-01 4.92667E-01 1.25938E-01 2.20018E-02 1.22380E-03 2.33183E+00 
1.22380E-03 2.84364E-02 1.26717E-01 1.74415E-01 2.01900E-01 4.06898E-01 5.02614E-01 1.30093E-01 2.84364E-02 1.22380E-03 2.41778E+00 
1.22380E-03 3.34024E-02 1.29892E-01 1.77786E-01 2.05320E-01 4.12255E-01 5.10243E-01 1.33289E-01 3.34024E-02 1.22380E-03 2.48093E+00 
1.22380E-03 3.48511E-02 1.30817E-01 1.78764E-01 2.06311E-01 4.13807E-01 5.12460E-01 1.34219E-01 3.48511E-02 1.22380E-03 2.49880E+00 
1.22380E-03 4.17253E-02 1.35195E-01 1.83371E-01 2.10976E-01 4.21094E-01 5.22929E-01 1.38621E-01 4.17253E-02 1.22380E-03 2.58007E+00 
1.22380E-03 4.85335E-02 1.39508E-01 1.87875E-01 2.15524E-01 4.28184E-01 5.33211E-01 1.42953E-01 4.85335E-02 1.22380E-03 2.65450E+00 
1.22380E-03 5.52525E-02 1.43739E-01 1.92255E-01 2.19935E-01 4.35048E-01 5.43269E-01 1.47198E-01 5.52525E-02 1.22380E-03 2.72160E+00 
1.22380E-03 6.18589E-02 1.47868E-01 1.96489E-01 2.24186E-01 4.41655E-01 5.53066E-01 1.51335E-01 6.18589E-02 1.22380E-03 2.78096E+00 
6.77141E-03 6.83524E-02 1.51922E-01 2.00605E-01 2.28304E-01 4.47990E-01 5.62539E-01 1.55393E-01 6.83524E-02 6.77141E-03 2.81794E+00 
1.47864E-02 7.46913E-02 1.55827E-01 2.04528E-01 2.32213E-01 4.54015E-01 5.71696E-01 1.59296E-01 7.46913E-02 1.47864E-02 2.84461E+00 
2.26089E-02 8.08433E-02 1.59549E-01 2.08222E-01 2.35879E-01 4.59691E-01 5.80500E-01 1.63010E-01 8.08433E-02 2.26089E-02 2.86372E+00 
3.02093E-02 8.67815E-02 1.63066E-01 2.11665E-01 2.39276E-01 4.64984E-01 5.88908E-01 1.66513E-01 8.67815E-02 3.02093E-02 2.87509E+00 
3.75591E-02 9.24800E-02 1.66355E-01 2.14835E-01 2.42382E-01 4.69863E-01 5.96877E-01 1.69782E-01 9.24800E-02 3.75591E-02 2.87863E+00 
4.46314E-02 9.79144E-02 1.69398E-01 2.17710E-01 2.45175E-01 4.74295E-01 6.04367E-01 1.72799E-01 9.79144E-02 4.46314E-02 2.87434E+00 
5.14012E-02 1.03062E-01 1.72176E-01 2.20273E-01 2.47637E-01 4.78255E-01 6.11342E-01 1.75545E-01 1.03062E-01 5.14012E-02 2.86230E+00 
5.78458E-02 1.07902E-01 1.74672E-01 2.22505E-01 2.49750E-01 4.81716E-01 6.17765E-01 1.78002E-01 1.07902E-01 5.78458E-02 2.84270E+00 
6.39447E-02 1.12417E-01 1.76871E-01 2.24394E-01 2.51499E-01 4.84657E-01 6.23606E-01 1.80157E-01 1.12417E-01 6.39447E-02 2.81578E+00 
6.96804E-02 1.16590E-01 1.78762E-01 2.25926E-01 2.52872E-01 4.87058E-01 6.28836E-01 1.81997E-01 1.16590E-01 6.96804E-02 2.78188E+00 
7.50376E-02 1.20408E-01 1.80334E-01 2.27093E-01 2.53860E-01 4.88905E-01 6.33431E-01 1.83511E-01 1.20408E-01 7.50376E-02 2.74139E+00 
8.00045E-02 1.23861E-01 1.81580E-01 2.27888E-01 2.54456E-01 4.90186E-01 6.37369E-01 1.84693E-01 1.23861E-01 8.00045E-02 2.69476E+00 
8.45719E-02 1.26940E-01 1.82495E-01 2.28308E-01 2.54655E-01 4.90891E-01 6.40633E-01 1.85538E-01 1.26940E-01 8.45719E-02 2.64250E+00 
1.03435E-03 1.51307E-02 8.96240E-02 1.42470E-01 1.70738E-01 3.81842E-01 4.72748E-01 9.34950E-02 1.51307E-02 1.03435E-03 1.76597E+00 
1.03435E-03 1.51307E-02 9.29132E-02 1.45933E-01 1.74311E-01 3.87962E-01 4.81942E-01 9.68130E-02 1.51307E-02 1.03435E-03 1.85961E+00 
1.03435E-03 2.39414E-03 9.62324E-02 1.49393E-01 1.77869E-01 3.93984E-01 4.91020E-01 1.00157E-01 2.39414E-03 1.03435E-03 1.94451E+00 
1.03435E-03 7.95338E-03 9.95797E-02 1.52847E-01 1.81409E-01 3.99902E-01 4.99982E-01 1.03524E-01 7.95338E-03 1.03435E-03 2.01901E+00 
1.03435E-03 1.35157E-02 1.02923E-01 1.56267E-01 1.84903E-01 4.05723E-01 5.08870E-01 1.06884E-01 1.35157E-02 1.03435E-03 2.09016E+00 
1.03435E-03 1.90663E-02 1.06252E-01 1.59639E-01 1.88338E-01 4.11425E-01 5.17657E-01 1.10225E-01 1.90663E-02 1.03435E-03 2.15750E+00 
1.03435E-03 2.45905E-02 1.09555E-01 1.62951E-01 1.91700E-01 4.16989E-01 5.26318E-01 1.13535E-01 2.45905E-02 1.03435E-03 2.22060E+00 
1.03435E-03 2.88371E-02 1.12085E-01 1.65464E-01 1.94244E-01 4.21185E-01 5.32915E-01 1.16068E-01 2.88371E-02 1.03435E-03 2.26625E+00 
1.03435E-03 3.00730E-02 1.12819E-01 1.66190E-01 1.94977E-01 4.22392E-01 5.34824E-01 1.16802E-01 3.00730E-02 1.03435E-03 2.27905E+00 
1.03435E-03 3.59197E-02 1.16282E-01 1.69585E-01 1.98397E-01 4.28015E-01 5.43793E-01 1.20263E-01 3.59197E-02 1.03435E-03 2.33644E+00 
1.03435E-03 4.16796E-02 1.19670E-01 1.72863E-01 2.01684E-01 4.33401E-01 5.52516E-01 1.23643E-01 4.16796E-02 1.03435E-03 2.38760E+00 
1.03435E-03 4.73328E-02 1.22967E-01 1.76007E-01 2.04818E-01 4.38525E-01 5.60961E-01 1.26926E-01 4.73328E-02 1.03435E-03 2.43218E+00 
1.03435E-03 5.28589E-02 1.26156E-01 1.79000E-01 2.07784E-01 4.43362E-01 5.69093E-01 1.30096E-01 5.28589E-02 1.03435E-03 2.46987E+00 
5.71340E-03 5.82589E-02 1.29265E-01 1.81872E-01 2.10608E-01 4.47905E-01 5.76857E-01 1.33179E-01 5.82589E-02 5.71340E-03 2.48827E+00 
1.24441E-02 6.34959E-02 1.32226E-01 1.84550E-01 2.13221E-01 4.52111E-01 5.84256E-01 1.36109E-01 6.34959E-02 1.24441E-02 2.49775E+00 
1.89778E-02 6.85429E-02 1.35011E-01 1.87006E-01 2.15590E-01 4.55946E-01 5.91257E-01 1.38855E-01 6.85429E-02 1.89778E-02 2.50075E+00 
2.52898E-02 7.33777E-02 1.37601E-01 1.89222E-01 2.17698E-01 4.59382E-01 5.97822E-01 1.41401E-01 7.33777E-02 2.52898E-02 2.49721E+00 
3.13569E-02 7.79795E-02 1.39980E-01 1.91181E-01 2.19528E-01 4.62393E-01 6.03912E-01 1.43728E-01 7.79795E-02 3.13569E-02 2.48711E+00 
3.71578E-02 8.23291E-02 1.42134E-01 1.92867E-01 2.21064E-01 4.64956E-01 6.09495E-01 1.45823E-01 8.23291E-02 3.71578E-02 2.47053E+00 
4.26730E-02 8.64090E-02 1.44047E-01 1.94269E-01 2.22292E-01 4.67050E-01 6.14537E-01 1.47672E-01 8.64090E-02 4.26730E-02 2.44762E+00 
4.78852E-02 9.02039E-02 1.45709E-01 1.95374E-01 2.23202E-01 4.68655E-01 6.19011E-01 1.49262E-01 9.02039E-02 4.78852E-02 2.41862E+00 
5.27794E-02 9.37004E-02 1.47109E-01 1.96175E-01 2.23784E-01 4.69758E-01 6.22891E-01 1.50584E-01 9.37004E-02 5.27794E-02 2.38380E+00 
5.73433E-02 9.68878E-02 1.48240E-01 1.96663E-01 2.24031E-01 4.70345E-01 6.26155E-01 1.51631E-01 9.68878E-02 5.73433E-02 2.34352E+00 
6.15668E-02 9.97575E-02 1.49096E-01 1.96835E-01 2.23940E-01 4.70409E-01 6.28785E-01 1.52396E-01 9.97575E-02 6.15668E-02 2.29818E+00 
6.54428E-02 1.02304E-01 1.49674E-01 1.96690E-01 2.23509E-01 4.69945E-01 6.30766E-01 1.52877E-01 1.02304E-01 6.54428E-02 2.24821E+00 
6.89668E-02 1.04523E-01 1.49971E-01 1.96226E-01 2.22739E-01 4.68949E-01 6.32087E-01 1.53072E-01 1.04523E-01 6.89668E-02 2.19410E+00 
8.72278E-04 1.30724E-02 7.68340E-02 1.35706E-01 1.65864E-01 3.98714E-01 5.03775E-01 8.14369E-02 1.30724E-02 8.72278E-04 1.67389E+00 
8.72278E-04 1.30724E-02 7.95206E-02 1.38279E-01 1.68510E-01 4.03550E-01 5.11888E-01 8.41263E-02 1.30724E-02 8.72278E-04 1.74744E+00 
8.72278E-04 2.07650E-03 8.22288E-02 1.40842E-01 1.71129E-01 4.08263E-01 5.19846E-01 8.68325E-02 2.07650E-03 8.72278E-04 1.81303E+00 
8.72278E-04 6.88676E-03 8.49562E-02 1.43392E-01 1.73719E-01 4.12848E-01 5.27645E-01 8.95532E-02 6.88676E-03 8.72278E-04 1.86923E+00 
8.72278E-04 1.16830E-02 8.76704E-02 1.45894E-01 1.76248E-01 4.17302E-01 5.35324E-01 9.22558E-02 1.16830E-02 8.72278E-04 1.92223E+00 
8.72278E-04 1.64516E-02 9.03612E-02 1.48340E-01 1.78704E-01 4.21604E-01 5.42855E-01 9.49300E-02 1.64516E-02 8.72278E-04 1.97164E+00 
8.72278E-04 2.11793E-02 9.30186E-02 1.50717E-01 1.81075E-01 4.25738E-01 5.50212E-01 9.75657E-02 2.11793E-02 8.72278E-04 2.01711E+00 
8.72278E-04 2.48004E-02 9.50450E-02 1.52502E-01 1.82845E-01 4.28808E-01 5.55770E-01 9.95717E-02 2.48004E-02 8.72278E-04 2.04938E+00 
8.72278E-04 2.58521E-02 9.56318E-02 1.53014E-01 1.83350E-01 4.29683E-01 5.57371E-01 1.00152E-01 2.58521E-02 8.72278E-04 2.05832E+00 
8.72278E-04 3.08129E-02 9.83875E-02 1.55390E-01 1.85682E-01 4.33704E-01 5.64836E-01 1.02873E-01 3.08129E-02 8.72278E-04 2.09765E+00 
8.72278E-04 3.56758E-02 1.01065E-01 1.57646E-01 1.87873E-01 4.37462E-01 5.72007E-01 1.05509E-01 3.56758E-02 8.72278E-04 2.13138E+00 
8.72278E-04 4.04235E-02 1.03651E-01 1.59769E-01 1.89910E-01 4.40935E-01 5.78853E-01 1.08047E-01 4.04235E-02 8.72278E-04 2.15925E+00 
8.72278E-04 4.50385E-02 1.06131E-01 1.61744E-01 1.91777E-01 4.44100E-01 5.85342E-01 1.10472E-01 4.50385E-02 8.72278E-04 2.18106E+00 
4.81030E-03 4.95218E-02 1.08530E-01 1.63604E-01 1.93506E-01 4.46963E-01 5.91428E-01 1.12811E-01 4.95218E-02 4.81030E-03 2.18627E+00 
1.04514E-02 5.38417E-02 1.10789E-01 1.65281E-01 1.95029E-01 4.49473E-01 5.97109E-01 1.15002E-01 5.38417E-02 1.04514E-02 2.18380E+00 
1.58986E-02 5.79753E-02 1.12882E-01 1.66749E-01 1.96320E-01 4.51602E-01 6.02353E-01 1.17022E-01 5.79753E-02 1.58986E-02 2.17580E+00 
2.11315E-02 6.19046E-02 1.14796E-01 1.67994E-01 1.97365E-01 4.53325E-01 6.07125E-01 1.18855E-01 6.19046E-02 2.11315E-02 2.16225E+00 
2.61314E-02 6.56128E-02 1.16518E-01 1.69006E-01 1.98150E-01 4.54623E-01 6.11395E-01 1.20489E-01 6.56128E-02 2.61314E-02 2.14322E+00 
3.08814E-02 6.90850E-02 1.18037E-01 1.69772E-01 1.98667E-01 4.55479E-01 6.15132E-01 1.21913E-01 6.90850E-02 3.08814E-02 2.11883E+00 
3.53663E-02 7.23077E-02 1.19342E-01 1.70286E-01 1.98906E-01 4.55876E-01 6.18311E-01 1.23117E-01 7.23077E-02 3.53663E-02 2.08928E+00 
3.95734E-02 7.52699E-02 1.20425E-01 1.70539E-01 1.98860E-01 4.55804E-01 6.20908E-01 1.24092E-01 7.52699E-02 3.95734E-02 2.05482E+00 
4.34920E-02 7.79622E-02 1.21279E-01 1.70527E-01 1.98525E-01 4.55252E-01 6.22903E-01 1.24833E-01 7.79622E-02 4.34920E-02 2.01576E+00 
4.71137E-02 8.03778E-02 1.21901E-01 1.70247E-01 1.97900E-01 4.54216E-01 6.24282E-01 1.25334E-01 8.03778E-02 4.71137E-02 1.97246E+00 
5.04325E-02 8.25119E-02 1.22287E-01 1.69700E-01 1.96983E-01 4.52691E-01 6.25031E-01 1.25595E-01 8.25119E-02 5.04325E-02 1.92530E+00 
5.34450E-02 8.43621E-02 1.22437E-01 1.68885E-01 1.95777E-01 4.50679E-01 6.25142E-01 1.25613E-01 8.43621E-02 5.34450E-02 1.87471E+00 
5.61499E-02 8.59280E-02 1.22352E-01 1.67807E-01 1.94287E-01 4.48183E-01 6.24611E-01 1.25392E-01 8.59280E-02 5.61499E-02 1.82113E+00 
7.35128E-04 1.12762E-02 6.42468E-02 1.27478E-01 1.59893E-01 4.13640E-01 5.34725E-01 6.95323E-02 1.12762E-02 7.35128E-04 1.55651E+00 
7.35128E-04 1.12762E-02 6.64715E-02 1.29296E-01 1.61705E-01 4.17206E-01 5.41713E-01 7.17269E-02 1.12762E-02 7.35128E-04 1.61459E+00 
7.35128E-04 1.79736E-03 6.87131E-02 1.31103E-01 1.63489E-01 4.20633E-01 5.48513E-01 7.39335E-02 1.79736E-03 7.35128E-04 1.66548E+00 
7.35128E-04 5.95233E-03 7.09689E-02 1.32895E-01 1.65239E-01 4.23915E-01 5.55119E-01 7.61492E-02 5.95233E-03 7.35128E-04 1.70799E+00 
7.35128E-04 1.00824E-02 7.32068E-02 1.34636E-01 1.66919E-01 4.27040E-01 5.61559E-01 7.83416E-02 1.00824E-02 7.35128E-04 1.74747E+00 
7.35128E-04 1.41749E-02 7.54178E-02 1.36317E-01 1.68520E-01 4.29990E-01 5.67810E-01 8.05014E-02 1.41749E-02 7.35128E-04 1.78362E+00 
7.35128E-04 1.82176E-02 7.75924E-02 1.37927E-01 1.70032E-01 4.32748E-01 5.73845E-01 8.26193E-02 1.82176E-02 7.35128E-04 1.81614E+00 
7.35128E-04 2.13036E-02 7.92439E-02 1.39120E-01 1.71134E-01 4.34740E-01 5.78351E-01 8.42231E-02 2.13036E-02 7.35128E-04 1.83864E+00 
7.35128E-04 2.21979E-02 7.97210E-02 1.39459E-01 1.71445E-01 4.35297E-01 5.79639E-01 8.46855E-02 2.21979E-02 7.35128E-04 1.84476E+00 
7.35128E-04 2.64052E-02 8.19534E-02 1.41010E-01 1.72845E-01 4.37793E-01 5.85590E-01 8.68442E-02 2.64052E-02 7.35128E-04 1.87098E+00 
7.35128E-04 3.05096E-02 8.41086E-02 1.42447E-01 1.74107E-01 4.40008E-01 5.91202E-01 8.89190E-02 3.05096E-02 7.35128E-04 1.89215E+00 
7.35128E-04 3.44956E-02 8.61744E-02 1.43757E-01 1.75217E-01 4.41923E-01 5.96448E-01 9.08977E-02 3.44956E-02 7.35128E-04 1.90808E+00 
7.35128E-04 3.83483E-02 8.81386E-02 1.44929E-01 1.76166E-01 4.43520E-01 6.01298E-01 9.27681E-02 3.83483E-02 7.35128E-04 1.91864E+00 
4.04746E-03 4.20687E-02 9.00239E-02 1.45995E-01 1.76986E-01 4.44815E-01 6.05719E-01 9.45544E-02 4.20687E-02 4.04746E-03 1.91488E+00 
8.77261E-03 4.56296E-02 9.17775E-02 1.46893E-01 1.77613E-01 4.45751E-01 6.09698E-01 9.62021E-02 4.56296E-02 8.77261E-03 1.90447E+00 
1.33113E-02 4.90118E-02 9.33790E-02 1.47599E-01 1.78022E-01 4.46301E-01 6.13206E-01 9.76907E-02 4.90118E-02 1.33113E-02 1.88929E+00 
1.76469E-02 5.22006E-02 9.48169E-02 1.48105E-01 1.78205E-01 4.46447E-01 6.16213E-01 9.90090E-02 5.22006E-02 1.76469E-02 1.86937E+00 
2.17642E-02 5.51826E-02 9.60814E-02 1.48402E-01 1.78154E-01 4.46175E-01 6.18692E-01 1.00147E-01 5.51826E-02 2.17642E-02 1.84482E+00 
2.56499E-02 5.79463E-02 9.71637E-02 1.48482E-01 1.77861E-01 4.45472E-01 6.20618E-01 1.01096E-01 5.79463E-02 2.56499E-02 1.81580E+00 
2.92928E-02 6.04819E-02 9.80566E-02 1.48342E-01 1.77322E-01 4.44329E-01 6.21972E-01 1.01850E-01 6.04819E-02 2.92928E-02 1.78256E+00 
3.26833E-02 6.27813E-02 9.87546E-02 1.47976E-01 1.76534E-01 4.42740E-01 6.22735E-01 1.02403E-01 6.27813E-02 3.26833E-02 1.74535E+00 
3.58143E-02 6.48387E-02 9.92537E-02 1.47384E-01 1.75497E-01 4.40700E-01 6.22893E-01 1.02752E-01 6.48387E-02 3.58143E-02 1.70449E+00 
3.86807E-02 6.66502E-02 9.95517E-02 1.46566E-01 1.74211E-01 4.38208E-01 6.22437E-01 1.02894E-01 6.66502E-02 3.86807E-02 1.66036E+00 
4.12796E-02 6.82139E-02 9.96482E-02 1.45523E-01 1.72681E-01 4.35268E-01 6.21359E-01 1.02831E-01 6.82139E-02 4.12796E-02 1.61332E+00 
4.36102E-02 6.95299E-02 9.95445E-02 1.44261E-01 1.70910E-01 4.31884E-01 6.19658E-01 1.02562E-01 6.95299E-02 4.36102E-02 1.56379E+00 
4.56738E-02 7.06005E-02 9.92436E-02 1.42783E-01 1.68906E-01 4.28064E-01 6.17333E-01 1.02093E-01 7.06005E-02 4.56738E-02 1.51218E+00 
6.19974E-04 9.73936E-03 5.23363E-02 1.18057E-01 1.52815E-01 4.26234E-01 5.65187E-01 5.81975E-02 9.73936E-03 6.19974E-04 1.42573E+00 
6.19974E-04 9.73936E-03 5.42305E-02 1.19270E-01 1.53906E-01 4.28568E-01 5.71010E-01 6.00235E-02 9.73936E-03 6.19974E-04 1.47257E+00 
6.19974E-04 1.55760E-03 5.61378E-02 1.20474E-01 1.54968E-01 4.30754E-01 5.76613E-01 6.18579E-02 1.55760E-03 6.19974E-04 1.51292E+00 
6.19974E-04 5.15107E-03 5.80551E-02 1.21664E-01 1.55998E-01 4.32783E-01 5.81989E-01 6.36972E-02 5.15107E-03 6.19974E-04 1.54571E+00 
6.19974E-04 8.71213E-03 5.99520E-02 1.22802E-01 1.56954E-01 4.34635E-01 5.87159E-01 6.55104E-02 8.71213E-03 6.19974E-04 1.57564E+00 
6.19974E-04 1.22291E-02 6.18198E-02 1.23881E-01 1.57830E-01 4.36292E-01 5.92097E-01 6.72887E-02 1.22291E-02 6.19974E-04 1.60242E+00 
6.19974E-04 1.56907E-02 6.36501E-02 1.24892E-01 1.58616E-01 4.37741E-01 5.96781E-01 6.90236E-02 1.56907E-02 6.19974E-04 1.62579E+00 
6.19974E-04 1.83238E-02 6.50347E-02 1.25622E-01 1.59157E-01 4.38709E-01 6.00214E-01 7.03305E-02 1.83238E-02 6.19974E-04 1.64139E+00 
6.19974E-04 1.90854E-02 6.54338E-02 1.25826E-01 1.59304E-01 4.38966E-01 6.01185E-01 7.07061E-02 1.90854E-02 6.19974E-04 1.64553E+00 
6.19974E-04 2.26577E-02 6.72947E-02 1.26740E-01 1.59928E-01 4.40021E-01 6.05596E-01 7.24515E-02 2.26577E-02 6.19974E-04 1.66253E+00 
6.19974E-04 2.61250E-02 6.90800E-02 1.27546E-01 1.60418E-01 4.40783E-01 6.09629E-01 7.41147E-02 2.61250E-02 6.19974E-04 1.67489E+00 
6.19974E-04 2.94739E-02 7.07789E-02 1.28234E-01 1.60766E-01 4.41237E-01 6.13257E-01 7.56851E-02 2.94739E-02 6.19974E-04 1.68248E+00 
6.19974E-04 3.26914E-02 7.23809E-02 1.28796E-01 1.60963E-01 4.41370E-01 6.16455E-01 7.71522E-02 3.26914E-02 6.19974E-04 1.68521E+00 
3.40782E-03 3.57787E-02 7.39053E-02 1.29264E-01 1.61045E-01 4.41207E-01 6.19203E-01 7.85372E-02 3.57787E-02 3.40782E-03 1.67552E+00 
7.36781E-03 3.87125E-02 7.53068E-02 1.29578E-01 1.60948E-01 4.40685E-01 6.21477E-01 7.97930E-02 3.87125E-02 7.36781E-03 1.65999E+00 
1.11508E-02 4.14768E-02 7.65684E-02 1.29721E-01 1.60653E-01 4.39779E-01 6.23249E-01 8.09021E-02 4.14768E-02 1.11508E-02 1.64026E+00 
1.47432E-02 4.40597E-02 7.76808E-02 1.29684E-01 1.60155E-01 4.38476E-01 6.24495E-01 8.18558E-02 4.40597E-02 1.47432E-02 1.61643E+00 
1.81330E-02 4.64509E-02 7.86364E-02 1.29463E-01 1.59447E-01 4.36767E-01 6.25192E-01 8.26467E-02 4.64509E-02 1.81330E-02 1.58864E+00 
2.13100E-02 4.86416E-02 7.94287E-02 1.29053E-01 1.58527E-01 4.34645E-01 6.25321E-01 8.32687E-02 4.86416E-02 2.13100E-02 1.55710E+00 
2.42659E-02 5.06249E-02 8.00528E-02 1.28452E-01 1.57393E-01 4.32105E-01 6.24868E-01 8.37170E-02 5.06249E-02 2.42659E-02 1.52206E+00 
2.69941E-02 5.23956E-02 8.05050E-02 1.27659E-01 1.56046E-01 4.29146E-01 6.23819E-01 8.39888E-02 5.23956E-02 2.69941E-02 1.48381E+00 
2.94902E-02 5.39504E-02 8.07836E-02 1.26675E-01 1.54488E-01 4.25768E-01 6.22167E-01 8.40825E-02 5.39504E-02 2.94902E-02 1.44269E+00 
3.17519E-02 5.52879E-02 8.08881E-02 1.25502E-01 1.52723E-01 4.21977E-01 6.19909E-01 8.39984E-02 5.52879E-02 3.17519E-02 1.39905E+00 
3.37784E-02 5.64084E-02 8.08197E-02 1.24144E-01 1.50755E-01 4.17778E-01 6.17041E-01 8.37381E-02 5.64084E-02 3.37784E-02 1.35328E+00 
3.55712E-02 5.73143E-02 8.05813E-02 1.22606E-01 1.48593E-01 4.13181E-01 6.13569E-01 8.33050E-02 5.73143E-02 3.55712E-02 1.30576E+00 
3.71335E-02 5.80092E-02 8.01768E-02 1.20895E-01 1.46244E-01 4.08199E-01 6.09498E-01 8.27036E-02 5.80092E-02 3.71335E-02 1.25687E+00 
5.23674E-04 8.44240E-03 4.14884E-02 1.07844E-01 1.44704E-01 4.36272E-01 5.94785E-01 4.77674E-02 8.44240E-03 5.23674E-04 1.29336E+00 
5.23674E-04 8.44240E-03 4.31637E-02 1.08601E-01 1.45192E-01 4.37429E-01 5.99395E-01 4.93339E-02 8.44240E-03 5.23674E-04 1.33244E+00 
5.23674E-04 1.35512E-03 4.48472E-02 1.09351E-01 1.45653E-01 4.38430E-01 6.03755E-01 5.09042E-02 1.35512E-03 5.23674E-04 1.36554E+00 
5.23674E-04 4.47459E-03 4.65355E-02 1.10087E-01 1.46083E-01 4.39267E-01 6.07857E-01 5.24748E-02 4.47459E-03 5.23674E-04 1.39175E+00 
5.23674E-04 7.55567E-03 4.82008E-02 1.10773E-01 1.46440E-01 4.39909E-01 6.11712E-01 5.40165E-02 7.55567E-03 5.23674E-04 1.41513E+00 
5.23674E-04 1.05876E-02 4.98349E-02 1.11401E-01 1.46717E-01 4.40342E-01 6.15296E-01 5.55213E-02 1.05876E-02 5.23674E-04 1.43544E+00 
5.23674E-04 1.35599E-02 5.14296E-02 1.11964E-01 1.46907E-01 4.40553E-01 6.18587E-01 5.69810E-02 1.35599E-02 5.23674E-04 1.45245E+00 
5.23674E-04 1.58121E-02 5.26313E-02 1.12351E-01 1.46990E-01 4.40556E-01 6.20918E-01 5.80744E-02 1.58121E-02 5.23674E-04 1.46324E+00 
5.23674E-04 1.64621E-02 5.29767E-02 1.12455E-01 1.47003E-01 4.40530E-01 6.21563E-01 5.83875E-02 1.64621E-02 5.23674E-04 1.46599E+00 
5.23674E-04 1.95013E-02 5.45823E-02 1.12896E-01 1.46995E-01 4.40230E-01 6.24395E-01 5.98354E-02 1.95013E-02 5.23674E-04 1.47650E+00 
5.23674E-04 2.24349E-02 5.61131E-02 1.13237E-01 1.46861E-01 4.39632E-01 6.26811E-01 6.12025E-02 2.24349E-02 5.23674E-04 1.48265E+00 
5.23674E-04 2.52512E-02 5.75596E-02 1.13469E-01 1.46597E-01 4.38722E-01 6.28788E-01 6.24793E-02 2.52512E-02 5.23674E-04 1.48435E+00 
5.23674E-04 2.79393E-02 5.89125E-02 1.13587E-01 1.46194E-01 4.37492E-01 6.30306E-01 6.36570E-02 2.79393E-02 5.23674E-04 1.48158E+00 
2.87345E-03 3.05005E-02 6.01880E-02 1.13621E-01 1.45691E-01 4.35979E-01 6.31358E-01 6.47542E-02 3.05005E-02 2.87345E-03 1.46791E+00 
6.19600E-03 3.29149E-02 6.13481E-02 1.13516E-01 1.45027E-01 4.34111E-01 6.31909E-01 6.57303E-02 3.29149E-02 6.19600E-03 1.44904E+00 
9.35162E-03 3.51697E-02 6.23786E-02 1.13257E-01 1.44184E-01 4.31866E-01 6.31933E-01 6.65710E-02 3.51697E-02 9.35162E-03 1.42642E+00 
1.23294E-02 3.72553E-02 6.32722E-02 1.12840E-01 1.43162E-01 4.29236E-01 6.31408E-01 6.72694E-02 3.72553E-02 1.23294E-02 1.40020E+00 
1.51200E-02 3.91639E-02 6.40232E-02 1.12261E-01 1.41956E-01 4.26217E-01 6.30320E-01 6.78202E-02 3.91639E-02 1.51200E-02 1.37056E+00 
1.77160E-02 4.08894E-02 6.46269E-02 1.11518E-01 1.40567E-01 4.22806E-01 6.28654E-01 6.82192E-02 4.08894E-02 1.77160E-02 1.33774E+00 
2.01114E-02 4.24273E-02 6.50801E-02 1.10612E-01 1.38996E-01 4.19003E-01 6.26400E-01 6.84638E-02 4.24273E-02 2.01114E-02 1.30203E+00 
2.23024E-02 4.37746E-02 6.53811E-02 1.09542E-01 1.37246E-01 4.14813E-01 6.23554E-01 6.85529E-02 4.37746E-02 2.23024E-02 1.26374E+00 
2.42867E-02 4.49303E-02 6.55295E-02 1.08312E-01 1.35321E-01 4.10240E-01 6.20112E-01 6.84866E-02 4.49303E-02 2.42867E-02 1.22321E+00 
2.60642E-02 4.58950E-02 6.55265E-02 1.06926E-01 1.33226E-01 4.05293E-01 6.16077E-01 6.82667E-02 4.58950E-02 2.60642E-02 1.18080E+00 
2.76359E-02 4.66709E-02 6.53746E-02 1.05389E-01 1.30970E-01 3.99983E-01 6.11453E-01 6.78962E-02 4.66709E-02 2.76359E-02 1.13689E+00 
2.90051E-02 4.72616E-02 6.50775E-02 1.03707E-01 1.28561E-01 3.94323E-01 6.06250E-01 6.73797E-02 4.72616E-02 2.90051E-02 1.09184E+00 
3.01761E-02 4.76725E-02 6.46401E-02 1.01889E-01 1.26008E-01 3.88328E-01 6.00479E-01 6.67226E-02 4.76725E-02 3.01761E-02 1.04602E+00 
4.43087E-04 7.35364E-03 3.19633E-02 9.72963E-02 1.35700E-01 4.43678E-01 6.23164E-01 3.84668E-02 7.35364E-03 4.43087E-04 1.16944E+00 
4.43087E-04 7.35364E-03 3.35051E-02 9.77306E-02 1.35700E-01 4.43715E-01 6.26499E-01 3.98593E-02 7.35364E-03 4.43087E-04 1.20325E+00 
4.43087E-04 1.18548E-03 3.50481E-02 9.81569E-02 1.35676E-01 4.43593E-01 6.29557E-01 4.12494E-02 1.18548E-03 4.43087E-04 1.23139E+00 
4.43087E-04 3.90729E-03 3.65893E-02 9.85707E-02 1.35624E-01 4.43301E-01 6.32327E-01 4.26338E-02 3.90729E-03 4.43087E-04 1.25309E+00 
4.43087E-04 6.58506E-03 3.81034E-02 9.89341E-02 1.35499E-01 4.42799E-01 6.34810E-01 4.39856E-02 6.58506E-03 4.43087E-04 1.27191E+00 
4.43087E-04 9.20891E-03 3.95830E-02 9.92408E-02 1.35296E-01 4.42077E-01 6.36985E-01 4.52974E-02 9.20891E-03 4.43087E-04 1.28762E+00 
4.43087E-04 1.17694E-02 4.10203E-02 9.94846E-02 1.35011E-01 4.41123E-01 6.38830E-01 4.65616E-02 1.17694E-02 4.43087E-04 1.30004E+00 
4.43087E-04 1.37011E-02 4.20986E-02 9.96264E-02 1.34729E-01 4.40220E-01 6.40019E-01 4.75026E-02 1.37011E-02 4.43087E-04 1.30730E+00 
4.43087E-04 1.42571E-02 4.24077E-02 9.96597E-02 1.34637E-01 4.39928E-01 6.40326E-01 4.77711E-02 1.42571E-02 4.43087E-04 1.30902E+00 
4.43087E-04 1.68478E-02 4.38395E-02 9.97648E-02 1.34128E-01 4.38359E-01 6.41526E-01 4.90055E-02 1.68478E-02 4.43087E-04 1.31474E+00 
4.43087E-04 1.93328E-02 4.51960E-02 9.97764E-02 1.33505E-01 4.36489E-01 6.42277E-01 5.01594E-02 1.93328E-02 4.43087E-04 1.31625E+00 
4.43087E-04 2.17022E-02 4.64687E-02 9.96883E-02 1.32763E-01 4.34309E-01 6.42560E-01 5.12246E-02 2.17022E-02 4.43087E-04 1.31353E+00 
4.43087E-04 2.39470E-02 4.76498E-02 9.94949E-02 1.31896E-01 4.31814E-01 6.42358E-01 5.21937E-02 2.39470E-02 4.43087E-04 1.30662E+00 
2.42663E-03 2.60688E-02 4.87526E-02 9.92262E-02 1.30944E-01 4.29053E-01 6.41684E-01 5.30829E-02 2.60688E-02 2.42663E-03 1.29007E+00 
5.21747E-03 2.80511E-02 4.97459E-02 9.88325E-02 1.29849E-01 4.25947E-01 6.40486E-01 5.38581E-02 2.80511E-02 5.21747E-03 1.26883E+00 
7.85137E-03 2.98835E-02 5.06181E-02 9.83012E-02 1.28596E-01 4.22475E-01 6.38740E-01 5.45074E-02 2.98835E-02 7.85137E-03 1.24423E+00 
1.03199E-02 3.15588E-02 5.13638E-02 9.76296E-02 1.27186E-01 4.18634E-01 6.36432E-01 5.50260E-02 3.15588E-02 1.03199E-02 1.21644E+00 
1.26160E-02 3.30715E-02 5.19786E-02 9.68166E-02 1.25620E-01 4.14425E-01 6.33551E-01 5.54102E-02 3.30715E-02 1.26160E-02 1.18570E+00 
1.47347E-02 3.44176E-02 5.24596E-02 9.58621E-02 1.23897E-01 4.09850E-01 6.30090E-01 5.56577E-02 3.44176E-02 1.47347E-02 1.15229E+00 
1.66723E-02 3.55948E-02 5.28053E-02 9.47675E-02 1.22024E-01 4.04914E-01 6.26044E-01 5.57675E-02 3.55948E-02 1.66723E-02 1.11652E+00 
1.84269E-02 3.66022E-02 5.30153E-02 9.35355E-02 1.20003E-01 3.99624E-01 6.21415E-01 5.57399E-02 3.66022E-02 1.84269E-02 1.07871E+00 
1.99984E-02 3.74405E-02 5.30907E-02 9.21701E-02 1.17841E-01 3.93991E-01 6.16207E-01 5.55766E-02 3.74405E-02 1.99984E-02 1.03922E+00 
2.13880E-02 3.81120E-02 5.30337E-02 9.06764E-02 1.15545E-01 3.88026E-01 6.10427E-01 5.52807E-02 3.81120E-02 2.13880E-02 9.98409E-01 
2.25986E-02 3.86202E-02 5.28478E-02 8.90609E-02 1.13124E-01 3.81745E-01 6.04087E-01 5.48562E-02 3.86202E-02 2.25986E-02 9.56634E-01 
2.36345E-02 3.89702E-02 5.25375E-02 8.73309E-02 1.10587E-01 3.75163E-01 5.97200E-01 5.43084E-02 3.89702E-02 2.36345E-02 9.14246E-01 
2.45011E-02 3.91679E-02 5.21083E-02 8.54946E-02 1.07945E-01 3.68299E-01 5.89785E-01 5.36435E-02 3.91679E-02 2.45011E-02 8.71582E-01 
3.75662E-04 6.44026E-03 2.39288E-02 8.69065E-02 1.26042E-01 4.48459E-01 6.49808E-01 3.04487E-02 6.44026E-03 3.75662E-04 1.06168E+00 
3.75662E-04 6.44026E-03 2.53948E-02 8.71276E-02 1.25664E-01 4.47440E-01 6.51802E-01 3.17279E-02 6.44026E-03 3.75662E-04 1.09167E+00 
3.75662E-04 1.04366E-03 2.68533E-02 8.73383E-02 1.25263E-01 4.46258E-01 6.53492E-01 3.29970E-02 1.04366E-03 3.75662E-04 1.11615E+00 
3.75662E-04 3.43222E-03 2.83016E-02 8.75343E-02 1.24836E-01 4.44903E-01 6.54869E-01 3.42530E-02 3.43222E-03 3.75662E-04 1.13445E+00 
3.75662E-04 5.77110E-03 2.97177E-02 8.76791E-02 1.24338E-01 4.43328E-01 6.55921E-01 3.54716E-02 5.77110E-03 3.75662E-04 1.14973E+00 
3.75662E-04 8.05138E-03 3.10945E-02 8.77674E-02 1.23766E-01 4.41522E-01 6.56628E-01 3.66461E-02 8.05138E-03 3.75662E-04 1.16179E+00 
3.75662E-04 1.02647E-02 3.24249E-02 8.77938E-02 1.23115E-01 4.39478E-01 6.56973E-01 3.77696E-02 1.02647E-02 3.75662E-04 1.17051E+00 
3.75662E-04 1.19260E-02 3.34183E-02 8.77687E-02 1.22554E-01 4.37728E-01 6.56979E-01 3.85999E-02 1.19260E-02 3.75662E-04 1.17489E+00 
3.75662E-04 1.24028E-02 3.37023E-02 8.77535E-02 1.22381E-01 4.37188E-01 6.56937E-01 3.88357E-02 1.24028E-02 3.75662E-04 1.17577E+00 
3.75662E-04 1.46151E-02 3.50125E-02 8.76300E-02 1.21492E-01 4.34437E-01 6.56456E-01 3.99138E-02 1.46151E-02 3.75662E-04 1.17752E+00 
3.75662E-04 1.67222E-02 3.62457E-02 8.74181E-02 1.20500E-01 4.31388E-01 6.55498E-01 4.09107E-02 1.67222E-02 3.75662E-04 1.17517E+00 
3.75662E-04 1.87158E-02 3.73947E-02 8.71130E-02 1.19400E-01 4.28035E-01 6.54049E-01 4.18197E-02 1.87158E-02 3.75662E-04 1.16876E+00 
3.75662E-04 2.05885E-02 3.84530E-02 8.67109E-02 1.18191E-01 4.24375E-01 6.52096E-01 4.26348E-02 2.05885E-02 3.75662E-04 1.15839E+00 
2.05309E-03 2.23429E-02 3.94317E-02 8.62404E-02 1.16910E-01 4.20471E-01 6.49672E-01 4.33703E-02 2.23429E-02 2.05309E-03 1.13947E+00 
4.40057E-03 2.39652E-02 4.03055E-02 8.56568E-02 1.15504E-01 4.16235E-01 6.46710E-01 4.39977E-02 2.39652E-02 4.40057E-03 1.11632E+00 
6.60087E-03 2.54473E-02 4.10655E-02 8.49499E-02 1.13962E-01 4.11649E-01 6.43188E-01 4.45078E-02 2.54473E-02 6.60087E-03 1.09015E+00 
8.64774E-03 2.67843E-02 4.17075E-02 8.41189E-02 1.12285E-01 4.06715E-01 6.39097E-01 4.48974E-02 2.67843E-02 8.64774E-03 1.06120E+00 
1.05365E-02 2.79725E-02 4.22290E-02 8.31642E-02 1.10475E-01 4.01438E-01 6.34432E-01 4.51643E-02 2.79725E-02 1.05365E-02 1.02974E+00 
1.22639E-02 2.90101E-02 4.26285E-02 8.20875E-02 1.08537E-01 3.95825E-01 6.29193E-01 4.53079E-02 2.90101E-02 1.22639E-02 9.96080E-01 
1.38283E-02 2.98965E-02 4.29056E-02 8.08915E-02 1.06476E-01 3.89884E-01 6.23383E-01 4.53285E-02 2.98965E-02 1.38283E-02 9.60550E-01 
1.52297E-02 3.06325E-02 4.30613E-02 7.95803E-02 1.04297E-01 3.83627E-01 6.17008E-01 4.52279E-02 3.06325E-02 1.52297E-02 9.23497E-01 
1.64694E-02 3.12203E-02 4.30977E-02 7.81590E-02 1.02009E-01 3.77069E-01 6.10079E-01 4.50088E-02 3.12203E-02 1.64694E-02 8.85273E-01 
1.75501E-02 3.16635E-02 4.30180E-02 7.66335E-02 9.96182E-02 3.70225E-01 6.02610E-01 4.46753E-02 3.16635E-02 1.75501E-02 8.46227E-01 
1.84757E-02 3.19666E-02 4.28265E-02 7.50109E-02 9.71351E-02 3.63112E-01 5.94617E-01 4.42322E-02 3.19666E-02 1.84757E-02 8.06700E-01 
1.92515E-02 3.21356E-02 4.25282E-02 7.32990E-02 9.45692E-02 3.55750E-01 5.86121E-01 4.36855E-02 3.21356E-02 1.92515E-02 7.67019E-01 
1.98835E-02 3.21768E-02 4.21290E-02 7.15062E-02 9.19307E-02 3.48159E-01 5.77145E-01 4.30416E-02 3.21768E-02 1.98835E-02 7.27488E-01 
3.18144E-04 5.65446E-03 1.73003E-02 7.69164E-02 1.15827E-01 4.50758E-01 6.74623E-01 2.36349E-02 5.65446E-03 3.18144E-04 9.72693E-01 
3.18144E-04 5.65446E-03 1.87221E-02 7.70027E-02 1.15162E-01 4.48726E-01 6.75179E-01 2.48370E-02 5.65446E-03 3.18144E-04 9.99337E-01 
3.18144E-04 9.22054E-04 2.01265E-02 7.70739E-02 1.14476E-01 4.46531E-01 6.75412E-01 2.60200E-02 9.22054E-04 3.18144E-04 1.02051E+00 
3.18144E-04 3.02419E-03 2.15113E-02 7.71266E-02 1.13765E-01 4.44163E-01 6.75309E-01 2.71815E-02 3.02419E-03 3.18144E-04 1.03566E+00 
3.18144E-04 5.07106E-03 2.28577E-02 7.71263E-02 1.12986E-01 4.41564E-01 6.74847E-01 2.83002E-02 5.07106E-03 3.18144E-04 1.04760E+00 
3.18144E-04 7.05486E-03 2.41592E-02 7.70684E-02 1.12136E-01 4.38729E-01 6.74007E-01 2.93699E-02 7.05486E-03 3.18144E-04 1.05620E+00 
3.18144E-04 8.96836E-03 2.54097E-02 7.69488E-02 1.11211E-01 4.35652E-01 6.72776E-01 3.03848E-02 8.96836E-03 3.18144E-04 1.06138E+00 
3.18144E-04 1.03963E-02 2.63385E-02 7.68114E-02 1.10444E-01 4.33102E-01 6.71546E-01 3.11289E-02 1.03963E-02 3.18144E-04 1.06300E+00 
3.18144E-04 1.08047E-02 2.66032E-02 7.67635E-02 1.10210E-01 4.32329E-01 6.71140E-01 3.13393E-02 1.08047E-02 3.18144E-04 1.06309E+00 
3.18144E-04 1.26908E-02 2.78198E-02 7.64861E-02 1.09043E-01 4.28466E-01 6.68909E-01 3.22948E-02 1.26908E-02 3.18144E-04 1.06104E+00 
3.18144E-04 1.44726E-02 2.89572E-02 7.61244E-02 1.07782E-01 4.24311E-01 6.66180E-01 3.31682E-02 1.44726E-02 3.18144E-04 1.05502E+00 
3.18144E-04 1.61435E-02 3.00097E-02 7.56751E-02 1.06426E-01 4.19863E-01 6.62944E-01 3.39542E-02 1.61435E-02 3.18144E-04 1.04513E+00 
3.18144E-04 1.76981E-02 3.09721E-02 7.51358E-02 1.04975E-01 4.15123E-01 6.59196E-01 3.46483E-02 1.76981E-02 3.18144E-04 1.03153E+00 
1.73479E-03 1.91398E-02 3.18537E-02 7.45339E-02 1.03467E-01 4.10164E-01 6.54987E-01 3.52634E-02 1.91398E-02 1.73479E-03 1.01036E+00 
3.70567E-03 2.04572E-02 3.26348E-02 7.38295E-02 1.01851E-01 4.04891E-01 6.50236E-01 3.57761E-02 2.04572E-02 3.70567E-03 9.85437E-01 
5.53922E-03 2.16445E-02 3.33085E-02 7.30149E-02 1.00120E-01 3.99289E-01 6.44921E-01 3.61796E-02 2.16445E-02 5.53922E-03 9.57865E-01 
7.23120E-03 2.26986E-02 3.38724E-02 7.20907E-02 9.82751E-02 3.93365E-01 6.39040E-01 3.64720E-02 2.26986E-02 7.23120E-03 9.27929E-01 
8.77883E-03 2.36178E-02 3.43251E-02 7.10590E-02 9.63219E-02 3.87127E-01 6.32595E-01 3.66529E-02 2.36178E-02 8.77883E-03 8.95939E-01 
1.01807E-02 2.44019E-02 3.46664E-02 6.99226E-02 9.42655E-02 3.80586E-01 6.25593E-01 3.67227E-02 2.44019E-02 1.01807E-02 8.62227E-01 
1.14369E-02 2.50519E-02 3.48972E-02 6.86856E-02 9.21120E-02 3.73756E-01 6.18043E-01 3.66833E-02 2.50519E-02 1.14369E-02 8.27138E-01 
1.25488E-02 2.55700E-02 3.50195E-02 6.73529E-02 8.98687E-02 3.66652E-01 6.09958E-01 3.65373E-02 2.55700E-02 1.25488E-02 7.91018E-01 
1.35189E-02 2.59595E-02 3.50362E-02 6.59305E-02 8.75438E-02 3.59290E-01 6.01354E-01 3.62886E-02 2.59595E-02 1.35189E-02 7.54214E-01 
1.43510E-02 2.62251E-02 3.49514E-02 6.44250E-02 8.51458E-02 3.51691E-01 5.92253E-01 3.59418E-02 2.62251E-02 1.43510E-02 7.17057E-01 
1.50500E-02 2.63720E-02 3.47696E-02 6.28438E-02 8.26842E-02 3.43874E-01 5.82675E-01 3.55024E-02 2.63720E-02 1.50500E-02 6.79863E-01 
1.56215E-02 2.64065E-02 3.44963E-02 6.11949E-02 8.01686E-02 3.35860E-01 5.72648E-01 3.49765E-02 2.64065E-02 1.56215E-02 6.42923E-01 
1.60719E-02 2.63355E-02 3.41374E-02 5.94864E-02 7.76091E-02 3.27672E-01 5.62197E-01 3.43709E-02 2.63355E-02 1.60719E-02 6.06503E-01 
2.69131E-04 4.97163E-03 1.20635E-02 6.76823E-02 1.05367E-01 4.50650E-01 6.96908E-01 1.80366E-02 4.97163E-03 2.69131E-04 9.04101E-01 
2.69131E-04 4.97163E-03 1.34529E-02 6.76855E-02 1.04497E-01 4.47653E-01 6.95943E-01 1.91792E-02 4.97163E-03 2.69131E-04 9.27169E-01 
2.69131E-04 8.16492E-04 1.48147E-02 6.76681E-02 1.03606E-01 4.44494E-01 6.94639E-01 2.02935E-02 8.16492E-04 2.69131E-04 9.44760E-01 
2.69131E-04 2.66975E-03 1.61477E-02 6.76275E-02 1.02693E-01 4.41165E-01 6.92985E-01 2.13782E-02 2.66975E-03 2.69131E-04 9.56452E-01 
2.69131E-04 4.46277E-03 1.74360E-02 6.75314E-02 1.01714E-01 4.37600E-01 6.90941E-01 2.24144E-02 4.46277E-03 2.69131E-04 9.64777E-01 
2.69131E-04 6.18895E-03 1.86741E-02 6.73763E-02 1.00667E-01 4.33796E-01 6.88494E-01 2.33970E-02 6.18895E-03 2.69131E-04 9.69667E-01 
2.69131E-04 7.84229E-03 1.98565E-02 6.71592E-02 9.95518E-02 4.29750E-01 6.85634E-01 2.43210E-02 7.84229E-03 2.69131E-04 9.71097E-01 
2.69131E-04 9.06803E-03 2.07300E-02 6.69467E-02 9.86409E-02 4.26453E-01 6.83130E-01 2.49929E-02 9.06803E-03 2.69131E-04 9.69840E-01 
2.69131E-04 9.41721E-03 2.09783E-02 6.68771E-02 9.83665E-02 4.25462E-01 6.82350E-01 2.51819E-02 9.41721E-03 2.69131E-04 9.69086E-01 
2.69131E-04 1.10217E-02 2.21147E-02 6.64974E-02 9.70092E-02 4.20566E-01 6.78326E-01 2.60348E-02 1.10217E-02 2.69131E-04 9.63136E-01 
2.69131E-04 1.25237E-02 2.31702E-02 6.60370E-02 9.55694E-02 4.15389E-01 6.73794E-01 2.68050E-02 1.25237E-02 2.69131E-04 9.53390E-01 
2.69131E-04 1.39184E-02 2.41404E-02 6.54941E-02 9.40474E-02 4.09934E-01 6.68750E-01 2.74888E-02 1.39184E-02 2.69131E-04 9.40029E-01 
2.69131E-04 1.52022E-02 2.50216E-02 6.48676E-02 9.24442E-02 4.04206E-01 6.63193E-01 2.80832E-02 1.52022E-02 2.69131E-04 9.23282E-01 
1.46397E-03 1.63792E-02 2.58217E-02 6.41839E-02 9.07980E-02 3.98290E-01 6.57200E-01 2.85999E-02 1.63792E-02 1.46397E-03 8.99902E-01 
3.11586E-03 1.74405E-02 2.65258E-02 6.34077E-02 8.90613E-02 3.92082E-01 6.50669E-01 2.90202E-02 1.74405E-02 3.11586E-03 8.73260E-01 
4.64044E-03 1.83820E-02 2.71291E-02 6.25334E-02 8.72280E-02 3.85572E-01 6.43582E-01 2.93391E-02 1.83820E-02 4.64044E-03 8.44394E-01 
6.03526E-03 1.92025E-02 2.76303E-02 6.15630E-02 8.53027E-02 3.78768E-01 6.35944E-01 2.95564E-02 1.92025E-02 6.03526E-03 8.13618E-01 
7.29922E-03 1.99018E-02 2.80293E-02 6.04997E-02 8.32911E-02 3.71685E-01 6.27763E-01 2.96727E-02 1.99018E-02 7.29922E-03 7.81267E-01 
8.43245E-03 2.04811E-02 2.83270E-02 5.93476E-02 8.11993E-02 3.64337E-01 6.19053E-01 2.96898E-02 2.04811E-02 8.43245E-03 7.47683E-01 
9.43634E-03 2.09426E-02 2.85251E-02 5.81115E-02 7.90345E-02 3.56741E-01 6.09829E-01 2.96104E-02 2.09426E-02 9.43634E-03 7.13212E-01 
1.03134E-02 2.12897E-02 2.86266E-02 5.67972E-02 7.68047E-02 3.48916E-01 6.00111E-01 2.94381E-02 2.12897E-02 1.03134E-02 6.78193E-01 
1.10672E-02 2.15266E-02 2.86350E-02 5.54112E-02 7.45182E-02 3.40881E-01 5.89922E-01 2.91773E-02 2.15266E-02 1.10672E-02 6.42949E-01 
1.17022E-02 2.16584E-02 2.85546E-02 5.39604E-02 7.21837E-02 3.32658E-01 5.79287E-01 2.88333E-02 2.16584E-02 1.17022E-02 6.07787E-01 
1.22237E-02 2.16909E-02 2.83905E-02 5.24524E-02 6.98104E-02 3.24268E-01 5.68233E-01 2.84117E-02 2.16909E-02 1.22237E-02 5.72986E-01 
1.26377E-02 2.16305E-02 2.81481E-02 5.08948E-02 6.74077E-02 3.15736E-01 5.56791E-01 2.79188E-02 2.16305E-02 1.26377E-02 5.38796E-01 
1.29507E-02 2.14841E-02 2.78332E-02 4.92958E-02 6.49850E-02 3.07084E-01 5.44993E-01 2.73612E-02 2.14841E-02 1.29507E-02 5.05438E-01 
2.26899E-04 4.36341E-03 8.04924E-03 5.93192E-02 9.48460E-02 4.48250E-01 7.16258E-01 1.35225E-02 4.36341E-03 2.26899E-04 8.53661E-01 
2.26899E-04 4.36341E-03 9.40382E-03 5.92670E-02 9.38366E-02 4.44326E-01 7.13689E-01 1.46086E-02 4.36341E-03 2.26899E-04 8.72466E-01 
2.26899E-04 7.22202E-04 1.07217E-02 5.91888E-02 9.28084E-02 4.40246E-01 7.10773E-01 1.56583E-02 7.22202E-04 2.26899E-04 8.85826E-01 
2.26899E-04 2.35349E-03 1.20024E-02 5.90827E-02 9.17589E-02 4.36003E-01 7.07501E-01 1.66710E-02 2.35349E-03 2.26899E-04 8.93433E-01 
2.26899E-04 3.92071E-03 1.32329E-02 5.89190E-02 9.06473E-02 4.31522E-01 7.03816E-01 1.76304E-02 3.92071E-03 2.26899E-04 8.97593E-01 
2.26899E-04 5.41851E-03 1.44086E-02 5.86954E-02 8.94731E-02 4.26805E-01 6.99711E-01 1.85323E-02 5.41851E-03 2.26899E-04 8.98304E-01 
2.26899E-04 6.84215E-03 1.55249E-02 5.84096E-02 8.82360E-02 4.21851E-01 6.95177E-01 1.93728E-02 6.84215E-03 2.26899E-04 8.95608E-01 
2.26899E-04 7.89008E-03 1.63455E-02 5.81447E-02 8.72356E-02 4.17856E-01 6.91372E-01 1.99787E-02 7.89008E-03 2.26899E-04 8.91237E-01 
2.26899E-04 8.18735E-03 1.65780E-02 5.80599E-02 8.69360E-02 4.16662E-01 6.90210E-01 2.01484E-02 8.18735E-03 2.26899E-04 8.89590E-01 
2.26899E-04 9.54567E-03 1.76385E-02 5.76099E-02 8.54644E-02 4.10807E-01 6.84367E-01 2.09086E-02 9.54567E-03 2.26899E-04 8.79521E-01 
2.26899E-04 1.08046E-02 1.86176E-02 5.70832E-02 8.39215E-02 4.04689E-01 6.78016E-01 2.15867E-02 1.08046E-02 2.26899E-04 8.65937E-01 
2.26899E-04 1.19611E-02 1.95120E-02 5.64793E-02 8.23090E-02 3.98313E-01 6.71160E-01 2.21804E-02 1.19611E-02 2.26899E-04 8.49086E-01 
2.26899E-04 1.30130E-02 2.03195E-02 5.57985E-02 8.06292E-02 3.91688E-01 6.63803E-01 2.26881E-02 1.30130E-02 2.26899E-04 8.29253E-01 
1.23110E-03 1.39654E-02 2.10469E-02 5.50660E-02 7.89193E-02 3.84910E-01 6.56044E-01 2.31206E-02 1.39654E-02 1.23110E-03 8.03722E-01 
2.61030E-03 1.48112E-02 2.16833E-02 5.42508E-02 7.71356E-02 3.77869E-01 6.47765E-01 2.34631E-02 1.48112E-02 2.61030E-03 7.75475E-01 
3.87259E-03 1.55481E-02 2.22258E-02 5.33492E-02 7.52738E-02 3.70554E-01 6.38949E-01 2.37126E-02 1.55481E-02 3.87259E-03 7.45476E-01 
5.01705E-03 1.61763E-02 2.26740E-02 5.23645E-02 7.33398E-02 3.62982E-01 6.29608E-01 2.38700E-02 1.61763E-02 5.01705E-03 7.14060E-01 
6.04397E-03 1.66969E-02 2.30290E-02 5.13006E-02 7.13397E-02 3.55168E-01 6.19758E-01 2.39369E-02 1.66969E-02 6.04397E-03 6.81569E-01 
6.95471E-03 1.71123E-02 2.32923E-02 5.01626E-02 6.92806E-02 3.47131E-01 6.09417E-01 2.39160E-02 1.71123E-02 6.95471E-03 6.48344E-01 
7.75170E-03 1.74255E-02 2.34666E-02 4.89560E-02 6.71702E-02 3.38891E-01 5.98610E-01 2.38107E-02 1.74255E-02 7.75170E-03 6.14716E-01 
8.43828E-03 1.76407E-02 2.35552E-02 4.76870E-02 6.50163E-02 3.30468E-01 5.87360E-01 2.36254E-02 1.76407E-02 8.43828E-03 5.81001E-01 
9.01868E-03 1.77626E-02 2.35621E-02 4.63623E-02 6.28274E-02 3.21885E-01 5.75696E-01 2.33648E-02 1.77626E-02 9.01868E-03 5.47492E-01 
9.49781E-03 1.77968E-02 2.34917E-02 4.49889E-02 6.06119E-02 3.13165E-01 5.63648E-01 2.30343E-02 1.77968E-02 9.49781E-03 5.14456E-01 
9.88119E-03 1.77490E-02 2.33492E-02 4.35742E-02 5.83786E-02 3.04331E-01 5.51248E-01 2.26398E-02 1.77490E-02 9.88119E-03 4.82129E-01 
1.01748E-02 1.76256E-02 2.31399E-02 4.21257E-02 5.61360E-02 2.95409E-01 5.38531E-01 2.21872E-02 1.76256E-02 1.01748E-02 4.50716E-01 
1.03851E-02 1.74334E-02 2.28694E-02 4.06509E-02 5.38926E-02 2.86421E-01 5.25532E-01 2.16830E-02 1.74334E-02 1.03851E-02 4.20387E-01 
1.90299E-04 3.81130E-03 5.07737E-03 5.18671E-02 8.44563E-02 4.43640E-01 7.32194E-01 9.95509E-03 3.81130E-03 1.90299E-04 8.17600E-01 
1.90299E-04 3.81130E-03 6.38706E-03 5.17702E-02 8.33620E-02 4.38826E-01 7.27953E-01 1.09791E-02 3.81130E-03 1.90299E-04 8.31285E-01 
1.90299E-04 6.36007E-04 7.65264E-03 5.16427E-02 8.22505E-02 4.33867E-01 7.23367E-01 1.19601E-02 6.36007E-04 1.90299E-04 8.39649E-01 
1.90299E-04 2.06525E-03 8.87450E-03 5.14839E-02 8.11204E-02 4.28756E-01 7.18428E-01 1.28984E-02 2.06525E-03 1.90299E-04 8.42490E-01 
1.90299E-04 3.42821E-03 1.00422E-02 5.12665E-02 7.99326E-02 4.23412E-01 7.13063E-01 1.37800E-02 3.42821E-03 1.90299E-04 8.41921E-01 
1.90299E-04 4.72075E-03 1.11518E-02 5.09891E-02 7.86878E-02 4.17837E-01 7.07269E-01 1.46016E-02 4.72075E-03 1.90299E-04 8.38006E-01 
1.90299E-04 5.93939E-03 1.21999E-02 5.06506E-02 7.73866E-02 4.12036E-01 7.01041E-01 1.53603E-02 5.93939E-03 1.90299E-04 8.30853E-01 
1.90299E-04 6.82964E-03 1.29668E-02 5.03463E-02 7.63420E-02 4.07395E-01 6.95927E-01 1.59028E-02 6.82964E-03 1.90299E-04 8.23186E-01 
1.90299E-04 7.08106E-03 1.31836E-02 5.02504E-02 7.60304E-02 4.06013E-01 6.94382E-01 1.60539E-02 7.08106E-03 1.90299E-04 8.20606E-01 
1.90299E-04 8.22299E-03 1.41690E-02 4.97494E-02 7.45080E-02 3.99278E-01 6.86720E-01 1.67264E-02 8.22299E-03 1.90299E-04 8.06301E-01 
1.90299E-04 9.27017E-03 1.50738E-02 4.91765E-02 7.29257E-02 3.92302E-01 6.78563E-01 1.73189E-02 9.27017E-03 1.90299E-04 7.88876E-01 
1.90299E-04 1.02210E-02 1.58961E-02 4.85328E-02 7.12863E-02 3.85094E-01 6.69918E-01 1.78303E-02 1.02210E-02 1.90299E-04 7.68632E-01 
1.90299E-04 1.10748E-02 1.66346E-02 4.78195E-02 6.95932E-02 3.77667E-01 6.60798E-01 1.82602E-02 1.10748E-02 1.90299E-04 7.45895E-01 
1.02980E-03 1.18371E-02 1.72955E-02 4.70605E-02 6.78817E-02 3.70125E-01 6.51324E-01 1.86188E-02 1.18371E-02 1.02980E-03 7.18406E-01 
2.17498E-03 1.25027E-02 1.78712E-02 4.62290E-02 6.61124E-02 3.62354E-01 6.41357E-01 1.88946E-02 1.25027E-02 2.17498E-03 6.88789E-01 
3.21406E-03 1.30707E-02 1.83601E-02 4.53228E-02 6.42824E-02 3.54344E-01 6.30885E-01 1.90862E-02 1.30707E-02 3.21406E-03 6.57934E-01 
4.14736E-03 1.35424E-02 1.87629E-02 4.43460E-02 6.23981E-02 3.46115E-01 6.19927E-01 1.91952E-02 1.35424E-02 4.14736E-03 6.26179E-01 
4.97627E-03 1.39199E-02 1.90813E-02 4.33034E-02 6.04663E-02 3.37687E-01 6.08504E-01 1.92243E-02 1.39199E-02 4.97627E-03 5.93858E-01 
5.70308E-03 1.42063E-02 1.93174E-02 4.22004E-02 5.84943E-02 3.29080E-01 5.96642E-01 1.91767E-02 1.42063E-02 5.70308E-03 5.61292E-01 
6.33095E-03 1.44054E-02 1.94744E-02 4.10430E-02 5.64897E-02 3.20316E-01 5.84370E-01 1.90565E-02 1.44054E-02 6.33095E-03 5.28786E-01 
6.86378E-03 1.45217E-02 1.95557E-02 3.98376E-02 5.44603E-02 3.11420E-01 5.71716E-01 1.88680E-02 1.45217E-02 6.86378E-03 4.96621E-01 
7.30613E-03 1.45602E-02 1.95656E-02 3.85908E-02 5.24141E-02 3.02414E-01 5.58715E-01 1.86165E-02 1.45602E-02 7.30613E-03 4.65047E-01 
7.66309E-03 1.45265E-02 1.95085E-02 3.73096E-02 5.03591E-02 2.93323E-01 5.45402E-01 1.83071E-02 1.45265E-02 7.66309E-03 4.34286E-01 
7.94018E-03 1.44264E-02 1.93894E-02 3.60009E-02 4.83031E-02 2.84172E-01 5.31811E-01 1.79456E-02 1.44264E-02 7.94018E-03 4.04525E-01 
8.14318E-03 1.42658E-02 1.92132E-02 3.46716E-02 4.62537E-02 2.74984E-01 5.17980E-01 1.75378E-02 1.42658E-02 8.14318E-03 3.75917E-01 
8.27811E-03 1.40510E-02 1.89852E-02 3.33288E-02 4.42186E-02 2.65784E-01 5.03946E-01 1.70894E-02 1.40510E-02 8.27811E-03 3.48583E-01 
1.58497E-04 3.30380E-03 2.96251E-03 4.52865E-02 7.43654E-02 4.36874E-01 7.44262E-01 7.18942E-03 3.30380E-03 1.58497E-04 7.91205E-01 
1.58497E-04 3.30380E-03 4.21501E-03 4.51450E-02 7.32300E-02 4.31210E-01 7.38305E-01 8.14144E-03 3.30380E-03 1.58497E-04 7.98988E-01 
1.58497E-04 5.55932E-04 5.41830E-03 4.49704E-02 7.20800E-02 4.25417E-01 7.32016E-01 9.04603E-03 5.55932E-04 1.58497E-04 8.01702E-01 
1.58497E-04 1.79870E-03 6.57349E-03 4.47629E-02 7.09146E-02 4.19489E-01 7.25389E-01 9.90423E-03 1.79870E-03 1.58497E-04 7.99246E-01 
1.58497E-04 2.97488E-03 7.67229E-03 4.44973E-02 6.96971E-02 4.13336E-01 7.18331E-01 1.07042E-02 2.97488E-03 1.58497E-04 7.93551E-01 
1.58497E-04 4.08149E-03 8.71167E-03 4.41733E-02 6.84290E-02 4.06966E-01 7.10846E-01 1.14435E-02 4.08149E-03 1.58497E-04 7.84745E-01 
1.58497E-04 5.11614E-03 9.68911E-03 4.37908E-02 6.71120E-02 4.00385E-01 7.02934E-01 1.21203E-02 5.11614E-03 1.58497E-04 7.72994E-01 
1.58497E-04 5.86608E-03 1.04015E-02 4.34548E-02 6.60607E-02 3.95153E-01 6.96523E-01 1.26001E-02 5.86608E-03 1.58497E-04 7.62005E-01 
1.58497E-04 6.07690E-03 1.06024E-02 4.33500E-02 6.57481E-02 3.93601E-01 6.94601E-01 1.27331E-02 6.07690E-03 1.58497E-04 7.58495E-01 
1.58497E-04 7.02842E-03 1.15134E-02 4.28103E-02 6.42276E-02 3.86068E-01 6.85153E-01 1.33210E-02 7.02842E-03 1.58497E-04 7.40045E-01 
1.58497E-04 7.89132E-03 1.23462E-02 4.22051E-02 6.26587E-02 3.78323E-01 6.75235E-01 1.38326E-02 7.89132E-03 1.58497E-04 7.18977E-01 
1.58497E-04 8.66525E-03 1.31001E-02 4.15362E-02 6.10448E-02 3.70378E-01 6.64862E-01 1.42679E-02 8.66525E-03 1.58497E-04 6.95626E-01 
1.58497E-04 9.35054E-03 1.37745E-02 4.08061E-02 5.93902E-02 3.62249E-01 6.54049E-01 1.46274E-02 9.35054E-03 1.58497E-04 6.70342E-01 
8.55427E-04 9.95326E-03 1.43748E-02 4.00371E-02 5.77279E-02 3.54047E-01 6.42939E-01 1.49207E-02 9.95326E-03 8.55427E-04 6.41252E-01 
1.79958E-03 1.04696E-02 1.48962E-02 3.92061E-02 5.60225E-02 3.45652E-01 6.31379E-01 1.51391E-02 1.04696E-02 1.79958E-03 6.10650E-01 
2.64874E-03 1.08998E-02 1.53384E-02 3.83121E-02 5.42724E-02 3.37060E-01 6.19356E-01 1.52823E-02 1.08998E-02 2.64874E-03 5.79340E-01 
3.40422E-03 1.12459E-02 1.57026E-02 3.73599E-02 5.24842E-02 3.28290E-01 6.06897E-01 1.53529E-02 1.12459E-02 3.40422E-03 5.47648E-01 
4.06817E-03 1.15109E-02 1.59909E-02 3.63546E-02 5.06649E-02 3.19366E-01 5.94028E-01 1.53538E-02 1.15109E-02 4.06817E-03 5.15884E-01 
4.64352E-03 1.16982E-02 1.62059E-02 3.53020E-02 4.88215E-02 3.10309E-01 5.80781E-01 1.52887E-02 1.16982E-02 4.64352E-03 4.84336E-01 
5.13388E-03 1.18121E-02 1.63507E-02 3.42081E-02 4.69615E-02 3.01146E-01 5.67190E-01 1.51620E-02 1.18121E-02 5.13388E-03 4.53271E-01 
5.54343E-03 1.18571E-02 1.64291E-02 3.30792E-02 4.50921E-02 2.91900E-01 5.53288E-01 1.49782E-02 1.18571E-02 5.54343E-03 4.22923E-01 
5.87682E-03 1.18384E-02 1.64451E-02 3.19217E-02 4.32207E-02 2.82596E-01 5.39113E-01 1.47422E-02 1.18384E-02 5.87682E-03 3.93495E-01 
6.13908E-03 1.17611E-02 1.64030E-02 3.07422E-02 4.13545E-02 2.73258E-01 5.24702E-01 1.44593E-02 1.17611E-02 6.13908E-03 3.65156E-01 
6.33549E-03 1.16308E-02 1.63074E-02 2.95470E-02 3.95004E-02 2.63912E-01 5.10095E-01 1.41346E-02 1.16308E-02 6.33549E-03 3.38041E-01 
6.47150E-03 1.14532E-02 1.61628E-02 2.83426E-02 3.76650E-02 2.54581E-01 4.95331E-01 1.37736E-02 1.14532E-02 6.47150E-03 3.12254E-01 
6.55261E-03 1.12336E-02 1.59741E-02 2.71349E-02 3.58545E-02 2.45288E-01 4.80449E-01 1.33815E-02 1.12336E-02 6.55261E-03 2.87866E-01 
1.30893E-04 2.83508E-03 1.53419E-03 3.94862E-02 6.47146E-02 4.27984E-01 7.52063E-01 5.08526E-03 2.83508E-03 1.30893E-04 7.69611E-01 
1.30893E-04 2.83508E-03 2.71898E-03 3.92962E-02 6.35735E-02 4.21518E-01 7.44378E-01 5.95476E-03 2.83508E-03 1.30893E-04 7.70965E-01 
1.30893E-04 4.81010E-04 3.85188E-03 3.90730E-02 6.24214E-02 4.14944E-01 7.36386E-01 6.77489E-03 4.81010E-04 1.30893E-04 7.67649E-01 
1.30893E-04 1.55073E-03 4.93451E-03 3.88171E-02 6.12579E-02 4.08256E-01 7.28080E-01 7.54728E-03 1.55073E-03 1.30893E-04 7.59647E-01 
1.30893E-04 2.55552E-03 5.96045E-03 3.85059E-02 6.00488E-02 4.01359E-01 7.19350E-01 8.26178E-03 2.55552E-03 1.30893E-04 7.48713E-01 
1.30893E-04 3.49341E-03 6.92742E-03 3.81397E-02 5.87964E-02 3.94263E-01 7.10205E-01 8.91688E-03 3.49341E-03 1.30893E-04 7.35030E-01 
1.30893E-04 4.36296E-03 7.83362E-03 3.77191E-02 5.75030E-02 3.86977E-01 7.00651E-01 9.51154E-03 4.36296E-03 1.30893E-04 7.18811E-01 
1.30893E-04 4.98825E-03 8.49215E-03 3.73572E-02 5.64758E-02 3.81215E-01 6.92984E-01 9.92975E-03 4.98825E-03 1.30893E-04 7.04670E-01 
1.30893E-04 5.16320E-03 8.67758E-03 3.72454E-02 5.61713E-02 3.79511E-01 6.90698E-01 1.00451E-02 5.16320E-03 1.30893E-04 7.00291E-01 
1.30893E-04 5.94778E-03 9.51667E-03 3.66767E-02 5.46957E-02 3.71273E-01 6.79532E-01 1.05516E-02 5.94778E-03 1.30893E-04 6.78043E-01 
1.30893E-04 6.65115E-03 1.02814E-02 3.60500E-02 5.31828E-02 3.62856E-01 6.67935E-01 1.09871E-02 6.65115E-03 1.30893E-04 6.53760E-01 
1.30893E-04 7.27391E-03 1.09717E-02 3.53681E-02 5.16367E-02 3.54276E-01 6.55924E-01 1.13523E-02 7.27391E-03 1.30893E-04 6.27792E-01 
1.30893E-04 7.81725E-03 1.15878E-02 3.46341E-02 5.00619E-02 3.45551E-01 6.43523E-01 1.16485E-02 7.81725E-03 1.30893E-04 6.00495E-01 
7.04573E-04 8.28734E-03 1.21340E-02 3.38688E-02 4.84888E-02 3.36798E-01 6.30893E-01 1.18844E-02 8.28734E-03 7.04573E-04 5.70317E-01 
1.47642E-03 8.68164E-03 1.26081E-02 3.30522E-02 4.68859E-02 3.27894E-01 6.17864E-01 1.20539E-02 8.68164E-03 1.47642E-03 5.39238E-01 
2.16452E-03 9.00115E-03 1.30103E-02 3.21843E-02 4.52525E-02 3.18834E-01 6.04426E-01 1.21575E-02 9.00115E-03 2.16452E-03 5.07973E-01 
2.77084E-03 9.24855E-03 1.33424E-02 3.12702E-02 4.35953E-02 3.09643E-01 5.90610E-01 1.21981E-02 9.24855E-03 2.77084E-03 4.76818E-01 
3.29805E-03 9.42708E-03 1.36064E-02 3.03152E-02 4.19208E-02 3.00343E-01 5.76450E-01 1.21791E-02 9.42708E-03 3.29805E-03 4.46046E-01 
3.74944E-03 9.54055E-03 1.38053E-02 2.93249E-02 4.02358E-02 2.90961E-01 5.61981E-01 1.21044E-02 9.54055E-03 3.74944E-03 4.15903E-01 
4.12880E-03 9.59317E-03 1.39422E-02 2.83054E-02 3.85472E-02 2.81521E-01 5.47241E-01 1.19781E-02 9.59317E-03 4.12880E-03 3.86605E-01 
4.44035E-03 9.58951E-03 1.40205E-02 2.72625E-02 3.68615E-02 2.72048E-01 5.32267E-01 1.18048E-02 9.58951E-03 4.44035E-03 3.58336E-01 
4.68864E-03 9.53437E-03 1.40441E-02 2.62022E-02 3.51853E-02 2.62569E-01 5.17101E-01 1.15891E-02 9.53437E-03 4.68864E-03 3.31246E-01 
4.87842E-03 9.43269E-03 1.40170E-02 2.51306E-02 3.35248E-02 2.53106E-01 5.01782E-01 1.13360E-02 9.43269E-03 4.87842E-03 3.05452E-01 
5.01462E-03 9.28951E-03 1.39433E-02 2.40532E-02 3.18859E-02 2.43685E-01 4.86350E-01 1.10501E-02 9.28951E-03 5.01462E-03 2.81037E-01 
5.10218E-03 9.10981E-03 1.38272E-02 2.29757E-02 3.02740E-02 2.34328E-01 4.70846E-01 1.07363E-02 9.10981E-03 5.10218E-03 2.58057E-01 
5.14603E-03 8.89851E-03 1.36727E-02 2.19033E-02 2.86942E-02 2.25058E-01 4.55311E-01 1.03991E-02 8.89851E-03 5.14603E-03 2.36538E-01 
1.07253E-04 2.40730E-03 6.56613E-04 3.43971E-02 5.57018E-02 4.17112E-01 7.55276E-01 3.52773E-03 2.40730E-03 1.07253E-04 7.48633E-01 
1.07253E-04 2.40730E-03 1.76809E-03 3.41559E-02 5.45837E-02 4.09909E-01 7.45904E-01 4.30708E-03 2.40730E-03 1.07253E-04 7.43460E-01 
1.07253E-04 4.11667E-04 2.82713E-03 3.38836E-02 5.34587E-02 4.02624E-01 7.36259E-01 5.03747E-03 4.11667E-04 1.07253E-04 7.34152E-01 
1.07253E-04 1.32264E-03 3.83567E-03 3.35811E-02 5.23269E-02 3.95252E-01 7.26334E-01 5.72091E-03 1.32264E-03 1.07253E-04 7.20754E-01 
1.07253E-04 2.17212E-03 4.78890E-03 3.32277E-02 5.11568E-02 3.87692E-01 7.16004E-01 6.34871E-03 2.17212E-03 1.07253E-04 7.04847E-01 
1.07253E-04 2.95896E-03 5.68508E-03 3.28244E-02 4.99510E-02 3.79955E-01 7.05279E-01 6.92007E-03 2.95896E-03 1.07253E-04 6.86653E-01 
1.07253E-04 3.68250E-03 6.52298E-03 3.23725E-02 4.87124E-02 3.72054E-01 6.94174E-01 7.43461E-03 3.68250E-03 1.07253E-04 6.66417E-01 
1.07253E-04 4.19873E-03 7.13070E-03 3.19907E-02 4.77334E-02 3.65836E-01 6.85328E-01 7.79371E-03 4.19873E-03 1.07253E-04 6.49523E-01 
1.07253E-04 4.34249E-03 7.30165E-03 3.18739E-02 4.74440E-02 3.64002E-01 6.82701E-01 7.89229E-03 4.34249E-03 1.07253E-04 6.44399E-01 
1.07253E-04 4.98311E-03 8.07425E-03 3.12861E-02 4.60465E-02 3.55165E-01 6.69939E-01 8.32249E-03 4.98311E-03 1.07253E-04 6.18972E-01 
1.07253E-04 5.55079E-03 8.77712E-03 3.06490E-02 4.46223E-02 3.46188E-01 6.56792E-01 8.68793E-03 5.55079E-03 1.07253E-04 5.92135E-01 
1.07253E-04 6.04681E-03 9.41057E-03 2.99658E-02 4.31756E-02 3.37087E-01 6.43285E-01 8.99002E-03 6.04681E-03 1.07253E-04 5.64233E-01 
1.07253E-04 6.47297E-03 9.97533E-03 2.92400E-02 4.17109E-02 3.27883E-01 6.29444E-01 9.23060E-03 6.47297E-03 1.07253E-04 5.35604E-01 
5.75838E-04 6.83526E-03 1.04748E-02 2.84908E-02 4.02557E-02 3.18698E-01 6.15452E-01 9.41755E-03 6.83526E-03 5.75838E-04 5.04961E-01 
1.20206E-03 7.13213E-03 1.09086E-02 2.77010E-02 3.87823E-02 3.09406E-01 6.01119E-01 9.54653E-03 7.13213E-03 1.20206E-03 4.73993E-01 
1.75554E-03 7.36514E-03 1.12774E-02 2.68712E-02 3.72907E-02 3.00003E-01 5.86440E-01 9.61875E-03 7.36514E-03 1.75554E-03 4.43318E-01 
2.23864E-03 7.53723E-03 1.15830E-02 2.60064E-02 3.57870E-02 2.90513E-01 5.71449E-01 9.63729E-03 7.53723E-03 2.23864E-03 4.13191E-01 
2.65430E-03 7.65180E-03 1.18278E-02 2.51120E-02 3.42775E-02 2.80964E-01 5.56186E-01 9.60560E-03 7.65180E-03 2.65430E-03 3.83837E-01 
3.00590E-03 7.71262E-03 1.20143E-02 2.41933E-02 3.27682E-02 2.71380E-01 5.40688E-01 9.52749E-03 7.71262E-03 3.00590E-03 3.55453E-01 
3.29722E-03 7.72380E-03 1.21455E-02 2.32558E-02 3.12653E-02 2.61787E-01 5.24998E-01 9.40701E-03 7.72380E-03 3.29722E-03 3.28202E-01 
3.53232E-03 7.68964E-03 1.22248E-02 2.23051E-02 2.97746E-02 2.52211E-01 5.09155E-01 9.24838E-03 7.68964E-03 3.53232E-03 3.02216E-01 
3.71547E-03 7.61455E-03 1.22555E-02 2.13465E-02 2.83016E-02 2.42676E-01 4.93202E-01 9.05592E-03 7.61455E-03 3.71547E-03 2.77592E-01 
3.85107E-03 7.50302E-03 1.22413E-02 2.03852E-02 2.68515E-02 2.33206E-01 4.77180E-01 8.83396E-03 7.50302E-03 3.85107E-03 2.54395E-01 
3.94353E-03 7.35951E-03 1.21858E-02 1.94263E-02 2.54291E-02 2.23823E-01 4.61130E-01 8.58675E-03 7.35951E-03 3.94353E-03 2.32664E-01 
3.99725E-03 7.18837E-03 1.20927E-02 1.84743E-02 2.40389E-02 2.14551E-01 4.45094E-01 8.31847E-03 7.18837E-03 3.99725E-03 2.12410E-01 
4.01654E-03 6.99382E-03 1.19655E-02 1.75337E-02 2.26848E-02 2.05409E-01 4.29110E-01 8.03310E-03 6.99382E-03 4.01654E-03 1.93622E-01 
8.67622E-05 2.01263E-03 2.07556E-04 2.98029E-02 4.72369E-02 4.04077E-01 7.53757E-01 2.37536E-03 2.01263E-03 8.67622E-05 7.24377E-01 
8.67622E-05 2.01263E-03 1.24353E-03 2.95102E-02 4.61654E-02 3.96202E-01 7.42743E-01 3.05851E-03 2.01263E-03 8.67622E-05 7.12856E-01 
8.67622E-05 3.46777E-04 2.22817E-03 2.91906E-02 4.50918E-02 3.88277E-01 7.31500E-01 3.69519E-03 3.46777E-04 8.67622E-05 6.97852E-01 
8.67622E-05 1.11053E-03 3.16351E-03 2.88452E-02 4.40163E-02 3.80296E-01 7.20021E-01 4.28757E-03 1.11053E-03 8.67622E-05 6.79452E-01 
8.67622E-05 1.81776E-03 4.04612E-03 2.84550E-02 4.29102E-02 3.72152E-01 7.08165E-01 4.82820E-03 1.81776E-03 8.67622E-05 6.59060E-01 
8.67622E-05 2.46797E-03 4.87467E-03 2.80215E-02 4.17764E-02 3.63859E-01 6.95947E-01 5.31683E-03 2.46797E-03 8.67622E-05 6.36922E-01 
8.67622E-05 3.06109E-03 5.64827E-03 2.75466E-02 4.06180E-02 3.55432E-01 6.83384E-01 5.75357E-03 3.06109E-03 8.67622E-05 6.13295E-01 
8.67622E-05 3.48100E-03 6.20875E-03 2.71521E-02 3.97068E-02 3.48830E-01 6.73439E-01 6.05616E-03 3.48100E-03 8.67622E-05 5.94162E-01 
8.67622E-05 3.59739E-03 6.36632E-03 2.70324E-02 3.94381E-02 3.46887E-01 6.70496E-01 6.13886E-03 3.59739E-03 8.67622E-05 5.88448E-01 
8.67622E-05 4.11276E-03 7.07800E-03 2.64365E-02 3.81455E-02 3.37557E-01 6.56258E-01 6.49754E-03 4.11276E-03 8.67622E-05 5.60597E-01 
8.67622E-05 4.56409E-03 7.72489E-03 2.58007E-02 3.68358E-02 3.28127E-01 6.41694E-01 6.79868E-03 4.56409E-03 8.67622E-05 5.31973E-01 
8.67622E-05 4.95312E-03 8.30753E-03 2.51284E-02 3.55133E-02 3.18617E-01 6.26832E-01 7.04406E-03 4.95312E-03 8.67622E-05 5.02896E-01 
8.67622E-05 5.28198E-03 8.82687E-03 2.44234E-02 3.41823E-02 3.09050E-01 6.11703E-01 7.23584E-03 5.28198E-03 8.67622E-05 4.73672E-01 
4.64654E-04 5.55628E-03 9.28539E-03 2.37030E-02 3.28670E-02 2.99549E-01 5.96504E-01 7.38098E-03 5.55628E-03 4.64654E-04 4.43236E-01 
9.66356E-04 5.77525E-03 9.68399E-03 2.29523E-02 3.15434E-02 2.89986E-01 5.81033E-01 7.47661E-03 5.77525E-03 9.66356E-04 4.12995E-01 
1.40602E-03 5.94075E-03 1.00238E-02 2.21723E-02 3.02118E-02 2.80359E-01 5.65284E-01 7.52435E-03 5.94075E-03 1.40602E-03 3.83467E-01 
1.78618E-03 6.05578E-03 1.03065E-02 2.13679E-02 2.88779E-02 2.70692E-01 5.49298E-01 7.52723E-03 6.05578E-03 1.78618E-03 3.54858E-01 
2.10983E-03 6.12366E-03 1.05343E-02 2.05441E-02 2.75472E-02 2.61014E-01 5.33116E-01 7.48863E-03 6.12366E-03 2.10983E-03 3.27342E-01 
2.38028E-03 6.14801E-03 1.07096E-02 1.97057E-02 2.62250E-02 2.51348E-01 5.16780E-01 7.41212E-03 6.14801E-03 2.38028E-03 3.01060E-01 
2.60111E-03 6.13262E-03 1.08351E-02 1.88578E-02 2.49165E-02 2.41722E-01 5.00333E-01 7.30145E-03 6.13262E-03 2.60111E-03 2.76123E-01 
2.77608E-03 6.08139E-03 1.09138E-02 1.80052E-02 2.36267E-02 2.32159E-01 4.83817E-01 7.16045E-03 6.08139E-03 2.77608E-03 2.52609E-01 
2.90908E-03 5.99827E-03 1.09487E-02 1.71526E-02 2.23600E-02 2.22684E-01 4.67276E-01 6.99294E-03 5.99827E-03 2.90908E-03 2.30566E-01 
3.00400E-03 5.88720E-03 1.09431E-02 1.63043E-02 2.11208E-02 2.13318E-01 4.50751E-01 6.80272E-03 5.88720E-03 3.00400E-03 2.10015E-01 
3.06475E-03 5.75201E-03 1.09001E-02 1.54646E-02 1.99127E-02 2.04084E-01 4.34283E-01 6.59347E-03 5.75201E-03 3.06475E-03 1.90952E-01 
3.09513E-03 5.59641E-03 1.08229E-02 1.46373E-02 1.87391E-02 1.95001E-01 4.17912E-01 6.36872E-03 5.59641E-03 3.09513E-03 1.73353E-01 
3.09879E-03 5.42392E-03 1.07148E-02 1.38257E-02 1.76029E-02 1.86087E-01 4.01677E-01 6.13181E-03 5.42392E-03 3.09879E-03 1.57174E-01 
6.94294E-05 1.65835E-03 1.30632E-04 2.56689E-02 3.95038E-02 3.89101E-01 7.47402E-01 1.55370E-03 1.65835E-03 6.94294E-05 6.94790E-01 
6.94294E-05 1.65835E-03 1.09414E-03 2.53302E-02 3.84977E-02 3.80645E-01 7.34851E-01 2.13978E-03 1.65835E-03 6.94294E-05 6.77569E-01 
6.94294E-05 2.87727E-04 2.00838E-03 2.49702E-02 3.74944E-02 3.72173E-01 7.22123E-01 2.68349E-03 2.87727E-04 6.94294E-05 6.57589E-01 
6.94294E-05 9.18662E-04 2.87528E-03 2.45902E-02 3.64941E-02 3.63679E-01 7.09212E-01 3.18699E-03 9.18662E-04 6.94294E-05 6.34960E-01 
6.94294E-05 1.49913E-03 3.69264E-03 2.41726E-02 3.54709E-02 3.55052E-01 6.95959E-01 3.64384E-03 1.49913E-03 6.94294E-05 6.10903E-01 
6.94294E-05 2.02907E-03 4.45934E-03 2.37193E-02 3.44278E-02 3.46309E-01 6.82386E-01 4.05415E-03 2.02907E-03 6.94294E-05 5.85671E-01 
6.94294E-05 2.50881E-03 5.17469E-03 2.32324E-02 3.33678E-02 3.37464E-01 6.68512E-01 4.41838E-03 2.50881E-03 6.94294E-05 5.59521E-01 
6.94294E-05 2.84594E-03 5.69264E-03 2.28340E-02 3.25380E-02 3.30562E-01 6.57586E-01 4.66903E-03 2.84594E-03 6.94294E-05 5.38822E-01 
6.94294E-05 2.93896E-03 5.83821E-03 2.27141E-02 3.22940E-02 3.28536E-01 6.54362E-01 4.73725E-03 2.93896E-03 6.94294E-05 5.32711E-01 
6.94294E-05 3.34831E-03 6.49544E-03 2.21230E-02 3.11242E-02 3.18834E-01 6.38823E-01 5.03142E-03 3.34831E-03 6.94294E-05 5.03354E-01 
6.94294E-05 3.70266E-03 7.09250E-03 2.15015E-02 2.99459E-02 3.09076E-01 6.23022E-01 5.27565E-03 3.70266E-03 6.94294E-05 4.73824E-01 
6.94294E-05 4.00394E-03 7.62998E-03 2.08530E-02 2.87629E-02 2.99284E-01 6.06992E-01 5.47189E-03 4.00394E-03 6.94294E-05 4.44405E-01 
6.94294E-05 4.25440E-03 8.10888E-03 2.01812E-02 2.75794E-02 2.89478E-01 5.90769E-01 5.62240E-03 4.25440E-03 6.94294E-05 4.15356E-01 
3.70938E-04 4.45913E-03 8.53076E-03 1.95016E-02 2.64159E-02 2.79787E-01 5.74560E-01 5.73322E-03 4.45913E-03 3.70938E-04 3.85791E-01 
7.68718E-04 4.61790E-03 8.89759E-03 1.88012E-02 2.52522E-02 2.70079E-01 5.58152E-01 5.80257E-03 4.61790E-03 7.68718E-04 3.56860E-01 
1.11447E-03 4.73269E-03 9.21061E-03 1.80812E-02 2.40887E-02 2.60351E-01 5.41540E-01 5.83222E-03 4.73269E-03 1.11447E-03 3.28980E-01 
1.41073E-03 4.80637E-03 9.47140E-03 1.73461E-02 2.29301E-02 2.50632E-01 5.24767E-01 5.82507E-03 4.80637E-03 1.41073E-03 3.02304E-01 
1.66035E-03 4.84207E-03 9.68187E-03 1.66003E-02 2.17813E-02 2.40946E-01 5.07878E-01 5.78425E-03 4.84207E-03 1.66035E-03 2.76953E-01 
1.86645E-03 4.84308E-03 9.84422E-03 1.58483E-02 2.06469E-02 2.31319E-01 4.90916E-01 5.71300E-03 4.84308E-03 1.86645E-03 2.53017E-01 
2.03228E-03 4.81278E-03 9.96089E-03 1.50943E-02 1.95311E-02 2.21776E-01 4.73926E-01 5.61467E-03 4.81278E-03 2.03228E-03 2.30554E-01 
2.16122E-03 4.75463E-03 1.00345E-02 1.43424E-02 1.84378E-02 2.12340E-01 4.56950E-01 5.49261E-03 4.75463E-03 2.16122E-03 2.09597E-01 
2.25669E-03 4.67204E-03 1.00677E-02 1.35966E-02 1.73707E-02 2.03033E-01 4.40033E-01 5.35015E-03 4.67204E-03 2.25669E-03 1.90148E-01 
2.32209E-03 4.56836E-03 1.00635E-02 1.28604E-02 1.63330E-02 1.93877E-01 4.23214E-01 5.19050E-03 4.56836E-03 2.32209E-03 1.72192E-01 
2.36074E-03 4.44682E-03 1.00245E-02 1.21372E-02 1.53275E-02 1.84890E-01 4.06534E-01 5.01677E-03 4.44682E-03 2.36074E-03 1.55690E-01 
2.37586E-03 4.31051E-03 9.95378E-03 1.14299E-02 1.43566E-02 1.76091E-01 3.90031E-01 4.83189E-03 4.31051E-03 2.37586E-03 1.40590E-01 
2.37051E-03 4.16231E-03 9.85403E-03 1.07412E-02 1.34223E-02 1.67495E-01 3.73741E-01 4.63859E-03 4.16231E-03 2.37051E-03 1.26827E-01 
5.48785E-05 1.34422E-03 3.93470E-04 2.18957E-02 3.25053E-02 3.72234E-01 7.36258E-01 9.79458E-04 1.34422E-03 5.48785E-05 6.58593E-01 
5.48785E-05 1.34422E-03 1.28956E-03 2.15212E-02 3.15796E-02 3.63300E-01 7.22303E-01 1.47104E-03 1.34422E-03 5.48785E-05 6.36604E-01 
5.48785E-05 2.34692E-04 2.13871E-03 2.11318E-02 3.06613E-02 3.54385E-01 7.08229E-01 1.92546E-03 2.34692E-04 5.48785E-05 6.12610E-01 
5.48785E-05 7.47311E-04 2.94259E-03 2.07288E-02 2.97504E-02 3.45486E-01 6.94031E-01 2.34468E-03 7.47311E-04 5.48785E-05 5.86727E-01 
5.48785E-05 1.21614E-03 3.70011E-03 2.02961E-02 2.88242E-02 3.36487E-01 6.79534E-01 2.72312E-03 1.21614E-03 5.48785E-05 5.59988E-01 
5.48785E-05 1.64141E-03 4.41024E-03 1.98357E-02 2.78852E-02 3.27404E-01 6.64765E-01 3.06111E-03 1.64141E-03 5.48785E-05 5.32641E-01 
5.48785E-05 2.02367E-03 5.07229E-03 1.93497E-02 2.69364E-02 3.18257E-01 6.49747E-01 3.35929E-03 2.02367E-03 5.48785E-05 5.04927E-01 
5.48785E-05 2.29042E-03 5.55128E-03 1.89575E-02 2.61972E-02 3.11145E-01 6.37973E-01 3.56323E-03 2.29042E-03 5.48785E-05 4.83380E-01 
5.48785E-05 2.36370E-03 5.68583E-03 1.88404E-02 2.59805E-02 3.09062E-01 6.34507E-01 3.61852E-03 2.36370E-03 5.48785E-05 4.77080E-01 
5.48785E-05 2.68427E-03 6.29291E-03 1.82678E-02 2.49451E-02 2.99115E-01 6.17857E-01 3.85567E-03 2.68427E-03 5.48785E-05 4.47162E-01 
5.48785E-05 2.95863E-03 6.84365E-03 1.76740E-02 2.39083E-02 2.89156E-01 6.01017E-01 4.05049E-03 2.95863E-03 5.48785E-05 4.17608E-01 
5.48785E-05 3.18875E-03 7.33864E-03 1.70622E-02 2.28736E-02 2.79208E-01 5.84022E-01 4.20495E-03 3.18875E-03 5.48785E-05 3.88651E-01 
5.48785E-05 3.37683E-03 7.77877E-03 1.64357E-02 2.18444E-02 2.69292E-01 5.66909E-01 4.32123E-03 3.37683E-03 5.48785E-05 3.60499E-01 
2.92535E-04 3.52729E-03 8.16484E-03 1.58080E-02 2.08382E-02 2.59535E-01 5.49897E-01 4.40442E-03 3.52729E-03 2.92535E-04 3.32409E-01 
6.04212E-04 3.64030E-03 8.49957E-03 1.51680E-02 1.98377E-02 2.49805E-01 5.32760E-01 4.45357E-03 3.64030E-03 6.04212E-04 3.05297E-01 
8.73019E-04 3.71780E-03 8.78423E-03 1.45168E-02 1.88434E-02 2.40101E-01 5.15497E-01 4.47045E-03 3.71780E-03 8.73019E-04 2.79484E-01 
1.10135E-03 3.76243E-03 9.02022E-03 1.38583E-02 1.78594E-02 2.30448E-01 4.98151E-01 4.45769E-03 3.76243E-03 1.10135E-03 2.55071E-01 
1.29183E-03 3.77698E-03 9.20924E-03 1.31965E-02 1.68896E-02 2.20872E-01 4.80769E-01 4.41809E-03 3.77698E-03 1.29183E-03 2.32129E-01 
1.44725E-03 3.76436E-03 9.35325E-03 1.25350E-02 1.59378E-02 2.11398E-01 4.63395E-01 4.35449E-03 3.76436E-03 1.44725E-03 2.10698E-01 
1.57048E-03 3.72750E-03 9.45444E-03 1.18775E-02 1.50071E-02 2.02048E-01 4.46074E-01 4.26978E-03 3.72750E-03 1.57048E-03 1.90794E-01 
1.66448E-03 3.66935E-03 9.51516E-03 1.12272E-02 1.41009E-02 1.92845E-01 4.28849E-01 4.16684E-03 3.66935E-03 1.66448E-03 1.72406E-01 
1.73217E-03 3.59280E-03 9.53787E-03 1.05873E-02 1.32217E-02 1.83808E-01 4.11761E-01 4.04845E-03 3.59280E-03 1.73217E-03 1.55505E-01 
1.77642E-03 3.50062E-03 9.52515E-03 9.96062E-03 1.23719E-02 1.74958E-01 3.94851E-01 3.91731E-03 3.50062E-03 1.77642E-03 1.40043E-01 
1.80002E-03 3.39547E-03 9.47959E-03 9.34967E-03 1.15535E-02 1.66309E-01 3.78156E-01 3.77594E-03 3.39547E-03 1.80002E-03 1.25956E-01 
1.80563E-03 3.27985E-03 9.40381E-03 8.75665E-03 1.07681E-02 1.57878E-01 3.61713E-01 3.62674E-03 3.27985E-03 1.80563E-03 1.13174E-01 
1.79575E-03 3.15607E-03 9.30041E-03 8.18343E-03 1.00169E-02 1.49679E-01 3.45553E-01 3.47188E-03 3.15607E-03 1.79575E-03 1.01615E-01 
4.28285E-05 1.07091E-03 9.96115E-04 1.84304E-02 2.62602E-02 3.53631E-01 7.20498E-01 5.89550E-04 1.07091E-03 4.28285E-05 6.15687E-01 
4.28285E-05 1.07091E-03 1.82956E-03 1.80339E-02 2.54259E-02 3.44333E-01 7.05301E-01 9.92464E-04 1.07091E-03 4.28285E-05 5.90079E-01 
4.28285E-05 1.88004E-04 2.61802E-03 1.76293E-02 2.46032E-02 3.35093E-01 6.90049E-01 1.36400E-03 1.88004E-04 4.28285E-05 5.63204E-01 
4.28285E-05 5.97239E-04 3.36288E-03 1.72176E-02 2.37918E-02 3.25905E-01 6.74734E-01 1.70584E-03 5.97239E-04 4.28285E-05 5.35167E-01 
4.28285E-05 9.69571E-04 4.06401E-03 1.67840E-02 2.29717E-02 3.16652E-01 6.59171E-01 2.01309E-03 9.69571E-04 4.28285E-05 5.06820E-01 
4.28285E-05 1.30535E-03 4.72036E-03 1.63305E-02 2.21453E-02 3.07351E-01 6.43388E-01 2.28617E-03 1.30535E-03 4.28285E-05 4.78390E-01 
4.28285E-05 1.60522E-03 5.33122E-03 1.58592E-02 2.13149E-02 2.98022E-01 6.27412E-01 2.52579E-03 1.60522E-03 4.28285E-05 4.50091E-01 
4.28285E-05 1.81312E-03 5.77234E-03 1.54836E-02 2.06714E-02 2.90795E-01 6.14937E-01 2.68877E-03 1.81312E-03 4.28285E-05 4.28414E-01 
4.28285E-05 1.87001E-03 5.89610E-03 1.53721E-02 2.04832E-02 2.88682E-01 6.11273E-01 2.73281E-03 1.87001E-03 4.28285E-05 4.22126E-01 
4.28285E-05 2.11745E-03 6.45348E-03 1.48318E-02 1.95877E-02 2.78621E-01 5.93723E-01 2.92077E-03 2.11745E-03 4.28285E-05 3.92558E-01 
4.28285E-05 2.32694E-03 6.95734E-03 1.42786E-02 1.86964E-02 2.68592E-01 5.76056E-01 3.07370E-03 2.32694E-03 4.28285E-05 3.63800E-01 
4.28285E-05 2.50032E-03 7.40818E-03 1.37153E-02 1.78121E-02 2.58616E-01 5.58311E-01 3.19342E-03 2.50032E-03 4.28285E-05 3.36031E-01 
4.28285E-05 2.63960E-03 7.80682E-03 1.31448E-02 1.69379E-02 2.48717E-01 5.40526E-01 3.28194E-03 2.63960E-03 4.28285E-05 3.09401E-01 
2.27822E-04 2.74855E-03 8.15345E-03 1.25786E-02 1.60879E-02 2.39018E-01 5.22925E-01 3.34345E-03 2.74855E-03 2.27822E-04 2.83286E-01 
4.69088E-04 2.82755E-03 8.45133E-03 1.20072E-02 1.52479E-02 2.29387E-01 5.05277E-01 3.37756E-03 2.82755E-03 4.69088E-04 2.58392E-01 
6.75654E-04 2.87841E-03 8.70170E-03 1.14314E-02 1.44182E-02 2.19824E-01 4.87578E-01 3.38593E-03 2.87841E-03 6.75654E-04 2.34954E-01 
8.49677E-04 2.90344E-03 8.90581E-03 1.08548E-02 1.36021E-02 2.10353E-01 4.69875E-01 3.37087E-03 2.90344E-03 8.49677E-04 2.13026E-01 
9.93475E-04 2.90507E-03 9.06523E-03 1.02804E-02 1.28027E-02 2.00998E-01 4.52214E-01 3.33478E-03 2.90507E-03 9.93475E-04 1.92631E-01 
1.10947E-03 2.88577E-03 9.18175E-03 9.71129E-03 1.20228E-02 1.91782E-01 4.34640E-01 3.28009E-03 2.88577E-03 1.10947E-03 1.73770E-01 
1.20014E-03 2.84802E-03 9.25741E-03 9.15036E-03 1.12651E-02 1.82728E-01 4.17196E-01 3.20922E-03 2.84802E-03 1.20014E-03 1.56421E-01 
1.26796E-03 2.79426E-03 9.29440E-03 8.60020E-03 1.05318E-02 1.73854E-01 3.99925E-01 3.12457E-03 2.79426E-03 1.26796E-03 1.40542E-01 
1.31539E-03 2.72687E-03 9.29504E-03 8.06319E-03 9.82478E-03 1.65178E-01 3.82866E-01 3.02842E-03 2.72687E-03 1.31539E-03 1.26075E-01 
1.34481E-03 2.64810E-03 9.26177E-03 7.54140E-03 9.14565E-03 1.56718E-01 3.66057E-01 2.92295E-03 2.64810E-03 1.34481E-03 1.12953E-01 
1.35848E-03 2.56008E-03 9.19708E-03 7.03664E-03 8.49568E-03 1.48486E-01 3.49534E-01 2.81021E-03 2.56008E-03 1.35848E-03 1.01095E-01 
1.35857E-03 2.46480E-03 9.10347E-03 6.55044E-03 7.87581E-03 1.40497E-01 3.33328E-01 2.69208E-03 2.46480E-03 1.35857E-03 9.04185E-02 
1.34708E-03 2.36406E-03 8.98348E-03 6.08400E-03 7.28666E-03 1.32759E-01 3.17469E-01 2.57028E-03 2.36406E-03 1.34708E-03 8.08344E-02 
3.29635E-05 8.37168E-04 1.96121E-03 1.52333E-02 2.07496E-02 3.33428E-01 7.00339E-01 3.32970E-04 8.37168E-04 3.29635E-05 5.66698E-01 
3.29635E-05 8.37168E-04 2.73339E-03 1.48309E-02 2.00146E-02 3.23892E-01 6.84083E-01 6.55253E-04 8.37168E-04 3.29635E-05 5.38717E-01 
3.29635E-05 1.47647E-04 3.46180E-03 1.44268E-02 1.92945E-02 3.14450E-01 6.67838E-01 9.52081E-04 1.47647E-04 3.29635E-05 5.10153E-01 
3.29635E-05 4.68124E-04 4.14750E-03 1.40215E-02 1.85888E-02 3.05097E-01 6.51595E-01 1.22476E-03 4.68124E-04 3.29635E-05 4.81088E-01 
3.29635E-05 7.58412E-04 4.79126E-03 1.36019E-02 1.78799E-02 2.95714E-01 6.35157E-01 1.46899E-03 7.58412E-04 3.29635E-05 4.52202E-01 
3.29635E-05 1.01889E-03 5.39194E-03 1.31696E-02 1.71701E-02 2.86320E-01 6.18555E-01 1.68521E-03 1.01889E-03 3.29635E-05 4.23692E-01 
3.29635E-05 1.25018E-03 5.94878E-03 1.27264E-02 1.64614E-02 2.76932E-01 6.01820E-01 1.87407E-03 1.25018E-03 3.29635E-05 3.95735E-01 
3.29635E-05 1.40960E-03 6.34921E-03 1.23773E-02 1.59149E-02 2.69685E-01 5.88800E-01 2.00193E-03 1.40960E-03 3.29635E-05 3.74587E-01 
3.29635E-05 1.45306E-03 6.46125E-03 1.22743E-02 1.57557E-02 2.67571E-01 5.84983E-01 2.03638E-03 1.45306E-03 3.29635E-05 3.68495E-01 
3.29635E-05 1.64112E-03 6.96385E-03 1.17789E-02 1.50005E-02 2.57527E-01 5.66752E-01 2.18276E-03 1.64112E-03 3.29635E-05 3.40091E-01 
3.29635E-05 1.79872E-03 7.41469E-03 1.12777E-02 1.42535E-02 2.47557E-01 5.48479E-01 2.30084E-03 1.79872E-03 3.29635E-05 3.12839E-01 
3.29635E-05 1.92748E-03 7.81423E-03 1.07730E-02 1.35172E-02 2.37682E-01 5.30204E-01 2.39223E-03 1.92748E-03 3.29635E-05 2.86863E-01 
3.29635E-05 2.02918E-03 8.16324E-03 1.02673E-02 1.27937E-02 2.27923E-01 5.11966E-01 2.45867E-03 2.02918E-03 3.29635E-05 2.62259E-01 
1.75009E-04 2.10688E-03 8.46167E-03 9.77007E-03 1.20944E-02 2.18400E-01 4.93994E-01 2.50352E-03 2.10688E-03 1.75009E-04 2.38497E-01 
3.59317E-04 2.16111E-03 8.71301E-03 9.27312E-03 1.14075E-02 2.08985E-01 4.76050E-01 2.52676E-03 2.16111E-03 3.59317E-04 2.16103E-01 
5.16054E-04 2.19346E-03 8.91852E-03 8.77726E-03 1.07334E-02 1.99674E-01 4.58130E-01 2.52986E-03 2.19346E-03 5.16054E-04 1.95237E-01 
6.47087E-04 2.20589E-03 9.07940E-03 8.28519E-03 1.00745E-02 1.90492E-01 4.40281E-01 2.51478E-03 2.20589E-03 6.47087E-04 1.75908E-01 
7.54395E-04 2.20044E-03 9.19716E-03 7.79943E-03 9.43322E-03 1.81461E-01 4.22550E-01 2.48352E-03 2.20044E-03 7.54395E-04 1.58105E-01 
8.40019E-04 2.17914E-03 9.27358E-03 7.32234E-03 8.81161E-03 1.72603E-01 4.04979E-01 2.43810E-03 2.17914E-03 8.40019E-04 1.41794E-01 
9.06019E-04 2.14404E-03 9.31063E-03 6.85610E-03 8.21150E-03 1.63935E-01 3.87612E-01 2.38049E-03 2.14404E-03 9.06019E-04 1.26924E-01 
9.54444E-04 2.09710E-03 9.31050E-03 6.40262E-03 7.63444E-03 1.55477E-01 3.70488E-01 2.31263E-03 2.09710E-03 9.54444E-04 1.13432E-01 
9.87289E-04 2.04023E-03 9.27551E-03 5.96361E-03 7.08169E-03 1.47242E-01 3.53645E-01 2.23635E-03 2.04023E-03 9.87289E-04 1.01243E-01 
1.00648E-03 1.97522E-03 9.20807E-03 5.54050E-03 6.55422E-03 1.39246E-01 3.37117E-01 2.15338E-03 1.97522E-03 1.00648E-03 9.02722E-02 
1.01383E-03 1.90374E-03 9.11068E-03 5.13448E-03 6.05272E-03 1.31499E-01 3.20937E-01 2.06533E-03 1.90374E-03 1.01383E-03 8.04338E-02 
1.01105E-03 1.82732E-03 8.98589E-03 4.74649E-03 5.57761E-03 1.24011E-01 3.05132E-01 1.97365E-03 1.82732E-03 1.01105E-03 7.16381E-02 
9.99731E-04 1.74736E-03 8.83622E-03 4.37723E-03 5.12907E-03 1.16790E-01 2.89730E-01 1.87967E-03 1.74736E-03 9.99731E-04 6.37956E-02 
2.50155E-05 6.41614E-04 3.31532E-03 1.22970E-02 1.59627E-02 3.11876E-01 6.76140E-01 1.71314E-04 6.41614E-04 2.50155E-05 5.13037E-01 
2.50155E-05 6.41614E-04 4.02185E-03 1.19053E-02 1.53313E-02 3.02232E-01 6.59026E-01 4.22664E-04 6.41614E-04 2.50155E-05 4.83939E-01 
2.50155E-05 1.13561E-04 4.68494E-03 1.15174E-02 1.47171E-02 2.92718E-01 6.41990E-01 6.54217E-04 1.13561E-04 2.50155E-05 4.54855E-01 
2.50155E-05 3.59519E-04 5.30543E-03 1.11335E-02 1.41193E-02 2.83329E-01 6.25020E-01 8.66889E-04 3.59519E-04 2.50155E-05 4.25837E-01 
2.50155E-05 5.81536E-04 5.88478E-03 1.07418E-02 1.35230E-02 2.73943E-01 6.07912E-01 1.05691E-03 5.81536E-04 2.50155E-05 3.97405E-01 
2.50155E-05 7.79940E-04 6.42184E-03 1.03437E-02 1.29298E-02 2.64580E-01 5.90699E-01 1.22464E-03 7.79940E-04 2.50155E-05 3.69720E-01 
2.50155E-05 9.55258E-04 6.91580E-03 9.94071E-03 1.23413E-02 2.55260E-01 5.73413E-01 1.37063E-03 9.55258E-04 2.50155E-05 3.42921E-01 
2.50155E-05 1.07549E-03 7.26810E-03 9.62655E-03 1.18901E-02 2.48088E-01 5.60009E-01 1.46909E-03 1.07549E-03 2.50155E-05 3.22869E-01 
2.50155E-05 1.10816E-03 7.36616E-03 9.53442E-03 1.17591E-02 2.45999E-01 5.56088E-01 1.49556E-03 1.10816E-03 2.50155E-05 3.17127E-01 
2.50155E-05 1.24888E-03 7.80267E-03 9.09437E-03 1.11401E-02 2.36102E-01 5.37400E-01 1.60761E-03 1.24888E-03 2.50155E-05 2.90559E-01 
2.50155E-05 1.36571E-03 8.18837E-03 8.65415E-03 1.05319E-02 2.26316E-01 5.18745E-01 1.69735E-03 1.36571E-03 2.50155E-05 2.65376E-01 
2.50155E-05 1.46003E-03 8.52378E-03 8.21565E-03 9.93639E-03 2.16663E-01 5.00163E-01 1.76611E-03 1.46003E-03 2.50155E-05 2.41651E-01 
2.50155E-05 1.53332E-03 8.80973E-03 7.78074E-03 9.35506E-03 2.07162E-01 4.81693E-01 1.81536E-03 1.53332E-03 2.50155E-05 2.19429E-01 
1.32584E-04 1.58799E-03 9.04633E-03 7.35705E-03 8.79671E-03 1.97928E-01 4.63564E-01 1.84771E-03 1.58799E-03 1.32584E-04 1.98260E-01 
2.71516E-04 1.62462E-03 9.23702E-03 6.93771E-03 8.25194E-03 1.88835E-01 4.45536E-01 1.86334E-03 1.62462E-03 2.71516E-04 1.78518E-01 
3.88942E-04 1.64456E-03 9.38312E-03 6.52327E-03 7.72079E-03 1.79879E-01 4.27604E-01 1.86353E-03 1.64456E-03 3.88942E-04 1.60298E-01 
4.86425E-04 1.64942E-03 9.48591E-03 6.11580E-03 7.20512E-03 1.71084E-01 4.09814E-01 1.84986E-03 1.64942E-03 4.86425E-04 1.43577E-01 
5.65598E-04 1.64084E-03 9.54700E-03 5.71719E-03 6.70661E-03 1.62468E-01 3.92211E-01 1.82397E-03 1.64084E-03 5.65598E-04 1.28314E-01 
6.28134E-04 1.62048E-03 9.56825E-03 5.32918E-03 6.22668E-03 1.54052E-01 3.74838E-01 1.78747E-03 1.62048E-03 6.28134E-04 1.14451E-01 
6.75702E-04 1.58995E-03 9.55175E-03 4.95330E-03 5.76654E-03 1.45851E-01 3.57734E-01 1.74194E-03 1.58995E-03 6.75702E-04 1.01919E-01 
7.09946E-04 1.55081E-03 9.49977E-03 4.59088E-03 5.32714E-03 1.37881E-01 3.40937E-01 1.68890E-03 1.55081E-03 7.09946E-04 9.06381E-02 
7.32459E-04 1.50454E-03 9.41475E-03 4.24304E-03 4.90920E-03 1.30155E-01 3.24481E-01 1.62979E-03 1.50454E-03 7.32459E-04 8.05242E-02 
7.44757E-04 1.45254E-03 9.29921E-03 3.91066E-03 4.51321E-03 1.22683E-01 3.08397E-01 1.56594E-03 1.45254E-03 7.44757E-04 7.14881E-02 
7.48270E-04 1.39609E-03 9.15576E-03 3.59444E-03 4.13942E-03 1.15473E-01 2.92714E-01 1.49860E-03 1.39609E-03 7.48270E-04 6.34402E-02 
7.44327E-04 1.33635E-03 8.98703E-03 3.29484E-03 3.78788E-03 1.08534E-01 2.77456E-01 1.42886E-03 1.33635E-03 7.44327E-04 5.62918E-02 
7.34149E-04 1.27437E-03 8.79566E-03 3.01215E-03 3.45846E-03 1.01870E-01 2.62645E-01 1.35774E-03 1.27437E-03 7.34149E-04 4.99568E-02 
1.87091E-05 4.81488E-04 5.07478E-03 9.62346E-03 1.18684E-02 2.89245E-01 6.48309E-01 7.49083E-05 4.81488E-04 1.87091E-05 4.56455E-01 
1.87091E-05 4.81488E-04 5.70362E-03 9.25783E-03 1.13417E-02 2.79627E-01 6.30550E-01 2.65744E-04 4.81488E-04 1.87091E-05 4.27409E-01 
1.87091E-05 8.54155E-05 6.28870E-03 8.90047E-03 1.08333E-02 2.70173E-01 6.12934E-01 4.41904E-04 8.54155E-05 1.87091E-05 3.98866E-01 
1.87091E-05 2.70169E-04 6.83077E-03 8.55099E-03 1.03423E-02 2.60874E-01 5.95449E-01 6.03932E-04 2.70169E-04 1.87091E-05 3.70845E-01 
1.87091E-05 4.36548E-04 7.33170E-03 8.19911E-03 9.85610E-03 2.51611E-01 5.77882E-01 7.48520E-04 4.36548E-04 1.87091E-05 3.43724E-01 
1.87091E-05 5.84789E-04 7.79043E-03 7.84599E-03 9.37595E-03 2.42404E-01 5.60268E-01 8.75924E-04 5.84789E-04 1.87091E-05 3.17623E-01 
1.87091E-05 7.15291E-04 8.20623E-03 7.49277E-03 8.90297E-03 2.33270E-01 5.42642E-01 9.86549E-04 7.15291E-04 1.87091E-05 2.92642E-01 
1.87091E-05 8.04425E-04 8.49824E-03 7.22014E-03 8.54264E-03 2.26264E-01 5.29017E-01 1.06096E-03 8.04425E-04 1.87091E-05 2.74132E-01 
1.87091E-05 8.28582E-04 8.57871E-03 7.14062E-03 8.43829E-03 2.24227E-01 5.25038E-01 1.08093E-03 8.28582E-04 1.87091E-05 2.68860E-01 
1.87091E-05 9.32211E-04 8.93170E-03 6.76342E-03 7.94776E-03 2.14599E-01 5.06118E-01 1.16524E-03 9.32211E-04 1.87091E-05 2.44630E-01 
1.87091E-05 1.01756E-03 9.23454E-03 6.39022E-03 7.46934E-03 2.05117E-01 4.87304E-01 1.23238E-03 1.01756E-03 1.87091E-05 2.21916E-01 
1.87091E-05 1.08573E-03 9.48791E-03 6.02241E-03 7.00421E-03 1.95799E-01 4.68633E-01 1.28343E-03 1.08573E-03 1.87091E-05 2.00742E-01 
1.87091E-05 1.13792E-03 9.69289E-03 5.66133E-03 6.55343E-03 1.86664E-01 4.50146E-01 1.31955E-03 1.13792E-03 1.87091E-05 1.81112E-01 
9.90114E-05 1.17593E-03 9.85012E-03 5.31289E-03 6.12348E-03 1.77820E-01 4.32068E-01 1.34270E-03 1.17593E-03 9.90114E-05 1.62641E-01 
2.02311E-04 1.20035E-03 9.96273E-03 4.97139E-03 5.70700E-03 1.69145E-01 4.14158E-01 1.35318E-03 1.20035E-03 2.02311E-04 1.45582E-01 
2.89150E-04 1.21228E-03 1.00322E-02 4.63717E-03 5.30389E-03 1.60636E-01 3.96411E-01 1.35204E-03 1.21228E-03 2.89150E-04 1.29978E-01 
3.60791E-04 1.21300E-03 1.00599E-02 4.31170E-03 4.91543E-03 1.52311E-01 3.78872E-01 1.34054E-03 1.21300E-03 3.60791E-04 1.15780E-01 
4.18545E-04 1.20380E-03 1.00478E-02 3.99633E-03 4.54269E-03 1.44190E-01 3.61584E-01 1.31996E-03 1.20380E-03 4.18545E-04 1.02929E-01 
4.63740E-04 1.18598E-03 9.99788E-03 3.69222E-03 4.18656E-03 1.36289E-01 3.44586E-01 1.29157E-03 1.18598E-03 4.63740E-04 9.13496E-02 
4.97696E-04 1.16079E-03 9.91249E-03 3.40038E-03 3.84774E-03 1.28621E-01 3.27917E-01 1.25659E-03 1.16079E-03 4.97696E-04 8.09626E-02 
5.21703E-04 1.12942E-03 9.79411E-03 3.12162E-03 3.52673E-03 1.21198E-01 3.11609E-01 1.21618E-03 1.12942E-03 5.21703E-04 7.16820E-02 
5.36998E-04 1.09302E-03 9.64535E-03 2.85659E-03 3.22382E-03 1.14032E-01 2.95694E-01 1.17145E-03 1.09302E-03 5.36998E-04 6.34193E-02 
5.44757E-04 1.05263E-03 9.46892E-03 2.60573E-03 2.93915E-03 1.07130E-01 2.80198E-01 1.12341E-03 1.05263E-03 5.44757E-04 5.60859E-02 
5.46076E-04 1.00923E-03 9.26757E-03 2.36935E-03 2.67267E-03 1.00498E-01 2.65148E-01 1.07299E-03 1.00923E-03 5.46076E-04 4.95951E-02 
5.41971E-04 9.63669E-04 9.04409E-03 2.14757E-03 2.42417E-03 9.41404E-02 2.50562E-01 1.02103E-03 9.63669E-04 5.41971E-04 4.38632E-02 
5.33368E-04 9.16738E-04 8.80125E-03 1.94037E-03 2.19333E-03 8.80601E-02 2.36458E-01 9.68255E-04 9.16738E-04 5.33368E-04 3.88109E-02 
1.37807E-05 3.53195E-04 7.22952E-03 7.22015E-03 8.42398E-03 2.65825E-01 6.17287E-01 2.16797E-05 3.53195E-04 1.37807E-05 3.98813E-01 
1.37807E-05 3.53195E-04 7.76050E-03 6.89364E-03 7.99995E-03 2.56366E-01 5.99101E-01 1.62398E-04 3.53195E-04 1.37807E-05 3.70836E-01 
1.37807E-05 6.27039E-05 8.24729E-03 6.57843E-03 7.59435E-03 2.47098E-01 5.81119E-01 2.92851E-04 6.27039E-05 1.37807E-05 3.43731E-01 
1.37807E-05 1.98291E-04 8.69062E-03 6.27382E-03 7.20603E-03 2.38013E-01 5.63329E-01 4.13252E-04 1.98291E-04 1.37807E-05 3.17487E-01 
1.37807E-05 3.20277E-04 9.09251E-03 5.97097E-03 6.82472E-03 2.28994E-01 5.45515E-01 5.20715E-04 3.20277E-04 1.37807E-05 2.92358E-01 
1.37807E-05 4.28788E-04 9.45207E-03 5.67069E-03 6.45122E-03 2.20059E-01 5.27712E-01 6.15372E-04 4.28788E-04 1.37807E-05 2.68425E-01 
1.37807E-05 5.24085E-04 9.76881E-03 5.37379E-03 6.08623E-03 2.11226E-01 5.09954E-01 6.97488E-04 5.24085E-04 1.37807E-05 2.45749E-01 
1.37807E-05 5.88987E-04 9.98440E-03 5.14687E-03 5.81011E-03 2.04471E-01 4.96268E-01 7.52653E-04 5.88987E-04 1.37807E-05 2.29094E-01 
1.37807E-05 6.06541E-04 1.00426E-02 5.08105E-03 5.73046E-03 2.02511E-01 4.92277E-01 7.67437E-04 6.06541E-04 1.37807E-05 2.24374E-01 
1.37807E-05 6.81620E-04 1.02898E-02 4.77098E-03 5.35791E-03 1.93265E-01 4.73345E-01 8.29777E-04 6.81620E-04 1.37807E-05 2.02812E-01 
1.37807E-05 7.43059E-04 1.04879E-02 4.46763E-03 4.99759E-03 1.84194E-01 4.54585E-01 8.79244E-04 7.43059E-04 1.37807E-05 1.82802E-01 
1.37807E-05 7.91695E-04 1.06379E-02 4.17192E-03 4.65015E-03 1.75314E-01 4.36036E-01 9.16658E-04 7.91695E-04 1.37807E-05 1.64329E-01 
1.37807E-05 8.28444E-04 1.07413E-02 3.88472E-03 4.31622E-03 1.66640E-01 4.17735E-01 9.42915E-04 8.28444E-04 1.37807E-05 1.47364E-01 
7.28389E-05 8.54620E-04 1.07995E-02 3.61034E-03 4.00029E-03 1.58276E-01 3.99904E-01 9.59412E-04 8.54620E-04 7.28389E-05 1.31580E-01 
1.48555E-04 8.70764E-04 1.08152E-02 3.34424E-03 3.69680E-03 1.50103E-01 3.82303E-01 9.66508E-04 8.70764E-04 1.48555E-04 1.17132E-01 
2.11915E-04 8.77745E-04 1.07900E-02 3.08653E-03 3.40555E-03 1.42116E-01 3.64926E-01 9.65034E-04 8.77745E-04 2.11915E-04 1.04025E-01 
2.63906E-04 8.76545E-04 1.07255E-02 2.83819E-03 3.12731E-03 1.34334E-01 3.47815E-01 9.55958E-04 8.76545E-04 2.63906E-04 9.21947E-02 
3.05547E-04 8.68154E-04 1.06241E-02 2.60006E-03 2.86267E-03 1.26771E-01 3.31011E-01 9.40256E-04 8.68154E-04 3.05547E-04 8.15683E-02 
3.37868E-04 8.53552E-04 1.04880E-02 2.37286E-03 2.61211E-03 1.19442E-01 3.14550E-01 9.18886E-04 8.53552E-04 3.37868E-04 7.20651E-02 
3.61882E-04 8.33684E-04 1.03199E-02 2.15714E-03 2.37593E-03 1.12358E-01 2.98468E-01 8.92773E-04 8.33684E-04 3.61882E-04 6.36006E-02 
3.78577E-04 8.09455E-04 1.01225E-02 1.95333E-03 2.15428E-03 1.05528E-01 2.82793E-01 8.62797E-04 8.09455E-04 3.78577E-04 5.60883E-02 
3.88896E-04 7.81709E-04 9.89865E-03 1.76168E-03 1.94718E-03 9.89608E-02 2.67553E-01 8.29779E-04 7.81709E-04 3.88896E-04 4.94423E-02 
3.93727E-04 7.51228E-04 9.65122E-03 1.58233E-03 1.75451E-03 9.26606E-02 2.52771E-01 7.94471E-04 7.51228E-04 3.93727E-04 4.35789E-02 
3.93897E-04 7.18720E-04 9.38315E-03 1.41529E-03 1.57602E-03 8.66315E-02 2.38468E-01 7.57558E-04 7.18720E-04 3.93897E-04 3.84177E-02 
3.90166E-04 6.84824E-04 9.09734E-03 1.26044E-03 1.41137E-03 8.08755E-02 2.24658E-01 7.19649E-04 6.84824E-04 3.90166E-04 3.38832E-02 
3.83226E-04 6.50102E-04 8.79666E-03 1.11756E-03 1.26012E-03 7.53927E-02 2.11356E-01 6.81282E-04 6.50102E-04 3.83226E-04 2.99051E-02 
9.99747E-06 2.52944E-04 9.72137E-03 5.10161E-03 5.58720E-03 2.41990E-01 5.83624E-01 -4.23676E-06 2.52944E-04 9.99747E-06 3.42064E-01 
9.99747E-06 2.52944E-04 1.01277E-02 4.82385E-03 5.26088E-03 2.32814E-01 5.65227E-01 9.62883E-05 2.52944E-04 9.99747E-06 3.15970E-01 
9.99747E-06 4.48526E-05 1.04900E-02 4.55908E-03 4.95215E-03 2.23852E-01 5.47093E-01 1.90158E-04 4.48526E-05 9.99747E-06 2.90999E-01 
9.99747E-06 1.41936E-04 1.08092E-02 4.30636E-03 4.65973E-03 2.15095E-01 5.29209E-01 2.77319E-04 1.41936E-04 9.99747E-06 2.67109E-01 
9.99747E-06 2.29352E-04 1.10869E-02 4.05828E-03 4.37543E-03 2.06430E-01 5.11355E-01 3.55270E-04 2.29352E-04 9.99747E-06 2.44453E-01 
9.99747E-06 3.07116E-04 1.13226E-02 3.81532E-03 4.09964E-03 1.97874E-01 4.93567E-01 4.24029E-04 3.07116E-04 9.99747E-06 2.23079E-01 
9.99747E-06 3.75359E-04 1.15162E-02 3.57796E-03 3.83273E-03 1.89444E-01 4.75881E-01 4.83729E-04 3.75359E-04 9.99747E-06 2.03012E-01 
9.99747E-06 4.21772E-04 1.16373E-02 3.39844E-03 3.63250E-03 1.83017E-01 4.62286E-01 5.23846E-04 4.21772E-04 9.99747E-06 1.88393E-01 
9.99747E-06 4.34311E-04 1.16680E-02 3.34667E-03 3.57501E-03 1.81155E-01 4.58329E-01 5.34597E-04 4.34311E-04 9.99747E-06 1.84267E-01 
9.99747E-06 4.87840E-04 1.17852E-02 3.10459E-03 3.30780E-03 1.72391E-01 4.39593E-01 5.79916E-04 4.87840E-04 9.99747E-06 1.65530E-01 
9.99747E-06 5.31454E-04 1.18556E-02 2.87063E-03 3.05197E-03 1.63824E-01 4.21091E-01 6.15840E-04 5.31454E-04 9.99747E-06 1.48301E-01 
9.99747E-06 5.65756E-04 1.18804E-02 2.64529E-03 2.80782E-03 1.55468E-01 4.02860E-01 6.42957E-04 5.65756E-04 9.99747E-06 1.32538E-01 
9.99747E-06 5.91418E-04 1.18616E-02 2.42905E-03 2.57556E-03 1.47338E-01 3.84936E-01 6.61924E-04 5.91418E-04 9.99747E-06 1.18187E-01 
5.27923E-05 6.09342E-04 1.18022E-02 2.22485E-03 2.35807E-03 1.39526E-01 3.67533E-01 6.73694E-04 6.09342E-04 5.27923E-05 1.04972E-01 
1.07514E-04 6.20011E-04 1.17036E-02 2.02918E-03 2.15135E-03 1.31921E-01 3.50414E-01 6.78629E-04 6.20011E-04 1.07514E-04 9.29752E-02 
1.53138E-04 6.24087E-04 1.15676E-02 1.84199E-03 1.95511E-03 1.24519E-01 3.33572E-01 6.77366E-04 6.24087E-04 1.53138E-04 8.21747E-02 
1.90413E-04 6.22299E-04 1.13964E-02 1.66383E-03 1.76972E-03 1.17333E-01 3.17048E-01 6.70624E-04 6.22299E-04 1.90413E-04 7.24983E-02 
2.20108E-04 6.15382E-04 1.11926E-02 1.49517E-03 1.59543E-03 1.10377E-01 3.00878E-01 6.59125E-04 6.15382E-04 2.20108E-04 6.38679E-02 
2.42998E-04 6.04059E-04 1.09587E-02 1.33633E-03 1.43239E-03 1.03662E-01 2.85096E-01 6.43576E-04 6.04059E-04 2.42998E-04 5.62018E-02 
2.59843E-04 5.89026E-04 1.06978E-02 1.18754E-03 1.28061E-03 9.71969E-02 2.69732E-01 6.24659E-04 5.89026E-04 2.59843E-04 4.94172E-02 
2.71381E-04 5.70946E-04 1.04128E-02 1.04891E-03 1.14003E-03 9.09885E-02 2.54813E-01 6.03018E-04 5.70946E-04 2.71381E-04 4.34321E-02 
2.78314E-04 5.50435E-04 1.01068E-02 9.20456E-04 1.01046E-03 8.50419E-02 2.40361E-01 5.79252E-04 5.50435E-04 2.78314E-04 3.81670E-02 
2.81300E-04 5.28059E-04 9.78268E-03 8.02067E-04 8.91637E-04 7.93602E-02 2.26395E-01 5.53910E-04 5.28059E-04 2.81300E-04 3.35459E-02 
2.80952E-04 5.04332E-04 9.44358E-03 6.93562E-04 7.83221E-04 7.39448E-02 2.12931E-01 5.27485E-04 5.04332E-04 2.80952E-04 2.94978E-02 
2.77828E-04 4.79712E-04 9.09242E-03 5.94676E-04 6.84799E-04 6.87954E-02 1.99981E-01 5.00417E-04 4.79712E-04 2.77828E-04 2.59566E-02 
2.72437E-04 4.54602E-04 8.73206E-03 5.05072E-04 5.95909E-04 6.39101E-02 1.87553E-01 4.73091E-04 4.54602E-04 2.72437E-04 2.28622E-02 
7.13347E-06 1.76286E-04 1.24515E-02 3.26962E-03 3.29758E-03 2.18014E-01 5.47734E-01 -1.40450E-05 1.76286E-04 7.13347E-06 2.87701E-01 
7.13347E-06 1.76286E-04 1.27023E-02 3.04668E-03 3.06192E-03 2.09236E-01 5.29340E-01 5.51543E-05 1.76286E-04 7.13347E-06 2.64089E-01 
7.13347E-06 3.11422E-05 1.29106E-02 2.83719E-03 2.84219E-03 2.00690E-01 5.11262E-01 1.20516E-04 3.11422E-05 7.13347E-06 2.41737E-01 
7.13347E-06 9.87332E-05 1.30776E-02 2.64006E-03 2.63709E-03 1.92366E-01 4.93486E-01 1.81787E-04 9.87332E-05 7.13347E-06 2.20583E-01 
7.13347E-06 1.59783E-04 1.32042E-02 2.44927E-03 2.44027E-03 1.84155E-01 4.75791E-01 2.36824E-04 1.59783E-04 7.13347E-06 2.00697E-01 
7.13347E-06 2.14212E-04 1.32904E-02 2.26500E-03 2.25182E-03 1.76073E-01 4.58215E-01 2.85549E-04 2.14212E-04 7.13347E-06 1.82096E-01 
7.13347E-06 2.62041E-04 1.33364E-02 2.08744E-03 2.07178E-03 1.68135E-01 4.40790E-01 3.27983E-04 2.62041E-04 7.13347E-06 1.64782E-01 
7.13347E-06 2.94586E-04 1.33449E-02 1.95477E-03 1.93827E-03 1.62101E-01 4.27434E-01 3.56562E-04 2.94586E-04 7.13347E-06 1.52260E-01 
7.13347E-06 3.03378E-04 1.33430E-02 1.91677E-03 1.90020E-03 1.60356E-01 4.23551E-01 3.64230E-04 3.03378E-04 7.13347E-06 1.48742E-01 
7.13347E-06 3.40893E-04 1.33072E-02 1.74068E-03 1.72470E-03 1.52159E-01 4.05208E-01 3.96593E-04 3.40893E-04 7.13347E-06 1.32844E-01 
7.13347E-06 3.71406E-04 1.32284E-02 1.57299E-03 1.55907E-03 1.44176E-01 3.87153E-01 4.22297E-04 3.71406E-04 7.13347E-06 1.18349E-01 
7.13347E-06 3.95324E-04 1.31086E-02 1.41389E-03 1.40330E-03 1.36418E-01 3.69423E-01 4.41738E-04 3.95324E-04 7.13347E-06 1.05199E-01 
7.13347E-06 4.13114E-04 1.29502E-02 1.26351E-03 1.25732E-03 1.28896E-01 3.52050E-01 4.55373E-04 4.13114E-04 7.13347E-06 9.33237E-02 
3.76451E-05 4.25355E-04 1.27578E-02 1.12365E-03 1.12270E-03 1.21696E-01 3.35239E-01 4.63809E-04 4.25355E-04 3.76451E-05 8.24902E-02 
7.65901E-05 4.32463E-04 1.25314E-02 9.91739E-04 9.96753E-04 1.14712E-01 3.18759E-01 4.67385E-04 4.32463E-04 7.65901E-05 7.27307E-02 
1.08976E-04 4.34924E-04 1.22729E-02 8.67611E-04 8.79157E-04 1.07940E-01 3.02602E-01 4.66572E-04 4.34924E-04 1.08976E-04 6.40061E-02 
1.35350E-04 4.33262E-04 1.19850E-02 7.51496E-04 7.69985E-04 1.01390E-01 2.86805E-01 4.61884E-04 4.33262E-04 1.35350E-04 5.62424E-02 
1.56275E-04 4.28003E-04 1.16705E-02 6.43542E-04 6.69235E-04 9.50748E-02 2.71401E-01 4.53837E-04 4.28003E-04 1.56275E-04 4.93625E-02 
1.72317E-04 4.19665E-04 1.13324E-02 5.43809E-04 5.76826E-04 8.90013E-02 2.56419E-01 4.42940E-04 4.19665E-04 1.72317E-04 4.32885E-02 
1.84031E-04 4.08747E-04 1.09740E-02 4.52280E-04 4.92604E-04 8.31765E-02 2.41887E-01 4.29680E-04 4.08747E-04 1.84031E-04 3.79437E-02 
1.91955E-04 3.95723E-04 1.05982E-02 3.68853E-04 4.16348E-04 7.76048E-02 2.27826E-01 4.14517E-04 3.95723E-04 1.91955E-04 3.32536E-02 
1.96601E-04 3.81031E-04 1.02082E-02 2.93358E-04 3.47777E-04 7.22892E-02 2.14255E-01 3.97879E-04 3.81031E-04 1.96601E-04 2.91478E-02 
1.98445E-04 3.65073E-04 9.80709E-03 2.25555E-04 2.86559E-04 6.72303E-02 2.01189E-01 3.80156E-04 3.65073E-04 1.98445E-04 2.55602E-02 
1.97932E-04 3.48215E-04 9.39789E-03 1.65152E-04 2.32320E-04 6.24278E-02 1.88639E-01 3.61697E-04 3.48215E-04 1.97932E-04 2.24299E-02 
1.95466E-04 3.30779E-04 8.98346E-03 1.11807E-04 1.84650E-04 5.78795E-02 1.76612E-01 3.42816E-04 3.30779E-04 1.95466E-04 1.97014E-02 
1.91414E-04 3.13050E-04 8.56653E-03 6.51398E-05 1.43121E-04 5.35818E-02 1.65113E-01 3.23782E-04 3.13050E-04 1.91414E-04 1.73247E-02 
5.02291E-06 1.19723E-04 1.52313E-02 1.74242E-03 1.51866E-03 1.94499E-01 5.10541E-01 -1.51827E-05 1.19723E-04 5.02291E-06 2.37615E-01 
5.02291E-06 1.19723E-04 1.52982E-02 1.57609E-03 1.36383E-03 1.86215E-01 4.92351E-01 3.06299E-05 1.19723E-04 5.02291E-06 2.16830E-01 
5.02291E-06 2.09989E-05 1.53266E-02 1.42261E-03 1.22270E-03 1.78175E-01 4.74524E-01 7.46636E-05 2.09989E-05 5.02291E-06 1.97346E-01 
5.02291E-06 6.68053E-05 1.53176E-02 1.28087E-03 1.09399E-03 1.70366E-01 4.57045E-01 1.16532E-04 6.68053E-05 5.02291E-06 1.79083E-01 
5.02291E-06 1.08432E-04 1.52709E-02 1.14612E-03 9.72985E-04 1.62688E-01 4.39694E-01 1.54424E-04 1.08432E-04 5.02291E-06 1.62052E-01 
5.02291E-06 1.45729E-04 1.51870E-02 1.01832E-03 8.59525E-04 1.55153E-01 4.22508E-01 1.88190E-04 1.45729E-04 5.02291E-06 1.46248E-01 
5.02291E-06 1.78634E-04 1.50669E-02 8.97418E-04 7.53430E-04 1.47777E-01 4.05519E-01 2.17766E-04 1.78634E-04 5.02291E-06 1.31651E-01 
5.02291E-06 2.01085E-04 1.49499E-02 8.08579E-04 6.76283E-04 1.42185E-01 3.92531E-01 2.37779E-04 2.01085E-04 5.02291E-06 1.21166E-01 
5.02291E-06 2.07158E-04 1.49118E-02 7.83375E-04 6.54526E-04 1.40570E-01 3.88761E-01 2.43161E-04 2.07158E-04 5.02291E-06 1.18231E-01 
5.02291E-06 2.33105E-04 1.47070E-02 6.68035E-04 5.55736E-04 1.33002E-01 3.70982E-01 2.65952E-04 2.33105E-04 5.02291E-06 1.05034E-01 
5.02291E-06 2.54239E-04 1.44654E-02 5.60540E-04 4.64871E-04 1.25656E-01 3.53541E-01 2.84154E-04 2.54239E-04 5.02291E-06 9.30963E-02 
5.02291E-06 2.70815E-04 1.41896E-02 4.60804E-04 3.81695E-04 1.18544E-01 3.36468E-01 2.98012E-04 2.70815E-04 5.02291E-06 8.23486E-02 
5.02291E-06 2.83138E-04 1.38823E-02 3.68728E-04 3.05964E-04 1.11672E-01 3.19794E-01 3.07822E-04 2.83138E-04 5.02291E-06 7.27148E-02 
2.65005E-05 2.91548E-04 1.35499E-02 2.85181E-04 2.38253E-04 1.05118E-01 3.03713E-01 3.13943E-04 2.91548E-04 2.65005E-05 6.40011E-02 
5.38912E-05 2.96392E-04 1.31906E-02 2.08434E-04 1.76949E-04 9.87844E-02 2.88001E-01 3.16672E-04 2.96392E-04 5.38912E-05 5.62056E-02 
7.66368E-05 2.98017E-04 1.28064E-02 1.38245E-04 1.21729E-04 9.26644E-02 2.72648E-01 3.16346E-04 2.98017E-04 7.66368E-05 4.92811E-02 
9.51238E-05 2.96786E-04 1.24003E-02 7.46046E-05 7.24708E-05 8.67679E-02 2.57688E-01 3.13321E-04 2.96786E-04 9.51238E-05 4.31566E-02 
1.09752E-04 2.93063E-04 1.19755E-02 1.74458E-05 2.90056E-05 8.11032E-02 2.43151E-01 3.07954E-04 2.93063E-04 1.09752E-04 3.77601E-02 
1.20924E-04 2.87211E-04 1.15350E-02 -3.33574E-05 -8.88085E-06 7.56762E-02 2.29061E-01 3.00600E-04 2.87211E-04 1.20924E-04 3.30212E-02 
1.29037E-04 2.79577E-04 1.10822E-02 -7.79839E-05 -4.14417E-05 7.04913E-02 2.15443E-01 2.91599E-04 2.79577E-04 1.29037E-04 2.88715E-02 
1.34474E-04 2.70492E-04 1.06201E-02 -1.16662E-04 -6.89650E-05 6.55508E-02 2.02312E-01 2.81272E-04 2.70492E-04 1.34474E-04 2.52465E-02 
1.37599E-04 2.60263E-04 1.01520E-02 -1.49664E-04 -9.17671E-05 6.08556E-02 1.89685E-01 2.69919E-04 2.60263E-04 1.37599E-04 2.20857E-02 
1.38753E-04 2.49171E-04 9.68059E-03 -1.77297E-04 -1.10186E-04 5.64047E-02 1.77570E-01 2.57812E-04 2.49171E-04 1.38753E-04 1.93337E-02 
1.38253E-04 2.37471E-04 9.20888E-03 -1.99897E-04 -1.24574E-04 5.21959E-02 1.65977E-01 2.45195E-04 2.37471E-04 1.38253E-04 1.69400E-02 
1.36388E-04 2.25389E-04 8.73945E-03 -2.17822E-04 -1.35293E-04 4.82256E-02 1.54907E-01 2.32289E-04 2.25389E-04 1.36388E-04 1.48591E-02 
1.33420E-04 2.13125E-04 8.27476E-03 -2.31442E-04 -1.42703E-04 4.44890E-02 1.44362E-01 2.19283E-04 2.13125E-04 1.33420E-04 1.30509E-02 
3.46796E-06 7.84186E-05 1.79065E-02 4.87763E-04 1.62228E-04 1.71376E-01 4.71925E-01 -1.24052E-05 7.84186E-05 3.46796E-06 1.91933E-01 
3.46796E-06 7.84186E-05 1.77645E-02 3.77429E-04 7.84176E-05 1.63674E-01 4.54133E-01 1.62704E-05 7.84186E-05 3.46796E-06 1.74161E-01 
3.46796E-06 1.35876E-05 1.75905E-02 2.78577E-04 5.65352E-06 1.56219E-01 4.36743E-01 4.45960E-05 1.35876E-05 3.46796E-06 1.57652E-01 
3.46796E-06 4.34802E-05 1.73858E-02 1.90104E-04 -5.72322E-05 1.49003E-01 4.19740E-01 7.21142E-05 4.34802E-05 3.46796E-06 1.42316E-01 
3.46796E-06 7.09291E-05 1.71482E-02 1.08454E-04 -1.13539E-04 1.41927E-01 4.02908E-01 9.73198E-05 7.09291E-05 3.46796E-06 1.28122E-01 
3.46796E-06 9.57393E-05 1.68790E-02 3.34101E-05 -1.63607E-04 1.35006E-01 3.86283E-01 1.20018E-04 9.57393E-05 3.46796E-06 1.15048E-01 
3.46796E-06 1.17790E-04 1.65797E-02 -3.52523E-05 -2.07777E-04 1.28250E-01 3.69895E-01 1.40086E-04 1.17790E-04 3.46796E-06 1.03061E-01 
3.46796E-06 1.32922E-04 1.63284E-02 -8.41372E-05 -2.38112E-04 1.23143E-01 3.57397E-01 1.53771E-04 1.32922E-04 3.46796E-06 9.45064E-02 
3.46796E-06 1.37028E-04 1.62519E-02 -9.77476E-05 -2.46372E-04 1.21671E-01 3.53775E-01 1.57468E-04 1.37028E-04 3.46796E-06 9.21202E-02 
3.46796E-06 1.54626E-04 1.58688E-02 -1.58467E-04 -2.82104E-04 1.14785E-01 3.36727E-01 1.73205E-04 1.54626E-04 3.46796E-06 8.14385E-02 
3.46796E-06 1.69039E-04 1.54577E-02 -2.12526E-04 -3.12104E-04 1.08125E-01 3.20055E-01 1.85897E-04 1.69039E-04 3.46796E-06 7.18479E-02 
3.46796E-06 1.80402E-04 1.50214E-02 -2.60189E-04 -3.36741E-04 1.01698E-01 3.03787E-01 1.95675E-04 1.80402E-04 3.46796E-06 6.32748E-02 
3.46796E-06 1.88899E-04 1.45630E-02 -3.01722E-04 -3.56374E-04 9.55115E-02 2.87951E-01 2.02717E-04 1.88899E-04 3.46796E-06 5.56432E-02 
1.82998E-05 1.94699E-04 1.40905E-02 -3.36985E-04 -3.71155E-04 8.96319E-02 2.72729E-01 2.07199E-04 1.94699E-04 1.82998E-05 4.87944E-02 
3.72191E-05 1.98084E-04 1.36002E-02 -3.66968E-04 -3.81820E-04 8.39707E-02 2.57905E-01 2.09375E-04 1.98084E-04 3.72191E-05 4.27063E-02 
5.29284E-05 1.99292E-04 1.30940E-02 -3.91940E-04 -3.88659E-04 7.85204E-02 2.43468E-01 2.09476E-04 1.99292E-04 5.29284E-05 3.73295E-02 
6.56891E-05 1.98561E-04 1.25752E-02 -4.12077E-04 -3.91917E-04 7.32887E-02 2.29449E-01 2.07733E-04 1.98561E-04 6.56891E-05 3.25995E-02 
7.57744E-05 1.96135E-04 1.20468E-02 -4.27586E-04 -3.91853E-04 6.82813E-02 2.15873E-01 2.04388E-04 1.96135E-04 7.57744E-05 2.84527E-02 
8.34616E-05 1.92258E-04 1.15121E-02 -4.38710E-04 -3.88747E-04 6.35023E-02 2.02760E-01 1.99677E-04 1.92258E-04 8.34616E-05 2.48278E-02 
8.90246E-05 1.87164E-04 1.09743E-02 -4.45717E-04 -3.82887E-04 5.89540E-02 1.90131E-01 1.93830E-04 1.87164E-04 8.90246E-05 2.16666E-02 
9.27292E-05 1.81078E-04 1.04364E-02 -4.48901E-04 -3.74573E-04 5.46368E-02 1.77997E-01 1.87065E-04 1.81078E-04 9.27292E-05 1.89150E-02 
9.48287E-05 1.74208E-04 9.90118E-03 -4.48572E-04 -3.64104E-04 5.05499E-02 1.66370E-01 1.79585E-04 1.74208E-04 9.48287E-05 1.65234E-02 
9.55613E-05 1.66748E-04 9.37135E-03 -4.45052E-04 -3.51782E-04 4.66908E-02 1.55256E-01 1.71576E-04 1.66748E-04 9.55613E-05 1.44466E-02 
9.51483E-05 1.58872E-04 8.84940E-03 -4.38673E-04 -3.37901E-04 4.30561E-02 1.44659E-01 1.63208E-04 1.58872E-04 9.51483E-05 1.26442E-02 
9.37927E-05 1.50736E-04 8.33755E-03 -4.29763E-04 -3.22746E-04 3.96410E-02 1.34577E-01 1.54630E-04 1.50736E-04 9.37927E-05 1.10803E-02 
9.16797E-05 1.42478E-04 7.83781E-03 -4.18650E-04 -3.06587E-04 3.64398E-02 1.25010E-01 1.45977E-04 1.42478E-04 9.16797E-05 9.72339E-03 
2.35462E-06 4.94613E-05 2.02247E-02 -4.93168E-04 -8.11885E-04 1.49177E-01 4.32737E-01 -8.49294E-06 4.94613E-05 2.35462E-06 1.51745E-01 
2.35462E-06 4.94613E-05 1.98621E-02 -5.51394E-04 -8.36116E-04 1.42120E-01 4.15519E-01 8.25040E-06 4.94613E-05 2.35462E-06 1.36970E-01 
2.35462E-06 8.40293E-06 1.94767E-02 -6.00067E-04 -8.52121E-04 1.35311E-01 3.98735E-01 2.55379E-05 8.40293E-06 2.35462E-06 1.23358E-01 
2.35462E-06 2.71446E-05 1.90699E-02 -6.40207E-04 -8.60927E-04 1.28738E-01 3.82369E-01 4.28922E-05 2.71446E-05 2.35462E-06 1.10818E-01 
2.35462E-06 4.46419E-05 1.86374E-02 -6.74290E-04 -8.64629E-04 1.22312E-01 3.66211E-01 5.90859E-05 4.46419E-05 2.35462E-06 9.92944E-02 
2.35462E-06 6.06789E-05 1.81810E-02 -7.02666E-04 -8.63682E-04 1.16046E-01 3.50296E-01 7.39026E-05 6.06789E-05 2.35462E-06 8.87536E-02 
2.35462E-06 7.51034E-05 1.77027E-02 -7.25677E-04 -8.58523E-04 1.09948E-01 3.34652E-01 8.71890E-05 7.51034E-05 2.35462E-06 7.91551E-02 
2.35462E-06 8.50951E-05 1.73190E-02 -7.40010E-04 -8.51903E-04 1.05352E-01 3.22751E-01 9.63556E-05 8.50951E-05 2.35462E-06 7.23456E-02 
2.35462E-06 8.78195E-05 1.72047E-02 -7.43653E-04 -8.49564E-04 1.04028E-01 3.19307E-01 9.88478E-05 8.78195E-05 2.35462E-06 7.04525E-02 
2.35462E-06 9.95680E-05 1.66482E-02 -7.57760E-04 -8.36097E-04 9.78529E-02 3.03127E-01 1.09544E-04 9.95680E-05 2.35462E-06 6.20137E-02 
2.35462E-06 1.09285E-04 1.60745E-02 -7.66769E-04 -8.19129E-04 9.19003E-02 2.87353E-01 1.18297E-04 1.09285E-04 2.35462E-06 5.44886E-02 
2.35462E-06 1.17028E-04 1.54866E-02 -7.71052E-04 -7.99093E-04 8.61764E-02 2.72012E-01 1.25160E-04 1.17028E-04 2.35462E-06 4.78059E-02 
2.35462E-06 1.22892E-04 1.48878E-02 -7.70972E-04 -7.76396E-04 8.06860E-02 2.57125E-01 1.30225E-04 1.22892E-04 2.35462E-06 4.18943E-02 
1.24330E-05 1.26934E-04 1.42875E-02 -7.66926E-04 -7.51682E-04 7.54866E-02 2.42862E-01 1.33551E-04 1.26934E-04 1.24330E-05 3.66266E-02 
2.53074E-05 1.29378E-04 1.36799E-02 -7.59281E-04 -7.24999E-04 7.04983E-02 2.29018E-01 1.35347E-04 1.29378E-04 2.53074E-05 3.19704E-02 
3.60119E-05 1.30380E-04 1.30665E-02 -7.48298E-04 -6.96587E-04 6.57131E-02 2.15581E-01 1.35761E-04 1.30380E-04 3.60119E-05 2.78789E-02 
4.47153E-05 1.30087E-04 1.24507E-02 -7.34250E-04 -6.66743E-04 6.11368E-02 2.02576E-01 1.34940E-04 1.30087E-04 4.47153E-05 2.42961E-02 
5.15972E-05 1.28657E-04 1.18355E-02 -7.17423E-04 -6.35762E-04 5.67731E-02 1.90025E-01 1.33035E-04 1.28657E-04 5.15972E-05 2.11681E-02 
5.68416E-05 1.26246E-04 1.12240E-02 -6.98114E-04 -6.03929E-04 5.26241E-02 1.77945E-01 1.30199E-04 1.26246E-04 5.68416E-05 1.84436E-02 
6.06323E-05 1.23009E-04 1.06190E-02 -6.76627E-04 -5.71524E-04 4.86904E-02 1.66351E-01 1.26583E-04 1.23009E-04 6.06323E-05 1.60752E-02 
6.31489E-05 1.19093E-04 1.00232E-02 -6.53267E-04 -5.38814E-04 4.49710E-02 1.55251E-01 1.22330E-04 1.19093E-04 6.31489E-05 1.40191E-02 
6.45637E-05 1.14638E-04 9.43910E-03 -6.28339E-04 -5.06050E-04 4.14637E-02 1.44654E-01 1.17575E-04 1.14638E-04 6.45637E-05 1.22357E-02 
6.50398E-05 1.09773E-04 8.86884E-03 -6.02142E-04 -4.73467E-04 3.81649E-02 1.34560E-01 1.12444E-04 1.09773E-04 6.50398E-05 1.06896E-02 
6.47295E-05 1.04617E-04 8.31441E-03 -5.74963E-04 -4.41281E-04 3.50701E-02 1.24971E-01 1.07051E-04 1.04617E-04 6.47295E-05 9.34953E-03 
6.37739E-05 9.92775E-05 7.77751E-03 -5.47079E-04 -4.09685E-04 3.21739E-02 1.15883E-01 1.01499E-04 9.92775E-05 6.37739E-05 8.18790E-03 
6.23026E-05 9.38504E-05 7.25959E-03 -5.18748E-04 -3.78852E-04 2.94699E-02 1.07289E-01 9.58815E-05 9.38504E-05 6.23026E-05 7.18086E-03 
1.57186E-06 2.98213E-05 2.19644E-02 -1.22160E-03 -1.46116E-03 1.28176E-01 3.93460E-01 -4.92406E-06 2.98213E-05 1.57186E-06 1.17298E-01 
1.57186E-06 2.98213E-05 2.13853E-02 -1.23369E-03 -1.43754E-03 1.21809E-01 3.76974E-01 3.89368E-06 2.98213E-05 1.57186E-06 1.05357E-01 
1.57186E-06 4.90728E-06 2.07951E-02 -1.23844E-03 -1.40849E-03 1.15683E-01 3.60947E-01 1.37371E-05 4.90728E-06 1.57186E-06 9.44426E-02 
1.57186E-06 1.60992E-05 2.01950E-02 -1.23677E-03 -1.37489E-03 1.09787E-01 3.45361E-01 2.41477E-05 1.60992E-05 1.57186E-06 8.44667E-02 
1.57186E-06 2.68242E-05 1.95785E-02 -1.23021E-03 -1.33782E-03 1.04040E-01 3.30014E-01 3.41454E-05 2.68242E-05 1.57186E-06 7.53590E-02 
1.57186E-06 3.68658E-05 1.89477E-02 -1.21918E-03 -1.29780E-03 9.84517E-02 3.14938E-01 4.35133E-05 3.68658E-05 1.57186E-06 6.70825E-02 
1.57186E-06 4.60612E-05 1.83049E-02 -1.20411E-03 -1.25532E-03 9.30308E-02 3.00160E-01 5.20877E-05 4.60612E-05 1.57186E-06 5.95938E-02 
1.57186E-06 5.25210E-05 1.78010E-02 -1.18991E-03 -1.22103E-03 8.89555E-02 2.88947E-01 5.81023E-05 5.25210E-05 1.57186E-06 5.43106E-02 
1.57186E-06 5.42955E-05 1.76527E-02 -1.18537E-03 -1.21081E-03 8.77840E-02 2.85706E-01 5.97524E-05 5.42955E-05 1.57186E-06 5.28463E-02 
1.57186E-06 6.20167E-05 1.69418E-02 -1.16151E-03 -1.16103E-03 8.23284E-02 2.70510E-01 6.69154E-05 6.20167E-05 1.57186E-06 4.63442E-02 
1.57186E-06 6.84997E-05 1.62258E-02 -1.13427E-03 -1.10986E-03 7.70877E-02 2.55742E-01 7.28960E-05 6.84997E-05 1.57186E-06 4.05821E-02 
1.57186E-06 7.37492E-05 1.55080E-02 -1.10410E-03 -1.05776E-03 7.20659E-02 2.41424E-01 7.76959E-05 7.37492E-05 1.57186E-06 3.54956E-02 
1.57186E-06 7.78040E-05 1.47915E-02 -1.07138E-03 -1.00510E-03 6.72658E-02 2.27576E-01 8.13511E-05 7.78040E-05 1.57186E-06 3.10211E-02 
8.30993E-06 8.06546E-05 1.40865E-02 -1.03688E-03 -9.52848E-04 6.27363E-02 2.14351E-01 8.38527E-05 8.06546E-05 8.30993E-06 2.70589E-02 
1.69415E-05 8.24732E-05 1.33852E-02 -1.00046E-03 -9.00525E-04 5.84062E-02 2.01556E-01 8.53630E-05 8.24732E-05 1.69415E-05 2.35736E-02 
2.41395E-05 8.33549E-05 1.26890E-02 -9.62350E-04 -8.48305E-04 5.42675E-02 1.89179E-01 8.59736E-05 8.33549E-05 2.41395E-05 2.05238E-02 
3.00067E-05 8.33867E-05 1.20007E-02 -9.22866E-04 -7.96493E-04 5.03240E-02 1.77240E-01 8.57686E-05 8.33867E-05 3.00067E-05 1.78630E-02 
3.46556E-05 8.26629E-05 1.13232E-02 -8.82322E-04 -7.45368E-04 4.65776E-02 1.65758E-01 8.48393E-05 8.26629E-05 3.46556E-05 1.55473E-02 
3.82037E-05 8.12809E-05 1.06592E-02 -8.41023E-04 -6.95190E-04 4.30290E-02 1.54745E-01 8.32799E-05 8.12809E-05 3.82037E-05 1.35356E-02 
4.07705E-05 7.93383E-05 1.00110E-02 -7.99265E-04 -6.46192E-04 3.96773E-02 1.44212E-01 8.11847E-05 7.93383E-05 4.07705E-05 1.17904E-02 
4.24739E-05 7.69302E-05 9.38089E-03 -7.57330E-04 -5.98584E-04 3.65205E-02 1.34165E-01 7.86454E-05 7.69302E-05 4.24739E-05 1.02775E-02 
4.34285E-05 7.41477E-05 8.77067E-03 -7.15487E-04 -5.52547E-04 3.35552E-02 1.24606E-01 7.57497E-05 7.41477E-05 4.34285E-05 8.96659E-03 
4.37441E-05 7.10765E-05 8.18197E-03 -6.73981E-04 -5.08236E-04 3.07771E-02 1.15535E-01 7.25804E-05 7.10765E-05 4.37441E-05 7.83073E-03 
4.35242E-05 6.77967E-05 7.61613E-03 -6.33040E-04 -4.65779E-04 2.81811E-02 1.06949E-01 6.92144E-05 6.77967E-05 4.35242E-05 6.84645E-03 
4.28662E-05 6.43819E-05 7.07422E-03 -5.92868E-04 -4.25275E-04 2.57614E-02 9.88421E-02 6.57225E-05 6.43819E-05 4.28662E-05 5.99334E-03 
4.18603E-05 6.08998E-05 6.55703E-03 -5.53647E-04 -3.86799E-04 2.35113E-02 9.12051E-02 6.21697E-05 6.08998E-05 4.18603E-05 5.25384E-03 
1.03181E-06 1.69925E-05 2.29396E-02 -1.72389E-03 -1.84037E-03 1.08609E-01 3.54555E-01 -2.32199E-06 1.69925E-05 1.03181E-06 8.85300E-02 
1.03181E-06 1.69925E-05 2.21665E-02 -1.69713E-03 -1.78044E-03 1.02955E-01 3.38940E-01 1.53111E-06 1.69925E-05 1.03181E-06 7.91596E-02 
1.03181E-06 2.64989E-06 2.13957E-02 -1.66537E-03 -1.71772E-03 9.75301E-02 3.23799E-01 6.59360E-06 2.64989E-06 1.03181E-06 7.06581E-02 
1.03181E-06 8.92755E-06 2.06276E-02 -1.62934E-03 -1.65288E-03 9.23244E-02 3.09115E-01 1.24523E-05 8.92755E-06 1.03181E-06 6.29446E-02 
1.03181E-06 1.52004E-05 1.98537E-02 -1.58979E-03 -1.58623E-03 8.72652E-02 2.94694E-01 1.83425E-05 1.52004E-05 1.03181E-06 5.59462E-02 
1.03181E-06 2.12666E-05 1.90763E-02 -1.54719E-03 -1.51830E-03 8.23607E-02 2.80567E-01 2.40622E-05 2.12666E-05 1.03181E-06 4.96249E-02 
1.03181E-06 2.69689E-05 1.82980E-02 -1.50197E-03 -1.44956E-03 7.76171E-02 2.66757E-01 2.94532E-05 2.69689E-05 1.03181E-06 4.39391E-02 
1.03181E-06 3.10553E-05 1.76968E-02 -1.46546E-03 -1.39610E-03 7.40607E-02 2.56304E-01 3.33224E-05 3.10553E-05 1.03181E-06 3.99483E-02 
1.03181E-06 3.21896E-05 1.75213E-02 -1.45456E-03 -1.38046E-03 7.30400E-02 2.53288E-01 3.43969E-05 3.21896E-05 1.03181E-06 3.88454E-02 
1.03181E-06 3.71867E-05 1.66884E-02 -1.40143E-03 -1.30600E-03 6.82961E-02 2.39169E-01 3.91325E-05 3.71867E-05 1.03181E-06 3.39647E-02 
1.03181E-06 4.14695E-05 1.58633E-02 -1.34667E-03 -1.23204E-03 6.37546E-02 2.25490E-01 4.31904E-05 4.14695E-05 1.03181E-06 2.96638E-02 
1.03181E-06 4.50133E-05 1.50489E-02 -1.29069E-03 -1.15898E-03 5.94178E-02 2.12271E-01 4.65438E-05 4.50133E-05 1.03181E-06 2.58871E-02 
1.03181E-06 4.78219E-05 1.42478E-02 -1.23390E-03 -1.08719E-03 5.52871E-02 1.99527E-01 4.91941E-05 4.78219E-05 1.03181E-06 2.25808E-02 
5.46500E-06 4.98540E-05 1.34706E-02 -1.17729E-03 -1.01773E-03 5.14031E-02 1.87396E-01 5.10986E-05 4.98540E-05 5.46500E-06 1.96687E-02 
1.11687E-05 5.12364E-05 1.27080E-02 -1.12032E-03 -9.49790E-04 4.77034E-02 1.75699E-01 5.23789E-05 5.12364E-05 1.11687E-05 1.71171E-02 
1.59473E-05 5.20224E-05 1.19606E-02 -1.06317E-03 -8.83462E-04 4.41799E-02 1.64421E-01 5.30854E-05 5.20224E-05 1.59473E-05 1.48915E-02 
1.98586E-05 5.22579E-05 1.12309E-02 -1.00616E-03 -8.19020E-04 4.08349E-02 1.53579E-01 5.32615E-05 5.22579E-05 1.98586E-05 1.29547E-02 
2.29688E-05 5.19959E-05 1.05214E-02 -9.49589E-04 -7.56703E-04 3.76690E-02 1.43188E-01 5.29575E-05 5.19959E-05 2.29688E-05 1.12725E-02 
2.53496E-05 5.12935E-05 9.83407E-03 -8.93742E-04 -6.96714E-04 3.46815E-02 1.33257E-01 5.22277E-05 5.12935E-05 2.53496E-05 9.81317E-03 
2.70758E-05 5.02099E-05 9.17076E-03 -8.38880E-04 -6.39224E-04 3.18705E-02 1.23792E-01 5.11285E-05 5.02099E-05 2.70758E-05 8.54804E-03 
2.82227E-05 4.88048E-05 8.53299E-03 -7.85237E-04 -5.84370E-04 2.92332E-02 1.14796E-01 4.97165E-05 4.88048E-05 2.82227E-05 7.45157E-03 
2.88648E-05 4.71363E-05 7.92199E-03 -7.33023E-04 -5.32255E-04 2.67654E-02 1.06269E-01 4.80474E-05 4.71363E-05 2.88648E-05 6.50121E-03 
2.90748E-05 4.52610E-05 7.33868E-03 -6.82420E-04 -4.82951E-04 2.44626E-02 9.82065E-02 4.61749E-05 4.52610E-05 2.90748E-05 5.67724E-03 
2.89227E-05 4.32329E-05 6.78371E-03 -6.33584E-04 -4.36497E-04 2.23193E-02 9.06036E-02 4.41504E-05 4.32329E-05 2.89227E-05 4.96267E-03 
2.84754E-05 4.11031E-05 6.25748E-03 -5.86641E-04 -3.92904E-04 2.03294E-02 8.34515E-02 4.20230E-05 4.11031E-05 2.84754E-05 4.34286E-03 
2.77962E-05 3.89199E-05 5.76011E-03 -5.41692E-04 -3.52158E-04 1.84865E-02 7.67397E-02 3.98388E-05 3.89199E-05 2.77962E-05 3.80534E-03 
6.66476E-07 8.97395E-06 2.30304E-02 -2.02974E-03 -2.00091E-03 9.06621E-02 3.16456E-01 -8.10976E-07 8.97395E-06 6.66476E-07 6.51362E-02 
6.66476E-07 8.97395E-06 2.21037E-02 -1.97210E-03 -1.91563E-03 8.57247E-02 3.01829E-01 1.68684E-07 8.97395E-06 6.66476E-07 5.80076E-02 
6.66476E-07 1.26686E-06 2.11927E-02 -1.91169E-03 -1.82988E-03 8.10013E-02 2.87685E-01 2.34397E-06 1.26686E-06 6.66476E-07 5.15851E-02 
6.66476E-07 4.49176E-06 2.02975E-02 -1.84908E-03 -1.74415E-03 7.64816E-02 2.74002E-01 5.36213E-06 4.49176E-06 6.66476E-07 4.57984E-02 
6.66476E-07 7.95093E-06 1.94073E-02 -1.78439E-03 -1.65816E-03 7.21020E-02 2.60603E-01 8.64141E-06 7.95093E-06 6.66476E-07 4.05784E-02 
6.66476E-07 1.14673E-05 1.85246E-02 -1.71807E-03 -1.57240E-03 6.78687E-02 2.47511E-01 1.20045E-05 1.14673E-05 6.66476E-07 3.58900E-02 
6.66476E-07 1.48996E-05 1.76520E-02 -1.65056E-03 -1.48731E-03 6.37866E-02 2.34748E-01 1.53094E-05 1.48996E-05 6.66476E-07 3.16956E-02 
6.66476E-07 1.74275E-05 1.69852E-02 -1.59777E-03 -1.42220E-03 6.07346E-02 2.25113E-01 1.77560E-05 1.74275E-05 6.66476E-07 2.87652E-02 
6.66476E-07 1.81389E-05 1.67918E-02 -1.58227E-03 -1.40331E-03 5.98599E-02 2.22336E-01 1.84464E-05 1.81389E-05 6.66476E-07 2.79573E-02 
6.66476E-07 2.13246E-05 1.58808E-02 -1.50820E-03 -1.31436E-03 5.58034E-02 2.09363E-01 2.15487E-05 2.13246E-05 6.66476E-07 2.43936E-02 
6.66476E-07 2.41270E-05 1.49894E-02 -1.43410E-03 -1.22747E-03 5.19331E-02 1.96836E-01 2.42941E-05 2.41270E-05 6.66476E-07 2.12684E-02 
6.66476E-07 2.65085E-05 1.41202E-02 -1.36036E-03 -1.14299E-03 4.82501E-02 1.84767E-01 2.66427E-05 2.65085E-05 6.66476E-07 1.85361E-02 
6.66476E-07 2.84541E-05 1.32752E-02 -1.28736E-03 -1.06122E-03 4.47543E-02 1.73170E-01 2.85777E-05 2.84541E-05 6.66476E-07 1.61537E-02 
3.53915E-06 2.99144E-05 1.24650E-02 -1.21617E-03 -9.83234E-04 4.14792E-02 1.62168E-01 3.00470E-05 2.99144E-05 3.53915E-06 1.40641E-02 
7.25739E-06 3.09769E-05 1.16786E-02 -1.14599E-03 -9.07994E-04 3.83705E-02 1.51594E-01 3.11351E-05 3.09769E-05 7.25739E-06 1.22384E-02 
1.03928E-05 3.16667E-05 1.09162E-02 -1.07693E-03 -8.35524E-04 3.54207E-02 1.41433E-01 3.18647E-05 3.16667E-05 1.03928E-05 1.06490E-02 
1.29736E-05 3.20037E-05 1.01798E-02 -1.00928E-03 -7.66043E-04 3.26305E-02 1.31700E-01 3.22533E-05 3.20037E-05 1.29736E-05 9.26775E-03 
1.50357E-05 3.20143E-05 9.47110E-03 -9.43311E-04 -6.99728E-04 2.99996E-02 1.22403E-01 3.23246E-05 3.20143E-05 1.50357E-05 8.06865E-03 
1.66202E-05 3.17298E-05 8.79154E-03 -8.79258E-04 -6.36716E-04 2.75262E-02 1.13549E-01 3.21071E-05 3.17298E-05 1.66202E-05 7.02828E-03 
1.77720E-05 3.11846E-05 8.14225E-03 -8.17328E-04 -5.77104E-04 2.52080E-02 1.05141E-01 3.16325E-05 3.11846E-05 1.77720E-05 6.12571E-03 
1.85375E-05 3.04145E-05 7.52406E-03 -7.57697E-04 -5.20954E-04 2.30413E-02 9.71789E-02 3.09339E-05 3.04145E-05 1.85375E-05 5.34245E-03 
1.89645E-05 2.94566E-05 6.93749E-03 -7.00507E-04 -4.68291E-04 2.10219E-02 8.96593E-02 3.00457E-05 2.94566E-05 1.89645E-05 4.66243E-03 
1.91005E-05 2.83479E-05 6.38277E-03 -6.45870E-04 -4.19105E-04 1.91448E-02 8.25764E-02 2.90025E-05 2.83479E-05 1.91005E-05 4.07175E-03 
1.89927E-05 2.71254E-05 5.85989E-03 -5.93868E-04 -3.73359E-04 1.74047E-02 7.59222E-02 2.78389E-05 2.71254E-05 1.89927E-05 3.55856E-03 
1.86876E-05 2.58254E-05 5.36859E-03 -5.44551E-04 -3.30985E-04 1.57956E-02 6.96863E-02 2.65894E-05 2.58254E-05 1.86876E-05 3.11278E-03 
1.82301E-05 2.44835E-05 4.90840E-03 -4.97944E-04 -2.91892E-04 1.43114E-02 6.38568E-02 2.52876E-05 2.44835E-05 1.82301E-05 2.72586E-03 
4.24275E-07 4.22110E-06 2.22053E-02 -2.17047E-03 -1.99029E-03 7.44685E-02 2.79558E-01 -2.60982E-07 4.22110E-06 4.24275E-07 4.66244E-02 
4.24275E-07 4.22110E-06 2.11798E-02 -2.08998E-03 -1.88965E-03 7.02328E-02 2.66014E-01 -7.54684E-07 4.22110E-06 4.24275E-07 4.13791E-02 
4.24275E-07 4.74946E-07 2.01823E-02 -2.00875E-03 -1.79050E-03 6.61925E-02 2.52952E-01 -1.82205E-07 4.74946E-07 4.24275E-07 3.66847E-02 
4.24275E-07 1.90935E-06 1.92122E-02 -1.92718E-03 -1.69312E-03 6.23377E-02 2.40351E-01 1.16967E-06 1.90935E-06 4.24275E-07 3.24827E-02 
4.24275E-07 3.67002E-06 1.82573E-02 -1.84489E-03 -1.59683E-03 5.86130E-02 2.28044E-01 2.87054E-06 3.67002E-06 4.24275E-07 2.87123E-02 
4.24275E-07 5.60957E-06 1.73201E-02 -1.76231E-03 -1.50206E-03 5.50236E-02 2.16052E-01 4.77267E-06 5.60957E-06 4.24275E-07 2.53430E-02 
4.24275E-07 7.60876E-06 1.64027E-02 -1.67985E-03 -1.40919E-03 5.15729E-02 2.04395E-01 6.75622E-06 7.60876E-06 4.24275E-07 2.23433E-02 
4.24275E-07 9.13629E-06 1.57077E-02 -1.61638E-03 -1.33887E-03 4.89999E-02 1.95616E-01 8.28606E-06 9.13629E-06 4.24275E-07 2.02559E-02 
4.24275E-07 9.57393E-06 1.55072E-02 -1.59789E-03 -1.31858E-03 4.82637E-02 1.93089E-01 8.72666E-06 9.57393E-06 4.24275E-07 1.96817E-02 
4.24275E-07 1.15739E-05 1.45682E-02 -1.51048E-03 -1.22374E-03 4.48560E-02 1.81310E-01 1.07545E-05 1.15739E-05 4.24275E-07 1.71553E-02 
4.24275E-07 1.33896E-05 1.36589E-02 -1.42443E-03 -1.13219E-03 4.16161E-02 1.69971E-01 1.26193E-05 1.33896E-05 4.24275E-07 1.49485E-02 
4.24275E-07 1.49806E-05 1.27811E-02 -1.34009E-03 -1.04418E-03 3.85436E-02 1.59082E-01 1.42788E-05 1.49806E-05 4.24275E-07 1.30257E-02 
4.24275E-07 1.63245E-05 1.19363E-02 -1.25777E-03 -9.59918E-04 3.56376E-02 1.48654E-01 1.57081E-05 1.63245E-05 4.24275E-07 1.13537E-02 
2.26069E-06 1.73790E-05 1.11341E-02 -1.17858E-03 -8.80427E-04 3.29247E-02 1.38793E-01 1.68615E-05 1.73790E-05 2.26069E-06 9.89160E-03 
4.65633E-06 1.81973E-05 1.03630E-02 -1.10150E-03 -8.04546E-04 3.03589E-02 1.29348E-01 1.77906E-05 1.81973E-05 4.65633E-06 8.61589E-03 
6.69310E-06 1.87862E-05 9.62239E-03 -1.02658E-03 -7.32235E-04 2.79331E-02 1.20304E-01 1.84997E-05 1.87862E-05 6.69310E-06 7.50575E-03 
8.38117E-06 1.91500E-05 8.91363E-03 -9.54086E-04 -6.63646E-04 2.56470E-02 1.11670E-01 1.89905E-05 1.91500E-05 8.38117E-06 6.54060E-03 
9.73729E-06 1.92993E-05 8.23781E-03 -8.84225E-04 -5.98888E-04 2.34994E-02 1.03452E-01 1.92706E-05 1.92993E-05 9.73729E-06 5.70179E-03 
1.07831E-05 1.92491E-05 7.59567E-03 -8.17176E-04 -5.38026E-04 2.14882E-02 9.56541E-02 1.93523E-05 1.92491E-05 1.07831E-05 4.97264E-03 
1.15440E-05 1.90181E-05 6.98764E-03 -7.53086E-04 -4.81087E-04 1.96103E-02 8.82761E-02 1.92513E-05 1.90181E-05 1.15440E-05 4.33848E-03 
1.20477E-05 1.86275E-05 6.41387E-03 -6.92062E-04 -4.28057E-04 1.78619E-02 8.13150E-02 1.89860E-05 1.86275E-05 1.20477E-05 3.78653E-03 
1.23243E-05 1.81006E-05 5.87422E-03 -6.34181E-04 -3.78892E-04 1.62388E-02 7.47655E-02 1.85769E-05 1.81006E-05 1.23243E-05 3.30577E-03 
1.24048E-05 1.74619E-05 5.36830E-03 -5.79484E-04 -3.33511E-04 1.47360E-02 6.86197E-02 1.80461E-05 1.74619E-05 1.24048E-05 2.88687E-03 
1.23215E-05 1.67375E-05 4.89552E-03 -5.27982E-04 -2.91812E-04 1.33484E-02 6.28681E-02 1.74174E-05 1.67375E-05 1.23215E-05 2.52190E-03 
1.21071E-05 1.59541E-05 4.45506E-03 -4.79660E-04 -2.53661E-04 1.20704E-02 5.74989E-02 1.67156E-05 1.59541E-05 1.21071E-05 2.20423E-03 
1.17947E-05 1.51390E-05 4.04596E-03 -4.34472E-04 -2.18910E-04 1.08963E-02 5.24992E-02 1.59665E-05 1.51390E-05 1.17947E-05 1.92829E-03 
2.67108E-07 1.58936E-06 2.05312E-02 -2.17724E-03 -1.85154E-03 6.01091E-02 2.44226E-01 -4.47151E-07 1.58936E-06 2.67108E-07 3.23910E-02 
2.67108E-07 1.58936E-06 1.94700E-02 -2.08154E-03 -1.74437E-03 5.65437E-02 2.31837E-01 -1.53592E-06 1.58936E-06 2.67108E-07 2.86702E-02 
2.67108E-07 6.30053E-08 1.84466E-02 -1.98684E-03 -1.64018E-03 5.31526E-02 2.19921E-01 -1.74160E-06 6.30053E-08 2.67108E-07 2.53610E-02 
2.67108E-07 5.24082E-07 1.74599E-02 -1.89339E-03 -1.53912E-03 4.99267E-02 2.08457E-01 -1.28668E-06 5.24082E-07 2.67108E-07 2.24170E-02 
2.67108E-07 1.31494E-06 1.64968E-02 -1.80042E-03 -1.44022E-03 4.68188E-02 1.97291E-01 -4.79982E-07 1.31494E-06 2.67108E-07 1.97878E-02 
2.67108E-07 2.31881E-06 1.55594E-02 -1.70835E-03 -1.34386E-03 4.38326E-02 1.86441E-01 5.61289E-07 2.31881E-06 2.67108E-07 1.74488E-02 
2.67108E-07 3.44051E-06 1.46494E-02 -1.61753E-03 -1.25035E-03 4.09706E-02 1.75925E-01 1.74120E-06 3.44051E-06 2.67108E-07 1.53747E-02 
2.67108E-07 4.34063E-06 1.39652E-02 -1.54833E-03 -1.18012E-03 3.88423E-02 1.68025E-01 2.70002E-06 4.34063E-06 2.67108E-07 1.39362E-02 
2.67108E-07 4.60437E-06 1.37685E-02 -1.52830E-03 -1.15996E-03 3.82343E-02 1.65755E-01 2.98307E-06 4.60437E-06 2.67108E-07 1.35412E-02 
2.67108E-07 5.83992E-06 1.28528E-02 -1.43420E-03 -1.06625E-03 3.54259E-02 1.55191E-01 4.32342E-06 5.83992E-06 2.67108E-07 1.18064E-02 
2.67108E-07 7.00337E-06 1.19739E-02 -1.34260E-03 -9.76672E-04 3.27648E-02 1.45055E-01 5.61123E-06 7.00337E-06 2.67108E-07 1.02953E-02 
2.67108E-07 8.05792E-06 1.11328E-02 -1.25379E-03 -8.91388E-04 3.02501E-02 1.35355E-01 6.80743E-06 8.05792E-06 2.67108E-07 8.98138E-03 
2.67108E-07 8.98018E-06 1.03304E-02 -1.16800E-03 -8.10527E-04 2.78800E-02 1.26094E-01 7.88606E-06 8.98018E-06 2.67108E-07 7.84027E-03 
1.42938E-06 9.74405E-06 9.57509E-03 -1.08629E-03 -7.34967E-04 2.56755E-02 1.17369E-01 8.81635E-06 9.74405E-06 1.42938E-06 6.84368E-03 
2.96030E-06 1.03727E-05 8.85521E-03 -1.00753E-03 -6.63535E-04 2.35979E-02 1.09040E-01 9.62054E-06 1.03727E-05 2.96030E-06 5.97376E-03 
4.27460E-06 1.08608E-05 8.16961E-03 -9.31731E-04 -5.96132E-04 2.16409E-02 1.01091E-01 1.02909E-05 1.08608E-05 4.27460E-06 5.21558E-03 
5.37216E-06 1.12047E-05 7.51901E-03 -8.59079E-04 -5.32844E-04 1.98034E-02 9.35303E-02 1.08205E-05 1.12047E-05 5.37216E-06 4.55481E-03 
6.25830E-06 1.14056E-05 6.90383E-03 -7.89734E-04 -4.73709E-04 1.80837E-02 8.63602E-02 1.12074E-05 1.14056E-05 6.25830E-06 3.97865E-03 
6.94271E-06 1.14692E-05 6.32418E-03 -7.23811E-04 -4.18725E-04 1.64792E-02 7.95813E-02 1.14542E-05 1.14692E-05 6.94271E-06 3.47580E-03 
7.43861E-06 1.14048E-05 5.77986E-03 -6.61392E-04 -3.67852E-04 1.49869E-02 7.31912E-02 1.15666E-05 1.14048E-05 7.43861E-06 3.03645E-03 
7.76213E-06 1.12244E-05 5.27043E-03 -6.02522E-04 -3.21015E-04 1.36029E-02 6.71850E-02 1.15538E-05 1.12244E-05 7.76213E-06 2.65217E-03 
7.93184E-06 1.09427E-05 4.79522E-03 -5.47210E-04 -2.78106E-04 1.23231E-02 6.15555E-02 1.14276E-05 1.09427E-05 7.93184E-06 2.31584E-03 
7.96843E-06 1.05768E-05 4.35334E-03 -4.95436E-04 -2.38991E-04 1.11428E-02 5.62936E-02 1.12023E-05 1.05768E-05 7.96843E-06 2.02147E-03 
7.89445E-06 1.01458E-05 3.94373E-03 -4.47150E-04 -2.03514E-04 1.00573E-02 5.13883E-02 1.08945E-05 1.01458E-05 7.89445E-06 1.76408E-03 
7.73396E-06 9.67028E-06 3.56518E-03 -4.02274E-04 -1.71497E-04 9.06163E-03 4.68273E-02 1.05232E-05 9.67028E-06 7.73396E-06 1.53954E-03 
7.51221E-06 9.17256E-06 3.21639E-03 -3.60711E-04 -1.42748E-04 8.15055E-03 4.25973E-02 1.01091E-05 9.17256E-06 7.51221E-06 1.34442E-03 
1.67411E-07 2.63254E-07 1.81669E-02 -2.07964E-03 -1.62295E-03 4.76073E-02 2.10778E-01 -1.14254E-06 2.63254E-07 1.67411E-07 2.17733E-02 
1.67411E-07 2.63254E-07 1.71339E-02 -1.97567E-03 -1.51667E-03 4.46669E-02 1.99591E-01 -2.32178E-06 2.63254E-07 1.67411E-07 1.92408E-02 
1.67411E-07 -1.19797E-07 1.61452E-02 -1.87410E-03 -1.41443E-03 4.18783E-02 1.88862E-01 -2.81144E-06 -1.19797E-07 1.67411E-07 1.70013E-02 
1.67411E-07 -1.32286E-07 1.51989E-02 -1.77504E-03 -1.31626E-03 3.92333E-02 1.78568E-01 -2.77621E-06 -1.32286E-07 1.67411E-07 1.50201E-02 
1.67411E-07 1.42526E-07 1.42819E-02 -1.67750E-03 -1.22103E-03 3.66926E-02 1.68569E-01 -2.43025E-06 1.42526E-07 1.67411E-07 1.32579E-02 
1.67411E-07 6.16577E-07 1.33959E-02 -1.58182E-03 -1.12906E-03 3.42587E-02 1.58882E-01 -1.86229E-06 6.16577E-07 1.67411E-07 1.16956E-02 
1.67411E-07 1.21779E-06 1.25422E-02 -1.48831E-03 -1.04057E-03 3.19331E-02 1.49519E-01 -1.14537E-06 1.21779E-06 1.67411E-07 1.03145E-02 
1.67411E-07 1.73317E-06 1.19044E-02 -1.41762E-03 -9.74626E-04 3.02085E-02 1.42505E-01 -5.26309E-07 1.73317E-06 1.67411E-07 9.35875E-03 
1.67411E-07 1.88848E-06 1.17218E-02 -1.39724E-03 -9.55771E-04 2.97166E-02 1.40492E-01 -3.38467E-07 1.88848E-06 1.67411E-07 9.09659E-03 
1.67411E-07 2.63805E-06 1.08754E-02 -1.30206E-03 -8.68639E-04 2.74491E-02 1.31145E-01 5.79087E-07 2.63805E-06 1.67411E-07 7.94646E-03 
1.67411E-07 3.37391E-06 1.00695E-02 -1.21025E-03 -7.86111E-04 2.53080E-02 1.22205E-01 1.50253E-06 3.37391E-06 1.67411E-07 6.94582E-03 
1.67411E-07 4.06576E-06 9.30441E-03 -1.12201E-03 -7.08275E-04 2.32917E-02 1.13679E-01 2.39882E-06 4.06576E-06 1.67411E-07 6.07599E-03 
1.67411E-07 4.69278E-06 8.58023E-03 -1.03752E-03 -6.35176E-04 2.13981E-02 1.05567E-01 3.24409E-06 4.69278E-06 1.67411E-07 5.32000E-03 
9.00525E-07 5.24890E-06 7.90396E-03 -9.57712E-04 -5.67518E-04 1.96432E-02 9.79510E-02 4.02643E-06 5.24890E-06 9.00525E-07 4.65912E-03 
1.87712E-06 5.73090E-06 7.26442E-03 -8.81446E-04 -5.04186E-04 1.79953E-02 9.07062E-02 4.74211E-06 5.73090E-06 1.87712E-06 4.08061E-03 
2.72451E-06 6.12595E-06 6.66006E-03 -8.08662E-04 -4.45040E-04 1.64487E-02 8.38172E-02 5.37544E-06 6.12595E-06 2.72451E-06 3.57435E-03 
3.43721E-06 6.42626E-06 6.09102E-03 -7.39496E-04 -3.90098E-04 1.50019E-02 7.72878E-02 5.91500E-06 6.42626E-06 3.43721E-06 3.13091E-03 
4.01418E-06 6.62847E-06 5.55714E-03 -6.74044E-04 -3.39337E-04 1.36529E-02 7.11187E-02 6.35368E-06 6.62847E-06 4.01418E-06 2.74194E-03 
4.45815E-06 6.73298E-06 5.05799E-03 -6.12361E-04 -2.92694E-04 1.23991E-02 6.53082E-02 6.68812E-06 6.73298E-06 4.45815E-06 2.40020E-03 
4.77509E-06 6.74354E-06 4.59292E-03 -5.54469E-04 -2.50073E-04 1.12374E-02 5.98518E-02 6.91842E-06 6.74354E-06 4.77509E-06 2.09951E-03 
4.97397E-06 6.66700E-06 4.16104E-03 -5.00350E-04 -2.11348E-04 1.01642E-02 5.47430E-02 7.04793E-06 6.66700E-06 4.97397E-06 1.83467E-03 
5.06645E-06 6.51302E-06 3.76128E-03 -4.49960E-04 -1.76367E-04 9.17568E-03 4.99734E-02 7.08310E-06 6.51302E-06 5.06645E-06 1.60132E-03 
5.06676E-06 6.29402E-06 3.39243E-03 -4.03222E-04 -1.44953E-04 8.26764E-03 4.55329E-02 7.03343E-06 6.29402E-06 5.06676E-06 1.39592E-03 
4.99146E-06 6.02489E-06 3.05314E-03 -3.60035E-04 -1.16914E-04 7.43581E-03 4.14100E-02 6.91136E-06 6.02489E-06 4.99146E-06 1.21557E-03 
4.85924E-06 5.72283E-06 2.74200E-03 -3.20275E-04 -9.20439E-05 6.67580E-03 3.75920E-02 6.73205E-06 5.72283E-06 4.85924E-06 1.05791E-03 
4.69054E-06 5.40694E-06 2.45751E-03 -2.83800E-04 -7.01240E-05 5.98317E-03 3.40655E-02 6.51310E-06 5.40694E-06 4.69054E-06 9.21024E-04 
1.05671E-07 -3.11443E-07 1.53359E-02 -1.90423E-03 -1.33719E-03 3.69167E-02 1.79430E-01 -2.16672E-06 -3.11443E-07 1.05671E-07 1.40945E-02 
1.05671E-07 -3.11443E-07 1.43882E-02 -1.79802E-03 -1.23779E-03 3.45457E-02 1.69471E-01 -3.18222E-06 -3.11443E-07 1.05671E-07 1.24530E-02 
1.05671E-07 -1.75721E-07 1.34872E-02 -1.69527E-03 -1.14306E-03 3.23039E-02 1.59947E-01 -3.68541E-06 -1.75721E-07 1.05671E-07 1.10089E-02 
1.05671E-07 -3.77590E-07 1.26305E-02 -1.59598E-03 -1.05293E-03 3.01838E-02 1.50836E-01 -3.79227E-06 -3.77590E-07 1.05671E-07 9.73768E-03 
1.05671E-07 -3.52140E-07 1.18058E-02 -1.49900E-03 -9.66248E-04 2.81533E-02 1.42012E-01 -3.64565E-06 -3.52140E-07 1.05671E-07 8.61014E-03 
1.05671E-07 -1.62466E-07 1.10143E-02 -1.40465E-03 -8.83235E-04 2.62140E-02 1.33487E-01 -3.30958E-06 -1.62466E-07 1.05671E-07 7.61279E-03 
1.05671E-07 1.39750E-07 1.02566E-02 -1.31315E-03 -8.04052E-04 2.43667E-02 1.25273E-01 -2.83707E-06 1.39750E-07 1.05671E-07 6.73252E-03 
1.05671E-07 4.24166E-07 9.69398E-03 -1.24445E-03 -7.45492E-04 2.30006E-02 1.19135E-01 -2.40555E-06 4.24166E-07 1.05671E-07 6.12384E-03 
1.05671E-07 5.13017E-07 9.53339E-03 -1.22472E-03 -7.28824E-04 2.26116E-02 1.17377E-01 -2.27131E-06 5.13017E-07 1.05671E-07 5.95691E-03 
1.05671E-07 9.57739E-07 8.79257E-03 -1.13302E-03 -6.52237E-04 2.08220E-02 1.09228E-01 -1.59649E-06 9.57739E-07 1.05671E-07 5.22443E-03 
1.05671E-07 1.41594E-06 8.09228E-03 -1.04527E-03 -5.80404E-04 1.91380E-02 1.01461E-01 -8.87727E-07 1.41594E-06 1.05671E-07 4.58648E-03 
1.05671E-07 1.86444E-06 7.43231E-03 -9.61619E-04 -5.13335E-04 1.75578E-02 9.40779E-02 -1.71535E-07 1.86444E-06 1.05671E-07 4.03068E-03 
1.05671E-07 2.28637E-06 6.81223E-03 -8.82155E-04 -4.51003E-04 1.60790E-02 8.70793E-02 5.31508E-07 2.28637E-06 1.05671E-07 3.54595E-03 
5.71775E-07 2.69634E-06 6.23747E-03 -8.07686E-04 -3.93919E-04 1.47135E-02 8.05314E-02 1.22879E-06 2.69634E-06 5.71775E-07 3.12048E-03 
1.20031E-06 3.06793E-06 5.69790E-03 -7.37088E-04 -3.41086E-04 1.34359E-02 7.43255E-02 1.89368E-06 3.06793E-06 1.20031E-06 2.74580E-03 
1.75133E-06 3.38324E-06 5.19173E-03 -6.70261E-04 -2.92333E-04 1.22412E-02 6.84460E-02 2.50496E-06 3.38324E-06 1.75133E-06 2.41549E-03 
2.21697E-06 3.63311E-06 4.71865E-03 -6.07284E-04 -2.47622E-04 1.11277E-02 6.28943E-02 3.04913E-06 3.63311E-06 2.21697E-06 2.12370E-03 
2.59290E-06 3.81194E-06 4.27807E-03 -5.48191E-04 -2.06874E-04 1.00934E-02 5.76689E-02 3.51622E-06 3.81194E-06 2.59290E-06 1.86536E-03 
2.87799E-06 3.91744E-06 3.86920E-03 -4.92982E-04 -1.69980E-04 9.13569E-03 5.27661E-02 3.89960E-06 3.91744E-06 2.87799E-06 1.63617E-03 
3.07413E-06 3.95045E-06 3.49107E-03 -4.41624E-04 -1.36801E-04 8.25170E-03 4.81803E-02 4.19592E-06 3.95045E-06 3.07413E-06 1.43250E-03 
3.18608E-06 3.91486E-06 3.14253E-03 -3.94049E-04 -1.07172E-04 7.43820E-03 4.39037E-02 4.40512E-06 3.91486E-06 3.18608E-06 1.25139E-03 
3.22147E-06 3.81753E-06 2.82232E-03 -3.50163E-04 -8.09114E-05 6.69176E-03 3.99272E-02 4.53047E-06 3.81753E-06 3.22147E-06 1.09046E-03 
3.19072E-06 3.66828E-06 2.52905E-03 -3.09846E-04 -5.78174E-05 6.00877E-03 3.62402E-02 4.57864E-06 3.66828E-06 3.19072E-06 9.47831E-04 
3.10690E-06 3.47975E-06 2.26131E-03 -2.72957E-04 -3.76775E-05 5.38556E-03 3.28311E-02 4.55960E-06 3.47975E-06 3.10690E-06 8.22032E-04 
2.98557E-06 3.26715E-06 2.01759E-03 -2.39337E-04 -2.02701E-05 4.81838E-03 2.96873E-02 4.48649E-06 3.26715E-06 2.98557E-06 7.11922E-04 
2.84436E-06 3.04792E-06 1.79641E-03 -2.08813E-04 -5.36885E-06 4.30352E-03 2.67958E-02 4.37529E-06 3.04792E-06 2.84436E-06 6.16594E-04 
6.89081E-08 -4.88474E-07 1.23309E-02 -1.67672E-03 -1.02521E-03 2.80452E-02 1.50671E-01 -3.38563E-06 -4.88474E-07 6.89081E-08 8.77880E-03 
6.89081E-08 -4.88474E-07 1.15107E-02 -1.57330E-03 -9.37113E-04 2.61759E-02 1.41933E-01 -4.14065E-06 -4.88474E-07 6.89081E-08 7.77148E-03 
6.89081E-08 -1.69921E-07 1.07356E-02 -1.47405E-03 -8.53928E-04 2.44137E-02 1.33600E-01 -4.52900E-06 -1.69921E-07 6.89081E-08 6.88909E-03 
6.89081E-08 -4.14503E-07 1.00031E-02 -1.37890E-03 -7.75503E-04 2.27520E-02 1.25652E-01 -4.62841E-06 -4.14503E-07 6.89081E-08 6.11536E-03 
6.89081E-08 -4.91280E-07 9.30223E-03 -1.28666E-03 -7.00751E-04 2.11654E-02 1.17977E-01 -4.53031E-06 -4.91280E-07 6.89081E-08 5.42981E-03 
6.89081E-08 -4.43167E-07 8.63363E-03 -1.19755E-03 -6.29810E-04 1.96545E-02 1.10585E-01 -4.27896E-06 -4.43167E-07 6.89081E-08 4.82357E-03 
6.89081E-08 -3.05242E-07 7.99760E-03 -1.11175E-03 -5.62773E-04 1.82197E-02 1.03484E-01 -3.91124E-06 -3.05242E-07 6.89081E-08 4.28816E-03 
6.89081E-08 -1.54997E-07 7.52792E-03 -1.04774E-03 -5.13620E-04 1.71615E-02 9.81923E-02 -3.56635E-06 -1.54997E-07 6.89081E-08 3.91743E-03 
6.89081E-08 -1.05698E-07 7.39428E-03 -1.02943E-03 -4.99699E-04 1.68607E-02 9.66790E-02 -3.45755E-06 -1.05698E-07 6.89081E-08 3.81564E-03 
6.89081E-08 1.52919E-07 6.78030E-03 -9.44689E-04 -4.36153E-04 1.54795E-02 8.96788E-02 -2.90058E-06 1.52919E-07 6.89081E-08 3.36812E-03 
6.89081E-08 4.35453E-07 6.20387E-03 -8.64237E-04 -3.77224E-04 1.41843E-02 8.30303E-02 -2.29812E-06 4.35453E-07 6.89081E-08 2.97668E-03 
6.89081E-08 7.25140E-07 5.66437E-03 -7.88135E-04 -3.22859E-04 1.29732E-02 7.67332E-02 -1.67105E-06 7.25140E-07 6.89081E-08 2.63369E-03 
6.89081E-08 1.00898E-06 5.16098E-03 -7.16414E-04 -2.72969E-04 1.18438E-02 7.07854E-02 -1.03686E-06 1.00898E-06 6.89081E-08 2.33239E-03 
3.75058E-07 1.32070E-06 4.69766E-03 -6.49724E-04 -2.27874E-04 1.08046E-02 6.52411E-02 -3.70636E-07 1.32070E-06 3.75058E-07 2.06573E-03 
7.92613E-07 1.61367E-06 4.26572E-03 -5.87013E-04 -1.86731E-04 9.83583E-03 6.00059E-02 2.81064E-07 1.61367E-06 7.92613E-07 1.82847E-03 
1.16142E-06 1.86647E-06 3.86333E-03 -5.28150E-04 -1.49357E-04 8.93310E-03 5.50646E-02 8.92884E-07 1.86647E-06 1.16142E-06 1.61685E-03 
1.47281E-06 2.06976E-06 3.48986E-03 -4.73156E-04 -1.15663E-04 8.09482E-03 5.04166E-02 1.45038E-06 2.06976E-06 1.47281E-06 1.42752E-03 
1.72097E-06 2.21712E-06 3.14451E-03 -4.22015E-04 -8.55322E-05 7.31898E-03 4.60589E-02 1.94205E-06 2.21712E-06 1.72097E-06 1.25764E-03 
1.90279E-06 2.30505E-06 2.82629E-03 -3.74676E-04 -5.88188E-05 6.60326E-03 4.19865E-02 2.35938E-06 2.30505E-06 1.90279E-06 1.10486E-03 
2.01795E-06 2.33297E-06 2.53407E-03 -3.31060E-04 -3.53557E-05 5.94506E-03 3.81926E-02 2.69699E-06 2.33297E-06 2.01795E-06 9.67301E-04 
2.06897E-06 2.30329E-06 2.26665E-03 -2.91058E-04 -1.49571E-05 5.34160E-03 3.46690E-02 2.95288E-06 2.30329E-06 2.06897E-06 8.43481E-04 
2.06129E-06 2.22151E-06 2.02272E-03 -2.54539E-04 2.57752E-06 4.78996E-03 3.14063E-02 3.12855E-06 2.22151E-06 2.06129E-06 7.32309E-04 
2.00328E-06 2.09622E-06 1.80092E-03 -2.21351E-04 1.74594E-05 4.28710E-03 2.83937E-02 3.22917E-06 2.09622E-06 2.00328E-06 6.33002E-04 
1.90621E-06 1.93903E-06 1.59988E-03 -1.91324E-04 2.99066E-05 3.82997E-03 2.56200E-02 3.26354E-06 1.93903E-06 1.90621E-06 5.45033E-04 
1.78403E-06 1.76432E-06 1.41820E-03 -1.64276E-04 4.01410E-05 3.41551E-03 2.30732E-02 3.24395E-06 1.76432E-06 1.78403E-06 4.68054E-04 
1.65298E-06 1.58885E-06 1.25451E-03 -1.40017E-04 4.83848E-05 3.04070E-03 2.07409E-02 3.18578E-06 1.58885E-06 1.65298E-06 4.01827E-04 
4.76710E-08 -4.84165E-07 9.37525E-03 -1.41439E-03 -7.06090E-04 2.07590E-02 1.24302E-01 -4.74786E-06 -4.84165E-07 4.76710E-08 5.19296E-03 
4.76710E-08 -4.84165E-07 8.70815E-03 -1.31783E-03 -6.32442E-04 1.93259E-02 1.16769E-01 -5.22756E-06 -4.84165E-07 4.76710E-08 4.62112E-03 
4.76710E-08 -1.40742E-07 8.08138E-03 -1.22587E-03 -5.63616E-04 1.79787E-02 1.09606E-01 -5.45205E-06 -1.40742E-07 4.76710E-08 4.12156E-03 
4.76710E-08 -3.64445E-07 7.49254E-03 -1.13837E-03 -4.99408E-04 1.67122E-02 1.02796E-01 -5.47035E-06 -3.64445E-07 4.76710E-08 3.68446E-03 
4.76710E-08 -4.71077E-07 6.93237E-03 -1.05414E-03 -4.38847E-04 1.55064E-02 9.62400E-02 -5.33783E-06 -4.71077E-07 4.76710E-08 3.29644E-03 
4.76710E-08 -4.88000E-07 6.40109E-03 -9.73349E-04 -3.82005E-04 1.43617E-02 8.99450E-02 -5.08377E-06 -4.88000E-07 4.76710E-08 2.95228E-03 
4.76710E-08 -4.37474E-07 5.89869E-03 -8.96131E-04 -3.28910E-04 1.32780E-02 8.39170E-02 -4.73278E-06 -4.37474E-07 4.76710E-08 2.64703E-03 
4.76710E-08 -3.63584E-07 5.52967E-03 -8.38896E-04 -2.90400E-04 1.24809E-02 7.94384E-02 -4.40797E-06 -3.63584E-07 4.76710E-08 2.43464E-03 
4.76710E-08 -3.37397E-07 5.42499E-03 -8.22580E-04 -2.79563E-04 1.22546E-02 7.81596E-02 -4.30562E-06 -3.37397E-07 4.76710E-08 2.37613E-03 
4.76710E-08 -1.90391E-07 4.94595E-03 -7.47456E-04 -2.30517E-04 1.12180E-02 7.22572E-02 -3.77989E-06 -1.90391E-07 4.76710E-08 2.11771E-03 
4.76710E-08 -1.67982E-08 4.49917E-03 -6.76710E-04 -1.85718E-04 1.02492E-02 6.66717E-02 -3.20509E-06 -1.67982E-08 4.76710E-08 1.88960E-03 
4.76710E-08 1.71708E-07 4.08381E-03 -6.10347E-04 -1.45060E-04 9.34633E-03 6.14010E-02 -2.59793E-06 1.71708E-07 4.76710E-08 1.68752E-03 
4.76710E-08 3.65292E-07 3.69884E-03 -5.48339E-04 -1.08409E-04 8.50736E-03 5.64414E-02 -1.97369E-06 3.65292E-07 4.76710E-08 1.50771E-03 
2.60689E-07 6.14369E-07 3.34696E-03 -4.91168E-04 -7.59019E-05 7.73816E-03 5.18361E-02 -1.29262E-06 6.14369E-07 2.60689E-07 1.34626E-03 
5.53454E-07 8.54548E-07 3.02113E-03 -4.37891E-04 -4.68761E-05 7.02355E-03 4.75043E-02 -6.18714E-07 8.54548E-07 5.53454E-07 1.20024E-03 
8.12371E-07 1.06165E-06 2.71964E-03 -3.88354E-04 -2.11467E-05 6.35999E-03 4.34317E-02 1.92294E-08 1.06165E-06 8.12371E-07 1.06768E-03 
1.02869E-06 1.22664E-06 2.44174E-03 -3.42529E-04 1.40903E-06 5.74598E-03 3.96160E-02 6.06199E-07 1.22664E-06 1.02869E-06 9.46882E-04 
1.19596E-06 1.34296E-06 2.18652E-03 -3.00354E-04 2.09377E-05 5.17970E-03 3.60532E-02 1.12970E-06 1.34296E-06 1.19596E-06 8.36440E-04 
1.31016E-06 1.40666E-06 1.95299E-03 -2.61738E-04 3.76058E-05 4.65916E-03 3.27374E-02 1.58005E-06 1.40666E-06 1.31016E-06 7.35272E-04 
1.36986E-06 1.41658E-06 1.74005E-03 -2.26564E-04 5.15959E-05 4.18216E-03 2.96614E-02 1.95068E-06 1.41658E-06 1.36986E-06 6.42589E-04 
1.37649E-06 1.37459E-06 1.54654E-03 -1.94692E-04 6.31027E-05 3.74639E-03 2.68167E-02 2.23850E-06 1.37459E-06 1.37649E-06 5.57874E-04 
1.33447E-06 1.28573E-06 1.37127E-03 -1.65965E-04 7.23300E-05 3.34945E-03 2.41939E-02 2.44416E-06 1.28573E-06 1.33447E-06 4.80851E-04 
1.25127E-06 1.15825E-06 1.21303E-03 -1.40208E-04 7.94867E-05 2.98889E-03 2.17828E-02 2.57226E-06 1.15825E-06 1.25127E-06 4.11444E-04 
1.13746E-06 1.00358E-06 1.07062E-03 -1.17237E-04 8.47840E-05 2.66229E-03 1.95727E-02 2.63132E-06 1.00358E-06 1.13746E-06 3.49724E-04 
1.00639E-06 8.36092E-07 9.42839E-04 -9.68577E-05 8.84322E-05 2.36722E-03 1.75525E-02 2.63363E-06 8.36092E-07 1.00639E-06 2.95857E-04 
8.73845E-07 6.72598E-07 8.28535E-04 -7.88710E-05 9.06383E-05 2.10131E-03 1.57108E-02 2.59481E-06 6.72598E-07 8.73845E-07 2.50034E-04 
3.63853E-08 -4.14265E-07 6.71100E-03 -1.13550E-03 -4.00197E-04 1.49723E-02 1.00646E-01 -6.22205E-06 -4.14265E-07 3.63853E-08 2.89707E-03 
3.63853E-08 -4.14265E-07 6.20279E-03 -1.04895E-03 -3.42780E-04 1.39048E-02 9.42725E-02 -6.45103E-06 -4.14265E-07 3.63853E-08 2.60504E-03 
3.63853E-08 -1.08351E-07 5.72795E-03 -9.67159E-04 -2.89819E-04 1.29042E-02 8.82319E-02 -6.50273E-06 -1.08351E-07 3.63853E-08 2.34982E-03 
3.63853E-08 -2.91794E-07 5.28436E-03 -8.89925E-04 -2.41086E-04 1.19663E-02 8.25069E-02 -6.40611E-06 -2.91794E-07 3.63853E-08 2.12628E-03 
3.63853E-08 -3.96296E-07 4.86471E-03 -8.16137E-04 -1.95769E-04 1.10759E-02 7.70124E-02 -6.19256E-06 -3.96296E-07 3.63853E-08 1.92630E-03 
3.63853E-08 -4.38046E-07 4.46896E-03 -7.45907E-04 -1.53880E-04 1.02330E-02 7.17543E-02 -5.88081E-06 -4.38046E-07 3.63853E-08 1.74730E-03 
3.63853E-08 -4.30119E-07 4.09688E-03 -6.79305E-04 -1.15396E-04 9.43741E-03 6.67357E-02 -5.48706E-06 -4.30119E-07 3.63853E-08 1.58684E-03 
3.63853E-08 -3.96662E-07 3.82500E-03 -6.30291E-04 -8.79259E-05 8.85383E-03 6.30183E-02 -5.13517E-06 -3.96662E-07 3.63853E-08 1.47399E-03 
3.63853E-08 -3.83065E-07 3.74810E-03 -6.16376E-04 -8.02690E-05 8.68842E-03 6.19588E-02 -5.02549E-06 -3.83065E-07 3.63853E-08 1.44270E-03 
3.63853E-08 -2.98410E-07 3.39755E-03 -5.52653E-04 -4.60704E-05 7.93206E-03 5.70789E-02 -4.46648E-06 -2.98410E-07 3.63853E-08 1.30322E-03 
3.63853E-08 -1.87485E-07 3.07273E-03 -4.93198E-04 -1.55707E-05 7.22751E-03 5.24786E-02 -3.85833E-06 -1.87485E-07 3.63853E-08 1.17800E-03 
3.63853E-08 -5.84388E-08 2.77271E-03 -4.37958E-04 1.13738E-05 6.57311E-03 4.81543E-02 -3.21535E-06 -5.84388E-08 3.63853E-08 1.06497E-03 
3.63853E-08 8.10252E-08 2.49649E-03 -3.86856E-04 3.49257E-05 5.96701E-03 4.41012E-02 -2.55175E-06 8.10252E-08 3.63853E-08 9.62260E-04 
1.99333E-07 2.95038E-07 2.24572E-03 -3.40206E-04 5.51147E-05 5.41319E-03 4.03526E-02 -1.81623E-06 2.95038E-07 1.99333E-07 8.67800E-04 
4.23397E-07 5.03803E-07 2.01506E-03 -2.97202E-04 7.24103E-05 4.90036E-03 3.68408E-02 -1.08774E-06 5.03803E-07 4.23397E-07 7.80213E-04 
6.19935E-07 6.80780E-07 1.80306E-03 -2.57676E-04 8.69877E-05 4.42573E-03 3.35526E-02 -3.98204E-07 6.80780E-07 6.19935E-07 6.98630E-04 
7.80305E-07 8.17315E-07 1.60896E-03 -2.21557E-04 9.89920E-05 3.98796E-03 3.04846E-02 2.36754E-07 8.17315E-07 7.80305E-07 6.22318E-04 
8.97835E-07 9.06942E-07 1.43193E-03 -1.88748E-04 1.08585E-04 3.58555E-03 2.76320E-02 8.03847E-07 9.06942E-07 8.97835E-07 5.50739E-04 
9.68108E-07 9.45667E-07 1.27103E-03 -1.59124E-04 1.15943E-04 3.21683E-03 2.49886E-02 1.29256E-06 9.45667E-07 9.68108E-07 4.83553E-04 
9.89277E-07 9.32291E-07 1.12534E-03 -1.32544E-04 1.21249E-04 2.88005E-03 2.25471E-02 1.69560E-06 9.32291E-07 9.89277E-07 4.20623E-04 
9.62380E-07 8.68701E-07 9.93847E-04 -1.08848E-04 1.24697E-04 2.57337E-03 2.02991E-02 2.00940E-06 8.68701E-07 9.62380E-07 3.62000E-04 
8.91568E-07 7.60084E-07 8.75577E-04 -8.78604E-05 1.26482E-04 2.29489E-03 1.82358E-02 2.23442E-06 7.60084E-07 8.91568E-07 3.07902E-04 
7.84228E-07 6.15021E-07 7.69541E-04 -6.93985E-05 1.26798E-04 2.04274E-03 1.63477E-02 2.37535E-06 6.15021E-07 7.84228E-07 2.58681E-04 
6.50931E-07 4.45405E-07 6.74775E-04 -5.32710E-05 1.25841E-04 1.81505E-03 1.46250E-02 2.44114E-06 4.45405E-07 6.50931E-07 2.14783E-04 
5.05192E-07 2.66155E-07 5.90344E-04 -3.92829E-05 1.23800E-04 1.60997E-03 1.30575E-02 2.44477E-06 2.66155E-07 5.05192E-07 1.76690E-04 
3.63008E-07 9.47174E-08 5.15351E-04 -2.72386E-05 1.20858E-04 1.42573E-03 1.16354E-02 2.40280E-06 9.47174E-08 3.63008E-07 1.44873E-04 
3.13040E-08 -3.34791E-07 4.48936E-03 -8.53623E-04 -1.21076E-04 1.05081E-02 7.97650E-02 -7.81436E-06 -3.34791E-07 3.13040E-08 1.49901E-03 
3.13040E-08 -3.34791E-07 4.12887E-03 -7.79410E-04 -8.05310E-05 9.73762E-03 7.44861E-02 -7.82520E-06 -3.34791E-07 3.13040E-08 1.37419E-03 
3.13040E-08 -8.14041E-08 3.79390E-03 -7.09868E-04 -4.38705E-05 9.01742E-03 6.94996E-02 -7.70841E-06 -8.14041E-08 3.13040E-08 1.26419E-03 
3.13040E-08 -2.25839E-07 3.48270E-03 -6.44770E-04 -1.08615E-05 8.34421E-03 6.47894E-02 -7.47990E-06 -2.25839E-07 3.13040E-08 1.16700E-03 
3.13040E-08 -3.16997E-07 3.18992E-03 -5.83113E-04 1.91219E-05 7.70684E-03 6.02839E-02 -7.15583E-06 -3.16997E-07 3.13040E-08 1.07818E-03 
3.13040E-08 -3.63567E-07 2.91536E-03 -5.24954E-04 4.61174E-05 7.10517E-03 5.59869E-02 -6.74828E-06 -3.63567E-07 3.13040E-08 9.96874E-04 
3.13040E-08 -3.72517E-07 2.65869E-03 -4.70311E-04 7.01901E-05 6.53878E-03 5.18999E-02 -6.26821E-06 -3.72517E-07 3.13040E-08 9.22241E-04 
3.13040E-08 -3.57296E-07 2.47210E-03 -4.30443E-04 8.68635E-05 6.12435E-03 4.88820E-02 -5.85354E-06 -3.57296E-07 3.13040E-08 8.68582E-04 
3.13040E-08 -3.49583E-07 2.41949E-03 -4.19181E-04 9.14243E-05 6.00705E-03 4.80234E-02 -5.72593E-06 -3.49583E-07 3.13040E-08 8.53510E-04 
3.13040E-08 -2.94883E-07 2.18055E-03 -3.67949E-04 1.11259E-04 5.47163E-03 4.40782E-02 -5.08313E-06 -2.94883E-07 3.13040E-08 7.85163E-04 
3.13040E-08 -2.14880E-07 1.96057E-03 -3.20693E-04 1.28064E-04 4.97438E-03 4.03737E-02 -4.39266E-06 -2.14880E-07 3.13040E-08 7.21938E-04 
3.13040E-08 -1.15673E-07 1.75871E-03 -2.77318E-04 1.42006E-04 4.51390E-03 3.69056E-02 -3.66803E-06 -1.15673E-07 3.13040E-08 6.63001E-04 
3.13040E-08 -3.87894E-09 1.57410E-03 -2.37702E-04 1.53264E-04 4.08868E-03 3.36682E-02 -2.92360E-06 -3.87894E-09 3.13040E-08 6.07583E-04 
1.71178E-07 1.95432E-07 1.40766E-03 -2.02002E-04 1.62007E-04 3.70131E-03 3.06866E-02 -2.09968E-06 1.95432E-07 1.71178E-07 5.54554E-04 
3.62025E-07 3.89138E-07 1.25558E-03 -1.69563E-04 1.68513E-04 3.34365E-03 2.79050E-02 -1.28800E-06 3.89138E-07 3.62025E-07 5.03471E-04 
5.26452E-07 5.48543E-07 1.11674E-03 -1.40214E-04 1.72937E-04 3.01356E-03 2.53116E-02 -5.23483E-07 5.48543E-07 5.26452E-07 4.54068E-04 
6.55873E-07 6.65252E-07 9.90480E-04 -1.13851E-04 1.75436E-04 2.70997E-03 2.29024E-02 1.77444E-07 6.65252E-07 6.55873E-07 4.06127E-04 
7.43519E-07 7.32950E-07 8.76095E-04 -9.03492E-05 1.76174E-04 2.43166E-03 2.06723E-02 8.00684E-07 7.32950E-07 7.43519E-07 3.59559E-04 
7.84847E-07 7.47804E-07 7.72848E-04 -6.95632E-05 1.75325E-04 2.17734E-03 1.86149E-02 1.33506E-06 7.47804E-07 7.84847E-07 3.14426E-04 
7.77958E-07 7.08877E-07 6.79986E-04 -5.13352E-05 1.73065E-04 1.94567E-03 1.67233E-02 1.77288E-06 7.08877E-07 7.77958E-07 2.70945E-04 
7.23971E-07 6.18480E-07 5.96752E-04 -3.54945E-05 1.69572E-04 1.73523E-03 1.49897E-02 2.11050E-06 6.18480E-07 7.23971E-07 2.29485E-04 
6.27292E-07 4.82416E-07 5.22395E-04 -2.18625E-05 1.65025E-04 1.54464E-03 1.34061E-02 2.34868E-06 4.82416E-07 6.27292E-07 1.90550E-04 
4.95731E-07 3.10059E-07 4.56184E-04 -1.02549E-05 1.59598E-04 1.37249E-03 1.19637E-02 2.49279E-06 3.10059E-07 4.95731E-07 1.54750E-04 
3.40436E-07 1.14253E-07 3.97414E-04 -4.85299E-07 1.53460E-04 1.21740E-03 1.06540E-02 2.55279E-06 1.14253E-07 3.40436E-07 1.22756E-04 
1.75586E-07 -8.90471E-08 3.45413E-04 7.63275E-06 1.46773E-04 1.07805E-03 9.46821E-03 2.54296E-06 -8.90471E-08 1.75586E-07 9.52578E-05 
1.78773E-08 -2.81335E-07 2.99546E-04 1.42826E-05 1.39692E-04 9.53145E-04 8.39757E-03 2.48132E-06 -2.81335E-07 1.78773E-08 7.28973E-05 
3.01055E-08 -2.65907E-07 2.77962E-03 -5.79651E-04 1.21900E-04 7.17752E-03 6.16724E-02 -9.54582E-06 -2.65907E-07 3.01055E-08 6.96401E-04 
3.01055E-08 -2.65907E-07 2.54353E-03 -5.19380E-04 1.45882E-04 6.63990E-03 5.74057E-02 -9.36305E-06 -2.65907E-07 3.01055E-08 6.62031E-04 
3.01055E-08 -6.19701E-08 2.32536E-03 -4.63493E-04 1.66692E-04 6.13861E-03 5.33894E-02 -9.08051E-06 -6.19701E-08 3.01055E-08 6.30387E-04 
3.01055E-08 -1.75359E-07 2.12380E-03 -4.11740E-04 1.84551E-04 5.67114E-03 4.96088E-02 -8.70641E-06 -1.75359E-07 3.01055E-08 6.01301E-04 
3.01055E-08 -2.50592E-07 1.93522E-03 -3.63263E-04 1.99890E-04 5.22960E-03 4.60053E-02 -8.24777E-06 -2.50592E-07 3.01055E-08 5.72700E-04 
3.01055E-08 -2.91734E-07 1.75939E-03 -3.18068E-04 2.12785E-04 4.81377E-03 4.25808E-02 -7.71306E-06 -2.91734E-07 3.01055E-08 5.44696E-04 
3.01055E-08 -3.02076E-07 1.59597E-03 -2.76127E-04 2.23332E-04 4.42323E-03 3.93355E-02 -7.11058E-06 -3.02076E-07 3.01055E-08 5.17352E-04 
3.01055E-08 -2.90809E-07 1.47779E-03 -2.45880E-04 2.29951E-04 4.13806E-03 3.69471E-02 -6.60338E-06 -2.90809E-07 3.01055E-08 4.96651E-04 
3.01055E-08 -2.84559E-07 1.44457E-03 -2.37394E-04 2.31642E-04 4.05744E-03 3.62688E-02 -6.44899E-06 -2.84559E-07 3.01055E-08 4.90669E-04 
3.01055E-08 -2.37927E-07 1.29427E-03 -1.99143E-04 2.38236E-04 3.68999E-03 3.31601E-02 -5.68003E-06 -2.37927E-07 3.01055E-08 4.62561E-04 
3.01055E-08 -1.66760E-07 1.15682E-03 -1.64426E-04 2.42540E-04 3.34955E-03 3.02532E-02 -4.86583E-06 -1.66760E-07 3.01055E-08 4.34979E-04 
3.01055E-08 -7.63569E-08 1.03154E-03 -1.33112E-04 2.44728E-04 3.03505E-03 2.75432E-02 -4.02053E-06 -7.63569E-08 3.01055E-08 4.07689E-04 
3.01055E-08 2.68379E-08 9.17736E-04 -1.05048E-04 2.44983E-04 2.74530E-03 2.50244E-02 -3.15971E-06 2.68379E-08 3.01055E-08 3.80417E-04 
1.63876E-07 2.25927E-07 8.15886E-04 -8.02443E-05 2.43587E-04 2.48198E-03 2.27149E-02 -2.21822E-06 2.25927E-07 1.63876E-07 3.52398E-04 
3.43945E-07 4.16290E-07 7.23462E-04 -5.82087E-05 2.40635E-04 2.23938E-03 2.05697E-02 -1.29859E-06 4.16290E-07 3.43945E-07 3.23692E-04 
4.95432E-07 5.67192E-07 6.39652E-04 -3.87753E-05 2.36256E-04 2.01593E-03 1.85787E-02 -4.38669E-07 5.67192E-07 4.95432E-07 2.94300E-04 
6.09651E-07 6.70326E-07 5.63953E-04 -2.18172E-05 2.30604E-04 1.81082E-03 1.67374E-02 3.44062E-07 6.70326E-07 6.09651E-07 2.64218E-04 
6.79740E-07 7.19511E-07 4.95841E-04 -7.19157E-06 2.23838E-04 1.62315E-03 1.50409E-02 1.03463E-06 7.19511E-07 6.79740E-07 2.33554E-04 
7.01165E-07 7.11196E-07 4.34776E-04 5.25640E-06 2.16119E-04 1.45195E-03 1.34832E-02 1.62129E-06 7.11196E-07 7.01165E-07 2.02555E-04 
6.72217E-07 6.44935E-07 3.80222E-04 1.56906E-05 2.07607E-04 1.29625E-03 1.20578E-02 2.09621E-06 6.44935E-07 6.72217E-07 1.71612E-04 
5.94416E-07 5.23771E-07 3.31648E-04 2.42815E-05 1.98459E-04 1.15504E-03 1.07579E-02 2.45602E-06 5.23771E-07 5.94416E-07 1.41263E-04 
4.72795E-07 3.54484E-07 2.88540E-04 3.12025E-05 1.88828E-04 1.02733E-03 9.57621E-03 2.70223E-06 3.54484E-07 4.72795E-07 1.12176E-04 
3.15994E-07 1.47643E-07 2.50404E-04 3.66285E-05 1.78860E-04 9.12127E-04 8.50533E-03 2.84137E-06 1.47643E-07 3.15994E-07 8.51167E-05 
1.36139E-07 -8.25634E-08 2.16773E-04 4.07322E-05 1.68696E-04 8.08474E-04 7.53785E-03 2.88497E-06 -8.25634E-08 1.36139E-07 6.09041E-05 
-5.15238E-08 -3.18750E-07 1.87208E-04 4.36831E-05 1.58466E-04 7.15445E-04 6.66634E-03 2.84911E-06 -3.18750E-07 -5.15238E-08 4.03593E-05 
-2.29235E-07 -5.40997E-07 1.61304E-04 4.56445E-05 1.48292E-04 6.32158E-04 5.88354E-03 2.75382E-06 -5.40997E-07 -2.29235E-07 2.42442E-05 
3.13793E-08 -2.09407E-07 1.57196E-03 -3.22221E-04 3.23183E-04 4.78610E-03 4.63231E-02 -1.14424E-05 -2.09407E-07 3.13793E-08 2.66715E-04 
3.13793E-08 -2.09407E-07 1.43088E-03 -2.76880E-04 3.31651E-04 4.42371E-03 4.29713E-02 -1.10755E-05 -2.09407E-07 3.13793E-08 2.74131E-04 
3.13793E-08 -4.89107E-08 1.30126E-03 -2.35455E-04 3.37740E-04 4.08640E-03 3.98277E-02 -1.06214E-05 -4.89107E-08 3.13793E-08 2.78857E-04 
3.13793E-08 -1.38905E-07 1.18220E-03 -1.97691E-04 3.41648E-04 3.77239E-03 3.68797E-02 -1.00843E-05 -1.38905E-07 3.13793E-08 2.81661E-04 
3.13793E-08 -1.97862E-07 1.07146E-03 -1.62894E-04 3.43614E-04 3.47627E-03 3.40802E-02 -9.46614E-06 -1.97862E-07 3.13793E-08 2.81812E-04 
3.13793E-08 -2.27342E-07 9.68824E-04 -1.31024E-04 3.43744E-04 3.19783E-03 3.14297E-02 -8.77399E-06 -2.27342E-07 3.13793E-08 2.79872E-04 
3.13793E-08 -2.28761E-07 8.74012E-04 -1.02015E-04 3.42152E-04 2.93672E-03 2.89276E-02 -8.01556E-06 -2.28761E-07 3.13793E-08 2.76280E-04 
3.13793E-08 -2.11636E-07 8.05831E-04 -8.14794E-05 3.39818E-04 2.74631E-03 2.70926E-02 -7.38869E-06 -2.11636E-07 3.13793E-08 2.72566E-04 
3.13793E-08 -2.03778E-07 7.86725E-04 -7.57825E-05 3.38964E-04 2.69251E-03 2.65725E-02 -7.19950E-06 -2.03778E-07 3.13793E-08 2.71342E-04 
3.13793E-08 -1.49879E-07 7.00652E-04 -5.04923E-05 3.33893E-04 2.44754E-03 2.41950E-02 -6.26632E-06 -1.49879E-07 3.13793E-08 2.64706E-04 
3.13793E-08 -7.19433E-08 6.22486E-04 -2.81684E-05 3.27293E-04 2.22091E-03 2.19817E-02 -5.29158E-06 -7.19433E-08 3.13793E-08 2.56770E-04 
3.13793E-08 2.45535E-08 5.51753E-04 -8.65126E-06 3.19339E-04 2.01180E-03 1.99275E-02 -4.29120E-06 2.45535E-08 3.13793E-08 2.47467E-04 
3.13793E-08 1.32606E-07 4.87966E-04 8.22847E-06 3.10204E-04 1.81938E-03 1.80269E-02 -3.28286E-06 1.32606E-07 3.13793E-08 2.36645E-04 
1.69866E-07 3.41273E-07 4.31347E-04 2.25923E-05 3.00255E-04 1.64473E-03 1.62923E-02 -2.19848E-06 3.41273E-07 1.69866E-07 2.23552E-04 
3.53432E-07 5.35989E-07 3.80343E-04 3.47640E-05 2.89418E-04 1.48398E-03 1.46887E-02 -1.14963E-06 5.35989E-07 3.53432E-07 2.08472E-04 
5.04050E-07 6.84078E-07 3.34417E-04 4.48955E-05 2.77792E-04 1.33602E-03 1.32072E-02 -1.77027E-07 6.84078E-07 5.04050E-07 1.91468E-04 
6.12765E-07 7.77164E-07 2.93223E-04 5.31266E-05 2.65520E-04 1.20028E-03 1.18439E-02 7.00545E-07 7.77164E-07 6.12765E-07 1.72578E-04 
6.72595E-07 8.09189E-07 2.56410E-04 5.96063E-05 2.52746E-04 1.07612E-03 1.05937E-02 1.46721E-06 8.09189E-07 6.72595E-07 1.51962E-04 
6.79108E-07 7.76988E-07 2.23625E-04 6.44899E-05 2.39611E-04 9.62888E-04 9.45161E-03 2.11077E-06 7.76988E-07 6.79108E-07 1.29927E-04 
6.30963E-07 6.80804E-07 1.94522E-04 6.79362E-05 2.26250E-04 8.59913E-04 8.41179E-03 2.62347E-06 6.80804E-07 6.30963E-07 1.06946E-04 
5.30338E-07 5.24688E-07 1.68767E-04 7.01056E-05 2.12795E-04 7.66515E-04 7.46831E-03 3.00260E-06 5.24688E-07 5.30338E-07 8.36470E-05 
3.83197E-07 3.16721E-07 1.46044E-04 7.11571E-05 1.99368E-04 6.82025E-04 6.61508E-03 3.25081E-06 3.16721E-07 3.83197E-07 6.07961E-05 
1.99335E-07 6.90088E-08 1.26054E-04 7.12470E-05 1.86085E-04 6.05784E-04 5.84593E-03 3.37634E-06 6.90088E-08 1.99335E-07 3.92630E-05 
-7.80648E-09 -2.02558E-07 1.08520E-04 7.05266E-05 1.73053E-04 5.37158E-04 5.15472E-03 3.39273E-06 -2.02558E-07 -7.80648E-09 1.99717E-05 
-2.21599E-07 -4.78832E-07 9.31898E-05 6.91408E-05 1.60370E-04 4.75539E-04 4.53544E-03 3.31843E-06 -4.78832E-07 -2.21599E-07 3.84073E-06 
-4.22926E-07 -7.38174E-07 7.98317E-05 6.72265E-05 1.48124E-04 4.20349E-04 3.98221E-03 3.17598E-06 -7.38174E-07 -4.22926E-07 -8.28058E-06 
3.42834E-08 -1.59549E-07 7.97013E-04 -8.84786E-05 4.80289E-04 3.14491E-03 3.36271E-02 -1.35256E-05 -1.59549E-07 3.42834E-08 5.53178E-05 
3.42834E-08 -1.59549E-07 7.21376E-04 -5.84982E-05 4.74829E-04 2.90802E-03 3.10807E-02 -1.29681E-05 -1.59549E-07 3.42834E-08 7.63781E-05 
3.42834E-08 -3.99749E-08 6.52314E-04 -3.18105E-05 4.67816E-04 2.68762E-03 2.87019E-02 -1.23259E-05 -3.99749E-08 3.42834E-08 9.34315E-05 
3.42834E-08 -1.11176E-07 5.89286E-04 -8.16836E-06 4.59418E-04 2.48252E-03 2.64798E-02 -1.16021E-05 -1.11176E-07 3.42834E-08 1.07570E-04 
3.42834E-08 -1.52885E-07 5.31040E-04 1.29441E-05 4.49693E-04 2.28915E-03 2.43779E-02 -1.07957E-05 -1.52885E-07 3.42834E-08 1.18708E-04 
3.42834E-08 -1.65641E-07 4.77417E-04 3.16066E-05 4.38763E-04 2.10736E-03 2.23959E-02 -9.91423E-06 -1.65641E-07 3.42834E-08 1.27504E-04 
3.42834E-08 -1.50264E-07 4.28226E-04 4.79177E-05 4.26756E-04 1.93689E-03 2.05325E-02 -8.96628E-06 -1.50264E-07 3.42834E-08 1.34445E-04 
3.42834E-08 -1.19956E-07 3.93075E-04 5.89956E-05 4.16809E-04 1.81257E-03 1.91710E-02 -8.19340E-06 -1.19956E-07 3.42834E-08 1.38748E-04 
3.42834E-08 -1.08217E-07 3.83261E-04 6.19894E-05 4.13803E-04 1.77744E-03 1.87859E-02 -7.96174E-06 -1.08217E-07 3.42834E-08 1.39844E-04 
3.42834E-08 -3.58130E-08 3.39260E-04 7.47954E-05 3.98930E-04 1.61747E-03 1.70305E-02 -6.82840E-06 -3.58130E-08 3.42834E-08 1.44106E-04 
3.42834E-08 6.01478E-08 2.99626E-04 8.53073E-05 3.83279E-04 1.46941E-03 1.54038E-02 -5.65908E-06 6.01478E-08 3.42834E-08 1.46748E-04 
3.42834E-08 1.73278E-07 2.64058E-04 9.36982E-05 3.67011E-04 1.33274E-03 1.39013E-02 -4.47236E-06 1.73278E-07 3.42834E-08 1.47621E-04 
3.42834E-08 2.95457E-07 2.32252E-04 1.00145E-04 3.50283E-04 1.20688E-03 1.25178E-02 -3.28871E-06 2.95457E-07 3.42834E-08 1.46480E-04 
1.84582E-07 5.19903E-07 2.04316E-04 1.04878E-04 3.33518E-04 1.09260E-03 1.12615E-02 -2.03924E-06 5.19903E-07 1.84582E-07 1.42401E-04 
3.80865E-07 7.23401E-07 1.79358E-04 1.08053E-04 3.16494E-04 9.87290E-04 1.01056E-02 -8.43031E-07 7.23401E-07 3.80865E-07 1.35727E-04 
5.38162E-07 8.71434E-07 1.57054E-04 1.09799E-04 2.99273E-04 8.90238E-04 9.04317E-03 2.56391E-07 8.71434E-07 5.38162E-07 1.26478E-04 
6.47126E-07 9.55454E-07 1.37190E-04 1.10258E-04 2.81982E-04 8.01059E-04 8.07034E-03 1.23881E-06 9.55454E-07 6.47126E-07 1.14644E-04 
7.00640E-07 9.69547E-07 1.19555E-04 1.09575E-04 2.64743E-04 7.19351E-04 7.18294E-03 2.08745E-06 9.69547E-07 7.00640E-07 1.00366E-04 
6.94464E-07 9.11054E-07 1.03942E-04 1.07894E-04 2.47671E-04 6.44689E-04 6.37643E-03 2.78983E-06 9.11054E-07 6.94464E-07 8.39600E-05 
6.27796E-07 7.81116E-07 9.01535E-05 1.05359E-04 2.30872E-04 5.76648E-04 5.64608E-03 3.33856E-06 7.81116E-07 6.27796E-07 6.59319E-05 
5.03704E-07 5.85060E-07 7.80029E-05 1.02112E-04 2.14446E-04 5.14796E-04 4.98697E-03 3.73192E-06 5.85060E-07 5.03704E-07 4.69658E-05 
3.29353E-07 3.32572E-07 6.73183E-05 9.82876E-05 1.98485E-04 4.58712E-04 4.39416E-03 3.97422E-06 3.32572E-07 3.29353E-07 2.79014E-05 
1.15986E-07 3.76243E-08 5.79427E-05 9.40166E-05 1.83071E-04 4.07983E-04 3.86273E-03 4.07583E-06 3.76243E-08 1.15986E-07 9.69092E-06 
-1.21350E-07 -2.81873E-07 4.97354E-05 8.94217E-05 1.68277E-04 3.62211E-04 3.38782E-03 4.05290E-06 -2.81873E-07 -1.21350E-07 -6.65616E-06 
-3.64371E-07 -6.04708E-07 4.25715E-05 8.46175E-05 1.54169E-04 3.21019E-04 2.96475E-03 3.92673E-06 -6.04708E-07 -3.64371E-07 -2.01392E-05 
-5.92366E-07 -9.07257E-07 3.63415E-05 7.97092E-05 1.40801E-04 2.84046E-04 2.58897E-03 3.72286E-06 -9.07257E-07 -5.92366E-07 -2.98366E-05 
3.83373E-08 -1.08706E-07 3.50426E-04 1.16310E-04 5.93661E-04 2.07295E-03 2.34043E-02 -1.58177E-05 -1.08706E-07 3.83373E-08 -3.92195E-05 
3.83373E-08 -1.08706E-07 3.15087E-04 1.30959E-04 5.76160E-04 1.92090E-03 2.15480E-02 -1.50476E-05 -1.08706E-07 3.83373E-08 -1.87584E-05 
3.83373E-08 -3.28774E-08 2.83068E-04 1.43076E-04 5.57933E-04 1.77919E-03 1.98211E-02 -1.41898E-05 -3.28774E-08 3.83373E-08 -1.42797E-06 
3.83373E-08 -8.63171E-08 2.54082E-04 1.52888E-04 5.39109E-04 1.64707E-03 1.82147E-02 -1.32478E-05 -8.63171E-08 3.83373E-08 1.38312E-05 
3.83373E-08 -1.08201E-07 2.27517E-04 1.60725E-04 5.19582E-04 1.52226E-03 1.67016E-02 -1.22192E-05 -1.08201E-07 3.83373E-08 2.71457E-05 
3.83373E-08 -9.90531E-08 2.03273E-04 1.66698E-04 4.99483E-04 1.40468E-03 1.52809E-02 -1.11130E-05 -9.90531E-08 3.83373E-08 3.90671E-05 
3.83373E-08 -5.99795E-08 1.81236E-04 1.70929E-04 4.78943E-04 1.29417E-03 1.39511E-02 -9.93979E-06 -5.99795E-08 3.83373E-08 4.99501E-05 
3.83373E-08 -1.04582E-08 1.65623E-04 1.73091E-04 4.62830E-04 1.21340E-03 1.29833E-02 -8.99370E-06 -1.04582E-08 3.83373E-08 5.77669E-05 
3.83373E-08 6.98756E-09 1.61286E-04 1.73550E-04 4.58091E-04 1.19056E-03 1.27102E-02 -8.71176E-06 6.98756E-09 3.83373E-08 5.99555E-05 
3.83373E-08 1.06688E-07 1.41965E-04 1.74727E-04 4.35403E-04 1.08633E-03 1.14689E-02 -7.34225E-06 1.06688E-07 3.83373E-08 6.97392E-05 
3.83373E-08 2.29137E-07 1.24756E-04 1.74364E-04 4.12649E-04 9.89582E-04 1.03243E-02 -5.94501E-06 2.29137E-07 3.83373E-08 7.82717E-05 
3.83373E-08 3.66491E-07 1.09490E-04 1.72635E-04 3.89970E-04 9.00002E-04 9.27246E-03 -4.54200E-06 3.66491E-07 3.83373E-08 8.51973E-05 
3.83373E-08 5.09099E-07 9.59984E-05 1.69711E-04 3.67495E-04 8.17248E-04 8.30889E-03 -3.15705E-06 5.09099E-07 3.83373E-08 9.00786E-05 
2.05382E-07 7.52941E-07 8.43499E-05 1.65905E-04 3.45679E-04 7.41889E-04 7.43848E-03 -1.72213E-06 7.52941E-07 2.05382E-07 9.17355E-05 
4.20544E-07 9.67173E-07 7.40569E-05 1.61211E-04 3.24174E-04 6.72206E-04 6.64189E-03 -3.62557E-07 9.67173E-07 4.20544E-07 9.04910E-05 
5.89230E-07 1.11554E-06 6.49360E-05 1.55726E-04 3.03004E-04 6.07739E-04 5.91354E-03 8.75424E-07 1.11554E-06 5.89230E-07 8.62728E-05 
7.01619E-07 1.18929E-06 5.68693E-05 1.49582E-04 2.82273E-04 5.48265E-04 5.25022E-03 1.97010E-06 1.18929E-06 7.01619E-07 7.89917E-05 
7.50485E-07 1.18271E-06 4.97429E-05 1.42908E-04 2.62073E-04 4.93548E-04 4.64847E-03 2.90389E-06 1.18271E-06 7.50485E-07 6.87438E-05 
7.31889E-07 1.09381E-06 4.34495E-05 1.35829E-04 2.42490E-04 4.43338E-04 4.10461E-03 3.66423E-06 1.09381E-06 7.31889E-07 5.58368E-05 
6.45756E-07 9.24868E-07 3.78902E-05 1.28464E-04 2.23599E-04 3.97382E-04 3.61488E-03 4.24444E-06 9.24868E-07 6.45756E-07 4.07973E-05 
4.96281E-07 6.82763E-07 3.29759E-05 1.20926E-04 2.05467E-04 3.55427E-04 3.17544E-03 4.64427E-06 6.82763E-07 4.96281E-07 2.43586E-05 
2.92099E-07 3.79106E-07 2.86286E-05 1.13320E-04 1.88152E-04 3.17223E-04 2.78250E-03 4.87015E-06 3.79106E-07 2.92099E-07 7.42778E-06 
4.61827E-08 3.00552E-08 2.47815E-05 1.05742E-04 1.71702E-04 2.82524E-04 2.43231E-03 4.93515E-06 3.00552E-08 4.61827E-08 -8.96427E-06 
-2.24542E-07 -3.44139E-07 2.13791E-05 9.82832E-05 1.56158E-04 2.51095E-04 2.12122E-03 4.85856E-06 -3.44139E-07 -2.24542E-07 -2.37260E-05 
-4.99886E-07 -7.19918E-07 1.83764E-05 9.10218E-05 1.41554E-04 2.22711E-04 1.84576E-03 4.66509E-06 -7.19918E-07 -4.99886E-07 -3.57793E-05 
-7.57325E-07 -1.07143E-06 1.57385E-05 8.40285E-05 1.27914E-04 1.97158E-04 1.60258E-03 4.38382E-06 -1.07143E-06 -7.57325E-07 -4.41355E-05 
4.32295E-08 -5.06490E-08 1.26097E-04 2.85722E-04 6.64513E-04 1.41698E-03 1.55163E-02 -1.83089E-05 -5.06490E-08 4.32295E-08 -7.77719E-05 
4.32295E-08 -5.06490E-08 1.12373E-04 2.85665E-04 6.37105E-04 1.31772E-03 1.42267E-02 -1.72938E-05 -5.06490E-08 4.32295E-08 -6.35841E-05 
4.32295E-08 -2.58517E-08 1.00092E-04 2.83949E-04 6.09767E-04 1.22478E-03 1.30322E-02 -1.61854E-05 -2.58517E-08 4.32295E-08 -5.07341E-05 
4.32295E-08 -5.97098E-08 8.91232E-05 2.80772E-04 5.82586E-04 1.13771E-03 1.19261E-02 -1.49887E-05 -5.97098E-08 4.32295E-08 -3.83625E-05 
4.32295E-08 -5.77729E-08 7.92145E-05 2.76274E-04 5.55314E-04 1.05507E-03 1.08889E-02 -1.37005E-05 -5.77729E-08 4.32295E-08 -2.63678E-05 
4.32295E-08 -2.12311E-08 7.03115E-05 2.70585E-04 5.28083E-04 9.76835E-04 9.91943E-03 -1.23324E-05 -2.12311E-08 4.32295E-08 -1.43938E-05 
4.32295E-08 4.79107E-08 6.23548E-05 2.63844E-04 5.01016E-04 9.02949E-04 9.01618E-03 -1.08977E-05 4.79107E-08 4.32295E-08 -2.29486E-06 
4.32295E-08 1.21834E-07 5.68084E-05 2.57993E-04 4.80263E-04 8.48715E-04 8.36156E-03 -9.75154E-06 1.21834E-07 4.32295E-08 7.12352E-06 
4.32295E-08 1.46508E-07 5.52823E-05 2.56187E-04 4.74234E-04 8.33334E-04 8.17728E-03 -9.41168E-06 1.46508E-07 4.32295E-08 9.87287E-06 
4.32295E-08 2.80580E-07 4.85717E-05 2.47064E-04 4.45802E-04 7.62944E-04 7.34229E-03 -7.77144E-06 2.80580E-07 4.32295E-08 2.27979E-05 
4.32295E-08 4.35941E-07 4.27285E-05 2.37205E-04 4.17956E-04 6.97259E-04 6.57645E-03 -6.11511E-06 4.35941E-07 4.32295E-08 3.50523E-05 
4.32295E-08 6.02896E-07 3.76664E-05 2.26771E-04 3.90807E-04 6.36113E-04 5.87639E-03 -4.46862E-06 6.02896E-07 4.32295E-08 4.60297E-05 
4.32295E-08 7.69967E-07 3.32994E-05 2.15913E-04 3.64454E-04 5.79325E-04 5.23858E-03 -2.85951E-06 7.69967E-07 4.32295E-08 5.50669E-05 
2.30531E-07 1.03482E-06 2.96945E-05 2.05001E-04 3.39354E-04 5.27374E-04 4.66567E-03 -1.22200E-06 1.03482E-06 2.30531E-07 6.07101E-05 
4.68698E-07 1.25980E-06 2.65759E-05 1.93871E-04 3.15058E-04 4.79081E-04 4.14424E-03 3.13487E-07 1.25980E-06 4.68698E-07 6.32287E-05 
6.51564E-07 1.40707E-06 2.38410E-05 1.82584E-04 2.91552E-04 4.34158E-04 3.67014E-03 1.69816E-06 1.40707E-06 6.51564E-07 6.24486E-05 
7.68813E-07 1.46767E-06 2.14292E-05 1.71250E-04 2.68909E-04 3.92491E-04 3.24082E-03 2.90884E-06 1.46767E-06 7.68813E-07 5.81971E-05 
8.13179E-07 1.43623E-06 1.92849E-05 1.59971E-04 2.47191E-04 3.53951E-04 2.85359E-03 3.92730E-06 1.43623E-06 8.13179E-07 5.05261E-05 
7.81170E-07 1.31163E-06 1.73588E-05 1.48843E-04 2.26451E-04 3.18401E-04 2.50566E-03 4.74125E-06 1.31163E-06 7.81170E-07 3.97367E-05 
6.73640E-07 1.09751E-06 1.56089E-05 1.37951E-04 2.06730E-04 2.85698E-04 2.19421E-03 5.34510E-06 1.09751E-06 6.73640E-07 2.63823E-05 
4.96151E-07 8.02610E-07 1.40014E-05 1.27372E-04 1.88062E-04 2.55700E-04 1.91642E-03 5.74054E-06 8.02610E-07 4.96151E-07 1.12498E-05 
2.59077E-07 4.40783E-07 1.25112E-05 1.17176E-04 1.70470E-04 2.28262E-04 1.66954E-03 5.93669E-06 4.40783E-07 2.59077E-07 -4.68059E-06 
-2.26130E-08 3.06884E-08 1.11216E-05 1.07422E-04 1.53974E-04 2.03242E-04 1.45086E-03 5.94988E-06 3.06884E-08 -2.26130E-08 -2.02948E-05 
-3.29861E-07 -4.04795E-07 9.82406E-06 9.81618E-05 1.38582E-04 1.80502E-04 1.25782E-03 5.80313E-06 -4.04795E-07 -3.29861E-07 -3.44161E-05 
-6.40346E-07 -8.39497E-07 8.61738E-06 8.94372E-05 1.24298E-04 1.59908E-04 1.08797E-03 5.52512E-06 -8.39497E-07 -6.40346E-07 -4.58874E-05 
-9.29555E-07 -1.24512E-06 7.50631E-06 8.12825E-05 1.11121E-04 1.41332E-04 9.39000E-04 5.14896E-06 -1.24512E-06 -9.29555E-07 -5.36541E-05 
4.88154E-08 1.97774E-08 2.98332E-05 4.15775E-04 6.96112E-04 1.03668E-03 9.67497E-03 -2.10026E-05 1.97774E-08 4.88154E-08 -9.46530E-05 
4.88154E-08 1.97774E-08 2.60834E-05 4.02110E-04 6.60940E-04 9.67232E-04 8.83208E-03 -1.96994E-05 1.97774E-08 4.88154E-08 -8.78058E-05 
4.88154E-08 -1.75874E-08 2.28483E-05 3.87753E-04 6.26594E-04 9.01760E-04 8.05505E-03 -1.82972E-05 -1.75874E-08 4.88154E-08 -8.03155E-05 
4.88154E-08 -2.77892E-08 2.00825E-05 3.72860E-04 5.93119E-04 8.40029E-04 7.33891E-03 -1.68028E-05 -2.77892E-08 4.88154E-08 -7.15678E-05 
4.88154E-08 3.30705E-09 1.77046E-05 3.57384E-04 5.60143E-04 7.81077E-04 6.67051E-03 -1.52126E-05 3.30705E-09 4.88154E-08 -6.15928E-05 
4.88154E-08 7.33539E-08 1.56889E-05 3.41463E-04 5.27791E-04 7.24934E-04 6.04878E-03 -1.35415E-05 7.33539E-08 4.88154E-08 -5.02480E-05 
4.88154E-08 1.78992E-07 1.40075E-05 3.25236E-04 4.96172E-04 6.71603E-04 5.47235E-03 -1.18061E-05 1.78992E-07 4.88154E-08 -3.76108E-05 
4.88154E-08 2.82243E-07 1.29170E-05 3.12555E-04 4.72275E-04 6.32263E-04 5.05643E-03 -1.04312E-05 2.82243E-07 4.88154E-08 -2.71189E-05 
4.88154E-08 3.15550E-07 1.26306E-05 3.08836E-04 4.65389E-04 6.21075E-04 4.93965E-03 -1.00254E-05 3.15550E-07 4.88154E-08 -2.39644E-05 
4.88154E-08 4.90288E-07 1.14511E-05 2.91102E-04 4.33233E-04 5.69704E-04 4.41221E-03 -8.07852E-06 4.90288E-07 4.88154E-08 -8.65007E-06 
4.88154E-08 6.83924E-07 1.05479E-05 2.73458E-04 4.02244E-04 5.21505E-04 3.93114E-03 -6.13141E-06 6.83924E-07 4.88154E-08 6.55293E-06 
4.88154E-08 8.84595E-07 9.87821E-06 2.56035E-04 3.72498E-04 4.76407E-04 3.49387E-03 -4.21441E-06 8.84595E-07 4.88154E-08 2.07853E-05 
4.88154E-08 1.07877E-06 9.39847E-06 2.38953E-04 3.44054E-04 4.34321E-04 3.09777E-03 -2.35914E-06 1.07877E-06 4.88154E-08 3.31573E-05 
2.59187E-07 1.36498E-06 9.18303E-06 2.22604E-04 3.17351E-04 3.95677E-04 2.74409E-03 -5.03107E-07 1.36498E-06 2.59187E-07 4.19494E-05 
5.23374E-07 1.59941E-06 9.05009E-06 2.06683E-04 2.91860E-04 3.59601E-04 2.42407E-03 1.21913E-06 1.59941E-06 5.23374E-07 4.73699E-05 
7.22056E-07 1.74273E-06 8.93599E-06 1.91204E-04 2.67528E-04 3.25901E-04 2.13478E-03 2.75640E-06 1.74273E-06 7.22056E-07 4.91483E-05 
8.44450E-07 1.78591E-06 8.80967E-06 1.76244E-04 2.44396E-04 2.94521E-04 1.87438E-03 4.08420E-06 1.78591E-06 8.44450E-07 4.70374E-05 
8.83363E-07 1.72405E-06 8.64504E-06 1.61871E-04 2.22489E-04 2.65391E-04 1.64091E-03 5.18395E-06 1.72405E-06 8.83363E-07 4.10553E-05 
8.35928E-07 1.55713E-06 8.42197E-06 1.48139E-04 2.01827E-04 2.38433E-04 1.43242E-03 6.04397E-06 1.55713E-06 8.35928E-07 3.15077E-05 
7.04161E-07 1.29049E-06 8.12705E-06 1.35097E-04 1.82416E-04 2.13564E-04 1.24694E-03 6.66030E-06 1.29049E-06 7.04161E-07 1.89870E-05 
4.95266E-07 9.35040E-07 7.75410E-06 1.22779E-04 1.64257E-04 1.90697E-04 1.08254E-03 7.03714E-06 9.35040E-07 4.95266E-07 4.34526E-06 
2.21636E-07 5.07202E-07 7.30423E-06 1.11214E-04 1.47342E-04 1.69743E-04 9.37352E-04 7.18691E-06 5.07202E-07 2.21636E-07 -1.13539E-05 
-9.94849E-08 2.84735E-08 6.78558E-06 1.00422E-04 1.31661E-04 1.50612E-04 8.09583E-04 7.12986E-06 2.84735E-08 -9.94849E-08 -2.69035E-05 
-4.46645E-07 -4.75330E-07 6.21273E-06 9.04140E-05 1.17195E-04 1.33218E-04 6.97534E-04 6.89335E-06 -4.75330E-07 -4.46645E-07 -4.10349E-05 
-7.95174E-07 -9.75167E-07 5.60563E-06 8.11964E-05 1.03924E-04 1.17471E-04 5.99607E-04 6.51065E-06 -9.75167E-07 -7.95174E-07 -5.25070E-05 
-1.11839E-06 -1.44009E-06 4.98832E-06 7.27675E-05 9.18223E-05 1.03289E-04 5.14313E-04 6.01946E-06 -1.44009E-06 -1.11839E-06 -6.01969E-05 
5.50047E-08 1.06170E-07 -3.25212E-06 5.01553E-04 6.91145E-04 8.22779E-04 5.59861E-03 -2.38802E-05 1.06170E-07 5.50047E-08 -1.06484E-04 
5.50047E-08 1.06170E-07 -3.16958E-06 4.75999E-04 6.50379E-04 7.67945E-04 5.08781E-03 -2.22388E-05 1.06170E-07 5.50047E-08 -1.06045E-04 
5.50047E-08 -7.21883E-09 -2.95439E-06 4.50787E-04 6.11154E-04 7.16019E-04 4.61919E-03 -2.04933E-05 -7.21883E-09 5.50047E-08 -1.03128E-04 
5.50047E-08 1.18557E-08 -2.61568E-06 4.26016E-04 5.73465E-04 6.66871E-04 4.18938E-03 -1.86536E-05 1.18557E-08 5.50047E-08 -9.73463E-05 
5.50047E-08 7.84388E-08 -2.16620E-06 4.01457E-04 5.36842E-04 6.19776E-04 3.79015E-03 -1.67152E-05 7.84388E-08 5.50047E-08 -8.88926E-05 
5.50047E-08 1.88628E-07 -1.61849E-06 3.77245E-04 5.01389E-04 5.74792E-04 3.42063E-03 -1.46970E-05 1.88628E-07 5.50047E-08 -7.78219E-05 
5.50047E-08 3.37334E-07 -9.86246E-07 3.53500E-04 4.67194E-04 5.31953E-04 3.07975E-03 -1.26200E-05 3.37334E-07 5.50047E-08 -6.44192E-05 
5.50047E-08 4.74729E-07 -4.48552E-07 3.35521E-04 4.41646E-04 5.00293E-04 2.83490E-03 -1.09869E-05 4.74729E-07 5.50047E-08 -5.27569E-05 
5.50047E-08 5.18007E-07 -2.84555E-07 3.30337E-04 4.34331E-04 4.91282E-04 2.76633E-03 -1.05070E-05 5.18007E-07 5.50047E-08 -4.91810E-05 
5.50047E-08 7.39225E-07 5.30724E-07 3.06126E-04 4.00455E-04 4.49861E-04 2.45769E-03 -8.21712E-06 7.39225E-07 5.50047E-08 -3.14696E-05 
5.50047E-08 9.75774E-07 1.38465E-06 2.82811E-04 3.68247E-04 4.10948E-04 2.17778E-03 -5.94801E-06 9.75774E-07 5.50047E-08 -1.34156E-05 
5.50047E-08 1.21337E-06 2.25274E-06 2.60480E-04 3.37740E-04 3.74509E-04 1.92483E-03 -3.73468E-06 1.21337E-06 5.50047E-08 3.87995E-06 
5.50047E-08 1.43624E-06 3.10922E-06 2.39202E-04 3.08945E-04 3.40492E-04 1.69704E-03 -1.61307E-06 1.43624E-06 5.50047E-08 1.93114E-05 
2.90808E-07 1.74320E-06 4.03523E-06 2.19360E-04 2.82262E-04 3.09283E-04 1.49492E-03 4.75248E-07 1.74320E-06 2.90808E-07 3.09069E-05 
5.83277E-07 1.98469E-06 4.88135E-06 2.00527E-04 2.57104E-04 2.80157E-04 1.31312E-03 2.39238E-06 1.98469E-06 5.83277E-07 3.88171E-05 
7.98596E-07 2.12010E-06 5.59953E-06 1.82664E-04 2.33380E-04 2.52961E-04 1.14977E-03 4.08505E-06 2.12010E-06 7.98596E-07 4.26847E-05 
9.25591E-07 2.14041E-06 6.17159E-06 1.65805E-04 2.11091E-04 2.27656E-04 1.00361E-03 5.52766E-06 2.14041E-06 9.25591E-07 4.22003E-05 
9.57298E-07 2.04148E-06 6.58448E-06 1.49973E-04 1.90229E-04 2.04191E-04 8.73366E-04 6.70162E-06 2.04148E-06 9.57298E-07 3.73610E-05 
8.91692E-07 1.82464E-06 6.83112E-06 1.35180E-04 1.70775E-04 1.82507E-04 7.57775E-04 7.59640E-06 1.82464E-06 8.91692E-07 2.84913E-05 
7.32218E-07 1.49724E-06 6.91101E-06 1.21426E-04 1.52704E-04 1.62540E-04 6.55587E-04 8.21022E-06 1.49724E-06 7.32218E-07 1.62360E-05 
4.88010E-07 1.07272E-06 6.83058E-06 1.08705E-04 1.35984E-04 1.44221E-04 5.65591E-04 8.55047E-06 1.07272E-06 4.88010E-07 1.52645E-06 
1.73782E-07 5.70453E-07 6.60306E-06 9.70027E-05 1.20580E-04 1.27481E-04 4.86628E-04 8.63353E-06 5.70453E-07 1.73782E-07 -1.44773E-05 
-1.90656E-07 1.51049E-08 6.24813E-06 8.62983E-05 1.06455E-04 1.12250E-04 4.17601E-04 8.48432E-06 1.51049E-08 -1.90656E-07 -3.04647E-05 
-5.81202E-07 -5.64263E-07 5.79109E-06 7.65674E-05 9.35684E-05 9.84575E-05 3.57484E-04 8.13521E-06 -5.64263E-07 -5.81202E-07 -4.50653E-05 
-9.70615E-07 -1.13548E-06 5.26171E-06 6.77809E-05 8.18797E-05 8.60351E-05 3.05322E-04 7.62471E-06 -1.13548E-06 -9.70615E-07 -5.69481E-05 
-1.32989E-06 -1.66476E-06 4.69284E-06 5.99061E-05 7.13464E-05 7.49149E-05 2.60233E-04 6.99572E-06 -1.66476E-06 -1.32989E-06 -6.49180E-05 
6.17489E-08 2.11342E-07 -1.06493E-05 5.37759E-04 6.51087E-04 6.91756E-04 2.96880E-03 -2.69122E-05 2.11342E-07 6.17489E-08 -1.20197E-04 
6.17489E-08 2.11342E-07 -9.34759E-06 5.02820E-04 6.07011E-04 6.42980E-04 2.68604E-03 -2.48759E-05 2.11342E-07 6.17489E-08 -1.24740E-04 
6.17489E-08 5.87020E-09 -8.04986E-06 4.69279E-04 5.65148E-04 5.96896E-04 2.42780E-03 -2.27328E-05 5.87020E-09 6.17489E-08 -1.25197E-04 
6.17489E-08 6.10117E-08 -6.75161E-06 4.37158E-04 5.25437E-04 5.53396E-04 2.19202E-03 -2.04958E-05 6.10117E-08 6.17489E-08 -1.21362E-04 
6.17489E-08 1.70249E-07 -5.44335E-06 4.06067E-04 4.87326E-04 5.11840E-04 1.97401E-03 -1.81597E-05 1.70249E-07 6.17489E-08 -1.13596E-04 
6.17489E-08 3.27759E-07 -4.13266E-06 3.76114E-04 4.50889E-04 4.72285E-04 1.77317E-03 -1.57481E-05 3.27759E-07 6.17489E-08 -1.02123E-04 
6.17489E-08 5.26372E-07 -2.82794E-06 3.47387E-04 4.16179E-04 4.34762E-04 1.58878E-03 -1.32866E-05 5.26372E-07 6.17489E-08 -8.74163E-05 
6.17489E-08 7.02766E-07 -1.82868E-06 3.26049E-04 3.90530E-04 4.07136E-04 1.45691E-03 -1.13652E-05 7.02766E-07 6.17489E-08 -7.42503E-05 
6.17489E-08 7.57341E-07 -1.53901E-06 3.19961E-04 3.83231E-04 3.99291E-04 1.42007E-03 -1.08028E-05 7.57341E-07 6.17489E-08 -7.01684E-05 
6.17489E-08 1.03063E-06 -1.79943E-07 2.91911E-04 3.49702E-04 3.63340E-04 1.25479E-03 -8.13368E-06 1.03063E-06 6.17489E-08 -4.97296E-05 
6.17489E-08 1.31429E-06 1.13144E-06 2.65489E-04 3.18244E-04 3.29749E-04 1.10572E-03 -5.51207E-06 1.31429E-06 6.17489E-08 -2.86071E-05 
6.17489E-08 1.59139E-06 2.37711E-06 2.40720E-04 2.88837E-04 2.98473E-04 9.71774E-04 -2.97807E-06 1.59139E-06 6.17489E-08 -8.13388E-06 
6.17489E-08 1.84377E-06 3.53760E-06 2.17609E-04 2.61441E-04 2.69453E-04 8.51841E-04 -5.72057E-07 1.84377E-06 6.17489E-08 1.03765E-05 
3.25079E-07 2.17004E-06 4.69928E-06 1.96497E-04 2.36391E-04 2.43019E-04 7.46115E-04 1.75969E-06 2.17004E-06 3.25079E-07 2.47090E-05 
6.47592E-07 2.41532E-06 5.71929E-06 1.76859E-04 2.13068E-04 2.18504E-04 6.51576E-04 3.87675E-06 2.41532E-06 6.47592E-07 3.49614E-05 
8.79780E-07 2.53786E-06 6.55511E-06 1.58599E-04 1.91340E-04 1.95758E-04 5.67118E-04 5.72407E-06 2.53786E-06 8.79780E-07 4.06988E-05 
1.01020E-06 2.52888E-06 7.19417E-06 1.41702E-04 1.71169E-04 1.74728E-04 4.91994E-04 7.27527E-06 2.52888E-06 1.01020E-06 4.15596E-05 
1.03232E-06 2.38520E-06 7.62939E-06 1.26143E-04 1.52511E-04 1.55355E-04 4.25452E-04 8.51225E-06 2.38520E-06 1.03232E-06 3.75327E-05 
9.45204E-07 2.10989E-06 7.85990E-06 1.11883E-04 1.35310E-04 1.37571E-04 3.66755E-04 9.42619E-06 2.10989E-06 9.45204E-07 2.89746E-05 
7.54024E-07 1.71264E-06 7.89159E-06 9.88801E-05 1.19511E-04 1.21307E-04 3.15187E-04 1.00182E-05 1.71264E-06 7.54024E-07 1.65974E-05 
4.70164E-07 1.20984E-06 7.73727E-06 8.70833E-05 1.05056E-04 1.06490E-04 2.70062E-04 1.02996E-05 1.20984E-06 4.70164E-07 1.42599E-06 
1.10976E-07 6.24161E-07 7.41648E-06 7.64397E-05 9.18841E-05 9.30505E-05 2.30734E-04 1.02916E-05 6.24161E-07 1.10976E-07 -1.52691E-05 
-3.00861E-07 -1.61921E-08 6.95495E-06 6.68939E-05 7.99393E-05 8.09175E-05 1.96596E-04 1.00244E-05 -1.61921E-08 -3.00861E-07 -3.20608E-05 
-7.38332E-07 -6.78597E-07 6.38365E-06 5.83896E-05 6.91654E-05 7.00243E-05 1.67090E-04 9.53625E-06 -6.78597E-07 -7.38332E-07 -4.74672E-05 
-1.17142E-06 -1.32750E-06 5.73749E-06 5.08700E-05 5.95088E-05 6.03059E-05 1.41701E-04 8.87156E-06 -1.32750E-06 -1.17142E-06 -6.00592E-05 
-1.56862E-06 -1.92607E-06 5.05381E-06 4.42785E-05 5.09173E-05 5.17000E-05 1.19958E-04 8.07904E-06 -1.92607E-06 -1.56862E-06 -6.85647E-05 
6.90194E-08 3.37768E-07 -9.16334E-06 5.17956E-04 5.74559E-04 5.83651E-04 1.44282E-03 -3.00557E-05 3.37768E-07 6.90194E-08 -1.38023E-04 
6.90194E-08 3.37768E-07 -7.51668E-06 4.77260E-04 5.29921E-04 5.37794E-04 1.30003E-03 -2.75626E-05 3.37768E-07 6.90194E-08 -1.46327E-04 
6.90194E-08 2.21792E-08 -5.93239E-06 4.38955E-04 4.88097E-04 4.94870E-04 1.17004E-03 -2.49629E-05 2.21792E-08 6.90194E-08 -1.49102E-04 
6.90194E-08 1.21182E-07 -4.39980E-06 4.02970E-04 4.48958E-04 4.54741E-04 1.05179E-03 -2.22732E-05 1.21182E-07 6.90194E-08 -1.46290E-04 
6.90194E-08 2.81026E-07 -2.90265E-06 3.68782E-04 4.11895E-04 4.16773E-04 9.42836E-04 -1.94873E-05 2.81026E-07 6.90194E-08 -1.38410E-04 
6.90194E-08 4.93599E-07 -1.44609E-06 3.36450E-04 3.76936E-04 3.80990E-04 8.42838E-04 -1.66340E-05 4.93599E-07 6.90194E-08 -1.25842E-04 
6.90194E-08 7.49304E-07 -3.60148E-08 3.06008E-04 3.44082E-04 3.47392E-04 7.51395E-04 -1.37442E-05 7.49304E-07 6.90194E-08 -1.09233E-04 
6.90194E-08 9.69670E-07 1.01860E-06 2.83765E-04 3.20099E-04 3.22885E-04 6.86240E-04 -1.15039E-05 9.69670E-07 6.90194E-08 -9.41594E-05 
6.90194E-08 1.03688E-06 1.32034E-06 2.77477E-04 3.13321E-04 3.15962E-04 6.68079E-04 -1.08507E-05 1.03688E-06 6.90194E-08 -8.94626E-05 
6.90194E-08 1.36775E-06 2.71255E-06 2.48850E-04 2.82460E-04 2.84461E-04 5.86830E-04 -7.76661E-06 1.36775E-06 6.90194E-08 -6.58347E-05 
6.90194E-08 1.70242E-06 4.01912E-06 2.22415E-04 2.53933E-04 2.55372E-04 5.13920E-04 -4.76339E-06 1.70242E-06 6.90194E-08 -4.12737E-05 
6.90194E-08 2.02108E-06 5.22517E-06 1.98125E-04 2.27657E-04 2.28611E-04 4.48751E-04 -1.88649E-06 2.02108E-06 6.90194E-08 -1.73438E-05 
6.90194E-08 2.30310E-06 6.31437E-06 1.75911E-04 2.03536E-04 2.04077E-04 3.90727E-04 8.19175E-07 2.30310E-06 6.90194E-08 4.43439E-06 
3.61795E-07 2.64655E-06 7.37851E-06 1.56036E-04 1.81819E-04 1.82022E-04 3.39945E-04 3.40221E-06 2.64655E-06 3.61795E-07 2.16026E-05 
7.15742E-07 2.89148E-06 8.27303E-06 1.37916E-04 1.61880E-04 1.61809E-04 2.94806E-04 5.72043E-06 2.89148E-06 7.15742E-07 3.42105E-05 
9.64564E-07 2.99526E-06 8.95810E-06 1.21402E-04 1.43553E-04 1.43266E-04 2.54714E-04 7.71739E-06 2.99526E-06 9.64564E-07 4.17510E-05 
1.09672E-06 2.94958E-06 9.42497E-06 1.06427E-04 1.26761E-04 1.26313E-04 2.19265E-04 9.36641E-06 2.94958E-06 1.09672E-06 4.38190E-05 
1.10633E-06 2.75255E-06 9.67073E-06 9.29151E-05 1.11422E-04 1.10867E-04 1.88063E-04 1.06504E-05 2.75255E-06 1.10633E-06 4.04058E-05 
9.93847E-07 2.40930E-06 9.69891E-06 8.07854E-05 9.74537E-05 9.68411E-05 1.60718E-04 1.15631E-05 2.40930E-06 9.93847E-07 3.19135E-05 
7.66506E-07 1.93232E-06 9.51996E-06 6.99539E-05 8.47742E-05 8.41497E-05 1.36860E-04 1.21092E-05 1.93232E-06 7.66506E-07 1.91358E-05 
4.38281E-07 1.34133E-06 9.15131E-06 6.03360E-05 7.33050E-05 7.27104E-05 1.16139E-04 1.23048E-05 1.34133E-06 4.38281E-07 3.20698E-06 
2.95021E-08 6.62716E-07 8.61709E-06 5.18486E-05 6.29726E-05 6.24453E-05 9.82272E-05 1.21767E-05 6.62716E-07 2.95021E-08 -1.44771E-05 
-4.33974E-07 -7.13990E-08 7.94732E-06 4.44113E-05 5.37089E-05 5.32817E-05 8.28234E-05 1.17615E-05 -7.13990E-08 -4.33974E-07 -3.23596E-05 
-9.21948E-07 -8.24516E-07 7.17694E-06 3.79474E-05 4.54521E-05 4.51524E-05 6.96521E-05 1.11040E-05 -8.24516E-07 -9.21948E-07 -4.88353E-05 
-1.40140E-06 -1.55744E-06 6.34431E-06 3.23841E-05 3.81458E-05 3.79956E-05 5.84628E-05 1.02552E-05 -1.55744E-06 -1.40140E-06 -6.23682E-05 
-1.83822E-06 -2.23014E-06 5.48962E-06 2.76522E-05 3.17382E-05 3.17541E-05 4.90296E-05 9.27023E-06 -2.23014E-06 -1.83822E-06 -7.16038E-05 
7.67977E-08 4.87914E-07 -3.91219E-06 4.34239E-04 4.55953E-04 4.57499E-04 6.67193E-04 -3.32545E-05 4.87914E-07 7.67977E-08 -1.60434E-04 
7.67977E-08 4.87914E-07 -2.20662E-06 3.93177E-04 4.14718E-04 4.15936E-04 5.97753E-04 -3.02380E-05 4.87914E-07 7.67977E-08 -1.71662E-04 
7.67977E-08 4.21833E-08 -6.10036E-07 3.55258E-04 3.76714E-04 3.77622E-04 5.34693E-04 -2.71190E-05 4.21833E-08 7.67977E-08 -1.75978E-04 
7.67977E-08 1.93827E-07 8.94188E-07 3.20311E-04 3.41736E-04 3.42351E-04 4.77487E-04 -2.39180E-05 1.93827E-07 7.67977E-08 -1.73457E-04 
7.67977E-08 4.13036E-07 2.32546E-06 2.87730E-04 3.09155E-04 3.09489E-04 4.24951E-04 -2.06279E-05 4.13036E-07 7.67977E-08 -1.64780E-04 
7.67977E-08 6.89026E-07 3.68175E-06 2.57504E-04 2.78933E-04 2.79001E-04 3.76915E-04 -1.72834E-05 6.89026E-07 7.67977E-08 -1.50476E-04 
7.67977E-08 1.00941E-06 4.96035E-06 2.29598E-04 2.51011E-04 2.50829E-04 3.33178E-04 -1.39210E-05 1.00941E-06 7.67977E-08 -1.31367E-04 
7.67977E-08 1.27890E-06 5.89384E-06 2.09566E-04 2.30937E-04 2.30575E-04 3.02152E-04 -1.13316E-05 1.27890E-06 7.67977E-08 -1.13957E-04 
7.67977E-08 1.36010E-06 6.15721E-06 2.03961E-04 2.25313E-04 2.24900E-04 2.93527E-04 -1.05795E-05 1.36010E-06 7.67977E-08 -1.08526E-04 
7.67977E-08 1.75405E-06 7.34970E-06 1.78778E-04 1.99992E-04 1.99352E-04 2.55086E-04 -7.04578E-06 1.75405E-06 7.67977E-08 -8.11768E-05 
7.67977E-08 2.14336E-06 8.43152E-06 1.56043E-04 1.77020E-04 1.76180E-04 2.20828E-04 -3.63393E-06 2.14336E-06 7.67977E-08 -5.27170E-05 
7.67977E-08 2.50520E-06 9.39149E-06 1.35629E-04 1.56255E-04 1.55242E-04 1.90443E-04 -3.94799E-07 2.50520E-06 7.67977E-08 -2.49497E-05 
7.67977E-08 2.81637E-06 1.02169E-05 1.17399E-04 1.37544E-04 1.36388E-04 1.63621E-04 2.62220E-06 2.81637E-06 7.67977E-08 3.90610E-07 
4.00807E-07 3.17410E-06 1.10069E-05 1.01513E-04 1.21033E-04 1.19772E-04 1.40442E-04 5.46029E-06 3.17410E-06 4.00807E-07 2.05954E-05 
7.87266E-07 3.41370E-06 1.16128E-05 8.73825E-05 1.06133E-04 1.04800E-04 1.20042E-04 7.97630E-06 3.41370E-06 7.87266E-07 3.56692E-05 
1.05208E-06 3.49190E-06 1.19974E-05 7.48195E-05 9.26541E-05 9.12804E-05 1.02099E-04 1.01129E-05 3.49190E-06 1.05208E-06 4.50365E-05 
1.18380E-06 3.40113E-06 1.21563E-05 6.37136E-05 8.04871E-05 7.91066E-05 8.64004E-05 1.18437E-05 3.40113E-06 1.18380E-06 4.82554E-05 
1.17748E-06 3.14115E-06 1.20907E-05 5.39520E-05 6.95267E-05 6.81728E-05 7.27380E-05 1.31534E-05 3.14115E-06 1.17748E-06 4.53302E-05 
1.03531E-06 2.71960E-06 1.18087E-05 4.54232E-05 5.96725E-05 5.83781E-05 6.09119E-05 1.40389E-05 2.71960E-06 1.03531E-06 3.67220E-05 
7.66930E-07 2.15219E-06 1.13251E-05 3.80194E-05 5.08319E-05 4.96288E-05 5.07336E-05 1.45095E-05 2.15219E-06 7.66930E-07 2.33221E-05 
3.89283E-07 1.46241E-06 1.06616E-05 3.16385E-05 4.29218E-05 4.18399E-05 4.20283E-05 1.45871E-05 1.46241E-06 3.89283E-07 6.39034E-06 
-7.39643E-08 6.80810E-07 9.84629E-06 2.61857E-05 3.58693E-05 3.49357E-05 3.46361E-05 1.43050E-05 6.80810E-07 -7.39643E-08 -1.25358E-05 
-5.93452E-07 -1.56195E-07 8.91285E-06 2.15738E-05 2.96117E-05 2.88503E-05 2.84126E-05 1.37070E-05 -1.56195E-07 -5.93452E-07 -3.17547E-05 
-1.13552E-06 -1.00790E-06 7.89935E-06 1.77241E-05 2.40962E-05 2.35270E-05 2.32286E-05 1.28454E-05 -1.00790E-06 -1.13552E-06 -4.95254E-05 
-1.66396E-06 -1.83122E-06 6.84666E-06 1.45654E-05 1.92784E-05 1.89170E-05 1.89692E-05 1.17787E-05 -1.83122E-06 -1.66396E-06 -6.41959E-05 
-2.14188E-06 -2.58274E-06 5.79676E-06 1.20331E-05 1.51209E-05 1.49780E-05 1.55322E-05 1.05691E-05 -2.58274E-06 -2.14188E-06 -7.43229E-05 
8.50696E-08 6.64408E-07 4.71621E-06 2.80967E-04 2.88084E-04 2.88809E-04 3.03411E-04 -3.64382E-05 6.64408E-07 8.50696E-08 -1.87603E-04 
8.50696E-08 6.64408E-07 6.25947E-06 2.47470E-04 2.56494E-04 2.56988E-04 2.66894E-04 -3.28274E-05 6.64408E-07 8.50696E-08 -2.01196E-04 
8.50696E-08 6.63810E-08 7.64439E-06 2.17266E-04 2.28065E-04 2.28328E-04 2.34057E-04 -2.91229E-05 6.63810E-08 8.50696E-08 -2.06468E-04 
8.50696E-08 2.80490E-07 8.89564E-06 1.90102E-04 2.02527E-04 2.02564E-04 2.04600E-04 -2.53499E-05 2.80490E-07 8.50696E-08 -2.03627E-04 
8.50696E-08 5.68692E-07 1.00346E-05 1.65396E-04 1.79313E-04 1.79126E-04 1.77874E-04 -2.14997E-05 5.68692E-07 8.50696E-08 -1.93530E-04 
8.50696E-08 9.17122E-07 1.10645E-05 1.43061E-04 1.58315E-04 1.57908E-04 1.53763E-04 -1.76136E-05 9.17122E-07 8.50696E-08 -1.76868E-04 
8.50696E-08 1.31024E-06 1.19880E-05 1.22990E-04 1.39407E-04 1.38790E-04 1.32140E-04 -1.37346E-05 1.31024E-06 8.50696E-08 -1.54649E-04 
8.50696E-08 1.63419E-06 1.26302E-05 1.08938E-04 1.26128E-04 1.25356E-04 1.17026E-04 -1.07665E-05 1.63419E-06 8.50696E-08 -1.34446E-04 
8.50696E-08 1.73078E-06 1.28061E-05 1.05064E-04 1.22457E-04 1.21642E-04 1.12862E-04 -9.90758E-06 1.73078E-06 8.50696E-08 -1.28151E-04 
8.50696E-08 2.19330E-06 1.35695E-05 8.79910E-05 1.06213E-04 1.05200E-04 9.45315E-05 -5.89186E-06 2.19330E-06 8.50696E-08 -9.64940E-05 
8.50696E-08 2.64067E-06 1.42066E-05 7.30916E-05 9.18977E-05 9.07079E-05 7.85576E-05 -2.04732E-06 2.64067E-06 8.50696E-08 -6.36108E-05 
8.50696E-08 3.04686E-06 1.47117E-05 6.01873E-05 7.93265E-05 7.79841E-05 6.47387E-05 1.56964E-06 3.04686E-06 8.50696E-08 -3.15587E-05 
8.50696E-08 3.38604E-06 1.50773E-05 4.90972E-05 6.83156E-05 6.68480E-05 5.28730E-05 4.90519E-06 3.38604E-06 8.50696E-08 -2.29750E-06 
4.41989E-07 3.75438E-06 1.54128E-05 3.98798E-05 5.89162E-05 5.73596E-05 4.30059E-05 7.99713E-06 3.75438E-06 4.41989E-07 2.12032E-05 
8.61757E-07 3.98275E-06 1.55634E-05 3.20272E-05 5.06383E-05 4.90246E-05 3.46019E-05 1.07021E-05 3.98275E-06 8.61757E-07 3.89053E-05 
1.14151E-06 4.02753E-06 1.54955E-05 2.53457E-05 4.32973E-05 4.16589E-05 2.74530E-05 1.29625E-05 4.02753E-06 1.14151E-06 5.01675E-05 
1.27017E-06 3.88225E-06 1.52093E-05 1.97100E-05 3.67790E-05 3.51500E-05 2.14225E-05 1.47529E-05 3.88225E-06 1.27017E-06 5.45179E-05 
1.24404E-06 3.54874E-06 1.47111E-05 1.50011E-05 3.09804E-05 2.93951E-05 1.63808E-05 1.60606E-05 3.54874E-06 1.24404E-06 5.19851E-05 
1.06739E-06 3.03758E-06 1.40134E-05 1.11080E-05 2.58111E-05 2.43038E-05 1.22078E-05 1.68868E-05 3.03758E-06 1.06739E-06 4.31039E-05 
7.52682E-07 2.36818E-06 1.31352E-05 7.93044E-06 2.11952E-05 1.97993E-05 8.79503E-06 1.72463E-05 2.36818E-06 7.52682E-07 2.88798E-05 
3.20220E-07 1.56831E-06 1.21021E-05 5.37947E-06 1.70716E-05 1.58185E-05 6.04639E-06 1.71678E-05 1.56831E-06 3.20220E-07 1.07163E-05 
-2.02609E-07 6.73119E-07 1.09456E-05 3.37780E-06 1.33935E-05 1.23120E-05 3.87849E-06 1.66923E-05 6.73119E-07 -2.02609E-07 -9.69003E-06 
-7.82605E-07 -2.76284E-07 9.70206E-06 1.85951E-06 1.01276E-05 9.24285E-06 2.22023E-06 1.58718E-05 -2.76284E-07 -7.82605E-07 -3.04768E-05 
-1.38237E-06 -1.23465E-06 8.41158E-06 7.69176E-07 7.25204E-06 6.58514E-06 1.01187E-06 1.47668E-05 -1.23465E-06 -1.38237E-06 -4.97539E-05 
-1.96229E-06 -2.15476E-06 7.11632E-06 6.03585E-08 4.75423E-06 4.32151E-06 2.03414E-07 1.34443E-05 -2.15476E-06 -1.96229E-06 -6.57433E-05 
-2.48258E-06 -2.98967E-06 5.85873E-06 -3.06071E-07 2.62842E-06 2.44090E-06 -2.47136E-07 1.19743E-05 -2.98967E-06 -2.48258E-06 -7.69067E-05 
9.38127E-08 8.69844E-07 1.75945E-05 7.19108E-05 7.86148E-05 7.94827E-05 7.87493E-05 -3.95171E-05 8.69844E-07 9.38127E-08 -2.19900E-04 
9.38127E-08 8.69844E-07 1.86534E-05 5.59406E-05 6.51630E-05 6.57684E-05 6.18781E-05 -3.52380E-05 8.69844E-07 9.38127E-08 -2.35359E-04 
9.38127E-08 9.52772E-08 1.95053E-05 4.22557E-05 5.37799E-05 5.41234E-05 4.73821E-05 -3.08800E-05 9.52772E-08 9.38127E-08 -2.41027E-04 
9.38127E-08 3.82719E-07 2.01856E-05 3.06147E-05 4.42145E-05 4.43005E-05 3.50146E-05 -2.64730E-05 3.82719E-07 9.38127E-08 -2.37256E-04 
9.38127E-08 7.50383E-07 2.07158E-05 2.06422E-05 3.61166E-05 3.59474E-05 2.43867E-05 -2.20067E-05 7.50383E-07 9.38127E-08 -2.25106E-04 
9.38127E-08 1.18090E-06 2.11075E-05 1.22091E-05 2.93396E-05 2.89212E-05 1.53673E-05 -1.75297E-05 1.18090E-06 9.38127E-08 -2.05441E-04 
9.38127E-08 1.65519E-06 2.13712E-05 5.18204E-06 2.37357E-05 2.30776E-05 7.82086E-06 -1.30918E-05 1.65519E-06 9.38127E-08 -1.79471E-04 
9.38127E-08 2.03910E-06 2.14932E-05 6.25200E-07 2.01122E-05 1.92775E-05 2.90566E-06 -9.71741E-06 2.03910E-06 9.38127E-08 -1.55994E-04 
9.38127E-08 2.15250E-06 2.15159E-05 -5.72122E-07 1.91594E-05 1.82747E-05 1.61044E-06 -8.74446E-06 2.15250E-06 9.38127E-08 -1.48697E-04 
9.38127E-08 2.68901E-06 2.15463E-05 -5.50275E-06 1.52132E-05 1.41031E-05 -3.74598E-06 -4.21795E-06 2.68901E-06 9.38127E-08 -1.12110E-04 
9.38127E-08 3.19753E-06 2.14513E-05 -9.27043E-06 1.21265E-05 1.08146E-05 -7.87642E-06 7.88179E-08 3.19753E-06 9.38127E-08 -7.42440E-05 
9.38127E-08 3.64871E-06 2.12331E-05 -1.20324E-05 9.73901E-06 8.25284E-06 -1.09443E-05 4.08393E-06 3.64871E-06 9.38127E-08 -3.74283E-05 
9.38127E-08 4.01403E-06 2.08910E-05 -1.39383E-05 7.90300E-06 6.27365E-06 -1.31054E-05 7.73939E-06 4.01403E-06 9.38127E-08 -3.86028E-06 
4.85174E-07 4.38846E-06 2.05478E-05 -1.49771E-05 6.62683E-06 4.89479E-06 -1.43540E-05 1.10777E-05 4.38846E-06 4.85174E-07 2.32177E-05 
9.38730E-07 4.59876E-06 2.00402E-05 -1.54754E-05 5.60732E-06 3.80858E-06 -1.50254E-05 1.39561E-05 4.59876E-06 9.38730E-07 4.37270E-05 
1.23199E-06 4.60129E-06 1.93380E-05 -1.55691E-05 4.72179E-06 2.89304E-06 -1.52608E-05 1.63175E-05 4.60129E-06 1.23199E-06 5.69640E-05 
1.35452E-06 4.39109E-06 1.84470E-05 -1.53439E-05 3.90045E-06 2.07983E-06 -1.51505E-05 1.81384E-05 4.39109E-06 1.35452E-06 6.24342E-05 
1.30422E-06 3.97249E-06 1.73783E-05 -1.48733E-05 3.09059E-06 1.31687E-06 -1.47725E-05 1.94095E-05 3.97249E-06 1.30422E-06 6.02026E-05 
1.08788E-06 3.35953E-06 1.61486E-05 -1.42182E-05 2.25696E-06 5.68625E-07 -1.41917E-05 2.01374E-05 3.35953E-06 1.08788E-06 5.08931E-05 
7.21200E-07 2.57586E-06 1.47805E-05 -1.34263E-05 1.38138E-06 -1.84292E-07 -1.34595E-05 2.03436E-05 2.57586E-06 7.21200E-07 3.56439E-05 
2.28269E-07 1.65399E-06 1.33025E-05 -1.25331E-05 4.61633E-07 -9.46274E-07 -1.26146E-05 2.00648E-05 1.65399E-06 2.28269E-07 1.60210E-05 
-3.59410E-07 6.34178E-07 1.17479E-05 -1.15623E-05 -4.90383E-07 -1.70849E-06 -1.16833E-05 1.93507E-05 6.34178E-07 -3.59410E-07 -6.10145E-06 
-1.00445E-06 -4.37371E-07 1.01545E-05 -1.05279E-05 -1.45103E-06 -2.45126E-06 -1.06818E-05 1.82625E-05 -4.37371E-07 -1.00445E-06 -2.86837E-05 
-1.66543E-06 -1.51054E-06 8.56244E-06 -9.43580E-06 -2.38777E-06 -3.14673E-06 -9.61767E-06 1.68704E-05 -1.51054E-06 -1.66543E-06 -4.96729E-05 
-2.29914E-06 -2.53372E-06 7.01343E-06 -8.28608E-06 -3.26226E-06 -3.76197E-06 -8.49215E-06 1.52500E-05 -2.53372E-06 -2.29914E-06 -6.71546E-05 
-2.86278E-06 -3.45630E-06 5.54841E-06 -7.07527E-06 -4.03362E-06 -4.26197E-06 -7.30263E-06 1.34803E-05 -3.45630E-06 -2.86278E-06 -7.94894E-05 
---
